year,month,gid_2,est,se
2018,08,ESP.1.1_1,0,0.3639828065767441
2018,08,ESP.1.2_1,0,0.33536766610911
2018,08,ESP.1.3_1,0,0.3142893217686178
2018,08,ESP.1.4_1,0,0.3227695465501356
2018,08,ESP.1.5_1,0,0.3342569785774528
2018,08,ESP.1.6_1,0,0.3562666500332664
2018,08,ESP.1.7_1,0,0.34922479573758497
2018,08,ESP.1.8_1,0,0.33647171235218754
2018,08,ESP.10.1_1,0,0.33088439746304826
2018,08,ESP.10.2_1,0,0.3677148544921924
2018,08,ESP.10.3_1,0,0.32158111638343195
2018,08,ESP.11.1_1,0,0.3227695465501356
2018,08,ESP.11.2_1,0,0.35428310221702153
2018,08,ESP.12.1_1,0,0.35126540875438816
2018,08,ESP.12.2_1,0,0.34819569244928955
2018,08,ESP.12.3_1,0,0.3592005359475749
2018,08,ESP.12.4_1,0,0.33088439746304826
2018,08,ESP.13.1_1,0,0.362085771753194
2018,08,ESP.14.1_1,0,0.3203851535989872
2018,08,ESP.14.2_1,0,0.32860155048170264
2018,08,ESP.15.1_1,0,0.3502480173729377
2018,08,ESP.16.1_1,0,0.3450725649411658
2018,08,ESP.16.2_1,0.057,0.2319586273558386
2018,08,ESP.16.3_1,0.038,0.19129190414806527
2018,08,ESP.17.1_1,0.531,0.4992877810324305
2018,08,ESP.18.1_1,0,0.32860155048170264
2018,08,ESP.2.1_1,0,0.35428310221702153
2018,08,ESP.2.2_1,0,0.3408227694273963
2018,08,ESP.2.3_1,0,0.33313958333104454
2018,08,ESP.3.1_1,0.075,0.26352313834736496
2018,08,ESP.4.1_1,0,0.33756918246924283
2018,08,ESP.4.2_1,0,0.3251241389157466
2018,08,ESP.4.3_1,0,0.33647171235218754
2018,08,ESP.4.4_1,0,0.3227695465501356
2018,08,ESP.4.5_1,0,0.33536766610911
2018,08,ESP.5.1_1,0,0.3450725649411658
2018,08,ESP.5.2_1,0,0.32974646735443996
2018,08,ESP.5.3_1,0,0.32974646735443996
2018,08,ESP.5.4_1,0,0.35126540875438816
2018,08,ESP.5.5_1,0,0.3592005359475749
2018,08,ESP.5.6_1,0,0.3461196307619647
2018,08,ESP.5.7_1,0,0.3342569785774528
2018,08,ESP.5.8_1,0,0.3601676286407771
2018,08,ESP.5.9_1,0,0.31304631925323445
2018,08,ESP.6.1_1,0,0.3461196307619647
2018,08,ESP.6.2_1,0,0.3471606552023436
2018,08,ESP.6.3_1,0,0.35126540875438816
2018,08,ESP.6.4_1,0,0.34189456253630574
2018,08,ESP.7.1_1,0,0.33313958333104454
2018,08,ESP.8.1_1,0,0.3429600875052688
2018,08,ESP.9.1_1,0,0.33313958333104454
