ID_0,est,se
ESP,0.585305434,0.020521772779082903
