ID_0,est,se
ESP,0.578066810608,0.02056103110927094
