ID_0,est,se
ESP,0.9999999971272223,0.20862768680064483
