year,month,gid_2,est,se
2020,08,ESP.10.1_1,0.758,0.428508599236491
2020,08,ESP.10.2_1,0.747,0.43494847991478275
2020,08,ESP.10.3_1,0.84,0.366789496216201
2020,08,ESP.18.1_1,0.857,0.3502480173729377
2020,08,ESP.2.3_1,0.787,0.40963251677424095
2020,08,ESP.4.1_1,0.175,0.38015722999769386
2020,08,ESP.6.1_1,0.982,0.13301764429463367
2020,08,ESP.6.2_1,0.953,0.21174474216810163
2020,08,ESP.6.4_1,0.906,0.29197474077263813
