year,month,gid_2,est,se
2018,10,ESP.10.1_1,0.246,0.4308940353145651
2018,10,ESP.10.2_1,0.287,0.4525879316064844
2018,10,ESP.10.3_1,0.213,0.40963251677424095
2018,10,ESP.18.1_1,0.245,0.4303024054780082
2018,10,ESP.2.3_1,0.169,0.3749394345485409
2018,10,ESP.4.1_1,0.175,0.38015722999769386
2018,10,ESP.6.1_1,0.285,0.4516403203645341
2018,10,ESP.6.2_1,0.332,0.4711666350644939
2018,10,ESP.6.4_1,0.266,0.44208533049564025
