ID_1,est,se
ESP.1_1,0.08007404567370013,0.10051048291495591
ESP.10_1,0.04345700200000002,0.11566126673377565
ESP.11_1,0.023857000000000017,0.10884265940209906
ESP.12_1,0.019904000000000033,0.049517137390386615
ESP.13_1,0.010000000000000009,0.0995485304256668
ESP.14_1,0.013951999999999964,0.08319719305663635
ESP.15_1,0.010000000000000009,0.0995485304256668
ESP.16_1,0.017923000000000022,0.06258967007275623
ESP.17_1,0.008000000000000007,0.08912880535463237
ESP.18_1,0.009000000000000008,0.09448771310560929
ESP.2_1,0.029811000000000032,0.07931451950204504
ESP.3_1,0.010000000000000009,0.0995485304256668
ESP.4_1,0.023809504000000037,0.0534061786936276
ESP.5_1,0.04330966078000009,0.04561160705924116
ESP.6_1,0.050039099650000085,0.11195579431846157
ESP.7_1,0.08199999999999996,0.13725100304856733
ESP.8_1,0.009000000000000008,0.09448771310560929
ESP.9_1,0,0
