year,month,gid_2,est,se
2021,10,ESP.10.1_1,0.701,0.4580489153014215
2021,10,ESP.10.2_1,0.97,0.17067257872642908
2021,10,ESP.10.3_1,0.538,0.49880337288836046
