year,month,gid_1,est,se
2021,08,ESP.1_1,0.837005592109053,0.2694941390868248
2021,08,ESP.10_1,0.9525260412291334,0.18080456747692766
2021,08,ESP.11_1,0.5601259620170275,0.49676328353310795
2021,08,ESP.12_1,0.3888753163853123,0.47122186240745334
2021,08,ESP.13_1,0.988,0.1089747450371386
2021,08,ESP.14_1,0.5269852656190949,0.47517914209035067
2021,08,ESP.15_1,0.095,0.2934559087791889
2021,08,ESP.16_1,0.4303847841024764,0.28968944541732866
2021,08,ESP.17_1,0.9010000000000001,0.29890746341393504
2021,08,ESP.18_1,0.996,0.06317080789577066
2021,08,ESP.2_1,0.6496618627609437,0.339711763927246
2021,08,ESP.3_1,0.016,0.12557821535365918
2021,08,ESP.4_1,0.2747252855146777,0.3122555899353902
2021,08,ESP.5_1,0.19808146943013014,0.35583239151223417
2021,08,ESP.6_1,0.9789533690582801,0.0998729277915482
2021,08,ESP.7_1,0.562409665403366,0.46892041103703413
2021,08,ESP.8_1,1,0
2021,08,ESP.9_1,0.204,0.4033001502991804
