year,month,gid_1,est,se
2017,10,ESP.1_1,0.2903801789204365,0.3815475127961202
2017,10,ESP.10_1,0.6720476628700733,0.42506206092199667
2017,10,ESP.11_1,0,0.3893013685508382
2017,10,ESP.12_1,0,0.389327248652833
2017,10,ESP.13_1,0.92,0.27142894774447635
2017,10,ESP.14_1,0,0.4069071191311342
2017,10,ESP.15_1,0,0.04469897088298564
2017,10,ESP.16_1,0.03306277071417461,0.2947137125748386
2017,10,ESP.17_1,0,0.37929917989348183
2017,10,ESP.18_1,0.675,0.46860921309188386
2017,10,ESP.2_1,0.2673951812924733,0.38641643676609566
2017,10,ESP.3_1,0,0.40317061716666125
2017,10,ESP.4_1,0.007654573072527989,0.18413446243643464
2017,10,ESP.5_1,0,0.3852251010140603
2017,10,ESP.6_1,0.7307640031343806,0.3194821152759915
2017,10,ESP.8_1,0.03,0.17067257872642908
2017,10,ESP.9_1,0,0.05471740119919799
2017,10,ITA.10_1,0.06958040438638764,0.23640505431562228
2017,10,ITA.13_1,0.07727690282382978,0.26049335195901147
2017,10,ITA.15_1,0.115,0.31918157352340515
2017,10,ITA.8_1,0.23400000000000004,0.42358402168096876
