year,month,gid_1,est,se
2017,10,ESP.1_1,0.27993360278395374,0.37672707525250926
2017,10,ESP.10_1,0.7680945373984428,0.3852910359172046
2017,10,ESP.11_1,0,0.48770327385042334
2017,10,ESP.12_1,0,0.48846071964280774
2017,10,ESP.13_1,0.936,0.24495821485353855
2017,10,ESP.14_1,0,0.48589623060786424
2017,10,ESP.15_1,0,0.1330626270659555
2017,10,ESP.16_1,0.03149447115791125,0.27968423406886517
2017,10,ESP.17_1,0,0.4870034296739599
2017,10,ESP.18_1,0.773,0.41924391957472507
2017,10,ESP.2_1,0.26732195864476216,0.3581575128258048
2017,10,ESP.3_1,0,0.48347761892729124
2017,10,ESP.4_1,0.010257052659881137,0.1985891801470017
2017,10,ESP.5_1,0,0.4819637078723241
2017,10,ESP.6_1,0.767638695215356,0.33902137882172084
2017,10,ESP.8_1,0.035,0.1839338985174536
2017,10,ESP.9_1,0,0.13663922850376298
