ID_0,est,se
ALB,0,0
AUT,7.898,8.51611840872276
BEL,0,0
BGR,0,0
CHE,2.9050000000000002,1.3630562932736252
CHN,0,0
DEU,1.027,0.5208269076406089
ESP,0.8440000000000001,1.072457187390745
FRA,0,0
GRC,0,0
HRV,0.303,0.45978516983739526
HUN,0.515,1.9971297652309254
IND,0,0
ITA,0.109,0.3117951510466707
NLD,0.001,0.03162277660168379
PAK,0,0
PER,0,0
ROU,0.001,0.03162277660168379
SRB,0,0
SVN,0,0
TUR,0,0
USA,0,0
XKO,0,0
