year,month,gid_2,est,se
2017,04,ESP.1.1_1,0,0.3582280381646966
2017,04,ESP.1.2_1,0,0.37929917989348183
2017,04,ESP.1.3_1,0,0.3917045218432287
2017,04,ESP.1.4_1,0,0.3677148544921924
2017,04,ESP.1.5_1,0,0.39090767299812473
2017,04,ESP.1.6_1,0,0.3818596821043259
2017,04,ESP.1.7_1,0,0.36955049393495276
2017,04,ESP.1.8_1,0,0.38270414482007176
2017,04,ESP.10.1_1,0,0.36585906146062974
2017,04,ESP.10.2_1,0,0.3810107205436209
2017,04,ESP.10.3_1,0,0.38521083498181535
2017,04,ESP.11.1_1,0,0.35126540875438816
2017,04,ESP.11.2_1,0,0.3749394345485409
2017,04,ESP.12.1_1,0,0.3704608498090469
2017,04,ESP.12.3_1,0,0.35725009115132167
2017,04,ESP.12.4_1,0,0.37929917989348183
2017,04,ESP.13.1_1,0,0.3818596821043259
2017,04,ESP.14.1_1,0,0.3758207567993567
2017,04,ESP.14.2_1,0,0.3740533597174552
2017,04,ESP.15.1_1,0,0.3461196307619647
2017,04,ESP.16.1_1,0,0.239450070654273
2017,04,ESP.16.2_1,0.044,0.20519772441746548
2017,04,ESP.16.3_1,0.034,0.18131981931624816
2017,04,ESP.17.1_1,0.315,0.46474830929331096
2017,04,ESP.18.1_1,0,0.3601676286407771
2017,04,ESP.2.1_1,0,0.362085771753194
2017,04,ESP.2.2_1,0,0.36863517451796685
2017,04,ESP.2.3_1,0,0.366789496216201
2017,04,ESP.3.1_1,0,0.2261307920985887
2017,04,ESP.4.1_1,0,0.3758207567993567
2017,04,ESP.4.2_1,0,0.3758207567993567
2017,04,ESP.4.3_1,0,0.362085771753194
2017,04,ESP.4.4_1,0,0.3731624984510773
2017,04,ESP.4.5_1,0,0.3758207567993567
2017,04,ESP.5.2_1,0,0.3562666500332664
2017,04,ESP.5.3_1,0,0.35428310221702153
2017,04,ESP.5.5_1,0,0.3639828065767441
2017,04,ESP.5.7_1,0,0.36863517451796685
2017,04,ESP.5.8_1,0,0.36585906146062974
2017,04,ESP.5.9_1,0,0.3818596821043259
2017,04,ESP.6.1_1,0,0.37136627864268035
2017,04,ESP.6.2_1,0,0.3810107205436209
2017,04,ESP.6.3_1,0,0.3775692765024169
2017,04,ESP.6.4_1,0,0.3740533597174552
2017,04,ESP.7.1_1,0,0.38354413840665863
2017,04,ESP.8.1_1,0,0.3775692765024169
2017,04,ESP.9.1_1,0,0.37843653921656956
