year,month,gid_2,est,se
2017,04,ESP.1.1_1,0,0.3986915536538929
2017,04,ESP.1.2_1,0,0.39485048677557294
2017,04,ESP.1.3_1,0,0.403903624814309
2017,04,ESP.1.4_1,0,0.40094857495663927
2017,04,ESP.1.5_1,0,0.39485048677557294
2017,04,ESP.1.6_1,0,0.4053582555164201
2017,04,ESP.1.7_1,0,0.3963989557656934
2017,04,ESP.1.8_1,0,0.4082225442643334
2017,04,ESP.10.1_1,0,0.3868600013708585
2017,04,ESP.10.2_1,0,0.39716714584887525
2017,04,ESP.10.3_1,0,0.40094857495663927
2017,04,ESP.11.1_1,0,0.39944781706570703
2017,04,ESP.11.2_1,0,0.4067978422810088
2017,04,ESP.12.1_1,0,0.39407016036651554
2017,04,ESP.12.3_1,0,0.40020015012510946
2017,04,ESP.12.4_1,0,0.40317061716666125
2017,04,ESP.13.1_1,0,0.3963989557656934
2017,04,ESP.14.1_1,0,0.3893013685508382
2017,04,ESP.14.2_1,0,0.39716714584887525
2017,04,ESP.15.1_1,0,0.37929917989348183
2017,04,ESP.16.1_1,0,0.34922479573758497
2017,04,ESP.16.2_1,0.081,0.27297163499805893
2017,04,ESP.16.3_1,0.075,0.26352313834736496
2017,04,ESP.17.1_1,0.523,0.4997206426802086
2017,04,ESP.18.1_1,0,0.40317061716666125
2017,04,ESP.2.1_1,0,0.40317061716666125
2017,04,ESP.2.2_1,0,0.403903624814309
2017,04,ESP.2.3_1,0,0.3963989557656934
2017,04,ESP.3.1_1,0,0.3067068128833611
2017,04,ESP.4.1_1,0,0.3901066305296325
2017,04,ESP.4.2_1,0,0.40094857495663927
2017,04,ESP.4.3_1,0,0.40317061716666125
2017,04,ESP.4.4_1,0,0.41910219117375974
2017,04,ESP.4.5_1,0,0.3932857404911519
2017,04,ESP.5.2_1,0,0.38437969216355294
2017,04,ESP.5.3_1,0,0.387678080750375
2017,04,ESP.5.5_1,0,0.38849186082326864
2017,04,ESP.5.7_1,0,0.39562674393994207
2017,04,ESP.5.8_1,0,0.40020015012510946
2017,04,ESP.5.9_1,0,0.3924972026066607
2017,04,ESP.6.1_1,0,0.3924972026066607
2017,04,ESP.6.2_1,0,0.4060799193519681
2017,04,ESP.6.3_1,0,0.41033202698835536
2017,04,ESP.6.4_1,0,0.3963989557656934
2017,04,ESP.7.1_1,0,0.38354413840665863
2017,04,ESP.8.1_1,0,0.39407016036651554
2017,04,ESP.9.1_1,0,0.3917045218432287
2017,04,ITA.10.9_1,0,0.3677148544921924
2017,04,ITA.8.4_1,0,0.39485048677557294
