year,month,gid_3,est,se
2022,12,ESP.10.1.1_1,0.558,0.49687310541312546
2022,12,ESP.10.1.2_1,0.448,0.49753747953651045
2022,12,ESP.10.1.4_1,0.932,0.2518718710762269
2022,12,ESP.10.1.5_1,0.297,0.4571651780264984
2022,12,ESP.10.1.6_1,0.691,0.46231237570795436
2022,12,ESP.10.1.7_1,0.95,0.21805400144814482
2022,12,ESP.10.1.8_1,0.196,0.39716714584887525
2022,12,ESP.10.1.9_1,0.099,0.2988114594326802
2022,12,ESP.10.2.3_1,0.352,0.47783294604320065
2022,12,ESP.10.2.5_1,0.603,0.4895208173618673
2022,12,ESP.10.2.7_1,0.568,0.49560228169533443
2022,12,ESP.10.2.8_1,0.991,0.09448771310560929
2022,12,ESP.10.3.1_1,0.037,0.1888562063228706
2022,12,ESP.10.3.10_1,0.851,0.3562666500332664
2022,12,ESP.10.3.11_1,0.979,0.14345584540052586
2022,12,ESP.10.3.12_1,0.904,0.2947386484173239
2022,12,ESP.10.3.13_1,0.629,0.4833141758655467
2022,12,ESP.10.3.14_1,0.188,0.39090767299812473
2022,12,ESP.10.3.16_1,0.028,0.16505527329729044
2022,12,ESP.10.3.18_1,0.439,0.49651336892930237
2022,12,ESP.10.3.2_1,0.992,0.08912880535463237
2022,12,ESP.10.3.4_1,0.028,0.16505527329729044
2022,12,ESP.10.3.6_1,0.001,0.03162277660168379
2022,12,ESP.10.3.7_1,0.969,0.17340435135563662
2022,12,ESP.10.3.8_1,0.387,0.48730736549786363
