year,month,gid_1,est,se
2018,06,ESP.1_1,0.21808976110161918,0.28500314447501457
2018,06,ESP.10_1,0.8513469985262253,0.2789709998290021
2018,06,ESP.11_1,0,0.49434256210203864
2018,06,ESP.12_1,0,0.4942891862006074
2018,06,ESP.13_1,0.998,0.04469932847904386
2018,06,ESP.14_1,0,0.48970613527596135
2018,06,ESP.15_1,0.029000000000000005,0.16789174544747043
2018,06,ESP.16_1,0.012260696961864844,0.2895993455012966
2018,06,ESP.17_1,0,0.4929725209061048
2018,06,ESP.18_1,1,0
2018,06,ESP.2_1,0.3016336362643066,0.2160063097195716
2018,06,ESP.3_1,0,0.4929725209061048
2018,06,ESP.4_1,0.013878854854914862,0.28921631107902845
2018,06,ESP.5_1,0,0.4934398396892339
2018,06,ESP.6_1,0.6043628748900336,0.20108909259255464
2018,06,ESP.7_1,0,0.488665131237699
2018,06,ESP.8_1,0.029,0.16789174544747043
