year,month,gid_1,est,se
2018,06,ESP.1_1,0.3094030451522617,0.37989708253188736
2018,06,ESP.10_1,0.8684451134247935,0.33553988028575354
2018,06,ESP.11_1,0,0.4997238206617038
2018,06,ESP.12_1,0,0.49986140613376
2018,06,ESP.13_1,0.9613654652295139,0.20740826909932591
2018,06,ESP.14_1,0,0.4934254998240035
2018,06,ESP.15_1,0.08254656350661796,0.2745025551027939
2018,06,ESP.16_1,0.05531120961137291,0.3807193169636742
2018,06,ESP.17_1,0,0.4999949939489094
2018,06,ESP.18_1,0.995592089122502,0.10435484392026893
2018,06,ESP.2_1,0.32479682835978596,0.40598713590371704
2018,06,ESP.3_1,0,0.5001511279151065
2018,06,ESP.4_1,0.05014721512506521,0.36681039338722793
2018,06,ESP.5_1,0,0.4998448779331953
2018,06,ESP.6_1,0.7476235213866097,0.38831693169532844
2018,06,ESP.7_1,0,0.49412664045233123
2018,06,ESP.8_1,0.06945991319459316,0.25358146722019215
