ID_0,est,se
ALB,1,0.18629467310962683
ARG,0.9998174059345,0.33466370970911913
AUT,0.808503688,0.028777332577767593
BEL,0,0
BGR,0.9999999999998354,0.2916404534601932
BIH,0.98542,0.2775724559147604
BRA,0.907559,0.16928353312862854
CHE,0.789630136,0.34459850135181447
CHN,0.918772145338774,0.2771045306764419
COL,0.853,0.35428310221702153
DEU,0.793,0.20267912775821004
ESP,1,0.08221413332150537
FJI,0.9931291478673439,0.4945903553645376
FRA,0.9999984294553179,0.25817607504955054
GRC,0.293223,0.19301603850043753
GTM,0.779187,0.49658127612374814
HND,0.938,0.2412762197445372
HRV,1,0.3405160853269971
HUN,0.9439831519724852,0.056590430065364246
IND,0.03288108700000003,0.06355764502725401
ITA,1,0.18254579447371008
KOR,0.9641949999999999,0.35249340320443584
LKA,0.42100000000000004,0.49396660110072527
MEX,0,0
MMR,0.43900000000000006,0.4965133689293024
NLD,0.486,0.0014086029609367016
PAK,0,0
PAN,0,0
PER,0,0
PRT,0.99402260095,0.4399154652671983
PSE,0.07099999999999995,0.25695335184625445
ROU,0.55426,0.2240170563005104
SLB,0.826,0.37929917989348183
SRB,0.7357214894978048,0.2568294437670701
SVN,0.999498293856352,0.20372414476298553
THA,0.43300000000000005,0.4957385972029581
TUR,0.9997926922959705,0.2997843065952576
USA,0.47644744285830887,0.08204095254349195
XKO,0.763,0.4254550646214145
ZAF,0.46399999999999997,0.498951854343636
