ID_0,est,se
ESP,0.9999999999899951,0.11058314505621071
