year,month,gid_2,est,se
2017,09,ARG.24.2_1,0.034265000000000004,0.09198186160905458
2017,09,DOM.5.1_1,0.008811,0.04726749621230389
2017,09,GTM.7.7_1,0.072446,0.13101646255951868
2017,09,HND.8.4_1,0.062656,0.12249896729352036
2017,09,IND.20.26_1,0.008811,0.04726749621230389
2017,09,IND.34.1_1,0.08321500000000001,0.13958042810194535
2017,09,MEX.14.40_2,0.065593,0.1251361356516943
2017,09,MEX.14.99_2,0.063635,0.12338631667288338
2017,09,MEX.16.57_2,0.066572,0.1259989507712478
2017,09,MEX.17.7_2,0.012726999999999999,0.056693695735037936
2017,09,MEX.31.50_2,0.025453999999999997,0.07964722856669712
2017,09,MEX.4.5_2,0.033286,0.0907052736387753
2017,09,MEX.9.9_2,0.005874,0.03865212127388954
2017,09,PAK.7.5_1,0.00979,0.04979917102635736
2017,09,PER.13.11_1,0.311322,0.2330828197747475
2017,09,PRI.52_1,0.074404,0.13263168828870378
2017,09,PRI.65_1,0.005874,0.03865212127388954
2017,09,USA.10.43_1,9.79e-4,0.015819299929208316
2017,09,USA.5.19_1,9.79e-4,0.015819299929208316
2017,09,VEN.14.3_1,0.005874,0.03865212127388954
