year,month,gid_1,est,se
2016,08,ARG.24_1,0.0011046740742749962,0.0017397035733262905
2016,08,DOM.5_1,0.11445429804837703,0.3669079027165989
2016,08,GTM.7_1,0.01089803771622477,0.019060428196908053
2016,08,HND.8_1,0.0015892169042273662,0.0037658776659309553
2016,08,IND.20_1,1.090591777811496e-5,3.739008208560486e-5
2016,08,IND.34_1,3.292276604961281e-5,7.788500794890337e-5
2016,08,MEX.14_1,9.753885552462335e-5,2.8636675231141393e-4
2016,08,MEX.16_1,1.334907263530154e-4,3.9588397698627793e-4
2016,08,MEX.17_1,0.0026462762799249312,0.0062796603114563705
2016,08,MEX.31_1,3.595512811220049e-4,7.93160222783779e-4
2016,08,MEX.9_1,0.005653348189868768,0.0168057449843763
2016,08,PAK.7_1,1.564166643001561e-4,1.8714570901364177e-4
2016,08,PER.13_1,0.0014747058112937516,0.0020877671881375627
2016,08,PRI.52_1,0.21530501095603535,0.4325297044420832
2016,08,PRI.65_1,0.109850373928916,0.27399414111501036
2016,08,USA.5_1,7.979917951126115e-6,1.6532559975564772e-5
2016,08,VEN.14_1,7.644786740817756e-4,0.0017773469879562027
