ID_0,est,se
ALB,0,0
AUT,0.9999999998140164,0.36813253474008906
BEL,0,0
BGR,0,0
CHE,0.8618078212,0.4851450060385862
CHN,0,0
DEU,0.663549650137,0.2166251752334682
ESP,0.01394107,0.003748723001912294
FRA,0,0
GRC,0,0
HRV,0.4079999999999999,0.16390301257409579
HUN,0.9985232611733931,0.2309416842407121
IND,0,0
ITA,0.16921700000000006,0.005053719585058217
NLD,0.16500000000000004,0.0010461021933596628
PAK,0,0
PER,0,0
ROU,0.0040000000000000036,0.03157525925462841
SRB,0.03300000000000003,0.08936294386229526
SVN,0,0
TUR,0,0
USA,0,0
XKO,0,0
