ID_0,est,se
ALB,0,0
ARG,0.029,0.1678904023081343
AUT,0,0
BEL,0,0
BGR,0,0
CHN,0,0
DEU,0,0
DOM,0.022,0.1467567291047928
ESP,0,0
FRA,0,0
GRC,0,0
GTM,0.165,0.37136627864268035
HND,0.886,0.31797028965786267
HRV,0,0
HUN,0,0
IND,0.123,0.4083103788780375
ITA,0,0
MEX,0.8350000000000001,2.1240585292778715
NLD,0,0
PAK,0.168,0.5550532263522878
PER,1.502,0.8653003783338736
ROU,0,0
SRB,0,0
SVN,0,0
TUR,0,0
USA,0.136,0.3429600875052688
VEN,0.142,0.34922479573758497
XKO,0,0
