ID_0,est,se
ALB,0,0
ARG,0.192,0.39407016036651554
AUT,0,0
BEL,0,0
BGR,0,0
CHN,0,0
DEU,0,0
DOM,0.148,0.3552776691859794
ESP,0,0
FRA,0,0
GRC,0,0
GTM,0.173,0.3784365392165696
HND,0.155,0.362085771753194
HRV,0,0
HUN,0,0
IND,0.14800000000000002,0.4583719838774207
ITA,0,0
MEX,0.579,1.7847466979189222
NLD,0,0
PAK,0.018,0.18897542621121857
PER,1.172,0.9855898677377865
ROU,0,0
SRB,0,0
SVN,0,0
TUR,0,0
USA,0.004,0.06315051850925682
VEN,0.016,0.12553788177183714
XKO,0,0
