year,month,gid_1,est,se
2019,09,ESP.10_1,0.006,0.1546036054043391
2019,09,ESP.2_1,0.004973606014680498,0.09441130114458876
2019,09,ESP.6_1,0.0019930703065152845,0.07273783508743573
