year,month,gid_1,est,se
2021,11,ESP.1_1,0.48278824968119105,0.36283099634091115
2021,11,ESP.10_1,0.515415481484774,0.5001604222780583
2021,11,ESP.11_1,0.09210638297872341,0.28775302222878874
2021,11,ESP.12_1,0,0.15222654318638248
2021,11,ESP.13_1,0.5091155015197568,0.5002411830719671
2021,11,ESP.14_1,0.36640121580547114,0.4808192874533916
2021,11,ESP.16_1,0.4943275430387377,0.49973568157967385
2021,11,ESP.17_1,0.16093313069908816,0.36585906146062974
2021,11,ESP.18_1,0.8249088145896656,0.38849186082326864
2021,11,ESP.2_1,0.09614552050573462,0.2008091318866404
2021,11,ESP.3_1,0,0
2021,11,ESP.4_1,0,0.05831840714060734
2021,11,ESP.5_1,0,0.0768422746894115
2021,11,ESP.6_1,0.5677990547405025,0.4913252030048727
2021,11,ESP.8_1,0.999,0.11333068359382575
2021,11,ESP.9_1,0,0.04469897088298564
2021,11,ITA.1_1,0.10334334282903199,0.20363228344944934
2021,11,ITA.10_1,0.4284142002752255,0.47791982249599263
2021,11,ITA.11_1,0.2958035113393892,0.4091694015970285
2021,11,ITA.12_1,0,0.4739458034676798
2021,11,ITA.13_1,0.46841010597864496,0.49067325293902886
2021,11,ITA.14_1,0.446684652207321,0.49276845847899686
2021,11,ITA.15_1,0.47820004180728587,0.4931174079984568
2021,11,ITA.16_1,0.2513985361987168,0.3320919207087052
2021,11,ITA.17_1,0.544747173374562,0.49794536811878365
2021,11,ITA.18_1,0.24177907906626858,0.4133494948018165
2021,11,ITA.2_1,0.47777089427332214,0.4948014376378445
2021,11,ITA.20_1,0.4949581968721756,0.4992784474581835
2021,11,ITA.3_1,0,0
2021,11,ITA.4_1,0.5563758292029042,0.4932814980634561
2021,11,ITA.5_1,0.5123021892011546,0.5002030934281012
2021,11,ITA.6_1,0.29912256926244374,0.36300658443251854
2021,11,ITA.7_1,0,0.12944285637852626
2021,11,ITA.8_1,0.5396240782405065,0.4973970856582105
2021,11,ITA.9_1,0.40931027887845134,0.4643023491449471
