year,month,gid_1,est,se
2021,11,ESP.1_1,0.47130828897527766,0.42075036472104466
2021,11,ESP.10_1,0.5387331458367127,0.49855779182711124
2021,11,ESP.11_1,0.09688216892596455,0.2933616557443407
2021,11,ESP.12_1,0,0.12312348665228776
2021,11,ESP.13_1,0.5099061522419187,0.5002501876563868
2021,11,ESP.14_1,0.3538748696558915,0.4762539425745658
2021,11,ESP.16_1,0.5042173319494047,0.4988885409054549
2021,11,ESP.17_1,0.26107194994786237,0.4366401890053808
2021,11,ESP.18_1,0.6343232533889468,0.48513024163759505
2021,11,ESP.2_1,0.13776650181305808,0.3184852371320282
2021,11,ESP.3_1,0,0
2021,11,ESP.4_1,0,0.09635576024963183
2021,11,ESP.5_1,0,0.11689329926336552
2021,11,ESP.6_1,0.6555843314344484,0.43427864763037277
2021,11,ESP.8_1,0.6934723670490095,0.46670956473787617
2021,11,ESP.9_1,0,0.239450070654273
2021,11,ITA.1_1,0.1428927383634332,0.28726089232985164
2021,11,ITA.10_1,0.39968347834712736,0.4614330120477605
2021,11,ITA.11_1,0.28263555378368244,0.4210298551217135
2021,11,ITA.12_1,0,0.4184484425817584
2021,11,ITA.13_1,0.42994548695067514,0.47968486134725896
2021,11,ITA.14_1,0.3845771195160276,0.4754975460462682
2021,11,ITA.15_1,0.4487035340904952,0.48277318431046934
2021,11,ITA.16_1,0.24800839736908625,0.37297061998791564
2021,11,ITA.17_1,0.5381040079298502,0.4992894264946625
2021,11,ITA.18_1,0.2525681899333816,0.4260408395494224
2021,11,ITA.2_1,0.45628919473172946,0.48952557227440074
2021,11,ITA.20_1,0.4559849908140333,0.49360256375169714
2021,11,ITA.3_1,0,0.05227062922241913
2021,11,ITA.4_1,0.6145805421731082,0.48460238012294504
2021,11,ITA.5_1,0.5380160239334939,0.4975793565326019
2021,11,ITA.6_1,0.28838206620877893,0.3929970624818939
2021,11,ITA.7_1,0,0.21035461458612487
2021,11,ITA.8_1,0.5494899005945727,0.4892439735284916
2021,11,ITA.9_1,0.382058076580098,0.4678913033692893
