year,month,gid_4,est,se
2022,11,ESP.10.1.1.3_1,0.01,0.0995485304256668
2022,11,ESP.10.1.1.8_1,0.089,0.2848862231842041
2022,11,ESP.10.1.4.20_1,0.162,0.36863517451796685
2022,11,ESP.10.1.4.23_1,0.044,0.20519772441746548
2022,11,ESP.10.1.4.27_1,0.011,0.10435463521037237
2022,11,ESP.10.1.6.12_1,0.429,0.49518098126261295
2022,11,ESP.10.1.6.27_1,0.279,0.4487319471135974
2022,11,ESP.10.1.7.1_1,0.075,0.26352313834736496
2022,11,ESP.10.1.7.10_1,0.494,0.5002141683461337
2022,11,ESP.10.1.7.2_1,0.043,0.2029585972364615
2022,11,ESP.10.1.7.6_1,0.245,0.4303024054780082
2022,11,ESP.10.1.9.3_1,0.008,0.08912880535463237
2022,11,ESP.10.2.5.11_1,0.093,0.290577761426155
2022,11,ESP.10.2.7.2_1,0.555,0.49721446300587663
2022,11,ESP.10.2.7.6_1,0.017,0.1293357171384909
2022,11,ESP.10.2.8.8_1,0.05,0.21805400144814482
2022,11,ESP.10.3.1.14_1,0.029,0.1678904023081343
2022,11,ESP.10.3.13.9_1,0.354,0.4784484433174727
2022,11,ESP.10.3.4.1_1,0.023,0.1499783100768024
2022,11,ESP.10.3.7.19_1,0.992,0.08912880535463237
2022,11,ESP.10.3.7.2_1,0.137,0.3440194025768741
2022,11,ESP.10.3.7.4_1,0.988,0.10893974420691407
2022,11,ESP.10.3.8.5_1,0.119,0.32395052700056526
