year,month,gid_1,est,se
2018,07,ESP.1_1,0,0.3027206583583637
2018,07,ESP.10_1,0,0.29205267481683905
2018,07,ESP.11_1,0,0.2931346826499909
2018,07,ESP.12_1,0,0.3100138218860681
2018,07,ESP.13_1,0,0.3076864459141075
2018,07,ESP.14_1,0,0.27923834435531936
2018,07,ESP.15_1,0,0.3246643303115825
2018,07,ESP.16_1,0,0.17839065978109198
2018,07,ESP.17_1,0.698,0.43879673472964953
2018,07,ESP.18_1,0,0.2850789310610221
2018,07,ESP.2_1,0,0.30026273166988965
2018,07,ESP.3_1,0.075,0.14397403339145592
2018,07,ESP.4_1,0,0.3075000817158514
2018,07,ESP.5_1,0,0.3115954886422574
2018,07,ESP.6_1,0,0.32046429945378063
2018,07,ESP.7_1,0,0.28507893106102217
2018,07,ESP.8_1,0,0.28801530427227023
2018,07,ESP.9_1,0,0.3156692413604753
