year,month,gid_1,est,se
2018,07,ESP.1_1,0,0.24628329289819195
2018,07,ESP.10_1,0,0.24819813906262322
2018,07,ESP.11_1,0,0.2553898108528072
2018,07,ESP.12_1,0,0.262556091837211
2018,07,ESP.13_1,0,0.25691045584707195
2018,07,ESP.14_1,0,0.23761100525179635
2018,07,ESP.15_1,0,0.27415167503429694
2018,07,ESP.16_1,0.035133626192178184,0.13970884494111263
2018,07,ESP.17_1,0.507,0.5002011607355596
2018,07,ESP.18_1,0,0.2348941233505098
2018,07,ESP.2_1,0,0.24704509853671203
2018,07,ESP.3_1,0,0.13691989934921714
2018,07,ESP.4_1,0,0.26312759743960645
2018,07,ESP.5_1,0,0.2674365946821329
2018,07,ESP.6_1,0,0.2454581108364641
2018,07,ESP.7_1,0,0.24698479363994438
2018,07,ESP.8_1,0,0.27110391782411863
2018,07,ESP.9_1,0,0.2695659496623033
2018,07,ITA.10_1,0,0.11431629854062066
2018,07,ITA.13_1,0,0.26013446474837104
2018,07,ITA.14_1,0,0.23715838966054764
2018,07,ITA.16_1,0,0.2633177927892533
2018,07,ITA.18_1,0,0.2633177927892534
2018,07,ITA.6_1,0,0.23311929788626107
2018,07,ITA.8_1,0,0.29027354903408764
2018,07,ITA.9_1,0,0.23133210415090877
