year,month,gid_1,est,se
2018,07,ESP.1_1,0,0.27878883295661094
2018,07,ESP.10_1,0,0.30212538023658403
2018,07,ESP.11_1,0,0.26496074570932815
2018,07,ESP.12_1,0,0.3123747965421583
2018,07,ESP.13_1,0,0.2814335047001916
2018,07,ESP.14_1,0,0.266256886770367
2018,07,ESP.15_1,0,0.31253838399936223
2018,07,ESP.16_1,0.025042446252010853,0.15821962588916005
2018,07,ESP.17_1,0.667,0.4563630100454297
2018,07,ESP.18_1,0,0.26914827569759214
2018,07,ESP.2_1,0,0.3074147989567983
2018,07,ESP.3_1,0.077,0.1428562510874617
2018,07,ESP.4_1,0,0.29702564094320977
2018,07,ESP.5_1,0,0.2896535056027211
2018,07,ESP.6_1,0,0.3069550305529958
2018,07,ESP.7_1,0,0.3071561718027366
2018,07,ESP.8_1,0,0.3112036423516009
2018,07,ESP.9_1,0,0.2946122309992131
