year,month,gid_1,est,se
2018,07,ESP.1_1,0,0.44831384470915786
2018,07,ESP.10_1,0,0.44216507442030156
2018,07,ESP.11_1,0,0.44649288150087463
2018,07,ESP.12_1,0,0.4409426975061452
2018,07,ESP.13_1,0,0.44521254947969985
2018,07,ESP.14_1,0,0.44108308897864235
2018,07,ESP.15_1,0,0.43664018900538076
2018,07,ESP.16_1,0.07680869063068022,0.37144481091577686
2018,07,ESP.17_1,0.953,0.21174474216810163
2018,07,ESP.18_1,0,0.4497123983628217
2018,07,ESP.2_1,0,0.44339264372853376
2018,07,ESP.3_1,0,0.48707416400507353
2018,07,ESP.4_1,0,0.443099963585994
2018,07,ESP.5_1,0,0.44531826911476485
2018,07,ESP.6_1,0,0.4418029215582564
2018,07,ESP.7_1,0,0.4467377022085494
2018,07,ESP.8_1,0,0.44823756749843824
2018,07,ESP.9_1,0,0.4457237593730782
2018,07,ITA.10_1,0,0.43955770896528906
2018,07,ITA.13_1,0,0.43494847991478275
2018,07,ITA.14_1,0,0.4432882214289735
2018,07,ITA.16_1,0,0.4415540396938635
2018,07,ITA.18_1,0,0.4332293707583636
2018,07,ITA.5_1,0,0.4477404063421923
2018,07,ITA.6_1,0,0.4404827181911057
2018,07,ITA.8_1,0,0.4530576798391804
2018,07,ITA.9_1,0,0.4410198391212106
