year,month,gid_1,est,se
2018,07,ESP.1_1,0,0.358519106830677
2018,07,ESP.10_1,0,0.3541618459621661
2018,07,ESP.11_1,0,0.3715577761018922
2018,07,ESP.12_1,0,0.3749052077974616
2018,07,ESP.13_1,0,0.3594442052248944
2018,07,ESP.14_1,0,0.34104033035846343
2018,07,ESP.15_1,0,0.3683802533168541
2018,07,ESP.16_1,0.05320299521000747,0.2939308980409764
2018,07,ESP.17_1,0.468,0.49898952504111355
2018,07,ESP.18_1,0,0.3778275610056663
2018,07,ESP.2_1,0,0.3594136195509004
2018,07,ESP.3_1,0.137,0.3076410770925149
2018,07,ESP.4_1,0,0.36570161757275715
2018,07,ESP.5_1,0,0.365494071886756
2018,07,ESP.6_1,0,0.35390477847681817
2018,07,ESP.7_1,0,0.33999009189423257
2018,07,ESP.8_1,0,0.3424665729159205
2018,07,ESP.9_1,0,0.3876668642679676
