year,month,gid_2,est,se
2022,03,ESP.10.1_1,0.396,0.48930912869414506
2022,03,ESP.10.2_1,0.429,0.49518098126261295
2022,03,ESP.10.3_1,0.965,0.18387171834952978
