year,month,gid_2,est,se
2021,08,ESP.1.1_1,0.98,0.14007005254378832
2021,08,ESP.1.2_1,0.95,0.21805400144814482
2021,08,ESP.1.3_1,0.627,0.48384409173317916
2021,08,ESP.1.4_1,0.92,0.27142894774447635
2021,08,ESP.1.5_1,0.547,0.4980351785155734
2021,08,ESP.1.6_1,0.786,0.41033202698835536
2021,08,ESP.1.7_1,0.993,0.08341437500789632
2021,08,ESP.1.8_1,1,0
2021,08,ESP.10.1_1,0.999,0.03162277660168379
2021,08,ESP.10.2_1,0.973,0.162164414398774
2021,08,ESP.10.3_1,0.942,0.2338604085575211
2021,08,ESP.11.1_1,0.582,0.49347696959383985
2021,08,ESP.11.2_1,0.579,0.49396660110072527
2021,08,ESP.12.1_1,0.598,0.4905472827736758
2021,08,ESP.12.2_1,0.297,0.4571651780264984
2021,08,ESP.12.3_1,0.274,0.44623214039681536
2021,08,ESP.12.4_1,0.375,0.48436516143258035
2021,08,ESP.13.1_1,0.993,0.08341437500789632
2021,08,ESP.14.1_1,0.673,0.46935199082489393
2021,08,ESP.14.2_1,0.34,0.47394580346767984
2021,08,ESP.15.1_1,0.106,0.30799165387857325
2021,08,ESP.16.1_1,0.049,0.21597603025716916
2021,08,ESP.16.2_1,0.986,0.11754921445002436
2021,08,ESP.16.3_1,0.464,0.498951854343636
2021,08,ESP.17.1_1,0.901,0.2988114594326802
2021,08,ESP.18.1_1,0.991,0.09448771310560929
2021,08,ESP.2.1_1,0.778,0.4157990967870047
2021,08,ESP.2.2_1,0.165,0.37136627864268035
2021,08,ESP.2.3_1,0.929,0.25695335184625445
2021,08,ESP.3.1_1,0.017,0.1293357171384909
2021,08,ESP.4.1_1,0.433,0.4957385972029581
2021,08,ESP.4.2_1,0.022,0.1467567291047928
2021,08,ESP.4.3_1,0.141,0.34819569244928955
2021,08,ESP.4.4_1,0.027,0.162164414398774
2021,08,ESP.4.5_1,0.783,0.4124088760939574
2021,08,ESP.5.1_1,0.045,0.20740785428237288
2021,08,ESP.5.3_1,0.11,0.31304631925323445
2021,08,ESP.5.4_1,0.107,0.30926792049394103
2021,08,ESP.5.5_1,0.182,0.3860375953518323
2021,08,ESP.5.6_1,0.031,0.17340435135563662
2021,08,ESP.5.7_1,0.487,0.5000810745080052
2021,08,ESP.5.8_1,0.1,0.3001501125938321
2021,08,ESP.5.9_1,0.418,0.49347696959383985
2021,08,ESP.6.1_1,1,0
2021,08,ESP.6.2_1,0.999,0.03162277660168379
2021,08,ESP.6.3_1,0.953,0.21174474216810163
2021,08,ESP.6.4_1,1,0
2021,08,ESP.7.1_1,0.624,0.4846223879051182
2021,08,ESP.7.2_1,0.239,0.42668613881993056
2021,08,ESP.8.1_1,1,0
2021,08,ESP.9.1_1,0.196,0.39716714584887525
