year,month,gid_2,est,se
2021,08,ESP.1.1_1,0.496,0.5002341793942455
2021,08,ESP.1.2_1,0.499,0.500249187155011
2021,08,ESP.1.3_1,0.38,0.48562931937418674
2021,08,ESP.1.4_1,0.486,0.5000540511325291
2021,08,ESP.1.5_1,0.392,0.4884409632438444
2021,08,ESP.1.6_1,0.497,0.5002411830719671
2021,08,ESP.1.7_1,0.559,0.49675523728066096
2021,08,ESP.1.8_1,0.992,0.08912880535463237
2021,08,ESP.10.1_1,0.696,0.4602127723084137
2021,08,ESP.10.2_1,0.514,0.5000540511325291
2021,08,ESP.10.3_1,0.495,0.50022517452166
2021,08,ESP.11.1_1,0.347,0.4762539425745658
2021,08,ESP.11.2_1,0.352,0.47783294604320065
2021,08,ESP.12.1_1,0.41,0.4920794063381866
2021,08,ESP.12.2_1,0.33,0.47044800065609943
2021,08,ESP.12.3_1,0.248,0.432067914433232
2021,08,ESP.12.4_1,0.357,0.4793545460103417
2021,08,ESP.13.1_1,0.489,0.500129112459102
2021,08,ESP.14.1_1,0.141,0.34819569244928955
2021,08,ESP.14.2_1,0.095,0.2933616557443407
2021,08,ESP.15.1_1,0.126,0.3320154126456093
2021,08,ESP.16.1_1,0.13,0.33647171235218754
2021,08,ESP.16.2_1,0.514,0.5000540511325291
2021,08,ESP.16.3_1,0.445,0.49721446300587663
2021,08,ESP.17.1_1,0.481,0.4998888765404656
2021,08,ESP.18.1_1,0.792,0.4060799193519681
2021,08,ESP.2.1_1,0.484,0.49999399395792143
2021,08,ESP.2.2_1,0.285,0.4516403203645341
2021,08,ESP.2.3_1,0.521,0.49980877224075293
2021,08,ESP.3.1_1,0.039,0.19369180807797864
2021,08,ESP.4.1_1,0.211,0.4082225442643334
2021,08,ESP.4.2_1,0.014,0.11754921445002436
2021,08,ESP.4.3_1,0.082,0.27450200609713465
2021,08,ESP.4.4_1,0.012,0.10893974420691407
2021,08,ESP.4.5_1,0.328,0.46971974265154814
2021,08,ESP.5.1_1,0.032,0.17608806605504818
2021,08,ESP.5.3_1,0.135,0.34189456253630574
2021,08,ESP.5.4_1,0.139,0.3461196307619647
2021,08,ESP.5.5_1,0.239,0.42668613881993056
2021,08,ESP.5.6_1,0.042,0.20068950215762726
2021,08,ESP.5.7_1,0.366,0.4819504915199032
2021,08,ESP.5.8_1,0.158,0.36492351139542817
2021,08,ESP.5.9_1,0.243,0.4291097005838194
2021,08,ESP.6.1_1,0.993,0.08341437500789632
2021,08,ESP.6.2_1,0.731,0.4436618485241162
2021,08,ESP.6.3_1,0.492,0.5001861515337926
2021,08,ESP.6.4_1,0.827,0.37843653921656956
2021,08,ESP.7.1_1,0.405,0.4911376754192415
2021,08,ESP.7.2_1,0.249,0.43265018916693676
2021,08,ESP.8.1_1,0.501,0.500249187155011
2021,08,ESP.9.1_1,0.262,0.4399426662072566
