ID_0,est,se
ALB,1,0.3069682221564314
ARG,0.657457256693236,0.27876311941746384
AUT,0.54467716,0.05146443687154423
BEL,0,0
BGR,0.9999991508273888,0.4377652860689705
BIH,0.926064292,0.31278529995456844
BRA,0.08720271099999999,0.145085260428299
CHE,0.85826512,0.47260816414283224
CHN,0.816762323895202,0.23969332462884166
COL,0.237,0.4254550646214145
DEU,0.538,0.24940168644418023
ESP,1,0.08041399386641163
FJI,0.9939431400744165,0.4957385972029581
FRA,0.9999941591682663,0.38970911349161347
GRC,0.51314734,0.30100045427778405
GTM,0.980607,0.35040039397117934
HND,0.30499999999999994,0.4606378047741926
HRV,0.9997738945339414,0.46780388246082333
HUN,0.9993776995790499,0.21428137475896997
IND,0.829962652,0.16435260599400833
ITA,1,0.25162942374078306
KOR,0.90144,0.43882302307826826
LKA,0.05899999999999994,0.23574260237507896
MEX,0.16310800000000003,0.25558745202962757
MMR,0.59,0.4920794063381866
NLD,0.852944,0.00273896444022158
PAK,0,0
PAN,0.04600000000000004,0.2095899041650812
PER,0.0050000000000000044,0.02352299107015654
PRT,0.99993649924,0.3751731081829939
PSE,0.07199999999999995,0.2586172517116422
ROU,0.642774626,0.3908317988931578
SLB,0.371,0.4833141758655467
SRB,0.9870902696712657,0.40686123770274324
SVN,0.6153564,0.18784424350416593
THA,0.42900000000000005,0.49518098126261295
TUR,1,0.2419700026376399
USA,0.8022136152698803,0.2232165135076824
XKO,0.758,0.428508599236491
ZAF,0.019000000000000017,0.13659303663678343
