year,month,gid_2,est,se
2018,06,ESP.1.1_1,0,0.40963251677424095
2018,06,ESP.1.2_1,0,0.4117201883725323
2018,06,ESP.1.3_1,0,0.41713067256915787
2018,06,ESP.1.4_1,0,0.3986915536538929
2018,06,ESP.1.5_1,0,0.41033202698835536
2018,06,ESP.1.6_1,0,0.3917045218432287
2018,06,ESP.1.7_1,0,0.4082225442643334
2018,06,ESP.1.8_1,0,0.41377555535605315
2018,06,ESP.10.1_1,0,0.39793133748091436
2018,06,ESP.10.2_1,0,0.387678080750375
2018,06,ESP.10.3_1,0,0.40020015012510946
2018,06,ESP.11.1_1,0,0.40169311340544206
2018,06,ESP.11.2_1,0,0.39562674393994207
2018,06,ESP.12.1_1,0,0.4060799193519681
2018,06,ESP.12.3_1,0,0.4130939925085411
2018,06,ESP.12.4_1,0,0.4060799193519681
2018,06,ESP.13.1_1,0,0.4110279113928201
2018,06,ESP.14.1_1,0,0.39944781706570703
2018,06,ESP.14.2_1,0,0.4060799193519681
2018,06,ESP.15.1_1,0,0.4053582555164201
2018,06,ESP.16.1_1,0,0.26352313834736496
2018,06,ESP.16.2_1,0.068,0.2518718710762269
2018,06,ESP.16.3_1,0.05,0.21805400144814482
2018,06,ESP.17.1_1,0.539,0.49872610491905045
2018,06,ESP.18.1_1,0,0.4082225442643334
2018,06,ESP.2.1_1,0,0.40169311340544206
2018,06,ESP.2.2_1,0,0.39716714584887525
2018,06,ESP.2.3_1,0,0.3963989557656934
2018,06,ESP.3.1_1,0,0.24664921616708177
2018,06,ESP.4.1_1,0,0.39090767299812473
2018,06,ESP.4.2_1,0,0.3766973598273565
2018,06,ESP.4.3_1,0,0.3749394345485409
2018,06,ESP.4.4_1,0,0.3963989557656934
2018,06,ESP.4.5_1,0,0.4060799193519681
2018,06,ESP.5.1_1,0,0.38521083498181535
2018,06,ESP.5.2_1,0,0.4130939925085411
2018,06,ESP.5.3_1,0,0.38270414482007176
2018,06,ESP.5.4_1,0,0.39944781706570703
2018,06,ESP.5.5_1,0,0.40094857495663927
2018,06,ESP.5.6_1,0,0.41033202698835536
2018,06,ESP.5.8_1,0,0.3963989557656934
2018,06,ESP.5.9_1,0,0.39562674393994207
2018,06,ESP.6.1_1,0,0.3932857404911519
2018,06,ESP.6.2_1,0,0.39793133748091436
2018,06,ESP.6.3_1,0,0.387678080750375
2018,06,ESP.6.4_1,0,0.403903624814309
2018,06,ESP.7.2_1,0,0.40020015012510946
2018,06,ESP.8.1_1,0,0.40094857495663927
