year,month,gid_1,est,se
2018,05,AUT.9_1,0,0.16651326635052002
2018,05,BEL.2_1,0,0.23059875789405765
2018,05,BEL.3_1,0,0.21643902757345707
2018,05,BGR.21_1,0,0.20447041712392003
2018,05,BGR.5_1,0,0.25062424912870185
2018,05,BIH.2_1,0,0.24725868586277755
2018,05,BIH.3_1,0,0.25062424912870185
2018,05,CHE.16_1,0,0.22594703675973496
2018,05,CHE.2_1,0,0.21837301986869315
2018,05,CHE.5_1,0,0.19181882310814177
2018,05,DEU.1_1,0,0.23862043344324452
2018,05,DEU.14_1,0,0.23862043344324452
2018,05,DEU.2_1,0,0.14242294796947894
2018,05,DEU.3_1,0,0.19397864597122755
2018,05,DEU.7_1,0,0.2088933610286248
2018,05,ESP.1_1,0,0.21983938733447161
2018,05,ESP.10_1,0,0.22104426395819926
2018,05,ESP.11_1,0,0.21290327412139637
2018,05,ESP.12_1,0,0.2272704352842513
2018,05,ESP.13_1,0,0.20853170716011762
2018,05,ESP.14_1,0,0.22660806185563223
2018,05,ESP.15_1,0,0.24725868586277755
2018,05,ESP.16_1,0,0.10483630912283409
2018,05,ESP.17_1,0.312,0.45685640487463586
2018,05,ESP.18_1,0,0.24384262938004136
2018,05,ESP.2_1,0,0.22030655580268002
2018,05,ESP.3_1,0.086,0.24037451992388606
2018,05,ESP.4_1,0,0.22413082743653448
2018,05,ESP.5_1,0,0.2162476024930406
2018,05,ESP.6_1,0,0.21988520074949594
2018,05,ESP.7_1,0,0.22780149403979424
2018,05,ESP.8_1,0,0.22964087731141433
2018,05,ESP.9_1,0,0.24725868586277755
2018,05,FRA.10_1,0,0.2636099704302669
2018,05,FRA.11_1,0,0.22605430978187374
2018,05,FRA.12_1,0,0.23507112064456723
2018,05,FRA.13_1,0,0.20033339574415573
2018,05,FRA.8_1,0,0.23925382180879368
2018,05,GBR.1_1,0,0.22055494448389598
2018,05,GRC.3_1,0,0.23862043344324452
2018,05,GRC.4_1,0,0.24384262938004136
2018,05,HRV.11_1,0,0.21524065523937946
2018,05,HRV.21_1,0,0.2125203020284585
2018,05,HRV.3_1,0,0.22780149403979424
2018,05,ITA.10_1,0,0.21837301986869315
2018,05,ITA.15_1,0,0.20447041712392003
2018,05,ITA.16_1,0,0.24384262938004136
2018,05,ITA.17_1,0,0.2489476849964491
2018,05,ITA.8_1,0,0.24037451992388606
2018,05,MLT.3_1,0,0.20280829547297974
2018,05,NLD.8_1,0,0.20959184570187994
2018,05,POL.11_1,0,0.2125203020284585
2018,05,PRT.1_1,0,0.21643902757345707
2018,05,PRT.12_1,0,0.2125203020284585
2018,05,PRT.14_1,0,0.22780149403979424
2018,05,PRT.15_1,0,0.22025652440528623
2018,05,PRT.18_1,0,0.22219182824584593
2018,05,PRT.8_1,0,0.24037451992388606
2018,05,PRT.9_1,0,0.24037451992388606
2018,05,RUS.43_1,0,0.2346516183234754
2018,05,SRB.3_1,0,0.21320334727699203
2018,05,SVN.1_1,0,0.22594703675973496
