year,month,gid_1,est,se
2018,05,ESP.1_1,0,0.3323676902346593
2018,05,ESP.10_1,0,0.3344905228769844
2018,05,ESP.11_1,0,0.3165527694987792
2018,05,ESP.12_1,0,0.33728875634071276
2018,05,ESP.13_1,0,0.35074208520506084
2018,05,ESP.14_1,0,0.3291791137544241
2018,05,ESP.15_1,0,0.3182195664029531
2018,05,ESP.16_1,0,0.08446568682593303
2018,05,ESP.17_1,0.489,0.500071236973122
2018,05,ESP.18_1,0,0.34390780162629964
2018,05,ESP.2_1,0,0.33170402373900926
2018,05,ESP.3_1,0.074,0.14407563435078682
2018,05,ESP.4_1,0,0.3262829636633799
2018,05,ESP.5_1,0,0.3311077413132772
2018,05,ESP.6_1,0,0.33159900576720613
2018,05,ESP.7_1,0,0.34620970594983375
2018,05,ESP.8_1,0,0.34620970594983375
2018,05,ESP.9_1,0,0.35952853640730725
