year,month,gid_1,est,se
2018,05,ESP.1_1,0,0.30657692102719053
2018,05,ESP.10_1,0,0.3039340265580821
2018,05,ESP.11_1,0,0.3196812127742262
2018,05,ESP.12_1,0,0.32356012145592805
2018,05,ESP.13_1,0,0.3156692413604753
2018,05,ESP.14_1,0,0.30371731273532143
2018,05,ESP.15_1,0,0.30083351729448654
2018,05,ESP.16_1,0,0.06351075924765082
2018,05,ESP.17_1,0.7010000000000001,0.43683045334364984
2018,05,ESP.18_1,0,0.30496758307379684
2018,05,ESP.2_1,0,0.30579931127644744
2018,05,ESP.3_1,0.073,0.13907145383427186
2018,05,ESP.4_1,0,0.3032743698154041
2018,05,ESP.5_1,0,0.29864665345074404
2018,05,ESP.6_1,0,0.3234232221699843
2018,05,ESP.7_1,0,0.3156692413604753
2018,05,ESP.8_1,0,0.2850789310610221
2018,05,ESP.9_1,0,0.29235899507758206
