year,month,gid_1,est,se
2020,03,AND.4_1,0,0.30411097231682305
2020,03,BEL.2_1,0,0.2810276141319025
2020,03,CYP.2_1,0,0.27902124086322333
2020,03,CYP.4_1,0,0.27752661317614397
2020,03,DEU.1_1,0,0.2954696191970787
2020,03,DEU.10_1,0,0.3001501125938322
2020,03,ESP.1_1,0,0.2836273152740271
2020,03,ESP.10_1,0,0.3034773234771581
2020,03,ESP.11_1,0,0.2877530222287888
2020,03,ESP.12_1,0,0.2885133275085233
2020,03,ESP.13_1,0,0.27142894774447635
2020,03,ESP.14_1,0,0.29473864841732395
2020,03,ESP.15_1,0,0.2988114594326803
2020,03,ESP.16_1,0,0.2925958407982915
2020,03,ESP.17_1,0,0.29610585721778404
2020,03,ESP.18_1,0,0.27752661317614397
2020,03,ESP.2_1,0,0.2950475296261906
2020,03,ESP.3_1,0,0.28050433629924987
2020,03,ESP.4_1,0,0.2892141219082185
2020,03,ESP.5_1,0,0.2917341325240465
2020,03,ESP.6_1,0,0.29748028101770535
2020,03,ESP.8_1,0,0.3155242550986462
2020,03,ESP.9_1,0,0.28488622318420415
2020,03,FRA.1_1,0,0.31053571844867134
2020,03,FRA.13_1,0,0.27752661317614397
2020,03,FRA.8_1,0,0.28343665312788385
2020,03,GBR.1_1,0,0.3001501125938322
2020,03,GRC.3_1,0,0.29057776142615505
2020,03,HUN.11_1,0,0.21174474216810163
2020,03,ITA.10_1,0,0.2919747407726382
2020,03,ITA.16_1,0,0.28488622318420415
2020,03,ITA.20_1,0,0.11754921445002438
2020,03,ITA.6_1,0,0.28278410626402917
2020,03,ITA.8_1,0,0.3001501125938322
2020,03,NLD.10_1,0,0.3001501125938322
2020,03,NLD.11_1,0,0.2913103172745264
2020,03,NLD.12_1,0,0.2974634170523907
2020,03,NLD.14_1,0,0.2819693258449622
2020,03,NLD.2_1,0,0.2935097324947867
2020,03,NLD.4_1,0,0.28876350525654204
2020,03,NLD.8_1,0,0.29531339280558616
2020,03,NLD.9_1,0,0.2987240966007976
2020,03,PRT.12_1,0,0.31797028965786267
2020,03,SVN.5_1,0,0.29610585721778404
2020,03,SWE.16_1,0,0.2891705718423292
2020,03,SWE.21_1,0,0.30541328929383094
2020,03,SWE.5_1,0,0.29057776142615505
2020,03,ZNC.5_1,0,0.28050433629924987
