year,month,gid_1,est,se
2020,03,AND.4_1,0,0.38727983814483247
2020,03,BEL.2_1,0,0.3693575254740443
2020,03,CYP.1_1,0,0.3912418477607822
2020,03,CYP.2_1,0,0.38117505998494844
2020,03,CYP.4_1,0,0.3822061623128713
2020,03,DEU.1_1,0,0.3686196717147497
2020,03,DEU.10_1,0,0.3822061623128713
2020,03,ESP.1_1,0,0.3593095663947151
2020,03,ESP.10_1,0,0.3635653203733284
2020,03,ESP.11_1,0,0.37814677977074773
2020,03,ESP.12_1,0,0.3812701182295664
2020,03,ESP.13_1,0,0.3616510086681353
2020,03,ESP.14_1,0,0.36503479147764023
2020,03,ESP.15_1,0,0.35472211135575515
2020,03,ESP.16_1,0,0.3716322765751694
2020,03,ESP.17_1,0,0.4062547028929087
2020,03,ESP.18_1,0,0.3769953601067988
2020,03,ESP.2_1,0,0.36397825069209067
2020,03,ESP.3_1,0,0.36946446981006636
2020,03,ESP.4_1,0,0.39146555092657603
2020,03,ESP.5_1,0,0.3736194521939404
2020,03,ESP.6_1,0,0.36221709336097563
2020,03,ESP.8_1,0,0.3582136960097111
2020,03,ESP.9_1,0,0.38117505998494855
2020,03,FRA.1_1,0,0.39319099408575636
2020,03,FRA.13_1,0,0.38117505998494855
2020,03,FRA.8_1,0,0.3727260988826616
2020,03,GRC.3_1,0,0.37055741210443316
2020,03,HUN.11_1,0,0.39891288531552466
2020,03,ITA.10_1,0,0.24694217389135428
2020,03,ITA.16_1,0,0.37055741210443316
2020,03,ITA.20_1,0,0.20600811754004633
2020,03,ITA.6_1,0,0.3651312956393024
2020,03,ITA.8_1,0,0.3487801011071629
2020,03,NLD.10_1,0,0.36051122167319577
2020,03,NLD.11_1,0,0.3794290826120722
2020,03,NLD.12_1,0,0.36615094825049355
2020,03,NLD.14_1,0,0.36706913795242424
2020,03,NLD.2_1,0,0.3844115307265079
2020,03,NLD.4_1,0,0.3582406406641607
2020,03,NLD.8_1,0,0.3680790021939873
2020,03,NLD.9_1,0,0.3701609245933638
2020,03,PRT.12_1,0,0.3862759428248742
2020,03,ZNC.5_1,0,0.3822061623128713
