year,month,gid_2,est,se
2022,04,HUN.10.2_1,0.013790735930735931,0.03827563207704679
2022,04,HUN.10.4_1,0.0034507359307359305,5.027641627316358e-4
2022,04,HUN.10.6_1,0.003685735930735931,0.0016217570763754224
2022,04,HUN.12.1_1,0.005800735930735931,0.010938963463885506
2022,04,HUN.13.3_1,0.00603573593073593,0.011901538509392668
2022,04,HUN.14.11_1,0.0025107359307359315,-0.004177467657402473
2022,04,HUN.14.12_1,0.01026573593073593,0.02738162218390283
2022,04,HUN.14.14_1,0.004860735930735929,0.006952399209222576
2022,04,HUN.14.15_1,0.01567073593073593,0.04353410957529727
2022,04,HUN.14.2_1,0.005095735930735931,0.007970464805546553
2022,04,HUN.14.4_1,0.004155735930735932,0.003804674925070345
2022,04,HUN.14.5_1,0.00298073593073593,-0.0017945450203049323
2022,04,HUN.14.6_1,0.0067407359307359305,0.014714611715592314
2022,04,HUN.14.7_1,0.005800735930735931,0.010938963463885506
2022,04,HUN.14.8_1,0.0013357359307359306,-0.010573280989969857
2022,04,HUN.14.9_1,0.005330735930735931,0.008973903840814194
2022,04,HUN.16.9_1,0.00791573593073593,0.0191764222953386
2022,04,HUN.17.2_1,0.0069757359307359304,0.015628717655077035
2022,04,HUN.19.8_1,0.005095735930735931,0.007970464805546553
2022,04,HUN.2.1_1,0.011910735930735931,0.032651086305514714
2022,04,HUN.2.3_1,0.0022757359307359307,-0.005403801741747615
2022,04,HUN.4.15_1,0.011910735930735931,0.032651086305514714
2022,04,HUN.5.1_1,8.65735930735931e-4,-0.013340182117714264
2022,04,HUN.8.1_1,0.022485735930735933,0.06017361574312882
2022,04,ITA.10.2_1,0.01466376321397305,0.03742361624040658
2022,04,ITA.10.5_1,0.01849073593073593,0.05083564390062907
2022,04,ITA.17.2_1,0.009795735930735931,0.02580887343447844
2022,04,ITA.20.1_1,0.02417976085944013,0.06325157712730514
2022,04,ITA.20.7_1,0.03188573593073593,0.07859133567553438
