ID_0,est,se
ALB,0.9999999987925466,0.2840316475778001
ARE,0.28800000000000003,0.4530576798391804
AUT,0.9974686155720417,0.1674506683516485
BEL,0.6166297122218201,0.13021631075575857
BGR,0,0
CHE,0.97661080585,0.48780679967589835
CHN,0,0
COL,0.008000000000000007,0.08912880535463237
CZE,0.08228500000000005,0.19992387430334946
DEU,0.9999414542514692,0.3458552998276555
DNK,0.742,0.43775292989039793
ESP,0.9661486673382886,0.026407694226163295
FRA,0.9607598173263161,0.20984081856080453
GBR,0.049000000000000044,0.21597603025716916
GMB,0.852,0.3552776691859794
GRC,0.09280210599999994,0.10476143104464397
HRV,0.99876004128,0.32113647493998815
HUN,0.9999943291559916,0.1035531751734619
IND,0.04040784497080008,0.06072852851034229
IRN,0,0
ITA,1,0.1700930488061492
MAR,0.15539199999999997,0.21117552722841587
MEX,0.46341531999999996,0.2662570370194269
NLD,1,0.3466715269270496
PAK,0,0
PER,0.17900000000000005,0.12784804613555287
POL,0.013000000000000012,0.11333068359382575
PRT,0.9999984936235483,0.2681171889860685
ROU,0.63147889,0.18979535644684326
RUS,0.007000000000000006,0.08341437500789632
SAU,0.08399999999999996,0.2775266131761439
SRB,0.986376372178,0.32261581981915466
SVN,0,0
TUR,0.9998495960941093,0.30578505379572224
USA,0,0
UZB,0.997,0.05471740119919799
XKO,0.6572178660199999,0.3235988741077906
