year,month,gid_1,est,se
2022,12,HUN.10_1,0.161,0.3677148544921924
2022,12,HUN.12_1,0.144,0.35126540875438816
2022,12,HUN.13_1,0.199,0.39944781706570703
2022,12,HUN.14_1,0.155,0.362085771753194
2022,12,HUN.16_1,0.195,0.3963989557656934
2022,12,HUN.17_1,0.149,0.3562666500332664
2022,12,HUN.19_1,0.124,0.32974646735443996
2022,12,HUN.2_1,0.196,0.39716714584887525
2022,12,HUN.4_1,0.235,0.42421097929562707
2022,12,HUN.5_1,0.114,0.31797028965786267
2022,12,HUN.8_1,0.16,0.366789496216201
2022,12,ITA.10_1,0.429,0.49518098126261295
2022,12,ITA.17_1,0.234,0.42358402168096876
2022,12,ITA.20_1,0.38,0.48562931937418674
