ID_0,est,se
ESP,0.9999999981155618,0.21089347540583905
