year,month,gid_1,est,se
2019,09,AUT.1_1,0.93,0.25527468571161765
2019,09,AUT.2_1,0.972,0.16505527329729044
2019,09,AUT.3_1,0.969,0.17340435135563662
2019,09,AUT.4_1,0.999,0.03162277660168379
2019,09,AUT.4_1,0.999,0.03162277660168379
2019,09,AUT.5_1,0.87,0.33647171235218754
2019,09,AUT.6_1,0.896,0.30541328929383094
2019,09,AUT.7_1,0.847,0.3601676286407771
2019,09,AUT.8_1,0.738,0.4399426662072566
2019,09,AUT.8_1,0.738,0.4399426662072566
2019,09,AUT.9_1,0.475,0.499624483612067
2019,09,CHE.19_1,0.695,0.4606378047741926
2019,09,CHE.21_1,0.561,0.49651336892930237
2019,09,CHE.25_1,0.829,0.3766973598273565
2019,09,CHE.26_1,0.942,0.2338604085575211
2019,09,DEU.11_1,0.091,0.28775302222878874
2019,09,DEU.2_1,0.927,0.2602666685127751
2019,09,ESP.16_1,0.272,0.44521254947969985
2019,09,ESP.17_1,1,0
2019,09,ESP.3_1,0.656,0.475278749672116
2019,09,HRV.8_1,0.534,0.4990922691177385
2019,09,HUN.1_1,0.031,0.17340435135563662
2019,09,HUN.10_1,0.52,0.4998498272980094
2019,09,HUN.11_1,0,0
2019,09,HUN.12_1,0.083,0.2760202658994212
2019,09,HUN.13_1,0.003,0.05471740119919799
2019,09,HUN.14_1,0.471,0.49940805801309257
2019,09,HUN.18_1,0.153,0.3601676286407771
2019,09,HUN.2_1,0.415,0.4929685771101623
2019,09,HUN.4_1,0.057,0.2319586273558386
2019,09,HUN.5_1,0.008,0.08912880535463237
2019,09,HUN.8_1,0.396,0.48930912869414506
2019,09,HUN.9_1,0.631,0.48277538469983333
2019,09,ITA.10_1,0.002,0.04469897088298564
2019,09,ITA.20_1,0.03,0.17067257872642908
2019,09,ITA.7_1,0.942,0.2338604085575211
2019,09,NLD.7_1,0.003,0.05471740119919799
2019,09,ROU.14_1,0.038,0.19129190414806527
2019,09,ROU.29_1,0.146,0.3532829019480122
2019,09,SRB.5_1,0.213,0.40963251677424095
2019,09,SVN.8_1,0.415,0.4929685771101623
