year,month,gid_1,est,se
2019,09,ESP.1_1,0,0.33670674922452265
2019,09,ESP.10_1,0,0.3403067287069786
2019,09,ESP.11_1,0,0.3290603220268233
2019,09,ESP.12_1,0,0.32232369759948953
2019,09,ESP.13_1,0,0.36105863366687857
2019,09,ESP.14_1,0,0.34955331272235685
2019,09,ESP.15_1,0,0.3479165723101007
2019,09,ESP.16_1,0.03346666509222087,0.13073882374331727
2019,09,ESP.17_1,0.46499999999999997,0.4984520425620537
2019,09,ESP.18_1,0,0.33512424727076834
2019,09,ESP.2_1,0,0.3289044747664194
2019,09,ESP.3_1,0,0.16460274657961912
2019,09,ESP.4_1,0,0.33067899950442964
2019,09,ESP.5_1,0,0.32542753445822215
2019,09,ESP.6_1,0,0.32594836051785103
2019,09,ESP.8_1,0,0.3290603220268233
2019,09,ESP.9_1,0,0.32029602080591013
