year,month,gid_2,est,se
2021,08,HUN.10.2_1,0.166,0.37226681638655706
2021,08,HUN.10.4_1,0.133,0.3397446488562056
2021,08,HUN.10.6_1,0.146,0.3532829019480122
2021,08,HUN.12.1_1,0.143,0.3502480173729377
2021,08,HUN.13.3_1,0.161,0.3677148544921924
2021,08,HUN.14.11_1,0.131,0.33756918246924283
2021,08,HUN.14.12_1,0.125,0.33088439746304826
2021,08,HUN.14.14_1,0.142,0.34922479573758497
2021,08,HUN.14.15_1,0.141,0.34819569244928955
2021,08,HUN.14.2_1,0.127,0.33313958333104454
2021,08,HUN.14.4_1,0.108,0.3105357184486713
2021,08,HUN.14.5_1,0.127,0.33313958333104454
2021,08,HUN.14.6_1,0.145,0.3522770203960217
2021,08,HUN.14.7_1,0.128,0.3342569785774528
2021,08,HUN.14.8_1,0.134,0.3408227694273963
2021,08,HUN.14.9_1,0.118,0.3227695465501356
2021,08,HUN.16.9_1,0.168,0.3740533597174552
2021,08,HUN.17.2_1,0.186,0.3893013685508382
2021,08,HUN.19.8_1,0.188,0.39090767299812473
2021,08,HUN.2.1_1,0.149,0.3562666500332664
2021,08,HUN.2.3_1,0.275,0.4467377022085494
2021,08,HUN.4.15_1,0.229,0.42039949540375965
2021,08,HUN.5.1_1,0.204,0.40317061716666125
2021,08,HUN.8.1_1,0.13,0.33647171235218754
2021,08,ITA.10.2_1,0.369,0.48277538469983333
2021,08,ITA.10.5_1,0.226,0.41844844258175834
2021,08,ITA.17.2_1,0.25,0.4332293707583636
2021,08,ITA.20.1_1,0.264,0.4410198391212106
2021,08,ITA.20.7_1,0.333,0.47152235719351987
