year,month,gid_2,est,se
2020,08,ESP.1.1_1,0,0.35725009115132167
2020,08,ESP.1.2_1,0,0.3601676286407771
2020,08,ESP.1.3_1,0,0.3461196307619647
2020,08,ESP.1.4_1,0,0.3502480173729377
2020,08,ESP.1.5_1,0,0.3522770203960217
2020,08,ESP.1.6_1,0,0.3611293596682696
2020,08,ESP.1.7_1,0,0.3611293596682696
2020,08,ESP.1.8_1,0,0.3818596821043259
2020,08,ESP.10.1_1,0,0.39090767299812473
2020,08,ESP.10.2_1,0,0.3397446488562056
2020,08,ESP.10.3_1,0,0.35428310221702153
2020,08,ESP.11.1_1,0,0.3429600875052688
2020,08,ESP.11.2_1,0,0.35725009115132167
2020,08,ESP.12.1_1,0,0.387678080750375
2020,08,ESP.12.2_1,0,0.3601676286407771
2020,08,ESP.12.3_1,0,0.36955049393495276
2020,08,ESP.12.4_1,0,0.3677148544921924
2020,08,ESP.13.1_1,0,0.3552776691859794
2020,08,ESP.14.2_1,0,0.3471606552023436
2020,08,ESP.15.1_1,0,0.3601676286407771
2020,08,ESP.16.1_1,0,0.3611293596682696
2020,08,ESP.16.2_1,0.187,0.3901066305296325
2020,08,ESP.16.3_1,0.066,0.24840633185509925
2020,08,ESP.17.1_1,0.193,0.39485048677557294
2020,08,ESP.18.1_1,0,0.3342569785774528
2020,08,ESP.2.1_1,0,0.36585906146062974
2020,08,ESP.2.2_1,0,0.3630369069334353
2020,08,ESP.2.3_1,0,0.37136627864268035
2020,08,ESP.3.1_1,0.127,0.33313958333104454
2020,08,ESP.4.1_1,0,0.3611293596682696
2020,08,ESP.4.2_1,0,0.3532829019480122
2020,08,ESP.4.3_1,0,0.3532829019480122
2020,08,ESP.4.4_1,0,0.3522770203960217
2020,08,ESP.4.5_1,0,0.3601676286407771
2020,08,ESP.5.1_1,0,0.3461196307619647
2020,08,ESP.5.2_1,0,0.3639828065767441
2020,08,ESP.5.3_1,0,0.36863517451796685
2020,08,ESP.5.4_1,0,0.3611293596682696
2020,08,ESP.5.5_1,0,0.3562666500332664
2020,08,ESP.5.7_1,0,0.3775692765024169
2020,08,ESP.5.8_1,0,0.35126540875438816
2020,08,ESP.5.9_1,0,0.37843653921656956
2020,08,ESP.6.1_1,0,0.35725009115132167
2020,08,ESP.6.2_1,0,0.362085771753194
2020,08,ESP.6.3_1,0,0.3502480173729377
2020,08,ESP.6.4_1,0,0.3704608498090469
2020,08,ESP.7.1_1,0,0.362085771753194
2020,08,ESP.8.1_1,0,0.3639828065767441
2020,08,ESP.9.1_1,0,0.39090767299812473
