year,month,gid_2,est,se
2020,08,ESP.1.1_1,0,0.3986915536538929
2020,08,ESP.1.2_1,0,0.4060799193519681
2020,08,ESP.1.3_1,0,0.3901066305296325
2020,08,ESP.1.4_1,0,0.40317061716666125
2020,08,ESP.1.5_1,0,0.40751204407485436
2020,08,ESP.1.6_1,0,0.3963989557656934
2020,08,ESP.1.7_1,0,0.3932857404911519
2020,08,ESP.1.8_1,0,0.39485048677557294
2020,08,ESP.10.1_1,0,0.3932857404911519
2020,08,ESP.10.2_1,0,0.4144535821678608
2020,08,ESP.10.3_1,0,0.3901066305296325
2020,08,ESP.11.1_1,0,0.403903624814309
2020,08,ESP.11.2_1,0,0.39407016036651554
2020,08,ESP.12.1_1,0,0.3924972026066607
2020,08,ESP.12.2_1,0,0.3901066305296325
2020,08,ESP.12.3_1,0,0.3924972026066607
2020,08,ESP.12.4_1,0,0.3932857404911519
2020,08,ESP.13.1_1,0,0.39562674393994207
2020,08,ESP.14.2_1,0,0.41646661864361284
2020,08,ESP.15.1_1,0,0.3932857404911519
2020,08,ESP.16.1_1,0,0.24840633185509925
2020,08,ESP.16.2_1,0.117,0.32158111638343195
2020,08,ESP.16.3_1,0.058,0.2338604085575211
2020,08,ESP.17.1_1,0.377,0.4848774134831464
2020,08,ESP.18.1_1,0,0.38849186082326864
2020,08,ESP.2.1_1,0,0.402433787041984
2020,08,ESP.2.2_1,0,0.38849186082326864
2020,08,ESP.2.3_1,0,0.3818596821043259
2020,08,ESP.3.1_1,0.07,0.25527468571161765
2020,08,ESP.4.1_1,0,0.40020015012510946
2020,08,ESP.4.2_1,0,0.39485048677557294
2020,08,ESP.4.3_1,0,0.4082225442643334
2020,08,ESP.4.4_1,0,0.402433787041984
2020,08,ESP.4.5_1,0,0.41033202698835536
2020,08,ESP.5.1_1,0,0.38270414482007176
2020,08,ESP.5.2_1,0,0.3766973598273565
2020,08,ESP.5.3_1,0,0.4067978422810088
2020,08,ESP.5.4_1,0,0.41512809027013736
2020,08,ESP.5.5_1,0,0.3893013685508382
2020,08,ESP.5.7_1,0,0.4124088760939574
2020,08,ESP.5.8_1,0,0.3924972026066607
2020,08,ESP.5.9_1,0,0.387678080750375
2020,08,ESP.6.1_1,0,0.39793133748091436
2020,08,ESP.6.2_1,0,0.40020015012510946
2020,08,ESP.6.3_1,0,0.3986915536538929
2020,08,ESP.6.4_1,0,0.3901066305296325
2020,08,ESP.7.1_1,0,0.3932857404911519
2020,08,ESP.8.1_1,0,0.40020015012510946
2020,08,ESP.9.1_1,0,0.4060799193519681
