year,month,gid_2,est,se
2020,09,ESP.10.1_1,0.9970000000000001,0.09061606291622402
2020,09,ESP.10.2_1,0.8312675174950483,0.08728469915682018
2020,09,ESP.10.3_1,0.5202915747044292,0.08664154308565501
2020,09,ESP.15.1_1,0.022673542776931517,0.2504808071807061
2020,09,ESP.18.1_1,0.5211393472645919,0
2020,09,ESP.2.1_1,0.31099981098917323,0.13918858115076133
2020,09,ESP.2.2_1,0.018831408919108644,0.1345946553567488
2020,09,ESP.2.3_1,0.10159963583264907,0.23932507066237826
2020,09,ESP.4.1_1,0.08808993102796135,0.26857431648600855
2020,09,ESP.4.3_1,0.07244990140633899,0.22472329423325227
2020,09,ESP.6.1_1,0.6628762603882503,0.19969480129594133
2020,09,ESP.6.2_1,0.8842967736578772,0.04635667509701534
2020,09,ESP.6.3_1,0.42694408794721606,0.06741435972210998
2020,09,ESP.6.4_1,0.8558308342916483,0
2020,09,ESP.9.1_1,0.005954142612142395,0.08951670013053956
2020,09,FRA.10.11_1,0.019017358319411672,0.18232985556767628
2020,09,FRA.11.11_1,0.040002014140942385,0.3645369293873707
2020,09,FRA.11.6_1,0.0465992151888721,0.30835031107958993
