year,month,gid_1,est,se
2021,10,ESP.10_1,0.809,0.3932857404911519
2021,10,ESP.6_1,0.897,0.304110972316823
