year,month,gid_2,est,se
2022,06,ESP.10.1_1,0.987,0.11333068359382575
2022,06,ESP.10.2_1,0.983,0.1293357171384909
2022,06,ESP.10.3_1,0.964,0.18638331132035063
2022,06,ESP.18.1_1,0.997,0.05471740119919799
2022,06,ESP.2.1_1,0.425,0.4945903553645376
2022,06,ESP.2.2_1,0.209,0.4067978422810088
2022,06,ESP.2.3_1,0.327,0.46935199082489393
2022,06,ESP.4.1_1,0.241,0.42790431418963526
2022,06,ESP.4.3_1,0.149,0.3562666500332664
2022,06,ESP.6.1_1,0.986,0.11754921445002436
2022,06,ESP.6.2_1,0.995,0.07056897321046962
2022,06,ESP.6.3_1,0.984,0.12553788177183714
2022,06,ESP.6.4_1,0.971,0.1678904023081343
2022,06,FRA.11.11_1,0.374,0.48410573055723927
2022,06,FRA.11.6_1,0.306,0.4610602743422779
