year,month,gid_2,est,se
2022,06,ESP.1.1_1,0.108,0.3105357184486713
2022,06,ESP.1.2_1,0.317,0.46554025360620294
2022,06,ESP.1.3_1,0.401,0.4903462444430868
2022,06,ESP.1.4_1,0.88,0.3251241389157466
2022,06,ESP.1.5_1,0,0.48304589153964794
2022,06,ESP.1.6_1,0.097,0.296105857217784
2022,06,ESP.1.7_1,0.97,0.17067257872642908
2022,06,ESP.1.8_1,0.544,0.4983094543677777
2022,06,ESP.10.1_1,0.891,0.3117951510466707
2022,06,ESP.10.2_1,0.811,0.3917045218432287
2022,06,ESP.10.3_1,0.825,0.38015722999769386
2022,06,ESP.11.1_1,0,0.4775217555536366
2022,06,ESP.11.2_1,0,0.4768924684102554
2022,06,ESP.12.1_1,0,0.4816710568500115
2022,06,ESP.12.2_1,0,0.48410573055723927
2022,06,ESP.12.3_1,0,0.48384409173317916
2022,06,ESP.12.4_1,0,0.48436516143258035
2022,06,ESP.13.1_1,0.779,0.41512809027013736
2022,06,ESP.14.1_1,0,0.48776727741507725
2022,06,ESP.14.2_1,0,0.48636153995515263
2022,06,ESP.15.1_1,0,0.11754921445002436
2022,06,ESP.16.1_1,0,0.2988114594326802
2022,06,ESP.16.2_1,0.429,0.49518098126261295
2022,06,ESP.16.3_1,0.039,0.19369180807797864
2022,06,ESP.17.1_1,0,0.4805308625987616
2022,06,ESP.18.1_1,0.714,0.45211548127487117
2022,06,ESP.2.1_1,0.039,0.19369180807797864
2022,06,ESP.2.2_1,0.228,0.4197525368502163
2022,06,ESP.2.3_1,0.036,0.18638331132035063
2022,06,ESP.3.1_1,0,0.4813893805805605
2022,06,ESP.4.1_1,0,0.13659303663678343
2022,06,ESP.4.2_1,0,0.20519772441746548
2022,06,ESP.4.3_1,0,0.14345584540052586
2022,06,ESP.4.4_1,0,0.17872588772459053
2022,06,ESP.4.5_1,0,0.1293357171384909
2022,06,ESP.5.2_1,0,0.4816710568500115
2022,06,ESP.5.3_1,0,0.48587557571365436
2022,06,ESP.5.6_1,0,0.48562931937418674
2022,06,ESP.5.9_1,0,0.4813893805805605
2022,06,ESP.6.1_1,0.811,0.3917045218432287
2022,06,ESP.6.2_1,0.912,0.28343665312788385
2022,06,ESP.6.3_1,0.869,0.33756918246924283
2022,06,ESP.6.4_1,0.609,0.4882185549089233
2022,06,ESP.7.1_1,0,0.4805308625987616
2022,06,ESP.8.1_1,0.033,0.17872588772459053
2022,06,ESP.9.1_1,0.141,0.34819569244928955
