ID_0,est,se
ALB,0.956707149750652,0.40941599677624985
ARG,0.780096038235184,0.3787737033675497
AUT,0.852316888,0.06471087696224655
BEL,0,0
BGR,0.999999982122243,0.4816083695457971
BIH,0.810181855,0.4899317683100482
BRA,0.26397565,0.25864094652432074
CHE,0.90727801,0.494483301692903
CHN,0.9865606996652365,0.3502642156231809
COL,0.19900000000000007,0.39944781706570703
DEU,0.567,0.24786929860147905
ESP,1,0.06536429731425324
FJI,0.7260564823417773,0.3408227694273963
FRA,0.9999790064763368,0.40710686073767977
GRC,0.5831308,0.3689270562389212
GTM,0.75653,0.500135605018841
HND,0.405,0.4911376754192415
HRV,0.9999552617273545,0.45054439728141354
HUN,0.9999998251802386,0.3678296475688163
IND,0.7331957950000001,0.270458897690636
ITA,1,0.37906480132534087
KOR,0.57117,0.4725795859917664
LKA,0.2829999999999999,0.4506818324651152
MEX,0.30850500000000003,0.3722973241074915
MMR,0.476,0.4996735671152454
NLD,0.631756,0.0019624339948455063
PAK,0,0
PAN,0.03400000000000003,0.18131981931624816
PER,0.019000000000000017,0.04553101221226114
PRT,0.96961251891,0.49323221580401416
PSE,0.366,0.4819504915199032
ROU,0.757428862,0.42242684205149267
SLB,0.352,0.47783294604320065
SRB,0.9975599584695026,0.48431250891253913
SVN,0.996793333973016,0.38099674590130705
THA,0.498,0.5002461856388775
TUR,0.9999836223549936,0.4808672695136883
USA,0.9997537050938757,0.4481657732136645
XKO,0.576,0.494437527366672
ZAF,0.279,0.4487319471135974
