year,month,gid_3,est,se
2020,01,AUT.9.1.1_2,0.072,0.2586172517116422
2020,01,ESP.16.2.1_1,0.046,0.20958990416508122
2020,01,ESP.17.1.1_1,0.058,0.2338604085575211
2020,01,ESP.17.1.4_1,0.058,0.2338604085575211
2020,01,ESP.17.1.6_1,0.058,0.2338604085575211
2020,01,ESP.17.1.7_1,0.058,0.2338604085575211
2020,01,ESP.17.1.8_1,0.058,0.2338604085575211
2020,01,ESP.3.1.4_1,0.027,0.162164414398774
2020,01,HUN.5.1_1,0.064,0.24487540497968344
