year,month,gid_3,est,se
2020,01,AUT.9.1.1_2,0,0.2586172517116422
2020,01,ESP.16.2.1_1,0,0.2602666685127751
2020,01,ESP.17.1.1_1,0,0.23003677296666486
2020,01,ESP.17.1.4_1,0,0.23003677296666486
2020,01,ESP.17.1.6_1,0,0.23003677296666486
2020,01,ESP.17.1.7_1,0,0.23003677296666486
2020,01,ESP.17.1.8_1,0,0.23003677296666486
2020,01,ESP.3.1.4_1,0,0.1499783100768024
2020,01,HUN.5.1_1,0,0.24840633185509925
