year,month,gid_2,est,se
2016,12,ESP.1.1_1,0.005,0.07056897321046962
2016,12,ESP.1.2_1,0.009,0.09448771310560929
2016,12,ESP.1.3_1,0.002,0.04469897088298564
2016,12,ESP.1.4_1,0.043,0.2029585972364615
2016,12,ESP.1.5_1,0,0.30799165387857325
2016,12,ESP.1.6_1,0.005,0.07056897321046962
2016,12,ESP.1.7_1,0.178,0.38270414482007176
2016,12,ESP.1.8_1,0.002,0.04469897088298564
2016,12,ESP.10.1_1,0.352,0.47783294604320065
2016,12,ESP.10.2_1,0.155,0.362085771753194
2016,12,ESP.10.3_1,0.16,0.366789496216201
2016,12,ESP.11.1_1,0,0.3117951510466707
2016,12,ESP.11.2_1,0,0.296105857217784
2016,12,ESP.12.1_1,0,0.27450200609713465
2016,12,ESP.12.3_1,0,0.2819760814510878
2016,12,ESP.12.4_1,0,0.2775266131761439
2016,12,ESP.13.1_1,0.209,0.4067978422810088
2016,12,ESP.14.1_1,0,0.38270414482007176
2016,12,ESP.14.2_1,0,0.3740533597174552
2016,12,ESP.15.1_1,0.001,0.03162277660168379
2016,12,ESP.16.1_1,0,0.2619018758859749
2016,12,ESP.16.2_1,0,0
2016,12,ESP.16.3_1,0,0
2016,12,ESP.17.1_1,0,0.2760202658994212
2016,12,ESP.18.1_1,0.241,0.42790431418963526
2016,12,ESP.2.1_1,0.005,0.07056897321046962
2016,12,ESP.2.2_1,0.002,0.04469897088298564
2016,12,ESP.2.3_1,0.003,0.05471740119919799
2016,12,ESP.3.1_1,0,0.2790212408632233
2016,12,ESP.4.1_1,0.004,0.06315051850925682
2016,12,ESP.4.2_1,0,0.30279974849343533
2016,12,ESP.4.3_1,0.003,0.05471740119919799
2016,12,ESP.4.4_1,0,0.27450200609713465
2016,12,ESP.4.5_1,0.002,0.04469897088298564
2016,12,ESP.5.1_1,0,0.3001501125938321
2016,12,ESP.5.2_1,0,0.29197474077263813
2016,12,ESP.5.3_1,0,0.2775266131761439
2016,12,ESP.5.5_1,0,0.27297163499805893
2016,12,ESP.5.6_1,0,0.296105857217784
2016,12,ESP.5.7_1,0,0.2933616557443407
2016,12,ESP.5.8_1,0,0.28775302222878874
2016,12,ESP.5.9_1,0,0.2790212408632233
2016,12,ESP.6.1_1,0.293,0.45536618051668964
2016,12,ESP.6.2_1,0.121,0.3262904618058356
2016,12,ESP.6.3_1,0.046,0.20958990416508122
2016,12,ESP.6.4_1,0.064,0.24487540497968344
2016,12,ESP.8.1_1,0.006,0.07726558075864033
2016,12,ESP.9.1_1,0.001,0.03162277660168379
