year,month,gid_2,est,se
2016,12,ESP.1.1_1,0,0
2016,12,ESP.1.2_1,0,0
2016,12,ESP.1.3_1,0,0
2016,12,ESP.1.4_1,0,0
2016,12,ESP.1.5_1,0,0
2016,12,ESP.1.6_1,0,0
2016,12,ESP.1.7_1,0,0
2016,12,ESP.1.8_1,0,0
2016,12,ESP.10.1_1,0,0
2016,12,ESP.10.2_1,0,0
2016,12,ESP.10.3_1,0,0
2016,12,ESP.11.1_1,0,0.29197474077263813
2016,12,ESP.11.2_1,0,0.28775302222878874
2016,12,ESP.12.1_1,0,0.2933616557443407
2016,12,ESP.12.3_1,0,0.3001501125938321
2016,12,ESP.12.4_1,0,0.2988114594326802
2016,12,ESP.13.1_1,0.003,0.05471740119919799
2016,12,ESP.14.1_1,0,0.3117951510466707
2016,12,ESP.14.2_1,0,0.3155242550986462
2016,12,ESP.15.1_1,0,0
2016,12,ESP.16.1_1,0,0
2016,12,ESP.16.2_1,0,0
2016,12,ESP.16.3_1,0,0
2016,12,ESP.17.1_1,0,0.2947386484173239
2016,12,ESP.18.1_1,0.001,0.03162277660168379
2016,12,ESP.2.1_1,0,0
2016,12,ESP.2.2_1,0,0
2016,12,ESP.2.3_1,0,0
2016,12,ESP.3.1_1,0,0.28632495871296654
2016,12,ESP.4.1_1,0,0
2016,12,ESP.4.2_1,0,0
2016,12,ESP.4.3_1,0,0
2016,12,ESP.4.4_1,0,0
2016,12,ESP.4.5_1,0,0
2016,12,ESP.5.1_1,0,0.3251241389157466
2016,12,ESP.5.2_1,0,0.31797028965786267
2016,12,ESP.5.3_1,0,0.3251241389157466
2016,12,ESP.5.5_1,0,0.32974646735443996
2016,12,ESP.5.6_1,0,0.31797028965786267
2016,12,ESP.5.7_1,0,0.3251241389157466
2016,12,ESP.5.8_1,0,0.32158111638343195
2016,12,ESP.5.9_1,0,0.32744957355785825
2016,12,ESP.6.1_1,0.001,0.03162277660168379
2016,12,ESP.6.2_1,0,0
2016,12,ESP.6.3_1,0,0
2016,12,ESP.6.4_1,0,0
2016,12,ESP.8.1_1,0,0.12161327966052798
2016,12,ESP.9.1_1,0,0.05471740119919799
2016,12,ITA.10.9_1,0,0
2016,12,ITA.20.6_1,0,0
2016,12,ITA.20.7_1,0,0
2016,12,ITA.5.4_1,0,0
2016,12,ITA.8.4_1,0,0
