year,month,gid_2,est,se
2016,12,ESP.1.1_1,0.002,0.04469897088298564
2016,12,ESP.1.2_1,0.006,0.07726558075864033
2016,12,ESP.1.3_1,0.003,0.05471740119919799
2016,12,ESP.1.4_1,0.05,0.21805400144814482
2016,12,ESP.1.5_1,0,0.3142893217686178
2016,12,ESP.1.6_1,0.001,0.03162277660168379
2016,12,ESP.1.7_1,0.209,0.4067978422810088
2016,12,ESP.1.8_1,0.001,0.03162277660168379
2016,12,ESP.10.1_1,0.353,0.4781418404821101
2016,12,ESP.10.2_1,0.162,0.36863517451796685
2016,12,ESP.10.3_1,0.149,0.3562666500332664
2016,12,ESP.11.1_1,0,0.30541328929383094
2016,12,ESP.11.2_1,0,0.3105357184486713
2016,12,ESP.12.1_1,0,0.27450200609713465
2016,12,ESP.12.3_1,0,0.28775302222878874
2016,12,ESP.12.4_1,0,0.2775266131761439
2016,12,ESP.13.1_1,0.236,0.4248346554654934
2016,12,ESP.14.1_1,0,0.4067978422810088
2016,12,ESP.14.2_1,0,0.3704608498090469
2016,12,ESP.15.1_1,0.002,0.04469897088298564
2016,12,ESP.16.1_1,0,0.26352313834736496
2016,12,ESP.16.2_1,0.002,0.04469897088298564
2016,12,ESP.16.3_1,0,0
2016,12,ESP.17.1_1,0,0.290577761426155
2016,12,ESP.18.1_1,0.255,0.4360793106364542
2016,12,ESP.2.1_1,0.005,0.07056897321046962
2016,12,ESP.2.2_1,0.003,0.05471740119919799
2016,12,ESP.2.3_1,0.002,0.04469897088298564
2016,12,ESP.3.1_1,0,0.24840633185509925
2016,12,ESP.4.1_1,0.003,0.05471740119919799
2016,12,ESP.4.2_1,0,0.29746341705239066
2016,12,ESP.4.3_1,0.001,0.03162277660168379
2016,12,ESP.4.4_1,0,0.28775302222878874
2016,12,ESP.4.5_1,0.004,0.06315051850925682
2016,12,ESP.5.1_1,0,0.2947386484173239
2016,12,ESP.5.2_1,0,0.290577761426155
2016,12,ESP.5.3_1,0,0.3014795016081357
2016,12,ESP.5.5_1,0,0.290577761426155
2016,12,ESP.5.6_1,0,0.290577761426155
2016,12,ESP.5.7_1,0,0.25014710386805117
2016,12,ESP.5.8_1,0,0.304110972316823
2016,12,ESP.5.9_1,0,0.3067068128833611
2016,12,ESP.6.1_1,0.295,0.45627095369219284
2016,12,ESP.6.2_1,0.139,0.3461196307619647
2016,12,ESP.6.3_1,0.027,0.162164414398774
2016,12,ESP.6.4_1,0.051,0.22010780869257557
2016,12,ESP.8.1_1,0.006,0.07726558075864033
2016,12,ESP.9.1_1,0.001,0.03162277660168379
