year,month,gid_1,est,se
2017,08,ESP.10_1,0.541,0.4985655098054493
2017,08,ESP.6_1,0.709,0.45445079549443584
