ID_1,est,se
ESP.1_1,0.05186134633339812,0.07690149684769881
ESP.10_1,0.02388100000000004,0.07091669738212908
ESP.11_1,0.023859999999999992,0.10854887243784558
ESP.12_1,0.03749485023999999,0.09490439342869615
ESP.13_1,0,0
ESP.14_1,0.0020000000000000018,0.02234948544149282
ESP.15_1,0.008000000000000007,0.08912880535463237
ESP.16_1,0.01987721600000003,0.07944463988647989
ESP.17_1,0.008000000000000007,0.08912880535463237
ESP.18_1,0.009000000000000008,0.09448771310560929
ESP.2_1,0.012948060000000039,0.0641778416173652
ESP.3_1,0.0020000000000000018,0.04469897088298564
ESP.4_1,0.01886445926444802,0.05982267075847625
ESP.5_1,0.05753851524811582,0.07639569154482886
ESP.6_1,0.020899170910000042,0.06316310708609885
ESP.7_1,0.3886449999999999,0.412793469117123
ESP.8_1,0,0
ESP.9_1,0.009000000000000008,0.09448771310560929
