year,month,gid_4,est,se
2020,04,ESP.16.2.1.3_1,0,0.38437969216355294
2020,04,ESP.16.2.1.32_1,0,0.38437969216355294
2020,04,ESP.16.2.1.36_1,0,0.38437969216355294
2020,04,ESP.16.2.1.51_1,0,0.38437969216355294
2020,04,ESP.17.1.1.1_1,0,0.3860375953518323
2020,04,ESP.17.1.1.4_1,0,0.3860375953518323
2020,04,ESP.17.1.4.2_1,0,0.3860375953518323
2020,04,ESP.17.1.4.3_1,0,0.3860375953518323
2020,04,ESP.17.1.8.10_1,0,0.3860375953518323
2020,04,ESP.17.1.8.18_1,0,0.3860375953518323
2020,04,ESP.3.1.4.5_1,0,0.27142894774447635
