year,month,gid_2,est,se
2017,06,ESP.10.1_1,0.997,0.054717401199198
2017,06,ESP.10.2_1,0.895,0.3067068128833611
2017,06,ESP.10.3_1,1,0
2017,06,ESP.10.3_1,1,0
2017,06,ESP.10.3_1,1,0
