year,month,gid_2,est,se
2017,06,ESP.1.1_1,0.258,0.43775292989039793
2017,06,ESP.1.2_1,0.439,0.49651336892930237
2017,06,ESP.1.3_1,0.052,0.22213812222431642
2017,06,ESP.1.4_1,0.358,0.4796520260210167
2017,06,ESP.1.5_1,0,0.4884409632438444
2017,06,ESP.1.6_1,0.136,0.3429600875052688
2017,06,ESP.1.7_1,0.966,0.18131981931624816
2017,06,ESP.1.8_1,0.047,0.21174474216810163
2017,06,ESP.10.1_1,0.734,0.44208533049564025
2017,06,ESP.10.2_1,0.677,0.46785669802824226
2017,06,ESP.10.3_1,0.951,0.21597603025716916
2017,06,ESP.11.1_1,0,0.4808192874533916
2017,06,ESP.12.1_1,0,0.48753840227585526
2017,06,ESP.12.3_1,0,0.4853808758022864
2017,06,ESP.12.4_1,0,0.4848774134831464
2017,06,ESP.13.1_1,0.938,0.24127621974453722
2017,06,ESP.14.1_1,0,0.4835802413765991
2017,06,ESP.14.2_1,0,0.4835802413765991
2017,06,ESP.15.1_1,0,0.12161327966052798
2017,06,ESP.16.1_1,0,0.26830577330349786
2017,06,ESP.16.2_1,0.021,0.14345584540052586
2017,06,ESP.16.3_1,0.015,0.12161327966052798
2017,06,ESP.17.1_1,0,0.48304589153964794
2017,06,ESP.18.1_1,0.863,0.3440194025768741
2017,06,ESP.2.1_1,0.454,0.49812863010685515
2017,06,ESP.2.2_1,0.097,0.296105857217784
2017,06,ESP.2.3_1,0.025,0.15620307103062794
2017,06,ESP.3.1_1,0,0.48410573055723927
2017,06,ESP.4.1_1,0,0.07726558075864033
2017,06,ESP.4.2_1,0,0.18638331132035063
2017,06,ESP.4.3_1,0,0.0995485304256668
2017,06,ESP.4.5_1,0,0.08912880535463237
2017,06,ESP.5.2_1,0,0.4787527589520547
2017,06,ESP.5.3_1,0,0.48277538469983333
2017,06,ESP.5.6_1,0,0.4793545460103417
2017,06,ESP.5.7_1,0,0.4796520260210167
2017,06,ESP.5.8_1,0,0.47657436263727315
2017,06,ESP.5.9_1,0,0.4799472360055315
2017,06,ESP.6.1_1,0.991,0.09448771310560929
2017,06,ESP.6.2_1,0.95,0.21805400144814482
2017,06,ESP.6.3_1,0.597,0.4907461989988632
2017,06,ESP.6.4_1,0.943,0.2319586273558386
2017,06,ESP.7.1_1,0,0.47394580346767984
2017,06,ESP.8.1_1,0.041,0.19838941090279583
2017,06,ESP.9.1_1,0.011,0.10435463521037237
