year,month,gid_2,est,se
2014,08,ESP.1.1_1,0.066,0.24840633185509925
2014,08,ESP.1.2_1,0.062,0.24127621974453722
2014,08,ESP.1.3_1,0.046,0.20958990416508122
2014,08,ESP.1.4_1,0.048,0.21387319079712103
2014,08,ESP.1.5_1,0,0.4846223879051182
2014,08,ESP.1.6_1,0.051,0.22010780869257557
2014,08,ESP.1.7_1,0.386,0.48707416400507353
2014,08,ESP.1.8_1,0.064,0.24487540497968344
2014,08,ESP.10.1_1,0.384,0.48660125439704816
2014,08,ESP.10.2_1,0.409,0.49189527438364455
2014,08,ESP.10.3_1,0.233,0.42295376802895357
2014,08,ESP.11.1_1,0,0.4909429956981004
2014,08,ESP.11.2_1,0,0.4895208173618673
2014,08,ESP.12.1_1,0,0.4884409632438444
2014,08,ESP.12.2_1,0,0.4905472827736758
2014,08,ESP.12.3_1,0,0.48909530177074306
2014,08,ESP.12.4_1,0,0.4886612219010117
2014,08,ESP.13.1_1,0.585,0.4929685771101623
2014,08,ESP.14.1_1,0,0.47461696267754827
2014,08,ESP.14.2_1,0,0.48384409173317916
2014,08,ESP.15.1_1,0.066,0.24840633185509925
2014,08,ESP.16.1_1,0,0.48753840227585526
2014,08,ESP.16.2_1,0.073,0.2602666685127751
2014,08,ESP.16.3_1,0.057,0.2319586273558386
2014,08,ESP.17.1_1,0,0.49347696959383985
2014,08,ESP.18.1_1,0.729,0.4446985009607709
2014,08,ESP.2.1_1,0.052,0.22213812222431642
2014,08,ESP.2.2_1,0.062,0.24127621974453722
2014,08,ESP.2.3_1,0.057,0.2319586273558386
2014,08,ESP.3.1_1,0,0.48660125439704816
2014,08,ESP.4.1_1,0.061,0.239450070654273
2014,08,ESP.4.2_1,0,0.48562931937418674
2014,08,ESP.4.3_1,0.065,0.24664921616708177
2014,08,ESP.4.4_1,0,0.49226143594773025
2014,08,ESP.4.5_1,0.076,0.26513071171460745
2014,08,ESP.5.1_1,0,0.48513024163759505
2014,08,ESP.5.2_1,0,0.49488980179017217
2014,08,ESP.5.3_1,0,0.4884409632438444
2014,08,ESP.5.4_1,0,0.4907461989988632
2014,08,ESP.5.5_1,0,0.48436516143258035
2014,08,ESP.5.6_1,0,0.4882185549089233
2014,08,ESP.5.7_1,0,0.48587557571365436
2014,08,ESP.5.8_1,0,0.48753840227585526
2014,08,ESP.5.9_1,0,0.48683879468671354
2014,08,ESP.6.1_1,0.861,0.3461196307619647
2014,08,ESP.6.2_1,0.955,0.20740785428237288
2014,08,ESP.6.3_1,0.052,0.22213812222431642
2014,08,ESP.6.4_1,0.768,0.42232020358296185
2014,08,ESP.7.2_1,0,0.4853808758022864
2014,08,ESP.8.1_1,0.071,0.25695335184625445
2014,08,ESP.9.1_1,0.058,0.2338604085575211
