year,month,gid_2,est,se
2014,08,ESP.1.1_1,0.026,0.15921478998305827
2014,08,ESP.1.2_1,0.016,0.12553788177183714
2014,08,ESP.1.3_1,0.031,0.17340435135563662
2014,08,ESP.1.4_1,0.037,0.1888562063228706
2014,08,ESP.1.5_1,0,0.4808192874533916
2014,08,ESP.1.6_1,0.032,0.17608806605504818
2014,08,ESP.1.7_1,0.378,0.48513024163759505
2014,08,ESP.1.8_1,0.024,0.15312559370479986
2014,08,ESP.10.1_1,0.326,0.4689818162188636
2014,08,ESP.10.2_1,0.365,0.4816710568500115
2014,08,ESP.10.3_1,0.075,0.26352313834736496
2014,08,ESP.11.1_1,0,0.48753840227585526
2014,08,ESP.11.2_1,0,0.4825026516080599
2014,08,ESP.12.1_1,0,0.47783294604320065
2014,08,ESP.12.2_1,0,0.4911376754192415
2014,08,ESP.12.3_1,0,0.48707416400507353
2014,08,ESP.12.4_1,0,0.4799472360055315
2014,08,ESP.13.1_1,0.574,0.494741112874975
2014,08,ESP.14.1_1,0,0.4762539425745658
2014,08,ESP.14.2_1,0,0.4811054587743341
2014,08,ESP.15.1_1,0.026,0.15921478998305827
2014,08,ESP.16.1_1,0,0.48562931937418674
2014,08,ESP.16.2_1,0.031,0.17340435135563662
2014,08,ESP.16.3_1,0.028,0.16505527329729044
2014,08,ESP.17.1_1,0,0.4835802413765991
2014,08,ESP.18.1_1,0.797,0.402433787041984
2014,08,ESP.2.1_1,0.031,0.17340435135563662
2014,08,ESP.2.2_1,0.024,0.15312559370479986
2014,08,ESP.2.3_1,0.021,0.14345584540052586
2014,08,ESP.3.1_1,0,0.48973037054672836
2014,08,ESP.4.1_1,0.024,0.15312559370479986
2014,08,ESP.4.2_1,0,0.4781418404821101
2014,08,ESP.4.3_1,0.027,0.162164414398774
2014,08,ESP.4.4_1,0,0.4886612219010117
2014,08,ESP.4.5_1,0.014,0.11754921445002436
2014,08,ESP.5.1_1,0,0.47783294604320065
2014,08,ESP.5.2_1,0,0.4819504915199032
2014,08,ESP.5.3_1,0,0.48384409173317916
2014,08,ESP.5.4_1,0,0.48660125439704816
2014,08,ESP.5.5_1,0,0.48636153995515263
2014,08,ESP.5.6_1,0,0.48611964814468495
2014,08,ESP.5.7_1,0,0.48562931937418674
2014,08,ESP.5.8_1,0,0.48993779098885504
2014,08,ESP.5.9_1,0,0.4884409632438444
2014,08,ESP.6.1_1,0.959,0.19838941090279583
2014,08,ESP.6.2_1,0.965,0.18387171834952978
2014,08,ESP.6.3_1,0.032,0.17608806605504818
2014,08,ESP.6.4_1,0.823,0.3818596821043259
2014,08,ESP.7.2_1,0,0.47360669685225454
2014,08,ESP.8.1_1,0.016,0.12553788177183714
2014,08,ESP.9.1_1,0.025,0.15620307103062794
