ID_0,est,se
ALB,1.834,2.317110781346647
ARG,0.837,1.6010392885296887
AUT,1.009,1.1218074446199724
BEL,0,0
BGR,11.651,12.75570499226654
BIH,1.175,1.418468013694394
BRA,0.339,0.841346203394711
CHE,1.443,1.4766984795905278
CHN,1.393,2.19784441862536
COL,0.297,0.4571651780264984
DEU,0.784,0.4117201883725323
ESP,17.175,2.685326893707719
FJI,2.268,3.909406535455153
FRA,9.124,8.607744992836652
GRC,0.253,0.6702837054017611
GTM,1.0870000000000002,0.9965241121258419
HND,0.246,0.4308940353145651
HRV,6.473,6.6189602236744145
HUN,9.736,10.435342519390897
IND,1.416,0.7161853345162579
ITA,27.362,33.90672078069187
KOR,0.951,0.9740085780076134
LKA,0.196,0.3971671458488753
MEX,1.194,0.6396490563577368
MMR,0.998,0.04469897088298564
NLD,1.009,0.09448771310560929
PAK,0,0
PAN,0.03,0.17067257872642908
PER,0.123,0.32860155048170264
PRT,2.434,1.9480636372728057
PSE,0.802,0.3986915536538929
ROU,1.597,1.3120266047268716
SLB,0.325,0.46860921309188386
SRB,3.548,3.385804542172766
SVN,1.446,1.8321611223213516
THA,0.489,0.500129112459102
TUR,9.394,9.551349627810676
USA,3.46,3.8115442802518165
XKO,0.514,0.5000540511325291
ZAF,0.178,0.38270414482007176
