ID_0,est,se
ESP,0.25793219123200006,0.018077332988592296
