ID_0,est,se
ESP,0.26279342915500004,0.01849907307149801
