year,month,gid_3,est,se
2020,01,ESP.10.1.1_1,0.116,0.3203851535989872
2020,01,ESP.10.1.4_1,0.064,0.24487540497968344
2020,01,ESP.10.1.6_1,0.045,0.20740785428237288
2020,01,ESP.10.1.7_1,0.155,0.362085771753194
2020,01,ESP.10.1.9_1,0.146,0.3532829019480122
2020,01,ESP.10.2.5_1,0.369,0.48277538469983333
2020,01,ESP.10.2.7_1,0.085,0.2790212408632233
2020,01,ESP.10.2.8_1,0.736,0.4410198391212106
2020,01,ESP.10.3.1_1,0.334,0.47187568984497036
2020,01,ESP.10.3.13_1,0.69,0.46272466339510593
2020,01,ESP.10.3.4_1,0.342,0.47461696267754827
2020,01,ESP.10.3.7_1,0.298,0.4576083537321029
2020,01,ESP.10.3.8_1,0.047,0.21174474216810163
