year,month,gid_1,est,se
2022,03,ESP.1_1,0,0.3657607909238371
2022,03,ESP.10_1,0,0.3705794731774389
2022,03,ESP.11_1,0,0.37732114223558144
2022,03,ESP.12_1,0,0.3759098711369878
2022,03,ESP.13_1,0,0.3749394345485409
2022,03,ESP.14_1,0,0.3642044429751332
2022,03,ESP.16_1,0,0.1901373554235169
2022,03,ESP.17_1,0.099,0.2988114594326802
2022,03,ESP.18_1,0,0.3601676286407771
2022,03,ESP.2_1,0,0.3532829019480122
2022,03,ESP.3_1,0,0.06315051850925682
2022,03,ESP.4_1,0,0.3758029399373256
2022,03,ESP.5_1,0,0.362931587883127
2022,03,ESP.6_1,0,0.3618980069625266
2022,03,ESP.8_1,0,0.3740533597174551
2022,03,ITA.1_1,0,0.37862530018816265
2022,03,ITA.10_1,0,0.2596056589172132
2022,03,ITA.11_1,0,0.37625664550208454
2022,03,ITA.12_1,0,0.3948504867755729
2022,03,ITA.13_1,0,0.3689784546917216
2022,03,ITA.14_1,0,0.3661984623969525
2022,03,ITA.15_1,0,0.35812728768742047
2022,03,ITA.16_1,0,0.36423245257784403
2022,03,ITA.17_1,0,0.34296008750526885
2022,03,ITA.2_1,0,0.3657666469287946
2022,03,ITA.20_1,0,0.2660700401871744
2022,03,ITA.3_1,0,0.37582075679935667
2022,03,ITA.4_1,0,0.36363818534056935
2022,03,ITA.5_1,0,0.3713273856947384
2022,03,ITA.6_1,0,0.3657542071175122
2022,03,ITA.7_1,0,0.13515974677431697
2022,03,ITA.8_1,0,0.3720960897004651
2022,03,ITA.9_1,0,0.3770718726895725
