year,month,gid_1,est,se
2022,03,AUT.1_1,0.6334982746293117,0.16795904603370765
2022,03,AUT.2_1,0.9059795757573651,0.06973619679302433
2022,03,AUT.3_1,0.7652393390930851,0.16069754562349675
2022,03,AUT.4_1,0.729841114116953,0.15940559071471525
2022,03,AUT.5_1,0.6834682955539152,0.1720700592857928
2022,03,AUT.6_1,0.41695305200237076,0.1450415803288534
2022,03,AUT.7_1,0.3750748385610539,0.21773774530016757
2022,03,AUT.8_1,0.47163829503987165,0.1663690262680382
2022,03,AUT.9_1,0.027055127380614382,0.08111796963508684
2022,03,CHE.19_1,0.303,0.23000761749278067
2022,03,CHE.21_1,0.307,0.23085555067242214
2022,03,CHE.25_1,0.004,0.03159105873485386
2022,03,CHE.26_1,0.292,0.22756872205774398
2022,03,DEU.11_1,0.333,0.2358791476702402
2022,03,DEU.2_1,0.15107194231235221,0.0922873003708578
2022,03,ESP.16_1,0.2119890403392434,0.04845352886856602
2022,03,ESP.17_1,0.08271396656534769,0.10242383174807874
2022,03,ESP.3_1,0.16396035243378174,0.14436133296452733
2022,03,HRV.8_1,0.6469999999999999,0.23919054542754578
2022,03,HUN.1_1,0,0
2022,03,HUN.10_1,7.733354713216006e-4,0.012233625766732073
2022,03,HUN.11_1,0.001,0.015819299929208316
2022,03,HUN.12_1,0.013854100637340256,0.03957870265739245
2022,03,HUN.13_1,0,0
2022,03,HUN.14_1,0.0011098688061928186,0.012321881613220932
2022,03,HUN.18_1,0.304,0.23022152570915
2022,03,HUN.2_1,0,0
2022,03,HUN.4_1,0.002,0.022360668572260937
2022,03,HUN.5_1,0.001,0.015819299929208316
2022,03,HUN.8_1,0.036,0.09323828646402417
2022,03,HUN.9_1,0.002,0.022360668572260937
2022,03,ITA.10_1,0.002,0.022360668572260937
2022,03,ITA.20_1,0.001,0.015819299929208316
2022,03,ITA.7_1,0.321,0.23366406053880384
2022,03,NLD.7_1,0.006,0.03865212127388954
2022,03,ROU.14_1,0.01,0.04979917102635736
2022,03,ROU.29_1,0.015,0.06083706597168777
2022,03,SRB.5_1,0.001,0.015819299929208316
2022,03,SVN.8_1,0.002,0.022360668572260937
