year,month,gid_2,est,se
2020,02,ESP.1.1_1,0.143,0.3502480173729377
2020,02,ESP.1.2_1,0.164,0.3704608498090469
2020,02,ESP.1.4_1,0.193,0.39485048677557294
2020,02,ESP.1.5_1,0.061,0.239450070654273
2020,02,ESP.1.6_1,0.11,0.31304631925323445
2020,02,ESP.1.7_1,0.259,0.4383048152953731
2020,02,ESP.1.8_1,0.643,0.4793545460103417
2020,02,ESP.10.1_1,0.2,0.40020015012510946
2020,02,ESP.10.2_1,0.193,0.39485048677557294
2020,02,ESP.10.3_1,0.287,0.4525879316064844
2020,02,ESP.11.1_1,0.357,0.4793545460103417
2020,02,ESP.11.2_1,0.07,0.25527468571161765
2020,02,ESP.12.1_1,0.878,0.32744957355785825
2020,02,ESP.12.2_1,0,0.4067978422810088
2020,02,ESP.12.4_1,0.075,0.26352313834736496
2020,02,ESP.13.1_1,0.395,0.48909530177074306
2020,02,ESP.14.1_1,0.167,0.3731624984510773
2020,02,ESP.14.2_1,0.05,0.21805400144814482
2020,02,ESP.15.1_1,0.196,0.39716714584887525
2020,02,ESP.16.1_1,0,0.39485048677557294
2020,02,ESP.16.2_1,0.196,0.39716714584887525
2020,02,ESP.16.3_1,0.32,0.46670956473787617
2020,02,ESP.17.1_1,0.564,0.4961352135760474
2020,02,ESP.18.1_1,0.255,0.4360793106364542
2020,02,ESP.2.1_1,0,0.41910219117375974
2020,02,ESP.2.2_1,0.08,0.27142894774447635
2020,02,ESP.2.3_1,0.274,0.44623214039681536
2020,02,ESP.3.1_1,0.218,0.4130939925085411
2020,02,ESP.4.1_1,0.07,0.25527468571161765
2020,02,ESP.4.2_1,0,0.40751204407485436
2020,02,ESP.4.3_1,0,0.41033202698835536
2020,02,ESP.4.5_1,0.054,0.2261307920985887
2020,02,ESP.5.2_1,0.052,0.22213812222431645
2020,02,ESP.5.4_1,0,0.39562674393994207
2020,02,ESP.5.9_1,0,0.42039949540375965
2020,02,ESP.6.1_1,0.788,0.40892936214366316
2020,02,ESP.6.2_1,0.385,0.48683879468671354
2020,02,ESP.6.3_1,0.065,0.24664921616708177
2020,02,ESP.6.4_1,0.276,0.44724045436881493
2020,02,ESP.8.1_1,0.742,0.43775292989039793
2020,02,ESP.9.1_1,0,0.402433787041984
