year,month,gid_2,est,se
2020,02,ESP.10.1_1,0.727,0.4457237593730782
2020,02,ESP.10.2_1,0.732,0.4431392245924213
2020,02,ESP.10.3_1,0.841,0.36585906146062974
2020,02,ESP.18.1_1,0.846,0.3611293596682696
2020,02,ESP.2.3_1,0.799,0.40094857495663927
2020,02,ESP.4.1_1,0.165,0.37136627864268035
2020,02,ESP.6.1_1,0.982,0.13301764429463367
2020,02,ESP.6.2_1,0.952,0.21387319079712103
2020,02,ESP.6.4_1,0.887,0.3167512136225074
