year,month,gid_2,est,se
2020,02,ESP.10.1_1,0.178,0.38270414482007176
2020,02,ESP.10.2_1,0.769,0.42168331341993703
2020,02,ESP.10.3_1,0.685,0.4647483092933109
