year,month,gid_1,est,se
2016,07,ARG.24_1,0.001545102251867684,0.0020277522681311205
2016,07,DOM.5_1,0.1385507797341355,0.4028648549233772
2016,07,GTM.7_1,0.012685255367896954,0.020455379013577777
2016,07,HND.8_1,0.0013549217772857588,0.003485261690502439
2016,07,IND.20_1,2.2077825343373475e-5,5.649602775289844e-5
2016,07,IND.34_1,3.150304585633682e-5,7.597832193038905e-5
2016,07,MEX.14_1,8.303473916745385e-5,2.63862858969691e-4
2016,07,MEX.16_1,1.6622422285981976e-4,4.4188966208655187e-4
2016,07,MEX.17_1,0.003113970322083842,0.0067919243029419315
2016,07,MEX.31_1,2.2561503477026932e-4,6.303385370777724e-4
2016,07,MEX.9_1,0.004624741253715254,0.015230278233526741
2016,07,PAK.7_1,1.4099295052364462e-4,1.779029144235135e-4
2016,07,PER.13_1,0.0013251747783451693,0.0019880642524616717
2016,07,PRI.52_1,0.18323771294741673,0.40048322593439
2016,07,PRI.65_1,0.11339406308658992,0.2782350012082047
2016,07,USA.5_1,5.319945300750744e-6,1.1945595334000979e-5
2016,07,VEN.14_1,6.986099341054322e-4,0.0017011384712520264
