ID_1,est,se
ESP.1_1,0.1094040285505663,0.11858705236606032
ESP.10_1,0.05498312000000005,0.13469153016793958
ESP.11_1,0.02879200000000004,0.11943428268283145
ESP.12_1,0.021882999999999986,0.05195459917485876
ESP.13_1,0.020000000000000018,0.14007005254378832
ESP.14_1,0.014950000000000019,0.08505875181806821
ESP.15_1,0.01100000000000001,0.10435463521037237
ESP.16_1,0.039604000000000084,0.09325812446647548
ESP.17_1,0.015000000000000013,0.12161327966052798
ESP.18_1,0.014000000000000012,0.11754921445002436
ESP.2_1,0.03568500000000008,0.08835637502035128
ESP.3_1,0.014000000000000012,0.11754921445002436
ESP.4_1,0.054000120000000096,0.08048468279538258
ESP.5_1,0.04618628200000008,0.047738898302086184
ESP.6_1,0.047169233199999994,0.10752851671648206
ESP.7_1,0.09399999999999997,0.14598737038631907
ESP.8_1,0.01100000000000001,0.10435463521037237
ESP.9_1,0,0
