ID_0,est,se
ESP,0.9897251552931515,0.19838626416617122
