year,month,gid_1,est,se
2014,01,ESP.1_1,0.012569108222450357,0.13233406160045147
2014,01,ESP.10_1,0.04662869344608107,0.20717975709868944
2014,01,ESP.11_1,0,0.35614854430846665
2014,01,ESP.12_1,0,0.32155908495225977
2014,01,ESP.13_1,0.13925454545454546,0.3450725649411658
2014,01,ESP.14_1,0,0.3941387052217951
2014,01,ESP.15_1,0.0030272727272727274,0.05471740119919799
2014,01,ESP.16_1,0.0020564952812883665,0.17002043970478778
2014,01,ESP.17_1,0,0.3105357184486713
2014,01,ESP.18_1,0.25933636363636364,0.43719805825522845
2014,01,ESP.2_1,0.005615227573741139,0.0715437524104751
2014,01,ESP.3_1,0,0.33088439746304826
2014,01,ESP.4_1,0.002174465375797795,0.1742124231625519
2014,01,ESP.5_1,0,0.3338651072568987
2014,01,ESP.6_1,0.2411078301907471,0.3187293967023268
2014,01,ESP.7_1,0,0.362108199067345
2014,01,ESP.8_1,0.0040363636363636365,0.06315051850925682
2014,01,ESP.9_1,0.005045454545454546,0.07056897321046962
