year,month,gid_1,est,se
2014,01,ESP.10_1,0.002008032128514056,0.08935341032175408
2014,01,ESP.2_1,0,0
2014,01,ESP.6_1,0.009338348156363448,0.15611143065648736
