year,month,gid_3,est,se
2018,11,ESP.10.1.1_1,0.743,0.43719805825522845
2018,11,ESP.10.1.2_1,0.147,0.35428310221702153
2018,11,ESP.10.1.3_1,0.534,0.4990922691177385
2018,11,ESP.10.1.4_1,0.72,0.44922355437109684
2018,11,ESP.10.1.5_1,0.187,0.3901066305296325
2018,11,ESP.10.1.6_1,0.191,0.3932857404911519
2018,11,ESP.10.1.7_1,0.999,0.03162277660168379
2018,11,ESP.10.1.8_1,0.086,0.28050433629924987
2018,11,ESP.10.1.9_1,0.072,0.2586172517116422
2018,11,ESP.10.2.1_1,0.08,0.27142894774447635
2018,11,ESP.10.2.2_1,0.601,0.48993779098885504
2018,11,ESP.10.2.3_1,0.444,0.49710271686152663
2018,11,ESP.10.2.5_1,0.789,0.4082225442643334
2018,11,ESP.10.2.7_1,0.106,0.30799165387857325
2018,11,ESP.10.2.8_1,0.137,0.3440194025768741
2018,11,ESP.10.3.1_1,0.898,0.30279974849343533
2018,11,ESP.10.3.10_1,0.999,0.03162277660168379
2018,11,ESP.10.3.11_1,0.912,0.28343665312788385
2018,11,ESP.10.3.12_1,0.005,0.07056897321046962
2018,11,ESP.10.3.13_1,0.999,0.03162277660168379
2018,11,ESP.10.3.14_1,0.344,0.475278749672116
2018,11,ESP.10.3.16_1,0.966,0.18131981931624816
2018,11,ESP.10.3.17_1,0.836,0.3704608498090469
2018,11,ESP.10.3.18_1,0.132,0.3386601403925338
2018,11,ESP.10.3.2_1,0.103,0.304110972316823
2018,11,ESP.10.3.3_1,0,0
2018,11,ESP.10.3.3_1,0,0
2018,11,ESP.10.3.3_1,0,0
2018,11,ESP.10.3.4_1,0.627,0.48384409173317916
2018,11,ESP.10.3.5_1,0.875,0.33088439746304826
2018,11,ESP.10.3.6_1,0.001,0.03162277660168379
2018,11,ESP.10.3.7_1,0.997,0.05471740119919799
2018,11,ESP.10.3.7_1,0.997,0.054717401199198
2018,11,ESP.10.3.8_1,0.983,0.1293357171384909
2018,11,ESP.10.3.9_1,0.683,0.46554025360620294
