year,month,gid_2,est,se
2020,04,ESP.1.1_1,0.965,0.18387171834952978
2020,04,ESP.1.2_1,0.701,0.4580489153014215
2020,04,ESP.1.3_1,0.501,0.500249187155011
2020,04,ESP.1.4_1,0.857,0.3502480173729377
2020,04,ESP.1.5_1,0,0.4907461989988632
2020,04,ESP.1.6_1,0.045,0.20740785428237288
2020,04,ESP.1.7_1,0.969,0.17340435135563662
2020,04,ESP.1.8_1,0.241,0.42790431418963526
2020,04,ESP.10.1_1,0.84,0.366789496216201
2020,04,ESP.10.2_1,0.952,0.21387319079712103
2020,04,ESP.10.3_1,0.865,0.34189456253630574
2020,04,ESP.11.1_1,0,0.49261919742705285
2020,04,ESP.11.2_1,0,0.49380547166252
2020,04,ESP.12.1_1,0,0.4924413655436538
2020,04,ESP.12.2_1,0,0.49663532561291557
2020,04,ESP.12.3_1,0,0.49226143594773025
2020,04,ESP.12.4_1,0,0.4962633144584408
2020,04,ESP.13.1_1,0.973,0.162164414398774
2020,04,ESP.14.1_1,0,0.4833141758655467
2020,04,ESP.14.2_1,0,0.4816710568500115
2020,04,ESP.15.1_1,0.055,0.22809433799861634
2020,04,ESP.16.1_1,0,0.49428262696084646
2020,04,ESP.16.2_1,0.544,0.4983094543677777
2020,04,ESP.16.3_1,0.208,0.4060799193519681
2020,04,ESP.17.1_1,0,0.4973241712719495
2020,04,ESP.18.1_1,0.922,0.26830577330349786
2020,04,ESP.2.1_1,0.764,0.4248346554654934
2020,04,ESP.2.2_1,0.049,0.21597603025716916
2020,04,ESP.2.3_1,0.272,0.44521254947969985
2020,04,ESP.3.1_1,0,0.49560228169533443
2020,04,ESP.4.1_1,0.153,0.3601676286407771
2020,04,ESP.4.2_1,0,0.4927949338688932
2020,04,ESP.4.3_1,0.266,0.44208533049564025
2020,04,ESP.4.4_1,0,0.48930912869414506
2020,04,ESP.4.5_1,0.054,0.2261307920985887
2020,04,ESP.5.1_1,0,0.49314012936201734
2020,04,ESP.5.2_1,0,0.49503642397409614
2020,04,ESP.5.3_1,0,0.48973037054672836
2020,04,ESP.5.4_1,0,0.4929685771101623
2020,04,ESP.5.5_1,0,0.49687310541312546
2020,04,ESP.5.6_1,0,0.49226143594773025
2020,04,ESP.5.7_1,0,0.49396660110072527
2020,04,ESP.5.8_1,0,0.49189527438364455
2020,04,ESP.5.9_1,0,0.49347696959383985
2020,04,ESP.6.1_1,0.872,0.3342569785774528
2020,04,ESP.6.2_1,0.912,0.28343665312788385
2020,04,ESP.6.3_1,0.745,0.4360793106364542
2020,04,ESP.6.4_1,0.917,0.2760202658994212
2020,04,ESP.7.1_1,0,0.4909429956981004
2020,04,ESP.7.2_1,0,0.4884409632438444
2020,04,ESP.8.1_1,0.502,0.5002461856388775
2020,04,ESP.9.1_1,0.05,0.21805400144814482
