year,month,gid_2,est,se
2020,04,ESP.1.1_1,0.368,0.4825026516080599
2020,04,ESP.1.2_1,0.055,0.22809433799861634
2020,04,ESP.1.4_1,0.162,0.36863517451796685
2020,04,ESP.1.7_1,0.689,0.4631344227041362
2020,04,ESP.1.8_1,0.001,0.03162277660168379
2020,04,ESP.10.1_1,0.413,0.49261919742705285
2020,04,ESP.10.2_1,0.448,0.49753747953651045
2020,04,ESP.10.3_1,0.392,0.4884409632438444
2020,04,ESP.11.1_1,0,0.402433787041984
2020,04,ESP.11.2_1,0,0.39944781706570703
2020,04,ESP.12.3_1,0,0.40751204407485436
2020,04,ESP.12.4_1,0,0.4060799193519681
2020,04,ESP.13.1_1,0.704,0.45671938057476014
2020,04,ESP.14.2_1,0,0.40317061716666125
2020,04,ESP.15.1_1,0,0.04469897088298564
2020,04,ESP.16.1_1,0,0.14345584540052586
2020,04,ESP.16.2_1,0,0.0995485304256668
2020,04,ESP.17.1_1,0,0.4053582555164201
2020,04,ESP.18.1_1,0.69,0.46272466339510593
2020,04,ESP.2.3_1,0,0.03162277660168379
2020,04,ESP.3.1_1,0,0.403903624814309
2020,04,ESP.4.1_1,0,0
2020,04,ESP.4.5_1,0,0
2020,04,ESP.5.4_1,0,0.3986915536538929
2020,04,ESP.5.5_1,0,0.39716714584887525
2020,04,ESP.5.9_1,0,0.4067978422810088
2020,04,ESP.6.1_1,0.406,0.4913302406787164
2020,04,ESP.6.2_1,0.545,0.4982200550190881
2020,04,ESP.6.3_1,0.186,0.3893013685508382
2020,04,ESP.6.4_1,0.619,0.48587557571365436
2020,04,ESP.8.1_1,0,0.22010780869257557
2020,04,ESP.9.1_1,0,0.05471740119919799
