year,month,gid_2,est,se
2020,04,ESP.1.1_1,0.21,0.40751204407485436
2020,04,ESP.1.2_1,0.232,0.42232020358296185
2020,04,ESP.1.3_1,0.344,0.475278749672116
2020,04,ESP.1.4_1,0.208,0.4060799193519681
2020,04,ESP.1.5_1,0.084,0.2775266131761439
2020,04,ESP.1.6_1,0.198,0.3986915536538929
2020,04,ESP.1.7_1,0.308,0.4618975528722244
2020,04,ESP.1.8_1,0.602,0.48973037054672836
2020,04,ESP.10.1_1,0.195,0.3963989557656934
2020,04,ESP.10.2_1,0.186,0.3893013685508382
2020,04,ESP.10.3_1,0.311,0.4631344227041362
2020,04,ESP.11.1_1,0.318,0.46593249842986173
2020,04,ESP.11.2_1,0.072,0.2586172517116422
2020,04,ESP.12.1_1,0.87,0.33647171235218754
2020,04,ESP.12.2_1,0,0.41910219117375974
2020,04,ESP.12.3_1,0,0.43664018900538076
2020,04,ESP.12.4_1,0.092,0.28917057184232914
2020,04,ESP.13.1_1,0.356,0.4790547917446328
2020,04,ESP.14.1_1,0.27,0.44418160396092193
2020,04,ESP.14.2_1,0.092,0.28917057184232914
2020,04,ESP.15.1_1,0.212,0.40892936214366316
2020,04,ESP.16.1_1,0,0.41512809027013736
2020,04,ESP.16.2_1,0.193,0.39485048677557294
2020,04,ESP.16.3_1,0.37,0.48304589153964794
2020,04,ESP.17.1_1,0.552,0.49753747953651045
2020,04,ESP.18.1_1,0.319,0.4663222667388471
2020,04,ESP.2.1_1,0,0.43775292989039793
2020,04,ESP.2.2_1,0.103,0.304110972316823
2020,04,ESP.2.3_1,0.32,0.46670956473787617
2020,04,ESP.3.1_1,0.199,0.39944781706570703
2020,04,ESP.4.1_1,0.082,0.27450200609713465
2020,04,ESP.4.2_1,0,0.4291097005838194
2020,04,ESP.4.3_1,0,0.42729683193604723
2020,04,ESP.4.4_1,0.272,0.44521254947969985
2020,04,ESP.4.5_1,0.086,0.28050433629924987
2020,04,ESP.5.1_1,0.645,0.4787527589520547
2020,04,ESP.5.2_1,0.087,0.2819760814510878
2020,04,ESP.5.3_1,0.122,0.32744957355785825
2020,04,ESP.5.4_1,0,0.43380547159664457
2020,04,ESP.5.5_1,0.174,0.37929917989348183
2020,04,ESP.5.6_1,0,0.40892936214366316
2020,04,ESP.5.7_1,0,0.43719805825522845
2020,04,ESP.5.8_1,0,0.44208533049564025
2020,04,ESP.5.9_1,0,0.43494847991478275
2020,04,ESP.6.1_1,0.825,0.38015722999769386
2020,04,ESP.6.2_1,0.446,0.4973241712719495
2020,04,ESP.6.3_1,0.082,0.27450200609713465
2020,04,ESP.6.4_1,0.331,0.4708085180417413
2020,04,ESP.7.1_1,0.126,0.3320154126456093
2020,04,ESP.7.2_1,0,0.4157990967870047
2020,04,ESP.8.1_1,0.706,0.45581988961844544
2020,04,ESP.9.1_1,0,0.4360793106364542
