year,month,gid_1,est,se
2015,01,ESP.10_1,0.969,0.17340435135563662
2015,01,ESP.6_1,0.934,0.24840633185509928
