year,month,gid_2,est,se
2020,07,ESP.1.1_1,0.979,0.14345584540052586
2020,07,ESP.1.2_1,0.786,0.41033202698835536
2020,07,ESP.1.3_1,0.555,0.49721446300587663
2020,07,ESP.1.4_1,0.899,0.3014795016081357
2020,07,ESP.1.5_1,0,0.49488980179017217
2020,07,ESP.1.6_1,0.08,0.27142894774447635
2020,07,ESP.1.7_1,0.982,0.13301764429463367
2020,07,ESP.1.8_1,0.321,0.46709439857182744
2020,07,ESP.10.1_1,0.874,0.3320154126456093
2020,07,ESP.10.2_1,0.964,0.18638331132035063
2020,07,ESP.10.3_1,0.895,0.3067068128833611
2020,07,ESP.11.1_1,0,0.4974318430081034
2020,07,ESP.11.2_1,0,0.4984821807090846
2020,07,ESP.12.1_1,0,0.5002341793942455
2020,07,ESP.12.2_1,0,0.49839682924292306
2020,07,ESP.12.3_1,0,0.4984821807090846
2020,07,ESP.12.4_1,0,0.4963893657225167
2020,07,ESP.13.1_1,0.973,0.162164414398774
2020,07,ESP.14.1_1,0,0.48930912869414506
2020,07,ESP.14.2_1,0,0.49152069396170145
2020,07,ESP.15.1_1,0.062,0.24127621974453722
2020,07,ESP.16.1_1,0,0.4976410821532389
2020,07,ESP.16.2_1,0.66,0.47394580346767984
2020,07,ESP.16.3_1,0.289,0.45352473436923446
2020,07,ESP.17.1_1,0,0.4979396991041626
2020,07,ESP.18.1_1,0.951,0.21597603025716916
2020,07,ESP.2.1_1,0.817,0.3868600013708585
2020,07,ESP.2.2_1,0.103,0.304110972316823
2020,07,ESP.2.3_1,0.332,0.4711666350644939
2020,07,ESP.3.1_1,0,0.49687310541312546
2020,07,ESP.4.1_1,0.196,0.39716714584887525
2020,07,ESP.4.2_1,0,0.4983094543677777
2020,07,ESP.4.3_1,0.367,0.48222768848702946
2020,07,ESP.4.4_1,0,0.49651336892930237
2020,07,ESP.4.5_1,0.058,0.2338604085575211
2020,07,ESP.5.2_1,0,0.4961352135760474
2020,07,ESP.5.3_1,0,0.49839682924292306
2020,07,ESP.5.4_1,0,0.49675523728066096
2020,07,ESP.5.5_1,0,0.4982200550190881
2020,07,ESP.5.6_1,0,0.497742652128334
2020,07,ESP.5.7_1,0,0.4979396991041626
2020,07,ESP.5.8_1,0,0.49940805801309257
2020,07,ESP.5.9_1,0,0.4995733915788286
2020,07,ESP.6.1_1,0.895,0.30670681288336105
2020,07,ESP.6.2_1,0.935,0.24664921616708177
2020,07,ESP.6.3_1,0.815,0.38849186082326864
2020,07,ESP.6.4_1,0.958,0.20068950215762726
2020,07,ESP.7.1_1,0,0.4982200550190881
2020,07,ESP.8.1_1,0.584,0.49314012936201734
2020,07,ESP.9.1_1,0.075,0.26352313834736496
