year,month,gid_2,est,se
2020,07,ESP.1.1_1,0.999,0.03162277660168379
2020,07,ESP.1.2_1,0.819,0.38521083498181535
2020,07,ESP.1.3_1,0.107,0.30926792049394103
2020,07,ESP.1.4_1,0.986,0.11754921445002436
2020,07,ESP.1.5_1,0,0.48973037054672836
2020,07,ESP.1.6_1,0,0.1467567291047928
2020,07,ESP.1.7_1,1,0
2020,07,ESP.1.8_1,0.037,0.1888562063228706
2020,07,ESP.10.1_1,0.877,0.32860155048170264
2020,07,ESP.10.2_1,0.998,0.04469897088298564
2020,07,ESP.10.3_1,0.966,0.18131981931624816
2020,07,ESP.11.1_1,0,0.49443752736667196
2020,07,ESP.11.2_1,0,0.4911376754192415
2020,07,ESP.12.1_1,0,0.4933095928059319
2020,07,ESP.12.2_1,0,0.4884409632438444
2020,07,ESP.12.3_1,0,0.49261919742705285
2020,07,ESP.12.4_1,0,0.49380547166252
2020,07,ESP.13.1_1,1,0
2020,07,ESP.14.1_1,0,0.4825026516080599
2020,07,ESP.14.2_1,0,0.48683879468671354
2020,07,ESP.15.1_1,0,0.11754921445002436
2020,07,ESP.16.1_1,0,0.4911376754192415
2020,07,ESP.16.2_1,0.542,0.4984821807090846
2020,07,ESP.16.3_1,0.137,0.3440194025768741
2020,07,ESP.17.1_1,0,0.4933095928059319
2020,07,ESP.18.1_1,0.98,0.14007005254378832
2020,07,ESP.2.1_1,0.677,0.46785669802824226
2020,07,ESP.2.2_1,0,0.12161327966052798
2020,07,ESP.2.3_1,0,0.4961352135760474
2020,07,ESP.3.1_1,0,0.49170903772228736
2020,07,ESP.4.1_1,0.123,0.32860155048170264
2020,07,ESP.4.2_1,0,0.49380547166252
2020,07,ESP.4.3_1,0.204,0.40317061716666125
2020,07,ESP.4.4_1,0,0.49380547166252
2020,07,ESP.4.5_1,0,0.07726558075864033
2020,07,ESP.5.2_1,0,0.4973241712719495
2020,07,ESP.5.3_1,0,0.49347696959383985
2020,07,ESP.5.4_1,0,0.49226143594773025
2020,07,ESP.5.5_1,0,0.49380547166252
2020,07,ESP.5.6_1,0,0.49226143594773025
2020,07,ESP.5.7_1,0,0.49412565219806204
2020,07,ESP.5.8_1,0,0.49380547166252
2020,07,ESP.5.9_1,0,0.49261919742705285
2020,07,ESP.6.1_1,0.972,0.16505527329729044
2020,07,ESP.6.2_1,0.998,0.04469897088298564
2020,07,ESP.6.3_1,0.988,0.10893974420691407
2020,07,ESP.6.4_1,0.998,0.04469897088298564
2020,07,ESP.7.1_1,0,0.49412565219806204
2020,07,ESP.8.1_1,0.632,0.4825026516080599
2020,07,ESP.9.1_1,0,0.1293357171384909
