year,month,gid_4,est,se
2021,09,ESP.10.1.1.3_1,0.069,0.2535809600567505
2021,09,ESP.10.1.1.8_1,0.225,0.4177912750998392
2021,09,ESP.10.1.4.20_1,0.741,0.4383048152953731
2021,09,ESP.10.1.4.23_1,0.268,0.4431392245924213
2021,09,ESP.10.1.4.27_1,0.096,0.2947386484173239
2021,09,ESP.10.1.6.12_1,0.069,0.2535809600567505
2021,09,ESP.10.1.6.27_1,0.777,0.41646661864361284
2021,09,ESP.10.1.7.1_1,0.347,0.4762539425745658
2021,09,ESP.10.1.7.10_1,0.035,0.18387171834952978
2021,09,ESP.10.1.7.2_1,0.569,0.49546390835709164
2021,09,ESP.10.1.7.6_1,0.46,0.49864681754589457
2021,09,ESP.10.1.9.3_1,0.002,0.04469897088298564
2021,09,ESP.10.2.5.11_1,0.988,0.10893974420691407
2021,09,ESP.10.2.7.2_1,0.089,0.2848862231842041
2021,09,ESP.10.2.7.6_1,0.078,0.26830577330349786
2021,09,ESP.10.2.8.8_1,0.093,0.290577761426155
2021,09,ESP.10.3.1.14_1,0.017,0.1293357171384909
2021,09,ESP.10.3.13.9_1,0.119,0.32395052700056526
2021,09,ESP.10.3.4.1_1,0.256,0.43664018900538076
2021,09,ESP.10.3.7.19_1,0.256,0.43664018900538076
2021,09,ESP.10.3.7.2_1,0.817,0.3868600013708585
2021,09,ESP.10.3.7.4_1,0.356,0.4790547917446328
2021,09,ESP.10.3.8.5_1,0.134,0.3408227694273963
