year,month,gid_4,est,se
2021,09,ESP.10.1.1.3_1,0.08,0.27142894774447635
2021,09,ESP.10.1.1.8_1,0.231,0.42168331341993703
2021,09,ESP.10.1.4.20_1,0.731,0.4436618485241162
2021,09,ESP.10.1.4.23_1,0.275,0.4467377022085494
2021,09,ESP.10.1.4.27_1,0.095,0.2933616557443407
2021,09,ESP.10.1.6.12_1,0.063,0.24308453280719053
2021,09,ESP.10.1.6.27_1,0.808,0.39407016036651554
2021,09,ESP.10.1.7.1_1,0.352,0.47783294604320065
2021,09,ESP.10.1.7.10_1,0.048,0.21387319079712103
2021,09,ESP.10.1.7.2_1,0.595,0.4911376754192415
2021,09,ESP.10.1.7.6_1,0.466,0.4990922691177385
2021,09,ESP.10.1.9.3_1,0.006,0.07726558075864033
2021,09,ESP.10.2.5.11_1,0.997,0.05471740119919799
2021,09,ESP.10.2.7.2_1,0.104,0.30541328929383094
2021,09,ESP.10.2.7.6_1,0.076,0.26513071171460745
2021,09,ESP.10.2.8.8_1,0.09,0.28632495871296654
2021,09,ESP.10.3.1.14_1,0.018,0.13301764429463367
2021,09,ESP.10.3.13.9_1,0.129,0.33536766610911
2021,09,ESP.10.3.4.1_1,0.231,0.42168331341993703
2021,09,ESP.10.3.7.19_1,0.275,0.4467377022085494
2021,09,ESP.10.3.7.2_1,0.802,0.3986915536538929
2021,09,ESP.10.3.7.4_1,0.447,0.4974318430081034
2021,09,ESP.10.3.8.5_1,0.168,0.3740533597174552
