year,month,gid_4,est,se
2021,09,ESP.10.1.1.3_1,0.172,0.3775692765024169
2021,09,ESP.10.1.1.8_1,0.162,0.36863517451796685
2021,09,ESP.10.1.4.20_1,0.669,0.47080851804174134
2021,09,ESP.10.1.4.23_1,0.156,0.3630369069334353
2021,09,ESP.10.1.4.27_1,0.11,0.31304631925323445
2021,09,ESP.10.1.6.12_1,0.072,0.2586172517116422
2021,09,ESP.10.1.6.27_1,0.686,0.4643485970901814
2021,09,ESP.10.1.7.1_1,0.215,0.4110279113928201
2021,09,ESP.10.1.7.10_1,0.025,0.15620307103062794
2021,09,ESP.10.1.7.2_1,0.412,0.4924413655436538
2021,09,ESP.10.1.7.6_1,0.338,0.4732652321690026
2021,09,ESP.10.1.9.3_1,0.013,0.11333068359382575
2021,09,ESP.10.2.5.11_1,0.954,0.20958990416508122
2021,09,ESP.10.2.7.2_1,0.096,0.2947386484173239
2021,09,ESP.10.2.7.6_1,0.106,0.30799165387857325
2021,09,ESP.10.2.8.8_1,0.063,0.24308453280719053
2021,09,ESP.10.3.1.14_1,0.036,0.18638331132035063
2021,09,ESP.10.3.13.9_1,0.085,0.2790212408632233
2021,09,ESP.10.3.4.1_1,0.356,0.4790547917446328
2021,09,ESP.10.3.7.19_1,0.136,0.3429600875052688
2021,09,ESP.10.3.7.2_1,0.531,0.4992877810324305
2021,09,ESP.10.3.7.4_1,0.296,0.45671938057476014
2021,09,ESP.10.3.8.5_1,0.11,0.31304631925323445
