year,month,gid_3,est,se
2014,05,ESP.10.1.1_1,0.008997149830445424,0.049957931806525684
2014,05,ESP.10.1.4_1,0.005053508119420977,0.030787085062630472
2014,05,ESP.10.1.6_1,0.007187251920965735,0.04101899745789616
2014,05,ESP.10.1.7_1,0.014935250764623487,0.07087598099227323
2014,05,ESP.10.1.9_1,0.006947371849634774,0.05237003774747509
2014,05,ESP.10.2.5_1,0.002986017434163666,0.019491856759469735
2014,05,ESP.10.2.7_1,0.004732000476363367,0.028738097678525032
2014,05,ESP.10.2.8_1,0.010914816779760807,0.05719689914040694
2014,05,ESP.10.3.1_1,0.01928553755361215,0.11687323574139392
2014,05,ESP.10.3.13_1,0.0024257806703989727,0.02055392778532032
2014,05,ESP.10.3.4_1,0.040000561692996255,0.24402458291366505
2014,05,ESP.10.3.7_1,0.028997275474212058,0.19988675173707676
2014,05,ESP.10.3.8_1,0.026126543593762923,0.16508679694847167
2014,05,ESP.18.1.5_1,0.0059896958904359365,0.033921105075342226
2014,05,ESP.2.2.1_1,0.001370800509135051,0.005383047798554678
2014,05,ESP.2.3.2_1,5.756400842296702e-4,0.002249365011751583
2014,05,ESP.6.1.10_1,0.009036751588981406,0.05198094768859798
2014,05,ESP.6.1.11_1,0.01002566599034378,0.05404939027717227
2014,05,ESP.6.1.12_1,0.004638430223284527,0.030951772734858593
2014,05,ESP.6.1.3_1,0.01555560305334004,0.07993209212829999
2014,05,ESP.6.1.5_1,0.006689389507107924,0.041212654711258775
2014,05,ESP.6.1.6_1,0.015523061686427992,0.09042518733822934
2014,05,ESP.6.1.9_1,0.002916239475868389,0.020128910269380858
2014,05,ESP.6.2.4_1,0.008968888305753655,0.041780281476536306
2014,05,ESP.6.2.5_1,0.0022633431272797468,0.015377495759450377
2014,05,ESP.6.2.6_1,0.004824461048508833,0.027014779778193592
2014,05,ESP.6.2.7_1,0.008505926871341314,0.04418329696904833
2014,05,ESP.6.3.10_1,0.002985387312578877,0.020632129555852193
2014,05,ESP.6.4.2_1,0.011758258966063353,0.07351686208344856
2014,05,ESP.6.4.3_1,0.0039391839316802145,0.021767758725485687
2014,05,ESP.6.4.7_1,0.0029344474271713167,0.015183111765570178
