year,month,gid_3,est,se
2015,01,ESP.10.1.1_1,0.191,0.3932857404911519
2015,01,ESP.10.1.2_1,0.016,0.12553788177183714
2015,01,ESP.10.1.3_1,0.012,0.10893974420691407
2015,01,ESP.10.1.4_1,0.635,0.4816710568500115
2015,01,ESP.10.1.5_1,0.322,0.46747677432631296
2015,01,ESP.10.1.6_1,0.145,0.3522770203960217
2015,01,ESP.10.1.7_1,1,0
2015,01,ESP.10.1.8_1,0,0
2015,01,ESP.10.1.8_1,0,0
2015,01,ESP.10.1.8_1,0,0
2015,01,ESP.10.1.8_1,0,0
2015,01,ESP.10.1.9_1,0,0
2015,01,ESP.10.1.9_1,0,0
2015,01,ESP.10.1.9_1,0,0
2015,01,ESP.10.2.1_1,0.009,0.09448771310560929
2015,01,ESP.10.2.2_1,0.596,0.4909429956981004
2015,01,ESP.10.2.3_1,0.328,0.46971974265154814
2015,01,ESP.10.2.5_1,0.042,0.20068950215762726
2015,01,ESP.10.2.7_1,0.101,0.3014795016081357
2015,01,ESP.10.2.8_1,0.136,0.3429600875052688
2015,01,ESP.10.3.1_1,0.811,0.3917045218432287
2015,01,ESP.10.3.10_1,1,0
2015,01,ESP.10.3.11_1,0.99,0.0995485304256668
2015,01,ESP.10.3.12_1,0.002,0.04469897088298564
2015,01,ESP.10.3.13_1,0.175,0.38015722999769386
2015,01,ESP.10.3.14_1,0.026,0.15921478998305827
2015,01,ESP.10.3.16_1,0.623,0.4848774134831464
2015,01,ESP.10.3.17_1,0.833,0.3731624984510773
2015,01,ESP.10.3.18_1,0.176,0.3810107205436209
2015,01,ESP.10.3.2_1,0.086,0.28050433629924987
2015,01,ESP.10.3.3_1,0.001,0.03162277660168379
2015,01,ESP.10.3.4_1,0,0
2015,01,ESP.10.3.5_1,0.234,0.42358402168096876
2015,01,ESP.10.3.6_1,0,0
2015,01,ESP.10.3.6_1,0,0
2015,01,ESP.10.3.6_1,0,0
2015,01,ESP.10.3.6_1,0,0
2015,01,ESP.10.3.7_1,0.947,0.22414558046332575
2015,01,ESP.10.3.8_1,0.924,0.26513071171460745
2015,01,ESP.10.3.9_1,0.808,0.39407016036651554
