year,month,gid_1,est,se
2021,07,ESP.1_1,0,0.3633425346521769
2021,07,ESP.10_1,0,0.3680904452574184
2021,07,ESP.11_1,0,0.3485830122682233
2021,07,ESP.12_1,0,0.3403785495513765
2021,07,ESP.13_1,0,0.37140092500787764
2021,07,ESP.14_1,0,0.3653889361846623
2021,07,ESP.15_1,0,0.36105863366687857
2021,07,ESP.16_1,0.061870108448704005,0.11946899966906058
2021,07,ESP.17_1,0.508,0.5001581238578817
2021,07,ESP.18_1,0,0.37240589662480167
2021,07,ESP.2_1,0,0.3621396941416393
2021,07,ESP.3_1,0,0.12825428611336537
2021,07,ESP.4_1,0,0.3616498691776406
2021,07,ESP.5_1,0,0.35311574025750264
2021,07,ESP.6_1,0,0.34614024734022003
2021,07,ESP.7_1,0,0.3753896384720833
2021,07,ESP.8_1,0,0.34678384369549775
2021,07,ESP.9_1,0,0.3545902383577776
