year,month,gid_1,est,se
2021,07,ESP.1_1,0,0.24667034534452859
2021,07,ESP.10_1,0,0.24982453380384553
2021,07,ESP.11_1,0,0.229494699307256
2021,07,ESP.12_1,0,0.2585110451235256
2021,07,ESP.13_1,0,0.27415167503429694
2021,07,ESP.14_1,0,0.24296734437779857
2021,07,ESP.15_1,0,0.27415167503429694
2021,07,ESP.16_1,0.063,0.15693283700256802
2021,07,ESP.17_1,0.482,0.4998336960706769
2021,07,ESP.18_1,0,0.2617311570493363
2021,07,ESP.2_1,0,0.23529269781561366
2021,07,ESP.3_1,0,0.15208058088457563
2021,07,ESP.4_1,0,0.2576034023101889
2021,07,ESP.5_1,0,0.2696759940186434
2021,07,ESP.6_1,0,0.2377743520579283
2021,07,ESP.7_1,0,0.23133210415090877
2021,07,ESP.8_1,0,0.24698479363994438
2021,07,ESP.9_1,0,0.24187294223723343
2021,07,ITA.1_1,0,0.25798041547691286
2021,07,ITA.10_1,0,0.1140760616413597
2021,07,ITA.11_1,0,0.25000363338567505
2021,07,ITA.12_1,0,0.23792773945553494
2021,07,ITA.13_1,0,0.2515166018133314
2021,07,ITA.14_1,0,0.2350776232791059
2021,07,ITA.15_1,0,0.24505088541511094
2021,07,ITA.16_1,0,0.2515227634511306
2021,07,ITA.17_1,0,0.2542163498323221
2021,07,ITA.18_1,0,0.26103178386989273
2021,07,ITA.19_1,0,0.2552829057717184
2021,07,ITA.2_1,0,0.24768435772581443
2021,07,ITA.20_1,0.002352709280290321,0.028281232186061836
2021,07,ITA.3_1,0,0.2744466384419627
2021,07,ITA.4_1,0,0.24115130027353357
2021,07,ITA.5_1,0,0.2673612401161151
2021,07,ITA.6_1,0,0.2433391032698523
2021,07,ITA.7_1,0,0.13354240005242113
2021,07,ITA.8_1,0,0.2424314418893616
2021,07,ITA.9_1,0,0.22956258886153377
