year,month,gid_1,est,se
2021,07,ESP.1_1,0,0.3434595197097987
2021,07,ESP.10_1,0,0.3511962650154025
2021,07,ESP.11_1,0,0.3542411258245034
2021,07,ESP.12_1,0,0.35657144720327705
2021,07,ESP.13_1,0,0.34341525044992705
2021,07,ESP.14_1,0,0.33090069988987264
2021,07,ESP.15_1,0,0.3594429691316521
2021,07,ESP.16_1,0.08912077118031735,0.3390986547057776
2021,07,ESP.17_1,0.507,0.5001875117765207
2021,07,ESP.18_1,0,0.32239850627913297
2021,07,ESP.2_1,0,0.3540255788643488
2021,07,ESP.3_1,0.065,0.176047407738125
2021,07,ESP.4_1,0,0.35494807133948
2021,07,ESP.5_1,0,0.3612198104354902
2021,07,ESP.6_1,0,0.35080943081805493
2021,07,ESP.7_1,0,0.35678651790710186
2021,07,ESP.8_1,0,0.3510534973683329
2021,07,ESP.9_1,0,0.34997965189256164
