ID_1,est,se
ESP.1_1,0,0
ESP.10_1,0,0
ESP.11_1,0,0
ESP.12_1,0,0
ESP.13_1,0,0
ESP.14_1,0,0
ESP.15_1,0,0
ESP.16_1,0.122112,0.16158268127007697
ESP.17_1,0.495,0.50022517452166
ESP.18_1,0,0
ESP.2_1,0,0
ESP.3_1,0.014000000000000012,0.11754921445002436
ESP.4_1,0,0
ESP.5_1,0,0
ESP.6_1,0,0
ESP.7_1,0,0
ESP.8_1,0,0
ESP.9_1,0,0
