year,month,gid_2,est,se
2021,08,ESP.1.1_1,0,0.35725009115132167
2021,08,ESP.1.2_1,0,0.37843653921656956
2021,08,ESP.1.3_1,0,0.3532829019480122
2021,08,ESP.1.4_1,0,0.3611293596682696
2021,08,ESP.1.5_1,0,0.3502480173729377
2021,08,ESP.1.6_1,0,0.3611293596682696
2021,08,ESP.1.7_1,0,0.3552776691859794
2021,08,ESP.1.8_1,0,0.3704608498090469
2021,08,ESP.10.1_1,0,0.36585906146062974
2021,08,ESP.10.2_1,0,0.3639828065767441
2021,08,ESP.10.3_1,0,0.3562666500332664
2021,08,ESP.11.1_1,0,0.3502480173729377
2021,08,ESP.11.2_1,0,0.3532829019480122
2021,08,ESP.12.1_1,0,0.3818596821043259
2021,08,ESP.12.2_1,0,0.362085771753194
2021,08,ESP.12.3_1,0,0.3450725649411658
2021,08,ESP.12.4_1,0,0.35725009115132167
2021,08,ESP.13.1_1,0,0.3582280381646966
2021,08,ESP.14.1_1,0,0.3532829019480122
2021,08,ESP.14.2_1,0,0.3532829019480122
2021,08,ESP.15.1_1,0,0.37843653921656956
2021,08,ESP.16.1_1,0,0.3630369069334353
2021,08,ESP.16.2_1,0.12,0.3251241389157466
2021,08,ESP.16.3_1,0.142,0.34922479573758497
2021,08,ESP.17.1_1,0.454,0.49812863010685515
2021,08,ESP.18.1_1,0,0.362085771753194
2021,08,ESP.2.1_1,0,0.36955049393495276
2021,08,ESP.2.2_1,0,0.3592005359475749
2021,08,ESP.2.3_1,0,0.3630369069334353
2021,08,ESP.3.1_1,0.083,0.2760202658994212
2021,08,ESP.4.1_1,0,0.3532829019480122
2021,08,ESP.4.2_1,0,0.3582280381646966
2021,08,ESP.4.3_1,0,0.3630369069334353
2021,08,ESP.4.4_1,0,0.3775692765024169
2021,08,ESP.4.5_1,0,0.3740533597174552
2021,08,ESP.5.1_1,0,0.3450725649411658
2021,08,ESP.5.3_1,0,0.3471606552023436
2021,08,ESP.5.4_1,0,0.3677148544921924
2021,08,ESP.5.5_1,0,0.3775692765024169
2021,08,ESP.5.6_1,0,0.3704608498090469
2021,08,ESP.5.7_1,0,0.362085771753194
2021,08,ESP.5.8_1,0,0.35725009115132167
2021,08,ESP.5.9_1,0,0.37136627864268035
2021,08,ESP.6.1_1,0,0.37136627864268035
2021,08,ESP.6.2_1,0,0.37226681638655706
2021,08,ESP.6.3_1,0,0.3731624984510773
2021,08,ESP.6.4_1,0,0.35428310221702153
2021,08,ESP.7.1_1,0,0.33647171235218754
2021,08,ESP.7.2_1,0,0.3502480173729377
2021,08,ESP.8.1_1,0,0.36863517451796685
2021,08,ESP.9.1_1,0,0.36492351139542817
