year,month,gid_2,est,se
2021,08,ESP.1.1_1,0,0.36492351139542817
2021,08,ESP.1.2_1,0,0.3461196307619647
2021,08,ESP.1.3_1,0,0.3630369069334353
2021,08,ESP.1.4_1,0,0.33536766610911
2021,08,ESP.1.5_1,0,0.3532829019480122
2021,08,ESP.1.6_1,0,0.3461196307619647
2021,08,ESP.1.7_1,0,0.362085771753194
2021,08,ESP.1.8_1,0,0.3740533597174552
2021,08,ESP.10.1_1,0,0.34922479573758497
2021,08,ESP.10.2_1,0,0.35428310221702153
2021,08,ESP.10.3_1,0,0.3639828065767441
2021,08,ESP.11.1_1,0,0.36955049393495276
2021,08,ESP.11.2_1,0,0.3522770203960217
2021,08,ESP.12.1_1,0,0.3860375953518323
2021,08,ESP.12.2_1,0,0.34819569244928955
2021,08,ESP.12.3_1,0,0.3471606552023436
2021,08,ESP.12.4_1,0,0.3582280381646966
2021,08,ESP.13.1_1,0,0.3601676286407771
2021,08,ESP.14.1_1,0,0.3386601403925338
2021,08,ESP.14.2_1,0,0.36585906146062974
2021,08,ESP.15.1_1,0,0.3611293596682696
2021,08,ESP.16.1_1,0,0.3601676286407771
2021,08,ESP.16.2_1,0.11,0.31304631925323445
2021,08,ESP.16.3_1,0.119,0.32395052700056526
2021,08,ESP.17.1_1,0.477,0.4997206426802086
2021,08,ESP.18.1_1,0,0.34922479573758497
2021,08,ESP.2.1_1,0,0.3397446488562056
2021,08,ESP.2.2_1,0,0.3677148544921924
2021,08,ESP.2.3_1,0,0.3611293596682696
2021,08,ESP.3.1_1,0.066,0.24840633185509925
2021,08,ESP.4.1_1,0,0.3639828065767441
2021,08,ESP.4.2_1,0,0.3552776691859794
2021,08,ESP.4.3_1,0,0.3592005359475749
2021,08,ESP.4.4_1,0,0.3532829019480122
2021,08,ESP.4.5_1,0,0.3601676286407771
2021,08,ESP.5.1_1,0,0.3601676286407771
2021,08,ESP.5.2_1,0,0.36585906146062974
2021,08,ESP.5.3_1,0,0.3704608498090469
2021,08,ESP.5.4_1,0,0.3601676286407771
2021,08,ESP.5.5_1,0,0.3630369069334353
2021,08,ESP.5.6_1,0,0.3471606552023436
2021,08,ESP.5.7_1,0,0.3758207567993567
2021,08,ESP.5.8_1,0,0.3677148544921924
2021,08,ESP.5.9_1,0,0.37843653921656956
2021,08,ESP.6.1_1,0,0.3639828065767441
2021,08,ESP.6.2_1,0,0.3562666500332664
2021,08,ESP.6.3_1,0,0.3592005359475749
2021,08,ESP.6.4_1,0,0.35428310221702153
2021,08,ESP.7.1_1,0,0.3758207567993567
2021,08,ESP.7.2_1,0,0.3440194025768741
2021,08,ESP.8.1_1,0,0.3677148544921924
2021,08,ESP.9.1_1,0,0.36585906146062974
