year,month,gid_1,est,se
2020,08,ESP.1_1,0.531838731774999,0.4734988264743138
2020,08,ESP.10_1,0.6104640843250378,0.41836866987593063
2020,08,ESP.11_1,0.15622396900832047,0.36025334823574473
2020,08,ESP.12_1,0.2924101534418538,0.4355403515502219
2020,08,ESP.13_1,0.7750573514077164,0.42729683193604723
2020,08,ESP.14_1,0.34673618352450475,0.47394580346767984
2020,08,ESP.15_1,0.19784358706986446,0.39562674393994207
2020,08,ESP.16_1,0.24897571165184776,0.39464792945423754
2020,08,ESP.17_1,0.5568175182481753,0.49812863010685515
2020,08,ESP.18_1,0.978,0.19838941090279583
2020,08,ESP.2_1,0.4503926967549996,0.4867721656954056
2020,08,ESP.3_1,0.49358915537017733,0.4999939939579215
2020,08,ESP.4_1,0.2202700697973185,0.39487109360772593
2020,08,ESP.5_1,0.22021311423450843,0.3898526811582071
2020,08,ESP.6_1,0.6848718046859962,0.40854515929194934
2020,08,ESP.7_1,0.1805067778936392,0.3818596821043259
2020,08,ESP.8_1,0.5037872784150157,0.5002141683461337
2020,08,ESP.9_1,0.24781438998957248,0.4291097005838194
2020,08,ITA.10_1,0.45206359274657665,0.4876065537089299
2020,08,ITA.15_1,0.26054402428536233,0.41249988827583434
2020,08,ITA.16_1,0.47447441654980876,0.4983917820423821
2020,08,ITA.17_1,0.44871741397288845,0.4966353256129156
2020,08,ITA.2_1,0.1774473409801877,0.37929917989348183
2020,08,ITA.20_1,0.492149060843026,0.49162633511071685
2020,08,ITA.6_1,0.3482403015467073,0.44981714109760357
2020,08,ITA.8_1,0.8189092805005214,0.39793133748091436
2020,08,ITA.9_1,0.2937059436913451,0.4530576798391804
