year,month,gid_1,est,se
2020,08,ESP.10_1,0.894,0.30799165387857325
2020,08,ESP.6_1,0.676,0.4682341756463781
