ID_1,est,se
ESP.1_1,0.9929315233024979,0.38387271976642806
ESP.10_1,0.7171412500000001,0.3420417850594106
ESP.11_1,0.006990000000000052,0.05763397204672763
ESP.12_1,0.25421088735999997,0.169505475245265
ESP.13_1,0.602,0.48973037054672836
ESP.14_1,0.3636499999999999,0.38234331980888425
ESP.15_1,0.007000000000000006,0.08341437500789632
ESP.16_1,0.557098168,0.3036833666998491
ESP.17_1,0.48,0.4998498272980094
ESP.18_1,0.659,0.4742825570732535
ESP.2_1,0.517857825,0.2137396736429815
ESP.3_1,0.19599999999999995,0.39716714584887525
ESP.4_1,0.13899998252800005,0.11796008800365472
ESP.5_1,0.20224895790254305,0.1170281021346181
ESP.6_1,0.78226073056,0.45878304816983895
ESP.7_1,0.400162,0.4180992960953822
ESP.8_1,0.16600000000000004,0.37226681638655706
ESP.9_1,0.01100000000000001,0.10435463521037237
