year,month,gid_1,est,se
2020,08,ESP.1_1,0.5208582029567518,0.46453038525992535
2020,08,ESP.10_1,0.62677870695865,0.39860114181768136
2020,08,ESP.11_1,0.1283692255463184,0.33183015087890755
2020,08,ESP.12_1,0.271560836434344,0.42406076706403256
2020,08,ESP.13_1,0.803774358974359,0.40751204407485436
2020,08,ESP.14_1,0.3306666666666667,0.46860921309188386
2020,08,ESP.15_1,0.14447589743589742,0.34922479573758497
2020,08,ESP.16_1,0.22057314185717278,0.3656823776864283
2020,08,ESP.17_1,0.5392410256410256,0.49934892545128134
2020,08,ESP.18_1,0.9909825641025642,0.15921478998305827
2020,08,ESP.2_1,0.43066669056828644,0.4777087452802192
2020,08,ESP.3_1,0.4965087179487179,0.5001060948499889
2020,08,ESP.4_1,0.20521307611396733,0.3843982736272159
2020,08,ESP.5_1,0.2207097533780131,0.3953879987051091
2020,08,ESP.6_1,0.6830528547153264,0.3865182181453725
2020,08,ESP.7_1,0.13938871794871796,0.3440194025768741
2020,08,ESP.8_1,0.49549128205128207,0.5000810745080052
2020,08,ESP.9_1,0.1912779487179487,0.39090767299812473
