year,month,gid_1,est,se
2020,08,ESP.1_1,0.7298287506170634,0.3493948101811544
2020,08,ESP.10_1,0.754826248088177,0.26652054507291606
2020,08,ESP.11_1,0.2513701899148626,0.4334182135513705
2020,08,ESP.12_1,0.40357037046289856,0.4401276048705861
2020,08,ESP.13_1,0.999,0.03162367279510665
2020,08,ESP.14_1,0.9201504659256668,0.2573394940436125
2020,08,ESP.15_1,0.272,0.4452251668587379
2020,08,ESP.16_1,0.586958856530287,0.3965496680061643
2020,08,ESP.17_1,0.9120000000000001,0.2834446857578939
2020,08,ESP.18_1,0.993,0.08341673898166105
2020,08,ESP.2_1,0.4806943793703425,0.39039582178120796
2020,08,ESP.3_1,0.761,0.4266982311581858
2020,08,ESP.4_1,0.3748901596340213,0.4551906900568688
2020,08,ESP.5_1,0.37073921276448263,0.4375180532211932
2020,08,ESP.6_1,0.8761424269210115,0.2627852116706918
2020,08,ESP.7_1,0.2889124822435259,0.45037189258629473
2020,08,ESP.8_1,0.973,0.16216901015845184
2020,08,ESP.9_1,0.274,0.44624478667118683
