year,month,gid_1,est,se
2020,08,ESP.1_1,0.5365077562129366,0.4624245481626878
2020,08,ESP.10_1,0.5503466069792061,0.38887404620937543
2020,08,ESP.11_1,0.08358272293250409,0.27534463687323746
2020,08,ESP.12_1,0.24574846365863995,0.394109135406966
2020,08,ESP.13_1,0.8006170212765958,0.4067978422810088
2020,08,ESP.14_1,0.5035867060435009,0.5001128570172059
2020,08,ESP.15_1,0.36943768996960485,0.4816710568500115
2020,08,ESP.16_1,0.19454066400974038,0.31778350270226835
2020,08,ESP.17_1,0.5222735562310031,0.4999939939579215
2020,08,ESP.18_1,0.9463677811550153,0.24664921616708174
2020,08,ESP.2_1,0.407323547569192,0.47840595194911734
2020,08,ESP.3_1,0.5496018237082068,0.49839682924292306
2020,08,ESP.4_1,0.23425416880508246,0.398525473155011
2020,08,ESP.5_1,0.2217111888850685,0.3876160131717528
2020,08,ESP.6_1,0.6829981731031217,0.3850021905998043
2020,08,ESP.7_1,0.28947720364741636,0.45211548127487117
2020,08,ESP.8_1,0.5050668693009118,0.500249187155011
2020,08,ESP.9_1,0.3097203647416414,0.4610602743422779
2020,08,ITA.10_1,0.44200797309900186,0.4832172869375074
2020,08,ITA.15_1,0.28383881911703596,0.4303214864525373
2020,08,ITA.16_1,0.5022401594029818,0.5001979515234966
2020,08,ITA.17_1,0.35020668693009116,0.4759312035478558
2020,08,ITA.2_1,0.07692401215805471,0.26513071171460745
2020,08,ITA.20_1,0.48884565620131704,0.49625142239673004
2020,08,ITA.6_1,0.38760588330935397,0.4728514718432785
2020,08,ITA.8_1,0.8117507598784195,0.3986915536538929
2020,08,ITA.9_1,0.22368693009118543,0.41512809027013736
