year,month,gid_1,est,se
2017,09,ESP.1_1,0,0.2715389718809239
2017,09,ESP.10_1,0,0.26826669280297166
2017,09,ESP.11_1,0,0.25847181623882964
2017,09,ESP.12_1,0,0.2692710784810476
2017,09,ESP.13_1,0,0.2851793170003666
2017,09,ESP.14_1,0,0.2507928309372775
2017,09,ESP.15_1,0,0.28227870362116836
2017,09,ESP.16_1,0.029719600310989507,0.1876106067789049
2017,09,ESP.17_1,0.107,0.25609898600466807
2017,09,ESP.18_1,0,0.2733594273788831
2017,09,ESP.2_1,0,0.2745930531431644
2017,09,ESP.3_1,0.044,0.12305593543396137
2017,09,ESP.4_1,0,0.26866573203542893
2017,09,ESP.5_1,0,0.2600003679680266
2017,09,ESP.6_1,0,0.2653535191352754
2017,09,ESP.7_1,0,0.26067142018548095
2017,09,ESP.8_1,0,0.25609898600466807
2017,09,ESP.9_1,0,0.2640970668441564
