year,month,gid_1,est,se
2017,09,ALB.11_1,0,0.3014795016081357
2017,09,ALB.3_1,0,0.296105857217784
2017,09,AND.2_1,0,0.28050433629924987
2017,09,AND.3_1,0,0.28050433629924987
2017,09,AND.4_1,0,0.26672484350382913
2017,09,AND.5_1,0,0.2619018758859749
2017,09,AND.6_1,0,0.28775302222878874
2017,09,BEL.1_1,0,0.3014795016081357
2017,09,BEL.2_1,0,0.27529818120967603
2017,09,DEU.11_1,0,0.4147944773554768
2017,09,DEU.12_1,0,0.26885039419676804
2017,09,DEU.2_1,0,0.16644743577715573
2017,09,DEU.7_1,0,0.28446846752987004
2017,09,ESP.1_1,0,0.287551088956149
2017,09,ESP.10_1,0,0.2889983382802312
2017,09,ESP.11_1,0,0.30799165387857325
2017,09,ESP.12_1,0,0.27932051147473985
2017,09,ESP.13_1,0,0.2790212408632233
2017,09,ESP.14_1,0,0.27450200609713465
2017,09,ESP.15_1,0,0.290577761426155
2017,09,ESP.16_1,0.030227759045356305,0.1708966321969658
2017,09,ESP.17_1,0.232,0.42232020358296185
2017,09,ESP.18_1,0,0.2775266131761439
2017,09,ESP.2_1,0,0.28380761384480635
2017,09,ESP.3_1,0,0.20068950215762726
2017,09,ESP.4_1,0,0.27932976887910105
2017,09,ESP.5_1,0,0.27718876654207203
2017,09,ESP.6_1,0,0.2841834255745116
2017,09,ESP.8_1,0,0.2619018758859749
2017,09,ESP.9_1,0,0.30541328929383094
2017,09,FRA.1_1,0,0.2790212408632233
2017,09,FRA.10_1,0,0.3014795016081357
2017,09,FRA.11_1,0,0.2848862231842041
2017,09,FRA.8_1,0,0.2848862231842041
2017,09,FRA.9_1,0,0.27142894774447635
2017,09,GBR.1_1,0,0.28160240021659777
2017,09,GBR.3_1,0,0.29650154762557557
2017,09,GRC.6_1,0,0.28632495871296654
2017,09,HRV.11_1,0,0.2886895492286408
2017,09,HRV.19_1,0,0.27594255794284384
2017,09,HUN.5_1,0.067,0.25014710386805117
2017,09,ITA.10_1,0,0.1467567291047928
2017,09,ITA.6_1,0,0.29746341705239066
2017,09,ITA.8_1,0,0.28310429534942383
2017,09,MKD.15_1,0,0.2819760814510878
2017,09,MKD.37_1,0,0.2848862231842041
2017,09,MKD.66_1,0,0.28050433629924987
2017,09,MLT.1_1,0,0.296105857217784
2017,09,MLT.3_1,0,0.3014795016081357
2017,09,MLT.4_1,0,0.25527468571161765
2017,09,NLD.14_1,0,0.2881574198726773
2017,09,NLD.6_1,0,0.2602666685127751
2017,09,NLD.9_1,0,0.2867347335871527
2017,09,PRT.18_1,0,0.2619018758859749
2017,09,ROU.27_1,0,0.25938280133448716
2017,09,SRB.3_1,0,0.282998325239298
2017,09,SWE.15_1,0,0.2876732329655597
2017,09,TUR.40_1,0,0.2879951271523725
