year,month,gid_2,est,se
2021,08,ESP.10.1_1,0.812,0.39090767299812473
2021,08,ESP.10.2_1,0.987,0.11333068359382575
2021,08,ESP.10.3_1,0.826,0.37929917989348183
