year,month,gid_2,est,se
2021,08,ESP.10.1_1,0.691,0.46231237570795436
2021,08,ESP.10.2_1,0.958,0.20068950215762726
2021,08,ESP.10.3_1,0.494,0.5002141683461337
