year,month,gid_2,est,se
2021,08,ESP.10.1_1,0.99,0.0995485304256668
2021,08,ESP.10.2_1,0.913,0.2819760814510878
2021,08,ESP.10.3_1,0.967,0.17872588772459053
2021,08,ESP.18.1_1,0.868,0.3386601403925338
2021,08,ESP.2.3_1,0.592,0.49170903772228736
2021,08,ESP.4.1_1,0.185,0.38849186082326864
2021,08,ESP.6.1_1,0.996,0.06315051850925682
2021,08,ESP.6.2_1,0.983,0.1293357171384909
2021,08,ESP.6.4_1,0.989,0.10435463521037237
