year,month,gid_2,est,se
2021,08,ESP.10.1_1,0.687,0.4639463829433809
2021,08,ESP.10.2_1,0.964,0.18638331132035063
2021,08,ESP.10.3_1,0.505,0.50022517452166
