ID_1,est,se
ESP.1_1,0.986977909250534,0.31241576033403873
ESP.10_1,0.998034,0.05801156267382551
ESP.11_1,0.08128000000000002,0.1995079148974051
ESP.12_1,0.08911199999999997,0.10295766710753178
ESP.13_1,0.027000000000000024,0.162164414398774
ESP.14_1,0.897856,0.4643432924463442
ESP.15_1,0.013000000000000012,0.11333068359382575
ESP.16_1,0.06611800000000001,0.11633122485060095
ESP.17_1,0.0030000000000000027,0.05471740119919799
ESP.18_1,0.08099999999999996,0.27297163499805893
ESP.2_1,0.4378477599999999,0.24644608416873917
ESP.3_1,0.244,0.42970763159228237
ESP.4_1,0.8784177435749441,0.3227615947093634
ESP.5_1,0.9369694628549508,0.20099336061900303
ESP.6_1,0.99997454548,0.13971548787792604
ESP.7_1,0.3758659999999999,0.4057463299866234
ESP.8_1,0.786,0.41033202698835536
ESP.9_1,0.006000000000000005,0.07726558075864033
