year,month,gid_1,est,se
2022,01,ESP.1_1,0.1417280401030728,0.30486808738392646
2022,01,ESP.10_1,0.02624611897644701,0.1483473415592075
2022,01,ESP.11_1,0,0.12277469212786729
2022,01,ESP.12_1,0,0.03162277660168379
2022,01,ESP.13_1,0,0.34819569244928955
2022,01,ESP.14_1,0.42730135557872784,0.4936422618482768
2022,01,ESP.16_1,0,0.12429958370007892
2022,01,ESP.17_1,0,0
2022,01,ESP.18_1,0.0601689259645464,0.23574260237507894
2022,01,ESP.2_1,0,0
2022,01,ESP.3_1,0,0.3601676286407771
2022,01,ESP.4_1,0.18651597506472195,0.37889882954275483
2022,01,ESP.5_1,0,0.04613760214476417
2022,01,ESP.6_1,0.2566400180450603,0.3780797709652365
2022,01,ESP.7_1,0,0.03162277660168379
2022,01,ESP.8_1,0.5027674661105318,0.5002011607355596
2022,01,ITA.1_1,0.15453235073310065,0.28180122339458186
2022,01,ITA.10_1,0.010799328417905348,0.07748287312825296
2022,01,ITA.11_1,3.841006436124304e-4,0.010292909796454915
2022,01,ITA.13_1,0.019429523980705746,0.10261503616206505
2022,01,ITA.14_1,0.23109042492135193,0.4052754772430257
2022,01,ITA.15_1,0.13063064004583844,0.32369343854171145
2022,01,ITA.16_1,0.009707171721189678,0.08258893677320538
2022,01,ITA.17_1,0,0.017336007532681174
2022,01,ITA.18_1,0,0
2022,01,ITA.2_1,0,0.006057587655021771
2022,01,ITA.20_1,0.049198928610017366,0.12056346485230673
2022,01,ITA.4_1,0.1376839435969413,0.3254767010480495
2022,01,ITA.5_1,0.10693387702600776,0.22227981091637702
2022,01,ITA.6_1,0.0064475445537622985,0.06566380609918072
2022,01,ITA.7_1,9.559575414038559e-4,0.017881666989855875
2022,01,ITA.8_1,0.24022944799803236,0.32255008377026745
2022,01,ITA.9_1,0.00953628920546405,0.07301661814181801
