year,month,gid_1,est,se
2020,10,ESP.1_1,0.36895180250568155,0.4233109686353486
2020,10,ESP.10_1,0.3506504303412935,0.45912606031881414
2020,10,ESP.11_1,0.2663410553350287,0.32928373411703515
2020,10,ESP.12_1,0.27423356315018194,0.18961719012917433
2020,10,ESP.13_1,0.42358665030761516,0.48707416400507353
2020,10,ESP.14_1,0,0.17452501357876454
2020,10,ESP.15_1,0,0.26352313834736496
2020,10,ESP.16_1,0,0.4558383470933974
2020,10,ESP.17_1,0.6408668491700705,0.49314012936201734
2020,10,ESP.18_1,0.38956803331399836,0.47875275895205466
2020,10,ESP.2_1,0,0.35488743798622835
2020,10,ESP.3_1,0,0.3397446488562056
2020,10,ESP.4_1,0.09484957591528644,0.21089050471277174
2020,10,ESP.5_1,0.010161703051841052,0.20692914594397901
2020,10,ESP.6_1,0.44361323936281616,0.3035566928842371
2020,10,ESP.7_1,0.15911933755078805,0.3522770203960217
2020,10,ESP.8_1,0.9591055242716466,0.3320154126456093
2020,10,ESP.9_1,0,0.45019848809017415
2020,10,ITA.1_1,0.220034347400447,0.3758310830449295
2020,10,ITA.10_1,0.17372948068319294,0.2530771480389142
2020,10,ITA.11_1,0.14485346590830364,0.3386601403925338
2020,10,ITA.12_1,0,0.4631344227041362
2020,10,ITA.13_1,0.22404125027881802,0.38768001755104753
2020,10,ITA.14_1,0.021212211857189134,0.26492229918869437
2020,10,ITA.15_1,0.1715500407322859,0.31606898914627435
2020,10,ITA.16_1,0.24545918201985908,0.26119752528347856
2020,10,ITA.17_1,0.18302489515823686,0.3343012120975219
2020,10,ITA.18_1,0.02194749483459146,0.14007005254378832
2020,10,ITA.19_1,0,0.4371980582552285
2020,10,ITA.2_1,0.18810732173640035,0.1865765194443123
2020,10,ITA.20_1,0.3829397747306147,0.32263009656866215
2020,10,ITA.3_1,0,0.2051977244174655
2020,10,ITA.4_1,0,0.4995158337076222
2020,10,ITA.5_1,0.05944765738204632,0.27862189472306387
2020,10,ITA.6_1,0.4286552320699837,0.41102944951543596
2020,10,ITA.7_1,0.04023182738514003,0.1804345338707199
2020,10,ITA.8_1,0.4550854950290856,0.4042664893135537
2020,10,ITA.9_1,0.14528806475874564,0.29962903083626535
