year,month,gid_1,est,se
2020,10,ESP.10_1,0.939,0.239450070654273
2020,10,ESP.6_1,0.855,0.3522770203960217
