year,month,gid_1,est,se
2019,04,ESP.1_1,0,0.25316614096422113
2019,04,ESP.10_1,0,0.26678023896617603
2019,04,ESP.11_1,0,0.2837742948979308
2019,04,ESP.12_1,0,0.2737425081475801
2019,04,ESP.13_1,0,0.2738206618171228
2019,04,ESP.14_1,0,0.2471381871496059
2019,04,ESP.15_1,0,0.2814335047001916
2019,04,ESP.16_1,0.02510822061447348,0.1373923023730901
2019,04,ESP.17_1,0.596,0.4860923818760401
2019,04,ESP.18_1,0,0.2611797905850769
2019,04,ESP.2_1,0,0.27015179132309297
2019,04,ESP.3_1,0.11499999999999998,0.22315771138198803
2019,04,ESP.4_1,0,0.2523874245207743
2019,04,ESP.5_1,0,0.27360450922441304
2019,04,ESP.6_1,0,0.28814604058894516
2019,04,ESP.8_1,0,0.27992803995116794
2019,04,ESP.9_1,0,0.2946122309992131
