year,month,gid_1,est,se
2019,04,ESP.1_1,0,0.3335517782174578
2019,04,ESP.10_1,0,0.3333460109763688
2019,04,ESP.11_1,0,0.32809241963048935
2019,04,ESP.12_1,0,0.3240058212938915
2019,04,ESP.13_1,0,0.3430251311579033
2019,04,ESP.14_1,0,0.3280935847288286
2019,04,ESP.15_1,0,0.3244610525233909
2019,04,ESP.16_1,0.03717159448895044,0.2492796106686665
2019,04,ESP.17_1,0.492,0.5001734912942548
2019,04,ESP.18_1,0,0.33043751311510533
2019,04,ESP.2_1,0,0.3407694390186556
2019,04,ESP.3_1,0.135,0.3001559246114176
2019,04,ESP.4_1,0,0.3280597117962334
2019,04,ESP.5_1,0,0.3303342424242813
2019,04,ESP.6_1,0,0.31926834247667574
2019,04,ESP.8_1,0,0.35593514867304754
2019,04,ESP.9_1,0,0.3610767896166064
