year,month,gid_1,est,se
2019,04,ESP.1_1,0,0.40325750316746917
2019,04,ESP.10_1,0,0.3942183684141887
2019,04,ESP.11_1,0,0.39944781706570703
2019,04,ESP.12_1,0,0.39745849348862566
2019,04,ESP.13_1,0,0.3868600013708585
2019,04,ESP.14_1,0,0.4002659008425753
2019,04,ESP.15_1,0,0.3860375953518323
2019,04,ESP.16_1,0.014843356564879099,0.23381070523606304
2019,04,ESP.17_1,0.587,0.49261919742705285
2019,04,ESP.18_1,0,0.3963989557656934
2019,04,ESP.2_1,0,0.40299035422967316
2019,04,ESP.3_1,0,0.39793133748091436
2019,04,ESP.4_1,0,0.40644580876877884
2019,04,ESP.5_1,0,0.39893048377158014
2019,04,ESP.6_1,0,0.4054759736402585
2019,04,ESP.8_1,0,0.38521083498181535
2019,04,ESP.9_1,0,0.39407016036651554
2019,04,ITA.10_1,0,0.368360373045551
2019,04,ITA.14_1,0,0.4060799193519681
2019,04,ITA.20_1,0,0.3514659367737056
2019,04,ITA.6_1,0,0.3932857404911519
2019,04,ITA.7_1,0,0.31797028965786267
2019,04,ITA.8_1,0,0.40317061716666125
