year,month,gid_3,est,se
2022,06,ESP.10.1.1_1,0.1,0.3001501125938321
2022,06,ESP.10.1.4_1,0.202,0.40169311340544206
2022,06,ESP.10.1.6_1,0.449,0.4976410821532389
2022,06,ESP.10.1.7_1,0.482,0.49992592043814443
2022,06,ESP.10.1.9_1,0.005,0.07056897321046962
2022,06,ESP.10.2.5_1,0.074,0.2619018758859749
2022,06,ESP.10.2.7_1,0.572,0.49503642397409614
2022,06,ESP.10.2.8_1,0.048,0.21387319079712103
2022,06,ESP.10.3.1_1,0.024,0.15312559370479986
2022,06,ESP.10.3.13_1,0.284,0.4511624403111894
2022,06,ESP.10.3.4_1,0.017,0.1293357171384909
2022,06,ESP.10.3.7_1,1,0
2022,06,ESP.10.3.7_1,1,0
2022,06,ESP.10.3.8_1,0.108,0.3105357184486713
