year,month,gid_3,est,se
2015,12,ESP.10.1.1_1,0.516,0.49999399395792143
2015,12,ESP.10.1.4_1,0.447,0.4974318430081034
2015,12,ESP.10.1.6_1,0.475,0.499624483612067
2015,12,ESP.10.1.7_1,0.522,0.4997657108743714
2015,12,ESP.10.1.9_1,0.503,0.5002411830719671
2015,12,ESP.10.2.5_1,0.518,0.49992592043814443
2015,12,ESP.10.2.7_1,0.539,0.49872610491905045
2015,12,ESP.10.2.8_1,0.511,0.500129112459102
2015,12,ESP.10.3.1_1,0.56,0.49663532561291557
2015,12,ESP.10.3.13_1,0.479,0.49980877224075293
2015,12,ESP.10.3.4_1,0.597,0.4907461989988632
2015,12,ESP.10.3.7_1,0.584,0.49314012936201734
2015,12,ESP.10.3.8_1,0.57,0.49532347546360583
2015,12,ESP.18.1.5_1,0.516,0.49999399395792143
2015,12,ESP.6.1.10_1,0.563,0.4962633144584408
2015,12,ESP.6.1.11_1,0.571,0.4951809812626129
2015,12,ESP.6.1.12_1,0.515,0.5000250243988045
2015,12,ESP.6.1.3_1,0.574,0.494741112874975
2015,12,ESP.6.1.5_1,0.519,0.4998888765404656
2015,12,ESP.6.1.6_1,0.571,0.4951809812626129
2015,12,ESP.6.1.9_1,0.484,0.49999399395792143
2015,12,ESP.6.2.4_1,0.518,0.49992592043814443
2015,12,ESP.6.2.5_1,0.461,0.49872610491905045
2015,12,ESP.6.2.6_1,0.538,0.49880337288836046
2015,12,ESP.6.2.7_1,0.511,0.500129112459102
2015,12,ESP.6.4.2_1,0.568,0.49560228169533443
2015,12,ESP.6.4.3_1,0.503,0.5002411830719671
2015,12,ESP.6.4.7_1,0.483,0.49996095943679536
