year,month,gid_2,est,se
2015,07,ESP.1.1_1,0.051,0.22010780869257557
2015,07,ESP.1.2_1,0.054,0.2261307920985887
2015,07,ESP.1.3_1,0.057,0.2319586273558386
2015,07,ESP.1.4_1,0.499,0.500249187155011
2015,07,ESP.1.5_1,0,0.49698893146427114
2015,07,ESP.1.6_1,0.072,0.2586172517116422
2015,07,ESP.1.7_1,0.843,0.3639828065767441
2015,07,ESP.1.8_1,0.38,0.48562931937418674
2015,07,ESP.10.1_1,0.894,0.30799165387857325
2015,07,ESP.10.2_1,0.789,0.4082225442643334
2015,07,ESP.10.3_1,0.776,0.41713067256915787
2015,07,ESP.11.1_1,0,0.49663532561291557
2015,07,ESP.11.2_1,0,0.498951854343636
2015,07,ESP.12.1_1,0,0.49940805801309257
2015,07,ESP.12.2_1,0,0.4996735671152454
2015,07,ESP.12.3_1,0,0.4995202903992194
2015,07,ESP.12.4_1,0,0.4992877810324305
2015,07,ESP.13.1_1,0.93,0.25527468571161765
2015,07,ESP.14.1_1,0,0.4905472827736758
2015,07,ESP.14.2_1,0,0.49428262696084646
2015,07,ESP.15.1_1,0.238,0.42607222103481185
2015,07,ESP.16.1_1,0,0.49996095943679536
2015,07,ESP.16.2_1,0.061,0.239450070654273
2015,07,ESP.16.3_1,0.058,0.2338604085575211
2015,07,ESP.17.1_1,0,0.49946517943242597
2015,07,ESP.18.1_1,0.889,0.3142893217686178
2015,07,ESP.2.1_1,0.701,0.4580489153014215
2015,07,ESP.2.2_1,0.082,0.27450200609713465
2015,07,ESP.2.3_1,0.194,0.39562674393994207
2015,07,ESP.3.1_1,0,0.49992592043814443
2015,07,ESP.4.1_1,0.071,0.25695335184625445
2015,07,ESP.4.2_1,0,0.4984821807090846
2015,07,ESP.4.3_1,0.064,0.24487540497968344
2015,07,ESP.4.4_1,0,0.5000540511325291
2015,07,ESP.4.5_1,0.198,0.3986915536538929
2015,07,ESP.5.1_1,0,0.4982200550190881
2015,07,ESP.5.2_1,0,0.49546390835709164
2015,07,ESP.5.3_1,0,0.49915945364198017
2015,07,ESP.5.4_1,0,0.49980877224075293
2015,07,ESP.5.5_1,0,0.498951854343636
2015,07,ESP.5.6_1,0,0.5000540511325291
2015,07,ESP.5.7_1,0,0.4973241712719495
2015,07,ESP.5.8_1,0,0.4973241712719495
2015,07,ESP.5.9_1,0,0.4998888765404656
2015,07,ESP.6.1_1,0.908,0.28917057184232914
2015,07,ESP.6.2_1,0.89,0.31304631925323445
2015,07,ESP.6.3_1,0.367,0.48222768848702946
2015,07,ESP.6.4_1,0.701,0.4580489153014215
2015,07,ESP.7.1_1,0,0.49710271686152663
2015,07,ESP.7.2_1,0,0.49518098126261295
2015,07,ESP.8.1_1,0.212,0.40892936214366316
2015,07,ESP.9.1_1,0.07,0.25527468571161765
