year,month,gid_2,est,se
2018,09,ESP.1.1_1,0,0.3105357184486713
2018,09,ESP.1.2_1,0,0.3105357184486713
2018,09,ESP.1.3_1,0,0.31918157352340515
2018,09,ESP.1.4_1,0,0.35428310221702153
2018,09,ESP.1.5_1,0,0.32395052700056526
2018,09,ESP.1.6_1,0,0.3067068128833611
2018,09,ESP.1.7_1,0,0.33088439746304826
2018,09,ESP.1.8_1,0,0.3227695465501356
2018,09,ESP.10.1_1,0,0.33088439746304826
2018,09,ESP.10.2_1,0,0.32395052700056526
2018,09,ESP.10.3_1,0,0.30799165387857325
2018,09,ESP.11.1_1,0,0.31918157352340515
2018,09,ESP.11.2_1,0,0.3117951510466707
2018,09,ESP.12.1_1,0,0.3142893217686178
2018,09,ESP.12.2_1,0,0.3251241389157466
2018,09,ESP.12.3_1,0,0.3262904618058356
2018,09,ESP.12.4_1,0,0.2988114594326802
2018,09,ESP.13.1_1,0,0.32860155048170264
2018,09,ESP.14.1_1,0,0.33088439746304826
2018,09,ESP.14.2_1,0,0.30279974849343533
2018,09,ESP.15.1_1,0,0.32860155048170264
2018,09,ESP.16.1_1,0,0.3203851535989872
2018,09,ESP.16.2_1,0.044,0.20519772441746548
2018,09,ESP.16.3_1,0.039,0.19369180807797864
2018,09,ESP.17.1_1,0.302,0.45935499018406994
2018,09,ESP.18.1_1,0,0.32860155048170264
2018,09,ESP.2.1_1,0,0.3251241389157466
2018,09,ESP.2.2_1,0,0.3067068128833611
2018,09,ESP.2.3_1,0,0.3227695465501357
2018,09,ESP.3.1_1,0.088,0.28343665312788385
2018,09,ESP.4.1_1,0,0.3167512136225074
2018,09,ESP.4.2_1,0,0.29746341705239066
2018,09,ESP.4.3_1,0,0.3167512136225074
2018,09,ESP.4.4_1,0,0.3001501125938321
2018,09,ESP.4.5_1,0,0.32860155048170264
2018,09,ESP.5.1_1,0,0.3167512136225074
2018,09,ESP.5.2_1,0,0.296105857217784
2018,09,ESP.5.3_1,0,0.33756918246924283
2018,09,ESP.5.4_1,0,0.304110972316823
2018,09,ESP.5.5_1,0,0.3262904618058356
2018,09,ESP.5.6_1,0,0.31797028965786267
2018,09,ESP.5.7_1,0,0.3001501125938321
2018,09,ESP.5.8_1,0,0.304110972316823
2018,09,ESP.5.9_1,0,0.3167512136225074
2018,09,ESP.6.1_1,0,0.3203851535989872
2018,09,ESP.6.2_1,0,0.30926792049394103
2018,09,ESP.6.3_1,0,0.30799165387857325
2018,09,ESP.6.4_1,0,0.31304631925323445
2018,09,ESP.7.1_1,0,0.304110972316823
2018,09,ESP.7.2_1,0,0.32158111638343195
2018,09,ESP.8.1_1,0,0.3262904618058356
2018,09,ESP.9.1_1,0,0.3167512136225074
