year,month,gid_2,est,se
2021,02,ESP.1.1_1,0.039,0.19369180807797864
2021,02,ESP.1.2_1,0.124,0.32974646735443996
2021,02,ESP.1.3_1,0.037,0.1888562063228706
2021,02,ESP.1.4_1,0.14,0.3471606552023436
2021,02,ESP.1.5_1,0.103,0.304110972316823
2021,02,ESP.1.6_1,0.061,0.239450070654273
2021,02,ESP.1.7_1,0.431,0.49546390835709164
2021,02,ESP.1.8_1,0.727,0.4457237593730782
2021,02,ESP.10.1_1,0.427,0.49488980179017217
2021,02,ESP.10.2_1,0.17,0.3758207567993567
2021,02,ESP.10.3_1,0.301,0.4589222261011223
2021,02,ESP.11.1_1,0.076,0.26513071171460745
2021,02,ESP.11.2_1,0.073,0.2602666685127751
2021,02,ESP.12.1_1,0.031,0.17340435135563662
2021,02,ESP.12.2_1,0,0.3601676286407771
2021,02,ESP.12.3_1,0,0.39944781706570703
2021,02,ESP.12.4_1,0.023,0.1499783100768024
2021,02,ESP.13.1_1,0.561,0.49651336892930237
2021,02,ESP.14.1_1,0.041,0.19838941090279583
2021,02,ESP.14.2_1,0.067,0.25014710386805117
2021,02,ESP.15.1_1,0.077,0.26672484350382913
2021,02,ESP.16.1_1,0,0.37136627864268035
2021,02,ESP.16.2_1,0.177,0.3818596821043259
2021,02,ESP.16.3_1,0.041,0.19838941090279583
2021,02,ESP.17.1_1,0.439,0.49651336892930237
2021,02,ESP.18.1_1,0.108,0.3105357184486713
2021,02,ESP.2.1_1,0,0.38354413840665863
2021,02,ESP.2.2_1,0.066,0.24840633185509925
2021,02,ESP.2.3_1,0.075,0.26352313834736496
2021,02,ESP.3.1_1,0.028,0.16505527329729044
2021,02,ESP.4.1_1,0.05,0.21805400144814482
2021,02,ESP.4.2_1,0,0.3917045218432287
2021,02,ESP.4.3_1,0,0.39485048677557294
2021,02,ESP.4.4_1,0.089,0.2848862231842041
2021,02,ESP.4.5_1,0.068,0.2518718710762269
2021,02,ESP.5.1_1,0.163,0.36955049393495276
2021,02,ESP.5.2_1,0.078,0.26830577330349786
2021,02,ESP.5.3_1,0.037,0.1888562063228706
2021,02,ESP.5.4_1,0,0.38354413840665863
2021,02,ESP.5.5_1,0.048,0.21387319079712103
2021,02,ESP.5.6_1,0,0.3932857404911519
2021,02,ESP.5.7_1,0,0.38354413840665863
2021,02,ESP.5.8_1,0,0.3860375953518323
2021,02,ESP.5.9_1,0,0.37929917989348183
2021,02,ESP.6.1_1,0.818,0.3860375953518323
2021,02,ESP.6.2_1,0.279,0.4487319471135974
2021,02,ESP.6.3_1,0.029,0.1678904023081343
2021,02,ESP.6.4_1,0.46,0.49864681754589457
2021,02,ESP.7.1_1,0.198,0.3986915536538929
2021,02,ESP.7.2_1,0,0.37929917989348183
2021,02,ESP.8.1_1,0.432,0.49560228169533443
2021,02,ESP.9.1_1,0,0.39485048677557294
