ID_0,est,se
ESP,0.9999796878215887,0.2390617661148921
