year,month,gid_1,est,se
2015,02,AND.2_1,0,0.30279974849343533
2015,02,AND.3_1,0,0.27297163499805893
2015,02,AUT.7_1,0,0.30541328929383094
2015,02,CHE.8_1,0,0.2819760814510878
2015,02,DEU.1_1,0,0.21387319079712105
2015,02,ESP.1_1,0,0.0145380799513413
2015,02,ESP.10_1,0,0.2377288672630281
2015,02,ESP.11_1,0,0.28255810090907574
2015,02,ESP.12_1,0,0.27450200609713465
2015,02,ESP.13_1,0,0.49880337288836046
2015,02,ESP.14_1,0,0.29385392879911826
2015,02,ESP.15_1,0,0.05471740119919799
2015,02,ESP.16_1,0,0
2015,02,ESP.17_1,0,0.26987373312686774
2015,02,ESP.18_1,0,0.48660125439704816
2015,02,ESP.2_1,0,0
2015,02,ESP.3_1,0,0.28343665312788385
2015,02,ESP.4_1,0,0
2015,02,ESP.5_1,0,0.2850209357623471
2015,02,ESP.6_1,0.10291355704731131,0.22982134934385134
2015,02,ESP.7_1,0,0.2947386484173239
2015,02,ESP.8_1,0,0.16505527329729044
2015,02,ESP.9_1,0,0.04469897088298564
2015,02,FRA.10_1,0,0.05543998647566732
2015,02,FRA.11_1,0.021042084168336674,0.14345584540052586
2015,02,HRV.21_1,0,0.30926792049394103
2015,02,HRV.4_1,0,0
2015,02,ITA.10_1,0,0.02664819230442027
2015,02,ITA.13_1,0,0
2015,02,ITA.16_1,0,0
2015,02,ITA.20_1,0,0
2015,02,ITA.6_1,0,0.12962076462738284
2015,02,ITA.8_1,0,0.03162277660168379
2015,02,NLD.14_1,0,0.0989274570324462
2015,02,NLD.9_1,0,0.28927046678670554
