year,month,gid_1,est,se
2015,02,AND.2_1,0,0.2569554074977371
2015,02,AND.3_1,0,0.23003861328293243
2015,02,AUT.7_1,0,0.23574448833852954
2015,02,CHE.8_1,0,0.2569554074977371
2015,02,DEU.1_1,0,0.06315102371946743
2015,02,ESP.1_1,0,0.09313948349043626
2015,02,ESP.10_1,0,0.24690161143195571
2015,02,ESP.11_1,0,0.23862230307419594
2015,02,ESP.12_1,0,0.2535829887287751
2015,02,ESP.13_1,0,0.4223235821851338
2015,02,ESP.14_1,0,0.23368177498603948
2015,02,ESP.15_1,0,0.077266198890704
2015,02,ESP.16_1,0,0.03778889836393052
2015,02,ESP.17_1,0,0.25014910506889654
2015,02,ESP.18_1,0,0.471170404442807
2015,02,ESP.2_1,0,0.03162302958693243
2015,02,ESP.3_1,0,0.2569554074977371
2015,02,ESP.4_1,0,0
2015,02,ESP.5_1,0,0.24326987174115378
2015,02,ESP.6_1,0.07097223075246004,0.21504845534649802
2015,02,ESP.7_1,0,0.2430864775067894
2015,02,ESP.8_1,0,0.08912951839363167
2015,02,ESP.9_1,0,0.05471783894366052
2015,02,FRA.10_1,0,0.013129625949829195
2015,02,FRA.11_1,0.002058378378378378,0.04469932847904386
2015,02,GBR.1_1,0,0.22545408099664996
2015,02,HRV.21_1,0,0.2430864775067894
2015,02,HRV.4_1,0,0.04469932847904386
2015,02,ITA.10_1,0,0.037530458040319015
2015,02,ITA.13_1,0,0.05471783894366052
2015,02,ITA.16_1,0,0.03721415810258076
2015,02,ITA.20_1,0.005145945945945945,0.07056953776903001
2015,02,ITA.6_1,0,0.08970703678835996
2015,02,ITA.8_1,0,0.04469932847904386
2015,02,NLD.14_1,0,0
2015,02,NLD.9_1,0,0.24495117190936128
2015,02,SWE.15_1,0,0.228335620175412
