year,month,gid_1,est,se
2015,02,AND.2_1,0,0.14998070979695594
2015,02,AND.3_1,0,0.15312804378290146
2015,02,AUT.7_1,0,0.1562055703497455
2015,02,CHE.8_1,0,0.13659522218656514
2015,02,DEU.1_1,0,0.14345814075832242
2015,02,ESP.1_1,0,0.16182336416053134
2015,02,ESP.10_1,0,0.29279470823611126
2015,02,ESP.11_1,0,0.1412331869848206
2015,02,ESP.12_1,0,0.15921733749102834
2015,02,ESP.13_1,0,0.23196233879779687
2015,02,ESP.14_1,0,0.12982771045134905
2015,02,ESP.15_1,0,0.13301977263653605
2015,02,ESP.16_1,0,0.0809504795570649
2015,02,ESP.17_1,0,0.14675907727820744
2015,02,ESP.18_1,0,0.4614875719411673
2015,02,ESP.2_1,0,0.09448922495135073
2015,02,ESP.3_1,0,0.13659522218656514
2015,02,ESP.4_1,0,0.11602109268177341
2015,02,ESP.5_1,0,0.1385024525327424
2015,02,ESP.6_1,0.026996180443318165,0.13071886310981168
2015,02,ESP.7_1,0,0.12933778656790926
2015,02,ESP.8_1,0,0.13301977263653605
2015,02,ESP.9_1,0,0.14345814075832242
2015,02,FRA.10_1,0,0.13485058183453894
2015,02,FRA.11_1,0.005046826222684704,0.07057010234565685
2015,02,GBR.1_1,0,0.1335803716190968
2015,02,HRV.21_1,0,0.14007229372738228
2015,02,HRV.4_1,0,0.10894148729162785
2015,02,ITA.10_1,0,0.12335559800532642
2015,02,ITA.13_1,0,0.15312804378290146
2015,02,ITA.16_1,0,0.06918690565566331
2015,02,ITA.20_1,0.011103017689906347,0.10435630493128802
2015,02,ITA.6_1,0,0.1286837651537195
2015,02,ITA.8_1,0,0.08341570967526721
2015,02,NLD.14_1,0,0.15637979435112265
2015,02,NLD.9_1,0,0.12319594332364664
2015,02,SWE.15_1,0,0.1410593945271647
