year,month,gid_1,est,se
2015,02,ESP.1_1,0.06854387820736545,0.29524489594976655
2015,02,ESP.10_1,0.36027473663245163,0.4780026847894386
2015,02,ESP.11_1,0,0.4152309481631083
2015,02,ESP.12_1,0,0.4017324851182922
2015,02,ESP.13_1,0.396,0.48935708803889594
2015,02,ESP.14_1,0,0.4427905293516432
2015,02,ESP.15_1,0,0.40023937550604693
2015,02,ESP.16_1,0,0.29601749288508655
2015,02,ESP.17_1,0,0.4191432692270673
2015,02,ESP.18_1,0.315,0.46479386132387956
2015,02,ESP.2_1,0,0.3852485911938974
2015,02,ESP.3_1,0,0.4191432692270673
2015,02,ESP.4_1,0,0.283733568645565
2015,02,ESP.5_1,0,0.4241182391469115
2015,02,ESP.6_1,0.16100335760230747,0.45610280749554244
2015,02,ESP.7_1,0,0.4285505992533195
2015,02,ESP.8_1,0,0.2729983901513605
2015,02,ESP.9_1,0,0.23947354021127837
