year,month,gid_1,est,se
2015,02,AND.2_1,0,0.3251241389157466
2015,02,AND.3_1,0,0.3167512136225074
2015,02,AUT.7_1,0,0.3001501125938321
2015,02,CHE.8_1,0,0.3203851535989872
2015,02,DEU.1_1,0,0.26672484350382913
2015,02,ESP.1_1,0.2951865837247544,0.368061232587115
2015,02,ESP.10_1,0.6833763507977346,0.4641066696943243
2015,02,ESP.11_1,0,0.3329441688488339
2015,02,ESP.12_1,0,0.33313958333104454
2015,02,ESP.13_1,0.659,0.4742825570732535
2015,02,ESP.14_1,0,0.33665720267063126
2015,02,ESP.15_1,0,0.44922355437109684
2015,02,ESP.16_1,0,0.21777035489924457
2015,02,ESP.17_1,0,0.3262904618058356
2015,02,ESP.18_1,0.655,0.475606140836303
2015,02,ESP.2_1,0.43600000000000005,0.4961352135760474
2015,02,ESP.3_1,0,0.32158111638343195
2015,02,ESP.4_1,0,0.32246605690493524
2015,02,ESP.5_1,0,0.3039797196168851
2015,02,ESP.6_1,0.5669829121662833,0.48501034823352457
2015,02,ESP.7_1,0,0.34922479573758497
2015,02,ESP.8_1,0,0.2760202658994212
2015,02,ESP.9_1,0,0.1678904023081343
2015,02,FRA.10_1,0,0.22126018035894934
2015,02,FRA.11_1,0,0.2430845328071905
2015,02,HRV.21_1,0,0.31918157352340515
2015,02,HRV.4_1,0,0.17872588772459053
2015,02,ITA.10_1,0,0.23855227794380163
2015,02,ITA.13_1,0,0.2819760814510878
2015,02,ITA.16_1,0,0.21625292504350074
2015,02,ITA.20_1,0,0.23003677296666486
2015,02,ITA.6_1,0,0.18550795067082604
2015,02,ITA.8_1,0,0.24840633185509922
2015,02,NLD.14_1,0,0.25668876184586253
2015,02,NLD.9_1,0,0.290188442512925
