year,month,gid_1,est,se
2022,07,ESP.1_1,0.21863141833943414,0.18725921449622168
2022,07,ESP.10_1,0.4142581251447769,0.3449040333940047
2022,07,ESP.11_1,0.039202631100753255,0.06145742228032161
2022,07,ESP.12_1,0.18488302423766187,0.45514004962689036
2022,07,ESP.13_1,0.8574363827549948,0.3278645245443365
2022,07,ESP.14_1,0.03628811777076762,0.05252373219886069
2022,07,ESP.15_1,0.031104100946372244,0.0338448078902023
2022,07,ESP.16_1,0.35507206517075507,0.4526372028696965
2022,07,ESP.17_1,0.42301577287066244,0.4881634899509835
2022,07,ESP.18_1,0.8636572029442692,0.3204009010755012
2022,07,ESP.2_1,0.09488224376945953,0.2850173505733218
2022,07,ESP.3_1,0.027993690851735017,0.02180437479987009
2022,07,ESP.4_1,0.07981894547314079,0.3423262423070152
2022,07,ESP.5_1,0.1651143923520085,0.38573506869139773
2022,07,ESP.6_1,0.4730756370129632,0.38622889524940296
2022,07,ESP.8_1,0.652149316508938,0.4762833982418797
2022,07,ESP.9_1,0,0.4575620772885759
