year,month,gid_1,est,se
2022,07,ESP.10_1,0.3984914279319017,0.9590903491459849
2022,07,ESP.2_1,0.05113479814513508,0.2323873718033106
2022,07,ESP.6_1,0.6547087656001997,0.52769631826276
