year,month,gid_1,est,se
2022,07,ESP.1_1,0.20522776381541163,0.3021403662277674
2022,07,ESP.10_1,0.41431300103737817,0.47624936770298865
2022,07,ESP.11_1,0,0.1390696990493627
2022,07,ESP.12_1,0.13917429209747792,0.45013019024849354
2022,07,ESP.13_1,0.28848739773849563,0.427762400597368
2022,07,ESP.14_1,0,0.10997377714733567
2022,07,ESP.15_1,0,0.18352165086599861
2022,07,ESP.16_1,0.21120764968524755,0.44517927000244434
2022,07,ESP.17_1,0.36969125784266477,0.46881196129450275
2022,07,ESP.18_1,0.6421515779290218,0.48692130027198205
2022,07,ESP.2_1,0.04131087970117068,0.20372088412678008
2022,07,ESP.3_1,0,0.15583479240923517
2022,07,ESP.4_1,0.07066783926119803,0.2970456908235945
2022,07,ESP.5_1,0.1979127836827444,0.4340264358520625
2022,07,ESP.6_1,0.46578387937541665,0.3802624168543969
2022,07,ESP.7_1,0,0.29689149710060886
2022,07,ESP.8_1,0.47546997034677985,0.496329424894719
2022,07,ESP.9_1,0,0.3812703621833
2022,07,ITA.1_1,0.044880484405742604,0.10578796580000022
2022,07,ITA.10_1,0.23053384198163823,0.3500960519623004
2022,07,ITA.11_1,0.09542562925638563,0.27853692312564593
2022,07,ITA.12_1,0,0.37878029587210954
2022,07,ITA.13_1,0.062474504748595575,0.16453206699732356
2022,07,ITA.14_1,0.067638573449626,0.2158297762286258
2022,07,ITA.15_1,0.10227767799802293,0.24785599407440229
2022,07,ITA.16_1,0.21961258316778334,0.3145928456474933
2022,07,ITA.17_1,0.6339594378219086,0.30736025628999264
2022,07,ITA.18_1,0,0.11871107995369072
2022,07,ITA.19_1,0,0.3884499382670004
2022,07,ITA.2_1,0.09874617833857674,0.2179993014162881
2022,07,ITA.20_1,0.18552572855399022,0.34673413962520566
2022,07,ITA.3_1,0,0.21397936115552316
2022,07,ITA.4_1,0,0.2462832125639358
2022,07,ITA.5_1,0.2320625400211852,0.41914379979464916
2022,07,ITA.6_1,0.17007221325359992,0.27979986974399756
2022,07,ITA.7_1,0.24764077934686354,0.3954467823376727
2022,07,ITA.8_1,0.34540838137826607,0.43865379895582873
2022,07,ITA.9_1,0.11051946757018122,0.22698803111325952
