year,month,gid_1,est,se
2021,06,ESP.1_1,0.22121288397094788,0.3060707839285808
2021,06,ESP.10_1,0.4323037898642602,0.47746872695118703
2021,06,ESP.11_1,0.07321880840006414,0.2483952442031159
2021,06,ESP.12_1,0,0.3467436616591074
2021,06,ESP.13_1,0.5605812870755107,0.5002101645995579
2021,06,ESP.14_1,0,0.1466241903795992
2021,06,ESP.15_1,0,0.43149030093021773
2021,06,ESP.16_1,0.061419878675600656,0.32771659654951985
2021,06,ESP.17_1,0.5804835812912094,0.49963347709559675
2021,06,ESP.18_1,0.13599901047394047,0.3286074654693164
2021,06,ESP.2_1,0,0.3939196606038556
2021,06,ESP.3_1,0,0.14345842767546468
2021,06,ESP.4_1,0.060221083618902695,0.3639523896517908
2021,06,ESP.5_1,0.07443076079408013,0.358464654859518
2021,06,ESP.6_1,0.41233942573165266,0.2923056048726574
2021,06,ESP.7_1,0.484845061103506,0.48614522184711045
2021,06,ESP.8_1,0.3040628282953954,0.44674574370431014
2021,06,ESP.9_1,0,0.45805716040451533
2021,06,ITA.1_1,0.014717840267170053,0.10185878855033673
2021,06,ITA.10_1,0.2160670512955198,0.35161269253558947
2021,06,ITA.11_1,0.0760622643902577,0.25009823457033004
2021,06,ITA.12_1,0,0.46123476276868136
2021,06,ITA.13_1,0.03811429264079125,0.17704136641478604
2021,06,ITA.14_1,0.07644555284954625,0.29560452317462976
2021,06,ITA.15_1,0.09320412434965912,0.27685560429599254
2021,06,ITA.16_1,0.21927934408654923,0.197144817022746
2021,06,ITA.17_1,0.1849831877773359,0.3311865933240446
2021,06,ITA.18_1,0,0.12914256223256088
2021,06,ITA.2_1,0.1690661115464409,0.32486122219909036
2021,06,ITA.20_1,0.13836135481827563,0.3263467831981341
2021,06,ITA.3_1,0.14752378567161084,0.3393037976701898
2021,06,ITA.4_1,0.030774695349933722,0.28519768167020504
2021,06,ITA.5_1,0.12324660136827188,0.3138683684752559
2021,06,ITA.6_1,0.13721206373568404,0.2856614265208329
2021,06,ITA.7_1,0.7994968797672579,0.1655095290542457
2021,06,ITA.8_1,0.6813909579352191,0.2243900288900978
2021,06,ITA.9_1,0.15466927665623173,0.31635703417073946
