year,month,gid_1,est,se
2017,09,ALB.11_1,0.18937875751503006,0.3917045218432287
2017,09,ALB.3_1,0.05410821643286573,0.2261307920985887
2017,09,AND.2_1,0,0.39793133748091436
2017,09,AND.3_1,0,0.3860375953518323
2017,09,AND.4_1,0,0.3932857404911519
2017,09,AND.5_1,0,0.38849186082326864
2017,09,AND.6_1,0,0.3932857404911519
2017,09,BEL.1_1,0,0.3852108349818154
2017,09,BEL.2_1,0,0.39712362014511937
2017,09,DEU.11_1,0,0.39697294713282644
2017,09,DEU.12_1,0,0.386501952613167
2017,09,DEU.2_1,0,0.39849225273680483
2017,09,DEU.7_1,0,0.3922693942660231
2017,09,ESP.1_1,0.34503760535873257,0.4105691120187334
2017,09,ESP.10_1,0.8281938857062074,0.34227004253372423
2017,09,ESP.11_1,0,0.3932857404911519
2017,09,ESP.12_1,0,0.3904529348141764
2017,09,ESP.13_1,0.9278557114228457,0.2619018758859749
2017,09,ESP.14_1,0,0.42607222103481185
2017,09,ESP.15_1,0,0.18387171834952978
2017,09,ESP.16_1,0.07845762608748821,0.26870000516752723
2017,09,ESP.17_1,0,0.4067978422810088
2017,09,ESP.18_1,0.7835671342685371,0.4130939925085411
2017,09,ESP.2_1,0.3557549056481612,0.398003500602646
2017,09,ESP.3_1,0,0.40020015012510946
2017,09,ESP.4_1,0.04448891556939776,0.2927480157853728
2017,09,ESP.5_1,0,0.3968888858602985
2017,09,ESP.6_1,0.8208295120265472,0.30803623772023364
2017,09,ESP.8_1,0.047094188376753505,0.21174474216810163
2017,09,ESP.9_1,0,0.15921478998305827
2017,09,FRA.1_1,0,0.29197474077263813
2017,09,FRA.10_1,0.03707414829659318,0.1888562063228706
2017,09,FRA.11_1,0.04609218436873747,0.20958990416508122
2017,09,FRA.8_1,0,0.40963251677424095
2017,09,FRA.9_1,0,0.3979313374809144
2017,09,GRC.6_1,0,0.1592147899830583
2017,09,HRV.11_1,0,0.39971776902011175
2017,09,HRV.19_1,0,0.4079760410593899
2017,09,HUN.5_1,0.12224448897795591,0.32744957355785825
2017,09,ITA.10_1,0.05711422845691383,0.2319586273558386
2017,09,ITA.6_1,0.07414829659318636,0.2619018758859749
2017,09,ITA.8_1,0.35111259117287996,0.4597546150405756
2017,09,NLD.14_1,0,0.33518107039686723
2017,09,NLD.6_1,0,0.3932857404911519
2017,09,NLD.9_1,0,0.39450635438857523
2017,09,PRT.18_1,0,0.3924972026066607
2017,09,ROU.27_1,0,0.39562674393994207
2017,09,SRB.3_1,0.09333551201179517,0.30560613828060684
2017,09,TUR.40_1,0,0.42644846870461944
