year,month,gid_1,est,se
2017,09,ESP.1_1,0.1498703088501522,0.30228854583874903
2017,09,ESP.10_1,0.5494426341643073,0.48392764846418257
2017,09,ESP.11_1,0,0.452119098242125
2017,09,ESP.12_1,0,0.45091342331357687
2017,09,ESP.13_1,0.7118891141293778,0.4539927354667339
2017,09,ESP.14_1,0,0.4544544311444277
2017,09,ESP.15_1,0.018047893034265915,0.1330187084485579
2017,09,ESP.16_1,0.014151432662433967,0.11771230168736585
2017,09,ESP.17_1,0,0.45672303437365036
2017,09,ESP.18_1,0.5835485414412647,0.493480917456971
2017,09,ESP.2_1,0.1491989794020534,0.2837573132712156
2017,09,ESP.3_1,0,0.4567230343736504
2017,09,ESP.4_1,0.011870162655412828,0.26891636488086057
2017,09,ESP.5_1,0,0.45903566849311267
2017,09,ESP.6_1,0.6095707874124663,0.45627727332082746
2017,09,ESP.8_1,0.017045232310140036,0.1293367518366444
2017,09,ESP.9_1,0.009023946517132958,0.09448846901638508
