ID_1,est,se
ESP.1_1,0.9491371331831338,0.29864942942847006
ESP.10_1,0.913606732,0.4553035117495254
ESP.11_1,0.11828800000000006,0.23936790676860226
ESP.12_1,0.022870000000000057,0.05321980350487314
ESP.13_1,0.639,0.4805308625987616
ESP.14_1,0.08629799999999999,0.18139674320455357
ESP.15_1,0.08999999999999997,0.28632495871296654
ESP.16_1,0.22878999999999994,0.17155887356526806
ESP.17_1,0.526,0.4995733915788286
ESP.18_1,0.137,0.3440194025768741
ESP.2_1,0.1796049999999999,0.19314941401206007
ESP.3_1,0.0040000000000000036,0.06315051850925682
ESP.4_1,0.13335464499999994,0.1208295766243983
ESP.5_1,0.24014162415999996,0.09425187636540087
ESP.6_1,0.979374045112,0.3334424531910126
ESP.7_1,0.997,0.027358700599598995
ESP.8_1,0.515,0.5000250243988045
ESP.9_1,0,0
