year,month,gid_1,est,se
2021,02,ESP.1_1,0.2761909788859973,0.22964959795257237
2021,02,ESP.10_1,0,0.4366662355813265
2021,02,ESP.11_1,0,0.13934964202932296
2021,02,ESP.12_1,0,0.2316770318486196
2021,02,ESP.13_1,0.7563346253229974,0.46982885810361946
2021,02,ESP.14_1,0,0.12024898848887867
2021,02,ESP.15_1,0,0.249605564413825
2021,02,ESP.16_1,0,0.22653996075055866
2021,02,ESP.17_1,0.6447248062015504,0.4973937524031639
2021,02,ESP.18_1,0,0.33723752498312254
2021,02,ESP.2_1,0,0.2708181103043223
2021,02,ESP.3_1,0,0.05376162676401808
2021,02,ESP.4_1,0,0.1865819237156178
2021,02,ESP.5_1,0,0.27628985203573736
2021,02,ESP.6_1,0.5196834449970796,0.27250083316691037
2021,02,ESP.7_1,0,0.39533947200766834
2021,02,ESP.8_1,0,0.4999893261578545
2021,02,ESP.9_1,0,0.3989449184292909
