year,month,gid_1,est,se
2021,02,ESP.1_1,0.23429883021575432,0.23186378224005696
2021,02,ESP.10_1,0.3065339272966138,0.4020528619244481
2021,02,ESP.11_1,0.07303446849510159,0.13816193292260387
2021,02,ESP.12_1,0.017574206907006656,0.19622721590079256
2021,02,ESP.13_1,0.6400293427230046,0.49301046442402946
2021,02,ESP.14_1,0.0687999634737503,0.12162671787661425
2021,02,ESP.15_1,0.09863849765258215,0.19060211632446852
2021,02,ESP.16_1,0.10671009490381368,0.15738442959113946
2021,02,ESP.17_1,0.43378521126760566,0.4817655486429868
2021,02,ESP.18_1,0.13114436619718312,0.2450791557987682
2021,02,ESP.2_1,0,0.3174672992982351
2021,02,ESP.3_1,0.02578051643192488,0
2021,02,ESP.4_1,0.0547732461652145,0.19605132991540064
2021,02,ESP.5_1,0.05909572035981144,0.23513634870331288
2021,02,ESP.6_1,0.39231987251287,0.26529379022440563
2021,02,ESP.7_1,0.2230575117370892,0.3562865752971875
2021,02,ESP.8_1,0.45956572769953047,0.4885808669105321
2021,02,ESP.9_1,0,0.3371344070579449
