ID_0,est,se
ESP,0.5661659494354785,0.08588913955961168
