year,month,gid_1,est,se
2022,06,HUN.10_1,0.016223652900886783,0.03563108979119512
2022,06,HUN.12_1,0.013691304347826087,0.03049218560767869
2022,06,HUN.13_1,0.012516304347826086,0.027138454461205497
2022,06,HUN.14_1,0.011136156241983107,0.021194529631856085
2022,06,HUN.16_1,0.015336304347826084,0.03496639552612226
2022,06,HUN.17_1,0.013926304347826086,0.03114661047826784
2022,06,HUN.19_1,0.012281304347826085,0.026450697124763986
2022,06,HUN.2_1,0.01332460978649847,0.026952241942649186
2022,06,HUN.4_1,0.022386304347826087,0.05176728617980948
2022,06,HUN.5_1,0.005936304347826086,0.005173490311643245
2022,06,HUN.8_1,0.03883630434782608,0.08083656164250556
2022,06,ITA.10_1,0.025981699033133764,0.05637586096892631
2022,06,ITA.17_1,0.019331304347826084,0.04490871641704747
2022,06,ITA.20_1,0.03582073014232928,0.07458171807905872
