ID_0,est,se
ESP,0.3804624823618361,0.039062801241072344
