year,month,gid_3,est,se
2020,04,ESP.10.1.1_1,0.207,0.4053582555164201
2020,04,ESP.10.1.2_1,0.255,0.4360793106364542
2020,04,ESP.10.1.4_1,0.966,0.18131981931624816
2020,04,ESP.10.1.5_1,0.239,0.42668613881993056
2020,04,ESP.10.1.6_1,0.561,0.49651336892930237
2020,04,ESP.10.1.7_1,0.261,0.4393996723622721
2020,04,ESP.10.1.8_1,0.309,0.46231237570795436
2020,04,ESP.10.1.9_1,0.967,0.17872588772459053
2020,04,ESP.10.2.3_1,0.152,0.3592005359475749
2020,04,ESP.10.2.5_1,0.117,0.32158111638343195
2020,04,ESP.10.2.7_1,0.135,0.34189456253630574
2020,04,ESP.10.2.8_1,0.139,0.3461196307619647
2020,04,ESP.10.3.1_1,0.123,0.32860155048170264
2020,04,ESP.10.3.10_1,0.224,0.41713067256915787
2020,04,ESP.10.3.11_1,0.271,0.4446985009607709
2020,04,ESP.10.3.12_1,0.006,0.07726558075864033
2020,04,ESP.10.3.13_1,0.261,0.4393996723622721
2020,04,ESP.10.3.14_1,0.217,0.4124088760939574
2020,04,ESP.10.3.16_1,0.216,0.4117201883725323
2020,04,ESP.10.3.18_1,0.241,0.42790431418963526
2020,04,ESP.10.3.2_1,0.2,0.40020015012510946
2020,04,ESP.10.3.4_1,0.012,0.10893974420691407
2020,04,ESP.10.3.6_1,0.04,0.19605723255834873
2020,04,ESP.10.3.7_1,0.97,0.17067257872642908
2020,04,ESP.10.3.8_1,0.233,0.42295376802895357
