year,month,gid_1,est,se
2021,03,AUT.1_1,0.743,0.43719805825522845
2021,03,AUT.2_1,1,0
2021,03,AUT.3_1,0.824,0.3810107205436209
2021,03,AUT.4_1,0.999,0.03162277660168379
2021,03,AUT.4_1,0.999,0.03162277660168379
2021,03,AUT.4_1,0.999,0.03162277660168379
2021,03,AUT.4_1,0.999,0.03162277660168379
2021,03,AUT.5_1,0.678,0.46747677432631296
2021,03,AUT.6_1,0.877,0.32860155048170264
2021,03,AUT.7_1,0.768,0.42232020358296185
2021,03,AUT.8_1,0.532,0.4992246240173107
2021,03,AUT.9_1,0.125,0.33088439746304826
2021,03,CHE.19_1,0.673,0.46935199082489393
2021,03,CHE.21_1,0.717,0.4506818324651152
2021,03,CHE.25_1,0.585,0.4929685771101623
2021,03,CHE.26_1,0.739,0.4393996723622721
2021,03,DEU.11_1,0.336,0.47257520811753057
2021,03,DEU.2_1,0.744,0.43664018900538076
2021,03,ESP.16_1,0.798,0.40169311340544206
2021,03,ESP.17_1,0.984,0.12553788177183714
2021,03,ESP.3_1,0.004,0.06315051850925682
2021,03,HRV.8_1,0.661,0.47360669685225454
2021,03,HUN.1_1,0,0
2021,03,HUN.10_1,0.203,0.402433787041984
2021,03,HUN.11_1,0,0
2021,03,HUN.12_1,0.232,0.42232020358296185
2021,03,HUN.13_1,0.135,0.34189456253630574
2021,03,HUN.14_1,0.166,0.37226681638655706
2021,03,HUN.18_1,0.674,0.4689818162188636
2021,03,HUN.2_1,0.032,0.17608806605504818
2021,03,HUN.4_1,0.587,0.49261919742705285
2021,03,HUN.5_1,0.307,0.46148018805140917
2021,03,HUN.8_1,0.185,0.38849186082326864
2021,03,HUN.9_1,0.002,0.04469897088298564
2021,03,ITA.10_1,0.001,0.03162277660168379
2021,03,ITA.20_1,0,0
2021,03,ITA.7_1,0.762,0.42607222103481185
2021,03,NLD.7_1,0.001,0.03162277660168379
2021,03,ROU.14_1,0,0
2021,03,ROU.29_1,0,0
2021,03,SRB.5_1,0,0
2021,03,SVN.8_1,0.069,0.2535809600567505
