year,month,gid_1,est,se
2021,03,ESP.1_1,0,0.21529827712828467
2021,03,ESP.10_1,0,0.22683344822446372
2021,03,ESP.11_1,0,0.2100574849705527
2021,03,ESP.12_1,0,0.22694544141728573
2021,03,ESP.13_1,0,0.23757793745040268
2021,03,ESP.14_1,0,0.21041338876828966
2021,03,ESP.15_1,0,0.19605914415325726
2021,03,ESP.16_1,0.053879235241174744,0.19965903884836705
2021,03,ESP.17_1,0.36199999999999993,0.470594874590655
2021,03,ESP.18_1,0,0.24107254998463032
2021,03,ESP.2_1,0,0.20602803349846233
2021,03,ESP.3_1,0.047,0.05869198040660993
2021,03,ESP.4_1,0,0.21305945673791102
2021,03,ESP.5_1,0,0.22500016777632617
2021,03,ESP.6_1,0,0.22555068096687542
2021,03,ESP.8_1,0,0.2445248185184886
2021,03,ESP.9_1,0,0.23581447584736756
