year,month,gid_1,est,se
2021,03,ESP.1_1,0,0.27272004356971985
2021,03,ESP.10_1,0,0.2601544875198739
2021,03,ESP.11_1,0,0.24826132611003643
2021,03,ESP.12_1,0,0.2377669679197618
2021,03,ESP.13_1,0,0.26322166585380236
2021,03,ESP.14_1,0,0.275822775393836
2021,03,ESP.15_1,0,0.24336621209259243
2021,03,ESP.16_1,0,0.08072929098435273
2021,03,ESP.17_1,0.31,0.44520726951294304
2021,03,ESP.18_1,0,0.2416446847157338
2021,03,ESP.2_1,0,0.2695290972779915
2021,03,ESP.3_1,0,0.028620098756770525
2021,03,ESP.4_1,0,0.2611519898160463
2021,03,ESP.5_1,0,0.26322166585380236
2021,03,ESP.6_1,0,0.26166785788917385
2021,03,ESP.8_1,0,0.28613840361060783
2021,03,ESP.9_1,0,0.26322166585380236
