ID_1,est,se
ESP.1_1,0,0
ESP.10_1,0,0
ESP.11_1,0,0
ESP.12_1,0,0
ESP.13_1,0,0
ESP.14_1,0,0
ESP.15_1,0,0
ESP.16_1,0.10603000000000007,0.15140837669906834
ESP.17_1,0.29899999999999993,0.4580489153014215
ESP.18_1,0,0
ESP.2_1,0,0
ESP.3_1,0.015000000000000013,0.12161327966052798
ESP.4_1,0,0
ESP.5_1,0,0
ESP.6_1,0,0
ESP.7_1,0,0
ESP.8_1,0,0
ESP.9_1,0,0
