ID_0,est,se
ALB,0,0
AUT,1,0.33279669772314796
BEL,0,0
BGR,0,0
CHE,0.89258896408,0.4547468828048371
CHN,0,0
DEU,0.907583607897,0.21829362044868064
ESP,0.987520113034,0.014014211637255976
FRA,0,0
GRC,0,0
HRV,0.43399999999999994,0.1652909521923521
HUN,1,0.18728800191834674
IND,0,0
ITA,0.995035,0.0013998486201669631
NLD,0.46799999999999997,0.0014062665465276358
PAK,0,0
PER,0,0
ROU,0.235,0.21210548964781353
SRB,0.025000000000000022,0.07810153551531397
SVN,0,0
TUR,0,0
USA,0,0
XKO,0,0
