year,month,gid_3,est,se
2021,11,ARG.24.2_1,0.021,0.14345584540052586
2021,11,IND.34.1.1_1,0.096,0.2947386484173239
2021,11,MEX.14.40_2,0.027,0.162164414398774
2021,11,MEX.16.57_2,0.023,0.1499783100768024
2021,11,MEX.9.9_2,0.082,0.27450200609713465
2021,11,PAK.7.5.2_1,0.027,0.162164414398774
2021,11,PAK.7.5.3_1,0.027,0.162164414398774
2021,11,USA.10.43_1,0.024,0.15312559370479986
2021,11,USA.5.19_1,0.028,0.16505527329729044
