ID_0,est,se
ALB,0,0
AUT,6.946,7.126021560535441
BEL,0,0
BGR,0,0
CHE,2.959,1.3136021894726249
CHN,0,0
DEU,1.791,1.1991596109879528
ESP,1.502,1.1406854753572737
FRA,0,0
GRC,0,0
HRV,0.265,0.4415540396938635
HUN,3.235,3.250100188527511
IND,0,0
ITA,0.308,0.4618975528722244
NLD,0,0
PAK,0,0
PER,0,0
ROU,0.003,0.05471740119919799
SRB,0.101,0.3014795016081357
SVN,0,0
TUR,0,0
USA,0,0
XKO,0,0
