ID_0,est,se
ESP,0.49619747980000006,0.02105026262469892
