year,month,gid_1,est,se
2022,03,ESP.1_1,0.01010846488263967,0.04830149487797176
2022,03,ESP.10_1,0.048738108701556676,0.17328026524298365
2022,03,ESP.11_1,0,0.3209190664968345
2022,03,ESP.12_1,0,0.30786479180787635
2022,03,ESP.13_1,0,0.18131981931624816
2022,03,ESP.14_1,0,0.32395052700056526
2022,03,ESP.16_1,0,0.026676137545524767
2022,03,ESP.17_1,0,0.3117951510466707
2022,03,ESP.18_1,0,0.08341437500789632
2022,03,ESP.2_1,0,0
2022,03,ESP.3_1,0,0.3001501125938321
2022,03,ESP.4_1,0,0
2022,03,ESP.5_1,0,0.3428780503949313
2022,03,ESP.6_1,0.06576482528154537,0.22993646352743585
2022,03,ESP.8_1,0,0
2022,03,ITA.1_1,0,0.012060377474022069
2022,03,ITA.10_1,0,0.0467078425332563
2022,03,ITA.11_1,0,0.08188113684264431
2022,03,ITA.12_1,0,0.03162277660168379
2022,03,ITA.13_1,0,0.019803249338665993
2022,03,ITA.14_1,0,0.04469897088298564
2022,03,ITA.15_1,0,0.094435452401606515
2022,03,ITA.16_1,0,0.04929976360075248
2022,03,ITA.17_1,0,0
2022,03,ITA.2_1,0,0.09998838797250602
2022,03,ITA.20_1,0,0.032171345367815254
2022,03,ITA.3_1,0,0
2022,03,ITA.4_1,0,0.07941639787973963
2022,03,ITA.5_1,0,0.00602896056886062
2022,03,ITA.6_1,0.033493625794902254,0.16656255828805078
2022,03,ITA.7_1,0,0.09839469425267261
2022,03,ITA.8_1,0,0.14190315380522164
2022,03,ITA.9_1,0,0.032803916131839736
