year,month,gid_1,est,se
2022,03,ESP.1_1,0.0644357817301708,0.1384435347672524
2022,03,ESP.10_1,0.08810648113802634,0.28140973557980387
2022,03,ESP.11_1,0,0.28858167380731203
2022,03,ESP.12_1,0,0.31740461770338174
2022,03,ESP.13_1,0,0.2730639462151127
2022,03,ESP.14_1,0,0.29551632130460126
2022,03,ESP.16_1,0,0.038028709619635996
2022,03,ESP.17_1,0,0.3068105323748612
2022,03,ESP.18_1,0,0.362208218828212
2022,03,ESP.2_1,0,0
2022,03,ESP.3_1,0,0.2962059917686018
2022,03,ESP.4_1,0,0.03137459474774341
2022,03,ESP.5_1,0,0.30482135583806347
2022,03,ESP.6_1,0.11732108992054496,0.3077162064554673
2022,03,ESP.8_1,0,0.044714086799345555
