year,month,gid_1,est,se
2022,03,ESP.10_1,0.982,0.13301764429463367
2022,03,ESP.6_1,0.988,0.10893974420691407
