year,month,gid_2,est,se
2020,09,ESP.1.1_1,0.427,0.49488980179017217
2020,09,ESP.1.2_1,0.996,0.06315051850925682
2020,09,ESP.1.3_1,0.413,0.49261919742705285
2020,09,ESP.1.4_1,0.713,0.4525879316064844
2020,09,ESP.1.5_1,0.483,0.49996095943679536
2020,09,ESP.1.6_1,0.113,0.3167512136225074
2020,09,ESP.1.7_1,0.799,0.40094857495663927
2020,09,ESP.1.8_1,0.859,0.34819569244928955
2020,09,ESP.10.1_1,0.873,0.33313958333104454
2020,09,ESP.10.2_1,0.105,0.3067068128833611
2020,09,ESP.10.3_1,0.889,0.3142893217686178
2020,09,ESP.11.1_1,0.099,0.2988114594326802
2020,09,ESP.11.2_1,0.136,0.3429600875052688
2020,09,ESP.12.1_1,0.495,0.50022517452166
2020,09,ESP.12.2_1,0.101,0.3014795016081357
2020,09,ESP.12.3_1,0.13,0.33647171235218754
2020,09,ESP.12.4_1,0.113,0.3167512136225074
2020,09,ESP.13.1_1,0.996,0.06315051850925682
2020,09,ESP.14.1_1,0.941,0.23574260237507894
2020,09,ESP.14.2_1,0.762,0.42607222103481185
2020,09,ESP.15.1_1,0.105,0.3067068128833611
2020,09,ESP.16.1_1,0.146,0.3532829019480122
2020,09,ESP.16.2_1,0.727,0.4457237593730782
2020,09,ESP.16.3_1,0.476,0.4996735671152454
2020,09,ESP.17.1_1,0.727,0.4457237593730782
2020,09,ESP.18.1_1,0.97,0.17067257872642908
2020,09,ESP.2.1_1,0.104,0.30541328929383094
2020,09,ESP.2.2_1,0.121,0.3262904618058356
2020,09,ESP.2.3_1,0.713,0.4525879316064844
2020,09,ESP.3.1_1,0.482,0.49992592043814443
2020,09,ESP.4.1_1,0.128,0.3342569785774528
2020,09,ESP.4.2_1,0.156,0.3630369069334353
2020,09,ESP.4.3_1,0.174,0.37929917989348183
2020,09,ESP.4.4_1,0.158,0.36492351139542817
2020,09,ESP.4.5_1,0.465,0.4990230696310783
2020,09,ESP.5.1_1,0.254,0.43551541152257023
2020,09,ESP.5.2_1,0.124,0.32974646735443996
2020,09,ESP.5.3_1,0.596,0.4909429956981004
2020,09,ESP.5.4_1,0.138,0.3450725649411658
2020,09,ESP.5.5_1,0.131,0.33756918246924283
2020,09,ESP.5.6_1,0.133,0.3397446488562056
2020,09,ESP.5.7_1,0.127,0.33313958333104454
2020,09,ESP.5.8_1,0.138,0.3450725649411658
2020,09,ESP.5.9_1,0.159,0.36585906146062974
2020,09,ESP.6.1_1,0.976,0.15312559370479986
2020,09,ESP.6.2_1,0.977,0.1499783100768024
2020,09,ESP.6.3_1,0.509,0.5001691405606399
2020,09,ESP.6.4_1,0.782,0.4130939925085411
2020,09,ESP.7.1_1,0.121,0.3262904618058356
2020,09,ESP.7.2_1,0.23,0.4210430824479572
2020,09,ESP.8.1_1,0.911,0.2848862231842041
2020,09,ESP.9.1_1,0.129,0.33536766610911
