year,month,gid_2,est,se
2020,09,ESP.10.1_1,1,0
2020,09,ESP.10.1_1,1,0
2020,09,ESP.10.2_1,0.608,0.4884409632438444
2020,09,ESP.10.3_1,0.858,0.34922479573758497
