year,month,gid_3,est,se
2020,07,AUT.2.5.1_2,0.926,0.2619018758859749
2020,07,AUT.3.17.1_2,0.138,0.3450725649411658
2020,07,AUT.3.4.12_2,0.066,0.24840633185509925
2020,07,AUT.8.2.16_2,0.155,0.362085771753194
2020,07,AUT.8.2.17_2,0.155,0.362085771753194
2020,07,AUT.8.2.20_2,0.155,0.362085771753194
2020,07,AUT.8.2.24_2,0.155,0.362085771753194
2020,07,AUT.8.2.35_2,0.155,0.362085771753194
2020,07,AUT.8.2.40_2,0.155,0.362085771753194
2020,07,AUT.8.2.5_2,0.155,0.362085771753194
2020,07,AUT.8.3.1_2,0.114,0.31797028965786267
2020,07,AUT.8.3.2_2,0.114,0.31797028965786267
2020,07,AUT.9.1.1_2,0.358,0.4796520260210167
2020,07,CHE.21.5.17_1,0.17,0.3758207567993567
2020,07,CHE.21.5.20_1,0.17,0.3758207567993567
2020,07,CHE.21.5.25_1,0.17,0.3758207567993567
2020,07,CHE.21.5.34_1,0.17,0.3758207567993567
2020,07,CHE.21.5.38_1,0.17,0.3758207567993567
2020,07,ESP.16.2.1_1,0.298,0.4576083537321029
2020,07,ESP.16.3.1_1,0.063,0.24308453280719053
2020,07,ESP.16.3.2_1,0.063,0.24308453280719053
2020,07,ESP.17.1.1_1,0,0.45536618051668964
2020,07,ESP.17.1.2_1,0,0.45536618051668964
2020,07,ESP.17.1.4_1,0,0.45536618051668964
2020,07,ESP.17.1.7_1,0.293,0.45536618051668964
2020,07,ESP.17.1.8_1,0,0.45536618051668964
2020,07,ESP.3.1.1_1,0.181,0.38521083498181535
2020,07,ESP.3.1.10_1,0.181,0.38521083498181535
2020,07,ESP.3.1.11_1,0.181,0.38521083498181535
2020,07,ESP.3.1.4_1,0.181,0.38521083498181535
2020,07,ESP.3.1.5_1,0.181,0.38521083498181535
2020,07,ESP.3.1.6_1,0.181,0.38521083498181535
2020,07,ESP.3.1.9_1,0.181,0.38521083498181535
2020,07,HUN.11.1_1,0.167,0.3731624984510773
2020,07,HUN.12.2_1,0.145,0.3522770203960217
2020,07,HUN.14.10_1,0.57,0.49532347546360583
2020,07,HUN.14.11_1,0.117,0.32158111638343195
2020,07,HUN.14.5_1,0.134,0.3408227694273963
2020,07,HUN.14.8_1,0.165,0.37136627864268035
2020,07,HUN.2.3_1,0.353,0.4781418404821101
2020,07,HUN.5.1_1,0.372,0.4835802413765991
2020,07,SRB.5.6_1,0.107,0.30926792049394103
