year,month,gid_1,est,se
2019,11,ESP.10_1,0.6947791164658634,0.9233349393311405
2019,11,ESP.2_1,0.039494680839467264,0.2548616988768837
2019,11,ESP.6_1,0.46958550729141907,0.6065469364781089
