ID_0,est,se
ESP,0.48408715180000006,0.019793753670520966
