year,month,gid_1,est,se
2018,02,ESP.10_1,0.010742100483044982,0.1620555173067098
2018,02,ESP.2_1,0.002247683434950993,0.02810793686762889
2018,02,ESP.6_1,0.0032681583911559104,0.057604920391703826
