ID_0,est,se
ESP,0.07866181273600004,0.010701914360331025
