year,month,gid_1,est,se
2022,07,ESP.1_1,0.8929966376273525,0.19301730383157265
2022,07,ESP.10_1,0.9741529410713621,0.15507476682421234
2022,07,ESP.11_1,0.6780748781925322,0.4672379708899201
2022,07,ESP.12_1,0.5716557764016205,0.39239802833025644
2022,07,ESP.13_1,0.9679999999999999,0.17609305641274606
2022,07,ESP.14_1,0.7278872806439421,0.4438471682404171
2022,07,ESP.15_1,0.46,0.49866094925873705
2022,07,ESP.16_1,0.7552669050571761,0.3354765794187062
2022,07,ESP.17_1,0.851,0.35627674667444903
2022,07,ESP.18_1,0.987,0.1133338953994975
2022,07,ESP.2_1,0.7057521076666333,0.2233757485879181
2022,07,ESP.3_1,0.99,0.09955135164340322
2022,07,ESP.4_1,0.5806032595854063,0.42638395193694745
2022,07,ESP.5_1,0.6162381846121963,0.37179539420151797
2022,07,ESP.6_1,0.9907750678359862,0.07180287920770799
2022,07,ESP.7_1,0.18414338901674296,0.38780021012497456
2022,07,ESP.8_1,0.9939999999999999,0.0772677704748111
2022,07,ESP.9_1,0.787,0.4096441258107259
