ID_1,est,se
ESP.1_1,1,0.0855918337369913
ESP.10_1,1,0
ESP.11_1,0.902968,0.46333804152212577
ESP.12_1,0.999721249012,0.27128243940901936
ESP.13_1,0.999,0.03162277660168379
ESP.14_1,0.80398,0.4947671516079025
ESP.15_1,0.611,0.48776727741507725
ESP.16_1,1,0.2070866653022256
ESP.17_1,0.978,0.1467567291047928
ESP.18_1,0.999,0.03162277660168379
ESP.2_1,1,0.03918307148334146
ESP.3_1,1,0
ESP.4_1,0.9877995844279,0.43179259242177326
ESP.5_1,0.9999972601235501,0.27385322040432286
ESP.6_1,1,0.015787629627314205
ESP.7_1,0.38535299999999995,0.41170403606514705
ESP.8_1,1,0
ESP.9_1,0.642,0.4796520260210167
