year,month,gid_4,est,se
2019,09,AUT.9.1.1.30_2,0.012,0.10893974420691407
2019,09,AUT.9.1.1.32_2,0.012,0.10893974420691407
2019,09,AUT.9.1.1.36_2,0.012,0.10893974420691407
2019,09,AUT.9.1.1.40_2,0.012,0.10893974420691407
2019,09,AUT.9.1.1.44_2,0.012,0.10893974420691407
2019,09,AUT.9.1.1.46_2,0.012,0.10893974420691407
2019,09,AUT.9.1.1.71_2,0.012,0.10893974420691407
2019,09,AUT.9.1.1.76_2,0.012,0.10893974420691407
2019,09,CHE.4.2.1_1,0.042,0.20068950215762726
2019,09,DEU.2.54.1.1_1,0.011,0.10435463521037237
2019,09,ESP.16.2.1.11_1,0.009,0.09448771310560929
2019,09,ESP.16.2.1.32_1,0.009,0.09448771310560929
2019,09,ESP.16.2.1.51_1,0.009,0.09448771310560929
2019,09,ESP.16.3.1.104_1,0.011,0.10435463521037237
2019,09,ESP.16.3.1.106_1,0.011,0.10435463521037237
2019,09,ESP.16.3.1.13_1,0.011,0.10435463521037237
2019,09,ESP.16.3.1.14_1,0.011,0.10435463521037237
2019,09,ESP.16.3.1.22_1,0.011,0.10435463521037237
2019,09,ESP.16.3.1.23_1,0.011,0.10435463521037237
2019,09,ESP.16.3.1.28_1,0.011,0.10435463521037237
2019,09,ESP.16.3.1.44_1,0.011,0.10435463521037237
2019,09,ESP.16.3.1.69_1,0.011,0.10435463521037237
2019,09,ESP.16.3.1.86_1,0.011,0.10435463521037237
2019,09,ESP.16.3.2.1_1,0.011,0.10435463521037237
2019,09,ESP.17.1.1.1_1,0.299,0.4580489153014215
2019,09,ESP.17.1.1.4_1,0.299,0.4580489153014215
2019,09,ESP.17.1.1.6_1,0.299,0.4580489153014215
2019,09,ESP.17.1.4.1_1,0.299,0.4580489153014215
2019,09,ESP.17.1.4.2_1,0.299,0.4580489153014215
2019,09,ESP.17.1.4.3_1,0.299,0.4580489153014215
2019,09,ESP.17.1.6.2_1,0.299,0.4580489153014215
2019,09,ESP.17.1.6.4_1,0.299,0.4580489153014215
2019,09,ESP.17.1.7.14_1,0.299,0.4580489153014215
2019,09,ESP.17.1.7.4_1,0.299,0.4580489153014215
2019,09,ESP.17.1.8.10_1,0.299,0.4580489153014215
2019,09,ESP.17.1.8.18_1,0.299,0.4580489153014215
2019,09,ESP.3.1.11.1_1,0.041,0.19838941090279583
2019,09,ESP.3.1.11.10_1,0.041,0.19838941090279583
2019,09,ESP.3.1.11.12_1,0.041,0.19838941090279583
2019,09,ESP.3.1.11.16_1,0.041,0.19838941090279583
2019,09,ESP.3.1.11.8_1,0.041,0.19838941090279583
2019,09,ESP.3.1.4.5_1,0.041,0.19838941090279583
2019,09,ESP.3.1.4.7_1,0.041,0.19838941090279583
2019,09,ESP.3.1.4.8_1,0.041,0.19838941090279583
2019,09,ESP.3.1.5.4_1,0.041,0.19838941090279583
2019,09,ESP.3.1.5.7_1,0.041,0.19838941090279583
2019,09,HUN.11.1_1,0.012,0.10893974420691407
2019,09,HUN.5.1_1,0.007,0.08341437500789632
2019,09,ITA.10.1.25_1,0.026,0.15921478998305827
2019,09,NLD.7.32_2,0.062,0.24127621974453722
