year,month,gid_1,est,se
2015,03,ESP.10_1,0.702,0.4576083537321029
2015,03,ESP.6_1,0.576,0.49443752736667196
