year,month,gid_2,est,se
2019,02,ESP.1.1_1,0,0.2848862231842041
2019,02,ESP.1.2_1,0,0.28050433629924987
2019,02,ESP.1.3_1,0,0.27450200609713465
2019,02,ESP.1.4_1,0,0.26672484350382913
2019,02,ESP.1.5_1,0,0.27450200609713465
2019,02,ESP.1.6_1,0,0.26672484350382913
2019,02,ESP.1.7_1,0,0.2775266131761439
2019,02,ESP.1.8_1,0,0.2848862231842041
2019,02,ESP.10.1_1,0,0.28343665312788385
2019,02,ESP.10.2_1,0,0.2602666685127751
2019,02,ESP.10.3_1,0,0.28775302222878874
2019,02,ESP.11.1_1,0,0.2819760814510878
2019,02,ESP.11.2_1,0,0.25695335184625445
2019,02,ESP.12.1_1,0,0.2619018758859749
2019,02,ESP.12.2_1,0,0.26513071171460745
2019,02,ESP.12.3_1,0,0.2760202658994212
2019,02,ESP.12.4_1,0,0.26987373312686774
2019,02,ESP.13.1_1,0,0.26672484350382913
2019,02,ESP.14.1_1,0,0.28343665312788385
2019,02,ESP.14.2_1,0,0.2988114594326802
2019,02,ESP.15.1_1,0,0.25014710386805117
2019,02,ESP.16.1_1,0,0.26513071171460745
2019,02,ESP.16.2_1,0.034,0.18131981931624816
2019,02,ESP.16.3_1,0.027,0.162164414398774
2019,02,ESP.17.1_1,0.272,0.44521254947969985
2019,02,ESP.18.1_1,0,0.27450200609713465
2019,02,ESP.2.1_1,0,0.2790212408632233
2019,02,ESP.2.2_1,0,0.26987373312686774
2019,02,ESP.2.3_1,0,0.26830577330349786
2019,02,ESP.3.1_1,0.069,0.2535809600567505
2019,02,ESP.4.1_1,0,0.296105857217784
2019,02,ESP.4.2_1,0,0.2518718710762269
2019,02,ESP.4.3_1,0,0.28343665312788385
2019,02,ESP.4.4_1,0,0.26513071171460745
2019,02,ESP.4.5_1,0,0.26830577330349786
2019,02,ESP.5.1_1,0,0.2819760814510878
2019,02,ESP.5.2_1,0,0.24840633185509925
2019,02,ESP.5.3_1,0,0.28050433629924987
2019,02,ESP.5.4_1,0,0.28343665312788385
2019,02,ESP.5.5_1,0,0.2947386484173239
2019,02,ESP.5.6_1,0,0.27297163499805893
2019,02,ESP.5.7_1,0,0.2775266131761439
2019,02,ESP.5.8_1,0,0.26513071171460745
2019,02,ESP.5.9_1,0,0.26987373312686774
2019,02,ESP.6.1_1,0,0.304110972316823
2019,02,ESP.6.2_1,0,0.28343665312788385
2019,02,ESP.6.3_1,0,0.26987373312686774
2019,02,ESP.6.4_1,0,0.2933616557443407
2019,02,ESP.7.1_1,0,0.26352313834736496
2019,02,ESP.7.2_1,0,0.2988114594326802
2019,02,ESP.8.1_1,0,0.2819760814510878
2019,02,ESP.9.1_1,0,0.2790212408632233
