ID_0,est,se
ESP,0.9999793345238761,0.2391731581018307
