year,month,gid_3,est,se
2020,07,ESP.10.1.1_1,0.038822347895291515,0.10323093396947275
2020,07,ESP.10.1.4_1,0.005886320915123211,0.03330840351390105
2020,07,ESP.10.1.6_1,0.0056778465262438795,0.03635749138995398
2020,07,ESP.10.1.7_1,0.010068651640947612,0.0580970001585335
2020,07,ESP.10.1.9_1,0.05972121058831152,0.15173684848906022
2020,07,ESP.10.2.5_1,0.0035943433408558868,0.021487740903415153
2020,07,ESP.10.2.7_1,0.0035569753542848493,0.024791827677821048
2020,07,ESP.10.2.8_1,0.03534309908330357,0.10250213242480939
2020,07,ESP.10.3.1_1,0.11610886397015807,0.2794373471043008
2020,07,ESP.10.3.13_1,0.022720543795423025,0.06432008131437052
2020,07,ESP.10.3.4_1,0.3801805428348174,0.7100190662751964
2020,07,ESP.10.3.7_1,0.015653161598368603,0.1470352407511998
2020,07,ESP.10.3.8_1,0.02001431621382297,0.14455915111884762
2020,07,ESP.18.1.5_1,0.06101844406379143,0.10529993729885032
2020,07,ESP.2.2.1_1,4.599712660936852e-4,0.002579436503221884
2020,07,ESP.2.3.2_1,0.009570016400318269,0.01443952473611763
2020,07,ESP.6.1.10_1,0.24269704741072182,0.21955707284852408
2020,07,ESP.6.1.11_1,0.2818798579979531,0.21905407511141062
2020,07,ESP.6.1.12_1,0.07597645097971245,0.12053859306863117
2020,07,ESP.6.1.3_1,0.3296749077767002,0.29565831386234925
2020,07,ESP.6.1.5_1,0.0072316329347811145,0.04288489758365738
2020,07,ESP.6.1.6_1,0.1044669474252286,0.22758910969538845
2020,07,ESP.6.1.9_1,0.0045542467401243555,0.02541322458391115
2020,07,ESP.6.2.4_1,0.024658003953967125,0.06936456027714669
2020,07,ESP.6.2.5_1,0.0216744176587121,0.04950686076847699
2020,07,ESP.6.2.6_1,0.04802642855811197,0.08400169092947023
2020,07,ESP.6.2.7_1,0.03510303264329589,0.0894076881668714
2020,07,ESP.6.3.10_1,0.003654419785623362,0.022928715781406275
2020,07,ESP.6.4.2_1,0.008029633114153537,0.060676359882178475
2020,07,ESP.6.4.3_1,0.01540307455654357,0.044077176084684346
2020,07,ESP.6.4.7_1,0.011581781436685326,0.03148716379294886
