year,month,gid_3,est,se
2020,07,ESP.10.1.1_1,0.08,0.27142894774447635
2020,07,ESP.10.1.4_1,0.073,0.2602666685127751
2020,07,ESP.10.1.6_1,0.084,0.2775266131761439
2020,07,ESP.10.1.7_1,0.278,0.4482375674984382
2020,07,ESP.10.1.9_1,0.066,0.24840633185509925
2020,07,ESP.10.2.5_1,0.401,0.4903462444430868
2020,07,ESP.10.2.7_1,0.086,0.28050433629924987
2020,07,ESP.10.2.8_1,0.878,0.32744957355785825
2020,07,ESP.10.3.1_1,0.226,0.41844844258175834
2020,07,ESP.10.3.13_1,0.814,0.3893013685508382
2020,07,ESP.10.3.4_1,0.223,0.41646661864361284
2020,07,ESP.10.3.7_1,0.387,0.48730736549786363
2020,07,ESP.10.3.8_1,0.029,0.1678904023081343
