year,month,gid_2,est,se
2018,03,ARG.24.2_1,0.219,0.41377555535605315
2018,03,DOM.5.1_1,0.009,0.09448771310560929
2018,03,GTM.7.7_1,0.119,0.32395052700056526
2018,03,HND.8.4_1,0.458,0.4984821807090846
2018,03,IND.20.26_1,0.018,0.13301764429463367
2018,03,IND.34.1_1,0.059,0.23574260237507894
2018,03,MEX.14.40_2,0.009,0.09448771310560929
2018,03,MEX.14.99_2,0.087,0.2819760814510878
2018,03,MEX.16.57_2,0.031,0.17340435135563662
2018,03,MEX.17.7_2,0.054,0.2261307920985887
2018,03,MEX.31.50_2,0.148,0.3552776691859794
2018,03,MEX.4.5_2,0.053,0.22414558046332575
2018,03,MEX.9.9_2,0.007,0.08341437500789632
2018,03,PAK.7.5_1,0.104,0.30541328929383094
2018,03,PER.13.11_1,0.982,0.13301764429463367
2018,03,PRI.52_1,0.077,0.26672484350382913
2018,03,PRI.65_1,0.005,0.07056897321046962
2018,03,USA.10.43_1,0.002,0.04469897088298564
2018,03,USA.5.19_1,0.041,0.19838941090279583
2018,03,VEN.14.3_1,0.088,0.28343665312788385
