year,month,gid_3,est,se
2022,05,ESP.10.1.1_1,0.004903495194094001,0.03668334687059994
2022,05,ESP.10.1.4_1,0.0025550697323142753,0.021680213228707904
2022,05,ESP.10.1.6_1,0.05951330560465674,0.11544150644905116
2022,05,ESP.10.1.7_1,0.07820103937240984,0.15727447871267453
2022,05,ESP.10.1.9_1,0.009383087483727548,0.06094787976170685
2022,05,ESP.10.2.5_1,0.04070222364908131,0.07231044175927276
2022,05,ESP.10.2.7_1,0.04781625495257569,0.09037701241557905
2022,05,ESP.10.2.8_1,0.012793915418494867,0.061976568005021056
2022,05,ESP.10.3.1_1,0.026301720627274892,0.13640893013118136
2022,05,ESP.10.3.13_1,0.0036195902659886233,0.025247503989459873
2022,05,ESP.10.3.4_1,0.034234799300761995,0.22587999950670215
2022,05,ESP.10.3.7_1,0.5947877038099746,0.8088260541641147
2022,05,ESP.10.3.8_1,0.03631358922699617,0.19440928029320548
2022,05,ESP.18.1.5_1,0.035620560291473514,0.08263095612304423
2022,05,ESP.2.2.1_1,0.03998996041408896,0.029380250926131224
2022,05,ESP.2.3.2_1,9.35415136873214e-4,0.003284944743973
2022,05,ESP.6.1.10_1,0.2771509784300133,0.22388496116290563
2022,05,ESP.6.1.11_1,0.46881779677172497,0.1848966027320021
2022,05,ESP.6.1.12_1,0.005092812521096171,0.03247482530633324
2022,05,ESP.6.1.3_1,0.46202384150014264,0.300960220536279
2022,05,ESP.6.1.5_1,0.052780080859329066,0.11420362279886052
2022,05,ESP.6.1.6_1,0.02717047529508045,0.11953141545537618
2022,05,ESP.6.1.9_1,0.003571442381570776,0.0223780237710495
2022,05,ESP.6.2.4_1,0.004304556626555055,0.028636271795800708
2022,05,ESP.6.2.5_1,0.005148773125195368,0.023797233494484763
2022,05,ESP.6.2.6_1,0.12509873859524395,0.11784425106565356
2022,05,ESP.6.2.7_1,0.09125247816186666,0.13646284816952503
2022,05,ESP.6.3.10_1,0.037106043437847576,0.07344818570063626
2022,05,ESP.6.4.2_1,0.10590606172678618,0.21296808681341006
2022,05,ESP.6.4.3_1,0.025433978853299004,0.05627738559497009
2022,05,ESP.6.4.7_1,0.0023167807122060303,0.013345758076465474
