year,month,gid_1,est,se
2020,07,ESP.1_1,0.5284761295475714,0.3547015520836962
2020,07,ESP.10_1,0.9189651100431582,0.26926643172850345
2020,07,ESP.11_1,0,0.4972064240057986
2020,07,ESP.12_1,0,0.49851077514155295
2020,07,ESP.13_1,0.9858818181818182,0.1499783100768024
2020,07,ESP.14_1,0,0.48863516647761657
2020,07,ESP.15_1,0.06962727272727273,0.2535809600567505
2020,07,ESP.16_1,0.2621279244489611,0.4789172208846526
2020,07,ESP.17_1,0,0.4999609594367953
2020,07,ESP.18_1,0.9505636363636363,0.2338604085575211
2020,07,ESP.2_1,0.4237134523431213,0.3786277178645195
2020,07,ESP.3_1,0,0.4992246240173107
2020,07,ESP.4_1,0.1358446359701587,0.4292883669543378
2020,07,ESP.5_1,0,0.4988279041778771
2020,07,ESP.6_1,0.880481054400113,0.3173136682810992
2020,07,ESP.7_1,0,0.49706432178430415
2020,07,ESP.8_1,0.6064636363636364,0.48993779098885504
2020,07,ESP.9_1,0.07870909090909091,0.26830577330349786
