year,month,gid_4,est,se
2020,03,AUT.3.4.12.1_2,0.008,0.08912880535463237
2020,03,ESP.16.2.1.20_1,0.085,0.2790212408632233
2020,03,ESP.16.2.1.3_1,0.085,0.2790212408632233
2020,03,ESP.16.2.1.32_1,0.085,0.2790212408632233
2020,03,ESP.16.2.1.37_1,0.085,0.2790212408632233
2020,03,ESP.16.2.1.38_1,0.085,0.2790212408632233
2020,03,ESP.16.2.1.45_1,0.085,0.2790212408632233
2020,03,ESP.16.2.1.48_1,0.085,0.2790212408632233
2020,03,ESP.16.2.1.51_1,0.085,0.2790212408632233
2020,03,ESP.16.2.1.57_1,0.085,0.2790212408632233
2020,03,ESP.16.2.1.66_1,0.085,0.2790212408632233
2020,03,ESP.16.3.1.13_1,0.019,0.13659303663678343
2020,03,ESP.16.3.1.28_1,0.019,0.13659303663678343
2020,03,ESP.17.1.1.4_1,0.077,0.26672484350382913
2020,03,ESP.17.1.4.1_1,0.077,0.26672484350382913
2020,03,ESP.17.1.4.2_1,0.077,0.26672484350382913
2020,03,ESP.17.1.4.3_1,0.077,0.26672484350382913
2020,03,ESP.17.1.6.2_1,0.077,0.26672484350382913
2020,03,ESP.17.1.8.10_1,0.077,0.26672484350382913
2020,03,ESP.17.1.8.18_1,0.077,0.26672484350382913
2020,03,ESP.3.1.10.1_1,0.037,0.1888562063228706
2020,03,ESP.3.1.11.10_1,0.037,0.1888562063228706
2020,03,ESP.3.1.11.16_1,0.037,0.1888562063228706
2020,03,ESP.3.1.4.5_1,0.037,0.1888562063228706
