year,month,gid_2,est,se
2018,03,ESP.1.1_1,0.316,0.4651455260027343
2018,03,ESP.1.2_1,0.382,0.48611964814468495
2018,03,ESP.1.3_1,0.048,0.21387319079712103
2018,03,ESP.1.4_1,0.45,0.497742652128334
2018,03,ESP.1.5_1,0,0.45935499018406994
2018,03,ESP.1.6_1,0.017,0.1293357171384909
2018,03,ESP.1.7_1,0.896,0.30541328929383094
2018,03,ESP.1.8_1,0.02,0.14007005254378832
2018,03,ESP.10.1_1,0.647,0.4781418404821101
2018,03,ESP.10.2_1,0.601,0.48993779098885504
2018,03,ESP.10.3_1,0.703,0.4571651780264984
2018,03,ESP.11.1_1,0,0.4631344227041362
2018,03,ESP.11.2_1,0,0.46474830929331096
2018,03,ESP.12.1_1,0,0.4639463829433809
2018,03,ESP.12.4_1,0,0.46860921309188386
2018,03,ESP.13.1_1,0.867,0.3397446488562056
2018,03,ESP.14.1_1,0,0.4639463829433809
2018,03,ESP.14.2_1,0,0.4589222261011223
2018,03,ESP.15.1_1,0.036,0.18638331132035063
2018,03,ESP.16.3_1,0.031,0.17340435135563662
2018,03,ESP.17.1_1,0,0.45490981847278583
2018,03,ESP.18.1_1,0.858,0.34922479573758497
2018,03,ESP.2.1_1,0.17,0.3758207567993567
2018,03,ESP.2.2_1,0.035,0.18387171834952978
2018,03,ESP.2.3_1,0.167,0.3731624984510773
2018,03,ESP.3.1_1,0,0.46554025360620294
2018,03,ESP.4.1_1,0.025,0.15620307103062794
2018,03,ESP.4.2_1,0,0.46474830929331096
2018,03,ESP.4.3_1,0.032,0.17608806605504818
2018,03,ESP.4.4_1,0,0.4643485970901814
2018,03,ESP.4.5_1,0.024,0.15312559370479986
2018,03,ESP.5.2_1,0,0.45352473436923446
2018,03,ESP.5.3_1,0,0.46148018805140917
2018,03,ESP.5.7_1,0,0.46860921309188386
2018,03,ESP.5.9_1,0,0.4711666350644939
2018,03,ESP.6.1_1,0.684,0.4651455260027343
2018,03,ESP.6.2_1,0.488,0.5001060948499889
2018,03,ESP.6.3_1,0.576,0.49443752736667196
2018,03,ESP.6.4_1,0.488,0.5001060948499889
2018,03,ESP.8.1_1,0.03,0.17067257872642908
2018,03,ESP.9.1_1,0.033,0.17872588772459053
