year,month,gid_2,est,se
2018,03,ESP.1.1_1,0.302,0.45935499018406994
2018,03,ESP.1.2_1,0.382,0.48611964814468495
2018,03,ESP.1.3_1,0,0.19838941090279583
2018,03,ESP.1.4_1,0.437,0.4962633144584408
2018,03,ESP.1.5_1,0,0.4663222667388471
2018,03,ESP.1.6_1,0,0.17067257872642908
2018,03,ESP.1.7_1,0.886,0.31797028965786267
2018,03,ESP.1.8_1,0,0.15921478998305827
2018,03,ESP.10.1_1,0.641,0.4799472360055315
2018,03,ESP.10.2_1,0.576,0.49443752736667196
2018,03,ESP.10.3_1,0.653,0.4762539425745658
2018,03,ESP.11.1_1,0,0.45581988961844544
2018,03,ESP.11.2_1,0,0.46709439857182744
2018,03,ESP.12.1_1,0,0.47187568984497036
2018,03,ESP.12.4_1,0,0.46785669802824226
2018,03,ESP.13.1_1,0.851,0.3562666500332664
2018,03,ESP.14.1_1,0,0.4610602743422779
2018,03,ESP.14.2_1,0,0.46670956473787617
2018,03,ESP.15.1_1,0,0.17340435135563662
2018,03,ESP.16.3_1,0,0.15312559370479986
2018,03,ESP.17.1_1,0,0.4682341756463781
2018,03,ESP.18.1_1,0.846,0.3611293596682696
2018,03,ESP.2.1_1,0,0.3917045218432287
2018,03,ESP.2.2_1,0,0.15921478998305827
2018,03,ESP.2.3_1,0.147,0.35428310221702153
2018,03,ESP.3.1_1,0,0.46971974265154814
2018,03,ESP.4.1_1,0,0.15921478998305827
2018,03,ESP.4.2_1,0,0.4762539425745658
2018,03,ESP.4.3_1,0,0.17067257872642908
2018,03,ESP.4.4_1,0,0.4651455260027343
2018,03,ESP.4.5_1,0,0.1499783100768024
2018,03,ESP.5.2_1,0,0.4576083537321029
2018,03,ESP.5.3_1,0,0.47008507738491334
2018,03,ESP.5.7_1,0,0.47461696267754827
2018,03,ESP.5.9_1,0,0.4602127723084137
2018,03,ESP.6.1_1,0.669,0.47080851804174134
2018,03,ESP.6.2_1,0.476,0.4996735671152454
2018,03,ESP.6.3_1,0.585,0.4929685771101623
2018,03,ESP.6.4_1,0.476,0.4996735671152454
2018,03,ESP.8.1_1,0,0.17340435135563662
2018,03,ESP.9.1_1,0,0.1678904023081343
