year,month,gid_2,est,se
2014,12,ESP.1.1_1,0.003,0.05471740119919799
2014,12,ESP.1.2_1,0.007,0.08341437500789632
2014,12,ESP.1.3_1,0.005,0.07056897321046962
2014,12,ESP.1.4_1,0.003,0.05471740119919799
2014,12,ESP.1.5_1,0,0.31918157352340515
2014,12,ESP.1.6_1,0,0
2014,12,ESP.1.7_1,0.055,0.22809433799861634
2014,12,ESP.1.8_1,0.007,0.08341437500789632
2014,12,ESP.10.1_1,0.04,0.19605723255834873
2014,12,ESP.10.2_1,0.042,0.20068950215762726
2014,12,ESP.10.3_1,0.012,0.10893974420691407
2014,12,ESP.11.1_1,0,0.30541328929383094
2014,12,ESP.11.2_1,0,0.2947386484173239
2014,12,ESP.12.1_1,0,0.2535809600567505
2014,12,ESP.12.2_1,0,0.2933616557443407
2014,12,ESP.12.3_1,0,0.26987373312686774
2014,12,ESP.12.4_1,0,0.26672484350382913
2014,12,ESP.13.1_1,0.081,0.27297163499805893
2014,12,ESP.14.1_1,0,0.3749394345485409
2014,12,ESP.14.2_1,0,0.3766973598273565
2014,12,ESP.15.1_1,0.004,0.06315051850925682
2014,12,ESP.16.1_1,0,0.27450200609713465
2014,12,ESP.16.2_1,0.002,0.04469897088298564
2014,12,ESP.16.3_1,0.001,0.03162277660168379
2014,12,ESP.17.1_1,0,0.27142894774447635
2014,12,ESP.18.1_1,0.18,0.38437969216355294
2014,12,ESP.2.1_1,0.001,0.03162277660168379
2014,12,ESP.2.2_1,0.001,0.03162277660168379
2014,12,ESP.2.3_1,0.001,0.03162277660168379
2014,12,ESP.3.1_1,0,0.26830577330349786
2014,12,ESP.4.2_1,0,0.30799165387857325
2014,12,ESP.4.3_1,0.002,0.04469897088298564
2014,12,ESP.4.4_1,0,0.3117951510466707
2014,12,ESP.4.5_1,0,0
2014,12,ESP.5.1_1,0,0.290577761426155
2014,12,ESP.5.2_1,0,0.290577761426155
2014,12,ESP.5.3_1,0,0.28632495871296654
2014,12,ESP.5.4_1,0,0.28775302222878874
2014,12,ESP.5.5_1,0,0.28775302222878874
2014,12,ESP.5.6_1,0,0.3142893217686178
2014,12,ESP.5.7_1,0,0.28343665312788385
2014,12,ESP.5.8_1,0,0.2947386484173239
2014,12,ESP.5.9_1,0,0.26987373312686774
2014,12,ESP.6.1_1,0.271,0.4446985009607709
2014,12,ESP.6.2_1,0.474,0.4995733915788286
2014,12,ESP.6.3_1,0.003,0.05471740119919799
2014,12,ESP.6.4_1,0.161,0.3677148544921924
2014,12,ESP.7.2_1,0,0.3562666500332664
2014,12,ESP.8.1_1,0.003,0.05471740119919799
2014,12,ESP.9.1_1,0.005,0.07056897321046962
