year,month,gid_2,est,se
2014,12,ESP.1.1_1,0.007,0.08341437500789632
2014,12,ESP.1.2_1,0.004,0.06315051850925682
2014,12,ESP.1.3_1,0.003,0.05471740119919799
2014,12,ESP.1.4_1,0.004,0.06315051850925682
2014,12,ESP.1.5_1,0,0.3227695465501356
2014,12,ESP.1.6_1,0.005,0.07056897321046962
2014,12,ESP.1.7_1,0.048,0.21387319079712103
2014,12,ESP.1.8_1,0.002,0.04469897088298564
2014,12,ESP.10.1_1,0.046,0.20958990416508122
2014,12,ESP.10.2_1,0.028,0.16505527329729044
2014,12,ESP.10.3_1,0.022,0.1467567291047928
2014,12,ESP.11.1_1,0,0.3117951510466707
2014,12,ESP.11.2_1,0,0.3155242550986462
2014,12,ESP.12.1_1,0,0.27297163499805893
2014,12,ESP.12.2_1,0,0.2790212408632233
2014,12,ESP.12.3_1,0,0.296105857217784
2014,12,ESP.12.4_1,0,0.26352313834736496
2014,12,ESP.13.1_1,0.086,0.28050433629924987
2014,12,ESP.14.1_1,0,0.38354413840665863
2014,12,ESP.14.2_1,0,0.3731624984510773
2014,12,ESP.15.1_1,0.001,0.03162277660168379
2014,12,ESP.16.1_1,0,0.2819760814510878
2014,12,ESP.16.2_1,0.006,0.07726558075864033
2014,12,ESP.16.3_1,0.003,0.05471740119919799
2014,12,ESP.17.1_1,0,0.27142894774447635
2014,12,ESP.18.1_1,0.201,0.40094857495663927
2014,12,ESP.2.1_1,0.003,0.05471740119919799
2014,12,ESP.2.2_1,0.004,0.06315051850925682
2014,12,ESP.2.3_1,0.002,0.04469897088298564
2014,12,ESP.3.1_1,0,0.2760202658994212
2014,12,ESP.4.1_1,0.005,0.07056897321046962
2014,12,ESP.4.2_1,0,0.32744957355785825
2014,12,ESP.4.3_1,0.007,0.08341437500789632
2014,12,ESP.4.4_1,0,0.30926792049394103
2014,12,ESP.4.5_1,0.007,0.08341437500789632
2014,12,ESP.5.1_1,0,0.3155242550986462
2014,12,ESP.5.2_1,0,0.28343665312788385
2014,12,ESP.5.3_1,0,0.29746341705239066
2014,12,ESP.5.4_1,0,0.26672484350382913
2014,12,ESP.5.5_1,0,0.2819760814510878
2014,12,ESP.5.6_1,0,0.304110972316823
2014,12,ESP.5.7_1,0,0.296105857217784
2014,12,ESP.5.8_1,0,0.2790212408632233
2014,12,ESP.5.9_1,0,0.2819760814510878
2014,12,ESP.6.1_1,0.253,0.43494847991478275
2014,12,ESP.6.2_1,0.439,0.49651336892930237
2014,12,ESP.6.3_1,0.001,0.03162277660168379
2014,12,ESP.6.4_1,0.131,0.33756918246924283
2014,12,ESP.7.1_1,0,0.3320154126456093
2014,12,ESP.7.2_1,0,0.3502480173729377
2014,12,ESP.8.1_1,0.002,0.04469897088298564
2014,12,ESP.9.1_1,0.002,0.04469897088298564
