year,month,gid_1,est,se
2014,03,ESP.10_1,0.982,0.13301764429463367
2014,03,ESP.6_1,0.981,0.13659303663678343
