year,month,gid_4,est,se
2017,09,ARG.24.2_1,0.027,0.162164414398774
2017,09,DOM.5.1_1,0.075,0.26352313834736496
2017,09,GTM.7.7_1,0.086,0.28050433629924987
2017,09,HND.8.4_1,0.099,0.2988114594326802
2017,09,IND.20.26.7_1,0.008,0.08912880535463237
2017,09,IND.34.1.5_1,0.143,0.3502480173729377
2017,09,MEX.14.40_2,0.09,0.28632495871296654
2017,09,MEX.14.99_2,0.081,0.27297163499805893
2017,09,MEX.16.57_2,0.154,0.3611293596682696
2017,09,MEX.17.7_2,0.052,0.22213812222431642
2017,09,MEX.31.50_2,0.016,0.12553788177183714
2017,09,MEX.4.5_2,0.072,0.2586172517116422
2017,09,MEX.9.9_2,0.013,0.11333068359382575
2017,09,PAK.7.5.2_1,0.009,0.09448771310560929
2017,09,PER.13.11.10_1,0.106,0.30799165387857325
2017,09,PRI.52_1,0.138,0.3450725649411658
2017,09,PRI.65_1,0.002,0.04469897088298564
2017,09,USA.10.43_1,0.006,0.07726558075864033
2017,09,USA.5.19_1,0.01,0.0995485304256668
2017,09,VEN.14.3_1,0.006,0.07726558075864033
