year,month,gid_2,est,se
2022,04,ESP.10.1_1,0.8079950288889911,0.47041003006055865
2022,04,ESP.10.2_1,0.12742002677006864,0.5041354917477648
2022,04,ESP.10.3_1,0.45936129561849415,0.1208935338978326
2022,04,ESP.15.1_1,0.02576409220641646,0.27277171412931034
2022,04,ESP.18.1_1,0.2759107791771366,0.4107417951813093
2022,04,ESP.2.1_1,5.958463976114286e-4,0.02391745481322745
2022,04,ESP.2.2_1,9.889947867153458e-4,0.03239748708489749
2022,04,ESP.2.3_1,0.16168743772238897,0.242199126563261
2022,04,ESP.4.1_1,0.042773345300741936,0.20428891391149107
2022,04,ESP.4.3_1,0.05943949368713933,0.21098273742999757
2022,04,ESP.4.4_1,0.28290701379027605,0.32410684770785525
2022,04,ESP.5.7_1,0.0036813108317322275,0.0736620333013721
2022,04,ESP.6.1_1,0.5912126150608158,0.19625367432254084
2022,04,ESP.6.2_1,0.7887206348710941,0.06344586191618529
2022,04,ESP.6.3_1,0.23309345725784686,0.337732032416814
2022,04,ESP.6.4_1,0.764096198538751,0
2022,04,ESP.9.1_1,0.025693666910738096,0.1860663831171757
2022,04,FRA.10.11_1,0.4900470274026146,0.3885967853909759
2022,04,FRA.11.11_1,0.020089285714285712,0.2666332817726472
2022,04,FRA.11.6_1,0.17205865624773545,0.544217975846144
2022,04,FRA.11.7_1,0.4775376315994857,0.8985238873802549
