year,month,gid_2,est,se
2022,04,ESP.1.1_1,0.759,0.42790431418963526
2022,04,ESP.1.2_1,0.994,0.07726558075864033
2022,04,ESP.1.3_1,0.971,0.1678904023081343
2022,04,ESP.1.4_1,0.999,0.03162277660168379
2022,04,ESP.1.5_1,0.673,0.46935199082489393
2022,04,ESP.1.6_1,0.382,0.48611964814468495
2022,04,ESP.1.7_1,0.997,0.054717401199198
2022,04,ESP.1.8_1,0.999,0.03162277660168379
2022,04,ESP.10.1_1,0.942,0.2338604085575211
2022,04,ESP.10.2_1,0.98,0.14007005254378832
2022,04,ESP.10.3_1,0.962,0.19129190414806527
2022,04,ESP.11.1_1,0.502,0.5002461856388775
2022,04,ESP.11.2_1,0.495,0.50022517452166
2022,04,ESP.12.1_1,0.704,0.45671938057476014
2022,04,ESP.12.2_1,0.551,0.4976410821532389
2022,04,ESP.12.3_1,0.048,0.21387319079712103
2022,04,ESP.12.4_1,0.286,0.45211548127487117
2022,04,ESP.13.1_1,0.943,0.2319586273558386
2022,04,ESP.14.1_1,0.691,0.46231237570795436
2022,04,ESP.14.2_1,0.613,0.48730736549786363
2022,04,ESP.15.1_1,0.271,0.4446985009607709
2022,04,ESP.16.1_1,0.291,0.45445079549443584
2022,04,ESP.16.2_1,0.948,0.22213812222431645
2022,04,ESP.16.3_1,0.849,0.3582280381646966
2022,04,ESP.17.1_1,0.677,0.46785669802824226
2022,04,ESP.18.1_1,0.978,0.1467567291047928
2022,04,ESP.2.1_1,0.906,0.29197474077263813
2022,04,ESP.2.2_1,0.048,0.21387319079712103
2022,04,ESP.2.3_1,0.93,0.25527468571161765
2022,04,ESP.3.1_1,0.974,0.15921478998305827
2022,04,ESP.4.1_1,0.489,0.500129112459102
2022,04,ESP.4.2_1,0.235,0.42421097929562707
2022,04,ESP.4.3_1,0.245,0.4303024054780082
2022,04,ESP.4.4_1,0.397,0.4895208173618673
2022,04,ESP.4.5_1,0.895,0.3067068128833611
2022,04,ESP.5.1_1,0.805,0.39639895576569334
2022,04,ESP.5.2_1,0.697,0.45978516983739526
2022,04,ESP.5.3_1,0.887,0.3167512136225074
2022,04,ESP.5.4_1,0.419,0.4936422618482768
2022,04,ESP.5.5_1,0.757,0.4291097005838194
2022,04,ESP.5.6_1,0.164,0.3704608498090469
2022,04,ESP.5.7_1,0.072,0.2586172517116422
2022,04,ESP.5.8_1,0.064,0.24487540497968344
2022,04,ESP.5.9_1,0.255,0.4360793106364542
2022,04,ESP.6.1_1,0.993,0.08341437500789632
2022,04,ESP.6.2_1,0.998,0.04469897088298564
2022,04,ESP.6.3_1,0.947,0.22414558046332575
2022,04,ESP.6.4_1,0.996,0.06315051850925682
2022,04,ESP.7.1_1,0.123,0.32860155048170264
2022,04,ESP.7.2_1,0.106,0.30799165387857325
2022,04,ESP.8.1_1,0.983,0.1293357171384909
2022,04,ESP.9.1_1,0.626,0.48410573055723927
