year,month,gid_2,est,se
2022,04,ESP.1.1_1,0.931,0.2535809600567505
2022,04,ESP.1.2_1,1,0
2022,04,ESP.1.3_1,0.997,0.05471740119919799
2022,04,ESP.1.4_1,1,0
2022,04,ESP.1.6_1,0,0.5002011607355596
2022,04,ESP.1.7_1,0.985,0.12161327966052798
2022,04,ESP.1.8_1,0.995,0.07056897321046962
2022,04,ESP.10.1_1,0.976,0.15312559370479986
2022,04,ESP.10.2_1,0.99,0.0995485304256668
2022,04,ESP.10.3_1,0.963,0.1888562063228706
2022,04,ESP.11.1_1,0.764,0.4248346554654934
2022,04,ESP.11.2_1,0.761,0.42668613881993056
2022,04,ESP.12.1_1,0.817,0.3868600013708585
2022,04,ESP.12.2_1,0.507,0.5002011607355596
2022,04,ESP.12.3_1,0,0.15620307103062794
2022,04,ESP.12.4_1,0.46,0.49864681754589457
2022,04,ESP.13.1_1,0.993,0.08341437500789632
2022,04,ESP.14.1_1,0.661,0.47360669685225454
2022,04,ESP.14.2_1,0.243,0.4291097005838194
2022,04,ESP.15.1_1,0.436,0.4961352135760474
2022,04,ESP.16.1_1,0.38,0.48562931937418674
2022,04,ESP.16.2_1,0.948,0.22213812222431645
2022,04,ESP.16.3_1,0.904,0.2947386484173239
2022,04,ESP.17.1_1,0.822,0.38270414482007176
2022,04,ESP.18.1_1,0.999,0.03162277660168379
2022,04,ESP.2.2_1,0,0.19129190414806527
2022,04,ESP.2.3_1,0.96,0.19605723255834873
2022,04,ESP.3.1_1,0.997,0.05471740119919799
2022,04,ESP.4.1_1,0,0.43148253403489834
2022,04,ESP.4.2_1,0,0.26352313834736496
2022,04,ESP.4.3_1,0,0.4796520260210167
2022,04,ESP.4.5_1,0.802,0.3986915536538929
2022,04,ESP.5.1_1,0.668,0.4711666350644939
2022,04,ESP.5.2_1,0.654,0.4759312035478558
2022,04,ESP.5.6_1,0.231,0.42168331341993703
2022,04,ESP.5.8_1,0,0.17340435135563662
2022,04,ESP.6.1_1,0.967,0.17872588772459053
2022,04,ESP.6.2_1,1,0
2022,04,ESP.6.3_1,0.951,0.21597603025716916
2022,04,ESP.6.4_1,0.958,0.20068950215762726
2022,04,ESP.7.2_1,0,0.3001501125938321
2022,04,ESP.8.1_1,0.99,0.0995485304256668
