ID_1,est,se
ESP.1_1,0.08747788005385027,0.10555557395672335
ESP.10_1,0.030696924000000014,0.09972314347301235
ESP.11_1,0.01990000000000003,0.0995485304256668
ESP.12_1,0.022870000000000057,0.05321980350487314
ESP.13_1,0.008000000000000007,0.08912880535463237
ESP.14_1,0.016934000000000005,0.09081010798450635
ESP.15_1,0.01200000000000001,0.10893974420691407
ESP.16_1,0.02188000000000001,0.06949609154419363
ESP.17_1,0.008000000000000007,0.08912880535463237
ESP.18_1,0.019000000000000017,0.13659303663678343
ESP.2_1,0.025847000000000064,0.07460781008136673
ESP.3_1,0.006000000000000005,0.07726558075864033
ESP.4_1,0.04144534,0.06957768984864467
ESP.5_1,0.051970899488000044,0.05058352976875936
ESP.6_1,0.04426623344800007,0.10441538180011956
ESP.7_1,0.08199999999999996,0.13725100304856733
ESP.8_1,0.010000000000000009,0.0995485304256668
ESP.9_1,0,0
