year,month,gid_1,est,se
2021,03,ESP.1_1,0.22499794837350462,0.33301655130720803
2021,03,ESP.10_1,0.21596039585217783,0.38053582351751236
2021,03,ESP.11_1,0,0.06239360020688428
2021,03,ESP.12_1,0.005662589777929405,0.2722099415979423
2021,03,ESP.13_1,0,0.48436516143258035
2021,03,ESP.14_1,0,0.18076516352152402
2021,03,ESP.15_1,0,0.1499783100768024
2021,03,ESP.16_1,0.02659900642717973,0.2591052721997489
2021,03,ESP.17_1,0.43675514720837005,0.48973037054672836
2021,03,ESP.18_1,0.09547160253047283,0.2819760814510878
2021,03,ESP.2_1,0,0.24774543030994095
2021,03,ESP.3_1,0,0.03162277660168379
2021,03,ESP.4_1,0,0.1466741328699504
2021,03,ESP.5_1,0,0.05413886078925837
2021,03,ESP.6_1,0.37223994927083964,0.2713762298777559
2021,03,ESP.8_1,0,0.4462321403968154
2021,03,ESP.9_1,0,0.4291097005838194
2021,03,ITA.10_1,0.28636033266639815,0.4132958856102996
2021,03,ITA.13_1,0,0.18387171834952976
2021,03,ITA.15_1,0,0.16512912724413553
2021,03,ITA.16_1,0.8307044016779512,0.18021083344459238
2021,03,ITA.17_1,0,0
2021,03,ITA.2_1,0.15092245009926658,0.3086775695233888
2021,03,ITA.20_1,0.11565901884997208,0.278534977141997
2021,03,ITA.4_1,0.18351388613948702,0.4146661409953962
2021,03,ITA.5_1,0,0.293244788582437
2021,03,ITA.6_1,0.10693004127158201,0.24813662035055822
2021,03,ITA.8_1,0.8328949871220216,0.23896555856571877
2021,03,ITA.9_1,0.028531743284968894,0.15921478998305827
