year,month,gid_4,est,se
2020,12,DOM.5.1_1,0.059,0.23574260237507894
2020,12,GTM.7.7_1,0.03,0.17067257872642908
2020,12,HND.8.4_1,0.031,0.17340435135563662
2020,12,IND.20.26.12_1,0.034,0.18131981931624816
2020,12,IND.20.26.6_1,0.034,0.18131981931624816
2020,12,IND.20.26.7_1,0.034,0.18131981931624816
2020,12,IND.20.26.8_1,0.034,0.18131981931624816
2020,12,IND.34.1.1_1,0.059,0.23574260237507894
2020,12,IND.34.1.5_1,0.059,0.23574260237507894
2020,12,MEX.14.40_2,0.036,0.18638331132035063
2020,12,MEX.14.99_2,0.054,0.2261307920985887
2020,12,MEX.16.57_2,0.046,0.20958990416508122
2020,12,MEX.17.7_2,0.043,0.2029585972364615
2020,12,MEX.31.50_2,0.028,0.16505527329729044
2020,12,MEX.9.9_2,0.024,0.15312559370479986
2020,12,PER.13.11.10_1,0.041,0.19838941090279583
2020,12,PER.13.11.11_1,0.041,0.19838941090279583
2020,12,USA.10.43_1,0.038,0.19129190414806527
2020,12,USA.5.19_1,0.107,0.30926792049394103
