ID_0,est,se
ALB,0,0
ARG,0.236,0.4248346554654934
AUT,0,0
BEL,0,0
BGR,0,0
CHN,0,0
DEU,0,0
DOM,0.026,0.15921478998305827
ESP,0,0
FRA,0,0
GRC,0,0
GTM,0.183,0.3868600013708585
HND,0.126,0.3320154126456093
HRV,0,0
HUN,0,0
IND,0.261,0.6717909051319126
ITA,0,0
MEX,0.838,2.2047904848996427
NLD,0,0
PAK,0.24,0.6502482778314932
PER,0.556,0.8964751349968764
ROU,0,0
SRB,0,0
SVN,0,0
TUR,0,0
USA,0.012,0.10893974420691407
VEN,0.142,0.34922479573758497
XKO,0,0
