year,month,gid_3,est,se
2018,04,AUT.9.1.1_2,0,0.1678904023081343
2018,04,DEU.2.54.1_1,0,0.21174474216810163
2018,04,ESP.16.2.1_1,0,0.1678904023081343
2018,04,ESP.17.1.4_1,0,0.4992877810324305
2018,04,ESP.17.1.7_1,0,0.4992877810324305
2018,04,ESP.3.1.4_1,0,0.26830577330349786
