ID_1,est,se
ESP.1_1,0.0020000000000000018,0.005587371360373205
ESP.10_1,0,0
ESP.11_1,0,0
ESP.12_1,0,0
ESP.13_1,0,0
ESP.14_1,0,0
ESP.15_1,0.019000000000000017,0.13659303663678343
ESP.16_1,0,0
ESP.17_1,0,0
ESP.18_1,0,0
ESP.2_1,0.002998000000000056,0.02544058249488981
ESP.3_1,0,0
ESP.4_1,0.0039959999999999996,0.017879588353194257
ESP.5_1,0,0
ESP.6_1,0.0030000000000000027,0.013679350299799498
ESP.7_1,0,0
ESP.8_1,0.0010000000000000009,0.03162277660168379
ESP.9_1,0.006000000000000005,0.07726558075864033
