year,month,gid_1,est,se
2015,01,ESP.1_1,0.04123621247113978,0.17980141139376155
2015,01,ESP.10_1,0.19431527293654888,0.383478380894121
2015,01,ESP.11_1,0,0.34922422378769163
2015,01,ESP.12_1,0,0.33419310042128514
2015,01,ESP.13_1,0.4359272727272727,0.49560228169533443
2015,01,ESP.14_1,0,0.40408442168961345
2015,01,ESP.15_1,0.015136363636363639,0.121613279660528
2015,01,ESP.16_1,0.0014072937690802778,0.16319587899181628
2015,01,ESP.17_1,0,0.33647171235218754
2015,01,ESP.18_1,0.36125454545454544,0.4796520260210167
2015,01,ESP.2_1,0.04042114644062157,0.16117027723634444
2015,01,ESP.3_1,0,0.31918157352340515
2015,01,ESP.4_1,0.004729532420790736,0.17995203929796436
2015,01,ESP.5_1,0,0.33436150890146343
2015,01,ESP.6_1,0.1561270257655113,0.31459146723765963
2015,01,ESP.7_1,0,0.3726959514191071
2015,01,ESP.8_1,0.020181818181818183,0.14007005254378832
2015,01,ESP.9_1,0,0
