year,month,gid_1,est,se
2015,01,ESP.1_1,0,0
2015,01,ESP.10_1,0,0.013399465643607413
2015,01,ESP.11_1,0,0.11121524997670322
2015,01,ESP.12_1,0,0.10883905589783224
2015,01,ESP.13_1,0,0.24129986829046524
2015,01,ESP.14_1,0,0.09157547358785117
2015,01,ESP.16_1,0,0
2015,01,ESP.17_1,0,0.10436486346820147
2015,01,ESP.18_1,0.05410821643286573,0.22615295617438672
2015,01,ESP.2_1,0,0
2015,01,ESP.3_1,0,0.08342255081851088
2015,01,ESP.4_1,0,0
2015,01,ESP.5_1,0,0.10080289915713385
2015,01,ESP.6_1,0.0013384451516396335,0.023524848842824755
2015,01,ESP.7_1,0,0.07727315389882448
2015,01,ESP.8_1,0,0.10895042187148869
2015,01,ESP.9_1,0,0.07727315389882448
