year,month,gid_1,est,se
2015,01,AND.2_1,0,0.1734057386070945
2015,01,AND.3_1,0,0.15921606371666297
2015,01,AND.4_1,0,0.1330187084485579
2015,01,AND.5_1,0,0.18132126989220962
2015,01,AND.6_1,0,0.1838731893409285
2015,01,AUT.6_1,0,0.14675790317271445
2015,01,AUT.7_1,0,0.18638480240473423
2015,01,CHE.6_1,0,0.14007117311765557
2015,01,DEU.4_1,0,0.1760894747764813
2015,01,DEU.8_1,0,0.16789174544747043
2015,01,ESP.1_1,0.01954854841128056,0.11631294849740344
2015,01,ESP.10_1,0,0.1976472053782669
2015,01,ESP.11_1,0,0.17211968542714184
2015,01,ESP.12_1,0,0.16331709836956468
2015,01,ESP.13_1,0,0.11755015485502483
2015,01,ESP.14_1,0,0.16187284046519604
2015,01,ESP.16_1,0,0.1190876979127882
2015,01,ESP.17_1,0,0.18132126989220962
2015,01,ESP.18_1,0.17462526096033404,0.3784395667452137
2015,01,ESP.2_1,0,0.07455275231551134
2015,01,ESP.3_1,0,0.16505659375532236
2015,01,ESP.4_1,0,0.09204019332697877
2015,01,ESP.5_1,0,0.17827598995234983
2015,01,ESP.6_1,0.004443806907148388,0.048200618500640946
2015,01,ESP.7_1,0,0.143456993061061
2015,01,ESP.8_1,0,0.11755015485502483
2015,01,ESP.9_1,0,0.18885771719065161
2015,01,FRA.1_1,0,0.15649658083739879
2015,01,FRA.10_1,0,0.14997950991768114
2015,01,FRA.11_1,0,0.10423265561773992
2015,01,FRA.8_1,0,0.1553618156316579
2015,01,GBR.1_1,0,0.16931262791388946
2015,01,HRV.21_1,0,0.15659595305966675
2015,01,ITA.10_1,0.02425213834940533,0.1531397057039904
2015,01,ITA.13_1,0,0.20069110769291096
2015,01,ITA.16_1,0,0.04898301608860375
2015,01,ITA.20_1,0,0.1983909980371287
2015,01,ITA.4_1,0,0.19369335763103795
2015,01,ITA.5_1,0,0.08341504233090427
2015,01,ITA.6_1,0.041385177453027146,0.1983909980371287
2015,01,ITA.8_1,0.024472383827423196,0.1530824361032051
2015,01,ITA.9_1,0,0.15312681872424974
2015,01,NLD.14_1,0,0.24096788597002283
2015,01,NLD.9_1,0,0.16956223630677764
2015,01,PRT.12_1,0,0.17872731754885024
2015,01,PRT.16_1,0,0.15620432067019188
2015,01,SRB.3_1,0,0.20296022092472368
2015,01,SWE.15_1,0,0.19300859971712034
2015,01,TUR.59_1,0,0.15312681872424974
