year,month,gid_1,est,se
2015,01,ESP.1_1,0,0
2015,01,ESP.10_1,0,0.017279893756721596
2015,01,ESP.11_1,0,0.08014256109820538
2015,01,ESP.12_1,0,0.08051036840288095
2015,01,ESP.13_1,0,0.3028051990360733
2015,01,ESP.14_1,0,0.06719562977750344
2015,01,ESP.16_1,0,0
2015,01,ESP.17_1,0,0.08341587650718706
2015,01,ESP.18_1,0.08416850551654965,0.27753160879006306
2015,01,ESP.2_1,0,0
2015,01,ESP.3_1,0,0.1089417051752561
2015,01,ESP.4_1,0,0.010333829501576212
2015,01,ESP.5_1,0,0.0714289766684389
2015,01,ESP.6_1,0.0039777226827388025,0.040853312732768196
2015,01,ESP.7_1,0,0.06315165524928205
2015,01,ESP.8_1,0,0.1089417051752561
2015,01,ESP.9_1,0,0.08341587650718706
2015,01,ITA.10_1,0,0
2015,01,ITA.13_1,0,0
2015,01,ITA.16_1,0,0
2015,01,ITA.20_1,0,0
2015,01,ITA.4_1,0,0.050000654431561924
2015,01,ITA.5_1,0,0.1089417051752561
2015,01,ITA.6_1,0.00400802407221665,0.06315165524928205
2015,01,ITA.8_1,0,0
2015,01,ITA.9_1,0,0.07726697157664618
