year,month,gid_1,est,se
2015,01,ESP.1_1,0.07729448422063127,0.2710749815653232
2015,01,ESP.10_1,0.19468545198989778,0.39553105002496936
2015,01,ESP.11_1,0,0.35987354771342744
2015,01,ESP.12_1,0,0.3513315082180644
2015,01,ESP.13_1,0.311,0.4631381278239793
2015,01,ESP.14_1,0,0.4015359376622065
2015,01,ESP.16_1,0.023585409642008618,0.15175005030036098
2015,01,ESP.17_1,0,0.3481984780482564
2015,01,ESP.18_1,0.25,0.43323283663492024
2015,01,ESP.2_1,0.08772906687102701,0.27568840375478215
2015,01,ESP.3_1,0,0.34922758956947686
2015,01,ESP.4_1,0.05565055856094934,0.22224083911038928
2015,01,ESP.5_1,0,0.3480223107871696
2015,01,ESP.6_1,0.1834763260224909,0.3716158663869014
2015,01,ESP.7_1,0,0.37582376340149043
2015,01,ESP.8_1,0.072,0.25861932067448345
2015,01,ESP.9_1,0.035,0.1838731893409285
