ID_0,est,se
ESP,0.15156621445000007,0.01403416897746575
