year,month,gid_3,est,se
2017,09,ESP.10.1.1_1,0.959,0.19838941090279583
2017,09,ESP.10.1.2_1,0.157,0.3639828065767441
2017,09,ESP.10.1.3_1,0.052,0.22213812222431645
2017,09,ESP.10.1.4_1,1,0
2017,09,ESP.10.1.4_1,1,0
2017,09,ESP.10.1.5_1,0.39,0.4879939939570344
2017,09,ESP.10.1.6_1,1,0
2017,09,ESP.10.1.7_1,0.987,0.11333068359382575
2017,09,ESP.10.1.8_1,0.197,0.39793133748091436
2017,09,ESP.10.1.9_1,0.999,0.03162277660168379
2017,09,ESP.10.2.1_1,0.343,0.47494902524015836
2017,09,ESP.10.2.2_1,0.572,0.49503642397409614
2017,09,ESP.10.2.3_1,0.835,0.37136627864268035
2017,09,ESP.10.2.5_1,0.965,0.18387171834952978
2017,09,ESP.10.2.7_1,0.995,0.07056897321046962
2017,09,ESP.10.2.8_1,0.756,0.42970763159228237
2017,09,ESP.10.3.1_1,0.95,0.21805400144814482
2017,09,ESP.10.3.10_1,1,0
2017,09,ESP.10.3.11_1,0.999,0.03162277660168379
2017,09,ESP.10.3.12_1,0.164,0.3704608498090469
2017,09,ESP.10.3.13_1,0.985,0.12161327966052798
2017,09,ESP.10.3.14_1,0.091,0.28775302222878874
2017,09,ESP.10.3.16_1,0.583,0.4933095928059319
2017,09,ESP.10.3.17_1,0.995,0.07056897321046962
2017,09,ESP.10.3.18_1,0.265,0.4415540396938635
2017,09,ESP.10.3.2_1,0.999,0.03162277660168379
2017,09,ESP.10.3.3_1,0.331,0.4708085180417413
2017,09,ESP.10.3.4_1,0.919,0.27297163499805893
2017,09,ESP.10.3.5_1,0.979,0.14345584540052586
2017,09,ESP.10.3.6_1,0.975,0.15620307103062794
2017,09,ESP.10.3.7_1,1,0
2017,09,ESP.10.3.7_1,1,0
2017,09,ESP.10.3.7_1,1,0
2017,09,ESP.10.3.8_1,1,0
2017,09,ESP.10.3.8_1,1,0
2017,09,ESP.10.3.9_1,0.968,0.17608806605504818
