year,month,gid_1,est,se
2016,09,ARG.24_1,0.086,0.28050433629924987
2016,09,DOM.5_1,0.02,0.14007005254378832
2016,09,GTM.7_1,0.298,0.4576083537321029
2016,09,HND.8_1,0.01,0.0995485304256668
2016,09,IND.20_1,0.024,0.15312559370479986
2016,09,IND.34_1,0.139,0.3461196307619647
2016,09,MEX.14_1,0.008,0.08912880535463237
2016,09,MEX.16_1,0.055,0.22809433799861634
2016,09,MEX.17_1,0.024,0.15312559370479986
2016,09,MEX.31_1,0.037,0.1888562063228706
2016,09,MEX.4_1,0.115,0.31918157352340515
2016,09,MEX.9_1,0.005,0.07056897321046962
2016,09,PAK.7_1,0.215,0.4110279113928201
2016,09,PER.13_1,0.076,0.26513071171460745
2016,09,PRI.52_1,0.103,0.304110972316823
2016,09,PRI.65_1,0.016,0.12553788177183714
2016,09,USA.10_1,0.005,0.07056897321046962
2016,09,USA.5_1,0.019,0.13659303663678343
2016,09,VEN.14_1,0.02,0.14007005254378832
