year,month,gid_1,est,se
2018,10,ESP.1_1,0.04214950737471117,0.33124528803926295
2018,10,ESP.10_1,0.16082538124356782,0.4767325827283956
2018,10,ESP.11_1,0,0.40599910662580413
2018,10,ESP.12_1,0,0.39772039461500314
2018,10,ESP.13_1,0.507,0.5002501876563868
2018,10,ESP.14_1,0,0.4311477657598466
2018,10,ESP.15_1,0,0.19607644899200133
2018,10,ESP.16_1,0,0.30362598984025024
2018,10,ESP.17_1,0,0.3987306311706398
2018,10,ESP.18_1,0.414,0.4928432348727759
2018,10,ESP.2_1,0,0.3132411424308372
2018,10,ESP.3_1,0,0.4032101336961683
2018,10,ESP.4_1,0,0.2897226119439055
2018,10,ESP.5_1,0,0.39926393954338746
2018,10,ESP.6_1,0.07453446746329197,0.45904840050303536
2018,10,ESP.8_1,0,0.21807537388208587
2018,10,ESP.9_1,0,0.2029784901032899
