year,month,gid_1,est,se
2018,10,ESP.1_1,0.2882741504065153,0.38206089801444965
2018,10,ESP.10_1,0.6847293499883743,0.4373694894441379
2018,10,ESP.11_1,0,0.3893691071241244
2018,10,ESP.12_1,0,0.3917903133993166
2018,10,ESP.13_1,0.97,0.17067257872642908
2018,10,ESP.14_1,0,0.39632745157229066
2018,10,ESP.15_1,0,0
2018,10,ESP.16_1,0.02966307415179736,0.28361479273540274
2018,10,ESP.17_1,0,0.39793133748091436
2018,10,ESP.18_1,0.919,0.27297163499805893
2018,10,ESP.2_1,0.24098855240630918,0.38800029212747994
2018,10,ESP.3_1,0,0.41377555535605315
2018,10,ESP.4_1,0.009192667896936988,0.16658020593937453
2018,10,ESP.5_1,0,0.39273781725131146
2018,10,ESP.6_1,0.5207682428042406,0.4675135549386703
2018,10,ESP.8_1,0.019,0.13659303663678343
2018,10,ESP.9_1,0,0.04469897088298564
2018,10,ITA.10_1,0.012998549971847642,0.11301302384624033
2018,10,ITA.8_1,0.053,0.22414558046332575
