ID_1,est,se
ESP.1_1,0.08932410524034318,0.10652935810370462
ESP.10_1,0.041415729999999984,0.11749772590145936
ESP.11_1,0.01990000000000003,0.0995485304256668
ESP.12_1,0.013959999999999972,0.040674762233730906
ESP.13_1,0.01100000000000001,0.10435463521037237
ESP.14_1,0.011967999999999979,0.0761396619319446
ESP.15_1,0.01100000000000001,0.10435463521037237
ESP.16_1,0.023857000000000017,0.0725617729347327
ESP.17_1,0.01100000000000001,0.10435463521037237
ESP.18_1,0.009000000000000008,0.09448771310560929
ESP.2_1,0.018921999999999994,0.0635320881174887
ESP.3_1,0.010000000000000009,0.0995485304256668
ESP.4_1,0.024797539000000035,0.054236677045233
ESP.5_1,0.04329792332800009,0.04594544838249458
ESP.6_1,0.04714581772000004,0.1087874104550581
ESP.7_1,0.08699999999999997,0.1409880407255439
ESP.8_1,0.013000000000000012,0.11333068359382575
ESP.9_1,0,0
