ID_1,est,se
ESP.1_1,0.04991971214669644,0.07651457885754603
ESP.10_1,0.01692905499999997,0.0688487950075086
ESP.11_1,0.006994000000000056,0.05444417868016206
ESP.12_1,0.02084151440000004,0.0712460382436924
ESP.13_1,0.0040000000000000036,0.06315051850925682
ESP.14_1,0.0010000000000000009,0.015811388300841896
ESP.15_1,0.0050000000000000044,0.07056897321046962
ESP.16_1,0.02284631199999998,0.08458226095390764
ESP.17_1,0.0020000000000000018,0.04469897088298564
ESP.18_1,0.01200000000000001,0.10893974420691407
ESP.2_1,0.026770599999999978,0.09301908261435017
ESP.3_1,0.008000000000000007,0.08912880535463237
ESP.4_1,0.01590525967614398,0.05429104959035291
ESP.5_1,0.046070360362013174,0.06581405283520142
ESP.6_1,0.020859370669999988,0.0685849951257564
ESP.7_1,0.416308,0.4248281213578903
ESP.8_1,0.0010000000000000009,0.03162277660168379
ESP.9_1,0.0050000000000000044,0.07056897321046962
