year,month,gid_1,est,se
2020,12,ESP.1_1,0.08464121567498233,0.1415141372584607
2020,12,ESP.10_1,0.08851430182217362,0.23288119826790252
2020,12,ESP.11_1,0,0
2020,12,ESP.12_1,0,0
2020,12,ESP.13_1,0.5131641337386018,0.5002011607355596
2020,12,ESP.14_1,0.5263146000188792,0.4997297680759333
2020,12,ESP.15_1,0,0
2020,12,ESP.16_1,0,0
2020,12,ESP.17_1,0,0
2020,12,ESP.18_1,0.4129604863221884,0.4917090377222874
2020,12,ESP.2_1,0,0
2020,12,ESP.3_1,0,0.19369180807797864
2020,12,ESP.4_1,0.036385882706901004,0.16929226422662502
2020,12,ESP.5_1,0,0
2020,12,ESP.6_1,0.21659677599588664,0.251741427058863
2020,12,ESP.7_1,0,0
2020,12,ESP.8_1,0.46559270516717327,0.4986468175458945
2020,12,ESP.9_1,0,0
2020,12,ITA.1_1,0.15277429980307666,0.1872869095861064
2020,12,ITA.10_1,2.052476466939148e-4,0.004532078038933322
2020,12,ITA.11_1,0,0
2020,12,ITA.13_1,0,0
2020,12,ITA.14_1,0,0.2004479105753853
2020,12,ITA.15_1,0,0
2020,12,ITA.16_1,0.0212822691905012,0.0785037265283411
2020,12,ITA.17_1,0,0
2020,12,ITA.2_1,0,0
2020,12,ITA.20_1,0.002334589443950361,0.03251033617651793
2020,12,ITA.3_1,0,0
2020,12,ITA.4_1,0.007719111961674693,0.07091097594423192
2020,12,ITA.5_1,0.018662679119528156,0.09986175091298602
2020,12,ITA.6_1,0.004636173785161974,0.03484824613354071
2020,12,ITA.8_1,0.1577070936925534,0.29267979403157435
2020,12,ITA.9_1,0,0.023733507167317355
