year,month,gid_2,se,est
2025,11,ALA.1.1_2,0.042301081720291366,0.243
2025,11,ALA.1.2_2,0.04105474298308412,0.22299999999999998
2025,11,ALA.2.1_2,0.03900037497023978,0.19399999999999995
2025,11,ALA.2.2_2,0.0407222738416092,0.21799999999999986
2025,11,ALA.2.3_2,0.04092279257964584,0.22099999999999997
2025,11,ALA.2.4_2,0.040586845998924884,0.21599999999999986
2025,11,ALA.2.5_2,0.040311729943021436,0.21199999999999997
2025,11,ALA.2.6_2,0.035409526292269906,0.15200000000000002
2025,11,ALA.2.7_2,0.039816299228720445,0.20499999999999996
2025,11,ALA.2.8_2,0.04105474298308412,0.22299999999999998
2025,11,ALA.3.1_2,0.04383780558780022,0.271
2025,11,ALB.1.1_1,0.16545869866146548,0.46625260581883177
2025,11,ALB.1.2_1,0.08430124508883786,0.5798471503628564
2025,11,ALB.1.3_1,0.13910424586976045,0.32560710259460146
2025,11,ALB.10.1_1,0.11857502367517993,0.4170978622052153
2025,11,ALB.10.2_1,0.13182149314683758,0.2670417613016005
2025,11,ALB.10.3_1,0.19100928403709597,0.44536103323228793
2025,11,ALB.11.1_1,0.11077303125017714,0.9909858248406034
2025,11,ALB.11.2_1,0.17142705064456631,0.9816735653331198
2025,11,ALB.12.1_1,0.09771629859287036,0.5181803773443618
2025,11,ALB.12.2_1,0.13868007114402459,0.5530087714253837
2025,11,ALB.12.3_1,0.17484414731394335,0.5624970258417162
2025,11,ALB.2.1_1,0.11985879678894308,0.2796751995985177
2025,11,ALB.2.2_1,0.1589993804004434,0.255260373823032
2025,11,ALB.2.3_1,0.15440473816131214,0.2942594001975376
2025,11,ALB.3.1_1,0.15519177511681195,0.5628205052853896
2025,11,ALB.3.2_1,0.11488579032745146,0.42143575518206766
2025,11,ALB.4.1_1,0.2237617853343987,0.4328865062847457
2025,11,ALB.4.2_1,0.1359639652027552,0.2963220256442741
2025,11,ALB.4.3_1,0.13331304300143015,0.2783794278555889
2025,11,ALB.4.4_1,0.11934436902960731,0.5224652490570262
2025,11,ALB.5.1_1,0.20112397375685812,0.669234633058136
2025,11,ALB.5.2_1,0.19626818616145614,0.6126376525312498
2025,11,ALB.5.3_1,0.14363777970991673,0.46711508791104894
2025,11,ALB.6.1_1,0.1704282804975956,0.43570830446313624
2025,11,ALB.6.2_1,0.1358097348469756,0.35680855126430355
2025,11,ALB.6.3_1,0.14708297919475768,0.4019940842788887
2025,11,ALB.7.1_1,0.09831202128047738,0.3045442580800358
2025,11,ALB.7.2_1,0.12083178592434955,0.2865249733020816
2025,11,ALB.7.3_1,0.18093952786809894,0.3342657136259648
2025,11,ALB.7.4_1,0.13503208679985562,0.34941250159073334
2025,11,ALB.8.1_1,0.08210913055615875,0.24974302775288237
2025,11,ALB.8.2_1,0.1549385903012926,0.2395664719660262
2025,11,ALB.8.3_1,0.11378491598279457,0.24004258696819125
2025,11,ALB.9.1_1,0.09633399957275544,0.4562551821554822
2025,11,ALB.9.2_1,0.1513389646765302,0.46680878762799727
2025,11,ALB.9.3_1,0.11269680950814527,0.2953922201598267
2025,11,ALB.9.4_1,0.04854423570003872,0.4119999999999999
2025,11,AND.2_1,0.040311729943021436,0.21199999999999997
2025,11,AND.3_1,0.03482617355271239,0.14600000000000002
2025,11,AND.4_1,0.043153120135473684,0.258
2025,11,AND.5_1,0.03391298971328568,0.137
2025,11,AND.6_1,0.04885583474396924,0.43199999999999994
2025,11,AND.7_1,0.03412002750331444,0.139
2025,11,ARM.1_1,0.03660880954136339,0.16500000000000004
2025,11,ARM.2_1,0.03512030759679338,0.14900000000000002
2025,11,ARM.3_1,0.03930249996529487,0.19800000000000006
2025,11,ARM.8_1,0.03193462580160344,0.119
2025,11,AUT.1.1_2,0.23378063876306254,0.5526595823670708
2025,11,AUT.1.2_2,0.10623361517941302,0.7061922091999893
2025,11,AUT.1.3_2,0.36206671361227416,0.45964570580912945
2025,11,AUT.1.4_2,0.27035278514730454,0.4384571148069094
2025,11,AUT.1.5_2,0.2384566337985675,0.551199454939472
2025,11,AUT.1.6_2,0.25875834259039615,0.6158708893058936
2025,11,AUT.1.7_2,0.38479096972906685,0.4866769646083058
2025,11,AUT.1.8_2,0.4604404325304221,0.46732370207428753
2025,11,AUT.1.9_2,0.04823546382478605,0.6039999999999999
2025,11,AUT.2.10_2,0.5139145483408605,0.6297662663057224
2025,11,AUT.2.1_2,0.33343950494815416,0.5603791719114173
2025,11,AUT.2.2_2,0.27472846806851475,0.5090995930082707
2025,11,AUT.2.3_2,0.4877718329958962,0.7142129894176177
2025,11,AUT.2.4_2,0.2366705715316333,0.8066034641479329
2025,11,AUT.2.5_2,0.5099170705613453,0.5515157399428876
2025,11,AUT.2.6_2,0.48204154981633557,0.43459116249896546
2025,11,AUT.2.7_2,0.4313882739445221,0.6285947150043917
2025,11,AUT.2.8_2,0.19935949697847702,0.7221785898343207
2025,11,AUT.2.9_2,0.504970000434597,0.6825286447586665
2025,11,AUT.3.10_2,0.7046979711782752,0.6507553906522665
2025,11,AUT.3.11_2,0.44728223307654746,0.62781059795388106
2025,11,AUT.3.12_2,0.8069956045303125,0.6629171943095323
2025,11,AUT.3.13_2,0.5680269689644508,0.8245344081585106
2025,11,AUT.3.14_2,0.239536847629419,0.903169019841644
2025,11,AUT.3.15_2,0.5557770490425126,0.6560023634946406
2025,11,AUT.3.16_2,0.9189097455407519,0.7358538495279596
2025,11,AUT.3.17_2,0.31157630819144494,0.7568169554238058
2025,11,AUT.3.18_2,0.44946212658659945,0.6141606430208644
2025,11,AUT.3.19_2,0.5750611466163539,0.8420057920210959
2025,11,AUT.3.1_2,0.5704195398155945,0.6936720550580405
2025,11,AUT.3.20_2,0.6430748171898923,0.6076730961921425
2025,11,AUT.3.21_2,0.15422265545917513,0.6755500135338057
2025,11,AUT.3.22_2,0.39466280485018856,0.7270187503173258
2025,11,AUT.3.23_2,0.045367182479570625,0.696
2025,11,AUT.3.24_2,0.9128926705684324,0.5525850629386324
2025,11,AUT.3.2_2,0.42998721126194694,0.7939792328583014
2025,11,AUT.3.3_2,0.36382836742428354,0.8577520989396575
2025,11,AUT.3.4_2,0.4745602024081122,0.8606764668405852
2025,11,AUT.3.5_2,0.5582697751246772,0.6063627597676944
2025,11,AUT.3.6_2,0.5960895480265476,0.8057938073899099
2025,11,AUT.3.7_2,0.6095448821439546,0.6585612872652373
2025,11,AUT.3.8_2,0.4542308190223589,0.8313891649561163
2025,11,AUT.3.9_2,0.15653189490438663,0.802016552570029
2025,11,AUT.4.10_2,0.49587574757152064,0.7792584855517519
2025,11,AUT.4.11_2,0.44024340543567403,0.6767549407024193
2025,11,AUT.4.12_2,0.5002286750440587,0.759834931812183
2025,11,AUT.4.13_2,0.4133154322470398,0.7339955914781603
2025,11,AUT.4.14_2,0.12641267716290042,0.8908167153821785
2025,11,AUT.4.15_2,0.38550952555553886,0.7407931661051665
2025,11,AUT.4.16_2,0.46562347189184655,0.7664482211010782
2025,11,AUT.4.17_2,0.3969732365899656,0.7705344011096994
2025,11,AUT.4.18_2,0.1027886352966453,0.9499526373951616
2025,11,AUT.4.1_2,0.5170688909626363,0.7847638472183556
2025,11,AUT.4.2_2,0.26309298758117644,0.7675662923014087
2025,11,AUT.4.3_2,0.4198775157181591,0.6568448920254011
2025,11,AUT.4.4_2,0.44952557795654197,0.7824126359981193
2025,11,AUT.4.5_2,0.4391827489924944,0.7881693214752314
2025,11,AUT.4.6_2,0.4028545514728684,0.7619118395071767
2025,11,AUT.4.7_2,0.41890238918296735,0.8149246850856884
2025,11,AUT.4.8_2,0.16262034950043067,0.9301489866927073
2025,11,AUT.4.9_2,0.3600302906267357,0.767168970319229
2025,11,AUT.5.1_2,0.32544089033998763,0.8038724367723218
2025,11,AUT.5.2_2,0.45768173168169185,0.8863789084602363
2025,11,AUT.5.3_2,0.1579039519193926,0.9495053679767005
2025,11,AUT.5.4_2,0.45095479937057753,0.615027695880616
2025,11,AUT.5.5_2,0.3085780222867733,0.5194623936510004
2025,11,AUT.5.6_2,0.47268948402689087,0.5850282334916721
2025,11,AUT.6.10_2,0.4227714432422235,0.9444662007698823
2025,11,AUT.6.11_2,0.5173488524259029,0.9961656300625298
2025,11,AUT.6.12_2,0.32998284330073885,0.9873261420356535
2025,11,AUT.6.13_2,0.5085880451850056,0.9850469987097507
2025,11,AUT.6.1_2,0.4737245870476518,0.9750376020842431
2025,11,AUT.6.2_2,0.5145498695246239,0.9890677360078455
2025,11,AUT.6.3_2,0.4376333462590584,0.9906855360136925
2025,11,AUT.6.4_2,0.1509663146783612,0.9999792713587979
2025,11,AUT.6.5_2,0.5213122856319984,0.9902502513448748
2025,11,AUT.6.6_2,0.48007560261585885,0.9945648753674274
2025,11,AUT.6.7_2,0.35210708462602436,0.9736654551758998
2025,11,AUT.6.8_2,0.4433764981832431,0.9177726402816442
2025,11,AUT.6.9_2,0.37030490466552174,0.8780417214220548
2025,11,AUT.7.1_2,0.2020203679671831,0.26739966914333735
2025,11,AUT.7.2_2,0.3856969471853587,0.38970153666395546
2025,11,AUT.7.3_2,0.1430911682842942,0.6063380896657762
2025,11,AUT.7.4_2,0.2241518069726745,0.4658207016952469
2025,11,AUT.7.5_2,0.313332042970158,0.525020339173351
2025,11,AUT.7.6_2,0.19765068789984133,0.16102909465677606
2025,11,AUT.7.7_2,0.32569756080009904,0.2674391065927807
2025,11,AUT.7.8_2,0.3010750563794313,0.3942986750159937
2025,11,AUT.7.9_2,0.29114482484043147,0.3824015096466131
2025,11,AUT.8.1_2,0.20739307349674543,0.2149933585387137
2025,11,AUT.8.2_2,0.30123973972486257,0.4352391136401016
2025,11,AUT.8.3_2,0.10711064029505718,0.48158778062169894
2025,11,AUT.8.4_2,0.24995073270418736,0.4191876668907548
2025,11,AUT.9.1_2,0.298811121038399,0.9999567702261727
2025,11,AZE.7.5_1,0.045695339975136744,0.31200000000000006
2025,11,AZE.7_1,0.04187965327748944,0.236
2025,11,BEL.1.1_1,0.19818464453686435,0.8769932770110567
2025,11,BEL.2.1_1,0.4025524149130551,0.5579056384801978
2025,11,BEL.2.2_1,0.31177499295005867,0.48325670868546255
2025,11,BEL.2.3_1,0.3778106623326669,0.5588979648769143
2025,11,BEL.2.4_1,0.3930372508647361,0.562637765244791
2025,11,BEL.2.5_1,0.3905991979472647,0.6526674140956146
2025,11,BEL.3.1_1,0.24353373828223868,0.417738501373205
2025,11,BEL.3.2_1,0.38587355150120883,0.40157466495563177
2025,11,BEL.3.3_1,0.4185273702498403,0.38544923161561473
2025,11,BEL.3.4_1,0.2908805896142229,0.3109753542246071
2025,11,BEL.3.5_1,0.28184395697325587,0.37065487460487667
2025,11,BGR.1.10_1,0.0441376727032484,0.277
2025,11,BGR.1.11_1,0.043735613725489,0.269
2025,11,BGR.1.12_1,0.04479917422492878,0.2909999999999999
2025,11,BGR.1.13_1,0.04423541751568946,0.279
2025,11,BGR.1.14_1,0.041185325910782805,0.2250000000000001
2025,11,BGR.1.1_1,0.04078946142947053,0.21899999999999997
2025,11,BGR.1.2_1,0.04175636740944833,0.23399999999999999
2025,11,BGR.1.3_1,0.04368409413128377,0.268
2025,11,BGR.1.4_1,0.04368409413128377,0.268
2025,11,BGR.1.5_1,0.04336898152187278,0.262
2025,11,BGR.1.6_1,0.045574158679044414,0.30899999999999994
2025,11,BGR.1.7_1,0.04347516784065807,0.264
2025,11,BGR.1.8_1,0.04589235872572516,0.31700000000000006
2025,11,BGR.1.9_1,0.042820473570468434,0.252
2025,11,BGR.10.10_1,0.04150588489181781,0.22999999999999987
2025,11,BGR.10.11_1,0.04658585548256223,0.3360000000000001
2025,11,BGR.10.1_1,0.0440883880814995,0.276
2025,11,BGR.10.2_1,0.045367182479570625,0.30400000000000005
2025,11,BGR.10.3_1,0.04553326597806426,0.30800000000000005
2025,11,BGR.10.4_1,0.04378685054716181,0.27
2025,11,BGR.10.5_1,0.04336898152187278,0.262
2025,11,BGR.10.6_1,0.04585344698686476,0.31599999999999995
2025,11,BGR.10.7_1,0.04619489279993376,0.32499999999999996
2025,11,BGR.10.8_1,0.044844424119052026,0.2919999999999999
2025,11,BGR.10.9_1,0.045450728138743166,0.30600000000000005
2025,11,BGR.11.10_1,0.045574158679044414,0.30899999999999994
2025,11,BGR.11.11_1,0.04187965327748944,0.236
2025,11,BGR.11.1_1,0.040586845998924884,0.21599999999999986
2025,11,BGR.11.2_1,0.043153120135473684,0.258
2025,11,BGR.11.3_1,0.044283879526092584,0.28
2025,11,BGR.11.4_1,0.045153872242213455,0.29900000000000004
2025,11,BGR.11.5_1,0.046653877165014464,0.3380000000000001
2025,11,BGR.11.6_1,0.047872712960503876,0.38
2025,11,BGR.11.7_1,0.0436322907628802,0.267
2025,11,BGR.11.8_1,0.0430984216041852,0.257
2025,11,BGR.11.9_1,0.046551493926931094,0.33499999999999996
2025,11,BGR.12.1_1,0.0430984216041852,0.257
2025,11,BGR.12.2_1,0.045066754559637344,0.29699999999999993
2025,11,BGR.12.3_1,0.04600762791136711,0.31999999999999995
2025,11,BGR.12.4_1,0.045367182479570625,0.30400000000000005
2025,11,BGR.12.5_1,0.04125010863491782,0.22599999999999998
2025,11,BGR.12.6_1,0.04276398478000556,0.251
2025,11,BGR.13.10_1,0.04742675660793199,0.363
2025,11,BGR.13.11_1,0.046787129017927614,0.3420000000000001
2025,11,BGR.13.1_1,0.04615792209149038,0.32399999999999995
2025,11,BGR.13.2_1,0.04573523700820659,0.31299999999999994
2025,11,BGR.13.3_1,0.045614801468342216,0.31000000000000005
2025,11,BGR.13.4_1,0.04641169744985238,0.33099999999999996
2025,11,BGR.13.5_1,0.04585344698686476,0.31599999999999995
2025,11,BGR.13.6_1,0.046653877165014464,0.3380000000000001
2025,11,BGR.13.7_1,0.0462316235363915,0.32600000000000007
2025,11,BGR.13.8_1,0.046787129017927614,0.3420000000000001
2025,11,BGR.13.9_1,0.04630436737389991,0.32800000000000007
2025,11,BGR.14.10_1,0.04619489279993376,0.32499999999999996
2025,11,BGR.14.11_1,0.04852649847216737,0.589
2025,11,BGR.14.12_1,0.04801514388369464,0.386
2025,11,BGR.14.13_1,0.046516897872020804,0.33399999999999996
2025,11,BGR.14.14_1,0.04789698859334505,0.381
2025,11,BGR.14.15_1,0.0475644900783197,0.368
2025,11,BGR.14.16_1,0.04728347907869092,0.3579999999999999
2025,11,BGR.14.1_1,0.04615792209149038,0.32399999999999995
2025,11,BGR.14.2_1,0.047312580498823385,0.359
2025,11,BGR.14.3_1,0.04634038160147463,0.32900000000000007
2025,11,BGR.14.4_1,0.04737011365684981,0.361
2025,11,BGR.14.5_1,0.045774886760868244,0.31400000000000006
2025,11,BGR.14.6_1,0.04497860307625147,0.29499999999999993
2025,11,BGR.14.7_1,0.042707193501211126,0.25
2025,11,BGR.14.8_1,0.04886927255117772,0.43300000000000005
2025,11,BGR.14.9_1,0.04707347975915941,0.351
2025,11,BGR.15.1_1,0.047722519536849896,0.374
2025,11,BGR.15.2_1,0.047224604492781756,0.356
2025,11,BGR.15.3_1,0.04704257621690377,0.35
2025,11,BGR.15.4_1,0.048472043766424736,0.4079999999999999
2025,11,BGR.15.5_1,0.04835751945957893,0.402
2025,11,BGR.15.6_1,0.046653877165014464,0.3380000000000001
2025,11,BGR.15.7_1,0.0475644900783197,0.368
2025,11,BGR.16.1_1,0.04681986331775376,0.34299999999999997
2025,11,BGR.16.2_1,0.046720967007268466,0.33999999999999997
2025,11,BGR.16.3_1,0.04675416374406932,0.34099999999999997
2025,11,BGR.16.4_1,0.04734145855537475,0.36
2025,11,BGR.16.5_1,0.04898111090963323,0.44199999999999995
2025,11,BGR.16.6_1,0.0475644900783197,0.368
2025,11,BGR.16.7_1,0.04685236712767099,0.344
2025,11,BGR.16.8_1,0.047312580498823385,0.359
2025,11,BGR.17.10_1,0.04707347975915941,0.351
2025,11,BGR.17.1_1,0.04725415388230268,0.357
2025,11,BGR.17.2_1,0.047482512537913336,0.365
2025,11,BGR.17.3_1,0.04751005884784409,0.366
2025,11,BGR.17.4_1,0.047618041971247235,0.37
2025,11,BGR.17.5_1,0.04779859104599205,0.3770000000000001
2025,11,BGR.17.6_1,0.04704257621690377,0.35
2025,11,BGR.17.7_1,0.048214385042021364,0.395
2025,11,BGR.17.8_1,0.04841571960633198,0.405
2025,11,BGR.17.9_1,0.04728347907869092,0.3579999999999999
2025,11,BGR.18.1_1,0.047482512537913336,0.365
2025,11,BGR.18.2_1,0.04742675660793199,0.363
2025,11,BGR.18.3_1,0.04739854620761542,0.362
2025,11,BGR.18.4_1,0.04745474525398454,0.364
2025,11,BGR.18.5_1,0.04803813258656103,0.387
2025,11,BGR.18.6_1,0.04829743654427203,0.399
2025,11,BGR.18.7_1,0.04792104893930471,0.3819999999999999
2025,11,BGR.19.1_1,0.04685236712767099,0.344
2025,11,BGR.19.2_1,0.048377128364914083,0.403
2025,11,BGR.19.3_1,0.048214385042021364,0.395
2025,11,BGR.19.4_1,0.04608325844466175,0.32200000000000006
2025,11,BGR.2.10_1,0.04065473594768187,0.21700000000000008
2025,11,BGR.2.11_1,0.0386918688155058,0.18999999999999995
2025,11,BGR.2.12_1,0.03615763622326992,0.16000000000000003
2025,11,BGR.2.13_1,0.04163178184876155,0.23199999999999998
2025,11,BGR.2.1_1,0.03892385253856027,0.19300000000000006
2025,11,BGR.2.2_1,0.043527828645221735,0.265
2025,11,BGR.2.3_1,0.04065473594768187,0.21700000000000008
2025,11,BGR.2.4_1,0.042418657032918014,0.245
2025,11,BGR.2.5_1,0.039959694850211,0.20699999999999996
2025,11,BGR.2.6_1,0.04187965327748944,0.236
2025,11,BGR.2.7_1,0.042820473570468434,0.252
2025,11,BGR.2.8_1,0.04038104602105371,0.21299999999999986
2025,11,BGR.2.9_1,0.03821680598848177,0.18399999999999994
2025,11,BGR.20.10_1,0.04759137575530915,0.369
2025,11,BGR.20.1_1,0.04585344698686476,0.31599999999999995
2025,11,BGR.20.2_1,0.042707193501211126,0.25
2025,11,BGR.20.3_1,0.042820473570468434,0.252
2025,11,BGR.20.4_1,0.042820473570468434,0.252
2025,11,BGR.20.5_1,0.043735613725489,0.269
2025,11,BGR.20.6_1,0.04681986331775376,0.34299999999999997
2025,11,BGR.20.7_1,0.047482512537913336,0.365
2025,11,BGR.20.8_1,0.04608325844466175,0.32200000000000006
2025,11,BGR.20.9_1,0.043527828645221735,0.265
2025,11,BGR.21.10_1,0.042301081720291366,0.243
2025,11,BGR.21.11_1,0.04423541751568946,0.279
2025,11,BGR.21.12_1,0.044283879526092584,0.28
2025,11,BGR.21.13_1,0.04466184267754451,0.28800000000000003
2025,11,BGR.21.14_1,0.043988989788542626,0.274
2025,11,BGR.21.15_1,0.045367182479570625,0.30400000000000005
2025,11,BGR.21.16_1,0.045774886760868244,0.31400000000000006
2025,11,BGR.21.17_1,0.043735613725489,0.269
2025,11,BGR.21.18_1,0.04523996209628829,0.30100000000000005
2025,11,BGR.21.19_1,0.040988939538025564,0.22199999999999998
2025,11,BGR.21.1_1,0.04497860307625147,0.29499999999999993
2025,11,BGR.21.20_1,0.04456896195634114,0.28600000000000003
2025,11,BGR.21.21_1,0.04347516784065807,0.264
2025,11,BGR.21.22_1,0.04540908163273409,0.30499999999999994
2025,11,BGR.21.2_1,0.0441376727032484,0.277
2025,11,BGR.21.3_1,0.04493413776069529,0.29400000000000004
2025,11,BGR.21.4_1,0.046551493926931094,0.33499999999999996
2025,11,BGR.21.5_1,0.045574158679044414,0.30899999999999994
2025,11,BGR.21.6_1,0.04287666106815927,0.253
2025,11,BGR.21.7_1,0.045066754559637344,0.29699999999999993
2025,11,BGR.21.8_1,0.045282623422316266,0.30200000000000005
2025,11,BGR.21.9_1,0.043735613725489,0.269
2025,11,BGR.22.10_1,0.048992528892606316,0.44300000000000006
2025,11,BGR.22.11_1,0.049036190542261444,0.44700000000000006
2025,11,BGR.22.1_1,0.047194830489016126,0.355
2025,11,BGR.22.2_1,0.048842194078468196,0.43100000000000005
2025,11,BGR.22.3_1,0.04919305161373661,0.4650000000000001
2025,11,BGR.22.4_1,0.04725415388230268,0.357
2025,11,BGR.22.5_1,0.047312580498823385,0.359
2025,11,BGR.22.6_1,0.047224604492781756,0.356
2025,11,BGR.22.7_1,0.048127956465367445,0.391
2025,11,BGR.22.8_1,0.04857909001025196,0.4139999999999999
2025,11,BGR.22.9_1,0.04466184267754451,0.28800000000000003
2025,11,BGR.23.1_1,0.047011445442896045,0.349
2025,11,BGR.23.2_1,0.04704257621690377,0.35
2025,11,BGR.23.3_1,0.047104156516901585,0.352
2025,11,BGR.23.4_1,0.0481058195358967,0.3899999999999999
2025,11,BGR.23.5_1,0.04658585548256223,0.3360000000000001
2025,11,BGR.24.10_1,0.04782351451989156,0.3780000000000001
2025,11,BGR.24.11_1,0.04926626023120356,0.522
2025,11,BGR.24.12_1,0.04817159400742658,0.3930000000000001
2025,11,BGR.24.1_1,0.04829743654427203,0.399
2025,11,BGR.24.2_1,0.04889554025720297,0.43500000000000005
2025,11,BGR.24.3_1,0.04881430348981885,0.42900000000000005
2025,11,BGR.24.4_1,0.04918603130240426,0.46399999999999997
2025,11,BGR.24.5_1,0.048933424473843155,0.43799999999999994
2025,11,BGR.24.6_1,0.04889554025720297,0.43500000000000005
2025,11,BGR.24.7_1,0.04890837048251516,0.43599999999999994
2025,11,BGR.24.8_1,0.04841571960633198,0.405
2025,11,BGR.24.9_1,0.04845347708103587,0.40700000000000003
2025,11,BGR.25.10_1,0.04615792209149038,0.32399999999999995
2025,11,BGR.25.1_1,0.04342221915101733,0.263
2025,11,BGR.25.2_1,0.045695339975136744,0.31200000000000006
2025,11,BGR.25.3_1,0.04619489279993376,0.32499999999999996
2025,11,BGR.25.4_1,0.0464820667942262,0.3330000000000001
2025,11,BGR.25.5_1,0.04479917422492878,0.2909999999999999
2025,11,BGR.25.6_1,0.04608325844466175,0.32200000000000006
2025,11,BGR.25.7_1,0.04523996209628829,0.30100000000000005
2025,11,BGR.25.8_1,0.045153872242213455,0.29900000000000004
2025,11,BGR.25.9_1,0.044427634702780626,0.2829999999999999
2025,11,BGR.26.10_1,0.044707884311692536,0.28900000000000003
2025,11,BGR.26.11_1,0.04688464092705593,0.345
2025,11,BGR.26.1_1,0.043153120135473684,0.258
2025,11,BGR.26.2_1,0.043988989788542626,0.274
2025,11,BGR.26.3_1,0.04532502997860004,0.30300000000000005
2025,11,BGR.26.4_1,0.04200165089770341,0.238
2025,11,BGR.26.5_1,0.04540908163273409,0.30499999999999994
2025,11,BGR.26.6_1,0.045282623422316266,0.30200000000000005
2025,11,BGR.26.7_1,0.04437998723670003,0.28200000000000003
2025,11,BGR.26.8_1,0.043261635172466846,0.26
2025,11,BGR.26.9_1,0.04497860307625147,0.29499999999999993
2025,11,BGR.27.10_1,0.04637615811021295,0.33000000000000007
2025,11,BGR.27.1_1,0.04608325844466175,0.32200000000000006
2025,11,BGR.27.2_1,0.04466184267754451,0.28800000000000003
2025,11,BGR.27.3_1,0.04641169744985238,0.33099999999999996
2025,11,BGR.27.4_1,0.045450728138743166,0.30600000000000005
2025,11,BGR.27.5_1,0.04549212269146771,0.30699999999999994
2025,11,BGR.27.6_1,0.04452212120566338,0.28500000000000003
2025,11,BGR.27.7_1,0.04608325844466175,0.32200000000000006
2025,11,BGR.27.8_1,0.0464820667942262,0.3330000000000001
2025,11,BGR.27.9_1,0.045695339975136744,0.31200000000000006
2025,11,BGR.28.1_1,0.048337701359825916,0.401
2025,11,BGR.28.2_1,0.04896949162091332,0.44099999999999995
2025,11,BGR.28.3_1,0.04841571960633198,0.405
2025,11,BGR.28.4_1,0.04866261851135792,0.41899999999999993
2025,11,BGR.28.5_1,0.04931392070037807,0.5009999999999999
2025,11,BGR.3.1_1,0.04801514388369464,0.386
2025,11,BGR.3.2_1,0.04878559939237656,0.42700000000000005
2025,11,BGR.3.3_1,0.04803813258656103,0.387
2025,11,BGR.3.4_1,0.04878559939237656,0.42700000000000005
2025,11,BGR.3.5_1,0.048957670883116866,0.43999999999999995
2025,11,BGR.3.6_1,0.04789698859334505,0.381
2025,11,BGR.3.7_1,0.048957670883116866,0.43999999999999995
2025,11,BGR.3.8_1,0.047968525063499766,0.384
2025,11,BGR.4.1_1,0.046653877165014464,0.3380000000000001
2025,11,BGR.4.2_1,0.0475373845679177,0.367
2025,11,BGR.4.3_1,0.04493413776069529,0.29400000000000004
2025,11,BGR.4.4_1,0.04619489279993376,0.32499999999999996
2025,11,BGR.5.1_1,0.04585344698686476,0.31599999999999995
2025,11,BGR.6.10_1,0.048434702441645314,0.406
2025,11,BGR.6.11_1,0.04854423570003872,0.4119999999999999
2025,11,BGR.6.1_1,0.04890837048251516,0.43599999999999994
2025,11,BGR.6.2_1,0.04789698859334505,0.381
2025,11,BGR.6.3_1,0.04854423570003872,0.4119999999999999
2025,11,BGR.6.4_1,0.048214385042021364,0.395
2025,11,BGR.6.5_1,0.048256331821059255,0.3969999999999999
2025,11,BGR.6.6_1,0.04794489432249727,0.383
2025,11,BGR.6.7_1,0.0481058195358967,0.3899999999999999
2025,11,BGR.6.8_1,0.048756080349333764,0.42499999999999993
2025,11,BGR.6.9_1,0.04829743654427203,0.399
2025,11,BGR.7.1_1,0.04615792209149038,0.32399999999999995
2025,11,BGR.7.2_1,0.04698008698541929,0.348
2025,11,BGR.7.3_1,0.04745474525398454,0.364
2025,11,BGR.7.4_1,0.0491138914673261,0.45500000000000007
2025,11,BGR.7.5_1,0.048377128364914083,0.403
2025,11,BGR.7.6_1,0.04779859104599205,0.3770000000000001
2025,11,BGR.7.7_1,0.04803813258656103,0.387
2025,11,BGR.7.8_1,0.043315453887845745,0.261
2025,11,BGR.8.1_1,0.0441866822098382,0.278
2025,11,BGR.8.2_1,0.04368409413128377,0.268
2025,11,BGR.8.3_1,0.041694237816008395,0.23299999999999987
2025,11,BGR.8.4_1,0.04437998723670003,0.28200000000000003
2025,11,BGR.8.5_1,0.042301081720291366,0.243
2025,11,BGR.8.6_1,0.042592698632283446,0.2480000000000001
2025,11,BGR.8.7_1,0.03845620929848478,0.18700000000000006
2025,11,BGR.8.8_1,0.04065473594768187,0.21700000000000008
2025,11,BGR.8.9_1,0.04194081241318115,0.237
2025,11,BGR.9.1_1,0.04383780558780022,0.271
2025,11,BGR.9.2_1,0.047011445442896045,0.349
2025,11,BGR.9.3_1,0.0464820667942262,0.3330000000000001
2025,11,BGR.9.4_1,0.04626811487238125,0.32699999999999996
2025,11,BGR.9.5_1,0.04393887424186332,0.273
2025,11,BGR.9.6_1,0.04497860307625147,0.29499999999999993
2025,11,BGR.9.7_1,0.04581428987514457,0.31500000000000006
2025,11,BGR.9.8_1,0.04630436737389991,0.32800000000000007
2025,11,BIH.1.1_1,0.04585344698686476,0.31599999999999995
2025,11,BIH.2.10_1,0.13549220430594214,0.2459556526765626
2025,11,BIH.2.1_1,0.06721462844845959,0.20417683398648612
2025,11,BIH.2.2_1,0.0948337697539146,0.2062829742167922
2025,11,BIH.2.3_1,0.13454990158498453,0.2110753641036912
2025,11,BIH.2.4_1,0.1310229598334978,0.31311069254448576
2025,11,BIH.2.5_1,0.07672082344231732,0.30731079586060206
2025,11,BIH.2.6_1,0.12060342066581253,0.2376157218462549
2025,11,BIH.2.7_1,0.15268375366900144,0.2739535162651816
2025,11,BIH.2.8_1,0.1151805750962731,0.2411745284937442
2025,11,BIH.2.9_1,0.08618228406503267,0.2861038010807828
2025,11,BIH.3.1_1,0.18315471089839422,0.2210528684951466
2025,11,BIH.3.2_1,0.07436083196727392,0.2780419284879241
2025,11,BIH.3.3_1,0.12883917762608516,0.28611506643820106
2025,11,BIH.3.4_1,0.09128338013792278,0.18591469061891164
2025,11,BIH.3.5_1,0.10664537217601948,0.19285534954630468
2025,11,BIH.3.6_1,0.10828428914103683,0.25061561714168223
2025,11,BIH.3.7_1,0.10392068151148386,0.21711681766445112
2025,11,BLR.1.14_1,0.04573523700820659,0.31299999999999994
2025,11,BLR.1.3_1,0.0441376727032484,0.277
2025,11,BLR.1.8_1,0.039959694850211,0.20699999999999996
2025,11,BLR.3.11_1,0.03907649861764752,0.19500000000000006
2025,11,BLR.3.12_1,0.04150588489181781,0.22999999999999987
2025,11,BLR.3.16_1,0.04003083554183499,0.20800000000000007
2025,11,BLR.3.1_1,0.033808563797603636,0.136
2025,11,BLR.3.2_1,0.04175636740944833,0.23399999999999999
2025,11,BLR.3.3_1,0.033277135321004285,0.131
2025,11,BLR.3.5_1,0.03915222580685154,0.19599999999999995
2025,11,BLR.3.6_1,0.041185325910782805,0.2250000000000001
2025,11,BLR.6.11_1,0.03359786973370498,0.134
2025,11,BLR.6.12_1,0.03521725395583712,0.15000000000000002
2025,11,BLR.6.21_1,0.033277135321004285,0.131
2025,11,BLR.6.2_1,0.03747541020585919,0.17500000000000004
2025,11,CHE.1.10_1,0.17604557879130162,0.2582877017581947
2025,11,CHE.1.11_1,0.19032791598376922,0.22665585964503088
2025,11,CHE.1.1_1,0.1523151921507125,0.27284908914449346
2025,11,CHE.1.2_1,0.21856665442986223,0.28649170687097925
2025,11,CHE.1.3_1,0.20634465997435042,0.26949115896954934
2025,11,CHE.1.4_1,0.2277320771871572,0.2484860228974508
2025,11,CHE.1.5_1,0.1754948697421057,0.25663865199556113
2025,11,CHE.1.6_1,0.1972186937449816,0.25232089829353577
2025,11,CHE.1.7_1,0.1901386159271588,0.27872195714817716
2025,11,CHE.1.8_1,0.18701017911735074,0.26371094583338306
2025,11,CHE.1.9_1,0.15581962873256527,0.2610723760235695
2025,11,CHE.10.10_1,0.09444725212190293,0.06399943941770125
2025,11,CHE.10.11_1,0.15514663863034125,0.06364595290034236
2025,11,CHE.10.1_1,0.10584107489338787,0.05493411191540276
2025,11,CHE.10.2_1,0.02927957346022145,0.04725765155704176
2025,11,CHE.10.3_1,0.140195064842123,0.06041526845077638
2025,11,CHE.10.4_1,0.07105635124247597,0.08361028208158028
2025,11,CHE.10.5_1,0.06713049183548135,0.026895965250074205
2025,11,CHE.10.6_1,0.09684384497751078,0.10204851339105236
2025,11,CHE.10.7_1,0.0787593521852568,0.04261161541830638
2025,11,CHE.10.8_1,0.12909645474686587,0.1250280786435356
2025,11,CHE.10.9_1,0.0951929707653563,0.06972969031524634
2025,11,CHE.11.1_1,0.2018876441889266,0.21405848170921704
2025,11,CHE.11.2_1,0.15954919750767455,0.18104181439388245
2025,11,CHE.11.3_1,0.238261397582854,0.22930892135182135
2025,11,CHE.12.1_1,0.10233394535508378,0.1501952400844644
2025,11,CHE.12.2_1,0.19456579943546,0.2845116042972401
2025,11,CHE.12.3_1,0.1977380508255901,0.27993740614055485
2025,11,CHE.12.4_1,0.1949445745614153,0.24284566011274744
2025,11,CHE.12.5_1,0.19578413443513734,0.23217036812552605
2025,11,CHE.13.1_1,0.16338981175092557,0.24952855579244748
2025,11,CHE.13.2_1,0.06538719120624456,0.18968027938780097
2025,11,CHE.13.3_1,0.0942879407016584,0.1689983461029264
2025,11,CHE.13.4_1,0.13668159557052204,0.25644082203594665
2025,11,CHE.13.5_1,0.15701490825495912,0.20435140333527202
2025,11,CHE.13.6_1,0.13078702704003603,0.21958484113480603
2025,11,CHE.14.1_1,0.13363957300244114,0.21158425179448603
2025,11,CHE.15.1_1,0.0834362312340934,0.12310757557317331
2025,11,CHE.16.1_1,0.14226033900724666,0.22600699159446724
2025,11,CHE.16.2_1,0.12601784431125643,0.30343972257051677
2025,11,CHE.16.3_1,0.1162036288111749,0.2082691228085216
2025,11,CHE.16.4_1,0.09374521141941886,0.12113939799893947
2025,11,CHE.16.5_1,0.15476851232130928,0.2104700125166129
2025,11,CHE.16.6_1,0.1538120943205316,0.1767978946045503
2025,11,CHE.16.7_1,0.08470374407996126,0.15261856116941364
2025,11,CHE.16.8_1,0.13539147616525565,0.24536929788926454
2025,11,CHE.17.1_1,0.09161339730035355,0.2425322079802168
2025,11,CHE.17.2_1,0.11770176909877576,0.21890071587933913
2025,11,CHE.17.3_1,0.09946700043804577,0.24141884029596716
2025,11,CHE.17.4_1,0.06874105432217037,0.21793659274801624
2025,11,CHE.17.5_1,0.08188444045441703,0.24326289000941714
2025,11,CHE.17.6_1,0.07828972938636687,0.21127094307146232
2025,11,CHE.18.1_1,0.03482617355271239,0.14600000000000002
2025,11,CHE.18.2_1,0.03861372736657929,0.18899999999999995
2025,11,CHE.18.3_1,0.08358544437851015,0.2764249372522435
2025,11,CHE.18.4_1,0.06356881231922624,0.329244787103557
2025,11,CHE.18.5_1,0.11802920859772624,0.19633195906870182
2025,11,CHE.18.6_1,0.14480960804739051,0.16840727389318855
2025,11,CHE.19.10_1,0.19287254510748866,0.27290383845021393
2025,11,CHE.19.1_1,0.17960071056620974,0.21990077205978786
2025,11,CHE.19.2_1,0.13406159234189033,0.27736216101266087
2025,11,CHE.19.3_1,0.116653831950416,0.24990868191505888
2025,11,CHE.19.4_1,0.13401496452479175,0.2383123016742814
2025,11,CHE.19.5_1,0.1645198168411283,0.25308418805861566
2025,11,CHE.19.6_1,0.15920963740932614,0.27833200948612835
2025,11,CHE.19.7_1,0.04423541751568946,0.279
2025,11,CHE.19.8_1,0.1194624560797749,0.22642490342396793
2025,11,CHE.19.9_1,0.13930525284072548,0.23338873682598993
2025,11,CHE.2.1_1,0.1703803292934705,0.2009540688505307
2025,11,CHE.20.1_1,0.1405961631247991,0.32912296097327276
2025,11,CHE.20.2_1,0.11078128551553496,0.2643208162361055
2025,11,CHE.20.3_1,0.04849040273668494,0.40900000000000003
2025,11,CHE.20.4_1,0.0731969568680992,0.26209016565029897
2025,11,CHE.20.5_1,0.13605097139252162,0.2475156589557751
2025,11,CHE.20.6_1,0.14017261686952637,0.27272131705646263
2025,11,CHE.20.7_1,0.15687312755064373,0.23869975613118732
2025,11,CHE.20.8_1,0.15035455507529233,0.26739711658122667
2025,11,CHE.20.9_1,0.11789570165852256,0.2594892835931425
2025,11,CHE.21.1_1,0.13613842214783295,0.12171756167629888
2025,11,CHE.21.2_1,0.04438327491105109,0.04322271988685211
2025,11,CHE.21.3_1,0.07539002376026295,0.03473411179290964
2025,11,CHE.21.4_1,0.215018240386314,0.17350262698287988
2025,11,CHE.21.5_1,0.3523429912502273,0.33933888626097986
2025,11,CHE.21.6_1,0.16949181812200173,0.22476584749400985
2025,11,CHE.21.7_1,0.0676080637238293,0.08944844269074548
2025,11,CHE.21.8_1,0.07039997272552763,0.08282031437647785
2025,11,CHE.22.1_1,0.1199756883451812,0.08215947782772415
2025,11,CHE.23.10_1,0.09889392664816749,0.1203691495071072
2025,11,CHE.23.11_1,0.12378585061508901,0.09149165805256554
2025,11,CHE.23.12_1,0.07071905479436384,0.09881790165652227
2025,11,CHE.23.13_1,0.08305599423020812,0.04227884248444058
2025,11,CHE.23.14_1,0.08126752887473818,0.062317335302811694
2025,11,CHE.23.1_1,0.07408580873079522,0.06971367523104155
2025,11,CHE.23.2_1,0.06176722168019514,0.08956005810779233
2025,11,CHE.23.3_1,0.05191180732507278,0.050768494310754475
2025,11,CHE.23.4_1,0.07181990568323507,0.04044225016537051
2025,11,CHE.23.5_1,0.0667176947355094,0.05578528430117169
2025,11,CHE.23.6_1,0.08777889899572938,0.057952153770290726
2025,11,CHE.23.7_1,0.08902463107305625,0.08444350196406958
2025,11,CHE.23.8_1,0.11278684384698712,0.1984669582566153
2025,11,CHE.23.9_1,0.06311053984320933,0.05669751984704319
2025,11,CHE.24.10_1,0.16085120401909703,0.3983680719562921
2025,11,CHE.24.1_1,0.15802387985791325,0.2765875206274936
2025,11,CHE.24.2_1,0.3395019926929653,0.40008553764632904
2025,11,CHE.24.3_1,0.34081656212539363,0.4042563454272766
2025,11,CHE.24.4_1,0.41295707009043114,0.3633396612182558
2025,11,CHE.24.5_1,0.12634178608399715,0.6916400180687042
2025,11,CHE.24.6_1,0.26377332767689565,0.49207453259798417
2025,11,CHE.24.7_1,0.3854560787513633,0.4843392128181703
2025,11,CHE.24.8_1,0.33147124522225835,0.4915765957589975
2025,11,CHE.24.9_1,0.1331853620870121,0.8783720639136442
2025,11,CHE.25.1_1,0.14053699540512157,0.2422554815683493
2025,11,CHE.26.10_1,0.060675324897375704,0.8364213088128223
2025,11,CHE.26.11_1,0.13631889981546486,0.9529931460308679
2025,11,CHE.26.12_1,0.1986659076667321,0.9303327322135078
2025,11,CHE.26.13_1,0.18473610867059134,0.9997073752009533
2025,11,CHE.26.1_1,0.1563788530749666,0.9469413864608747
2025,11,CHE.26.2_1,0.2093609368760641,0.9417264606224149
2025,11,CHE.26.3_1,0.19800364207219645,0.947196415789834
2025,11,CHE.26.4_1,0.19711015246921143,0.9498603498219709
2025,11,CHE.26.5_1,0.1345817082955081,0.9569266085362269
2025,11,CHE.26.6_1,0.14293343325583735,0.9236236104161383
2025,11,CHE.26.7_1,0.1431972474064126,0.973041649357667
2025,11,CHE.26.8_1,0.14153340046200688,0.9558423408883506
2025,11,CHE.26.9_1,0.15186341728193337,0.9120391241499081
2025,11,CHE.3.1_1,0.08247433225832136,0.1440623973677323
2025,11,CHE.4.1_1,0.16465687423275618,0.34934172151375575
2025,11,CHE.4.2_1,0.14532910940528562,0.23617847352875798
2025,11,CHE.4.3_1,0.15960786899025659,0.2867408360764083
2025,11,CHE.4.4_1,0.21708537661814917,0.25015861616371693
2025,11,CHE.4.5_1,0.15207522492973133,0.21895705604827365
2025,11,CHE.5.1_1,0.048060907894630085,0.612
2025,11,CHE.5.2_1,0.04916377721482547,0.539
2025,11,CHE.5.3_1,0.04902557640115997,0.554
2025,11,CHE.6.10_1,0.06749350964263538,0.07786997923984185
2025,11,CHE.6.11_1,0.1578026427047759,0.12647096931715507
2025,11,CHE.6.12_1,0.19936759657024128,0.1788119104534327
2025,11,CHE.6.13_1,0.09319342444621602,0.25598388011447715
2025,11,CHE.6.14_1,0.13470979877985986,0.24157220080428954
2025,11,CHE.6.15_1,0.19668537893863716,0.21088200697256276
2025,11,CHE.6.16_1,0.21471045390751198,0.31287134112369175
2025,11,CHE.6.17_1,0.10088891503056975,0.1294614153382062
2025,11,CHE.6.18_1,0.06052660582268599,0.07057849554617546
2025,11,CHE.6.19_1,0.049281856099280034,0.06879099999742755
2025,11,CHE.6.1_1,0.13994654893955147,0.23696807915766227
2025,11,CHE.6.20_1,0.038117153130499626,0.05369171083785129
2025,11,CHE.6.21_1,0.06494572095555473,0.1315270420568052
2025,11,CHE.6.22_1,0.18642736985763328,0.18166585608143426
2025,11,CHE.6.23_1,0.09979831987982331,0.14139869816342
2025,11,CHE.6.24_1,0.18098328403160815,0.1616824677668398
2025,11,CHE.6.25_1,0.11666800699128732,0.18383943678967085
2025,11,CHE.6.26_1,0.20521743407031773,0.23783543792931383
2025,11,CHE.6.2_1,0.2026817473002758,0.25856304134126973
2025,11,CHE.6.3_1,0.14518636902486298,0.2352701506050956
2025,11,CHE.6.4_1,0.07826456473996884,0.351402793848837
2025,11,CHE.6.5_1,0.15365381129913902,0.24978382507326713
2025,11,CHE.6.6_1,0.19910465531298854,0.24556744924300566
2025,11,CHE.6.7_1,0.16707639237112987,0.22145478105562344
2025,11,CHE.6.8_1,0.15040384611659152,0.26418077539169327
2025,11,CHE.6.9_1,0.2061209680192478,0.22781716859789414
2025,11,CHE.7.1_1,0.24388757672252886,0.28533461157329365
2025,11,CHE.7.2_1,0.18436466744623548,0.23665192545529068
2025,11,CHE.7.3_1,0.1930030514577906,0.1711899739560362
2025,11,CHE.7.4_1,0.2333572534411472,0.21494706261488528
2025,11,CHE.7.5_1,0.11632398436110314,0.2116403626738197
2025,11,CHE.7.6_1,0.21710101457494435,0.2648298593850855
2025,11,CHE.7.7_1,0.16356237350337338,0.19380478530110767
2025,11,CHE.8.1_1,0.3253818070164295,0.5616549298217018
2025,11,CHE.9.1_1,0.1680209620409472,0.14418519887571424
2025,11,CYP.1_1,0.04792104893930471,0.6179999999999999
2025,11,CYP.2_1,0.045774886760868244,0.31400000000000006
2025,11,CYP.3_1,0.04861311893745694,0.4159999999999999
2025,11,CYP.4_1,0.045282623422316266,0.30200000000000005
2025,11,CYP.5_1,0.04926626023120356,0.522
2025,11,CZE.1.1_1,0.019327069523297564,0.040000000000000036
2025,11,CZE.1.2_1,0.01478466868075562,0.02300000000000002
2025,11,CZE.1.3_1,0.01885730958491078,0.038000000000000034
2025,11,CZE.1.4_1,0.017874274303213675,0.03400000000000003
2025,11,CZE.1.5_1,0.016550419667573413,0.029000000000000026
2025,11,CZE.1.6_1,0.019556972661354168,0.041000000000000036
2025,11,CZE.1.7_1,0.020445999196690653,0.04500000000000004
2025,11,CZE.10.1_1,0.03678587857708836,0.16700000000000004
2025,11,CZE.10.2_1,0.03678587857708836,0.16700000000000004
2025,11,CZE.10.3_1,0.042301081720291366,0.243
2025,11,CZE.10.4_1,0.035787710803972736,0.15600000000000003
2025,11,CZE.10.5_1,0.037134340659731674,0.17100000000000004
2025,11,CZE.10.6_1,0.035787710803972736,0.15600000000000003
2025,11,CZE.10.7_1,0.0362488568505361,0.16100000000000003
2025,11,CZE.11.10_1,0.04704257621690377,0.35
2025,11,CZE.11.11_1,0.04298813690453435,0.255
2025,11,CZE.11.12_1,0.04864632421376186,0.582
2025,11,CZE.11.13_1,0.03952499421896011,0.20100000000000007
2025,11,CZE.11.14_1,0.03967140451383029,0.20300000000000007
2025,11,CZE.11.15_1,0.03915222580685154,0.19599999999999995
2025,11,CZE.11.16_1,0.04803813258656103,0.613
2025,11,CZE.11.17_1,0.048377128364914083,0.403
2025,11,CZE.11.18_1,0.045197045279087404,0.30000000000000004
2025,11,CZE.11.19_1,0.04383780558780022,0.271
2025,11,CZE.11.20_1,0.04919987321002361,0.46599999999999997
2025,11,CZE.11.21_1,0.04641169744985238,0.33099999999999996
2025,11,CZE.11.22_1,0.04403882742093296,0.275
2025,11,CZE.11.2_1,0.04880005321846285,0.42800000000000005
2025,11,CZE.11.3_1,0.042241825923508114,0.24199999999999988
2025,11,CZE.11.4_1,0.0414424409097459,0.2290000000000001
2025,11,CZE.11.5_1,0.04358020260831933,0.266
2025,11,CZE.11.6_1,0.039451215462812286,0.19999999999999996
2025,11,CZE.11.7_1,0.04479917422492878,0.2909999999999999
2025,11,CZE.11.8_1,0.043315453887845745,0.261
2025,11,CZE.11.9_1,0.048472043766424736,0.4079999999999999
2025,11,CZE.12.10_1,0.02850606260814742,0.09199999999999997
2025,11,CZE.12.11_1,0.027796839009702336,0.08699999999999997
2025,11,CZE.12.12_1,0.027651756267795924,0.08599999999999997
2025,11,CZE.12.1_1,0.0267571161504167,0.07999999999999996
2025,11,CZE.12.2_1,0.030859703043186852,0.10999999999999999
2025,11,CZE.12.3_1,0.032840471141942086,0.127
2025,11,CZE.12.4_1,0.027505554629489923,0.08499999999999996
2025,11,CZE.12.5_1,0.027505554629489923,0.08499999999999996
2025,11,CZE.12.6_1,0.031818206269545034,0.11799999999999988
2025,11,CZE.12.7_1,0.029054956426915066,0.09599999999999997
2025,11,CZE.12.8_1,0.034426130668099554,0.14200000000000002
2025,11,CZE.12.9_1,0.031224926759328524,0.11299999999999999
2025,11,CZE.13.1_1,0.03821680598848177,0.18399999999999994
2025,11,CZE.13.2_1,0.043315453887845745,0.261
2025,11,CZE.13.3_1,0.042418657032918014,0.245
2025,11,CZE.13.4_1,0.042707193501211126,0.25
2025,11,CZE.13.5_1,0.04181817208376993,0.23499999999999988
2025,11,CZE.13.6_1,0.039959694850211,0.20699999999999996
2025,11,CZE.13.7_1,0.041378664568624164,0.2280000000000001
2025,11,CZE.14.1_1,0.04200165089770341,0.238
2025,11,CZE.14.2_1,0.04131455432928723,0.22699999999999998
2025,11,CZE.14.3_1,0.03959838986050318,0.20200000000000007
2025,11,CZE.14.4_1,0.04163178184876155,0.23199999999999998
2025,11,CZE.2.1_1,0.03900037497023978,0.19399999999999995
2025,11,CZE.2.2_1,0.039451215462812286,0.19999999999999996
2025,11,CZE.2.3_1,0.04604556433516866,0.32100000000000006
2025,11,CZE.2.4_1,0.03892385253856027,0.19300000000000006
2025,11,CZE.2.5_1,0.04045000283720392,0.21399999999999997
2025,11,CZE.2.6_1,0.042820473570468434,0.252
2025,11,CZE.2.7_1,0.039959694850211,0.20699999999999996
2025,11,CZE.3.1_1,0.03764323574228856,0.17700000000000005
2025,11,CZE.3.2_1,0.03853517503352878,0.18800000000000006
2025,11,CZE.3.3_1,0.03988818341171357,0.20599999999999996
2025,11,CZE.4.1_1,0.039451215462812286,0.19999999999999996
2025,11,CZE.4.2_1,0.04010160745971264,0.20900000000000007
2025,11,CZE.4.3_1,0.03359786973370498,0.134
2025,11,CZE.4.4_1,0.0393770514385934,0.19900000000000007
2025,11,CZE.4.5_1,0.03531365871311622,0.15100000000000002
2025,11,CZE.5.1_1,0.04112020456396412,0.22399999999999998
2025,11,CZE.5.2_1,0.042418657032918014,0.245
2025,11,CZE.5.3_1,0.04085630043948545,0.21999999999999997
2025,11,CZE.5.4_1,0.036961046649421084,0.16900000000000004
2025,11,CZE.5.5_1,0.0347270150445878,0.14500000000000002
2025,11,CZE.6.1_1,0.04010160745971264,0.20900000000000007
2025,11,CZE.6.2_1,0.03739082473149449,0.17399999999999993
2025,11,CZE.6.3_1,0.04181817208376993,0.23499999999999988
2025,11,CZE.6.4_1,0.03755954620483949,0.17599999999999993
2025,11,CZE.7.1_1,0.03704792626203052,0.17000000000000004
2025,11,CZE.7.2_1,0.04078946142947053,0.21899999999999997
2025,11,CZE.7.3_1,0.042241825923508114,0.24199999999999988
2025,11,CZE.7.4_1,0.04131455432928723,0.22699999999999998
2025,11,CZE.7.5_1,0.04045000283720392,0.21399999999999997
2025,11,CZE.7.6_1,0.04479917422492878,0.2909999999999999
2025,11,CZE.8.1_1,0.03829702738016549,0.18500000000000005
2025,11,CZE.8.2_1,0.042301081720291366,0.243
2025,11,CZE.8.3_1,0.03797358807768206,0.18100000000000005
2025,11,CZE.8.4_1,0.040988939538025564,0.22199999999999998
2025,11,CZE.8.5_1,0.03660880954136339,0.16500000000000004
2025,11,CZE.9.1_1,0.03900037497023978,0.19399999999999995
2025,11,CZE.9.2_1,0.04125010863491782,0.22599999999999998
2025,11,CZE.9.3_1,0.03755954620483949,0.17599999999999993
2025,11,CZE.9.4_1,0.03959838986050318,0.20200000000000007
2025,11,DEU.1.10_1,0.2540442326356564,0.7865355329278427
2025,11,DEU.1.11_1,0.32820072619135776,0.7625868846473262
2025,11,DEU.1.12_1,0.045197045279087404,0.7
2025,11,DEU.1.13_1,0.19567628877785737,0.6977329629588177
2025,11,DEU.1.14_1,0.30003137308157596,0.7321381025728089
2025,11,DEU.1.15_1,0.04612071083397134,0.677
2025,11,DEU.1.16_1,0.16199684622553007,0.7073172388132226
2025,11,DEU.1.17_1,0.04265009852573865,0.751
2025,11,DEU.1.18_1,0.32202584761744274,0.8177479806470619
2025,11,DEU.1.19_1,0.1940845688341817,0.7446573285993865
2025,11,DEU.1.1_1,0.3631655813158746,0.6752859380120866
2025,11,DEU.1.20_1,0.04206217012242035,0.761
2025,11,DEU.1.21_1,0.2670693221604675,0.8275498112645214
2025,11,DEU.1.22_1,0.24709693737217625,0.7482921387242809
2025,11,DEU.1.23_1,0.2817944081392065,0.7488766220280139
2025,11,DEU.1.24_1,0.29576067366876996,0.8225440899474303
2025,11,DEU.1.25_1,0.20481384520184767,0.7615371339148425
2025,11,DEU.1.26_1,0.04163178184876155,0.768
2025,11,DEU.1.27_1,0.250460326059747,0.7731726704472556
2025,11,DEU.1.28_1,0.34716259839218144,0.7768989364763839
2025,11,DEU.1.29_1,0.3168222454121286,0.714541005212751
2025,11,DEU.1.2_1,0.0441866822098382,0.722
2025,11,DEU.1.30_1,0.044844424119052026,0.708
2025,11,DEU.1.31_1,0.22587231318578638,0.827517736363991
2025,11,DEU.1.32_1,0.3064922914666787,0.6530322728735165
2025,11,DEU.1.33_1,0.268553464044507,0.7705242768472004
2025,11,DEU.1.34_1,0.25434318241176684,0.6770915712162084
2025,11,DEU.1.35_1,0.34235065180685403,0.8575712391908238
2025,11,DEU.1.36_1,0.22517079310797483,0.6787053111146455
2025,11,DEU.1.37_1,0.26708735098158587,0.7298578532199067
2025,11,DEU.1.38_1,0.22024407340534505,0.632703779194393
2025,11,DEU.1.39_1,0.24599916833631746,0.6512778550947484
2025,11,DEU.1.3_1,0.3292906484157,0.6742833735269489
2025,11,DEU.1.40_1,0.045367182479570625,0.696
2025,11,DEU.1.41_1,0.188570207082762,0.7273288388149284
2025,11,DEU.1.42_1,0.2910341125754225,0.6502802484932828
2025,11,DEU.1.43_1,0.045197045279087404,0.7
2025,11,DEU.1.44_1,0.2767684127511886,0.6799706636238259
2025,11,DEU.1.45_1,0.24568559197786086,0.6597679398868904
2025,11,DEU.1.4_1,0.24627999900554753,0.7645045146470375
2025,11,DEU.1.5_1,0.04287666106815927,0.747
2025,11,DEU.1.6_1,0.23052284446230992,0.7775536546782422
2025,11,DEU.1.7_1,0.341226075263322,0.7441149195069027
2025,11,DEU.1.8_1,0.2424553838492128,0.7481953642458621
2025,11,DEU.1.9_1,0.23561604713627235,0.7741128250748524
2025,11,DEU.10.10_1,0.043153120135473684,0.258
2025,11,DEU.10.11_1,0.11174830985057864,0.18762403278740625
2025,11,DEU.10.12_1,0.0440883880814995,0.276
2025,11,DEU.10.13_1,0.1118648066762104,0.14658092883150642
2025,11,DEU.10.14_1,0.04437998723670003,0.28200000000000003
2025,11,DEU.10.15_1,0.13435651400263082,0.18866018955135633
2025,11,DEU.10.16_1,0.04150588489181781,0.22999999999999987
2025,11,DEU.10.17_1,0.039451215462812286,0.19999999999999996
2025,11,DEU.10.18_1,0.12344822890884682,0.2139256279902726
2025,11,DEU.10.19_1,0.1115661435707173,0.1877988723712064
2025,11,DEU.10.1_1,0.040988939538025564,0.22199999999999998
2025,11,DEU.10.20_1,0.04423541751568946,0.279
2025,11,DEU.10.21_1,0.11117099469572746,0.1278266513225912
2025,11,DEU.10.22_1,0.10316167535592112,0.1328175113032144
2025,11,DEU.10.23_1,0.14909708613392766,0.1885194389665441
2025,11,DEU.10.24_1,0.0441376727032484,0.277
2025,11,DEU.10.25_1,0.044283879526092584,0.28
2025,11,DEU.10.26_1,0.04265009852573865,0.249
2025,11,DEU.10.27_1,0.1377752154759038,0.15400880428597052
2025,11,DEU.10.28_1,0.1331524547492464,0.15329591096917117
2025,11,DEU.10.29_1,0.12372866811914508,0.21783890867542055
2025,11,DEU.10.2_1,0.043261635172466846,0.26
2025,11,DEU.10.30_1,0.12158785242129942,0.18246665313426003
2025,11,DEU.10.31_1,0.04378685054716181,0.27
2025,11,DEU.10.32_1,0.043315453887845745,0.261
2025,11,DEU.10.33_1,0.04112020456396412,0.22399999999999998
2025,11,DEU.10.34_1,0.12116899109655131,0.1432896155684339
2025,11,DEU.10.35_1,0.0441866822098382,0.278
2025,11,DEU.10.36_1,0.08671407222725844,0.13376565520559358
2025,11,DEU.10.37_1,0.10485092934184032,0.13999763471149174
2025,11,DEU.10.38_1,0.1225984209644661,0.21307175046595173
2025,11,DEU.10.39_1,0.0393770514385934,0.19900000000000007
2025,11,DEU.10.3_1,0.04298813690453435,0.255
2025,11,DEU.10.40_1,0.12020249472432887,0.20489442565064409
2025,11,DEU.10.41_1,0.1080734707230498,0.2040314977083333
2025,11,DEU.10.42_1,0.15233910742132323,0.16017308637060657
2025,11,DEU.10.43_1,0.09933092180396919,0.16107985871823394
2025,11,DEU.10.44_1,0.10523815079521134,0.12620385781752486
2025,11,DEU.10.45_1,0.13255879913366284,0.1671716278611235
2025,11,DEU.10.46_1,0.0407222738416092,0.21799999999999986
2025,11,DEU.10.47_1,0.115450133253097,0.18054167907669227
2025,11,DEU.10.48_1,0.17659671871909413,0.1728188537221439
2025,11,DEU.10.49_1,0.11838056056378203,0.1908050825333908
2025,11,DEU.10.4_1,0.15109657793826345,0.1801923038957467
2025,11,DEU.10.50_1,0.11215708050746839,0.1910539522269451
2025,11,DEU.10.51_1,0.12597542051263733,0.1584727938809526
2025,11,DEU.10.52_1,0.13525033073874657,0.1935143904405051
2025,11,DEU.10.53_1,0.04003083554183499,0.20800000000000007
2025,11,DEU.10.5_1,0.04175636740944833,0.23399999999999999
2025,11,DEU.10.6_1,0.11559201922922405,0.1567254510370134
2025,11,DEU.10.7_1,0.040988939538025564,0.22199999999999998
2025,11,DEU.10.8_1,0.04378685054716181,0.27
2025,11,DEU.10.9_1,0.1384407458287772,0.16936286869802553
2025,11,DEU.11.10_1,0.7176621775644991,0.4296433541867628
2025,11,DEU.11.11_1,0.04694850038824155,0.653
2025,11,DEU.11.12_1,0.2717897068448546,0.5283818797212598
2025,11,DEU.11.13_1,0.04931155356590333,0.5049999999999999
2025,11,DEU.11.14_1,0.34232108594982635,0.5176472436983817
2025,11,DEU.11.15_1,0.04915596116767787,0.54
2025,11,DEU.11.16_1,0.46820191583990484,0.45121129146765704
2025,11,DEU.11.17_1,0.04900374571054665,0.44399999999999995
2025,11,DEU.11.18_1,0.04882835038466338,0.57
2025,11,DEU.11.19_1,0.3955313055623618,0.6422713622533102
2025,11,DEU.11.1_1,0.40812852041922953,0.4619930242626963
2025,11,DEU.11.20_1,0.048933424473843155,0.562
2025,11,DEU.11.21_1,0.44935950771679445,0.5318095266670384
2025,11,DEU.11.22_1,0.0491397314803075,0.4580000000000001
2025,11,DEU.11.23_1,0.3820109162471151,0.5205783656327895
2025,11,DEU.11.24_1,0.04912270434000065,0.544
2025,11,DEU.11.25_1,0.5462338400892547,0.42052256992187875
2025,11,DEU.11.26_1,0.5507074833507909,0.4423624473609715
2025,11,DEU.11.27_1,0.24470339890916884,0.6171143945290093
2025,11,DEU.11.28_1,0.0492310032726872,0.529
2025,11,DEU.11.29_1,0.4183045927338332,0.5167137042819596
2025,11,DEU.11.2_1,0.5243557611367415,0.5151747586114632
2025,11,DEU.11.30_1,0.43947456572793875,0.487318079987058
2025,11,DEU.11.31_1,0.48911574529788554,0.48608799729092333
2025,11,DEU.11.32_1,0.04926626023120356,0.522
2025,11,DEU.11.33_1,0.4853671570652173,0.41069335823596453
2025,11,DEU.11.34_1,0.6653836228232771,0.4931246779951872
2025,11,DEU.11.35_1,0.049095666579674534,0.547
2025,11,DEU.11.36_1,0.04920649617391004,0.4670000000000001
2025,11,DEU.11.3_1,0.4057259026089824,0.650417789763744
2025,11,DEU.11.4_1,0.33567643996534247,0.6127733918062155
2025,11,DEU.11.5_1,0.5175255946337767,0.4863426679846974
2025,11,DEU.11.6_1,0.4882692296628595,0.44744439974524586
2025,11,DEU.11.7_1,0.4585569246604738,0.42668057905040135
2025,11,DEU.11.8_1,0.4480769163995904,0.46268032285960115
2025,11,DEU.11.9_1,0.42764964023760477,0.5001616561923558
2025,11,DEU.12.1_1,0.12389844844209263,0.4002181574839466
2025,11,DEU.12.2_1,0.12443872707504128,0.40753104178933774
2025,11,DEU.12.3_1,0.1503841187019349,0.5064879229375985
2025,11,DEU.12.4_1,0.17127232451465654,0.44128981109902954
2025,11,DEU.12.5_1,0.12286270977742872,0.3871921654243303
2025,11,DEU.12.6_1,0.12837002834696326,0.3478136112344349
2025,11,DEU.13.10_1,0.20022985787792755,0.28754146731718067
2025,11,DEU.13.11_1,0.1952157851897554,0.31399638129774676
2025,11,DEU.13.12_1,0.20191732254525893,0.32036775764070924
2025,11,DEU.13.13_1,0.21450983957759887,0.2875470249371005
2025,11,DEU.13.14_1,0.12589110954569205,0.2657735380990902
2025,11,DEU.13.1_1,0.15050338158460785,0.2634377209179436
2025,11,DEU.13.2_1,0.1389388341905554,0.31310856646429586
2025,11,DEU.13.3_1,0.253723998495301,0.30611876100170343
2025,11,DEU.13.4_1,0.24026435986998654,0.2663998011877906
2025,11,DEU.13.5_1,0.04630436737389991,0.32800000000000007
2025,11,DEU.13.6_1,0.04789698859334505,0.381
2025,11,DEU.13.7_1,0.19199036453021412,0.29494367303860936
2025,11,DEU.13.8_1,0.12354530943586668,0.30347027886004185
2025,11,DEU.13.9_1,0.048060907894630085,0.388
2025,11,DEU.14.10_1,0.1843446167105346,0.14478738099809663
2025,11,DEU.14.11_1,0.18030799738764133,0.10967719291428768
2025,11,DEU.14.12_1,0.18683087260902384,0.10884686487941908
2025,11,DEU.14.13_1,0.19203322365033687,0.14318047969779346
2025,11,DEU.14.1_1,0.23737902397154254,0.11707004309017022
2025,11,DEU.14.2_1,0.03764323574228856,0.17700000000000005
2025,11,DEU.14.3_1,0.03915222580685154,0.19599999999999995
2025,11,DEU.14.4_1,0.23040413339975443,0.10490374601424945
2025,11,DEU.14.5_1,0.22987077244035678,0.12341679175581433
2025,11,DEU.14.6_1,0.04038104602105371,0.21299999999999986
2025,11,DEU.14.7_1,0.1895824351861295,0.13731166361403613
2025,11,DEU.14.8_1,0.1793193907238996,0.14229927108315377
2025,11,DEU.14.9_1,0.23358353480088698,0.12608842454628955
2025,11,DEU.15.10_1,0.3995359153033569,0.312205375045292
2025,11,DEU.15.11_1,0.5519027113880997,0.30067818871060015
2025,11,DEU.15.12_1,0.4876564607715748,0.31939844848837995
2025,11,DEU.15.13_1,0.42380923820896765,0.3042059941996653
2025,11,DEU.15.14_1,0.4706096265240608,0.3558293878784632
2025,11,DEU.15.15_1,0.32747130393171203,0.325812508078141
2025,11,DEU.15.1_1,0.4756782043314763,0.3543010166984766
2025,11,DEU.15.2_1,0.04801514388369464,0.386
2025,11,DEU.15.3_1,0.5040579554169283,0.31407623489339653
2025,11,DEU.15.4_1,0.04734145855537475,0.36
2025,11,DEU.15.5_1,0.04725415388230268,0.357
2025,11,DEU.15.6_1,0.048083470111132766,0.389
2025,11,DEU.15.7_1,0.4879772095967789,0.36580350526183925
2025,11,DEU.15.8_1,0.26314812789964304,0.3185763327451192
2025,11,DEU.15.9_1,0.3118948104846581,0.358293740300468
2025,11,DEU.16.10_1,0.045153872242213455,0.29900000000000004
2025,11,DEU.16.11_1,0.2787504768533117,0.28786080131912706
2025,11,DEU.16.12_1,0.212385720122416,0.24691668845099246
2025,11,DEU.16.13_1,0.38239362529532456,0.22906398215901724
2025,11,DEU.16.14_1,0.31903470696479524,0.19712493271049714
2025,11,DEU.16.15_1,0.23458620423089152,0.20127955509106854
2025,11,DEU.16.16_1,0.3150067615759899,0.23395985130344377
2025,11,DEU.16.17_1,0.31954333843709587,0.3112774073780459
2025,11,DEU.16.18_1,0.13008103579547797,0.21588625929821925
2025,11,DEU.16.19_1,0.0415689980366121,0.23099999999999998
2025,11,DEU.16.1_1,0.25926144868155554,0.2740538373322998
2025,11,DEU.16.20_1,0.27367348971260963,0.2825983307379183
2025,11,DEU.16.21_1,0.2896527173598136,0.2504911853053232
2025,11,DEU.16.22_1,0.31683661423300147,0.24594607545041414
2025,11,DEU.16.23_1,0.04565519501338059,0.31099999999999994
2025,11,DEU.16.2_1,0.3615954225080502,0.24072723888839442
2025,11,DEU.16.3_1,0.043735613725489,0.269
2025,11,DEU.16.4_1,0.045153872242213455,0.29900000000000004
2025,11,DEU.16.5_1,0.04276398478000556,0.251
2025,11,DEU.16.6_1,0.28851752714179146,0.2778309630133441
2025,11,DEU.16.7_1,0.2740502648639951,0.2432816983539572
2025,11,DEU.16.8_1,0.23341287540414454,0.20614024950085919
2025,11,DEU.16.9_1,0.2601399543972756,0.2371858927468694
2025,11,DEU.2.10_1,0.2867744509286389,0.26824142131251194
2025,11,DEU.2.11_1,0.2604419543148674,0.26346314206065513
2025,11,DEU.2.12_1,0.18382541392304957,0.208913821163353
2025,11,DEU.2.13_1,0.04767071749009322,0.372
2025,11,DEU.2.14_1,0.2826171260231963,0.26634189574820466
2025,11,DEU.2.15_1,0.043735613725489,0.269
2025,11,DEU.2.16_1,0.27281572710424545,0.23051369528621724
2025,11,DEU.2.17_1,0.1489658580222338,0.1790094591636141
2025,11,DEU.2.18_1,0.23961155759994934,0.20454171602071747
2025,11,DEU.2.19_1,0.0464820667942262,0.3330000000000001
2025,11,DEU.2.1_1,0.20366276839244654,0.2589092713773383
2025,11,DEU.2.20_1,0.18839452817757793,0.277377418256186
2025,11,DEU.2.21_1,0.1685793241166773,0.24521562206036496
2025,11,DEU.2.22_1,0.19994815354010373,0.22095619566867553
2025,11,DEU.2.23_1,0.21372418342025407,0.25446408552757427
2025,11,DEU.2.24_1,0.15394295101727376,0.22531311859053615
2025,11,DEU.2.25_1,0.27871158169462185,0.2563246207447901
2025,11,DEU.2.26_1,0.1922238460371412,0.22075395022255906
2025,11,DEU.2.27_1,0.2247879921243106,0.23773072073766344
2025,11,DEU.2.28_1,0.20706974919591198,0.24292013952993408
2025,11,DEU.2.29_1,0.25176993300816486,0.28394269622533985
2025,11,DEU.2.2_1,0.19737279372427494,0.23680591591039246
2025,11,DEU.2.30_1,0.04688464092705593,0.345
2025,11,DEU.2.31_1,0.04681986331775376,0.34299999999999997
2025,11,DEU.2.32_1,0.22771261984479216,0.27586755840272137
2025,11,DEU.2.33_1,0.20135756506942953,0.25011756296712595
2025,11,DEU.2.34_1,0.21979288841791159,0.18236340880930557
2025,11,DEU.2.35_1,0.19803677602374026,0.25595236395999166
2025,11,DEU.2.36_1,0.15845928886884608,0.2749460301606288
2025,11,DEU.2.37_1,0.16345629934843056,0.15166444468041596
2025,11,DEU.2.38_1,0.24214597586262973,0.2372752955710995
2025,11,DEU.2.39_1,0.2128584791544375,0.26279671830199003
2025,11,DEU.2.3_1,0.2133115856021781,0.22392813838301162
2025,11,DEU.2.40_1,0.04553326597806426,0.30800000000000005
2025,11,DEU.2.41_1,0.2212851653648975,0.2266758085075553
2025,11,DEU.2.42_1,0.04573523700820659,0.31299999999999994
2025,11,DEU.2.43_1,0.04038104602105371,0.21299999999999986
2025,11,DEU.2.44_1,0.2130898890238687,0.23637265036835797
2025,11,DEU.2.45_1,0.04383780558780022,0.271
2025,11,DEU.2.46_1,0.2403783431332094,0.2964663558718006
2025,11,DEU.2.47_1,0.1806315916291603,0.2368653130630174
2025,11,DEU.2.48_1,0.18771050934610822,0.23131627863322324
2025,11,DEU.2.49_1,0.22770518674385876,0.2355770526756079
2025,11,DEU.2.4_1,0.04212237146341945,0.24
2025,11,DEU.2.50_1,0.04619489279993376,0.32499999999999996
2025,11,DEU.2.51_1,0.23875929295883477,0.23856676474751104
2025,11,DEU.2.52_1,0.1488768273390284,0.2526462166355694
2025,11,DEU.2.53_1,0.16816014067581628,0.22719176656396378
2025,11,DEU.2.54_1,0.047104156516901585,0.352
2025,11,DEU.2.55_1,0.3015350140103197,0.28456326697873646
2025,11,DEU.2.56_1,0.040311729943021436,0.21199999999999997
2025,11,DEU.2.57_1,0.15254974447362102,0.18520418236163505
2025,11,DEU.2.58_1,0.25932541239413975,0.32963088623695913
2025,11,DEU.2.59_1,0.22355238888175105,0.2248940598069311
2025,11,DEU.2.5_1,0.04336898152187278,0.262
2025,11,DEU.2.60_1,0.24240703353357268,0.30332671873702854
2025,11,DEU.2.61_1,0.1885208848863645,0.25297722173348425
2025,11,DEU.2.62_1,0.17606875695614546,0.2627368547464257
2025,11,DEU.2.63_1,0.17359260489093867,0.22694944237500847
2025,11,DEU.2.64_1,0.2577355220622527,0.25497577826170914
2025,11,DEU.2.65_1,0.2452921159636538,0.2058291713410927
2025,11,DEU.2.66_1,0.2668861969261014,0.2818334062304695
2025,11,DEU.2.67_1,0.047194830489016126,0.355
2025,11,DEU.2.68_1,0.1796934386369447,0.1441108447121464
2025,11,DEU.2.69_1,0.24431045127062306,0.17846864910936056
2025,11,DEU.2.6_1,0.3159834567950256,0.2527899334896029
2025,11,DEU.2.70_1,0.04212237146341945,0.24
2025,11,DEU.2.71_1,0.24494560823965308,0.22688077258551698
2025,11,DEU.2.72_1,0.17903735718668773,0.2497039695968183
2025,11,DEU.2.73_1,0.1872078128712703,0.20499190860236016
2025,11,DEU.2.74_1,0.04461553550165871,0.2869999999999999
2025,11,DEU.2.75_1,0.2617607098526403,0.23290175990297202
2025,11,DEU.2.76_1,0.2770598712661708,0.2553760911653822
2025,11,DEU.2.77_1,0.04038104602105371,0.21299999999999986
2025,11,DEU.2.78_1,0.27304936930330104,0.22309266325780364
2025,11,DEU.2.79_1,0.19443876840978047,0.28011266946032554
2025,11,DEU.2.7_1,0.04784822171310597,0.379
2025,11,DEU.2.80_1,0.22378610689083886,0.23533656499051936
2025,11,DEU.2.81_1,0.04347516784065807,0.264
2025,11,DEU.2.82_1,0.22766434307804492,0.20719217777976806
2025,11,DEU.2.83_1,0.04600762791136711,0.31999999999999995
2025,11,DEU.2.84_1,0.2564265654752375,0.28929182307829104
2025,11,DEU.2.85_1,0.16276444505323392,0.270797241198663
2025,11,DEU.2.86_1,0.24291917736412885,0.22202302405056562
2025,11,DEU.2.87_1,0.0475644900783197,0.368
2025,11,DEU.2.88_1,0.19964960848101468,0.20484947529715714
2025,11,DEU.2.89_1,0.2401441452868443,0.22364050428057125
2025,11,DEU.2.8_1,0.2812353229625036,0.3190111529587176
2025,11,DEU.2.90_1,0.2892987179144032,0.2286877817112991
2025,11,DEU.2.91_1,0.04784822171310597,0.379
2025,11,DEU.2.92_1,0.04523996209628829,0.30100000000000005
2025,11,DEU.2.93_1,0.22618497362498152,0.21207128799371
2025,11,DEU.2.94_1,0.21240575713872586,0.2460232529252181
2025,11,DEU.2.95_1,0.19685474606871747,0.2099328159148648
2025,11,DEU.2.96_1,0.32150370113941157,0.30009631423663075
2025,11,DEU.2.9_1,0.04619489279993376,0.32499999999999996
2025,11,DEU.3.1_1,0.04131455432928723,0.22699999999999998
2025,11,DEU.4.10_1,0.20889830697819847,0.2639788290365769
2025,11,DEU.4.11_1,0.2585254998618768,0.28128994629505166
2025,11,DEU.4.12_1,0.20548031696008934,0.28968412378868436
2025,11,DEU.4.13_1,0.2658230941224341,0.30919805705951475
2025,11,DEU.4.14_1,0.046619983057431764,0.3370000000000001
2025,11,DEU.4.15_1,0.21598254660264904,0.2768582017497335
2025,11,DEU.4.16_1,0.22804191051743716,0.26104098822679733
2025,11,DEU.4.17_1,0.16572985594186643,0.25663190282738524
2025,11,DEU.4.18_1,0.2522719378707401,0.3014097977317043
2025,11,DEU.4.1_1,0.2129134483514429,0.280778755894479
2025,11,DEU.4.2_1,0.046653877165014464,0.3380000000000001
2025,11,DEU.4.3_1,0.04573523700820659,0.31299999999999994
2025,11,DEU.4.4_1,0.2585926173795117,0.28677350728937356
2025,11,DEU.4.5_1,0.23834924102068164,0.25773856798370454
2025,11,DEU.4.6_1,0.044707884311692536,0.28900000000000003
2025,11,DEU.4.7_1,0.21894187253711958,0.28879280292750675
2025,11,DEU.4.8_1,0.28707650522099265,0.2878693096241084
2025,11,DEU.4.9_1,0.18693167074804481,0.28987959034118416
2025,11,DEU.5.1_1,0.04814988119262943,0.392
2025,11,DEU.5.2_1,0.04814988119262943,0.392
2025,11,DEU.6.1_1,0.024659179385644596,0.06699999999999995
2025,11,DEU.7.10_1,0.04540908163273409,0.695
2025,11,DEU.7.11_1,0.26580862086137663,0.7501606600333944
2025,11,DEU.7.12_1,0.23286215691512507,0.7466411779412512
2025,11,DEU.7.13_1,0.2105777224977123,0.7626900396841725
2025,11,DEU.7.14_1,0.26455454219279423,0.762737238002581
2025,11,DEU.7.15_1,0.15955078268320538,0.8582131440257016
2025,11,DEU.7.16_1,0.22841161408545915,0.7346661403373804
2025,11,DEU.7.17_1,0.1889578348704709,0.6989284875666847
2025,11,DEU.7.18_1,0.042592698632283446,0.752
2025,11,DEU.7.19_1,0.16598688683279653,0.8734151511186915
2025,11,DEU.7.1_1,0.23103097541914017,0.770957377239506
2025,11,DEU.7.20_1,0.19989686979829682,0.7466063400762217
2025,11,DEU.7.21_1,0.2540771412204678,0.7155487058410146
2025,11,DEU.7.22_1,0.2139415853174964,0.6864141516772746
2025,11,DEU.7.23_1,0.22932098568189108,0.7136136385013951
2025,11,DEU.7.24_1,0.20172161063574806,0.7082161038400918
2025,11,DEU.7.25_1,0.24169214921979698,0.7620046751380364
2025,11,DEU.7.26_1,0.0440883880814995,0.724
2025,11,DEU.7.2_1,0.2289684701439023,0.7982532843343104
2025,11,DEU.7.3_1,0.04452212120566338,0.7150000000000001
2025,11,DEU.7.4_1,0.044283879526092584,0.72
2025,11,DEU.7.5_1,0.23478180352439074,0.6989114836584533
2025,11,DEU.7.6_1,0.2049978504495078,0.7609148144231395
2025,11,DEU.7.7_1,0.17563762427742166,0.8287019055549266
2025,11,DEU.7.8_1,0.21926579095763318,0.6955720423808812
2025,11,DEU.7.9_1,0.17470895713578793,0.742874479901305
2025,11,DEU.8.1_1,0.5173670153934212,0.2798401050887759
2025,11,DEU.8.2_1,0.5198799459515123,0.2650703758336699
2025,11,DEU.8.3_1,0.3874396343358769,0.28032488090996277
2025,11,DEU.8.4_1,0.0462316235363915,0.32600000000000007
2025,11,DEU.8.5_1,0.4517910925444106,0.2728819377141919
2025,11,DEU.8.6_1,0.04644700016480913,0.3320000000000001
2025,11,DEU.8.7_1,0.48831264858132944,0.2755977968290022
2025,11,DEU.8.8_1,0.40587985618535366,0.2821757239594651
2025,11,DEU.9.10_1,0.34639996745547424,0.33673967623277135
2025,11,DEU.9.11_1,0.12073921065725245,0.36302104196811413
2025,11,DEU.9.12_1,0.28252080434459864,0.3059877276166627
2025,11,DEU.9.13_1,0.13875510427055177,0.2635692935073727
2025,11,DEU.9.14_1,0.22837449602361132,0.27871907986867817
2025,11,DEU.9.15_1,0.21834305403767504,0.3184750304242252
2025,11,DEU.9.16_1,0.12169644908249802,0.28978721143835784
2025,11,DEU.9.17_1,0.28351536804347854,0.3099714608410029
2025,11,DEU.9.18_1,0.20911893503730392,0.2844948057883714
2025,11,DEU.9.19_1,0.24314200090693716,0.3119945112795762
2025,11,DEU.9.1_1,0.1103692702773605,0.3375684901704934
2025,11,DEU.9.20_1,0.27108486530938036,0.2897221639519535
2025,11,DEU.9.21_1,0.265100169361557,0.2794628416957745
2025,11,DEU.9.22_1,0.19544874822771327,0.37959973331387564
2025,11,DEU.9.23_1,0.23158245720173648,0.2912649872275652
2025,11,DEU.9.24_1,0.28501153407047436,0.30545112013853104
2025,11,DEU.9.25_1,0.26275135171659286,0.31423032308806953
2025,11,DEU.9.26_1,0.14509666178058234,0.26364118651347757
2025,11,DEU.9.27_1,0.04849040273668494,0.40900000000000003
2025,11,DEU.9.28_1,0.1701064919937272,0.3109558583626536
2025,11,DEU.9.29_1,0.04784822171310597,0.379
2025,11,DEU.9.2_1,0.21755646319668404,0.3998436955201724
2025,11,DEU.9.30_1,0.2603867452595847,0.33210661395307717
2025,11,DEU.9.31_1,0.1495258316048792,0.34145434605425407
2025,11,DEU.9.32_1,0.15261744896225626,0.27310327423958713
2025,11,DEU.9.33_1,0.11611858945352534,0.31082008231694613
2025,11,DEU.9.34_1,0.20115521553477408,0.31421102760587316
2025,11,DEU.9.35_1,0.33151130064738366,0.31257625036801895
2025,11,DEU.9.36_1,0.04456896195634114,0.28600000000000003
2025,11,DEU.9.37_1,0.27617375994021737,0.341165917142346
2025,11,DEU.9.38_1,0.28587122206799,0.35584720465116404
2025,11,DEU.9.39_1,0.21779985359802653,0.2685116019675422
2025,11,DEU.9.3_1,0.04716483144562535,0.3540000000000001
2025,11,DEU.9.40_1,0.14063856863665303,0.3232784150921467
2025,11,DEU.9.41_1,0.15052012060926245,0.360834939493359
2025,11,DEU.9.42_1,0.13556448130894005,0.3497922166188955
2025,11,DEU.9.43_1,0.04739854620761542,0.362
2025,11,DEU.9.44_1,0.1968700639853226,0.4029225485201371
2025,11,DEU.9.45_1,0.25773418221282035,0.2952271933959574
2025,11,DEU.9.46_1,0.0464820667942262,0.3330000000000001
2025,11,DEU.9.4_1,0.20058275952344648,0.3079901995382187
2025,11,DEU.9.5_1,0.16161723211245196,0.3351019263208701
2025,11,DEU.9.6_1,0.2504342641060968,0.3773313632411439
2025,11,DEU.9.7_1,0.04801514388369464,0.386
2025,11,DEU.9.8_1,0.2976060495510721,0.3160079377740691
2025,11,DEU.9.9_1,0.04581428987514457,0.31500000000000006
2025,11,DNK.1.10_1,0.04626811487238125,0.673
2025,11,DNK.1.11_1,0.04347516784065807,0.264
2025,11,DNK.1.12_1,0.046787129017927614,0.3420000000000001
2025,11,DNK.1.13_1,0.04889554025720297,0.565
2025,11,DNK.1.14_1,0.048060907894630085,0.388
2025,11,DNK.1.15_1,0.04917139419174232,0.538
2025,11,DNK.1.16_1,0.04403882742093296,0.275
2025,11,DNK.1.17_1,0.0440883880814995,0.276
2025,11,DNK.1.18_1,0.04488941170168404,0.2929999999999999
2025,11,DNK.1.19_1,0.047011445442896045,0.349
2025,11,DNK.1.1_1,0.04634038160147463,0.32900000000000007
2025,11,DNK.1.20_1,0.04612071083397134,0.32300000000000006
2025,11,DNK.1.21_1,0.047104156516901585,0.352
2025,11,DNK.1.22_1,0.04626811487238125,0.32699999999999996
2025,11,DNK.1.23_1,0.04817159400742658,0.3930000000000001
2025,11,DNK.1.24_1,0.04694850038824155,0.347
2025,11,DNK.1.25_1,0.0481058195358967,0.61
2025,11,DNK.1.26_1,0.04782351451989156,0.3780000000000001
2025,11,DNK.1.27_1,0.04707347975915941,0.649
2025,11,DNK.1.28_1,0.046619983057431764,0.3370000000000001
2025,11,DNK.1.2_1,0.04320752428803497,0.259
2025,11,DNK.1.30_1,0.047618041971247235,0.37
2025,11,DNK.1.3_1,0.04713460693292685,0.3530000000000001
2025,11,DNK.1.4_1,0.04447501240536936,0.28400000000000003
2025,11,DNK.1.5_1,0.04782351451989156,0.3780000000000001
2025,11,DNK.1.8_1,0.0441376727032484,0.277
2025,11,DNK.1.9_1,0.04565519501338059,0.31099999999999994
2025,11,DNK.2.10_1,0.013112708088147376,0.018000000000000016
2025,11,DNK.2.11_1,0.017874274303213675,0.03400000000000003
2025,11,DNK.2.12_1,0.015398297599977918,0.025000000000000022
2025,11,DNK.2.14_1,0.019327069523297564,0.040000000000000036
2025,11,DNK.2.15_1,0.013112708088147376,0.018000000000000016
2025,11,DNK.2.16_1,0.016824683036288767,0.030000000000000027
2025,11,DNK.2.17_1,0.01735853480363741,0.03200000000000003
2025,11,DNK.2.18_1,0.014467089376954971,0.02200000000000002
2025,11,DNK.2.19_1,0.018373426824734782,0.03600000000000003
2025,11,DNK.2.1_1,0.017874274303213675,0.03400000000000003
2025,11,DNK.2.2_1,0.014467089376954971,0.02200000000000002
2025,11,DNK.2.3_1,0.015094923848056016,0.02400000000000002
2025,11,DNK.2.4_1,0.017093977664380706,0.030999999999999917
2025,11,DNK.2.5_1,0.014141692511926283,0.02100000000000002
2025,11,DNK.2.6_1,0.01598595915280596,0.027000000000000024
2025,11,DNK.2.7_1,0.012375362730317635,0.016000000000000014
2025,11,DNK.2.8_1,0.01478466868075562,0.02300000000000002
2025,11,DNK.2.9_1,0.015398297599977918,0.025000000000000022
2025,11,DNK.2_1,0.01478466868075562,0.02300000000000002
2025,11,DNK.3.10_1,0.044283879526092584,0.28
2025,11,DNK.3.11_1,0.04287666106815927,0.253
2025,11,DNK.3.1_1,0.04600762791136711,0.31999999999999995
2025,11,DNK.3.2_1,0.04358020260831933,0.266
2025,11,DNK.3.3_1,0.045969448573345284,0.31900000000000006
2025,11,DNK.3.4_1,0.044283879526092584,0.28
2025,11,DNK.3.5_1,0.04065473594768187,0.21700000000000008
2025,11,DNK.3.7_1,0.045066754559637344,0.29699999999999993
2025,11,DNK.3.8_1,0.045774886760868244,0.31400000000000006
2025,11,DNK.3.9_1,0.04212237146341945,0.24
2025,11,DNK.4.10_1,0.04175636740944833,0.23399999999999999
2025,11,DNK.4.11_1,0.044427634702780626,0.2829999999999999
2025,11,DNK.4.12_1,0.047224604492781756,0.356
2025,11,DNK.4.13_1,0.04698008698541929,0.348
2025,11,DNK.4.14_1,0.04488941170168404,0.2929999999999999
2025,11,DNK.4.15_1,0.04358020260831933,0.266
2025,11,DNK.4.16_1,0.043261635172466846,0.26
2025,11,DNK.4.17_1,0.04549212269146771,0.30699999999999994
2025,11,DNK.4.1_1,0.04388847982885752,0.272
2025,11,DNK.4.2_1,0.0462316235363915,0.32600000000000007
2025,11,DNK.4.3_1,0.044844424119052026,0.2919999999999999
2025,11,DNK.4.4_1,0.045367182479570625,0.30400000000000005
2025,11,DNK.4.5_1,0.04585344698686476,0.31599999999999995
2025,11,DNK.4.6_1,0.04452212120566338,0.28500000000000003
2025,11,DNK.4.7_1,0.045110442250019825,0.29800000000000004
2025,11,DNK.4.8_1,0.0466875383137864,0.33899999999999997
2025,11,DNK.4.9_1,0.043153120135473684,0.258
2025,11,DNK.5.10_1,0.042592698632283446,0.2480000000000001
2025,11,DNK.5.11_1,0.045774886760868244,0.31400000000000006
2025,11,DNK.5.12_1,0.04383780558780022,0.271
2025,11,DNK.5.13_1,0.04378685054716181,0.27
2025,11,DNK.5.14_1,0.04247697914036585,0.24599999999999989
2025,11,DNK.5.15_1,0.04637615811021295,0.33000000000000007
2025,11,DNK.5.16_1,0.04691668519057854,0.346
2025,11,DNK.5.17_1,0.04630436737389991,0.32800000000000007
2025,11,DNK.5.18_1,0.045931025715348975,0.31800000000000006
2025,11,DNK.5.19_1,0.04092279257964584,0.22099999999999997
2025,11,DNK.5.1_1,0.04293254845601885,0.254
2025,11,DNK.5.20_1,0.043261635172466846,0.26
2025,11,DNK.5.21_1,0.04383780558780022,0.271
2025,11,DNK.5.22_1,0.04523996209628829,0.30100000000000005
2025,11,DNK.5.2_1,0.045450728138743166,0.30600000000000005
2025,11,DNK.5.3_1,0.04585344698686476,0.31599999999999995
2025,11,DNK.5.4_1,0.043735613725489,0.269
2025,11,DNK.5.5_1,0.047224604492781756,0.356
2025,11,DNK.5.6_1,0.044844424119052026,0.2919999999999999
2025,11,DNK.5.8_1,0.04675416374406932,0.34099999999999997
2025,11,DNK.5.9_1,0.04626811487238125,0.32699999999999996
2025,11,ESP.1.1_1,0.39062641709209445,0.2477322950735804
2025,11,ESP.1.2_1,0.3049036963264527,0.4837406722855372
2025,11,ESP.1.3_1,0.38814888871970993,0.3578784612446143
2025,11,ESP.1.4_1,0.4862109227260407,0.21564636438597407
2025,11,ESP.1.5_1,0.3953633579427778,0.3949271151599465
2025,11,ESP.1.6_1,0.3992283433445269,0.256274277572869
2025,11,ESP.1.7_1,0.4405605745129463,0.36347438261441134
2025,11,ESP.1.8_1,0.47402459736435726,0.5279961471097383
2025,11,ESP.10.1_1,0.5628725583138413,0.6283407724710486
2025,11,ESP.10.2_1,0.523919038950659,0.4500842959766823
2025,11,ESP.10.3_1,0.7736091825719852,0.6530790981015271
2025,11,ESP.11.1_1,0.38842982372659685,0.11354601782718288
2025,11,ESP.11.2_1,0.40369270684594305,0.08862579257117686
2025,11,ESP.12.1_1,0.4438954383110252,0.41050862953870326
2025,11,ESP.12.2_1,0.3349580990699941,0.2680616043134284
2025,11,ESP.12.3_1,0.38418389885507664,0.24876745766765807
2025,11,ESP.12.4_1,0.36440620526128964,0.43827907365143326
2025,11,ESP.13.1_1,0.39701226977498133,0.6052465224152626
2025,11,ESP.14.1_1,0.056435580787794926,0.8835271434927575
2025,11,ESP.15.1_1,0.4731297113815278,0.17375595880265815
2025,11,ESP.16.1_1,0.32720071451354715,0.32740302210035244
2025,11,ESP.16.2_1,0.434449099124347,0.41359985169706825
2025,11,ESP.16.3_1,0.4956227932154692,0.5197460271001307
2025,11,ESP.17.1_1,0.3082242981417867,0.16724034407171695
2025,11,ESP.18.1_1,0.2855030112848623,0.31559789771120894
2025,11,ESP.2.1_1,0.5110274367199589,0.18171594460143892
2025,11,ESP.2.2_1,0.5125115281293183,0.1463780614554726
2025,11,ESP.2.3_1,0.6593346939330974,0.22711236070788
2025,11,ESP.3.1_1,0.4493179535043464,0.38620884554464086
2025,11,ESP.4.1_1,0.3300770882255381,0.16511439446776188
2025,11,ESP.4.2_1,0.39290292454783055,0.21885828580551336
2025,11,ESP.4.3_1,0.5029633026337573,0.1372715297701862
2025,11,ESP.4.4_1,0.526634393797233,0.12169176739282273
2025,11,ESP.4.5_1,0.579235963527265,0.25170904739996136
2025,11,ESP.5.1_1,0.6205346927056595,0.2387894703280029
2025,11,ESP.5.2_1,0.8022096066887788,0.22663112484919667
2025,11,ESP.5.3_1,0.6131578168675874,0.2796373255389013
2025,11,ESP.5.4_1,0.5710723813016696,0.27949543670977506
2025,11,ESP.5.5_1,0.7957231737680958,0.2753460532389289
2025,11,ESP.5.6_1,0.5683000393056021,0.2220533934563147
2025,11,ESP.5.7_1,0.48382445533292023,0.16682593612466623
2025,11,ESP.5.8_1,0.6371642900248913,0.2971683703483218
2025,11,ESP.5.9_1,0.6688210776235893,0.29922507612106386
2025,11,ESP.6.1_1,0.8182767699731708,0.6411566939305113
2025,11,ESP.6.2_1,0.7021205313828732,0.5702556766701492
2025,11,ESP.6.3_1,0.6547409476378422,0.3583174304111003
2025,11,ESP.6.4_1,0.6374626107211219,0.5317895864753736
2025,11,ESP.7.1_1,0.041860602602939216,0.9687256494578497
2025,11,ESP.7.2_1,0.05031286838502314,0.929264231754493
2025,11,ESP.8.1_1,0.5939247579343044,0.357333861451096
2025,11,ESP.9.1_1,0.7523891822105548,0.27382174681615346
2025,11,EST.1.10_1,0.29669907491092395,0.2154830962589831
2025,11,EST.1.11_1,0.0430984216041852,0.257
2025,11,EST.1.12_1,0.04565519501338059,0.31099999999999994
2025,11,EST.1.13_1,0.1681547030088322,0.2122546608709439
2025,11,EST.1.14_1,0.18104022108414342,0.18455074967628804
2025,11,EST.1.15_1,0.041378664568624164,0.2280000000000001
2025,11,EST.1.16_1,0.14183459536967946,0.18165481959023222
2025,11,EST.1.17_1,0.226548669201833,0.25141458734109434
2025,11,EST.1.18_1,0.19045743350437133,0.25218854227108256
2025,11,EST.1.19_1,0.16718281705580834,0.2255298773864649
2025,11,EST.1.1_1,0.04065473594768187,0.21700000000000008
2025,11,EST.1.20_1,0.14891981431423812,0.4969147103922815
2025,11,EST.1.21_1,0.09092681443684356,0.24224789924027423
2025,11,EST.1.22_1,0.1860419989933915,0.43312650702428235
2025,11,EST.1.2_1,0.21478999502323798,0.1955050521908499
2025,11,EST.1.3_1,0.19898035085310933,0.2622525951182124
2025,11,EST.1.4_1,0.21733300958082022,0.2633658318603147
2025,11,EST.1.5_1,0.19847360616712556,0.28577217036998626
2025,11,EST.1.6_1,0.1595605372629035,0.21340782303358996
2025,11,EST.1.7_1,0.16027001656914533,0.25431804403707625
2025,11,EST.1.8_1,0.18364625547937902,0.18459767898947144
2025,11,EST.1.9_1,0.2209343796863476,0.1706501220190979
2025,11,EST.10.10_1,0.19006119509759845,0.17290775357474075
2025,11,EST.10.11_1,0.1366913809552611,0.15039706750291237
2025,11,EST.10.12_1,0.20454808466006727,0.15451552245598132
2025,11,EST.10.13_1,0.11325651403308559,0.1707963343278306
2025,11,EST.10.14_1,0.19252476093064408,0.16259202476536339
2025,11,EST.10.1_1,0.10581717648748187,0.16255009003481458
2025,11,EST.10.2_1,0.16374277355173167,0.15970878000743816
2025,11,EST.10.3_1,0.1179209467967463,0.14818900047943617
2025,11,EST.10.4_1,0.11693122474201688,0.14542210315304904
2025,11,EST.10.5_1,0.14928447577093035,0.16324402324037868
2025,11,EST.10.6_1,0.13241055706816235,0.15036483467701878
2025,11,EST.10.7_1,0.19707587554749775,0.1651409859034617
2025,11,EST.10.8_1,0.040172012552874455,0.21000000000000008
2025,11,EST.10.9_1,0.18294291541737814,0.1629551962811594
2025,11,EST.11.10_1,0.19665916492456026,0.19958968056512505
2025,11,EST.11.1_1,0.04276398478000556,0.251
2025,11,EST.11.2_1,0.13127299319042474,0.20029996668744865
2025,11,EST.11.3_1,0.12889454573103398,0.16886379697212472
2025,11,EST.11.4_1,0.10691711561746038,0.16750920528784252
2025,11,EST.11.5_1,0.2639008770298377,0.20706070614441774
2025,11,EST.11.6_1,0.1896324815639747,0.21427087623586394
2025,11,EST.11.7_1,0.3370462534005834,0.18673800373663108
2025,11,EST.11.8_1,0.17557973860242881,0.1929215123160387
2025,11,EST.11.9_1,0.25274902737122396,0.21955278532922773
2025,11,EST.12.10_1,0.2441238216380737,0.2394185620422009
2025,11,EST.12.11_1,0.2385717253912475,0.2101431808624762
2025,11,EST.12.12_1,0.21672649183670256,0.24213685055334655
2025,11,EST.12.14_1,0.14974909831449668,0.23300336454240866
2025,11,EST.12.15_1,0.16162662123726115,0.19920849829393006
2025,11,EST.12.16_1,0.20976301134028602,0.19448453814622857
2025,11,EST.12.1_1,0.32526894643540216,0.22734891889192677
2025,11,EST.12.2_1,0.18476643611663696,0.20783810111452983
2025,11,EST.12.3_1,0.22811725093610477,0.24123209712282445
2025,11,EST.12.4_1,0.047872712960503876,0.38
2025,11,EST.12.5_1,0.1829729818651118,0.20109471220080333
2025,11,EST.12.6_1,0.2862038007849277,0.2169393857464128
2025,11,EST.12.7_1,0.17669680384357486,0.20823194405341594
2025,11,EST.12.8_1,0.27906184382689314,0.21690664864191955
2025,11,EST.12.9_1,0.1502016953851555,0.21095286922029521
2025,11,EST.13.10_1,0.11588567905342972,0.19040762230468866
2025,11,EST.13.11_1,0.16646212930626347,0.16718981847216308
2025,11,EST.13.12_1,0.08842574347633053,0.17286147031487042
2025,11,EST.13.13_1,0.0347270150445878,0.14500000000000002
2025,11,EST.13.14_1,0.15704436397818328,0.17636413429616205
2025,11,EST.13.15_1,0.1568192948105058,0.1733309353901692
2025,11,EST.13.16_1,0.1381570778903955,0.15492343131004505
2025,11,EST.13.17_1,0.1321380535449267,0.20679599054868802
2025,11,EST.13.18_1,0.23630393027775387,0.17080489022253198
2025,11,EST.13.19_1,0.14635168034293164,0.22428306137340348
2025,11,EST.13.1_1,0.20674551932837426,0.1806070636053575
2025,11,EST.13.20_1,0.19044823989910925,0.1659823777246925
2025,11,EST.13.21_1,0.12498818905319856,0.15629101146535518
2025,11,EST.13.22_1,0.040988939538025564,0.22199999999999998
2025,11,EST.13.2_1,0.05925788923003418,0.25197388375191476
2025,11,EST.13.3_1,0.1544465014767759,0.15566595193312327
2025,11,EST.13.4_1,0.04175636740944833,0.23399999999999999
2025,11,EST.13.5_1,0.19236824380799927,0.15513806818942455
2025,11,EST.13.6_1,0.1416054447854615,0.16400174509261833
2025,11,EST.13.7_1,0.084769981624596,0.15370422277785056
2025,11,EST.13.8_1,0.16743753039918394,0.1801922720244471
2025,11,EST.13.9_1,0.13724165115824327,0.1506708499100642
2025,11,EST.14.10_1,0.12097841621856296,0.14280620232000807
2025,11,EST.14.11_1,0.14111883680673673,0.17900281634698711
2025,11,EST.14.12_1,0.042707193501211126,0.25
2025,11,EST.14.13_1,0.04194081241318115,0.237
2025,11,EST.14.1_1,0.134844837331376,0.16009552749916056
2025,11,EST.14.2_1,0.10456521215394815,0.159423592704255
2025,11,EST.14.3_1,0.12464500550878847,0.14040801820160032
2025,11,EST.14.4_1,0.10628812932161676,0.1717068640175493
2025,11,EST.14.5_1,0.13075098662783416,0.16035807483288456
2025,11,EST.14.6_1,0.13169037174732479,0.16180421982921778
2025,11,EST.14.7_1,0.16440320751229764,0.161488612660595
2025,11,EST.14.8_1,0.1551723743054522,0.1688978632565471
2025,11,EST.14.9_1,0.13038287252503622,0.1623488643096841
2025,11,EST.15.10_1,0.11842554083032718,0.14998020775730114
2025,11,EST.15.11_1,0.25208207636681884,0.18012258805048298
2025,11,EST.15.12_1,0.21202679457646637,0.16031279261812148
2025,11,EST.15.13_1,0.16739700337107183,0.1719981394215382
2025,11,EST.15.14_1,0.045282623422316266,0.30200000000000005
2025,11,EST.15.15_1,0.04194081241318115,0.237
2025,11,EST.15.1_1,0.14284033623989195,0.17115973401096662
2025,11,EST.15.2_1,0.17531319057976638,0.1623986949412749
2025,11,EST.15.3_1,0.1609836806111231,0.16324069771912209
2025,11,EST.15.4_1,0.13905556642185085,0.15738660380633307
2025,11,EST.15.5_1,0.14038661114361523,0.17597656476502332
2025,11,EST.15.6_1,0.11577621104190701,0.1813914251162715
2025,11,EST.15.7_1,0.042707193501211126,0.25
2025,11,EST.15.8_1,0.14179892754908618,0.16548194944464079
2025,11,EST.15.9_1,0.18852421299278538,0.17767985339538694
2025,11,EST.16.10_1,0.1555465483647352,0.15750463526698966
2025,11,EST.16.11_1,0.24005657369928166,0.15214129058771209
2025,11,EST.16.12_1,0.23061340362954708,0.17564301193832887
2025,11,EST.16.1_1,0.18669928214332304,0.1745879259120986
2025,11,EST.16.2_1,0.32028580493306313,0.15146930713168083
2025,11,EST.16.3_1,0.2093071957798673,0.15376472785020112
2025,11,EST.16.4_1,0.32264650529687494,0.15806969235572432
2025,11,EST.16.5_1,0.2500729236524992,0.15220211828791141
2025,11,EST.16.6_1,0.1414710148828087,0.1520666875266945
2025,11,EST.16.7_1,0.36134220338107437,0.15755630634690876
2025,11,EST.16.8_1,0.20611221351098608,0.15849213383979388
2025,11,EST.16.9_1,0.12986979707584723,0.15770937448303113
2025,11,EST.2.1_1,0.20636427009445713,0.20376224228561912
2025,11,EST.2.2_1,0.23654606321417276,0.2393996869409144
2025,11,EST.2.3_1,0.04619489279993376,0.32499999999999996
2025,11,EST.2.4_1,0.23229162434476563,0.2966649013641546
2025,11,EST.2.5_1,0.24769626358030458,0.2619239505387986
2025,11,EST.3.10_1,0.15236014592353736,0.22670745807958403
2025,11,EST.3.11_1,0.11206536839755186,0.1908481330877131
2025,11,EST.3.12_1,0.13604317779303268,0.19948176373453075
2025,11,EST.3.13_1,0.16188899521089914,0.16400386020259483
2025,11,EST.3.14_1,0.18417554977967115,0.1760700533086802
2025,11,EST.3.15_1,0.04265009852573865,0.249
2025,11,EST.3.16_1,0.04065473594768187,0.21700000000000008
2025,11,EST.3.17_1,0.042592698632283446,0.2480000000000001
2025,11,EST.3.18_1,0.04358020260831933,0.266
2025,11,EST.3.19_1,0.12367271767149889,0.2173939674002301
2025,11,EST.3.1_1,0.10453339174461815,0.22139775994757283
2025,11,EST.3.20_1,0.1276397344866432,0.20963452336673372
2025,11,EST.3.21_1,0.11063613150089639,0.16024345483660607
2025,11,EST.3.22_1,0.1718828948789403,0.1936189694742998
2025,11,EST.3.2_1,0.11045754710084665,0.18318572569595126
2025,11,EST.3.3_1,0.15166436650742537,0.1696794376112497
2025,11,EST.3.4_1,0.15443985663689205,0.1780127172128254
2025,11,EST.3.5_1,0.1594309050704936,0.18196995543339167
2025,11,EST.3.6_1,0.15048172796089174,0.2781587985241637
2025,11,EST.3.7_1,0.04112020456396412,0.22399999999999998
2025,11,EST.3.8_1,0.1011162531761318,0.25254876188003617
2025,11,EST.3.9_1,0.05693409783082499,0.22352270590704904
2025,11,EST.4.10_1,0.13025078833057716,0.17548930835533827
2025,11,EST.4.11_1,0.22605664796315525,0.1847913519008766
2025,11,EST.4.12_1,0.1254793647136697,0.20421343459257224
2025,11,EST.4.1_1,0.14194380658151462,0.16538121055224464
2025,11,EST.4.2_1,0.195042999942341,0.18770309562244392
2025,11,EST.4.3_1,0.11954645938709942,0.15390319876224878
2025,11,EST.4.4_1,0.11170756386123634,0.16437986587330433
2025,11,EST.4.5_1,0.12481611123747952,0.17276632023224947
2025,11,EST.4.6_1,0.18619675503427108,0.17162418358991927
2025,11,EST.4.7_1,0.12778711674561288,0.1496374806536771
2025,11,EST.4.8_1,0.04206217012242035,0.23899999999999988
2025,11,EST.4.9_1,0.19189858546542418,0.17788388962919155
2025,11,EST.5.10_1,0.1275199134203025,0.1653911997294113
2025,11,EST.5.11_1,0.1590467568036185,0.14690628572411613
2025,11,EST.5.12_1,0.1712858696956298,0.1513252332076902
2025,11,EST.5.13_1,0.1825312711316218,0.1813887319300721
2025,11,EST.5.1_1,0.22843275782318087,0.17889601140284805
2025,11,EST.5.2_1,0.05881589455324921,0.24727228807431567
2025,11,EST.5.3_1,0.11077680721384564,0.21681594765887902
2025,11,EST.5.4_1,0.04265009852573865,0.249
2025,11,EST.5.5_1,0.1680655638352777,0.16081482709441686
2025,11,EST.5.6_1,0.16837617459854606,0.16118674952135303
2025,11,EST.5.7_1,0.18132673038210645,0.16809094405832847
2025,11,EST.5.8_1,0.2028263253894304,0.19296620069740666
2025,11,EST.5.9_1,0.04466184267754451,0.28800000000000003
2025,11,EST.6.10_1,0.12630482382112543,0.1784639589564122
2025,11,EST.6.11_1,0.21685865651960795,0.17745209005505014
2025,11,EST.6.12_1,0.26900793475637236,0.18560967164073927
2025,11,EST.6.13_1,0.22981668468120942,0.1617514156017975
2025,11,EST.6.14_1,0.21837047370626955,0.18658588843050494
2025,11,EST.6.1_1,0.16933971822414334,0.17390321495586292
2025,11,EST.6.2_1,0.22639951876937975,0.17776574147349333
2025,11,EST.6.3_1,0.04078946142947053,0.21899999999999997
2025,11,EST.6.4_1,0.14891083249930004,0.1508639235717878
2025,11,EST.6.5_1,0.1323653686218174,0.16526043173873306
2025,11,EST.6.6_1,0.19707474028467573,0.1665526613125482
2025,11,EST.6.7_1,0.16323905791683452,0.1818817450375656
2025,11,EST.6.8_1,0.19974461971514737,0.17225847566093788
2025,11,EST.6.9_1,0.20213933822171326,0.17068818313714262
2025,11,EST.7.10_1,0.08774198881126552,0.2199538685188719
2025,11,EST.7.11_1,0.1627181809723571,0.22569922655405827
2025,11,EST.7.12_1,0.15077104748783648,0.2169976628807585
2025,11,EST.7.1_1,0.04565519501338059,0.31099999999999994
2025,11,EST.7.2_1,0.2035532906699436,0.208723381420025
2025,11,EST.7.3_1,0.1421955360090079,0.1996986372428241
2025,11,EST.7.4_1,0.19568093680915158,0.20703108439781637
2025,11,EST.7.5_1,0.22101220901132182,0.19879230328910058
2025,11,EST.7.6_1,0.1761007980234418,0.22384791797762704
2025,11,EST.7.7_1,0.10830692466201951,0.20085158935967262
2025,11,EST.7.8_1,0.14611719794272623,0.1949891449665454
2025,11,EST.7.9_1,0.26318398231599316,0.23072084186870545
2025,11,EST.8.10_1,0.04433206913731389,0.281
2025,11,EST.8.11_1,0.1771770019260621,0.16661889144542086
2025,11,EST.8.12_1,0.12801467301201352,0.21135304234352958
2025,11,EST.8.13_1,0.0436322907628802,0.267
2025,11,EST.8.14_1,0.12073606853759837,0.17773609105493182
2025,11,EST.8.15_1,0.08002904169471696,0.1671304461040879
2025,11,EST.8.16_1,0.1658687284819413,0.16493126056282947
2025,11,EST.8.17_1,0.15515049455146715,0.17896919605230754
2025,11,EST.8.18_1,0.04549212269146771,0.30699999999999994
2025,11,EST.8.19_1,0.2224921984596852,0.1891448414508976
2025,11,EST.8.1_1,0.1281725153156539,0.18673319215053352
2025,11,EST.8.20_1,0.2400800548507923,0.2008386086393409
2025,11,EST.8.2_1,0.17209552739494718,0.19481574364867416
2025,11,EST.8.3_1,0.16379011419951006,0.17067508538313392
2025,11,EST.8.4_1,0.24111566171206625,0.17693190342384169
2025,11,EST.8.5_1,0.10191302573878763,0.20585615707952054
2025,11,EST.8.7_1,0.2430921665282857,0.19276094584710513
2025,11,EST.8.8_1,0.042241825923508114,0.24199999999999988
2025,11,EST.8.9_1,0.0941658656195937,0.2088440688343266
2025,11,EST.9.1_1,0.04194081241318115,0.237
2025,11,FIN.1.1_1,0.1572887789176514,0.17397777846650064
2025,11,FIN.1.2_1,0.17406627804141023,0.1668916896309146
2025,11,FIN.1.3_1,0.08316765133455538,0.29775127087922504
2025,11,FIN.1.4_1,0.18967000127061434,0.19837874375413855
2025,11,FIN.2.1_1,0.11285991423233707,0.06934001583390448
2025,11,FIN.3.1_1,0.09766317514217443,0.11621979222852163
2025,11,FIN.3.2_1,0.20643041693528175,0.13022427783629875
2025,11,FIN.4.1_1,0.13400712510437338,0.23767386171842653
2025,11,FIN.4.2_1,0.14713055640120767,0.25775421895721273
2025,11,FIN.4.3_1,0.05415945709102166,0.19347123341148043
2025,11,FIN.4.4_1,0.14255399332728982,0.2019917500786662
2025,11,FIN.4.5_1,0.20732387908511388,0.28680510108483126
2025,11,FIN.5.1_1,0.19679568681415996,0.17148484748506188
2025,11,FIN.5.2_1,0.12085287623566403,0.15868781923555642
2025,11,FIN.5.3_1,0.29296673218281377,0.2434599320402504
2025,11,FIN.5.4_1,0.16151563217505813,0.20720192885419197
2025,11,FIN.5.5_1,0.09849089965370816,0.23291891092566297
2025,11,FIN.5.6_1,0.23372387654606466,0.22400491251374266
2025,11,FIN.5.7_1,0.203638527363846,0.21791889253684527
2025,11,FIN.5.8_1,0.18878030099248122,0.17608417477776694
2025,11,FIN.5.9_1,0.1618219538263696,0.21780059662032636
2025,11,FRA.1.10_1,0.32218134679997934,0.3347765907445358
2025,11,FRA.1.11_1,0.30858391714358646,0.6855093824719676
2025,11,FRA.1.12_1,0.2011298017322187,0.16077601989183055
2025,11,FRA.1.1_1,0.278605792211453,0.30036405192142046
2025,11,FRA.1.2_1,0.2780537471728919,0.39331960482246786
2025,11,FRA.1.3_1,0.2504899192077977,0.29720799383096463
2025,11,FRA.1.4_1,0.21734583250026265,0.27288279605406285
2025,11,FRA.1.5_1,0.25614744105372006,0.3055996902021576
2025,11,FRA.1.6_1,0.254220690726238,0.2574599820974106
2025,11,FRA.1.7_1,0.2214957609747859,0.20474762713532102
2025,11,FRA.1.8_1,0.2998121880081758,0.26548527255298127
2025,11,FRA.1.9_1,0.26476804900472295,0.3353159958837638
2025,11,FRA.10.10_1,0.3095306922522083,0.803718278072201
2025,11,FRA.10.11_1,0.33910116922071104,0.7964499827275853
2025,11,FRA.10.12_1,0.30474092916434525,0.7707476688845789
2025,11,FRA.10.1_1,0.30847440257918485,0.8396391485694082
2025,11,FRA.10.2_1,0.2844916158427364,0.779150504134593
2025,11,FRA.10.3_1,0.2903737932981648,0.6247344545445278
2025,11,FRA.10.4_1,0.25901608308282104,0.5882236911651048
2025,11,FRA.10.5_1,0.2870552926396009,0.796901558612293
2025,11,FRA.10.6_1,0.3432616795588565,0.7454707791849164
2025,11,FRA.10.7_1,0.3375194435710875,0.8880731347814321
2025,11,FRA.10.8_1,0.28090394345424374,0.69787660549873
2025,11,FRA.10.9_1,0.2740302802944874,0.8029253457626029
2025,11,FRA.11.10_1,0.19709475450318292,0.2098338333020131
2025,11,FRA.11.11_1,0.22196603296024728,0.4493172469775636
2025,11,FRA.11.12_1,0.25007247631804363,0.4399911029243384
2025,11,FRA.11.13_1,0.31859344991239674,0.4073569805979872
2025,11,FRA.11.1_1,0.19134851172702766,0.25497123421287105
2025,11,FRA.11.2_1,0.2719216701793383,0.3992015567270186
2025,11,FRA.11.3_1,0.29966262663674575,0.3019659652104967
2025,11,FRA.11.4_1,0.29582337130188047,0.3721046762262795
2025,11,FRA.11.5_1,0.2652418606778506,0.4155117006358815
2025,11,FRA.11.6_1,0.30927579633012015,0.441282568900056
2025,11,FRA.11.7_1,0.23223715796404212,0.3031499102205667
2025,11,FRA.11.8_1,0.30222663125183774,0.4526179613445822
2025,11,FRA.11.9_1,0.2611662269452923,0.36390700150824495
2025,11,FRA.12.1_1,0.3331884919635274,0.5088768836698823
2025,11,FRA.12.2_1,0.30688785820197956,0.4479397534467875
2025,11,FRA.12.3_1,0.26456000238012495,0.41477931125909806
2025,11,FRA.12.4_1,0.2834423463763828,0.40137320148733857
2025,11,FRA.12.5_1,0.2663415807247137,0.46782379781260985
2025,11,FRA.13.1_1,0.18743445910593928,0.1450336467420511
2025,11,FRA.13.2_1,0.27042554637828203,0.5122205081069022
2025,11,FRA.13.3_1,0.32726597896329945,0.6921226524233544
2025,11,FRA.13.4_1,0.13322552650771843,0.07891881696575698
2025,11,FRA.13.5_1,0.2649676538564072,0.4580207222803483
2025,11,FRA.13.6_1,0.21835361246556814,0.32805104624998316
2025,11,FRA.2.1_1,0.2731169066884104,0.29821553325505523
2025,11,FRA.2.2_1,0.2354797247728146,0.2523255436200429
2025,11,FRA.2.3_1,0.2546317342428202,0.2787378458573826
2025,11,FRA.2.4_1,0.252812157009548,0.2760536814860164
2025,11,FRA.2.5_1,0.26147602599099834,0.3644288694601473
2025,11,FRA.2.6_1,0.3458832443694699,0.3558387650386712
2025,11,FRA.2.7_1,0.1407139745863108,0.27641264238026164
2025,11,FRA.2.8_1,0.3004483166387791,0.35904124254652614
2025,11,FRA.3.1_1,0.3413801518272426,0.46395060324333015
2025,11,FRA.3.2_1,0.3268348528713488,0.48818985382595814
2025,11,FRA.3.3_1,0.3285024146966879,0.45165816605901743
2025,11,FRA.3.4_1,0.29397246328457854,0.4609254621223282
2025,11,FRA.4.1_1,0.252343089468848,0.3578370067893093
2025,11,FRA.4.2_1,0.2554530746550493,0.3751212986009279
2025,11,FRA.4.3_1,0.2565722316613354,0.41860881124464155
2025,11,FRA.4.4_1,0.23454952416415392,0.39537270524907964
2025,11,FRA.4.5_1,0.25834539283572283,0.39651793071013086
2025,11,FRA.4.6_1,0.27803207361159776,0.4025632478402037
2025,11,FRA.5.1_1,0.1961179302923663,0.46125540507958906
2025,11,FRA.5.2_1,0.24185244186255173,0.4889369443478132
2025,11,FRA.6.10_1,0.2541894271496167,0.3277247120828718
2025,11,FRA.6.1_1,0.2948612683739338,0.44496041956457955
2025,11,FRA.6.2_1,0.2686290120940462,0.4825310726594293
2025,11,FRA.6.3_1,0.27080091351920743,0.373410971939929
2025,11,FRA.6.4_1,0.24183782117287236,0.3479776914480892
2025,11,FRA.6.5_1,0.26363706434709444,0.3794067450420573
2025,11,FRA.6.6_1,0.3054375485085066,0.4699488593416582
2025,11,FRA.6.7_1,0.29939133692751996,0.3988170174864889
2025,11,FRA.6.8_1,0.26655933082760486,0.39445471045654246
2025,11,FRA.6.9_1,0.3210055396953034,0.39690736592888487
2025,11,FRA.7.1_1,0.3071704197202178,0.3918733708858688
2025,11,FRA.7.2_1,0.4391939119825476,0.520956889350932
2025,11,FRA.7.3_1,0.2984749260490102,0.38099751882154576
2025,11,FRA.7.4_1,0.43255116205194494,0.467564881040445
2025,11,FRA.7.5_1,0.31921960803952193,0.40029597607153
2025,11,FRA.8.1_1,0.28993583721729105,0.9261814774615963
2025,11,FRA.8.2_1,0.1847235760846679,0.9990310644151398
2025,11,FRA.8.3_1,0.15247263186593354,0.9970031232841591
2025,11,FRA.8.4_1,0.32473038714021,0.7449719696762811
2025,11,FRA.8.5_1,0.1958441941119483,0.9982388217082844
2025,11,FRA.8.6_1,0.27666894735558867,0.9002828139507199
2025,11,FRA.8.7_1,0.2141928302084055,0.9974600517931337
2025,11,FRA.8.8_1,0.2978014954502023,0.8318440104444363
2025,11,FRA.9.1_1,0.33368989184347553,0.47199917872394215
2025,11,FRA.9.2_1,0.32035953791498933,0.40491842627302255
2025,11,FRA.9.3_1,0.3531771324721242,0.4569725494330362
2025,11,FRA.9.4_1,0.3038600861145375,0.3996384087995235
2025,11,FRA.9.5_1,0.3460336308744863,0.4726453536130608
2025,11,FRO.1.1_1,0.0407222738416092,0.21799999999999986
2025,11,FRO.1.2_1,0.04105474298308412,0.22299999999999998
2025,11,FRO.1.3_1,0.04112020456396412,0.22399999999999998
2025,11,FRO.1.5_1,0.039451215462812286,0.19999999999999996
2025,11,FRO.1.6_1,0.03915222580685154,0.19599999999999995
2025,11,FRO.1.7_1,0.04024205274664436,0.21099999999999997
2025,11,FRO.2.2_1,0.04358020260831933,0.266
2025,11,FRO.2.3_1,0.037134340659731674,0.17100000000000004
2025,11,FRO.2.4_1,0.0421822562817251,0.241
2025,11,FRO.2.5_1,0.03482617355271239,0.14600000000000002
2025,11,FRO.2.6_1,0.03452699853931322,0.14300000000000002
2025,11,FRO.3.1_1,0.03651955353286177,0.16400000000000003
2025,11,FRO.3.3_1,0.03704792626203052,0.17000000000000004
2025,11,FRO.4.1_1,0.04024205274664436,0.21099999999999997
2025,11,FRO.4.2_1,0.04187965327748944,0.236
2025,11,FRO.4.3_1,0.042301081720291366,0.243
2025,11,FRO.6.1_1,0.04065473594768187,0.21700000000000008
2025,11,FRO.6.2_1,0.039959694850211,0.20699999999999996
2025,11,GBR.1.100_1,0.09552536697403888,0.9999999691011962
2025,11,GBR.1.101_1,0.1148924791384737,0.9999999868820248
2025,11,GBR.1.102_1,0.09454324514340356,0.9999993288875243
2025,11,GBR.1.103_1,0.054094040149238444,0.9999999112986716
2025,11,GBR.1.104_1,0.0840397126586358,0.9999999977884165
2025,11,GBR.1.105_1,0.10360545678437261,0.9999990184628399
2025,11,GBR.1.106_1,0.08904014569202155,0.9999999999497036
2025,11,GBR.1.107_1,0.11128477429838164,0.9999998811167883
2025,11,GBR.1.108_1,0.26023001925350886,0.9999998565000902
2025,11,GBR.1.109_1,0.12971259527097814,0.9999938154310862
2025,11,GBR.1.10_1,0.13056888458980728,0.999999895591416
2025,11,GBR.1.110_1,0.2300588801121776,0.9999999965695958
2025,11,GBR.1.111_1,0.12645022332024883,0.999984149491206
2025,11,GBR.1.112_1,0.24733528862694112,0.9999999025351615
2025,11,GBR.1.113_1,0.10257851822124042,0.9999991765867312
2025,11,GBR.1.114_1,0.09408086163945367,0.9999999499732654
2025,11,GBR.1.115_1,0.11929663670143499,0.9999999863285508
2025,11,GBR.1.116_1,0.05853405834270506,0.9999999997184852
2025,11,GBR.1.117_1,0.26530467586648426,0.9999999869782891
2025,11,GBR.1.118_1,0.11242925889276952,0.9999930382077911
2025,11,GBR.1.11_1,0.05409925483856466,0.9999636151840976
2025,11,GBR.1.12_1,0.08583439035799444,0.9999999999999876
2025,11,GBR.1.13_1,0.2516931700486303,0.999999581810922
2025,11,GBR.1.14_1,0.10164068009252793,0.9999790061781015
2025,11,GBR.1.15_1,0.11884318517138692,0.9998337568052228
2025,11,GBR.1.16_1,0.29026682519822306,0.9999999917426926
2025,11,GBR.1.17_1,0.14693568655464187,0.9999940661901487
2025,11,GBR.1.18_1,0.18868350640778528,0.9999985429256742
2025,11,GBR.1.19_1,0.14974909831449668,0.9999989078160836
2025,11,GBR.1.1_1,0.12867931828249024,0.9999516739240856
2025,11,GBR.1.20_1,0.2518881906486744,0.9999999074477571
2025,11,GBR.1.21_1,0.06641981492034263,0.9999999977040663
2025,11,GBR.1.22_1,0.34291048619656683,0.9999814189393202
2025,11,GBR.1.23_1,0.09507287630603196,0.9999998565311647
2025,11,GBR.1.24_1,0.06989813006846095,0.9999999363677995
2025,11,GBR.1.25_1,0.347705523349059,0.9999988938604472
2025,11,GBR.1.26_1,0.34654095087783976,0.9999998270195685
2025,11,GBR.1.27_1,0.12394495795319367,0.9999575624980654
2025,11,GBR.1.28_1,0.21817231084179217,0.9999994632563861
2025,11,GBR.1.29_1,0.07434774934632035,0.9999999998543863
2025,11,GBR.1.2_1,0.13594733006132076,0.9999999845729334
2025,11,GBR.1.30_1,0.23233912803391704,0.9999191081862627
2025,11,GBR.1.31_1,0.1401886465461285,0.999962012761784
2025,11,GBR.1.32_1,0.22197804047390518,0.9999999801723428
2025,11,GBR.1.33_1,0.3507759959393611,0.9999999995514279
2025,11,GBR.1.34_1,0.11140594709407409,0.9999978242357269
2025,11,GBR.1.35_1,0.29634146236362974,0.9999999830291569
2025,11,GBR.1.36_1,0.34260694798088415,1
2025,11,GBR.1.37_1,0.07788693118553458,0.9999999991577433
2025,11,GBR.1.38_1,0.33774784106287714,0.9999999944844647
2025,11,GBR.1.39_1,0.06662402489829503,0.9999994944660142
2025,11,GBR.1.3_1,0.11225656015365056,0.9999998806982284
2025,11,GBR.1.40_1,0.1968193867777661,0.9999977013182354
2025,11,GBR.1.41_1,0.3122297184967846,0.9999999946684636
2025,11,GBR.1.42_1,0.10633964260067473,0.9999714648699751
2025,11,GBR.1.44_1,0.3551300268641888,0.9999999860556851
2025,11,GBR.1.45_1,0.0712560106251492,0.999999999972069
2025,11,GBR.1.46_1,0.11796404079422178,0.9999943522224345
2025,11,GBR.1.47_1,0.07518115925797393,0.9999999918056361
2025,11,GBR.1.48_1,0.38449296824257484,0.999999992411582
2025,11,GBR.1.49_1,0.13199571374009023,0.9999999677814978
2025,11,GBR.1.4_1,0.12083311423959141,1
2025,11,GBR.1.50_1,0.07290733785573149,0.9999999999365832
2025,11,GBR.1.51_1,0.30234392674568866,0.9999999534789988
2025,11,GBR.1.52_1,0.3200107660102879,0.999999942043139
2025,11,GBR.1.53_1,0.07389182114604047,0.9999999993312795
2025,11,GBR.1.54_1,0.07503902229375296,0.9999999999999963
2025,11,GBR.1.55_1,0.08147726684081365,0.9999999984039796
2025,11,GBR.1.56_1,0.07271936988398287,0.9999999992877725
2025,11,GBR.1.57_1,0.07865473231824971,0.9999999988812571
2025,11,GBR.1.58_1,0.09683143921266395,0.9999999999795515
2025,11,GBR.1.59_1,0.3180325300481701,0.999999825957334
2025,11,GBR.1.5_1,0.08972972765892415,0.9999997732849576
2025,11,GBR.1.60_1,0.10950537486418105,0.9999717079183668
2025,11,GBR.1.61_1,0.1153341794228501,0.9999999386573697
2025,11,GBR.1.62_1,0.07772921968093244,0.9999999992043682
2025,11,GBR.1.63_1,0.36770953457393984,0.9999860683566106
2025,11,GBR.1.64_1,0.2694553033890404,0.999999999493718
2025,11,GBR.1.65_1,0.22670432947378671,0.9999505504692783
2025,11,GBR.1.66_1,0.06955290963727755,0.99999999999989
2025,11,GBR.1.67_1,0.3072072474614759,0.9999999967183141
2025,11,GBR.1.68_1,0.09653065294107377,0.9999999002379224
2025,11,GBR.1.69_1,0.2573316666994997,0.9999999134972826
2025,11,GBR.1.6_1,0.059766963878610524,0.9999999999501855
2025,11,GBR.1.70_1,0.09352793472199897,0.9999999891639366
2025,11,GBR.1.71_1,0.06572432189413895,0.9999999999917031
2025,11,GBR.1.72_1,0.06526307568599896,0.9999999998834508
2025,11,GBR.1.73_1,0.03564813553791027,0.9980680567380755
2025,11,GBR.1.74_1,0.07129115448333113,0.9999998854035523
2025,11,GBR.1.75_1,0.11955683360621337,0.9999998818925887
2025,11,GBR.1.76_1,0.11141721025205235,0.9999975655422603
2025,11,GBR.1.77_1,0.11066900991700711,0.999978285637148
2025,11,GBR.1.78_1,0.09899961025889548,0.9999099581201752
2025,11,GBR.1.79_1,0.0893173143857553,0.9999990940401405
2025,11,GBR.1.7_1,0.10114977368692474,0.9999999525590103
2025,11,GBR.1.80_1,0.07876670062883442,0.9999999980942945
2025,11,GBR.1.81_1,0.06616684538725108,0.9999999999999257
2025,11,GBR.1.82_1,0.11602439148358151,0.9999999999999998
2025,11,GBR.1.83_1,0.11705694020200719,0.9999999908876913
2025,11,GBR.1.84_1,0.22415616831710652,0.9999916474311129
2025,11,GBR.1.85_1,0.0674354744509372,0.9999999992980334
2025,11,GBR.1.86_1,0.07462552227866133,0.9999991440509384
2025,11,GBR.1.87_1,0.28153226357327865,0.9999999555512994
2025,11,GBR.1.88_1,0.12223695070998594,0.9999999878460222
2025,11,GBR.1.89_1,0.0869980928041617,0.9999999535769809
2025,11,GBR.1.8_1,0.0502355696753924,0.9999999999826797
2025,11,GBR.1.90_1,0.06947874566801997,0.9999999989101224
2025,11,GBR.1.91_1,0.05839246353829674,0.9999999995814488
2025,11,GBR.1.92_1,0.33415445861511117,0.9999996822087681
2025,11,GBR.1.93_1,0.08184029608607263,0.9999999999932256
2025,11,GBR.1.94_1,0.10931502189509386,0.9999999338301818
2025,11,GBR.1.95_1,0.1283952974747766,0.9999999987887253
2025,11,GBR.1.96_1,0.3172070005255828,0.9999999803925657
2025,11,GBR.1.97_1,0.1014729628012256,0.9999999888711898
2025,11,GBR.1.98_1,0.3126530759977825,0.99999999992423
2025,11,GBR.1.99_1,0.08196702097268115,0.9999999701132999
2025,11,GBR.1.9_1,0.08508667818399043,0.9999999649600363
2025,11,GBR.2.10_1,0.29791800270140345,0.4331049713900812
2025,11,GBR.2.11_1,0.27871603161761305,0.5717779393654765
2025,11,GBR.2.1_1,0.29986012207565593,0.5378339964086638
2025,11,GBR.2.2_1,0.3054375166607833,0.49459103047943054
2025,11,GBR.2.3_1,0.3261510983999561,0.7630691932692861
2025,11,GBR.2.4_1,0.282541117938133,0.37648178250347264
2025,11,GBR.2.5_1,0.29368046623130767,0.5991695033512727
2025,11,GBR.2.6_1,0.2846721464453094,0.38310618265043883
2025,11,GBR.2.7_1,0.351267342419519,0.586928143271284
2025,11,GBR.2.8_1,0.2958105303039649,0.5214184015219784
2025,11,GBR.2.9_1,0.28722215537191564,0.3851884906012021
2025,11,GBR.3.10_1,0.10751908390784043,0.30684548362796316
2025,11,GBR.3.11_1,0.10068734503539431,0.37649972266876275
2025,11,GBR.3.12_1,0.18333671078992433,0.6640066825289163
2025,11,GBR.3.13_1,0.12305301462494765,0.2984901246198387
2025,11,GBR.3.14_1,0.13655029690392229,0.3635971427721546
2025,11,GBR.3.15_1,0.2129752774487166,0.37775334473902067
2025,11,GBR.3.16_1,0.22839466361339816,0.7307896424188534
2025,11,GBR.3.17_1,0.1961237086313983,0.3343064512226279
2025,11,GBR.3.18_1,0.12418507751870234,0.5258297858676588
2025,11,GBR.3.19_1,0.10762605932460463,0.30816843965182616
2025,11,GBR.3.1_1,0.16905815391039516,0.6138793209237755
2025,11,GBR.3.20_1,0.12154380235093608,0.2963673645032303
2025,11,GBR.3.21_1,0.15175131307835185,0.37576748613108
2025,11,GBR.3.22_1,0.21043206769716613,0.3895100203009113
2025,11,GBR.3.23_1,0.08296212833922123,0.25009985870881835
2025,11,GBR.3.24_1,0.14506109193360156,0.285679446306938
2025,11,GBR.3.25_1,0.16148768475081934,0.4303307527912742
2025,11,GBR.3.26_1,0.13923694372744685,0.266078287483845
2025,11,GBR.3.27_1,0.10505738123444334,0.28150581051693313
2025,11,GBR.3.28_1,0.13128310761840553,0.4522955747415086
2025,11,GBR.3.29_1,0.20494187356415663,0.4858621240345835
2025,11,GBR.3.2_1,0.18479765344396112,0.2784688292445723
2025,11,GBR.3.30_1,0.1152186576709546,0.3133637754862467
2025,11,GBR.3.31_1,0.11104785739599483,0.3647927802287604
2025,11,GBR.3.32_1,0.13528725770441177,0.34681075831007346
2025,11,GBR.3.3_1,0.12256767117891734,0.30437643103509104
2025,11,GBR.3.4_1,0.1278319451052353,0.2784240562138264
2025,11,GBR.3.5_1,0.10127202699413017,0.37656768817115116
2025,11,GBR.3.6_1,0.1551453846516013,0.35039412597951647
2025,11,GBR.3.7_1,0.1346219619215514,0.7225625175478285
2025,11,GBR.3.8_1,0.13686029082608528,0.3746771576776773
2025,11,GBR.3.9_1,0.1214505684041523,0.38009911160168586
2025,11,GBR.4.10_1,0.32953131751198433,0.48036323632021416
2025,11,GBR.4.11_1,0.3793656064082879,0.41857534854131895
2025,11,GBR.4.12_1,0.17612570868695307,0.5293233861512636
2025,11,GBR.4.13_1,0.27973490371025594,0.466990387919371
2025,11,GBR.4.14_1,0.29907799329748064,0.49143932273548774
2025,11,GBR.4.15_1,0.20916098176541675,0.676355722599771
2025,11,GBR.4.16_1,0.37242144600210575,0.5298582405113872
2025,11,GBR.4.17_1,0.380141518549702,0.359228270887919
2025,11,GBR.4.18_1,0.3331444335601023,0.463019094326094
2025,11,GBR.4.19_1,0.29539221068389004,0.6037550170802989
2025,11,GBR.4.1_1,0.14073561046381533,0.4024596101285016
2025,11,GBR.4.20_1,0.2522205520495578,0.5573664928597224
2025,11,GBR.4.21_1,0.23514641242253728,0.6223441652673851
2025,11,GBR.4.22_1,0.3344657550723059,0.5613022208093152
2025,11,GBR.4.2_1,0.18501799886011774,0.5135838420377868
2025,11,GBR.4.3_1,0.27183479913659975,0.5579296165498682
2025,11,GBR.4.4_1,0.26416245618037787,0.4769639142037597
2025,11,GBR.4.5_1,0.2334541717117713,0.7958908663782047
2025,11,GBR.4.6_1,0.3506715996234374,0.48440015131358327
2025,11,GBR.4.7_1,0.2688499750123611,0.4186448556744301
2025,11,GBR.4.8_1,0.18682001658418565,0.3960466358150876
2025,11,GBR.4.9_1,0.25536056313427263,0.45745207773329744
2025,11,GEO.10.1_1,0.03678587857708836,0.16700000000000004
2025,11,GEO.10.2_1,0.03134510170509333,0.1140000000000001
2025,11,GEO.10.3_1,0.036961046649421084,0.16900000000000004
2025,11,GEO.10.4_1,0.033277135321004285,0.131
2025,11,GEO.10.6_1,0.034324682991112576,0.14100000000000001
2025,11,GEO.2.1_1,0.04658585548256223,0.3360000000000001
2025,11,GEO.2.2_1,0.04894564855028953,0.43900000000000006
2025,11,GEO.2.3_1,0.04447501240536936,0.28400000000000003
2025,11,GEO.2.5_1,0.045614801468342216,0.31000000000000005
2025,11,GRC.1.1_1,0.06000987330335775,0.08330116487034311
2025,11,GRC.1.2_1,0.1176312929390628,0.10406797696382641
2025,11,GRC.2.1_1,0.04751005884784409,0.366
2025,11,GRC.3.1_1,0.2740739569371528,0.9993429170057698
2025,11,GRC.4.1_1,0.23078600671251884,0.77034874687028565
2025,11,GRC.5.1_1,0.20211058286529934,0.4996708315793599
2025,11,GRC.5.2_1,0.15281888660128343,0.3226057289923736
2025,11,GRC.6.1_1,0.29439470025282594,0.6829346534684051
2025,11,GRC.6.2_1,0.22856440968009809,0.5772715807989841
2025,11,GRC.7.1_1,0.1177404407144387,0.46980773458449776
2025,11,GRC.7.2_1,0.2236800420547225,0.3461827385427394
2025,11,GRC.7.3_1,0.19777973819344957,0.3733848283152661
2025,11,GRC.8.1_1,0.22411665273981762,0.3559543118696442
2025,11,GRC.8.2_1,0.20934098016323818,0.3044984149795176
2025,11,HRV.1.10_1,0.04293254845601885,0.254
2025,11,HRV.1.11_1,0.04247697914036585,0.24599999999999989
2025,11,HRV.1.12_1,0.04293254845601885,0.254
2025,11,HRV.1.13_1,0.043315453887845745,0.261
2025,11,HRV.1.14_1,0.04187965327748944,0.236
2025,11,HRV.1.15_1,0.0430984216041852,0.257
2025,11,HRV.1.16_1,0.04368409413128377,0.268
2025,11,HRV.1.17_1,0.04194081241318115,0.237
2025,11,HRV.1.18_1,0.042301081720291366,0.243
2025,11,HRV.1.19_1,0.042418657032918014,0.245
2025,11,HRV.1.1_1,0.042418657032918014,0.245
2025,11,HRV.1.20_1,0.0430984216041852,0.257
2025,11,HRV.1.21_1,0.04253499258640828,0.247
2025,11,HRV.1.22_1,0.04253499258640828,0.247
2025,11,HRV.1.23_1,0.03837682760954864,0.18599999999999994
2025,11,HRV.1.2_1,0.042707193501211126,0.25
2025,11,HRV.1.3_1,0.042820473570468434,0.252
2025,11,HRV.1.4_1,0.04393887424186332,0.273
2025,11,HRV.1.5_1,0.042301081720291366,0.243
2025,11,HRV.1.6_1,0.04253499258640828,0.247
2025,11,HRV.1.7_1,0.04304342757190176,0.256
2025,11,HRV.1.8_1,0.042707193501211126,0.25
2025,11,HRV.1.9_1,0.043261635172466846,0.26
2025,11,HRV.10.10_1,0.04194081241318115,0.237
2025,11,HRV.10.11_1,0.0415689980366121,0.23099999999999998
2025,11,HRV.10.12_1,0.042360024989151694,0.2440000000000001
2025,11,HRV.10.13_1,0.04206217012242035,0.23899999999999988
2025,11,HRV.10.14_1,0.04456896195634114,0.28600000000000003
2025,11,HRV.10.15_1,0.043261635172466846,0.26
2025,11,HRV.10.16_1,0.043261635172466846,0.26
2025,11,HRV.10.17_1,0.0475644900783197,0.368
2025,11,HRV.10.18_1,0.04131455432928723,0.22699999999999998
2025,11,HRV.10.19_1,0.04378685054716181,0.27
2025,11,HRV.10.1_1,0.04298813690453435,0.255
2025,11,HRV.10.20_1,0.04493413776069529,0.29400000000000004
2025,11,HRV.10.21_1,0.04265009852573865,0.249
2025,11,HRV.10.22_1,0.04388847982885752,0.272
2025,11,HRV.10.23_1,0.04358020260831933,0.266
2025,11,HRV.10.24_1,0.0430984216041852,0.257
2025,11,HRV.10.25_1,0.043527828645221735,0.265
2025,11,HRV.10.2_1,0.0441866822098382,0.278
2025,11,HRV.10.4_1,0.04200165089770341,0.238
2025,11,HRV.10.5_1,0.04276398478000556,0.251
2025,11,HRV.10.6_1,0.04358020260831933,0.266
2025,11,HRV.10.7_1,0.04393887424186332,0.273
2025,11,HRV.10.8_1,0.043261635172466846,0.26
2025,11,HRV.10.9_1,0.04320752428803497,0.259
2025,11,HRV.10_1,0.040988939538025564,0.22199999999999998
2025,11,HRV.11.10_1,0.03193462580160344,0.119
2025,11,HRV.11.11_1,0.03502281513837547,0.14800000000000002
2025,11,HRV.11.12_1,0.03482617355271239,0.14600000000000002
2025,11,HRV.11.13_1,0.03482617355271239,0.14600000000000002
2025,11,HRV.11.14_1,0.033808563797603636,0.136
2025,11,HRV.11.15_1,0.0347270150445878,0.14500000000000002
2025,11,HRV.11.16_1,0.03597368984246114,0.15800000000000003
2025,11,HRV.11.17_1,0.032729651843363065,0.126
2025,11,HRV.11.18_1,0.03597368984246114,0.15800000000000003
2025,11,HRV.11.19_1,0.035504861044643454,0.15300000000000002
2025,11,HRV.11.1_1,0.0362488568505361,0.16100000000000003
2025,11,HRV.11.20_1,0.03391298971328568,0.137
2025,11,HRV.11.21_1,0.035409526292269906,0.15200000000000002
2025,11,HRV.11.22_1,0.026449237635727308,0.07799999999999996
2025,11,HRV.11.23_1,0.032393117707265114,0.12299999999999989
2025,11,HRV.11.24_1,0.03261815782307102,0.125
2025,11,HRV.11.25_1,0.03462729167160481,0.14400000000000002
2025,11,HRV.11.26_1,0.03884692896597934,0.19199999999999995
2025,11,HRV.11.27_1,0.03531365871311622,0.15100000000000002
2025,11,HRV.11.28_1,0.034324682991112576,0.14100000000000001
2025,11,HRV.11.29_1,0.03569394912267843,0.15500000000000003
2025,11,HRV.11.2_1,0.035787710803972736,0.15600000000000003
2025,11,HRV.11.30_1,0.03227955730550973,0.12200000000000011
2025,11,HRV.11.31_1,0.033808563797603636,0.136
2025,11,HRV.11.32_1,0.034426130668099554,0.14200000000000002
2025,11,HRV.11.33_1,0.03512030759679338,0.14900000000000002
2025,11,HRV.11.34_1,0.034324682991112576,0.14100000000000001
2025,11,HRV.11.35_1,0.03482617355271239,0.14600000000000002
2025,11,HRV.11.36_1,0.03391298971328568,0.137
2025,11,HRV.11.37_1,0.03250598213827357,0.12400000000000011
2025,11,HRV.11.38_1,0.0347270150445878,0.14500000000000002
2025,11,HRV.11.39_1,0.03452699853931322,0.14300000000000002
2025,11,HRV.11.3_1,0.034016809103003566,0.138
2025,11,HRV.11.40_1,0.03452699853931322,0.14300000000000002
2025,11,HRV.11.41_1,0.03747541020585919,0.17500000000000004
2025,11,HRV.11.42_1,0.030859703043186852,0.10999999999999999
2025,11,HRV.11.43_1,0.035787710803972736,0.15600000000000003
2025,11,HRV.11.44_1,0.035504861044643454,0.15300000000000002
2025,11,HRV.11.45_1,0.03678587857708836,0.16700000000000004
2025,11,HRV.11.4_1,0.035787710803972736,0.15600000000000003
2025,11,HRV.11.5_1,0.034426130668099554,0.14200000000000002
2025,11,HRV.11.6_1,0.03412002750331444,0.139
2025,11,HRV.11.7_1,0.03502281513837547,0.14800000000000002
2025,11,HRV.11.8_1,0.03492477200727648,0.14700000000000002
2025,11,HRV.11.9_1,0.03588095637277801,0.15700000000000003
2025,11,HRV.12.10_1,0.04336898152187278,0.262
2025,11,HRV.12.1_1,0.04125010863491782,0.22599999999999998
2025,11,HRV.12.2_1,0.04105474298308412,0.22299999999999998
2025,11,HRV.12.3_1,0.04342221915101733,0.263
2025,11,HRV.12.4_1,0.0421822562817251,0.241
2025,11,HRV.12.5_1,0.04187965327748944,0.236
2025,11,HRV.12.6_1,0.04293254845601885,0.254
2025,11,HRV.12.7_1,0.042241825923508114,0.24199999999999988
2025,11,HRV.12.8_1,0.04175636740944833,0.23399999999999999
2025,11,HRV.12.9_1,0.04358020260831933,0.266
2025,11,HRV.13.10_1,0.04163178184876155,0.23199999999999998
2025,11,HRV.13.12_1,0.0415689980366121,0.23099999999999998
2025,11,HRV.13.13_1,0.049014761501561505,0.44500000000000006
2025,11,HRV.13.14_1,0.041694237816008395,0.23299999999999987
2025,11,HRV.13.15_1,0.04488941170168404,0.2929999999999999
2025,11,HRV.13.16_1,0.045367182479570625,0.30400000000000005
2025,11,HRV.13.17_1,0.04549212269146771,0.30699999999999994
2025,11,HRV.13.18_1,0.039816299228720445,0.20499999999999996
2025,11,HRV.13.1_1,0.04872574487955882,0.42300000000000004
2025,11,HRV.13.20_1,0.043153120135473684,0.258
2025,11,HRV.13.21_1,0.045153872242213455,0.29900000000000004
2025,11,HRV.13.23_1,0.04823546382478605,0.3959999999999999
2025,11,HRV.13.24_1,0.04630436737389991,0.32800000000000007
2025,11,HRV.13.25_1,0.04447501240536936,0.28400000000000003
2025,11,HRV.13.26_1,0.04784822171310597,0.379
2025,11,HRV.13.27_1,0.03930249996529487,0.19800000000000006
2025,11,HRV.13.29_1,0.04206217012242035,0.23899999999999988
2025,11,HRV.13.2_1,0.04553326597806426,0.30800000000000005
2025,11,HRV.13.30_1,0.04553326597806426,0.30800000000000005
2025,11,HRV.13.31_1,0.045450728138743166,0.30600000000000005
2025,11,HRV.13.32_1,0.04615792209149038,0.32399999999999995
2025,11,HRV.13.33_1,0.041694237816008395,0.23299999999999987
2025,11,HRV.13.34_1,0.047011445442896045,0.349
2025,11,HRV.13.35_1,0.04276398478000556,0.251
2025,11,HRV.13.39_1,0.041694237816008395,0.23299999999999987
2025,11,HRV.13.3_1,0.04163178184876155,0.23199999999999998
2025,11,HRV.13.40_1,0.04930208389147518,0.489
2025,11,HRV.13.41_1,0.045450728138743166,0.30600000000000005
2025,11,HRV.13.42_1,0.04131455432928723,0.22699999999999998
2025,11,HRV.13.4_1,0.04024205274664436,0.21099999999999997
2025,11,HRV.13.5_1,0.0441866822098382,0.278
2025,11,HRV.13.6_1,0.04619489279993376,0.32499999999999996
2025,11,HRV.13.7_1,0.04634038160147463,0.32900000000000007
2025,11,HRV.13.8_1,0.04150588489181781,0.22999999999999987
2025,11,HRV.13.9_1,0.04497860307625147,0.29499999999999993
2025,11,HRV.14.10_1,0.03370352571823653,0.135
2025,11,HRV.14.11_1,0.033277135321004285,0.131
2025,11,HRV.14.12_1,0.025817949674587202,0.07399999999999995
2025,11,HRV.14.13_1,0.03606591516318372,0.15900000000000003
2025,11,HRV.14.14_1,0.026449237635727308,0.07799999999999996
2025,11,HRV.14.15_1,0.03559966725091553,0.15400000000000003
2025,11,HRV.14.16_1,0.028782493970377444,0.09399999999999997
2025,11,HRV.14.17_1,0.035409526292269906,0.15200000000000002
2025,11,HRV.14.18_1,0.029456448892262486,0.09899999999999998
2025,11,HRV.14.19_1,0.031818206269545034,0.11799999999999988
2025,11,HRV.14.1_1,0.030982236630542767,0.11099999999999999
2025,11,HRV.14.2_1,0.02482920471604905,0.06799999999999995
2025,11,HRV.14.3_1,0.021083343744920283,0.04800000000000004
2025,11,HRV.14.4_1,0.027796839009702336,0.08699999999999997
2025,11,HRV.14.5_1,0.021495482675280998,0.050000000000000044
2025,11,HRV.14.6_1,0.022095982690489686,0.05300000000000005
2025,11,HRV.14.7_1,0.024997684506960365,0.06900000000000006
2025,11,HRV.14.8_1,0.022676728861398116,0.05600000000000005
2025,11,HRV.15.10_1,0.04358020260831933,0.266
2025,11,HRV.15.11_1,0.04358020260831933,0.266
2025,11,HRV.15.12_1,0.04336898152187278,0.262
2025,11,HRV.15.13_1,0.04293254845601885,0.254
2025,11,HRV.15.14_1,0.0441866822098382,0.278
2025,11,HRV.15.15_1,0.04206217012242035,0.23899999999999988
2025,11,HRV.15.16_1,0.0436322907628802,0.267
2025,11,HRV.15.17_1,0.04206217012242035,0.23899999999999988
2025,11,HRV.15.18_1,0.042707193501211126,0.25
2025,11,HRV.15.19_1,0.0430984216041852,0.257
2025,11,HRV.15.1_1,0.03764323574228856,0.17700000000000005
2025,11,HRV.15.2_1,0.042592698632283446,0.2480000000000001
2025,11,HRV.15.3_1,0.04150588489181781,0.22999999999999987
2025,11,HRV.15.4_1,0.042301081720291366,0.243
2025,11,HRV.15.5_1,0.0436322907628802,0.267
2025,11,HRV.15.6_1,0.042592698632283446,0.2480000000000001
2025,11,HRV.15.7_1,0.043153120135473684,0.258
2025,11,HRV.15.8_1,0.0436322907628802,0.267
2025,11,HRV.15.9_1,0.042301081720291366,0.243
2025,11,HRV.16.10_1,0.022095982690489686,0.05300000000000005
2025,11,HRV.16.11_1,0.03370352571823653,0.135
2025,11,HRV.16.12_1,0.027209722381904684,0.08299999999999996
2025,11,HRV.16.13_1,0.03780928727550324,0.17900000000000005
2025,11,HRV.16.14_1,0.032950622526466536,0.128
2025,11,HRV.16.15_1,0.03146450850879194,0.11499999999999988
2025,11,HRV.16.17_1,0.03010724877881841,0.10399999999999998
2025,11,HRV.16.18_1,0.02169794434875561,0.051000000000000045
2025,11,HRV.16.19_1,0.025817949674587202,0.07399999999999995
2025,11,HRV.16.1_1,0.033277135321004285,0.131
2025,11,HRV.16.20_1,0.032393117707265114,0.12299999999999989
2025,11,HRV.16.21_1,0.032840471141942086,0.127
2025,11,HRV.16.23_1,0.026449237635727308,0.07799999999999996
2025,11,HRV.16.24_1,0.034016809103003566,0.138
2025,11,HRV.16.26_1,0.03193462580160344,0.119
2025,11,HRV.16.27_1,0.025330130546950973,0.07099999999999995
2025,11,HRV.16.28_1,0.027358216156725183,0.08399999999999996
2025,11,HRV.16.29_1,0.02971946105428906,0.10099999999999998
2025,11,HRV.16.2_1,0.033808563797603636,0.136
2025,11,HRV.16.30_1,0.03837682760954864,0.18599999999999994
2025,11,HRV.16.31_1,0.0347270150445878,0.14500000000000002
2025,11,HRV.16.32_1,0.024139502097579996,0.06400000000000006
2025,11,HRV.16.33_1,0.031818206269545034,0.11799999999999988
2025,11,HRV.16.34_1,0.023962960224916317,0.06300000000000006
2025,11,HRV.16.35_1,0.03359786973370498,0.134
2025,11,HRV.16.36_1,0.024659179385644596,0.06699999999999995
2025,11,HRV.16.37_1,0.033168948130073914,0.13
2025,11,HRV.16.39_1,0.02850606260814742,0.09199999999999997
2025,11,HRV.16.3_1,0.035409526292269906,0.15200000000000002
2025,11,HRV.16.40_1,0.025330130546950973,0.07099999999999995
2025,11,HRV.16.43_1,0.04105474298308412,0.22299999999999998
2025,11,HRV.16.44_1,0.0377264817893947,0.17799999999999994
2025,11,HRV.16.45_1,0.03569394912267843,0.15500000000000003
2025,11,HRV.16.48_1,0.024139502097579996,0.06400000000000006
2025,11,HRV.16.49_1,0.03216529356158003,0.12099999999999989
2025,11,HRV.16.4_1,0.03134510170509333,0.1140000000000001
2025,11,HRV.16.50_1,0.029189734109913792,0.09699999999999998
2025,11,HRV.16.52_1,0.02690919227336117,0.08099999999999996
2025,11,HRV.16.53_1,0.022095982690489686,0.05300000000000005
2025,11,HRV.16.54_1,0.031224926759328524,0.11299999999999999
2025,11,HRV.16.55_1,0.02690919227336117,0.08099999999999996
2025,11,HRV.16.56_1,0.028083717034372242,0.08899999999999997
2025,11,HRV.16.5_1,0.026293391611834478,0.07699999999999996
2025,11,HRV.16.6_1,0.027940820284827163,0.08799999999999997
2025,11,HRV.16.7_1,0.033060112673108336,0.129
2025,11,HRV.16.8_1,0.02971946105428906,0.10099999999999998
2025,11,HRV.16.9_1,0.031818206269545034,0.11799999999999988
2025,11,HRV.16_1,0.029849609292163983,0.10199999999999998
2025,11,HRV.17.10_1,0.0421822562817251,0.241
2025,11,HRV.17.11_1,0.03678587857708836,0.16700000000000004
2025,11,HRV.17.12_1,0.040311729943021436,0.21199999999999997
2025,11,HRV.17.13_1,0.042301081720291366,0.243
2025,11,HRV.17.14_1,0.04293254845601885,0.254
2025,11,HRV.17.15_1,0.042241825923508114,0.24199999999999988
2025,11,HRV.17.16_1,0.04212237146341945,0.24
2025,11,HRV.17.17_1,0.04131455432928723,0.22699999999999998
2025,11,HRV.17.18_1,0.04163178184876155,0.23199999999999998
2025,11,HRV.17.19_1,0.04253499258640828,0.247
2025,11,HRV.17.1_1,0.040172012552874455,0.21000000000000008
2025,11,HRV.17.20_1,0.043153120135473684,0.258
2025,11,HRV.17.21_1,0.04342221915101733,0.263
2025,11,HRV.17.22_1,0.043527828645221735,0.265
2025,11,HRV.17.23_1,0.04479917422492878,0.2909999999999999
2025,11,HRV.17.24_1,0.04247697914036585,0.24599999999999989
2025,11,HRV.17.25_1,0.0441376727032484,0.277
2025,11,HRV.17.26_1,0.04447501240536936,0.28400000000000003
2025,11,HRV.17.27_1,0.042301081720291366,0.243
2025,11,HRV.17.28_1,0.043315453887845745,0.261
2025,11,HRV.17.2_1,0.042418657032918014,0.245
2025,11,HRV.17.3_1,0.04336898152187278,0.262
2025,11,HRV.17.4_1,0.03952499421896011,0.20100000000000007
2025,11,HRV.17.5_1,0.0414424409097459,0.2290000000000001
2025,11,HRV.17.6_1,0.03678587857708836,0.16700000000000004
2025,11,HRV.17.7_1,0.043735613725489,0.269
2025,11,HRV.17.8_1,0.04423541751568946,0.279
2025,11,HRV.17.9_1,0.041694237816008395,0.23299999999999987
2025,11,HRV.18.10_1,0.04212237146341945,0.24
2025,11,HRV.18.11_1,0.04212237146341945,0.24
2025,11,HRV.18.12_1,0.040586845998924884,0.21599999999999986
2025,11,HRV.18.13_1,0.04175636740944833,0.23399999999999999
2025,11,HRV.18.14_1,0.04212237146341945,0.24
2025,11,HRV.18.15_1,0.04051860222570782,0.21499999999999997
2025,11,HRV.18.16_1,0.0421822562817251,0.241
2025,11,HRV.18.1_1,0.040988939538025564,0.22199999999999998
2025,11,HRV.18.2_1,0.04105474298308412,0.22299999999999998
2025,11,HRV.18.3_1,0.04105474298308412,0.22299999999999998
2025,11,HRV.18.4_1,0.04175636740944833,0.23399999999999999
2025,11,HRV.18.5_1,0.04125010863491782,0.22599999999999998
2025,11,HRV.18.6_1,0.041694237816008395,0.23299999999999987
2025,11,HRV.18.7_1,0.042241825923508114,0.24199999999999988
2025,11,HRV.18.8_1,0.04194081241318115,0.237
2025,11,HRV.18.9_1,0.042301081720291366,0.243
2025,11,HRV.19.10_1,0.04637615811021295,0.33000000000000007
2025,11,HRV.19.11_1,0.04456896195634114,0.28600000000000003
2025,11,HRV.19.12_1,0.04784822171310597,0.379
2025,11,HRV.19.13_1,0.044707884311692536,0.28900000000000003
2025,11,HRV.19.14_1,0.04403882742093296,0.275
2025,11,HRV.19.15_1,0.04881430348981885,0.42900000000000005
2025,11,HRV.19.16_1,0.04336898152187278,0.262
2025,11,HRV.19.17_1,0.045022808420897016,0.29600000000000004
2025,11,HRV.19.18_1,0.044427634702780626,0.2829999999999999
2025,11,HRV.19.19_1,0.0441866822098382,0.278
2025,11,HRV.19.1_1,0.04479917422492878,0.2909999999999999
2025,11,HRV.19.20_1,0.0430984216041852,0.257
2025,11,HRV.19.21_1,0.042418657032918014,0.245
2025,11,HRV.19.22_1,0.04320752428803497,0.259
2025,11,HRV.19.23_1,0.045022808420897016,0.29600000000000004
2025,11,HRV.19.24_1,0.04358020260831933,0.266
2025,11,HRV.19.25_1,0.044283879526092584,0.28
2025,11,HRV.19.26_1,0.04540908163273409,0.30499999999999994
2025,11,HRV.19.27_1,0.045022808420897016,0.29600000000000004
2025,11,HRV.19.28_1,0.04304342757190176,0.256
2025,11,HRV.19.29_1,0.043315453887845745,0.261
2025,11,HRV.19.2_1,0.0436322907628802,0.267
2025,11,HRV.19.30_1,0.0436322907628802,0.267
2025,11,HRV.19.3_1,0.044427634702780626,0.2829999999999999
2025,11,HRV.19.4_1,0.045774886760868244,0.31400000000000006
2025,11,HRV.19.5_1,0.043315453887845745,0.261
2025,11,HRV.19.6_1,0.04466184267754451,0.28800000000000003
2025,11,HRV.19.7_1,0.04304342757190176,0.256
2025,11,HRV.19.8_1,0.04378685054716181,0.27
2025,11,HRV.19.9_1,0.04456896195634114,0.28600000000000003
2025,11,HRV.1_1,0.04247697914036585,0.24599999999999989
2025,11,HRV.2.10_1,0.04298813690453435,0.255
2025,11,HRV.2.11_1,0.0430984216041852,0.257
2025,11,HRV.2.12_1,0.04287666106815927,0.253
2025,11,HRV.2.13_1,0.04358020260831933,0.266
2025,11,HRV.2.14_1,0.04200165089770341,0.238
2025,11,HRV.2.15_1,0.04383780558780022,0.271
2025,11,HRV.2.16_1,0.043315453887845745,0.261
2025,11,HRV.2.17_1,0.03687369853356853,0.16800000000000004
2025,11,HRV.2.18_1,0.04456896195634114,0.28600000000000003
2025,11,HRV.2.19_1,0.0421822562817251,0.241
2025,11,HRV.2.1_1,0.04298813690453435,0.255
2025,11,HRV.2.20_1,0.044427634702780626,0.2829999999999999
2025,11,HRV.2.21_1,0.04589235872572516,0.31700000000000006
2025,11,HRV.2.22_1,0.044844424119052026,0.2919999999999999
2025,11,HRV.2.23_1,0.039451215462812286,0.19999999999999996
2025,11,HRV.2.24_1,0.042707193501211126,0.25
2025,11,HRV.2.25_1,0.042820473570468434,0.252
2025,11,HRV.2.26_1,0.04383780558780022,0.271
2025,11,HRV.2.27_1,0.04200165089770341,0.238
2025,11,HRV.2.28_1,0.042241825923508114,0.24199999999999988
2025,11,HRV.2.2_1,0.04276398478000556,0.251
2025,11,HRV.2.3_1,0.04403882742093296,0.275
2025,11,HRV.2.4_1,0.042707193501211126,0.25
2025,11,HRV.2.5_1,0.043527828645221735,0.265
2025,11,HRV.2.6_1,0.04298813690453435,0.255
2025,11,HRV.2.7_1,0.04194081241318115,0.237
2025,11,HRV.2.8_1,0.041185325910782805,0.2250000000000001
2025,11,HRV.2.9_1,0.04423541751568946,0.279
2025,11,HRV.20.10_1,0.04698008698541929,0.348
2025,11,HRV.20.11_1,0.04461553550165871,0.2869999999999999
2025,11,HRV.20.12_1,0.04320752428803497,0.259
2025,11,HRV.20.13_1,0.04553326597806426,0.30800000000000005
2025,11,HRV.20.14_1,0.045022808420897016,0.29600000000000004
2025,11,HRV.20.15_1,0.0466875383137864,0.33899999999999997
2025,11,HRV.20.16_1,0.04619489279993376,0.32499999999999996
2025,11,HRV.20.17_1,0.04725415388230268,0.357
2025,11,HRV.20.18_1,0.04497860307625147,0.29499999999999993
2025,11,HRV.20.19_1,0.04600762791136711,0.31999999999999995
2025,11,HRV.20.1_1,0.04388847982885752,0.272
2025,11,HRV.20.21_1,0.04929468444255788,0.486
2025,11,HRV.20.22_1,0.045695339975136744,0.31200000000000006
2025,11,HRV.20.24_1,0.04685236712767099,0.344
2025,11,HRV.20.25_1,0.045367182479570625,0.30400000000000005
2025,11,HRV.20.26_1,0.04388847982885752,0.272
2025,11,HRV.20.27_1,0.0466875383137864,0.33899999999999997
2025,11,HRV.20.28_1,0.04691668519057854,0.346
2025,11,HRV.20.2_1,0.04734145855537475,0.36
2025,11,HRV.20.31_1,0.046653877165014464,0.3380000000000001
2025,11,HRV.20.32_1,0.0466875383137864,0.33899999999999997
2025,11,HRV.20.3_1,0.045110442250019825,0.29800000000000004
2025,11,HRV.20.4_1,0.046619983057431764,0.3370000000000001
2025,11,HRV.20.5_1,0.039959694850211,0.20699999999999996
2025,11,HRV.20.6_1,0.0441376727032484,0.277
2025,11,HRV.20.9_1,0.0441866822098382,0.278
2025,11,HRV.21.10_1,0.0430984216041852,0.257
2025,11,HRV.21.11_1,0.042820473570468434,0.252
2025,11,HRV.21.12_1,0.04342221915101733,0.263
2025,11,HRV.21.13_1,0.04304342757190176,0.256
2025,11,HRV.21.14_1,0.0421822562817251,0.241
2025,11,HRV.21.15_1,0.04265009852573865,0.249
2025,11,HRV.21.16_1,0.04163178184876155,0.23199999999999998
2025,11,HRV.21.17_1,0.03780928727550324,0.17900000000000005
2025,11,HRV.21.18_1,0.04092279257964584,0.22099999999999997
2025,11,HRV.21.19_1,0.03569394912267843,0.15500000000000003
2025,11,HRV.21.1_1,0.03805508905034151,0.18199999999999994
2025,11,HRV.21.20_1,0.04212237146341945,0.24
2025,11,HRV.21.21_1,0.041694237816008395,0.23299999999999987
2025,11,HRV.21.22_1,0.042418657032918014,0.245
2025,11,HRV.21.23_1,0.040311729943021436,0.21199999999999997
2025,11,HRV.21.24_1,0.04383780558780022,0.271
2025,11,HRV.21.25_1,0.042707193501211126,0.25
2025,11,HRV.21.26_1,0.042360024989151694,0.2440000000000001
2025,11,HRV.21.27_1,0.0421822562817251,0.241
2025,11,HRV.21.28_1,0.032950622526466536,0.128
2025,11,HRV.21.2_1,0.04187965327748944,0.236
2025,11,HRV.21.3_1,0.04358020260831933,0.266
2025,11,HRV.21.4_1,0.04206217012242035,0.23899999999999988
2025,11,HRV.21.5_1,0.04212237146341945,0.24
2025,11,HRV.21.6_1,0.04358020260831933,0.266
2025,11,HRV.21.7_1,0.0430984216041852,0.257
2025,11,HRV.21.8_1,0.040988939538025564,0.22199999999999998
2025,11,HRV.21.9_1,0.04131455432928723,0.22699999999999998
2025,11,HRV.3.10_1,0.04924206699679028,0.5270000000000001
2025,11,HRV.3.11_1,0.04878559939237656,0.573
2025,11,HRV.3.12_1,0.04921914652281384,0.531
2025,11,HRV.3.13_1,0.04877094183058269,0.574
2025,11,HRV.3.14_1,0.049309186317792034,0.493
2025,11,HRV.3.15_1,0.049147945955324505,0.541
2025,11,HRV.3.16_1,0.04918603130240426,0.536
2025,11,HRV.3.17_1,0.048060907894630085,0.612
2025,11,HRV.3.18_1,0.04927455231992934,0.52
2025,11,HRV.3.19_1,0.04874101476210032,0.5759999999999998
2025,11,HRV.3.1_1,0.04867870752468123,0.58
2025,11,HRV.3.21_1,0.048434702441645314,0.406
2025,11,HRV.3.22_1,0.04835751945957893,0.598
2025,11,HRV.3.2_1,0.04930415553817197,0.49
2025,11,HRV.3.3_1,0.0462316235363915,0.674
2025,11,HRV.3.5_1,0.049309186317792034,0.493
2025,11,HRV.3.6_1,0.04694850038824155,0.653
2025,11,HRV.3.7_1,0.04792104893930471,0.3819999999999999
2025,11,HRV.3.9_1,0.045969448573345284,0.681
2025,11,HRV.4.1_1,0.03853517503352878,0.18800000000000006
2025,11,HRV.4.2_1,0.03227955730550973,0.12200000000000011
2025,11,HRV.4.3_1,0.04092279257964584,0.22099999999999997
2025,11,HRV.4.4_1,0.03250598213827357,0.12400000000000011
2025,11,HRV.4.5_1,0.04085630043948545,0.21999999999999997
2025,11,HRV.4.6_1,0.039959694850211,0.20699999999999996
2025,11,HRV.4.7_1,0.04456896195634114,0.28600000000000003
2025,11,HRV.5.10_1,0.04707347975915941,0.351
2025,11,HRV.5.11_1,0.04688464092705593,0.345
2025,11,HRV.5.12_1,0.047696727518485575,0.373
2025,11,HRV.5.13_1,0.0415689980366121,0.23099999999999998
2025,11,HRV.5.14_1,0.04803813258656103,0.387
2025,11,HRV.5.15_1,0.03797358807768206,0.18100000000000005
2025,11,HRV.5.16_1,0.04829743654427203,0.399
2025,11,HRV.5.17_1,0.045574158679044414,0.30899999999999994
2025,11,HRV.5.18_1,0.04751005884784409,0.366
2025,11,HRV.5.19_1,0.04882835038466338,0.42999999999999994
2025,11,HRV.5.1_1,0.047618041971247235,0.37
2025,11,HRV.5.20_1,0.04125010863491782,0.22599999999999998
2025,11,HRV.5.21_1,0.048083470111132766,0.389
2025,11,HRV.5.22_1,0.03789165508891784,0.17999999999999994
2025,11,HRV.5.23_1,0.045614801468342216,0.31000000000000005
2025,11,HRV.5.24_1,0.041694237816008395,0.23299999999999987
2025,11,HRV.5.25_1,0.04829743654427203,0.399
2025,11,HRV.5.27_1,0.049095666579674534,0.45300000000000007
2025,11,HRV.5.28_1,0.04759137575530915,0.369
2025,11,HRV.5.29_1,0.048127956465367445,0.391
2025,11,HRV.5.2_1,0.046551493926931094,0.33499999999999996
2025,11,HRV.5.30_1,0.04612071083397134,0.32300000000000006
2025,11,HRV.5.31_1,0.046653877165014464,0.3380000000000001
2025,11,HRV.5.32_1,0.04685236712767099,0.344
2025,11,HRV.5.33_1,0.04688464092705593,0.345
2025,11,HRV.5.34_1,0.04589235872572516,0.31700000000000006
2025,11,HRV.5.35_1,0.04734145855537475,0.36
2025,11,HRV.5.36_1,0.04612071083397134,0.32300000000000006
2025,11,HRV.5.37_1,0.045282623422316266,0.30200000000000005
2025,11,HRV.5.38_1,0.04745474525398454,0.364
2025,11,HRV.5.39_1,0.04792104893930471,0.3819999999999999
2025,11,HRV.5.3_1,0.046653877165014464,0.3380000000000001
2025,11,HRV.5.40_1,0.04634038160147463,0.32900000000000007
2025,11,HRV.5.4_1,0.04685236712767099,0.344
2025,11,HRV.5.5_1,0.04461553550165871,0.2869999999999999
2025,11,HRV.5.6_1,0.04479917422492878,0.2909999999999999
2025,11,HRV.5.7_1,0.04852649847216737,0.4109999999999999
2025,11,HRV.5.8_1,0.04051860222570782,0.21499999999999997
2025,11,HRV.5.9_1,0.040586845998924884,0.21599999999999986
2025,11,HRV.6.10_1,0.04200165089770341,0.238
2025,11,HRV.6.11_1,0.04212237146341945,0.24
2025,11,HRV.6.12_1,0.04125010863491782,0.22599999999999998
2025,11,HRV.6.13_1,0.04175636740944833,0.23399999999999999
2025,11,HRV.6.14_1,0.03930249996529487,0.19800000000000006
2025,11,HRV.6.15_1,0.04187965327748944,0.236
2025,11,HRV.6.16_1,0.03805508905034151,0.18199999999999994
2025,11,HRV.6.17_1,0.04038104602105371,0.21299999999999986
2025,11,HRV.6.18_1,0.03952499421896011,0.20100000000000007
2025,11,HRV.6.19_1,0.043315453887845745,0.261
2025,11,HRV.6.1_1,0.04181817208376993,0.23499999999999988
2025,11,HRV.6.20_1,0.04187965327748944,0.236
2025,11,HRV.6.21_1,0.042592698632283446,0.2480000000000001
2025,11,HRV.6.2_1,0.04253499258640828,0.247
2025,11,HRV.6.3_1,0.0414424409097459,0.2290000000000001
2025,11,HRV.6.4_1,0.043315453887845745,0.261
2025,11,HRV.6.5_1,0.04287666106815927,0.253
2025,11,HRV.6.6_1,0.04320752428803497,0.259
2025,11,HRV.6.7_1,0.04187965327748944,0.236
2025,11,HRV.6.8_1,0.04342221915101733,0.263
2025,11,HRV.6.9_1,0.03588095637277801,0.15700000000000003
2025,11,HRV.7.10_1,0.04336898152187278,0.262
2025,11,HRV.7.11_1,0.043735613725489,0.269
2025,11,HRV.7.12_1,0.0436322907628802,0.267
2025,11,HRV.7.13_1,0.04304342757190176,0.256
2025,11,HRV.7.14_1,0.04181817208376993,0.23499999999999988
2025,11,HRV.7.15_1,0.04276398478000556,0.251
2025,11,HRV.7.16_1,0.04298813690453435,0.255
2025,11,HRV.7.17_1,0.042360024989151694,0.2440000000000001
2025,11,HRV.7.18_1,0.03829702738016549,0.18500000000000005
2025,11,HRV.7.19_1,0.04293254845601885,0.254
2025,11,HRV.7.1_1,0.043261635172466846,0.26
2025,11,HRV.7.20_1,0.0430984216041852,0.257
2025,11,HRV.7.21_1,0.042360024989151694,0.2440000000000001
2025,11,HRV.7.22_1,0.04194081241318115,0.237
2025,11,HRV.7.23_1,0.04298813690453435,0.255
2025,11,HRV.7.24_1,0.04298813690453435,0.255
2025,11,HRV.7.25_1,0.04479917422492878,0.2909999999999999
2025,11,HRV.7.2_1,0.043315453887845745,0.261
2025,11,HRV.7.3_1,0.04298813690453435,0.255
2025,11,HRV.7.4_1,0.04293254845601885,0.254
2025,11,HRV.7.5_1,0.04276398478000556,0.251
2025,11,HRV.7.6_1,0.04200165089770341,0.238
2025,11,HRV.7.7_1,0.043527828645221735,0.265
2025,11,HRV.7.8_1,0.04393887424186332,0.273
2025,11,HRV.7.9_1,0.03722029308279467,0.17199999999999993
2025,11,HRV.8.10_1,0.0362488568505361,0.16100000000000003
2025,11,HRV.8.11_1,0.04163178184876155,0.23199999999999998
2025,11,HRV.8.12_1,0.04247697914036585,0.24599999999999989
2025,11,HRV.8.13_1,0.04265009852573865,0.249
2025,11,HRV.8.14_1,0.04206217012242035,0.23899999999999988
2025,11,HRV.8.15_1,0.04105474298308412,0.22299999999999998
2025,11,HRV.8.16_1,0.04181817208376993,0.23499999999999988
2025,11,HRV.8.17_1,0.035504861044643454,0.15300000000000002
2025,11,HRV.8.18_1,0.04187965327748944,0.236
2025,11,HRV.8.19_1,0.0415689980366121,0.23099999999999998
2025,11,HRV.8.1_1,0.04206217012242035,0.23899999999999988
2025,11,HRV.8.20_1,0.03730578672438426,0.17300000000000004
2025,11,HRV.8.21_1,0.04447501240536936,0.28400000000000003
2025,11,HRV.8.22_1,0.03876960186476109,0.19100000000000006
2025,11,HRV.8.23_1,0.04253499258640828,0.247
2025,11,HRV.8.24_1,0.04150588489181781,0.22999999999999987
2025,11,HRV.8.25_1,0.044427634702780626,0.2829999999999999
2025,11,HRV.8.26_1,0.04293254845601885,0.254
2025,11,HRV.8.27_1,0.03837682760954864,0.18599999999999994
2025,11,HRV.8.28_1,0.0392275588338907,0.19700000000000006
2025,11,HRV.8.29_1,0.04347516784065807,0.264
2025,11,HRV.8.2_1,0.035787710803972736,0.15600000000000003
2025,11,HRV.8.30_1,0.03747541020585919,0.17500000000000004
2025,11,HRV.8.31_1,0.042241825923508114,0.24199999999999988
2025,11,HRV.8.32_1,0.04206217012242035,0.23899999999999988
2025,11,HRV.8.3_1,0.0421822562817251,0.241
2025,11,HRV.8.4_1,0.043735613725489,0.269
2025,11,HRV.8.5_1,0.04265009852573865,0.249
2025,11,HRV.8.6_1,0.042241825923508114,0.24199999999999988
2025,11,HRV.8.7_1,0.03764323574228856,0.17700000000000005
2025,11,HRV.8.8_1,0.03813616077668737,0.18300000000000005
2025,11,HRV.8.9_1,0.03730578672438426,0.17300000000000004
2025,11,HRV.9.10_1,0.04265009852573865,0.249
2025,11,HRV.9.11_1,0.03678587857708836,0.16700000000000004
2025,11,HRV.9.12_1,0.03884692896597934,0.19199999999999995
2025,11,HRV.9.1_1,0.0415689980366121,0.23099999999999998
2025,11,HRV.9.2_1,0.0392275588338907,0.19700000000000006
2025,11,HRV.9.3_1,0.04003083554183499,0.20800000000000007
2025,11,HRV.9.4_1,0.0441866822098382,0.278
2025,11,HRV.9.5_1,0.040586845998924884,0.21599999999999986
2025,11,HRV.9.6_1,0.045282623422316266,0.30200000000000005
2025,11,HRV.9.7_1,0.04003083554183499,0.20800000000000007
2025,11,HRV.9.8_1,0.03930249996529487,0.19800000000000006
2025,11,HRV.9.9_1,0.04038104602105371,0.21299999999999986
2025,11,HUN.1.10_1,0.03492477200727648,0.14700000000000002
2025,11,HUN.1.1_1,0.037134340659731674,0.17100000000000004
2025,11,HUN.1.2_1,0.03422265035212298,0.14
2025,11,HUN.1.3_1,0.036961046649421084,0.16900000000000004
2025,11,HUN.1.4_1,0.03805508905034151,0.18199999999999994
2025,11,HUN.1.5_1,0.0392275588338907,0.19700000000000006
2025,11,HUN.1.6_1,0.035504861044643454,0.15300000000000002
2025,11,HUN.1.7_1,0.03930249996529487,0.19800000000000006
2025,11,HUN.1.8_1,0.03569394912267843,0.15500000000000003
2025,11,HUN.1.9_1,0.03633958081358364,0.16200000000000003
2025,11,HUN.10.1_1,0.03821680598848177,0.18399999999999994
2025,11,HUN.10.2_1,0.03900037497023978,0.19399999999999995
2025,11,HUN.10.3_1,0.03884692896597934,0.19199999999999995
2025,11,HUN.10.4_1,0.03660880954136339,0.16500000000000004
2025,11,HUN.10.5_1,0.03669758339253503,0.16600000000000004
2025,11,HUN.10.6_1,0.03813616077668737,0.18300000000000005
2025,11,HUN.10.7_1,0.03597368984246114,0.15800000000000003
2025,11,HUN.11.1_1,0.031103974767997058,0.1120000000000001
2025,11,HUN.11.2_1,0.030859703043186852,0.10999999999999999
2025,11,HUN.11.3_1,0.031818206269545034,0.11799999999999988
2025,11,HUN.11.4_1,0.03512030759679338,0.14900000000000002
2025,11,HUN.11.5_1,0.03730578672438426,0.17300000000000004
2025,11,HUN.11.6_1,0.030859703043186852,0.10999999999999999
2025,11,HUN.11.7_1,0.03216529356158003,0.12099999999999989
2025,11,HUN.12.1_1,0.04085630043948545,0.21999999999999997
2025,11,HUN.12.2_1,0.039816299228720445,0.20499999999999996
2025,11,HUN.12.3_1,0.03884692896597934,0.19199999999999995
2025,11,HUN.12.4_1,0.044427634702780626,0.2829999999999999
2025,11,HUN.12.5_1,0.04131455432928723,0.22699999999999998
2025,11,HUN.12.6_1,0.04336898152187278,0.262
2025,11,HUN.12.7_1,0.043261635172466846,0.26
2025,11,HUN.13.1_1,0.023053657934260757,0.05800000000000005
2025,11,HUN.13.2_1,0.02323920217710033,0.05900000000000005
2025,11,HUN.13.3_1,0.02286618279231679,0.05700000000000005
2025,11,HUN.13.4_1,0.02169794434875561,0.051000000000000045
2025,11,HUN.13.5_1,0.023962960224916317,0.06300000000000006
2025,11,HUN.13.6_1,0.02323920217710033,0.05900000000000005
2025,11,HUN.14.10_1,0.041185325910782805,0.2250000000000001
2025,11,HUN.14.11_1,0.0462316235363915,0.32600000000000007
2025,11,HUN.14.12_1,0.045367182479570625,0.30400000000000005
2025,11,HUN.14.13_1,0.04187965327748944,0.236
2025,11,HUN.14.14_1,0.045969448573345284,0.31900000000000006
2025,11,HUN.14.15_1,0.042241825923508114,0.24199999999999988
2025,11,HUN.14.1_1,0.04293254845601885,0.254
2025,11,HUN.14.2_1,0.04644700016480913,0.3320000000000001
2025,11,HUN.14.3_1,0.042707193501211126,0.25
2025,11,HUN.14.4_1,0.044283879526092584,0.28
2025,11,HUN.14.5_1,0.045614801468342216,0.31000000000000005
2025,11,HUN.14.6_1,0.04675416374406932,0.34099999999999997
2025,11,HUN.14.7_1,0.045153872242213455,0.29900000000000004
2025,11,HUN.14.8_1,0.04403882742093296,0.275
2025,11,HUN.14.9_1,0.04565519501338059,0.31099999999999994
2025,11,HUN.15.10_1,0.0407222738416092,0.21799999999999986
2025,11,HUN.15.1_1,0.04342221915101733,0.263
2025,11,HUN.15.2_1,0.04105474298308412,0.22299999999999998
2025,11,HUN.15.3_1,0.042418657032918014,0.245
2025,11,HUN.15.4_1,0.04347516784065807,0.264
2025,11,HUN.15.5_1,0.04247697914036585,0.24599999999999989
2025,11,HUN.15.6_1,0.04150588489181781,0.22999999999999987
2025,11,HUN.15.7_1,0.04253499258640828,0.247
2025,11,HUN.15.8_1,0.04125010863491782,0.22599999999999998
2025,11,HUN.15.9_1,0.04347516784065807,0.264
2025,11,HUN.16.10_1,0.04253499258640828,0.247
2025,11,HUN.16.11_1,0.04038104602105371,0.21299999999999986
2025,11,HUN.16.1_1,0.039959694850211,0.20699999999999996
2025,11,HUN.16.2_1,0.0421822562817251,0.241
2025,11,HUN.16.3_1,0.0415689980366121,0.23099999999999998
2025,11,HUN.16.4_1,0.043527828645221735,0.265
2025,11,HUN.16.5_1,0.04293254845601885,0.254
2025,11,HUN.16.6_1,0.040586845998924884,0.21599999999999986
2025,11,HUN.16.7_1,0.041185325910782805,0.2250000000000001
2025,11,HUN.16.8_1,0.0421822562817251,0.241
2025,11,HUN.16.9_1,0.04549212269146771,0.30699999999999994
2025,11,HUN.17.1_1,0.033491589996089595,0.133
2025,11,HUN.17.2_1,0.03651955353286177,0.16400000000000003
2025,11,HUN.17.3_1,0.03651955353286177,0.16400000000000003
2025,11,HUN.17.4_1,0.03559966725091553,0.15400000000000003
2025,11,HUN.17.5_1,0.03250598213827357,0.12400000000000011
2025,11,HUN.18.1_1,0.028782493970377444,0.09399999999999997
2025,11,HUN.18.2_1,0.028083717034372242,0.08899999999999997
2025,11,HUN.18.3_1,0.032729651843363065,0.126
2025,11,HUN.18.4_1,0.03227955730550973,0.12200000000000011
2025,11,HUN.18.5_1,0.02864478154528721,0.09299999999999997
2025,11,HUN.18.6_1,0.02864478154528721,0.09299999999999997
2025,11,HUN.18.7_1,0.02549415565308208,0.07199999999999995
2025,11,HUN.18.8_1,0.03412002750331444,0.139
2025,11,HUN.18.9_1,0.029054956426915066,0.09599999999999997
2025,11,HUN.19.1_1,0.042418657032918014,0.245
2025,11,HUN.19.2_1,0.042360024989151694,0.2440000000000001
2025,11,HUN.19.3_1,0.04287666106815927,0.253
2025,11,HUN.19.4_1,0.042820473570468434,0.252
2025,11,HUN.19.5_1,0.040172012552874455,0.21000000000000008
2025,11,HUN.19.6_1,0.041185325910782805,0.2250000000000001
2025,11,HUN.19.7_1,0.0393770514385934,0.19900000000000007
2025,11,HUN.19.8_1,0.04287666106815927,0.253
2025,11,HUN.19.9_1,0.0407222738416092,0.21799999999999986
2025,11,HUN.2.1_1,0.03988818341171357,0.20599999999999996
2025,11,HUN.2.2_1,0.04163178184876155,0.23199999999999998
2025,11,HUN.2.3_1,0.046787129017927614,0.3420000000000001
2025,11,HUN.2.4_1,0.04175636740944833,0.23399999999999999
2025,11,HUN.2.5_1,0.0415689980366121,0.23099999999999998
2025,11,HUN.2.6_1,0.04200165089770341,0.238
2025,11,HUN.2.7_1,0.04298813690453435,0.255
2025,11,HUN.2.8_1,0.04253499258640828,0.247
2025,11,HUN.2.9_1,0.0441376727032484,0.277
2025,11,HUN.20.1_1,0.03633958081358364,0.16200000000000003
2025,11,HUN.20.2_1,0.033491589996089595,0.133
2025,11,HUN.20.3_1,0.03134510170509333,0.1140000000000001
2025,11,HUN.20.4_1,0.036961046649421084,0.16900000000000004
2025,11,HUN.20.5_1,0.035409526292269906,0.15200000000000002
2025,11,HUN.20.6_1,0.033060112673108336,0.129
2025,11,HUN.3.1_1,0.035409526292269906,0.15200000000000002
2025,11,HUN.3.2_1,0.0377264817893947,0.17799999999999994
2025,11,HUN.3.3_1,0.03633958081358364,0.16200000000000003
2025,11,HUN.3.4_1,0.03492477200727648,0.14700000000000002
2025,11,HUN.3.5_1,0.03876960186476109,0.19100000000000006
2025,11,HUN.3.6_1,0.034426130668099554,0.14200000000000002
2025,11,HUN.3.7_1,0.03861372736657929,0.18899999999999995
2025,11,HUN.3.8_1,0.03452699853931322,0.14300000000000002
2025,11,HUN.4.10_1,0.04045000283720392,0.21399999999999997
2025,11,HUN.4.11_1,0.04065473594768187,0.21700000000000008
2025,11,HUN.4.12_1,0.03988818341171357,0.20599999999999996
2025,11,HUN.4.13_1,0.03907649861764752,0.19500000000000006
2025,11,HUN.4.14_1,0.04163178184876155,0.23199999999999998
2025,11,HUN.4.15_1,0.04253499258640828,0.247
2025,11,HUN.4.1_1,0.0377264817893947,0.17799999999999994
2025,11,HUN.4.2_1,0.04125010863491782,0.22599999999999998
2025,11,HUN.4.3_1,0.03755954620483949,0.17599999999999993
2025,11,HUN.4.4_1,0.039816299228720445,0.20499999999999996
2025,11,HUN.4.5_1,0.0377264817893947,0.17799999999999994
2025,11,HUN.4.6_1,0.042820473570468434,0.252
2025,11,HUN.4.7_1,0.042241825923508114,0.24199999999999988
2025,11,HUN.4.8_1,0.04540908163273409,0.30499999999999994
2025,11,HUN.4.9_1,0.0377264817893947,0.17799999999999994
2025,11,HUN.5.1_1,0.047104156516901585,0.648
2025,11,HUN.6.1_1,0.03073636449250931,0.10899999999999999
2025,11,HUN.6.2_1,0.03158315588279641,0.11599999999999988
2025,11,HUN.6.3_1,0.028919214262361676,0.09499999999999997
2025,11,HUN.6.4_1,0.028083717034372242,0.08899999999999997
2025,11,HUN.6.5_1,0.028225545730142264,0.08999999999999997
2025,11,HUN.6.6_1,0.032950622526466536,0.128
2025,11,HUN.6.7_1,0.02836632239261895,0.09099999999999997
2025,11,HUN.7.10_1,0.04358020260831933,0.266
2025,11,HUN.7.1_1,0.04287666106815927,0.253
2025,11,HUN.7.2_1,0.042360024989151694,0.2440000000000001
2025,11,HUN.7.3_1,0.0386918688155058,0.18999999999999995
2025,11,HUN.7.4_1,0.044283879526092584,0.28
2025,11,HUN.7.5_1,0.04105474298308412,0.22299999999999998
2025,11,HUN.7.6_1,0.044844424119052026,0.2919999999999999
2025,11,HUN.7.7_1,0.04378685054716181,0.27
2025,11,HUN.7.8_1,0.040988939538025564,0.22199999999999998
2025,11,HUN.7.9_1,0.04125010863491782,0.22599999999999998
2025,11,HUN.8.1_1,0.02836632239261895,0.09099999999999997
2025,11,HUN.8.2_1,0.029978868048214594,0.10299999999999998
2025,11,HUN.8.3_1,0.025164649801011775,0.07000000000000006
2025,11,HUN.8.4_1,0.02932356061028363,0.09799999999999998
2025,11,HUN.8.5_1,0.024997684506960365,0.06900000000000006
2025,11,HUN.8.6_1,0.027060054285653824,0.08199999999999996
2025,11,HUN.8.7_1,0.024487576322194643,0.06600000000000006
2025,11,HUN.9.1_1,0.032393117707265114,0.12299999999999989
2025,11,HUN.9.2_1,0.03370352571823653,0.135
2025,11,HUN.9.3_1,0.039451215462812286,0.19999999999999996
2025,11,HUN.9.4_1,0.034426130668099554,0.14200000000000002
2025,11,HUN.9.5_1,0.03764323574228856,0.17700000000000005
2025,11,HUN.9.6_1,0.03569394912267843,0.15500000000000003
2025,11,HUN.9.7_1,0.033808563797603636,0.136
2025,11,HUN.9.8_1,0.035504861044643454,0.15300000000000002
2025,11,HUN.9.9_1,0.03606591516318372,0.15900000000000003
2025,11,IMN.10_2,0.04737011365684981,0.361
2025,11,IMN.11_2,0.044753661223654234,0.29000000000000004
2025,11,IMN.12_2,0.045110442250019825,0.29800000000000004
2025,11,IMN.13_2,0.045614801468342216,0.31000000000000005
2025,11,IMN.14_2,0.045153872242213455,0.29900000000000004
2025,11,IMN.15_2,0.04784822171310597,0.379
2025,11,IMN.16_2,0.045197045279087404,0.30000000000000004
2025,11,IMN.1_2,0.04589235872572516,0.31700000000000006
2025,11,IMN.2_2,0.04553326597806426,0.30800000000000005
2025,11,IMN.3_2,0.04604556433516866,0.32100000000000006
2025,11,IMN.4_2,0.04604556433516866,0.32100000000000006
2025,11,IMN.5_2,0.04024205274664436,0.21099999999999997
2025,11,IMN.7_2,0.047968525063499766,0.384
2025,11,IMN.8_2,0.04497860307625147,0.29499999999999993
2025,11,IMN.9_2,0.04630436737389991,0.32800000000000007
2025,11,IRL.1.1_1,0.04725415388230268,0.357
2025,11,IRL.1.2_1,0.04437998723670003,0.28200000000000003
2025,11,IRL.1.3_1,0.04523996209628829,0.30100000000000005
2025,11,IRL.10.1_1,0.045450728138743166,0.30600000000000005
2025,11,IRL.10.2_1,0.04378685054716181,0.27
2025,11,IRL.10.3_1,0.04862982442554048,0.41700000000000004
2025,11,IRL.10.4_1,0.04447501240536936,0.28400000000000003
2025,11,IRL.11.1_1,0.04466184267754451,0.28800000000000003
2025,11,IRL.11.2_1,0.044753661223654234,0.29000000000000004
2025,11,IRL.11.3_1,0.0464820667942262,0.3330000000000001
2025,11,IRL.12.1_1,0.0441376727032484,0.277
2025,11,IRL.12.2_1,0.045367182479570625,0.30400000000000005
2025,11,IRL.12.3_1,0.04247697914036585,0.24599999999999989
2025,11,IRL.13.1_1,0.04433206913731389,0.281
2025,11,IRL.13.2_1,0.04368409413128377,0.268
2025,11,IRL.13.3_1,0.0475644900783197,0.368
2025,11,IRL.13.4_1,0.04479917422492878,0.2909999999999999
2025,11,IRL.14.1_1,0.04549212269146771,0.30699999999999994
2025,11,IRL.14.2_1,0.04466184267754451,0.28800000000000003
2025,11,IRL.14.3_1,0.047011445442896045,0.349
2025,11,IRL.15.1_1,0.0466875383137864,0.33899999999999997
2025,11,IRL.15.2_1,0.04745474525398454,0.364
2025,11,IRL.15.3_1,0.04612071083397134,0.32300000000000006
2025,11,IRL.16.1_1,0.04626811487238125,0.32699999999999996
2025,11,IRL.16.2_1,0.04573523700820659,0.31299999999999994
2025,11,IRL.16.3_1,0.04456896195634114,0.28600000000000003
2025,11,IRL.16.4_1,0.04589235872572516,0.31700000000000006
2025,11,IRL.17.1_1,0.04641169744985238,0.33099999999999996
2025,11,IRL.17.2_1,0.044707884311692536,0.28900000000000003
2025,11,IRL.17.3_1,0.045574158679044414,0.30899999999999994
2025,11,IRL.17.4_1,0.04688464092705593,0.345
2025,11,IRL.17.5_1,0.046619983057431764,0.3370000000000001
2025,11,IRL.17.6_1,0.04433206913731389,0.281
2025,11,IRL.18.1_1,0.04532502997860004,0.30300000000000005
2025,11,IRL.18.2_1,0.045153872242213455,0.29900000000000004
2025,11,IRL.18.3_1,0.044844424119052026,0.2919999999999999
2025,11,IRL.19.1_1,0.045695339975136744,0.31200000000000006
2025,11,IRL.19.2_1,0.0440883880814995,0.276
2025,11,IRL.19.3_1,0.04608325844466175,0.32200000000000006
2025,11,IRL.2.1_1,0.04466184267754451,0.28800000000000003
2025,11,IRL.2.2_1,0.0440883880814995,0.276
2025,11,IRL.2.3_1,0.044753661223654234,0.29000000000000004
2025,11,IRL.20.1_1,0.045614801468342216,0.31000000000000005
2025,11,IRL.20.2_1,0.04358020260831933,0.266
2025,11,IRL.20.3_1,0.045110442250019825,0.29800000000000004
2025,11,IRL.21.1_1,0.042241825923508114,0.24199999999999988
2025,11,IRL.21.2_1,0.047696727518485575,0.373
2025,11,IRL.21.3_1,0.04585344698686476,0.31599999999999995
2025,11,IRL.22.1_1,0.04626811487238125,0.32699999999999996
2025,11,IRL.22.2_1,0.046516897872020804,0.33399999999999996
2025,11,IRL.22.3_1,0.04388847982885752,0.272
2025,11,IRL.22.4_1,0.04589235872572516,0.31700000000000006
2025,11,IRL.22.5_1,0.04479917422492878,0.2909999999999999
2025,11,IRL.23.1_1,0.04691668519057854,0.346
2025,11,IRL.23.2_1,0.04630436737389991,0.32800000000000007
2025,11,IRL.23.3_1,0.04927455231992934,0.48
2025,11,IRL.24.1_1,0.045022808420897016,0.29600000000000004
2025,11,IRL.24.2_1,0.046653877165014464,0.3380000000000001
2025,11,IRL.25.1_1,0.04742675660793199,0.363
2025,11,IRL.25.2_1,0.045110442250019825,0.29800000000000004
2025,11,IRL.25.3_1,0.047194830489016126,0.355
2025,11,IRL.25.4_1,0.04698008698541929,0.348
2025,11,IRL.25.5_1,0.04814988119262943,0.392
2025,11,IRL.26.1_1,0.04581428987514457,0.31500000000000006
2025,11,IRL.26.2_1,0.0436322907628802,0.267
2025,11,IRL.26.3_1,0.04675416374406932,0.34099999999999997
2025,11,IRL.26.4_1,0.04637615811021295,0.33000000000000007
2025,11,IRL.26.5_1,0.044844424119052026,0.2919999999999999
2025,11,IRL.3.1_1,0.047482512537913336,0.365
2025,11,IRL.3.2_1,0.04437998723670003,0.28200000000000003
2025,11,IRL.3.3_1,0.0481058195358967,0.3899999999999999
2025,11,IRL.3.4_1,0.045110442250019825,0.29800000000000004
2025,11,IRL.4.1_1,0.0475644900783197,0.368
2025,11,IRL.4.2_1,0.04794489432249727,0.383
2025,11,IRL.4.3_1,0.04685236712767099,0.344
2025,11,IRL.4.4_1,0.04917139419174232,0.46199999999999997
2025,11,IRL.4.5_1,0.047618041971247235,0.37
2025,11,IRL.4.6_1,0.043735613725489,0.269
2025,11,IRL.4.7_1,0.047194830489016126,0.355
2025,11,IRL.4.8_1,0.04433206913731389,0.281
2025,11,IRL.4.9_1,0.045110442250019825,0.29800000000000004
2025,11,IRL.5.1_1,0.045153872242213455,0.29900000000000004
2025,11,IRL.5.2_1,0.045614801468342216,0.31000000000000005
2025,11,IRL.5.3_1,0.04447501240536936,0.28400000000000003
2025,11,IRL.5.4_1,0.0440883880814995,0.276
2025,11,IRL.5.5_1,0.04336898152187278,0.262
2025,11,IRL.6.1_1,0.04930415553817197,0.51
2025,11,IRL.6.2_1,0.048842194078468196,0.43100000000000005
2025,11,IRL.6.3_1,0.04862982442554048,0.41700000000000004
2025,11,IRL.6.4_1,0.04742675660793199,0.363
2025,11,IRL.7.1_1,0.04573523700820659,0.31299999999999994
2025,11,IRL.7.2_1,0.04437998723670003,0.28200000000000003
2025,11,IRL.7.3_1,0.044427634702780626,0.2829999999999999
2025,11,IRL.7.4_1,0.04794489432249727,0.383
2025,11,IRL.7.5_1,0.045450728138743166,0.30600000000000005
2025,11,IRL.7.6_1,0.04704257621690377,0.35
2025,11,IRL.8.1_1,0.045282623422316266,0.30200000000000005
2025,11,IRL.8.2_1,0.044283879526092584,0.28
2025,11,IRL.8.3_1,0.046720967007268466,0.33999999999999997
2025,11,IRL.8.4_1,0.0464820667942262,0.3330000000000001
2025,11,IRL.8.5_1,0.0481058195358967,0.3899999999999999
2025,11,IRL.9.1_1,0.045969448573345284,0.31900000000000006
2025,11,IRL.9.2_1,0.04644700016480913,0.3320000000000001
2025,11,IRL.9.3_1,0.04549212269146771,0.30699999999999994
2025,11,IRL.9.4_1,0.047224604492781756,0.356
2025,11,IRL.9.5_1,0.04725415388230268,0.357
2025,11,ISL.1.10_1,0.016550419667573413,0.029000000000000026
2025,11,ISL.1.11_1,0.01478466868075562,0.02300000000000002
2025,11,ISL.1.12_1,0.019327069523297564,0.040000000000000036
2025,11,ISL.1.13_1,0.027209722381904684,0.08299999999999996
2025,11,ISL.1.14_1,0.02850606260814742,0.09199999999999997
2025,11,ISL.1.15_1,0.020228127440585615,0.04400000000000004
2025,11,ISL.1.16_1,0.02360467962596761,0.06099999999999994
2025,11,ISL.1.1_1,0.02000739716639953,0.04300000000000004
2025,11,ISL.1.2_1,0.024139502097579996,0.06400000000000006
2025,11,ISL.1.3_1,0.02286618279231679,0.05700000000000005
2025,11,ISL.1.4_1,0.025817949674587202,0.07399999999999995
2025,11,ISL.1.5_1,0.022676728861398116,0.05600000000000005
2025,11,ISL.1.6_1,0.019327069523297564,0.040000000000000036
2025,11,ISL.1.7_1,0.01885730958491078,0.038000000000000034
2025,11,ISL.1.8_1,0.022676728861398116,0.05600000000000005
2025,11,ISL.1.9_1,0.014141692511926283,0.02100000000000002
2025,11,ISL.2.10_1,0.01478466868075562,0.02300000000000002
2025,11,ISL.2.11_1,0.030234762668607886,0.10499999999999998
2025,11,ISL.2.12_1,0.029978868048214594,0.10299999999999998
2025,11,ISL.2.13_1,0.020661102864309017,0.04600000000000004
2025,11,ISL.2.14_1,0.014141692511926283,0.02100000000000002
2025,11,ISL.2.15_1,0.02850606260814742,0.09199999999999997
2025,11,ISL.2.16_1,0.025164649801011775,0.07000000000000006
2025,11,ISL.2.17_1,0.01198848050788303,0.015000000000000013
2025,11,ISL.2.18_1,0.0222916822971429,0.05400000000000005
2025,11,ISL.2.19_1,0.021083343744920283,0.04800000000000004
2025,11,ISL.2.1_1,0.020228127440585615,0.04400000000000004
2025,11,ISL.2.20_1,0.031224926759328524,0.11299999999999999
2025,11,ISL.2.21_1,0.014467089376954971,0.02200000000000002
2025,11,ISL.2.22_1,0.01909388902397262,0.039000000000000035
2025,11,ISL.2.23_1,0.020445999196690653,0.04500000000000004
2025,11,ISL.2.24_1,0.025656753037388742,0.07299999999999995
2025,11,ISL.2.25_1,0.020661102864309017,0.04600000000000004
2025,11,ISL.2.2_1,0.023784699051759204,0.062000000000000055
2025,11,ISL.2.3_1,0.02189809004228604,0.052000000000000046
2025,11,ISL.2.4_1,0.016824683036288767,0.030000000000000027
2025,11,ISL.2.5_1,0.021290638951071823,0.049000000000000044
2025,11,ISL.2.6_1,0.017874274303213675,0.03400000000000003
2025,11,ISL.2.7_1,0.0186172016297438,0.03700000000000003
2025,11,ISL.2.9_1,0.024997684506960365,0.06900000000000006
2025,11,ISL.3.1_1,0.032950622526466536,0.128
2025,11,ISL.3.2_1,0.03606591516318372,0.15900000000000003
2025,11,ISL.3.3_1,0.04532502997860004,0.30300000000000005
2025,11,ISL.3.4_1,0.020661102864309017,0.04600000000000004
2025,11,ISL.3.5_1,0.0347270150445878,0.14500000000000002
2025,11,ISL.3.6_1,0.02864478154528721,0.09299999999999997
2025,11,ISL.3.7_1,0.03482617355271239,0.14600000000000002
2025,11,ISL.4.10_1,0.020228127440585615,0.04400000000000004
2025,11,ISL.4.11_1,0.0186172016297438,0.03700000000000003
2025,11,ISL.4.12_1,0.025330130546950973,0.07099999999999995
2025,11,ISL.4.13_1,0.026293391611834478,0.07699999999999996
2025,11,ISL.4.1_1,0.013807925411984303,0.020000000000000018
2025,11,ISL.4.2_1,0.01978371269543491,0.04200000000000004
2025,11,ISL.4.3_1,0.029849609292163983,0.10199999999999998
2025,11,ISL.4.4_1,0.01478466868075562,0.02300000000000002
2025,11,ISL.4.5_1,0.020445999196690653,0.04500000000000004
2025,11,ISL.4.6_1,0.027060054285653824,0.08199999999999996
2025,11,ISL.4.7_1,0.027505554629489923,0.08499999999999996
2025,11,ISL.4.8_1,0.025656753037388742,0.07299999999999995
2025,11,ISL.4.9_1,0.02342286140774365,0.05999999999999994
2025,11,ISL.5.10_1,0.020661102864309017,0.04600000000000004
2025,11,ISL.5.11_1,0.02360467962596761,0.06099999999999994
2025,11,ISL.5.12_1,0.01885730958491078,0.038000000000000034
2025,11,ISL.5.13_1,0.03482617355271239,0.14600000000000002
2025,11,ISL.5.14_1,0.025330130546950973,0.07099999999999995
2025,11,ISL.5.15_1,0.016824683036288767,0.030000000000000027
2025,11,ISL.5.16_1,0.027358216156725183,0.08399999999999996
2025,11,ISL.5.17_1,0.028083717034372242,0.08899999999999997
2025,11,ISL.5.18_1,0.026293391611834478,0.07699999999999996
2025,11,ISL.5.19_1,0.020661102864309017,0.04600000000000004
2025,11,ISL.5.1_1,0.02360467962596761,0.06099999999999994
2025,11,ISL.5.20_1,0.013807925411984303,0.020000000000000018
2025,11,ISL.5.21_1,0.03370352571823653,0.135
2025,11,ISL.5.22_1,0.01885730958491078,0.038000000000000034
2025,11,ISL.5.23_1,0.03261815782307102,0.125
2025,11,ISL.5.25_1,0.022095982690489686,0.05300000000000005
2025,11,ISL.5.26_1,0.025164649801011775,0.07000000000000006
2025,11,ISL.5.27_1,0.014141692511926283,0.02100000000000002
2025,11,ISL.5.2_1,0.0222916822971429,0.05400000000000005
2025,11,ISL.5.3_1,0.024487576322194643,0.06600000000000006
2025,11,ISL.5.4_1,0.018125837223841926,0.03500000000000003
2025,11,ISL.5.5_1,0.026293391611834478,0.07699999999999996
2025,11,ISL.5.6_1,0.021495482675280998,0.050000000000000044
2025,11,ISL.5.7_1,0.02690919227336117,0.08099999999999996
2025,11,ISL.5.8_1,0.0222916822971429,0.05400000000000005
2025,11,ISL.5.9_1,0.02482920471604905,0.06799999999999995
2025,11,ISL.6.1_1,0.033060112673108336,0.129
2025,11,ISL.6.2_1,0.04276398478000556,0.251
2025,11,ISL.6.3_1,0.03845620929848478,0.18700000000000006
2025,11,ISL.6.4_1,0.03559966725091553,0.15400000000000003
2025,11,ISL.7.10_1,0.025164649801011775,0.07000000000000006
2025,11,ISL.7.11_1,0.029054956426915066,0.09599999999999997
2025,11,ISL.7.1_1,0.02323920217710033,0.05900000000000005
2025,11,ISL.7.2_1,0.023053657934260757,0.05800000000000005
2025,11,ISL.7.3_1,0.03170105235404931,0.11699999999999999
2025,11,ISL.7.4_1,0.023784699051759204,0.062000000000000055
2025,11,ISL.7.5_1,0.026449237635727308,0.07799999999999996
2025,11,ISL.7.6_1,0.026449237635727308,0.07799999999999996
2025,11,ISL.7.7_1,0.024487576322194643,0.06600000000000006
2025,11,ISL.7.8_1,0.024997684506960365,0.06900000000000006
2025,11,ISL.7.9_1,0.028225545730142264,0.08999999999999997
2025,11,ISL.8.11_1,0.02360467962596761,0.06099999999999994
2025,11,ISL.8.12_1,0.027060054285653824,0.08199999999999996
2025,11,ISL.8.13_1,0.02613624415281168,0.07599999999999996
2025,11,ISL.8.14_1,0.024659179385644596,0.06699999999999995
2025,11,ISL.8.15_1,0.02286618279231679,0.05700000000000005
2025,11,ISL.8.16_1,0.03502281513837547,0.14800000000000002
2025,11,ISL.8.1_1,0.03837682760954864,0.18599999999999994
2025,11,ISL.8.2_1,0.0267571161504167,0.07999999999999996
2025,11,ISL.8.3_1,0.022676728861398116,0.05600000000000005
2025,11,ISL.8.4_1,0.022676728861398116,0.05600000000000005
2025,11,ISL.8.5_1,0.023962960224916317,0.06300000000000006
2025,11,ISL.8.6_1,0.03422265035212298,0.14
2025,11,ISL.8.7_1,0.033168948130073914,0.13
2025,11,ISL.8.8_1,0.020661102864309017,0.04600000000000004
2025,11,ISL.8.9_1,0.013807925411984303,0.020000000000000018
2025,11,ITA.1.1_1,0.4400071499654179,0.35851392675224747
2025,11,ITA.1.2_1,0.3934715756366237,0.20634443810123493
2025,11,ITA.1.3_1,0.2861537830968536,0.3287609478157284
2025,11,ITA.1.4_1,0.2936196963505582,0.371470942490589
2025,11,ITA.10.10_1,0.6534963298623088,0.5093323472069218
2025,11,ITA.10.11_1,0.2702099039010793,0.12515389954895684
2025,11,ITA.10.12_1,0.5664528109517225,0.47467933349858205
2025,11,ITA.10.1_1,0.6910189245121221,0.4169667666069432
2025,11,ITA.10.2_1,0.6422543072798125,0.526969531531456
2025,11,ITA.10.3_1,0.5753957323919556,0.4019678425532428
2025,11,ITA.10.4_1,0.5217826970391017,0.6155204907925621
2025,11,ITA.10.5_1,0.4321785108389226,0.4016395349888794
2025,11,ITA.10.6_1,0.38323594308421777,0.6077301081866855
2025,11,ITA.10.7_1,0.40793668008084205,0.6623129754735715
2025,11,ITA.10.8_1,0.5600904999363417,0.649006638959194
2025,11,ITA.10.9_1,0.35624974558231437,0.6064992474617361
2025,11,ITA.11.1_1,0.32725640785665416,0.5107629166705279
2025,11,ITA.11.2_1,0.263619260809401,0.4238250043941364
2025,11,ITA.11.3_1,0.2895992310387656,0.442324341584189
2025,11,ITA.11.4_1,0.3349149124438866,0.3693573169841392
2025,11,ITA.11.5_1,0.37840014340564954,0.42252145949045106
2025,11,ITA.12.1_1,0.341619621916845,0.2064032770945854
2025,11,ITA.12.2_1,0.25532940103050716,0.16886388998663593
2025,11,ITA.13.1_1,0.6236726146316296,0.39473318281741376
2025,11,ITA.13.2_1,0.47499908509028554,0.32743332191125063
2025,11,ITA.13.3_1,0.38063012321806594,0.3154171033326183
2025,11,ITA.13.4_1,0.6548521354562794,0.2937336893183007
2025,11,ITA.13.5_1,0.4377589579951122,0.42926813337884084
2025,11,ITA.13.6_1,0.7150847045066729,0.2829391252891127
2025,11,ITA.13.7_1,0.333767410688746,0.24388823459557074
2025,11,ITA.13.8_1,0.3948831052109914,0.37611419571772065
2025,11,ITA.14.1_1,0.34842308664454524,0.4185948815851158
2025,11,ITA.14.2_1,0.2114923235624733,0.3836878017518982
2025,11,ITA.14.3_1,0.23890211146333162,0.35834089346682796
2025,11,ITA.14.4_1,0.3467552009815568,0.2779861202911945
2025,11,ITA.14.5_1,0.21625661102102547,0.3253204186029178
2025,11,ITA.14.6_1,0.2047564640505981,0.32653232451771474
2025,11,ITA.14.7_1,0.407902102512787,0.33554968138192887
2025,11,ITA.14.8_1,0.35036628950255055,0.3037605551298308
2025,11,ITA.15.1_1,0.2827534624941756,0.34690323860575156
2025,11,ITA.15.2_1,0.1966392547772898,0.2886499431413472
2025,11,ITA.15.3_1,0.3365750858090149,0.3825701897932381
2025,11,ITA.15.4_1,0.17100142312239644,0.2104717506413415
2025,11,ITA.15.5_1,0.42772743722434575,0.3335449838520296
2025,11,ITA.15.6_1,0.36871263527019543,0.2938056352215458
2025,11,ITA.15.7_1,0.15865419849578424,0.4275369172445955
2025,11,ITA.15.8_1,0.19820135658188529,0.35092896736118995
2025,11,ITA.15.9_1,0.21391812255737935,0.420922677419571
2025,11,ITA.16.10_1,0.25860375178498873,0.2982404052125759
2025,11,ITA.16.1_1,0.2632911468123437,0.2820716485266793
2025,11,ITA.16.2_1,0.2870142015112393,0.3088314925053305
2025,11,ITA.16.3_1,0.22314242278827653,0.3267138169239713
2025,11,ITA.16.4_1,0.20870953758590435,0.4774982768569296
2025,11,ITA.16.5_1,0.24932512724384687,0.2984221344884599
2025,11,ITA.16.6_1,0.17685772976491404,0.29923314013828817
2025,11,ITA.16.7_1,0.2813206224044724,0.36209193908209925
2025,11,ITA.16.8_1,0.20578775127096388,0.33760762796473776
2025,11,ITA.16.9_1,0.11372424454305412,0.2999270670825587
2025,11,ITA.17.1_1,0.42020858701363994,0.2478295101833744
2025,11,ITA.17.2_1,0.6700439006565838,0.40089657507957466
2025,11,ITA.18.1_1,0.2853690792311789,0.19241256320838496
2025,11,ITA.18.2_1,0.22685083532227296,0.2243795111238024
2025,11,ITA.19.1_1,0.20192666839714296,0.06339340799149062
2025,11,ITA.2.1_1,0.27848120549249766,0.3485696528110974
2025,11,ITA.2.2_1,0.1332318056679425,0.3209923545510389
2025,11,ITA.2.3_1,0.2076307621972503,0.4314387221222795
2025,11,ITA.2.4_1,0.2873774296545476,0.19978170032588738
2025,11,ITA.2.5_1,0.4663936411652564,0.5065544335856813
2025,11,ITA.2.6_1,0.23898969904819808,0.3451035948527166
2025,11,ITA.20.1_1,0.2614277702520546,0.1284142024125633
2025,11,ITA.20.2_1,0.49549107987811297,0.5791362828656698
2025,11,ITA.20.3_1,0.3452690556638882,0.6151683434067414
2025,11,ITA.20.4_1,0.45120527553240625,0.4562994164054559
2025,11,ITA.20.5_1,0.32019514901658713,0.6053316907149998
2025,11,ITA.20.6_1,0.4657991556599842,0.5129444632877302
2025,11,ITA.20.7_1,0.4833933540285249,0.36174001562318503
2025,11,ITA.3.1_1,0.2517258449876264,0.37305368794585747
2025,11,ITA.3.2_1,0.4236004106383936,0.2841880981625061
2025,11,ITA.4.1_1,0.413784024483787,0.4367753366889504
2025,11,ITA.4.2_1,0.5534152661591023,0.36036855893451913
2025,11,ITA.4.3_1,0.2447994610378155,0.4354591058949757
2025,11,ITA.4.4_1,0.4589301686666067,0.4946582447711251
2025,11,ITA.4.5_1,0.3394405137617845,0.5073119864206201
2025,11,ITA.5.1_1,0.49412506610389795,0.3657827452031187
2025,11,ITA.5.2_1,0.4020337879002238,0.37963015695352675
2025,11,ITA.5.3_1,0.4760520727116615,0.5456497606286126
2025,11,ITA.5.4_1,0.4184460844399451,0.7563357101242449
2025,11,ITA.5.5_1,0.5579973485824874,0.42186173026404783
2025,11,ITA.6.1_1,0.33266445013377194,0.31958258736074363
2025,11,ITA.6.2_1,0.23573892157138093,0.4045168335402586
2025,11,ITA.6.3_1,0.22554496572339225,0.29145841429896624
2025,11,ITA.6.4_1,0.28504392175460064,0.29434069248733297
2025,11,ITA.6.5_1,0.26348321315284245,0.2135759094403047
2025,11,ITA.6.6_1,0.2635948873847759,0.21195834601519414
2025,11,ITA.6.7_1,0.19532537915819795,0.4052267074094408
2025,11,ITA.6.8_1,0.28254939789074845,0.29894363795723933
2025,11,ITA.6.9_1,0.1992018553566736,0.37794038992464707
2025,11,ITA.7.1_1,0.20442659053835038,0.2560119230811717
2025,11,ITA.7.2_1,0.2596231705610825,0.19779073835906846
2025,11,ITA.7.3_1,0.09819153129252196,0.23203003339816108
2025,11,ITA.7.4_1,0.4119188315551519,0.18572474170846465
2025,11,ITA.8.1_1,0.4189123510349465,0.33396892506995945
2025,11,ITA.8.2_1,0.2606566466252967,0.45643437404306686
2025,11,ITA.8.3_1,0.34615613273000323,0.25082105101418894
2025,11,ITA.8.4_1,0.5017619728326554,0.4166528208241823
2025,11,ITA.8.5_1,0.3580238694255866,0.40045106175601575
2025,11,ITA.9.1_1,0.3590487202228892,0.37132260362074854
2025,11,ITA.9.2_1,0.32402185345949996,0.3045354069556362
2025,11,ITA.9.3_1,0.25810473428357467,0.4425786016367812
2025,11,ITA.9.4_1,0.34391288777314877,0.33954494009637115
2025,11,JEY.10_1,0.04862982442554048,0.41700000000000004
2025,11,JEY.9_1,0.04523996209628829,0.30100000000000005
2025,11,LIE.10_1,0.03073636449250931,0.10899999999999999
2025,11,LIE.7_1,0.0377264817893947,0.17799999999999994
2025,11,LIE.9_1,0.032950622526466536,0.128
2025,11,LTU.1.1_1,0.04187965327748944,0.236
2025,11,LTU.1.2_1,0.044707884311692536,0.28900000000000003
2025,11,LTU.1.3_1,0.04194081241318115,0.237
2025,11,LTU.1.4_1,0.03930249996529487,0.19800000000000006
2025,11,LTU.10.1_1,0.01346516566121461,0.019000000000000017
2025,11,LTU.10.2_1,0.011587850192716043,0.014000000000000012
2025,11,LTU.10.3_1,0.012749748450301267,0.017000000000000015
2025,11,LTU.10.4_1,0.016824683036288767,0.030000000000000027
2025,11,LTU.10.5_1,0.01909388902397262,0.039000000000000035
2025,11,LTU.10.6_1,0.020661102864309017,0.04600000000000004
2025,11,LTU.2.1_1,0.0186172016297438,0.03700000000000003
2025,11,LTU.2.2_1,0.018125837223841926,0.03500000000000003
2025,11,LTU.2.3_1,0.019556972661354168,0.041000000000000036
2025,11,LTU.2.4_1,0.02169794434875561,0.051000000000000045
2025,11,LTU.2.5_1,0.017093977664380706,0.030999999999999917
2025,11,LTU.2.6_1,0.017874274303213675,0.03400000000000003
2025,11,LTU.2.7_1,0.01761856786710592,0.03300000000000003
2025,11,LTU.3.1_1,0.041185325910782805,0.2250000000000001
2025,11,LTU.3.2_1,0.042592698632283446,0.2480000000000001
2025,11,LTU.3.4_1,0.04347516784065807,0.264
2025,11,LTU.3.5_1,0.0393770514385934,0.19900000000000007
2025,11,LTU.3.6_1,0.04175636740944833,0.23399999999999999
2025,11,LTU.4.1_1,0.03988818341171357,0.20599999999999996
2025,11,LTU.4.2_1,0.03892385253856027,0.19300000000000006
2025,11,LTU.4.3_1,0.037134340659731674,0.17100000000000004
2025,11,LTU.5.1_1,0.03974404027870705,0.20399999999999985
2025,11,LTU.5.2_1,0.03789165508891784,0.17999999999999994
2025,11,LTU.5.3_1,0.03837682760954864,0.18599999999999994
2025,11,LTU.5.4_1,0.03974404027870705,0.20399999999999985
2025,11,LTU.5.5_1,0.03988818341171357,0.20599999999999996
2025,11,LTU.6.1_1,0.040586845998924884,0.21599999999999986
2025,11,LTU.6.2_1,0.039451215462812286,0.19999999999999996
2025,11,LTU.6.3_1,0.040172012552874455,0.21000000000000008
2025,11,LTU.6.4_1,0.04112020456396412,0.22399999999999998
2025,11,LTU.6.5_1,0.040988939538025564,0.22199999999999998
2025,11,LTU.6.6_1,0.03988818341171357,0.20599999999999996
2025,11,LTU.7.1_1,0.03845620929848478,0.18700000000000006
2025,11,LTU.7.2_1,0.0362488568505361,0.16100000000000003
2025,11,LTU.7.3_1,0.04092279257964584,0.22099999999999997
2025,11,LTU.8.1_1,0.04078946142947053,0.21899999999999997
2025,11,LTU.8.2_1,0.03988818341171357,0.20599999999999996
2025,11,LTU.8.3_1,0.03764323574228856,0.17700000000000005
2025,11,LTU.9.1_1,0.035504861044643454,0.15300000000000002
2025,11,LTU.9.2_1,0.03959838986050318,0.20200000000000007
2025,11,LTU.9.3_1,0.03952499421896011,0.20100000000000007
2025,11,LTU.9.4_1,0.039959694850211,0.20699999999999996
2025,11,LTU.9.5_1,0.03606591516318372,0.15900000000000003
2025,11,LUX.1.1_1,0.11868568041303326,0.7279730469293539
2025,11,LUX.1.2_1,0.15128210171575998,0.7785291892436976
2025,11,LUX.1.3_1,0.15239378871959133,0.7494140511552347
2025,11,LUX.1.4_1,0.08321600124221236,0.71642226843574075
2025,11,LUX.1.5_1,0.12692884461652973,0.7631113502116023
2025,11,LUX.2.1_1,0.11671743939304931,0.3136644822130352
2025,11,LUX.2.2_1,0.1244623324545312,0.3096808816544375
2025,11,LUX.2.3_1,0.12526789860497087,0.3176180535702271
2025,11,LUX.3.1_1,0.13237032908299678,0.8210084706519694
2025,11,LUX.3.2_1,0.17133771200218975,0.8699571328061855
2025,11,LUX.3.3_1,0.23698222315186762,0.9885221416018044
2025,11,LUX.3.4_1,0.14966817052530423,0.8051369717860604
2025,11,LVA.1.1_1,0.03959838986050318,0.20200000000000007
2025,11,LVA.1.2_1,0.042820473570468434,0.252
2025,11,LVA.1.3_1,0.03660880954136339,0.16500000000000004
2025,11,LVA.1.4_1,0.040172012552874455,0.21000000000000008
2025,11,LVA.1.5_1,0.042418657032918014,0.245
2025,11,LVA.2.1_1,0.037134340659731674,0.17100000000000004
2025,11,LVA.2.2_1,0.039451215462812286,0.19999999999999996
2025,11,LVA.2.3_1,0.03755954620483949,0.17599999999999993
2025,11,LVA.2.4_1,0.035787710803972736,0.15600000000000003
2025,11,LVA.2.5_1,0.03722029308279467,0.17199999999999993
2025,11,LVA.2.6_1,0.0362488568505361,0.16100000000000003
2025,11,LVA.3.1_1,0.017874274303213675,0.03400000000000003
2025,11,LVA.3.2_1,0.016824683036288767,0.030000000000000027
2025,11,LVA.3.3_1,0.019556972661354168,0.041000000000000036
2025,11,LVA.3.4_1,0.01598595915280596,0.027000000000000024
2025,11,LVA.4.1_1,0.039816299228720445,0.20499999999999996
2025,11,LVA.4.2_1,0.03974404027870705,0.20399999999999985
2025,11,LVA.4.3_1,0.03892385253856027,0.19300000000000006
2025,11,LVA.4.4_1,0.03704792626203052,0.17000000000000004
2025,11,LVA.4.5_1,0.03884692896597934,0.19199999999999995
2025,11,LVA.4.6_1,0.04065473594768187,0.21700000000000008
2025,11,LVA.5.1_1,0.03837682760954864,0.18599999999999994
2025,11,LVA.5.2_1,0.0386918688155058,0.18999999999999995
2025,11,LVA.5.3_1,0.04045000283720392,0.21399999999999997
2025,11,LVA.5.4_1,0.0386918688155058,0.18999999999999995
2025,11,LVA.5.5_1,0.03915222580685154,0.19599999999999995
2025,11,MDA.16_1,0.045774886760868244,0.31400000000000006
2025,11,MDA.17_1,0.04589235872572516,0.31700000000000006
2025,11,MDA.20_1,0.042360024989151694,0.2440000000000001
2025,11,MDA.21_1,0.04742675660793199,0.363
2025,11,MDA.23_1,0.04589235872572516,0.31700000000000006
2025,11,MDA.24_1,0.04600762791136711,0.31999999999999995
2025,11,MDA.28_1,0.04600762791136711,0.31999999999999995
2025,11,MDA.37_1,0.047224604492781756,0.356
2025,11,MDA.5_1,0.04600762791136711,0.31999999999999995
2025,11,MDA.6_1,0.04774809389847267,0.375
2025,11,MDA.8_1,0.04698008698541929,0.348
2025,11,MKD.11_1,0.04304342757190176,0.256
2025,11,MKD.13_1,0.03678587857708836,0.16700000000000004
2025,11,MKD.14_1,0.04581428987514457,0.31500000000000006
2025,11,MKD.15_1,0.04304342757190176,0.256
2025,11,MKD.16_1,0.04336898152187278,0.262
2025,11,MKD.17_1,0.042707193501211126,0.25
2025,11,MKD.18_1,0.04358020260831933,0.266
2025,11,MKD.19_1,0.04253499258640828,0.247
2025,11,MKD.20_1,0.04447501240536936,0.28400000000000003
2025,11,MKD.21_1,0.044844424119052026,0.2919999999999999
2025,11,MKD.23_1,0.04928550758306634,0.517
2025,11,MKD.24_1,0.04589235872572516,0.31700000000000006
2025,11,MKD.25_1,0.04694850038824155,0.347
2025,11,MKD.26_1,0.04175636740944833,0.23399999999999999
2025,11,MKD.27_1,0.04461553550165871,0.2869999999999999
2025,11,MKD.28_1,0.046787129017927614,0.3420000000000001
2025,11,MKD.29_1,0.04393887424186332,0.273
2025,11,MKD.2_1,0.04713460693292685,0.3530000000000001
2025,11,MKD.30_1,0.04540908163273409,0.30499999999999994
2025,11,MKD.31_1,0.04688464092705593,0.345
2025,11,MKD.32_1,0.04479917422492878,0.2909999999999999
2025,11,MKD.33_1,0.04253499258640828,0.247
2025,11,MKD.35_1,0.045197045279087404,0.30000000000000004
2025,11,MKD.36_1,0.04688464092705593,0.345
2025,11,MKD.37_1,0.0436322907628802,0.267
2025,11,MKD.38_1,0.041185325910782805,0.2250000000000001
2025,11,MKD.39_1,0.0466875383137864,0.33899999999999997
2025,11,MKD.3_1,0.042241825923508114,0.24199999999999988
2025,11,MKD.40_1,0.0441376727032484,0.277
2025,11,MKD.41_1,0.04403882742093296,0.275
2025,11,MKD.42_1,0.04924206699679028,0.47299999999999986
2025,11,MKD.43_1,0.04423541751568946,0.279
2025,11,MKD.44_1,0.04553326597806426,0.30800000000000005
2025,11,MKD.45_1,0.04433206913731389,0.281
2025,11,MKD.46_1,0.0421822562817251,0.241
2025,11,MKD.47_1,0.03988818341171357,0.20599999999999996
2025,11,MKD.48_1,0.04612071083397134,0.32300000000000006
2025,11,MKD.49_1,0.04615792209149038,0.32399999999999995
2025,11,MKD.4_1,0.04675416374406932,0.34099999999999997
2025,11,MKD.50_1,0.04368409413128377,0.268
2025,11,MKD.51_1,0.046653877165014464,0.3380000000000001
2025,11,MKD.52_1,0.047312580498823385,0.359
2025,11,MKD.54_1,0.04253499258640828,0.247
2025,11,MKD.55_1,0.044844424119052026,0.2919999999999999
2025,11,MKD.56_1,0.0441376727032484,0.277
2025,11,MKD.57_1,0.045282623422316266,0.30200000000000005
2025,11,MKD.58_1,0.04461553550165871,0.2869999999999999
2025,11,MKD.59_1,0.04532502997860004,0.30300000000000005
2025,11,MKD.5_1,0.04789698859334505,0.381
2025,11,MKD.60_1,0.04320752428803497,0.259
2025,11,MKD.61_1,0.0430984216041852,0.257
2025,11,MKD.62_1,0.045931025715348975,0.31800000000000006
2025,11,MKD.63_1,0.04403882742093296,0.275
2025,11,MKD.64_1,0.036961046649421084,0.16900000000000004
2025,11,MKD.65_1,0.04751005884784409,0.366
2025,11,MKD.66_1,0.03829702738016549,0.18500000000000005
2025,11,MKD.67_1,0.045931025715348975,0.31800000000000006
2025,11,MKD.68_1,0.04433206913731389,0.281
2025,11,MKD.69_1,0.04553326597806426,0.30800000000000005
2025,11,MKD.6_1,0.043527828645221735,0.265
2025,11,MKD.70_1,0.041694237816008395,0.23299999999999987
2025,11,MKD.72_1,0.04393887424186332,0.273
2025,11,MKD.73_1,0.04247697914036585,0.24599999999999989
2025,11,MKD.74_1,0.04187965327748944,0.236
2025,11,MKD.75_1,0.04707347975915941,0.351
2025,11,MKD.76_1,0.04694850038824155,0.347
2025,11,MKD.77_1,0.04456896195634114,0.28600000000000003
2025,11,MKD.79_1,0.044707884311692536,0.28900000000000003
2025,11,MKD.7_1,0.04540908163273409,0.30499999999999994
2025,11,MKD.81_1,0.04150588489181781,0.22999999999999987
2025,11,MKD.83_1,0.03813616077668737,0.18300000000000005
2025,11,MKD.84_1,0.0440883880814995,0.276
2025,11,MKD.85_1,0.04253499258640828,0.247
2025,11,MKD.8_1,0.045022808420897016,0.29600000000000004
2025,11,MKD.9_1,0.04739854620761542,0.638
2025,11,MLT.1_1,0.03900037497023978,0.806
2025,11,MLT.3.11_1,0.04921292058559043,0.532
2025,11,MLT.3.3_1,0.048377128364914083,0.597
2025,11,MLT.3.5_1,0.04792104893930471,0.6179999999999999
2025,11,MLT.3.6_1,0.04600762791136711,0.68
2025,11,MLT.3.9_1,0.04644700016480913,0.668
2025,11,MLT.4.10_1,0.033491589996089595,0.867
2025,11,MLT.4.12_1,0.03216529356158003,0.879
2025,11,MLT.4.2_1,0.03227955730550973,0.878
2025,11,MLT.4.3_1,0.03036142063943004,0.894
2025,11,MLT.4.4_1,0.032950622526466536,0.872
2025,11,MLT.4.5_1,0.03521725395583712,0.85
2025,11,MLT.4.9_1,0.03261815782307102,0.875
2025,11,MLT.4_1,0.03216529356158003,0.879
2025,11,MLT.5.14_1,0.048842194078468196,0.569
2025,11,MLT.5.4_1,0.04845347708103587,0.593
2025,11,MLT.5.9_1,0.04725415388230268,0.643
2025,11,MLT.5_1,0.045774886760868244,0.6860000000000002
2025,11,MNE.10_1,0.04681986331775376,0.34299999999999997
2025,11,MNE.11_1,0.039959694850211,0.20699999999999996
2025,11,MNE.12_1,0.04368409413128377,0.268
2025,11,MNE.13_1,0.03521725395583712,0.15000000000000002
2025,11,MNE.14_1,0.03633958081358364,0.16200000000000003
2025,11,MNE.15_1,0.03512030759679338,0.14900000000000002
2025,11,MNE.16_1,0.047696727518485575,0.373
2025,11,MNE.17_1,0.03837682760954864,0.18599999999999994
2025,11,MNE.18_1,0.03633958081358364,0.16200000000000003
2025,11,MNE.19_1,0.04698008698541929,0.348
2025,11,MNE.1_1,0.03959838986050318,0.20200000000000007
2025,11,MNE.20_1,0.04801514388369464,0.386
2025,11,MNE.21_1,0.037134340659731674,0.17100000000000004
2025,11,MNE.2_1,0.04915596116767787,0.4600000000000001
2025,11,MNE.3_1,0.03967140451383029,0.20300000000000007
2025,11,MNE.4_1,0.03907649861764752,0.19500000000000006
2025,11,MNE.5_1,0.049095666579674534,0.45300000000000007
2025,11,MNE.6_1,0.044753661223654234,0.29000000000000004
2025,11,MNE.7_1,0.0441866822098382,0.278
2025,11,MNE.8_1,0.04707347975915941,0.351
2025,11,MNE.9_1,0.040172012552874455,0.21000000000000008
2025,11,NLD.1.10_1,0.04784822171310597,0.379
2025,11,NLD.1.11_1,0.048933424473843155,0.43799999999999994
2025,11,NLD.1.12_1,0.04707347975915941,0.351
2025,11,NLD.1.1_1,0.047482512537913336,0.365
2025,11,NLD.1.2_1,0.04910487891720576,0.45400000000000007
2025,11,NLD.1.3_1,0.047104156516901585,0.352
2025,11,NLD.1.4_1,0.04734145855537475,0.36
2025,11,NLD.1.5_1,0.04704257621690377,0.35
2025,11,NLD.1.6_1,0.04920649617391004,0.4670000000000001
2025,11,NLD.1.7_1,0.047194830489016126,0.355
2025,11,NLD.1.8_1,0.04902557640115997,0.44599999999999995
2025,11,NLD.1.9_1,0.046653877165014464,0.3380000000000001
2025,11,NLD.10.10_1,0.04589235872572516,0.31700000000000006
2025,11,NLD.10.11_1,0.04898111090963323,0.44199999999999995
2025,11,NLD.10.12_1,0.04565519501338059,0.31099999999999994
2025,11,NLD.10.13_1,0.04845347708103587,0.593
2025,11,NLD.10.14_1,0.04615792209149038,0.32399999999999995
2025,11,NLD.10.15_1,0.04789698859334505,0.381
2025,11,NLD.10.16_1,0.046653877165014464,0.3380000000000001
2025,11,NLD.10.17_1,0.04589235872572516,0.31700000000000006
2025,11,NLD.10.18_1,0.04589235872572516,0.31700000000000006
2025,11,NLD.10.19_1,0.04553326597806426,0.30800000000000005
2025,11,NLD.10.1_1,0.048434702441645314,0.406
2025,11,NLD.10.20_1,0.045969448573345284,0.31900000000000006
2025,11,NLD.10.21_1,0.04817159400742658,0.3930000000000001
2025,11,NLD.10.22_1,0.04637615811021295,0.33000000000000007
2025,11,NLD.10.23_1,0.04675416374406932,0.34099999999999997
2025,11,NLD.10.24_1,0.0481058195358967,0.3899999999999999
2025,11,NLD.10.25_1,0.04881430348981885,0.42900000000000005
2025,11,NLD.10.26_1,0.04913131764268012,0.4570000000000001
2025,11,NLD.10.3_1,0.049178812190926395,0.4630000000000001
2025,11,NLD.10.4_1,0.045969448573345284,0.31900000000000006
2025,11,NLD.10.5_2,0.048508554227657534,0.4099999999999999
2025,11,NLD.10.6_1,0.04615792209149038,0.32399999999999995
2025,11,NLD.10.7_1,0.04872574487955882,0.42300000000000004
2025,11,NLD.10.8_1,0.04626811487238125,0.32699999999999996
2025,11,NLD.10.9_1,0.04814988119262943,0.392
2025,11,NLD.11.12_1,0.049291823024524936,0.515
2025,11,NLD.11.13_1,0.049086254342246206,0.45200000000000007
2025,11,NLD.11.14_1,0.04931392070037807,0.5009999999999999
2025,11,NLD.11.16_1,0.04881430348981885,0.42900000000000005
2025,11,NLD.11.18_1,0.04915596116767787,0.4600000000000001
2025,11,NLD.11.21_1,0.04888250766739093,0.43399999999999994
2025,11,NLD.11.22_1,0.046411697449852386,0.669
2025,11,NLD.11.23_1,0.04864632421376186,0.41800000000000004
2025,11,NLD.11.24_1,0.049291823024524936,0.485
2025,11,NLD.11.25_1,0.04919305161373661,0.4650000000000001
2025,11,NLD.11.26_1,0.04861311893745694,0.4159999999999999
2025,11,NLD.11.27_1,0.04890837048251516,0.564
2025,11,NLD.11.28_1,0.049299814845208526,0.512
2025,11,NLD.11.30_1,0.04862982442554048,0.41700000000000004
2025,11,NLD.11.31_1,0.049095666579674534,0.547
2025,11,NLD.11.32_1,0.04849040273668494,0.40900000000000003
2025,11,NLD.11.33_1,0.049046604055203974,0.552
2025,11,NLD.11.34_1,0.048127956465367445,0.609
2025,11,NLD.11.35_1,0.04919987321002361,0.46599999999999997
2025,11,NLD.11.36_1,0.048214385042021364,0.395
2025,11,NLD.11.37_1,0.04931244125464726,0.496
2025,11,NLD.11.3_1,0.04921914652281384,0.531
2025,11,NLD.11.4_1,0.04827698930418185,0.398
2025,11,NLD.11.6_1,0.04902557640115997,0.44599999999999995
2025,11,NLD.11.7_1,0.04882835038466338,0.57
2025,11,NLD.11.8_1,0.04916377721482547,0.46099999999999997
2025,11,NLD.12.10_1,0.045614801468342216,0.31000000000000005
2025,11,NLD.12.11_1,0.04742675660793199,0.363
2025,11,NLD.12.12_1,0.04767071749009322,0.372
2025,11,NLD.12.13_1,0.04784822171310597,0.379
2025,11,NLD.12.1_1,0.04745474525398454,0.364
2025,11,NLD.12.2_1,0.048127956465367445,0.391
2025,11,NLD.12.3_1,0.045614801468342216,0.31000000000000005
2025,11,NLD.12.4_1,0.04634038160147463,0.32900000000000007
2025,11,NLD.12.5_1,0.04845347708103587,0.40700000000000003
2025,11,NLD.12.6_1,0.045450728138743166,0.30600000000000005
2025,11,NLD.12.7_1,0.04403882742093296,0.275
2025,11,NLD.12.8_1,0.04549212269146771,0.30699999999999994
2025,11,NLD.12.9_1,0.04742675660793199,0.363
2025,11,NLD.13.1_1,0.02971946105428906,0.10099999999999998
2025,11,NLD.14.100_1,0.04931244125464726,0.504
2025,11,NLD.14.101_1,0.04861311893745694,0.5840000000000001
2025,11,NLD.14.102_1,0.04910487891720576,0.546
2025,11,NLD.14.103_1,0.04857909001025196,0.586
2025,11,NLD.14.104_1,0.04862982442554048,0.583
2025,11,NLD.14.17_1,0.04681986331775376,0.657
2025,11,NLD.14.18_1,0.04734145855537475,0.64
2025,11,NLD.14.1_1,0.049270505165251464,0.5210000000000001
2025,11,NLD.14.21_1,0.04276398478000556,0.749
2025,11,NLD.14.23_1,0.04854423570003872,0.588
2025,11,NLD.14.26_1,0.04819309519618266,0.6059999999999999
2025,11,NLD.14.27_1,0.04644700016480913,0.668
2025,11,NLD.14.29_1,0.047011445442896045,0.651
2025,11,NLD.14.2_1,0.047722519536849896,0.626
2025,11,NLD.14.30_2,0.04927455231992934,0.52
2025,11,NLD.14.31_1,0.044283879526092584,0.72
2025,11,NLD.14.32_1,0.04634038160147463,0.671
2025,11,NLD.14.34_2,0.049178812190926395,0.5369999999999999
2025,11,NLD.14.36_1,0.042301081720291366,0.757
2025,11,NLD.14.38_1,0.046653877165014464,0.6619999999999999
2025,11,NLD.14.39_1,0.04912270434000065,0.544
2025,11,NLD.14.40_1,0.04924730164269793,0.526
2025,11,NLD.14.43_1,0.04892099850254638,0.563
2025,11,NLD.14.45_1,0.0436322907628802,0.733
2025,11,NLD.14.4_1,0.04928205348369894,0.518
2025,11,NLD.14.53_2,0.04928205348369894,0.518
2025,11,NLD.14.54_2,0.04926181746665718,0.477
2025,11,NLD.14.56_1,0.04092279257964584,0.779
2025,11,NLD.14.5_1,0.04880005321846285,0.572
2025,11,NLD.14.60_1,0.04924206699679028,0.5270000000000001
2025,11,NLD.14.61_1,0.04905681706775229,0.551
2025,11,NLD.14.63_1,0.048127956465367445,0.609
2025,11,NLD.14.66_1,0.042820473570468434,0.748
2025,11,NLD.14.67_2,0.047696727518485575,0.627
2025,11,NLD.14.70_1,0.04206217012242035,0.761
2025,11,NLD.14.73_1,0.04581428987514456,0.685
2025,11,NLD.14.78_1,0.0491138914673261,0.545
2025,11,NLD.14.7_2,0.04892099850254638,0.563
2025,11,NLD.14.81_1,0.0492310032726872,0.529
2025,11,NLD.14.82_1,0.04856176613811062,0.587
2025,11,NLD.14.84_1,0.04864632421376186,0.582
2025,11,NLD.14.86_1,0.049291823024524936,0.485
2025,11,NLD.14.89_1,0.04794489432249727,0.617
2025,11,NLD.14.8_1,0.04789698859334505,0.619
2025,11,NLD.14.90_1,0.04581428987514456,0.685
2025,11,NLD.14.91_1,0.04872574487955882,0.577
2025,11,NLD.14.93_1,0.04737011365684981,0.639
2025,11,NLD.14.94_1,0.04902557640115997,0.554
2025,11,NLD.14.95_1,0.048933424473843155,0.562
2025,11,NLD.14.96_1,0.04928876408362049,0.516
2025,11,NLD.14.97_1,0.048337701359825916,0.599
2025,11,NLD.14.98_1,0.044753661223654234,0.71
2025,11,NLD.14.99_1,0.045153872242213455,0.701
2025,11,NLD.2.1_1,0.04644700016480913,0.3320000000000001
2025,11,NLD.2.2_1,0.04553326597806426,0.30800000000000005
2025,11,NLD.2.3_1,0.04600762791136711,0.31999999999999995
2025,11,NLD.2.4_1,0.04447501240536936,0.28400000000000003
2025,11,NLD.2.6_1,0.0441376727032484,0.277
2025,11,NLD.3.10_1,0.046619983057431764,0.3370000000000001
2025,11,NLD.3.11_2,0.040311729943021436,0.21199999999999997
2025,11,NLD.3.14_2,0.042820473570468434,0.252
2025,11,NLD.3.1_1,0.04725415388230268,0.357
2025,11,NLD.3.20_1,0.03633958081358364,0.16200000000000003
2025,11,NLD.3.21_1,0.03805508905034151,0.18199999999999994
2025,11,NLD.3.24_1,0.03845620929848478,0.18700000000000006
2025,11,NLD.3.27_1,0.0414424409097459,0.2290000000000001
2025,11,NLD.3.29_1,0.03755954620483949,0.17599999999999993
2025,11,NLD.3.32_1,0.03687369853356853,0.16800000000000004
2025,11,NLD.3.33_1,0.03853517503352878,0.18800000000000006
2025,11,NLD.3.34_1,0.04782351451989156,0.3780000000000001
2025,11,NLD.3.35_1,0.045614801468342216,0.31000000000000005
2025,11,NLD.3.5_1,0.04003083554183499,0.20800000000000007
2025,11,NLD.4.10_1,0.048127956465367445,0.391
2025,11,NLD.4.11_1,0.047011445442896045,0.349
2025,11,NLD.4.14_1,0.04894564855028953,0.5610000000000002
2025,11,NLD.4.15_2,0.048127956465367445,0.391
2025,11,NLD.4.16_1,0.047644489094625424,0.371
2025,11,NLD.4.17_1,0.04819309519618266,0.39400000000000013
2025,11,NLD.4.18_1,0.04433206913731389,0.281
2025,11,NLD.4.20_1,0.045931025715348975,0.31800000000000006
2025,11,NLD.4.21_1,0.04694850038824155,0.347
2025,11,NLD.4.22_1,0.04581428987514457,0.31500000000000006
2025,11,NLD.4.28_1,0.04641169744985238,0.33099999999999996
2025,11,NLD.4.29_1,0.045931025715348975,0.31800000000000006
2025,11,NLD.4.30_1,0.04488941170168404,0.2929999999999999
2025,11,NLD.4.32_1,0.04619489279993376,0.32499999999999996
2025,11,NLD.4.34_1,0.04799194147937507,0.3850000000000001
2025,11,NLD.4.37_1,0.047872712960503876,0.38
2025,11,NLD.4.38_2,0.047312580498823385,0.359
2025,11,NLD.4.39_1,0.04745474525398454,0.364
2025,11,NLD.4.3_1,0.04685236712767099,0.344
2025,11,NLD.4.43_1,0.04630436737389991,0.32800000000000007
2025,11,NLD.4.44_1,0.04889554025720297,0.43500000000000005
2025,11,NLD.4.45_1,0.045774886760868244,0.31400000000000006
2025,11,NLD.4.46_1,0.047618041971247235,0.37
2025,11,NLD.4.47_1,0.04881430348981885,0.42900000000000005
2025,11,NLD.4.48_1,0.04540908163273409,0.30499999999999994
2025,11,NLD.4.49_1,0.047618041971247235,0.37
2025,11,NLD.4.4_1,0.04864632421376186,0.41800000000000004
2025,11,NLD.4.50_1,0.04675416374406932,0.34099999999999997
2025,11,NLD.4.52_1,0.04919305161373661,0.535
2025,11,NLD.4.54_1,0.04688464092705593,0.345
2025,11,NLD.4.56_1,0.04698008698541929,0.348
2025,11,NLD.4.58_1,0.046516897872020804,0.33399999999999996
2025,11,NLD.4.5_1,0.045282623422316266,0.30200000000000005
2025,11,NLD.4.60_1,0.0466875383137864,0.33899999999999997
2025,11,NLD.4.63_1,0.04644700016480913,0.3320000000000001
2025,11,NLD.4.64_1,0.04900374571054665,0.556
2025,11,NLD.4.65_1,0.04600762791136711,0.31999999999999995
2025,11,NLD.4.66_1,0.04479917422492878,0.2909999999999999
2025,11,NLD.4.68_1,0.04716483144562535,0.3540000000000001
2025,11,NLD.4.70_2,0.04856176613811062,0.41300000000000003
2025,11,NLD.4.71_2,0.045931025715348975,0.31800000000000006
2025,11,NLD.4.72_1,0.04626811487238125,0.32699999999999996
2025,11,NLD.4.73_1,0.04612071083397134,0.32300000000000006
2025,11,NLD.4.74_1,0.044427634702780626,0.2829999999999999
2025,11,NLD.4.75_1,0.044283879526092584,0.28
2025,11,NLD.4.76_1,0.04630436737389991,0.32800000000000007
2025,11,NLD.4.77_1,0.04608325844466175,0.32200000000000006
2025,11,NLD.4.78_1,0.04466184267754451,0.28800000000000003
2025,11,NLD.4.79_1,0.04626811487238125,0.32699999999999996
2025,11,NLD.4.7_1,0.0491138914673261,0.545
2025,11,NLD.4.9_1,0.04737011365684981,0.361
2025,11,NLD.5.15_1,0.04540908163273409,0.30499999999999994
2025,11,NLD.5.19_1,0.043735613725489,0.269
2025,11,NLD.5.21_1,0.04565519501338059,0.31099999999999994
2025,11,NLD.5.26_1,0.04767071749009322,0.372
2025,11,NLD.5.27_1,0.04725415388230268,0.357
2025,11,NLD.5.28_1,0.045931025715348975,0.31800000000000006
2025,11,NLD.5.29_1,0.046516897872020804,0.33399999999999996
2025,11,NLD.5.30_1,0.047312580498823385,0.359
2025,11,NLD.5.31_1,0.045066754559637344,0.29699999999999993
2025,11,NLD.5.7_2,0.0475373845679177,0.367
2025,11,NLD.6.1_1,0.017874274303213675,0.03400000000000003
2025,11,NLD.7.10_1,0.04751005884784409,0.366
2025,11,NLD.7.13_1,0.04924206699679028,0.47299999999999986
2025,11,NLD.7.16_2,0.04916377721482547,0.46099999999999997
2025,11,NLD.7.18_1,0.04817159400742658,0.3930000000000001
2025,11,NLD.7.20_1,0.04841571960633198,0.405
2025,11,NLD.7.23_1,0.04782351451989156,0.3780000000000001
2025,11,NLD.7.26_1,0.04831767380824391,0.40000000000000013
2025,11,NLD.7.28_1,0.048083470111132766,0.389
2025,11,NLD.7.29_1,0.04823546382478605,0.3959999999999999
2025,11,NLD.7.32_2,0.048127956465367445,0.391
2025,11,NLD.7.33_2,0.04927455231992934,0.48
2025,11,NLD.7.37_1,0.049147945955324505,0.4590000000000001
2025,11,NLD.7.38_1,0.04927455231992934,0.48
2025,11,NLD.7.39_1,0.04869459145721362,0.42100000000000004
2025,11,NLD.7.3_1,0.04857909001025196,0.4139999999999999
2025,11,NLD.7.42_1,0.04792104893930471,0.3819999999999999
2025,11,NLD.7.43_1,0.048472043766424736,0.4079999999999999
2025,11,NLD.7.44_2,0.04931244125464726,0.504
2025,11,NLD.7.45_1,0.04919305161373661,0.4650000000000001
2025,11,NLD.7.46_1,0.048434702441645314,0.406
2025,11,NLD.7.47_1,0.04857909001025196,0.4139999999999999
2025,11,NLD.7.48_1,0.04912270434000065,0.45600000000000007
2025,11,NLD.7.49_1,0.04801514388369464,0.386
2025,11,NLD.7.4_1,0.04817159400742658,0.3930000000000001
2025,11,NLD.7.50_1,0.048083470111132766,0.389
2025,11,NLD.7.51_1,0.04931046859129257,0.494
2025,11,NLD.7.52_1,0.04803813258656103,0.387
2025,11,NLD.7.5_1,0.047696727518485575,0.373
2025,11,NLD.7.6_1,0.04930415553817197,0.49
2025,11,NLD.7.7_1,0.04849040273668494,0.40900000000000003
2025,11,NLD.7.9_1,0.048060907894630085,0.388
2025,11,NLD.8.10_1,0.04742675660793199,0.363
2025,11,NLD.8.11_1,0.047482512537913336,0.365
2025,11,NLD.8.12_1,0.047194830489016126,0.355
2025,11,NLD.8.13_1,0.04685236712767099,0.344
2025,11,NLD.8.14_1,0.0481058195358967,0.3899999999999999
2025,11,NLD.8.15_1,0.047224604492781756,0.356
2025,11,NLD.8.16_1,0.04725415388230268,0.357
2025,11,NLD.8.17_1,0.0466875383137864,0.33899999999999997
2025,11,NLD.8.18_1,0.04864632421376186,0.41800000000000004
2025,11,NLD.8.19_1,0.0462316235363915,0.32600000000000007
2025,11,NLD.8.1_1,0.04892099850254638,0.43699999999999994
2025,11,NLD.8.20_1,0.04641169744985238,0.33099999999999996
2025,11,NLD.8.21_1,0.04917139419174232,0.46199999999999997
2025,11,NLD.8.22_1,0.048083470111132766,0.389
2025,11,NLD.8.23_1,0.04789698859334505,0.381
2025,11,NLD.8.25_1,0.046619983057431764,0.3370000000000001
2025,11,NLD.8.26_1,0.04704257621690377,0.35
2025,11,NLD.8.27_1,0.04637615811021295,0.33000000000000007
2025,11,NLD.8.28_1,0.04745474525398454,0.364
2025,11,NLD.8.30_1,0.04734145855537475,0.36
2025,11,NLD.8.31_1,0.04585344698686476,0.31599999999999995
2025,11,NLD.8.32_1,0.04734145855537475,0.36
2025,11,NLD.8.33_1,0.04612071083397134,0.32300000000000006
2025,11,NLD.8.34_1,0.0466875383137864,0.33899999999999997
2025,11,NLD.8.35_1,0.047968525063499766,0.384
2025,11,NLD.8.36_1,0.04581428987514457,0.31500000000000006
2025,11,NLD.8.38_1,0.047722519536849896,0.374
2025,11,NLD.8.3_1,0.04626811487238125,0.32699999999999996
2025,11,NLD.8.41_1,0.04641169744985238,0.33099999999999996
2025,11,NLD.8.42_1,0.04707347975915941,0.351
2025,11,NLD.8.43_1,0.0464820667942262,0.3330000000000001
2025,11,NLD.8.44_1,0.04581428987514457,0.31500000000000006
2025,11,NLD.8.45_1,0.045695339975136744,0.31200000000000006
2025,11,NLD.8.46_1,0.04691668519057854,0.346
2025,11,NLD.8.47_2,0.04694850038824155,0.347
2025,11,NLD.8.48_1,0.0462316235363915,0.32600000000000007
2025,11,NLD.8.49_1,0.04852649847216737,0.4109999999999999
2025,11,NLD.8.4_1,0.04694850038824155,0.347
2025,11,NLD.8.50_1,0.04630436737389991,0.32800000000000007
2025,11,NLD.8.52_1,0.047104156516901585,0.352
2025,11,NLD.8.54_1,0.045931025715348975,0.31800000000000006
2025,11,NLD.8.55_1,0.04626811487238125,0.32699999999999996
2025,11,NLD.8.56_1,0.04685236712767099,0.344
2025,11,NLD.8.57_1,0.04694850038824155,0.347
2025,11,NLD.8.58_1,0.048472043766424736,0.4079999999999999
2025,11,NLD.8.59_1,0.04864632421376186,0.41800000000000004
2025,11,NLD.8.5_1,0.047104156516901585,0.352
2025,11,NLD.8.60_1,0.0466875383137864,0.33899999999999997
2025,11,NLD.8.62_1,0.049086254342246206,0.45200000000000007
2025,11,NLD.8.63_2,0.04745474525398454,0.364
2025,11,NLD.8.64_1,0.04871027050957946,0.42199999999999993
2025,11,NLD.8.65_1,0.04784822171310597,0.379
2025,11,NLD.8.67_1,0.04641169744985238,0.33099999999999996
2025,11,NLD.8.69_1,0.04859620753737639,0.4149999999999999
2025,11,NLD.8.6_1,0.04713460693292685,0.3530000000000001
2025,11,NLD.8.70_1,0.04716483144562535,0.3540000000000001
2025,11,NLD.8.71_1,0.047194830489016126,0.355
2025,11,NLD.8.72_1,0.0481058195358967,0.3899999999999999
2025,11,NLD.8.7_1,0.04877094183058269,0.42599999999999993
2025,11,NLD.8.8_1,0.04716483144562535,0.3540000000000001
2025,11,NLD.8.9_1,0.047696727518485575,0.373
2025,11,NLD.9.10_1,0.048957670883116866,0.56
2025,11,NLD.9.11_1,0.049252338229543516,0.525
2025,11,NLD.9.12_2,0.0492310032726872,0.529
2025,11,NLD.9.14_1,0.04889554025720297,0.43500000000000005
2025,11,NLD.9.15_1,0.04926181746665718,0.523
2025,11,NLD.9.16_1,0.049309186317792034,0.493
2025,11,NLD.9.1_1,0.04931392070037807,0.5009999999999999
2025,11,NLD.9.21_1,0.04565519501338059,0.689
2025,11,NLD.9.23_2,0.04928550758306634,0.517
2025,11,NLD.9.25_1,0.04917139419174232,0.46199999999999997
2025,11,NLD.9.26_1,0.04864632421376186,0.582
2025,11,NLD.9.27_1,0.04921914652281384,0.531
2025,11,NLD.9.28_1,0.0491138914673261,0.545
2025,11,NLD.9.29_1,0.04872574487955882,0.42300000000000004
2025,11,NLD.9.30_1,0.04549212269146771,0.693
2025,11,NLD.9.31_1,0.04931313166817844,0.4969999999999999
2025,11,NLD.9.32_1,0.047011445442896045,0.651
2025,11,NLD.9.33_1,0.049309186317792034,0.507
2025,11,NLD.9.34_1,0.04915596116767787,0.4600000000000001
2025,11,NLD.9.3_1,0.04637615811021295,0.67
2025,11,NLD.9.41_1,0.04864632421376186,0.582
2025,11,NLD.9.42_1,0.04881430348981884,0.571
2025,11,NLD.9.43_1,0.04774809389847267,0.625
2025,11,NLD.9.44_1,0.04915596116767787,0.54
2025,11,NLD.9.47_1,0.04913131764268012,0.543
2025,11,NLD.9.48_1,0.048337701359825916,0.401
2025,11,NLD.9.49_1,0.04845347708103587,0.593
2025,11,NLD.9.4_1,0.04894564855028953,0.5610000000000002
2025,11,NLD.9.50_1,0.047011445442896045,0.651
2025,11,NLD.9.51_1,0.049147945955324505,0.541
2025,11,NLD.9.53_1,0.048933424473843155,0.43799999999999994
2025,11,NLD.9.54_1,0.04819309519618266,0.39400000000000013
2025,11,NLD.9.59_1,0.04878559939237656,0.42700000000000005
2025,11,NLD.9.61_1,0.04892099850254638,0.43699999999999994
2025,11,NLD.9.62_1,0.046787129017927614,0.658
2025,11,NLD.9.63_1,0.04589235872572516,0.683
2025,11,NLD.9.66_1,0.04896949162091332,0.5589999999999999
2025,11,NLD.9.67_1,0.04856176613811062,0.587
2025,11,NLD.9.68_1,0.04880005321846285,0.572
2025,11,NLD.9.69_1,0.04882835038466338,0.42999999999999994
2025,11,NLD.9.70_1,0.04921914652281384,0.469
2025,11,NLD.9.71_1,0.04854423570003872,0.588
2025,11,NLD.9.72_1,0.04856176613811062,0.41300000000000003
2025,11,NLD.9.73_1,0.048337701359825916,0.401
2025,11,NLD.9.7_1,0.04799194147937507,0.615
2025,11,NLD.9.9_1,0.048508554227657534,0.4099999999999999
2025,11,NOR.1.10_1,0.03569394912267843,0.15500000000000003
2025,11,NOR.1.11_1,0.04010160745971264,0.20900000000000007
2025,11,NOR.1.12_1,0.03597368984246114,0.15800000000000003
2025,11,NOR.1.13_1,0.04078946142947053,0.21899999999999997
2025,11,NOR.1.14_1,0.03952499421896011,0.20100000000000007
2025,11,NOR.1.15_1,0.04336898152187278,0.262
2025,11,NOR.1.16_1,0.03764323574228856,0.17700000000000005
2025,11,NOR.1.17_1,0.04194081241318115,0.237
2025,11,NOR.1.18_1,0.04045000283720392,0.21399999999999997
2025,11,NOR.1.19_1,0.03805508905034151,0.18199999999999994
2025,11,NOR.1.1_1,0.041378664568624164,0.2280000000000001
2025,11,NOR.1.20_1,0.04065473594768187,0.21700000000000008
2025,11,NOR.1.21_1,0.04194081241318115,0.237
2025,11,NOR.1.2_1,0.04265009852573865,0.249
2025,11,NOR.1.3_1,0.03730578672438426,0.17300000000000004
2025,11,NOR.1.4_1,0.04105474298308412,0.22299999999999998
2025,11,NOR.1.5_1,0.03660880954136339,0.16500000000000004
2025,11,NOR.1.6_1,0.0392275588338907,0.19700000000000006
2025,11,NOR.1.7_1,0.03907649861764752,0.19500000000000006
2025,11,NOR.1.8_1,0.03915222580685154,0.19599999999999995
2025,11,NOR.1.9_1,0.03615763622326992,0.16000000000000003
2025,11,NOR.10.10_1,0.024139502097579996,0.06400000000000006
2025,11,NOR.10.11_1,0.01885730958491078,0.038000000000000034
2025,11,NOR.10.12_1,0.03588095637277801,0.15700000000000003
2025,11,NOR.10.13_1,0.025164649801011775,0.07000000000000006
2025,11,NOR.10.14_1,0.027505554629489923,0.08499999999999996
2025,11,NOR.10.15_1,0.02690919227336117,0.08099999999999996
2025,11,NOR.10.16_1,0.025656753037388742,0.07299999999999995
2025,11,NOR.10.17_1,0.02482920471604905,0.06799999999999995
2025,11,NOR.10.18_1,0.025656753037388742,0.07299999999999995
2025,11,NOR.10.19_1,0.03606591516318372,0.15900000000000003
2025,11,NOR.10.1_1,0.027505554629489923,0.08499999999999996
2025,11,NOR.10.20_1,0.03158315588279641,0.11599999999999988
2025,11,NOR.10.21_1,0.025817949674587202,0.07399999999999995
2025,11,NOR.10.22_1,0.030234762668607886,0.10499999999999998
2025,11,NOR.10.23_1,0.022676728861398116,0.05600000000000005
2025,11,NOR.10.24_1,0.04626811487238125,0.32699999999999996
2025,11,NOR.10.25_1,0.025330130546950973,0.07099999999999995
2025,11,NOR.10.26_1,0.02971946105428906,0.10099999999999998
2025,11,NOR.10.27_1,0.030982236630542767,0.11099999999999999
2025,11,NOR.10.28_1,0.023962960224916317,0.06300000000000006
2025,11,NOR.10.29_1,0.02286618279231679,0.05700000000000005
2025,11,NOR.10.2_1,0.029849609292163983,0.10199999999999998
2025,11,NOR.10.31_1,0.01735853480363741,0.03200000000000003
2025,11,NOR.10.32_1,0.015094923848056016,0.02400000000000002
2025,11,NOR.10.33_1,0.033277135321004285,0.131
2025,11,NOR.10.34_1,0.023053657934260757,0.05800000000000005
2025,11,NOR.10.35_1,0.027060054285653824,0.08199999999999996
2025,11,NOR.10.36_1,0.025817949674587202,0.07399999999999995
2025,11,NOR.10.37_1,0.024139502097579996,0.06400000000000006
2025,11,NOR.10.39_1,0.02613624415281168,0.07599999999999996
2025,11,NOR.10.3_1,0.02482920471604905,0.06799999999999995
2025,11,NOR.10.41_1,0.03391298971328568,0.137
2025,11,NOR.10.42_1,0.02549415565308208,0.07199999999999995
2025,11,NOR.10.44_1,0.033168948130073914,0.13
2025,11,NOR.10.45_1,0.019556972661354168,0.041000000000000036
2025,11,NOR.10.4_1,0.013807925411984303,0.020000000000000018
2025,11,NOR.10.5_1,0.028919214262361676,0.09499999999999997
2025,11,NOR.10.6_1,0.027651756267795924,0.08599999999999997
2025,11,NOR.10.7_1,0.026449237635727308,0.07799999999999996
2025,11,NOR.10.8_1,0.032729651843363065,0.126
2025,11,NOR.10.9_1,0.02613624415281168,0.07599999999999996
2025,11,NOR.11.10_1,0.03669758339253503,0.16600000000000004
2025,11,NOR.11.11_1,0.029588411597109218,0.09999999999999998
2025,11,NOR.11.12_1,0.022676728861398116,0.05600000000000005
2025,11,NOR.11.13_1,0.027651756267795924,0.08599999999999997
2025,11,NOR.11.14_1,0.03559966725091553,0.15400000000000003
2025,11,NOR.11.15_1,0.027651756267795924,0.08599999999999997
2025,11,NOR.11.16_1,0.02342286140774365,0.05999999999999994
2025,11,NOR.11.17_1,0.02342286140774365,0.05999999999999994
2025,11,NOR.11.18_1,0.02189809004228604,0.052000000000000046
2025,11,NOR.11.19_1,0.019556972661354168,0.041000000000000036
2025,11,NOR.11.1_1,0.022095982690489686,0.05300000000000005
2025,11,NOR.11.20_1,0.03502281513837547,0.14800000000000002
2025,11,NOR.11.21_1,0.03036142063943004,0.10599999999999998
2025,11,NOR.11.22_1,0.023962960224916317,0.06300000000000006
2025,11,NOR.11.23_1,0.023784699051759204,0.062000000000000055
2025,11,NOR.11.24_1,0.02169794434875561,0.051000000000000045
2025,11,NOR.11.25_1,0.024487576322194643,0.06600000000000006
2025,11,NOR.11.26_1,0.03521725395583712,0.15000000000000002
2025,11,NOR.11.2_1,0.02549415565308208,0.07199999999999995
2025,11,NOR.11.3_1,0.023784699051759204,0.062000000000000055
2025,11,NOR.11.4_1,0.03521725395583712,0.15000000000000002
2025,11,NOR.11.5_1,0.03597368984246114,0.15800000000000003
2025,11,NOR.11.6_1,0.035504861044643454,0.15300000000000002
2025,11,NOR.11.7_1,0.020228127440585615,0.04400000000000004
2025,11,NOR.11.8_1,0.032950622526466536,0.128
2025,11,NOR.11.9_1,0.01978371269543491,0.04200000000000004
2025,11,NOR.12.1_1,0.029189734109913792,0.09699999999999998
2025,11,NOR.13.10_1,0.04488941170168404,0.2929999999999999
2025,11,NOR.13.11_1,0.04452212120566338,0.28500000000000003
2025,11,NOR.13.13_1,0.03930249996529487,0.19800000000000006
2025,11,NOR.13.16_1,0.04479917422492878,0.2909999999999999
2025,11,NOR.13.17_1,0.034016809103003566,0.138
2025,11,NOR.13.18_1,0.04105474298308412,0.22299999999999998
2025,11,NOR.13.19_1,0.04298813690453435,0.255
2025,11,NOR.13.1_1,0.039816299228720445,0.20499999999999996
2025,11,NOR.13.20_1,0.04801514388369464,0.386
2025,11,NOR.13.21_1,0.04247697914036585,0.24599999999999989
2025,11,NOR.13.22_1,0.03227955730550973,0.12200000000000011
2025,11,NOR.13.23_1,0.04378685054716181,0.27
2025,11,NOR.13.24_1,0.042418657032918014,0.245
2025,11,NOR.13.26_1,0.03967140451383029,0.20300000000000007
2025,11,NOR.13.2_1,0.0386918688155058,0.18999999999999995
2025,11,NOR.13.3_1,0.04187965327748944,0.236
2025,11,NOR.13.5_1,0.030982236630542767,0.11099999999999999
2025,11,NOR.13.6_1,0.03900037497023978,0.19399999999999995
2025,11,NOR.13.7_1,0.04206217012242035,0.23899999999999988
2025,11,NOR.13.8_1,0.04488941170168404,0.2929999999999999
2025,11,NOR.13.9_1,0.03521725395583712,0.15000000000000002
2025,11,NOR.14.10_1,0.031818206269545034,0.11799999999999988
2025,11,NOR.14.11_1,0.031818206269545034,0.11799999999999988
2025,11,NOR.14.12_1,0.039816299228720445,0.20499999999999996
2025,11,NOR.14.13_1,0.027060054285653824,0.08199999999999996
2025,11,NOR.14.14_1,0.033060112673108336,0.129
2025,11,NOR.14.15_1,0.03829702738016549,0.18500000000000005
2025,11,NOR.14.16_1,0.028782493970377444,0.09399999999999997
2025,11,NOR.14.17_1,0.022676728861398116,0.05600000000000005
2025,11,NOR.14.18_1,0.03205031895294551,0.12
2025,11,NOR.14.19_1,0.024487576322194643,0.06600000000000006
2025,11,NOR.14.1_1,0.024997684506960365,0.06900000000000006
2025,11,NOR.14.20_1,0.035787710803972736,0.15600000000000003
2025,11,NOR.14.21_1,0.04112020456396412,0.22399999999999998
2025,11,NOR.14.22_1,0.02836632239261895,0.09099999999999997
2025,11,NOR.14.23_1,0.04065473594768187,0.21700000000000008
2025,11,NOR.14.24_1,0.02482920471604905,0.06799999999999995
2025,11,NOR.14.25_1,0.041694237816008395,0.23299999999999987
2025,11,NOR.14.26_1,0.028782493970377444,0.09399999999999997
2025,11,NOR.14.2_1,0.03205031895294551,0.12
2025,11,NOR.14.3_1,0.027060054285653824,0.08199999999999996
2025,11,NOR.14.4_1,0.02850606260814742,0.09199999999999997
2025,11,NOR.14.5_1,0.03739082473149449,0.17399999999999993
2025,11,NOR.14.6_1,0.03492477200727648,0.14700000000000002
2025,11,NOR.14.7_1,0.03764323574228856,0.17700000000000005
2025,11,NOR.14.8_1,0.041694237816008395,0.23299999999999987
2025,11,NOR.14.9_1,0.033060112673108336,0.129
2025,11,NOR.15.10_1,0.03010724877881841,0.10399999999999998
2025,11,NOR.15.11_1,0.03250598213827357,0.12400000000000011
2025,11,NOR.15.12_1,0.027505554629489923,0.08499999999999996
2025,11,NOR.15.13_1,0.020661102864309017,0.04600000000000004
2025,11,NOR.15.14_1,0.033277135321004285,0.131
2025,11,NOR.15.15_1,0.03876960186476109,0.19100000000000006
2025,11,NOR.15.16_1,0.029189734109913792,0.09699999999999998
2025,11,NOR.15.17_1,0.026293391611834478,0.07699999999999996
2025,11,NOR.15.18_1,0.03391298971328568,0.137
2025,11,NOR.15.19_1,0.03010724877881841,0.10399999999999998
2025,11,NOR.15.1_1,0.034426130668099554,0.14200000000000002
2025,11,NOR.15.20_1,0.029588411597109218,0.09999999999999998
2025,11,NOR.15.21_1,0.03073636449250931,0.10899999999999999
2025,11,NOR.15.22_1,0.031818206269545034,0.11799999999999988
2025,11,NOR.15.23_1,0.02971946105428906,0.10099999999999998
2025,11,NOR.15.24_1,0.03952499421896011,0.20100000000000007
2025,11,NOR.15.25_1,0.022095982690489686,0.05300000000000005
2025,11,NOR.15.2_1,0.029588411597109218,0.09999999999999998
2025,11,NOR.15.3_1,0.03755954620483949,0.17599999999999993
2025,11,NOR.15.4_1,0.04092279257964584,0.22099999999999997
2025,11,NOR.15.5_1,0.032729651843363065,0.126
2025,11,NOR.15.6_1,0.03884692896597934,0.19199999999999995
2025,11,NOR.15.7_1,0.024997684506960365,0.06900000000000006
2025,11,NOR.15.8_1,0.03193462580160344,0.119
2025,11,NOR.15.9_1,0.037134340659731674,0.17100000000000004
2025,11,NOR.16.10_1,0.032729651843363065,0.126
2025,11,NOR.16.11_1,0.04479917422492878,0.2909999999999999
2025,11,NOR.16.12_1,0.03521725395583712,0.15000000000000002
2025,11,NOR.16.13_1,0.03146450850879194,0.11499999999999988
2025,11,NOR.16.14_1,0.03764323574228856,0.17700000000000005
2025,11,NOR.16.15_1,0.03747541020585919,0.17500000000000004
2025,11,NOR.16.16_1,0.027358216156725183,0.08399999999999996
2025,11,NOR.16.17_1,0.030487233358928344,0.10699999999999998
2025,11,NOR.16.18_1,0.027796839009702336,0.08699999999999997
2025,11,NOR.16.1_1,0.04024205274664436,0.21099999999999997
2025,11,NOR.16.2_1,0.035787710803972736,0.15600000000000003
2025,11,NOR.16.3_1,0.03789165508891784,0.17999999999999994
2025,11,NOR.16.4_1,0.02932356061028363,0.09799999999999998
2025,11,NOR.16.5_1,0.02597777164033627,0.07499999999999996
2025,11,NOR.16.6_1,0.04112020456396412,0.22399999999999998
2025,11,NOR.16.7_1,0.03521725395583712,0.15000000000000002
2025,11,NOR.16.8_1,0.03739082473149449,0.17399999999999993
2025,11,NOR.16.9_1,0.03821680598848177,0.18399999999999994
2025,11,NOR.17.10_1,0.027358216156725183,0.08399999999999996
2025,11,NOR.17.11_1,0.021083343744920283,0.04800000000000004
2025,11,NOR.17.12_1,0.01761856786710592,0.03300000000000003
2025,11,NOR.17.13_1,0.02189809004228604,0.052000000000000046
2025,11,NOR.17.14_1,0.027505554629489923,0.08499999999999996
2025,11,NOR.17.15_1,0.019327069523297564,0.040000000000000036
2025,11,NOR.17.16_1,0.0186172016297438,0.03700000000000003
2025,11,NOR.17.17_1,0.01735853480363741,0.03200000000000003
2025,11,NOR.17.18_1,0.024139502097579996,0.06400000000000006
2025,11,NOR.17.19_1,0.01978371269543491,0.04200000000000004
2025,11,NOR.17.1_1,0.018373426824734782,0.03600000000000003
2025,11,NOR.17.20_1,0.031103974767997058,0.1120000000000001
2025,11,NOR.17.21_1,0.02342286140774365,0.05999999999999994
2025,11,NOR.17.22_1,0.01478466868075562,0.02300000000000002
2025,11,NOR.17.23_1,0.027209722381904684,0.08299999999999996
2025,11,NOR.17.24_1,0.02482920471604905,0.06799999999999995
2025,11,NOR.17.25_1,0.02342286140774365,0.05999999999999994
2025,11,NOR.17.2_1,0.02000739716639953,0.04300000000000004
2025,11,NOR.17.3_1,0.022485246123515518,0.05500000000000005
2025,11,NOR.17.4_1,0.02613624415281168,0.07599999999999996
2025,11,NOR.17.5_1,0.025330130546950973,0.07099999999999995
2025,11,NOR.17.6_1,0.017874274303213675,0.03400000000000003
2025,11,NOR.17.7_1,0.028225545730142264,0.08999999999999997
2025,11,NOR.17.8_1,0.02342286140774365,0.05999999999999994
2025,11,NOR.17.9_1,0.021495482675280998,0.050000000000000044
2025,11,NOR.18.10_1,0.04447501240536936,0.28400000000000003
2025,11,NOR.18.11_1,0.03452699853931322,0.14300000000000002
2025,11,NOR.18.12_1,0.0377264817893947,0.17799999999999994
2025,11,NOR.18.13_1,0.04347516784065807,0.264
2025,11,NOR.18.14_1,0.040172012552874455,0.21000000000000008
2025,11,NOR.18.15_1,0.041378664568624164,0.2280000000000001
2025,11,NOR.18.1_1,0.03134510170509333,0.1140000000000001
2025,11,NOR.18.2_1,0.032729651843363065,0.126
2025,11,NOR.18.3_1,0.04253499258640828,0.247
2025,11,NOR.18.4_1,0.04051860222570782,0.21499999999999997
2025,11,NOR.18.5_1,0.03837682760954864,0.18599999999999994
2025,11,NOR.18.6_1,0.046619983057431764,0.3370000000000001
2025,11,NOR.18.7_1,0.03797358807768206,0.18100000000000005
2025,11,NOR.18.8_1,0.04194081241318115,0.237
2025,11,NOR.18.9_1,0.04150588489181781,0.22999999999999987
2025,11,NOR.19.10_1,0.04493413776069529,0.29400000000000004
2025,11,NOR.19.11_1,0.040172012552874455,0.21000000000000008
2025,11,NOR.19.12_1,0.03853517503352878,0.18800000000000006
2025,11,NOR.19.13_1,0.04304342757190176,0.256
2025,11,NOR.19.14_1,0.04347516784065807,0.264
2025,11,NOR.19.15_1,0.04024205274664436,0.21099999999999997
2025,11,NOR.19.1_1,0.03952499421896011,0.20100000000000007
2025,11,NOR.19.2_1,0.04358020260831933,0.266
2025,11,NOR.19.3_1,0.03747541020585919,0.17500000000000004
2025,11,NOR.19.4_1,0.03845620929848478,0.18700000000000006
2025,11,NOR.19.5_1,0.03704792626203052,0.17000000000000004
2025,11,NOR.19.6_1,0.04342221915101733,0.263
2025,11,NOR.19.7_1,0.04497860307625147,0.29499999999999993
2025,11,NOR.19.8_1,0.03907649861764752,0.19500000000000006
2025,11,NOR.19.9_1,0.0377264817893947,0.17799999999999994
2025,11,NOR.2.10_1,0.04003083554183499,0.20800000000000007
2025,11,NOR.2.11_1,0.04378685054716181,0.27
2025,11,NOR.2.12_1,0.04131455432928723,0.22699999999999998
2025,11,NOR.2.13_1,0.042592698632283446,0.2480000000000001
2025,11,NOR.2.14_1,0.03952499421896011,0.20100000000000007
2025,11,NOR.2.15_1,0.04403882742093296,0.275
2025,11,NOR.2.16_1,0.03876960186476109,0.19100000000000006
2025,11,NOR.2.17_1,0.04206217012242035,0.23899999999999988
2025,11,NOR.2.18_1,0.04589235872572516,0.31700000000000006
2025,11,NOR.2.19_1,0.04105474298308412,0.22299999999999998
2025,11,NOR.2.1_1,0.04092279257964584,0.22099999999999997
2025,11,NOR.2.20_1,0.04105474298308412,0.22299999999999998
2025,11,NOR.2.21_1,0.04051860222570782,0.21499999999999997
2025,11,NOR.2.22_1,0.04003083554183499,0.20800000000000007
2025,11,NOR.2.2_1,0.04131455432928723,0.22699999999999998
2025,11,NOR.2.3_1,0.045614801468342216,0.31000000000000005
2025,11,NOR.2.4_1,0.04085630043948545,0.21999999999999997
2025,11,NOR.2.5_1,0.04803813258656103,0.387
2025,11,NOR.2.6_1,0.04608325844466175,0.32200000000000006
2025,11,NOR.2.7_1,0.041185325910782805,0.2250000000000001
2025,11,NOR.2.8_1,0.04206217012242035,0.23899999999999988
2025,11,NOR.2.9_1,0.04253499258640828,0.247
2025,11,NOR.3.10_1,0.039816299228720445,0.20499999999999996
2025,11,NOR.3.11_1,0.04163178184876155,0.23199999999999998
2025,11,NOR.3.12_1,0.04388847982885752,0.272
2025,11,NOR.3.13_1,0.0414424409097459,0.2290000000000001
2025,11,NOR.3.14_1,0.033168948130073914,0.13
2025,11,NOR.3.15_1,0.03853517503352878,0.18800000000000006
2025,11,NOR.3.1_1,0.03837682760954864,0.18599999999999994
2025,11,NOR.3.2_1,0.04206217012242035,0.23899999999999988
2025,11,NOR.3.3_1,0.0393770514385934,0.19900000000000007
2025,11,NOR.3.4_1,0.03482617355271239,0.14600000000000002
2025,11,NOR.3.5_1,0.03391298971328568,0.137
2025,11,NOR.3.6_1,0.03884692896597934,0.19199999999999995
2025,11,NOR.3.7_1,0.0393770514385934,0.19900000000000007
2025,11,NOR.3.8_1,0.03959838986050318,0.20200000000000007
2025,11,NOR.3.9_1,0.04194081241318115,0.237
2025,11,NOR.4.10_1,0.035787710803972736,0.15600000000000003
2025,11,NOR.4.11_1,0.03010724877881841,0.10399999999999998
2025,11,NOR.4.12_1,0.03739082473149449,0.17399999999999993
2025,11,NOR.4.13_1,0.03452699853931322,0.14300000000000002
2025,11,NOR.4.14_1,0.03813616077668737,0.18300000000000005
2025,11,NOR.4.15_1,0.028225545730142264,0.08999999999999997
2025,11,NOR.4.16_1,0.024997684506960365,0.06900000000000006
2025,11,NOR.4.17_1,0.03892385253856027,0.19300000000000006
2025,11,NOR.4.18_1,0.035504861044643454,0.15300000000000002
2025,11,NOR.4.19_1,0.02549415565308208,0.07199999999999995
2025,11,NOR.4.1_1,0.02286618279231679,0.05700000000000005
2025,11,NOR.4.20_1,0.03967140451383029,0.20300000000000007
2025,11,NOR.4.21_1,0.027796839009702336,0.08699999999999997
2025,11,NOR.4.2_1,0.04045000283720392,0.21399999999999997
2025,11,NOR.4.3_1,0.029588411597109218,0.09999999999999998
2025,11,NOR.4.4_1,0.03250598213827357,0.12400000000000011
2025,11,NOR.4.5_1,0.024997684506960365,0.06900000000000006
2025,11,NOR.4.6_1,0.01978371269543491,0.04200000000000004
2025,11,NOR.4.7_1,0.02431436212030243,0.06499999999999995
2025,11,NOR.4.8_1,0.03687369853356853,0.16800000000000004
2025,11,NOR.4.9_1,0.04347516784065807,0.264
2025,11,NOR.5.10_1,0.019327069523297564,0.040000000000000036
2025,11,NOR.5.11_1,0.01909388902397262,0.039000000000000035
2025,11,NOR.5.12_1,0.030859703043186852,0.10999999999999999
2025,11,NOR.5.13_1,0.01761856786710592,0.03300000000000003
2025,11,NOR.5.14_1,0.03146450850879194,0.11499999999999988
2025,11,NOR.5.15_1,0.016824683036288767,0.030000000000000027
2025,11,NOR.5.16_1,0.025164649801011775,0.07000000000000006
2025,11,NOR.5.17_1,0.01909388902397262,0.039000000000000035
2025,11,NOR.5.18_1,0.022676728861398116,0.05600000000000005
2025,11,NOR.5.19_1,0.027940820284827163,0.08799999999999997
2025,11,NOR.5.1_1,0.014467089376954971,0.02200000000000002
2025,11,NOR.5.2_1,0.025164649801011775,0.07000000000000006
2025,11,NOR.5.3_1,0.02836632239261895,0.09099999999999997
2025,11,NOR.5.4_1,0.02549415565308208,0.07199999999999995
2025,11,NOR.5.5_1,0.0377264817893947,0.17799999999999994
2025,11,NOR.5.6_1,0.03482617355271239,0.14600000000000002
2025,11,NOR.5.7_1,0.019556972661354168,0.041000000000000036
2025,11,NOR.5.8_1,0.016550419667573413,0.029000000000000026
2025,11,NOR.5.9_1,0.017093977664380706,0.030999999999999917
2025,11,NOR.6.10_1,0.03559966725091553,0.15400000000000003
2025,11,NOR.6.11_1,0.03687369853356853,0.16800000000000004
2025,11,NOR.6.12_1,0.03633958081358364,0.16200000000000003
2025,11,NOR.6.13_1,0.026603805096057996,0.07899999999999996
2025,11,NOR.6.14_1,0.027060054285653824,0.08199999999999996
2025,11,NOR.6.15_1,0.035409526292269906,0.15200000000000002
2025,11,NOR.6.16_1,0.03755954620483949,0.17599999999999993
2025,11,NOR.6.17_1,0.03531365871311622,0.15100000000000002
2025,11,NOR.6.18_1,0.026293391611834478,0.07699999999999996
2025,11,NOR.6.19_1,0.02431436212030243,0.06499999999999995
2025,11,NOR.6.1_1,0.024487576322194643,0.06600000000000006
2025,11,NOR.6.20_1,0.029978868048214594,0.10299999999999998
2025,11,NOR.6.21_1,0.02360467962596761,0.06099999999999994
2025,11,NOR.6.22_1,0.032840471141942086,0.127
2025,11,NOR.6.2_1,0.03261815782307102,0.125
2025,11,NOR.6.3_1,0.03531365871311622,0.15100000000000002
2025,11,NOR.6.4_1,0.03704792626203052,0.17000000000000004
2025,11,NOR.6.5_1,0.037134340659731674,0.17100000000000004
2025,11,NOR.6.6_1,0.022095982690489686,0.05300000000000005
2025,11,NOR.6.7_1,0.021290638951071823,0.049000000000000044
2025,11,NOR.6.8_1,0.03462729167160481,0.14400000000000002
2025,11,NOR.6.9_1,0.03502281513837547,0.14800000000000002
2025,11,NOR.7.10_1,0.043735613725489,0.269
2025,11,NOR.7.11_1,0.035787710803972736,0.15600000000000003
2025,11,NOR.7.12_1,0.03391298971328568,0.137
2025,11,NOR.7.13_1,0.03250598213827357,0.12400000000000011
2025,11,NOR.7.14_1,0.033060112673108336,0.129
2025,11,NOR.7.15_1,0.03370352571823653,0.135
2025,11,NOR.7.16_1,0.03974404027870705,0.20399999999999985
2025,11,NOR.7.17_1,0.03651955353286177,0.16400000000000003
2025,11,NOR.7.18_1,0.042592698632283446,0.2480000000000001
2025,11,NOR.7.19_1,0.027940820284827163,0.08799999999999997
2025,11,NOR.7.1_1,0.04433206913731389,0.281
2025,11,NOR.7.20_1,0.02690919227336117,0.08099999999999996
2025,11,NOR.7.21_1,0.03900037497023978,0.19399999999999995
2025,11,NOR.7.22_1,0.03789165508891784,0.17999999999999994
2025,11,NOR.7.23_1,0.03805508905034151,0.18199999999999994
2025,11,NOR.7.25_1,0.0421822562817251,0.241
2025,11,NOR.7.26_1,0.03452699853931322,0.14300000000000002
2025,11,NOR.7.27_1,0.04276398478000556,0.251
2025,11,NOR.7.28_1,0.04378685054716181,0.27
2025,11,NOR.7.29_1,0.04293254845601885,0.254
2025,11,NOR.7.30_1,0.03829702738016549,0.18500000000000005
2025,11,NOR.7.31_1,0.02597777164033627,0.07499999999999996
2025,11,NOR.7.32_1,0.0267571161504167,0.07999999999999996
2025,11,NOR.7.33_1,0.034426130668099554,0.14200000000000002
2025,11,NOR.7.34_1,0.03338468054825909,0.132
2025,11,NOR.7.3_1,0.043735613725489,0.269
2025,11,NOR.7.4_1,0.0441866822098382,0.278
2025,11,NOR.7.5_1,0.04368409413128377,0.268
2025,11,NOR.7.6_1,0.025164649801011775,0.07000000000000006
2025,11,NOR.7.7_1,0.032840471141942086,0.127
2025,11,NOR.7.9_1,0.042707193501211126,0.25
2025,11,NOR.8.10_1,0.026603805096057996,0.07899999999999996
2025,11,NOR.8.11_1,0.03747541020585919,0.17500000000000004
2025,11,NOR.8.12_1,0.03829702738016549,0.18500000000000005
2025,11,NOR.8.13_1,0.042820473570468434,0.252
2025,11,NOR.8.16_1,0.035409526292269906,0.15200000000000002
2025,11,NOR.8.17_1,0.024139502097579996,0.06400000000000006
2025,11,NOR.8.18_1,0.024659179385644596,0.06699999999999995
2025,11,NOR.8.19_1,0.03391298971328568,0.137
2025,11,NOR.8.1_1,0.04194081241318115,0.237
2025,11,NOR.8.20_1,0.03412002750331444,0.139
2025,11,NOR.8.21_1,0.02597777164033627,0.07499999999999996
2025,11,NOR.8.22_1,0.027358216156725183,0.08399999999999996
2025,11,NOR.8.23_1,0.033491589996089595,0.133
2025,11,NOR.8.25_1,0.037134340659731674,0.17100000000000004
2025,11,NOR.8.26_1,0.04163178184876155,0.23199999999999998
2025,11,NOR.8.27_1,0.029456448892262486,0.09899999999999998
2025,11,NOR.8.28_1,0.029189734109913792,0.09699999999999998
2025,11,NOR.8.30_1,0.0222916822971429,0.05400000000000005
2025,11,NOR.8.31_1,0.026449237635727308,0.07799999999999996
2025,11,NOR.8.32_1,0.032950622526466536,0.128
2025,11,NOR.8.33_1,0.03250598213827357,0.12400000000000011
2025,11,NOR.8.34_1,0.030487233358928344,0.10699999999999998
2025,11,NOR.8.35_1,0.040172012552874455,0.21000000000000008
2025,11,NOR.8.36_1,0.03747541020585919,0.17500000000000004
2025,11,NOR.8.37_1,0.03531365871311622,0.15100000000000002
2025,11,NOR.8.38_1,0.033491589996089595,0.133
2025,11,NOR.8.3_1,0.03502281513837547,0.14800000000000002
2025,11,NOR.8.4_1,0.03730578672438426,0.17300000000000004
2025,11,NOR.8.5_1,0.03597368984246114,0.15800000000000003
2025,11,NOR.8.6_1,0.03678587857708836,0.16700000000000004
2025,11,NOR.8.7_1,0.03821680598848177,0.18399999999999994
2025,11,NOR.8.9_1,0.033168948130073914,0.13
2025,11,NOR.9.10_1,0.027358216156725183,0.08399999999999996
2025,11,NOR.9.11_1,0.027358216156725183,0.08399999999999996
2025,11,NOR.9.12_1,0.03359786973370498,0.134
2025,11,NOR.9.13_1,0.029189734109913792,0.09699999999999998
2025,11,NOR.9.14_1,0.034016809103003566,0.138
2025,11,NOR.9.15_1,0.033491589996089595,0.133
2025,11,NOR.9.16_1,0.030612211248766067,0.10799999999999998
2025,11,NOR.9.17_1,0.032840471141942086,0.127
2025,11,NOR.9.18_1,0.025656753037388742,0.07299999999999995
2025,11,NOR.9.19_1,0.031818206269545034,0.11799999999999988
2025,11,NOR.9.1_1,0.03036142063943004,0.10599999999999998
2025,11,NOR.9.20_1,0.03588095637277801,0.15700000000000003
2025,11,NOR.9.21_1,0.03216529356158003,0.12099999999999989
2025,11,NOR.9.22_1,0.03482617355271239,0.14600000000000002
2025,11,NOR.9.23_1,0.03391298971328568,0.137
2025,11,NOR.9.24_1,0.03900037497023978,0.19399999999999995
2025,11,NOR.9.2_1,0.027358216156725183,0.08399999999999996
2025,11,NOR.9.3_1,0.028919214262361676,0.09499999999999997
2025,11,NOR.9.4_1,0.03158315588279641,0.11599999999999988
2025,11,NOR.9.5_1,0.03134510170509333,0.1140000000000001
2025,11,NOR.9.6_1,0.03747541020585919,0.17500000000000004
2025,11,NOR.9.7_1,0.03036142063943004,0.10599999999999998
2025,11,NOR.9.8_1,0.035504861044643454,0.15300000000000002
2025,11,NOR.9.9_1,0.034324682991112576,0.14100000000000001
2025,11,POL.1.10_1,0.03974404027870705,0.20399999999999985
2025,11,POL.1.11_1,0.11550080276188161,0.25521062723861576
2025,11,POL.1.12_1,0.1036178964289035,0.21612332924974287
2025,11,POL.1.13_1,0.08172182635843037,0.2389858355810991
2025,11,POL.1.14_1,0.08468835394457182,0.19349485222822882
2025,11,POL.1.15_1,0.06762820401051604,0.20748675194515842
2025,11,POL.1.16_1,0.08192636447737418,0.24118535289560095
2025,11,POL.1.17_1,0.11185115350698444,0.22170879677079602
2025,11,POL.1.18_1,0.09901970195282865,0.23339832092459867
2025,11,POL.1.19_1,0.0897425731794944,0.22898747695516464
2025,11,POL.1.1_1,0.09898020242886713,0.23557104446049904
2025,11,POL.1.20_1,0.08848661164708559,0.2186934865868816
2025,11,POL.1.21_1,0.11303457409132982,0.23035782745586997
2025,11,POL.1.22_1,0.09771998181002536,0.22456588887991513
2025,11,POL.1.23_1,0.11486639904140315,0.20251171561308512
2025,11,POL.1.24_1,0.06828415939018004,0.21434076222903653
2025,11,POL.1.25_1,0.04532502997860004,0.30300000000000005
2025,11,POL.1.26_1,0.11943346448849881,0.22477697376820527
2025,11,POL.1.27_1,0.10413705809928786,0.2179591705689552
2025,11,POL.1.28_1,0.10939681378382103,0.25536899351056375
2025,11,POL.1.29_1,0.09797046323820621,0.22838929867664248
2025,11,POL.1.2_1,0.10588591580015187,0.23206855423568096
2025,11,POL.1.3_1,0.1024016505980278,0.26563965218828034
2025,11,POL.1.4_1,0.08003651663988065,0.22472127818519438
2025,11,POL.1.5_1,0.09961773678828982,0.2460045072664806
2025,11,POL.1.6_1,0.042301081720291366,0.243
2025,11,POL.1.7_1,0.11276903250268136,0.19111758679692714
2025,11,POL.1.8_1,0.07479998829269956,0.18742382685533787
2025,11,POL.1.9_1,0.1420590282355959,0.19845628157916195
2025,11,POL.10.10_1,0.10695009136141098,0.23414534440214863
2025,11,POL.10.11_1,0.08933925692302132,0.22743546807025217
2025,11,POL.10.12_1,0.12137533661932372,0.23561423737188691
2025,11,POL.10.13_1,0.1259095755011107,0.22558238342165915
2025,11,POL.10.14_1,0.04393887424186332,0.273
2025,11,POL.10.15_1,0.11650572483437355,0.2091938872416289
2025,11,POL.10.16_1,0.12683838030842684,0.2300702133361311
2025,11,POL.10.17_1,0.08872582962273622,0.222241794424462
2025,11,POL.10.1_1,0.10549650773545954,0.22738338840087668
2025,11,POL.10.2_1,0.04466184267754451,0.28800000000000003
2025,11,POL.10.3_1,0.15471655653214958,0.22829394993633423
2025,11,POL.10.4_1,0.11263913594600551,0.2253123632510149
2025,11,POL.10.5_1,0.09634232979088261,0.21622568513844864
2025,11,POL.10.6_1,0.11932537621449489,0.2254137776857852
2025,11,POL.10.7_1,0.095510956731948607,0.2116232108844287
2025,11,POL.10.8_1,0.04131455432928723,0.22699999999999998
2025,11,POL.10.9_1,0.11919421882314901,0.22321914861227143
2025,11,POL.11.10_1,0.09331729287106832,0.2619229834486342
2025,11,POL.11.11_1,0.10360832038204783,0.27633863062465935
2025,11,POL.11.12_1,0.0967915491813641,0.29218330641323165
2025,11,POL.11.13_1,0.0970478851490134,0.3030323515850636
2025,11,POL.11.14_1,0.04383780558780022,0.271
2025,11,POL.11.15_1,0.12751735794350044,0.23525105245351285
2025,11,POL.11.16_1,0.04906682970510582,0.44999999999999996
2025,11,POL.11.17_1,0.14436372363847214,0.2332382416464448
2025,11,POL.11.18_1,0.09050755002627792,0.23413969154675007
2025,11,POL.11.19_1,0.1009683802339669,0.25280332834070485
2025,11,POL.11.1_1,0.12694237038774894,0.23069934424399807
2025,11,POL.11.20_1,0.13028371927038715,0.25114131840974085
2025,11,POL.11.2_1,0.09056685795990442,0.23619233270925122
2025,11,POL.11.3_1,0.10611955307088498,0.23215341746644225
2025,11,POL.11.4_1,0.04549212269146771,0.30699999999999994
2025,11,POL.11.5_1,0.1180215024543148,0.2627536517115805
2025,11,POL.11.6_1,0.045450728138743166,0.30600000000000005
2025,11,POL.11.7_1,0.11358499260200708,0.2302651487738172
2025,11,POL.11.8_1,0.11161051463043886,0.22014737081772517
2025,11,POL.11.9_1,0.09689069128769208,0.21940314886821854
2025,11,POL.12.10_1,0.041694237816008395,0.23299999999999987
2025,11,POL.12.11_1,0.042707193501211126,0.25
2025,11,POL.12.12_1,0.11427712955757734,0.23519944893031475
2025,11,POL.12.13_1,0.042360024989151694,0.2440000000000001
2025,11,POL.12.14_1,0.04065473594768187,0.21700000000000008
2025,11,POL.12.15_1,0.04447501240536936,0.28400000000000003
2025,11,POL.12.16_1,0.11750254946002901,0.21452348573518099
2025,11,POL.12.17_1,0.11224343129135592,0.2223818082863388
2025,11,POL.12.18_1,0.09099659311256857,0.2375157140708578
2025,11,POL.12.19_1,0.043315453887845745,0.261
2025,11,POL.12.1_1,0.11620245685511583,0.25063544745920274
2025,11,POL.12.20_1,0.08878249302037235,0.22117285593858993
2025,11,POL.12.21_1,0.0415689980366121,0.23099999999999998
2025,11,POL.12.22_1,0.09927699663026661,0.23714909231929682
2025,11,POL.12.23_1,0.11295502883214666,0.22705560534886493
2025,11,POL.12.24_1,0.04383780558780022,0.271
2025,11,POL.12.25_1,0.042592698632283446,0.2480000000000001
2025,11,POL.12.26_1,0.08860366652679803,0.21930455960652306
2025,11,POL.12.27_1,0.044707884311692536,0.28900000000000003
2025,11,POL.12.28_1,0.045022808420897016,0.29600000000000004
2025,11,POL.12.29_1,0.04433206913731389,0.281
2025,11,POL.12.2_1,0.03967140451383029,0.20300000000000007
2025,11,POL.12.30_1,0.12330615291516239,0.24823134629101906
2025,11,POL.12.31_1,0.04078946142947053,0.21899999999999997
2025,11,POL.12.32_1,0.12492711863712162,0.25871689979126256
2025,11,POL.12.33_1,0.04212237146341945,0.24
2025,11,POL.12.34_1,0.1244862068520764,0.217943134481276
2025,11,POL.12.35_1,0.0407222738416092,0.21799999999999986
2025,11,POL.12.36_1,0.14223274577262163,0.18037626701681453
2025,11,POL.12.3_1,0.12646956908764848,0.2285975022298543
2025,11,POL.12.4_1,0.0914227655359919,0.24078931567739026
2025,11,POL.12.5_1,0.04287666106815927,0.253
2025,11,POL.12.6_1,0.043315453887845745,0.261
2025,11,POL.12.7_1,0.1399744886115244,0.23829956490401394
2025,11,POL.12.8_1,0.0440883880814995,0.276
2025,11,POL.12.9_1,0.16046609122797395,0.23113282098266485
2025,11,POL.13.10_1,0.12194139522941455,0.24033705915453674
2025,11,POL.13.11_1,0.08712211647671474,0.20910581651755444
2025,11,POL.13.12_1,0.09012125901207914,0.2310018344057565
2025,11,POL.13.13_1,0.11548972728674453,0.24213616182116215
2025,11,POL.13.14_1,0.09853355705527368,0.2300610858849126
2025,11,POL.13.1_1,0.11269504002494873,0.22483899277181085
2025,11,POL.13.2_1,0.1208097257059328,0.23245902957300768
2025,11,POL.13.3_1,0.09194371109619515,0.24510113088106777
2025,11,POL.13.4_1,0.04493413776069529,0.29400000000000004
2025,11,POL.13.5_1,0.17512376880204986,0.23272641998393895
2025,11,POL.13.6_1,0.11516271163546932,0.24001191364470265
2025,11,POL.13.7_1,0.1140222029571148,0.2329821200844261
2025,11,POL.13.8_1,0.10109056423185402,0.25350170418183593
2025,11,POL.13.9_1,0.08692336984326518,0.20768155808622812
2025,11,POL.14.10_1,0.09785233617991204,0.22830058367549944
2025,11,POL.14.11_1,0.08849293249821262,0.21905292369671747
2025,11,POL.14.12_1,0.09056943568472728,0.23856874066907985
2025,11,POL.14.13_1,0.0787658361416439,0.21507319495977373
2025,11,POL.14.14_1,0.08897282325050118,0.22337896350519648
2025,11,POL.14.15_1,0.07680927239415991,0.19993990907258996
2025,11,POL.14.16_1,0.04276398478000556,0.251
2025,11,POL.14.17_1,0.1342186287386129,0.20891328863572411
2025,11,POL.14.18_1,0.11953527049469058,0.22688060704551127
2025,11,POL.14.19_1,0.07848301000069777,0.2126852884495931
2025,11,POL.14.1_1,0.09932426233194473,0.24193586814365986
2025,11,POL.14.20_1,0.11284651076190869,0.22675232120177158
2025,11,POL.14.21_1,0.06897689931031069,0.21968703428523428
2025,11,POL.14.2_1,0.10560332128403685,0.2274603962983932
2025,11,POL.14.3_1,0.09912117885031589,0.2352257970867473
2025,11,POL.14.4_1,0.04378685054716181,0.27
2025,11,POL.14.5_1,0.12256675848676506,0.24765634603924513
2025,11,POL.14.6_1,0.08994752758165309,0.23509599397185543
2025,11,POL.14.7_1,0.10006829187068854,0.2453121386697945
2025,11,POL.14.8_1,0.06618360292566822,0.1954563549949856
2025,11,POL.14.9_1,0.10676192485392708,0.23498197299566836
2025,11,POL.15.10_1,0.13346494729958142,0.23408725053812685
2025,11,POL.15.11_1,0.044753661223654234,0.29000000000000004
2025,11,POL.15.12_1,0.1495895074614826,0.228827791471785
2025,11,POL.15.13_1,0.09391005314821847,0.2749864963248062
2025,11,POL.15.14_1,0.098879417061087,0.2333785717913307
2025,11,POL.15.15_1,0.04447501240536936,0.28400000000000003
2025,11,POL.15.16_1,0.10444713950437565,0.21864802993625976
2025,11,POL.15.17_1,0.0809558983881218,0.23221358005085724
2025,11,POL.15.18_1,0.09872868652996353,0.23146127971748498
2025,11,POL.15.19_1,0.06961358129229811,0.22526832231528204
2025,11,POL.15.1_1,0.0904756236933112,0.2390946157323247
2025,11,POL.15.20_1,0.11527343734585492,0.24445040439761256
2025,11,POL.15.21_1,0.10474655249131877,0.2205286404151532
2025,11,POL.15.22_1,0.11971871753055556,0.2270630113046891
2025,11,POL.15.23_1,0.09722108516077353,0.22220874633795074
2025,11,POL.15.24_1,0.04447501240536936,0.28400000000000003
2025,11,POL.15.25_1,0.17018204480645616,0.2539884338490027
2025,11,POL.15.26_1,0.09086126462013805,0.23664369063229473
2025,11,POL.15.27_1,0.11673269002217655,0.2590477682189025
2025,11,POL.15.28_1,0.0808282501514049,0.23337970868945268
2025,11,POL.15.29_1,0.08740074886371915,0.211325540637761
2025,11,POL.15.2_1,0.11559622683500632,0.24317851197695683
2025,11,POL.15.30_1,0.11300939942479506,0.2281062402680858
2025,11,POL.15.31_1,0.11849443636386962,0.22026663812734515
2025,11,POL.15.32_1,0.106486222812621,0.23218029372029647
2025,11,POL.15.33_1,0.06901503611938335,0.2212902809856333
2025,11,POL.15.34_1,0.09170212063092123,0.24520269764894742
2025,11,POL.15.35_1,0.1119961224664235,0.22110805252993404
2025,11,POL.15.3_1,0.1257158185072313,0.22761005100612186
2025,11,POL.15.4_1,0.10676402045191068,0.23325351219790103
2025,11,POL.15.5_1,0.0909184694943262,0.2375153478235319
2025,11,POL.15.6_1,0.08137357119601518,0.23660885570674794
2025,11,POL.15.7_1,0.0464820667942262,0.3330000000000001
2025,11,POL.15.8_1,0.13350859781568836,0.23279621755167612
2025,11,POL.15.9_1,0.10538764760613956,0.22495102195955752
2025,11,POL.16.10_1,0.11435647821084174,0.2356056680476245
2025,11,POL.16.11_1,0.09035157381436217,0.2325818384352749
2025,11,POL.16.12_1,0.0894776483941177,0.22599119010628343
2025,11,POL.16.13_1,0.0832625122416524,0.2526547363927093
2025,11,POL.16.14_1,0.1010726165830346,0.24923162104378704
2025,11,POL.16.15_1,0.09869049974123432,0.23196787448604783
2025,11,POL.16.16_1,0.1286151978989676,0.2414624599529438
2025,11,POL.16.17_1,0.09859740989517399,0.23174013011978312
2025,11,POL.16.18_1,0.04488941170168404,0.2929999999999999
2025,11,POL.16.19_1,0.10218935757851157,0.2617435919278679
2025,11,POL.16.1_1,0.08090740015221332,0.23294683260333515
2025,11,POL.16.20_1,0.047224604492781756,0.356
2025,11,POL.16.21_1,0.0900463730378926,0.23020726622809418
2025,11,POL.16.22_1,0.045931025715348975,0.31800000000000006
2025,11,POL.16.2_1,0.09965386006285905,0.23831020855935214
2025,11,POL.16.3_1,0.10157759112047943,0.25330151016993563
2025,11,POL.16.4_1,0.10196207468938823,0.2556595081460431
2025,11,POL.16.5_1,0.10267349361175969,0.26125902559732983
2025,11,POL.16.6_1,0.12343164078726783,0.2479325666183989
2025,11,POL.16.7_1,0.10517185537073241,0.284787529466652
2025,11,POL.16.8_1,0.11068531363647158,0.26115469338769604
2025,11,POL.16.9_1,0.04532502997860004,0.30300000000000005
2025,11,POL.2.10_1,0.12248625611150854,0.24512729201405958
2025,11,POL.2.11_1,0.0802174647041635,0.2261494776701355
2025,11,POL.2.12_1,0.08937218783834967,0.22533657291098397
2025,11,POL.2.13_1,0.10862834150502007,0.2485746474445334
2025,11,POL.2.14_1,0.09835960234589207,0.2298796364960356
2025,11,POL.2.15_1,0.07862949891822857,0.21384969306987456
2025,11,POL.2.16_1,0.1322443860463229,0.22655754880057677
2025,11,POL.2.17_1,0.04553326597806426,0.30800000000000005
2025,11,POL.2.18_1,0.12291158978718891,0.2546529179006666
2025,11,POL.2.19_1,0.09605059548061812,0.21355556662595299
2025,11,POL.2.1_1,0.12471962991716165,0.25847967679921025
2025,11,POL.2.20_1,0.089738725136288,0.23020175041093216
2025,11,POL.2.21_1,0.04206217012242035,0.23899999999999988
2025,11,POL.2.22_1,0.142570369322526,0.22431578658493134
2025,11,POL.2.23_1,0.09734912173077002,0.22261766697899388
2025,11,POL.2.2_1,0.12368447605001631,0.2138798286157052
2025,11,POL.2.3_1,0.04553326597806426,0.30800000000000005
2025,11,POL.2.4_1,0.1131212439481512,0.22813378806263074
2025,11,POL.2.5_1,0.10872805261693992,0.24984647344536925
2025,11,POL.2.6_1,0.09737604745966695,0.22282732634877844
2025,11,POL.2.7_1,0.04600762791136711,0.31999999999999995
2025,11,POL.2.8_1,0.09740730992904564,0.2233501032357449
2025,11,POL.2.9_1,0.12355019098473789,0.2533945379760405
2025,11,POL.3.10_1,0.09588639019460009,0.18327833644424374
2025,11,POL.3.11_1,0.09171691718500265,0.13028870246422486
2025,11,POL.3.12_1,0.0377264817893947,0.17799999999999994
2025,11,POL.3.13_1,0.10931786940516837,0.1359723733552044
2025,11,POL.3.14_1,0.08109390225756408,0.13672786553692184
2025,11,POL.3.15_1,0.12363881267573797,0.13712567243049845
2025,11,POL.3.16_1,0.08085760964598597,0.13684620250468393
2025,11,POL.3.17_1,0.11241061207458738,0.1458076747774939
2025,11,POL.3.18_1,0.040311729943021436,0.21199999999999997
2025,11,POL.3.19_1,0.1019706129023262,0.1469622723224736
2025,11,POL.3.1_1,0.09402754641392277,0.13850086073469525
2025,11,POL.3.20_1,0.11173546950233924,0.144055799990651
2025,11,POL.3.21_1,0.10770105050164927,0.14791178984807818
2025,11,POL.3.22_1,0.08815509600088901,0.13935143470072453
2025,11,POL.3.23_1,0.06808114266856095,0.14556484942071046
2025,11,POL.3.24_1,0.10731111332368315,0.169155681265162
2025,11,POL.3.2_1,0.07738750867643822,0.15264543851775114
2025,11,POL.3.3_1,0.11782443335025737,0.1660841433844097
2025,11,POL.3.4_1,0.07509254139759862,0.1414662289349905
2025,11,POL.3.5_1,0.09854920334684514,0.16126750616208807
2025,11,POL.3.6_1,0.08747595365831413,0.16679922944263292
2025,11,POL.3.7_1,0.04051860222570782,0.21499999999999997
2025,11,POL.3.8_1,0.1118532407235635,0.16312653587588943
2025,11,POL.3.9_1,0.09492076398915217,0.14190737456836877
2025,11,POL.4.10_1,0.10055504616935443,0.2445182157710719
2025,11,POL.4.11_1,0.1484213044095252,0.250501350791557
2025,11,POL.4.12_1,0.04615792209149038,0.32399999999999995
2025,11,POL.4.13_1,0.16274355611811694,0.241408108776075
2025,11,POL.4.14_1,0.13377925487126407,0.2342277731588096
2025,11,POL.4.15_1,0.10614310846130884,0.22911594273708857
2025,11,POL.4.16_1,0.10719638283563841,0.2359083848139899
2025,11,POL.4.17_1,0.13663995537321003,0.25145884831878274
2025,11,POL.4.18_1,0.11442476330647011,0.23583130932892282
2025,11,POL.4.19_1,0.09859183552234889,0.23077717039176715
2025,11,POL.4.1_1,0.041185325910782805,0.2250000000000001
2025,11,POL.4.20_1,0.09357436199056254,0.25859314195958183
2025,11,POL.4.21_1,0.15020538682229778,0.2595386649059429
2025,11,POL.4.22_1,0.11577175790873698,0.24419436020980234
2025,11,POL.4.23_1,0.045574158679044414,0.30899999999999994
2025,11,POL.4.24_1,0.15851968309695416,0.24547027433154422
2025,11,POL.4.2_1,0.17730885652161502,0.24303742359732006
2025,11,POL.4.3_1,0.15239193760134065,0.242763839852574
2025,11,POL.4.4_1,0.04320752428803497,0.259
2025,11,POL.4.5_1,0.1561491492540805,0.23453778412914317
2025,11,POL.4.6_1,0.11565124822250057,0.24345317881310813
2025,11,POL.4.7_1,0.10692430292210871,0.23397366416285603
2025,11,POL.4.8_1,0.12949865231495414,0.2453029352151026
2025,11,POL.4.9_1,0.1314153755854283,0.2565366600459198
2025,11,POL.5.10_1,0.06997045931446491,0.22872081061494076
2025,11,POL.5.11_1,0.12206330544002496,0.24027119322508406
2025,11,POL.5.12_1,0.1323218923296843,0.2646036293221372
2025,11,POL.5.13_1,0.03974404027870705,0.20399999999999985
2025,11,POL.5.14_1,0.12416537581327337,0.2538680205568251
2025,11,POL.5.1_1,0.045969448573345284,0.31900000000000006
2025,11,POL.5.2_1,0.10902454208600924,0.24816655884674332
2025,11,POL.5.3_1,0.11042359266360863,0.26042430871353217
2025,11,POL.5.4_1,0.09985206093173957,0.23966926882928374
2025,11,POL.5.5_1,0.11715798834330074,0.25527590157819424
2025,11,POL.5.6_1,0.0923595104817805,0.24837330575411398
2025,11,POL.5.7_1,0.09159061890662396,0.24226227797591404
2025,11,POL.5.8_1,0.09159072511274512,0.24225966980818237
2025,11,POL.5.9_1,0.10129089966563384,0.25045380518699334
2025,11,POL.6.10_1,0.07568987120841517,0.07295712447651226
2025,11,POL.6.11_1,0.033491589996089595,0.133
2025,11,POL.6.12_1,0.10211822526970862,0.07490464016128784
2025,11,POL.6.13_1,0.08922867264976359,0.06434449458159519
2025,11,POL.6.14_1,0.06643204275712232,0.0854686357611123
2025,11,POL.6.15_1,0.08633644099887078,0.09849089016210577
2025,11,POL.6.16_1,0.07197083355470885,0.10267751261736235
2025,11,POL.6.17_1,0.07267360699151468,0.06650308255818527
2025,11,POL.6.18_1,0.032840471141942086,0.127
2025,11,POL.6.19_1,0.10973950559813936,0.08828958594336533
2025,11,POL.6.1_1,0.08359068121539537,0.09134724971039632
2025,11,POL.6.20_1,0.0490995300284324,0.053596422487496076
2025,11,POL.6.21_1,0.08475047160949117,0.08347676872934007
2025,11,POL.6.22_1,0.06484124111523291,0.09972496538734643
2025,11,POL.6.2_1,0.0726314314498293,0.08791806409964797
2025,11,POL.6.3_1,0.060945344840058195,0.08630430800813793
2025,11,POL.6.4_1,0.07862714833638158,0.10575821847277656
2025,11,POL.6.5_1,0.08568477956722505,0.0856706758579977
2025,11,POL.6.6_1,0.03452699853931322,0.14300000000000002
2025,11,POL.6.7_1,0.11714806597864413,0.09613404270407688
2025,11,POL.6.8_1,0.08390614823589836,0.0666365744304408
2025,11,POL.6.9_1,0.07228681692219777,0.08759269540265957
2025,11,POL.7.10_1,0.073432863550481,0.1078417418035964
2025,11,POL.7.11_1,0.08841622732038615,0.09204541669640764
2025,11,POL.7.12_1,0.10961839860948787,0.11228158989612469
2025,11,POL.7.13_1,0.08928289240049267,0.09387480045049967
2025,11,POL.7.14_1,0.07077206091251993,0.0990077700492249
2025,11,POL.7.15_1,0.031818206269545034,0.11799999999999988
2025,11,POL.7.16_1,0.09602740078621863,0.0997030134493162
2025,11,POL.7.17_1,0.09563731600973195,0.09866972716640232
2025,11,POL.7.18_1,0.08688587230731364,0.11445478045905366
2025,11,POL.7.19_1,0.07142120664413329,0.10088059848693354
2025,11,POL.7.1_1,0.07151498611995147,0.10128531543046759
2025,11,POL.7.20_1,0.03569394912267843,0.15500000000000003
2025,11,POL.7.21_1,0.11214558806794975,0.09974597871395985
2025,11,POL.7.22_1,0.10354652420789791,0.1095363994289652
2025,11,POL.7.23_1,0.08739868983462257,0.17007621227925673
2025,11,POL.7.24_1,0.07971220348262986,0.11031481652877095
2025,11,POL.7.25_1,0.0798818922925726,0.0940077013290499
2025,11,POL.7.26_1,0.07602437055921715,0.09761278451702848
2025,11,POL.7.27_1,0.03193462580160344,0.119
2025,11,POL.7.28_1,0.10437787204672563,0.09968854430126861
2025,11,POL.7.29_1,0.03764323574228856,0.17700000000000005
2025,11,POL.7.2_1,0.09035690295845171,0.10997048235381823
2025,11,POL.7.30_1,0.10583013744659656,0.10297292779812028
2025,11,POL.7.31_1,0.07548235189941008,0.09611490894026331
2025,11,POL.7.32_1,0.08232168725367486,0.1010366316803567
2025,11,POL.7.33_1,0.08953644345366557,0.10766677168361694
2025,11,POL.7.34_1,0.06518395647010487,0.10068724207066615
2025,11,POL.7.35_1,0.08371760326684123,0.12260338471435006
2025,11,POL.7.36_1,0.03967140451383029,0.20300000000000007
2025,11,POL.7.37_1,0.08670246093279166,0.09922741331666485
2025,11,POL.7.38_1,0.10913547898006047,0.12547285187592627
2025,11,POL.7.39_1,0.0714516406147414,0.10112711607350178
2025,11,POL.7.3_1,0.10984746233790203,0.10320811745343839
2025,11,POL.7.40_1,0.06814112619163841,0.09040387209468137
2025,11,POL.7.41_1,0.06639059079070501,0.10534306308418495
2025,11,POL.7.42_1,0.06852051226030446,0.11370939516506762
2025,11,POL.7.4_1,0.06434343877126925,0.09763969513217607
2025,11,POL.7.5_1,0.08050277654508389,0.13600220248996964
2025,11,POL.7.6_1,0.09614347006608645,0.11209909287531472
2025,11,POL.7.7_1,0.07933551394608034,0.10816566307460984
2025,11,POL.7.8_1,0.07080091914381727,0.12403522542682377
2025,11,POL.7.9_1,0.07170210927659355,0.10176448079242018
2025,11,POL.8.10_1,0.1448322104492476,0.23187286909903182
2025,11,POL.8.11_1,0.08145302726667293,0.23712716037983872
2025,11,POL.8.12_1,0.10613302702753331,0.22915953300832903
2025,11,POL.8.1_1,0.10158841189122611,0.2593052595294846
2025,11,POL.8.2_1,0.08037773685622412,0.22815965636241464
2025,11,POL.8.3_1,0.0970911765469147,0.22048205315362013
2025,11,POL.8.4_1,0.08114210919939695,0.2354906813223423
2025,11,POL.8.5_1,0.08903932632554158,0.22266578106281
2025,11,POL.8.6_1,0.08816811577077148,0.21630742151710003
2025,11,POL.8.7_1,0.11958823555948551,0.2275973036590968
2025,11,POL.8.8_1,0.10622574012830414,0.23047888622144452
2025,11,POL.8.9_1,0.04276398478000556,0.251
2025,11,POL.9.10_1,0.0877998965125586,0.21375274151414647
2025,11,POL.9.11_1,0.09325900393503196,0.25680104293878725
2025,11,POL.9.12_1,0.11550577164133478,0.2433301443007031
2025,11,POL.9.13_1,0.13124957511354998,0.25538539943301397
2025,11,POL.9.14_1,0.10897733293044995,0.24781487034560623
2025,11,POL.9.15_1,0.044283879526092584,0.28
2025,11,POL.9.16_1,0.12927596567256455,0.24454411126148667
2025,11,POL.9.17_1,0.12998861198509412,0.30328772051846087
2025,11,POL.9.18_1,0.09173452144424002,0.24384891475170423
2025,11,POL.9.19_1,0.043988989788542626,0.274
2025,11,POL.9.1_1,0.06632843759663672,0.1965506475288109
2025,11,POL.9.20_1,0.15337877749539014,0.24677646176561197
2025,11,POL.9.21_1,0.11351988706646876,0.23103748792598555
2025,11,POL.9.22_1,0.10204323036321551,0.2559138692164219
2025,11,POL.9.23_1,0.0913773209378617,0.2402453747934501
2025,11,POL.9.24_1,0.04358020260831933,0.266
2025,11,POL.9.25_1,0.0824364630055778,0.24547156206020437
2025,11,POL.9.2_1,0.0996624496170425,0.2382695768608749
2025,11,POL.9.3_1,0.10718095514801863,0.23713764838691753
2025,11,POL.9.4_1,0.1406584872036236,0.2814276047233103
2025,11,POL.9.5_1,0.12693313623545346,0.231354656096865
2025,11,POL.9.6_1,0.1002554376800245,0.24234636223978856
2025,11,POL.9.7_1,0.04644700016480913,0.3320000000000001
2025,11,POL.9.8_1,0.12770617276544252,0.23917137053907134
2025,11,POL.9.9_1,0.11015241931374534,0.2597703462990302
2025,11,PRT.1.10_1,0.13468770049052223,0.7856371676032785
2025,11,PRT.1.11_1,0.08797587877279588,0.8700206208305016
2025,11,PRT.1.12_1,0.2075563511491312,0.8016337618927736
2025,11,PRT.1.13_1,0.11463349018126238,0.8109493397429703
2025,11,PRT.1.14_1,0.12927314391946762,0.8576293636207102
2025,11,PRT.1.15_1,0.2612931316907192,0.8389289786439371
2025,11,PRT.1.16_1,0.0462316235363915,0.674
2025,11,PRT.1.17_1,0.14579519470364466,0.6788431572477828
2025,11,PRT.1.18_1,0.1544721019077339,0.8378113176692911
2025,11,PRT.1.19_1,0.14476049527562837,0.6747501651832164
2025,11,PRT.1.1_1,0.21271822740245563,0.7918671217206394
2025,11,PRT.1.2_1,0.13400952053148982,0.7941003367105153
2025,11,PRT.1.3_1,0.18321511445305377,0.8147889118235208
2025,11,PRT.1.4_1,0.21879224931388103,0.5823999038053065
2025,11,PRT.1.5_1,0.16471712209640116,0.9220815985511543
2025,11,PRT.1.6_1,0.14636922645803851,0.6678961505656515
2025,11,PRT.1.7_1,0.09742328686929085,0.8935297292972111
2025,11,PRT.1.8_1,0.12371357224805193,0.8181100859038647
2025,11,PRT.1.9_1,0.08883101723531446,0.8600944348751982
2025,11,PRT.10.10_1,0.2228843762717152,0.2927712253383702
2025,11,PRT.10.11_1,0.27385458052978223,0.3024378440003226
2025,11,PRT.10.12_1,0.23568919341521619,0.31556216368398593
2025,11,PRT.10.13_1,0.23732709824627804,0.32226301711617955
2025,11,PRT.10.14_1,0.1866071944034826,0.3569517671254865
2025,11,PRT.10.1_1,0.1574877005565701,0.3110818204212933
2025,11,PRT.10.2_1,0.22965938541042277,0.2858857764164291
2025,11,PRT.10.3_1,0.2057426984784692,0.31450264854171084
2025,11,PRT.10.4_1,0.17746824082191975,0.29492853156539167
2025,11,PRT.10.5_1,0.17579965810072376,0.31439797297954875
2025,11,PRT.10.6_1,0.20372368064682397,0.3054821084670377
2025,11,PRT.10.7_1,0.31624231257067864,0.291681281814433
2025,11,PRT.10.8_1,0.08736161901236918,0.3020309174815474
2025,11,PRT.10.9_1,0.17402939080620036,0.30574925201170033
2025,11,PRT.11.10_1,0.08135814892664743,0.7663507912343768
2025,11,PRT.11.11_1,0.08071908128287368,0.7799919058204721
2025,11,PRT.11.12_1,0.13877171826923565,0.8419865280887064
2025,11,PRT.11.13_1,0.08480531774883042,0.6517507857136857
2025,11,PRT.11.14_1,0.06633555005079732,0.7316693758411549
2025,11,PRT.11.15_1,0.20008972375144912,0.7263899074148346
2025,11,PRT.11.16_1,0.17521239838419997,0.7221526240182078
2025,11,PRT.11.1_1,0.20065665403267646,0.8174875071279402
2025,11,PRT.11.2_1,0.13015392609960952,0.6508815833857025
2025,11,PRT.11.3_1,0.13816820205118022,0.60928327764588
2025,11,PRT.11.4_1,0.09637387711818499,0.7261381025296499
2025,11,PRT.11.5_1,0.1053004322846218,0.7915053002792991
2025,11,PRT.11.6_1,0.18848496855782668,0.8201486180976298
2025,11,PRT.11.7_1,0.06906237820873287,0.522727563509319
2025,11,PRT.11.8_1,0.10930100572534504,0.6370101496544519
2025,11,PRT.11.9_1,0.2579647225180322,0.7916139332120982
2025,11,PRT.12.10_1,0.1794274989856844,0.9244847999772645
2025,11,PRT.12.11_1,0.09813479934003856,0.9787224762481074
2025,11,PRT.12.12_1,0.09998762489424291,0.998156391230184
2025,11,PRT.12.13_1,0.1735139681289531,0.9837640504774758
2025,11,PRT.12.14_1,0.07759225200724774,0.8319259982076512
2025,11,PRT.12.15_1,0.19644209733777415,0.9189406990847265
2025,11,PRT.12.16_1,0.14776228134438665,0.9383720080564686
2025,11,PRT.12.1_1,0.17581210754335314,0.9214071653897954
2025,11,PRT.12.2_1,0.10565866698577418,0.9986178403715393
2025,11,PRT.12.3_1,0.08657193724025451,0.8860311489115131
2025,11,PRT.12.4_1,0.13452137758331076,0.8834142638341917
2025,11,PRT.12.5_1,0.14098960057086274,0.8922917253051311
2025,11,PRT.12.6_1,0.06935486931185801,0.9782688461143632
2025,11,PRT.12.7_1,0.1886899506143321,0.9999967253810643
2025,11,PRT.12.8_1,0.16144976127656016,0.9905610640264555
2025,11,PRT.12.9_1,0.1419629595837085,0.929388440347095
2025,11,PRT.13.10_1,0.10691261193351542,0.8961041605655615
2025,11,PRT.13.11_1,0.0747602484759935,0.8667756965361446
2025,11,PRT.13.1_1,0.11803757352079663,0.9366484953764154
2025,11,PRT.13.2_1,0.09566660466322982,0.9033749662547952
2025,11,PRT.13.3_1,0.10676593378805992,0.995797464787222
2025,11,PRT.13.4_1,0.09495052979304407,0.9094313990190803
2025,11,PRT.13.5_1,0.06006747155725538,0.844144668149445
2025,11,PRT.13.6_1,0.08571213507822825,0.8915345207799279
2025,11,PRT.13.7_1,0.03967140451383029,0.797
2025,11,PRT.13.8_1,0.08754137150040835,0.8736532303262088
2025,11,PRT.13.9_1,0.09191186028557456,0.928569560468941
2025,11,PRT.14.10_1,0.0900526924284355,0.3408662575741662
2025,11,PRT.14.11_1,0.09323375842359777,0.38517266905152725
2025,11,PRT.14.12_1,0.1453410232074097,0.38095417379890817
2025,11,PRT.14.13_1,0.12682066321731966,0.4544886645087928
2025,11,PRT.14.14_1,0.14259990959011704,0.352472457024811
2025,11,PRT.14.15_1,0.09639194277642898,0.4541186415385462
2025,11,PRT.14.1_1,0.09586518520154852,0.43991349000285596
2025,11,PRT.14.2_1,0.07944805329418621,0.35832193974636817
2025,11,PRT.14.3_1,0.12937653036335084,0.3766859578377362
2025,11,PRT.14.4_1,0.0814978588424406,0.4008590089990838
2025,11,PRT.14.5_1,0.0932607249710435,0.387116126194632
2025,11,PRT.14.6_1,0.11362746241330599,0.39100613776044346
2025,11,PRT.14.7_1,0.15866244481651043,0.46303311226829413
2025,11,PRT.14.8_1,0.07921397361185853,0.3462636700565589
2025,11,PRT.14.9_1,0.10417119402584997,0.39192352864133506
2025,11,PRT.15.10_1,0.1996092619172943,0.965144415353931
2025,11,PRT.15.11_1,0.25766955923259416,0.9614828661750981
2025,11,PRT.15.12_1,0.07832115829924426,0.9999996672575218
2025,11,PRT.15.13_1,0.11289425605436228,0.9894440574216277
2025,11,PRT.15.14_1,0.19849441046034816,0.9679024148269867
2025,11,PRT.15.15_1,0.10923169938542283,0.968124085283497
2025,11,PRT.15.16_1,0.08324054546041736,0.9663675623212378
2025,11,PRT.15.17_1,0.21381651183459213,0.9851553532403488
2025,11,PRT.15.18_1,0.17083164959833755,0.9975947543563377
2025,11,PRT.15.1_1,0.2853547280748349,0.9024090180693021
2025,11,PRT.15.2_1,0.21187538705401693,0.813936188924812
2025,11,PRT.15.3_1,0.23598342736869965,0.9579158145275397
2025,11,PRT.15.4_1,0.1322694298069862,0.9787455917487633
2025,11,PRT.15.5_1,0.20812972364020985,0.9580539696444734
2025,11,PRT.15.6_1,0.14591424172440118,0.9939489272424596
2025,11,PRT.15.7_1,0.24136169307375904,0.9376663997386984
2025,11,PRT.15.8_1,0.09832028284685004,0.99876116951814
2025,11,PRT.15.9_1,0.16283513077603765,0.9611630537260738
2025,11,PRT.16.10_1,0.06971537406320792,0.5444371296905859
2025,11,PRT.16.11_1,0.13937380765192858,0.3995011457514277
2025,11,PRT.16.12_1,0.06876277254995207,0.5900082377867599
2025,11,PRT.16.13_1,0.1339111276001905,0.4420925742444396
2025,11,PRT.16.14_1,0.20649795580085295,0.5266758654025634
2025,11,PRT.16.15_1,0.18374787415982033,0.5811218419965903
2025,11,PRT.16.16_1,0.1190353398669253,0.5156707195560237
2025,11,PRT.16.17_1,0.25909107065019454,0.593748448070461
2025,11,PRT.16.18_1,0.0948861193907624,0.42649942622716064
2025,11,PRT.16.19_1,0.19195474263870477,0.4900417249905602
2025,11,PRT.16.1_1,0.20641510159765006,0.4709634196014011
2025,11,PRT.16.20_1,0.20120054617373412,0.5935308961880748
2025,11,PRT.16.21_1,0.10920680603200592,0.5243415183487299
2025,11,PRT.16.2_1,0.15502141016868098,0.5493022114966248
2025,11,PRT.16.3_1,0.09690881116854244,0.4873452082474714
2025,11,PRT.16.4_1,0.049036190542261444,0.44700000000000006
2025,11,PRT.16.5_1,0.09786893622355175,0.5169753992688331
2025,11,PRT.16.6_1,0.1386398731568989,0.5841214477975075
2025,11,PRT.16.7_1,0.12687031850847894,0.47019283734731865
2025,11,PRT.16.8_1,0.08488786429221512,0.5082442359494449
2025,11,PRT.16.9_1,0.1347418565199345,0.45012816861398697
2025,11,PRT.17.10_1,0.0796646575925543,0.9908610797783334
2025,11,PRT.17.11_1,0.06181562974237267,0.9569800420089851
2025,11,PRT.17.12_1,0.09678119719236017,0.9789808594208596
2025,11,PRT.17.13_1,0.05772521407623345,0.8705217673141296
2025,11,PRT.17.1_1,0.10760323537556202,0.8919420718373384
2025,11,PRT.17.2_1,0.06595517337346297,0.9433547323311795
2025,11,PRT.17.3_1,0.09314116781806653,0.9998018417245599
2025,11,PRT.17.4_1,0.08177816845831339,0.9993173477906159
2025,11,PRT.17.5_1,0.09661712610907064,0.8976401633717683
2025,11,PRT.17.6_1,0.08417000260625573,0.9906655595450993
2025,11,PRT.17.7_1,0.11070759003897979,0.9664831281833214
2025,11,PRT.17.8_1,0.08943540295880656,0.9422724114749572
2025,11,PRT.17.9_1,0.1423731523110223,0.9280797418659699
2025,11,PRT.18.10_1,0.1756137522104368,0.8823031177285914
2025,11,PRT.18.1_1,0.3404272590897472,0.80355227538368
2025,11,PRT.18.2_1,0.2010584760133332,0.8995931021276022
2025,11,PRT.18.3_1,0.20573250941212054,0.7294413012820038
2025,11,PRT.18.4_1,0.2704872117073825,0.8316916253263472
2025,11,PRT.18.5_1,0.21923555486141788,0.7893238563713212
2025,11,PRT.18.6_1,0.23469078039529936,0.8368049775074663
2025,11,PRT.18.7_1,0.33468269248572896,0.8451182399427293
2025,11,PRT.18.8_1,0.18436698896950565,0.8604968598377566
2025,11,PRT.18.9_1,0.2699387977516941,0.9320880290273255
2025,11,PRT.19.10_1,0.17363258219892042,0.33936929535831417
2025,11,PRT.19.11_1,0.1444678583695142,0.36958899083086816
2025,11,PRT.19.12_1,0.240610534183905,0.3004769211810778
2025,11,PRT.19.13_1,0.19112678693016077,0.35084459231937215
2025,11,PRT.19.14_1,0.2453437634532431,0.35739436936037916
2025,11,PRT.19.1_1,0.19376652331799182,0.3348811618805799
2025,11,PRT.19.2_1,0.17500188542059444,0.3135130635258617
2025,11,PRT.19.3_1,0.3124083096974349,0.32129516725321006
2025,11,PRT.19.4_1,0.12269867121417423,0.41957569170946585
2025,11,PRT.19.5_1,0.12538696248116826,0.3249795070875723
2025,11,PRT.19.6_1,0.24729518929417782,0.2678129411802943
2025,11,PRT.19.7_1,0.12972106916254852,0.29792194036012376
2025,11,PRT.19.8_1,0.15927490791131865,0.41231544658825214
2025,11,PRT.19.9_1,0.1163033273710497,0.31871588768573444
2025,11,PRT.2.10_1,0.2266851915786978,0.7243876473281721
2025,11,PRT.2.11_1,0.11997475593486254,0.5618841181309638
2025,11,PRT.2.12_1,0.16206270484012822,0.6549891938803234
2025,11,PRT.2.13_1,0.18380096464167942,0.6005030373982668
2025,11,PRT.2.15_1,0.08484247363205613,0.5388582410018102
2025,11,PRT.2.16_1,0.10880170312048168,0.5111786842772053
2025,11,PRT.2.19_1,0.1097563905320215,0.6227575693137416
2025,11,PRT.2.1_1,0.16688041926771682,0.7367492344301855
2025,11,PRT.2.4_1,0.15506178410662133,0.5966117006517904
2025,11,PRT.2.5_1,0.0984650197269666,0.6165999213564863
2025,11,PRT.2.6_1,0.04831767380824391,0.40000000000000013
2025,11,PRT.2.7_1,0.08353084535861144,0.4637637751706889
2025,11,PRT.2.8_1,0.12050493879166181,0.5580877274860451
2025,11,PRT.2.9_1,0.1461666201883922,0.5317839722792703
2025,11,PRT.20.10_1,0.16050091376688538,0.39629864232702194
2025,11,PRT.20.11_1,0.16061227092996191,0.3297055992914987
2025,11,PRT.20.12_1,0.1309222481117135,0.3061471603586702
2025,11,PRT.20.13_1,0.1714293487690642,0.32765730337811183
2025,11,PRT.20.14_1,0.14120597340027793,0.4223797603134527
2025,11,PRT.20.15_1,0.1610562652665102,0.29215701963489593
2025,11,PRT.20.16_1,0.19337867520219962,0.33148722939617037
2025,11,PRT.20.17_1,0.15815752534087252,0.36959266013336634
2025,11,PRT.20.18_1,0.17556079005441633,0.28204407764829176
2025,11,PRT.20.19_1,0.18454858397011908,0.3386010907289292
2025,11,PRT.20.1_1,0.19444817355006386,0.3318619459716897
2025,11,PRT.20.20_1,0.14101360857086778,0.33247574014729975
2025,11,PRT.20.21_1,0.23814446086955576,0.41205418652499237
2025,11,PRT.20.22_1,0.12233614543117993,0.37452291422809014
2025,11,PRT.20.23_1,0.27102446654948603,0.4208738134972836
2025,11,PRT.20.24_1,0.155110425914356,0.3356979778750101
2025,11,PRT.20.2_1,0.12593765556062525,0.44282227767712345
2025,11,PRT.20.3_1,0.2050705098028904,0.3133390494519195
2025,11,PRT.20.4_1,0.18228393440892993,0.32138436179706065
2025,11,PRT.20.5_1,0.21662687197848488,0.3269150656120533
2025,11,PRT.20.6_1,0.1904748235273323,0.3452736605173712
2025,11,PRT.20.7_1,0.19243687630272216,0.2940904519786346
2025,11,PRT.20.8_1,0.146555125952649,0.39302966030513853
2025,11,PRT.20.9_1,0.14170920389197234,0.4221138535090918
2025,11,PRT.3.10_1,0.13453377849441703,0.4372218342826114
2025,11,PRT.3.11_1,0.19625626608191016,0.466218890257567
2025,11,PRT.3.12_1,0.11599227630229625,0.42832271440939396
2025,11,PRT.3.13_1,0.12653227825903046,0.44869895704331264
2025,11,PRT.3.14_1,0.09634349091560572,0.45371079012622895
2025,11,PRT.3.1_1,0.10784122524863947,0.4657843412670517
2025,11,PRT.3.2_1,0.12980476597515797,0.37940005039022595
2025,11,PRT.3.3_1,0.06738677287618619,0.41622363231006687
2025,11,PRT.3.4_1,0.044753661223654234,0.29000000000000004
2025,11,PRT.3.5_1,0.20117052030060797,0.4732871261293118
2025,11,PRT.3.6_1,0.1061296816129043,0.42762520024214745
2025,11,PRT.3.7_1,0.09555036333326725,0.4436703127910686
2025,11,PRT.3.8_1,0.11618018744381543,0.4338907412545152
2025,11,PRT.3.9_1,0.13918163629543745,0.3941918300159786
2025,11,PRT.4.10_1,0.16119970723956312,0.9760942738208698
2025,11,PRT.4.11_1,0.17854516457091393,0.9797273018778835
2025,11,PRT.4.12_1,0.20387248209725933,0.9998668336161176
2025,11,PRT.4.13_1,0.26206329186814825,0.99769236134611194
2025,11,PRT.4.14_1,0.08011317050421654,0.9965222091090093
2025,11,PRT.4.1_1,0.16806096238079302,0.9971103988766844
2025,11,PRT.4.2_1,0.2789418199398417,0.9998905122015397
2025,11,PRT.4.3_1,0.22770204682660236,0.9999632780872337
2025,11,PRT.4.4_1,0.1597376925025233,0.9797193443145367
2025,11,PRT.4.5_1,0.1797484572294249,0.983593859399607
2025,11,PRT.4.6_1,0.09175959637758956,0.9987371632950864
2025,11,PRT.4.7_1,0.21184841240502256,0.9956701210578274
2025,11,PRT.4.8_1,0.2643810628270885,0.9995852540909101
2025,11,PRT.4.9_1,0.19459696937517112,0.9935004742556891
2025,11,PRT.5.10_1,0.18904854604365262,0.3004051350494743
2025,11,PRT.5.11_1,0.16772752805175095,0.3388035802577696
2025,11,PRT.5.12_1,0.24533067912920054,0.26010001533040183
2025,11,PRT.5.1_1,0.19310969508864145,0.29632134718047387
2025,11,PRT.5.2_1,0.28773713977323634,0.2551501762078995
2025,11,PRT.5.3_1,0.18923173993821843,0.2999407176013411
2025,11,PRT.5.4_1,0.10929998225206487,0.32830991031085854
2025,11,PRT.5.5_1,0.25647054710191947,0.2624433889094625
2025,11,PRT.5.6_1,0.1816027178092091,0.3193163907884312
2025,11,PRT.5.7_1,0.26527152831520273,0.31071689101796474
2025,11,PRT.5.8_1,0.22230333279486242,0.2721008738486934
2025,11,PRT.5.9_1,0.18054880113197938,0.31172609625867453
2025,11,PRT.6.10_1,0.08498732937467644,0.5997705572317054
2025,11,PRT.6.11_1,0.09803726265385665,0.5623182026568017
2025,11,PRT.6.1_1,0.10745003143148443,0.47867807603600554
2025,11,PRT.6.2_1,0.24341987385722788,0.5829748692513486
2025,11,PRT.6.3_1,0.27107524834473523,0.5787886510562955
2025,11,PRT.6.4_1,0.2687559943164779,0.5116387111169705
2025,11,PRT.6.5_1,0.19962792565298607,0.5112600450840578
2025,11,PRT.6.6_1,0.16816797870552777,0.5097294472797567
2025,11,PRT.6.7_1,0.1692034070449765,0.5543471759102311
2025,11,PRT.6.8_1,0.11957908428725691,0.5316176478279829
2025,11,PRT.6.9_1,0.18284843048111407,0.5721470539301239
2025,11,PRT.7.10_1,0.13279938533250077,0.991221002463179
2025,11,PRT.7.11_1,0.19721023460612694,0.9394557718160625
2025,11,PRT.7.12_1,0.1379642341003701,0.9134193354515814
2025,11,PRT.7.13_1,0.13446434759878523,0.9597015668776315
2025,11,PRT.7.14_1,0.09984134426435662,0.9404829799398692
2025,11,PRT.7.15_1,0.1326484055156773,0.9786501367823683
2025,11,PRT.7.16_1,0.16106230496177054,0.956296781471683
2025,11,PRT.7.17_1,0.08270971079034971,0.9165842575833063
2025,11,PRT.7.1_1,0.18123330828203912,0.9412573496161791
2025,11,PRT.7.2_1,0.15110552639422664,0.9945947143540497
2025,11,PRT.7.3_1,0.18981877603126887,0.9992412763673588
2025,11,PRT.7.4_1,0.12311663440495198,0.9744739847347259
2025,11,PRT.7.5_1,0.13535026556001387,0.9978575593141532
2025,11,PRT.7.6_1,0.09692165867102465,0.8949661723749596
2025,11,PRT.7.7_1,0.09658082385898005,0.9552024664330363
2025,11,PRT.7.8_1,0.06537350316206306,0.9826677726281845
2025,11,PRT.7.9_1,0.09399826448013347,0.9193356583462315
2025,11,PRT.8.10_1,0.0686153499922358,0.45051567624087074
2025,11,PRT.8.11_1,0.10623663684637341,0.44075481108572157
2025,11,PRT.8.12_1,0.06930162142654255,0.48927259322590444
2025,11,PRT.8.13_1,0.08319513296347664,0.44992446461952185
2025,11,PRT.8.14_1,0.10614434566221333,0.5082745079728411
2025,11,PRT.8.1_1,0.11417732306958962,0.3970290065269595
2025,11,PRT.8.2_1,0.12516958953232865,0.42935637422726114
2025,11,PRT.8.3_1,0.09570833567191715,0.4947097702263684
2025,11,PRT.8.4_1,0.16795219824817195,0.41734696939905835
2025,11,PRT.8.5_1,0.20502499100716834,0.6100428007091985
2025,11,PRT.8.6_1,0.1515637322446877,0.4635235127334343
2025,11,PRT.8.7_1,0.09553666960024758,0.44089843283028085
2025,11,PRT.8.8_1,0.07946739620170526,0.3628100794711553
2025,11,PRT.8.9_1,0.1304146885778508,0.3821942507260476
2025,11,PRT.9.10_1,0.07378946207151757,0.9670242508583907
2025,11,PRT.9.11_1,0.0746617509827366,0.8683405412958463
2025,11,PRT.9.12_1,0.04532502997860004,0.697
2025,11,PRT.9.13_1,0.11695093907246956,0.8924664172666749
2025,11,PRT.9.14_1,0.13391207193488844,0.8934134387923002
2025,11,PRT.9.15_1,0.09703460324566501,0.8926102076193478
2025,11,PRT.9.16_1,0.07579935338782506,0.8558755186113677
2025,11,PRT.9.1_1,0.07702054186930546,0.8398752215434355
2025,11,PRT.9.2_1,0.1086373855130597,0.6914379838584126
2025,11,PRT.9.3_1,0.09137242391827044,0.8252295154273166
2025,11,PRT.9.4_1,0.0924625106428675,0.7994226349157576
2025,11,PRT.9.5_1,0.09919867706220206,0.9545419975217241
2025,11,PRT.9.6_1,0.07406427234890595,0.8740674241706833
2025,11,PRT.9.7_1,0.09848670203609225,0.8803722651098086
2025,11,PRT.9.8_1,0.15283874527037228,0.8504521449861042
2025,11,PRT.9.9_1,0.08155841095964196,0.7567267226771021
2025,11,ROU.1.10_1,0.04003083554183499,0.20800000000000007
2025,11,ROU.1.11_1,0.0430984216041852,0.257
2025,11,ROU.1.12_1,0.04358020260831933,0.266
2025,11,ROU.1.13_1,0.041378664568624164,0.2280000000000001
2025,11,ROU.1.14_1,0.042592698632283446,0.2480000000000001
2025,11,ROU.1.15_1,0.04078946142947053,0.21899999999999997
2025,11,ROU.1.16_1,0.04378685054716181,0.27
2025,11,ROU.1.17_1,0.0440883880814995,0.276
2025,11,ROU.1.18_1,0.03829702738016549,0.18500000000000005
2025,11,ROU.1.19_1,0.043735613725489,0.269
2025,11,ROU.1.1_1,0.04253499258640828,0.247
2025,11,ROU.1.20_1,0.04452212120566338,0.28500000000000003
2025,11,ROU.1.21_1,0.042241825923508114,0.24199999999999988
2025,11,ROU.1.22_1,0.04383780558780022,0.271
2025,11,ROU.1.23_1,0.04287666106815927,0.253
2025,11,ROU.1.24_1,0.04051860222570782,0.21499999999999997
2025,11,ROU.1.25_1,0.04347516784065807,0.264
2025,11,ROU.1.26_1,0.04388847982885752,0.272
2025,11,ROU.1.27_1,0.04452212120566338,0.28500000000000003
2025,11,ROU.1.28_1,0.04194081241318115,0.237
2025,11,ROU.1.29_1,0.04298813690453435,0.255
2025,11,ROU.1.2_1,0.042301081720291366,0.243
2025,11,ROU.1.30_1,0.03704792626203052,0.17000000000000004
2025,11,ROU.1.31_1,0.04342221915101733,0.263
2025,11,ROU.1.32_1,0.03930249996529487,0.19800000000000006
2025,11,ROU.1.33_1,0.0415689980366121,0.23099999999999998
2025,11,ROU.1.34_1,0.035409526292269906,0.15200000000000002
2025,11,ROU.1.35_1,0.04293254845601885,0.254
2025,11,ROU.1.36_1,0.042820473570468434,0.252
2025,11,ROU.1.37_1,0.04358020260831933,0.266
2025,11,ROU.1.38_1,0.043527828645221735,0.265
2025,11,ROU.1.39_1,0.042241825923508114,0.24199999999999988
2025,11,ROU.1.3_1,0.04383780558780022,0.271
2025,11,ROU.1.40_1,0.042707193501211126,0.25
2025,11,ROU.1.41_1,0.04293254845601885,0.254
2025,11,ROU.1.42_1,0.04347516784065807,0.264
2025,11,ROU.1.43_1,0.03959838986050318,0.20200000000000007
2025,11,ROU.1.44_1,0.044844424119052026,0.2919999999999999
2025,11,ROU.1.45_1,0.04466184267754451,0.28800000000000003
2025,11,ROU.1.46_1,0.04045000283720392,0.21399999999999997
2025,11,ROU.1.47_1,0.04479917422492878,0.2909999999999999
2025,11,ROU.1.48_1,0.043153120135473684,0.258
2025,11,ROU.1.49_1,0.03597368984246114,0.15800000000000003
2025,11,ROU.1.4_1,0.04105474298308412,0.22299999999999998
2025,11,ROU.1.50_1,0.03722029308279467,0.17199999999999993
2025,11,ROU.1.51_1,0.04065473594768187,0.21700000000000008
2025,11,ROU.1.52_1,0.04493413776069529,0.29400000000000004
2025,11,ROU.1.53_1,0.03687369853356853,0.16800000000000004
2025,11,ROU.1.54_1,0.04287666106815927,0.253
2025,11,ROU.1.55_1,0.0441376727032484,0.277
2025,11,ROU.1.56_1,0.04265009852573865,0.249
2025,11,ROU.1.57_1,0.0415689980366121,0.23099999999999998
2025,11,ROU.1.58_1,0.04549212269146771,0.30699999999999994
2025,11,ROU.1.59_1,0.04388847982885752,0.272
2025,11,ROU.1.5_1,0.04347516784065807,0.264
2025,11,ROU.1.60_1,0.04388847982885752,0.272
2025,11,ROU.1.61_1,0.04105474298308412,0.22299999999999998
2025,11,ROU.1.62_1,0.0386918688155058,0.18999999999999995
2025,11,ROU.1.63_1,0.04287666106815927,0.253
2025,11,ROU.1.64_1,0.04342221915101733,0.263
2025,11,ROU.1.65_1,0.03615763622326992,0.16000000000000003
2025,11,ROU.1.66_1,0.0441866822098382,0.278
2025,11,ROU.1.67_1,0.04447501240536936,0.28400000000000003
2025,11,ROU.1.68_1,0.04253499258640828,0.247
2025,11,ROU.1.69_1,0.03837682760954864,0.18599999999999994
2025,11,ROU.1.6_1,0.03359786973370498,0.134
2025,11,ROU.1.70_1,0.043527828645221735,0.265
2025,11,ROU.1.71_1,0.044283879526092584,0.28
2025,11,ROU.1.72_1,0.04206217012242035,0.23899999999999988
2025,11,ROU.1.73_1,0.04433206913731389,0.281
2025,11,ROU.1.74_1,0.04078946142947053,0.21899999999999997
2025,11,ROU.1.75_1,0.04433206913731389,0.281
2025,11,ROU.1.76_1,0.041185325910782805,0.2250000000000001
2025,11,ROU.1.7_1,0.039959694850211,0.20699999999999996
2025,11,ROU.1.8_1,0.04150588489181781,0.22999999999999987
2025,11,ROU.1.9_1,0.0441376727032484,0.277
2025,11,ROU.10.1_1,0.049178812190926395,0.4630000000000001
2025,11,ROU.11.10_1,0.0475373845679177,0.367
2025,11,ROU.11.11_1,0.04342221915101733,0.263
2025,11,ROU.11.12_1,0.04549212269146771,0.30699999999999994
2025,11,ROU.11.13_1,0.04456896195634114,0.28600000000000003
2025,11,ROU.11.14_1,0.04782351451989156,0.3780000000000001
2025,11,ROU.11.15_1,0.04713460693292685,0.3530000000000001
2025,11,ROU.11.16_1,0.044844424119052026,0.2919999999999999
2025,11,ROU.11.17_1,0.04393887424186332,0.273
2025,11,ROU.11.18_1,0.0440883880814995,0.276
2025,11,ROU.11.19_1,0.04447501240536936,0.28400000000000003
2025,11,ROU.11.1_1,0.04889554025720297,0.43500000000000005
2025,11,ROU.11.20_1,0.04293254845601885,0.254
2025,11,ROU.11.21_1,0.04112020456396412,0.22399999999999998
2025,11,ROU.11.22_1,0.045931025715348975,0.31800000000000006
2025,11,ROU.11.23_1,0.04433206913731389,0.281
2025,11,ROU.11.24_1,0.04854423570003872,0.4119999999999999
2025,11,ROU.11.25_1,0.04347516784065807,0.264
2025,11,ROU.11.26_1,0.04619489279993376,0.32499999999999996
2025,11,ROU.11.27_1,0.04358020260831933,0.266
2025,11,ROU.11.28_1,0.044707884311692536,0.28900000000000003
2025,11,ROU.11.29_1,0.045969448573345284,0.31900000000000006
2025,11,ROU.11.2_1,0.04912270434000065,0.45600000000000007
2025,11,ROU.11.30_1,0.0464820667942262,0.3330000000000001
2025,11,ROU.11.31_1,0.046551493926931094,0.33499999999999996
2025,11,ROU.11.32_1,0.04713460693292685,0.3530000000000001
2025,11,ROU.11.33_1,0.04924730164269793,0.474
2025,11,ROU.11.34_1,0.04585344698686476,0.31599999999999995
2025,11,ROU.11.35_1,0.04175636740944833,0.23399999999999999
2025,11,ROU.11.36_1,0.04388847982885752,0.272
2025,11,ROU.11.37_1,0.04641169744985238,0.33099999999999996
2025,11,ROU.11.38_1,0.04181817208376993,0.23499999999999988
2025,11,ROU.11.39_1,0.04894564855028953,0.43900000000000006
2025,11,ROU.11.3_1,0.04742675660793199,0.363
2025,11,ROU.11.40_1,0.04194081241318115,0.237
2025,11,ROU.11.41_1,0.045197045279087404,0.30000000000000004
2025,11,ROU.11.42_1,0.04247697914036585,0.24599999999999989
2025,11,ROU.11.43_1,0.04894564855028953,0.43900000000000006
2025,11,ROU.11.44_1,0.04540908163273409,0.30499999999999994
2025,11,ROU.11.45_1,0.04452212120566338,0.28500000000000003
2025,11,ROU.11.46_1,0.04912270434000065,0.45600000000000007
2025,11,ROU.11.47_1,0.046516897872020804,0.33399999999999996
2025,11,ROU.11.48_1,0.044427634702780626,0.2829999999999999
2025,11,ROU.11.49_1,0.04423541751568946,0.279
2025,11,ROU.11.4_1,0.044283879526092584,0.28
2025,11,ROU.11.50_1,0.04403882742093296,0.275
2025,11,ROU.11.51_1,0.043988989788542626,0.274
2025,11,ROU.11.52_1,0.04725415388230268,0.357
2025,11,ROU.11.53_1,0.04336898152187278,0.262
2025,11,ROU.11.54_1,0.04452212120566338,0.28500000000000003
2025,11,ROU.11.55_1,0.045066754559637344,0.29699999999999993
2025,11,ROU.11.56_1,0.043153120135473684,0.258
2025,11,ROU.11.57_1,0.045695339975136744,0.31200000000000006
2025,11,ROU.11.58_1,0.0441376727032484,0.277
2025,11,ROU.11.59_1,0.04704257621690377,0.35
2025,11,ROU.11.5_1,0.04466184267754451,0.28800000000000003
2025,11,ROU.11.60_1,0.04878559939237656,0.42700000000000005
2025,11,ROU.11.61_1,0.0466875383137864,0.33899999999999997
2025,11,ROU.11.62_1,0.045931025715348975,0.31800000000000006
2025,11,ROU.11.63_1,0.045614801468342216,0.31000000000000005
2025,11,ROU.11.64_1,0.045450728138743166,0.30600000000000005
2025,11,ROU.11.65_1,0.04589235872572516,0.31700000000000006
2025,11,ROU.11.66_1,0.0466875383137864,0.33899999999999997
2025,11,ROU.11.67_1,0.047104156516901585,0.352
2025,11,ROU.11.68_1,0.04871027050957946,0.42199999999999993
2025,11,ROU.11.69_1,0.045969448573345284,0.31900000000000006
2025,11,ROU.11.6_1,0.03739082473149449,0.17399999999999993
2025,11,ROU.11.70_1,0.04466184267754451,0.28800000000000003
2025,11,ROU.11.71_1,0.044427634702780626,0.2829999999999999
2025,11,ROU.11.72_1,0.04896949162091332,0.44099999999999995
2025,11,ROU.11.73_1,0.047644489094625424,0.371
2025,11,ROU.11.74_1,0.04573523700820659,0.31299999999999994
2025,11,ROU.11.75_1,0.04604556433516866,0.32100000000000006
2025,11,ROU.11.76_1,0.04634038160147463,0.32900000000000007
2025,11,ROU.11.77_1,0.04864632421376186,0.41800000000000004
2025,11,ROU.11.78_1,0.04919987321002361,0.46599999999999997
2025,11,ROU.11.79_1,0.045774886760868244,0.31400000000000006
2025,11,ROU.11.7_1,0.04488941170168404,0.2929999999999999
2025,11,ROU.11.80_1,0.04920649617391004,0.4670000000000001
2025,11,ROU.11.81_1,0.044427634702780626,0.2829999999999999
2025,11,ROU.11.82_1,0.04549212269146771,0.30699999999999994
2025,11,ROU.11.83_1,0.04342221915101733,0.263
2025,11,ROU.11.84_1,0.04479917422492878,0.2909999999999999
2025,11,ROU.11.85_1,0.04857909001025196,0.4139999999999999
2025,11,ROU.11.8_1,0.0491138914673261,0.45500000000000007
2025,11,ROU.11.9_1,0.0441376727032484,0.277
2025,11,ROU.12.10_1,0.04794489432249727,0.383
2025,11,ROU.12.11_1,0.04799194147937507,0.3850000000000001
2025,11,ROU.12.12_1,0.04871027050957946,0.42199999999999993
2025,11,ROU.12.13_1,0.04921914652281384,0.469
2025,11,ROU.12.14_1,0.04737011365684981,0.361
2025,11,ROU.12.15_1,0.049278401743967075,0.519
2025,11,ROU.12.16_1,0.04929734837211439,0.5129999999999999
2025,11,ROU.12.17_1,0.04789698859334505,0.381
2025,11,ROU.12.18_1,0.04751005884784409,0.366
2025,11,ROU.12.19_1,0.04759137575530915,0.369
2025,11,ROU.12.1_1,0.04931392070037807,0.5009999999999999
2025,11,ROU.12.20_1,0.04767071749009322,0.372
2025,11,ROU.12.21_1,0.04856176613811062,0.41300000000000003
2025,11,ROU.12.22_1,0.048127956465367445,0.391
2025,11,ROU.12.23_1,0.047312580498823385,0.359
2025,11,ROU.12.24_1,0.04931362481478267,0.502
2025,11,ROU.12.25_1,0.048083470111132766,0.389
2025,11,ROU.12.26_1,0.047618041971247235,0.37
2025,11,ROU.12.27_1,0.04814988119262943,0.392
2025,11,ROU.12.28_1,0.04782351451989156,0.3780000000000001
2025,11,ROU.12.29_1,0.049299814845208526,0.512
2025,11,ROU.12.2_1,0.04641169744985238,0.33099999999999996
2025,11,ROU.12.30_1,0.04779859104599205,0.3770000000000001
2025,11,ROU.12.31_1,0.047618041971247235,0.37
2025,11,ROU.12.32_1,0.04814988119262943,0.392
2025,11,ROU.12.33_1,0.047618041971247235,0.37
2025,11,ROU.12.34_1,0.049309186317792034,0.507
2025,11,ROU.12.35_1,0.04779859104599205,0.3770000000000001
2025,11,ROU.12.36_1,0.048060907894630085,0.388
2025,11,ROU.12.37_1,0.0464820667942262,0.3330000000000001
2025,11,ROU.12.38_1,0.04799194147937507,0.3850000000000001
2025,11,ROU.12.39_1,0.048337701359825916,0.401
2025,11,ROU.12.3_1,0.047722519536849896,0.374
2025,11,ROU.12.40_1,0.04742675660793199,0.363
2025,11,ROU.12.41_1,0.04739854620761542,0.362
2025,11,ROU.12.42_1,0.047482512537913336,0.365
2025,11,ROU.12.43_1,0.04751005884784409,0.366
2025,11,ROU.12.44_1,0.04926181746665718,0.523
2025,11,ROU.12.45_1,0.04931244125464726,0.496
2025,11,ROU.12.46_1,0.04734145855537475,0.36
2025,11,ROU.12.47_1,0.047968525063499766,0.384
2025,11,ROU.12.48_1,0.04930770673000915,0.492
2025,11,ROU.12.49_1,0.04801514388369464,0.386
2025,11,ROU.12.4_1,0.04774809389847267,0.375
2025,11,ROU.12.50_1,0.04767071749009322,0.372
2025,11,ROU.12.51_1,0.047224604492781756,0.356
2025,11,ROU.12.52_1,0.04774809389847267,0.375
2025,11,ROU.12.53_1,0.04803813258656103,0.387
2025,11,ROU.12.5_1,0.04867870752468123,0.42000000000000004
2025,11,ROU.12.6_1,0.04759137575530915,0.369
2025,11,ROU.12.7_1,0.04831767380824391,0.40000000000000013
2025,11,ROU.12.8_1,0.0475644900783197,0.368
2025,11,ROU.12.9_1,0.04688464092705593,0.345
2025,11,ROU.13.10_1,0.040988939538025564,0.22199999999999998
2025,11,ROU.13.11_1,0.04212237146341945,0.24
2025,11,ROU.13.12_1,0.04452212120566338,0.28500000000000003
2025,11,ROU.13.13_1,0.04003083554183499,0.20800000000000007
2025,11,ROU.13.14_1,0.0415689980366121,0.23099999999999998
2025,11,ROU.13.15_1,0.041378664568624164,0.2280000000000001
2025,11,ROU.13.16_1,0.04437998723670003,0.28200000000000003
2025,11,ROU.13.17_1,0.04200165089770341,0.238
2025,11,ROU.13.18_1,0.045022808420897016,0.29600000000000004
2025,11,ROU.13.19_1,0.04320752428803497,0.259
2025,11,ROU.13.1_1,0.043735613725489,0.269
2025,11,ROU.13.20_1,0.0430984216041852,0.257
2025,11,ROU.13.21_1,0.04479917422492878,0.2909999999999999
2025,11,ROU.13.22_1,0.042820473570468434,0.252
2025,11,ROU.13.23_1,0.04378685054716181,0.27
2025,11,ROU.13.24_1,0.0436322907628802,0.267
2025,11,ROU.13.25_1,0.040988939538025564,0.22199999999999998
2025,11,ROU.13.26_1,0.0441376727032484,0.277
2025,11,ROU.13.27_1,0.04276398478000556,0.251
2025,11,ROU.13.28_1,0.044427634702780626,0.2829999999999999
2025,11,ROU.13.29_1,0.04358020260831933,0.266
2025,11,ROU.13.2_1,0.039816299228720445,0.20499999999999996
2025,11,ROU.13.30_1,0.04187965327748944,0.236
2025,11,ROU.13.31_1,0.04265009852573865,0.249
2025,11,ROU.13.32_1,0.04253499258640828,0.247
2025,11,ROU.13.33_1,0.0436322907628802,0.267
2025,11,ROU.13.34_1,0.044707884311692536,0.28900000000000003
2025,11,ROU.13.35_1,0.04336898152187278,0.262
2025,11,ROU.13.36_1,0.04378685054716181,0.27
2025,11,ROU.13.37_1,0.042418657032918014,0.245
2025,11,ROU.13.38_1,0.043735613725489,0.269
2025,11,ROU.13.39_1,0.04175636740944833,0.23399999999999999
2025,11,ROU.13.3_1,0.0436322907628802,0.267
2025,11,ROU.13.40_1,0.04200165089770341,0.238
2025,11,ROU.13.41_1,0.043735613725489,0.269
2025,11,ROU.13.42_1,0.041378664568624164,0.2280000000000001
2025,11,ROU.13.43_1,0.04253499258640828,0.247
2025,11,ROU.13.44_1,0.041694237816008395,0.23299999999999987
2025,11,ROU.13.45_1,0.04456896195634114,0.28600000000000003
2025,11,ROU.13.46_1,0.04092279257964584,0.22099999999999997
2025,11,ROU.13.47_1,0.0414424409097459,0.2290000000000001
2025,11,ROU.13.48_1,0.04493413776069529,0.29400000000000004
2025,11,ROU.13.49_1,0.043261635172466846,0.26
2025,11,ROU.13.4_1,0.04247697914036585,0.24599999999999989
2025,11,ROU.13.50_1,0.0421822562817251,0.241
2025,11,ROU.13.51_1,0.04342221915101733,0.263
2025,11,ROU.13.52_1,0.04320752428803497,0.259
2025,11,ROU.13.53_1,0.04298813690453435,0.255
2025,11,ROU.13.54_1,0.04187965327748944,0.236
2025,11,ROU.13.55_1,0.044427634702780626,0.2829999999999999
2025,11,ROU.13.56_1,0.0393770514385934,0.19900000000000007
2025,11,ROU.13.57_1,0.04358020260831933,0.266
2025,11,ROU.13.58_1,0.043153120135473684,0.258
2025,11,ROU.13.59_1,0.04200165089770341,0.238
2025,11,ROU.13.5_1,0.040586845998924884,0.21599999999999986
2025,11,ROU.13.60_1,0.04131455432928723,0.22699999999999998
2025,11,ROU.13.61_1,0.042301081720291366,0.243
2025,11,ROU.13.62_1,0.04253499258640828,0.247
2025,11,ROU.13.63_1,0.04265009852573865,0.249
2025,11,ROU.13.64_1,0.040311729943021436,0.21199999999999997
2025,11,ROU.13.65_1,0.04368409413128377,0.268
2025,11,ROU.13.66_1,0.04393887424186332,0.273
2025,11,ROU.13.67_1,0.043153120135473684,0.258
2025,11,ROU.13.68_1,0.03892385253856027,0.19300000000000006
2025,11,ROU.13.69_1,0.042820473570468434,0.252
2025,11,ROU.13.6_1,0.04573523700820659,0.31299999999999994
2025,11,ROU.13.70_1,0.04320752428803497,0.259
2025,11,ROU.13.71_1,0.0415689980366121,0.23099999999999998
2025,11,ROU.13.72_1,0.0407222738416092,0.21799999999999986
2025,11,ROU.13.73_1,0.04342221915101733,0.263
2025,11,ROU.13.74_1,0.04358020260831933,0.266
2025,11,ROU.13.75_1,0.045367182479570625,0.30400000000000005
2025,11,ROU.13.76_1,0.03678587857708836,0.16700000000000004
2025,11,ROU.13.77_1,0.042707193501211126,0.25
2025,11,ROU.13.7_1,0.04358020260831933,0.266
2025,11,ROU.13.8_1,0.04403882742093296,0.275
2025,11,ROU.13.9_1,0.04336898152187278,0.262
2025,11,ROU.14.10_1,0.0377264817893947,0.17799999999999994
2025,11,ROU.14.11_1,0.0392275588338907,0.19700000000000006
2025,11,ROU.14.12_1,0.03789165508891784,0.17999999999999994
2025,11,ROU.14.13_1,0.036429811823056074,0.16300000000000003
2025,11,ROU.14.14_1,0.0392275588338907,0.19700000000000006
2025,11,ROU.14.15_1,0.03338468054825909,0.132
2025,11,ROU.14.16_1,0.037134340659731674,0.17100000000000004
2025,11,ROU.14.17_1,0.04024205274664436,0.21099999999999997
2025,11,ROU.14.18_1,0.03531365871311622,0.15100000000000002
2025,11,ROU.14.19_1,0.03669758339253503,0.16600000000000004
2025,11,ROU.14.1_1,0.03422265035212298,0.14
2025,11,ROU.14.20_1,0.03829702738016549,0.18500000000000005
2025,11,ROU.14.21_1,0.03780928727550324,0.17900000000000005
2025,11,ROU.14.22_1,0.03559966725091553,0.15400000000000003
2025,11,ROU.14.23_1,0.03615763622326992,0.16000000000000003
2025,11,ROU.14.24_1,0.03606591516318372,0.15900000000000003
2025,11,ROU.14.25_1,0.03422265035212298,0.14
2025,11,ROU.14.26_1,0.03521725395583712,0.15000000000000002
2025,11,ROU.14.27_1,0.040586845998924884,0.21599999999999986
2025,11,ROU.14.28_1,0.03730578672438426,0.17300000000000004
2025,11,ROU.14.29_1,0.03687369853356853,0.16800000000000004
2025,11,ROU.14.2_1,0.036961046649421084,0.16900000000000004
2025,11,ROU.14.30_1,0.03730578672438426,0.17300000000000004
2025,11,ROU.14.31_1,0.03678587857708836,0.16700000000000004
2025,11,ROU.14.32_1,0.0386918688155058,0.18999999999999995
2025,11,ROU.14.33_1,0.033808563797603636,0.136
2025,11,ROU.14.34_1,0.03755954620483949,0.17599999999999993
2025,11,ROU.14.35_1,0.03569394912267843,0.15500000000000003
2025,11,ROU.14.36_1,0.03845620929848478,0.18700000000000006
2025,11,ROU.14.37_1,0.03660880954136339,0.16500000000000004
2025,11,ROU.14.38_1,0.0377264817893947,0.17799999999999994
2025,11,ROU.14.39_1,0.040988939538025564,0.22199999999999998
2025,11,ROU.14.3_1,0.03789165508891784,0.17999999999999994
2025,11,ROU.14.40_1,0.03531365871311622,0.15100000000000002
2025,11,ROU.14.41_1,0.03492477200727648,0.14700000000000002
2025,11,ROU.14.42_1,0.033277135321004285,0.131
2025,11,ROU.14.43_1,0.03651955353286177,0.16400000000000003
2025,11,ROU.14.44_1,0.037134340659731674,0.17100000000000004
2025,11,ROU.14.45_1,0.037134340659731674,0.17100000000000004
2025,11,ROU.14.46_1,0.03821680598848177,0.18399999999999994
2025,11,ROU.14.47_1,0.03892385253856027,0.19300000000000006
2025,11,ROU.14.48_1,0.03134510170509333,0.1140000000000001
2025,11,ROU.14.49_1,0.03755954620483949,0.17599999999999993
2025,11,ROU.14.4_1,0.03722029308279467,0.17199999999999993
2025,11,ROU.14.50_1,0.03205031895294551,0.12
2025,11,ROU.14.51_1,0.03146450850879194,0.11499999999999988
2025,11,ROU.14.52_1,0.03747541020585919,0.17500000000000004
2025,11,ROU.14.53_1,0.03687369853356853,0.16800000000000004
2025,11,ROU.14.54_1,0.03755954620483949,0.17599999999999993
2025,11,ROU.14.55_1,0.03669758339253503,0.16600000000000004
2025,11,ROU.14.56_1,0.035504861044643454,0.15300000000000002
2025,11,ROU.14.57_1,0.03797358807768206,0.18100000000000005
2025,11,ROU.14.58_1,0.03492477200727648,0.14700000000000002
2025,11,ROU.14.59_1,0.036961046649421084,0.16900000000000004
2025,11,ROU.14.5_1,0.03569394912267843,0.15500000000000003
2025,11,ROU.14.60_1,0.03861372736657929,0.18899999999999995
2025,11,ROU.14.61_1,0.034426130668099554,0.14200000000000002
2025,11,ROU.14.62_1,0.03678587857708836,0.16700000000000004
2025,11,ROU.14.63_1,0.03170105235404931,0.11699999999999999
2025,11,ROU.14.64_1,0.031103974767997058,0.1120000000000001
2025,11,ROU.14.65_1,0.03512030759679338,0.14900000000000002
2025,11,ROU.14.66_1,0.03861372736657929,0.18899999999999995
2025,11,ROU.14.67_1,0.03687369853356853,0.16800000000000004
2025,11,ROU.14.68_1,0.03633958081358364,0.16200000000000003
2025,11,ROU.14.69_1,0.0347270150445878,0.14500000000000002
2025,11,ROU.14.6_1,0.03967140451383029,0.20300000000000007
2025,11,ROU.14.70_1,0.03789165508891784,0.17999999999999994
2025,11,ROU.14.71_1,0.03900037497023978,0.19399999999999995
2025,11,ROU.14.72_1,0.03569394912267843,0.15500000000000003
2025,11,ROU.14.73_1,0.03952499421896011,0.20100000000000007
2025,11,ROU.14.74_1,0.04497860307625147,0.29499999999999993
2025,11,ROU.14.75_1,0.03633958081358364,0.16200000000000003
2025,11,ROU.14.76_1,0.03730578672438426,0.17300000000000004
2025,11,ROU.14.77_1,0.039816299228720445,0.20499999999999996
2025,11,ROU.14.78_1,0.03193462580160344,0.119
2025,11,ROU.14.79_1,0.03669758339253503,0.16600000000000004
2025,11,ROU.14.7_1,0.035409526292269906,0.15200000000000002
2025,11,ROU.14.80_1,0.03597368984246114,0.15800000000000003
2025,11,ROU.14.8_1,0.030859703043186852,0.10999999999999999
2025,11,ROU.14.9_1,0.03755954620483949,0.17599999999999993
2025,11,ROU.15.10_1,0.012749748450301267,0.017000000000000015
2025,11,ROU.15.11_1,0.01598595915280596,0.027000000000000024
2025,11,ROU.15.12_1,0.012375362730317635,0.016000000000000014
2025,11,ROU.15.13_1,0.011171992853101389,0.013000000000000012
2025,11,ROU.15.14_1,0.012375362730317635,0.016000000000000014
2025,11,ROU.15.15_1,0.012749748450301267,0.017000000000000015
2025,11,ROU.15.16_1,0.016824683036288767,0.030000000000000027
2025,11,ROU.15.17_1,0.0186172016297438,0.03700000000000003
2025,11,ROU.15.18_1,0.014141692511926283,0.02100000000000002
2025,11,ROU.15.19_1,0.017093977664380706,0.030999999999999917
2025,11,ROU.15.1_1,0.013807925411984303,0.020000000000000018
2025,11,ROU.15.20_1,0.01346516566121461,0.019000000000000017
2025,11,ROU.15.21_1,0.015094923848056016,0.02400000000000002
2025,11,ROU.15.22_1,0.013112708088147376,0.018000000000000016
2025,11,ROU.15.23_1,0.013112708088147376,0.018000000000000016
2025,11,ROU.15.24_1,0.011587850192716043,0.014000000000000012
2025,11,ROU.15.25_1,0.01198848050788303,0.015000000000000013
2025,11,ROU.15.26_1,0.013112708088147376,0.018000000000000016
2025,11,ROU.15.27_1,0.009314477086409026,0.009000000000000008
2025,11,ROU.15.28_1,0.0186172016297438,0.03700000000000003
2025,11,ROU.15.29_1,0.01198848050788303,0.015000000000000013
2025,11,ROU.15.2_1,0.012375362730317635,0.016000000000000014
2025,11,ROU.15.30_1,0.01735853480363741,0.03200000000000003
2025,11,ROU.15.31_1,0.01735853480363741,0.03200000000000003
2025,11,ROU.15.32_1,0.01346516566121461,0.019000000000000017
2025,11,ROU.15.33_1,0.01198848050788303,0.015000000000000013
2025,11,ROU.15.34_1,0.017093977664380706,0.030999999999999917
2025,11,ROU.15.35_1,0.02000739716639953,0.04300000000000004
2025,11,ROU.15.36_1,0.013112708088147376,0.018000000000000016
2025,11,ROU.15.37_1,0.011171992853101389,0.013000000000000012
2025,11,ROU.15.38_1,0.011587850192716043,0.014000000000000012
2025,11,ROU.15.39_1,0.015398297599977918,0.025000000000000022
2025,11,ROU.15.3_1,0.020228127440585615,0.04400000000000004
2025,11,ROU.15.40_1,0.010287145561890866,0.01100000000000001
2025,11,ROU.15.41_1,0.013112708088147376,0.018000000000000016
2025,11,ROU.15.42_1,0.013807925411984303,0.020000000000000018
2025,11,ROU.15.43_1,0.016550419667573413,0.029000000000000026
2025,11,ROU.15.44_1,0.009813365941021165,0.010000000000000009
2025,11,ROU.15.45_1,0.011171992853101389,0.013000000000000012
2025,11,ROU.15.46_1,0.011587850192716043,0.014000000000000012
2025,11,ROU.15.47_1,0.01198848050788303,0.015000000000000013
2025,11,ROU.15.48_1,0.015398297599977918,0.025000000000000022
2025,11,ROU.15.49_1,0.012749748450301267,0.017000000000000015
2025,11,ROU.15.4_1,0.012749748450301267,0.017000000000000015
2025,11,ROU.15.50_1,0.01761856786710592,0.03300000000000003
2025,11,ROU.15.51_1,0.01198848050788303,0.015000000000000013
2025,11,ROU.15.52_1,0.013807925411984303,0.020000000000000018
2025,11,ROU.15.53_1,0.009813365941021165,0.010000000000000009
2025,11,ROU.15.54_1,0.012375362730317635,0.016000000000000014
2025,11,ROU.15.55_1,0.017874274303213675,0.03400000000000003
2025,11,ROU.15.56_1,0.012749748450301267,0.017000000000000015
2025,11,ROU.15.58_1,0.014467089376954971,0.02200000000000002
2025,11,ROU.15.59_1,0.010287145561890866,0.01100000000000001
2025,11,ROU.15.5_1,0.01198848050788303,0.015000000000000013
2025,11,ROU.15.6_1,0.01346516566121461,0.019000000000000017
2025,11,ROU.15.7_1,0.010287145561890866,0.01100000000000001
2025,11,ROU.15.8_1,0.017093977664380706,0.030999999999999917
2025,11,ROU.15.9_1,0.01598595915280596,0.027000000000000024
2025,11,ROU.15_1,0.015398297599977918,0.025000000000000022
2025,11,ROU.16.10_1,0.040988939538025564,0.22199999999999998
2025,11,ROU.16.11_1,0.047482512537913336,0.365
2025,11,ROU.16.12_1,0.04253499258640828,0.247
2025,11,ROU.16.13_1,0.04716483144562535,0.3540000000000001
2025,11,ROU.16.14_1,0.04131455432928723,0.22699999999999998
2025,11,ROU.16.15_1,0.039816299228720445,0.20499999999999996
2025,11,ROU.16.16_1,0.04368409413128377,0.268
2025,11,ROU.16.17_1,0.04105474298308412,0.22299999999999998
2025,11,ROU.16.18_1,0.04265009852573865,0.249
2025,11,ROU.16.19_1,0.04452212120566338,0.28500000000000003
2025,11,ROU.16.1_1,0.04181817208376993,0.23499999999999988
2025,11,ROU.16.20_1,0.0440883880814995,0.276
2025,11,ROU.16.21_1,0.042707193501211126,0.25
2025,11,ROU.16.22_1,0.04287666106815927,0.253
2025,11,ROU.16.23_1,0.04187965327748944,0.236
2025,11,ROU.16.24_1,0.042820473570468434,0.252
2025,11,ROU.16.25_1,0.040586845998924884,0.21599999999999986
2025,11,ROU.16.26_1,0.04347516784065807,0.264
2025,11,ROU.16.27_1,0.04194081241318115,0.237
2025,11,ROU.16.28_1,0.04447501240536936,0.28400000000000003
2025,11,ROU.16.29_1,0.04304342757190176,0.256
2025,11,ROU.16.2_1,0.04423541751568946,0.279
2025,11,ROU.16.30_1,0.043261635172466846,0.26
2025,11,ROU.16.31_1,0.04125010863491782,0.22599999999999998
2025,11,ROU.16.32_1,0.04841571960633198,0.405
2025,11,ROU.16.33_1,0.043527828645221735,0.265
2025,11,ROU.16.34_1,0.04247697914036585,0.24599999999999989
2025,11,ROU.16.35_1,0.04131455432928723,0.22699999999999998
2025,11,ROU.16.36_1,0.043315453887845745,0.261
2025,11,ROU.16.37_1,0.04150588489181781,0.22999999999999987
2025,11,ROU.16.38_1,0.04065473594768187,0.21700000000000008
2025,11,ROU.16.3_1,0.04304342757190176,0.256
2025,11,ROU.16.4_1,0.04092279257964584,0.22099999999999997
2025,11,ROU.16.5_1,0.043153120135473684,0.258
2025,11,ROU.16.6_1,0.041694237816008395,0.23299999999999987
2025,11,ROU.16.7_1,0.04466184267754451,0.28800000000000003
2025,11,ROU.16.8_1,0.04112020456396412,0.22399999999999998
2025,11,ROU.16.9_1,0.0475644900783197,0.368
2025,11,ROU.17.10_1,0.04393887424186332,0.273
2025,11,ROU.17.11_1,0.044844424119052026,0.2919999999999999
2025,11,ROU.17.12_1,0.04734145855537475,0.36
2025,11,ROU.17.13_1,0.045110442250019825,0.29800000000000004
2025,11,ROU.17.14_1,0.04644700016480913,0.3320000000000001
2025,11,ROU.17.15_1,0.046516897872020804,0.33399999999999996
2025,11,ROU.17.16_1,0.04615792209149038,0.32399999999999995
2025,11,ROU.17.17_1,0.04691668519057854,0.346
2025,11,ROU.17.18_1,0.04728347907869092,0.3579999999999999
2025,11,ROU.17.19_1,0.04600762791136711,0.31999999999999995
2025,11,ROU.17.1_1,0.04549212269146771,0.30699999999999994
2025,11,ROU.17.20_1,0.04658585548256223,0.3360000000000001
2025,11,ROU.17.21_1,0.04737011365684981,0.361
2025,11,ROU.17.22_1,0.04801514388369464,0.386
2025,11,ROU.17.23_1,0.0462316235363915,0.32600000000000007
2025,11,ROU.17.24_1,0.046720967007268466,0.33999999999999997
2025,11,ROU.17.25_1,0.04276398478000556,0.251
2025,11,ROU.17.26_1,0.04675416374406932,0.34099999999999997
2025,11,ROU.17.27_1,0.04600762791136711,0.31999999999999995
2025,11,ROU.17.28_1,0.04565519501338059,0.31099999999999994
2025,11,ROU.17.29_1,0.04549212269146771,0.30699999999999994
2025,11,ROU.17.2_1,0.0466875383137864,0.33899999999999997
2025,11,ROU.17.30_1,0.04857909001025196,0.4139999999999999
2025,11,ROU.17.31_1,0.047104156516901585,0.352
2025,11,ROU.17.32_1,0.045450728138743166,0.30600000000000005
2025,11,ROU.17.33_1,0.045022808420897016,0.29600000000000004
2025,11,ROU.17.34_1,0.045450728138743166,0.30600000000000005
2025,11,ROU.17.35_1,0.04688464092705593,0.345
2025,11,ROU.17.36_1,0.045574158679044414,0.30899999999999994
2025,11,ROU.17.37_1,0.046720967007268466,0.33999999999999997
2025,11,ROU.17.38_1,0.04479917422492878,0.2909999999999999
2025,11,ROU.17.39_1,0.045367182479570625,0.30400000000000005
2025,11,ROU.17.3_1,0.0462316235363915,0.32600000000000007
2025,11,ROU.17.40_1,0.045066754559637344,0.29699999999999993
2025,11,ROU.17.41_1,0.045774886760868244,0.31400000000000006
2025,11,ROU.17.42_1,0.04675416374406932,0.34099999999999997
2025,11,ROU.17.43_1,0.04589235872572516,0.31700000000000006
2025,11,ROU.17.44_1,0.045450728138743166,0.30600000000000005
2025,11,ROU.17.45_1,0.04691668519057854,0.346
2025,11,ROU.17.46_1,0.045450728138743166,0.30600000000000005
2025,11,ROU.17.47_1,0.03884692896597934,0.19199999999999995
2025,11,ROU.17.48_1,0.046653877165014464,0.3380000000000001
2025,11,ROU.17.49_1,0.04581428987514457,0.31500000000000006
2025,11,ROU.17.4_1,0.045695339975136744,0.31200000000000006
2025,11,ROU.17.50_1,0.04737011365684981,0.361
2025,11,ROU.17.51_1,0.045695339975136744,0.31200000000000006
2025,11,ROU.17.52_1,0.04612071083397134,0.32300000000000006
2025,11,ROU.17.53_1,0.04675416374406932,0.34099999999999997
2025,11,ROU.17.54_1,0.04634038160147463,0.32900000000000007
2025,11,ROU.17.55_1,0.04456896195634114,0.28600000000000003
2025,11,ROU.17.56_1,0.04801514388369464,0.386
2025,11,ROU.17.57_1,0.046653877165014464,0.3380000000000001
2025,11,ROU.17.58_1,0.04716483144562535,0.3540000000000001
2025,11,ROU.17.59_1,0.04383780558780022,0.271
2025,11,ROU.17.5_1,0.04497860307625147,0.29499999999999993
2025,11,ROU.17.60_1,0.04612071083397134,0.32300000000000006
2025,11,ROU.17.61_1,0.045969448573345284,0.31900000000000006
2025,11,ROU.17.62_1,0.04637615811021295,0.33000000000000007
2025,11,ROU.17.63_1,0.04447501240536936,0.28400000000000003
2025,11,ROU.17.64_1,0.04716483144562535,0.3540000000000001
2025,11,ROU.17.65_1,0.04931046859129257,0.494
2025,11,ROU.17.66_1,0.04523996209628829,0.30100000000000005
2025,11,ROU.17.67_1,0.04774809389847267,0.375
2025,11,ROU.17.68_1,0.047872712960503876,0.38
2025,11,ROU.17.69_1,0.045197045279087404,0.30000000000000004
2025,11,ROU.17.6_1,0.046551493926931094,0.33499999999999996
2025,11,ROU.17.70_1,0.04691668519057854,0.346
2025,11,ROU.17.71_1,0.047722519536849896,0.374
2025,11,ROU.17.72_1,0.046551493926931094,0.33499999999999996
2025,11,ROU.17.73_1,0.04619489279993376,0.32499999999999996
2025,11,ROU.17.74_1,0.046516897872020804,0.33399999999999996
2025,11,ROU.17.75_1,0.045969448573345284,0.31900000000000006
2025,11,ROU.17.76_1,0.04675416374406932,0.34099999999999997
2025,11,ROU.17.77_1,0.045022808420897016,0.29600000000000004
2025,11,ROU.17.78_1,0.04589235872572516,0.31700000000000006
2025,11,ROU.17.79_1,0.04675416374406932,0.34099999999999997
2025,11,ROU.17.7_1,0.0464820667942262,0.3330000000000001
2025,11,ROU.17.80_1,0.045367182479570625,0.30400000000000005
2025,11,ROU.17.81_1,0.04549212269146771,0.30699999999999994
2025,11,ROU.17.82_1,0.04581428987514457,0.31500000000000006
2025,11,ROU.17.8_1,0.0481058195358967,0.3899999999999999
2025,11,ROU.17.9_1,0.04737011365684981,0.361
2025,11,ROU.18.10_1,0.04930208389147518,0.5109999999999999
2025,11,ROU.18.11_1,0.04924730164269793,0.474
2025,11,ROU.18.12_1,0.04916377721482547,0.46099999999999997
2025,11,ROU.18.13_1,0.04927455231992934,0.48
2025,11,ROU.18.14_1,0.04928876408362049,0.484
2025,11,ROU.18.15_1,0.04928550758306634,0.483
2025,11,ROU.18.16_1,0.04917139419174232,0.46199999999999997
2025,11,ROU.18.17_1,0.04931313166817844,0.5030000000000001
2025,11,ROU.18.18_1,0.049291823024524936,0.485
2025,11,ROU.18.19_1,0.04924206699679028,0.47299999999999986
2025,11,ROU.18.1_1,0.04924730164269793,0.474
2025,11,ROU.18.20_1,0.04930602981018073,0.5090000000000001
2025,11,ROU.18.21_1,0.049299814845208526,0.488
2025,11,ROU.18.22_1,0.04734145855537475,0.64
2025,11,ROU.18.23_1,0.049278401743967075,0.481
2025,11,ROU.18.24_1,0.049299814845208526,0.512
2025,11,ROU.18.25_1,0.04929734837211439,0.5129999999999999
2025,11,ROU.18.26_1,0.04931392070037807,0.499
2025,11,ROU.18.27_1,0.049270505165251464,0.4790000000000001
2025,11,ROU.18.28_1,0.049299814845208526,0.488
2025,11,ROU.18.29_1,0.04926181746665718,0.523
2025,11,ROU.18.2_1,0.04931392070037807,0.499
2025,11,ROU.18.30_1,0.04928876408362049,0.484
2025,11,ROU.18.31_1,0.04928550758306634,0.517
2025,11,ROU.18.32_1,0.04924206699679028,0.47299999999999986
2025,11,ROU.18.33_1,0.04859620753737639,0.585
2025,11,ROU.18.34_1,0.04931244125464726,0.496
2025,11,ROU.18.35_1,0.049252338229543516,0.525
2025,11,ROU.18.36_1,0.04919305161373661,0.4650000000000001
2025,11,ROU.18.37_1,0.049095666579674534,0.547
2025,11,ROU.18.38_1,0.04931392070037807,0.5009999999999999
2025,11,ROU.18.39_1,0.04930415553817197,0.49
2025,11,ROU.18.3_1,0.04929468444255788,0.514
2025,11,ROU.18.40_1,0.04924206699679028,0.5270000000000001
2025,11,ROU.18.41_1,0.04927455231992934,0.48
2025,11,ROU.18.42_1,0.049270505165251464,0.4790000000000001
2025,11,ROU.18.43_1,0.04728347907869092,0.642
2025,11,ROU.18.44_1,0.049291823024524936,0.515
2025,11,ROU.18.45_1,0.04931392070037807,0.499
2025,11,ROU.18.46_1,0.04929734837211439,0.487
2025,11,ROU.18.47_1,0.04751005884784409,0.634
2025,11,ROU.18.48_1,0.04929468444255788,0.514
2025,11,ROU.18.49_1,0.049270505165251464,0.4790000000000001
2025,11,ROU.18.4_1,0.04929468444255788,0.514
2025,11,ROU.18.50_1,0.04922517406088867,0.46999999999999986
2025,11,ROU.18.51_1,0.04921292058559043,0.46799999999999997
2025,11,ROU.18.52_1,0.04924206699679028,0.47299999999999986
2025,11,ROU.18.53_1,0.04931155356590333,0.5049999999999999
2025,11,ROU.18.54_1,0.049278401743967075,0.481
2025,11,ROU.18.55_1,0.04767071749009322,0.6280000000000001
2025,11,ROU.18.56_1,0.049278401743967075,0.481
2025,11,ROU.18.57_1,0.04930415553817197,0.49
2025,11,ROU.18.58_1,0.0481058195358967,0.61
2025,11,ROU.18.59_1,0.04931244125464726,0.496
2025,11,ROU.18.5_1,0.049291823024524936,0.485
2025,11,ROU.18.60_1,0.049257176818082164,0.524
2025,11,ROU.18.61_1,0.04931313166817844,0.4969999999999999
2025,11,ROU.18.62_1,0.04918603130240426,0.46399999999999997
2025,11,ROU.18.63_1,0.04920649617391004,0.533
2025,11,ROU.18.64_1,0.04931392070037807,0.5009999999999999
2025,11,ROU.18.65_1,0.04931313166817844,0.5030000000000001
2025,11,ROU.18.66_1,0.04745474525398454,0.636
2025,11,ROU.18.67_1,0.049252338229543516,0.525
2025,11,ROU.18.68_1,0.04918603130240426,0.46399999999999997
2025,11,ROU.18.69_1,0.04929468444255788,0.486
2025,11,ROU.18.6_1,0.049178812190926395,0.4630000000000001
2025,11,ROU.18.70_1,0.04913131764268012,0.4570000000000001
2025,11,ROU.18.71_1,0.04928205348369894,0.482
2025,11,ROU.18.72_1,0.04929468444255788,0.486
2025,11,ROU.18.73_1,0.049257176818082164,0.524
2025,11,ROU.18.74_1,0.04931401932851536,0.5
2025,11,ROU.18.75_1,0.04927455231992934,0.48
2025,11,ROU.18.76_1,0.049257176818082164,0.476
2025,11,ROU.18.77_1,0.04931362481478267,0.502
2025,11,ROU.18.78_1,0.04930208389147518,0.489
2025,11,ROU.18.79_1,0.049291823024524936,0.515
2025,11,ROU.18.7_1,0.04921292058559043,0.46799999999999997
2025,11,ROU.18.80_1,0.04915596116767787,0.4600000000000001
2025,11,ROU.18.81_1,0.049252338229543516,0.475
2025,11,ROU.18.82_1,0.048127956465367445,0.609
2025,11,ROU.18.83_1,0.04882835038466338,0.42999999999999994
2025,11,ROU.18.84_1,0.049252338229543516,0.475
2025,11,ROU.18.85_1,0.04930415553817197,0.51
2025,11,ROU.18.86_1,0.04704257621690377,0.6500000000000001
2025,11,ROU.18.87_1,0.04931313166817844,0.5030000000000001
2025,11,ROU.18.88_1,0.049252338229543516,0.475
2025,11,ROU.18.89_1,0.04928876408362049,0.484
2025,11,ROU.18.8_1,0.04931362481478267,0.498
2025,11,ROU.18.90_1,0.049309186317792034,0.493
2025,11,ROU.18.91_1,0.049299814845208526,0.512
2025,11,ROU.18.92_1,0.049270505165251464,0.4790000000000001
2025,11,ROU.18.93_1,0.048214385042021364,0.605
2025,11,ROU.18.94_1,0.04924730164269793,0.526
2025,11,ROU.18.95_1,0.04927455231992934,0.48
2025,11,ROU.18.96_1,0.049278401743967075,0.481
2025,11,ROU.18.97_1,0.049014761501561505,0.44500000000000006
2025,11,ROU.18.98_1,0.049147945955324505,0.4590000000000001
2025,11,ROU.18.99_1,0.049095666579674534,0.45300000000000007
2025,11,ROU.18.9_1,0.04774809389847267,0.625
2025,11,ROU.19.10_1,0.04619489279993376,0.32499999999999996
2025,11,ROU.19.11_1,0.04713460693292685,0.3530000000000001
2025,11,ROU.19.12_1,0.04641169744985238,0.33099999999999996
2025,11,ROU.19.13_1,0.04737011365684981,0.361
2025,11,ROU.19.14_1,0.04637615811021295,0.33000000000000007
2025,11,ROU.19.15_1,0.04565519501338059,0.31099999999999994
2025,11,ROU.19.16_1,0.04918603130240426,0.46399999999999997
2025,11,ROU.19.17_1,0.046619983057431764,0.3370000000000001
2025,11,ROU.19.18_1,0.04688464092705593,0.345
2025,11,ROU.19.19_1,0.045695339975136744,0.31200000000000006
2025,11,ROU.19.1_1,0.04565519501338059,0.31099999999999994
2025,11,ROU.19.20_1,0.045931025715348975,0.31800000000000006
2025,11,ROU.19.21_1,0.04713460693292685,0.3530000000000001
2025,11,ROU.19.22_1,0.047104156516901585,0.352
2025,11,ROU.19.23_1,0.047644489094625424,0.371
2025,11,ROU.19.24_1,0.04698008698541929,0.348
2025,11,ROU.19.25_1,0.04845347708103587,0.40700000000000003
2025,11,ROU.19.26_1,0.04532502997860004,0.30300000000000005
2025,11,ROU.19.27_1,0.04608325844466175,0.32200000000000006
2025,11,ROU.19.28_1,0.0464820667942262,0.3330000000000001
2025,11,ROU.19.29_1,0.04725415388230268,0.357
2025,11,ROU.19.2_1,0.04581428987514457,0.31500000000000006
2025,11,ROU.19.30_1,0.04549212269146771,0.30699999999999994
2025,11,ROU.19.31_1,0.046551493926931094,0.33499999999999996
2025,11,ROU.19.32_1,0.04694850038824155,0.347
2025,11,ROU.19.33_1,0.04691668519057854,0.346
2025,11,ROU.19.34_1,0.045774886760868244,0.31400000000000006
2025,11,ROU.19.35_1,0.04615792209149038,0.32399999999999995
2025,11,ROU.19.36_1,0.046516897872020804,0.33399999999999996
2025,11,ROU.19.37_1,0.044707884311692536,0.28900000000000003
2025,11,ROU.19.38_1,0.04589235872572516,0.31700000000000006
2025,11,ROU.19.39_1,0.04745474525398454,0.364
2025,11,ROU.19.3_1,0.04608325844466175,0.32200000000000006
2025,11,ROU.19.40_1,0.04681986331775376,0.34299999999999997
2025,11,ROU.19.41_1,0.04573523700820659,0.31299999999999994
2025,11,ROU.19.42_1,0.0464820667942262,0.3330000000000001
2025,11,ROU.19.43_1,0.04713460693292685,0.3530000000000001
2025,11,ROU.19.44_1,0.04931392070037807,0.499
2025,11,ROU.19.45_1,0.04794489432249727,0.383
2025,11,ROU.19.46_1,0.04716483144562535,0.3540000000000001
2025,11,ROU.19.47_1,0.04573523700820659,0.31299999999999994
2025,11,ROU.19.48_1,0.045614801468342216,0.31000000000000005
2025,11,ROU.19.49_1,0.04619489279993376,0.32499999999999996
2025,11,ROU.19.4_1,0.04585344698686476,0.31599999999999995
2025,11,ROU.19.50_1,0.0462316235363915,0.32600000000000007
2025,11,ROU.19.51_1,0.04745474525398454,0.364
2025,11,ROU.19.52_1,0.04637615811021295,0.33000000000000007
2025,11,ROU.19.53_1,0.0475373845679177,0.367
2025,11,ROU.19.54_1,0.04716483144562535,0.3540000000000001
2025,11,ROU.19.55_1,0.045614801468342216,0.31000000000000005
2025,11,ROU.19.56_1,0.04634038160147463,0.32900000000000007
2025,11,ROU.19.57_1,0.04704257621690377,0.35
2025,11,ROU.19.58_1,0.04644700016480913,0.3320000000000001
2025,11,ROU.19.59_1,0.04694850038824155,0.347
2025,11,ROU.19.5_1,0.04581428987514457,0.31500000000000006
2025,11,ROU.19.6_1,0.04619489279993376,0.32499999999999996
2025,11,ROU.19.7_1,0.04532502997860004,0.30300000000000005
2025,11,ROU.19.8_1,0.04615792209149038,0.32399999999999995
2025,11,ROU.19.9_1,0.04698008698541929,0.348
2025,11,ROU.2.10_1,0.04452212120566338,0.28500000000000003
2025,11,ROU.2.11_1,0.04293254845601885,0.254
2025,11,ROU.2.12_1,0.04287666106815927,0.253
2025,11,ROU.2.13_1,0.04320752428803497,0.259
2025,11,ROU.2.14_1,0.04523996209628829,0.30100000000000005
2025,11,ROU.2.15_1,0.04320752428803497,0.259
2025,11,ROU.2.16_1,0.045110442250019825,0.29800000000000004
2025,11,ROU.2.17_1,0.0441866822098382,0.278
2025,11,ROU.2.18_1,0.044844424119052026,0.2919999999999999
2025,11,ROU.2.19_1,0.0441866822098382,0.278
2025,11,ROU.2.1_1,0.043315453887845745,0.261
2025,11,ROU.2.20_1,0.04854423570003872,0.4119999999999999
2025,11,ROU.2.21_1,0.04187965327748944,0.236
2025,11,ROU.2.22_1,0.042360024989151694,0.2440000000000001
2025,11,ROU.2.23_1,0.04276398478000556,0.251
2025,11,ROU.2.24_1,0.04479917422492878,0.2909999999999999
2025,11,ROU.2.25_1,0.045066754559637344,0.29699999999999993
2025,11,ROU.2.26_1,0.04565519501338059,0.31099999999999994
2025,11,ROU.2.27_1,0.04852649847216737,0.4109999999999999
2025,11,ROU.2.28_1,0.04378685054716181,0.27
2025,11,ROU.2.29_1,0.043153120135473684,0.258
2025,11,ROU.2.2_1,0.04466184267754451,0.28800000000000003
2025,11,ROU.2.30_1,0.042592698632283446,0.2480000000000001
2025,11,ROU.2.31_1,0.042820473570468434,0.252
2025,11,ROU.2.32_1,0.04378685054716181,0.27
2025,11,ROU.2.33_1,0.04437998723670003,0.28200000000000003
2025,11,ROU.2.34_1,0.04827698930418185,0.398
2025,11,ROU.2.35_1,0.045367182479570625,0.30400000000000005
2025,11,ROU.2.36_1,0.04849040273668494,0.40900000000000003
2025,11,ROU.2.37_1,0.04600762791136711,0.31999999999999995
2025,11,ROU.2.38_1,0.04452212120566338,0.28500000000000003
2025,11,ROU.2.39_1,0.0441376727032484,0.277
2025,11,ROU.2.3_1,0.04461553550165871,0.2869999999999999
2025,11,ROU.2.40_1,0.045574158679044414,0.30899999999999994
2025,11,ROU.2.41_1,0.04852649847216737,0.4109999999999999
2025,11,ROU.2.42_1,0.04488941170168404,0.2929999999999999
2025,11,ROU.2.43_1,0.04456896195634114,0.28600000000000003
2025,11,ROU.2.44_1,0.04368409413128377,0.268
2025,11,ROU.2.45_1,0.04839652833011038,0.404
2025,11,ROU.2.46_1,0.04393887424186332,0.273
2025,11,ROU.2.47_1,0.045574158679044414,0.30899999999999994
2025,11,ROU.2.48_1,0.042820473570468434,0.252
2025,11,ROU.2.49_1,0.048337701359825916,0.401
2025,11,ROU.2.4_1,0.04265009852573865,0.249
2025,11,ROU.2.50_1,0.04845347708103587,0.40700000000000003
2025,11,ROU.2.51_1,0.045066754559637344,0.29699999999999993
2025,11,ROU.2.52_1,0.04403882742093296,0.275
2025,11,ROU.2.53_1,0.04388847982885752,0.272
2025,11,ROU.2.54_1,0.0462316235363915,0.32600000000000007
2025,11,ROU.2.55_1,0.04857909001025196,0.4139999999999999
2025,11,ROU.2.56_1,0.04497860307625147,0.29499999999999993
2025,11,ROU.2.57_1,0.04637615811021295,0.33000000000000007
2025,11,ROU.2.58_1,0.04403882742093296,0.275
2025,11,ROU.2.59_1,0.042820473570468434,0.252
2025,11,ROU.2.5_1,0.044427634702780626,0.2829999999999999
2025,11,ROU.2.60_1,0.04393887424186332,0.273
2025,11,ROU.2.61_1,0.04298813690453435,0.255
2025,11,ROU.2.62_1,0.04347516784065807,0.264
2025,11,ROU.2.63_1,0.04383780558780022,0.271
2025,11,ROU.2.64_1,0.04378685054716181,0.27
2025,11,ROU.2.65_1,0.04835751945957893,0.402
2025,11,ROU.2.66_1,0.042360024989151694,0.2440000000000001
2025,11,ROU.2.67_1,0.04253499258640828,0.247
2025,11,ROU.2.68_1,0.04212237146341945,0.24
2025,11,ROU.2.69_1,0.04150588489181781,0.22999999999999987
2025,11,ROU.2.6_1,0.04320752428803497,0.259
2025,11,ROU.2.70_1,0.04801514388369464,0.386
2025,11,ROU.2.71_1,0.04388847982885752,0.272
2025,11,ROU.2.72_1,0.0436322907628802,0.267
2025,11,ROU.2.73_1,0.045066754559637344,0.29699999999999993
2025,11,ROU.2.74_1,0.045110442250019825,0.29800000000000004
2025,11,ROU.2.75_1,0.0441866822098382,0.278
2025,11,ROU.2.7_1,0.04447501240536936,0.28400000000000003
2025,11,ROU.2.8_1,0.0436322907628802,0.267
2025,11,ROU.2.9_1,0.0441376727032484,0.277
2025,11,ROU.20.10_1,0.047872712960503876,0.38
2025,11,ROU.20.11_1,0.04681986331775376,0.34299999999999997
2025,11,ROU.20.12_1,0.0464820667942262,0.3330000000000001
2025,11,ROU.20.13_1,0.0475644900783197,0.368
2025,11,ROU.20.14_1,0.04784822171310597,0.379
2025,11,ROU.20.15_1,0.04794489432249727,0.383
2025,11,ROU.20.16_1,0.04589235872572516,0.31700000000000006
2025,11,ROU.20.17_1,0.0477734509529057,0.376
2025,11,ROU.20.18_1,0.04691668519057854,0.346
2025,11,ROU.20.19_1,0.048377128364914083,0.403
2025,11,ROU.20.1_1,0.0475644900783197,0.368
2025,11,ROU.20.20_1,0.04926181746665718,0.477
2025,11,ROU.20.21_1,0.04716483144562535,0.3540000000000001
2025,11,ROU.20.22_1,0.04779859104599205,0.3770000000000001
2025,11,ROU.20.23_1,0.046516897872020804,0.33399999999999996
2025,11,ROU.20.24_1,0.047968525063499766,0.384
2025,11,ROU.20.25_1,0.04742675660793199,0.363
2025,11,ROU.20.26_1,0.04739854620761542,0.362
2025,11,ROU.20.27_1,0.046787129017927614,0.3420000000000001
2025,11,ROU.20.28_1,0.047312580498823385,0.359
2025,11,ROU.20.29_1,0.047482512537913336,0.365
2025,11,ROU.20.2_1,0.04737011365684981,0.361
2025,11,ROU.20.30_1,0.04716483144562535,0.3540000000000001
2025,11,ROU.20.31_1,0.04734145855537475,0.36
2025,11,ROU.20.32_1,0.04742675660793199,0.363
2025,11,ROU.20.33_1,0.047194830489016126,0.355
2025,11,ROU.20.34_1,0.047312580498823385,0.359
2025,11,ROU.20.35_1,0.04734145855537475,0.36
2025,11,ROU.20.36_1,0.04928550758306634,0.483
2025,11,ROU.20.37_1,0.04734145855537475,0.36
2025,11,ROU.20.38_1,0.04716483144562535,0.3540000000000001
2025,11,ROU.20.39_1,0.04745474525398454,0.364
2025,11,ROU.20.3_1,0.04728347907869092,0.3579999999999999
2025,11,ROU.20.40_1,0.04745474525398454,0.364
2025,11,ROU.20.41_1,0.04801514388369464,0.386
2025,11,ROU.20.42_1,0.04779859104599205,0.3770000000000001
2025,11,ROU.20.43_1,0.04792104893930471,0.3819999999999999
2025,11,ROU.20.44_1,0.04814988119262943,0.392
2025,11,ROU.20.45_1,0.04688464092705593,0.345
2025,11,ROU.20.46_1,0.0475373845679177,0.367
2025,11,ROU.20.47_1,0.04637615811021295,0.33000000000000007
2025,11,ROU.20.48_1,0.04929734837211439,0.487
2025,11,ROU.20.49_1,0.047618041971247235,0.37
2025,11,ROU.20.4_1,0.04713460693292685,0.3530000000000001
2025,11,ROU.20.5_1,0.04713460693292685,0.3530000000000001
2025,11,ROU.20.6_1,0.047618041971247235,0.37
2025,11,ROU.20.7_1,0.0475644900783197,0.368
2025,11,ROU.20.8_1,0.04707347975915941,0.351
2025,11,ROU.20.9_1,0.0466875383137864,0.33899999999999997
2025,11,ROU.21.10_1,0.04532502997860004,0.30300000000000005
2025,11,ROU.21.11_1,0.0441866822098382,0.278
2025,11,ROU.21.12_1,0.04549212269146771,0.30699999999999994
2025,11,ROU.21.13_1,0.04615792209149038,0.32399999999999995
2025,11,ROU.21.14_1,0.04585344698686476,0.31599999999999995
2025,11,ROU.21.15_1,0.041378664568624164,0.2280000000000001
2025,11,ROU.21.16_1,0.045614801468342216,0.31000000000000005
2025,11,ROU.21.17_1,0.04479917422492878,0.2909999999999999
2025,11,ROU.21.18_1,0.044427634702780626,0.2829999999999999
2025,11,ROU.21.19_1,0.03974404027870705,0.20399999999999985
2025,11,ROU.21.1_1,0.045367182479570625,0.30400000000000005
2025,11,ROU.21.20_1,0.04604556433516866,0.32100000000000006
2025,11,ROU.21.21_1,0.04549212269146771,0.30699999999999994
2025,11,ROU.21.22_1,0.04532502997860004,0.30300000000000005
2025,11,ROU.21.23_1,0.040172012552874455,0.21000000000000008
2025,11,ROU.21.24_1,0.04553326597806426,0.30800000000000005
2025,11,ROU.21.25_1,0.04644700016480913,0.3320000000000001
2025,11,ROU.21.26_1,0.04565519501338059,0.31099999999999994
2025,11,ROU.21.27_1,0.04685236712767099,0.344
2025,11,ROU.21.28_1,0.045695339975136744,0.31200000000000006
2025,11,ROU.21.29_1,0.04532502997860004,0.30300000000000005
2025,11,ROU.21.2_1,0.04532502997860004,0.30300000000000005
2025,11,ROU.21.30_1,0.04403882742093296,0.275
2025,11,ROU.21.31_1,0.04641169744985238,0.33099999999999996
2025,11,ROU.21.32_1,0.045574158679044414,0.30899999999999994
2025,11,ROU.21.33_1,0.045282623422316266,0.30200000000000005
2025,11,ROU.21.34_1,0.045931025715348975,0.31800000000000006
2025,11,ROU.21.35_1,0.04553326597806426,0.30800000000000005
2025,11,ROU.21.36_1,0.04553326597806426,0.30800000000000005
2025,11,ROU.21.37_1,0.04573523700820659,0.31299999999999994
2025,11,ROU.21.38_1,0.045367182479570625,0.30400000000000005
2025,11,ROU.21.39_1,0.04276398478000556,0.251
2025,11,ROU.21.3_1,0.045695339975136744,0.31200000000000006
2025,11,ROU.21.40_1,0.045695339975136744,0.31200000000000006
2025,11,ROU.21.41_1,0.0407222738416092,0.21799999999999986
2025,11,ROU.21.42_1,0.042592698632283446,0.2480000000000001
2025,11,ROU.21.43_1,0.04585344698686476,0.31599999999999995
2025,11,ROU.21.44_1,0.04347516784065807,0.264
2025,11,ROU.21.45_1,0.045367182479570625,0.30400000000000005
2025,11,ROU.21.46_1,0.04488941170168404,0.2929999999999999
2025,11,ROU.21.47_1,0.04615792209149038,0.32399999999999995
2025,11,ROU.21.48_1,0.04287666106815927,0.253
2025,11,ROU.21.49_1,0.04466184267754451,0.28800000000000003
2025,11,ROU.21.4_1,0.04626811487238125,0.32699999999999996
2025,11,ROU.21.50_1,0.045197045279087404,0.30000000000000004
2025,11,ROU.21.51_1,0.04368409413128377,0.268
2025,11,ROU.21.52_1,0.045367182479570625,0.30400000000000005
2025,11,ROU.21.53_1,0.04600762791136711,0.31999999999999995
2025,11,ROU.21.54_1,0.04565519501338059,0.31099999999999994
2025,11,ROU.21.55_1,0.04200165089770341,0.238
2025,11,ROU.21.56_1,0.04619489279993376,0.32499999999999996
2025,11,ROU.21.57_1,0.04615792209149038,0.32399999999999995
2025,11,ROU.21.58_1,0.04641169744985238,0.33099999999999996
2025,11,ROU.21.59_1,0.044427634702780626,0.2829999999999999
2025,11,ROU.21.5_1,0.04549212269146771,0.30699999999999994
2025,11,ROU.21.60_1,0.04698008698541929,0.348
2025,11,ROU.21.61_1,0.045614801468342216,0.31000000000000005
2025,11,ROU.21.62_1,0.045774886760868244,0.31400000000000006
2025,11,ROU.21.63_1,0.04423541751568946,0.279
2025,11,ROU.21.64_1,0.042418657032918014,0.245
2025,11,ROU.21.65_1,0.04549212269146771,0.30699999999999994
2025,11,ROU.21.66_1,0.045574158679044414,0.30899999999999994
2025,11,ROU.21.67_1,0.04461553550165871,0.2869999999999999
2025,11,ROU.21.68_1,0.04532502997860004,0.30300000000000005
2025,11,ROU.21.69_1,0.04452212120566338,0.28500000000000003
2025,11,ROU.21.6_1,0.04003083554183499,0.20800000000000007
2025,11,ROU.21.70_1,0.044844424119052026,0.2919999999999999
2025,11,ROU.21.7_1,0.04461553550165871,0.2869999999999999
2025,11,ROU.21.8_1,0.045197045279087404,0.30000000000000004
2025,11,ROU.21.9_1,0.04466184267754451,0.28800000000000003
2025,11,ROU.22.10_1,0.039451215462812286,0.19999999999999996
2025,11,ROU.22.11_1,0.040311729943021436,0.21199999999999997
2025,11,ROU.22.12_1,0.03892385253856027,0.19300000000000006
2025,11,ROU.22.13_1,0.0415689980366121,0.23099999999999998
2025,11,ROU.22.14_1,0.043988989788542626,0.274
2025,11,ROU.22.15_1,0.041185325910782805,0.2250000000000001
2025,11,ROU.22.16_1,0.04368409413128377,0.268
2025,11,ROU.22.17_1,0.041378664568624164,0.2280000000000001
2025,11,ROU.22.18_1,0.04092279257964584,0.22099999999999997
2025,11,ROU.22.19_1,0.043315453887845745,0.261
2025,11,ROU.22.1_1,0.04194081241318115,0.237
2025,11,ROU.22.20_1,0.039959694850211,0.20699999999999996
2025,11,ROU.22.21_1,0.041694237816008395,0.23299999999999987
2025,11,ROU.22.22_1,0.040988939538025564,0.22199999999999998
2025,11,ROU.22.23_1,0.03974404027870705,0.20399999999999985
2025,11,ROU.22.24_1,0.03988818341171357,0.20599999999999996
2025,11,ROU.22.25_1,0.04125010863491782,0.22599999999999998
2025,11,ROU.22.26_1,0.040172012552874455,0.21000000000000008
2025,11,ROU.22.27_1,0.0392275588338907,0.19700000000000006
2025,11,ROU.22.28_1,0.04347516784065807,0.264
2025,11,ROU.22.29_1,0.04247697914036585,0.24599999999999989
2025,11,ROU.22.2_1,0.04347516784065807,0.264
2025,11,ROU.22.30_1,0.04206217012242035,0.23899999999999988
2025,11,ROU.22.31_1,0.042241825923508114,0.24199999999999988
2025,11,ROU.22.32_1,0.04045000283720392,0.21399999999999997
2025,11,ROU.22.33_1,0.04253499258640828,0.247
2025,11,ROU.22.34_1,0.04336898152187278,0.262
2025,11,ROU.22.35_1,0.04383780558780022,0.271
2025,11,ROU.22.36_1,0.040988939538025564,0.22199999999999998
2025,11,ROU.22.37_1,0.04092279257964584,0.22099999999999997
2025,11,ROU.22.38_1,0.0414424409097459,0.2290000000000001
2025,11,ROU.22.39_1,0.040311729943021436,0.21199999999999997
2025,11,ROU.22.40_1,0.04276398478000556,0.251
2025,11,ROU.22.41_1,0.04112020456396412,0.22399999999999998
2025,11,ROU.22.42_1,0.04051860222570782,0.21499999999999997
2025,11,ROU.22.43_1,0.040988939538025564,0.22199999999999998
2025,11,ROU.22.44_1,0.0415689980366121,0.23099999999999998
2025,11,ROU.22.45_1,0.0407222738416092,0.21799999999999986
2025,11,ROU.22.46_1,0.042241825923508114,0.24199999999999988
2025,11,ROU.22.47_1,0.04024205274664436,0.21099999999999997
2025,11,ROU.22.48_1,0.043261635172466846,0.26
2025,11,ROU.22.49_1,0.0414424409097459,0.2290000000000001
2025,11,ROU.22.4_1,0.04181817208376993,0.23499999999999988
2025,11,ROU.22.50_1,0.03764323574228856,0.17700000000000005
2025,11,ROU.22.51_1,0.03829702738016549,0.18500000000000005
2025,11,ROU.22.52_1,0.03660880954136339,0.16500000000000004
2025,11,ROU.22.53_1,0.0414424409097459,0.2290000000000001
2025,11,ROU.22.54_1,0.043735613725489,0.269
2025,11,ROU.22.55_1,0.03952499421896011,0.20100000000000007
2025,11,ROU.22.56_1,0.04051860222570782,0.21499999999999997
2025,11,ROU.22.57_1,0.04092279257964584,0.22099999999999997
2025,11,ROU.22.58_1,0.03900037497023978,0.19399999999999995
2025,11,ROU.22.5_1,0.036429811823056074,0.16300000000000003
2025,11,ROU.22.6_1,0.03967140451383029,0.20300000000000007
2025,11,ROU.22.7_1,0.04131455432928723,0.22699999999999998
2025,11,ROU.22.8_1,0.04181817208376993,0.23499999999999988
2025,11,ROU.22.9_1,0.0392275588338907,0.19700000000000006
2025,11,ROU.23.10_1,0.041185325910782805,0.2250000000000001
2025,11,ROU.23.11_1,0.042418657032918014,0.245
2025,11,ROU.23.12_1,0.04336898152187278,0.262
2025,11,ROU.23.13_1,0.042820473570468434,0.252
2025,11,ROU.23.14_1,0.04293254845601885,0.254
2025,11,ROU.23.15_1,0.042241825923508114,0.24199999999999988
2025,11,ROU.23.16_1,0.042707193501211126,0.25
2025,11,ROU.23.17_1,0.0377264817893947,0.17799999999999994
2025,11,ROU.23.18_1,0.03660880954136339,0.16500000000000004
2025,11,ROU.23.19_1,0.045066754559637344,0.29699999999999993
2025,11,ROU.23.1_1,0.041694237816008395,0.23299999999999987
2025,11,ROU.23.20_1,0.04368409413128377,0.268
2025,11,ROU.23.21_1,0.04175636740944833,0.23399999999999999
2025,11,ROU.23.22_1,0.0407222738416092,0.21799999999999986
2025,11,ROU.23.23_1,0.04304342757190176,0.256
2025,11,ROU.23.24_1,0.04253499258640828,0.247
2025,11,ROU.23.25_1,0.04187965327748944,0.236
2025,11,ROU.23.26_1,0.04608325844466175,0.32200000000000006
2025,11,ROU.23.27_1,0.04253499258640828,0.247
2025,11,ROU.23.28_1,0.04466184267754451,0.28800000000000003
2025,11,ROU.23.29_1,0.042301081720291366,0.243
2025,11,ROU.23.2_1,0.04347516784065807,0.264
2025,11,ROU.23.30_1,0.04287666106815927,0.253
2025,11,ROU.23.31_1,0.04358020260831933,0.266
2025,11,ROU.23.32_1,0.044753661223654234,0.29000000000000004
2025,11,ROU.23.33_1,0.04293254845601885,0.254
2025,11,ROU.23.34_1,0.042820473570468434,0.252
2025,11,ROU.23.35_1,0.04388847982885752,0.272
2025,11,ROU.23.36_1,0.043315453887845745,0.261
2025,11,ROU.23.37_1,0.03606591516318372,0.15900000000000003
2025,11,ROU.23.38_1,0.03633958081358364,0.16200000000000003
2025,11,ROU.23.39_1,0.044283879526092584,0.28
2025,11,ROU.23.3_1,0.04388847982885752,0.272
2025,11,ROU.23.40_1,0.03892385253856027,0.19300000000000006
2025,11,ROU.23.41_1,0.043735613725489,0.269
2025,11,ROU.23.42_1,0.045367182479570625,0.30400000000000005
2025,11,ROU.23.43_1,0.04150588489181781,0.22999999999999987
2025,11,ROU.23.44_1,0.042707193501211126,0.25
2025,11,ROU.23.45_1,0.03892385253856027,0.19300000000000006
2025,11,ROU.23.46_1,0.04078946142947053,0.21899999999999997
2025,11,ROU.23.47_1,0.03988818341171357,0.20599999999999996
2025,11,ROU.23.48_1,0.044283879526092584,0.28
2025,11,ROU.23.49_1,0.04493413776069529,0.29400000000000004
2025,11,ROU.23.4_1,0.04287666106815927,0.253
2025,11,ROU.23.50_1,0.03730578672438426,0.17300000000000004
2025,11,ROU.23.51_1,0.04336898152187278,0.262
2025,11,ROU.23.52_1,0.043153120135473684,0.258
2025,11,ROU.23.53_1,0.03900037497023978,0.19399999999999995
2025,11,ROU.23.54_1,0.043527828645221735,0.265
2025,11,ROU.23.55_1,0.040586845998924884,0.21599999999999986
2025,11,ROU.23.56_1,0.04479917422492878,0.2909999999999999
2025,11,ROU.23.57_1,0.045066754559637344,0.29699999999999993
2025,11,ROU.23.58_1,0.04320752428803497,0.259
2025,11,ROU.23.59_1,0.04336898152187278,0.262
2025,11,ROU.23.5_1,0.04276398478000556,0.251
2025,11,ROU.23.60_1,0.04212237146341945,0.24
2025,11,ROU.23.61_1,0.048337701359825916,0.401
2025,11,ROU.23.62_1,0.04393887424186332,0.273
2025,11,ROU.23.63_1,0.03813616077668737,0.18300000000000005
2025,11,ROU.23.64_1,0.04452212120566338,0.28500000000000003
2025,11,ROU.23.65_1,0.043153120135473684,0.258
2025,11,ROU.23.66_1,0.043735613725489,0.269
2025,11,ROU.23.67_1,0.04304342757190176,0.256
2025,11,ROU.23.68_1,0.04447501240536936,0.28400000000000003
2025,11,ROU.23.69_1,0.04276398478000556,0.251
2025,11,ROU.23.6_1,0.03651955353286177,0.16400000000000003
2025,11,ROU.23.7_1,0.042301081720291366,0.243
2025,11,ROU.23.8_1,0.04092279257964584,0.22099999999999997
2025,11,ROU.23.9_1,0.042241825923508114,0.24199999999999988
2025,11,ROU.24.10_1,0.0477734509529057,0.376
2025,11,ROU.24.11_1,0.045367182479570625,0.30400000000000005
2025,11,ROU.24.12_1,0.04681986331775376,0.34299999999999997
2025,11,ROU.24.13_1,0.045931025715348975,0.31800000000000006
2025,11,ROU.24.14_1,0.04600762791136711,0.31999999999999995
2025,11,ROU.24.15_1,0.046720967007268466,0.33999999999999997
2025,11,ROU.24.16_1,0.0441376727032484,0.277
2025,11,ROU.24.17_1,0.0462316235363915,0.32600000000000007
2025,11,ROU.24.18_1,0.044844424119052026,0.2919999999999999
2025,11,ROU.24.19_1,0.04589235872572516,0.31700000000000006
2025,11,ROU.24.1_1,0.04452212120566338,0.28500000000000003
2025,11,ROU.24.20_1,0.04488941170168404,0.2929999999999999
2025,11,ROU.24.21_1,0.043527828645221735,0.265
2025,11,ROU.24.22_1,0.04433206913731389,0.281
2025,11,ROU.24.23_1,0.04581428987514457,0.31500000000000006
2025,11,ROU.24.24_1,0.045931025715348975,0.31800000000000006
2025,11,ROU.24.25_1,0.0464820667942262,0.3330000000000001
2025,11,ROU.24.26_1,0.04581428987514457,0.31500000000000006
2025,11,ROU.24.27_1,0.047011445442896045,0.349
2025,11,ROU.24.28_1,0.04691668519057854,0.346
2025,11,ROU.24.29_1,0.04585344698686476,0.31599999999999995
2025,11,ROU.24.2_1,0.04882835038466338,0.42999999999999994
2025,11,ROU.24.30_1,0.04608325844466175,0.32200000000000006
2025,11,ROU.24.31_1,0.04759137575530915,0.369
2025,11,ROU.24.32_1,0.04585344698686476,0.31599999999999995
2025,11,ROU.24.33_1,0.04540908163273409,0.30499999999999994
2025,11,ROU.24.34_1,0.04857909001025196,0.4139999999999999
2025,11,ROU.24.35_1,0.04600762791136711,0.31999999999999995
2025,11,ROU.24.36_1,0.045695339975136744,0.31200000000000006
2025,11,ROU.24.37_1,0.04839652833011038,0.404
2025,11,ROU.24.38_1,0.04600762791136711,0.31999999999999995
2025,11,ROU.24.39_1,0.045695339975136744,0.31200000000000006
2025,11,ROU.24.3_1,0.04704257621690377,0.35
2025,11,ROU.24.40_1,0.0462316235363915,0.32600000000000007
2025,11,ROU.24.41_1,0.04532502997860004,0.30300000000000005
2025,11,ROU.24.42_1,0.04523996209628829,0.30100000000000005
2025,11,ROU.24.43_1,0.0441866822098382,0.278
2025,11,ROU.24.44_1,0.045774886760868244,0.31400000000000006
2025,11,ROU.24.45_1,0.045695339975136744,0.31200000000000006
2025,11,ROU.24.46_1,0.045110442250019825,0.29800000000000004
2025,11,ROU.24.47_1,0.04585344698686476,0.31599999999999995
2025,11,ROU.24.48_1,0.044427634702780626,0.2829999999999999
2025,11,ROU.24.49_1,0.04641169744985238,0.33099999999999996
2025,11,ROU.24.4_1,0.046516897872020804,0.33399999999999996
2025,11,ROU.24.50_1,0.0436322907628802,0.267
2025,11,ROU.24.51_1,0.045153872242213455,0.29900000000000004
2025,11,ROU.24.52_1,0.0466875383137864,0.33899999999999997
2025,11,ROU.24.53_1,0.04523996209628829,0.30100000000000005
2025,11,ROU.24.54_1,0.045282623422316266,0.30200000000000005
2025,11,ROU.24.55_1,0.04532502997860004,0.30300000000000005
2025,11,ROU.24.56_1,0.0462316235363915,0.32600000000000007
2025,11,ROU.24.57_1,0.045153872242213455,0.29900000000000004
2025,11,ROU.24.58_1,0.04565519501338059,0.31099999999999994
2025,11,ROU.24.59_1,0.04688464092705593,0.345
2025,11,ROU.24.5_1,0.0464820667942262,0.3330000000000001
2025,11,ROU.24.60_1,0.04581428987514457,0.31500000000000006
2025,11,ROU.24.61_1,0.04681986331775376,0.34299999999999997
2025,11,ROU.24.62_1,0.045153872242213455,0.29900000000000004
2025,11,ROU.24.63_1,0.04913131764268012,0.4570000000000001
2025,11,ROU.24.64_1,0.043988989788542626,0.274
2025,11,ROU.24.65_1,0.045574158679044414,0.30899999999999994
2025,11,ROU.24.66_1,0.046551493926931094,0.33499999999999996
2025,11,ROU.24.67_1,0.04447501240536936,0.28400000000000003
2025,11,ROU.24.68_1,0.04493413776069529,0.29400000000000004
2025,11,ROU.24.69_1,0.04488941170168404,0.2929999999999999
2025,11,ROU.24.6_1,0.045774886760868244,0.31400000000000006
2025,11,ROU.24.70_1,0.04612071083397134,0.32300000000000006
2025,11,ROU.24.71_1,0.0436322907628802,0.267
2025,11,ROU.24.72_1,0.042820473570468434,0.252
2025,11,ROU.24.73_1,0.0440883880814995,0.276
2025,11,ROU.24.74_1,0.04452212120566338,0.28500000000000003
2025,11,ROU.24.75_1,0.045022808420897016,0.29600000000000004
2025,11,ROU.24.76_1,0.043527828645221735,0.265
2025,11,ROU.24.77_1,0.04383780558780022,0.271
2025,11,ROU.24.78_1,0.04423541751568946,0.279
2025,11,ROU.24.79_1,0.045450728138743166,0.30600000000000005
2025,11,ROU.24.7_1,0.045450728138743166,0.30600000000000005
2025,11,ROU.24.80_1,0.043261635172466846,0.26
2025,11,ROU.24.81_1,0.04630436737389991,0.32800000000000007
2025,11,ROU.24.82_1,0.04604556433516866,0.32100000000000006
2025,11,ROU.24.83_1,0.04565519501338059,0.31099999999999994
2025,11,ROU.24.84_1,0.04447501240536936,0.28400000000000003
2025,11,ROU.24.85_1,0.04265009852573865,0.249
2025,11,ROU.24.86_1,0.04565519501338059,0.31099999999999994
2025,11,ROU.24.87_1,0.04393887424186332,0.273
2025,11,ROU.24.88_1,0.04612071083397134,0.32300000000000006
2025,11,ROU.24.8_1,0.04698008698541929,0.348
2025,11,ROU.24.9_1,0.04540908163273409,0.30499999999999994
2025,11,ROU.25.10_1,0.04694850038824155,0.347
2025,11,ROU.25.11_1,0.04704257621690377,0.35
2025,11,ROU.25.12_1,0.04737011365684981,0.361
2025,11,ROU.25.13_1,0.047482512537913336,0.365
2025,11,ROU.25.14_1,0.04917139419174232,0.46199999999999997
2025,11,ROU.25.15_1,0.047312580498823385,0.359
2025,11,ROU.25.16_1,0.0475644900783197,0.368
2025,11,ROU.25.17_1,0.04924206699679028,0.47299999999999986
2025,11,ROU.25.18_1,0.047224604492781756,0.356
2025,11,ROU.25.19_1,0.04658585548256223,0.3360000000000001
2025,11,ROU.25.1_1,0.0462316235363915,0.32600000000000007
2025,11,ROU.25.20_1,0.047104156516901585,0.352
2025,11,ROU.25.21_1,0.045774886760868244,0.31400000000000006
2025,11,ROU.25.22_1,0.04774809389847267,0.375
2025,11,ROU.25.23_1,0.04898111090963323,0.44199999999999995
2025,11,ROU.25.24_1,0.047482512537913336,0.365
2025,11,ROU.25.25_1,0.04881430348981885,0.42900000000000005
2025,11,ROU.25.26_1,0.04924206699679028,0.47299999999999986
2025,11,ROU.25.27_1,0.04867870752468123,0.42000000000000004
2025,11,ROU.25.28_1,0.04742675660793199,0.363
2025,11,ROU.25.29_1,0.04921292058559043,0.46799999999999997
2025,11,ROU.25.2_1,0.047312580498823385,0.359
2025,11,ROU.25.30_1,0.04927455231992934,0.48
2025,11,ROU.25.31_1,0.04734145855537475,0.36
2025,11,ROU.25.32_1,0.04917139419174232,0.46199999999999997
2025,11,ROU.25.33_1,0.04767071749009322,0.372
2025,11,ROU.25.34_1,0.04745474525398454,0.364
2025,11,ROU.25.35_1,0.04923663422865001,0.472
2025,11,ROU.25.36_1,0.047312580498823385,0.359
2025,11,ROU.25.37_1,0.04920649617391004,0.4670000000000001
2025,11,ROU.25.38_1,0.047312580498823385,0.359
2025,11,ROU.25.39_1,0.046653877165014464,0.3380000000000001
2025,11,ROU.25.3_1,0.04734145855537475,0.36
2025,11,ROU.25.40_1,0.04912270434000065,0.45600000000000007
2025,11,ROU.25.41_1,0.04691668519057854,0.346
2025,11,ROU.25.42_1,0.047696727518485575,0.373
2025,11,ROU.25.43_1,0.0491397314803075,0.4580000000000001
2025,11,ROU.25.44_1,0.04626811487238125,0.32699999999999996
2025,11,ROU.25.45_1,0.04608325844466175,0.32200000000000006
2025,11,ROU.25.46_1,0.047618041971247235,0.37
2025,11,ROU.25.47_1,0.046516897872020804,0.33399999999999996
2025,11,ROU.25.48_1,0.04782351451989156,0.3780000000000001
2025,11,ROU.25.49_1,0.0475373845679177,0.367
2025,11,ROU.25.4_1,0.04931046859129257,0.506
2025,11,ROU.25.50_1,0.0475644900783197,0.368
2025,11,ROU.25.51_1,0.049178812190926395,0.4630000000000001
2025,11,ROU.25.52_1,0.04907664208990647,0.45099999999999996
2025,11,ROU.25.53_1,0.04745474525398454,0.364
2025,11,ROU.25.5_1,0.04707347975915941,0.351
2025,11,ROU.25.6_1,0.04784822171310597,0.379
2025,11,ROU.25.7_1,0.04615792209149038,0.32399999999999995
2025,11,ROU.25.8_1,0.047194830489016126,0.355
2025,11,ROU.25.9_1,0.04585344698686476,0.31599999999999995
2025,11,ROU.26.10_1,0.048214385042021364,0.605
2025,11,ROU.26.11_1,0.048214385042021364,0.395
2025,11,ROU.26.12_1,0.04890837048251516,0.43599999999999994
2025,11,ROU.26.13_1,0.04896949162091332,0.44099999999999995
2025,11,ROU.26.14_1,0.04872574487955882,0.42300000000000004
2025,11,ROU.26.15_1,0.04900374571054665,0.44399999999999995
2025,11,ROU.26.16_1,0.04892099850254638,0.43699999999999994
2025,11,ROU.26.17_1,0.04861311893745694,0.4159999999999999
2025,11,ROU.26.18_1,0.049095666579674534,0.45300000000000007
2025,11,ROU.26.19_1,0.049095666579674534,0.45300000000000007
2025,11,ROU.26.1_1,0.04869459145721362,0.42100000000000004
2025,11,ROU.26.20_1,0.04888250766739093,0.43399999999999994
2025,11,ROU.26.21_1,0.04849040273668494,0.40900000000000003
2025,11,ROU.26.22_1,0.04896949162091332,0.5589999999999999
2025,11,ROU.26.23_1,0.048127956465367445,0.391
2025,11,ROU.26.24_1,0.04882835038466338,0.42999999999999994
2025,11,ROU.26.25_1,0.04910487891720576,0.45400000000000007
2025,11,ROU.26.26_1,0.04877094183058269,0.42599999999999993
2025,11,ROU.26.27_1,0.04827698930418185,0.398
2025,11,ROU.26.28_1,0.04910487891720576,0.45400000000000007
2025,11,ROU.26.29_1,0.04841571960633198,0.405
2025,11,ROU.26.2_1,0.04827698930418185,0.398
2025,11,ROU.26.30_1,0.04902557640115997,0.44599999999999995
2025,11,ROU.26.31_1,0.048377128364914083,0.403
2025,11,ROU.26.32_1,0.048083470111132766,0.389
2025,11,ROU.26.33_1,0.048377128364914083,0.403
2025,11,ROU.26.34_1,0.04915596116767787,0.4600000000000001
2025,11,ROU.26.35_1,0.04854423570003872,0.4119999999999999
2025,11,ROU.26.36_1,0.048756080349333764,0.42499999999999993
2025,11,ROU.26.37_1,0.04905681706775229,0.44899999999999995
2025,11,ROU.26.38_1,0.04874101476210032,0.42399999999999993
2025,11,ROU.26.39_1,0.04931046859129257,0.494
2025,11,ROU.26.3_1,0.049178812190926395,0.4630000000000001
2025,11,ROU.26.4_1,0.04874101476210032,0.5759999999999998
2025,11,ROU.26.5_1,0.0491138914673261,0.45500000000000007
2025,11,ROU.26.6_1,0.04849040273668494,0.40900000000000003
2025,11,ROU.26.7_1,0.04861311893745694,0.4159999999999999
2025,11,ROU.26.8_1,0.04872574487955882,0.42300000000000004
2025,11,ROU.26.9_1,0.04921914652281384,0.531
2025,11,ROU.27.10_1,0.043735613725489,0.269
2025,11,ROU.27.11_1,0.03892385253856027,0.19300000000000006
2025,11,ROU.27.12_1,0.042820473570468434,0.252
2025,11,ROU.27.13_1,0.04194081241318115,0.237
2025,11,ROU.27.14_1,0.04265009852573865,0.249
2025,11,ROU.27.15_1,0.03789165508891784,0.17999999999999994
2025,11,ROU.27.16_1,0.04003083554183499,0.20800000000000007
2025,11,ROU.27.17_1,0.04181817208376993,0.23499999999999988
2025,11,ROU.27.18_1,0.042418657032918014,0.245
2025,11,ROU.27.19_1,0.04368409413128377,0.268
2025,11,ROU.27.1_1,0.04437998723670003,0.28200000000000003
2025,11,ROU.27.20_1,0.04247697914036585,0.24599999999999989
2025,11,ROU.27.21_1,0.04247697914036585,0.24599999999999989
2025,11,ROU.27.22_1,0.04403882742093296,0.275
2025,11,ROU.27.23_1,0.042820473570468434,0.252
2025,11,ROU.27.24_1,0.04358020260831933,0.266
2025,11,ROU.27.25_1,0.042360024989151694,0.2440000000000001
2025,11,ROU.27.26_1,0.04092279257964584,0.22099999999999997
2025,11,ROU.27.27_1,0.04105474298308412,0.22299999999999998
2025,11,ROU.27.28_1,0.04388847982885752,0.272
2025,11,ROU.27.29_1,0.0441866822098382,0.278
2025,11,ROU.27.2_1,0.04461553550165871,0.2869999999999999
2025,11,ROU.27.30_1,0.04175636740944833,0.23399999999999999
2025,11,ROU.27.31_1,0.045774886760868244,0.31400000000000006
2025,11,ROU.27.32_1,0.040988939538025564,0.22199999999999998
2025,11,ROU.27.33_1,0.04092279257964584,0.22099999999999997
2025,11,ROU.27.34_1,0.04105474298308412,0.22299999999999998
2025,11,ROU.27.35_1,0.043735613725489,0.269
2025,11,ROU.27.36_1,0.04065473594768187,0.21700000000000008
2025,11,ROU.27.37_1,0.04368409413128377,0.268
2025,11,ROU.27.38_1,0.040586845998924884,0.21599999999999986
2025,11,ROU.27.39_1,0.0415689980366121,0.23099999999999998
2025,11,ROU.27.3_1,0.0441866822098382,0.278
2025,11,ROU.27.40_1,0.03915222580685154,0.19599999999999995
2025,11,ROU.27.41_1,0.045450728138743166,0.30600000000000005
2025,11,ROU.27.42_1,0.04265009852573865,0.249
2025,11,ROU.27.43_1,0.04194081241318115,0.237
2025,11,ROU.27.44_1,0.03967140451383029,0.20300000000000007
2025,11,ROU.27.45_1,0.0436322907628802,0.267
2025,11,ROU.27.46_1,0.04078946142947053,0.21899999999999997
2025,11,ROU.27.47_1,0.0421822562817251,0.241
2025,11,ROU.27.48_1,0.04181817208376993,0.23499999999999988
2025,11,ROU.27.49_1,0.04378685054716181,0.27
2025,11,ROU.27.4_1,0.04358020260831933,0.266
2025,11,ROU.27.50_1,0.0386918688155058,0.18999999999999995
2025,11,ROU.27.51_1,0.04038104602105371,0.21299999999999986
2025,11,ROU.27.52_1,0.045153872242213455,0.29900000000000004
2025,11,ROU.27.53_1,0.04200165089770341,0.238
2025,11,ROU.27.54_1,0.04293254845601885,0.254
2025,11,ROU.27.55_1,0.043988989788542626,0.274
2025,11,ROU.27.56_1,0.04437998723670003,0.28200000000000003
2025,11,ROU.27.57_1,0.04287666106815927,0.253
2025,11,ROU.27.58_1,0.042418657032918014,0.245
2025,11,ROU.27.59_1,0.04403882742093296,0.275
2025,11,ROU.27.5_1,0.04287666106815927,0.253
2025,11,ROU.27.60_1,0.04085630043948545,0.21999999999999997
2025,11,ROU.27.61_1,0.04206217012242035,0.23899999999999988
2025,11,ROU.27.62_1,0.043988989788542626,0.274
2025,11,ROU.27.63_1,0.04388847982885752,0.272
2025,11,ROU.27.64_1,0.04378685054716181,0.27
2025,11,ROU.27.65_1,0.04298813690453435,0.255
2025,11,ROU.27.66_1,0.0441376727032484,0.277
2025,11,ROU.27.67_1,0.04206217012242035,0.23899999999999988
2025,11,ROU.27.68_1,0.041694237816008395,0.23299999999999987
2025,11,ROU.27.69_1,0.04010160745971264,0.20900000000000007
2025,11,ROU.27.6_1,0.045066754559637344,0.29699999999999993
2025,11,ROU.27.7_1,0.04175636740944833,0.23399999999999999
2025,11,ROU.27.8_1,0.0436322907628802,0.267
2025,11,ROU.27.9_1,0.043315453887845745,0.261
2025,11,ROU.28.10_1,0.045367182479570625,0.30400000000000005
2025,11,ROU.28.11_1,0.044283879526092584,0.28
2025,11,ROU.28.12_1,0.0441376727032484,0.277
2025,11,ROU.28.13_1,0.04456896195634114,0.28600000000000003
2025,11,ROU.28.14_1,0.045282623422316266,0.30200000000000005
2025,11,ROU.28.15_1,0.04585344698686476,0.31599999999999995
2025,11,ROU.28.16_1,0.04880005321846285,0.42800000000000005
2025,11,ROU.28.17_1,0.048842194078468196,0.43100000000000005
2025,11,ROU.28.18_1,0.04634038160147463,0.32900000000000007
2025,11,ROU.28.19_1,0.045450728138743166,0.30600000000000005
2025,11,ROU.28.1_1,0.044753661223654234,0.29000000000000004
2025,11,ROU.28.20_1,0.044753661223654234,0.29000000000000004
2025,11,ROU.28.21_1,0.04452212120566338,0.28500000000000003
2025,11,ROU.28.22_1,0.04447501240536936,0.28400000000000003
2025,11,ROU.28.23_1,0.045614801468342216,0.31000000000000005
2025,11,ROU.28.24_1,0.04497860307625147,0.29499999999999993
2025,11,ROU.28.25_1,0.0440883880814995,0.276
2025,11,ROU.28.26_1,0.04581428987514457,0.31500000000000006
2025,11,ROU.28.27_1,0.045931025715348975,0.31800000000000006
2025,11,ROU.28.28_1,0.04630436737389991,0.32800000000000007
2025,11,ROU.28.29_1,0.046619983057431764,0.3370000000000001
2025,11,ROU.28.2_1,0.04393887424186332,0.273
2025,11,ROU.28.30_1,0.04549212269146771,0.30699999999999994
2025,11,ROU.28.31_1,0.045197045279087404,0.30000000000000004
2025,11,ROU.28.32_1,0.04479917422492878,0.2909999999999999
2025,11,ROU.28.33_1,0.04488941170168404,0.2929999999999999
2025,11,ROU.28.34_1,0.042418657032918014,0.245
2025,11,ROU.28.35_1,0.04497860307625147,0.29499999999999993
2025,11,ROU.28.36_1,0.045282623422316266,0.30200000000000005
2025,11,ROU.28.37_1,0.045066754559637344,0.29699999999999993
2025,11,ROU.28.38_1,0.04466184267754451,0.28800000000000003
2025,11,ROU.28.39_1,0.042418657032918014,0.245
2025,11,ROU.28.3_1,0.04447501240536936,0.28400000000000003
2025,11,ROU.28.40_1,0.04900374571054665,0.44399999999999995
2025,11,ROU.28.41_1,0.04878559939237656,0.42700000000000005
2025,11,ROU.28.42_1,0.0440883880814995,0.276
2025,11,ROU.28.43_1,0.045614801468342216,0.31000000000000005
2025,11,ROU.28.44_1,0.045367182479570625,0.30400000000000005
2025,11,ROU.28.45_1,0.04383780558780022,0.271
2025,11,ROU.28.46_1,0.042592698632283446,0.2480000000000001
2025,11,ROU.28.47_1,0.0464820667942262,0.3330000000000001
2025,11,ROU.28.48_1,0.04691668519057854,0.346
2025,11,ROU.28.49_1,0.044844424119052026,0.2919999999999999
2025,11,ROU.28.4_1,0.04600762791136711,0.31999999999999995
2025,11,ROU.28.50_1,0.046516897872020804,0.33399999999999996
2025,11,ROU.28.51_1,0.04615792209149038,0.32399999999999995
2025,11,ROU.28.52_1,0.04600762791136711,0.31999999999999995
2025,11,ROU.28.53_1,0.04691668519057854,0.346
2025,11,ROU.28.54_1,0.04626811487238125,0.32699999999999996
2025,11,ROU.28.55_1,0.04488941170168404,0.2929999999999999
2025,11,ROU.28.56_1,0.04608325844466175,0.32200000000000006
2025,11,ROU.28.57_1,0.04573523700820659,0.31299999999999994
2025,11,ROU.28.58_1,0.045282623422316266,0.30200000000000005
2025,11,ROU.28.59_1,0.04604556433516866,0.32100000000000006
2025,11,ROU.28.5_1,0.0415689980366121,0.23099999999999998
2025,11,ROU.28.60_1,0.045774886760868244,0.31400000000000006
2025,11,ROU.28.61_1,0.04488941170168404,0.2929999999999999
2025,11,ROU.28.62_1,0.04644700016480913,0.3320000000000001
2025,11,ROU.28.63_1,0.04612071083397134,0.32300000000000006
2025,11,ROU.28.64_1,0.04532502997860004,0.30300000000000005
2025,11,ROU.28.6_1,0.04461553550165871,0.2869999999999999
2025,11,ROU.28.7_1,0.04585344698686476,0.31599999999999995
2025,11,ROU.28.8_1,0.045282623422316266,0.30200000000000005
2025,11,ROU.28.9_1,0.045969448573345284,0.31900000000000006
2025,11,ROU.29.10_1,0.04336898152187278,0.262
2025,11,ROU.29.11_1,0.04388847982885752,0.272
2025,11,ROU.29.12_1,0.043735613725489,0.269
2025,11,ROU.29.13_1,0.0441376727032484,0.277
2025,11,ROU.29.14_1,0.043315453887845745,0.261
2025,11,ROU.29.15_1,0.0440883880814995,0.276
2025,11,ROU.29.16_1,0.0430984216041852,0.257
2025,11,ROU.29.17_1,0.045066754559637344,0.29699999999999993
2025,11,ROU.29.18_1,0.04437998723670003,0.28200000000000003
2025,11,ROU.29.19_1,0.044844424119052026,0.2919999999999999
2025,11,ROU.29.1_1,0.04553326597806426,0.30800000000000005
2025,11,ROU.29.20_1,0.04320752428803497,0.259
2025,11,ROU.29.21_1,0.04461553550165871,0.2869999999999999
2025,11,ROU.29.22_1,0.04479917422492878,0.2909999999999999
2025,11,ROU.29.23_1,0.04437998723670003,0.28200000000000003
2025,11,ROU.29.24_1,0.04461553550165871,0.2869999999999999
2025,11,ROU.29.25_1,0.04589235872572516,0.31700000000000006
2025,11,ROU.29.26_1,0.044427634702780626,0.2829999999999999
2025,11,ROU.29.27_1,0.044844424119052026,0.2919999999999999
2025,11,ROU.29.28_1,0.044707884311692536,0.28900000000000003
2025,11,ROU.29.29_1,0.04112020456396412,0.22399999999999998
2025,11,ROU.29.2_1,0.04452212120566338,0.28500000000000003
2025,11,ROU.29.30_1,0.043988989788542626,0.274
2025,11,ROU.29.31_1,0.04368409413128377,0.268
2025,11,ROU.29.32_1,0.044753661223654234,0.29000000000000004
2025,11,ROU.29.33_1,0.0440883880814995,0.276
2025,11,ROU.29.34_1,0.04383780558780022,0.271
2025,11,ROU.29.35_1,0.04523996209628829,0.30100000000000005
2025,11,ROU.29.36_1,0.045153872242213455,0.29900000000000004
2025,11,ROU.29.37_1,0.04368409413128377,0.268
2025,11,ROU.29.38_1,0.04403882742093296,0.275
2025,11,ROU.29.39_1,0.043315453887845745,0.261
2025,11,ROU.29.3_1,0.043527828645221735,0.265
2025,11,ROU.29.40_1,0.04523996209628829,0.30100000000000005
2025,11,ROU.29.41_1,0.04206217012242035,0.23899999999999988
2025,11,ROU.29.42_1,0.04253499258640828,0.247
2025,11,ROU.29.43_1,0.04368409413128377,0.268
2025,11,ROU.29.44_1,0.03892385253856027,0.19300000000000006
2025,11,ROU.29.45_1,0.043988989788542626,0.274
2025,11,ROU.29.46_1,0.04378685054716181,0.27
2025,11,ROU.29.47_1,0.04452212120566338,0.28500000000000003
2025,11,ROU.29.48_1,0.045022808420897016,0.29600000000000004
2025,11,ROU.29.49_1,0.04423541751568946,0.279
2025,11,ROU.29.4_1,0.04347516784065807,0.264
2025,11,ROU.29.50_1,0.04447501240536936,0.28400000000000003
2025,11,ROU.29.51_1,0.03974404027870705,0.20399999999999985
2025,11,ROU.29.52_1,0.04437998723670003,0.28200000000000003
2025,11,ROU.29.53_1,0.04488941170168404,0.2929999999999999
2025,11,ROU.29.54_1,0.0441376727032484,0.277
2025,11,ROU.29.55_1,0.04479917422492878,0.2909999999999999
2025,11,ROU.29.56_1,0.04447501240536936,0.28400000000000003
2025,11,ROU.29.57_1,0.0436322907628802,0.267
2025,11,ROU.29.58_1,0.0462316235363915,0.32600000000000007
2025,11,ROU.29.59_1,0.04488941170168404,0.2929999999999999
2025,11,ROU.29.5_1,0.043735613725489,0.269
2025,11,ROU.29.60_1,0.045153872242213455,0.29900000000000004
2025,11,ROU.29.61_1,0.043527828645221735,0.265
2025,11,ROU.29.62_1,0.044707884311692536,0.28900000000000003
2025,11,ROU.29.63_1,0.04461553550165871,0.2869999999999999
2025,11,ROU.29.64_1,0.044427634702780626,0.2829999999999999
2025,11,ROU.29.65_1,0.04065473594768187,0.21700000000000008
2025,11,ROU.29.66_1,0.04287666106815927,0.253
2025,11,ROU.29.67_1,0.04253499258640828,0.247
2025,11,ROU.29.68_1,0.045282623422316266,0.30200000000000005
2025,11,ROU.29.69_1,0.04393887424186332,0.273
2025,11,ROU.29.6_1,0.04320752428803497,0.259
2025,11,ROU.29.70_1,0.0414424409097459,0.2290000000000001
2025,11,ROU.29.71_1,0.04368409413128377,0.268
2025,11,ROU.29.72_1,0.04497860307625147,0.29499999999999993
2025,11,ROU.29.73_1,0.043527828645221735,0.265
2025,11,ROU.29.74_1,0.04358020260831933,0.266
2025,11,ROU.29.75_1,0.0441866822098382,0.278
2025,11,ROU.29.76_1,0.0421822562817251,0.241
2025,11,ROU.29.77_1,0.04523996209628829,0.30100000000000005
2025,11,ROU.29.78_1,0.0441376727032484,0.277
2025,11,ROU.29.79_1,0.04368409413128377,0.268
2025,11,ROU.29.7_1,0.04358020260831933,0.266
2025,11,ROU.29.80_1,0.04336898152187278,0.262
2025,11,ROU.29.81_1,0.040172012552874455,0.21000000000000008
2025,11,ROU.29.82_1,0.03907649861764752,0.19500000000000006
2025,11,ROU.29.83_1,0.04393887424186332,0.273
2025,11,ROU.29.84_1,0.0436322907628802,0.267
2025,11,ROU.29.85_1,0.044427634702780626,0.2829999999999999
2025,11,ROU.29.86_1,0.043735613725489,0.269
2025,11,ROU.29.87_1,0.046619983057431764,0.3370000000000001
2025,11,ROU.29.88_1,0.0441866822098382,0.278
2025,11,ROU.29.89_1,0.04819309519618266,0.39400000000000013
2025,11,ROU.29.8_1,0.04447501240536936,0.28400000000000003
2025,11,ROU.29.90_1,0.0414424409097459,0.2290000000000001
2025,11,ROU.29.91_1,0.0441376727032484,0.277
2025,11,ROU.29.92_1,0.04085630043948545,0.21999999999999997
2025,11,ROU.29.93_1,0.0430984216041852,0.257
2025,11,ROU.29.94_1,0.042707193501211126,0.25
2025,11,ROU.29.95_1,0.0441376727032484,0.277
2025,11,ROU.29.96_1,0.0441866822098382,0.278
2025,11,ROU.29.97_1,0.044283879526092584,0.28
2025,11,ROU.29.9_1,0.0441376727032484,0.277
2025,11,ROU.3.10_1,0.04600762791136711,0.31999999999999995
2025,11,ROU.3.11_1,0.045022808420897016,0.29600000000000004
2025,11,ROU.3.12_1,0.04497860307625147,0.29499999999999993
2025,11,ROU.3.13_1,0.0475373845679177,0.367
2025,11,ROU.3.14_1,0.0441376727032484,0.277
2025,11,ROU.3.15_1,0.04523996209628829,0.30100000000000005
2025,11,ROU.3.16_1,0.043988989788542626,0.274
2025,11,ROU.3.17_1,0.0415689980366121,0.23099999999999998
2025,11,ROU.3.18_1,0.0475644900783197,0.368
2025,11,ROU.3.19_1,0.045066754559637344,0.29699999999999993
2025,11,ROU.3.1_1,0.044427634702780626,0.2829999999999999
2025,11,ROU.3.20_1,0.03813616077668737,0.18300000000000005
2025,11,ROU.3.21_1,0.046551493926931094,0.33499999999999996
2025,11,ROU.3.22_1,0.04433206913731389,0.281
2025,11,ROU.3.23_1,0.045153872242213455,0.29900000000000004
2025,11,ROU.3.24_1,0.04461553550165871,0.2869999999999999
2025,11,ROU.3.25_1,0.045774886760868244,0.31400000000000006
2025,11,ROU.3.26_1,0.04265009852573865,0.249
2025,11,ROU.3.27_1,0.0441866822098382,0.278
2025,11,ROU.3.28_1,0.04497860307625147,0.29499999999999993
2025,11,ROU.3.29_1,0.04615792209149038,0.32399999999999995
2025,11,ROU.3.2_1,0.04600762791136711,0.31999999999999995
2025,11,ROU.3.30_1,0.045695339975136744,0.31200000000000006
2025,11,ROU.3.31_1,0.04479917422492878,0.2909999999999999
2025,11,ROU.3.32_1,0.04540908163273409,0.30499999999999994
2025,11,ROU.3.33_1,0.04125010863491782,0.22599999999999998
2025,11,ROU.3.34_1,0.04549212269146771,0.30699999999999994
2025,11,ROU.3.35_1,0.045574158679044414,0.30899999999999994
2025,11,ROU.3.36_1,0.04604556433516866,0.32100000000000006
2025,11,ROU.3.37_1,0.04565519501338059,0.31099999999999994
2025,11,ROU.3.38_1,0.0464820667942262,0.3330000000000001
2025,11,ROU.3.39_1,0.04112020456396412,0.22399999999999998
2025,11,ROU.3.3_1,0.04388847982885752,0.272
2025,11,ROU.3.40_1,0.04447501240536936,0.28400000000000003
2025,11,ROU.3.41_1,0.04707347975915941,0.351
2025,11,ROU.3.42_1,0.0462316235363915,0.32600000000000007
2025,11,ROU.3.43_1,0.04707347975915941,0.351
2025,11,ROU.3.44_1,0.04619489279993376,0.32499999999999996
2025,11,ROU.3.45_1,0.042592698632283446,0.2480000000000001
2025,11,ROU.3.46_1,0.045450728138743166,0.30600000000000005
2025,11,ROU.3.47_1,0.04493413776069529,0.29400000000000004
2025,11,ROU.3.48_1,0.045931025715348975,0.31800000000000006
2025,11,ROU.3.49_1,0.045774886760868244,0.31400000000000006
2025,11,ROU.3.4_1,0.04585344698686476,0.31599999999999995
2025,11,ROU.3.50_1,0.04437998723670003,0.28200000000000003
2025,11,ROU.3.51_1,0.045774886760868244,0.31400000000000006
2025,11,ROU.3.52_1,0.045197045279087404,0.30000000000000004
2025,11,ROU.3.53_1,0.04553326597806426,0.30800000000000005
2025,11,ROU.3.54_1,0.04540908163273409,0.30499999999999994
2025,11,ROU.3.55_1,0.046653877165014464,0.3380000000000001
2025,11,ROU.3.56_1,0.0441866822098382,0.278
2025,11,ROU.3.57_1,0.045774886760868244,0.31400000000000006
2025,11,ROU.3.58_1,0.046787129017927614,0.3420000000000001
2025,11,ROU.3.59_1,0.04641169744985238,0.33099999999999996
2025,11,ROU.3.5_1,0.04497860307625147,0.29499999999999993
2025,11,ROU.3.60_1,0.03845620929848478,0.18700000000000006
2025,11,ROU.3.61_1,0.04794489432249727,0.383
2025,11,ROU.3.62_1,0.04523996209628829,0.30100000000000005
2025,11,ROU.3.63_1,0.04685236712767099,0.344
2025,11,ROU.3.64_1,0.04532502997860004,0.30300000000000005
2025,11,ROU.3.65_1,0.045450728138743166,0.30600000000000005
2025,11,ROU.3.66_1,0.044844424119052026,0.2919999999999999
2025,11,ROU.3.67_1,0.045774886760868244,0.31400000000000006
2025,11,ROU.3.68_1,0.047104156516901585,0.352
2025,11,ROU.3.69_1,0.045367182479570625,0.30400000000000005
2025,11,ROU.3.6_1,0.04497860307625147,0.29499999999999993
2025,11,ROU.3.70_1,0.045197045279087404,0.30000000000000004
2025,11,ROU.3.71_1,0.04608325844466175,0.32200000000000006
2025,11,ROU.3.72_1,0.046516897872020804,0.33399999999999996
2025,11,ROU.3.73_1,0.04630436737389991,0.32800000000000007
2025,11,ROU.3.74_1,0.04003083554183499,0.20800000000000007
2025,11,ROU.3.75_1,0.04212237146341945,0.24
2025,11,ROU.3.76_1,0.045282623422316266,0.30200000000000005
2025,11,ROU.3.77_1,0.04685236712767099,0.344
2025,11,ROU.3.78_1,0.04658585548256223,0.3360000000000001
2025,11,ROU.3.79_1,0.047482512537913336,0.365
2025,11,ROU.3.7_1,0.04688464092705593,0.345
2025,11,ROU.3.80_1,0.046551493926931094,0.33499999999999996
2025,11,ROU.3.81_1,0.042301081720291366,0.243
2025,11,ROU.3.82_1,0.04615792209149038,0.32399999999999995
2025,11,ROU.3.83_1,0.045153872242213455,0.29900000000000004
2025,11,ROU.3.84_1,0.04716483144562535,0.3540000000000001
2025,11,ROU.3.85_1,0.04600762791136711,0.31999999999999995
2025,11,ROU.3.86_1,0.04488941170168404,0.2929999999999999
2025,11,ROU.3.87_1,0.04604556433516866,0.32100000000000006
2025,11,ROU.3.88_1,0.046787129017927614,0.3420000000000001
2025,11,ROU.3.89_1,0.04565519501338059,0.31099999999999994
2025,11,ROU.3.8_1,0.046516897872020804,0.33399999999999996
2025,11,ROU.3.90_1,0.046619983057431764,0.3370000000000001
2025,11,ROU.3.91_1,0.04461553550165871,0.2869999999999999
2025,11,ROU.3.92_1,0.045022808420897016,0.29600000000000004
2025,11,ROU.3.93_1,0.042241825923508114,0.24199999999999988
2025,11,ROU.3.94_1,0.043261635172466846,0.26
2025,11,ROU.3.95_1,0.04461553550165871,0.2869999999999999
2025,11,ROU.3.96_1,0.045367182479570625,0.30400000000000005
2025,11,ROU.3.97_1,0.045110442250019825,0.29800000000000004
2025,11,ROU.3.98_1,0.045969448573345284,0.31900000000000006
2025,11,ROU.3.99_1,0.043988989788542626,0.274
2025,11,ROU.3.9_1,0.043735613725489,0.269
2025,11,ROU.30.10_1,0.03821680598848177,0.18399999999999994
2025,11,ROU.30.11_1,0.04125010863491782,0.22599999999999998
2025,11,ROU.30.12_1,0.043153120135473684,0.258
2025,11,ROU.30.13_1,0.04378685054716181,0.27
2025,11,ROU.30.14_1,0.04265009852573865,0.249
2025,11,ROU.30.15_1,0.04265009852573865,0.249
2025,11,ROU.30.16_1,0.04010160745971264,0.20900000000000007
2025,11,ROU.30.17_1,0.045022808420897016,0.29600000000000004
2025,11,ROU.30.18_1,0.0440883880814995,0.276
2025,11,ROU.30.19_1,0.04163178184876155,0.23199999999999998
2025,11,ROU.30.1_1,0.041378664568624164,0.2280000000000001
2025,11,ROU.30.20_1,0.03900037497023978,0.19399999999999995
2025,11,ROU.30.21_1,0.042360024989151694,0.2440000000000001
2025,11,ROU.30.22_1,0.043261635172466846,0.26
2025,11,ROU.30.23_1,0.042820473570468434,0.252
2025,11,ROU.30.24_1,0.04276398478000556,0.251
2025,11,ROU.30.25_1,0.04265009852573865,0.249
2025,11,ROU.30.26_1,0.04150588489181781,0.22999999999999987
2025,11,ROU.30.27_1,0.04437998723670003,0.28200000000000003
2025,11,ROU.30.28_1,0.0414424409097459,0.2290000000000001
2025,11,ROU.30.29_1,0.044707884311692536,0.28900000000000003
2025,11,ROU.30.2_1,0.04247697914036585,0.24599999999999989
2025,11,ROU.30.30_1,0.04437998723670003,0.28200000000000003
2025,11,ROU.30.31_1,0.03876960186476109,0.19100000000000006
2025,11,ROU.30.32_1,0.043315453887845745,0.261
2025,11,ROU.30.33_1,0.0421822562817251,0.241
2025,11,ROU.30.34_1,0.044753661223654234,0.29000000000000004
2025,11,ROU.30.35_1,0.04488941170168404,0.2929999999999999
2025,11,ROU.30.36_1,0.04383780558780022,0.271
2025,11,ROU.30.37_1,0.042418657032918014,0.245
2025,11,ROU.30.38_1,0.045153872242213455,0.29900000000000004
2025,11,ROU.30.39_1,0.04466184267754451,0.28800000000000003
2025,11,ROU.30.3_1,0.04287666106815927,0.253
2025,11,ROU.30.40_1,0.04200165089770341,0.238
2025,11,ROU.30.41_1,0.04287666106815927,0.253
2025,11,ROU.30.42_1,0.0415689980366121,0.23099999999999998
2025,11,ROU.30.43_1,0.0436322907628802,0.267
2025,11,ROU.30.44_1,0.04092279257964584,0.22099999999999997
2025,11,ROU.30.45_1,0.04078946142947053,0.21899999999999997
2025,11,ROU.30.46_1,0.04493413776069529,0.29400000000000004
2025,11,ROU.30.47_1,0.04045000283720392,0.21399999999999997
2025,11,ROU.30.48_1,0.044844424119052026,0.2919999999999999
2025,11,ROU.30.49_1,0.0436322907628802,0.267
2025,11,ROU.30.4_1,0.0436322907628802,0.267
2025,11,ROU.30.50_1,0.04368409413128377,0.268
2025,11,ROU.30.51_1,0.04320752428803497,0.259
2025,11,ROU.30.52_1,0.048060907894630085,0.388
2025,11,ROU.30.53_1,0.04347516784065807,0.264
2025,11,ROU.30.54_1,0.0440883880814995,0.276
2025,11,ROU.30.55_1,0.047968525063499766,0.384
2025,11,ROU.30.56_1,0.04378685054716181,0.27
2025,11,ROU.30.57_1,0.04704257621690377,0.35
2025,11,ROU.30.58_1,0.04206217012242035,0.23899999999999988
2025,11,ROU.30.59_1,0.0441376727032484,0.277
2025,11,ROU.30.5_1,0.040988939538025564,0.22199999999999998
2025,11,ROU.30.60_1,0.04358020260831933,0.266
2025,11,ROU.30.61_1,0.04745474525398454,0.364
2025,11,ROU.30.62_1,0.039451215462812286,0.19999999999999996
2025,11,ROU.30.63_1,0.042820473570468434,0.252
2025,11,ROU.30.64_1,0.039816299228720445,0.20499999999999996
2025,11,ROU.30.65_1,0.03988818341171357,0.20599999999999996
2025,11,ROU.30.66_1,0.04304342757190176,0.256
2025,11,ROU.30.67_1,0.04320752428803497,0.259
2025,11,ROU.30.68_1,0.045450728138743166,0.30600000000000005
2025,11,ROU.30.69_1,0.0440883880814995,0.276
2025,11,ROU.30.6_1,0.03907649861764752,0.19500000000000006
2025,11,ROU.30.70_1,0.04461553550165871,0.2869999999999999
2025,11,ROU.30.71_1,0.0436322907628802,0.267
2025,11,ROU.30.72_1,0.040988939538025564,0.22199999999999998
2025,11,ROU.30.73_1,0.04247697914036585,0.24599999999999989
2025,11,ROU.30.74_1,0.04694850038824155,0.347
2025,11,ROU.30.7_1,0.03805508905034151,0.18199999999999994
2025,11,ROU.30.8_1,0.044427634702780626,0.2829999999999999
2025,11,ROU.30.9_1,0.04206217012242035,0.23899999999999988
2025,11,ROU.31.100_1,0.04644700016480913,0.3320000000000001
2025,11,ROU.31.101_1,0.047011445442896045,0.349
2025,11,ROU.31.10_1,0.04612071083397134,0.32300000000000006
2025,11,ROU.31.11_1,0.049095666579674534,0.45300000000000007
2025,11,ROU.31.12_1,0.04854423570003872,0.4119999999999999
2025,11,ROU.31.13_1,0.04688464092705593,0.345
2025,11,ROU.31.14_1,0.0462316235363915,0.32600000000000007
2025,11,ROU.31.15_1,0.047696727518485575,0.373
2025,11,ROU.31.16_1,0.04608325844466175,0.32200000000000006
2025,11,ROU.31.17_1,0.047104156516901585,0.352
2025,11,ROU.31.18_1,0.046551493926931094,0.33499999999999996
2025,11,ROU.31.19_1,0.047482512537913336,0.365
2025,11,ROU.31.1_1,0.04675416374406932,0.34099999999999997
2025,11,ROU.31.20_1,0.04782351451989156,0.3780000000000001
2025,11,ROU.31.21_1,0.04644700016480913,0.3320000000000001
2025,11,ROU.31.22_1,0.04675416374406932,0.34099999999999997
2025,11,ROU.31.23_1,0.04713460693292685,0.3530000000000001
2025,11,ROU.31.24_1,0.04691668519057854,0.346
2025,11,ROU.31.25_1,0.04523996209628829,0.30100000000000005
2025,11,ROU.31.26_1,0.045614801468342216,0.31000000000000005
2025,11,ROU.31.27_1,0.04630436737389991,0.32800000000000007
2025,11,ROU.31.28_1,0.04698008698541929,0.348
2025,11,ROU.31.29_1,0.04688464092705593,0.345
2025,11,ROU.31.2_1,0.047482512537913336,0.365
2025,11,ROU.31.30_1,0.046653877165014464,0.3380000000000001
2025,11,ROU.31.31_1,0.047011445442896045,0.349
2025,11,ROU.31.32_1,0.04713460693292685,0.3530000000000001
2025,11,ROU.31.33_1,0.0481058195358967,0.3899999999999999
2025,11,ROU.31.34_1,0.04704257621690377,0.35
2025,11,ROU.31.35_1,0.04688464092705593,0.345
2025,11,ROU.31.36_1,0.04725415388230268,0.357
2025,11,ROU.31.37_1,0.0466875383137864,0.33899999999999997
2025,11,ROU.31.38_1,0.04573523700820659,0.31299999999999994
2025,11,ROU.31.39_1,0.04497860307625147,0.29499999999999993
2025,11,ROU.31.3_1,0.04641169744985238,0.33099999999999996
2025,11,ROU.31.40_1,0.04600762791136711,0.31999999999999995
2025,11,ROU.31.41_1,0.046787129017927614,0.3420000000000001
2025,11,ROU.31.42_1,0.04634038160147463,0.32900000000000007
2025,11,ROU.31.43_1,0.046619983057431764,0.3370000000000001
2025,11,ROU.31.44_1,0.04493413776069529,0.29400000000000004
2025,11,ROU.31.45_1,0.04739854620761542,0.362
2025,11,ROU.31.46_1,0.04921914652281384,0.469
2025,11,ROU.31.47_1,0.04600762791136711,0.31999999999999995
2025,11,ROU.31.48_1,0.046653877165014464,0.3380000000000001
2025,11,ROU.31.49_1,0.04565519501338059,0.31099999999999994
2025,11,ROU.31.4_1,0.04681986331775376,0.34299999999999997
2025,11,ROU.31.50_1,0.046653877165014464,0.3380000000000001
2025,11,ROU.31.51_1,0.045022808420897016,0.29600000000000004
2025,11,ROU.31.52_1,0.0462316235363915,0.32600000000000007
2025,11,ROU.31.53_1,0.04540908163273409,0.30499999999999994
2025,11,ROU.31.54_1,0.046653877165014464,0.3380000000000001
2025,11,ROU.31.55_1,0.045931025715348975,0.31800000000000006
2025,11,ROU.31.56_1,0.04685236712767099,0.344
2025,11,ROU.31.57_1,0.045931025715348975,0.31800000000000006
2025,11,ROU.31.58_1,0.04630436737389991,0.32800000000000007
2025,11,ROU.31.59_1,0.04685236712767099,0.344
2025,11,ROU.31.5_1,0.045066754559637344,0.29699999999999993
2025,11,ROU.31.60_1,0.04565519501338059,0.31099999999999994
2025,11,ROU.31.61_1,0.04685236712767099,0.344
2025,11,ROU.31.62_1,0.04685236712767099,0.344
2025,11,ROU.31.63_1,0.04739854620761542,0.362
2025,11,ROU.31.64_1,0.04912270434000065,0.45600000000000007
2025,11,ROU.31.65_1,0.04924730164269793,0.474
2025,11,ROU.31.66_1,0.04713460693292685,0.3530000000000001
2025,11,ROU.31.67_1,0.04634038160147463,0.32900000000000007
2025,11,ROU.31.68_1,0.04698008698541929,0.348
2025,11,ROU.31.69_1,0.04681986331775376,0.34299999999999997
2025,11,ROU.31.6_1,0.04685236712767099,0.344
2025,11,ROU.31.70_1,0.04612071083397134,0.32300000000000006
2025,11,ROU.31.71_1,0.0491397314803075,0.4580000000000001
2025,11,ROU.31.72_1,0.04691668519057854,0.346
2025,11,ROU.31.73_1,0.04835751945957893,0.402
2025,11,ROU.31.74_1,0.04789698859334505,0.381
2025,11,ROU.31.75_1,0.04694850038824155,0.347
2025,11,ROU.31.76_1,0.047224604492781756,0.356
2025,11,ROU.31.77_1,0.047482512537913336,0.365
2025,11,ROU.31.78_1,0.04728347907869092,0.3579999999999999
2025,11,ROU.31.79_1,0.04739854620761542,0.362
2025,11,ROU.31.7_1,0.046720967007268466,0.33999999999999997
2025,11,ROU.31.80_1,0.04704257621690377,0.35
2025,11,ROU.31.81_1,0.046720967007268466,0.33999999999999997
2025,11,ROU.31.82_1,0.0462316235363915,0.32600000000000007
2025,11,ROU.31.83_1,0.047194830489016126,0.355
2025,11,ROU.31.84_1,0.045774886760868244,0.31400000000000006
2025,11,ROU.31.85_1,0.049252338229543516,0.475
2025,11,ROU.31.86_1,0.04716483144562535,0.3540000000000001
2025,11,ROU.31.87_1,0.047482512537913336,0.365
2025,11,ROU.31.88_1,0.04704257621690377,0.35
2025,11,ROU.31.89_1,0.04928205348369894,0.482
2025,11,ROU.31.8_1,0.047104156516901585,0.352
2025,11,ROU.31.90_1,0.04728347907869092,0.3579999999999999
2025,11,ROU.31.91_1,0.046619983057431764,0.3370000000000001
2025,11,ROU.31.92_1,0.04626811487238125,0.32699999999999996
2025,11,ROU.31.93_1,0.04641169744985238,0.33099999999999996
2025,11,ROU.31.94_1,0.04877094183058269,0.42599999999999993
2025,11,ROU.31.95_1,0.04918603130240426,0.46399999999999997
2025,11,ROU.31.96_1,0.045450728138743166,0.30600000000000005
2025,11,ROU.31.97_1,0.04644700016480913,0.3320000000000001
2025,11,ROU.31.98_1,0.04630436737389991,0.32800000000000007
2025,11,ROU.31.99_1,0.045695339975136744,0.31200000000000006
2025,11,ROU.31.9_1,0.04675416374406932,0.34099999999999997
2025,11,ROU.32.100_1,0.04523996209628829,0.30100000000000005
2025,11,ROU.32.10_1,0.0464820667942262,0.3330000000000001
2025,11,ROU.32.11_1,0.045367182479570625,0.30400000000000005
2025,11,ROU.32.12_1,0.04523996209628829,0.30100000000000005
2025,11,ROU.32.13_1,0.04888250766739093,0.43399999999999994
2025,11,ROU.32.14_1,0.04658585548256223,0.3360000000000001
2025,11,ROU.32.15_1,0.0430984216041852,0.257
2025,11,ROU.32.16_1,0.047312580498823385,0.359
2025,11,ROU.32.17_1,0.04907664208990647,0.45099999999999996
2025,11,ROU.32.18_1,0.04637615811021295,0.33000000000000007
2025,11,ROU.32.19_1,0.04675416374406932,0.34099999999999997
2025,11,ROU.32.1_1,0.045282623422316266,0.30200000000000005
2025,11,ROU.32.20_1,0.04553326597806426,0.30800000000000005
2025,11,ROU.32.21_1,0.0440883880814995,0.276
2025,11,ROU.32.22_1,0.047482512537913336,0.365
2025,11,ROU.32.23_1,0.04150588489181781,0.22999999999999987
2025,11,ROU.32.24_1,0.04493413776069529,0.29400000000000004
2025,11,ROU.32.25_1,0.04774809389847267,0.375
2025,11,ROU.32.26_1,0.045931025715348975,0.31800000000000006
2025,11,ROU.32.27_1,0.045022808420897016,0.29600000000000004
2025,11,ROU.32.28_1,0.04065473594768187,0.21700000000000008
2025,11,ROU.32.29_1,0.043527828645221735,0.265
2025,11,ROU.32.2_1,0.046787129017927614,0.3420000000000001
2025,11,ROU.32.30_1,0.04608325844466175,0.32200000000000006
2025,11,ROU.32.31_1,0.04549212269146771,0.30699999999999994
2025,11,ROU.32.32_1,0.04882835038466338,0.42999999999999994
2025,11,ROU.32.33_1,0.04276398478000556,0.251
2025,11,ROU.32.34_1,0.04604556433516866,0.32100000000000006
2025,11,ROU.32.35_1,0.043735613725489,0.269
2025,11,ROU.32.36_1,0.046619983057431764,0.3370000000000001
2025,11,ROU.32.37_1,0.04265009852573865,0.249
2025,11,ROU.32.38_1,0.045774886760868244,0.31400000000000006
2025,11,ROU.32.39_1,0.0441866822098382,0.278
2025,11,ROU.32.3_1,0.044283879526092584,0.28
2025,11,ROU.32.40_1,0.04466184267754451,0.28800000000000003
2025,11,ROU.32.41_1,0.0441866822098382,0.278
2025,11,ROU.32.42_1,0.045695339975136744,0.31200000000000006
2025,11,ROU.32.43_1,0.04845347708103587,0.40700000000000003
2025,11,ROU.32.44_1,0.049014761501561505,0.44500000000000006
2025,11,ROU.32.45_1,0.04681986331775376,0.34299999999999997
2025,11,ROU.32.46_1,0.04675416374406932,0.34099999999999997
2025,11,ROU.32.47_1,0.045110442250019825,0.29800000000000004
2025,11,ROU.32.48_1,0.04523996209628829,0.30100000000000005
2025,11,ROU.32.49_1,0.04890837048251516,0.43599999999999994
2025,11,ROU.32.4_1,0.044844424119052026,0.2919999999999999
2025,11,ROU.32.50_1,0.04581428987514457,0.31500000000000006
2025,11,ROU.32.51_1,0.045574158679044414,0.30899999999999994
2025,11,ROU.32.52_1,0.0430984216041852,0.257
2025,11,ROU.32.53_1,0.045110442250019825,0.29800000000000004
2025,11,ROU.32.54_1,0.045110442250019825,0.29800000000000004
2025,11,ROU.32.55_1,0.04626811487238125,0.32699999999999996
2025,11,ROU.32.56_1,0.04612071083397134,0.32300000000000006
2025,11,ROU.32.57_1,0.04585344698686476,0.31599999999999995
2025,11,ROU.32.58_1,0.03988818341171357,0.20599999999999996
2025,11,ROU.32.59_1,0.045695339975136744,0.31200000000000006
2025,11,ROU.32.5_1,0.045969448573345284,0.31900000000000006
2025,11,ROU.32.60_1,0.049147945955324505,0.4590000000000001
2025,11,ROU.32.61_1,0.04532502997860004,0.30300000000000005
2025,11,ROU.32.62_1,0.04641169744985238,0.33099999999999996
2025,11,ROU.32.63_1,0.04801514388369464,0.386
2025,11,ROU.32.64_1,0.04704257621690377,0.35
2025,11,ROU.32.65_1,0.045695339975136744,0.31200000000000006
2025,11,ROU.32.66_1,0.04634038160147463,0.32900000000000007
2025,11,ROU.32.67_1,0.04698008698541929,0.348
2025,11,ROU.32.68_1,0.047722519536849896,0.374
2025,11,ROU.32.69_1,0.04461553550165871,0.2869999999999999
2025,11,ROU.32.6_1,0.04644700016480913,0.3320000000000001
2025,11,ROU.32.70_1,0.044844424119052026,0.2919999999999999
2025,11,ROU.32.71_1,0.04600762791136711,0.31999999999999995
2025,11,ROU.32.72_1,0.04637615811021295,0.33000000000000007
2025,11,ROU.32.73_1,0.04626811487238125,0.32699999999999996
2025,11,ROU.32.74_1,0.046720967007268466,0.33999999999999997
2025,11,ROU.32.75_1,0.04523996209628829,0.30100000000000005
2025,11,ROU.32.76_1,0.04924206699679028,0.47299999999999986
2025,11,ROU.32.77_1,0.04573523700820659,0.31299999999999994
2025,11,ROU.32.78_1,0.04600762791136711,0.31999999999999995
2025,11,ROU.32.79_1,0.04304342757190176,0.256
2025,11,ROU.32.7_1,0.042360024989151694,0.2440000000000001
2025,11,ROU.32.80_1,0.04841571960633198,0.405
2025,11,ROU.32.81_1,0.04739854620761542,0.362
2025,11,ROU.32.82_1,0.045197045279087404,0.30000000000000004
2025,11,ROU.32.83_1,0.04612071083397134,0.32300000000000006
2025,11,ROU.32.84_1,0.04612071083397134,0.32300000000000006
2025,11,ROU.32.85_1,0.04388847982885752,0.272
2025,11,ROU.32.86_1,0.04388847982885752,0.272
2025,11,ROU.32.87_1,0.04759137575530915,0.369
2025,11,ROU.32.88_1,0.045931025715348975,0.31800000000000006
2025,11,ROU.32.89_1,0.04532502997860004,0.30300000000000005
2025,11,ROU.32.8_1,0.04888250766739093,0.43399999999999994
2025,11,ROU.32.90_1,0.045574158679044414,0.30899999999999994
2025,11,ROU.32.91_1,0.045153872242213455,0.29900000000000004
2025,11,ROU.32.92_1,0.045969448573345284,0.31900000000000006
2025,11,ROU.32.93_1,0.04163178184876155,0.23199999999999998
2025,11,ROU.32.94_1,0.047224604492781756,0.356
2025,11,ROU.32.95_1,0.04871027050957946,0.42199999999999993
2025,11,ROU.32.96_1,0.04675416374406932,0.34099999999999997
2025,11,ROU.32.97_1,0.045931025715348975,0.31800000000000006
2025,11,ROU.32.98_1,0.0466875383137864,0.33899999999999997
2025,11,ROU.32.99_1,0.04641169744985238,0.33099999999999996
2025,11,ROU.32.9_1,0.04675416374406932,0.34099999999999997
2025,11,ROU.33.10_1,0.04276398478000556,0.251
2025,11,ROU.33.11_1,0.04298813690453435,0.255
2025,11,ROU.33.12_1,0.04336898152187278,0.262
2025,11,ROU.33.13_1,0.04212237146341945,0.24
2025,11,ROU.33.14_1,0.040311729943021436,0.21199999999999997
2025,11,ROU.33.15_1,0.0421822562817251,0.241
2025,11,ROU.33.16_1,0.04298813690453435,0.255
2025,11,ROU.33.17_1,0.04287666106815927,0.253
2025,11,ROU.33.18_1,0.04304342757190176,0.256
2025,11,ROU.33.19_1,0.04212237146341945,0.24
2025,11,ROU.33.1_1,0.04247697914036585,0.24599999999999989
2025,11,ROU.33.20_1,0.0407222738416092,0.21799999999999986
2025,11,ROU.33.21_1,0.042820473570468434,0.252
2025,11,ROU.33.22_1,0.04163178184876155,0.23199999999999998
2025,11,ROU.33.23_1,0.04131455432928723,0.22699999999999998
2025,11,ROU.33.24_1,0.04253499258640828,0.247
2025,11,ROU.33.25_1,0.04125010863491782,0.22599999999999998
2025,11,ROU.33.26_1,0.04200165089770341,0.238
2025,11,ROU.33.27_1,0.04304342757190176,0.256
2025,11,ROU.33.28_1,0.041694237816008395,0.23299999999999987
2025,11,ROU.33.29_1,0.04247697914036585,0.24599999999999989
2025,11,ROU.33.2_1,0.04163178184876155,0.23199999999999998
2025,11,ROU.33.30_1,0.04247697914036585,0.24599999999999989
2025,11,ROU.33.31_1,0.04247697914036585,0.24599999999999989
2025,11,ROU.33.32_1,0.04358020260831933,0.266
2025,11,ROU.33.33_1,0.04175636740944833,0.23399999999999999
2025,11,ROU.33.34_1,0.04298813690453435,0.255
2025,11,ROU.33.35_1,0.04276398478000556,0.251
2025,11,ROU.33.36_1,0.042707193501211126,0.25
2025,11,ROU.33.37_1,0.04212237146341945,0.24
2025,11,ROU.33.38_1,0.042820473570468434,0.252
2025,11,ROU.33.39_1,0.04298813690453435,0.255
2025,11,ROU.33.3_1,0.04383780558780022,0.271
2025,11,ROU.33.40_1,0.0415689980366121,0.23099999999999998
2025,11,ROU.33.41_1,0.042301081720291366,0.243
2025,11,ROU.33.42_1,0.04150588489181781,0.22999999999999987
2025,11,ROU.33.43_1,0.04187965327748944,0.236
2025,11,ROU.33.44_1,0.04336898152187278,0.262
2025,11,ROU.33.45_1,0.043735613725489,0.269
2025,11,ROU.33.46_1,0.04287666106815927,0.253
2025,11,ROU.33.47_1,0.04368409413128377,0.268
2025,11,ROU.33.48_1,0.044427634702780626,0.2829999999999999
2025,11,ROU.33.49_1,0.0421822562817251,0.241
2025,11,ROU.33.4_1,0.04298813690453435,0.255
2025,11,ROU.33.50_1,0.04388847982885752,0.272
2025,11,ROU.33.51_1,0.043315453887845745,0.261
2025,11,ROU.33.52_1,0.04265009852573865,0.249
2025,11,ROU.33.53_1,0.04358020260831933,0.266
2025,11,ROU.33.54_1,0.042707193501211126,0.25
2025,11,ROU.33.55_1,0.044283879526092584,0.28
2025,11,ROU.33.56_1,0.04704257621690377,0.35
2025,11,ROU.33.57_1,0.04403882742093296,0.275
2025,11,ROU.33.58_1,0.04175636740944833,0.23399999999999999
2025,11,ROU.33.5_1,0.043153120135473684,0.258
2025,11,ROU.33.6_1,0.043315453887845745,0.261
2025,11,ROU.33.7_1,0.04276398478000556,0.251
2025,11,ROU.33.8_1,0.04437998723670003,0.28200000000000003
2025,11,ROU.33.9_1,0.04320752428803497,0.259
2025,11,ROU.34.10_1,0.04368409413128377,0.268
2025,11,ROU.34.11_1,0.04393887424186332,0.273
2025,11,ROU.34.12_1,0.0440883880814995,0.276
2025,11,ROU.34.13_1,0.0430984216041852,0.257
2025,11,ROU.34.14_1,0.04488941170168404,0.2929999999999999
2025,11,ROU.34.15_1,0.04801514388369464,0.386
2025,11,ROU.34.16_1,0.04456896195634114,0.28600000000000003
2025,11,ROU.34.17_1,0.044427634702780626,0.2829999999999999
2025,11,ROU.34.18_1,0.04181817208376993,0.23499999999999988
2025,11,ROU.34.19_1,0.04342221915101733,0.263
2025,11,ROU.34.1_1,0.04378685054716181,0.27
2025,11,ROU.34.20_1,0.04378685054716181,0.27
2025,11,ROU.34.21_1,0.04287666106815927,0.253
2025,11,ROU.34.22_1,0.04423541751568946,0.279
2025,11,ROU.34.23_1,0.044283879526092584,0.28
2025,11,ROU.34.24_1,0.04287666106815927,0.253
2025,11,ROU.34.25_1,0.042820473570468434,0.252
2025,11,ROU.34.26_1,0.0441866822098382,0.278
2025,11,ROU.34.27_1,0.043735613725489,0.269
2025,11,ROU.34.28_1,0.042301081720291366,0.243
2025,11,ROU.34.29_1,0.043988989788542626,0.274
2025,11,ROU.34.2_1,0.0481058195358967,0.3899999999999999
2025,11,ROU.34.30_1,0.04358020260831933,0.266
2025,11,ROU.34.31_1,0.043527828645221735,0.265
2025,11,ROU.34.32_1,0.04336898152187278,0.262
2025,11,ROU.34.33_1,0.044707884311692536,0.28900000000000003
2025,11,ROU.34.34_1,0.041694237816008395,0.23299999999999987
2025,11,ROU.34.35_1,0.043315453887845745,0.261
2025,11,ROU.34.36_1,0.04247697914036585,0.24599999999999989
2025,11,ROU.34.37_1,0.045282623422316266,0.30200000000000005
2025,11,ROU.34.38_1,0.04827698930418185,0.398
2025,11,ROU.34.39_1,0.0436322907628802,0.267
2025,11,ROU.34.3_1,0.04479917422492878,0.2909999999999999
2025,11,ROU.34.40_1,0.045066754559637344,0.29699999999999993
2025,11,ROU.34.41_1,0.04403882742093296,0.275
2025,11,ROU.34.42_1,0.04287666106815927,0.253
2025,11,ROU.34.43_1,0.04265009852573865,0.249
2025,11,ROU.34.44_1,0.047968525063499766,0.384
2025,11,ROU.34.45_1,0.04704257621690377,0.35
2025,11,ROU.34.46_1,0.04181817208376993,0.23499999999999988
2025,11,ROU.34.47_1,0.043153120135473684,0.258
2025,11,ROU.34.48_1,0.0441376727032484,0.277
2025,11,ROU.34.49_1,0.043735613725489,0.269
2025,11,ROU.34.4_1,0.04181817208376993,0.23499999999999988
2025,11,ROU.34.50_1,0.044753661223654234,0.29000000000000004
2025,11,ROU.34.51_1,0.0436322907628802,0.267
2025,11,ROU.34.52_1,0.04523996209628829,0.30100000000000005
2025,11,ROU.34.53_1,0.04823546382478605,0.3959999999999999
2025,11,ROU.34.54_1,0.04423541751568946,0.279
2025,11,ROU.34.55_1,0.04383780558780022,0.271
2025,11,ROU.34.56_1,0.04358020260831933,0.266
2025,11,ROU.34.57_1,0.043988989788542626,0.274
2025,11,ROU.34.58_1,0.04293254845601885,0.254
2025,11,ROU.34.59_1,0.045022808420897016,0.29600000000000004
2025,11,ROU.34.5_1,0.04347516784065807,0.264
2025,11,ROU.34.60_1,0.04383780558780022,0.271
2025,11,ROU.34.6_1,0.042820473570468434,0.252
2025,11,ROU.34.7_1,0.043735613725489,0.269
2025,11,ROU.34.8_1,0.04497860307625147,0.29499999999999993
2025,11,ROU.34.9_1,0.04403882742093296,0.275
2025,11,ROU.35.10_1,0.042360024989151694,0.2440000000000001
2025,11,ROU.35.11_1,0.04378685054716181,0.27
2025,11,ROU.35.12_1,0.042360024989151694,0.2440000000000001
2025,11,ROU.35.13_1,0.04378685054716181,0.27
2025,11,ROU.35.14_1,0.04304342757190176,0.256
2025,11,ROU.35.15_1,0.0436322907628802,0.267
2025,11,ROU.35.16_1,0.0392275588338907,0.19700000000000006
2025,11,ROU.35.17_1,0.04320752428803497,0.259
2025,11,ROU.35.18_1,0.042418657032918014,0.245
2025,11,ROU.35.19_1,0.04253499258640828,0.247
2025,11,ROU.35.1_1,0.04265009852573865,0.249
2025,11,ROU.35.20_1,0.043527828645221735,0.265
2025,11,ROU.35.21_1,0.04358020260831933,0.266
2025,11,ROU.35.22_1,0.043261635172466846,0.26
2025,11,ROU.35.23_1,0.04085630043948545,0.21999999999999997
2025,11,ROU.35.24_1,0.04336898152187278,0.262
2025,11,ROU.35.25_1,0.04247697914036585,0.24599999999999989
2025,11,ROU.35.26_1,0.03821680598848177,0.18399999999999994
2025,11,ROU.35.27_1,0.042592698632283446,0.2480000000000001
2025,11,ROU.35.28_1,0.04265009852573865,0.249
2025,11,ROU.35.29_1,0.0441376727032484,0.277
2025,11,ROU.35.2_1,0.042241825923508114,0.24199999999999988
2025,11,ROU.35.30_1,0.04206217012242035,0.23899999999999988
2025,11,ROU.35.31_1,0.04320752428803497,0.259
2025,11,ROU.35.32_1,0.042241825923508114,0.24199999999999988
2025,11,ROU.35.33_1,0.0430984216041852,0.257
2025,11,ROU.35.34_1,0.042301081720291366,0.243
2025,11,ROU.35.35_1,0.042592698632283446,0.2480000000000001
2025,11,ROU.35.36_1,0.04298813690453435,0.255
2025,11,ROU.35.37_1,0.04181817208376993,0.23499999999999988
2025,11,ROU.35.38_1,0.04298813690453435,0.255
2025,11,ROU.35.39_1,0.040311729943021436,0.21199999999999997
2025,11,ROU.35.3_1,0.04368409413128377,0.268
2025,11,ROU.35.40_1,0.042592698632283446,0.2480000000000001
2025,11,ROU.35.41_1,0.0430984216041852,0.257
2025,11,ROU.35.42_1,0.042418657032918014,0.245
2025,11,ROU.35.43_1,0.041185325910782805,0.2250000000000001
2025,11,ROU.35.44_1,0.042592698632283446,0.2480000000000001
2025,11,ROU.35.45_1,0.039451215462812286,0.19999999999999996
2025,11,ROU.35.46_1,0.040311729943021436,0.21199999999999997
2025,11,ROU.35.47_1,0.0440883880814995,0.276
2025,11,ROU.35.48_1,0.04112020456396412,0.22399999999999998
2025,11,ROU.35.49_1,0.042360024989151694,0.2440000000000001
2025,11,ROU.35.4_1,0.04131455432928723,0.22699999999999998
2025,11,ROU.35.50_1,0.04358020260831933,0.266
2025,11,ROU.35.51_1,0.04276398478000556,0.251
2025,11,ROU.35.52_1,0.04383780558780022,0.271
2025,11,ROU.35.53_1,0.04619489279993376,0.32499999999999996
2025,11,ROU.35.54_1,0.04298813690453435,0.255
2025,11,ROU.35.55_1,0.043735613725489,0.269
2025,11,ROU.35.56_1,0.042820473570468434,0.252
2025,11,ROU.35.57_1,0.04150588489181781,0.22999999999999987
2025,11,ROU.35.58_1,0.04388847982885752,0.272
2025,11,ROU.35.59_1,0.04320752428803497,0.259
2025,11,ROU.35.5_1,0.04466184267754451,0.28800000000000003
2025,11,ROU.35.60_1,0.04105474298308412,0.22299999999999998
2025,11,ROU.35.61_1,0.043153120135473684,0.258
2025,11,ROU.35.62_1,0.042301081720291366,0.243
2025,11,ROU.35.6_1,0.04181817208376993,0.23499999999999988
2025,11,ROU.35.7_1,0.043261635172466846,0.26
2025,11,ROU.35.8_1,0.04304342757190176,0.256
2025,11,ROU.35.9_1,0.043261635172466846,0.26
2025,11,ROU.36.10_1,0.04767071749009322,0.372
2025,11,ROU.36.11_1,0.043261635172466846,0.26
2025,11,ROU.36.12_1,0.03845620929848478,0.18700000000000006
2025,11,ROU.36.13_1,0.03974404027870705,0.20399999999999985
2025,11,ROU.36.14_1,0.03821680598848177,0.18399999999999994
2025,11,ROU.36.15_1,0.04725415388230268,0.357
2025,11,ROU.36.16_1,0.04378685054716181,0.27
2025,11,ROU.36.17_1,0.043153120135473684,0.258
2025,11,ROU.36.18_1,0.040172012552874455,0.21000000000000008
2025,11,ROU.36.19_1,0.03821680598848177,0.18399999999999994
2025,11,ROU.36.1_1,0.04265009852573865,0.249
2025,11,ROU.36.20_1,0.043527828645221735,0.265
2025,11,ROU.36.21_1,0.03845620929848478,0.18700000000000006
2025,11,ROU.36.22_1,0.03900037497023978,0.19399999999999995
2025,11,ROU.36.23_1,0.0441376727032484,0.277
2025,11,ROU.36.24_1,0.04200165089770341,0.238
2025,11,ROU.36.25_1,0.03739082473149449,0.17399999999999993
2025,11,ROU.36.26_1,0.04393887424186332,0.273
2025,11,ROU.36.27_1,0.04423541751568946,0.279
2025,11,ROU.36.28_1,0.04794489432249727,0.383
2025,11,ROU.36.29_1,0.0477734509529057,0.376
2025,11,ROU.36.2_1,0.043315453887845745,0.261
2025,11,ROU.36.30_1,0.04388847982885752,0.272
2025,11,ROU.36.31_1,0.042418657032918014,0.245
2025,11,ROU.36.32_1,0.041378664568624164,0.2280000000000001
2025,11,ROU.36.33_1,0.0436322907628802,0.267
2025,11,ROU.36.34_1,0.04437998723670003,0.28200000000000003
2025,11,ROU.36.35_1,0.039816299228720445,0.20499999999999996
2025,11,ROU.36.36_1,0.0377264817893947,0.17799999999999994
2025,11,ROU.36.37_1,0.04200165089770341,0.238
2025,11,ROU.36.38_1,0.043261635172466846,0.26
2025,11,ROU.36.39_1,0.04304342757190176,0.256
2025,11,ROU.36.3_1,0.04347516784065807,0.264
2025,11,ROU.36.40_1,0.04024205274664436,0.21099999999999997
2025,11,ROU.36.41_1,0.041185325910782805,0.2250000000000001
2025,11,ROU.36.42_1,0.04293254845601885,0.254
2025,11,ROU.36.43_1,0.036429811823056074,0.16300000000000003
2025,11,ROU.36.44_1,0.04092279257964584,0.22099999999999997
2025,11,ROU.36.45_1,0.042820473570468434,0.252
2025,11,ROU.36.46_1,0.0347270150445878,0.14500000000000002
2025,11,ROU.36.47_1,0.042360024989151694,0.2440000000000001
2025,11,ROU.36.48_1,0.04038104602105371,0.21299999999999986
2025,11,ROU.36.49_1,0.039451215462812286,0.19999999999999996
2025,11,ROU.36.4_1,0.04293254845601885,0.254
2025,11,ROU.36.50_1,0.03988818341171357,0.20599999999999996
2025,11,ROU.36.51_1,0.04175636740944833,0.23399999999999999
2025,11,ROU.36.52_1,0.04175636740944833,0.23399999999999999
2025,11,ROU.36.53_1,0.04125010863491782,0.22599999999999998
2025,11,ROU.36.54_1,0.04725415388230268,0.357
2025,11,ROU.36.55_1,0.035504861044643454,0.15300000000000002
2025,11,ROU.36.56_1,0.03780928727550324,0.17900000000000005
2025,11,ROU.36.57_1,0.03704792626203052,0.17000000000000004
2025,11,ROU.36.58_1,0.040311729943021436,0.21199999999999997
2025,11,ROU.36.59_1,0.04212237146341945,0.24
2025,11,ROU.36.5_1,0.04728347907869092,0.3579999999999999
2025,11,ROU.36.60_1,0.03502281513837547,0.14800000000000002
2025,11,ROU.36.61_1,0.04065473594768187,0.21700000000000008
2025,11,ROU.36.62_1,0.040311729943021436,0.21199999999999997
2025,11,ROU.36.63_1,0.041378664568624164,0.2280000000000001
2025,11,ROU.36.64_1,0.042418657032918014,0.245
2025,11,ROU.36.65_1,0.035504861044643454,0.15300000000000002
2025,11,ROU.36.66_1,0.03837682760954864,0.18599999999999994
2025,11,ROU.36.67_1,0.04304342757190176,0.256
2025,11,ROU.36.68_1,0.04038104602105371,0.21299999999999986
2025,11,ROU.36.69_1,0.044707884311692536,0.28900000000000003
2025,11,ROU.36.6_1,0.04150588489181781,0.22999999999999987
2025,11,ROU.36.70_1,0.049086254342246206,0.45200000000000007
2025,11,ROU.36.71_1,0.04212237146341945,0.24
2025,11,ROU.36.72_1,0.03988818341171357,0.20599999999999996
2025,11,ROU.36.73_1,0.04461553550165871,0.2869999999999999
2025,11,ROU.36.74_1,0.04368409413128377,0.268
2025,11,ROU.36.75_1,0.04358020260831933,0.266
2025,11,ROU.36.76_1,0.04479917422492878,0.2909999999999999
2025,11,ROU.36.77_1,0.04287666106815927,0.253
2025,11,ROU.36.78_1,0.04078946142947053,0.21899999999999997
2025,11,ROU.36.79_1,0.04150588489181781,0.22999999999999987
2025,11,ROU.36.7_1,0.04378685054716181,0.27
2025,11,ROU.36.80_1,0.04212237146341945,0.24
2025,11,ROU.36.81_1,0.04716483144562535,0.3540000000000001
2025,11,ROU.36.82_1,0.039959694850211,0.20699999999999996
2025,11,ROU.36.83_1,0.04276398478000556,0.251
2025,11,ROU.36.84_1,0.04194081241318115,0.237
2025,11,ROU.36.85_1,0.04200165089770341,0.238
2025,11,ROU.36.86_1,0.04194081241318115,0.237
2025,11,ROU.36.87_1,0.03821680598848177,0.18399999999999994
2025,11,ROU.36.88_1,0.04437998723670003,0.28200000000000003
2025,11,ROU.36.89_1,0.04253499258640828,0.247
2025,11,ROU.36.8_1,0.04493413776069529,0.29400000000000004
2025,11,ROU.36.90_1,0.039816299228720445,0.20499999999999996
2025,11,ROU.36.91_1,0.0392275588338907,0.19700000000000006
2025,11,ROU.36.92_1,0.03915222580685154,0.19599999999999995
2025,11,ROU.36.93_1,0.0440883880814995,0.276
2025,11,ROU.36.94_1,0.04206217012242035,0.23899999999999988
2025,11,ROU.36.95_1,0.042241825923508114,0.24199999999999988
2025,11,ROU.36.96_1,0.04265009852573865,0.249
2025,11,ROU.36.97_1,0.040311729943021436,0.21199999999999997
2025,11,ROU.36.98_1,0.042241825923508114,0.24199999999999988
2025,11,ROU.36.9_1,0.042360024989151694,0.2440000000000001
2025,11,ROU.37.10_1,0.04829743654427203,0.399
2025,11,ROU.37.11_1,0.04691668519057854,0.346
2025,11,ROU.37.12_1,0.04685236712767099,0.344
2025,11,ROU.37.13_1,0.04658585548256223,0.3360000000000001
2025,11,ROU.37.14_1,0.04630436737389991,0.32800000000000007
2025,11,ROU.37.15_1,0.046787129017927614,0.3420000000000001
2025,11,ROU.37.16_1,0.04637615811021295,0.33000000000000007
2025,11,ROU.37.17_1,0.047224604492781756,0.356
2025,11,ROU.37.18_1,0.047722519536849896,0.374
2025,11,ROU.37.19_1,0.04681986331775376,0.34299999999999997
2025,11,ROU.37.1_1,0.04725415388230268,0.357
2025,11,ROU.37.20_1,0.04728347907869092,0.3579999999999999
2025,11,ROU.37.21_1,0.0475644900783197,0.368
2025,11,ROU.37.22_1,0.049299814845208526,0.488
2025,11,ROU.37.23_1,0.046720967007268466,0.33999999999999997
2025,11,ROU.37.24_1,0.04644700016480913,0.3320000000000001
2025,11,ROU.37.25_1,0.04615792209149038,0.32399999999999995
2025,11,ROU.37.26_1,0.04698008698541929,0.348
2025,11,ROU.37.27_1,0.047104156516901585,0.352
2025,11,ROU.37.28_1,0.047312580498823385,0.359
2025,11,ROU.37.29_1,0.04728347907869092,0.3579999999999999
2025,11,ROU.37.2_1,0.04737011365684981,0.361
2025,11,ROU.37.30_1,0.04915596116767787,0.4600000000000001
2025,11,ROU.37.31_1,0.04737011365684981,0.361
2025,11,ROU.37.32_1,0.04751005884784409,0.366
2025,11,ROU.37.33_1,0.048083470111132766,0.389
2025,11,ROU.37.34_1,0.04707347975915941,0.351
2025,11,ROU.37.35_1,0.047104156516901585,0.352
2025,11,ROU.37.36_1,0.047644489094625424,0.371
2025,11,ROU.37.37_1,0.04707347975915941,0.351
2025,11,ROU.37.38_1,0.04926626023120356,0.47799999999999987
2025,11,ROU.37.39_1,0.04827698930418185,0.398
2025,11,ROU.37.3_1,0.04694850038824155,0.347
2025,11,ROU.37.40_1,0.04713460693292685,0.3530000000000001
2025,11,ROU.37.41_1,0.04698008698541929,0.348
2025,11,ROU.37.42_1,0.04922517406088867,0.46999999999999986
2025,11,ROU.37.43_1,0.047224604492781756,0.356
2025,11,ROU.37.44_1,0.047011445442896045,0.349
2025,11,ROU.37.45_1,0.04794489432249727,0.383
2025,11,ROU.37.46_1,0.04737011365684981,0.361
2025,11,ROU.37.47_1,0.04716483144562535,0.3540000000000001
2025,11,ROU.37.48_1,0.0481058195358967,0.3899999999999999
2025,11,ROU.37.49_1,0.04919305161373661,0.4650000000000001
2025,11,ROU.37.4_1,0.047194830489016126,0.355
2025,11,ROU.37.50_1,0.04713460693292685,0.3530000000000001
2025,11,ROU.37.51_1,0.04615792209149038,0.32399999999999995
2025,11,ROU.37.52_1,0.047644489094625424,0.371
2025,11,ROU.37.53_1,0.04782351451989156,0.3780000000000001
2025,11,ROU.37.54_1,0.04923663422865001,0.472
2025,11,ROU.37.55_1,0.04728347907869092,0.3579999999999999
2025,11,ROU.37.56_1,0.047722519536849896,0.374
2025,11,ROU.37.57_1,0.04921292058559043,0.46799999999999997
2025,11,ROU.37.58_1,0.04742675660793199,0.363
2025,11,ROU.37.59_1,0.047482512537913336,0.365
2025,11,ROU.37.5_1,0.047011445442896045,0.349
2025,11,ROU.37.60_1,0.04919987321002361,0.46599999999999997
2025,11,ROU.37.61_1,0.047224604492781756,0.356
2025,11,ROU.37.62_1,0.04688464092705593,0.345
2025,11,ROU.37.63_1,0.047696727518485575,0.373
2025,11,ROU.37.64_1,0.047312580498823385,0.359
2025,11,ROU.37.65_1,0.048060907894630085,0.388
2025,11,ROU.37.66_1,0.04817159400742658,0.3930000000000001
2025,11,ROU.37.67_1,0.047104156516901585,0.352
2025,11,ROU.37.68_1,0.04725415388230268,0.357
2025,11,ROU.37.69_1,0.04691668519057854,0.346
2025,11,ROU.37.6_1,0.047482512537913336,0.365
2025,11,ROU.37.70_1,0.047722519536849896,0.374
2025,11,ROU.37.71_1,0.04688464092705593,0.345
2025,11,ROU.37.72_1,0.04742675660793199,0.363
2025,11,ROU.37.73_1,0.04691668519057854,0.346
2025,11,ROU.37.74_1,0.04845347708103587,0.40700000000000003
2025,11,ROU.37.75_1,0.04698008698541929,0.348
2025,11,ROU.37.76_1,0.0475644900783197,0.368
2025,11,ROU.37.77_1,0.048434702441645314,0.406
2025,11,ROU.37.78_1,0.04784822171310597,0.379
2025,11,ROU.37.79_1,0.046516897872020804,0.33399999999999996
2025,11,ROU.37.7_1,0.04827698930418185,0.398
2025,11,ROU.37.80_1,0.047722519536849896,0.374
2025,11,ROU.37.81_1,0.04694850038824155,0.347
2025,11,ROU.37.82_1,0.04728347907869092,0.3579999999999999
2025,11,ROU.37.83_1,0.04728347907869092,0.3579999999999999
2025,11,ROU.37.84_1,0.047224604492781756,0.356
2025,11,ROU.37.85_1,0.04907664208990647,0.45099999999999996
2025,11,ROU.37.86_1,0.04713460693292685,0.3530000000000001
2025,11,ROU.37.87_1,0.0491397314803075,0.4580000000000001
2025,11,ROU.37.88_1,0.04930208389147518,0.489
2025,11,ROU.37.8_1,0.0466875383137864,0.33899999999999997
2025,11,ROU.37.9_1,0.0475644900783197,0.368
2025,11,ROU.38.10_1,0.036961046649421084,0.16900000000000004
2025,11,ROU.38.11_1,0.03884692896597934,0.19199999999999995
2025,11,ROU.38.12_1,0.03805508905034151,0.18199999999999994
2025,11,ROU.38.13_1,0.03797358807768206,0.18100000000000005
2025,11,ROU.38.14_1,0.04342221915101733,0.263
2025,11,ROU.38.15_1,0.03615763622326992,0.16000000000000003
2025,11,ROU.38.16_1,0.044283879526092584,0.28
2025,11,ROU.38.17_1,0.0392275588338907,0.19700000000000006
2025,11,ROU.38.18_1,0.03789165508891784,0.17999999999999994
2025,11,ROU.38.19_1,0.03789165508891784,0.17999999999999994
2025,11,ROU.38.1_1,0.0393770514385934,0.19900000000000007
2025,11,ROU.38.20_1,0.03730578672438426,0.17300000000000004
2025,11,ROU.38.21_1,0.03789165508891784,0.17999999999999994
2025,11,ROU.38.22_1,0.03512030759679338,0.14900000000000002
2025,11,ROU.38.23_1,0.03764323574228856,0.17700000000000005
2025,11,ROU.38.24_1,0.03907649861764752,0.19500000000000006
2025,11,ROU.38.25_1,0.04045000283720392,0.21399999999999997
2025,11,ROU.38.26_1,0.03967140451383029,0.20300000000000007
2025,11,ROU.38.27_1,0.03853517503352878,0.18800000000000006
2025,11,ROU.38.28_1,0.04131455432928723,0.22699999999999998
2025,11,ROU.38.29_1,0.035409526292269906,0.15200000000000002
2025,11,ROU.38.2_1,0.03952499421896011,0.20100000000000007
2025,11,ROU.38.30_1,0.03569394912267843,0.15500000000000003
2025,11,ROU.38.31_1,0.042418657032918014,0.245
2025,11,ROU.38.32_1,0.036961046649421084,0.16900000000000004
2025,11,ROU.38.33_1,0.03651955353286177,0.16400000000000003
2025,11,ROU.38.34_1,0.03876960186476109,0.19100000000000006
2025,11,ROU.38.35_1,0.03502281513837547,0.14800000000000002
2025,11,ROU.38.36_1,0.03967140451383029,0.20300000000000007
2025,11,ROU.38.37_1,0.040172012552874455,0.21000000000000008
2025,11,ROU.38.38_1,0.03845620929848478,0.18700000000000006
2025,11,ROU.38.39_1,0.03789165508891784,0.17999999999999994
2025,11,ROU.38.3_1,0.03588095637277801,0.15700000000000003
2025,11,ROU.38.40_1,0.03797358807768206,0.18100000000000005
2025,11,ROU.38.41_1,0.03747541020585919,0.17500000000000004
2025,11,ROU.38.42_1,0.04461553550165871,0.2869999999999999
2025,11,ROU.38.43_1,0.04393887424186332,0.273
2025,11,ROU.38.44_1,0.042707193501211126,0.25
2025,11,ROU.38.45_1,0.044707884311692536,0.28900000000000003
2025,11,ROU.38.46_1,0.03829702738016549,0.18500000000000005
2025,11,ROU.38.47_1,0.0377264817893947,0.17799999999999994
2025,11,ROU.38.48_1,0.03780928727550324,0.17900000000000005
2025,11,ROU.38.49_1,0.03615763622326992,0.16000000000000003
2025,11,ROU.38.4_1,0.03512030759679338,0.14900000000000002
2025,11,ROU.38.50_1,0.04378685054716181,0.27
2025,11,ROU.38.51_1,0.03797358807768206,0.18100000000000005
2025,11,ROU.38.52_1,0.035504861044643454,0.15300000000000002
2025,11,ROU.38.53_1,0.035787710803972736,0.15600000000000003
2025,11,ROU.38.54_1,0.035409526292269906,0.15200000000000002
2025,11,ROU.38.55_1,0.04378685054716181,0.27
2025,11,ROU.38.56_1,0.03789165508891784,0.17999999999999994
2025,11,ROU.38.57_1,0.0393770514385934,0.19900000000000007
2025,11,ROU.38.58_1,0.032729651843363065,0.126
2025,11,ROU.38.59_1,0.03597368984246114,0.15800000000000003
2025,11,ROU.38.5_1,0.04456896195634114,0.28600000000000003
2025,11,ROU.38.60_1,0.03805508905034151,0.18199999999999994
2025,11,ROU.38.61_1,0.03633958081358364,0.16200000000000003
2025,11,ROU.38.62_1,0.035504861044643454,0.15300000000000002
2025,11,ROU.38.63_1,0.04423541751568946,0.279
2025,11,ROU.38.64_1,0.03687369853356853,0.16800000000000004
2025,11,ROU.38.65_1,0.03813616077668737,0.18300000000000005
2025,11,ROU.38.66_1,0.043988989788542626,0.274
2025,11,ROU.38.67_1,0.043988989788542626,0.274
2025,11,ROU.38.68_1,0.03780928727550324,0.17900000000000005
2025,11,ROU.38.69_1,0.03569394912267843,0.15500000000000003
2025,11,ROU.38.6_1,0.04342221915101733,0.263
2025,11,ROU.38.70_1,0.042301081720291366,0.243
2025,11,ROU.38.71_1,0.0347270150445878,0.14500000000000002
2025,11,ROU.38.72_1,0.03678587857708836,0.16700000000000004
2025,11,ROU.38.73_1,0.03660880954136339,0.16500000000000004
2025,11,ROU.38.74_1,0.04433206913731389,0.281
2025,11,ROU.38.75_1,0.04131455432928723,0.22699999999999998
2025,11,ROU.38.76_1,0.03227955730550973,0.12200000000000011
2025,11,ROU.38.77_1,0.03892385253856027,0.19300000000000006
2025,11,ROU.38.78_1,0.03789165508891784,0.17999999999999994
2025,11,ROU.38.79_1,0.03780928727550324,0.17900000000000005
2025,11,ROU.38.7_1,0.0440883880814995,0.276
2025,11,ROU.38.80_1,0.0441376727032484,0.277
2025,11,ROU.38.81_1,0.03651955353286177,0.16400000000000003
2025,11,ROU.38.82_1,0.04403882742093296,0.275
2025,11,ROU.38.8_1,0.03722029308279467,0.17199999999999993
2025,11,ROU.38.9_1,0.0441866822098382,0.278
2025,11,ROU.39.10_1,0.048083470111132766,0.389
2025,11,ROU.39.11_1,0.04644700016480913,0.3320000000000001
2025,11,ROU.39.12_1,0.04841571960633198,0.405
2025,11,ROU.39.13_1,0.0475373845679177,0.367
2025,11,ROU.39.14_1,0.047011445442896045,0.349
2025,11,ROU.39.15_1,0.04759137575530915,0.369
2025,11,ROU.39.16_1,0.04725415388230268,0.357
2025,11,ROU.39.17_1,0.04626811487238125,0.32699999999999996
2025,11,ROU.39.18_1,0.046653877165014464,0.3380000000000001
2025,11,ROU.39.19_1,0.04713460693292685,0.3530000000000001
2025,11,ROU.39.1_1,0.04817159400742658,0.3930000000000001
2025,11,ROU.39.20_1,0.047482512537913336,0.365
2025,11,ROU.39.21_1,0.04704257621690377,0.35
2025,11,ROU.39.22_1,0.04704257621690377,0.35
2025,11,ROU.39.23_1,0.04688464092705593,0.345
2025,11,ROU.39.24_1,0.04823546382478605,0.3959999999999999
2025,11,ROU.39.25_1,0.04604556433516866,0.32100000000000006
2025,11,ROU.39.26_1,0.045969448573345284,0.31900000000000006
2025,11,ROU.39.27_1,0.048060907894630085,0.388
2025,11,ROU.39.28_1,0.04784822171310597,0.379
2025,11,ROU.39.29_1,0.0477734509529057,0.376
2025,11,ROU.39.2_1,0.04745474525398454,0.364
2025,11,ROU.39.30_1,0.04739854620761542,0.362
2025,11,ROU.39.31_1,0.048756080349333764,0.42499999999999993
2025,11,ROU.39.32_1,0.04688464092705593,0.345
2025,11,ROU.39.33_1,0.0464820667942262,0.3330000000000001
2025,11,ROU.39.34_1,0.04759137575530915,0.369
2025,11,ROU.39.35_1,0.04751005884784409,0.366
2025,11,ROU.39.36_1,0.0477734509529057,0.376
2025,11,ROU.39.37_1,0.04694850038824155,0.347
2025,11,ROU.39.38_1,0.04856176613811062,0.41300000000000003
2025,11,ROU.39.39_1,0.04675416374406932,0.659
2025,11,ROU.39.3_1,0.0475644900783197,0.368
2025,11,ROU.39.40_1,0.04767071749009322,0.372
2025,11,ROU.39.41_1,0.04383780558780022,0.271
2025,11,ROU.39.42_1,0.04819309519618266,0.39400000000000013
2025,11,ROU.39.43_1,0.047968525063499766,0.384
2025,11,ROU.39.44_1,0.04931155356590333,0.495
2025,11,ROU.39.45_1,0.04784822171310597,0.379
2025,11,ROU.39.46_1,0.047722519536849896,0.374
2025,11,ROU.39.47_1,0.04835751945957893,0.402
2025,11,ROU.39.48_1,0.04854423570003872,0.4119999999999999
2025,11,ROU.39.4_1,0.04889554025720297,0.43500000000000005
2025,11,ROU.39.5_1,0.04799194147937507,0.3850000000000001
2025,11,ROU.39.6_1,0.0464820667942262,0.3330000000000001
2025,11,ROU.39.7_1,0.04874101476210032,0.42399999999999993
2025,11,ROU.39.8_1,0.04767071749009322,0.372
2025,11,ROU.39.9_1,0.04739854620761542,0.362
2025,11,ROU.4.10_1,0.04078946142947053,0.21899999999999997
2025,11,ROU.4.11_1,0.04336898152187278,0.262
2025,11,ROU.4.12_1,0.03930249996529487,0.19800000000000006
2025,11,ROU.4.13_1,0.04433206913731389,0.281
2025,11,ROU.4.14_1,0.0436322907628802,0.267
2025,11,ROU.4.15_1,0.04181817208376993,0.23499999999999988
2025,11,ROU.4.16_1,0.0436322907628802,0.267
2025,11,ROU.4.17_1,0.04265009852573865,0.249
2025,11,ROU.4.18_1,0.04549212269146771,0.30699999999999994
2025,11,ROU.4.19_1,0.04150588489181781,0.22999999999999987
2025,11,ROU.4.1_1,0.0392275588338907,0.19700000000000006
2025,11,ROU.4.20_1,0.04466184267754451,0.28800000000000003
2025,11,ROU.4.21_1,0.042820473570468434,0.252
2025,11,ROU.4.22_1,0.043988989788542626,0.274
2025,11,ROU.4.23_1,0.039816299228720445,0.20499999999999996
2025,11,ROU.4.24_1,0.044753661223654234,0.29000000000000004
2025,11,ROU.4.25_1,0.04112020456396412,0.22399999999999998
2025,11,ROU.4.26_1,0.03884692896597934,0.19199999999999995
2025,11,ROU.4.27_1,0.043735613725489,0.269
2025,11,ROU.4.28_1,0.043735613725489,0.269
2025,11,ROU.4.29_1,0.04423541751568946,0.279
2025,11,ROU.4.2_1,0.04304342757190176,0.256
2025,11,ROU.4.30_1,0.0436322907628802,0.267
2025,11,ROU.4.31_1,0.04388847982885752,0.272
2025,11,ROU.4.32_1,0.04523996209628829,0.30100000000000005
2025,11,ROU.4.33_1,0.04293254845601885,0.254
2025,11,ROU.4.34_1,0.042360024989151694,0.2440000000000001
2025,11,ROU.4.35_1,0.04630436737389991,0.32800000000000007
2025,11,ROU.4.36_1,0.04347516784065807,0.264
2025,11,ROU.4.37_1,0.044707884311692536,0.28900000000000003
2025,11,ROU.4.38_1,0.043527828645221735,0.265
2025,11,ROU.4.39_1,0.04849040273668494,0.40900000000000003
2025,11,ROU.4.3_1,0.04181817208376993,0.23499999999999988
2025,11,ROU.4.40_1,0.0441866822098382,0.278
2025,11,ROU.4.41_1,0.04383780558780022,0.271
2025,11,ROU.4.42_1,0.04293254845601885,0.254
2025,11,ROU.4.43_1,0.0440883880814995,0.276
2025,11,ROU.4.44_1,0.04206217012242035,0.23899999999999988
2025,11,ROU.4.45_1,0.04378685054716181,0.27
2025,11,ROU.4.46_1,0.04181817208376993,0.23499999999999988
2025,11,ROU.4.47_1,0.044283879526092584,0.28
2025,11,ROU.4.48_1,0.04342221915101733,0.263
2025,11,ROU.4.49_1,0.04452212120566338,0.28500000000000003
2025,11,ROU.4.4_1,0.04751005884784409,0.366
2025,11,ROU.4.50_1,0.045574158679044414,0.30899999999999994
2025,11,ROU.4.51_1,0.04298813690453435,0.255
2025,11,ROU.4.52_1,0.04187965327748944,0.236
2025,11,ROU.4.53_1,0.044844424119052026,0.2919999999999999
2025,11,ROU.4.54_1,0.04581428987514457,0.31500000000000006
2025,11,ROU.4.55_1,0.04461553550165871,0.2869999999999999
2025,11,ROU.4.56_1,0.03915222580685154,0.19599999999999995
2025,11,ROU.4.57_1,0.043735613725489,0.269
2025,11,ROU.4.58_1,0.04466184267754451,0.28800000000000003
2025,11,ROU.4.59_1,0.04342221915101733,0.263
2025,11,ROU.4.5_1,0.04200165089770341,0.238
2025,11,ROU.4.60_1,0.04479917422492878,0.2909999999999999
2025,11,ROU.4.61_1,0.04187965327748944,0.236
2025,11,ROU.4.62_1,0.044427634702780626,0.2829999999999999
2025,11,ROU.4.63_1,0.04479917422492878,0.2909999999999999
2025,11,ROU.4.64_1,0.04336898152187278,0.262
2025,11,ROU.4.65_1,0.04347516784065807,0.264
2025,11,ROU.4.66_1,0.04388847982885752,0.272
2025,11,ROU.4.67_1,0.04320752428803497,0.259
2025,11,ROU.4.68_1,0.04383780558780022,0.271
2025,11,ROU.4.69_1,0.04247697914036585,0.24599999999999989
2025,11,ROU.4.6_1,0.04298813690453435,0.255
2025,11,ROU.4.70_1,0.04452212120566338,0.28500000000000003
2025,11,ROU.4.71_1,0.04368409413128377,0.268
2025,11,ROU.4.72_1,0.043153120135473684,0.258
2025,11,ROU.4.73_1,0.044427634702780626,0.2829999999999999
2025,11,ROU.4.74_1,0.04078946142947053,0.21899999999999997
2025,11,ROU.4.75_1,0.04092279257964584,0.22099999999999997
2025,11,ROU.4.76_1,0.043261635172466846,0.26
2025,11,ROU.4.77_1,0.043315453887845745,0.261
2025,11,ROU.4.78_1,0.043735613725489,0.269
2025,11,ROU.4.79_1,0.0441866822098382,0.278
2025,11,ROU.4.7_1,0.043735613725489,0.269
2025,11,ROU.4.80_1,0.04378685054716181,0.27
2025,11,ROU.4.81_1,0.04461553550165871,0.2869999999999999
2025,11,ROU.4.82_1,0.04493413776069529,0.29400000000000004
2025,11,ROU.4.83_1,0.04466184267754451,0.28800000000000003
2025,11,ROU.4.84_1,0.04456896195634114,0.28600000000000003
2025,11,ROU.4.85_1,0.045197045279087404,0.30000000000000004
2025,11,ROU.4.86_1,0.045282623422316266,0.30200000000000005
2025,11,ROU.4.87_1,0.04206217012242035,0.23899999999999988
2025,11,ROU.4.8_1,0.04287666106815927,0.253
2025,11,ROU.4.9_1,0.042707193501211126,0.25
2025,11,ROU.40.10_1,0.042820473570468434,0.252
2025,11,ROU.40.11_1,0.045695339975136744,0.31200000000000006
2025,11,ROU.40.12_1,0.045450728138743166,0.30600000000000005
2025,11,ROU.40.13_1,0.045614801468342216,0.31000000000000005
2025,11,ROU.40.14_1,0.042241825923508114,0.24199999999999988
2025,11,ROU.40.15_1,0.04393887424186332,0.273
2025,11,ROU.40.16_1,0.04206217012242035,0.23899999999999988
2025,11,ROU.40.17_1,0.045931025715348975,0.31800000000000006
2025,11,ROU.40.18_1,0.045110442250019825,0.29800000000000004
2025,11,ROU.40.19_1,0.045367182479570625,0.30400000000000005
2025,11,ROU.40.1_1,0.045450728138743166,0.30600000000000005
2025,11,ROU.40.20_1,0.04694850038824155,0.347
2025,11,ROU.40.21_1,0.04585344698686476,0.31599999999999995
2025,11,ROU.40.22_1,0.045774886760868244,0.31400000000000006
2025,11,ROU.40.23_1,0.04540908163273409,0.30499999999999994
2025,11,ROU.40.24_1,0.045774886760868244,0.31400000000000006
2025,11,ROU.40.25_1,0.045367182479570625,0.30400000000000005
2025,11,ROU.40.26_1,0.04540908163273409,0.30499999999999994
2025,11,ROU.40.27_1,0.0440883880814995,0.276
2025,11,ROU.40.28_1,0.044753661223654234,0.29000000000000004
2025,11,ROU.40.29_1,0.04608325844466175,0.32200000000000006
2025,11,ROU.40.2_1,0.046720967007268466,0.33999999999999997
2025,11,ROU.40.30_1,0.04581428987514457,0.31500000000000006
2025,11,ROU.40.31_1,0.04276398478000556,0.251
2025,11,ROU.40.32_1,0.04553326597806426,0.30800000000000005
2025,11,ROU.40.33_1,0.045197045279087404,0.30000000000000004
2025,11,ROU.40.34_1,0.045969448573345284,0.31900000000000006
2025,11,ROU.40.35_1,0.04200165089770341,0.238
2025,11,ROU.40.36_1,0.045153872242213455,0.29900000000000004
2025,11,ROU.40.37_1,0.04637615811021295,0.33000000000000007
2025,11,ROU.40.38_1,0.04641169744985238,0.33099999999999996
2025,11,ROU.40.39_1,0.04024205274664436,0.21099999999999997
2025,11,ROU.40.3_1,0.04493413776069529,0.29400000000000004
2025,11,ROU.40.40_1,0.044283879526092584,0.28
2025,11,ROU.40.41_1,0.04479917422492878,0.2909999999999999
2025,11,ROU.40.42_1,0.04553326597806426,0.30800000000000005
2025,11,ROU.40.43_1,0.04619489279993376,0.32499999999999996
2025,11,ROU.40.44_1,0.0441866822098382,0.278
2025,11,ROU.40.45_1,0.04368409413128377,0.268
2025,11,ROU.40.46_1,0.04585344698686476,0.31599999999999995
2025,11,ROU.40.47_1,0.04479917422492878,0.2909999999999999
2025,11,ROU.40.48_1,0.046516897872020804,0.33399999999999996
2025,11,ROU.40.49_1,0.045153872242213455,0.29900000000000004
2025,11,ROU.40.4_1,0.04565519501338059,0.31099999999999994
2025,11,ROU.40.50_1,0.045774886760868244,0.31400000000000006
2025,11,ROU.40.51_1,0.045695339975136744,0.31200000000000006
2025,11,ROU.40.52_1,0.04532502997860004,0.30300000000000005
2025,11,ROU.40.53_1,0.04045000283720392,0.21399999999999997
2025,11,ROU.40.54_1,0.045022808420897016,0.29600000000000004
2025,11,ROU.40.55_1,0.0462316235363915,0.32600000000000007
2025,11,ROU.40.56_1,0.045450728138743166,0.30600000000000005
2025,11,ROU.40.57_1,0.045774886760868244,0.31400000000000006
2025,11,ROU.40.58_1,0.04626811487238125,0.32699999999999996
2025,11,ROU.40.59_1,0.043315453887845745,0.261
2025,11,ROU.40.5_1,0.04493413776069529,0.29400000000000004
2025,11,ROU.40.60_1,0.04626811487238125,0.32699999999999996
2025,11,ROU.40.61_1,0.04600762791136711,0.31999999999999995
2025,11,ROU.40.62_1,0.04403882742093296,0.275
2025,11,ROU.40.63_1,0.04447501240536936,0.28400000000000003
2025,11,ROU.40.64_1,0.045282623422316266,0.30200000000000005
2025,11,ROU.40.65_1,0.04247697914036585,0.24599999999999989
2025,11,ROU.40.66_1,0.044844424119052026,0.2919999999999999
2025,11,ROU.40.67_1,0.045022808420897016,0.29600000000000004
2025,11,ROU.40.68_1,0.04600762791136711,0.31999999999999995
2025,11,ROU.40.69_1,0.045197045279087404,0.30000000000000004
2025,11,ROU.40.6_1,0.044707884311692536,0.28900000000000003
2025,11,ROU.40.70_1,0.04493413776069529,0.29400000000000004
2025,11,ROU.40.71_1,0.04626811487238125,0.32699999999999996
2025,11,ROU.40.72_1,0.04447501240536936,0.28400000000000003
2025,11,ROU.40.73_1,0.04493413776069529,0.29400000000000004
2025,11,ROU.40.74_1,0.045282623422316266,0.30200000000000005
2025,11,ROU.40.75_1,0.04707347975915941,0.351
2025,11,ROU.40.76_1,0.045367182479570625,0.30400000000000005
2025,11,ROU.40.77_1,0.04585344698686476,0.31599999999999995
2025,11,ROU.40.78_1,0.045695339975136744,0.31200000000000006
2025,11,ROU.40.79_1,0.044753661223654234,0.29000000000000004
2025,11,ROU.40.7_1,0.043315453887845745,0.261
2025,11,ROU.40.80_1,0.04131455432928723,0.22699999999999998
2025,11,ROU.40.81_1,0.04565519501338059,0.31099999999999994
2025,11,ROU.40.82_1,0.04553326597806426,0.30800000000000005
2025,11,ROU.40.83_1,0.04704257621690377,0.35
2025,11,ROU.40.84_1,0.0392275588338907,0.19700000000000006
2025,11,ROU.40.85_1,0.04553326597806426,0.30800000000000005
2025,11,ROU.40.8_1,0.043735613725489,0.269
2025,11,ROU.40.9_1,0.04112020456396412,0.22399999999999998
2025,11,ROU.41.10_1,0.04600762791136711,0.31999999999999995
2025,11,ROU.41.11_1,0.045110442250019825,0.29800000000000004
2025,11,ROU.41.12_1,0.04433206913731389,0.281
2025,11,ROU.41.13_1,0.0440883880814995,0.276
2025,11,ROU.41.14_1,0.04437998723670003,0.28200000000000003
2025,11,ROU.41.15_1,0.044844424119052026,0.2919999999999999
2025,11,ROU.41.16_1,0.045153872242213455,0.29900000000000004
2025,11,ROU.41.17_1,0.04553326597806426,0.30800000000000005
2025,11,ROU.41.18_1,0.04573523700820659,0.31299999999999994
2025,11,ROU.41.19_1,0.043988989788542626,0.274
2025,11,ROU.41.1_1,0.04497860307625147,0.29499999999999993
2025,11,ROU.41.20_1,0.04626811487238125,0.32699999999999996
2025,11,ROU.41.21_1,0.043527828645221735,0.265
2025,11,ROU.41.22_1,0.04383780558780022,0.271
2025,11,ROU.41.23_1,0.04549212269146771,0.30699999999999994
2025,11,ROU.41.24_1,0.0441866822098382,0.278
2025,11,ROU.41.25_1,0.04608325844466175,0.32200000000000006
2025,11,ROU.41.26_1,0.04704257621690377,0.35
2025,11,ROU.41.27_1,0.04641169744985238,0.33099999999999996
2025,11,ROU.41.28_1,0.04608325844466175,0.32200000000000006
2025,11,ROU.41.29_1,0.04298813690453435,0.255
2025,11,ROU.41.2_1,0.04393887424186332,0.273
2025,11,ROU.41.30_1,0.04532502997860004,0.30300000000000005
2025,11,ROU.41.31_1,0.04585344698686476,0.31599999999999995
2025,11,ROU.41.32_1,0.0441866822098382,0.278
2025,11,ROU.41.33_1,0.045774886760868244,0.31400000000000006
2025,11,ROU.41.34_1,0.04585344698686476,0.31599999999999995
2025,11,ROU.41.35_1,0.046720967007268466,0.33999999999999997
2025,11,ROU.41.36_1,0.045695339975136744,0.31200000000000006
2025,11,ROU.41.37_1,0.045367182479570625,0.30400000000000005
2025,11,ROU.41.38_1,0.0466875383137864,0.33899999999999997
2025,11,ROU.41.39_1,0.045282623422316266,0.30200000000000005
2025,11,ROU.41.3_1,0.045574158679044414,0.30899999999999994
2025,11,ROU.41.40_1,0.04461553550165871,0.2869999999999999
2025,11,ROU.41.41_1,0.0466875383137864,0.33899999999999997
2025,11,ROU.41.42_1,0.04600762791136711,0.31999999999999995
2025,11,ROU.41.43_1,0.04479917422492878,0.2909999999999999
2025,11,ROU.41.44_1,0.04641169744985238,0.33099999999999996
2025,11,ROU.41.45_1,0.04704257621690377,0.35
2025,11,ROU.41.46_1,0.04447501240536936,0.28400000000000003
2025,11,ROU.41.47_1,0.044707884311692536,0.28900000000000003
2025,11,ROU.41.48_1,0.04493413776069529,0.29400000000000004
2025,11,ROU.41.49_1,0.04612071083397134,0.32300000000000006
2025,11,ROU.41.4_1,0.04497860307625147,0.29499999999999993
2025,11,ROU.41.50_1,0.04615792209149038,0.32399999999999995
2025,11,ROU.41.51_1,0.045110442250019825,0.29800000000000004
2025,11,ROU.41.52_1,0.04358020260831933,0.266
2025,11,ROU.41.53_1,0.045066754559637344,0.29699999999999993
2025,11,ROU.41.54_1,0.04437998723670003,0.28200000000000003
2025,11,ROU.41.55_1,0.045774886760868244,0.31400000000000006
2025,11,ROU.41.56_1,0.04626811487238125,0.32699999999999996
2025,11,ROU.41.57_1,0.04619489279993376,0.32499999999999996
2025,11,ROU.41.58_1,0.046720967007268466,0.33999999999999997
2025,11,ROU.41.59_1,0.045969448573345284,0.31900000000000006
2025,11,ROU.41.5_1,0.045450728138743166,0.30600000000000005
2025,11,ROU.41.60_1,0.04685236712767099,0.344
2025,11,ROU.41.61_1,0.045110442250019825,0.29800000000000004
2025,11,ROU.41.62_1,0.04630436737389991,0.32800000000000007
2025,11,ROU.41.63_1,0.046516897872020804,0.33399999999999996
2025,11,ROU.41.64_1,0.04466184267754451,0.28800000000000003
2025,11,ROU.41.65_1,0.04685236712767099,0.344
2025,11,ROU.41.66_1,0.046619983057431764,0.3370000000000001
2025,11,ROU.41.67_1,0.04688464092705593,0.345
2025,11,ROU.41.68_1,0.045931025715348975,0.31800000000000006
2025,11,ROU.41.69_1,0.04612071083397134,0.32300000000000006
2025,11,ROU.41.6_1,0.045614801468342216,0.31000000000000005
2025,11,ROU.41.70_1,0.04641169744985238,0.33099999999999996
2025,11,ROU.41.71_1,0.045153872242213455,0.29900000000000004
2025,11,ROU.41.72_1,0.04626811487238125,0.32699999999999996
2025,11,ROU.41.73_1,0.04691668519057854,0.346
2025,11,ROU.41.74_1,0.045695339975136744,0.31200000000000006
2025,11,ROU.41.75_1,0.04479917422492878,0.2909999999999999
2025,11,ROU.41.7_1,0.04540908163273409,0.30499999999999994
2025,11,ROU.41.8_1,0.048842194078468196,0.43100000000000005
2025,11,ROU.41.9_1,0.045931025715348975,0.31800000000000006
2025,11,ROU.42.10_1,0.043527828645221735,0.265
2025,11,ROU.42.11_1,0.04585344698686476,0.31599999999999995
2025,11,ROU.42.12_1,0.045110442250019825,0.29800000000000004
2025,11,ROU.42.13_1,0.04912270434000065,0.45600000000000007
2025,11,ROU.42.14_1,0.045695339975136744,0.31200000000000006
2025,11,ROU.42.15_1,0.04200165089770341,0.238
2025,11,ROU.42.16_1,0.04681986331775376,0.34299999999999997
2025,11,ROU.42.17_1,0.04437998723670003,0.28200000000000003
2025,11,ROU.42.18_1,0.04378685054716181,0.27
2025,11,ROU.42.19_1,0.04890837048251516,0.43599999999999994
2025,11,ROU.42.1_1,0.045774886760868244,0.31400000000000006
2025,11,ROU.42.20_1,0.04585344698686476,0.31599999999999995
2025,11,ROU.42.21_1,0.04604556433516866,0.32100000000000006
2025,11,ROU.42.22_1,0.04889554025720297,0.43500000000000005
2025,11,ROU.42.23_1,0.04368409413128377,0.268
2025,11,ROU.42.24_1,0.045367182479570625,0.30400000000000005
2025,11,ROU.42.25_1,0.045153872242213455,0.29900000000000004
2025,11,ROU.42.26_1,0.04393887424186332,0.273
2025,11,ROU.42.27_1,0.042707193501211126,0.25
2025,11,ROU.42.28_1,0.04924730164269793,0.474
2025,11,ROU.42.29_1,0.04452212120566338,0.28500000000000003
2025,11,ROU.42.2_1,0.04347516784065807,0.264
2025,11,ROU.42.30_1,0.04383780558780022,0.271
2025,11,ROU.42.31_1,0.045450728138743166,0.30600000000000005
2025,11,ROU.42.32_1,0.045282623422316266,0.30200000000000005
2025,11,ROU.42.33_1,0.046551493926931094,0.33499999999999996
2025,11,ROU.42.34_1,0.04403882742093296,0.275
2025,11,ROU.42.35_1,0.04200165089770341,0.238
2025,11,ROU.42.36_1,0.041378664568624164,0.2280000000000001
2025,11,ROU.42.37_1,0.04691668519057854,0.346
2025,11,ROU.42.38_1,0.04187965327748944,0.236
2025,11,ROU.42.39_1,0.0462316235363915,0.32600000000000007
2025,11,ROU.42.3_1,0.0464820667942262,0.3330000000000001
2025,11,ROU.42.40_1,0.04437998723670003,0.28200000000000003
2025,11,ROU.42.41_1,0.044283879526092584,0.28
2025,11,ROU.42.42_1,0.044844424119052026,0.2919999999999999
2025,11,ROU.42.43_1,0.043261635172466846,0.26
2025,11,ROU.42.44_1,0.043315453887845745,0.261
2025,11,ROU.42.45_1,0.045282623422316266,0.30200000000000005
2025,11,ROU.42.46_1,0.04523996209628829,0.30100000000000005
2025,11,ROU.42.47_1,0.045197045279087404,0.30000000000000004
2025,11,ROU.42.48_1,0.04600762791136711,0.31999999999999995
2025,11,ROU.42.49_1,0.04882835038466338,0.42999999999999994
2025,11,ROU.42.4_1,0.0415689980366121,0.23099999999999998
2025,11,ROU.42.50_1,0.044707884311692536,0.28900000000000003
2025,11,ROU.42.51_1,0.047194830489016126,0.355
2025,11,ROU.42.52_1,0.045614801468342216,0.31000000000000005
2025,11,ROU.42.53_1,0.04637615811021295,0.33000000000000007
2025,11,ROU.42.54_1,0.04644700016480913,0.3320000000000001
2025,11,ROU.42.55_1,0.044844424119052026,0.2919999999999999
2025,11,ROU.42.56_1,0.041185325910782805,0.2250000000000001
2025,11,ROU.42.57_1,0.04585344698686476,0.31599999999999995
2025,11,ROU.42.58_1,0.0436322907628802,0.267
2025,11,ROU.42.59_1,0.04549212269146771,0.30699999999999994
2025,11,ROU.42.5_1,0.04634038160147463,0.32900000000000007
2025,11,ROU.42.60_1,0.04479917422492878,0.2909999999999999
2025,11,ROU.42.61_1,0.043527828645221735,0.265
2025,11,ROU.42.62_1,0.04276398478000556,0.251
2025,11,ROU.42.63_1,0.043735613725489,0.269
2025,11,ROU.42.64_1,0.0464820667942262,0.3330000000000001
2025,11,ROU.42.6_1,0.043527828645221735,0.265
2025,11,ROU.42.7_1,0.04698008698541929,0.348
2025,11,ROU.42.8_1,0.04581428987514457,0.31500000000000006
2025,11,ROU.42.9_1,0.04892099850254638,0.43699999999999994
2025,11,ROU.5.10_1,0.04823546382478605,0.3959999999999999
2025,11,ROU.5.11_1,0.043261635172466846,0.26
2025,11,ROU.5.12_1,0.04287666106815927,0.253
2025,11,ROU.5.13_1,0.0441376727032484,0.277
2025,11,ROU.5.14_1,0.04265009852573865,0.249
2025,11,ROU.5.15_1,0.04342221915101733,0.263
2025,11,ROU.5.16_1,0.03892385253856027,0.19300000000000006
2025,11,ROU.5.17_1,0.043735613725489,0.269
2025,11,ROU.5.18_1,0.04045000283720392,0.21399999999999997
2025,11,ROU.5.19_1,0.04212237146341945,0.24
2025,11,ROU.5.1_1,0.043261635172466846,0.26
2025,11,ROU.5.20_1,0.04212237146341945,0.24
2025,11,ROU.5.21_1,0.04247697914036585,0.24599999999999989
2025,11,ROU.5.22_1,0.043527828645221735,0.265
2025,11,ROU.5.23_1,0.044283879526092584,0.28
2025,11,ROU.5.24_1,0.04368409413128377,0.268
2025,11,ROU.5.25_1,0.04368409413128377,0.268
2025,11,ROU.5.26_1,0.04585344698686476,0.31599999999999995
2025,11,ROU.5.27_1,0.04433206913731389,0.281
2025,11,ROU.5.28_1,0.0440883880814995,0.276
2025,11,ROU.5.29_1,0.04456896195634114,0.28600000000000003
2025,11,ROU.5.2_1,0.04342221915101733,0.263
2025,11,ROU.5.30_1,0.0441866822098382,0.278
2025,11,ROU.5.31_1,0.043153120135473684,0.258
2025,11,ROU.5.32_1,0.0421822562817251,0.241
2025,11,ROU.5.33_1,0.04194081241318115,0.237
2025,11,ROU.5.34_1,0.04265009852573865,0.249
2025,11,ROU.5.35_1,0.042360024989151694,0.2440000000000001
2025,11,ROU.5.36_1,0.04320752428803497,0.259
2025,11,ROU.5.37_1,0.041694237816008395,0.23299999999999987
2025,11,ROU.5.38_1,0.04293254845601885,0.254
2025,11,ROU.5.39_1,0.04181817208376993,0.23499999999999988
2025,11,ROU.5.3_1,0.04336898152187278,0.262
2025,11,ROU.5.40_1,0.0414424409097459,0.2290000000000001
2025,11,ROU.5.41_1,0.04742675660793199,0.363
2025,11,ROU.5.42_1,0.04347516784065807,0.264
2025,11,ROU.5.43_1,0.043988989788542626,0.274
2025,11,ROU.5.44_1,0.04388847982885752,0.272
2025,11,ROU.5.45_1,0.043735613725489,0.269
2025,11,ROU.5.46_1,0.04393887424186332,0.273
2025,11,ROU.5.47_1,0.0421822562817251,0.241
2025,11,ROU.5.48_1,0.04276398478000556,0.251
2025,11,ROU.5.49_1,0.042707193501211126,0.25
2025,11,ROU.5.4_1,0.04247697914036585,0.24599999999999989
2025,11,ROU.5.50_1,0.043988989788542626,0.274
2025,11,ROU.5.51_1,0.04276398478000556,0.251
2025,11,ROU.5.52_1,0.043315453887845745,0.261
2025,11,ROU.5.53_1,0.04298813690453435,0.255
2025,11,ROU.5.54_1,0.04206217012242035,0.23899999999999988
2025,11,ROU.5.55_1,0.042301081720291366,0.243
2025,11,ROU.5.56_1,0.04716483144562535,0.3540000000000001
2025,11,ROU.5.57_1,0.043261635172466846,0.26
2025,11,ROU.5.58_1,0.03967140451383029,0.20300000000000007
2025,11,ROU.5.59_1,0.044707884311692536,0.28900000000000003
2025,11,ROU.5.5_1,0.04163178184876155,0.23199999999999998
2025,11,ROU.5.60_1,0.043315453887845745,0.261
2025,11,ROU.5.61_1,0.0430984216041852,0.257
2025,11,ROU.5.62_1,0.044283879526092584,0.28
2025,11,ROU.5.63_1,0.043153120135473684,0.258
2025,11,ROU.5.64_1,0.04304342757190176,0.256
2025,11,ROU.5.65_1,0.0430984216041852,0.257
2025,11,ROU.5.66_1,0.04827698930418185,0.398
2025,11,ROU.5.67_1,0.04347516784065807,0.264
2025,11,ROU.5.68_1,0.04831767380824391,0.40000000000000013
2025,11,ROU.5.69_1,0.04368409413128377,0.268
2025,11,ROU.5.6_1,0.047618041971247235,0.37
2025,11,ROU.5.70_1,0.04497860307625147,0.29499999999999993
2025,11,ROU.5.71_1,0.04347516784065807,0.264
2025,11,ROU.5.72_1,0.04423541751568946,0.279
2025,11,ROU.5.73_1,0.04861311893745694,0.4159999999999999
2025,11,ROU.5.74_1,0.04479917422492878,0.2909999999999999
2025,11,ROU.5.75_1,0.04403882742093296,0.275
2025,11,ROU.5.76_1,0.03660880954136339,0.16500000000000004
2025,11,ROU.5.77_1,0.0441866822098382,0.278
2025,11,ROU.5.78_1,0.043261635172466846,0.26
2025,11,ROU.5.79_1,0.04403882742093296,0.275
2025,11,ROU.5.7_1,0.042820473570468434,0.252
2025,11,ROU.5.80_1,0.04212237146341945,0.24
2025,11,ROU.5.81_1,0.043735613725489,0.269
2025,11,ROU.5.82_1,0.04163178184876155,0.23199999999999998
2025,11,ROU.5.83_1,0.04819309519618266,0.39400000000000013
2025,11,ROU.5.84_1,0.043988989788542626,0.274
2025,11,ROU.5.85_1,0.043988989788542626,0.274
2025,11,ROU.5.86_1,0.04358020260831933,0.266
2025,11,ROU.5.87_1,0.04403882742093296,0.275
2025,11,ROU.5.88_1,0.045197045279087404,0.30000000000000004
2025,11,ROU.5.89_1,0.0441376727032484,0.277
2025,11,ROU.5.8_1,0.045022808420897016,0.29600000000000004
2025,11,ROU.5.90_1,0.04336898152187278,0.262
2025,11,ROU.5.91_1,0.0436322907628802,0.267
2025,11,ROU.5.92_1,0.04150588489181781,0.22999999999999987
2025,11,ROU.5.93_1,0.0393770514385934,0.19900000000000007
2025,11,ROU.5.94_1,0.043153120135473684,0.258
2025,11,ROU.5.9_1,0.045153872242213455,0.29900000000000004
2025,11,ROU.6.10_1,0.043261635172466846,0.26
2025,11,ROU.6.11_1,0.0415689980366121,0.23099999999999998
2025,11,ROU.6.12_1,0.04423541751568946,0.279
2025,11,ROU.6.13_1,0.0414424409097459,0.2290000000000001
2025,11,ROU.6.14_1,0.043527828645221735,0.265
2025,11,ROU.6.15_1,0.040172012552874455,0.21000000000000008
2025,11,ROU.6.16_1,0.043153120135473684,0.258
2025,11,ROU.6.17_1,0.0407222738416092,0.21799999999999986
2025,11,ROU.6.18_1,0.04293254845601885,0.254
2025,11,ROU.6.19_1,0.041378664568624164,0.2280000000000001
2025,11,ROU.6.1_1,0.043988989788542626,0.274
2025,11,ROU.6.20_1,0.04175636740944833,0.23399999999999999
2025,11,ROU.6.21_1,0.04131455432928723,0.22699999999999998
2025,11,ROU.6.22_1,0.04078946142947053,0.21899999999999997
2025,11,ROU.6.23_1,0.04003083554183499,0.20800000000000007
2025,11,ROU.6.24_1,0.04287666106815927,0.253
2025,11,ROU.6.25_1,0.0441866822098382,0.278
2025,11,ROU.6.26_1,0.04388847982885752,0.272
2025,11,ROU.6.27_1,0.043261635172466846,0.26
2025,11,ROU.6.28_1,0.042360024989151694,0.2440000000000001
2025,11,ROU.6.29_1,0.042707193501211126,0.25
2025,11,ROU.6.2_1,0.04304342757190176,0.256
2025,11,ROU.6.30_1,0.043261635172466846,0.26
2025,11,ROU.6.31_1,0.04336898152187278,0.262
2025,11,ROU.6.32_1,0.04010160745971264,0.20900000000000007
2025,11,ROU.6.33_1,0.04200165089770341,0.238
2025,11,ROU.6.34_1,0.04194081241318115,0.237
2025,11,ROU.6.35_1,0.0407222738416092,0.21799999999999986
2025,11,ROU.6.36_1,0.04298813690453435,0.255
2025,11,ROU.6.37_1,0.03821680598848177,0.18399999999999994
2025,11,ROU.6.38_1,0.039816299228720445,0.20499999999999996
2025,11,ROU.6.39_1,0.04298813690453435,0.255
2025,11,ROU.6.3_1,0.03884692896597934,0.19199999999999995
2025,11,ROU.6.40_1,0.04003083554183499,0.20800000000000007
2025,11,ROU.6.41_1,0.0440883880814995,0.276
2025,11,ROU.6.42_1,0.03915222580685154,0.19599999999999995
2025,11,ROU.6.43_1,0.040988939538025564,0.22199999999999998
2025,11,ROU.6.44_1,0.04175636740944833,0.23399999999999999
2025,11,ROU.6.45_1,0.043261635172466846,0.26
2025,11,ROU.6.46_1,0.0441376727032484,0.277
2025,11,ROU.6.47_1,0.042360024989151694,0.2440000000000001
2025,11,ROU.6.48_1,0.0436322907628802,0.267
2025,11,ROU.6.49_1,0.04320752428803497,0.259
2025,11,ROU.6.4_1,0.04393887424186332,0.273
2025,11,ROU.6.50_1,0.04342221915101733,0.263
2025,11,ROU.6.51_1,0.04024205274664436,0.21099999999999997
2025,11,ROU.6.52_1,0.04466184267754451,0.28800000000000003
2025,11,ROU.6.53_1,0.03853517503352878,0.18800000000000006
2025,11,ROU.6.54_1,0.040311729943021436,0.21199999999999997
2025,11,ROU.6.55_1,0.04358020260831933,0.266
2025,11,ROU.6.56_1,0.042241825923508114,0.24199999999999988
2025,11,ROU.6.57_1,0.04181817208376993,0.23499999999999988
2025,11,ROU.6.5_1,0.043315453887845745,0.261
2025,11,ROU.6.6_1,0.04433206913731389,0.281
2025,11,ROU.6.7_1,0.042820473570468434,0.252
2025,11,ROU.6.8_1,0.043315453887845745,0.261
2025,11,ROU.6.9_1,0.04298813690453435,0.255
2025,11,ROU.7.10_1,0.04479917422492878,0.2909999999999999
2025,11,ROU.7.11_1,0.045282623422316266,0.30200000000000005
2025,11,ROU.7.12_1,0.04608325844466175,0.32200000000000006
2025,11,ROU.7.13_1,0.04293254845601885,0.254
2025,11,ROU.7.14_1,0.045197045279087404,0.30000000000000004
2025,11,ROU.7.15_1,0.04393887424186332,0.273
2025,11,ROU.7.16_1,0.043735613725489,0.269
2025,11,ROU.7.17_1,0.04358020260831933,0.266
2025,11,ROU.7.18_1,0.04461553550165871,0.2869999999999999
2025,11,ROU.7.19_1,0.045197045279087404,0.30000000000000004
2025,11,ROU.7.1_1,0.04493413776069529,0.29400000000000004
2025,11,ROU.7.20_1,0.04320752428803497,0.259
2025,11,ROU.7.21_1,0.044707884311692536,0.28900000000000003
2025,11,ROU.7.22_1,0.04573523700820659,0.31299999999999994
2025,11,ROU.7.23_1,0.04841571960633198,0.405
2025,11,ROU.7.24_1,0.04845347708103587,0.40700000000000003
2025,11,ROU.7.25_1,0.045066754559637344,0.29699999999999993
2025,11,ROU.7.26_1,0.04479917422492878,0.2909999999999999
2025,11,ROU.7.27_1,0.04347516784065807,0.264
2025,11,ROU.7.28_1,0.043988989788542626,0.274
2025,11,ROU.7.29_1,0.04497860307625147,0.29499999999999993
2025,11,ROU.7.2_1,0.045153872242213455,0.29900000000000004
2025,11,ROU.7.30_1,0.04447501240536936,0.28400000000000003
2025,11,ROU.7.31_1,0.04247697914036585,0.24599999999999989
2025,11,ROU.7.32_1,0.04852649847216737,0.4109999999999999
2025,11,ROU.7.33_1,0.0436322907628802,0.267
2025,11,ROU.7.34_1,0.04466184267754451,0.28800000000000003
2025,11,ROU.7.35_1,0.04461553550165871,0.2869999999999999
2025,11,ROU.7.36_1,0.0436322907628802,0.267
2025,11,ROU.7.37_1,0.04461553550165871,0.2869999999999999
2025,11,ROU.7.38_1,0.04497860307625147,0.29499999999999993
2025,11,ROU.7.39_1,0.04336898152187278,0.262
2025,11,ROU.7.3_1,0.04488941170168404,0.2929999999999999
2025,11,ROU.7.40_1,0.04849040273668494,0.40900000000000003
2025,11,ROU.7.41_1,0.044844424119052026,0.2919999999999999
2025,11,ROU.7.42_1,0.044753661223654234,0.29000000000000004
2025,11,ROU.7.43_1,0.04619489279993376,0.32499999999999996
2025,11,ROU.7.44_1,0.04320752428803497,0.259
2025,11,ROU.7.45_1,0.043261635172466846,0.26
2025,11,ROU.7.46_1,0.04630436737389991,0.32800000000000007
2025,11,ROU.7.47_1,0.048842194078468196,0.43100000000000005
2025,11,ROU.7.48_1,0.04383780558780022,0.271
2025,11,ROU.7.49_1,0.045450728138743166,0.30600000000000005
2025,11,ROU.7.4_1,0.04675416374406932,0.34099999999999997
2025,11,ROU.7.50_1,0.045153872242213455,0.29900000000000004
2025,11,ROU.7.51_1,0.048256331821059255,0.3969999999999999
2025,11,ROU.7.52_1,0.04581428987514457,0.31500000000000006
2025,11,ROU.7.53_1,0.04532502997860004,0.30300000000000005
2025,11,ROU.7.54_1,0.04862982442554048,0.41700000000000004
2025,11,ROU.7.55_1,0.04293254845601885,0.254
2025,11,ROU.7.56_1,0.04573523700820659,0.31299999999999994
2025,11,ROU.7.57_1,0.044844424119052026,0.2919999999999999
2025,11,ROU.7.58_1,0.047968525063499766,0.384
2025,11,ROU.7.59_1,0.043527828645221735,0.265
2025,11,ROU.7.5_1,0.04336898152187278,0.262
2025,11,ROU.7.60_1,0.043153120135473684,0.258
2025,11,ROU.7.61_1,0.044707884311692536,0.28900000000000003
2025,11,ROU.7.62_1,0.04383780558780022,0.271
2025,11,ROU.7.63_1,0.043261635172466846,0.26
2025,11,ROU.7.64_1,0.045931025715348975,0.31800000000000006
2025,11,ROU.7.65_1,0.04479917422492878,0.2909999999999999
2025,11,ROU.7.66_1,0.043315453887845745,0.261
2025,11,ROU.7.67_1,0.043315453887845745,0.261
2025,11,ROU.7.68_1,0.044707884311692536,0.28900000000000003
2025,11,ROU.7.69_1,0.04479917422492878,0.2909999999999999
2025,11,ROU.7.6_1,0.04782351451989156,0.3780000000000001
2025,11,ROU.7.70_1,0.045153872242213455,0.29900000000000004
2025,11,ROU.7.71_1,0.045022808420897016,0.29600000000000004
2025,11,ROU.7.72_1,0.0430984216041852,0.257
2025,11,ROU.7.7_1,0.04320752428803497,0.259
2025,11,ROU.7.8_1,0.045153872242213455,0.29900000000000004
2025,11,ROU.7.9_1,0.04540908163273409,0.30499999999999994
2025,11,ROU.8.10_1,0.04304342757190176,0.256
2025,11,ROU.8.11_1,0.042301081720291366,0.243
2025,11,ROU.8.12_1,0.04342221915101733,0.263
2025,11,ROU.8.13_1,0.042418657032918014,0.245
2025,11,ROU.8.14_1,0.04608325844466175,0.32200000000000006
2025,11,ROU.8.15_1,0.0414424409097459,0.2290000000000001
2025,11,ROU.8.16_1,0.04163178184876155,0.23199999999999998
2025,11,ROU.8.17_1,0.04829743654427203,0.399
2025,11,ROU.8.18_1,0.04336898152187278,0.262
2025,11,ROU.8.19_1,0.04456896195634114,0.28600000000000003
2025,11,ROU.8.1_1,0.04194081241318115,0.237
2025,11,ROU.8.20_1,0.04131455432928723,0.22699999999999998
2025,11,ROU.8.21_1,0.04212237146341945,0.24
2025,11,ROU.8.22_1,0.04163178184876155,0.23199999999999998
2025,11,ROU.8.23_1,0.04347516784065807,0.264
2025,11,ROU.8.24_1,0.03974404027870705,0.20399999999999985
2025,11,ROU.8.25_1,0.043988989788542626,0.274
2025,11,ROU.8.26_1,0.04488941170168404,0.2929999999999999
2025,11,ROU.8.27_1,0.040988939538025564,0.22199999999999998
2025,11,ROU.8.28_1,0.043315453887845745,0.261
2025,11,ROU.8.29_1,0.04298813690453435,0.255
2025,11,ROU.8.2_1,0.04615792209149038,0.32399999999999995
2025,11,ROU.8.30_1,0.04336898152187278,0.262
2025,11,ROU.8.31_1,0.04265009852573865,0.249
2025,11,ROU.8.32_1,0.04437998723670003,0.28200000000000003
2025,11,ROU.8.33_1,0.043261635172466846,0.26
2025,11,ROU.8.34_1,0.04336898152187278,0.262
2025,11,ROU.8.35_1,0.0407222738416092,0.21799999999999986
2025,11,ROU.8.36_1,0.04433206913731389,0.281
2025,11,ROU.8.37_1,0.04194081241318115,0.237
2025,11,ROU.8.38_1,0.04479917422492878,0.2909999999999999
2025,11,ROU.8.39_1,0.0436322907628802,0.267
2025,11,ROU.8.3_1,0.04320752428803497,0.259
2025,11,ROU.8.40_1,0.04347516784065807,0.264
2025,11,ROU.8.41_1,0.04383780558780022,0.271
2025,11,ROU.8.42_1,0.04187965327748944,0.236
2025,11,ROU.8.43_1,0.043315453887845745,0.261
2025,11,ROU.8.44_1,0.04368409413128377,0.268
2025,11,ROU.8.45_1,0.04181817208376993,0.23499999999999988
2025,11,ROU.8.46_1,0.04287666106815927,0.253
2025,11,ROU.8.47_1,0.04200165089770341,0.238
2025,11,ROU.8.49_1,0.04150588489181781,0.22999999999999987
2025,11,ROU.8.4_1,0.042592698632283446,0.2480000000000001
2025,11,ROU.8.50_1,0.04194081241318115,0.237
2025,11,ROU.8.51_1,0.042418657032918014,0.245
2025,11,ROU.8.52_1,0.04085630043948545,0.21999999999999997
2025,11,ROU.8.5_1,0.04728347907869092,0.3579999999999999
2025,11,ROU.8.6_1,0.0421822562817251,0.241
2025,11,ROU.8.7_1,0.04212237146341945,0.24
2025,11,ROU.8.8_1,0.0414424409097459,0.2290000000000001
2025,11,ROU.8.9_1,0.042241825923508114,0.24199999999999988
2025,11,ROU.9.10_1,0.04734145855537475,0.36
2025,11,ROU.9.11_1,0.049014761501561505,0.44500000000000006
2025,11,ROU.9.12_1,0.04929734837211439,0.487
2025,11,ROU.9.13_1,0.04737011365684981,0.361
2025,11,ROU.9.14_1,0.04728347907869092,0.3579999999999999
2025,11,ROU.9.15_1,0.047482512537913336,0.365
2025,11,ROU.9.16_1,0.047312580498823385,0.359
2025,11,ROU.9.17_1,0.046720967007268466,0.33999999999999997
2025,11,ROU.9.18_1,0.047312580498823385,0.359
2025,11,ROU.9.19_1,0.04767071749009322,0.372
2025,11,ROU.9.1_1,0.04919987321002361,0.46599999999999997
2025,11,ROU.9.20_1,0.047644489094625424,0.371
2025,11,ROU.9.21_1,0.0491138914673261,0.45500000000000007
2025,11,ROU.9.22_1,0.04691668519057854,0.346
2025,11,ROU.9.23_1,0.0466875383137864,0.33899999999999997
2025,11,ROU.9.24_1,0.04789698859334505,0.381
2025,11,ROU.9.25_1,0.04789698859334505,0.381
2025,11,ROU.9.26_1,0.04916377721482547,0.46099999999999997
2025,11,ROU.9.27_1,0.04681986331775376,0.34299999999999997
2025,11,ROU.9.28_1,0.04630436737389991,0.32800000000000007
2025,11,ROU.9.29_1,0.047194830489016126,0.355
2025,11,ROU.9.2_1,0.04734145855537475,0.36
2025,11,ROU.9.30_1,0.049036190542261444,0.44700000000000006
2025,11,ROU.9.31_1,0.0466875383137864,0.33899999999999997
2025,11,ROU.9.32_1,0.046516897872020804,0.33399999999999996
2025,11,ROU.9.33_1,0.04814988119262943,0.392
2025,11,ROU.9.34_1,0.049257176818082164,0.476
2025,11,ROU.9.35_1,0.04923663422865001,0.472
2025,11,ROU.9.36_1,0.04931362481478267,0.498
2025,11,ROU.9.37_1,0.04739854620761542,0.362
2025,11,ROU.9.38_1,0.04930770673000915,0.492
2025,11,ROU.9.39_1,0.04688464092705593,0.345
2025,11,ROU.9.3_1,0.04928205348369894,0.482
2025,11,ROU.9.40_1,0.0477734509529057,0.376
2025,11,ROU.9.41_1,0.046551493926931094,0.33499999999999996
2025,11,ROU.9.42_1,0.049291823024524936,0.485
2025,11,ROU.9.43_1,0.047872712960503876,0.38
2025,11,ROU.9.4_1,0.04896949162091332,0.44099999999999995
2025,11,ROU.9.5_1,0.047696727518485575,0.373
2025,11,ROU.9.6_1,0.04931362481478267,0.502
2025,11,ROU.9.7_1,0.04794489432249727,0.383
2025,11,ROU.9.8_1,0.04745474525398454,0.364
2025,11,ROU.9.9_1,0.047011445442896045,0.349
2025,11,SRB.1.1_1,0.04247697914036585,0.24599999999999989
2025,11,SRB.1.2_1,0.04358020260831933,0.266
2025,11,SRB.1.3_1,0.042418657032918014,0.245
2025,11,SRB.1.4_1,0.044427634702780626,0.2829999999999999
2025,11,SRB.10.1_1,0.04276398478000556,0.251
2025,11,SRB.10.2_1,0.04298813690453435,0.255
2025,11,SRB.10.3_1,0.042301081720291366,0.243
2025,11,SRB.10.4_1,0.042418657032918014,0.245
2025,11,SRB.10.5_1,0.04694850038824155,0.347
2025,11,SRB.10.6_1,0.043315453887845745,0.261
2025,11,SRB.10.7_1,0.040988939538025564,0.22199999999999998
2025,11,SRB.11.1_1,0.04150588489181781,0.22999999999999987
2025,11,SRB.11.2_1,0.04336898152187278,0.262
2025,11,SRB.11.3_1,0.04358020260831933,0.266
2025,11,SRB.11.4_1,0.04125010863491782,0.22599999999999998
2025,11,SRB.11.5_1,0.039959694850211,0.20699999999999996
2025,11,SRB.11.6_1,0.0436322907628802,0.267
2025,11,SRB.11.7_1,0.0421822562817251,0.241
2025,11,SRB.12.1_1,0.04078946142947053,0.21899999999999997
2025,11,SRB.12.2_1,0.04187965327748944,0.236
2025,11,SRB.12.3_1,0.042360024989151694,0.2440000000000001
2025,11,SRB.12.4_1,0.04247697914036585,0.24599999999999989
2025,11,SRB.13.1_1,0.047194830489016126,0.355
2025,11,SRB.13.2_1,0.045153872242213455,0.29900000000000004
2025,11,SRB.13.3_1,0.04497860307625147,0.29499999999999993
2025,11,SRB.14.1_1,0.04393887424186332,0.273
2025,11,SRB.14.2_1,0.04051860222570782,0.21499999999999997
2025,11,SRB.14.3_1,0.044753661223654234,0.29000000000000004
2025,11,SRB.14.4_1,0.04347516784065807,0.264
2025,11,SRB.14.5_1,0.04342221915101733,0.263
2025,11,SRB.14.6_1,0.045110442250019825,0.29800000000000004
2025,11,SRB.15.1_1,0.04105474298308412,0.22299999999999998
2025,11,SRB.15.2_1,0.04051860222570782,0.21499999999999997
2025,11,SRB.15.3_1,0.04378685054716181,0.27
2025,11,SRB.15.4_1,0.04634038160147463,0.32900000000000007
2025,11,SRB.15.5_1,0.043153120135473684,0.258
2025,11,SRB.15.6_1,0.04403882742093296,0.275
2025,11,SRB.16.1_1,0.04388847982885752,0.272
2025,11,SRB.16.2_1,0.04024205274664436,0.21099999999999997
2025,11,SRB.16.3_1,0.040586845998924884,0.21599999999999986
2025,11,SRB.16.4_1,0.039451215462812286,0.19999999999999996
2025,11,SRB.16.5_1,0.041378664568624164,0.2280000000000001
2025,11,SRB.17.1_1,0.043735613725489,0.269
2025,11,SRB.17.2_1,0.04423541751568946,0.279
2025,11,SRB.17.3_1,0.04589235872572516,0.31700000000000006
2025,11,SRB.18.1_1,0.045022808420897016,0.29600000000000004
2025,11,SRB.18.2_1,0.043315453887845745,0.261
2025,11,SRB.18.3_1,0.04206217012242035,0.23899999999999988
2025,11,SRB.18.4_1,0.04433206913731389,0.281
2025,11,SRB.18.5_1,0.042360024989151694,0.2440000000000001
2025,11,SRB.18.6_1,0.04589235872572516,0.31700000000000006
2025,11,SRB.19.1_1,0.04532502997860004,0.30300000000000005
2025,11,SRB.19.2_1,0.0436322907628802,0.267
2025,11,SRB.19.3_1,0.043153120135473684,0.258
2025,11,SRB.19.4_1,0.0440883880814995,0.276
2025,11,SRB.19.5_1,0.04304342757190176,0.256
2025,11,SRB.2.1_1,0.044753661223654234,0.29000000000000004
2025,11,SRB.2.2_1,0.0440883880814995,0.276
2025,11,SRB.2.3_1,0.04447501240536936,0.28400000000000003
2025,11,SRB.2.4_1,0.04298813690453435,0.255
2025,11,SRB.2.5_1,0.04549212269146771,0.30699999999999994
2025,11,SRB.2.6_1,0.045282623422316266,0.30200000000000005
2025,11,SRB.2.7_1,0.045774886760868244,0.31400000000000006
2025,11,SRB.2.8_1,0.042301081720291366,0.243
2025,11,SRB.20.1_1,0.025330130546950973,0.07099999999999995
2025,11,SRB.20.2_1,0.025656753037388742,0.07299999999999995
2025,11,SRB.20.3_1,0.02482920471604905,0.06799999999999995
2025,11,SRB.20.4_1,0.031224926759328524,0.11299999999999999
2025,11,SRB.20.5_1,0.027060054285653824,0.08199999999999996
2025,11,SRB.20.6_1,0.028083717034372242,0.08899999999999997
2025,11,SRB.20.7_1,0.029978868048214594,0.10299999999999998
2025,11,SRB.21.1_1,0.045282623422316266,0.30200000000000005
2025,11,SRB.21.2_1,0.044427634702780626,0.2829999999999999
2025,11,SRB.21.3_1,0.04131455432928723,0.22699999999999998
2025,11,SRB.21.4_1,0.04493413776069529,0.29400000000000004
2025,11,SRB.21.5_1,0.04532502997860004,0.30300000000000005
2025,11,SRB.21.6_1,0.04247697914036585,0.24599999999999989
2025,11,SRB.21.7_1,0.04388847982885752,0.272
2025,11,SRB.22.1_1,0.043315453887845745,0.261
2025,11,SRB.22.2_1,0.04125010863491782,0.22599999999999998
2025,11,SRB.22.3_1,0.043153120135473684,0.258
2025,11,SRB.22.4_1,0.0441376727032484,0.277
2025,11,SRB.23.1_1,0.04265009852573865,0.249
2025,11,SRB.23.2_1,0.04194081241318115,0.237
2025,11,SRB.23.3_1,0.04320752428803497,0.259
2025,11,SRB.23.4_1,0.0440883880814995,0.276
2025,11,SRB.24.1_1,0.029849609292163983,0.10199999999999998
2025,11,SRB.24.2_1,0.02864478154528721,0.09299999999999997
2025,11,SRB.24.3_1,0.029849609292163983,0.10199999999999998
2025,11,SRB.24.4_1,0.027060054285653824,0.08199999999999996
2025,11,SRB.25.10_1,0.04003083554183499,0.20800000000000007
2025,11,SRB.25.1_1,0.04078946142947053,0.21899999999999997
2025,11,SRB.25.2_1,0.04010160745971264,0.20900000000000007
2025,11,SRB.25.3_1,0.04125010863491782,0.22599999999999998
2025,11,SRB.25.4_1,0.040988939538025564,0.22199999999999998
2025,11,SRB.25.5_1,0.0377264817893947,0.17799999999999994
2025,11,SRB.25.6_1,0.040311729943021436,0.21199999999999997
2025,11,SRB.25.7_1,0.040172012552874455,0.21000000000000008
2025,11,SRB.25.8_1,0.03967140451383029,0.20300000000000007
2025,11,SRB.25.9_1,0.03876960186476109,0.19100000000000006
2025,11,SRB.3.10_1,0.04038104602105371,0.787
2025,11,SRB.3.11_1,0.04293254845601885,0.254
2025,11,SRB.3.12_1,0.0414424409097459,0.771
2025,11,SRB.3.13_1,0.04549212269146771,0.30699999999999994
2025,11,SRB.3.14_1,0.0466875383137864,0.33899999999999997
2025,11,SRB.3.15_1,0.04181817208376993,0.765
2025,11,SRB.3.16_1,0.04835751945957893,0.402
2025,11,SRB.3.17_1,0.04734145855537475,0.36
2025,11,SRB.3.1_1,0.04540908163273409,0.30499999999999994
2025,11,SRB.3.2_1,0.04691668519057854,0.346
2025,11,SRB.3.3_1,0.04581428987514457,0.31500000000000006
2025,11,SRB.3.4_1,0.04383780558780022,0.271
2025,11,SRB.3.5_1,0.04532502997860004,0.30300000000000005
2025,11,SRB.3.6_1,0.04845347708103587,0.40700000000000003
2025,11,SRB.3.7_1,0.04433206913731389,0.281
2025,11,SRB.3.8_1,0.04864632421376186,0.41800000000000004
2025,11,SRB.3.9_1,0.04725415388230268,0.357
2025,11,SRB.4.1_1,0.04287666106815927,0.253
2025,11,SRB.4.2_1,0.03559966725091553,0.15400000000000003
2025,11,SRB.4.3_1,0.044283879526092584,0.28
2025,11,SRB.4.4_1,0.04403882742093296,0.275
2025,11,SRB.4.5_1,0.042360024989151694,0.2440000000000001
2025,11,SRB.4.6_1,0.04320752428803497,0.259
2025,11,SRB.5.10_1,0.04304342757190176,0.256
2025,11,SRB.5.11_1,0.043527828645221735,0.265
2025,11,SRB.5.12_1,0.04600762791136711,0.31999999999999995
2025,11,SRB.5.1_1,0.04200165089770341,0.238
2025,11,SRB.5.2_1,0.04200165089770341,0.238
2025,11,SRB.5.3_1,0.044707884311692536,0.28900000000000003
2025,11,SRB.5.4_1,0.045450728138743166,0.30600000000000005
2025,11,SRB.5.5_1,0.04085630043948545,0.21999999999999997
2025,11,SRB.5.6_1,0.04479917422492878,0.2909999999999999
2025,11,SRB.5.7_1,0.045450728138743166,0.30600000000000005
2025,11,SRB.5.8_1,0.043735613725489,0.269
2025,11,SRB.5.9_1,0.04799194147937507,0.3850000000000001
2025,11,SRB.6.1_1,0.044753661223654234,0.29000000000000004
2025,11,SRB.6.2_1,0.043735613725489,0.269
2025,11,SRB.6.3_1,0.04388847982885752,0.272
2025,11,SRB.6.4_1,0.045066754559637344,0.29699999999999993
2025,11,SRB.6.5_1,0.04461553550165871,0.2869999999999999
2025,11,SRB.6.6_1,0.04737011365684981,0.361
2025,11,SRB.6.7_1,0.04604556433516866,0.32100000000000006
2025,11,SRB.6.8_1,0.04368409413128377,0.268
2025,11,SRB.7.1_1,0.044753661223654234,0.29000000000000004
2025,11,SRB.7.2_1,0.04253499258640828,0.247
2025,11,SRB.7.3_1,0.04105474298308412,0.22299999999999998
2025,11,SRB.7.4_1,0.040586845998924884,0.21599999999999986
2025,11,SRB.7.5_1,0.0436322907628802,0.267
2025,11,SRB.7.6_1,0.04393887424186332,0.273
2025,11,SRB.8.1_1,0.04452212120566338,0.28500000000000003
2025,11,SRB.8.2_1,0.043261635172466846,0.26
2025,11,SRB.8.3_1,0.0414424409097459,0.2290000000000001
2025,11,SRB.8.4_1,0.0407222738416092,0.21799999999999986
2025,11,SRB.8.5_1,0.045110442250019825,0.29800000000000004
2025,11,SRB.8.6_1,0.0407222738416092,0.21799999999999986
2025,11,SRB.8.7_1,0.04615792209149038,0.32399999999999995
2025,11,SRB.8.8_1,0.043315453887845745,0.261
2025,11,SRB.9.1_1,0.04200165089770341,0.238
2025,11,SRB.9.2_1,0.043735613725489,0.269
2025,11,SRB.9.3_1,0.03704792626203052,0.17000000000000004
2025,11,SRB.9.4_1,0.03974404027870705,0.20399999999999985
2025,11,SVK.1.10_1,0.03805508905034151,0.18199999999999994
2025,11,SVK.1.11_1,0.03952499421896011,0.20100000000000007
2025,11,SVK.1.12_1,0.03764323574228856,0.17700000000000005
2025,11,SVK.1.13_1,0.04181817208376993,0.23499999999999988
2025,11,SVK.1.1_1,0.03660880954136339,0.16500000000000004
2025,11,SVK.1.2_1,0.040988939538025564,0.22199999999999998
2025,11,SVK.1.3_1,0.034324682991112576,0.14100000000000001
2025,11,SVK.1.4_1,0.03588095637277801,0.15700000000000003
2025,11,SVK.1.5_1,0.03813616077668737,0.18300000000000005
2025,11,SVK.1.6_1,0.03900037497023978,0.19399999999999995
2025,11,SVK.1.7_1,0.036429811823056074,0.16300000000000003
2025,11,SVK.1.8_1,0.03492477200727648,0.14700000000000002
2025,11,SVK.1.9_1,0.036961046649421084,0.16900000000000004
2025,11,SVK.2.1_1,0.04921292058559043,0.532
2025,11,SVK.2.2_1,0.04882835038466338,0.42999999999999994
2025,11,SVK.2.3_1,0.048060907894630085,0.388
2025,11,SVK.2.4_1,0.0466875383137864,0.33899999999999997
2025,11,SVK.2.5_1,0.0475644900783197,0.368
2025,11,SVK.2.6_1,0.04479917422492878,0.2909999999999999
2025,11,SVK.2.7_1,0.04403882742093296,0.275
2025,11,SVK.2.8_1,0.04493413776069529,0.29400000000000004
2025,11,SVK.3.10_1,0.01346516566121461,0.019000000000000017
2025,11,SVK.3.11_1,0.02482920471604905,0.06799999999999995
2025,11,SVK.3.1_1,0.01478466868075562,0.02300000000000002
2025,11,SVK.3.2_1,0.016824683036288767,0.030000000000000027
2025,11,SVK.3.3_1,0.023962960224916317,0.06300000000000006
2025,11,SVK.3.4_1,0.01761856786710592,0.03300000000000003
2025,11,SVK.3.5_1,0.02286618279231679,0.05700000000000005
2025,11,SVK.3.6_1,0.024487576322194643,0.06600000000000006
2025,11,SVK.3.7_1,0.022485246123515518,0.05500000000000005
2025,11,SVK.3.8_1,0.01569518897612713,0.026000000000000023
2025,11,SVK.3.9_1,0.020661102864309017,0.04600000000000004
2025,11,SVK.4.1_1,0.021495482675280998,0.050000000000000044
2025,11,SVK.4.2_1,0.01909388902397262,0.039000000000000035
2025,11,SVK.4.3_1,0.023962960224916317,0.06300000000000006
2025,11,SVK.4.4_1,0.020228127440585615,0.04400000000000004
2025,11,SVK.4.5_1,0.01735853480363741,0.03200000000000003
2025,11,SVK.4.6_1,0.01735853480363741,0.03200000000000003
2025,11,SVK.4.7_1,0.020228127440585615,0.04400000000000004
2025,11,SVK.5.10_1,0.03633958081358364,0.16200000000000003
2025,11,SVK.5.11_1,0.04038104602105371,0.21299999999999986
2025,11,SVK.5.12_1,0.03821680598848177,0.18399999999999994
2025,11,SVK.5.13_1,0.03930249996529487,0.19800000000000006
2025,11,SVK.5.1_1,0.03797358807768206,0.18100000000000005
2025,11,SVK.5.2_1,0.04038104602105371,0.21299999999999986
2025,11,SVK.5.3_1,0.03615763622326992,0.16000000000000003
2025,11,SVK.5.4_1,0.03633958081358364,0.16200000000000003
2025,11,SVK.5.5_1,0.04003083554183499,0.20800000000000007
2025,11,SVK.5.6_1,0.033060112673108336,0.129
2025,11,SVK.5.7_1,0.04024205274664436,0.21099999999999997
2025,11,SVK.5.8_1,0.03739082473149449,0.17399999999999993
2025,11,SVK.5.9_1,0.04038104602105371,0.21299999999999986
2025,11,SVK.6.1_1,0.0392275588338907,0.19700000000000006
2025,11,SVK.6.2_1,0.03861372736657929,0.18899999999999995
2025,11,SVK.6.3_1,0.04003083554183499,0.20800000000000007
2025,11,SVK.6.4_1,0.04003083554183499,0.20800000000000007
2025,11,SVK.6.5_1,0.04085630043948545,0.21999999999999997
2025,11,SVK.6.6_1,0.03722029308279467,0.17199999999999993
2025,11,SVK.6.7_1,0.0377264817893947,0.17799999999999994
2025,11,SVK.6.8_1,0.03780928727550324,0.17900000000000005
2025,11,SVK.6.9_1,0.039816299228720445,0.20499999999999996
2025,11,SVK.7.1_1,0.029456448892262486,0.09899999999999998
2025,11,SVK.7.2_1,0.02482920471604905,0.06799999999999995
2025,11,SVK.7.3_1,0.025164649801011775,0.07000000000000006
2025,11,SVK.7.4_1,0.02690919227336117,0.08099999999999996
2025,11,SVK.7.5_1,0.02323920217710033,0.05900000000000005
2025,11,SVK.7.6_1,0.02431436212030243,0.06499999999999995
2025,11,SVK.7.7_1,0.02482920471604905,0.06799999999999995
2025,11,SVK.8.10_1,0.033060112673108336,0.129
2025,11,SVK.8.11_1,0.03853517503352878,0.18800000000000006
2025,11,SVK.8.1_1,0.03597368984246114,0.15800000000000003
2025,11,SVK.8.2_1,0.03615763622326992,0.16000000000000003
2025,11,SVK.8.3_1,0.03660880954136339,0.16500000000000004
2025,11,SVK.8.4_1,0.03651955353286177,0.16400000000000003
2025,11,SVK.8.5_1,0.03412002750331444,0.139
2025,11,SVK.8.6_1,0.03805508905034151,0.18199999999999994
2025,11,SVK.8.7_1,0.03422265035212298,0.14
2025,11,SVK.8.8_1,0.03821680598848177,0.18399999999999994
2025,11,SVK.8.9_1,0.040311729943021436,0.21199999999999997
2025,11,SVN.1.10_1,0.04681986331775376,0.34299999999999997
2025,11,SVN.1.11_1,0.04634038160147463,0.32900000000000007
2025,11,SVN.1.12_1,0.04854423570003872,0.4119999999999999
2025,11,SVN.1.13_1,0.04817159400742658,0.3930000000000001
2025,11,SVN.1.14_1,0.04581428987514457,0.31500000000000006
2025,11,SVN.1.15_1,0.04675416374406932,0.34099999999999997
2025,11,SVN.1.16_1,0.047722519536849896,0.374
2025,11,SVN.1.17_1,0.04694850038824155,0.347
2025,11,SVN.1.1_1,0.045110442250019825,0.29800000000000004
2025,11,SVN.1.2_1,0.04466184267754451,0.28800000000000003
2025,11,SVN.1.3_1,0.04782351451989156,0.3780000000000001
2025,11,SVN.1.4_1,0.04819309519618266,0.39400000000000013
2025,11,SVN.1.5_1,0.04615792209149038,0.32399999999999995
2025,11,SVN.1.6_1,0.04452212120566338,0.28500000000000003
2025,11,SVN.1.7_1,0.04779859104599205,0.3770000000000001
2025,11,SVN.1.8_1,0.04358020260831933,0.266
2025,11,SVN.1.9_1,0.04745474525398454,0.364
2025,11,SVN.10.10_1,0.029588411597109218,0.09999999999999998
2025,11,SVN.10.11_1,0.03900037497023978,0.19399999999999995
2025,11,SVN.10.12_1,0.03952499421896011,0.20100000000000007
2025,11,SVN.10.13_1,0.03884692896597934,0.19199999999999995
2025,11,SVN.10.14_1,0.04200165089770341,0.238
2025,11,SVN.10.15_1,0.04078946142947053,0.21899999999999997
2025,11,SVN.10.16_1,0.03952499421896011,0.20100000000000007
2025,11,SVN.10.17_1,0.041185325910782805,0.2250000000000001
2025,11,SVN.10.18_1,0.04287666106815927,0.253
2025,11,SVN.10.19_1,0.04092279257964584,0.22099999999999997
2025,11,SVN.10.1_1,0.0362488568505361,0.16100000000000003
2025,11,SVN.10.20_1,0.04051860222570782,0.21499999999999997
2025,11,SVN.10.21_1,0.041694237816008395,0.23299999999999987
2025,11,SVN.10.22_1,0.0415689980366121,0.23099999999999998
2025,11,SVN.10.23_1,0.029456448892262486,0.09899999999999998
2025,11,SVN.10.24_1,0.03722029308279467,0.17199999999999993
2025,11,SVN.10.25_1,0.040988939538025564,0.22199999999999998
2025,11,SVN.10.26_1,0.039816299228720445,0.20499999999999996
2025,11,SVN.10.27_1,0.03837682760954864,0.18599999999999994
2025,11,SVN.10.28_1,0.03829702738016549,0.18500000000000005
2025,11,SVN.10.29_1,0.039816299228720445,0.20499999999999996
2025,11,SVN.10.2_1,0.04212237146341945,0.24
2025,11,SVN.10.30_1,0.03884692896597934,0.19199999999999995
2025,11,SVN.10.31_1,0.04024205274664436,0.21099999999999997
2025,11,SVN.10.32_1,0.03876960186476109,0.19100000000000006
2025,11,SVN.10.3_1,0.044844424119052026,0.2919999999999999
2025,11,SVN.10.4_1,0.03722029308279467,0.17199999999999993
2025,11,SVN.10.5_1,0.03907649861764752,0.19500000000000006
2025,11,SVN.10.6_1,0.03797358807768206,0.18100000000000005
2025,11,SVN.10.7_1,0.03967140451383029,0.20300000000000007
2025,11,SVN.10.8_1,0.03959838986050318,0.20200000000000007
2025,11,SVN.10.9_1,0.03669758339253503,0.16600000000000004
2025,11,SVN.11.1_1,0.040586845998924884,0.21599999999999986
2025,11,SVN.11.2_1,0.042301081720291366,0.243
2025,11,SVN.11.3_1,0.03967140451383029,0.20300000000000007
2025,11,SVN.12.1_1,0.040172012552874455,0.21000000000000008
2025,11,SVN.12.2_1,0.0407222738416092,0.21799999999999986
2025,11,SVN.12.3_1,0.0386918688155058,0.18999999999999995
2025,11,SVN.2.10_1,0.04630436737389991,0.32800000000000007
2025,11,SVN.2.11_1,0.03829702738016549,0.18500000000000005
2025,11,SVN.2.12_1,0.042820473570468434,0.252
2025,11,SVN.2.1_1,0.04105474298308412,0.22299999999999998
2025,11,SVN.2.2_1,0.03482617355271239,0.14600000000000002
2025,11,SVN.2.3_1,0.04253499258640828,0.247
2025,11,SVN.2.4_1,0.03678587857708836,0.16700000000000004
2025,11,SVN.2.5_1,0.0386918688155058,0.18999999999999995
2025,11,SVN.2.6_1,0.039959694850211,0.20699999999999996
2025,11,SVN.2.7_1,0.034324682991112576,0.14100000000000001
2025,11,SVN.2.8_1,0.044707884311692536,0.28900000000000003
2025,11,SVN.2.9_1,0.04051860222570782,0.21499999999999997
2025,11,SVN.3.10_1,0.04175636740944833,0.23399999999999999
2025,11,SVN.3.11_1,0.040311729943021436,0.21199999999999997
2025,11,SVN.3.12_1,0.04175636740944833,0.23399999999999999
2025,11,SVN.3.13_1,0.041378664568624164,0.2280000000000001
2025,11,SVN.3.14_1,0.040311729943021436,0.21199999999999997
2025,11,SVN.3.15_1,0.0407222738416092,0.21799999999999986
2025,11,SVN.3.16_1,0.039816299228720445,0.20499999999999996
2025,11,SVN.3.1_1,0.04194081241318115,0.237
2025,11,SVN.3.2_1,0.04078946142947053,0.21899999999999997
2025,11,SVN.3.3_1,0.03907649861764752,0.19500000000000006
2025,11,SVN.3.4_1,0.03739082473149449,0.17399999999999993
2025,11,SVN.3.5_1,0.03422265035212298,0.14
2025,11,SVN.3.6_1,0.04131455432928723,0.22699999999999998
2025,11,SVN.3.7_1,0.03660880954136339,0.16500000000000004
2025,11,SVN.3.8_1,0.04378685054716181,0.27
2025,11,SVN.3.9_1,0.03452699853931322,0.14300000000000002
2025,11,SVN.4.10_1,0.030487233358928344,0.10699999999999998
2025,11,SVN.4.11_1,0.03730578672438426,0.17300000000000004
2025,11,SVN.4.12_1,0.03722029308279467,0.17199999999999993
2025,11,SVN.4.1_1,0.03704792626203052,0.17000000000000004
2025,11,SVN.4.2_1,0.03531365871311622,0.15100000000000002
2025,11,SVN.4.3_1,0.03588095637277801,0.15700000000000003
2025,11,SVN.4.4_1,0.03722029308279467,0.17199999999999993
2025,11,SVN.4.5_1,0.03900037497023978,0.19399999999999995
2025,11,SVN.4.6_1,0.03531365871311622,0.15100000000000002
2025,11,SVN.4.7_1,0.03722029308279467,0.17199999999999993
2025,11,SVN.4.8_1,0.03755954620483949,0.17599999999999993
2025,11,SVN.4.9_1,0.03678587857708836,0.16700000000000004
2025,11,SVN.5.1_1,0.03845620929848478,0.18700000000000006
2025,11,SVN.5.2_1,0.040172012552874455,0.21000000000000008
2025,11,SVN.5.3_1,0.040586845998924884,0.21599999999999986
2025,11,SVN.5.4_1,0.0393770514385934,0.19900000000000007
2025,11,SVN.5.5_1,0.04003083554183499,0.20800000000000007
2025,11,SVN.5.6_1,0.04051860222570782,0.21499999999999997
2025,11,SVN.6.1_1,0.03837682760954864,0.18599999999999994
2025,11,SVN.6.2_1,0.040172012552874455,0.21000000000000008
2025,11,SVN.6.3_1,0.04589235872572516,0.31700000000000006
2025,11,SVN.6.4_1,0.04304342757190176,0.256
2025,11,SVN.6.5_1,0.04112020456396412,0.22399999999999998
2025,11,SVN.6.6_1,0.045153872242213455,0.29900000000000004
2025,11,SVN.6.7_1,0.04200165089770341,0.238
2025,11,SVN.7.10_1,0.042301081720291366,0.243
2025,11,SVN.7.11_1,0.0392275588338907,0.19700000000000006
2025,11,SVN.7.12_1,0.04265009852573865,0.249
2025,11,SVN.7.13_1,0.0393770514385934,0.19900000000000007
2025,11,SVN.7.14_1,0.046787129017927614,0.3420000000000001
2025,11,SVN.7.15_1,0.04085630043948545,0.21999999999999997
2025,11,SVN.7.16_1,0.0393770514385934,0.19900000000000007
2025,11,SVN.7.17_1,0.04163178184876155,0.23199999999999998
2025,11,SVN.7.18_1,0.04253499258640828,0.247
2025,11,SVN.7.19_1,0.04045000283720392,0.21399999999999997
2025,11,SVN.7.1_1,0.04150588489181781,0.22999999999999987
2025,11,SVN.7.20_1,0.042241825923508114,0.24199999999999988
2025,11,SVN.7.21_1,0.045022808420897016,0.29600000000000004
2025,11,SVN.7.22_1,0.042418657032918014,0.245
2025,11,SVN.7.23_1,0.04150588489181781,0.22999999999999987
2025,11,SVN.7.24_1,0.04287666106815927,0.253
2025,11,SVN.7.2_1,0.042707193501211126,0.25
2025,11,SVN.7.3_1,0.04320752428803497,0.259
2025,11,SVN.7.4_1,0.039816299228720445,0.20499999999999996
2025,11,SVN.7.5_1,0.042301081720291366,0.243
2025,11,SVN.7.6_1,0.042301081720291366,0.243
2025,11,SVN.7.7_1,0.042418657032918014,0.245
2025,11,SVN.7.8_1,0.04276398478000556,0.251
2025,11,SVN.7.9_1,0.043315453887845745,0.261
2025,11,SVN.8.10_1,0.04150588489181781,0.22999999999999987
2025,11,SVN.8.11_1,0.03884692896597934,0.19199999999999995
2025,11,SVN.8.12_1,0.04045000283720392,0.21399999999999997
2025,11,SVN.8.13_1,0.03892385253856027,0.19300000000000006
2025,11,SVN.8.14_1,0.04051860222570782,0.21499999999999997
2025,11,SVN.8.15_1,0.04368409413128377,0.268
2025,11,SVN.8.16_1,0.0430984216041852,0.257
2025,11,SVN.8.17_1,0.044844424119052026,0.2919999999999999
2025,11,SVN.8.18_1,0.03952499421896011,0.20100000000000007
2025,11,SVN.8.19_1,0.04085630043948545,0.21999999999999997
2025,11,SVN.8.1_1,0.04150588489181781,0.22999999999999987
2025,11,SVN.8.20_1,0.039959694850211,0.20699999999999996
2025,11,SVN.8.21_1,0.035787710803972736,0.15600000000000003
2025,11,SVN.8.22_1,0.04336898152187278,0.262
2025,11,SVN.8.23_1,0.04206217012242035,0.23899999999999988
2025,11,SVN.8.24_1,0.040172012552874455,0.21000000000000008
2025,11,SVN.8.25_1,0.0386918688155058,0.18999999999999995
2025,11,SVN.8.26_1,0.04045000283720392,0.21399999999999997
2025,11,SVN.8.27_1,0.03988818341171357,0.20599999999999996
2025,11,SVN.8.28_1,0.04347516784065807,0.264
2025,11,SVN.8.29_1,0.03512030759679338,0.14900000000000002
2025,11,SVN.8.2_1,0.03730578672438426,0.17300000000000004
2025,11,SVN.8.30_1,0.03730578672438426,0.17300000000000004
2025,11,SVN.8.31_1,0.0347270150445878,0.14500000000000002
2025,11,SVN.8.32_1,0.0421822562817251,0.241
2025,11,SVN.8.33_1,0.03704792626203052,0.17000000000000004
2025,11,SVN.8.34_1,0.0362488568505361,0.16100000000000003
2025,11,SVN.8.3_1,0.03633958081358364,0.16200000000000003
2025,11,SVN.8.4_1,0.040988939538025564,0.22199999999999998
2025,11,SVN.8.5_1,0.04247697914036585,0.24599999999999989
2025,11,SVN.8.6_1,0.043527828645221735,0.265
2025,11,SVN.8.7_1,0.04368409413128377,0.268
2025,11,SVN.8.8_1,0.043261635172466846,0.26
2025,11,SVN.8.9_1,0.03747541020585919,0.17500000000000004
2025,11,SVN.9.10_1,0.041378664568624164,0.2280000000000001
2025,11,SVN.9.11_1,0.033808563797603636,0.136
2025,11,SVN.9.12_1,0.043261635172466846,0.26
2025,11,SVN.9.13_1,0.041694237816008395,0.23299999999999987
2025,11,SVN.9.14_1,0.041694237816008395,0.23299999999999987
2025,11,SVN.9.15_1,0.04131455432928723,0.22699999999999998
2025,11,SVN.9.16_1,0.047224604492781756,0.356
2025,11,SVN.9.17_1,0.0407222738416092,0.21799999999999986
2025,11,SVN.9.18_1,0.042241825923508114,0.24199999999999988
2025,11,SVN.9.19_1,0.0386918688155058,0.18999999999999995
2025,11,SVN.9.1_1,0.04253499258640828,0.247
2025,11,SVN.9.20_1,0.040586845998924884,0.21599999999999986
2025,11,SVN.9.21_1,0.03930249996529487,0.19800000000000006
2025,11,SVN.9.22_1,0.0407222738416092,0.21799999999999986
2025,11,SVN.9.23_1,0.04187965327748944,0.236
2025,11,SVN.9.24_1,0.042301081720291366,0.243
2025,11,SVN.9.25_1,0.042241825923508114,0.24199999999999988
2025,11,SVN.9.26_1,0.04247697914036585,0.24599999999999989
2025,11,SVN.9.2_1,0.040988939538025564,0.22199999999999998
2025,11,SVN.9.3_1,0.04293254845601885,0.254
2025,11,SVN.9.4_1,0.040586845998924884,0.21599999999999986
2025,11,SVN.9.5_1,0.04131455432928723,0.22699999999999998
2025,11,SVN.9.6_1,0.033277135321004285,0.131
2025,11,SVN.9.7_1,0.034426130668099554,0.14200000000000002
2025,11,SVN.9.8_1,0.0386918688155058,0.18999999999999995
2025,11,SVN.9.9_1,0.04200165089770341,0.238
2025,11,SWE.1.1_1,0.045197045279087404,0.30000000000000004
2025,11,SWE.1.2_1,0.04585344698686476,0.31599999999999995
2025,11,SWE.1.3_1,0.04388847982885752,0.272
2025,11,SWE.1.4_1,0.04206217012242035,0.23899999999999988
2025,11,SWE.1.5_1,0.043988989788542626,0.274
2025,11,SWE.10.10_1,0.02613624415281168,0.07599999999999996
2025,11,SWE.10.11_1,0.020445999196690653,0.04500000000000004
2025,11,SWE.10.12_1,0.021083343744920283,0.04800000000000004
2025,11,SWE.10.13_1,0.018125837223841926,0.03500000000000003
2025,11,SWE.10.14_1,0.027651756267795924,0.08599999999999997
2025,11,SWE.10.1_1,0.017874274303213675,0.03400000000000003
2025,11,SWE.10.2_1,0.018373426824734782,0.03600000000000003
2025,11,SWE.10.3_1,0.0222916822971429,0.05400000000000005
2025,11,SWE.10.4_1,0.02360467962596761,0.06099999999999994
2025,11,SWE.10.5_1,0.01909388902397262,0.039000000000000035
2025,11,SWE.10.6_1,0.02482920471604905,0.06799999999999995
2025,11,SWE.10.7_1,0.016824683036288767,0.030000000000000027
2025,11,SWE.10.8_1,0.024659179385644596,0.06699999999999995
2025,11,SWE.10.9_1,0.018125837223841926,0.03500000000000003
2025,11,SWE.11.10_1,0.03845620929848478,0.18700000000000006
2025,11,SWE.11.11_1,0.03813616077668737,0.18300000000000005
2025,11,SWE.11.12_1,0.042820473570468434,0.252
2025,11,SWE.11.1_1,0.03967140451383029,0.20300000000000007
2025,11,SWE.11.2_1,0.04131455432928723,0.22699999999999998
2025,11,SWE.11.3_1,0.03739082473149449,0.17399999999999993
2025,11,SWE.11.4_1,0.03892385253856027,0.19300000000000006
2025,11,SWE.11.5_1,0.04265009852573865,0.249
2025,11,SWE.11.6_1,0.0421822562817251,0.241
2025,11,SWE.11.7_1,0.043988989788542626,0.274
2025,11,SWE.11.8_1,0.03930249996529487,0.19800000000000006
2025,11,SWE.11.9_1,0.040586845998924884,0.21599999999999986
2025,11,SWE.12.10_1,0.03747541020585919,0.17500000000000004
2025,11,SWE.12.11_1,0.04051860222570782,0.21499999999999997
2025,11,SWE.12.12_1,0.0393770514385934,0.19900000000000007
2025,11,SWE.12.13_1,0.03829702738016549,0.18500000000000005
2025,11,SWE.12.1_1,0.03780928727550324,0.17900000000000005
2025,11,SWE.12.2_1,0.03900037497023978,0.19399999999999995
2025,11,SWE.12.3_1,0.04125010863491782,0.22599999999999998
2025,11,SWE.12.4_1,0.03845620929848478,0.18700000000000006
2025,11,SWE.12.5_1,0.04403882742093296,0.275
2025,11,SWE.12.6_1,0.03829702738016549,0.18500000000000005
2025,11,SWE.12.7_1,0.04206217012242035,0.23899999999999988
2025,11,SWE.12.8_1,0.04368409413128377,0.268
2025,11,SWE.12.9_1,0.039959694850211,0.20699999999999996
2025,11,SWE.13.10_1,0.045574158679044414,0.30899999999999994
2025,11,SWE.13.11_1,0.04320752428803497,0.259
2025,11,SWE.13.12_1,0.04200165089770341,0.238
2025,11,SWE.13.13_1,0.045153872242213455,0.29900000000000004
2025,11,SWE.13.14_1,0.04298813690453435,0.255
2025,11,SWE.13.15_1,0.04320752428803497,0.259
2025,11,SWE.13.16_1,0.04456896195634114,0.28600000000000003
2025,11,SWE.13.17_1,0.04585344698686476,0.31599999999999995
2025,11,SWE.13.18_1,0.043735613725489,0.269
2025,11,SWE.13.19_1,0.04931244125464726,0.496
2025,11,SWE.13.1_1,0.04181817208376993,0.23499999999999988
2025,11,SWE.13.20_1,0.04342221915101733,0.263
2025,11,SWE.13.21_1,0.04347516784065807,0.264
2025,11,SWE.13.22_1,0.043735613725489,0.269
2025,11,SWE.13.23_1,0.04304342757190176,0.256
2025,11,SWE.13.24_1,0.044707884311692536,0.28900000000000003
2025,11,SWE.13.25_1,0.043315453887845745,0.261
2025,11,SWE.13.26_1,0.043153120135473684,0.258
2025,11,SWE.13.27_1,0.04784822171310597,0.379
2025,11,SWE.13.28_1,0.04298813690453435,0.255
2025,11,SWE.13.29_1,0.04253499258640828,0.247
2025,11,SWE.13.2_1,0.04078946142947053,0.21899999999999997
2025,11,SWE.13.30_1,0.0441376727032484,0.277
2025,11,SWE.13.31_1,0.04707347975915941,0.351
2025,11,SWE.13.32_1,0.04688464092705593,0.345
2025,11,SWE.13.33_1,0.04452212120566338,0.28500000000000003
2025,11,SWE.13.3_1,0.043527828645221735,0.265
2025,11,SWE.13.4_1,0.04293254845601885,0.254
2025,11,SWE.13.5_1,0.04206217012242035,0.23899999999999988
2025,11,SWE.13.6_1,0.04880005321846285,0.42800000000000005
2025,11,SWE.13.7_1,0.04383780558780022,0.271
2025,11,SWE.13.8_1,0.042707193501211126,0.25
2025,11,SWE.13.9_1,0.0464820667942262,0.3330000000000001
2025,11,SWE.14.1_1,0.042418657032918014,0.245
2025,11,SWE.14.2_1,0.042301081720291366,0.243
2025,11,SWE.14.3_1,0.040172012552874455,0.21000000000000008
2025,11,SWE.14.4_1,0.04125010863491782,0.22599999999999998
2025,11,SWE.14.5_1,0.04175636740944833,0.23399999999999999
2025,11,SWE.14.6_1,0.04549212269146771,0.30699999999999994
2025,11,SWE.14.7_1,0.041378664568624164,0.2280000000000001
2025,11,SWE.14.8_1,0.040586845998924884,0.21599999999999986
2025,11,SWE.14.9_1,0.04304342757190176,0.256
2025,11,SWE.15.10_1,0.04358020260831933,0.266
2025,11,SWE.15.11_1,0.04378685054716181,0.27
2025,11,SWE.15.12_1,0.044427634702780626,0.2829999999999999
2025,11,SWE.15.13_1,0.04342221915101733,0.263
2025,11,SWE.15.14_1,0.04347516784065807,0.264
2025,11,SWE.15.15_1,0.04713460693292685,0.3530000000000001
2025,11,SWE.15.16_1,0.04681986331775376,0.34299999999999997
2025,11,SWE.15.17_1,0.04905681706775229,0.44899999999999995
2025,11,SWE.15.18_1,0.049046604055203974,0.44799999999999995
2025,11,SWE.15.19_1,0.0477734509529057,0.6240000000000001
2025,11,SWE.15.1_1,0.045969448573345284,0.31900000000000006
2025,11,SWE.15.20_1,0.047194830489016126,0.355
2025,11,SWE.15.21_1,0.048127956465367445,0.391
2025,11,SWE.15.22_1,0.044844424119052026,0.2919999999999999
2025,11,SWE.15.23_1,0.0430984216041852,0.257
2025,11,SWE.15.24_1,0.04532502997860004,0.30300000000000005
2025,11,SWE.15.25_1,0.047194830489016126,0.355
2025,11,SWE.15.26_1,0.04658585548256223,0.3360000000000001
2025,11,SWE.15.2_1,0.04789698859334505,0.381
2025,11,SWE.15.3_1,0.045695339975136744,0.31200000000000006
2025,11,SWE.15.4_1,0.04634038160147463,0.32900000000000007
2025,11,SWE.15.5_1,0.04608325844466175,0.32200000000000006
2025,11,SWE.15.6_1,0.04704257621690377,0.35
2025,11,SWE.15.7_1,0.04782351451989156,0.3780000000000001
2025,11,SWE.15.8_1,0.04835751945957893,0.402
2025,11,SWE.15.9_1,0.04187965327748944,0.236
2025,11,SWE.16.1_1,0.01885730958491078,0.038000000000000034
2025,11,SWE.16.2_1,0.019556972661354168,0.041000000000000036
2025,11,SWE.16.3_1,0.0186172016297438,0.03700000000000003
2025,11,SWE.16.4_1,0.01885730958491078,0.038000000000000034
2025,11,SWE.16.5_1,0.01978371269543491,0.04200000000000004
2025,11,SWE.16.6_1,0.012749748450301267,0.017000000000000015
2025,11,SWE.16.7_1,0.022485246123515518,0.05500000000000005
2025,11,SWE.17.10_1,0.0393770514385934,0.19900000000000007
2025,11,SWE.17.11_1,0.04368409413128377,0.268
2025,11,SWE.17.12_1,0.042241825923508114,0.24199999999999988
2025,11,SWE.17.13_1,0.0407222738416092,0.21799999999999986
2025,11,SWE.17.14_1,0.03959838986050318,0.20200000000000007
2025,11,SWE.17.15_1,0.039816299228720445,0.20499999999999996
2025,11,SWE.17.16_1,0.0386918688155058,0.18999999999999995
2025,11,SWE.17.1_1,0.04045000283720392,0.21399999999999997
2025,11,SWE.17.2_1,0.042592698632283446,0.2480000000000001
2025,11,SWE.17.3_1,0.03974404027870705,0.20399999999999985
2025,11,SWE.17.4_1,0.04194081241318115,0.237
2025,11,SWE.17.5_1,0.04336898152187278,0.262
2025,11,SWE.17.6_1,0.04085630043948545,0.21999999999999997
2025,11,SWE.17.7_1,0.03959838986050318,0.20200000000000007
2025,11,SWE.17.8_1,0.04634038160147463,0.32900000000000007
2025,11,SWE.17.9_1,0.044707884311692536,0.28900000000000003
2025,11,SWE.18.10_1,0.01909388902397262,0.039000000000000035
2025,11,SWE.18.11_1,0.024139502097579996,0.06400000000000006
2025,11,SWE.18.12_1,0.03422265035212298,0.14
2025,11,SWE.18.13_1,0.03193462580160344,0.119
2025,11,SWE.18.14_1,0.0222916822971429,0.05400000000000005
2025,11,SWE.18.15_1,0.02690919227336117,0.08099999999999996
2025,11,SWE.18.1_1,0.028225545730142264,0.08999999999999997
2025,11,SWE.18.2_1,0.028225545730142264,0.08999999999999997
2025,11,SWE.18.3_1,0.025330130546950973,0.07099999999999995
2025,11,SWE.18.4_1,0.027940820284827163,0.08799999999999997
2025,11,SWE.18.5_1,0.0208735240198684,0.04700000000000004
2025,11,SWE.18.6_1,0.02971946105428906,0.10099999999999998
2025,11,SWE.18.7_1,0.02323920217710033,0.05900000000000005
2025,11,SWE.18.8_1,0.027796839009702336,0.08699999999999997
2025,11,SWE.18.9_1,0.02932356061028363,0.09799999999999998
2025,11,SWE.19.1_1,0.034324682991112576,0.14100000000000001
2025,11,SWE.19.2_1,0.03615763622326992,0.16000000000000003
2025,11,SWE.19.3_1,0.035504861044643454,0.15300000000000002
2025,11,SWE.19.4_1,0.03492477200727648,0.14700000000000002
2025,11,SWE.19.5_1,0.03205031895294551,0.12
2025,11,SWE.19.6_1,0.03588095637277801,0.15700000000000003
2025,11,SWE.19.7_1,0.03722029308279467,0.17199999999999993
2025,11,SWE.2.10_1,0.03780928727550324,0.17900000000000005
2025,11,SWE.2.11_1,0.03747541020585919,0.17500000000000004
2025,11,SWE.2.12_1,0.03845620929848478,0.18700000000000006
2025,11,SWE.2.13_1,0.03615763622326992,0.16000000000000003
2025,11,SWE.2.14_1,0.04112020456396412,0.22399999999999998
2025,11,SWE.2.15_1,0.03651955353286177,0.16400000000000003
2025,11,SWE.2.1_1,0.032840471141942086,0.127
2025,11,SWE.2.2_1,0.04065473594768187,0.21700000000000008
2025,11,SWE.2.3_1,0.03967140451383029,0.20300000000000007
2025,11,SWE.2.4_1,0.03829702738016549,0.18500000000000005
2025,11,SWE.2.5_1,0.03764323574228856,0.17700000000000005
2025,11,SWE.2.6_1,0.03669758339253503,0.16600000000000004
2025,11,SWE.2.7_1,0.03669758339253503,0.16600000000000004
2025,11,SWE.2.8_1,0.0414424409097459,0.2290000000000001
2025,11,SWE.2.9_1,0.03606591516318372,0.15900000000000003
2025,11,SWE.20.10_1,0.04212237146341945,0.24
2025,11,SWE.20.11_1,0.0436322907628802,0.267
2025,11,SWE.20.1_1,0.03974404027870705,0.20399999999999985
2025,11,SWE.20.2_1,0.04194081241318115,0.237
2025,11,SWE.20.3_1,0.03959838986050318,0.20200000000000007
2025,11,SWE.20.4_1,0.03876960186476109,0.19100000000000006
2025,11,SWE.20.5_1,0.03952499421896011,0.20100000000000007
2025,11,SWE.20.6_1,0.040988939538025564,0.22199999999999998
2025,11,SWE.20.7_1,0.04200165089770341,0.238
2025,11,SWE.20.8_1,0.0415689980366121,0.23099999999999998
2025,11,SWE.20.9_1,0.040172012552874455,0.21000000000000008
2025,11,SWE.21.10_1,0.03010724877881841,0.10399999999999998
2025,11,SWE.21.11_1,0.039959694850211,0.20699999999999996
2025,11,SWE.21.12_1,0.03492477200727648,0.14700000000000002
2025,11,SWE.21.13_1,0.02932356061028363,0.09799999999999998
2025,11,SWE.21.14_1,0.03073636449250931,0.10899999999999999
2025,11,SWE.21.15_1,0.030859703043186852,0.10999999999999999
2025,11,SWE.21.16_1,0.03633958081358364,0.16200000000000003
2025,11,SWE.21.17_1,0.028225545730142264,0.08999999999999997
2025,11,SWE.21.18_1,0.028919214262361676,0.09499999999999997
2025,11,SWE.21.19_1,0.03482617355271239,0.14600000000000002
2025,11,SWE.21.1_1,0.03422265035212298,0.14
2025,11,SWE.21.20_1,0.033491589996089595,0.133
2025,11,SWE.21.21_1,0.03492477200727648,0.14700000000000002
2025,11,SWE.21.22_1,0.03193462580160344,0.119
2025,11,SWE.21.23_1,0.035409526292269906,0.15200000000000002
2025,11,SWE.21.24_1,0.03569394912267843,0.15500000000000003
2025,11,SWE.21.25_1,0.033491589996089595,0.133
2025,11,SWE.21.26_1,0.030234762668607886,0.10499999999999998
2025,11,SWE.21.27_1,0.030234762668607886,0.10499999999999998
2025,11,SWE.21.28_1,0.036429811823056074,0.16300000000000003
2025,11,SWE.21.29_1,0.028782493970377444,0.09399999999999997
2025,11,SWE.21.2_1,0.03452699853931322,0.14300000000000002
2025,11,SWE.21.30_1,0.03261815782307102,0.125
2025,11,SWE.21.32_1,0.03134510170509333,0.1140000000000001
2025,11,SWE.21.33_1,0.03722029308279467,0.17199999999999993
2025,11,SWE.21.34_1,0.03193462580160344,0.119
2025,11,SWE.21.35_1,0.03492477200727648,0.14700000000000002
2025,11,SWE.21.36_1,0.032393117707265114,0.12299999999999989
2025,11,SWE.21.37_1,0.0362488568505361,0.16100000000000003
2025,11,SWE.21.38_1,0.03250598213827357,0.12400000000000011
2025,11,SWE.21.39_1,0.02850606260814742,0.09199999999999997
2025,11,SWE.21.3_1,0.034324682991112576,0.14100000000000001
2025,11,SWE.21.40_1,0.032393117707265114,0.12299999999999989
2025,11,SWE.21.41_1,0.032729651843363065,0.126
2025,11,SWE.21.42_1,0.03216529356158003,0.12099999999999989
2025,11,SWE.21.43_1,0.03452699853931322,0.14300000000000002
2025,11,SWE.21.44_1,0.02971946105428906,0.10099999999999998
2025,11,SWE.21.45_1,0.02836632239261895,0.09099999999999997
2025,11,SWE.21.46_1,0.037134340659731674,0.17100000000000004
2025,11,SWE.21.47_1,0.035787710803972736,0.15600000000000003
2025,11,SWE.21.48_1,0.027651756267795924,0.08599999999999997
2025,11,SWE.21.49_1,0.033491589996089595,0.133
2025,11,SWE.21.4_1,0.03452699853931322,0.14300000000000002
2025,11,SWE.21.50_1,0.027209722381904684,0.08299999999999996
2025,11,SWE.21.51_1,0.029588411597109218,0.09999999999999998
2025,11,SWE.21.5_1,0.035409526292269906,0.15200000000000002
2025,11,SWE.21.6_1,0.03588095637277801,0.15700000000000003
2025,11,SWE.21.7_1,0.032393117707265114,0.12299999999999989
2025,11,SWE.21.8_1,0.031224926759328524,0.11299999999999999
2025,11,SWE.21.9_1,0.029849609292163983,0.10199999999999998
2025,11,SWE.3.10_1,0.03988818341171357,0.20599999999999996
2025,11,SWE.3.1_1,0.036429811823056074,0.16300000000000003
2025,11,SWE.3.2_1,0.04065473594768187,0.21700000000000008
2025,11,SWE.3.3_1,0.03915222580685154,0.19599999999999995
2025,11,SWE.3.4_1,0.03892385253856027,0.19300000000000006
2025,11,SWE.3.5_1,0.032393117707265114,0.12299999999999989
2025,11,SWE.3.6_1,0.034016809103003566,0.138
2025,11,SWE.3.7_1,0.035504861044643454,0.15300000000000002
2025,11,SWE.3.8_1,0.035787710803972736,0.15600000000000003
2025,11,SWE.3.9_1,0.03588095637277801,0.15700000000000003
2025,11,SWE.4.1_1,0.04287666106815927,0.253
2025,11,SWE.5.1_1,0.04336898152187278,0.262
2025,11,SWE.5.2_1,0.044707884311692536,0.28900000000000003
2025,11,SWE.5.3_1,0.043153120135473684,0.258
2025,11,SWE.5.4_1,0.04423541751568946,0.279
2025,11,SWE.5.5_1,0.041694237816008395,0.23299999999999987
2025,11,SWE.5.6_1,0.04532502997860004,0.30300000000000005
2025,11,SWE.6.1_1,0.030982236630542767,0.11099999999999999
2025,11,SWE.6.2_1,0.029054956426915066,0.09599999999999997
2025,11,SWE.6.3_1,0.02971946105428906,0.10099999999999998
2025,11,SWE.6.4_1,0.03261815782307102,0.125
2025,11,SWE.6.5_1,0.028919214262361676,0.09499999999999997
2025,11,SWE.6.6_1,0.03588095637277801,0.15700000000000003
2025,11,SWE.6.7_1,0.033060112673108336,0.129
2025,11,SWE.6.8_1,0.0267571161504167,0.07999999999999996
2025,11,SWE.7.10_1,0.04181817208376993,0.23499999999999988
2025,11,SWE.7.11_1,0.040988939538025564,0.22199999999999998
2025,11,SWE.7.1_1,0.03821680598848177,0.18399999999999994
2025,11,SWE.7.2_1,0.0415689980366121,0.23099999999999998
2025,11,SWE.7.3_1,0.04181817208376993,0.23499999999999988
2025,11,SWE.7.4_1,0.04112020456396412,0.22399999999999998
2025,11,SWE.7.5_1,0.045022808420897016,0.29600000000000004
2025,11,SWE.7.6_1,0.04287666106815927,0.253
2025,11,SWE.7.7_1,0.03930249996529487,0.19800000000000006
2025,11,SWE.7.8_1,0.04320752428803497,0.259
2025,11,SWE.7.9_1,0.04247697914036585,0.24599999999999989
2025,11,SWE.8.10_1,0.04078946142947053,0.21899999999999997
2025,11,SWE.8.11_1,0.0407222738416092,0.21799999999999986
2025,11,SWE.8.12_1,0.040586845998924884,0.21599999999999986
2025,11,SWE.8.1_1,0.04200165089770341,0.238
2025,11,SWE.8.2_1,0.04276398478000556,0.251
2025,11,SWE.8.3_1,0.03952499421896011,0.20100000000000007
2025,11,SWE.8.4_1,0.04187965327748944,0.236
2025,11,SWE.8.5_1,0.045110442250019825,0.29800000000000004
2025,11,SWE.8.6_1,0.043527828645221735,0.265
2025,11,SWE.8.7_1,0.04532502997860004,0.30300000000000005
2025,11,SWE.8.8_1,0.04347516784065807,0.264
2025,11,SWE.8.9_1,0.0430984216041852,0.257
2025,11,SWE.9.1_1,0.04194081241318115,0.237
2025,11,SWE.9.2_1,0.04206217012242035,0.23899999999999988
2025,11,SWE.9.3_1,0.04320752428803497,0.259
2025,11,SWE.9.4_1,0.04212237146341945,0.24
2025,11,SWE.9.5_1,0.0407222738416092,0.21799999999999986
2025,11,SWE.9.6_1,0.042301081720291366,0.243
2025,11,SWE.9.7_1,0.03845620929848478,0.18700000000000006
2025,11,SWE.9.8_1,0.04342221915101733,0.263
2025,11,TUR.1.10_1,0.03669758339253503,0.16600000000000004
2025,11,TUR.1.11_1,0.011171992853101389,0.013000000000000012
2025,11,TUR.1.12_1,0.033491589996089595,0.133
2025,11,TUR.1.13_1,0.03359786973370498,0.134
2025,11,TUR.1.1_1,0.016824683036288767,0.030000000000000027
2025,11,TUR.1.2_1,0.028919214262361676,0.09499999999999997
2025,11,TUR.1.3_1,0.014141692511926283,0.02100000000000002
2025,11,TUR.1.4_1,0.024997684506960365,0.06900000000000006
2025,11,TUR.1.5_1,0.022095982690489686,0.05300000000000005
2025,11,TUR.1.6_1,0.029456448892262486,0.09899999999999998
2025,11,TUR.1.7_1,0.019327069523297564,0.040000000000000036
2025,11,TUR.1.8_1,0.01598595915280596,0.027000000000000024
2025,11,TUR.1.9_1,0.013112708088147376,0.018000000000000016
2025,11,TUR.10.1_1,0.032393117707265114,0.12299999999999989
2025,11,TUR.10.2_1,0.0386918688155058,0.18999999999999995
2025,11,TUR.10.3_1,0.040311729943021436,0.21199999999999997
2025,11,TUR.10.4_1,0.04792104893930471,0.3819999999999999
2025,11,TUR.10.5_1,0.03651955353286177,0.16400000000000003
2025,11,TUR.10.6_1,0.03704792626203052,0.17000000000000004
2025,11,TUR.10.7_1,0.03250598213827357,0.12400000000000011
2025,11,TUR.10.8_1,0.03134510170509333,0.1140000000000001
2025,11,TUR.11.10_1,0.0466875383137864,0.33899999999999997
2025,11,TUR.11.11_1,0.04931392070037807,0.499
2025,11,TUR.11.12_1,0.045695339975136744,0.31200000000000006
2025,11,TUR.11.13_1,0.04852649847216737,0.4109999999999999
2025,11,TUR.11.14_1,0.04888250766739093,0.43399999999999994
2025,11,TUR.11.15_1,0.04929734837211439,0.487
2025,11,TUR.11.16_1,0.04892099850254638,0.43699999999999994
2025,11,TUR.11.17_1,0.04784822171310597,0.379
2025,11,TUR.11.1_1,0.04615792209149038,0.32399999999999995
2025,11,TUR.11.2_1,0.04581428987514457,0.31500000000000006
2025,11,TUR.11.3_1,0.04886927255117772,0.43300000000000005
2025,11,TUR.11.4_1,0.0491138914673261,0.545
2025,11,TUR.11.5_1,0.04882835038466338,0.42999999999999994
2025,11,TUR.11.6_1,0.048127956465367445,0.391
2025,11,TUR.11.7_1,0.04461553550165871,0.2869999999999999
2025,11,TUR.11.8_1,0.048337701359825916,0.401
2025,11,TUR.11.9_1,0.04877094183058269,0.42599999999999993
2025,11,TUR.12.10_1,0.04864632421376186,0.41800000000000004
2025,11,TUR.12.11_1,0.04829743654427203,0.399
2025,11,TUR.12.12_1,0.04823546382478605,0.3959999999999999
2025,11,TUR.12.13_1,0.04691668519057854,0.346
2025,11,TUR.12.14_1,0.048377128364914083,0.403
2025,11,TUR.12.15_1,0.04930770673000915,0.508
2025,11,TUR.12.16_1,0.04923663422865001,0.472
2025,11,TUR.12.17_1,0.04803813258656103,0.387
2025,11,TUR.12.18_1,0.044753661223654234,0.29000000000000004
2025,11,TUR.12.19_1,0.04774809389847267,0.375
2025,11,TUR.12.1_1,0.049278401743967075,0.519
2025,11,TUR.12.2_1,0.04799194147937507,0.3850000000000001
2025,11,TUR.12.3_1,0.04917139419174232,0.538
2025,11,TUR.12.4_1,0.04688464092705593,0.345
2025,11,TUR.12.5_1,0.048992528892606316,0.44300000000000006
2025,11,TUR.12.6_1,0.04461553550165871,0.2869999999999999
2025,11,TUR.12.7_1,0.04919987321002361,0.46599999999999997
2025,11,TUR.12.8_1,0.04929734837211439,0.487
2025,11,TUR.12.9_1,0.049086254342246206,0.45200000000000007
2025,11,TUR.13.1_1,0.04866261851135792,0.41899999999999993
2025,11,TUR.13.2_1,0.04779859104599205,0.3770000000000001
2025,11,TUR.13.3_1,0.04841571960633198,0.405
2025,11,TUR.13.4_1,0.045695339975136744,0.31200000000000006
2025,11,TUR.14.1_1,0.04265009852573865,0.249
2025,11,TUR.14.2_1,0.042418657032918014,0.245
2025,11,TUR.14.3_1,0.04378685054716181,0.27
2025,11,TUR.14.4_1,0.039816299228720445,0.20499999999999996
2025,11,TUR.14.5_1,0.04553326597806426,0.30800000000000005
2025,11,TUR.14.6_1,0.03876960186476109,0.19100000000000006
2025,11,TUR.15.1_1,0.031103974767997058,0.1120000000000001
2025,11,TUR.15.2_1,0.029978868048214594,0.10299999999999998
2025,11,TUR.15.3_1,0.030234762668607886,0.10499999999999998
2025,11,TUR.16.1_1,0.042301081720291366,0.243
2025,11,TUR.16.2_1,0.04342221915101733,0.263
2025,11,TUR.16.3_1,0.042707193501211126,0.25
2025,11,TUR.16.4_1,0.045197045279087404,0.30000000000000004
2025,11,TUR.16.5_1,0.04681986331775376,0.34299999999999997
2025,11,TUR.16.6_1,0.04320752428803497,0.259
2025,11,TUR.16.7_1,0.044427634702780626,0.2829999999999999
2025,11,TUR.16.8_1,0.03780928727550324,0.17900000000000005
2025,11,TUR.17.1_1,0.03250598213827357,0.12400000000000011
2025,11,TUR.17.2_1,0.03687369853356853,0.16800000000000004
2025,11,TUR.17.3_1,0.029456448892262486,0.09899999999999998
2025,11,TUR.17.4_1,0.034016809103003566,0.138
2025,11,TUR.17.5_1,0.0377264817893947,0.17799999999999994
2025,11,TUR.17.6_1,0.032393117707265114,0.12299999999999989
2025,11,TUR.17.7_1,0.033491589996089595,0.133
2025,11,TUR.17.8_1,0.027505554629489923,0.08499999999999996
2025,11,TUR.18.1_1,0.03853517503352878,0.18800000000000006
2025,11,TUR.18.2_1,0.03633958081358364,0.16200000000000003
2025,11,TUR.18.3_1,0.03747541020585919,0.17500000000000004
2025,11,TUR.18.4_1,0.03338468054825909,0.132
2025,11,TUR.18.5_1,0.036429811823056074,0.16300000000000003
2025,11,TUR.18.6_1,0.03606591516318372,0.15900000000000003
2025,11,TUR.18.7_1,0.04175636740944833,0.23399999999999999
2025,11,TUR.19.1_1,0.0386918688155058,0.18999999999999995
2025,11,TUR.19.2_1,0.03704792626203052,0.17000000000000004
2025,11,TUR.19.3_1,0.04187965327748944,0.236
2025,11,TUR.19.4_1,0.03730578672438426,0.17300000000000004
2025,11,TUR.19.5_1,0.04347516784065807,0.264
2025,11,TUR.19.6_1,0.04187965327748944,0.236
2025,11,TUR.19.7_1,0.04003083554183499,0.20800000000000007
2025,11,TUR.19.8_1,0.04065473594768187,0.21700000000000008
2025,11,TUR.19.9_1,0.0421822562817251,0.241
2025,11,TUR.2.1_1,0.04298813690453435,0.255
2025,11,TUR.2.2_1,0.03651955353286177,0.16400000000000003
2025,11,TUR.2.3_1,0.03967140451383029,0.20300000000000007
2025,11,TUR.2.4_1,0.043261635172466846,0.26
2025,11,TUR.2.5_1,0.04461553550165871,0.2869999999999999
2025,11,TUR.2.6_1,0.045066754559637344,0.29699999999999993
2025,11,TUR.2.7_1,0.04716483144562535,0.3540000000000001
2025,11,TUR.2.8_1,0.03739082473149449,0.17399999999999993
2025,11,TUR.2.9_1,0.03988818341171357,0.20599999999999996
2025,11,TUR.20.10_1,0.04010160745971264,0.20900000000000007
2025,11,TUR.20.11_1,0.04175636740944833,0.23399999999999999
2025,11,TUR.20.1_1,0.043153120135473684,0.258
2025,11,TUR.20.2_1,0.04194081241318115,0.237
2025,11,TUR.20.3_1,0.044427634702780626,0.2829999999999999
2025,11,TUR.20.4_1,0.03959838986050318,0.20200000000000007
2025,11,TUR.20.5_1,0.04298813690453435,0.255
2025,11,TUR.20.6_1,0.042418657032918014,0.245
2025,11,TUR.20.7_1,0.04287666106815927,0.253
2025,11,TUR.20.8_1,0.04045000283720392,0.21399999999999997
2025,11,TUR.20.9_1,0.045574158679044414,0.30899999999999994
2025,11,TUR.21.10_1,0.03755954620483949,0.17599999999999993
2025,11,TUR.21.11_1,0.031103974767997058,0.1120000000000001
2025,11,TUR.21.12_1,0.03952499421896011,0.20100000000000007
2025,11,TUR.21.13_1,0.025656753037388742,0.07299999999999995
2025,11,TUR.21.14_1,0.03250598213827357,0.12400000000000011
2025,11,TUR.21.15_1,0.02971946105428906,0.10099999999999998
2025,11,TUR.21.16_1,0.027940820284827163,0.08799999999999997
2025,11,TUR.21.17_1,0.032840471141942086,0.127
2025,11,TUR.21.1_1,0.02286618279231679,0.05700000000000005
2025,11,TUR.21.2_1,0.032729651843363065,0.126
2025,11,TUR.21.3_1,0.033168948130073914,0.13
2025,11,TUR.21.4_1,0.021083343744920283,0.04800000000000004
2025,11,TUR.21.5_1,0.031103974767997058,0.1120000000000001
2025,11,TUR.21.6_1,0.033168948130073914,0.13
2025,11,TUR.21.7_1,0.03805508905034151,0.18199999999999994
2025,11,TUR.21.8_1,0.021495482675280998,0.050000000000000044
2025,11,TUR.21.9_1,0.03146450850879194,0.11499999999999988
2025,11,TUR.22.10_1,0.03569394912267843,0.15500000000000003
2025,11,TUR.22.11_1,0.04003083554183499,0.20800000000000007
2025,11,TUR.22.12_1,0.035504861044643454,0.15300000000000002
2025,11,TUR.22.1_1,0.03900037497023978,0.19399999999999995
2025,11,TUR.22.2_1,0.03615763622326992,0.16000000000000003
2025,11,TUR.22.3_1,0.03739082473149449,0.17399999999999993
2025,11,TUR.22.5_1,0.03615763622326992,0.16000000000000003
2025,11,TUR.22.6_1,0.03813616077668737,0.18300000000000005
2025,11,TUR.22.7_1,0.04010160745971264,0.20900000000000007
2025,11,TUR.22.8_1,0.03915222580685154,0.19599999999999995
2025,11,TUR.22.9_1,0.03915222580685154,0.19599999999999995
2025,11,TUR.23.10_1,0.03755954620483949,0.17599999999999993
2025,11,TUR.23.11_1,0.03930249996529487,0.19800000000000006
2025,11,TUR.23.12_1,0.03805508905034151,0.18199999999999994
2025,11,TUR.23.1_1,0.03907649861764752,0.19500000000000006
2025,11,TUR.23.2_1,0.03907649861764752,0.19500000000000006
2025,11,TUR.23.3_1,0.037134340659731674,0.17100000000000004
2025,11,TUR.23.4_1,0.0386918688155058,0.18999999999999995
2025,11,TUR.23.5_1,0.03813616077668737,0.18300000000000005
2025,11,TUR.23.6_1,0.04456896195634114,0.28600000000000003
2025,11,TUR.23.7_1,0.03974404027870705,0.20399999999999985
2025,11,TUR.23.8_1,0.03915222580685154,0.19599999999999995
2025,11,TUR.23.9_1,0.044427634702780626,0.2829999999999999
2025,11,TUR.24.10_1,0.040586845998924884,0.21599999999999986
2025,11,TUR.24.11_1,0.04065473594768187,0.21700000000000008
2025,11,TUR.24.12_1,0.04304342757190176,0.256
2025,11,TUR.24.13_1,0.03930249996529487,0.19800000000000006
2025,11,TUR.24.14_1,0.0414424409097459,0.2290000000000001
2025,11,TUR.24.1_1,0.04024205274664436,0.21099999999999997
2025,11,TUR.24.2_1,0.039816299228720445,0.20499999999999996
2025,11,TUR.24.3_1,0.03959838986050318,0.20200000000000007
2025,11,TUR.24.4_1,0.042360024989151694,0.2440000000000001
2025,11,TUR.24.5_1,0.039959694850211,0.20699999999999996
2025,11,TUR.24.6_1,0.04276398478000556,0.251
2025,11,TUR.24.7_1,0.04150588489181781,0.22999999999999987
2025,11,TUR.24.8_1,0.04112020456396412,0.22399999999999998
2025,11,TUR.24.9_1,0.04212237146341945,0.24
2025,11,TUR.25.10_1,0.0415689980366121,0.23099999999999998
2025,11,TUR.25.11_1,0.04253499258640828,0.247
2025,11,TUR.25.12_1,0.04092279257964584,0.22099999999999997
2025,11,TUR.25.13_1,0.04276398478000556,0.251
2025,11,TUR.25.14_1,0.043153120135473684,0.258
2025,11,TUR.25.15_1,0.04452212120566338,0.28500000000000003
2025,11,TUR.25.16_1,0.04716483144562535,0.3540000000000001
2025,11,TUR.25.17_1,0.04604556433516866,0.32100000000000006
2025,11,TUR.25.18_1,0.040586845998924884,0.21599999999999986
2025,11,TUR.25.19_1,0.04175636740944833,0.23399999999999999
2025,11,TUR.25.1_1,0.039451215462812286,0.19999999999999996
2025,11,TUR.25.2_1,0.0466875383137864,0.33899999999999997
2025,11,TUR.25.3_1,0.04358020260831933,0.266
2025,11,TUR.25.4_1,0.043261635172466846,0.26
2025,11,TUR.25.5_1,0.04276398478000556,0.251
2025,11,TUR.25.6_1,0.043988989788542626,0.274
2025,11,TUR.25.7_1,0.042707193501211126,0.25
2025,11,TUR.25.8_1,0.044753661223654234,0.29000000000000004
2025,11,TUR.25.9_1,0.039959694850211,0.20699999999999996
2025,11,TUR.26.10_1,0.04298813690453435,0.255
2025,11,TUR.26.11_1,0.03606591516318372,0.15900000000000003
2025,11,TUR.26.12_1,0.03821680598848177,0.18399999999999994
2025,11,TUR.26.13_1,0.046653877165014464,0.3380000000000001
2025,11,TUR.26.14_1,0.0392275588338907,0.19700000000000006
2025,11,TUR.26.1_1,0.044844424119052026,0.2919999999999999
2025,11,TUR.26.2_1,0.0440883880814995,0.276
2025,11,TUR.26.3_1,0.04358020260831933,0.266
2025,11,TUR.26.4_1,0.04175636740944833,0.23399999999999999
2025,11,TUR.26.5_1,0.0414424409097459,0.2290000000000001
2025,11,TUR.26.6_1,0.04125010863491782,0.22599999999999998
2025,11,TUR.26.7_1,0.04253499258640828,0.247
2025,11,TUR.26.8_1,0.040586845998924884,0.21599999999999986
2025,11,TUR.26.9_1,0.04131455432928723,0.22699999999999998
2025,11,TUR.27.1_1,0.04916377721482547,0.46099999999999997
2025,11,TUR.27.2_1,0.04835751945957893,0.402
2025,11,TUR.27.3_1,0.04739854620761542,0.362
2025,11,TUR.27.4_1,0.04540908163273409,0.30499999999999994
2025,11,TUR.27.5_1,0.04728347907869092,0.3579999999999999
2025,11,TUR.27.6_1,0.04433206913731389,0.281
2025,11,TUR.27.7_1,0.04814988119262943,0.392
2025,11,TUR.27.8_1,0.043988989788542626,0.274
2025,11,TUR.28.1_1,0.03805508905034151,0.18199999999999994
2025,11,TUR.28.2_1,0.03780928727550324,0.17900000000000005
2025,11,TUR.28.3_1,0.03633958081358364,0.16200000000000003
2025,11,TUR.28.4_1,0.03755954620483949,0.17599999999999993
2025,11,TUR.28.5_1,0.032840471141942086,0.127
2025,11,TUR.28.6_1,0.03559966725091553,0.15400000000000003
2025,11,TUR.28.7_1,0.03606591516318372,0.15900000000000003
2025,11,TUR.28.8_1,0.03391298971328568,0.137
2025,11,TUR.28.9_1,0.03359786973370498,0.134
2025,11,TUR.29.10_1,0.03704792626203052,0.17000000000000004
2025,11,TUR.29.11_1,0.0415689980366121,0.23099999999999998
2025,11,TUR.29.1_1,0.04437998723670003,0.28200000000000003
2025,11,TUR.29.2_1,0.03521725395583712,0.15000000000000002
2025,11,TUR.29.3_1,0.03892385253856027,0.19300000000000006
2025,11,TUR.29.4_1,0.04200165089770341,0.238
2025,11,TUR.29.5_1,0.03704792626203052,0.17000000000000004
2025,11,TUR.29.6_1,0.04388847982885752,0.272
2025,11,TUR.29.7_1,0.04051860222570782,0.21499999999999997
2025,11,TUR.29.8_1,0.039959694850211,0.20699999999999996
2025,11,TUR.29.9_1,0.04608325844466175,0.32200000000000006
2025,11,TUR.3.10_1,0.040172012552874455,0.21000000000000008
2025,11,TUR.3.11_1,0.03988818341171357,0.20599999999999996
2025,11,TUR.3.12_1,0.03930249996529487,0.19800000000000006
2025,11,TUR.3.13_1,0.04125010863491782,0.22599999999999998
2025,11,TUR.3.14_1,0.044427634702780626,0.2829999999999999
2025,11,TUR.3.15_1,0.04092279257964584,0.22099999999999997
2025,11,TUR.3.16_1,0.03861372736657929,0.18899999999999995
2025,11,TUR.3.17_1,0.04247697914036585,0.24599999999999989
2025,11,TUR.3.18_1,0.04253499258640828,0.247
2025,11,TUR.3.1_1,0.044753661223654234,0.29000000000000004
2025,11,TUR.3.2_1,0.040172012552874455,0.21000000000000008
2025,11,TUR.3.3_1,0.04247697914036585,0.24599999999999989
2025,11,TUR.3.4_1,0.04187965327748944,0.236
2025,11,TUR.3.5_1,0.042241825923508114,0.24199999999999988
2025,11,TUR.3.6_1,0.04347516784065807,0.264
2025,11,TUR.3.7_1,0.04150588489181781,0.22999999999999987
2025,11,TUR.3.8_1,0.042360024989151694,0.2440000000000001
2025,11,TUR.3.9_1,0.04383780558780022,0.271
2025,11,TUR.30.1_1,0.02932356061028363,0.09799999999999998
2025,11,TUR.30.2_1,0.032840471141942086,0.127
2025,11,TUR.30.3_1,0.030612211248766067,0.10799999999999998
2025,11,TUR.30.4_1,0.0362488568505361,0.16100000000000003
2025,11,TUR.30.5_1,0.03569394912267843,0.15500000000000003
2025,11,TUR.30.6_1,0.02971946105428906,0.10099999999999998
2025,11,TUR.30.7_1,0.030612211248766067,0.10799999999999998
2025,11,TUR.30.8_1,0.03010724877881841,0.10399999999999998
2025,11,TUR.30.9_1,0.030982236630542767,0.11099999999999999
2025,11,TUR.31.10_1,0.034324682991112576,0.14100000000000001
2025,11,TUR.31.11_1,0.027505554629489923,0.08499999999999996
2025,11,TUR.31.12_1,0.029978868048214594,0.10299999999999998
2025,11,TUR.31.13_1,0.03010724877881841,0.10399999999999998
2025,11,TUR.31.14_1,0.029849609292163983,0.10199999999999998
2025,11,TUR.31.15_1,0.029054956426915066,0.09599999999999997
2025,11,TUR.31.16_1,0.02864478154528721,0.09299999999999997
2025,11,TUR.31.17_1,0.02971946105428906,0.10099999999999998
2025,11,TUR.31.18_1,0.027060054285653824,0.08199999999999996
2025,11,TUR.31.19_1,0.03146450850879194,0.11499999999999988
2025,11,TUR.31.1_1,0.02690919227336117,0.08099999999999996
2025,11,TUR.31.2_1,0.027505554629489923,0.08499999999999996
2025,11,TUR.31.3_1,0.030487233358928344,0.10699999999999998
2025,11,TUR.31.4_1,0.028225545730142264,0.08999999999999997
2025,11,TUR.31.5_1,0.030487233358928344,0.10699999999999998
2025,11,TUR.31.6_1,0.028919214262361676,0.09499999999999997
2025,11,TUR.31.7_1,0.033491589996089595,0.133
2025,11,TUR.31.8_1,0.027940820284827163,0.08799999999999997
2025,11,TUR.31.9_1,0.027060054285653824,0.08199999999999996
2025,11,TUR.32.10_1,0.04163178184876155,0.23199999999999998
2025,11,TUR.32.11_1,0.04175636740944833,0.23399999999999999
2025,11,TUR.32.12_1,0.04024205274664436,0.21099999999999997
2025,11,TUR.32.13_1,0.04206217012242035,0.23899999999999988
2025,11,TUR.32.1_1,0.04276398478000556,0.251
2025,11,TUR.32.2_1,0.043988989788542626,0.274
2025,11,TUR.32.3_1,0.0421822562817251,0.241
2025,11,TUR.32.4_1,0.04212237146341945,0.24
2025,11,TUR.32.5_1,0.040172012552874455,0.21000000000000008
2025,11,TUR.32.6_1,0.04320752428803497,0.259
2025,11,TUR.32.7_1,0.0430984216041852,0.257
2025,11,TUR.32.8_1,0.0462316235363915,0.32600000000000007
2025,11,TUR.32.9_1,0.04293254845601885,0.254
2025,11,TUR.33.1_1,0.022676728861398116,0.05600000000000005
2025,11,TUR.33.2_1,0.0267571161504167,0.07999999999999996
2025,11,TUR.33.3_1,0.024997684506960365,0.06900000000000006
2025,11,TUR.33.4_1,0.025817949674587202,0.07399999999999995
2025,11,TUR.33.5_1,0.02323920217710033,0.05900000000000005
2025,11,TUR.33.6_1,0.023784699051759204,0.062000000000000055
2025,11,TUR.33.7_1,0.02597777164033627,0.07499999999999996
2025,11,TUR.33.8_1,0.02690919227336117,0.08099999999999996
2025,11,TUR.33.9_1,0.022095982690489686,0.05300000000000005
2025,11,TUR.34.10_1,0.03755954620483949,0.17599999999999993
2025,11,TUR.34.11_1,0.047618041971247235,0.37
2025,11,TUR.34.12_1,0.0475373845679177,0.367
2025,11,TUR.34.13_1,0.04681986331775376,0.34299999999999997
2025,11,TUR.34.14_1,0.032729651843363065,0.126
2025,11,TUR.34.15_1,0.04779859104599205,0.3770000000000001
2025,11,TUR.34.16_1,0.04253499258640828,0.247
2025,11,TUR.34.1_1,0.03370352571823653,0.135
2025,11,TUR.34.2_1,0.04437998723670003,0.28200000000000003
2025,11,TUR.34.3_1,0.03359786973370498,0.134
2025,11,TUR.34.4_1,0.04368409413128377,0.268
2025,11,TUR.34.5_1,0.035787710803972736,0.15600000000000003
2025,11,TUR.34.6_1,0.03907649861764752,0.19500000000000006
2025,11,TUR.34.7_1,0.047194830489016126,0.355
2025,11,TUR.34.8_1,0.0477734509529057,0.376
2025,11,TUR.34.9_1,0.04745474525398454,0.364
2025,11,TUR.35.1_1,0.02836632239261895,0.09099999999999997
2025,11,TUR.35.2_1,0.030982236630542767,0.11099999999999999
2025,11,TUR.35.3_1,0.034324682991112576,0.14100000000000001
2025,11,TUR.35.4_1,0.03146450850879194,0.11499999999999988
2025,11,TUR.35.5_1,0.030859703043186852,0.10999999999999999
2025,11,TUR.35.6_1,0.032950622526466536,0.128
2025,11,TUR.36.1_1,0.029189734109913792,0.09699999999999998
2025,11,TUR.36.2_1,0.02613624415281168,0.07599999999999996
2025,11,TUR.36.3_1,0.03205031895294551,0.12
2025,11,TUR.36.4_1,0.027060054285653824,0.08199999999999996
2025,11,TUR.37.10_1,0.03892385253856027,0.19300000000000006
2025,11,TUR.37.11_1,0.032840471141942086,0.127
2025,11,TUR.37.12_1,0.028225545730142264,0.08999999999999997
2025,11,TUR.37.1_1,0.026449237635727308,0.07799999999999996
2025,11,TUR.37.2_1,0.02971946105428906,0.10099999999999998
2025,11,TUR.37.3_1,0.029189734109913792,0.09699999999999998
2025,11,TUR.37.4_1,0.03227955730550973,0.12200000000000011
2025,11,TUR.37.5_1,0.024659179385644596,0.06699999999999995
2025,11,TUR.37.6_1,0.03559966725091553,0.15400000000000003
2025,11,TUR.37.7_1,0.034016809103003566,0.138
2025,11,TUR.37.8_1,0.033808563797603636,0.136
2025,11,TUR.37.9_1,0.034426130668099554,0.14200000000000002
2025,11,TUR.38.1_1,0.03531365871311622,0.15100000000000002
2025,11,TUR.38.2_1,0.04452212120566338,0.28500000000000003
2025,11,TUR.38.3_1,0.03747541020585919,0.17500000000000004
2025,11,TUR.38.4_1,0.032729651843363065,0.126
2025,11,TUR.39.10_1,0.04320752428803497,0.259
2025,11,TUR.39.11_1,0.04298813690453435,0.255
2025,11,TUR.39.12_1,0.042241825923508114,0.24199999999999988
2025,11,TUR.39.13_1,0.04393887424186332,0.273
2025,11,TUR.39.1_1,0.042418657032918014,0.245
2025,11,TUR.39.2_1,0.0436322907628802,0.267
2025,11,TUR.39.3_1,0.04265009852573865,0.249
2025,11,TUR.39.4_1,0.043315453887845745,0.261
2025,11,TUR.39.5_1,0.045450728138743166,0.30600000000000005
2025,11,TUR.39.6_1,0.045197045279087404,0.30000000000000004
2025,11,TUR.39.7_1,0.044844424119052026,0.2919999999999999
2025,11,TUR.39.8_1,0.042301081720291366,0.243
2025,11,TUR.39.9_1,0.04437998723670003,0.28200000000000003
2025,11,TUR.4.1_1,0.03010724877881841,0.10399999999999998
2025,11,TUR.4.2_1,0.03338468054825909,0.132
2025,11,TUR.4.3_1,0.030982236630542767,0.11099999999999999
2025,11,TUR.4.4_1,0.028083717034372242,0.08899999999999997
2025,11,TUR.4.5_1,0.03370352571823653,0.135
2025,11,TUR.4.6_1,0.03569394912267843,0.15500000000000003
2025,11,TUR.4.7_1,0.030612211248766067,0.10799999999999998
2025,11,TUR.4.8_1,0.032840471141942086,0.127
2025,11,TUR.40.10_1,0.048756080349333764,0.575
2025,11,TUR.40.11_1,0.042418657032918014,0.245
2025,11,TUR.40.12_1,0.049147945955324505,0.4590000000000001
2025,11,TUR.40.13_1,0.04927455231992934,0.52
2025,11,TUR.40.14_1,0.04163178184876155,0.23199999999999998
2025,11,TUR.40.15_1,0.035409526292269906,0.15200000000000002
2025,11,TUR.40.16_1,0.042360024989151694,0.2440000000000001
2025,11,TUR.40.17_1,0.043315453887845745,0.261
2025,11,TUR.40.18_1,0.049299814845208526,0.488
2025,11,TUR.40.19_1,0.04347516784065807,0.264
2025,11,TUR.40.20_1,0.04906682970510582,0.55
2025,11,TUR.40.21_1,0.04881430348981884,0.571
2025,11,TUR.40.22_1,0.049086254342246206,0.45200000000000007
2025,11,TUR.40.23_1,0.04630436737389991,0.672
2025,11,TUR.40.24_1,0.045066754559637344,0.29699999999999993
2025,11,TUR.40.25_1,0.045450728138743166,0.30600000000000005
2025,11,TUR.40.26_1,0.04694850038824155,0.347
2025,11,TUR.40.27_1,0.045282623422316266,0.30200000000000005
2025,11,TUR.40.28_1,0.04265009852573865,0.249
2025,11,TUR.40.29_1,0.043988989788542626,0.274
2025,11,TUR.40.2_1,0.03907649861764752,0.19500000000000006
2025,11,TUR.40.30_1,0.04383780558780022,0.271
2025,11,TUR.40.31_1,0.03805508905034151,0.18199999999999994
2025,11,TUR.40.32_1,0.0440883880814995,0.276
2025,11,TUR.40.33_1,0.04253499258640828,0.247
2025,11,TUR.40.34_1,0.04336898152187278,0.262
2025,11,TUR.40.35_1,0.04287666106815927,0.253
2025,11,TUR.40.36_1,0.04641169744985238,0.33099999999999996
2025,11,TUR.40.37_1,0.04532502997860004,0.697
2025,11,TUR.40.38_1,0.04751005884784409,0.634
2025,11,TUR.40.39_1,0.03730578672438426,0.17300000000000004
2025,11,TUR.40.3_1,0.04835751945957893,0.598
2025,11,TUR.40.4_1,0.04452212120566338,0.28500000000000003
2025,11,TUR.40.5_1,0.0477734509529057,0.376
2025,11,TUR.40.6_1,0.04859620753737639,0.585
2025,11,TUR.40.7_1,0.04403882742093296,0.725
2025,11,TUR.40.8_1,0.04320752428803497,0.259
2025,11,TUR.40.9_1,0.04931313166817844,0.4969999999999999
2025,11,TUR.41.10_1,0.04839652833011038,0.404
2025,11,TUR.41.11_1,0.04882835038466338,0.42999999999999994
2025,11,TUR.41.12_1,0.048992528892606316,0.44300000000000006
2025,11,TUR.41.13_1,0.04864632421376186,0.41800000000000004
2025,11,TUR.41.14_1,0.04877094183058269,0.42599999999999993
2025,11,TUR.41.15_1,0.04927455231992934,0.52
2025,11,TUR.41.16_1,0.04581428987514457,0.31500000000000006
2025,11,TUR.41.17_1,0.04600762791136711,0.31999999999999995
2025,11,TUR.41.18_1,0.0386918688155058,0.18999999999999995
2025,11,TUR.41.19_1,0.049014761501561505,0.5549999999999999
2025,11,TUR.41.1_1,0.04823546382478605,0.3959999999999999
2025,11,TUR.41.20_1,0.04869459145721362,0.42100000000000004
2025,11,TUR.41.21_1,0.04880005321846285,0.42800000000000005
2025,11,TUR.41.22_1,0.04910487891720576,0.45400000000000007
2025,11,TUR.41.23_1,0.046516897872020804,0.33399999999999996
2025,11,TUR.41.24_1,0.04888250766739093,0.43399999999999994
2025,11,TUR.41.25_1,0.048434702441645314,0.406
2025,11,TUR.41.26_1,0.04452212120566338,0.28500000000000003
2025,11,TUR.41.27_1,0.04728347907869092,0.3579999999999999
2025,11,TUR.41.28_1,0.048992528892606316,0.44300000000000006
2025,11,TUR.41.2_1,0.049278401743967075,0.519
2025,11,TUR.41.3_1,0.045153872242213455,0.29900000000000004
2025,11,TUR.41.4_1,0.04658585548256223,0.3360000000000001
2025,11,TUR.41.5_1,0.043261635172466846,0.26
2025,11,TUR.41.6_1,0.0477734509529057,0.376
2025,11,TUR.41.7_1,0.04841571960633198,0.405
2025,11,TUR.41.8_1,0.04930770673000915,0.492
2025,11,TUR.41.9_1,0.04930602981018073,0.5090000000000001
2025,11,TUR.42.10_1,0.04253499258640828,0.247
2025,11,TUR.42.1_1,0.03789165508891784,0.17999999999999994
2025,11,TUR.42.2_1,0.04065473594768187,0.21700000000000008
2025,11,TUR.42.3_1,0.03739082473149449,0.17399999999999993
2025,11,TUR.42.4_1,0.035504861044643454,0.15300000000000002
2025,11,TUR.42.5_1,0.03678587857708836,0.16700000000000004
2025,11,TUR.42.6_1,0.03422265035212298,0.14
2025,11,TUR.42.7_1,0.043153120135473684,0.258
2025,11,TUR.42.8_1,0.03837682760954864,0.18599999999999994
2025,11,TUR.42.9_1,0.0414424409097459,0.2290000000000001
2025,11,TUR.43.1_1,0.04187965327748944,0.236
2025,11,TUR.43.2_1,0.040311729943021436,0.21199999999999997
2025,11,TUR.43.3_1,0.045197045279087404,0.30000000000000004
2025,11,TUR.43.4_1,0.04092279257964584,0.22099999999999997
2025,11,TUR.43.5_1,0.04423541751568946,0.279
2025,11,TUR.43.6_1,0.04461553550165871,0.2869999999999999
2025,11,TUR.44.1_1,0.03739082473149449,0.17399999999999993
2025,11,TUR.44.2_1,0.04065473594768187,0.21700000000000008
2025,11,TUR.44.3_1,0.04347516784065807,0.264
2025,11,TUR.44.4_1,0.0407222738416092,0.21799999999999986
2025,11,TUR.44.5_1,0.04437998723670003,0.28200000000000003
2025,11,TUR.44.6_1,0.04150588489181781,0.22999999999999987
2025,11,TUR.45.1_1,0.03422265035212298,0.14
2025,11,TUR.45.2_1,0.03036142063943004,0.10599999999999998
2025,11,TUR.45.3_1,0.03181820626954504,0.11799999999999988
2025,11,TUR.45.4_1,0.03073636449250931,0.10899999999999999
2025,11,TUR.45.5_1,0.034324682991112576,0.14100000000000001
2025,11,TUR.45.6_1,0.031224926759328524,0.11299999999999999
2025,11,TUR.45.7_1,0.03036142063943004,0.10599999999999998
2025,11,TUR.45.8_1,0.030234762668607886,0.10499999999999998
2025,11,TUR.46.10_1,0.04181817208376993,0.23499999999999988
2025,11,TUR.46.11_1,0.03606591516318372,0.15900000000000003
2025,11,TUR.46.12_1,0.032950622526466536,0.128
2025,11,TUR.46.13_1,0.045931025715348975,0.31800000000000006
2025,11,TUR.46.14_1,0.041185325910782805,0.2250000000000001
2025,11,TUR.46.15_1,0.04078946142947053,0.21899999999999997
2025,11,TUR.46.16_1,0.042592698632283446,0.2480000000000001
2025,11,TUR.46.17_1,0.0441866822098382,0.278
2025,11,TUR.46.18_1,0.042418657032918014,0.245
2025,11,TUR.46.19_1,0.04003083554183499,0.20800000000000007
2025,11,TUR.46.1_1,0.04713460693292685,0.3530000000000001
2025,11,TUR.46.20_1,0.043261635172466846,0.26
2025,11,TUR.46.2_1,0.0347270150445878,0.14500000000000002
2025,11,TUR.46.3_1,0.04010160745971264,0.20900000000000007
2025,11,TUR.46.4_1,0.04403882742093296,0.275
2025,11,TUR.46.5_1,0.03907649861764752,0.19500000000000006
2025,11,TUR.46.6_1,0.04456896195634114,0.28600000000000003
2025,11,TUR.46.7_1,0.046787129017927614,0.3420000000000001
2025,11,TUR.46.8_1,0.03915222580685154,0.19599999999999995
2025,11,TUR.46.9_1,0.04368409413128377,0.268
2025,11,TUR.47.10_1,0.033808563797603636,0.136
2025,11,TUR.47.11_1,0.03764323574228856,0.17700000000000005
2025,11,TUR.47.12_1,0.032729651843363065,0.126
2025,11,TUR.47.13_1,0.0377264817893947,0.17799999999999994
2025,11,TUR.47.14_1,0.03730578672438426,0.17300000000000004
2025,11,TUR.47.15_1,0.040172012552874455,0.21000000000000008
2025,11,TUR.47.16_1,0.04125010863491782,0.22599999999999998
2025,11,TUR.47.1_1,0.0347270150445878,0.14500000000000002
2025,11,TUR.47.2_1,0.03755954620483949,0.17599999999999993
2025,11,TUR.47.3_1,0.03764323574228856,0.17700000000000005
2025,11,TUR.47.4_1,0.037134340659731674,0.17100000000000004
2025,11,TUR.47.5_1,0.04383780558780022,0.271
2025,11,TUR.47.6_1,0.03884692896597934,0.19199999999999995
2025,11,TUR.47.7_1,0.039959694850211,0.20699999999999996
2025,11,TUR.47.8_1,0.045969448573345284,0.31900000000000006
2025,11,TUR.47.9_1,0.03651955353286177,0.16400000000000003
2025,11,TUR.48.1_1,0.044707884311692536,0.28900000000000003
2025,11,TUR.48.2_1,0.047644489094625424,0.371
2025,11,TUR.48.3_1,0.040988939538025564,0.22199999999999998
2025,11,TUR.48.4_1,0.043153120135473684,0.258
2025,11,TUR.49.1_1,0.04393887424186332,0.273
2025,11,TUR.49.2_1,0.04565519501338059,0.31099999999999994
2025,11,TUR.49.3_1,0.04388847982885752,0.272
2025,11,TUR.49.4_1,0.04253499258640828,0.247
2025,11,TUR.49.5_1,0.045614801468342216,0.31000000000000005
2025,11,TUR.49.6_1,0.042360024989151694,0.2440000000000001
2025,11,TUR.49.7_1,0.0421822562817251,0.241
2025,11,TUR.49.8_1,0.041378664568624164,0.2280000000000001
2025,11,TUR.49.9_1,0.04630436737389991,0.32800000000000007
2025,11,TUR.5.1_1,0.04200165089770341,0.238
2025,11,TUR.5.2_1,0.04304342757190176,0.256
2025,11,TUR.5.3_1,0.04358020260831933,0.266
2025,11,TUR.5.4_1,0.03900037497023978,0.19399999999999995
2025,11,TUR.5.5_1,0.0462316235363915,0.32600000000000007
2025,11,TUR.5.6_1,0.04085630043948545,0.21999999999999997
2025,11,TUR.5.7_1,0.04181817208376993,0.23499999999999988
2025,11,TUR.50.1_1,0.04928550758306634,0.483
2025,11,TUR.50.2_1,0.04913131764268012,0.4570000000000001
2025,11,TUR.50.3_1,0.04794489432249727,0.383
2025,11,TUR.50.4_1,0.04931155356590333,0.495
2025,11,TUR.50.5_1,0.048957670883116866,0.43999999999999995
2025,11,TUR.50.6_1,0.04919305161373661,0.4650000000000001
2025,11,TUR.50.7_1,0.04872574487955882,0.42300000000000004
2025,11,TUR.50.8_1,0.04896949162091332,0.44099999999999995
2025,11,TUR.51.1_1,0.04175636740944833,0.23399999999999999
2025,11,TUR.51.2_1,0.0421822562817251,0.241
2025,11,TUR.51.3_1,0.040988939538025564,0.22199999999999998
2025,11,TUR.51.4_1,0.0430984216041852,0.257
2025,11,TUR.51.5_1,0.04200165089770341,0.238
2025,11,TUR.51.6_1,0.04437998723670003,0.28200000000000003
2025,11,TUR.51.7_1,0.040988939538025564,0.22199999999999998
2025,11,TUR.52.1_1,0.02431436212030243,0.06499999999999995
2025,11,TUR.52.2_1,0.03892385253856027,0.19300000000000006
2025,11,TUR.52.3_1,0.0347270150445878,0.14500000000000002
2025,11,TUR.52.4_1,0.028919214262361676,0.09499999999999997
2025,11,TUR.52.5_1,0.03216529356158003,0.12099999999999989
2025,11,TUR.52.6_1,0.036429811823056074,0.16300000000000003
2025,11,TUR.52.7_1,0.03559966725091553,0.15400000000000003
2025,11,TUR.53.10_1,0.03876960186476109,0.19100000000000006
2025,11,TUR.53.11_1,0.0415689980366121,0.23099999999999998
2025,11,TUR.53.12_1,0.03907649861764752,0.19500000000000006
2025,11,TUR.53.13_1,0.041694237816008395,0.23299999999999987
2025,11,TUR.53.14_1,0.04024205274664436,0.21099999999999997
2025,11,TUR.53.15_1,0.03907649861764752,0.19500000000000006
2025,11,TUR.53.16_1,0.03959838986050318,0.20200000000000007
2025,11,TUR.53.17_1,0.03559966725091553,0.15400000000000003
2025,11,TUR.53.18_1,0.04368409413128377,0.268
2025,11,TUR.53.19_1,0.0414424409097459,0.2290000000000001
2025,11,TUR.53.1_1,0.03959838986050318,0.20200000000000007
2025,11,TUR.53.20_1,0.04163178184876155,0.23199999999999998
2025,11,TUR.53.21_1,0.04163178184876155,0.23199999999999998
2025,11,TUR.53.22_1,0.0421822562817251,0.241
2025,11,TUR.53.23_1,0.04423541751568946,0.279
2025,11,TUR.53.24_1,0.042592698632283446,0.2480000000000001
2025,11,TUR.53.25_1,0.04181817208376993,0.23499999999999988
2025,11,TUR.53.26_1,0.04600762791136711,0.31999999999999995
2025,11,TUR.53.27_1,0.040586845998924884,0.21599999999999986
2025,11,TUR.53.28_1,0.03261815782307102,0.125
2025,11,TUR.53.29_1,0.04010160745971264,0.20900000000000007
2025,11,TUR.53.2_1,0.039451215462812286,0.19999999999999996
2025,11,TUR.53.30_1,0.0421822562817251,0.241
2025,11,TUR.53.31_1,0.04085630043948545,0.21999999999999997
2025,11,TUR.53.3_1,0.041378664568624164,0.2280000000000001
2025,11,TUR.53.4_1,0.04212237146341945,0.24
2025,11,TUR.53.5_1,0.043735613725489,0.269
2025,11,TUR.53.6_1,0.04045000283720392,0.21399999999999997
2025,11,TUR.53.7_1,0.0415689980366121,0.23099999999999998
2025,11,TUR.53.8_1,0.04187965327748944,0.236
2025,11,TUR.53.9_1,0.04051860222570782,0.21499999999999997
2025,11,TUR.54.10_1,0.04287666106815927,0.253
2025,11,TUR.54.11_1,0.04200165089770341,0.238
2025,11,TUR.54.12_1,0.042707193501211126,0.25
2025,11,TUR.54.13_1,0.042592698632283446,0.2480000000000001
2025,11,TUR.54.1_1,0.03900037497023978,0.19399999999999995
2025,11,TUR.54.2_1,0.04065473594768187,0.21700000000000008
2025,11,TUR.54.3_1,0.04051860222570782,0.21499999999999997
2025,11,TUR.54.4_1,0.0421822562817251,0.241
2025,11,TUR.54.5_1,0.040586845998924884,0.21599999999999986
2025,11,TUR.54.6_1,0.04038104602105371,0.21299999999999986
2025,11,TUR.54.7_1,0.04038104602105371,0.21299999999999986
2025,11,TUR.54.8_1,0.03959838986050318,0.20200000000000007
2025,11,TUR.54.9_1,0.04378685054716181,0.27
2025,11,TUR.55.10_1,0.03462729167160481,0.14400000000000002
2025,11,TUR.55.11_1,0.044707884311692536,0.28900000000000003
2025,11,TUR.55.12_1,0.03959838986050318,0.20200000000000007
2025,11,TUR.55.13_1,0.043315453887845745,0.261
2025,11,TUR.55.14_1,0.03678587857708836,0.16700000000000004
2025,11,TUR.55.1_1,0.03829702738016549,0.18500000000000005
2025,11,TUR.55.2_1,0.04112020456396412,0.22399999999999998
2025,11,TUR.55.3_1,0.03813616077668737,0.18300000000000005
2025,11,TUR.55.4_1,0.04342221915101733,0.263
2025,11,TUR.55.5_1,0.037134340659731674,0.17100000000000004
2025,11,TUR.55.6_1,0.03780928727550324,0.17900000000000005
2025,11,TUR.55.7_1,0.04010160745971264,0.20900000000000007
2025,11,TUR.55.8_1,0.035787710803972736,0.15600000000000003
2025,11,TUR.55.9_1,0.035787710803972736,0.15600000000000003
2025,11,TUR.56.10_1,0.049036190542261444,0.44700000000000006
2025,11,TUR.56.11_1,0.04892099850254638,0.43699999999999994
2025,11,TUR.56.12_1,0.04523996209628829,0.30100000000000005
2025,11,TUR.56.13_1,0.04789698859334505,0.381
2025,11,TUR.56.14_1,0.04304342757190176,0.256
2025,11,TUR.56.15_1,0.047722519536849896,0.374
2025,11,TUR.56.16_1,0.04831767380824391,0.40000000000000013
2025,11,TUR.56.1_1,0.048060907894630085,0.388
2025,11,TUR.56.2_1,0.047968525063499766,0.384
2025,11,TUR.56.3_1,0.04767071749009322,0.372
2025,11,TUR.56.4_1,0.042820473570468434,0.252
2025,11,TUR.56.5_1,0.047224604492781756,0.356
2025,11,TUR.56.6_1,0.044844424119052026,0.2919999999999999
2025,11,TUR.56.7_1,0.04713460693292685,0.3530000000000001
2025,11,TUR.56.8_1,0.0462316235363915,0.32600000000000007
2025,11,TUR.56.9_1,0.04466184267754451,0.28800000000000003
2025,11,TUR.57.10_1,0.04247697914036585,0.24599999999999989
2025,11,TUR.57.1_1,0.04466184267754451,0.28800000000000003
2025,11,TUR.57.2_1,0.043527828645221735,0.265
2025,11,TUR.57.3_1,0.046516897872020804,0.33399999999999996
2025,11,TUR.57.4_1,0.04112020456396412,0.22399999999999998
2025,11,TUR.57.5_1,0.044283879526092584,0.28
2025,11,TUR.57.6_1,0.043153120135473684,0.258
2025,11,TUR.57.7_1,0.04253499258640828,0.247
2025,11,TUR.57.8_1,0.03952499421896011,0.20100000000000007
2025,11,TUR.57.9_1,0.042592698632283446,0.2480000000000001
2025,11,TUR.58.10_1,0.030859703043186852,0.10999999999999999
2025,11,TUR.58.1_1,0.0222916822971429,0.05400000000000005
2025,11,TUR.58.2_1,0.02169794434875561,0.051000000000000045
2025,11,TUR.58.3_1,0.023962960224916317,0.06300000000000006
2025,11,TUR.58.4_1,0.02000739716639953,0.04300000000000004
2025,11,TUR.58.5_1,0.01478466868075562,0.02300000000000002
2025,11,TUR.58.6_1,0.01761856786710592,0.03300000000000003
2025,11,TUR.58.7_1,0.02360467962596761,0.06099999999999994
2025,11,TUR.58.8_1,0.018125837223841926,0.03500000000000003
2025,11,TUR.58.9_1,0.02360467962596761,0.06099999999999994
2025,11,TUR.59.10_1,0.04931155356590333,0.5049999999999999
2025,11,TUR.59.11_1,0.04845347708103587,0.40700000000000003
2025,11,TUR.59.12_1,0.04801514388369464,0.386
2025,11,TUR.59.1_1,0.049257176818082164,0.524
2025,11,TUR.59.2_1,0.04742675660793199,0.363
2025,11,TUR.59.3_1,0.049309186317792034,0.507
2025,11,TUR.59.4_1,0.04634038160147463,0.32900000000000007
2025,11,TUR.59.5_1,0.046516897872020804,0.33399999999999996
2025,11,TUR.59.6_1,0.0477734509529057,0.376
2025,11,TUR.59.7_1,0.04898111090963323,0.558
2025,11,TUR.59.8_1,0.04698008698541929,0.348
2025,11,TUR.59.9_1,0.04910487891720576,0.45400000000000007
2025,11,TUR.6.1_1,0.04175636740944833,0.23399999999999999
2025,11,TUR.6.2_1,0.04038104602105371,0.21299999999999986
2025,11,TUR.6.3_1,0.035409526292269906,0.15200000000000002
2025,11,TUR.6.4_1,0.04342221915101733,0.263
2025,11,TUR.6.5_1,0.045282623422316266,0.30200000000000005
2025,11,TUR.6.6_1,0.04347516784065807,0.264
2025,11,TUR.6.7_1,0.044427634702780626,0.2829999999999999
2025,11,TUR.60.1_1,0.03678587857708836,0.16700000000000004
2025,11,TUR.60.2_1,0.03884692896597934,0.19199999999999995
2025,11,TUR.60.3_1,0.03755954620483949,0.17599999999999993
2025,11,TUR.60.4_1,0.03412002750331444,0.139
2025,11,TUR.60.5_1,0.0377264817893947,0.17799999999999994
2025,11,TUR.60.6_1,0.03146450850879194,0.11499999999999988
2025,11,TUR.61.1_1,0.04024205274664436,0.21099999999999997
2025,11,TUR.61.2_1,0.03853517503352878,0.18800000000000006
2025,11,TUR.61.3_1,0.03876960186476109,0.19100000000000006
2025,11,TUR.61.4_1,0.03837682760954864,0.18599999999999994
2025,11,TUR.61.5_1,0.03952499421896011,0.20100000000000007
2025,11,TUR.61.6_1,0.0407222738416092,0.21799999999999986
2025,11,TUR.61.7_1,0.041185325910782805,0.2250000000000001
2025,11,TUR.61.8_1,0.03876960186476109,0.19100000000000006
2025,11,TUR.62.1_1,0.034324682991112576,0.14100000000000001
2025,11,TUR.62.2_1,0.03730578672438426,0.17300000000000004
2025,11,TUR.62.3_1,0.03502281513837547,0.14800000000000002
2025,11,TUR.62.4_1,0.03755954620483949,0.17599999999999993
2025,11,TUR.62.5_1,0.03915222580685154,0.19599999999999995
2025,11,TUR.62.6_1,0.0386918688155058,0.18999999999999995
2025,11,TUR.63.10_1,0.04078946142947053,0.21899999999999997
2025,11,TUR.63.11_1,0.04479917422492878,0.2909999999999999
2025,11,TUR.63.12_1,0.043988989788542626,0.274
2025,11,TUR.63.13_1,0.04433206913731389,0.281
2025,11,TUR.63.14_1,0.048083470111132766,0.389
2025,11,TUR.63.15_1,0.035787710803972736,0.15600000000000003
2025,11,TUR.63.16_1,0.048214385042021364,0.395
2025,11,TUR.63.17_1,0.04565519501338059,0.31099999999999994
2025,11,TUR.63.18_1,0.049147945955324505,0.4590000000000001
2025,11,TUR.63.1_1,0.04206217012242035,0.23899999999999988
2025,11,TUR.63.2_1,0.0415689980366121,0.23099999999999998
2025,11,TUR.63.3_1,0.04549212269146771,0.30699999999999994
2025,11,TUR.63.4_1,0.04585344698686476,0.31599999999999995
2025,11,TUR.63.5_1,0.04841571960633198,0.405
2025,11,TUR.63.6_1,0.04181817208376993,0.23499999999999988
2025,11,TUR.63.7_1,0.04829743654427203,0.399
2025,11,TUR.63.8_1,0.045969448573345284,0.31900000000000006
2025,11,TUR.63.9_1,0.04759137575530915,0.369
2025,11,TUR.64.1_1,0.043988989788542626,0.274
2025,11,TUR.64.2_1,0.04637615811021295,0.33000000000000007
2025,11,TUR.64.3_1,0.04287666106815927,0.253
2025,11,TUR.64.4_1,0.04745474525398454,0.364
2025,11,TUR.64.5_1,0.048214385042021364,0.395
2025,11,TUR.64.6_1,0.04658585548256223,0.3360000000000001
2025,11,TUR.64.7_1,0.04878559939237656,0.42700000000000005
2025,11,TUR.65.10_1,0.04565519501338059,0.31099999999999994
2025,11,TUR.65.11_1,0.046653877165014464,0.3380000000000001
2025,11,TUR.65.12_1,0.04839652833011038,0.404
2025,11,TUR.65.1_1,0.040586845998924884,0.21599999999999986
2025,11,TUR.65.2_1,0.029456448892262486,0.09899999999999998
2025,11,TUR.65.3_1,0.04125010863491782,0.22599999999999998
2025,11,TUR.65.4_1,0.04926626023120356,0.522
2025,11,TUR.65.5_1,0.04105474298308412,0.22299999999999998
2025,11,TUR.65.6_1,0.04092279257964584,0.22099999999999997
2025,11,TUR.65.7_1,0.040586845998924884,0.21599999999999986
2025,11,TUR.65.8_1,0.027651756267795924,0.08599999999999997
2025,11,TUR.65.9_1,0.049086254342246206,0.548
2025,11,TUR.66.10_1,0.027651756267795924,0.08599999999999997
2025,11,TUR.66.11_1,0.032840471141942086,0.127
2025,11,TUR.66.12_1,0.030612211248766067,0.10799999999999998
2025,11,TUR.66.13_1,0.023784699051759204,0.062000000000000055
2025,11,TUR.66.1_1,0.027209722381904684,0.08299999999999996
2025,11,TUR.66.2_1,0.03359786973370498,0.134
2025,11,TUR.66.3_1,0.02613624415281168,0.07599999999999996
2025,11,TUR.66.4_1,0.026293391611834478,0.07699999999999996
2025,11,TUR.66.5_1,0.029054956426915066,0.09599999999999997
2025,11,TUR.66.6_1,0.03338468054825909,0.132
2025,11,TUR.66.7_1,0.030487233358928344,0.10699999999999998
2025,11,TUR.66.8_1,0.030859703043186852,0.10999999999999999
2025,11,TUR.66.9_1,0.03892385253856027,0.19300000000000006
2025,11,TUR.67.10_1,0.04799194147937507,0.3850000000000001
2025,11,TUR.67.11_1,0.04532502997860004,0.30300000000000005
2025,11,TUR.67.12_1,0.04751005884784409,0.366
2025,11,TUR.67.13_1,0.04871027050957946,0.42199999999999993
2025,11,TUR.67.14_1,0.04612071083397134,0.32300000000000006
2025,11,TUR.67.15_1,0.04835751945957893,0.402
2025,11,TUR.67.1_1,0.046516897872020804,0.33399999999999996
2025,11,TUR.67.2_1,0.04523996209628829,0.30100000000000005
2025,11,TUR.67.3_1,0.04523996209628829,0.30100000000000005
2025,11,TUR.67.4_1,0.04779859104599205,0.3770000000000001
2025,11,TUR.67.5_1,0.04878559939237656,0.42700000000000005
2025,11,TUR.67.6_1,0.044707884311692536,0.28900000000000003
2025,11,TUR.67.7_1,0.04456896195634114,0.28600000000000003
2025,11,TUR.67.8_1,0.042820473570468434,0.252
2025,11,TUR.67.9_1,0.04926626023120356,0.47799999999999987
2025,11,TUR.68.10_1,0.01761856786710592,0.03300000000000003
2025,11,TUR.68.11_1,0.019327069523297564,0.040000000000000036
2025,11,TUR.68.1_1,0.017093977664380706,0.030999999999999917
2025,11,TUR.68.2_1,0.02323920217710033,0.05900000000000005
2025,11,TUR.68.3_1,0.01735853480363741,0.03200000000000003
2025,11,TUR.68.4_1,0.0186172016297438,0.03700000000000003
2025,11,TUR.68.5_1,0.016824683036288767,0.030000000000000027
2025,11,TUR.68.6_1,0.02000739716639953,0.04300000000000004
2025,11,TUR.68.7_1,0.01478466868075562,0.02300000000000002
2025,11,TUR.68.8_1,0.019556972661354168,0.041000000000000036
2025,11,TUR.68.9_1,0.017093977664380706,0.030999999999999917
2025,11,TUR.69.1_1,0.0386918688155058,0.18999999999999995
2025,11,TUR.69.2_1,0.040311729943021436,0.21199999999999997
2025,11,TUR.69.3_1,0.03739082473149449,0.17399999999999993
2025,11,TUR.69.4_1,0.04293254845601885,0.254
2025,11,TUR.69.5_1,0.04488941170168404,0.2929999999999999
2025,11,TUR.69.6_1,0.03227955730550973,0.12200000000000011
2025,11,TUR.69.7_1,0.036429811823056074,0.16300000000000003
2025,11,TUR.7.10_1,0.03073636449250931,0.10899999999999999
2025,11,TUR.7.11_1,0.025817949674587202,0.07399999999999995
2025,11,TUR.7.12_1,0.03010724877881841,0.10399999999999998
2025,11,TUR.7.13_1,0.027358216156725183,0.08399999999999996
2025,11,TUR.7.14_1,0.023784699051759204,0.062000000000000055
2025,11,TUR.7.15_1,0.02323920217710033,0.05900000000000005
2025,11,TUR.7.16_1,0.025164649801011775,0.07000000000000006
2025,11,TUR.7.17_1,0.03359786973370498,0.134
2025,11,TUR.7.18_1,0.022485246123515518,0.05500000000000005
2025,11,TUR.7.19_1,0.02932356061028363,0.09799999999999998
2025,11,TUR.7.1_1,0.024139502097579996,0.06400000000000006
2025,11,TUR.7.20_1,0.02597777164033627,0.07499999999999996
2025,11,TUR.7.21_1,0.03216529356158003,0.12099999999999989
2025,11,TUR.7.22_1,0.027060054285653824,0.08199999999999996
2025,11,TUR.7.23_1,0.03158315588279641,0.11599999999999988
2025,11,TUR.7.24_1,0.03606591516318372,0.15900000000000003
2025,11,TUR.7.2_1,0.03559966725091553,0.15400000000000003
2025,11,TUR.7.3_1,0.025656753037388742,0.07299999999999995
2025,11,TUR.7.4_1,0.027358216156725183,0.08399999999999996
2025,11,TUR.7.5_1,0.028225545730142264,0.08999999999999997
2025,11,TUR.7.6_1,0.0267571161504167,0.07999999999999996
2025,11,TUR.7.7_1,0.03780928727550324,0.17900000000000005
2025,11,TUR.7.8_1,0.029456448892262486,0.09899999999999998
2025,11,TUR.7.9_1,0.029978868048214594,0.10299999999999998
2025,11,TUR.70.1_1,0.045450728138743166,0.30600000000000005
2025,11,TUR.70.2_1,0.0421822562817251,0.241
2025,11,TUR.70.3_1,0.03861372736657929,0.18899999999999995
2025,11,TUR.70.4_1,0.04293254845601885,0.254
2025,11,TUR.70.5_1,0.045110442250019825,0.29800000000000004
2025,11,TUR.70.6_1,0.04612071083397134,0.32300000000000006
2025,11,TUR.70.7_1,0.04779859104599205,0.3770000000000001
2025,11,TUR.70.8_1,0.04212237146341945,0.24
2025,11,TUR.70.9_1,0.04589235872572516,0.31700000000000006
2025,11,TUR.71.1_1,0.0267571161504167,0.07999999999999996
2025,11,TUR.71.2_1,0.044427634702780626,0.2829999999999999
2025,11,TUR.71.3_1,0.03482617355271239,0.14600000000000002
2025,11,TUR.71.4_1,0.04452212120566338,0.28500000000000003
2025,11,TUR.71.5_1,0.036429811823056074,0.16300000000000003
2025,11,TUR.71.6_1,0.04247697914036585,0.24599999999999989
2025,11,TUR.71.7_1,0.033808563797603636,0.136
2025,11,TUR.72.10_1,0.030982236630542767,0.11099999999999999
2025,11,TUR.72.11_1,0.03146450850879194,0.11499999999999988
2025,11,TUR.72.12_1,0.03597368984246114,0.15800000000000003
2025,11,TUR.72.13_1,0.032393117707265114,0.12299999999999989
2025,11,TUR.72.14_1,0.032729651843363065,0.126
2025,11,TUR.72.15_1,0.03261815782307102,0.125
2025,11,TUR.72.16_1,0.03391298971328568,0.137
2025,11,TUR.72.17_1,0.03250598213827357,0.12400000000000011
2025,11,TUR.72.1_1,0.033491589996089595,0.133
2025,11,TUR.72.2_1,0.03193462580160344,0.119
2025,11,TUR.72.3_1,0.03422265035212298,0.14
2025,11,TUR.72.4_1,0.03359786973370498,0.134
2025,11,TUR.72.5_1,0.03747541020585919,0.17500000000000004
2025,11,TUR.72.6_1,0.032840471141942086,0.127
2025,11,TUR.72.7_1,0.030234762668607886,0.10499999999999998
2025,11,TUR.72.8_1,0.030612211248766067,0.10799999999999998
2025,11,TUR.72.9_1,0.03146450850879194,0.11499999999999988
2025,11,TUR.73.1_1,0.033491589996089595,0.133
2025,11,TUR.73.2_1,0.03422265035212298,0.14
2025,11,TUR.73.3_1,0.03391298971328568,0.137
2025,11,TUR.73.4_1,0.03170105235404931,0.11699999999999999
2025,11,TUR.73.5_1,0.032729651843363065,0.126
2025,11,TUR.73.6_1,0.03370352571823653,0.135
2025,11,TUR.73.7_1,0.033808563797603636,0.136
2025,11,TUR.73.8_1,0.02864478154528721,0.09299999999999997
2025,11,TUR.73.9_1,0.03391298971328568,0.137
2025,11,TUR.74.10_1,0.04553326597806426,0.30800000000000005
2025,11,TUR.74.11_1,0.03669758339253503,0.16600000000000004
2025,11,TUR.74.12_1,0.04024205274664436,0.21099999999999997
2025,11,TUR.74.1_1,0.03730578672438426,0.17300000000000004
2025,11,TUR.74.2_1,0.03853517503352878,0.18800000000000006
2025,11,TUR.74.3_1,0.03930249996529487,0.19800000000000006
2025,11,TUR.74.4_1,0.043527828645221735,0.265
2025,11,TUR.74.5_1,0.039816299228720445,0.20499999999999996
2025,11,TUR.74.6_1,0.041694237816008395,0.23299999999999987
2025,11,TUR.74.7_1,0.03967140451383029,0.20300000000000007
2025,11,TUR.74.8_1,0.03704792626203052,0.17000000000000004
2025,11,TUR.74.9_1,0.04003083554183499,0.20800000000000007
2025,11,TUR.75.10_1,0.03462729167160481,0.14400000000000002
2025,11,TUR.75.11_1,0.03569394912267843,0.15500000000000003
2025,11,TUR.75.12_1,0.048127956465367445,0.391
2025,11,TUR.75.13_1,0.04852649847216737,0.4109999999999999
2025,11,TUR.75.14_1,0.04433206913731389,0.281
2025,11,TUR.75.15_1,0.04739854620761542,0.362
2025,11,TUR.75.16_1,0.03907649861764752,0.19500000000000006
2025,11,TUR.75.17_1,0.045153872242213455,0.29900000000000004
2025,11,TUR.75.18_1,0.047104156516901585,0.352
2025,11,TUR.75.1_1,0.04713460693292685,0.3530000000000001
2025,11,TUR.75.2_1,0.03722029308279467,0.17199999999999993
2025,11,TUR.75.3_1,0.04737011365684981,0.361
2025,11,TUR.75.4_1,0.047696727518485575,0.373
2025,11,TUR.75.5_1,0.04784822171310597,0.379
2025,11,TUR.75.6_1,0.03261815782307102,0.125
2025,11,TUR.75.7_1,0.04600762791136711,0.31999999999999995
2025,11,TUR.75.8_1,0.03704792626203052,0.17000000000000004
2025,11,TUR.75.9_1,0.040586845998924884,0.21599999999999986
2025,11,TUR.76.1_1,0.03216529356158003,0.12099999999999989
2025,11,TUR.76.2_1,0.032840471141942086,0.127
2025,11,TUR.76.3_1,0.03813616077668737,0.18300000000000005
2025,11,TUR.76.4_1,0.03837682760954864,0.18599999999999994
2025,11,TUR.76.5_1,0.033808563797603636,0.136
2025,11,TUR.76.6_1,0.025330130546950973,0.07099999999999995
2025,11,TUR.76.7_1,0.04003083554183499,0.20800000000000007
2025,11,TUR.76.8_1,0.025330130546950973,0.07099999999999995
2025,11,TUR.77.1_1,0.043315453887845745,0.261
2025,11,TUR.77.2_1,0.045153872242213455,0.29900000000000004
2025,11,TUR.77.3_1,0.04549212269146771,0.30699999999999994
2025,11,TUR.77.4_1,0.045282623422316266,0.30200000000000005
2025,11,TUR.77.5_1,0.044753661223654234,0.29000000000000004
2025,11,TUR.77.6_1,0.0436322907628802,0.267
2025,11,TUR.78.10_1,0.03338468054825909,0.132
2025,11,TUR.78.11_1,0.029456448892262486,0.09899999999999998
2025,11,TUR.78.12_1,0.025330130546950973,0.07099999999999995
2025,11,TUR.78.1_1,0.016550419667573413,0.029000000000000026
2025,11,TUR.78.2_1,0.02360467962596761,0.06099999999999994
2025,11,TUR.78.3_1,0.02836632239261895,0.09099999999999997
2025,11,TUR.78.4_1,0.0222916822971429,0.05400000000000005
2025,11,TUR.78.5_1,0.04085630043948545,0.21999999999999997
2025,11,TUR.78.6_1,0.03412002750331444,0.139
2025,11,TUR.78.7_1,0.037134340659731674,0.17100000000000004
2025,11,TUR.78.8_1,0.02189809004228604,0.052000000000000046
2025,11,TUR.78.9_1,0.03722029308279467,0.17199999999999993
2025,11,TUR.79.1_1,0.048377128364914083,0.403
2025,11,TUR.79.2_1,0.04892099850254638,0.43699999999999994
2025,11,TUR.79.3_1,0.04917139419174232,0.46199999999999997
2025,11,TUR.79.4_1,0.04890837048251516,0.43599999999999994
2025,11,TUR.79.5_1,0.04923663422865001,0.472
2025,11,TUR.79.6_1,0.048992528892606316,0.44300000000000006
2025,11,TUR.8.10_1,0.03073636449250931,0.10899999999999999
2025,11,TUR.8.11_1,0.01978371269543491,0.04200000000000004
2025,11,TUR.8.12_1,0.02864478154528721,0.09299999999999997
2025,11,TUR.8.13_1,0.030859703043186852,0.10999999999999999
2025,11,TUR.8.14_1,0.0362488568505361,0.16100000000000003
2025,11,TUR.8.15_1,0.031818206269545034,0.11799999999999988
2025,11,TUR.8.1_1,0.0186172016297438,0.03700000000000003
2025,11,TUR.8.2_1,0.02864478154528721,0.09299999999999997
2025,11,TUR.8.3_1,0.016824683036288767,0.030000000000000027
2025,11,TUR.8.4_1,0.026449237635727308,0.07799999999999996
2025,11,TUR.8.5_1,0.02597777164033627,0.07499999999999996
2025,11,TUR.8.6_1,0.01885730958491078,0.038000000000000034
2025,11,TUR.8.7_1,0.02189809004228604,0.052000000000000046
2025,11,TUR.8.8_1,0.03391298971328568,0.137
2025,11,TUR.8.9_1,0.023962960224916317,0.06300000000000006
2025,11,TUR.80.10_1,0.03967140451383029,0.20300000000000007
2025,11,TUR.80.11_1,0.04010160745971264,0.20900000000000007
2025,11,TUR.80.12_1,0.03967140451383029,0.20300000000000007
2025,11,TUR.80.13_1,0.03959838986050318,0.20200000000000007
2025,11,TUR.80.14_1,0.041185325910782805,0.2250000000000001
2025,11,TUR.80.1_1,0.03821680598848177,0.18399999999999994
2025,11,TUR.80.2_1,0.04065473594768187,0.21700000000000008
2025,11,TUR.80.3_1,0.03876960186476109,0.19100000000000006
2025,11,TUR.80.4_1,0.03837682760954864,0.18599999999999994
2025,11,TUR.80.5_1,0.03633958081358364,0.16200000000000003
2025,11,TUR.80.6_1,0.040311729943021436,0.21199999999999997
2025,11,TUR.80.7_1,0.03967140451383029,0.20300000000000007
2025,11,TUR.80.8_1,0.039816299228720445,0.20499999999999996
2025,11,TUR.80.9_1,0.04092279257964584,0.22099999999999997
2025,11,TUR.81.1_1,0.049086254342246206,0.45200000000000007
2025,11,TUR.81.2_1,0.04782351451989156,0.3780000000000001
2025,11,TUR.81.3_1,0.047644489094625424,0.371
2025,11,TUR.81.4_1,0.04867870752468123,0.42000000000000004
2025,11,TUR.81.5_1,0.04644700016480913,0.3320000000000001
2025,11,TUR.81.6_1,0.047968525063499766,0.384
2025,11,TUR.9.1_1,0.032393117707265114,0.12299999999999989
2025,11,TUR.9.2_1,0.028782493970377444,0.09399999999999997
2025,11,TUR.9.3_1,0.02690919227336117,0.08099999999999996
2025,11,TUR.9.4_1,0.029054956426915066,0.09599999999999997
2025,11,TUR.9.5_1,0.031103974767997058,0.1120000000000001
2025,11,TUR.9.6_1,0.03146450850879194,0.11499999999999988
2025,11,UKR.14.10_1,0.04265009852573865,0.249
2025,11,UKR.14.18_1,0.041185325910782805,0.2250000000000001
2025,11,UKR.14.19_1,0.040586845998924884,0.21599999999999986
2025,11,UKR.14.22_1,0.04065473594768187,0.21700000000000008
2025,11,UKR.14.23_1,0.03837682760954864,0.18599999999999994
2025,11,UKR.14.7_1,0.04045000283720392,0.21399999999999997
2025,11,UKR.17.11_1,0.048472043766424736,0.4079999999999999
2025,11,UKR.17.12_1,0.04917139419174232,0.46199999999999997
2025,11,UKR.17.22_1,0.04854423570003872,0.4119999999999999
2025,11,UKR.23.10_1,0.0415689980366121,0.23099999999999998
2025,11,UKR.23.11_1,0.03747541020585919,0.17500000000000004
2025,11,UKR.23.12_1,0.0436322907628802,0.267
2025,11,UKR.23.13_1,0.03559966725091553,0.15400000000000003
2025,11,UKR.23.15_1,0.04466184267754451,0.28800000000000003
2025,11,UKR.23.1_1,0.04388847982885752,0.272
2025,11,UKR.23.3_1,0.03900037497023978,0.19399999999999995
2025,11,UKR.23.7_1,0.045969448573345284,0.31900000000000006
2025,11,UKR.23.8_1,0.04206217012242035,0.23899999999999988
2025,11,UKR.25.16_1,0.0430984216041852,0.257
2025,11,UKR.25.19_1,0.0421822562817251,0.241
2025,11,UKR.25.2_1,0.04112020456396412,0.22399999999999998
2025,11,UKR.25.8_1,0.0415689980366121,0.23099999999999998
2025,11,UKR.3.10_1,0.0464820667942262,0.3330000000000001
2025,11,UKR.3.2_1,0.04358020260831933,0.266
2025,11,UKR.3.6_1,0.04619489279993376,0.32499999999999996
2025,11,UKR.3.7_1,0.04003083554183499,0.20800000000000007
2025,11,UKR.3.9_1,0.04342221915101733,0.263
2025,11,UKR.7.16_1,0.03588095637277801,0.15700000000000003
2025,11,XAD.1_1,0.04644700016480913,0.668
2025,11,XAD.2_1,0.048434702441645314,0.594
2025,11,XKO.1.1_1,0.044283879526092584,0.28
2025,11,XKO.1.2_1,0.040988939538025564,0.22199999999999998
2025,11,XKO.1.3_1,0.04368409413128377,0.268
2025,11,XKO.2.1_1,0.0441866822098382,0.278
2025,11,XKO.2.2_1,0.04403882742093296,0.275
2025,11,XKO.2.3_1,0.045022808420897016,0.29600000000000004
2025,11,XKO.3.1_1,0.04105474298308412,0.22299999999999998
2025,11,XKO.3.2_1,0.04003083554183499,0.20800000000000007
2025,11,XKO.3.3_1,0.043153120135473684,0.258
2025,11,XKO.3.4_1,0.04320752428803497,0.259
2025,11,XKO.3.5_1,0.041185325910782805,0.2250000000000001
2025,11,XKO.3.6_1,0.04342221915101733,0.263
2025,11,XKO.4.1_1,0.042301081720291366,0.243
2025,11,XKO.4.2_1,0.045450728138743166,0.30600000000000005
2025,11,XKO.4.3_1,0.04112020456396412,0.22399999999999998
2025,11,XKO.5.1_1,0.02932356061028363,0.09799999999999998
2025,11,XKO.5.2_1,0.029456448892262486,0.09899999999999998
2025,11,XKO.5.3_1,0.03146450850879194,0.11499999999999988
2025,11,XKO.5.4_1,0.021083343744920283,0.04800000000000004
2025,11,XKO.5.5_1,0.028083717034372242,0.08899999999999997
2025,11,XKO.5.6_1,0.024487576322194643,0.06600000000000006
2025,11,XKO.5.7_1,0.02549415565308208,0.07199999999999995
2025,11,XKO.6.1_1,0.0208735240198684,0.04700000000000004
2025,11,XKO.6.2_1,0.02431436212030243,0.06499999999999995
2025,11,XKO.6.3_1,0.027209722381904684,0.08299999999999996
2025,11,XKO.6.4_1,0.0222916822971429,0.05400000000000005
2025,11,XKO.7.1_1,0.04461553550165871,0.2869999999999999
2025,11,XKO.7.2_1,0.04423541751568946,0.279
2025,11,XKO.7.3_1,0.04175636740944833,0.23399999999999999
2025,11,XKO.7.4_1,0.04549212269146771,0.30699999999999994
2025,11,ZNC.1_1,0.049014761501561505,0.5549999999999999
2025,11,ZNC.2_1,0.04488941170168404,0.707
2025,11,ZNC.3_1,0.0491397314803075,0.542
2025,11,ZNC.4_1,0.04907664208990647,0.5490000000000002
2025,11,ZNC.5_1,0.04573523700820659,0.31299999999999994
