year,month,gid_4,est,se
2022,08,ESP.10.1.1.3_1,0.009,0.09448771310560929
2022,08,ESP.10.1.1.8_1,0.095,0.2933616557443407
2022,08,ESP.10.1.4.20_1,0.194,0.39562674393994207
2022,08,ESP.10.1.4.23_1,0.039,0.19369180807797864
2022,08,ESP.10.1.4.27_1,0.01,0.0995485304256668
2022,08,ESP.10.1.6.12_1,0.454,0.49812863010685515
2022,08,ESP.10.1.6.27_1,0.296,0.45671938057476014
2022,08,ESP.10.1.7.1_1,0.081,0.27297163499805893
2022,08,ESP.10.1.7.10_1,0.523,0.4997206426802086
2022,08,ESP.10.1.7.2_1,0.036,0.18638331132035063
2022,08,ESP.10.1.7.6_1,0.272,0.44521254947969985
2022,08,ESP.10.1.9.3_1,0.006,0.07726558075864033
2022,08,ESP.10.2.5.11_1,0.074,0.2619018758859749
2022,08,ESP.10.2.7.2_1,0.549,0.49784219070589714
2022,08,ESP.10.2.7.6_1,0.028,0.16505527329729044
2022,08,ESP.10.2.8.8_1,0.05,0.21805400144814482
2022,08,ESP.10.3.1.14_1,0.016,0.12553788177183714
2022,08,ESP.10.3.13.9_1,0.304,0.4602127723084137
2022,08,ESP.10.3.4.1_1,0.017,0.1293357171384909
2022,08,ESP.10.3.7.19_1,0.997,0.05471740119919799
2022,08,ESP.10.3.7.2_1,0.153,0.3601676286407771
2022,08,ESP.10.3.7.4_1,0.997,0.05471740119919799
2022,08,ESP.10.3.8.5_1,0.107,0.30926792049394103
