year,month,gid_4,est,se
2022,08,ESP.10.1.1.3_1,0.042,0.20068950215762726
2022,08,ESP.10.1.1.8_1,0.089,0.2848862231842041
2022,08,ESP.10.1.4.20_1,0.188,0.39090767299812473
2022,08,ESP.10.1.4.23_1,0.03,0.17067257872642908
2022,08,ESP.10.1.4.27_1,0.02,0.14007005254378832
2022,08,ESP.10.1.6.12_1,0.434,0.4958728565770563
2022,08,ESP.10.1.6.27_1,0.215,0.4110279113928201
2022,08,ESP.10.1.7.1_1,0.065,0.24664921616708177
2022,08,ESP.10.1.7.10_1,0.253,0.43494847991478275
2022,08,ESP.10.1.7.2_1,0.022,0.1467567291047928
2022,08,ESP.10.1.7.6_1,0.213,0.40963251677424095
2022,08,ESP.10.1.9.3_1,0.032,0.17608806605504818
2022,08,ESP.10.2.5.11_1,0.098,0.29746341705239066
2022,08,ESP.10.2.7.2_1,0.452,0.4979396991041626
2022,08,ESP.10.2.7.6_1,0.03,0.17067257872642908
2022,08,ESP.10.2.8.8_1,0.054,0.2261307920985887
2022,08,ESP.10.3.1.14_1,0.05,0.21805400144814482
2022,08,ESP.10.3.13.9_1,0.235,0.42421097929562707
2022,08,ESP.10.3.4.1_1,0.034,0.18131981931624816
2022,08,ESP.10.3.7.19_1,0.962,0.19129190414806527
2022,08,ESP.10.3.7.2_1,0.064,0.24487540497968344
2022,08,ESP.10.3.7.4_1,0.96,0.19605723255834873
2022,08,ESP.10.3.8.5_1,0.134,0.3408227694273963
