year,month,gid_1,est,se
2022,10,HUN.10_1,-0.001280959710932873,-0.03311620431516855
2022,10,HUN.12_1,-0.0013486956521739136,-0.03139640635905752
2022,10,HUN.13_1,-8.78695652173914e-4,-0.028223408974363276
2022,10,HUN.14_1,-0.002293700928443403,-0.03948364056030543
2022,10,HUN.16_1,-0.0020536956521739137,-0.03657483385260753
2022,10,HUN.17_1,-0.0011136956521739134,-0.029785322898965762
2022,10,HUN.19_1,-0.0020536956521739137,-0.03657483385260753
2022,10,HUN.2_1,1.1899279318072385e-4,-0.022352695299801596
2022,10,HUN.4_1,-0.0018186956521739136,-0.03478528674691069
2022,10,HUN.5_1,-0.0029936956521739136,-0.044568228816252435
2022,10,HUN.8_1,0.007581304347826085,0.011276210640850949
2022,10,ITA.10_1,0.002354209023188534,-0.01235483226913395
2022,10,ITA.17_1,-8.78695652173914e-4,-0.028223408974363276
2022,10,ITA.20_1,0.0060286772961773705,0.004701478882188588
