year,month,gid_1,est,se
2022,10,ESP.1_1,0,0.3632619428271572
2022,10,ESP.10_1,0,0.3475002284156894
2022,10,ESP.11_1,0,0.36040823822765045
2022,10,ESP.12_1,0,0.3432395534990526
2022,10,ESP.13_1,0,0.3870453683780987
2022,10,ESP.14_1,0,0.3685115247673542
2022,10,ESP.15_1,0,0.3616338134601415
2022,10,ESP.16_1,0,0.3588371826599672
2022,10,ESP.17_1,0,0.3976663933478625
2022,10,ESP.18_1,0,0.3712124634084298
2022,10,ESP.2_1,0,0.3616639138501759
2022,10,ESP.3_1,0,0.3616338134601415
2022,10,ESP.4_1,0,0.3438328397302898
2022,10,ESP.5_1,0,0.37320412298191674
2022,10,ESP.6_1,0,0.38230688593810613
2022,10,ESP.7_1,0,0.38374914504109486
2022,10,ESP.8_1,0,0.3804009351714885
2022,10,ESP.9_1,0,0.3464974457572592
2022,10,ITA.1_1,0,0.37645637378241187
2022,10,ITA.10_1,0.07843115214609958,0.27114242511511066
2022,10,ITA.11_1,0,0.3709920130121614
2022,10,ITA.12_1,0,0.35213629686085746
2022,10,ITA.13_1,0,0.36183457528466717
2022,10,ITA.14_1,0,0.37964024577913486
2022,10,ITA.15_1,0,0.36023379718206555
2022,10,ITA.16_1,0,0.3670890445718594
2022,10,ITA.17_1,0,0.11501157916343882
2022,10,ITA.18_1,0,0.36971936322739724
2022,10,ITA.2_1,0,0.3742878401899411
2022,10,ITA.20_1,0,0.11252939893699486
2022,10,ITA.3_1,0,0.3753718807300291
2022,10,ITA.4_1,0,0.37346488106632436
2022,10,ITA.5_1,0,0.37015888774204797
2022,10,ITA.6_1,0,0.3736167496023481
2022,10,ITA.7_1,0,0.3744286965680762
2022,10,ITA.8_1,0,0.3594363240132546
2022,10,ITA.9_1,0,0.3760842279961098
