year,month,gid_1,est,se
2017,11,ESP.1_1,0,0.321898809431636
2017,11,ESP.10_1,0,0.3501973356804867
2017,11,ESP.11_1,0,0.33647171235218754
2017,11,ESP.12_1,0,0.3550852488582928
2017,11,ESP.13_1,0,0.3552776691859794
2017,11,ESP.14_1,0,0.33657028415133017
2017,11,ESP.16_1,0,0.31114436519761396
2017,11,ESP.17_1,0,0.47292140431011864
2017,11,ESP.18_1,0,0.33313958333104454
2017,11,ESP.2_1,0,0.327741240824486
2017,11,ESP.3_1,0,0.2518718710762269
2017,11,ESP.4_1,0,0.35109969322142076
2017,11,ESP.5_1,0,0.3232597518855792
2017,11,ESP.6_1,0,0.3453968796342074
2017,11,ESP.8_1,0,0.3251241389157466
2017,11,ESP.9_1,0,0.34819569244928955
2017,11,ITA.10_1,0,0.18638331132035063
2017,11,ITA.13_1,0,0.3239073348353461
2017,11,ITA.8_1,0,0.21387319079712103
