year,month,gid_1,est,se
2017,11,BEL.2_1,0,0.331671543594858
2017,11,BGR.1_1,0,0.355287983260713
2017,11,BGR.20_1,0,0.35529543440184097
2017,11,BGR.4_1,0,0.33867707466963476
2017,11,BGR.5_1,0,0.34717801453706465
2017,11,BGR.9_1,0,0.3522946355681904
2017,11,BIH.2_1,0,0.3364885371996792
2017,11,DEU.1_1,0,0.341911658546644
2017,11,DEU.2_1,0,0.42829008089835185
2017,11,DEU.3_1,0,0.36865360765918986
2017,11,DEU.7_1,0,0.3533005674180309
2017,11,ESP.1_1,0,0.33892732601494263
2017,11,ESP.10_1,0,0.341781173639434
2017,11,ESP.11_1,0,0.33867707466963476
2017,11,ESP.12_1,0,0.3349678837120766
2017,11,ESP.13_1,0,0.3429772367958515
2017,11,ESP.14_1,0,0.34924225828707395
2017,11,ESP.16_1,0,0.3070300688203702
2017,11,ESP.17_1,0,0.4615032637915067
2017,11,ESP.18_1,0,0.3215971966452808
2017,11,ESP.2_1,0,0.33992159545038875
2017,11,ESP.3_1,0,0.22011881490848328
2017,11,ESP.4_1,0,0.34806588354804774
2017,11,ESP.5_1,0,0.358756759806611
2017,11,ESP.6_1,0,0.35243070241492425
2017,11,ESP.8_1,0,0.3263067775526171
2017,11,ESP.9_1,0,0.3364885371996792
2017,11,FRA.10_1,0,0.34550461762777385
2017,11,FRA.11_1,0,0.3476239062511192
2017,11,FRA.7_1,0,0.32976295591446
2017,11,FRA.8_1,0,0.3425338551604329
2017,11,GRC.6_1,0,0.3522946355681904
2017,11,HRV.11_1,0,0.3295958794169784
2017,11,HRV.2_1,0,0.3375860621943562
2017,11,HUN.17_1,0,0.34508981986354276
2017,11,HUN.7_1,0,0.3956465267608631
2017,11,ITA.10_1,0,0.19130146946067708
2017,11,ITA.13_1,0,0.34665895421513726
2017,11,ITA.8_1,0,0.3543008177008047
2017,11,NLD.9_1,0,0.323966725741831
2017,11,PRT.13_1,0,0.351282973342181
2017,11,PRT.18_1,0,0.32514039634200953
2017,11,SRB.3_1,0,0.33656122786331377
