year,month,gid_1,est,se
2017,04,ESP.10_1,0,0
2017,04,ESP.2_1,4.5214600133459075e-4,0.02860962983341323
2017,04,ESP.6_1,0.0013287135376768562,0.059419970638378124
