year,month,gid_1,est,se
2021,01,ESP.1_1,0.5065054853073061,0.3286075316150263
2021,01,ESP.10_1,0.6385575357208777,0.404514482836463
2021,01,ESP.11_1,0.08073617878192654,0.2722241927187594
2021,01,ESP.12_1,0.027096886879132472,0.15430141863284808
2021,01,ESP.13_1,0.811,0.391715622798107
2021,01,ESP.14_1,0.18938741073213447,0.36948761538816405
2021,01,ESP.15_1,0.005,0.0705709731439494
2021,01,ESP.16_1,0.1774101032280943,0.19976419311594873
2021,01,ESP.17_1,0.24200000000000002,0.4285207432235011
2021,01,ESP.18_1,0.881,0.3239597077988009
2021,01,ESP.2_1,0.24368368508245497,0.3525751596000777
2021,01,ESP.3_1,0,0
2021,01,ESP.4_1,0.04440057178510999,0.14790310673171403
2021,01,ESP.5_1,0.021369133198010846,0.12164185294233895
2021,01,ESP.6_1,0.7753667456894467,0.25371119466381997
2021,01,ESP.7_1,0.1080130309102022,0.30069129892079505
2021,01,ESP.8_1,0.975,0.1562074978450931
2021,01,ESP.9_1,0.011,0.10435759263371629
