ID_0,est,se
ESP,0.13010096221199996,0.01332003137547062
