year,month,gid_2,est,se
2021,11,ARG.24.2_1,0.012727,0.056693695735037936
2021,11,DOM.5.1_1,0.00979,0.04979917102635736
2021,11,GTM.7.7_1,0.012727,0.056693695735037936
2021,11,HND.8.4_1,0.004895,0.03530214209125596
2021,11,IND.20.26_1,0.032307,0.08940765887328074
2021,11,IND.34.1_1,0.297616,0.23022152570914997
2021,11,MEX.14.40_2,0.005874,0.03865212127388954
2021,11,MEX.14.99_2,0.008811,0.04726749621230389
2021,11,MEX.16.57_2,0.004895,0.03530214209125596
2021,11,MEX.17.7_2,0.009790000000000002,0.04979917102635736
2021,11,MEX.31.50_2,0.005874,0.03865212127388954
2021,11,MEX.4.5_2,0.033286,0.0907052736387753
2021,11,MEX.9.9_2,0.023496,0.07660110698582177
2021,11,PAK.7.5_1,0.003916,0.03159105873485386
2021,11,PER.13.11_1,0.012726999999999999,0.05669369573503794
2021,11,PRI.52_1,0.662783,0.2340454009849257
2021,11,PRI.65_1,0.018600999999999996,0.06833069221010664
2021,11,USA.10.43_1,0.008811,0.04726749621230389
2021,11,USA.5.19_1,0.006853,0.04172805675094036
2021,11,VEN.14.3_1,0.36125100000000004,0.24150847679197598
