year,month,gid_3,est,se
2021,12,ESP.10.1.1_1,0.292,0.45490981847278583
2021,12,ESP.10.1.2_1,0.498,0.5002461856388775
2021,12,ESP.10.1.3_1,0.284,0.4511624403111894
2021,12,ESP.10.1.4_1,0.767,0.42295376802895357
2021,12,ESP.10.1.5_1,0.189,0.3917045218432287
2021,12,ESP.10.1.6_1,0.169,0.3749394345485409
2021,12,ESP.10.1.7_1,0.975,0.15620307103062794
2021,12,ESP.10.1.8_1,0.822,0.38270414482007176
2021,12,ESP.10.1.9_1,0.027,0.162164414398774
2021,12,ESP.10.2.1_1,0.043,0.2029585972364615
2021,12,ESP.10.2.2_1,0.599,0.4903462444430868
2021,12,ESP.10.2.3_1,0.261,0.4393996723622721
2021,12,ESP.10.2.5_1,0.544,0.4983094543677777
2021,12,ESP.10.2.7_1,0.014,0.11754921445002436
2021,12,ESP.10.2.8_1,0.226,0.41844844258175834
2021,12,ESP.10.3.1_1,0.766,0.42358402168096876
2021,12,ESP.10.3.10_1,1,0
2021,12,ESP.10.3.11_1,0.904,0.2947386484173239
2021,12,ESP.10.3.12_1,0.77,0.4210430824479572
2021,12,ESP.10.3.13_1,0.809,0.3932857404911519
2021,12,ESP.10.3.14_1,0.014,0.11754921445002436
2021,12,ESP.10.3.16_1,0.836,0.3704608498090469
2021,12,ESP.10.3.17_1,0.835,0.37136627864268035
2021,12,ESP.10.3.18_1,0.185,0.38849186082326864
2021,12,ESP.10.3.2_1,0.008,0.08912880535463237
2021,12,ESP.10.3.3_1,0,0
2021,12,ESP.10.3.3_1,0,0
2021,12,ESP.10.3.3_1,0,0
2021,12,ESP.10.3.4_1,0.036,0.18638331132035063
2021,12,ESP.10.3.5_1,1,0
2021,12,ESP.10.3.6_1,0.001,0.03162277660168379
2021,12,ESP.10.3.7_1,0.988,0.10893974420691407
2021,12,ESP.10.3.8_1,0.866,0.3408227694273963
2021,12,ESP.10.3.9_1,0.705,0.45627095369219284
