ID_0,est,se
ALB,0,0
ARG,0.009,0.09448771310560929
AUT,0,0
BEL,0,0
BGR,0,0
CHN,0,0
DEU,0,0
DOM,0.896,0.30541328929383094
ESP,0,0
FRA,0,0
GRC,0,0
GTM,0.145,0.3522770203960217
HND,0.011,0.10435463521037236
HRV,0,0
HUN,0,0
IND,0.035,0.2621309184086206
ITA,0,0
MEX,2.479,2.5088034289085313
NLD,0,0
PAK,0.032,0.2510757635436743
PER,0.406,0.804867574083968
ROU,0,0
SRB,0,0
SVN,0,0
TUR,0,0
USA,0.001,0.03162277660168379
VEN,0.059,0.23574260237507896
XKO,0,0
