year,month,gid_1,est,se
2017,02,AND.2_1,0,0.35726795499567876
2017,02,AND.6_1,0,0.3533005674180309
2017,02,BEL.1_1,0,0.3375860621943562
2017,02,BEL.2_1,0,0.33792898312711156
2017,02,CZE.9_1,0,0.3482131035397547
2017,02,DEU.13_1,0,0.32832251377209165
2017,02,DEU.2_1,0,0.3461369380415596
2017,02,DEU.6_1,0,0.35628446470187936
2017,02,DEU.7_1,0,0.34508981986354276
2017,02,ESP.1_1,0,0.35064057200868054
2017,02,ESP.10_1,0,0.3420838165538437
2017,02,ESP.12_1,0,0.3548271067279545
2017,02,ESP.13_1,0,0.3482131035397547
2017,02,ESP.14_1,0,0.35643249145642336
2017,02,ESP.16_1,0,0.18027235462248659
2017,02,ESP.17_1,0,0.45807181946501313
2017,02,ESP.18_1,0,0.3482131035397547
2017,02,ESP.2_1,0,0.3463517007075307
2017,02,ESP.3_1,0,0.1760968711187362
2017,02,ESP.4_1,0,0.3532256902131692
2017,02,ESP.5_1,0,0.35515025690484137
2017,02,ESP.6_1,0,0.35930096424798746
2017,02,ESP.7_1,0,0.35921849732148653
2017,02,ESP.8_1,0,0.33976163736279696
2017,02,ESP.9_1,0,0.35529543440184097
2017,02,FRA.11_1,0,0.3578996963201715
2017,02,FRA.13_1,0,0.32727806702198065
2017,02,FRA.8_1,0,0.35078226580030897
2017,02,FRA.9_1,0,0.36587735578578856
2017,02,GRC.3_1,0,0.35026553108734587
2017,02,ITA.10_1,0,0.2586301835441233
2017,02,ITA.8_1,0,0.3630550601402839
2017,02,PRT.12_1,0,0.36680783706658704
2017,02,PRT.15_1,0,0.35634773398080755
2017,02,PRT.18_1,0,0.3482131035397547
