year,month,gid_4,est,se
2021,10,HUN.10.2_1,0.174,0.37929917989348183
2021,10,HUN.10.4_1,0.142,0.34922479573758497
2021,10,HUN.10.6_1,0.157,0.3639828065767441
2021,10,HUN.12.1_1,0.164,0.3704608498090469
2021,10,HUN.13.3_1,0.157,0.3639828065767441
2021,10,HUN.14.11_1,0.109,0.3117951510466707
2021,10,HUN.14.12_1,0.112,0.3155242550986462
2021,10,HUN.14.14_1,0.138,0.3450725649411658
2021,10,HUN.14.15_1,0.146,0.3532829019480122
2021,10,HUN.14.2_1,0.142,0.34922479573758497
2021,10,HUN.14.4_1,0.117,0.32158111638343195
2021,10,HUN.14.5_1,0.129,0.33536766610911
2021,10,HUN.14.6_1,0.115,0.31918157352340515
2021,10,HUN.14.7_1,0.11,0.31304631925323445
2021,10,HUN.14.8_1,0.122,0.32744957355785825
2021,10,HUN.14.9_1,0.131,0.33756918246924283
2021,10,HUN.16.9_1,0.182,0.3860375953518323
2021,10,HUN.17.2_1,0.192,0.39407016036651554
2021,10,HUN.19.8_1,0.154,0.3611293596682696
2021,10,HUN.2.1_1,0.157,0.3639828065767441
2021,10,HUN.2.3_1,0.251,0.43380547159664457
2021,10,HUN.4.15_1,0.2,0.40020015012510946
2021,10,HUN.5.1_1,0.17,0.3758207567993567
2021,10,HUN.8.1_1,0.141,0.34819569244928955
2021,10,ITA.10.2.142_1,0.305,0.4606378047741926
2021,10,ITA.10.2.175_1,0.38,0.48562931937418674
2021,10,ITA.10.2.18_1,0.304,0.4602127723084137
2021,10,ITA.10.5.42_1,0.264,0.4410198391212106
2021,10,ITA.17.2.135_1,0.253,0.43494847991478275
2021,10,ITA.20.1.21_1,0.21,0.40751204407485436
2021,10,ITA.20.1.53_1,0.189,0.3917045218432287
2021,10,ITA.20.7.55_1,0.345,0.4756061408363029
