ID_0,est,se
ALB,0,0
AUT,8.596,10.079317434383482
BEL,0,0
BGR,0,0
CHE,2.52,1.7722396049791544
CHN,0,0
DEU,0.9369999999999999,0.7201665978963724
ESP,0.086,0.42464865712402655
FRA,0,0
GRC,0,0
HRV,0.365,0.4816710568500115
HUN,1.021,2.1116257066077972
IND,0,0
ITA,0,0
NLD,0,0
PAK,0,0
PER,0,0
ROU,0,0
SRB,0,0
SVN,0,0
TUR,0,0
USA,0,0
XKO,0,0
