year,month,gid_3,est,se
2018,12,DEU.2.54.1_1,0,0.1293357171384909
2018,12,ESP.16.2.1_1,0,0.11754921445002436
2018,12,ESP.16.3.1_1,0,0.09448771310560929
2018,12,ESP.17.1.1_1,0,0.4482375674984382
2018,12,ESP.17.1.4_1,0,0.4482375674984382
2018,12,ESP.17.1.6_1,0,0.4482375674984382
2018,12,ESP.17.1.7_1,0,0.4482375674984382
2018,12,ESP.17.1.8_1,0,0.4482375674984382
2018,12,ESP.3.1.4_1,0,0.20958990416508122
2018,12,ITA.10.1.25_1,0,0.24840633185509925
