year,month,gid_3,est,se
2020,05,ESP.10.1.1_1,0.804,0.39716714584887525
2020,05,ESP.10.1.2_1,0.837,0.36955049393495276
2020,05,ESP.10.1.4_1,0.999,0.03162277660168379
2020,05,ESP.10.1.5_1,0.756,0.42970763159228237
2020,05,ESP.10.1.6_1,0.998,0.04469897088298564
2020,05,ESP.10.1.7_1,0.777,0.41646661864361284
2020,05,ESP.10.1.8_1,0.501,0.500249187155011
2020,05,ESP.10.1.9_1,0.95,0.21805400144814482
2020,05,ESP.10.2.3_1,0.576,0.49443752736667196
2020,05,ESP.10.2.5_1,0.667,0.47152235719351987
2020,05,ESP.10.2.7_1,0.519,0.4998888765404656
2020,05,ESP.10.2.8_1,0.056,0.23003677296666486
2020,05,ESP.10.3.1_1,0.732,0.4431392245924213
2020,05,ESP.10.3.10_1,0.167,0.3731624984510773
2020,05,ESP.10.3.11_1,0.591,0.49189527438364455
2020,05,ESP.10.3.12_1,0,0
2020,05,ESP.10.3.13_1,0.737,0.4404827181911057
2020,05,ESP.10.3.14_1,0.599,0.4903462444430868
2020,05,ESP.10.3.16_1,0.807,0.39485048677557294
2020,05,ESP.10.3.18_1,0.363,0.4811054587743341
2020,05,ESP.10.3.2_1,0.553,0.4974318430081034
2020,05,ESP.10.3.4_1,0.357,0.4793545460103417
2020,05,ESP.10.3.6_1,0.76,0.42729683193604723
2020,05,ESP.10.3.7_1,0.831,0.3749394345485409
2020,05,ESP.10.3.8_1,0.342,0.47461696267754827
