year,month,gid_2,est,se
2018,12,ESP.10.1_1,0.998,0.04469897088298564
2018,12,ESP.10.2_1,0.593,0.49152069396170145
2018,12,ESP.10.3_1,0.997,0.05471740119919799
