year,month,gid_1,est,se
2016,10,ESP.1_1,0.06721349533704822,0.21604777416853385
2016,10,ESP.10_1,0.4093253803593687,0.47954703419316386
2016,10,ESP.11_1,0,0.4134959135083011
2016,10,ESP.12_1,0,0.39295543441343805
2016,10,ESP.13_1,0.5045454545454545,0.5002501876563868
2016,10,ESP.14_1,0,0.42605117564787287
2016,10,ESP.15_1,0.005045454545454546,0.07056897321046962
2016,10,ESP.16_1,0.0023976891151954835,0.202221275815458
2016,10,ESP.17_1,0,0.36955049393495276
2016,10,ESP.18_1,0.5116090909090909,0.5002011607355596
2016,10,ESP.2_1,0.014690318773673477,0.1139419667105872
2016,10,ESP.3_1,0,0.3963989557656934
2016,10,ESP.4_1,0.004130706957514339,0.21053948196165234
2016,10,ESP.5_1,0,0.39816727482147135
2016,10,ESP.6_1,0.29507987092788074,0.4085338239741564
2016,10,ESP.7_1,0,0.41474172781808377
2016,10,ESP.8_1,0.026236363636363634,0.15921478998305824
2016,10,ESP.9_1,0.007063636363636364,0.08341437500789632
