year,month,gid_1,est,se
2016,10,ESP.1_1,0.08442517435836855,0.2815212519443031
2016,10,ESP.10_1,0.3161298815832714,0.4647995118696871
2016,10,ESP.11_1,0,0.41445689783630624
2016,10,ESP.12_1,0,0.3973122492241829
2016,10,ESP.13_1,0.347,0.4762577526518274
2016,10,ESP.14_1,0,0.42283320317691886
2016,10,ESP.15_1,0.044,0.20519936601896005
2016,10,ESP.16_1,0.025652911920715483,0.2923659416435127
2016,10,ESP.17_1,0,0.38101376866596276
2016,10,ESP.18_1,0.355,0.47875658902008716
2016,10,ESP.2_1,0.06781745815948272,0.24410006483718522
2016,10,ESP.3_1,0,0.4082258100838774
2016,10,ESP.4_1,0.02036822781962125,0.26904727607375284
2016,10,ESP.5_1,0,0.3984059359366079
2016,10,ESP.6_1,0.31923693552413507,0.4631136687780889
2016,10,ESP.8_1,0.043,0.20296022092472368
2016,10,ESP.9_1,0.038,0.19129343450166272
