year,month,gid_1,est,se
2016,10,ESP.1_1,0.060281980897141055,0.19939329395504016
2016,10,ESP.10_1,0.4286205027064226,0.48879716441941223
2016,10,ESP.11_1,0,0.39131027904113025
2016,10,ESP.12_1,0,0.38955043113094906
2016,10,ESP.13_1,0.49243188698284557,0.5001060948499889
2016,10,ESP.14_1,0,0.42184961060917925
2016,10,ESP.15_1,0.006054490413723511,0.07726558075864033
2016,10,ESP.16_1,0.0022981097564701704,0.19722644504297657
2016,10,ESP.17_1,0,0.38354413840665863
2016,10,ESP.18_1,0.5015136226034308,0.5002411830719671
2016,10,ESP.2_1,0.009852927795350514,0.09023459457649413
2016,10,ESP.3_1,0,0.38270414482007176
2016,10,ESP.4_1,0.004569087585570878,0.2150252220975626
2016,10,ESP.5_1,0,0.39288905162253324
2016,10,ESP.6_1,0.3003613261135888,0.40715828475127974
2016,10,ESP.7_1,0,0.4043429715951129
2016,10,ESP.8_1,0.028254288597376387,0.16505527329729044
2016,10,ESP.9_1,0.0010090817356205853,0.03162277660168379
