year,month,gid_1,est,se
2018,08,ESP.10_1,0.020684390930451563,0.23455891976788384
2018,08,ESP.2_1,0.004495366869901985,0.04861837520466747
2018,08,ESP.6_1,0.007396425863963539,0.09659098372990324
