year,month,gid_2,est,se
2018,09,ESP.10.1_1,0.29,0.4539891035103223
2018,09,ESP.10.2_1,0.268,0.4431392245924213
2018,09,ESP.10.3_1,0.211,0.4082225442643334
2018,09,ESP.18.1_1,0.207,0.4053582555164201
2018,09,ESP.2.3_1,0.177,0.3818596821043259
2018,09,ESP.4.1_1,0.176,0.3810107205436209
2018,09,ESP.6.1_1,0.288,0.4530576798391804
2018,09,ESP.6.2_1,0.33,0.47044800065609943
2018,09,ESP.6.4_1,0.261,0.4393996723622721
