year,month,gid_2,est,se
2015,01,ESP.1.1_1,0.031,0.17340435135563662
2015,01,ESP.1.2_1,0.032,0.17608806605504818
2015,01,ESP.1.3_1,0.035,0.18387171834952978
2015,01,ESP.1.4_1,0.168,0.3740533597174552
2015,01,ESP.1.5_1,0,0.3704608498090469
2015,01,ESP.1.6_1,0.041,0.19838941090279583
2015,01,ESP.1.7_1,0.247,0.43148253403489834
2015,01,ESP.1.8_1,0.094,0.29197474077263813
2015,01,ESP.10.1_1,0.224,0.41713067256915787
2015,01,ESP.10.2_1,0.176,0.3810107205436209
2015,01,ESP.10.3_1,0.191,0.3932857404911519
2015,01,ESP.11.1_1,0,0.3408227694273963
2015,01,ESP.11.2_1,0,0.38015722999769386
2015,01,ESP.12.1_1,0,0.3562666500332664
2015,01,ESP.12.2_1,0,0.3461196307619647
2015,01,ESP.12.3_1,0,0.3582280381646966
2015,01,ESP.12.4_1,0,0.3429600875052688
2015,01,ESP.13.1_1,0.311,0.4631344227041362
2015,01,ESP.14.1_1,0,0.403903624814309
2015,01,ESP.14.2_1,0,0.3986915536538929
2015,01,ESP.16.2_1,0.022,0.1467567291047928
2015,01,ESP.16.3_1,0.025,0.15620307103062794
2015,01,ESP.17.1_1,0,0.34819569244928955
2015,01,ESP.18.1_1,0.25,0.4332293707583636
2015,01,ESP.2.1_1,0.136,0.3429600875052688
2015,01,ESP.2.2_1,0.047,0.21174474216810163
2015,01,ESP.2.3_1,0.077,0.26672484350382913
2015,01,ESP.3.1_1,0,0.34922479573758497
2015,01,ESP.4.1_1,0.043,0.2029585972364615
2015,01,ESP.4.3_1,0.032,0.17608806605504818
2015,01,ESP.4.5_1,0.094,0.29197474077263813
2015,01,ESP.5.2_1,0,0.33647171235218754
2015,01,ESP.5.4_1,0,0.3562666500332664
2015,01,ESP.5.5_1,0,0.34819569244928955
2015,01,ESP.5.7_1,0,0.3592005359475749
2015,01,ESP.5.8_1,0,0.34189456253630574
2015,01,ESP.5.9_1,0,0.35126540875438816
2015,01,ESP.6.1_1,0.272,0.44521254947969985
2015,01,ESP.6.2_1,0.283,0.4506818324651152
2015,01,ESP.6.3_1,0.094,0.29197474077263813
2015,01,ESP.6.4_1,0.154,0.3611293596682696
2015,01,ESP.7.2_1,0,0.3758207567993567
2015,01,ESP.8.1_1,0.072,0.2586172517116422
2015,01,ESP.9.1_1,0.035,0.18387171834952978
