year,month,gid_2,est,se
2015,01,ESP.1.1_1,0,0
2015,01,ESP.1.2_1,0,0
2015,01,ESP.1.3_1,0,0
2015,01,ESP.1.4_1,0,0
2015,01,ESP.1.5_1,0,0
2015,01,ESP.1.6_1,0,0
2015,01,ESP.1.7_1,0,0
2015,01,ESP.1.8_1,0,0
2015,01,ESP.10.1_1,0,0.11333068359382575
2015,01,ESP.10.2_1,0,0.03162277660168379
2015,01,ESP.10.3_1,0,0
2015,01,ESP.11.1_1,0,0.30279974849343533
2015,01,ESP.11.2_1,0,0.3014795016081357
2015,01,ESP.12.1_1,0,0.3105357184486713
2015,01,ESP.12.2_1,0,0.31797028965786267
2015,01,ESP.12.3_1,0,0.3117951510466707
2015,01,ESP.12.4_1,0,0.30799165387857325
2015,01,ESP.13.1_1,0,0.40892936214366316
2015,01,ESP.14.1_1,0,0.30541328929383094
2015,01,ESP.14.2_1,0,0.3001501125938321
2015,01,ESP.16.2_1,0,0
2015,01,ESP.16.3_1,0,0
2015,01,ESP.17.1_1,0,0.2933616557443407
2015,01,ESP.18.1_1,0.167,0.3731624984510773
2015,01,ESP.2.1_1,0,0
2015,01,ESP.2.2_1,0,0
2015,01,ESP.2.3_1,0,0
2015,01,ESP.3.1_1,0,0.3251241389157466
2015,01,ESP.4.1_1,0,0
2015,01,ESP.4.3_1,0,0
2015,01,ESP.4.5_1,0,0
2015,01,ESP.5.2_1,0,0.30541328929383094
2015,01,ESP.5.4_1,0,0.30279974849343533
2015,01,ESP.5.5_1,0,0.3155242550986462
2015,01,ESP.5.7_1,0,0.30799165387857325
2015,01,ESP.5.8_1,0,0.3142893217686178
2015,01,ESP.5.9_1,0,0.31797028965786267
2015,01,ESP.6.1_1,0.026,0.15921478998305827
2015,01,ESP.6.2_1,0.034,0.18131981931624816
2015,01,ESP.6.3_1,0,0
2015,01,ESP.6.4_1,0,0
2015,01,ESP.7.2_1,0,0.3155242550986462
2015,01,ESP.8.1_1,0,0.22213812222431642
2015,01,ESP.9.1_1,0,0.05471740119919799
2015,01,ITA.10.12_1,0,0
2015,01,ITA.10.7_1,0,0
2015,01,ITA.13.5_1,0,0
2015,01,ITA.16.5_1,0,0
2015,01,ITA.16.7_1,0,0.03162277660168379
2015,01,ITA.20.5_1,0,0
2015,01,ITA.4.3_1,0,0.18131981931624816
2015,01,ITA.5.4_1,0,0.15312559370479986
2015,01,ITA.6.8_1,0.024,0.15312559370479986
2015,01,ITA.8.2_1,0,0
2015,01,ITA.8.4_1,0,0
2015,01,ITA.9.3_1,0,0.13301764429463367
