year,month,gid_2,est,se
2015,01,ESP.1.1_1,0,0
2015,01,ESP.1.2_1,0,0
2015,01,ESP.1.3_1,0,0
2015,01,ESP.1.4_1,0,0
2015,01,ESP.1.5_1,0,0
2015,01,ESP.1.6_1,0,0
2015,01,ESP.1.7_1,0,0
2015,01,ESP.1.8_1,0,0
2015,01,ESP.10.1_1,0,0.07056897321046962
2015,01,ESP.10.2_1,0,0
2015,01,ESP.10.3_1,0,0
2015,01,ESP.11.1_1,0,0.08912880535463237
2015,01,ESP.11.2_1,0,0.07056897321046962
2015,01,ESP.12.1_1,0,0.07056897321046962
2015,01,ESP.12.2_1,0,0.07726558075864033
2015,01,ESP.12.3_1,0,0.09448771310560929
2015,01,ESP.12.4_1,0,0.08341437500789632
2015,01,ESP.13.1_1,0,0.30279974849343533
2015,01,ESP.14.1_1,0,0.07056897321046962
2015,01,ESP.14.2_1,0,0.06315051850925682
2015,01,ESP.16.2_1,0,0
2015,01,ESP.16.3_1,0,0
2015,01,ESP.17.1_1,0,0.08341437500789632
2015,01,ESP.18.1_1,0.084,0.2775266131761439
2015,01,ESP.2.1_1,0,0
2015,01,ESP.2.2_1,0,0
2015,01,ESP.2.3_1,0,0
2015,01,ESP.3.1_1,0,0.10893974420691407
2015,01,ESP.4.1_1,0,0
2015,01,ESP.4.3_1,0,0
2015,01,ESP.4.5_1,0,0.03162277660168379
2015,01,ESP.5.2_1,0,0.0995485304256668
2015,01,ESP.5.4_1,0,0.04469897088298564
2015,01,ESP.5.5_1,0,0.05471740119919799
2015,01,ESP.5.7_1,0,0.05471740119919799
2015,01,ESP.5.8_1,0,0.07056897321046962
2015,01,ESP.5.9_1,0,0.08912880535463237
2015,01,ESP.6.1_1,0.008,0.08912880535463237
2015,01,ESP.6.2_1,0.011,0.10435463521037237
2015,01,ESP.6.3_1,0,0
2015,01,ESP.6.4_1,0,0
2015,01,ESP.7.2_1,0,0.06315051850925682
2015,01,ESP.8.1_1,0,0.10893974420691407
2015,01,ESP.9.1_1,0,0.08341437500789632
2015,01,ITA.10.12_1,0,0
2015,01,ITA.10.7_1,0,0
2015,01,ITA.13.5_1,0,0
2015,01,ITA.16.5_1,0,0
2015,01,ITA.16.7_1,0,0
2015,01,ITA.20.5_1,0,0
2015,01,ITA.4.2_1,0,0.04469897088298564
2015,01,ITA.4.3_1,0,0.07056897321046962
2015,01,ITA.5.4_1,0,0.10893974420691407
2015,01,ITA.6.8_1,0.004,0.06315051850925682
2015,01,ITA.8.2_1,0,0
2015,01,ITA.8.4_1,0,0
2015,01,ITA.9.3_1,0,0.07726558075864033
