year,month,gid_2,est,se
2015,01,ESP.1.1_1,0,0.15620307103062794
2015,01,ESP.1.2_1,0,0.16505527329729044
2015,01,ESP.1.3_1,0,0.19369180807797864
2015,01,ESP.1.4_1,0,0.3731624984510773
2015,01,ESP.1.5_1,0,0.37929917989348183
2015,01,ESP.1.6_1,0,0.20958990416508122
2015,01,ESP.1.7_1,0.279,0.4487319471135974
2015,01,ESP.1.8_1,0.119,0.32395052700056526
2015,01,ESP.10.1_1,0.257,0.43719805825522845
2015,01,ESP.10.2_1,0.175,0.38015722999769386
2015,01,ESP.10.3_1,0.192,0.39407016036651554
2015,01,ESP.11.1_1,0,0.35428310221702153
2015,01,ESP.11.2_1,0,0.3731624984510773
2015,01,ESP.12.1_1,0,0.3502480173729377
2015,01,ESP.12.2_1,0,0.3552776691859794
2015,01,ESP.12.3_1,0,0.3562666500332664
2015,01,ESP.12.4_1,0,0.3582280381646966
2015,01,ESP.13.1_1,0.318,0.46593249842986173
2015,01,ESP.14.1_1,0,0.3932857404911519
2015,01,ESP.14.2_1,0,0.4117201883725323
2015,01,ESP.16.2_1,0,0.1888562063228706
2015,01,ESP.16.3_1,0,0.2029585972364615
2015,01,ESP.17.1_1,0,0.3677148544921924
2015,01,ESP.18.1_1,0.241,0.42790431418963526
2015,01,ESP.2.1_1,0,0.3155242550986462
2015,01,ESP.2.2_1,0,0.19369180807797864
2015,01,ESP.2.3_1,0,0.2619018758859749
2015,01,ESP.3.1_1,0,0.3386601403925338
2015,01,ESP.4.1_1,0,0.162164414398774
2015,01,ESP.4.3_1,0,0.1888562063228706
2015,01,ESP.4.5_1,0,0.26352313834736496
2015,01,ESP.5.2_1,0,0.3552776691859794
2015,01,ESP.5.4_1,0,0.33647171235218754
2015,01,ESP.5.5_1,0,0.32860155048170264
2015,01,ESP.5.7_1,0,0.3704608498090469
2015,01,ESP.5.8_1,0,0.3320154126456093
2015,01,ESP.5.9_1,0,0.33536766610911
2015,01,ESP.6.1_1,0.279,0.4487319471135974
2015,01,ESP.6.2_1,0.293,0.45536618051668964
2015,01,ESP.6.3_1,0,0.296105857217784
2015,01,ESP.6.4_1,0,0.37226681638655706
2015,01,ESP.7.2_1,0,0.37929917989348183
2015,01,ESP.8.1_1,0,0.24127621974453722
2015,01,ESP.9.1_1,0,0.1678904023081343
