year,month,gid_2,est,se
2022,11,ESP.10.1_1,0.27807443547061284,0.759613551215999
2022,11,ESP.10.2_1,0.347165247467691,0.7302859101001042
2022,11,ESP.10.3_1,0.1740596329155651,0.40934067592150686
2022,11,ESP.15.1_1,0.013060797087740043,0.16253032835029516
2022,11,ESP.18.1_1,0.31496532736725613,0.4892614180601926
2022,11,ESP.2.2_1,0.07260169476711459,0.21756149972659392
2022,11,ESP.2.3_1,0.005333077913424883,0.03500158708949163
2022,11,ESP.4.1_1,0.05083996775727262,0.18658761901495685
2022,11,ESP.4.4_1,0.009731432407299227,0.07633380946435749
2022,11,ESP.6.1_1,0.7501971158539337,0.6086785930378543
2022,11,ESP.6.2_1,0.7269131622563066,0.8795193677684608
2022,11,ESP.6.3_1,0.0514944652144035,0.20182328493867757
2022,11,ESP.6.4_1,0.2537338048828703,0.6615786602865216
2022,11,FRA.10.11_1,0.4058408146682435,0.628633330484013
