year,month,gid_2,est,se
2022,11,ESP.10.1_1,0.494,0.5002141683461337
2022,11,ESP.10.2_1,0.559,0.49675523728066096
2022,11,ESP.10.3_1,0.997,0.05471740119919799
2022,11,ESP.10.3_1,0.997,0.05471740119919799
