year,month,gid_2,est,se
2022,11,ESP.10.1_1,0.246,0.4308940353145651
2022,11,ESP.10.2_1,0.21,0.40751204407485436
2022,11,ESP.10.3_1,0.626,0.48410573055723927
