ID_0,est,se
ALB,4.133,3.499882195448714
ARE,0.115,0.31918157352340515
AUT,4.495,6.12904459542864
BEL,1.056,1.5810869917265442
BGR,0.006,0.07726558075864033
CHE,2.556,1.903991303057319
CHN,0,0
COL,0.004,0.06315051850925682
CZE,0.217,0.6066343700197958
DEU,6.774,6.2637181333225405
DNK,0.739,0.4393996723622721
ESP,1.267,2.242083403038918
FRA,2.91,4.289643773015265
GBR,0.258,0.43775292989039793
GMB,0.382,0.48611964814468495
GRC,0.20700000000000002,0.6380479715842979
HRV,2.743,1.7665811910989908
HUN,5.083,6.69448371850872
IND,0.283,0.9614502611644518
IRN,0,0
ITA,17.173,23.587407215044184
MAR,0.085,0.3812075882147178
MEX,0.23299999999999998,0.6562909829401307
NLD,192.838,133.66267640236177
PAK,0,0
PER,0.146,0.3532829019480122
POL,0.02,0.14007005254378832
PRT,3.749,2.431347287872982
ROU,0.58,0.8480319557427243
RUS,0.048,0.21387319079712103
SAU,0.021,0.14345584540052586
SRB,1.827,1.5274037687398867
SVN,0,0
TUR,3.1799999999999997,3.9958778157409394
USA,0,0
UZB,0.789,0.4082225442643334
XKO,0.996,1.64347746891392
