ID_0,est,se
ALB,0,0
AUT,0.9999999854141456,0.195760594400435
BEL,0,0
BGR,0,0
CHE,0.988839928,0.29497729347621104
CHN,0,0
DEU,0.8113758312320001,0.15491426848779008
ESP,0.10395294399999999,0.008802307794318127
FRA,0,0
GRC,0,0
HRV,0.31400000000000006,0.15478286569672714
HUN,0.9385474911683219,0.09858840910401935
IND,0,0
ITA,0.009000000000000008,8.589792100509935e-4
NLD,0,0
PAK,0,0
PER,0,0
PRT,0,0
ROU,0,0
SRB,0,0
SVN,0.15300000000000002,0.12005587621359237
TUR,0,0
USA,0,0
XKO,0,0
