year,month,gid_1,est,se
2018,04,ESP.1_1,0.07563787376573114,0.11448055694307234
2018,04,ESP.10_1,0.4111080646467599,0.463425153905953
2018,04,ESP.11_1,0,0.39680846008918985
2018,04,ESP.12_1,0,0.4114465534715713
2018,04,ESP.13_1,0.689,0.46329104154923934
2018,04,ESP.14_1,0,0.39448398887722946
2018,04,ESP.15_1,0,0.05473590506279083
2018,04,ESP.16_1,0,0.04471408679934556
2018,04,ESP.17_1,0,0.40182895455311607
2018,04,ESP.18_1,0.882,0.3228786979997731
2018,04,ESP.2_1,0,0.07482746758510234
2018,04,ESP.3_1,0,0.39262993395973
2018,04,ESP.4_1,0,0.03971353795167271
2018,04,ESP.5_1,0,0.3995712240021161
2018,04,ESP.6_1,0.2814043056910575,0.398096405317843
2018,04,ESP.8_1,0,0.09451966615374731
2018,04,ESP.9_1,0,0.08915894617309834
