year,month,gid_1,est,se
2018,04,ESP.1_1,0.07880576884728598,0.09901151597113861
2018,04,ESP.10_1,0.3958659537652104,0.4762734896412458
2018,04,ESP.11_1,0,0.33707856691784244
2018,04,ESP.12_1,0,0.3198739319890518
2018,04,ESP.13_1,0.632,0.4825026516080599
2018,04,ESP.14_1,0,0.33866014039253384
2018,04,ESP.15_1,0,0
2018,04,ESP.16_1,0,0
2018,04,ESP.17_1,0,0.3429600875052688
2018,04,ESP.18_1,0.906,0.29197474077263813
2018,04,ESP.2_1,0,0.04315819149405776
2018,04,ESP.3_1,0,0.3203851535989872
2018,04,ESP.4_1,0,0
2018,04,ESP.5_1,0,0.35133820469557897
2018,04,ESP.6_1,0.3078665934808932,0.43334937530895123
2018,04,ESP.8_1,0,0.17067257872642908
2018,04,ESP.9_1,0,0.10435463521037237
2018,04,ITA.10_1,0.02197070732459701,0.13273768358573768
2018,04,ITA.8_1,0.024237486780139345,0.11630780512005141
2018,04,ITA.9_1,0,0.49314012936201734
