year,month,gid_1,est,se
2018,04,ESP.1_1,0.07674961020861053,0.09950381190900691
2018,04,ESP.10_1,0.38609310236445926,0.47457995200266545
2018,04,ESP.11_1,0,0.34356941891898063
2018,04,ESP.12_1,0,0.34736580725841837
2018,04,ESP.13_1,0.612,0.48753840227585526
2018,04,ESP.14_1,0,0.3483700711104602
2018,04,ESP.15_1,0,0
2018,04,ESP.16_1,0,0
2018,04,ESP.17_1,0,0.3450725649411658
2018,04,ESP.18_1,0.892,0.3105357184486713
2018,04,ESP.2_1,0,0.04800758289072783
2018,04,ESP.3_1,0,0.35725009115132167
2018,04,ESP.4_1,0,0
2018,04,ESP.5_1,0,0.3390204126213752
2018,04,ESP.6_1,0.29480772617130807,0.4286530830667388
2018,04,ESP.8_1,0,0.14007005254378832
2018,04,ESP.9_1,0,0.07726558075864033
2018,04,ITA.10_1,0.018816526743809184,0.1213116034191181
2018,04,ITA.8_1,0.024532451874307942,0.11678198314970303
2018,04,ITA.9_1,0,0.48730736549786363
