year,month,gid_1,est,se
2018,04,ESP.1_1,0.24161535308487012,0.3475764630930614
2018,04,ESP.10_1,0.7820088051635544,0.40550140723607025
2018,04,ESP.11_1,0,0.49042996497381947
2018,04,ESP.12_1,0,0.4925076639571243
2018,04,ESP.13_1,0.9361988300140818,0.25527519626252076
2018,04,ESP.14_1,0,0.4823266887312147
2018,04,ESP.15_1,0.02818663144128418,0.1650556034088274
2018,04,ESP.16_1,0.05637326288256836,0.23003723304159107
2018,04,ESP.17_1,0,0.4945913445482159
2018,04,ESP.18_1,0.978478777176008,0.1650556034088274
2018,04,ESP.2_1,0.22361547617769234,0.35966513956963225
2018,04,ESP.3_1,0,0.4941266404523313
2018,04,ESP.4_1,0.030024881411408286,0.3292273177211687
2018,04,ESP.5_1,0,0.49318663674307034
2018,04,ESP.6_1,0.6594338130786951,0.4299176535208673
2018,04,ESP.8_1,0.04429327797916085,0.2051981348141455
2018,04,ESP.9_1,0.06744658237735858,0.2501476041637598
