ID_1,est,se
ESP.1_1,0.8708588704,0.0884962070907674
ESP.10_1,0.983510444,0.40311850537101895
ESP.11_1,0,0
ESP.12_1,0,0
ESP.13_1,0.753,0.43148253403489834
ESP.14_1,0,0
ESP.15_1,0,0
ESP.16_1,0.0010000000000000009,0.010540925533894597
ESP.17_1,0,0
ESP.18_1,0.984,0.12553788177183714
ESP.2_1,0.038716420000000085,0.09959530820577034
ESP.3_1,0,0
ESP.4_1,0.006000000000000005,0.015453116151728067
ESP.5_1,0,0
ESP.6_1,0.890360136736,0.3057949857928153
ESP.7_1,0,0
ESP.8_1,0.0010000000000000009,0.03162277660168379
ESP.9_1,0.0010000000000000009,0.03162277660168379
