year,month,gid_1,est,se
2018,04,AUT.3_1,0,0.22613260116663433
2018,04,AUT.9_1,0,0.09448846901638508
2018,04,BEL.1_1,0,0.21805574590108984
2018,04,CHE.16_1,0,0.18885771719065161
2018,04,CHE.2_1,0,0.23386227946324045
2018,04,CYP.1_1,0,0.20959158090443544
2018,04,CYP.3_1,0,0.15312681872424974
2018,04,DEU.1_1,0,0.20959158090443544
2018,04,DEU.2_1,0,0.22137405246615036
2018,04,DEU.3_1,0,0.19369335763103793
2018,04,DEU.7_1,0,0.20078209478341033
2018,04,ESP.1_1,0.059879677011779764,0.22270231403214857
2018,04,ESP.10_1,0.4446399114120069,0.47811577270419975
2018,04,ESP.11_1,0,0.2170986619036617
2018,04,ESP.12_1,0,0.2176062839142278
2018,04,ESP.13_1,0.5955427974947808,0.4920833430206775
2018,04,ESP.14_1,0,0.18058616903221617
2018,04,ESP.15_1,0,0.11333159025017439
2018,04,ESP.16_1,0,0.10435547005747224
2018,04,ESP.17_1,0,0.2261326011666343
2018,04,ESP.18_1,0.40476722338204596,0.4903501672601162
2018,04,ESP.2_1,0,0.22329047512939473
2018,04,ESP.3_1,0,0.2300386132829324
2018,04,ESP.4_1,0,0.10032656268448602
2018,04,ESP.5_1,0,0.1333453771473435
2018,04,ESP.6_1,0.23994633416998384,0.3865057941173622
2018,04,ESP.8_1,0,0.099549326823467
2018,04,ESP.9_1,0,0.21805574590108986
2018,04,FRA.10_1,0,0.11333159025017439
2018,04,FRA.11_1,0.008075156576200417,0.08912951839363169
2018,04,FRA.12_1,0,0.2138749018031795
2018,04,FRA.8_1,0,0.224396896707561
2018,04,GBR.1_1,0,0.20108891057471864
2018,04,GBR.3_1,0,0.20296022092472368
2018,04,GRC.3_1,0,0.09954932682346698
2018,04,GRC.7_1,0,0.21387490180317953
2018,04,GRC.8_1,0,0.1330187084485579
2018,04,HRV.5_1,0,0.1293367518366444
2018,04,HRV.9_1,0,0.1983909980371287
2018,04,IRL.13_1,0,0.20740951356511855
2018,04,ITA.10_1,0.007597677461955626,0.08619059551551742
2018,04,ITA.8_1,0.01105251822610687,0.10207529747116664
2018,04,ITA.9_1,0,0.14675790317271445
2018,04,MLT.3_1,0,0.20296022092472368
2018,04,NLD.8_1,0,0.24665118938448974
2018,04,PRT.12_1,0,0.22640607335958607
2018,04,PRT.18_1,0,0.21855313966279633
2018,04,RUS.43_1,0,0.20902974724214393
2018,04,SRB.3_1,0,0.14675790317271445
2018,04,SWE.15_1,0,0.16505659375532236
