ID_0,est,se
ESP,0.5526273073211041,0.08057759866856752
