year,month,gid_1,est,se
2020,02,ESP.1_1,0.3492454760859054,0.31933215058267195
2020,02,ESP.10_1,0.626357802886359,0.46825143747957115
2020,02,ESP.11_1,0,0.4254348033386958
2020,02,ESP.12_1,0,0.415456490157268
2020,02,ESP.13_1,0.8385522853782044,0.3731632447783132
2020,02,ESP.14_1,0,0.4331862423696694
2020,02,ESP.15_1,0.0060399924517037535,0.07726573529026545
2020,02,ESP.16_1,0.060344381990690664,0.3341081236476582
2020,02,ESP.17_1,0,0.4184492794811543
2020,02,ESP.18_1,0.7731190338180804,0.42232104822590294
2020,02,ESP.2_1,0.16634365328846404,0.2949758100690828
2020,02,ESP.3_1,0,0.41172101181537946
2020,02,ESP.4_1,0.03181287350874352,0.26334015665569127
2020,02,ESP.5_1,0,0.41140645446461127
2020,02,ESP.6_1,0.5385258637928032,0.47894689196903734
2020,02,ESP.8_1,0.1771731119166434,0.38101148256734807
2020,02,ESP.9_1,0.012079984903407507,0.10893996208705614
