year,month,gid_1,est,se
2020,02,ESP.10_1,0.052208835341365466,0.44405493887485925
2020,02,ESP.2_1,9.079236974590176e-4,0.040400787182590055
2020,02,ESP.6_1,0.12873579958415324,0.524381848694969
