year,month,gid_2,est,se
2020,04,ESP.1.1_1,0.259,0.4383048152953731
2020,04,ESP.1.2_1,0.64,0.48024018015013137
2020,04,ESP.1.4_1,0.433,0.4957385972029581
2020,04,ESP.1.7_1,0.5,0.5002501876563868
2020,04,ESP.1.8_1,0.558,0.49687310541312546
2020,04,ESP.10.1_1,0.518,0.49992592043814443
2020,04,ESP.10.2_1,0.017,0.1293357171384909
2020,04,ESP.10.3_1,0.517,0.49996095943679536
2020,04,ESP.11.1_1,0.067,0.25014710386805117
2020,04,ESP.11.2_1,0.067,0.25014710386805117
2020,04,ESP.12.3_1,0.098,0.29746341705239066
2020,04,ESP.12.4_1,0.088,0.28343665312788385
2020,04,ESP.13.1_1,0.651,0.4768924684102554
2020,04,ESP.14.2_1,0.349,0.4768924684102554
2020,04,ESP.15.1_1,0,0.17067257872642908
2020,04,ESP.16.1_1,0.002,0.04469897088298564
2020,04,ESP.16.2_1,0.18,0.38437969216355294
2020,04,ESP.17.1_1,0,0.49532347546360583
2020,04,ESP.18.1_1,0.79,0.40751204407485436
2020,04,ESP.2.3_1,0,0.45536618051668964
2020,04,ESP.3.1_1,0.479,0.49980877224075293
2020,04,ESP.4.1_1,0.149,0.3562666500332664
2020,04,ESP.4.5_1,0.391,0.4882185549089233
2020,04,ESP.5.4_1,0,0.2029585972364615
2020,04,ESP.5.5_1,0,0.17340435135563662
2020,04,ESP.5.9_1,0,0.25014710386805117
2020,04,ESP.6.1_1,0.778,0.4157990967870047
2020,04,ESP.6.2_1,0.767,0.42295376802895357
2020,04,ESP.6.3_1,0.251,0.43380547159664457
2020,04,ESP.6.4_1,0.479,0.49980877224075293
2020,04,ESP.8.1_1,0.402,0.4905472827736758
2020,04,ESP.9.1_1,0,0.08341437500789632
