ID_1,est,se
ESP.1_1,0.08471729512142767,0.10325022930956232
ESP.10_1,0.03265715200000008,0.10305146674402627
ESP.11_1,0.01593600000000006,0.08912880535463237
ESP.12_1,0.010975999999999986,0.03596155163845759
ESP.13_1,0.01100000000000001,0.10435463521037237
ESP.14_1,0.014944000000000068,0.08627159018126435
ESP.15_1,0.014000000000000012,0.11754921445002436
ESP.16_1,0.023857000000000017,0.0725617729347327
ESP.17_1,0.016000000000000014,0.12553788177183714
ESP.18_1,0.0050000000000000044,0.07056897321046962
ESP.2_1,0.020896000000000026,0.06748649631615271
ESP.3_1,0.007000000000000006,0.08341437500789632
ESP.4_1,0.03460248500000007,0.06409112559530193
ESP.5_1,0.04619311199000009,0.04757088003575233
ESP.6_1,0.03650387706000002,0.09458776643334134
ESP.7_1,0.09099999999999997,0.14387651111439437
ESP.8_1,0.009000000000000008,0.09448771310560929
ESP.9_1,0,0
