year,month,gid_1,est,se
2018,06,ESP.10_1,0.858,0.34922479573758497
2018,06,ESP.6_1,0.827,0.37843653921656956
