year,month,gid_4,est,se
2016,06,DOM.5.1_1,0,0.17608806605504818
2016,06,GTM.7.7_1,0,0.4254550646214145
2016,06,MEX.14.40_2,0,0.17608806605504818
2016,06,MEX.16.57_2,0,0.23003677296666486
2016,06,MEX.9.9_2,0,0.17067257872642908
2016,06,PRI.65_1,0,0.239450070654273
2016,06,USA.10.43_1,0,0.15620307103062794
