year,month,gid_4,est,se
2016,06,ARG.24.2_1,0.113,0.3167512136225074
2016,06,DOM.5.1_1,0.016,0.12553788177183714
2016,06,GTM.7.7_1,0.29,0.4539891035103223
2016,06,HND.8.4_1,0.001,0.03162277660168379
2016,06,IND.20.26.7_1,0.031,0.17340435135563662
2016,06,IND.34.1.5_1,0.086,0.28050433629924987
2016,06,MEX.14.40_2,0.004,0.06315051850925682
2016,06,MEX.14.99_2,0.021,0.14345584540052586
2016,06,MEX.16.57_2,0.028,0.16505527329729044
2016,06,MEX.17.7_2,0.024,0.15312559370479986
2016,06,MEX.31.50_2,0.026,0.15921478998305827
2016,06,MEX.4.5_2,0.083,0.2760202658994212
2016,06,MEX.9.9_2,0.007,0.08341437500789632
2016,06,PAK.7.5.2_1,0.418,0.49347696959383985
2016,06,PER.13.11.10_1,0.088,0.28343665312788385
2016,06,PRI.52_1,0.081,0.27297163499805893
2016,06,PRI.65_1,0.041,0.19838941090279583
2016,06,USA.10.43_1,0.008,0.08912880535463237
2016,06,USA.5.19_1,0.02,0.14007005254378832
2016,06,VEN.14.3_1,0.026,0.15921478998305827
