year,month,gid_1,est,se
2021,09,ESP.1_1,0,0.2640748017137589
2021,09,ESP.10_1,0,0.25190363888132933
2021,09,ESP.11_1,0,0.28191193239269124
2021,09,ESP.12_1,0,0.27180273907214714
2021,09,ESP.13_1,0,0.25731614180212503
2021,09,ESP.14_1,0,0.2797927950494919
2021,09,ESP.15_1,0,0.281903207808661
2021,09,ESP.16_1,0.08517081928401722,0.22096489547087556
2021,09,ESP.17_1,0.363,0.476063089973877
2021,09,ESP.18_1,0,0.28909311547490063
2021,09,ESP.2_1,0,0.2687733300727632
2021,09,ESP.3_1,0.032,0.09064250588571339
2021,09,ESP.4_1,0,0.26699932888633027
2021,09,ESP.5_1,0,0.2675632065012474
2021,09,ESP.6_1,0,0.265665743710494
2021,09,ESP.7_1,0,0.2524125048624228
2021,09,ESP.8_1,0,0.28624345812676893
2021,09,ESP.9_1,0,0.2589288348356662
