year,month,gid_1,est,se
2021,09,ESP.1_1,0,0.3334267362570782
2021,09,ESP.10_1,0,0.3460348631003311
2021,09,ESP.11_1,0,0.3290695214363634
2021,09,ESP.12_1,0,0.3379866809965006
2021,09,ESP.13_1,0,0.33685584347106945
2021,09,ESP.14_1,0,0.3141996682594874
2021,09,ESP.15_1,0,0.335658803198097
2021,09,ESP.16_1,0.07401601202861786,0.14336620156373592
2021,09,ESP.17_1,0.423,0.4913345234129353
2021,09,ESP.18_1,0,0.33324576712807213
2021,09,ESP.2_1,0,0.33063780929375297
2021,09,ESP.3_1,0,0.11863207525985867
2021,09,ESP.4_1,0,0.33151604339001817
2021,09,ESP.5_1,0,0.3322534815528345
2021,09,ESP.6_1,0,0.3319386514904221
2021,09,ESP.7_1,0,0.31692356970250074
2021,09,ESP.8_1,0,0.3320296923768423
2021,09,ESP.9_1,0,0.32206630217492055
