year,month,gid_1,est,se
2020,02,ESP.1_1,0.23040035352806024,0.3148545389584809
2020,02,ESP.10_1,0.3015361715783869,0.3490083513416589
2020,02,ESP.11_1,0,0.10916639438714025
2020,02,ESP.12_1,0,0.1214501009402118
2020,02,ESP.13_1,0,0.5000540511325291
2020,02,ESP.14_1,0.4761294879982945,0.4972836680588988
2020,02,ESP.15_1,0,0.08912880535463237
2020,02,ESP.16_1,0,0.049381664615465184
2020,02,ESP.17_1,0,0.3450725649411658
2020,02,ESP.18_1,0,0.4984821807090846
2020,02,ESP.2_1,0,0.02287109856733403
2020,02,ESP.3_1,0,0.46593249842986173
2020,02,ESP.4_1,0,0.3436409135582058
2020,02,ESP.5_1,0.0036455267929237237,0.05695667857986124
2020,02,ESP.6_1,0.3355907394282107,0.38227768553815
2020,02,ESP.8_1,0.4120615384615385,0.4911376754192415
2020,02,ESP.9_1,0,0
