year,month,gid_1,est,se
2020,02,ESP.1_1,0.5059887768076059,0.3833098971978931
2020,02,ESP.10_1,0.5899950407062756,0.3580255267167901
2020,02,ESP.11_1,0.06980598476669324,0.2561034984311745
2020,02,ESP.12_1,0.17458858174344113,0.3302669160381016
2020,02,ESP.13_1,0.990990990990991,0.09449185673838502
2020,02,ESP.14_1,0.7874267768727646,0.37743217025399106
2020,02,ESP.15_1,0.06106106106106105,0.24128680059171068
2020,02,ESP.16_1,0.2770085169404226,0.37028460931863655
2020,02,ESP.17_1,0.6066066066066066,0.4886826514878727
2020,02,ESP.18_1,0.9499499499499497,0.21806356391587298
2020,02,ESP.2_1,0.24719147247304388,0.3380289111398424
2020,02,ESP.3_1,0.33333333333333337,0.4718963833246858
2020,02,ESP.4_1,0.13628556449366455,0.31639861132975655
2020,02,ESP.5_1,0.07416518281670799,0.2626838069037267
2020,02,ESP.6_1,0.6554350254724239,0.3533009892784611
2020,02,ESP.8_1,0.8138138138138139,0.3893184408437041
2020,02,ESP.9_1,0.07007007007007006,0.2569646201931701
