ID_0,est,se
ALB,0.999962042050432,0.1879012643454406
ARG,0.980021356861,0.3239395655649348
AUT,0.36787899999999996,0.03223914353591949
BEL,0,0
BGR,0.9999999999774801,0.31311986811464715
BIH,0.9783231,0.32564290706567495
BRA,0.846232672,0.29870588882367277
CHE,0.826395952,0.30844364818195913
CHN,0.955046592810595,0.27663136868522575
COL,0.854,0.3532829019480122
DEU,0.793,0.20267912775821004
ESP,0.9999999995329689,0.055321154757902814
FJI,0.9935475451516214,0.49518098126261295
FRA,0.9970675369475984,0.2319886215199453
GRC,0.31641600000000003,0.2082032609609648
GTM,0.7078800000000001,0.498585954681362
HND,0.947,0.22414558046332575
HRV,0.9999908338631818,0.34937322733232057
HUN,0.827880045647333,0.09104751648883509
IND,0.205318,0.15539525149570396
ITA,0.9999999999999158,0.21922055486610553
KOR,0.8330500000000001,0.42777210249511854
LKA,0.48,0.4998498272980094
MEX,0.0040000000000000036,0.03157525925462841
MMR,0.42900000000000005,0.49518098126261295
NLD,0.49350700000000003,0.00149809559813308
PAK,0,0
PAN,0,0
PER,0,0
PRT,0.963906870592,0.47195406791869987
PSE,0.481,0.4998888765404656
ROU,0.703605,0.23739648992442824
SLB,0.837,0.3695504939349528
SRB,0.8179553187043228,0.3130781836347696
SVN,0.999301170476608,0.23084579936850655
THA,0.42799999999999994,0.49503642397409614
TUR,0.999925222925083,0.35044530238741756
USA,0.7634002557310378,0.17137331427512162
XKO,0.469,0.4992877810324305
ZAF,0.43900000000000006,0.4965133689293024
