year,month,gid_2,est,se
2015,02,ESP.10.1_1,0.021,0.14345584540052586
2015,02,ESP.10.2_1,0.016,0.12553788177183714
2015,02,ESP.10.3_1,0.186,0.3893013685508382
