year,month,gid_2,est,se
2015,02,ESP.1.1_1,0,0
2015,02,ESP.1.2_1,0,0
2015,02,ESP.1.3_1,0,0
2015,02,ESP.1.4_1,0,0.03162277660168379
2015,02,ESP.1.6_1,0,0
2015,02,ESP.1.7_1,0,0.06315051850925682
2015,02,ESP.1.8_1,0,0
2015,02,ESP.10.1_1,0,0.2775266131761439
2015,02,ESP.10.2_1,0,0.09448771310560929
2015,02,ESP.10.3_1,0,0.11333068359382575
2015,02,ESP.11.1_1,0,0.20068950215762726
2015,02,ESP.11.2_1,0,0.19838941090279583
2015,02,ESP.12.1_1,0,0.20519772441746548
2015,02,ESP.13.1_1,0,0.46785669802824226
2015,02,ESP.14.1_1,0,0.16505527329729044
2015,02,ESP.14.2_1,0,0.162164414398774
2015,02,ESP.15.1_1,0,0.19369180807797864
2015,02,ESP.16.1_1,0,0.03162277660168379
2015,02,ESP.16.2_1,0,0
2015,02,ESP.16.3_1,0,0
2015,02,ESP.17.1_1,0,0.19605723255834873
2015,02,ESP.18.1_1,0,0.4576083537321029
2015,02,ESP.2.3_1,0,0
2015,02,ESP.3.1_1,0,0.18638331132035063
2015,02,ESP.4.3_1,0,0
2015,02,ESP.4.5_1,0,0
2015,02,ESP.5.2_1,0,0.19369180807797864
2015,02,ESP.5.5_1,0,0.17608806605504818
2015,02,ESP.6.1_1,0.136,0.3429600875052688
2015,02,ESP.6.2_1,0.141,0.34819569244928955
2015,02,ESP.6.3_1,0,0
2015,02,ESP.6.4_1,0.002,0.04469897088298564
2015,02,ESP.7.2_1,0,0.19129190414806527
2015,02,ESP.8.1_1,0,0.15620307103062794
2015,02,ESP.9.1_1,0,0.07726558075864033
