year,month,gid_2,est,se
2015,02,ESP.1.1_1,0,0
2015,02,ESP.1.2_1,0,0
2015,02,ESP.1.3_1,0,0
2015,02,ESP.1.4_1,0,0
2015,02,ESP.1.6_1,0,0
2015,02,ESP.1.7_1,0,0.14007005254378832
2015,02,ESP.1.8_1,0,0.03162277660168379
2015,02,ESP.10.1_1,0,0.2760202658994212
2015,02,ESP.10.2_1,0,0.12553788177183714
2015,02,ESP.10.3_1,0,0.09448771310560929
2015,02,ESP.11.1_1,0,0.1293357171384909
2015,02,ESP.11.2_1,0,0.15921478998305827
2015,02,ESP.12.1_1,0,0.13659303663678343
2015,02,ESP.13.1_1,0,0.4732652321690026
2015,02,ESP.14.1_1,0,0.11333068359382575
2015,02,ESP.14.2_1,0,0.14007005254378832
2015,02,ESP.15.1_1,0,0.20519772441746548
2015,02,ESP.16.1_1,0,0.03162277660168379
2015,02,ESP.16.2_1,0,0
2015,02,ESP.16.3_1,0,0
2015,02,ESP.17.1_1,0,0.14007005254378832
2015,02,ESP.18.1_1,0,0.4663222667388471
2015,02,ESP.2.3_1,0,0
2015,02,ESP.3.1_1,0,0.13659303663678343
2015,02,ESP.4.3_1,0,0
2015,02,ESP.4.5_1,0,0.04469897088298564
2015,02,ESP.5.2_1,0,0.1467567291047928
2015,02,ESP.5.5_1,0,0.10435463521037237
2015,02,ESP.6.1_1,0.134,0.3408227694273963
2015,02,ESP.6.2_1,0.152,0.3592005359475749
2015,02,ESP.6.3_1,0,0
2015,02,ESP.6.4_1,0.01,0.0995485304256668
2015,02,ESP.7.2_1,0,0.1293357171384909
2015,02,ESP.8.1_1,0,0.17872588772459053
2015,02,ESP.9.1_1,0,0.08341437500789632
2015,02,ITA.10.1_1,0,0.05471740119919799
2015,02,ITA.10.12_1,0,0
2015,02,ITA.10.2_1,0,0.03162277660168379
2015,02,ITA.10.8_1,0,0
2015,02,ITA.10.9_1,0,0
2015,02,ITA.13.5_1,0,0
2015,02,ITA.16.5_1,0,0.03162277660168379
2015,02,ITA.16.7_1,0,0.03162277660168379
2015,02,ITA.20.5_1,0,0
2015,02,ITA.6.4_1,0,0.10893974420691407
2015,02,ITA.6.8_1,0,0.09448771310560929
2015,02,ITA.8.4_1,0,0
