year,month,gid_2,est,se
2015,02,ESP.1.1_1,0.011,0.10435463521037237
2015,02,ESP.1.2_1,0.01,0.0995485304256668
2015,02,ESP.1.3_1,0.012,0.10893974420691407
2015,02,ESP.1.4_1,0.155,0.362085771753194
2015,02,ESP.1.5_1,0,0.4144535821678608
2015,02,ESP.1.6_1,0.013,0.11333068359382575
2015,02,ESP.1.7_1,0.453,0.4980351785155734
2015,02,ESP.1.8_1,0.102,0.30279974849343533
2015,02,ESP.10.1_1,0.516,0.49999399395792143
2015,02,ESP.10.2_1,0.31,0.462724663395106
2015,02,ESP.10.3_1,0.348,0.47657436263727315
2015,02,ESP.11.1_1,0,0.42295376802895357
2015,02,ESP.11.2_1,0,0.4197525368502163
2015,02,ESP.12.1_1,0,0.39944781706570703
2015,02,ESP.12.2_1,0,0.41377555535605315
2015,02,ESP.12.3_1,0,0.40963251677424095
2015,02,ESP.12.4_1,0,0.42039949540375965
2015,02,ESP.13.1_1,0.649,0.4775217555536366
2015,02,ESP.14.1_1,0,0.42421097929562707
2015,02,ESP.14.2_1,0,0.43148253403489834
2015,02,ESP.15.1_1,0.041,0.19838941090279583
2015,02,ESP.16.1_1,0,0.42421097929562707
2015,02,ESP.16.2_1,0.006,0.07726558075864033
2015,02,ESP.16.3_1,0.003,0.05471740119919799
2015,02,ESP.17.1_1,0,0.41646661864361284
2015,02,ESP.18.1_1,0.547,0.4980351785155734
2015,02,ESP.2.1_1,0.215,0.4110279113928201
2015,02,ESP.2.2_1,0.013,0.11333068359382575
2015,02,ESP.2.3_1,0.028,0.16505527329729044
2015,02,ESP.3.1_1,0,0.4303024054780082
2015,02,ESP.4.1_1,0.01,0.0995485304256668
2015,02,ESP.4.2_1,0,0.43148253403489834
2015,02,ESP.4.3_1,0.011,0.10435463521037237
2015,02,ESP.4.4_1,0,0.4124088760939574
2015,02,ESP.4.5_1,0.046,0.20958990416508122
2015,02,ESP.5.1_1,0,0.4197525368502163
2015,02,ESP.5.2_1,0,0.40892936214366316
2015,02,ESP.5.3_1,0,0.40892936214366316
2015,02,ESP.5.4_1,0,0.4210430824479572
2015,02,ESP.5.5_1,0,0.41844844258175834
2015,02,ESP.5.6_1,0,0.42790431418963526
2015,02,ESP.5.7_1,0,0.3901066305296325
2015,02,ESP.5.8_1,0,0.41713067256915787
2015,02,ESP.5.9_1,0,0.4197525368502163
2015,02,ESP.6.1_1,0.508,0.5001861515337926
2015,02,ESP.6.2_1,0.547,0.4980351785155734
2015,02,ESP.6.3_1,0.056,0.23003677296666486
2015,02,ESP.6.4_1,0.214,0.41033202698835536
2015,02,ESP.7.1_1,0,0.42421097929562707
2015,02,ESP.7.2_1,0,0.4303024054780082
2015,02,ESP.8.1_1,0.032,0.17608806605504818
2015,02,ESP.9.1_1,0.002,0.04469897088298564
