year,month,gid_4,est,se
2020,12,ESP.10.1.1.3_1,0.068,0.2518718710762269
2020,12,ESP.10.1.1.8_1,0.037,0.1888562063228706
2020,12,ESP.10.1.4.20_1,0.057,0.2319586273558386
2020,12,ESP.10.1.4.23_1,0.024,0.15312559370479986
2020,12,ESP.10.1.4.27_1,0.04,0.19605723255834873
2020,12,ESP.10.1.6.12_1,0.03,0.17067257872642908
2020,12,ESP.10.1.6.27_1,0.069,0.2535809600567505
2020,12,ESP.10.1.7.1_1,0.266,0.44208533049564025
2020,12,ESP.10.1.7.10_1,0.091,0.28775302222878874
2020,12,ESP.10.1.7.2_1,0.045,0.20740785428237288
2020,12,ESP.10.1.7.6_1,0.244,0.42970763159228237
2020,12,ESP.10.1.9.3_1,0.063,0.24308453280719053
2020,12,ESP.10.2.5.11_1,0.382,0.48611964814468495
2020,12,ESP.10.2.7.2_1,0.103,0.304110972316823
2020,12,ESP.10.2.7.6_1,0.018,0.13301764429463367
2020,12,ESP.10.2.8.8_1,0.821,0.38354413840665863
2020,12,ESP.10.3.1.14_1,0.226,0.41844844258175834
2020,12,ESP.10.3.13.9_1,0.873,0.33313958333104454
2020,12,ESP.10.3.4.1_1,0.203,0.402433787041984
2020,12,ESP.10.3.7.19_1,0.261,0.4393996723622721
2020,12,ESP.10.3.7.2_1,0.173,0.37843653921656956
2020,12,ESP.10.3.7.4_1,0.391,0.4882185549089233
2020,12,ESP.10.3.8.5_1,0.049,0.21597603025716916
