year,month,gid_1,est,se
2020,12,ESP.1_1,0,0.3485793063204013
2020,12,ESP.10_1,0,0.34320126766761533
2020,12,ESP.11_1,0,0.34798949609527724
2020,12,ESP.12_1,0,0.35220740252784716
2020,12,ESP.13_1,0,0.3393809041788032
2020,12,ESP.14_1,0,0.35827571231173677
2020,12,ESP.15_1,0,0.35615334776796004
2020,12,ESP.16_1,0,0.3404232150664708
2020,12,ESP.17_1,0,0.3523828224162955
2020,12,ESP.18_1,0,0.31711178357690334
2020,12,ESP.2_1,0,0.3612842644024794
2020,12,ESP.3_1,0,0.3446630245381403
2020,12,ESP.4_1,0,0.3578368370085141
2020,12,ESP.5_1,0,0.37854284608702815
2020,12,ESP.6_1,0,0.3543086222482923
2020,12,ESP.7_1,0,0.34781415898224083
2020,12,ESP.8_1,0,0.3549030319190093
2020,12,ESP.9_1,0,0.3694863628154717
2020,12,ITA.1_1,0,0.3482488741682942
2020,12,ITA.10_1,0,0.23568167567767695
2020,12,ITA.11_1,0,0.36757641457942214
2020,12,ITA.13_1,0,0.3437453651421254
2020,12,ITA.14_1,0,0.3202025890839441
2020,12,ITA.15_1,0,0.3536462016726563
2020,12,ITA.16_1,0,0.35129303578692206
2020,12,ITA.17_1,0,0.06513295603184163
2020,12,ITA.2_1,0,0.34095594598268053
2020,12,ITA.20_1,0,0.012090918768944298
2020,12,ITA.3_1,0,0.3407117750025599
2020,12,ITA.4_1,0,0.35031858561279733
2020,12,ITA.5_1,0,0.3538692238042023
2020,12,ITA.6_1,0,0.3425273101085102
2020,12,ITA.8_1,0,0.33941342122143164
2020,12,ITA.9_1,0,0.3508006886422074
