year,month,gid_1,est,se
2020,12,HUN.10_1,0.166,0.37226681638655706
2020,12,HUN.12_1,0.145,0.3522770203960217
2020,12,HUN.13_1,0.205,0.403903624814309
2020,12,HUN.14_1,0.145,0.3522770203960217
2020,12,HUN.16_1,0.187,0.3901066305296325
2020,12,HUN.17_1,0.166,0.37226681638655706
2020,12,HUN.19_1,0.115,0.31918157352340515
2020,12,HUN.2_1,0.232,0.42232020358296185
2020,12,HUN.4_1,0.208,0.4060799193519681
2020,12,HUN.5_1,0.09,0.28632495871296654
2020,12,HUN.8_1,0.143,0.3502480173729377
2020,12,ITA.10_1,0.381,0.48587557571365436
2020,12,ITA.17_1,0.219,0.41377555535605315
2020,12,ITA.20_1,0.383,0.48636153995515263
