year,month,gid_3,est,se
2021,09,ESP.10.1.1_1,0.175,0.38015722999769386
2021,09,ESP.10.1.4_1,0.676,0.4682341756463781
2021,09,ESP.10.1.6_1,0.666,0.47187568984497036
2021,09,ESP.10.1.7_1,0.432,0.49560228169533443
2021,09,ESP.10.1.9_1,0.035,0.18387171834952978
2021,09,ESP.10.2.5_1,0.948,0.22213812222431645
2021,09,ESP.10.2.7_1,0.115,0.31918157352340515
2021,09,ESP.10.2.8_1,0.088,0.28343665312788385
2021,09,ESP.10.3.1_1,0.05,0.21805400144814482
2021,09,ESP.10.3.13_1,0.094,0.29197474077263813
2021,09,ESP.10.3.4_1,0.322,0.46747677432631296
2021,09,ESP.10.3.7_1,0.526,0.4995733915788286
2021,09,ESP.10.3.8_1,0.108,0.3105357184486713
