year,month,gid_2,est,se
2019,12,ESP.10.1_1,0.0044640609330883485,0.11315845871216988
2019,12,ESP.10.2_1,0,0
2019,12,ESP.10.3_1,0.004222933259005564,0.07962696476653844
2019,12,ESP.15.1_1,0,0
2019,12,ESP.18.1_1,9.305591203276108e-4,0.03735292484890811
2019,12,ESP.2.1_1,0,0
2019,12,ESP.2.2_1,9.889947867153458e-4,0.03239748708489749
2019,12,ESP.2.3_1,2.740465046142186e-4,0.015564579158936007
2019,12,ESP.4.1_1,0.0013797853322819978,0.03912384852128388
2019,12,ESP.4.3_1,8.741102012814607e-4,0.028634098315974323
2019,12,ESP.4.4_1,0.004376901760468406,0.07457598075389849
2019,12,ESP.5.7_1,0.005061802393631813,0.08624568211627516
2019,12,ESP.6.1_1,0.017118876134129102,0.1812423721225001
2019,12,ESP.6.2_1,0.030031447019139852,0.2715203392049916
2019,12,ESP.6.3_1,0,0
2019,12,ESP.6.4_1,0.009933250581003762,0.155528027059095
2019,12,ESP.9.1_1,0,0
2019,12,FRA.10.11_1,0.0023419212779097476,0.06640523796131093
2019,12,FRA.11.11_1,0.0011160714285714285,0.06338771633478994
2019,12,FRA.11.6_1,0.0021154752817344525,0.06929873042711798
2019,12,FRA.11.7_1,0.08910031281415981,0.512240349615415
