year,month,gid_2,est,se
2020,02,ESP.10.1_1,0,0
2020,02,ESP.10.2_1,0,0
2020,02,ESP.10.3_1,0,0
2020,02,ESP.15.1_1,0,0
2020,02,ESP.18.1_1,0.00697919340245708,0.10162676245233336
2020,02,ESP.2.1_1,0,0
2020,02,ESP.2.2_1,0,0
2020,02,ESP.2.3_1,2.740465046142186e-4,0.015564579158936007
2020,02,ESP.4.1_1,0,0
2020,02,ESP.4.3_1,5.827401341876405e-4,0.023391365431022052
2020,02,ESP.4.4_1,0.0011937004801277473,0.03910323533313581
2020,02,ESP.5.7_1,0.011043932495196683,0.12655327913232373
2020,02,ESP.6.1_1,0.04157441346859925,0.2765731410626629
2020,02,ESP.6.2_1,0.01580602474691571,0.19881587957696664
2020,02,ESP.6.3_1,0,0
2020,02,ESP.6.4_1,0.02903565554447254,0.26251718864728485
2020,02,ESP.9.1_1,0,0
2020,02,FRA.10.11_1,0.002927401597387184,0.07420603297247194
2020,02,FRA.11.11_1,0,0
2020,02,FRA.11.6_1,0.028911495517037516,0.25125707735456376
2020,02,FRA.11.7_1,0.031034940418415216,0.3117901054338193
