year,month,gid_2,est,se
2020,02,ESP.1.1_1,0.001,0.03162277660168379
2020,02,ESP.1.2_1,0.509,0.5001691405606399
2020,02,ESP.1.4_1,0.27,0.44418160396092193
2020,02,ESP.1.5_1,0.001,0.03162277660168379
2020,02,ESP.1.6_1,0,0
2020,02,ESP.1.7_1,0.505,0.50022517452166
2020,02,ESP.1.8_1,0.508,0.5001861515337926
2020,02,ESP.10.1_1,0.508,0.5001861515337926
2020,02,ESP.10.2_1,0,0
2020,02,ESP.10.3_1,0.508,0.5001861515337926
2020,02,ESP.11.1_1,0,0.07056897321046962
2020,02,ESP.11.2_1,0,0.05471740119919799
2020,02,ESP.12.1_1,0,0.20958990416508122
2020,02,ESP.12.2_1,0,0.03162277660168379
2020,02,ESP.12.4_1,0,0
2020,02,ESP.13.1_1,0,0.5001501276118503
2020,02,ESP.14.1_1,0.515,0.5000250243988045
2020,02,ESP.14.2_1,0.506,0.5002141683461337
2020,02,ESP.15.1_1,0,0
2020,02,ESP.16.1_1,0,0
2020,02,ESP.16.2_1,0,0.19369180807797864
2020,02,ESP.16.3_1,0,0
2020,02,ESP.17.1_1,0,0.3142893217686178
2020,02,ESP.18.1_1,0,0.5002141683461337
2020,02,ESP.2.1_1,0,0
2020,02,ESP.2.2_1,0,0
2020,02,ESP.2.3_1,0,0
2020,02,ESP.3.1_1,0,0.5002011607355596
2020,02,ESP.4.1_1,0,0.25695335184625445
2020,02,ESP.4.2_1,0,0.35428310221702153
2020,02,ESP.4.3_1,0,0.38354413840665863
2020,02,ESP.4.5_1,0,0.49380547166252
2020,02,ESP.5.1_1,0.003,0.05471740119919799
2020,02,ESP.5.2_1,0,0
2020,02,ESP.5.4_1,0,0
2020,02,ESP.5.9_1,0.001,0.03162277660168379
2020,02,ESP.6.1_1,0.519,0.4998888765404656
2020,02,ESP.6.2_1,0.517,0.49996095943679536
2020,02,ESP.6.3_1,0.002,0.04469897088298564
2020,02,ESP.6.4_1,0.311,0.4631344227041362
2020,02,ESP.8.1_1,0.148,0.3552776691859794
2020,02,ESP.9.1_1,0,0
2020,02,ITA.10.2_1,0,0
2020,02,ITA.10.8_1,0.402,0.4905472827736758
2020,02,ITA.13.1_1,0,0
2020,02,ITA.13.6_1,0,0.14345584540052586
2020,02,ITA.16.4_1,0.354,0.4784484433174727
2020,02,ITA.17.2_1,0,0
2020,02,ITA.20.3_1,0.001,0.03162277660168379
2020,02,ITA.6.1_1,0,0.49940805801309257
2020,02,ITA.6.2_1,0,0
2020,02,ITA.6.6_1,0,0
2020,02,ITA.9.3_1,0,0.4467377022085494
