year,month,gid_1,est,se
2019,05,ESP.1_1,0,0.42538869046164735
2019,05,ESP.10_1,0,0.4307733014938358
2019,05,ESP.11_1,0,0.42531696355989107
2019,05,ESP.12_1,0,0.4254884537453402
2019,05,ESP.13_1,0,0.42295376802895357
2019,05,ESP.14_1,0,0.42790431418963526
2019,05,ESP.15_1,0,0.42668613881993056
2019,05,ESP.16_1,0,0.27022843477219394
2019,05,ESP.17_1,0.65,0.47720826452161086
2019,05,ESP.18_1,0,0.4197525368502163
2019,05,ESP.2_1,0,0.4241804749641737
2019,05,ESP.3_1,0.278,0.44823756749843824
2019,05,ESP.4_1,0,0.42454869806349876
2019,05,ESP.5_1,0,0.42473434352480066
2019,05,ESP.6_1,0,0.4271981303542211
2019,05,ESP.8_1,0,0.4151280902701374
2019,05,ESP.9_1,0,0.42358402168096876
2019,05,ITA.10_1,0,0.40094857495663927
2019,05,ITA.16_1,0,0.42232020358296185
2019,05,ITA.17_1,0,0.4210430824479572
2019,05,ITA.20_1,0,0.36955049393495276
2019,05,ITA.8_1,0,0.27936761799870563
2019,05,ITA.9_1,0,0.43664018900538076
