year,month,gid_1,est,se
2019,05,ESP.1_1,0,0.3595157149363545
2019,05,ESP.10_1,0,0.364802579418981
2019,05,ESP.11_1,0,0.35792870101733615
2019,05,ESP.12_1,0,0.3703638597987149
2019,05,ESP.13_1,0,0.3664308103062424
2019,05,ESP.14_1,0,0.336546210273252
2019,05,ESP.15_1,0,0.3634680256240405
2019,05,ESP.16_1,0.04341704810419247,0.27321082637680366
2019,05,ESP.17_1,0.55,0.4971624407573031
2019,05,ESP.18_1,0,0.3712664150864839
2019,05,ESP.2_1,0,0.369722749299355
2019,05,ESP.3_1,0.151,0.3251585313505887
2019,05,ESP.4_1,0,0.3671081061935789
2019,05,ESP.5_1,0,0.36673034474926264
2019,05,ESP.6_1,0,0.37615063124764153
2019,05,ESP.7_1,0,0.3395150373165534
2019,05,ESP.8_1,0,0.35842491404280713
2019,05,ESP.9_1,0,0.3674080856349571
