year,month,gid_2,est,se
2021,05,ESP.1.1_1,0,0.3868600013708585
2021,05,ESP.1.2_1,0,0.3810107205436209
2021,05,ESP.1.3_1,0,0.37843653921656956
2021,05,ESP.1.4_1,0,0.387678080750375
2021,05,ESP.1.5_1,0,0.3860375953518323
2021,05,ESP.1.6_1,0,0.3924972026066607
2021,05,ESP.1.7_1,0,0.38015722999769386
2021,05,ESP.1.8_1,0,0.39407016036651554
2021,05,ESP.10.1_1,0,0.37929917989348183
2021,05,ESP.10.2_1,0,0.39562674393994207
2021,05,ESP.10.3_1,0,0.38521083498181535
2021,05,ESP.11.1_1,0,0.39944781706570703
2021,05,ESP.11.2_1,0,0.4053582555164201
2021,05,ESP.12.1_1,0,0.40751204407485436
2021,05,ESP.12.2_1,0,0.38354413840665863
2021,05,ESP.12.3_1,0,0.39562674393994207
2021,05,ESP.12.4_1,0,0.39944781706570703
2021,05,ESP.13.1_1,0,0.3963989557656934
2021,05,ESP.14.1_1,0,0.37929917989348183
2021,05,ESP.14.2_1,0,0.3749394345485409
2021,05,ESP.15.1_1,0,0.3917045218432287
2021,05,ESP.16.1_1,0,0.39407016036651554
2021,05,ESP.16.2_1,0.137,0.3440194025768741
2021,05,ESP.16.3_1,0.167,0.3731624984510773
2021,05,ESP.17.1_1,0.514,0.5000540511325291
2021,05,ESP.18.1_1,0,0.362085771753194
2021,05,ESP.2.1_1,0,0.40020015012510946
2021,05,ESP.2.2_1,0,0.40169311340544206
2021,05,ESP.2.3_1,0,0.40020015012510946
2021,05,ESP.3.1_1,0.069,0.2535809600567505
2021,05,ESP.4.1_1,0,0.39562674393994207
2021,05,ESP.4.2_1,0,0.3868600013708585
2021,05,ESP.4.3_1,0,0.4082225442643334
2021,05,ESP.4.4_1,0,0.38270414482007176
2021,05,ESP.4.5_1,0,0.4060799193519681
2021,05,ESP.5.1_1,0,0.402433787041984
2021,05,ESP.5.2_1,0,0.39562674393994207
2021,05,ESP.5.3_1,0,0.403903624814309
2021,05,ESP.5.4_1,0,0.40963251677424095
2021,05,ESP.5.5_1,0,0.39793133748091436
2021,05,ESP.5.6_1,0,0.3818596821043259
2021,05,ESP.5.7_1,0,0.39716714584887525
2021,05,ESP.5.8_1,0,0.4177912750998392
2021,05,ESP.5.9_1,0,0.4130939925085411
2021,05,ESP.6.1_1,0,0.39407016036651554
2021,05,ESP.6.2_1,0,0.39562674393994207
2021,05,ESP.6.3_1,0,0.40317061716666125
2021,05,ESP.6.4_1,0,0.3860375953518323
2021,05,ESP.7.1_1,0,0.38354413840665863
2021,05,ESP.7.2_1,0,0.3868600013708585
2021,05,ESP.8.1_1,0,0.39716714584887525
2021,05,ESP.9.1_1,0,0.38849186082326864
