ID_0,est,se
ESP,0.14564792166399998,0.014052528915068014
