ID_0,est,se
ALB,0,0
AUT,10.276,12.56783342671883
BEL,0,0
BGR,0,0
CHE,2.187,1.9274090556655663
CHN,0,0
DEU,0.902,0.8747513199881308
ESP,0.013000000000000001,0.19284917740629232
FRA,0,0
GRC,0,0
HRV,0.373,0.4838440917331792
HUN,2.645,4.830902022801366
IND,0,0
ITA,0.023,0.1881548162835115
NLD,0.001,0.03162277660168379
PAK,0,0
PER,0,0
ROU,0.004,0.06315051850925682
SRB,0.007,0.08341437500789632
SVN,0,0
TUR,0,0
USA,0,0
XKO,0,0
