year,month,gid_4,est,se
2019,05,AUT.5.3.1.12_2,0,0.3963989557656934
2019,05,AUT.9.1.1.36_2,0,0.28917057184232914
2019,05,AUT.9.1.1.40_2,0,0.28917057184232914
2019,05,DEU.2.54.1.1_1,0,0.3471606552023436
2019,05,ESP.16.2.1.32_1,0,0.23574260237507894
2019,05,ESP.16.2.1.45_1,0,0.23574260237507894
2019,05,ESP.16.2.1.66_1,0,0.23574260237507894
2019,05,ESP.16.3.1.28_1,0,0.239450070654273
2019,05,ESP.17.1.1.1_1,0,0.4415540396938635
2019,05,ESP.17.1.4.2_1,0,0.4415540396938635
2019,05,ESP.17.1.6.3_1,0,0.4415540396938635
2019,05,ESP.17.1.7.6_1,0,0.4415540396938635
2019,05,ESP.17.1.8.10_1,0,0.4415540396938635
2019,05,ESP.17.1.8.18_1,0,0.4415540396938635
2019,05,ESP.17.1.8.6_1,0,0.4415540396938635
2019,05,ESP.3.1.4.1_1,0,0.3986915536538929
2019,05,ESP.3.1.4.5_1,0,0.3986915536538929
2019,05,HUN.14.5_1,0,0.2760202658994212
2019,05,HUN.5.1_1,0,0.2619018758859749
