year,month,gid_3,est,se
2019,12,ESP.10.1.1_1,0.516,0.49999399395792143
2019,12,ESP.10.1.4_1,0.472,0.49946517943242597
2019,12,ESP.10.1.6_1,0.493,0.5002011607355596
2019,12,ESP.10.1.7_1,0.53,0.49934892545128134
2019,12,ESP.10.1.9_1,0.493,0.5002011607355596
2019,12,ESP.10.2.5_1,0.475,0.499624483612067
2019,12,ESP.10.2.7_1,0.533,0.49915945364198017
2019,12,ESP.10.2.8_1,0.499,0.500249187155011
2019,12,ESP.10.3.1_1,0.549,0.49784219070589714
2019,12,ESP.10.3.13_1,0.498,0.5002461856388775
2019,12,ESP.10.3.4_1,0.614,0.48707416400507353
2019,12,ESP.10.3.7_1,0.588,0.4924413655436538
2019,12,ESP.10.3.8_1,0.546,0.49812863010685515
2019,12,ESP.18.1.5_1,0.492,0.5001861515337926
2019,12,ESP.6.1.10_1,0.563,0.4962633144584408
2019,12,ESP.6.1.11_1,0.581,0.4936422618482768
2019,12,ESP.6.1.12_1,0.534,0.4990922691177385
2019,12,ESP.6.1.3_1,0.607,0.4886612219010117
2019,12,ESP.6.1.5_1,0.541,0.4985655098054493
2019,12,ESP.6.1.6_1,0.553,0.4974318430081034
2019,12,ESP.6.1.9_1,0.506,0.5002141683461337
2019,12,ESP.6.2.4_1,0.503,0.5002411830719671
2019,12,ESP.6.2.5_1,0.48,0.4998498272980094
2019,12,ESP.6.2.6_1,0.5,0.5002501876563868
2019,12,ESP.6.2.7_1,0.526,0.4995733915788286
2019,12,ESP.6.4.2_1,0.57,0.49532347546360583
2019,12,ESP.6.4.3_1,0.499,0.500249187155011
2019,12,ESP.6.4.7_1,0.499,0.500249187155011
