year,month,gid_3,est,se
2022,04,ESP.10.1.1_1,0.915,0.2790212408632233
2022,04,ESP.10.1.2_1,0.863,0.3440194025768741
2022,04,ESP.10.1.4_1,0.525,0.499624483612067
2022,04,ESP.10.1.5_1,0.918,0.27450200609713465
2022,04,ESP.10.1.6_1,0.425,0.4945903553645376
2022,04,ESP.10.1.7_1,0.691,0.46231237570795436
2022,04,ESP.10.1.8_1,0.31,0.462724663395106
2022,04,ESP.10.1.9_1,0.024,0.15312559370479986
2022,04,ESP.10.2.3_1,0.867,0.3397446488562056
2022,04,ESP.10.2.5_1,0.018,0.13301764429463367
2022,04,ESP.10.2.7_1,0.406,0.4913302406787164
2022,04,ESP.10.2.8_1,0.073,0.2602666685127751
2022,04,ESP.10.3.1_1,0.049,0.21597603025716916
2022,04,ESP.10.3.10_1,0.241,0.42790431418963526
2022,04,ESP.10.3.11_1,0.671,0.47008507738491334
2022,04,ESP.10.3.12_1,0.001,0.03162277660168379
2022,04,ESP.10.3.13_1,0.489,0.500129112459102
2022,04,ESP.10.3.14_1,0.519,0.4998888765404656
2022,04,ESP.10.3.16_1,0.749,0.43380547159664457
2022,04,ESP.10.3.18_1,0.687,0.4639463829433809
2022,04,ESP.10.3.2_1,0.891,0.3117951510466707
2022,04,ESP.10.3.4_1,0.195,0.3963989557656934
2022,04,ESP.10.3.6_1,0.435,0.4960050614873008
2022,04,ESP.10.3.7_1,0.991,0.09448771310560929
2022,04,ESP.10.3.8_1,0.26,0.43885372573625553
