year,month,gid_3,est,se
2022,03,ESP.1.1.6_1,0,0.32860155048170264
2022,03,ESP.1.7.4_1,0,0.34922479573758497
2022,03,ESP.1.8.3_1,0,0.3251241389157466
2022,03,ESP.1.8.4_1,0,0.3251241389157466
2022,03,ESP.10.1.9_1,0,0.34189456253630574
2022,03,ESP.10.2.4_1,0,0.3522770203960217
2022,03,ESP.10.2.5_1,0,0.3522770203960217
2022,03,ESP.10.3.13_1,0,0.3562666500332664
2022,03,ESP.10.3.4_1,0,0.3562666500332664
2022,03,ESP.11.1.10_1,0,0.3522770203960217
2022,03,ESP.11.1.12_1,0,0.3522770203960217
2022,03,ESP.11.2.4_1,0,0.3320154126456093
2022,03,ESP.11.2.6_1,0,0.3320154126456093
2022,03,ESP.12.1.2_1,0,0.3262904618058356
2022,03,ESP.12.2.2_1,0,0.33536766610911
2022,03,ESP.13.1.1_1,0,0.33313958333104454
2022,03,ESP.13.1.2_1,0,0.33313958333104454
2022,03,ESP.13.1.3_1,0,0.33313958333104454
2022,03,ESP.13.1.5_1,0,0.33313958333104454
2022,03,ESP.13.1.8_1,0,0.33313958333104454
2022,03,ESP.13.1.9_1,0,0.33313958333104454
2022,03,ESP.14.1.1_1,0,0.34189456253630574
2022,03,ESP.14.2.1_1,0,0.35126540875438816
2022,03,ESP.16.1.3_1,0,0.22010780869257557
2022,03,ESP.16.2.1_1,0,0.21597603025716916
2022,03,ESP.16.3.1_1,0,0.237605674293474
2022,03,ESP.17.1.2_1,0,0.47257520811753057
2022,03,ESP.17.1.4_1,0.336,0.47257520811753057
2022,03,ESP.17.1.7_1,0,0.47257520811753057
2022,03,ESP.18.1.3_1,0,0.3397446488562056
2022,03,ESP.18.1.4_1,0,0.3397446488562056
2022,03,ESP.18.1.6_1,0,0.3397446488562056
2022,03,ESP.2.3.2_1,0,0.33647171235218754
2022,03,ESP.3.1.4_1,0,0.22809433799861634
2022,03,ESP.4.1.1_1,0,0.3386601403925338
2022,03,ESP.4.2.1_1,0,0.33313958333104454
2022,03,ESP.4.5.1_1,0,0.3502480173729377
2022,03,ESP.4.5.3_1,0,0.3502480173729377
2022,03,ESP.4.5.6_1,0,0.3502480173729377
2022,03,ESP.4.5.7_1,0,0.3502480173729377
2022,03,ESP.5.2.4_1,0,0.33313958333104454
2022,03,ESP.5.8.2_1,0,0.33756918246924283
2022,03,ESP.6.1.10_1,0,0.3342569785774528
2022,03,ESP.6.1.11_1,0,0.3342569785774528
2022,03,ESP.6.1.12_1,0,0.3342569785774528
2022,03,ESP.6.1.3_1,0,0.3342569785774528
2022,03,ESP.6.1.5_1,0,0.3342569785774528
2022,03,ESP.6.1.8_1,0,0.3342569785774528
2022,03,ESP.6.2.4_1,0,0.3562666500332664
2022,03,ESP.6.2.6_1,0,0.3562666500332664
2022,03,ESP.6.3.7_1,0,0.32974646735443996
2022,03,ESP.6.4.2_1,0,0.33536766610911
2022,03,ESP.8.1.2_1,0,0.3630369069334353
2022,03,ESP.8.1.3_1,0,0.3630369069334353
2022,03,ESP.8.1.4_1,0,0.3630369069334353
