year,month,gid_3,est,se
2022,03,AUT.8.4.4_2,0,0.4711666350644939
2022,03,ESP.16.2.1_1,0,0.20519772441746548
2022,03,ESP.16.3.1_1,0,0.22213812222431642
2022,03,ESP.17.1.2_1,0,0.3677148544921924
2022,03,ESP.17.1.4_1,0,0.3677148544921924
2022,03,ESP.17.1.7_1,0,0.3677148544921924
2022,03,ESP.3.1.4_1,0,0.06315051850925682
2022,03,HUN.14.5_1,0,0.1888562063228706
2022,03,HUN.2.3_1,0,0.10893974420691407
2022,03,HUN.5.1_1,0,0.2790212408632233
2022,03,ITA.10.1.193_1,0,0.11333068359382575
2022,03,ITA.10.1.25_1,0,0.11333068359382575
2022,03,ITA.10.1.7_1,0,0.11333068359382575
2022,03,ITA.10.1.9_1,0,0.11333068359382575
2022,03,ITA.20.4.12_1,0,0.19369180807797864
2022,03,NLD.7.32_2,0,0.19838941090279583
2022,03,ROU.14.27_1,0,0.19369180807797864
2022,03,SRB.5.6_1,0,0.09448771310560929
