year,month,gid_2,est,se
2022,03,ESP.1.1_1,0.541,0.4985655098054493
2022,03,ESP.1.2_1,0.969,0.17340435135563662
2022,03,ESP.1.3_1,0.916,0.2775266131761439
2022,03,ESP.1.4_1,0.998,0.04469897088298564
2022,03,ESP.1.5_1,0.448,0.49753747953651045
2022,03,ESP.1.6_1,0.177,0.3818596821043259
2022,03,ESP.1.7_1,0.98,0.14007005254378832
2022,03,ESP.1.8_1,0.995,0.07056897321046962
2022,03,ESP.10.1_1,0.804,0.39716714584887525
2022,03,ESP.10.2_1,0.913,0.2819760814510878
2022,03,ESP.10.3_1,0.859,0.34819569244928955
2022,03,ESP.11.1_1,0.257,0.43719805825522845
2022,03,ESP.11.2_1,0.222,0.4157990967870047
2022,03,ESP.12.1_1,0.356,0.4790547917446328
2022,03,ESP.12.2_1,0.245,0.4303024054780082
2022,03,ESP.12.3_1,0.012,0.10893974420691407
2022,03,ESP.12.4_1,0.097,0.296105857217784
2022,03,ESP.13.1_1,0.836,0.3704608498090469
2022,03,ESP.14.1_1,0.525,0.499624483612067
2022,03,ESP.14.2_1,0.401,0.4903462444430868
2022,03,ESP.15.1_1,0.102,0.30279974849343533
2022,03,ESP.16.1_1,0.107,0.30926792049394103
2022,03,ESP.16.2_1,0.821,0.38354413840665863
2022,03,ESP.16.3_1,0.538,0.49880337288836046
2022,03,ESP.17.1_1,0.344,0.475278749672116
2022,03,ESP.18.1_1,0.912,0.28343665312788385
2022,03,ESP.2.1_1,0.74,0.43885372573625553
2022,03,ESP.2.2_1,0.013,0.11333068359382575
2022,03,ESP.2.3_1,0.705,0.45627095369219284
2022,03,ESP.3.1_1,0.928,0.2586172517116422
2022,03,ESP.4.1_1,0.258,0.43775292989039793
2022,03,ESP.4.2_1,0.072,0.2586172517116422
2022,03,ESP.4.3_1,0.083,0.2760202658994212
2022,03,ESP.4.4_1,0.153,0.3601676286407771
2022,03,ESP.4.5_1,0.685,0.4647483092933109
2022,03,ESP.5.1_1,0.558,0.49687310541312546
2022,03,ESP.5.2_1,0.388,0.48753840227585526
2022,03,ESP.5.3_1,0.708,0.45490981847278583
2022,03,ESP.5.4_1,0.205,0.403903624814309
2022,03,ESP.5.5_1,0.53,0.49934892545128134
2022,03,ESP.5.6_1,0.05,0.21805400144814482
2022,03,ESP.5.7_1,0.026,0.15921478998305827
2022,03,ESP.5.8_1,0.012,0.10893974420691407
2022,03,ESP.5.9_1,0.084,0.2775266131761439
2022,03,ESP.6.1_1,0.974,0.15921478998305827
2022,03,ESP.6.2_1,0.999,0.03162277660168379
2022,03,ESP.6.3_1,0.803,0.39793133748091436
2022,03,ESP.6.4_1,0.977,0.1499783100768024
2022,03,ESP.7.1_1,0.067,0.25014710386805117
2022,03,ESP.7.2_1,0.037,0.1888562063228706
2022,03,ESP.8.1_1,0.953,0.21174474216810163
2022,03,ESP.9.1_1,0.339,0.47360669685225454
