year,month,gid_2,est,se
2022,03,ESP.1.1_1,0.531,0.4992877810324305
2022,03,ESP.1.2_1,0.969,0.17340435135563662
2022,03,ESP.1.3_1,0.922,0.26830577330349786
2022,03,ESP.1.4_1,0.996,0.06315051850925682
2022,03,ESP.1.5_1,0.433,0.4957385972029581
2022,03,ESP.1.6_1,0.156,0.3630369069334353
2022,03,ESP.1.7_1,0.982,0.13301764429463367
2022,03,ESP.1.8_1,0.995,0.07056897321046962
2022,03,ESP.10.1_1,0.837,0.36955049393495276
2022,03,ESP.10.2_1,0.91,0.28632495871296654
2022,03,ESP.10.3_1,0.857,0.3502480173729377
2022,03,ESP.11.1_1,0.242,0.428508599236491
2022,03,ESP.11.2_1,0.23,0.4210430824479572
2022,03,ESP.12.1_1,0.382,0.48611964814468495
2022,03,ESP.12.2_1,0.249,0.43265018916693676
2022,03,ESP.12.3_1,0.014,0.11754921445002436
2022,03,ESP.12.4_1,0.082,0.27450200609713465
2022,03,ESP.13.1_1,0.812,0.39090767299812473
2022,03,ESP.14.1_1,0.51,0.5001501276118503
2022,03,ESP.14.2_1,0.388,0.48753840227585526
2022,03,ESP.15.1_1,0.073,0.2602666685127751
2022,03,ESP.16.1_1,0.117,0.32158111638343195
2022,03,ESP.16.2_1,0.802,0.3986915536538929
2022,03,ESP.16.3_1,0.57,0.49532347546360583
2022,03,ESP.17.1_1,0.361,0.4805308625987616
2022,03,ESP.18.1_1,0.916,0.2775266131761439
2022,03,ESP.2.1_1,0.722,0.4482375674984382
2022,03,ESP.2.2_1,0.017,0.1293357171384909
2022,03,ESP.2.3_1,0.727,0.4457237593730782
2022,03,ESP.3.1_1,0.908,0.28917057184232914
2022,03,ESP.4.1_1,0.218,0.4130939925085411
2022,03,ESP.4.2_1,0.093,0.290577761426155
2022,03,ESP.4.3_1,0.097,0.296105857217784
2022,03,ESP.4.4_1,0.16,0.366789496216201
2022,03,ESP.4.5_1,0.723,0.4477404063421923
2022,03,ESP.5.1_1,0.57,0.49532347546360583
2022,03,ESP.5.2_1,0.391,0.4882185549089233
2022,03,ESP.5.3_1,0.725,0.4467377022085494
2022,03,ESP.5.4_1,0.197,0.39793133748091436
2022,03,ESP.5.5_1,0.545,0.4982200550190881
2022,03,ESP.5.6_1,0.045,0.20740785428237288
2022,03,ESP.5.7_1,0.027,0.162164414398774
2022,03,ESP.5.8_1,0.016,0.12553788177183714
2022,03,ESP.5.9_1,0.082,0.27450200609713465
2022,03,ESP.6.1_1,0.972,0.16505527329729044
2022,03,ESP.6.2_1,0.999,0.03162277660168379
2022,03,ESP.6.3_1,0.804,0.39716714584887525
2022,03,ESP.6.4_1,0.984,0.12553788177183714
2022,03,ESP.7.1_1,0.046,0.20958990416508122
2022,03,ESP.7.2_1,0.059,0.23574260237507894
2022,03,ESP.8.1_1,0.951,0.21597603025716916
2022,03,ESP.9.1_1,0.357,0.4793545460103417
