year,month,gid_2,est,se
2022,03,ESP.1.1_1,0.443,0.49698893146427114
2022,03,ESP.1.7_1,0.784,0.4117201883725323
2022,03,ESP.1.8_1,0.972,0.16505527329729044
2022,03,ESP.10.1_1,0.592,0.49170903772228736
2022,03,ESP.10.2_1,0.671,0.47008507738491334
2022,03,ESP.10.3_1,0.536,0.498951854343636
2022,03,ESP.11.1_1,0.459,0.4985655098054493
2022,03,ESP.11.2_1,0.466,0.4990922691177385
2022,03,ESP.12.1_1,0.468,0.4992246240173107
2022,03,ESP.12.2_1,0.758,0.428508599236491
2022,03,ESP.13.1_1,0.776,0.41713067256915787
2022,03,ESP.14.1_1,0.959,0.19838941090279583
2022,03,ESP.14.2_1,0.421,0.49396660110072527
2022,03,ESP.16.1_1,0.247,0.43148253403489834
2022,03,ESP.16.2_1,0.418,0.49347696959383985
2022,03,ESP.16.3_1,0.516,0.49999399395792143
2022,03,ESP.17.1_1,0.196,0.39716714584887525
2022,03,ESP.18.1_1,0.76,0.42729683193604723
2022,03,ESP.2.3_1,0.276,0.44724045436881493
2022,03,ESP.3.1_1,0.766,0.42358402168096876
2022,03,ESP.4.1_1,0.025,0.15620307103062794
2022,03,ESP.4.2_1,0.046,0.20958990416508122
2022,03,ESP.4.5_1,0.386,0.48707416400507353
2022,03,ESP.5.2_1,0.234,0.42358402168096876
2022,03,ESP.5.8_1,0.067,0.25014710386805117
2022,03,ESP.6.1_1,0.948,0.22213812222431645
2022,03,ESP.6.2_1,1,0
2022,03,ESP.6.3_1,0.442,0.49687310541312546
2022,03,ESP.6.4_1,0.472,0.49946517943242597
2022,03,ESP.8.1_1,0.832,0.3740533597174552
