year,month,gid_2,est,se
2022,03,ESP.10.1_1,0.98,0.14007005254378832
2022,03,ESP.10.2_1,0.75,0.4332293707583636
2022,03,ESP.10.3_1,0.953,0.21174474216810163
