year,month,gid_2,est,se
2016,05,ESP.10.1_1,0,0
2016,05,ESP.10.2_1,7.451463553805181e-4,0.04232088071927554
2016,05,ESP.10.3_1,0,0
2016,05,ESP.15.1_1,0,0
2016,05,ESP.18.1_1,9.305591203276108e-4,0.03735292484890811
2016,05,ESP.2.1_1,0,0
2016,05,ESP.2.2_1,0,0
2016,05,ESP.2.3_1,2.740465046142186e-4,0.015564579158936007
2016,05,ESP.4.1_1,0,0
2016,05,ESP.4.3_1,0.001456850335469101,0.03692936566211706
2016,05,ESP.4.4_1,0,0
2016,05,ESP.5.7_1,9.203277079330569e-4,0.03694223285747675
2016,05,ESP.6.1_1,6.113884333617536e-4,0.0347240468595386
2016,05,ESP.6.2_1,0,0
2016,05,ESP.6.3_1,3.8464266874232154e-4,0.021845931857339393
2016,05,ESP.6.4_1,0,0
2016,05,ESP.9.1_1,0,0
2016,05,FRA.10.11_1,0.003512881916864621,0.08124777749440493
2016,05,FRA.11.11_1,0,0
2016,05,FRA.11.6_1,0.006346425845203357,0.11966720669614798
2016,05,FRA.11.7_1,0,0
