year,month,gid_2,est,se
2021,09,ESP.1.1_1,0.487,0.5000810745080052
2021,09,ESP.1.2_1,0.489,0.500129112459102
2021,09,ESP.1.3_1,0.363,0.4811054587743341
2021,09,ESP.1.4_1,0.481,0.4998888765404656
2021,09,ESP.1.5_1,0.359,0.4799472360055315
2021,09,ESP.1.7_1,0.557,0.49698893146427114
2021,09,ESP.1.8_1,0.986,0.11754921445002436
2021,09,ESP.10.1_1,0.707,0.45536618051668964
2021,09,ESP.10.2_1,0.511,0.500129112459102
2021,09,ESP.10.3_1,0.496,0.5002341793942455
2021,09,ESP.11.1_1,0.316,0.4651455260027343
2021,09,ESP.11.2_1,0.304,0.4602127723084137
2021,09,ESP.12.1_1,0.301,0.4589222261011223
2021,09,ESP.12.2_1,0.206,0.4046328307586122
2021,09,ESP.12.4_1,0.228,0.4197525368502163
2021,09,ESP.13.1_1,0.486,0.5000540511325291
2021,09,ESP.14.1_1,0.127,0.33313958333104454
2021,09,ESP.14.2_1,0.116,0.3203851535989872
2021,09,ESP.15.1_1,0,0.28775302222878874
2021,09,ESP.16.2_1,0.531,0.4992877810324305
2021,09,ESP.16.3_1,0.458,0.4984821807090846
2021,09,ESP.17.1_1,0.47,0.49934892545128134
2021,09,ESP.18.1_1,0.791,0.4067978422810088
2021,09,ESP.2.1_1,0.456,0.4983094543677777
2021,09,ESP.2.3_1,0.488,0.5001060948499889
2021,09,ESP.3.1_1,0,0.13301764429463367
2021,09,ESP.4.1_1,0.114,0.31797028965786267
2021,09,ESP.4.3_1,0.065,0.24664921616708177
2021,09,ESP.4.4_1,0.006,0.07726558075864033
2021,09,ESP.4.5_1,0.264,0.4410198391212106
2021,09,ESP.5.1_1,0.022,0.1467567291047928
2021,09,ESP.5.2_1,0.159,0.36585906146062974
2021,09,ESP.5.3_1,0.087,0.2819760814510878
2021,09,ESP.5.4_1,0.101,0.3014795016081357
2021,09,ESP.5.6_1,0.024,0.15312559370479986
2021,09,ESP.5.8_1,0.11,0.31304631925323445
2021,09,ESP.5.9_1,0.2,0.40020015012510946
2021,09,ESP.6.1_1,0.986,0.11754921445002436
2021,09,ESP.6.2_1,0.681,0.4663222667388471
2021,09,ESP.6.3_1,0.485,0.5000250243988045
2021,09,ESP.6.4_1,0.793,0.4053582555164201
2021,09,ESP.7.1_1,0,0.4816710568500115
2021,09,ESP.8.1_1,0.537,0.4988786223921405
2021,09,ESP.9.1_1,0.21,0.40751204407485436
