year,month,gid_2,est,se
2021,09,ESP.1.1_1,0.937,0.24308453280719053
2021,09,ESP.1.2_1,0.862,0.3450725649411658
2021,09,ESP.1.3_1,0.307,0.46148018805140917
2021,09,ESP.1.4_1,0.773,0.41910219117375974
2021,09,ESP.1.5_1,0.313,0.4639463829433809
2021,09,ESP.1.6_1,0.6,0.4901430813958718
2021,09,ESP.1.7_1,0.982,0.13301764429463367
2021,09,ESP.1.8_1,0.999,0.03162277660168379
2021,09,ESP.10.1_1,0.998,0.04469897088298564
2021,09,ESP.10.2_1,0.897,0.304110972316823
2021,09,ESP.10.3_1,0.806,0.39562674393994207
2021,09,ESP.11.1_1,0.318,0.46593249842986173
2021,09,ESP.11.2_1,0.293,0.45536618051668964
2021,09,ESP.12.1_1,0.273,0.4457237593730782
2021,09,ESP.12.2_1,0.108,0.3105357184486713
2021,09,ESP.12.3_1,0.088,0.28343665312788385
2021,09,ESP.12.4_1,0.139,0.3461196307619647
2021,09,ESP.13.1_1,0.945,0.22809433799861634
2021,09,ESP.14.1_1,0.474,0.4995733915788286
2021,09,ESP.14.2_1,0.194,0.39562674393994207
2021,09,ESP.15.1_1,0.029,0.1678904023081343
2021,09,ESP.16.1_1,0.011,0.10435463521037237
2021,09,ESP.16.2_1,0.898,0.30279974849343533
2021,09,ESP.16.3_1,0.185,0.38849186082326864
2021,09,ESP.17.1_1,0.652,0.47657436263727315
2021,09,ESP.18.1_1,0.977,0.1499783100768024
2021,09,ESP.2.1_1,0.557,0.49698893146427114
2021,09,ESP.2.2_1,0.065,0.24664921616708177
2021,09,ESP.2.3_1,0.809,0.3932857404911519
2021,09,ESP.3.1_1,0.001,0.03162277660168379
2021,09,ESP.4.1_1,0.192,0.39407016036651554
2021,09,ESP.4.2_1,0.013,0.11333068359382575
2021,09,ESP.4.3_1,0.045,0.20740785428237288
2021,09,ESP.4.4_1,0.007,0.08341437500789632
2021,09,ESP.4.5_1,0.545,0.4982200550190881
2021,09,ESP.5.1_1,0.009,0.09448771310560929
2021,09,ESP.5.2_1,0.045,0.20740785428237288
2021,09,ESP.5.3_1,0.03,0.17067257872642908
2021,09,ESP.5.4_1,0.023,0.1499783100768024
2021,09,ESP.5.5_1,0.077,0.26672484350382913
2021,09,ESP.5.6_1,0.011,0.10435463521037237
2021,09,ESP.5.7_1,0.244,0.42970763159228237
2021,09,ESP.5.8_1,0.032,0.17608806605504818
2021,09,ESP.5.9_1,0.224,0.41713067256915787
2021,09,ESP.6.1_1,0.992,0.08912880535463237
2021,09,ESP.6.2_1,0.998,0.04469897088298564
2021,09,ESP.6.3_1,0.809,0.3932857404911519
2021,09,ESP.6.4_1,0.999,0.03162277660168379
2021,09,ESP.7.1_1,0.398,0.48973037054672836
2021,09,ESP.7.2_1,0.136,0.3429600875052688
2021,09,ESP.8.1_1,0.996,0.06315051850925682
2021,09,ESP.9.1_1,0.045,0.20740785428237288
