year,month,gid_2,est,se
2021,09,ESP.10.1_1,0.8928121866176697,0
2021,09,ESP.10.2_1,0.7436560626697573,0.05982080064760916
2021,09,ESP.10.3_1,0.46874559174961766,0.026649239732027215
2021,09,ESP.15.1_1,0.12974060718231142,0.5754310903521677
2021,09,ESP.18.1_1,0.4652795601638054,0
2021,09,ESP.2.1_1,0.2907730420343771,0.08193420107524743
2021,09,ESP.2.2_1,0.18988699904934636,0.29275025962646034
2021,09,ESP.2.3_1,0.2699358070450053,0.05985747367779597
2021,09,ESP.4.1_1,0.2645738374650731,0.2620339395858709
2021,09,ESP.4.3_1,0.031176597179038767,0.16184262862122623
2021,09,ESP.4.4_1,3.979001600425824e-4,0.022598896297014677
2021,09,ESP.5.7_1,0.15737603805655273,0.39225534742716667
2021,09,ESP.6.1_1,0.6089428796283066,0.06934373889871621
2021,09,ESP.6.2_1,0.7903012373457856,0
2021,09,ESP.6.3_1,0.3846426687423215,0
2021,09,ESP.6.4_1,0.7633321023402123,0.04339714452457726
2021,09,ESP.9.1_1,0.2715554795910768,0.38771641392324513
2021,09,FRA.10.11_1,0.11358318197862276,0.4160169812594568
2021,09,FRA.11.11_1,0.953125,0.708154020017952
2021,09,FRA.11.6_1,0.19109793378334555,0.5632036767834585
2021,09,FRA.11.7_1,0.006006762661628752,0.1389275608299703
