year,month,gid_2,est,se
2018,07,ESP.1.1_1,0.551,0.4976410821532389
2018,07,ESP.1.2_1,0.358,0.4796520260210167
2018,07,ESP.1.3_1,0.193,0.39485048677557294
2018,07,ESP.1.4_1,0.48,0.4998498272980094
2018,07,ESP.1.5_1,0,0.49663532561291557
2018,07,ESP.1.6_1,0.053,0.22414558046332575
2018,07,ESP.1.7_1,0.954,0.20958990416508122
2018,07,ESP.1.8_1,0.059,0.23574260237507894
2018,07,ESP.10.1_1,0.827,0.37843653921656956
2018,07,ESP.10.2_1,0.768,0.42232020358296185
2018,07,ESP.10.3_1,0.897,0.304110972316823
2018,07,ESP.11.1_1,0,0.4961352135760474
2018,07,ESP.11.2_1,0,0.49940805801309257
2018,07,ESP.12.1_1,0,0.498951854343636
2018,07,ESP.12.2_1,0,0.5000810745080052
2018,07,ESP.12.3_1,0,0.5002141683461337
2018,07,ESP.12.4_1,0,0.4974318430081034
2018,07,ESP.13.1_1,0.964,0.18638331132035063
2018,07,ESP.14.1_1,0,0.4903462444430868
2018,07,ESP.14.2_1,0,0.4884409632438444
2018,07,ESP.15.1_1,0.068,0.2518718710762269
2018,07,ESP.16.1_1,0,0.5000250243988045
2018,07,ESP.16.2_1,0.084,0.2775266131761439
2018,07,ESP.16.3_1,0.076,0.26513071171460745
2018,07,ESP.17.1_1,0,0.5000250243988045
2018,07,ESP.18.1_1,0.98,0.14007005254378832
2018,07,ESP.2.1_1,0.543,0.49839682924292306
2018,07,ESP.2.2_1,0.075,0.26352313834736496
2018,07,ESP.2.3_1,0.19,0.3924972026066607
2018,07,ESP.3.1_1,0,0.49946517943242597
2018,07,ESP.4.1_1,0.062,0.24127621974453722
2018,07,ESP.4.2_1,0,0.4980351785155734
2018,07,ESP.4.3_1,0.077,0.26672484350382913
2018,07,ESP.4.4_1,0,0.4992877810324305
2018,07,ESP.4.5_1,0.067,0.25014710386805117
2018,07,ESP.5.1_1,0,0.49784219070589714
2018,07,ESP.5.2_1,0,0.49880337288836046
2018,07,ESP.5.3_1,0,0.49880337288836046
2018,07,ESP.5.4_1,0,0.49698893146427114
2018,07,ESP.5.5_1,0,0.49784219070589714
2018,07,ESP.5.6_1,0,0.49864681754589457
2018,07,ESP.5.7_1,0,0.4990922691177385
2018,07,ESP.5.8_1,0,0.49946517943242597
2018,07,ESP.5.9_1,0,0.49880337288836046
2018,07,ESP.6.1_1,0.907,0.290577761426155
2018,07,ESP.6.2_1,0.769,0.42168331341993703
2018,07,ESP.6.3_1,0.489,0.500129112459102
2018,07,ESP.6.4_1,0.807,0.39485048677557294
2018,07,ESP.7.1_1,0,0.4961352135760474
2018,07,ESP.7.2_1,0,0.4895208173618673
2018,07,ESP.8.1_1,0.065,0.24664921616708177
2018,07,ESP.9.1_1,0.072,0.2586172517116422
