year,month,gid_2,est,se
2018,07,ESP.1.1_1,0.431,0.49546390835709164
2018,07,ESP.1.2_1,0.041,0.19838941090279583
2018,07,ESP.1.3_1,0.211,0.4082225442643334
2018,07,ESP.1.4_1,0.128,0.3342569785774528
2018,07,ESP.1.5_1,0,0.4879939939570344
2018,07,ESP.1.6_1,0.018,0.13301764429463367
2018,07,ESP.1.7_1,0.999,0.03162277660168379
2018,07,ESP.1.8_1,0.013,0.11333068359382575
2018,07,ESP.10.1_1,0.931,0.2535809600567505
2018,07,ESP.10.2_1,0.628,0.4835802413765991
2018,07,ESP.10.3_1,0.969,0.17340435135563662
2018,07,ESP.11.1_1,0,0.49314012936201734
2018,07,ESP.11.2_1,0,0.48930912869414506
2018,07,ESP.12.1_1,0,0.49261919742705285
2018,07,ESP.12.3_1,0,0.49261919742705285
2018,07,ESP.12.4_1,0,0.48909530177074306
2018,07,ESP.13.1_1,0.998,0.04469897088298564
2018,07,ESP.14.1_1,0,0.48973037054672836
2018,07,ESP.14.2_1,0,0.4819504915199032
2018,07,ESP.15.1_1,0.014,0.11754921445002436
2018,07,ESP.16.1_1,0,0.4879939939570344
2018,07,ESP.16.2_1,0.02,0.14007005254378832
2018,07,ESP.16.3_1,0.012,0.10893974420691407
2018,07,ESP.17.1_1,0,0.49170903772228736
2018,07,ESP.18.1_1,1,0
2018,07,ESP.2.1_1,0.761,0.42668613881993056
2018,07,ESP.2.2_1,0.018,0.13301764429463367
2018,07,ESP.2.3_1,0.028,0.16505527329729044
2018,07,ESP.3.1_1,0,0.49152069396170145
2018,07,ESP.4.1_1,0.016,0.12553788177183714
2018,07,ESP.4.3_1,0.017,0.1293357171384909
2018,07,ESP.4.4_1,0,0.49412565219806204
2018,07,ESP.4.5_1,0.017,0.1293357171384909
2018,07,ESP.5.1_1,0,0.4945903553645376
2018,07,ESP.5.2_1,0,0.4903462444430868
2018,07,ESP.5.3_1,0,0.4913302406787164
2018,07,ESP.5.4_1,0,0.4905472827736758
2018,07,ESP.5.5_1,0,0.4927949338688932
2018,07,ESP.5.6_1,0,0.49532347546360583
2018,07,ESP.5.7_1,0,0.4905472827736758
2018,07,ESP.5.8_1,0,0.4927949338688932
2018,07,ESP.5.9_1,0,0.4957385972029581
2018,07,ESP.6.1_1,0.976,0.15312559370479986
2018,07,ESP.6.2_1,0.864,0.3429600875052688
2018,07,ESP.6.3_1,0.095,0.2933616557443407
2018,07,ESP.6.4_1,0.958,0.20068950215762726
2018,07,ESP.7.1_1,0,0.4911376754192415
2018,07,ESP.8.1_1,0.013,0.11333068359382575
2018,07,ESP.9.1_1,0.025,0.15620307103062794
