ID_0,est,se
ESP,0.9999999969866145,0.2119752700006741
