year,month,gid_2,est,se
2020,06,ESP.10.1_1,1,0
2020,06,ESP.10.1_1,1,0
2020,06,ESP.10.2_1,0.752,0.432067914433232
2020,06,ESP.10.3_1,0.831,0.3749394345485409
