year,month,gid_3,est,se
2022,11,ESP.10.1.1_1,0.511,0.500129112459102
2022,11,ESP.10.1.4_1,0.47,0.49934892545128134
2022,11,ESP.10.1.6_1,0.954,0.20958990416508122
2022,11,ESP.10.1.7_1,0.963,0.1888562063228706
2022,11,ESP.10.1.9_1,0.485,0.5000250243988045
2022,11,ESP.10.2.5_1,0.518,0.49992592043814443
2022,11,ESP.10.2.7_1,0.961,0.19369180807797864
2022,11,ESP.10.2.8_1,0.549,0.49784219070589714
2022,11,ESP.10.3.1_1,0.58,0.49380547166252
2022,11,ESP.10.3.13_1,0.518,0.49992592043814443
2022,11,ESP.10.3.4_1,0.622,0.48513024163759505
2022,11,ESP.10.3.7_1,0.999,0.03162277660168379
2022,11,ESP.10.3.8_1,0.596,0.4909429956981004
2022,11,ESP.18.1.5_1,0.94,0.237605674293474
2022,11,ESP.6.1.10_1,0.997,0.054717401199198
2022,11,ESP.6.1.11_1,1,0
2022,11,ESP.6.1.12_1,0.542,0.4984821807090846
2022,11,ESP.6.1.3_1,0.998,0.04469897088298564
2022,11,ESP.6.1.5_1,0.962,0.19129190414806527
2022,11,ESP.6.1.6_1,0.595,0.4911376754192415
2022,11,ESP.6.1.9_1,0.563,0.4962633144584408
2022,11,ESP.6.2.4_1,0.515,0.5000250243988045
2022,11,ESP.6.2.5_1,0.513,0.5000810745080052
2022,11,ESP.6.2.6_1,0.995,0.07056897321046962
2022,11,ESP.6.2.7_1,0.991,0.09448771310560929
2022,11,ESP.6.4.2_1,0.967,0.17872588772459053
2022,11,ESP.6.4.3_1,0.928,0.2586172517116422
2022,11,ESP.6.4.7_1,0.513,0.5000810745080052
