ID_1,est,se
ESP.1_1,0.003997000000000028,0.010792522225110223
ESP.10_1,0,0
ESP.11_1,0.004994000000000054,0.04970818604109181
ESP.12_1,0.0020000000000000018,0.01117474272074641
ESP.13_1,0,0
ESP.14_1,0,0
ESP.15_1,0,0
ESP.16_1,0,0
ESP.17_1,0,0
ESP.18_1,0,0
ESP.2_1,0.003997000000000028,0.028780059266960593
ESP.3_1,0,0
ESP.4_1,0.008979999999999988,0.026743898343945288
ESP.5_1,0.011950099895056021,0.02760618422759568
ESP.6_1,0.0010000000000000009,0.007905694150420948
ESP.7_1,0.33005799999999996,0.3856242151668238
ESP.8_1,0,0
ESP.9_1,0,0
