year,month,gid_4,est,se
2020,08,MEX.31.50_2,0.029,0.1678904023081343
2020,08,MEX.9.9_2,0.021,0.14345584540052586
2020,08,USA.10.43_1,0.035,0.18387171834952978
2020,08,USA.5.19_1,0.056,0.23003677296666486
