year,month,gid_2,est,se
2019,06,ESP.10.1_1,1,0
2019,06,ESP.10.2_1,0.8262598818474879,0.13759290873334973
2019,06,ESP.10.3_1,0.5061018044852175,0.16437001196451106
2019,06,ESP.15.1_1,0.012367386969235374,0.18593569936764376
2019,06,ESP.18.1_1,0.5211393472645919,0
2019,06,ESP.2.1_1,0.013347631372925889,0.10834448446957638
2019,06,ESP.2.2_1,0.03913979108677483,0.18833511974325476
2019,06,ESP.2.3_1,0.03928928515582803,0.1699121234045931
2019,06,ESP.4.1_1,0.05409030852594118,0.22212715230134591
2019,06,ESP.4.3_1,0.006853369051950986,0.07753232367394088
2019,06,ESP.6.1_1,0.6615066813378613,0.20562793436583438
2019,06,ESP.6.2_1,0.8789856819241961,0.12227936621023194
2019,06,ESP.6.3_1,0.3972174057389841,0.19142871938052142
2019,06,ESP.6.4_1,0.8370025559372319,0.2080011230020688
2019,06,ESP.9.1_1,0.003473249857083064,0.06854229049754204
2019,06,FRA.10.11_1,0.019017358319411672,0.18232985556767628
2019,06,FRA.11.11_1,0.02250113295428009,0.27537268533773607
2019,06,FRA.11.6_1,0.05844647328773789,0.3425665284430814
