year,month,ID_2,est,se
2019,06,ESP.1.1_1,0.983,0.1293357171384909
2019,06,ESP.1.2_1,0.152,0.3592005359475749
2019,06,ESP.1.3_1,0.023,0.1499783100768024
2019,06,ESP.1.4_1,0.986,0.11754921445002436
2019,06,ESP.1.5_1,0,0
2019,06,ESP.1.6_1,0.441,0.49675523728066096
2019,06,ESP.1.7_1,0.997,0.054717401199198
2019,06,ESP.1.8_1,0.01,0.0995485304256668
2019,06,ESP.10.1_1,1,0
2019,06,ESP.10.2_1,0.998,0.04469897088298564
2019,06,ESP.10.3_1,0.999,0.03162277660168379
2019,06,ESP.11.1_1,0,0
2019,06,ESP.11.2_1,0,0
2019,06,ESP.12.1_1,0,0
2019,06,ESP.12.2_1,0,0
2019,06,ESP.12.3_1,0,0
2019,06,ESP.12.4_1,0,0
2019,06,ESP.13.1_1,1,0
2019,06,ESP.14.1_1,0,0
2019,06,ESP.14.2_1,0,0
2019,06,ESP.15.1_1,0.008,0.08912880535463237
2019,06,ESP.16.1_1,0,0
2019,06,ESP.16.2_1,0.096,0.2947386484173239
2019,06,ESP.16.3_1,0.256,0.43664018900538076
2019,06,ESP.17.1_1,0,0
2019,06,ESP.18.1_1,1,0
2019,06,ESP.2.1_1,0.025,0.15620307103062794
2019,06,ESP.2.2_1,0.097,0.296105857217784
2019,06,ESP.2.3_1,0.106,0.30799165387857325
2019,06,ESP.3.1_1,0,0
2019,06,ESP.4.1_1,0.084,0.2775266131761439
2019,06,ESP.4.2_1,0,0
2019,06,ESP.4.3_1,0.003,0.05471740119919799
2019,06,ESP.4.4_1,0,0
2019,06,ESP.4.5_1,0.002,0.04469897088298564
2019,06,ESP.5.1_1,0,0
2019,06,ESP.5.2_1,0,0
2019,06,ESP.5.3_1,0,0
2019,06,ESP.5.4_1,0,0
2019,06,ESP.5.5_1,0,0
2019,06,ESP.5.6_1,0,0
2019,06,ESP.5.7_1,0,0
2019,06,ESP.5.8_1,0,0
2019,06,ESP.5.9_1,0,0
2019,06,ESP.6.1_1,0.984,0.12553788177183714
2019,06,ESP.6.2_1,0.998,0.04469897088298564
2019,06,ESP.6.3_1,0.925,0.26352313834736496
2019,06,ESP.6.4_1,0.968,0.17608806605504818
2019,06,ESP.7.1_1,0,0
2019,06,ESP.7.2_1,0,0
2019,06,ESP.8.1_1,0.03,0.17067257872642908
2019,06,ESP.9.1_1,0.005,0.07056897321046962
