ID_0,est,se
ALB,2.298,2.450751705655107
ARG,1.9649999999999999,1.734889798785633
AUT,1.131,1.1859114617914859
BEL,0,0
BGR,13.157,13.08471963406581
BIH,1.215,1.438203101086738
BRA,0.397,0.9949209465331944
CHE,1.584,1.4929687927622428
CHN,2.283,2.849319694894735
COL,0.201,0.40094857495663927
DEU,0.549,0.49784219070589714
ESP,16.881,4.3414401010403125
FJI,1.305,3.1704931835641954
FRA,8.706,8.683310673618701
GRC,0.504,0.8347371982828979
GTM,0.978,1.0002402026663217
HND,0.372,0.4835802413765991
HRV,6.788,6.5384443636992104
HUN,11.64,11.986705153004092
IND,1.0979999999999999,1.3283079129860957
ITA,39.369,41.76335650470433
KOR,0.727,0.9555398147205012
LKA,0.291,0.45445079549443584
MEX,1.361,0.6528225507123677
MMR,0.508,0.5001861515337926
NLD,0.832,0.906452497000851
PAK,0,0
PAN,0.967,0.17872588772459053
PER,0.036,0.18638331132035063
PRT,2.327,1.9712747394093584
PSE,0.366,0.4819504915199032
ROU,1.4340000000000002,1.4905764171946614
SLB,0.344,0.475278749672116
SRB,3.96,3.3835282077597504
SVN,2.578,1.9966196513983234
THA,0.513,0.5000810745080052
TUR,8.826,9.817758453671148
USA,5.124,6.465899472384194
XKO,0.554,0.4973241712719495
ZAF,0.278,0.4482375674984382
