ID_0,est,se
ALB,0.957241554309424,0.40845861760918456
ARG,0.99967080226,0.3469779597571266
AUT,0.811492576,0.05929557308957429
BEL,0,0
BGR,0.9999999924915104,0.48461924570614107
BIH,0.7999183000000001,0.47940103369557935
BRA,0.350010304,0.3316403155110648
CHE,0.896066884,0.49765626425408094
CHN,0.947831672015084,0.4748866158157892
COL,0.20100000000000007,0.40094857495663927
DEU,0.549,0.24892109535294857
ESP,1,0.08191396417057194
FJI,0.7558284654925305,0.3522770203960217
FRA,0.9999999686874127,0.3775352466790739
GRC,0.47291113000000007,0.278245732760966
GTM,0.738888,0.5001201013331609
HND,0.372,0.4835802413765991
HRV,0.999951959175693,0.46703174026422933
HUN,0.9999999151887333,0.37458453603137787
IND,0.769861168,0.33207697824652394
ITA,1,0.379666877315494
KOR,0.597948,0.4777699073602506
LKA,0.2909999999999999,0.45445079549443584
MEX,0.982892,0.32641127535618386
MMR,0.508,0.5001861515337926
NLD,0.695425,0.0025533873154953545
PAK,0,0
PAN,0.967,0.17872588772459053
PER,0.03600000000000003,0.06212777044011688
PRT,0.9696325204,0.4928186848523396
PSE,0.366,0.4819504915199032
ROU,0.860138414,0.49685880573155383
SLB,0.344,0.475278749672116
SRB,0.997723015703129,0.4833611725371072
SVN,0.99824182703884,0.3993239302796647
THA,0.513,0.5000810745080052
TUR,0.9999926659728477,0.4908879226835574
USA,0.9988531680273831,0.40411871702401214
XKO,0.554,0.4973241712719495
ZAF,0.278,0.4482375674984382
