year,month,gid_2,est,se
2017,02,ESP.1.1_1,0.065,0.24664921616708177
2017,02,ESP.1.2_1,0.203,0.402433787041984
2017,02,ESP.1.3_1,0.008,0.08912880535463237
2017,02,ESP.1.4_1,0.15,0.35725009115132167
2017,02,ESP.1.5_1,0,0.43380547159664457
2017,02,ESP.1.6_1,0.032,0.17608806605504818
2017,02,ESP.1.7_1,0.641,0.4799472360055315
2017,02,ESP.1.8_1,0.013,0.11333068359382575
2017,02,ESP.10.1_1,0.33,0.47044800065609943
2017,02,ESP.10.2_1,0.321,0.46709439857182744
2017,02,ESP.10.3_1,0.511,0.500129112459102
2017,02,ESP.12.1_1,0,0.402433787041984
2017,02,ESP.12.3_1,0,0.4053582555164201
2017,02,ESP.12.4_1,0,0.42358402168096876
2017,02,ESP.13.1_1,0.551,0.4976410821532389
2017,02,ESP.14.1_1,0,0.43775292989039793
2017,02,ESP.14.2_1,0,0.43494847991478275
2017,02,ESP.16.2_1,0.005,0.07056897321046962
2017,02,ESP.16.3_1,0.01,0.0995485304256668
2017,02,ESP.17.1_1,0,0.41646661864361284
2017,02,ESP.18.1_1,0.456,0.4983094543677777
2017,02,ESP.2.1_1,0.259,0.4383048152953731
2017,02,ESP.2.2_1,0.029,0.1678904023081343
2017,02,ESP.2.3_1,0.008,0.08912880535463237
2017,02,ESP.3.1_1,0,0.41033202698835536
2017,02,ESP.4.1_1,0.003,0.05471740119919799
2017,02,ESP.4.2_1,0,0.42421097929562707
2017,02,ESP.4.4_1,0,0.4332293707583636
2017,02,ESP.4.5_1,0.016,0.12553788177183714
2017,02,ESP.5.2_1,0,0.42668613881993056
2017,02,ESP.5.3_1,0,0.42358402168096876
2017,02,ESP.5.4_1,0,0.42039949540375965
2017,02,ESP.5.5_1,0,0.4303024054780082
2017,02,ESP.6.1_1,0.669,0.47080851804174134
2017,02,ESP.6.2_1,0.548,0.4979396991041626
2017,02,ESP.6.3_1,0.257,0.43719805825522845
2017,02,ESP.6.4_1,0.572,0.49503642397409614
2017,02,ESP.7.1_1,0,0.43148253403489834
2017,02,ESP.8.1_1,0.01,0.0995485304256668
2017,02,ESP.9.1_1,0.01,0.0995485304256668
