year,month,gid_1,est,se
2018,02,AND.2_1,0,0.37582150844312534
2018,02,AND.3_1,0,0.3429607734275016
2018,02,AND.4_1,0,0.36113008192915574
2018,02,AUT.9_1,0,0.1650556034088274
2018,02,DEU.1_1,0,0.369551233038158
2018,02,DEU.2_1,0,0.35179539762004725
2018,02,DEU.3_1,0,0.34922549418927185
2018,02,ESP.1_1,0,0.3572721512648524
2018,02,ESP.10_1,0,0.3577845631908489
2018,02,ESP.11_1,0,0.36016834897819544
2018,02,ESP.12_1,0,0.3604575894613077
2018,02,ESP.13_1,0,0.3522777249521762
2018,02,ESP.14_1,0,0.3460835812193973
2018,02,ESP.15_1,0,0.34922549418927185
2018,02,ESP.16_1,0,0.1650556034088274
2018,02,ESP.17_1,0,0.49226242047355584
2018,02,ESP.18_1,0,0.3297471268493532
2018,02,ESP.2_1,0,0.3596045594478873
2018,02,ESP.3_1,0,0.4457246508232713
2018,02,ESP.4_1,0,0.34636055879696176
2018,02,ESP.5_1,0,0.3523936604013787
2018,02,ESP.6_1,0,0.3650621005062311
2018,02,ESP.8_1,0,0.35822875462292236
2018,02,FRA.11_1,0,0.3512661112873133
2018,02,FRA.12_1,0,0.3876788561088626
2018,02,FRA.8_1,0,0.3713670213774659
2018,02,ITA.10_1,0,0.2468695553947154
2018,02,ITA.2_1,0,0.3522777249521762
2018,02,ITA.6_1,0,0.32158175954759427
2018,02,ITA.8_1,0,0.3731632447783132
2018,02,POL.12_1,0,0.33198808046904227
2018,02,PRT.15_1,0,0.35725080565364753
2018,02,TUR.41_1,0,0.36113008192915574
