year,month,gid_1,est,se
2018,02,ESP.1_1,0,0.22328823199973138
2018,02,ESP.10_1,0,0.2237463892677926
2018,02,ESP.11_1,0,0.20716898417634444
2018,02,ESP.12_1,0,0.20915924707204675
2018,02,ESP.13_1,0,0.205171318137177
2018,02,ESP.14_1,0,0.2388683541059251
2018,02,ESP.15_1,0,0.24056961774243202
2018,02,ESP.16_1,0.031,0.08725135865390575
2018,02,ESP.17_1,0.261,0.42336357531509605
2018,02,ESP.18_1,0,0.20112563713360818
2018,02,ESP.2_1,0,0.19308460807038078
2018,02,ESP.3_1,0.055,0.1563577345487067
2018,02,ESP.4_1,0,0.22268210311648948
2018,02,ESP.5_1,0,0.22850985930009154
2018,02,ESP.6_1,0,0.2150095318570513
2018,02,ESP.8_1,0,0.2188204557787176
