year,month,gid_1,est,se
2018,02,ESP.1_1,0,0.22489888185504234
2018,02,ESP.10_1,0,0.21171248933014075
2018,02,ESP.11_1,0,0.22750527624697628
2018,02,ESP.12_1,0,0.22123744276031146
2018,02,ESP.13_1,0,0.24001805035465168
2018,02,ESP.14_1,0,0.25158195004909534
2018,02,ESP.15_1,0,0.20234987362242948
2018,02,ESP.16_1,0.028999999999999998,0.09049574506713108
2018,02,ESP.17_1,0.251,0.4183336292275622
2018,02,ESP.18_1,0,0.21234545509097433
2018,02,ESP.2_1,0,0.21519460374251112
2018,02,ESP.3_1,0.07,0.19822893467734962
2018,02,ESP.4_1,0,0.24142737760064437
2018,02,ESP.5_1,0,0.21510943084979814
2018,02,ESP.6_1,0,0.22824281722875284
2018,02,ESP.8_1,0,0.24175292779882368
