year,month,gid_1,est,se
2021,11,ESP.1_1,0.47836684403768065,0.4292574655014402
2021,11,ESP.10_1,0.7389324334756948,0.3578766604543031
2021,11,ESP.11_1,0,0.4555201723639705
2021,11,ESP.12_1,0,0.45895597558720846
2021,11,ESP.13_1,0.685,0.4649054739088024
2021,11,ESP.14_1,0,0.44276340133449416
2021,11,ESP.16_1,0,0.3369384960440182
2021,11,ESP.17_1,0,0.45907742050153955
2021,11,ESP.18_1,0.372,0.4837437744141067
2021,11,ESP.2_1,0,0.24783920685028776
2021,11,ESP.3_1,0,0.45131501057349666
2021,11,ESP.4_1,0,0.15385348294205137
2021,11,ESP.5_1,0,0.45188754886072763
2021,11,ESP.6_1,0.5672201390683366,0.4674463525055716
2021,11,ESP.8_1,0,0.15926863188145332
2021,11,ESP.9_1,0,0.09451966615374731
