year,month,gid_1,est,se
2021,11,ESP.1_1,0.2727962244247363,0.40964982915524933
2021,11,ESP.10_1,0.699480726975013,0.32396666094267235
2021,11,ESP.11_1,0,0.3478226232654977
2021,11,ESP.12_1,0,0.31119627852488696
2021,11,ESP.13_1,0.26337272727272726,0.4393996723622721
2021,11,ESP.14_1,0,0.39140976426323965
2021,11,ESP.15_1,0.0020181818181818183,0.04469897088298564
2021,11,ESP.16_1,0.02331731099560845,0.2220244321538912
2021,11,ESP.17_1,0,0.296105857217784
2021,11,ESP.18_1,0.2906181818181818,0.4530576798391804
2021,11,ESP.2_1,0.026850227623250907,0.12244949719623749
2021,11,ESP.3_1,0,0.304110972316823
2021,11,ESP.4_1,0.006690466919809977,0.19435353598450697
2021,11,ESP.5_1,0,0.3109317325256843
2021,11,ESP.6_1,0.33888562297550634,0.43813004047156323
2021,11,ESP.7_1,0,0.3473823112707971
2021,11,ESP.8_1,0.012109090909090911,0.10893974420691407
2021,11,ESP.9_1,0,0
