year,month,gid_1,est,se
2019,10,ESP.1_1,0.17951457587570335,0.31456564721356634
2019,10,ESP.10_1,0.45048880866683166,0.48512968033996284
2019,10,ESP.11_1,0,0.3943866450989452
2019,10,ESP.12_1,0,0.3935120741716117
2019,10,ESP.13_1,0.6044454545454545,0.4903462444430868
2019,10,ESP.14_1,0,0.414822965536474
2019,10,ESP.15_1,0.0040363636363636365,0.06315051850925682
2019,10,ESP.16_1,0.023910518840742544,0.27879787904329195
2019,10,ESP.17_1,0,0.3740533597174552
2019,10,ESP.18_1,0.8133272727272728,0.39562674393994207
2019,10,ESP.2_1,0.019403905952483997,0.13151753020390683
2019,10,ESP.3_1,0,0.40963251677424095
2019,10,ESP.4_1,0.014170399276758904,0.24908156458543587
2019,10,ESP.5_1,0,0.39968189599991916
2019,10,ESP.6_1,0.31284808663696806,0.44621371356191597
2019,10,ESP.7_1,0,0.3971759475762124
2019,10,ESP.8_1,0.007063636363636364,0.08341437500789632
2019,10,ESP.9_1,0.006054545454545455,0.07726558075864033
