year,month,gid_1,est,se
2019,10,ESP.10_1,0.9016064257028114,0.6052978320974413
2019,10,ESP.2_1,0.12710931764426248,0.40602691424516985
2019,10,ESP.6_1,0.5883159338508972,0.4286546355927342
