year,month,gid_1,est,se
2019,10,ESP.1_1,0.17683698477246118,0.3180997768139874
2019,10,ESP.10_1,0.4587533538924784,0.4881361077087509
2019,10,ESP.11_1,0,0.404341113664353
2019,10,ESP.12_1,0,0.3959476288652631
2019,10,ESP.13_1,0.633681577647559,0.4825065116755936
2019,10,ESP.14_1,0,0.4235725912063284
2019,10,ESP.15_1,0.003007982172377653,0.05471783894366052
2019,10,ESP.16_1,0.02905984353370355,0.2848977926121981
2019,10,ESP.17_1,0,0.38930448299916004
2019,10,ESP.18_1,0.8592802405758829,0.35025081939070096
2019,10,ESP.2_1,0.018010725602340235,0.12698827612675423
2019,10,ESP.3_1,0,0.3917076555170076
2019,10,ESP.4_1,0.01613439390480499,0.24018496843709047
2019,10,ESP.5_1,0,0.3929479689369815
2019,10,ESP.6_1,0.32444481760221067,0.45399941620475
2019,10,ESP.7_1,0,0.4024370065509145
2019,10,ESP.8_1,0.005013303620629422,0.07056953776903001
2019,10,ESP.9_1,0.00701862506888119,0.08341504233090427
