year,month,gid_1,est,se
2019,10,ESP.1_1,0.1789564316682962,0.3186293885841407
2019,10,ESP.10_1,0.44890024910724075,0.484520142710494
2019,10,ESP.11_1,0,0.4092190614866202
2019,10,ESP.12_1,0,0.40228879283383534
2019,10,ESP.13_1,0.5888992640411158,0.4929695630502744
2019,10,ESP.14_1,0,0.43016609997491884
2019,10,ESP.15_1,0.005033327043086461,0.07056911434883946
2019,10,ESP.16_1,0.031293675180685564,0.28997953222144623
2019,10,ESP.17_1,0,0.3932865270649927
2019,10,ESP.18_1,0.8778122363142787,0.33425764709341554
2019,10,ESP.2_1,0.02316957768550241,0.1449491777901587
2019,10,ESP.3_1,0,0.3792999384941175
2019,10,ESP.4_1,0.015202655641361482,0.2388159850233288
2019,10,ESP.5_1,0,0.40345763439944576
2019,10,ESP.6_1,0.3145126819628989,0.45254729256947795
2019,10,ESP.7_1,0,0.40679865587913416
2019,10,ESP.8_1,0.007046657860321045,0.08341454183714683
2019,10,ESP.9_1,0.007046657860321045,0.08341454183714683
