year,month,gid_1,est,se
2018,01,ESP.1_1,0,0.16965909921550912
2018,01,ESP.10_1,0,0.16915982445795402
2018,01,ESP.11_1,0,0.1636000231843826
2018,01,ESP.12_1,0,0.1533548724374311
2018,01,ESP.13_1,0,0.16232146048625984
2018,01,ESP.14_1,0,0.16002147892776603
2018,01,ESP.15_1,0,0.16686565675172907
2018,01,ESP.16_1,0,0.027095905247149287
2018,01,ESP.17_1,0.201,0.3545902383577776
2018,01,ESP.18_1,0,0.16460274657961912
2018,01,ESP.2_1,0,0.15867259613952348
2018,01,ESP.3_1,0,0.08630903628331853
2018,01,ESP.4_1,0,0.1750350120274046
2018,01,ESP.5_1,0,0.15947953602143025
2018,01,ESP.6_1,0,0.15532709823150675
2018,01,ESP.7_1,0,0.17573959709041062
2018,01,ESP.8_1,0,0.16911050081792536
