year,month,gid_1,est,se
2018,01,AND.4_1,0,0.3274502284589701
2018,01,BEL.2_1,0,0.30926853903163765
2018,01,BEL.3_1,0,0.30799226986372896
2018,01,DEU.2_1,0,0.3139399792602791
2018,01,DEU.3_1,0,0.3203857943712168
2018,01,ESP.1_1,0,0.29336795720766723
2018,01,ESP.10_1,0,0.3017440270425371
2018,01,ESP.11_1,0,0.30997700314908755
2018,01,ESP.12_1,0,0.3196648886138939
2018,01,ESP.13_1,0,0.2974640119810096
2018,01,ESP.14_1,0,0.3130469453477513
2018,01,ESP.15_1,0,0.2863255313646019
2018,01,ESP.16_1,0,0.06707108252225832
2018,01,ESP.17_1,0.2066368593238822,0.3986923510393924
2018,01,ESP.18_1,0,0.2947392378963892
2018,01,ESP.2_1,0,0.30661056405900095
2018,01,ESP.3_1,0,0.26672537695511656
2018,01,ESP.4_1,0,0.30900005754614523
2018,01,ESP.5_1,0,0.294325956853389
2018,01,ESP.6_1,0,0.29773404720829566
2018,01,ESP.7_1,0,0.29197532472387155
2018,01,ESP.8_1,0,0.31552488614904955
2018,01,FRA.1_1,0,0.29057834258342136
2018,01,FRA.11_1,0,0.3130469453477513
2018,01,FRA.8_1,0,0.2957105022994817
2018,01,HRV.11_1,0,0.28518688058424596
2018,01,HRV.15_1,0,0.28775359773655973
2018,01,HUN.1_1,0,0.15921510841359354
2018,01,ITA.10_1,0,0.08912898361277784
2018,01,ITA.14_1,0,0.293766074447936
2018,01,ITA.15_1,0,0.2698742728759533
2018,01,ITA.17_1,0,0.2947392378963892
2018,01,ITA.8_1,0,0.30280035409474915
2018,01,POL.12_1,0,0.27902179890737916
2018,01,PRT.15_1,0,0.3001507128958582
2018,01,SRB.3_1,0,0.3031095368713315
2018,01,TUR.12_1,0,0.2951060195916169
2018,01,TUR.41_1,0,0.28681451075536857
