year,month,gid_3,est,se
2017,02,MEX.4.5_2,0,0.21597603025716916
2017,02,PER.13.11.10_1,0,0.4157990967870047
2017,02,USA.5.19_1,0,0.10893974420691407
2017,02,VEN.14.3_1,0,0.20958990416508122
