year,month,gid_1,est,se
2014,07,ESP.1_1,0.11360190345109576,0.3271906312525002
2014,07,ESP.10_1,0.42805466154332394,0.4863764351393434
2014,07,ESP.11_1,0,0.4962902916725522
2014,07,ESP.12_1,0,0.49841814159639897
2014,07,ESP.13_1,0.6978518639916155,0.4602164540547731
2014,07,ESP.14_1,0,0.4871961415811687
2014,07,ESP.15_1,0.11831396544685434,0.32277212873749433
2014,07,ESP.16_1,0.05174837945944291,0.3754648534278444
2014,07,ESP.17_1,0,0.5001331135400148
2014,07,ESP.18_1,0.8271950974038546,0.38016027129202945
2014,07,ESP.2_1,0.09464659105456254,0.29229750016814154
2014,07,ESP.3_1,0,0.49822404082735805
2014,07,ESP.4_1,0.058254980211857876,0.37835532642466047
2014,07,ESP.5_1,0,0.49832206533047296
2014,07,ESP.6_1,0.5957813621620235,0.28852244983813014
2014,07,ESP.7_1,0,0.4963884345144473
2014,07,ESP.8_1,0.0772048757576931,0.2667269773281831
2014,07,ESP.9_1,0.09124212589545547,0.2877553242805912
