year,month,gid_1,est,se
2014,07,ESP.1_1,0.051068887298544335,0.21703388566490947
2014,07,ESP.10_1,0.23296001414887893,0.3506583416626916
2014,07,ESP.11_1,0,0.49213934464773496
2014,07,ESP.12_1,0,0.4920703360628319
2014,07,ESP.13_1,0.388,0.4875423026298778
2014,07,ESP.14_1,0,0.48839099675715425
2014,07,ESP.15_1,0.02,0.14007117311765557
2014,07,ESP.16_1,0.012946185196302583,0.29271059097229124
2014,07,ESP.17_1,0,0.49428658126931385
2014,07,ESP.18_1,0.913,0.28197833728680954
2014,07,ESP.2_1,0.018833651322046965,0.1352014272917934
2014,07,ESP.3_1,0,0.4929725209061048
2014,07,ESP.4_1,0.012391818011812553,0.2830737206040161
2014,07,ESP.5_1,0,0.4926400766011259
2014,07,ESP.6_1,0.6000713154205298,0.18071343689922675
2014,07,ESP.7_1,0,0.4905512313956814
2014,07,ESP.8_1,0.022,0.14675790317271445
2014,07,ESP.9_1,0.028,0.16505659375532236
