year,month,gid_1,est,se
2016,03,AND.2_1,0,0.16505527329729044
2016,03,AND.3_1,0,0.1293357171384909
2016,03,AND.4_1,0,0.16505527329729044
2016,03,AND.5_1,0,0.15921478998305827
2016,03,AND.6_1,0,0.1499783100768024
2016,03,AND.7_1,0,0.13659303663678343
2016,03,BEL.2_1,0,0.16869595984919109
2016,03,BEL.3_1,0,0.16243629578354588
2016,03,CHE.24_1,0,0.16350247150405212
2016,03,CHE.26_1,0,0.16087591640687818
2016,03,CHE.8_1,0,0.17340435135563662
2016,03,DEU.16_1,0,0.1467567291047928
2016,03,DEU.3_1,0,0.17067257872642908
2016,03,ESP.1_1,0.041479767611740825,0.15969795296479863
2016,03,ESP.10_1,0.27093381235045755,0.4327373785986554
2016,03,ESP.11_1,0,0.1600454479519467
2016,03,ESP.12_1,0,0.15925700880302876
2016,03,ESP.13_1,0,0.39407016036651554
2016,03,ESP.14_1,0,0.1575730605406502
2016,03,ESP.15_1,0,0.09448771310560929
2016,03,ESP.16_1,0,0.08363088141118788
2016,03,ESP.17_1,0,0.1678904023081343
2016,03,ESP.18_1,0,0.4790547917446327
2016,03,ESP.2_1,0,0.12089594585339081
2016,03,ESP.3_1,0,0.14345584540052586
2016,03,ESP.4_1,0,0.07638555523595562
2016,03,ESP.5_1,0,0.12207973313254421
2016,03,ESP.6_1,0.12980060011031666,0.30193698770961347
2016,03,ESP.8_1,0,0.14345584540052586
2016,03,ESP.9_1,0,0.17067257872642908
2016,03,FRA.10_1,0,0.10893974420691407
2016,03,FRA.11_1,0,0.08586700696069594
2016,03,FRA.13_1,0,0.08809086967602946
2016,03,FRA.8_1,0,0.15621352957152268
2016,03,GBR.1_1,0,0.16552759418370908
2016,03,GBR.3_1,0,0.1499783100768024
2016,03,GBR.4_1,0,0.15312559370479986
2016,03,HRV.21_1,0,0.15709219917282646
2016,03,HRV.4_1,0,0.09448771310560929
2016,03,HUN.5_1,0,0.08341437500789632
2016,03,ITA.16_1,0,0.10632868923691594
2016,03,LUX.3_1,0,0.15620307103062794
2016,03,MKD.31_1,0,0.1293357171384909
2016,03,NLD.14_1,0,0.10291198733037948
2016,03,NLD.9_1,0,0.17021750022805257
2016,03,PRT.12_1,0,0.1467567291047928
2016,03,PRT.15_1,0,0.16349534398395937
2016,03,PRT.18_1,0,0.18638331132035063
2016,03,PRT.4_1,0,0.162164414398774
2016,03,PRT.6_1,0,0.1499177788017154
2016,03,SRB.3_1,0,0.14383245783208848
2016,03,SWE.21_1,0,0.17608806605504815
