year,month,gid_1,est,se
2016,03,AND.2_1,0,0.23003815320524573
2016,03,AND.3_1,0,0.2602682301330872
2016,03,AND.4_1,0,0.2412776674206755
2016,03,AND.5_1,0,0.25861880343532484
2016,03,AND.6_1,0,0.23760709994605325
2016,03,AND.7_1,0,0.25861880343532484
2016,03,BEL.2_1,0,0.23913332289469202
2016,03,BEL.3_1,0,0.23192935697994663
2016,03,CHE.24_1,0,0.24054776562587207
2016,03,CHE.26_1,0,0.24196878933822155
2016,03,CHE.8_1,0,0.22414692535429212
2016,03,DEU.16_1,0,0.26987535239031696
2016,03,DEU.3_1,0,0.2635247195067501
2016,03,ESP.1_1,0.03282546701920557,0.15777178077312395
2016,03,ESP.10_1,0.2819961652690053,0.43742573967203047
2016,03,ESP.11_1,0,0.24916031558416013
2016,03,ESP.12_1,0,0.25119558226165045
2016,03,ESP.13_1,0,0.4838469948354699
2016,03,ESP.14_1,0,0.2330216368723216
2016,03,ESP.15_1,0,0.07056939662981333
2016,03,ESP.16_1,0,0.06653935939402594
2016,03,ESP.17_1,0,0.2635247195067501
2016,03,ESP.18_1,0,0.49794268678119696
2016,03,ESP.2_1,0,0.014998867904050044
2016,03,ESP.3_1,0,0.24308599133334824
2016,03,ESP.4_1,0,0.012774423284735374
2016,03,ESP.5_1,0,0.25189422449748017
2016,03,ESP.6_1,0.21388979031729996,0.3755453187826729
2016,03,ESP.8_1,0,0.1400708929750292
2016,03,ESP.9_1,0,0.06315089741729368
2016,03,FRA.10_1,0,0.0446992390802975
2016,03,FRA.11_1,0,0.06058327475982634
2016,03,FRA.13_1,0,0
2016,03,FRA.8_1,0,0.25544164349311244
2016,03,GBR.1_1,0,0.24444566092498463
2016,03,GBR.3_1,0,0.2484078223124663
2016,03,GBR.4_1,0,0.2501486047701861
2016,03,HRV.21_1,0,0.2590852963332142
2016,03,HRV.4_1,0,0
2016,03,HUN.5_1,0,0.17340539179527045
2016,03,ITA.16_1,0,0.06871712986686457
2016,03,LUX.3_1,0,0.24308599133334824
2016,03,MKD.31_1,0,0.2602682301330872
2016,03,NLD.14_1,0,0.03162296634081001
2016,03,NLD.9_1,0,0.23618048449802137
2016,03,PRT.12_1,0,0.22809570658243591
2016,03,PRT.15_1,0,0.2308065519807298
2016,03,PRT.18_1,0,0.24665069608161766
2016,03,PRT.4_1,0,0.2683073831590658
2016,03,PRT.6_1,0,0.22989160258340816
2016,03,SRB.3_1,0,1.3621881194947504e-4
2016,03,SWE.21_1,0,0.2535824815622904
