year,month,gid_1,est,se
2016,03,ESP.1_1,0.006276337124859082,0.049503449028618834
2016,03,ESP.10_1,0.25421193624529864,0.39749951096192043
2016,03,ESP.11_1,0,0.2932072437514483
2016,03,ESP.12_1,0,0.31671175782932665
2016,03,ESP.13_1,0,0.48183394425579534
2016,03,ESP.14_1,0,0.31295248488168276
2016,03,ESP.15_1,0,0.05473590506279083
2016,03,ESP.16_1,0,0.04126491913800311
2016,03,ESP.17_1,0,0.31190059126892966
2016,03,ESP.18_1,0,0.5002501876563868
2016,03,ESP.2_1,0,0
2016,03,ESP.3_1,0,0.2989125089409562
2016,03,ESP.4_1,0,0.02049168087710095
2016,03,ESP.5_1,0,0.2975764271662837
2016,03,ESP.6_1,0.19365174127693136,0.3035742797237135
2016,03,ESP.8_1,0,0.19845650054004388
2016,03,ESP.9_1,0,0.07729170977309362
