year,month,gid_1,est,se
2016,03,AND.2_1,0,0.18132126989220962
2016,03,AND.3_1,0,0.1330187084485579
2016,03,AND.4_1,0,0.17067394412344367
2016,03,AND.5_1,0,0.11333159025017439
2016,03,AND.6_1,0,0.16505659375532236
2016,03,AND.7_1,0,0.14997950991768114
2016,03,BEL.2_1,0,0.17321217415028875
2016,03,BEL.3_1,0,0.15442840948685407
2016,03,CHE.24_1,0,0.15789962255145853
2016,03,CHE.26_1,0,0.15988733229144567
2016,03,CHE.8_1,0,0.15921606371666297
2016,03,DEU.16_1,0,0.14675790317271445
2016,03,DEU.3_1,0,0.1734057386070945
2016,03,ESP.1_1,0.04142003897563417,0.17454037662652538
2016,03,ESP.10_1,0.26458428576152004,0.4327535791187167
2016,03,ESP.11_1,0,0.14670799243811825
2016,03,ESP.12_1,0,0.15582315327817572
2016,03,ESP.13_1,0,0.3868630962880085
2016,03,ESP.14_1,0,0.16082395743588446
2016,03,ESP.15_1,0,0.06315102371946743
2016,03,ESP.16_1,0,0.07803979609009089
2016,03,ESP.17_1,0,0.17872731754885024
2016,03,ESP.18_1,0,0.4682379215647343
2016,03,ESP.2_1,0,0.11742730834840563
2016,03,ESP.3_1,0,0.15921606371666297
2016,03,ESP.4_1,0,0.08011714814854773
2016,03,ESP.5_1,0,0.10590034910170507
2016,03,ESP.6_1,0.13541374327629857,0.30124795699295775
2016,03,ESP.8_1,0,0.15620432067019188
2016,03,ESP.9_1,0,0.14675790317271445
2016,03,FRA.10_1,0,0.10435547005747224
2016,03,FRA.11_1,0,0.0731789647290446
2016,03,FRA.13_1,0,0.09273549212088564
2016,03,FRA.8_1,0,0.1606280838491166
2016,03,GBR.1_1,0,0.163492277373327
2016,03,GBR.3_1,0,0.15620432067019188
2016,03,GBR.4_1,0,0.143456993061061
2016,03,HRV.21_1,0,0.16505659375532236
2016,03,HRV.4_1,0,0.099549326823467
2016,03,HUN.5_1,0,0.077266198890704
2016,03,ITA.16_1,0,0.10988884864391915
2016,03,LUX.3_1,0,0.143456993061061
2016,03,MKD.31_1,0,0.14997950991768114
2016,03,NLD.14_1,0,0.11755015485502483
2016,03,NLD.9_1,0,0.15961000103494422
2016,03,PRT.12_1,0,0.17872731754885024
2016,03,PRT.15_1,0,0.16479551967249492
2016,03,PRT.18_1,0,0.16505659375532236
2016,03,PRT.4_1,0,0.17872731754885024
2016,03,PRT.6_1,0,0.19061714487621204
2016,03,SRB.3_1,0,0.13195206059196815
2016,03,SWE.21_1,0,0.14997950991768114
