year,month,gid_1,est,se
2016,03,AND.2_1,0,0.30926853903163765
2016,03,AND.3_1,0,0.32158175954759427
2016,03,AND.4_1,0,0.3331402496122101
2016,03,AND.5_1,0,0.3297471268493532
2016,03,AND.6_1,0,0.30799226986372896
2016,03,AND.7_1,0,0.30280035409474915
2016,03,BEL.2_1,0,0.3384726127839845
2016,03,BEL.3_1,0,0.31078139781522024
2016,03,CHE.24_1,0,0.3166397390277304
2016,03,CHE.26_1,0,0.3142899503491471
2016,03,CHE.8_1,0,0.3386608177148466
2016,03,DEU.16_1,0,0.3286022076867752
2016,03,DEU.3_1,0,0.33201607667842675
2016,03,ESP.1_1,0.012821267792497058,0.05871311944317743
2016,03,ESP.10_1,0.4088303775176663,0.4598685962399667
2016,03,ESP.11_1,0,0.3298110508932302
2016,03,ESP.12_1,0,0.3210300578686608
2016,03,ESP.13_1,0,0.49698992544511605
2016,03,ESP.14_1,0,0.3166375558377926
2016,03,ESP.15_1,0,0
2016,03,ESP.16_1,0,0.04384843990135631
2016,03,ESP.17_1,0,0.31797092560034984
2016,03,ESP.18_1,0,0.4980361745889187
2016,03,ESP.2_1,0,0
2016,03,ESP.3_1,0,0.3227701920911654
2016,03,ESP.4_1,0,0
2016,03,ESP.5_1,0,0.32347381248829854
2016,03,ESP.6_1,0.31374697533509943,0.3937926192847409
2016,03,ESP.8_1,0,0.42232104822590294
2016,03,ESP.9_1,0,0.10435484392026893
2016,03,FRA.10_1,0,0.16789073808994628
2016,03,FRA.11_1,0,0.24490521544494623
2016,03,FRA.13_1,0,0
2016,03,FRA.8_1,0,0.31735757434148193
2016,03,HRV.21_1,0,0.3145820276051028
2016,03,HRV.4_1,0,0
2016,03,HUN.5_1,0,0.24487589473196267
2016,03,ITA.16_1,0,0.12796598550702612
2016,03,LUX.3_1,0,0.3014801045689478
2016,03,NLD.14_1,0,0.07622101302967872
2016,03,NLD.9_1,0,0.30722597313155375
2016,03,PRT.12_1,0,0.3105363395219714
2016,03,PRT.15_1,0,0.3420437607784632
2016,03,PRT.18_1,0,0.3167518471268352
2016,03,PRT.4_1,0,0.3331402496122101
2016,03,PRT.6_1,0,0.32229785522580273
2016,03,SRB.3_1,0,0
