year,month,gid_2,se,est
2025,08,ALA.1.1_2,0,0
2025,08,ALA.1.2_2,0,0
2025,08,ALA.2.1_2,0,0
2025,08,ALA.2.2_2,0,0
2025,08,ALA.2.3_2,0,0
2025,08,ALA.2.4_2,0,0
2025,08,ALA.2.5_2,0,0
2025,08,ALA.2.6_2,0,0
2025,08,ALA.2.7_2,0,0
2025,08,ALA.2.8_2,0,0
2025,08,ALA.3.1_2,0,0
2025,08,ALB.1.1_1,0.18149340714561393,0.5060331593924892
2025,08,ALB.1.2_1,0.09197850759815834,0.5992858498701683
2025,08,ALB.1.3_1,0.15050804014658278,0.32540791603695884
2025,08,ALB.10.1_1,0.13181851927595886,0.5000705751888012
2025,08,ALB.10.2_1,0.1433841787850935,0.26577378214415465
2025,08,ALB.10.3_1,0.2101215547441715,0.49293568688032746
2025,08,ALB.11.1_1,0.11305139081741106,0.9958621274649272
2025,08,ALB.11.2_1,0.1829435291755684,0.9873151890140207
2025,08,ALB.12.1_1,0.10594306177421547,0.497180278154814
2025,08,ALB.12.2_1,0.15048324567643404,0.5404486208863275
2025,08,ALB.12.3_1,0.18978614767420035,0.5265021666077585
2025,08,ALB.2.1_1,0.13350384711611818,0.30788473348548684
2025,08,ALB.2.2_1,0.17717985716140672,0.2781032962628597
2025,08,ALB.2.3_1,0.17215723050062315,0.32641195695915437
2025,08,ALB.3.1_1,0.16898840027521464,0.6494195371235026
2025,08,ALB.3.2_1,0.1283591483901362,0.5131606172278397
2025,08,ALB.4.1_1,0.24567246555210417,0.4752358915622016
2025,08,ALB.4.2_1,0.1499546474884612,0.31445362112967296
2025,08,ALB.4.3_1,0.14974436489890167,0.317939640851964
2025,08,ALB.4.4_1,0.12975941547794725,0.5488438539645201
2025,08,ALB.5.1_1,0.21816409535068856,0.6563285100971243
2025,08,ALB.5.2_1,0.2118980442920104,0.6524407738532367
2025,08,ALB.5.3_1,0.1572704978540718,0.49349906904702423
2025,08,ALB.6.1_1,0.18419758704093803,0.4188121632748334
2025,08,ALB.6.2_1,0.14785560255638647,0.3516206813191631
2025,08,ALB.6.3_1,0.1593325271482871,0.3963377633844712
2025,08,ALB.7.1_1,0.10920216941756762,0.33204574563706885
2025,08,ALB.7.2_1,0.1329238891919609,0.29682827196599193
2025,08,ALB.7.3_1,0.20091077674390212,0.35682658279804536
2025,08,ALB.7.4_1,0.15060591933881964,0.39069546781904807
2025,08,ALB.8.1_1,0.08867285112648461,0.24341568346779785
2025,08,ALB.8.2_1,0.17019148151938454,0.24538952357204338
2025,08,ALB.8.3_1,0.1280484787936133,0.27437358941667417
2025,08,ALB.9.1_1,0.10620894749376399,0.5138004789263811
2025,08,ALB.9.2_1,0.1667067912940979,0.5140382966879818
2025,08,ALB.9.3_1,0.12415255304585761,0.31239975465409014
2025,08,ALB.9.4_1,0.05318853770127063,0.44000000000000516
2025,08,AND.2_1,0.051040053228812075,0.3480000000000041
2025,08,AND.3_1,0.04876870414001352,0.2930000000000034
2025,08,AND.4_1,0.05313497681553422,0.4360000000000051
2025,08,AND.5_1,0,0
2025,08,AND.6_1,0.05235788824396569,0.3940000000000048
2025,08,AND.7_1,0,0
2025,08,ARM.1_1,0,0
2025,08,ARM.2_1,0,0
2025,08,ARM.3_1,0,0
2025,08,ARM.8_1,0.04569713552539781,0.2390000000000027
2025,08,AUT.1.1_2,0.24581891163660438,0.43852962328983636
2025,08,AUT.1.2_2,0.115873931551777,0.47074324336084256
2025,08,AUT.1.3_2,0.3897219094265903,0.4328189980168676
2025,08,AUT.1.4_2,0.28981209098113847,0.40533528361838406
2025,08,AUT.1.5_2,0.2510065213751629,0.4366913371597008
2025,08,AUT.1.6_2,0.27585356160105107,0.496600404964223
2025,08,AUT.1.7_2,0.40561489903962955,0.4065596708419275
2025,08,AUT.1.8_2,0.4910307037349713,0.42283443761148665
2025,08,AUT.1.9_2,0.05355467559322556,0.48600000000000576
2025,08,AUT.2.10_2,0.18385899977504624,0.08335448426020185
2025,08,AUT.2.1_2,0.34899320575118065,0.7567919265337973
2025,08,AUT.2.2_2,0.2999590395536458,0.7767508971446032
2025,08,AUT.2.3_2,0.5033085428937715,0.8739475460802175
2025,08,AUT.2.4_2,0.23964926293562527,0.9261898309215424
2025,08,AUT.2.5_2,0.13646036307082549,0.0914990848807514
2025,08,AUT.2.6_2,0.5478903480814159,0.6958456896367198
2025,08,AUT.2.7_2,0.4476162476480794,0.8515928081403349
2025,08,AUT.2.8_2,0.1971840707323038,0.9241330034195907
2025,08,AUT.2.9_2,0.10272709058282893,0.06087094260995546
2025,08,AUT.3.10_2,0.2225774972234059,0.21878097054525764
2025,08,AUT.3.11_2,0.447568702608711,0.909058950648003
2025,08,AUT.3.12_2,0.7854760009107357,0.9279298668403675
2025,08,AUT.3.13_2,0.5409634790294119,0.9703855909231321
2025,08,AUT.3.14_2,0.22758631625429956,0.9828245090802822
2025,08,AUT.3.15_2,0.5518130395269423,0.9186484182556858
2025,08,AUT.3.16_2,0.8887781962968349,0.9529591021289632
2025,08,AUT.3.17_2,0.2987597516835093,0.9581458102425854
2025,08,AUT.3.18_2,0.429593052400412,0.9498857886261175
2025,08,AUT.3.19_2,0.5328124435545665,0.9830800590559197
2025,08,AUT.3.1_2,0.5192358134316327,0.9733295549371284
2025,08,AUT.3.20_2,0.08666591401840401,0.03552947159725182
2025,08,AUT.3.21_2,0.13772689480858838,0.9606809415697659
2025,08,AUT.3.22_2,0.3791331839740877,0.9468814880795264
2025,08,AUT.3.23_2,0.047346354670253735,0.7340000000000088
2025,08,AUT.3.24_2,0.1266333736379536,0.027747193928045918
2025,08,AUT.3.2_2,0.4168241035666532,0.9593659411694409
2025,08,AUT.3.3_2,0.34706933439234455,0.9739453370287644
2025,08,AUT.3.4_2,0.437090136278266,0.9856031577886105
2025,08,AUT.3.5_2,0,0
2025,08,AUT.3.6_2,0.5651617139541817,0.9665470607353126
2025,08,AUT.3.7_2,0.20628738503583674,0.24953891272118586
2025,08,AUT.3.8_2,0.4251656572069591,0.9799952164128403
2025,08,AUT.3.9_2,0.04431444077957728,0.2448275862068994
2025,08,AUT.4.10_2,0,0
2025,08,AUT.4.11_2,0.063010741290951,0.08117618652483323
2025,08,AUT.4.12_2,0,0
2025,08,AUT.4.13_2,0.19615651280161478,0.6385416900898745
2025,08,AUT.4.14_2,0,0
2025,08,AUT.4.15_2,0.2983243269918416,0.919352078048884
2025,08,AUT.4.16_2,0.059384963443725104,0.08603510127642647
2025,08,AUT.4.17_2,0.35687459105881186,0.9760901828320272
2025,08,AUT.4.18_2,0.0876653358990812,0.996330916157626
2025,08,AUT.4.1_2,0.12108132438719371,0.2421966735864215
2025,08,AUT.4.2_2,0.23969534719548594,0.9760456297669086
2025,08,AUT.4.3_2,0.042779971906889834,0.051587557158498776
2025,08,AUT.4.4_2,0.0637801779347352,0.07285075753178236
2025,08,AUT.4.5_2,0.16572187171619845,0.44826593260652314
2025,08,AUT.4.6_2,0.08594982108010164,0.3337478917725584
2025,08,AUT.4.7_2,0.37492505283946553,0.9856907328748209
2025,08,AUT.4.8_2,0.14891718914318017,0.9906168251426173
2025,08,AUT.4.9_2,0.1917731318390865,0.7070853296000789
2025,08,AUT.5.1_2,0.07133931409059585,0.021283740066692345
2025,08,AUT.5.2_2,0.10621354173536002,0.030315803061354868
2025,08,AUT.5.3_2,0,0
2025,08,AUT.5.4_2,0.0799652895500128,0.1150227937384404
2025,08,AUT.5.5_2,0.0833195382287179,0.20728502084585546
2025,08,AUT.5.6_2,0.18581121492160613,0.2938879276117187
2025,08,AUT.6.10_2,0.1056610781069729,0.9956365364438419
2025,08,AUT.6.11_2,0.4098105674461808,0.9999971327090355
2025,08,AUT.6.12_2,0.2400281650510329,0.9999970586027057
2025,08,AUT.6.13_2,0.39467855783997563,0.9999814146710821
2025,08,AUT.6.1_2,0.35408794853046743,0.999981288933092
2025,08,AUT.6.2_2,0.37548768462304705,0.9999985242453837
2025,08,AUT.6.3_2,0.3193434385012082,0.9999988087854185
2025,08,AUT.6.4_2,0.1038994226335736,0.9999999999200753
2025,08,AUT.6.5_2,0.4107928077943347,0.9999873175333558
2025,08,AUT.6.6_2,0.3567577871243031,0.9999991837626114
2025,08,AUT.6.7_2,0.25475961531335956,0.9999895654359833
2025,08,AUT.6.8_2,0.0960241228349697,0.9335699883174463
2025,08,AUT.6.9_2,0.03603537129737756,0.4264705882352991
2025,08,AUT.7.1_2,0.09740748438137678,0.05948109977013509
2025,08,AUT.7.2_2,0.41217686449858,0.35328147149657085
2025,08,AUT.7.3_2,0.1539590215577906,0.5369244208228737
2025,08,AUT.7.4_2,0.23142776961095457,0.3598397059642218
2025,08,AUT.7.5_2,0.3298738367173856,0.42058472290636706
2025,08,AUT.7.6_2,0.0779022095100305,0.021157854170648888
2025,08,AUT.7.7_2,0.3594226478237939,0.2857254394005118
2025,08,AUT.7.8_2,0.0831408959958135,0.06886897631612669
2025,08,AUT.7.9_2,0.30345803198145366,0.3217561028358627
2025,08,AUT.8.1_2,0.09438697092307814,0.05099300309674742
2025,08,AUT.8.2_2,0.07575252755932749,0.0450883635555541
2025,08,AUT.8.3_2,0.05264077203826029,0.2256468797564715
2025,08,AUT.8.4_2,0.1495276055677383,0.20463310649580058
2025,08,AUT.9.1_2,0.2595700792815009,0.999999927274618
2025,08,AZE.7_1,0,0
2025,08,BEL.1.1_1,0,0
2025,08,BEL.2.1_1,0.32998145508434545,0.30977193301100325
2025,08,BEL.2.2_1,0.18349666961422348,0.15373304488433198
2025,08,BEL.2.3_1,0.3107629492777182,0.30674272514066814
2025,08,BEL.2.4_1,0,0
2025,08,BEL.2.5_1,0.25282674550115075,0.2546244586472146
2025,08,BEL.3.1_1,0.11514165558747608,0.10664302157599174
2025,08,BEL.3.2_1,0.25789144933699704,0.1970188607257577
2025,08,BEL.3.3_1,0.3270065435160871,0.2609554032397685
2025,08,BEL.3.4_1,0.23415662048580396,0.20798002709816546
2025,08,BEL.3.5_1,0.2916759095373116,0.3653179154950934
2025,08,BGR.1.10_1,0.04998355533603743,0.3200000000000037
2025,08,BGR.1.11_1,0.048369672812695,0.2850000000000034
2025,08,BGR.1.12_1,0.0501468377700579,0.3240000000000038
2025,08,BGR.1.13_1,0.05114151690094962,0.35100000000000414
2025,08,BGR.1.14_1,0.044531157561770375,0.2220000000000026
2025,08,BGR.1.1_1,0.046459600215832016,0.251000000000003
2025,08,BGR.1.2_1,0.04924196805815263,0.30300000000000366
2025,08,BGR.1.3_1,0.047346354670253735,0.2660000000000032
2025,08,BGR.1.4_1,0.048961372768160066,0.2970000000000035
2025,08,BGR.1.5_1,0.048865603332790344,0.2950000000000034
2025,08,BGR.1.6_1,0.0501468377700579,0.3240000000000038
2025,08,BGR.1.7_1,0.049600665583653634,0.31100000000000366
2025,08,BGR.1.8_1,0.051674959779282624,0.3680000000000044
2025,08,BGR.1.9_1,0.04768127286123926,0.27200000000000324
2025,08,BGR.10.10_1,0.04933328336164075,0.30500000000000355
2025,08,BGR.10.11_1,0.05038393349990406,0.330000000000004
2025,08,BGR.10.1_1,0.05038393349990406,0.330000000000004
2025,08,BGR.10.2_1,0.049942076582592816,0.31900000000000384
2025,08,BGR.10.3_1,0.05136966412533064,0.35800000000000415
2025,08,BGR.10.4_1,0.049468199578330686,0.3080000000000037
2025,08,BGR.10.5_1,0.04831849292289831,0.2840000000000034
2025,08,BGR.10.6_1,0.05079460595521066,0.341000000000004
2025,08,BGR.10.7_1,0.05149467522603414,0.36200000000000426
2025,08,BGR.10.8_1,0.05155573093074108,0.3640000000000043
2025,08,BGR.10.9_1,0.050685652722861733,0.3380000000000041
2025,08,BGR.11.10_1,0.0499003332644516,0.31800000000000384
2025,08,BGR.11.11_1,0.04595669359467303,0.24300000000000288
2025,08,BGR.11.1_1,0.04569713552539781,0.2390000000000027
2025,08,BGR.11.2_1,0.04773602230270047,0.27300000000000324
2025,08,BGR.11.3_1,0.04805819251250511,0.27900000000000336
2025,08,BGR.11.4_1,0.050305938688955956,0.32800000000000396
2025,08,BGR.11.5_1,0.04998355533603743,0.3200000000000037
2025,08,BGR.11.6_1,0.051207926616278265,0.3530000000000043
2025,08,BGR.11.7_1,0.04826702089257325,0.2830000000000033
2025,08,BGR.11.8_1,0.047402944224508976,0.2670000000000032
2025,08,BGR.11.9_1,0.05117484470957062,0.35200000000000414
2025,08,BGR.12.1_1,0.0470587266633191,0.2610000000000031
2025,08,BGR.12.2_1,0,0
2025,08,BGR.12.3_1,0.04670312331468987,0.25500000000000306
2025,08,BGR.12.4_1,0.0472322429161829,0.2640000000000031
2025,08,BGR.12.5_1,0.047459224381707715,0.2680000000000032
2025,08,BGR.12.6_1,0,0
2025,08,BGR.13.10_1,0.05010641075754359,0.3230000000000039
2025,08,BGR.13.11_1,0.05086598321211112,0.343000000000004
2025,08,BGR.13.1_1,0.04924196805815263,0.30300000000000366
2025,08,BGR.13.2_1,0.04977350924431744,0.3150000000000038
2025,08,BGR.13.3_1,0.05002477018288825,0.3210000000000039
2025,08,BGR.13.4_1,0.05064882952464797,0.3370000000000041
2025,08,BGR.13.5_1,0.049423500735211304,0.3070000000000036
2025,08,BGR.13.6_1,0.050498994693194466,0.333000000000004
2025,08,BGR.13.7_1,0.050498994693194466,0.333000000000004
2025,08,BGR.13.8_1,0.05018700344551615,0.32500000000000384
2025,08,BGR.13.9_1,0.050305938688955956,0.32800000000000396
2025,08,BGR.14.10_1,0.04937852891182793,0.30600000000000366
2025,08,BGR.14.11_1,0.05340396400905697,0.5400000000000065
2025,08,BGR.14.12_1,0.05161582466312911,0.3660000000000043
2025,08,BGR.14.13_1,0.04914954870519141,0.3010000000000036
2025,08,BGR.14.14_1,0.05140128045743867,0.35900000000000426
2025,08,BGR.14.15_1,0.051463785566230866,0.36100000000000426
2025,08,BGR.14.16_1,0.05064882952464797,0.3370000000000041
2025,08,BGR.14.1_1,0.04985832471710238,0.31700000000000383
2025,08,BGR.14.2_1,0.0499003332644516,0.31800000000000384
2025,08,BGR.14.3_1,0.050685652722861733,0.3380000000000041
2025,08,BGR.14.4_1,0.050460897645129024,0.332000000000004
2025,08,BGR.14.5_1,0.04933328336164075,0.30500000000000355
2025,08,BGR.14.6_1,0.04900883589957695,0.2980000000000036
2025,08,BGR.14.7_1,0.045892316978621395,0.24200000000000277
2025,08,BGR.14.8_1,0.0512407630973479,0.3540000000000043
2025,08,BGR.14.9_1,0.05018700344551615,0.32500000000000384
2025,08,BGR.15.1_1,0.04876870414001352,0.2930000000000034
2025,08,BGR.15.2_1,0.048215255786098955,0.28200000000000336
2025,08,BGR.15.3_1,0.04955678127391409,0.3100000000000037
2025,08,BGR.15.4_1,0.048215255786098955,0.28200000000000336
2025,08,BGR.15.5_1,0.049600665583653634,0.31100000000000366
2025,08,BGR.15.6_1,0.04862122225845318,0.2900000000000035
2025,08,BGR.15.7_1,0.04955678127391409,0.3100000000000037
2025,08,BGR.16.1_1,0.04933328336164075,0.30500000000000355
2025,08,BGR.16.2_1,0.04871982878112186,0.29200000000000337
2025,08,BGR.16.3_1,0.04924196805815263,0.30300000000000366
2025,08,BGR.16.4_1,0.04968762471758899,0.31300000000000366
2025,08,BGR.16.5_1,0.049287763330816435,0.30400000000000366
2025,08,BGR.16.6_1,0.04924196805815263,0.30300000000000366
2025,08,BGR.16.7_1,0.049942076582592816,0.31900000000000384
2025,08,BGR.16.8_1,0.04768127286123926,0.27200000000000324
2025,08,BGR.17.10_1,0.048110842555305545,0.28000000000000336
2025,08,BGR.17.1_1,0.04998355533603743,0.3200000000000037
2025,08,BGR.17.2_1,0.049195896775001406,0.30200000000000365
2025,08,BGR.17.3_1,0.04985832471710238,0.31700000000000383
2025,08,BGR.17.4_1,0.04826702089257325,0.2830000000000033
2025,08,BGR.17.5_1,0.04914954870519141,0.3010000000000036
2025,08,BGR.17.6_1,0.05117484470957062,0.35200000000000414
2025,08,BGR.17.7_1,0.05002477018288825,0.3210000000000039
2025,08,BGR.17.8_1,0.05061175268316719,0.3360000000000041
2025,08,BGR.17.9_1,0.05086598321211112,0.343000000000004
2025,08,BGR.18.1_1,0.05211391101315951,0.38400000000000456
2025,08,BGR.18.2_1,0.05110794270935273,0.35000000000000414
2025,08,BGR.18.3_1,0.04968762471758899,0.31300000000000366
2025,08,BGR.18.4_1,0.050936358829505014,0.3450000000000041
2025,08,BGR.18.5_1,0.05155573093074108,0.3640000000000043
2025,08,BGR.18.6_1,0.0513057016639678,0.3560000000000042
2025,08,BGR.18.7_1,0.05061175268316719,0.3360000000000041
2025,08,BGR.19.1_1,0.049942076582592816,0.31900000000000384
2025,08,BGR.19.2_1,0.04914954870519141,0.3010000000000036
2025,08,BGR.19.3_1,0.05057442164057074,0.33500000000000396
2025,08,BGR.19.4_1,0.049468199578330686,0.3080000000000037
2025,08,BGR.2.10_1,0.048369672812695,0.2850000000000034
2025,08,BGR.2.11_1,0.04937852891182793,0.30600000000000366
2025,08,BGR.2.12_1,0.050498994693194466,0.333000000000004
2025,08,BGR.2.13_1,0.0462735117119983,0.24800000000000305
2025,08,BGR.2.1_1,0.05083042005093492,0.34200000000000413
2025,08,BGR.2.2_1,0.05097117232221693,0.3460000000000041
2025,08,BGR.2.3_1,0.051040053228812075,0.3480000000000041
2025,08,BGR.2.4_1,0.04955678127391409,0.3100000000000037
2025,08,BGR.2.5_1,0.047790468778521104,0.2740000000000033
2025,08,BGR.2.6_1,0.04985832471710238,0.31700000000000383
2025,08,BGR.2.7_1,0.05086598321211112,0.343000000000004
2025,08,BGR.2.8_1,0.04805819251250511,0.27900000000000336
2025,08,BGR.2.9_1,0.050305938688955956,0.32800000000000396
2025,08,BGR.20.10_1,0.047346354670253735,0.2660000000000032
2025,08,BGR.20.1_1,0.04784461332301269,0.2750000000000033
2025,08,BGR.20.2_1,0.046335872039645,0.24900000000000297
2025,08,BGR.20.3_1,0.0470002569951276,0.2600000000000031
2025,08,BGR.20.4_1,0.04751519624126128,0.26900000000000324
2025,08,BGR.20.5_1,0.04676319213930411,0.25600000000000306
2025,08,BGR.20.6_1,0.047174718460374666,0.2630000000000031
2025,08,BGR.20.7_1,0.04670312331468987,0.25500000000000306
2025,08,BGR.20.8_1,0.04488491161682869,0.22700000000000267
2025,08,BGR.20.9_1,0.04614779187182604,0.2460000000000028
2025,08,BGR.21.10_1,0.04789845696008719,0.2760000000000033
2025,08,BGR.21.11_1,0.050901295964699875,0.3440000000000041
2025,08,BGR.21.12_1,0.049942076582592816,0.31900000000000384
2025,08,BGR.21.13_1,0.048865603332790344,0.2950000000000034
2025,08,BGR.21.14_1,0.04910292306494889,0.3000000000000036
2025,08,BGR.21.15_1,0.04857148935727952,0.2890000000000035
2025,08,BGR.21.16_1,0.049423500735211304,0.3070000000000036
2025,08,BGR.21.17_1,0.04985832471710238,0.31700000000000383
2025,08,BGR.21.18_1,0.05190197881747467,0.37600000000000444
2025,08,BGR.21.19_1,0.0462735117119983,0.24800000000000305
2025,08,BGR.21.1_1,0.04924196805815263,0.30300000000000366
2025,08,BGR.21.20_1,0.04805819251250511,0.27900000000000336
2025,08,BGR.21.21_1,0.049287763330816435,0.30400000000000366
2025,08,BGR.21.22_1,0.04998355533603743,0.3200000000000037
2025,08,BGR.21.2_1,0.0501468377700579,0.3240000000000038
2025,08,BGR.21.3_1,0.04805819251250511,0.27900000000000336
2025,08,BGR.21.4_1,0.04968762471758899,0.31300000000000366
2025,08,BGR.21.5_1,0.05038393349990406,0.330000000000004
2025,08,BGR.21.6_1,0.0472322429161829,0.2640000000000031
2025,08,BGR.21.7_1,0.04900883589957695,0.2980000000000036
2025,08,BGR.21.8_1,0.05075854039377685,0.340000000000004
2025,08,BGR.21.9_1,0.05018700344551615,0.32500000000000384
2025,08,BGR.22.10_1,0.0499003332644516,0.31800000000000384
2025,08,BGR.22.11_1,0.04955678127391409,0.3100000000000037
2025,08,BGR.22.1_1,0.05110794270935273,0.35000000000000414
2025,08,BGR.22.2_1,0.04862122225845318,0.2900000000000035
2025,08,BGR.22.3_1,0.04784461332301269,0.2750000000000033
2025,08,BGR.22.4_1,0.049600665583653634,0.31100000000000366
2025,08,BGR.22.5_1,0.05042254410927727,0.3310000000000039
2025,08,BGR.22.6_1,0.050305938688955956,0.32800000000000396
2025,08,BGR.22.7_1,0.05022690841087985,0.32600000000000395
2025,08,BGR.22.8_1,0.049942076582592816,0.31900000000000384
2025,08,BGR.22.9_1,0.048961372768160066,0.2970000000000035
2025,08,BGR.23.1_1,0.050685652722861733,0.3380000000000041
2025,08,BGR.23.2_1,0.05170416888621893,0.3690000000000044
2025,08,BGR.23.3_1,0.05006572177490077,0.3220000000000039
2025,08,BGR.23.4_1,0.049942076582592816,0.31900000000000384
2025,08,BGR.23.5_1,0.05100573695345546,0.3470000000000041
2025,08,BGR.24.10_1,0.048005245556371486,0.2780000000000033
2025,08,BGR.24.11_1,0.04857148935727952,0.2890000000000035
2025,08,BGR.24.12_1,0.047790468778521104,0.2740000000000033
2025,08,BGR.24.1_1,0.048005245556371486,0.2780000000000033
2025,08,BGR.24.2_1,0.04924196805815263,0.30300000000000366
2025,08,BGR.24.3_1,0.049942076582592816,0.31900000000000384
2025,08,BGR.24.4_1,0.04676319213930411,0.25600000000000306
2025,08,BGR.24.5_1,0.04867066844207512,0.29100000000000337
2025,08,BGR.24.6_1,0.049942076582592816,0.31900000000000384
2025,08,BGR.24.7_1,0.04955678127391409,0.3100000000000037
2025,08,BGR.24.8_1,0.05064882952464797,0.3370000000000041
2025,08,BGR.24.9_1,0.048817295374707435,0.29400000000000354
2025,08,BGR.25.10_1,0.03081770804882203,0.09100000000000105
2025,08,BGR.25.1_1,0.031120231328071145,0.09300000000000108
2025,08,BGR.25.2_1,0.031857669715930514,0.09800000000000114
2025,08,BGR.25.3_1,0.03312190575385394,0.10700000000000126
2025,08,BGR.25.4_1,0.03519249448259042,0.12300000000000134
2025,08,BGR.25.5_1,0.03141838021169402,0.0950000000000011
2025,08,BGR.25.6_1,0.03171227808001417,0.09700000000000113
2025,08,BGR.25.7_1,0.033526563849028884,0.11000000000000129
2025,08,BGR.25.8_1,0.03081770804882203,0.09100000000000105
2025,08,BGR.25.9_1,0.03392334978767734,0.11300000000000134
2025,08,BGR.26.10_1,0.051790367244427635,0.37200000000000444
2025,08,BGR.26.11_1,0.05110794270935273,0.35000000000000414
2025,08,BGR.26.1_1,0.049287763330816435,0.30400000000000366
2025,08,BGR.26.2_1,0.050536835833531336,0.3340000000000039
2025,08,BGR.26.3_1,0.05079460595521066,0.341000000000004
2025,08,BGR.26.4_1,0.047790468778521104,0.2740000000000033
2025,08,BGR.26.5_1,0.05192929148911155,0.3770000000000046
2025,08,BGR.26.6_1,0.050266553287056544,0.32700000000000384
2025,08,BGR.26.7_1,0.05018700344551615,0.32500000000000384
2025,08,BGR.26.8_1,0.050305938688955956,0.32800000000000396
2025,08,BGR.26.9_1,0.05114151690094962,0.35100000000000414
2025,08,BGR.27.10_1,0.05107412164889149,0.34900000000000414
2025,08,BGR.27.1_1,0.05002477018288825,0.3210000000000039
2025,08,BGR.27.2_1,0.05018700344551615,0.32500000000000384
2025,08,BGR.27.3_1,0.05161582466312911,0.3660000000000043
2025,08,BGR.27.4_1,0.0501468377700579,0.3240000000000038
2025,08,BGR.27.5_1,0.05192929148911155,0.3770000000000046
2025,08,BGR.27.6_1,0.05072222283022649,0.339000000000004
2025,08,BGR.27.7_1,0.05006572177490077,0.3220000000000039
2025,08,BGR.27.8_1,0.049600665583653634,0.31100000000000366
2025,08,BGR.27.9_1,0.05079460595521066,0.341000000000004
2025,08,BGR.28.1_1,0.04522955358151126,0.23200000000000273
2025,08,BGR.28.2_1,0.046941469908962384,0.25900000000000306
2025,08,BGR.28.3_1,0.04857148935727952,0.2890000000000035
2025,08,BGR.28.4_1,0.04968762471758899,0.31300000000000366
2025,08,BGR.28.5_1,0.050460897645129024,0.332000000000004
2025,08,BGR.3.1_1,0.05072222283022649,0.339000000000004
2025,08,BGR.3.2_1,0.050536835833531336,0.3340000000000039
2025,08,BGR.3.3_1,0.05057442164057074,0.33500000000000396
2025,08,BGR.3.4_1,0.05149467522603414,0.36200000000000426
2025,08,BGR.3.5_1,0.05002477018288825,0.3210000000000039
2025,08,BGR.3.6_1,0.05075854039377685,0.340000000000004
2025,08,BGR.3.7_1,0.0513057016639678,0.3560000000000042
2025,08,BGR.3.8_1,0.04968762471758899,0.31300000000000366
2025,08,BGR.4.1_1,0.05235788824396569,0.3940000000000048
2025,08,BGR.4.2_1,0.051674959779282624,0.3680000000000044
2025,08,BGR.4.3_1,0.05203619244176497,0.38100000000000456
2025,08,BGR.4.4_1,0.05114151690094962,0.35100000000000414
2025,08,BGR.5.1_1,0.03567850769761684,0.1270000000000015
2025,08,BGR.6.10_1,0.04658201386199609,0.253000000000003
2025,08,BGR.6.11_1,0.04576253939853227,0.24000000000000285
2025,08,BGR.6.1_1,0.04964427982782348,0.3120000000000038
2025,08,BGR.6.2_1,0.0470002569951276,0.2600000000000031
2025,08,BGR.6.3_1,0.047570860891398406,0.27000000000000324
2025,08,BGR.6.4_1,0.04658201386199609,0.253000000000003
2025,08,BGR.6.5_1,0.047402944224508976,0.2670000000000032
2025,08,BGR.6.6_1,0.04670312331468987,0.25500000000000306
2025,08,BGR.6.7_1,0.04847115986701683,0.2870000000000033
2025,08,BGR.6.8_1,0.047346354670253735,0.2660000000000032
2025,08,BGR.6.9_1,0.047570860891398406,0.27000000000000324
2025,08,BGR.7.1_1,0.04543205145085558,0.23500000000000268
2025,08,BGR.7.2_1,0.0470002569951276,0.2600000000000031
2025,08,BGR.7.3_1,0.043335275329871956,0.2060000000000024
2025,08,BGR.7.4_1,0.04652097070399121,0.252000000000003
2025,08,BGR.7.5_1,0.045297406923156314,0.23300000000000265
2025,08,BGR.7.6_1,0.044954562190896045,0.2280000000000028
2025,08,BGR.7.7_1,0.046210818774584043,0.24700000000000294
2025,08,BGR.7.8_1,0.04261756031953566,0.1970000000000024
2025,08,BGR.8.1_1,0,0
2025,08,BGR.8.2_1,0,0
2025,08,BGR.8.3_1,0,0
2025,08,BGR.8.4_1,0.04862122225845318,0.2900000000000035
2025,08,BGR.8.5_1,0.04762621940930128,0.27100000000000324
2025,08,BGR.8.6_1,0.0470002569951276,0.2600000000000031
2025,08,BGR.8.7_1,0.04195068222765775,0.1890000000000022
2025,08,BGR.8.8_1,0.04582759939543833,0.24100000000000285
2025,08,BGR.8.9_1,0.04784461332301269,0.2750000000000033
2025,08,BGR.9.1_1,0.04933328336164075,0.30500000000000355
2025,08,BGR.9.2_1,0.05133780467847467,0.3570000000000042
2025,08,BGR.9.3_1,0.05042254410927727,0.3310000000000039
2025,08,BGR.9.4_1,0.05127335462430599,0.3550000000000042
2025,08,BGR.9.5_1,0.05192929148911155,0.3770000000000046
2025,08,BGR.9.6_1,0.05206233205574367,0.38200000000000445
2025,08,BGR.9.7_1,0.05140128045743867,0.35900000000000426
2025,08,BGR.9.8_1,0.05133780467847467,0.3570000000000042
2025,08,BIH.1.1_1,0.05223878948244368,0.3890000000000046
2025,08,BIH.2.10_1,0.171720949129228,0.44135439256182996
2025,08,BIH.2.1_1,0.08659414691939604,0.3556836009597679
2025,08,BIH.2.2_1,0.11698210463598906,0.3069273745490898
2025,08,BIH.2.3_1,0.17369688695720015,0.3815171362992832
2025,08,BIH.2.4_1,0.15149228524847896,0.38998772546425103
2025,08,BIH.2.5_1,0.0904950829093808,0.44061716442911447
2025,08,BIH.2.6_1,0.14912782972005462,0.38627031544837803
2025,08,BIH.2.7_1,0.18736625289994982,0.4507022022440983
2025,08,BIH.2.8_1,0.14537695739433776,0.4254711136209142
2025,08,BIH.2.9_1,0.10072855029065998,0.3735672367303772
2025,08,BIH.3.1_1,0.23506005237722907,0.40062445135289504
2025,08,BIH.3.2_1,0.09014728909074103,0.4339198009997492
2025,08,BIH.3.3_1,0.15591811989908524,0.44899633793479266
2025,08,BIH.3.4_1,0.11713682882825976,0.3096518666124425
2025,08,BIH.3.5_1,0.13984020531483185,0.3539037512075154
2025,08,BIH.3.6_1,0.12651613281452354,0.32354132505821936
2025,08,BIH.3.7_1,0.13522128388346133,0.4120113734895442
2025,08,BLR.1.14_1,0,0
2025,08,BLR.1.3_1,0,0
2025,08,BLR.1.8_1,0,0
2025,08,BLR.3.11_1,0,0
2025,08,BLR.3.12_1,0,0
2025,08,BLR.3.16_1,0,0
2025,08,BLR.3.1_1,0,0
2025,08,BLR.3.2_1,0,0
2025,08,BLR.3.3_1,0,0
2025,08,BLR.3.5_1,0,0
2025,08,BLR.3.6_1,0,0
2025,08,BLR.6.11_1,0,0
2025,08,BLR.6.12_1,0,0
2025,08,BLR.6.21_1,0,0
2025,08,BLR.6.2_1,0,0
2025,08,CHE.1.10_1,0.22413934252834186,0.515392988986893
2025,08,CHE.1.11_1,0.25128634911125974,0.49658086023528636
2025,08,CHE.1.1_1,0.19073716091500892,0.5109422063622298
2025,08,CHE.1.2_1,0.27074711109464605,0.5371851027382121
2025,08,CHE.1.3_1,0.2583189132587708,0.50160753071888875
2025,08,CHE.1.4_1,0.2920759040590815,0.49732374886288544
2025,08,CHE.1.5_1,0.22528168216750222,0.546746826477846
2025,08,CHE.1.6_1,0.2529031626572654,0.5172786893308665
2025,08,CHE.1.7_1,0.23742474099250654,0.5325047616978079
2025,08,CHE.1.8_1,0.2371428150117929,0.5297581878653921
2025,08,CHE.1.9_1,0.19739421604083102,0.5145036689029988
2025,08,CHE.10.10_1,0.17922265828455927,0.2574369762612427
2025,08,CHE.10.11_1,0.2955067908860883,0.2643515829589443
2025,08,CHE.10.1_1,0.20586501406907207,0.23036308487423027
2025,08,CHE.10.2_1,0.06230711238986672,0.23366343384500665
2025,08,CHE.10.3_1,0.2615818913289327,0.23610675922282534
2025,08,CHE.10.4_1,0.12517810915267014,0.3008730008266196
2025,08,CHE.10.5_1,0.15929051094809552,0.15549629559495157
2025,08,CHE.10.6_1,0.16444624056368073,0.3607609639524518
2025,08,CHE.10.7_1,0.16218879933861854,0.18904095752855868
2025,08,CHE.10.8_1,0.20363411017188204,0.38320056340981146
2025,08,CHE.10.9_1,0.17736687106872115,0.2808901136670561
2025,08,CHE.11.1_1,0.1786544217987372,0.22997660035686002
2025,08,CHE.11.2_1,0.15740473188364576,0.21973160011808285
2025,08,CHE.11.3_1,0.14360801245136082,0.11304889496470884
2025,08,CHE.12.1_1,0.1512289176951178,0.38826943380575313
2025,08,CHE.12.2_1,0.24292946163385185,0.5612215341389526
2025,08,CHE.12.3_1,0.2421551812698771,0.5260130125315788
2025,08,CHE.12.4_1,0.2519598164896326,0.49490035043646785
2025,08,CHE.12.5_1,0.2567393384599382,0.4935132336960002
2025,08,CHE.13.1_1,0.08898248133179718,0.10900618946800318
2025,08,CHE.13.2_1,0.06853316056794945,0.23200613058603245
2025,08,CHE.13.3_1,0.06838028574614806,0.10750714571600811
2025,08,CHE.13.4_1,0.1039010249449524,0.2062460040449211
2025,08,CHE.13.5_1,0.06785905193702133,0.04589081808718031
2025,08,CHE.13.6_1,0.12443309262299954,0.24164462932652261
2025,08,CHE.14.1_1,0.10567694166550089,0.49502119818127843
2025,08,CHE.15.1_1,0.12199341469987415,0.36872487505413193
2025,08,CHE.16.1_1,0.19114872125537233,0.5949691648537367
2025,08,CHE.16.2_1,0.15826753215708553,0.6480763140425007
2025,08,CHE.16.3_1,0.15921289957977486,0.5274235962021787
2025,08,CHE.16.4_1,0.1496220207943702,0.37693107863870473
2025,08,CHE.16.5_1,0.21266109368536568,0.5491458269746455
2025,08,CHE.16.6_1,0.21971344475013999,0.45805206722569825
2025,08,CHE.16.7_1,0.1275333957135782,0.4461584687545604
2025,08,CHE.16.8_1,0.17635379361806267,0.5396285014191811
2025,08,CHE.17.1_1,0.11629260367180054,0.44013697651026473
2025,08,CHE.17.2_1,0.15153926700310003,0.40115219943494806
2025,08,CHE.17.3_1,0.12593677033539363,0.4322342928733949
2025,08,CHE.17.4_1,0.08861022513818008,0.3943316121177053
2025,08,CHE.17.5_1,0.10389356569898178,0.44670435872606573
2025,08,CHE.17.6_1,0.10433924126319957,0.443869729538296
2025,08,CHE.18.1_1,0,0
2025,08,CHE.18.2_1,0,0
2025,08,CHE.18.3_1,0.10536417487732665,0.5726206382603108
2025,08,CHE.18.4_1,0.07445770792409076,0.5733559962634919
2025,08,CHE.18.5_1,0.10678578156632974,0.2785579962667468
2025,08,CHE.18.6_1,0.11295613889243657,0.15001526414408373
2025,08,CHE.19.10_1,0.24230960507787028,0.530725050281945
2025,08,CHE.19.1_1,0.23859601129705424,0.4748877771135749
2025,08,CHE.19.2_1,0.16741782370239927,0.5243511479419196
2025,08,CHE.19.3_1,0.14915615950444513,0.49010218909083175
2025,08,CHE.19.4_1,0.172656525578041,0.4645344140513091
2025,08,CHE.19.5_1,0.20891682903053307,0.4762100055310835
2025,08,CHE.19.6_1,0.19854522989418208,0.5243630733025962
2025,08,CHE.19.7_1,0.05312103781659036,0.4350000000000052
2025,08,CHE.19.8_1,0.15591079279951067,0.4577950138378549
2025,08,CHE.19.9_1,0.18037078873267895,0.4623913714538745
2025,08,CHE.2.1_1,0.22202755249333134,0.481972285391943
2025,08,CHE.20.1_1,0.1681349656097854,0.6549719343640035
2025,08,CHE.20.2_1,0.1409290961046758,0.5585292287913614
2025,08,CHE.20.3_1,0.048163196658493446,0.7190000000000085
2025,08,CHE.20.4_1,0.09205331105407687,0.499099618571298
2025,08,CHE.20.5_1,0.17638618010192897,0.5346849590552344
2025,08,CHE.20.6_1,0.17690339522847912,0.5537986312346429
2025,08,CHE.20.7_1,0.20600074520510195,0.5387594571961418
2025,08,CHE.20.8_1,0.19095647553129322,0.5655341793050769
2025,08,CHE.20.9_1,0.15116934612487593,0.567527088578443
2025,08,CHE.21.1_1,0.22546273797409175,0.8017856901107538
2025,08,CHE.21.2_1,0.11880143692367837,0.5291019372766287
2025,08,CHE.21.3_1,0.2191872991605993,0.49802363710689285
2025,08,CHE.21.4_1,0.3087490053238871,0.9119175876641601
2025,08,CHE.21.5_1,0.35385950331917937,0.9847438716873839
2025,08,CHE.21.6_1,0.21029510730759585,0.9128393064503666
2025,08,CHE.21.7_1,0.12982938613034314,0.6964448833146403
2025,08,CHE.21.8_1,0.14114685861425702,0.7106622886976641
2025,08,CHE.22.1_1,0.20476409548926872,0.26468409844366997
2025,08,CHE.23.10_1,0.15952858837723452,0.40308667532239784
2025,08,CHE.23.11_1,0.20447037896163103,0.27993868431880287
2025,08,CHE.23.12_1,0.11621976846612249,0.3005436443200825
2025,08,CHE.23.13_1,0.16312879152919801,0.16823836947267223
2025,08,CHE.23.14_1,0.14816887187448113,0.2222647772208268
2025,08,CHE.23.1_1,0.1373464395609823,0.26947944425974824
2025,08,CHE.23.2_1,0.10774004253753787,0.31898893267195383
2025,08,CHE.23.3_1,0.09978812600326499,0.20339827883703218
2025,08,CHE.23.4_1,0.1464756385428119,0.17389748231438945
2025,08,CHE.23.5_1,0.12845473225898985,0.22511030640452578
2025,08,CHE.23.6_1,0.16728428063162767,0.23150704885740978
2025,08,CHE.23.7_1,0.1596550630677205,0.33151883643710073
2025,08,CHE.23.8_1,0.16093346369415668,0.5135792512550531
2025,08,CHE.23.9_1,0.12307750876014897,0.23768397774052102
2025,08,CHE.24.10_1,0.18719119201321063,0.5330880408160537
2025,08,CHE.24.1_1,0.20187510115352506,0.4715570302292594
2025,08,CHE.24.2_1,0.3816060959211978,0.480503182685362
2025,08,CHE.24.3_1,0.3822876667503023,0.4793133734572868
2025,08,CHE.24.4_1,0.46735996300273425,0.43828597965107563
2025,08,CHE.24.5_1,0.1379271137714139,0.678086205141533
2025,08,CHE.24.6_1,0.2934638745402659,0.5573923498670981
2025,08,CHE.24.7_1,0.42764394809031303,0.5398321939824566
2025,08,CHE.24.8_1,0.365360190938373,0.5567833938087385
2025,08,CHE.24.9_1,0.15048965448480775,0.8252542611569443
2025,08,CHE.25.1_1,0.1300868294137583,0.39222589819380205
2025,08,CHE.26.10_1,0.07453908131352348,0.4498590924923266
2025,08,CHE.26.11_1,0.17656600406230655,0.5786789889180814
2025,08,CHE.26.12_1,0.24133332040978514,0.5062080645154432
2025,08,CHE.26.13_1,0.28971253678567876,0.805750496648048
2025,08,CHE.26.1_1,0.1987295857618789,0.5288020818237985
2025,08,CHE.26.2_1,0.25780580024390315,0.49869614995307704
2025,08,CHE.26.3_1,0.24789921084454272,0.5120986728846908
2025,08,CHE.26.4_1,0.24827588123544875,0.5159950077050403
2025,08,CHE.26.5_1,0.17613725352581278,0.5282142593153776
2025,08,CHE.26.6_1,0.1767872146415649,0.5502860436643932
2025,08,CHE.26.7_1,0.1906563019531796,0.6210822408350655
2025,08,CHE.26.8_1,0.18505080677126895,0.5737893759897343
2025,08,CHE.26.9_1,0.18305906401204233,0.5125965377777447
2025,08,CHE.3.1_1,0.09027125525844143,0.4371837289460816
2025,08,CHE.4.1_1,0.19740375485370987,0.6013254508131893
2025,08,CHE.4.2_1,0.18679310175961789,0.453430060570796
2025,08,CHE.4.3_1,0.19728556318966978,0.518334676429919
2025,08,CHE.4.4_1,0.2783058993242263,0.49897702681856687
2025,08,CHE.4.5_1,0.20242415402928968,0.47995519350947674
2025,08,CHE.5.1_1,0.0513057016639678,0.6440000000000078
2025,08,CHE.5.2_1,0.05309250008497349,0.5670000000000067
2025,08,CHE.5.3_1,0.05277724029544778,0.586000000000007
2025,08,CHE.6.10_1,0.12120955334916321,0.28509273063038604
2025,08,CHE.6.11_1,0.24712828247578753,0.3843678179267882
2025,08,CHE.6.12_1,0.2816351628471888,0.443261805116646
2025,08,CHE.6.13_1,0.11645317373560958,0.44414293383588305
2025,08,CHE.6.14_1,0.17241456718659712,0.45597338292530065
2025,08,CHE.6.15_1,0.25004061507512226,0.3782582405151305
2025,08,CHE.6.16_1,0.26435285756025456,0.5754394329366586
2025,08,CHE.6.17_1,0.15926434431833408,0.4132620786476554
2025,08,CHE.6.18_1,0.11253265476630948,0.2882916635490407
2025,08,CHE.6.19_1,0.08853309616033807,0.24069709554812865
2025,08,CHE.6.1_1,0.18205338172784005,0.4898170057041586
2025,08,CHE.6.20_1,0.07000445449949094,0.1902039977454997
2025,08,CHE.6.21_1,0.09815316326837407,0.34769178071240303
2025,08,CHE.6.22_1,0.2633543340470149,0.4547426815585654
2025,08,CHE.6.23_1,0.14639354700421905,0.344262341478242
2025,08,CHE.6.24_1,0.26481071373701554,0.44058631751483357
2025,08,CHE.6.25_1,0.16180607947127446,0.42041626649813446
2025,08,CHE.6.26_1,0.26655100584770003,0.49161714655119576
2025,08,CHE.6.2_1,0.25655345906460597,0.4957837246967274
2025,08,CHE.6.3_1,0.19071660323051787,0.510640115284022
2025,08,CHE.6.4_1,0.09141631559743613,0.559890211188959
2025,08,CHE.6.5_1,0.19669388979744074,0.4949186669068718
2025,08,CHE.6.6_1,0.2570053524542305,0.5104703676840693
2025,08,CHE.6.7_1,0.20931006004024816,0.3920733790757781
2025,08,CHE.6.8_1,0.19128733185576588,0.5479926009708457
2025,08,CHE.6.9_1,0.2692763633032749,0.46322770396030916
2025,08,CHE.7.1_1,0.30215310676842977,0.5277971205644408
2025,08,CHE.7.2_1,0.2356050879515676,0.44001878289283713
2025,08,CHE.7.3_1,0.2738119473459364,0.4116312706949006
2025,08,CHE.7.4_1,0.31339238503997763,0.48203001458007727
2025,08,CHE.7.5_1,0.15665881027595085,0.47580264347573487
2025,08,CHE.7.6_1,0.27872372226421366,0.5582942787511158
2025,08,CHE.7.7_1,0.2253661912804372,0.4452223397458735
2025,08,CHE.8.1_1,0.3105434131309881,0.9628350961555526
2025,08,CHE.9.1_1,0.13839630358613197,0.15576679509549915
2025,08,CYP.1_1,0.05340396400905697,0.4600000000000055
2025,08,CYP.2_1,0.03469438022245262,0.11900000000000141
2025,08,CYP.3_1,0.03494498203064063,0.12100000000000133
2025,08,CYP.4_1,0.032002042053678445,0.09900000000000116
2025,08,CYP.5_1,0.05268088876751247,0.4090000000000049
2025,08,CZE.1.1_1,0,0
2025,08,CZE.1.2_1,0,0
2025,08,CZE.1.3_1,0.05038393349990406,0.330000000000004
2025,08,CZE.1.4_1,0.050685652722861733,0.3380000000000041
2025,08,CZE.1.5_1,0.049512626180506725,0.3090000000000036
2025,08,CZE.1.6_1,0.05006572177490077,0.3220000000000039
2025,08,CZE.1.7_1,0.0512407630973479,0.3540000000000043
2025,08,CZE.10.1_1,0.05072222283022649,0.339000000000004
2025,08,CZE.10.2_1,0.04891362885356912,0.29600000000000354
2025,08,CZE.10.3_1,0.050685652722861733,0.3380000000000041
2025,08,CZE.10.4_1,0.04933328336164075,0.30500000000000355
2025,08,CZE.10.5_1,0.049423500735211304,0.3070000000000036
2025,08,CZE.10.6_1,0.04968762471758899,0.31300000000000366
2025,08,CZE.10.7_1,0.04891362885356912,0.29600000000000354
2025,08,CZE.11.10_1,0.05316219594459568,0.43800000000000516
2025,08,CZE.11.11_1,0.050685652722861733,0.3380000000000041
2025,08,CZE.11.12_1,0.052088238130114865,0.6170000000000073
2025,08,CZE.11.13_1,0.05057442164057074,0.33500000000000396
2025,08,CZE.11.14_1,0.050460897645129024,0.332000000000004
2025,08,CZE.11.15_1,0.051040053228812075,0.3480000000000041
2025,08,CZE.11.16_1,0.05216455857932832,0.6140000000000073
2025,08,CZE.11.17_1,0.05355467559322556,0.48600000000000576
2025,08,CZE.11.18_1,0.05022690841087985,0.32600000000000395
2025,08,CZE.11.19_1,0.049942076582592816,0.31900000000000384
2025,08,CZE.11.20_1,0.05350319802512884,0.4740000000000056
2025,08,CZE.11.21_1,0.05140128045743867,0.35900000000000426
2025,08,CZE.11.22_1,0.05136966412533064,0.35800000000000415
2025,08,CZE.11.2_1,0.05355467559322556,0.48600000000000576
2025,08,CZE.11.3_1,0.050460897645129024,0.332000000000004
2025,08,CZE.11.4_1,0.05006572177490077,0.3220000000000039
2025,08,CZE.11.5_1,0.04964427982782348,0.3120000000000038
2025,08,CZE.11.6_1,0.04973070095725172,0.3140000000000038
2025,08,CZE.11.7_1,0.05140128045743867,0.35900000000000426
2025,08,CZE.11.8_1,0.05022690841087985,0.32600000000000395
2025,08,CZE.11.9_1,0.053444259769720545,0.46500000000000563
2025,08,CZE.12.10_1,0.05022690841087985,0.32600000000000395
2025,08,CZE.12.11_1,0.049512626180506725,0.3090000000000036
2025,08,CZE.12.12_1,0.04784461332301269,0.2750000000000033
2025,08,CZE.12.1_1,0.05079460595521066,0.341000000000004
2025,08,CZE.12.2_1,0.04795200070338009,0.2770000000000033
2025,08,CZE.12.3_1,0.046822938693964276,0.25700000000000306
2025,08,CZE.12.4_1,0.04871982878112186,0.29200000000000337
2025,08,CZE.12.5_1,0.049287763330816435,0.30400000000000366
2025,08,CZE.12.6_1,0.04871982878112186,0.29200000000000337
2025,08,CZE.12.7_1,0.04933328336164075,0.30500000000000355
2025,08,CZE.12.8_1,0.0513057016639678,0.3560000000000042
2025,08,CZE.12.9_1,0.04871982878112186,0.29200000000000337
2025,08,CZE.13.1_1,0,0
2025,08,CZE.13.2_1,0,0
2025,08,CZE.13.3_1,0.04857148935727952,0.2890000000000035
2025,08,CZE.13.4_1,0.04842056148832926,0.2860000000000034
2025,08,CZE.13.5_1,0,0
2025,08,CZE.13.6_1,0,0
2025,08,CZE.13.7_1,0,0
2025,08,CZE.14.1_1,0.04905601906281753,0.2990000000000036
2025,08,CZE.14.2_1,0.05022690841087985,0.32600000000000395
2025,08,CZE.14.3_1,0.0501468377700579,0.3240000000000038
2025,08,CZE.14.4_1,0.050685652722861733,0.3380000000000041
2025,08,CZE.2.1_1,0.05061175268316719,0.3360000000000041
2025,08,CZE.2.2_1,0.051733139566526816,0.3700000000000044
2025,08,CZE.2.3_1,0.049942076582592816,0.31900000000000384
2025,08,CZE.2.4_1,0.05018700344551615,0.32500000000000384
2025,08,CZE.2.5_1,0.05072222283022649,0.339000000000004
2025,08,CZE.2.6_1,0.049287763330816435,0.30400000000000366
2025,08,CZE.2.7_1,0.049942076582592816,0.31900000000000384
2025,08,CZE.3.1_1,0.04768127286123926,0.27200000000000324
2025,08,CZE.3.2_1,0.045892316978621395,0.24200000000000277
2025,08,CZE.3.3_1,0,0
2025,08,CZE.4.1_1,0.049942076582592816,0.31900000000000384
2025,08,CZE.4.2_1,0,0
2025,08,CZE.4.3_1,0.04998355533603743,0.3200000000000037
2025,08,CZE.4.4_1,0.051040053228812075,0.3480000000000041
2025,08,CZE.4.5_1,0.05072222283022649,0.339000000000004
2025,08,CZE.5.1_1,0.05127335462430599,0.3550000000000042
2025,08,CZE.5.2_1,0.04910292306494889,0.3000000000000036
2025,08,CZE.5.3_1,0,0
2025,08,CZE.5.4_1,0,0
2025,08,CZE.5.5_1,0,0
2025,08,CZE.6.1_1,0.04905601906281753,0.2990000000000036
2025,08,CZE.6.3_1,0.049512626180506725,0.3090000000000036
2025,08,CZE.6.4_1,0,0
2025,08,CZE.7.1_1,0,0
2025,08,CZE.7.2_1,0.051040053228812075,0.3480000000000041
2025,08,CZE.7.4_1,0.051674959779282624,0.3680000000000044
2025,08,CZE.7.5_1,0,0
2025,08,CZE.8.1_1,0,0
2025,08,CZE.8.2_1,0,0
2025,08,CZE.8.3_1,0.05110794270935273,0.35000000000000414
2025,08,CZE.8.4_1,0.049600665583653634,0.31100000000000366
2025,08,CZE.8.5_1,0,0
2025,08,CZE.9.1_1,0.050536835833531336,0.3340000000000039
2025,08,CZE.9.2_1,0.05064882952464797,0.3370000000000041
2025,08,CZE.9.3_1,0.05038393349990406,0.330000000000004
2025,08,CZE.9.4_1,0,0
2025,08,DEU.1.10_1,0.24478329551248976,0.9444067746022952
2025,08,DEU.1.11_1,0.17219740740837564,0.5997953628370782
2025,08,DEU.1.12_1,0.039675532248124916,0.8360000000000098
2025,08,DEU.1.13_1,0.1873848498262175,0.9301628252769927
2025,08,DEU.1.14_1,0.16669215537149365,0.5454102345557388
2025,08,DEU.1.15_1,0.046941469908962384,0.7410000000000088
2025,08,DEU.1.16_1,0.11682403062580642,0.729375755463127
2025,08,DEU.1.17_1,0.045498845780142134,0.7640000000000091
2025,08,DEU.1.18_1,0.31195556488373255,0.9510245520676683
2025,08,DEU.1.19_1,0.09472871350590029,0.4719588876245027
2025,08,DEU.1.1_1,0.35349614586780265,0.929052038758266
2025,08,DEU.1.20_1,0.045297406923156314,0.7670000000000091
2025,08,DEU.1.21_1,0.25771976628700605,0.9539643731663998
2025,08,DEU.1.22_1,0.21879898975938722,0.977590852831152
2025,08,DEU.1.23_1,0.2719191894089415,0.9574072712970619
2025,08,DEU.1.24_1,0.28447431640147086,0.9561204909217962
2025,08,DEU.1.25_1,0.16088023329826415,0.7579936629405785
2025,08,DEU.1.26_1,0.04445929425769278,0.7790000000000092
2025,08,DEU.1.27_1,0.24489112843757124,0.9320417333434643
2025,08,DEU.1.28_1,0.3143336317906795,0.9747967365238064
2025,08,DEU.1.29_1,0.31063261378293233,0.921589541647435
2025,08,DEU.1.2_1,0.04543205145085558,0.7650000000000091
2025,08,DEU.1.30_1,0.04602073067449038,0.756000000000009
2025,08,DEU.1.31_1,0.21025071552189845,0.9701436816269401
2025,08,DEU.1.32_1,0.27821762098373143,0.9666895423893568
2025,08,DEU.1.33_1,0.11512879156177004,0.411091201975621
2025,08,DEU.1.34_1,0.24741108121899363,0.9239372258121769
2025,08,DEU.1.35_1,0.331998204966452,0.964342498349268
2025,08,DEU.1.36_1,0.21458116495854412,0.9337009462014008
2025,08,DEU.1.37_1,0.1260446671309095,0.45191129647935374
2025,08,DEU.1.38_1,0.20861982334792675,0.9357158787580233
2025,08,DEU.1.39_1,0.22920450434999035,0.9492661486322062
2025,08,DEU.1.3_1,0.3044164558496957,0.9586588226669861
2025,08,DEU.1.40_1,0.045092776751239565,0.7700000000000091
2025,08,DEU.1.41_1,0.18130491866554496,0.9292614245513345
2025,08,DEU.1.42_1,0.2821049162604954,0.924565637439754
2025,08,DEU.1.43_1,0.045023850011640235,0.7710000000000091
2025,08,DEU.1.44_1,0.2546953632906491,0.9615203858515076
2025,08,DEU.1.45_1,0.23972679150327844,0.9169940124408498
2025,08,DEU.1.4_1,0.17024254240164954,0.7351883631976347
2025,08,DEU.1.5_1,0.0312698447059488,0.9060000000000108
2025,08,DEU.1.6_1,0.19534522175533087,0.9867007271312384
2025,08,DEU.1.7_1,0.31275168248241786,0.9726084372761181
2025,08,DEU.1.8_1,0.2333040260569577,0.9409389916246678
2025,08,DEU.1.9_1,0.2093198511824506,0.9769445721947267
2025,08,DEU.10.10_1,0.051733139566526816,0.3700000000000044
2025,08,DEU.10.11_1,0.0876090012601093,0.1530385830096503
2025,08,DEU.10.12_1,0.051207926616278265,0.3530000000000043
2025,08,DEU.10.13_1,0.07016990884377203,0.07746963920925312
2025,08,DEU.10.14_1,0.05133780467847467,0.3570000000000042
2025,08,DEU.10.15_1,0,0
2025,08,DEU.10.16_1,0,0
2025,08,DEU.10.17_1,0,0
2025,08,DEU.10.18_1,0.12443968973765279,0.2615582654454327
2025,08,DEU.10.19_1,0,0
2025,08,DEU.10.1_1,0,0
2025,08,DEU.10.20_1,0,0
2025,08,DEU.10.21_1,0,0
2025,08,DEU.10.22_1,0,0
2025,08,DEU.10.23_1,0.2040227508508296,0.4086956989031874
2025,08,DEU.10.24_1,0.05211391101315951,0.38400000000000456
2025,08,DEU.10.25_1,0.05231093973486073,0.3920000000000047
2025,08,DEU.10.26_1,0.052536521867152866,0.4020000000000048
2025,08,DEU.10.27_1,0.06963643326799307,0.05239042290356517
2025,08,DEU.10.28_1,0,0
2025,08,DEU.10.29_1,0.1635075727569395,0.4368475216310958
2025,08,DEU.10.2_1,0.05170416888621893,0.3690000000000044
2025,08,DEU.10.30_1,0,0
2025,08,DEU.10.31_1,0.05079460595521066,0.341000000000004
2025,08,DEU.10.32_1,0.05117484470957062,0.35200000000000414
2025,08,DEU.10.33_1,0,0
2025,08,DEU.10.34_1,0.0501468377700579,0.035557506584723876
2025,08,DEU.10.35_1,0.05143265412313631,0.36000000000000426
2025,08,DEU.10.36_1,0,0
2025,08,DEU.10.37_1,0,0
2025,08,DEU.10.38_1,0.07116706029216693,0.09139904398491214
2025,08,DEU.10.39_1,0.05149467522603414,0.36200000000000426
2025,08,DEU.10.3_1,0.05149467522603414,0.36200000000000426
2025,08,DEU.10.40_1,0.15692777099127955,0.36167062692813995
2025,08,DEU.10.41_1,0.14239351813244158,0.3803411987509438
2025,08,DEU.10.42_1,0.1326326129884984,0.1604532430954884
2025,08,DEU.10.43_1,0.07079324383458037,0.1089770268903106
2025,08,DEU.10.44_1,0.06786531186451118,0.06655505225449344
2025,08,DEU.10.45_1,0,0
2025,08,DEU.10.46_1,0.05042254410927727,0.3310000000000039
2025,08,DEU.10.47_1,0.0695038287083592,0.08087521532581084
2025,08,DEU.10.48_1,0,0
2025,08,DEU.10.49_1,0,0
2025,08,DEU.10.4_1,0.12347975389271756,0.1585486311788814
2025,08,DEU.10.50_1,0.15017893273305716,0.37165820815776063
2025,08,DEU.10.51_1,0,0
2025,08,DEU.10.52_1,0.181661034064044,0.3845482847778663
2025,08,DEU.10.53_1,0.050536835833531336,0.3340000000000039
2025,08,DEU.10.5_1,0.049287763330816435,0.30400000000000366
2025,08,DEU.10.6_1,0,0
2025,08,DEU.10.7_1,0,0
2025,08,DEU.10.8_1,0.05136966412533064,0.35800000000000415
2025,08,DEU.10.9_1,0.10076860760216966,0.12141587024179179
2025,08,DEU.11.10_1,0.20603696965340978,0.029529909800384963
2025,08,DEU.11.11_1,0.053444259769720545,0.5350000000000064
2025,08,DEU.11.12_1,0.2859446092865366,0.42673143002593045
2025,08,DEU.11.13_1,0.050305938688955956,0.32800000000000396
2025,08,DEU.11.14_1,0.3586708089777103,0.4109943267612345
2025,08,DEU.11.15_1,0,0
2025,08,DEU.11.16_1,0.4799268390034388,0.3425772288112093
2025,08,DEU.11.17_1,0.05127335462430599,0.3550000000000042
2025,08,DEU.11.18_1,0.05251499110952353,0.4010000000000048
2025,08,DEU.11.19_1,0.4199253157137471,0.4916447157496469
2025,08,DEU.11.1_1,0,0
2025,08,DEU.11.20_1,0.051463785566230866,0.36100000000000426
2025,08,DEU.11.21_1,0,0
2025,08,DEU.11.22_1,0.05100573695345546,0.3470000000000041
2025,08,DEU.11.23_1,0,0
2025,08,DEU.11.24_1,0.049816050269563004,0.3160000000000037
2025,08,DEU.11.25_1,0.048110842555305545,0.0028305701577031944
2025,08,DEU.11.26_1,0.13870585602034793,0.02200969668294332
2025,08,DEU.11.27_1,0.26208288038991384,0.5185602607577223
2025,08,DEU.11.28_1,0.05216455857932832,0.3860000000000046
2025,08,DEU.11.29_1,0.44105605619280186,0.431231463966533
2025,08,DEU.11.2_1,0,0
2025,08,DEU.11.30_1,0.45816328948276835,0.3855149894938453
2025,08,DEU.11.31_1,0.14064439872443765,0.03471177893005591
2025,08,DEU.11.32_1,0,0
2025,08,DEU.11.33_1,0,0
2025,08,DEU.11.34_1,0,0
2025,08,DEU.11.35_1,0.051733139566526816,0.3700000000000044
2025,08,DEU.11.36_1,0.051040053228812075,0.3480000000000041
2025,08,DEU.11.3_1,0.4333882940583343,0.5088215889177277
2025,08,DEU.11.4_1,0.3567085281625894,0.4757234171226489
2025,08,DEU.11.5_1,0.2254783964922503,0.08027635288797881
2025,08,DEU.11.6_1,0,0
2025,08,DEU.11.7_1,0.11519190126602596,0.022477559952172977
2025,08,DEU.11.8_1,0,0
2025,08,DEU.11.9_1,0.4405753020825927,0.3746757051353684
2025,08,DEU.12.1_1,0.10168901433327839,0.2505997298825322
2025,08,DEU.12.2_1,0.0716539838285439,0.13107784620814966
2025,08,DEU.12.3_1,0.07262420260891,0.10264380959006081
2025,08,DEU.12.4_1,0.18430367681686285,0.4120489702089254
2025,08,DEU.12.5_1,0.08828589564919002,0.19668696844877998
2025,08,DEU.12.6_1,0.08763848320422424,0.1678517268580848
2025,08,DEU.13.10_1,0.0961764512409552,0.06777161641382637
2025,08,DEU.13.11_1,0.04891362885356912,0.020589872008903963
2025,08,DEU.13.12_1,0,0
2025,08,DEU.13.13_1,0,0
2025,08,DEU.13.14_1,0,0
2025,08,DEU.13.1_1,0,0
2025,08,DEU.13.2_1,0,0
2025,08,DEU.13.3_1,0,0
2025,08,DEU.13.4_1,0.15983937981091037,0.12280540224753402
2025,08,DEU.13.5_1,0,0
2025,08,DEU.13.6_1,0,0
2025,08,DEU.13.7_1,0.06530706348324553,0.03192898584603681
2025,08,DEU.13.8_1,0,0
2025,08,DEU.13.9_1,0,0
2025,08,DEU.14.10_1,0,0
2025,08,DEU.14.11_1,0,0
2025,08,DEU.14.12_1,0.10790780649799091,0.05074479934546532
2025,08,DEU.14.13_1,0.13254277080620086,0.09726833679036233
2025,08,DEU.14.1_1,0,0
2025,08,DEU.14.2_1,0,0
2025,08,DEU.14.3_1,0,0
2025,08,DEU.14.4_1,0,0
2025,08,DEU.14.5_1,0,0
2025,08,DEU.14.6_1,0,0
2025,08,DEU.14.7_1,0.1089472249920509,0.060292119080024235
2025,08,DEU.14.8_1,0,0
2025,08,DEU.14.9_1,0.048369672812695,0.007327419976860903
2025,08,DEU.15.10_1,0,0
2025,08,DEU.15.11_1,0,0
2025,08,DEU.15.12_1,0,0
2025,08,DEU.15.13_1,0,0
2025,08,DEU.15.14_1,0,0
2025,08,DEU.15.15_1,0,0
2025,08,DEU.15.1_1,0,0
2025,08,DEU.15.2_1,0,0
2025,08,DEU.15.3_1,0,0
2025,08,DEU.15.4_1,0,0
2025,08,DEU.15.5_1,0,0
2025,08,DEU.15.6_1,0,0
2025,08,DEU.15.7_1,0,0
2025,08,DEU.15.8_1,0,0
2025,08,DEU.15.9_1,0,0
2025,08,DEU.16.10_1,0.048005245556371486,0.2780000000000033
2025,08,DEU.16.11_1,0.3154878410277573,0.3511629062362122
2025,08,DEU.16.12_1,0.24624600124663049,0.30908456880332247
2025,08,DEU.16.13_1,0.44929833905037186,0.2977732036625552
2025,08,DEU.16.14_1,0.39039947239939604,0.2860083422378213
2025,08,DEU.16.15_1,0.2867974831857127,0.2910664522169921
2025,08,DEU.16.16_1,0.3780640833183134,0.32623347036805705
2025,08,DEU.16.17_1,0.3700060524278219,0.41272607972516506
2025,08,DEU.16.18_1,0.16195250573702913,0.33694879350787
2025,08,DEU.16.19_1,0.04805819251250511,0.27900000000000336
2025,08,DEU.16.1_1,0.3038283267887456,0.36486131637058383
2025,08,DEU.16.20_1,0.31162151266868415,0.3396167846779545
2025,08,DEU.16.21_1,0.3378018555081963,0.32740695671993403
2025,08,DEU.16.22_1,0.37959906414504024,0.3508194035803917
2025,08,DEU.16.23_1,0.048005245556371486,0.2780000000000033
2025,08,DEU.16.2_1,0.4178103556993665,0.2953859798149779
2025,08,DEU.16.3_1,0.047459224381707715,0.2680000000000032
2025,08,DEU.16.4_1,0.04910292306494889,0.3000000000000036
2025,08,DEU.16.5_1,0.04910292306494889,0.3000000000000036
2025,08,DEU.16.6_1,0.33727463767001037,0.3682055150726535
2025,08,DEU.16.7_1,0.3254347063147371,0.33385623983728746
2025,08,DEU.16.8_1,0.2925851496125464,0.32651085162403215
2025,08,DEU.16.9_1,0.3121753400277559,0.3331813596035515
2025,08,DEU.2.10_1,0.12477291955138069,0.05197608979091734
2025,08,DEU.2.11_1,0.25159956831391456,0.18685641767833927
2025,08,DEU.2.12_1,0.22265114684223652,0.28652490565802996
2025,08,DEU.2.13_1,0,0
2025,08,DEU.2.14_1,0.11619793370405594,0.03765138934385737
2025,08,DEU.2.15_1,0,0
2025,08,DEU.2.16_1,0.07219855323974037,0.014452402445175044
2025,08,DEU.2.17_1,0.18794352081981636,0.2803410803778519
2025,08,DEU.2.18_1,0.2756889205978061,0.24223056306722002
2025,08,DEU.2.19_1,0,0
2025,08,DEU.2.1_1,0.1346793317248219,0.10415594169489518
2025,08,DEU.2.20_1,0.11556765014437366,0.08228937724180793
2025,08,DEU.2.21_1,0.19130035614814864,0.2827436672582248
2025,08,DEU.2.22_1,0,0
2025,08,DEU.2.23_1,0,0
2025,08,DEU.2.24_1,0,0
2025,08,DEU.2.25_1,0.11558617706073673,0.03989319434680663
2025,08,DEU.2.26_1,0.22250604205719413,0.2689204455877098
2025,08,DEU.2.27_1,0.24835522426142345,0.25028051630774584
2025,08,DEU.2.28_1,0.2321093667055012,0.2680136738081211
2025,08,DEU.2.29_1,0.07546301609386835,0.02283828068480958
2025,08,DEU.2.2_1,0.22796240263248815,0.288584271257624
2025,08,DEU.2.30_1,0.044954562190896045,0.2280000000000028
2025,08,DEU.2.31_1,0.044387055941613525,0.22000000000000258
2025,08,DEU.2.32_1,0,0
2025,08,DEU.2.33_1,0.22404809320867655,0.269822026342576
2025,08,DEU.2.34_1,0.09858158308594213,0.03388982649399659
2025,08,DEU.2.35_1,0.22091994419120559,0.27721092546965515
2025,08,DEU.2.36_1,0.09028092102401736,0.08131986542428712
2025,08,DEU.2.37_1,0.21672819346992353,0.26577866187559135
2025,08,DEU.2.38_1,0.04536490568613739,0.008414239482200759
2025,08,DEU.2.39_1,0.21129898262960994,0.2003970875767211
2025,08,DEU.2.3_1,0.22474530264483458,0.20507929150158066
2025,08,DEU.2.40_1,0,0
2025,08,DEU.2.41_1,0.05821702260562266,0.01401351081640484
2025,08,DEU.2.42_1,0.046941469908962384,0.25900000000000306
2025,08,DEU.2.43_1,0,0
2025,08,DEU.2.44_1,0.1598590602796873,0.12282706356871533
2025,08,DEU.2.45_1,0,0
2025,08,DEU.2.46_1,0.24631660588478188,0.2457186273507386
2025,08,DEU.2.47_1,0.08718072194579049,0.04599310849391868
2025,08,DEU.2.48_1,0,0
2025,08,DEU.2.49_1,0.25961751422505036,0.27402388990048027
2025,08,DEU.2.4_1,0.043335275329871956,0.2060000000000024
2025,08,DEU.2.50_1,0,0
2025,08,DEU.2.51_1,0.12823726292397408,0.0685322436597438
2025,08,DEU.2.52_1,0,0
2025,08,DEU.2.53_1,0.15028275629674503,0.20553921694910837
2025,08,DEU.2.54_1,0.049468199578330686,0.3080000000000037
2025,08,DEU.2.55_1,0.29645699424967525,0.20901473014912045
2025,08,DEU.2.56_1,0.0470002569951276,0.2600000000000031
2025,08,DEU.2.57_1,0.1889466552166393,0.2712657328989435
2025,08,DEU.2.58_1,0.25909664807832855,0.24629223908813594
2025,08,DEU.2.59_1,0.2547261278561814,0.2601248120944456
2025,08,DEU.2.5_1,0,0
2025,08,DEU.2.60_1,0.268759883832598,0.321101843782759
2025,08,DEU.2.61_1,0.10204579595225921,0.07139119634544906
2025,08,DEU.2.62_1,0.19472129857471338,0.2799227094557182
2025,08,DEU.2.63_1,0.18638030133597264,0.2195062302152198
2025,08,DEU.2.64_1,0.10188178988893651,0.03456765007106929
2025,08,DEU.2.65_1,0.2658896673732838,0.203643576278537
2025,08,DEU.2.66_1,0.15725301236447797,0.09139623616176293
2025,08,DEU.2.67_1,0.045498845780142134,0.2360000000000028
2025,08,DEU.2.68_1,0.04652097070399121,0.011483776886620637
2025,08,DEU.2.69_1,0.14460428740696327,0.06760779927520513
2025,08,DEU.2.6_1,0.07578041034579852,0.013543298391747111
2025,08,DEU.2.70_1,0,0
2025,08,DEU.2.71_1,0,0
2025,08,DEU.2.72_1,0.19842126642830568,0.2654983974079464
2025,08,DEU.2.73_1,0.11847631742602635,0.08481560364393716
2025,08,DEU.2.74_1,0.045892316978621395,0.24200000000000277
2025,08,DEU.2.75_1,0.29246852091666464,0.25692360616765025
2025,08,DEU.2.76_1,0.2771530843178712,0.20063312073293066
2025,08,DEU.2.77_1,0.049287763330816435,0.30400000000000366
2025,08,DEU.2.78_1,0.3236588103786135,0.29280044222134244
2025,08,DEU.2.79_1,0.11587180119615238,0.08549030186030017
2025,08,DEU.2.7_1,0.04563138629739239,0.23800000000000282
2025,08,DEU.2.80_1,0.11424199712221655,0.06371456569099986
2025,08,DEU.2.81_1,0.04488491161682869,0.22700000000000267
2025,08,DEU.2.82_1,0.24769290813598835,0.2083583764106676
2025,08,DEU.2.83_1,0.04481489659808248,0.22600000000000267
2025,08,DEU.2.84_1,0.2571328199672708,0.2269310060794887
2025,08,DEU.2.85_1,0.18260066743056294,0.30075181549073915
2025,08,DEU.2.86_1,0.13874425842906493,0.06955912738298492
2025,08,DEU.2.87_1,0,0
2025,08,DEU.2.88_1,0.2079111985649423,0.1826852203637906
2025,08,DEU.2.89_1,0.28913758352643365,0.30934141303212315
2025,08,DEU.2.8_1,0.2719648926447974,0.2178597929323496
2025,08,DEU.2.90_1,0.09265563654153412,0.024647819489723236
2025,08,DEU.2.91_1,0.044387055941613525,0.22000000000000258
2025,08,DEU.2.92_1,0.04186534149039199,0.18800000000000228
2025,08,DEU.2.93_1,0.2730530000845007,0.2928147202522818
2025,08,DEU.2.94_1,0.10583620585619907,0.055302744869967994
2025,08,DEU.2.95_1,0.10581955242662762,0.052902186873182676
2025,08,DEU.2.96_1,0.32588992639118997,0.23921586392265398
2025,08,DEU.2.9_1,0,0
2025,08,DEU.3.1_1,0,0
2025,08,DEU.4.10_1,0,0
2025,08,DEU.4.11_1,0,0
2025,08,DEU.4.12_1,0,0
2025,08,DEU.4.13_1,0,0
2025,08,DEU.4.14_1,0,0
2025,08,DEU.4.15_1,0,0
2025,08,DEU.4.16_1,0,0
2025,08,DEU.4.17_1,0,0
2025,08,DEU.4.18_1,0,0
2025,08,DEU.4.1_1,0,0
2025,08,DEU.4.2_1,0,0
2025,08,DEU.4.3_1,0,0
2025,08,DEU.4.4_1,0,0
2025,08,DEU.4.5_1,0,0
2025,08,DEU.4.6_1,0,0
2025,08,DEU.4.7_1,0,0
2025,08,DEU.4.8_1,0,0
2025,08,DEU.4.9_1,0,0
2025,08,DEU.5.1_1,0,0
2025,08,DEU.5.2_1,0,0
2025,08,DEU.6.1_1,0,0
2025,08,DEU.7.10_1,0,0
2025,08,DEU.7.11_1,0,0
2025,08,DEU.7.12_1,0.10694489746874834,0.17350926522671012
2025,08,DEU.7.13_1,0.0754363858021726,0.11557093593463379
2025,08,DEU.7.14_1,0.2894428653271622,0.7416927753704388
2025,08,DEU.7.15_1,0.17693899048857067,0.8200305662837832
2025,08,DEU.7.16_1,0.24993488903032451,0.6939657530279395
2025,08,DEU.7.17_1,0.20479445591491438,0.719247014080108
2025,08,DEU.7.18_1,0.05281420996424385,0.584000000000007
2025,08,DEU.7.19_1,0.18804835206474574,0.7742311713552457
2025,08,DEU.7.1_1,0.2531382174557759,0.7439872495678034
2025,08,DEU.7.20_1,0.21911782994990717,0.7082231255191047
2025,08,DEU.7.21_1,0.05353698576214796,0.03842736561528261
2025,08,DEU.7.22_1,0.13049918676225367,0.31294643729110255
2025,08,DEU.7.23_1,0.09246895654839911,0.14486617939583152
2025,08,DEU.7.24_1,0.09266040714262212,0.1726783438367821
2025,08,DEU.7.25_1,0.2645677810800826,0.7349579823914221
2025,08,DEU.7.26_1,0.05320137997392377,0.5590000000000066
2025,08,DEU.7.2_1,0.25403857178742706,0.7295810996602301
2025,08,DEU.7.3_1,0.05257890184037298,0.596000000000007
2025,08,DEU.7.4_1,0.05310687896503434,0.5660000000000067
2025,08,DEU.7.5_1,0.16020218126974853,0.349814429145238
2025,08,DEU.7.6_1,0.12962954692089482,0.3553365927474965
2025,08,DEU.7.7_1,0.1961477035519747,0.7625604566407731
2025,08,DEU.7.8_1,0.10697683177329911,0.1921712792404317
2025,08,DEU.7.9_1,0.192343560876012,0.6798528893773887
2025,08,DEU.8.1_1,0,0
2025,08,DEU.8.2_1,0,0
2025,08,DEU.8.3_1,0,0
2025,08,DEU.8.4_1,0,0
2025,08,DEU.8.5_1,0,0
2025,08,DEU.8.6_1,0,0
2025,08,DEU.8.7_1,0,0
2025,08,DEU.8.8_1,0,0
2025,08,DEU.9.10_1,0.07100239338487595,0.015894635474302664
2025,08,DEU.9.11_1,0,0
2025,08,DEU.9.12_1,0,0
2025,08,DEU.9.13_1,0.04676319213930411,0.03033175355450282
2025,08,DEU.9.14_1,0.08499940144811435,0.04302009713745876
2025,08,DEU.9.15_1,0.1544185349538458,0.16520263121115517
2025,08,DEU.9.16_1,0.13718877332806997,0.3260527745867735
2025,08,DEU.9.17_1,0,0
2025,08,DEU.9.18_1,0,0
2025,08,DEU.9.19_1,0,0
2025,08,DEU.9.1_1,0,0
2025,08,DEU.9.20_1,0.04847115986701683,0.009962856250217096
2025,08,DEU.9.21_1,0.127863456733318,0.0695763711495046
2025,08,DEU.9.22_1,0,0
2025,08,DEU.9.23_1,0,0
2025,08,DEU.9.24_1,0,0
2025,08,DEU.9.25_1,0,0
2025,08,DEU.9.26_1,0,0
2025,08,DEU.9.27_1,0,0
2025,08,DEU.9.28_1,0,0
2025,08,DEU.9.29_1,0,0
2025,08,DEU.9.2_1,0,0
2025,08,DEU.9.30_1,0,0
2025,08,DEU.9.31_1,0,0
2025,08,DEU.9.32_1,0.12803287620411533,0.19182948378293702
2025,08,DEU.9.33_1,0,0
2025,08,DEU.9.34_1,0.0695038287083592,0.03978950971164588
2025,08,DEU.9.35_1,0,0
2025,08,DEU.9.36_1,0,0
2025,08,DEU.9.37_1,0.10882327429315683,0.05238490086309584
2025,08,DEU.9.38_1,0,0
2025,08,DEU.9.39_1,0,0
2025,08,DEU.9.3_1,0,0
2025,08,DEU.9.40_1,0,0
2025,08,DEU.9.41_1,0,0
2025,08,DEU.9.42_1,0,0
2025,08,DEU.9.43_1,0,0
2025,08,DEU.9.44_1,0,0
2025,08,DEU.9.45_1,0,0
2025,08,DEU.9.46_1,0,0
2025,08,DEU.9.4_1,0,0
2025,08,DEU.9.5_1,0,0
2025,08,DEU.9.6_1,0,0
2025,08,DEU.9.7_1,0,0
2025,08,DEU.9.8_1,0,0
2025,08,DEU.9.9_1,0,0
2025,08,DNK.1.10_1,0,0
2025,08,DNK.1.11_1,0,0
2025,08,DNK.1.12_1,0,0
2025,08,DNK.1.13_1,0,0
2025,08,DNK.1.14_1,0,0
2025,08,DNK.1.15_1,0,0
2025,08,DNK.1.16_1,0,0
2025,08,DNK.1.17_1,0,0
2025,08,DNK.1.18_1,0,0
2025,08,DNK.1.19_1,0,0
2025,08,DNK.1.1_1,0,0
2025,08,DNK.1.20_1,0,0
2025,08,DNK.1.21_1,0,0
2025,08,DNK.1.22_1,0,0
2025,08,DNK.1.23_1,0,0
2025,08,DNK.1.24_1,0,0
2025,08,DNK.1.25_1,0,0
2025,08,DNK.1.26_1,0,0
2025,08,DNK.1.27_1,0,0
2025,08,DNK.1.28_1,0,0
2025,08,DNK.1.2_1,0,0
2025,08,DNK.1.30_1,0,0
2025,08,DNK.1.3_1,0,0
2025,08,DNK.1.5_1,0,0
2025,08,DNK.1.8_1,0,0
2025,08,DNK.1.9_1,0,0
2025,08,DNK.2.10_1,0,0
2025,08,DNK.2.11_1,0,0
2025,08,DNK.2.12_1,0,0
2025,08,DNK.2.14_1,0,0
2025,08,DNK.2.15_1,0,0
2025,08,DNK.2.16_1,0,0
2025,08,DNK.2.17_1,0,0
2025,08,DNK.2.18_1,0,0
2025,08,DNK.2.19_1,0,0
2025,08,DNK.2.1_1,0,0
2025,08,DNK.2.2_1,0,0
2025,08,DNK.2.3_1,0,0
2025,08,DNK.2.4_1,0,0
2025,08,DNK.2.5_1,0,0
2025,08,DNK.2.6_1,0,0
2025,08,DNK.2.7_1,0,0
2025,08,DNK.2.8_1,0,0
2025,08,DNK.2.9_1,0,0
2025,08,DNK.2_1,0,0
2025,08,DNK.3.10_1,0,0
2025,08,DNK.3.11_1,0,0
2025,08,DNK.3.1_1,0,0
2025,08,DNK.3.2_1,0,0
2025,08,DNK.3.3_1,0,0
2025,08,DNK.3.4_1,0,0
2025,08,DNK.3.5_1,0,0
2025,08,DNK.3.7_1,0,0
2025,08,DNK.3.8_1,0,0
2025,08,DNK.3.9_1,0,0
2025,08,DNK.4.10_1,0,0
2025,08,DNK.4.11_1,0,0
2025,08,DNK.4.12_1,0,0
2025,08,DNK.4.13_1,0,0
2025,08,DNK.4.14_1,0,0
2025,08,DNK.4.15_1,0,0
2025,08,DNK.4.16_1,0,0
2025,08,DNK.4.17_1,0,0
2025,08,DNK.4.1_1,0,0
2025,08,DNK.4.2_1,0,0
2025,08,DNK.4.3_1,0,0
2025,08,DNK.4.4_1,0,0
2025,08,DNK.4.5_1,0,0
2025,08,DNK.4.6_1,0,0
2025,08,DNK.4.7_1,0,0
2025,08,DNK.4.8_1,0,0
2025,08,DNK.4.9_1,0,0
2025,08,DNK.5.10_1,0,0
2025,08,DNK.5.11_1,0,0
2025,08,DNK.5.12_1,0,0
2025,08,DNK.5.13_1,0,0
2025,08,DNK.5.14_1,0,0
2025,08,DNK.5.15_1,0,0
2025,08,DNK.5.16_1,0,0
2025,08,DNK.5.17_1,0,0
2025,08,DNK.5.18_1,0,0
2025,08,DNK.5.19_1,0,0
2025,08,DNK.5.1_1,0,0
2025,08,DNK.5.20_1,0,0
2025,08,DNK.5.21_1,0,0
2025,08,DNK.5.22_1,0,0
2025,08,DNK.5.2_1,0,0
2025,08,DNK.5.3_1,0,0
2025,08,DNK.5.4_1,0,0
2025,08,DNK.5.5_1,0,0
2025,08,DNK.5.6_1,0,0
2025,08,DNK.5.8_1,0,0
2025,08,DNK.5.9_1,0,0
2025,08,ESP.1.1_1,0.3823186600062858,0.29643821837816337
2025,08,ESP.1.2_1,0.32815893381273764,0.46569718898891743
2025,08,ESP.1.3_1,0.33749183911918124,0.2685375372321657
2025,08,ESP.1.4_1,0.4748670598369373,0.267657536780566
2025,08,ESP.1.5_1,0.3816811708536203,0.331531328627558
2025,08,ESP.1.6_1,0.32820089846707545,0.17328568927641114
2025,08,ESP.1.7_1,0.48888319765194477,0.5129199167947235
2025,08,ESP.1.8_1,0.48868718790154786,0.5342790939289596
2025,08,ESP.10.1_1,0.6159839869594385,0.745079962963601
2025,08,ESP.10.2_1,0.6015635920648894,0.7273437573469204
2025,08,ESP.10.3_1,0.8246441137765749,0.820980755157235
2025,08,ESP.11.1_1,0.05026758112433261,0.0013562497564852
2025,08,ESP.11.2_1,0.06181175680644148,0.0015479170540241467
2025,08,ESP.12.1_1,0.09239001595014822,0.02815583874189198
2025,08,ESP.12.2_1,0.12403083820626311,0.04753727594008462
2025,08,ESP.12.3_1,0.08966040343729051,0.02092526004776077
2025,08,ESP.12.4_1,0.3322197546671674,0.45178562371353975
2025,08,ESP.13.1_1,0.41674168081622603,0.8280515836046025
2025,08,ESP.14.1_1,0,0
2025,08,ESP.15.1_1,0.18004155356131477,0.020118248314113924
2025,08,ESP.16.1_1,0.27885585808787566,0.4224001272054886
2025,08,ESP.16.2_1,0.44814179242460717,0.6844635409427658
2025,08,ESP.16.3_1,0.4908266743867504,0.7426018758012632
2025,08,ESP.17.1_1,0,0
2025,08,ESP.18.1_1,0.30357834318664695,0.2894596212813023
2025,08,ESP.2.1_1,0.4913839997110437,0.17616768033158356
2025,08,ESP.2.2_1,0.40667772046975836,0.09584970622079461
2025,08,ESP.2.3_1,0.43801059045445717,0.09100132140400427
2025,08,ESP.3.1_1,0.22234093672363112,0.07618131943504204
2025,08,ESP.4.1_1,0.24053251896306574,0.07158687570217866
2025,08,ESP.4.2_1,0.10268354842761145,0.010832441435138635
2025,08,ESP.4.3_1,0.23622399489910223,0.026347983491723827
2025,08,ESP.4.4_1,0.13162034809325762,0.007682051746890608
2025,08,ESP.4.5_1,0.21821800548666462,0.0294156392149957
2025,08,ESP.5.1_1,0.18858731167113035,0.07446365228691776
2025,08,ESP.5.2_1,0.1782121094121754,0.04871363411239562
2025,08,ESP.5.3_1,0,0
2025,08,ESP.5.4_1,0,0
2025,08,ESP.5.5_1,0.1652694713390282,0.039603379524627474
2025,08,ESP.5.6_1,0.11411137187632135,0.04312934546180343
2025,08,ESP.5.7_1,0,0
2025,08,ESP.5.8_1,0,0
2025,08,ESP.5.9_1,0,0
2025,08,ESP.6.1_1,0.8155222712776372,0.958433789372623
2025,08,ESP.6.2_1,0.7267555061626139,0.9088229485397509
2025,08,ESP.6.3_1,0.7875956158600922,0.6813103075359483
2025,08,ESP.6.4_1,0.6930888089058548,0.8159096328128385
2025,08,ESP.7.1_1,0.035315112530703,0.8760000000000104
2025,08,ESP.7.2_1,0.04923159120266186,0.9542360950005335
2025,08,ESP.8.1_1,0.4467011544774745,0.1652993703740134
2025,08,ESP.9.1_1,0.56871587889278,0.248695962092435
2025,08,FIN.2.1_1,0,0
2025,08,FIN.3.2_1,0,0
2025,08,FIN.4.5_1,0,0
2025,08,FIN.5.3_1,0,0
2025,08,FIN.5.6_1,0,0
2025,08,FIN.5.7_1,0,0
2025,08,FIN.5.9_1,0,0
2025,08,FRA.1.10_1,0.39105990476491,0.6535681624943619
2025,08,FRA.1.11_1,0.33259413629155227,0.9136846403477465
2025,08,FRA.1.12_1,0.3123812330539393,0.6897899857542169
2025,08,FRA.1.1_1,0.3436555192090743,0.7268146465193943
2025,08,FRA.1.2_1,0.3220646105821085,0.7218248066340069
2025,08,FRA.1.3_1,0.3102016221423545,0.580008338367604
2025,08,FRA.1.4_1,0.27711144780337466,0.6226461370787663
2025,08,FRA.1.5_1,0.3187578893774722,0.5905668504765619
2025,08,FRA.1.6_1,0.3279270781437003,0.5611384356340073
2025,08,FRA.1.7_1,0.3134015438831083,0.754373733202833
2025,08,FRA.1.8_1,0.3934060496047256,0.7339635725748143
2025,08,FRA.1.9_1,0.3189582194268927,0.6352709392025859
2025,08,FRA.10.10_1,0.345164178608298,0.6755459054901509
2025,08,FRA.10.11_1,0.3720855564482128,0.7886808747012255
2025,08,FRA.10.12_1,0.33772115691579285,0.6048126017770378
2025,08,FRA.10.1_1,0.3485441624678346,0.6623492067228973
2025,08,FRA.10.2_1,0.31605305727744853,0.5928792202971122
2025,08,FRA.10.3_1,0.31573132256935754,0.580366101855765
2025,08,FRA.10.4_1,0.20516632129995327,0.3476210447461654
2025,08,FRA.10.5_1,0.32028675122569716,0.6409187006510544
2025,08,FRA.10.6_1,0.3775842528815589,0.5880797183679015
2025,08,FRA.10.7_1,0.3901365814802009,0.702772320468323
2025,08,FRA.10.8_1,0.3062749220893556,0.5670925449508979
2025,08,FRA.10.9_1,0.30525602863029255,0.7131995690902341
2025,08,FRA.11.10_1,0.23852357860198412,0.29292492173674317
2025,08,FRA.11.11_1,0.25964258821788705,0.5844722103100436
2025,08,FRA.11.12_1,0.27942006140653497,0.5086540982327792
2025,08,FRA.11.13_1,0.3598956196514949,0.5033896136269187
2025,08,FRA.11.1_1,0.2462192132727428,0.4569650798243824
2025,08,FRA.11.2_1,0.30307912118652797,0.43348285179843155
2025,08,FRA.11.3_1,0.34937710310125225,0.39882457152571865
2025,08,FRA.11.4_1,0.3303453922598752,0.41732694353815064
2025,08,FRA.11.5_1,0.30068869943146975,0.542207489331928
2025,08,FRA.11.6_1,0.35179455272318727,0.5393064301999375
2025,08,FRA.11.7_1,0.2928135624036834,0.577823154420352
2025,08,FRA.11.8_1,0.33431027704988747,0.4856462191893498
2025,08,FRA.11.9_1,0.30131761497077963,0.4934257517874272
2025,08,FRA.12.1_1,0.36197311564368323,0.4803222525977496
2025,08,FRA.12.2_1,0.3318412139881986,0.42443800479906685
2025,08,FRA.12.3_1,0.2915391676928146,0.4436272245233535
2025,08,FRA.12.4_1,0.17660166732588195,0.1574158915999426
2025,08,FRA.12.5_1,0.28609439941520426,0.4274372573537471
2025,08,FRA.13.1_1,0.2606943770076163,0.28590518329631537
2025,08,FRA.13.2_1,0.3227282358702414,0.7225466222276699
2025,08,FRA.13.3_1,0.35730654607869294,0.5701058018786093
2025,08,FRA.13.4_1,0.21208960535877017,0.20058675113484753
2025,08,FRA.13.5_1,0.30240092742608143,0.5330949786143863
2025,08,FRA.13.6_1,0.23949055893100712,0.3251531437924755
2025,08,FRA.2.1_1,0.3184188942079738,0.38889847663613936
2025,08,FRA.2.2_1,0.30302780490774717,0.5100917260657722
2025,08,FRA.2.3_1,0.15710615242515164,0.15306437656934752
2025,08,FRA.2.4_1,0.3088890008099913,0.4333625153251787
2025,08,FRA.2.5_1,0.2918640462445743,0.405237473788362
2025,08,FRA.2.6_1,0.3897112445683086,0.41414786613212745
2025,08,FRA.2.7_1,0.12902554718838732,0.30751816645007046
2025,08,FRA.2.8_1,0.3361961903606495,0.3997253228628038
2025,08,FRA.3.1_1,0.11656871617288118,0.059338956057195344
2025,08,FRA.3.2_1,0,0
2025,08,FRA.3.3_1,0.3621633002061495,0.4927145975234625
2025,08,FRA.3.4_1,0.12680031676424003,0.08892825368654117
2025,08,FRA.4.1_1,0.2815162816317672,0.39506317267262686
2025,08,FRA.4.2_1,0.13386044546896161,0.1073490407424334
2025,08,FRA.4.3_1,0.2802119177933991,0.4191611971735705
2025,08,FRA.4.4_1,0.2612276386090634,0.4316167270405298
2025,08,FRA.4.5_1,0.2811916357878044,0.39305050501411887
2025,08,FRA.4.6_1,0.30432443341037574,0.4028087053485825
2025,08,FRA.5.1_1,0.21624161803254122,0.49813292649564905
2025,08,FRA.5.2_1,0.27073050847385366,0.6376792577399077
2025,08,FRA.6.10_1,0.17285992468783398,0.18747900054246336
2025,08,FRA.6.1_1,0.15211946538810237,0.11125699801421628
2025,08,FRA.6.2_1,0.14589719479942617,0.1333332582389485
2025,08,FRA.6.3_1,0.31045871718963397,0.4906483033127424
2025,08,FRA.6.4_1,0.28361305980658186,0.5045439924723853
2025,08,FRA.6.5_1,0.10211614818979607,0.06238618490307176
2025,08,FRA.6.6_1,0.12486219155132026,0.07417981456766497
2025,08,FRA.6.7_1,0.3338999628061426,0.43746036739920924
2025,08,FRA.6.8_1,0.1434596291375544,0.11643198713093089
2025,08,FRA.6.9_1,0.23422589394604632,0.21009280475396425
2025,08,FRA.7.1_1,0.3340919007071529,0.3891388924531894
2025,08,FRA.7.2_1,0.1537622802255473,0.061476145647905774
2025,08,FRA.7.3_1,0.32785025260453965,0.39685132971569653
2025,08,FRA.7.4_1,0,0
2025,08,FRA.7.5_1,0.12345306512784446,0.060977826254315526
2025,08,FRA.8.1_1,0.3355647784193707,0.6704589840993123
2025,08,FRA.8.2_1,0.2710894748617674,0.9337163350002734
2025,08,FRA.8.3_1,0.22243275733277823,0.8755245390326671
2025,08,FRA.8.4_1,0.3512356948263212,0.48352462468393603
2025,08,FRA.8.5_1,0.27340373096955406,0.926010760287977
2025,08,FRA.8.6_1,0.3163241801977153,0.6713307426556953
2025,08,FRA.8.7_1,0.29085555997506707,0.9032007998167194
2025,08,FRA.8.8_1,0.33123609451147024,0.5572141131067609
2025,08,FRA.9.1_1,0,0
2025,08,FRA.9.2_1,0.08769669729165216,0.03185605405517438
2025,08,FRA.9.3_1,0.09138861774640016,0.04897563046053491
2025,08,FRA.9.4_1,0.1278711788132653,0.08542375560331762
2025,08,FRA.9.5_1,0.08744634465621298,0.02724972692195936
2025,08,FRO.1.1_1,0,0
2025,08,FRO.1.2_1,0,0
2025,08,FRO.1.3_1,0,0
2025,08,FRO.1.5_1,0,0
2025,08,FRO.1.6_1,0,0
2025,08,FRO.1.7_1,0,0
2025,08,FRO.2.3_1,0,0
2025,08,FRO.2.4_1,0,0
2025,08,FRO.2.5_1,0,0
2025,08,FRO.2.6_1,0,0
2025,08,FRO.3.1_1,0,0
2025,08,FRO.3.3_1,0,0
2025,08,FRO.4.1_1,0,0
2025,08,FRO.4.2_1,0,0
2025,08,FRO.4.3_1,0,0
2025,08,FRO.6.1_1,0,0
2025,08,FRO.6.2_1,0,0
2025,08,GBR.1.100_1,0,0
2025,08,GBR.1.101_1,0,0
2025,08,GBR.1.102_1,0.09278089180716292,0.13442476032441747
2025,08,GBR.1.103_1,0,0
2025,08,GBR.1.104_1,0,0
2025,08,GBR.1.105_1,0,0
2025,08,GBR.1.106_1,0,0
2025,08,GBR.1.107_1,0,0
2025,08,GBR.1.108_1,0,0
2025,08,GBR.1.109_1,0,0
2025,08,GBR.1.10_1,0,0
2025,08,GBR.1.110_1,0,0
2025,08,GBR.1.111_1,0,0
2025,08,GBR.1.112_1,0,0
2025,08,GBR.1.113_1,0,0
2025,08,GBR.1.114_1,0,0
2025,08,GBR.1.115_1,0,0
2025,08,GBR.1.116_1,0,0
2025,08,GBR.1.117_1,0,0
2025,08,GBR.1.118_1,0,0
2025,08,GBR.1.11_1,0,0
2025,08,GBR.1.12_1,0,0
2025,08,GBR.1.13_1,0,0
2025,08,GBR.1.14_1,0,0
2025,08,GBR.1.15_1,0,0
2025,08,GBR.1.16_1,0,0
2025,08,GBR.1.17_1,0,0
2025,08,GBR.1.18_1,0,0
2025,08,GBR.1.19_1,0,0
2025,08,GBR.1.1_1,0,0
2025,08,GBR.1.20_1,0,0
2025,08,GBR.1.21_1,0,0
2025,08,GBR.1.22_1,0,0
2025,08,GBR.1.23_1,0,0
2025,08,GBR.1.24_1,0,0
2025,08,GBR.1.25_1,0,0
2025,08,GBR.1.26_1,0,0
2025,08,GBR.1.27_1,0,0
2025,08,GBR.1.28_1,0,0
2025,08,GBR.1.29_1,0,0
2025,08,GBR.1.2_1,0,0
2025,08,GBR.1.30_1,0,0
2025,08,GBR.1.31_1,0,0
2025,08,GBR.1.32_1,0.05164551184117767,0.00654527295750037
2025,08,GBR.1.33_1,0,0
2025,08,GBR.1.34_1,0,0
2025,08,GBR.1.35_1,0,0
2025,08,GBR.1.36_1,0.4018264966584251,0.13561026883608002
2025,08,GBR.1.37_1,0,0
2025,08,GBR.1.38_1,0,0
2025,08,GBR.1.39_1,0,0
2025,08,GBR.1.3_1,0,0
2025,08,GBR.1.40_1,0,0
2025,08,GBR.1.41_1,0,0
2025,08,GBR.1.42_1,0,0
2025,08,GBR.1.44_1,0.6053541156146619,0.3897006431306825
2025,08,GBR.1.45_1,0,0
2025,08,GBR.1.46_1,0,0
2025,08,GBR.1.47_1,0,0
2025,08,GBR.1.48_1,0,0
2025,08,GBR.1.49_1,0,0
2025,08,GBR.1.4_1,0,0
2025,08,GBR.1.50_1,0,0
2025,08,GBR.1.51_1,0,0
2025,08,GBR.1.52_1,0,0
2025,08,GBR.1.53_1,0,0
2025,08,GBR.1.54_1,0,0
2025,08,GBR.1.55_1,0.11476141059220633,0.1647820621355349
2025,08,GBR.1.56_1,0,0
2025,08,GBR.1.57_1,0,0
2025,08,GBR.1.58_1,0,0
2025,08,GBR.1.59_1,0,0
2025,08,GBR.1.5_1,0,0
2025,08,GBR.1.60_1,0,0
2025,08,GBR.1.61_1,0,0
2025,08,GBR.1.62_1,0,0
2025,08,GBR.1.63_1,0,0
2025,08,GBR.1.64_1,0,0
2025,08,GBR.1.65_1,0,0
2025,08,GBR.1.66_1,0,0
2025,08,GBR.1.67_1,0,0
2025,08,GBR.1.68_1,0,0
2025,08,GBR.1.69_1,0,0
2025,08,GBR.1.6_1,0,0
2025,08,GBR.1.70_1,0,0
2025,08,GBR.1.71_1,0,0
2025,08,GBR.1.72_1,0,0
2025,08,GBR.1.73_1,0,0
2025,08,GBR.1.74_1,0,0
2025,08,GBR.1.75_1,0,0
2025,08,GBR.1.76_1,0,0
2025,08,GBR.1.77_1,0,0
2025,08,GBR.1.78_1,0,0
2025,08,GBR.1.79_1,0,0
2025,08,GBR.1.7_1,0,0
2025,08,GBR.1.80_1,0,0
2025,08,GBR.1.81_1,0,0
2025,08,GBR.1.82_1,0,0
2025,08,GBR.1.83_1,0,0
2025,08,GBR.1.84_1,0,0
2025,08,GBR.1.85_1,0,0
2025,08,GBR.1.86_1,0,0
2025,08,GBR.1.87_1,0,0
2025,08,GBR.1.88_1,0,0
2025,08,GBR.1.89_1,0,0
2025,08,GBR.1.8_1,0,0
2025,08,GBR.1.90_1,0,0
2025,08,GBR.1.91_1,0,0
2025,08,GBR.1.92_1,0,0
2025,08,GBR.1.93_1,0,0
2025,08,GBR.1.94_1,0,0
2025,08,GBR.1.95_1,0,0
2025,08,GBR.1.96_1,0,0
2025,08,GBR.1.97_1,0,0
2025,08,GBR.1.98_1,0.0513057016639678,0.009480626545754435
2025,08,GBR.1.99_1,0,0
2025,08,GBR.1.9_1,0,0
2025,08,GBR.2.10_1,0,0
2025,08,GBR.2.11_1,0,0
2025,08,GBR.2.1_1,0,0
2025,08,GBR.2.2_1,0,0
2025,08,GBR.2.3_1,0,0
2025,08,GBR.2.4_1,0,0
2025,08,GBR.2.5_1,0,0
2025,08,GBR.2.6_1,0,0
2025,08,GBR.2.7_1,0,0
2025,08,GBR.2.8_1,0,0
2025,08,GBR.2.9_1,0,0
2025,08,GBR.3.10_1,0,0
2025,08,GBR.3.11_1,0,0
2025,08,GBR.3.12_1,0,0
2025,08,GBR.3.13_1,0,0
2025,08,GBR.3.14_1,0,0
2025,08,GBR.3.15_1,0,0
2025,08,GBR.3.16_1,0,0
2025,08,GBR.3.17_1,0,0
2025,08,GBR.3.18_1,0,0
2025,08,GBR.3.19_1,0,0
2025,08,GBR.3.1_1,0,0
2025,08,GBR.3.20_1,0,0
2025,08,GBR.3.21_1,0,0
2025,08,GBR.3.22_1,0,0
2025,08,GBR.3.23_1,0,0
2025,08,GBR.3.24_1,0,0
2025,08,GBR.3.25_1,0,0
2025,08,GBR.3.26_1,0,0
2025,08,GBR.3.27_1,0,0
2025,08,GBR.3.28_1,0,0
2025,08,GBR.3.29_1,0,0
2025,08,GBR.3.2_1,0,0
2025,08,GBR.3.30_1,0,0
2025,08,GBR.3.31_1,0,0
2025,08,GBR.3.32_1,0,0
2025,08,GBR.3.3_1,0,0
2025,08,GBR.3.4_1,0,0
2025,08,GBR.3.5_1,0,0
2025,08,GBR.3.6_1,0,0
2025,08,GBR.3.7_1,0,0
2025,08,GBR.3.8_1,0,0
2025,08,GBR.3.9_1,0,0
2025,08,GBR.4.10_1,0,0
2025,08,GBR.4.11_1,0,0
2025,08,GBR.4.12_1,0,0
2025,08,GBR.4.13_1,0,0
2025,08,GBR.4.14_1,0,0
2025,08,GBR.4.15_1,0,0
2025,08,GBR.4.16_1,0,0
2025,08,GBR.4.17_1,0,0
2025,08,GBR.4.18_1,0,0
2025,08,GBR.4.19_1,0,0
2025,08,GBR.4.1_1,0,0
2025,08,GBR.4.20_1,0,0
2025,08,GBR.4.21_1,0,0
2025,08,GBR.4.22_1,0,0
2025,08,GBR.4.2_1,0,0
2025,08,GBR.4.3_1,0,0
2025,08,GBR.4.4_1,0,0
2025,08,GBR.4.5_1,0,0
2025,08,GBR.4.6_1,0,0
2025,08,GBR.4.7_1,0,0
2025,08,GBR.4.8_1,0,0
2025,08,GBR.4.9_1,0,0
2025,08,GEO.10.1_1,0.05301729889542851,0.42800000000000515
2025,08,GEO.10.2_1,0.046084429633491374,0.2450000000000029
2025,08,GEO.10.3_1,0.05184664596576425,0.37400000000000444
2025,08,GEO.10.4_1,0,0
2025,08,GEO.10.6_1,0.05034506522554535,0.32900000000000396
2025,08,GEO.2.1_1,0.053567001414749696,0.4910000000000058
2025,08,GEO.2.2_1,0.05176187222054234,0.6290000000000074
2025,08,GEO.2.3_1,0.05345886619365294,0.5330000000000064
2025,08,GEO.2.5_1,0.05335825869254828,0.5450000000000065
2025,08,GRC.1.1_1,0.025421082144878822,0.01146404233517087
2025,08,GRC.1.2_1,0.02624639767702226,0.004123746953475442
2025,08,GRC.2.1_1,0.04186534149039199,0.18800000000000228
2025,08,GRC.3.1_1,0.3947378690056725,0.730512340478382
2025,08,GRC.4.1_1,0.15409226578908758,0.10743020850956148
2025,08,GRC.5.1_1,0.20682830559700213,0.46193070184162993
2025,08,GRC.5.2_1,0.17194952808347447,0.36777131295465776
2025,08,GRC.6.1_1,0.2589057427365936,0.2482527914283595
2025,08,GRC.6.2_1,0.14057650337157207,0.09297820551635794
2025,08,GRC.7.1_1,0.09380212918824377,0.16296597673514118
2025,08,GRC.7.2_1,0.15859976300428918,0.10274692750873271
2025,08,GRC.7.3_1,0.1618451725343951,0.1502866085736504
2025,08,GRC.8.1_1,0.1465251691502309,0.08664596396872562
2025,08,GRC.8.2_1,0.16395461074412726,0.11740741195970168
2025,08,HRV.1.10_1,0.05206233205574367,0.38200000000000445
2025,08,HRV.1.11_1,0.05143265412313631,0.36000000000000426
2025,08,HRV.1.12_1,0.05251499110952353,0.4010000000000048
2025,08,HRV.1.13_1,0.05228712029734402,0.3910000000000047
2025,08,HRV.1.14_1,0.05235788824396569,0.3940000000000048
2025,08,HRV.1.15_1,0.05231093973486073,0.3920000000000047
2025,08,HRV.1.16_1,0.052088238130114865,0.38300000000000456
2025,08,HRV.1.17_1,0.05064882952464797,0.3370000000000041
2025,08,HRV.1.18_1,0.05211391101315951,0.38400000000000456
2025,08,HRV.1.19_1,0.05187443043493572,0.37500000000000444
2025,08,HRV.1.1_1,0.05042254410927727,0.3310000000000039
2025,08,HRV.1.20_1,0.05117484470957062,0.35200000000000414
2025,08,HRV.1.21_1,0.052263070319342485,0.3900000000000045
2025,08,HRV.1.22_1,0.05170416888621893,0.3690000000000044
2025,08,HRV.1.23_1,0.04768127286123926,0.27200000000000324
2025,08,HRV.1.2_1,0.05216455857932832,0.3860000000000046
2025,08,HRV.1.3_1,0.05114151690094962,0.35100000000000414
2025,08,HRV.1.4_1,0.05247124665392564,0.39900000000000474
2025,08,HRV.1.5_1,0.052660943235704534,0.40800000000000475
2025,08,HRV.1.6_1,0.050498994693194466,0.333000000000004
2025,08,HRV.1.7_1,0.05198321118262047,0.3790000000000045
2025,08,HRV.1.8_1,0.05200981893605474,0.3800000000000045
2025,08,HRV.1.9_1,0.05203619244176497,0.38100000000000456
2025,08,HRV.10.10_1,0.05221427746458356,0.3880000000000046
2025,08,HRV.10.11_1,0.052969525940438696,0.425000000000005
2025,08,HRV.10.12_1,0.05316219594459568,0.43800000000000516
2025,08,HRV.10.13_1,0.05317547641197093,0.4390000000000053
2025,08,HRV.10.14_1,0.05337719081836405,0.4570000000000055
2025,08,HRV.10.15_1,0.052660943235704534,0.40800000000000475
2025,08,HRV.10.16_1,0.053386331770369805,0.4580000000000055
2025,08,HRV.10.17_1,0.052885466643359184,0.5800000000000068
2025,08,HRV.10.18_1,0.05257890184037298,0.4040000000000048
2025,08,HRV.10.19_1,0.052969525940438696,0.425000000000005
2025,08,HRV.10.1_1,0.05316219594459568,0.43800000000000516
2025,08,HRV.10.20_1,0.05314869613484429,0.43700000000000516
2025,08,HRV.10.21_1,0.05298567173417126,0.426000000000005
2025,08,HRV.10.22_1,0.05285028480315606,0.418000000000005
2025,08,HRV.10.23_1,0.05257890184037298,0.4040000000000048
2025,08,HRV.10.24_1,0.052536521867152866,0.4020000000000048
2025,08,HRV.10.25_1,0.05262037491566359,0.40600000000000486
2025,08,HRV.10.2_1,0.05334846728798974,0.45400000000000545
2025,08,HRV.10.4_1,0.05300159598595895,0.4270000000000051
2025,08,HRV.10.5_1,0.05228712029734402,0.3910000000000047
2025,08,HRV.10.6_1,0.05313497681553422,0.4360000000000051
2025,08,HRV.10.7_1,0.05221427746458356,0.3880000000000046
2025,08,HRV.10.8_1,0.05277724029544778,0.41400000000000486
2025,08,HRV.10.9_1,0.05251499110952353,0.4010000000000048
2025,08,HRV.10_1,0.05264077203826029,0.40700000000000486
2025,08,HRV.11.10_1,0.0446026476664922,0.2230000000000026
2025,08,HRV.11.11_1,0.04602073067449038,0.244000000000003
2025,08,HRV.11.12_1,0.04151945935078146,0.18400000000000213
2025,08,HRV.11.13_1,0.043257178996686844,0.2050000000000024
2025,08,HRV.11.14_1,0.0437197256544641,0.21100000000000246
2025,08,HRV.11.15_1,0.04245344564941593,0.19500000000000237
2025,08,HRV.11.16_1,0.04658201386199609,0.253000000000003
2025,08,HRV.11.17_1,0.04445929425769278,0.2210000000000026
2025,08,HRV.11.18_1,0.046397901098640094,0.250000000000003
2025,08,HRV.11.19_1,0.0437197256544641,0.21100000000000246
2025,08,HRV.11.1_1,0.045498845780142134,0.2360000000000028
2025,08,HRV.11.20_1,0.04261756031953566,0.1970000000000024
2025,08,HRV.11.21_1,0.04614779187182604,0.2460000000000028
2025,08,HRV.11.22_1,0.035436982311932166,0.1250000000000015
2025,08,HRV.11.23_1,0.04431444077957728,0.21900000000000258
2025,08,HRV.11.24_1,0.045092776751239565,0.2300000000000026
2025,08,HRV.11.25_1,0.0437197256544641,0.21100000000000246
2025,08,HRV.11.26_1,0.045297406923156314,0.23300000000000265
2025,08,HRV.11.27_1,0.04536490568613739,0.23400000000000276
2025,08,HRV.11.28_1,0.04364363266597556,0.21000000000000257
2025,08,HRV.11.29_1,0.04409431555155806,0.2160000000000024
2025,08,HRV.11.2_1,0.04364363266597556,0.21000000000000257
2025,08,HRV.11.30_1,0.04445929425769278,0.2210000000000026
2025,08,HRV.11.31_1,0.04294069973583317,0.20100000000000245
2025,08,HRV.11.32_1,0.04402017422826474,0.21500000000000252
2025,08,HRV.11.33_1,0.043412966706401566,0.20700000000000243
2025,08,HRV.11.34_1,0.043870730571217494,0.21300000000000238
2025,08,HRV.11.35_1,0.04302043814611504,0.20200000000000246
2025,08,HRV.11.36_1,0.04670312331468987,0.25500000000000306
2025,08,HRV.11.37_1,0.04294069973583317,0.20100000000000245
2025,08,HRV.11.38_1,0.044954562190896045,0.2280000000000028
2025,08,HRV.11.39_1,0.04269897777917304,0.19800000000000242
2025,08,HRV.11.3_1,0.04349025529653018,0.20800000000000254
2025,08,HRV.11.40_1,0.044531157561770375,0.2220000000000026
2025,08,HRV.11.41_1,0.045297406923156314,0.23300000000000265
2025,08,HRV.11.42_1,0.0446026476664922,0.2230000000000026
2025,08,HRV.11.43_1,0.04488491161682869,0.22700000000000267
2025,08,HRV.11.44_1,0.044387055941613525,0.22000000000000258
2025,08,HRV.11.45_1,0.04664273097501585,0.254000000000003
2025,08,HRV.11.4_1,0.043412966706401566,0.20700000000000243
2025,08,HRV.11.5_1,0.04409431555155806,0.2160000000000024
2025,08,HRV.11.6_1,0.04416807247327967,0.21700000000000266
2025,08,HRV.11.7_1,0.04294069973583317,0.20100000000000245
2025,08,HRV.11.8_1,0.04488491161682869,0.22700000000000267
2025,08,HRV.11.9_1,0.04364363266597556,0.21000000000000257
2025,08,HRV.12.10_1,0.051040053228812075,0.3480000000000041
2025,08,HRV.12.1_1,0.05061175268316719,0.3360000000000041
2025,08,HRV.12.2_1,0.05107412164889149,0.34900000000000414
2025,08,HRV.12.3_1,0.05238101793432105,0.39500000000000474
2025,08,HRV.12.4_1,0.05083042005093492,0.34200000000000413
2025,08,HRV.12.5_1,0.05170416888621893,0.3690000000000044
2025,08,HRV.12.6_1,0.050936358829505014,0.3450000000000041
2025,08,HRV.12.7_1,0.05107412164889149,0.34900000000000414
2025,08,HRV.12.8_1,0.05155573093074108,0.3640000000000043
2025,08,HRV.12.9_1,0.05203619244176497,0.38100000000000456
2025,08,HRV.13.10_1,0.049423500735211304,0.3070000000000036
2025,08,HRV.13.12_1,0.05057442164057074,0.33500000000000396
2025,08,HRV.13.13_1,0.05312103781659036,0.5650000000000066
2025,08,HRV.13.14_1,0.05064882952464797,0.3370000000000041
2025,08,HRV.13.15_1,0.05143265412313631,0.36000000000000426
2025,08,HRV.13.16_1,0.05133780467847467,0.3570000000000042
2025,08,HRV.13.17_1,0.05034506522554535,0.32900000000000396
2025,08,HRV.13.18_1,0.050460897645129024,0.332000000000004
2025,08,HRV.13.1_1,0.05354824360353189,0.5160000000000061
2025,08,HRV.13.20_1,0.04862122225845318,0.2900000000000035
2025,08,HRV.13.21_1,0.05231093973486073,0.3920000000000047
2025,08,HRV.13.23_1,0.05097117232221693,0.3460000000000041
2025,08,HRV.13.24_1,0.050685652722861733,0.3380000000000041
2025,08,HRV.13.25_1,0.05233452894667589,0.3930000000000048
2025,08,HRV.13.26_1,0.052936568913506954,0.4230000000000051
2025,08,HRV.13.27_1,0.048817295374707435,0.29400000000000354
2025,08,HRV.13.29_1,0.051207926616278265,0.3530000000000043
2025,08,HRV.13.2_1,0.050305938688955956,0.32800000000000396
2025,08,HRV.13.30_1,0.05152532353739658,0.3630000000000043
2025,08,HRV.13.31_1,0.05313497681553422,0.4360000000000051
2025,08,HRV.13.32_1,0.05170416888621893,0.3690000000000044
2025,08,HRV.13.33_1,0.05110794270935273,0.35000000000000414
2025,08,HRV.13.34_1,0.052557825352018174,0.4030000000000048
2025,08,HRV.13.35_1,0.051674959779282624,0.3680000000000044
2025,08,HRV.13.39_1,0.05107412164889149,0.34900000000000414
2025,08,HRV.13.3_1,0.052919757265889655,0.4220000000000049
2025,08,HRV.13.40_1,0.052832359121806324,0.5830000000000068
2025,08,HRV.13.41_1,0.050685652722861733,0.3380000000000041
2025,08,HRV.13.42_1,0.05176187222054234,0.3710000000000044
2025,08,HRV.13.4_1,0.05006572177490077,0.3220000000000039
2025,08,HRV.13.5_1,0.05309250008497349,0.4330000000000052
2025,08,HRV.13.6_1,0.048817295374707435,0.29400000000000354
2025,08,HRV.13.7_1,0.05247124665392564,0.39900000000000474
2025,08,HRV.13.8_1,0.05117484470957062,0.35200000000000414
2025,08,HRV.13.9_1,0.05117484470957062,0.35200000000000414
2025,08,HRV.14.10_1,0.048110842555305545,0.28000000000000336
2025,08,HRV.14.11_1,0.048163196658493446,0.28100000000000336
2025,08,HRV.14.12_1,0.041693309860244096,0.18600000000000216
2025,08,HRV.14.13_1,0.04784461332301269,0.2750000000000033
2025,08,HRV.14.14_1,0.04151945935078146,0.18400000000000213
2025,08,HRV.14.15_1,0.044954562190896045,0.2280000000000028
2025,08,HRV.14.16_1,0.044531157561770375,0.2220000000000026
2025,08,HRV.14.17_1,0.048215255786098955,0.28200000000000336
2025,08,HRV.14.18_1,0.04536490568613739,0.23400000000000276
2025,08,HRV.14.19_1,0.046941469908962384,0.25900000000000306
2025,08,HRV.14.1_1,0.046822938693964276,0.25700000000000306
2025,08,HRV.14.2_1,0.04220403684682048,0.19200000000000222
2025,08,HRV.14.3_1,0.0412552228218608,0.1810000000000022
2025,08,HRV.14.4_1,0.04203557657265595,0.1900000000000022
2025,08,HRV.14.5_1,0.03156585306133666,0.09600000000000111
2025,08,HRV.14.6_1,0.040060282061219143,0.16800000000000204
2025,08,HRV.14.7_1,0.04107672332927055,0.17900000000000219
2025,08,HRV.14.8_1,0.040896321809438675,0.17700000000000216
2025,08,HRV.15.10_1,0.05127335462430599,0.3550000000000042
2025,08,HRV.15.11_1,0.05231093973486073,0.3920000000000047
2025,08,HRV.15.12_1,0.05268088876751247,0.4090000000000049
2025,08,HRV.15.13_1,0.05264077203826029,0.40700000000000486
2025,08,HRV.15.14_1,0.05192929148911155,0.3770000000000046
2025,08,HRV.15.15_1,0.05192929148911155,0.3770000000000046
2025,08,HRV.15.16_1,0.05272010385583124,0.4110000000000048
2025,08,HRV.15.17_1,0.05213935104934067,0.38500000000000467
2025,08,HRV.15.18_1,0.05301729889542851,0.42800000000000515
2025,08,HRV.15.19_1,0.05107412164889149,0.34900000000000414
2025,08,HRV.15.1_1,0.0472322429161829,0.2640000000000031
2025,08,HRV.15.2_1,0.05206233205574367,0.38200000000000445
2025,08,HRV.15.3_1,0.05272010385583124,0.4110000000000048
2025,08,HRV.15.4_1,0.05309250008497349,0.4330000000000052
2025,08,HRV.15.5_1,0.05187443043493572,0.37500000000000444
2025,08,HRV.15.6_1,0.05270060888990626,0.4100000000000048
2025,08,HRV.15.7_1,0.05211391101315951,0.38400000000000456
2025,08,HRV.15.8_1,0.05187443043493572,0.37500000000000444
2025,08,HRV.15.9_1,0.05310687896503434,0.4340000000000051
2025,08,HRV.16.10_1,0.01969225167694564,0.03500000000000045
2025,08,HRV.16.11_1,0.02379049833846586,0.052000000000000664
2025,08,HRV.16.12_1,0.021247064228291798,0.04100000000000052
2025,08,HRV.16.13_1,0.025247507874611913,0.05900000000000075
2025,08,HRV.16.14_1,0.01969225167694564,0.03500000000000045
2025,08,HRV.16.15_1,0.019141144673308408,0.03300000000000042
2025,08,HRV.16.17_1,0.020743961424146674,0.0390000000000005
2025,08,HRV.16.18_1,0.014628810123243591,0.019000000000000242
2025,08,HRV.16.19_1,0.018278653208892222,0.030000000000000384
2025,08,HRV.16.1_1,0.022212919436254343,0.045000000000000574
2025,08,HRV.16.20_1,0.02149339888093251,0.04200000000000054
2025,08,HRV.16.21_1,0.02290534258304054,0.04800000000000061
2025,08,HRV.16.23_1,0.017980688308523063,0.02900000000000037
2025,08,HRV.16.24_1,0.0242181043930178,0.054000000000000686
2025,08,HRV.16.26_1,0.022212919436254343,0.045000000000000574
2025,08,HRV.16.27_1,0.018278653208892222,0.030000000000000384
2025,08,HRV.16.28_1,0.01969225167694564,0.03500000000000045
2025,08,HRV.16.29_1,0.017677052303381603,0.028000000000000358
2025,08,HRV.16.2_1,0.02022607924179793,0.03700000000000047
2025,08,HRV.16.30_1,0.02856563692294865,0.07700000000000087
2025,08,HRV.16.31_1,0.026225610700974043,0.06400000000000082
2025,08,HRV.16.32_1,0.015717318958880025,0.02200000000000028
2025,08,HRV.16.33_1,0.02197621944819116,0.04400000000000056
2025,08,HRV.16.34_1,0.019418948971838983,0.03400000000000043
2025,08,HRV.16.35_1,0.024636426248004082,0.056000000000000716
2025,08,HRV.16.36_1,0.01857121997566538,0.031000000000000284
2025,08,HRV.16.37_1,0.020743961424146674,0.0390000000000005
2025,08,HRV.16.39_1,0.020486937056220185,0.038000000000000485
2025,08,HRV.16.40_1,0.01885863984514998,0.03200000000000041
2025,08,HRV.16.43_1,0.026225610700974043,0.06400000000000082
2025,08,HRV.16.44_1,0.026974916643503207,0.06800000000000075
2025,08,HRV.16.45_1,0.02584014597524763,0.06200000000000079
2025,08,HRV.16.48_1,0.019141144673308408,0.03300000000000042
2025,08,HRV.16.49_1,0.01857121997566538,0.031000000000000284
2025,08,HRV.16.4_1,0.02290534258304054,0.04800000000000061
2025,08,HRV.16.50_1,0.020486937056220185,0.038000000000000485
2025,08,HRV.16.52_1,0.020743961424146674,0.0390000000000005
2025,08,HRV.16.53_1,0.014628810123243591,0.019000000000000242
2025,08,HRV.16.54_1,0.02197621944819116,0.04400000000000056
2025,08,HRV.16.55_1,0.01885863984514998,0.03200000000000041
2025,08,HRV.16.56_1,0.017980688308523063,0.02900000000000037
2025,08,HRV.16.5_1,0.019418948971838983,0.03400000000000043
2025,08,HRV.16.6_1,0.019141144673308408,0.03300000000000042
2025,08,HRV.16.7_1,0.0250459291071275,0.05800000000000074
2025,08,HRV.16.8_1,0.022212919436254343,0.045000000000000574
2025,08,HRV.16.9_1,0.02022607924179793,0.03700000000000047
2025,08,HRV.16_1,0.02442839578741852,0.0550000000000007
2025,08,HRV.17.10_1,0.05281420996424385,0.41600000000000487
2025,08,HRV.17.11_1,0.04924196805815263,0.30300000000000366
2025,08,HRV.17.12_1,0.05231093973486073,0.3920000000000047
2025,08,HRV.17.13_1,0.052426589706794265,0.3970000000000046
2025,08,HRV.17.14_1,0.05259975160508677,0.40500000000000486
2025,08,HRV.17.15_1,0.05240391832176908,0.3960000000000046
2025,08,HRV.17.16_1,0.052536521867152866,0.4020000000000048
2025,08,HRV.17.17_1,0.05262037491566359,0.40600000000000486
2025,08,HRV.17.18_1,0.05281420996424385,0.41600000000000487
2025,08,HRV.17.19_1,0.052919757265889655,0.4220000000000049
2025,08,HRV.17.1_1,0.05136966412533064,0.35800000000000415
2025,08,HRV.17.20_1,0.05247124665392564,0.39900000000000474
2025,08,HRV.17.21_1,0.052919757265889655,0.4220000000000049
2025,08,HRV.17.22_1,0.05320137997392377,0.44100000000000517
2025,08,HRV.17.23_1,0.05335825869254828,0.45500000000000546
2025,08,HRV.17.24_1,0.05200981893605474,0.3800000000000045
2025,08,HRV.17.25_1,0.05281420996424385,0.41600000000000487
2025,08,HRV.17.26_1,0.05337719081836405,0.4570000000000055
2025,08,HRV.17.27_1,0.05221427746458356,0.3880000000000046
2025,08,HRV.17.28_1,0.052426589706794265,0.3970000000000046
2025,08,HRV.17.2_1,0.052660943235704534,0.40800000000000475
2025,08,HRV.17.3_1,0.05233452894667589,0.3930000000000048
2025,08,HRV.17.4_1,0.049195896775001406,0.30200000000000365
2025,08,HRV.17.5_1,0.05218953394002372,0.3870000000000046
2025,08,HRV.17.6_1,0.04955678127391409,0.3100000000000037
2025,08,HRV.17.7_1,0.052795837100001325,0.41500000000000486
2025,08,HRV.17.8_1,0.052557825352018174,0.4030000000000048
2025,08,HRV.17.9_1,0.05277724029544778,0.41400000000000486
2025,08,HRV.18.10_1,0.05110794270935273,0.35000000000000414
2025,08,HRV.18.11_1,0.05187443043493572,0.37500000000000444
2025,08,HRV.18.12_1,0.051790367244427635,0.37200000000000444
2025,08,HRV.18.13_1,0.0513057016639678,0.3560000000000042
2025,08,HRV.18.14_1,0.05198321118262047,0.3790000000000045
2025,08,HRV.18.15_1,0.05152532353739658,0.3630000000000043
2025,08,HRV.18.16_1,0.05143265412313631,0.36000000000000426
2025,08,HRV.18.1_1,0.05086598321211112,0.343000000000004
2025,08,HRV.18.2_1,0.05161582466312911,0.3660000000000043
2025,08,HRV.18.3_1,0.05140128045743867,0.35900000000000426
2025,08,HRV.18.4_1,0.05170416888621893,0.3690000000000044
2025,08,HRV.18.5_1,0.05200981893605474,0.3800000000000045
2025,08,HRV.18.6_1,0.05075854039377685,0.340000000000004
2025,08,HRV.18.7_1,0.0513057016639678,0.3560000000000042
2025,08,HRV.18.8_1,0.05083042005093492,0.34200000000000413
2025,08,HRV.18.9_1,0.052832359121806324,0.417000000000005
2025,08,HRV.19.10_1,0.051207926616278265,0.3530000000000043
2025,08,HRV.19.11_1,0.0512407630973479,0.3540000000000043
2025,08,HRV.19.12_1,0.053575574226797075,0.5010000000000059
2025,08,HRV.19.13_1,0.050936358829505014,0.3450000000000041
2025,08,HRV.19.14_1,0.05198321118262047,0.3790000000000045
2025,08,HRV.19.15_1,0.053568823252102396,0.4920000000000058
2025,08,HRV.19.16_1,0.05117484470957062,0.35200000000000414
2025,08,HRV.19.17_1,0.05187443043493572,0.37500000000000444
2025,08,HRV.19.18_1,0.0512407630973479,0.3540000000000043
2025,08,HRV.19.19_1,0.05228712029734402,0.3910000000000047
2025,08,HRV.19.1_1,0.05155573093074108,0.3640000000000043
2025,08,HRV.19.20_1,0.05133780467847467,0.3570000000000042
2025,08,HRV.19.21_1,0.05133780467847467,0.3570000000000042
2025,08,HRV.19.22_1,0.0513057016639678,0.3560000000000042
2025,08,HRV.19.23_1,0.051207926616278265,0.3530000000000043
2025,08,HRV.19.24_1,0.05127335462430599,0.3550000000000042
2025,08,HRV.19.25_1,0.051040053228812075,0.3480000000000041
2025,08,HRV.19.26_1,0.05161582466312911,0.3660000000000043
2025,08,HRV.19.27_1,0.05133780467847467,0.3570000000000042
2025,08,HRV.19.28_1,0.05195636882157525,0.3780000000000046
2025,08,HRV.19.29_1,0.05155573093074108,0.3640000000000043
2025,08,HRV.19.2_1,0.051733139566526816,0.3700000000000044
2025,08,HRV.19.30_1,0.05192929148911155,0.3770000000000046
2025,08,HRV.19.3_1,0.05149467522603414,0.36200000000000426
2025,08,HRV.19.4_1,0.05140128045743867,0.35900000000000426
2025,08,HRV.19.5_1,0.052088238130114865,0.38300000000000456
2025,08,HRV.19.6_1,0.050901295964699875,0.3440000000000041
2025,08,HRV.19.7_1,0.052557825352018174,0.4030000000000048
2025,08,HRV.19.8_1,0.05127335462430599,0.3550000000000042
2025,08,HRV.19.9_1,0.052426589706794265,0.3970000000000046
2025,08,HRV.1_1,0.05155573093074108,0.3640000000000043
2025,08,HRV.2.10_1,0.05190197881747467,0.37600000000000444
2025,08,HRV.2.11_1,0.05061175268316719,0.3360000000000041
2025,08,HRV.2.12_1,0.05190197881747467,0.37600000000000444
2025,08,HRV.2.13_1,0.051790367244427635,0.37200000000000444
2025,08,HRV.2.14_1,0.05161582466312911,0.3660000000000043
2025,08,HRV.2.15_1,0.052088238130114865,0.38300000000000456
2025,08,HRV.2.16_1,0.05211391101315951,0.38400000000000456
2025,08,HRV.2.17_1,0.045023850011640235,0.2290000000000028
2025,08,HRV.2.18_1,0.051463785566230866,0.36100000000000426
2025,08,HRV.2.19_1,0.05176187222054234,0.3710000000000044
2025,08,HRV.2.1_1,0.050685652722861733,0.3380000000000041
2025,08,HRV.2.20_1,0.05233452894667589,0.3930000000000048
2025,08,HRV.2.21_1,0.05181862503020059,0.37300000000000444
2025,08,HRV.2.22_1,0.05198321118262047,0.3790000000000045
2025,08,HRV.2.23_1,0.046941469908962384,0.25900000000000306
2025,08,HRV.2.24_1,0.05164551184117767,0.3670000000000044
2025,08,HRV.2.25_1,0.050536835833531336,0.3340000000000039
2025,08,HRV.2.26_1,0.05152532353739658,0.3630000000000043
2025,08,HRV.2.27_1,0.052088238130114865,0.38300000000000456
2025,08,HRV.2.28_1,0.05107412164889149,0.34900000000000414
2025,08,HRV.2.2_1,0.05133780467847467,0.3570000000000042
2025,08,HRV.2.3_1,0.052088238130114865,0.38300000000000456
2025,08,HRV.2.4_1,0.05133780467847467,0.3570000000000042
2025,08,HRV.2.5_1,0.05149467522603414,0.36200000000000426
2025,08,HRV.2.6_1,0.05133780467847467,0.3570000000000042
2025,08,HRV.2.7_1,0.05140128045743867,0.35900000000000426
2025,08,HRV.2.8_1,0.05152532353739658,0.3630000000000043
2025,08,HRV.2.9_1,0.05140128045743867,0.35900000000000426
2025,08,HRV.20.10_1,0.05221427746458356,0.3880000000000046
2025,08,HRV.20.11_1,0.05075854039377685,0.340000000000004
2025,08,HRV.20.12_1,0.04985832471710238,0.31700000000000383
2025,08,HRV.20.13_1,0.05158589783209623,0.3650000000000043
2025,08,HRV.20.14_1,0.051207926616278265,0.3530000000000043
2025,08,HRV.20.15_1,0.050305938688955956,0.32800000000000396
2025,08,HRV.20.16_1,0.05114151690094962,0.35100000000000414
2025,08,HRV.20.17_1,0.05257890184037298,0.4040000000000048
2025,08,HRV.20.18_1,0.05152532353739658,0.3630000000000043
2025,08,HRV.20.19_1,0.05218953394002372,0.3870000000000046
2025,08,HRV.20.1_1,0.05117484470957062,0.35200000000000414
2025,08,HRV.20.21_1,0.05300159598595895,0.5730000000000067
2025,08,HRV.20.22_1,0.05164551184117767,0.3670000000000044
2025,08,HRV.20.24_1,0.051674959779282624,0.3680000000000044
2025,08,HRV.20.25_1,0.05086598321211112,0.343000000000004
2025,08,HRV.20.26_1,0.05079460595521066,0.341000000000004
2025,08,HRV.20.27_1,0.05143265412313631,0.36000000000000426
2025,08,HRV.20.28_1,0.05075854039377685,0.340000000000004
2025,08,HRV.20.2_1,0.05264077203826029,0.40700000000000486
2025,08,HRV.20.31_1,0.052557825352018174,0.4030000000000048
2025,08,HRV.20.32_1,0.05223878948244368,0.3890000000000046
2025,08,HRV.20.3_1,0.051207926616278265,0.3530000000000043
2025,08,HRV.20.4_1,0.05192929148911155,0.3770000000000046
2025,08,HRV.20.5_1,0.04688236421076608,0.25800000000000306
2025,08,HRV.20.6_1,0.05034506522554535,0.32900000000000396
2025,08,HRV.20.9_1,0.049423500735211304,0.3070000000000036
2025,08,HRV.21.10_1,0.052919757265889655,0.4220000000000049
2025,08,HRV.21.11_1,0.05329625198759786,0.4490000000000053
2025,08,HRV.21.12_1,0.05326231153775854,0.4460000000000052
2025,08,HRV.21.13_1,0.051733139566526816,0.3700000000000044
2025,08,HRV.21.14_1,0.052449032386359284,0.39800000000000474
2025,08,HRV.21.15_1,0.05259975160508677,0.40500000000000486
2025,08,HRV.21.16_1,0.05228712029734402,0.3910000000000047
2025,08,HRV.21.17_1,0.05140128045743867,0.35900000000000426
2025,08,HRV.21.18_1,0.05281420996424385,0.41600000000000487
2025,08,HRV.21.19_1,0.04862122225845318,0.2900000000000035
2025,08,HRV.21.1_1,0.04857148935727952,0.2890000000000035
2025,08,HRV.21.20_1,0.05247124665392564,0.39900000000000474
2025,08,HRV.21.21_1,0.05235788824396569,0.3940000000000048
2025,08,HRV.21.22_1,0.05318853770127063,0.44000000000000516
2025,08,HRV.21.23_1,0.052885466643359184,0.42000000000000504
2025,08,HRV.21.24_1,0.05295315840211215,0.424000000000005
2025,08,HRV.21.25_1,0.052795837100001325,0.41500000000000486
2025,08,HRV.21.26_1,0.05309250008497349,0.4330000000000052
2025,08,HRV.21.27_1,0.053472609771471634,0.4690000000000055
2025,08,HRV.21.28_1,0.05064882952464797,0.3370000000000041
2025,08,HRV.21.2_1,0.05264077203826029,0.40700000000000486
2025,08,HRV.21.3_1,0.053485491168324836,0.4710000000000056
2025,08,HRV.21.4_1,0.05285028480315606,0.418000000000005
2025,08,HRV.21.5_1,0.05268088876751247,0.4090000000000049
2025,08,HRV.21.6_1,0.053226408100709104,0.44300000000000533
2025,08,HRV.21.7_1,0.05228712029734402,0.3910000000000047
2025,08,HRV.21.8_1,0.05233452894667589,0.3930000000000048
2025,08,HRV.21.9_1,0.052660943235704534,0.40800000000000475
2025,08,HRV.3.10_1,0.051674959779282624,0.3680000000000044
2025,08,HRV.3.12_1,0.05211391101315951,0.38400000000000456
2025,08,HRV.3.13_1,0.05337719081836405,0.4570000000000055
2025,08,HRV.3.14_1,0.05228712029734402,0.3910000000000047
2025,08,HRV.3.15_1,0.05285028480315606,0.418000000000005
2025,08,HRV.3.16_1,0.051790367244427635,0.37200000000000444
2025,08,HRV.3.17_1,0.05357396692903125,0.504000000000006
2025,08,HRV.3.18_1,0.05206233205574367,0.38200000000000445
2025,08,HRV.3.19_1,0.05270060888990626,0.4100000000000048
2025,08,HRV.3.1_1,0.05350866986814118,0.5250000000000062
2025,08,HRV.3.21_1,0.047174718460374666,0.2630000000000031
2025,08,HRV.3.22_1,0.05354095308111759,0.4820000000000057
2025,08,HRV.3.2_1,0.05233452894667589,0.3930000000000048
2025,08,HRV.3.3_1,0.053560249359499254,0.48800000000000576
2025,08,HRV.3.5_1,0.05262037491566359,0.40600000000000486
2025,08,HRV.3.6_1,0.05316219594459568,0.43800000000000516
2025,08,HRV.3.7_1,0.04676319213930411,0.25600000000000306
2025,08,HRV.3.9_1,0.05352379499351613,0.5220000000000062
2025,08,HRV.4.1_1,0.034312536668825215,0.11600000000000125
2025,08,HRV.4.2_1,0.028734950984828898,0.07800000000000089
2025,08,HRV.4.3_1,0.034312536668825215,0.11600000000000125
2025,08,HRV.4.4_1,0.02856563692294865,0.07700000000000087
2025,08,HRV.4.5_1,0.03695650346135998,0.13800000000000165
2025,08,HRV.4.6_1,0.03751078289456121,0.1430000000000017
2025,08,HRV.4.7_1,0.03684371211682653,0.13700000000000165
2025,08,HRV.5.10_1,0.05061175268316719,0.3360000000000041
2025,08,HRV.5.11_1,0.05155573093074108,0.3640000000000043
2025,08,HRV.5.12_1,0.052832359121806324,0.417000000000005
2025,08,HRV.5.13_1,0.043412966706401566,0.20700000000000243
2025,08,HRV.5.14_1,0.050305938688955956,0.32800000000000396
2025,08,HRV.5.15_1,0.04474451542383764,0.22500000000000275
2025,08,HRV.5.16_1,0.05158589783209623,0.3650000000000043
2025,08,HRV.5.17_1,0.05042254410927727,0.3310000000000039
2025,08,HRV.5.18_1,0.0499003332644516,0.31800000000000384
2025,08,HRV.5.19_1,0.05198321118262047,0.3790000000000045
2025,08,HRV.5.1_1,0.051040053228812075,0.3480000000000041
2025,08,HRV.5.20_1,0.046459600215832016,0.251000000000003
2025,08,HRV.5.21_1,0.05285028480315606,0.418000000000005
2025,08,HRV.5.22_1,0.046084429633491374,0.2450000000000029
2025,08,HRV.5.23_1,0.050901295964699875,0.3440000000000041
2025,08,HRV.5.24_1,0.04431444077957728,0.21900000000000258
2025,08,HRV.5.25_1,0.052739373914972805,0.4120000000000048
2025,08,HRV.5.27_1,0.05107412164889149,0.34900000000000414
2025,08,HRV.5.28_1,0.04924196805815263,0.30300000000000366
2025,08,HRV.5.29_1,0.052426589706794265,0.3970000000000046
2025,08,HRV.5.2_1,0.04805819251250511,0.27900000000000336
2025,08,HRV.5.30_1,0.04973070095725172,0.3140000000000038
2025,08,HRV.5.31_1,0.051463785566230866,0.36100000000000426
2025,08,HRV.5.32_1,0.05075854039377685,0.340000000000004
2025,08,HRV.5.33_1,0.049468199578330686,0.3080000000000037
2025,08,HRV.5.34_1,0.048961372768160066,0.2970000000000035
2025,08,HRV.5.35_1,0.05247124665392564,0.39900000000000474
2025,08,HRV.5.36_1,0.05152532353739658,0.3630000000000043
2025,08,HRV.5.37_1,0.05238101793432105,0.39500000000000474
2025,08,HRV.5.38_1,0.05097117232221693,0.3460000000000041
2025,08,HRV.5.39_1,0.0528679872356119,0.4190000000000049
2025,08,HRV.5.3_1,0.05176187222054234,0.3710000000000044
2025,08,HRV.5.40_1,0.04876870414001352,0.2930000000000034
2025,08,HRV.5.4_1,0.05211391101315951,0.38400000000000456
2025,08,HRV.5.5_1,0.0499003332644516,0.31800000000000384
2025,08,HRV.5.6_1,0.050305938688955956,0.32800000000000396
2025,08,HRV.5.7_1,0.051733139566526816,0.3700000000000044
2025,08,HRV.5.8_1,0.04364363266597556,0.21000000000000257
2025,08,HRV.5.9_1,0.046822938693964276,0.25700000000000306
2025,08,HRV.6.10_1,0.052936568913506954,0.4230000000000051
2025,08,HRV.6.11_1,0.05303278065919709,0.42900000000000515
2025,08,HRV.6.12_1,0.05164551184117767,0.3670000000000044
2025,08,HRV.6.13_1,0.05251499110952353,0.4010000000000048
2025,08,HRV.6.14_1,0.052557825352018174,0.4030000000000048
2025,08,HRV.6.15_1,0.05247124665392564,0.39900000000000474
2025,08,HRV.6.16_1,0.05143265412313631,0.36000000000000426
2025,08,HRV.6.17_1,0.05235788824396569,0.3940000000000048
2025,08,HRV.6.18_1,0.05233452894667589,0.3930000000000048
2025,08,HRV.6.19_1,0.05317547641197093,0.4390000000000053
2025,08,HRV.6.1_1,0.052969525940438696,0.425000000000005
2025,08,HRV.6.20_1,0.05268088876751247,0.4090000000000049
2025,08,HRV.6.21_1,0.05346584579576038,0.4680000000000055
2025,08,HRV.6.2_1,0.05264077203826029,0.40700000000000486
2025,08,HRV.6.3_1,0.05235788824396569,0.3940000000000048
2025,08,HRV.6.4_1,0.05257890184037298,0.4040000000000048
2025,08,HRV.6.5_1,0.05312103781659036,0.4350000000000052
2025,08,HRV.6.6_1,0.05310687896503434,0.4340000000000051
2025,08,HRV.6.7_1,0.052919757265889655,0.4220000000000049
2025,08,HRV.6.8_1,0.05332823319822327,0.45200000000000545
2025,08,HRV.6.9_1,0.048961372768160066,0.2970000000000035
2025,08,HRV.7.10_1,0.0513057016639678,0.3560000000000042
2025,08,HRV.7.11_1,0.05213935104934067,0.38500000000000467
2025,08,HRV.7.12_1,0.05100573695345546,0.3470000000000041
2025,08,HRV.7.13_1,0.05190197881747467,0.37600000000000444
2025,08,HRV.7.14_1,0.05133780467847467,0.3570000000000042
2025,08,HRV.7.15_1,0.05170416888621893,0.3690000000000044
2025,08,HRV.7.16_1,0.051463785566230866,0.36100000000000426
2025,08,HRV.7.17_1,0.05100573695345546,0.3470000000000041
2025,08,HRV.7.18_1,0.04652097070399121,0.252000000000003
2025,08,HRV.7.19_1,0.05155573093074108,0.3640000000000043
2025,08,HRV.7.1_1,0.05235788824396569,0.3940000000000048
2025,08,HRV.7.20_1,0.05143265412313631,0.36000000000000426
2025,08,HRV.7.21_1,0.051790367244427635,0.37200000000000444
2025,08,HRV.7.22_1,0.05022690841087985,0.32600000000000395
2025,08,HRV.7.23_1,0.05170416888621893,0.3690000000000044
2025,08,HRV.7.24_1,0.05213935104934067,0.38500000000000467
2025,08,HRV.7.25_1,0.050901295964699875,0.3440000000000041
2025,08,HRV.7.2_1,0.05213935104934067,0.38500000000000467
2025,08,HRV.7.3_1,0.0512407630973479,0.3540000000000043
2025,08,HRV.7.4_1,0.05061175268316719,0.3360000000000041
2025,08,HRV.7.5_1,0.05117484470957062,0.35200000000000414
2025,08,HRV.7.6_1,0.05187443043493572,0.37500000000000444
2025,08,HRV.7.7_1,0.05136966412533064,0.35800000000000415
2025,08,HRV.7.8_1,0.0512407630973479,0.3540000000000043
2025,08,HRV.7.9_1,0.048005245556371486,0.2780000000000033
2025,08,HRV.8.10_1,0.04973070095725172,0.3140000000000038
2025,08,HRV.8.11_1,0.05152532353739658,0.3630000000000043
2025,08,HRV.8.12_1,0.05257890184037298,0.4040000000000048
2025,08,HRV.8.13_1,0.05247124665392564,0.39900000000000474
2025,08,HRV.8.14_1,0.052263070319342485,0.3900000000000045
2025,08,HRV.8.15_1,0.052263070319342485,0.3900000000000045
2025,08,HRV.8.16_1,0.05158589783209623,0.3650000000000043
2025,08,HRV.8.17_1,0.04910292306494889,0.3000000000000036
2025,08,HRV.8.18_1,0.05221427746458356,0.3880000000000046
2025,08,HRV.8.19_1,0.05164551184117767,0.3670000000000044
2025,08,HRV.8.1_1,0.05181862503020059,0.37300000000000444
2025,08,HRV.8.20_1,0.04973070095725172,0.3140000000000038
2025,08,HRV.8.21_1,0.05339525613107277,0.4590000000000055
2025,08,HRV.8.22_1,0.048961372768160066,0.2970000000000035
2025,08,HRV.8.23_1,0.05238101793432105,0.39500000000000474
2025,08,HRV.8.24_1,0.05161582466312911,0.3660000000000043
2025,08,HRV.8.25_1,0.05192929148911155,0.3770000000000046
2025,08,HRV.8.26_1,0.05303278065919709,0.42900000000000515
2025,08,HRV.8.27_1,0.049942076582592816,0.31900000000000384
2025,08,HRV.8.28_1,0.048215255786098955,0.28200000000000336
2025,08,HRV.8.29_1,0.05270060888990626,0.4100000000000048
2025,08,HRV.8.2_1,0.048369672812695,0.2850000000000034
2025,08,HRV.8.30_1,0.04937852891182793,0.30600000000000366
2025,08,HRV.8.31_1,0.05259975160508677,0.40500000000000486
2025,08,HRV.8.32_1,0.05155573093074108,0.3640000000000043
2025,08,HRV.8.3_1,0.05275841931377319,0.4130000000000049
2025,08,HRV.8.4_1,0.05223878948244368,0.3890000000000046
2025,08,HRV.8.5_1,0.05262037491566359,0.40600000000000486
2025,08,HRV.8.6_1,0.05140128045743867,0.35900000000000426
2025,08,HRV.8.7_1,0.04924196805815263,0.30300000000000366
2025,08,HRV.8.8_1,0.05002477018288825,0.3210000000000039
2025,08,HRV.8.9_1,0.04847115986701683,0.2870000000000033
2025,08,HRV.9.10_1,0.05042254410927727,0.3310000000000039
2025,08,HRV.9.11_1,0.048817295374707435,0.29400000000000354
2025,08,HRV.9.12_1,0.05042254410927727,0.3310000000000039
2025,08,HRV.9.1_1,0.05190197881747467,0.37600000000000444
2025,08,HRV.9.2_1,0.0499003332644516,0.31800000000000384
2025,08,HRV.9.3_1,0.04914954870519141,0.3010000000000036
2025,08,HRV.9.4_1,0.050901295964699875,0.3440000000000041
2025,08,HRV.9.5_1,0.048369672812695,0.2850000000000034
2025,08,HRV.9.6_1,0.05140128045743867,0.35900000000000426
2025,08,HRV.9.7_1,0.05155573093074108,0.3640000000000043
2025,08,HRV.9.8_1,0.05061175268316719,0.3360000000000041
2025,08,HRV.9.9_1,0.050901295964699875,0.3440000000000041
2025,08,HUN.1.10_1,0.04998355533603743,0.3200000000000037
2025,08,HUN.1.1_1,0.050901295964699875,0.3440000000000041
2025,08,HUN.1.2_1,0.0513057016639678,0.3560000000000042
2025,08,HUN.1.3_1,0.05022690841087985,0.32600000000000395
2025,08,HUN.1.4_1,0.050305938688955956,0.32800000000000396
2025,08,HUN.1.5_1,0.05086598321211112,0.343000000000004
2025,08,HUN.1.6_1,0.05064882952464797,0.3370000000000041
2025,08,HUN.1.7_1,0.05086598321211112,0.343000000000004
2025,08,HUN.1.8_1,0.05042254410927727,0.3310000000000039
2025,08,HUN.1.9_1,0.05083042005093492,0.34200000000000413
2025,08,HUN.10.1_1,0.03555811151997655,0.1260000000000015
2025,08,HUN.10.2_1,0.03591713040271022,0.12900000000000153
2025,08,HUN.10.3_1,0.03626974706834556,0.13200000000000156
2025,08,HUN.10.4_1,0.035315112530703,0.12400000000000158
2025,08,HUN.10.5_1,0.03751078289456121,0.1430000000000017
2025,08,HUN.10.6_1,0.03494498203064063,0.12100000000000133
2025,08,HUN.10.7_1,0.03579817824082167,0.12800000000000153
2025,08,HUN.11.1_1,0.05064882952464797,0.3370000000000041
2025,08,HUN.11.2_1,0.050685652722861733,0.3380000000000041
2025,08,HUN.11.3_1,0.05100573695345546,0.3470000000000041
2025,08,HUN.11.4_1,0.049942076582592816,0.31900000000000384
2025,08,HUN.11.5_1,0.05140128045743867,0.35900000000000426
2025,08,HUN.11.6_1,0.05079460595521066,0.341000000000004
2025,08,HUN.11.7_1,0,0
2025,08,HUN.12.1_1,0.03284761683061992,0.10500000000000123
2025,08,HUN.12.2_1,0.03081770804882203,0.09100000000000105
2025,08,HUN.12.3_1,0.033392566519613545,0.10900000000000128
2025,08,HUN.12.4_1,0.03555811151997655,0.1260000000000015
2025,08,HUN.12.5_1,0.03444062162043684,0.11700000000000138
2025,08,HUN.12.6_1,0.03555811151997655,0.1260000000000015
2025,08,HUN.12.7_1,0.0312698447059488,0.09400000000000108
2025,08,HUN.13.1_1,0.03019901055288063,0.087000000000001
2025,08,HUN.13.2_1,0.0312698447059488,0.09400000000000108
2025,08,HUN.13.3_1,0.029722482406598666,0.08400000000000096
2025,08,HUN.13.4_1,0.028902875991122928,0.0790000000000009
2025,08,HUN.13.5_1,0.032145408826960195,0.10000000000000117
2025,08,HUN.13.6_1,0.03051068025357473,0.08900000000000102
2025,08,HUN.14.10_1,0.04317867550953736,0.20400000000000226
2025,08,HUN.14.11_1,0.04467376636351791,0.22400000000000264
2025,08,HUN.14.12_1,0.04614779187182604,0.2460000000000028
2025,08,HUN.14.13_1,0.04160661338484907,0.18500000000000225
2025,08,HUN.14.14_1,0.04402017422826474,0.21500000000000252
2025,08,HUN.14.15_1,0.045297406923156314,0.23300000000000265
2025,08,HUN.14.1_1,0.04356714324390034,0.20900000000000254
2025,08,HUN.14.2_1,0.047289454608209686,0.2650000000000032
2025,08,HUN.14.3_1,0.044954562190896045,0.2280000000000028
2025,08,HUN.14.4_1,0.044954562190896045,0.2280000000000028
2025,08,HUN.14.5_1,0.04445929425769278,0.2210000000000026
2025,08,HUN.14.6_1,0.046941469908962384,0.25900000000000306
2025,08,HUN.14.7_1,0.04556529021950858,0.2370000000000028
2025,08,HUN.14.8_1,0.0446026476664922,0.2230000000000026
2025,08,HUN.14.9_1,0.04670312331468987,0.25500000000000306
2025,08,HUN.15.10_1,0.047289454608209686,0.2650000000000032
2025,08,HUN.15.1_1,0.049468199578330686,0.3080000000000037
2025,08,HUN.15.2_1,0.048961372768160066,0.2970000000000035
2025,08,HUN.15.3_1,0.04905601906281753,0.2990000000000036
2025,08,HUN.15.4_1,0.04985832471710238,0.31700000000000383
2025,08,HUN.15.5_1,0.047790468778521104,0.2740000000000033
2025,08,HUN.15.6_1,0.04862122225845318,0.2900000000000035
2025,08,HUN.15.7_1,0.049468199578330686,0.3080000000000037
2025,08,HUN.15.8_1,0.04768127286123926,0.27200000000000324
2025,08,HUN.15.9_1,0.047570860891398406,0.27000000000000324
2025,08,HUN.16.10_1,0.05184664596576425,0.37400000000000444
2025,08,HUN.16.11_1,0.05184664596576425,0.37400000000000444
2025,08,HUN.16.1_1,0.05075854039377685,0.340000000000004
2025,08,HUN.16.2_1,0.05158589783209623,0.3650000000000043
2025,08,HUN.16.3_1,0.051790367244427635,0.37200000000000444
2025,08,HUN.16.4_1,0.05127335462430599,0.3550000000000042
2025,08,HUN.16.5_1,0.05136966412533064,0.35800000000000415
2025,08,HUN.16.6_1,0.05181862503020059,0.37300000000000444
2025,08,HUN.16.7_1,0.050498994693194466,0.333000000000004
2025,08,HUN.16.8_1,0.05002477018288825,0.3210000000000039
2025,08,HUN.16.9_1,0.050936358829505014,0.3450000000000041
2025,08,HUN.17.1_1,0.027157956268328967,0.06900000000000088
2025,08,HUN.17.2_1,0.026974916643503207,0.06800000000000075
2025,08,HUN.17.3_1,0.0250459291071275,0.05800000000000074
2025,08,HUN.17.4_1,0.0276973318921435,0.07200000000000081
2025,08,HUN.17.5_1,0.028734950984828898,0.07800000000000089
2025,08,HUN.18.1_1,0.03298522044073291,0.10600000000000125
2025,08,HUN.18.2_1,0.0309695244565054,0.09200000000000107
2025,08,HUN.18.3_1,0.03579817824082167,0.12800000000000153
2025,08,HUN.18.4_1,0.0290694360142549,0.0800000000000009
2025,08,HUN.18.5_1,0.032145408826960195,0.10000000000000117
2025,08,HUN.18.6_1,0.03141838021169402,0.0950000000000011
2025,08,HUN.18.7_1,0.034312536668825215,0.11600000000000125
2025,08,HUN.18.8_1,0.03141838021169402,0.0950000000000011
2025,08,HUN.18.9_1,0.033392566519613545,0.10900000000000128
2025,08,HUN.19.1_1,0.04536490568613739,0.23400000000000276
2025,08,HUN.19.2_1,0.046335872039645,0.24900000000000297
2025,08,HUN.19.3_1,0.04762621940930128,0.27100000000000324
2025,08,HUN.19.4_1,0.04481489659808248,0.22600000000000267
2025,08,HUN.19.5_1,0.04670312331468987,0.25500000000000306
2025,08,HUN.19.6_1,0.04670312331468987,0.25500000000000306
2025,08,HUN.19.7_1,0.04402017422826474,0.21500000000000252
2025,08,HUN.19.8_1,0.043945646557811746,0.21400000000000252
2025,08,HUN.19.9_1,0.04402017422826474,0.21500000000000252
2025,08,HUN.2.1_1,0.043099762643608104,0.20300000000000248
2025,08,HUN.2.2_1,0.04261756031953566,0.1970000000000024
2025,08,HUN.2.3_1,0.04220403684682048,0.19200000000000222
2025,08,HUN.2.4_1,0.039675532248124916,0.16400000000000198
2025,08,HUN.2.5_1,0.04107672332927055,0.17900000000000219
2025,08,HUN.2.6_1,0.04269897777917304,0.19800000000000242
2025,08,HUN.2.7_1,0.04317867550953736,0.20400000000000226
2025,08,HUN.2.8_1,0.04379542427573367,0.2120000000000025
2025,08,HUN.2.9_1,0.043335275329871956,0.2060000000000024
2025,08,HUN.20.1_1,0.04107672332927055,0.17900000000000219
2025,08,HUN.20.2_1,0.04098676188624621,0.17800000000000205
2025,08,HUN.20.3_1,0.04186534149039199,0.18800000000000228
2025,08,HUN.20.4_1,0.04024956635388967,0.17000000000000207
2025,08,HUN.20.5_1,0.04071399297903086,0.17500000000000213
2025,08,HUN.20.6_1,0.04098676188624621,0.17800000000000205
2025,08,HUN.3.1_1,0.05152532353739658,0.3630000000000043
2025,08,HUN.3.2_1,0.05110794270935273,0.35000000000000414
2025,08,HUN.3.3_1,0.05155573093074108,0.3640000000000043
2025,08,HUN.3.4_1,0.05200981893605474,0.3800000000000045
2025,08,HUN.3.5_1,0.05203619244176497,0.38100000000000456
2025,08,HUN.3.6_1,0.05211391101315951,0.38400000000000456
2025,08,HUN.3.7_1,0.05152532353739658,0.3630000000000043
2025,08,HUN.3.8_1,0.05170416888621893,0.3690000000000044
2025,08,HUN.4.10_1,0.049942076582592816,0.31900000000000384
2025,08,HUN.4.11_1,0.04964427982782348,0.3120000000000038
2025,08,HUN.4.12_1,0.050536835833531336,0.3340000000000039
2025,08,HUN.4.13_1,0.0501468377700579,0.3240000000000038
2025,08,HUN.4.14_1,0.050460897645129024,0.332000000000004
2025,08,HUN.4.15_1,0.05018700344551615,0.32500000000000384
2025,08,HUN.4.1_1,0.048961372768160066,0.2970000000000035
2025,08,HUN.4.2_1,0.05127335462430599,0.3550000000000042
2025,08,HUN.4.3_1,0.04977350924431744,0.3150000000000038
2025,08,HUN.4.4_1,0.049423500735211304,0.3070000000000036
2025,08,HUN.4.5_1,0.05034506522554535,0.32900000000000396
2025,08,HUN.4.6_1,0.05079460595521066,0.341000000000004
2025,08,HUN.4.7_1,0.04968762471758899,0.31300000000000366
2025,08,HUN.4.8_1,0.05018700344551615,0.32500000000000384
2025,08,HUN.4.9_1,0.05184664596576425,0.37400000000000444
2025,08,HUN.5.1_1,0.0512407630973479,0.6460000000000077
2025,08,HUN.6.1_1,0.03567850769761684,0.1270000000000015
2025,08,HUN.6.2_1,0.035315112530703,0.12400000000000158
2025,08,HUN.6.3_1,0.03591713040271022,0.12900000000000153
2025,08,HUN.6.4_1,0.03591713040271022,0.12900000000000153
2025,08,HUN.6.5_1,0.032145408826960195,0.10000000000000117
2025,08,HUN.6.6_1,0.034312536668825215,0.11600000000000125
2025,08,HUN.6.7_1,0.036616146479067156,0.13500000000000162
2025,08,HUN.7.10_1,0.04569713552539781,0.2390000000000027
2025,08,HUN.7.1_1,0.04402017422826474,0.21500000000000252
2025,08,HUN.7.2_1,0.04522955358151126,0.23200000000000273
2025,08,HUN.7.3_1,0.04220403684682048,0.19200000000000222
2025,08,HUN.7.4_1,0.0437197256544641,0.21100000000000246
2025,08,HUN.7.5_1,0.043945646557811746,0.21400000000000252
2025,08,HUN.7.6_1,0.045297406923156314,0.23300000000000265
2025,08,HUN.7.7_1,0.04516134406297609,0.23100000000000273
2025,08,HUN.7.8_1,0.04488491161682869,0.22700000000000267
2025,08,HUN.7.9_1,0.044954562190896045,0.2280000000000028
2025,08,HUN.8.1_1,0.026603765108338655,0.06600000000000084
2025,08,HUN.8.2_1,0.02357305627935513,0.05100000000000065
2025,08,HUN.8.3_1,0.02544703872926757,0.06000000000000066
2025,08,HUN.8.4_1,0.023130552007606654,0.049000000000000626
2025,08,HUN.8.5_1,0.023130552007606654,0.049000000000000626
2025,08,HUN.8.6_1,0.02335309809591997,0.05000000000000064
2025,08,HUN.8.7_1,0.02335309809591997,0.05000000000000064
2025,08,HUN.9.1_1,0.03444062162043684,0.11700000000000138
2025,08,HUN.9.2_1,0.034053910117003865,0.11400000000000146
2025,08,HUN.9.3_1,0.033526563849028884,0.11000000000000129
2025,08,HUN.9.4_1,0.03312190575385394,0.10700000000000126
2025,08,HUN.9.5_1,0.035315112530703,0.12400000000000158
2025,08,HUN.9.6_1,0.031857669715930514,0.09800000000000114
2025,08,HUN.9.7_1,0.035436982311932166,0.1250000000000015
2025,08,HUN.9.8_1,0.0312698447059488,0.09400000000000108
2025,08,HUN.9.9_1,0.032569608085129646,0.1030000000000012
2025,08,IMN.10_2,0,0
2025,08,IMN.11_2,0,0
2025,08,IMN.12_2,0,0
2025,08,IMN.13_2,0,0
2025,08,IMN.14_2,0,0
2025,08,IMN.15_2,0,0
2025,08,IMN.16_2,0,0
2025,08,IMN.1_2,0,0
2025,08,IMN.2_2,0,0
2025,08,IMN.3_2,0,0
2025,08,IMN.4_2,0,0
2025,08,IMN.5_2,0,0
2025,08,IMN.7_2,0,0
2025,08,IMN.8_2,0,0
2025,08,IMN.9_2,0,0
2025,08,IRL.12.1_1,0,0
2025,08,IRL.12.2_1,0,0
2025,08,IRL.12.3_1,0,0
2025,08,IRL.13.2_1,0,0
2025,08,IRL.13.4_1,0,0
2025,08,IRL.14.1_1,0,0
2025,08,IRL.14.3_1,0,0
2025,08,IRL.15.3_1,0,0
2025,08,IRL.16.1_1,0,0
2025,08,IRL.16.2_1,0,0
2025,08,IRL.16.3_1,0,0
2025,08,IRL.16.4_1,0,0
2025,08,IRL.17.1_1,0,0
2025,08,IRL.17.5_1,0,0
2025,08,IRL.18.1_1,0,0
2025,08,IRL.18.2_1,0,0
2025,08,IRL.18.3_1,0,0
2025,08,IRL.19.1_1,0,0
2025,08,IRL.2.3_1,0,0
2025,08,IRL.20.1_1,0,0
2025,08,IRL.20.2_1,0,0
2025,08,IRL.20.3_1,0,0
2025,08,IRL.21.1_1,0,0
2025,08,IRL.22.3_1,0,0
2025,08,IRL.22.5_1,0,0
2025,08,IRL.23.2_1,0,0
2025,08,IRL.24.1_1,0,0
2025,08,IRL.26.2_1,0,0
2025,08,IRL.26.3_1,0,0
2025,08,IRL.3.2_1,0,0
2025,08,IRL.3.4_1,0,0
2025,08,IRL.4.1_1,0,0
2025,08,IRL.4.2_1,0,0
2025,08,IRL.4.3_1,0,0
2025,08,IRL.4.4_1,0,0
2025,08,IRL.4.5_1,0,0
2025,08,IRL.4.6_1,0,0
2025,08,IRL.4.7_1,0,0
2025,08,IRL.4.8_1,0,0
2025,08,IRL.4.9_1,0,0
2025,08,IRL.5.1_1,0,0
2025,08,IRL.5.3_1,0,0
2025,08,IRL.5.5_1,0,0
2025,08,IRL.6.1_1,0,0
2025,08,IRL.6.2_1,0,0
2025,08,IRL.6.3_1,0,0
2025,08,IRL.6.4_1,0,0
2025,08,IRL.7.1_1,0,0
2025,08,IRL.7.2_1,0,0
2025,08,IRL.7.3_1,0,0
2025,08,IRL.7.4_1,0,0
2025,08,IRL.7.5_1,0,0
2025,08,IRL.7.6_1,0,0
2025,08,IRL.8.1_1,0,0
2025,08,IRL.8.2_1,0,0
2025,08,IRL.8.3_1,0,0
2025,08,IRL.8.4_1,0,0
2025,08,IRL.8.5_1,0,0
2025,08,IRL.9.2_1,0,0
2025,08,IRL.9.5_1,0,0
2025,08,ISL.1.10_1,0,0
2025,08,ISL.1.11_1,0,0
2025,08,ISL.1.12_1,0,0
2025,08,ISL.1.13_1,0,0
2025,08,ISL.1.14_1,0,0
2025,08,ISL.1.15_1,0,0
2025,08,ISL.1.16_1,0,0
2025,08,ISL.1.1_1,0,0
2025,08,ISL.1.2_1,0,0
2025,08,ISL.1.3_1,0,0
2025,08,ISL.1.4_1,0,0
2025,08,ISL.1.5_1,0,0
2025,08,ISL.1.6_1,0,0
2025,08,ISL.1.7_1,0,0
2025,08,ISL.1.8_1,0,0
2025,08,ISL.1.9_1,0,0
2025,08,ISL.2.10_1,0,0
2025,08,ISL.2.11_1,0,0
2025,08,ISL.2.12_1,0,0
2025,08,ISL.2.13_1,0,0
2025,08,ISL.2.14_1,0,0
2025,08,ISL.2.15_1,0,0
2025,08,ISL.2.16_1,0,0
2025,08,ISL.2.17_1,0,0
2025,08,ISL.2.18_1,0,0
2025,08,ISL.2.19_1,0,0
2025,08,ISL.2.1_1,0,0
2025,08,ISL.2.20_1,0,0
2025,08,ISL.2.21_1,0,0
2025,08,ISL.2.22_1,0,0
2025,08,ISL.2.23_1,0,0
2025,08,ISL.2.24_1,0,0
2025,08,ISL.2.25_1,0,0
2025,08,ISL.2.2_1,0,0
2025,08,ISL.2.3_1,0,0
2025,08,ISL.2.4_1,0,0
2025,08,ISL.2.5_1,0,0
2025,08,ISL.2.6_1,0,0
2025,08,ISL.2.7_1,0,0
2025,08,ISL.2.9_1,0,0
2025,08,ISL.3.1_1,0,0
2025,08,ISL.3.2_1,0,0
2025,08,ISL.3.3_1,0,0
2025,08,ISL.3.4_1,0,0
2025,08,ISL.3.5_1,0,0
2025,08,ISL.3.6_1,0,0
2025,08,ISL.3.7_1,0,0
2025,08,ISL.4.10_1,0,0
2025,08,ISL.4.11_1,0,0
2025,08,ISL.4.12_1,0,0
2025,08,ISL.4.13_1,0,0
2025,08,ISL.4.1_1,0,0
2025,08,ISL.4.2_1,0,0
2025,08,ISL.4.3_1,0,0
2025,08,ISL.4.4_1,0,0
2025,08,ISL.4.5_1,0,0
2025,08,ISL.4.6_1,0,0
2025,08,ISL.4.7_1,0,0
2025,08,ISL.4.8_1,0,0
2025,08,ISL.4.9_1,0,0
2025,08,ISL.5.10_1,0,0
2025,08,ISL.5.11_1,0,0
2025,08,ISL.5.12_1,0,0
2025,08,ISL.5.13_1,0,0
2025,08,ISL.5.14_1,0,0
2025,08,ISL.5.15_1,0,0
2025,08,ISL.5.16_1,0,0
2025,08,ISL.5.17_1,0,0
2025,08,ISL.5.18_1,0,0
2025,08,ISL.5.19_1,0,0
2025,08,ISL.5.1_1,0,0
2025,08,ISL.5.20_1,0,0
2025,08,ISL.5.21_1,0,0
2025,08,ISL.5.22_1,0,0
2025,08,ISL.5.23_1,0,0
2025,08,ISL.5.25_1,0,0
2025,08,ISL.5.26_1,0,0
2025,08,ISL.5.27_1,0,0
2025,08,ISL.5.2_1,0,0
2025,08,ISL.5.3_1,0,0
2025,08,ISL.5.4_1,0,0
2025,08,ISL.5.5_1,0,0
2025,08,ISL.5.6_1,0,0
2025,08,ISL.5.7_1,0,0
2025,08,ISL.5.8_1,0,0
2025,08,ISL.5.9_1,0,0
2025,08,ISL.6.1_1,0,0
2025,08,ISL.6.2_1,0,0
2025,08,ISL.6.3_1,0,0
2025,08,ISL.6.4_1,0,0
2025,08,ISL.7.10_1,0,0
2025,08,ISL.7.11_1,0,0
2025,08,ISL.7.1_1,0,0
2025,08,ISL.7.2_1,0,0
2025,08,ISL.7.3_1,0,0
2025,08,ISL.7.4_1,0,0
2025,08,ISL.7.5_1,0,0
2025,08,ISL.7.6_1,0,0
2025,08,ISL.7.7_1,0,0
2025,08,ISL.7.8_1,0,0
2025,08,ISL.7.9_1,0,0
2025,08,ISL.8.11_1,0,0
2025,08,ISL.8.12_1,0,0
2025,08,ISL.8.13_1,0,0
2025,08,ISL.8.14_1,0,0
2025,08,ISL.8.15_1,0,0
2025,08,ISL.8.16_1,0,0
2025,08,ISL.8.1_1,0,0
2025,08,ISL.8.2_1,0,0
2025,08,ISL.8.3_1,0,0
2025,08,ISL.8.4_1,0,0
2025,08,ISL.8.5_1,0,0
2025,08,ISL.8.6_1,0,0
2025,08,ISL.8.7_1,0,0
2025,08,ISL.8.8_1,0,0
2025,08,ISL.8.9_1,0,0
2025,08,ITA.1.1_1,0.49700906111515625,0.43254644685813676
2025,08,ITA.1.2_1,0.4669876071101977,0.2723416085681989
2025,08,ITA.1.3_1,0.33683945670379883,0.4392892688727861
2025,08,ITA.1.4_1,0.3385270058478287,0.501142915880948
2025,08,ITA.10.10_1,0.6860592244704214,0.8856138997033748
2025,08,ITA.10.11_1,0.4571644379305873,0.594324500110329
2025,08,ITA.10.12_1,0.5711915534630619,0.9266025498978027
2025,08,ITA.10.1_1,0.7416632491523276,0.941984070022376
2025,08,ITA.10.2_1,0.6735824268748503,0.9489977898826826
2025,08,ITA.10.3_1,0.6190964839539104,0.9132966831933006
2025,08,ITA.10.4_1,0.5062864472171759,0.9430584242000293
2025,08,ITA.10.5_1,0.45831503816043506,0.9234145119208239
2025,08,ITA.10.6_1,0.37689084081358204,0.9304799958387737
2025,08,ITA.10.7_1,0.3899616296950426,0.9514818941785139
2025,08,ITA.10.8_1,0.5094800202714946,0.9770963775239802
2025,08,ITA.10.9_1,0.32572588499209326,0.974561974385715
2025,08,ITA.11.1_1,0.3552633124517763,0.7972811015957727
2025,08,ITA.11.2_1,0.30132100621010016,0.7072946038852215
2025,08,ITA.11.3_1,0.3272337534185547,0.71710425544238
2025,08,ITA.11.4_1,0.39660565443273915,0.6395069487267504
2025,08,ITA.11.5_1,0.43007631203594504,0.7434539614921666
2025,08,ITA.12.1_1,0.43891637537349737,0.3615464812534717
2025,08,ITA.12.2_1,0.35396145097974135,0.371110072148165
2025,08,ITA.13.1_1,0.7037668143325365,0.832477102855868
2025,08,ITA.13.2_1,0.5636530892940492,0.7740363505736781
2025,08,ITA.13.3_1,0.46328755057989046,0.8239462913759642
2025,08,ITA.13.4_1,0.8130451590733527,0.7744458908614936
2025,08,ITA.13.5_1,0.47294720433730175,0.8670105882650768
2025,08,ITA.13.6_1,0.9112807260136316,0.7288424523770538
2025,08,ITA.13.7_1,0.44666379407719975,0.7342593988508982
2025,08,ITA.13.8_1,0.4649810268784818,0.8326567348474597
2025,08,ITA.14.1_1,0.3799245849908996,0.4160087465365387
2025,08,ITA.14.2_1,0.2249472838941356,0.34751885044232955
2025,08,ITA.14.3_1,0.26058043834096745,0.3799137092457074
2025,08,ITA.14.4_1,0.39186434146189436,0.3268939328299797
2025,08,ITA.14.5_1,0.2502881752844295,0.44392765370041326
2025,08,ITA.14.6_1,0.21858192538014745,0.296050797727801
2025,08,ITA.14.7_1,0.45621252747976476,0.3820913392621166
2025,08,ITA.14.8_1,0.39293079709245804,0.33821961338988515
2025,08,ITA.15.1_1,0.25872718882045526,0.19873812374890013
2025,08,ITA.15.2_1,0.17779853284284644,0.16515674808430444
2025,08,ITA.15.3_1,0.3440140517169363,0.33177359154798075
2025,08,ITA.15.4_1,0.1548302339439317,0.1316918871234808
2025,08,ITA.15.5_1,0.42176658838130726,0.2423463846695907
2025,08,ITA.15.6_1,0.3426792888029764,0.18164015534617678
2025,08,ITA.15.7_1,0.15491908305236768,0.2890207670949454
2025,08,ITA.15.8_1,0.19747138577668658,0.2628392443293591
2025,08,ITA.15.9_1,0.20607488704145838,0.2784283908774644
2025,08,ITA.16.10_1,0.29610348027549266,0.3655174874816358
2025,08,ITA.16.1_1,0.3137342497317784,0.40268080698965003
2025,08,ITA.16.2_1,0.3390226446451524,0.43155415255363594
2025,08,ITA.16.3_1,0.25494504623371095,0.4092786908368814
2025,08,ITA.16.4_1,0.23106052882697695,0.5983128477053363
2025,08,ITA.16.5_1,0.30136592700395626,0.4581972296245954
2025,08,ITA.16.6_1,0.2133622301349132,0.4595371858620103
2025,08,ITA.16.7_1,0.32415261946748014,0.5055294616607156
2025,08,ITA.16.8_1,0.24196784935687418,0.4992502379659159
2025,08,ITA.16.9_1,0.13574572215307718,0.42963956514275914
2025,08,ITA.17.1_1,0.560673199338498,0.7285608586056739
2025,08,ITA.17.2_1,0.7375372141178895,0.8970079757971119
2025,08,ITA.18.1_1,0.3903429287316708,0.4334954864459171
2025,08,ITA.18.2_1,0.298138842093113,0.46796487624854755
2025,08,ITA.19.1_1,0.3704655901915309,0.23834339230463225
2025,08,ITA.2.1_1,0.2745796060433455,0.25671792307366154
2025,08,ITA.2.2_1,0.13793597882572078,0.29071724925478337
2025,08,ITA.2.3_1,0.19972893299716107,0.2772422980141836
2025,08,ITA.2.4_1,0.29270169261140555,0.16995294341893877
2025,08,ITA.2.5_1,0.4714631833970868,0.36271044672056096
2025,08,ITA.2.6_1,0.24175066738138418,0.2777965938994353
2025,08,ITA.20.1_1,0.43523441917298694,0.617485738451484
2025,08,ITA.20.2_1,0.4905112138466351,0.9226308210019267
2025,08,ITA.20.3_1,0.34312752493413184,0.912295434930754
2025,08,ITA.20.4_1,0.47739075592213787,0.9088818026176724
2025,08,ITA.20.5_1,0.31886573072700103,0.9087137718730443
2025,08,ITA.20.6_1,0.4854975864783951,0.901655717076674
2025,08,ITA.20.7_1,0.55461056803412,0.8644995566998582
2025,08,ITA.3.1_1,0.2933899995549945,0.6955739752702018
2025,08,ITA.3.2_1,0.5305737437812821,0.64632263991168315
2025,08,ITA.4.1_1,0.37066417923634737,0.21317140714327418
2025,08,ITA.4.2_1,0.512445160986582,0.20976577365033428
2025,08,ITA.4.3_1,0.22822080688899685,0.23953703076898922
2025,08,ITA.4.4_1,0.4197568031902426,0.2554046614590299
2025,08,ITA.4.5_1,0.32649656733642557,0.30331401774195405
2025,08,ITA.5.1_1,0.537530970860935,0.38335400115808027
2025,08,ITA.5.2_1,0.4396632726731461,0.39584420573210505
2025,08,ITA.5.3_1,0.5252953681387641,0.5754143592007908
2025,08,ITA.5.4_1,0.45570966912358174,0.7391699467072836
2025,08,ITA.5.5_1,0.6147888412171812,0.454226743499268
2025,08,ITA.6.1_1,0.40517785653458765,0.6874713071295644
2025,08,ITA.6.2_1,0.2667210938289119,0.7185807247022155
2025,08,ITA.6.3_1,0.2824575976483973,0.66340372205225
2025,08,ITA.6.4_1,0.35654240402210513,0.6056082981697907
2025,08,ITA.6.5_1,0.3562843879351668,0.4943597905443474
2025,08,ITA.6.6_1,0.3536749820450343,0.46952652324016986
2025,08,ITA.6.7_1,0.21318261131929678,0.8430828372740214
2025,08,ITA.6.8_1,0.3503453374609597,0.6220068256622938
2025,08,ITA.6.9_1,0.23126679962972704,0.727323775554588
2025,08,ITA.7.1_1,0.26216148265956235,0.7472111437255264
2025,08,ITA.7.2_1,0.3543613829421085,0.89225299840167
2025,08,ITA.7.3_1,0.1310199613985974,0.6324440981561793
2025,08,ITA.7.4_1,0.6016636418543759,0.8009010947410897
2025,08,ITA.8.1_1,0.4952690730045491,0.5180707068732863
2025,08,ITA.8.2_1,0.29266456317746503,0.5896445199412789
2025,08,ITA.8.3_1,0.42683669701128235,0.4014032164821294
2025,08,ITA.8.4_1,0.5753461866184448,0.5668911009853421
2025,08,ITA.8.5_1,0.4113585613566603,0.6277623944938401
2025,08,ITA.9.1_1,0.41091551530460446,0.8289748081870577
2025,08,ITA.9.2_1,0.3990595695388712,0.7825333786754906
2025,08,ITA.9.3_1,0.2781124921685063,0.8668069012551193
2025,08,ITA.9.4_1,0.40776112859951685,0.839896496310245
2025,08,JEY.10_1,0,0
2025,08,JEY.9_1,0,0
2025,08,LIE.10_1,0.04985832471710238,0.31700000000000383
2025,08,LIE.7_1,0.05281420996424385,0.41600000000000487
2025,08,LIE.9_1,0.05127335462430599,0.3550000000000042
2025,08,LTU.1.3_1,0,0
2025,08,LTU.1.4_1,0,0
2025,08,LTU.10.1_1,0,0
2025,08,LTU.10.3_1,0,0
2025,08,LTU.10.6_1,0,0
2025,08,LTU.4.1_1,0,0
2025,08,LTU.9.2_1,0,0
2025,08,LTU.9.5_1,0,0
2025,08,LUX.1.1_1,0.12098437545417126,0.34761992061796154
2025,08,LUX.1.2_1,0.15714615896914857,0.3609853190741627
2025,08,LUX.1.3_1,0.1574734282485679,0.3679054619196929
2025,08,LUX.1.4_1,0.08565208373995285,0.3398648915821097
2025,08,LUX.1.5_1,0.13253081612429574,0.370442062226869
2025,08,LUX.2.1_1,0.13567524846572354,0.4132702794710834
2025,08,LUX.2.2_1,0.1458599278443938,0.42649059290722285
2025,08,LUX.2.3_1,0.14649966141134202,0.4368042692701704
2025,08,LUX.3.1_1,0.07166287627157618,0.9998454339569991
2025,08,LUX.3.2_1,0.09141242207549544,0.999987691381514
2025,08,LUX.3.3_1,0.12223937168936937,0.999999999913326
2025,08,LUX.3.4_1,0.07870491887010317,0.9999451471807641
2025,08,LVA.2.2_1,0,0
2025,08,LVA.2.3_1,0,0
2025,08,LVA.2.4_1,0,0
2025,08,MDA.16_1,0,0
2025,08,MDA.17_1,0,0
2025,08,MDA.20_1,0,0
2025,08,MDA.21_1,0.05140128045743867,0.35900000000000426
2025,08,MDA.23_1,0.05187443043493572,0.37500000000000444
2025,08,MDA.24_1,0.051674959779282624,0.3680000000000044
2025,08,MDA.28_1,0,0
2025,08,MDA.37_1,0,0
2025,08,MDA.5_1,0,0
2025,08,MDA.6_1,0.052263070319342485,0.3900000000000045
2025,08,MDA.8_1,0.051463785566230866,0.36100000000000426
2025,08,MKD.11_1,0.047790468778521104,0.2740000000000033
2025,08,MKD.13_1,0.04269897777917304,0.19800000000000242
2025,08,MKD.14_1,0,0
2025,08,MKD.15_1,0.050266553287056544,0.32700000000000384
2025,08,MKD.16_1,0.04831849292289831,0.2840000000000034
2025,08,MKD.17_1,0.04876870414001352,0.2930000000000034
2025,08,MKD.18_1,0,0
2025,08,MKD.19_1,0.047116880095235916,0.2620000000000031
2025,08,MKD.20_1,0.051207926616278265,0.3530000000000043
2025,08,MKD.21_1,0.048865603332790344,0.2950000000000034
2025,08,MKD.23_1,0.053568823252102396,0.508000000000006
2025,08,MKD.24_1,0.052088238130114865,0.38300000000000456
2025,08,MKD.25_1,0.0499003332644516,0.31800000000000384
2025,08,MKD.26_1,0.04955678127391409,0.3100000000000037
2025,08,MKD.27_1,0.05061175268316719,0.3360000000000041
2025,08,MKD.28_1,0.050498994693194466,0.333000000000004
2025,08,MKD.29_1,0.049468199578330686,0.3080000000000037
2025,08,MKD.2_1,0.049600665583653634,0.31100000000000366
2025,08,MKD.30_1,0,0
2025,08,MKD.31_1,0.05002477018288825,0.3210000000000039
2025,08,MKD.32_1,0.05086598321211112,0.343000000000004
2025,08,MKD.33_1,0.04871982878112186,0.29200000000000337
2025,08,MKD.35_1,0,0
2025,08,MKD.36_1,0.05218953394002372,0.3870000000000046
2025,08,MKD.37_1,0.04842056148832926,0.2860000000000034
2025,08,MKD.38_1,0,0
2025,08,MKD.39_1,0,0
2025,08,MKD.3_1,0.05038393349990406,0.330000000000004
2025,08,MKD.40_1,0,0
2025,08,MKD.41_1,0.04784461332301269,0.2750000000000033
2025,08,MKD.42_1,0.05312103781659036,0.4350000000000052
2025,08,MKD.43_1,0.04670312331468987,0.25500000000000306
2025,08,MKD.44_1,0.05038393349990406,0.330000000000004
2025,08,MKD.45_1,0,0
2025,08,MKD.46_1,0.048110842555305545,0.28000000000000336
2025,08,MKD.47_1,0.0472322429161829,0.2640000000000031
2025,08,MKD.48_1,0,0
2025,08,MKD.49_1,0.050498994693194466,0.333000000000004
2025,08,MKD.4_1,0.04973070095725172,0.3140000000000038
2025,08,MKD.50_1,0.049600665583653634,0.31100000000000366
2025,08,MKD.51_1,0.0512407630973479,0.3540000000000043
2025,08,MKD.52_1,0.05022690841087985,0.32600000000000395
2025,08,MKD.54_1,0,0
2025,08,MKD.55_1,0.04900883589957695,0.2980000000000036
2025,08,MKD.56_1,0.04773602230270047,0.27300000000000324
2025,08,MKD.57_1,0.04905601906281753,0.2990000000000036
2025,08,MKD.58_1,0.04973070095725172,0.3140000000000038
2025,08,MKD.59_1,0.05018700344551615,0.32500000000000384
2025,08,MKD.5_1,0.05313497681553422,0.4360000000000051
2025,08,MKD.60_1,0,0
2025,08,MKD.61_1,0.04985832471710238,0.31700000000000383
2025,08,MKD.62_1,0.0513057016639678,0.3560000000000042
2025,08,MKD.63_1,0.049512626180506725,0.3090000000000036
2025,08,MKD.64_1,0.04269897777917304,0.19800000000000242
2025,08,MKD.65_1,0.05187443043493572,0.37500000000000444
2025,08,MKD.66_1,0.041693309860244096,0.18600000000000216
2025,08,MKD.67_1,0.050536835833531336,0.3340000000000039
2025,08,MKD.68_1,0.049512626180506725,0.3090000000000036
2025,08,MKD.69_1,0.05235788824396569,0.3940000000000048
2025,08,MKD.6_1,0,0
2025,08,MKD.70_1,0.046397901098640094,0.250000000000003
2025,08,MKD.72_1,0.04900883589957695,0.2980000000000036
2025,08,MKD.73_1,0,0
2025,08,MKD.74_1,0.045892316978621395,0.24200000000000277
2025,08,MKD.75_1,0.05249323279947388,0.4000000000000049
2025,08,MKD.76_1,0.05221427746458356,0.3880000000000046
2025,08,MKD.77_1,0.05042254410927727,0.3310000000000039
2025,08,MKD.79_1,0.04985832471710238,0.31700000000000383
2025,08,MKD.7_1,0.05257890184037298,0.4040000000000048
2025,08,MKD.81_1,0,0
2025,08,MKD.83_1,0.04269897777917304,0.19800000000000242
2025,08,MKD.84_1,0.05034506522554535,0.32900000000000396
2025,08,MKD.85_1,0,0
2025,08,MKD.8_1,0.050901295964699875,0.3440000000000041
2025,08,MKD.9_1,0.052449032386359284,0.6020000000000071
2025,08,MLT.1_1,0.047289454608209686,0.7350000000000088
2025,08,MLT.3.11_1,0.05357471700732276,0.49700000000000577
2025,08,MLT.3.3_1,0.05355756973657622,0.513000000000006
2025,08,MLT.3.5_1,0.05301729889542851,0.5720000000000067
2025,08,MLT.3.6_1,0.05038393349990406,0.670000000000008
2025,08,MLT.3.9_1,0.05061175268316719,0.6640000000000079
2025,08,MLT.4.10_1,0.05200981893605474,0.3800000000000045
2025,08,MLT.4.12_1,0.052449032386359284,0.39800000000000474
2025,08,MLT.4.2_1,0.051790367244427635,0.37200000000000444
2025,08,MLT.4.3_1,0.0528679872356119,0.4190000000000049
2025,08,MLT.4.4_1,0.05249323279947388,0.4000000000000049
2025,08,MLT.4.5_1,0.05238101793432105,0.39500000000000474
2025,08,MLT.4.9_1,0.05262037491566359,0.40600000000000486
2025,08,MLT.4_1,0.05235788824396569,0.3940000000000048
2025,08,MLT.5.14_1,0.05328515637799939,0.5520000000000066
2025,08,MLT.5.4_1,0.05323859426343184,0.5560000000000066
2025,08,MLT.5.9_1,0.05072222283022649,0.6610000000000079
2025,08,MLT.5_1,0.052739373914972805,0.588000000000007
2025,08,MNE.10_1,0.052660943235704534,0.40800000000000475
2025,08,MNE.11_1,0.045297406923156314,0.23300000000000265
2025,08,MNE.12_1,0.049816050269563004,0.3160000000000037
2025,08,MNE.13_1,0.047459224381707715,0.2680000000000032
2025,08,MNE.14_1,0.04670312331468987,0.25500000000000306
2025,08,MNE.15_1,0.045023850011640235,0.2290000000000028
2025,08,MNE.16_1,0.05198321118262047,0.3790000000000045
2025,08,MNE.17_1,0.04664273097501585,0.254000000000003
2025,08,MNE.18_1,0.04424144691598947,0.21800000000000244
2025,08,MNE.19_1,0.05337719081836405,0.4570000000000055
2025,08,MNE.1_1,0.048163196658493446,0.28100000000000336
2025,08,MNE.20_1,0.05326231153775854,0.4460000000000052
2025,08,MNE.21_1,0.04536490568613739,0.23400000000000276
2025,08,MNE.2_1,0.05317547641197093,0.4390000000000053
2025,08,MNE.3_1,0.048005245556371486,0.2780000000000033
2025,08,MNE.4_1,0.048005245556371486,0.2780000000000033
2025,08,MNE.5_1,0.05350866986814118,0.47500000000000564
2025,08,MNE.6_1,0.0528679872356119,0.4190000000000049
2025,08,MNE.7_1,0.05110794270935273,0.35000000000000414
2025,08,MNE.8_1,0.052088238130114865,0.38300000000000456
2025,08,MNE.9_1,0.04658201386199609,0.253000000000003
2025,08,NLD.1.10_1,0.049942076582592816,0.31900000000000384
2025,08,NLD.1.11_1,0.04985832471710238,0.31700000000000383
2025,08,NLD.1.12_1,0.048865603332790344,0.2950000000000034
2025,08,NLD.1.1_1,0.04977350924431744,0.3150000000000038
2025,08,NLD.1.2_1,0.05064882952464797,0.3370000000000041
2025,08,NLD.1.3_1,0.05034506522554535,0.32900000000000396
2025,08,NLD.1.4_1,0.05002477018288825,0.3210000000000039
2025,08,NLD.1.5_1,0.04998355533603743,0.3200000000000037
2025,08,NLD.1.6_1,0.049942076582592816,0.31900000000000384
2025,08,NLD.1.7_1,0.05097117232221693,0.3460000000000041
2025,08,NLD.1.8_1,0.05223878948244368,0.3890000000000046
2025,08,NLD.1.9_1,0.04977350924431744,0.3150000000000038
2025,08,NLD.10.10_1,0.050498994693194466,0.333000000000004
2025,08,NLD.10.11_1,0.050498994693194466,0.333000000000004
2025,08,NLD.10.12_1,0.050460897645129024,0.332000000000004
2025,08,NLD.10.13_1,0.05357525277110153,0.49800000000000594
2025,08,NLD.10.14_1,0.050498994693194466,0.333000000000004
2025,08,NLD.10.15_1,0.051790367244427635,0.37200000000000444
2025,08,NLD.10.16_1,0.050305938688955956,0.32800000000000396
2025,08,NLD.10.17_1,0.049600665583653634,0.31100000000000366
2025,08,NLD.10.18_1,0.048369672812695,0.2850000000000034
2025,08,NLD.10.19_1,0.049816050269563004,0.3160000000000037
2025,08,NLD.10.1_1,0.0499003332644516,0.31800000000000384
2025,08,NLD.10.20_1,0.05057442164057074,0.33500000000000396
2025,08,NLD.10.21_1,0.049423500735211304,0.3070000000000036
2025,08,NLD.10.22_1,0.049468199578330686,0.3080000000000037
2025,08,NLD.10.23_1,0.050266553287056544,0.32700000000000384
2025,08,NLD.10.24_1,0.04985832471710238,0.31700000000000383
2025,08,NLD.10.25_1,0.0513057016639678,0.3560000000000042
2025,08,NLD.10.26_1,0.05072222283022649,0.339000000000004
2025,08,NLD.10.3_1,0.0512407630973479,0.3540000000000043
2025,08,NLD.10.4_1,0.04900883589957695,0.2980000000000036
2025,08,NLD.10.5_2,0.0501468377700579,0.3240000000000038
2025,08,NLD.10.6_1,0.049512626180506725,0.3090000000000036
2025,08,NLD.10.7_1,0.05022690841087985,0.32600000000000395
2025,08,NLD.10.8_1,0.04968762471758899,0.31300000000000366
2025,08,NLD.10.9_1,0.05057442164057074,0.33500000000000396
2025,08,NLD.11.12_1,0.05117484470957062,0.35200000000000414
2025,08,NLD.11.13_1,0.05181862503020059,0.37300000000000444
2025,08,NLD.11.14_1,0.05216455857932832,0.3860000000000046
2025,08,NLD.11.16_1,0.05006572177490077,0.3220000000000039
2025,08,NLD.11.18_1,0.05213935104934067,0.38500000000000467
2025,08,NLD.11.21_1,0.05176187222054234,0.3710000000000044
2025,08,NLD.11.22_1,0.05355756973657622,0.513000000000006
2025,08,NLD.11.23_1,0.05184664596576425,0.37400000000000444
2025,08,NLD.11.24_1,0.050936358829505014,0.3450000000000041
2025,08,NLD.11.25_1,0.04968762471758899,0.31300000000000366
2025,08,NLD.11.26_1,0.05064882952464797,0.3370000000000041
2025,08,NLD.11.27_1,0.05218953394002372,0.3870000000000046
2025,08,NLD.11.28_1,0.052795837100001325,0.41500000000000486
2025,08,NLD.11.30_1,0.05100573695345546,0.3470000000000041
2025,08,NLD.11.31_1,0.05211391101315951,0.38400000000000456
2025,08,NLD.11.32_1,0.049600665583653634,0.31100000000000366
2025,08,NLD.11.33_1,0.05127335462430599,0.3550000000000042
2025,08,NLD.11.34_1,0.05351896829025776,0.5230000000000062
2025,08,NLD.11.35_1,0.05143265412313631,0.36000000000000426
2025,08,NLD.11.36_1,0.05002477018288825,0.3210000000000039
2025,08,NLD.11.37_1,0.05195636882157525,0.3780000000000046
2025,08,NLD.11.3_1,0.05086598321211112,0.343000000000004
2025,08,NLD.11.4_1,0.05042254410927727,0.3310000000000039
2025,08,NLD.11.6_1,0.05079460595521066,0.341000000000004
2025,08,NLD.11.7_1,0.05352379499351613,0.47800000000000553
2025,08,NLD.11.8_1,0.05083042005093492,0.34200000000000413
2025,08,NLD.12.10_1,0.05228712029734402,0.3910000000000047
2025,08,NLD.12.11_1,0.05100573695345546,0.3470000000000041
2025,08,NLD.12.12_1,0,0
2025,08,NLD.12.13_1,0,0
2025,08,NLD.12.1_1,0,0
2025,08,NLD.12.2_1,0,0
2025,08,NLD.12.3_1,0.05164551184117767,0.3670000000000044
2025,08,NLD.12.4_1,0,0
2025,08,NLD.12.5_1,0,0
2025,08,NLD.12.6_1,0,0
2025,08,NLD.12.7_1,0.05006572177490077,0.3220000000000039
2025,08,NLD.12.8_1,0,0
2025,08,NLD.12.9_1,0,0
2025,08,NLD.13.1_1,0.05075854039377685,0.340000000000004
2025,08,NLD.14.100_1,0.031120231328071145,0.09300000000000108
2025,08,NLD.14.101_1,0.029561155966880963,0.08300000000000095
2025,08,NLD.14.102_1,0.026974916643503207,0.06800000000000075
2025,08,NLD.14.103_1,0.026033812278364377,0.0630000000000008
2025,08,NLD.14.104_1,0.03019901055288063,0.087000000000001
2025,08,NLD.14.17_1,0.03761974324647021,0.14400000000000174
2025,08,NLD.14.18_1,0.032145408826960195,0.10000000000000117
2025,08,NLD.14.1_1,0.02804910782857209,0.07400000000000083
2025,08,NLD.14.21_1,0.039082495631943874,0.15800000000000192
2025,08,NLD.14.23_1,0.03141838021169402,0.0950000000000011
2025,08,NLD.14.26_1,0.03579817824082167,0.12800000000000153
2025,08,NLD.14.27_1,0.04024956635388967,0.17000000000000207
2025,08,NLD.14.29_1,0.037835812275910874,0.14600000000000174
2025,08,NLD.14.2_1,0.032287783430739486,0.10100000000000117
2025,08,NLD.14.30_2,0.029561155966880963,0.08300000000000095
2025,08,NLD.14.31_1,0.04212002722454298,0.19100000000000233
2025,08,NLD.14.32_1,0.036501359823263246,0.1340000000000016
2025,08,NLD.14.34_2,0.027519131920943116,0.0710000000000008
2025,08,NLD.14.36_1,0.04203557657265595,0.1900000000000022
2025,08,NLD.14.38_1,0.031857669715930514,0.09800000000000114
2025,08,NLD.14.39_1,0.0312698447059488,0.09400000000000108
2025,08,NLD.14.40_1,0.0290694360142549,0.0800000000000009
2025,08,NLD.14.43_1,0.028394908957379204,0.07600000000000086
2025,08,NLD.14.45_1,0.040622097723168556,0.174000000000002
2025,08,NLD.14.4_1,0.03081770804882203,0.09100000000000105
2025,08,NLD.14.53_2,0.02923465438458968,0.08100000000000092
2025,08,NLD.14.54_2,0.030041389923702495,0.08600000000000099
2025,08,NLD.14.56_1,0.04220403684682048,0.19200000000000222
2025,08,NLD.14.5_1,0.029561155966880963,0.08300000000000095
2025,08,NLD.14.60_1,0.029561155966880963,0.08300000000000095
2025,08,NLD.14.61_1,0.027873980759406204,0.07300000000000081
2025,08,NLD.14.63_1,0.03081770804882203,0.09100000000000105
2025,08,NLD.14.66_1,0.03986894724790687,0.166000000000002
2025,08,NLD.14.67_2,0.03270908333398575,0.10400000000000122
2025,08,NLD.14.70_1,0.041343767016851954,0.1820000000000021
2025,08,NLD.14.73_1,0.040060282061219143,0.16800000000000204
2025,08,NLD.14.78_1,0.031120231328071145,0.09300000000000108
2025,08,NLD.14.7_2,0.028734950984828898,0.07800000000000089
2025,08,NLD.14.81_1,0.03081770804882203,0.09100000000000105
2025,08,NLD.14.82_1,0.03171227808001417,0.09700000000000113
2025,08,NLD.14.84_1,0.027519131920943116,0.0710000000000008
2025,08,NLD.14.86_1,0.026415581930063388,0.06500000000000072
2025,08,NLD.14.89_1,0.03270908333398575,0.10400000000000122
2025,08,NLD.14.8_1,0.03156585306133666,0.09600000000000111
2025,08,NLD.14.90_1,0.036730261831037725,0.13600000000000162
2025,08,NLD.14.91_1,0.0312698447059488,0.09400000000000108
2025,08,NLD.14.93_1,0.03986894724790687,0.166000000000002
2025,08,NLD.14.94_1,0.02544703872926757,0.06000000000000066
2025,08,NLD.14.95_1,0.0290694360142549,0.0800000000000009
2025,08,NLD.14.96_1,0.02804910782857209,0.07400000000000083
2025,08,NLD.14.97_1,0.03081770804882203,0.09100000000000105
2025,08,NLD.14.98_1,0.037942931497950444,0.14700000000000177
2025,08,NLD.14.99_1,0.03555811151997655,0.1260000000000015
2025,08,NLD.2.1_1,0.05100573695345546,0.3470000000000041
2025,08,NLD.2.2_1,0.04985832471710238,0.31700000000000383
2025,08,NLD.2.3_1,0.050305938688955956,0.32800000000000396
2025,08,NLD.2.4_1,0.049468199578330686,0.3080000000000037
2025,08,NLD.2.6_1,0.04968762471758899,0.31300000000000366
2025,08,NLD.3.10_1,0,0
2025,08,NLD.3.11_2,0,0
2025,08,NLD.3.14_2,0,0
2025,08,NLD.3.1_1,0,0
2025,08,NLD.3.20_1,0.05010641075754359,0.3230000000000039
2025,08,NLD.3.21_1,0.05022690841087985,0.32600000000000395
2025,08,NLD.3.24_1,0,0
2025,08,NLD.3.27_1,0,0
2025,08,NLD.3.29_1,0.050305938688955956,0.32800000000000396
2025,08,NLD.3.32_1,0.05034506522554535,0.32900000000000396
2025,08,NLD.3.33_1,0,0
2025,08,NLD.3.34_1,0,0
2025,08,NLD.3.35_1,0,0
2025,08,NLD.3.5_1,0,0
2025,08,NLD.4.10_1,0.05164551184117767,0.3670000000000044
2025,08,NLD.4.11_1,0.05213935104934067,0.38500000000000467
2025,08,NLD.4.14_1,0.053567001414749696,0.4910000000000058
2025,08,NLD.4.15_2,0.05097117232221693,0.3460000000000041
2025,08,NLD.4.16_1,0.052088238130114865,0.38300000000000456
2025,08,NLD.4.17_1,0.05203619244176497,0.38100000000000456
2025,08,NLD.4.18_1,0.05042254410927727,0.3310000000000039
2025,08,NLD.4.20_1,0.050901295964699875,0.3440000000000041
2025,08,NLD.4.21_1,0.04977350924431744,0.3150000000000038
2025,08,NLD.4.22_1,0.05083042005093492,0.34200000000000413
2025,08,NLD.4.28_1,0.05006572177490077,0.3220000000000039
2025,08,NLD.4.29_1,0.050305938688955956,0.32800000000000396
2025,08,NLD.4.30_1,0.04937852891182793,0.30600000000000366
2025,08,NLD.4.32_1,0.050901295964699875,0.3440000000000041
2025,08,NLD.4.34_1,0.05203619244176497,0.38100000000000456
2025,08,NLD.4.37_1,0.050936358829505014,0.3450000000000041
2025,08,NLD.4.38_2,0.04914954870519141,0.3010000000000036
2025,08,NLD.4.39_1,0.05114151690094962,0.35100000000000414
2025,08,NLD.4.3_1,0.05034506522554535,0.32900000000000396
2025,08,NLD.4.43_1,0.05079460595521066,0.341000000000004
2025,08,NLD.4.44_1,0.05072222283022649,0.339000000000004
2025,08,NLD.4.45_1,0.04973070095725172,0.3140000000000038
2025,08,NLD.4.46_1,0.0499003332644516,0.31800000000000384
2025,08,NLD.4.47_1,0.052536521867152866,0.4020000000000048
2025,08,NLD.4.48_1,0.049816050269563004,0.3160000000000037
2025,08,NLD.4.49_1,0.05140128045743867,0.35900000000000426
2025,08,NLD.4.4_1,0.050305938688955956,0.32800000000000396
2025,08,NLD.4.50_1,0.05038393349990406,0.330000000000004
2025,08,NLD.4.52_1,0.05346584579576038,0.4680000000000055
2025,08,NLD.4.54_1,0.05097117232221693,0.3460000000000041
2025,08,NLD.4.56_1,0.05164551184117767,0.3670000000000044
2025,08,NLD.4.58_1,0.050460897645129024,0.332000000000004
2025,08,NLD.4.5_1,0.04998355533603743,0.3200000000000037
2025,08,NLD.4.60_1,0.05064882952464797,0.3370000000000041
2025,08,NLD.4.63_1,0.05097117232221693,0.3460000000000041
2025,08,NLD.4.64_1,0.05355756973657622,0.48700000000000576
2025,08,NLD.4.65_1,0.05136966412533064,0.35800000000000415
2025,08,NLD.4.66_1,0.05034506522554535,0.32900000000000396
2025,08,NLD.4.68_1,0.051733139566526816,0.3700000000000044
2025,08,NLD.4.70_2,0.0513057016639678,0.3560000000000042
2025,08,NLD.4.71_2,0.04985832471710238,0.31700000000000383
2025,08,NLD.4.72_1,0.05097117232221693,0.3460000000000041
2025,08,NLD.4.73_1,0.04973070095725172,0.3140000000000038
2025,08,NLD.4.74_1,0.04968762471758899,0.31300000000000366
2025,08,NLD.4.75_1,0.049512626180506725,0.3090000000000036
2025,08,NLD.4.76_1,0.050498994693194466,0.333000000000004
2025,08,NLD.4.77_1,0.050498994693194466,0.333000000000004
2025,08,NLD.4.78_1,0.050901295964699875,0.3440000000000041
2025,08,NLD.4.79_1,0.051040053228812075,0.3480000000000041
2025,08,NLD.4.7_1,0.053564965170263344,0.5100000000000061
2025,08,NLD.4.9_1,0.049512626180506725,0.3090000000000036
2025,08,NLD.5.15_1,0,0
2025,08,NLD.5.19_1,0,0
2025,08,NLD.5.21_1,0,0
2025,08,NLD.5.26_1,0,0
2025,08,NLD.5.27_1,0,0
2025,08,NLD.5.28_1,0,0
2025,08,NLD.5.29_1,0,0
2025,08,NLD.5.30_1,0.050536835833531336,0.3340000000000039
2025,08,NLD.5.31_1,0.049942076582592816,0.31900000000000384
2025,08,NLD.5.7_2,0.05038393349990406,0.330000000000004
2025,08,NLD.6.1_1,0.05195636882157525,0.3780000000000046
2025,08,NLD.7.10_1,0.04968762471758899,0.31300000000000366
2025,08,NLD.7.13_1,0.05158589783209623,0.3650000000000043
2025,08,NLD.7.16_2,0.04985832471710238,0.31700000000000383
2025,08,NLD.7.18_1,0.050685652722861733,0.3380000000000041
2025,08,NLD.7.20_1,0.050536835833531336,0.3340000000000039
2025,08,NLD.7.23_1,0.05072222283022649,0.339000000000004
2025,08,NLD.7.26_1,0.04867066844207512,0.29100000000000337
2025,08,NLD.7.28_1,0.050460897645129024,0.332000000000004
2025,08,NLD.7.29_1,0.04985832471710238,0.31700000000000383
2025,08,NLD.7.32_2,0.04977350924431744,0.3150000000000038
2025,08,NLD.7.33_2,0.050305938688955956,0.32800000000000396
2025,08,NLD.7.37_1,0.050685652722861733,0.3380000000000041
2025,08,NLD.7.38_1,0.050685652722861733,0.3380000000000041
2025,08,NLD.7.39_1,0.051790367244427635,0.37200000000000444
2025,08,NLD.7.3_1,0.05100573695345546,0.3470000000000041
2025,08,NLD.7.42_1,0.04910292306494889,0.3000000000000036
2025,08,NLD.7.43_1,0.05034506522554535,0.32900000000000396
2025,08,NLD.7.44_2,0.05042254410927727,0.3310000000000039
2025,08,NLD.7.45_1,0.049816050269563004,0.3160000000000037
2025,08,NLD.7.46_1,0.0499003332644516,0.31800000000000384
2025,08,NLD.7.47_1,0.050498994693194466,0.333000000000004
2025,08,NLD.7.48_1,0.05079460595521066,0.341000000000004
2025,08,NLD.7.49_1,0.050305938688955956,0.32800000000000396
2025,08,NLD.7.4_1,0.05075854039377685,0.340000000000004
2025,08,NLD.7.50_1,0.049423500735211304,0.3070000000000036
2025,08,NLD.7.51_1,0.05057442164057074,0.33500000000000396
2025,08,NLD.7.52_1,0.050498994693194466,0.333000000000004
2025,08,NLD.7.5_1,0.0499003332644516,0.31800000000000384
2025,08,NLD.7.6_1,0.052263070319342485,0.3900000000000045
2025,08,NLD.7.7_1,0.05075854039377685,0.340000000000004
2025,08,NLD.7.9_1,0.05018700344551615,0.32500000000000384
2025,08,NLD.8.10_1,0.050498994693194466,0.333000000000004
2025,08,NLD.8.11_1,0.05072222283022649,0.339000000000004
2025,08,NLD.8.12_1,0.05097117232221693,0.3460000000000041
2025,08,NLD.8.13_1,0.05018700344551615,0.32500000000000384
2025,08,NLD.8.14_1,0.051040053228812075,0.3480000000000041
2025,08,NLD.8.15_1,0.051040053228812075,0.3480000000000041
2025,08,NLD.8.16_1,0.051790367244427635,0.37200000000000444
2025,08,NLD.8.17_1,0.050498994693194466,0.333000000000004
2025,08,NLD.8.18_1,0.05262037491566359,0.40600000000000486
2025,08,NLD.8.19_1,0.05133780467847467,0.3570000000000042
2025,08,NLD.8.1_1,0.05143265412313631,0.36000000000000426
2025,08,NLD.8.20_1,0.05152532353739658,0.3630000000000043
2025,08,NLD.8.21_1,0.05158589783209623,0.3650000000000043
2025,08,NLD.8.22_1,0.05170416888621893,0.3690000000000044
2025,08,NLD.8.23_1,0.05133780467847467,0.3570000000000042
2025,08,NLD.8.25_1,0.05061175268316719,0.3360000000000041
2025,08,NLD.8.26_1,0.05100573695345546,0.3470000000000041
2025,08,NLD.8.27_1,0.05042254410927727,0.3310000000000039
2025,08,NLD.8.28_1,0.05152532353739658,0.3630000000000043
2025,08,NLD.8.30_1,0.05170416888621893,0.3690000000000044
2025,08,NLD.8.31_1,0.05086598321211112,0.343000000000004
2025,08,NLD.8.32_1,0.050936358829505014,0.3450000000000041
2025,08,NLD.8.33_1,0.05206233205574367,0.38200000000000445
2025,08,NLD.8.34_1,0.05083042005093492,0.34200000000000413
2025,08,NLD.8.35_1,0.050936358829505014,0.3450000000000041
2025,08,NLD.8.36_1,0.05149467522603414,0.36200000000000426
2025,08,NLD.8.38_1,0.051207926616278265,0.3530000000000043
2025,08,NLD.8.3_1,0.0501468377700579,0.3240000000000038
2025,08,NLD.8.41_1,0.0512407630973479,0.3540000000000043
2025,08,NLD.8.42_1,0.05114151690094962,0.35100000000000414
2025,08,NLD.8.43_1,0.050536835833531336,0.3340000000000039
2025,08,NLD.8.44_1,0.05018700344551615,0.32500000000000384
2025,08,NLD.8.45_1,0.05079460595521066,0.341000000000004
2025,08,NLD.8.46_1,0.051733139566526816,0.3700000000000044
2025,08,NLD.8.47_2,0.051790367244427635,0.37200000000000444
2025,08,NLD.8.48_1,0.05231093973486073,0.3920000000000047
2025,08,NLD.8.49_1,0.05187443043493572,0.37500000000000444
2025,08,NLD.8.4_1,0.05018700344551615,0.32500000000000384
2025,08,NLD.8.50_1,0.05100573695345546,0.3470000000000041
2025,08,NLD.8.52_1,0.050901295964699875,0.3440000000000041
2025,08,NLD.8.54_1,0.04998355533603743,0.3200000000000037
2025,08,NLD.8.55_1,0.05002477018288825,0.3210000000000039
2025,08,NLD.8.56_1,0.04847115986701683,0.2870000000000033
2025,08,NLD.8.57_1,0.05176187222054234,0.3710000000000044
2025,08,NLD.8.58_1,0.05133780467847467,0.3570000000000042
2025,08,NLD.8.59_1,0.05127335462430599,0.3550000000000042
2025,08,NLD.8.5_1,0.05149467522603414,0.36200000000000426
2025,08,NLD.8.60_1,0.04985832471710238,0.31700000000000383
2025,08,NLD.8.62_1,0.05107412164889149,0.34900000000000414
2025,08,NLD.8.63_2,0.04977350924431744,0.3150000000000038
2025,08,NLD.8.64_1,0.05079460595521066,0.341000000000004
2025,08,NLD.8.65_1,0.05158589783209623,0.3650000000000043
2025,08,NLD.8.67_1,0.050498994693194466,0.333000000000004
2025,08,NLD.8.69_1,0.048865603332790344,0.2950000000000034
2025,08,NLD.8.6_1,0.050536835833531336,0.3340000000000039
2025,08,NLD.8.70_1,0.05042254410927727,0.3310000000000039
2025,08,NLD.8.71_1,0.05010641075754359,0.3230000000000039
2025,08,NLD.8.72_1,0.050460897645129024,0.332000000000004
2025,08,NLD.8.7_1,0.049942076582592816,0.31900000000000384
2025,08,NLD.8.8_1,0.05038393349990406,0.330000000000004
2025,08,NLD.8.9_1,0.050936358829505014,0.3450000000000041
2025,08,NLD.9.10_1,0.05038393349990406,0.330000000000004
2025,08,NLD.9.11_1,0.05117484470957062,0.35200000000000414
2025,08,NLD.9.12_2,0.05022690841087985,0.32600000000000395
2025,08,NLD.9.14_1,0.04900883589957695,0.2980000000000036
2025,08,NLD.9.15_1,0.049423500735211304,0.3070000000000036
2025,08,NLD.9.16_1,0.05083042005093492,0.34200000000000413
2025,08,NLD.9.1_1,0.05072222283022649,0.339000000000004
2025,08,NLD.9.21_1,0.053571823790329584,0.506000000000006
2025,08,NLD.9.23_2,0.05155573093074108,0.3640000000000043
2025,08,NLD.9.25_1,0.0499003332644516,0.31800000000000384
2025,08,NLD.9.26_1,0.05086598321211112,0.343000000000004
2025,08,NLD.9.27_1,0.050685652722861733,0.3380000000000041
2025,08,NLD.9.28_1,0.049942076582592816,0.31900000000000384
2025,08,NLD.9.29_1,0.0513057016639678,0.3560000000000042
2025,08,NLD.9.30_1,0.053573002527225126,0.4950000000000059
2025,08,NLD.9.31_1,0.05143265412313631,0.36000000000000426
2025,08,NLD.9.32_1,0.05354824360353189,0.48400000000000576
2025,08,NLD.9.33_1,0.049816050269563004,0.3160000000000037
2025,08,NLD.9.34_1,0.05097117232221693,0.3460000000000041
2025,08,NLD.9.3_1,0.053564965170263344,0.5100000000000061
2025,08,NLD.9.41_1,0.05346584579576038,0.4680000000000055
2025,08,NLD.9.42_1,0.05346584579576038,0.4680000000000055
2025,08,NLD.9.43_1,0.05357396692903125,0.4960000000000059
2025,08,NLD.9.44_1,0.05176187222054234,0.3710000000000044
2025,08,NLD.9.47_1,0.050536835833531336,0.3340000000000039
2025,08,NLD.9.48_1,0.04768127286123926,0.27200000000000324
2025,08,NLD.9.49_1,0.05354095308111759,0.4820000000000057
2025,08,NLD.9.4_1,0.052936568913506954,0.4230000000000051
2025,08,NLD.9.50_1,0.05354824360353189,0.5160000000000061
2025,08,NLD.9.51_1,0.0513057016639678,0.3560000000000042
2025,08,NLD.9.53_1,0.05061175268316719,0.3360000000000041
2025,08,NLD.9.54_1,0.050685652722861733,0.3380000000000041
2025,08,NLD.9.59_1,0.05161582466312911,0.3660000000000043
2025,08,NLD.9.61_1,0.05190197881747467,0.37600000000000444
2025,08,NLD.9.62_1,0.05357396692903125,0.4960000000000059
2025,08,NLD.9.63_1,0.05356271449419057,0.4890000000000058
2025,08,NLD.9.66_1,0.05198321118262047,0.3790000000000045
2025,08,NLD.9.67_1,0.05309250008497349,0.4330000000000052
2025,08,NLD.9.68_1,0.05354095308111759,0.4820000000000057
2025,08,NLD.9.69_1,0.051040053228812075,0.3480000000000041
2025,08,NLD.9.70_1,0.050685652722861733,0.3380000000000041
2025,08,NLD.9.71_1,0.05349751100701321,0.47300000000000547
2025,08,NLD.9.72_1,0.050498994693194466,0.333000000000004
2025,08,NLD.9.73_1,0.04968762471758899,0.31300000000000366
2025,08,NLD.9.7_1,0.05330712990580273,0.4500000000000053
2025,08,NLD.9.9_1,0.04867066844207512,0.29100000000000337
2025,08,NOR.1.3_1,0,0
2025,08,NOR.17.17_1,0,0
2025,08,NOR.17.22_1,0,0
2025,08,NOR.17.9_1,0,0
2025,08,NOR.2.10_1,0,0
2025,08,NOR.2.16_1,0,0
2025,08,NOR.2.1_1,0,0
2025,08,NOR.2.6_1,0,0
2025,08,NOR.5.13_1,0,0
2025,08,NOR.5.16_1,0,0
2025,08,NOR.5.17_1,0,0
2025,08,NOR.5.7_1,0,0
2025,08,NOR.5.8_1,0,0
2025,08,NOR.6.10_1,0,0
2025,08,NOR.6.20_1,0,0
2025,08,NOR.6.22_1,0,0
2025,08,NOR.6.3_1,0,0
2025,08,NOR.6.4_1,0,0
2025,08,NOR.6.6_1,0,0
2025,08,NOR.6.8_1,0,0
2025,08,POL.1.23_1,0,0
2025,08,POL.1.27_1,0,0
2025,08,POL.1.28_1,0,0
2025,08,POL.1.6_1,0,0
2025,08,POL.1.7_1,0,0
2025,08,POL.1.8_1,0,0
2025,08,POL.1.9_1,0,0
2025,08,POL.10.10_1,0,0
2025,08,POL.10.11_1,0,0
2025,08,POL.10.13_1,0,0
2025,08,POL.10.14_1,0,0
2025,08,POL.10.15_1,0,0
2025,08,POL.10.16_1,0,0
2025,08,POL.10.1_1,0,0
2025,08,POL.10.2_1,0,0
2025,08,POL.10.3_1,0,0
2025,08,POL.10.4_1,0,0
2025,08,POL.10.5_1,0,0
2025,08,POL.10.6_1,0,0
2025,08,POL.10.7_1,0,0
2025,08,POL.10.9_1,0,0
2025,08,POL.11.10_1,0,0
2025,08,POL.11.11_1,0,0
2025,08,POL.11.12_1,0,0
2025,08,POL.11.13_1,0,0
2025,08,POL.11.16_1,0,0
2025,08,POL.11.17_1,0,0
2025,08,POL.11.18_1,0,0
2025,08,POL.11.19_1,0,0
2025,08,POL.11.1_1,0,0
2025,08,POL.11.20_1,0,0
2025,08,POL.11.2_1,0,0
2025,08,POL.11.3_1,0,0
2025,08,POL.11.4_1,0,0
2025,08,POL.11.5_1,0,0
2025,08,POL.11.6_1,0,0
2025,08,POL.11.7_1,0,0
2025,08,POL.11.8_1,0,0
2025,08,POL.11.9_1,0,0
2025,08,POL.12.36_1,0,0
2025,08,POL.14.10_1,0,0
2025,08,POL.14.11_1,0,0
2025,08,POL.14.12_1,0,0
2025,08,POL.14.13_1,0,0
2025,08,POL.14.14_1,0,0
2025,08,POL.14.15_1,0,0
2025,08,POL.14.16_1,0,0
2025,08,POL.14.17_1,0,0
2025,08,POL.14.18_1,0,0
2025,08,POL.14.19_1,0,0
2025,08,POL.14.1_1,0,0
2025,08,POL.14.20_1,0,0
2025,08,POL.14.21_1,0,0
2025,08,POL.14.2_1,0,0
2025,08,POL.14.3_1,0,0
2025,08,POL.14.5_1,0,0
2025,08,POL.14.6_1,0,0
2025,08,POL.14.7_1,0,0
2025,08,POL.14.8_1,0,0
2025,08,POL.14.9_1,0,0
2025,08,POL.15.10_1,0,0
2025,08,POL.15.12_1,0,0
2025,08,POL.15.17_1,0,0
2025,08,POL.15.18_1,0,0
2025,08,POL.15.22_1,0,0
2025,08,POL.15.27_1,0,0
2025,08,POL.15.2_1,0,0
2025,08,POL.15.32_1,0,0
2025,08,POL.15.35_1,0,0
2025,08,POL.15.3_1,0,0
2025,08,POL.16.12_1,0,0
2025,08,POL.16.13_1,0,0
2025,08,POL.16.18_1,0,0
2025,08,POL.16.21_1,0,0
2025,08,POL.16.22_1,0,0
2025,08,POL.16.2_1,0,0
2025,08,POL.16.6_1,0,0
2025,08,POL.2.10_1,0,0
2025,08,POL.2.11_1,0,0
2025,08,POL.2.12_1,0,0
2025,08,POL.2.13_1,0,0
2025,08,POL.2.14_1,0,0
2025,08,POL.2.15_1,0,0
2025,08,POL.2.16_1,0,0
2025,08,POL.2.18_1,0,0
2025,08,POL.2.19_1,0,0
2025,08,POL.2.1_1,0,0
2025,08,POL.2.20_1,0,0
2025,08,POL.2.21_1,0,0
2025,08,POL.2.22_1,0,0
2025,08,POL.2.23_1,0,0
2025,08,POL.2.2_1,0,0
2025,08,POL.2.4_1,0,0
2025,08,POL.2.5_1,0,0
2025,08,POL.2.6_1,0,0
2025,08,POL.2.7_1,0,0
2025,08,POL.2.8_1,0,0
2025,08,POL.2.9_1,0,0
2025,08,POL.3.16_1,0,0
2025,08,POL.3.19_1,0,0
2025,08,POL.3.20_1,0,0
2025,08,POL.3.3_1,0,0
2025,08,POL.3.8_1,0,0
2025,08,POL.4.22_1,0,0
2025,08,POL.4.2_1,0,0
2025,08,POL.5.12_1,0,0
2025,08,POL.5.1_1,0,0
2025,08,POL.5.2_1,0,0
2025,08,POL.5.3_1,0,0
2025,08,POL.5.4_1,0,0
2025,08,POL.5.6_1,0,0
2025,08,POL.5.7_1,0,0
2025,08,POL.5.8_1,0,0
2025,08,POL.5.9_1,0,0
2025,08,POL.6.12_1,0,0
2025,08,POL.6.13_1,0,0
2025,08,POL.6.17_1,0,0
2025,08,POL.6.20_1,0,0
2025,08,POL.6.5_1,0,0
2025,08,POL.7.12_1,0,0
2025,08,POL.7.13_1,0,0
2025,08,POL.7.14_1,0,0
2025,08,POL.7.16_1,0,0
2025,08,POL.7.18_1,0,0
2025,08,POL.7.19_1,0,0
2025,08,POL.7.1_1,0,0
2025,08,POL.7.21_1,0,0
2025,08,POL.7.22_1,0,0
2025,08,POL.7.23_1,0,0
2025,08,POL.7.24_1,0,0
2025,08,POL.7.25_1,0,0
2025,08,POL.7.26_1,0,0
2025,08,POL.7.30_1,0,0
2025,08,POL.7.31_1,0,0
2025,08,POL.7.32_1,0,0
2025,08,POL.7.35_1,0,0
2025,08,POL.7.36_1,0,0
2025,08,POL.7.37_1,0,0
2025,08,POL.7.38_1,0,0
2025,08,POL.7.39_1,0,0
2025,08,POL.7.3_1,0,0
2025,08,POL.7.40_1,0,0
2025,08,POL.7.42_1,0,0
2025,08,POL.7.4_1,0,0
2025,08,POL.7.5_1,0,0
2025,08,POL.7.6_1,0,0
2025,08,POL.7.7_1,0,0
2025,08,POL.7.8_1,0,0
2025,08,POL.8.7_1,0,0
2025,08,POL.9.10_1,0,0
2025,08,POL.9.1_1,0.04968762471758899,0.31300000000000366
2025,08,POL.9.21_1,0,0
2025,08,POL.9.5_1,0,0
2025,08,POL.9.8_1,0,0
2025,08,PRT.1.10_1,0.1435045602788069,0.39406364214725975
2025,08,PRT.1.11_1,0,0
2025,08,PRT.1.12_1,0.2233576003842277,0.42268413000199745
2025,08,PRT.1.13_1,0,0
2025,08,PRT.1.14_1,0.13613035593318654,0.38345121121304615
2025,08,PRT.1.15_1,0.28770757462816776,0.44261645792903953
2025,08,PRT.1.16_1,0.05231093973486073,0.3920000000000047
2025,08,PRT.1.17_1,0.09560814141625223,0.15729068496693951
2025,08,PRT.1.18_1,0.09876722997801199,0.14662733372883938
2025,08,PRT.1.19_1,0.1484807843201906,0.36855703846475935
2025,08,PRT.1.1_1,0.04595669359467303,0.015796658649158322
2025,08,PRT.1.2_1,0.05176187222054234,0.06866555617249763
2025,08,PRT.1.3_1,0.11444392581415039,0.16308073015321617
2025,08,PRT.1.4_1,0.22086762925783215,0.3611723765348635
2025,08,PRT.1.5_1,0,0
2025,08,PRT.1.6_1,0.14900320714521645,0.37284384787011227
2025,08,PRT.1.7_1,0.115594868290338,0.4554370186116769
2025,08,PRT.1.8_1,0.05038393349990406,0.06573705179282952
2025,08,PRT.1.9_1,0,0
2025,08,PRT.10.10_1,0.23396658931880082,0.2603041246377331
2025,08,PRT.10.11_1,0.2861921833160669,0.26507343769750463
2025,08,PRT.10.12_1,0.24981381406954212,0.2903766661660574
2025,08,PRT.10.13_1,0.24602844245152022,0.2735375249665361
2025,08,PRT.10.14_1,0.0907929986550428,0.07194655023322558
2025,08,PRT.10.1_1,0.08264545085703962,0.1738892363534878
2025,08,PRT.10.2_1,0.24051330553633082,0.2551692508944697
2025,08,PRT.10.3_1,0.21309914327667556,0.2675681836799236
2025,08,PRT.10.4_1,0.18683544699605556,0.26592962667988346
2025,08,PRT.10.5_1,0.18444105098694183,0.27851363574428356
2025,08,PRT.10.6_1,0.21747416405251677,0.28817459822138647
2025,08,PRT.10.7_1,0.33562783110111405,0.26496083388237274
2025,08,PRT.10.8_1,0.09235757548181121,0.27309342529429226
2025,08,PRT.10.9_1,0.182128288959983,0.2717653134410385
2025,08,PRT.11.10_1,0.08493622974880778,0.3285108628208031
2025,08,PRT.11.11_1,0.08221568425935173,0.2926009027175594
2025,08,PRT.11.12_1,0.1374373603432446,0.27509330486872535
2025,08,PRT.11.13_1,0.08651349536700384,0.35397026910650575
2025,08,PRT.11.14_1,0.06049441783545548,0.21134783320514133
2025,08,PRT.11.15_1,0.19300628620355945,0.2952032584573941
2025,08,PRT.11.16_1,0.16487259400502174,0.27075523538149504
2025,08,PRT.11.1_1,0.2005520028980675,0.3010440721397104
2025,08,PRT.11.2_1,0.12588100870475477,0.3036281595491896
2025,08,PRT.11.3_1,0.13014286220684865,0.2805398645563868
2025,08,PRT.11.4_1,0.09437955047286486,0.29167206248583855
2025,08,PRT.11.5_1,0.1003235498361985,0.24807116814809343
2025,08,PRT.11.6_1,0.17780256876065184,0.247503396543649
2025,08,PRT.11.7_1,0.06721209626044247,0.2890051060500206
2025,08,PRT.11.8_1,0.1057028506451436,0.29836910032616415
2025,08,PRT.11.9_1,0.25168992959342534,0.2920474444163341
2025,08,PRT.12.10_1,0.21924216217867537,0.7037187441507436
2025,08,PRT.12.11_1,0.1335763259702829,0.8271044426015762
2025,08,PRT.12.12_1,0.15443333040596918,0.8902984285667077
2025,08,PRT.12.13_1,0.23172014230574065,0.7827161104943164
2025,08,PRT.12.14_1,0.0915379360636326,0.6805026718442694
2025,08,PRT.12.15_1,0.2373820369305145,0.7174839665045741
2025,08,PRT.12.16_1,0.17665194776898374,0.8230345627989071
2025,08,PRT.12.1_1,0.20734677449210398,0.7831617909206904
2025,08,PRT.12.2_1,0.152103388086419,0.9525636203770123
2025,08,PRT.12.3_1,0.10370375489318294,0.7433332490281446
2025,08,PRT.12.4_1,0.10646273835238503,0.40304105921423683
2025,08,PRT.12.5_1,0.16701336817316467,0.7138774277807187
2025,08,PRT.12.6_1,0.10016337222391326,0.8044556034069299
2025,08,PRT.12.7_1,0.29412098556507343,0.9933604741099874
2025,08,PRT.12.8_1,0.20144900757487624,0.9170346858238912
2025,08,PRT.12.9_1,0.17519070862595146,0.7294903429957718
2025,08,PRT.13.10_1,0,0
2025,08,PRT.13.11_1,0,0
2025,08,PRT.13.1_1,0,0
2025,08,PRT.13.2_1,0,0
2025,08,PRT.13.3_1,0,0
2025,08,PRT.13.4_1,0,0
2025,08,PRT.13.5_1,0,0
2025,08,PRT.13.6_1,0,0
2025,08,PRT.13.7_1,0,0
2025,08,PRT.13.8_1,0,0
2025,08,PRT.13.9_1,0,0
2025,08,PRT.14.10_1,0,0
2025,08,PRT.14.11_1,0,0
2025,08,PRT.14.12_1,0,0
2025,08,PRT.14.13_1,0,0
2025,08,PRT.14.14_1,0,0
2025,08,PRT.14.15_1,0,0
2025,08,PRT.14.1_1,0,0
2025,08,PRT.14.2_1,0,0
2025,08,PRT.14.3_1,0,0
2025,08,PRT.14.4_1,0.04751519624126128,0.10926076360682499
2025,08,PRT.14.5_1,0,0
2025,08,PRT.14.6_1,0,0
2025,08,PRT.14.7_1,0.06579617193282458,0.0604786036036043
2025,08,PRT.14.8_1,0,0
2025,08,PRT.14.9_1,0,0
2025,08,PRT.15.10_1,0.1930294253594588,0.9916028175008765
2025,08,PRT.15.11_1,0.2500773928471734,0.9911488974751429
2025,08,PRT.15.12_1,0.1002885811418823,0.9999903584004067
2025,08,PRT.15.13_1,0.1240852568585323,0.9885147145595441
2025,08,PRT.15.14_1,0.20138205682271373,0.9857229352690668
2025,08,PRT.15.15_1,0.11688347463715074,0.9719598679952167
2025,08,PRT.15.16_1,0.08917897071001588,0.9691121983534966
2025,08,PRT.15.17_1,0.23556107920029068,0.9825519151695223
2025,08,PRT.15.18_1,0.18785198614916257,0.997206623327373
2025,08,PRT.15.1_1,0.27078328135116253,0.9832184942364117
2025,08,PRT.15.2_1,0.20791125378761957,0.9404007283203307
2025,08,PRT.15.3_1,0.21883262346635945,0.9942981327055785
2025,08,PRT.15.4_1,0.1399427564307322,0.983216693206855
2025,08,PRT.15.5_1,0.19321812304777855,0.994506909419798
2025,08,PRT.15.6_1,0.1613736164763679,0.9919268525272721
2025,08,PRT.15.7_1,0.2306596542484045,0.988196571164564
2025,08,PRT.15.8_1,0.11123839133575784,0.9976328423753376
2025,08,PRT.15.9_1,0.15568609971832256,0.9907050563918076
2025,08,PRT.16.10_1,0,0
2025,08,PRT.16.11_1,0.058828147460645144,0.048619676362933205
2025,08,PRT.16.12_1,0,0
2025,08,PRT.16.13_1,0,0
2025,08,PRT.16.14_1,0.11768268853094789,0.12004997452290643
2025,08,PRT.16.15_1,0.09253722213868515,0.08894949678830505
2025,08,PRT.16.16_1,0,0
2025,08,PRT.16.17_1,0.06465898919512235,0.02213179016934745
2025,08,PRT.16.18_1,0,0
2025,08,PRT.16.19_1,0,0
2025,08,PRT.16.1_1,0,0
2025,08,PRT.16.20_1,0,0
2025,08,PRT.16.21_1,0,0
2025,08,PRT.16.2_1,0.04676319213930411,0.03326403326403366
2025,08,PRT.16.3_1,0,0
2025,08,PRT.16.4_1,0,0
2025,08,PRT.16.5_1,0.045023850011640235,0.06912164201630026
2025,08,PRT.16.6_1,0,0
2025,08,PRT.16.7_1,0,0
2025,08,PRT.16.8_1,0,0
2025,08,PRT.16.9_1,0.0389817482401779,0.022750326039704664
2025,08,PRT.17.10_1,0.1293231277808672,0.4913395044432424
2025,08,PRT.17.11_1,0.08988377231473961,0.42317262866399447
2025,08,PRT.17.12_1,0.1395631589125931,0.499585555108823
2025,08,PRT.17.13_1,0,0
2025,08,PRT.17.1_1,0.0721913172146653,0.16312397154502617
2025,08,PRT.17.2_1,0.0898719559364207,0.5439052383016185
2025,08,PRT.17.3_1,0.17220174128636556,0.6821920421667459
2025,08,PRT.17.4_1,0.14543925678227365,0.7515629218794483
2025,08,PRT.17.5_1,0.07519972414009057,0.252840883140138
2025,08,PRT.17.6_1,0.1292380477598093,0.6186920961819069
2025,08,PRT.17.7_1,0.1506738292491512,0.546462171352914
2025,08,PRT.17.8_1,0.11809101083822965,0.4862527289563735
2025,08,PRT.17.9_1,0.0750206475343764,0.12424222982606362
2025,08,PRT.18.10_1,0.19319170814654527,0.8650139651566496
2025,08,PRT.18.1_1,0.36269528643886395,0.8497111215681623
2025,08,PRT.18.2_1,0.22731799846959133,0.83927249390159
2025,08,PRT.18.3_1,0.21816848969641014,0.8135695873804475
2025,08,PRT.18.4_1,0.2870441816218272,0.8741641476583805
2025,08,PRT.18.5_1,0.23687965117910398,0.8054124698141075
2025,08,PRT.18.6_1,0.2554794777025715,0.8323788118817194
2025,08,PRT.18.7_1,0.36367890748628173,0.8456422322690437
2025,08,PRT.18.8_1,0.19295104437988525,0.9065114293203405
2025,08,PRT.18.9_1,0.3094316341270139,0.8431139273703335
2025,08,PRT.19.10_1,0,0
2025,08,PRT.19.11_1,0,0
2025,08,PRT.19.12_1,0,0
2025,08,PRT.19.13_1,0,0
2025,08,PRT.19.14_1,0.06986030550919482,0.030701794989112217
2025,08,PRT.19.1_1,0,0
2025,08,PRT.19.2_1,0,0
2025,08,PRT.19.3_1,0,0
2025,08,PRT.19.4_1,0.11403709319179528,0.3635849039456397
2025,08,PRT.19.5_1,0.13910211463868044,0.3520111729872762
2025,08,PRT.19.6_1,0.06961961382916006,0.02502476039059972
2025,08,PRT.19.7_1,0,0
2025,08,PRT.19.8_1,0.049423500735211304,0.035602458541111416
2025,08,PRT.19.9_1,0.08686678437233995,0.18783134033976168
2025,08,PRT.20.10_1,0.04751519624126128,0.08424678985280398
2025,08,PRT.20.12_1,0.06505411530598282,0.06896890653516179
2025,08,PRT.20.13_1,0.18292576742105549,0.3105014330474586
2025,08,PRT.20.14_1,0.0982060799530626,0.34985009152934715
2025,08,PRT.20.15_1,0,0
2025,08,PRT.20.16_1,0.09200428079274209,0.2670409268077267
2025,08,PRT.20.17_1,0,0
2025,08,PRT.20.18_1,0.0618618884560646,0.03100386229896216
2025,08,PRT.20.19_1,0,0
2025,08,PRT.20.1_1,0,0
2025,08,PRT.20.20_1,0,0
2025,08,PRT.20.21_1,0,0
2025,08,PRT.20.22_1,0,0
2025,08,PRT.20.2_1,0.0887364680241055,0.39558676676357113
2025,08,PRT.20.3_1,0.06483985633387644,0.18277082233610448
2025,08,PRT.20.4_1,0.19256343089237574,0.32452741589311646
2025,08,PRT.20.5_1,0.08099076705558973,0.04192965920265784
2025,08,PRT.20.6_1,0.12459851465846451,0.29674082080825603
2025,08,PRT.20.7_1,0,0
2025,08,PRT.20.8_1,0.1550437269086223,0.3528005190677544
2025,08,PRT.20.9_1,0.09007721229264923,0.42806423107775415
2025,08,PRT.3.10_1,0.1356937376019618,0.3210564230425335
2025,08,PRT.3.11_1,0.1001265129010124,0.0823822423653504
2025,08,PRT.3.12_1,0.11253591959585166,0.2742166589206613
2025,08,PRT.3.13_1,0.13004662094140618,0.3497625040679608
2025,08,PRT.3.14_1,0.09628764785790273,0.3141990944550281
2025,08,PRT.3.1_1,0.10751772984110726,0.3171678112522195
2025,08,PRT.3.2_1,0.12999103244982396,0.2783823013023411
2025,08,PRT.3.3_1,0.06387650344500274,0.25157468014611173
2025,08,PRT.3.4_1,0.044531157561770375,0.2220000000000026
2025,08,PRT.3.5_1,0.20485283732468496,0.34237847608281585
2025,08,PRT.3.6_1,0.1065393342740162,0.3063260820619803
2025,08,PRT.3.7_1,0.09621816503170127,0.31414296468663033
2025,08,PRT.3.8_1,0.11561294395504926,0.2980963171619413
2025,08,PRT.3.9_1,0.14023808909146335,0.29440743047132417
2025,08,PRT.4.10_1,0.2018359112658326,0.34656998796394733
2025,08,PRT.4.11_1,0.22291205107034154,0.3439461376140738
2025,08,PRT.4.12_1,0.36456372240976204,0.47993934570350577
2025,08,PRT.4.13_1,0.3838821656455947,0.4062496387205103
2025,08,PRT.4.14_1,0.13724529470369792,0.44499600204826945
2025,08,PRT.4.1_1,0.24845651623145912,0.4248663262505183
2025,08,PRT.4.2_1,0.4842002204056619,0.4403020875206165
2025,08,PRT.4.3_1,0.40766073579764506,0.5307815153461785
2025,08,PRT.4.4_1,0.1977062277074157,0.3254325513959906
2025,08,PRT.4.5_1,0.23200039327849759,0.3673298738258706
2025,08,PRT.4.6_1,0.1628535748841776,0.4251870324731613
2025,08,PRT.4.7_1,0.30407682110012796,0.41521909982260446
2025,08,PRT.4.8_1,0.4370502336052217,0.5039140780390677
2025,08,PRT.4.9_1,0.27105626818583106,0.3981932281006197
2025,08,PRT.5.10_1,0,0
2025,08,PRT.5.11_1,0,0
2025,08,PRT.5.12_1,0,0
2025,08,PRT.5.1_1,0,0
2025,08,PRT.5.2_1,0,0
2025,08,PRT.5.3_1,0,0
2025,08,PRT.5.4_1,0,0
2025,08,PRT.5.5_1,0,0
2025,08,PRT.5.6_1,0,0
2025,08,PRT.5.7_1,0,0
2025,08,PRT.5.8_1,0,0
2025,08,PRT.5.9_1,0,0
2025,08,PRT.6.10_1,0,0
2025,08,PRT.6.11_1,0,0
2025,08,PRT.6.1_1,0.11805911668675254,0.5344401230741737
2025,08,PRT.6.2_1,0.10564722270850276,0.3892418261650718
2025,08,PRT.6.3_1,0.29549698026452204,0.6205737553486372
2025,08,PRT.6.4_1,0.2951261719385282,0.5568037174912256
2025,08,PRT.6.5_1,0,0
2025,08,PRT.6.6_1,0.11734502819705481,0.412576379913141
2025,08,PRT.6.7_1,0.10629787832344968,0.5398657099259707
2025,08,PRT.6.8_1,0,0
2025,08,PRT.6.9_1,0.07398962595195088,0.09039940013590049
2025,08,PRT.7.10_1,0.16729478132712503,0.9565856433436444
2025,08,PRT.7.11_1,0.20254566763373275,0.968344171626616
2025,08,PRT.7.12_1,0.1485863739946023,0.9214471566377864
2025,08,PRT.7.13_1,0.14936761608615035,0.9499155927069272
2025,08,PRT.7.14_1,0.1151974329327519,0.904280205097065
2025,08,PRT.7.15_1,0.16663525246949737,0.9078823117533098
2025,08,PRT.7.16_1,0.1694413063916026,0.9675155405296633
2025,08,PRT.7.17_1,0.09147959348000488,0.9063168553642408
2025,08,PRT.7.1_1,0.1898954033138994,0.9614221045831607
2025,08,PRT.7.2_1,0.19115427721935507,0.9672944652933902
2025,08,PRT.7.3_1,0.22437848435996596,0.9945581333864122
2025,08,PRT.7.4_1,0.14259604158962294,0.9491738226086764
2025,08,PRT.7.5_1,0.18566016782762929,0.9562658740609981
2025,08,PRT.7.6_1,0.10372794299078528,0.9059417441375401
2025,08,PRT.7.7_1,0.10477946005380329,0.9557875801680313
2025,08,PRT.7.8_1,0.08693238333227384,0.9317614933697052
2025,08,PRT.7.9_1,0.10440243968742924,0.9018944427798742
2025,08,PRT.8.10_1,0,0
2025,08,PRT.8.11_1,0.049600665583653634,0.08280085197018204
2025,08,PRT.8.12_1,0.06822227216524356,0.3019187741541836
2025,08,PRT.8.13_1,0.04973070095725172,0.1323777403035429
2025,08,PRT.8.14_1,0,0
2025,08,PRT.8.1_1,0,0
2025,08,PRT.8.2_1,0,0
2025,08,PRT.8.3_1,0,0
2025,08,PRT.8.4_1,0,0
2025,08,PRT.8.5_1,0,0
2025,08,PRT.8.6_1,0.048110842555305545,0.037433155080214386
2025,08,PRT.8.7_1,0,0
2025,08,PRT.8.8_1,0.04595669359467303,0.09665871121718488
2025,08,PRT.8.9_1,0.09525370444553312,0.1693419421459258
2025,08,PRT.9.10_1,0.06858315027696721,0.9898218930574688
2025,08,PRT.9.11_1,0.08162022518274555,0.8628401623984858
2025,08,PRT.9.12_1,0.046397901098640094,0.7500000000000089
2025,08,PRT.9.13_1,0.11982536208152623,0.9421902297169632
2025,08,PRT.9.14_1,0.12674547857222745,0.9817120251374157
2025,08,PRT.9.15_1,0.11631994829960145,0.7535524388697693
2025,08,PRT.9.16_1,0.0706378648119525,0.942063852527053
2025,08,PRT.9.1_1,0.07634074019635184,0.9082732457598447
2025,08,PRT.9.2_1,0.10666340950228463,0.8836820085160518
2025,08,PRT.9.3_1,0.10283661893278494,0.7581297759328863
2025,08,PRT.9.4_1,0.08929020205284864,0.9230289711477712
2025,08,PRT.9.5_1,0.09608591961812257,0.9844288311740356
2025,08,PRT.9.6_1,0.08132386076253635,0.8659254036250272
2025,08,PRT.9.7_1,0.11162750033478411,0.8254637910253375
2025,08,PRT.9.8_1,0.1572933465241617,0.9166846846338533
2025,08,PRT.9.9_1,0.0863477114341967,0.8014072310472387
2025,08,ROU.1.10_1,0,0
2025,08,ROU.1.11_1,0,0
2025,08,ROU.1.12_1,0,0
2025,08,ROU.1.13_1,0,0
2025,08,ROU.1.14_1,0,0
2025,08,ROU.1.15_1,0,0
2025,08,ROU.1.16_1,0.05127335462430599,0.3550000000000042
2025,08,ROU.1.17_1,0,0
2025,08,ROU.1.18_1,0.04751519624126128,0.26900000000000324
2025,08,ROU.1.19_1,0.05206233205574367,0.38200000000000445
2025,08,ROU.1.1_1,0,0
2025,08,ROU.1.20_1,0,0
2025,08,ROU.1.21_1,0.05184664596576425,0.37400000000000444
2025,08,ROU.1.22_1,0,0
2025,08,ROU.1.23_1,0,0
2025,08,ROU.1.24_1,0.049512626180506725,0.3090000000000036
2025,08,ROU.1.25_1,0,0
2025,08,ROU.1.26_1,0.05114151690094962,0.35100000000000414
2025,08,ROU.1.27_1,0,0
2025,08,ROU.1.28_1,0,0
2025,08,ROU.1.29_1,0.05211391101315951,0.38400000000000456
2025,08,ROU.1.2_1,0,0
2025,08,ROU.1.30_1,0,0
2025,08,ROU.1.31_1,0,0
2025,08,ROU.1.32_1,0,0
2025,08,ROU.1.33_1,0,0
2025,08,ROU.1.34_1,0,0
2025,08,ROU.1.35_1,0,0
2025,08,ROU.1.36_1,0,0
2025,08,ROU.1.37_1,0,0
2025,08,ROU.1.38_1,0,0
2025,08,ROU.1.39_1,0,0
2025,08,ROU.1.3_1,0,0
2025,08,ROU.1.40_1,0,0
2025,08,ROU.1.41_1,0,0
2025,08,ROU.1.42_1,0,0
2025,08,ROU.1.43_1,0,0
2025,08,ROU.1.44_1,0,0
2025,08,ROU.1.45_1,0,0
2025,08,ROU.1.46_1,0,0
2025,08,ROU.1.47_1,0,0
2025,08,ROU.1.48_1,0,0
2025,08,ROU.1.49_1,0,0
2025,08,ROU.1.4_1,0,0
2025,08,ROU.1.50_1,0,0
2025,08,ROU.1.51_1,0,0
2025,08,ROU.1.52_1,0,0
2025,08,ROU.1.53_1,0,0
2025,08,ROU.1.54_1,0,0
2025,08,ROU.1.55_1,0,0
2025,08,ROU.1.56_1,0,0
2025,08,ROU.1.57_1,0,0
2025,08,ROU.1.58_1,0,0
2025,08,ROU.1.59_1,0,0
2025,08,ROU.1.5_1,0.05117484470957062,0.35200000000000414
2025,08,ROU.1.60_1,0,0
2025,08,ROU.1.61_1,0.05100573695345546,0.3470000000000041
2025,08,ROU.1.62_1,0,0
2025,08,ROU.1.63_1,0,0
2025,08,ROU.1.64_1,0.052263070319342485,0.3900000000000045
2025,08,ROU.1.65_1,0,0
2025,08,ROU.1.66_1,0,0
2025,08,ROU.1.67_1,0,0
2025,08,ROU.1.68_1,0,0
2025,08,ROU.1.69_1,0.046941469908962384,0.25900000000000306
2025,08,ROU.1.6_1,0.04302043814611504,0.20200000000000246
2025,08,ROU.1.70_1,0,0
2025,08,ROU.1.71_1,0,0
2025,08,ROU.1.72_1,0,0
2025,08,ROU.1.73_1,0.05117484470957062,0.35200000000000414
2025,08,ROU.1.74_1,0,0
2025,08,ROU.1.75_1,0,0
2025,08,ROU.1.76_1,0,0
2025,08,ROU.1.7_1,0.05002477018288825,0.3210000000000039
2025,08,ROU.1.8_1,0,0
2025,08,ROU.1.9_1,0,0
2025,08,ROU.10.1_1,0.03392334978767734,0.11300000000000134
2025,08,ROU.11.10_1,0.050460897645129024,0.332000000000004
2025,08,ROU.11.11_1,0.050460897645129024,0.332000000000004
2025,08,ROU.11.12_1,0.05018700344551615,0.32500000000000384
2025,08,ROU.11.13_1,0.04933328336164075,0.30500000000000355
2025,08,ROU.11.14_1,0.049195896775001406,0.30200000000000365
2025,08,ROU.11.15_1,0.050266553287056544,0.32700000000000384
2025,08,ROU.11.16_1,0.049512626180506725,0.3090000000000036
2025,08,ROU.11.17_1,0.04973070095725172,0.3140000000000038
2025,08,ROU.11.18_1,0.05034506522554535,0.32900000000000396
2025,08,ROU.11.19_1,0.05006572177490077,0.3220000000000039
2025,08,ROU.11.1_1,0.05349751100701321,0.5270000000000064
2025,08,ROU.11.20_1,0.04998355533603743,0.3200000000000037
2025,08,ROU.11.21_1,0.049287763330816435,0.30400000000000366
2025,08,ROU.11.22_1,0.04955678127391409,0.3100000000000037
2025,08,ROU.11.23_1,0.04964427982782348,0.3120000000000038
2025,08,ROU.11.24_1,0.053226408100709104,0.44300000000000533
2025,08,ROU.11.25_1,0.04933328336164075,0.30500000000000355
2025,08,ROU.11.26_1,0.050305938688955956,0.32800000000000396
2025,08,ROU.11.27_1,0.0501468377700579,0.3240000000000038
2025,08,ROU.11.28_1,0.04910292306494889,0.3000000000000036
2025,08,ROU.11.29_1,0.051040053228812075,0.3480000000000041
2025,08,ROU.11.2_1,0.05351896829025776,0.47700000000000564
2025,08,ROU.11.30_1,0.05042254410927727,0.3310000000000039
2025,08,ROU.11.31_1,0.051463785566230866,0.36100000000000426
2025,08,ROU.11.32_1,0.051207926616278265,0.3530000000000043
2025,08,ROU.11.33_1,0.053564965170263344,0.4900000000000058
2025,08,ROU.11.34_1,0.04876870414001352,0.2930000000000034
2025,08,ROU.11.35_1,0.047402944224508976,0.2670000000000032
2025,08,ROU.11.36_1,0.05006572177490077,0.3220000000000039
2025,08,ROU.11.37_1,0.049287763330816435,0.30400000000000366
2025,08,ROU.11.38_1,0.04805819251250511,0.27900000000000336
2025,08,ROU.11.39_1,0.05314869613484429,0.43700000000000516
2025,08,ROU.11.3_1,0.05086598321211112,0.343000000000004
2025,08,ROU.11.40_1,0.05006572177490077,0.3220000000000039
2025,08,ROU.11.41_1,0.050266553287056544,0.32700000000000384
2025,08,ROU.11.42_1,0.04876870414001352,0.2930000000000034
2025,08,ROU.11.43_1,0.053544705679864885,0.4830000000000057
2025,08,ROU.11.44_1,0.04914954870519141,0.3010000000000036
2025,08,ROU.11.45_1,0.05079460595521066,0.341000000000004
2025,08,ROU.11.46_1,0.05357043070419627,0.4930000000000059
2025,08,ROU.11.47_1,0.05176187222054234,0.3710000000000044
2025,08,ROU.11.48_1,0.04968762471758899,0.31300000000000366
2025,08,ROU.11.49_1,0.05034506522554535,0.32900000000000396
2025,08,ROU.11.4_1,0.049287763330816435,0.30400000000000366
2025,08,ROU.11.50_1,0.05042254410927727,0.3310000000000039
2025,08,ROU.11.51_1,0.05097117232221693,0.3460000000000041
2025,08,ROU.11.52_1,0.050305938688955956,0.32800000000000396
2025,08,ROU.11.53_1,0.0499003332644516,0.31800000000000384
2025,08,ROU.11.54_1,0.04924196805815263,0.30300000000000366
2025,08,ROU.11.55_1,0.05086598321211112,0.343000000000004
2025,08,ROU.11.56_1,0.05107412164889149,0.34900000000000414
2025,08,ROU.11.57_1,0.04852146885692612,0.2880000000000035
2025,08,ROU.11.58_1,0.04847115986701683,0.2870000000000033
2025,08,ROU.11.59_1,0.05006572177490077,0.3220000000000039
2025,08,ROU.11.5_1,0.0501468377700579,0.3240000000000038
2025,08,ROU.11.60_1,0.05357568137826699,0.500000000000006
2025,08,ROU.11.61_1,0.05064882952464797,0.3370000000000041
2025,08,ROU.11.62_1,0.049512626180506725,0.3090000000000036
2025,08,ROU.11.63_1,0.05064882952464797,0.3370000000000041
2025,08,ROU.11.64_1,0.04985832471710238,0.31700000000000383
2025,08,ROU.11.65_1,0.050936358829505014,0.3450000000000041
2025,08,ROU.11.66_1,0.050498994693194466,0.333000000000004
2025,08,ROU.11.67_1,0.05086598321211112,0.343000000000004
2025,08,ROU.11.68_1,0.05357471700732276,0.49700000000000577
2025,08,ROU.11.69_1,0.05086598321211112,0.343000000000004
2025,08,ROU.11.6_1,0.042779971906889834,0.19900000000000242
2025,08,ROU.11.70_1,0.049942076582592816,0.31900000000000384
2025,08,ROU.11.71_1,0.049600665583653634,0.31100000000000366
2025,08,ROU.11.72_1,0.05342878979201687,0.4630000000000056
2025,08,ROU.11.73_1,0.05211391101315951,0.38400000000000456
2025,08,ROU.11.74_1,0.050498994693194466,0.333000000000004
2025,08,ROU.11.75_1,0.05097117232221693,0.3460000000000041
2025,08,ROU.11.76_1,0.04910292306494889,0.3000000000000036
2025,08,ROU.11.77_1,0.05350866986814118,0.47500000000000564
2025,08,ROU.11.78_1,0.053436632770983886,0.46400000000000546
2025,08,ROU.11.79_1,0.05170416888621893,0.3690000000000044
2025,08,ROU.11.7_1,0.04924196805815263,0.30300000000000366
2025,08,ROU.11.80_1,0.053472609771471634,0.4690000000000055
2025,08,ROU.11.81_1,0.04985832471710238,0.31700000000000383
2025,08,ROU.11.82_1,0.05114151690094962,0.35100000000000414
2025,08,ROU.11.83_1,0.050266553287056544,0.32700000000000384
2025,08,ROU.11.84_1,0.05079460595521066,0.341000000000004
2025,08,ROU.11.85_1,0.053386331770369805,0.4580000000000055
2025,08,ROU.11.8_1,0.05335825869254828,0.45500000000000546
2025,08,ROU.11.9_1,0.05117484470957062,0.35200000000000414
2025,08,ROU.12.12_1,0.05097117232221693,0.3460000000000041
2025,08,ROU.12.14_1,0.050498994693194466,0.333000000000004
2025,08,ROU.12.18_1,0.04762621940930128,0.27100000000000324
2025,08,ROU.12.19_1,0.04905601906281753,0.2990000000000036
2025,08,ROU.12.21_1,0.051733139566526816,0.3700000000000044
2025,08,ROU.12.25_1,0.05079460595521066,0.341000000000004
2025,08,ROU.12.2_1,0.04867066844207512,0.29100000000000337
2025,08,ROU.12.30_1,0.050685652722861733,0.3380000000000041
2025,08,ROU.12.32_1,0.05176187222054234,0.3710000000000044
2025,08,ROU.12.35_1,0.05061175268316719,0.3360000000000041
2025,08,ROU.12.39_1,0.0512407630973479,0.3540000000000043
2025,08,ROU.12.3_1,0.050536835833531336,0.3340000000000039
2025,08,ROU.12.43_1,0.050498994693194466,0.333000000000004
2025,08,ROU.12.4_1,0.04977350924431744,0.3150000000000038
2025,08,ROU.12.5_1,0.05061175268316719,0.3360000000000041
2025,08,ROU.12.7_1,0.05211391101315951,0.38400000000000456
2025,08,ROU.12.8_1,0.04977350924431744,0.3150000000000038
2025,08,ROU.12.9_1,0.05097117232221693,0.3460000000000041
2025,08,ROU.13.25_1,0.04998355533603743,0.3200000000000037
2025,08,ROU.13.26_1,0,0
2025,08,ROU.13.3_1,0.05110794270935273,0.35000000000000414
2025,08,ROU.13.46_1,0.050536835833531336,0.3340000000000039
2025,08,ROU.13.48_1,0,0
2025,08,ROU.13.4_1,0.05006572177490077,0.3220000000000039
2025,08,ROU.13.55_1,0,0
2025,08,ROU.13.5_1,0.05042254410927727,0.3310000000000039
2025,08,ROU.13.60_1,0.050460897645129024,0.332000000000004
2025,08,ROU.13.63_1,0,0
2025,08,ROU.13.65_1,0,0
2025,08,ROU.13.6_1,0,0
2025,08,ROU.13.70_1,0.04914954870519141,0.3010000000000036
2025,08,ROU.13.73_1,0,0
2025,08,ROU.13.75_1,0,0
2025,08,ROU.13.76_1,0.04664273097501585,0.254000000000003
2025,08,ROU.13.7_1,0.05086598321211112,0.343000000000004
2025,08,ROU.14.10_1,0,0
2025,08,ROU.14.11_1,0,0
2025,08,ROU.14.12_1,0,0
2025,08,ROU.14.13_1,0,0
2025,08,ROU.14.14_1,0,0
2025,08,ROU.14.15_1,0,0
2025,08,ROU.14.16_1,0,0
2025,08,ROU.14.17_1,0,0
2025,08,ROU.14.18_1,0,0
2025,08,ROU.14.19_1,0,0
2025,08,ROU.14.1_1,0,0
2025,08,ROU.14.20_1,0,0
2025,08,ROU.14.21_1,0,0
2025,08,ROU.14.22_1,0,0
2025,08,ROU.14.23_1,0,0
2025,08,ROU.14.24_1,0.05200981893605474,0.3800000000000045
2025,08,ROU.14.25_1,0.05072222283022649,0.339000000000004
2025,08,ROU.14.26_1,0,0
2025,08,ROU.14.27_1,0,0
2025,08,ROU.14.28_1,0,0
2025,08,ROU.14.29_1,0,0
2025,08,ROU.14.2_1,0,0
2025,08,ROU.14.30_1,0,0
2025,08,ROU.14.31_1,0,0
2025,08,ROU.14.32_1,0,0
2025,08,ROU.14.33_1,0,0
2025,08,ROU.14.34_1,0,0
2025,08,ROU.14.35_1,0,0
2025,08,ROU.14.36_1,0,0
2025,08,ROU.14.37_1,0,0
2025,08,ROU.14.38_1,0,0
2025,08,ROU.14.39_1,0,0
2025,08,ROU.14.3_1,0,0
2025,08,ROU.14.40_1,0,0
2025,08,ROU.14.41_1,0,0
2025,08,ROU.14.42_1,0,0
2025,08,ROU.14.43_1,0,0
2025,08,ROU.14.44_1,0,0
2025,08,ROU.14.45_1,0,0
2025,08,ROU.14.46_1,0,0
2025,08,ROU.14.47_1,0,0
2025,08,ROU.14.48_1,0,0
2025,08,ROU.14.49_1,0,0
2025,08,ROU.14.4_1,0,0
2025,08,ROU.14.50_1,0,0
2025,08,ROU.14.51_1,0,0
2025,08,ROU.14.52_1,0,0
2025,08,ROU.14.53_1,0,0
2025,08,ROU.14.54_1,0,0
2025,08,ROU.14.55_1,0,0
2025,08,ROU.14.56_1,0,0
2025,08,ROU.14.57_1,0,0
2025,08,ROU.14.58_1,0,0
2025,08,ROU.14.59_1,0,0
2025,08,ROU.14.5_1,0,0
2025,08,ROU.14.60_1,0,0
2025,08,ROU.14.61_1,0.05018700344551615,0.32500000000000384
2025,08,ROU.14.62_1,0,0
2025,08,ROU.14.63_1,0,0
2025,08,ROU.14.64_1,0.047289454608209686,0.2650000000000032
2025,08,ROU.14.65_1,0,0
2025,08,ROU.14.66_1,0,0
2025,08,ROU.14.67_1,0,0
2025,08,ROU.14.68_1,0,0
2025,08,ROU.14.69_1,0,0
2025,08,ROU.14.6_1,0,0
2025,08,ROU.14.70_1,0,0
2025,08,ROU.14.71_1,0,0
2025,08,ROU.14.72_1,0,0
2025,08,ROU.14.73_1,0,0
2025,08,ROU.14.74_1,0,0
2025,08,ROU.14.75_1,0,0
2025,08,ROU.14.76_1,0,0
2025,08,ROU.14.77_1,0,0
2025,08,ROU.14.78_1,0,0
2025,08,ROU.14.79_1,0,0
2025,08,ROU.14.7_1,0,0
2025,08,ROU.14.80_1,0,0
2025,08,ROU.14.8_1,0,0
2025,08,ROU.14.9_1,0,0
2025,08,ROU.15.10_1,0.05152532353739658,0.3630000000000043
2025,08,ROU.15.11_1,0.05200981893605474,0.3800000000000045
2025,08,ROU.15.12_1,0.05097117232221693,0.3460000000000041
2025,08,ROU.15.13_1,0.051674959779282624,0.3680000000000044
2025,08,ROU.15.14_1,0.05152532353739658,0.3630000000000043
2025,08,ROU.15.15_1,0.052832359121806324,0.417000000000005
2025,08,ROU.15.16_1,0.053077900997589675,0.43200000000000505
2025,08,ROU.15.17_1,0.052832359121806324,0.417000000000005
2025,08,ROU.15.18_1,0.05216455857932832,0.3860000000000046
2025,08,ROU.15.19_1,0.053567001414749696,0.5090000000000061
2025,08,ROU.15.1_1,0.052426589706794265,0.3970000000000046
2025,08,ROU.15.20_1,0.05170416888621893,0.3690000000000044
2025,08,ROU.15.21_1,0.05184664596576425,0.37400000000000444
2025,08,ROU.15.22_1,0.05176187222054234,0.3710000000000044
2025,08,ROU.15.23_1,0.050305938688955956,0.32800000000000396
2025,08,ROU.15.24_1,0.05136966412533064,0.35800000000000415
2025,08,ROU.15.25_1,0.05057442164057074,0.33500000000000396
2025,08,ROU.15.26_1,0.05192929148911155,0.3770000000000046
2025,08,ROU.15.27_1,0.0512407630973479,0.3540000000000043
2025,08,ROU.15.28_1,0.05346584579576038,0.5320000000000064
2025,08,ROU.15.29_1,0.05107412164889149,0.34900000000000414
2025,08,ROU.15.2_1,0.05100573695345546,0.3470000000000041
2025,08,ROU.15.30_1,0.05357471700732276,0.49700000000000577
2025,08,ROU.15.31_1,0.0513057016639678,0.3560000000000042
2025,08,ROU.15.32_1,0.05107412164889149,0.34900000000000414
2025,08,ROU.15.33_1,0.052969525940438696,0.425000000000005
2025,08,ROU.15.34_1,0.05100573695345546,0.3470000000000041
2025,08,ROU.15.35_1,0.053571823790329584,0.506000000000006
2025,08,ROU.15.36_1,0.05233452894667589,0.3930000000000048
2025,08,ROU.15.37_1,0.052449032386359284,0.39800000000000474
2025,08,ROU.15.38_1,0.052449032386359284,0.39800000000000474
2025,08,ROU.15.39_1,0.05133780467847467,0.3570000000000042
2025,08,ROU.15.3_1,0.05350319802512884,0.5260000000000062
2025,08,ROU.15.40_1,0.05181862503020059,0.37300000000000444
2025,08,ROU.15.41_1,0.05301729889542851,0.42800000000000515
2025,08,ROU.15.42_1,0.050901295964699875,0.3440000000000041
2025,08,ROU.15.43_1,0.053532803675217226,0.5200000000000062
2025,08,ROU.15.44_1,0.051463785566230866,0.36100000000000426
2025,08,ROU.15.45_1,0.05143265412313631,0.36000000000000426
2025,08,ROU.15.46_1,0.05181862503020059,0.37300000000000444
2025,08,ROU.15.47_1,0.05079460595521066,0.341000000000004
2025,08,ROU.15.48_1,0.05353698576214796,0.5190000000000062
2025,08,ROU.15.49_1,0.051733139566526816,0.3700000000000044
2025,08,ROU.15.4_1,0.05170416888621893,0.3690000000000044
2025,08,ROU.15.50_1,0.05309250008497349,0.5670000000000067
2025,08,ROU.15.51_1,0.05187443043493572,0.37500000000000444
2025,08,ROU.15.52_1,0.05149467522603414,0.36200000000000426
2025,08,ROU.15.53_1,0.05143265412313631,0.36000000000000426
2025,08,ROU.15.54_1,0.05110794270935273,0.35000000000000414
2025,08,ROU.15.55_1,0.05357043070419627,0.507000000000006
2025,08,ROU.15.56_1,0.05336783316376089,0.4560000000000055
2025,08,ROU.15.58_1,0.05213935104934067,0.38500000000000467
2025,08,ROU.15.59_1,0.05218953394002372,0.3870000000000046
2025,08,ROU.15.5_1,0.051207926616278265,0.3530000000000043
2025,08,ROU.15.6_1,0.05187443043493572,0.37500000000000444
2025,08,ROU.15.7_1,0.051207926616278265,0.3530000000000043
2025,08,ROU.15.8_1,0.05347915820260318,0.5300000000000064
2025,08,ROU.15.9_1,0.05342073073769192,0.5380000000000065
2025,08,ROU.15_1,0.05086598321211112,0.343000000000004
2025,08,ROU.16.13_1,0,0
2025,08,ROU.16.14_1,0.04652097070399121,0.252000000000003
2025,08,ROU.16.15_1,0.04910292306494889,0.3000000000000036
2025,08,ROU.16.16_1,0,0
2025,08,ROU.16.19_1,0,0
2025,08,ROU.16.1_1,0,0
2025,08,ROU.16.20_1,0,0
2025,08,ROU.16.21_1,0,0
2025,08,ROU.16.2_1,0,0
2025,08,ROU.16.31_1,0,0
2025,08,ROU.16.38_1,0.04933328336164075,0.30500000000000355
2025,08,ROU.16.3_1,0,0
2025,08,ROU.16.5_1,0,0
2025,08,ROU.17.18_1,0.04751519624126128,0.26900000000000324
2025,08,ROU.17.20_1,0.049423500735211304,0.3070000000000036
2025,08,ROU.17.22_1,0.04968762471758899,0.31300000000000366
2025,08,ROU.17.23_1,0.0501468377700579,0.3240000000000038
2025,08,ROU.17.39_1,0.05010641075754359,0.3230000000000039
2025,08,ROU.17.47_1,0.049816050269563004,0.3160000000000037
2025,08,ROU.17.50_1,0.0499003332644516,0.31800000000000384
2025,08,ROU.17.56_1,0.04955678127391409,0.3100000000000037
2025,08,ROU.17.57_1,0.04857148935727952,0.2890000000000035
2025,08,ROU.17.5_1,0.05110794270935273,0.35000000000000414
2025,08,ROU.17.68_1,0.04762621940930128,0.27100000000000324
2025,08,ROU.17.75_1,0.05136966412533064,0.35800000000000415
2025,08,ROU.17.80_1,0.05158589783209623,0.3650000000000043
2025,08,ROU.17.9_1,0.04968762471758899,0.31300000000000366
2025,08,ROU.18.10_1,0.04576253939853227,0.24000000000000285
2025,08,ROU.18.11_1,0.04862122225845318,0.2900000000000035
2025,08,ROU.18.12_1,0.04582759939543833,0.24100000000000285
2025,08,ROU.18.13_1,0.047570860891398406,0.27000000000000324
2025,08,ROU.18.14_1,0.04762621940930128,0.27100000000000324
2025,08,ROU.18.15_1,0.04602073067449038,0.244000000000003
2025,08,ROU.18.16_1,0.04474451542383764,0.22500000000000275
2025,08,ROU.18.17_1,0.0462735117119983,0.24800000000000305
2025,08,ROU.18.18_1,0.04488491161682869,0.22700000000000267
2025,08,ROU.18.19_1,0.048817295374707435,0.29400000000000354
2025,08,ROU.18.1_1,0.04789845696008719,0.2760000000000033
2025,08,ROU.18.20_1,0.04751519624126128,0.26900000000000324
2025,08,ROU.18.21_1,0.04670312331468987,0.25500000000000306
2025,08,ROU.18.22_1,0.05328515637799939,0.4480000000000053
2025,08,ROU.18.23_1,0.04543205145085558,0.23500000000000268
2025,08,ROU.18.24_1,0.04614779187182604,0.2460000000000028
2025,08,ROU.18.25_1,0.04481489659808248,0.22600000000000267
2025,08,ROU.18.26_1,0.046941469908962384,0.25900000000000306
2025,08,ROU.18.27_1,0.04762621940930128,0.27100000000000324
2025,08,ROU.18.28_1,0.046941469908962384,0.25900000000000306
2025,08,ROU.18.29_1,0.047402944224508976,0.2670000000000032
2025,08,ROU.18.2_1,0.04676319213930411,0.25600000000000306
2025,08,ROU.18.30_1,0.04973070095725172,0.3140000000000038
2025,08,ROU.18.31_1,0.04409431555155806,0.2160000000000024
2025,08,ROU.18.32_1,0.04670312331468987,0.25500000000000306
2025,08,ROU.18.33_1,0.04789845696008719,0.2760000000000033
2025,08,ROU.18.34_1,0.04582759939543833,0.24100000000000285
2025,08,ROU.18.35_1,0.047346354670253735,0.2660000000000032
2025,08,ROU.18.36_1,0.049195896775001406,0.30200000000000365
2025,08,ROU.18.37_1,0.04773602230270047,0.27300000000000324
2025,08,ROU.18.38_1,0.04614779187182604,0.2460000000000028
2025,08,ROU.18.39_1,0.04488491161682869,0.22700000000000267
2025,08,ROU.18.3_1,0.04831849292289831,0.2840000000000034
2025,08,ROU.18.40_1,0.04409431555155806,0.2160000000000024
2025,08,ROU.18.41_1,0.047174718460374666,0.2630000000000031
2025,08,ROU.18.42_1,0.046822938693964276,0.25700000000000306
2025,08,ROU.18.43_1,0.052885466643359184,0.42000000000000504
2025,08,ROU.18.44_1,0.047346354670253735,0.2660000000000032
2025,08,ROU.18.45_1,0.046335872039645,0.24900000000000297
2025,08,ROU.18.46_1,0.04847115986701683,0.2870000000000033
2025,08,ROU.18.47_1,0.05272010385583124,0.4110000000000048
2025,08,ROU.18.48_1,0.04768127286123926,0.27200000000000324
2025,08,ROU.18.49_1,0.045892316978621395,0.24200000000000277
2025,08,ROU.18.4_1,0.047459224381707715,0.2680000000000032
2025,08,ROU.18.50_1,0.04773602230270047,0.27300000000000324
2025,08,ROU.18.51_1,0.04481489659808248,0.22600000000000267
2025,08,ROU.18.52_1,0.04652097070399121,0.252000000000003
2025,08,ROU.18.53_1,0.047459224381707715,0.2680000000000032
2025,08,ROU.18.54_1,0.045498845780142134,0.2360000000000028
2025,08,ROU.18.55_1,0.05268088876751247,0.4090000000000049
2025,08,ROU.18.56_1,0.0470587266633191,0.2610000000000031
2025,08,ROU.18.57_1,0.049468199578330686,0.3080000000000037
2025,08,ROU.18.58_1,0.05298567173417126,0.426000000000005
2025,08,ROU.18.59_1,0.048369672812695,0.2850000000000034
2025,08,ROU.18.5_1,0.04516134406297609,0.23100000000000273
2025,08,ROU.18.60_1,0.0470587266633191,0.2610000000000031
2025,08,ROU.18.61_1,0.047346354670253735,0.2660000000000032
2025,08,ROU.18.62_1,0.04670312331468987,0.25500000000000306
2025,08,ROU.18.63_1,0.04924196805815263,0.30300000000000366
2025,08,ROU.18.64_1,0.049468199578330686,0.3080000000000037
2025,08,ROU.18.65_1,0.049512626180506725,0.3090000000000036
2025,08,ROU.18.66_1,0.05313497681553422,0.4360000000000051
2025,08,ROU.18.67_1,0.046941469908962384,0.25900000000000306
2025,08,ROU.18.68_1,0.0472322429161829,0.2640000000000031
2025,08,ROU.18.69_1,0.04784461332301269,0.2750000000000033
2025,08,ROU.18.6_1,0.04658201386199609,0.253000000000003
2025,08,ROU.18.70_1,0.04862122225845318,0.2900000000000035
2025,08,ROU.18.71_1,0.0470002569951276,0.2600000000000031
2025,08,ROU.18.72_1,0.0462735117119983,0.24800000000000305
2025,08,ROU.18.73_1,0.04891362885356912,0.29600000000000354
2025,08,ROU.18.74_1,0.04789845696008719,0.2760000000000033
2025,08,ROU.18.75_1,0.04556529021950858,0.2370000000000028
2025,08,ROU.18.76_1,0.047346354670253735,0.2660000000000032
2025,08,ROU.18.77_1,0.049942076582592816,0.31900000000000384
2025,08,ROU.18.78_1,0.047116880095235916,0.2620000000000031
2025,08,ROU.18.79_1,0.047346354670253735,0.2660000000000032
2025,08,ROU.18.7_1,0.04876870414001352,0.2930000000000034
2025,08,ROU.18.80_1,0.046459600215832016,0.251000000000003
2025,08,ROU.18.81_1,0.04658201386199609,0.253000000000003
2025,08,ROU.18.82_1,0.053386331770369805,0.4580000000000055
2025,08,ROU.18.83_1,0.04614779187182604,0.2460000000000028
2025,08,ROU.18.84_1,0.04795200070338009,0.2770000000000033
2025,08,ROU.18.85_1,0.04768127286123926,0.27200000000000324
2025,08,ROU.18.86_1,0.05318853770127063,0.44000000000000516
2025,08,ROU.18.87_1,0.04784461332301269,0.2750000000000033
2025,08,ROU.18.88_1,0.04595669359467303,0.24300000000000288
2025,08,ROU.18.89_1,0.04543205145085558,0.23500000000000268
2025,08,ROU.18.8_1,0.04762621940930128,0.27100000000000324
2025,08,ROU.18.90_1,0.0462735117119983,0.24800000000000305
2025,08,ROU.18.91_1,0.045498845780142134,0.2360000000000028
2025,08,ROU.18.92_1,0.04543205145085558,0.23500000000000268
2025,08,ROU.18.93_1,0.05320137997392377,0.44100000000000517
2025,08,ROU.18.94_1,0.049942076582592816,0.31900000000000384
2025,08,ROU.18.95_1,0.0470587266633191,0.2610000000000031
2025,08,ROU.18.96_1,0.04773602230270047,0.27300000000000324
2025,08,ROU.18.97_1,0.04522955358151126,0.23200000000000273
2025,08,ROU.18.98_1,0.04595669359467303,0.24300000000000288
2025,08,ROU.18.99_1,0.04402017422826474,0.21500000000000252
2025,08,ROU.18.9_1,0.05326231153775854,0.4460000000000052
2025,08,ROU.19.11_1,0.050685652722861733,0.3380000000000041
2025,08,ROU.19.1_1,0.04973070095725172,0.3140000000000038
2025,08,ROU.19.22_1,0,0
2025,08,ROU.19.23_1,0,0
2025,08,ROU.19.25_1,0.05117484470957062,0.35200000000000414
2025,08,ROU.19.2_1,0.050901295964699875,0.3440000000000041
2025,08,ROU.19.32_1,0,0
2025,08,ROU.19.38_1,0,0
2025,08,ROU.19.41_1,0.05117484470957062,0.35200000000000414
2025,08,ROU.19.49_1,0,0
2025,08,ROU.19.59_1,0,0
2025,08,ROU.19.6_1,0.04937852891182793,0.30600000000000366
2025,08,ROU.19.7_1,0.05002477018288825,0.3210000000000039
2025,08,ROU.2.10_1,0.05257890184037298,0.4040000000000048
2025,08,ROU.2.11_1,0.05022690841087985,0.32600000000000395
2025,08,ROU.2.12_1,0.05198321118262047,0.3790000000000045
2025,08,ROU.2.13_1,0.052263070319342485,0.3900000000000045
2025,08,ROU.2.14_1,0.052426589706794265,0.3970000000000046
2025,08,ROU.2.15_1,0.05072222283022649,0.339000000000004
2025,08,ROU.2.16_1,0.05228712029734402,0.3910000000000047
2025,08,ROU.2.17_1,0.05107412164889149,0.34900000000000414
2025,08,ROU.2.18_1,0.05117484470957062,0.35200000000000414
2025,08,ROU.2.19_1,0.05152532353739658,0.3630000000000043
2025,08,ROU.2.1_1,0.05110794270935273,0.35000000000000414
2025,08,ROU.2.20_1,0.053544705679864885,0.5170000000000061
2025,08,ROU.2.21_1,0.05072222283022649,0.339000000000004
2025,08,ROU.2.22_1,0.0512407630973479,0.3540000000000043
2025,08,ROU.2.23_1,0.05086598321211112,0.343000000000004
2025,08,ROU.2.24_1,0.051733139566526816,0.3700000000000044
2025,08,ROU.2.25_1,0.05195636882157525,0.3780000000000046
2025,08,ROU.2.26_1,0.05107412164889149,0.34900000000000414
2025,08,ROU.2.27_1,0.05327384294098829,0.5530000000000066
2025,08,ROU.2.28_1,0.05140128045743867,0.35900000000000426
2025,08,ROU.2.29_1,0.05002477018288825,0.3210000000000039
2025,08,ROU.2.2_1,0.05152532353739658,0.3630000000000043
2025,08,ROU.2.30_1,0.05158589783209623,0.3650000000000043
2025,08,ROU.2.31_1,0.05010641075754359,0.3230000000000039
2025,08,ROU.2.32_1,0.05002477018288825,0.3210000000000039
2025,08,ROU.2.33_1,0.05218953394002372,0.3870000000000046
2025,08,ROU.2.34_1,0.053564965170263344,0.5100000000000061
2025,08,ROU.2.35_1,0.050901295964699875,0.3440000000000041
2025,08,ROU.2.36_1,0.05352379499351613,0.5220000000000062
2025,08,ROU.2.37_1,0.05161582466312911,0.3660000000000043
2025,08,ROU.2.38_1,0.05190197881747467,0.37600000000000444
2025,08,ROU.2.39_1,0.05110794270935273,0.35000000000000414
2025,08,ROU.2.3_1,0.05235788824396569,0.3940000000000048
2025,08,ROU.2.40_1,0.051790367244427635,0.37200000000000444
2025,08,ROU.2.41_1,0.05351896829025776,0.5230000000000062
2025,08,ROU.2.42_1,0.0512407630973479,0.3540000000000043
2025,08,ROU.2.43_1,0.04973070095725172,0.3140000000000038
2025,08,ROU.2.44_1,0.05176187222054234,0.3710000000000044
2025,08,ROU.2.45_1,0.053571823790329584,0.4940000000000059
2025,08,ROU.2.46_1,0.05086598321211112,0.343000000000004
2025,08,ROU.2.47_1,0.05192929148911155,0.3770000000000046
2025,08,ROU.2.48_1,0.051463785566230866,0.36100000000000426
2025,08,ROU.2.49_1,0.053567001414749696,0.5090000000000061
2025,08,ROU.2.4_1,0.05083042005093492,0.34200000000000413
2025,08,ROU.2.50_1,0.053573002527225126,0.5050000000000059
2025,08,ROU.2.51_1,0.051040053228812075,0.3480000000000041
2025,08,ROU.2.52_1,0.05198321118262047,0.3790000000000045
2025,08,ROU.2.53_1,0.05057442164057074,0.33500000000000396
2025,08,ROU.2.54_1,0.05228712029734402,0.3910000000000047
2025,08,ROU.2.55_1,0.05342878979201687,0.5370000000000063
2025,08,ROU.2.56_1,0.05198321118262047,0.3790000000000045
2025,08,ROU.2.57_1,0.051790367244427635,0.37200000000000444
2025,08,ROU.2.58_1,0.05195636882157525,0.3780000000000046
2025,08,ROU.2.59_1,0.05190197881747467,0.37600000000000444
2025,08,ROU.2.5_1,0.051733139566526816,0.3700000000000044
2025,08,ROU.2.60_1,0.05233452894667589,0.3930000000000048
2025,08,ROU.2.61_1,0.05164551184117767,0.3670000000000044
2025,08,ROU.2.62_1,0.05072222283022649,0.339000000000004
2025,08,ROU.2.63_1,0.0499003332644516,0.31800000000000384
2025,08,ROU.2.64_1,0.050460897645129024,0.332000000000004
2025,08,ROU.2.65_1,0.05355756973657622,0.48700000000000576
2025,08,ROU.2.66_1,0.051040053228812075,0.3480000000000041
2025,08,ROU.2.67_1,0.049512626180506725,0.3090000000000036
2025,08,ROU.2.68_1,0.05107412164889149,0.34900000000000414
2025,08,ROU.2.69_1,0.05149467522603414,0.36200000000000426
2025,08,ROU.2.6_1,0.050266553287056544,0.32700000000000384
2025,08,ROU.2.70_1,0.05354095308111759,0.5180000000000061
2025,08,ROU.2.71_1,0.05140128045743867,0.35900000000000426
2025,08,ROU.2.72_1,0.05133780467847467,0.3570000000000042
2025,08,ROU.2.73_1,0.052536521867152866,0.4020000000000048
2025,08,ROU.2.74_1,0.05247124665392564,0.39900000000000474
2025,08,ROU.2.75_1,0.052088238130114865,0.38300000000000456
2025,08,ROU.2.7_1,0.05190197881747467,0.37600000000000444
2025,08,ROU.2.8_1,0.0512407630973479,0.3540000000000043
2025,08,ROU.2.9_1,0.05192929148911155,0.3770000000000046
2025,08,ROU.20.10_1,0.049468199578330686,0.3080000000000037
2025,08,ROU.20.11_1,0.04789845696008719,0.2760000000000033
2025,08,ROU.20.12_1,0.04652097070399121,0.252000000000003
2025,08,ROU.20.13_1,0.05010641075754359,0.3230000000000039
2025,08,ROU.20.14_1,0.04933328336164075,0.30500000000000355
2025,08,ROU.20.15_1,0.04973070095725172,0.3140000000000038
2025,08,ROU.20.16_1,0.047402944224508976,0.2670000000000032
2025,08,ROU.20.17_1,0.049287763330816435,0.30400000000000366
2025,08,ROU.20.18_1,0.04826702089257325,0.2830000000000033
2025,08,ROU.20.19_1,0.04985832471710238,0.31700000000000383
2025,08,ROU.20.1_1,0.048215255786098955,0.28200000000000336
2025,08,ROU.20.20_1,0.05333845883061712,0.45300000000000545
2025,08,ROU.20.21_1,0.048817295374707435,0.29400000000000354
2025,08,ROU.20.22_1,0.04891362885356912,0.29600000000000354
2025,08,ROU.20.23_1,0.04826702089257325,0.2830000000000033
2025,08,ROU.20.24_1,0.05136966412533064,0.35800000000000415
2025,08,ROU.20.25_1,0.04805819251250511,0.27900000000000336
2025,08,ROU.20.26_1,0.04857148935727952,0.2890000000000035
2025,08,ROU.20.27_1,0.04968762471758899,0.31300000000000366
2025,08,ROU.20.28_1,0.048110842555305545,0.28000000000000336
2025,08,ROU.20.29_1,0.04789845696008719,0.2760000000000033
2025,08,ROU.20.2_1,0.048369672812695,0.2850000000000034
2025,08,ROU.20.30_1,0.04762621940930128,0.27100000000000324
2025,08,ROU.20.31_1,0.047289454608209686,0.2650000000000032
2025,08,ROU.20.32_1,0.049468199578330686,0.3080000000000037
2025,08,ROU.20.33_1,0.04891362885356912,0.29600000000000354
2025,08,ROU.20.34_1,0.04871982878112186,0.29200000000000337
2025,08,ROU.20.35_1,0.04924196805815263,0.30300000000000366
2025,08,ROU.20.36_1,0.05339525613107277,0.4590000000000055
2025,08,ROU.20.37_1,0.04968762471758899,0.31300000000000366
2025,08,ROU.20.38_1,0.04614779187182604,0.2460000000000028
2025,08,ROU.20.39_1,0.048163196658493446,0.28100000000000336
2025,08,ROU.20.3_1,0.04891362885356912,0.29600000000000354
2025,08,ROU.20.40_1,0.048369672812695,0.2850000000000034
2025,08,ROU.20.41_1,0.04937852891182793,0.30600000000000366
2025,08,ROU.20.42_1,0.04891362885356912,0.29600000000000354
2025,08,ROU.20.43_1,0.049512626180506725,0.3090000000000036
2025,08,ROU.20.44_1,0.05006572177490077,0.3220000000000039
2025,08,ROU.20.45_1,0.04795200070338009,0.2770000000000033
2025,08,ROU.20.46_1,0.049600665583653634,0.31100000000000366
2025,08,ROU.20.47_1,0.046822938693964276,0.25700000000000306
2025,08,ROU.20.48_1,0.053226408100709104,0.44300000000000533
2025,08,ROU.20.49_1,0.04973070095725172,0.3140000000000038
2025,08,ROU.20.4_1,0.04900883589957695,0.2980000000000036
2025,08,ROU.20.5_1,0.04852146885692612,0.2880000000000035
2025,08,ROU.20.6_1,0.048865603332790344,0.2950000000000034
2025,08,ROU.20.7_1,0.04768127286123926,0.27200000000000324
2025,08,ROU.20.8_1,0.04867066844207512,0.29100000000000337
2025,08,ROU.20.9_1,0.046822938693964276,0.25700000000000306
2025,08,ROU.21.15_1,0.049287763330816435,0.30400000000000366
2025,08,ROU.21.19_1,0.05022690841087985,0.32600000000000395
2025,08,ROU.21.21_1,0.050936358829505014,0.3450000000000041
2025,08,ROU.21.23_1,0.04933328336164075,0.30500000000000355
2025,08,ROU.21.24_1,0.04955678127391409,0.3100000000000037
2025,08,ROU.21.32_1,0.05064882952464797,0.3370000000000041
2025,08,ROU.21.33_1,0.0501468377700579,0.3240000000000038
2025,08,ROU.21.38_1,0.05117484470957062,0.35200000000000414
2025,08,ROU.21.50_1,0.05075854039377685,0.340000000000004
2025,08,ROU.21.58_1,0.050460897645129024,0.332000000000004
2025,08,ROU.21.64_1,0.05034506522554535,0.32900000000000396
2025,08,ROU.21.69_1,0.04998355533603743,0.3200000000000037
2025,08,ROU.22.54_1,0,0
2025,08,ROU.23.10_1,0.05149467522603414,0.36200000000000426
2025,08,ROU.23.11_1,0.05133780467847467,0.3570000000000042
2025,08,ROU.23.12_1,0.05181862503020059,0.37300000000000444
2025,08,ROU.23.13_1,0.052263070319342485,0.3900000000000045
2025,08,ROU.23.14_1,0.05231093973486073,0.3920000000000047
2025,08,ROU.23.15_1,0.05100573695345546,0.3470000000000041
2025,08,ROU.23.16_1,0.05181862503020059,0.37300000000000444
2025,08,ROU.23.17_1,0.04563138629739239,0.23800000000000282
2025,08,ROU.23.18_1,0.04424144691598947,0.21800000000000244
2025,08,ROU.23.19_1,0.051040053228812075,0.3480000000000041
2025,08,ROU.23.1_1,0.05022690841087985,0.32600000000000395
2025,08,ROU.23.20_1,0.052557825352018174,0.4030000000000048
2025,08,ROU.23.21_1,0.05213935104934067,0.38500000000000467
2025,08,ROU.23.22_1,0.05006572177490077,0.3220000000000039
2025,08,ROU.23.23_1,0.05136966412533064,0.35800000000000415
2025,08,ROU.23.24_1,0.05272010385583124,0.4110000000000048
2025,08,ROU.23.25_1,0.051463785566230866,0.36100000000000426
2025,08,ROU.23.26_1,0.05240391832176908,0.3960000000000046
2025,08,ROU.23.27_1,0.05187443043493572,0.37500000000000444
2025,08,ROU.23.28_1,0.05264077203826029,0.40700000000000486
2025,08,ROU.23.29_1,0.05221427746458356,0.3880000000000046
2025,08,ROU.23.2_1,0.05211391101315951,0.38400000000000456
2025,08,ROU.23.30_1,0.0513057016639678,0.3560000000000042
2025,08,ROU.23.31_1,0.05127335462430599,0.3550000000000042
2025,08,ROU.23.32_1,0.05181862503020059,0.37300000000000444
2025,08,ROU.23.33_1,0.05216455857932832,0.3860000000000046
2025,08,ROU.23.34_1,0.05192929148911155,0.3770000000000046
2025,08,ROU.23.35_1,0.052426589706794265,0.3970000000000046
2025,08,ROU.23.36_1,0.05203619244176497,0.38100000000000456
2025,08,ROU.23.37_1,0.045023850011640235,0.2290000000000028
2025,08,ROU.23.38_1,0.045297406923156314,0.23300000000000265
2025,08,ROU.23.39_1,0.05176187222054234,0.3710000000000044
2025,08,ROU.23.3_1,0.05247124665392564,0.39900000000000474
2025,08,ROU.23.40_1,0.05018700344551615,0.32500000000000384
2025,08,ROU.23.41_1,0.05277724029544778,0.41400000000000486
2025,08,ROU.23.42_1,0.05213935104934067,0.38500000000000467
2025,08,ROU.23.43_1,0.05006572177490077,0.3220000000000039
2025,08,ROU.23.44_1,0.050685652722861733,0.3380000000000041
2025,08,ROU.23.45_1,0.048163196658493446,0.28100000000000336
2025,08,ROU.23.46_1,0.050901295964699875,0.3440000000000041
2025,08,ROU.23.47_1,0.050305938688955956,0.32800000000000396
2025,08,ROU.23.48_1,0.05187443043493572,0.37500000000000444
2025,08,ROU.23.49_1,0.05110794270935273,0.35000000000000414
2025,08,ROU.23.4_1,0.05143265412313631,0.36000000000000426
2025,08,ROU.23.50_1,0.0470002569951276,0.2600000000000031
2025,08,ROU.23.51_1,0.05107412164889149,0.34900000000000414
2025,08,ROU.23.52_1,0.05072222283022649,0.339000000000004
2025,08,ROU.23.53_1,0.0499003332644516,0.31800000000000384
2025,08,ROU.23.54_1,0.05190197881747467,0.37600000000000444
2025,08,ROU.23.55_1,0.050685652722861733,0.3380000000000041
2025,08,ROU.23.56_1,0.05233452894667589,0.3930000000000048
2025,08,ROU.23.57_1,0.05155573093074108,0.3640000000000043
2025,08,ROU.23.58_1,0.05195636882157525,0.3780000000000046
2025,08,ROU.23.59_1,0.05107412164889149,0.34900000000000414
2025,08,ROU.23.5_1,0.05133780467847467,0.3570000000000042
2025,08,ROU.23.60_1,0.0512407630973479,0.3540000000000043
2025,08,ROU.23.61_1,0.05318853770127063,0.5600000000000067
2025,08,ROU.23.62_1,0.052449032386359284,0.39800000000000474
2025,08,ROU.23.63_1,0.047289454608209686,0.2650000000000032
2025,08,ROU.23.64_1,0.05198321118262047,0.3790000000000045
2025,08,ROU.23.65_1,0.0512407630973479,0.3540000000000043
2025,08,ROU.23.66_1,0.05010641075754359,0.3230000000000039
2025,08,ROU.23.67_1,0.05203619244176497,0.38100000000000456
2025,08,ROU.23.68_1,0.050685652722861733,0.3380000000000041
2025,08,ROU.23.69_1,0.051733139566526816,0.3700000000000044
2025,08,ROU.23.6_1,0.04676319213930411,0.25600000000000306
2025,08,ROU.23.7_1,0.05100573695345546,0.3470000000000041
2025,08,ROU.23.8_1,0.05075854039377685,0.340000000000004
2025,08,ROU.23.9_1,0.05022690841087985,0.32600000000000395
2025,08,ROU.24.12_1,0.05061175268316719,0.3360000000000041
2025,08,ROU.24.17_1,0.04900883589957695,0.2980000000000036
2025,08,ROU.24.20_1,0.051040053228812075,0.3480000000000041
2025,08,ROU.24.22_1,0.04910292306494889,0.3000000000000036
2025,08,ROU.24.23_1,0.04977350924431744,0.3150000000000038
2025,08,ROU.24.27_1,0,0
2025,08,ROU.24.28_1,0,0
2025,08,ROU.24.31_1,0,0
2025,08,ROU.24.38_1,0.050901295964699875,0.3440000000000041
2025,08,ROU.24.59_1,0,0
2025,08,ROU.24.60_1,0,0
2025,08,ROU.24.65_1,0.05072222283022649,0.339000000000004
2025,08,ROU.24.66_1,0.0513057016639678,0.3560000000000042
2025,08,ROU.24.74_1,0.05057442164057074,0.33500000000000396
2025,08,ROU.24.78_1,0.05140128045743867,0.35900000000000426
2025,08,ROU.24.7_1,0,0
2025,08,ROU.24.82_1,0,0
2025,08,ROU.24.83_1,0,0
2025,08,ROU.24.86_1,0,0
2025,08,ROU.24.8_1,0,0
2025,08,ROU.25.10_1,0.05117484470957062,0.35200000000000414
2025,08,ROU.25.11_1,0.0501468377700579,0.3240000000000038
2025,08,ROU.25.17_1,0.053575574226797075,0.5010000000000059
2025,08,ROU.25.22_1,0.05107412164889149,0.34900000000000414
2025,08,ROU.25.24_1,0.049942076582592816,0.31900000000000384
2025,08,ROU.25.28_1,0.05097117232221693,0.3460000000000041
2025,08,ROU.25.32_1,0.053568823252102396,0.4920000000000058
2025,08,ROU.25.35_1,0.053575574226797075,0.5010000000000059
2025,08,ROU.25.45_1,0.0501468377700579,0.3240000000000038
2025,08,ROU.25.47_1,0.05216455857932832,0.3860000000000046
2025,08,ROU.26.10_1,0.05318853770127063,0.44000000000000516
2025,08,ROU.26.11_1,0.049287763330816435,0.30400000000000366
2025,08,ROU.26.12_1,0.048163196658493446,0.28100000000000336
2025,08,ROU.26.13_1,0.05018700344551615,0.32500000000000384
2025,08,ROU.26.14_1,0.049512626180506725,0.3090000000000036
2025,08,ROU.26.15_1,0.04955678127391409,0.3100000000000037
2025,08,ROU.26.16_1,0.04924196805815263,0.30300000000000366
2025,08,ROU.26.17_1,0.05002477018288825,0.3210000000000039
2025,08,ROU.26.18_1,0.04955678127391409,0.3100000000000037
2025,08,ROU.26.19_1,0.049942076582592816,0.31900000000000384
2025,08,ROU.26.1_1,0.04900883589957695,0.2980000000000036
2025,08,ROU.26.20_1,0.050685652722861733,0.3380000000000041
2025,08,ROU.26.21_1,0.04964427982782348,0.3120000000000038
2025,08,ROU.26.22_1,0.05333845883061712,0.45300000000000545
2025,08,ROU.26.23_1,0.0501468377700579,0.3240000000000038
2025,08,ROU.26.24_1,0.049423500735211304,0.3070000000000036
2025,08,ROU.26.25_1,0.05018700344551615,0.32500000000000384
2025,08,ROU.26.26_1,0.04973070095725172,0.3140000000000038
2025,08,ROU.26.27_1,0.04905601906281753,0.2990000000000036
2025,08,ROU.26.28_1,0.049287763330816435,0.30400000000000366
2025,08,ROU.26.29_1,0.050536835833531336,0.3340000000000039
2025,08,ROU.26.2_1,0.05006572177490077,0.3220000000000039
2025,08,ROU.26.30_1,0.05075854039377685,0.340000000000004
2025,08,ROU.26.31_1,0.04985832471710238,0.31700000000000383
2025,08,ROU.26.32_1,0.04998355533603743,0.3200000000000037
2025,08,ROU.26.33_1,0.05133780467847467,0.3570000000000042
2025,08,ROU.26.34_1,0.05140128045743867,0.35900000000000426
2025,08,ROU.26.35_1,0.05127335462430599,0.3550000000000042
2025,08,ROU.26.36_1,0.049423500735211304,0.3070000000000036
2025,08,ROU.26.37_1,0.04937852891182793,0.30600000000000366
2025,08,ROU.26.38_1,0.05006572177490077,0.3220000000000039
2025,08,ROU.26.39_1,0.05010641075754359,0.3230000000000039
2025,08,ROU.26.3_1,0.049195896775001406,0.30200000000000365
2025,08,ROU.26.4_1,0.05318853770127063,0.44000000000000516
2025,08,ROU.26.5_1,0.05114151690094962,0.35100000000000414
2025,08,ROU.26.6_1,0.049600665583653634,0.31100000000000366
2025,08,ROU.26.7_1,0.05034506522554535,0.32900000000000396
2025,08,ROU.26.8_1,0.04977350924431744,0.3150000000000038
2025,08,ROU.26.9_1,0.0512407630973479,0.3540000000000043
2025,08,ROU.27.10_1,0.05042254410927727,0.3310000000000039
2025,08,ROU.27.11_1,0.04977350924431744,0.3150000000000038
2025,08,ROU.27.12_1,0.05192929148911155,0.3770000000000046
2025,08,ROU.27.13_1,0.05195636882157525,0.3780000000000046
2025,08,ROU.27.14_1,0.05127335462430599,0.3550000000000042
2025,08,ROU.27.15_1,0.04805819251250511,0.27900000000000336
2025,08,ROU.27.16_1,0.04968762471758899,0.31300000000000366
2025,08,ROU.27.17_1,0.049816050269563004,0.3160000000000037
2025,08,ROU.27.18_1,0.05152532353739658,0.3630000000000043
2025,08,ROU.27.19_1,0.05198321118262047,0.3790000000000045
2025,08,ROU.27.1_1,0.05192929148911155,0.3770000000000046
2025,08,ROU.27.20_1,0.05140128045743867,0.35900000000000426
2025,08,ROU.27.21_1,0.05133780467847467,0.3570000000000042
2025,08,ROU.27.22_1,0.05161582466312911,0.3660000000000043
2025,08,ROU.27.23_1,0.05218953394002372,0.3870000000000046
2025,08,ROU.27.24_1,0.05161582466312911,0.3660000000000043
2025,08,ROU.27.25_1,0.05042254410927727,0.3310000000000039
2025,08,ROU.27.26_1,0.049942076582592816,0.31900000000000384
2025,08,ROU.27.27_1,0.050460897645129024,0.332000000000004
2025,08,ROU.27.28_1,0.05187443043493572,0.37500000000000444
2025,08,ROU.27.29_1,0.05152532353739658,0.3630000000000043
2025,08,ROU.27.2_1,0.05110794270935273,0.35000000000000414
2025,08,ROU.27.30_1,0.04985832471710238,0.31700000000000383
2025,08,ROU.27.31_1,0.05298567173417126,0.426000000000005
2025,08,ROU.27.32_1,0.05110794270935273,0.35000000000000414
2025,08,ROU.27.33_1,0.050685652722861733,0.3380000000000041
2025,08,ROU.27.34_1,0.05117484470957062,0.35200000000000414
2025,08,ROU.27.35_1,0.051040053228812075,0.3480000000000041
2025,08,ROU.27.36_1,0.050305938688955956,0.32800000000000396
2025,08,ROU.27.37_1,0.05117484470957062,0.35200000000000414
2025,08,ROU.27.38_1,0.04924196805815263,0.30300000000000366
2025,08,ROU.27.39_1,0.05117484470957062,0.35200000000000414
2025,08,ROU.27.3_1,0.04968762471758899,0.31300000000000366
2025,08,ROU.27.40_1,0.049816050269563004,0.3160000000000037
2025,08,ROU.27.41_1,0.052832359121806324,0.417000000000005
2025,08,ROU.27.42_1,0.05164551184117767,0.3670000000000044
2025,08,ROU.27.43_1,0.05195636882157525,0.3780000000000046
2025,08,ROU.27.44_1,0.0499003332644516,0.31800000000000384
2025,08,ROU.27.45_1,0.05221427746458356,0.3880000000000046
2025,08,ROU.27.46_1,0.05136966412533064,0.35800000000000415
2025,08,ROU.27.47_1,0.05192929148911155,0.3770000000000046
2025,08,ROU.27.48_1,0.05200981893605474,0.3800000000000045
2025,08,ROU.27.49_1,0.05268088876751247,0.4090000000000049
2025,08,ROU.27.4_1,0.05057442164057074,0.33500000000000396
2025,08,ROU.27.50_1,0.04968762471758899,0.31300000000000366
2025,08,ROU.27.51_1,0.05061175268316719,0.3360000000000041
2025,08,ROU.27.52_1,0.050266553287056544,0.32700000000000384
2025,08,ROU.27.53_1,0.049600665583653634,0.31100000000000366
2025,08,ROU.27.54_1,0.05155573093074108,0.3640000000000043
2025,08,ROU.27.55_1,0.05195636882157525,0.3780000000000046
2025,08,ROU.27.56_1,0.05170416888621893,0.3690000000000044
2025,08,ROU.27.57_1,0.05158589783209623,0.3650000000000043
2025,08,ROU.27.58_1,0.05133780467847467,0.3570000000000042
2025,08,ROU.27.59_1,0.05107412164889149,0.34900000000000414
2025,08,ROU.27.5_1,0.050685652722861733,0.3380000000000041
2025,08,ROU.27.60_1,0.050936358829505014,0.3450000000000041
2025,08,ROU.27.61_1,0.050901295964699875,0.3440000000000041
2025,08,ROU.27.62_1,0.05233452894667589,0.3930000000000048
2025,08,ROU.27.63_1,0.05155573093074108,0.3640000000000043
2025,08,ROU.27.64_1,0.051733139566526816,0.3700000000000044
2025,08,ROU.27.65_1,0.05083042005093492,0.34200000000000413
2025,08,ROU.27.66_1,0.05100573695345546,0.3470000000000041
2025,08,ROU.27.67_1,0.05057442164057074,0.33500000000000396
2025,08,ROU.27.68_1,0.051790367244427635,0.37200000000000444
2025,08,ROU.27.69_1,0.048961372768160066,0.2970000000000035
2025,08,ROU.27.6_1,0.05127335462430599,0.3550000000000042
2025,08,ROU.27.7_1,0.05002477018288825,0.3210000000000039
2025,08,ROU.27.8_1,0.05140128045743867,0.35900000000000426
2025,08,ROU.27.9_1,0.05127335462430599,0.3550000000000042
2025,08,ROU.28.10_1,0.0501468377700579,0.3240000000000038
2025,08,ROU.28.11_1,0.050936358829505014,0.3450000000000041
2025,08,ROU.28.12_1,0.05006572177490077,0.3220000000000039
2025,08,ROU.28.13_1,0.04924196805815263,0.30300000000000366
2025,08,ROU.28.14_1,0.050305938688955956,0.32800000000000396
2025,08,ROU.28.15_1,0.04968762471758899,0.31300000000000366
2025,08,ROU.28.16_1,0.053226408100709104,0.44300000000000533
2025,08,ROU.28.17_1,0.05342878979201687,0.4630000000000056
2025,08,ROU.28.18_1,0.050305938688955956,0.32800000000000396
2025,08,ROU.28.19_1,0.05061175268316719,0.3360000000000041
2025,08,ROU.28.1_1,0.050536835833531336,0.3340000000000039
2025,08,ROU.28.20_1,0.05187443043493572,0.37500000000000444
2025,08,ROU.28.21_1,0.04910292306494889,0.3000000000000036
2025,08,ROU.28.22_1,0.04998355533603743,0.3200000000000037
2025,08,ROU.28.23_1,0.0501468377700579,0.3240000000000038
2025,08,ROU.28.24_1,0.050498994693194466,0.333000000000004
2025,08,ROU.28.25_1,0.04977350924431744,0.3150000000000038
2025,08,ROU.28.26_1,0.05006572177490077,0.3220000000000039
2025,08,ROU.28.27_1,0.04973070095725172,0.3140000000000038
2025,08,ROU.28.28_1,0.05072222283022649,0.339000000000004
2025,08,ROU.28.29_1,0.05107412164889149,0.34900000000000414
2025,08,ROU.28.2_1,0.05133780467847467,0.3570000000000042
2025,08,ROU.28.30_1,0.05075854039377685,0.340000000000004
2025,08,ROU.28.31_1,0.0499003332644516,0.31800000000000384
2025,08,ROU.28.32_1,0.04977350924431744,0.3150000000000038
2025,08,ROU.28.33_1,0.049942076582592816,0.31900000000000384
2025,08,ROU.28.34_1,0.049287763330816435,0.30400000000000366
2025,08,ROU.28.35_1,0.05057442164057074,0.33500000000000396
2025,08,ROU.28.36_1,0.05042254410927727,0.3310000000000039
2025,08,ROU.28.37_1,0.050536835833531336,0.3340000000000039
2025,08,ROU.28.38_1,0.04977350924431744,0.3150000000000038
2025,08,ROU.28.39_1,0.050536835833531336,0.3340000000000039
2025,08,ROU.28.3_1,0.049942076582592816,0.31900000000000384
2025,08,ROU.28.40_1,0.053436632770983886,0.46400000000000546
2025,08,ROU.28.41_1,0.053386331770369805,0.4580000000000055
2025,08,ROU.28.42_1,0.050685652722861733,0.3380000000000041
2025,08,ROU.28.43_1,0.050536835833531336,0.3340000000000039
2025,08,ROU.28.44_1,0.04985832471710238,0.31700000000000383
2025,08,ROU.28.45_1,0.049600665583653634,0.31100000000000366
2025,08,ROU.28.46_1,0.051733139566526816,0.3700000000000044
2025,08,ROU.28.47_1,0.05022690841087985,0.32600000000000395
2025,08,ROU.28.48_1,0.05097117232221693,0.3460000000000041
2025,08,ROU.28.49_1,0.05002477018288825,0.3210000000000039
2025,08,ROU.28.4_1,0.0513057016639678,0.3560000000000042
2025,08,ROU.28.50_1,0.050498994693194466,0.333000000000004
2025,08,ROU.28.51_1,0.049600665583653634,0.31100000000000366
2025,08,ROU.28.52_1,0.0513057016639678,0.3560000000000042
2025,08,ROU.28.53_1,0.05100573695345546,0.3470000000000041
2025,08,ROU.28.54_1,0.04968762471758899,0.31300000000000366
2025,08,ROU.28.55_1,0.04998355533603743,0.3200000000000037
2025,08,ROU.28.56_1,0.04910292306494889,0.3000000000000036
2025,08,ROU.28.57_1,0.04937852891182793,0.30600000000000366
2025,08,ROU.28.58_1,0.05100573695345546,0.3470000000000041
2025,08,ROU.28.59_1,0.05038393349990406,0.330000000000004
2025,08,ROU.28.5_1,0.0499003332644516,0.31800000000000384
2025,08,ROU.28.60_1,0.04968762471758899,0.31300000000000366
2025,08,ROU.28.61_1,0.04891362885356912,0.29600000000000354
2025,08,ROU.28.62_1,0.04977350924431744,0.3150000000000038
2025,08,ROU.28.63_1,0.05006572177490077,0.3220000000000039
2025,08,ROU.28.64_1,0.05006572177490077,0.3220000000000039
2025,08,ROU.28.6_1,0.048817295374707435,0.29400000000000354
2025,08,ROU.28.7_1,0.05018700344551615,0.32500000000000384
2025,08,ROU.28.8_1,0.048865603332790344,0.2950000000000034
2025,08,ROU.28.9_1,0.04985832471710238,0.31700000000000383
2025,08,ROU.29.14_1,0,0
2025,08,ROU.29.19_1,0,0
2025,08,ROU.29.28_1,0.05038393349990406,0.330000000000004
2025,08,ROU.29.2_1,0.05251499110952353,0.4010000000000048
2025,08,ROU.29.5_1,0.05018700344551615,0.32500000000000384
2025,08,ROU.29.6_1,0,0
2025,08,ROU.29.75_1,0,0
2025,08,ROU.29.7_1,0.051733139566526816,0.3700000000000044
2025,08,ROU.29.86_1,0.05251499110952353,0.4010000000000048
2025,08,ROU.29.89_1,0,0
2025,08,ROU.29.8_1,0.05203619244176497,0.38100000000000456
2025,08,ROU.29.90_1,0,0
2025,08,ROU.29.94_1,0.05184664596576425,0.37400000000000444
2025,08,ROU.3.20_1,0.047459224381707715,0.2680000000000032
2025,08,ROU.3.33_1,0,0
2025,08,ROU.3.39_1,0,0
2025,08,ROU.3.60_1,0,0
2025,08,ROU.3.74_1,0,0
2025,08,ROU.3.75_1,0.05022690841087985,0.32600000000000395
2025,08,ROU.30.13_1,0.050498994693194466,0.333000000000004
2025,08,ROU.30.39_1,0.051207926616278265,0.3530000000000043
2025,08,ROU.30.48_1,0.05061175268316719,0.3360000000000041
2025,08,ROU.31.100_1,0.04852146885692612,0.2880000000000035
2025,08,ROU.31.11_1,0.05327384294098829,0.4470000000000054
2025,08,ROU.31.14_1,0.04891362885356912,0.29600000000000354
2025,08,ROU.31.17_1,0.049816050269563004,0.3160000000000037
2025,08,ROU.31.25_1,0.048005245556371486,0.2780000000000033
2025,08,ROU.31.38_1,0.05034506522554535,0.32900000000000396
2025,08,ROU.31.39_1,0.05002477018288825,0.3210000000000039
2025,08,ROU.31.3_1,0.049287763330816435,0.30400000000000366
2025,08,ROU.31.54_1,0.05064882952464797,0.3370000000000041
2025,08,ROU.31.64_1,0.05341245551020247,0.46100000000000546
2025,08,ROU.31.99_1,0.05018700344551615,0.32500000000000384
2025,08,ROU.32.100_1,0.05192929148911155,0.3770000000000046
2025,08,ROU.32.10_1,0.05086598321211112,0.343000000000004
2025,08,ROU.32.11_1,0.05079460595521066,0.341000000000004
2025,08,ROU.32.12_1,0.05158589783209623,0.3650000000000043
2025,08,ROU.32.13_1,0.05354824360353189,0.48400000000000576
2025,08,ROU.32.14_1,0.05158589783209623,0.3650000000000043
2025,08,ROU.32.15_1,0.05158589783209623,0.3650000000000043
2025,08,ROU.32.16_1,0.05206233205574367,0.38200000000000445
2025,08,ROU.32.17_1,0.053573002527225126,0.4950000000000059
2025,08,ROU.32.18_1,0.05143265412313631,0.36000000000000426
2025,08,ROU.32.19_1,0.051040053228812075,0.3480000000000041
2025,08,ROU.32.1_1,0.05211391101315951,0.38400000000000456
2025,08,ROU.32.20_1,0.05268088876751247,0.4090000000000049
2025,08,ROU.32.21_1,0.05228712029734402,0.3910000000000047
2025,08,ROU.32.22_1,0.051463785566230866,0.36100000000000426
2025,08,ROU.32.23_1,0.05006572177490077,0.3220000000000039
2025,08,ROU.32.24_1,0.04977350924431744,0.3150000000000038
2025,08,ROU.32.25_1,0.052557825352018174,0.4030000000000048
2025,08,ROU.32.26_1,0.05133780467847467,0.3570000000000042
2025,08,ROU.32.27_1,0.05143265412313631,0.36000000000000426
2025,08,ROU.32.28_1,0.050266553287056544,0.32700000000000384
2025,08,ROU.32.29_1,0.05075854039377685,0.340000000000004
2025,08,ROU.32.2_1,0.05143265412313631,0.36000000000000426
2025,08,ROU.32.30_1,0.05143265412313631,0.36000000000000426
2025,08,ROU.32.31_1,0.0512407630973479,0.3540000000000043
2025,08,ROU.32.32_1,0.053560249359499254,0.48800000000000576
2025,08,ROU.32.33_1,0.05203619244176497,0.38100000000000456
2025,08,ROU.32.34_1,0.052536521867152866,0.4020000000000048
2025,08,ROU.32.35_1,0.052088238130114865,0.38300000000000456
2025,08,ROU.32.36_1,0.050460897645129024,0.332000000000004
2025,08,ROU.32.37_1,0.05195636882157525,0.3780000000000046
2025,08,ROU.32.38_1,0.04955678127391409,0.3100000000000037
2025,08,ROU.32.39_1,0.05057442164057074,0.33500000000000396
2025,08,ROU.32.3_1,0.05184664596576425,0.37400000000000444
2025,08,ROU.32.40_1,0.050305938688955956,0.32800000000000396
2025,08,ROU.32.41_1,0.04955678127391409,0.3100000000000037
2025,08,ROU.32.42_1,0.05136966412533064,0.35800000000000415
2025,08,ROU.32.43_1,0.05351896829025776,0.47700000000000564
2025,08,ROU.32.44_1,0.05354095308111759,0.4820000000000057
2025,08,ROU.32.45_1,0.0513057016639678,0.3560000000000042
2025,08,ROU.32.46_1,0.049287763330816435,0.30400000000000366
2025,08,ROU.32.47_1,0.049816050269563004,0.3160000000000037
2025,08,ROU.32.48_1,0.05010641075754359,0.3230000000000039
2025,08,ROU.32.49_1,0.053551566894666607,0.48500000000000576
2025,08,ROU.32.4_1,0.049816050269563004,0.3160000000000037
2025,08,ROU.32.50_1,0.050901295964699875,0.3440000000000041
2025,08,ROU.32.51_1,0.049816050269563004,0.3160000000000037
2025,08,ROU.32.52_1,0.051674959779282624,0.3680000000000044
2025,08,ROU.32.53_1,0.049600665583653634,0.31100000000000366
2025,08,ROU.32.54_1,0.05038393349990406,0.330000000000004
2025,08,ROU.32.55_1,0.05100573695345546,0.3470000000000041
2025,08,ROU.32.56_1,0.051207926616278265,0.3530000000000043
2025,08,ROU.32.57_1,0.0512407630973479,0.3540000000000043
2025,08,ROU.32.58_1,0.05022690841087985,0.32600000000000395
2025,08,ROU.32.59_1,0.0499003332644516,0.31800000000000384
2025,08,ROU.32.5_1,0.05136966412533064,0.35800000000000415
2025,08,ROU.32.60_1,0.053568823252102396,0.4920000000000058
2025,08,ROU.32.61_1,0.05136966412533064,0.35800000000000415
2025,08,ROU.32.62_1,0.05018700344551615,0.32500000000000384
2025,08,ROU.32.63_1,0.05181862503020059,0.37300000000000444
2025,08,ROU.32.64_1,0.05181862503020059,0.37300000000000444
2025,08,ROU.32.65_1,0.05034506522554535,0.32900000000000396
2025,08,ROU.32.66_1,0.051040053228812075,0.3480000000000041
2025,08,ROU.32.67_1,0.051040053228812075,0.3480000000000041
2025,08,ROU.32.68_1,0.04998355533603743,0.3200000000000037
2025,08,ROU.32.69_1,0.051674959779282624,0.3680000000000044
2025,08,ROU.32.6_1,0.05097117232221693,0.3460000000000041
2025,08,ROU.32.70_1,0.05195636882157525,0.3780000000000046
2025,08,ROU.32.71_1,0.05149467522603414,0.36200000000000426
2025,08,ROU.32.72_1,0.051463785566230866,0.36100000000000426
2025,08,ROU.32.73_1,0.05079460595521066,0.341000000000004
2025,08,ROU.32.74_1,0.050901295964699875,0.3440000000000041
2025,08,ROU.32.75_1,0.04900883589957695,0.2980000000000036
2025,08,ROU.32.76_1,0.053571823790329584,0.4940000000000059
2025,08,ROU.32.77_1,0.049816050269563004,0.3160000000000037
2025,08,ROU.32.78_1,0.050460897645129024,0.332000000000004
2025,08,ROU.32.79_1,0.05002477018288825,0.3210000000000039
2025,08,ROU.32.7_1,0.050536835833531336,0.3340000000000039
2025,08,ROU.32.80_1,0.05356271449419057,0.4890000000000058
2025,08,ROU.32.81_1,0.05057442164057074,0.33500000000000396
2025,08,ROU.32.82_1,0.05233452894667589,0.3930000000000048
2025,08,ROU.32.83_1,0.05075854039377685,0.340000000000004
2025,08,ROU.32.84_1,0.05200981893605474,0.3800000000000045
2025,08,ROU.32.85_1,0.05110794270935273,0.35000000000000414
2025,08,ROU.32.86_1,0.05100573695345546,0.3470000000000041
2025,08,ROU.32.87_1,0.049512626180506725,0.3090000000000036
2025,08,ROU.32.88_1,0.051674959779282624,0.3680000000000044
2025,08,ROU.32.89_1,0.05200981893605474,0.3800000000000045
2025,08,ROU.32.8_1,0.053560249359499254,0.48800000000000576
2025,08,ROU.32.90_1,0.05018700344551615,0.32500000000000384
2025,08,ROU.32.91_1,0.05149467522603414,0.36200000000000426
2025,08,ROU.32.92_1,0.05164551184117767,0.3670000000000044
2025,08,ROU.32.93_1,0.04973070095725172,0.3140000000000038
2025,08,ROU.32.94_1,0.050460897645129024,0.332000000000004
2025,08,ROU.32.95_1,0.053532803675217226,0.4800000000000057
2025,08,ROU.32.96_1,0.051207926616278265,0.3530000000000043
2025,08,ROU.32.97_1,0.05127335462430599,0.3550000000000042
2025,08,ROU.32.98_1,0.05064882952464797,0.3370000000000041
2025,08,ROU.32.99_1,0.05192929148911155,0.3770000000000046
2025,08,ROU.32.9_1,0.050936358829505014,0.3450000000000041
2025,08,ROU.33.10_1,0.051674959779282624,0.3680000000000044
2025,08,ROU.33.12_1,0.05117484470957062,0.35200000000000414
2025,08,ROU.33.20_1,0,0
2025,08,ROU.33.22_1,0,0
2025,08,ROU.33.23_1,0,0
2025,08,ROU.33.24_1,0,0
2025,08,ROU.33.25_1,0,0
2025,08,ROU.33.26_1,0.05057442164057074,0.33500000000000396
2025,08,ROU.33.2_1,0,0
2025,08,ROU.33.30_1,0.05107412164889149,0.34900000000000414
2025,08,ROU.33.36_1,0.05075854039377685,0.340000000000004
2025,08,ROU.33.39_1,0.05181862503020059,0.37300000000000444
2025,08,ROU.33.42_1,0.051207926616278265,0.3530000000000043
2025,08,ROU.33.43_1,0.05140128045743867,0.35900000000000426
2025,08,ROU.33.45_1,0,0
2025,08,ROU.33.46_1,0.05097117232221693,0.3460000000000041
2025,08,ROU.33.54_1,0.05152532353739658,0.3630000000000043
2025,08,ROU.33.57_1,0,0
2025,08,ROU.33.58_1,0,0
2025,08,ROU.33.6_1,0.05152532353739658,0.3630000000000043
2025,08,ROU.34.13_1,0.05152532353739658,0.3630000000000043
2025,08,ROU.34.18_1,0.05064882952464797,0.3370000000000041
2025,08,ROU.34.23_1,0.05164551184117767,0.3670000000000044
2025,08,ROU.34.24_1,0.05038393349990406,0.330000000000004
2025,08,ROU.34.26_1,0.05192929148911155,0.3770000000000046
2025,08,ROU.34.29_1,0.052263070319342485,0.3900000000000045
2025,08,ROU.34.2_1,0.05354095308111759,0.5180000000000061
2025,08,ROU.34.34_1,0.050685652722861733,0.3380000000000041
2025,08,ROU.34.36_1,0.05164551184117767,0.3670000000000044
2025,08,ROU.34.39_1,0.05155573093074108,0.3640000000000043
2025,08,ROU.34.40_1,0.05100573695345546,0.3470000000000041
2025,08,ROU.34.41_1,0.05198321118262047,0.3790000000000045
2025,08,ROU.34.43_1,0.05161582466312911,0.3660000000000043
2025,08,ROU.34.47_1,0.050536835833531336,0.3340000000000039
2025,08,ROU.34.49_1,0.05086598321211112,0.343000000000004
2025,08,ROU.34.56_1,0.05064882952464797,0.3370000000000041
2025,08,ROU.34.58_1,0.05042254410927727,0.3310000000000039
2025,08,ROU.34.59_1,0.052426589706794265,0.3970000000000046
2025,08,ROU.34.5_1,0.05042254410927727,0.3310000000000039
2025,08,ROU.34.8_1,0.05164551184117767,0.3670000000000044
2025,08,ROU.34.9_1,0.05170416888621893,0.3690000000000044
2025,08,ROU.35.10_1,0.05143265412313631,0.36000000000000426
2025,08,ROU.35.11_1,0.05262037491566359,0.40600000000000486
2025,08,ROU.35.12_1,0.050536835833531336,0.3340000000000039
2025,08,ROU.35.13_1,0.05213935104934067,0.38500000000000467
2025,08,ROU.35.14_1,0.05164551184117767,0.3670000000000044
2025,08,ROU.35.15_1,0.05281420996424385,0.41600000000000487
2025,08,ROU.35.16_1,0.04805819251250511,0.27900000000000336
2025,08,ROU.35.17_1,0.05143265412313631,0.36000000000000426
2025,08,ROU.35.18_1,0.05149467522603414,0.36200000000000426
2025,08,ROU.35.19_1,0.05272010385583124,0.4110000000000048
2025,08,ROU.35.1_1,0.05072222283022649,0.339000000000004
2025,08,ROU.35.20_1,0.05249323279947388,0.4000000000000049
2025,08,ROU.35.21_1,0.05164551184117767,0.3670000000000044
2025,08,ROU.35.22_1,0.05136966412533064,0.35800000000000415
2025,08,ROU.35.23_1,0.04795200070338009,0.2770000000000033
2025,08,ROU.35.24_1,0.050936358829505014,0.3450000000000041
2025,08,ROU.35.25_1,0.050305938688955956,0.32800000000000396
2025,08,ROU.35.26_1,0.047459224381707715,0.2680000000000032
2025,08,ROU.35.27_1,0.051207926616278265,0.3530000000000043
2025,08,ROU.35.28_1,0.05190197881747467,0.37600000000000444
2025,08,ROU.35.29_1,0.051733139566526816,0.3700000000000044
2025,08,ROU.35.2_1,0.05140128045743867,0.35900000000000426
2025,08,ROU.35.30_1,0.05170416888621893,0.3690000000000044
2025,08,ROU.35.31_1,0.05268088876751247,0.4090000000000049
2025,08,ROU.35.32_1,0.05064882952464797,0.3370000000000041
2025,08,ROU.35.33_1,0.05190197881747467,0.37600000000000444
2025,08,ROU.35.34_1,0.05143265412313631,0.36000000000000426
2025,08,ROU.35.35_1,0.051040053228812075,0.3480000000000041
2025,08,ROU.35.36_1,0.05218953394002372,0.3870000000000046
2025,08,ROU.35.37_1,0.05117484470957062,0.35200000000000414
2025,08,ROU.35.38_1,0.05203619244176497,0.38100000000000456
2025,08,ROU.35.39_1,0.04998355533603743,0.3200000000000037
2025,08,ROU.35.3_1,0.05176187222054234,0.3710000000000044
2025,08,ROU.35.40_1,0.05140128045743867,0.35900000000000426
2025,08,ROU.35.41_1,0.05203619244176497,0.38100000000000456
2025,08,ROU.35.42_1,0.05042254410927727,0.3310000000000039
2025,08,ROU.35.43_1,0.04891362885356912,0.29600000000000354
2025,08,ROU.35.44_1,0.05010641075754359,0.3230000000000039
2025,08,ROU.35.45_1,0.04773602230270047,0.27300000000000324
2025,08,ROU.35.46_1,0.04784461332301269,0.2750000000000033
2025,08,ROU.35.47_1,0.05110794270935273,0.35000000000000414
2025,08,ROU.35.48_1,0.047289454608209686,0.2650000000000032
2025,08,ROU.35.49_1,0.050498994693194466,0.333000000000004
2025,08,ROU.35.4_1,0.050266553287056544,0.32700000000000384
2025,08,ROU.35.50_1,0.050305938688955956,0.32800000000000396
2025,08,ROU.35.51_1,0.050936358829505014,0.3450000000000041
2025,08,ROU.35.52_1,0.05110794270935273,0.35000000000000414
2025,08,ROU.35.53_1,0.05198321118262047,0.3790000000000045
2025,08,ROU.35.54_1,0.050305938688955956,0.32800000000000396
2025,08,ROU.35.55_1,0.05042254410927727,0.3310000000000039
2025,08,ROU.35.56_1,0.05110794270935273,0.35000000000000414
2025,08,ROU.35.57_1,0.05010641075754359,0.3230000000000039
2025,08,ROU.35.58_1,0.05218953394002372,0.3870000000000046
2025,08,ROU.35.59_1,0.050536835833531336,0.3340000000000039
2025,08,ROU.35.5_1,0.05117484470957062,0.35200000000000414
2025,08,ROU.35.60_1,0.05010641075754359,0.3230000000000039
2025,08,ROU.35.61_1,0.050498994693194466,0.333000000000004
2025,08,ROU.35.62_1,0.050936358829505014,0.3450000000000041
2025,08,ROU.35.6_1,0.05064882952464797,0.3370000000000041
2025,08,ROU.35.7_1,0.05143265412313631,0.36000000000000426
2025,08,ROU.35.8_1,0.050536835833531336,0.3340000000000039
2025,08,ROU.35.9_1,0.05206233205574367,0.38200000000000445
2025,08,ROU.36.19_1,0.047402944224508976,0.2670000000000032
2025,08,ROU.37.26_1,0.04910292306494889,0.3000000000000036
2025,08,ROU.37.31_1,0.048005245556371486,0.2780000000000033
2025,08,ROU.37.32_1,0.05002477018288825,0.3210000000000039
2025,08,ROU.37.39_1,0.049942076582592816,0.31900000000000384
2025,08,ROU.37.41_1,0.04831849292289831,0.2840000000000034
2025,08,ROU.37.44_1,0.048961372768160066,0.2970000000000035
2025,08,ROU.37.4_1,0.04867066844207512,0.29100000000000337
2025,08,ROU.37.50_1,0.05083042005093492,0.34200000000000413
2025,08,ROU.37.73_1,0.05018700344551615,0.32500000000000384
2025,08,ROU.37.84_1,0.04795200070338009,0.2770000000000033
2025,08,ROU.37.88_1,0.053472609771471634,0.4690000000000055
2025,08,ROU.37.9_1,0.04955678127391409,0.3100000000000037
2025,08,ROU.38.10_1,0.050460897645129024,0.332000000000004
2025,08,ROU.38.12_1,0.05233452894667589,0.3930000000000048
2025,08,ROU.38.15_1,0.052088238130114865,0.38300000000000456
2025,08,ROU.38.19_1,0.05164551184117767,0.3670000000000044
2025,08,ROU.38.26_1,0.052919757265889655,0.4220000000000049
2025,08,ROU.38.2_1,0,0
2025,08,ROU.38.31_1,0,0
2025,08,ROU.38.37_1,0,0
2025,08,ROU.38.42_1,0,0
2025,08,ROU.38.48_1,0.05218953394002372,0.3870000000000046
2025,08,ROU.38.49_1,0.05143265412313631,0.36000000000000426
2025,08,ROU.38.50_1,0,0
2025,08,ROU.38.54_1,0.05072222283022649,0.339000000000004
2025,08,ROU.38.55_1,0.05357396692903125,0.504000000000006
2025,08,ROU.38.58_1,0.04998355533603743,0.3200000000000037
2025,08,ROU.38.5_1,0.05354824360353189,0.5160000000000061
2025,08,ROU.38.69_1,0.05223878948244368,0.3890000000000046
2025,08,ROU.38.71_1,0.051040053228812075,0.3480000000000041
2025,08,ROU.38.74_1,0.053560249359499254,0.48800000000000576
2025,08,ROU.38.76_1,0.050305938688955956,0.32800000000000396
2025,08,ROU.38.79_1,0,0
2025,08,ROU.38.80_1,0.05352840676998697,0.5210000000000063
2025,08,ROU.39.10_1,0.05187443043493572,0.37500000000000444
2025,08,ROU.39.11_1,0,0
2025,08,ROU.39.12_1,0,0
2025,08,ROU.39.13_1,0,0
2025,08,ROU.39.14_1,0,0
2025,08,ROU.39.15_1,0,0
2025,08,ROU.39.16_1,0,0
2025,08,ROU.39.17_1,0.05133780467847467,0.3570000000000042
2025,08,ROU.39.18_1,0,0
2025,08,ROU.39.19_1,0,0
2025,08,ROU.39.1_1,0,0
2025,08,ROU.39.20_1,0,0
2025,08,ROU.39.21_1,0,0
2025,08,ROU.39.22_1,0,0
2025,08,ROU.39.23_1,0,0
2025,08,ROU.39.24_1,0.05206233205574367,0.38200000000000445
2025,08,ROU.39.25_1,0.05110794270935273,0.35000000000000414
2025,08,ROU.39.26_1,0,0
2025,08,ROU.39.27_1,0,0
2025,08,ROU.39.28_1,0,0
2025,08,ROU.39.29_1,0,0
2025,08,ROU.39.2_1,0.05107412164889149,0.34900000000000414
2025,08,ROU.39.30_1,0,0
2025,08,ROU.39.31_1,0,0
2025,08,ROU.39.32_1,0,0
2025,08,ROU.39.33_1,0,0
2025,08,ROU.39.34_1,0,0
2025,08,ROU.39.35_1,0,0
2025,08,ROU.39.36_1,0.05213935104934067,0.38500000000000467
2025,08,ROU.39.37_1,0,0
2025,08,ROU.39.38_1,0,0
2025,08,ROU.39.39_1,0,0
2025,08,ROU.39.3_1,0.05181862503020059,0.37300000000000444
2025,08,ROU.39.40_1,0,0
2025,08,ROU.39.41_1,0,0
2025,08,ROU.39.42_1,0.05216455857932832,0.3860000000000046
2025,08,ROU.39.43_1,0,0
2025,08,ROU.39.44_1,0,0
2025,08,ROU.39.45_1,0,0
2025,08,ROU.39.46_1,0,0
2025,08,ROU.39.47_1,0,0
2025,08,ROU.39.48_1,0,0
2025,08,ROU.39.4_1,0.05264077203826029,0.40700000000000486
2025,08,ROU.39.5_1,0,0
2025,08,ROU.39.6_1,0.05170416888621893,0.3690000000000044
2025,08,ROU.39.7_1,0.05213935104934067,0.38500000000000467
2025,08,ROU.39.8_1,0.05192929148911155,0.3770000000000046
2025,08,ROU.39.9_1,0,0
2025,08,ROU.4.32_1,0.04985832471710238,0.31700000000000383
2025,08,ROU.4.41_1,0.049816050269563004,0.3160000000000037
2025,08,ROU.4.49_1,0.05002477018288825,0.3210000000000039
2025,08,ROU.4.62_1,0.05083042005093492,0.34200000000000413
2025,08,ROU.4.63_1,0.05170416888621893,0.3690000000000044
2025,08,ROU.4.66_1,0.04964427982782348,0.3120000000000038
2025,08,ROU.40.14_1,0.05064882952464797,0.3370000000000041
2025,08,ROU.40.25_1,0.049287763330816435,0.30400000000000366
2025,08,ROU.40.53_1,0.05072222283022649,0.339000000000004
2025,08,ROU.40.84_1,0.047790468778521104,0.2740000000000033
2025,08,ROU.41.10_1,0.05143265412313631,0.36000000000000426
2025,08,ROU.41.11_1,0.04964427982782348,0.3120000000000038
2025,08,ROU.41.12_1,0.050685652722861733,0.3380000000000041
2025,08,ROU.41.13_1,0.05064882952464797,0.3370000000000041
2025,08,ROU.41.14_1,0.049942076582592816,0.31900000000000384
2025,08,ROU.41.15_1,0.04955678127391409,0.3100000000000037
2025,08,ROU.41.16_1,0.050936358829505014,0.3450000000000041
2025,08,ROU.41.17_1,0.05086598321211112,0.343000000000004
2025,08,ROU.41.18_1,0.05057442164057074,0.33500000000000396
2025,08,ROU.41.19_1,0.05061175268316719,0.3360000000000041
2025,08,ROU.41.1_1,0.048865603332790344,0.2950000000000034
2025,08,ROU.41.20_1,0.0501468377700579,0.3240000000000038
2025,08,ROU.41.21_1,0.05161582466312911,0.3660000000000043
2025,08,ROU.41.22_1,0.049600665583653634,0.31100000000000366
2025,08,ROU.41.23_1,0.05083042005093492,0.34200000000000413
2025,08,ROU.41.24_1,0.05136966412533064,0.35800000000000415
2025,08,ROU.41.25_1,0.050936358829505014,0.3450000000000041
2025,08,ROU.41.26_1,0.05140128045743867,0.35900000000000426
2025,08,ROU.41.27_1,0.05155573093074108,0.3640000000000043
2025,08,ROU.41.28_1,0.05114151690094962,0.35100000000000414
2025,08,ROU.41.29_1,0.05149467522603414,0.36200000000000426
2025,08,ROU.41.2_1,0.05064882952464797,0.3370000000000041
2025,08,ROU.41.30_1,0.04964427982782348,0.3120000000000038
2025,08,ROU.41.31_1,0.050305938688955956,0.32800000000000396
2025,08,ROU.41.32_1,0.050460897645129024,0.332000000000004
2025,08,ROU.41.33_1,0.049942076582592816,0.31900000000000384
2025,08,ROU.41.34_1,0.05057442164057074,0.33500000000000396
2025,08,ROU.41.35_1,0.051674959779282624,0.3680000000000044
2025,08,ROU.41.36_1,0.05097117232221693,0.3460000000000041
2025,08,ROU.41.37_1,0.05022690841087985,0.32600000000000395
2025,08,ROU.41.38_1,0.05200981893605474,0.3800000000000045
2025,08,ROU.41.39_1,0.05086598321211112,0.343000000000004
2025,08,ROU.41.3_1,0.050305938688955956,0.32800000000000396
2025,08,ROU.41.40_1,0.05042254410927727,0.3310000000000039
2025,08,ROU.41.41_1,0.050901295964699875,0.3440000000000041
2025,08,ROU.41.42_1,0.04968762471758899,0.31300000000000366
2025,08,ROU.41.43_1,0.04955678127391409,0.3100000000000037
2025,08,ROU.41.44_1,0.05072222283022649,0.339000000000004
2025,08,ROU.41.45_1,0.05155573093074108,0.3640000000000043
2025,08,ROU.41.46_1,0.05164551184117767,0.3670000000000044
2025,08,ROU.41.47_1,0.049195896775001406,0.30200000000000365
2025,08,ROU.41.48_1,0.05211391101315951,0.38400000000000456
2025,08,ROU.41.49_1,0.049942076582592816,0.31900000000000384
2025,08,ROU.41.4_1,0.049468199578330686,0.3080000000000037
2025,08,ROU.41.50_1,0.05133780467847467,0.3570000000000042
2025,08,ROU.41.51_1,0.05127335462430599,0.3550000000000042
2025,08,ROU.41.52_1,0.050266553287056544,0.32700000000000384
2025,08,ROU.41.53_1,0.050266553287056544,0.32700000000000384
2025,08,ROU.41.54_1,0.05064882952464797,0.3370000000000041
2025,08,ROU.41.55_1,0.05107412164889149,0.34900000000000414
2025,08,ROU.41.56_1,0.0499003332644516,0.31800000000000384
2025,08,ROU.41.57_1,0.050685652722861733,0.3380000000000041
2025,08,ROU.41.58_1,0.050305938688955956,0.32800000000000396
2025,08,ROU.41.59_1,0.05203619244176497,0.38100000000000456
2025,08,ROU.41.5_1,0.05083042005093492,0.34200000000000413
2025,08,ROU.41.60_1,0.05079460595521066,0.341000000000004
2025,08,ROU.41.61_1,0.05038393349990406,0.330000000000004
2025,08,ROU.41.62_1,0.05072222283022649,0.339000000000004
2025,08,ROU.41.63_1,0.04955678127391409,0.3100000000000037
2025,08,ROU.41.64_1,0.049942076582592816,0.31900000000000384
2025,08,ROU.41.65_1,0.05152532353739658,0.3630000000000043
2025,08,ROU.41.66_1,0.05184664596576425,0.37400000000000444
2025,08,ROU.41.67_1,0.05110794270935273,0.35000000000000414
2025,08,ROU.41.68_1,0.050901295964699875,0.3440000000000041
2025,08,ROU.41.69_1,0.05083042005093492,0.34200000000000413
2025,08,ROU.41.6_1,0.049816050269563004,0.3160000000000037
2025,08,ROU.41.70_1,0.05072222283022649,0.339000000000004
2025,08,ROU.41.71_1,0.04964427982782348,0.3120000000000038
2025,08,ROU.41.72_1,0.05176187222054234,0.3710000000000044
2025,08,ROU.41.73_1,0.051463785566230866,0.36100000000000426
2025,08,ROU.41.74_1,0.05136966412533064,0.35800000000000415
2025,08,ROU.41.75_1,0.05057442164057074,0.33500000000000396
2025,08,ROU.41.7_1,0.05110794270935273,0.35000000000000414
2025,08,ROU.41.8_1,0.052739373914972805,0.4120000000000048
2025,08,ROU.41.9_1,0.05152532353739658,0.3630000000000043
2025,08,ROU.42.12_1,0.05010641075754359,0.3230000000000039
2025,08,ROU.42.13_1,0.053564965170263344,0.4900000000000058
2025,08,ROU.42.35_1,0.049287763330816435,0.30400000000000366
2025,08,ROU.42.36_1,0.04831849292289831,0.2840000000000034
2025,08,ROU.42.3_1,0.05107412164889149,0.34900000000000414
2025,08,ROU.42.47_1,0.05042254410927727,0.3310000000000039
2025,08,ROU.42.48_1,0.05057442164057074,0.33500000000000396
2025,08,ROU.42.52_1,0.05083042005093492,0.34200000000000413
2025,08,ROU.42.5_1,0.05218953394002372,0.3870000000000046
2025,08,ROU.5.10_1,0.05352379499351613,0.5220000000000062
2025,08,ROU.5.11_1,0.05127335462430599,0.3550000000000042
2025,08,ROU.5.12_1,0.05097117232221693,0.3460000000000041
2025,08,ROU.5.13_1,0.05223878948244368,0.3890000000000046
2025,08,ROU.5.14_1,0.050498994693194466,0.333000000000004
2025,08,ROU.5.15_1,0.0512407630973479,0.3540000000000043
2025,08,ROU.5.16_1,0.04842056148832926,0.2860000000000034
2025,08,ROU.5.17_1,0.05079460595521066,0.341000000000004
2025,08,ROU.5.18_1,0.04762621940930128,0.27100000000000324
2025,08,ROU.5.19_1,0.05038393349990406,0.330000000000004
2025,08,ROU.5.1_1,0.0513057016639678,0.3560000000000042
2025,08,ROU.5.20_1,0.05010641075754359,0.3230000000000039
2025,08,ROU.5.21_1,0.0501468377700579,0.3240000000000038
2025,08,ROU.5.22_1,0.0499003332644516,0.31800000000000384
2025,08,ROU.5.23_1,0.05176187222054234,0.3710000000000044
2025,08,ROU.5.24_1,0.05100573695345546,0.3470000000000041
2025,08,ROU.5.25_1,0.05184664596576425,0.37400000000000444
2025,08,ROU.5.26_1,0.052426589706794265,0.3970000000000046
2025,08,ROU.5.27_1,0.05247124665392564,0.39900000000000474
2025,08,ROU.5.28_1,0.0513057016639678,0.3560000000000042
2025,08,ROU.5.29_1,0.05136966412533064,0.35800000000000415
2025,08,ROU.5.2_1,0.05158589783209623,0.3650000000000043
2025,08,ROU.5.30_1,0.0513057016639678,0.3560000000000042
2025,08,ROU.5.31_1,0.05143265412313631,0.36000000000000426
2025,08,ROU.5.32_1,0.049287763330816435,0.30400000000000366
2025,08,ROU.5.33_1,0.05181862503020059,0.37300000000000444
2025,08,ROU.5.34_1,0.050498994693194466,0.333000000000004
2025,08,ROU.5.35_1,0.05143265412313631,0.36000000000000426
2025,08,ROU.5.36_1,0.05195636882157525,0.3780000000000046
2025,08,ROU.5.37_1,0.0513057016639678,0.3560000000000042
2025,08,ROU.5.38_1,0.05140128045743867,0.35900000000000426
2025,08,ROU.5.39_1,0.05136966412533064,0.35800000000000415
2025,08,ROU.5.3_1,0.05083042005093492,0.34200000000000413
2025,08,ROU.5.40_1,0.05086598321211112,0.343000000000004
2025,08,ROU.5.41_1,0.05345167088068128,0.5340000000000064
2025,08,ROU.5.42_1,0.05079460595521066,0.341000000000004
2025,08,ROU.5.43_1,0.05107412164889149,0.34900000000000414
2025,08,ROU.5.44_1,0.051207926616278265,0.3530000000000043
2025,08,ROU.5.45_1,0.05158589783209623,0.3650000000000043
2025,08,ROU.5.46_1,0.05061175268316719,0.3360000000000041
2025,08,ROU.5.47_1,0.04985832471710238,0.31700000000000383
2025,08,ROU.5.48_1,0.05152532353739658,0.3630000000000043
2025,08,ROU.5.49_1,0.05057442164057074,0.33500000000000396
2025,08,ROU.5.4_1,0.05075854039377685,0.340000000000004
2025,08,ROU.5.50_1,0.052660943235704534,0.40800000000000475
2025,08,ROU.5.51_1,0.052088238130114865,0.38300000000000456
2025,08,ROU.5.52_1,0.05213935104934067,0.38500000000000467
2025,08,ROU.5.53_1,0.05176187222054234,0.3710000000000044
2025,08,ROU.5.54_1,0.05018700344551615,0.32500000000000384
2025,08,ROU.5.55_1,0.0513057016639678,0.3560000000000042
2025,08,ROU.5.56_1,0.05303278065919709,0.42900000000000515
2025,08,ROU.5.57_1,0.052263070319342485,0.3900000000000045
2025,08,ROU.5.58_1,0.05034506522554535,0.32900000000000396
2025,08,ROU.5.59_1,0.052660943235704534,0.40800000000000475
2025,08,ROU.5.5_1,0.05038393349990406,0.330000000000004
2025,08,ROU.5.60_1,0.05238101793432105,0.39500000000000474
2025,08,ROU.5.61_1,0.05143265412313631,0.36000000000000426
2025,08,ROU.5.62_1,0.05247124665392564,0.39900000000000474
2025,08,ROU.5.63_1,0.05249323279947388,0.4000000000000049
2025,08,ROU.5.64_1,0.05187443043493572,0.37500000000000444
2025,08,ROU.5.65_1,0.05140128045743867,0.35900000000000426
2025,08,ROU.5.66_1,0.05345167088068128,0.5340000000000064
2025,08,ROU.5.67_1,0.05184664596576425,0.37400000000000444
2025,08,ROU.5.68_1,0.05337719081836405,0.5430000000000065
2025,08,ROU.5.69_1,0.05190197881747467,0.37600000000000444
2025,08,ROU.5.6_1,0.05354095308111759,0.4820000000000057
2025,08,ROU.5.70_1,0.052832359121806324,0.417000000000005
2025,08,ROU.5.71_1,0.052557825352018174,0.4030000000000048
2025,08,ROU.5.72_1,0.05107412164889149,0.34900000000000414
2025,08,ROU.5.73_1,0.053226408100709104,0.5570000000000067
2025,08,ROU.5.74_1,0.05221427746458356,0.3880000000000046
2025,08,ROU.5.75_1,0.05164551184117767,0.3670000000000044
2025,08,ROU.5.76_1,0.04658201386199609,0.253000000000003
2025,08,ROU.5.77_1,0.05064882952464797,0.3370000000000041
2025,08,ROU.5.78_1,0.05231093973486073,0.3920000000000047
2025,08,ROU.5.79_1,0.05136966412533064,0.35800000000000415
2025,08,ROU.5.7_1,0.05107412164889149,0.34900000000000414
2025,08,ROU.5.80_1,0.049942076582592816,0.31900000000000384
2025,08,ROU.5.81_1,0.05083042005093492,0.34200000000000413
2025,08,ROU.5.82_1,0.05022690841087985,0.32600000000000395
2025,08,ROU.5.83_1,0.05353698576214796,0.5190000000000062
2025,08,ROU.5.84_1,0.05086598321211112,0.343000000000004
2025,08,ROU.5.85_1,0.05164551184117767,0.3670000000000044
2025,08,ROU.5.86_1,0.05213935104934067,0.38500000000000467
2025,08,ROU.5.87_1,0.05127335462430599,0.3550000000000042
2025,08,ROU.5.88_1,0.052263070319342485,0.3900000000000045
2025,08,ROU.5.89_1,0.051674959779282624,0.3680000000000044
2025,08,ROU.5.8_1,0.05206233205574367,0.38200000000000445
2025,08,ROU.5.90_1,0.05110794270935273,0.35000000000000414
2025,08,ROU.5.91_1,0.05133780467847467,0.3570000000000042
2025,08,ROU.5.92_1,0.050266553287056544,0.32700000000000384
2025,08,ROU.5.93_1,0.04998355533603743,0.3200000000000037
2025,08,ROU.5.94_1,0.05190197881747467,0.37600000000000444
2025,08,ROU.5.9_1,0.05216455857932832,0.3860000000000046
2025,08,ROU.6.10_1,0,0
2025,08,ROU.6.31_1,0,0
2025,08,ROU.6.36_1,0,0
2025,08,ROU.6.37_1,0.04789845696008719,0.2760000000000033
2025,08,ROU.6.38_1,0.049600665583653634,0.31100000000000366
2025,08,ROU.6.42_1,0.04831849292289831,0.2840000000000034
2025,08,ROU.6.4_1,0,0
2025,08,ROU.6.51_1,0.05079460595521066,0.341000000000004
2025,08,ROU.6.53_1,0.04900883589957695,0.2980000000000036
2025,08,ROU.6.57_1,0.04985832471710238,0.31700000000000383
2025,08,ROU.6.6_1,0,0
2025,08,ROU.6.8_1,0,0
2025,08,ROU.7.14_1,0,0
2025,08,ROU.7.38_1,0,0
2025,08,ROU.7.42_1,0,0
2025,08,ROU.7.44_1,0,0
2025,08,ROU.7.48_1,0,0
2025,08,ROU.7.50_1,0,0
2025,08,ROU.7.52_1,0,0
2025,08,ROU.7.57_1,0,0
2025,08,ROU.8.10_1,0,0
2025,08,ROU.8.11_1,0,0
2025,08,ROU.8.12_1,0,0
2025,08,ROU.8.13_1,0,0
2025,08,ROU.8.14_1,0,0
2025,08,ROU.8.15_1,0,0
2025,08,ROU.8.16_1,0,0
2025,08,ROU.8.17_1,0,0
2025,08,ROU.8.18_1,0,0
2025,08,ROU.8.19_1,0,0
2025,08,ROU.8.1_1,0,0
2025,08,ROU.8.20_1,0,0
2025,08,ROU.8.21_1,0,0
2025,08,ROU.8.22_1,0,0
2025,08,ROU.8.23_1,0,0
2025,08,ROU.8.24_1,0,0
2025,08,ROU.8.25_1,0,0
2025,08,ROU.8.26_1,0,0
2025,08,ROU.8.27_1,0,0
2025,08,ROU.8.28_1,0,0
2025,08,ROU.8.29_1,0,0
2025,08,ROU.8.2_1,0,0
2025,08,ROU.8.30_1,0,0
2025,08,ROU.8.31_1,0,0
2025,08,ROU.8.32_1,0,0
2025,08,ROU.8.33_1,0,0
2025,08,ROU.8.34_1,0,0
2025,08,ROU.8.35_1,0,0
2025,08,ROU.8.36_1,0,0
2025,08,ROU.8.37_1,0.04924196805815263,0.30300000000000366
2025,08,ROU.8.38_1,0,0
2025,08,ROU.8.39_1,0,0
2025,08,ROU.8.3_1,0,0
2025,08,ROU.8.40_1,0,0
2025,08,ROU.8.41_1,0.05097117232221693,0.3460000000000041
2025,08,ROU.8.42_1,0,0
2025,08,ROU.8.43_1,0,0
2025,08,ROU.8.44_1,0,0
2025,08,ROU.8.45_1,0.05064882952464797,0.3370000000000041
2025,08,ROU.8.46_1,0,0
2025,08,ROU.8.47_1,0.04905601906281753,0.2990000000000036
2025,08,ROU.8.49_1,0.050266553287056544,0.32700000000000384
2025,08,ROU.8.4_1,0,0
2025,08,ROU.8.50_1,0,0
2025,08,ROU.8.51_1,0,0
2025,08,ROU.8.52_1,0,0
2025,08,ROU.8.5_1,0,0
2025,08,ROU.8.6_1,0,0
2025,08,ROU.8.7_1,0,0
2025,08,ROU.8.8_1,0,0
2025,08,ROU.8.9_1,0.05127335462430599,0.3550000000000042
2025,08,ROU.9.10_1,0.05143265412313631,0.36000000000000426
2025,08,ROU.9.11_1,0.05353698576214796,0.4810000000000057
2025,08,ROU.9.13_1,0.05083042005093492,0.34200000000000413
2025,08,ROU.9.18_1,0.05107412164889149,0.34900000000000414
2025,08,ROU.9.22_1,0.050460897645129024,0.332000000000004
2025,08,ROU.9.2_1,0.05097117232221693,0.3460000000000041
2025,08,ROU.9.31_1,0.050901295964699875,0.3440000000000041
2025,08,ROU.9.39_1,0,0
2025,08,ROU.9.5_1,0,0
2025,08,ROU.9.6_1,0.05352379499351613,0.5220000000000062
2025,08,SRB.1.1_1,0.04955678127391409,0.3100000000000037
2025,08,SRB.1.2_1,0.05061175268316719,0.3360000000000041
2025,08,SRB.1.3_1,0.05010641075754359,0.3230000000000039
2025,08,SRB.1.4_1,0.05022690841087985,0.32600000000000395
2025,08,SRB.10.1_1,0,0
2025,08,SRB.10.2_1,0,0
2025,08,SRB.10.3_1,0,0
2025,08,SRB.10.4_1,0,0
2025,08,SRB.10.5_1,0,0
2025,08,SRB.10.6_1,0,0
2025,08,SRB.10.7_1,0,0
2025,08,SRB.11.1_1,0.044954562190896045,0.2280000000000028
2025,08,SRB.11.2_1,0.048369672812695,0.2850000000000034
2025,08,SRB.11.3_1,0.046941469908962384,0.25900000000000306
2025,08,SRB.11.4_1,0.04676319213930411,0.25600000000000306
2025,08,SRB.11.5_1,0.045023850011640235,0.2290000000000028
2025,08,SRB.11.6_1,0.048163196658493446,0.28100000000000336
2025,08,SRB.11.7_1,0.046397901098640094,0.250000000000003
2025,08,SRB.12.1_1,0,0
2025,08,SRB.12.2_1,0,0
2025,08,SRB.12.3_1,0.04762621940930128,0.27100000000000324
2025,08,SRB.12.4_1,0,0
2025,08,SRB.13.1_1,0.05312103781659036,0.4350000000000052
2025,08,SRB.13.2_1,0.05326231153775854,0.4460000000000052
2025,08,SRB.13.3_1,0.05200981893605474,0.3800000000000045
2025,08,SRB.14.1_1,0,0
2025,08,SRB.14.2_1,0.05010641075754359,0.3230000000000039
2025,08,SRB.14.3_1,0.05176187222054234,0.3710000000000044
2025,08,SRB.14.4_1,0,0
2025,08,SRB.14.5_1,0,0
2025,08,SRB.14.6_1,0.052088238130114865,0.38300000000000456
2025,08,SRB.15.1_1,0,0
2025,08,SRB.15.2_1,0,0
2025,08,SRB.15.3_1,0,0
2025,08,SRB.15.4_1,0,0
2025,08,SRB.15.5_1,0,0
2025,08,SRB.15.6_1,0,0
2025,08,SRB.16.1_1,0.048961372768160066,0.2970000000000035
2025,08,SRB.16.2_1,0.048369672812695,0.2850000000000034
2025,08,SRB.16.3_1,0,0
2025,08,SRB.16.4_1,0.046941469908962384,0.25900000000000306
2025,08,SRB.16.5_1,0,0
2025,08,SRB.17.1_1,0.052088238130114865,0.38300000000000456
2025,08,SRB.17.2_1,0.05233452894667589,0.3930000000000048
2025,08,SRB.17.3_1,0.05110794270935273,0.35000000000000414
2025,08,SRB.18.1_1,0.05176187222054234,0.3710000000000044
2025,08,SRB.18.2_1,0.051040053228812075,0.3480000000000041
2025,08,SRB.18.3_1,0.05083042005093492,0.34200000000000413
2025,08,SRB.18.4_1,0.050460897645129024,0.332000000000004
2025,08,SRB.18.5_1,0.05181862503020059,0.37300000000000444
2025,08,SRB.18.6_1,0.05152532353739658,0.3630000000000043
2025,08,SRB.19.1_1,0.05042254410927727,0.3310000000000039
2025,08,SRB.19.2_1,0.050685652722861733,0.3380000000000041
2025,08,SRB.19.3_1,0,0
2025,08,SRB.19.4_1,0.05203619244176497,0.38100000000000456
2025,08,SRB.19.5_1,0.05086598321211112,0.343000000000004
2025,08,SRB.2.1_1,0.05022690841087985,0.32600000000000395
2025,08,SRB.2.2_1,0.04968762471758899,0.31300000000000366
2025,08,SRB.2.3_1,0,0
2025,08,SRB.2.4_1,0,0
2025,08,SRB.2.5_1,0,0
2025,08,SRB.2.6_1,0,0
2025,08,SRB.2.7_1,0,0
2025,08,SRB.2.8_1,0.050460897645129024,0.332000000000004
2025,08,SRB.20.1_1,0.042860545102613584,0.20000000000000234
2025,08,SRB.20.2_1,0.04177955162539772,0.18700000000000228
2025,08,SRB.20.3_1,0.04543205145085558,0.23500000000000268
2025,08,SRB.20.4_1,0.04431444077957728,0.21900000000000258
2025,08,SRB.20.5_1,0.0412552228218608,0.1810000000000022
2025,08,SRB.20.6_1,0.043257178996686844,0.2050000000000024
2025,08,SRB.20.7_1,0.04933328336164075,0.30500000000000355
2025,08,SRB.21.1_1,0.05152532353739658,0.3630000000000043
2025,08,SRB.21.2_1,0.051790367244427635,0.37200000000000444
2025,08,SRB.21.3_1,0.05155573093074108,0.3640000000000043
2025,08,SRB.21.4_1,0.05086598321211112,0.343000000000004
2025,08,SRB.21.5_1,0.052557825352018174,0.4030000000000048
2025,08,SRB.21.6_1,0.05233452894667589,0.3930000000000048
2025,08,SRB.21.7_1,0.051674959779282624,0.3680000000000044
2025,08,SRB.22.1_1,0,0
2025,08,SRB.22.2_1,0,0
2025,08,SRB.22.3_1,0,0
2025,08,SRB.22.4_1,0,0
2025,08,SRB.23.1_1,0,0
2025,08,SRB.23.2_1,0.048110842555305545,0.28000000000000336
2025,08,SRB.23.3_1,0,0
2025,08,SRB.23.4_1,0.0499003332644516,0.31800000000000384
2025,08,SRB.24.1_1,0.03615290790358851,0.13100000000000156
2025,08,SRB.24.2_1,0.03579817824082167,0.12800000000000153
2025,08,SRB.24.3_1,0.037180133279563606,0.14000000000000168
2025,08,SRB.24.4_1,0.035069120318722245,0.12200000000000155
2025,08,SRB.25.10_1,0.05072222283022649,0.339000000000004
2025,08,SRB.25.1_1,0.05107412164889149,0.34900000000000414
2025,08,SRB.25.2_1,0.05152532353739658,0.3630000000000043
2025,08,SRB.25.3_1,0.04998355533603743,0.3200000000000037
2025,08,SRB.25.4_1,0.050685652722861733,0.3380000000000041
2025,08,SRB.25.5_1,0.04914954870519141,0.3010000000000036
2025,08,SRB.25.6_1,0.0512407630973479,0.3540000000000043
2025,08,SRB.25.7_1,0.04914954870519141,0.3010000000000036
2025,08,SRB.25.8_1,0.049287763330816435,0.30400000000000366
2025,08,SRB.25.9_1,0.04676319213930411,0.25600000000000306
2025,08,SRB.3.10_1,0.05331779026585447,0.5490000000000067
2025,08,SRB.3.11_1,0.038880444494259994,0.1560000000000019
2025,08,SRB.3.12_1,0.05345167088068128,0.5340000000000064
2025,08,SRB.3.13_1,0.040343448586584806,0.17100000000000207
2025,08,SRB.3.14_1,0.03948000648899763,0.16200000000000195
2025,08,SRB.3.15_1,0.053560249359499254,0.5120000000000061
2025,08,SRB.3.16_1,0.041343767016851954,0.1820000000000021
2025,08,SRB.3.17_1,0.040155178702937465,0.16900000000000204
2025,08,SRB.3.1_1,0.03948000648899763,0.16200000000000195
2025,08,SRB.3.2_1,0.04052971082719015,0.1730000000000021
2025,08,SRB.3.3_1,0.0386761504289818,0.15400000000000186
2025,08,SRB.3.4_1,0.03948000648899763,0.16200000000000195
2025,08,SRB.3.5_1,0.040622097723168556,0.174000000000002
2025,08,SRB.3.6_1,0.04294069973583317,0.20100000000000245
2025,08,SRB.3.7_1,0.04116620927641933,0.18000000000000208
2025,08,SRB.3.8_1,0.03918269096108803,0.15900000000000192
2025,08,SRB.3.9_1,0.040622097723168556,0.174000000000002
2025,08,SRB.4.1_1,0,0
2025,08,SRB.4.2_1,0.04409431555155806,0.2160000000000024
2025,08,SRB.4.3_1,0,0
2025,08,SRB.4.4_1,0.049942076582592816,0.31900000000000384
2025,08,SRB.4.5_1,0,0
2025,08,SRB.4.6_1,0,0
2025,08,SRB.5.10_1,0.04556529021950858,0.2370000000000028
2025,08,SRB.5.11_1,0.047174718460374666,0.2630000000000031
2025,08,SRB.5.12_1,0.047346354670253735,0.2660000000000032
2025,08,SRB.5.1_1,0.04416807247327967,0.21700000000000266
2025,08,SRB.5.2_1,0.04582759939543833,0.24100000000000285
2025,08,SRB.5.3_1,0.047570860891398406,0.27000000000000324
2025,08,SRB.5.4_1,0.047402944224508976,0.2670000000000032
2025,08,SRB.5.5_1,0.04409431555155806,0.2160000000000024
2025,08,SRB.5.6_1,0.047459224381707715,0.2680000000000032
2025,08,SRB.5.7_1,0.046084429633491374,0.2450000000000029
2025,08,SRB.5.8_1,0.044954562190896045,0.2280000000000028
2025,08,SRB.5.9_1,0.05330712990580273,0.4500000000000053
2025,08,SRB.6.1_1,0,0
2025,08,SRB.6.2_1,0,0
2025,08,SRB.6.3_1,0,0
2025,08,SRB.6.4_1,0.05061175268316719,0.3360000000000041
2025,08,SRB.6.5_1,0.05117484470957062,0.35200000000000414
2025,08,SRB.6.6_1,0.05206233205574367,0.38200000000000445
2025,08,SRB.6.7_1,0,0
2025,08,SRB.6.8_1,0,0
2025,08,SRB.7.1_1,0.05270060888990626,0.4100000000000048
2025,08,SRB.7.2_1,0,0
2025,08,SRB.7.3_1,0.05136966412533064,0.35800000000000415
2025,08,SRB.7.4_1,0.0513057016639678,0.3560000000000042
2025,08,SRB.7.5_1,0.05198321118262047,0.3790000000000045
2025,08,SRB.7.6_1,0.051207926616278265,0.3530000000000043
2025,08,SRB.8.1_1,0.05235788824396569,0.3940000000000048
2025,08,SRB.8.2_1,0.052449032386359284,0.39800000000000474
2025,08,SRB.8.3_1,0.05187443043493572,0.37500000000000444
2025,08,SRB.8.4_1,0.05170416888621893,0.3690000000000044
2025,08,SRB.8.5_1,0.053226408100709104,0.44300000000000533
2025,08,SRB.8.6_1,0.05251499110952353,0.4010000000000048
2025,08,SRB.8.7_1,0.052795837100001325,0.41500000000000486
2025,08,SRB.8.8_1,0.052557825352018174,0.4030000000000048
2025,08,SRB.9.1_1,0.052263070319342485,0.3900000000000045
2025,08,SRB.9.2_1,0.05127335462430599,0.3550000000000042
2025,08,SRB.9.3_1,0.04891362885356912,0.29600000000000354
2025,08,SRB.9.4_1,0.05107412164889149,0.34900000000000414
2025,08,SVK.1.10_1,0.04998355533603743,0.3200000000000037
2025,08,SVK.1.11_1,0.05022690841087985,0.32600000000000395
2025,08,SVK.1.12_1,0.049423500735211304,0.3070000000000036
2025,08,SVK.1.13_1,0,0
2025,08,SVK.1.1_1,0,0
2025,08,SVK.1.2_1,0.050305938688955956,0.32800000000000396
2025,08,SVK.1.3_1,0,0
2025,08,SVK.1.4_1,0,0
2025,08,SVK.1.5_1,0.04826702089257325,0.2830000000000033
2025,08,SVK.1.6_1,0.05064882952464797,0.3370000000000041
2025,08,SVK.1.7_1,0,0
2025,08,SVK.1.8_1,0.0501468377700579,0.3240000000000038
2025,08,SVK.1.9_1,0.050901295964699875,0.3440000000000041
2025,08,SVK.2.1_1,0.05356271449419057,0.4890000000000058
2025,08,SVK.2.2_1,0.05206233205574367,0.38200000000000445
2025,08,SVK.2.3_1,0.05164551184117767,0.3670000000000044
2025,08,SVK.2.4_1,0.051674959779282624,0.3680000000000044
2025,08,SVK.2.5_1,0.051790367244427635,0.37200000000000444
2025,08,SVK.2.6_1,0.05064882952464797,0.3370000000000041
2025,08,SVK.2.7_1,0.05034506522554535,0.32900000000000396
2025,08,SVK.2.8_1,0.050901295964699875,0.3440000000000041
2025,08,SVK.3.10_1,0.04847115986701683,0.2870000000000033
2025,08,SVK.3.11_1,0.05110794270935273,0.35000000000000414
2025,08,SVK.3.1_1,0.04862122225845318,0.2900000000000035
2025,08,SVK.3.2_1,0.051040053228812075,0.3480000000000041
2025,08,SVK.3.3_1,0.05110794270935273,0.35000000000000414
2025,08,SVK.3.4_1,0.05176187222054234,0.3710000000000044
2025,08,SVK.3.5_1,0.05140128045743867,0.35900000000000426
2025,08,SVK.3.6_1,0.051674959779282624,0.3680000000000044
2025,08,SVK.3.7_1,0.05190197881747467,0.37600000000000444
2025,08,SVK.3.8_1,0.04826702089257325,0.2830000000000033
2025,08,SVK.3.9_1,0.05100573695345546,0.3470000000000041
2025,08,SVK.4.1_1,0.026790197915400746,0.06700000000000074
2025,08,SVK.4.2_1,0.02442839578741852,0.0550000000000007
2025,08,SVK.4.3_1,0.026415581930063388,0.06500000000000072
2025,08,SVK.4.4_1,0.02584014597524763,0.06200000000000079
2025,08,SVK.4.5_1,0.026790197915400746,0.06700000000000074
2025,08,SVK.4.6_1,0.02544703872926757,0.06000000000000066
2025,08,SVK.4.7_1,0.024842252574411222,0.05700000000000073
2025,08,SVK.5.10_1,0,0
2025,08,SVK.5.11_1,0,0
2025,08,SVK.5.12_1,0,0
2025,08,SVK.5.13_1,0.05164551184117767,0.3670000000000044
2025,08,SVK.5.1_1,0,0
2025,08,SVK.5.2_1,0.05133780467847467,0.3570000000000042
2025,08,SVK.5.3_1,0,0
2025,08,SVK.5.4_1,0.04795200070338009,0.2770000000000033
2025,08,SVK.5.5_1,0,0
2025,08,SVK.5.6_1,0.046459600215832016,0.251000000000003
2025,08,SVK.5.7_1,0.050936358829505014,0.3450000000000041
2025,08,SVK.5.8_1,0,0
2025,08,SVK.5.9_1,0.05181862503020059,0.37300000000000444
2025,08,SVK.6.1_1,0.05057442164057074,0.33500000000000396
2025,08,SVK.6.2_1,0.050685652722861733,0.3380000000000041
2025,08,SVK.6.3_1,0.049468199578330686,0.3080000000000037
2025,08,SVK.6.4_1,0.05100573695345546,0.3470000000000041
2025,08,SVK.6.5_1,0.05083042005093492,0.34200000000000413
2025,08,SVK.6.6_1,0.05018700344551615,0.32500000000000384
2025,08,SVK.6.7_1,0.05110794270935273,0.35000000000000414
2025,08,SVK.6.8_1,0.051040053228812075,0.3480000000000041
2025,08,SVK.6.9_1,0.05038393349990406,0.330000000000004
2025,08,SVK.7.1_1,0.03270908333398575,0.10400000000000122
2025,08,SVK.7.2_1,0.032287783430739486,0.10100000000000117
2025,08,SVK.7.3_1,0.03156585306133666,0.09600000000000111
2025,08,SVK.7.4_1,0.03051068025357473,0.08900000000000102
2025,08,SVK.7.5_1,0.03270908333398575,0.10400000000000122
2025,08,SVK.7.6_1,0.033526563849028884,0.11000000000000129
2025,08,SVK.7.7_1,0.03019901055288063,0.087000000000001
2025,08,SVK.8.10_1,0,0
2025,08,SVK.8.11_1,0.04985832471710238,0.31700000000000383
2025,08,SVK.8.1_1,0.05117484470957062,0.35200000000000414
2025,08,SVK.8.2_1,0.049816050269563004,0.3160000000000037
2025,08,SVK.8.3_1,0,0
2025,08,SVK.8.4_1,0,0
2025,08,SVK.8.5_1,0,0
2025,08,SVK.8.6_1,0,0
2025,08,SVK.8.7_1,0,0
2025,08,SVK.8.8_1,0,0
2025,08,SVK.8.9_1,0.05022690841087985,0.32600000000000395
2025,08,SVN.1.10_1,0.05187443043493572,0.37500000000000444
2025,08,SVN.1.11_1,0.05309250008497349,0.4330000000000052
2025,08,SVN.1.12_1,0.053250562026708435,0.44500000000000534
2025,08,SVN.1.13_1,0.052263070319342485,0.3900000000000045
2025,08,SVN.1.14_1,0.05164551184117767,0.3670000000000044
2025,08,SVN.1.15_1,0.05247124665392564,0.39900000000000474
2025,08,SVN.1.16_1,0.052557825352018174,0.4030000000000048
2025,08,SVN.1.17_1,0.05251499110952353,0.4010000000000048
2025,08,SVN.1.1_1,0.05240391832176908,0.3960000000000046
2025,08,SVN.1.2_1,0.05100573695345546,0.3470000000000041
2025,08,SVN.1.3_1,0.05235788824396569,0.3940000000000048
2025,08,SVN.1.4_1,0.05249323279947388,0.4000000000000049
2025,08,SVN.1.5_1,0.05231093973486073,0.3920000000000047
2025,08,SVN.1.6_1,0.05010641075754359,0.3230000000000039
2025,08,SVN.1.7_1,0.05304804147088495,0.43000000000000504
2025,08,SVN.1.8_1,0.05133780467847467,0.3570000000000042
2025,08,SVN.1.9_1,0.05235788824396569,0.3940000000000048
2025,08,SVN.10.10_1,0.04576253939853227,0.24000000000000285
2025,08,SVN.10.11_1,0.05200981893605474,0.3800000000000045
2025,08,SVN.10.12_1,0.05251499110952353,0.4010000000000048
2025,08,SVN.10.13_1,0.04900883589957695,0.2980000000000036
2025,08,SVN.10.14_1,0.05328515637799939,0.4480000000000053
2025,08,SVN.10.15_1,0.05303278065919709,0.42900000000000515
2025,08,SVN.10.16_1,0.05235788824396569,0.3940000000000048
2025,08,SVN.10.17_1,0.053077900997589675,0.43200000000000505
2025,08,SVN.10.18_1,0.052902723247464395,0.42100000000000504
2025,08,SVN.10.19_1,0.052795837100001325,0.41500000000000486
2025,08,SVN.10.1_1,0.047174718460374666,0.2630000000000031
2025,08,SVN.10.20_1,0.05327384294098829,0.4470000000000054
2025,08,SVN.10.21_1,0.052832359121806324,0.417000000000005
2025,08,SVN.10.22_1,0.05303278065919709,0.42900000000000515
2025,08,SVN.10.23_1,0.04563138629739239,0.23800000000000282
2025,08,SVN.10.24_1,0.05301729889542851,0.42800000000000515
2025,08,SVN.10.25_1,0.053077900997589675,0.43200000000000505
2025,08,SVN.10.26_1,0.052263070319342485,0.3900000000000045
2025,08,SVN.10.27_1,0.052969525940438696,0.425000000000005
2025,08,SVN.10.28_1,0.05198321118262047,0.3790000000000045
2025,08,SVN.10.29_1,0.05323859426343184,0.4440000000000052
2025,08,SVN.10.2_1,0.05331779026585447,0.45100000000000534
2025,08,SVN.10.30_1,0.05233452894667589,0.3930000000000048
2025,08,SVN.10.31_1,0.05332823319822327,0.45200000000000545
2025,08,SVN.10.32_1,0.05181862503020059,0.37300000000000444
2025,08,SVN.10.3_1,0.05332823319822327,0.45200000000000545
2025,08,SVN.10.4_1,0.049423500735211304,0.3070000000000036
2025,08,SVN.10.5_1,0.052832359121806324,0.417000000000005
2025,08,SVN.10.6_1,0.05072222283022649,0.339000000000004
2025,08,SVN.10.7_1,0.05264077203826029,0.40700000000000486
2025,08,SVN.10.8_1,0.05275841931377319,0.4130000000000049
2025,08,SVN.10.9_1,0.05143265412313631,0.36000000000000426
2025,08,SVN.11.1_1,0.05320137997392377,0.44100000000000517
2025,08,SVN.11.2_1,0.05264077203826029,0.40700000000000486
2025,08,SVN.11.3_1,0.05235788824396569,0.3940000000000048
2025,08,SVN.12.1_1,0.05200981893605474,0.3800000000000045
2025,08,SVN.12.2_1,0.05213935104934067,0.38500000000000467
2025,08,SVN.12.3_1,0.05203619244176497,0.38100000000000456
2025,08,SVN.2.10_1,0.052449032386359284,0.39800000000000474
2025,08,SVN.2.11_1,0.05203619244176497,0.38100000000000456
2025,08,SVN.2.12_1,0.05057442164057074,0.33500000000000396
2025,08,SVN.2.1_1,0.05170416888621893,0.3690000000000044
2025,08,SVN.2.2_1,0.049816050269563004,0.3160000000000037
2025,08,SVN.2.3_1,0.05216455857932832,0.3860000000000046
2025,08,SVN.2.4_1,0.05216455857932832,0.3860000000000046
2025,08,SVN.2.5_1,0.05240391832176908,0.3960000000000046
2025,08,SVN.2.6_1,0.052832359121806324,0.417000000000005
2025,08,SVN.2.7_1,0.05143265412313631,0.36000000000000426
2025,08,SVN.2.8_1,0.05262037491566359,0.40600000000000486
2025,08,SVN.2.9_1,0.052536521867152866,0.4020000000000048
2025,08,SVN.3.10_1,0.05143265412313631,0.36000000000000426
2025,08,SVN.3.11_1,0.05304804147088495,0.43000000000000504
2025,08,SVN.3.12_1,0.05264077203826029,0.40700000000000486
2025,08,SVN.3.13_1,0.05223878948244368,0.3890000000000046
2025,08,SVN.3.14_1,0.05072222283022649,0.339000000000004
2025,08,SVN.3.15_1,0.05281420996424385,0.41600000000000487
2025,08,SVN.3.16_1,0.052660943235704534,0.40800000000000475
2025,08,SVN.3.1_1,0.05329625198759786,0.4490000000000053
2025,08,SVN.3.2_1,0.052739373914972805,0.4120000000000048
2025,08,SVN.3.3_1,0.052263070319342485,0.3900000000000045
2025,08,SVN.3.4_1,0.04871982878112186,0.29200000000000337
2025,08,SVN.3.5_1,0.045297406923156314,0.23300000000000265
2025,08,SVN.3.6_1,0.05316219594459568,0.43800000000000516
2025,08,SVN.3.7_1,0.048961372768160066,0.2970000000000035
2025,08,SVN.3.8_1,0.05312103781659036,0.4350000000000052
2025,08,SVN.3.9_1,0.048005245556371486,0.2780000000000033
2025,08,SVN.4.10_1,0,0
2025,08,SVN.4.11_1,0,0
2025,08,SVN.4.12_1,0,0
2025,08,SVN.4.1_1,0.051207926616278265,0.3530000000000043
2025,08,SVN.4.2_1,0,0
2025,08,SVN.4.3_1,0,0
2025,08,SVN.4.4_1,0.05158589783209623,0.3650000000000043
2025,08,SVN.4.5_1,0.052088238130114865,0.38300000000000456
2025,08,SVN.4.6_1,0.05158589783209623,0.3650000000000043
2025,08,SVN.4.7_1,0,0
2025,08,SVN.4.8_1,0.05235788824396569,0.3940000000000048
2025,08,SVN.4.9_1,0,0
2025,08,SVN.5.1_1,0.050685652722861733,0.3380000000000041
2025,08,SVN.5.2_1,0.05238101793432105,0.39500000000000474
2025,08,SVN.5.3_1,0.05097117232221693,0.3460000000000041
2025,08,SVN.5.4_1,0.048961372768160066,0.2970000000000035
2025,08,SVN.5.5_1,0.05083042005093492,0.34200000000000413
2025,08,SVN.5.6_1,0.05100573695345546,0.3470000000000041
2025,08,SVN.6.1_1,0.05264077203826029,0.40700000000000486
2025,08,SVN.6.2_1,0.05164551184117767,0.3670000000000044
2025,08,SVN.6.3_1,0.05300159598595895,0.4270000000000051
2025,08,SVN.6.4_1,0.05330712990580273,0.4500000000000053
2025,08,SVN.6.5_1,0.05303278065919709,0.42900000000000515
2025,08,SVN.6.6_1,0.053226408100709104,0.44300000000000533
2025,08,SVN.6.7_1,0.05303278065919709,0.42900000000000515
2025,08,SVN.7.10_1,0.04195068222765775,0.1890000000000022
2025,08,SVN.7.11_1,0.038880444494259994,0.1560000000000019
2025,08,SVN.7.12_1,0.042860545102613584,0.20000000000000234
2025,08,SVN.7.13_1,0.037290983464381734,0.14100000000000168
2025,08,SVN.7.14_1,0.043945646557811746,0.21400000000000252
2025,08,SVN.7.15_1,0.04080539991635191,0.17600000000000202
2025,08,SVN.7.16_1,0.03986894724790687,0.166000000000002
2025,08,SVN.7.17_1,0.04402017422826474,0.21500000000000252
2025,08,SVN.7.18_1,0.04488491161682869,0.22700000000000267
2025,08,SVN.7.19_1,0.0389817482401779,0.1570000000000019
2025,08,SVN.7.1_1,0.042370743482072815,0.19400000000000225
2025,08,SVN.7.20_1,0.04245344564941593,0.19500000000000237
2025,08,SVN.7.21_1,0.04488491161682869,0.22700000000000267
2025,08,SVN.7.22_1,0.03815536505304725,0.1490000000000018
2025,08,SVN.7.23_1,0.042860545102613584,0.20000000000000234
2025,08,SVN.7.24_1,0.04177955162539772,0.18700000000000228
2025,08,SVN.7.2_1,0.0412552228218608,0.1810000000000022
2025,08,SVN.7.3_1,0.0399648728029372,0.167000000000002
2025,08,SVN.7.4_1,0.04253571709708356,0.19600000000000228
2025,08,SVN.7.5_1,0.04212002722454298,0.19100000000000233
2025,08,SVN.7.6_1,0.04402017422826474,0.21500000000000252
2025,08,SVN.7.7_1,0.04024956635388967,0.17000000000000207
2025,08,SVN.7.8_1,0.042370743482072815,0.19400000000000225
2025,08,SVN.7.9_1,0.038573151177063635,0.15300000000000183
2025,08,SVN.8.10_1,0.05300159598595895,0.4270000000000051
2025,08,SVN.8.11_1,0.05238101793432105,0.39500000000000474
2025,08,SVN.8.12_1,0.05206233205574367,0.38200000000000445
2025,08,SVN.8.13_1,0.0513057016639678,0.3560000000000042
2025,08,SVN.8.14_1,0.05187443043493572,0.37500000000000444
2025,08,SVN.8.15_1,0.05203619244176497,0.38100000000000456
2025,08,SVN.8.16_1,0.05312103781659036,0.4350000000000052
2025,08,SVN.8.17_1,0.05304804147088495,0.43000000000000504
2025,08,SVN.8.18_1,0.05192929148911155,0.3770000000000046
2025,08,SVN.8.19_1,0.05218953394002372,0.3870000000000046
2025,08,SVN.8.1_1,0.05190197881747467,0.37600000000000444
2025,08,SVN.8.20_1,0.05192929148911155,0.3770000000000046
2025,08,SVN.8.21_1,0.048110842555305545,0.28000000000000336
2025,08,SVN.8.22_1,0.05277724029544778,0.41400000000000486
2025,08,SVN.8.23_1,0.052426589706794265,0.3970000000000046
2025,08,SVN.8.24_1,0.05213935104934067,0.38500000000000467
2025,08,SVN.8.25_1,0.05110794270935273,0.35000000000000414
2025,08,SVN.8.26_1,0.052263070319342485,0.3900000000000045
2025,08,SVN.8.27_1,0.05231093973486073,0.3920000000000047
2025,08,SVN.8.28_1,0.052557825352018174,0.4030000000000048
2025,08,SVN.8.29_1,0.048163196658493446,0.28100000000000336
2025,08,SVN.8.2_1,0.04955678127391409,0.3100000000000037
2025,08,SVN.8.30_1,0.050305938688955956,0.32800000000000396
2025,08,SVN.8.31_1,0.04871982878112186,0.29200000000000337
2025,08,SVN.8.32_1,0.05264077203826029,0.40700000000000486
2025,08,SVN.8.33_1,0.049512626180506725,0.3090000000000036
2025,08,SVN.8.34_1,0.047174718460374666,0.2630000000000031
2025,08,SVN.8.3_1,0.048865603332790344,0.2950000000000034
2025,08,SVN.8.4_1,0.05218953394002372,0.3870000000000046
2025,08,SVN.8.5_1,0.0528679872356119,0.4190000000000049
2025,08,SVN.8.6_1,0.052449032386359284,0.39800000000000474
2025,08,SVN.8.7_1,0.052885466643359184,0.42000000000000504
2025,08,SVN.8.8_1,0.052088238130114865,0.38300000000000456
2025,08,SVN.8.9_1,0.04852146885692612,0.2880000000000035
2025,08,SVN.9.10_1,0.05312103781659036,0.4350000000000052
2025,08,SVN.9.11_1,0.047790468778521104,0.2740000000000033
2025,08,SVN.9.12_1,0.05270060888990626,0.4100000000000048
2025,08,SVN.9.13_1,0.05304804147088495,0.43000000000000504
2025,08,SVN.9.14_1,0.05235788824396569,0.3940000000000048
2025,08,SVN.9.15_1,0.052660943235704534,0.40800000000000475
2025,08,SVN.9.16_1,0.05336783316376089,0.5440000000000065
2025,08,SVN.9.17_1,0.052426589706794265,0.3970000000000046
2025,08,SVN.9.18_1,0.05270060888990626,0.4100000000000048
2025,08,SVN.9.19_1,0.04891362885356912,0.29600000000000354
2025,08,SVN.9.1_1,0.05295315840211215,0.424000000000005
2025,08,SVN.9.20_1,0.05161582466312911,0.3660000000000043
2025,08,SVN.9.21_1,0.051733139566526816,0.3700000000000044
2025,08,SVN.9.22_1,0.05190197881747467,0.37600000000000444
2025,08,SVN.9.23_1,0.05300159598595895,0.4270000000000051
2025,08,SVN.9.24_1,0.05262037491566359,0.40600000000000486
2025,08,SVN.9.25_1,0.05264077203826029,0.40700000000000486
2025,08,SVN.9.26_1,0.053250562026708435,0.44500000000000534
2025,08,SVN.9.2_1,0.051790367244427635,0.37200000000000444
2025,08,SVN.9.3_1,0.05251499110952353,0.4010000000000048
2025,08,SVN.9.4_1,0.05270060888990626,0.4100000000000048
2025,08,SVN.9.5_1,0.052902723247464395,0.42100000000000504
2025,08,SVN.9.6_1,0.048369672812695,0.2850000000000034
2025,08,SVN.9.7_1,0.048865603332790344,0.2950000000000034
2025,08,SVN.9.8_1,0.05223878948244368,0.3890000000000046
2025,08,SVN.9.9_1,0.05298567173417126,0.426000000000005
2025,08,SWE.1.2_1,0.04543205145085558,0.23500000000000268
2025,08,SWE.1.3_1,0,0
2025,08,SWE.1.4_1,0.047402944224508976,0.2670000000000032
2025,08,SWE.10.12_1,0,0
2025,08,SWE.10.13_1,0,0
2025,08,SWE.10.6_1,0,0
2025,08,SWE.10.9_1,0,0
2025,08,SWE.11.10_1,0,0
2025,08,SWE.11.12_1,0,0
2025,08,SWE.11.1_1,0,0
2025,08,SWE.11.2_1,0,0
2025,08,SWE.11.3_1,0,0
2025,08,SWE.11.5_1,0,0
2025,08,SWE.11.7_1,0,0
2025,08,SWE.11.9_1,0,0
2025,08,SWE.12.11_1,0,0
2025,08,SWE.12.12_1,0.04424144691598947,0.21800000000000244
2025,08,SWE.12.13_1,0.044954562190896045,0.2280000000000028
2025,08,SWE.12.1_1,0.04602073067449038,0.244000000000003
2025,08,SWE.12.4_1,0.046459600215832016,0.251000000000003
2025,08,SWE.12.7_1,0,0
2025,08,SWE.12.9_1,0,0
2025,08,SWE.13.10_1,0,0
2025,08,SWE.13.11_1,0,0
2025,08,SWE.13.12_1,0,0
2025,08,SWE.13.13_1,0,0
2025,08,SWE.13.14_1,0,0
2025,08,SWE.13.15_1,0,0
2025,08,SWE.13.16_1,0,0
2025,08,SWE.13.17_1,0,0
2025,08,SWE.13.18_1,0,0
2025,08,SWE.13.19_1,0,0
2025,08,SWE.13.1_1,0,0
2025,08,SWE.13.20_1,0,0
2025,08,SWE.13.21_1,0,0
2025,08,SWE.13.22_1,0,0
2025,08,SWE.13.23_1,0,0
2025,08,SWE.13.24_1,0,0
2025,08,SWE.13.25_1,0,0
2025,08,SWE.13.26_1,0,0
2025,08,SWE.13.27_1,0,0
2025,08,SWE.13.28_1,0,0
2025,08,SWE.13.29_1,0,0
2025,08,SWE.13.2_1,0,0
2025,08,SWE.13.30_1,0,0
2025,08,SWE.13.31_1,0,0
2025,08,SWE.13.32_1,0,0
2025,08,SWE.13.33_1,0,0
2025,08,SWE.13.3_1,0,0
2025,08,SWE.13.4_1,0,0
2025,08,SWE.13.5_1,0,0
2025,08,SWE.13.6_1,0,0
2025,08,SWE.13.7_1,0,0
2025,08,SWE.13.8_1,0,0
2025,08,SWE.13.9_1,0,0
2025,08,SWE.14.1_1,0,0
2025,08,SWE.14.3_1,0,0
2025,08,SWE.14.7_1,0,0
2025,08,SWE.14.8_1,0,0
2025,08,SWE.15.10_1,0,0
2025,08,SWE.15.11_1,0,0
2025,08,SWE.15.12_1,0,0
2025,08,SWE.15.13_1,0,0
2025,08,SWE.15.14_1,0,0
2025,08,SWE.15.15_1,0,0
2025,08,SWE.15.16_1,0,0
2025,08,SWE.15.17_1,0,0
2025,08,SWE.15.18_1,0,0
2025,08,SWE.15.19_1,0,0
2025,08,SWE.15.1_1,0,0
2025,08,SWE.15.20_1,0,0
2025,08,SWE.15.21_1,0,0
2025,08,SWE.15.22_1,0,0
2025,08,SWE.15.23_1,0,0
2025,08,SWE.15.24_1,0,0
2025,08,SWE.15.25_1,0,0
2025,08,SWE.15.26_1,0,0
2025,08,SWE.15.2_1,0,0
2025,08,SWE.15.3_1,0,0
2025,08,SWE.15.4_1,0,0
2025,08,SWE.15.5_1,0,0
2025,08,SWE.15.6_1,0,0
2025,08,SWE.15.7_1,0,0
2025,08,SWE.15.8_1,0,0
2025,08,SWE.15.9_1,0,0
2025,08,SWE.16.1_1,0,0
2025,08,SWE.16.2_1,0,0
2025,08,SWE.16.3_1,0,0
2025,08,SWE.16.4_1,0,0
2025,08,SWE.16.5_1,0,0
2025,08,SWE.16.6_1,0,0
2025,08,SWE.16.7_1,0,0
2025,08,SWE.17.10_1,0,0
2025,08,SWE.17.11_1,0,0
2025,08,SWE.17.12_1,0,0
2025,08,SWE.17.13_1,0,0
2025,08,SWE.17.14_1,0,0
2025,08,SWE.17.15_1,0,0
2025,08,SWE.17.16_1,0,0
2025,08,SWE.17.1_1,0,0
2025,08,SWE.17.2_1,0,0
2025,08,SWE.17.3_1,0,0
2025,08,SWE.17.4_1,0,0
2025,08,SWE.17.5_1,0,0
2025,08,SWE.17.6_1,0,0
2025,08,SWE.17.7_1,0,0
2025,08,SWE.17.8_1,0,0
2025,08,SWE.17.9_1,0,0
2025,08,SWE.19.1_1,0,0
2025,08,SWE.19.6_1,0,0
2025,08,SWE.2.10_1,0,0
2025,08,SWE.2.11_1,0,0
2025,08,SWE.2.12_1,0,0
2025,08,SWE.2.13_1,0,0
2025,08,SWE.2.14_1,0,0
2025,08,SWE.2.15_1,0,0
2025,08,SWE.2.1_1,0,0
2025,08,SWE.2.2_1,0,0
2025,08,SWE.2.3_1,0,0
2025,08,SWE.2.4_1,0,0
2025,08,SWE.2.5_1,0,0
2025,08,SWE.2.6_1,0,0
2025,08,SWE.2.7_1,0,0
2025,08,SWE.2.8_1,0,0
2025,08,SWE.2.9_1,0,0
2025,08,SWE.20.10_1,0,0
2025,08,SWE.20.11_1,0,0
2025,08,SWE.20.1_1,0,0
2025,08,SWE.20.2_1,0,0
2025,08,SWE.20.3_1,0,0
2025,08,SWE.20.4_1,0,0
2025,08,SWE.20.5_1,0,0
2025,08,SWE.20.6_1,0,0
2025,08,SWE.20.7_1,0,0
2025,08,SWE.20.8_1,0,0
2025,08,SWE.20.9_1,0,0
2025,08,SWE.21.10_1,0,0
2025,08,SWE.21.11_1,0,0
2025,08,SWE.21.12_1,0,0
2025,08,SWE.21.13_1,0,0
2025,08,SWE.21.14_1,0,0
2025,08,SWE.21.15_1,0,0
2025,08,SWE.21.16_1,0,0
2025,08,SWE.21.17_1,0,0
2025,08,SWE.21.18_1,0,0
2025,08,SWE.21.19_1,0,0
2025,08,SWE.21.1_1,0,0
2025,08,SWE.21.20_1,0,0
2025,08,SWE.21.21_1,0,0
2025,08,SWE.21.22_1,0,0
2025,08,SWE.21.23_1,0,0
2025,08,SWE.21.24_1,0,0
2025,08,SWE.21.25_1,0,0
2025,08,SWE.21.26_1,0,0
2025,08,SWE.21.27_1,0,0
2025,08,SWE.21.28_1,0,0
2025,08,SWE.21.29_1,0,0
2025,08,SWE.21.2_1,0,0
2025,08,SWE.21.30_1,0,0
2025,08,SWE.21.32_1,0,0
2025,08,SWE.21.33_1,0,0
2025,08,SWE.21.34_1,0,0
2025,08,SWE.21.35_1,0,0
2025,08,SWE.21.36_1,0,0
2025,08,SWE.21.37_1,0,0
2025,08,SWE.21.38_1,0,0
2025,08,SWE.21.39_1,0,0
2025,08,SWE.21.3_1,0,0
2025,08,SWE.21.40_1,0,0
2025,08,SWE.21.41_1,0,0
2025,08,SWE.21.42_1,0,0
2025,08,SWE.21.43_1,0,0
2025,08,SWE.21.44_1,0,0
2025,08,SWE.21.45_1,0,0
2025,08,SWE.21.46_1,0,0
2025,08,SWE.21.47_1,0,0
2025,08,SWE.21.48_1,0,0
2025,08,SWE.21.49_1,0,0
2025,08,SWE.21.4_1,0,0
2025,08,SWE.21.50_1,0,0
2025,08,SWE.21.51_1,0,0
2025,08,SWE.21.5_1,0,0
2025,08,SWE.21.6_1,0,0
2025,08,SWE.21.7_1,0,0
2025,08,SWE.21.8_1,0,0
2025,08,SWE.21.9_1,0,0
2025,08,SWE.3.10_1,0,0
2025,08,SWE.3.1_1,0,0
2025,08,SWE.3.2_1,0,0
2025,08,SWE.3.3_1,0,0
2025,08,SWE.3.4_1,0,0
2025,08,SWE.3.5_1,0,0
2025,08,SWE.3.6_1,0,0
2025,08,SWE.3.7_1,0,0
2025,08,SWE.3.8_1,0,0
2025,08,SWE.3.9_1,0,0
2025,08,SWE.5.1_1,0,0
2025,08,SWE.5.4_1,0,0
2025,08,SWE.5.5_1,0,0
2025,08,SWE.5.6_1,0,0
2025,08,SWE.6.4_1,0,0
2025,08,SWE.7.11_1,0.043945646557811746,0.21400000000000252
2025,08,SWE.7.2_1,0.04664273097501585,0.254000000000003
2025,08,SWE.7.3_1,0,0
2025,08,SWE.8.10_1,0.04569713552539781,0.2390000000000027
2025,08,SWE.8.11_1,0.047346354670253735,0.2660000000000032
2025,08,SWE.8.12_1,0.04582759939543833,0.24100000000000285
2025,08,SWE.8.1_1,0.04445929425769278,0.2210000000000026
2025,08,SWE.8.2_1,0.046822938693964276,0.25700000000000306
2025,08,SWE.8.3_1,0.04614779187182604,0.2460000000000028
2025,08,SWE.8.4_1,0.04784461332301269,0.2750000000000033
2025,08,SWE.8.5_1,0.04556529021950858,0.2370000000000028
2025,08,SWE.8.6_1,0.04658201386199609,0.253000000000003
2025,08,SWE.8.7_1,0.04563138629739239,0.23800000000000282
2025,08,SWE.8.8_1,0.04652097070399121,0.252000000000003
2025,08,SWE.8.9_1,0.04831849292289831,0.2840000000000034
2025,08,SWE.9.1_1,0,0
2025,08,SWE.9.3_1,0.049287763330816435,0.30400000000000366
2025,08,SWE.9.5_1,0,0
2025,08,SWE.9.6_1,0.048369672812695,0.2850000000000034
2025,08,SWE.9.7_1,0.04676319213930411,0.25600000000000306
2025,08,TUR.1.10_1,0,0
2025,08,TUR.1.11_1,0,0
2025,08,TUR.1.12_1,0,0
2025,08,TUR.1.13_1,0,0
2025,08,TUR.1.1_1,0,0
2025,08,TUR.1.2_1,0,0
2025,08,TUR.1.3_1,0,0
2025,08,TUR.1.4_1,0,0
2025,08,TUR.1.5_1,0,0
2025,08,TUR.1.6_1,0,0
2025,08,TUR.1.7_1,0,0
2025,08,TUR.1.8_1,0,0
2025,08,TUR.1.9_1,0,0
2025,08,TUR.10.1_1,0.04977350924431744,0.3150000000000038
2025,08,TUR.10.2_1,0.05022690841087985,0.32600000000000395
2025,08,TUR.10.3_1,0.05277724029544778,0.41400000000000486
2025,08,TUR.10.4_1,0.05346584579576038,0.4680000000000055
2025,08,TUR.10.5_1,0.05216455857932832,0.3860000000000046
2025,08,TUR.10.6_1,0.051790367244427635,0.37200000000000444
2025,08,TUR.10.7_1,0.04937852891182793,0.30600000000000366
2025,08,TUR.10.8_1,0.04831849292289831,0.2840000000000034
2025,08,TUR.11.10_1,0.049195896775001406,0.30200000000000365
2025,08,TUR.11.11_1,0.05176187222054234,0.3710000000000044
2025,08,TUR.11.12_1,0.049816050269563004,0.3160000000000037
2025,08,TUR.11.13_1,0.05079460595521066,0.341000000000004
2025,08,TUR.11.14_1,0.049423500735211304,0.3070000000000036
2025,08,TUR.11.15_1,0.05127335462430599,0.3550000000000042
2025,08,TUR.11.16_1,0.050305938688955956,0.32800000000000396
2025,08,TUR.11.17_1,0.05038393349990406,0.330000000000004
2025,08,TUR.11.1_1,0.04973070095725172,0.3140000000000038
2025,08,TUR.11.3_1,0.05075854039377685,0.340000000000004
2025,08,TUR.11.4_1,0.05061175268316719,0.3360000000000041
2025,08,TUR.11.5_1,0.05158589783209623,0.3650000000000043
2025,08,TUR.11.6_1,0.05072222283022649,0.339000000000004
2025,08,TUR.11.7_1,0.04852146885692612,0.2880000000000035
2025,08,TUR.11.8_1,0.05079460595521066,0.341000000000004
2025,08,TUR.11.9_1,0.05083042005093492,0.34200000000000413
2025,08,TUR.12.10_1,0.04379542427573367,0.2120000000000025
2025,08,TUR.12.11_1,0.042860545102613584,0.20000000000000234
2025,08,TUR.12.12_1,0.04317867550953736,0.20400000000000226
2025,08,TUR.12.13_1,0.04676319213930411,0.25600000000000306
2025,08,TUR.12.14_1,0.04556529021950858,0.2370000000000028
2025,08,TUR.12.15_1,0.03456789984545846,0.11800000000000128
2025,08,TUR.12.16_1,0.04445929425769278,0.2210000000000026
2025,08,TUR.12.17_1,0.04445929425769278,0.2210000000000026
2025,08,TUR.12.18_1,0.0470587266633191,0.2610000000000031
2025,08,TUR.12.19_1,0.043870730571217494,0.21300000000000238
2025,08,TUR.12.1_1,0.039675532248124916,0.16400000000000198
2025,08,TUR.12.2_1,0.04302043814611504,0.20200000000000246
2025,08,TUR.12.3_1,0.04356714324390034,0.20900000000000254
2025,08,TUR.12.4_1,0.047289454608209686,0.2650000000000032
2025,08,TUR.12.5_1,0.04177955162539772,0.18700000000000228
2025,08,TUR.12.6_1,0.046084429633491374,0.2450000000000029
2025,08,TUR.12.7_1,0.040896321809438675,0.17700000000000216
2025,08,TUR.12.8_1,0.03751078289456121,0.1430000000000017
2025,08,TUR.12.9_1,0.04024956635388967,0.17000000000000207
2025,08,TUR.14.1_1,0,0
2025,08,TUR.14.2_1,0,0
2025,08,TUR.14.3_1,0,0
2025,08,TUR.14.4_1,0,0
2025,08,TUR.14.5_1,0,0
2025,08,TUR.14.6_1,0,0
2025,08,TUR.15.2_1,0.0412552228218608,0.1810000000000022
2025,08,TUR.15.3_1,0.04212002722454298,0.19100000000000233
2025,08,TUR.16.2_1,0.04891362885356912,0.29600000000000354
2025,08,TUR.16.5_1,0.04933328336164075,0.30500000000000355
2025,08,TUR.16.8_1,0,0
2025,08,TUR.17.2_1,0,0
2025,08,TUR.17.6_1,0,0
2025,08,TUR.17.8_1,0.03977250166042779,0.165000000000002
2025,08,TUR.18.1_1,0,0
2025,08,TUR.18.5_1,0,0
2025,08,TUR.18.6_1,0,0
2025,08,TUR.19.1_1,0,0
2025,08,TUR.19.2_1,0,0
2025,08,TUR.19.3_1,0.048110842555305545,0.28000000000000336
2025,08,TUR.19.4_1,0,0
2025,08,TUR.19.5_1,0,0
2025,08,TUR.19.6_1,0,0
2025,08,TUR.19.7_1,0,0
2025,08,TUR.19.8_1,0,0
2025,08,TUR.19.9_1,0,0
2025,08,TUR.2.1_1,0,0
2025,08,TUR.2.2_1,0,0
2025,08,TUR.2.3_1,0,0
2025,08,TUR.2.4_1,0,0
2025,08,TUR.2.5_1,0,0
2025,08,TUR.2.6_1,0,0
2025,08,TUR.2.7_1,0,0
2025,08,TUR.2.8_1,0,0
2025,08,TUR.2.9_1,0,0
2025,08,TUR.20.2_1,0.047289454608209686,0.2650000000000032
2025,08,TUR.20.3_1,0,0
2025,08,TUR.20.4_1,0,0
2025,08,TUR.20.8_1,0,0
2025,08,TUR.21.11_1,0.0470002569951276,0.2600000000000031
2025,08,TUR.21.14_1,0.04867066844207512,0.29100000000000337
2025,08,TUR.21.1_1,0.047289454608209686,0.2650000000000032
2025,08,TUR.21.2_1,0,0
2025,08,TUR.21.4_1,0.045892316978621395,0.24200000000000277
2025,08,TUR.21.6_1,0.04955678127391409,0.3100000000000037
2025,08,TUR.21.7_1,0.043412966706401566,0.20700000000000243
2025,08,TUR.22.10_1,0,0
2025,08,TUR.22.11_1,0,0
2025,08,TUR.22.12_1,0.045297406923156314,0.23300000000000265
2025,08,TUR.22.1_1,0.03804944740609606,0.14800000000000177
2025,08,TUR.22.2_1,0.04212002722454298,0.19100000000000233
2025,08,TUR.22.3_1,0.04349025529653018,0.20800000000000254
2025,08,TUR.22.5_1,0,0
2025,08,TUR.22.6_1,0,0
2025,08,TUR.22.7_1,0,0
2025,08,TUR.22.8_1,0,0
2025,08,TUR.22.9_1,0,0
2025,08,TUR.23.10_1,0,0
2025,08,TUR.23.11_1,0,0
2025,08,TUR.23.3_1,0,0
2025,08,TUR.23.4_1,0,0
2025,08,TUR.23.9_1,0,0
2025,08,TUR.25.10_1,0.049600665583653634,0.31100000000000366
2025,08,TUR.25.15_1,0.04968762471758899,0.31300000000000366
2025,08,TUR.26.10_1,0,0
2025,08,TUR.26.11_1,0,0
2025,08,TUR.26.12_1,0,0
2025,08,TUR.26.13_1,0,0
2025,08,TUR.26.14_1,0,0
2025,08,TUR.26.1_1,0,0
2025,08,TUR.26.2_1,0,0
2025,08,TUR.26.3_1,0,0
2025,08,TUR.26.4_1,0,0
2025,08,TUR.26.5_1,0,0
2025,08,TUR.26.6_1,0,0
2025,08,TUR.26.7_1,0,0
2025,08,TUR.26.8_1,0,0
2025,08,TUR.26.9_1,0,0
2025,08,TUR.27.1_1,0.051463785566230866,0.36100000000000426
2025,08,TUR.27.2_1,0,0
2025,08,TUR.27.3_1,0,0
2025,08,TUR.27.4_1,0,0
2025,08,TUR.27.5_1,0,0
2025,08,TUR.27.6_1,0,0
2025,08,TUR.27.7_1,0,0
2025,08,TUR.27.8_1,0,0
2025,08,TUR.28.1_1,0.04080539991635191,0.17600000000000202
2025,08,TUR.28.2_1,0.04805819251250511,0.27900000000000336
2025,08,TUR.28.3_1,0.04543205145085558,0.23500000000000268
2025,08,TUR.28.4_1,0.04261756031953566,0.1970000000000024
2025,08,TUR.28.5_1,0.04536490568613739,0.23400000000000276
2025,08,TUR.28.6_1,0.045297406923156314,0.23300000000000265
2025,08,TUR.28.7_1,0.047174718460374666,0.2630000000000031
2025,08,TUR.28.8_1,0.04582759939543833,0.24100000000000285
2025,08,TUR.28.9_1,0.04602073067449038,0.244000000000003
2025,08,TUR.29.1_1,0.04688236421076608,0.25800000000000306
2025,08,TUR.30.1_1,0.0414318448705462,0.18300000000000222
2025,08,TUR.30.2_1,0.04080539991635191,0.17600000000000202
2025,08,TUR.30.3_1,0.041693309860244096,0.18600000000000216
2025,08,TUR.30.4_1,0.0412552228218608,0.1810000000000022
2025,08,TUR.30.5_1,0.043335275329871956,0.2060000000000024
2025,08,TUR.30.6_1,0.04409431555155806,0.2160000000000024
2025,08,TUR.30.7_1,0.042370743482072815,0.19400000000000225
2025,08,TUR.30.8_1,0.04317867550953736,0.20400000000000226
2025,08,TUR.30.9_1,0.043099762643608104,0.20300000000000248
2025,08,TUR.31.13_1,0.047459224381707715,0.2680000000000032
2025,08,TUR.31.15_1,0.04474451542383764,0.22500000000000275
2025,08,TUR.31.16_1,0,0
2025,08,TUR.31.19_1,0.04688236421076608,0.25800000000000306
2025,08,TUR.31.1_1,0.04098676188624621,0.17800000000000205
2025,08,TUR.31.2_1,0.042860545102613584,0.20000000000000234
2025,08,TUR.31.4_1,0,0
2025,08,TUR.31.6_1,0.04543205145085558,0.23500000000000268
2025,08,TUR.31.8_1,0,0
2025,08,TUR.32.10_1,0,0
2025,08,TUR.32.11_1,0,0
2025,08,TUR.32.13_1,0,0
2025,08,TUR.32.4_1,0,0
2025,08,TUR.32.8_1,0,0
2025,08,TUR.33.1_1,0,0
2025,08,TUR.33.2_1,0,0
2025,08,TUR.33.3_1,0,0
2025,08,TUR.33.4_1,0,0
2025,08,TUR.33.5_1,0,0
2025,08,TUR.33.6_1,0,0
2025,08,TUR.33.7_1,0,0
2025,08,TUR.33.8_1,0,0
2025,08,TUR.33.9_1,0,0
2025,08,TUR.34.10_1,0.05136966412533064,0.35800000000000415
2025,08,TUR.34.11_1,0.053573002527225126,0.5050000000000059
2025,08,TUR.34.12_1,0.05321400338849789,0.4420000000000052
2025,08,TUR.34.13_1,0.05357396692903125,0.4960000000000059
2025,08,TUR.34.14_1,0.04445929425769278,0.2210000000000026
2025,08,TUR.34.15_1,0.05326231153775854,0.4460000000000052
2025,08,TUR.34.16_1,0.052795837100001325,0.41500000000000486
2025,08,TUR.34.1_1,0.047570860891398406,0.27000000000000324
2025,08,TUR.34.2_1,0.052795837100001325,0.41500000000000486
2025,08,TUR.34.3_1,0.04203557657265595,0.1900000000000022
2025,08,TUR.34.4_1,0.05350319802512884,0.4740000000000056
2025,08,TUR.34.5_1,0.050901295964699875,0.3440000000000041
2025,08,TUR.34.6_1,0.05216455857932832,0.3860000000000046
2025,08,TUR.34.7_1,0.05355756973657622,0.48700000000000576
2025,08,TUR.34.8_1,0.05352379499351613,0.47800000000000553
2025,08,TUR.34.9_1,0.05357471700732276,0.5030000000000061
2025,08,TUR.35.1_1,0.04294069973583317,0.20100000000000245
2025,08,TUR.35.3_1,0.050498994693194466,0.333000000000004
2025,08,TUR.35.4_1,0.046210818774584043,0.24700000000000294
2025,08,TUR.35.5_1,0.043412966706401566,0.20700000000000243
2025,08,TUR.35.6_1,0.04805819251250511,0.27900000000000336
2025,08,TUR.36.2_1,0,0
2025,08,TUR.37.10_1,0,0
2025,08,TUR.37.11_1,0,0
2025,08,TUR.37.12_1,0.05161582466312911,0.3660000000000043
2025,08,TUR.37.1_1,0,0
2025,08,TUR.37.2_1,0,0
2025,08,TUR.37.3_1,0,0
2025,08,TUR.37.4_1,0,0
2025,08,TUR.37.5_1,0,0
2025,08,TUR.37.6_1,0,0
2025,08,TUR.37.7_1,0,0
2025,08,TUR.37.8_1,0,0
2025,08,TUR.37.9_1,0,0
2025,08,TUR.38.1_1,0,0
2025,08,TUR.38.2_1,0,0
2025,08,TUR.38.3_1,0,0
2025,08,TUR.38.4_1,0,0
2025,08,TUR.39.10_1,0,0
2025,08,TUR.4.1_1,0,0
2025,08,TUR.4.2_1,0,0
2025,08,TUR.4.3_1,0,0
2025,08,TUR.4.4_1,0,0
2025,08,TUR.4.5_1,0,0
2025,08,TUR.4.6_1,0,0
2025,08,TUR.4.7_1,0,0
2025,08,TUR.4.8_1,0,0
2025,08,TUR.40.10_1,0.05312103781659036,0.4350000000000052
2025,08,TUR.40.11_1,0.04052971082719015,0.1730000000000021
2025,08,TUR.40.12_1,0.046335872039645,0.24900000000000297
2025,08,TUR.40.14_1,0.04080539991635191,0.17600000000000202
2025,08,TUR.40.15_1,0.03456789984545846,0.11800000000000128
2025,08,TUR.40.16_1,0.040343448586584806,0.17100000000000207
2025,08,TUR.40.17_1,0.0386761504289818,0.15400000000000186
2025,08,TUR.40.18_1,0.04910292306494889,0.3000000000000036
2025,08,TUR.40.19_1,0.03877858003399262,0.15500000000000186
2025,08,TUR.40.23_1,0.053226408100709104,0.5570000000000067
2025,08,TUR.40.24_1,0.0399648728029372,0.167000000000002
2025,08,TUR.40.25_1,0.04177955162539772,0.18700000000000228
2025,08,TUR.40.26_1,0.04364363266597556,0.21000000000000257
2025,08,TUR.40.27_1,0.04071399297903086,0.17500000000000213
2025,08,TUR.40.28_1,0.0395780351607579,0.16300000000000198
2025,08,TUR.40.29_1,0.0389817482401779,0.1570000000000019
2025,08,TUR.40.2_1,0.03815536505304725,0.1490000000000018
2025,08,TUR.40.30_1,0.04151945935078146,0.18400000000000213
2025,08,TUR.40.31_1,0.04195068222765775,0.1890000000000022
2025,08,TUR.40.33_1,0.04052971082719015,0.1730000000000021
2025,08,TUR.40.34_1,0.04177955162539772,0.18700000000000228
2025,08,TUR.40.35_1,0.03804944740609606,0.14800000000000177
2025,08,TUR.40.36_1,0.0437197256544641,0.21100000000000246
2025,08,TUR.40.37_1,0.05320137997392377,0.5590000000000066
2025,08,TUR.40.39_1,0.03684371211682653,0.13700000000000165
2025,08,TUR.40.3_1,0.05300159598595895,0.5730000000000067
2025,08,TUR.40.4_1,0.03751078289456121,0.1430000000000017
2025,08,TUR.40.5_1,0.04973070095725172,0.3140000000000038
2025,08,TUR.40.6_1,0.05321400338849789,0.4420000000000052
2025,08,TUR.40.7_1,0.053436632770983886,0.5360000000000064
2025,08,TUR.40.8_1,0.041693309860244096,0.18600000000000216
2025,08,TUR.41.10_1,0.03284761683061992,0.10500000000000123
2025,08,TUR.41.11_1,0.037401198135439316,0.1420000000000017
2025,08,TUR.41.12_1,0.045297406923156314,0.23300000000000265
2025,08,TUR.41.13_1,0.0393814422631691,0.16100000000000195
2025,08,TUR.41.14_1,0.028734950984828898,0.07800000000000089
2025,08,TUR.41.15_1,0.04563138629739239,0.23800000000000282
2025,08,TUR.41.16_1,0.04302043814611504,0.20200000000000246
2025,08,TUR.41.17_1,0.03626974706834556,0.13200000000000156
2025,08,TUR.41.18_1,0.042779971906889834,0.19900000000000242
2025,08,TUR.41.19_1,0.04862122225845318,0.2900000000000035
2025,08,TUR.41.1_1,0.040343448586584806,0.17100000000000207
2025,08,TUR.41.20_1,0.04349025529653018,0.20800000000000254
2025,08,TUR.41.21_1,0.039282338451959116,0.16000000000000192
2025,08,TUR.41.22_1,0.04186534149039199,0.18800000000000228
2025,08,TUR.41.23_1,0.04317867550953736,0.20400000000000226
2025,08,TUR.41.24_1,0.04269897777917304,0.19800000000000242
2025,08,TUR.41.25_1,0.046210818774584043,0.24700000000000294
2025,08,TUR.41.26_1,0.0446026476664922,0.2230000000000026
2025,08,TUR.41.27_1,0.04522955358151126,0.23200000000000273
2025,08,TUR.41.28_1,0.03312190575385394,0.10700000000000126
2025,08,TUR.41.2_1,0.04481489659808248,0.22600000000000267
2025,08,TUR.41.3_1,0.04474451542383764,0.22500000000000275
2025,08,TUR.41.4_1,0.03555811151997655,0.1260000000000015
2025,08,TUR.41.5_1,0.04670312331468987,0.25500000000000306
2025,08,TUR.41.6_1,0.041693309860244096,0.18600000000000216
2025,08,TUR.41.7_1,0.042779971906889834,0.19900000000000242
2025,08,TUR.41.8_1,0.032145408826960195,0.10000000000000117
2025,08,TUR.41.9_1,0.04602073067449038,0.244000000000003
2025,08,TUR.42.10_1,0,0
2025,08,TUR.42.1_1,0,0
2025,08,TUR.42.2_1,0,0
2025,08,TUR.42.3_1,0,0
2025,08,TUR.42.4_1,0,0
2025,08,TUR.42.5_1,0,0
2025,08,TUR.42.6_1,0,0
2025,08,TUR.42.7_1,0,0
2025,08,TUR.42.8_1,0,0
2025,08,TUR.42.9_1,0,0
2025,08,TUR.43.2_1,0,0
2025,08,TUR.43.6_1,0,0
2025,08,TUR.44.3_1,0,0
2025,08,TUR.44.5_1,0,0
2025,08,TUR.44.6_1,0,0
2025,08,TUR.45.1_1,0,0
2025,08,TUR.45.2_1,0,0
2025,08,TUR.45.3_1,0,0
2025,08,TUR.45.4_1,0,0
2025,08,TUR.45.5_1,0,0
2025,08,TUR.45.6_1,0,0
2025,08,TUR.45.7_1,0,0
2025,08,TUR.45.8_1,0,0
2025,08,TUR.47.3_1,0,0
2025,08,TUR.48.1_1,0,0
2025,08,TUR.48.2_1,0,0
2025,08,TUR.48.3_1,0,0
2025,08,TUR.48.4_1,0,0
2025,08,TUR.49.1_1,0,0
2025,08,TUR.49.3_1,0,0
2025,08,TUR.49.5_1,0,0
2025,08,TUR.5.1_1,0,0
2025,08,TUR.5.5_1,0,0
2025,08,TUR.50.1_1,0.04582759939543833,0.24100000000000285
2025,08,TUR.50.2_1,0.04431444077957728,0.21900000000000258
2025,08,TUR.50.3_1,0.043335275329871956,0.2060000000000024
2025,08,TUR.50.4_1,0.04294069973583317,0.20100000000000245
2025,08,TUR.50.5_1,0.044531157561770375,0.2220000000000026
2025,08,TUR.50.6_1,0.04481489659808248,0.22600000000000267
2025,08,TUR.50.7_1,0.04431444077957728,0.21900000000000258
2025,08,TUR.50.8_1,0.040622097723168556,0.174000000000002
2025,08,TUR.51.5_1,0,0
2025,08,TUR.52.1_1,0.016399410178375335,0.024000000000000306
2025,08,TUR.52.2_1,0.01857121997566538,0.031000000000000284
2025,08,TUR.52.3_1,0.027157956268328967,0.06900000000000088
2025,08,TUR.52.4_1,0.02290534258304054,0.04800000000000061
2025,08,TUR.52.5_1,0.02442839578741852,0.0550000000000007
2025,08,TUR.52.6_1,0.022446612120739184,0.04600000000000059
2025,08,TUR.52.7_1,0.027157956268328967,0.06900000000000088
2025,08,TUR.53.11_1,0,0
2025,08,TUR.53.16_1,0,0
2025,08,TUR.53.17_1,0,0
2025,08,TUR.53.23_1,0,0
2025,08,TUR.53.27_1,0,0
2025,08,TUR.53.31_1,0,0
2025,08,TUR.53.7_1,0,0
2025,08,TUR.53.8_1,0,0
2025,08,TUR.55.12_1,0,0
2025,08,TUR.55.14_1,0,0
2025,08,TUR.55.5_1,0,0
2025,08,TUR.55.6_1,0,0
2025,08,TUR.56.10_1,0.045892316978621395,0.24200000000000277
2025,08,TUR.56.15_1,0.04317867550953736,0.20400000000000226
2025,08,TUR.56.16_1,0.04751519624126128,0.26900000000000324
2025,08,TUR.56.1_1,0.047790468778521104,0.2740000000000033
2025,08,TUR.56.4_1,0.04658201386199609,0.253000000000003
2025,08,TUR.56.6_1,0.046084429633491374,0.2450000000000029
2025,08,TUR.56.7_1,0.04536490568613739,0.23400000000000276
2025,08,TUR.57.10_1,0,0
2025,08,TUR.57.1_1,0,0
2025,08,TUR.57.2_1,0,0
2025,08,TUR.57.3_1,0,0
2025,08,TUR.57.4_1,0,0
2025,08,TUR.57.5_1,0,0
2025,08,TUR.57.6_1,0,0
2025,08,TUR.57.7_1,0,0
2025,08,TUR.57.8_1,0,0
2025,08,TUR.57.9_1,0,0
2025,08,TUR.58.10_1,0,0
2025,08,TUR.58.1_1,0,0
2025,08,TUR.58.2_1,0,0
2025,08,TUR.58.3_1,0,0
2025,08,TUR.58.4_1,0,0
2025,08,TUR.58.5_1,0,0
2025,08,TUR.58.6_1,0,0
2025,08,TUR.58.7_1,0,0
2025,08,TUR.58.8_1,0,0
2025,08,TUR.58.9_1,0,0
2025,08,TUR.59.10_1,0.040155178702937465,0.16900000000000204
2025,08,TUR.59.11_1,0.037401198135439316,0.1420000000000017
2025,08,TUR.59.12_1,0.034312536668825215,0.11600000000000125
2025,08,TUR.59.1_1,0.02923465438458968,0.08100000000000092
2025,08,TUR.59.2_1,0.03695650346135998,0.13800000000000165
2025,08,TUR.59.3_1,0.02544703872926757,0.06000000000000066
2025,08,TUR.59.4_1,0.033526563849028884,0.11000000000000129
2025,08,TUR.59.5_1,0.029722482406598666,0.08400000000000096
2025,08,TUR.59.6_1,0.037401198135439316,0.1420000000000017
2025,08,TUR.59.7_1,0.03444062162043684,0.11700000000000138
2025,08,TUR.59.8_1,0.03298522044073291,0.10600000000000125
2025,08,TUR.59.9_1,0.034183635922291344,0.11500000000000124
2025,08,TUR.60.4_1,0,0
2025,08,TUR.60.5_1,0,0
2025,08,TUR.62.3_1,0,0
2025,08,TUR.62.6_1,0,0
2025,08,TUR.63.10_1,0.051790367244427635,0.37200000000000444
2025,08,TUR.63.11_1,0.05328515637799939,0.4480000000000053
2025,08,TUR.63.12_1,0.052426589706794265,0.3970000000000046
2025,08,TUR.63.13_1,0.05313497681553422,0.4360000000000051
2025,08,TUR.63.14_1,0.05351896829025776,0.5230000000000062
2025,08,TUR.63.15_1,0.04937852891182793,0.30600000000000366
2025,08,TUR.63.16_1,0.053513926602055735,0.47600000000000564
2025,08,TUR.63.17_1,0.05336783316376089,0.4560000000000055
2025,08,TUR.63.18_1,0.05345167088068128,0.4660000000000055
2025,08,TUR.63.1_1,0.05152532353739658,0.3630000000000043
2025,08,TUR.63.2_1,0.04964427982782348,0.3120000000000038
2025,08,TUR.63.3_1,0.05351896829025776,0.47700000000000564
2025,08,TUR.63.4_1,0.05285028480315606,0.418000000000005
2025,08,TUR.63.5_1,0.05342878979201687,0.4630000000000056
2025,08,TUR.63.6_1,0.05117484470957062,0.35200000000000414
2025,08,TUR.63.7_1,0.053568823252102396,0.508000000000006
2025,08,TUR.63.8_1,0.05345167088068128,0.4660000000000055
2025,08,TUR.63.9_1,0.053250562026708435,0.44500000000000534
2025,08,TUR.64.1_1,0,0
2025,08,TUR.64.2_1,0,0
2025,08,TUR.64.3_1,0,0
2025,08,TUR.64.4_1,0,0
2025,08,TUR.64.5_1,0,0
2025,08,TUR.64.6_1,0,0
2025,08,TUR.64.7_1,0,0
2025,08,TUR.65.10_1,0.05356271449419057,0.4890000000000058
2025,08,TUR.65.11_1,0.05298567173417126,0.426000000000005
2025,08,TUR.65.12_1,0.05357471700732276,0.49700000000000577
2025,08,TUR.65.1_1,0.052449032386359284,0.39800000000000474
2025,08,TUR.65.2_1,0.04751519624126128,0.26900000000000324
2025,08,TUR.65.3_1,0.05306308152112796,0.43100000000000516
2025,08,TUR.65.4_1,0.050685652722861733,0.6620000000000078
2025,08,TUR.65.5_1,0.05270060888990626,0.4100000000000048
2025,08,TUR.65.6_1,0.05072222283022649,0.339000000000004
2025,08,TUR.65.7_1,0.051733139566526816,0.3700000000000044
2025,08,TUR.65.8_1,0.04595669359467303,0.24300000000000288
2025,08,TUR.65.9_1,0.05127335462430599,0.6450000000000077
2025,08,TUR.66.10_1,0.050460897645129024,0.332000000000004
2025,08,TUR.66.11_1,0.05211391101315951,0.38400000000000456
2025,08,TUR.66.12_1,0.05200981893605474,0.3800000000000045
2025,08,TUR.66.13_1,0.048961372768160066,0.2970000000000035
2025,08,TUR.66.1_1,0.05110794270935273,0.35000000000000414
2025,08,TUR.66.2_1,0.050536835833531336,0.3340000000000039
2025,08,TUR.66.3_1,0.050266553287056544,0.32700000000000384
2025,08,TUR.66.4_1,0.05176187222054234,0.3710000000000044
2025,08,TUR.66.5_1,0.05140128045743867,0.35900000000000426
2025,08,TUR.66.6_1,0.05097117232221693,0.3460000000000041
2025,08,TUR.66.7_1,0.04914954870519141,0.3010000000000036
2025,08,TUR.66.8_1,0.052739373914972805,0.4120000000000048
2025,08,TUR.66.9_1,0.05240391832176908,0.3960000000000046
2025,08,TUR.67.11_1,0.05216455857932832,0.3860000000000046
2025,08,TUR.67.13_1,0.05323859426343184,0.4440000000000052
2025,08,TUR.67.3_1,0.05155573093074108,0.3640000000000043
2025,08,TUR.68.10_1,0,0
2025,08,TUR.68.11_1,0,0
2025,08,TUR.68.1_1,0,0
2025,08,TUR.68.2_1,0,0
2025,08,TUR.68.3_1,0,0
2025,08,TUR.68.4_1,0,0
2025,08,TUR.68.5_1,0,0
2025,08,TUR.68.6_1,0,0
2025,08,TUR.68.7_1,0,0
2025,08,TUR.68.8_1,0,0
2025,08,TUR.68.9_1,0,0
2025,08,TUR.69.1_1,0,0
2025,08,TUR.69.2_1,0,0
2025,08,TUR.69.3_1,0,0
2025,08,TUR.69.4_1,0,0
2025,08,TUR.69.5_1,0,0
2025,08,TUR.69.6_1,0,0
2025,08,TUR.69.7_1,0,0
2025,08,TUR.7.10_1,0,0
2025,08,TUR.7.11_1,0,0
2025,08,TUR.7.12_1,0,0
2025,08,TUR.7.13_1,0,0
2025,08,TUR.7.14_1,0,0
2025,08,TUR.7.15_1,0,0
2025,08,TUR.7.16_1,0,0
2025,08,TUR.7.17_1,0,0
2025,08,TUR.7.18_1,0,0
2025,08,TUR.7.19_1,0,0
2025,08,TUR.7.1_1,0,0
2025,08,TUR.7.20_1,0,0
2025,08,TUR.7.21_1,0,0
2025,08,TUR.7.22_1,0,0
2025,08,TUR.7.23_1,0,0
2025,08,TUR.7.24_1,0,0
2025,08,TUR.7.2_1,0,0
2025,08,TUR.7.3_1,0,0
2025,08,TUR.7.4_1,0,0
2025,08,TUR.7.5_1,0,0
2025,08,TUR.7.6_1,0,0
2025,08,TUR.7.7_1,0,0
2025,08,TUR.7.8_1,0,0
2025,08,TUR.7.9_1,0,0
2025,08,TUR.71.1_1,0,0
2025,08,TUR.71.2_1,0,0
2025,08,TUR.71.3_1,0,0
2025,08,TUR.71.4_1,0,0
2025,08,TUR.71.5_1,0,0
2025,08,TUR.71.6_1,0,0
2025,08,TUR.71.7_1,0,0
2025,08,TUR.72.11_1,0.04543205145085558,0.23500000000000268
2025,08,TUR.72.14_1,0.045023850011640235,0.2290000000000028
2025,08,TUR.72.1_1,0.042860545102613584,0.20000000000000234
2025,08,TUR.72.3_1,0.04098676188624621,0.17800000000000205
2025,08,TUR.72.6_1,0.047570860891398406,0.27000000000000324
2025,08,TUR.72.9_1,0.0412552228218608,0.1810000000000022
2025,08,TUR.73.1_1,0.039082495631943874,0.15800000000000192
2025,08,TUR.73.2_1,0.0414318448705462,0.18300000000000222
2025,08,TUR.73.3_1,0.046335872039645,0.24900000000000297
2025,08,TUR.73.4_1,0.045498845780142134,0.2360000000000028
2025,08,TUR.73.5_1,0.042370743482072815,0.19400000000000225
2025,08,TUR.73.8_1,0.041343767016851954,0.1820000000000021
2025,08,TUR.74.4_1,0.050305938688955956,0.32800000000000396
2025,08,TUR.74.6_1,0.048865603332790344,0.2950000000000034
2025,08,TUR.74.8_1,0.04805819251250511,0.27900000000000336
2025,08,TUR.75.10_1,0.04842056148832926,0.2860000000000034
2025,08,TUR.75.11_1,0.05206233205574367,0.38200000000000445
2025,08,TUR.75.12_1,0.053551566894666607,0.5150000000000061
2025,08,TUR.75.13_1,0.053544705679864885,0.5170000000000061
2025,08,TUR.75.14_1,0.05301729889542851,0.42800000000000515
2025,08,TUR.75.15_1,0.05347915820260318,0.47000000000000547
2025,08,TUR.75.16_1,0.05231093973486073,0.3920000000000047
2025,08,TUR.75.17_1,0.05309250008497349,0.4330000000000052
2025,08,TUR.75.18_1,0.05331779026585447,0.45100000000000534
2025,08,TUR.75.1_1,0.05326231153775854,0.4460000000000052
2025,08,TUR.75.2_1,0.05149467522603414,0.36200000000000426
2025,08,TUR.75.3_1,0.053544705679864885,0.4830000000000057
2025,08,TUR.75.4_1,0.05312103781659036,0.4350000000000052
2025,08,TUR.75.5_1,0.052969525940438696,0.425000000000005
2025,08,TUR.75.6_1,0.049423500735211304,0.3070000000000036
2025,08,TUR.75.7_1,0.05329625198759786,0.4490000000000053
2025,08,TUR.75.8_1,0.05042254410927727,0.3310000000000039
2025,08,TUR.75.9_1,0.0528679872356119,0.4190000000000049
2025,08,TUR.76.1_1,0.03948000648899763,0.16200000000000195
2025,08,TUR.76.6_1,0.03579817824082167,0.12800000000000153
2025,08,TUR.76.8_1,0.03591713040271022,0.12900000000000153
2025,08,TUR.78.10_1,0,0
2025,08,TUR.78.3_1,0,0
2025,08,TUR.78.4_1,0,0
2025,08,TUR.78.6_1,0,0
2025,08,TUR.79.1_1,0.047174718460374666,0.2630000000000031
2025,08,TUR.79.2_1,0,0
2025,08,TUR.79.3_1,0,0
2025,08,TUR.79.4_1,0,0
2025,08,TUR.79.5_1,0,0
2025,08,TUR.79.6_1,0,0
2025,08,TUR.8.10_1,0,0
2025,08,TUR.8.11_1,0.0472322429161829,0.2640000000000031
2025,08,TUR.8.12_1,0,0
2025,08,TUR.8.13_1,0,0
2025,08,TUR.8.14_1,0,0
2025,08,TUR.8.15_1,0,0
2025,08,TUR.8.1_1,0,0
2025,08,TUR.8.2_1,0,0
2025,08,TUR.8.3_1,0.048215255786098955,0.28200000000000336
2025,08,TUR.8.4_1,0,0
2025,08,TUR.8.5_1,0,0
2025,08,TUR.8.6_1,0,0
2025,08,TUR.8.7_1,0,0
2025,08,TUR.8.8_1,0,0
2025,08,TUR.8.9_1,0.0499003332644516,0.31800000000000384
2025,08,TUR.81.3_1,0,0
2025,08,TUR.9.1_1,0,0
2025,08,TUR.9.2_1,0,0
2025,08,TUR.9.3_1,0,0
2025,08,TUR.9.4_1,0.04842056148832926,0.2860000000000034
2025,08,TUR.9.5_1,0.048215255786098955,0.28200000000000336
2025,08,TUR.9.6_1,0.04914954870519141,0.3010000000000036
2025,08,UKR.14.22_1,0.05152532353739658,0.3630000000000043
2025,08,UKR.17.11_1,0.05309250008497349,0.4330000000000052
2025,08,UKR.17.12_1,0.05331779026585447,0.45100000000000534
2025,08,UKR.17.22_1,0.05298567173417126,0.426000000000005
2025,08,UKR.23.10_1,0.05238101793432105,0.39500000000000474
2025,08,UKR.23.11_1,0.04831849292289831,0.2840000000000034
2025,08,UKR.23.12_1,0.05231093973486073,0.3920000000000047
2025,08,UKR.23.13_1,0.04867066844207512,0.29100000000000337
2025,08,UKR.23.15_1,0.05203619244176497,0.38100000000000456
2025,08,UKR.23.1_1,0.051463785566230866,0.36100000000000426
2025,08,UKR.23.3_1,0.04871982878112186,0.29200000000000337
2025,08,UKR.23.7_1,0.05333845883061712,0.45300000000000545
2025,08,UKR.23.8_1,0.05117484470957062,0.35200000000000414
2025,08,UKR.25.16_1,0,0
2025,08,UKR.3.6_1,0,0
2025,08,UKR.7.16_1,0.046335872039645,0.24900000000000297
2025,08,XAD.1_1,0.052536521867152866,0.4020000000000048
2025,08,XAD.2_1,0.05357396692903125,0.4960000000000059
2025,08,XKO.1.1_1,0.049816050269563004,0.3160000000000037
2025,08,XKO.1.2_1,0.04795200070338009,0.2770000000000033
2025,08,XKO.1.3_1,0.04852146885692612,0.2880000000000035
2025,08,XKO.2.1_1,0.0472322429161829,0.2640000000000031
2025,08,XKO.2.2_1,0.047570860891398406,0.27000000000000324
2025,08,XKO.2.3_1,0.047402944224508976,0.2670000000000032
2025,08,XKO.3.1_1,0,0
2025,08,XKO.3.2_1,0,0
2025,08,XKO.3.3_1,0,0
2025,08,XKO.3.4_1,0,0
2025,08,XKO.3.5_1,0,0
2025,08,XKO.3.6_1,0,0
2025,08,XKO.4.2_1,0.04955678127391409,0.3100000000000037
2025,08,XKO.4.3_1,0.04867066844207512,0.29100000000000337
2025,08,XKO.5.1_1,0,0
2025,08,XKO.5.2_1,0,0
2025,08,XKO.5.3_1,0.045297406923156314,0.23300000000000265
2025,08,XKO.5.4_1,0,0
2025,08,XKO.5.5_1,0,0
2025,08,XKO.5.6_1,0,0
2025,08,XKO.5.7_1,0,0
2025,08,XKO.6.1_1,0.051790367244427635,0.37200000000000444
2025,08,XKO.6.2_1,0.053386331770369805,0.4580000000000055
2025,08,XKO.6.3_1,0.053560249359499254,0.5120000000000061
2025,08,XKO.6.4_1,0.053571823790329584,0.506000000000006
2025,08,XKO.7.1_1,0.049512626180506725,0.3090000000000036
2025,08,XKO.7.2_1,0.048163196658493446,0.28100000000000336
2025,08,XKO.7.3_1,0.045023850011640235,0.2290000000000028
2025,08,XKO.7.4_1,0.04795200070338009,0.2770000000000033
2025,08,ZNC.1_1,0.05357396692903125,0.4960000000000059
2025,08,ZNC.2_1,0.052088238130114865,0.38300000000000456
2025,08,ZNC.3_1,0.053077900997589675,0.43200000000000505
2025,08,ZNC.4_1,0.05326231153775854,0.4460000000000052
2025,08,ZNC.5_1,0.05340396400905697,0.4600000000000055
