year,month,gid_3,est,se
2022,12,ESP.10.1.1_1,0.033,0.17872588772459053
2022,12,ESP.10.1.1_1,0.033,0.17872588772459053
2022,12,ESP.10.1.2_1,0.035,0.18387171834952978
2022,12,ESP.10.1.3_1,0.026,0.15921478998305827
2022,12,ESP.10.1.4_1,0.063,0.24308453280719053
2022,12,ESP.10.1.5_1,0.036,0.18638331132035063
2022,12,ESP.10.1.6_1,0.037,0.1888562063228706
2022,12,ESP.10.1.7_1,0.04,0.19605723255834873
2022,12,ESP.10.1.8_1,0.822,0.38270414482007176
2022,12,ESP.10.1.9_1,0,0
2022,12,ESP.10.1.9_1,0,0
2022,12,ESP.10.1.9_1,0,0
2022,12,ESP.10.2.1_1,0.026,0.15921478998305827
2022,12,ESP.10.2.2_1,0.041,0.19838941090279583
2022,12,ESP.10.2.2_1,0.041,0.19838941090279583
2022,12,ESP.10.2.3_1,0.224,0.41713067256915787
2022,12,ESP.10.2.5_1,0.068,0.2518718710762269
2022,12,ESP.10.2.7_1,0.054,0.2261307920985887
2022,12,ESP.10.2.8_1,0.043,0.2029585972364615
2022,12,ESP.10.3.1_1,0.093,0.290577761426155
2022,12,ESP.10.3.10_1,0.079,0.26987373312686774
2022,12,ESP.10.3.11_1,0.088,0.28343665312788385
2022,12,ESP.10.3.11_1,0.088,0.28343665312788385
2022,12,ESP.10.3.12_1,0.002,0.04469897088298564
2022,12,ESP.10.3.13_1,0.242,0.428508599236491
2022,12,ESP.10.3.14_1,0.082,0.27450200609713465
2022,12,ESP.10.3.16_1,0.078,0.26830577330349786
2022,12,ESP.10.3.17_1,0.095,0.2933616557443407
2022,12,ESP.10.3.18_1,0.791,0.4067978422810088
2022,12,ESP.10.3.2_1,0.09,0.28632495871296654
2022,12,ESP.10.3.3_1,0.071,0.25695335184625445
2022,12,ESP.10.3.4_1,0.013,0.11333068359382575
2022,12,ESP.10.3.5_1,0.091,0.28775302222878874
2022,12,ESP.10.3.6_1,0.001,0.03162277660168379
2022,12,ESP.10.3.6_1,0.001,0.03162277660168379
2022,12,ESP.10.3.7_1,0.1,0.3001501125938321
2022,12,ESP.10.3.8_1,0.784,0.4117201883725323
2022,12,ESP.10.3.9_1,0.078,0.26830577330349786
