year,month,gid_1,est,se
2020,10,ESP.1_1,0,0.1948921336302092
2020,10,ESP.10_1,0,0.1730143865402529
2020,10,ESP.11_1,0,0.18897297034397714
2020,10,ESP.12_1,0,0.2025463152087984
2020,10,ESP.13_1,0,0.22070907029677111
2020,10,ESP.14_1,0,0.20904612082133248
2020,10,ESP.15_1,0,0.18640307263663156
2020,10,ESP.16_1,0.02931056336152338,0.14688180123407488
2020,10,ESP.17_1,0.069,0.18856268087162256
2020,10,ESP.18_1,0,0.23174256659691042
2020,10,ESP.2_1,0,0.1889327912402791
2020,10,ESP.3_1,0.038,0.1098541059389126
2020,10,ESP.4_1,0,0.1851781973589551
2020,10,ESP.5_1,0,0.1989964733659733
2020,10,ESP.6_1,0,0.19901543596989354
2020,10,ESP.7_1,0,0.21111543361163607
2020,10,ESP.8_1,0,0.16837627800795388
2020,10,ESP.9_1,0,0.1820240103842152
