year,month,gid_1,est,se
2020,10,ESP.1_1,0,0.355024296359392
2020,10,ESP.10_1,0,0.3586852298852367
2020,10,ESP.11_1,0,0.3537987504879313
2020,10,ESP.12_1,0,0.3578589449233369
2020,10,ESP.13_1,0,0.3630369069334353
2020,10,ESP.14_1,0,0.35958304239912864
2020,10,ESP.15_1,0,0.3502480173729377
2020,10,ESP.16_1,0.08283110830143497,0.3326349038473694
2020,10,ESP.17_1,0.211,0.4082225442643334
2020,10,ESP.18_1,0,0.36863517451796685
2020,10,ESP.2_1,0,0.3613260648182659
2020,10,ESP.3_1,0.139,0.3461196307619647
2020,10,ESP.4_1,0,0.3627957977921567
2020,10,ESP.5_1,0,0.35235788208176066
2020,10,ESP.6_1,0,0.3469995301718834
2020,10,ESP.7_1,0,0.3552776691859794
2020,10,ESP.8_1,0,0.35428310221702153
2020,10,ESP.9_1,0,0.3552776691859794
2020,10,ITA.1_1,0,0.3511968205313291
2020,10,ITA.10_1,0,0.23849977140581602
2020,10,ITA.11_1,0,0.366789496216201
2020,10,ITA.12_1,0,0.35428310221702153
2020,10,ITA.13_1,0,0.3699034294327359
2020,10,ITA.14_1,0,0.359145621643891
2020,10,ITA.15_1,0,0.3604439262568089
2020,10,ITA.16_1,0,0.34540603685960386
2020,10,ITA.17_1,0,0.3566106084404355
2020,10,ITA.18_1,0,0.3601676286407771
2020,10,ITA.19_1,0,0.34922479573758497
2020,10,ITA.2_1,0,0.34787187572893863
2020,10,ITA.20_1,0,0.2747146736715349
2020,10,ITA.3_1,0,0.3502480173729377
2020,10,ITA.4_1,0,0.34595178588425346
2020,10,ITA.5_1,0,0.3585513126943694
2020,10,ITA.6_1,0,0.3511064572415723
2020,10,ITA.7_1,0.02285796244615103,0.16505884075510674
2020,10,ITA.8_1,0,0.3548311519420941
2020,10,ITA.9_1,0,0.36527588965883234
