year,month,gid_1,est,se
2021,06,ESP.1_1,0.543487593941154,0.43547387323298287
2021,06,ESP.10_1,0.521617647862077,0.49842385861314187
2021,06,ESP.11_1,0.3521090042738379,0.4757440043513627
2021,06,ESP.12_1,0.3579129460151854,0.47543206150483835
2021,06,ESP.13_1,0.5026133333333334,0.5002141683461337
2021,06,ESP.14_1,0,0.3227982833827139
2021,06,ESP.15_1,0,0.3262904618058356
2021,06,ESP.16_1,0.24343098226814208,0.3538183373337125
2021,06,ESP.17_1,0.4873517948717948,0.49980877224075293
2021,06,ESP.18_1,0.7030482051282051,0.46231237570795436
2021,06,ESP.2_1,0.49143680957768565,0.4997790322157567
2021,06,ESP.3_1,0.05494153846153846,0.2261307920985887
2021,06,ESP.4_1,0.18288855144001134,0.3270746392689833
2021,06,ESP.5_1,0.14419969069221947,0.32864643761515827
2021,06,ESP.6_1,0.7152368534646474,0.384282806003353
2021,06,ESP.7_1,0.3359224634853201,0.4638472297049968
2021,06,ESP.8_1,0.49447384615384615,0.5000540511325291
2021,06,ESP.9_1,0.1566851282051282,0.3611293596682696
