year,month,gid_1,est,se
2021,06,ESP.1_1,0.5690154602946144,0.42376580925714996
2021,06,ESP.10_1,0.5045685279187818,0.5002411830719671
2021,06,ESP.11_1,0.38688586226269256,0.4855221123583232
2021,06,ESP.12_1,0.42550270062561846,0.4927717911689542
2021,06,ESP.13_1,0.5045685279187818,0.5002411830719671
2021,06,ESP.14_1,0,0.3361514753372949
2021,06,ESP.15_1,0,0.21387319079712103
2021,06,ESP.16_1,0.23506560426427162,0.36282908650875745
2021,06,ESP.17_1,0.5045685279187818,0.5002411830719671
2021,06,ESP.18_1,0.5076142131979696,0.5002501876563868
2021,06,ESP.2_1,0.49822128679737454,0.5001223035045984
2021,06,ESP.3_1,0.03553299492385788,0.18387171834952978
2021,06,ESP.4_1,0.21403918523016763,0.3196438256263029
2021,06,ESP.5_1,0.16971628319964943,0.3451449708059923
2021,06,ESP.6_1,0.6012242505872195,0.47783119564670856
2021,06,ESP.7_1,0.5017421465019438,0.5001882468444588
2021,06,ESP.8_1,0.49340101522842644,0.5000540511325291
2021,06,ESP.9_1,0.030456852791878174,0.17067257872642908
2021,06,ITA.1_1,0.35360864868247444,0.44918232917950596
2021,06,ITA.10_1,0.4903357538693127,0.49922691008702325
2021,06,ITA.11_1,0.49058468040731945,0.4996726594254605
2021,06,ITA.12_1,0.17591016496948772,0.37360741687477805
2021,06,ITA.13_1,0.4519874633968963,0.48719565374557716
2021,06,ITA.14_1,0.16765257116714874,0.3227589137343007
2021,06,ITA.15_1,0.40869987307754496,0.46341001211024574
2021,06,ITA.16_1,0.45122597040346973,0.48978321623423093
2021,06,ITA.17_1,0.5051250890288033,0.5002439255426467
2021,06,ITA.18_1,0.5045685279187817,0.5002411830719671
2021,06,ITA.2_1,0.491913194920645,0.4993217729485671
2021,06,ITA.20_1,0.5084919895092822,0.500100824533379
2021,06,ITA.3_1,0.3195358748538111,0.4533781439870595
2021,06,ITA.4_1,0.46788797995037373,0.49368151913723624
2021,06,ITA.5_1,0.3865797168880969,0.45476817748403053
2021,06,ITA.6_1,0.41574702469880076,0.4675764302666214
2021,06,ITA.7_1,0.483343863755909,0.49886251963878475
2021,06,ITA.8_1,0.6243537840164849,0.4470454628690759
2021,06,ITA.9_1,0.5035937779600017,0.50022965472473
