year,month,gid_1,est,se
2021,06,ESP.10_1,0.832,0.3740533597174552
2021,06,ESP.6_1,0.92,0.27142894774447635
