year,month,gid_2,est,se
2022,04,ESP.1.1_1,0.051,0.22010780869257557
2022,04,ESP.1.2_1,0.165,0.37136627864268035
2022,04,ESP.1.3_1,0.384,0.48660125439704816
2022,04,ESP.1.4_1,0.822,0.38270414482007176
2022,04,ESP.1.5_1,0,0.48611964814468495
2022,04,ESP.1.6_1,0.06,0.237605674293474
2022,04,ESP.1.7_1,0.884,0.3203851535989872
2022,04,ESP.1.8_1,0.4,0.4901430813958718
2022,04,ESP.10.1_1,0.713,0.4525879316064844
2022,04,ESP.10.2_1,0.536,0.498951854343636
2022,04,ESP.10.3_1,0.476,0.4996735671152454
2022,04,ESP.11.1_1,0,0.48753840227585526
2022,04,ESP.11.2_1,0,0.4936422618482768
2022,04,ESP.12.1_1,0,0.4929685771101623
2022,04,ESP.12.2_1,0,0.49503642397409614
2022,04,ESP.12.3_1,0,0.494741112874975
2022,04,ESP.12.4_1,0,0.49189527438364455
2022,04,ESP.13.1_1,0.472,0.49946517943242597
2022,04,ESP.14.1_1,0,0.4819504915199032
2022,04,ESP.14.2_1,0,0.48587557571365436
2022,04,ESP.15.1_1,0.039,0.19369180807797864
2022,04,ESP.16.1_1,0,0.4882185549089233
2022,04,ESP.16.2_1,0.297,0.4571651780264984
2022,04,ESP.16.3_1,0.046,0.20958990416508122
2022,04,ESP.17.1_1,0,0.4957385972029581
2022,04,ESP.18.1_1,0.534,0.4990922691177385
2022,04,ESP.2.1_1,0.273,0.4457237593730782
2022,04,ESP.2.2_1,0.466,0.4990922691177385
2022,04,ESP.2.3_1,0.044,0.20519772441746548
2022,04,ESP.3.1_1,0,0.4927949338688932
2022,04,ESP.4.1_1,0.05,0.21805400144814482
2022,04,ESP.4.2_1,0,0.4903462444430868
2022,04,ESP.4.3_1,0.07,0.25527468571161765
2022,04,ESP.4.4_1,0,0.48660125439704816
2022,04,ESP.4.5_1,0.042,0.20068950215762726
2022,04,ESP.5.1_1,0,0.49443752736667196
2022,04,ESP.5.2_1,0,0.4976410821532389
2022,04,ESP.5.3_1,0,0.4924413655436538
2022,04,ESP.5.4_1,0,0.48930912869414506
2022,04,ESP.5.5_1,0,0.48973037054672836
2022,04,ESP.5.6_1,0,0.48753840227585526
2022,04,ESP.5.7_1,0,0.48660125439704816
2022,04,ESP.5.8_1,0,0.4901430813958718
2022,04,ESP.5.9_1,0,0.4920794063381866
2022,04,ESP.6.1_1,0.53,0.49934892545128134
2022,04,ESP.6.2_1,0.645,0.4787527589520547
2022,04,ESP.6.3_1,0.596,0.4909429956981004
2022,04,ESP.6.4_1,0.446,0.4973241712719495
2022,04,ESP.7.1_1,0,0.4907461989988632
2022,04,ESP.7.2_1,0,0.49503642397409614
2022,04,ESP.8.1_1,0.063,0.24308453280719053
2022,04,ESP.9.1_1,0.196,0.39716714584887525
