year,month,gid_1,est,se
2022,05,ESP.10_1,0.984,0.12553788177183714
2022,05,ESP.6_1,0.993,0.08341437500789632
