year,month,gid_1,est,se
2022,09,HUN.10_1,0.169,0.3749394345485409
2022,09,HUN.12_1,0.135,0.34189456253630574
2022,09,HUN.13_1,0.151,0.3582280381646966
2022,09,HUN.14_1,0.166,0.37226681638655706
2022,09,HUN.16_1,0.175,0.38015722999769386
2022,09,HUN.17_1,0.138,0.3450725649411658
2022,09,HUN.19_1,0.1,0.3001501125938321
2022,09,HUN.2_1,0.248,0.432067914433232
2022,09,HUN.4_1,0.211,0.4082225442643334
2022,09,HUN.5_1,0.142,0.34922479573758497
2022,09,HUN.8_1,0.159,0.36585906146062974
2022,09,ITA.10_1,0.417,0.4933095928059319
2022,09,ITA.17_1,0.234,0.42358402168096876
2022,09,ITA.20_1,0.405,0.4911376754192415
