year,month,gid_3,est,se
2020,02,ESP.10.1.1_1,0.131,0.33756918246924283
2020,02,ESP.10.1.4_1,0.059,0.23574260237507894
2020,02,ESP.10.1.6_1,0.055,0.22809433799861634
2020,02,ESP.10.1.7_1,0.178,0.38270414482007176
2020,02,ESP.10.1.9_1,0.156,0.3630369069334353
2020,02,ESP.10.2.5_1,0.365,0.4816710568500115
2020,02,ESP.10.2.7_1,0.074,0.2619018758859749
2020,02,ESP.10.2.8_1,0.769,0.42168331341993703
2020,02,ESP.10.3.1_1,0.305,0.4606378047741926
2020,02,ESP.10.3.13_1,0.685,0.4647483092933109
2020,02,ESP.10.3.4_1,0.333,0.47152235719351987
2020,02,ESP.10.3.7_1,0.29,0.4539891035103223
2020,02,ESP.10.3.8_1,0.03,0.17067257872642908
