year,month,gid_1,est,se
2020,02,AUT.1_1,0.28750169204592513,0.22633791697703323
2020,02,AUT.2_1,0.3661442893413174,0.21357458240351557
2020,02,AUT.3_1,0.31441355932071846,0.1993161304480008
2020,02,AUT.4_1,0.2855611036755183,0.22197802684919696
2020,02,AUT.5_1,0.17314946348620963,0.17241276689244697
2020,02,AUT.6_1,0.29952104970806315,0.2291401596004184
2020,02,AUT.7_1,0.3633681037983872,0.17700888844428972
2020,02,AUT.8_1,0.17878963352737795,0.1522525963584813
2020,02,AUT.9_1,0.9988755309855152,0.014832289378111653
2020,02,CHE.19_1,0.271,0.22246050855613958
2020,02,CHE.21_1,0.96,0.09807766737870582
2020,02,CHE.25_1,0.309,0.2312718527037742
2020,02,CHE.26_1,0.998,0.022360668572260933
2020,02,DEU.11_1,0.276,0.22373212122552738
2020,02,DEU.2_1,0.29400673873448674,0.22795556403514122
2020,02,ESP.16_1,0.06607145335987089,0.08413168345073556
2020,02,ESP.17_1,0.0260217586934124,0.055421047237526624
2020,02,ESP.3_1,0.020191859321860395,0.05063998286460326
2020,02,HRV.8_1,0.282,0.22521187814973126
2020,02,HUN.1_1,0.038,0.09569381094721721
2020,02,HUN.10_1,0.13187349048063968,0.12932067569047084
2020,02,HUN.11_1,0.007,0.04172805675094036
2020,02,HUN.12_1,0.02647967106845157,0.07165585010472467
2020,02,HUN.13_1,0.329,0.23516014817627004
2020,02,HUN.14_1,0.12681658381266078,0.12627279251187185
2020,02,HUN.18_1,0.285,0.2259331550155489
2020,02,HUN.2_1,0.007000000000000001,0.04172805675094036
2020,02,HUN.4_1,0.329,0.23516014817627004
2020,02,HUN.5_1,0.005,0.03530214209125596
2020,02,HUN.8_1,0.263,0.22035156243449597
2020,02,HUN.9_1,0.3,0.22935814289068268
2020,02,ITA.10_1,0.034,0.09070527363877529
2020,02,ITA.20_1,0.017,0.06470021676920344
2020,02,ITA.7_1,0.329,0.23516014817627004
2020,02,NLD.7_1,0.015,0.060837065971687775
2020,02,ROU.14_1,0.309,0.2312718527037742
2020,02,ROU.29_1,0.091,0.143948503368644
2020,02,SRB.5_1,0,0
2020,02,SVN.8_1,0.008,0.04458670160424442
