year,month,gid_1,est,se
2021,05,ESP.1_1,0.380800753873046,0.41928738203877763
2021,05,ESP.10_1,0.8007501024782814,0.31511880280586824
2021,05,ESP.11_1,0,0.45974774633778
2021,05,ESP.12_1,0,0.46369842923248056
2021,05,ESP.13_1,0.575,0.4947576117083958
2021,05,ESP.14_1,0,0.45281134394456746
2021,05,ESP.15_1,0,0.031633470522298444
2021,05,ESP.16_1,0.09398930100216131,0.23917616287207205
2021,05,ESP.17_1,0,0.4603684031347293
2021,05,ESP.18_1,0.575,0.4947576117083958
2021,05,ESP.2_1,0.021059859280149883,0.11314991438629865
2021,05,ESP.3_1,0,0.44888369545246526
2021,05,ESP.4_1,0,0.07091739687409636
2021,05,ESP.5_1,0,0.45100369225884357
2021,05,ESP.6_1,0.7238650764455538,0.4200276580733507
2021,05,ESP.7_1,0,0.4426502065756546
2021,05,ESP.8_1,0.019,0.13663922850376298
2021,05,ESP.9_1,0,0
