year,month,gid_1,est,se
2021,05,ESP.1_1,0.27012904246997066,0.3840284710418347
2021,05,ESP.10_1,0.6939254551464633,0.42649215963741616
2021,05,ESP.11_1,0,0.37200965600081337
2021,05,ESP.12_1,0,0.35429806671348024
2021,05,ESP.13_1,0.318,0.46593249842986173
2021,05,ESP.14_1,0,0.36051896784945825
2021,05,ESP.15_1,0,0
2021,05,ESP.16_1,0.06742880706425605,0.16515248942711902
2021,05,ESP.17_1,0,0.34819569244928955
2021,05,ESP.18_1,0.368,0.4825026516080599
2021,05,ESP.2_1,0.001342203421146042,0.021190210497567738
2021,05,ESP.3_1,0,0.3630369069334353
2021,05,ESP.4_1,0,0.015649167484091314
2021,05,ESP.5_1,0,0.3683365136670803
2021,05,ESP.6_1,0.5028266179540161,0.48260618200648187
2021,05,ESP.7_1,0,0.36303690693343527
2021,05,ESP.8_1,0.014,0.11754921445002436
2021,05,ESP.9_1,0,0
2021,05,ITA.1_1,0,0.07399434841995371
2021,05,ITA.10_1,0.3136474499337128,0.37954782854989183
2021,05,ITA.11_1,0.007939704241065227,0.08723683555333085
2021,05,ITA.12_1,0,0.08182867969757548
2021,05,ITA.13_1,0.02572809091869488,0.145245526300009
2021,05,ITA.14_1,0.02256136282581949,0.1430258022874832
2021,05,ITA.15_1,0.009304085490636023,0.10295163397508952
2021,05,ITA.16_1,0.04319423293990922,0.18694535232063078
2021,05,ITA.17_1,0.3255926724310458,0.46471506864083145
2021,05,ITA.18_1,0.055269308776256014,0.22712129365437994
2021,05,ITA.2_1,0.02707748363831273,0.1416504460250777
2021,05,ITA.20_1,0.2661079052950699,0.36901424998735455
2021,05,ITA.3_1,0,0
2021,05,ITA.4_1,0.05332027913250598,0.22470547627288812
2021,05,ITA.5_1,0.1298734822402757,0.20282853722197725
2021,05,ITA.6_1,0.052657502802898264,0.18564605723018257
2021,05,ITA.7_1,0.3174775794335965,0.3098094729282048
2021,05,ITA.8_1,0.30628676557010376,0.44861758056063006
2021,05,ITA.9_1,0.05309059225796573,0.20407513405376643
