year,month,gid_2,est,se
2021,12,ESP.1.2_1,0,0.2848862231842041
2021,12,ESP.1.3_1,0,0.28050433629924987
2021,12,ESP.1.4_1,0,0.290577761426155
2021,12,ESP.1.6_1,0,0.3105357184486713
2021,12,ESP.1.7_1,0,0.2988114594326802
2021,12,ESP.1.8_1,0,0.30926792049394103
2021,12,ESP.10.1_1,0,0.2775266131761439
2021,12,ESP.10.2_1,0,0.2760202658994212
2021,12,ESP.10.3_1,0,0.2819760814510878
2021,12,ESP.11.1_1,0,0.26987373312686774
2021,12,ESP.11.2_1,0,0.27450200609713465
2021,12,ESP.12.1_1,0,0.3067068128833611
2021,12,ESP.12.3_1,0,0.3167512136225074
2021,12,ESP.12.4_1,0,0.28917057184232914
2021,12,ESP.13.1_1,0,0.29746341705239066
2021,12,ESP.14.1_1,0,0.290577761426155
2021,12,ESP.14.2_1,0,0.2619018758859749
2021,12,ESP.16.1_1,0,0.296105857217784
2021,12,ESP.16.2_1,0.097,0.296105857217784
2021,12,ESP.16.3_1,0.071,0.25695335184625445
2021,12,ESP.17.1_1,0.172,0.3775692765024169
2021,12,ESP.18.1_1,0,0.29197474077263813
2021,12,ESP.2.3_1,0,0.2586172517116422
2021,12,ESP.3.1_1,0.055,0.22809433799861634
2021,12,ESP.4.2_1,0,0.27297163499805893
2021,12,ESP.4.3_1,0,0.2790212408632233
2021,12,ESP.4.4_1,0,0.29746341705239066
2021,12,ESP.5.3_1,0,0.3001501125938321
2021,12,ESP.5.5_1,0,0.29746341705239066
2021,12,ESP.5.8_1,0,0.2933616557443407
2021,12,ESP.6.1_1,0,0.2947386484173239
2021,12,ESP.6.2_1,0,0.27297163499805893
2021,12,ESP.6.3_1,0,0.2947386484173239
2021,12,ESP.6.4_1,0,0.2760202658994212
2021,12,ESP.8.1_1,0,0.296105857217784
2021,12,ESP.9.1_1,0,0.28917057184232914
