year,month,gid_2,est,se
2021,12,ESP.1.2_1,0,0.2619018758859749
2021,12,ESP.1.3_1,0,0.2518718710762269
2021,12,ESP.1.4_1,0,0.2518718710762269
2021,12,ESP.1.6_1,0,0.2602666685127751
2021,12,ESP.1.7_1,0,0.25014710386805117
2021,12,ESP.1.8_1,0,0.24487540497968344
2021,12,ESP.10.1_1,0,0.22213812222431642
2021,12,ESP.10.2_1,0,0.24127621974453722
2021,12,ESP.10.3_1,0,0.25695335184625445
2021,12,ESP.11.1_1,0,0.2586172517116422
2021,12,ESP.11.2_1,0,0.2518718710762269
2021,12,ESP.12.1_1,0,0.25014710386805117
2021,12,ESP.12.3_1,0,0.2261307920985887
2021,12,ESP.12.4_1,0,0.2535809600567505
2021,12,ESP.13.1_1,0,0.2338604085575211
2021,12,ESP.14.1_1,0,0.2319586273558386
2021,12,ESP.14.2_1,0,0.22213812222431645
2021,12,ESP.16.1_1,0,0.17608806605504818
2021,12,ESP.16.2_1,0,0.162164414398774
2021,12,ESP.16.3_1,0,0.20068950215762726
2021,12,ESP.17.1_1,0,0.29746341705239066
2021,12,ESP.18.1_1,0,0.23003677296666486
2021,12,ESP.2.3_1,0,0.2518718710762269
2021,12,ESP.3.1_1,0,0.20740785428237288
2021,12,ESP.4.2_1,0,0.20740785428237288
2021,12,ESP.4.3_1,0,0.2775266131761439
2021,12,ESP.4.4_1,0,0.2338604085575211
2021,12,ESP.5.3_1,0,0.24127621974453722
2021,12,ESP.5.5_1,0,0.26352313834736496
2021,12,ESP.5.8_1,0,0.24840633185509925
2021,12,ESP.6.1_1,0,0.26513071171460745
2021,12,ESP.6.2_1,0,0.239450070654273
2021,12,ESP.6.3_1,0,0.24308453280719053
2021,12,ESP.6.4_1,0,0.28343665312788385
2021,12,ESP.8.1_1,0,0.25527468571161765
2021,12,ESP.9.1_1,0,0.237605674293474
