year,month,gid_2,est,se
2021,12,ESP.1.1_1,0,0.19369180807797864
2021,12,ESP.1.2_1,0,0.21805400144814482
2021,12,ESP.1.3_1,0,0.22010780869257557
2021,12,ESP.1.4_1,0,0.21174474216810163
2021,12,ESP.1.5_1,0,0.22213812222431642
2021,12,ESP.1.6_1,0,0.19369180807797864
2021,12,ESP.1.7_1,0,0.22213812222431645
2021,12,ESP.1.8_1,0,0.21387319079712103
2021,12,ESP.10.1_1,0,0.2319586273558386
2021,12,ESP.10.2_1,0,0.2029585972364615
2021,12,ESP.10.3_1,0,0.2338604085575211
2021,12,ESP.11.1_1,0,0.21597603025716916
2021,12,ESP.11.2_1,0,0.19605723255834873
2021,12,ESP.12.1_1,0,0.17067257872642908
2021,12,ESP.12.2_1,0,0.19605723255834873
2021,12,ESP.12.3_1,0,0.21597603025716916
2021,12,ESP.12.4_1,0,0.2029585972364615
2021,12,ESP.13.1_1,0,0.22213812222431642
2021,12,ESP.14.1_1,0,0.23003677296666486
2021,12,ESP.14.2_1,0,0.21387319079712103
2021,12,ESP.15.1_1,0,0.17067257872642908
2021,12,ESP.16.1_1,0,0.20519772441746548
2021,12,ESP.16.2_1,0.02,0.14007005254378832
2021,12,ESP.16.3_1,0.02,0.14007005254378832
2021,12,ESP.17.1_1,0.135,0.34189456253630574
2021,12,ESP.18.1_1,0,0.19129190414806527
2021,12,ESP.2.1_1,0,0.15620307103062794
2021,12,ESP.2.2_1,0,0.19605723255834873
2021,12,ESP.2.3_1,0,0.18638331132035063
2021,12,ESP.3.1_1,0.012,0.10893974420691407
2021,12,ESP.4.1_1,0,0.22414558046332575
2021,12,ESP.4.2_1,0,0.23003677296666486
2021,12,ESP.4.3_1,0,0.21387319079712103
2021,12,ESP.4.4_1,0,0.19369180807797864
2021,12,ESP.4.5_1,0,0.19838941090279583
2021,12,ESP.5.1_1,0,0.22414558046332575
2021,12,ESP.5.2_1,0,0.17067257872642908
2021,12,ESP.5.3_1,0,0.18131981931624816
2021,12,ESP.5.4_1,0,0.18131981931624816
2021,12,ESP.5.5_1,0,0.2029585972364615
2021,12,ESP.5.6_1,0,0.17872588772459053
2021,12,ESP.5.7_1,0,0.19838941090279583
2021,12,ESP.5.8_1,0,0.17872588772459053
2021,12,ESP.5.9_1,0,0.20740785428237288
2021,12,ESP.6.1_1,0,0.19129190414806527
2021,12,ESP.6.2_1,0,0.17067257872642908
2021,12,ESP.6.3_1,0,0.18387171834952978
2021,12,ESP.6.4_1,0,0.20958990416508122
2021,12,ESP.7.1_1,0,0.2261307920985887
2021,12,ESP.7.2_1,0,0.22414558046332575
2021,12,ESP.8.1_1,0,0.22010780869257557
2021,12,ESP.9.1_1,0,0.20740785428237288
