year,month,gid_3,est,se
2022,09,ESP.10.1.1_1,0.079,0.26987373312686774
2022,09,ESP.10.1.4_1,0.179,0.38354413840665863
2022,09,ESP.10.1.6_1,0.395,0.48909530177074306
2022,09,ESP.10.1.7_1,0.259,0.4383048152953731
2022,09,ESP.10.1.9_1,0.021,0.14345584540052586
2022,09,ESP.10.2.5_1,0.1,0.3001501125938321
2022,09,ESP.10.2.7_1,0.423,0.49428262696084646
2022,09,ESP.10.2.8_1,0.058,0.2338604085575211
2022,09,ESP.10.3.1_1,0.055,0.22809433799861634
2022,09,ESP.10.3.13_1,0.261,0.4393996723622721
2022,09,ESP.10.3.4_1,0.035,0.18387171834952978
2022,09,ESP.10.3.7_1,0.966,0.18131981931624816
2022,09,ESP.10.3.8_1,0.134,0.3408227694273963
