year,month,gid_3,est,se
2022,10,ESP.10.1.1_1,0.362,0.4808192874533916
2022,10,ESP.10.1.2_1,0.324,0.4682341756463781
2022,10,ESP.10.1.3_1,0.393,0.4886612219010117
2022,10,ESP.10.1.4_1,0.764,0.4248346554654934
2022,10,ESP.10.1.5_1,0.246,0.4308940353145651
2022,10,ESP.10.1.6_1,0.292,0.45490981847278583
2022,10,ESP.10.1.7_1,0.804,0.39716714584887525
2022,10,ESP.10.1.8_1,1,0
2022,10,ESP.10.1.9_1,0.279,0.4487319471135974
2022,10,ESP.10.2.1_1,0.163,0.36955049393495276
2022,10,ESP.10.2.2_1,0.588,0.4924413655436538
2022,10,ESP.10.2.3_1,0.543,0.49839682924292306
2022,10,ESP.10.2.5_1,0.585,0.4929685771101623
2022,10,ESP.10.2.7_1,0.091,0.28775302222878874
2022,10,ESP.10.2.8_1,0.259,0.4383048152953731
2022,10,ESP.10.3.1_1,0.725,0.4467377022085494
2022,10,ESP.10.3.10_1,0.985,0.12161327966052798
2022,10,ESP.10.3.11_1,0.902,0.29746341705239066
2022,10,ESP.10.3.12_1,0.02,0.14007005254378832
2022,10,ESP.10.3.13_1,0.902,0.29746341705239066
2022,10,ESP.10.3.14_1,0.216,0.4117201883725323
2022,10,ESP.10.3.16_1,0.745,0.4360793106364542
2022,10,ESP.10.3.17_1,0.806,0.39562674393994207
2022,10,ESP.10.3.18_1,0.607,0.4886612219010117
2022,10,ESP.10.3.2_1,0.59,0.4920794063381866
2022,10,ESP.10.3.3_1,0.056,0.23003677296666486
2022,10,ESP.10.3.4_1,0.34,0.47394580346767984
2022,10,ESP.10.3.5_1,0.584,0.49314012936201734
2022,10,ESP.10.3.6_1,0.033,0.17872588772459053
2022,10,ESP.10.3.7_1,0.97,0.17067257872642908
2022,10,ESP.10.3.8_1,0.902,0.29746341705239066
2022,10,ESP.10.3.9_1,0.652,0.47657436263727315
