year,month,gid_3,est,se
2022,10,ESP.10.1.1_1,0.235,0.42421097929562707
2022,10,ESP.10.1.2_1,0.218,0.4130939925085411
2022,10,ESP.10.1.3_1,0.197,0.39793133748091436
2022,10,ESP.10.1.4_1,0.306,0.4610602743422779
2022,10,ESP.10.1.5_1,0.185,0.38849186082326864
2022,10,ESP.10.1.6_1,0.201,0.40094857495663927
2022,10,ESP.10.1.7_1,0.209,0.4067978422810088
2022,10,ESP.10.1.8_1,1,0
2022,10,ESP.10.1.9_1,0.013,0.11333068359382575
2022,10,ESP.10.2.1_1,0.211,0.4082225442643334
2022,10,ESP.10.2.2_1,0.191,0.3932857404911519
2022,10,ESP.10.2.3_1,0.933,0.25014710386805117
2022,10,ESP.10.2.5_1,0.438,0.4963893657225167
2022,10,ESP.10.2.7_1,0.25,0.4332293707583636
2022,10,ESP.10.2.8_1,0.191,0.3932857404911519
2022,10,ESP.10.3.1_1,0.259,0.4383048152953731
2022,10,ESP.10.3.10_1,0.229,0.42039949540375965
2022,10,ESP.10.3.11_1,0.237,0.4254550646214145
2022,10,ESP.10.3.12_1,0.028,0.16505527329729044
2022,10,ESP.10.3.13_1,0.775,0.4177912750998392
2022,10,ESP.10.3.14_1,0.231,0.42168331341993703
2022,10,ESP.10.3.16_1,0.252,0.4343785039394614
2022,10,ESP.10.3.17_1,0.236,0.4248346554654934
2022,10,ESP.10.3.18_1,0.991,0.09448771310560929
2022,10,ESP.10.3.2_1,0.248,0.432067914433232
2022,10,ESP.10.3.2_1,0.248,0.432067914433232
2022,10,ESP.10.3.3_1,0.228,0.4197525368502163
2022,10,ESP.10.3.4_1,0.47,0.49934892545128134
2022,10,ESP.10.3.5_1,0.23,0.4210430824479572
2022,10,ESP.10.3.6_1,0.047,0.21174474216810163
2022,10,ESP.10.3.7_1,0.319,0.4663222667388471
2022,10,ESP.10.3.8_1,0.997,0.05471740119919799
2022,10,ESP.10.3.9_1,0.216,0.4117201883725323
