year,month,gid_1,est,se
2014,06,ESP.10_1,0.818,0.3860375953518323
2014,06,ESP.6_1,0.821,0.38354413840665863
