year,month,gid_3,est,se
2017,01,ESP.10.1.1_1,0.161,0.3677148544921924
2017,01,ESP.10.1.2_1,0.01,0.0995485304256668
2017,01,ESP.10.1.3_1,0.002,0.04469897088298564
2017,01,ESP.10.1.4_1,0.65,0.47720826452161086
2017,01,ESP.10.1.5_1,0.322,0.46747677432631296
2017,01,ESP.10.1.6_1,0.024,0.15312559370479986
2017,01,ESP.10.1.7_1,0.997,0.05471740119919799
2017,01,ESP.10.1.8_1,0,0
2017,01,ESP.10.1.8_1,0,0
2017,01,ESP.10.1.8_1,0,0
2017,01,ESP.10.1.8_1,0,0
2017,01,ESP.10.1.9_1,0,0
2017,01,ESP.10.1.9_1,0,0
2017,01,ESP.10.1.9_1,0,0
2017,01,ESP.10.2.1_1,0.002,0.04469897088298564
2017,01,ESP.10.2.2_1,0.607,0.4886612219010117
2017,01,ESP.10.2.3_1,0.315,0.46474830929331096
2017,01,ESP.10.2.5_1,0.06,0.237605674293474
2017,01,ESP.10.2.7_1,0.259,0.4383048152953731
2017,01,ESP.10.2.8_1,0.104,0.30541328929383094
2017,01,ESP.10.3.1_1,0.811,0.3917045218432287
2017,01,ESP.10.3.10_1,0.997,0.05471740119919799
2017,01,ESP.10.3.11_1,0.989,0.10435463521037237
2017,01,ESP.10.3.12_1,0.02,0.14007005254378832
2017,01,ESP.10.3.13_1,0.095,0.2933616557443407
2017,01,ESP.10.3.14_1,0.001,0.03162277660168379
2017,01,ESP.10.3.14_1,0.001,0.03162277660168379
2017,01,ESP.10.3.16_1,0.605,0.48909530177074306
2017,01,ESP.10.3.17_1,0.814,0.3893013685508382
2017,01,ESP.10.3.18_1,0.159,0.36585906146062974
2017,01,ESP.10.3.2_1,0.086,0.28050433629924987
2017,01,ESP.10.3.3_1,0.002,0.04469897088298564
2017,01,ESP.10.3.4_1,0.001,0.03162277660168379
2017,01,ESP.10.3.5_1,0.135,0.34189456253630574
2017,01,ESP.10.3.6_1,0,0
2017,01,ESP.10.3.6_1,0,0
2017,01,ESP.10.3.6_1,0,0
2017,01,ESP.10.3.6_1,0,0
2017,01,ESP.10.3.7_1,0.942,0.2338604085575211
2017,01,ESP.10.3.8_1,0.938,0.24127621974453722
2017,01,ESP.10.3.9_1,0.819,0.38521083498181535
