year,month,gid_4,est,se
2021,01,HUN.10.2_1,0.019,0.13659303663678343
2021,01,HUN.10.4_1,0.02,0.14007005254378832
2021,01,HUN.10.6_1,0.038,0.19129190414806527
2021,01,HUN.12.1_1,0.02,0.14007005254378832
2021,01,HUN.13.3_1,0.023,0.1499783100768024
2021,01,HUN.14.11_1,0.02,0.14007005254378832
2021,01,HUN.14.12_1,0.008,0.08912880535463237
2021,01,HUN.14.14_1,0.02,0.14007005254378832
2021,01,HUN.14.15_1,0.025,0.15620307103062794
2021,01,HUN.14.2_1,0.028,0.16505527329729044
2021,01,HUN.14.4_1,0.011,0.10435463521037237
2021,01,HUN.14.5_1,0.011,0.10435463521037237
2021,01,HUN.14.6_1,0.014,0.11754921445002436
2021,01,HUN.14.7_1,0.015,0.12161327966052798
2021,01,HUN.14.8_1,0.015,0.12161327966052798
2021,01,HUN.14.9_1,0.019,0.13659303663678343
2021,01,HUN.16.9_1,0.018,0.13301764429463367
2021,01,HUN.17.2_1,0.022,0.1467567291047928
2021,01,HUN.19.8_1,0.047,0.21174474216810163
2021,01,HUN.2.1_1,0.011,0.10435463521037237
2021,01,HUN.2.3_1,0.028,0.16505527329729044
2021,01,HUN.4.15_1,0.034,0.18131981931624816
2021,01,HUN.5.1_1,0.006,0.07726558075864033
2021,01,HUN.8.1_1,0.02,0.14007005254378832
2021,01,ITA.10.2.142_1,0.054,0.2261307920985887
2021,01,ITA.10.2.175_1,0.016,0.12553788177183714
2021,01,ITA.10.2.18_1,0.048,0.21387319079712103
2021,01,ITA.10.5.42_1,0.012,0.10893974420691407
2021,01,ITA.17.2.135_1,0.037,0.1888562063228706
2021,01,ITA.20.1.21_1,0.03,0.17067257872642908
2021,01,ITA.20.1.53_1,0.017,0.1293357171384909
2021,01,ITA.20.7.55_1,0.018,0.13301764429463367
