year,month,gid_1,est,se
2021,02,ESP.1_1,0,0.3850350846585808
2021,02,ESP.10_1,0,0.3792653831030196
2021,02,ESP.11_1,0,0.3815551485435956
2021,02,ESP.12_1,0,0.36258868293424
2021,02,ESP.13_1,0,0.37470302230718733
2021,02,ESP.14_1,0,0.3571830767409974
2021,02,ESP.15_1,0,0.3804009351714885
2021,02,ESP.16_1,0,0.3673509098883588
2021,02,ESP.17_1,0,0.3628530347694677
2021,02,ESP.18_1,0,0.37470302230718733
2021,02,ESP.2_1,0,0.3725115424533974
2021,02,ESP.3_1,0,0.38374914504109486
2021,02,ESP.4_1,0,0.3517292344074337
2021,02,ESP.5_1,0,0.36178152589631657
2021,02,ESP.6_1,0,0.39964552079646
2021,02,ESP.7_1,0,0.4017609010693942
2021,02,ESP.8_1,0,0.3640659359714181
2021,02,ESP.9_1,0,0.395586544223855
2021,02,ITA.10_1,0,0.2528592132868467
2021,02,ITA.11_1,0,0.35793788862403025
2021,02,ITA.13_1,0,0.372995456484269
2021,02,ITA.15_1,0,0.36758935726754316
2021,02,ITA.16_1,0,0.36319340690383184
2021,02,ITA.17_1,0,0.13946747859938854
2021,02,ITA.18_1,0,0.38374914504109486
2021,02,ITA.2_1,0,0.37402535184613706
2021,02,ITA.20_1,0,0.12219558679563858
2021,02,ITA.3_1,0,0.39029032569164096
2021,02,ITA.4_1,0,0.37354554635940707
2021,02,ITA.5_1,0,0.3855353119110294
2021,02,ITA.6_1,0,0.3727663322696849
2021,02,ITA.8_1,0,0.4136981113067044
