ID_0,est,se
ESP,0.21405972663999995,0.016641756543259535
