year,month,gid_2,est,se
2021,07,HUN.10.2_1,0.015200735930735931,0.04225103804432627
2021,07,HUN.10.4_1,0.01778573593073593,0.04907054995536688
2021,07,HUN.10.6_1,0.018020735930735932,0.049663163931994256
2021,07,HUN.12.1_1,0.018960735930735932,0.05199152067166475
2021,07,HUN.13.3_1,0.02107573593073593,0.05699912063670344
2021,07,HUN.14.11_1,0.01026573593073593,0.02738162218390283
2021,07,HUN.14.12_1,0.002745735930735932,-0.002974774803282963
2021,07,HUN.14.14_1,0.010970735930735932,0.029683108571091365
2021,07,HUN.14.15_1,0.014965735930735932,0.041601837821701626
2021,07,HUN.14.2_1,0.01943073593073593,0.05313124641836883
2021,07,HUN.14.4_1,0.005800735930735931,0.010938963463885506
2021,07,HUN.14.5_1,0.00462573593073593,0.005919149449528512
2021,07,HUN.14.6_1,0.010500735930735932,0.02815629467782363
2021,07,HUN.14.7_1,0.01026573593073593,0.02738162218390283
2021,07,HUN.14.8_1,0.01402573593073593,0.03895188028447881
2021,07,HUN.14.9_1,0.02060573593073593,0.05591267066913785
2021,07,HUN.16.9_1,0.01684573593073593,0.04665613694405037
2021,07,HUN.17.2_1,0.02131073593073593,0.057536934448628556
2021,07,HUN.19.8_1,0.04316573593073592,0.09589106084878866
2021,07,HUN.2.1_1,0.00721073593073593,0.01653162893237379
2021,07,HUN.2.3_1,0.027655735930735934,0.07083970040862285
2021,07,HUN.4.15_1,0.031180735930735927,0.07735368424000078
2021,07,HUN.5.1_1,0.011440735930735932,0.03118096651873277
2021,07,HUN.8.1_1,0.012615735930735929,0.03480670623924001
2021,07,ITA.10.2_1,0.030928323583497966,0.0734519873878721
2021,07,ITA.10.5_1,0.00627073593073593,0.012851400843613818
2021,07,ITA.17.2_1,0.029065735930735928,0.07351270889967869
2021,07,ITA.20.1_1,0.013587894596950784,0.03705707118942914
2021,07,ITA.20.7_1,0.014260735930735931,0.03962252806299393
