year,month,gid_4,est,se
2020,04,ESP.10.1.1.3_1,0.14,0.3471606552023436
2020,04,ESP.10.1.1.8_1,0.038,0.19129190414806527
2020,04,ESP.10.1.4.20_1,0.109,0.3117951510466707
2020,04,ESP.10.1.4.23_1,0.035,0.18387171834952978
2020,04,ESP.10.1.4.27_1,0.043,0.2029585972364615
2020,04,ESP.10.1.6.12_1,0.051,0.22010780869257557
2020,04,ESP.10.1.6.27_1,0.084,0.2775266131761439
2020,04,ESP.10.1.7.1_1,0.204,0.40317061716666125
2020,04,ESP.10.1.7.10_1,0.053,0.22414558046332575
2020,04,ESP.10.1.7.2_1,0.052,0.22213812222431642
2020,04,ESP.10.1.7.6_1,0.211,0.4082225442643334
2020,04,ESP.10.1.9.3_1,0.156,0.3630369069334353
2020,04,ESP.10.2.5.11_1,0.391,0.4882185549089233
2020,04,ESP.10.2.7.2_1,0.08,0.27142894774447635
2020,04,ESP.10.2.7.6_1,0.048,0.21387319079712103
2020,04,ESP.10.2.8.8_1,0.806,0.39562674393994207
2020,04,ESP.10.3.1.14_1,0.283,0.4506818324651152
2020,04,ESP.10.3.13.9_1,0.658,0.47461696267754827
2020,04,ESP.10.3.4.1_1,0.333,0.47152235719351987
2020,04,ESP.10.3.7.19_1,0.162,0.36863517451796685
2020,04,ESP.10.3.7.2_1,0.083,0.2760202658994212
2020,04,ESP.10.3.7.4_1,0.325,0.46860921309188386
2020,04,ESP.10.3.8.5_1,0.042,0.20068950215762726
