year,month,gid_4,est,se
2020,04,ESP.10.1.1.3_1,0.068,0.2518718710762269
2020,04,ESP.10.1.1.8_1,0.039,0.19369180807797864
2020,04,ESP.10.1.4.20_1,0.069,0.2535809600567505
2020,04,ESP.10.1.4.23_1,0.046,0.20958990416508122
2020,04,ESP.10.1.4.27_1,0.034,0.18131981931624816
2020,04,ESP.10.1.6.12_1,0.042,0.20068950215762726
2020,04,ESP.10.1.6.27_1,0.073,0.2602666685127751
2020,04,ESP.10.1.7.1_1,0.21,0.40751204407485436
2020,04,ESP.10.1.7.10_1,0.069,0.2535809600567505
2020,04,ESP.10.1.7.2_1,0.053,0.22414558046332575
2020,04,ESP.10.1.7.6_1,0.247,0.43148253403489834
2020,04,ESP.10.1.9.3_1,0.06,0.237605674293474
2020,04,ESP.10.2.5.11_1,0.374,0.48410573055723927
2020,04,ESP.10.2.7.2_1,0.095,0.2933616557443407
2020,04,ESP.10.2.7.6_1,0.022,0.1467567291047928
2020,04,ESP.10.2.8.8_1,0.873,0.33313958333104454
2020,04,ESP.10.3.1.14_1,0.222,0.4157990967870047
2020,04,ESP.10.3.13.9_1,0.819,0.38521083498181535
2020,04,ESP.10.3.4.1_1,0.202,0.40169311340544206
2020,04,ESP.10.3.7.19_1,0.26,0.43885372573625553
2020,04,ESP.10.3.7.2_1,0.161,0.3677148544921924
2020,04,ESP.10.3.7.4_1,0.411,0.49226143594773025
2020,04,ESP.10.3.8.5_1,0.054,0.2261307920985887
