year,month,gid_2,est,se
2019,02,ESP.10.1_1,0.274,0.44623214039681536
2019,02,ESP.10.2_1,0.233,0.42295376802895357
2019,02,ESP.10.3_1,0.217,0.4124088760939574
2019,02,ESP.18.1_1,0.202,0.40169311340544206
2019,02,ESP.2.3_1,0.182,0.3860375953518323
2019,02,ESP.4.1_1,0.174,0.37929917989348183
2019,02,ESP.6.1_1,0.273,0.4457237593730782
2019,02,ESP.6.2_1,0.315,0.46474830929331096
2019,02,ESP.6.4_1,0.261,0.4393996723622721
