year,month,gid_2,est,se
2020,03,ESP.10.1_1,0.087,0.46697324393426426
2020,03,ESP.10.2_1,0.04256490300426452,0.3042262251731507
2020,03,ESP.10.3_1,0.0909196388119861,0.3293702637047136
2020,03,ESP.15.1_1,0.0010306155807696146,0.05397298411324582
2020,03,ESP.18.1_1,0.27203473927211697,0.4313204473841547
2020,03,ESP.2.1_1,0.0020021447059388833,0.04269824380003894
2020,03,ESP.2.2_1,3.6924331213938525e-4,0.019337145480703054
2020,03,ESP.2.3_1,0.0033764229430789713,0.0530463648991475
2020,03,ESP.4.1_1,0.0030908747729109245,0.05702814366998518
2020,03,ESP.4.3_1,0.007179719959186746,0.07931632336426177
2020,03,ESP.6.1_1,0.2896659691572622,0.5605471920176863
2020,03,ESP.6.2_1,0.27794713406263605,0.6807010440037787
2020,03,ESP.6.3_1,4.3082148127872457e-4,0.022561973056275365
2020,03,ESP.6.4_1,0.2430559569388281,0.6394411677986663
2020,03,ESP.9.1_1,9.923571020237325e-4,0.03672951870601137
2020,03,FRA.10.11_1,0.009180793671440118,0.12765906209117667
2020,03,FRA.11.11_1,0.0012500629419044495,0.0654653670707977
2020,03,FRA.11.6_1,0.01500652692523,0.17866310507273195
