year,month,gid_2,est,se
2020,03,ESP.1.1_1,0.958,0.20068950215762726
2020,03,ESP.1.2_1,0.574,0.494741112874975
2020,03,ESP.1.3_1,0.396,0.48930912869414506
2020,03,ESP.1.4_1,0.766,0.42358402168096876
2020,03,ESP.1.5_1,0,0.45935499018406994
2020,03,ESP.1.6_1,0.032,0.17608806605504818
2020,03,ESP.1.7_1,0.939,0.239450070654273
2020,03,ESP.1.8_1,0.142,0.34922479573758497
2020,03,ESP.10.1_1,0.729,0.4446985009607709
2020,03,ESP.10.2_1,0.917,0.2760202658994212
2020,03,ESP.10.3_1,0.75,0.4332293707583636
2020,03,ESP.11.1_1,0,0.4682341756463781
2020,03,ESP.11.2_1,0,0.46148018805140917
2020,03,ESP.12.1_1,0,0.4643485970901814
2020,03,ESP.12.2_1,0,0.4742825570732535
2020,03,ESP.12.3_1,0,0.46860921309188386
2020,03,ESP.12.4_1,0,0.47783294604320065
2020,03,ESP.13.1_1,0.916,0.2775266131761439
2020,03,ESP.14.1_1,0,0.47008507738491334
2020,03,ESP.14.2_1,0,0.4506818324651152
2020,03,ESP.15.1_1,0.02,0.14007005254378832
2020,03,ESP.16.1_1,0,0.46860921309188386
2020,03,ESP.16.2_1,0.369,0.48277538469983333
2020,03,ESP.16.3_1,0.108,0.3105357184486713
2020,03,ESP.17.1_1,0,0.4762539425745658
2020,03,ESP.18.1_1,0.863,0.3440194025768741
2020,03,ESP.2.1_1,0.577,0.49428262696084646
2020,03,ESP.2.2_1,0.035,0.18387171834952978
2020,03,ESP.2.3_1,0.136,0.3429600875052688
2020,03,ESP.3.1_1,0,0.47257520811753057
2020,03,ESP.4.1_1,0.089,0.2848862231842041
2020,03,ESP.4.2_1,0,0.47187568984497036
2020,03,ESP.4.3_1,0.175,0.38015722999769386
2020,03,ESP.4.4_1,0,0.4639463829433809
2020,03,ESP.4.5_1,0.027,0.162164414398774
2020,03,ESP.5.1_1,0,0.4651455260027343
2020,03,ESP.5.2_1,0,0.4732652321690026
2020,03,ESP.5.3_1,0,0.47783294604320065
2020,03,ESP.5.4_1,0,0.46785669802824226
2020,03,ESP.5.5_1,0,0.4775217555536366
2020,03,ESP.5.6_1,0,0.46747677432631296
2020,03,ESP.5.7_1,0,0.46231237570795436
2020,03,ESP.5.8_1,0,0.46593249842986173
2020,03,ESP.5.9_1,0,0.4762539425745658
2020,03,ESP.6.1_1,0.735,0.4415540396938635
2020,03,ESP.6.2_1,0.808,0.39407016036651554
2020,03,ESP.6.3_1,0.617,0.48636153995515263
2020,03,ESP.6.4_1,0.874,0.3320154126456093
2020,03,ESP.7.1_1,0,0.4639463829433809
2020,03,ESP.7.2_1,0,0.46935199082489393
2020,03,ESP.8.1_1,0.316,0.4651455260027343
2020,03,ESP.9.1_1,0.023,0.1499783100768024
