year,month,gid_2,est,se
2020,03,ESP.1.1_1,0.022,0.1467567291047928
2020,03,ESP.1.2_1,0.001,0.03162277660168379
2020,03,ESP.1.4_1,0.005,0.07056897321046962
2020,03,ESP.1.6_1,0,0
2020,03,ESP.1.7_1,0.301,0.4589222261011223
2020,03,ESP.1.8_1,0,0
2020,03,ESP.10.1_1,0.099,0.2988114594326802
2020,03,ESP.10.2_1,0.14,0.3471606552023436
2020,03,ESP.10.3_1,0.09,0.28632495871296654
2020,03,ESP.11.1_1,0,0.3167512136225074
2020,03,ESP.11.2_1,0,0.3067068128833611
2020,03,ESP.12.1_1,0,0.31304631925323445
2020,03,ESP.12.3_1,0,0.2947386484173239
2020,03,ESP.12.4_1,0,0.30279974849343533
2020,03,ESP.13.1_1,0,0.49412565219806204
2020,03,ESP.14.2_1,0,0.3262904618058356
2020,03,ESP.15.1_1,0,0
2020,03,ESP.16.1_1,0,0.07056897321046962
2020,03,ESP.16.2_1,0,0
2020,03,ESP.16.3_1,0,0
2020,03,ESP.17.1_1,0,0.30279974849343533
2020,03,ESP.18.1_1,0,0.4927949338688932
2020,03,ESP.2.1_1,0,0
2020,03,ESP.2.2_1,0,0
2020,03,ESP.2.3_1,0,0
2020,03,ESP.3.1_1,0,0.31304631925323445
2020,03,ESP.4.1_1,0,0
2020,03,ESP.4.4_1,0,0
2020,03,ESP.4.5_1,0,0
2020,03,ESP.5.2_1,0,0.3320154126456093
2020,03,ESP.5.4_1,0,0.32744957355785825
2020,03,ESP.5.6_1,0,0.3262904618058356
2020,03,ESP.5.9_1,0,0.33313958333104454
2020,03,ESP.6.1_1,0.101,0.3014795016081357
2020,03,ESP.6.2_1,0.277,0.4477404063421923
2020,03,ESP.6.3_1,0.011,0.10435463521037237
2020,03,ESP.6.4_1,0.314,0.4643485970901814
2020,03,ESP.8.1_1,0,0.17067257872642908
2020,03,ESP.9.1_1,0,0
2020,03,ITA.10.8_1,0,0.12553788177183714
2020,03,ITA.16.4_1,0,0
2020,03,ITA.20.3_1,0,0
2020,03,ITA.6.1_1,0.14,0.3471606552023436
2020,03,ITA.6.2_1,0.025,0.15620307103062794
2020,03,ITA.6.3_1,0.121,0.3262904618058356
2020,03,ITA.6.4_1,0.002,0.04469897088298564
2020,03,ITA.6.8_1,0,0
2020,03,ITA.8.4_1,0,0.08912880535463237
