year,month,gid_2,est,se
2020,03,ESP.1.1_1,0.135,0.34189456253630574
2020,03,ESP.1.2_1,0.013,0.11333068359382575
2020,03,ESP.1.4_1,0.064,0.24487540497968344
2020,03,ESP.1.6_1,0,0
2020,03,ESP.1.7_1,0.325,0.46860921309188386
2020,03,ESP.1.8_1,0,0
2020,03,ESP.10.1_1,0.119,0.32395052700056526
2020,03,ESP.10.2_1,0.164,0.3704608498090469
2020,03,ESP.10.3_1,0.139,0.3461196307619647
2020,03,ESP.11.1_1,0,0.24840633185509925
2020,03,ESP.11.2_1,0,0.2261307920985887
2020,03,ESP.12.1_1,0,0.22010780869257557
2020,03,ESP.12.3_1,0,0.21597603025716916
2020,03,ESP.12.4_1,0,0.1888562063228706
2020,03,ESP.13.1_1,0,0.4976410821532389
2020,03,ESP.14.2_1,0,0.2029585972364615
2020,03,ESP.15.1_1,0,0
2020,03,ESP.16.1_1,0,0.06315051850925682
2020,03,ESP.16.2_1,0,0.04469897088298564
2020,03,ESP.16.3_1,0,0
2020,03,ESP.17.1_1,0,0.21805400144814482
2020,03,ESP.18.1_1,0,0.49839682924292306
2020,03,ESP.2.1_1,0,0.05471740119919799
2020,03,ESP.2.2_1,0,0
2020,03,ESP.2.3_1,0,0
2020,03,ESP.3.1_1,0,0.21387319079712103
2020,03,ESP.4.1_1,0,0
2020,03,ESP.4.4_1,0,0.05471740119919799
2020,03,ESP.4.5_1,0,0
2020,03,ESP.5.2_1,0,0.1888562063228706
2020,03,ESP.5.4_1,0,0.20740785428237288
2020,03,ESP.5.6_1,0,0.21387319079712103
2020,03,ESP.5.9_1,0,0.18638331132035063
2020,03,ESP.6.1_1,0.146,0.3532829019480122
2020,03,ESP.6.2_1,0.256,0.43664018900538076
2020,03,ESP.6.3_1,0.041,0.19838941090279583
2020,03,ESP.6.4_1,0.192,0.39407016036651554
2020,03,ESP.8.1_1,0,0.19605723255834873
2020,03,ESP.9.1_1,0,0.04469897088298564
2020,03,ITA.10.8_1,0,0.162164414398774
2020,03,ITA.16.4_1,0,0
2020,03,ITA.20.3_1,0,0
2020,03,ITA.6.1_1,0.111,0.3142893217686178
2020,03,ITA.6.2_1,0.01,0.0995485304256668
2020,03,ITA.6.3_1,0.032,0.17608806605504818
2020,03,ITA.6.4_1,0.005,0.07056897321046962
2020,03,ITA.6.8_1,0.001,0.03162277660168379
2020,03,ITA.8.4_1,0,0.15312559370479986
