year,month,gid_2,est,se
2020,03,ESP.1.1_1,0.047,0.21174474216810163
2020,03,ESP.1.2_1,0.001,0.03162277660168379
2020,03,ESP.1.4_1,0.005,0.07056897321046962
2020,03,ESP.1.6_1,0,0
2020,03,ESP.1.7_1,0.295,0.45627095369219284
2020,03,ESP.1.8_1,0,0
2020,03,ESP.10.1_1,0.097,0.296105857217784
2020,03,ESP.10.2_1,0.1,0.3001501125938321
2020,03,ESP.10.3_1,0.104,0.30541328929383094
2020,03,ESP.11.1_1,0,0.28775302222878874
2020,03,ESP.11.2_1,0,0.29197474077263813
2020,03,ESP.12.1_1,0,0.32395052700056526
2020,03,ESP.12.3_1,0,0.31304631925323445
2020,03,ESP.12.4_1,0,0.3067068128833611
2020,03,ESP.13.1_1,0,0.49412565219806204
2020,03,ESP.14.2_1,0,0.290577761426155
2020,03,ESP.15.1_1,0,0
2020,03,ESP.16.1_1,0,0.04469897088298564
2020,03,ESP.16.2_1,0,0
2020,03,ESP.16.3_1,0,0
2020,03,ESP.17.1_1,0,0.30541328929383094
2020,03,ESP.18.1_1,0,0.4945903553645376
2020,03,ESP.2.1_1,0,0.03162277660168379
2020,03,ESP.2.2_1,0,0
2020,03,ESP.2.3_1,0,0
2020,03,ESP.3.1_1,0,0.29746341705239066
2020,03,ESP.4.1_1,0,0
2020,03,ESP.4.4_1,0,0.04469897088298564
2020,03,ESP.4.5_1,0,0
2020,03,ESP.5.2_1,0,0.2790212408632233
2020,03,ESP.5.4_1,0,0.290577761426155
2020,03,ESP.5.6_1,0,0.3142893217686178
2020,03,ESP.5.9_1,0,0.3117951510466707
2020,03,ESP.6.1_1,0.111,0.3142893217686178
2020,03,ESP.6.2_1,0.213,0.40963251677424095
2020,03,ESP.6.3_1,0.014,0.11754921445002436
2020,03,ESP.6.4_1,0.264,0.4410198391212106
2020,03,ESP.8.1_1,0,0.1293357171384909
2020,03,ESP.9.1_1,0,0
