year,month,gid_1,est,se
2016,10,ESP.10_1,0.647,0.4781418404821101
2016,10,ESP.6_1,0.523,0.4997206426802086
