ID_1,est,se
ESP.1_1,0.04608396283100846,0.07389264710956187
ESP.10_1,0.01592112000000001,0.0714717265881
ESP.11_1,0.007987999999999995,0.06098227582081299
ESP.12_1,0.011950083954999968,0.052906638052637345
ESP.13_1,0.01200000000000001,0.10893974420691407
ESP.14_1,0.003997000000000028,0.04317008890044089
ESP.15_1,0.0010000000000000009,0.03162277660168379
ESP.16_1,0.016905174999999995,0.07485077380961186
ESP.17_1,0.006000000000000005,0.07726558075864033
ESP.18_1,0.008000000000000007,0.08912880535463237
ESP.2_1,0.01593505000000006,0.06724676007927341
ESP.3_1,0.006000000000000005,0.07726558075864033
ESP.4_1,0.008977015000000033,0.03138183020227028
ESP.5_1,0.024741457168625747,0.047307158149790716
ESP.6_1,0.0059910039999999665,0.0315990179281561
ESP.7_1,0.42805000000000004,0.4288669706535479
ESP.8_1,0.0020000000000000018,0.04469897088298564
ESP.9_1,0.0040000000000000036,0.06315051850925682
