year,month,gid_1,est,se
2016,10,ESP.10_1,0.012,0.2179816298647564
2016,10,ESP.2_1,0.0013564380040037723,0.04950370467064115
2016,10,ESP.6_1,0.008636637994899566,0.15065460699757943
