year,month,gid_4,est,se
2020,02,ESP.10.1.1.3_1,0.063,0.24308453280719053
2020,02,ESP.10.1.1.8_1,0.038,0.19129190414806527
2020,02,ESP.10.1.4.20_1,0.047,0.21174474216810163
2020,02,ESP.10.1.4.23_1,0.045,0.20740785428237288
2020,02,ESP.10.1.4.27_1,0.049,0.21597603025716916
2020,02,ESP.10.1.6.12_1,0.029,0.1678904023081343
2020,02,ESP.10.1.6.27_1,0.062,0.24127621974453722
2020,02,ESP.10.1.7.1_1,0.23,0.4210430824479572
2020,02,ESP.10.1.7.10_1,0.092,0.28917057184232914
2020,02,ESP.10.1.7.2_1,0.064,0.24487540497968344
2020,02,ESP.10.1.7.6_1,0.246,0.4308940353145651
2020,02,ESP.10.1.9.3_1,0.071,0.25695335184625445
2020,02,ESP.10.2.5.11_1,0.367,0.48222768848702946
2020,02,ESP.10.2.7.2_1,0.093,0.290577761426155
2020,02,ESP.10.2.7.6_1,0.018,0.13301764429463367
2020,02,ESP.10.2.8.8_1,0.859,0.34819569244928955
2020,02,ESP.10.3.1.14_1,0.227,0.41910219117375974
2020,02,ESP.10.3.13.9_1,0.84,0.366789496216201
2020,02,ESP.10.3.4.1_1,0.188,0.39090767299812473
2020,02,ESP.10.3.7.19_1,0.273,0.4457237593730782
2020,02,ESP.10.3.7.2_1,0.157,0.3639828065767441
2020,02,ESP.10.3.7.4_1,0.404,0.4909429956981004
2020,02,ESP.10.3.8.5_1,0.054,0.2261307920985887
