ID_0,est,se
ALB,0,0
AUT,0,0
BEL,0,0
BGR,0,0
CHN,0,0
DEU,0,0
ESP,0,0
FRA,0,0
GRC,0,0
HRV,0,0
HUN,0.9289769019934113,0.2298431361093012
IND,0,0
ITA,0.27469966950399993,0.009634480231354265
NLD,0,0
PAK,0,0
PER,0,0
ROU,0,0
SRB,0,0
SVN,0,0
TUR,0,0
USA,0,0
XKO,0,0
