year,month,gid_1,est,se
2022,02,ESP.1_1,0,0.3485516336604037
2022,02,ESP.10_1,0,0.36416116197074005
2022,02,ESP.11_1,0,0.3495409665077761
2022,02,ESP.12_1,0,0.36955049393495276
2022,02,ESP.13_1,0,0.3704608498090469
2022,02,ESP.14_1,0,0.35149918455023005
2022,02,ESP.16_1,0,0.09970208425288907
2022,02,ESP.17_1,0,0.19129190414806527
2022,02,ESP.18_1,0,0.33756918246924283
2022,02,ESP.2_1,0,0.3485373718397506
2022,02,ESP.4_1,0,0.35527766918597936
2022,02,ESP.5_1,0,0.3404139138106363
2022,02,ESP.6_1,0,0.3453829942908351
2022,02,ESP.8_1,0,0.36492351139542817
2022,02,ITA.1_1,0,0.3611293596682696
2022,02,ITA.10_1,0,0.1924743616909984
2022,02,ITA.11_1,0,0.32974646735443996
2022,02,ITA.12_1,0,0.3639828065767441
2022,02,ITA.13_1,0,0.3567423832076683
2022,02,ITA.14_1,0,0.3562666500332664
2022,02,ITA.15_1,0,0.34553929391390276
2022,02,ITA.16_1,0,0.3577152673732152
2022,02,ITA.17_1,0,0.34673196543096074
2022,02,ITA.18_1,0,0.3477542428278669
2022,02,ITA.2_1,0,0.3487015479287343
2022,02,ITA.20_1,0,0.23642576397889198
2022,02,ITA.4_1,0,0.3390533071089773
2022,02,ITA.5_1,0,0.3484698823551799
2022,02,ITA.6_1,0,0.34286689080221966
2022,02,ITA.8_1,0,0.35720930116520633
2022,02,ITA.9_1,0,0.3525736665978728
