year,month,gid_2,est,se
2017,09,ESP.10.1_1,0.9810000000000001,0.22620817017125225
2017,09,ESP.10.2_1,0.8078985511397657,0.24338349444380572
2017,09,ESP.10.3_1,0.5192404806141172,0.09481513690944432
2017,09,ESP.15.1_1,0.01855108045385306,0.22703127219743802
2017,09,ESP.18.1_1,0.5159279537919459,0.08591489120874703
2017,09,ESP.2.1_1,0.29898694275353993,0.16877645852136472
2017,09,ESP.2.2_1,0.07938731210996781,0.25134119686407547
2017,09,ESP.2.3_1,0.01657516717511495,0.11494857404669175
2017,09,ESP.4.1_1,0.015840733211168488,0.12693741134027603
2017,09,ESP.4.3_1,0.0055479654230079405,0.06990094168547545
2017,09,ESP.6.1_1,0.6745176823165563,0.13791701085049565
2017,09,ESP.6.2_1,0.8825264097466501,0.08021170378217829
2017,09,ESP.6.3_1,0.40540301388327976,0.16819580108343682
2017,09,ESP.6.4_1,0.8558308342916483,0
2017,09,ESP.9.1_1,0.006946499714166128,0.09659117392929842
2017,09,FRA.10.11_1,0.011803877577565864,0.14445785785706008
2017,09,FRA.11.11_1,0.042502140024751285,0.37536768760896416
2017,09,FRA.11.6_1,0.3664751838582484,0.6526268818217752
