year,month,gid_2,est,se
2017,09,ESP.1.1_1,0.45,0.497742652128334
2017,09,ESP.1.2_1,0.667,0.47152235719351987
2017,09,ESP.1.3_1,0.143,0.3502480173729377
2017,09,ESP.1.4_1,0.556,0.49710271686152663
2017,09,ESP.1.5_1,0,0.49992592043814443
2017,09,ESP.1.6_1,0.299,0.4580489153014215
2017,09,ESP.1.7_1,0.998,0.04469897088298564
2017,09,ESP.1.8_1,0.126,0.3320154126456093
2017,09,ESP.10.1_1,0.778,0.4157990967870047
2017,09,ESP.10.2_1,0.785,0.4110279113928201
2017,09,ESP.10.3_1,0.973,0.162164414398774
2017,09,ESP.11.1_1,0,0.49396660110072527
2017,09,ESP.12.1_1,0,0.49687310541312546
2017,09,ESP.12.3_1,0,0.49503642397409614
2017,09,ESP.12.4_1,0,0.4957385972029581
2017,09,ESP.13.1_1,0.964,0.18638331132035063
2017,09,ESP.14.1_1,0,0.49721446300587663
2017,09,ESP.15.1_1,0,0.17340435135563662
2017,09,ESP.16.2_1,0.086,0.28050433629924987
2017,09,ESP.16.3_1,0.087,0.2819760814510878
2017,09,ESP.17.1_1,0,0.49189527438364455
2017,09,ESP.18.1_1,0.86,0.3471606552023436
2017,09,ESP.2.1_1,0.657,0.47494902524015836
2017,09,ESP.2.2_1,0.272,0.44521254947969985
2017,09,ESP.2.3_1,0.076,0.26513071171460745
2017,09,ESP.3.1_1,0,0.49380547166252
2017,09,ESP.4.1_1,0.044,0.20519772441746548
2017,09,ESP.4.2_1,0,0.304110972316823
2017,09,ESP.4.3_1,0.044,0.20519772441746548
2017,09,ESP.4.4_1,0,0.28775302222878874
2017,09,ESP.4.5_1,0.046,0.20958990416508122
2017,09,ESP.5.1_1,0,0.4924413655436538
2017,09,ESP.5.2_1,0,0.4929685771101623
2017,09,ESP.5.3_1,0,0.49443752736667196
2017,09,ESP.5.5_1,0,0.49443752736667196
2017,09,ESP.5.6_1,0,0.48909530177074306
2017,09,ESP.5.8_1,0,0.49347696959383985
2017,09,ESP.5.9_1,0,0.4909429956981004
2017,09,ESP.6.1_1,0.997,0.05471740119919799
2017,09,ESP.6.2_1,0.957,0.2029585972364615
2017,09,ESP.6.3_1,0.686,0.4643485970901814
2017,09,ESP.6.4_1,0.948,0.22213812222431645
2017,09,ESP.8.1_1,0.039,0.19369180807797864
2017,09,ESP.9.1_1,0,0.13301764429463367
