year,month,gid_4,est,se
2017,10,ESP.16.2.1.32_1,0,0.10435463521037237
2017,10,ESP.16.3.1.100_1,0,0.06315051850925682
2017,10,ESP.16.3.1.20_1,0,0.06315051850925682
2017,10,ESP.16.3.1.28_1,0,0.06315051850925682
2017,10,ESP.16.3.1.64_1,0,0.06315051850925682
2017,10,ESP.17.1.1.1_1,0,0.1678904023081343
2017,10,ESP.17.1.4.2_1,0,0.1678904023081343
2017,10,ESP.17.1.4.3_1,0,0.1678904023081343
2017,10,ESP.17.1.7.11_1,0,0.1678904023081343
2017,10,ESP.17.1.8.10_1,0,0.1678904023081343
2017,10,ESP.17.1.8.18_1,0,0.1678904023081343
2017,10,ESP.17.1.8.6_1,0,0.1678904023081343
2017,10,ESP.3.1.4.5_1,0,0.07726558075864033
