year,month,gid_1,est,se
2019,12,ESP.1_1,0,0.1172345348449526
2019,12,ESP.10_1,0,0.12190106488216183
2019,12,ESP.11_1,0,0.11991568941479139
2019,12,ESP.12_1,0,0.12971318210504584
2019,12,ESP.13_1,0,0.16517349382812305
2019,12,ESP.14_1,0,0.10469422653210737
2019,12,ESP.15_1,0,0.09932984894734453
2019,12,ESP.16_1,0,0.006804142555361223
2019,12,ESP.17_1,0,0.26361295132219337
2019,12,ESP.18_1,0,0.10217178152687545
2019,12,ESP.2_1,0,0.13695481929796424
2019,12,ESP.3_1,0,0.0723038212813923
2019,12,ESP.4_1,0,0.10954898928701905
2019,12,ESP.5_1,0,0.12344984060267024
2019,12,ESP.6_1,0,0.12672708870528496
2019,12,ESP.8_1,0,0.13668079225400318
2019,12,ESP.9_1,0,0.15364531812446774
