year,month,gid_1,est,se
2019,12,ESP.1_1,0,0.12442592435898076
2019,12,ESP.10_1,0,0.1304670587137234
2019,12,ESP.11_1,0,0.11137075594453318
2019,12,ESP.12_1,0,0.11569256732525104
2019,12,ESP.13_1,0,0.1258813593350428
2019,12,ESP.14_1,0,0.15510620738615102
2019,12,ESP.15_1,0,0.12305593543396137
2019,12,ESP.16_1,0.006320476180975135,0.03949215268448595
2019,12,ESP.17_1,0.142,0.30717974470508513
2019,12,ESP.18_1,0,0.1523269028523034
2019,12,ESP.2_1,0,0.11896814396869561
2019,12,ESP.3_1,0.027,0.06804227103349776
2019,12,ESP.4_1,0,0.11997681878714736
2019,12,ESP.5_1,0,0.10946233200314208
2019,12,ESP.6_1,0,0.10580531682261955
2019,12,ESP.7_1,0,0.10165209326270651
2019,12,ESP.8_1,0,0.1394913644004522
2019,12,ESP.9_1,0,0.11435220628399612
