year,month,gid_3,est,se
2018,02,ESP.10.1.1_1,0.524,0.4996735671152454
2018,02,ESP.10.1.4_1,0.459,0.4985655098054493
2018,02,ESP.10.1.6_1,0.474,0.4995733915788286
2018,02,ESP.10.1.7_1,0.517,0.49996095943679536
2018,02,ESP.10.1.9_1,0.502,0.5002461856388775
2018,02,ESP.10.2.5_1,0.484,0.49999399395792143
2018,02,ESP.10.2.7_1,0.524,0.4996735671152454
2018,02,ESP.10.2.8_1,0.534,0.4990922691177385
2018,02,ESP.10.3.1_1,0.542,0.4984821807090846
2018,02,ESP.10.3.13_1,0.494,0.5002141683461337
2018,02,ESP.10.3.4_1,0.607,0.4886612219010117
2018,02,ESP.10.3.7_1,0.601,0.48993779098885504
2018,02,ESP.10.3.8_1,0.588,0.4924413655436538
2018,02,ESP.18.1.5_1,0.463,0.4988786223921405
2018,02,ESP.6.1.10_1,0.58,0.49380547166252
2018,02,ESP.6.1.11_1,0.587,0.49261919742705285
2018,02,ESP.6.1.12_1,0.523,0.4997206426802086
2018,02,ESP.6.1.3_1,0.574,0.494741112874975
2018,02,ESP.6.1.5_1,0.521,0.49980877224075293
2018,02,ESP.6.1.6_1,0.549,0.49784219070589714
2018,02,ESP.6.1.9_1,0.493,0.5002011607355596
2018,02,ESP.6.2.4_1,0.462,0.49880337288836046
2018,02,ESP.6.2.5_1,0.452,0.4979396991041626
2018,02,ESP.6.2.6_1,0.535,0.4990230696310783
2018,02,ESP.6.2.7_1,0.499,0.500249187155011
2018,02,ESP.6.4.2_1,0.574,0.494741112874975
2018,02,ESP.6.4.3_1,0.511,0.500129112459102
2018,02,ESP.6.4.7_1,0.484,0.49999399395792143
