year,month,gid_4,est,se
2022,07,ESP.10.1.1.3_1,0.029,0.1678904023081343
2022,07,ESP.10.1.1.8_1,0.101,0.3014795016081357
2022,07,ESP.10.1.4.20_1,0.198,0.3986915536538929
2022,07,ESP.10.1.4.23_1,0.031,0.17340435135563662
2022,07,ESP.10.1.4.27_1,0.026,0.15921478998305827
2022,07,ESP.10.1.6.12_1,0.462,0.49880337288836046
2022,07,ESP.10.1.6.27_1,0.252,0.4343785039394614
2022,07,ESP.10.1.7.1_1,0.049,0.21597603025716916
2022,07,ESP.10.1.7.10_1,0.28,0.44922355437109684
2022,07,ESP.10.1.7.2_1,0.034,0.18131981931624816
2022,07,ESP.10.1.7.6_1,0.21,0.40751204407485436
2022,07,ESP.10.1.9.3_1,0.015,0.12161327966052798
2022,07,ESP.10.2.5.11_1,0.108,0.3105357184486713
2022,07,ESP.10.2.7.2_1,0.424,0.49443752736667196
2022,07,ESP.10.2.7.6_1,0.041,0.19838941090279583
2022,07,ESP.10.2.8.8_1,0.042,0.20068950215762726
2022,07,ESP.10.3.1.14_1,0.054,0.2261307920985887
2022,07,ESP.10.3.13.9_1,0.244,0.42970763159228237
2022,07,ESP.10.3.4.1_1,0.024,0.15312559370479986
2022,07,ESP.10.3.7.19_1,0.963,0.1888562063228706
2022,07,ESP.10.3.7.2_1,0.065,0.24664921616708177
2022,07,ESP.10.3.7.4_1,0.964,0.18638331132035063
2022,07,ESP.10.3.8.5_1,0.118,0.3227695465501357
