year,month,gid_4,est,se
2022,07,ESP.10.1.1.3_1,0.026,0.15921478998305827
2022,07,ESP.10.1.1.8_1,0.083,0.2760202658994212
2022,07,ESP.10.1.4.20_1,0.186,0.3893013685508382
2022,07,ESP.10.1.4.23_1,0.039,0.19369180807797864
2022,07,ESP.10.1.4.27_1,0.029,0.1678904023081343
2022,07,ESP.10.1.6.12_1,0.443,0.49698893146427114
2022,07,ESP.10.1.6.27_1,0.202,0.40169311340544206
2022,07,ESP.10.1.7.1_1,0.054,0.2261307920985887
2022,07,ESP.10.1.7.10_1,0.294,0.45581988961844544
2022,07,ESP.10.1.7.2_1,0.036,0.18638331132035063
2022,07,ESP.10.1.7.6_1,0.175,0.38015722999769386
2022,07,ESP.10.1.9.3_1,0.024,0.15312559370479986
2022,07,ESP.10.2.5.11_1,0.109,0.3117951510466707
2022,07,ESP.10.2.7.2_1,0.425,0.4945903553645376
2022,07,ESP.10.2.7.6_1,0.04,0.19605723255834873
2022,07,ESP.10.2.8.8_1,0.059,0.23574260237507894
2022,07,ESP.10.3.1.14_1,0.055,0.22809433799861634
2022,07,ESP.10.3.13.9_1,0.266,0.44208533049564025
2022,07,ESP.10.3.4.1_1,0.03,0.17067257872642908
2022,07,ESP.10.3.7.19_1,0.955,0.20740785428237288
2022,07,ESP.10.3.7.2_1,0.084,0.2775266131761439
2022,07,ESP.10.3.7.4_1,0.96,0.19605723255834873
2022,07,ESP.10.3.8.5_1,0.136,0.3429600875052688
