year,month,gid_1,est,se
2018,09,ESP.10_1,0.006,0.1546036054043391
2018,09,ESP.2_1,0.004973606014680498,0.09441130114458876
2018,09,ESP.6_1,0.003986140613030569,0.10271195173719808
