year,month,gid_1,est,se
2018,09,ESP.10_1,0.606,0.4888793337859589
2018,09,ESP.6_1,0.639,0.4805308625987616
