ID_1,est,se
ESP.1_1,0.07354122910160166,0.09629373524197508
ESP.10_1,0.016910144000000016,0.07370392910415689
ESP.11_1,0.014946000000000015,0.08587664693212481
ESP.12_1,0.021878999999999982,0.05217731760518619
ESP.13_1,0.015000000000000013,0.12161327966052798
ESP.14_1,0.011965000000000003,0.07699167410918298
ESP.15_1,0.009000000000000008,0.09448771310560929
ESP.16_1,0.012958000000000025,0.05355998525551222
ESP.17_1,0.017000000000000015,0.1293357171384909
ESP.18_1,0.010000000000000009,0.0995485304256668
ESP.2_1,0.023859999999999992,0.07236591495856372
ESP.3_1,0.010000000000000009,0.0995485304256668
ESP.4_1,0.028729819000000045,0.05824655434146627
ESP.5_1,0.04328518600000009,0.046243867303002756
ESP.6_1,0.034565288709999975,0.09137996819332703
ESP.7_1,0.08699999999999997,0.1409880407255439
ESP.8_1,0.013000000000000012,0.11333068359382575
ESP.9_1,0,0
