year,month,gid_2,se,est
2025,01,ALA.1.1_2,0.03195412280395646,0.16032064128256515
2025,01,ALA.1.2_2,0.03130806837135558,0.15330661322645292
2025,01,ALA.2.1_2,0.030734051240935423,0.14729458917835672
2025,01,ALA.2.2_2,0.029316341692963915,0.13326653306613226
2025,01,ALA.2.3_2,0.030240712502615525,0.14228456913827656
2025,01,ALA.2.4_2,0.02888967210714495,0.12925851703406813
2025,01,ALA.2.5_2,0.03300605504718026,0.17234468937875744
2025,01,ALA.2.6_2,0.028452722012509257,0.125250501002004
2025,01,ALA.2.7_2,0.03204441289418668,0.16132264529058118
2025,01,ALA.2.8_2,0.0321342133643708,0.16232464929859722
2025,01,ALA.3.1_2,0.03499358228034873,0.19739478957915838
2025,01,ALB.1.1_1,0.14991460491649414,0.3282608882343036
2025,01,ALB.1.2_1,0.07644199057514285,0.39641965651882294
2025,01,ALB.1.3_1,0.12166804631810368,0.22635862558089456
2025,01,ALB.10.1_1,0.10321512647745071,0.2678663182347358
2025,01,ALB.10.2_1,0.11351566529192503,0.18659909284088422
2025,01,ALB.10.3_1,0.17149388679153005,0.29580755496712163
2025,01,ALB.11.1_1,0.1455028197625851,0.800250964959693
2025,01,ALB.11.2_1,0.206691326911061,0.6928717325084228
2025,01,ALB.12.1_1,0.08815974087980415,0.36719287056568917
2025,01,ALB.12.2_1,0.12926788547398904,0.42082808007255
2025,01,ALB.12.3_1,0.16445652747902886,0.4175384151144697
2025,01,ALB.2.1_1,0.09932410700876301,0.17753555729610482
2025,01,ALB.2.2_1,0.13168589931209415,0.15934274247395225
2025,01,ALB.2.3_1,0.13270825550799162,0.19772022345518675
2025,01,ALB.3.1_1,0.1460621357614448,0.4320376409742355
2025,01,ALB.3.2_1,0.10391420210846021,0.3172458993707397
2025,01,ALB.4.1_1,0.20194386587894345,0.29728478226827443
2025,01,ALB.4.2_1,0.1221362755293618,0.22871978323014588
2025,01,ALB.4.3_1,0.11657731079494861,0.20032554441920142
2025,01,ALB.4.4_1,0.10691707036297202,0.3581516844238112
2025,01,ALB.5.1_1,0.19316777290104092,0.4896969817169475
2025,01,ALB.5.2_1,0.1850048169642571,0.44450545380511036
2025,01,ALB.5.3_1,0.1296444983117864,0.330537267861303
2025,01,ALB.6.1_1,0.15289018611464888,0.3029247132204839
2025,01,ALB.6.2_1,0.12162435045567047,0.2635822750193085
2025,01,ALB.6.3_1,0.13333265798473265,0.2986508544297056
2025,01,ALB.7.1_1,0.08077242552656759,0.19425855020924973
2025,01,ALB.7.2_1,0.1073192474728702,0.21838903499254858
2025,01,ALB.7.3_1,0.15857610031149838,0.22368174854096096
2025,01,ALB.7.4_1,0.11609419139099389,0.23276808069571908
2025,01,ALB.8.1_1,0.0668550188490164,0.16226890662940952
2025,01,ALB.8.2_1,0.1269974757642278,0.1457889960008016
2025,01,ALB.8.3_1,0.09403404901471248,0.15685385170241878
2025,01,ALB.9.1_1,0.08439929851701258,0.3130098217163807
2025,01,ALB.9.2_1,0.13593237874922356,0.3213585531600097
2025,01,ALB.9.3_1,0.10025914278824066,0.22425860333980274
2025,01,ALB.9.4_1,0.04055430722819484,0.2925851703406814
2025,01,AND.2_1,0.034540086638265896,0.19138276553106218
2025,01,AND.3_1,0.03585914996722603,0.20941883767535066
2025,01,AND.4_1,0.041275836609137945,0.30961923847695383
2025,01,AND.5_1,0.03342479158883792,0.1773547094188377
2025,01,AND.6_1,0.04443701358204488,0.42785571142284573
2025,01,AND.7_1,0.026836119816314685,0.11122244488977955
2025,01,ARM.1_1,0.025717710011312605,0.10220440881763525
2025,01,ARM.2_1,0.016265379022877717,0.04408817635270545
2025,01,ARM.3_1,0.02190135563660671,0.075150300601202355
2025,01,ARM.8_1,0.017701198368506525,0.05110220440881768
2025,01,AUT.1.1_2,0.17750399931844252,0.19909768009460155
2025,01,AUT.1.2_2,0.08596543743511535,0.24577429578711188
2025,01,AUT.1.3_2,0.27430720948479703,0.17786711239772796
2025,01,AUT.1.4_2,0.194367651520299,0.15316260615790905
2025,01,AUT.1.5_2,0.1702578056320355,0.1679026009956762
2025,01,AUT.1.6_2,0.19514546339591,0.19686744716996477
2025,01,AUT.1.7_2,0.277587300482981,0.16140028928266767
2025,01,AUT.1.8_2,0.3244668629737591,0.14789044356071132
2025,01,AUT.1.9_2,0.03877212344211009,0.2565130260521042
2025,01,AUT.2.10_2,0.32203170472341525,0.11513648513886639
2025,01,AUT.2.1_2,0.2014924536058224,0.10369407333411108
2025,01,AUT.2.2_2,0.1566899334142426,0.09333351859208816
2025,01,AUT.2.3_2,0.33386235438548245,0.14422926476215103
2025,01,AUT.2.4_2,0.17261069742727528,0.17000201320730943
2025,01,AUT.2.5_2,0.3117250010087049,0.10663218650607674
2025,01,AUT.2.6_2,0.24735153363215504,0.06426076222349343
2025,01,AUT.2.7_2,0.2742518832982425,0.12249154849993431
2025,01,AUT.2.8_2,0.13037122715455018,0.13448518191483105
2025,01,AUT.2.9_2,0.3346817496053682,0.13307723644337616
2025,01,AUT.3.10_2,0.69043220200087,0.4803708083457699
2025,01,AUT.3.11_2,0.43862571151878293,0.49855023748679683
2025,01,AUT.3.12_2,0.7958574660055877,0.5030375415639488
2025,01,AUT.3.13_2,0.5832044047591499,0.6123123363430588
2025,01,AUT.3.14_2,0.25223311489970573,0.6847004436080354
2025,01,AUT.3.15_2,0.5444080773260379,0.48478592217968014
2025,01,AUT.3.16_2,0.9206948203686925,0.5486564608988425
2025,01,AUT.3.17_2,0.31136585547709683,0.5692928475839094
2025,01,AUT.3.18_2,0.4355332465711956,0.46177548711865385
2025,01,AUT.3.19_2,0.5950124969533772,0.6231056928161816
2025,01,AUT.3.1_2,0.5626365832688414,0.5129061780330062
2025,01,AUT.3.20_2,0.6246858265427067,0.4592425604652084
2025,01,AUT.3.21_2,0.14726110525973324,0.45789829354733697
2025,01,AUT.3.22_2,0.3929693631390629,0.5583893839805383
2025,01,AUT.3.23_2,0.044865057176676625,0.47194388777555096
2025,01,AUT.3.24_2,0.8796219243064227,0.41813275649626414
2025,01,AUT.3.2_2,0.4337803349433584,0.59480567662632
2025,01,AUT.3.3_2,0.37888612942686156,0.6408334093147953
2025,01,AUT.3.4_2,0.4944263716333273,0.6616486666695721
2025,01,AUT.3.5_2,0.5416042361234532,0.45331928240352853
2025,01,AUT.3.6_2,0.6062023236016476,0.5929620711953016
2025,01,AUT.3.7_2,0.5951560836660286,0.47634035070431124
2025,01,AUT.3.8_2,0.467290242122083,0.6414073884726053
2025,01,AUT.3.9_2,0.15771935014079966,0.5960994274007942
2025,01,AUT.4.10_2,0.5011104816088205,0.57985328002754
2025,01,AUT.4.11_2,0.42967226153895066,0.48506620794708233
2025,01,AUT.4.12_2,0.5021929799427655,0.5750053494557118
2025,01,AUT.4.13_2,0.41068432984470693,0.5348234043963679
2025,01,AUT.4.14_2,0.1314024043800285,0.7168492529038196
2025,01,AUT.4.15_2,0.38253697661656627,0.5324703912827639
2025,01,AUT.4.16_2,0.46728951939837465,0.5495785861262946
2025,01,AUT.4.17_2,0.3998258062391525,0.5687658339947748
2025,01,AUT.4.18_2,0.10651497175394914,0.8478567572721685
2025,01,AUT.4.1_2,0.521860855617829,0.5658123335895284
2025,01,AUT.4.2_2,0.2634696928011524,0.5781438095158218
2025,01,AUT.4.3_2,0.41051315148461404,0.4920567406766415
2025,01,AUT.4.4_2,0.4470256575560472,0.5624301423042312
2025,01,AUT.4.5_2,0.4446346960681307,0.587580301944493
2025,01,AUT.4.6_2,0.4002582813026986,0.5456765850129494
2025,01,AUT.4.7_2,0.42908296859813405,0.6063449350396812
2025,01,AUT.4.8_2,0.1759814425038602,0.7228258809573403
2025,01,AUT.4.9_2,0.36311185229813264,0.5851057223269758
2025,01,AUT.5.1_2,0.173248178236106,0.07639517975249353
2025,01,AUT.5.2_2,0.29935306135888107,0.11113946720944205
2025,01,AUT.5.3_2,0.12077606022016751,0.14196528195533245
2025,01,AUT.5.4_2,0.2088992417563085,0.05843878588289061
2025,01,AUT.5.5_2,0.137958124130611,0.05341974749608462
2025,01,AUT.5.6_2,0.2067778221532459,0.050478720822818915
2025,01,AUT.6.10_2,0.47284521547317576,0.6845098599376552
2025,01,AUT.6.11_2,0.6424900880919702,0.9049689105996794
2025,01,AUT.6.12_2,0.3923056088439859,0.8216605708093137
2025,01,AUT.6.13_2,0.6099544324515624,0.8183782270690507
2025,01,AUT.6.1_2,0.5554958956059947,0.7808217486437269
2025,01,AUT.6.2_2,0.6155669939187124,0.8593703588984012
2025,01,AUT.6.3_2,0.5401144555913588,0.8329772252785568
2025,01,AUT.6.4_2,0.2095667670869346,0.9848931204350517
2025,01,AUT.6.5_2,0.6292576259757919,0.8576101190648453
2025,01,AUT.6.6_2,0.5867848998572802,0.9025536825592035
2025,01,AUT.6.7_2,0.406572332960853,0.7567044161731983
2025,01,AUT.6.8_2,0.4829524010697538,0.6111355331300349
2025,01,AUT.6.9_2,0.390442631084219,0.568159949291067
2025,01,AUT.7.1_2,0.13056516169098095,0.08756215925957386
2025,01,AUT.7.2_2,0.2738060769688643,0.1340791937721659
2025,01,AUT.7.3_2,0.1075231008920278,0.21611233224875445
2025,01,AUT.7.4_2,0.1565717793415082,0.14987416943145546
2025,01,AUT.7.5_2,0.23513238973801157,0.18482036592358994
2025,01,AUT.7.6_2,0.1408031427775922,0.07425365995381056
2025,01,AUT.7.7_2,0.2368463200355787,0.1131388827186642
2025,01,AUT.7.8_2,0.2217331605179815,0.1500229138036932
2025,01,AUT.7.9_2,0.21150141530976,0.14467360168143245
2025,01,AUT.8.1_2,0.10809232361851771,0.04643626032798402
2025,01,AUT.8.2_2,0.17887417873612912,0.09008072418442269
2025,01,AUT.8.3_2,0.06413055029335847,0.11358101949379512
2025,01,AUT.8.4_2,0.13641833516373159,0.07781157522802776
2025,01,AUT.9.1_2,0.41303214793243287,0.9217141229475384
2025,01,AZE.7.5_1,0.03536081141455972,0.20240480961923832
2025,01,AZE.7_1,0.03257599555835815,0.16733466933867738
2025,01,BEL.1.1_1,0.20570832727945576,0.6104249703426595
2025,01,BEL.2.1_1,0.39018569123673674,0.4619776969834186
2025,01,BEL.2.2_1,0.298095502174591,0.40059938147619983
2025,01,BEL.2.3_1,0.365475958522395,0.4658484735989389
2025,01,BEL.2.4_1,0.379187090498927,0.4617348123005252
2025,01,BEL.2.5_1,0.3826514422040673,0.5417926433980721
2025,01,BEL.3.1_1,0.21212988527697393,0.2624946650763084
2025,01,BEL.3.2_1,0.336055132322232,0.2501390584471317
2025,01,BEL.3.3_1,0.3550941153145948,0.2237293849766875
2025,01,BEL.3.4_1,0.2456811707086758,0.19257344991292338
2025,01,BEL.3.5_1,0.23518097585335737,0.21149033795928623
2025,01,BGR.1.10_1,0.028005075663230895,0.12124248496993976
2025,01,BGR.1.11_1,0.028672507358848288,0.12725450901803606
2025,01,BGR.1.12_1,0.029104267201193763,0.1312625250501002
2025,01,BGR.1.13_1,0.02962983020698761,0.13627254509018036
2025,01,BGR.1.14_1,0.021901355636606605,0.075150300601202355
2025,01,BGR.1.1_1,0.024799594579291803,0.09519038076152302
2025,01,BGR.1.2_1,0.0246647286476103,0.09418837675350698
2025,01,BGR.1.3_1,0.02777710234462389,0.1192384769539077
2025,01,BGR.1.4_1,0.02558924522057285,0.10120240480961921
2025,01,BGR.1.5_1,0.025845307393654468,0.10320641282565128
2025,01,BGR.1.6_1,0.028672507358848392,0.12725450901803606
2025,01,BGR.1.7_1,0.0300394197844733,0.1402805611222445
2025,01,BGR.1.8_1,0.030927528958198114,0.1492985971943888
2025,01,BGR.1.9_1,0.024392087790225503,0.09218436873747492
2025,01,BGR.10.10_1,0.02888967210714496,0.12925851703406813
2025,01,BGR.10.11_1,0.031495198068607316,0.155310621242485
2025,01,BGR.10.1_1,0.02942144854834706,0.1342685370741483
2025,01,BGR.10.2_1,0.03092752895819812,0.1492985971943888
2025,01,BGR.10.3_1,0.0321342133643708,0.16232464929859722
2025,01,BGR.10.4_1,0.028341830152532024,0.12424849699398798
2025,01,BGR.10.5_1,0.026836119816314622,0.11122244488977955
2025,01,BGR.10.6_1,0.03130806837135556,0.15330661322645292
2025,01,BGR.10.7_1,0.03222352781522757,0.16332665330661325
2025,01,BGR.10.8_1,0.031023459308779453,0.15030060120240482
2025,01,BGR.10.9_1,0.031213724766442068,0.1523046092184369
2025,01,BGR.11.10_1,0.0297331161918401,0.1372745490981964
2025,01,BGR.11.11_1,0.026347237652495626,0.10721442885771541
2025,01,BGR.11.1_1,0.026347237652495636,0.10721442885771541
2025,01,BGR.11.2_1,0.026347237652495616,0.10721442885771541
2025,01,BGR.11.3_1,0.027546283549806507,0.11723446893787574
2025,01,BGR.11.4_1,0.029733116191840117,0.1372745490981964
2025,01,BGR.11.5_1,0.0281180139947334,0.12224448897795602
2025,01,BGR.11.6_1,0.03231235979305096,0.16432865731462928
2025,01,BGR.11.7_1,0.02800507566323091,0.12124248496993976
2025,01,BGR.11.8_1,0.024799594579291793,0.09519038076152302
2025,01,BGR.11.9_1,0.03003941978447329,0.1402805611222445
2025,01,BGR.12.1_1,0.02962983020698761,0.13627254509018036
2025,01,BGR.12.2_1,0.02777710234462391,0.1192384769539077
2025,01,BGR.12.3_1,0.02609794339476907,0.10521042084168335
2025,01,BGR.12.4_1,0.031023459308779467,0.15030060120240482
2025,01,BGR.12.5_1,0.027891440905278748,0.12024048096192395
2025,01,BGR.12.6_1,0.027194583498260705,0.11422845691382753
2025,01,BGR.13.10_1,0.031680277964891326,0.15731462925851705
2025,01,BGR.13.11_1,0.033341931883997276,0.17635270541082157
2025,01,BGR.13.1_1,0.03168027796489125,0.15731462925851705
2025,01,BGR.13.2_1,0.03240071279083801,0.16533066132264532
2025,01,BGR.13.3_1,0.032920961359545454,0.17134268537074152
2025,01,BGR.13.4_1,0.032312359793050895,0.16432865731462928
2025,01,BGR.13.5_1,0.03266293205732404,0.16833667334669342
2025,01,BGR.13.6_1,0.03248859024938572,0.16633266533066135
2025,01,BGR.13.7_1,0.031023459308779432,0.15030060120240482
2025,01,BGR.13.8_1,0.031401891445194445,0.15430861723446895
2025,01,BGR.13.9_1,0.03383257713374823,0.18236472945891777
2025,01,BGR.14.10_1,0.02993790568236584,0.13927855711422846
2025,01,BGR.14.11_1,0.03995184438700482,0.27955911823647295
2025,01,BGR.14.12_1,0.033258631329692014,0.17535070140280565
2025,01,BGR.14.13_1,0.028452722012509205,0.125250501002004
2025,01,BGR.14.14_1,0.03399270353252683,0.18436873747494983
2025,01,BGR.14.15_1,0.03334193188399737,0.17635270541082157
2025,01,BGR.14.16_1,0.0300394197844733,0.1402805611222445
2025,01,BGR.14.1_1,0.028341830152532003,0.12424849699398798
2025,01,BGR.14.2_1,0.03168027796489132,0.15731462925851705
2025,01,BGR.14.3_1,0.028230263129052656,0.12324649298597194
2025,01,BGR.14.4_1,0.030140353701167032,0.14128256513026052
2025,01,BGR.14.5_1,0.02973311619184012,0.1372745490981964
2025,01,BGR.14.6_1,0.02742978778947281,0.1162324649298596
2025,01,BGR.14.7_1,0.02811801399473339,0.12224448897795602
2025,01,BGR.14.8_1,0.03342479158883794,0.1773547094188377
2025,01,BGR.14.9_1,0.030636494947164722,0.1462925851703407
2025,01,BGR.15.1_1,0.03121372476644211,0.1523046092184369
2025,01,BGR.15.2_1,0.03213421336437082,0.16232464929859722
2025,01,BGR.15.3_1,0.03186333943737776,0.15931863727454912
2025,01,BGR.15.4_1,0.033912851052170886,0.1833667334669339
2025,01,BGR.15.5_1,0.03342479158883787,0.1773547094188377
2025,01,BGR.15.6_1,0.03222352781522757,0.16332665330661325
2025,01,BGR.15.7_1,0.03367075430784955,0.1803607214428857
2025,01,BGR.16.1_1,0.03204441289418672,0.16132264529058118
2025,01,BGR.16.2_1,0.030439724606053674,0.14428857715430862
2025,01,BGR.16.3_1,0.031401891445194396,0.15430861723446895
2025,01,BGR.16.4_1,0.03342479158883798,0.1773547094188377
2025,01,BGR.16.5_1,0.033589199970617066,0.17935871743486978
2025,01,BGR.16.6_1,0.03407213719838795,0.18537074148296598
2025,01,BGR.16.7_1,0.03231235979305093,0.16432865731462928
2025,01,BGR.16.8_1,0.031680277964891305,0.15731462925851705
2025,01,BGR.17.10_1,0.03177205908137904,0.15831663326653309
2025,01,BGR.17.1_1,0.03309069590576374,0.17334669338677358
2025,01,BGR.17.2_1,0.03383257713374822,0.18236472945891777
2025,01,BGR.17.3_1,0.03446311269826634,0.19038076152304603
2025,01,BGR.17.4_1,0.033912851052170935,0.1833667334669339
2025,01,BGR.17.5_1,0.03438573496541052,0.1893787575150301
2025,01,BGR.17.6_1,0.034072137198387906,0.18537074148296598
2025,01,BGR.17.7_1,0.033424791588837904,0.1773547094188377
2025,01,BGR.17.8_1,0.03358919997061706,0.17935871743486978
2025,01,BGR.17.9_1,0.034072137198387926,0.18537074148296598
2025,01,BGR.18.1_1,0.034918981992816456,0.19639278557114234
2025,01,BGR.18.2_1,0.03422975840493733,0.18737474949899793
2025,01,BGR.18.3_1,0.035998234250569534,0.21142284569138262
2025,01,BGR.18.4_1,0.035647794463257956,0.20641282565130267
2025,01,BGR.18.5_1,0.0352881280898018,0.2014028056112225
2025,01,BGR.18.6_1,0.03543311767772567,0.20340681362725446
2025,01,BGR.18.7_1,0.03484399179204098,0.1953907815631263
2025,01,BGR.19.1_1,0.03292096135954547,0.17134268537074152
2025,01,BGR.19.2_1,0.03514162192953798,0.19939879759519044
2025,01,BGR.19.3_1,0.0346166591747077,0.1923847695390781
2025,01,BGR.19.4_1,0.032920961359545434,0.17134268537074152
2025,01,BGR.2.10_1,0.03914707730058033,0.2635270541082164
2025,01,BGR.2.11_1,0.03797850899911901,0.24248496993987986
2025,01,BGR.2.12_1,0.0347686094390288,0.19438877755511016
2025,01,BGR.2.13_1,0.04032790563471894,0.2875751503006012
2025,01,BGR.2.1_1,0.035718612720621754,0.2074148296593187
2025,01,BGR.2.2_1,0.04037371252013142,0.28857715430861725
2025,01,BGR.2.3_1,0.03809553972866258,0.2444889779559117
2025,01,BGR.2.4_1,0.03743630130350765,0.23346693386773534
2025,01,BGR.2.5_1,0.038880709531734683,0.25851703406813625
2025,01,BGR.2.6_1,0.03877212344211007,0.2565130260521042
2025,01,BGR.2.7_1,0.03950796462859235,0.27054108216432865
2025,01,BGR.2.8_1,0.04028183385378819,0.2865731462925852
2025,01,BGR.2.9_1,0.035215065628508006,0.20040080160320647
2025,01,BGR.20.10_1,0.032400712790837956,0.16533066132264532
2025,01,BGR.20.1_1,0.028781414078247736,0.1282565130260521
2025,01,BGR.20.2_1,0.027546283549806493,0.11723446893787574
2025,01,BGR.20.3_1,0.024933508705536074,0.09619238476953905
2025,01,BGR.20.4_1,0.026836119816314643,0.11122244488977955
2025,01,BGR.20.5_1,0.027891440905278727,0.12024048096192395
2025,01,BGR.20.6_1,0.030538387620146698,0.14529058116232466
2025,01,BGR.20.7_1,0.032662932057323985,0.16833667334669342
2025,01,BGR.20.8_1,0.028672507358848354,0.12725450901803606
2025,01,BGR.20.9_1,0.02973311619184015,0.1372745490981964
2025,01,BGR.21.10_1,0.02506648399907039,0.09719438877755508
2025,01,BGR.21.11_1,0.027075858437251837,0.1132264529058115
2025,01,BGR.21.12_1,0.02506648399907036,0.09719438877755508
2025,01,BGR.21.13_1,0.026593270780774413,0.10921843687374748
2025,01,BGR.21.14_1,0.023975643714878873,0.08917835671342682
2025,01,BGR.21.15_1,0.028889672107144958,0.12925851703406813
2025,01,BGR.21.16_1,0.025329668374153784,0.09919839679358715
2025,01,BGR.21.17_1,0.02942144854834706,0.1342685370741483
2025,01,BGR.21.18_1,0.029104267201193783,0.1312625250501002
2025,01,BGR.21.19_1,0.024664728647610157,0.09418837675350698
2025,01,BGR.21.1_1,0.027312557164847505,0.11523046092184368
2025,01,BGR.21.20_1,0.028005075663230898,0.12124248496993976
2025,01,BGR.21.21_1,0.02867250735884836,0.12725450901803606
2025,01,BGR.21.22_1,0.02789144090527868,0.12024048096192395
2025,01,BGR.21.2_1,0.02634723765249559,0.10721442885771541
2025,01,BGR.21.3_1,0.028672507358848374,0.12725450901803606
2025,01,BGR.21.4_1,0.02899728775202691,0.13026052104208416
2025,01,BGR.21.5_1,0.029210616527828543,0.13226452905811623
2025,01,BGR.21.6_1,0.02411547542841867,0.09018036072144285
2025,01,BGR.21.7_1,0.029733116191840082,0.1372745490981964
2025,01,BGR.21.8_1,0.02609794339476907,0.10521042084168335
2025,01,BGR.21.9_1,0.027546283549806504,0.11723446893787574
2025,01,BGR.22.10_1,0.03786023254001066,0.24048096192384757
2025,01,BGR.22.11_1,0.035859149967226014,0.20941883767535066
2025,01,BGR.22.1_1,0.03367075430784952,0.1803607214428857
2025,01,BGR.22.2_1,0.03506779486511014,0.1983967935871743
2025,01,BGR.22.3_1,0.0380371794335184,0.24348697394789579
2025,01,BGR.22.4_1,0.033258631329692014,0.17535070140280565
2025,01,BGR.22.5_1,0.03186333943737775,0.15931863727454912
2025,01,BGR.22.6_1,0.03231235979305092,0.16432865731462928
2025,01,BGR.22.7_1,0.03476860943902887,0.19438877755511016
2025,01,BGR.22.8_1,0.03592887278629504,0.2104208416833667
2025,01,BGR.22.9_1,0.030831061077761682,0.14829659318637275
2025,01,BGR.23.1_1,0.03121372476644207,0.1523046092184369
2025,01,BGR.23.2_1,0.033258631329692014,0.17535070140280565
2025,01,BGR.23.3_1,0.03186333943737775,0.15931863727454912
2025,01,BGR.23.4_1,0.032662932057324026,0.16833667334669342
2025,01,BGR.23.5_1,0.03177205908137904,0.15831663326653309
2025,01,BGR.24.10_1,0.027075858437251882,0.1132264529058115
2025,01,BGR.24.11_1,0.03606723621772734,0.21242484969939876
2025,01,BGR.24.12_1,0.02899728775202687,0.13026052104208416
2025,01,BGR.24.1_1,0.030240712502615525,0.14228456913827656
2025,01,BGR.24.2_1,0.030240712502615525,0.14228456913827656
2025,01,BGR.24.3_1,0.0322235278152276,0.16332665330661325
2025,01,BGR.24.4_1,0.03391285105217094,0.1833667334669339
2025,01,BGR.24.5_1,0.029316341692963915,0.13326653306613226
2025,01,BGR.24.6_1,0.03257599555835811,0.16733466933867738
2025,01,BGR.24.7_1,0.03367075430784955,0.1803607214428857
2025,01,BGR.24.8_1,0.03092752895819813,0.1492985971943888
2025,01,BGR.24.9_1,0.030140353701167032,0.14128256513026052
2025,01,BGR.25.10_1,0.03317488699465883,0.1743486973947895
2025,01,BGR.25.1_1,0.0323123597930509,0.16432865731462928
2025,01,BGR.25.2_1,0.030927528958198135,0.1492985971943888
2025,01,BGR.25.3_1,0.033258631329692014,0.17535070140280565
2025,01,BGR.25.4_1,0.032835411739094406,0.17034068136272537
2025,01,BGR.25.5_1,0.032575995558358134,0.16733466933867738
2025,01,BGR.25.6_1,0.03248859024938575,0.16633266533066135
2025,01,BGR.25.7_1,0.031401891445194466,0.15430861723446895
2025,01,BGR.25.8_1,0.03309069590576369,0.17334669338677358
2025,01,BGR.25.9_1,0.03375187911770993,0.18136272545090185
2025,01,BGR.26.10_1,0.030439724606053667,0.14428857715430862
2025,01,BGR.26.11_1,0.03325863132969202,0.17535070140280565
2025,01,BGR.26.1_1,0.029629830206987524,0.13627254509018036
2025,01,BGR.26.2_1,0.03083106107776168,0.14829659318637275
2025,01,BGR.26.3_1,0.032312359793050915,0.16432865731462928
2025,01,BGR.26.4_1,0.02719458349826072,0.11422845691382753
2025,01,BGR.26.5_1,0.031863339437377784,0.15931863727454912
2025,01,BGR.26.6_1,0.03083106107776168,0.14829659318637275
2025,01,BGR.26.7_1,0.031680277964891354,0.15731462925851705
2025,01,BGR.26.8_1,0.02993790568236587,0.13927855711422846
2025,01,BGR.26.9_1,0.0327494030367726,0.16933867735470945
2025,01,BGR.27.10_1,0.03195412280395634,0.16032064128256515
2025,01,BGR.27.1_1,0.032044412894186684,0.16132264529058118
2025,01,BGR.27.2_1,0.031213724766442144,0.1523046092184369
2025,01,BGR.27.3_1,0.035433117677725653,0.20340681362725446
2025,01,BGR.27.4_1,0.032835411739094406,0.17034068136272537
2025,01,BGR.27.5_1,0.031308068371355594,0.15330661322645292
2025,01,BGR.27.6_1,0.02931634169296392,0.13326653306613226
2025,01,BGR.27.7_1,0.03140189144519441,0.15430861723446895
2025,01,BGR.27.8_1,0.03195412280395631,0.16032064128256515
2025,01,BGR.27.9_1,0.032134213364370716,0.16232464929859722
2025,01,BGR.28.1_1,0.03633968549762286,0.21643286573146278
2025,01,BGR.28.2_1,0.03578906391308237,0.20841683366733474
2025,01,BGR.28.3_1,0.03454008663826588,0.19138276553106218
2025,01,BGR.28.4_1,0.036672372330655525,0.22144288577154306
2025,01,BGR.28.5_1,0.03843925906937492,0.250501002004008
2025,01,BGR.3.1_1,0.03557660719068574,0.20541082164328653
2025,01,BGR.3.2_1,0.036473799852391624,0.21843687374749496
2025,01,BGR.3.3_1,0.035718612720621705,0.2074148296593187
2025,01,BGR.3.4_1,0.03627210338175869,0.21543086172344697
2025,01,BGR.3.5_1,0.039199485556694225,0.26452905811623245
2025,01,BGR.3.6_1,0.035360811414559705,0.20240480961923832
2025,01,BGR.3.7_1,0.03780062389368095,0.23947895791583165
2025,01,BGR.3.8_1,0.033424791588837884,0.1773547094188377
2025,01,BGR.4.1_1,0.03391285105217094,0.1833667334669339
2025,01,BGR.4.2_1,0.031118856483700365,0.15130260521042085
2025,01,BGR.4.3_1,0.031213724766442106,0.1523046092184369
2025,01,BGR.4.4_1,0.030439724606053667,0.14428857715430862
2025,01,BGR.5.1_1,0.02545990182947933,0.10020040080160318
2025,01,BGR.6.10_1,0.038717389095742884,0.25551102204408815
2025,01,BGR.6.11_1,0.036406917078049744,0.21743486973947893
2025,01,BGR.6.1_1,0.03521506562850802,0.20040080160320647
2025,01,BGR.6.2_1,0.03620416898054941,0.21442885771543072
2025,01,BGR.6.3_1,0.034843991792041,0.1953907815631263
2025,01,BGR.6.4_1,0.037123809634577565,0.22845691382765518
2025,01,BGR.6.5_1,0.035928872786295044,0.2104208416833667
2025,01,BGR.6.6_1,0.036672372330655574,0.22144288577154306
2025,01,BGR.6.7_1,0.03053838762014669,0.14529058116232466
2025,01,BGR.6.8_1,0.036672372330655484,0.22144288577154306
2025,01,BGR.6.9_1,0.03640691707804976,0.21743486973947893
2025,01,BGR.7.1_1,0.032662932057323985,0.16833667334669342
2025,01,BGR.7.2_1,0.031401891445194445,0.15430861723446895
2025,01,BGR.7.3_1,0.032835411739094406,0.17034068136272537
2025,01,BGR.7.4_1,0.03620416898054943,0.21442885771543072
2025,01,BGR.7.5_1,0.03521506562850804,0.20040080160320647
2025,01,BGR.7.6_1,0.036606525799329,0.22044088176352702
2025,01,BGR.7.7_1,0.03774069986446014,0.23847695390781562
2025,01,BGR.7.8_1,0.02845272201250928,0.125250501002004
2025,01,BGR.8.1_1,0.027777102344623907,0.1192384769539077
2025,01,BGR.8.2_1,0.02834183015253209,0.12424849699398798
2025,01,BGR.8.3_1,0.023975643714878883,0.08917835671342682
2025,01,BGR.8.4_1,0.027075858437251844,0.1132264529058115
2025,01,BGR.8.5_1,0.026223003116657144,0.10621242484969938
2025,01,BGR.8.6_1,0.027075858437251823,0.1132264529058115
2025,01,BGR.8.7_1,0.020771874757003303,0.06813627254509023
2025,01,BGR.8.8_1,0.022818286394609043,0.08116232464929855
2025,01,BGR.8.9_1,0.02506648399907035,0.09719438877755508
2025,01,BGR.9.1_1,0.029316341692963908,0.13326653306613226
2025,01,BGR.9.2_1,0.03231235979305089,0.16432865731462928
2025,01,BGR.9.3_1,0.03158799225759021,0.15631262525050102
2025,01,BGR.9.4_1,0.0325759955583581,0.16733466933867738
2025,01,BGR.9.5_1,0.027662052453809618,0.11823647294589178
2025,01,BGR.9.6_1,0.031308068371355524,0.15330661322645292
2025,01,BGR.9.7_1,0.03177205908137902,0.15831663326653309
2025,01,BGR.9.8_1,0.03231235979305094,0.16432865731462928
2025,01,BIH.1.1_1,0.03415115463800164,0.186372745490982
2025,01,BIH.2.10_1,0.11263823670329763,0.1597468880757311
2025,01,BIH.2.1_1,0.05362662250839997,0.13727594571819798
2025,01,BIH.2.2_1,0.08252286706536288,0.16103501188502545
2025,01,BIH.2.3_1,0.11091749501481359,0.13763106084325386
2025,01,BIH.2.4_1,0.1141718889411376,0.22582690018830656
2025,01,BIH.2.5_1,0.06129164717445187,0.18976737446321995
2025,01,BIH.2.6_1,0.09802997669510657,0.14769002153007535
2025,01,BIH.2.7_1,0.12334966593196114,0.16185899249362104
2025,01,BIH.2.8_1,0.09814311057549026,0.1714679542609303
2025,01,BIH.2.9_1,0.07570453713475689,0.22538786044565445
2025,01,BIH.3.1_1,0.15534897858558905,0.147520873329985
2025,01,BIH.3.2_1,0.05684237912715034,0.157402448620209
2025,01,BIH.3.3_1,0.10336760501242533,0.16760521155061267
2025,01,BIH.3.4_1,0.07331661990499631,0.12133496415882959
2025,01,BIH.3.5_1,0.08875213545131494,0.13367186277650442
2025,01,BIH.3.6_1,0.09533422584158614,0.19523148837920593
2025,01,BIH.3.7_1,0.08432375394731298,0.13944176570812217
2025,01,BLR.1.14_1,0.04399955220701321,0.40180360721442887
2025,01,BLR.1.3_1,0.03571861272062178,0.2074148296593187
2025,01,BLR.1.8_1,0.03391285105217094,0.1833667334669339
2025,01,BLR.3.11_1,0.034843991792041035,0.1953907815631263
2025,01,BLR.3.12_1,0.03815359116029779,0.24549098196392785
2025,01,BLR.3.16_1,0.034540086638266035,0.19138276553106218
2025,01,BLR.3.1_1,0.035141621929538014,0.19939879759519044
2025,01,BLR.3.2_1,0.03780062389368095,0.23947895791583165
2025,01,BLR.3.3_1,0.032835411739094406,0.17034068136272537
2025,01,BLR.3.5_1,0.035505048928485154,0.2044088176352705
2025,01,BLR.3.6_1,0.0352881280898018,0.2014028056112225
2025,01,BLR.6.11_1,0.03438573496541053,0.1893787575150301
2025,01,BLR.6.12_1,0.032575995558358176,0.16733466933867738
2025,01,BLR.6.21_1,0.031118856483700393,0.15130260521042085
2025,01,BLR.6.2_1,0.035141621929537986,0.19939879759519044
2025,01,CHE.1.10_1,0.1400963557941203,0.14612230987158156
2025,01,CHE.1.11_1,0.15546706157317083,0.1389890538009008
2025,01,CHE.1.1_1,0.11887971302222136,0.1473313395021094
2025,01,CHE.1.2_1,0.17420658189340604,0.1575278713167096
2025,01,CHE.1.3_1,0.16595090147666877,0.15425464587842475
2025,01,CHE.1.4_1,0.1886843358630405,0.15374997490845863
2025,01,CHE.1.5_1,0.14553185986805622,0.16203224990290865
2025,01,CHE.1.6_1,0.16057319257951963,0.1512573996347422
2025,01,CHE.1.7_1,0.1506840532155959,0.1533075037709114
2025,01,CHE.1.8_1,0.14887058228871144,0.14873721503116888
2025,01,CHE.1.9_1,0.12733319375204785,0.15960218632199275
2025,01,CHE.10.10_1,0.061860397054468726,0.027555701782067857
2025,01,CHE.10.11_1,0.11951048122401056,0.03704891684393644
2025,01,CHE.10.1_1,0.07796012912482038,0.029877680627816875
2025,01,CHE.10.2_1,0.019740813209093048,0.02937713271645305
2025,01,CHE.10.3_1,0.10800068610227516,0.035256501008752175
2025,01,CHE.10.4_1,0.04786775318089647,0.04071943375410602
2025,01,CHE.10.5_1,0.05148955292540616,0.01637056111650721
2025,01,CHE.10.6_1,0.060819102217990556,0.040531601962983985
2025,01,CHE.10.7_1,0.05346183001480181,0.020295345588788215
2025,01,CHE.10.8_1,0.10040388750113305,0.0739164544743143
2025,01,CHE.10.9_1,0.06680531919467231,0.0348056724720379
2025,01,CHE.11.1_1,0.16054340522197016,0.12286909135536578
2025,01,CHE.11.2_1,0.1279622740279064,0.10990783293594338
2025,01,CHE.11.3_1,0.18932930827071967,0.1284190898068057
2025,01,CHE.12.1_1,0.0747213044761036,0.07855790550908169
2025,01,CHE.12.2_1,0.15609255855165208,0.15962168092090817
2025,01,CHE.12.3_1,0.16372856122700133,0.1725159123203206
2025,01,CHE.12.4_1,0.15790266220627663,0.14416781159503556
2025,01,CHE.12.5_1,0.15886902650591242,0.13874943203571083
2025,01,CHE.13.1_1,0.1361828415285198,0.16005411764546285
2025,01,CHE.13.2_1,0.049886220284128195,0.1167212267975668
2025,01,CHE.13.3_1,0.07423929045933655,0.10404619094930138
2025,01,CHE.13.4_1,0.11245301760182498,0.1613955234788962
2025,01,CHE.13.5_1,0.12883601594096278,0.1288306701426265
2025,01,CHE.13.6_1,0.10262160615941636,0.12709567316155346
2025,01,CHE.14.1_1,0.10092998852307988,0.11286504606708442
2025,01,CHE.15.1_1,0.05954615312496335,0.06494930639196987
2025,01,CHE.16.1_1,0.10677178153710597,0.11542021798579698
2025,01,CHE.16.2_1,0.09880874169625017,0.1662680320485956
2025,01,CHE.16.3_1,0.08624237494857227,0.10873338246336985
2025,01,CHE.16.4_1,0.06691240035847035,0.06290109986536245
2025,01,CHE.16.5_1,0.12182531877761116,0.12258711497630602
2025,01,CHE.16.6_1,0.11808248092130644,0.09780383869196675
2025,01,CHE.16.7_1,0.05757607607220039,0.07117216754460433
2025,01,CHE.16.8_1,0.10557630887268858,0.13680565011723675
2025,01,CHE.17.1_1,0.06993406963948096,0.1359105789947985
2025,01,CHE.17.2_1,0.09198797580596751,0.12636875328588007
2025,01,CHE.17.3_1,0.07597829305160193,0.13248963496968266
2025,01,CHE.17.4_1,0.05428058471718928,0.14135181063796945
2025,01,CHE.17.5_1,0.06392467811602924,0.1454299816104117
2025,01,CHE.17.6_1,0.061529825651356194,0.1325351433902015
2025,01,CHE.18.1_1,0.02354986300012813,0.08617234468937872
2025,01,CHE.18.2_1,0.027075858437251892,0.1132264529058115
2025,01,CHE.18.3_1,0.0681746559651261,0.20738031256475836
2025,01,CHE.18.4_1,0.05349220184686626,0.2391100734348588
2025,01,CHE.18.5_1,0.09740814798964435,0.13127925813508562
2025,01,CHE.18.6_1,0.11688096341277832,0.10499432608106027
2025,01,CHE.19.10_1,0.1541098949696974,0.1527153145796688
2025,01,CHE.19.1_1,0.1509206378397714,0.1446272024837812
2025,01,CHE.19.2_1,0.1088716028739977,0.1682642550563833
2025,01,CHE.19.3_1,0.09268141302362064,0.1484441135214663
2025,01,CHE.19.4_1,0.10873420462737654,0.14662352733113482
2025,01,CHE.19.5_1,0.1305336947155178,0.14282044841580036
2025,01,CHE.19.6_1,0.12604932314441222,0.15530313274971544
2025,01,CHE.19.7_1,0.032223527815227596,0.16332665330661325
2025,01,CHE.19.8_1,0.09427680212188623,0.13327500642997897
2025,01,CHE.19.9_1,0.10955841697027016,0.1334355697264362
2025,01,CHE.2.1_1,0.12190014159738395,0.0924433354505654
2025,01,CHE.20.1_1,0.10384350345735928,0.14980151720827628
2025,01,CHE.20.2_1,0.0824700222011484,0.13312428674527876
2025,01,CHE.20.3_1,0.03995184438700481,0.27955911823647295
2025,01,CHE.20.4_1,0.055463419602318334,0.14866502864394576
2025,01,CHE.20.5_1,0.10963778620336757,0.1497791893390729
2025,01,CHE.20.6_1,0.11135878682712634,0.15550153520802273
2025,01,CHE.20.7_1,0.1287234674654204,0.14963292874003375
2025,01,CHE.20.8_1,0.12492692422661335,0.1733375132305767
2025,01,CHE.20.9_1,0.09385876462167322,0.15285757275417086
2025,01,CHE.21.1_1,0.12406628644571031,0.10624826109057518
2025,01,CHE.21.2_1,0.04260791498971631,0.04693663116478775
2025,01,CHE.21.3_1,0.07787618751772755,0.03939452520642966
2025,01,CHE.21.4_1,0.21153484095714908,0.16873445203016174
2025,01,CHE.21.5_1,0.3379019197484159,0.2951393900623413
2025,01,CHE.21.6_1,0.15792582416343778,0.19373028161507044
2025,01,CHE.21.7_1,0.05714781056799325,0.07015949396491289
2025,01,CHE.21.8_1,0.0733486313451777,0.09440198240840715
2025,01,CHE.22.1_1,0.09250292838679455,0.04841851463510271
2025,01,CHE.23.10_1,0.0725189052345424,0.06691929957447852
2025,01,CHE.23.11_1,0.07821657034335326,0.035547062835617864
2025,01,CHE.23.12_1,0.0428259666699097,0.038645336617917164
2025,01,CHE.23.13_1,0.06212245651084529,0.02444898941109937
2025,01,CHE.23.14_1,0.05752868093191854,0.03262264213618665
2025,01,CHE.23.1_1,0.04920682374957862,0.032856804540078124
2025,01,CHE.23.2_1,0.04074097546770455,0.04268190678342489
2025,01,CHE.23.3_1,0.040535673613894443,0.034749943571610875
2025,01,CHE.23.4_1,0.054567906983037755,0.024604598436002482
2025,01,CHE.23.5_1,0.04306487193526467,0.02484184377603936
2025,01,CHE.23.6_1,0.06053956388207414,0.028315047150151606
2025,01,CHE.23.7_1,0.06098777087136645,0.0406808287423531
2025,01,CHE.23.8_1,0.0881030091975497,0.13891822600945977
2025,01,CHE.23.9_1,0.048505455345898126,0.036860488971470366
2025,01,CHE.24.10_1,0.11014218534679583,0.13323648457271434
2025,01,CHE.24.1_1,0.10157021500572178,0.09612499022240244
2025,01,CHE.24.2_1,0.24879402011189888,0.15241862884397586
2025,01,CHE.24.3_1,0.2537954959611097,0.15937918169828758
2025,01,CHE.24.4_1,0.3063066453109228,0.14624550842345474
2025,01,CHE.24.5_1,0.10208479261934937,0.3298943106525063
2025,01,CHE.24.6_1,0.2093963398401941,0.21438680361164555
2025,01,CHE.24.7_1,0.3045052780388809,0.20051005272404124
2025,01,CHE.24.8_1,0.2607793171296157,0.20621037874557224
2025,01,CHE.24.9_1,0.1300860836305387,0.5145490879261678
2025,01,CHE.25.1_1,0.11611274033300792,0.15461697273382655
2025,01,CHE.26.10_1,0.04561437424458392,0.15645765756348348
2025,01,CHE.26.11_1,0.11914302628484714,0.18918919788010263
2025,01,CHE.26.12_1,0.1547035723167444,0.15388616470210353
2025,01,CHE.26.13_1,0.24019235180913748,0.3486128307344474
2025,01,CHE.26.1_1,0.1310954601641298,0.17155867864416954
2025,01,CHE.26.2_1,0.16013579063327602,0.14141448729064074
2025,01,CHE.26.3_1,0.15422736529333356,0.1436285771290556
2025,01,CHE.26.4_1,0.1535869637169318,0.14220343219618894
2025,01,CHE.26.5_1,0.11286008855378671,0.16079766707769477
2025,01,CHE.26.6_1,0.10836039799359472,0.1450153393081728
2025,01,CHE.26.7_1,0.12917743081515756,0.20559861900778403
2025,01,CHE.26.8_1,0.1195300906578141,0.16674664584846097
2025,01,CHE.26.9_1,0.1109835220416836,0.13780983626479032
2025,01,CHE.3.1_1,0.05998539305512747,0.07778854076823294
2025,01,CHE.4.1_1,0.13538134179207567,0.21530842328049205
2025,01,CHE.4.2_1,0.11683743019204965,0.14141874354289985
2025,01,CHE.4.3_1,0.1315542555115526,0.1749757138818982
2025,01,CHE.4.4_1,0.17732703300510305,0.14959081068167926
2025,01,CHE.4.5_1,0.12400224563865957,0.1364571814920802
2025,01,CHE.5.1_1,0.035141621929537986,0.19939879759519044
2025,01,CHE.5.2_1,0.03476860943902886,0.19438877755511016
2025,01,CHE.5.3_1,0.034385734965410544,0.1893787575150301
2025,01,CHE.6.10_1,0.049468692015886634,0.04437577515879262
2025,01,CHE.6.11_1,0.12010708188449074,0.06995619659766818
2025,01,CHE.6.12_1,0.15353495463076297,0.09743490877648726
2025,01,CHE.6.13_1,0.07149390480090712,0.14327846892237864
2025,01,CHE.6.14_1,0.10723033443728994,0.1412913891345355
2025,01,CHE.6.15_1,0.16232040969465614,0.13214269215140853
2025,01,CHE.6.16_1,0.1767925169531182,0.18730133005269858
2025,01,CHE.6.17_1,0.07854868837929624,0.07957230815798469
2025,01,CHE.6.18_1,0.04314717606499852,0.039427108090809654
2025,01,CHE.6.19_1,0.0333091502134107,0.03665588448808609
2025,01,CHE.6.1_1,0.11607632674788243,0.15419905711839021
2025,01,CHE.6.20_1,0.02310210053296314,0.02500107824816168
2025,01,CHE.6.21_1,0.04978333055375642,0.08356638712658782
2025,01,CHE.6.22_1,0.14766351825186375,0.10610794004997019
2025,01,CHE.6.23_1,0.0753193576603499,0.08048235706819895
2025,01,CHE.6.24_1,0.143762947913306,0.0960913382315126
2025,01,CHE.6.25_1,0.09351834530958372,0.11498633542579119
2025,01,CHE.6.26_1,0.16839735022955632,0.14467198882930582
2025,01,CHE.6.2_1,0.16102951559217785,0.14342324490805822
2025,01,CHE.6.3_1,0.11342626155445722,0.13145885823880804
2025,01,CHE.6.4_1,0.06289686996471687,0.22234869578931385
2025,01,CHE.6.5_1,0.12184711453614881,0.1427652570142803
2025,01,CHE.6.6_1,0.1617954451428028,0.14578512104004843
2025,01,CHE.6.7_1,0.13406057016587564,0.13125372522368867
2025,01,CHE.6.8_1,0.12588556235706144,0.1724198736272249
2025,01,CHE.6.9_1,0.17097921978871158,0.1431516866136979
2025,01,CHE.7.1_1,0.20170342157557714,0.17493581311009138
2025,01,CHE.7.2_1,0.14455975955889053,0.13049273099123923
2025,01,CHE.7.3_1,0.14571363876496285,0.08992863127191626
2025,01,CHE.7.4_1,0.18465481744781428,0.12124704401611096
2025,01,CHE.7.5_1,0.09068757622438399,0.12347583673913058
2025,01,CHE.7.6_1,0.17068266104194757,0.14408748812087688
2025,01,CHE.7.7_1,0.12137602795640753,0.09761526889126476
2025,01,CHE.8.1_1,0.3152235162144933,0.47211276964903004
2025,01,CHE.9.1_1,0.12443429080170207,0.07475368198396384
2025,01,CYP.1_1,0.04425241372600008,0.41583166332665333
2025,01,CYP.2_1,0.035718612720621754,0.2074148296593187
2025,01,CYP.3_1,0.04466946625138642,0.44689378757515025
2025,01,CYP.4_1,0.026836119816314598,0.11122244488977955
2025,01,CYP.5_1,0.04349480652540884,0.3787575150300601
2025,01,CZE.1.1_1,0.02777710234462391,0.1192384769539077
2025,01,CZE.1.2_1,0.02671508862897927,0.11022044088176362
2025,01,CZE.1.3_1,0.029104267201193773,0.1312625250501002
2025,01,CZE.1.4_1,0.028118013994733373,0.12224448897795602
2025,01,CZE.1.5_1,0.023405787450063883,0.08517034068136269
2025,01,CZE.1.6_1,0.029733116191840107,0.1372745490981964
2025,01,CZE.1.7_1,0.029210616527828536,0.13226452905811623
2025,01,CZE.10.1_1,0.027075858437251826,0.1132264529058115
2025,01,CZE.10.2_1,0.027194583498260656,0.11422845691382753
2025,01,CZE.10.3_1,0.03168027796489126,0.15731462925851705
2025,01,CZE.10.4_1,0.027429787789472807,0.1162324649298596
2025,01,CZE.10.5_1,0.027662052453809594,0.11823647294589178
2025,01,CZE.10.6_1,0.02867250735884842,0.12725450901803606
2025,01,CZE.10.7_1,0.028230263129052656,0.12324649298597194
2025,01,CZE.11.10_1,0.03768045910529504,0.23747494989979948
2025,01,CZE.11.11_1,0.03367075430784955,0.1803607214428857
2025,01,CZE.11.12_1,0.044543778455702336,0.4358717434869739
2025,01,CZE.11.13_1,0.03092752895819812,0.1492985971943888
2025,01,CZE.11.14_1,0.03168027796489132,0.15731462925851705
2025,01,CZE.11.15_1,0.03014035370116704,0.14128256513026052
2025,01,CZE.11.16_1,0.04474561636453561,0.4549098196392786
2025,01,CZE.11.17_1,0.039303445104941756,0.2665330661322645
2025,01,CZE.11.18_1,0.032749403036772616,0.16933867735470945
2025,01,CZE.11.19_1,0.03367075430784951,0.1803607214428857
2025,01,CZE.11.20_1,0.039658410664094486,0.27354709418837675
2025,01,CZE.11.21_1,0.03257599555835809,0.16733466933867738
2025,01,CZE.11.22_1,0.032223527815227596,0.16332665330661325
2025,01,CZE.11.2_1,0.0405988016584048,0.2935871743486973
2025,01,CZE.11.3_1,0.0325759955583581,0.16733466933867738
2025,01,CZE.11.4_1,0.03168027796489137,0.15731462925851705
2025,01,CZE.11.5_1,0.03383257713374815,0.18236472945891777
2025,01,CZE.11.6_1,0.030831061077761727,0.14829659318637275
2025,01,CZE.11.7_1,0.035215065628508006,0.20040080160320647
2025,01,CZE.11.8_1,0.032044412894186636,0.16132264529058118
2025,01,CZE.11.9_1,0.03797850899911906,0.24248496993987986
2025,01,CZE.12.10_1,0.02777710234462388,0.1192384769539077
2025,01,CZE.12.11_1,0.025198533109430373,0.09819639278557112
2025,01,CZE.12.12_1,0.026347237652495626,0.10721442885771541
2025,01,CZE.12.1_1,0.02439208779022551,0.09218436873747492
2025,01,CZE.12.2_1,0.02671508862897935,0.11022044088176362
2025,01,CZE.12.3_1,0.026470656961829556,0.10821643286573145
2025,01,CZE.12.4_1,0.02571771001131256,0.10220440881763525
2025,01,CZE.12.5_1,0.024392087790225496,0.09218436873747492
2025,01,CZE.12.6_1,0.030140353701167032,0.14128256513026052
2025,01,CZE.12.7_1,0.026593270780774413,0.10921843687374748
2025,01,CZE.12.8_1,0.028997287752026903,0.13026052104208416
2025,01,CZE.12.9_1,0.02671508862897935,0.11022044088176362
2025,01,CZE.13.1_1,0.03102345930877965,0.15030060120240482
2025,01,CZE.13.2_1,0.03358919997061705,0.17935871743486978
2025,01,CZE.13.3_1,0.03222352781522758,0.16332665330661325
2025,01,CZE.13.4_1,0.030538387620146698,0.14529058116232466
2025,01,CZE.13.5_1,0.03222352781522754,0.16332665330661325
2025,01,CZE.13.6_1,0.03121372476644206,0.1523046092184369
2025,01,CZE.13.7_1,0.031495198068607344,0.155310621242485
2025,01,CZE.14.1_1,0.030538387620146698,0.14529058116232466
2025,01,CZE.14.2_1,0.03102345930877963,0.15030060120240482
2025,01,CZE.14.3_1,0.03014035370116704,0.14128256513026052
2025,01,CZE.14.4_1,0.033912851052170886,0.1833667334669339
2025,01,CZE.2.1_1,0.028889672107144958,0.12925851703406813
2025,01,CZE.2.2_1,0.02931634169296392,0.13326653306613226
2025,01,CZE.2.3_1,0.03266293205732407,0.16833667334669342
2025,01,CZE.2.4_1,0.028005075663230898,0.12124248496993976
2025,01,CZE.2.5_1,0.02942144854834706,0.1342685370741483
2025,01,CZE.2.6_1,0.031401891445194445,0.15430861723446895
2025,01,CZE.2.7_1,0.02899728775202691,0.13026052104208416
2025,01,CZE.3.1_1,0.03073405124093544,0.14729458917835672
2025,01,CZE.3.2_1,0.029733116191840107,0.1372745490981964
2025,01,CZE.3.3_1,0.03140189144519443,0.15430861723446895
2025,01,CZE.4.1_1,0.029316341692963908,0.13326653306613226
2025,01,CZE.4.2_1,0.029733116191840055,0.1372745490981964
2025,01,CZE.4.3_1,0.027312557164847505,0.11523046092184368
2025,01,CZE.4.4_1,0.028889672107144958,0.12925851703406813
2025,01,CZE.4.5_1,0.027891440905278755,0.12024048096192395
2025,01,CZE.5.1_1,0.0318633394373777,0.15931863727454912
2025,01,CZE.5.2_1,0.03063649494716469,0.1462925851703407
2025,01,CZE.5.3_1,0.032488590249385774,0.16633266533066135
2025,01,CZE.5.4_1,0.03003941978447331,0.1402805611222445
2025,01,CZE.5.5_1,0.02811801399473343,0.12224448897795602
2025,01,CZE.6.1_1,0.031118856483700393,0.15130260521042085
2025,01,CZE.6.2_1,0.02789144090527873,0.12024048096192395
2025,01,CZE.6.3_1,0.030240712502615532,0.14228456913827656
2025,01,CZE.6.4_1,0.0297331161918401,0.1372745490981964
2025,01,CZE.7.1_1,0.028230263129052656,0.12324649298597194
2025,01,CZE.7.2_1,0.030039419784473383,0.1402805611222445
2025,01,CZE.7.3_1,0.03083106107776171,0.14829659318637275
2025,01,CZE.7.4_1,0.03063649494716475,0.1462925851703407
2025,01,CZE.7.5_1,0.030439724606053674,0.14428857715430862
2025,01,CZE.7.6_1,0.03177205908137903,0.15831663326653309
2025,01,CZE.8.1_1,0.027312557164847498,0.11523046092184368
2025,01,CZE.8.2_1,0.03034050117169258,0.1432865731462926
2025,01,CZE.8.3_1,0.03083106107776173,0.14829659318637275
2025,01,CZE.8.4_1,0.030927528958198135,0.1492985971943888
2025,01,CZE.8.5_1,0.027662052453809646,0.11823647294589178
2025,01,CZE.9.1_1,0.027312557164847505,0.11523046092184368
2025,01,CZE.9.2_1,0.03140189144519448,0.15430861723446895
2025,01,CZE.9.3_1,0.02973311619184011,0.1372745490981964
2025,01,CZE.9.4_1,0.0278914409052787,0.12024048096192395
2025,01,DEU.1.10_1,0.2317373319146794,0.3286813594985455
2025,01,DEU.1.11_1,0.291666511511679,0.30441957013115395
2025,01,DEU.1.12_1,0.041852642561532295,0.32464929859719444
2025,01,DEU.1.13_1,0.16784290073668637,0.2878787981455994
2025,01,DEU.1.14_1,0.2613804663199689,0.29179145349285274
2025,01,DEU.1.15_1,0.04174165723655594,0.32164328657314634
2025,01,DEU.1.16_1,0.1366440101616541,0.27464035316523033
2025,01,DEU.1.17_1,0.04275621720651014,0.35170340681362733
2025,01,DEU.1.18_1,0.30169817985028724,0.3457028424662234
2025,01,DEU.1.19_1,0.17332157498678247,0.3217759156619072
2025,01,DEU.1.1_1,0.311451131697147,0.2800579309175206
2025,01,DEU.1.20_1,0.04220710644894091,0.33466933867735477
2025,01,DEU.1.21_1,0.2528724642170973,0.3553618718129484
2025,01,DEU.1.22_1,0.2170555302730682,0.301283530389958
2025,01,DEU.1.23_1,0.2491185785003732,0.29889070153977315
2025,01,DEU.1.24_1,0.279059483639647,0.3560345508162522
2025,01,DEU.1.25_1,0.18684252649653654,0.3414702435016077
2025,01,DEU.1.26_1,0.04337010586627802,0.37374749498997994
2025,01,DEU.1.27_1,0.23151534173786303,0.3538607580050317
2025,01,DEU.1.28_1,0.3202807751377309,0.3424128726108607
2025,01,DEU.1.29_1,0.27947070833590587,0.3072924034396463
2025,01,DEU.1.2_1,0.041741657236555915,0.32164328657314634
2025,01,DEU.1.30_1,0.04174165723655595,0.32164328657314634
2025,01,DEU.1.31_1,0.21726737317851044,0.3856772531279186
2025,01,DEU.1.32_1,0.25485942868832184,0.25751088588252985
2025,01,DEU.1.33_1,0.24138090263195255,0.3158456820635567
2025,01,DEU.1.34_1,0.21510416258881088,0.2720821333101859
2025,01,DEU.1.35_1,0.33563256322317303,0.3918285686135379
2025,01,DEU.1.36_1,0.19446078027747307,0.29745387409487406
2025,01,DEU.1.37_1,0.23844163659888623,0.3208624398519707
2025,01,DEU.1.38_1,0.18476943636670637,0.27165011539755163
2025,01,DEU.1.39_1,0.20637149420861065,0.269219789091664
2025,01,DEU.1.3_1,0.2819809266162146,0.2835053575275146
2025,01,DEU.1.40_1,0.04151315560969297,0.31563126252505014
2025,01,DEU.1.41_1,0.16285359732465257,0.2903399884433265
2025,01,DEU.1.42_1,0.2428946175414404,0.26190980890068605
2025,01,DEU.1.43_1,0.0399997938618311,0.280561122244489
2025,01,DEU.1.44_1,0.23804131081798843,0.28582973799015005
2025,01,DEU.1.45_1,0.20520643292905924,0.26399068949940696
2025,01,DEU.1.4_1,0.21903623935165142,0.3070036244975019
2025,01,DEU.1.5_1,0.04421877482643152,0.41382765531062116
2025,01,DEU.1.6_1,0.20588838995352746,0.308454197239387
2025,01,DEU.1.7_1,0.30670926526387665,0.32327800956007297
2025,01,DEU.1.8_1,0.21762237906778292,0.3409093598377427
2025,01,DEU.1.9_1,0.21504642712181124,0.33608268717721534
2025,01,DEU.10.10_1,0.03809553972866255,0.2444889779559117
2025,01,DEU.10.11_1,0.1121450578251465,0.2079339807979169
2025,01,DEU.10.12_1,0.036672372330655414,0.22144288577154306
2025,01,DEU.10.13_1,0.1173868749234331,0.17924490404473634
2025,01,DEU.10.14_1,0.03743630130350774,0.23346693386773534
2025,01,DEU.10.15_1,0.13804088366005662,0.21868442534127028
2025,01,DEU.10.16_1,0.03592887278629501,0.2104208416833667
2025,01,DEU.10.17_1,0.035859149967226014,0.20941883767535066
2025,01,DEU.10.18_1,0.12465601609393487,0.24051671508707206
2025,01,DEU.10.19_1,0.11555563342267906,0.22665105593538915
2025,01,DEU.10.1_1,0.03620416898054935,0.21442885771543072
2025,01,DEU.10.20_1,0.039608540399406575,0.2725450901803607
2025,01,DEU.10.21_1,0.11672599587266039,0.15624123326026088
2025,01,DEU.10.22_1,0.11487117783460249,0.19134410306352032
2025,01,DEU.10.23_1,0.16033766949995168,0.24859493278383749
2025,01,DEU.10.24_1,0.0376199002542718,0.23647294589178355
2025,01,DEU.10.25_1,0.037680459105295064,0.23747494989979948
2025,01,DEU.10.26_1,0.03755902193439969,0.23547094188376752
2025,01,DEU.10.27_1,0.15047606919643775,0.20701249407446212
2025,01,DEU.10.28_1,0.14139859442087155,0.19074044603283757
2025,01,DEU.10.29_1,0.12577285731935814,0.24794005041268274
2025,01,DEU.10.2_1,0.0385514073384469,0.25250501002004005
2025,01,DEU.10.30_1,0.1301719832398508,0.23696029890814277
2025,01,DEU.10.31_1,0.036672372330655484,0.22144288577154306
2025,01,DEU.10.32_1,0.03712380963457757,0.22845691382765518
2025,01,DEU.10.33_1,0.036204168980549456,0.21442885771543072
2025,01,DEU.10.34_1,0.13258616188483976,0.19553135690229126
2025,01,DEU.10.35_1,0.03838273329162205,0.24949899799599198
2025,01,DEU.10.36_1,0.09270694136236247,0.1769883944494234
2025,01,DEU.10.37_1,0.11629770986274339,0.19800780027406806
2025,01,DEU.10.38_1,0.1263534755152954,0.25152443732948065
2025,01,DEU.10.39_1,0.03499358228034871,0.19739478957915838
2025,01,DEU.10.3_1,0.038717389095742905,0.25551102204408815
2025,01,DEU.10.40_1,0.12534770891568234,0.24555399714105322
2025,01,DEU.10.41_1,0.11237572847684268,0.24892550966351695
2025,01,DEU.10.42_1,0.16500325939906557,0.20938162504727525
2025,01,DEU.10.43_1,0.10933393605564652,0.23014055010159912
2025,01,DEU.10.44_1,0.12075555652461119,0.19189632216075456
2025,01,DEU.10.45_1,0.13898076246845756,0.20090023157254344
2025,01,DEU.10.46_1,0.037186964104105824,0.22945891783567132
2025,01,DEU.10.47_1,0.11786460808371124,0.20651514560256093
2025,01,DEU.10.48_1,0.19651624089452788,0.24593230545639624
2025,01,DEU.10.49_1,0.12240500100254621,0.22811386873548276
2025,01,DEU.10.4_1,0.16522064913705367,0.24822728495236787
2025,01,DEU.10.50_1,0.12091789894793062,0.25878170158053465
2025,01,DEU.10.51_1,0.14015538949896875,0.22885926554441766
2025,01,DEU.10.52_1,0.14241710530696974,0.24050404933389846
2025,01,DEU.10.53_1,0.03564779446325793,0.20641282565130267
2025,01,DEU.10.5_1,0.03737445616120218,0.23246492985971942
2025,01,DEU.10.6_1,0.12852911754241497,0.22804585440159617
2025,01,DEU.10.7_1,0.037680459105295064,0.23747494989979948
2025,01,DEU.10.8_1,0.03888070953173469,0.25851703406813625
2025,01,DEU.10.9_1,0.14878483552172778,0.22042505023352124
2025,01,DEU.11.10_1,0.5476166801399841,0.17135110784800414
2025,01,DEU.11.11_1,0.03930344510494173,0.2665330661322645
2025,01,DEU.11.12_1,0.203308089733567,0.18681006045439985
2025,01,DEU.11.13_1,0.03383257713374815,0.18236472945891777
2025,01,DEU.11.14_1,0.2584083915901017,0.18769357685712154
2025,01,DEU.11.15_1,0.03491898199281638,0.19639278557114234
2025,01,DEU.11.16_1,0.35658291337686826,0.1761644376129882
2025,01,DEU.11.17_1,0.03350721333440811,0.17835671342685364
2025,01,DEU.11.18_1,0.03446311269826629,0.19038076152304603
2025,01,DEU.11.19_1,0.32636993250067725,0.24944616634052005
2025,01,DEU.11.1_1,0.3050459000620853,0.1699625997475421
2025,01,DEU.11.20_1,0.03571861272062168,0.2074148296593187
2025,01,DEU.11.21_1,0.3483442987211928,0.19766088104013896
2025,01,DEU.11.22_1,0.031680277964891305,0.15731462925851705
2025,01,DEU.11.23_1,0.28923933317408934,0.18714556588534115
2025,01,DEU.11.24_1,0.03415115463800164,0.186372745490982
2025,01,DEU.11.25_1,0.4061741116411459,0.15898318347266913
2025,01,DEU.11.26_1,0.4207826325657747,0.17479464715011223
2025,01,DEU.11.27_1,0.1963339094896066,0.23654780173616333
2025,01,DEU.11.28_1,0.03454008663826588,0.19138276553106218
2025,01,DEU.11.29_1,0.31987991193557475,0.19120551988298204
2025,01,DEU.11.2_1,0.39714044652071545,0.18365150601834823
2025,01,DEU.11.30_1,0.33972662670994075,0.1910791424531751
2025,01,DEU.11.31_1,0.3754736325694589,0.187170268124461
2025,01,DEU.11.32_1,0.034993582280348684,0.19739478957915838
2025,01,DEU.11.33_1,0.37013291129568116,0.16888066199403426
2025,01,DEU.11.34_1,0.5074971682242189,0.18277109877454684
2025,01,DEU.11.35_1,0.03506779486511007,0.1983967935871743
2025,01,DEU.11.36_1,0.032312359793050895,0.16432865731462928
2025,01,DEU.11.3_1,0.3409647980044925,0.2631215935868798
2025,01,DEU.11.4_1,0.27223714004329247,0.24354055582390818
2025,01,DEU.11.5_1,0.40138639691416717,0.190293063579438
2025,01,DEU.11.6_1,0.3786632156622579,0.18399186359626735
2025,01,DEU.11.7_1,0.34775849302854756,0.16946014230829756
2025,01,DEU.11.8_1,0.3376224126348934,0.17488416772994256
2025,01,DEU.11.9_1,0.32797577700556724,0.18631820908035096
2025,01,DEU.12.1_1,0.09647676293444776,0.19599508165911958
2025,01,DEU.12.2_1,0.09718428791552683,0.20008312854285515
2025,01,DEU.12.3_1,0.12670900680510394,0.27702567970816727
2025,01,DEU.12.4_1,0.13645737296536356,0.2116975259548625
2025,01,DEU.12.5_1,0.09683701207604073,0.19801963030375716
2025,01,DEU.12.6_1,0.10365046614847905,0.19766018439462124
2025,01,DEU.13.10_1,0.1801284463347776,0.2203759235204327
2025,01,DEU.13.11_1,0.17689042941143157,0.2426702706167811
2025,01,DEU.13.12_1,0.18032070946598983,0.23605110971379015
2025,01,DEU.13.13_1,0.19638434059880527,0.23054935624102094
2025,01,DEU.13.14_1,0.11215809373384349,0.20743704120391418
2025,01,DEU.13.1_1,0.13842191458157077,0.22123141787237896
2025,01,DEU.13.2_1,0.12152972075342132,0.22341456425120337
2025,01,DEU.13.3_1,0.2309606607405602,0.23689875487215262
2025,01,DEU.13.4_1,0.21595103114123732,0.20208580563882067
2025,01,DEU.13.5_1,0.036803040760427105,0.22344689378757523
2025,01,DEU.13.6_1,0.03699650601105095,0.22645290581162333
2025,01,DEU.13.7_1,0.1713311264821936,0.21927219072384768
2025,01,DEU.13.8_1,0.10867220466923383,0.22529072626295993
2025,01,DEU.13.9_1,0.03731228588703086,0.23146292585170328
2025,01,DEU.14.10_1,0.20152736192508564,0.19193250315087354
2025,01,DEU.14.11_1,0.20379261992365877,0.1540201507887145
2025,01,DEU.14.12_1,0.2049630363558281,0.1410316624979722
2025,01,DEU.14.13_1,0.19569708189491616,0.15573786085516975
2025,01,DEU.14.1_1,0.27055417219806605,0.16717209143815687
2025,01,DEU.14.2_1,0.030240712502615525,0.14228456913827656
2025,01,DEU.14.3_1,0.033912851052170886,0.1833667334669339
2025,01,DEU.14.4_1,0.2510598053621562,0.13242365378345955
2025,01,DEU.14.5_1,0.2549207701456021,0.16538350391866133
2025,01,DEU.14.6_1,0.035360811414559726,0.20240480961923832
2025,01,DEU.14.7_1,0.20918277823756992,0.18519732298305036
2025,01,DEU.14.8_1,0.1969747449381312,0.18995311808819465
2025,01,DEU.14.9_1,0.25195070639034023,0.15685065010696145
2025,01,DEU.15.10_1,0.36613530525242505,0.23854567113784841
2025,01,DEU.15.11_1,0.49947277636042725,0.22029424710514003
2025,01,DEU.15.12_1,0.4503321135311491,0.2489622868084159
2025,01,DEU.15.13_1,0.37641663295379346,0.2123142773663133
2025,01,DEU.15.14_1,0.42436962460163313,0.24930138982793093
2025,01,DEU.15.15_1,0.2880387065488014,0.22046790412351983
2025,01,DEU.15.1_1,0.4426675428482958,0.276088759788554
2025,01,DEU.15.2_1,0.03755902193439963,0.23547094188376752
2025,01,DEU.15.3_1,0.4409393556063171,0.2079334024377099
2025,01,DEU.15.4_1,0.03882656321699921,0.2575150300601202
2025,01,DEU.15.5_1,0.03667237233065552,0.22144288577154306
2025,01,DEU.15.6_1,0.0352881280898018,0.2014028056112225
2025,01,DEU.15.7_1,0.45090265440340427,0.279771967035887
2025,01,DEU.15.8_1,0.23461503787484386,0.22765010475263417
2025,01,DEU.15.9_1,0.2777612606293744,0.24752421663296292
2025,01,DEU.16.10_1,0.03092752895819814,0.1492985971943888
2025,01,DEU.16.11_1,0.2520263230134748,0.2184856738714587
2025,01,DEU.16.12_1,0.18869740017539036,0.18533248150988382
2025,01,DEU.16.13_1,0.33201933309922016,0.15683350056238643
2025,01,DEU.16.14_1,0.28382261767551714,0.14660824903838274
2025,01,DEU.16.15_1,0.21190882381912626,0.15870972524083246
2025,01,DEU.16.16_1,0.27882078124619586,0.1710570853508834
2025,01,DEU.16.17_1,0.29267805135873765,0.24120011789311777
2025,01,DEU.16.18_1,0.11380835586736303,0.16405308546834294
2025,01,DEU.16.19_1,0.029316341692963915,0.13326653306613226
2025,01,DEU.16.1_1,0.22864086273293693,0.19679583614247267
2025,01,DEU.16.20_1,0.2454481990142352,0.2094213642725462
2025,01,DEU.16.21_1,0.2509246098735886,0.17176820926201986
2025,01,DEU.16.22_1,0.28363177585646454,0.18252696267833354
2025,01,DEU.16.23_1,0.030538387620146698,0.14529058116232466
2025,01,DEU.16.2_1,0.3202245829753428,0.17392693210489354
2025,01,DEU.16.3_1,0.030140353701167032,0.14128256513026052
2025,01,DEU.16.4_1,0.03257599555835807,0.16733466933867738
2025,01,DEU.16.5_1,0.02899728775202695,0.13026052104208416
2025,01,DEU.16.6_1,0.2517660823018985,0.19210608704382054
2025,01,DEU.16.7_1,0.2357475472334418,0.1643300193642597
2025,01,DEU.16.8_1,0.20146186848667116,0.1443636981097678
2025,01,DEU.16.9_1,0.21856292728760257,0.15258193829778693
2025,01,DEU.2.10_1,0.20658476218460253,0.11392186143073571
2025,01,DEU.2.11_1,0.20304579916695362,0.1374823423457261
2025,01,DEU.2.12_1,0.1259053710155996,0.08481028304795354
2025,01,DEU.2.13_1,0.03231235979305091,0.16432865731462928
2025,01,DEU.2.14_1,0.21954134689513902,0.1371260328312247
2025,01,DEU.2.15_1,0.025717710011312515,0.10220440881763525
2025,01,DEU.2.16_1,0.21458008137690193,0.12613551077712173
2025,01,DEU.2.17_1,0.09777760068484063,0.06918380353147754
2025,01,DEU.2.18_1,0.17851668250352554,0.10102004507642999
2025,01,DEU.2.19_1,0.029104267201193846,0.1312625250501002
2025,01,DEU.2.1_1,0.14503069742099245,0.1109865772827445
2025,01,DEU.2.20_1,0.14625882321903275,0.14667311245992457
2025,01,DEU.2.21_1,0.12193298792489746,0.11216188224454525
2025,01,DEU.2.22_1,0.14138530024821705,0.09548006888436052
2025,01,DEU.2.23_1,0.15996871690704714,0.12185664850919492
2025,01,DEU.2.24_1,0.11191732093803862,0.10698502531010504
2025,01,DEU.2.25_1,0.20939991599491586,0.12155787769474669
2025,01,DEU.2.26_1,0.13877207087481713,0.10108401024015443
2025,01,DEU.2.27_1,0.16403036662970116,0.10899951333334917
2025,01,DEU.2.28_1,0.14694751712707022,0.10418989644621421
2025,01,DEU.2.29_1,0.18828304783177185,0.13149287762086467
2025,01,DEU.2.2_1,0.14051059898275187,0.10324218240225534
2025,01,DEU.2.30_1,0.030439724606053677,0.14428857715430862
2025,01,DEU.2.31_1,0.028889672107144958,0.12925851703406813
2025,01,DEU.2.32_1,0.16598280178287061,0.12166200595648959
2025,01,DEU.2.33_1,0.14463653362160825,0.11030680865352435
2025,01,DEU.2.34_1,0.16164426639703372,0.0889574823545387
2025,01,DEU.2.35_1,0.14159452618444726,0.11053918698702797
2025,01,DEU.2.36_1,0.11470725872687358,0.12309059611346669
2025,01,DEU.2.37_1,0.10759517286619183,0.060137172780701645
2025,01,DEU.2.38_1,0.17233420920279585,0.10224727724887592
2025,01,DEU.2.39_1,0.16042795422106373,0.12832086092445183
2025,01,DEU.2.3_1,0.15873686882731547,0.10925149440282822
2025,01,DEU.2.40_1,0.028005075663230895,0.12124248496993976
2025,01,DEU.2.41_1,0.16723040422540844,0.11414830072648842
2025,01,DEU.2.42_1,0.029316341692963915,0.13326653306613226
2025,01,DEU.2.43_1,0.02439208779022553,0.09218436873747492
2025,01,DEU.2.44_1,0.16202729601531168,0.12087918309112736
2025,01,DEU.2.45_1,0.02369285331449488,0.08717434869739475
2025,01,DEU.2.46_1,0.1829287302964571,0.14256652177312956
2025,01,DEU.2.47_1,0.1374074376621493,0.12235997607819041
2025,01,DEU.2.48_1,0.14280123315306364,0.11904767188294478
2025,01,DEU.2.49_1,0.15667194523495306,0.0945562106447771
2025,01,DEU.2.4_1,0.026593270780774413,0.10921843687374748
2025,01,DEU.2.50_1,0.028005075663230898,0.12124248496993976
2025,01,DEU.2.51_1,0.17370606994302473,0.10790783323158787
2025,01,DEU.2.52_1,0.11441112623560125,0.13438432588985594
2025,01,DEU.2.53_1,0.11090305184230181,0.08152443667923645
2025,01,DEU.2.54_1,0.02834183015253209,0.12424849699398798
2025,01,DEU.2.55_1,0.23442934963253917,0.14465526915992868
2025,01,DEU.2.56_1,0.023260609712008714,0.08416833667334665
2025,01,DEU.2.57_1,0.10371737252863526,0.07781411567240076
2025,01,DEU.2.58_1,0.19738696157754712,0.15333742730896466
2025,01,DEU.2.59_1,0.16441034806594484,0.10559415435284279
2025,01,DEU.2.5_1,0.027312557164847498,0.11523046092184368
2025,01,DEU.2.60_1,0.17819006749804508,0.13360782210661132
2025,01,DEU.2.61_1,0.13214706193391543,0.10494187888319614
2025,01,DEU.2.62_1,0.1283242833866117,0.11924147511754322
2025,01,DEU.2.63_1,0.13025565819204743,0.11446016038967086
2025,01,DEU.2.64_1,0.19454307058087517,0.12375645285547626
2025,01,DEU.2.65_1,0.19292551990462958,0.11424827879928097
2025,01,DEU.2.66_1,0.21293459161174133,0.15674788479080892
2025,01,DEU.2.67_1,0.028005075663230898,0.12124248496993976
2025,01,DEU.2.68_1,0.12048827325925526,0.05908184333204294
2025,01,DEU.2.69_1,0.167754750674592,0.07427668626527321
2025,01,DEU.2.6_1,0.23784916231241798,0.12087370138373418
2025,01,DEU.2.70_1,0.02609794339476907,0.10521042084168335
2025,01,DEU.2.71_1,0.17773975825329685,0.1029490606607559
2025,01,DEU.2.72_1,0.12990969622902013,0.11398923909228821
2025,01,DEU.2.73_1,0.13273790968973231,0.09207078910156609
2025,01,DEU.2.74_1,0.028781414078247688,0.1282565130260521
2025,01,DEU.2.75_1,0.19460349958891285,0.11070329856111327
2025,01,DEU.2.76_1,0.2167325184797204,0.13510608897849943
2025,01,DEU.2.77_1,0.022966877399027967,0.08216432865731459
2025,01,DEU.2.78_1,0.1848042640792191,0.08593378356962787
2025,01,DEU.2.79_1,0.14362645018364278,0.13112497088592137
2025,01,DEU.2.7_1,0.031308068371355614,0.15330661322645292
2025,01,DEU.2.80_1,0.15479454372742163,0.09531373215598081
2025,01,DEU.2.81_1,0.02584530739365445,0.10320641282565128
2025,01,DEU.2.82_1,0.16997672122413257,0.10263449774328583
2025,01,DEU.2.83_1,0.029525942839218094,0.13527054108216433
2025,01,DEU.2.84_1,0.19649255856304554,0.14085449550553894
2025,01,DEU.2.85_1,0.11216365026458634,0.10846603204574705
2025,01,DEU.2.86_1,0.1751261556706545,0.09954201667060467
2025,01,DEU.2.87_1,0.033174886994658884,0.1743486973947895
2025,01,DEU.2.88_1,0.15065447046095226,0.10541841262588232
2025,01,DEU.2.89_1,0.16725060537759195,0.09307159573306142
2025,01,DEU.2.8_1,0.2110881517844386,0.14240399691364386
2025,01,DEU.2.90_1,0.20391779602411425,0.09569971488311504
2025,01,DEU.2.91_1,0.029104267201193846,0.1312625250501002
2025,01,DEU.2.92_1,0.0274297877894728,0.1162324649298596
2025,01,DEU.2.93_1,0.1504110935662779,0.08003691519288772
2025,01,DEU.2.94_1,0.15394249143353922,0.11077147656099078
2025,01,DEU.2.95_1,0.15179562894610574,0.11348654848604214
2025,01,DEU.2.96_1,0.2423763693625506,0.13827382454869458
2025,01,DEU.2.9_1,0.026836119816314594,0.11122244488977955
2025,01,DEU.3.1_1,0.03592887278629507,0.2104208416833667
2025,01,DEU.4.10_1,0.18136074560759297,0.1844464776641259
2025,01,DEU.4.11_1,0.228583388091834,0.20141944100793263
2025,01,DEU.4.12_1,0.18216623743530477,0.21322896145779455
2025,01,DEU.4.13_1,0.2363329750927312,0.22459419322141116
2025,01,DEU.4.14_1,0.03557660719068577,0.20541082164328653
2025,01,DEU.4.15_1,0.18924892678845692,0.1958948501503602
2025,01,DEU.4.16_1,0.19902230476982166,0.1843652652558798
2025,01,DEU.4.17_1,0.14557456524137855,0.18868248779740915
2025,01,DEU.4.18_1,0.22339295704129988,0.21632171067025494
2025,01,DEU.4.1_1,0.18622406516757592,0.19840963438623907
2025,01,DEU.4.2_1,0.03454008663826589,0.19138276553106218
2025,01,DEU.4.3_1,0.03599823425056957,0.21142284569138262
2025,01,DEU.4.4_1,0.22725333144572282,0.2039372454984811
2025,01,DEU.4.5_1,0.20760840247480317,0.18123466942665722
2025,01,DEU.4.6_1,0.03342479158883787,0.1773547094188377
2025,01,DEU.4.7_1,0.19037407427689418,0.19948190780233443
2025,01,DEU.4.8_1,0.25545704954668547,0.20975909131160175
2025,01,DEU.4.9_1,0.16617330749704318,0.21463836461327168
2025,01,DEU.5.1_1,0.03731228588703087,0.23146292585170328
2025,01,DEU.5.2_1,0.035433117677725653,0.20340681362725446
2025,01,DEU.6.1_1,0.021585529005919278,0.07314629258517029
2025,01,DEU.7.10_1,0.04323996878466325,0.3687374749498998
2025,01,DEU.7.11_1,0.2523914989551881,0.4071725086070115
2025,01,DEU.7.12_1,0.2204572368069849,0.405368199069879
2025,01,DEU.7.13_1,0.20130290881466223,0.4181051905935223
2025,01,DEU.7.14_1,0.25329765840824525,0.41369224073409755
2025,01,DEU.7.15_1,0.16256039878268966,0.5021471015657629
2025,01,DEU.7.16_1,0.21620592579169015,0.41059990573650185
2025,01,DEU.7.17_1,0.17534354918513795,0.3868158643911848
2025,01,DEU.7.18_1,0.04401896487476813,0.4028056112224449
2025,01,DEU.7.19_1,0.16646084822439464,0.4874573806696888
2025,01,DEU.7.1_1,0.21879832328821006,0.39172958623292625
2025,01,DEU.7.20_1,0.18837424032872643,0.3997124620339646
2025,01,DEU.7.21_1,0.23669418664127456,0.38694302035243394
2025,01,DEU.7.22_1,0.1969376444392917,0.3777636784415385
2025,01,DEU.7.23_1,0.21053556546253696,0.3655943782775141
2025,01,DEU.7.24_1,0.18512248757713695,0.36957071343966746
2025,01,DEU.7.25_1,0.230233665468794,0.4082526723275832
2025,01,DEU.7.26_1,0.0429051868296193,0.35671342685370727
2025,01,DEU.7.2_1,0.22010738589463252,0.4025529070188751
2025,01,DEU.7.3_1,0.04323996878466323,0.3687374749498998
2025,01,DEU.7.4_1,0.043318705853011945,0.3717434869739479
2025,01,DEU.7.5_1,0.21415213960064947,0.3573259786876693
2025,01,DEU.7.6_1,0.19497201548335472,0.40900889889254644
2025,01,DEU.7.7_1,0.17205174049939206,0.4151787002406429
2025,01,DEU.7.8_1,0.20232827307208162,0.3790033694992635
2025,01,DEU.7.9_1,0.16538539466470245,0.4118399888590391
2025,01,DEU.8.1_1,0.4579869895849199,0.19563669552988944
2025,01,DEU.8.2_1,0.4661427106105907,0.19325636951637956
2025,01,DEU.8.3_1,0.34977893143094696,0.20808286437524895
2025,01,DEU.8.4_1,0.03606723621772734,0.21242484969939876
2025,01,DEU.8.5_1,0.40368461403543965,0.19634514851255744
2025,01,DEU.8.6_1,0.03514162192953799,0.19939879759519044
2025,01,DEU.8.7_1,0.43750296437025576,0.1993873801606808
2025,01,DEU.8.8_1,0.3658716127516638,0.20813513404090803
2025,01,DEU.9.10_1,0.30396355029973265,0.2268704968856578
2025,01,DEU.9.11_1,0.10252733003030565,0.23564803334131101
2025,01,DEU.9.12_1,0.24478583532789353,0.2037251321338251
2025,01,DEU.9.13_1,0.11705101088981264,0.17688934138866533
2025,01,DEU.9.14_1,0.1994864712208545,0.1953853035107887
2025,01,DEU.9.15_1,0.19958977298454167,0.24656572190264942
2025,01,DEU.9.16_1,0.10160710916049073,0.18796133202602025
2025,01,DEU.9.17_1,0.2480972322886726,0.21241189722785556
2025,01,DEU.9.18_1,0.18432956112482488,0.20433439512851936
2025,01,DEU.9.19_1,0.2139288206921525,0.21847430343300875
2025,01,DEU.9.1_1,0.0923480257132035,0.2164027891936297
2025,01,DEU.9.20_1,0.2325841109628296,0.18941682585557879
2025,01,DEU.9.21_1,0.2288350848255236,0.18750007531179486
2025,01,DEU.9.22_1,0.1735134746885714,0.26661665956232433
2025,01,DEU.9.23_1,0.2006031100144324,0.19766357355939815
2025,01,DEU.9.24_1,0.24884217751420523,0.20701860493760094
2025,01,DEU.9.25_1,0.23135470762865942,0.21897440841751895
2025,01,DEU.9.26_1,0.12247591251689448,0.17672063083723055
2025,01,DEU.9.27_1,0.03761990025427182,0.23647294589178355
2025,01,DEU.9.28_1,0.14684248908459646,0.21176567729801285
2025,01,DEU.9.29_1,0.037249789025351344,0.23046092184368736
2025,01,DEU.9.2_1,0.19606378188487106,0.2892335791199924
2025,01,DEU.9.30_1,0.22912465532632503,0.22916400357922734
2025,01,DEU.9.31_1,0.13054210346743286,0.2393061895256555
2025,01,DEU.9.32_1,0.1304745660324994,0.18731993321620669
2025,01,DEU.9.33_1,0.1006684491499898,0.22071836382179238
2025,01,DEU.9.34_1,0.17677832546834218,0.2204414102100665
2025,01,DEU.9.35_1,0.29045745128389455,0.21318403853350826
2025,01,DEU.9.36_1,0.03446311269826633,0.19038076152304603
2025,01,DEU.9.37_1,0.2354032688770031,0.2126595185002301
2025,01,DEU.9.38_1,0.2529464475083864,0.24851756590937402
2025,01,DEU.9.39_1,0.193948301104278,0.1992724374318868
2025,01,DEU.9.3_1,0.03469283266576523,0.19338677354709424
2025,01,DEU.9.40_1,0.12134350088518923,0.22246414091795447
2025,01,DEU.9.41_1,0.1316806388679397,0.24890578514404618
2025,01,DEU.9.42_1,0.11949853327418913,0.2511323628992355
2025,01,DEU.9.43_1,0.037860232540010696,0.24048096192384757
2025,01,DEU.9.44_1,0.17840070068407551,0.2942956896558679
2025,01,DEU.9.45_1,0.22676256795419125,0.20892541187600033
2025,01,DEU.9.46_1,0.035067794865110156,0.1983967935871743
2025,01,DEU.9.4_1,0.17595962712143173,0.21719345944401175
2025,01,DEU.9.5_1,0.13952268889568317,0.2255645613869796
2025,01,DEU.9.6_1,0.2235238212676713,0.2660274325777082
2025,01,DEU.9.7_1,0.0357890639130824,0.20841683366733474
2025,01,DEU.9.8_1,0.2620301273851774,0.2182785314280557
2025,01,DEU.9.9_1,0.03599823425056957,0.21142284569138262
2025,01,DNK.1.10_1,0.04442275398000693,0.5711422845691382
2025,01,DNK.1.11_1,0.03706032411114867,0.22745490981963937
2025,01,DNK.1.12_1,0.03780062389368087,0.23947895791583165
2025,01,DNK.1.13_1,0.04489756377030312,0.5190380761523046
2025,01,DNK.1.14_1,0.04090302106854621,0.30060120240480964
2025,01,DNK.1.15_1,0.04451830354100681,0.43386773547094193
2025,01,DNK.1.16_1,0.03633968549762287,0.21643286573146278
2025,01,DNK.1.17_1,0.035067794865110115,0.1983967935871743
2025,01,DNK.1.18_1,0.0363396854976229,0.21643286573146278
2025,01,DNK.1.19_1,0.03724978902535127,0.23046092184368736
2025,01,DNK.1.1_1,0.03768045910529502,0.23747494989979948
2025,01,DNK.1.20_1,0.03585914996722603,0.20941883767535066
2025,01,DNK.1.21_1,0.03718696410410585,0.22945891783567132
2025,01,DNK.1.22_1,0.03791952713584336,0.24148296593186372
2025,01,DNK.1.23_1,0.04107123585527144,0.3046092184368738
2025,01,DNK.1.24_1,0.03826877246779933,0.24749498997995992
2025,01,DNK.1.25_1,0.0449354775136431,0.49498997995991983
2025,01,DNK.1.26_1,0.03898812616854865,0.2605210420841683
2025,01,DNK.1.27_1,0.044268924317824455,0.5811623246492985
2025,01,DNK.1.28_1,0.03749782275340514,0.2344689378757515
2025,01,DNK.1.2_1,0.036867865902490055,0.22444889779559116
2025,01,DNK.1.30_1,0.03925160781713173,0.2655310621242485
2025,01,DNK.1.3_1,0.03768045910529506,0.23747494989979948
2025,01,DNK.1.4_1,0.035433117677725674,0.20340681362725446
2025,01,DNK.1.5_1,0.040235496357250024,0.28557114228456904
2025,01,DNK.1.8_1,0.035433117677725653,0.20340681362725446
2025,01,DNK.1.9_1,0.0379785089991191,0.24248496993987986
2025,01,DNK.2.10_1,0.01647793926590856,0.04509018036072148
2025,01,DNK.2.11_1,0.016477939265908577,0.04509018036072148
2025,01,DNK.2.12_1,0.01668789637508749,0.046092184368737514
2025,01,DNK.2.14_1,0.018090716680414617,0.053106212424849746
2025,01,DNK.2.15_1,0.01689532731238101,0.04709418837675355
2025,01,DNK.2.16_1,0.020771874757003258,0.06813627254509023
2025,01,DNK.2.17_1,0.016687896375087434,0.046092184368737514
2025,01,DNK.2.18_1,0.017897026113825563,0.05210420841683371
2025,01,DNK.2.19_1,0.01770119836850652,0.05110220440881768
2025,01,DNK.2.1_1,0.020604800138715924,0.0671342685370742
2025,01,DNK.2.2_1,0.018659500671422483,0.056112224448897845
2025,01,DNK.2.3_1,0.019921030331542175,0.06312625250500996
2025,01,DNK.2.4_1,0.01939102045433616,0.06012024048096198
2025,01,DNK.2.5_1,0.015832120098875184,0.04208416833667338
2025,01,DNK.2.6_1,0.020604800138715927,0.0671342685370742
2025,01,DNK.2.7_1,0.01689532731238101,0.04709418837675355
2025,01,DNK.2.8_1,0.01730289940232394,0.04909819639278561
2025,01,DNK.2.9_1,0.017302899402323945,0.04909819639278561
2025,01,DNK.2_1,0.01750317614569473,0.050100200400801646
2025,01,DNK.3.10_1,0.03407213719838789,0.18537074148296598
2025,01,DNK.3.11_1,0.03506779486511005,0.1983967935871743
2025,01,DNK.3.1_1,0.036996506011050964,0.22645290581162333
2025,01,DNK.3.2_1,0.03383257713374823,0.18236472945891777
2025,01,DNK.3.3_1,0.0349189819928164,0.19639278557114234
2025,01,DNK.3.4_1,0.03430795101871431,0.18837675350701397
2025,01,DNK.3.5_1,0.036406917078049786,0.21743486973947893
2025,01,DNK.3.7_1,0.03399270353252683,0.18436873747494983
2025,01,DNK.3.8_1,0.03699650601105098,0.22645290581162333
2025,01,DNK.3.9_1,0.03438573496541051,0.1893787575150301
2025,01,DNK.4.10_1,0.035360811414559656,0.20240480961923832
2025,01,DNK.4.11_1,0.03660652579932899,0.22044088176352702
2025,01,DNK.4.12_1,0.03640691707804974,0.21743486973947893
2025,01,DNK.4.13_1,0.0357890639130823,0.20841683366733474
2025,01,DNK.4.14_1,0.03654033552975867,0.219438877755511
2025,01,DNK.4.15_1,0.03375187911770993,0.18136272545090185
2025,01,DNK.4.16_1,0.03438573496541052,0.1893787575150301
2025,01,DNK.4.17_1,0.03484399179204103,0.1953907815631263
2025,01,DNK.4.1_1,0.03358919997061706,0.17935871743486978
2025,01,DNK.4.2_1,0.036204168980549456,0.21442885771543072
2025,01,DNK.4.3_1,0.03543311767772568,0.20340681362725446
2025,01,DNK.4.4_1,0.03550504892848519,0.2044088176352705
2025,01,DNK.4.5_1,0.03660652579932899,0.22044088176352702
2025,01,DNK.4.6_1,0.034843991792041035,0.1953907815631263
2025,01,DNK.4.7_1,0.036473799852391645,0.21843687374749496
2025,01,DNK.4.8_1,0.03461665917470771,0.1923847695390781
2025,01,DNK.4.9_1,0.03454008663826589,0.19138276553106218
2025,01,DNK.5.10_1,0.03557660719068579,0.20541082164328653
2025,01,DNK.5.11_1,0.03620416898054938,0.21442885771543072
2025,01,DNK.5.12_1,0.03557660719068578,0.20541082164328653
2025,01,DNK.5.13_1,0.03491898199281641,0.19639278557114234
2025,01,DNK.5.14_1,0.03499358228034869,0.19739478957915838
2025,01,DNK.5.15_1,0.03743630130350809,0.23346693386773534
2025,01,DNK.5.16_1,0.03724978902535134,0.23046092184368736
2025,01,DNK.5.17_1,0.03592887278629506,0.2104208416833667
2025,01,DNK.5.18_1,0.03499358228034871,0.19739478957915838
2025,01,DNK.5.19_1,0.03454008663826589,0.19138276553106218
2025,01,DNK.5.1_1,0.03391285105217093,0.1833667334669339
2025,01,DNK.5.20_1,0.03317488699465887,0.1743486973947895
2025,01,DNK.5.21_1,0.036204168980549394,0.21442885771543072
2025,01,DNK.5.22_1,0.03550504892848518,0.2044088176352705
2025,01,DNK.5.2_1,0.036339685497622884,0.21643286573146278
2025,01,DNK.5.3_1,0.035141621929538,0.19939879759519044
2025,01,DNK.5.4_1,0.036473799852391665,0.21843687374749496
2025,01,DNK.5.5_1,0.035433117677725647,0.20340681362725446
2025,01,DNK.5.6_1,0.03422975840493736,0.18737474949899793
2025,01,DNK.5.8_1,0.03613588052320533,0.2134268537074148
2025,01,DNK.5.9_1,0.03647379985239165,0.21843687374749496
2025,01,ESP.1.1_1,0.33305716195055957,0.14832550572352954
2025,01,ESP.1.2_1,0.29095755463059114,0.3756112591938805
2025,01,ESP.1.3_1,0.3607772782942753,0.26979986837747866
2025,01,ESP.1.4_1,0.4039997479308036,0.12617389108057714
2025,01,ESP.1.5_1,0.384969872548449,0.3449605195086873
2025,01,ESP.1.6_1,0.348418857060948,0.17196611869180867
2025,01,ESP.1.7_1,0.41498180663791845,0.27649178517851025
2025,01,ESP.1.8_1,0.45857610960365097,0.4017430585026897
2025,01,ESP.10.1_1,0.5325758742185436,0.3920159545214
2025,01,ESP.10.2_1,0.4788721510994485,0.2845072210500346
2025,01,ESP.10.3_1,0.7373791548459728,0.41528824696054595
2025,01,ESP.11.1_1,0.3553471751003975,0.09164069643962579
2025,01,ESP.11.2_1,0.3719823697372185,0.07306351422543302
2025,01,ESP.12.1_1,0.45670487927062925,0.4574078249101399
2025,01,ESP.12.2_1,0.35649755972716346,0.3283124356092478
2025,01,ESP.12.3_1,0.41061403403853497,0.30616103834779584
2025,01,ESP.12.4_1,0.3679895778444088,0.4614449013355275
2025,01,ESP.13.1_1,0.37159288665252516,0.38837674973795966
2025,01,ESP.14.1_1,0.04966088344552711,0.90553324818214
2025,01,ESP.15.1_1,0.4743974199517346,0.18087053161364186
2025,01,ESP.16.1_1,0.31824689237077186,0.3056068573459501
2025,01,ESP.16.2_1,0.4225322851320182,0.35983620640868624
2025,01,ESP.16.3_1,0.4850269217002705,0.43564928889950705
2025,01,ESP.17.1_1,0.2184913183296813,0.07188353725038694
2025,01,ESP.18.1_1,0.24699947411948264,0.20392633504450505
2025,01,ESP.2.1_1,0.5622006227333912,0.2355011880227052
2025,01,ESP.2.2_1,0.5608570636468467,0.1819616879703078
2025,01,ESP.2.3_1,0.6951769299118121,0.2498804601102442
2025,01,ESP.3.1_1,0.43009962094349113,0.30862052044013805
2025,01,ESP.4.1_1,0.31952404964354225,0.15281484981437884
2025,01,ESP.4.2_1,0.38288139104828167,0.20623439351823233
2025,01,ESP.4.3_1,0.5298308973454015,0.15414035269824625
2025,01,ESP.4.4_1,0.5773802711580276,0.15080558293952465
2025,01,ESP.4.5_1,0.5779114819205412,0.25020860221883406
2025,01,ESP.5.1_1,0.698196163143563,0.3574679108197269
2025,01,ESP.5.2_1,0.9317332651817749,0.3858160267062869
2025,01,ESP.5.3_1,0.6758619938530156,0.4010560102515254
2025,01,ESP.5.4_1,0.6340743821778192,0.41635021388224835
2025,01,ESP.5.5_1,0.8955038155849098,0.434315284828027
2025,01,ESP.5.6_1,0.6430504401071659,0.3301576535128247
2025,01,ESP.5.7_1,0.5779765948455496,0.28629410557940305
2025,01,ESP.5.8_1,0.7006094381673497,0.4414021002721346
2025,01,ESP.5.9_1,0.741278159737274,0.455464748905917
2025,01,ESP.6.1_1,0.788002489199211,0.42576623787115886
2025,01,ESP.6.2_1,0.6711414482818227,0.4069330337463989
2025,01,ESP.6.3_1,0.6171749210039629,0.2667537019808422
2025,01,ESP.6.4_1,0.603416906352316,0.3688415602084545
2025,01,ESP.7.1_1,0.05468776856680489,0.860367804700609
2025,01,ESP.7.2_1,0.06484892068545496,0.6260909820012355
2025,01,ESP.8.1_1,0.5866724519575325,0.3320039205472471
2025,01,ESP.9.1_1,0.8127486478132928,0.3638500310311386
2025,01,EST.1.10_1,0.26184634664112455,0.15784627953541597
2025,01,EST.1.11_1,0.03248859024938567,0.16633266533066135
2025,01,EST.1.12_1,0.036339685497622884,0.21643286573146278
2025,01,EST.1.13_1,0.1495805831603581,0.16187199825884224
2025,01,EST.1.14_1,0.16773019523656063,0.15880134198308002
2025,01,EST.1.15_1,0.033751879117709944,0.18136272545090185
2025,01,EST.1.16_1,0.1304674168532163,0.15542342874012913
2025,01,EST.1.17_1,0.19247081986942285,0.1631301583922167
2025,01,EST.1.18_1,0.16429832276440004,0.1738934743626389
2025,01,EST.1.19_1,0.14351300642893078,0.1561238599443807
2025,01,EST.1.1_1,0.0314018914451945,0.15430861723446895
2025,01,EST.1.20_1,0.13200044068659947,0.33905345557436756
2025,01,EST.1.21_1,0.07250073388418793,0.14900193074523302
2025,01,EST.1.22_1,0.1644691878353962,0.30218157363935727
2025,01,EST.1.2_1,0.19283334525919915,0.1524728312452113
2025,01,EST.1.3_1,0.1650714625101084,0.16276300739073252
2025,01,EST.1.4_1,0.1853327145030494,0.17527067555013134
2025,01,EST.1.5_1,0.16773491988443587,0.1865785822726491
2025,01,EST.1.6_1,0.13832078112880708,0.15286812661891158
2025,01,EST.1.7_1,0.14086396775935958,0.18859131555305256
2025,01,EST.1.8_1,0.16460138715811473,0.14410721786191374
2025,01,EST.1.9_1,0.20325873028642544,0.14262731741724774
2025,01,EST.10.10_1,0.18155728664875062,0.15997937733816953
2025,01,EST.10.11_1,0.12888914906721294,0.13815659694617446
2025,01,EST.10.12_1,0.20017975849430833,0.15248729942794267
2025,01,EST.10.13_1,0.10524943823888347,0.15314453982533258
2025,01,EST.10.14_1,0.18671816874802333,0.15600387454960427
2025,01,EST.10.1_1,0.09756730371597065,0.1449777789217094
2025,01,EST.10.2_1,0.15715671211421728,0.15080436841825698
2025,01,EST.10.3_1,0.11235216471577376,0.14209137700316543
2025,01,EST.10.4_1,0.11230556536907237,0.14203564245898465
2025,01,EST.10.5_1,0.14255986258621017,0.15279250326867336
2025,01,EST.10.6_1,0.12406727202274391,0.13672487288307333
2025,01,EST.10.7_1,0.18872796418704918,0.15600484965314282
2025,01,EST.10.8_1,0.033174886994658884,0.1743486973947895
2025,01,EST.10.9_1,0.17069467654884102,0.14279836255838288
2025,01,EST.11.10_1,0.17857183794169282,0.16074775454794255
2025,01,EST.11.1_1,0.032488590249385704,0.16633266533066135
2025,01,EST.11.2_1,0.11629121388419435,0.15482865441694657
2025,01,EST.11.3_1,0.11845314740368201,0.1461719853135811
2025,01,EST.11.4_1,0.10104264357998996,0.1588065095437008
2025,01,EST.11.5_1,0.24108089222572227,0.1636630083265577
2025,01,EST.11.6_1,0.16425810595246004,0.15150180355063095
2025,01,EST.11.7_1,0.3044313774486188,0.14536253389250528
2025,01,EST.11.8_1,0.1536690890247949,0.14271768502361684
2025,01,EST.11.9_1,0.21725676167398209,0.1489008555919785
2025,01,EST.12.10_1,0.2137287388683002,0.16915152917364587
2025,01,EST.12.11_1,0.21794249927257725,0.17058166873015218
2025,01,EST.12.12_1,0.1964191668130943,0.18831401877343187
2025,01,EST.12.14_1,0.1357235263268327,0.18858907095954605
2025,01,EST.12.15_1,0.1551156338314241,0.19020355805276468
2025,01,EST.12.16_1,0.19552459970111732,0.16836009327316406
2025,01,EST.12.1_1,0.2940714406879268,0.17388266473880293
2025,01,EST.12.2_1,0.16960013487946263,0.1728181750680668
2025,01,EST.12.3_1,0.2102060311263488,0.20336984770227157
2025,01,EST.12.4_1,0.038772123442110076,0.2565130260521042
2025,01,EST.12.5_1,0.16566665070291364,0.16310369239599837
2025,01,EST.12.6_1,0.2624874654691274,0.17641763075075675
2025,01,EST.12.7_1,0.16442684834456203,0.18019085663488274
2025,01,EST.12.8_1,0.25125534038189246,0.16760732233842285
2025,01,EST.12.9_1,0.1372650917692562,0.1764422947607265
2025,01,EST.13.10_1,0.10780950533574023,0.16599723797580895
2025,01,EST.13.11_1,0.15040439317278811,0.13520964889040643
2025,01,EST.13.12_1,0.07605507559017585,0.13291202676231986
2025,01,EST.13.13_1,0.02834183015253204,0.12424849699398798
2025,01,EST.13.14_1,0.14320768816108437,0.14586415619406415
2025,01,EST.13.15_1,0.14167155845019266,0.14119665017204766
2025,01,EST.13.16_1,0.12438692034242801,0.12701149065255185
2025,01,EST.13.17_1,0.11234611661200923,0.1443959652416506
2025,01,EST.13.18_1,0.21842449459493976,0.1419855160157426
2025,01,EST.13.19_1,0.13160525261725908,0.17754899348856218
2025,01,EST.13.1_1,0.18719414706942292,0.1446084200530106
2025,01,EST.13.20_1,0.17992958930546957,0.15336071964652437
2025,01,EST.13.21_1,0.11777165034063174,0.1448485698293888
2025,01,EST.13.22_1,0.03909438201518482,0.2625250501002004
2025,01,EST.13.2_1,0.04896420449810427,0.18429171942831094
2025,01,EST.13.3_1,0.14919302215010588,0.14963967782153015
2025,01,EST.13.4_1,0.032749403036772644,0.16933867735470945
2025,01,EST.13.5_1,0.18443548045353583,0.1450293225450249
2025,01,EST.13.6_1,0.13208313745132408,0.14673104170649612
2025,01,EST.13.7_1,0.07822547007891391,0.14132249936079158
2025,01,EST.13.8_1,0.15590025038870994,0.15738368244790726
2025,01,EST.13.9_1,0.12835543032867003,0.13685690229327044
2025,01,EST.14.10_1,0.11873683179833848,0.14721531959405076
2025,01,EST.14.11_1,0.13056772347266785,0.15503185552499174
2025,01,EST.14.12_1,0.03557660719068572,0.20541082164328653
2025,01,EST.14.13_1,0.033832577133748216,0.18236472945891777
2025,01,EST.14.1_1,0.12958992017306303,0.15295664640281284
2025,01,EST.14.2_1,0.10052959220044937,0.15676044950324797
2025,01,EST.14.3_1,0.12308025763880666,0.14618003286619527
2025,01,EST.14.4_1,0.10189822821995488,0.16462855879615218
2025,01,EST.14.5_1,0.12445987797015459,0.1503643982677191
2025,01,EST.14.6_1,0.12277888437241526,0.14542445610147298
2025,01,EST.14.7_1,0.15415630998521396,0.1435778974347191
2025,01,EST.14.8_1,0.14654993814240122,0.15311674223866756
2025,01,EST.14.9_1,0.12641785440254003,0.15956364178835097
2025,01,EST.15.10_1,0.11105752533994777,0.1379695277447874
2025,01,EST.15.11_1,0.2348703630708214,0.15261337804517572
2025,01,EST.15.12_1,0.20297132143056837,0.14707998647995849
2025,01,EST.15.13_1,0.15265380856973124,0.14134659628463078
2025,01,EST.15.14_1,0.03358919997061706,0.17935871743486978
2025,01,EST.15.15_1,0.031680277964891285,0.15731462925851705
2025,01,EST.15.1_1,0.1367032456954272,0.1607348797728123
2025,01,EST.15.2_1,0.1663002217254121,0.14820904798388632
2025,01,EST.15.3_1,0.1504009956793733,0.14346398559283222
2025,01,EST.15.4_1,0.1253869996013529,0.12946196009807223
2025,01,EST.15.5_1,0.12661399790987032,0.1442050203551717
2025,01,EST.15.6_1,0.1072539759044345,0.15998078510796407
2025,01,EST.15.7_1,0.034692832665765165,0.19338677354709424
2025,01,EST.15.8_1,0.1349112398071155,0.15512407095313763
2025,01,EST.15.9_1,0.1766103891313198,0.1559017210417226
2025,01,EST.16.10_1,0.14848902545258988,0.14806298461026865
2025,01,EST.16.11_1,0.22876652606678075,0.13859218373418114
2025,01,EST.16.12_1,0.21608708524708653,0.15156002899736346
2025,01,EST.16.1_1,0.17766701911507649,0.1582157307960311
2025,01,EST.16.2_1,0.31265305088026363,0.1460626368779059
2025,01,EST.16.3_1,0.2015790040323813,0.14458812085416006
2025,01,EST.16.4_1,0.3133546623628074,0.1496677135272853
2025,01,EST.16.5_1,0.24616798035523493,0.15073015736333942
2025,01,EST.16.6_1,0.14074615072963167,0.15942422053014177
2025,01,EST.16.7_1,0.3527290863076362,0.15044328275123603
2025,01,EST.16.8_1,0.19663398087754252,0.14595943136590037
2025,01,EST.16.9_1,0.12395376723977627,0.14923917691253913
2025,01,EST.2.1_1,0.18975304136167728,0.17059823706509455
2025,01,EST.2.2_1,0.2095611680281781,0.17495405760432606
2025,01,EST.2.3_1,0.03724978902535144,0.23046092184368736
2025,01,EST.2.4_1,0.21385615993887414,0.2509414018644385
2025,01,EST.2.5_1,0.2161495165343169,0.1842885724230915
2025,01,EST.3.10_1,0.13062132932739404,0.15741272014544613
2025,01,EST.3.11_1,0.09896319706237319,0.15060256243413614
2025,01,EST.3.12_1,0.11720428282043822,0.14452582343325845
2025,01,EST.3.13_1,0.14288547062037807,0.12683889918348293
2025,01,EST.3.14_1,0.16545691348469138,0.13996702512822928
2025,01,EST.3.15_1,0.032662932057324,0.16833667334669342
2025,01,EST.3.16_1,0.030039419784473217,0.1402805611222445
2025,01,EST.3.17_1,0.0335072133344081,0.17835671342685364
2025,01,EST.3.18_1,0.030831061077761707,0.14829659318637275
2025,01,EST.3.19_1,0.10638581617156558,0.1576176001807725
2025,01,EST.3.1_1,0.09224619813014472,0.1752139289724884
2025,01,EST.3.20_1,0.11134532432162994,0.1559057084376889
2025,01,EST.3.21_1,0.10145720130192078,0.13959365818370248
2025,01,EST.3.22_1,0.15189019360858746,0.14687195483184506
2025,01,EST.3.2_1,0.09352520805848437,0.1312679014220525
2025,01,EST.3.3_1,0.1384600981340718,0.14220272241781803
2025,01,EST.3.4_1,0.140944704258318,0.14845671837499966
2025,01,EST.3.5_1,0.14497062359905954,0.154281059927313
2025,01,EST.3.6_1,0.12890653880462963,0.19281648090529077
2025,01,EST.3.7_1,0.030140353701167032,0.14128256513026052
2025,01,EST.3.8_1,0.08338963298215595,0.1661138139915332
2025,01,EST.3.9_1,0.0434215524636672,0.1389351056962141
2025,01,EST.4.10_1,0.11518673707471534,0.13715395167237335
2025,01,EST.4.11_1,0.20762744402677188,0.15166563490246526
2025,01,EST.4.12_1,0.1134012957199018,0.166832431180975
2025,01,EST.4.1_1,0.12726907745912305,0.13453375364604406
2025,01,EST.4.2_1,0.17574595068559676,0.14775599857562136
2025,01,EST.4.3_1,0.11157477220146433,0.13959305477559963
2025,01,EST.4.4_1,0.10174524481498957,0.14126993283301567
2025,01,EST.4.5_1,0.11384641503097205,0.14684268395549285
2025,01,EST.4.6_1,0.16861906038367527,0.1386165838124464
2025,01,EST.4.7_1,0.11671505990253948,0.128416996199933
2025,01,EST.4.8_1,0.03149519806860732,0.155310621242485
2025,01,EST.4.9_1,0.17274982434870198,0.140975142541637
2025,01,EST.5.10_1,0.11711927583454405,0.1427997103348459
2025,01,EST.5.11_1,0.14890254230729288,0.1317195513623441
2025,01,EST.5.12_1,0.16096479914113918,0.13594946090743218
2025,01,EST.5.13_1,0.164810198939639,0.1449884813662597
2025,01,EST.5.1_1,0.20929992056197738,0.14488394645448216
2025,01,EST.5.2_1,0.049547275444375025,0.19058118589198167
2025,01,EST.5.3_1,0.09410669552412014,0.1543430499446473
2025,01,EST.5.4_1,0.03240071279083803,0.16533066132264532
2025,01,EST.5.5_1,0.15366338939658256,0.13458234452986423
2025,01,EST.5.6_1,0.15137334793723783,0.12970589656362538
2025,01,EST.5.7_1,0.16302390064982794,0.13360506079319726
2025,01,EST.5.8_1,0.18180915068083706,0.14816540280359736
2025,01,EST.5.9_1,0.03469283266576518,0.19338677354709424
2025,01,EST.6.10_1,0.10900810469825872,0.13219927470521556
2025,01,EST.6.11_1,0.19492139807922393,0.13855823904665715
2025,01,EST.6.12_1,0.24709400771067186,0.15289603482227365
2025,01,EST.6.13_1,0.21597768297298522,0.14244804269874053
2025,01,EST.6.14_1,0.19425447639113705,0.1420325869192359
2025,01,EST.6.1_1,0.15156961382913536,0.1379682232450584
2025,01,EST.6.2_1,0.2045510354059904,0.14075227520015832
2025,01,EST.6.3_1,0.033507213334408086,0.17835671342685364
2025,01,EST.6.4_1,0.14162417674509153,0.14073051067445747
2025,01,EST.6.5_1,0.11925121924486394,0.13523701496261178
2025,01,EST.6.6_1,0.1843481387092094,0.1474102528742268
2025,01,EST.6.7_1,0.14928630463410725,0.15146233028659856
2025,01,EST.6.8_1,0.18346268964745288,0.1432380336214235
2025,01,EST.6.9_1,0.18432300692954456,0.13949044192851545
2025,01,EST.7.10_1,0.0748677699080314,0.16039246213987388
2025,01,EST.7.11_1,0.13916785067371987,0.15498140087696527
2025,01,EST.7.12_1,0.13666710669327428,0.1780791418155445
2025,01,EST.7.1_1,0.03743630130350768,0.23346693386773534
2025,01,EST.7.2_1,0.18506368710898877,0.17007623657410473
2025,01,EST.7.3_1,0.12422577572878557,0.14960799800523195
2025,01,EST.7.4_1,0.172581642707749,0.15404102175753676
2025,01,EST.7.5_1,0.1947950672250306,0.14765948236969256
2025,01,EST.7.6_1,0.15247733936983804,0.16387035885595325
2025,01,EST.7.7_1,0.09412661573541566,0.1545365753445555
2025,01,EST.7.8_1,0.12891713228068505,0.15027951129057188
2025,01,EST.7.9_1,0.2297842742631587,0.16300980157247158
2025,01,EST.8.10_1,0.03342479158883796,0.1773547094188377
2025,01,EST.8.11_1,0.16820585699544585,0.15185400135220672
2025,01,EST.8.12_1,0.11135445375403252,0.1564471028826831
2025,01,EST.8.13_1,0.03461665917470768,0.1923847695390781
2025,01,EST.8.14_1,0.11091348320389606,0.15393515210993602
2025,01,EST.8.15_1,0.07428274806583893,0.15716787110400282
2025,01,EST.8.16_1,0.15374236485820617,0.14285869792431619
2025,01,EST.8.17_1,0.14529479440751508,0.16079854324160364
2025,01,EST.8.18_1,0.03882656321699924,0.2575150300601202
2025,01,EST.8.19_1,0.19986165118274263,0.14697770877803976
2025,01,EST.8.1_1,0.11234056876547553,0.14246363808072224
2025,01,EST.8.20_1,0.22092218253644455,0.16710152606219586
2025,01,EST.8.2_1,0.15750617623789634,0.1608672703776097
2025,01,EST.8.3_1,0.1586396740418385,0.16432505066192124
2025,01,EST.8.4_1,0.22204164165189252,0.1474448838735017
2025,01,EST.8.5_1,0.09016443877800924,0.16454912325610654
2025,01,EST.8.7_1,0.2232735042727028,0.1589876076718792
2025,01,EST.8.8_1,0.03334193188399731,0.17635270541082157
2025,01,EST.8.9_1,0.08404565463043805,0.16930033240101222
2025,01,EST.9.1_1,0.03667237233065548,0.22144288577154306
2025,01,FIN.1.1_1,0.10681548882082635,0.07315318392659577
2025,01,FIN.1.2_1,0.11860863125591008,0.07043696439477516
2025,01,FIN.1.3_1,0.0645148767270503,0.17050198969982647
2025,01,FIN.1.4_1,0.13765920788693398,0.093728276091935
2025,01,FIN.2.1_1,0.08661343538748409,0.03997075104163598
2025,01,FIN.3.1_1,0.06973176630041526,0.05992667830959982
2025,01,FIN.3.2_1,0.13740063799588773,0.052911981460263935
2025,01,FIN.4.1_1,0.10187596144759911,0.12556170988785217
2025,01,FIN.4.2_1,0.11228002587528206,0.13510966412991984
2025,01,FIN.4.3_1,0.036214600155970715,0.09390409839956686
2025,01,FIN.4.4_1,0.10343744153903288,0.09741091416281977
2025,01,FIN.4.5_1,0.16166558691680855,0.14810235630336277
2025,01,FIN.5.1_1,0.14508064819313832,0.0855281888550708
2025,01,FIN.5.2_1,0.07934555028822801,0.06441902145474483
2025,01,FIN.5.3_1,0.23487612296953314,0.1375236066691311
2025,01,FIN.5.4_1,0.11909571628095264,0.10174861777168955
2025,01,FIN.5.5_1,0.07291343774669656,0.11991897073396035
2025,01,FIN.5.6_1,0.17509813210170144,0.10985257353946888
2025,01,FIN.5.7_1,0.15743099348862216,0.11752609863002116
2025,01,FIN.5.8_1,0.13392242006708707,0.08038375900675741
2025,01,FIN.5.9_1,0.12374184814893832,0.11604854791815426
2025,01,FRA.1.10_1,0.29368465567591534,0.24584987272881156
2025,01,FRA.1.11_1,0.29974237333286524,0.5545788396433186
2025,01,FRA.1.12_1,0.193046782211746,0.1455863069985412
2025,01,FRA.1.1_1,0.2633426006192813,0.25720955616545266
2025,01,FRA.1.2_1,0.25535262326825175,0.28843002816828484
2025,01,FRA.1.3_1,0.23910305725854986,0.2646084896796943
2025,01,FRA.1.4_1,0.2032006563633025,0.2300437766103359
2025,01,FRA.1.5_1,0.24718713144904925,0.273142994614072
2025,01,FRA.1.6_1,0.2372503384169882,0.21631360112912348
2025,01,FRA.1.7_1,0.20380780033619172,0.1653211574523358
2025,01,FRA.1.8_1,0.2909838194318321,0.2395372919129902
2025,01,FRA.1.9_1,0.24248429182904485,0.2528435956313837
2025,01,FRA.10.10_1,0.30686662214515065,0.7885268859226074
2025,01,FRA.10.11_1,0.33943752704931857,0.7631037769076212
2025,01,FRA.10.12_1,0.30373377202131024,0.7363545043031858
2025,01,FRA.10.1_1,0.30513991861507567,0.8322080318441721
2025,01,FRA.10.2_1,0.2816980928524363,0.7646686672254571
2025,01,FRA.10.3_1,0.2861771285880191,0.6287218593153397
2025,01,FRA.10.4_1,0.2555824892877631,0.6013600429139759
2025,01,FRA.10.5_1,0.28486520750968525,0.7760124298536502
2025,01,FRA.10.6_1,0.3402942230310944,0.7370660229274751
2025,01,FRA.10.7_1,0.3413565974232024,0.840172603994544
2025,01,FRA.10.8_1,0.27791486271482035,0.6803837631623486
2025,01,FRA.10.9_1,0.2682762534017611,0.816890647242811
2025,01,FRA.11.10_1,0.1787764226755709,0.1704085128598087
2025,01,FRA.11.11_1,0.20717977921440212,0.33054732807385245
2025,01,FRA.11.12_1,0.23181148157678616,0.32978840104658347
2025,01,FRA.11.13_1,0.2987011795650581,0.32100203429861746
2025,01,FRA.11.1_1,0.17489266412288593,0.1980288534508676
2025,01,FRA.11.2_1,0.25508359457715846,0.31760472863469563
2025,01,FRA.11.3_1,0.2775550207674339,0.2426838662836315
2025,01,FRA.11.4_1,0.2729201290109671,0.28599548983670897
2025,01,FRA.11.5_1,0.246726771887794,0.32289693514861145
2025,01,FRA.11.6_1,0.28573383378963646,0.320138106113268
2025,01,FRA.11.7_1,0.21416731352548646,0.23316011381374258
2025,01,FRA.11.8_1,0.28449313660901765,0.35110400962986715
2025,01,FRA.11.9_1,0.2427413006165084,0.29017278505797456
2025,01,FRA.12.1_1,0.3059877381085067,0.3396199130706689
2025,01,FRA.12.2_1,0.2775213381518962,0.30242972431468634
2025,01,FRA.12.3_1,0.23794973675401243,0.28617070975499714
2025,01,FRA.12.4_1,0.2530712000040943,0.2729058506924354
2025,01,FRA.12.5_1,0.2466810017831186,0.34310020960393917
2025,01,FRA.13.1_1,0.20118646873025206,0.18083193698745922
2025,01,FRA.13.2_1,0.271532659184339,0.4341521026075941
2025,01,FRA.13.3_1,0.323663060183799,0.6621257488370411
2025,01,FRA.13.4_1,0.13559700091258503,0.08633599566407107
2025,01,FRA.13.5_1,0.2640956178824536,0.4486863890277571
2025,01,FRA.13.6_1,0.21226636080741182,0.3043658326885758
2025,01,FRA.2.1_1,0.2366843291900902,0.19867208161572747
2025,01,FRA.2.2_1,0.19852160954605177,0.16172171416697517
2025,01,FRA.2.3_1,0.22060742689956933,0.18950331762276557
2025,01,FRA.2.4_1,0.2158836358026289,0.17985552775962768
2025,01,FRA.2.5_1,0.2228740392930208,0.22141811238262932
2025,01,FRA.2.6_1,0.29389943308050404,0.21246758665817625
2025,01,FRA.2.7_1,0.1164104260026459,0.1739591612426074
2025,01,FRA.2.8_1,0.2591622574711492,0.2244358600854085
2025,01,FRA.3.1_1,0.3089346796355674,0.3102225600681392
2025,01,FRA.3.2_1,0.3017104142629943,0.3474390298666354
2025,01,FRA.3.3_1,0.3027083621105825,0.32743166326040657
2025,01,FRA.3.4_1,0.27021674887266,0.33047604469772085
2025,01,FRA.4.1_1,0.2212136631288925,0.2375577703105535
2025,01,FRA.4.2_1,0.2275556473233045,0.259067873347585
2025,01,FRA.4.3_1,0.23116092968107152,0.2897963340116545
2025,01,FRA.4.4_1,0.20934533326310398,0.2672955050228342
2025,01,FRA.4.5_1,0.23038641727820378,0.26998261602579876
2025,01,FRA.4.6_1,0.2476815425472529,0.26883153722309355
2025,01,FRA.5.1_1,0.18850338746345088,0.4116915124464488
2025,01,FRA.5.2_1,0.23139762844127687,0.41273626898743904
2025,01,FRA.6.10_1,0.20835063003366386,0.18336517022368132
2025,01,FRA.6.1_1,0.24662313720618464,0.2375578854427899
2025,01,FRA.6.2_1,0.2227045701703808,0.23729809780427094
2025,01,FRA.6.3_1,0.21933770812889136,0.19437984458680344
2025,01,FRA.6.4_1,0.18854420461872845,0.16809505145387715
2025,01,FRA.6.5_1,0.21270667820724287,0.1941469132703596
2025,01,FRA.6.6_1,0.25325683573646107,0.2349630730549385
2025,01,FRA.6.7_1,0.249266793291278,0.215573631988768
2025,01,FRA.6.8_1,0.21848858720936282,0.20905203258499197
2025,01,FRA.6.9_1,0.2645560710147326,0.21006669376402182
2025,01,FRA.7.1_1,0.2578695310167352,0.22091423295871346
2025,01,FRA.7.2_1,0.39651354243858405,0.33670877508446395
2025,01,FRA.7.3_1,0.26456814801655687,0.25619193761098974
2025,01,FRA.7.4_1,0.3861637861200362,0.294321212942849
2025,01,FRA.7.5_1,0.2744306140643519,0.2410189479312393
2025,01,FRA.8.1_1,0.29059724541321996,0.9102885307277792
2025,01,FRA.8.2_1,0.18111864186789636,0.9989824777492108
2025,01,FRA.8.3_1,0.14319544777670407,0.9974690991787771
2025,01,FRA.8.4_1,0.3221314964275627,0.7354637673424188
2025,01,FRA.8.5_1,0.19539019227395596,0.9978218056938367
2025,01,FRA.8.6_1,0.2773392960199054,0.8842689689233304
2025,01,FRA.8.7_1,0.21748625672115163,0.9952758891064053
2025,01,FRA.8.8_1,0.29564363922780745,0.8193123922527158
2025,01,FRA.9.1_1,0.294036978560693,0.28609598435634137
2025,01,FRA.9.2_1,0.2803776800828261,0.25705188232615
2025,01,FRA.9.3_1,0.31857109585746224,0.3044094022001818
2025,01,FRA.9.4_1,0.2704915713239228,0.26932670088533434
2025,01,FRA.9.5_1,0.30881473152759487,0.3054731042891093
2025,01,FRO.1.1_1,0.033174886994658925,0.1743486973947895
2025,01,FRO.1.2_1,0.03407213719838794,0.18537074148296598
2025,01,FRO.1.3_1,0.034843991792041,0.1953907815631263
2025,01,FRO.1.5_1,0.034385734965410544,0.1893787575150301
2025,01,FRO.1.6_1,0.03240071279083797,0.16533066132264532
2025,01,FRO.1.7_1,0.03231235979305088,0.16432865731462928
2025,01,FRO.2.2_1,0.0430203293013038,0.3607214428857715
2025,01,FRO.2.3_1,0.032835411739094406,0.17034068136272537
2025,01,FRO.2.4_1,0.03367075430784945,0.1803607214428857
2025,01,FRO.2.5_1,0.031863339437377715,0.15931863727454912
2025,01,FRO.2.6_1,0.033258631329692014,0.17535070140280565
2025,01,FRO.3.1_1,0.03034050117169255,0.1432865731462926
2025,01,FRO.3.3_1,0.0308310610777617,0.14829659318637275
2025,01,FRO.4.1_1,0.034385734965410496,0.1893787575150301
2025,01,FRO.4.2_1,0.03578906391308242,0.20841683366733474
2025,01,FRO.4.3_1,0.03543311767772563,0.20340681362725446
2025,01,FRO.6.1_1,0.033589199970617045,0.17935871743486978
2025,01,FRO.6.2_1,0.03506779486511009,0.1983967935871743
2025,01,GBR.1.100_1,0.18800260499873236,0.9528599621131412
2025,01,GBR.1.101_1,0.23878161366303938,0.9231270364228326
2025,01,GBR.1.102_1,0.19627203584548802,0.8997462472138306
2025,01,GBR.1.103_1,0.12284269887651571,0.9691533488748073
2025,01,GBR.1.104_1,0.18613943459594245,0.9631014933215657
2025,01,GBR.1.105_1,0.2093914196824367,0.8511908195688568
2025,01,GBR.1.106_1,0.20134992084360417,0.9743634672754222
2025,01,GBR.1.107_1,0.21567524073726868,0.9305686486062341
2025,01,GBR.1.108_1,0.4834748054331921,0.877230190899165
2025,01,GBR.1.109_1,0.23092345478978685,0.8432752162206788
2025,01,GBR.1.10_1,0.24271861905210465,0.9146435597506004
2025,01,GBR.1.110_1,0.4467375346354612,0.9232220064715382
2025,01,GBR.1.111_1,0.22200327119716898,0.832740930730249
2025,01,GBR.1.112_1,0.4609406101178771,0.8725583486734729
2025,01,GBR.1.113_1,0.1965017457968429,0.9108655852606535
2025,01,GBR.1.114_1,0.18759831962129342,0.9659820564797007
2025,01,GBR.1.115_1,0.2370866826055557,0.9358483759913476
2025,01,GBR.1.116_1,0.14481081981927196,0.9837836589499648
2025,01,GBR.1.117_1,0.5058266268666346,0.887991247562744
2025,01,GBR.1.118_1,0.21057654900800493,0.8308219978960142
2025,01,GBR.1.11_1,0.11008439333420149,0.9104638082496506
2025,01,GBR.1.12_1,0.21222295427603188,0.991849959582158
2025,01,GBR.1.13_1,0.460053095702441,0.8515106427253886
2025,01,GBR.1.14_1,0.18985851059179645,0.8219742782758821
2025,01,GBR.1.15_1,0.19388958807982862,0.7688870485096344
2025,01,GBR.1.16_1,0.5561045455391329,0.9092091518424164
2025,01,GBR.1.17_1,0.2658664408944889,0.8376421185879647
2025,01,GBR.1.18_1,0.3406647254679599,0.843113783146171
2025,01,GBR.1.19_1,0.2738048866368169,0.8667387744310534
2025,01,GBR.1.1_1,0.2270328270793194,0.76237885575599
2025,01,GBR.1.20_1,0.47651295676505817,0.891978392465157
2025,01,GBR.1.21_1,0.15714498598098398,0.9749116991720524
2025,01,GBR.1.22_1,0.5347861198835946,0.7969458543567329
2025,01,GBR.1.23_1,0.1957906869117357,0.9076185468355679
2025,01,GBR.1.24_1,0.16069411711537418,0.9451431193936671
2025,01,GBR.1.25_1,0.6162583171859335,0.8187204063705231
2025,01,GBR.1.26_1,0.6200064288868337,0.8693784198655249
2025,01,GBR.1.27_1,0.22151905974198247,0.7670167819650521
2025,01,GBR.1.28_1,0.4031020428881625,0.8657108333941848
2025,01,GBR.1.29_1,0.1645014833069043,0.9870701124726446
2025,01,GBR.1.2_1,0.2715925183160068,0.9059280048113034
2025,01,GBR.1.30_1,0.3748436972586926,0.733607650368651
2025,01,GBR.1.31_1,0.24247237729606738,0.809852305761199
2025,01,GBR.1.32_1,0.4229615993610876,0.9063054831395799
2025,01,GBR.1.33_1,0.680085554611597,0.9248868626921521
2025,01,GBR.1.34_1,0.19979641053236388,0.8897854118481457
2025,01,GBR.1.35_1,0.5488597485664353,0.8901421179330475
2025,01,GBR.1.36_1,0.8836591558194711,0.9984867838171133
2025,01,GBR.1.37_1,0.17351101118367557,0.9805448559711901
2025,01,GBR.1.38_1,0.6474140211389442,0.9078259945011291
2025,01,GBR.1.39_1,0.1391893881745362,0.9339658655315752
2025,01,GBR.1.3_1,0.21910327239478689,0.9142064507773667
2025,01,GBR.1.40_1,0.3421106052101803,0.8375832409395312
2025,01,GBR.1.41_1,0.6080170328670527,0.8975600691955351
2025,01,GBR.1.42_1,0.19506752327362384,0.8310924091741622
2025,01,GBR.1.44_1,0.6802334788735444,0.8966846790206936
2025,01,GBR.1.45_1,0.16515678552558455,0.99167490707009
2025,01,GBR.1.46_1,0.22341916582677557,0.804346853218409
2025,01,GBR.1.47_1,0.16280050943723265,0.9624322370025037
2025,01,GBR.1.48_1,0.7181084140757205,0.8958049325546201
2025,01,GBR.1.49_1,0.25531403622011795,0.9100202015042133
2025,01,GBR.1.4_1,0.2915514456460481,0.9967777683451937
2025,01,GBR.1.50_1,0.17736743946082925,0.9803939376940107
2025,01,GBR.1.51_1,0.5696521609340552,0.8777409480142988
2025,01,GBR.1.52_1,0.5978641344839887,0.8842859553659073
2025,01,GBR.1.53_1,0.1726191433118535,0.9725718044109788
2025,01,GBR.1.54_1,0.1885124250300338,0.9970212434189313
2025,01,GBR.1.55_1,0.17327103917550385,0.9799289012917585
2025,01,GBR.1.56_1,0.1707154514176013,0.9664950016748249
2025,01,GBR.1.57_1,0.17409372006016127,0.9757965198356656
2025,01,GBR.1.58_1,0.20920462049891925,0.9824781719288442
2025,01,GBR.1.59_1,0.5754073141745544,0.8740601719610123
2025,01,GBR.1.5_1,0.17631857051980127,0.9318445484822615
2025,01,GBR.1.60_1,0.18902027190119305,0.8397042610350034
2025,01,GBR.1.61_1,0.22652527292122854,0.9297326759283957
2025,01,GBR.1.62_1,0.17705389306499505,0.9743230505819058
2025,01,GBR.1.63_1,0.5945020734245939,0.7608019231455444
2025,01,GBR.1.64_1,0.5260404221388577,0.9403199243123201
2025,01,GBR.1.65_1,0.3698247599663754,0.7554825524817159
2025,01,GBR.1.66_1,0.17436863125567068,0.9915880142359187
2025,01,GBR.1.67_1,0.5865454949876554,0.9123516691600547
2025,01,GBR.1.68_1,0.19084163935088,0.9163986486109508
2025,01,GBR.1.69_1,0.48851596380001006,0.8777046227821949
2025,01,GBR.1.6_1,0.14610181091634084,0.9912737859645163
2025,01,GBR.1.70_1,0.18701606420711184,0.9673582561883161
2025,01,GBR.1.71_1,0.14932356376417733,0.9946807787601506
2025,01,GBR.1.72_1,0.14027846732138957,0.99650174999115
2025,01,GBR.1.73_1,0.0722175418110013,0.8451733463698338
2025,01,GBR.1.74_1,0.15473117828719107,0.9484587961637573
2025,01,GBR.1.75_1,0.22022197486166906,0.9133063818270577
2025,01,GBR.1.76_1,0.20742053676031996,0.8623215128081793
2025,01,GBR.1.77_1,0.2049089020376754,0.7817223131432506
2025,01,GBR.1.78_1,0.17331834156369208,0.7994865807216668
2025,01,GBR.1.79_1,0.17438102555244467,0.9169180232364945
2025,01,GBR.1.7_1,0.19506622930341244,0.9419860752812147
2025,01,GBR.1.80_1,0.169680916516547,0.9723325054850611
2025,01,GBR.1.81_1,0.1643050775554635,0.9972801126985273
2025,01,GBR.1.82_1,0.2568360720001321,0.9954996210172606
2025,01,GBR.1.83_1,0.23345265071652044,0.9164171888246262
2025,01,GBR.1.84_1,0.3748789836217105,0.8205975365092202
2025,01,GBR.1.85_1,0.16355995816249472,0.9794818003400786
2025,01,GBR.1.86_1,0.15158400693333102,0.9355414451406805
2025,01,GBR.1.87_1,0.5242835167864964,0.9028650863584263
2025,01,GBR.1.88_1,0.24582242996586873,0.9548722556873298
2025,01,GBR.1.89_1,0.17924662508577888,0.9624012942714101
2025,01,GBR.1.8_1,0.1235293115716851,0.9963674859410937
2025,01,GBR.1.90_1,0.1485334525421111,0.9928171800902433
2025,01,GBR.1.91_1,0.13864708426405287,0.9898676201650051
2025,01,GBR.1.92_1,0.5966507713720858,0.8606393898554485
2025,01,GBR.1.93_1,0.1927318391427196,0.9813281053261307
2025,01,GBR.1.94_1,0.21675535473505195,0.927300176604597
2025,01,GBR.1.95_1,0.2695960975069789,0.9477660433194124
2025,01,GBR.1.96_1,0.5845625159947898,0.8933224234536421
2025,01,GBR.1.97_1,0.20912380665628408,0.940248654658888
2025,01,GBR.1.98_1,0.6141902960732468,0.9281477773642303
2025,01,GBR.1.99_1,0.1681798701924075,0.9642246222196513
2025,01,GBR.1.9_1,0.1715395079850789,0.970589327095684
2025,01,GBR.2.10_1,0.27396210641981683,0.31208400055315655
2025,01,GBR.2.11_1,0.2642296054469752,0.46372610057181285
2025,01,GBR.2.1_1,0.28901804112430834,0.45547878222789273
2025,01,GBR.2.2_1,0.28560460915152824,0.361880638871289
2025,01,GBR.2.3_1,0.3240165433739697,0.6348749186205976
2025,01,GBR.2.4_1,0.2652615846978838,0.3021422038720099
2025,01,GBR.2.5_1,0.28451021255678,0.5134908192905653
2025,01,GBR.2.6_1,0.2710362209832419,0.31345237404415477
2025,01,GBR.2.7_1,0.3385305103737004,0.5017768710321127
2025,01,GBR.2.8_1,0.28005362153010654,0.4016561410438914
2025,01,GBR.2.9_1,0.2687028232360592,0.30460474151618616
2025,01,GBR.3.10_1,0.0941876858735652,0.22951061352109456
2025,01,GBR.3.11_1,0.09083975949365669,0.3125784723528283
2025,01,GBR.3.12_1,0.1751442750690782,0.5079192906881093
2025,01,GBR.3.13_1,0.11575933450801389,0.2727293103851215
2025,01,GBR.3.14_1,0.12153981333569093,0.27270865949798045
2025,01,GBR.3.15_1,0.18959425304722757,0.2652877474736992
2025,01,GBR.3.16_1,0.22300498797588622,0.6166855942914842
2025,01,GBR.3.17_1,0.17607353481839363,0.2477498013112934
2025,01,GBR.3.18_1,0.11395685729400787,0.4216438783095109
2025,01,GBR.3.19_1,0.09072858834108576,0.2059703547906049
2025,01,GBR.3.1_1,0.1578766760767852,0.48528447245561357
2025,01,GBR.3.20_1,0.10530152066120545,0.20708766974675352
2025,01,GBR.3.21_1,0.13736969196185433,0.28785034553277006
2025,01,GBR.3.22_1,0.19052283376535814,0.2882406534131434
2025,01,GBR.3.23_1,0.07601142510938946,0.22571157483326879
2025,01,GBR.3.24_1,0.13466678630695647,0.23771573489830572
2025,01,GBR.3.25_1,0.1482180432967216,0.3279844090383691
2025,01,GBR.3.26_1,0.121017766234192,0.1929165167486065
2025,01,GBR.3.27_1,0.09712041540096837,0.25007517328775725
2025,01,GBR.3.28_1,0.12084540552078994,0.34764201126025784
2025,01,GBR.3.29_1,0.19098837296780943,0.3991453083258166
2025,01,GBR.3.2_1,0.16105836190228134,0.1965022662750751
2025,01,GBR.3.30_1,0.1033349298345728,0.2423670173947021
2025,01,GBR.3.31_1,0.10193423004593612,0.30288011645445934
2025,01,GBR.3.32_1,0.12018160756703085,0.25656558249497086
2025,01,GBR.3.3_1,0.10920035491489867,0.230163849304282
2025,01,GBR.3.4_1,0.12050815805395403,0.2571459456654723
2025,01,GBR.3.5_1,0.08982131999971989,0.27155470246978025
2025,01,GBR.3.6_1,0.13759910221423494,0.24979673199247707
2025,01,GBR.3.7_1,0.12970402927419078,0.5551233830601808
2025,01,GBR.3.8_1,0.12268683863458298,0.28021875947886543
2025,01,GBR.3.9_1,0.10909528188798413,0.28540247955906073
2025,01,GBR.4.10_1,0.29335236127822684,0.3002012939202617
2025,01,GBR.4.11_1,0.34282558610535485,0.28521558743575043
2025,01,GBR.4.12_1,0.1554030180937101,0.33522494577788076
2025,01,GBR.4.13_1,0.24883690834051514,0.3052810111930997
2025,01,GBR.4.14_1,0.2658180193183931,0.32696468609388163
2025,01,GBR.4.15_1,0.196810038124476,0.487487750131873
2025,01,GBR.4.16_1,0.3489401871123285,0.38651770788650985
2025,01,GBR.4.17_1,0.3333066177033071,0.22798979606017017
2025,01,GBR.4.18_1,0.29114094727042006,0.29001453732695237
2025,01,GBR.4.19_1,0.27148616763394356,0.4151121600309095
2025,01,GBR.4.1_1,0.12153525050594464,0.26240072892026134
2025,01,GBR.4.20_1,0.22574474631543728,0.36202455052201526
2025,01,GBR.4.21_1,0.2164541097200926,0.4144102300233211
2025,01,GBR.4.22_1,0.29813640774355077,0.33688962904526065
2025,01,GBR.4.2_1,0.16699791985523119,0.36110188360677475
2025,01,GBR.4.3_1,0.2422845487906327,0.34419235548595284
2025,01,GBR.4.4_1,0.23064871846012264,0.2828915447558961
2025,01,GBR.4.5_1,0.22761073181349867,0.5889873715397423
2025,01,GBR.4.6_1,0.3206145924875493,0.3335495912298145
2025,01,GBR.4.7_1,0.2415191069135738,0.2785779988103041
2025,01,GBR.4.8_1,0.16495791917402106,0.26767389934185337
2025,01,GBR.4.9_1,0.22976840693863912,0.29414769814344577
2025,01,GEO.10.1_1,0.02383477487575466,0.08817635270541078
2025,01,GEO.10.2_1,0.016895327312381005,0.04709418837675355
2025,01,GEO.10.3_1,0.021101596360351728,0.07014028056112219
2025,01,GEO.10.4_1,0.017302899402323955,0.04909819639278561
2025,01,GEO.10.6_1,0.01902894588908306,0.0581162324649298
2025,01,GEO.2.1_1,0.0347686094390288,0.19438877755511016
2025,01,GEO.2.2_1,0.041474218392506666,0.314629258517034
2025,01,GEO.2.3_1,0.03186333943737773,0.15931863727454912
2025,01,GEO.2.5_1,0.033912851052170914,0.1833667334669339
2025,01,GRC.1.1_1,0.10387494577049848,0.47607556720251126
2025,01,GRC.1.2_1,0.19259142265479057,0.5952078905378808
2025,01,GRC.2.1_1,0.04290518682961931,0.35671342685370727
2025,01,GRC.3.1_1,0.31926418245537364,0.9765426872417657
2025,01,GRC.4.1_1,0.22780963245025385,0.502001600378242
2025,01,GRC.5.1_1,0.18714841518206615,0.3607747940214279
2025,01,GRC.5.2_1,0.13193876916970756,0.21778934135686714
2025,01,GRC.6.1_1,0.2821481067551686,0.47547966440993944
2025,01,GRC.6.2_1,0.20735571604266625,0.3660615372534713
2025,01,GRC.7.1_1,0.11536622449418077,0.5245432293804713
2025,01,GRC.7.2_1,0.2271342296409879,0.39670730297940504
2025,01,GRC.7.3_1,0.2012489714116267,0.4293928187270994
2025,01,GRC.8.1_1,0.19279670041561456,0.22583887840747194
2025,01,GRC.8.2_1,0.1797623316414217,0.1969971178410479
2025,01,HRV.1.10_1,0.035215065628508,0.20040080160320647
2025,01,HRV.1.11_1,0.03469283266576521,0.19338677354709424
2025,01,HRV.1.12_1,0.035505048928485196,0.2044088176352705
2025,01,HRV.1.13_1,0.03383257713374817,0.18236472945891777
2025,01,HRV.1.14_1,0.0345400866382659,0.19138276553106218
2025,01,HRV.1.15_1,0.033090695905763676,0.17334669338677358
2025,01,HRV.1.16_1,0.0353608114145597,0.20240480961923832
2025,01,HRV.1.17_1,0.032044412894186684,0.16132264529058118
2025,01,HRV.1.18_1,0.03358919997061701,0.17935871743486978
2025,01,HRV.1.19_1,0.03350721333440811,0.17835671342685364
2025,01,HRV.1.1_1,0.03585914996722602,0.20941883767535066
2025,01,HRV.1.20_1,0.03564779446325792,0.20641282565130267
2025,01,HRV.1.21_1,0.035647794463257894,0.20641282565130267
2025,01,HRV.1.22_1,0.03415115463800167,0.186372745490982
2025,01,HRV.1.23_1,0.031213724766442078,0.1523046092184369
2025,01,HRV.1.2_1,0.033090695905763655,0.17334669338677358
2025,01,HRV.1.3_1,0.03438573496541054,0.1893787575150301
2025,01,HRV.1.4_1,0.033507213334408086,0.17835671342685364
2025,01,HRV.1.5_1,0.03309069590576359,0.17334669338677358
2025,01,HRV.1.6_1,0.03248859024938569,0.16633266533066135
2025,01,HRV.1.7_1,0.033507213334408065,0.17835671342685364
2025,01,HRV.1.8_1,0.03399270353252681,0.18436873747494983
2025,01,HRV.1.9_1,0.03521506562850803,0.20040080160320647
2025,01,HRV.10.10_1,0.03476860943902886,0.19438877755511016
2025,01,HRV.10.11_1,0.035433117677725653,0.20340681362725446
2025,01,HRV.10.12_1,0.03660652579932899,0.22044088176352702
2025,01,HRV.10.13_1,0.03317488699465887,0.1743486973947895
2025,01,HRV.10.14_1,0.03550504892848513,0.2044088176352705
2025,01,HRV.10.15_1,0.03367075430784939,0.1803607214428857
2025,01,HRV.10.16_1,0.035141621929538,0.19939879759519044
2025,01,HRV.10.17_1,0.04090302106854622,0.30060120240480964
2025,01,HRV.10.18_1,0.03514162192953799,0.19939879759519044
2025,01,HRV.10.19_1,0.035928872786295106,0.2104208416833667
2025,01,HRV.10.1_1,0.03528812808980179,0.2014028056112225
2025,01,HRV.10.20_1,0.035360811414559754,0.20240480961923832
2025,01,HRV.10.21_1,0.03383257713374818,0.18236472945891777
2025,01,HRV.10.22_1,0.03415115463800163,0.186372745490982
2025,01,HRV.10.23_1,0.034616659174707694,0.1923847695390781
2025,01,HRV.10.24_1,0.03454008663826605,0.19138276553106218
2025,01,HRV.10.25_1,0.03334193188399733,0.17635270541082157
2025,01,HRV.10.2_1,0.036672372330655414,0.22144288577154306
2025,01,HRV.10.4_1,0.034768609439028826,0.19438877755511016
2025,01,HRV.10.5_1,0.035067794865110094,0.1983967935871743
2025,01,HRV.10.6_1,0.03543311767772568,0.20340681362725446
2025,01,HRV.10.7_1,0.034918981992816386,0.19639278557114234
2025,01,HRV.10.8_1,0.03430795101871429,0.18837675350701397
2025,01,HRV.10.9_1,0.033507213334408086,0.17835671342685364
2025,01,HRV.10_1,0.03550504892848519,0.2044088176352705
2025,01,HRV.11.10_1,0.027075858437251826,0.1132264529058115
2025,01,HRV.11.11_1,0.028997287752026948,0.13026052104208416
2025,01,HRV.11.12_1,0.028452722012509223,0.125250501002004
2025,01,HRV.11.13_1,0.027194583498260694,0.11422845691382753
2025,01,HRV.11.14_1,0.027429787789472797,0.1162324649298596
2025,01,HRV.11.15_1,0.028781414078247688,0.1282565130260521
2025,01,HRV.11.16_1,0.030831061077761707,0.14829659318637275
2025,01,HRV.11.17_1,0.026715088628979304,0.11022044088176362
2025,01,HRV.11.18_1,0.029733116191840044,0.1372745490981964
2025,01,HRV.11.19_1,0.028230263129052656,0.12324649298597194
2025,01,HRV.11.1_1,0.030538387620146698,0.14529058116232466
2025,01,HRV.11.20_1,0.028452722012509212,0.125250501002004
2025,01,HRV.11.21_1,0.028781414078247643,0.1282565130260521
2025,01,HRV.11.22_1,0.02506648399907036,0.09719438877755508
2025,01,HRV.11.23_1,0.028562945521100086,0.12625250501002003
2025,01,HRV.11.24_1,0.028230263129052656,0.12324649298597194
2025,01,HRV.11.25_1,0.026836119816314685,0.11122244488977955
2025,01,HRV.11.26_1,0.03102345930877944,0.15030060120240482
2025,01,HRV.11.27_1,0.03073405124093544,0.14729458917835672
2025,01,HRV.11.28_1,0.029316341692963908,0.13326653306613226
2025,01,HRV.11.29_1,0.028672507358848312,0.12725450901803606
2025,01,HRV.11.2_1,0.028889672107144958,0.12925851703406813
2025,01,HRV.11.30_1,0.029316341692963908,0.13326653306613226
2025,01,HRV.11.31_1,0.02942144854834706,0.1342685370741483
2025,01,HRV.11.32_1,0.028341830152531996,0.12424849699398798
2025,01,HRV.11.33_1,0.02845272201250927,0.125250501002004
2025,01,HRV.11.34_1,0.027891440905278765,0.12024048096192395
2025,01,HRV.11.35_1,0.02942144854834706,0.1342685370741483
2025,01,HRV.11.36_1,0.030039419784473366,0.1402805611222445
2025,01,HRV.11.37_1,0.026593270780774413,0.10921843687374748
2025,01,HRV.11.38_1,0.02910426720119379,0.1312625250501002
2025,01,HRV.11.39_1,0.028452722012509278,0.125250501002004
2025,01,HRV.11.3_1,0.028118013994733404,0.12224448897795602
2025,01,HRV.11.40_1,0.028005075663230898,0.12124248496993976
2025,01,HRV.11.41_1,0.030734051240935402,0.14729458917835672
2025,01,HRV.11.42_1,0.027429787789472797,0.1162324649298596
2025,01,HRV.11.43_1,0.02931634169296392,0.13326653306613226
2025,01,HRV.11.44_1,0.02910426720119378,0.1312625250501002
2025,01,HRV.11.45_1,0.03083106107776168,0.14829659318637275
2025,01,HRV.11.4_1,0.030831061077761755,0.14829659318637275
2025,01,HRV.11.5_1,0.02993790568236584,0.13927855711422846
2025,01,HRV.11.6_1,0.027777102344623893,0.1192384769539077
2025,01,HRV.11.7_1,0.029937905682365845,0.13927855711422846
2025,01,HRV.11.8_1,0.030340501171692607,0.1432865731462926
2025,01,HRV.11.9_1,0.029104267201193818,0.1312625250501002
2025,01,HRV.12.10_1,0.030636494947164746,0.1462925851703407
2025,01,HRV.12.1_1,0.031772059081379034,0.15831663326653309
2025,01,HRV.12.2_1,0.03274940303677264,0.16933867735470945
2025,01,HRV.12.3_1,0.0320444128941867,0.16132264529058118
2025,01,HRV.12.4_1,0.0308310610777617,0.14829659318637275
2025,01,HRV.12.5_1,0.0338325771337482,0.18236472945891777
2025,01,HRV.12.6_1,0.03317488699465893,0.1743486973947895
2025,01,HRV.12.7_1,0.033507213334408106,0.17835671342685364
2025,01,HRV.12.8_1,0.03158799225759021,0.15631262525050102
2025,01,HRV.12.9_1,0.03240071279083802,0.16533066132264532
2025,01,HRV.13.10_1,0.03528812808980187,0.2014028056112225
2025,01,HRV.13.12_1,0.03484399179204096,0.1953907815631263
2025,01,HRV.13.13_1,0.04482946306300977,0.465931863727455
2025,01,HRV.13.14_1,0.03680304076042709,0.22344689378757523
2025,01,HRV.13.15_1,0.03693235379410995,0.2254509018036072
2025,01,HRV.13.16_1,0.03809553972866258,0.2444889779559117
2025,01,HRV.13.17_1,0.03871738909574291,0.25551102204408815
2025,01,HRV.13.18_1,0.0342297584049373,0.18737474949899793
2025,01,HRV.13.1_1,0.04482283576259066,0.46492985971943884
2025,01,HRV.13.20_1,0.033090695905763655,0.17334669338677358
2025,01,HRV.13.21_1,0.03826877246779934,0.24749498997995992
2025,01,HRV.13.23_1,0.042241256369598475,0.3356713426853708
2025,01,HRV.13.24_1,0.03888070953173469,0.25851703406813625
2025,01,HRV.13.25_1,0.03731228588703083,0.23146292585170328
2025,01,HRV.13.26_1,0.043395479523805965,0.374749498997996
2025,01,HRV.13.27_1,0.03130806837135558,0.15330661322645292
2025,01,HRV.13.29_1,0.03627210338175869,0.21543086172344697
2025,01,HRV.13.2_1,0.04018889231686863,0.2845691382765531
2025,01,HRV.13.30_1,0.03843925906937497,0.250501002004008
2025,01,HRV.13.31_1,0.03849548335707844,0.251503006012024
2025,01,HRV.13.32_1,0.03995184438700482,0.27955911823647295
2025,01,HRV.13.33_1,0.03092752895819813,0.1492985971943888
2025,01,HRV.13.34_1,0.03809553972866256,0.2444889779559117
2025,01,HRV.13.35_1,0.03627210338175869,0.21543086172344697
2025,01,HRV.13.39_1,0.036867865902490055,0.22444889779559116
2025,01,HRV.13.3_1,0.03640691707804966,0.21743486973947893
2025,01,HRV.13.40_1,0.04492511336875757,0.4879759519038076
2025,01,HRV.13.41_1,0.03838273329162117,0.24949899799599198
2025,01,HRV.13.42_1,0.033912851052170935,0.1833667334669339
2025,01,HRV.13.4_1,0.033258631329692014,0.17535070140280565
2025,01,HRV.13.5_1,0.03647379985239159,0.21843687374749496
2025,01,HRV.13.6_1,0.04059880165840478,0.2935871743486973
2025,01,HRV.13.7_1,0.03990362322256463,0.2785571142284569
2025,01,HRV.13.8_1,0.03528812808980183,0.2014028056112225
2025,01,HRV.13.9_1,0.038439259069374954,0.250501002004008
2025,01,HRV.14.10_1,0.03914707730058031,0.2635270541082164
2025,01,HRV.14.11_1,0.040047472526148736,0.2815631262525049
2025,01,HRV.14.12_1,0.03430795101871432,0.18837675350701397
2025,01,HRV.14.13_1,0.03975732066755469,0.2755511022044088
2025,01,HRV.14.14_1,0.03599823425056955,0.21142284569138262
2025,01,HRV.14.15_1,0.04081738689112671,0.2985971943887776
2025,01,HRV.14.16_1,0.038880709531734683,0.25851703406813625
2025,01,HRV.14.17_1,0.040774185585747386,0.29759519038076154
2025,01,HRV.14.18_1,0.035789063913082286,0.20841683366733474
2025,01,HRV.14.19_1,0.03970800377560491,0.2745490981963928
2025,01,HRV.14.1_1,0.03925160781713168,0.2655310621242485
2025,01,HRV.14.2_1,0.03491898199281637,0.19639278557114234
2025,01,HRV.14.3_1,0.030734051240935367,0.14729458917835672
2025,01,HRV.14.4_1,0.03599823425056957,0.21142284569138262
2025,01,HRV.14.5_1,0.03300605504718019,0.17234468937875744
2025,01,HRV.14.6_1,0.03367075430784941,0.1803607214428857
2025,01,HRV.14.7_1,0.03660652579932899,0.22044088176352702
2025,01,HRV.14.8_1,0.033507213334408106,0.17835671342685364
2025,01,HRV.15.10_1,0.034463112698266296,0.19038076152304603
2025,01,HRV.15.11_1,0.03550504892848516,0.2044088176352705
2025,01,HRV.15.12_1,0.03204441289418671,0.16132264529058118
2025,01,HRV.15.13_1,0.03292096135954542,0.17134268537074152
2025,01,HRV.15.14_1,0.03438573496541049,0.1893787575150301
2025,01,HRV.15.15_1,0.03300605504718012,0.17234468937875744
2025,01,HRV.15.16_1,0.03484399179204098,0.1953907815631263
2025,01,HRV.15.17_1,0.03438573496541051,0.1893787575150301
2025,01,HRV.15.18_1,0.03422975840493733,0.18737474949899793
2025,01,HRV.15.19_1,0.03317488699465885,0.1743486973947895
2025,01,HRV.15.1_1,0.030439724606053667,0.14428857715430862
2025,01,HRV.15.2_1,0.031213724766442092,0.1523046092184369
2025,01,HRV.15.3_1,0.03240071279083802,0.16533066132264532
2025,01,HRV.15.4_1,0.03231235979305092,0.16432865731462928
2025,01,HRV.15.5_1,0.03274940303677259,0.16933867735470945
2025,01,HRV.15.6_1,0.03300605504718017,0.17234468937875744
2025,01,HRV.15.7_1,0.032312359793050874,0.16432865731462928
2025,01,HRV.15.8_1,0.03309069590576364,0.17334669338677358
2025,01,HRV.15.9_1,0.03476860943902882,0.19438877755511016
2025,01,HRV.16.10_1,0.014460404669750319,0.03607214428857718
2025,01,HRV.16.11_1,0.02519853310943038,0.09819639278557112
2025,01,HRV.16.12_1,0.01561124529663747,0.04108216432865735
2025,01,HRV.16.13_1,0.026470656961829528,0.10821643286573145
2025,01,HRV.16.14_1,0.023260609712008714,0.08416833667334665
2025,01,HRV.16.15_1,0.02126430020890888,0.07114228456913822
2025,01,HRV.16.17_1,0.02093746385513769,0.06913827655310616
2025,01,HRV.16.18_1,0.01583212009887518,0.04208416833667338
2025,01,HRV.16.19_1,0.01770119836850653,0.05110220440881768
2025,01,HRV.16.1_1,0.019746055815334354,0.06212424849699404
2025,01,HRV.16.20_1,0.022365383809134158,0.07815631262525045
2025,01,HRV.16.21_1,0.02236538380913416,0.07815631262525045
2025,01,HRV.16.23_1,0.01516052586613927,0.03907815631262528
2025,01,HRV.16.24_1,0.023834774875754677,0.08817635270541078
2025,01,HRV.16.26_1,0.021585529005919365,0.07314629258517029
2025,01,HRV.16.27_1,0.01710030516257032,0.04809619238476958
2025,01,HRV.16.28_1,0.017100305162570207,0.04809619238476958
2025,01,HRV.16.29_1,0.02126430020890895,0.07114228456913822
2025,01,HRV.16.2_1,0.020937463855137676,0.06913827655310616
2025,01,HRV.16.30_1,0.02609794339476907,0.10521042084168335
2025,01,HRV.16.31_1,0.027075858437251854,0.1132264529058115
2025,01,HRV.16.32_1,0.01847190277596367,0.05511022044088181
2025,01,HRV.16.33_1,0.02311431234493141,0.08316633266533062
2025,01,HRV.16.34_1,0.017897026113825543,0.05210420841683371
2025,01,HRV.16.35_1,0.022966877399027967,0.08216432865731459
2025,01,HRV.16.36_1,0.017701198368506515,0.05110220440881768
2025,01,HRV.16.37_1,0.023260609712008714,0.08416833667334665
2025,01,HRV.16.39_1,0.01668789637508748,0.046092184368737514
2025,01,HRV.16.3_1,0.027546283549806504,0.11723446893787574
2025,01,HRV.16.40_1,0.016050134511353654,0.043086172344689415
2025,01,HRV.16.43_1,0.02354986300012816,0.08617234468937872
2025,01,HRV.16.44_1,0.028005075663230915,0.12124248496993976
2025,01,HRV.16.45_1,0.027546283549806504,0.11723446893787574
2025,01,HRV.16.48_1,0.018659500671422417,0.056112224448897845
2025,01,HRV.16.49_1,0.022211972370956453,0.07715430861723442
2025,01,HRV.16.4_1,0.022057303704146658,0.07615230460921839
2025,01,HRV.16.50_1,0.021101596360351728,0.07014028056112219
2025,01,HRV.16.52_1,0.019746055815334302,0.06212424849699404
2025,01,HRV.16.53_1,0.014697139014456668,0.037074148296593216
2025,01,HRV.16.54_1,0.023549863000128138,0.08617234468937872
2025,01,HRV.16.55_1,0.020604800138715924,0.0671342685370742
2025,01,HRV.16.56_1,0.017701198368506525,0.05110220440881768
2025,01,HRV.16.5_1,0.017100305162570138,0.04809619238476958
2025,01,HRV.16.6_1,0.020937463855137735,0.06913827655310616
2025,01,HRV.16.7_1,0.02174410528179315,0.07414829659318632
2025,01,HRV.16.8_1,0.01884516640347795,0.05711422845691388
2025,01,HRV.16.9_1,0.021744105281793203,0.07414829659318632
2025,01,HRV.16_1,0.020771874757003275,0.06813627254509023
2025,01,HRV.17.10_1,0.03375187911770994,0.18136272545090185
2025,01,HRV.17.11_1,0.032400712790838004,0.16533066132264532
2025,01,HRV.17.12_1,0.033507213334408134,0.17835671342685364
2025,01,HRV.17.13_1,0.03391285105217098,0.1833667334669339
2025,01,HRV.17.14_1,0.034229758404937353,0.18737474949899793
2025,01,HRV.17.15_1,0.033258631329692014,0.17535070140280565
2025,01,HRV.17.16_1,0.03415115463800165,0.186372745490982
2025,01,HRV.17.17_1,0.033670754307849556,0.1803607214428857
2025,01,HRV.17.18_1,0.032835411739094406,0.17034068136272537
2025,01,HRV.17.19_1,0.03309069590576373,0.17334669338677358
2025,01,HRV.17.1_1,0.032835411739094406,0.17034068136272537
2025,01,HRV.17.20_1,0.03358919997061705,0.17935871743486978
2025,01,HRV.17.21_1,0.0346928326657652,0.19338677354709424
2025,01,HRV.17.22_1,0.03461665917470776,0.1923847695390781
2025,01,HRV.17.23_1,0.037123809634577475,0.22845691382765518
2025,01,HRV.17.24_1,0.034229758404937305,0.18737474949899793
2025,01,HRV.17.25_1,0.03536081141455972,0.20240480961923832
2025,01,HRV.17.26_1,0.03543311767772566,0.20340681362725446
2025,01,HRV.17.27_1,0.03317488699465883,0.1743486973947895
2025,01,HRV.17.28_1,0.03430795101871426,0.18837675350701397
2025,01,HRV.17.2_1,0.03300605504718021,0.17234468937875744
2025,01,HRV.17.3_1,0.03438573496541046,0.1893787575150301
2025,01,HRV.17.4_1,0.032835411739094406,0.17034068136272537
2025,01,HRV.17.5_1,0.03422975840493736,0.18737474949899793
2025,01,HRV.17.6_1,0.03186333943737774,0.15931863727454912
2025,01,HRV.17.7_1,0.0349935822803487,0.19739478957915838
2025,01,HRV.17.8_1,0.03342479158883787,0.1773547094188377
2025,01,HRV.17.9_1,0.03484399179204094,0.1953907815631263
2025,01,HRV.18.10_1,0.03358919997061704,0.17935871743486978
2025,01,HRV.18.11_1,0.03461665917470773,0.1923847695390781
2025,01,HRV.18.12_1,0.03292096135954546,0.17134268537074152
2025,01,HRV.18.13_1,0.034843991792041,0.1953907815631263
2025,01,HRV.18.14_1,0.03550504892848514,0.2044088176352705
2025,01,HRV.18.15_1,0.03309069590576368,0.17334669338677358
2025,01,HRV.18.16_1,0.032662932057323985,0.16833667334669342
2025,01,HRV.18.1_1,0.03292096135954542,0.17134268537074152
2025,01,HRV.18.2_1,0.03422975840493733,0.18737474949899793
2025,01,HRV.18.3_1,0.03446311269826626,0.19038076152304603
2025,01,HRV.18.4_1,0.033174886994658884,0.1743486973947895
2025,01,HRV.18.5_1,0.03358919997061708,0.17935871743486978
2025,01,HRV.18.6_1,0.032920961359545434,0.17134268537074152
2025,01,HRV.18.7_1,0.03292096135954547,0.17134268537074152
2025,01,HRV.18.8_1,0.03367075430784952,0.1803607214428857
2025,01,HRV.18.9_1,0.033670754307849535,0.1803607214428857
2025,01,HRV.19.10_1,0.03342479158883786,0.1773547094188377
2025,01,HRV.19.11_1,0.033751879117709924,0.18136272545090185
2025,01,HRV.19.12_1,0.038988126168548645,0.2605210420841683
2025,01,HRV.19.13_1,0.03350721333440811,0.17835671342685364
2025,01,HRV.19.14_1,0.03476860943902882,0.19438877755511016
2025,01,HRV.19.15_1,0.039558392038460115,0.2715430861723447
2025,01,HRV.19.16_1,0.03309069590576366,0.17334669338677358
2025,01,HRV.19.17_1,0.034307951018714304,0.18837675350701397
2025,01,HRV.19.18_1,0.033006055047180224,0.17234468937875744
2025,01,HRV.19.19_1,0.03274940303677262,0.16933867735470945
2025,01,HRV.19.1_1,0.034463112698266365,0.19038076152304603
2025,01,HRV.19.20_1,0.034918981992816414,0.19639278557114234
2025,01,HRV.19.21_1,0.03342479158883787,0.1773547094188377
2025,01,HRV.19.22_1,0.034307951018714256,0.18837675350701397
2025,01,HRV.19.23_1,0.03422975840493733,0.18737474949899793
2025,01,HRV.19.24_1,0.03407213719838787,0.18537074148296598
2025,01,HRV.19.25_1,0.03407213719838789,0.18537074148296598
2025,01,HRV.19.26_1,0.03506779486511009,0.1983967935871743
2025,01,HRV.19.27_1,0.03422975840493733,0.18737474949899793
2025,01,HRV.19.28_1,0.03149519806860735,0.155310621242485
2025,01,HRV.19.29_1,0.03334193188399735,0.17635270541082157
2025,01,HRV.19.2_1,0.03461665917470766,0.1923847695390781
2025,01,HRV.19.30_1,0.03140189144519445,0.15430861723446895
2025,01,HRV.19.3_1,0.03415115463800169,0.186372745490982
2025,01,HRV.19.4_1,0.035215065628508055,0.20040080160320647
2025,01,HRV.19.5_1,0.032134213364370785,0.16232464929859722
2025,01,HRV.19.6_1,0.033751879117709944,0.18136272545090185
2025,01,HRV.19.7_1,0.03317488699465887,0.1743486973947895
2025,01,HRV.19.8_1,0.031495198068607316,0.155310621242485
2025,01,HRV.19.9_1,0.03367075430784946,0.1803607214428857
2025,01,HRV.1_1,0.032749403036772644,0.16933867735470945
2025,01,HRV.2.10_1,0.033006055047180224,0.17234468937875744
2025,01,HRV.2.11_1,0.03383257713374816,0.18236472945891777
2025,01,HRV.2.12_1,0.03257599555835813,0.16733466933867738
2025,01,HRV.2.13_1,0.033992703532526834,0.18436873747494983
2025,01,HRV.2.14_1,0.03177205908137904,0.15831663326653309
2025,01,HRV.2.15_1,0.035433117677725647,0.20340681362725446
2025,01,HRV.2.16_1,0.032400712790837935,0.16533066132264532
2025,01,HRV.2.17_1,0.029525942839218132,0.13527054108216433
2025,01,HRV.2.18_1,0.0330060550471802,0.17234468937875744
2025,01,HRV.2.19_1,0.03300605504718017,0.17234468937875744
2025,01,HRV.2.1_1,0.032920961359545434,0.17134268537074152
2025,01,HRV.2.20_1,0.03204441289418673,0.16132264529058118
2025,01,HRV.2.21_1,0.03367075430784954,0.1803607214428857
2025,01,HRV.2.22_1,0.033258631329692014,0.17535070140280565
2025,01,HRV.2.23_1,0.030734051240935385,0.14729458917835672
2025,01,HRV.2.24_1,0.03309069590576363,0.17334669338677358
2025,01,HRV.2.25_1,0.03248859024938572,0.16633266533066135
2025,01,HRV.2.26_1,0.03407213719838789,0.18537074148296598
2025,01,HRV.2.27_1,0.03309069590576367,0.17334669338677358
2025,01,HRV.2.28_1,0.03309069590576367,0.17334669338677358
2025,01,HRV.2.2_1,0.032835411739094406,0.17034068136272537
2025,01,HRV.2.3_1,0.03606723621772732,0.21242484969939876
2025,01,HRV.2.4_1,0.03130806837135555,0.15330661322645292
2025,01,HRV.2.5_1,0.032749403036772644,0.16933867735470945
2025,01,HRV.2.6_1,0.032044412894186636,0.16132264529058118
2025,01,HRV.2.7_1,0.03342479158883791,0.1773547094188377
2025,01,HRV.2.8_1,0.030240712502615525,0.14228456913827656
2025,01,HRV.2.9_1,0.0333419318839974,0.17635270541082157
2025,01,HRV.20.10_1,0.039199485556694294,0.26452905811623245
2025,01,HRV.20.11_1,0.03712380963457756,0.22845691382765518
2025,01,HRV.20.12_1,0.033589199970617045,0.17935871743486978
2025,01,HRV.20.13_1,0.036996506011050985,0.22645290581162333
2025,01,HRV.20.14_1,0.03893456348611331,0.2595190380761523
2025,01,HRV.20.15_1,0.037919527135843324,0.24148296593186372
2025,01,HRV.20.16_1,0.03718696410410585,0.22945891783567132
2025,01,HRV.20.17_1,0.03888070953173469,0.25851703406813625
2025,01,HRV.20.18_1,0.03712380963457749,0.22845691382765518
2025,01,HRV.20.19_1,0.03821133499048878,0.246492985971944
2025,01,HRV.20.1_1,0.035576607190685776,0.20541082164328653
2025,01,HRV.20.21_1,0.04381539853847535,0.3927855711422847
2025,01,HRV.20.22_1,0.03660652579932899,0.22044088176352702
2025,01,HRV.20.24_1,0.038382733291622007,0.24949899799599198
2025,01,HRV.20.25_1,0.03849548335707844,0.251503006012024
2025,01,HRV.20.26_1,0.03620416898054937,0.21442885771543072
2025,01,HRV.20.27_1,0.038439259069374954,0.250501002004008
2025,01,HRV.20.28_1,0.03882656321699921,0.2575150300601202
2025,01,HRV.20.2_1,0.03940626880286668,0.2685370741482966
2025,01,HRV.20.31_1,0.03893456348611335,0.2595190380761523
2025,01,HRV.20.32_1,0.03712380963457749,0.22845691382765518
2025,01,HRV.20.3_1,0.03930344510494178,0.2665330661322645
2025,01,HRV.20.4_1,0.03940626880286668,0.2685370741482966
2025,01,HRV.20.5_1,0.03177205908137904,0.15831663326653309
2025,01,HRV.20.6_1,0.03484399179204103,0.1953907815631263
2025,01,HRV.20.9_1,0.03557660719068579,0.20541082164328653
2025,01,HRV.21.10_1,0.03350721333440809,0.17835671342685364
2025,01,HRV.21.11_1,0.034229758404937305,0.18737474949899793
2025,01,HRV.21.12_1,0.0345400866382659,0.19138276553106218
2025,01,HRV.21.13_1,0.03514162192953799,0.19939879759519044
2025,01,HRV.21.14_1,0.0315879922575902,0.15631262525050102
2025,01,HRV.21.15_1,0.03536081141455972,0.20240480961923832
2025,01,HRV.21.16_1,0.03358919997061701,0.17935871743486978
2025,01,HRV.21.17_1,0.032400712790838046,0.16533066132264532
2025,01,HRV.21.18_1,0.03514162192953799,0.19939879759519044
2025,01,HRV.21.19_1,0.030636494947164777,0.1462925851703407
2025,01,HRV.21.1_1,0.03092752895819812,0.1492985971943888
2025,01,HRV.21.20_1,0.03375187911770995,0.18136272545090185
2025,01,HRV.21.21_1,0.03446311269826631,0.19038076152304603
2025,01,HRV.21.22_1,0.03446311269826628,0.19038076152304603
2025,01,HRV.21.23_1,0.03248859024938567,0.16633266533066135
2025,01,HRV.21.24_1,0.035928872786295064,0.2104208416833667
2025,01,HRV.21.25_1,0.033832577133748175,0.18236472945891777
2025,01,HRV.21.26_1,0.03334193188399739,0.17635270541082157
2025,01,HRV.21.27_1,0.03383257713374814,0.18236472945891777
2025,01,HRV.21.28_1,0.032134213364370785,0.16232464929859722
2025,01,HRV.21.2_1,0.03415115463800164,0.186372745490982
2025,01,HRV.21.3_1,0.034307951018714276,0.18837675350701397
2025,01,HRV.21.4_1,0.03383257713374814,0.18236472945891777
2025,01,HRV.21.5_1,0.03461665917470768,0.1923847695390781
2025,01,HRV.21.6_1,0.03266293205732396,0.16833667334669342
2025,01,HRV.21.7_1,0.03415115463800166,0.186372745490982
2025,01,HRV.21.8_1,0.03204441289418666,0.16132264529058118
2025,01,HRV.21.9_1,0.033258631329692014,0.17535070140280565
2025,01,HRV.3.10_1,0.03995184438700479,0.27955911823647295
2025,01,HRV.3.11_1,0.043590681363508625,0.38276553106212424
2025,01,HRV.3.12_1,0.0413956067274564,0.31262525050100204
2025,01,HRV.3.13_1,0.04278646150937983,0.35270541082164336
2025,01,HRV.3.14_1,0.04023549635725003,0.28557114228456904
2025,01,HRV.3.15_1,0.04086033180906673,0.2995991983967936
2025,01,HRV.3.16_1,0.03965841066409449,0.27354709418837675
2025,01,HRV.3.17_1,0.04307656514524694,0.3627254509018036
2025,01,HRV.3.18_1,0.03965841066409449,0.27354709418837675
2025,01,HRV.3.19_1,0.04278646150937983,0.35270541082164336
2025,01,HRV.3.1_1,0.042601596083633904,0.34669338677354705
2025,01,HRV.3.21_1,0.03821133499048879,0.246492985971944
2025,01,HRV.3.22_1,0.04266412623133125,0.3486973947895791
2025,01,HRV.3.2_1,0.039608540399406575,0.2725450901803607
2025,01,HRV.3.3_1,0.043705701673965154,0.3877755511022044
2025,01,HRV.3.5_1,0.04123541661552888,0.3086172344689379
2025,01,HRV.3.6_1,0.04426892431782443,0.41683366733466937
2025,01,HRV.3.7_1,0.039041398656213214,0.26152304609218435
2025,01,HRV.3.9_1,0.04407595091415341,0.405811623246493
2025,01,HRV.4.1_1,0.03399270353252684,0.18436873747494983
2025,01,HRV.4.2_1,0.03350721333440813,0.17835671342685364
2025,01,HRV.4.3_1,0.03654033552975865,0.219438877755511
2025,01,HRV.4.4_1,0.03257599555835812,0.16733466933867738
2025,01,HRV.4.5_1,0.03613588052320534,0.2134268537074148
2025,01,HRV.4.6_1,0.03660652579932899,0.22044088176352702
2025,01,HRV.4.7_1,0.03633968549762288,0.21643286573146278
2025,01,HRV.5.10_1,0.03843925906937497,0.250501002004008
2025,01,HRV.5.11_1,0.03718696410410585,0.22945891783567132
2025,01,HRV.5.12_1,0.03737445616120217,0.23246492985971942
2025,01,HRV.5.13_1,0.03564779446325797,0.20641282565130267
2025,01,HRV.5.14_1,0.03995184438700482,0.27955911823647295
2025,01,HRV.5.15_1,0.03415115463800165,0.186372745490982
2025,01,HRV.5.16_1,0.04135593101323887,0.3116232464929859
2025,01,HRV.5.17_1,0.03706032411114862,0.22745490981963937
2025,01,HRV.5.18_1,0.038607032184734366,0.2535070140280561
2025,01,HRV.5.19_1,0.04159029593360392,0.3176352705410822
2025,01,HRV.5.1_1,0.0382687724677993,0.24749498997995992
2025,01,HRV.5.20_1,0.03528812808980178,0.2014028056112225
2025,01,HRV.5.21_1,0.039147077300580334,0.2635270541082164
2025,01,HRV.5.22_1,0.03300605504718017,0.17234468937875744
2025,01,HRV.5.23_1,0.037497822753405116,0.2344689378757515
2025,01,HRV.5.24_1,0.03476860943902885,0.19438877755511016
2025,01,HRV.5.25_1,0.03882656321699923,0.2575150300601202
2025,01,HRV.5.27_1,0.04199727177257767,0.32865731462925857
2025,01,HRV.5.28_1,0.04023549635725002,0.28557114228456904
2025,01,HRV.5.29_1,0.03803717943351839,0.24348697394789579
2025,01,HRV.5.2_1,0.036867865902490075,0.22444889779559116
2025,01,HRV.5.30_1,0.03826877246779932,0.24749498997995992
2025,01,HRV.5.31_1,0.03826877246779932,0.24749498997995992
2025,01,HRV.5.32_1,0.037249789025351435,0.23046092184368736
2025,01,HRV.5.33_1,0.03815359116029782,0.24549098196392785
2025,01,HRV.5.34_1,0.035718612720621754,0.2074148296593187
2025,01,HRV.5.35_1,0.038268772467799264,0.24749498997995992
2025,01,HRV.5.36_1,0.03686786590249006,0.22444889779559116
2025,01,HRV.5.37_1,0.038439259069374954,0.250501002004008
2025,01,HRV.5.38_1,0.04009488125034134,0.28256513026052105
2025,01,HRV.5.39_1,0.038607032184734366,0.2535070140280561
2025,01,HRV.5.3_1,0.03768045910529507,0.23747494989979948
2025,01,HRV.5.40_1,0.03627210338175869,0.21543086172344697
2025,01,HRV.5.4_1,0.03712380963457739,0.22845691382765518
2025,01,HRV.5.5_1,0.0347686094390288,0.19438877755511016
2025,01,HRV.5.6_1,0.03743630130350767,0.23346693386773534
2025,01,HRV.5.7_1,0.0405095518838027,0.29158316633266523
2025,01,HRV.5.8_1,0.03564779446325793,0.20641282565130267
2025,01,HRV.5.9_1,0.03438573496541057,0.1893787575150301
2025,01,HRV.6.10_1,0.034151154638001634,0.186372745490982
2025,01,HRV.6.11_1,0.034768609439028784,0.19438877755511016
2025,01,HRV.6.12_1,0.03550504892848514,0.2044088176352705
2025,01,HRV.6.13_1,0.03506779486511009,0.1983967935871743
2025,01,HRV.6.14_1,0.03407213719838794,0.18537074148296598
2025,01,HRV.6.15_1,0.03454008663826589,0.19138276553106218
2025,01,HRV.6.16_1,0.032835411739094406,0.17034068136272537
2025,01,HRV.6.17_1,0.032749403036772616,0.16933867735470945
2025,01,HRV.6.18_1,0.032662932057323985,0.16833667334669342
2025,01,HRV.6.19_1,0.03499358228034873,0.19739478957915838
2025,01,HRV.6.1_1,0.03422975840493732,0.18737474949899793
2025,01,HRV.6.20_1,0.034072137198387926,0.18537074148296598
2025,01,HRV.6.21_1,0.03543311767772567,0.20340681362725446
2025,01,HRV.6.2_1,0.03592887278629505,0.2104208416833667
2025,01,HRV.6.3_1,0.034616659174707756,0.1923847695390781
2025,01,HRV.6.4_1,0.03499358228034871,0.19739478957915838
2025,01,HRV.6.5_1,0.036406917078049744,0.21743486973947893
2025,01,HRV.6.6_1,0.03484399179204098,0.1953907815631263
2025,01,HRV.6.7_1,0.03578906391308231,0.20841683366733474
2025,01,HRV.6.8_1,0.034229758404937326,0.18737474949899793
2025,01,HRV.6.9_1,0.031772059081379034,0.15831663326653309
2025,01,HRV.7.10_1,0.03177205908137904,0.15831663326653309
2025,01,HRV.7.11_1,0.03158799225759026,0.15631262525050102
2025,01,HRV.7.12_1,0.03222352781522757,0.16332665330661325
2025,01,HRV.7.13_1,0.033670754307849445,0.1803607214428857
2025,01,HRV.7.14_1,0.0335072133344081,0.17835671342685364
2025,01,HRV.7.15_1,0.03309069590576366,0.17334669338677358
2025,01,HRV.7.16_1,0.031954122803956354,0.16032064128256515
2025,01,HRV.7.17_1,0.032488590249385704,0.16633266533066135
2025,01,HRV.7.18_1,0.027662052453809635,0.11823647294589178
2025,01,HRV.7.19_1,0.03168027796489132,0.15731462925851705
2025,01,HRV.7.1_1,0.033174886994658905,0.1743486973947895
2025,01,HRV.7.20_1,0.033424791588837904,0.1773547094188377
2025,01,HRV.7.21_1,0.03149519806860732,0.155310621242485
2025,01,HRV.7.22_1,0.031954122803956236,0.16032064128256515
2025,01,HRV.7.23_1,0.03422975840493736,0.18737474949899793
2025,01,HRV.7.24_1,0.0333419318839973,0.17635270541082157
2025,01,HRV.7.25_1,0.03222352781522761,0.16332665330661325
2025,01,HRV.7.2_1,0.03375187911770993,0.18136272545090185
2025,01,HRV.7.3_1,0.031213724766442144,0.1523046092184369
2025,01,HRV.7.4_1,0.03168027796489132,0.15731462925851705
2025,01,HRV.7.5_1,0.03158799225759027,0.15631262525050102
2025,01,HRV.7.6_1,0.03300605504718021,0.17234468937875744
2025,01,HRV.7.7_1,0.031401891445194445,0.15430861723446895
2025,01,HRV.7.8_1,0.032488590249385677,0.16633266533066135
2025,01,HRV.7.9_1,0.028672507358848402,0.12725450901803606
2025,01,HRV.8.10_1,0.03140189144519441,0.15430861723446895
2025,01,HRV.8.11_1,0.0345400866382659,0.19138276553106218
2025,01,HRV.8.12_1,0.034540086638265896,0.19138276553106218
2025,01,HRV.8.13_1,0.03506779486511007,0.1983967935871743
2025,01,HRV.8.14_1,0.03350721333440813,0.17835671342685364
2025,01,HRV.8.15_1,0.034072137198387885,0.18537074148296598
2025,01,HRV.8.16_1,0.034229758404937326,0.18737474949899793
2025,01,HRV.8.17_1,0.03158799225759023,0.15631262525050102
2025,01,HRV.8.18_1,0.03536081141455969,0.20240480961923832
2025,01,HRV.8.19_1,0.03506779486511007,0.1983967935871743
2025,01,HRV.8.1_1,0.03399270353252686,0.18436873747494983
2025,01,HRV.8.20_1,0.032662932057324026,0.16833667334669342
2025,01,HRV.8.21_1,0.03430795101871426,0.18837675350701397
2025,01,HRV.8.22_1,0.031118856483700403,0.15130260521042085
2025,01,HRV.8.23_1,0.03334193188399735,0.17635270541082157
2025,01,HRV.8.24_1,0.03430795101871429,0.18837675350701397
2025,01,HRV.8.25_1,0.0335072133344081,0.17835671342685364
2025,01,HRV.8.26_1,0.03599823425056958,0.21142284569138262
2025,01,HRV.8.27_1,0.029835806235238606,0.13827655310621242
2025,01,HRV.8.28_1,0.032044412894186663,0.16132264529058118
2025,01,HRV.8.29_1,0.03543311767772567,0.20340681362725446
2025,01,HRV.8.2_1,0.02942144854834707,0.1342685370741483
2025,01,HRV.8.30_1,0.03186333943737781,0.15931863727454912
2025,01,HRV.8.31_1,0.03415115463800165,0.186372745490982
2025,01,HRV.8.32_1,0.03383257713374817,0.18236472945891777
2025,01,HRV.8.3_1,0.03266293205732403,0.16833667334669342
2025,01,HRV.8.4_1,0.035288128089801786,0.2014028056112225
2025,01,HRV.8.5_1,0.031863339437377784,0.15931863727454912
2025,01,HRV.8.6_1,0.03334193188399731,0.17635270541082157
2025,01,HRV.8.7_1,0.031213724766442116,0.1523046092184369
2025,01,HRV.8.8_1,0.032400712790837935,0.16533066132264532
2025,01,HRV.8.9_1,0.03334193188399731,0.17635270541082157
2025,01,HRV.9.10_1,0.034616659174707666,0.1923847695390781
2025,01,HRV.9.11_1,0.031023459308779422,0.15030060120240482
2025,01,HRV.9.12_1,0.030636494947164652,0.1462925851703407
2025,01,HRV.9.1_1,0.03248859024938573,0.16633266533066135
2025,01,HRV.9.2_1,0.030439724606053674,0.14428857715430862
2025,01,HRV.9.3_1,0.0331748869946589,0.1743486973947895
2025,01,HRV.9.4_1,0.03654033552975868,0.219438877755511
2025,01,HRV.9.5_1,0.032223527815227616,0.16332665330661325
2025,01,HRV.9.6_1,0.038325904827475506,0.24849699398797595
2025,01,HRV.9.7_1,0.03300605504718015,0.17234468937875744
2025,01,HRV.9.8_1,0.03407213719838789,0.18537074148296598
2025,01,HRV.9.9_1,0.03222352781522761,0.16332665330661325
2025,01,HUN.1.10_1,0.019921030331542113,0.06312625250500996
2025,01,HUN.1.1_1,0.018471902775963545,0.05511022044088181
2025,01,HUN.1.2_1,0.01884516640347795,0.05711422845691388
2025,01,HUN.1.3_1,0.020604800138715955,0.0671342685370742
2025,01,HUN.1.4_1,0.020604800138715983,0.0671342685370742
2025,01,HUN.1.5_1,0.019569398347957026,0.06112224448897801
2025,01,HUN.1.6_1,0.01865950067142242,0.056112224448897845
2025,01,HUN.1.7_1,0.01992103033154207,0.06312625250500996
2025,01,HUN.1.8_1,0.020604800138715927,0.0671342685370742
2025,01,HUN.1.9_1,0.02296687739902796,0.08216432865731459
2025,01,HUN.10.1_1,0.02899728775202693,0.13026052104208416
2025,01,HUN.10.2_1,0.0325759955583581,0.16733466933867738
2025,01,HUN.10.3_1,0.031587992257590215,0.15631262525050102
2025,01,HUN.10.4_1,0.03140189144519443,0.15430861723446895
2025,01,HUN.10.5_1,0.03292096135954543,0.17134268537074152
2025,01,HUN.10.6_1,0.03034050117169255,0.1432865731462926
2025,01,HUN.10.7_1,0.02888967210714496,0.12925851703406813
2025,01,HUN.11.1_1,0.0281180139947334,0.12224448897795602
2025,01,HUN.11.2_1,0.027891440905278717,0.12024048096192395
2025,01,HUN.11.3_1,0.030240712502615525,0.14228456913827656
2025,01,HUN.11.4_1,0.028781414078247778,0.1282565130260521
2025,01,HUN.11.5_1,0.02742978778947277,0.1162324649298596
2025,01,HUN.11.6_1,0.023260609712008714,0.08416833667334665
2025,01,HUN.11.7_1,0.027662052453809587,0.11823647294589178
2025,01,HUN.12.1_1,0.030636494947164708,0.1462925851703407
2025,01,HUN.12.2_1,0.03231235979305098,0.16432865731462928
2025,01,HUN.12.3_1,0.03140189144519444,0.15430861723446895
2025,01,HUN.12.4_1,0.03350721333440814,0.17835671342685364
2025,01,HUN.12.5_1,0.030831061077761707,0.14829659318637275
2025,01,HUN.12.6_1,0.03383257713374822,0.18236472945891777
2025,01,HUN.12.7_1,0.031863339437377805,0.15931863727454912
2025,01,HUN.13.1_1,0.018845166403477963,0.05711422845691388
2025,01,HUN.13.2_1,0.019210883156825297,0.05911823647294583
2025,01,HUN.13.3_1,0.020094357949281973,0.0641282565130261
2025,01,HUN.13.4_1,0.017302899402323966,0.04909819639278561
2025,01,HUN.13.5_1,0.019028945889083063,0.0581162324649298
2025,01,HUN.13.6_1,0.02043621003191781,0.06613226452905806
2025,01,HUN.14.10_1,0.027312557164847505,0.11523046092184368
2025,01,HUN.14.11_1,0.028562945521100103,0.12625250501002003
2025,01,HUN.14.12_1,0.027662052453809646,0.11823647294589178
2025,01,HUN.14.13_1,0.025972048296596963,0.10420841683366731
2025,01,HUN.14.14_1,0.02834183015253204,0.12424849699398798
2025,01,HUN.14.15_1,0.028230263129052656,0.12324649298597194
2025,01,HUN.14.1_1,0.026836119816314685,0.11122244488977955
2025,01,HUN.14.2_1,0.030140353701167032,0.14128256513026052
2025,01,HUN.14.3_1,0.028889672107144958,0.12925851703406813
2025,01,HUN.14.4_1,0.02777710234462389,0.1192384769539077
2025,01,HUN.14.5_1,0.030340501171692534,0.1432865731462926
2025,01,HUN.14.6_1,0.029104267201193877,0.1312625250501002
2025,01,HUN.14.7_1,0.028118013994733394,0.12224448897795602
2025,01,HUN.14.8_1,0.028562945521100103,0.12625250501002003
2025,01,HUN.14.9_1,0.02800507566323091,0.12124248496993976
2025,01,HUN.15.10_1,0.02742978778947278,0.1162324649298596
2025,01,HUN.15.1_1,0.027777102344623918,0.1192384769539077
2025,01,HUN.15.2_1,0.027312557164847505,0.11523046092184368
2025,01,HUN.15.3_1,0.02910426720119382,0.1312625250501002
2025,01,HUN.15.4_1,0.027312557164847505,0.11523046092184368
2025,01,HUN.15.5_1,0.02584530739365448,0.10320641282565128
2025,01,HUN.15.6_1,0.028005075663230898,0.12124248496993976
2025,01,HUN.15.7_1,0.027546283549806504,0.11723446893787574
2025,01,HUN.15.8_1,0.02671508862897927,0.11022044088176362
2025,01,HUN.15.9_1,0.027546283549806504,0.11723446893787574
2025,01,HUN.16.10_1,0.030927528958198114,0.1492985971943888
2025,01,HUN.16.11_1,0.032575995558358106,0.16733466933867738
2025,01,HUN.16.1_1,0.0312137247664421,0.1523046092184369
2025,01,HUN.16.2_1,0.03274940303677258,0.16933867735470945
2025,01,HUN.16.3_1,0.033258631329692014,0.17535070140280565
2025,01,HUN.16.4_1,0.03342479158883789,0.1773547094188377
2025,01,HUN.16.5_1,0.032835411739094406,0.17034068136272537
2025,01,HUN.16.6_1,0.03186333943737775,0.15931863727454912
2025,01,HUN.16.7_1,0.03204441289418666,0.16132264529058118
2025,01,HUN.16.8_1,0.03309069590576367,0.17334669338677358
2025,01,HUN.16.9_1,0.03461665917470776,0.1923847695390781
2025,01,HUN.17.1_1,0.02009435794928195,0.0641282565130261
2025,01,HUN.17.2_1,0.020604800138715955,0.0671342685370742
2025,01,HUN.17.3_1,0.022211972370956484,0.07715430861723442
2025,01,HUN.17.4_1,0.018845166403477956,0.05711422845691388
2025,01,HUN.17.5_1,0.018845166403477963,0.05711422845691388
2025,01,HUN.18.1_1,0.01469713901445668,0.037074148296593216
2025,01,HUN.18.2_1,0.012960648532387273,0.03006012024048099
2025,01,HUN.18.3_1,0.016477939265908556,0.04509018036072148
2025,01,HUN.18.4_1,0.013220851858281825,0.03106212424849702
2025,01,HUN.18.5_1,0.014460404669750326,0.03607214428857718
2025,01,HUN.18.6_1,0.01647793926590858,0.04509018036072148
2025,01,HUN.18.7_1,0.017701198368506536,0.05110220440881768
2025,01,HUN.18.8_1,0.016265379022877717,0.04408817635270545
2025,01,HUN.18.9_1,0.01605013451135366,0.043086172344689415
2025,01,HUN.19.1_1,0.019569398347956977,0.06112224448897801
2025,01,HUN.19.2_1,0.022057303704146648,0.07615230460921839
2025,01,HUN.19.3_1,0.02354986300012813,0.08617234468937872
2025,01,HUN.19.4_1,0.022966877399027943,0.08216432865731459
2025,01,HUN.19.5_1,0.01956939834795699,0.06112224448897801
2025,01,HUN.19.6_1,0.020436210031917805,0.06613226452905806
2025,01,HUN.19.7_1,0.017100305162570197,0.04809619238476958
2025,01,HUN.19.8_1,0.022818286394609043,0.08116232464929855
2025,01,HUN.19.9_1,0.020266073373650398,0.06513026052104202
2025,01,HUN.2.1_1,0.035433117677725647,0.20340681362725446
2025,01,HUN.2.2_1,0.035789063913082356,0.20841683366733474
2025,01,HUN.2.3_1,0.03461665917470772,0.1923847695390781
2025,01,HUN.2.4_1,0.034768609439028805,0.19438877755511016
2025,01,HUN.2.5_1,0.03592887278629508,0.2104208416833667
2025,01,HUN.2.6_1,0.03446311269826637,0.19038076152304603
2025,01,HUN.2.7_1,0.035928872786295,0.2104208416833667
2025,01,HUN.2.8_1,0.035141621929537986,0.19939879759519044
2025,01,HUN.2.9_1,0.03499358228034874,0.19739478957915838
2025,01,HUN.20.1_1,0.03140189144519448,0.15430861723446895
2025,01,HUN.20.2_1,0.030439724606053684,0.14428857715430862
2025,01,HUN.20.3_1,0.030240712502615532,0.14228456913827656
2025,01,HUN.20.4_1,0.03248859024938567,0.16633266533066135
2025,01,HUN.20.5_1,0.03300605504718017,0.17234468937875744
2025,01,HUN.20.6_1,0.03053838762014669,0.14529058116232466
2025,01,HUN.3.1_1,0.0336707543078495,0.1803607214428857
2025,01,HUN.3.2_1,0.03578906391308233,0.20841683366733474
2025,01,HUN.3.3_1,0.0340721371983879,0.18537074148296598
2025,01,HUN.3.4_1,0.03491898199281636,0.19639278557114234
2025,01,HUN.3.5_1,0.0372497890253513,0.23046092184368736
2025,01,HUN.3.6_1,0.03407213719838791,0.18537074148296598
2025,01,HUN.3.7_1,0.03506779486511017,0.1983967935871743
2025,01,HUN.3.8_1,0.032835411739094406,0.17034068136272537
2025,01,HUN.4.10_1,0.028230263129052656,0.12324649298597194
2025,01,HUN.4.11_1,0.029210616527828553,0.13226452905811623
2025,01,HUN.4.12_1,0.02766205245380963,0.11823647294589178
2025,01,HUN.4.13_1,0.030439724606053667,0.14428857715430862
2025,01,HUN.4.14_1,0.03102345930877944,0.15030060120240482
2025,01,HUN.4.15_1,0.0283418301525321,0.12424849699398798
2025,01,HUN.4.1_1,0.028005075663230895,0.12124248496993976
2025,01,HUN.4.2_1,0.029937905682365835,0.13927855711422846
2025,01,HUN.4.3_1,0.030140353701167032,0.14128256513026052
2025,01,HUN.4.4_1,0.028341830152532076,0.12424849699398798
2025,01,HUN.4.5_1,0.025972048296596984,0.10420841683366731
2025,01,HUN.4.6_1,0.030831061077761766,0.14829659318637275
2025,01,HUN.4.7_1,0.029316341692963915,0.13326653306613226
2025,01,HUN.4.8_1,0.029629830206987517,0.13627254509018036
2025,01,HUN.4.9_1,0.028672507358848374,0.12725450901803606
2025,01,HUN.5.1_1,0.037800623893680885,0.23947895791583165
2025,01,HUN.6.1_1,0.018845166403477956,0.05711422845691388
2025,01,HUN.6.2_1,0.017701198368506525,0.05110220440881768
2025,01,HUN.6.3_1,0.018282324795874196,0.05410821643286578
2025,01,HUN.6.4_1,0.018282324795874265,0.05410821643286578
2025,01,HUN.6.5_1,0.01921088315682528,0.05911823647294583
2025,01,HUN.6.6_1,0.022211972370956512,0.07715430861723442
2025,01,HUN.6.7_1,0.017503176145694754,0.050100200400801646
2025,01,HUN.7.10_1,0.02683611981631474,0.11122244488977955
2025,01,HUN.7.1_1,0.027312557164847505,0.11523046092184368
2025,01,HUN.7.2_1,0.027429787789472797,0.1162324649298596
2025,01,HUN.7.3_1,0.022365383809134144,0.07815631262525045
2025,01,HUN.7.4_1,0.027546283549806504,0.11723446893787574
2025,01,HUN.7.5_1,0.027312557164847498,0.11523046092184368
2025,01,HUN.7.6_1,0.028005075663230895,0.12124248496993976
2025,01,HUN.7.7_1,0.028562945521100114,0.12625250501002003
2025,01,HUN.7.8_1,0.023260609712008714,0.08416833667334665
2025,01,HUN.7.9_1,0.025589245220572862,0.10120240480961921
2025,01,HUN.8.1_1,0.021744105281793137,0.07414829659318632
2025,01,HUN.8.2_1,0.023260609712008714,0.08416833667334665
2025,01,HUN.8.3_1,0.021264300208908946,0.07114228456913822
2025,01,HUN.8.4_1,0.023549863000128176,0.08617234468937872
2025,01,HUN.8.5_1,0.02190135563660674,0.075150300601202355
2025,01,HUN.8.6_1,0.020771874757003247,0.06813627254509023
2025,01,HUN.8.7_1,0.022517559507299226,0.07915831663326649
2025,01,HUN.9.1_1,0.033258631329692014,0.17535070140280565
2025,01,HUN.9.2_1,0.03177205908137902,0.15831663326653309
2025,01,HUN.9.3_1,0.03422975840493731,0.18737474949899793
2025,01,HUN.9.4_1,0.03257599555835815,0.16733466933867738
2025,01,HUN.9.5_1,0.03680304076042709,0.22344689378757523
2025,01,HUN.9.6_1,0.033751879117709944,0.18136272545090185
2025,01,HUN.9.7_1,0.034463112698266296,0.19038076152304603
2025,01,HUN.9.8_1,0.031772059081379034,0.15831663326653309
2025,01,HUN.9.9_1,0.034385734965410544,0.1893787575150301
2025,01,IMN.10_2,0.04046453484455116,0.2905811623246492
2025,01,IMN.11_2,0.0370603241111487,0.22745490981963937
2025,01,IMN.12_2,0.03877212344211007,0.2565130260521042
2025,01,IMN.13_2,0.03786023254001063,0.24048096192384757
2025,01,IMN.14_2,0.03860703218473441,0.2535070140280561
2025,01,IMN.15_2,0.039903623222564376,0.2785571142284569
2025,01,IMN.16_2,0.03866235905489498,0.2545090180360721
2025,01,IMN.1_2,0.03871738909574289,0.25551102204408815
2025,01,IMN.2_2,0.03849548335707844,0.251503006012024
2025,01,IMN.3_2,0.03737445616120218,0.23246492985971942
2025,01,IMN.4_2,0.038382733291622007,0.24949899799599198
2025,01,IMN.5_2,0.0368030407604271,0.22344689378757523
2025,01,IMN.7_2,0.03930344510494175,0.2665330661322645
2025,01,IMN.8_2,0.03712380963457758,0.22845691382765518
2025,01,IMN.9_2,0.036540335529758716,0.219438877755511
2025,01,IRL.1.1_1,0.04064303594748161,0.29458917835671344
2025,01,IRL.1.2_1,0.03768045910529505,0.23747494989979948
2025,01,IRL.1.3_1,0.03693235379411006,0.2254509018036072
2025,01,IRL.10.1_1,0.03699650601105095,0.22645290581162333
2025,01,IRL.10.2_1,0.03737445616120217,0.23246492985971942
2025,01,IRL.10.3_1,0.0382113349904888,0.246492985971944
2025,01,IRL.10.4_1,0.03699650601105096,0.22645290581162333
2025,01,IRL.11.1_1,0.03780062389368086,0.23947895791583165
2025,01,IRL.11.2_1,0.036067236217727325,0.21242484969939876
2025,01,IRL.11.3_1,0.03613588052320535,0.2134268537074148
2025,01,IRL.12.1_1,0.038325904827475506,0.24849699398797595
2025,01,IRL.12.2_1,0.03826877246779929,0.24749498997995992
2025,01,IRL.12.3_1,0.03786023254001067,0.24048096192384757
2025,01,IRL.13.1_1,0.03821133499048875,0.246492985971944
2025,01,IRL.13.2_1,0.0396584106640945,0.27354709418837675
2025,01,IRL.13.3_1,0.0397573206675547,0.2755511022044088
2025,01,IRL.13.4_1,0.03797850899911905,0.24248496993987986
2025,01,IRL.14.1_1,0.038607032184734366,0.2535070140280561
2025,01,IRL.14.2_1,0.037978508999119025,0.24248496993987986
2025,01,IRL.14.3_1,0.03774069986446014,0.23847695390781562
2025,01,IRL.15.1_1,0.04073072715680166,0.2965931863727455
2025,01,IRL.15.2_1,0.040598801658404765,0.2935871743486973
2025,01,IRL.15.3_1,0.038880709531734683,0.25851703406813625
2025,01,IRL.16.1_1,0.03749782275340512,0.2344689378757515
2025,01,IRL.16.2_1,0.03550504892848511,0.2044088176352705
2025,01,IRL.16.3_1,0.03791952713584334,0.24148296593186372
2025,01,IRL.16.4_1,0.03945725720745003,0.2695390781563126
2025,01,IRL.17.1_1,0.039199485556694225,0.26452905811623245
2025,01,IRL.17.2_1,0.03849548335707844,0.251503006012024
2025,01,IRL.17.3_1,0.03712380963457756,0.22845691382765518
2025,01,IRL.17.4_1,0.040327905634718934,0.2875751503006012
2025,01,IRL.17.5_1,0.039558392038460136,0.2715430861723447
2025,01,IRL.17.6_1,0.03731228588703084,0.23146292585170328
2025,01,IRL.18.1_1,0.03749782275340514,0.2344689378757515
2025,01,IRL.18.2_1,0.038211334990488746,0.246492985971944
2025,01,IRL.18.3_1,0.036606525799329,0.22044088176352702
2025,01,IRL.19.1_1,0.038325904827475506,0.24849699398797595
2025,01,IRL.19.2_1,0.03693235379411002,0.2254509018036072
2025,01,IRL.19.3_1,0.03706032411114869,0.22745490981963937
2025,01,IRL.2.1_1,0.03768045910529506,0.23747494989979948
2025,01,IRL.2.2_1,0.037497822753405165,0.2344689378757515
2025,01,IRL.2.3_1,0.03755902193439964,0.23547094188376752
2025,01,IRL.20.1_1,0.039251607817131696,0.2655310621242485
2025,01,IRL.20.2_1,0.03755902193439959,0.23547094188376752
2025,01,IRL.20.3_1,0.037800623893680885,0.23947895791583165
2025,01,IRL.21.1_1,0.03849548335707844,0.251503006012024
2025,01,IRL.21.2_1,0.038988126168548645,0.2605210420841683
2025,01,IRL.21.3_1,0.03821133499048878,0.246492985971944
2025,01,IRL.22.1_1,0.0371238096345774,0.22845691382765518
2025,01,IRL.22.2_1,0.03898812616854866,0.2605210420841683
2025,01,IRL.22.3_1,0.0397080037756049,0.2745490981963928
2025,01,IRL.22.4_1,0.038211334990488774,0.246492985971944
2025,01,IRL.22.5_1,0.03893456348611332,0.2595190380761523
2025,01,IRL.23.1_1,0.035141621929538014,0.19939879759519044
2025,01,IRL.23.2_1,0.03871738909574292,0.25551102204408815
2025,01,IRL.23.3_1,0.041194747214461744,0.30761523046092176
2025,01,IRL.24.1_1,0.03749782275340515,0.2344689378757515
2025,01,IRL.24.2_1,0.03737445616120217,0.23246492985971942
2025,01,IRL.25.1_1,0.03660652579932899,0.22044088176352702
2025,01,IRL.25.2_1,0.03768045910529506,0.23747494989979948
2025,01,IRL.25.3_1,0.03774069986446013,0.23847695390781562
2025,01,IRL.25.4_1,0.038880709531734683,0.25851703406813625
2025,01,IRL.25.5_1,0.03950796462859236,0.27054108216432865
2025,01,IRL.26.1_1,0.0367378767739596,0.2224448897795591
2025,01,IRL.26.2_1,0.03737445616120217,0.23246492985971942
2025,01,IRL.26.3_1,0.03797850899911909,0.24248496993987986
2025,01,IRL.26.4_1,0.03990362322256463,0.2785571142284569
2025,01,IRL.26.5_1,0.03731228588703088,0.23146292585170328
2025,01,IRL.3.1_1,0.03945725720745003,0.2695390781563126
2025,01,IRL.3.2_1,0.03919948555669422,0.26452905811623245
2025,01,IRL.3.3_1,0.0397573206675547,0.2755511022044088
2025,01,IRL.3.4_1,0.03849548335707844,0.251503006012024
2025,01,IRL.4.1_1,0.039094382015184836,0.2625250501002004
2025,01,IRL.4.2_1,0.04018889231686863,0.2845691382765531
2025,01,IRL.4.3_1,0.039608540399406596,0.2725450901803607
2025,01,IRL.4.4_1,0.04139560672745634,0.31262525050100204
2025,01,IRL.4.5_1,0.040327905634718955,0.2875751503006012
2025,01,IRL.4.6_1,0.037436301303507676,0.23346693386773534
2025,01,IRL.4.7_1,0.037186964104105845,0.22945891783567132
2025,01,IRL.4.8_1,0.03761990025427183,0.23647294589178355
2025,01,IRL.4.9_1,0.040094881250341344,0.28256513026052105
2025,01,IRL.5.1_1,0.03731228588703081,0.23146292585170328
2025,01,IRL.5.2_1,0.039457257207450025,0.2695390781563126
2025,01,IRL.5.3_1,0.036737876773959566,0.2224448897795591
2025,01,IRL.5.4_1,0.03803717943351837,0.24348697394789579
2025,01,IRL.5.5_1,0.0370603241111487,0.22745490981963937
2025,01,IRL.6.1_1,0.04275621720651013,0.35170340681362733
2025,01,IRL.6.2_1,0.040419255322054336,0.28957915831663317
2025,01,IRL.6.3_1,0.04094545539146495,0.3016032064128257
2025,01,IRL.6.4_1,0.03985512948058407,0.2775551102204409
2025,01,IRL.7.1_1,0.03960854039940657,0.2725450901803607
2025,01,IRL.7.2_1,0.03821133499048881,0.246492985971944
2025,01,IRL.7.3_1,0.03909438201518485,0.2625250501002004
2025,01,IRL.7.4_1,0.039558392038460136,0.2715430861723447
2025,01,IRL.7.5_1,0.038325904827475506,0.24849699398797595
2025,01,IRL.7.6_1,0.03893456348611329,0.2595190380761523
2025,01,IRL.8.1_1,0.038772123442110076,0.2565130260521042
2025,01,IRL.8.2_1,0.038717389095742884,0.25551102204408815
2025,01,IRL.8.3_1,0.039199485556694225,0.26452905811623245
2025,01,IRL.8.4_1,0.04009488125034134,0.28256513026052105
2025,01,IRL.8.5_1,0.03970800377560491,0.2745490981963928
2025,01,IRL.9.1_1,0.038211334990488746,0.246492985971944
2025,01,IRL.9.2_1,0.04028183385378819,0.2865731462925852
2025,01,IRL.9.3_1,0.03893456348611332,0.2595190380761523
2025,01,IRL.9.4_1,0.03882656321699921,0.2575150300601202
2025,01,IRL.9.5_1,0.03673787677395958,0.2224448897795591
2025,01,ISL.1.10_1,0.016477939265908584,0.04509018036072148
2025,01,ISL.1.11_1,0.016265379022877717,0.04408817635270545
2025,01,ISL.1.12_1,0.016895327312381025,0.04709418837675355
2025,01,ISL.1.13_1,0.02266852029984653,0.08016032064128252
2025,01,ISL.1.14_1,0.024799594579291786,0.09519038076152302
2025,01,ISL.1.15_1,0.01921088315682529,0.05911823647294583
2025,01,ISL.1.16_1,0.01847190277596359,0.05511022044088181
2025,01,ISL.1.1_1,0.01605013451135357,0.043086172344689415
2025,01,ISL.1.2_1,0.014697139014456686,0.037074148296593216
2025,01,ISL.1.3_1,0.01730289940232397,0.04909819639278561
2025,01,ISL.1.4_1,0.020436210031917805,0.06613226452905806
2025,01,ISL.1.5_1,0.020266073373650384,0.06513026052104202
2025,01,ISL.1.6_1,0.017302899402323952,0.04909819639278561
2025,01,ISL.1.7_1,0.017701198368506515,0.05110220440881768
2025,01,ISL.1.8_1,0.016050134511353578,0.043086172344689415
2025,01,ISL.1.9_1,0.01215200426498204,0.02705410821643289
2025,01,ISL.2.10_1,0.010999127819863157,0.023046092184368757
2025,01,ISL.2.11_1,0.01828232479587424,0.05410821643286578
2025,01,ISL.2.12_1,0.01921088315682529,0.05911823647294583
2025,01,ISL.2.13_1,0.017897026113825543,0.05210420841683371
2025,01,ISL.2.14_1,0.013728453360900469,0.033066132264529084
2025,01,ISL.2.15_1,0.01847190277596363,0.05511022044088181
2025,01,ISL.2.16_1,0.01956939834795699,0.06112224448897801
2025,01,ISL.2.17_1,0.013476725723860408,0.03206412825651305
2025,01,ISL.2.18_1,0.01626537902287771,0.04408817635270545
2025,01,ISL.2.19_1,0.013476725723860373,0.03206412825651305
2025,01,ISL.2.1_1,0.01469713901445663,0.037074148296593216
2025,01,ISL.2.20_1,0.023260609712008714,0.08416833667334665
2025,01,ISL.2.21_1,0.011296213592237606,0.02404809619238479
2025,01,ISL.2.22_1,0.017302899402324025,0.04909819639278561
2025,01,ISL.2.23_1,0.018659500671422472,0.056112224448897845
2025,01,ISL.2.24_1,0.02009435794928195,0.0641282565130261
2025,01,ISL.2.25_1,0.017701198368506543,0.05110220440881768
2025,01,ISL.2.2_1,0.019028945889083076,0.0581162324649298
2025,01,ISL.2.3_1,0.015387414363295517,0.040080160320641316
2025,01,ISL.2.4_1,0.012426447213732136,0.028056112224448922
2025,01,ISL.2.5_1,0.015387414363295493,0.040080160320641316
2025,01,ISL.2.6_1,0.016050134511353543,0.043086172344689415
2025,01,ISL.2.7_1,0.017302899402323987,0.04909819639278561
2025,01,ISL.2.9_1,0.01847190277596362,0.05511022044088181
2025,01,ISL.3.1_1,0.022966877399027988,0.08216432865731459
2025,01,ISL.3.2_1,0.02545990182947928,0.10020040080160318
2025,01,ISL.3.3_1,0.039658410664094486,0.27354709418837675
2025,01,ISL.3.4_1,0.019210883156825318,0.05911823647294583
2025,01,ISL.3.5_1,0.024115475428418603,0.09018036072144285
2025,01,ISL.3.6_1,0.022966877399027932,0.08216432865731459
2025,01,ISL.3.7_1,0.023549863000128138,0.08617234468937872
2025,01,ISL.4.10_1,0.013728453360900464,0.033066132264529084
2025,01,ISL.4.11_1,0.01561124529663747,0.04108216432865735
2025,01,ISL.4.12_1,0.019391020454336154,0.06012024048096198
2025,01,ISL.4.13_1,0.01847190277596363,0.05511022044088181
2025,01,ISL.4.1_1,0.013976205076585766,0.03406813627254512
2025,01,ISL.4.2_1,0.01668789637508754,0.046092184368737514
2025,01,ISL.4.3_1,0.01956939834795697,0.06112224448897801
2025,01,ISL.4.4_1,0.012960648532387258,0.03006012024048099
2025,01,ISL.4.5_1,0.01538741436329558,0.040080160320641316
2025,01,ISL.4.6_1,0.016265379022877693,0.04408817635270545
2025,01,ISL.4.7_1,0.016895327312381022,0.04709418837675355
2025,01,ISL.4.8_1,0.019028945889083073,0.0581162324649298
2025,01,ISL.4.9_1,0.01921088315682531,0.05911823647294583
2025,01,ISL.5.10_1,0.01538741436329547,0.040080160320641316
2025,01,ISL.5.11_1,0.020604800138715944,0.0671342685370742
2025,01,ISL.5.12_1,0.018090716680414613,0.053106212424849746
2025,01,ISL.5.13_1,0.02647065696182954,0.10821643286573145
2025,01,ISL.5.14_1,0.018471902775963625,0.05511022044088181
2025,01,ISL.5.15_1,0.01605013451135349,0.043086172344689415
2025,01,ISL.5.16_1,0.023692853314494916,0.08717434869739475
2025,01,ISL.5.17_1,0.021744105281793134,0.07414829659318632
2025,01,ISL.5.18_1,0.02142560239318714,0.07214428857715426
2025,01,ISL.5.19_1,0.019210883156825318,0.05911823647294583
2025,01,ISL.5.1_1,0.020937463855137686,0.06913827655310616
2025,01,ISL.5.20_1,0.017302899402323997,0.04909819639278561
2025,01,ISL.5.21_1,0.025845307393654447,0.10320641282565128
2025,01,ISL.5.22_1,0.01847190277596356,0.05511022044088181
2025,01,ISL.5.23_1,0.03149519806860729,0.155310621242485
2025,01,ISL.5.25_1,0.02009435794928196,0.0641282565130261
2025,01,ISL.5.26_1,0.022668520299846475,0.08016032064128252
2025,01,ISL.5.27_1,0.016477939265908573,0.04509018036072148
2025,01,ISL.5.2_1,0.020266073373650387,0.06513026052104202
2025,01,ISL.5.3_1,0.020604800138715875,0.0671342685370742
2025,01,ISL.5.4_1,0.021264300208908862,0.07114228456913822
2025,01,ISL.5.5_1,0.020094357949281955,0.0641282565130261
2025,01,ISL.5.6_1,0.01828232479587427,0.05410821643286578
2025,01,ISL.5.7_1,0.017897026113825536,0.05210420841683371
2025,01,ISL.5.8_1,0.017701198368506515,0.05110220440881768
2025,01,ISL.5.9_1,0.020266073373650384,0.06513026052104202
2025,01,ISL.6.1_1,0.02888967210714496,0.12925851703406813
2025,01,ISL.6.2_1,0.0338325771337482,0.18236472945891777
2025,01,ISL.6.3_1,0.029316341692963908,0.13326653306613226
2025,01,ISL.6.4_1,0.030240712502615525,0.14228456913827656
2025,01,ISL.7.10_1,0.02158552900591931,0.07314629258517029
2025,01,ISL.7.11_1,0.02251755950729921,0.07915831663326649
2025,01,ISL.7.1_1,0.02077187475700326,0.06813627254509023
2025,01,ISL.7.2_1,0.016895327312381046,0.04709418837675355
2025,01,ISL.7.3_1,0.02383477487575463,0.08817635270541078
2025,01,ISL.7.4_1,0.01956939834795698,0.06112224448897801
2025,01,ISL.7.5_1,0.023260609712008714,0.08416833667334665
2025,01,ISL.7.6_1,0.02174410528179316,0.07414829659318632
2025,01,ISL.7.7_1,0.02266852029984648,0.08016032064128252
2025,01,ISL.7.8_1,0.01974605581533436,0.06212424849699404
2025,01,ISL.7.9_1,0.02142560239318714,0.07214428857715426
2025,01,ISL.8.11_1,0.018845166403477956,0.05711422845691388
2025,01,ISL.8.12_1,0.018845166403477945,0.05711422845691388
2025,01,ISL.8.13_1,0.01956939834795696,0.06112224448897801
2025,01,ISL.8.14_1,0.018659500671422427,0.056112224448897845
2025,01,ISL.8.15_1,0.016895327312381025,0.04709418837675355
2025,01,ISL.8.16_1,0.02671508862897927,0.11022044088176362
2025,01,ISL.8.1_1,0.02845272201250925,0.125250501002004
2025,01,ISL.8.2_1,0.019210883156825304,0.05911823647294583
2025,01,ISL.8.3_1,0.01809071668041461,0.053106212424849746
2025,01,ISL.8.4_1,0.01647793926590857,0.04509018036072148
2025,01,ISL.8.5_1,0.0182823247958743,0.05410821643286578
2025,01,ISL.8.6_1,0.026715088628979245,0.11022044088176362
2025,01,ISL.8.7_1,0.024254285194864864,0.09118236472945888
2025,01,ISL.8.8_1,0.01561124529663747,0.04108216432865735
2025,01,ISL.8.9_1,0.01884516640347795,0.05711422845691388
2025,01,ITA.1.1_1,0.4128306990347407,0.2715648699601762
2025,01,ITA.1.2_1,0.3701117680612871,0.1723203178126336
2025,01,ITA.1.3_1,0.27201411156206556,0.25762268954940154
2025,01,ITA.1.4_1,0.2743140764353482,0.26606487137599716
2025,01,ITA.10.10_1,0.6449882313616375,0.46159450255669804
2025,01,ITA.10.11_1,0.22102050080401706,0.07998351923504586
2025,01,ITA.10.12_1,0.5356362641428225,0.373813702795786
2025,01,ITA.10.1_1,0.634984030706894,0.3025064658657657
2025,01,ITA.10.2_1,0.6109861726763757,0.4114586488509306
2025,01,ITA.10.3_1,0.5296527142584294,0.30421238895304265
2025,01,ITA.10.4_1,0.5150111285482581,0.5524781115948505
2025,01,ITA.10.5_1,0.3973041937361616,0.299488798272381
2025,01,ITA.10.6_1,0.3754890932313487,0.53010198676987
2025,01,ITA.10.7_1,0.40145297522618983,0.5715926727287061
2025,01,ITA.10.8_1,0.5499079534799244,0.533154208208366
2025,01,ITA.10.9_1,0.3424351652515301,0.45979481721881255
2025,01,ITA.11.1_1,0.2901184899725935,0.3012307541403704
2025,01,ITA.11.2_1,0.22060506776125843,0.2197697406410235
2025,01,ITA.11.3_1,0.25025742373172205,0.2522972699248403
2025,01,ITA.11.4_1,0.2905988962591479,0.2229718298496518
2025,01,ITA.11.5_1,0.3300952492901345,0.2515254111441019
2025,01,ITA.12.1_1,0.3555202885454025,0.22473885948947445
2025,01,ITA.12.2_1,0.26035077883945823,0.1812248386372695
2025,01,ITA.13.1_1,0.6217406679422427,0.3790774429757469
2025,01,ITA.13.2_1,0.4770028963617741,0.3340544176764735
2025,01,ITA.13.3_1,0.35637914297531703,0.2630834811123063
2025,01,ITA.13.4_1,0.65079967839675,0.2797575320588964
2025,01,ITA.13.5_1,0.41547666535157496,0.35850652390303434
2025,01,ITA.13.6_1,0.682905310725191,0.23943826264498533
2025,01,ITA.13.7_1,0.3105890747156307,0.20998709287246065
2025,01,ITA.13.8_1,0.3838415847121258,0.334627764102966
2025,01,ITA.14.1_1,0.30315279573193654,0.25042263932699416
2025,01,ITA.14.2_1,0.18192267115760472,0.24169612104070395
2025,01,ITA.14.3_1,0.20363085289205018,0.2219278318585336
2025,01,ITA.14.4_1,0.28871847195554595,0.1658449127932798
2025,01,ITA.14.5_1,0.18260620106662073,0.20125443652754832
2025,01,ITA.14.6_1,0.17132339466568652,0.19164447814342514
2025,01,ITA.14.7_1,0.35175041754095676,0.20915032405106718
2025,01,ITA.14.8_1,0.2934823938595655,0.18041888346203114
2025,01,ITA.15.1_1,0.23617369530417356,0.1955435384464939
2025,01,ITA.15.2_1,0.1613810682993347,0.1651779712301641
2025,01,ITA.15.3_1,0.27864012543796196,0.20119886211332658
2025,01,ITA.15.4_1,0.1372336003761475,0.12341134710010196
2025,01,ITA.15.5_1,0.3615314487763539,0.19246478325263616
2025,01,ITA.15.6_1,0.31060139670755266,0.16818523323691248
2025,01,ITA.15.7_1,0.13574865091622823,0.2506157373792821
2025,01,ITA.15.8_1,0.1665913084565746,0.20542555944472635
2025,01,ITA.15.9_1,0.1827026069710288,0.24622905471049059
2025,01,ITA.16.10_1,0.22853070796913819,0.20952169789937977
2025,01,ITA.16.1_1,0.2317463028697098,0.1989463714758403
2025,01,ITA.16.2_1,0.2527316119406731,0.21227470873592494
2025,01,ITA.16.3_1,0.20604844489053303,0.2555272397681776
2025,01,ITA.16.4_1,0.18888706101609273,0.3268603495452568
2025,01,ITA.16.5_1,0.22239892321751561,0.2087825095176287
2025,01,ITA.16.6_1,0.15371326187742163,0.20326106372380034
2025,01,ITA.16.7_1,0.2542341613464088,0.2578464873928316
2025,01,ITA.16.8_1,0.18328685259550045,0.23717296863851278
2025,01,ITA.16.9_1,0.09983416815720542,0.21764552027061082
2025,01,ITA.17.1_1,0.36952986063741544,0.1658962931124385
2025,01,ITA.17.2_1,0.6096702915379625,0.282382535386993
2025,01,ITA.18.1_1,0.26309657342108683,0.15829736560445026
2025,01,ITA.18.2_1,0.2073403989916787,0.18184453491361577
2025,01,ITA.19.1_1,0.16931997672731378,0.043206700202882135
2025,01,ITA.2.1_1,0.24885000415013492,0.24061493222947436
2025,01,ITA.2.2_1,0.11414067170311319,0.21033265802677426
2025,01,ITA.2.3_1,0.18839374168564035,0.30360406065963025
2025,01,ITA.2.4_1,0.2563650132100054,0.14665459464313235
2025,01,ITA.2.5_1,0.44717568404558045,0.40780247378408274
2025,01,ITA.2.6_1,0.21808307053778608,0.26602903752801826
2025,01,ITA.20.1_1,0.21526725756828838,0.08196882336733352
2025,01,ITA.20.2_1,0.4624944755600124,0.3857889652683349
2025,01,ITA.20.3_1,0.324848608291793,0.4148572202964449
2025,01,ITA.20.4_1,0.4087184103758804,0.3059674115346024
2025,01,ITA.20.5_1,0.30184267061980485,0.41543303121959807
2025,01,ITA.20.6_1,0.42416694807109645,0.33310357525207157
2025,01,ITA.20.7_1,0.4195322014199262,0.2243876663882471
2025,01,ITA.3.1_1,0.24733141483802956,0.35719968728489454
2025,01,ITA.3.2_1,0.4237576560486128,0.2875139902657702
2025,01,ITA.4.1_1,0.4234496418507506,0.5266161803242791
2025,01,ITA.4.2_1,0.5769077079469251,0.4384627796844104
2025,01,ITA.4.3_1,0.24770435713355718,0.5305557265528748
2025,01,ITA.4.4_1,0.4721982131486159,0.6163544846626555
2025,01,ITA.4.5_1,0.3418680122331043,0.6193441650162392
2025,01,ITA.5.1_1,0.475805426089983,0.3219874226109797
2025,01,ITA.5.2_1,0.3918661752565632,0.3424592619628432
2025,01,ITA.5.3_1,0.4701105594578734,0.46338062176878697
2025,01,ITA.5.4_1,0.4186040698270779,0.6048063460074072
2025,01,ITA.5.5_1,0.5402960472542334,0.3560646338795521
2025,01,ITA.6.1_1,0.29001618459074713,0.20731758418425164
2025,01,ITA.6.2_1,0.2069078904248413,0.2632386308744057
2025,01,ITA.6.3_1,0.20033735426384366,0.20160611524883532
2025,01,ITA.6.4_1,0.24733321398796482,0.18971601991892822
2025,01,ITA.6.5_1,0.22907539297978557,0.1492685285706734
2025,01,ITA.6.6_1,0.23098122702337948,0.15067635146350672
2025,01,ITA.6.7_1,0.17379182269094823,0.27681928679795964
2025,01,ITA.6.8_1,0.2441161999440183,0.19330584740545254
2025,01,ITA.6.9_1,0.17375374886377642,0.23874248930411235
2025,01,ITA.7.1_1,0.19071384017813148,0.21729505504994134
2025,01,ITA.7.2_1,0.24834928524668884,0.17865581399803937
2025,01,ITA.7.3_1,0.0875868265909759,0.1876253575031085
2025,01,ITA.7.4_1,0.39826096944210526,0.16649190396890737
2025,01,ITA.8.1_1,0.3783836243756447,0.23757585883442653
2025,01,ITA.8.2_1,0.24049959536970258,0.3246755443588573
2025,01,ITA.8.3_1,0.3156849739566872,0.19340236298053157
2025,01,ITA.8.4_1,0.4611828964981015,0.2890431917620395
2025,01,ITA.8.5_1,0.32853265918094765,0.2931536005319811
2025,01,ITA.9.1_1,0.34591924995632667,0.31176642477980754
2025,01,ITA.9.2_1,0.3188215008514166,0.2888667442338416
2025,01,ITA.9.3_1,0.2508939950332304,0.3804855146774977
2025,01,ITA.9.4_1,0.3384148514431509,0.32244730132290866
2025,01,JEY.10_1,0.03893456348611337,0.2595190380761523
2025,01,JEY.9_1,0.036339685497622835,0.21643286573146278
2025,01,LIE.10_1,0.020094357949281938,0.0641282565130261
2025,01,LIE.7_1,0.022966877399027988,0.08216432865731459
2025,01,LIE.9_1,0.020771874757003296,0.06813627254509023
2025,01,LTU.1.1_1,0.03407213719838792,0.18537074148296598
2025,01,LTU.1.2_1,0.038382733291622034,0.24949899799599198
2025,01,LTU.1.3_1,0.03550504892848518,0.2044088176352705
2025,01,LTU.1.4_1,0.03350721333440807,0.17835671342685364
2025,01,LTU.10.1_1,0.0319541228039563,0.16032064128256515
2025,01,LTU.10.2_1,0.032835411739094406,0.17034068136272537
2025,01,LTU.10.3_1,0.033090695905763655,0.17334669338677358
2025,01,LTU.10.4_1,0.03446311269826634,0.19038076152304603
2025,01,LTU.10.5_1,0.03484399179204098,0.1953907815631263
2025,01,LTU.10.6_1,0.035141621929538014,0.19939879759519044
2025,01,LTU.2.1_1,0.03755902193439965,0.23547094188376752
2025,01,LTU.2.2_1,0.03407213719838795,0.18537074148296598
2025,01,LTU.2.3_1,0.03469283266576517,0.19338677354709424
2025,01,LTU.2.4_1,0.035859149967226014,0.20941883767535066
2025,01,LTU.2.5_1,0.03620416898054941,0.21442885771543072
2025,01,LTU.2.6_1,0.03571861272062175,0.2074148296593187
2025,01,LTU.2.7_1,0.033589199970617045,0.17935871743486978
2025,01,LTU.3.1_1,0.036672372330655484,0.22144288577154306
2025,01,LTU.3.2_1,0.03660652579932899,0.22044088176352702
2025,01,LTU.3.4_1,0.037186964104105824,0.22945891783567132
2025,01,LTU.3.5_1,0.036672372330655484,0.22144288577154306
2025,01,LTU.3.6_1,0.03550504892848518,0.2044088176352705
2025,01,LTU.4.1_1,0.03491898199281636,0.19639278557114234
2025,01,LTU.4.2_1,0.034993582280348746,0.19739478957915838
2025,01,LTU.4.3_1,0.032920961359545406,0.17134268537074152
2025,01,LTU.5.1_1,0.03422975840493733,0.18737474949899793
2025,01,LTU.5.2_1,0.03415115463800163,0.186372745490982
2025,01,LTU.5.3_1,0.033832577133748196,0.18236472945891777
2025,01,LTU.5.4_1,0.0345400866382659,0.19138276553106218
2025,01,LTU.5.5_1,0.03358919997061706,0.17935871743486978
2025,01,LTU.6.1_1,0.035998234250569576,0.21142284569138262
2025,01,LTU.6.2_1,0.03536081141455972,0.20240480961923832
2025,01,LTU.6.3_1,0.03647379985239165,0.21843687374749496
2025,01,LTU.6.4_1,0.035141621929538014,0.19939879759519044
2025,01,LTU.6.5_1,0.03491898199281637,0.19639278557114234
2025,01,LTU.6.6_1,0.03761990025427182,0.23647294589178355
2025,01,LTU.7.1_1,0.035433117677725695,0.20340681362725446
2025,01,LTU.7.2_1,0.033258631329692014,0.17535070140280565
2025,01,LTU.7.3_1,0.03536081141455969,0.20240480961923832
2025,01,LTU.8.1_1,0.03367075430784952,0.1803607214428857
2025,01,LTU.8.2_1,0.035859149967226014,0.20941883767535066
2025,01,LTU.8.3_1,0.034072137198387906,0.18537074148296598
2025,01,LTU.9.1_1,0.032835411739094406,0.17034068136272537
2025,01,LTU.9.2_1,0.033670754307849486,0.1803607214428857
2025,01,LTU.9.3_1,0.03407213719838791,0.18537074148296598
2025,01,LTU.9.4_1,0.03438573496541057,0.1893787575150301
2025,01,LTU.9.5_1,0.0327494030367726,0.16933867735470945
2025,01,LUX.1.1_1,0.08723788371573062,0.1860491760043281
2025,01,LUX.1.2_1,0.11733672239621441,0.20242586286050723
2025,01,LUX.1.3_1,0.11516148713987473,0.1926265543528006
2025,01,LUX.1.4_1,0.06195674510057436,0.19497030805764848
2025,01,LUX.1.5_1,0.09490627194439144,0.1877217688140518
2025,01,LUX.2.1_1,0.09500101490561003,0.1882196594007606
2025,01,LUX.2.2_1,0.10162924867732515,0.1878693737618325
2025,01,LUX.2.3_1,0.10336643014316939,0.19669070284968207
2025,01,LUX.3.1_1,0.1349810298785327,0.6345242072546838
2025,01,LUX.3.2_1,0.17974926815589679,0.6562635954630648
2025,01,LUX.3.3_1,0.26355447224890916,0.8745517987601608
2025,01,LUX.3.4_1,0.15157098763177002,0.6156371208051007
2025,01,LVA.1.1_1,0.03469283266576518,0.19338677354709424
2025,01,LVA.1.2_1,0.03469283266576519,0.19338677354709424
2025,01,LVA.1.3_1,0.03491898199281635,0.19639278557114234
2025,01,LVA.1.4_1,0.03422975840493737,0.18737474949899793
2025,01,LVA.1.5_1,0.03484399179204097,0.1953907815631263
2025,01,LVA.2.1_1,0.031495198068607275,0.155310621242485
2025,01,LVA.2.2_1,0.0313080683713556,0.15330661322645292
2025,01,LVA.2.3_1,0.03083106107776167,0.14829659318637275
2025,01,LVA.2.4_1,0.030140353701167032,0.14128256513026052
2025,01,LVA.2.5_1,0.032662932057323985,0.16833667334669342
2025,01,LVA.2.6_1,0.03140189144519444,0.15430861723446895
2025,01,LVA.3.1_1,0.03367075430784951,0.1803607214428857
2025,01,LVA.3.2_1,0.03461665917470776,0.1923847695390781
2025,01,LVA.3.3_1,0.03438573496541059,0.1893787575150301
2025,01,LVA.3.4_1,0.03342479158883794,0.1773547094188377
2025,01,LVA.4.1_1,0.03292096135954547,0.17134268537074152
2025,01,LVA.4.2_1,0.032488590249385683,0.16633266533066135
2025,01,LVA.4.3_1,0.03367075430784951,0.1803607214428857
2025,01,LVA.4.4_1,0.03334193188399734,0.17635270541082157
2025,01,LVA.4.5_1,0.03300605504718025,0.17234468937875744
2025,01,LVA.4.6_1,0.030538387620146688,0.14529058116232466
2025,01,LVA.5.1_1,0.033832577133748216,0.18236472945891777
2025,01,LVA.5.2_1,0.03300605504718017,0.17234468937875744
2025,01,LVA.5.3_1,0.03342479158883796,0.1773547094188377
2025,01,LVA.5.4_1,0.033258631329692014,0.17535070140280565
2025,01,LVA.5.5_1,0.03550504892848521,0.2044088176352705
2025,01,MDA.16_1,0.03718696410410585,0.22945891783567132
2025,01,MDA.17_1,0.03838273329162208,0.24949899799599198
2025,01,MDA.20_1,0.0353608114145597,0.20240480961923832
2025,01,MDA.21_1,0.04032790563471896,0.2875751503006012
2025,01,MDA.23_1,0.03660652579932899,0.22044088176352702
2025,01,MDA.24_1,0.036067236217727325,0.21242484969939876
2025,01,MDA.28_1,0.03838273329162207,0.24949899799599198
2025,01,MDA.37_1,0.03780062389368089,0.23947895791583165
2025,01,MDA.5_1,0.03849548335707844,0.251503006012024
2025,01,MDA.6_1,0.03718696410410586,0.22945891783567132
2025,01,MDA.8_1,0.035859149967226,0.20941883767535066
2025,01,MKD.11_1,0.032662932057324005,0.16833667334669342
2025,01,MKD.13_1,0.02811801399473341,0.12224448897795602
2025,01,MKD.14_1,0.03092752895819813,0.1492985971943888
2025,01,MKD.15_1,0.0339128510521709,0.1833667334669339
2025,01,MKD.16_1,0.031680277964891264,0.15731462925851705
2025,01,MKD.17_1,0.03342479158883793,0.1773547094188377
2025,01,MKD.18_1,0.030140353701167032,0.14128256513026052
2025,01,MKD.19_1,0.03034050117169262,0.1432865731462926
2025,01,MKD.20_1,0.03422975840493737,0.18737474949899793
2025,01,MKD.21_1,0.032835411739094406,0.17034068136272537
2025,01,MKD.23_1,0.03731228588703083,0.23146292585170328
2025,01,MKD.24_1,0.03536081141455967,0.20240480961923832
2025,01,MKD.25_1,0.033589199970617094,0.17935871743486978
2025,01,MKD.26_1,0.030831061077761745,0.14829659318637275
2025,01,MKD.27_1,0.03177205908137903,0.15831663326653309
2025,01,MKD.28_1,0.032835411739094406,0.17034068136272537
2025,01,MKD.29_1,0.03186333943737778,0.15931863727454912
2025,01,MKD.2_1,0.03334193188399724,0.17635270541082157
2025,01,MKD.30_1,0.030240712502615525,0.14228456913827656
2025,01,MKD.31_1,0.03334193188399729,0.17635270541082157
2025,01,MKD.32_1,0.0320444128941867,0.16132264529058118
2025,01,MKD.33_1,0.029316341692963915,0.13326653306613226
2025,01,MKD.35_1,0.029835806235238606,0.13827655310621242
2025,01,MKD.36_1,0.0320444128941867,0.16132264529058118
2025,01,MKD.37_1,0.02931634169296392,0.13326653306613226
2025,01,MKD.38_1,0.029421448548347058,0.1342685370741483
2025,01,MKD.39_1,0.03430795101871424,0.18837675350701397
2025,01,MKD.3_1,0.030039419784473283,0.1402805611222445
2025,01,MKD.40_1,0.031954122803956354,0.16032064128256515
2025,01,MKD.41_1,0.03204441289418666,0.16132264529058118
2025,01,MKD.42_1,0.04331870585301195,0.3717434869739479
2025,01,MKD.43_1,0.031213724766442033,0.1523046092184369
2025,01,MKD.44_1,0.03367075430784948,0.1803607214428857
2025,01,MKD.45_1,0.030734051240935426,0.14729458917835672
2025,01,MKD.46_1,0.031680277964891305,0.15731462925851705
2025,01,MKD.47_1,0.030831061077761766,0.14829659318637275
2025,01,MKD.48_1,0.03350721333440813,0.17835671342685364
2025,01,MKD.49_1,0.03257599555835817,0.16733466933867738
2025,01,MKD.4_1,0.033424791588837925,0.1773547094188377
2025,01,MKD.50_1,0.030636494947164757,0.1462925851703407
2025,01,MKD.51_1,0.03186333943737772,0.15931863727454912
2025,01,MKD.52_1,0.03571861272062181,0.2074148296593187
2025,01,MKD.54_1,0.02719458349826073,0.11422845691382753
2025,01,MKD.55_1,0.03195412280395625,0.16032064128256515
2025,01,MKD.56_1,0.03177205908137903,0.15831663326653309
2025,01,MKD.57_1,0.031401891445194445,0.15430861723446895
2025,01,MKD.58_1,0.029629830206987572,0.13627254509018036
2025,01,MKD.59_1,0.032488590249385683,0.16633266533066135
2025,01,MKD.5_1,0.036996506011050964,0.22645290581162333
2025,01,MKD.60_1,0.029104267201193742,0.1312625250501002
2025,01,MKD.61_1,0.03476860943902885,0.19438877755511016
2025,01,MKD.62_1,0.03266293205732401,0.16833667334669342
2025,01,MKD.63_1,0.03073405124093534,0.14729458917835672
2025,01,MKD.64_1,0.0270758584372518,0.1132264529058115
2025,01,MKD.65_1,0.03633968549762285,0.21643286573146278
2025,01,MKD.66_1,0.025972048296596918,0.10420841683366731
2025,01,MKD.67_1,0.034229758404937305,0.18737474949899793
2025,01,MKD.68_1,0.03300605504718025,0.17234468937875744
2025,01,MKD.69_1,0.03528812808980172,0.2014028056112225
2025,01,MKD.6_1,0.02622300311665723,0.10621242484969938
2025,01,MKD.70_1,0.030340501171692513,0.1432865731462926
2025,01,MKD.72_1,0.03014035370116704,0.14128256513026052
2025,01,MKD.73_1,0.029835806235238602,0.13827655310621242
2025,01,MKD.74_1,0.026956373449295315,0.11222444889779569
2025,01,MKD.75_1,0.034993582280348726,0.19739478957915838
2025,01,MKD.76_1,0.03438573496541052,0.1893787575150301
2025,01,MKD.77_1,0.032312359793050895,0.16432865731462928
2025,01,MKD.79_1,0.030831061077761693,0.14829659318637275
2025,01,MKD.7_1,0.03627210338175869,0.21543086172344697
2025,01,MKD.81_1,0.03003941978447331,0.1402805611222445
2025,01,MKD.83_1,0.028562945521100096,0.12625250501002003
2025,01,MKD.84_1,0.03204441289418669,0.16132264529058118
2025,01,MKD.85_1,0.0297331161918401,0.1372745490981964
2025,01,MKD.8_1,0.03034050117169258,0.1432865731462926
2025,01,MKD.9_1,0.036473799852391624,0.21843687374749496
2025,01,MLT.1_1,0.043940058721150976,0.5991983967935871
2025,01,MLT.3.11_1,0.04493666184874081,0.4969939879759519
2025,01,MLT.3.3_1,0.04493350355864271,0.5050100200400801
2025,01,MLT.3.5_1,0.04471856090063487,0.5460921843687375
2025,01,MLT.3.6_1,0.04293430730455365,0.6402805611222445
2025,01,MLT.3.9_1,0.04337010586627802,0.624248496993988
2025,01,MLT.4.10_1,0.04253815277505929,0.6533066132264528
2025,01,MLT.4.12_1,0.04263297507375735,0.6503006012024048
2025,01,MLT.4.2_1,0.04266412623133125,0.6492985971943889
2025,01,MLT.4.3_1,0.04234230644091953,0.6593186372745491
2025,01,MLT.4.4_1,0.04284627369426695,0.6432865731462927
2025,01,MLT.4.5_1,0.043186381827444414,0.6312625250501002
2025,01,MLT.4.9_1,0.042172722394317165,0.6643286573146293
2025,01,MLT.4_1,0.04321328510842756,0.6302605210420842
2025,01,MLT.5.14_1,0.044689705144481895,0.5490981963927856
2025,01,MLT.5.4_1,0.044689705144481895,0.5490981963927856
2025,01,MLT.5.9_1,0.043445575871024884,0.62124248496994
2025,01,MLT.5_1,0.04451830354100683,0.564128256513026
2025,01,MNE.10_1,0.037249789025351324,0.23046092184368736
2025,01,MNE.11_1,0.02584530739365446,0.10320641282565128
2025,01,MNE.12_1,0.036135880523205356,0.2134268537074148
2025,01,MNE.13_1,0.028781414078247653,0.1282565130260521
2025,01,MNE.14_1,0.02439208779022555,0.09218436873747492
2025,01,MNE.15_1,0.027194583498260674,0.11422845691382753
2025,01,MNE.16_1,0.03731228588703085,0.23146292585170328
2025,01,MNE.17_1,0.02532966837415374,0.09919839679358715
2025,01,MNE.18_1,0.02519853310943039,0.09819639278557112
2025,01,MNE.19_1,0.039608540399406575,0.2725450901803607
2025,01,MNE.1_1,0.027194583498260684,0.11422845691382753
2025,01,MNE.20_1,0.04046453484455116,0.2905811623246492
2025,01,MNE.21_1,0.024664728647610188,0.09418837675350698
2025,01,MNE.2_1,0.041112657511998565,0.3056112224448897
2025,01,MNE.3_1,0.027546283549806504,0.11723446893787574
2025,01,MNE.4_1,0.024799594579291807,0.09519038076152302
2025,01,MNE.5_1,0.04155184791738723,0.31663326653306617
2025,01,MNE.6_1,0.037186964104105845,0.22945891783567132
2025,01,MNE.7_1,0.03438573496541046,0.1893787575150301
2025,01,MNE.8_1,0.038717389095742884,0.25551102204408815
2025,01,MNE.9_1,0.027891440905278748,0.12024048096192395
2025,01,NLD.1.10_1,0.04059880165840473,0.2935871743486973
2025,01,NLD.1.11_1,0.04155184791738723,0.31663326653306617
2025,01,NLD.1.12_1,0.04009488125034137,0.28256513026052105
2025,01,NLD.1.1_1,0.0405988016584048,0.2935871743486973
2025,01,NLD.1.2_1,0.04296320426965437,0.35871743486973945
2025,01,NLD.1.3_1,0.0394062688028667,0.2685370741482966
2025,01,NLD.1.4_1,0.03995184438700479,0.27955911823647295
2025,01,NLD.1.5_1,0.04028183385378819,0.2865731462925852
2025,01,NLD.1.6_1,0.04240851177262512,0.34068136272545096
2025,01,NLD.1.7_1,0.04046453484455116,0.2905811623246492
2025,01,NLD.1.8_1,0.042725746852398765,0.3507014028056112
2025,01,NLD.1.9_1,0.040419255322054315,0.28957915831663317
2025,01,NLD.10.10_1,0.03945725720745003,0.2695390781563126
2025,01,NLD.10.11_1,0.039951844387004845,0.27955911823647295
2025,01,NLD.10.12_1,0.039251607817131696,0.2655310621242485
2025,01,NLD.10.13_1,0.04492718637191076,0.48897795591182364
2025,01,NLD.10.14_1,0.03999979386183114,0.280561122244489
2025,01,NLD.10.15_1,0.04014202089616866,0.2835671342685371
2025,01,NLD.10.16_1,0.03985512948058407,0.2775551102204409
2025,01,NLD.10.17_1,0.03965841066409449,0.27354709418837675
2025,01,NLD.10.18_1,0.0392516078171317,0.2655310621242485
2025,01,NLD.10.19_1,0.038880709531734683,0.25851703406813625
2025,01,NLD.10.1_1,0.04162850027039507,0.3186372745490981
2025,01,NLD.10.20_1,0.03960854039940657,0.2725450901803607
2025,01,NLD.10.21_1,0.04131600785669965,0.31062124248497
2025,01,NLD.10.22_1,0.03919948555669429,0.26452905811623245
2025,01,NLD.10.23_1,0.039251607817131655,0.2655310621242485
2025,01,NLD.10.24_1,0.041852642561532316,0.32464929859719444
2025,01,NLD.10.25_1,0.04143503564179733,0.31362725450901807
2025,01,NLD.10.26_1,0.042875842431907486,0.35571142284569135
2025,01,NLD.10.3_1,0.04299187813369372,0.3597194388777555
2025,01,NLD.10.4_1,0.03940626880286667,0.2685370741482966
2025,01,NLD.10.5_2,0.041316007856699644,0.31062124248497
2025,01,NLD.10.6_1,0.03893456348611333,0.2595190380761523
2025,01,NLD.10.7_1,0.04050955188380273,0.29158316633266523
2025,01,NLD.10.8_1,0.039806362264207876,0.27655310621242485
2025,01,NLD.10.9_1,0.04111265751199858,0.3056112224448897
2025,01,NLD.11.12_1,0.04363733070841163,0.3847695390781563
2025,01,NLD.11.13_1,0.041997271772577685,0.32865731462925857
2025,01,NLD.11.14_1,0.04381539853847533,0.3927855711422847
2025,01,NLD.11.16_1,0.04181588777480876,0.3236472945891783
2025,01,NLD.11.18_1,0.042934307304553665,0.3577154308617234
2025,01,NLD.11.21_1,0.04313191495691149,0.36472945891783565
2025,01,NLD.11.22_1,0.04401896487476813,0.5951903807615229
2025,01,NLD.11.23_1,0.04313191495691151,0.36472945891783565
2025,01,NLD.11.24_1,0.043104350610421976,0.3637274549098196
2025,01,NLD.11.25_1,0.04230885585925812,0.33767535070140275
2025,01,NLD.11.26_1,0.0423755249140211,0.3396793587174348
2025,01,NLD.11.27_1,0.044363676866903255,0.42284569138276545
2025,01,NLD.11.28_1,0.044057163981650396,0.40480961923847697
2025,01,NLD.11.30_1,0.04256998880442952,0.345691382765531
2025,01,NLD.11.31_1,0.044149020117663425,0.409819639278557
2025,01,NLD.11.32_1,0.04234230644091953,0.3386773547094188
2025,01,NLD.11.33_1,0.04456844464361222,0.43787575150300606
2025,01,NLD.11.34_1,0.04493458924366482,0.4939879759519038
2025,01,NLD.11.35_1,0.04307656514524693,0.3627254509018036
2025,01,NLD.11.36_1,0.041071235855271504,0.3046092184368738
2025,01,NLD.11.37_1,0.04349480652540882,0.3787575150300601
2025,01,NLD.11.3_1,0.043793883271338103,0.39178356713426865
2025,01,NLD.11.4_1,0.04188915779103524,0.32565130260521036
2025,01,NLD.11.6_1,0.04131600785669965,0.31062124248497
2025,01,NLD.11.7_1,0.0449354775136431,0.49498997995991983
2025,01,NLD.11.8_1,0.043919808206380466,0.39779559118236474
2025,01,NLD.12.10_1,0.0345400866382659,0.19138276553106218
2025,01,NLD.12.11_1,0.0364069170780497,0.21743486973947893
2025,01,NLD.12.12_1,0.036473799852391624,0.21843687374749496
2025,01,NLD.12.13_1,0.036996506011050985,0.22645290581162333
2025,01,NLD.12.1_1,0.03724978902535133,0.23046092184368736
2025,01,NLD.12.2_1,0.037249789025351254,0.23046092184368736
2025,01,NLD.12.3_1,0.03476860943902887,0.19438877755511016
2025,01,NLD.12.4_1,0.0325759955583581,0.16733466933867738
2025,01,NLD.12.5_1,0.03660652579932899,0.22044088176352702
2025,01,NLD.12.6_1,0.033258631329692014,0.17535070140280565
2025,01,NLD.12.7_1,0.03325863132969202,0.17535070140280565
2025,01,NLD.12.8_1,0.03506779486511015,0.1983967935871743
2025,01,NLD.12.9_1,0.035718612720621754,0.2074148296593187
2025,01,NLD.13.1_1,0.026836119816314646,0.11122244488977955
2025,01,NLD.14.100_1,0.04315925856910716,0.3657314629258517
2025,01,NLD.14.101_1,0.04451830354100683,0.43386773547094193
2025,01,NLD.14.102_1,0.0436373307084116,0.3847695390781563
2025,01,NLD.14.103_1,0.04428522928447328,0.4178356713426853
2025,01,NLD.14.104_1,0.044038168716904066,0.40380761523046094
2025,01,NLD.14.17_1,0.04493222044554563,0.5060120240480962
2025,01,NLD.14.18_1,0.04488482057860288,0.4759519038076152
2025,01,NLD.14.1_1,0.04437875231866446,0.4238476953907815
2025,01,NLD.14.21_1,0.043793883271338103,0.6062124248496994
2025,01,NLD.14.23_1,0.043494806525408825,0.3787575150300601
2025,01,NLD.14.26_1,0.044822835762590676,0.46492985971943884
2025,01,NLD.14.27_1,0.04493073988896941,0.5070140280561122
2025,01,NLD.14.29_1,0.04493222044554563,0.49198396793587174
2025,01,NLD.14.2_1,0.04489351396566117,0.4779559118236474
2025,01,NLD.14.30_2,0.0431319149569115,0.36472945891783565
2025,01,NLD.14.31_1,0.044348396986067164,0.5761523046092184
2025,01,NLD.14.32_1,0.04488926625214808,0.5210420841683366
2025,01,NLD.14.34_2,0.04381539853847535,0.3927855711422847
2025,01,NLD.14.36_1,0.04416676895937854,0.5871743486973947
2025,01,NLD.14.38_1,0.04450526241781755,0.4328657314629258
2025,01,NLD.14.39_1,0.04403816871690406,0.40380761523046094
2025,01,NLD.14.40_1,0.04379388327133812,0.39178356713426865
2025,01,NLD.14.43_1,0.04342063607792693,0.3757515030060121
2025,01,NLD.14.45_1,0.044363676866903255,0.5751503006012022
2025,01,NLD.14.4_1,0.044057163981650396,0.40480961923847697
2025,01,NLD.14.53_2,0.044094529756491474,0.4068136272545089
2025,01,NLD.14.54_2,0.04339547952380595,0.374749498997996
2025,01,NLD.14.56_1,0.043940058721151,0.5991983967935871
2025,01,NLD.14.5_1,0.04443701358204493,0.42785571142284573
2025,01,NLD.14.60_1,0.04446492243267686,0.4298597194388778
2025,01,NLD.14.61_1,0.04433291248390006,0.4208416833667334
2025,01,NLD.14.63_1,0.044727779270149086,0.45290581162324656
2025,01,NLD.14.66_1,0.04379388327133812,0.6062124248496994
2025,01,NLD.14.67_2,0.044709142500335565,0.4509018036072145
2025,01,NLD.14.70_1,0.044332912483900096,0.5771543086172344
2025,01,NLD.14.73_1,0.04487533513474806,0.5240480961923848
2025,01,NLD.14.78_1,0.04361411311180181,0.3837675350701404
2025,01,NLD.14.7_2,0.044301328832436,0.41883767535070143
2025,01,NLD.14.81_1,0.043239968784663234,0.3687374749498998
2025,01,NLD.14.82_1,0.044094529756491474,0.4068136272545089
2025,01,NLD.14.84_1,0.04425241372600008,0.41583166332665333
2025,01,NLD.14.86_1,0.04304855817300619,0.36172344689378755
2025,01,NLD.14.89_1,0.04467968595113171,0.4478957915831663
2025,01,NLD.14.8_1,0.04478671613273831,0.4599198396793587
2025,01,NLD.14.90_1,0.04483589168121676,0.531062124248497
2025,01,NLD.14.91_1,0.04403816871690406,0.40380761523046094
2025,01,NLD.14.93_1,0.04482946306300979,0.5320641282565131
2025,01,NLD.14.94_1,0.0432926787939761,0.37074148296593185
2025,01,NLD.14.95_1,0.04418431087589443,0.4118236472945892
2025,01,NLD.14.96_1,0.04372806573251124,0.38877755511022033
2025,01,NLD.14.97_1,0.04431722316532627,0.41983967935871747
2025,01,NLD.14.98_1,0.04476265465374139,0.5410821643286573
2025,01,NLD.14.99_1,0.04451830354100683,0.564128256513026
2025,01,NLD.2.1_1,0.03415115463800161,0.186372745490982
2025,01,NLD.2.2_1,0.031401891445194396,0.15430861723446895
2025,01,NLD.2.3_1,0.03399270353252686,0.18436873747494983
2025,01,NLD.2.4_1,0.03222352781522762,0.16332665330661325
2025,01,NLD.2.6_1,0.030140353701167032,0.14128256513026052
2025,01,NLD.3.10_1,0.039251607817131676,0.2655310621242485
2025,01,NLD.3.11_2,0.034768609439028826,0.19438877755511016
2025,01,NLD.3.14_2,0.03536081141455967,0.20240480961923832
2025,01,NLD.3.1_1,0.038880709531734683,0.25851703406813625
2025,01,NLD.3.20_1,0.028889672107144968,0.12925851703406813
2025,01,NLD.3.21_1,0.03121372476644206,0.1523046092184369
2025,01,NLD.3.24_1,0.03257599555835811,0.16733466933867738
2025,01,NLD.3.27_1,0.03391285105217084,0.1833667334669339
2025,01,NLD.3.29_1,0.03102345930877943,0.15030060120240482
2025,01,NLD.3.32_1,0.031680277964891305,0.15731462925851705
2025,01,NLD.3.33_1,0.03231235979305088,0.16432865731462928
2025,01,NLD.3.34_1,0.04059880165840479,0.2935871743486973
2025,01,NLD.3.35_1,0.04032790563471892,0.2875751503006012
2025,01,NLD.3.5_1,0.033174886994658905,0.1743486973947895
2025,01,NLD.4.10_1,0.04023549635725002,0.28557114228456904
2025,01,NLD.4.11_1,0.03866235905489499,0.2545090180360721
2025,01,NLD.4.14_1,0.04407595091415343,0.405811623246493
2025,01,NLD.4.15_2,0.040047472526148736,0.2815631262525049
2025,01,NLD.4.16_1,0.04073072715680161,0.2965931863727455
2025,01,NLD.4.17_1,0.040142020896168654,0.2835671342685371
2025,01,NLD.4.18_1,0.039147077300580334,0.2635270541082164
2025,01,NLD.4.20_1,0.038095539728662524,0.2444889779559117
2025,01,NLD.4.21_1,0.03780062389368086,0.23947895791583165
2025,01,NLD.4.22_1,0.038439259069374974,0.250501002004008
2025,01,NLD.4.28_1,0.03990362322256468,0.2785571142284569
2025,01,NLD.4.29_1,0.038439259069374974,0.250501002004008
2025,01,NLD.4.30_1,0.036067236217727366,0.21242484969939876
2025,01,NLD.4.32_1,0.03803717943351837,0.24348697394789579
2025,01,NLD.4.34_1,0.04159029593360388,0.3176352705410822
2025,01,NLD.4.37_1,0.04094545539146493,0.3016032064128257
2025,01,NLD.4.38_2,0.039251607817131655,0.2655310621242485
2025,01,NLD.4.39_1,0.039658410664094486,0.27354709418837675
2025,01,NLD.4.3_1,0.039951844387004845,0.27955911823647295
2025,01,NLD.4.43_1,0.039303445104941784,0.2665330661322645
2025,01,NLD.4.44_1,0.03898812616854864,0.2605210420841683
2025,01,NLD.4.45_1,0.03737445616120217,0.23246492985971942
2025,01,NLD.4.46_1,0.038325904827475506,0.24849699398797595
2025,01,NLD.4.47_1,0.040509551883802744,0.29158316633266523
2025,01,NLD.4.48_1,0.03809553972866256,0.2444889779559117
2025,01,NLD.4.49_1,0.03898812616854865,0.2605210420841683
2025,01,NLD.4.4_1,0.03985512948058404,0.2775551102204409
2025,01,NLD.4.50_1,0.039354998432746105,0.26753507014028055
2025,01,NLD.4.52_1,0.04489351396566118,0.5200400801603208
2025,01,NLD.4.54_1,0.0376199002542718,0.23647294589178355
2025,01,NLD.4.56_1,0.03904139865621326,0.26152304609218435
2025,01,NLD.4.58_1,0.037978508999119,0.24248496993987986
2025,01,NLD.4.5_1,0.03749782275340513,0.2344689378757515
2025,01,NLD.4.60_1,0.03718696410410587,0.22945891783567132
2025,01,NLD.4.63_1,0.03786023254001067,0.24048096192384757
2025,01,NLD.4.64_1,0.044094529756491474,0.4068136272545089
2025,01,NLD.4.65_1,0.03990362322256465,0.2785571142284569
2025,01,NLD.4.66_1,0.036803040760427105,0.22344689378757523
2025,01,NLD.4.68_1,0.03909438201518486,0.2625250501002004
2025,01,NLD.4.70_2,0.04055430722819483,0.2925851703406814
2025,01,NLD.4.71_2,0.03914707730058033,0.2635270541082164
2025,01,NLD.4.72_1,0.03838273329162212,0.24949899799599198
2025,01,NLD.4.73_1,0.03633968549762285,0.21643286573146278
2025,01,NLD.4.74_1,0.03712380963457739,0.22845691382765518
2025,01,NLD.4.75_1,0.03627210338175869,0.21543086172344697
2025,01,NLD.4.76_1,0.03731228588703081,0.23146292585170328
2025,01,NLD.4.77_1,0.03826877246779932,0.24749498997995992
2025,01,NLD.4.78_1,0.0377406998644601,0.23847695390781562
2025,01,NLD.4.79_1,0.038551407338446884,0.25250501002004005
2025,01,NLD.4.7_1,0.04413106412376045,0.408817635270541
2025,01,NLD.4.9_1,0.03882656321699924,0.2575150300601202
2025,01,NLD.5.15_1,0.034616659174707784,0.1923847695390781
2025,01,NLD.5.19_1,0.034843991792041,0.1953907815631263
2025,01,NLD.5.21_1,0.03491898199281637,0.19639278557114234
2025,01,NLD.5.26_1,0.03673787677395962,0.2224448897795591
2025,01,NLD.5.27_1,0.036672372330655414,0.22144288577154306
2025,01,NLD.5.28_1,0.03706032411114873,0.22745490981963937
2025,01,NLD.5.29_1,0.035718612720621705,0.2074148296593187
2025,01,NLD.5.30_1,0.0347686094390288,0.19438877755511016
2025,01,NLD.5.31_1,0.0345400866382659,0.19138276553106218
2025,01,NLD.5.7_2,0.03699650601105095,0.22645290581162333
2025,01,NLD.6.1_1,0.010999127819863138,0.023046092184368757
2025,01,NLD.7.10_1,0.04018889231686863,0.2845691382765531
2025,01,NLD.7.13_1,0.04318638182744442,0.3667334669338677
2025,01,NLD.7.16_2,0.04278646150937983,0.35270541082164336
2025,01,NLD.7.18_1,0.04127583660913793,0.30961923847695383
2025,01,NLD.7.20_1,0.04174165723655601,0.32164328657314634
2025,01,NLD.7.23_1,0.04151315560969291,0.31563126252505014
2025,01,NLD.7.26_1,0.04086033180906675,0.2995991983967936
2025,01,NLD.7.28_1,0.04287584243190744,0.35571142284569135
2025,01,NLD.7.29_1,0.042308855859258115,0.33767535070140275
2025,01,NLD.7.32_2,0.04115382773807648,0.30661322645290584
2025,01,NLD.7.33_2,0.043213285108427556,0.36773547094188375
2025,01,NLD.7.37_1,0.04321328510842757,0.36773547094188375
2025,01,NLD.7.38_1,0.04372806573251123,0.38877755511022033
2025,01,NLD.7.39_1,0.041778892858972023,0.32264529058116226
2025,01,NLD.7.3_1,0.04139560672745637,0.31262525050100204
2025,01,NLD.7.42_1,0.039903623222564716,0.2785571142284569
2025,01,NLD.7.43_1,0.04028183385378819,0.2865731462925852
2025,01,NLD.7.44_2,0.04354317415326607,0.38076152304609207
2025,01,NLD.7.45_1,0.043159258569107205,0.3657314629258517
2025,01,NLD.7.46_1,0.04139560672745639,0.31262525050100204
2025,01,NLD.7.47_1,0.041112657511998586,0.3056112224448897
2025,01,NLD.7.48_1,0.04188915779103525,0.32565130260521036
2025,01,NLD.7.49_1,0.04090302106854621,0.30060120240480964
2025,01,NLD.7.4_1,0.042068160212582584,0.33066132264529063
2025,01,NLD.7.50_1,0.040860331809066744,0.2995991983967936
2025,01,NLD.7.51_1,0.04256998880442952,0.345691382765531
2025,01,NLD.7.52_1,0.04155184791738723,0.31663326653306617
2025,01,NLD.7.5_1,0.042068160212582556,0.33066132264529063
2025,01,NLD.7.6_1,0.04290518682961931,0.35671342685370727
2025,01,NLD.7.7_1,0.04155184791738723,0.31663326653306617
2025,01,NLD.7.9_1,0.04177889285897203,0.32264529058116226
2025,01,NLD.8.10_1,0.03430795101871429,0.18837675350701397
2025,01,NLD.8.11_1,0.03571861272062178,0.2074148296593187
2025,01,NLD.8.12_1,0.03633968549762288,0.21643286573146278
2025,01,NLD.8.13_1,0.034993582280348684,0.19739478957915838
2025,01,NLD.8.14_1,0.036540335529758626,0.219438877755511
2025,01,NLD.8.15_1,0.03557660719068576,0.20541082164328653
2025,01,NLD.8.16_1,0.037060324111148735,0.22745490981963937
2025,01,NLD.8.17_1,0.034768609439028875,0.19438877755511016
2025,01,NLD.8.18_1,0.03930344510494174,0.2665330661322645
2025,01,NLD.8.19_1,0.037619900254271824,0.23647294589178355
2025,01,NLD.8.1_1,0.03930344510494176,0.2665330661322645
2025,01,NLD.8.20_1,0.0368030407604271,0.22344689378757523
2025,01,NLD.8.21_1,0.038880709531734677,0.25851703406813625
2025,01,NLD.8.22_1,0.03780062389368087,0.23947895791583165
2025,01,NLD.8.23_1,0.036606525799329,0.22044088176352702
2025,01,NLD.8.25_1,0.034993582280348705,0.19739478957915838
2025,01,NLD.8.26_1,0.035859149967226014,0.20941883767535066
2025,01,NLD.8.27_1,0.035576607190685734,0.20541082164328653
2025,01,NLD.8.28_1,0.03557660719068572,0.20541082164328653
2025,01,NLD.8.30_1,0.0357890639130824,0.20841683366733474
2025,01,NLD.8.31_1,0.034918981992816345,0.19639278557114234
2025,01,NLD.8.32_1,0.03606723621772734,0.21242484969939876
2025,01,NLD.8.33_1,0.03627210338175869,0.21543086172344697
2025,01,NLD.8.34_1,0.03484399179204101,0.1953907815631263
2025,01,NLD.8.35_1,0.035718612720621774,0.2074148296593187
2025,01,NLD.8.36_1,0.035928872786295044,0.2104208416833667
2025,01,NLD.8.38_1,0.03599823425056955,0.21142284569138262
2025,01,NLD.8.3_1,0.03358919997061706,0.17935871743486978
2025,01,NLD.8.41_1,0.03514162192953799,0.19939879759519044
2025,01,NLD.8.42_1,0.0350677948651101,0.1983967935871743
2025,01,NLD.8.43_1,0.03693235379411001,0.2254509018036072
2025,01,NLD.8.44_1,0.03599823425056961,0.21142284569138262
2025,01,NLD.8.45_1,0.035505048928485154,0.2044088176352705
2025,01,NLD.8.46_1,0.037249789025351476,0.23046092184368736
2025,01,NLD.8.47_2,0.03521506562850808,0.20040080160320647
2025,01,NLD.8.48_1,0.03737445616120217,0.23246492985971942
2025,01,NLD.8.49_1,0.03761990025427185,0.23647294589178355
2025,01,NLD.8.4_1,0.034692832665765144,0.19338677354709424
2025,01,NLD.8.50_1,0.036932353794109946,0.2254509018036072
2025,01,NLD.8.52_1,0.034616659174707694,0.1923847695390781
2025,01,NLD.8.54_1,0.03620416898054938,0.21442885771543072
2025,01,NLD.8.55_1,0.03578906391308236,0.20841683366733474
2025,01,NLD.8.56_1,0.03521506562850806,0.20040080160320647
2025,01,NLD.8.57_1,0.034692832665765214,0.19338677354709424
2025,01,NLD.8.58_1,0.03815359116029785,0.24549098196392785
2025,01,NLD.8.59_1,0.036606525799329,0.22044088176352702
2025,01,NLD.8.5_1,0.03592887278629512,0.2104208416833667
2025,01,NLD.8.60_1,0.03557660719068576,0.20541082164328653
2025,01,NLD.8.62_1,0.038325904827475506,0.24849699398797595
2025,01,NLD.8.63_2,0.034768609439028854,0.19438877755511016
2025,01,NLD.8.64_1,0.038717389095742884,0.25551102204408815
2025,01,NLD.8.65_1,0.037123809634577454,0.22845691382765518
2025,01,NLD.8.67_1,0.035859149967226014,0.20941883767535066
2025,01,NLD.8.69_1,0.037919527135843345,0.24148296593186372
2025,01,NLD.8.6_1,0.03514162192953798,0.19939879759519044
2025,01,NLD.8.70_1,0.034768609439028826,0.19438877755511016
2025,01,NLD.8.71_1,0.036473799852391665,0.21843687374749496
2025,01,NLD.8.72_1,0.03855140733844689,0.25250501002004005
2025,01,NLD.8.7_1,0.03791952713584333,0.24148296593186372
2025,01,NLD.8.8_1,0.034843991792040986,0.1953907815631263
2025,01,NLD.8.9_1,0.03599823425056958,0.21142284569138262
2025,01,NLD.9.10_1,0.04260159608363391,0.34669338677354705
2025,01,NLD.9.11_1,0.04159029593360393,0.3176352705410822
2025,01,NLD.9.12_2,0.04237552491402114,0.3396793587174348
2025,01,NLD.9.14_1,0.04151315560969296,0.31563126252505014
2025,01,NLD.9.15_1,0.04227517267010105,0.33667334669338683
2025,01,NLD.9.16_1,0.04263297507375735,0.3476953907815631
2025,01,NLD.9.1_1,0.043494806525408804,0.3787575150300601
2025,01,NLD.9.21_1,0.04475423530696605,0.5420841683366734
2025,01,NLD.9.23_2,0.04111265751199861,0.3056112224448897
2025,01,NLD.9.25_1,0.04081738689112669,0.2985971943887776
2025,01,NLD.9.26_1,0.0432926787939761,0.37074148296593185
2025,01,NLD.9.27_1,0.04263297507375736,0.3476953907815631
2025,01,NLD.9.28_1,0.04192543402968462,0.3266533066132265
2025,01,NLD.9.29_1,0.041704180324461805,0.3206412825651303
2025,01,NLD.9.30_1,0.04483589168121678,0.531062124248497
2025,01,NLD.9.31_1,0.04310435061042193,0.3637274549098196
2025,01,NLD.9.32_1,0.04489351396566117,0.4779559118236474
2025,01,NLD.9.33_1,0.042103249802654154,0.33166332665330667
2025,01,NLD.9.34_1,0.042138103686871445,0.3326653306613226
2025,01,NLD.9.3_1,0.04492037474870987,0.48597194388777554
2025,01,NLD.9.41_1,0.04473679772143645,0.4539078156312626
2025,01,NLD.9.42_1,0.04437875231866449,0.4238476953907815
2025,01,NLD.9.43_1,0.04492511336875757,0.4879759519038076
2025,01,NLD.9.44_1,0.0431592585691072,0.3657314629258517
2025,01,NLD.9.47_1,0.042991878133693665,0.3597194388777555
2025,01,NLD.9.48_1,0.040373712520131416,0.28857715430861725
2025,01,NLD.9.49_1,0.04477087450736748,0.4579158316633267
2025,01,NLD.9.4_1,0.04396009938621718,0.3997995991983968
2025,01,NLD.9.50_1,0.0446796859511317,0.4478957915831663
2025,01,NLD.9.51_1,0.04244126750596148,0.3416833667334669
2025,01,NLD.9.53_1,0.041112657511998565,0.3056112224448897
2025,01,NLD.9.54_1,0.04028183385378819,0.2865731462925852
2025,01,NLD.9.59_1,0.0403737125201314,0.28857715430861725
2025,01,NLD.9.61_1,0.04196147183837504,0.32765531062124253
2025,01,NLD.9.62_1,0.0449345892436648,0.504008016032064
2025,01,NLD.9.63_1,0.0434455758710249,0.62124248496994
2025,01,NLD.9.66_1,0.0439995522070132,0.40180360721442887
2025,01,NLD.9.67_1,0.04481600969971238,0.4639278557114229
2025,01,NLD.9.68_1,0.044615355681874434,0.4418837675350702
2025,01,NLD.9.69_1,0.04023549635725,0.28557114228456904
2025,01,NLD.9.70_1,0.04185264256153218,0.32464929859719444
2025,01,NLD.9.71_1,0.04480176095332342,0.46192384769539085
2025,01,NLD.9.72_1,0.04073072715680166,0.2965931863727455
2025,01,NLD.9.73_1,0.04131600785669962,0.31062124248497
2025,01,NLD.9.7_1,0.04491178483946203,0.48296593186372744
2025,01,NLD.9.9_1,0.04046453484455115,0.2905811623246492
2025,01,NOR.1.10_1,0.020436210031917805,0.06613226452905806
2025,01,NOR.1.11_1,0.02281828639460906,0.08116232464929855
2025,01,NOR.1.12_1,0.02077187475700326,0.06813627254509023
2025,01,NOR.1.13_1,0.024392087790225482,0.09218436873747492
2025,01,NOR.1.14_1,0.021425602393187172,0.07214428857715426
2025,01,NOR.1.15_1,0.024528897602858417,0.09318637274549095
2025,01,NOR.1.16_1,0.024528897602858448,0.09318637274549095
2025,01,NOR.1.17_1,0.023405787450063924,0.08517034068136269
2025,01,NOR.1.18_1,0.024528897602858486,0.09318637274549095
2025,01,NOR.1.19_1,0.020436210031917805,0.06613226452905806
2025,01,NOR.1.1_1,0.024799594579291803,0.09519038076152302
2025,01,NOR.1.20_1,0.02340578745006387,0.08517034068136269
2025,01,NOR.1.21_1,0.024799594579291862,0.09519038076152302
2025,01,NOR.1.2_1,0.025066483999070355,0.09719438877755508
2025,01,NOR.1.3_1,0.02506648399907039,0.09719438877755508
2025,01,NOR.1.4_1,0.022211972370956453,0.07715430861723442
2025,01,NOR.1.5_1,0.02251755950729917,0.07915831663326649
2025,01,NOR.1.6_1,0.024933508705536147,0.09619238476953905
2025,01,NOR.1.7_1,0.02354986300012816,0.08617234468937872
2025,01,NOR.1.8_1,0.023975643714878835,0.08917835671342682
2025,01,NOR.1.9_1,0.019569398347956977,0.06112224448897801
2025,01,NOR.10.10_1,0.01296064853238722,0.03006012024048099
2025,01,NOR.10.11_1,0.015387414363295484,0.040080160320641316
2025,01,NOR.10.12_1,0.03014035370116704,0.14128256513026052
2025,01,NOR.10.13_1,0.016265379022877682,0.04408817635270545
2025,01,NOR.10.14_1,0.022818286394609043,0.08116232464929855
2025,01,NOR.10.15_1,0.01956939834795702,0.06112224448897801
2025,01,NOR.10.16_1,0.016895327312381025,0.04709418837675355
2025,01,NOR.10.17_1,0.014930472193894755,0.03807615230460925
2025,01,NOR.10.18_1,0.01730289940232402,0.04909819639278561
2025,01,NOR.10.19_1,0.02634723765249559,0.10721442885771541
2025,01,NOR.10.1_1,0.021744105281793172,0.07414829659318632
2025,01,NOR.10.20_1,0.02043621003191781,0.06613226452905806
2025,01,NOR.10.21_1,0.019028945889083066,0.0581162324649298
2025,01,NOR.10.22_1,0.019746055815334337,0.06212424849699404
2025,01,NOR.10.23_1,0.018659500671422444,0.056112224448897845
2025,01,NOR.10.24_1,0.0408173868911267,0.2985971943887776
2025,01,NOR.10.25_1,0.01605013451135354,0.043086172344689415
2025,01,NOR.10.26_1,0.01921088315682529,0.05911823647294583
2025,01,NOR.10.27_1,0.02609794339476907,0.10521042084168335
2025,01,NOR.10.28_1,0.016895327312381025,0.04709418837675355
2025,01,NOR.10.29_1,0.01921088315682529,0.05911823647294583
2025,01,NOR.10.2_1,0.022517559507299216,0.07915831663326649
2025,01,NOR.10.31_1,0.011296213592237613,0.02404809619238479
2025,01,NOR.10.32_1,0.013476725723860416,0.03206412825651305
2025,01,NOR.10.33_1,0.02296687739902796,0.08216432865731459
2025,01,NOR.10.34_1,0.01561124529663747,0.04108216432865735
2025,01,NOR.10.35_1,0.015832120098875184,0.04208416833667338
2025,01,NOR.10.36_1,0.018282324795874254,0.05410821643286578
2025,01,NOR.10.37_1,0.019028945889083104,0.0581162324649298
2025,01,NOR.10.39_1,0.017302899402323997,0.04909819639278561
2025,01,NOR.10.3_1,0.014697139014456649,0.037074148296593216
2025,01,NOR.10.41_1,0.025589245220572862,0.10120240480961921
2025,01,NOR.10.42_1,0.019391020454336147,0.06012024048096198
2025,01,NOR.10.44_1,0.028118013994733373,0.12224448897795602
2025,01,NOR.10.45_1,0.019569398347957023,0.06112224448897801
2025,01,NOR.10.4_1,0.013476725723860458,0.03206412825651305
2025,01,NOR.10.5_1,0.018659500671422406,0.056112224448897845
2025,01,NOR.10.6_1,0.02009435794928195,0.0641282565130261
2025,01,NOR.10.7_1,0.019569398347957005,0.06112224448897801
2025,01,NOR.10.8_1,0.021425602393187144,0.07214428857715426
2025,01,NOR.10.9_1,0.024392087790225492,0.09218436873747492
2025,01,NOR.11.10_1,0.0192108831568253,0.05911823647294583
2025,01,NOR.11.11_1,0.014930472193894824,0.03807615230460925
2025,01,NOR.11.12_1,0.013728453360900535,0.033066132264529084
2025,01,NOR.11.13_1,0.013976205076585752,0.03406813627254512
2025,01,NOR.11.14_1,0.021101596360351728,0.07014028056112219
2025,01,NOR.11.15_1,0.015160525866139312,0.03907815631262528
2025,01,NOR.11.16_1,0.012960648532387282,0.03006012024048099
2025,01,NOR.11.17_1,0.01422013949856475,0.03507014028056115
2025,01,NOR.11.18_1,0.012695918168465258,0.029058116232464844
2025,01,NOR.11.19_1,0.013976205076585754,0.03406813627254512
2025,01,NOR.11.1_1,0.013476725723860454,0.03206412825651305
2025,01,NOR.11.20_1,0.016895327312381022,0.04709418837675355
2025,01,NOR.11.21_1,0.013220851858281838,0.03106212424849702
2025,01,NOR.11.22_1,0.011296213592237599,0.02404809619238479
2025,01,NOR.11.23_1,0.009407714300342393,0.01803607214428859
2025,01,NOR.11.24_1,0.01069555542723631,0.022044088176352724
2025,01,NOR.11.25_1,0.011872337899935323,0.026052104208416856
2025,01,NOR.11.26_1,0.016477939265908563,0.04509018036072148
2025,01,NOR.11.2_1,0.011587174157150432,0.025050100200400823
2025,01,NOR.11.3_1,0.013476725723860482,0.03206412825651305
2025,01,NOR.11.4_1,0.01770119836850653,0.05110220440881768
2025,01,NOR.11.5_1,0.017100305162570127,0.04809619238476958
2025,01,NOR.11.6_1,0.021264300208908977,0.07114228456913822
2025,01,NOR.11.7_1,0.010695555427236353,0.022044088176352724
2025,01,NOR.11.8_1,0.016687896375087493,0.046092184368737514
2025,01,NOR.11.9_1,0.011872337899935336,0.026052104208416856
2025,01,NOR.12.1_1,0.026347237652495643,0.10721442885771541
2025,01,NOR.13.10_1,0.034229758404937305,0.18737474949899793
2025,01,NOR.13.11_1,0.034229758404937305,0.18737474949899793
2025,01,NOR.13.13_1,0.029210616527828543,0.13226452905811623
2025,01,NOR.13.16_1,0.032400712790838004,0.16533066132264532
2025,01,NOR.13.17_1,0.023260609712008714,0.08416833667334665
2025,01,NOR.13.18_1,0.03158799225759025,0.15631262525050102
2025,01,NOR.13.19_1,0.03204441289418665,0.16132264529058118
2025,01,NOR.13.1_1,0.028452722012509306,0.125250501002004
2025,01,NOR.13.20_1,0.035505048928485265,0.2044088176352705
2025,01,NOR.13.21_1,0.02993790568236584,0.13927855711422846
2025,01,NOR.13.22_1,0.022668520299846465,0.08016032064128252
2025,01,NOR.13.23_1,0.031680277964891305,0.15731462925851705
2025,01,NOR.13.24_1,0.031308068371355524,0.15330661322645292
2025,01,NOR.13.26_1,0.025845307393654513,0.10320641282565128
2025,01,NOR.13.2_1,0.03102345930877965,0.15030060120240482
2025,01,NOR.13.3_1,0.0313080683713555,0.15330661322645292
2025,01,NOR.13.5_1,0.022818286394609043,0.08116232464929855
2025,01,NOR.13.6_1,0.02777710234462389,0.1192384769539077
2025,01,NOR.13.7_1,0.03446311269826634,0.19038076152304603
2025,01,NOR.13.8_1,0.031213724766442106,0.1523046092184369
2025,01,NOR.13.9_1,0.026470656961829604,0.10821643286573145
2025,01,NOR.14.10_1,0.020604800138715917,0.0671342685370742
2025,01,NOR.14.11_1,0.019028945889083066,0.0581162324649298
2025,01,NOR.14.12_1,0.028889672107144958,0.12925851703406813
2025,01,NOR.14.13_1,0.01583212009887519,0.04208416833667338
2025,01,NOR.14.14_1,0.021425602393187124,0.07214428857715426
2025,01,NOR.14.15_1,0.03003941978447332,0.1402805611222445
2025,01,NOR.14.16_1,0.01809071668041462,0.053106212424849746
2025,01,NOR.14.17_1,0.013476725723860411,0.03206412825651305
2025,01,NOR.14.18_1,0.019391020454336157,0.06012024048096198
2025,01,NOR.14.19_1,0.013976205076585695,0.03406813627254512
2025,01,NOR.14.1_1,0.01647793926590858,0.04509018036072148
2025,01,NOR.14.20_1,0.022211972370956415,0.07715430861723442
2025,01,NOR.14.21_1,0.030039419784473283,0.1402805611222445
2025,01,NOR.14.22_1,0.019028945889083066,0.0581162324649298
2025,01,NOR.14.23_1,0.0330060550471802,0.17234468937875744
2025,01,NOR.14.24_1,0.01730289940232396,0.04909819639278561
2025,01,NOR.14.25_1,0.030240712502615525,0.14228456913827656
2025,01,NOR.14.26_1,0.019391020454336157,0.06012024048096198
2025,01,NOR.14.2_1,0.027075858437251826,0.1132264529058115
2025,01,NOR.14.3_1,0.01583212009887518,0.04208416833667338
2025,01,NOR.14.4_1,0.01626537902287774,0.04408817635270545
2025,01,NOR.14.5_1,0.02647065696182955,0.10821643286573145
2025,01,NOR.14.6_1,0.025589245220572873,0.10120240480961921
2025,01,NOR.14.7_1,0.02493350870553612,0.09619238476953905
2025,01,NOR.14.8_1,0.029210616527828536,0.13226452905811623
2025,01,NOR.14.9_1,0.020937463855137697,0.06913827655310616
2025,01,NOR.15.10_1,0.017503176145694757,0.050100200400801646
2025,01,NOR.15.11_1,0.01902894588908307,0.0581162324649298
2025,01,NOR.15.12_1,0.016895327312381032,0.04709418837675355
2025,01,NOR.15.13_1,0.015160525866139243,0.03907815631262528
2025,01,NOR.15.14_1,0.021425602393187155,0.07214428857715426
2025,01,NOR.15.15_1,0.02962983020698761,0.13627254509018036
2025,01,NOR.15.16_1,0.024933508705536137,0.09619238476953905
2025,01,NOR.15.17_1,0.01710030516257023,0.04809619238476958
2025,01,NOR.15.18_1,0.025717710011312477,0.10220440881763525
2025,01,NOR.15.19_1,0.023405787450063928,0.08517034068136269
2025,01,NOR.15.1_1,0.026347237652495626,0.10721442885771541
2025,01,NOR.15.20_1,0.016687896375087493,0.046092184368737514
2025,01,NOR.15.21_1,0.018471902775963493,0.05511022044088181
2025,01,NOR.15.22_1,0.021585529005919243,0.07314629258517029
2025,01,NOR.15.23_1,0.020266073373650384,0.06513026052104202
2025,01,NOR.15.24_1,0.019569398347956995,0.06112224448897801
2025,01,NOR.15.25_1,0.01516052586613927,0.03907815631262528
2025,01,NOR.15.2_1,0.02221197237095648,0.07715430861723442
2025,01,NOR.15.3_1,0.029421448548347058,0.1342685370741483
2025,01,NOR.15.4_1,0.031772059081379034,0.15831663326653309
2025,01,NOR.15.5_1,0.02519853310943035,0.09819639278557112
2025,01,NOR.15.6_1,0.032835411739094406,0.17034068136272537
2025,01,NOR.15.7_1,0.015387414363295512,0.040080160320641316
2025,01,NOR.15.8_1,0.018090716680414613,0.053106212424849746
2025,01,NOR.15.9_1,0.020266073373650387,0.06513026052104202
2025,01,NOR.16.10_1,0.017897026113825567,0.05210420841683371
2025,01,NOR.16.11_1,0.028230263129052656,0.12324649298597194
2025,01,NOR.16.12_1,0.018845166403477956,0.05711422845691388
2025,01,NOR.16.13_1,0.01730289940232397,0.04909819639278561
2025,01,NOR.16.14_1,0.023692853314494864,0.08717434869739475
2025,01,NOR.16.15_1,0.022668520299846496,0.08016032064128252
2025,01,NOR.16.16_1,0.01605013451135359,0.043086172344689415
2025,01,NOR.16.17_1,0.016687896375087375,0.046092184368737514
2025,01,NOR.16.18_1,0.01322085185828183,0.03106212424849702
2025,01,NOR.16.1_1,0.028781414078247653,0.1282565130260521
2025,01,NOR.16.2_1,0.01750317614569475,0.050100200400801646
2025,01,NOR.16.3_1,0.0235498630001281,0.08617234468937872
2025,01,NOR.16.4_1,0.01884516640347796,0.05711422845691388
2025,01,NOR.16.5_1,0.014930472193894767,0.03807615230460925
2025,01,NOR.16.6_1,0.028230263129052656,0.12324649298597194
2025,01,NOR.16.7_1,0.019746055815334382,0.06212424849699404
2025,01,NOR.16.8_1,0.02190135563660667,0.075150300601202355
2025,01,NOR.16.9_1,0.021101596360351728,0.07014028056112219
2025,01,NOR.17.10_1,0.022668520299846534,0.08016032064128252
2025,01,NOR.17.11_1,0.015832120098875177,0.04208416833667338
2025,01,NOR.17.12_1,0.014460404669750342,0.03607214428857718
2025,01,NOR.17.13_1,0.013220851858281837,0.03106212424849702
2025,01,NOR.17.14_1,0.016895327312381025,0.04709418837675355
2025,01,NOR.17.15_1,0.013728453360900335,0.033066132264529084
2025,01,NOR.17.16_1,0.009741699941709163,0.019038076152304625
2025,01,NOR.17.17_1,0.013476725723860446,0.03206412825651305
2025,01,NOR.17.18_1,0.010385097113471652,0.02104208416833669
2025,01,NOR.17.19_1,0.01469713901445662,0.037074148296593216
2025,01,NOR.17.1_1,0.011587174157150442,0.025050100200400823
2025,01,NOR.17.20_1,0.02009435794928196,0.0641282565130261
2025,01,NOR.17.21_1,0.013220851858281838,0.03106212424849702
2025,01,NOR.17.22_1,0.010067309867565408,0.020040080160320658
2025,01,NOR.17.23_1,0.016265379022877748,0.04408817635270545
2025,01,NOR.17.24_1,0.017897026113825546,0.05210420841683371
2025,01,NOR.17.25_1,0.014460404669750342,0.03607214428857718
2025,01,NOR.17.2_1,0.011872337899935328,0.026052104208416856
2025,01,NOR.17.3_1,0.017897026113825543,0.05210420841683371
2025,01,NOR.17.4_1,0.019569398347956932,0.06112224448897801
2025,01,NOR.17.5_1,0.01583212009887519,0.04208416833667338
2025,01,NOR.17.6_1,0.009064730120010054,0.01703406813627256
2025,01,NOR.17.7_1,0.018282324795874248,0.05410821643286578
2025,01,NOR.17.8_1,0.01605013451135354,0.043086172344689415
2025,01,NOR.17.9_1,0.010695555427236391,0.022044088176352724
2025,01,NOR.18.10_1,0.035360811414559726,0.20240480961923832
2025,01,NOR.18.11_1,0.02571771001131257,0.10220440881763525
2025,01,NOR.18.12_1,0.025972048296596974,0.10420841683366731
2025,01,NOR.18.13_1,0.03514162192953799,0.19939879759519044
2025,01,NOR.18.14_1,0.030538387620146688,0.14529058116232466
2025,01,NOR.18.15_1,0.029316341692963915,0.13326653306613226
2025,01,NOR.18.1_1,0.021744105281793144,0.07414829659318632
2025,01,NOR.18.2_1,0.02397564371487887,0.08917835671342682
2025,01,NOR.18.3_1,0.03521506562850803,0.20040080160320647
2025,01,NOR.18.4_1,0.02766205245380972,0.11823647294589178
2025,01,NOR.18.5_1,0.027075858437251847,0.1132264529058115
2025,01,NOR.18.6_1,0.034307951018714256,0.18837675350701397
2025,01,NOR.18.7_1,0.026347237652495643,0.10721442885771541
2025,01,NOR.18.8_1,0.03213421336437082,0.16232464929859722
2025,01,NOR.18.9_1,0.03213421336437082,0.16232464929859722
2025,01,NOR.19.10_1,0.029629830206987628,0.13627254509018036
2025,01,NOR.19.11_1,0.026593270780774413,0.10921843687374748
2025,01,NOR.19.12_1,0.022966877399027995,0.08216432865731459
2025,01,NOR.19.13_1,0.031495198068607316,0.155310621242485
2025,01,NOR.19.14_1,0.027429787789472797,0.1162324649298596
2025,01,NOR.19.15_1,0.02236538380913415,0.07815631262525045
2025,01,NOR.19.1_1,0.023114312344931453,0.08316633266533062
2025,01,NOR.19.2_1,0.025066483999070403,0.09719438877755508
2025,01,NOR.19.3_1,0.021744105281793165,0.07414829659318632
2025,01,NOR.19.4_1,0.022668520299846458,0.08016032064128252
2025,01,NOR.19.5_1,0.023114312344931484,0.08316633266533062
2025,01,NOR.19.6_1,0.02910426720119383,0.1312625250501002
2025,01,NOR.19.7_1,0.03149519806860731,0.155310621242485
2025,01,NOR.19.8_1,0.024933508705536137,0.09619238476953905
2025,01,NOR.19.9_1,0.02251755950729921,0.07915831663326649
2025,01,NOR.2.10_1,0.024799594579291793,0.09519038076152302
2025,01,NOR.2.11_1,0.02506648399907035,0.09719438877755508
2025,01,NOR.2.12_1,0.02622300311665719,0.10621242484969938
2025,01,NOR.2.13_1,0.02609794339476907,0.10521042084168335
2025,01,NOR.2.14_1,0.027312557164847505,0.11523046092184368
2025,01,NOR.2.15_1,0.028672507358848288,0.12725450901803606
2025,01,NOR.2.16_1,0.025066483999070382,0.09719438877755508
2025,01,NOR.2.17_1,0.024664728647610316,0.09418837675350698
2025,01,NOR.2.18_1,0.027312557164847505,0.11523046092184368
2025,01,NOR.2.19_1,0.025717710011312504,0.10220440881763525
2025,01,NOR.2.1_1,0.026223003116657193,0.10621242484969938
2025,01,NOR.2.20_1,0.022517559507299188,0.07915831663326649
2025,01,NOR.2.21_1,0.02622300311665726,0.10621242484969938
2025,01,NOR.2.22_1,0.025717710011312525,0.10220440881763525
2025,01,NOR.2.2_1,0.02622300311665727,0.10621242484969938
2025,01,NOR.2.3_1,0.028997287752026864,0.13026052104208416
2025,01,NOR.2.4_1,0.026097943394769067,0.10521042084168335
2025,01,NOR.2.5_1,0.02899728775202695,0.13026052104208416
2025,01,NOR.2.6_1,0.03034050117169261,0.1432865731462926
2025,01,NOR.2.7_1,0.023549863000128138,0.08617234468937872
2025,01,NOR.2.8_1,0.03257599555835812,0.16733466933867738
2025,01,NOR.2.9_1,0.02834183015253203,0.12424849699398798
2025,01,NOR.3.10_1,0.027429787789472786,0.1162324649298596
2025,01,NOR.3.11_1,0.02993790568236584,0.13927855711422846
2025,01,NOR.3.12_1,0.03231235979305094,0.16432865731462928
2025,01,NOR.3.13_1,0.027194583498260733,0.11422845691382753
2025,01,NOR.3.14_1,0.01865950067142247,0.056112224448897845
2025,01,NOR.3.15_1,0.02766205245380974,0.11823647294589178
2025,01,NOR.3.1_1,0.02558924522057288,0.10120240480961921
2025,01,NOR.3.2_1,0.029316341692963897,0.13326653306613226
2025,01,NOR.3.3_1,0.02742978778947279,0.1162324649298596
2025,01,NOR.3.4_1,0.020937463855137714,0.06913827655310616
2025,01,NOR.3.5_1,0.021744105281793123,0.07414829659318632
2025,01,NOR.3.6_1,0.024254285194864837,0.09118236472945888
2025,01,NOR.3.7_1,0.02558924522057285,0.10120240480961921
2025,01,NOR.3.8_1,0.026956373449295322,0.11222444889779569
2025,01,NOR.3.9_1,0.029835806235238613,0.13827655310621242
2025,01,NOR.4.10_1,0.01809071668041459,0.053106212424849746
2025,01,NOR.4.11_1,0.01668789637508744,0.046092184368737514
2025,01,NOR.4.12_1,0.019210883156825308,0.05911823647294583
2025,01,NOR.4.13_1,0.016477939265908563,0.04509018036072148
2025,01,NOR.4.14_1,0.01956939834795702,0.06112224448897801
2025,01,NOR.4.15_1,0.014930472193894824,0.03807615230460925
2025,01,NOR.4.16_1,0.016050134511353488,0.043086172344689415
2025,01,NOR.4.17_1,0.019569398347957012,0.06112224448897801
2025,01,NOR.4.18_1,0.015387414363295528,0.040080160320641316
2025,01,NOR.4.19_1,0.014220139498564745,0.03507014028056115
2025,01,NOR.4.1_1,0.015160525866139262,0.03907815631262528
2025,01,NOR.4.20_1,0.01956939834795697,0.06112224448897801
2025,01,NOR.4.21_1,0.014460404669750347,0.03607214428857718
2025,01,NOR.4.2_1,0.019569398347957047,0.06112224448897801
2025,01,NOR.4.3_1,0.015160525866139187,0.03907815631262528
2025,01,NOR.4.4_1,0.016477939265908587,0.04509018036072148
2025,01,NOR.4.5_1,0.012152004264982114,0.02705410821643289
2025,01,NOR.4.6_1,0.012695918168465263,0.029058116232464844
2025,01,NOR.4.7_1,0.011872337899935366,0.026052104208416856
2025,01,NOR.4.8_1,0.01865950067142243,0.056112224448897845
2025,01,NOR.4.9_1,0.02506648399907035,0.09719438877755508
2025,01,NOR.5.10_1,0.010999127819863133,0.023046092184368757
2025,01,NOR.5.11_1,0.01689532731238105,0.04709418837675355
2025,01,NOR.5.12_1,0.02766205245380972,0.11823647294589178
2025,01,NOR.5.13_1,0.009741699941709167,0.019038076152304625
2025,01,NOR.5.14_1,0.027777102344623807,0.1192384769539077
2025,01,NOR.5.15_1,0.01242644721373206,0.028056112224448922
2025,01,NOR.5.16_1,0.014930472193894878,0.03807615230460925
2025,01,NOR.5.17_1,0.013728453360900388,0.033066132264529084
2025,01,NOR.5.18_1,0.013728453360900455,0.033066132264529084
2025,01,NOR.5.19_1,0.02190135563660671,0.075150300601202355
2025,01,NOR.5.1_1,0.013220851858281837,0.03106212424849702
2025,01,NOR.5.2_1,0.01939102045433615,0.06012024048096198
2025,01,NOR.5.3_1,0.026836119816314594,0.11122244488977955
2025,01,NOR.5.4_1,0.024254285194864934,0.09118236472945888
2025,01,NOR.5.5_1,0.033258631329692014,0.17535070140280565
2025,01,NOR.5.6_1,0.025459901829479274,0.10020040080160318
2025,01,NOR.5.7_1,0.01296064853238723,0.03006012024048099
2025,01,NOR.5.8_1,0.014697139014456642,0.037074148296593216
2025,01,NOR.5.9_1,0.013976205076585676,0.03406813627254512
2025,01,NOR.6.10_1,0.023692853314494812,0.08717434869739475
2025,01,NOR.6.11_1,0.019210883156825297,0.05911823647294583
2025,01,NOR.6.12_1,0.020604800138715924,0.0671342685370742
2025,01,NOR.6.13_1,0.014460404669750317,0.03607214428857718
2025,01,NOR.6.14_1,0.015160525866139205,0.03907815631262528
2025,01,NOR.6.15_1,0.01668789637508747,0.046092184368737514
2025,01,NOR.6.16_1,0.02190135563660675,0.075150300601202355
2025,01,NOR.6.17_1,0.020266073373650398,0.06513026052104202
2025,01,NOR.6.18_1,0.015832120098875177,0.04208416833667338
2025,01,NOR.6.19_1,0.013728453360900408,0.033066132264529084
2025,01,NOR.6.1_1,0.013220851858281828,0.03106212424849702
2025,01,NOR.6.20_1,0.019210883156825294,0.05911823647294583
2025,01,NOR.6.21_1,0.014697139014456621,0.037074148296593216
2025,01,NOR.6.22_1,0.017897026113825605,0.05210420841683371
2025,01,NOR.6.2_1,0.01750317614569476,0.050100200400801646
2025,01,NOR.6.3_1,0.020266073373650384,0.06513026052104202
2025,01,NOR.6.4_1,0.024115475428418753,0.09018036072144285
2025,01,NOR.6.5_1,0.018471902775963587,0.05511022044088181
2025,01,NOR.6.6_1,0.014697139014456639,0.037074148296593216
2025,01,NOR.6.7_1,0.012426447213732083,0.028056112224448922
2025,01,NOR.6.8_1,0.024254285194864885,0.09118236472945888
2025,01,NOR.6.9_1,0.01516052586613932,0.03907815631262528
2025,01,NOR.7.10_1,0.032662932057324026,0.16833667334669342
2025,01,NOR.7.11_1,0.021744105281793123,0.07414829659318632
2025,01,NOR.7.12_1,0.02311431234493149,0.08316633266533062
2025,01,NOR.7.13_1,0.018471902775963642,0.05511022044088181
2025,01,NOR.7.14_1,0.020436210031917805,0.06613226452905806
2025,01,NOR.7.15_1,0.020266073373650394,0.06513026052104202
2025,01,NOR.7.16_1,0.02777710234462388,0.1192384769539077
2025,01,NOR.7.17_1,0.02622300311665715,0.10621242484969938
2025,01,NOR.7.18_1,0.033832577133748154,0.18236472945891777
2025,01,NOR.7.19_1,0.021101596360351728,0.07014028056112219
2025,01,NOR.7.1_1,0.03491898199281636,0.19639278557114234
2025,01,NOR.7.20_1,0.019391020454336147,0.06012024048096198
2025,01,NOR.7.21_1,0.026956373449295315,0.11222444889779569
2025,01,NOR.7.22_1,0.02506648399907029,0.09719438877755508
2025,01,NOR.7.23_1,0.02683611981631469,0.11122244488977955
2025,01,NOR.7.25_1,0.03399270353252681,0.18436873747494983
2025,01,NOR.7.26_1,0.02296687739902798,0.08216432865731459
2025,01,NOR.7.27_1,0.03309069590576364,0.17334669338677358
2025,01,NOR.7.28_1,0.033589199970617066,0.17935871743486978
2025,01,NOR.7.29_1,0.03168027796489131,0.15731462925851705
2025,01,NOR.7.30_1,0.029733116191840134,0.1372745490981964
2025,01,NOR.7.31_1,0.01730289940232396,0.04909819639278561
2025,01,NOR.7.32_1,0.0171003051625702,0.04809619238476958
2025,01,NOR.7.33_1,0.023405787450063928,0.08517034068136269
2025,01,NOR.7.34_1,0.02158552900591926,0.07314629258517029
2025,01,NOR.7.3_1,0.034540086638265896,0.19138276553106218
2025,01,NOR.7.4_1,0.030439724606053667,0.14428857715430862
2025,01,NOR.7.5_1,0.03469283266576522,0.19338677354709424
2025,01,NOR.7.6_1,0.017503176145694768,0.050100200400801646
2025,01,NOR.7.7_1,0.022818286394609054,0.08116232464929855
2025,01,NOR.7.9_1,0.03168027796489134,0.15731462925851705
2025,01,NOR.8.10_1,0.021101596360351728,0.07014028056112219
2025,01,NOR.8.11_1,0.026097943394769077,0.10521042084168335
2025,01,NOR.8.12_1,0.029210616527828543,0.13226452905811623
2025,01,NOR.8.13_1,0.029104267201193783,0.1312625250501002
2025,01,NOR.8.16_1,0.022517559507299237,0.07915831663326649
2025,01,NOR.8.17_1,0.018090716680414606,0.053106212424849746
2025,01,NOR.8.18_1,0.014697139014456616,0.037074148296593216
2025,01,NOR.8.19_1,0.019028945889083063,0.0581162324649298
2025,01,NOR.8.1_1,0.028672507358848343,0.12725450901803606
2025,01,NOR.8.20_1,0.02009435794928196,0.0641282565130261
2025,01,NOR.8.21_1,0.015160525866139285,0.03907815631262528
2025,01,NOR.8.22_1,0.019746055815334285,0.06212424849699404
2025,01,NOR.8.23_1,0.026836119816314633,0.11122244488977955
2025,01,NOR.8.25_1,0.023975643714878817,0.08917835671342682
2025,01,NOR.8.26_1,0.03367075430784961,0.1803607214428857
2025,01,NOR.8.27_1,0.017503176145694736,0.050100200400801646
2025,01,NOR.8.28_1,0.018659500671422462,0.056112224448897845
2025,01,NOR.8.30_1,0.017701198368506522,0.05110220440881768
2025,01,NOR.8.31_1,0.01730289940232398,0.04909819639278561
2025,01,NOR.8.32_1,0.020266073373650394,0.06513026052104202
2025,01,NOR.8.33_1,0.02093746385513769,0.06913827655310616
2025,01,NOR.8.34_1,0.026715088628979335,0.11022044088176362
2025,01,NOR.8.35_1,0.028005075663230898,0.12124248496993976
2025,01,NOR.8.36_1,0.026347237652495616,0.10721442885771541
2025,01,NOR.8.37_1,0.02009435794928196,0.0641282565130261
2025,01,NOR.8.38_1,0.024528897602858493,0.09318637274549095
2025,01,NOR.8.3_1,0.024799594579291786,0.09519038076152302
2025,01,NOR.8.4_1,0.02845272201250925,0.125250501002004
2025,01,NOR.8.5_1,0.02439208779022556,0.09218436873747492
2025,01,NOR.8.6_1,0.02683611981631466,0.11122244488977955
2025,01,NOR.8.7_1,0.025198533109430363,0.09819639278557112
2025,01,NOR.8.9_1,0.02077187475700325,0.06813627254509023
2025,01,NOR.9.10_1,0.022211972370956495,0.07715430861723442
2025,01,NOR.9.11_1,0.023692853314494954,0.08717434869739475
2025,01,NOR.9.12_1,0.02266852029984654,0.08016032064128252
2025,01,NOR.9.13_1,0.021101596360351728,0.07014028056112219
2025,01,NOR.9.14_1,0.024799594579291873,0.09519038076152302
2025,01,NOR.9.15_1,0.025589245220572855,0.10120240480961921
2025,01,NOR.9.16_1,0.021585529005919327,0.07314629258517029
2025,01,NOR.9.17_1,0.02205730370414663,0.07615230460921839
2025,01,NOR.9.18_1,0.02142560239318715,0.07214428857715426
2025,01,NOR.9.19_1,0.022057303704146637,0.07615230460921839
2025,01,NOR.9.1_1,0.02558924522057285,0.10120240480961921
2025,01,NOR.9.20_1,0.025329668374153867,0.09919839679358715
2025,01,NOR.9.21_1,0.02158552900591928,0.07314629258517029
2025,01,NOR.9.22_1,0.02383477487575465,0.08817635270541078
2025,01,NOR.9.23_1,0.026223003116657255,0.10621242484969938
2025,01,NOR.9.24_1,0.031680277964891264,0.15731462925851705
2025,01,NOR.9.2_1,0.02439208779022552,0.09218436873747492
2025,01,NOR.9.3_1,0.022211972370956463,0.07715430861723442
2025,01,NOR.9.4_1,0.021901355636606747,0.075150300601202355
2025,01,NOR.9.5_1,0.02296687739902798,0.08216432865731459
2025,01,NOR.9.6_1,0.02369285331449488,0.08717434869739475
2025,01,NOR.9.7_1,0.02354986300012816,0.08617234468937872
2025,01,NOR.9.8_1,0.02647065696182953,0.10821643286573145
2025,01,NOR.9.9_1,0.02190135563660672,0.075150300601202355
2025,01,POL.1.10_1,0.03292096135954542,0.17134268537074152
2025,01,POL.1.11_1,0.10196687765135572,0.19581295389113826
2025,01,POL.1.12_1,0.08706581472297384,0.1506824315854279
2025,01,POL.1.13_1,0.06834287291511802,0.1716989995022752
2025,01,POL.1.14_1,0.06934015593493721,0.13327916657968208
2025,01,POL.1.15_1,0.058755102520022966,0.17078864942957012
2025,01,POL.1.16_1,0.06833256323596376,0.1707925971696268
2025,01,POL.1.17_1,0.09784492058235583,0.16994992854900356
2025,01,POL.1.18_1,0.08391253525938891,0.1678160962846032
2025,01,POL.1.19_1,0.07715271783988187,0.17283291093324485
2025,01,POL.1.1_1,0.08611625204392893,0.1798989629616048
2025,01,POL.1.20_1,0.07539750646243146,0.16302090367160973
2025,01,POL.1.21_1,0.09640191131338949,0.16464250434911099
2025,01,POL.1.22_1,0.08725855279227553,0.1856363224143234
2025,01,POL.1.23_1,0.09785120722654839,0.14618281792195265
2025,01,POL.1.24_1,0.0613717281076272,0.19120490509622023
2025,01,POL.1.25_1,0.034993582280348684,0.19739478957915838
2025,01,POL.1.26_1,0.109650083917721,0.1952077130916377
2025,01,POL.1.27_1,0.09060175709100762,0.167041063406898
2025,01,POL.1.28_1,0.09380953968286483,0.18267431038904003
2025,01,POL.1.29_1,0.08104983597411387,0.154083971901056
2025,01,POL.1.2_1,0.09001766579635528,0.16564889543219785
2025,01,POL.1.3_1,0.09158787540128059,0.21215855722281224
2025,01,POL.1.4_1,0.06976525921052075,0.17976313117464285
2025,01,POL.1.5_1,0.08661172322984324,0.18701940080723947
2025,01,POL.1.6_1,0.03043972460605366,0.14428857715430862
2025,01,POL.1.7_1,0.09973152337142943,0.15306223290708548
2025,01,POL.1.8_1,0.06396251167979723,0.1457630707310233
2025,01,POL.1.9_1,0.1247621175169342,0.15125099211137147
2025,01,POL.10.10_1,0.0943773253902575,0.1851326817224051
2025,01,POL.10.11_1,0.08043150507578024,0.19381657817050987
2025,01,POL.10.12_1,0.10658905847494385,0.18084431326670847
2025,01,POL.10.13_1,0.11328946322117324,0.18405747628266828
2025,01,POL.10.14_1,0.03599823425056955,0.21142284569138262
2025,01,POL.10.15_1,0.10932395930976717,0.19341437626757463
2025,01,POL.10.16_1,0.11611278074152948,0.19659149511794655
2025,01,POL.10.17_1,0.08268791943255747,0.20750772057156525
2025,01,POL.10.1_1,0.09706538185296182,0.19969759841542667
2025,01,POL.10.2_1,0.03599823425056952,0.21142284569138262
2025,01,POL.10.3_1,0.1423568244520451,0.1942943196520501
2025,01,POL.10.4_1,0.10102421483358005,0.18447497711768407
2025,01,POL.10.5_1,0.08802390569951156,0.19048961289532576
2025,01,POL.10.6_1,0.10573210698916202,0.1778209093603016
2025,01,POL.10.7_1,0.08416444426187744,0.16918624111412262
2025,01,POL.10.8_1,0.03300605504718017,0.17234468937875744
2025,01,POL.10.9_1,0.1028380677179163,0.1652140418829438
2025,01,POL.11.10_1,0.08283557997697731,0.20877600839865834
2025,01,POL.11.11_1,0.09342774177536167,0.2257646853901684
2025,01,POL.11.12_1,0.08752990030149616,0.2466351732721354
2025,01,POL.11.13_1,0.08779833666325026,0.2527689965603788
2025,01,POL.11.14_1,0.03484399179204097,0.1953907815631263
2025,01,POL.11.15_1,0.1164896071758084,0.19858212929056915
2025,01,POL.11.16_1,0.044556212563180174,0.4368737474949899
2025,01,POL.11.17_1,0.1306440855392052,0.18873346476585645
2025,01,POL.11.18_1,0.08106265724353078,0.1964908936502099
2025,01,POL.11.19_1,0.09041679035888624,0.20432814750162992
2025,01,POL.11.1_1,0.11400293018611536,0.18725568887560193
2025,01,POL.11.20_1,0.11550378089158414,0.19434471490117894
2025,01,POL.11.2_1,0.08131975931762063,0.19808299022670034
2025,01,POL.11.3_1,0.0938350227404282,0.18257917433677448
2025,01,POL.11.4_1,0.03680304076042709,0.22344689378757523
2025,01,POL.11.5_1,0.10660204488993395,0.21918814986310664
2025,01,POL.11.6_1,0.03606723621772735,0.21242484969939876
2025,01,POL.11.7_1,0.0993961008883378,0.17678941433462647
2025,01,POL.11.8_1,0.10108826281132569,0.18500470547512407
2025,01,POL.11.9_1,0.08674848737055091,0.18303585600772057
2025,01,POL.12.10_1,0.03195412280395625,0.16032064128256515
2025,01,POL.12.11_1,0.033258631329692014,0.17535070140280565
2025,01,POL.12.12_1,0.09892130571765767,0.17463213757974752
2025,01,POL.12.13_1,0.03334193188399728,0.17635270541082157
2025,01,POL.12.14_1,0.03140189144519443,0.15430861723446895
2025,01,POL.12.15_1,0.03231235979305092,0.16432865731462928
2025,01,POL.12.16_1,0.10335757302424937,0.1671858819882542
2025,01,POL.12.17_1,0.0952127694276507,0.1584001609289119
2025,01,POL.12.18_1,0.07551324582147252,0.16412936316993573
2025,01,POL.12.19_1,0.03266293205732401,0.16833667334669342
2025,01,POL.12.1_1,0.0972291472909039,0.16745913153537761
2025,01,POL.12.20_1,0.07553499683074305,0.16365550608903354
2025,01,POL.12.21_1,0.03130806837135555,0.15330661322645292
2025,01,POL.12.22_1,0.08205781651928835,0.15907959615383901
2025,01,POL.12.23_1,0.09716117952603362,0.16667891178692545
2025,01,POL.12.24_1,0.034072137198387774,0.18537074148296598
2025,01,POL.12.25_1,0.032400712790837984,0.16533066132264532
2025,01,POL.12.26_1,0.07498679647781128,0.16110250837785153
2025,01,POL.12.27_1,0.035718612720621754,0.2074148296593187
2025,01,POL.12.28_1,0.032920961359545454,0.17134268537074152
2025,01,POL.12.29_1,0.03484399179204102,0.1953907815631263
2025,01,POL.12.2_1,0.03177205908137904,0.15831663326653309
2025,01,POL.12.30_1,0.10442946585249235,0.17166545172162634
2025,01,POL.12.31_1,0.030927528958198114,0.1492985971943888
2025,01,POL.12.32_1,0.10527022089184372,0.1757112200015555
2025,01,POL.12.33_1,0.03317488699465889,0.1743486973947895
2025,01,POL.12.34_1,0.10407934558316603,0.1482890279540811
2025,01,POL.12.35_1,0.030240712502615518,0.14228456913827656
2025,01,POL.12.36_1,0.1220058978420961,0.13106616069441257
2025,01,POL.12.3_1,0.10433200979646033,0.14941478553428136
2025,01,POL.12.4_1,0.07353886196105734,0.1533413407780957
2025,01,POL.12.5_1,0.03334193188399733,0.17635270541082157
2025,01,POL.12.6_1,0.03325863132969202,0.17535070140280565
2025,01,POL.12.7_1,0.1154783946187862,0.15235502614181642
2025,01,POL.12.8_1,0.03367075430784947,0.1803607214428857
2025,01,POL.12.9_1,0.13899037399369812,0.16725437630639786
2025,01,POL.13.10_1,0.1055169581984776,0.17648648882063325
2025,01,POL.13.11_1,0.07670887531350666,0.1703258822782638
2025,01,POL.13.12_1,0.07807829501389191,0.17959183752197005
2025,01,POL.13.13_1,0.0980382961228261,0.17081358999901602
2025,01,POL.13.14_1,0.08409068030157392,0.16913070473356173
2025,01,POL.13.1_1,0.09779299336090179,0.1696177939422514
2025,01,POL.13.2_1,0.10193285615416361,0.16126200799277401
2025,01,POL.13.3_1,0.07660290022603723,0.16997029456116686
2025,01,POL.13.4_1,0.033258631329692014,0.17535070140280565
2025,01,POL.13.5_1,0.1511840336989666,0.16551494827637347
2025,01,POL.13.6_1,0.09895528188881325,0.17476899954848243
2025,01,POL.13.7_1,0.09611997047864701,0.16253021380181434
2025,01,POL.13.8_1,0.08386283959746679,0.16833254759292784
2025,01,POL.13.9_1,0.07411646410425456,0.15623778858639153
2025,01,POL.14.10_1,0.08944011052402946,0.19886843746226826
2025,01,POL.14.11_1,0.08234318669475607,0.204792215042123
2025,01,POL.14.12_1,0.08379208119069081,0.2164236935824323
2025,01,POL.14.13_1,0.07327795054836723,0.20481937205304862
2025,01,POL.14.14_1,0.08226489486655061,0.20436787696611464
2025,01,POL.14.15_1,0.0727190758203164,0.20038179104395265
2025,01,POL.14.16_1,0.03536081141455974,0.20240480961923832
2025,01,POL.14.17_1,0.12856739497163186,0.20112650078106395
2025,01,POL.14.18_1,0.11344316422400523,0.2148741176434378
2025,01,POL.14.19_1,0.07365361380611259,0.20726008422514236
2025,01,POL.14.1_1,0.09187641066588714,0.2141908855373573
2025,01,POL.14.20_1,0.1022866424273813,0.1915673427344839
2025,01,POL.14.21_1,0.061444538573764106,0.19083647374694376
2025,01,POL.14.2_1,0.09987373138275062,0.21662269892738623
2025,01,POL.14.3_1,0.08717755010998587,0.18529837897480664
2025,01,POL.14.4_1,0.0352881280898018,0.2014028056112225
2025,01,POL.14.5_1,0.11276137333294253,0.2136499969008538
2025,01,POL.14.6_1,0.07923953879989429,0.1860403863722012
2025,01,POL.14.7_1,0.08933450092661238,0.19933581600445605
2025,01,POL.14.8_1,0.05777422429481756,0.16365308877912851
2025,01,POL.14.9_1,0.09699701616998899,0.20055138589360136
2025,01,POL.15.10_1,0.12068152851685511,0.1913892387136373
2025,01,POL.15.11_1,0.036406917078049765,0.21743486973947893
2025,01,POL.15.12_1,0.13596943544908358,0.18877338955127346
2025,01,POL.15.13_1,0.08272107124953645,0.2093300209806868
2025,01,POL.15.14_1,0.0867017818199035,0.18322181296445433
2025,01,POL.15.15_1,0.03446311269826636,0.19038076152304603
2025,01,POL.15.16_1,0.09378955515083043,0.18188791989975972
2025,01,POL.15.17_1,0.06884367699835471,0.1738205038975151
2025,01,POL.15.18_1,0.08612243863467672,0.17954325829739895
2025,01,POL.15.19_1,0.0586854407385384,0.17049997489004454
2025,01,POL.15.1_1,0.07957312042693092,0.18735235584128476
2025,01,POL.15.20_1,0.1000316012643483,0.17989012354691192
2025,01,POL.15.21_1,0.09103288759527628,0.16895487791720315
2025,01,POL.15.22_1,0.1071273789821142,0.18379050106708705
2025,01,POL.15.23_1,0.0852159259734253,0.1747844428550701
2025,01,POL.15.24_1,0.03557660719068575,0.20541082164328653
2025,01,POL.15.25_1,0.14932441909734484,0.18607162975177918
2025,01,POL.15.26_1,0.07734994242997006,0.17398237508687286
2025,01,POL.15.27_1,0.10426355481683974,0.20512933451329834
2025,01,POL.15.28_1,0.06930475213764961,0.1770429527575848
2025,01,POL.15.29_1,0.07729130788070161,0.17344053612584143
2025,01,POL.15.2_1,0.09943939518953436,0.17739571087673617
2025,01,POL.15.30_1,0.10268997380559576,0.1928684338689113
2025,01,POL.15.31_1,0.10903854491751319,0.19237797319789443
2025,01,POL.15.32_1,0.0953044861216515,0.18992826585839973
2025,01,POL.15.33_1,0.06079206876681348,0.18613315929688645
2025,01,POL.15.34_1,0.07998586301899681,0.1898790175929744
2025,01,POL.15.35_1,0.10292962090318168,0.194007950967699
2025,01,POL.15.3_1,0.11588931652939109,0.19632638116780368
2025,01,POL.15.4_1,0.09648438985183973,0.1959651682663847
2025,01,POL.15.5_1,0.07907501912489061,0.18400595225493055
2025,01,POL.15.6_1,0.07300892598638153,0.20327598357626273
2025,01,POL.15.7_1,0.034385734965410544,0.1893787575150301
2025,01,POL.15.8_1,0.11985702072704899,0.1876496193240382
2025,01,POL.15.9_1,0.09522528344285736,0.18937117705515807
2025,01,POL.16.10_1,0.10258483423976522,0.1924963813131364
2025,01,POL.16.11_1,0.07760751958874831,0.17566508324881575
2025,01,POL.16.12_1,0.07842913583043438,0.1800796161721794
2025,01,POL.16.13_1,0.07297815853246953,0.20199003754317635
2025,01,POL.16.14_1,0.09066457917259862,0.20624290078981425
2025,01,POL.16.15_1,0.08926304055624612,0.19795649319618489
2025,01,POL.16.16_1,0.11591651841775774,0.19624273418612984
2025,01,POL.16.17_1,0.08784100282429821,0.18924591710248456
2025,01,POL.16.18_1,0.037060324111148735,0.22745490981963937
2025,01,POL.16.19_1,0.08946086539240718,0.19878189404611718
2025,01,POL.16.1_1,0.07038126107458355,0.18414329721104858
2025,01,POL.16.20_1,0.03550504892848518,0.2044088176352705
2025,01,POL.16.21_1,0.07898565928915785,0.1832132008308412
2025,01,POL.16.22_1,0.039457257207450025,0.2695390781563126
2025,01,POL.16.2_1,0.08609855067929853,0.17963489726066634
2025,01,POL.16.3_1,0.08813690503404754,0.19069132279933348
2025,01,POL.16.4_1,0.08801942711270586,0.19017620718639522
2025,01,POL.16.5_1,0.08704068207388313,0.1845201599199983
2025,01,POL.16.6_1,0.10839356028066607,0.18963931055208458
2025,01,POL.16.7_1,0.09134359490300774,0.21024915679538053
2025,01,POL.16.8_1,0.09713370150747716,0.19999715567315893
2025,01,POL.16.9_1,0.0345400866382659,0.19138276553106218
2025,01,POL.2.10_1,0.11257339341857767,0.20952213842431616
2025,01,POL.2.11_1,0.07197698491627096,0.19533912803324735
2025,01,POL.2.12_1,0.08282592236462515,0.20842661764399956
2025,01,POL.2.13_1,0.10123938563362356,0.22873779529645172
2025,01,POL.2.14_1,0.09179615754580742,0.2139010756239353
2025,01,POL.2.15_1,0.0712966061458439,0.18995237973382056
2025,01,POL.2.16_1,0.12319854677812035,0.2024307007555623
2025,01,POL.2.17_1,0.036672372330655505,0.22144288577154306
2025,01,POL.2.18_1,0.11447386110016818,0.22399659867089716
2025,01,POL.2.19_1,0.0891316190929724,0.19651969553305532
2025,01,POL.2.1_1,0.11491216324138022,0.2228278973077206
2025,01,POL.2.20_1,0.08393370671242954,0.21692233746976505
2025,01,POL.2.21_1,0.03375187911770995,0.18136272545090185
2025,01,POL.2.22_1,0.1337077428222727,0.2012228858698066
2025,01,POL.2.23_1,0.09012761234911257,0.20225639073429513
2025,01,POL.2.2_1,0.11767638794482191,0.2043195791250631
2025,01,POL.2.3_1,0.03550504892848522,0.2044088176352705
2025,01,POL.2.4_1,0.10538667299067882,0.2070058355410362
2025,01,POL.2.5_1,0.10170174391183073,0.23068511508143327
2025,01,POL.2.6_1,0.09153098808929426,0.2114150094481841
2025,01,POL.2.7_1,0.03660652579932899,0.22044088176352702
2025,01,POL.2.8_1,0.08983150099595719,0.20053355378383705
2025,01,POL.2.9_1,0.11144163091588738,0.20417406839907093
2025,01,POL.3.10_1,0.09861260507939727,0.21310962553384083
2025,01,POL.3.11_1,0.09926221053662294,0.17624013902458707
2025,01,POL.3.12_1,0.032488590249385704,0.16633266533066135
2025,01,POL.3.13_1,0.11655992009102928,0.17444573836895852
2025,01,POL.3.14_1,0.08609677497143609,0.17931317681793496
2025,01,POL.3.15_1,0.12987426763645615,0.16724445522061854
2025,01,POL.3.16_1,0.08729876178081179,0.18647146528548206
2025,01,POL.3.17_1,0.12184464582503499,0.19660336722165137
2025,01,POL.3.18_1,0.03536081141455975,0.20240480961923832
2025,01,POL.3.19_1,0.10924548502596058,0.19323579173517477
2025,01,POL.3.1_1,0.09961810387713214,0.17829485564069658
2025,01,POL.3.20_1,0.11870467550474417,0.18358920352563282
2025,01,POL.3.21_1,0.11240595819849324,0.18076294892555644
2025,01,POL.3.22_1,0.09463536639139111,0.18616862590216302
2025,01,POL.3.23_1,0.0701134773552994,0.1820155019902288
2025,01,POL.3.24_1,0.11288317658482924,0.21175992345706407
2025,01,POL.3.2_1,0.07919714316716656,0.184660941417697
2025,01,POL.3.3_1,0.12662901367447643,0.2194989910260102
2025,01,POL.3.4_1,0.0802083731007245,0.1908650548368132
2025,01,POL.3.5_1,0.10686451863502398,0.22014687556040086
2025,01,POL.3.6_1,0.09020480261053762,0.20291996326589748
2025,01,POL.3.7_1,0.034843991792041,0.1953907815631263
2025,01,POL.3.8_1,0.11683485947632687,0.20087792247586045
2025,01,POL.3.9_1,0.09967885295388569,0.17808372237600126
2025,01,POL.4.10_1,0.08602302541960308,0.1789390860566777
2025,01,POL.4.11_1,0.12728760561532884,0.17577010374988036
2025,01,POL.4.12_1,0.034768609439028805,0.19438877755511016
2025,01,POL.4.13_1,0.14158248413636673,0.17531080124673784
2025,01,POL.4.14_1,0.11857533266419183,0.1824989592017709
2025,01,POL.4.15_1,0.09206206213073748,0.17387724679380825
2025,01,POL.4.16_1,0.09186998680801316,0.17256575796004503
2025,01,POL.4.17_1,0.11863329253548384,0.18269296778959473
2025,01,POL.4.18_1,0.10250897498926344,0.1917620765612204
2025,01,POL.4.19_1,0.08699471192531358,0.18437291727865218
2025,01,POL.4.1_1,0.03168027796489127,0.15731462925851705
2025,01,POL.4.20_1,0.07978249236854137,0.1884081024805196
2025,01,POL.4.21_1,0.12860196339002924,0.18032115045543756
2025,01,POL.4.22_1,0.10027779925696279,0.18104797774135703
2025,01,POL.4.23_1,0.03430795101871429,0.18837675350701397
2025,01,POL.4.24_1,0.13754535244070568,0.1772266074157341
2025,01,POL.4.2_1,0.15668473367637262,0.1818989729174145
2025,01,POL.4.3_1,0.1324736015238357,0.17673445516318406
2025,01,POL.4.4_1,0.03342479158883793,0.1773547094188377
2025,01,POL.4.5_1,0.13685543188359503,0.17475056281340115
2025,01,POL.4.6_1,0.09696147085394981,0.1660767893816157
2025,01,POL.4.7_1,0.09088285264000695,0.16776615726083588
2025,01,POL.4.8_1,0.10990815812786373,0.17018439579264422
2025,01,POL.4.9_1,0.11160298574400576,0.17717449215175649
2025,01,POL.5.10_1,0.06159323902444983,0.19192270116163346
2025,01,POL.5.11_1,0.10736692349855483,0.18477421388564821
2025,01,POL.5.12_1,0.11393064533450402,0.18769396998380194
2025,01,POL.5.13_1,0.033992703532526855,0.18436873747494983
2025,01,POL.5.14_1,0.10986137188377058,0.19604605460174268
2025,01,POL.5.1_1,0.03640691707804979,0.21743486973947893
2025,01,POL.5.2_1,0.09638833548699074,0.19548090781117855
2025,01,POL.5.3_1,0.0944905997064683,0.1861408198188504
2025,01,POL.5.4_1,0.08688008538866615,0.18416515915256143
2025,01,POL.5.5_1,0.10186679681182102,0.18954793796933156
2025,01,POL.5.6_1,0.07861394361895728,0.18126079371166012
2025,01,POL.5.7_1,0.07805845497774862,0.17810713828707045
2025,01,POL.5.8_1,0.07943528166614688,0.18599120524848467
2025,01,POL.5.9_1,0.08612550487513153,0.17985780257876222
2025,01,POL.6.10_1,0.08504769846721541,0.10463040418000845
2025,01,POL.6.11_1,0.029525942839218153,0.13527054108216433
2025,01,POL.6.12_1,0.11804931764685311,0.11198513995985092
2025,01,POL.6.13_1,0.10430517950599362,0.09857295430272597
2025,01,POL.6.14_1,0.0760077915465538,0.1320701551134966
2025,01,POL.6.15_1,0.09558536570800921,0.1377625359901933
2025,01,POL.6.16_1,0.07612761256273184,0.13234709861907332
2025,01,POL.6.17_1,0.08460421246254149,0.10343181043107047
2025,01,POL.6.18_1,0.0320444128941867,0.16132264529058118
2025,01,POL.6.19_1,0.12294193631651265,0.12325023204030675
2025,01,POL.6.1_1,0.09123173638081468,0.12340717261386576
2025,01,POL.6.20_1,0.05260331272835299,0.0723205066665523
2025,01,POL.6.21_1,0.09664885583795596,0.12399425610035292
2025,01,POL.6.22_1,0.06661001303893485,0.12132603843902949
2025,01,POL.6.2_1,0.08045371714003682,0.1254006248144888
2025,01,POL.6.3_1,0.06672512504564052,0.12173233151645756
2025,01,POL.6.4_1,0.08346465049107421,0.13610089407703135
2025,01,POL.6.5_1,0.09292834013133525,0.11355095554212105
2025,01,POL.6.6_1,0.029316341692963904,0.13326653306613226
2025,01,POL.6.7_1,0.13076260108249932,0.13395008136307218
2025,01,POL.6.8_1,0.09176339949350412,0.0885592875836359
2025,01,POL.6.9_1,0.08151461744693506,0.12856668906737684
2025,01,POL.7.10_1,0.0800617701635697,0.14960788878889122
2025,01,POL.7.11_1,0.10764881614690132,0.16147086960157603
2025,01,POL.7.12_1,0.12360686668482401,0.16405523662416732
2025,01,POL.7.13_1,0.10695665374093957,0.15881505440049665
2025,01,POL.7.14_1,0.08306448178524699,0.1636841440136945
2025,01,POL.7.15_1,0.031401891445194445,0.15430861723446895
2025,01,POL.7.16_1,0.11075035878652872,0.15326784732466248
2025,01,POL.7.17_1,0.11120147226078692,0.15463477899420344
2025,01,POL.7.18_1,0.09681276592125965,0.165807315786361
2025,01,POL.7.19_1,0.08226141109088822,0.16000014288119044
2025,01,POL.7.1_1,0.08147362843877629,0.15621501288450348
2025,01,POL.7.20_1,0.034463112698266296,0.19038076152304603
2025,01,POL.7.21_1,0.13182345752973879,0.1590213886887373
2025,01,POL.7.22_1,0.12108286437963026,0.17525469597835666
2025,01,POL.7.23_1,0.0906073440970008,0.21352842137829722
2025,01,POL.7.24_1,0.09003334344968997,0.1650171075023468
2025,01,POL.7.25_1,0.09060447374963618,0.1403497527734094
2025,01,POL.7.26_1,0.08816347616173281,0.15591636085288096
2025,01,POL.7.27_1,0.032312359793050985,0.16432865731462928
2025,01,POL.7.28_1,0.11921419371204516,0.14855381652007685
2025,01,POL.7.29_1,0.032749403036772644,0.16933867735470945
2025,01,POL.7.2_1,0.10180555676085128,0.16166242635063144
2025,01,POL.7.30_1,0.11916549219169435,0.14835954889061326
2025,01,POL.7.31_1,0.08814879721437449,0.1556781076707041
2025,01,POL.7.32_1,0.0952437582951811,0.15880319964848919
2025,01,POL.7.33_1,0.10172340481804348,0.16123574608681573
2025,01,POL.7.34_1,0.07249072831165555,0.14824788113828685
2025,01,POL.7.35_1,0.09111148768088227,0.16896304560281428
2025,01,POL.7.36_1,0.035141621929537986,0.19939879759519044
2025,01,POL.7.37_1,0.10081286223777468,0.15724678464427597
2025,01,POL.7.38_1,0.12426934515849704,0.1877629233431469
2025,01,POL.7.39_1,0.08138296361737961,0.15587479614136365
2025,01,POL.7.3_1,0.12597856218388745,0.15503357185485098
2025,01,POL.7.40_1,0.08330716731961275,0.1651042146548868
2025,01,POL.7.41_1,0.070616938024824,0.13898382730109782
2025,01,POL.7.42_1,0.07577878809288352,0.1658218556901522
2025,01,POL.7.4_1,0.07444651982991869,0.15849243872335608
2025,01,POL.7.5_1,0.0879109263118576,0.1946679598612728
2025,01,POL.7.6_1,0.10563190999318002,0.1538795015262163
2025,01,POL.7.7_1,0.08632694989865679,0.1479402183418037
2025,01,POL.7.8_1,0.0790712855543231,0.18402337028450944
2025,01,POL.7.9_1,0.07683000026609979,0.13535819403928034
2025,01,POL.8.10_1,0.12673682390931137,0.17332572959046524
2025,01,POL.8.11_1,0.06679376093560689,0.16253864742761018
2025,01,POL.8.12_1,0.092147692986254,0.17442885956201098
2025,01,POL.8.1_1,0.08473640823310759,0.17364052450292536
2025,01,POL.8.2_1,0.06624818329004878,0.15809841295501906
2025,01,POL.8.3_1,0.0861828298313806,0.18029590813509294
2025,01,POL.8.4_1,0.06931796449807012,0.1769836753144187
2025,01,POL.8.5_1,0.07648330158563633,0.1688871957721046
2025,01,POL.8.6_1,0.07851046206402715,0.18052265893349287
2025,01,POL.8.7_1,0.10199585373713135,0.16151876495106218
2025,01,POL.8.8_1,0.09357994364522622,0.18151484073131563
2025,01,POL.8.9_1,0.03506779486511011,0.1983967935871743
2025,01,POL.9.10_1,0.07486832279073867,0.16077909022110226
2025,01,POL.9.11_1,0.07668131349329262,0.17004678366640671
2025,01,POL.9.12_1,0.09625716937157953,0.16309287241009368
2025,01,POL.9.13_1,0.11016522597989549,0.17123372720950514
2025,01,POL.9.14_1,0.0920993615125221,0.17346028994843515
2025,01,POL.9.15_1,0.030039419784473328,0.1402805611222445
2025,01,POL.9.16_1,0.10835111253309807,0.164281543573887
2025,01,POL.9.17_1,0.10885130905779863,0.19629286129402723
2025,01,POL.9.18_1,0.07530347432308923,0.1626056595866038
2025,01,POL.9.19_1,0.035859149967226014,0.20941883767535066
2025,01,POL.9.1_1,0.05531495046871414,0.147455383816746
2025,01,POL.9.20_1,0.12843522707344035,0.16270264903157242
2025,01,POL.9.21_1,0.09462715450502193,0.1562327948126234
2025,01,POL.9.22_1,0.08417153688514804,0.16948799057687827
2025,01,POL.9.23_1,0.07438170716884837,0.15757056485828183
2025,01,POL.9.24_1,0.033912851052170935,0.1833667334669339
2025,01,POL.9.25_1,0.06718242976019706,0.163763743795277
2025,01,POL.9.2_1,0.08113094795763587,0.15445763451136427
2025,01,POL.9.3_1,0.08911308245533323,0.15986577437977614
2025,01,POL.9.4_1,0.1187389673433414,0.18792082581224132
2025,01,POL.9.5_1,0.10568199777162324,0.15414347756033256
2025,01,POL.9.6_1,0.08332626451593332,0.1650345888553874
2025,01,POL.9.7_1,0.040419255322054315,0.28957915831663317
2025,01,POL.9.8_1,0.10880339778723704,0.16810860211911224
2025,01,POL.9.9_1,0.09190210181274065,0.17389098969545383
2025,01,PRT.1.10_1,0.13195291287377908,0.467315278719808
2025,01,PRT.1.11_1,0.09356274574766694,0.5581635192017711
2025,01,PRT.1.12_1,0.20633618661401185,0.4822781948472204
2025,01,PRT.1.13_1,0.11522049035409442,0.5062012960836576
2025,01,PRT.1.14_1,0.13370375829387224,0.5261824397924526
2025,01,PRT.1.15_1,0.26694037005470617,0.5237554345811801
2025,01,PRT.1.16_1,0.04437875231866447,0.4238476953907815
2025,01,PRT.1.17_1,0.13669330580392566,0.41351315385039966
2025,01,PRT.1.18_1,0.15762863822773415,0.5185934235910092
2025,01,PRT.1.19_1,0.13592297422860458,0.401758978843482
2025,01,PRT.1.1_1,0.21242161802037246,0.5012362077685242
2025,01,PRT.1.2_1,0.132888248288514,0.4871023038424034
2025,01,PRT.1.3_1,0.1832465009584312,0.4962875182137807
2025,01,PRT.1.4_1,0.20183409256185636,0.3763179638351427
2025,01,PRT.1.5_1,0.17709116728373453,0.633168202814407
2025,01,PRT.1.6_1,0.13597769207003063,0.4012345055624442
2025,01,PRT.1.7_1,0.10435256475531522,0.5521307815426589
2025,01,PRT.1.8_1,0.12449014515024281,0.4999032425715761
2025,01,PRT.1.9_1,0.09310419825544543,0.5011360390976298
2025,01,PRT.10.10_1,0.2166576069348283,0.2779877301268507
2025,01,PRT.10.11_1,0.26441356852144826,0.2776637875656766
2025,01,PRT.10.12_1,0.23280935072923137,0.3140209274176117
2025,01,PRT.10.13_1,0.22792488745171063,0.29174374883464854
2025,01,PRT.10.14_1,0.17522467818317794,0.3009275156914907
2025,01,PRT.10.1_1,0.15176875141519322,0.29401876480545563
2025,01,PRT.10.2_1,0.22371484258668065,0.2737568207510461
2025,01,PRT.10.3_1,0.2005120122122891,0.30411675880254263
2025,01,PRT.10.4_1,0.1741806501671998,0.29559036662153776
2025,01,PRT.10.5_1,0.1721726923042037,0.3137565609386063
2025,01,PRT.10.6_1,0.19973897387966155,0.3007964329444163
2025,01,PRT.10.7_1,0.3147632375887371,0.28996537284894025
2025,01,PRT.10.8_1,0.08232432224484412,0.28915694854853624
2025,01,PRT.10.9_1,0.16983725274380537,0.300982907066383
2025,01,PRT.11.10_1,0.08101768886821067,0.5583129937417877
2025,01,PRT.11.11_1,0.08057231266301089,0.5160039787738062
2025,01,PRT.11.12_1,0.14283510591342277,0.5934145094219233
2025,01,PRT.11.13_1,0.07861253577404057,0.42910868717400175
2025,01,PRT.11.14_1,0.06416777316417129,0.4509286743802394
2025,01,PRT.11.15_1,0.19308569865422182,0.459137454919477
2025,01,PRT.11.16_1,0.16816787713427017,0.4528156200517808
2025,01,PRT.11.1_1,0.20386549451952796,0.5580808981403548
2025,01,PRT.11.2_1,0.12156165849300571,0.43057380186430055
2025,01,PRT.11.3_1,0.1275881668369887,0.3915789114333197
2025,01,PRT.11.4_1,0.09228841268173218,0.46533806631101987
2025,01,PRT.11.5_1,0.10524699557443762,0.5303470335703047
2025,01,PRT.11.6_1,0.1915375770607796,0.5412731570426342
2025,01,PRT.11.7_1,0.06216043643372069,0.3803195864289296
2025,01,PRT.11.8_1,0.10155610637415859,0.41810047267733746
2025,01,PRT.11.9_1,0.2563996168045556,0.49438665177691754
2025,01,PRT.12.10_1,0.1522544838226053,0.9820045575560978
2025,01,PRT.12.11_1,0.08348354724075714,0.9932801681846821
2025,01,PRT.12.12_1,0.08903561578783128,0.9994928638592802
2025,01,PRT.12.13_1,0.15142185941371564,0.9953408359086493
2025,01,PRT.12.14_1,0.06316644143142766,0.9263657555977542
2025,01,PRT.12.15_1,0.16704343073280636,0.9814810750037873
2025,01,PRT.12.16_1,0.1244131217995655,0.984921331374263
2025,01,PRT.12.1_1,0.14821239537806982,0.983042241117462
2025,01,PRT.12.2_1,0.08508247943713688,0.9998933505503552
2025,01,PRT.12.3_1,0.06976552184023944,0.9606009282724891
2025,01,PRT.12.4_1,0.11328660811689317,0.9660543433122488
2025,01,PRT.12.5_1,0.11838502908576251,0.9709325137481605
2025,01,PRT.12.6_1,0.05757992582663631,0.9898871336941127
2025,01,PRT.12.7_1,0.1474978271916076,0.9999999947753053
2025,01,PRT.12.8_1,0.132616233448453,0.9992251003343023
2025,01,PRT.12.9_1,0.11650241635349516,0.9853116933059616
2025,01,PRT.13.10_1,0.11601523552031555,0.6533724127118046
2025,01,PRT.13.11_1,0.08068673684549296,0.6360264881783487
2025,01,PRT.13.1_1,0.13387710241477185,0.6978988574075161
2025,01,PRT.13.2_1,0.1053925721902837,0.6623751474765398
2025,01,PRT.13.3_1,0.1368512948090869,0.8946981495694007
2025,01,PRT.13.4_1,0.10480259107529534,0.6861085143537375
2025,01,PRT.13.5_1,0.06455464632234299,0.644808296670967
2025,01,PRT.13.6_1,0.0935054639243552,0.6630339836495311
2025,01,PRT.13.7_1,0.04347029924182281,0.6202404809619239
2025,01,PRT.13.8_1,0.09376242323545012,0.6556709480599311
2025,01,PRT.13.9_1,0.10491579937926197,0.6856864719800232
2025,01,PRT.14.10_1,0.08856694618089954,0.3744001045612238
2025,01,PRT.14.11_1,0.09006494870022265,0.40369394771845996
2025,01,PRT.14.12_1,0.14454906884419966,0.4113040956457001
2025,01,PRT.14.13_1,0.1223769633181001,0.44770282502996156
2025,01,PRT.14.14_1,0.14148858213455145,0.3724980385298248
2025,01,PRT.14.15_1,0.09218027028596695,0.45721959318420197
2025,01,PRT.14.1_1,0.09112978951046327,0.4289443189865631
2025,01,PRT.14.2_1,0.0768623656437712,0.3886928298225698
2025,01,PRT.14.3_1,0.1299687472874497,0.43497817137037725
2025,01,PRT.14.4_1,0.07743966005495043,0.4027428947621027
2025,01,PRT.14.5_1,0.08859910209294425,0.3777189016647841
2025,01,PRT.14.6_1,0.11045241993149303,0.3980346840316106
2025,01,PRT.14.7_1,0.15378787180087664,0.44159350181862606
2025,01,PRT.14.8_1,0.07657951177472559,0.37758391763492205
2025,01,PRT.14.9_1,0.10093609106129434,0.40608669101457356
2025,01,PRT.15.10_1,0.20756826950258234,0.9327787831324815
2025,01,PRT.15.11_1,0.26858018332548383,0.9240377852779893
2025,01,PRT.15.12_1,0.09942673241896369,0.999914178671033
2025,01,PRT.15.13_1,0.12248873148365241,0.9632818017555029
2025,01,PRT.15.14_1,0.20969714276196688,0.9254012364554773
2025,01,PRT.15.15_1,0.11460897075791791,0.931884376320415
2025,01,PRT.15.16_1,0.0890366581327616,0.9195769771010311
2025,01,PRT.15.17_1,0.22673206080215974,0.9531384108395135
2025,01,PRT.15.18_1,0.18963127679210376,0.9868421844299764
2025,01,PRT.15.1_1,0.288504218518026,0.8655363801764941
2025,01,PRT.15.2_1,0.20824569836860032,0.8082076490924992
2025,01,PRT.15.3_1,0.25157470441618646,0.8947712129316625
2025,01,PRT.15.4_1,0.1404677119103279,0.9451282814283548
2025,01,PRT.15.5_1,0.21858983477619012,0.9088309603791824
2025,01,PRT.15.6_1,0.1631513692289778,0.965489401428569
2025,01,PRT.15.7_1,0.25002127296774274,0.8823723295519755
2025,01,PRT.15.8_1,0.10997481036268637,0.9927824375677482
2025,01,PRT.15.9_1,0.173169485607012,0.9061051000202466
2025,01,PRT.16.10_1,0.06403064478116212,0.4400911937922818
2025,01,PRT.16.11_1,0.13751148683754102,0.41766681160678504
2025,01,PRT.16.12_1,0.06476279754934502,0.524304457352662
2025,01,PRT.16.13_1,0.13004041468934135,0.43151640898608823
2025,01,PRT.16.14_1,0.19927939969899253,0.46227097720727667
2025,01,PRT.16.15_1,0.17820209574739576,0.518838519106465
2025,01,PRT.16.16_1,0.11403541725087074,0.47455337523588415
2025,01,PRT.16.17_1,0.25325961415116843,0.5333937470488577
2025,01,PRT.16.18_1,0.09026917405899508,0.41073640520212507
2025,01,PRT.16.19_1,0.1872629658231617,0.45914480203569175
2025,01,PRT.16.1_1,0.20275945837311357,0.44513540865623075
2025,01,PRT.16.20_1,0.19605425875386706,0.5302824399971933
2025,01,PRT.16.21_1,0.10355009649857187,0.465310943439783
2025,01,PRT.16.2_1,0.14878257837972225,0.48301986004610964
2025,01,PRT.16.3_1,0.09233795852268674,0.47620487071691986
2025,01,PRT.16.4_1,0.04413106412376043,0.408817635270541
2025,01,PRT.16.5_1,0.09268437244805977,0.473939405250241
2025,01,PRT.16.6_1,0.1330771447299823,0.49751625523035825
2025,01,PRT.16.7_1,0.12266917263336269,0.4552640263432954
2025,01,PRT.16.8_1,0.0797677983207466,0.46836428742417185
2025,01,PRT.16.9_1,0.1308136086239681,0.44215268137321495
2025,01,PRT.17.10_1,0.11620075837672819,0.6244842530159775
2025,01,PRT.17.11_1,0.08103667080269364,0.5750084547458126
2025,01,PRT.17.12_1,0.1257381736029661,0.560038812581942
2025,01,PRT.17.13_1,0.06508569953429455,0.500695719145636
2025,01,PRT.17.1_1,0.1128774880495087,0.4540767591811846
2025,01,PRT.17.2_1,0.08009987105308108,0.5576912397410456
2025,01,PRT.17.3_1,0.14826229404711744,0.845554992081174
2025,01,PRT.17.4_1,0.12701141010918063,0.8153810645640587
2025,01,PRT.17.5_1,0.10407602362917867,0.4920576443883148
2025,01,PRT.17.6_1,0.11350777702402545,0.6940100915759675
2025,01,PRT.17.7_1,0.1343417929458784,0.556615395597591
2025,01,PRT.17.8_1,0.10473170932098745,0.5057170800142959
2025,01,PRT.17.9_1,0.1563950366018418,0.48689508689619354
2025,01,PRT.18.10_1,0.1814378828073844,0.4612448611960492
2025,01,PRT.18.1_1,0.3262539819801564,0.38669322691162883
2025,01,PRT.18.2_1,0.21202653834759566,0.5157840691013389
2025,01,PRT.18.3_1,0.18665639283862845,0.34246588022354935
2025,01,PRT.18.4_1,0.2650476574851546,0.41236904674410096
2025,01,PRT.18.5_1,0.20850071392364047,0.3885357403777479
2025,01,PRT.18.6_1,0.2282367557886632,0.39399241429737986
2025,01,PRT.18.7_1,0.3326004017531555,0.427876145570747
2025,01,PRT.18.8_1,0.18586548182041615,0.43818526032310595
2025,01,PRT.18.9_1,0.2941298475175142,0.5147963440472255
2025,01,PRT.19.10_1,0.16951192338921758,0.3352372704679645
2025,01,PRT.19.11_1,0.13960853968115583,0.36573241305036874
2025,01,PRT.19.12_1,0.23631098452481886,0.29409841029064265
2025,01,PRT.19.13_1,0.18181864387355443,0.3091284237156285
2025,01,PRT.19.14_1,0.23937142222456956,0.3294183818912556
2025,01,PRT.19.1_1,0.19016060894823467,0.3318735579082877
2025,01,PRT.19.2_1,0.16932491042970607,0.29775687768032727
2025,01,PRT.19.3_1,0.30302202178847165,0.2922373942298938
2025,01,PRT.19.4_1,0.11442215128490728,0.346731359087309
2025,01,PRT.19.5_1,0.12005923838766143,0.3101534372820998
2025,01,PRT.19.6_1,0.24484064850395523,0.2703292300788108
2025,01,PRT.19.7_1,0.12644967841233934,0.299020127506037
2025,01,PRT.19.8_1,0.15382939546910088,0.373130596174445
2025,01,PRT.19.9_1,0.11280991039575132,0.31606560513468135
2025,01,PRT.2.10_1,0.21706133568311542,0.822676838930801
2025,01,PRT.2.11_1,0.11503756298755556,0.7025087634742612
2025,01,PRT.2.12_1,0.15449125639636824,0.772671692056832
2025,01,PRT.2.13_1,0.17797628053088518,0.7253436442861276
2025,01,PRT.2.15_1,0.08052817410511609,0.6463619224301533
2025,01,PRT.2.16_1,0.10530649228488524,0.6615701693159863
2025,01,PRT.2.19_1,0.10316393536293827,0.7406394821483874
2025,01,PRT.2.1_1,0.16014668214045882,0.8033273319539309
2025,01,PRT.2.4_1,0.1490367270849013,0.7374173342932816
2025,01,PRT.2.5_1,0.0922097619236929,0.7214215720533261
2025,01,PRT.2.6_1,0.04481600969971238,0.5340681362725451
2025,01,PRT.2.7_1,0.08071551909902651,0.6324488417252524
2025,01,PRT.2.8_1,0.11514873796974695,0.7018923139341514
2025,01,PRT.2.9_1,0.1427978586817191,0.6788140090501772
2025,01,PRT.20.10_1,0.1565860277488211,0.3872687311899094
2025,01,PRT.20.11_1,0.15499099677544495,0.3155865553061841
2025,01,PRT.20.12_1,0.12370646254234093,0.27855370867202456
2025,01,PRT.20.13_1,0.16460689081804514,0.3048546641406767
2025,01,PRT.20.14_1,0.13573878232005124,0.3959832908597449
2025,01,PRT.20.15_1,0.15766428003252336,0.29375435842766295
2025,01,PRT.20.16_1,0.19342171834638278,0.3519466589256701
2025,01,PRT.20.17_1,0.15010276385045387,0.32737467615671106
2025,01,PRT.20.18_1,0.17025080703872883,0.2725637833676376
2025,01,PRT.20.19_1,0.17714916995662772,0.31256317063086386
2025,01,PRT.20.1_1,0.1886649647537343,0.31878383138474226
2025,01,PRT.20.20_1,0.1343840816080522,0.30606842621754404
2025,01,PRT.20.21_1,0.23061411553636507,0.3773243220616291
2025,01,PRT.20.22_1,0.1157149083019265,0.3453554920310577
2025,01,PRT.20.23_1,0.26374405646763505,0.3774844230372518
2025,01,PRT.20.24_1,0.15147654174576483,0.33800923142089656
2025,01,PRT.20.2_1,0.11911886102169993,0.3907254510460442
2025,01,PRT.20.3_1,0.20048235035570267,0.3038270757238723
2025,01,PRT.20.4_1,0.17778614102649773,0.3168836070739613
2025,01,PRT.20.5_1,0.2110875415992297,0.313256044302696
2025,01,PRT.20.6_1,0.18900017902885632,0.3578836818983358
2025,01,PRT.20.7_1,0.19194746757303563,0.30972261622414887
2025,01,PRT.20.8_1,0.14607692617335205,0.43362773733121035
2025,01,PRT.20.9_1,0.13743713945236846,0.4168594193233122
2025,01,PRT.3.10_1,0.1300341842579376,0.43109894465352244
2025,01,PRT.3.11_1,0.19659739897055234,0.5278906436826877
2025,01,PRT.3.12_1,0.11349344463196635,0.45897932759454085
2025,01,PRT.3.13_1,0.12217394682806258,0.44730608522774284
2025,01,PRT.3.14_1,0.09084246936425783,0.42618778730854406
2025,01,PRT.3.1_1,0.10387840881471047,0.47303840182774787
2025,01,PRT.3.2_1,0.12978139093056215,0.4254496796243651
2025,01,PRT.3.3_1,0.06345625824394212,0.42071655309451655
2025,01,PRT.3.4_1,0.040188892316868625,0.2845691382765531
2025,01,PRT.3.5_1,0.19961147259977183,0.4851704077028332
2025,01,PRT.3.6_1,0.10304267230273637,0.4470103041460462
2025,01,PRT.3.7_1,0.09171725601553636,0.44337986909411514
2025,01,PRT.3.8_1,0.11376731732770333,0.46200924274876076
2025,01,PRT.3.9_1,0.13768200230308372,0.4224453458475486
2025,01,PRT.4.10_1,0.1848130407839886,0.3679739251677394
2025,01,PRT.4.11_1,0.20035183946590218,0.33144579994497136
2025,01,PRT.4.12_1,0.3334490646788813,0.494030098990511
2025,01,PRT.4.13_1,0.35428611669522014,0.4227280228397868
2025,01,PRT.4.14_1,0.12042676631539988,0.41134785976970334
2025,01,PRT.4.1_1,0.22686914283762066,0.42860494878764427
2025,01,PRT.4.2_1,0.449954752722212,0.4830954135474462
2025,01,PRT.4.3_1,0.3685002123260799,0.5219683740533526
2025,01,PRT.4.4_1,0.17897727374743688,0.3259535735628436
2025,01,PRT.4.5_1,0.205640543719227,0.3329928706329953
2025,01,PRT.4.6_1,0.14927172802681765,0.4974734708584315
2025,01,PRT.4.7_1,0.2724307880083115,0.37908115239132756
2025,01,PRT.4.8_1,0.3916872947916902,0.45407386388975385
2025,01,PRT.4.9_1,0.24549398054025834,0.3886535421920579
2025,01,PRT.5.10_1,0.180948463498505,0.2766300193027477
2025,01,PRT.5.11_1,0.15422223833972454,0.27337424917544995
2025,01,PRT.5.12_1,0.23748939355807114,0.24517156273663468
2025,01,PRT.5.1_1,0.1859978140827069,0.27744489177989007
2025,01,PRT.5.2_1,0.28460752450908644,0.25257233443675264
2025,01,PRT.5.3_1,0.18520913875418937,0.2990094936750451
2025,01,PRT.5.4_1,0.10320412990996596,0.3066024567811227
2025,01,PRT.5.5_1,0.2548491160386824,0.2679661985979336
2025,01,PRT.5.6_1,0.17306381264233128,0.28928760715693663
2025,01,PRT.5.7_1,0.25976070778339716,0.29893382258682066
2025,01,PRT.5.8_1,0.2187508405783339,0.2702544291843134
2025,01,PRT.5.9_1,0.1753502411328896,0.3013107822572081
2025,01,PRT.6.10_1,0.0782492176619419,0.4204339282319051
2025,01,PRT.6.11_1,0.0901268396130525,0.4036373737823144
2025,01,PRT.6.1_1,0.09423227874751074,0.30724379809324337
2025,01,PRT.6.2_1,0.22556494090775625,0.37303488122337036
2025,01,PRT.6.3_1,0.24748081655785575,0.35275744703455947
2025,01,PRT.6.4_1,0.24710835604676173,0.34645172189218987
2025,01,PRT.6.5_1,0.18207409840062466,0.3478192469534515
2025,01,PRT.6.6_1,0.1548688000320897,0.36901038601554814
2025,01,PRT.6.7_1,0.15251443050134653,0.34844395463224853
2025,01,PRT.6.8_1,0.10837274863061215,0.36577959262822846
2025,01,PRT.6.9_1,0.16994566338384678,0.39829024724012313
2025,01,PRT.7.10_1,0.17670369436973807,0.48478717551876094
2025,01,PRT.7.11_1,0.203408249840948,0.3522605235307562
2025,01,PRT.7.12_1,0.14102496061042108,0.3685596851205301
2025,01,PRT.7.13_1,0.15334196749565668,0.43162517064108535
2025,01,PRT.7.14_1,0.11087382211046316,0.40338515215341514
2025,01,PRT.7.15_1,0.16169165464460414,0.45675950580962593
2025,01,PRT.7.16_1,0.17630442266396673,0.3951431072891519
2025,01,PRT.7.17_1,0.08928679743169632,0.3892647979730029
2025,01,PRT.7.1_1,0.19037397426591787,0.3689981569950123
2025,01,PRT.7.2_1,0.20665286551184997,0.4901217082212722
2025,01,PRT.7.3_1,0.26257159002621416,0.564543249228078
2025,01,PRT.7.4_1,0.14590141881121357,0.4432800940496238
2025,01,PRT.7.5_1,0.19717802334302983,0.5476237774103063
2025,01,PRT.7.6_1,0.09952194674686932,0.3793903811562084
2025,01,PRT.7.7_1,0.11108881691013946,0.406742257578996
2025,01,PRT.7.8_1,0.09289776501172081,0.48204237391086724
2025,01,PRT.7.9_1,0.0992850385737676,0.37521478897458854
2025,01,PRT.8.10_1,0.06309649825124096,0.4061839105190955
2025,01,PRT.8.11_1,0.10264853994494237,0.4390927007069923
2025,01,PRT.8.12_1,0.06454708974542236,0.4655042016877965
2025,01,PRT.8.13_1,0.07842237463850223,0.4339123233143181
2025,01,PRT.8.14_1,0.10043803353068058,0.49032422866567427
2025,01,PRT.8.1_1,0.11117307643835807,0.41009682268597875
2025,01,PRT.8.2_1,0.12087192004665866,0.42440227463183916
2025,01,PRT.8.3_1,0.0899938864924503,0.43511223462407683
2025,01,PRT.8.4_1,0.16431122591221248,0.40800080619814355
2025,01,PRT.8.5_1,0.2018203254625107,0.5700054131029432
2025,01,PRT.8.6_1,0.14700944403397478,0.4496646876880061
2025,01,PRT.8.7_1,0.09035190246475758,0.4138757588125022
2025,01,PRT.8.8_1,0.07715301639247188,0.39694604064078
2025,01,PRT.8.9_1,0.1279299305513921,0.40062372099744586
2025,01,PRT.9.10_1,0.07445911782194616,0.9455376094713928
2025,01,PRT.9.11_1,0.07328014462487348,0.8309999817964521
2025,01,PRT.9.12_1,0.04185264256153235,0.6733466933867736
2025,01,PRT.9.13_1,0.11448815723004234,0.8762431792239416
2025,01,PRT.9.14_1,0.1280091010302569,0.9073793520914661
2025,01,PRT.9.15_1,0.0912685450415976,0.9036689625677112
2025,01,PRT.9.16_1,0.07334593813104132,0.8299781498381154
2025,01,PRT.9.1_1,0.0716805158408995,0.8520920623074314
2025,01,PRT.9.2_1,0.10225943463737493,0.7648407286964852
2025,01,PRT.9.3_1,0.08518820894655352,0.8513069503554946
2025,01,PRT.9.4_1,0.08806810034950578,0.809314450548495
2025,01,PRT.9.5_1,0.09695239038973011,0.9369985571083547
2025,01,PRT.9.6_1,0.07351580381778472,0.8276591692868137
2025,01,PRT.9.7_1,0.09492554154092253,0.8718649259535114
2025,01,PRT.9.8_1,0.14988089753977304,0.8396324089423849
2025,01,PRT.9.9_1,0.07495421850315784,0.8051170101070103
2025,01,ROU.1.10_1,0.025066483999070372,0.09719438877755508
2025,01,ROU.1.11_1,0.02973311619184009,0.1372745490981964
2025,01,ROU.1.12_1,0.03063649494716475,0.1462925851703407
2025,01,ROU.1.13_1,0.02609794339476907,0.10521042084168335
2025,01,ROU.1.14_1,0.02878141407824765,0.1282565130260521
2025,01,ROU.1.15_1,0.026715088628979283,0.11022044088176362
2025,01,ROU.1.16_1,0.0276620524538097,0.11823647294589178
2025,01,ROU.1.17_1,0.02742978778947279,0.1162324649298596
2025,01,ROU.1.18_1,0.026470656961829556,0.10821643286573145
2025,01,ROU.1.19_1,0.02777710234462391,0.1192384769539077
2025,01,ROU.1.1_1,0.028781414078247653,0.1282565130260521
2025,01,ROU.1.20_1,0.029210616527828536,0.13226452905811623
2025,01,ROU.1.21_1,0.02800507566323091,0.12124248496993976
2025,01,ROU.1.22_1,0.02942144854834707,0.1342685370741483
2025,01,ROU.1.23_1,0.02777710234462379,0.1192384769539077
2025,01,ROU.1.24_1,0.026956373449295308,0.11222444889779569
2025,01,ROU.1.25_1,0.029525942839218115,0.13527054108216433
2025,01,ROU.1.26_1,0.028118013994733383,0.12224448897795602
2025,01,ROU.1.27_1,0.029629830206987656,0.13627254509018036
2025,01,ROU.1.28_1,0.02811801399473339,0.12224448897795602
2025,01,ROU.1.29_1,0.0271945834982607,0.11422845691382753
2025,01,ROU.1.2_1,0.030039419784473307,0.1402805611222445
2025,01,ROU.1.30_1,0.024254285194864843,0.09118236472945888
2025,01,ROU.1.31_1,0.029316341692963897,0.13326653306613226
2025,01,ROU.1.32_1,0.026715088628979283,0.11022044088176362
2025,01,ROU.1.33_1,0.025972048296596995,0.10420841683366731
2025,01,ROU.1.34_1,0.023549863000128127,0.08617234468937872
2025,01,ROU.1.35_1,0.028452722012509202,0.125250501002004
2025,01,ROU.1.36_1,0.03053838762014669,0.14529058116232466
2025,01,ROU.1.37_1,0.02867250735884827,0.12725450901803606
2025,01,ROU.1.38_1,0.029733116191840138,0.1372745490981964
2025,01,ROU.1.39_1,0.028562945521100114,0.12625250501002003
2025,01,ROU.1.3_1,0.02942144854834706,0.1342685370741483
2025,01,ROU.1.40_1,0.028562945521100083,0.12625250501002003
2025,01,ROU.1.41_1,0.029316341692963904,0.13326653306613226
2025,01,ROU.1.42_1,0.027312557164847505,0.11523046092184368
2025,01,ROU.1.43_1,0.026593270780774413,0.10921843687374748
2025,01,ROU.1.44_1,0.027194583498260667,0.11422845691382753
2025,01,ROU.1.45_1,0.030240712502615518,0.14228456913827656
2025,01,ROU.1.46_1,0.027546283549806497,0.11723446893787574
2025,01,ROU.1.47_1,0.027429787789472786,0.1162324649298596
2025,01,ROU.1.48_1,0.030240712502615525,0.14228456913827656
2025,01,ROU.1.49_1,0.02354986300012816,0.08617234468937872
2025,01,ROU.1.4_1,0.026593270780774413,0.10921843687374748
2025,01,ROU.1.50_1,0.024799594579291737,0.09519038076152302
2025,01,ROU.1.51_1,0.025717710011312567,0.10220440881763525
2025,01,ROU.1.52_1,0.02856294552110011,0.12625250501002003
2025,01,ROU.1.53_1,0.02354986300012812,0.08617234468937872
2025,01,ROU.1.54_1,0.025972048296596946,0.10420841683366731
2025,01,ROU.1.55_1,0.027194583498260712,0.11422845691382753
2025,01,ROU.1.56_1,0.027546283549806497,0.11723446893787574
2025,01,ROU.1.57_1,0.026470656961829573,0.10821643286573145
2025,01,ROU.1.58_1,0.030439724606053674,0.14428857715430862
2025,01,ROU.1.59_1,0.027312557164847505,0.11523046092184368
2025,01,ROU.1.5_1,0.026836119816314626,0.11122244488977955
2025,01,ROU.1.60_1,0.029937905682365845,0.13927855711422846
2025,01,ROU.1.61_1,0.02597204829659693,0.10420841683366731
2025,01,ROU.1.62_1,0.024799594579291786,0.09519038076152302
2025,01,ROU.1.63_1,0.031772059081379034,0.15831663326653309
2025,01,ROU.1.64_1,0.030039419784473262,0.1402805611222445
2025,01,ROU.1.65_1,0.025972048296596956,0.10420841683366731
2025,01,ROU.1.66_1,0.0291042672011938,0.1312625250501002
2025,01,ROU.1.67_1,0.02834183015253205,0.12424849699398798
2025,01,ROU.1.68_1,0.027194583498260788,0.11422845691382753
2025,01,ROU.1.69_1,0.022668520299846465,0.08016032064128252
2025,01,ROU.1.6_1,0.022365383809134158,0.07815631262525045
2025,01,ROU.1.70_1,0.029525942839218198,0.13527054108216433
2025,01,ROU.1.71_1,0.02899728775202698,0.13026052104208416
2025,01,ROU.1.72_1,0.02634723765249562,0.10721442885771541
2025,01,ROU.1.73_1,0.02899728775202698,0.13026052104208416
2025,01,ROU.1.74_1,0.026470656961829566,0.10821643286573145
2025,01,ROU.1.75_1,0.030636494947164732,0.1462925851703407
2025,01,ROU.1.76_1,0.02719458349826072,0.11422845691382753
2025,01,ROU.1.7_1,0.02719458349826074,0.11422845691382753
2025,01,ROU.1.8_1,0.02800507566323091,0.12124248496993976
2025,01,ROU.1.9_1,0.029316341692963915,0.13326653306613226
2025,01,ROU.10.1_1,0.039354998432746105,0.26753507014028055
2025,01,ROU.11.10_1,0.035067794865110115,0.1983967935871743
2025,01,ROU.11.11_1,0.028889672107144958,0.12925851703406813
2025,01,ROU.11.12_1,0.031213724766442054,0.1523046092184369
2025,01,ROU.11.13_1,0.030734051240935416,0.14729458917835672
2025,01,ROU.11.14_1,0.03140189144519445,0.15430861723446895
2025,01,ROU.11.15_1,0.03469283266576521,0.19338677354709424
2025,01,ROU.11.16_1,0.030636494947164708,0.1462925851703407
2025,01,ROU.11.17_1,0.029210616527828533,0.13226452905811623
2025,01,ROU.11.18_1,0.028230263129052656,0.12324649298597194
2025,01,ROU.11.19_1,0.03034050117169258,0.1432865731462926
2025,01,ROU.11.1_1,0.04081738689112669,0.2985971943887776
2025,01,ROU.11.20_1,0.030140353701167032,0.14128256513026052
2025,01,ROU.11.21_1,0.027429787789472772,0.1162324649298596
2025,01,ROU.11.22_1,0.03399270353252686,0.18436873747494983
2025,01,ROU.11.23_1,0.02973311619184007,0.1372745490981964
2025,01,ROU.11.24_1,0.03930344510494174,0.2665330661322645
2025,01,ROU.11.25_1,0.030340501171692527,0.1432865731462926
2025,01,ROU.11.26_1,0.033258631329692014,0.17535070140280565
2025,01,ROU.11.27_1,0.030734051240935385,0.14729458917835672
2025,01,ROU.11.28_1,0.03130806837135556,0.15330661322645292
2025,01,ROU.11.29_1,0.03564779446325792,0.20641282565130267
2025,01,ROU.11.2_1,0.039199485556694245,0.26452905811623245
2025,01,ROU.11.30_1,0.03491898199281638,0.19639278557114234
2025,01,ROU.11.31_1,0.03543311767772564,0.20340681362725446
2025,01,ROU.11.32_1,0.03667237233065547,0.22144288577154306
2025,01,ROU.11.33_1,0.03970800377560492,0.2745490981963928
2025,01,ROU.11.34_1,0.032835411739094406,0.17034068136272537
2025,01,ROU.11.35_1,0.025589245220572824,0.10120240480961921
2025,01,ROU.11.36_1,0.03102345930877945,0.15030060120240482
2025,01,ROU.11.37_1,0.03550504892848518,0.2044088176352705
2025,01,ROU.11.38_1,0.028118013994733383,0.12224448897795602
2025,01,ROU.11.39_1,0.04111265751199857,0.3056112224448897
2025,01,ROU.11.3_1,0.03706032411114869,0.22745490981963937
2025,01,ROU.11.40_1,0.026097943394769067,0.10521042084168335
2025,01,ROU.11.41_1,0.03149519806860726,0.155310621242485
2025,01,ROU.11.42_1,0.027777102344623807,0.1192384769539077
2025,01,ROU.11.43_1,0.03849548335707844,0.251503006012024
2025,01,ROU.11.44_1,0.02973311619184015,0.1372745490981964
2025,01,ROU.11.45_1,0.031495198068607295,0.155310621242485
2025,01,ROU.11.46_1,0.04018889231686864,0.2845691382765531
2025,01,ROU.11.47_1,0.03571861272062179,0.2074148296593187
2025,01,ROU.11.48_1,0.029629830206987583,0.13627254509018036
2025,01,ROU.11.49_1,0.03177205908137902,0.15831663326653309
2025,01,ROU.11.4_1,0.02899728775202694,0.13026052104208416
2025,01,ROU.11.50_1,0.02777710234462388,0.1192384769539077
2025,01,ROU.11.51_1,0.028341830152532062,0.12424849699398798
2025,01,ROU.11.52_1,0.03536081141455972,0.20240480961923832
2025,01,ROU.11.53_1,0.031213724766442148,0.1523046092184369
2025,01,ROU.11.54_1,0.03092752895819813,0.1492985971943888
2025,01,ROU.11.55_1,0.030538387620146688,0.14529058116232466
2025,01,ROU.11.56_1,0.028118013994733404,0.12224448897795602
2025,01,ROU.11.57_1,0.032488590249385725,0.16633266533066135
2025,01,ROU.11.58_1,0.032044412894186636,0.16132264529058118
2025,01,ROU.11.59_1,0.03557660719068575,0.20541082164328653
2025,01,ROU.11.5_1,0.031118856483700393,0.15130260521042085
2025,01,ROU.11.60_1,0.03945725720745003,0.2695390781563126
2025,01,ROU.11.61_1,0.03399270353252686,0.18436873747494983
2025,01,ROU.11.62_1,0.03274940303677257,0.16933867735470945
2025,01,ROU.11.63_1,0.03446311269826626,0.19038076152304603
2025,01,ROU.11.64_1,0.03292096135954537,0.17134268537074152
2025,01,ROU.11.65_1,0.033006055047180224,0.17234468937875744
2025,01,ROU.11.66_1,0.03334193188399731,0.17635270541082157
2025,01,ROU.11.67_1,0.03274940303677266,0.16933867735470945
2025,01,ROU.11.68_1,0.03809553972866256,0.2444889779559117
2025,01,ROU.11.69_1,0.030636494947164746,0.1462925851703407
2025,01,ROU.11.6_1,0.027075858437251833,0.1132264529058115
2025,01,ROU.11.70_1,0.030734051240935402,0.14729458917835672
2025,01,ROU.11.71_1,0.028230263129052656,0.12324649298597194
2025,01,ROU.11.72_1,0.040047472526148736,0.2815631262525049
2025,01,ROU.11.73_1,0.034463112698266296,0.19038076152304603
2025,01,ROU.11.74_1,0.033589199970617066,0.17935871743486978
2025,01,ROU.11.75_1,0.03248859024938572,0.16633266533066135
2025,01,ROU.11.76_1,0.03300605504718019,0.17234468937875744
2025,01,ROU.11.77_1,0.03914707730058033,0.2635270541082164
2025,01,ROU.11.78_1,0.038607032184734394,0.2535070140280561
2025,01,ROU.11.79_1,0.03383257713374818,0.18236472945891777
2025,01,ROU.11.7_1,0.029316341692963908,0.13326653306613226
2025,01,ROU.11.80_1,0.03930344510494175,0.2665330661322645
2025,01,ROU.11.81_1,0.028341830152532076,0.12424849699398798
2025,01,ROU.11.82_1,0.030439724606053674,0.14428857715430862
2025,01,ROU.11.83_1,0.029210616527828526,0.13226452905811623
2025,01,ROU.11.84_1,0.02952594283921819,0.13527054108216433
2025,01,ROU.11.85_1,0.03786023254001071,0.24048096192384757
2025,01,ROU.11.8_1,0.04064303594748162,0.29458917835671344
2025,01,ROU.11.9_1,0.027662052453809635,0.11823647294589178
2025,01,ROU.12.10_1,0.036473799852391575,0.21843687374749496
2025,01,ROU.12.11_1,0.034463112698266275,0.19038076152304603
2025,01,ROU.12.12_1,0.03438573496541059,0.1893787575150301
2025,01,ROU.12.13_1,0.04135593101323889,0.3116232464929859
2025,01,ROU.12.14_1,0.03528812808980182,0.2014028056112225
2025,01,ROU.12.15_1,0.04151315560969298,0.31563126252505014
2025,01,ROU.12.16_1,0.041474218392506625,0.314629258517034
2025,01,ROU.12.17_1,0.035141621929538,0.19939879759519044
2025,01,ROU.12.18_1,0.03438573496541056,0.1893787575150301
2025,01,ROU.12.19_1,0.0338325771337482,0.18236472945891777
2025,01,ROU.12.1_1,0.04037371252013142,0.28857715430861725
2025,01,ROU.12.20_1,0.03476860943902882,0.19438877755511016
2025,01,ROU.12.21_1,0.03557660719068573,0.20541082164328653
2025,01,ROU.12.22_1,0.037123809634577384,0.22845691382765518
2025,01,ROU.12.23_1,0.03564779446325792,0.20641282565130267
2025,01,ROU.12.24_1,0.041513155609692994,0.31563126252505014
2025,01,ROU.12.25_1,0.033832577133748126,0.18236472945891777
2025,01,ROU.12.26_1,0.0345400866382659,0.19138276553106218
2025,01,ROU.12.27_1,0.034918981992816456,0.19639278557114234
2025,01,ROU.12.28_1,0.034229758404937326,0.18737474949899793
2025,01,ROU.12.29_1,0.041071235855271435,0.3046092184368738
2025,01,ROU.12.2_1,0.03476860943902885,0.19438877755511016
2025,01,ROU.12.30_1,0.03446311269826629,0.19038076152304603
2025,01,ROU.12.31_1,0.03367075430784951,0.1803607214428857
2025,01,ROU.12.32_1,0.03564779446325794,0.20641282565130267
2025,01,ROU.12.33_1,0.0345400866382659,0.19138276553106218
2025,01,ROU.12.34_1,0.039757320667554705,0.2755511022044088
2025,01,ROU.12.35_1,0.03536081141455972,0.20240480961923832
2025,01,ROU.12.36_1,0.035647794463257935,0.20641282565130267
2025,01,ROU.12.37_1,0.03399270353252684,0.18436873747494983
2025,01,ROU.12.38_1,0.03454008663826591,0.19138276553106218
2025,01,ROU.12.39_1,0.03484399179204101,0.1953907815631263
2025,01,ROU.12.3_1,0.036135880523205294,0.2134268537074148
2025,01,ROU.12.40_1,0.032400712790838004,0.16533066132264532
2025,01,ROU.12.41_1,0.0345400866382659,0.19138276553106218
2025,01,ROU.12.42_1,0.0339927035325268,0.18436873747494983
2025,01,ROU.12.43_1,0.035718612720621726,0.2074148296593187
2025,01,ROU.12.44_1,0.040419255322054294,0.28957915831663317
2025,01,ROU.12.45_1,0.04123541661552885,0.3086172344689379
2025,01,ROU.12.46_1,0.034307951018714276,0.18837675350701397
2025,01,ROU.12.47_1,0.03514162192953801,0.19939879759519044
2025,01,ROU.12.48_1,0.040554307228194766,0.2925851703406814
2025,01,ROU.12.49_1,0.035505048928485175,0.2044088176352705
2025,01,ROU.12.4_1,0.034843991792041,0.1953907815631263
2025,01,ROU.12.50_1,0.03446311269826631,0.19038076152304603
2025,01,ROU.12.51_1,0.03469283266576521,0.19338677354709424
2025,01,ROU.12.52_1,0.03484399179204089,0.1953907815631263
2025,01,ROU.12.53_1,0.03499358228034874,0.19739478957915838
2025,01,ROU.12.5_1,0.03680304076042709,0.22344689378757523
2025,01,ROU.12.6_1,0.033992703532526834,0.18436873747494983
2025,01,ROU.12.7_1,0.03585914996722602,0.20941883767535066
2025,01,ROU.12.8_1,0.0324885902493857,0.16633266533066135
2025,01,ROU.12.9_1,0.03300605504718017,0.17234468937875744
2025,01,ROU.13.10_1,0.023975643714878845,0.08917835671342682
2025,01,ROU.13.11_1,0.029525942839218198,0.13527054108216433
2025,01,ROU.13.12_1,0.028562945521100086,0.12625250501002003
2025,01,ROU.13.13_1,0.026593270780774413,0.10921843687374748
2025,01,ROU.13.14_1,0.029104267201193766,0.1312625250501002
2025,01,ROU.13.15_1,0.025972048296596963,0.10420841683366731
2025,01,ROU.13.16_1,0.030734051240935388,0.14729458917835672
2025,01,ROU.13.17_1,0.029210616527828533,0.13226452905811623
2025,01,ROU.13.18_1,0.032835411739094406,0.17034068136272537
2025,01,ROU.13.19_1,0.03140189144519443,0.15430861723446895
2025,01,ROU.13.1_1,0.031401891445194494,0.15430861723446895
2025,01,ROU.13.20_1,0.030039419784473297,0.1402805611222445
2025,01,ROU.13.21_1,0.031495198068607295,0.155310621242485
2025,01,ROU.13.22_1,0.02952594283921821,0.13527054108216433
2025,01,ROU.13.23_1,0.030538387620146698,0.14529058116232466
2025,01,ROU.13.24_1,0.026347237652495616,0.10721442885771541
2025,01,ROU.13.25_1,0.025459901829479208,0.10020040080160318
2025,01,ROU.13.26_1,0.03248859024938574,0.16633266533066135
2025,01,ROU.13.27_1,0.03003941978447324,0.1402805611222445
2025,01,ROU.13.28_1,0.032400712790838,0.16533066132264532
2025,01,ROU.13.29_1,0.032400712790837984,0.16533066132264532
2025,01,ROU.13.2_1,0.023975643714878873,0.08917835671342682
2025,01,ROU.13.30_1,0.02671508862897937,0.11022044088176362
2025,01,ROU.13.31_1,0.02834183015253204,0.12424849699398798
2025,01,ROU.13.32_1,0.03034050117169258,0.1432865731462926
2025,01,ROU.13.33_1,0.02993790568236584,0.13927855711422846
2025,01,ROU.13.34_1,0.03248859024938567,0.16633266533066135
2025,01,ROU.13.35_1,0.030538387620146688,0.14529058116232466
2025,01,ROU.13.36_1,0.028230263129052656,0.12324649298597194
2025,01,ROU.13.37_1,0.03149519806860735,0.155310621242485
2025,01,ROU.13.38_1,0.032835411739094406,0.17034068136272537
2025,01,ROU.13.39_1,0.02811801399473342,0.12224448897795602
2025,01,ROU.13.3_1,0.029835806235238595,0.13827655310621242
2025,01,ROU.13.40_1,0.027891440905278665,0.12024048096192395
2025,01,ROU.13.41_1,0.030439724606053667,0.14428857715430862
2025,01,ROU.13.42_1,0.02834183015253207,0.12424849699398798
2025,01,ROU.13.43_1,0.03014035370116704,0.14128256513026052
2025,01,ROU.13.44_1,0.027891440905278717,0.12024048096192395
2025,01,ROU.13.45_1,0.03300605504718017,0.17234468937875744
2025,01,ROU.13.46_1,0.027429787789472797,0.1162324649298596
2025,01,ROU.13.47_1,0.028452722012509233,0.125250501002004
2025,01,ROU.13.48_1,0.032920961359545496,0.17134268537074152
2025,01,ROU.13.49_1,0.03130806837135557,0.15330661322645292
2025,01,ROU.13.4_1,0.030039419784473328,0.1402805611222445
2025,01,ROU.13.50_1,0.031772059081379034,0.15831663326653309
2025,01,ROU.13.51_1,0.03342479158883793,0.1773547094188377
2025,01,ROU.13.52_1,0.0318633394373778,0.15931863727454912
2025,01,ROU.13.53_1,0.029525942839218205,0.13527054108216433
2025,01,ROU.13.54_1,0.028230263129052656,0.12324649298597194
2025,01,ROU.13.55_1,0.033507213334408086,0.17835671342685364
2025,01,ROU.13.56_1,0.026097943394769067,0.10521042084168335
2025,01,ROU.13.57_1,0.03342479158883793,0.1773547094188377
2025,01,ROU.13.58_1,0.030140353701167032,0.14128256513026052
2025,01,ROU.13.59_1,0.029937905682365835,0.13927855711422846
2025,01,ROU.13.5_1,0.026593270780774413,0.10921843687374748
2025,01,ROU.13.60_1,0.028005075663230898,0.12124248496993976
2025,01,ROU.13.61_1,0.031587992257590215,0.15631262525050102
2025,01,ROU.13.62_1,0.029421448548347058,0.1342685370741483
2025,01,ROU.13.63_1,0.028997287752026903,0.13026052104208416
2025,01,ROU.13.64_1,0.027891440905278737,0.12024048096192395
2025,01,ROU.13.65_1,0.032835411739094406,0.17034068136272537
2025,01,ROU.13.66_1,0.03158799225759018,0.15631262525050102
2025,01,ROU.13.67_1,0.027194583498260733,0.11422845691382753
2025,01,ROU.13.68_1,0.02622300311665722,0.10621242484969938
2025,01,ROU.13.69_1,0.030240712502615518,0.14228456913827656
2025,01,ROU.13.6_1,0.03358919997061701,0.17935871743486978
2025,01,ROU.13.70_1,0.03003941978447328,0.1402805611222445
2025,01,ROU.13.71_1,0.02845272201250927,0.125250501002004
2025,01,ROU.13.72_1,0.027194583498260757,0.11422845691382753
2025,01,ROU.13.73_1,0.032749403036772595,0.16933867735470945
2025,01,ROU.13.74_1,0.03083106107776168,0.14829659318637275
2025,01,ROU.13.75_1,0.03521506562850803,0.20040080160320647
2025,01,ROU.13.76_1,0.022966877399027905,0.08216432865731459
2025,01,ROU.13.77_1,0.02993790568236584,0.13927855711422846
2025,01,ROU.13.7_1,0.03177205908137903,0.15831663326653309
2025,01,ROU.13.8_1,0.03248859024938567,0.16633266533066135
2025,01,ROU.13.9_1,0.03204441289418666,0.16132264529058118
2025,01,ROU.14.10_1,0.026097943394769067,0.10521042084168335
2025,01,ROU.14.11_1,0.025845307393654433,0.10320641282565128
2025,01,ROU.14.12_1,0.024528897602858455,0.09318637274549095
2025,01,ROU.14.13_1,0.025972048296596936,0.10420841683366731
2025,01,ROU.14.14_1,0.02545990182947933,0.10020040080160318
2025,01,ROU.14.15_1,0.02609794339476907,0.10521042084168335
2025,01,ROU.14.16_1,0.02439208779022553,0.09218436873747492
2025,01,ROU.14.17_1,0.027194583498260722,0.11422845691382753
2025,01,ROU.14.18_1,0.021101596360351714,0.07014028056112219
2025,01,ROU.14.19_1,0.026593270780774413,0.10921843687374748
2025,01,ROU.14.1_1,0.02340578745006388,0.08517034068136269
2025,01,ROU.14.20_1,0.027546283549806507,0.11723446893787574
2025,01,ROU.14.21_1,0.02425428519486496,0.09118236472945888
2025,01,ROU.14.22_1,0.026715088628979297,0.11022044088176362
2025,01,ROU.14.23_1,0.025717710011312567,0.10220440881763525
2025,01,ROU.14.24_1,0.025972048296596953,0.10420841683366731
2025,01,ROU.14.25_1,0.026223003116657182,0.10621242484969938
2025,01,ROU.14.26_1,0.026836119816314615,0.11122244488977955
2025,01,ROU.14.27_1,0.027662052453809614,0.11823647294589178
2025,01,ROU.14.28_1,0.026347237652495602,0.10721442885771541
2025,01,ROU.14.29_1,0.026836119816314587,0.11122244488977955
2025,01,ROU.14.2_1,0.025066483999070382,0.09719438877755508
2025,01,ROU.14.30_1,0.025329668374153815,0.09919839679358715
2025,01,ROU.14.31_1,0.024799594579291786,0.09519038076152302
2025,01,ROU.14.32_1,0.02597204829659693,0.10420841683366731
2025,01,ROU.14.33_1,0.02506648399907039,0.09719438877755508
2025,01,ROU.14.34_1,0.02719458349826076,0.11422845691382753
2025,01,ROU.14.35_1,0.024115475428419124,0.09018036072144285
2025,01,ROU.14.36_1,0.023975643714878862,0.08917835671342682
2025,01,ROU.14.37_1,0.0236928533144949,0.08717434869739475
2025,01,ROU.14.38_1,0.02411547542841863,0.09018036072144285
2025,01,ROU.14.39_1,0.030039419784473328,0.1402805611222445
2025,01,ROU.14.3_1,0.028672507358848326,0.12725450901803606
2025,01,ROU.14.40_1,0.02622300311665719,0.10621242484969938
2025,01,ROU.14.41_1,0.024799594579291765,0.09519038076152302
2025,01,ROU.14.42_1,0.023834774875754645,0.08817635270541078
2025,01,ROU.14.43_1,0.026956373449295308,0.11222444889779569
2025,01,ROU.14.44_1,0.024254285194864902,0.09118236472945888
2025,01,ROU.14.45_1,0.024799594579291765,0.09519038076152302
2025,01,ROU.14.46_1,0.024392087790225548,0.09218436873747492
2025,01,ROU.14.47_1,0.026836119816314664,0.11122244488977955
2025,01,ROU.14.48_1,0.02142560239318715,0.07214428857715426
2025,01,ROU.14.49_1,0.02558924522057288,0.10120240480961921
2025,01,ROU.14.4_1,0.026223003116657123,0.10621242484969938
2025,01,ROU.14.50_1,0.02296687739902811,0.08216432865731459
2025,01,ROU.14.51_1,0.023260609712008714,0.08416833667334665
2025,01,ROU.14.52_1,0.026715088628979373,0.11022044088176362
2025,01,ROU.14.53_1,0.02597204829659693,0.10420841683366731
2025,01,ROU.14.54_1,0.025066483999070296,0.09719438877755508
2025,01,ROU.14.55_1,0.024664728647610237,0.09418837675350698
2025,01,ROU.14.56_1,0.025198533109430373,0.09819639278557112
2025,01,ROU.14.57_1,0.024799594579291786,0.09519038076152302
2025,01,ROU.14.58_1,0.025198533109430363,0.09819639278557112
2025,01,ROU.14.59_1,0.021101596360351728,0.07014028056112219
2025,01,ROU.14.5_1,0.02609794339476906,0.10521042084168335
2025,01,ROU.14.60_1,0.026593270780774413,0.10921843687374748
2025,01,ROU.14.61_1,0.022057303704146637,0.07615230460921839
2025,01,ROU.14.62_1,0.026223003116657193,0.10621242484969938
2025,01,ROU.14.63_1,0.02190135563660673,0.075150300601202355
2025,01,ROU.14.64_1,0.021425602393187144,0.07214428857715426
2025,01,ROU.14.65_1,0.02506648399907036,0.09719438877755508
2025,01,ROU.14.66_1,0.027075858437251854,0.1132264529058115
2025,01,ROU.14.67_1,0.02174410528179311,0.07414829659318632
2025,01,ROU.14.68_1,0.023114312344931418,0.08316633266533062
2025,01,ROU.14.69_1,0.02266852029984639,0.08016032064128252
2025,01,ROU.14.6_1,0.027546283549806518,0.11723446893787574
2025,01,ROU.14.70_1,0.026097943394769067,0.10521042084168335
2025,01,ROU.14.71_1,0.022818286394609043,0.08116232464929855
2025,01,ROU.14.72_1,0.025717710011312504,0.10220440881763525
2025,01,ROU.14.73_1,0.026593270780774413,0.10921843687374748
2025,01,ROU.14.74_1,0.03391285105217094,0.1833667334669339
2025,01,ROU.14.75_1,0.024664728647610223,0.09418837675350698
2025,01,ROU.14.76_1,0.025459901829479242,0.10020040080160318
2025,01,ROU.14.77_1,0.026097943394769067,0.10521042084168335
2025,01,ROU.14.78_1,0.020266073373650387,0.06513026052104202
2025,01,ROU.14.79_1,0.02519853310943037,0.09819639278557112
2025,01,ROU.14.7_1,0.02060480013871602,0.0671342685370742
2025,01,ROU.14.80_1,0.02411547542841866,0.09018036072144285
2025,01,ROU.14.8_1,0.02077187475700323,0.06813627254509023
2025,01,ROU.14.9_1,0.026836119816314643,0.11122244488977955
2025,01,ROU.15.10_1,0.03718696410410583,0.22945891783567132
2025,01,ROU.15.11_1,0.03749782275340511,0.2344689378757515
2025,01,ROU.15.12_1,0.03585914996722603,0.20941883767535066
2025,01,ROU.15.13_1,0.03743630130350765,0.23346693386773534
2025,01,ROU.15.14_1,0.036737876773959594,0.2224448897795591
2025,01,ROU.15.15_1,0.04037371252013143,0.28857715430861725
2025,01,ROU.15.16_1,0.03985512948058407,0.2775551102204409
2025,01,ROU.15.17_1,0.03999979386183111,0.280561122244489
2025,01,ROU.15.18_1,0.03925160781713167,0.2655310621242485
2025,01,ROU.15.19_1,0.043131914956911495,0.36472945891783565
2025,01,ROU.15.1_1,0.03999979386183115,0.280561122244489
2025,01,ROU.15.20_1,0.03633968549762288,0.21643286573146278
2025,01,ROU.15.21_1,0.0386070321847344,0.2535070140280561
2025,01,ROU.15.22_1,0.035067794865110136,0.1983967935871743
2025,01,ROU.15.23_1,0.036737876773959545,0.2224448897795591
2025,01,ROU.15.24_1,0.03557660719068584,0.20541082164328653
2025,01,ROU.15.25_1,0.03633968549762285,0.21643286573146278
2025,01,ROU.15.26_1,0.03350721333440809,0.17835671342685364
2025,01,ROU.15.27_1,0.03660652579932899,0.22044088176352702
2025,01,ROU.15.28_1,0.04177889285897202,0.32264529058116226
2025,01,ROU.15.29_1,0.035141621929538014,0.19939879759519044
2025,01,ROU.15.2_1,0.03536081141455973,0.20240480961923832
2025,01,ROU.15.30_1,0.041316007856699664,0.31062124248497
2025,01,ROU.15.31_1,0.040643035947481615,0.29458917835671344
2025,01,ROU.15.32_1,0.03578906391308237,0.20841683366733474
2025,01,ROU.15.33_1,0.04046453484455116,0.2905811623246492
2025,01,ROU.15.34_1,0.03970800377560492,0.2745490981963928
2025,01,ROU.15.35_1,0.042905186829619316,0.35671342685370727
2025,01,ROU.15.36_1,0.03680304076042709,0.22344689378757523
2025,01,ROU.15.37_1,0.03613588052320538,0.2134268537074148
2025,01,ROU.15.38_1,0.037559021934399604,0.23547094188376752
2025,01,ROU.15.39_1,0.03718696410410584,0.22945891783567132
2025,01,ROU.15.3_1,0.04337010586627802,0.37374749498997994
2025,01,ROU.15.40_1,0.036932353794110015,0.2254509018036072
2025,01,ROU.15.41_1,0.03888070953173469,0.25851703406813625
2025,01,ROU.15.42_1,0.036204168980549394,0.21442885771543072
2025,01,ROU.15.43_1,0.04224125636959845,0.3356713426853708
2025,01,ROU.15.44_1,0.036135880523205356,0.2134268537074148
2025,01,ROU.15.45_1,0.035067794865110115,0.1983967935871743
2025,01,ROU.15.46_1,0.038662359054894985,0.2545090180360721
2025,01,ROU.15.47_1,0.03620416898054937,0.21442885771543072
2025,01,ROU.15.48_1,0.04155184791738723,0.31663326653306617
2025,01,ROU.15.49_1,0.037186964104105824,0.22945891783567132
2025,01,ROU.15.4_1,0.03893456348611332,0.2595190380761523
2025,01,ROU.15.50_1,0.042991878133693665,0.3597194388777555
2025,01,ROU.15.51_1,0.03809553972866256,0.2444889779559117
2025,01,ROU.15.52_1,0.03536081141455971,0.20240480961923832
2025,01,ROU.15.53_1,0.03578906391308236,0.20841683366733474
2025,01,ROU.15.54_1,0.03557660719068578,0.20541082164328653
2025,01,ROU.15.55_1,0.0429051868296193,0.35671342685370727
2025,01,ROU.15.56_1,0.04023549635725001,0.28557114228456904
2025,01,ROU.15.58_1,0.03693235379411001,0.2254509018036072
2025,01,ROU.15.59_1,0.03718696410410582,0.22945891783567132
2025,01,ROU.15.5_1,0.033832577133748196,0.18236472945891777
2025,01,ROU.15.6_1,0.03803717943351837,0.24348697394789579
2025,01,ROU.15.7_1,0.03506779486511014,0.1983967935871743
2025,01,ROU.15.8_1,0.04155184791738723,0.31663326653306617
2025,01,ROU.15.9_1,0.042934307304553665,0.3577154308617234
2025,01,ROU.15_1,0.037680459105295064,0.23747494989979948
2025,01,ROU.16.10_1,0.02683611981631469,0.11122244488977955
2025,01,ROU.16.11_1,0.036406917078049716,0.21743486973947893
2025,01,ROU.16.12_1,0.027312557164847505,0.11523046092184368
2025,01,ROU.16.13_1,0.03422975840493734,0.18737474949899793
2025,01,ROU.16.14_1,0.02425428519486496,0.09118236472945888
2025,01,ROU.16.15_1,0.022517559507299258,0.07915831663326649
2025,01,ROU.16.16_1,0.02439208779022554,0.09218436873747492
2025,01,ROU.16.17_1,0.023975643714878862,0.08917835671342682
2025,01,ROU.16.18_1,0.026715088628979308,0.11022044088176362
2025,01,ROU.16.19_1,0.025198533109430286,0.09819639278557112
2025,01,ROU.16.1_1,0.027891440905278758,0.12024048096192395
2025,01,ROU.16.20_1,0.026470656961829587,0.10821643286573145
2025,01,ROU.16.21_1,0.026593270780774413,0.10921843687374748
2025,01,ROU.16.22_1,0.024254285194864902,0.09118236472945888
2025,01,ROU.16.23_1,0.025459901829479333,0.10020040080160318
2025,01,ROU.16.24_1,0.027312557164847505,0.11523046092184368
2025,01,ROU.16.25_1,0.0245288976028585,0.09318637274549095
2025,01,ROU.16.26_1,0.026715088628979297,0.11022044088176362
2025,01,ROU.16.27_1,0.02811801399473341,0.12224448897795602
2025,01,ROU.16.28_1,0.025329668374153746,0.09919839679358715
2025,01,ROU.16.29_1,0.025329668374153878,0.09919839679358715
2025,01,ROU.16.2_1,0.02519853310943035,0.09819639278557112
2025,01,ROU.16.30_1,0.023260609712008714,0.08416833667334665
2025,01,ROU.16.31_1,0.023834774875754656,0.08817635270541078
2025,01,ROU.16.32_1,0.03528812808980178,0.2014028056112225
2025,01,ROU.16.33_1,0.025459901829479308,0.10020040080160318
2025,01,ROU.16.34_1,0.025589245220572862,0.10120240480961921
2025,01,ROU.16.35_1,0.025589245220572873,0.10120240480961921
2025,01,ROU.16.36_1,0.026470656961829517,0.10821643286573145
2025,01,ROU.16.37_1,0.025589245220572862,0.10120240480961921
2025,01,ROU.16.38_1,0.02369285331449493,0.08717434869739475
2025,01,ROU.16.3_1,0.02558924522057284,0.10120240480961921
2025,01,ROU.16.4_1,0.024115475428418597,0.09018036072144285
2025,01,ROU.16.5_1,0.024254285194865,0.09118236472945888
2025,01,ROU.16.6_1,0.027312557164847505,0.11523046092184368
2025,01,ROU.16.7_1,0.02766205245380967,0.11823647294589178
2025,01,ROU.16.8_1,0.025066483999070296,0.09719438877755508
2025,01,ROU.16.9_1,0.035067794865110115,0.1983967935871743
2025,01,ROU.17.10_1,0.02411547542841869,0.09018036072144285
2025,01,ROU.17.11_1,0.030927528958198124,0.1492985971943888
2025,01,ROU.17.12_1,0.0319541228039563,0.16032064128256515
2025,01,ROU.17.13_1,0.02856294552110011,0.12625250501002003
2025,01,ROU.17.14_1,0.031772059081379034,0.15831663326653309
2025,01,ROU.17.15_1,0.03257599555835811,0.16733466933867738
2025,01,ROU.17.16_1,0.031118856483700375,0.15130260521042085
2025,01,ROU.17.17_1,0.031495198068607316,0.155310621242485
2025,01,ROU.17.18_1,0.03240071279083807,0.16533066132264532
2025,01,ROU.17.19_1,0.03248859024938567,0.16633266533066135
2025,01,ROU.17.1_1,0.027891440905278755,0.12024048096192395
2025,01,ROU.17.20_1,0.032488590249385635,0.16633266533066135
2025,01,ROU.17.21_1,0.03292096135954542,0.17134268537074152
2025,01,ROU.17.22_1,0.034307951018714304,0.18837675350701397
2025,01,ROU.17.23_1,0.02942144854834706,0.1342685370741483
2025,01,ROU.17.24_1,0.03283541173909442,0.17034068136272537
2025,01,ROU.17.25_1,0.026593270780774413,0.10921843687374748
2025,01,ROU.17.26_1,0.03195412280395627,0.16032064128256515
2025,01,ROU.17.27_1,0.027312557164847505,0.11523046092184368
2025,01,ROU.17.28_1,0.02742978778947277,0.1162324649298596
2025,01,ROU.17.29_1,0.03292096135954542,0.17134268537074152
2025,01,ROU.17.2_1,0.03240071279083804,0.16533066132264532
2025,01,ROU.17.30_1,0.03300605504718021,0.17234468937875744
2025,01,ROU.17.31_1,0.03177205908137902,0.15831663326653309
2025,01,ROU.17.32_1,0.02867250735884838,0.12725450901803606
2025,01,ROU.17.33_1,0.02719458349826075,0.11422845691382753
2025,01,ROU.17.34_1,0.026097943394769067,0.10521042084168335
2025,01,ROU.17.35_1,0.032488590249385677,0.16633266533066135
2025,01,ROU.17.36_1,0.029835806235238613,0.13827655310621242
2025,01,ROU.17.37_1,0.030538387620146698,0.14529058116232466
2025,01,ROU.17.38_1,0.02899728775202691,0.13026052104208416
2025,01,ROU.17.39_1,0.0281180139947334,0.12224448897795602
2025,01,ROU.17.3_1,0.03177205908137904,0.15831663326653309
2025,01,ROU.17.40_1,0.030039419784473255,0.1402805611222445
2025,01,ROU.17.41_1,0.029421448548347058,0.1342685370741483
2025,01,ROU.17.42_1,0.03274940303677261,0.16933867735470945
2025,01,ROU.17.43_1,0.028005075663230895,0.12124248496993976
2025,01,ROU.17.44_1,0.027546283549806504,0.11723446893787574
2025,01,ROU.17.45_1,0.031023459308779495,0.15030060120240482
2025,01,ROU.17.46_1,0.030538387620146698,0.14529058116232466
2025,01,ROU.17.47_1,0.022211972370956467,0.07715430861723442
2025,01,ROU.17.48_1,0.03213421336437078,0.16232464929859722
2025,01,ROU.17.49_1,0.02888967210714496,0.12925851703406813
2025,01,ROU.17.4_1,0.0291042672011938,0.1312625250501002
2025,01,ROU.17.50_1,0.03375187911770995,0.18136272545090185
2025,01,ROU.17.51_1,0.030240712502615525,0.14228456913827656
2025,01,ROU.17.52_1,0.027075858437251882,0.1132264529058115
2025,01,ROU.17.53_1,0.0324885902493857,0.16633266533066135
2025,01,ROU.17.54_1,0.033258631329692014,0.17535070140280565
2025,01,ROU.17.55_1,0.024528897602858476,0.09318637274549095
2025,01,ROU.17.56_1,0.034151154638001585,0.186372745490982
2025,01,ROU.17.57_1,0.032835411739094406,0.17034068136272537
2025,01,ROU.17.58_1,0.031401891445194466,0.15430861723446895
2025,01,ROU.17.59_1,0.026097943394769067,0.10521042084168335
2025,01,ROU.17.5_1,0.02800507566323091,0.12124248496993976
2025,01,ROU.17.60_1,0.028889672107144968,0.12925851703406813
2025,01,ROU.17.61_1,0.035215065628508034,0.20040080160320647
2025,01,ROU.17.62_1,0.03034050117169257,0.1432865731462926
2025,01,ROU.17.63_1,0.02506648399907045,0.09719438877755508
2025,01,ROU.17.64_1,0.029525942839218187,0.13527054108216433
2025,01,ROU.17.65_1,0.039094382015184836,0.2625250501002004
2025,01,ROU.17.66_1,0.029210616527828553,0.13226452905811623
2025,01,ROU.17.67_1,0.028889672107144947,0.12925851703406813
2025,01,ROU.17.68_1,0.033258631329692014,0.17535070140280565
2025,01,ROU.17.69_1,0.02878141407824766,0.1282565130260521
2025,01,ROU.17.6_1,0.03121372476644213,0.1523046092184369
2025,01,ROU.17.70_1,0.02993790568236588,0.13927855711422846
2025,01,ROU.17.71_1,0.031954122803956334,0.16032064128256515
2025,01,ROU.17.72_1,0.030831061077761707,0.14829659318637275
2025,01,ROU.17.73_1,0.02921061652782856,0.13226452905811623
2025,01,ROU.17.74_1,0.03186333943737777,0.15931863727454912
2025,01,ROU.17.75_1,0.02942144854834706,0.1342685370741483
2025,01,ROU.17.76_1,0.031213724766442148,0.1523046092184369
2025,01,ROU.17.77_1,0.02878141407824765,0.1282565130260521
2025,01,ROU.17.78_1,0.028230263129052656,0.12324649298597194
2025,01,ROU.17.79_1,0.03186333943737778,0.15931863727454912
2025,01,ROU.17.7_1,0.028230263129052656,0.12324649298597194
2025,01,ROU.17.80_1,0.028672507358848322,0.12725450901803606
2025,01,ROU.17.81_1,0.029210616527828553,0.13226452905811623
2025,01,ROU.17.82_1,0.028997287752026885,0.13026052104208416
2025,01,ROU.17.8_1,0.03350721333440813,0.17835671342685364
2025,01,ROU.17.9_1,0.03422975840493736,0.18737474949899793
2025,01,ROU.18.10_1,0.032312359793050915,0.16432865731462928
2025,01,ROU.18.11_1,0.033258631329692014,0.17535070140280565
2025,01,ROU.18.12_1,0.030240712502615532,0.14228456913827656
2025,01,ROU.18.13_1,0.03168027796489125,0.15731462925851705
2025,01,ROU.18.14_1,0.03158799225759026,0.15631262525050102
2025,01,ROU.18.15_1,0.02973311619184011,0.1372745490981964
2025,01,ROU.18.16_1,0.031587992257590215,0.15631262525050102
2025,01,ROU.18.17_1,0.03231235979305088,0.16432865731462928
2025,01,ROU.18.18_1,0.030439724606053667,0.14428857715430862
2025,01,ROU.18.19_1,0.032749403036772595,0.16933867735470945
2025,01,ROU.18.1_1,0.032662932057323985,0.16833667334669342
2025,01,ROU.18.20_1,0.0327494030367726,0.16933867735470945
2025,01,ROU.18.21_1,0.030240712502615525,0.14228456913827656
2025,01,ROU.18.22_1,0.03826877246779935,0.24749498997995992
2025,01,ROU.18.23_1,0.030140353701167032,0.14128256513026052
2025,01,ROU.18.24_1,0.032044412894186636,0.16132264529058118
2025,01,ROU.18.25_1,0.029210616527828536,0.13226452905811623
2025,01,ROU.18.26_1,0.031772059081379034,0.15831663326653309
2025,01,ROU.18.27_1,0.030927528958198114,0.1492985971943888
2025,01,ROU.18.28_1,0.03266293205732399,0.16833667334669342
2025,01,ROU.18.29_1,0.03317488699465888,0.1743486973947895
2025,01,ROU.18.2_1,0.029104267201193794,0.1312625250501002
2025,01,ROU.18.30_1,0.03248859024938572,0.16633266533066135
2025,01,ROU.18.31_1,0.03034050117169263,0.1432865731462926
2025,01,ROU.18.32_1,0.03121372476644211,0.1523046092184369
2025,01,ROU.18.33_1,0.034151154638001655,0.186372745490982
2025,01,ROU.18.34_1,0.03213421336437084,0.16232464929859722
2025,01,ROU.18.35_1,0.0333419318839973,0.17635270541082157
2025,01,ROU.18.36_1,0.03177205908137901,0.15831663326653309
2025,01,ROU.18.37_1,0.03469283266576519,0.19338677354709424
2025,01,ROU.18.38_1,0.03158799225759028,0.15631262525050102
2025,01,ROU.18.39_1,0.03204441289418671,0.16132264529058118
2025,01,ROU.18.3_1,0.03274940303677266,0.16933867735470945
2025,01,ROU.18.40_1,0.029835806235238606,0.13827655310621242
2025,01,ROU.18.41_1,0.02931634169296392,0.13326653306613226
2025,01,ROU.18.42_1,0.03149519806860732,0.155310621242485
2025,01,ROU.18.43_1,0.03909438201518482,0.2625250501002004
2025,01,ROU.18.44_1,0.03158799225759023,0.15631262525050102
2025,01,ROU.18.45_1,0.031118856483700396,0.15130260521042085
2025,01,ROU.18.46_1,0.03092752895819813,0.1492985971943888
2025,01,ROU.18.47_1,0.03871738909574287,0.25551102204408815
2025,01,ROU.18.48_1,0.0330060550471802,0.17234468937875744
2025,01,ROU.18.49_1,0.02952594283921813,0.13527054108216433
2025,01,ROU.18.4_1,0.03168027796489129,0.15731462925851705
2025,01,ROU.18.50_1,0.03317488699465895,0.1743486973947895
2025,01,ROU.18.51_1,0.02973311619184006,0.1372745490981964
2025,01,ROU.18.52_1,0.03158799225759022,0.15631262525050102
2025,01,ROU.18.53_1,0.03248859024938574,0.16633266533066135
2025,01,ROU.18.54_1,0.03140189144519445,0.15430861723446895
2025,01,ROU.18.55_1,0.03855140733844689,0.25250501002004005
2025,01,ROU.18.56_1,0.03240071279083799,0.16533066132264532
2025,01,ROU.18.57_1,0.03383257713374821,0.18236472945891777
2025,01,ROU.18.58_1,0.038988126168548624,0.2605210420841683
2025,01,ROU.18.59_1,0.03140189144519445,0.15430861723446895
2025,01,ROU.18.5_1,0.03168027796489124,0.15731462925851705
2025,01,ROU.18.60_1,0.03053838762014671,0.14529058116232466
2025,01,ROU.18.61_1,0.03195412280395634,0.16032064128256515
2025,01,ROU.18.62_1,0.028997287752026892,0.13026052104208416
2025,01,ROU.18.63_1,0.03461665917470775,0.1923847695390781
2025,01,ROU.18.64_1,0.032312359793050895,0.16432865731462928
2025,01,ROU.18.65_1,0.033589199970617024,0.17935871743486978
2025,01,ROU.18.66_1,0.0385514073384469,0.25250501002004005
2025,01,ROU.18.67_1,0.033258631329692014,0.17535070140280565
2025,01,ROU.18.68_1,0.02962983020698758,0.13627254509018036
2025,01,ROU.18.69_1,0.031118856483700358,0.15130260521042085
2025,01,ROU.18.6_1,0.031023459308779443,0.15030060120240482
2025,01,ROU.18.70_1,0.03168027796489126,0.15731462925851705
2025,01,ROU.18.71_1,0.030636494947164684,0.1462925851703407
2025,01,ROU.18.72_1,0.031118856483700396,0.15130260521042085
2025,01,ROU.18.73_1,0.03222352781522751,0.16332665330661325
2025,01,ROU.18.74_1,0.03168027796489129,0.15731462925851705
2025,01,ROU.18.75_1,0.02993790568236584,0.13927855711422846
2025,01,ROU.18.76_1,0.0308310610777617,0.14829659318637275
2025,01,ROU.18.77_1,0.031863339437377736,0.15931863727454912
2025,01,ROU.18.78_1,0.03053838762014671,0.14529058116232466
2025,01,ROU.18.79_1,0.03266293205732403,0.16833667334669342
2025,01,ROU.18.7_1,0.033090695905763697,0.17334669338677358
2025,01,ROU.18.80_1,0.03399270353252681,0.18436873747494983
2025,01,ROU.18.81_1,0.030039419784473262,0.1402805611222445
2025,01,ROU.18.82_1,0.04023549635725001,0.28557114228456904
2025,01,ROU.18.83_1,0.03102345930877963,0.15030060120240482
2025,01,ROU.18.84_1,0.03053838762014669,0.14529058116232466
2025,01,ROU.18.85_1,0.03240071279083794,0.16533066132264532
2025,01,ROU.18.86_1,0.038607032184734345,0.2535070140280561
2025,01,ROU.18.87_1,0.03240071279083796,0.16533066132264532
2025,01,ROU.18.88_1,0.030240712502615525,0.14228456913827656
2025,01,ROU.18.89_1,0.030734051240935426,0.14729458917835672
2025,01,ROU.18.8_1,0.02878141407824766,0.1282565130260521
2025,01,ROU.18.90_1,0.031118856483700393,0.15130260521042085
2025,01,ROU.18.91_1,0.03248859024938572,0.16633266533066135
2025,01,ROU.18.92_1,0.030240712502615525,0.14228456913827656
2025,01,ROU.18.93_1,0.035928872786295044,0.2104208416833667
2025,01,ROU.18.94_1,0.033507213334408134,0.17835671342685364
2025,01,ROU.18.95_1,0.032662932057324005,0.16833667334669342
2025,01,ROU.18.96_1,0.03231235979305093,0.16432865731462928
2025,01,ROU.18.97_1,0.03063649494716471,0.1462925851703407
2025,01,ROU.18.98_1,0.031118856483700396,0.15130260521042085
2025,01,ROU.18.99_1,0.030439724606053667,0.14428857715430862
2025,01,ROU.18.9_1,0.03871738909574282,0.25551102204408815
2025,01,ROU.19.10_1,0.032835411739094406,0.17034068136272537
2025,01,ROU.19.11_1,0.034385734965410544,0.1893787575150301
2025,01,ROU.19.12_1,0.03469283266576517,0.19338677354709424
2025,01,ROU.19.13_1,0.034229758404937326,0.18737474949899793
2025,01,ROU.19.14_1,0.03407213719838785,0.18537074148296598
2025,01,ROU.19.15_1,0.03317488699465888,0.1743486973947895
2025,01,ROU.19.16_1,0.04037371252013142,0.28857715430861725
2025,01,ROU.19.17_1,0.03292096135954547,0.17134268537074152
2025,01,ROU.19.18_1,0.033258631329692014,0.17535070140280565
2025,01,ROU.19.19_1,0.032575995558358134,0.16733466933867738
2025,01,ROU.19.1_1,0.03140189144519448,0.15430861723446895
2025,01,ROU.19.20_1,0.033589199970617094,0.17935871743486978
2025,01,ROU.19.21_1,0.03375187911770994,0.18136272545090185
2025,01,ROU.19.22_1,0.03391285105217088,0.1833667334669339
2025,01,ROU.19.23_1,0.03536081141455975,0.20240480961923832
2025,01,ROU.19.24_1,0.03334193188399728,0.17635270541082157
2025,01,ROU.19.25_1,0.03680304076042709,0.22344689378757523
2025,01,ROU.19.26_1,0.03415115463800164,0.186372745490982
2025,01,ROU.19.27_1,0.033258631329692014,0.17535070140280565
2025,01,ROU.19.28_1,0.033589199970617094,0.17935871743486978
2025,01,ROU.19.29_1,0.03571861272062171,0.2074148296593187
2025,01,ROU.19.2_1,0.03158799225759024,0.15631262525050102
2025,01,ROU.19.30_1,0.033174886994658884,0.1743486973947895
2025,01,ROU.19.31_1,0.03248859024938572,0.16633266533066135
2025,01,ROU.19.32_1,0.03521506562850803,0.20040080160320647
2025,01,ROU.19.33_1,0.03564779446325793,0.20641282565130267
2025,01,ROU.19.34_1,0.034768609439028805,0.19438877755511016
2025,01,ROU.19.35_1,0.032835411739094406,0.17034068136272537
2025,01,ROU.19.36_1,0.034307951018714235,0.18837675350701397
2025,01,ROU.19.37_1,0.030538387620146688,0.14529058116232466
2025,01,ROU.19.38_1,0.033174886994658856,0.1743486973947895
2025,01,ROU.19.39_1,0.03647379985239163,0.21843687374749496
2025,01,ROU.19.3_1,0.03391285105217094,0.1833667334669339
2025,01,ROU.19.40_1,0.03571861272062176,0.2074148296593187
2025,01,ROU.19.41_1,0.03342479158883793,0.1773547094188377
2025,01,ROU.19.42_1,0.03415115463800164,0.186372745490982
2025,01,ROU.19.43_1,0.03499358228034872,0.19739478957915838
2025,01,ROU.19.44_1,0.04064303594748162,0.29458917835671344
2025,01,ROU.19.45_1,0.03592887278629505,0.2104208416833667
2025,01,ROU.19.46_1,0.03430795101871424,0.18837675350701397
2025,01,ROU.19.47_1,0.032835411739094406,0.17034068136272537
2025,01,ROU.19.48_1,0.03334193188399726,0.17635270541082157
2025,01,ROU.19.49_1,0.03317488699465886,0.1743486973947895
2025,01,ROU.19.4_1,0.03358919997061709,0.17935871743486978
2025,01,ROU.19.50_1,0.03438573496541054,0.1893787575150301
2025,01,ROU.19.51_1,0.03627210338175869,0.21543086172344697
2025,01,ROU.19.52_1,0.0321342133643708,0.16232464929859722
2025,01,ROU.19.53_1,0.03430795101871429,0.18837675350701397
2025,01,ROU.19.54_1,0.03521506562850806,0.20040080160320647
2025,01,ROU.19.55_1,0.033258631329692014,0.17535070140280565
2025,01,ROU.19.56_1,0.03300605504718021,0.17234468937875744
2025,01,ROU.19.57_1,0.03536081141455974,0.20240480961923832
2025,01,ROU.19.58_1,0.03367075430784951,0.1803607214428857
2025,01,ROU.19.59_1,0.035360811414559726,0.20240480961923832
2025,01,ROU.19.5_1,0.03222352781522752,0.16332665330661325
2025,01,ROU.19.6_1,0.0338325771337482,0.18236472945891777
2025,01,ROU.19.7_1,0.03342479158883788,0.1773547094188377
2025,01,ROU.19.8_1,0.034307951018714256,0.18837675350701397
2025,01,ROU.19.9_1,0.03521506562850803,0.20040080160320647
2025,01,ROU.2.10_1,0.03266293205732408,0.16833667334669342
2025,01,ROU.2.11_1,0.03053838762014669,0.14529058116232466
2025,01,ROU.2.12_1,0.030240712502615518,0.14228456913827656
2025,01,ROU.2.13_1,0.03168027796489127,0.15731462925851705
2025,01,ROU.2.14_1,0.03177205908137901,0.15831663326653309
2025,01,ROU.2.15_1,0.03334193188399736,0.17635270541082157
2025,01,ROU.2.16_1,0.033912851052170914,0.1833667334669339
2025,01,ROU.2.17_1,0.033832577133748196,0.18236472945891777
2025,01,ROU.2.18_1,0.03317488699465884,0.1743486973947895
2025,01,ROU.2.19_1,0.033174886994658925,0.1743486973947895
2025,01,ROU.2.1_1,0.03102345930877943,0.15030060120240482
2025,01,ROU.2.20_1,0.04170418032446177,0.3206412825651303
2025,01,ROU.2.21_1,0.02942144854834705,0.1342685370741483
2025,01,ROU.2.22_1,0.030039419784473307,0.1402805611222445
2025,01,ROU.2.23_1,0.03342479158883791,0.1773547094188377
2025,01,ROU.2.24_1,0.034072137198387926,0.18537074148296598
2025,01,ROU.2.25_1,0.034463112698266365,0.19038076152304603
2025,01,ROU.2.26_1,0.03430795101871426,0.18837675350701397
2025,01,ROU.2.27_1,0.04059880165840476,0.2935871743486973
2025,01,ROU.2.28_1,0.032575995558358106,0.16733466933867738
2025,01,ROU.2.29_1,0.028341830152532013,0.12424849699398798
2025,01,ROU.2.2_1,0.03334193188399731,0.17635270541082157
2025,01,ROU.2.30_1,0.030439724606053674,0.14428857715430862
2025,01,ROU.2.31_1,0.031863339437377736,0.15931863727454912
2025,01,ROU.2.32_1,0.031308068371355614,0.15330661322645292
2025,01,ROU.2.33_1,0.033258631329692014,0.17535070140280565
2025,01,ROU.2.34_1,0.03980636226420786,0.27655310621242485
2025,01,ROU.2.35_1,0.03204441289418671,0.16132264529058118
2025,01,ROU.2.36_1,0.04028183385378819,0.2865731462925852
2025,01,ROU.2.37_1,0.03469283266576516,0.19338677354709424
2025,01,ROU.2.38_1,0.034768609439028875,0.19438877755511016
2025,01,ROU.2.39_1,0.032312359793050915,0.16432865731462928
2025,01,ROU.2.3_1,0.03476860943902882,0.19438877755511016
2025,01,ROU.2.40_1,0.03461665917470771,0.1923847695390781
2025,01,ROU.2.41_1,0.039147077300580334,0.2635270541082164
2025,01,ROU.2.42_1,0.03342479158883784,0.1773547094188377
2025,01,ROU.2.43_1,0.033258631329692014,0.17535070140280565
2025,01,ROU.2.44_1,0.03422975840493733,0.18737474949899793
2025,01,ROU.2.45_1,0.039999793861831084,0.280561122244489
2025,01,ROU.2.46_1,0.03149519806860732,0.155310621242485
2025,01,ROU.2.47_1,0.03469283266576519,0.19338677354709424
2025,01,ROU.2.48_1,0.033258631329692014,0.17535070140280565
2025,01,ROU.2.49_1,0.040419255322054315,0.28957915831663317
2025,01,ROU.2.4_1,0.030240712502615525,0.14228456913827656
2025,01,ROU.2.50_1,0.040235496357250024,0.28557114228456904
2025,01,ROU.2.51_1,0.033258631329692014,0.17535070140280565
2025,01,ROU.2.52_1,0.03240071279083804,0.16533066132264532
2025,01,ROU.2.53_1,0.034072137198387836,0.18537074148296598
2025,01,ROU.2.54_1,0.03613588052320535,0.2134268537074148
2025,01,ROU.2.55_1,0.04018889231686862,0.2845691382765531
2025,01,ROU.2.56_1,0.03422975840493734,0.18737474949899793
2025,01,ROU.2.57_1,0.03476860943902882,0.19438877755511016
2025,01,ROU.2.58_1,0.03407213719838785,0.18537074148296598
2025,01,ROU.2.59_1,0.033507213334408155,0.17835671342685364
2025,01,ROU.2.5_1,0.03484399179204095,0.1953907815631263
2025,01,ROU.2.60_1,0.03564779446325792,0.20641282565130267
2025,01,ROU.2.61_1,0.032044412894186636,0.16132264529058118
2025,01,ROU.2.62_1,0.032835411739094406,0.17034068136272537
2025,01,ROU.2.63_1,0.030538387620146698,0.14529058116232466
2025,01,ROU.2.64_1,0.03367075430784944,0.1803607214428857
2025,01,ROU.2.65_1,0.03985512948058405,0.2775551102204409
2025,01,ROU.2.66_1,0.03186333943737776,0.15931863727454912
2025,01,ROU.2.67_1,0.03121372476644207,0.1523046092184369
2025,01,ROU.2.68_1,0.032835411739094406,0.17034068136272537
2025,01,ROU.2.69_1,0.029316341692963915,0.13326653306613226
2025,01,ROU.2.6_1,0.032134213364370834,0.16232464929859722
2025,01,ROU.2.70_1,0.03955839203846013,0.2715430861723447
2025,01,ROU.2.71_1,0.03383257713374819,0.18236472945891777
2025,01,ROU.2.72_1,0.03383257713374817,0.18236472945891777
2025,01,ROU.2.73_1,0.03446311269826635,0.19038076152304603
2025,01,ROU.2.74_1,0.03550504892848518,0.2044088176352705
2025,01,ROU.2.75_1,0.034843991792041035,0.1953907815631263
2025,01,ROU.2.7_1,0.03334193188399728,0.17635270541082157
2025,01,ROU.2.8_1,0.03158799225759019,0.15631262525050102
2025,01,ROU.2.9_1,0.03309069590576371,0.17334669338677358
2025,01,ROU.20.10_1,0.035067794865110094,0.1983967935871743
2025,01,ROU.20.11_1,0.0344631126982663,0.19038076152304603
2025,01,ROU.20.12_1,0.03158799225759021,0.15631262525050102
2025,01,ROU.20.13_1,0.035505048928485154,0.2044088176352705
2025,01,ROU.20.14_1,0.034072137198387864,0.18537074148296598
2025,01,ROU.20.15_1,0.03407213719838795,0.18537074148296598
2025,01,ROU.20.16_1,0.031308068371355594,0.15330661322645292
2025,01,ROU.20.17_1,0.033670754307849576,0.1803607214428857
2025,01,ROU.20.18_1,0.034385734965410523,0.1893787575150301
2025,01,ROU.20.19_1,0.035718612720621754,0.2074148296593187
2025,01,ROU.20.1_1,0.034843991792041056,0.1953907815631263
2025,01,ROU.20.20_1,0.03925160781713166,0.2655310621242485
2025,01,ROU.20.21_1,0.03499358228034869,0.19739478957915838
2025,01,ROU.20.22_1,0.03317488699465895,0.1743486973947895
2025,01,ROU.20.23_1,0.03383257713374825,0.18236472945891777
2025,01,ROU.20.24_1,0.0374363013035077,0.23346693386773534
2025,01,ROU.20.25_1,0.03499358228034871,0.19739478957915838
2025,01,ROU.20.26_1,0.034151154638001655,0.186372745490982
2025,01,ROU.20.27_1,0.03367075430784952,0.1803607214428857
2025,01,ROU.20.28_1,0.03177205908137902,0.15831663326653309
2025,01,ROU.20.29_1,0.033258631329692014,0.17535070140280565
2025,01,ROU.20.2_1,0.03422975840493732,0.18737474949899793
2025,01,ROU.20.30_1,0.03248859024938573,0.16633266533066135
2025,01,ROU.20.31_1,0.03469283266576518,0.19338677354709424
2025,01,ROU.20.32_1,0.03514162192953799,0.19939879759519044
2025,01,ROU.20.33_1,0.03266293205732404,0.16833667334669342
2025,01,ROU.20.34_1,0.03342479158883794,0.1773547094188377
2025,01,ROU.20.35_1,0.0357890639130824,0.20841683366733474
2025,01,ROU.20.36_1,0.04032790563471899,0.2875751503006012
2025,01,ROU.20.37_1,0.036067236217727346,0.21242484969939876
2025,01,ROU.20.38_1,0.03204441289418668,0.16132264529058118
2025,01,ROU.20.39_1,0.03334193188399724,0.17635270541082157
2025,01,ROU.20.3_1,0.03499358228034866,0.19739478957915838
2025,01,ROU.20.40_1,0.03292096135954544,0.17134268537074152
2025,01,ROU.20.41_1,0.03446311269826626,0.19038076152304603
2025,01,ROU.20.42_1,0.03571861272062175,0.2074148296593187
2025,01,ROU.20.43_1,0.03350721333440811,0.17835671342685364
2025,01,ROU.20.44_1,0.03438573496541052,0.1893787575150301
2025,01,ROU.20.45_1,0.033589199970617045,0.17935871743486978
2025,01,ROU.20.46_1,0.03491898199281634,0.19639278557114234
2025,01,ROU.20.47_1,0.033992703532526876,0.18436873747494983
2025,01,ROU.20.48_1,0.040281833853788196,0.2865731462925852
2025,01,ROU.20.49_1,0.03317488699465886,0.1743486973947895
2025,01,ROU.20.4_1,0.03391285105217092,0.1833667334669339
2025,01,ROU.20.5_1,0.03350721333440814,0.17835671342685364
2025,01,ROU.20.6_1,0.03399270353252689,0.18436873747494983
2025,01,ROU.20.7_1,0.03309069590576366,0.17334669338677358
2025,01,ROU.20.8_1,0.03375187911770993,0.18136272545090185
2025,01,ROU.20.9_1,0.03430795101871429,0.18837675350701397
2025,01,ROU.21.10_1,0.02867250735884839,0.12725450901803606
2025,01,ROU.21.11_1,0.02942144854834707,0.1342685370741483
2025,01,ROU.21.12_1,0.03213421336437081,0.16232464929859722
2025,01,ROU.21.13_1,0.031680277964891326,0.15731462925851705
2025,01,ROU.21.14_1,0.0322235278152276,0.16332665330661325
2025,01,ROU.21.15_1,0.022668520299846485,0.08016032064128252
2025,01,ROU.21.16_1,0.027312557164847505,0.11523046092184368
2025,01,ROU.21.17_1,0.02719458349826069,0.11422845691382753
2025,01,ROU.21.18_1,0.031118856483700354,0.15130260521042085
2025,01,ROU.21.19_1,0.02493350870553606,0.09619238476953905
2025,01,ROU.21.1_1,0.027546283549806504,0.11723446893787574
2025,01,ROU.21.20_1,0.03130806837135555,0.15330661322645292
2025,01,ROU.21.21_1,0.03073405124093544,0.14729458917835672
2025,01,ROU.21.22_1,0.031213724766442043,0.1523046092184369
2025,01,ROU.21.23_1,0.024799594579291786,0.09519038076152302
2025,01,ROU.21.24_1,0.03158799225759018,0.15631262525050102
2025,01,ROU.21.25_1,0.031587992257590215,0.15631262525050102
2025,01,ROU.21.26_1,0.029629830206987656,0.13627254509018036
2025,01,ROU.21.27_1,0.02942144854834706,0.1342685370741483
2025,01,ROU.21.28_1,0.030039419784473338,0.1402805611222445
2025,01,ROU.21.29_1,0.031954122803956306,0.16032064128256515
2025,01,ROU.21.2_1,0.027075858437251837,0.1132264529058115
2025,01,ROU.21.30_1,0.029316341692963897,0.13326653306613226
2025,01,ROU.21.31_1,0.02973311619184015,0.1372745490981964
2025,01,ROU.21.32_1,0.03222352781522757,0.16332665330661325
2025,01,ROU.21.33_1,0.028341830152532003,0.12424849699398798
2025,01,ROU.21.34_1,0.029937905682365845,0.13927855711422846
2025,01,ROU.21.35_1,0.028997287752026903,0.13026052104208416
2025,01,ROU.21.36_1,0.029835806235238602,0.13827655310621242
2025,01,ROU.21.37_1,0.030734051240935388,0.14729458917835672
2025,01,ROU.21.38_1,0.03063649494716469,0.1462925851703407
2025,01,ROU.21.39_1,0.027075858437251823,0.1132264529058115
2025,01,ROU.21.3_1,0.030734051240935378,0.14729458917835672
2025,01,ROU.21.40_1,0.0296298302069876,0.13627254509018036
2025,01,ROU.21.41_1,0.025066483999070445,0.09719438877755508
2025,01,ROU.21.42_1,0.02707585843725181,0.1132264529058115
2025,01,ROU.21.43_1,0.030636494947164652,0.1462925851703407
2025,01,ROU.21.44_1,0.024254285194864906,0.09118236472945888
2025,01,ROU.21.45_1,0.029316341692963915,0.13326653306613226
2025,01,ROU.21.46_1,0.027312557164847505,0.11523046092184368
2025,01,ROU.21.47_1,0.029525942839218167,0.13527054108216433
2025,01,ROU.21.48_1,0.025845307393654447,0.10320641282565128
2025,01,ROU.21.49_1,0.03034050117169257,0.1432865731462926
2025,01,ROU.21.4_1,0.031023459308779405,0.15030060120240482
2025,01,ROU.21.50_1,0.03092752895819813,0.1492985971943888
2025,01,ROU.21.51_1,0.027546283549806486,0.11723446893787574
2025,01,ROU.21.52_1,0.03158799225759023,0.15631262525050102
2025,01,ROU.21.53_1,0.02777710234462378,0.1192384769539077
2025,01,ROU.21.54_1,0.03102345930877944,0.15030060120240482
2025,01,ROU.21.55_1,0.024933508705536175,0.09619238476953905
2025,01,ROU.21.56_1,0.03177205908137904,0.15831663326653309
2025,01,ROU.21.57_1,0.031495198068607316,0.155310621242485
2025,01,ROU.21.58_1,0.031308068371355635,0.15330661322645292
2025,01,ROU.21.59_1,0.02973311619184011,0.1372745490981964
2025,01,ROU.21.5_1,0.02766205245380969,0.11823647294589178
2025,01,ROU.21.60_1,0.031213724766442116,0.1523046092184369
2025,01,ROU.21.61_1,0.028997287752026885,0.13026052104208416
2025,01,ROU.21.62_1,0.03003941978447329,0.1402805611222445
2025,01,ROU.21.63_1,0.030439724606053674,0.14428857715430862
2025,01,ROU.21.64_1,0.026956373449295322,0.11222444889779569
2025,01,ROU.21.65_1,0.03121372476644207,0.1523046092184369
2025,01,ROU.21.66_1,0.0345400866382659,0.19138276553106218
2025,01,ROU.21.67_1,0.02993790568236584,0.13927855711422846
2025,01,ROU.21.68_1,0.031308068371355594,0.15330661322645292
2025,01,ROU.21.69_1,0.03053838762014673,0.14529058116232466
2025,01,ROU.21.6_1,0.02493350870553611,0.09619238476953905
2025,01,ROU.21.70_1,0.027891440905278755,0.12024048096192395
2025,01,ROU.21.7_1,0.028672507358848374,0.12725450901803606
2025,01,ROU.21.8_1,0.029525942839218205,0.13527054108216433
2025,01,ROU.21.9_1,0.029629830206987607,0.13627254509018036
2025,01,ROU.22.10_1,0.0236928533144949,0.08717434869739475
2025,01,ROU.22.11_1,0.02634723765249561,0.10721442885771541
2025,01,ROU.22.12_1,0.02369285331449492,0.08717434869739475
2025,01,ROU.22.13_1,0.02558924522057288,0.10120240480961921
2025,01,ROU.22.14_1,0.027429787789472772,0.1162324649298596
2025,01,ROU.22.15_1,0.024664728647610233,0.09418837675350698
2025,01,ROU.22.16_1,0.027312557164847498,0.11523046092184368
2025,01,ROU.22.17_1,0.0246647286476102,0.09418837675350698
2025,01,ROU.22.18_1,0.022365383809134158,0.07815631262525045
2025,01,ROU.22.19_1,0.026956373449295308,0.11222444889779569
2025,01,ROU.22.1_1,0.025198533109430456,0.09819639278557112
2025,01,ROU.22.20_1,0.02707585843725187,0.1132264529058115
2025,01,ROU.22.21_1,0.024254285194864854,0.09118236472945888
2025,01,ROU.22.22_1,0.02281828639460904,0.08116232464929855
2025,01,ROU.22.23_1,0.024664728647610244,0.09418837675350698
2025,01,ROU.22.24_1,0.024115475428418718,0.09018036072144285
2025,01,ROU.22.25_1,0.024933508705536123,0.09619238476953905
2025,01,ROU.22.26_1,0.025198533109430363,0.09819639278557112
2025,01,ROU.22.27_1,0.02622300311665716,0.10621242484969938
2025,01,ROU.22.28_1,0.02622300311665718,0.10621242484969938
2025,01,ROU.22.29_1,0.027194583498260712,0.11422845691382753
2025,01,ROU.22.2_1,0.02777710234462389,0.1192384769539077
2025,01,ROU.22.30_1,0.02311431234493143,0.08316633266533062
2025,01,ROU.22.31_1,0.02383477487575466,0.08817635270541078
2025,01,ROU.22.32_1,0.02532966837415383,0.09919839679358715
2025,01,ROU.22.33_1,0.026593270780774413,0.10921843687374748
2025,01,ROU.22.34_1,0.025329668374153843,0.09919839679358715
2025,01,ROU.22.35_1,0.027312557164847505,0.11523046092184368
2025,01,ROU.22.36_1,0.025198533109430397,0.09819639278557112
2025,01,ROU.22.37_1,0.025589245220572824,0.10120240480961921
2025,01,ROU.22.38_1,0.02506648399907036,0.09719438877755508
2025,01,ROU.22.39_1,0.023549863000128155,0.08617234468937872
2025,01,ROU.22.40_1,0.02634723765249562,0.10721442885771541
2025,01,ROU.22.41_1,0.023114312344931505,0.08316633266533062
2025,01,ROU.22.42_1,0.02532966837415383,0.09919839679358715
2025,01,ROU.22.43_1,0.026593270780774413,0.10921843687374748
2025,01,ROU.22.44_1,0.026347237652495616,0.10721442885771541
2025,01,ROU.22.45_1,0.025066483999070344,0.09719438877755508
2025,01,ROU.22.46_1,0.028889672107144968,0.12925851703406813
2025,01,ROU.22.47_1,0.022818286394609043,0.08116232464929855
2025,01,ROU.22.48_1,0.026593270780774413,0.10921843687374748
2025,01,ROU.22.49_1,0.024664728647610303,0.09418837675350698
2025,01,ROU.22.4_1,0.025198533109430373,0.09819639278557112
2025,01,ROU.22.50_1,0.02452889760285837,0.09318637274549095
2025,01,ROU.22.51_1,0.025066483999070382,0.09719438877755508
2025,01,ROU.22.52_1,0.02236538380913415,0.07815631262525045
2025,01,ROU.22.53_1,0.024799594579291824,0.09519038076152302
2025,01,ROU.22.54_1,0.02622300311665722,0.10621242484969938
2025,01,ROU.22.55_1,0.024528897602858486,0.09318637274549095
2025,01,ROU.22.56_1,0.02354986300012816,0.08617234468937872
2025,01,ROU.22.57_1,0.02558924522057287,0.10120240480961921
2025,01,ROU.22.58_1,0.02369285331449489,0.08717434869739475
2025,01,ROU.22.5_1,0.023549863000128114,0.08617234468937872
2025,01,ROU.22.6_1,0.025717710011312567,0.10220440881763525
2025,01,ROU.22.7_1,0.02571771001131256,0.10220440881763525
2025,01,ROU.22.8_1,0.02597204829659694,0.10420841683366731
2025,01,ROU.22.9_1,0.021264300208908946,0.07114228456913822
2025,01,ROU.23.10_1,0.027194583498260705,0.11422845691382753
2025,01,ROU.23.11_1,0.02609794339476906,0.10521042084168335
2025,01,ROU.23.12_1,0.02962983020698758,0.13627254509018036
2025,01,ROU.23.13_1,0.03195412280395626,0.16032064128256515
2025,01,ROU.23.14_1,0.029210616527828547,0.13226452905811623
2025,01,ROU.23.15_1,0.027546283549806493,0.11723446893787574
2025,01,ROU.23.16_1,0.028672507358848277,0.12725450901803606
2025,01,ROU.23.17_1,0.02519853310943036,0.09819639278557112
2025,01,ROU.23.18_1,0.02671508862897932,0.11022044088176362
2025,01,ROU.23.19_1,0.03063649494716471,0.1462925851703407
2025,01,ROU.23.1_1,0.025198533109430397,0.09819639278557112
2025,01,ROU.23.20_1,0.03043972460605366,0.14428857715430862
2025,01,ROU.23.21_1,0.028230263129052656,0.12324649298597194
2025,01,ROU.23.22_1,0.029210616527828547,0.13226452905811623
2025,01,ROU.23.23_1,0.029835806235238606,0.13827655310621242
2025,01,ROU.23.24_1,0.029937905682365845,0.13927855711422846
2025,01,ROU.23.25_1,0.029104267201193818,0.1312625250501002
2025,01,ROU.23.26_1,0.03043972460605366,0.14428857715430862
2025,01,ROU.23.27_1,0.03003941978447328,0.1402805611222445
2025,01,ROU.23.28_1,0.02888967210714495,0.12925851703406813
2025,01,ROU.23.29_1,0.02789144090527873,0.12024048096192395
2025,01,ROU.23.2_1,0.028781414078247674,0.1282565130260521
2025,01,ROU.23.30_1,0.027312557164847505,0.11523046092184368
2025,01,ROU.23.31_1,0.0314951980686073,0.155310621242485
2025,01,ROU.23.32_1,0.030039419784473272,0.1402805611222445
2025,01,ROU.23.33_1,0.02766205245380968,0.11823647294589178
2025,01,ROU.23.34_1,0.02910426720119381,0.1312625250501002
2025,01,ROU.23.35_1,0.030140353701167032,0.14128256513026052
2025,01,ROU.23.36_1,0.02888967210714496,0.12925851703406813
2025,01,ROU.23.37_1,0.02369285331449488,0.08717434869739475
2025,01,ROU.23.38_1,0.026097943394769077,0.10521042084168335
2025,01,ROU.23.39_1,0.03102345930877965,0.15030060120240482
2025,01,ROU.23.3_1,0.028230263129052656,0.12324649298597194
2025,01,ROU.23.40_1,0.025589245220572862,0.10120240480961921
2025,01,ROU.23.41_1,0.025589245220572862,0.10120240480961921
2025,01,ROU.23.42_1,0.0312137247664421,0.1523046092184369
2025,01,ROU.23.43_1,0.025717710011312605,0.10220440881763525
2025,01,ROU.23.44_1,0.029210616527828543,0.13226452905811623
2025,01,ROU.23.45_1,0.02506648399907038,0.09719438877755508
2025,01,ROU.23.46_1,0.025845307393654433,0.10320641282565128
2025,01,ROU.23.47_1,0.024528897602858382,0.09318637274549095
2025,01,ROU.23.48_1,0.02962983020698757,0.13627254509018036
2025,01,ROU.23.49_1,0.027662052453809722,0.11823647294589178
2025,01,ROU.23.4_1,0.030927528958198135,0.1492985971943888
2025,01,ROU.23.50_1,0.025717710011312428,0.10220440881763525
2025,01,ROU.23.51_1,0.0305383876201467,0.14529058116232466
2025,01,ROU.23.52_1,0.02942144854834706,0.1342685370741483
2025,01,ROU.23.53_1,0.025066483999070355,0.09719438877755508
2025,01,ROU.23.54_1,0.029835806235238602,0.13827655310621242
2025,01,ROU.23.55_1,0.026470656961829545,0.10821643286573145
2025,01,ROU.23.56_1,0.030831061077761693,0.14829659318637275
2025,01,ROU.23.57_1,0.030927528958198114,0.1492985971943888
2025,01,ROU.23.58_1,0.028672507358848305,0.12725450901803606
2025,01,ROU.23.59_1,0.02789144090527877,0.12024048096192395
2025,01,ROU.23.5_1,0.028781414078247605,0.1282565130260521
2025,01,ROU.23.60_1,0.028341830152532003,0.12424849699398798
2025,01,ROU.23.61_1,0.037123809634577364,0.22845691382765518
2025,01,ROU.23.62_1,0.029104267201193752,0.1312625250501002
2025,01,ROU.23.63_1,0.022211972370956436,0.07715430861723442
2025,01,ROU.23.64_1,0.031118856483700347,0.15130260521042085
2025,01,ROU.23.65_1,0.029316341692963908,0.13326653306613226
2025,01,ROU.23.66_1,0.031023459308779432,0.15030060120240482
2025,01,ROU.23.67_1,0.03213421336437078,0.16232464929859722
2025,01,ROU.23.68_1,0.027194583498260667,0.11422845691382753
2025,01,ROU.23.69_1,0.029733116191840034,0.1372745490981964
2025,01,ROU.23.6_1,0.024392087790225492,0.09218436873747492
2025,01,ROU.23.7_1,0.026836119816314608,0.11122244488977955
2025,01,ROU.23.8_1,0.03003941978447331,0.1402805611222445
2025,01,ROU.23.9_1,0.027662052453809635,0.11823647294589178
2025,01,ROU.24.10_1,0.031954122803956236,0.16032064128256515
2025,01,ROU.24.11_1,0.032400712790837984,0.16533066132264532
2025,01,ROU.24.12_1,0.02952594283921816,0.13527054108216433
2025,01,ROU.24.13_1,0.031213724766442012,0.1523046092184369
2025,01,ROU.24.14_1,0.031118856483700396,0.15130260521042085
2025,01,ROU.24.15_1,0.031401891445194466,0.15430861723446895
2025,01,ROU.24.16_1,0.03399270353252683,0.18436873747494983
2025,01,ROU.24.17_1,0.0327494030367726,0.16933867735470945
2025,01,ROU.24.18_1,0.028997287752026903,0.13026052104208416
2025,01,ROU.24.19_1,0.032835411739094406,0.17034068136272537
2025,01,ROU.24.1_1,0.030734051240935423,0.14729458917835672
2025,01,ROU.24.20_1,0.032835411739094406,0.17034068136272537
2025,01,ROU.24.21_1,0.03003941978447329,0.1402805611222445
2025,01,ROU.24.22_1,0.03177205908137902,0.15831663326653309
2025,01,ROU.24.23_1,0.031023459308779467,0.15030060120240482
2025,01,ROU.24.24_1,0.03158799225759021,0.15631262525050102
2025,01,ROU.24.25_1,0.031772059081379055,0.15831663326653309
2025,01,ROU.24.26_1,0.033258631329692014,0.17535070140280565
2025,01,ROU.24.27_1,0.032835411739094406,0.17034068136272537
2025,01,ROU.24.28_1,0.03415115463800166,0.186372745490982
2025,01,ROU.24.29_1,0.03300605504718015,0.17234468937875744
2025,01,ROU.24.2_1,0.03871738909574288,0.25551102204408815
2025,01,ROU.24.30_1,0.03240071279083799,0.16533066132264532
2025,01,ROU.24.31_1,0.03375187911770993,0.18136272545090185
2025,01,ROU.24.32_1,0.03063649494716474,0.1462925851703407
2025,01,ROU.24.33_1,0.030240712502615525,0.14228456913827656
2025,01,ROU.24.34_1,0.037800623893680885,0.23947895791583165
2025,01,ROU.24.35_1,0.0338325771337482,0.18236472945891777
2025,01,ROU.24.36_1,0.031680277964891285,0.15731462925851705
2025,01,ROU.24.37_1,0.03557660719068576,0.20541082164328653
2025,01,ROU.24.38_1,0.03231235979305088,0.16432865731462928
2025,01,ROU.24.39_1,0.031954122803956306,0.16032064128256515
2025,01,ROU.24.3_1,0.03350721333440811,0.17835671342685364
2025,01,ROU.24.40_1,0.03309069590576369,0.17334669338677358
2025,01,ROU.24.41_1,0.032044412894186663,0.16132264529058118
2025,01,ROU.24.42_1,0.0312137247664421,0.1523046092184369
2025,01,ROU.24.43_1,0.03121372476644208,0.1523046092184369
2025,01,ROU.24.44_1,0.03177205908137904,0.15831663326653309
2025,01,ROU.24.45_1,0.03168027796489135,0.15731462925851705
2025,01,ROU.24.46_1,0.03186333943737775,0.15931863727454912
2025,01,ROU.24.47_1,0.032312359793050915,0.16432865731462928
2025,01,ROU.24.48_1,0.029937905682365852,0.13927855711422846
2025,01,ROU.24.49_1,0.032835411739094406,0.17034068136272537
2025,01,ROU.24.4_1,0.034385734965410523,0.1893787575150301
2025,01,ROU.24.50_1,0.027546283549806507,0.11723446893787574
2025,01,ROU.24.51_1,0.03521506562850806,0.20040080160320647
2025,01,ROU.24.52_1,0.03476860943902882,0.19438877755511016
2025,01,ROU.24.53_1,0.030140353701167032,0.14128256513026052
2025,01,ROU.24.54_1,0.033832577133748154,0.18236472945891777
2025,01,ROU.24.55_1,0.032835411739094406,0.17034068136272537
2025,01,ROU.24.56_1,0.032835411739094406,0.17034068136272537
2025,01,ROU.24.57_1,0.03140189144519445,0.15430861723446895
2025,01,ROU.24.58_1,0.0327494030367726,0.16933867735470945
2025,01,ROU.24.59_1,0.03358919997061703,0.17935871743486978
2025,01,ROU.24.5_1,0.031118856483700382,0.15130260521042085
2025,01,ROU.24.60_1,0.032662932057323985,0.16833667334669342
2025,01,ROU.24.61_1,0.031118856483700386,0.15130260521042085
2025,01,ROU.24.62_1,0.033258631329692014,0.17535070140280565
2025,01,ROU.24.63_1,0.03995184438700477,0.27955911823647295
2025,01,ROU.24.64_1,0.03213421336437082,0.16232464929859722
2025,01,ROU.24.65_1,0.03158799225759022,0.15631262525050102
2025,01,ROU.24.66_1,0.032400712790838,0.16533066132264532
2025,01,ROU.24.67_1,0.03168027796489128,0.15731462925851705
2025,01,ROU.24.68_1,0.03257599555835812,0.16733466933867738
2025,01,ROU.24.69_1,0.031954122803956236,0.16032064128256515
2025,01,ROU.24.6_1,0.03375187911770993,0.18136272545090185
2025,01,ROU.24.70_1,0.032835411739094406,0.17034068136272537
2025,01,ROU.24.71_1,0.031863339437377736,0.15931863727454912
2025,01,ROU.24.72_1,0.03111885648370041,0.15130260521042085
2025,01,ROU.24.73_1,0.029835806235238595,0.13827655310621242
2025,01,ROU.24.74_1,0.03158799225759021,0.15631262525050102
2025,01,ROU.24.75_1,0.032920961359545385,0.17134268537074152
2025,01,ROU.24.76_1,0.02867250735884837,0.12725450901803606
2025,01,ROU.24.77_1,0.0313080683713556,0.15330661322645292
2025,01,ROU.24.78_1,0.03186333943737774,0.15931863727454912
2025,01,ROU.24.79_1,0.0346928326657652,0.19338677354709424
2025,01,ROU.24.7_1,0.033341931883997304,0.17635270541082157
2025,01,ROU.24.80_1,0.03102345930877943,0.15030060120240482
2025,01,ROU.24.81_1,0.03257599555835808,0.16733466933867738
2025,01,ROU.24.82_1,0.03309069590576366,0.17334669338677358
2025,01,ROU.24.83_1,0.03438573496541052,0.1893787575150301
2025,01,ROU.24.84_1,0.02973311619184012,0.1372745490981964
2025,01,ROU.24.85_1,0.029210616527828553,0.13226452905811623
2025,01,ROU.24.86_1,0.03415115463800161,0.186372745490982
2025,01,ROU.24.87_1,0.03195412280395626,0.16032064128256515
2025,01,ROU.24.88_1,0.032835411739094406,0.17034068136272537
2025,01,ROU.24.8_1,0.032920961359545406,0.17134268537074152
2025,01,ROU.24.9_1,0.031680277964891305,0.15731462925851705
2025,01,ROU.25.10_1,0.03375187911770993,0.18136272545090185
2025,01,ROU.25.11_1,0.032920961359545524,0.17134268537074152
2025,01,ROU.25.12_1,0.034385734965410496,0.1893787575150301
2025,01,ROU.25.13_1,0.03571861272062169,0.2074148296593187
2025,01,ROU.25.14_1,0.036803040760427085,0.22344689378757523
2025,01,ROU.25.15_1,0.03476860943902885,0.19438877755511016
2025,01,ROU.25.16_1,0.03491898199281637,0.19639278557114234
2025,01,ROU.25.17_1,0.03904139865621319,0.26152304609218435
2025,01,ROU.25.18_1,0.034616659174707735,0.1923847695390781
2025,01,ROU.25.19_1,0.03358919997061708,0.17935871743486978
2025,01,ROU.25.1_1,0.034229758404937326,0.18737474949899793
2025,01,ROU.25.20_1,0.03446311269826631,0.19038076152304603
2025,01,ROU.25.21_1,0.034072137198387906,0.18537074148296598
2025,01,ROU.25.22_1,0.03438573496541056,0.1893787575150301
2025,01,ROU.25.23_1,0.03774069986446013,0.23847695390781562
2025,01,ROU.25.24_1,0.03391285105217096,0.1833667334669339
2025,01,ROU.25.25_1,0.0401420208961686,0.2835671342685371
2025,01,ROU.25.26_1,0.039457257207450025,0.2695390781563126
2025,01,ROU.25.27_1,0.03718696410410584,0.22945891783567132
2025,01,ROU.25.28_1,0.03430795101871428,0.18837675350701397
2025,01,ROU.25.29_1,0.0399997938618311,0.280561122244489
2025,01,ROU.25.2_1,0.034540086638265896,0.19138276553106218
2025,01,ROU.25.30_1,0.039806362264207897,0.27655310621242485
2025,01,ROU.25.31_1,0.03375187911770993,0.18136272545090185
2025,01,ROU.25.32_1,0.04004747252614875,0.2815631262525049
2025,01,ROU.25.33_1,0.036867865902490055,0.22444889779559116
2025,01,ROU.25.34_1,0.03550504892848516,0.2044088176352705
2025,01,ROU.25.35_1,0.040554307228194836,0.2925851703406814
2025,01,ROU.25.36_1,0.03557660719068577,0.20541082164328653
2025,01,ROU.25.37_1,0.041997271772577685,0.32865731462925857
2025,01,ROU.25.38_1,0.03599823425056955,0.21142284569138262
2025,01,ROU.25.39_1,0.03543311767772563,0.20340681362725446
2025,01,ROU.25.3_1,0.033258631329692014,0.17535070140280565
2025,01,ROU.25.40_1,0.041435035641797284,0.31362725450901807
2025,01,ROU.25.41_1,0.034768609439028826,0.19438877755511016
2025,01,ROU.25.42_1,0.03571861272062173,0.2074148296593187
2025,01,ROU.25.43_1,0.040464534844551175,0.2905811623246492
2025,01,ROU.25.44_1,0.035576607190685734,0.20541082164328653
2025,01,ROU.25.45_1,0.03430795101871429,0.18837675350701397
2025,01,ROU.25.46_1,0.03749782275340512,0.2344689378757515
2025,01,ROU.25.47_1,0.035067794865110115,0.1983967935871743
2025,01,ROU.25.48_1,0.033670754307849486,0.1803607214428857
2025,01,ROU.25.49_1,0.035433117677725647,0.20340681362725446
2025,01,ROU.25.4_1,0.04206816021258258,0.33066132264529063
2025,01,ROU.25.50_1,0.03592887278629507,0.2104208416833667
2025,01,ROU.25.51_1,0.04018889231686863,0.2845691382765531
2025,01,ROU.25.52_1,0.04050955188380272,0.29158316633266523
2025,01,ROU.25.53_1,0.033992703532526855,0.18436873747494983
2025,01,ROU.25.5_1,0.03399270353252684,0.18436873747494983
2025,01,ROU.25.6_1,0.0355050489284852,0.2044088176352705
2025,01,ROU.25.7_1,0.034229758404937326,0.18737474949899793
2025,01,ROU.25.8_1,0.03438573496541049,0.1893787575150301
2025,01,ROU.25.9_1,0.0338325771337482,0.18236472945891777
2025,01,ROU.26.10_1,0.04064303594748162,0.29458917835671344
2025,01,ROU.26.11_1,0.033258631329692014,0.17535070140280565
2025,01,ROU.26.12_1,0.03578906391308235,0.20841683366733474
2025,01,ROU.26.13_1,0.033832577133748605,0.18236472945891777
2025,01,ROU.26.14_1,0.034918981992816456,0.19639278557114234
2025,01,ROU.26.15_1,0.035433117677725647,0.20340681362725446
2025,01,ROU.26.16_1,0.03514162192953799,0.19939879759519044
2025,01,ROU.26.17_1,0.034151154638001655,0.186372745490982
2025,01,ROU.26.18_1,0.03571861272062168,0.2074148296593187
2025,01,ROU.26.19_1,0.03461665917470768,0.1923847695390781
2025,01,ROU.26.1_1,0.03484399179204093,0.1953907815631263
2025,01,ROU.26.20_1,0.03484399179204097,0.1953907815631263
2025,01,ROU.26.21_1,0.033912851052170866,0.1833667334669339
2025,01,ROU.26.22_1,0.0395583920384601,0.2715430861723447
2025,01,ROU.26.23_1,0.033992703532526855,0.18436873747494983
2025,01,ROU.26.24_1,0.03266293205732401,0.16833667334669342
2025,01,ROU.26.25_1,0.034843991792040924,0.1953907815631263
2025,01,ROU.26.26_1,0.03446311269826634,0.19038076152304603
2025,01,ROU.26.27_1,0.033912851052170824,0.1833667334669339
2025,01,ROU.26.28_1,0.03647379985239166,0.21843687374749496
2025,01,ROU.26.29_1,0.03350721333440811,0.17835671342685364
2025,01,ROU.26.2_1,0.03430795101871424,0.18837675350701397
2025,01,ROU.26.30_1,0.03620416898054938,0.21442885771543072
2025,01,ROU.26.31_1,0.03430795101871426,0.18837675350701397
2025,01,ROU.26.32_1,0.031863339437377736,0.15931863727454912
2025,01,ROU.26.33_1,0.03578906391308234,0.20841683366733474
2025,01,ROU.26.34_1,0.03613588052320538,0.2134268537074148
2025,01,ROU.26.35_1,0.03334193188399732,0.17635270541082157
2025,01,ROU.26.36_1,0.034692832665765214,0.19338677354709424
2025,01,ROU.26.37_1,0.035928872786295044,0.2104208416833667
2025,01,ROU.26.38_1,0.03499358228034872,0.19739478957915838
2025,01,ROU.26.39_1,0.03564779446325792,0.20641282565130267
2025,01,ROU.26.3_1,0.03543311767772568,0.20340681362725446
2025,01,ROU.26.4_1,0.04050955188380273,0.29158316633266523
2025,01,ROU.26.5_1,0.0362041689805494,0.21442885771543072
2025,01,ROU.26.6_1,0.03399270353252683,0.18436873747494983
2025,01,ROU.26.7_1,0.03550504892848519,0.2044088176352705
2025,01,ROU.26.8_1,0.03367075430784951,0.1803607214428857
2025,01,ROU.26.9_1,0.03585914996722603,0.20941883767535066
2025,01,ROU.27.10_1,0.03222352781522759,0.16332665330661325
2025,01,ROU.27.11_1,0.027429787789472797,0.1162324649298596
2025,01,ROU.27.12_1,0.027429787789472797,0.1162324649298596
2025,01,ROU.27.13_1,0.027075858437251892,0.1132264529058115
2025,01,ROU.27.14_1,0.030636494947164784,0.1462925851703407
2025,01,ROU.27.15_1,0.02158552900591942,0.07314629258517029
2025,01,ROU.27.16_1,0.02683611981631466,0.11122244488977955
2025,01,ROU.27.17_1,0.02719458349826074,0.11422845691382753
2025,01,ROU.27.18_1,0.028230263129052656,0.12324649298597194
2025,01,ROU.27.19_1,0.02910426720119387,0.1312625250501002
2025,01,ROU.27.1_1,0.030636494947164708,0.1462925851703407
2025,01,ROU.27.20_1,0.028005075663230898,0.12124248496993976
2025,01,ROU.27.21_1,0.026956373449295308,0.11222444889779569
2025,01,ROU.27.22_1,0.03350721333440807,0.17835671342685364
2025,01,ROU.27.23_1,0.03043972460605366,0.14428857715430862
2025,01,ROU.27.24_1,0.029835806235238592,0.13827655310621242
2025,01,ROU.27.25_1,0.028230263129052656,0.12324649298597194
2025,01,ROU.27.26_1,0.028781414078247726,0.1282565130260521
2025,01,ROU.27.27_1,0.027194583498260788,0.11422845691382753
2025,01,ROU.27.28_1,0.029937905682365852,0.13927855711422846
2025,01,ROU.27.29_1,0.032488590249385677,0.16633266533066135
2025,01,ROU.27.2_1,0.031587992257590215,0.15631262525050102
2025,01,ROU.27.30_1,0.024933508705536175,0.09619238476953905
2025,01,ROU.27.31_1,0.03213421336437081,0.16232464929859722
2025,01,ROU.27.32_1,0.026593270780774406,0.10921843687374748
2025,01,ROU.27.33_1,0.0271945834982607,0.11422845691382753
2025,01,ROU.27.34_1,0.026956373449295305,0.11222444889779569
2025,01,ROU.27.35_1,0.03102345930877966,0.15030060120240482
2025,01,ROU.27.36_1,0.02354986300012814,0.08617234468937872
2025,01,ROU.27.37_1,0.029835806235238602,0.13827655310621242
2025,01,ROU.27.38_1,0.02811801399473341,0.12224448897795602
2025,01,ROU.27.39_1,0.029210616527828553,0.13226452905811623
2025,01,ROU.27.3_1,0.02942144854834705,0.1342685370741483
2025,01,ROU.27.40_1,0.025329668374153833,0.09919839679358715
2025,01,ROU.27.41_1,0.03231235979305088,0.16432865731462928
2025,01,ROU.27.42_1,0.029210616527828536,0.13226452905811623
2025,01,ROU.27.43_1,0.028230263129052656,0.12324649298597194
2025,01,ROU.27.44_1,0.026836119816314643,0.11122244488977955
2025,01,ROU.27.45_1,0.027312557164847505,0.11523046092184368
2025,01,ROU.27.46_1,0.027662052453809614,0.11823647294589178
2025,01,ROU.27.47_1,0.02671508862897942,0.11022044088176362
2025,01,ROU.27.48_1,0.025589245220572855,0.10120240480961921
2025,01,ROU.27.49_1,0.030538387620146688,0.14529058116232466
2025,01,ROU.27.4_1,0.029629830206987496,0.13627254509018036
2025,01,ROU.27.50_1,0.024115475428418586,0.09018036072144285
2025,01,ROU.27.51_1,0.02622300311665718,0.10621242484969938
2025,01,ROU.27.52_1,0.031772059081379034,0.15831663326653309
2025,01,ROU.27.53_1,0.027194583498260747,0.11422845691382753
2025,01,ROU.27.54_1,0.02707585843725189,0.1132264529058115
2025,01,ROU.27.55_1,0.0305383876201467,0.14529058116232466
2025,01,ROU.27.56_1,0.03130806837135553,0.15330661322645292
2025,01,ROU.27.57_1,0.02856294552110011,0.12625250501002003
2025,01,ROU.27.58_1,0.026956373449295315,0.11222444889779569
2025,01,ROU.27.59_1,0.030636494947164774,0.1462925851703407
2025,01,ROU.27.5_1,0.02777710234462388,0.1192384769539077
2025,01,ROU.27.60_1,0.029104267201193832,0.1312625250501002
2025,01,ROU.27.61_1,0.029210616527828536,0.13226452905811623
2025,01,ROU.27.62_1,0.029104267201193766,0.1312625250501002
2025,01,ROU.27.63_1,0.032134213364370744,0.16232464929859722
2025,01,ROU.27.64_1,0.03034050117169257,0.1432865731462926
2025,01,ROU.27.65_1,0.026956373449295298,0.11222444889779569
2025,01,ROU.27.66_1,0.030734051240935378,0.14729458917835672
2025,01,ROU.27.67_1,0.028781414078247674,0.1282565130260521
2025,01,ROU.27.68_1,0.028889672107144958,0.12925851703406813
2025,01,ROU.27.69_1,0.0247995945792919,0.09519038076152302
2025,01,ROU.27.6_1,0.0305383876201467,0.14529058116232466
2025,01,ROU.27.7_1,0.029525942839218243,0.13527054108216433
2025,01,ROU.27.8_1,0.029316341692963904,0.13326653306613226
2025,01,ROU.27.9_1,0.02973311619184021,0.1372745490981964
2025,01,ROU.28.10_1,0.03415115463800164,0.186372745490982
2025,01,ROU.28.11_1,0.03231235979305094,0.16432865731462928
2025,01,ROU.28.12_1,0.03092752895819813,0.1492985971943888
2025,01,ROU.28.13_1,0.029525942839218205,0.13527054108216433
2025,01,ROU.28.14_1,0.03140189144519443,0.15430861723446895
2025,01,ROU.28.15_1,0.031863339437377715,0.15931863727454912
2025,01,ROU.28.16_1,0.03877212344211008,0.2565130260521042
2025,01,ROU.28.17_1,0.039708003775604926,0.2745490981963928
2025,01,ROU.28.18_1,0.0339927035325268,0.18436873747494983
2025,01,ROU.28.19_1,0.03309069590576374,0.17334669338677358
2025,01,ROU.28.1_1,0.031401891445194445,0.15430861723446895
2025,01,ROU.28.20_1,0.0349189819928164,0.19639278557114234
2025,01,ROU.28.21_1,0.03283541173909442,0.17034068136272537
2025,01,ROU.28.22_1,0.03240071279083796,0.16533066132264532
2025,01,ROU.28.23_1,0.029733116191840134,0.1372745490981964
2025,01,ROU.28.24_1,0.032749403036772665,0.16933867735470945
2025,01,ROU.28.25_1,0.030039419784473283,0.1402805611222445
2025,01,ROU.28.26_1,0.0342297584049373,0.18737474949899793
2025,01,ROU.28.27_1,0.03186333943737773,0.15931863727454912
2025,01,ROU.28.28_1,0.0330060550471802,0.17234468937875744
2025,01,ROU.28.29_1,0.03491898199281642,0.19639278557114234
2025,01,ROU.28.2_1,0.027194583498260646,0.11422845691382753
2025,01,ROU.28.30_1,0.03168027796489127,0.15731462925851705
2025,01,ROU.28.31_1,0.030240712502615518,0.14228456913827656
2025,01,ROU.28.32_1,0.028889672107144968,0.12925851703406813
2025,01,ROU.28.33_1,0.029733116191840145,0.1372745490981964
2025,01,ROU.28.34_1,0.025329668374153853,0.09919839679358715
2025,01,ROU.28.35_1,0.0305383876201467,0.14529058116232466
2025,01,ROU.28.36_1,0.03391285105217086,0.1833667334669339
2025,01,ROU.28.37_1,0.032223527815227596,0.16332665330661325
2025,01,ROU.28.38_1,0.031772059081379034,0.15831663326653309
2025,01,ROU.28.39_1,0.027777102344623786,0.1192384769539077
2025,01,ROU.28.3_1,0.030831061077761623,0.14829659318637275
2025,01,ROU.28.40_1,0.039251607817131696,0.2655310621242485
2025,01,ROU.28.41_1,0.039608540399406575,0.2725450901803607
2025,01,ROU.28.42_1,0.03177205908137903,0.15831663326653309
2025,01,ROU.28.43_1,0.03240071279083801,0.16533066132264532
2025,01,ROU.28.44_1,0.03266293205732403,0.16833667334669342
2025,01,ROU.28.45_1,0.026470656961829573,0.10821643286573145
2025,01,ROU.28.46_1,0.028230263129052656,0.12324649298597194
2025,01,ROU.28.47_1,0.03317488699465893,0.1743486973947895
2025,01,ROU.28.48_1,0.03383257713374818,0.18236472945891777
2025,01,ROU.28.49_1,0.03140189144519445,0.15430861723446895
2025,01,ROU.28.4_1,0.032662932057324,0.16833667334669342
2025,01,ROU.28.50_1,0.033507213334408106,0.17835671342685364
2025,01,ROU.28.51_1,0.032835411739094406,0.17034068136272537
2025,01,ROU.28.52_1,0.03342479158883791,0.1773547094188377
2025,01,ROU.28.53_1,0.03334193188399739,0.17635270541082157
2025,01,ROU.28.54_1,0.030831061077761693,0.14829659318637275
2025,01,ROU.28.55_1,0.029733116191840128,0.1372745490981964
2025,01,ROU.28.56_1,0.03168027796489125,0.15731462925851705
2025,01,ROU.28.57_1,0.03204441289418668,0.16132264529058118
2025,01,ROU.28.58_1,0.03543311767772564,0.20340681362725446
2025,01,ROU.28.59_1,0.03168027796489131,0.15731462925851705
2025,01,ROU.28.5_1,0.027546283549806514,0.11723446893787574
2025,01,ROU.28.60_1,0.03317488699465887,0.1743486973947895
2025,01,ROU.28.61_1,0.030439724606053667,0.14428857715430862
2025,01,ROU.28.62_1,0.032488590249385683,0.16633266533066135
2025,01,ROU.28.63_1,0.0330060550471802,0.17234468937875744
2025,01,ROU.28.64_1,0.03130806837135558,0.15330661322645292
2025,01,ROU.28.6_1,0.028672507358848322,0.12725450901803606
2025,01,ROU.28.7_1,0.03342479158883787,0.1773547094188377
2025,01,ROU.28.8_1,0.0324885902493857,0.16633266533066135
2025,01,ROU.28.9_1,0.03149519806860735,0.155310621242485
2025,01,ROU.29.10_1,0.028230263129052656,0.12324649298597194
2025,01,ROU.29.11_1,0.028230263129052656,0.12324649298597194
2025,01,ROU.29.12_1,0.028672507358848267,0.12725450901803606
2025,01,ROU.29.13_1,0.027662052453809646,0.11823647294589178
2025,01,ROU.29.14_1,0.026470656961829528,0.10821643286573145
2025,01,ROU.29.15_1,0.028889672107144958,0.12925851703406813
2025,01,ROU.29.16_1,0.027312557164847505,0.11523046092184368
2025,01,ROU.29.17_1,0.027891440905278793,0.12024048096192395
2025,01,ROU.29.18_1,0.027891440905278765,0.12024048096192395
2025,01,ROU.29.19_1,0.026715088628979245,0.11022044088176362
2025,01,ROU.29.1_1,0.028562945521100103,0.12625250501002003
2025,01,ROU.29.20_1,0.02519853310943031,0.09819639278557112
2025,01,ROU.29.21_1,0.028781414078247726,0.1282565130260521
2025,01,ROU.29.22_1,0.028005075663230905,0.12124248496993976
2025,01,ROU.29.23_1,0.02878141407824767,0.1282565130260521
2025,01,ROU.29.24_1,0.02647065696182949,0.10821643286573145
2025,01,ROU.29.25_1,0.030340501171692583,0.1432865731462926
2025,01,ROU.29.26_1,0.027546283549806493,0.11723446893787574
2025,01,ROU.29.27_1,0.02888967210714496,0.12925851703406813
2025,01,ROU.29.28_1,0.026715088628979308,0.11022044088176362
2025,01,ROU.29.29_1,0.026097943394769053,0.10521042084168335
2025,01,ROU.29.2_1,0.026715088628979276,0.11022044088176362
2025,01,ROU.29.30_1,0.025845307393654475,0.10320641282565128
2025,01,ROU.29.31_1,0.027312557164847505,0.11523046092184368
2025,01,ROU.29.32_1,0.029104267201193766,0.1312625250501002
2025,01,ROU.29.33_1,0.027546283549806507,0.11723446893787574
2025,01,ROU.29.34_1,0.025717710011312515,0.10220440881763525
2025,01,ROU.29.35_1,0.028781414078247674,0.1282565130260521
2025,01,ROU.29.36_1,0.02719458349826068,0.11422845691382753
2025,01,ROU.29.37_1,0.028672507358848295,0.12725450901803606
2025,01,ROU.29.38_1,0.027546283549806507,0.11723446893787574
2025,01,ROU.29.39_1,0.02742978778947277,0.1162324649298596
2025,01,ROU.29.3_1,0.026223003116657193,0.10621242484969938
2025,01,ROU.29.40_1,0.026956373449295308,0.11222444889779569
2025,01,ROU.29.41_1,0.02671508862897923,0.11022044088176362
2025,01,ROU.29.42_1,0.024528897602858493,0.09318637274549095
2025,01,ROU.29.43_1,0.02777710234462389,0.1192384769539077
2025,01,ROU.29.44_1,0.02545990182947928,0.10020040080160318
2025,01,ROU.29.45_1,0.02707585843725189,0.1132264529058115
2025,01,ROU.29.46_1,0.02766205245380969,0.11823647294589178
2025,01,ROU.29.47_1,0.027891440905278796,0.12024048096192395
2025,01,ROU.29.48_1,0.02942144854834706,0.1342685370741483
2025,01,ROU.29.49_1,0.02952594283921818,0.13527054108216433
2025,01,ROU.29.4_1,0.02609794339476907,0.10521042084168335
2025,01,ROU.29.50_1,0.027194583498260705,0.11422845691382753
2025,01,ROU.29.51_1,0.024933508705536123,0.09619238476953905
2025,01,ROU.29.52_1,0.027075858437251854,0.1132264529058115
2025,01,ROU.29.53_1,0.02766205245380956,0.11823647294589178
2025,01,ROU.29.54_1,0.028889672107144958,0.12925851703406813
2025,01,ROU.29.55_1,0.026956373449295308,0.11222444889779569
2025,01,ROU.29.56_1,0.026593270780774413,0.10921843687374748
2025,01,ROU.29.57_1,0.025972048296596967,0.10420841683366731
2025,01,ROU.29.58_1,0.02899728775202692,0.13026052104208416
2025,01,ROU.29.59_1,0.028005075663230895,0.12124248496993976
2025,01,ROU.29.5_1,0.025589245220572824,0.10120240480961921
2025,01,ROU.29.60_1,0.028562945521100103,0.12625250501002003
2025,01,ROU.29.61_1,0.02777710234462378,0.1192384769539077
2025,01,ROU.29.62_1,0.02983580623523862,0.13827655310621242
2025,01,ROU.29.63_1,0.028672507358848322,0.12725450901803606
2025,01,ROU.29.64_1,0.027891440905278758,0.12024048096192395
2025,01,ROU.29.65_1,0.026956373449295315,0.11222444889779569
2025,01,ROU.29.66_1,0.028118013994733404,0.12224448897795602
2025,01,ROU.29.67_1,0.02683611981631456,0.11122244488977955
2025,01,ROU.29.68_1,0.02777710234462388,0.1192384769539077
2025,01,ROU.29.69_1,0.027662052453809663,0.11823647294589178
2025,01,ROU.29.6_1,0.02800507566323091,0.12124248496993976
2025,01,ROU.29.70_1,0.026470656961829576,0.10821643286573145
2025,01,ROU.29.71_1,0.028889672107144958,0.12925851703406813
2025,01,ROU.29.72_1,0.026715088628979304,0.11022044088176362
2025,01,ROU.29.73_1,0.02910426720119378,0.1312625250501002
2025,01,ROU.29.74_1,0.02777710234462391,0.1192384769539077
2025,01,ROU.29.75_1,0.02867250735884836,0.12725450901803606
2025,01,ROU.29.76_1,0.025589245220572862,0.10120240480961921
2025,01,ROU.29.77_1,0.029937905682365845,0.13927855711422846
2025,01,ROU.29.78_1,0.026956373449295308,0.11222444889779569
2025,01,ROU.29.79_1,0.027546283549806493,0.11723446893787574
2025,01,ROU.29.7_1,0.027777102344623883,0.1192384769539077
2025,01,ROU.29.80_1,0.026956373449295315,0.11222444889779569
2025,01,ROU.29.81_1,0.02571771001131261,0.10220440881763525
2025,01,ROU.29.82_1,0.025066483999070317,0.09719438877755508
2025,01,ROU.29.83_1,0.028118013994733373,0.12224448897795602
2025,01,ROU.29.84_1,0.027891440905278737,0.12024048096192395
2025,01,ROU.29.85_1,0.02878141407824769,0.1282565130260521
2025,01,ROU.29.86_1,0.02800507566323091,0.12124248496993976
2025,01,ROU.29.87_1,0.03168027796489136,0.15731462925851705
2025,01,ROU.29.88_1,0.029421448548347058,0.1342685370741483
2025,01,ROU.29.89_1,0.034307951018714304,0.18837675350701397
2025,01,ROU.29.8_1,0.02742978778947277,0.1162324649298596
2025,01,ROU.29.90_1,0.026470656961829583,0.10821643286573145
2025,01,ROU.29.91_1,0.02766205245380968,0.11823647294589178
2025,01,ROU.29.92_1,0.02834183015253203,0.12424849699398798
2025,01,ROU.29.93_1,0.02777710234462391,0.1192384769539077
2025,01,ROU.29.94_1,0.028230263129052656,0.12324649298597194
2025,01,ROU.29.95_1,0.028118013994733394,0.12224448897795602
2025,01,ROU.29.96_1,0.03063649494716474,0.1462925851703407
2025,01,ROU.29.97_1,0.029629830206987583,0.13627254509018036
2025,01,ROU.29.9_1,0.02766205245380967,0.11823647294589178
2025,01,ROU.3.10_1,0.03102345930877944,0.15030060120240482
2025,01,ROU.3.11_1,0.02800507566323091,0.12124248496993976
2025,01,ROU.3.12_1,0.029210616527828536,0.13226452905811623
2025,01,ROU.3.13_1,0.033589199970617066,0.17935871743486978
2025,01,ROU.3.14_1,0.026836119816314664,0.11122244488977955
2025,01,ROU.3.15_1,0.0291042672011938,0.1312625250501002
2025,01,ROU.3.16_1,0.025589245220572862,0.10120240480961921
2025,01,ROU.3.17_1,0.024254285194864847,0.09118236472945888
2025,01,ROU.3.18_1,0.031772059081379034,0.15831663326653309
2025,01,ROU.3.19_1,0.027429787789472807,0.1162324649298596
2025,01,ROU.3.1_1,0.026347237652495602,0.10721442885771541
2025,01,ROU.3.20_1,0.02009435794928196,0.0641282565130261
2025,01,ROU.3.21_1,0.032488590249385704,0.16633266533066135
2025,01,ROU.3.22_1,0.029629830206987583,0.13627254509018036
2025,01,ROU.3.23_1,0.0274297877894728,0.1162324649298596
2025,01,ROU.3.24_1,0.027312557164847505,0.11523046092184368
2025,01,ROU.3.25_1,0.03140189144519445,0.15430861723446895
2025,01,ROU.3.26_1,0.026715088628979266,0.11022044088176362
2025,01,ROU.3.27_1,0.028781414078247698,0.1282565130260521
2025,01,ROU.3.28_1,0.028672507358848437,0.12725450901803606
2025,01,ROU.3.29_1,0.031954122803956306,0.16032064128256515
2025,01,ROU.3.2_1,0.031023459308779647,0.15030060120240482
2025,01,ROU.3.30_1,0.02899728775202691,0.13026052104208416
2025,01,ROU.3.31_1,0.030340501171692562,0.1432865731462926
2025,01,ROU.3.32_1,0.028672507358848284,0.12725450901803606
2025,01,ROU.3.33_1,0.02266852029984657,0.08016032064128252
2025,01,ROU.3.34_1,0.030927528958198114,0.1492985971943888
2025,01,ROU.3.35_1,0.03034050117169255,0.1432865731462926
2025,01,ROU.3.36_1,0.02942144854834706,0.1342685370741483
2025,01,ROU.3.37_1,0.02888967210714496,0.12925851703406813
2025,01,ROU.3.38_1,0.031308068371355545,0.15330661322645292
2025,01,ROU.3.39_1,0.024799594579291786,0.09519038076152302
2025,01,ROU.3.3_1,0.02766205245380972,0.11823647294589178
2025,01,ROU.3.40_1,0.028230263129052656,0.12324649298597194
2025,01,ROU.3.41_1,0.03240071279083802,0.16533066132264532
2025,01,ROU.3.42_1,0.029316341692963904,0.13326653306613226
2025,01,ROU.3.43_1,0.032835411739094406,0.17034068136272537
2025,01,ROU.3.44_1,0.030927528958198135,0.1492985971943888
2025,01,ROU.3.45_1,0.02597204829659694,0.10420841683366731
2025,01,ROU.3.46_1,0.03102345930877945,0.15030060120240482
2025,01,ROU.3.47_1,0.029525942839218198,0.13527054108216433
2025,01,ROU.3.48_1,0.03003941978447327,0.1402805611222445
2025,01,ROU.3.49_1,0.032044412894186684,0.16132264529058118
2025,01,ROU.3.4_1,0.029210616527828533,0.13226452905811623
2025,01,ROU.3.50_1,0.02742978778947274,0.1162324649298596
2025,01,ROU.3.51_1,0.03003941978447327,0.1402805611222445
2025,01,ROU.3.52_1,0.029629830206987628,0.13627254509018036
2025,01,ROU.3.53_1,0.029316341692963908,0.13326653306613226
2025,01,ROU.3.54_1,0.02834183015253207,0.12424849699398798
2025,01,ROU.3.55_1,0.032835411739094406,0.17034068136272537
2025,01,ROU.3.56_1,0.02742978778947277,0.1162324649298596
2025,01,ROU.3.57_1,0.02993790568236587,0.13927855711422846
2025,01,ROU.3.58_1,0.03358919997061709,0.17935871743486978
2025,01,ROU.3.59_1,0.030636494947164746,0.1462925851703407
2025,01,ROU.3.5_1,0.02811801399473341,0.12224448897795602
2025,01,ROU.3.60_1,0.02369285331449492,0.08717434869739475
2025,01,ROU.3.61_1,0.03213421336437084,0.16232464929859722
2025,01,ROU.3.62_1,0.027891440905278765,0.12024048096192395
2025,01,ROU.3.63_1,0.030734051240935395,0.14729458917835672
2025,01,ROU.3.64_1,0.03177205908137902,0.15831663326653309
2025,01,ROU.3.65_1,0.031023459308779453,0.15030060120240482
2025,01,ROU.3.66_1,0.02742978778947277,0.1162324649298596
2025,01,ROU.3.67_1,0.0308310610777617,0.14829659318637275
2025,01,ROU.3.68_1,0.02942144854834706,0.1342685370741483
2025,01,ROU.3.69_1,0.02983580623523863,0.13827655310621242
2025,01,ROU.3.6_1,0.028781414078247625,0.1282565130260521
2025,01,ROU.3.70_1,0.028997287752026882,0.13026052104208416
2025,01,ROU.3.71_1,0.031772059081379034,0.15831663326653309
2025,01,ROU.3.72_1,0.0324885902493857,0.16633266533066135
2025,01,ROU.3.73_1,0.03231235979305087,0.16432865731462928
2025,01,ROU.3.74_1,0.020937463855137724,0.06913827655310616
2025,01,ROU.3.75_1,0.023975643714878845,0.08917835671342682
2025,01,ROU.3.76_1,0.029104267201193856,0.1312625250501002
2025,01,ROU.3.77_1,0.0323123597930509,0.16432865731462928
2025,01,ROU.3.78_1,0.029316341692963915,0.13326653306613226
2025,01,ROU.3.79_1,0.03158799225759021,0.15631262525050102
2025,01,ROU.3.7_1,0.03358919997061701,0.17935871743486978
2025,01,ROU.3.80_1,0.030831061077761707,0.14829659318637275
2025,01,ROU.3.81_1,0.02558924522057285,0.10120240480961921
2025,01,ROU.3.82_1,0.03204441289418672,0.16132264529058118
2025,01,ROU.3.83_1,0.02766205245380968,0.11823647294589178
2025,01,ROU.3.84_1,0.03168027796489127,0.15731462925851705
2025,01,ROU.3.85_1,0.03168027796489125,0.15731462925851705
2025,01,ROU.3.86_1,0.028781414078247726,0.1282565130260521
2025,01,ROU.3.87_1,0.02888967210714496,0.12925851703406813
2025,01,ROU.3.88_1,0.03092752895819813,0.1492985971943888
2025,01,ROU.3.89_1,0.029733116191840138,0.1372745490981964
2025,01,ROU.3.8_1,0.030927528958198135,0.1492985971943888
2025,01,ROU.3.90_1,0.03334193188399739,0.17635270541082157
2025,01,ROU.3.91_1,0.028005075663230898,0.12124248496993976
2025,01,ROU.3.92_1,0.02671508862897927,0.11022044088176362
2025,01,ROU.3.93_1,0.025198533109430415,0.09819639278557112
2025,01,ROU.3.94_1,0.026097943394769077,0.10521042084168335
2025,01,ROU.3.95_1,0.02952594283921813,0.13527054108216433
2025,01,ROU.3.96_1,0.028452722012509257,0.125250501002004
2025,01,ROU.3.97_1,0.030039419784473272,0.1402805611222445
2025,01,ROU.3.98_1,0.029525942839218236,0.13527054108216433
2025,01,ROU.3.99_1,0.02789144090527871,0.12024048096192395
2025,01,ROU.3.9_1,0.02622300311665721,0.10621242484969938
2025,01,ROU.30.10_1,0.024115475428418624,0.09018036072144285
2025,01,ROU.30.11_1,0.03034050117169257,0.1432865731462926
2025,01,ROU.30.12_1,0.03073405124093544,0.14729458917835672
2025,01,ROU.30.13_1,0.031023459308779467,0.15030060120240482
2025,01,ROU.30.14_1,0.03053838762014669,0.14529058116232466
2025,01,ROU.30.15_1,0.031401891445194445,0.15430861723446895
2025,01,ROU.30.16_1,0.025459901829479162,0.10020040080160318
2025,01,ROU.30.17_1,0.03334193188399726,0.17635270541082157
2025,01,ROU.30.18_1,0.03014035370116704,0.14128256513026052
2025,01,ROU.30.19_1,0.026347237652495647,0.10721442885771541
2025,01,ROU.30.1_1,0.028781414078247688,0.1282565130260521
2025,01,ROU.30.20_1,0.023549863000128148,0.08617234468937872
2025,01,ROU.30.21_1,0.028672507358848364,0.12725450901803606
2025,01,ROU.30.22_1,0.03063649494716472,0.1462925851703407
2025,01,ROU.30.23_1,0.027546283549806518,0.11723446893787574
2025,01,ROU.30.24_1,0.028341830152532086,0.12424849699398798
2025,01,ROU.30.25_1,0.028452722012509233,0.125250501002004
2025,01,ROU.30.26_1,0.026593270780774413,0.10921843687374748
2025,01,ROU.30.27_1,0.03168027796489128,0.15731462925851705
2025,01,ROU.30.28_1,0.029316341692963915,0.13326653306613226
2025,01,ROU.30.29_1,0.03177205908137902,0.15831663326653309
2025,01,ROU.30.2_1,0.030734051240935385,0.14729458917835672
2025,01,ROU.30.30_1,0.031954122803956264,0.16032064128256515
2025,01,ROU.30.31_1,0.024799594579291873,0.09519038076152302
2025,01,ROU.30.32_1,0.025972048296596984,0.10420841683366731
2025,01,ROU.30.33_1,0.025066483999070285,0.09719438877755508
2025,01,ROU.30.34_1,0.03292096135954542,0.17134268537074152
2025,01,ROU.30.35_1,0.030439724606053667,0.14428857715430862
2025,01,ROU.30.36_1,0.030240712502615525,0.14228456913827656
2025,01,ROU.30.37_1,0.03063649494716468,0.1462925851703407
2025,01,ROU.30.38_1,0.030240712502615525,0.14228456913827656
2025,01,ROU.30.39_1,0.032749403036772595,0.16933867735470945
2025,01,ROU.30.3_1,0.027546283549806514,0.11723446893787574
2025,01,ROU.30.40_1,0.027546283549806514,0.11723446893787574
2025,01,ROU.30.41_1,0.029629830206987617,0.13627254509018036
2025,01,ROU.30.42_1,0.029210616527828543,0.13226452905811623
2025,01,ROU.30.43_1,0.02878141407824771,0.1282565130260521
2025,01,ROU.30.44_1,0.02707585843725187,0.1132264529058115
2025,01,ROU.30.45_1,0.026470656961829597,0.10821643286573145
2025,01,ROU.30.46_1,0.030140353701167032,0.14128256513026052
2025,01,ROU.30.47_1,0.02777710234462387,0.1192384769539077
2025,01,ROU.30.48_1,0.029210616527828547,0.13226452905811623
2025,01,ROU.30.49_1,0.03053838762014671,0.14529058116232466
2025,01,ROU.30.4_1,0.028005075663230905,0.12124248496993976
2025,01,ROU.30.50_1,0.030439724606053667,0.14428857715430862
2025,01,ROU.30.51_1,0.02888967210714496,0.12925851703406813
2025,01,ROU.30.52_1,0.03484399179204098,0.1953907815631263
2025,01,ROU.30.53_1,0.02952594283921822,0.13527054108216433
2025,01,ROU.30.54_1,0.030538387620146715,0.14529058116232466
2025,01,ROU.30.55_1,0.03761990025427183,0.23647294589178355
2025,01,ROU.30.56_1,0.030636494947164746,0.1462925851703407
2025,01,ROU.30.57_1,0.034843991792040986,0.1953907815631263
2025,01,ROU.30.58_1,0.030340501171692517,0.1432865731462926
2025,01,ROU.30.59_1,0.031023459308779488,0.15030060120240482
2025,01,ROU.30.5_1,0.026470656961829583,0.10821643286573145
2025,01,ROU.30.60_1,0.029525942839218246,0.13527054108216433
2025,01,ROU.30.61_1,0.03838273329162207,0.24949899799599198
2025,01,ROU.30.62_1,0.025717710011312487,0.10220440881763525
2025,01,ROU.30.63_1,0.02993790568236586,0.13927855711422846
2025,01,ROU.30.64_1,0.025589245220572855,0.10120240480961921
2025,01,ROU.30.65_1,0.02899728775202691,0.13026052104208416
2025,01,ROU.30.66_1,0.03063649494716469,0.1462925851703407
2025,01,ROU.30.67_1,0.030831061077761755,0.14829659318637275
2025,01,ROU.30.68_1,0.030734051240935416,0.14729458917835672
2025,01,ROU.30.69_1,0.031213724766442078,0.1523046092184369
2025,01,ROU.30.6_1,0.021585529005919243,0.07314629258517029
2025,01,ROU.30.70_1,0.030927528958198124,0.1492985971943888
2025,01,ROU.30.71_1,0.03248859024938566,0.16633266533066135
2025,01,ROU.30.72_1,0.02899728775202694,0.13026052104208416
2025,01,ROU.30.73_1,0.02921061652782857,0.13226452905811623
2025,01,ROU.30.74_1,0.03620416898054942,0.21442885771543072
2025,01,ROU.30.7_1,0.023549863000128127,0.08617234468937872
2025,01,ROU.30.8_1,0.031213724766442106,0.1523046092184369
2025,01,ROU.30.9_1,0.027891440905278748,0.12024048096192395
2025,01,ROU.31.100_1,0.029316341692963908,0.13326653306613226
2025,01,ROU.31.101_1,0.03257599555835813,0.16733466933867738
2025,01,ROU.31.10_1,0.03140189144519441,0.15430861723446895
2025,01,ROU.31.11_1,0.037312285887030866,0.23146292585170328
2025,01,ROU.31.12_1,0.034692832665765165,0.19338677354709424
2025,01,ROU.31.13_1,0.030831061077761707,0.14829659318637275
2025,01,ROU.31.14_1,0.03257599555835813,0.16733466933867738
2025,01,ROU.31.15_1,0.03407213719838794,0.18537074148296598
2025,01,ROU.31.16_1,0.031118856483700375,0.15130260521042085
2025,01,ROU.31.17_1,0.03446311269826634,0.19038076152304603
2025,01,ROU.31.18_1,0.03240071279083799,0.16533066132264532
2025,01,ROU.31.19_1,0.03257599555835815,0.16733466933867738
2025,01,ROU.31.1_1,0.03130806837135556,0.15330661322645292
2025,01,ROU.31.20_1,0.03334193188399738,0.17635270541082157
2025,01,ROU.31.21_1,0.03092752895819812,0.1492985971943888
2025,01,ROU.31.22_1,0.031308068371355594,0.15330661322645292
2025,01,ROU.31.23_1,0.033258631329692014,0.17535070140280565
2025,01,ROU.31.24_1,0.03350721333440809,0.17835671342685364
2025,01,ROU.31.25_1,0.030927528958198124,0.1492985971943888
2025,01,ROU.31.26_1,0.03204441289418665,0.16132264529058118
2025,01,ROU.31.27_1,0.03213421336437079,0.16232464929859722
2025,01,ROU.31.28_1,0.03415115463800166,0.186372745490982
2025,01,ROU.31.29_1,0.03454008663826589,0.19138276553106218
2025,01,ROU.31.2_1,0.03240071279083798,0.16533066132264532
2025,01,ROU.31.30_1,0.031023459308779477,0.15030060120240482
2025,01,ROU.31.31_1,0.03204441289418666,0.16132264529058118
2025,01,ROU.31.32_1,0.034385734965410565,0.1893787575150301
2025,01,ROU.31.33_1,0.03177205908137904,0.15831663326653309
2025,01,ROU.31.34_1,0.033992703532526834,0.18436873747494983
2025,01,ROU.31.35_1,0.03350721333440811,0.17835671342685364
2025,01,ROU.31.36_1,0.032662932057324026,0.16833667334669342
2025,01,ROU.31.37_1,0.031680277964891326,0.15731462925851705
2025,01,ROU.31.38_1,0.032488590249385683,0.16633266533066135
2025,01,ROU.31.39_1,0.03358919997061703,0.17935871743486978
2025,01,ROU.31.3_1,0.03240071279083797,0.16533066132264532
2025,01,ROU.31.40_1,0.03102345930877945,0.15030060120240482
2025,01,ROU.31.41_1,0.0334247915888379,0.1773547094188377
2025,01,ROU.31.42_1,0.0325759955583581,0.16733466933867738
2025,01,ROU.31.43_1,0.032749403036772595,0.16933867735470945
2025,01,ROU.31.44_1,0.029835806235238602,0.13827655310621242
2025,01,ROU.31.45_1,0.03240071279083802,0.16533066132264532
2025,01,ROU.31.46_1,0.03909438201518482,0.2625250501002004
2025,01,ROU.31.47_1,0.03195412280395624,0.16032064128256515
2025,01,ROU.31.48_1,0.03177205908137903,0.15831663326653309
2025,01,ROU.31.49_1,0.03177205908137905,0.15831663326653309
2025,01,ROU.31.4_1,0.03334193188399739,0.17635270541082157
2025,01,ROU.31.50_1,0.03213421336437079,0.16232464929859722
2025,01,ROU.31.51_1,0.029835806235238613,0.13827655310621242
2025,01,ROU.31.52_1,0.030140353701167032,0.14128256513026052
2025,01,ROU.31.53_1,0.03102345930877964,0.15030060120240482
2025,01,ROU.31.54_1,0.03367075430784943,0.1803607214428857
2025,01,ROU.31.55_1,0.03342479158883788,0.1773547094188377
2025,01,ROU.31.56_1,0.032662932057324005,0.16833667334669342
2025,01,ROU.31.57_1,0.03168027796489128,0.15731462925851705
2025,01,ROU.31.58_1,0.032488590249385725,0.16633266533066135
2025,01,ROU.31.59_1,0.03177205908137902,0.15831663326653309
2025,01,ROU.31.5_1,0.03063649494716474,0.1462925851703407
2025,01,ROU.31.60_1,0.03240071279083802,0.16533066132264532
2025,01,ROU.31.61_1,0.03121372476644211,0.1523046092184369
2025,01,ROU.31.62_1,0.030240712502615525,0.14228456913827656
2025,01,ROU.31.63_1,0.035998234250569555,0.21142284569138262
2025,01,ROU.31.64_1,0.03855140733844689,0.25250501002004005
2025,01,ROU.31.65_1,0.03970800377560492,0.2745490981963928
2025,01,ROU.31.66_1,0.03476860943902884,0.19438877755511016
2025,01,ROU.31.67_1,0.031023459308779675,0.15030060120240482
2025,01,ROU.31.68_1,0.034229758404937305,0.18737474949899793
2025,01,ROU.31.69_1,0.031213724766442106,0.1523046092184369
2025,01,ROU.31.6_1,0.031680277964891264,0.15731462925851705
2025,01,ROU.31.70_1,0.03149519806860732,0.155310621242485
2025,01,ROU.31.71_1,0.038772123442110076,0.2565130260521042
2025,01,ROU.31.72_1,0.0349189819928164,0.19639278557114234
2025,01,ROU.31.73_1,0.033992703532526834,0.18436873747494983
2025,01,ROU.31.74_1,0.03257599555835815,0.16733466933867738
2025,01,ROU.31.75_1,0.03248859024938566,0.16633266533066135
2025,01,ROU.31.76_1,0.035141621929538,0.19939879759519044
2025,01,ROU.31.77_1,0.03375187911770995,0.18136272545090185
2025,01,ROU.31.78_1,0.033751879117709924,0.18136272545090185
2025,01,ROU.31.79_1,0.03257599555835815,0.16733466933867738
2025,01,ROU.31.7_1,0.0314018914451944,0.15430861723446895
2025,01,ROU.31.80_1,0.03415115463800163,0.186372745490982
2025,01,ROU.31.81_1,0.030240712502615525,0.14228456913827656
2025,01,ROU.31.82_1,0.031118856483700403,0.15130260521042085
2025,01,ROU.31.83_1,0.032488590249385725,0.16633266533066135
2025,01,ROU.31.84_1,0.031401891445194445,0.15430861723446895
2025,01,ROU.31.85_1,0.038382733291622055,0.24949899799599198
2025,01,ROU.31.86_1,0.03240071279083805,0.16533066132264532
2025,01,ROU.31.87_1,0.032575995558358134,0.16733466933867738
2025,01,ROU.31.88_1,0.03407213719838788,0.18537074148296598
2025,01,ROU.31.89_1,0.03999979386183116,0.280561122244489
2025,01,ROU.31.8_1,0.03292096135954545,0.17134268537074152
2025,01,ROU.31.90_1,0.033258631329692014,0.17535070140280565
2025,01,ROU.31.91_1,0.032044412894186684,0.16132264529058118
2025,01,ROU.31.92_1,0.03506779486511014,0.1983967935871743
2025,01,ROU.31.93_1,0.03083106107776168,0.14829659318637275
2025,01,ROU.31.94_1,0.03940626880286667,0.2685370741482966
2025,01,ROU.31.95_1,0.03849548335707844,0.251503006012024
2025,01,ROU.31.96_1,0.032223527815227596,0.16332665330661325
2025,01,ROU.31.97_1,0.03309069590576369,0.17334669338677358
2025,01,ROU.31.98_1,0.03350721333440811,0.17835671342685364
2025,01,ROU.31.99_1,0.03213421336437078,0.16232464929859722
2025,01,ROU.31.9_1,0.034843991792040896,0.1953907815631263
2025,01,ROU.32.100_1,0.02766205245380963,0.11823647294589178
2025,01,ROU.32.10_1,0.033090695905763655,0.17334669338677358
2025,01,ROU.32.11_1,0.02952594283921816,0.13527054108216433
2025,01,ROU.32.12_1,0.029104267201193804,0.1312625250501002
2025,01,ROU.32.13_1,0.03768045910529504,0.23747494989979948
2025,01,ROU.32.14_1,0.030039419784473262,0.1402805611222445
2025,01,ROU.32.15_1,0.022057303704146648,0.07615230460921839
2025,01,ROU.32.16_1,0.032312359793050936,0.16432865731462928
2025,01,ROU.32.17_1,0.03990362322256467,0.2785571142284569
2025,01,ROU.32.18_1,0.0281180139947334,0.12224448897795602
2025,01,ROU.32.19_1,0.03121372476644205,0.1523046092184369
2025,01,ROU.32.1_1,0.02777710234462378,0.1192384769539077
2025,01,ROU.32.20_1,0.02545990182947935,0.10020040080160318
2025,01,ROU.32.21_1,0.027546283549806504,0.11723446893787574
2025,01,ROU.32.22_1,0.03195412280395628,0.16032064128256515
2025,01,ROU.32.23_1,0.023405787450063845,0.08517034068136269
2025,01,ROU.32.24_1,0.02899728775202698,0.13026052104208416
2025,01,ROU.32.25_1,0.0308310610777617,0.14829659318637275
2025,01,ROU.32.26_1,0.028230263129052656,0.12324649298597194
2025,01,ROU.32.27_1,0.031118856483700347,0.15130260521042085
2025,01,ROU.32.28_1,0.023975643714878817,0.08917835671342682
2025,01,ROU.32.29_1,0.029629830206987555,0.13627254509018036
2025,01,ROU.32.2_1,0.032662932057324005,0.16833667334669342
2025,01,ROU.32.30_1,0.0335072133344081,0.17835671342685364
2025,01,ROU.32.31_1,0.02856294552110012,0.12625250501002003
2025,01,ROU.32.32_1,0.03909438201518481,0.2625250501002004
2025,01,ROU.32.33_1,0.026593270780774413,0.10921843687374748
2025,01,ROU.32.34_1,0.029629830206987607,0.13627254509018036
2025,01,ROU.32.35_1,0.028118013994733404,0.12224448897795602
2025,01,ROU.32.36_1,0.03469283266576516,0.19338677354709424
2025,01,ROU.32.37_1,0.02634723765249561,0.10721442885771541
2025,01,ROU.32.38_1,0.03266293205732403,0.16833667334669342
2025,01,ROU.32.39_1,0.027429787789472807,0.1162324649298596
2025,01,ROU.32.3_1,0.027194583498260712,0.11422845691382753
2025,01,ROU.32.40_1,0.03121372476644205,0.1523046092184369
2025,01,ROU.32.41_1,0.028230263129052656,0.12324649298597194
2025,01,ROU.32.42_1,0.028672507358848392,0.12725450901803606
2025,01,ROU.32.43_1,0.037312285887030866,0.23146292585170328
2025,01,ROU.32.44_1,0.03980636226420791,0.27655310621242485
2025,01,ROU.32.45_1,0.03469283266576523,0.19338677354709424
2025,01,ROU.32.46_1,0.032488590249385725,0.16633266533066135
2025,01,ROU.32.47_1,0.028452722012509344,0.125250501002004
2025,01,ROU.32.48_1,0.029835806235238602,0.13827655310621242
2025,01,ROU.32.49_1,0.037860232540010696,0.24048096192384757
2025,01,ROU.32.4_1,0.029629830206987607,0.13627254509018036
2025,01,ROU.32.50_1,0.028672507358848354,0.12725450901803606
2025,01,ROU.32.51_1,0.027662052453809653,0.11823647294589178
2025,01,ROU.32.52_1,0.024115475428418624,0.09018036072144285
2025,01,ROU.32.53_1,0.029210616527828543,0.13226452905811623
2025,01,ROU.32.54_1,0.030240712502615525,0.14228456913827656
2025,01,ROU.32.55_1,0.030240712502615525,0.14228456913827656
2025,01,ROU.32.56_1,0.030538387620146698,0.14529058116232466
2025,01,ROU.32.57_1,0.030340501171692572,0.1432865731462926
2025,01,ROU.32.58_1,0.023114312344931467,0.08316633266533062
2025,01,ROU.32.59_1,0.030240712502615525,0.14228456913827656
2025,01,ROU.32.5_1,0.030636494947164708,0.1462925851703407
2025,01,ROU.32.60_1,0.037436301303507655,0.23346693386773534
2025,01,ROU.32.61_1,0.029316341692963904,0.13326653306613226
2025,01,ROU.32.62_1,0.03177205908137904,0.15831663326653309
2025,01,ROU.32.63_1,0.03461665917470772,0.1923847695390781
2025,01,ROU.32.64_1,0.0345400866382659,0.19138276553106218
2025,01,ROU.32.65_1,0.030439724606053667,0.14428857715430862
2025,01,ROU.32.66_1,0.030439724606053667,0.14428857715430862
2025,01,ROU.32.67_1,0.030240712502615525,0.14228456913827656
2025,01,ROU.32.68_1,0.03383257713374817,0.18236472945891777
2025,01,ROU.32.69_1,0.027429787789472734,0.1162324649298596
2025,01,ROU.32.6_1,0.02845272201250925,0.125250501002004
2025,01,ROU.32.70_1,0.03177205908137904,0.15831663326653309
2025,01,ROU.32.71_1,0.029835806235238595,0.13827655310621242
2025,01,ROU.32.72_1,0.030439724606053674,0.14428857715430862
2025,01,ROU.32.73_1,0.03399270353252681,0.18436873747494983
2025,01,ROU.32.74_1,0.03399270353252685,0.18436873747494983
2025,01,ROU.32.75_1,0.029316341692963908,0.13326653306613226
2025,01,ROU.32.76_1,0.04119474721446173,0.30761523046092176
2025,01,ROU.32.77_1,0.03248859024938569,0.16633266533066135
2025,01,ROU.32.78_1,0.03053838762014669,0.14529058116232466
2025,01,ROU.32.79_1,0.02519853310943037,0.09819639278557112
2025,01,ROU.32.7_1,0.025198533109430335,0.09819639278557112
2025,01,ROU.32.80_1,0.03706032411114869,0.22745490981963937
2025,01,ROU.32.81_1,0.03257599555835812,0.16733466933867738
2025,01,ROU.32.82_1,0.02683611981631471,0.11122244488977955
2025,01,ROU.32.83_1,0.0305383876201467,0.14529058116232466
2025,01,ROU.32.84_1,0.030538387620146688,0.14529058116232466
2025,01,ROU.32.85_1,0.027662052453809635,0.11823647294589178
2025,01,ROU.32.86_1,0.02899728775202695,0.13026052104208416
2025,01,ROU.32.87_1,0.03358919997061709,0.17935871743486978
2025,01,ROU.32.88_1,0.02962983020698765,0.13627254509018036
2025,01,ROU.32.89_1,0.02789144090527866,0.12024048096192395
2025,01,ROU.32.8_1,0.039903623222564376,0.2785571142284569
2025,01,ROU.32.90_1,0.03111885648370041,0.15130260521042085
2025,01,ROU.32.91_1,0.02867250735884835,0.12725450901803606
2025,01,ROU.32.92_1,0.030140353701167032,0.14128256513026052
2025,01,ROU.32.93_1,0.023692853314494954,0.08717434869739475
2025,01,ROU.32.94_1,0.03300605504718019,0.17234468937875744
2025,01,ROU.32.95_1,0.03919948555669425,0.26452905811623245
2025,01,ROU.32.96_1,0.03358919997061706,0.17935871743486978
2025,01,ROU.32.97_1,0.03130806837135562,0.15330661322645292
2025,01,ROU.32.98_1,0.03204441289418667,0.16132264529058118
2025,01,ROU.32.99_1,0.028005075663230905,0.12124248496993976
2025,01,ROU.32.9_1,0.0318633394373777,0.15931863727454912
2025,01,ROU.33.10_1,0.03149519806860729,0.155310621242485
2025,01,ROU.33.11_1,0.03092752895819813,0.1492985971943888
2025,01,ROU.33.12_1,0.032400712790838025,0.16533066132264532
2025,01,ROU.33.13_1,0.03231235979305086,0.16432865731462928
2025,01,ROU.33.14_1,0.02811801399473341,0.12224448897795602
2025,01,ROU.33.15_1,0.030140353701167032,0.14128256513026052
2025,01,ROU.33.16_1,0.032400712790838025,0.16533066132264532
2025,01,ROU.33.17_1,0.02993790568236584,0.13927855711422846
2025,01,ROU.33.18_1,0.031401891445194396,0.15430861723446895
2025,01,ROU.33.19_1,0.03073405124093544,0.14729458917835672
2025,01,ROU.33.1_1,0.02942144854834706,0.1342685370741483
2025,01,ROU.33.20_1,0.02942144854834706,0.1342685370741483
2025,01,ROU.33.21_1,0.03168027796489132,0.15731462925851705
2025,01,ROU.33.22_1,0.028781414078247754,0.1282565130260521
2025,01,ROU.33.23_1,0.0276620524538097,0.11823647294589178
2025,01,ROU.33.24_1,0.02888967210714496,0.12925851703406813
2025,01,ROU.33.25_1,0.02910426720119378,0.1312625250501002
2025,01,ROU.33.26_1,0.030927528958198114,0.1492985971943888
2025,01,ROU.33.27_1,0.031401891445194466,0.15430861723446895
2025,01,ROU.33.28_1,0.029733116191840117,0.1372745490981964
2025,01,ROU.33.29_1,0.029835806235238592,0.13827655310621242
2025,01,ROU.33.2_1,0.027891440905278682,0.12024048096192395
2025,01,ROU.33.30_1,0.031118856483700393,0.15130260521042085
2025,01,ROU.33.31_1,0.031118856483700393,0.15130260521042085
2025,01,ROU.33.32_1,0.031023459308779443,0.15030060120240482
2025,01,ROU.33.33_1,0.03003941978447331,0.1402805611222445
2025,01,ROU.33.34_1,0.028341830152532076,0.12424849699398798
2025,01,ROU.33.35_1,0.031023459308779668,0.15030060120240482
2025,01,ROU.33.36_1,0.03092752895819813,0.1492985971943888
2025,01,ROU.33.37_1,0.03177205908137902,0.15831663326653309
2025,01,ROU.33.38_1,0.03204441289418672,0.16132264529058118
2025,01,ROU.33.39_1,0.030538387620146698,0.14529058116232466
2025,01,ROU.33.3_1,0.03034050117169258,0.1432865731462926
2025,01,ROU.33.40_1,0.03204441289418673,0.16132264529058118
2025,01,ROU.33.41_1,0.030340501171692593,0.1432865731462926
2025,01,ROU.33.42_1,0.030538387620146698,0.14529058116232466
2025,01,ROU.33.43_1,0.029629830206987607,0.13627254509018036
2025,01,ROU.33.44_1,0.03014035370116704,0.14128256513026052
2025,01,ROU.33.45_1,0.030240712502615525,0.14228456913827656
2025,01,ROU.33.46_1,0.029104267201193742,0.1312625250501002
2025,01,ROU.33.47_1,0.0313080683713556,0.15330661322645292
2025,01,ROU.33.48_1,0.031213724766442116,0.1523046092184369
2025,01,ROU.33.49_1,0.028005075663230898,0.12124248496993976
2025,01,ROU.33.4_1,0.031118856483700396,0.15130260521042085
2025,01,ROU.33.50_1,0.03168027796489126,0.15731462925851705
2025,01,ROU.33.51_1,0.031401891445194396,0.15430861723446895
2025,01,ROU.33.52_1,0.03195412280395627,0.16032064128256515
2025,01,ROU.33.53_1,0.031772059081379034,0.15831663326653309
2025,01,ROU.33.54_1,0.0297331161918401,0.1372745490981964
2025,01,ROU.33.55_1,0.03240071279083801,0.16533066132264532
2025,01,ROU.33.56_1,0.02973311619184008,0.1372745490981964
2025,01,ROU.33.57_1,0.028452722012509195,0.125250501002004
2025,01,ROU.33.58_1,0.027891440905278793,0.12024048096192395
2025,01,ROU.33.5_1,0.030734051240935444,0.14729458917835672
2025,01,ROU.33.6_1,0.03177205908137904,0.15831663326653309
2025,01,ROU.33.7_1,0.030831061077761717,0.14829659318637275
2025,01,ROU.33.8_1,0.03130806837135558,0.15330661322645292
2025,01,ROU.33.9_1,0.029733116191840145,0.1372745490981964
2025,01,ROU.34.10_1,0.02993790568236583,0.13927855711422846
2025,01,ROU.34.11_1,0.03407213719838786,0.18537074148296598
2025,01,ROU.34.12_1,0.031023459308779623,0.15030060120240482
2025,01,ROU.34.13_1,0.029835806235238595,0.13827655310621242
2025,01,ROU.34.14_1,0.03461665917470768,0.1923847695390781
2025,01,ROU.34.15_1,0.03919948555669426,0.26452905811623245
2025,01,ROU.34.16_1,0.03350721333440811,0.17835671342685364
2025,01,ROU.34.17_1,0.030636494947164812,0.1462925851703407
2025,01,ROU.34.18_1,0.02834183015253207,0.12424849699398798
2025,01,ROU.34.19_1,0.033589199970617024,0.17935871743486978
2025,01,ROU.34.1_1,0.031495198068607295,0.155310621242485
2025,01,ROU.34.20_1,0.03158799225759018,0.15631262525050102
2025,01,ROU.34.21_1,0.03195412280395625,0.16032064128256515
2025,01,ROU.34.22_1,0.032662932057324026,0.16833667334669342
2025,01,ROU.34.23_1,0.034616659174707735,0.1923847695390781
2025,01,ROU.34.24_1,0.031772059081379034,0.15831663326653309
2025,01,ROU.34.25_1,0.030636494947164746,0.1462925851703407
2025,01,ROU.34.26_1,0.033006055047180224,0.17234468937875744
2025,01,ROU.34.27_1,0.03003941978447332,0.1402805611222445
2025,01,ROU.34.28_1,0.02888967210714496,0.12925851703406813
2025,01,ROU.34.29_1,0.032835411739094406,0.17034068136272537
2025,01,ROU.34.2_1,0.03860703218473436,0.2535070140280561
2025,01,ROU.34.30_1,0.03158799225759019,0.15631262525050102
2025,01,ROU.34.31_1,0.03149519806860732,0.155310621242485
2025,01,ROU.34.32_1,0.03186333943737773,0.15931863727454912
2025,01,ROU.34.33_1,0.03292096135954536,0.17134268537074152
2025,01,ROU.34.34_1,0.02878141407824772,0.1282565130260521
2025,01,ROU.34.35_1,0.03446311269826632,0.19038076152304603
2025,01,ROU.34.36_1,0.031401891445194445,0.15430861723446895
2025,01,ROU.34.37_1,0.032835411739094406,0.17034068136272537
2025,01,ROU.34.38_1,0.0392516078171317,0.2655310621242485
2025,01,ROU.34.39_1,0.032835411739094406,0.17034068136272537
2025,01,ROU.34.3_1,0.032134213364370806,0.16232464929859722
2025,01,ROU.34.40_1,0.030240712502615525,0.14228456913827656
2025,01,ROU.34.41_1,0.031401891445194445,0.15430861723446895
2025,01,ROU.34.42_1,0.03168027796489125,0.15731462925851705
2025,01,ROU.34.43_1,0.0325759955583581,0.16733466933867738
2025,01,ROU.34.44_1,0.03860703218473434,0.2535070140280561
2025,01,ROU.34.45_1,0.03358919997061704,0.17935871743486978
2025,01,ROU.34.46_1,0.03158799225759021,0.15631262525050102
2025,01,ROU.34.47_1,0.03266293205732399,0.16833667334669342
2025,01,ROU.34.48_1,0.030927528958198135,0.1492985971943888
2025,01,ROU.34.49_1,0.0314018914451944,0.15430861723446895
2025,01,ROU.34.4_1,0.0324885902493857,0.16633266533066135
2025,01,ROU.34.50_1,0.03222352781522765,0.16332665330661325
2025,01,ROU.34.51_1,0.03274940303677264,0.16933867735470945
2025,01,ROU.34.52_1,0.033507213334408155,0.17835671342685364
2025,01,ROU.34.53_1,0.03914707730058033,0.2635270541082164
2025,01,ROU.34.54_1,0.03195412280395646,0.16032064128256515
2025,01,ROU.34.55_1,0.032920961359545406,0.17134268537074152
2025,01,ROU.34.56_1,0.032400712790838004,0.16533066132264532
2025,01,ROU.34.57_1,0.03168027796489125,0.15731462925851705
2025,01,ROU.34.58_1,0.03149519806860732,0.155310621242485
2025,01,ROU.34.59_1,0.03248859024938567,0.16633266533066135
2025,01,ROU.34.5_1,0.03240071279083805,0.16533066132264532
2025,01,ROU.34.60_1,0.032920961359545343,0.17134268537074152
2025,01,ROU.34.6_1,0.031587992257590236,0.15631262525050102
2025,01,ROU.34.7_1,0.03073405124093545,0.14729458917835672
2025,01,ROU.34.8_1,0.032662932057323985,0.16833667334669342
2025,01,ROU.34.9_1,0.029316341692963915,0.13326653306613226
2025,01,ROU.35.10_1,0.025589245220572862,0.10120240480961921
2025,01,ROU.35.11_1,0.027777102344623907,0.1192384769539077
2025,01,ROU.35.12_1,0.024664728647610216,0.09418837675350698
2025,01,ROU.35.13_1,0.026223003116657227,0.10621242484969938
2025,01,ROU.35.14_1,0.025845307393654506,0.10320641282565128
2025,01,ROU.35.15_1,0.025459901829479367,0.10020040080160318
2025,01,ROU.35.16_1,0.02383477487575466,0.08817635270541078
2025,01,ROU.35.17_1,0.027777102344623883,0.1192384769539077
2025,01,ROU.35.18_1,0.02506648399907039,0.09719438877755508
2025,01,ROU.35.19_1,0.027546283549806504,0.11723446893787574
2025,01,ROU.35.1_1,0.028118013994733418,0.12224448897795602
2025,01,ROU.35.20_1,0.02622300311665717,0.10621242484969938
2025,01,ROU.35.21_1,0.02506648399907041,0.09719438877755508
2025,01,ROU.35.22_1,0.028781414078247632,0.1282565130260521
2025,01,ROU.35.23_1,0.022057303704146644,0.07615230460921839
2025,01,ROU.35.24_1,0.028118013994733404,0.12224448897795602
2025,01,ROU.35.25_1,0.026223003116657227,0.10621242484969938
2025,01,ROU.35.26_1,0.021744105281793144,0.07414829659318632
2025,01,ROU.35.27_1,0.026097943394769067,0.10521042084168335
2025,01,ROU.35.28_1,0.02584530739365444,0.10320641282565128
2025,01,ROU.35.29_1,0.02558924522057285,0.10120240480961921
2025,01,ROU.35.2_1,0.026836119816314622,0.11122244488977955
2025,01,ROU.35.30_1,0.024933508705536168,0.09619238476953905
2025,01,ROU.35.31_1,0.026223003116657238,0.10621242484969938
2025,01,ROU.35.32_1,0.024254285194864934,0.09118236472945888
2025,01,ROU.35.33_1,0.027312557164847512,0.11523046092184368
2025,01,ROU.35.34_1,0.027312557164847505,0.11523046092184368
2025,01,ROU.35.35_1,0.027429787789472797,0.1162324649298596
2025,01,ROU.35.36_1,0.025717710011312553,0.10220440881763525
2025,01,ROU.35.37_1,0.028230263129052656,0.12324649298597194
2025,01,ROU.35.38_1,0.025459901829479274,0.10020040080160318
2025,01,ROU.35.39_1,0.02383477487575465,0.08817635270541078
2025,01,ROU.35.3_1,0.0270758584372519,0.1132264529058115
2025,01,ROU.35.40_1,0.028562945521100096,0.12625250501002003
2025,01,ROU.35.41_1,0.029210616527828553,0.13226452905811623
2025,01,ROU.35.42_1,0.026836119816314633,0.11122244488977955
2025,01,ROU.35.43_1,0.02411547542841863,0.09018036072144285
2025,01,ROU.35.44_1,0.026593270780774413,0.10921843687374748
2025,01,ROU.35.45_1,0.0249335087055361,0.09619238476953905
2025,01,ROU.35.46_1,0.023692853314494805,0.08717434869739475
2025,01,ROU.35.47_1,0.027891440905278786,0.12024048096192395
2025,01,ROU.35.48_1,0.02190135563660666,0.075150300601202355
2025,01,ROU.35.49_1,0.027546283549806507,0.11723446893787574
2025,01,ROU.35.4_1,0.023405787450063935,0.08517034068136269
2025,01,ROU.35.50_1,0.027891440905278793,0.12024048096192395
2025,01,ROU.35.51_1,0.02811801399473339,0.12224448897795602
2025,01,ROU.35.52_1,0.027546283549806493,0.11723446893787574
2025,01,ROU.35.53_1,0.028452722012509212,0.125250501002004
2025,01,ROU.35.54_1,0.028005075663230898,0.12124248496993976
2025,01,ROU.35.55_1,0.027312557164847505,0.11523046092184368
2025,01,ROU.35.56_1,0.026470656961829583,0.10821643286573145
2025,01,ROU.35.57_1,0.0231143123449315,0.08316633266533062
2025,01,ROU.35.58_1,0.03102345930877965,0.15030060120240482
2025,01,ROU.35.59_1,0.027891440905278737,0.12024048096192395
2025,01,ROU.35.5_1,0.028118013994733404,0.12224448897795602
2025,01,ROU.35.60_1,0.026097943394769077,0.10521042084168335
2025,01,ROU.35.61_1,0.029937905682365835,0.13927855711422846
2025,01,ROU.35.62_1,0.028230263129052656,0.12324649298597194
2025,01,ROU.35.6_1,0.025589245220572862,0.10120240480961921
2025,01,ROU.35.7_1,0.02910426720119385,0.1312625250501002
2025,01,ROU.35.8_1,0.0281180139947334,0.12224448897795602
2025,01,ROU.35.9_1,0.027075858437251882,0.1132264529058115
2025,01,ROU.36.10_1,0.03749782275340516,0.2344689378757515
2025,01,ROU.36.11_1,0.032134213364370834,0.16232464929859722
2025,01,ROU.36.12_1,0.02411547542841865,0.09018036072144285
2025,01,ROU.36.13_1,0.027546283549806504,0.11723446893787574
2025,01,ROU.36.14_1,0.025459901829479333,0.10020040080160318
2025,01,ROU.36.15_1,0.03693235379410997,0.2254509018036072
2025,01,ROU.36.16_1,0.031495198068607295,0.155310621242485
2025,01,ROU.36.17_1,0.029210616527828564,0.13226452905811623
2025,01,ROU.36.18_1,0.023549863000128138,0.08617234468937872
2025,01,ROU.36.19_1,0.02519853310943036,0.09819639278557112
2025,01,ROU.36.1_1,0.02867250735884826,0.12725450901803606
2025,01,ROU.36.20_1,0.02584530739365437,0.10320641282565128
2025,01,ROU.36.21_1,0.02340578745006391,0.08517034068136269
2025,01,ROU.36.22_1,0.02609794339476906,0.10521042084168335
2025,01,ROU.36.23_1,0.028997287752026892,0.13026052104208416
2025,01,ROU.36.24_1,0.027777102344623786,0.1192384769539077
2025,01,ROU.36.25_1,0.027312557164847512,0.11523046092184368
2025,01,ROU.36.26_1,0.029835806235238613,0.13827655310621242
2025,01,ROU.36.27_1,0.031118856483700386,0.15130260521042085
2025,01,ROU.36.28_1,0.037559021934399694,0.23547094188376752
2025,01,ROU.36.29_1,0.038717389095742856,0.25551102204408815
2025,01,ROU.36.2_1,0.029316341692963915,0.13326653306613226
2025,01,ROU.36.30_1,0.03231235979305086,0.16432865731462928
2025,01,ROU.36.31_1,0.02942144854834706,0.1342685370741483
2025,01,ROU.36.32_1,0.028889672107144958,0.12925851703406813
2025,01,ROU.36.33_1,0.03111885648370041,0.15130260521042085
2025,01,ROU.36.34_1,0.03121372476644207,0.1523046092184369
2025,01,ROU.36.35_1,0.027546283549806504,0.11723446893787574
2025,01,ROU.36.36_1,0.023975643714878894,0.08917835671342682
2025,01,ROU.36.37_1,0.029316341692963904,0.13326653306613226
2025,01,ROU.36.38_1,0.029210616527828543,0.13226452905811623
2025,01,ROU.36.39_1,0.02942144854834706,0.1342685370741483
2025,01,ROU.36.3_1,0.03121372476644211,0.1523046092184369
2025,01,ROU.36.40_1,0.030538387620146688,0.14529058116232466
2025,01,ROU.36.41_1,0.030636494947164708,0.1462925851703407
2025,01,ROU.36.42_1,0.030439724606053674,0.14428857715430862
2025,01,ROU.36.43_1,0.025589245220572817,0.10120240480961921
2025,01,ROU.36.44_1,0.028452722012509212,0.125250501002004
2025,01,ROU.36.45_1,0.03222352781522758,0.16332665330661325
2025,01,ROU.36.46_1,0.02383477487575465,0.08817635270541078
2025,01,ROU.36.47_1,0.029835806235238595,0.13827655310621242
2025,01,ROU.36.48_1,0.026593270780774413,0.10921843687374748
2025,01,ROU.36.49_1,0.028230263129052656,0.12324649298597194
2025,01,ROU.36.4_1,0.028118013994733404,0.12224448897795602
2025,01,ROU.36.50_1,0.029316341692963908,0.13326653306613226
2025,01,ROU.36.51_1,0.030538387620146688,0.14529058116232466
2025,01,ROU.36.52_1,0.02993790568236584,0.13927855711422846
2025,01,ROU.36.53_1,0.02888967210714496,0.12925851703406813
2025,01,ROU.36.54_1,0.036204168980549435,0.21442885771543072
2025,01,ROU.36.55_1,0.024799594579291834,0.09519038076152302
2025,01,ROU.36.56_1,0.025717710011312598,0.10220440881763525
2025,01,ROU.36.57_1,0.0241154754284187,0.09018036072144285
2025,01,ROU.36.58_1,0.026593270780774413,0.10921843687374748
2025,01,ROU.36.59_1,0.03014035370116704,0.14128256513026052
2025,01,ROU.36.5_1,0.03731228588703079,0.23146292585170328
2025,01,ROU.36.60_1,0.022818286394609054,0.08116232464929855
2025,01,ROU.36.61_1,0.032312359793050895,0.16432865731462928
2025,01,ROU.36.62_1,0.030538387620146674,0.14529058116232466
2025,01,ROU.36.63_1,0.0320444128941867,0.16132264529058118
2025,01,ROU.36.64_1,0.03034050117169258,0.1432865731462926
2025,01,ROU.36.65_1,0.02077187475700327,0.06813627254509023
2025,01,ROU.36.66_1,0.026956373449295315,0.11222444889779569
2025,01,ROU.36.67_1,0.029629830206987617,0.13627254509018036
2025,01,ROU.36.68_1,0.03014035370116704,0.14128256513026052
2025,01,ROU.36.69_1,0.03140189144519443,0.15430861723446895
2025,01,ROU.36.6_1,0.03140189144519447,0.15430861723446895
2025,01,ROU.36.70_1,0.03673787677395958,0.2224448897795591
2025,01,ROU.36.71_1,0.028997287752026913,0.13026052104208416
2025,01,ROU.36.72_1,0.025459901829479225,0.10020040080160318
2025,01,ROU.36.73_1,0.03309069590576369,0.17334669338677358
2025,01,ROU.36.74_1,0.02993790568236586,0.13927855711422846
2025,01,ROU.36.75_1,0.029210616527828543,0.13226452905811623
2025,01,ROU.36.76_1,0.030831061077761717,0.14829659318637275
2025,01,ROU.36.77_1,0.030340501171692572,0.1432865731462926
2025,01,ROU.36.78_1,0.027312557164847505,0.11523046092184368
2025,01,ROU.36.79_1,0.02888967210714495,0.12925851703406813
2025,01,ROU.36.7_1,0.030039419784473335,0.1402805611222445
2025,01,ROU.36.80_1,0.028230263129052656,0.12324649298597194
2025,01,ROU.36.81_1,0.03718696410410587,0.22945891783567132
2025,01,ROU.36.82_1,0.027312557164847505,0.11523046092184368
2025,01,ROU.36.83_1,0.030734051240935416,0.14729458917835672
2025,01,ROU.36.84_1,0.028341830152532048,0.12424849699398798
2025,01,ROU.36.85_1,0.03102345930877945,0.15030060120240482
2025,01,ROU.36.86_1,0.029316341692963915,0.13326653306613226
2025,01,ROU.36.87_1,0.025717710011312605,0.10220440881763525
2025,01,ROU.36.88_1,0.03073405124093544,0.14729458917835672
2025,01,ROU.36.89_1,0.028562945521100114,0.12625250501002003
2025,01,ROU.36.8_1,0.029937905682365845,0.13927855711422846
2025,01,ROU.36.90_1,0.02707585843725187,0.1132264529058115
2025,01,ROU.36.91_1,0.024528897602858462,0.09318637274549095
2025,01,ROU.36.92_1,0.02789144090527874,0.12024048096192395
2025,01,ROU.36.93_1,0.03003941978447327,0.1402805611222445
2025,01,ROU.36.94_1,0.028889672107144947,0.12925851703406813
2025,01,ROU.36.95_1,0.0315879922575902,0.15631262525050102
2025,01,ROU.36.96_1,0.028230263129052656,0.12324649298597194
2025,01,ROU.36.97_1,0.02899728775202691,0.13026052104208416
2025,01,ROU.36.98_1,0.02910426720119382,0.1312625250501002
2025,01,ROU.36.9_1,0.029733116191840138,0.1372745490981964
2025,01,ROU.37.10_1,0.03606723621772734,0.21242484969939876
2025,01,ROU.37.11_1,0.03422975840493736,0.18737474949899793
2025,01,ROU.37.12_1,0.03506779486511011,0.1983967935871743
2025,01,ROU.37.13_1,0.0324885902493857,0.16633266533066135
2025,01,ROU.37.14_1,0.03422975840493735,0.18737474949899793
2025,01,ROU.37.15_1,0.03300605504718017,0.17234468937875744
2025,01,ROU.37.16_1,0.03391285105217086,0.1833667334669339
2025,01,ROU.37.17_1,0.0343079510187143,0.18837675350701397
2025,01,ROU.37.18_1,0.03204441289418667,0.16132264529058118
2025,01,ROU.37.19_1,0.03274940303677261,0.16933867735470945
2025,01,ROU.37.1_1,0.0334247915888379,0.1773547094188377
2025,01,ROU.37.20_1,0.03158799225759018,0.15631262525050102
2025,01,ROU.37.21_1,0.03422975840493735,0.18737474949899793
2025,01,ROU.37.22_1,0.04068701086093324,0.29559118236472937
2025,01,ROU.37.23_1,0.03415115463800163,0.186372745490982
2025,01,ROU.37.24_1,0.03342479158883789,0.1773547094188377
2025,01,ROU.37.25_1,0.03438573496541052,0.1893787575150301
2025,01,ROU.37.26_1,0.03358919997061703,0.17935871743486978
2025,01,ROU.37.27_1,0.033258631329692014,0.17535070140280565
2025,01,ROU.37.28_1,0.034072137198387906,0.18537074148296598
2025,01,ROU.37.29_1,0.0347686094390288,0.19438877755511016
2025,01,ROU.37.2_1,0.033832577133748196,0.18236472945891777
2025,01,ROU.37.30_1,0.03980636226420788,0.27655310621242485
2025,01,ROU.37.31_1,0.03300605504718021,0.17234468937875744
2025,01,ROU.37.32_1,0.03274940303677262,0.16933867735470945
2025,01,ROU.37.33_1,0.035433117677725647,0.20340681362725446
2025,01,ROU.37.34_1,0.03292096135954542,0.17134268537074152
2025,01,ROU.37.35_1,0.032044412894186684,0.16132264529058118
2025,01,ROU.37.36_1,0.03367075430784948,0.1803607214428857
2025,01,ROU.37.37_1,0.032749403036772595,0.16933867735470945
2025,01,ROU.37.38_1,0.03914707730058035,0.2635270541082164
2025,01,ROU.37.39_1,0.036135880523205315,0.2134268537074148
2025,01,ROU.37.3_1,0.032488590249385704,0.16633266533066135
2025,01,ROU.37.40_1,0.0338325771337482,0.18236472945891777
2025,01,ROU.37.41_1,0.03469283266576517,0.19338677354709424
2025,01,ROU.37.42_1,0.039757320667554705,0.2755511022044088
2025,01,ROU.37.43_1,0.03325863132969202,0.17535070140280565
2025,01,ROU.37.44_1,0.03350721333440813,0.17835671342685364
2025,01,ROU.37.45_1,0.03415115463800164,0.186372745490982
2025,01,ROU.37.46_1,0.033507213334408134,0.17835671342685364
2025,01,ROU.37.47_1,0.03407213719838791,0.18537074148296598
2025,01,ROU.37.48_1,0.035647794463257935,0.20641282565130267
2025,01,ROU.37.49_1,0.040235496357250024,0.28557114228456904
2025,01,ROU.37.4_1,0.03317488699465886,0.1743486973947895
2025,01,ROU.37.50_1,0.03613588052320533,0.2134268537074148
2025,01,ROU.37.51_1,0.033992703532526876,0.18436873747494983
2025,01,ROU.37.52_1,0.03391285105217097,0.1833667334669339
2025,01,ROU.37.53_1,0.03521506562850806,0.20040080160320647
2025,01,ROU.37.54_1,0.039708003775604926,0.2745490981963928
2025,01,ROU.37.55_1,0.0339128510521709,0.1833667334669339
2025,01,ROU.37.56_1,0.03334193188399724,0.17635270541082157
2025,01,ROU.37.57_1,0.04009488125034136,0.28256513026052105
2025,01,ROU.37.58_1,0.033507213334408086,0.17835671342685364
2025,01,ROU.37.59_1,0.034072137198387926,0.18537074148296598
2025,01,ROU.37.5_1,0.033589199970617066,0.17935871743486978
2025,01,ROU.37.60_1,0.04119474721446171,0.30761523046092176
2025,01,ROU.37.61_1,0.03317488699465886,0.1743486973947895
2025,01,ROU.37.62_1,0.03168027796489127,0.15731462925851705
2025,01,ROU.37.63_1,0.03367075430784951,0.1803607214428857
2025,01,ROU.37.64_1,0.03168027796489125,0.15731462925851705
2025,01,ROU.37.65_1,0.031587992257590194,0.15631262525050102
2025,01,ROU.37.66_1,0.03592887278629504,0.2104208416833667
2025,01,ROU.37.67_1,0.034072137198387906,0.18537074148296598
2025,01,ROU.37.68_1,0.03248859024938566,0.16633266533066135
2025,01,ROU.37.69_1,0.03350721333440814,0.17835671342685364
2025,01,ROU.37.6_1,0.03292096135954545,0.17134268537074152
2025,01,ROU.37.70_1,0.033751879117709944,0.18136272545090185
2025,01,ROU.37.71_1,0.03186333943737773,0.15931863727454912
2025,01,ROU.37.72_1,0.03399270353252686,0.18436873747494983
2025,01,ROU.37.73_1,0.031587992257590215,0.15631262525050102
2025,01,ROU.37.74_1,0.03737445616120218,0.23246492985971942
2025,01,ROU.37.75_1,0.03195412280395627,0.16032064128256515
2025,01,ROU.37.76_1,0.03292096135954536,0.17134268537074152
2025,01,ROU.37.77_1,0.03557660719068578,0.20541082164328653
2025,01,ROU.37.78_1,0.033912851052170984,0.1833667334669339
2025,01,ROU.37.79_1,0.03350721333440811,0.17835671342685364
2025,01,ROU.37.7_1,0.033912851052170935,0.1833667334669339
2025,01,ROU.37.80_1,0.03506779486511017,0.1983967935871743
2025,01,ROU.37.81_1,0.03438573496541053,0.1893787575150301
2025,01,ROU.37.82_1,0.03461665917470774,0.1923847695390781
2025,01,ROU.37.83_1,0.033174886994658884,0.1743486973947895
2025,01,ROU.37.84_1,0.03367075430784958,0.1803607214428857
2025,01,ROU.37.85_1,0.04102956208028712,0.30360721442885763
2025,01,ROU.37.86_1,0.03521506562850803,0.20040080160320647
2025,01,ROU.37.87_1,0.0385514073384469,0.25250501002004005
2025,01,ROU.37.88_1,0.039757320667554705,0.2755511022044088
2025,01,ROU.37.8_1,0.03491898199281639,0.19639278557114234
2025,01,ROU.37.9_1,0.03430795101871428,0.18837675350701397
2025,01,ROU.38.10_1,0.027546283549806504,0.11723446893787574
2025,01,ROU.38.11_1,0.02952594283921813,0.13527054108216433
2025,01,ROU.38.12_1,0.027777102344623907,0.1192384769539077
2025,01,ROU.38.13_1,0.02800507566323091,0.12124248496993976
2025,01,ROU.38.14_1,0.03749782275340514,0.2344689378757515
2025,01,ROU.38.15_1,0.028118013994733418,0.12224448897795602
2025,01,ROU.38.16_1,0.036339685497622905,0.21643286573146278
2025,01,ROU.38.17_1,0.027891440905278782,0.12024048096192395
2025,01,ROU.38.18_1,0.028997287752026948,0.13026052104208416
2025,01,ROU.38.19_1,0.03053838762014668,0.14529058116232466
2025,01,ROU.38.1_1,0.026715088628979308,0.11022044088176362
2025,01,ROU.38.20_1,0.028781414078247664,0.1282565130260521
2025,01,ROU.38.21_1,0.028997287752026837,0.13026052104208416
2025,01,ROU.38.22_1,0.024528897602858417,0.09318637274549095
2025,01,ROU.38.23_1,0.02845272201250923,0.125250501002004
2025,01,ROU.38.24_1,0.030636494947164708,0.1462925851703407
2025,01,ROU.38.25_1,0.030439724606053674,0.14428857715430862
2025,01,ROU.38.26_1,0.0297331161918401,0.1372745490981964
2025,01,ROU.38.27_1,0.027075858437251823,0.1132264529058115
2025,01,ROU.38.28_1,0.029733116191840082,0.1372745490981964
2025,01,ROU.38.29_1,0.026223003116657217,0.10621242484969938
2025,01,ROU.38.2_1,0.03003941978447325,0.1402805611222445
2025,01,ROU.38.30_1,0.02545990182947932,0.10020040080160318
2025,01,ROU.38.31_1,0.03222352781522765,0.16332665330661325
2025,01,ROU.38.32_1,0.029210616527828553,0.13226452905811623
2025,01,ROU.38.33_1,0.02707585843725186,0.1132264529058115
2025,01,ROU.38.34_1,0.028230263129052656,0.12324649298597194
2025,01,ROU.38.35_1,0.028997287752026958,0.13026052104208416
2025,01,ROU.38.36_1,0.029316341692963915,0.13326653306613226
2025,01,ROU.38.37_1,0.03213421336437076,0.16232464929859722
2025,01,ROU.38.38_1,0.029525942839218215,0.13527054108216433
2025,01,ROU.38.39_1,0.03266293205732401,0.16833667334669342
2025,01,ROU.38.3_1,0.027546283549806507,0.11723446893787574
2025,01,ROU.38.40_1,0.028005075663230905,0.12124248496993976
2025,01,ROU.38.41_1,0.029210616527828533,0.13226452905811623
2025,01,ROU.38.42_1,0.03647379985239158,0.21843687374749496
2025,01,ROU.38.43_1,0.03761990025427181,0.23647294589178355
2025,01,ROU.38.44_1,0.036204168980549456,0.21442885771543072
2025,01,ROU.38.45_1,0.036606525799329,0.22044088176352702
2025,01,ROU.38.46_1,0.027312557164847505,0.11523046092184368
2025,01,ROU.38.47_1,0.026956373449295322,0.11222444889779569
2025,01,ROU.38.48_1,0.027312557164847505,0.11523046092184368
2025,01,ROU.38.49_1,0.027312557164847505,0.11523046092184368
2025,01,ROU.38.4_1,0.026715088628979297,0.11022044088176362
2025,01,ROU.38.50_1,0.03606723621772734,0.21242484969939876
2025,01,ROU.38.51_1,0.028672507358848354,0.12725450901803606
2025,01,ROU.38.52_1,0.027662052453809708,0.11823647294589178
2025,01,ROU.38.53_1,0.029316341692963894,0.13326653306613226
2025,01,ROU.38.54_1,0.028230263129052656,0.12324649298597194
2025,01,ROU.38.55_1,0.036996506011050964,0.22645290581162333
2025,01,ROU.38.56_1,0.030039419784473328,0.1402805611222445
2025,01,ROU.38.57_1,0.030140353701167032,0.14128256513026052
2025,01,ROU.38.58_1,0.022966877399027932,0.08216432865731459
2025,01,ROU.38.59_1,0.028781414078247778,0.1282565130260521
2025,01,ROU.38.5_1,0.03557660719068576,0.20541082164328653
2025,01,ROU.38.60_1,0.02584530739365441,0.10320641282565128
2025,01,ROU.38.61_1,0.028452722012509365,0.125250501002004
2025,01,ROU.38.62_1,0.028781414078247674,0.1282565130260521
2025,01,ROU.38.63_1,0.037436301303507655,0.23346693386773534
2025,01,ROU.38.64_1,0.030140353701167032,0.14128256513026052
2025,01,ROU.38.65_1,0.030538387620146688,0.14529058116232466
2025,01,ROU.38.66_1,0.036406917078049696,0.21743486973947893
2025,01,ROU.38.67_1,0.03667237233065544,0.22144288577154306
2025,01,ROU.38.68_1,0.031772059081379034,0.15831663326653309
2025,01,ROU.38.69_1,0.03003941978447332,0.1402805611222445
2025,01,ROU.38.6_1,0.03680304076042709,0.22344689378757523
2025,01,ROU.38.70_1,0.037800623893680885,0.23947895791583165
2025,01,ROU.38.71_1,0.02597204829659693,0.10420841683366731
2025,01,ROU.38.72_1,0.023834774875754666,0.08817635270541078
2025,01,ROU.38.73_1,0.028672507358848336,0.12725450901803606
2025,01,ROU.38.74_1,0.03660652579932899,0.22044088176352702
2025,01,ROU.38.75_1,0.032312359793050915,0.16432865731462928
2025,01,ROU.38.76_1,0.023260609712008714,0.08416833667334665
2025,01,ROU.38.77_1,0.02811801399473342,0.12224448897795602
2025,01,ROU.38.78_1,0.029316341692963908,0.13326653306613226
2025,01,ROU.38.79_1,0.029629830206987635,0.13627254509018036
2025,01,ROU.38.7_1,0.0352881280898018,0.2014028056112225
2025,01,ROU.38.80_1,0.03718696410410583,0.22945891783567132
2025,01,ROU.38.81_1,0.026715088628979314,0.11022044088176362
2025,01,ROU.38.82_1,0.034843991792040965,0.1953907815631263
2025,01,ROU.38.8_1,0.026593270780774413,0.10921843687374748
2025,01,ROU.38.9_1,0.03654033552975867,0.219438877755511
2025,01,ROU.39.10_1,0.035789063913082356,0.20841683366733474
2025,01,ROU.39.11_1,0.03422975840493735,0.18737474949899793
2025,01,ROU.39.12_1,0.03871738909574293,0.25551102204408815
2025,01,ROU.39.13_1,0.03383257713374815,0.18236472945891777
2025,01,ROU.39.14_1,0.034307951018714304,0.18837675350701397
2025,01,ROU.39.15_1,0.03528812808980183,0.2014028056112225
2025,01,ROU.39.16_1,0.03461665917470773,0.1923847695390781
2025,01,ROU.39.17_1,0.03469283266576517,0.19338677354709424
2025,01,ROU.39.18_1,0.032488590249385746,0.16633266533066135
2025,01,ROU.39.19_1,0.03358919997061703,0.17935871743486978
2025,01,ROU.39.1_1,0.036204168980549456,0.21442885771543072
2025,01,ROU.39.20_1,0.035141621929538,0.19939879759519044
2025,01,ROU.39.21_1,0.03528812808980179,0.2014028056112225
2025,01,ROU.39.22_1,0.03309069590576369,0.17334669338677358
2025,01,ROU.39.23_1,0.0347686094390288,0.19438877755511016
2025,01,ROU.39.24_1,0.03849548335707844,0.251503006012024
2025,01,ROU.39.25_1,0.03358919997061698,0.17935871743486978
2025,01,ROU.39.26_1,0.03407213719838788,0.18537074148296598
2025,01,ROU.39.27_1,0.036540335529758675,0.219438877755511
2025,01,ROU.39.28_1,0.03660652579932899,0.22044088176352702
2025,01,ROU.39.29_1,0.03514162192953799,0.19939879759519044
2025,01,ROU.39.2_1,0.033670754307849486,0.1803607214428857
2025,01,ROU.39.30_1,0.036540335529758675,0.219438877755511
2025,01,ROU.39.31_1,0.03898812616854866,0.2605210420841683
2025,01,ROU.39.32_1,0.03309069590576369,0.17334669338677358
2025,01,ROU.39.33_1,0.0355050489284852,0.2044088176352705
2025,01,ROU.39.34_1,0.03578906391308233,0.20841683366733474
2025,01,ROU.39.35_1,0.03476860943902884,0.19438877755511016
2025,01,ROU.39.36_1,0.03786023254001063,0.24048096192384757
2025,01,ROU.39.37_1,0.03514162192953799,0.19939879759519044
2025,01,ROU.39.38_1,0.036672372330655456,0.22144288577154306
2025,01,ROU.39.39_1,0.044615355681874455,0.5561122244488979
2025,01,ROU.39.3_1,0.03536081141455969,0.20240480961923832
2025,01,ROU.39.40_1,0.032662932057323985,0.16833667334669342
2025,01,ROU.39.41_1,0.032920961359545475,0.17134268537074152
2025,01,ROU.39.42_1,0.03620416898054941,0.21442885771543072
2025,01,ROU.39.43_1,0.03438573496541056,0.1893787575150301
2025,01,ROU.39.44_1,0.041112657511998565,0.3056112224448897
2025,01,ROU.39.45_1,0.03407213719838787,0.18537074148296598
2025,01,ROU.39.46_1,0.03550504892848521,0.2044088176352705
2025,01,ROU.39.47_1,0.03606723621772731,0.21242484969939876
2025,01,ROU.39.48_1,0.03803717943351837,0.24348697394789579
2025,01,ROU.39.4_1,0.0385514073384469,0.25250501002004005
2025,01,ROU.39.5_1,0.034072137198387885,0.18537074148296598
2025,01,ROU.39.6_1,0.03375187911770994,0.18136272545090185
2025,01,ROU.39.7_1,0.03673787677395956,0.2224448897795591
2025,01,ROU.39.8_1,0.0349189819928164,0.19639278557114234
2025,01,ROU.39.9_1,0.03469283266576516,0.19338677354709424
2025,01,ROU.4.10_1,0.027662052453809642,0.11823647294589178
2025,01,ROU.4.11_1,0.029316341692963908,0.13326653306613226
2025,01,ROU.4.12_1,0.023692853314494937,0.08717434869739475
2025,01,ROU.4.13_1,0.029835806235238606,0.13827655310621242
2025,01,ROU.4.14_1,0.02952594283921822,0.13527054108216433
2025,01,ROU.4.15_1,0.027777102344623918,0.1192384769539077
2025,01,ROU.4.16_1,0.029835806235238623,0.13827655310621242
2025,01,ROU.4.17_1,0.029733116191840055,0.1372745490981964
2025,01,ROU.4.18_1,0.030734051240935402,0.14729458917835672
2025,01,ROU.4.19_1,0.026593270780774413,0.10921843687374748
2025,01,ROU.4.1_1,0.025198533109430352,0.09819639278557112
2025,01,ROU.4.20_1,0.028562945521100103,0.12625250501002003
2025,01,ROU.4.21_1,0.027075858437251805,0.1132264529058115
2025,01,ROU.4.22_1,0.028997287752026844,0.13026052104208416
2025,01,ROU.4.23_1,0.02800507566323091,0.12124248496993976
2025,01,ROU.4.24_1,0.030039419784473307,0.1402805611222445
2025,01,ROU.4.25_1,0.027662052453809708,0.11823647294589178
2025,01,ROU.4.26_1,0.022668520299846517,0.08016032064128252
2025,01,ROU.4.27_1,0.027194583498260722,0.11422845691382753
2025,01,ROU.4.28_1,0.03121372476644206,0.1523046092184369
2025,01,ROU.4.29_1,0.029316341692963915,0.13326653306613226
2025,01,ROU.4.2_1,0.0268361198163147,0.11122244488977955
2025,01,ROU.4.30_1,0.031401891445194445,0.15430861723446895
2025,01,ROU.4.31_1,0.02856294552110011,0.12625250501002003
2025,01,ROU.4.32_1,0.0314951980686073,0.155310621242485
2025,01,ROU.4.33_1,0.028230263129052656,0.12324649298597194
2025,01,ROU.4.34_1,0.027312557164847512,0.11523046092184368
2025,01,ROU.4.35_1,0.030734051240935412,0.14729458917835672
2025,01,ROU.4.36_1,0.030140353701167032,0.14128256513026052
2025,01,ROU.4.37_1,0.032488590249385725,0.16633266533066135
2025,01,ROU.4.38_1,0.02888967210714496,0.12925851703406813
2025,01,ROU.4.39_1,0.03855140733844689,0.25250501002004005
2025,01,ROU.4.3_1,0.027194583498260684,0.11422845691382753
2025,01,ROU.4.40_1,0.030340501171692572,0.1432865731462926
2025,01,ROU.4.41_1,0.029937905682365852,0.13927855711422846
2025,01,ROU.4.42_1,0.027312557164847505,0.11523046092184368
2025,01,ROU.4.43_1,0.031118856483700403,0.15130260521042085
2025,01,ROU.4.44_1,0.02707585843725176,0.1132264529058115
2025,01,ROU.4.45_1,0.028230263129052656,0.12324649298597194
2025,01,ROU.4.46_1,0.02878141407824768,0.1282565130260521
2025,01,ROU.4.47_1,0.03121372476644208,0.1523046092184369
2025,01,ROU.4.48_1,0.026593270780774413,0.10921843687374748
2025,01,ROU.4.49_1,0.0315879922575902,0.15631262525050102
2025,01,ROU.4.4_1,0.0343079510187143,0.18837675350701397
2025,01,ROU.4.50_1,0.030039419784473338,0.1402805611222445
2025,01,ROU.4.51_1,0.02766205245380969,0.11823647294589178
2025,01,ROU.4.52_1,0.028005075663230898,0.12124248496993976
2025,01,ROU.4.53_1,0.03149519806860734,0.155310621242485
2025,01,ROU.4.54_1,0.032400712790837935,0.16533066132264532
2025,01,ROU.4.55_1,0.02993790568236584,0.13927855711422846
2025,01,ROU.4.56_1,0.02571771001131255,0.10220440881763525
2025,01,ROU.4.57_1,0.02952594283921815,0.13527054108216433
2025,01,ROU.4.58_1,0.02931634169296392,0.13326653306613226
2025,01,ROU.4.59_1,0.03003941978447331,0.1402805611222445
2025,01,ROU.4.5_1,0.028889672107144968,0.12925851703406813
2025,01,ROU.4.60_1,0.03309069590576366,0.17334669338677358
2025,01,ROU.4.61_1,0.029733116191840128,0.1372745490981964
2025,01,ROU.4.62_1,0.03231235979305093,0.16432865731462928
2025,01,ROU.4.63_1,0.03266293205732404,0.16833667334669342
2025,01,ROU.4.64_1,0.02942144854834705,0.1342685370741483
2025,01,ROU.4.65_1,0.029525942839218167,0.13527054108216433
2025,01,ROU.4.66_1,0.03102345930877945,0.15030060120240482
2025,01,ROU.4.67_1,0.029316341692963915,0.13326653306613226
2025,01,ROU.4.68_1,0.031118856483700396,0.15130260521042085
2025,01,ROU.4.69_1,0.028672507358848322,0.12725450901803606
2025,01,ROU.4.6_1,0.027891440905278793,0.12024048096192395
2025,01,ROU.4.70_1,0.030240712502615525,0.14228456913827656
2025,01,ROU.4.71_1,0.03342479158883797,0.1773547094188377
2025,01,ROU.4.72_1,0.030340501171692593,0.1432865731462926
2025,01,ROU.4.73_1,0.032835411739094406,0.17034068136272537
2025,01,ROU.4.74_1,0.027312557164847505,0.11523046092184368
2025,01,ROU.4.75_1,0.0284527220125093,0.125250501002004
2025,01,ROU.4.76_1,0.03350721333440816,0.17835671342685364
2025,01,ROU.4.77_1,0.030240712502615518,0.14228456913827656
2025,01,ROU.4.78_1,0.030636494947164732,0.1462925851703407
2025,01,ROU.4.79_1,0.029210616527828543,0.13226452905811623
2025,01,ROU.4.7_1,0.029421448548347058,0.1342685370741483
2025,01,ROU.4.80_1,0.028562945521100096,0.12625250501002003
2025,01,ROU.4.81_1,0.02931634169296392,0.13326653306613226
2025,01,ROU.4.82_1,0.032400712790838025,0.16533066132264532
2025,01,ROU.4.83_1,0.033589199970617066,0.17935871743486978
2025,01,ROU.4.84_1,0.03204441289418667,0.16132264529058118
2025,01,ROU.4.85_1,0.030240712502615525,0.14228456913827656
2025,01,ROU.4.86_1,0.030240712502615525,0.14228456913827656
2025,01,ROU.4.87_1,0.028341830152532013,0.12424849699398798
2025,01,ROU.4.8_1,0.029835806235238602,0.13827655310621242
2025,01,ROU.4.9_1,0.02973311619184012,0.1372745490981964
2025,01,ROU.40.10_1,0.029733116191840134,0.1372745490981964
2025,01,ROU.40.11_1,0.030240712502615525,0.14228456913827656
2025,01,ROU.40.12_1,0.03121372476644208,0.1523046092184369
2025,01,ROU.40.13_1,0.027075858437251875,0.1132264529058115
2025,01,ROU.40.14_1,0.025329668374153774,0.09919839679358715
2025,01,ROU.40.15_1,0.02622300311665715,0.10621242484969938
2025,01,ROU.40.16_1,0.024664728647610178,0.09418837675350698
2025,01,ROU.40.17_1,0.03043972460605366,0.14428857715430862
2025,01,ROU.40.18_1,0.02899728775202693,0.13026052104208416
2025,01,ROU.40.19_1,0.02888967210714495,0.12925851703406813
2025,01,ROU.40.1_1,0.02983580623523863,0.13827655310621242
2025,01,ROU.40.20_1,0.030927528958198135,0.1492985971943888
2025,01,ROU.40.21_1,0.031213724766442144,0.1523046092184369
2025,01,ROU.40.22_1,0.030039419784473338,0.1402805611222445
2025,01,ROU.40.23_1,0.028562945521100103,0.12625250501002003
2025,01,ROU.40.24_1,0.029316341692963904,0.13326653306613226
2025,01,ROU.40.25_1,0.030538387620146674,0.14529058116232466
2025,01,ROU.40.26_1,0.03231235979305088,0.16432865731462928
2025,01,ROU.40.27_1,0.02742978778947274,0.1162324649298596
2025,01,ROU.40.28_1,0.030439724606053674,0.14428857715430862
2025,01,ROU.40.29_1,0.02983580623523863,0.13827655310621242
2025,01,ROU.40.2_1,0.03168027796489125,0.15731462925851705
2025,01,ROU.40.30_1,0.03248859024938571,0.16633266533066135
2025,01,ROU.40.31_1,0.024664728647610244,0.09418837675350698
2025,01,ROU.40.32_1,0.033258631329692014,0.17535070140280565
2025,01,ROU.40.33_1,0.03204441289418671,0.16132264529058118
2025,01,ROU.40.34_1,0.03083106107776173,0.14829659318637275
2025,01,ROU.40.35_1,0.026347237652495602,0.10721442885771541
2025,01,ROU.40.36_1,0.03130806837135561,0.15330661322645292
2025,01,ROU.40.37_1,0.029733116191840128,0.1372745490981964
2025,01,ROU.40.38_1,0.03121372476644211,0.1523046092184369
2025,01,ROU.40.39_1,0.023692853314494812,0.08717434869739475
2025,01,ROU.40.3_1,0.029316341692963904,0.13326653306613226
2025,01,ROU.40.40_1,0.02888967210714495,0.12925851703406813
2025,01,ROU.40.41_1,0.027891440905278737,0.12024048096192395
2025,01,ROU.40.42_1,0.02993790568236586,0.13927855711422846
2025,01,ROU.40.43_1,0.032312359793050895,0.16432865731462928
2025,01,ROU.40.44_1,0.029733116191840107,0.1372745490981964
2025,01,ROU.40.45_1,0.02962983020698759,0.13627254509018036
2025,01,ROU.40.46_1,0.030039419784473328,0.1402805611222445
2025,01,ROU.40.47_1,0.029316341692963904,0.13326653306613226
2025,01,ROU.40.48_1,0.03168027796489126,0.15731462925851705
2025,01,ROU.40.49_1,0.02878141407824768,0.1282565130260521
2025,01,ROU.40.4_1,0.03073405124093545,0.14729458917835672
2025,01,ROU.40.50_1,0.032920961359545454,0.17134268537074152
2025,01,ROU.40.51_1,0.02993790568236586,0.13927855711422846
2025,01,ROU.40.52_1,0.029210616527828533,0.13226452905811623
2025,01,ROU.40.53_1,0.024799594579291824,0.09519038076152302
2025,01,ROU.40.54_1,0.029629830206987593,0.13627254509018036
2025,01,ROU.40.55_1,0.028341830152532114,0.12424849699398798
2025,01,ROU.40.56_1,0.02834183015253201,0.12424849699398798
2025,01,ROU.40.57_1,0.02811801399473341,0.12224448897795602
2025,01,ROU.40.58_1,0.03266293205732403,0.16833667334669342
2025,01,ROU.40.59_1,0.02622300311665715,0.10621242484969938
2025,01,ROU.40.5_1,0.032044412894186705,0.16132264529058118
2025,01,ROU.40.60_1,0.030538387620146698,0.14529058116232466
2025,01,ROU.40.61_1,0.026836119816314626,0.11122244488977955
2025,01,ROU.40.62_1,0.02888967210714495,0.12925851703406813
2025,01,ROU.40.63_1,0.029629830206987572,0.13627254509018036
2025,01,ROU.40.64_1,0.027075858437251864,0.1132264529058115
2025,01,ROU.40.65_1,0.0281180139947334,0.12224448897795602
2025,01,ROU.40.66_1,0.02742978778947278,0.1162324649298596
2025,01,ROU.40.67_1,0.029733116191840134,0.1372745490981964
2025,01,ROU.40.68_1,0.029733116191840082,0.1372745490981964
2025,01,ROU.40.69_1,0.030340501171692527,0.1432865731462926
2025,01,ROU.40.6_1,0.026836119816314702,0.11122244488977955
2025,01,ROU.40.70_1,0.03121372476644212,0.1523046092184369
2025,01,ROU.40.71_1,0.029316341692963904,0.13326653306613226
2025,01,ROU.40.72_1,0.02634723765249562,0.10721442885771541
2025,01,ROU.40.73_1,0.028562945521100103,0.12625250501002003
2025,01,ROU.40.74_1,0.028005075663230895,0.12124248496993976
2025,01,ROU.40.75_1,0.028230263129052656,0.12324649298597194
2025,01,ROU.40.76_1,0.032835411739094406,0.17034068136272537
2025,01,ROU.40.77_1,0.030538387620146698,0.14529058116232466
2025,01,ROU.40.78_1,0.0271945834982607,0.11422845691382753
2025,01,ROU.40.79_1,0.027429787789472762,0.1162324649298596
2025,01,ROU.40.7_1,0.026836119816314685,0.11122244488977955
2025,01,ROU.40.80_1,0.02296687739902793,0.08216432865731459
2025,01,ROU.40.81_1,0.029835806235238613,0.13827655310621242
2025,01,ROU.40.82_1,0.0289972877520269,0.13026052104208416
2025,01,ROU.40.83_1,0.03274940303677263,0.16933867735470945
2025,01,ROU.40.84_1,0.022517559507299258,0.07915831663326649
2025,01,ROU.40.85_1,0.03034050117169258,0.1432865731462926
2025,01,ROU.40.8_1,0.025459901829479208,0.10020040080160318
2025,01,ROU.40.9_1,0.02158552900591931,0.07314629258517029
2025,01,ROU.41.10_1,0.03514162192953799,0.19939879759519044
2025,01,ROU.41.11_1,0.03121372476644207,0.1523046092184369
2025,01,ROU.41.12_1,0.032749403036772616,0.16933867735470945
2025,01,ROU.41.13_1,0.03367075430784944,0.1803607214428857
2025,01,ROU.41.14_1,0.03358919997061701,0.17935871743486978
2025,01,ROU.41.15_1,0.03168027796489129,0.15731462925851705
2025,01,ROU.41.16_1,0.034307951018714304,0.18837675350701397
2025,01,ROU.41.17_1,0.033341931883997346,0.17635270541082157
2025,01,ROU.41.18_1,0.03092752895819812,0.1492985971943888
2025,01,ROU.41.19_1,0.03300605504718017,0.17234468937875744
2025,01,ROU.41.1_1,0.033174886994658814,0.1743486973947895
2025,01,ROU.41.20_1,0.03292096135954542,0.17134268537074152
2025,01,ROU.41.21_1,0.02962983020698757,0.13627254509018036
2025,01,ROU.41.22_1,0.031863339437377715,0.15931863727454912
2025,01,ROU.41.23_1,0.032835411739094406,0.17034068136272537
2025,01,ROU.41.24_1,0.03195412280395628,0.16032064128256515
2025,01,ROU.41.25_1,0.033090695905763655,0.17334669338677358
2025,01,ROU.41.26_1,0.034843991792041014,0.1953907815631263
2025,01,ROU.41.27_1,0.033090695905763703,0.17334669338677358
2025,01,ROU.41.28_1,0.03309069590576364,0.17334669338677358
2025,01,ROU.41.29_1,0.0314018914451944,0.15430861723446895
2025,01,ROU.41.2_1,0.03292096135954542,0.17134268537074152
2025,01,ROU.41.30_1,0.03149519806860733,0.155310621242485
2025,01,ROU.41.31_1,0.03358919997061704,0.17935871743486978
2025,01,ROU.41.32_1,0.033341931883997325,0.17635270541082157
2025,01,ROU.41.33_1,0.03415115463800161,0.186372745490982
2025,01,ROU.41.34_1,0.0353608114145597,0.20240480961923832
2025,01,ROU.41.35_1,0.03592887278629511,0.2104208416833667
2025,01,ROU.41.36_1,0.03358919997061708,0.17935871743486978
2025,01,ROU.41.37_1,0.03248859024938572,0.16633266533066135
2025,01,ROU.41.38_1,0.03130806837135558,0.15330661322645292
2025,01,ROU.41.39_1,0.03204441289418669,0.16132264529058118
2025,01,ROU.41.3_1,0.032662932057324026,0.16833667334669342
2025,01,ROU.41.40_1,0.03430795101871428,0.18837675350701397
2025,01,ROU.41.41_1,0.03476860943902884,0.19438877755511016
2025,01,ROU.41.42_1,0.03422975840493732,0.18737474949899793
2025,01,ROU.41.43_1,0.03222352781522762,0.16332665330661325
2025,01,ROU.41.44_1,0.031587992257590215,0.15631262525050102
2025,01,ROU.41.45_1,0.035360811414559684,0.20240480961923832
2025,01,ROU.41.46_1,0.033424791588837904,0.1773547094188377
2025,01,ROU.41.47_1,0.03309069590576369,0.17334669338677358
2025,01,ROU.41.48_1,0.032920961359545434,0.17134268537074152
2025,01,ROU.41.49_1,0.0345400866382659,0.19138276553106218
2025,01,ROU.41.4_1,0.030927528958198124,0.1492985971943888
2025,01,ROU.41.50_1,0.03342479158883787,0.1773547094188377
2025,01,ROU.41.51_1,0.03266293205732405,0.16833667334669342
2025,01,ROU.41.52_1,0.032312359793050895,0.16432865731462928
2025,01,ROU.41.53_1,0.033670754307849514,0.1803607214428857
2025,01,ROU.41.54_1,0.03195412280395646,0.16032064128256515
2025,01,ROU.41.55_1,0.03383257713374823,0.18236472945891777
2025,01,ROU.41.56_1,0.03383257713374822,0.18236472945891777
2025,01,ROU.41.57_1,0.03292096135954541,0.17134268537074152
2025,01,ROU.41.58_1,0.03383257713374816,0.18236472945891777
2025,01,ROU.41.59_1,0.03461665917470773,0.1923847695390781
2025,01,ROU.41.5_1,0.03257599555835813,0.16733466933867738
2025,01,ROU.41.60_1,0.03334193188399729,0.17635270541082157
2025,01,ROU.41.61_1,0.032134213364370834,0.16232464929859722
2025,01,ROU.41.62_1,0.03430795101871432,0.18837675350701397
2025,01,ROU.41.63_1,0.034307951018714304,0.18837675350701397
2025,01,ROU.41.64_1,0.03213421336437082,0.16232464929859722
2025,01,ROU.41.65_1,0.0346928326657652,0.19338677354709424
2025,01,ROU.41.66_1,0.032223527815227596,0.16332665330661325
2025,01,ROU.41.67_1,0.035718612720621726,0.2074148296593187
2025,01,ROU.41.68_1,0.033174886994658884,0.1743486973947895
2025,01,ROU.41.69_1,0.03391285105217097,0.1833667334669339
2025,01,ROU.41.6_1,0.033258631329692014,0.17535070140280565
2025,01,ROU.41.70_1,0.0345400866382659,0.19138276553106218
2025,01,ROU.41.71_1,0.03177205908137903,0.15831663326653309
2025,01,ROU.41.72_1,0.03422975840493729,0.18737474949899793
2025,01,ROU.41.73_1,0.033992703532526806,0.18436873747494983
2025,01,ROU.41.74_1,0.033992703532526806,0.18436873747494983
2025,01,ROU.41.75_1,0.0305383876201467,0.14529058116232466
2025,01,ROU.41.7_1,0.03399270353252684,0.18436873747494983
2025,01,ROU.41.8_1,0.03654033552975873,0.219438877755511
2025,01,ROU.41.9_1,0.03461665917470776,0.1923847695390781
2025,01,ROU.42.10_1,0.026715088628979276,0.11022044088176362
2025,01,ROU.42.11_1,0.03102345930877946,0.15030060120240482
2025,01,ROU.42.12_1,0.026836119816314633,0.11122244488977955
2025,01,ROU.42.13_1,0.0397573206675547,0.2755511022044088
2025,01,ROU.42.14_1,0.03014035370116704,0.14128256513026052
2025,01,ROU.42.15_1,0.0251985331094305,0.09819639278557112
2025,01,ROU.42.16_1,0.03358919997061703,0.17935871743486978
2025,01,ROU.42.17_1,0.02707585843725181,0.1132264529058115
2025,01,ROU.42.18_1,0.029104267201193846,0.1312625250501002
2025,01,ROU.42.19_1,0.03893456348611335,0.2595190380761523
2025,01,ROU.42.1_1,0.031213724766442116,0.1523046092184369
2025,01,ROU.42.20_1,0.03213421336437075,0.16232464929859722
2025,01,ROU.42.21_1,0.0335072133344081,0.17835671342685364
2025,01,ROU.42.22_1,0.03809553972866257,0.2444889779559117
2025,01,ROU.42.23_1,0.030927528958198114,0.1492985971943888
2025,01,ROU.42.24_1,0.03204441289418666,0.16132264529058118
2025,01,ROU.42.25_1,0.031213724766442023,0.1523046092184369
2025,01,ROU.42.26_1,0.026715088628979283,0.11022044088176362
2025,01,ROU.42.27_1,0.028230263129052656,0.12324649298597194
2025,01,ROU.42.28_1,0.0400474725261487,0.2815631262525049
2025,01,ROU.42.29_1,0.03222352781522757,0.16332665330661325
2025,01,ROU.42.2_1,0.027662052453809663,0.11823647294589178
2025,01,ROU.42.30_1,0.030734051240935385,0.14729458917835672
2025,01,ROU.42.31_1,0.03248859024938569,0.16633266533066135
2025,01,ROU.42.32_1,0.029525942839218187,0.13527054108216433
2025,01,ROU.42.33_1,0.033174886994658905,0.1743486973947895
2025,01,ROU.42.34_1,0.02719458349826068,0.11422845691382753
2025,01,ROU.42.35_1,0.025589245220572873,0.10120240480961921
2025,01,ROU.42.36_1,0.02634723765249563,0.10721442885771541
2025,01,ROU.42.37_1,0.03300605504718017,0.17234468937875744
2025,01,ROU.42.38_1,0.02683611981631458,0.11122244488977955
2025,01,ROU.42.39_1,0.033006055047180176,0.17234468937875744
2025,01,ROU.42.3_1,0.032835411739094406,0.17034068136272537
2025,01,ROU.42.40_1,0.029835806235238606,0.13827655310621242
2025,01,ROU.42.41_1,0.030140353701167032,0.14128256513026052
2025,01,ROU.42.42_1,0.030240712502615525,0.14228456913827656
2025,01,ROU.42.43_1,0.028997287752026875,0.13026052104208416
2025,01,ROU.42.44_1,0.026836119816314633,0.11122244488977955
2025,01,ROU.42.45_1,0.030439724606053674,0.14428857715430862
2025,01,ROU.42.46_1,0.030831061077761682,0.14829659318637275
2025,01,ROU.42.47_1,0.03158799225759023,0.15631262525050102
2025,01,ROU.42.48_1,0.02993790568236584,0.13927855711422846
2025,01,ROU.42.49_1,0.038211334990488795,0.246492985971944
2025,01,ROU.42.4_1,0.027546283549806504,0.11723446893787574
2025,01,ROU.42.50_1,0.030140353701167032,0.14128256513026052
2025,01,ROU.42.51_1,0.034385734965410565,0.1893787575150301
2025,01,ROU.42.52_1,0.033258631329692014,0.17535070140280565
2025,01,ROU.42.53_1,0.03300605504718017,0.17234468937875744
2025,01,ROU.42.54_1,0.03391285105217099,0.1833667334669339
2025,01,ROU.42.55_1,0.03121372476644211,0.1523046092184369
2025,01,ROU.42.56_1,0.025329668374153805,0.09919839679358715
2025,01,ROU.42.57_1,0.030538387620146688,0.14529058116232466
2025,01,ROU.42.58_1,0.028562945521100096,0.12625250501002003
2025,01,ROU.42.59_1,0.03130806837135555,0.15330661322645292
2025,01,ROU.42.5_1,0.033507213334408086,0.17835671342685364
2025,01,ROU.42.60_1,0.028997287752026923,0.13026052104208416
2025,01,ROU.42.61_1,0.029733116191840117,0.1372745490981964
2025,01,ROU.42.62_1,0.026956373449295315,0.11222444889779569
2025,01,ROU.42.63_1,0.028781414078247698,0.1282565130260521
2025,01,ROU.42.64_1,0.032488590249385683,0.16633266533066135
2025,01,ROU.42.6_1,0.030140353701167032,0.14128256513026052
2025,01,ROU.42.7_1,0.0315879922575902,0.15631262525050102
2025,01,ROU.42.8_1,0.027891440905278727,0.12024048096192395
2025,01,ROU.42.9_1,0.03718696410410585,0.22945891783567132
2025,01,ROU.5.10_1,0.04094545539146496,0.3016032064128257
2025,01,ROU.5.11_1,0.03375187911770994,0.18136272545090185
2025,01,ROU.5.12_1,0.031401891445194445,0.15430861723446895
2025,01,ROU.5.13_1,0.034993582280348726,0.19739478957915838
2025,01,ROU.5.14_1,0.029733116191840117,0.1372745490981964
2025,01,ROU.5.15_1,0.032835411739094406,0.17034068136272537
2025,01,ROU.5.16_1,0.025845307393654468,0.10320641282565128
2025,01,ROU.5.17_1,0.03514162192953801,0.19939879759519044
2025,01,ROU.5.18_1,0.028005075663230895,0.12124248496993976
2025,01,ROU.5.19_1,0.02910426720119387,0.1312625250501002
2025,01,ROU.5.1_1,0.03317488699465885,0.1743486973947895
2025,01,ROU.5.20_1,0.031213724766442127,0.1523046092184369
2025,01,ROU.5.21_1,0.03063649494716476,0.1462925851703407
2025,01,ROU.5.22_1,0.029525942839218132,0.13527054108216433
2025,01,ROU.5.23_1,0.035141621929537986,0.19939879759519044
2025,01,ROU.5.24_1,0.032134213364370806,0.16232464929859722
2025,01,ROU.5.25_1,0.03383257713374824,0.18236472945891777
2025,01,ROU.5.26_1,0.03300605504718021,0.17234468937875744
2025,01,ROU.5.27_1,0.03130806837135563,0.15330661322645292
2025,01,ROU.5.28_1,0.03140189144519443,0.15430861723446895
2025,01,ROU.5.29_1,0.033090695905763655,0.17334669338677358
2025,01,ROU.5.2_1,0.03257599555835811,0.16733466933867738
2025,01,ROU.5.30_1,0.03195412280395622,0.16032064128256515
2025,01,ROU.5.31_1,0.030538387620146698,0.14529058116232466
2025,01,ROU.5.32_1,0.027194583498260767,0.11422845691382753
2025,01,ROU.5.33_1,0.02834183015253204,0.12424849699398798
2025,01,ROU.5.34_1,0.031495198068607295,0.155310621242485
2025,01,ROU.5.35_1,0.03240071279083799,0.16533066132264532
2025,01,ROU.5.36_1,0.03375187911770994,0.18136272545090185
2025,01,ROU.5.37_1,0.029937905682365862,0.13927855711422846
2025,01,ROU.5.38_1,0.03158799225759022,0.15631262525050102
2025,01,ROU.5.39_1,0.030039419784473345,0.1402805611222445
2025,01,ROU.5.3_1,0.03158799225759028,0.15631262525050102
2025,01,ROU.5.40_1,0.02910426720119381,0.1312625250501002
2025,01,ROU.5.41_1,0.03990362322256465,0.2785571142284569
2025,01,ROU.5.42_1,0.03073405124093534,0.14729458917835672
2025,01,ROU.5.43_1,0.0316802779648913,0.15731462925851705
2025,01,ROU.5.44_1,0.030039419784473317,0.1402805611222445
2025,01,ROU.5.45_1,0.030927528958198135,0.1492985971943888
2025,01,ROU.5.46_1,0.031213724766442144,0.1523046092184369
2025,01,ROU.5.47_1,0.028562945521100086,0.12625250501002003
2025,01,ROU.5.48_1,0.031118856483700393,0.15130260521042085
2025,01,ROU.5.49_1,0.028781414078247632,0.1282565130260521
2025,01,ROU.5.4_1,0.030636494947164708,0.1462925851703407
2025,01,ROU.5.50_1,0.034540086638265896,0.19138276553106218
2025,01,ROU.5.51_1,0.029733116191840082,0.1372745490981964
2025,01,ROU.5.52_1,0.03168027796489125,0.15731462925851705
2025,01,ROU.5.53_1,0.032575995558358134,0.16733466933867738
2025,01,ROU.5.54_1,0.030240712502615525,0.14228456913827656
2025,01,ROU.5.55_1,0.03274940303677263,0.16933867735470945
2025,01,ROU.5.56_1,0.03585914996722601,0.20941883767535066
2025,01,ROU.5.57_1,0.03231235979305092,0.16432865731462928
2025,01,ROU.5.58_1,0.027194583498260747,0.11422845691382753
2025,01,ROU.5.59_1,0.03248859024938571,0.16633266533066135
2025,01,ROU.5.5_1,0.029525942839218205,0.13527054108216433
2025,01,ROU.5.60_1,0.03213421336437084,0.16232464929859722
2025,01,ROU.5.61_1,0.031023459308779668,0.15030060120240482
2025,01,ROU.5.62_1,0.03149519806860734,0.155310621242485
2025,01,ROU.5.63_1,0.030734051240935444,0.14729458917835672
2025,01,ROU.5.64_1,0.02921061652782856,0.13226452905811623
2025,01,ROU.5.65_1,0.029316341692963908,0.13326653306613226
2025,01,ROU.5.66_1,0.036996506011050936,0.22645290581162333
2025,01,ROU.5.67_1,0.032835411739094406,0.17034068136272537
2025,01,ROU.5.68_1,0.03838273329162207,0.24949899799599198
2025,01,ROU.5.69_1,0.032662932057324054,0.16833667334669342
2025,01,ROU.5.6_1,0.03871738909574287,0.25551102204408815
2025,01,ROU.5.70_1,0.03422975840493738,0.18737474949899793
2025,01,ROU.5.71_1,0.031308068371355566,0.15330661322645292
2025,01,ROU.5.72_1,0.029835806235238592,0.13827655310621242
2025,01,ROU.5.73_1,0.03914707730058036,0.2635270541082164
2025,01,ROU.5.74_1,0.03102345930877964,0.15030060120240482
2025,01,ROU.5.75_1,0.032134213364370806,0.16232464929859722
2025,01,ROU.5.76_1,0.027075858437251875,0.1132264529058115
2025,01,ROU.5.77_1,0.0291042672011938,0.1312625250501002
2025,01,ROU.5.78_1,0.031863339437377784,0.15931863727454912
2025,01,ROU.5.79_1,0.02910426720119384,0.1312625250501002
2025,01,ROU.5.7_1,0.03186333943737773,0.15931863727454912
2025,01,ROU.5.80_1,0.02942144854834706,0.1342685370741483
2025,01,ROU.5.81_1,0.029525942839218205,0.13527054108216433
2025,01,ROU.5.82_1,0.030831061077761707,0.14829659318637275
2025,01,ROU.5.83_1,0.038037179433518385,0.24348697394789579
2025,01,ROU.5.84_1,0.032575995558358134,0.16733466933867738
2025,01,ROU.5.85_1,0.030734051240935416,0.14729458917835672
2025,01,ROU.5.86_1,0.03130806837135561,0.15330661322645292
2025,01,ROU.5.87_1,0.031118856483700396,0.15130260521042085
2025,01,ROU.5.88_1,0.032662932057324026,0.16833667334669342
2025,01,ROU.5.89_1,0.031023459308779602,0.15030060120240482
2025,01,ROU.5.8_1,0.033507213334408134,0.17835671342685364
2025,01,ROU.5.90_1,0.027662052453809646,0.11823647294589178
2025,01,ROU.5.91_1,0.03140189144519445,0.15430861723446895
2025,01,ROU.5.92_1,0.029629830206987656,0.13627254509018036
2025,01,ROU.5.93_1,0.028452722012509212,0.125250501002004
2025,01,ROU.5.94_1,0.032223527815227554,0.16332665330661325
2025,01,ROU.5.9_1,0.03186333943737775,0.15931863727454912
2025,01,ROU.6.10_1,0.026347237652495616,0.10721442885771541
2025,01,ROU.6.11_1,0.02683611981631458,0.11122244488977955
2025,01,ROU.6.12_1,0.026347237652495647,0.10721442885771541
2025,01,ROU.6.13_1,0.026836119816314608,0.11122244488977955
2025,01,ROU.6.14_1,0.028341830152532048,0.12424849699398798
2025,01,ROU.6.15_1,0.026715088628979387,0.11022044088176362
2025,01,ROU.6.16_1,0.027312557164847505,0.11523046092184368
2025,01,ROU.6.17_1,0.026470656961829663,0.10821643286573145
2025,01,ROU.6.18_1,0.027546283549806504,0.11723446893787574
2025,01,ROU.6.19_1,0.024799594579291845,0.09519038076152302
2025,01,ROU.6.1_1,0.027891440905278758,0.12024048096192395
2025,01,ROU.6.20_1,0.02571771001131254,0.10220440881763525
2025,01,ROU.6.21_1,0.02609794339476907,0.10521042084168335
2025,01,ROU.6.22_1,0.02466472864761029,0.09418837675350698
2025,01,ROU.6.23_1,0.02671508862897932,0.11022044088176362
2025,01,ROU.6.24_1,0.026836119816314636,0.11122244488977955
2025,01,ROU.6.25_1,0.02811801399473339,0.12224448897795602
2025,01,ROU.6.26_1,0.027075858437251864,0.1132264529058115
2025,01,ROU.6.27_1,0.02856294552110013,0.12625250501002003
2025,01,ROU.6.28_1,0.02856294552110012,0.12625250501002003
2025,01,ROU.6.29_1,0.027662052453809698,0.11823647294589178
2025,01,ROU.6.2_1,0.026347237652495626,0.10721442885771541
2025,01,ROU.6.30_1,0.02609794339476907,0.10521042084168335
2025,01,ROU.6.31_1,0.02845272201250931,0.125250501002004
2025,01,ROU.6.32_1,0.02597204829659694,0.10420841683366731
2025,01,ROU.6.33_1,0.025589245220572845,0.10120240480961921
2025,01,ROU.6.34_1,0.029104267201193867,0.1312625250501002
2025,01,ROU.6.35_1,0.026956373449295315,0.11222444889779569
2025,01,ROU.6.36_1,0.029835806235238557,0.13827655310621242
2025,01,ROU.6.37_1,0.024528897602858434,0.09318637274549095
2025,01,ROU.6.38_1,0.02707585843725193,0.1132264529058115
2025,01,ROU.6.39_1,0.02777710234462388,0.1192384769539077
2025,01,ROU.6.3_1,0.025972048296596918,0.10420841683366731
2025,01,ROU.6.40_1,0.026593270780774413,0.10921843687374748
2025,01,ROU.6.41_1,0.02845272201250923,0.125250501002004
2025,01,ROU.6.42_1,0.024254285194864875,0.09118236472945888
2025,01,ROU.6.43_1,0.025972048296596953,0.10420841683366731
2025,01,ROU.6.44_1,0.028889672107144958,0.12925851703406813
2025,01,ROU.6.45_1,0.02834183015253206,0.12424849699398798
2025,01,ROU.6.46_1,0.028230263129052656,0.12324649298597194
2025,01,ROU.6.47_1,0.026223003116657227,0.10621242484969938
2025,01,ROU.6.48_1,0.027546283549806504,0.11723446893787574
2025,01,ROU.6.49_1,0.02931634169296392,0.13326653306613226
2025,01,ROU.6.4_1,0.02777710234462388,0.1192384769539077
2025,01,ROU.6.50_1,0.029316341692963915,0.13326653306613226
2025,01,ROU.6.51_1,0.028005075663230898,0.12124248496993976
2025,01,ROU.6.52_1,0.025329668374153815,0.09919839679358715
2025,01,ROU.6.53_1,0.024115475428418662,0.09018036072144285
2025,01,ROU.6.54_1,0.02383477487575465,0.08817635270541078
2025,01,ROU.6.55_1,0.029733116191840134,0.1372745490981964
2025,01,ROU.6.56_1,0.02789144090527873,0.12024048096192395
2025,01,ROU.6.57_1,0.026593270780774413,0.10921843687374748
2025,01,ROU.6.5_1,0.028889672107144968,0.12925851703406813
2025,01,ROU.6.6_1,0.027546283549806514,0.11723446893787574
2025,01,ROU.6.7_1,0.030340501171692555,0.1432865731462926
2025,01,ROU.6.8_1,0.028889672107144975,0.12925851703406813
2025,01,ROU.6.9_1,0.029835806235238585,0.13827655310621242
2025,01,ROU.7.10_1,0.03083106107776173,0.14829659318637275
2025,01,ROU.7.11_1,0.031023459308779467,0.15030060120240482
2025,01,ROU.7.12_1,0.034843991792041,0.1953907815631263
2025,01,ROU.7.13_1,0.03130806837135555,0.15330661322645292
2025,01,ROU.7.14_1,0.033507213334408106,0.17835671342685364
2025,01,ROU.7.15_1,0.032044412894186663,0.16132264529058118
2025,01,ROU.7.16_1,0.03168027796489135,0.15731462925851705
2025,01,ROU.7.17_1,0.03121372476644211,0.1523046092184369
2025,01,ROU.7.18_1,0.033424791588837925,0.1773547094188377
2025,01,ROU.7.19_1,0.03266293205732399,0.16833667334669342
2025,01,ROU.7.1_1,0.03168027796489128,0.15731462925851705
2025,01,ROU.7.20_1,0.029104267201193773,0.1312625250501002
2025,01,ROU.7.21_1,0.03391285105217092,0.1833667334669339
2025,01,ROU.7.22_1,0.03350721333440813,0.17835671342685364
2025,01,ROU.7.23_1,0.03838273329162203,0.24949899799599198
2025,01,ROU.7.24_1,0.03893456348611337,0.2595190380761523
2025,01,ROU.7.25_1,0.03367075430784954,0.1803607214428857
2025,01,ROU.7.26_1,0.033507213334408106,0.17835671342685364
2025,01,ROU.7.27_1,0.03158799225759024,0.15631262525050102
2025,01,ROU.7.28_1,0.03149519806860732,0.155310621242485
2025,01,ROU.7.29_1,0.03266293205732403,0.16833667334669342
2025,01,ROU.7.2_1,0.03446311269826631,0.19038076152304603
2025,01,ROU.7.30_1,0.035576607190685824,0.20541082164328653
2025,01,ROU.7.31_1,0.03158799225759021,0.15631262525050102
2025,01,ROU.7.32_1,0.03975732066755469,0.2755511022044088
2025,01,ROU.7.33_1,0.031213724766442106,0.1523046092184369
2025,01,ROU.7.34_1,0.03063649494716471,0.1462925851703407
2025,01,ROU.7.35_1,0.032400712790838004,0.16533066132264532
2025,01,ROU.7.36_1,0.03177205908137902,0.15831663326653309
2025,01,ROU.7.37_1,0.033090695905763697,0.17334669338677358
2025,01,ROU.7.38_1,0.03358919997061709,0.17935871743486978
2025,01,ROU.7.39_1,0.033090695905763724,0.17334669338677358
2025,01,ROU.7.3_1,0.031308068371355614,0.15330661322645292
2025,01,ROU.7.40_1,0.040554307228194794,0.2925851703406814
2025,01,ROU.7.41_1,0.03317488699465889,0.1743486973947895
2025,01,ROU.7.42_1,0.03367075430784948,0.1803607214428857
2025,01,ROU.7.43_1,0.0338325771337482,0.18236472945891777
2025,01,ROU.7.44_1,0.032134213364370764,0.16232464929859722
2025,01,ROU.7.45_1,0.031213724766442092,0.1523046092184369
2025,01,ROU.7.46_1,0.03391285105217094,0.1833667334669339
2025,01,ROU.7.47_1,0.03960854039940657,0.2725450901803607
2025,01,ROU.7.48_1,0.032835411739094406,0.17034068136272537
2025,01,ROU.7.49_1,0.03383257713374822,0.18236472945891777
2025,01,ROU.7.4_1,0.03521506562850798,0.20040080160320647
2025,01,ROU.7.50_1,0.035433117677725653,0.20340681362725446
2025,01,ROU.7.51_1,0.039708003775604905,0.2745490981963928
2025,01,ROU.7.52_1,0.03177205908137904,0.15831663326653309
2025,01,ROU.7.53_1,0.03514162192953799,0.19939879759519044
2025,01,ROU.7.54_1,0.04028183385378819,0.2865731462925852
2025,01,ROU.7.55_1,0.0316802779648913,0.15731462925851705
2025,01,ROU.7.56_1,0.03391285105217089,0.1833667334669339
2025,01,ROU.7.57_1,0.03222352781522758,0.16332665330661325
2025,01,ROU.7.58_1,0.03797850899911898,0.24248496993987986
2025,01,ROU.7.59_1,0.033006055047180224,0.17234468937875744
2025,01,ROU.7.5_1,0.03222352781522762,0.16332665330661325
2025,01,ROU.7.60_1,0.03186333943737774,0.15931863727454912
2025,01,ROU.7.61_1,0.034843991792041014,0.1953907815631263
2025,01,ROU.7.62_1,0.03092752895819813,0.1492985971943888
2025,01,ROU.7.63_1,0.031118856483700386,0.15130260521042085
2025,01,ROU.7.64_1,0.034151154638001585,0.186372745490982
2025,01,ROU.7.65_1,0.0345400866382659,0.19138276553106218
2025,01,ROU.7.66_1,0.03092752895819813,0.1492985971943888
2025,01,ROU.7.67_1,0.030538387620146698,0.14529058116232466
2025,01,ROU.7.68_1,0.03469283266576522,0.19338677354709424
2025,01,ROU.7.69_1,0.030439724606053667,0.14428857715430862
2025,01,ROU.7.6_1,0.03919948555669425,0.26452905811623245
2025,01,ROU.7.70_1,0.03375187911770993,0.18136272545090185
2025,01,ROU.7.71_1,0.033258631329692014,0.17535070140280565
2025,01,ROU.7.72_1,0.031401891445194466,0.15430861723446895
2025,01,ROU.7.7_1,0.030831061077761717,0.14829659318637275
2025,01,ROU.7.8_1,0.03375187911770994,0.18136272545090185
2025,01,ROU.7.9_1,0.033992703532526855,0.18436873747494983
2025,01,ROU.8.10_1,0.02236538380913416,0.07815631262525045
2025,01,ROU.8.11_1,0.02571771001131252,0.10220440881763525
2025,01,ROU.8.12_1,0.025198533109430415,0.09819639278557112
2025,01,ROU.8.13_1,0.022966877399027894,0.08216432865731459
2025,01,ROU.8.14_1,0.028997287752026858,0.13026052104208416
2025,01,ROU.8.15_1,0.023692853314494854,0.08717434869739475
2025,01,ROU.8.16_1,0.022818286394609054,0.08116232464929855
2025,01,ROU.8.17_1,0.03342479158883796,0.1773547094188377
2025,01,ROU.8.18_1,0.026715088628979297,0.11022044088176362
2025,01,ROU.8.19_1,0.02519853310943036,0.09819639278557112
2025,01,ROU.8.1_1,0.02519853310943037,0.09819639278557112
2025,01,ROU.8.20_1,0.02281828639460906,0.08116232464929855
2025,01,ROU.8.21_1,0.027312557164847498,0.11523046092184368
2025,01,ROU.8.22_1,0.02609794339476908,0.10521042084168335
2025,01,ROU.8.23_1,0.025329668374153812,0.09919839679358715
2025,01,ROU.8.24_1,0.02411547542841865,0.09018036072144285
2025,01,ROU.8.25_1,0.026097943394769067,0.10521042084168335
2025,01,ROU.8.26_1,0.028341830152531992,0.12424849699398798
2025,01,ROU.8.27_1,0.020436210031917805,0.06613226452905806
2025,01,ROU.8.28_1,0.026347237652495602,0.10721442885771541
2025,01,ROU.8.29_1,0.026347237652495602,0.10721442885771541
2025,01,ROU.8.2_1,0.028452722012509306,0.125250501002004
2025,01,ROU.8.30_1,0.022365383809134144,0.07815631262525045
2025,01,ROU.8.31_1,0.022818286394609054,0.08116232464929855
2025,01,ROU.8.32_1,0.024799594579291803,0.09519038076152302
2025,01,ROU.8.33_1,0.026836119816314643,0.11122244488977955
2025,01,ROU.8.34_1,0.022517559507299216,0.07915831663326649
2025,01,ROU.8.35_1,0.020604800138715913,0.0671342685370742
2025,01,ROU.8.36_1,0.02683611981631466,0.11122244488977955
2025,01,ROU.8.37_1,0.02425428519486497,0.09118236472945888
2025,01,ROU.8.38_1,0.02622300311665721,0.10621242484969938
2025,01,ROU.8.39_1,0.02683611981631468,0.11122244488977955
2025,01,ROU.8.3_1,0.025717710011312567,0.10220440881763525
2025,01,ROU.8.40_1,0.025329668374153815,0.09919839679358715
2025,01,ROU.8.41_1,0.02634723765249562,0.10721442885771541
2025,01,ROU.8.42_1,0.023114312344931484,0.08316633266533062
2025,01,ROU.8.43_1,0.024254285194864906,0.09118236472945888
2025,01,ROU.8.44_1,0.025717710011312525,0.10220440881763525
2025,01,ROU.8.45_1,0.022818286394609043,0.08116232464929855
2025,01,ROU.8.46_1,0.023975643714878873,0.08917835671342682
2025,01,ROU.8.47_1,0.02397564371487891,0.08917835671342682
2025,01,ROU.8.49_1,0.02452889760285835,0.09318637274549095
2025,01,ROU.8.4_1,0.020604800138715934,0.0671342685370742
2025,01,ROU.8.50_1,0.02519853310943039,0.09819639278557112
2025,01,ROU.8.51_1,0.0246647286476102,0.09418837675350698
2025,01,ROU.8.52_1,0.023260609712008714,0.08416833667334665
2025,01,ROU.8.5_1,0.02506648399907029,0.09719438877755508
2025,01,ROU.8.6_1,0.024528897602858514,0.09318637274549095
2025,01,ROU.8.7_1,0.025845307393654423,0.10320641282565128
2025,01,ROU.8.8_1,0.02571771001131261,0.10220440881763525
2025,01,ROU.8.9_1,0.02647065696182952,0.10821643286573145
2025,01,ROU.9.10_1,0.036067236217727366,0.21242484969939876
2025,01,ROU.9.11_1,0.03960854039940657,0.2725450901803607
2025,01,ROU.9.12_1,0.04073072715680169,0.2965931863727455
2025,01,ROU.9.13_1,0.03536081141455972,0.20240480961923832
2025,01,ROU.9.14_1,0.03469283266576518,0.19338677354709424
2025,01,ROU.9.15_1,0.03578906391308237,0.20841683366733474
2025,01,ROU.9.16_1,0.0368030407604271,0.22344689378757523
2025,01,ROU.9.17_1,0.03334193188399725,0.17635270541082157
2025,01,ROU.9.18_1,0.035859149967226014,0.20941883767535066
2025,01,ROU.9.19_1,0.0345400866382659,0.19138276553106218
2025,01,ROU.9.1_1,0.042068160212582605,0.33066132264529063
2025,01,ROU.9.20_1,0.03521506562850804,0.20040080160320647
2025,01,ROU.9.21_1,0.0405988016584048,0.2935871743486973
2025,01,ROU.9.22_1,0.0335072133344081,0.17835671342685364
2025,01,ROU.9.23_1,0.03342479158883786,0.1773547094188377
2025,01,ROU.9.24_1,0.03640691707804969,0.21743486973947893
2025,01,ROU.9.25_1,0.03686786590249006,0.22444889779559116
2025,01,ROU.9.26_1,0.04018889231686864,0.2845691382765531
2025,01,ROU.9.27_1,0.03415115463800165,0.186372745490982
2025,01,ROU.9.28_1,0.03484399179204103,0.1953907815631263
2025,01,ROU.9.29_1,0.03536081141455972,0.20240480961923832
2025,01,ROU.9.2_1,0.03430795101871429,0.18837675350701397
2025,01,ROU.9.30_1,0.04028183385378819,0.2865731462925852
2025,01,ROU.9.31_1,0.033992703532526876,0.18436873747494983
2025,01,ROU.9.32_1,0.033174886994658884,0.1743486973947895
2025,01,ROU.9.33_1,0.037619900254271796,0.23647294589178355
2025,01,ROU.9.34_1,0.04098763549272172,0.3026052104208417
2025,01,ROU.9.35_1,0.041275836609137945,0.30961923847695383
2025,01,ROU.9.36_1,0.04102956208028714,0.30360721442885763
2025,01,ROU.9.37_1,0.035998234250569555,0.21142284569138262
2025,01,ROU.9.38_1,0.0413559310132389,0.3116232464929859
2025,01,ROU.9.39_1,0.03491898199281637,0.19639278557114234
2025,01,ROU.9.3_1,0.041435035641797284,0.31362725450901807
2025,01,ROU.9.40_1,0.035433117677725647,0.20340681362725446
2025,01,ROU.9.41_1,0.03391285105217091,0.1833667334669339
2025,01,ROU.9.42_1,0.04086033180906675,0.2995991983967936
2025,01,ROU.9.43_1,0.035505048928485154,0.2044088176352705
2025,01,ROU.9.4_1,0.0392516078171317,0.2655310621242485
2025,01,ROU.9.5_1,0.03613588052320531,0.2134268537074148
2025,01,ROU.9.6_1,0.04064303594748161,0.29458917835671344
2025,01,ROU.9.7_1,0.03647379985239163,0.21843687374749496
2025,01,ROU.9.8_1,0.032662932057324054,0.16833667334669342
2025,01,ROU.9.9_1,0.03469283266576517,0.19338677354709424
2025,01,SRB.1.1_1,0.030734051240935416,0.14729458917835672
2025,01,SRB.1.2_1,0.03130806837135563,0.15330661322645292
2025,01,SRB.1.3_1,0.031954122803956264,0.16032064128256515
2025,01,SRB.1.4_1,0.031118856483700396,0.15130260521042085
2025,01,SRB.10.1_1,0.0335072133344081,0.17835671342685364
2025,01,SRB.10.2_1,0.03195412280395627,0.16032064128256515
2025,01,SRB.10.3_1,0.028781414078247653,0.1282565130260521
2025,01,SRB.10.4_1,0.03195412280395628,0.16032064128256515
2025,01,SRB.10.5_1,0.030831061077761693,0.14829659318637275
2025,01,SRB.10.6_1,0.030538387620146688,0.14529058116232466
2025,01,SRB.10.7_1,0.028672507358848354,0.12725450901803606
2025,01,SRB.11.1_1,0.02789144090527877,0.12024048096192395
2025,01,SRB.11.2_1,0.031772059081379055,0.15831663326653309
2025,01,SRB.11.3_1,0.03043972460605366,0.14428857715430862
2025,01,SRB.11.4_1,0.029316341692963904,0.13326653306613226
2025,01,SRB.11.5_1,0.027075858437251903,0.1132264529058115
2025,01,SRB.11.6_1,0.030439724606053674,0.14428857715430862
2025,01,SRB.11.7_1,0.02834183015253206,0.12424849699398798
2025,01,SRB.12.1_1,0.02683611981631466,0.11122244488977955
2025,01,SRB.12.2_1,0.02789144090527877,0.12024048096192395
2025,01,SRB.12.3_1,0.02683611981631467,0.11122244488977955
2025,01,SRB.12.4_1,0.030240712502615525,0.14228456913827656
2025,01,SRB.13.1_1,0.03422975840493733,0.18737474949899793
2025,01,SRB.13.2_1,0.03391285105217094,0.1833667334669339
2025,01,SRB.13.3_1,0.031495198068607295,0.155310621242485
2025,01,SRB.14.1_1,0.03248859024938572,0.16633266533066135
2025,01,SRB.14.2_1,0.03186333943737778,0.15931863727454912
2025,01,SRB.14.3_1,0.031213724766442043,0.1523046092184369
2025,01,SRB.14.4_1,0.030240712502615532,0.14228456913827656
2025,01,SRB.14.5_1,0.028005075663230905,0.12124248496993976
2025,01,SRB.14.6_1,0.03248859024938575,0.16633266533066135
2025,01,SRB.15.1_1,0.027075858437251837,0.1132264529058115
2025,01,SRB.15.2_1,0.026836119816314615,0.11122244488977955
2025,01,SRB.15.3_1,0.031213724766442158,0.1523046092184369
2025,01,SRB.15.4_1,0.03309069590576366,0.17334669338677358
2025,01,SRB.15.5_1,0.031308068371355614,0.15330661322645292
2025,01,SRB.15.6_1,0.03186333943737771,0.15931863727454912
2025,01,SRB.16.1_1,0.030439724606053667,0.14428857715430862
2025,01,SRB.16.2_1,0.027662052453809698,0.11823647294589178
2025,01,SRB.16.3_1,0.02800507566323091,0.12124248496993976
2025,01,SRB.16.4_1,0.02425428519486483,0.09118236472945888
2025,01,SRB.16.5_1,0.029835806235238613,0.13827655310621242
2025,01,SRB.17.1_1,0.03438573496541052,0.1893787575150301
2025,01,SRB.17.2_1,0.03578906391308237,0.20841683366733474
2025,01,SRB.17.3_1,0.03391285105217087,0.1833667334669339
2025,01,SRB.18.1_1,0.0346928326657652,0.19338677354709424
2025,01,SRB.18.2_1,0.03438573496541053,0.1893787575150301
2025,01,SRB.18.3_1,0.032575995558358106,0.16733466933867738
2025,01,SRB.18.4_1,0.03399270353252684,0.18436873747494983
2025,01,SRB.18.5_1,0.03383257713374817,0.18236472945891777
2025,01,SRB.18.6_1,0.03367075430784949,0.1803607214428857
2025,01,SRB.19.1_1,0.034463112698266324,0.19038076152304603
2025,01,SRB.19.2_1,0.034151154638001634,0.186372745490982
2025,01,SRB.19.3_1,0.03469283266576517,0.19338677354709424
2025,01,SRB.19.4_1,0.0346928326657652,0.19338677354709424
2025,01,SRB.19.5_1,0.03358919997061703,0.17935871743486978
2025,01,SRB.2.1_1,0.03292096135954544,0.17134268537074152
2025,01,SRB.2.2_1,0.031213724766442078,0.1523046092184369
2025,01,SRB.2.3_1,0.034768609439028854,0.19438877755511016
2025,01,SRB.2.4_1,0.03222352781522762,0.16332665330661325
2025,01,SRB.2.5_1,0.03469283266576519,0.19338677354709424
2025,01,SRB.2.6_1,0.033751879117709944,0.18136272545090185
2025,01,SRB.2.7_1,0.032835411739094406,0.17034068136272537
2025,01,SRB.2.8_1,0.02952594283921818,0.13527054108216433
2025,01,SRB.20.1_1,0.03309069590576363,0.17334669338677358
2025,01,SRB.20.2_1,0.03358919997061703,0.17935871743486978
2025,01,SRB.20.3_1,0.03407213719838793,0.18537074148296598
2025,01,SRB.20.4_1,0.035928872786295064,0.2104208416833667
2025,01,SRB.20.5_1,0.033424791588837904,0.1773547094188377
2025,01,SRB.20.6_1,0.034692832665765165,0.19338677354709424
2025,01,SRB.20.7_1,0.03699650601105095,0.22645290581162333
2025,01,SRB.21.1_1,0.0327494030367726,0.16933867735470945
2025,01,SRB.21.2_1,0.031495198068607275,0.155310621242485
2025,01,SRB.21.3_1,0.02983580623523858,0.13827655310621242
2025,01,SRB.21.4_1,0.032488590249385677,0.16633266533066135
2025,01,SRB.21.5_1,0.03266293205732399,0.16833667334669342
2025,01,SRB.21.6_1,0.032400712790837984,0.16533066132264532
2025,01,SRB.21.7_1,0.03358919997061706,0.17935871743486978
2025,01,SRB.22.1_1,0.03222352781522757,0.16332665330661325
2025,01,SRB.22.2_1,0.03130806837135561,0.15330661322645292
2025,01,SRB.22.3_1,0.03274940303677262,0.16933867735470945
2025,01,SRB.22.4_1,0.03177205908137905,0.15831663326653309
2025,01,SRB.23.1_1,0.02993790568236588,0.13927855711422846
2025,01,SRB.23.2_1,0.03102345930877948,0.15030060120240482
2025,01,SRB.23.3_1,0.030927528958198114,0.1492985971943888
2025,01,SRB.23.4_1,0.03195412280395634,0.16032064128256515
2025,01,SRB.24.1_1,0.03399270353252683,0.18436873747494983
2025,01,SRB.24.2_1,0.0342297584049373,0.18737474949899793
2025,01,SRB.24.3_1,0.03350721333440809,0.17835671342685364
2025,01,SRB.24.4_1,0.03383257713374819,0.18236472945891777
2025,01,SRB.25.10_1,0.028672507358848322,0.12725450901803606
2025,01,SRB.25.1_1,0.031023459308779477,0.15030060120240482
2025,01,SRB.25.2_1,0.02834183015253209,0.12424849699398798
2025,01,SRB.25.3_1,0.029210616527828536,0.13226452905811623
2025,01,SRB.25.4_1,0.02952594283921816,0.13527054108216433
2025,01,SRB.25.5_1,0.030240712502615525,0.14228456913827656
2025,01,SRB.25.6_1,0.030734051240935378,0.14729458917835672
2025,01,SRB.25.7_1,0.029104267201193745,0.1312625250501002
2025,01,SRB.25.8_1,0.028781414078247674,0.1282565130260521
2025,01,SRB.25.9_1,0.02647065696182961,0.10821643286573145
2025,01,SRB.3.10_1,0.04304855817300618,0.6362725450901804
2025,01,SRB.3.11_1,0.029316341692963915,0.13326653306613226
2025,01,SRB.3.12_1,0.04396009938621719,0.5981963927855711
2025,01,SRB.3.13_1,0.032920961359545406,0.17134268537074152
2025,01,SRB.3.14_1,0.03350721333440811,0.17835671342685364
2025,01,SRB.3.15_1,0.04363733070841162,0.6132264529058116
2025,01,SRB.3.16_1,0.03599823425056955,0.21142284569138262
2025,01,SRB.3.17_1,0.03334193188399731,0.17635270541082157
2025,01,SRB.3.1_1,0.03149519806860728,0.155310621242485
2025,01,SRB.3.2_1,0.03342479158883795,0.1773547094188377
2025,01,SRB.3.3_1,0.033832577133748216,0.18236472945891777
2025,01,SRB.3.4_1,0.031863339437377756,0.15931863727454912
2025,01,SRB.3.5_1,0.03274940303677258,0.16933867735470945
2025,01,SRB.3.6_1,0.03506779486511012,0.1983967935871743
2025,01,SRB.3.7_1,0.032835411739094406,0.17034068136272537
2025,01,SRB.3.8_1,0.035288128089801765,0.2014028056112225
2025,01,SRB.3.9_1,0.033670754307849514,0.1803607214428857
2025,01,SRB.4.1_1,0.03177205908137904,0.15831663326653309
2025,01,SRB.4.2_1,0.026223003116657182,0.10621242484969938
2025,01,SRB.4.3_1,0.030831061077761745,0.14829659318637275
2025,01,SRB.4.4_1,0.031587992257590215,0.15631262525050102
2025,01,SRB.4.5_1,0.03213421336437082,0.16232464929859722
2025,01,SRB.4.6_1,0.029629830206987593,0.13627254509018036
2025,01,SRB.5.10_1,0.030734051240935433,0.14729458917835672
2025,01,SRB.5.11_1,0.028230263129052656,0.12324649298597194
2025,01,SRB.5.12_1,0.029316341692963915,0.13326653306613226
2025,01,SRB.5.1_1,0.02671508862897932,0.11022044088176362
2025,01,SRB.5.2_1,0.027312557164847512,0.11523046092184368
2025,01,SRB.5.3_1,0.028005075663230905,0.12124248496993976
2025,01,SRB.5.4_1,0.03222352781522764,0.16332665330661325
2025,01,SRB.5.5_1,0.026470656961829587,0.10821643286573145
2025,01,SRB.5.6_1,0.030439724606053677,0.14428857715430862
2025,01,SRB.5.7_1,0.032835411739094406,0.17034068136272537
2025,01,SRB.5.8_1,0.026836119816314598,0.11122244488977955
2025,01,SRB.5.9_1,0.035789063913082335,0.20841683366733474
2025,01,SRB.6.1_1,0.03391285105217096,0.1833667334669339
2025,01,SRB.6.2_1,0.0334247915888379,0.1773547094188377
2025,01,SRB.6.3_1,0.033912851052170914,0.1833667334669339
2025,01,SRB.6.4_1,0.034616659174707694,0.1923847695390781
2025,01,SRB.6.5_1,0.03484399179204103,0.1953907815631263
2025,01,SRB.6.6_1,0.03660652579932899,0.22044088176352702
2025,01,SRB.6.7_1,0.03743630130350766,0.23346693386773534
2025,01,SRB.6.8_1,0.03438573496541048,0.1893787575150301
2025,01,SRB.7.1_1,0.033670754307849486,0.1803607214428857
2025,01,SRB.7.2_1,0.03204441289418667,0.16132264529058118
2025,01,SRB.7.3_1,0.03140189144519448,0.15430861723446895
2025,01,SRB.7.4_1,0.03003941978447331,0.1402805611222445
2025,01,SRB.7.5_1,0.03309069590576374,0.17334669338677358
2025,01,SRB.7.6_1,0.03102345930877945,0.15030060120240482
2025,01,SRB.8.1_1,0.035067794865110136,0.1983967935871743
2025,01,SRB.8.2_1,0.03186333943737775,0.15931863727454912
2025,01,SRB.8.3_1,0.028562945521100114,0.12625250501002003
2025,01,SRB.8.4_1,0.027075858437251837,0.1132264529058115
2025,01,SRB.8.5_1,0.03204441289418667,0.16132264529058118
2025,01,SRB.8.6_1,0.031118856483700396,0.15130260521042085
2025,01,SRB.8.7_1,0.03571861272062176,0.2074148296593187
2025,01,SRB.8.8_1,0.033006055047180245,0.17234468937875744
2025,01,SRB.9.1_1,0.03063649494716475,0.1462925851703407
2025,01,SRB.9.2_1,0.029733116191840117,0.1372745490981964
2025,01,SRB.9.3_1,0.026715088628979363,0.11022044088176362
2025,01,SRB.9.4_1,0.02931634169296392,0.13326653306613226
2025,01,SVK.1.10_1,0.03092752895819813,0.1492985971943888
2025,01,SVK.1.11_1,0.02910426720119386,0.1312625250501002
2025,01,SVK.1.12_1,0.02942144854834706,0.1342685370741483
2025,01,SVK.1.13_1,0.031023459308779658,0.15030060120240482
2025,01,SVK.1.1_1,0.027546283549806507,0.11723446893787574
2025,01,SVK.1.2_1,0.03121372476644208,0.1523046092184369
2025,01,SVK.1.3_1,0.026715088628979308,0.11022044088176362
2025,01,SVK.1.4_1,0.026956373449295322,0.11222444889779569
2025,01,SVK.1.5_1,0.030831061077761655,0.14829659318637275
2025,01,SVK.1.6_1,0.029733116191840145,0.1372745490981964
2025,01,SVK.1.7_1,0.029733116191840173,0.1372745490981964
2025,01,SVK.1.8_1,0.027075858437251847,0.1132264529058115
2025,01,SVK.1.9_1,0.03003941978447327,0.1402805611222445
2025,01,SVK.2.1_1,0.03647379985239158,0.21843687374749496
2025,01,SVK.2.2_1,0.03177205908137902,0.15831663326653309
2025,01,SVK.2.3_1,0.02993790568236584,0.13927855711422846
2025,01,SVK.2.4_1,0.02856294552110011,0.12625250501002003
2025,01,SVK.2.5_1,0.03248859024938563,0.16633266533066135
2025,01,SVK.2.6_1,0.030636494947164774,0.1462925851703407
2025,01,SVK.2.7_1,0.025459901829479308,0.10020040080160318
2025,01,SVK.2.8_1,0.029210616527828553,0.13226452905811623
2025,01,SVK.3.10_1,0.0268361198163147,0.11122244488977955
2025,01,SVK.3.11_1,0.0345400866382659,0.19138276553106218
2025,01,SVK.3.1_1,0.02742978778947278,0.1162324649298596
2025,01,SVK.3.2_1,0.029210616527828536,0.13226452905811623
2025,01,SVK.3.3_1,0.031401891445194466,0.15430861723446895
2025,01,SVK.3.4_1,0.03063649494716475,0.1462925851703407
2025,01,SVK.3.5_1,0.030439724606053667,0.14428857715430862
2025,01,SVK.3.6_1,0.031023459308779477,0.15030060120240482
2025,01,SVK.3.7_1,0.030734051240935412,0.14729458917835672
2025,01,SVK.3.8_1,0.028005075663230898,0.12124248496993976
2025,01,SVK.3.9_1,0.031213724766442092,0.1523046092184369
2025,01,SVK.4.1_1,0.031680277964891305,0.15731462925851705
2025,01,SVK.4.2_1,0.029629830206987562,0.13627254509018036
2025,01,SVK.4.3_1,0.02973311619184006,0.1372745490981964
2025,01,SVK.4.4_1,0.03158799225759022,0.15631262525050102
2025,01,SVK.4.5_1,0.0315879922575902,0.15631262525050102
2025,01,SVK.4.6_1,0.02993790568236586,0.13927855711422846
2025,01,SVK.4.7_1,0.033751879117709924,0.18136272545090185
2025,01,SVK.5.10_1,0.027312557164847505,0.11523046092184368
2025,01,SVK.5.11_1,0.031495198068607316,0.155310621242485
2025,01,SVK.5.12_1,0.02921061652782856,0.13226452905811623
2025,01,SVK.5.13_1,0.031118856483700396,0.15130260521042085
2025,01,SVK.5.1_1,0.03003941978447328,0.1402805611222445
2025,01,SVK.5.2_1,0.031954122803956354,0.16032064128256515
2025,01,SVK.5.3_1,0.028452722012509295,0.125250501002004
2025,01,SVK.5.4_1,0.027662052453809594,0.11823647294589178
2025,01,SVK.5.5_1,0.031213724766442092,0.1523046092184369
2025,01,SVK.5.6_1,0.02493350870553611,0.09619238476953905
2025,01,SVK.5.7_1,0.029210616527828543,0.13226452905811623
2025,01,SVK.5.8_1,0.027546283549806504,0.11723446893787574
2025,01,SVK.5.9_1,0.029316341692963908,0.13326653306613226
2025,01,SVK.6.1_1,0.029316341692963915,0.13326653306613226
2025,01,SVK.6.2_1,0.029210616527828543,0.13226452905811623
2025,01,SVK.6.3_1,0.030927528958198135,0.1492985971943888
2025,01,SVK.6.4_1,0.030538387620146698,0.14529058116232466
2025,01,SVK.6.5_1,0.031023459308779477,0.15030060120240482
2025,01,SVK.6.6_1,0.030439724606053674,0.14428857715430862
2025,01,SVK.6.7_1,0.03073405124093544,0.14729458917835672
2025,01,SVK.6.8_1,0.029937905682365845,0.13927855711422846
2025,01,SVK.6.9_1,0.02800507566323091,0.12124248496993976
2025,01,SVK.7.1_1,0.018090716680414613,0.053106212424849746
2025,01,SVK.7.2_1,0.017302899402323966,0.04909819639278561
2025,01,SVK.7.3_1,0.015387414363295552,0.040080160320641316
2025,01,SVK.7.4_1,0.01668789637508735,0.046092184368737514
2025,01,SVK.7.5_1,0.016265379022877738,0.04408817635270545
2025,01,SVK.7.6_1,0.015832120098875184,0.04208416833667338
2025,01,SVK.7.7_1,0.016687896375087365,0.046092184368737514
2025,01,SVK.8.10_1,0.02383477487575465,0.08817635270541078
2025,01,SVK.8.11_1,0.029210616527828547,0.13226452905811623
2025,01,SVK.8.1_1,0.030240712502615532,0.14228456913827656
2025,01,SVK.8.2_1,0.028452722012509327,0.125250501002004
2025,01,SVK.8.3_1,0.027662052453809673,0.11823647294589178
2025,01,SVK.8.4_1,0.028118013994733383,0.12224448897795602
2025,01,SVK.8.5_1,0.024392087790225496,0.09218436873747492
2025,01,SVK.8.6_1,0.02834183015253206,0.12424849699398798
2025,01,SVK.8.7_1,0.028562945521100114,0.12625250501002003
2025,01,SVK.8.8_1,0.026836119816314674,0.11122244488977955
2025,01,SVK.8.9_1,0.028341830152532024,0.12424849699398798
2025,01,SVN.1.10_1,0.03768045910529507,0.23747494989979948
2025,01,SVN.1.11_1,0.03849548335707844,0.251503006012024
2025,01,SVN.1.12_1,0.04041925532205434,0.28957915831663317
2025,01,SVN.1.13_1,0.04009488125034135,0.28256513026052105
2025,01,SVN.1.14_1,0.038268772467799334,0.24749498997995992
2025,01,SVN.1.15_1,0.03893456348611333,0.2595190380761523
2025,01,SVN.1.16_1,0.04073072715680163,0.2965931863727455
2025,01,SVN.1.17_1,0.03743630130350772,0.23346693386773534
2025,01,SVN.1.1_1,0.03647379985239166,0.21843687374749496
2025,01,SVN.1.2_1,0.03673787677395959,0.2224448897795591
2025,01,SVN.1.3_1,0.03960854039940659,0.2725450901803607
2025,01,SVN.1.4_1,0.03995184438700485,0.27955911823647295
2025,01,SVN.1.5_1,0.038325904827475506,0.24849699398797595
2025,01,SVN.1.6_1,0.038439259069374995,0.250501002004008
2025,01,SVN.1.7_1,0.041275836609137945,0.30961923847695383
2025,01,SVN.1.8_1,0.03768045910529507,0.23747494989979948
2025,01,SVN.1.9_1,0.04135593101323889,0.3116232464929859
2025,01,SVN.10.10_1,0.026593270780774413,0.10921843687374748
2025,01,SVN.10.11_1,0.032835411739094406,0.17034068136272537
2025,01,SVN.10.12_1,0.032223527815227596,0.16332665330661325
2025,01,SVN.10.13_1,0.03130806837135558,0.15330661322645292
2025,01,SVN.10.14_1,0.03536081141455972,0.20240480961923832
2025,01,SVN.10.15_1,0.032835411739094406,0.17034068136272537
2025,01,SVN.10.16_1,0.034307951018714276,0.18837675350701397
2025,01,SVN.10.17_1,0.03491898199281637,0.19639278557114234
2025,01,SVN.10.18_1,0.03461665917470772,0.1923847695390781
2025,01,SVN.10.19_1,0.033832577133748175,0.18236472945891777
2025,01,SVN.10.1_1,0.03248859024938567,0.16633266533066135
2025,01,SVN.10.20_1,0.0333419318839973,0.17635270541082157
2025,01,SVN.10.21_1,0.0338325771337482,0.18236472945891777
2025,01,SVN.10.22_1,0.032749403036772595,0.16933867735470945
2025,01,SVN.10.23_1,0.027429787789472762,0.1162324649298596
2025,01,SVN.10.24_1,0.03213421336437082,0.16232464929859722
2025,01,SVN.10.25_1,0.033670754307849535,0.1803607214428857
2025,01,SVN.10.26_1,0.03334193188399731,0.17635270541082157
2025,01,SVN.10.27_1,0.032223527815227554,0.16332665330661325
2025,01,SVN.10.28_1,0.02993790568236584,0.13927855711422846
2025,01,SVN.10.29_1,0.034692832665765165,0.19338677354709424
2025,01,SVN.10.2_1,0.0327494030367726,0.16933867735470945
2025,01,SVN.10.30_1,0.033589199970617094,0.17935871743486978
2025,01,SVN.10.31_1,0.0346928326657652,0.19338677354709424
2025,01,SVN.10.32_1,0.030538387620146688,0.14529058116232466
2025,01,SVN.10.3_1,0.03415115463800165,0.186372745490982
2025,01,SVN.10.4_1,0.030039419784473317,0.1402805611222445
2025,01,SVN.10.5_1,0.03149519806860731,0.155310621242485
2025,01,SVN.10.6_1,0.030439724606053674,0.14428857715430862
2025,01,SVN.10.7_1,0.03350721333440814,0.17835671342685364
2025,01,SVN.10.8_1,0.03257599555835813,0.16733466933867738
2025,01,SVN.10.9_1,0.03063649494716469,0.1462925851703407
2025,01,SVN.11.1_1,0.03430795101871431,0.18837675350701397
2025,01,SVN.11.2_1,0.031587992257590194,0.15631262525050102
2025,01,SVN.11.3_1,0.031495198068607295,0.155310621242485
2025,01,SVN.12.1_1,0.031772059081379034,0.15831663326653309
2025,01,SVN.12.2_1,0.03334193188399737,0.17635270541082157
2025,01,SVN.12.3_1,0.03168027796489126,0.15731462925851705
2025,01,SVN.2.10_1,0.03718696410410586,0.22945891783567132
2025,01,SVN.2.11_1,0.0313080683713556,0.15330661322645292
2025,01,SVN.2.12_1,0.03367075430784954,0.1803607214428857
2025,01,SVN.2.1_1,0.03334193188399734,0.17635270541082157
2025,01,SVN.2.2_1,0.029316341692963915,0.13326653306613226
2025,01,SVN.2.3_1,0.0350677948651101,0.1983967935871743
2025,01,SVN.2.4_1,0.03240071279083804,0.16533066132264532
2025,01,SVN.2.5_1,0.03240071279083799,0.16533066132264532
2025,01,SVN.2.6_1,0.03158799225759023,0.15631262525050102
2025,01,SVN.2.7_1,0.029629830206987617,0.13627254509018036
2025,01,SVN.2.8_1,0.03774069986446015,0.23847695390781562
2025,01,SVN.2.9_1,0.03564779446325795,0.20641282565130267
2025,01,SVN.3.10_1,0.03240071279083804,0.16533066132264532
2025,01,SVN.3.11_1,0.033090695905763655,0.17334669338677358
2025,01,SVN.3.12_1,0.03430795101871429,0.18837675350701397
2025,01,SVN.3.13_1,0.03292096135954541,0.17134268537074152
2025,01,SVN.3.14_1,0.033341931883997256,0.17635270541082157
2025,01,SVN.3.15_1,0.034540086638266035,0.19138276553106218
2025,01,SVN.3.16_1,0.0345400866382659,0.19138276553106218
2025,01,SVN.3.1_1,0.03571861272062173,0.2074148296593187
2025,01,SVN.3.2_1,0.03499358228034869,0.19739478957915838
2025,01,SVN.3.3_1,0.0345400866382659,0.19138276553106218
2025,01,SVN.3.4_1,0.03204441289418667,0.16132264529058118
2025,01,SVN.3.5_1,0.03102345930877965,0.15030060120240482
2025,01,SVN.3.6_1,0.034692832665765165,0.19338677354709424
2025,01,SVN.3.7_1,0.033424791588837904,0.1773547094188377
2025,01,SVN.3.8_1,0.03627210338175869,0.21543086172344697
2025,01,SVN.3.9_1,0.03102345930877943,0.15030060120240482
2025,01,SVN.4.10_1,0.026593270780774413,0.10921843687374748
2025,01,SVN.4.11_1,0.027891440905278765,0.12024048096192395
2025,01,SVN.4.12_1,0.030927528958198135,0.1492985971943888
2025,01,SVN.4.1_1,0.028118013994733355,0.12224448897795602
2025,01,SVN.4.2_1,0.02878141407824767,0.1282565130260521
2025,01,SVN.4.3_1,0.03034050117169255,0.1432865731462926
2025,01,SVN.4.4_1,0.031118856483700393,0.15130260521042085
2025,01,SVN.4.5_1,0.030439724606053667,0.14428857715430862
2025,01,SVN.4.6_1,0.029835806235238606,0.13827655310621242
2025,01,SVN.4.7_1,0.030140353701167032,0.14128256513026052
2025,01,SVN.4.8_1,0.032312359793050895,0.16432865731462928
2025,01,SVN.4.9_1,0.030734051240935402,0.14729458917835672
2025,01,SVN.5.1_1,0.03231235979305092,0.16432865731462928
2025,01,SVN.5.2_1,0.033507213334408086,0.17835671342685364
2025,01,SVN.5.3_1,0.03309069590576366,0.17334669338677358
2025,01,SVN.5.4_1,0.03257599555835813,0.16733466933867738
2025,01,SVN.5.5_1,0.03358919997061703,0.17935871743486978
2025,01,SVN.5.6_1,0.035215065628508006,0.20040080160320647
2025,01,SVN.6.1_1,0.03592887278629502,0.2104208416833667
2025,01,SVN.6.2_1,0.03786023254001071,0.24048096192384757
2025,01,SVN.6.3_1,0.039303445104941756,0.2665330661322645
2025,01,SVN.6.4_1,0.03855140733844689,0.25250501002004005
2025,01,SVN.6.5_1,0.03843925906937493,0.250501002004008
2025,01,SVN.6.6_1,0.04018889231686864,0.2845691382765531
2025,01,SVN.6.7_1,0.03791952713584334,0.24148296593186372
2025,01,SVN.7.10_1,0.036406917078049765,0.21743486973947893
2025,01,SVN.7.11_1,0.03375187911770993,0.18136272545090185
2025,01,SVN.7.12_1,0.03571861272062175,0.2074148296593187
2025,01,SVN.7.13_1,0.03578906391308235,0.20841683366733474
2025,01,SVN.7.14_1,0.03838273329162212,0.24949899799599198
2025,01,SVN.7.15_1,0.035928872786295044,0.2104208416833667
2025,01,SVN.7.16_1,0.03422975840493736,0.18737474949899793
2025,01,SVN.7.17_1,0.03699650601105095,0.22645290581162333
2025,01,SVN.7.18_1,0.03660652579932899,0.22044088176352702
2025,01,SVN.7.19_1,0.03613588052320538,0.2134268537074148
2025,01,SVN.7.1_1,0.03743630130350769,0.23346693386773534
2025,01,SVN.7.20_1,0.03706032411114871,0.22745490981963937
2025,01,SVN.7.21_1,0.03791952713584332,0.24148296593186372
2025,01,SVN.7.22_1,0.03536081141455968,0.20240480961923832
2025,01,SVN.7.23_1,0.03667237233065547,0.22144288577154306
2025,01,SVN.7.24_1,0.03791952713584333,0.24148296593186372
2025,01,SVN.7.2_1,0.037680459105295036,0.23747494989979948
2025,01,SVN.7.3_1,0.0361358805232053,0.2134268537074148
2025,01,SVN.7.4_1,0.03585914996722602,0.20941883767535066
2025,01,SVN.7.5_1,0.03838273329162207,0.24949899799599198
2025,01,SVN.7.6_1,0.0362041689805494,0.21442885771543072
2025,01,SVN.7.7_1,0.03491898199281637,0.19639278557114234
2025,01,SVN.7.8_1,0.03571861272062174,0.2074148296593187
2025,01,SVN.7.9_1,0.03599823425056955,0.21142284569138262
2025,01,SVN.8.10_1,0.034768609439028826,0.19438877755511016
2025,01,SVN.8.11_1,0.03469283266576517,0.19338677354709424
2025,01,SVN.8.12_1,0.032662932057323985,0.16833667334669342
2025,01,SVN.8.13_1,0.03149519806860735,0.155310621242485
2025,01,SVN.8.14_1,0.03454008663826591,0.19138276553106218
2025,01,SVN.8.15_1,0.03350721333440809,0.17835671342685364
2025,01,SVN.8.16_1,0.03415115463800161,0.186372745490982
2025,01,SVN.8.17_1,0.03461665917470771,0.1923847695390781
2025,01,SVN.8.18_1,0.03213421336437082,0.16232464929859722
2025,01,SVN.8.19_1,0.03391285105217095,0.1833667334669339
2025,01,SVN.8.1_1,0.033670754307849445,0.1803607214428857
2025,01,SVN.8.20_1,0.03158799225759023,0.15631262525050102
2025,01,SVN.8.21_1,0.03195412280395628,0.16032064128256515
2025,01,SVN.8.22_1,0.0345400866382659,0.19138276553106218
2025,01,SVN.8.23_1,0.034843991792040944,0.1953907815631263
2025,01,SVN.8.24_1,0.03257599555835811,0.16733466933867738
2025,01,SVN.8.25_1,0.03177205908137902,0.15831663326653309
2025,01,SVN.8.26_1,0.03334193188399726,0.17635270541082157
2025,01,SVN.8.27_1,0.030734051240935402,0.14729458917835672
2025,01,SVN.8.28_1,0.03375187911770994,0.18136272545090185
2025,01,SVN.8.29_1,0.03003941978447331,0.1402805611222445
2025,01,SVN.8.2_1,0.029937905682365835,0.13927855711422846
2025,01,SVN.8.30_1,0.03186333943737775,0.15931863727454912
2025,01,SVN.8.31_1,0.03034050117169254,0.1432865731462926
2025,01,SVN.8.32_1,0.03528812808980183,0.2014028056112225
2025,01,SVN.8.33_1,0.03168027796489125,0.15731462925851705
2025,01,SVN.8.34_1,0.030734051240935357,0.14729458917835672
2025,01,SVN.8.3_1,0.03063649494716475,0.1462925851703407
2025,01,SVN.8.4_1,0.035433117677725647,0.20340681362725446
2025,01,SVN.8.5_1,0.034768609439028826,0.19438877755511016
2025,01,SVN.8.6_1,0.03358919997061706,0.17935871743486978
2025,01,SVN.8.7_1,0.033258631329692014,0.17535070140280565
2025,01,SVN.8.8_1,0.03491898199281637,0.19639278557114234
2025,01,SVN.8.9_1,0.030538387620146688,0.14529058116232466
2025,01,SVN.9.10_1,0.03407213719838791,0.18537074148296598
2025,01,SVN.9.11_1,0.03073405124093544,0.14729458917835672
2025,01,SVN.9.12_1,0.034843991792041,0.1953907815631263
2025,01,SVN.9.13_1,0.0345400866382659,0.19138276553106218
2025,01,SVN.9.14_1,0.03204441289418668,0.16132264529058118
2025,01,SVN.9.15_1,0.03491898199281636,0.19639278557114234
2025,01,SVN.9.16_1,0.03849548335707844,0.251503006012024
2025,01,SVN.9.17_1,0.032835411739094406,0.17034068136272537
2025,01,SVN.9.18_1,0.03334193188399728,0.17635270541082157
2025,01,SVN.9.19_1,0.03168027796489135,0.15731462925851705
2025,01,SVN.9.1_1,0.032662932057324005,0.16833667334669342
2025,01,SVN.9.20_1,0.03102345930877944,0.15030060120240482
2025,01,SVN.9.21_1,0.031772059081379034,0.15831663326653309
2025,01,SVN.9.22_1,0.032920961359545385,0.17134268537074152
2025,01,SVN.9.23_1,0.032400712790838025,0.16533066132264532
2025,01,SVN.9.24_1,0.0356477944632579,0.20641282565130267
2025,01,SVN.9.25_1,0.03438573496541054,0.1893787575150301
2025,01,SVN.9.26_1,0.03407213719838786,0.18537074148296598
2025,01,SVN.9.2_1,0.03140189144519441,0.15430861723446895
2025,01,SVN.9.3_1,0.0359288727862951,0.2104208416833667
2025,01,SVN.9.4_1,0.034072137198387926,0.18537074148296598
2025,01,SVN.9.5_1,0.03186333943737778,0.15931863727454912
2025,01,SVN.9.6_1,0.028672507358848374,0.12725450901803606
2025,01,SVN.9.7_1,0.029104267201193763,0.1312625250501002
2025,01,SVN.9.8_1,0.03231235979305088,0.16432865731462928
2025,01,SVN.9.9_1,0.03454008663826589,0.19138276553106218
2025,01,SWE.1.1_1,0.035433117677725626,0.20340681362725446
2025,01,SWE.1.2_1,0.03536081141455966,0.20240480961923832
2025,01,SWE.1.3_1,0.0368030407604271,0.22344689378757523
2025,01,SWE.1.4_1,0.03521506562850801,0.20040080160320647
2025,01,SWE.1.5_1,0.0362041689805495,0.21442885771543072
2025,01,SWE.10.10_1,0.0139762050765857,0.03406813627254512
2025,01,SWE.10.11_1,0.013728453360900502,0.033066132264529084
2025,01,SWE.10.12_1,0.014220139498564825,0.03507014028056115
2025,01,SWE.10.13_1,0.012426447213732136,0.028056112224448922
2025,01,SWE.10.14_1,0.017897026113825532,0.05210420841683371
2025,01,SWE.10.1_1,0.01847190277596359,0.05511022044088181
2025,01,SWE.10.2_1,0.017302899402323945,0.04909819639278561
2025,01,SWE.10.3_1,0.01730289940232398,0.04909819639278561
2025,01,SWE.10.4_1,0.015387414363295505,0.040080160320641316
2025,01,SWE.10.5_1,0.012426447213732207,0.028056112224448922
2025,01,SWE.10.6_1,0.015387414363295552,0.040080160320641316
2025,01,SWE.10.7_1,0.013476725723860479,0.03206412825651305
2025,01,SWE.10.8_1,0.01750317614569472,0.050100200400801646
2025,01,SWE.10.9_1,0.014460404669750328,0.03607214428857718
2025,01,SWE.11.10_1,0.027891440905278796,0.12024048096192395
2025,01,SWE.11.11_1,0.02973311619184008,0.1372745490981964
2025,01,SWE.11.12_1,0.029210616527828547,0.13226452905811623
2025,01,SWE.11.1_1,0.033507213334408106,0.17835671342685364
2025,01,SWE.11.2_1,0.03367075430784956,0.1803607214428857
2025,01,SWE.11.3_1,0.029104267201193804,0.1312625250501002
2025,01,SWE.11.4_1,0.030927528958198114,0.1492985971943888
2025,01,SWE.11.5_1,0.031023459308779467,0.15030060120240482
2025,01,SWE.11.6_1,0.031863339437377715,0.15931863727454912
2025,01,SWE.11.7_1,0.03578906391308235,0.20841683366733474
2025,01,SWE.11.8_1,0.030636494947164708,0.1462925851703407
2025,01,SWE.11.9_1,0.029937905682365852,0.13927855711422846
2025,01,SWE.12.10_1,0.03257599555835811,0.16733466933867738
2025,01,SWE.12.11_1,0.03367075430784957,0.1803607214428857
2025,01,SWE.12.12_1,0.03274940303677263,0.16933867735470945
2025,01,SWE.12.13_1,0.03248859024938572,0.16633266533066135
2025,01,SWE.12.1_1,0.03342479158883786,0.1773547094188377
2025,01,SWE.12.2_1,0.033258631329692014,0.17535070140280565
2025,01,SWE.12.3_1,0.034072137198387864,0.18537074148296598
2025,01,SWE.12.4_1,0.03317488699465889,0.1743486973947895
2025,01,SWE.12.5_1,0.03309069590576368,0.17334669338677358
2025,01,SWE.12.6_1,0.033174886994658905,0.1743486973947895
2025,01,SWE.12.7_1,0.03469283266576516,0.19338677354709424
2025,01,SWE.12.8_1,0.0336707543078495,0.1803607214428857
2025,01,SWE.12.9_1,0.03430795101871424,0.18837675350701397
2025,01,SWE.13.10_1,0.03768045910529506,0.23747494989979948
2025,01,SWE.13.11_1,0.035360811414559705,0.20240480961923832
2025,01,SWE.13.12_1,0.036135880523205335,0.2134268537074148
2025,01,SWE.13.13_1,0.03686786590249006,0.22444889779559116
2025,01,SWE.13.14_1,0.033589199970617066,0.17935871743486978
2025,01,SWE.13.15_1,0.035859149967226014,0.20941883767535066
2025,01,SWE.13.16_1,0.03791952713584335,0.24148296593186372
2025,01,SWE.13.17_1,0.03791952713584332,0.24148296593186372
2025,01,SWE.13.18_1,0.035718612720621705,0.2074148296593187
2025,01,SWE.13.19_1,0.041961471838375015,0.32765531062124253
2025,01,SWE.13.1_1,0.03469283266576517,0.19338677354709424
2025,01,SWE.13.20_1,0.03731228588703084,0.23146292585170328
2025,01,SWE.13.21_1,0.03627210338175869,0.21543086172344697
2025,01,SWE.13.22_1,0.03627210338175869,0.21543086172344697
2025,01,SWE.13.23_1,0.03654033552975868,0.219438877755511
2025,01,SWE.13.24_1,0.034843991792041035,0.1953907815631263
2025,01,SWE.13.25_1,0.03484399179204103,0.1953907815631263
2025,01,SWE.13.26_1,0.03606723621772733,0.21242484969939876
2025,01,SWE.13.27_1,0.04139560672745633,0.31262525050100204
2025,01,SWE.13.28_1,0.03627210338175869,0.21543086172344697
2025,01,SWE.13.29_1,0.033992703532526834,0.18436873747494983
2025,01,SWE.13.2_1,0.0345400866382659,0.19138276553106218
2025,01,SWE.13.30_1,0.03585914996722601,0.20941883767535066
2025,01,SWE.13.31_1,0.03826877246779935,0.24749498997995992
2025,01,SWE.13.32_1,0.03712380963457747,0.22845691382765518
2025,01,SWE.13.33_1,0.03415115463800156,0.186372745490982
2025,01,SWE.13.3_1,0.03550504892848519,0.2044088176352705
2025,01,SWE.13.4_1,0.034768609439028826,0.19438877755511016
2025,01,SWE.13.5_1,0.03342479158883795,0.1773547094188377
2025,01,SWE.13.6_1,0.04247379259847072,0.3426853707414829
2025,01,SWE.13.7_1,0.03627210338175869,0.21543086172344697
2025,01,SWE.13.8_1,0.03571861272062175,0.2074148296593187
2025,01,SWE.13.9_1,0.03613588052320533,0.2134268537074148
2025,01,SWE.14.1_1,0.031587992257590215,0.15631262525050102
2025,01,SWE.14.2_1,0.031118856483700386,0.15130260521042085
2025,01,SWE.14.3_1,0.03083106107776172,0.14829659318637275
2025,01,SWE.14.4_1,0.0319541228039563,0.16032064128256515
2025,01,SWE.14.5_1,0.034151154638001655,0.186372745490982
2025,01,SWE.14.6_1,0.03499358228034873,0.19739478957915838
2025,01,SWE.14.7_1,0.03240071279083804,0.16533066132264532
2025,01,SWE.14.8_1,0.0316802779648913,0.15731462925851705
2025,01,SWE.14.9_1,0.03130806837135564,0.15330661322645292
2025,01,SWE.15.10_1,0.028005075663230898,0.12124248496993976
2025,01,SWE.15.11_1,0.028781414078247726,0.1282565130260521
2025,01,SWE.15.12_1,0.02439208779022551,0.09218436873747492
2025,01,SWE.15.13_1,0.027194583498260747,0.11422845691382753
2025,01,SWE.15.14_1,0.026715088628979332,0.11022044088176362
2025,01,SWE.15.15_1,0.029937905682365835,0.13927855711422846
2025,01,SWE.15.16_1,0.02942144854834706,0.1342685370741483
2025,01,SWE.15.17_1,0.03177205908137902,0.15831663326653309
2025,01,SWE.15.18_1,0.031587992257590236,0.15631262525050102
2025,01,SWE.15.19_1,0.04185264256153233,0.32464929859719444
2025,01,SWE.15.1_1,0.0312137247664421,0.1523046092184369
2025,01,SWE.15.20_1,0.028005075663230898,0.12124248496993976
2025,01,SWE.15.21_1,0.03231235979305093,0.16432865731462928
2025,01,SWE.15.22_1,0.028341830152532086,0.12424849699398798
2025,01,SWE.15.23_1,0.02647065696182956,0.10821643286573145
2025,01,SWE.15.24_1,0.027075858437251892,0.1132264529058115
2025,01,SWE.15.25_1,0.03102345930877966,0.15030060120240482
2025,01,SWE.15.26_1,0.028005075663230898,0.12124248496993976
2025,01,SWE.15.2_1,0.03292096135954547,0.17134268537074152
2025,01,SWE.15.3_1,0.030039419784473255,0.1402805611222445
2025,01,SWE.15.4_1,0.0268361198163147,0.11122244488977955
2025,01,SWE.15.5_1,0.02993790568236586,0.13927855711422846
2025,01,SWE.15.6_1,0.02952594283921813,0.13527054108216433
2025,01,SWE.15.7_1,0.0308310610777617,0.14829659318637275
2025,01,SWE.15.8_1,0.03240071279083809,0.16533066132264532
2025,01,SWE.15.9_1,0.027312557164847505,0.11523046092184368
2025,01,SWE.16.1_1,0.012152004264982034,0.02705410821643289
2025,01,SWE.16.2_1,0.012695918168465263,0.029058116232464844
2025,01,SWE.16.3_1,0.01347672572386043,0.03206412825651305
2025,01,SWE.16.4_1,0.014220139498564734,0.03507014028056115
2025,01,SWE.16.5_1,0.013476725723860406,0.03206412825651305
2025,01,SWE.16.6_1,0.013728453360900422,0.033066132264529084
2025,01,SWE.16.7_1,0.016050134511353602,0.043086172344689415
2025,01,SWE.17.10_1,0.02671508862897935,0.11022044088176362
2025,01,SWE.17.11_1,0.03053838762014669,0.14529058116232466
2025,01,SWE.17.12_1,0.02742978778947278,0.1162324649298596
2025,01,SWE.17.13_1,0.031772059081379034,0.15831663326653309
2025,01,SWE.17.14_1,0.02888967210714495,0.12925851703406813
2025,01,SWE.17.15_1,0.02558924522057287,0.10120240480961921
2025,01,SWE.17.16_1,0.0258453073936545,0.10320641282565128
2025,01,SWE.17.1_1,0.027891440905278703,0.12024048096192395
2025,01,SWE.17.2_1,0.028118013994733404,0.12224448897795602
2025,01,SWE.17.3_1,0.024664728647610254,0.09418837675350698
2025,01,SWE.17.4_1,0.028452722012509257,0.125250501002004
2025,01,SWE.17.5_1,0.027429787789472818,0.1162324649298596
2025,01,SWE.17.6_1,0.027891440905278758,0.12024048096192395
2025,01,SWE.17.7_1,0.026715088628979304,0.11022044088176362
2025,01,SWE.17.8_1,0.03613588052320531,0.2134268537074148
2025,01,SWE.17.9_1,0.02910426720119384,0.1312625250501002
2025,01,SWE.18.10_1,0.013476725723860435,0.03206412825651305
2025,01,SWE.18.11_1,0.014930472193894791,0.03807615230460925
2025,01,SWE.18.12_1,0.020094357949281983,0.0641282565130261
2025,01,SWE.18.13_1,0.01921088315682528,0.05911823647294583
2025,01,SWE.18.14_1,0.017100305162570197,0.04809619238476958
2025,01,SWE.18.15_1,0.02126430020890889,0.07114228456913822
2025,01,SWE.18.1_1,0.02142560239318715,0.07214428857715426
2025,01,SWE.18.2_1,0.01974605581533434,0.06212424849699404
2025,01,SWE.18.3_1,0.020266073373650387,0.06513026052104202
2025,01,SWE.18.4_1,0.020094357949281976,0.0641282565130261
2025,01,SWE.18.5_1,0.014930472193894834,0.03807615230460925
2025,01,SWE.18.6_1,0.018471902775963663,0.05511022044088181
2025,01,SWE.18.7_1,0.016050134511353547,0.043086172344689415
2025,01,SWE.18.8_1,0.02043621003191781,0.06613226452905806
2025,01,SWE.18.9_1,0.01561124529663747,0.04108216432865735
2025,01,SWE.19.1_1,0.023260609712008714,0.08416833667334665
2025,01,SWE.19.2_1,0.02296687739902792,0.08216432865731459
2025,01,SWE.19.3_1,0.02383477487575466,0.08817635270541078
2025,01,SWE.19.4_1,0.021425602393187144,0.07214428857715426
2025,01,SWE.19.5_1,0.022057303704146648,0.07615230460921839
2025,01,SWE.19.6_1,0.022365383809134158,0.07815631262525045
2025,01,SWE.19.7_1,0.025329668374153843,0.09919839679358715
2025,01,SWE.2.10_1,0.024392087790225503,0.09218436873747492
2025,01,SWE.2.11_1,0.023260609712008714,0.08416833667334665
2025,01,SWE.2.12_1,0.024799594579291793,0.09519038076152302
2025,01,SWE.2.13_1,0.025459901829479284,0.10020040080160318
2025,01,SWE.2.14_1,0.027777102344623873,0.1192384769539077
2025,01,SWE.2.15_1,0.02479959457929183,0.09519038076152302
2025,01,SWE.2.1_1,0.02281828639460907,0.08116232464929855
2025,01,SWE.2.2_1,0.02856294552110012,0.12625250501002003
2025,01,SWE.2.3_1,0.024933508705536112,0.09619238476953905
2025,01,SWE.2.4_1,0.025066483999070313,0.09719438877755508
2025,01,SWE.2.5_1,0.025845307393654468,0.10320641282565128
2025,01,SWE.2.6_1,0.024799594579291883,0.09519038076152302
2025,01,SWE.2.7_1,0.025459901829479267,0.10020040080160318
2025,01,SWE.2.8_1,0.02962983020698762,0.13627254509018036
2025,01,SWE.2.9_1,0.024254285194864885,0.09118236472945888
2025,01,SWE.20.10_1,0.02878141407824774,0.1282565130260521
2025,01,SWE.20.11_1,0.026836119816314633,0.11122244488977955
2025,01,SWE.20.1_1,0.02811801399473339,0.12224448897795602
2025,01,SWE.20.2_1,0.030340501171692638,0.1432865731462926
2025,01,SWE.20.3_1,0.027546283549806504,0.11723446893787574
2025,01,SWE.20.4_1,0.025717710011312588,0.10220440881763525
2025,01,SWE.20.5_1,0.026593270780774413,0.10921843687374748
2025,01,SWE.20.6_1,0.027662052453809653,0.11823647294589178
2025,01,SWE.20.7_1,0.026836119816314626,0.11122244488977955
2025,01,SWE.20.8_1,0.026956373449295315,0.11222444889779569
2025,01,SWE.20.9_1,0.03034050117169257,0.1432865731462926
2025,01,SWE.21.10_1,0.023260609712008714,0.08416833667334665
2025,01,SWE.21.11_1,0.028005075663230905,0.12124248496993976
2025,01,SWE.21.12_1,0.02622300311665723,0.10621242484969938
2025,01,SWE.21.13_1,0.02609794339476907,0.10521042084168335
2025,01,SWE.21.14_1,0.023549863000128114,0.08617234468937872
2025,01,SWE.21.15_1,0.02545990182947929,0.10020040080160318
2025,01,SWE.21.16_1,0.02973311619184003,0.1372745490981964
2025,01,SWE.21.17_1,0.024254285194864854,0.09118236472945888
2025,01,SWE.21.18_1,0.026097943394769067,0.10521042084168335
2025,01,SWE.21.19_1,0.028562945521100114,0.12625250501002003
2025,01,SWE.21.1_1,0.030340501171692607,0.1432865731462926
2025,01,SWE.21.20_1,0.028005075663230905,0.12124248496993976
2025,01,SWE.21.21_1,0.030538387620146698,0.14529058116232466
2025,01,SWE.21.22_1,0.027546283549806518,0.11723446893787574
2025,01,SWE.21.23_1,0.02597204829659698,0.10420841683366731
2025,01,SWE.21.24_1,0.026836119816314712,0.11122244488977955
2025,01,SWE.21.25_1,0.028118013994733418,0.12224448897795602
2025,01,SWE.21.26_1,0.025589245220572873,0.10120240480961921
2025,01,SWE.21.27_1,0.024115475428418586,0.09018036072144285
2025,01,SWE.21.28_1,0.028781414078247636,0.1282565130260521
2025,01,SWE.21.29_1,0.025717710011312567,0.10220440881763525
2025,01,SWE.21.2_1,0.029733116191840134,0.1372745490981964
2025,01,SWE.21.30_1,0.024115475428418597,0.09018036072144285
2025,01,SWE.21.32_1,0.027194583498260694,0.11422845691382753
2025,01,SWE.21.33_1,0.03168027796489128,0.15731462925851705
2025,01,SWE.21.34_1,0.026097943394769067,0.10521042084168335
2025,01,SWE.21.35_1,0.0253296683741538,0.09919839679358715
2025,01,SWE.21.36_1,0.024392087790225503,0.09218436873747492
2025,01,SWE.21.37_1,0.02952594283921814,0.13527054108216433
2025,01,SWE.21.38_1,0.025845307393654468,0.10320641282565128
2025,01,SWE.21.39_1,0.026715088628979297,0.11022044088176362
2025,01,SWE.21.3_1,0.02647065696182956,0.10821643286573145
2025,01,SWE.21.40_1,0.02281828639460906,0.08116232464929855
2025,01,SWE.21.41_1,0.024392087790225524,0.09218436873747492
2025,01,SWE.21.42_1,0.02597204829659693,0.10420841683366731
2025,01,SWE.21.43_1,0.02834183015253206,0.12424849699398798
2025,01,SWE.21.44_1,0.025329668374153853,0.09919839679358715
2025,01,SWE.21.45_1,0.02597204829659693,0.10420841683366731
2025,01,SWE.21.46_1,0.02647065696182952,0.10821643286573145
2025,01,SWE.21.47_1,0.025198533109430363,0.09819639278557112
2025,01,SWE.21.48_1,0.02354986300012814,0.08617234468937872
2025,01,SWE.21.49_1,0.02466472864761026,0.09418837675350698
2025,01,SWE.21.4_1,0.024799594579291682,0.09519038076152302
2025,01,SWE.21.50_1,0.0239756437148789,0.08917835671342682
2025,01,SWE.21.51_1,0.02452889760285842,0.09318637274549095
2025,01,SWE.21.5_1,0.02856294552110012,0.12625250501002003
2025,01,SWE.21.6_1,0.025972048296596974,0.10420841683366731
2025,01,SWE.21.7_1,0.023260609712008714,0.08416833667334665
2025,01,SWE.21.8_1,0.028341830152532013,0.12424849699398798
2025,01,SWE.21.9_1,0.023549863000128127,0.08617234468937872
2025,01,SWE.3.10_1,0.028341830152532048,0.12424849699398798
2025,01,SWE.3.1_1,0.02634723765249559,0.10721442885771541
2025,01,SWE.3.2_1,0.02800507566323091,0.12124248496993976
2025,01,SWE.3.3_1,0.02707585843725181,0.1132264529058115
2025,01,SWE.3.4_1,0.024799594579291814,0.09519038076152302
2025,01,SWE.3.5_1,0.024528897602858438,0.09318637274549095
2025,01,SWE.3.6_1,0.02532966837415384,0.09919839679358715
2025,01,SWE.3.7_1,0.02777710234462389,0.1192384769539077
2025,01,SWE.3.8_1,0.02397564371487888,0.08917835671342682
2025,01,SWE.3.9_1,0.02683611981631469,0.11122244488977955
2025,01,SWE.4.1_1,0.03550504892848515,0.2044088176352705
2025,01,SWE.5.1_1,0.03536081141455967,0.20240480961923832
2025,01,SWE.5.2_1,0.03599823425056955,0.21142284569138262
2025,01,SWE.5.3_1,0.035718612720621754,0.2074148296593187
2025,01,SWE.5.4_1,0.035360811414559774,0.20240480961923832
2025,01,SWE.5.5_1,0.03350721333440811,0.17835671342685364
2025,01,SWE.5.6_1,0.03342479158883794,0.1773547094188377
2025,01,SWE.6.1_1,0.021901355636606626,0.075150300601202355
2025,01,SWE.6.2_1,0.01956939834795692,0.06112224448897801
2025,01,SWE.6.3_1,0.021744105281793248,0.07414829659318632
2025,01,SWE.6.4_1,0.023975643714878873,0.08917835671342682
2025,01,SWE.6.5_1,0.02190135563660673,0.075150300601202355
2025,01,SWE.6.6_1,0.02236538380913415,0.07815631262525045
2025,01,SWE.6.7_1,0.022668520299846506,0.08016032064128252
2025,01,SWE.6.8_1,0.02060480013871588,0.0671342685370742
2025,01,SWE.7.10_1,0.03422975840493734,0.18737474949899793
2025,01,SWE.7.11_1,0.033992703532526876,0.18436873747494983
2025,01,SWE.7.1_1,0.030240712502615532,0.14228456913827656
2025,01,SWE.7.2_1,0.0338325771337482,0.18236472945891777
2025,01,SWE.7.3_1,0.03564779446325793,0.20641282565130267
2025,01,SWE.7.4_1,0.03592887278629505,0.2104208416833667
2025,01,SWE.7.5_1,0.032920961359545496,0.17134268537074152
2025,01,SWE.7.6_1,0.032835411739094406,0.17034068136272537
2025,01,SWE.7.7_1,0.03195412280395627,0.16032064128256515
2025,01,SWE.7.8_1,0.03168027796489127,0.15731462925851705
2025,01,SWE.7.9_1,0.03407213719838788,0.18537074148296598
2025,01,SWE.8.10_1,0.03367075430784951,0.1803607214428857
2025,01,SWE.8.11_1,0.032662932057324054,0.16833667334669342
2025,01,SWE.8.12_1,0.03158799225759022,0.15631262525050102
2025,01,SWE.8.1_1,0.032312359793050895,0.16432865731462928
2025,01,SWE.8.2_1,0.033832577133748244,0.18236472945891777
2025,01,SWE.8.3_1,0.03266293205732409,0.16833667334669342
2025,01,SWE.8.4_1,0.0322235278152276,0.16332665330661325
2025,01,SWE.8.5_1,0.03557660719068581,0.20541082164328653
2025,01,SWE.8.6_1,0.03266293205732403,0.16833667334669342
2025,01,SWE.8.7_1,0.034768609439028826,0.19438877755511016
2025,01,SWE.8.8_1,0.0359288727862951,0.2104208416833667
2025,01,SWE.8.9_1,0.03430795101871426,0.18837675350701397
2025,01,SWE.9.1_1,0.035998234250569534,0.21142284569138262
2025,01,SWE.9.2_1,0.032488590249385725,0.16633266533066135
2025,01,SWE.9.3_1,0.03627210338175869,0.21543086172344697
2025,01,SWE.9.4_1,0.035647794463257935,0.20641282565130267
2025,01,SWE.9.5_1,0.03342479158883792,0.1773547094188377
2025,01,SWE.9.6_1,0.03506779486511012,0.1983967935871743
2025,01,SWE.9.7_1,0.03391285105217085,0.1833667334669339
2025,01,SWE.9.8_1,0.03514162192953799,0.19939879759519044
2025,01,TUR.1.10_1,0.027429787789472818,0.1162324649298596
2025,01,TUR.1.11_1,0.0071861854374957145,0.012024048096192395
2025,01,TUR.1.12_1,0.022966877399028016,0.08216432865731459
2025,01,TUR.1.13_1,0.023260609712008714,0.08416833667334665
2025,01,TUR.1.1_1,0.011587174157150437,0.025050100200400823
2025,01,TUR.1.2_1,0.01730289940232397,0.04909819639278561
2025,01,TUR.1.3_1,0.010999127819863104,0.023046092184368757
2025,01,TUR.1.4_1,0.018845166403477945,0.05711422845691388
2025,01,TUR.1.5_1,0.015387414363295505,0.040080160320641316
2025,01,TUR.1.6_1,0.025198533109430297,0.09819639278557112
2025,01,TUR.1.7_1,0.011587174157150437,0.025050100200400823
2025,01,TUR.1.8_1,0.009407714300342453,0.01803607214428859
2025,01,TUR.1.9_1,0.004911323789634105,0.007014028056112231
2025,01,TUR.10.1_1,0.011296213592237522,0.02404809619238479
2025,01,TUR.10.2_1,0.024392087790225492,0.09218436873747492
2025,01,TUR.10.3_1,0.021425602393187124,0.07214428857715426
2025,01,TUR.10.4_1,0.033090695905763676,0.17334669338677358
2025,01,TUR.10.5_1,0.01561124529663747,0.04108216432865735
2025,01,TUR.10.6_1,0.018845166403477945,0.05711422845691388
2025,01,TUR.10.7_1,0.011872337899935352,0.026052104208416856
2025,01,TUR.10.8_1,0.013728453360900466,0.033066132264529084
2025,01,TUR.11.10_1,0.039251607817131696,0.2655310621242485
2025,01,TUR.11.11_1,0.04420164609122563,0.4128256513026051
2025,01,TUR.11.12_1,0.039558392038460136,0.2715430861723447
2025,01,TUR.11.13_1,0.040817386891126684,0.2985971943887776
2025,01,TUR.11.14_1,0.03955839203846011,0.2715430861723447
2025,01,TUR.11.15_1,0.04440829068995693,0.42585170340681366
2025,01,TUR.11.16_1,0.04166646153391286,0.31963927855711427
2025,01,TUR.11.17_1,0.04009488125034134,0.28256513026052105
2025,01,TUR.11.1_1,0.03860703218473435,0.2535070140280561
2025,01,TUR.11.2_1,0.04094545539146501,0.3016032064128257
2025,01,TUR.11.3_1,0.0415902959336039,0.3176352705410822
2025,01,TUR.11.4_1,0.044794338097039935,0.4609218436873747
2025,01,TUR.11.5_1,0.04326643322488369,0.3697394789579158
2025,01,TUR.11.6_1,0.041961471838375,0.32765531062124253
2025,01,TUR.11.7_1,0.03761990025427182,0.23647294589178355
2025,01,TUR.11.8_1,0.04206816021258256,0.33066132264529063
2025,01,TUR.11.9_1,0.04250608752984241,0.34368737474949895
2025,01,TUR.12.10_1,0.04023549635725002,0.28557114228456904
2025,01,TUR.12.11_1,0.03980636226420789,0.27655310621242485
2025,01,TUR.12.12_1,0.039507964628592324,0.27054108216432865
2025,01,TUR.12.13_1,0.03849548335707844,0.251503006012024
2025,01,TUR.12.14_1,0.04009488125034137,0.28256513026052105
2025,01,TUR.12.15_1,0.04250608752984241,0.34368737474949895
2025,01,TUR.12.16_1,0.03990362322256468,0.2785571142284569
2025,01,TUR.12.17_1,0.04023549635725002,0.28557114228456904
2025,01,TUR.12.18_1,0.03826877246779933,0.24749498997995992
2025,01,TUR.12.19_1,0.04018889231686864,0.2845691382765531
2025,01,TUR.12.1_1,0.04240851177262511,0.34068136272545096
2025,01,TUR.12.2_1,0.03960854039940657,0.2725450901803607
2025,01,TUR.12.3_1,0.04224125636959849,0.3356713426853708
2025,01,TUR.12.4_1,0.03797850899911903,0.24248496993987986
2025,01,TUR.12.5_1,0.04147421839250663,0.314629258517034
2025,01,TUR.12.6_1,0.03446311269826626,0.19038076152304603
2025,01,TUR.12.7_1,0.03945725720745002,0.2695390781563126
2025,01,TUR.12.8_1,0.04086033180906672,0.2995991983967936
2025,01,TUR.12.9_1,0.041590295933603944,0.3176352705410822
2025,01,TUR.13.1_1,0.039558392038460156,0.2715430861723447
2025,01,TUR.13.2_1,0.038095539728662545,0.2444889779559117
2025,01,TUR.13.3_1,0.03706032411114871,0.22745490981963937
2025,01,TUR.13.4_1,0.034918981992816366,0.19639278557114234
2025,01,TUR.14.1_1,0.02931634169296392,0.13326653306613226
2025,01,TUR.14.2_1,0.028118013994733362,0.12224448897795602
2025,01,TUR.14.3_1,0.029525942839218142,0.13527054108216433
2025,01,TUR.14.4_1,0.025589245220572862,0.10120240480961921
2025,01,TUR.14.5_1,0.02888967210714496,0.12925851703406813
2025,01,TUR.14.6_1,0.01992103033154212,0.06312625250500996
2025,01,TUR.15.1_1,0.01422013949856467,0.03507014028056115
2025,01,TUR.15.2_1,0.00906473012001003,0.01703406813627256
2025,01,TUR.15.3_1,0.011296213592237554,0.02404809619238479
2025,01,TUR.16.1_1,0.030734051240935402,0.14729458917835672
2025,01,TUR.16.2_1,0.0344631126982664,0.19038076152304603
2025,01,TUR.16.3_1,0.03422975840493736,0.18737474949899793
2025,01,TUR.16.4_1,0.03693235379411001,0.2254509018036072
2025,01,TUR.16.5_1,0.03592887278629502,0.2104208416833667
2025,01,TUR.16.6_1,0.03430795101871425,0.18837675350701397
2025,01,TUR.16.7_1,0.034993582280348705,0.19739478957915838
2025,01,TUR.16.8_1,0.030636494947164708,0.1462925851703407
2025,01,TUR.17.1_1,0.01129621359223761,0.02404809619238479
2025,01,TUR.17.2_1,0.019210883156825335,0.05911823647294583
2025,01,TUR.17.3_1,0.013728453360900464,0.033066132264529084
2025,01,TUR.17.4_1,0.014697139014456647,0.037074148296593216
2025,01,TUR.17.5_1,0.014697139014456611,0.037074148296593216
2025,01,TUR.17.6_1,0.015832120098875177,0.04208416833667338
2025,01,TUR.17.7_1,0.017701198368506522,0.05110220440881768
2025,01,TUR.17.8_1,0.011587174157150437,0.025050100200400823
2025,01,TUR.18.1_1,0.021264300208908907,0.07114228456913822
2025,01,TUR.18.2_1,0.018282324795874237,0.05410821643286578
2025,01,TUR.18.3_1,0.022057303704146648,0.07615230460921839
2025,01,TUR.18.4_1,0.01770119836850654,0.05110220440881768
2025,01,TUR.18.5_1,0.020604800138715868,0.0671342685370742
2025,01,TUR.18.6_1,0.021901355636606626,0.075150300601202355
2025,01,TUR.18.7_1,0.022057303704146627,0.07615230460921839
2025,01,TUR.19.1_1,0.027662052453809708,0.11823647294589178
2025,01,TUR.19.2_1,0.028452722012509306,0.125250501002004
2025,01,TUR.19.3_1,0.030831061077761727,0.14829659318637275
2025,01,TUR.19.4_1,0.02910426720119381,0.1312625250501002
2025,01,TUR.19.5_1,0.030734051240935395,0.14729458917835672
2025,01,TUR.19.6_1,0.02888967210714496,0.12925851703406813
2025,01,TUR.19.7_1,0.02973311619184007,0.1372745490981964
2025,01,TUR.19.8_1,0.0320444128941867,0.16132264529058118
2025,01,TUR.19.9_1,0.031118856483700365,0.15130260521042085
2025,01,TUR.2.1_1,0.02634723765249559,0.10721442885771541
2025,01,TUR.2.2_1,0.020604800138715965,0.0671342685370742
2025,01,TUR.2.3_1,0.024254285194864895,0.09118236472945888
2025,01,TUR.2.4_1,0.02571771001131255,0.10220440881763525
2025,01,TUR.2.5_1,0.02800507566323091,0.12124248496993976
2025,01,TUR.2.6_1,0.028672507358848374,0.12725450901803606
2025,01,TUR.2.7_1,0.03454008663826589,0.19138276553106218
2025,01,TUR.2.8_1,0.020771874757003247,0.06813627254509023
2025,01,TUR.2.9_1,0.02383477487575465,0.08817635270541078
2025,01,TUR.20.10_1,0.031213724766442068,0.1523046092184369
2025,01,TUR.20.11_1,0.03536081141455975,0.20240480961923832
2025,01,TUR.20.1_1,0.03484399179204101,0.1953907815631263
2025,01,TUR.20.2_1,0.032835411739094406,0.17034068136272537
2025,01,TUR.20.3_1,0.03712380963457757,0.22845691382765518
2025,01,TUR.20.4_1,0.031495198068607316,0.155310621242485
2025,01,TUR.20.5_1,0.034072137198387954,0.18537074148296598
2025,01,TUR.20.6_1,0.03514162192953799,0.19939879759519044
2025,01,TUR.20.7_1,0.03438573496541054,0.1893787575150301
2025,01,TUR.20.8_1,0.03111885648370041,0.15130260521042085
2025,01,TUR.20.9_1,0.03613588052320533,0.2134268537074148
2025,01,TUR.21.10_1,0.03422975840493735,0.18737474949899793
2025,01,TUR.21.11_1,0.02993790568236584,0.13927855711422846
2025,01,TUR.21.12_1,0.0339128510521709,0.1833667334669339
2025,01,TUR.21.13_1,0.028889672107144968,0.12925851703406813
2025,01,TUR.21.14_1,0.0321342133643708,0.16232464929859722
2025,01,TUR.21.15_1,0.027546283549806504,0.11723446893787574
2025,01,TUR.21.16_1,0.028452722012509268,0.125250501002004
2025,01,TUR.21.17_1,0.030831061077761755,0.14829659318637275
2025,01,TUR.21.1_1,0.025459901829479378,0.10020040080160318
2025,01,TUR.21.2_1,0.029937905682365845,0.13927855711422846
2025,01,TUR.21.3_1,0.029104267201193725,0.1312625250501002
2025,01,TUR.21.4_1,0.025972048296596946,0.10420841683366731
2025,01,TUR.21.5_1,0.024933508705536195,0.09619238476953905
2025,01,TUR.21.6_1,0.02834183015253197,0.12424849699398798
2025,01,TUR.21.7_1,0.03415115463800164,0.186372745490982
2025,01,TUR.21.8_1,0.024254285194864923,0.09118236472945888
2025,01,TUR.21.9_1,0.027891440905278748,0.12024048096192395
2025,01,TUR.22.10_1,0.041112657511998545,0.3056112224448897
2025,01,TUR.22.11_1,0.04073072715680166,0.2965931863727455
2025,01,TUR.22.12_1,0.040945455391465053,0.3016032064128257
2025,01,TUR.22.1_1,0.042934307304553665,0.3577154308617234
2025,01,TUR.22.2_1,0.0403279056347189,0.2875751503006012
2025,01,TUR.22.3_1,0.04155184791738723,0.31663326653306617
2025,01,TUR.22.5_1,0.04147421839250666,0.314629258517034
2025,01,TUR.22.6_1,0.043239968784663255,0.3687374749498998
2025,01,TUR.22.7_1,0.04375021715662883,0.3897795591182365
2025,01,TUR.22.8_1,0.04213810368687151,0.3326653306613226
2025,01,TUR.22.9_1,0.04361411311180181,0.3837675350701404
2025,01,TUR.23.10_1,0.028562945521100114,0.12625250501002003
2025,01,TUR.23.11_1,0.02789144090527872,0.12024048096192395
2025,01,TUR.23.12_1,0.028672507358848392,0.12725450901803606
2025,01,TUR.23.1_1,0.02888967210714496,0.12925851703406813
2025,01,TUR.23.2_1,0.028781414078247653,0.1282565130260521
2025,01,TUR.23.3_1,0.027429787789472797,0.1162324649298596
2025,01,TUR.23.4_1,0.029835806235238595,0.13827655310621242
2025,01,TUR.23.5_1,0.027194583498260635,0.11422845691382753
2025,01,TUR.23.6_1,0.03309069590576376,0.17334669338677358
2025,01,TUR.23.7_1,0.02899728775202694,0.13026052104208416
2025,01,TUR.23.8_1,0.026593270780774413,0.10921843687374748
2025,01,TUR.23.9_1,0.03317488699465885,0.1743486973947895
2025,01,TUR.24.10_1,0.028341830152532096,0.12424849699398798
2025,01,TUR.24.11_1,0.029525942839218215,0.13527054108216433
2025,01,TUR.24.12_1,0.03195412280395631,0.16032064128256515
2025,01,TUR.24.13_1,0.02962983020698755,0.13627254509018036
2025,01,TUR.24.14_1,0.028889672107144958,0.12925851703406813
2025,01,TUR.24.1_1,0.02707585843725181,0.1132264529058115
2025,01,TUR.24.2_1,0.0287814140782477,0.1282565130260521
2025,01,TUR.24.3_1,0.02845272201250936,0.125250501002004
2025,01,TUR.24.4_1,0.0321342133643708,0.16232464929859722
2025,01,TUR.24.5_1,0.027429787789472797,0.1162324649298596
2025,01,TUR.24.6_1,0.030240712502615518,0.14228456913827656
2025,01,TUR.24.7_1,0.02834183015253202,0.12424849699398798
2025,01,TUR.24.8_1,0.028562945521100114,0.12625250501002003
2025,01,TUR.24.9_1,0.029316341692963915,0.13326653306613226
2025,01,TUR.25.10_1,0.035288128089801786,0.2014028056112225
2025,01,TUR.25.11_1,0.036672372330655546,0.22144288577154306
2025,01,TUR.25.12_1,0.03476860943902878,0.19438877755511016
2025,01,TUR.25.13_1,0.036996506011050936,0.22645290581162333
2025,01,TUR.25.14_1,0.034843991792041035,0.1953907815631263
2025,01,TUR.25.15_1,0.037186964104105845,0.22945891783567132
2025,01,TUR.25.16_1,0.03791952713584331,0.24148296593186372
2025,01,TUR.25.17_1,0.040643035947481615,0.29458917835671344
2025,01,TUR.25.18_1,0.034229758404937326,0.18737474949899793
2025,01,TUR.25.19_1,0.03422975840493735,0.18737474949899793
2025,01,TUR.25.1_1,0.03578906391308235,0.20841683366733474
2025,01,TUR.25.2_1,0.03995184438700476,0.27955911823647295
2025,01,TUR.25.3_1,0.036867865902490096,0.22444889779559116
2025,01,TUR.25.4_1,0.03550504892848522,0.2044088176352705
2025,01,TUR.25.5_1,0.036339685497622905,0.21643286573146278
2025,01,TUR.25.6_1,0.037436301303507724,0.23346693386773534
2025,01,TUR.25.7_1,0.03599823425056955,0.21142284569138262
2025,01,TUR.25.8_1,0.03898812616854867,0.2605210420841683
2025,01,TUR.25.9_1,0.03536081141455968,0.20240480961923832
2025,01,TUR.26.10_1,0.026097943394769067,0.10521042084168335
2025,01,TUR.26.11_1,0.021585529005919327,0.07314629258517029
2025,01,TUR.26.12_1,0.02043621003191781,0.06613226452905806
2025,01,TUR.26.13_1,0.03102345930877964,0.15030060120240482
2025,01,TUR.26.14_1,0.023975643714878855,0.08917835671342682
2025,01,TUR.26.1_1,0.030240712502615525,0.14228456913827656
2025,01,TUR.26.2_1,0.026715088628979308,0.11022044088176362
2025,01,TUR.26.3_1,0.027777102344623807,0.1192384769539077
2025,01,TUR.26.4_1,0.026593270780774406,0.10921843687374748
2025,01,TUR.26.5_1,0.02493350870553616,0.09619238476953905
2025,01,TUR.26.6_1,0.025972048296596974,0.10420841683366731
2025,01,TUR.26.7_1,0.026470656961829597,0.10821643286573145
2025,01,TUR.26.8_1,0.02354986300012818,0.08617234468937872
2025,01,TUR.26.9_1,0.02190135563660658,0.075150300601202355
2025,01,TUR.27.1_1,0.037919527135843276,0.24148296593186372
2025,01,TUR.27.2_1,0.03935499843274611,0.26753507014028055
2025,01,TUR.27.3_1,0.038268772467799334,0.24749498997995992
2025,01,TUR.27.4_1,0.036540335529758675,0.219438877755511
2025,01,TUR.27.5_1,0.03749782275340517,0.2344689378757515
2025,01,TUR.27.6_1,0.03399270353252681,0.18436873747494983
2025,01,TUR.27.7_1,0.035928872786295044,0.2104208416833667
2025,01,TUR.27.8_1,0.034307951018714276,0.18837675350701397
2025,01,TUR.28.1_1,0.027662052453809663,0.11823647294589178
2025,01,TUR.28.2_1,0.02545990182947932,0.10020040080160318
2025,01,TUR.28.3_1,0.026097943394769067,0.10521042084168335
2025,01,TUR.28.4_1,0.02647065696182962,0.10821643286573145
2025,01,TUR.28.5_1,0.022517559507299282,0.07915831663326649
2025,01,TUR.28.6_1,0.024254285194864885,0.09118236472945888
2025,01,TUR.28.7_1,0.02236538380913416,0.07815631262525045
2025,01,TUR.28.8_1,0.023405787450063956,0.08517034068136269
2025,01,TUR.28.9_1,0.024115475428418687,0.09018036072144285
2025,01,TUR.29.10_1,0.022365383809134158,0.07815631262525045
2025,01,TUR.29.11_1,0.027429787789472786,0.1162324649298596
2025,01,TUR.29.1_1,0.028889672107144958,0.12925851703406813
2025,01,TUR.29.2_1,0.02077187475700324,0.06813627254509023
2025,01,TUR.29.3_1,0.022057303704146655,0.07615230460921839
2025,01,TUR.29.4_1,0.02742978778947277,0.1162324649298596
2025,01,TUR.29.5_1,0.01956939834795693,0.06112224448897801
2025,01,TUR.29.6_1,0.026097943394769067,0.10521042084168335
2025,01,TUR.29.7_1,0.025717710011312605,0.10220440881763525
2025,01,TUR.29.8_1,0.026223003116657203,0.10621242484969938
2025,01,TUR.29.9_1,0.028672507358848326,0.12725450901803606
2025,01,TUR.3.10_1,0.03257599555835809,0.16733466933867738
2025,01,TUR.3.11_1,0.030734051240935388,0.14729458917835672
2025,01,TUR.3.12_1,0.032312359793050915,0.16432865731462928
2025,01,TUR.3.13_1,0.03415115463800163,0.186372745490982
2025,01,TUR.3.14_1,0.03367075430784955,0.1803607214428857
2025,01,TUR.3.15_1,0.03240071279083802,0.16533066132264532
2025,01,TUR.3.16_1,0.03213421336437079,0.16232464929859722
2025,01,TUR.3.17_1,0.03274940303677264,0.16933867735470945
2025,01,TUR.3.18_1,0.03399270353252681,0.18436873747494983
2025,01,TUR.3.1_1,0.03660652579932899,0.22044088176352702
2025,01,TUR.3.2_1,0.031863339437377805,0.15931863727454912
2025,01,TUR.3.3_1,0.03367075430784947,0.1803607214428857
2025,01,TUR.3.4_1,0.03342479158883793,0.1773547094188377
2025,01,TUR.3.5_1,0.03300605504718015,0.17234468937875744
2025,01,TUR.3.6_1,0.03592887278629504,0.2104208416833667
2025,01,TUR.3.7_1,0.033424791588837925,0.1773547094188377
2025,01,TUR.3.8_1,0.031401891445194445,0.15430861723446895
2025,01,TUR.3.9_1,0.03743630130350772,0.23346693386773534
2025,01,TUR.30.1_1,0.012960648532387301,0.03006012024048099
2025,01,TUR.30.2_1,0.02009435794928196,0.0641282565130261
2025,01,TUR.30.3_1,0.01397620507658567,0.03406813627254512
2025,01,TUR.30.4_1,0.02142560239318715,0.07214428857715426
2025,01,TUR.30.5_1,0.013728453360900332,0.033066132264529084
2025,01,TUR.30.6_1,0.011872337899935331,0.026052104208416856
2025,01,TUR.30.7_1,0.013220851858281828,0.03106212424849702
2025,01,TUR.30.8_1,0.010067309867565408,0.020040080160320658
2025,01,TUR.30.9_1,0.01626537902287772,0.04408817635270545
2025,01,TUR.31.10_1,0.01322085185828183,0.03106212424849702
2025,01,TUR.31.11_1,0.013976205076585741,0.03406813627254512
2025,01,TUR.31.12_1,0.013976205076585708,0.03406813627254512
2025,01,TUR.31.13_1,0.011872337899935352,0.026052104208416856
2025,01,TUR.31.14_1,0.010999127819863097,0.023046092184368757
2025,01,TUR.31.15_1,0.014460404669750326,0.03607214428857718
2025,01,TUR.31.16_1,0.013976205076585743,0.03406813627254512
2025,01,TUR.31.17_1,0.013728453360900403,0.033066132264529084
2025,01,TUR.31.18_1,0.010999127819863109,0.023046092184368757
2025,01,TUR.31.19_1,0.015832120098875163,0.04208416833667338
2025,01,TUR.31.1_1,0.016265379022877714,0.04408817635270545
2025,01,TUR.31.2_1,0.011296213592237583,0.02404809619238479
2025,01,TUR.31.3_1,0.012426447213732128,0.028056112224448922
2025,01,TUR.31.4_1,0.014460404669750326,0.03607214428857718
2025,01,TUR.31.5_1,0.012426447213732164,0.028056112224448922
2025,01,TUR.31.6_1,0.014697139014456628,0.037074148296593216
2025,01,TUR.31.7_1,0.013220851858281833,0.03106212424849702
2025,01,TUR.31.8_1,0.013728453360900532,0.033066132264529084
2025,01,TUR.31.9_1,0.012960648532387258,0.03006012024048099
2025,01,TUR.32.10_1,0.03317488699465884,0.1743486973947895
2025,01,TUR.32.11_1,0.03660652579932899,0.22044088176352702
2025,01,TUR.32.12_1,0.032134213364370806,0.16232464929859722
2025,01,TUR.32.13_1,0.032223527815227596,0.16332665330661325
2025,01,TUR.32.1_1,0.034843991792041,0.1953907815631263
2025,01,TUR.32.2_1,0.033832577133748154,0.18236472945891777
2025,01,TUR.32.3_1,0.033912851052170866,0.1833667334669339
2025,01,TUR.32.4_1,0.032400712790838046,0.16533066132264532
2025,01,TUR.32.5_1,0.02962983020698754,0.13627254509018036
2025,01,TUR.32.6_1,0.03358919997061701,0.17935871743486978
2025,01,TUR.32.7_1,0.033006055047180204,0.17234468937875744
2025,01,TUR.32.8_1,0.034843991792041,0.1953907815631263
2025,01,TUR.32.9_1,0.03422975840493733,0.18737474949899793
2025,01,TUR.33.1_1,0.031213724766442054,0.1523046092184369
2025,01,TUR.33.2_1,0.032835411739094406,0.17034068136272537
2025,01,TUR.33.3_1,0.032488590249385746,0.16633266533066135
2025,01,TUR.33.4_1,0.03240071279083804,0.16533066132264532
2025,01,TUR.33.5_1,0.032044412894186684,0.16132264529058118
2025,01,TUR.33.6_1,0.03121372476644207,0.1523046092184369
2025,01,TUR.33.7_1,0.030927528958198114,0.1492985971943888
2025,01,TUR.33.8_1,0.02921061652782856,0.13226452905811623
2025,01,TUR.33.9_1,0.02942144854834706,0.1342685370741483
2025,01,TUR.34.10_1,0.018659500671422434,0.056112224448897845
2025,01,TUR.34.11_1,0.03564779446325792,0.20641282565130267
2025,01,TUR.34.12_1,0.0316802779648913,0.15731462925851705
2025,01,TUR.34.13_1,0.03367075430784947,0.1803607214428857
2025,01,TUR.34.14_1,0.01865950067142244,0.056112224448897845
2025,01,TUR.34.15_1,0.03367075430784951,0.1803607214428857
2025,01,TUR.34.16_1,0.026593270780774413,0.10921843687374748
2025,01,TUR.34.1_1,0.013976205076585719,0.03406813627254512
2025,01,TUR.34.2_1,0.02519853310943035,0.09819639278557112
2025,01,TUR.34.3_1,0.013976205076585735,0.03406813627254512
2025,01,TUR.34.4_1,0.025329668374153784,0.09919839679358715
2025,01,TUR.34.5_1,0.019921030331542116,0.06312625250500996
2025,01,TUR.34.6_1,0.023405787450063935,0.08517034068136269
2025,01,TUR.34.7_1,0.0319541228039563,0.16032064128256515
2025,01,TUR.34.8_1,0.033174886994658856,0.1743486973947895
2025,01,TUR.34.9_1,0.033992703532526876,0.18436873747494983
2025,01,TUR.35.1_1,0.013728453360900426,0.033066132264529084
2025,01,TUR.35.2_1,0.015160525866139312,0.03907815631262528
2025,01,TUR.35.3_1,0.01921088315682529,0.05911823647294583
2025,01,TUR.35.4_1,0.014220139498564715,0.03507014028056115
2025,01,TUR.35.5_1,0.012960648532387235,0.03006012024048099
2025,01,TUR.35.6_1,0.015387414363295524,0.040080160320641316
2025,01,TUR.36.1_1,0.01561124529663747,0.04108216432865735
2025,01,TUR.36.2_1,0.01187233789993534,0.026052104208416856
2025,01,TUR.36.3_1,0.016265379022877734,0.04408817635270545
2025,01,TUR.36.4_1,0.010695555427236334,0.022044088176352724
2025,01,TUR.37.10_1,0.028005075663230895,0.12124248496993976
2025,01,TUR.37.11_1,0.024799594579291862,0.09519038076152302
2025,01,TUR.37.12_1,0.02190135563660657,0.075150300601202355
2025,01,TUR.37.1_1,0.0215855290059193,0.07314629258517029
2025,01,TUR.37.2_1,0.01939102045433615,0.06012024048096198
2025,01,TUR.37.3_1,0.019746055815334253,0.06212424849699404
2025,01,TUR.37.4_1,0.02369285331449491,0.08717434869739475
2025,01,TUR.37.5_1,0.018090716680414603,0.053106212424849746
2025,01,TUR.37.6_1,0.02142560239318714,0.07214428857715426
2025,01,TUR.37.7_1,0.02060480013871595,0.0671342685370742
2025,01,TUR.37.8_1,0.020771874757003237,0.06813627254509023
2025,01,TUR.37.9_1,0.02158552900591927,0.07314629258517029
2025,01,TUR.38.1_1,0.018090716680414603,0.053106212424849746
2025,01,TUR.38.2_1,0.026347237652495636,0.10721442885771541
2025,01,TUR.38.3_1,0.016687896375087493,0.046092184368737514
2025,01,TUR.38.4_1,0.01397620507658571,0.03406813627254512
2025,01,TUR.39.10_1,0.03585914996722602,0.20941883767535066
2025,01,TUR.39.11_1,0.03334193188399731,0.17635270541082157
2025,01,TUR.39.12_1,0.03300605504718019,0.17234468937875744
2025,01,TUR.39.13_1,0.03654033552975869,0.219438877755511
2025,01,TUR.39.1_1,0.03461665917470766,0.1923847695390781
2025,01,TUR.39.2_1,0.0345400866382659,0.19138276553106218
2025,01,TUR.39.3_1,0.03491898199281635,0.19639278557114234
2025,01,TUR.39.4_1,0.03438573496541049,0.1893787575150301
2025,01,TUR.39.5_1,0.035360811414559705,0.20240480961923832
2025,01,TUR.39.6_1,0.036867865902490055,0.22444889779559116
2025,01,TUR.39.7_1,0.034229758404937305,0.18737474949899793
2025,01,TUR.39.8_1,0.03342479158883794,0.1773547094188377
2025,01,TUR.39.9_1,0.03491898199281636,0.19639278557114234
2025,01,TUR.4.1_1,0.00906473012000995,0.01703406813627256
2025,01,TUR.4.2_1,0.01296064853238724,0.03006012024048099
2025,01,TUR.4.3_1,0.01069555542723644,0.022044088176352724
2025,01,TUR.4.4_1,0.005410539302808787,0.008016032064128263
2025,01,TUR.4.5_1,0.011296213592237632,0.02404809619238479
2025,01,TUR.4.6_1,0.011587174157150434,0.025050100200400823
2025,01,TUR.4.7_1,0.009064730120009993,0.01703406813627256
2025,01,TUR.4.8_1,0.01215200426498208,0.02705410821643289
2025,01,TUR.40.10_1,0.04287584243190793,0.35571142284569135
2025,01,TUR.40.11_1,0.02609794339476907,0.10521042084168335
2025,01,TUR.40.12_1,0.03774069986446015,0.23847695390781562
2025,01,TUR.40.13_1,0.0436141131118018,0.3837675350701404
2025,01,TUR.40.14_1,0.028562945521100114,0.12625250501002003
2025,01,TUR.40.15_1,0.025845307393654496,0.10320641282565128
2025,01,TUR.40.16_1,0.026470656961829625,0.10821643286573145
2025,01,TUR.40.17_1,0.030831061077761693,0.14829659318637275
2025,01,TUR.40.18_1,0.03647379985239158,0.21843687374749496
2025,01,TUR.40.19_1,0.027546283549806514,0.11723446893787574
2025,01,TUR.40.20_1,0.04440829068995693,0.42585170340681366
2025,01,TUR.40.21_1,0.04399955220701319,0.40180360721442887
2025,01,TUR.40.22_1,0.04253815277505931,0.344689378757515
2025,01,TUR.40.23_1,0.04491770907488649,0.4849699398797595
2025,01,TUR.40.24_1,0.028997287752026986,0.13026052104208416
2025,01,TUR.40.25_1,0.029316341692963908,0.13326653306613226
2025,01,TUR.40.26_1,0.033258631329692014,0.17535070140280565
2025,01,TUR.40.27_1,0.030039419784473283,0.1402805611222445
2025,01,TUR.40.28_1,0.02800507566323091,0.12124248496993976
2025,01,TUR.40.29_1,0.02766205245380968,0.11823647294589178
2025,01,TUR.40.2_1,0.02519853310943039,0.09819639278557112
2025,01,TUR.40.30_1,0.026593270780774413,0.10921843687374748
2025,01,TUR.40.31_1,0.025717710011312515,0.10220440881763525
2025,01,TUR.40.32_1,0.028562945521100103,0.12625250501002003
2025,01,TUR.40.33_1,0.026470656961829594,0.10821643286573145
2025,01,TUR.40.34_1,0.026470656961829635,0.10821643286573145
2025,01,TUR.40.35_1,0.027546283549806514,0.11723446893787574
2025,01,TUR.40.36_1,0.030734051240935367,0.14729458917835672
2025,01,TUR.40.37_1,0.044875335134748055,0.47394789579158314
2025,01,TUR.40.38_1,0.04482946306300979,0.465931863727455
2025,01,TUR.40.39_1,0.02142560239318715,0.07214428857715426
2025,01,TUR.40.3_1,0.044816009699712375,0.4639278557114229
2025,01,TUR.40.4_1,0.02899728775202697,0.13026052104208416
2025,01,TUR.40.5_1,0.03640691707804979,0.21743486973947893
2025,01,TUR.40.6_1,0.04405716398165042,0.40480961923847697
2025,01,TUR.40.7_1,0.04493458924366482,0.504008016032064
2025,01,TUR.40.8_1,0.028118013994733383,0.12224448897795602
2025,01,TUR.40.9_1,0.04281648019531074,0.3537074148296593
2025,01,TUR.41.10_1,0.04337010586627802,0.37374749498997994
2025,01,TUR.41.11_1,0.04421877482643153,0.41382765531062116
2025,01,TUR.41.12_1,0.044057163981650396,0.40480961923847697
2025,01,TUR.41.13_1,0.04399955220701319,0.40180360721442887
2025,01,TUR.41.14_1,0.04464842482901877,0.4448897795591182
2025,01,TUR.41.15_1,0.0443483969860673,0.42184368737474953
2025,01,TUR.41.16_1,0.041395606727456374,0.31262525050100204
2025,01,TUR.41.17_1,0.04073072715680166,0.2965931863727455
2025,01,TUR.41.18_1,0.039199485556694266,0.26452905811623245
2025,01,TUR.41.19_1,0.044556212563180174,0.4368737474949899
2025,01,TUR.41.1_1,0.04307656514524692,0.3627254509018036
2025,01,TUR.41.20_1,0.04381539853847535,0.3927855711422847
2025,01,TUR.41.21_1,0.04263297507375735,0.3476953907815631
2025,01,TUR.41.22_1,0.043543174153266084,0.38076152304609207
2025,01,TUR.41.23_1,0.04032790563471897,0.2875751503006012
2025,01,TUR.41.24_1,0.04472777927014903,0.45290581162324656
2025,01,TUR.41.25_1,0.042934307304553665,0.3577154308617234
2025,01,TUR.41.26_1,0.042068160212582535,0.33066132264529063
2025,01,TUR.41.27_1,0.043186381827444414,0.3667334669338677
2025,01,TUR.41.28_1,0.04462657984427569,0.4428857715430861
2025,01,TUR.41.2_1,0.04447857202970618,0.4308617234468937
2025,01,TUR.41.3_1,0.04253815277505927,0.344689378757515
2025,01,TUR.41.4_1,0.04199727177257768,0.32865731462925857
2025,01,TUR.41.5_1,0.04077418558574738,0.29759519038076154
2025,01,TUR.41.6_1,0.04284627369426694,0.3547094188376753
2025,01,TUR.41.7_1,0.04323996878466323,0.3687374749498998
2025,01,TUR.41.8_1,0.044875335134748076,0.47394789579158314
2025,01,TUR.41.9_1,0.04437875231866449,0.4238476953907815
2025,01,TUR.42.10_1,0.030240712502615518,0.14228456913827656
2025,01,TUR.42.1_1,0.01992103033154205,0.06312625250500996
2025,01,TUR.42.2_1,0.026836119816314594,0.11122244488977955
2025,01,TUR.42.3_1,0.024115475428418687,0.09018036072144285
2025,01,TUR.42.4_1,0.02281828639460906,0.08116232464929855
2025,01,TUR.42.5_1,0.019210883156825273,0.05911823647294583
2025,01,TUR.42.6_1,0.020266073373650394,0.06513026052104202
2025,01,TUR.42.7_1,0.025972048296596956,0.10420841683366731
2025,01,TUR.42.8_1,0.024664728647610212,0.09418837675350698
2025,01,TUR.42.9_1,0.02811801399473343,0.12224448897795602
2025,01,TUR.43.1_1,0.03222352781522757,0.16332665330661325
2025,01,TUR.43.2_1,0.03063649494716469,0.1462925851703407
2025,01,TUR.43.3_1,0.033424791588837925,0.1773547094188377
2025,01,TUR.43.4_1,0.029421448548347058,0.1342685370741483
2025,01,TUR.43.5_1,0.03309069590576366,0.17334669338677358
2025,01,TUR.43.6_1,0.036135880523205294,0.2134268537074148
2025,01,TUR.44.1_1,0.028005075663230898,0.12124248496993976
2025,01,TUR.44.2_1,0.028781414078247664,0.1282565130260521
2025,01,TUR.44.3_1,0.03177205908137901,0.15831663326653309
2025,01,TUR.44.4_1,0.03231235979305089,0.16432865731462928
2025,01,TUR.44.5_1,0.03063649494716471,0.1462925851703407
2025,01,TUR.44.6_1,0.03292096135954548,0.17134268537074152
2025,01,TUR.45.1_1,0.014460404669750331,0.03607214428857718
2025,01,TUR.45.2_1,0.012695918168465258,0.029058116232464844
2025,01,TUR.45.3_1,0.01215200426498217,0.02705410821643289
2025,01,TUR.45.4_1,0.013728453360900426,0.033066132264529084
2025,01,TUR.45.5_1,0.014697139014456628,0.037074148296593216
2025,01,TUR.45.6_1,0.013728453360900532,0.033066132264529084
2025,01,TUR.45.7_1,0.013220851858281838,0.03106212424849702
2025,01,TUR.45.8_1,0.013220851858281828,0.03106212424849702
2025,01,TUR.46.10_1,0.03213421336437082,0.16232464929859722
2025,01,TUR.46.11_1,0.029104267201193804,0.1312625250501002
2025,01,TUR.46.12_1,0.02597204829659693,0.10420841683366731
2025,01,TUR.46.13_1,0.03499358228034873,0.19739478957915838
2025,01,TUR.46.14_1,0.030831061077761717,0.14829659318637275
2025,01,TUR.46.15_1,0.029629830206987635,0.13627254509018036
2025,01,TUR.46.16_1,0.03350721333440812,0.17835671342685364
2025,01,TUR.46.17_1,0.0345400866382659,0.19138276553106218
2025,01,TUR.46.18_1,0.03014035370116704,0.14128256513026052
2025,01,TUR.46.19_1,0.03003941978447335,0.1402805611222445
2025,01,TUR.46.1_1,0.03543311767772567,0.20340681362725446
2025,01,TUR.46.20_1,0.030734051240935464,0.14729458917835672
2025,01,TUR.46.2_1,0.02777710234462388,0.1192384769539077
2025,01,TUR.46.3_1,0.030734051240935423,0.14729458917835672
2025,01,TUR.46.4_1,0.030734051240935388,0.14729458917835672
2025,01,TUR.46.5_1,0.03121372476644207,0.1523046092184369
2025,01,TUR.46.6_1,0.03292096135954545,0.17134268537074152
2025,01,TUR.46.7_1,0.03712380963457746,0.22845691382765518
2025,01,TUR.46.8_1,0.028997287752026885,0.13026052104208416
2025,01,TUR.46.9_1,0.027194583498260705,0.11422845691382753
2025,01,TUR.47.10_1,0.021264300208908946,0.07114228456913822
2025,01,TUR.47.11_1,0.024933508705536147,0.09619238476953905
2025,01,TUR.47.12_1,0.018845166403477956,0.05711422845691388
2025,01,TUR.47.13_1,0.023549863000128127,0.08617234468937872
2025,01,TUR.47.14_1,0.022668520299846454,0.08016032064128252
2025,01,TUR.47.15_1,0.02479959457929183,0.09519038076152302
2025,01,TUR.47.16_1,0.02466472864761017,0.09418837675350698
2025,01,TUR.47.1_1,0.020436210031917805,0.06613226452905806
2025,01,TUR.47.2_1,0.022057303704146655,0.07615230460921839
2025,01,TUR.47.3_1,0.021101596360351728,0.07014028056112219
2025,01,TUR.47.4_1,0.022966877399028026,0.08216432865731459
2025,01,TUR.47.5_1,0.026593270780774413,0.10921843687374748
2025,01,TUR.47.6_1,0.024664728647610233,0.09418837675350698
2025,01,TUR.47.7_1,0.024799594579291748,0.09519038076152302
2025,01,TUR.47.8_1,0.028005075663230895,0.12124248496993976
2025,01,TUR.47.9_1,0.02190135563660658,0.075150300601202355
2025,01,TUR.48.1_1,0.031213724766442127,0.1523046092184369
2025,01,TUR.48.2_1,0.03222352781522762,0.16332665330661325
2025,01,TUR.48.3_1,0.026836119816314594,0.11122244488977955
2025,01,TUR.48.4_1,0.02973311619184009,0.1372745490981964
2025,01,TUR.49.1_1,0.0343857349654105,0.1893787575150301
2025,01,TUR.49.2_1,0.03102345930877965,0.15030060120240482
2025,01,TUR.49.3_1,0.034463112698266365,0.19038076152304603
2025,01,TUR.49.4_1,0.032749403036772595,0.16933867735470945
2025,01,TUR.49.5_1,0.03391285105217092,0.1833667334669339
2025,01,TUR.49.6_1,0.03092752895819812,0.1492985971943888
2025,01,TUR.49.7_1,0.032835411739094406,0.17034068136272537
2025,01,TUR.49.8_1,0.03102345930877945,0.15030060120240482
2025,01,TUR.49.9_1,0.035215065628508,0.20040080160320647
2025,01,TUR.5.1_1,0.0333419318839973,0.17635270541082157
2025,01,TUR.5.2_1,0.03350721333440807,0.17835671342685364
2025,01,TUR.5.3_1,0.03149519806860732,0.155310621242485
2025,01,TUR.5.4_1,0.023975643714878852,0.08917835671342682
2025,01,TUR.5.5_1,0.031401891445194494,0.15430861723446895
2025,01,TUR.5.6_1,0.02742978778947279,0.1162324649298596
2025,01,TUR.5.7_1,0.028672507358848336,0.12725450901803606
2025,01,TUR.50.1_1,0.038717389095742884,0.25551102204408815
2025,01,TUR.50.2_1,0.039558392038460136,0.2715430861723447
2025,01,TUR.50.3_1,0.03699650601105094,0.22645290581162333
2025,01,TUR.50.4_1,0.03843925906937497,0.250501002004008
2025,01,TUR.50.5_1,0.037436301303507676,0.23346693386773534
2025,01,TUR.50.6_1,0.03950796462859236,0.27054108216432865
2025,01,TUR.50.7_1,0.03909438201518483,0.2625250501002004
2025,01,TUR.50.8_1,0.04046453484455115,0.2905811623246492
2025,01,TUR.51.1_1,0.028997287752026892,0.13026052104208416
2025,01,TUR.51.2_1,0.02993790568236584,0.13927855711422846
2025,01,TUR.51.3_1,0.03063649494716476,0.1462925851703407
2025,01,TUR.51.4_1,0.027075858437251875,0.1132264529058115
2025,01,TUR.51.5_1,0.030927528958198135,0.1492985971943888
2025,01,TUR.51.6_1,0.02867250735884835,0.12725450901803606
2025,01,TUR.51.7_1,0.02834183015253205,0.12424849699398798
2025,01,TUR.52.1_1,0.02383477487575466,0.08817635270541078
2025,01,TUR.52.2_1,0.029104267201193763,0.1312625250501002
2025,01,TUR.52.3_1,0.02777710234462391,0.1192384769539077
2025,01,TUR.52.4_1,0.028889672107144958,0.12925851703406813
2025,01,TUR.52.5_1,0.030240712502615525,0.14228456913827656
2025,01,TUR.52.6_1,0.03063649494716472,0.1462925851703407
2025,01,TUR.52.7_1,0.026593270780774413,0.10921843687374748
2025,01,TUR.53.10_1,0.030439724606053674,0.14428857715430862
2025,01,TUR.53.11_1,0.03283541173909442,0.17034068136272537
2025,01,TUR.53.12_1,0.030734051240935426,0.14729458917835672
2025,01,TUR.53.13_1,0.03140189144519446,0.15430861723446895
2025,01,TUR.53.14_1,0.026836119816314664,0.11122244488977955
2025,01,TUR.53.15_1,0.031118856483700347,0.15130260521042085
2025,01,TUR.53.16_1,0.029835806235238592,0.13827655310621242
2025,01,TUR.53.17_1,0.021744105281793172,0.07414829659318632
2025,01,TUR.53.18_1,0.0340721371983879,0.18537074148296598
2025,01,TUR.53.19_1,0.031495198068607316,0.155310621242485
2025,01,TUR.53.1_1,0.030140353701167032,0.14128256513026052
2025,01,TUR.53.20_1,0.03053838762014669,0.14529058116232466
2025,01,TUR.53.21_1,0.03231235979305088,0.16432865731462928
2025,01,TUR.53.22_1,0.03177205908137901,0.15831663326653309
2025,01,TUR.53.23_1,0.03375187911770993,0.18136272545090185
2025,01,TUR.53.24_1,0.031680277964891305,0.15731462925851705
2025,01,TUR.53.25_1,0.03053838762014669,0.14529058116232466
2025,01,TUR.53.26_1,0.033006055047180134,0.17234468937875744
2025,01,TUR.53.27_1,0.03158799225759024,0.15631262525050102
2025,01,TUR.53.28_1,0.024528897602858448,0.09318637274549095
2025,01,TUR.53.29_1,0.03195412280395629,0.16032064128256515
2025,01,TUR.53.2_1,0.030439724606053674,0.14428857715430862
2025,01,TUR.53.30_1,0.03309069590576369,0.17334669338677358
2025,01,TUR.53.31_1,0.033507213334408065,0.17835671342685364
2025,01,TUR.53.3_1,0.03292096135954545,0.17134268537074152
2025,01,TUR.53.4_1,0.03158799225759018,0.15631262525050102
2025,01,TUR.53.5_1,0.032662932057323985,0.16833667334669342
2025,01,TUR.53.6_1,0.028341830152532114,0.12424849699398798
2025,01,TUR.53.7_1,0.03240071279083796,0.16533066132264532
2025,01,TUR.53.8_1,0.034229758404937326,0.18737474949899793
2025,01,TUR.53.9_1,0.02942144854834707,0.1342685370741483
2025,01,TUR.54.10_1,0.034616659174707666,0.1923847695390781
2025,01,TUR.54.11_1,0.0345400866382659,0.19138276553106218
2025,01,TUR.54.12_1,0.033992703532526855,0.18436873747494983
2025,01,TUR.54.13_1,0.03358919997061708,0.17935871743486978
2025,01,TUR.54.1_1,0.0314951980686073,0.155310621242485
2025,01,TUR.54.2_1,0.03121372476644209,0.1523046092184369
2025,01,TUR.54.3_1,0.03195412280395632,0.16032064128256515
2025,01,TUR.54.4_1,0.031495198068607295,0.155310621242485
2025,01,TUR.54.5_1,0.032312359793050895,0.16432865731462928
2025,01,TUR.54.6_1,0.03342479158883791,0.1773547094188377
2025,01,TUR.54.7_1,0.033751879117709944,0.18136272545090185
2025,01,TUR.54.8_1,0.03399270353252686,0.18436873747494983
2025,01,TUR.54.9_1,0.031023459308779623,0.15030060120240482
2025,01,TUR.55.10_1,0.01992103033154205,0.06312625250500996
2025,01,TUR.55.11_1,0.021585529005919233,0.07314629258517029
2025,01,TUR.55.12_1,0.024115475428418624,0.09018036072144285
2025,01,TUR.55.13_1,0.026223003116657134,0.10621242484969938
2025,01,TUR.55.14_1,0.02190135563660666,0.075150300601202355
2025,01,TUR.55.1_1,0.020266073373650398,0.06513026052104202
2025,01,TUR.55.2_1,0.023405787450063924,0.08517034068136269
2025,01,TUR.55.3_1,0.02558924522057283,0.10120240480961921
2025,01,TUR.55.4_1,0.02647065696182956,0.10821643286573145
2025,01,TUR.55.5_1,0.0222119723709564,0.07715430861723442
2025,01,TUR.55.6_1,0.02043621003191781,0.06613226452905806
2025,01,TUR.55.7_1,0.024254285194864923,0.09118236472945888
2025,01,TUR.55.8_1,0.019391020454336147,0.06012024048096198
2025,01,TUR.55.9_1,0.023405787450064015,0.08517034068136269
2025,01,TUR.56.10_1,0.041704180324461854,0.3206412825651303
2025,01,TUR.56.11_1,0.04131600785669969,0.31062124248497
2025,01,TUR.56.12_1,0.039354998432746105,0.26753507014028055
2025,01,TUR.56.13_1,0.04111265751199857,0.3056112224448897
2025,01,TUR.56.14_1,0.03606723621772739,0.21242484969939876
2025,01,TUR.56.15_1,0.04059880165840477,0.2935871743486973
2025,01,TUR.56.16_1,0.03995184438700482,0.27955911823647295
2025,01,TUR.56.1_1,0.04151315560969295,0.31563126252505014
2025,01,TUR.56.2_1,0.038717389095742905,0.25551102204408815
2025,01,TUR.56.3_1,0.040730727156801635,0.2965931863727455
2025,01,TUR.56.4_1,0.03528812808980176,0.2014028056112225
2025,01,TUR.56.5_1,0.040774185585747386,0.29759519038076154
2025,01,TUR.56.6_1,0.03860703218473436,0.2535070140280561
2025,01,TUR.56.7_1,0.04009488125034135,0.28256513026052105
2025,01,TUR.56.8_1,0.03826877246779931,0.24749498997995992
2025,01,TUR.56.9_1,0.03809553972866254,0.2444889779559117
2025,01,TUR.57.10_1,0.026223003116657154,0.10621242484969938
2025,01,TUR.57.1_1,0.02811801399473338,0.12224448897795602
2025,01,TUR.57.2_1,0.02766205245380966,0.11823647294589178
2025,01,TUR.57.3_1,0.0262230031166572,0.10621242484969938
2025,01,TUR.57.4_1,0.025066483999070417,0.09719438877755508
2025,01,TUR.57.5_1,0.025717710011312477,0.10220440881763525
2025,01,TUR.57.6_1,0.026956373449295308,0.11222444889779569
2025,01,TUR.57.7_1,0.030240712502615532,0.14228456913827656
2025,01,TUR.57.8_1,0.027546283549806497,0.11723446893787574
2025,01,TUR.57.9_1,0.027312557164847512,0.11523046092184368
2025,01,TUR.58.10_1,0.014220139498564687,0.03507014028056115
2025,01,TUR.58.1_1,0.018845166403477935,0.05711422845691388
2025,01,TUR.58.2_1,0.019921030331542154,0.06312625250500996
2025,01,TUR.58.3_1,0.018282324795874147,0.05410821643286578
2025,01,TUR.58.4_1,0.005884629141412444,0.009018036072144296
2025,01,TUR.58.5_1,0.007587078074263241,0.013026052104208428
2025,01,TUR.58.6_1,0.015387414363295555,0.040080160320641316
2025,01,TUR.58.7_1,0.011587174157150451,0.025050100200400823
2025,01,TUR.58.8_1,0.013976205076585766,0.03406813627254512
2025,01,TUR.58.9_1,0.01583212009887519,0.04208416833667338
2025,01,TUR.59.10_1,0.044709142500335565,0.4509018036072145
2025,01,TUR.59.11_1,0.043131914956911516,0.36472945891783565
2025,01,TUR.59.12_1,0.041741657236556,0.32164328657314634
2025,01,TUR.59.1_1,0.04491178483946203,0.48296593186372744
2025,01,TUR.59.2_1,0.04244126750596147,0.3416833667334669
2025,01,TUR.59.3_1,0.0449354775136431,0.503006012024048
2025,01,TUR.59.4_1,0.03606723621772736,0.21242484969939876
2025,01,TUR.59.5_1,0.03898812616854865,0.2605210420841683
2025,01,TUR.59.6_1,0.042068160212582584,0.33066132264529063
2025,01,TUR.59.7_1,0.044699523954160006,0.44989979959919835
2025,01,TUR.59.8_1,0.040464534844551175,0.2905811623246492
2025,01,TUR.59.9_1,0.04403816871690406,0.40380761523046094
2025,01,TUR.6.1_1,0.030240712502615525,0.14228456913827656
2025,01,TUR.6.2_1,0.028672507358848354,0.12725450901803606
2025,01,TUR.6.3_1,0.027312557164847498,0.11523046092184368
2025,01,TUR.6.4_1,0.027546283549806507,0.11723446893787574
2025,01,TUR.6.5_1,0.027075858437251816,0.1132264529058115
2025,01,TUR.6.6_1,0.03102345930877945,0.15030060120240482
2025,01,TUR.6.7_1,0.0305383876201467,0.14529058116232466
2025,01,TUR.60.1_1,0.01710030516257021,0.04809619238476958
2025,01,TUR.60.2_1,0.021744105281793165,0.07414829659318632
2025,01,TUR.60.3_1,0.01828232479587426,0.05410821643286578
2025,01,TUR.60.4_1,0.014697139014456682,0.037074148296593216
2025,01,TUR.60.5_1,0.016687896375087496,0.046092184368737514
2025,01,TUR.60.6_1,0.013220851858281838,0.03106212424849702
2025,01,TUR.61.1_1,0.025972048296596946,0.10420841683366731
2025,01,TUR.61.2_1,0.027312557164847505,0.11523046092184368
2025,01,TUR.61.3_1,0.022668520299846485,0.08016032064128252
2025,01,TUR.61.4_1,0.026097943394769067,0.10521042084168335
2025,01,TUR.61.5_1,0.028005075663230898,0.12124248496993976
2025,01,TUR.61.6_1,0.02942144854834706,0.1342685370741483
2025,01,TUR.61.7_1,0.023260609712008714,0.08416833667334665
2025,01,TUR.61.8_1,0.02584530739365444,0.10320641282565128
2025,01,TUR.62.1_1,0.025589245220572862,0.10120240480961921
2025,01,TUR.62.2_1,0.027546283549806504,0.11723446893787574
2025,01,TUR.62.3_1,0.022211972370956484,0.07715430861723442
2025,01,TUR.62.4_1,0.025198533109430363,0.09819639278557112
2025,01,TUR.62.5_1,0.021901355636606723,0.075150300601202355
2025,01,TUR.62.6_1,0.023975643714878814,0.08917835671342682
2025,01,TUR.63.10_1,0.02411547542841867,0.09018036072144285
2025,01,TUR.63.11_1,0.03083106107776168,0.14829659318637275
2025,01,TUR.63.12_1,0.030538387620146698,0.14529058116232466
2025,01,TUR.63.13_1,0.030734051240935423,0.14729458917835672
2025,01,TUR.63.14_1,0.03342479158883788,0.1773547094188377
2025,01,TUR.63.15_1,0.019391020454336164,0.06012024048096198
2025,01,TUR.63.16_1,0.03627210338175869,0.21543086172344697
2025,01,TUR.63.17_1,0.02845272201250925,0.125250501002004
2025,01,TUR.63.18_1,0.03647379985239164,0.21843687374749496
2025,01,TUR.63.1_1,0.025589245220572873,0.10120240480961921
2025,01,TUR.63.2_1,0.024392087790225513,0.09218436873747492
2025,01,TUR.63.3_1,0.03168027796489126,0.15731462925851705
2025,01,TUR.63.4_1,0.03073405124093546,0.14729458917835672
2025,01,TUR.63.5_1,0.034843991792041,0.1953907815631263
2025,01,TUR.63.6_1,0.025589245220572862,0.10120240480961921
2025,01,TUR.63.7_1,0.036406917078049765,0.21743486973947893
2025,01,TUR.63.8_1,0.03140189144519443,0.15430861723446895
2025,01,TUR.63.9_1,0.03578906391308239,0.20841683366733474
2025,01,TUR.64.1_1,0.02993790568236586,0.13927855711422846
2025,01,TUR.64.2_1,0.032662932057324005,0.16833667334669342
2025,01,TUR.64.3_1,0.03257599555835811,0.16733466933867738
2025,01,TUR.64.4_1,0.03300605504718017,0.17234468937875744
2025,01,TUR.64.5_1,0.03454008663826591,0.19138276553106218
2025,01,TUR.64.6_1,0.03521506562850802,0.20040080160320647
2025,01,TUR.64.7_1,0.03877212344211008,0.2565130260521042
2025,01,TUR.65.10_1,0.03292096135954542,0.17134268537074152
2025,01,TUR.65.11_1,0.027429787789472807,0.1162324649298596
2025,01,TUR.65.12_1,0.037436301303507676,0.23346693386773534
2025,01,TUR.65.1_1,0.021744105281793172,0.07414829659318632
2025,01,TUR.65.2_1,0.015832120098875174,0.04208416833667338
2025,01,TUR.65.3_1,0.02597204829659693,0.10420841683366731
2025,01,TUR.65.4_1,0.043318705853011966,0.3717434869739479
2025,01,TUR.65.5_1,0.027777102344623803,0.1192384769539077
2025,01,TUR.65.6_1,0.026470656961829566,0.10821643286573145
2025,01,TUR.65.7_1,0.0234057874500639,0.08517034068136269
2025,01,TUR.65.8_1,0.012695918168465261,0.029058116232464844
2025,01,TUR.65.9_1,0.04293430730455368,0.3577154308617234
2025,01,TUR.66.10_1,0.03718696410410585,0.22945891783567132
2025,01,TUR.66.11_1,0.04102956208028715,0.30360721442885763
2025,01,TUR.66.12_1,0.039999793861831126,0.280561122244489
2025,01,TUR.66.13_1,0.035859149967226014,0.20941883767535066
2025,01,TUR.66.1_1,0.036135880523205335,0.2134268537074148
2025,01,TUR.66.2_1,0.04050955188380271,0.29158316633266523
2025,01,TUR.66.3_1,0.0374363013035077,0.23346693386773534
2025,01,TUR.66.4_1,0.03826877246779929,0.24749498997995992
2025,01,TUR.66.5_1,0.03803717943351835,0.24348697394789579
2025,01,TUR.66.6_1,0.04032790563471893,0.2875751503006012
2025,01,TUR.66.7_1,0.040987635492722586,0.3026052104208417
2025,01,TUR.66.8_1,0.039558392038460094,0.2715430861723447
2025,01,TUR.66.9_1,0.04098763549272256,0.3026052104208417
2025,01,TUR.67.10_1,0.03749782275340515,0.2344689378757515
2025,01,TUR.67.11_1,0.03222352781522761,0.16332665330661325
2025,01,TUR.67.12_1,0.03564779446325792,0.20641282565130267
2025,01,TUR.67.13_1,0.03930344510494174,0.2665330661322645
2025,01,TUR.67.14_1,0.030340501171692583,0.1432865731462926
2025,01,TUR.67.15_1,0.035215065628508,0.20040080160320647
2025,01,TUR.67.1_1,0.03407213719838784,0.18537074148296598
2025,01,TUR.67.2_1,0.0314018914451945,0.15430861723446895
2025,01,TUR.67.3_1,0.030039419784473272,0.1402805611222445
2025,01,TUR.67.4_1,0.036996506011050985,0.22645290581162333
2025,01,TUR.67.5_1,0.037860232540010676,0.24048096192384757
2025,01,TUR.67.6_1,0.030140353701167032,0.14128256513026052
2025,01,TUR.67.7_1,0.03213421336437076,0.16232464929859722
2025,01,TUR.67.8_1,0.028781414078247664,0.1282565130260521
2025,01,TUR.67.9_1,0.03571861272062172,0.2074148296593187
2025,01,TUR.68.10_1,0.03454008663826589,0.19138276553106218
2025,01,TUR.68.11_1,0.028005075663230898,0.12124248496993976
2025,01,TUR.68.1_1,0.03317488699465887,0.1743486973947895
2025,01,TUR.68.2_1,0.03627210338175869,0.21543086172344697
2025,01,TUR.68.3_1,0.035647794463257956,0.20641282565130267
2025,01,TUR.68.4_1,0.031118856483700396,0.15130260521042085
2025,01,TUR.68.5_1,0.035360811414559705,0.20240480961923832
2025,01,TUR.68.6_1,0.03350721333440814,0.17835671342685364
2025,01,TUR.68.7_1,0.03317488699465892,0.1743486973947895
2025,01,TUR.68.8_1,0.032835411739094406,0.17034068136272537
2025,01,TUR.68.9_1,0.026593270780774413,0.10921843687374748
2025,01,TUR.69.1_1,0.025845307393654413,0.10320641282565128
2025,01,TUR.69.2_1,0.02558924522057284,0.10120240480961921
2025,01,TUR.69.3_1,0.022211972370956495,0.07715430861723442
2025,01,TUR.69.4_1,0.028672507358848364,0.12725450901803606
2025,01,TUR.69.5_1,0.025717710011312542,0.10220440881763525
2025,01,TUR.69.6_1,0.014697139014456724,0.037074148296593216
2025,01,TUR.69.7_1,0.02060480013871598,0.0671342685370742
2025,01,TUR.7.10_1,0.03053838762014669,0.14529058116232466
2025,01,TUR.7.11_1,0.02493350870553614,0.09619238476953905
2025,01,TUR.7.12_1,0.026593270780774413,0.10921843687374748
2025,01,TUR.7.13_1,0.028672507358848343,0.12725450901803606
2025,01,TUR.7.14_1,0.025329668374153774,0.09919839679358715
2025,01,TUR.7.15_1,0.027075858437251826,0.1132264529058115
2025,01,TUR.7.16_1,0.02867250735884836,0.12725450901803606
2025,01,TUR.7.17_1,0.028118013994733383,0.12224448897795602
2025,01,TUR.7.18_1,0.024799594579291765,0.09519038076152302
2025,01,TUR.7.19_1,0.025717710011312598,0.10220440881763525
2025,01,TUR.7.1_1,0.02479959457929187,0.09519038076152302
2025,01,TUR.7.20_1,0.029210616527828543,0.13226452905811623
2025,01,TUR.7.21_1,0.027546283549806497,0.11723446893787574
2025,01,TUR.7.22_1,0.029421448548347058,0.1342685370741483
2025,01,TUR.7.23_1,0.029316341692963908,0.13326653306613226
2025,01,TUR.7.24_1,0.031023459308779453,0.15030060120240482
2025,01,TUR.7.2_1,0.028230263129052656,0.12324649298597194
2025,01,TUR.7.3_1,0.027075858437251833,0.1132264529058115
2025,01,TUR.7.4_1,0.02888967210714495,0.12925851703406813
2025,01,TUR.7.5_1,0.028781414078247757,0.1282565130260521
2025,01,TUR.7.6_1,0.025066483999070355,0.09719438877755508
2025,01,TUR.7.7_1,0.030831061077761773,0.14829659318637275
2025,01,TUR.7.8_1,0.02439208779022552,0.09218436873747492
2025,01,TUR.7.9_1,0.02845272201250927,0.125250501002004
2025,01,TUR.70.1_1,0.03430795101871431,0.18837675350701397
2025,01,TUR.70.2_1,0.03342479158883791,0.1773547094188377
2025,01,TUR.70.3_1,0.030039419784473307,0.1402805611222445
2025,01,TUR.70.4_1,0.03334193188399732,0.17635270541082157
2025,01,TUR.70.5_1,0.033992703532526855,0.18436873747494983
2025,01,TUR.70.6_1,0.0320444128941867,0.16132264529058118
2025,01,TUR.70.7_1,0.03550504892848514,0.2044088176352705
2025,01,TUR.70.8_1,0.03158799225759023,0.15631262525050102
2025,01,TUR.70.9_1,0.0353608114145597,0.20240480961923832
2025,01,TUR.71.1_1,0.011872337899935323,0.026052104208416856
2025,01,TUR.71.2_1,0.027777102344623775,0.1192384769539077
2025,01,TUR.71.3_1,0.02506648399907035,0.09719438877755508
2025,01,TUR.71.4_1,0.030039419784473297,0.1402805611222445
2025,01,TUR.71.5_1,0.021744105281793134,0.07414829659318632
2025,01,TUR.71.6_1,0.028997287752026937,0.13026052104208416
2025,01,TUR.71.7_1,0.018659500671422427,0.056112224448897845
2025,01,TUR.72.10_1,0.020436210031917805,0.06613226452905806
2025,01,TUR.72.11_1,0.021101596360351728,0.07014028056112219
2025,01,TUR.72.12_1,0.023260609712008714,0.08416833667334665
2025,01,TUR.72.13_1,0.0231143123449315,0.08316633266533062
2025,01,TUR.72.14_1,0.01750317614569477,0.050100200400801646
2025,01,TUR.72.15_1,0.020604800138715927,0.0671342685370742
2025,01,TUR.72.16_1,0.023114312344931474,0.08316633266533062
2025,01,TUR.72.17_1,0.019921030331542026,0.06312625250500996
2025,01,TUR.72.1_1,0.016895327312381005,0.04709418837675355
2025,01,TUR.72.2_1,0.01828232479587419,0.05410821643286578
2025,01,TUR.72.3_1,0.01992103033154212,0.06312625250500996
2025,01,TUR.72.4_1,0.02126430020890894,0.07114228456913822
2025,01,TUR.72.5_1,0.0225175595072992,0.07915831663326649
2025,01,TUR.72.6_1,0.013976205076585667,0.03406813627254512
2025,01,TUR.72.7_1,0.01789702611382554,0.05210420841683371
2025,01,TUR.72.8_1,0.01939102045433616,0.06012024048096198
2025,01,TUR.72.9_1,0.0192108831568253,0.05911823647294583
2025,01,TUR.73.1_1,0.025589245220572855,0.10120240480961921
2025,01,TUR.73.2_1,0.02506648399907025,0.09719438877755508
2025,01,TUR.73.3_1,0.02571771001131259,0.10220440881763525
2025,01,TUR.73.4_1,0.024254285194864902,0.09118236472945888
2025,01,TUR.73.5_1,0.027891440905278793,0.12024048096192395
2025,01,TUR.73.6_1,0.026593270780774413,0.10921843687374748
2025,01,TUR.73.7_1,0.027546283549806504,0.11723446893787574
2025,01,TUR.73.8_1,0.025198533109430387,0.09819639278557112
2025,01,TUR.73.9_1,0.025329668374153812,0.09919839679358715
2025,01,TUR.74.10_1,0.028672507358848343,0.12725450901803606
2025,01,TUR.74.11_1,0.02411547542841863,0.09018036072144285
2025,01,TUR.74.12_1,0.028562945521100086,0.12625250501002003
2025,01,TUR.74.1_1,0.02296687739902798,0.08216432865731459
2025,01,TUR.74.2_1,0.024799594579291793,0.09519038076152302
2025,01,TUR.74.3_1,0.02383477487575465,0.08817635270541078
2025,01,TUR.74.4_1,0.030340501171692562,0.1432865731462926
2025,01,TUR.74.5_1,0.024115475428418673,0.09018036072144285
2025,01,TUR.74.6_1,0.026715088628979314,0.11022044088176362
2025,01,TUR.74.7_1,0.02671508862897925,0.11022044088176362
2025,01,TUR.74.8_1,0.023260609712008714,0.08416833667334665
2025,01,TUR.74.9_1,0.024664728647610254,0.09418837675350698
2025,01,TUR.75.10_1,0.022668520299846458,0.08016032064128252
2025,01,TUR.75.11_1,0.021744105281793127,0.07414829659318632
2025,01,TUR.75.12_1,0.03248859024938567,0.16633266533066135
2025,01,TUR.75.13_1,0.036204168980549394,0.21442885771543072
2025,01,TUR.75.14_1,0.026470656961829566,0.10821643286573145
2025,01,TUR.75.15_1,0.0305383876201467,0.14529058116232466
2025,01,TUR.75.16_1,0.022057303704146637,0.07615230460921839
2025,01,TUR.75.17_1,0.032400712790838004,0.16533066132264532
2025,01,TUR.75.18_1,0.031213724766442043,0.1523046092184369
2025,01,TUR.75.1_1,0.03257599555835811,0.16733466933867738
2025,01,TUR.75.2_1,0.02221197237095648,0.07715430861723442
2025,01,TUR.75.3_1,0.03222352781522761,0.16332665330661325
2025,01,TUR.75.4_1,0.03469283266576516,0.19338677354709424
2025,01,TUR.75.5_1,0.033424791588837856,0.1773547094188377
2025,01,TUR.75.6_1,0.016895327312381036,0.04709418837675355
2025,01,TUR.75.7_1,0.03073405124093535,0.14729458917835672
2025,01,TUR.75.8_1,0.021101596360351728,0.07014028056112219
2025,01,TUR.75.9_1,0.024799594579291803,0.09519038076152302
2025,01,TUR.76.1_1,0.024799594579291855,0.09519038076152302
2025,01,TUR.76.2_1,0.022057303704146644,0.07615230460921839
2025,01,TUR.76.3_1,0.021744105281793144,0.07414829659318632
2025,01,TUR.76.4_1,0.0171003051625701,0.04809619238476958
2025,01,TUR.76.5_1,0.016477939265908577,0.04509018036072148
2025,01,TUR.76.6_1,0.014930472193894853,0.03807615230460925
2025,01,TUR.76.7_1,0.02519853310943038,0.09819639278557112
2025,01,TUR.76.8_1,0.013976205076585672,0.03406813627254512
2025,01,TUR.77.1_1,0.033006055047180266,0.17234468937875744
2025,01,TUR.77.2_1,0.035859149967226014,0.20941883767535066
2025,01,TUR.77.3_1,0.037123809634577565,0.22845691382765518
2025,01,TUR.77.4_1,0.034072137198387864,0.18537074148296598
2025,01,TUR.77.5_1,0.035718612720621705,0.2074148296593187
2025,01,TUR.77.6_1,0.033992703532526855,0.18436873747494983
2025,01,TUR.78.10_1,0.014930472193894739,0.03807615230460925
2025,01,TUR.78.11_1,0.012426447213732159,0.028056112224448922
2025,01,TUR.78.12_1,0.008712041767515503,0.016032064128256526
2025,01,TUR.78.1_1,0.009064730120010026,0.01703406813627256
2025,01,TUR.78.2_1,0.010385097113471664,0.02104208416833669
2025,01,TUR.78.3_1,0.011587174157150442,0.025050100200400823
2025,01,TUR.78.4_1,0.009741699941709158,0.019038076152304625
2025,01,TUR.78.5_1,0.023260609712008714,0.08416833667334665
2025,01,TUR.78.6_1,0.01347672572386051,0.03206412825651305
2025,01,TUR.78.7_1,0.01884516640347795,0.05711422845691388
2025,01,TUR.78.8_1,0.009741699941709156,0.019038076152304625
2025,01,TUR.78.9_1,0.018471902775963597,0.05511022044088181
2025,01,TUR.79.1_1,0.04059880165840478,0.2935871743486973
2025,01,TUR.79.2_1,0.041029562080287144,0.30360721442885763
2025,01,TUR.79.3_1,0.04041925532205432,0.28957915831663317
2025,01,TUR.79.4_1,0.04086033180906676,0.2995991983967936
2025,01,TUR.79.5_1,0.041112657511998565,0.3056112224448897
2025,01,TUR.79.6_1,0.03990362322256468,0.2785571142284569
2025,01,TUR.8.10_1,0.02647065696182956,0.10821643286573145
2025,01,TUR.8.11_1,0.01372845336090046,0.033066132264529084
2025,01,TUR.8.12_1,0.01956939834795702,0.06112224448897801
2025,01,TUR.8.13_1,0.019746055815334274,0.06212424849699404
2025,01,TUR.8.14_1,0.02266852029984654,0.08016032064128252
2025,01,TUR.8.15_1,0.022365383809134158,0.07815631262525045
2025,01,TUR.8.1_1,0.014697139014456653,0.037074148296593216
2025,01,TUR.8.2_1,0.013728453360900516,0.033066132264529084
2025,01,TUR.8.3_1,0.01668789637508754,0.046092184368737514
2025,01,TUR.8.4_1,0.018282324795874286,0.05410821643286578
2025,01,TUR.8.5_1,0.020937463855137714,0.06913827655310616
2025,01,TUR.8.6_1,0.01583212009887518,0.04208416833667338
2025,01,TUR.8.7_1,0.015160525866139276,0.03907815631262528
2025,01,TUR.8.8_1,0.026956373449295305,0.11222444889779569
2025,01,TUR.8.9_1,0.023114312344931467,0.08316633266533062
2025,01,TUR.80.10_1,0.02354986300012813,0.08617234468937872
2025,01,TUR.80.11_1,0.027891440905278786,0.12024048096192395
2025,01,TUR.80.12_1,0.02789144090527874,0.12024048096192395
2025,01,TUR.80.13_1,0.027312557164847498,0.11523046092184368
2025,01,TUR.80.14_1,0.028118013994733383,0.12224448897795602
2025,01,TUR.80.1_1,0.02369285331449491,0.08717434869739475
2025,01,TUR.80.2_1,0.027891440905278748,0.12024048096192395
2025,01,TUR.80.3_1,0.02439208779022552,0.09218436873747492
2025,01,TUR.80.4_1,0.02311431234493149,0.08316633266533062
2025,01,TUR.80.5_1,0.02251755950729916,0.07915831663326649
2025,01,TUR.80.6_1,0.027194583498260733,0.11422845691382753
2025,01,TUR.80.7_1,0.027075858437251823,0.1132264529058115
2025,01,TUR.80.8_1,0.02647065696182955,0.10821643286573145
2025,01,TUR.80.9_1,0.0253296683741539,0.09919839679358715
2025,01,TUR.81.1_1,0.03914707730058035,0.2635270541082164
2025,01,TUR.81.2_1,0.03925160781713166,0.2655310621242485
2025,01,TUR.81.3_1,0.03557660719068578,0.20541082164328653
2025,01,TUR.81.4_1,0.03673787677395961,0.2224448897795591
2025,01,TUR.81.5_1,0.0380371794335184,0.24348697394789579
2025,01,TUR.81.6_1,0.038211334990488746,0.246492985971944
2025,01,TUR.9.1_1,0.013476725723860411,0.03206412825651305
2025,01,TUR.9.2_1,0.011296213592237654,0.02404809619238479
2025,01,TUR.9.3_1,0.015160525866139233,0.03907815631262528
2025,01,TUR.9.4_1,0.010999127819863097,0.023046092184368757
2025,01,TUR.9.5_1,0.010999127819863124,0.023046092184368757
2025,01,TUR.9.6_1,0.013220851858281825,0.03106212424849702
2025,01,UKR.14.10_1,0.03550504892848518,0.2044088176352705
2025,01,UKR.14.18_1,0.0349189819928164,0.19639278557114234
2025,01,UKR.14.19_1,0.0314951980686073,0.155310621242485
2025,01,UKR.14.22_1,0.03177205908137903,0.15831663326653309
2025,01,UKR.14.23_1,0.03257599555835813,0.16733466933867738
2025,01,UKR.14.7_1,0.032920961359545496,0.17134268537074152
2025,01,UKR.17.11_1,0.03945725720745003,0.2695390781563126
2025,01,UKR.17.12_1,0.04139560672745636,0.31262525050100204
2025,01,UKR.17.22_1,0.03935499843274611,0.26753507014028055
2025,01,UKR.23.10_1,0.03177205908137902,0.15831663326653309
2025,01,UKR.23.11_1,0.032835411739094406,0.17034068136272537
2025,01,UKR.23.12_1,0.03606723621772734,0.21242484969939876
2025,01,UKR.23.13_1,0.03158799225759021,0.15631262525050102
2025,01,UKR.23.15_1,0.033912851052170886,0.1833667334669339
2025,01,UKR.23.1_1,0.036473799852391645,0.21843687374749496
2025,01,UKR.23.3_1,0.033258631329692014,0.17535070140280565
2025,01,UKR.23.7_1,0.04307656514524692,0.3627254509018036
2025,01,UKR.23.8_1,0.02952594283921823,0.13527054108216433
2025,01,UKR.25.16_1,0.03606723621772734,0.21242484969939876
2025,01,UKR.25.19_1,0.03446311269826633,0.19038076152304603
2025,01,UKR.25.2_1,0.03499358228034869,0.19739478957915838
2025,01,UKR.25.8_1,0.03454008663826589,0.19138276553106218
2025,01,UKR.3.10_1,0.042725746852398785,0.3507014028056112
2025,01,UKR.3.2_1,0.033258631329692014,0.17535070140280565
2025,01,UKR.3.6_1,0.03536081141455972,0.20240480961923832
2025,01,UKR.3.7_1,0.029421448548347058,0.1342685370741483
2025,01,UKR.3.9_1,0.03422975840493736,0.18737474949899793
2025,01,UKR.7.16_1,0.02742978778947279,0.1162324649298596
2025,01,XAD.1_1,0.04491484578327637,0.48396793587174347
2025,01,XAD.2_1,0.04481600969971237,0.4639278557114229
2025,01,XKO.1.1_1,0.03222352781522754,0.16332665330661325
2025,01,XKO.1.2_1,0.024528897602858455,0.09318637274549095
2025,01,XKO.1.3_1,0.030831061077761717,0.14829659318637275
2025,01,XKO.2.1_1,0.03158799225759021,0.15631262525050102
2025,01,XKO.2.2_1,0.03149519806860733,0.155310621242485
2025,01,XKO.2.3_1,0.031954122803956264,0.16032064128256515
2025,01,XKO.3.1_1,0.029316341692963908,0.13326653306613226
2025,01,XKO.3.2_1,0.028562945521100093,0.12625250501002003
2025,01,XKO.3.3_1,0.031118856483700396,0.15130260521042085
2025,01,XKO.3.4_1,0.032400712790838025,0.16533066132264532
2025,01,XKO.3.5_1,0.02910426720119381,0.1312625250501002
2025,01,XKO.3.6_1,0.031308068371355614,0.15330661322645292
2025,01,XKO.4.1_1,0.0281180139947334,0.12224448897795602
2025,01,XKO.4.2_1,0.03274940303677261,0.16933867735470945
2025,01,XKO.4.3_1,0.0281180139947334,0.12224448897795602
2025,01,XKO.5.1_1,0.011587174157150429,0.025050100200400823
2025,01,XKO.5.2_1,0.013220851858281838,0.03106212424849702
2025,01,XKO.5.3_1,0.0129606485323873,0.03006012024048099
2025,01,XKO.5.4_1,0.015387414363295514,0.040080160320641316
2025,01,XKO.5.5_1,0.013476725723860406,0.03206412825651305
2025,01,XKO.5.6_1,0.013220851858281825,0.03106212424849702
2025,01,XKO.5.7_1,0.011296213592237649,0.02404809619238479
2025,01,XKO.6.1_1,0.009407714300342478,0.01803607214428859
2025,01,XKO.6.2_1,0.01242644721373206,0.028056112224448922
2025,01,XKO.6.3_1,0.012152004264982027,0.02705410821643289
2025,01,XKO.6.4_1,0.013476725723860408,0.03206412825651305
2025,01,XKO.7.1_1,0.031495198068607295,0.155310621242485
2025,01,XKO.7.2_1,0.03204441289418672,0.16132264529058118
2025,01,XKO.7.3_1,0.02845272201250924,0.125250501002004
2025,01,XKO.7.4_1,0.03140189144519447,0.15430861723446895
2025,01,ZNC.1_1,0.04458047484832929,0.438877755511022
2025,01,ZNC.2_1,0.04256998880442952,0.345691382765531
2025,01,ZNC.3_1,0.044626579844275684,0.4428857715430861
2025,01,ZNC.4_1,0.04420164609122567,0.4128256513026051
2025,01,ZNC.5_1,0.038662359054895,0.2545090180360721
