ID_0,est,se
ALB,0,0
ARG,0.089,0.2848862231842041
AUT,0,0
BEL,0,0
BGR,0,0
CHN,0,0
DEU,0,0
DOM,0.019,0.13659303663678343
ESP,0,0
FRA,0,0
GRC,0,0
GTM,0.157,0.3639828065767441
HND,0.771,0.4203994954037597
HRV,0,0
HUN,0,0
IND,0.095,0.39304222740500433
ITA,0,0
MEX,0.679,1.9476375575998328
NLD,0,0
PAK,0.18,0.5726499174259331
PER,1.586,0.8107165110328401
ROU,0,0
SRB,0,0
SVN,0,0
TUR,0,0
USA,0.056,0.2300367729666649
VEN,0.199,0.39944781706570703
XKO,0,0
