year,month,gid_1,est,se
2020,07,ESP.1_1,0.21665798884758006,0.33045456642205073
2020,07,ESP.10_1,0.19352551506034224,0.3357683181681586
2020,07,ESP.11_1,0.14159665702318133,0.2879630928076061
2020,07,ESP.12_1,0.2849683814689318,0.25349441300211345
2020,07,ESP.13_1,0.2871705508474577,0.4230964394596708
2020,07,ESP.14_1,0.09690609732230604,0.23804095413511722
2020,07,ESP.15_1,0.21248516949152546,0.36078451991690785
2020,07,ESP.16_1,0.1819973643061555,0.4340454778507679
2020,07,ESP.17_1,0.4880847457627119,0.49842453647777607
2020,07,ESP.18_1,0.2293156779661017,0.3769189791276868
2020,07,ESP.2_1,0.12152847328468809,0.3600853760264825
2020,07,ESP.3_1,0.21353707627118645,0.3618327170312898
2020,07,ESP.4_1,0,0.31420829521781063
2020,07,ESP.5_1,0.1165095636430766,0.3080222696076701
2020,07,ESP.6_1,0.3294997301916697,0.26165399637169684
2020,07,ESP.7_1,0,0.27615795111139274
2020,07,ESP.8_1,0.5764449152542375,0.49699214014424936
2020,07,ESP.9_1,0,0.4347935074348207
