year,month,gid_1,est,se
2020,07,ESP.1_1,0.2214524104098928,0.33266738696499754
2020,07,ESP.10_1,0.18010572863961802,0.3237680113809701
2020,07,ESP.11_1,0.1660430743635411,0.27037122280941106
2020,07,ESP.12_1,0.2905773459053213,0.26986424942348847
2020,07,ESP.13_1,0.2664584647739222,0.4110216088488249
2020,07,ESP.14_1,0.12710986847375702,0.23905913742129714
2020,07,ESP.15_1,0.23017034700315459,0.3807386060954265
2020,07,ESP.16_1,0.16319115981188742,0.4190963281130363
2020,07,ESP.17_1,0.4644879074658254,0.4964116808629694
2020,07,ESP.18_1,0.20736067297581495,0.3586635654251701
2020,07,ESP.2_1,0.14397200815721592,0.35791344637462763
2020,07,ESP.3_1,0.2011398527865405,0.352191453575093
2020,07,ESP.4_1,0.15675343989552507,0.3082214414469922
2020,07,ESP.5_1,0.13339536601549853,0.2926689032727876
2020,07,ESP.6_1,0.3534992827717745,0.2560898495768337
2020,07,ESP.7_1,0.11923238696109359,0.24400913315521533
2020,07,ESP.8_1,0.527732912723449,0.5001359082353147
2020,07,ESP.9_1,0,0.447145897164579
