year,month,gid_1,est,se
2020,07,ESP.10_1,0.2816695151748743,0.8557063871316691
2020,07,ESP.2_1,0.09103117911551521,0.3101493110639136
2020,07,ESP.6_1,0.40536141024261896,0.666285940924852
