year,month,gid_2,est,se
2017,06,ESP.10.1_1,8.928121866176697e-4,0.0507076197605057
2017,06,ESP.10.2_1,0.006706317198424664,0.12645326139914917
2017,06,ESP.10.3_1,4.692148065561738e-4,0.026649239732027215
2017,06,ESP.15.1_1,0.0018402923004583183,0.07386989015253885
2017,06,ESP.18.1_1,0.002326397800819027,0.058971325310727477
2017,06,ESP.2.1_1,2.979231988057143e-4,0.016920665409043065
2017,06,ESP.2.2_1,0.0019779895734306917,0.045747981444188984
2017,06,ESP.2.3_1,0.0016442790276853113,0.0380297487196297
2017,06,ESP.4.1_1,0.002069677998422997,0.04786859948057212
2017,06,ESP.4.3_1,0.002039590469656742,0.04365147763956055
2017,06,ESP.4.4_1,0,0
2017,06,ESP.5.7_1,0.002760983123799171,0.06385746740626551
2017,06,ESP.6.1_1,0,0
2017,06,ESP.6.2_1,0,0
2017,06,ESP.6.3_1,0.0026924986811962506,0.057625071172530386
2017,06,ESP.6.4_1,0.001528192397077502,0.06134210553179291
2017,06,ESP.9.1_1,0,0
2017,06,FRA.10.11_1,0.006440283514251805,0.10973297681625202
2017,06,FRA.11.11_1,0.004464285714285714,0.1265849360440579
2017,06,FRA.11.6_1,0.012692851690406714,0.16846476024082807
2017,06,FRA.11.7_1,0.010011271102714586,0.1789934713549592
