ID_0,est,se
ALB,0.98233363924642,0.3357128003039103
ARG,0.4523630615344,0.24767419376396618
AUT,0.295894,0.03487278870630441
BEL,0,0
BGR,0.999999074003462,0.38527248006557907
BIH,0.833333824,0.3958500501532582
BRA,0.6193203220000001,0.3556861521379372
CHE,0.739995437,0.4692309921783069
CHN,0.907289820215456,0.17205089226604525
COL,0.903,0.296105857217784
DEU,0.602,0.24486518527336415
ESP,0.9999999999993551,0.0919790682666485
FJI,0.9998878207704748,0.4813893805805605
FRA,0.9997929523377729,0.3002034789231785
GRC,0.29600000000000004,0.15223979352492004
GTM,0.7998000000000001,0.49742769031600187
HND,0.45500000000000007,0.4982200550190881
HRV,0.9994328118975195,0.432239873246011
HUN,0.9987222278141915,0.26311709676280437
IND,0.49148757199999993,0.28981282493724797
ITA,1,0.28301667966239763
KOR,0.931492,0.4192745084664997
LKA,0.276,0.44724045436881493
MEX,0.28268399999999994,0.3420524350452513
MMR,0.547,0.4980351785155734
NLD,0.673515,0.0024213657283143767
PAK,0,0
PAN,0.125,0.33088439746304826
PER,0,0
PRT,0.98604517825,0.46676533618312266
PSE,0.20300000000000007,0.402433787041984
ROU,0.6045376,0.3476755533338151
SLB,0.475,0.499624483612067
SRB,0.8638622865811041,0.37803810794408765
SVN,0.890554911296,0.3227561860730144
THA,0.608,0.4884409632438444
TUR,0.9999999115728664,0.3863179938637067
USA,0.6619920261417052,0.11866152507293765
XKO,0.32200000000000006,0.46747677432631296
ZAF,0.10599999999999998,0.30799165387857325
