ID_0,est,se
ALB,2.476,2.014276801823462
ARG,0.538,1.2383709688198308
AUT,0.315,0.6974557741260883
BEL,0,0
BGR,9.417,10.402356961770636
BIH,1.172,1.1875501504597747
BRA,0.732,1.0670584564138115
CHE,1.067,1.4076929765349206
CHN,1.275,1.0323053535962714
COL,0.903,0.296105857217784
DEU,0.602,0.4897303705467283
ESP,8.355,4.874890618132371
FJI,5.724,4.332504425225045
FRA,5.706,6.904680015233105
GRC,0.296,0.45671938057476014
GTM,1.105,0.9948553806320037
HND,0.455,0.4982200550190881
HRV,5.369,6.051358225444154
HUN,5.242,8.41974709640974
IND,0.593,1.1592512997489919
ITA,25.230999999999998,31.131834762863743
KOR,1.349,0.8385490169329994
LKA,0.276,0.44724045436881493
MEX,0.3,0.6841048700905026
MMR,0.547,0.4980351785155734
NLD,0.774,0.8595848335516036
PAK,0,0
PAN,0.125,0.33088439746304826
PER,0,0
PRT,2.537,1.8670613447324906
PSE,0.203,0.402433787041984
ROU,0.7010000000000001,1.0430266600014453
SLB,0.475,0.499624483612067
SRB,1.611,2.6462667556086132
SVN,1.443,1.6137809303650719
THA,0.608,0.4884409632438444
TUR,9.145,7.726359877274134
USA,0.814,1.8985844011670023
XKO,0.322,0.46747677432631296
ZAF,0.106,0.30799165387857325
