year,month,gid_1,est,se
2020,11,ESP.1_1,0.2638266493153853,0.2848245273769883
2020,11,ESP.10_1,0.4381191587893595,0.4962056487348482
2020,11,ESP.11_1,0,0.36869938257471246
2020,11,ESP.12_1,0,0.3779215548121706
2020,11,ESP.13_1,0.931,0.2535809600567505
2020,11,ESP.14_1,0,0.38596101807956
2020,11,ESP.15_1,0,0
2020,11,ESP.16_1,0,0.23824822736969586
2020,11,ESP.17_1,0,0.362085771753194
2020,11,ESP.18_1,0.479,0.49980877224075293
2020,11,ESP.2_1,0,0.17883303109296406
2020,11,ESP.3_1,0,0.3766973598273565
2020,11,ESP.4_1,0,0.02655859609490522
2020,11,ESP.5_1,0,0.3775636297148735
2020,11,ESP.6_1,0.398437802797955,0.4624694500775021
2020,11,ESP.7_1,0,0.37843653921656956
2020,11,ESP.8_1,0,0.17067257872642908
2020,11,ESP.9_1,0,0.03162277660168379
2020,11,ITA.1_1,0.08419177295873129,0.23440727675747322
2020,11,ITA.10_1,0.04364164788738316,0.0998098778954486
2020,11,ITA.11_1,0,0.18022729476665478
2020,11,ITA.13_1,0.044696818989810275,0.14332690202121287
2020,11,ITA.14_1,0.040640625586842616,0.16915524689097344
2020,11,ITA.15_1,0.04194731782811996,0.18417270278604714
2020,11,ITA.16_1,0.0032027104633577277,0.05679834303589029
2020,11,ITA.17_1,0,0
2020,11,ITA.18_1,0.079,0.26987373312686774
2020,11,ITA.19_1,0,0.3749394345485409
2020,11,ITA.2_1,0.060640667146773936,0.21420327912770556
2020,11,ITA.20_1,6.507206895304309e-4,0.014543272577138536
2020,11,ITA.3_1,0,0.020710091850034043
2020,11,ITA.4_1,0,0.1267186235399693
2020,11,ITA.5_1,0.19121965464437551,0.3416135887471134
2020,11,ITA.6_1,0.11082761580946576,0.2501316390928118
2020,11,ITA.7_1,0.00481909264860835,0.05313975710369873
2020,11,ITA.8_1,0.07775184364375108,0.19801933098397195
2020,11,ITA.9_1,0.05340781669798791,0.1484772340868864
