year,month,gid_1,est,se
2020,11,ESP.1_1,0.21417770340605916,0.2965800432762736
2020,11,ESP.10_1,0.36724996714175695,0.46218856610789616
2020,11,ESP.11_1,0,0.3458162758177248
2020,11,ESP.12_1,0,0.3225966160587384
2020,11,ESP.13_1,0.6487214885094472,0.4781456656627362
2020,11,ESP.14_1,0,0.3890050287047208
2020,11,ESP.15_1,0.004010642896503537,0.06315102371946743
2020,11,ESP.16_1,0.016374944576062242,0.22547399073391167
2020,11,ESP.17_1,0,0.32974910535783486
2020,11,ESP.18_1,0.5494580768209847,0.49794368266955824
2020,11,ESP.2_1,0.06377850521771641,0.20113052538665524
2020,11,ESP.3_1,0,0.3105382027642307
2020,11,ESP.4_1,0.005883447214033506,0.15768314545170303
2020,11,ESP.5_1,0,0.31771789103147624
2020,11,ESP.6_1,0.2733873130228629,0.42796256054241977
2020,11,ESP.7_1,0,0.3562695002006687
2020,11,ESP.8_1,0.05614900055104952,0.2300386132829324
2020,11,ESP.9_1,0.0020053214482517686,0.04469932847904386
