year,month,gid_1,est,se
2020,11,ESP.1_1,0,0.3660332442569882
2020,11,ESP.10_1,0,0.4567115328396685
2020,11,ESP.11_1,0,0.35927081670100575
2020,11,ESP.12_1,0,0.3537180715264784
2020,11,ESP.13_1,0,0.4941740836315145
2020,11,ESP.14_1,0,0.3903520920664611
2020,11,ESP.15_1,0,0.2029784901032899
2020,11,ESP.16_1,0,0.31857275546781555
2020,11,ESP.17_1,0,0.3658949209200795
2020,11,ESP.18_1,0.396,0.489357088038896
2020,11,ESP.2_1,0,0.2892025201023776
2020,11,ESP.3_1,0,0.36212126137588563
2020,11,ESP.4_1,0,0.2626979128202162
2020,11,ESP.5_1,0,0.3481189537203155
2020,11,ESP.6_1,0.07371851082014616,0.46291633823232037
2020,11,ESP.7_1,0,0.36212126137588563
2020,11,ESP.8_1,0,0.35129983782560226
2020,11,ESP.9_1,0,0.1888747169521972
