year,month,gid_1,est,se
2020,11,ESP.10_1,0.987,0.11333068359382575
2020,11,ESP.6_1,0.966,0.18131981931624816
