year,month,gid_2,se,est
2022,11,ALA.1.1_2,0.03667237233065546,0.22144288577154306
2022,11,ALA.1.2_2,0.037559021934399604,0.23547094188376752
2022,11,ALA.2.1_2,0.03791952713584329,0.24148296593186372
2022,11,ALA.2.2_2,0.03940626880286667,0.2685370741482966
2022,11,ALA.2.3_2,0.03699650601105096,0.22645290581162333
2022,11,ALA.2.4_2,0.03786023254001063,0.24048096192384757
2022,11,ALA.2.5_2,0.03809553972866254,0.2444889779559117
2022,11,ALA.2.6_2,0.03712380963457748,0.22845691382765518
2022,11,ALA.2.7_2,0.0368030407604271,0.22344689378757523
2022,11,ALA.2.8_2,0.03866235905489502,0.2545090180360721
2022,11,ALA.3.1_2,0.04023549635725001,0.28557114228456904
2022,11,ALB.1.1_1,0.16188631485108684,0.4708804490672469
2022,11,ALB.1.2_1,0.08010557606136544,0.5617521770435413
2022,11,ALB.1.3_1,0.13819512577361368,0.3451439095850876
2022,11,ALB.10.1_1,0.11983816843809877,0.49906379451652305
2022,11,ALB.10.2_1,0.1407609795368991,0.3664846083449973
2022,11,ALB.10.3_1,0.19296502777142402,0.5148282980098604
2022,11,ALB.11.1_1,0.12790508804394682,0.9444222917200994
2022,11,ALB.11.2_1,0.19163041064135783,0.8994749177046346
2022,11,ALB.12.1_1,0.0937371694328154,0.5305530930806354
2022,11,ALB.12.2_1,0.13465656077652385,0.5905793961889546
2022,11,ALB.12.3_1,0.17158912974713483,0.5740205152268167
2022,11,ALB.2.1_1,0.12030069354191424,0.3160833566125296
2022,11,ALB.2.2_1,0.16516097874852972,0.3073503085837417
2022,11,ALB.2.3_1,0.15952132462353025,0.3574340873848123
2022,11,ALB.3.1_1,0.15149000627938528,0.6178155078653206
2022,11,ALB.3.2_1,0.11416618008671031,0.49581818284296947
2022,11,ALB.4.1_1,0.22510799995797096,0.47690330168555334
2022,11,ALB.4.2_1,0.13949338372442757,0.3562250369467175
2022,11,ALB.4.3_1,0.1374351824159888,0.33441209002787886
2022,11,ALB.4.4_1,0.11517598614131079,0.5304478157662706
2022,11,ALB.5.1_1,0.1968091910166664,0.6885046808600348
2022,11,ALB.5.2_1,0.19135735039168808,0.6421992611895957
2022,11,ALB.5.3_1,0.14105961524831903,0.4944111989911225
2022,11,ALB.6.1_1,0.16544478550873543,0.4149697365750829
2022,11,ALB.6.2_1,0.1339353752991033,0.37370709676314506
2022,11,ALB.6.3_1,0.14530868476833678,0.4248676506758767
2022,11,ALB.7.1_1,0.09487973948664048,0.31428713840193745
2022,11,ALB.7.2_1,0.12167936381993574,0.32445289730833743
2022,11,ALB.7.3_1,0.1832188336649189,0.3645339504501117
2022,11,ALB.7.4_1,0.13381781845152682,0.38378464612310503
2022,11,ALB.8.1_1,0.08541306734263987,0.32645739984681554
2022,11,ALB.8.2_1,0.16442823290999006,0.30633335848103166
2022,11,ALB.8.3_1,0.12183608210920333,0.3346176863333047
2022,11,ALB.9.1_1,0.09239673611936455,0.4691979554358338
2022,11,ALB.9.2_1,0.14924016176453028,0.49946242333788393
2022,11,ALB.9.3_1,0.11797210069799056,0.385188294338914
2022,11,ALB.9.4_1,0.04431722316532629,0.41983967935871747
2022,11,AND.2_1,0.04220710644894092,0.33466933867735477
2022,11,AND.3_1,0.04098763549272251,0.3026052104208417
2022,11,AND.4_1,0.04454377845570234,0.4358717434869739
2022,11,AND.5_1,0.04081738689112669,0.2985971943887776
2022,11,AND.6_1,0.04418431087589444,0.5861723446893787
2022,11,AND.7_1,0.035859149967226014,0.20941883767535066
2022,11,ARM.1_1,0.04059880165840478,0.2935871743486973
2022,11,ARM.2_1,0.03383257713374817,0.18236472945891777
2022,11,ARM.3_1,0.03731228588703089,0.23146292585170328
2022,11,ARM.8_1,0.0320444128941867,0.16132264529058118
2022,11,AUT.1.1_2,0.21794928902358146,0.3932938261171714
2022,11,AUT.1.2_2,0.10080846515142215,0.4480527451615236
2022,11,AUT.1.3_2,0.3375792521451454,0.3388594820690994
2022,11,AUT.1.4_2,0.24493609822427811,0.2997115003004349
2022,11,AUT.1.5_2,0.2161410594217476,0.35199850383397363
2022,11,AUT.1.6_2,0.24148585544854104,0.4044263796233931
2022,11,AUT.1.7_2,0.35116467632621784,0.32848092179477173
2022,11,AUT.1.8_2,0.4174599117261715,0.3082298988963369
2022,11,AUT.1.9_2,0.044699523954160006,0.44989979959919835
2022,11,AUT.2.10_2,0.42314682771031975,0.2382062283896422
2022,11,AUT.2.1_2,0.2725471861128803,0.22933383771225718
2022,11,AUT.2.2_2,0.20981038910948646,0.19246035662761507
2022,11,AUT.2.3_2,0.42502605232643365,0.2893352978164713
2022,11,AUT.2.4_2,0.21442624426002516,0.32485529248013983
2022,11,AUT.2.5_2,0.4174427914202505,0.22972262116677133
2022,11,AUT.2.6_2,0.35990708304240754,0.1580286724652517
2022,11,AUT.2.7_2,0.35739967405188644,0.25022858438424483
2022,11,AUT.2.8_2,0.16867967701537312,0.27242647931524333
2022,11,AUT.2.9_2,0.432473247733019,0.27154472001100516
2022,11,AUT.3.10_2,0.6829302661668917,0.8313098229575471
2022,11,AUT.3.11_2,0.43080523968391765,0.8207767448534439
2022,11,AUT.3.12_2,0.7732763878106181,0.8496216362045932
2022,11,AUT.3.13_2,0.5356376619269706,0.9097749336680029
2022,11,AUT.3.14_2,0.22389288397961613,0.946701534374153
2022,11,AUT.3.15_2,0.5410968964708951,0.8009625185404893
2022,11,AUT.3.16_2,0.8701521861058457,0.8814519695412282
2022,11,AUT.3.17_2,0.2915774767554521,0.8878462316916789
2022,11,AUT.3.18_2,0.43522043302383306,0.8110865932285678
2022,11,AUT.3.19_2,0.5367986924547892,0.9276957061837192
2022,11,AUT.3.1_2,0.5429840908407738,0.8622276788445687
2022,11,AUT.3.20_2,0.6222438110313677,0.8217611084375516
2022,11,AUT.3.21_2,0.14466855198052955,0.8140043409873196
2022,11,AUT.3.22_2,0.3736930626943014,0.8601349915155604
2022,11,AUT.3.23_2,0.04115382773807648,0.691382765531062
2022,11,AUT.3.24_2,0.9039896550692439,0.7762779045737793
2022,11,AUT.3.2_2,0.4070967502698214,0.8975003913458326
2022,11,AUT.3.3_2,0.340978842306,0.9244995317489099
2022,11,AUT.3.4_2,0.44551538906312893,0.9290527189904992
2022,11,AUT.3.5_2,0.5430511873212841,0.8035967065101041
2022,11,AUT.3.6_2,0.5593742757292478,0.9117378455814131
2022,11,AUT.3.7_2,0.5855705682096369,0.834079940131658
2022,11,AUT.3.8_2,0.4194158149438692,0.9321142619125206
2022,11,AUT.3.9_2,0.14425236509941491,0.891255084201645
2022,11,AUT.4.10_2,0.44886377526357,0.9344006470208293
2022,11,AUT.4.11_2,0.41260306367115474,0.8674923876393844
2022,11,AUT.4.12_2,0.45455502256767694,0.9320846187179045
2022,11,AUT.4.13_2,0.3828814036231178,0.8995307710294007
2022,11,AUT.4.14_2,0.11165947617279078,0.9537965749584445
2022,11,AUT.4.15_2,0.35562452787434623,0.8966805063035865
2022,11,AUT.4.16_2,0.4282137516057641,0.9098769768345764
2022,11,AUT.4.17_2,0.36026047720012866,0.9230340868814371
2022,11,AUT.4.18_2,0.08837634861857964,0.9833583922928254
2022,11,AUT.4.1_2,0.4722334445326703,0.9259813705935575
2022,11,AUT.4.2_2,0.2371928558068084,0.9214409757119641
2022,11,AUT.4.3_2,0.39523158392124963,0.8628323414467095
2022,11,AUT.4.4_2,0.4158404391044383,0.9240792413784137
2022,11,AUT.4.5_2,0.39671480858215324,0.9333515325846705
2022,11,AUT.4.6_2,0.3760732017123441,0.9070269955494267
2022,11,AUT.4.7_2,0.3796933625266719,0.9379117129846325
2022,11,AUT.4.8_2,0.1468821205485925,0.9684040852913138
2022,11,AUT.4.9_2,0.3246154609265528,0.9268177472174828
2022,11,AUT.5.1_2,0.2649263909958223,0.22212058158610404
2022,11,AUT.5.2_2,0.42342551020819535,0.2871026812448684
2022,11,AUT.5.3_2,0.16377692586682807,0.35020370103872833
2022,11,AUT.5.4_2,0.3171363243404183,0.15693129524488286
2022,11,AUT.5.5_2,0.20581855636384105,0.134199979388775
2022,11,AUT.5.6_2,0.32239406096197537,0.14261129193065658
2022,11,AUT.6.10_2,0.40196176823199553,0.9642104333736574
2022,11,AUT.6.11_2,0.5006263689191967,0.9967508213824819
2022,11,AUT.6.12_2,0.31473050627372584,0.9893770539666435
2022,11,AUT.6.13_2,0.4869892688573488,0.9896591572767053
2022,11,AUT.6.1_2,0.45333791774260723,0.9826573111442373
2022,11,AUT.6.2_2,0.4958199924241125,0.9911580072320081
2022,11,AUT.6.3_2,0.425197116078426,0.9919128399788979
2022,11,AUT.6.4_2,0.14909990505823417,0.999963806812753
2022,11,AUT.6.5_2,0.49128548977179487,0.9948038525711949
2022,11,AUT.6.6_2,0.4602260217067948,0.9961084868345301
2022,11,AUT.6.7_2,0.33535798344176504,0.9796054316442647
2022,11,AUT.6.8_2,0.42447475371061966,0.9452901240505968
2022,11,AUT.6.9_2,0.3516561367180052,0.9236786428570306
2022,11,AUT.7.1_2,0.2072456892531013,0.30331698469018137
2022,11,AUT.7.2_2,0.38683449974177914,0.38603841938034733
2022,11,AUT.7.3_2,0.13741629734418329,0.5705075886836869
2022,11,AUT.7.4_2,0.2158445905666614,0.4144131061698564
2022,11,AUT.7.5_2,0.3059316728178296,0.4717305077724682
2022,11,AUT.7.6_2,0.2230533383074332,0.23635072856725914
2022,11,AUT.7.7_2,0.33099433795734057,0.28415500462261273
2022,11,AUT.7.8_2,0.3080691559085776,0.454957505923316
2022,11,AUT.7.9_2,0.2868044176041925,0.3686254510309537
2022,11,AUT.8.1_2,0.17834677271400043,0.14662515176595092
2022,11,AUT.8.2_2,0.26286329379005613,0.247181008777949
2022,11,AUT.8.3_2,0.09231646156438424,0.30016347120805204
2022,11,AUT.8.4_2,0.21387057354328054,0.24201447507626572
2022,11,AUT.9.1_2,0.3299371427410444,0.9991819940846922
2022,11,AZE.7.5_1,0.04484815317975035,0.46893787575150286
2022,11,AZE.7_1,0.04342063607792693,0.3757515030060121
2022,11,BEL.1.1_1,0.19522415374004531,0.8679364682902058
2022,11,BEL.2.1_1,0.394528721979686,0.7877653412695149
2022,11,BEL.2.2_1,0.3120199503246287,0.7255432353068599
2022,11,BEL.2.3_1,0.36653612488382353,0.7973045963820641
2022,11,BEL.2.4_1,0.38113341727452205,0.7999378500040697
2022,11,BEL.2.5_1,0.3660028382237304,0.8676223704146231
2022,11,BEL.3.1_1,0.24631636602167853,0.4932710809121891
2022,11,BEL.3.2_1,0.39528459051990306,0.4808347524359968
2022,11,BEL.3.3_1,0.4298964449789531,0.4583940421654253
2022,11,BEL.3.4_1,0.30431103632309775,0.39284873413804394
2022,11,BEL.3.5_1,0.2863276244946235,0.42487889856159594
2022,11,BGR.1.10_1,0.03860703218473443,0.2535070140280561
2022,11,BGR.1.11_1,0.03919948555669427,0.26452905811623245
2022,11,BGR.1.12_1,0.03904139865621322,0.26152304609218435
2022,11,BGR.1.13_1,0.03960854039940658,0.2725450901803607
2022,11,BGR.1.14_1,0.03383257713374827,0.18236472945891777
2022,11,BGR.1.1_1,0.03528812808980178,0.2014028056112225
2022,11,BGR.1.2_1,0.03821133499048877,0.246492985971944
2022,11,BGR.1.3_1,0.03737445616120218,0.23246492985971942
2022,11,BGR.1.4_1,0.03898812616854866,0.2605210420841683
2022,11,BGR.1.5_1,0.037186964104105866,0.22945891783567132
2022,11,BGR.1.6_1,0.039757320667554705,0.2755511022044088
2022,11,BGR.1.7_1,0.040509551883802716,0.29158316633266523
2022,11,BGR.1.8_1,0.040687010860933216,0.29559118236472937
2022,11,BGR.1.9_1,0.0362041689805494,0.21442885771543072
2022,11,BGR.10.10_1,0.039094382015184836,0.2625250501002004
2022,11,BGR.10.11_1,0.040817386891126635,0.2985971943887776
2022,11,BGR.10.1_1,0.039757320667554705,0.2755511022044088
2022,11,BGR.10.2_1,0.04220710644894091,0.33466933867735477
2022,11,BGR.10.3_1,0.04151315560969296,0.31563126252505014
2022,11,BGR.10.4_1,0.03925160781713168,0.2655310621242485
2022,11,BGR.10.5_1,0.04046453484455116,0.2905811623246492
2022,11,BGR.10.6_1,0.04174165723655573,0.32164328657314634
2022,11,BGR.10.7_1,0.041071235855271504,0.3046092184368738
2022,11,BGR.10.8_1,0.04159029593360392,0.3176352705410822
2022,11,BGR.10.9_1,0.04217272239431715,0.3336673346693386
2022,11,BGR.11.10_1,0.04046453484455116,0.2905811623246492
2022,11,BGR.11.11_1,0.037740699864460124,0.23847695390781562
2022,11,BGR.11.1_1,0.037740699864460145,0.23847695390781562
2022,11,BGR.11.2_1,0.038325904827475506,0.24849699398797595
2022,11,BGR.11.3_1,0.03945725720745003,0.2695390781563126
2022,11,BGR.11.4_1,0.0408173868911267,0.2985971943887776
2022,11,BGR.11.5_1,0.04041925532205435,0.28957915831663317
2022,11,BGR.11.6_1,0.042308855859258095,0.33767535070140275
2022,11,BGR.11.7_1,0.040047472526148715,0.2815631262525049
2022,11,BGR.11.8_1,0.0399036232225647,0.2785571142284569
2022,11,BGR.11.9_1,0.04086033180906672,0.2995991983967936
2022,11,BGR.12.1_1,0.038382733291622013,0.24949899799599198
2022,11,BGR.12.2_1,0.040598801658404765,0.2935871743486973
2022,11,BGR.12.3_1,0.0397080037756049,0.2745490981963928
2022,11,BGR.12.4_1,0.040327905634718934,0.2875751503006012
2022,11,BGR.12.5_1,0.03904139865621327,0.26152304609218435
2022,11,BGR.12.6_1,0.03945725720745001,0.2695390781563126
2022,11,BGR.13.10_1,0.04256998880442952,0.345691382765531
2022,11,BGR.13.11_1,0.042473792598470714,0.3426853707414829
2022,11,BGR.13.1_1,0.04196147183837506,0.32765531062124253
2022,11,BGR.13.2_1,0.04162850027039511,0.3186372745490981
2022,11,BGR.13.3_1,0.04253815277505926,0.344689378757515
2022,11,BGR.13.4_1,0.04159029593360391,0.3176352705410822
2022,11,BGR.13.5_1,0.04230885585925812,0.33767535070140275
2022,11,BGR.13.6_1,0.04177889285897203,0.32264529058116226
2022,11,BGR.13.7_1,0.04247379259847072,0.3426853707414829
2022,11,BGR.13.8_1,0.04199727177257767,0.32865731462925857
2022,11,BGR.13.9_1,0.042408511772625106,0.34068136272545096
2022,11,BGR.14.10_1,0.039806362264207855,0.27655310621242485
2022,11,BGR.14.11_1,0.0448596208513109,0.47094188376753504
2022,11,BGR.14.12_1,0.04266412623133125,0.3486973947895791
2022,11,BGR.14.13_1,0.040094881250341365,0.28256513026052105
2022,11,BGR.14.14_1,0.04234230644091953,0.3386773547094188
2022,11,BGR.14.15_1,0.04174165723655595,0.32164328657314634
2022,11,BGR.14.16_1,0.04185264256153232,0.32464929859719444
2022,11,BGR.14.1_1,0.04028183385378819,0.2865731462925852
2022,11,BGR.14.2_1,0.04018889231686864,0.2845691382765531
2022,11,BGR.14.3_1,0.040774185585747406,0.29759519038076154
2022,11,BGR.14.4_1,0.04170418032446181,0.3206412825651303
2022,11,BGR.14.5_1,0.04166646153391288,0.31963927855711427
2022,11,BGR.14.6_1,0.04028183385378819,0.2865731462925852
2022,11,BGR.14.7_1,0.03909438201518483,0.2625250501002004
2022,11,BGR.14.8_1,0.04299187813369371,0.3597194388777555
2022,11,BGR.14.9_1,0.04210324980265415,0.33166332665330667
2022,11,BGR.15.1_1,0.042032834382389486,0.3296593186372745
2022,11,BGR.15.2_1,0.041889157791035234,0.32565130260521036
2022,11,BGR.15.3_1,0.04115382773807648,0.30661322645290584
2022,11,BGR.15.4_1,0.04188915779103524,0.32565130260521036
2022,11,BGR.15.5_1,0.04162850027039512,0.3186372745490981
2022,11,BGR.15.6_1,0.04094545539146493,0.3016032064128257
2022,11,BGR.15.7_1,0.04170418032446183,0.3206412825651303
2022,11,BGR.16.1_1,0.04272574685239873,0.3507014028056112
2022,11,BGR.16.2_1,0.04177889285897204,0.32264529058116226
2022,11,BGR.16.3_1,0.041852642561532274,0.32464929859719444
2022,11,BGR.16.4_1,0.04098763549272172,0.3026052104208417
2022,11,BGR.16.5_1,0.042632975073757344,0.3476953907815631
2022,11,BGR.16.6_1,0.04260159608363391,0.34669338677354705
2022,11,BGR.16.7_1,0.042375524914021134,0.3396793587174348
2022,11,BGR.16.8_1,0.04111265751199857,0.3056112224448897
2022,11,BGR.17.10_1,0.041551847917387225,0.31663326653306617
2022,11,BGR.17.1_1,0.042138103686871466,0.3326653306613226
2022,11,BGR.17.2_1,0.04181588777480876,0.3236472945891783
2022,11,BGR.17.3_1,0.04213810368687144,0.3326653306613226
2022,11,BGR.17.4_1,0.041316007856699664,0.31062124248497
2022,11,BGR.17.5_1,0.04123541661552883,0.3086172344689379
2022,11,BGR.17.6_1,0.04199727177257767,0.32865731462925857
2022,11,BGR.17.7_1,0.04272574685239876,0.3507014028056112
2022,11,BGR.17.8_1,0.04307656514524693,0.3627254509018036
2022,11,BGR.17.9_1,0.04244126750596147,0.3416833667334669
2022,11,BGR.18.1_1,0.04185264256153235,0.32464929859719444
2022,11,BGR.18.2_1,0.04166646153391288,0.31963927855711427
2022,11,BGR.18.3_1,0.042473792598470714,0.3426853707414829
2022,11,BGR.18.4_1,0.041741657236555735,0.32164328657314634
2022,11,BGR.18.5_1,0.042207106448940906,0.33466933867735477
2022,11,BGR.18.6_1,0.04263297507375736,0.3476953907815631
2022,11,BGR.18.7_1,0.04266412623133125,0.3486973947895791
2022,11,BGR.19.1_1,0.04250608752984242,0.34368737474949895
2022,11,BGR.19.2_1,0.04293430730455365,0.3577154308617234
2022,11,BGR.19.3_1,0.04354317415326608,0.38076152304609207
2022,11,BGR.19.4_1,0.041513155609692966,0.31563126252505014
2022,11,BGR.2.10_1,0.04474561636453563,0.4549098196392786
2022,11,BGR.2.11_1,0.044112900747695784,0.40781563126252507
2022,11,BGR.2.12_1,0.04256998880442951,0.345691382765531
2022,11,BGR.2.13_1,0.04460393022272375,0.44088176352705405
2022,11,BGR.2.1_1,0.04342063607792693,0.3757515030060121
2022,11,BGR.2.2_1,0.0448089847916747,0.4629258517034068
2022,11,BGR.2.3_1,0.04450526241781755,0.4328657314629258
2022,11,BGR.2.4_1,0.04430132883243601,0.41883767535070143
2022,11,BGR.2.5_1,0.044518303541006846,0.43386773547094193
2022,11,BGR.2.6_1,0.04381539853847536,0.3927855711422847
2022,11,BGR.2.7_1,0.04447857202970618,0.4308617234468937
2022,11,BGR.2.8_1,0.044556212563180174,0.4368737474949899
2022,11,BGR.2.9_1,0.043637330708411644,0.3847695390781563
2022,11,BGR.20.10_1,0.041435035641797284,0.31362725450901807
2022,11,BGR.20.1_1,0.039855129480584076,0.2775551102204409
2022,11,BGR.20.2_1,0.03731228588703082,0.23146292585170328
2022,11,BGR.20.3_1,0.03749782275340517,0.2344689378757515
2022,11,BGR.20.4_1,0.037249789025351296,0.23046092184368736
2022,11,BGR.20.5_1,0.03774069986446021,0.23847695390781562
2022,11,BGR.20.6_1,0.0416664615339129,0.31963927855711427
2022,11,BGR.20.7_1,0.04081738689112665,0.2985971943887776
2022,11,BGR.20.8_1,0.04055430722819482,0.2925851703406814
2022,11,BGR.20.9_1,0.0379195271358433,0.24148296593186372
2022,11,BGR.21.10_1,0.03843925906937493,0.250501002004008
2022,11,BGR.21.11_1,0.039041398656213214,0.26152304609218435
2022,11,BGR.21.12_1,0.03930344510494176,0.2665330661322645
2022,11,BGR.21.13_1,0.039608540399406575,0.2725450901803607
2022,11,BGR.21.14_1,0.037186964104105796,0.22945891783567132
2022,11,BGR.21.15_1,0.04041925532205432,0.28957915831663317
2022,11,BGR.21.16_1,0.03930344510494177,0.2665330661322645
2022,11,BGR.21.17_1,0.03909438201518481,0.2625250501002004
2022,11,BGR.21.18_1,0.03995184438700481,0.27955911823647295
2022,11,BGR.21.19_1,0.0346166591747077,0.1923847695390781
2022,11,BGR.21.1_1,0.03940626880286667,0.2685370741482966
2022,11,BGR.21.20_1,0.03909438201518483,0.2625250501002004
2022,11,BGR.21.21_1,0.039354998432746105,0.26753507014028055
2022,11,BGR.21.22_1,0.03950796462859232,0.27054108216432865
2022,11,BGR.21.2_1,0.04018889231686862,0.2845691382765531
2022,11,BGR.21.3_1,0.03882656321699924,0.2575150300601202
2022,11,BGR.21.4_1,0.039806362264207855,0.27655310621242485
2022,11,BGR.21.5_1,0.039608540399406575,0.2725450901803607
2022,11,BGR.21.6_1,0.036540335529758654,0.219438877755511
2022,11,BGR.21.7_1,0.03970800377560491,0.2745490981963928
2022,11,BGR.21.8_1,0.03965841066409449,0.27354709418837675
2022,11,BGR.21.9_1,0.03950796462859236,0.27054108216432865
2022,11,BGR.22.10_1,0.04375021715662885,0.3897795591182365
2022,11,BGR.22.11_1,0.04331870585301195,0.3717434869739479
2022,11,BGR.22.1_1,0.04217272239431716,0.3336673346693386
2022,11,BGR.22.2_1,0.04351909805326036,0.37975951903807614
2022,11,BGR.22.3_1,0.04416676895937853,0.41082164328657306
2022,11,BGR.22.4_1,0.04230885585925812,0.33767535070140275
2022,11,BGR.22.5_1,0.041275836609137945,0.30961923847695383
2022,11,BGR.22.6_1,0.04159029593360392,0.3176352705410822
2022,11,BGR.22.7_1,0.04210324980265415,0.33166332665330667
2022,11,BGR.22.8_1,0.043420636077926934,0.3757515030060121
2022,11,BGR.22.9_1,0.04014202089616865,0.2835671342685371
2022,11,BGR.23.1_1,0.04151315560969299,0.31563126252505014
2022,11,BGR.23.2_1,0.04155184791738723,0.31663326653306617
2022,11,BGR.23.3_1,0.04224125636959845,0.3356713426853708
2022,11,BGR.23.4_1,0.042241256369598475,0.3356713426853708
2022,11,BGR.23.5_1,0.0422071064489409,0.33466933867735477
2022,11,BGR.24.10_1,0.040419255322054294,0.28957915831663317
2022,11,BGR.24.11_1,0.044094529756491474,0.4068136272545089
2022,11,BGR.24.12_1,0.042068160212582535,0.33066132264529063
2022,11,BGR.24.1_1,0.04050955188380272,0.29158316633266523
2022,11,BGR.24.2_1,0.042172722394317144,0.3336673346693386
2022,11,BGR.24.3_1,0.04213810368687147,0.3326653306613226
2022,11,BGR.24.4_1,0.04217272239431716,0.3336673346693386
2022,11,BGR.24.5_1,0.04094545539146501,0.3016032064128257
2022,11,BGR.24.6_1,0.040643035947481594,0.29458917835671344
2022,11,BGR.24.7_1,0.04155184791738723,0.31663326653306617
2022,11,BGR.24.8_1,0.03995184438700482,0.27955911823647295
2022,11,BGR.24.9_1,0.03990362322256465,0.2785571142284569
2022,11,BGR.25.10_1,0.04278646150937983,0.35270541082164336
2022,11,BGR.25.1_1,0.041316007856699616,0.31062124248497
2022,11,BGR.25.2_1,0.04217272239431716,0.3336673346693386
2022,11,BGR.25.3_1,0.04256998880442952,0.345691382765531
2022,11,BGR.25.4_1,0.042664126231331256,0.3486973947895791
2022,11,BGR.25.5_1,0.04131600785669962,0.31062124248497
2022,11,BGR.25.6_1,0.04135593101323888,0.3116232464929859
2022,11,BGR.25.7_1,0.04174165723655595,0.32164328657314634
2022,11,BGR.25.8_1,0.042506087529842425,0.34368737474949895
2022,11,BGR.25.9_1,0.042068160212582556,0.33066132264529063
2022,11,BGR.26.10_1,0.04199727177257767,0.32865731462925857
2022,11,BGR.26.11_1,0.042538152775059325,0.344689378757515
2022,11,BGR.26.1_1,0.04119474721446174,0.30761523046092176
2022,11,BGR.26.2_1,0.042408511772625106,0.34068136272545096
2022,11,BGR.26.3_1,0.0418526425615323,0.32464929859719444
2022,11,BGR.26.4_1,0.03888070953173469,0.25851703406813625
2022,11,BGR.26.5_1,0.04250608752984242,0.34368737474949895
2022,11,BGR.26.6_1,0.041395606727456374,0.31262525050100204
2022,11,BGR.26.7_1,0.041704180324461826,0.3206412825651303
2022,11,BGR.26.8_1,0.04107123585527146,0.3046092184368738
2022,11,BGR.26.9_1,0.04287584243190796,0.35571142284569135
2022,11,BGR.27.10_1,0.04253815277505928,0.344689378757515
2022,11,BGR.27.1_1,0.04290518682961931,0.35671342685370727
2022,11,BGR.27.2_1,0.04159029593360392,0.3176352705410822
2022,11,BGR.27.3_1,0.04266412623133124,0.3486973947895791
2022,11,BGR.27.4_1,0.04278646150937983,0.35270541082164336
2022,11,BGR.27.5_1,0.04284627369426693,0.3547094188376753
2022,11,BGR.27.6_1,0.040860331809066716,0.2995991983967936
2022,11,BGR.27.7_1,0.04351909805326036,0.37975951903807614
2022,11,BGR.27.8_1,0.043344514759273305,0.3727454909819639
2022,11,BGR.27.9_1,0.04181588777480876,0.3236472945891783
2022,11,BGR.28.1_1,0.04349480652540881,0.3787575150300601
2022,11,BGR.28.2_1,0.04315925856910723,0.3657314629258517
2022,11,BGR.28.3_1,0.04337010586627802,0.37374749498997994
2022,11,BGR.28.4_1,0.04269505000836716,0.34969939879759515
2022,11,BGR.28.5_1,0.044201646091225635,0.4128256513026051
2022,11,BGR.3.1_1,0.04354317415326608,0.38076152304609207
2022,11,BGR.3.2_1,0.04418431087589443,0.4118236472945892
2022,11,BGR.3.3_1,0.04293430730455365,0.3577154308617234
2022,11,BGR.3.4_1,0.04407595091415341,0.405811623246493
2022,11,BGR.3.5_1,0.043344514759273305,0.3727454909819639
2022,11,BGR.3.6_1,0.040903021068546215,0.30060120240480964
2022,11,BGR.3.7_1,0.044492018635618115,0.43186372745490986
2022,11,BGR.3.8_1,0.042275172670101016,0.33667334669338683
2022,11,BGR.4.1_1,0.04111265751199854,0.3056112224448897
2022,11,BGR.4.2_1,0.041275836609137945,0.30961923847695383
2022,11,BGR.4.3_1,0.04094545539146497,0.3016032064128257
2022,11,BGR.4.4_1,0.04098763549272164,0.3026052104208417
2022,11,BGR.5.1_1,0.03838273329162205,0.24949899799599198
2022,11,BGR.6.10_1,0.04370570167396516,0.3877755511022044
2022,11,BGR.6.11_1,0.04337010586627802,0.37374749498997994
2022,11,BGR.6.1_1,0.0430485581730062,0.36172344689378755
2022,11,BGR.6.2_1,0.04321328510842754,0.36773547094188375
2022,11,BGR.6.3_1,0.042342306440919526,0.3386773547094188
2022,11,BGR.6.4_1,0.04363733070841165,0.3847695390781563
2022,11,BGR.6.5_1,0.04263297507375736,0.3476953907815631
2022,11,BGR.6.6_1,0.04284627369426693,0.3547094188376753
2022,11,BGR.6.7_1,0.04077418558574738,0.29759519038076154
2022,11,BGR.6.8_1,0.0426950500083672,0.34969939879759515
2022,11,BGR.6.9_1,0.04281648019531074,0.3537074148296593
2022,11,BGR.7.1_1,0.041153827738076486,0.30661322645290584
2022,11,BGR.7.2_1,0.04102956208028718,0.30360721442885763
2022,11,BGR.7.3_1,0.04224125636959846,0.3356713426853708
2022,11,BGR.7.4_1,0.0429918781336937,0.3597194388777555
2022,11,BGR.7.5_1,0.043239968784663234,0.3687374749498998
2022,11,BGR.7.6_1,0.04321328510842755,0.36773547094188375
2022,11,BGR.7.7_1,0.042664126231331256,0.3486973947895791
2022,11,BGR.7.8_1,0.03838273329162203,0.24949899799599198
2022,11,BGR.8.1_1,0.03797850899911906,0.24248496993987986
2022,11,BGR.8.2_1,0.03945725720745003,0.2695390781563126
2022,11,BGR.8.3_1,0.0363396854976229,0.21643286573146278
2022,11,BGR.8.4_1,0.03980636226420789,0.27655310621242485
2022,11,BGR.8.5_1,0.03585914996722603,0.20941883767535066
2022,11,BGR.8.6_1,0.03613588052320535,0.2134268537074148
2022,11,BGR.8.7_1,0.032920961359545434,0.17134268537074152
2022,11,BGR.8.8_1,0.033258631329692014,0.17535070140280565
2022,11,BGR.8.9_1,0.03724978902535133,0.23046092184368736
2022,11,BGR.9.1_1,0.0389345634861133,0.2595190380761523
2022,11,BGR.9.2_1,0.04260159608363391,0.34669338677354705
2022,11,BGR.9.3_1,0.04220710644894091,0.33466933867735477
2022,11,BGR.9.4_1,0.04199727177257768,0.32865731462925857
2022,11,BGR.9.5_1,0.04059880165840476,0.2935871743486973
2022,11,BGR.9.6_1,0.040643035947481594,0.29458917835671344
2022,11,BGR.9.7_1,0.041435035641797305,0.31362725450901807
2022,11,BGR.9.8_1,0.040598801658404765,0.2935871743486973
2022,11,BIH.1.1_1,0.04363733070841162,0.3847695390781563
2022,11,BIH.2.10_1,0.1457282364443129,0.34904404247481846
2022,11,BIH.2.1_1,0.07291759459951372,0.31320225000319213
2022,11,BIH.2.2_1,0.10154153620652293,0.2879821487891594
2022,11,BIH.2.3_1,0.1437877611374952,0.28118252469360305
2022,11,BIH.2.4_1,0.1340064314771559,0.38761395771210966
2022,11,BIH.2.5_1,0.07888398436379995,0.4379004143625368
2022,11,BIH.2.6_1,0.1260794082594478,0.3005006746925906
2022,11,BIH.2.7_1,0.16243834579180486,0.3791411628405881
2022,11,BIH.2.8_1,0.12398358476004388,0.34902322202675745
2022,11,BIH.2.9_1,0.08745581688117124,0.35841093278744673
2022,11,BIH.3.1_1,0.20355487516671222,0.3313701931178222
2022,11,BIH.3.2_1,0.07596211577037865,0.36671007111853254
2022,11,BIH.3.3_1,0.13599555662558635,0.39913181769557893
2022,11,BIH.3.4_1,0.1002153498321384,0.2771638481228088
2022,11,BIH.3.5_1,0.11642767700880573,0.27733410553234245
2022,11,BIH.3.6_1,0.11263382616815748,0.32403796195171214
2022,11,BIH.3.7_1,0.11461175322294498,0.33490959548661875
2022,11,BLR.1.14_1,0.04482946306300979,0.465931863727455
2022,11,BLR.1.3_1,0.038934563486113356,0.2595190380761523
2022,11,BLR.1.8_1,0.03797850899911901,0.24248496993987986
2022,11,BLR.3.11_1,0.03809553972866258,0.2444889779559117
2022,11,BLR.3.12_1,0.03945725720745003,0.2695390781563126
2022,11,BLR.3.16_1,0.03654033552975862,0.219438877755511
2022,11,BLR.3.1_1,0.03686786590249006,0.22444889779559116
2022,11,BLR.3.2_1,0.03693235379411001,0.2254509018036072
2022,11,BLR.3.3_1,0.03536081141455968,0.20240480961923832
2022,11,BLR.3.5_1,0.03712380963457747,0.22845691382765518
2022,11,BLR.3.6_1,0.03809553972866255,0.2444889779559117
2022,11,BLR.6.11_1,0.0345400866382659,0.19138276553106218
2022,11,BLR.6.12_1,0.03358919997061701,0.17935871743486978
2022,11,BLR.6.21_1,0.03334193188399737,0.17635270541082157
2022,11,BLR.6.2_1,0.03521506562850806,0.20040080160320647
2022,11,CHE.1.10_1,0.18650423801254137,0.3390846966295161
2022,11,CHE.1.11_1,0.20974424505292819,0.33074778402513394
2022,11,CHE.1.1_1,0.15823381605005912,0.3407867178524973
2022,11,CHE.1.2_1,0.2283845627888416,0.36053004573152675
2022,11,CHE.1.3_1,0.21798739539183104,0.35098429937306763
2022,11,CHE.1.4_1,0.2484085077135381,0.3536673945139812
2022,11,CHE.1.5_1,0.18759223211938275,0.3506464933825749
2022,11,CHE.1.6_1,0.2149467189086756,0.3683735376277199
2022,11,CHE.1.7_1,0.19921698605263677,0.35514499295968094
2022,11,CHE.1.8_1,0.19639198057104787,0.3354399071109701
2022,11,CHE.1.9_1,0.1684471414756121,0.37606450864399327
2022,11,CHE.10.10_1,0.11322593111903133,0.1030477235552869
2022,11,CHE.10.11_1,0.19194315190936115,0.10658376305290654
2022,11,CHE.10.1_1,0.12869591918804466,0.08929137853655895
2022,11,CHE.10.2_1,0.03357856068838198,0.08110175051096169
2022,11,CHE.10.3_1,0.1706003938611434,0.09715887252054256
2022,11,CHE.10.4_1,0.07760371921154391,0.11466944519114314
2022,11,CHE.10.5_1,0.09026511033015645,0.053686992992033306
2022,11,CHE.10.6_1,0.10729657897327996,0.1420424798506594
2022,11,CHE.10.7_1,0.09915453158896874,0.07570633938024983
2022,11,CHE.10.8_1,0.14743654848107982,0.1878236326358562
2022,11,CHE.10.9_1,0.11255270093108562,0.10877795440825573
2022,11,CHE.11.1_1,0.21884516328839518,0.28717664601921583
2022,11,CHE.11.2_1,0.17532544987591928,0.2516106081243706
2022,11,CHE.11.3_1,0.2574883403639184,0.3049771206072194
2022,11,CHE.12.1_1,0.11352830194075357,0.2169964979981166
2022,11,CHE.12.2_1,0.20295274478890948,0.35345421498331947
2022,11,CHE.12.3_1,0.2045602645447916,0.3400724630430387
2022,11,CHE.12.4_1,0.2098606713021916,0.3315565770715902
2022,11,CHE.12.5_1,0.21305150453014665,0.3237907580064569
2022,11,CHE.13.1_1,0.1756528253319347,0.3433789785679411
2022,11,CHE.13.2_1,0.07009733397115121,0.27717545702766533
2022,11,CHE.13.3_1,0.10608818542418248,0.25976384499863453
2022,11,CHE.13.4_1,0.14606508101409052,0.3541751975455764
2022,11,CHE.13.5_1,0.1738914102797246,0.29726839106621655
2022,11,CHE.13.6_1,0.13872634925757396,0.28843901782972786
2022,11,CHE.14.1_1,0.1353960777667661,0.24105438574675292
2022,11,CHE.15.1_1,0.09059053082880802,0.1708558275282209
2022,11,CHE.16.1_1,0.15295726386520697,0.31187218599898303
2022,11,CHE.16.2_1,0.1303303898954869,0.40754636887968565
2022,11,CHE.16.3_1,0.12499336772511398,0.2905351165238483
2022,11,CHE.16.4_1,0.10559716258616575,0.18308920550679572
2022,11,CHE.16.5_1,0.16936672914358789,0.3059773593459011
2022,11,CHE.16.6_1,0.17148059684009556,0.2575053416987786
2022,11,CHE.16.7_1,0.08904655982977035,0.1965439588010989
2022,11,CHE.16.8_1,0.1423044525740736,0.31614080525907745
2022,11,CHE.17.1_1,0.09415186857654259,0.30545937045347055
2022,11,CHE.17.2_1,0.12722198719820998,0.3075013859674084
2022,11,CHE.17.3_1,0.10429648847638241,0.3177029136359718
2022,11,CHE.17.4_1,0.07186213694301358,0.29932752384686945
2022,11,CHE.17.5_1,0.08564504389510333,0.32853098872281594
2022,11,CHE.17.6_1,0.08278275707489446,0.29187305731669966
2022,11,CHE.18.1_1,0.035215065628507985,0.20040080160320647
2022,11,CHE.18.2_1,0.03761990025427183,0.23647294589178355
2022,11,CHE.18.3_1,0.08614223288469086,0.4201671017582775
2022,11,CHE.18.4_1,0.06225810409801505,0.40384217441673126
2022,11,CHE.18.5_1,0.13192276644256387,0.2984798812853523
2022,11,CHE.18.6_1,0.1604428442319612,0.23598536815545926
2022,11,CHE.19.10_1,0.20268842861113787,0.3460599431942122
2022,11,CHE.19.1_1,0.19707215562992855,0.3106825583271239
2022,11,CHE.19.2_1,0.14092818524587739,0.3725575194898355
2022,11,CHE.19.3_1,0.12418007064328339,0.34794277483592007
2022,11,CHE.19.4_1,0.14432402614537612,0.333144083552234
2022,11,CHE.19.5_1,0.17469438388487674,0.3334086406721832
2022,11,CHE.19.6_1,0.16611271383040063,0.3551710100465843
2022,11,CHE.19.7_1,0.040774185585747365,0.29759519038076154
2022,11,CHE.19.8_1,0.1281926811752936,0.3131699525731755
2022,11,CHE.19.9_1,0.14876029129086313,0.31507205791595344
2022,11,CHE.2.1_1,0.18051308873401653,0.25387973147780635
2022,11,CHE.20.1_1,0.14320204649276735,0.4011376007189464
2022,11,CHE.20.2_1,0.11532791629021823,0.3421039508703944
2022,11,CHE.20.3_1,0.044679685951131726,0.5501002004008017
2022,11,CHE.20.4_1,0.075125486703183475,0.349806897141735
2022,11,CHE.20.5_1,0.14665794208239974,0.3537726265222956
2022,11,CHE.20.6_1,0.1519326573998482,0.41323765662127354
2022,11,CHE.20.7_1,0.17122792442495538,0.3481253952286616
2022,11,CHE.20.8_1,0.16266137590481808,0.4013772580658472
2022,11,CHE.20.9_1,0.1266777658787384,0.37759013705162225
2022,11,CHE.21.1_1,0.17103324721074928,0.2465435191622994
2022,11,CHE.21.2_1,0.06372783366714414,0.10973776176772114
2022,11,CHE.21.3_1,0.12373945394243252,0.11059023125100156
2022,11,CHE.21.4_1,0.2656451121414372,0.3481462475361697
2022,11,CHE.21.5_1,0.38083537994412925,0.5143498188042206
2022,11,CHE.21.6_1,0.1905527868688599,0.35204588769298245
2022,11,CHE.21.7_1,0.08532133541879708,0.17739095527456492
2022,11,CHE.21.8_1,0.09991127220465738,0.22400722786991367
2022,11,CHE.22.1_1,0.13970670810373562,0.12330873267687285
2022,11,CHE.23.10_1,0.11330973660745054,0.19375506897044956
2022,11,CHE.23.11_1,0.137732171414038,0.12704015753562772
2022,11,CHE.23.12_1,0.075140303604711,0.12855568008539905
2022,11,CHE.23.13_1,0.10690595824436315,0.07847027728236945
2022,11,CHE.23.14_1,0.09576390051359435,0.09825592096241255
2022,11,CHE.23.1_1,0.0874172677605672,0.11424876618539385
2022,11,CHE.23.2_1,0.07106014778191991,0.14131592766264556
2022,11,CHE.23.3_1,0.0636247598458165,0.09162139081917238
2022,11,CHE.23.4_1,0.09062897142657006,0.07223227663826524
2022,11,CHE.23.5_1,0.08216020809810805,0.0980580589607604
2022,11,CHE.23.6_1,0.10888561724331211,0.10048843399943792
2022,11,CHE.23.7_1,0.10223710628348637,0.1270813603356844
2022,11,CHE.23.8_1,0.1196226728703239,0.3145414302179175
2022,11,CHE.23.9_1,0.07968600857892337,0.10692451887210505
2022,11,CHE.24.10_1,0.1461592663349121,0.2922710692049529
2022,11,CHE.24.1_1,0.14547341660952223,0.2414920230554943
2022,11,CHE.24.2_1,0.3242213819999983,0.34023306349502136
2022,11,CHE.24.3_1,0.3247573783690673,0.33650975496220004
2022,11,CHE.24.4_1,0.4008104730333072,0.32462419982143664
2022,11,CHE.24.5_1,0.11847752283915712,0.5531908062999457
2022,11,CHE.24.6_1,0.25145714044834083,0.39012852234531714
2022,11,CHE.24.7_1,0.37104771501692746,0.3897094917153217
2022,11,CHE.24.8_1,0.3156654834176079,0.397865898761115
2022,11,CHE.24.9_1,0.13366055580502872,0.7651563774164079
2022,11,CHE.25.1_1,0.1499094924734991,0.3262583804459144
2022,11,CHE.26.10_1,0.060635023236103744,0.3430682544759755
2022,11,CHE.26.11_1,0.14997515239445464,0.3990297839766067
2022,11,CHE.26.12_1,0.2048014759643012,0.36161010588129266
2022,11,CHE.26.13_1,0.2645475063354743,0.6529370895952493
2022,11,CHE.26.1_1,0.1676864790200001,0.3687332914089448
2022,11,CHE.26.2_1,0.21616556869943024,0.3409490424917368
2022,11,CHE.26.3_1,0.20503464337057914,0.3288475185649433
2022,11,CHE.26.4_1,0.20679318000404193,0.3393473445982169
2022,11,CHE.26.5_1,0.14633544270617668,0.35089770399530984
2022,11,CHE.26.6_1,0.144237917350682,0.3312003795864871
2022,11,CHE.26.7_1,0.16117043213142637,0.425713570026038
2022,11,CHE.26.8_1,0.15275870256822102,0.3498226262230776
2022,11,CHE.26.9_1,0.14912750354479545,0.31833321950711285
2022,11,CHE.3.1_1,0.09463964417025059,0.23169849254004668
2022,11,CHE.4.1_1,0.17001749020756632,0.4555078394932946
2022,11,CHE.4.2_1,0.15620930653610351,0.32589615679072637
2022,11,CHE.4.3_1,0.16912562876306989,0.3869639839145238
2022,11,CHE.4.4_1,0.2351718082653134,0.34902236760976985
2022,11,CHE.4.5_1,0.16721502478806127,0.3193289183539434
2022,11,CHE.5.1_1,0.04304855817300621,0.36172344689378755
2022,11,CHE.5.2_1,0.04351909805326036,0.37975951903807614
2022,11,CHE.5.3_1,0.043683124684349595,0.3867735470941884
2022,11,CHE.6.10_1,0.08000836541389739,0.12730933711698458
2022,11,CHE.6.11_1,0.18254478571217195,0.19298730124886637
2022,11,CHE.6.12_1,0.22231471429574215,0.25449120745072823
2022,11,CHE.6.13_1,0.09606627932121226,0.3283728780318902
2022,11,CHE.6.14_1,0.1432143853002958,0.32308967387737636
2022,11,CHE.6.15_1,0.21656611919081775,0.29656413495966527
2022,11,CHE.6.16_1,0.22652158236358524,0.4139005549952021
2022,11,CHE.6.17_1,0.11551848216317301,0.2026053060232617
2022,11,CHE.6.18_1,0.06937442066235479,0.10881449849733754
2022,11,CHE.6.19_1,0.0568144647611254,0.11127611456044635
2022,11,CHE.6.1_1,0.1513685647377969,0.33634536834374684
2022,11,CHE.6.20_1,0.044119223578083226,0.08969085063901791
2022,11,CHE.6.21_1,0.0733776244643563,0.2076595064632028
2022,11,CHE.6.22_1,0.20549409921690376,0.2510294582650851
2022,11,CHE.6.23_1,0.11297154182439849,0.213468626775032
2022,11,CHE.6.24_1,0.20473856794191148,0.23690237840110123
2022,11,CHE.6.25_1,0.12751457661153906,0.25821081892358944
2022,11,CHE.6.26_1,0.2235251459825699,0.3319134005992439
2022,11,CHE.6.2_1,0.21343117790230096,0.3256857651836126
2022,11,CHE.6.3_1,0.15407944597353018,0.3094228638614763
2022,11,CHE.6.4_1,0.0765165879666695,0.4328563900384341
2022,11,CHE.6.5_1,0.16295797668843445,0.32960910383274505
2022,11,CHE.6.6_1,0.21094430366329883,0.3142479655548655
2022,11,CHE.6.7_1,0.17897180301323826,0.29330623161460756
2022,11,CHE.6.8_1,0.161714288318172,0.37591906087817756
2022,11,CHE.6.9_1,0.22474170189627596,0.3160294590725216
2022,11,CHE.7.1_1,0.25832269304284805,0.38777579726944245
2022,11,CHE.7.2_1,0.1933603126142416,0.29237936314472274
2022,11,CHE.7.3_1,0.21031533483813303,0.22710238713875922
2022,11,CHE.7.4_1,0.25491400939829206,0.2957143595463949
2022,11,CHE.7.5_1,0.12056915733072468,0.2575795906201887
2022,11,CHE.7.6_1,0.22931197425603544,0.338918503474764
2022,11,CHE.7.7_1,0.1708011112899893,0.23345593604652717
2022,11,CHE.8.1_1,0.3206986711142956,0.7837459634957746
2022,11,CHE.9.1_1,0.18288325704353864,0.1942624270985841
2022,11,CYP.1_1,0.043793883271338103,0.6062124248496994
2022,11,CYP.2_1,0.042786461509379835,0.35270541082164336
2022,11,CYP.3_1,0.043815398538475346,0.6052104208416832
2022,11,CYP.4_1,0.03484399179204103,0.1953907815631263
2022,11,CYP.5_1,0.044905069845626845,0.5170340681362725
2022,11,CZE.1.1_1,0.038772123442110076,0.2565130260521042
2022,11,CZE.1.2_1,0.03860703218473437,0.2535070140280561
2022,11,CZE.1.3_1,0.039251607817131676,0.2655310621242485
2022,11,CZE.1.4_1,0.038211334990488795,0.246492985971944
2022,11,CZE.1.5_1,0.03706032411114874,0.22745490981963937
2022,11,CZE.1.6_1,0.038325904827475506,0.24849699398797595
2022,11,CZE.1.7_1,0.038325904827475506,0.24849699398797595
2022,11,CZE.10.1_1,0.038325904827475506,0.24849699398797595
2022,11,CZE.10.2_1,0.03786023254001065,0.24048096192384757
2022,11,CZE.10.3_1,0.039757320667554705,0.2755511022044088
2022,11,CZE.10.4_1,0.03768045910529505,0.23747494989979948
2022,11,CZE.10.5_1,0.039251607817131655,0.2655310621242485
2022,11,CZE.10.6_1,0.03985512948058406,0.2775551102204409
2022,11,CZE.10.7_1,0.038880709531734683,0.25851703406813625
2022,11,CZE.11.10_1,0.044075950914153415,0.405811623246493
2022,11,CZE.11.11_1,0.0409876354927217,0.3026052104208417
2022,11,CZE.11.12_1,0.04379388327133812,0.6062124248496994
2022,11,CZE.11.13_1,0.04094545539146501,0.3016032064128257
2022,11,CZE.11.14_1,0.04050955188380269,0.29158316633266523
2022,11,CZE.11.15_1,0.040373712520131444,0.28857715430861725
2022,11,CZE.11.16_1,0.04256998880442953,0.6523046092184369
2022,11,CZE.11.17_1,0.04477889496785968,0.45891783567134276
2022,11,CZE.11.18_1,0.039806362264207876,0.27655310621242485
2022,11,CZE.11.19_1,0.04073072715680168,0.2965931863727455
2022,11,CZE.11.20_1,0.04492906187114099,0.48997995991983967
2022,11,CZE.11.21_1,0.04094545539146501,0.3016032064128257
2022,11,CZE.11.22_1,0.04307656514524694,0.3627254509018036
2022,11,CZE.11.2_1,0.04475423530696603,0.45591182364729466
2022,11,CZE.11.3_1,0.04004747252614866,0.2815631262525049
2022,11,CZE.11.4_1,0.04234230644091953,0.3386773547094188
2022,11,CZE.11.5_1,0.041275836609137945,0.30961923847695383
2022,11,CZE.11.6_1,0.04037371252013143,0.28857715430861725
2022,11,CZE.11.7_1,0.0433445147592733,0.3727454909819639
2022,11,CZE.11.8_1,0.041235416615528854,0.3086172344689379
2022,11,CZE.11.9_1,0.04462657984427569,0.4428857715430861
2022,11,CZE.12.10_1,0.036867865902490055,0.22444889779559116
2022,11,CZE.12.11_1,0.03699650601105096,0.22645290581162333
2022,11,CZE.12.12_1,0.034616659174707715,0.1923847695390781
2022,11,CZE.12.1_1,0.03706032411114875,0.22745490981963937
2022,11,CZE.12.2_1,0.03620416898054943,0.21442885771543072
2022,11,CZE.12.3_1,0.03803717943351838,0.24348697394789579
2022,11,CZE.12.4_1,0.035433117677725647,0.20340681362725446
2022,11,CZE.12.5_1,0.035789063913082377,0.20841683366733474
2022,11,CZE.12.6_1,0.036867865902490055,0.22444889779559116
2022,11,CZE.12.7_1,0.036737876773959476,0.2224448897795591
2022,11,CZE.12.8_1,0.0378602325400107,0.24048096192384757
2022,11,CZE.12.9_1,0.0376199002542718,0.23647294589178355
2022,11,CZE.13.1_1,0.04037371252013143,0.28857715430861725
2022,11,CZE.13.2_1,0.038325904827475506,0.24849699398797595
2022,11,CZE.13.3_1,0.04094545539146498,0.3016032064128257
2022,11,CZE.13.4_1,0.03999979386183112,0.280561122244489
2022,11,CZE.13.5_1,0.04023549635725002,0.28557114228456904
2022,11,CZE.13.6_1,0.040047472526148625,0.2815631262525049
2022,11,CZE.13.7_1,0.04004747252614872,0.2815631262525049
2022,11,CZE.14.1_1,0.040327905634718955,0.2875751503006012
2022,11,CZE.14.2_1,0.0374363013035077,0.23346693386773534
2022,11,CZE.14.3_1,0.03797850899911902,0.24248496993987986
2022,11,CZE.14.4_1,0.038880709531734683,0.25851703406813625
2022,11,CZE.2.1_1,0.038826563216999205,0.2575150300601202
2022,11,CZE.2.2_1,0.039708003775604926,0.2745490981963928
2022,11,CZE.2.3_1,0.039999793861831126,0.280561122244489
2022,11,CZE.2.4_1,0.03960854039940657,0.2725450901803607
2022,11,CZE.2.5_1,0.039757320667554705,0.2755511022044088
2022,11,CZE.2.6_1,0.038880709531734683,0.25851703406813625
2022,11,CZE.2.7_1,0.03866235905489498,0.2545090180360721
2022,11,CZE.3.1_1,0.03855140733844689,0.25250501002004005
2022,11,CZE.3.2_1,0.03970800377560491,0.2745490981963928
2022,11,CZE.3.3_1,0.03935499843274611,0.26753507014028055
2022,11,CZE.4.1_1,0.03940626880286668,0.2685370741482966
2022,11,CZE.4.2_1,0.038551407338446905,0.25250501002004005
2022,11,CZE.4.3_1,0.038382733291622055,0.24949899799599198
2022,11,CZE.4.4_1,0.04018889231686864,0.2845691382765531
2022,11,CZE.4.5_1,0.036803040760427085,0.22344689378757523
2022,11,CZE.5.1_1,0.040047472526148736,0.2815631262525049
2022,11,CZE.5.2_1,0.03855140733844689,0.25250501002004005
2022,11,CZE.5.3_1,0.03838273329162202,0.24949899799599198
2022,11,CZE.5.4_1,0.03849548335707844,0.251503006012024
2022,11,CZE.5.5_1,0.03557660719068576,0.20541082164328653
2022,11,CZE.6.1_1,0.03855140733844689,0.25250501002004005
2022,11,CZE.6.2_1,0.03731228588703085,0.23146292585170328
2022,11,CZE.6.3_1,0.038934563486113294,0.2595190380761523
2022,11,CZE.6.4_1,0.03737445616120217,0.23246492985971942
2022,11,CZE.7.1_1,0.035928872786295064,0.2104208416833667
2022,11,CZE.7.2_1,0.03731228588703088,0.23146292585170328
2022,11,CZE.7.3_1,0.03826877246779934,0.24749498997995992
2022,11,CZE.7.4_1,0.03945725720745003,0.2695390781563126
2022,11,CZE.7.5_1,0.0382687724677993,0.24749498997995992
2022,11,CZE.7.6_1,0.03925160781713172,0.2655310621242485
2022,11,CZE.8.1_1,0.03585914996722602,0.20941883767535066
2022,11,CZE.8.2_1,0.03849548335707844,0.251503006012024
2022,11,CZE.8.3_1,0.038325904827475506,0.24849699398797595
2022,11,CZE.8.4_1,0.04081738689112669,0.2985971943887776
2022,11,CZE.8.5_1,0.036867865902490055,0.22444889779559116
2022,11,CZE.9.1_1,0.03904139865621324,0.26152304609218435
2022,11,CZE.9.2_1,0.040327905634718934,0.2875751503006012
2022,11,CZE.9.3_1,0.03774069986446014,0.23847695390781562
2022,11,CZE.9.4_1,0.038268772467799354,0.24749498997995992
2022,11,DEU.1.10_1,0.25550642700544324,0.6900177759569888
2022,11,DEU.1.11_1,0.3297856794645677,0.6492482893579106
2022,11,DEU.1.12_1,0.044592303326015895,0.5581162324649298
2022,11,DEU.1.13_1,0.1927818578104214,0.6142353224159973
2022,11,DEU.1.14_1,0.2992118610137853,0.6417000913158337
2022,11,DEU.1.15_1,0.0447708745073675,0.5400801603206413
2022,11,DEU.1.16_1,0.1591550266355375,0.6127745840637658
2022,11,DEU.1.17_1,0.044075950914153436,0.5921843687374749
2022,11,DEU.1.18_1,0.32824078524411576,0.7033879613487638
2022,11,DEU.1.19_1,0.1925060414404755,0.6600192188211219
2022,11,DEU.1.1_1,0.36091438632881395,0.6141732790178366
2022,11,DEU.1.20_1,0.04381539853847536,0.6052104208416832
2022,11,DEU.1.21_1,0.2721523279951109,0.7200913610712294
2022,11,DEU.1.22_1,0.2459351309758906,0.6665942491485602
2022,11,DEU.1.23_1,0.2841004991114536,0.6316450988221549
2022,11,DEU.1.24_1,0.3006157341669973,0.7222294527255032
2022,11,DEU.1.25_1,0.2046027226546588,0.6564272631872954
2022,11,DEU.1.26_1,0.04281648019531075,0.6442885771543087
2022,11,DEU.1.27_1,0.25021682131950285,0.7025732506193978
2022,11,DEU.1.28_1,0.3499743211950712,0.6839818102096653
2022,11,DEU.1.29_1,0.31501139807948847,0.6449107325100203
2022,11,DEU.1.2_1,0.04468970514448192,0.5490981963927856
2022,11,DEU.1.30_1,0.04425241372600008,0.5821643286573146
2022,11,DEU.1.31_1,0.22881946614396934,0.7370838930216336
2022,11,DEU.1.32_1,0.30280510931347904,0.5963475342615021
2022,11,DEU.1.33_1,0.2698052686196452,0.6633297217056288
2022,11,DEU.1.34_1,0.25110955606898927,0.5874294312251277
2022,11,DEU.1.35_1,0.35133608772910574,0.761979084185441
2022,11,DEU.1.36_1,0.22148405004455055,0.6270787640242625
2022,11,DEU.1.37_1,0.26540909034710825,0.660262708458816
2022,11,DEU.1.38_1,0.21594059936420462,0.5967942069849077
2022,11,DEU.1.39_1,0.24189112171814597,0.5992065728917302
2022,11,DEU.1.3_1,0.32597076751150317,0.6182174700546329
2022,11,DEU.1.40_1,0.04442275398000694,0.5711422845691382
2022,11,DEU.1.41_1,0.18653818819902918,0.6329557952319271
2022,11,DEU.1.42_1,0.2867959052102861,0.5843214045462776
2022,11,DEU.1.43_1,0.04489756377030312,0.5190380761523046
2022,11,DEU.1.44_1,0.2742575457372217,0.6268588702574022
2022,11,DEU.1.45_1,0.24182004702264007,0.5880612260485821
2022,11,DEU.1.4_1,0.24691337327409218,0.6504165423163277
2022,11,DEU.1.5_1,0.03904139865621326,0.7364729458917836
2022,11,DEU.1.6_1,0.2312447261137516,0.6797468212901768
2022,11,DEU.1.7_1,0.3419892526324295,0.667062161903213
2022,11,DEU.1.8_1,0.24030937707094552,0.6858423825765313
2022,11,DEU.1.9_1,0.2362694862698909,0.6809427502702832
2022,11,DEU.10.10_1,0.044393623530798836,0.4248496993987975
2022,11,DEU.10.11_1,0.1366819845190288,0.4085488163396008
2022,11,DEU.10.12_1,0.044363676866903276,0.42284569138276545
2022,11,DEU.10.13_1,0.15245119959845327,0.42099937378024727
2022,11,DEU.10.14_1,0.044422753980006946,0.4268537074148297
2022,11,DEU.10.15_1,0.16513168146063528,0.4085734973710858
2022,11,DEU.10.16_1,0.04397993046231189,0.40080160320641284
2022,11,DEU.10.17_1,0.042601596083633904,0.34669338677354705
2022,11,DEU.10.18_1,0.1488323231659571,0.4860527943712711
2022,11,DEU.10.19_1,0.1356604343677412,0.39263506632786793
2022,11,DEU.10.1_1,0.04278646150937983,0.35270541082164336
2022,11,DEU.10.20_1,0.04454377845570235,0.4358717434869739
2022,11,DEU.10.21_1,0.152414093511866,0.3452924897524443
2022,11,DEU.10.22_1,0.14086131935175028,0.36512650854412293
2022,11,DEU.10.23_1,0.1883570865978512,0.47149148927924295
2022,11,DEU.10.24_1,0.044094529756491474,0.4068136272545089
2022,11,DEU.10.25_1,0.04454377845570234,0.4358717434869739
2022,11,DEU.10.26_1,0.04442275398000694,0.4268537074148297
2022,11,DEU.10.27_1,0.18032418940666411,0.3774961708028642
2022,11,DEU.10.28_1,0.17653967212954627,0.3972892646405598
2022,11,DEU.10.29_1,0.1485344715067319,0.48111997817816293
2022,11,DEU.10.2_1,0.04442275398000695,0.4268537074148297
2022,11,DEU.10.30_1,0.15165838656509537,0.4072971865878262
2022,11,DEU.10.31_1,0.04461535568187445,0.4418837675350702
2022,11,DEU.10.32_1,0.04450526241781755,0.4328657314629258
2022,11,DEU.10.33_1,0.043567035149753096,0.3817635270541082
2022,11,DEU.10.34_1,0.16529329921494199,0.4096634223525762
2022,11,DEU.10.35_1,0.04471856090063492,0.4519038076152305
2022,11,DEU.10.36_1,0.11869636808603203,0.38323940945928947
2022,11,DEU.10.37_1,0.14180235354254053,0.38014792067879644
2022,11,DEU.10.38_1,0.14765932293113443,0.464719773083035
2022,11,DEU.10.39_1,0.04287584243190796,0.35571142284569135
2022,11,DEU.10.3_1,0.044556212563180174,0.4368737474949899
2022,11,DEU.10.40_1,0.14881230005032695,0.4865877573020865
2022,11,DEU.10.41_1,0.13305503929253437,0.49257039957260423
2022,11,DEU.10.42_1,0.20327319933020607,0.44132073618521744
2022,11,DEU.10.43_1,0.13011812592863548,0.4315226303050787
2022,11,DEU.10.44_1,0.15090960105946433,0.4027197064045657
2022,11,DEU.10.45_1,0.17110712623547497,0.40789930137196573
2022,11,DEU.10.46_1,0.04401896487476812,0.4028056112224449
2022,11,DEU.10.47_1,0.14710140298602564,0.45563971001072434
2022,11,DEU.10.48_1,0.2279438570074092,0.4297411717991233
2022,11,DEU.10.49_1,0.14602274151068426,0.4370030392690728
2022,11,DEU.10.4_1,0.1918559998489341,0.4396748695335685
2022,11,DEU.10.50_1,0.14144755195203926,0.4945795362968888
2022,11,DEU.10.51_1,0.16586969453062936,0.4186166006002193
2022,11,DEU.10.52_1,0.16996415351984948,0.4797678292380609
2022,11,DEU.10.53_1,0.044149020117663425,0.409819639278557
2022,11,DEU.10.5_1,0.044317223165326276,0.41983967935871747
2022,11,DEU.10.6_1,0.15245644652904605,0.41906723417414665
2022,11,DEU.10.7_1,0.04399955220701318,0.40180360721442887
2022,11,DEU.10.8_1,0.04453114216719472,0.43486973947895785
2022,11,DEU.10.9_1,0.18201276899038665,0.4672650053936496
2022,11,DEU.11.10_1,0.6912025573697617,0.35743338009722875
2022,11,DEU.11.11_1,0.044808984791674694,0.4629258517034068
2022,11,DEU.11.12_1,0.25653315147633027,0.40598741309372455
2022,11,DEU.11.13_1,0.04321328510842757,0.36773547094188375
2022,11,DEU.11.14_1,0.32368229827716816,0.3957961312676206
2022,11,DEU.11.15_1,0.04287584243190795,0.35571142284569135
2022,11,DEU.11.16_1,0.4482798852055338,0.3660812656244743
2022,11,DEU.11.17_1,0.04188915779103525,0.32565130260521036
2022,11,DEU.11.18_1,0.04372806573251124,0.38877755511022033
2022,11,DEU.11.19_1,0.38428744670689846,0.4848927578664036
2022,11,DEU.11.1_1,0.38222626643675495,0.3415457914880514
2022,11,DEU.11.20_1,0.043020329301303804,0.3607214428857715
2022,11,DEU.11.21_1,0.4247468771814782,0.38542295409399996
2022,11,DEU.11.22_1,0.041961471838375,0.32765531062124253
2022,11,DEU.11.23_1,0.35616723466544187,0.3670296753764049
2022,11,DEU.11.24_1,0.043104350610421956,0.3637274549098196
2022,11,DEU.11.25_1,0.5159324375467261,0.32713090108804077
2022,11,DEU.11.26_1,0.5214743211352839,0.34202532042576683
2022,11,DEU.11.27_1,0.23502992001179887,0.47846423620236417
2022,11,DEU.11.28_1,0.043815398538475346,0.3927855711422847
2022,11,DEU.11.29_1,0.4021194644367366,0.41997724222282734
2022,11,DEU.11.2_1,0.49055467145237747,0.36065976169766606
2022,11,DEU.11.30_1,0.42329344503821953,0.4024913412430106
2022,11,DEU.11.31_1,0.4675711222837664,0.3867449032879177
2022,11,DEU.11.32_1,0.043445575871024905,0.37675350701402816
2022,11,DEU.11.33_1,0.46548387822276094,0.3435801956996466
2022,11,DEU.11.34_1,0.6249467603758385,0.35653276089980146
2022,11,DEU.11.35_1,0.04310435061042194,0.3637274549098196
2022,11,DEU.11.36_1,0.041961471838375,0.32765531062124253
2022,11,DEU.11.3_1,0.396759971201093,0.5058037481972447
2022,11,DEU.11.4_1,0.325188571045566,0.49418841449932727
2022,11,DEU.11.5_1,0.49578851569255533,0.3842398416258123
2022,11,DEU.11.6_1,0.4702372321323152,0.3728442137709132
2022,11,DEU.11.7_1,0.4398279264871369,0.3542295915907018
2022,11,DEU.11.8_1,0.42240190618205536,0.35408540461549093
2022,11,DEU.11.9_1,0.4093995252383965,0.3874811415071643
2022,11,DEU.12.1_1,0.1199880063129636,0.4050448237101144
2022,11,DEU.12.2_1,0.12119582286244716,0.42507788873413566
2022,11,DEU.12.3_1,0.14625206746044875,0.5135938474649332
2022,11,DEU.12.4_1,0.16686913416945526,0.4309933264797652
2022,11,DEU.12.5_1,0.1193902417411583,0.3929970128919366
2022,11,DEU.12.6_1,0.12765758599372246,0.39021283574372884
2022,11,DEU.13.10_1,0.20882621466594017,0.362431819785721
2022,11,DEU.13.11_1,0.20431557781832424,0.40951332949683056
2022,11,DEU.13.12_1,0.20830127303617035,0.3931891698618813
2022,11,DEU.13.13_1,0.22550894264360286,0.3714641443567733
2022,11,DEU.13.14_1,0.13211085838296802,0.35023303903804287
2022,11,DEU.13.1_1,0.16060943792708823,0.3635857230521317
2022,11,DEU.13.2_1,0.14088086279297843,0.3648283612774833
2022,11,DEU.13.3_1,0.2652679957387821,0.3881121331737888
2022,11,DEU.13.4_1,0.2591302341904705,0.3679206877065858
2022,11,DEU.13.5_1,0.04247379259847072,0.3426853707414829
2022,11,DEU.13.6_1,0.04296320426965438,0.35871743486973945
2022,11,DEU.13.7_1,0.20201595399340777,0.3825400009189128
2022,11,DEU.13.8_1,0.12581000017861027,0.36737506047750734
2022,11,DEU.13.9_1,0.042934307304553665,0.3577154308617234
2022,11,DEU.14.10_1,0.2387873009526282,0.32606019045813944
2022,11,DEU.14.11_1,0.2525458052484127,0.28437200409668995
2022,11,DEU.14.12_1,0.2597818893719174,0.2729408779981607
2022,11,DEU.14.13_1,0.24429561537451058,0.2953290618528104
2022,11,DEU.14.1_1,0.3298852397688988,0.3009733222989601
2022,11,DEU.14.2_1,0.0393549984327461,0.26753507014028055
2022,11,DEU.14.3_1,0.04018889231686864,0.2845691382765531
2022,11,DEU.14.4_1,0.3229440290282808,0.26548565351959935
2022,11,DEU.14.5_1,0.31170595958856995,0.29877166778621106
2022,11,DEU.14.6_1,0.04098763549272168,0.3026052104208417
2022,11,DEU.14.7_1,0.2524469074574995,0.33141261570324354
2022,11,DEU.14.8_1,0.2364216250604975,0.3368080529465269
2022,11,DEU.14.9_1,0.31429873382692214,0.29942056680792584
2022,11,DEU.15.10_1,0.41858599416448267,0.3828357926768671
2022,11,DEU.15.11_1,0.5772734902123011,0.3598492267212465
2022,11,DEU.15.12_1,0.5125336816337364,0.40311025480730595
2022,11,DEU.15.13_1,0.43813896559830817,0.3513082306711449
2022,11,DEU.15.14_1,0.4831324084316671,0.4041988036793742
2022,11,DEU.15.15_1,0.3329939608854333,0.3613323019027969
2022,11,DEU.15.1_1,0.494767441486198,0.4315891178091136
2022,11,DEU.15.2_1,0.04296320426965442,0.35871743486973945
2022,11,DEU.15.3_1,0.5129796581217808,0.3410257046944392
2022,11,DEU.15.4_1,0.0419972717725777,0.32865731462925857
2022,11,DEU.15.5_1,0.04181588777480876,0.3236472945891783
2022,11,DEU.15.6_1,0.04107123585527142,0.3046092184368738
2022,11,DEU.15.7_1,0.504452803007334,0.4427695895508197
2022,11,DEU.15.8_1,0.2688062645253051,0.35928134729095074
2022,11,DEU.15.9_1,0.3172802696146547,0.40390772845521006
2022,11,DEU.16.10_1,0.040598801658404765,0.2935871743486973
2022,11,DEU.16.11_1,0.29110299568653913,0.35150828799229006
2022,11,DEU.16.12_1,0.2243204653141005,0.3144878905078445
2022,11,DEU.16.13_1,0.40931328477329454,0.28743540723263816
2022,11,DEU.16.14_1,0.35423570061912857,0.2751210016489418
2022,11,DEU.16.15_1,0.2621625954152804,0.29506650006695223
2022,11,DEU.16.16_1,0.34202631093360997,0.31830388847798796
2022,11,DEU.16.17_1,0.33766606597331617,0.4095186441788099
2022,11,DEU.16.18_1,0.14145853675296027,0.30826177462230436
2022,11,DEU.16.19_1,0.040047472526148715,0.2815631262525049
2022,11,DEU.16.1_1,0.2729607265305814,0.34679232324838555
2022,11,DEU.16.20_1,0.287761537004052,0.35414962350462337
2022,11,DEU.16.21_1,0.30769807981177816,0.31736842217588557
2022,11,DEU.16.22_1,0.3415738749859893,0.3241617235089178
2022,11,DEU.16.23_1,0.03791952713584331,0.24148296593186372
2022,11,DEU.16.2_1,0.38781983272542975,0.3096319689056289
2022,11,DEU.16.3_1,0.039041398656213214,0.26152304609218435
2022,11,DEU.16.4_1,0.03925160781713166,0.2655310621242485
2022,11,DEU.16.5_1,0.03855140733844689,0.25250501002004005
2022,11,DEU.16.6_1,0.30169386825672273,0.3424551154281996
2022,11,DEU.16.7_1,0.2888161976810543,0.30001929670034894
2022,11,DEU.16.8_1,0.2556692592926357,0.2827999597361871
2022,11,DEU.16.9_1,0.27472220762918714,0.29549088197153767
2022,11,DEU.2.10_1,0.29267003513249207,0.29771833155585425
2022,11,DEU.2.11_1,0.2688764510778902,0.3065189299820664
2022,11,DEU.2.12_1,0.19097227131452074,0.2469545208421624
2022,11,DEU.2.13_1,0.041590295933603944,0.3176352705410822
2022,11,DEU.2.14_1,0.28982004122651456,0.3047427817670418
2022,11,DEU.2.15_1,0.03693235379410996,0.2254509018036072
2022,11,DEU.2.16_1,0.28340639234052156,0.27130328662623854
2022,11,DEU.2.17_1,0.15395202521319343,0.20672883914070642
2022,11,DEU.2.18_1,0.25467426451987063,0.2558693322988988
2022,11,DEU.2.19_1,0.04004747252614876,0.2815631262525049
2022,11,DEU.2.1_1,0.20752408458203409,0.2929728063005308
2022,11,DEU.2.20_1,0.18755544935562607,0.29469071976978156
2022,11,DEU.2.21_1,0.1728857381263835,0.2864764443622603
2022,11,DEU.2.22_1,0.21373034632368113,0.28502351206407334
2022,11,DEU.2.23_1,0.22485219020494582,0.31754817915887773
2022,11,DEU.2.24_1,0.1644951688744891,0.3007871271141812
2022,11,DEU.2.25_1,0.29471932888071745,0.31938546516992256
2022,11,DEU.2.26_1,0.2024929886863578,0.2734671967999295
2022,11,DEU.2.27_1,0.2354377291032992,0.2898817719519003
2022,11,DEU.2.28_1,0.21292970673769296,0.2796222840544061
2022,11,DEU.2.29_1,0.25497971263931196,0.311480310513808
2022,11,DEU.2.2_1,0.20493481939689168,0.2834420304280141
2022,11,DEU.2.30_1,0.03990362322256469,0.2785571142284569
2022,11,DEU.2.31_1,0.03955839203846013,0.2715430861723447
2022,11,DEU.2.32_1,0.22622006490112337,0.2843141221092334
2022,11,DEU.2.33_1,0.2075344021142479,0.29302665573553965
2022,11,DEU.2.34_1,0.24178843849534087,0.2523562542961761
2022,11,DEU.2.35_1,0.20261800962911714,0.291626337898484
2022,11,DEU.2.36_1,0.15837957598961508,0.29780936044529555
2022,11,DEU.2.37_1,0.17352718757577826,0.18640345585467552
2022,11,DEU.2.38_1,0.252955814558506,0.2853598798904407
2022,11,DEU.2.39_1,0.21433678437080225,0.2850160365486262
2022,11,DEU.2.3_1,0.22260494323831428,0.26879414423185666
2022,11,DEU.2.40_1,0.038325904827475506,0.24849699398797595
2022,11,DEU.2.41_1,0.2245190123404821,0.24883938370961678
2022,11,DEU.2.42_1,0.04077418558574738,0.29759519038076154
2022,11,DEU.2.43_1,0.03620416898054942,0.21442885771543072
2022,11,DEU.2.44_1,0.22596064889100323,0.3051885943862779
2022,11,DEU.2.45_1,0.03599823425056956,0.21142284569138262
2022,11,DEU.2.46_1,0.24422301463680185,0.33293977357671994
2022,11,DEU.2.47_1,0.18094854232093754,0.25467458931582787
2022,11,DEU.2.48_1,0.18925204511566915,0.25155628318694184
2022,11,DEU.2.49_1,0.23335590925032848,0.26876799766254295
2022,11,DEU.2.4_1,0.03627210338175869,0.21543086172344697
2022,11,DEU.2.50_1,0.039903623222564626,0.2785571142284569
2022,11,DEU.2.51_1,0.24910805153306587,0.2856055726316974
2022,11,DEU.2.52_1,0.14934925336325702,0.27886397009496144
2022,11,DEU.2.53_1,0.17492832368045025,0.26474653890762456
2022,11,DEU.2.54_1,0.04037371252013142,0.28857715430861725
2022,11,DEU.2.55_1,0.3085020536099334,0.3251213764169561
2022,11,DEU.2.56_1,0.03680304076042709,0.22344689378757523
2022,11,DEU.2.57_1,0.15662731378276196,0.2132201135302793
2022,11,DEU.2.58_1,0.262039357875712,0.36510351000546104
2022,11,DEU.2.59_1,0.23956179292998442,0.2922977238640073
2022,11,DEU.2.5_1,0.03882656321699924,0.2575150300601202
2022,11,DEU.2.60_1,0.2449709987705844,0.34154245374185144
2022,11,DEU.2.61_1,0.1938134145021932,0.2928115000515425
2022,11,DEU.2.62_1,0.18246119924956483,0.3170311736608349
2022,11,DEU.2.63_1,0.18066332730569537,0.2753703936521671
2022,11,DEU.2.64_1,0.26732749618330864,0.3000110939363603
2022,11,DEU.2.65_1,0.2607194413514237,0.2549280767661603
2022,11,DEU.2.66_1,0.27781593336603205,0.3529440968099979
2022,11,DEU.2.67_1,0.0399036232225644,0.2785571142284569
2022,11,DEU.2.68_1,0.19529920396406053,0.186737531463888
2022,11,DEU.2.69_1,0.26300022999851347,0.2273694728141741
2022,11,DEU.2.6_1,0.3303999654911438,0.30231727172090356
2022,11,DEU.2.70_1,0.03791952713584335,0.24148296593186372
2022,11,DEU.2.71_1,0.26026519400364617,0.28714477231598107
2022,11,DEU.2.72_1,0.18446585744968239,0.2949220771660474
2022,11,DEU.2.73_1,0.1950307272990511,0.24697468819537066
2022,11,DEU.2.74_1,0.040327905634718976,0.2875751503006012
2022,11,DEU.2.75_1,0.27651742444884586,0.28881564906408685
2022,11,DEU.2.76_1,0.28243579404171737,0.2837430846837502
2022,11,DEU.2.77_1,0.036540335529758626,0.219438877755511
2022,11,DEU.2.78_1,0.27852201677498295,0.2458011941228725
2022,11,DEU.2.79_1,0.19614590012016186,0.3168231238960718
2022,11,DEU.2.7_1,0.04206816021258256,0.33066132264529063
2022,11,DEU.2.80_1,0.23084583723757932,0.2715660867271764
2022,11,DEU.2.81_1,0.037436301303507724,0.23346693386773534
2022,11,DEU.2.82_1,0.2395671226889725,0.25278642065440793
2022,11,DEU.2.83_1,0.04014202089616862,0.2835671342685371
2022,11,DEU.2.84_1,0.2584355928114164,0.3091635897574894
2022,11,DEU.2.85_1,0.1613394090953924,0.2859047846766401
2022,11,DEU.2.86_1,0.2574740214383699,0.2771177912595568
2022,11,DEU.2.87_1,0.04363733070841164,0.3847695390781563
2022,11,DEU.2.88_1,0.20827528504251355,0.24531898128593888
2022,11,DEU.2.89_1,0.24713128070426488,0.25736159018269655
2022,11,DEU.2.8_1,0.281387477186196,0.3312479091606233
2022,11,DEU.2.90_1,0.2989916948246531,0.2617700252541786
2022,11,DEU.2.91_1,0.04090302106854621,0.30060120240480964
2022,11,DEU.2.92_1,0.03882656321699921,0.2575150300601202
2022,11,DEU.2.93_1,0.23425051630885024,0.24561267287430952
2022,11,DEU.2.94_1,0.2189952599683224,0.2876062156544725
2022,11,DEU.2.95_1,0.20699326039034574,0.26067972296862374
2022,11,DEU.2.96_1,0.3238601675216537,0.3208047174372961
2022,11,DEU.2.9_1,0.03980636226420788,0.27655310621242485
2022,11,DEU.3.1_1,0.041741657236556,0.32164328657314634
2022,11,DEU.4.10_1,0.2158846306361177,0.31280716558037996
2022,11,DEU.4.11_1,0.26483665335985007,0.320271110525661
2022,11,DEU.4.12_1,0.21002268972438232,0.3350242300384268
2022,11,DEU.4.13_1,0.2713634586828106,0.3600503858773424
2022,11,DEU.4.14_1,0.040235496357250024,0.28557114228456904
2022,11,DEU.4.15_1,0.22036627725318714,0.31386258239195686
2022,11,DEU.4.16_1,0.23685213369039018,0.313319160907489
2022,11,DEU.4.17_1,0.16961737442693914,0.2984712227001282
2022,11,DEU.4.18_1,0.2575393428510932,0.3496747950203833
2022,11,DEU.4.1_1,0.21722468240151263,0.32047551588328455
2022,11,DEU.4.2_1,0.04073072715680167,0.2965931863727455
2022,11,DEU.4.3_1,0.03985512948058406,0.2775551102204409
2022,11,DEU.4.4_1,0.2659067825794036,0.33468093649849756
2022,11,DEU.4.5_1,0.24691418714652533,0.30644182689798694
2022,11,DEU.4.6_1,0.0402818338537882,0.2865731462925852
2022,11,DEU.4.7_1,0.2212746115094566,0.3186841553460721
2022,11,DEU.4.8_1,0.29534302296284987,0.33391862443983794
2022,11,DEU.4.9_1,0.19027011015207745,0.3308572091528117
2022,11,DEU.5.1_1,0.0430485581730062,0.36172344689378755
2022,11,DEU.5.2_1,0.04269505000836716,0.34969939879759515
2022,11,DEU.6.1_1,0.0278914409052787,0.12024048096192395
2022,11,DEU.7.10_1,0.044689705144481943,0.5490981963927856
2022,11,DEU.7.11_1,0.2652585145679909,0.666558424993451
2022,11,DEU.7.12_1,0.23060617893803137,0.7051950350001992
2022,11,DEU.7.13_1,0.20836557680962775,0.7228276691592378
2022,11,DEU.7.14_1,0.2627640408747129,0.7283612131670119
2022,11,DEU.7.15_1,0.1593607611733618,0.8100676201674991
2022,11,DEU.7.16_1,0.2257678098334587,0.6963416808541117
2022,11,DEU.7.17_1,0.18432323916869953,0.7259594922735341
2022,11,DEU.7.18_1,0.042756217206510176,0.6462925851703407
2022,11,DEU.7.19_1,0.16745223126483627,0.8015914377919497
2022,11,DEU.7.1_1,0.22921431032182885,0.7353598113460339
2022,11,DEU.7.20_1,0.1977399962349758,0.6990540687785821
2022,11,DEU.7.21_1,0.2516165752026011,0.6542567408119441
2022,11,DEU.7.22_1,0.2103753850882644,0.6544970151779336
2022,11,DEU.7.23_1,0.22670787133080195,0.6427630483765664
2022,11,DEU.7.24_1,0.19887825570715387,0.6338176016501985
2022,11,DEU.7.25_1,0.24037382753829892,0.7094055721122775
2022,11,DEU.7.26_1,0.04425241372600008,0.5821643286573146
2022,11,DEU.7.2_1,0.22962268089707752,0.72654484976892
2022,11,DEU.7.3_1,0.04396009938621717,0.5981963927855711
2022,11,DEU.7.4_1,0.0434702992418228,0.6202404809619239
2022,11,DEU.7.5_1,0.23198546455784114,0.6306589922777693
2022,11,DEU.7.6_1,0.20382971525075644,0.6930527111725405
2022,11,DEU.7.7_1,0.1772987860229112,0.7411361410289542
2022,11,DEU.7.8_1,0.21611857914901172,0.6383431170859075
2022,11,DEU.7.9_1,0.17198841742887458,0.707034650048977
2022,11,DEU.8.1_1,0.5348545705254465,0.3184654213473124
2022,11,DEU.8.2_1,0.5451265565569479,0.3156485659241733
2022,11,DEU.8.3_1,0.4056411270352451,0.3363854058758786
2022,11,DEU.8.4_1,0.04123541661552885,0.3086172344689379
2022,11,DEU.8.5_1,0.4713052171023978,0.3203564559268306
2022,11,DEU.8.6_1,0.041029562080287206,0.30360721442885763
2022,11,DEU.8.7_1,0.511309622899671,0.32750910912588027
2022,11,DEU.8.8_1,0.42571220895703854,0.34117458450530574
2022,11,DEU.9.10_1,0.3533386085690162,0.3838695737511323
2022,11,DEU.9.11_1,0.11912678522592177,0.3982061684663515
2022,11,DEU.9.12_1,0.28555849272494843,0.3325506986737857
2022,11,DEU.9.13_1,0.14179682419620715,0.3107677225522058
2022,11,DEU.9.14_1,0.237621087143129,0.3393895965453947
2022,11,DEU.9.15_1,0.22941719970780805,0.41031402805221323
2022,11,DEU.9.16_1,0.12189219859734217,0.3245220824275819
2022,11,DEU.9.17_1,0.28921276304974264,0.3519365730874943
2022,11,DEU.9.18_1,0.21531606936426353,0.33484062717491425
2022,11,DEU.9.19_1,0.24597603869628107,0.34607141380213186
2022,11,DEU.9.1_1,0.1100902206354684,0.38977435551302797
2022,11,DEU.9.20_1,0.27755774974673564,0.3288634571762156
2022,11,DEU.9.21_1,0.2739665151334709,0.3277547107364809
2022,11,DEU.9.22_1,0.19755568308058924,0.4451876024184443
2022,11,DEU.9.23_1,0.23317735434846015,0.3158753329767291
2022,11,DEU.9.24_1,0.29038097074807007,0.3414919720458434
2022,11,DEU.9.25_1,0.268144934181822,0.35843027734317545
2022,11,DEU.9.26_1,0.14851144761854457,0.3138130462578158
2022,11,DEU.9.27_1,0.043395479523805965,0.374749498997996
2022,11,DEU.9.28_1,0.17190921779941454,0.3534785538489311
2022,11,DEU.9.29_1,0.04287584243190795,0.35571142284569135
2022,11,DEU.9.2_1,0.22001930087714838,0.47784335268139905
2022,11,DEU.9.30_1,0.2642200694970911,0.3752831319031365
2022,11,DEU.9.31_1,0.1498451306323893,0.3874405442047934
2022,11,DEU.9.32_1,0.156306577192748,0.324698509542802
2022,11,DEU.9.33_1,0.11630815918171622,0.35257338339694444
2022,11,DEU.9.34_1,0.20392034413029506,0.3539158848324971
2022,11,DEU.9.35_1,0.33905924936459625,0.35600929424986155
2022,11,DEU.9.36_1,0.04119474721446171,0.30761523046092176
2022,11,DEU.9.37_1,0.2747085634341034,0.3538382713327217
2022,11,DEU.9.38_1,0.2893429204324184,0.404877906003139
2022,11,DEU.9.39_1,0.22757869875096917,0.3294561863926857
2022,11,DEU.9.3_1,0.04181588777480875,0.3236472945891783
2022,11,DEU.9.40_1,0.14174964970330894,0.3741932730858775
2022,11,DEU.9.41_1,0.1506441371499067,0.409370760781407
2022,11,DEU.9.42_1,0.13705565935780392,0.41773981149351247
2022,11,DEU.9.43_1,0.04284627369426694,0.3547094188376753
2022,11,DEU.9.44_1,0.19924274296725691,0.4837074566911901
2022,11,DEU.9.45_1,0.263940076553639,0.3432131529415419
2022,11,DEU.9.46_1,0.040554307228194815,0.2925851703406814
2022,11,DEU.9.4_1,0.20306305296082242,0.3471202071506834
2022,11,DEU.9.5_1,0.16259008883532763,0.3818887315206024
2022,11,DEU.9.6_1,0.25280576828385026,0.42885769897568454
2022,11,DEU.9.7_1,0.042695050008367194,0.34969939879759515
2022,11,DEU.9.8_1,0.30571115778831487,0.36820241710791685
2022,11,DEU.9.9_1,0.04230885585925812,0.33767535070140275
2022,11,DNK.1.10_1,0.03940626880286665,0.7294589178356713
2022,11,DNK.1.11_1,0.0423755249140211,0.3396793587174348
2022,11,DNK.1.12_1,0.04307656514524693,0.3627254509018036
2022,11,DNK.1.13_1,0.04269505000836716,0.6482965931863728
2022,11,DNK.1.14_1,0.044094529756491474,0.4068136272545089
2022,11,DNK.1.15_1,0.04296320426965445,0.6392785571142284
2022,11,DNK.1.16_1,0.04094545539146503,0.3016032064128257
2022,11,DNK.1.17_1,0.04263297507375737,0.3476953907815631
2022,11,DNK.1.18_1,0.04244126750596147,0.3416833667334669
2022,11,DNK.1.19_1,0.04234230644091953,0.3386773547094188
2022,11,DNK.1.1_1,0.043445575871024905,0.37675350701402816
2022,11,DNK.1.20_1,0.042846273694266954,0.3547094188376753
2022,11,DNK.1.21_1,0.04351909805326036,0.37975951903807614
2022,11,DNK.1.22_1,0.04339547952380595,0.374749498997996
2022,11,DNK.1.23_1,0.04485398620835511,0.469939879759519
2022,11,DNK.1.24_1,0.0436141131118018,0.3837675350701404
2022,11,DNK.1.25_1,0.04310435061042197,0.6342685370741483
2022,11,DNK.1.26_1,0.043445575871024905,0.37675350701402816
2022,11,DNK.1.27_1,0.03888070953173469,0.7394789579158316
2022,11,DNK.1.28_1,0.04331870585301195,0.3717434869739479
2022,11,DNK.1.2_1,0.042538152775059304,0.344689378757515
2022,11,DNK.1.30_1,0.044285229284473274,0.4178356713426853
2022,11,DNK.1.3_1,0.043660334463641655,0.38577154308617234
2022,11,DNK.1.4_1,0.04123541661552884,0.3086172344689379
2022,11,DNK.1.5_1,0.04443701358204493,0.42785571142284573
2022,11,DNK.1.8_1,0.042103249802654126,0.33166332665330667
2022,11,DNK.1.9_1,0.04185264256153213,0.32464929859719444
2022,11,DNK.2.10_1,0.026097943394769067,0.10521042084168335
2022,11,DNK.2.11_1,0.027312557164847505,0.11523046092184368
2022,11,DNK.2.12_1,0.02493350870553615,0.09619238476953905
2022,11,DNK.2.14_1,0.026470656961829556,0.10821643286573145
2022,11,DNK.2.15_1,0.024664728647610275,0.09418837675350698
2022,11,DNK.2.16_1,0.02867250735884839,0.12725450901803606
2022,11,DNK.2.17_1,0.02811801399473338,0.12224448897795602
2022,11,DNK.2.18_1,0.02609794339476907,0.10521042084168335
2022,11,DNK.2.19_1,0.02493350870553609,0.09619238476953905
2022,11,DNK.2.1_1,0.027662052453809607,0.11823647294589178
2022,11,DNK.2.2_1,0.025066483999070334,0.09719438877755508
2022,11,DNK.2.3_1,0.026347237652495643,0.10721442885771541
2022,11,DNK.2.4_1,0.026097943394769067,0.10521042084168335
2022,11,DNK.2.5_1,0.026715088628979294,0.11022044088176362
2022,11,DNK.2.6_1,0.028230263129052656,0.12324649298597194
2022,11,DNK.2.7_1,0.024799594579291807,0.09519038076152302
2022,11,DNK.2.8_1,0.024254285194864875,0.09118236472945888
2022,11,DNK.2.9_1,0.025717710011312567,0.10220440881763525
2022,11,DNK.2_1,0.02719458349826074,0.11422845691382753
2022,11,DNK.3.10_1,0.040817386891126684,0.2985971943887776
2022,11,DNK.3.11_1,0.04135593101323889,0.3116232464929859
2022,11,DNK.3.1_1,0.04210324980265415,0.33166332665330667
2022,11,DNK.3.2_1,0.04139560672745634,0.31262525050100204
2022,11,DNK.3.3_1,0.041395606727456395,0.31262525050100204
2022,11,DNK.3.4_1,0.04102956208028718,0.30360721442885763
2022,11,DNK.3.5_1,0.04166646153391287,0.31963927855711427
2022,11,DNK.3.7_1,0.04217272239431715,0.3336673346693386
2022,11,DNK.3.8_1,0.0429051868296193,0.35671342685370727
2022,11,DNK.3.9_1,0.041029562080287164,0.30360721442885763
2022,11,DNK.4.10_1,0.04206816021258256,0.33066132264529063
2022,11,DNK.4.11_1,0.0425381527750593,0.344689378757515
2022,11,DNK.4.12_1,0.04240851177262513,0.34068136272545096
2022,11,DNK.4.13_1,0.04227517267010106,0.33667334669338683
2022,11,DNK.4.14_1,0.04281648019531074,0.3537074148296593
2022,11,DNK.4.15_1,0.04073072715680166,0.2965931863727455
2022,11,DNK.4.16_1,0.04073072715680167,0.2965931863727455
2022,11,DNK.4.17_1,0.04151315560969298,0.31563126252505014
2022,11,DNK.4.1_1,0.0396584106640945,0.27354709418837675
2022,11,DNK.4.2_1,0.04342063607792696,0.3757515030060121
2022,11,DNK.4.3_1,0.03999979386183113,0.280561122244489
2022,11,DNK.4.4_1,0.041741657236556,0.32164328657314634
2022,11,DNK.4.5_1,0.04196147183837503,0.32765531062124253
2022,11,DNK.4.6_1,0.04068701086093324,0.29559118236472937
2022,11,DNK.4.7_1,0.04188915779103527,0.32565130260521036
2022,11,DNK.4.8_1,0.04210324980265417,0.33166332665330667
2022,11,DNK.4.9_1,0.0414350356417973,0.31362725450901807
2022,11,DNK.5.10_1,0.04196147183837499,0.32765531062124253
2022,11,DNK.5.11_1,0.04275621720651015,0.35170340681362733
2022,11,DNK.5.12_1,0.04123541661552886,0.3086172344689379
2022,11,DNK.5.13_1,0.04155184791738723,0.31663326653306617
2022,11,DNK.5.14_1,0.041628500270395094,0.3186372745490981
2022,11,DNK.5.15_1,0.0418526425615322,0.32464929859719444
2022,11,DNK.5.16_1,0.04272574685239878,0.3507014028056112
2022,11,DNK.5.17_1,0.04192543402968462,0.3266533066132265
2022,11,DNK.5.18_1,0.041551847917387225,0.31663326653306617
2022,11,DNK.5.19_1,0.04188915779103524,0.32565130260521036
2022,11,DNK.5.1_1,0.040373712520131444,0.28857715430861725
2022,11,DNK.5.20_1,0.04127583660913793,0.30961923847695383
2022,11,DNK.5.21_1,0.04181588777480876,0.3236472945891783
2022,11,DNK.5.22_1,0.0423755249140211,0.3396793587174348
2022,11,DNK.5.2_1,0.04256998880442952,0.345691382765531
2022,11,DNK.5.3_1,0.042934307304553665,0.3577154308617234
2022,11,DNK.5.4_1,0.042068160212582514,0.33066132264529063
2022,11,DNK.5.5_1,0.04287584243190796,0.35571142284569135
2022,11,DNK.5.6_1,0.04068701086093324,0.29559118236472937
2022,11,DNK.5.8_1,0.04321328510842757,0.36773547094188375
2022,11,DNK.5.9_1,0.04217272239431716,0.3336673346693386
2022,11,ESP.1.1_1,0.4295393142132843,0.32995181394926315
2022,11,ESP.1.2_1,0.31163508338193874,0.5791982423307144
2022,11,ESP.1.3_1,0.407244032429033,0.4460655935961686
2022,11,ESP.1.4_1,0.5167315241707198,0.2502871653862045
2022,11,ESP.1.5_1,0.4199854479623096,0.535669096882024
2022,11,ESP.1.6_1,0.42464099748441914,0.318386825035162
2022,11,ESP.1.7_1,0.46650627230981867,0.45069212294685146
2022,11,ESP.1.8_1,0.4870317939450365,0.6133246462328267
2022,11,ESP.10.1_1,0.5689548932873897,0.6657269264558825
2022,11,ESP.10.2_1,0.5506138027848234,0.53777466096739035
2022,11,ESP.10.3_1,0.7810631502366365,0.6912227123639422
2022,11,ESP.11.1_1,0.44303339524344343,0.15837967443051865
2022,11,ESP.11.2_1,0.49407152749795114,0.14448983291692719
2022,11,ESP.12.1_1,0.4710145579706779,0.5943665336319507
2022,11,ESP.12.2_1,0.38350322048813545,0.45435362044540156
2022,11,ESP.12.3_1,0.4484641785431776,0.44640586915147557
2022,11,ESP.12.4_1,0.37845211666638645,0.6213053071069746
2022,11,ESP.13.1_1,0.39558766543812435,0.6435772753838518
2022,11,ESP.14.1_1,0.04006193042540527,0.9608393394566731
2022,11,ESP.15.1_1,0.5682861582196146,0.3188536414878279
2022,11,ESP.16.1_1,0.3554910880039204,0.504067063830243
2022,11,ESP.16.2_1,0.4579158802613967,0.5978061532595448
2022,11,ESP.16.3_1,0.5045649102646851,0.661184765877963
2022,11,ESP.17.1_1,0.2745113111041666,0.12307307362419952
2022,11,ESP.18.1_1,0.30361862887705426,0.42049095895404703
2022,11,ESP.2.1_1,0.6561305206277823,0.42188405215301955
2022,11,ESP.2.2_1,0.695253884227061,0.37027473649111037
2022,11,ESP.2.3_1,0.8076846830402137,0.4608366184104429
2022,11,ESP.3.1_1,0.4761000995407883,0.4978814926396161
2022,11,ESP.4.1_1,0.39997679638348754,0.2947796892266789
2022,11,ESP.4.2_1,0.452238119169397,0.3574989611361658
2022,11,ESP.4.3_1,0.6604502874373264,0.29438648675183976
2022,11,ESP.4.4_1,0.72087959134973,0.28918805092470523
2022,11,ESP.4.5_1,0.6694208008679712,0.4438035721508325
2022,11,ESP.5.1_1,0.7614263635866554,0.6117830937152621
2022,11,ESP.5.2_1,0.9972209808123735,0.5957527122569413
2022,11,ESP.5.3_1,0.713433589536789,0.5779201250551893
2022,11,ESP.5.4_1,0.6674813249381186,0.6364857938029074
2022,11,ESP.5.5_1,0.9331148983967106,0.6785737922121369
2022,11,ESP.5.6_1,0.7099482164567198,0.5744492408278675
2022,11,ESP.5.7_1,0.656687561618047,0.5017555842195035
2022,11,ESP.5.8_1,0.7302576118418946,0.6799708952603976
2022,11,ESP.5.9_1,0.7658094844442345,0.6688951170443221
2022,11,ESP.6.1_1,0.8337399857642441,0.723220874233472
2022,11,ESP.6.2_1,0.7107940851119783,0.6694818316561459
2022,11,ESP.6.3_1,0.7110772870895766,0.5010766481471403
2022,11,ESP.6.4_1,0.6549272012694171,0.6543516306692275
2022,11,ESP.7.1_1,0.042582841541560605,0.954550515242614
2022,11,ESP.7.2_1,0.05401002527049227,0.8633279684445339
2022,11,ESP.8.1_1,0.6485916731644893,0.5661136749055424
2022,11,ESP.9.1_1,0.8839104000241107,0.5970274723005656
2022,11,EST.1.10_1,0.27847989325140515,0.18680514768499737
2022,11,EST.1.11_1,0.03627210338175869,0.21543086172344697
2022,11,EST.1.12_1,0.03693235379410999,0.2254509018036072
2022,11,EST.1.13_1,0.16003421037116916,0.19326459475571856
2022,11,EST.1.14_1,0.18017892522690657,0.19187516130787344
2022,11,EST.1.15_1,0.03620416898054935,0.21442885771543072
2022,11,EST.1.16_1,0.13856763907785605,0.18158069556562897
2022,11,EST.1.17_1,0.20632215898405584,0.19687163146917347
2022,11,EST.1.18_1,0.17529366329468246,0.20673336082905347
2022,11,EST.1.19_1,0.1551297680775111,0.19144954119260071
2022,11,EST.1.1_1,0.033258631329692014,0.17535070140280565
2022,11,EST.1.20_1,0.137889588824927,0.39979176952702095
2022,11,EST.1.21_1,0.07794085201336523,0.17860106142275223
2022,11,EST.1.22_1,0.17192065257879283,0.3570323460819606
2022,11,EST.1.2_1,0.20633091769610779,0.1807753009226425
2022,11,EST.1.3_1,0.17789618269285754,0.1985253490668514
2022,11,EST.1.4_1,0.19855623699673788,0.21222826287625673
2022,11,EST.1.5_1,0.17803616399787242,0.21954789226848706
2022,11,EST.1.6_1,0.14800944215867554,0.18257278907614474
2022,11,EST.1.7_1,0.14947681419604456,0.2196926137771913
2022,11,EST.1.8_1,0.17662790265846548,0.17250617072912136
2022,11,EST.1.9_1,0.21829844081612595,0.17154087128525924
2022,11,EST.10.10_1,0.18391395149606218,0.16490294100379566
2022,11,EST.10.11_1,0.13483606367333115,0.15478335697898826
2022,11,EST.10.12_1,0.20184901572073993,0.15605015183555102
2022,11,EST.10.13_1,0.1089353843370575,0.16640535179669683
2022,11,EST.10.14_1,0.18932450693559552,0.16195874830089343
2022,11,EST.10.1_1,0.09994744615930476,0.15377053662809465
2022,11,EST.10.2_1,0.1616755570596461,0.16204316029032892
2022,11,EST.10.3_1,0.11644762545217059,0.1556199497169284
2022,11,EST.10.4_1,0.11717917148508797,0.15794080471271646
2022,11,EST.10.5_1,0.14593964634768275,0.16267462807785452
2022,11,EST.10.6_1,0.12849922051651308,0.14919937080769483
2022,11,EST.10.7_1,0.18991956930401308,0.15824579445985404
2022,11,EST.10.8_1,0.03446311269826634,0.19038076152304603
2022,11,EST.10.9_1,0.17548752009781088,0.1532039971544771
2022,11,EST.11.10_1,0.19063230639458015,0.19111550982421058
2022,11,EST.11.1_1,0.03391285105217092,0.1833667334669339
2022,11,EST.11.2_1,0.12448602681317604,0.18521563298535249
2022,11,EST.11.3_1,0.12739694631488369,0.17609736435905993
2022,11,EST.11.4_1,0.1046059806175393,0.17245060927051492
2022,11,EST.11.5_1,0.255299447397589,0.1910690775084802
2022,11,EST.11.6_1,0.17880874801465568,0.1888052846993843
2022,11,EST.11.7_1,0.32888530297370444,0.17758627877480562
2022,11,EST.11.8_1,0.16270363812520525,0.1649266928813108
2022,11,EST.11.9_1,0.23191596504503553,0.17627055921099322
2022,11,EST.12.10_1,0.233999797641614,0.21662789077555092
2022,11,EST.12.11_1,0.2426245994060554,0.2296854603674939
2022,11,EST.12.12_1,0.212575439921765,0.23537419420846412
2022,11,EST.12.14_1,0.15013736820804796,0.2510473185620147
2022,11,EST.12.15_1,0.16999763746156504,0.24744159447911868
2022,11,EST.12.16_1,0.21368184954079425,0.2152842171111046
2022,11,EST.12.1_1,0.3245984385616812,0.22938862988302097
2022,11,EST.12.2_1,0.18701670023953185,0.22739928941440693
2022,11,EST.12.3_1,0.22817859500283225,0.2578033417685274
2022,11,EST.12.4_1,0.04170418032446183,0.3206412825651303
2022,11,EST.12.5_1,0.183273723047159,0.21420061372190713
2022,11,EST.12.6_1,0.28711529234120814,0.22796553890420926
2022,11,EST.12.7_1,0.17939315602230752,0.23022438163672365
2022,11,EST.12.8_1,0.2728016036339335,0.20965824466135632
2022,11,EST.12.9_1,0.15095302250081483,0.2296014331511577
2022,11,EST.13.10_1,0.11083089334825796,0.1782761959810534
2022,11,EST.13.11_1,0.15504503543501863,0.1459350675716681
2022,11,EST.13.12_1,0.08339046501321684,0.1657854500741561
2022,11,EST.13.13_1,0.029629830206987666,0.13627254509018036
2022,11,EST.13.14_1,0.14845312403040087,0.1609064130672003
2022,11,EST.13.15_1,0.14669974908797684,0.15413973232297062
2022,11,EST.13.16_1,0.1326374146544745,0.14858358545660008
2022,11,EST.13.17_1,0.11868315417937673,0.16610038446532266
2022,11,EST.13.18_1,0.2305738702792938,0.16344949032193712
2022,11,EST.13.19_1,0.13553962870584602,0.19063043813543076
2022,11,EST.13.1_1,0.1967822269218594,0.16462722460911278
2022,11,EST.13.20_1,0.18803603778690603,0.17052852392348275
2022,11,EST.13.21_1,0.12304029403484754,0.16108883455261813
2022,11,EST.13.22_1,0.04018889231686864,0.2845691382765531
2022,11,EST.13.2_1,0.05131040067558988,0.2072185471258958
2022,11,EST.13.3_1,0.15386090801504176,0.16196415762023603
2022,11,EST.13.4_1,0.0340721371983879,0.18537074148296598
2022,11,EST.13.5_1,0.19185865492375034,0.16032450043834856
2022,11,EST.13.6_1,0.13649688383220884,0.159545707433074
2022,11,EST.13.7_1,0.08381046617070478,0.1675337698418711
2022,11,EST.13.8_1,0.160343670313869,0.16970064379133862
2022,11,EST.13.9_1,0.13096018422207562,0.14368611046812155
2022,11,EST.14.10_1,0.12180656755639345,0.15670012764435493
2022,11,EST.14.11_1,0.13429282025881006,0.166961677050481
2022,11,EST.14.12_1,0.036135880523205315,0.2134268537074148
2022,11,EST.14.13_1,0.03446311269826636,0.19038076152304603
2022,11,EST.14.1_1,0.1339697641474043,0.16584172395735278
2022,11,EST.14.2_1,0.10119922725767735,0.15992284376455648
2022,11,EST.14.3_1,0.12708957811006089,0.15845331914887872
2022,11,EST.14.4_1,0.10446986415155722,0.17553072146974089
2022,11,EST.14.5_1,0.12680836364255493,0.15753547319915032
2022,11,EST.14.6_1,0.12708113375975122,0.158177548809488
2022,11,EST.14.7_1,0.1577075145000319,0.1523661284060128
2022,11,EST.14.8_1,0.15250077453550584,0.16997566312391862
2022,11,EST.14.9_1,0.1281515769102756,0.16333405720934355
2022,11,EST.15.10_1,0.11935365130350005,0.16569210464541753
2022,11,EST.15.11_1,0.24884894651076395,0.17777336784014633
2022,11,EST.15.12_1,0.21365770877047247,0.1681439284301642
2022,11,EST.15.13_1,0.16375384579481841,0.16902498966188587
2022,11,EST.15.14_1,0.03667237233065545,0.22144288577154306
2022,11,EST.15.15_1,0.035288128089801835,0.2014028056112225
2022,11,EST.15.1_1,0.14119895404512184,0.17472402262623463
2022,11,EST.15.2_1,0.17335872772924338,0.1643148422918915
2022,11,EST.15.3_1,0.15652052304954103,0.1585703674695437
2022,11,EST.15.4_1,0.134310796471934,0.15315305017596476
2022,11,EST.15.5_1,0.13513038271947653,0.16980557595359014
2022,11,EST.15.6_1,0.11500706144408618,0.1917144781229631
2022,11,EST.15.7_1,0.03484399179204106,0.1953907815631263
2022,11,EST.15.8_1,0.14256639043134314,0.17903201435671903
2022,11,EST.15.9_1,0.1876631649032438,0.18271262550328893
2022,11,EST.16.10_1,0.14899476329825798,0.1495242325851097
2022,11,EST.16.11_1,0.2303755482529908,0.14098837462559194
2022,11,EST.16.12_1,0.2195795520381461,0.15820476275821788
2022,11,EST.16.1_1,0.18267905029854972,0.17022501655496997
2022,11,EST.16.2_1,0.3157204068773035,0.14929602843237175
2022,11,EST.16.3_1,0.20564543580962638,0.15228598983399705
2022,11,EST.16.4_1,0.3205677495214504,0.15844938019427046
2022,11,EST.16.5_1,0.24667219589928338,0.1514671644412087
2022,11,EST.16.6_1,0.14052783762257867,0.15870519453253462
2022,11,EST.16.7_1,0.3560496956913892,0.15402788438792353
2022,11,EST.16.8_1,0.20139391683364927,0.1547953136145205
2022,11,EST.16.9_1,0.12506966977391712,0.1527140616442217
2022,11,EST.2.1_1,0.20897388714104795,0.22217258017162628
2022,11,EST.2.2_1,0.22923498863698433,0.22416668987098937
2022,11,EST.2.3_1,0.038607032184734366,0.2535070140280561
2022,11,EST.2.4_1,0.23032592600510848,0.3224732734290464
2022,11,EST.2.5_1,0.2372480006813693,0.24117449526455736
2022,11,EST.3.10_1,0.13510350612063962,0.17214643237278615
2022,11,EST.3.11_1,0.10243415584699388,0.164680916114782
2022,11,EST.3.12_1,0.12433839765405874,0.1685168627620268
2022,11,EST.3.13_1,0.14951839345437365,0.14183454943487023
2022,11,EST.3.14_1,0.17589030256974358,0.16462110846029582
2022,11,EST.3.15_1,0.03367075430784949,0.1803607214428857
2022,11,EST.3.16_1,0.0321342133643708,0.16232464929859722
2022,11,EST.3.17_1,0.03506779486511003,0.1983967935871743
2022,11,EST.3.18_1,0.031213724766442023,0.1523046092184369
2022,11,EST.3.19_1,0.11080227937736693,0.1751824941865626
2022,11,EST.3.1_1,0.09599539019350961,0.19385385052492138
2022,11,EST.3.20_1,0.1156854709451331,0.17257754636344633
2022,11,EST.3.21_1,0.10579823571371197,0.1548288879614289
2022,11,EST.3.22_1,0.15384253671733109,0.15197683925849548
2022,11,EST.3.2_1,0.10248350955298256,0.16429619087503922
2022,11,EST.3.3_1,0.1467045833848471,0.16473411890907502
2022,11,EST.3.4_1,0.14542840724210476,0.16106328184545793
2022,11,EST.3.5_1,0.14987130158420692,0.16694748622128347
2022,11,EST.3.6_1,0.13315122870832358,0.21380638149328204
2022,11,EST.3.7_1,0.032835411739094406,0.17034068136272537
2022,11,EST.3.8_1,0.08735917490426634,0.18688776901679532
2022,11,EST.3.9_1,0.04638696659742794,0.16220456346772597
2022,11,EST.4.10_1,0.12424061597514707,0.16520382958962643
2022,11,EST.4.11_1,0.21995870608823348,0.17649635134367675
2022,11,EST.4.12_1,0.12006925457429508,0.1942942974548154
2022,11,EST.4.1_1,0.13756552385393092,0.16347235690969103
2022,11,EST.4.2_1,0.18765571020452154,0.17475396851409034
2022,11,EST.4.3_1,0.12077586570373108,0.1702782368056528
2022,11,EST.4.4_1,0.10910257580968465,0.16794087990923678
2022,11,EST.4.5_1,0.12084330589037565,0.17077409068751828
2022,11,EST.4.6_1,0.18232257906442623,0.16896425106851826
2022,11,EST.4.7_1,0.12653309130606571,0.15660355279103927
2022,11,EST.4.8_1,0.035067794865110115,0.1983967935871743
2022,11,EST.4.9_1,0.18397825537210152,0.1650076909765362
2022,11,EST.5.10_1,0.12364889729286507,0.1640841677961694
2022,11,EST.5.11_1,0.15789720126340226,0.15236718288204013
2022,11,EST.5.12_1,0.1694157384055758,0.1545058088527101
2022,11,EST.5.13_1,0.1722217501720929,0.16193911044703968
2022,11,EST.5.1_1,0.22120433812858661,0.16753109260500104
2022,11,EST.5.2_1,0.05183670876450007,0.21437287524003584
2022,11,EST.5.3_1,0.09956570388046863,0.17872267812139284
2022,11,EST.5.4_1,0.03430795101871431,0.18837675350701397
2022,11,EST.5.5_1,0.16228681520361102,0.15450846118200096
2022,11,EST.5.6_1,0.16123353938117135,0.1516665676584009
2022,11,EST.5.7_1,0.17333620686096543,0.15561731732477313
2022,11,EST.5.8_1,0.1925906562924337,0.1713188636800727
2022,11,EST.5.9_1,0.03599823425056955,0.21142284569138262
2022,11,EST.6.10_1,0.11722114095138614,0.15851443937921889
2022,11,EST.6.11_1,0.2096316008001267,0.16731169525035727
2022,11,EST.6.12_1,0.2620577082378216,0.1782215875029381
2022,11,EST.6.13_1,0.22902488932864115,0.16548588816599238
2022,11,EST.6.14_1,0.207895383368319,0.16898500702336378
2022,11,EST.6.1_1,0.16010512480049888,0.15796682598917744
2022,11,EST.6.2_1,0.2168280979237571,0.16330091219706677
2022,11,EST.6.3_1,0.0341511546380016,0.186372745490982
2022,11,EST.6.4_1,0.15150028352825856,0.1667792458279711
2022,11,EST.6.5_1,0.12568809601164158,0.15427738249067233
2022,11,EST.6.6_1,0.19421863314703397,0.1687712104801451
2022,11,EST.6.7_1,0.15605432173900355,0.1699129598264313
2022,11,EST.6.8_1,0.1937241109387469,0.16502041956871646
2022,11,EST.6.9_1,0.1926828455975287,0.1559348088819308
2022,11,EST.7.10_1,0.07966788020007488,0.18889247941997672
2022,11,EST.7.11_1,0.15156499276783364,0.19432682282608454
2022,11,EST.7.12_1,0.14773904625250645,0.22094246325313677
2022,11,EST.7.1_1,0.03999979386183115,0.280561122244489
2022,11,EST.7.2_1,0.19901603243832122,0.20758739370768653
2022,11,EST.7.3_1,0.13447100487904032,0.1839643223471587
2022,11,EST.7.4_1,0.18508771835103693,0.18552068446937744
2022,11,EST.7.5_1,0.20947632208007747,0.17848261804942023
2022,11,EST.7.6_1,0.16820374095259716,0.21113074735358775
2022,11,EST.7.7_1,0.10203113622917374,0.1897068448856313
2022,11,EST.7.8_1,0.1394043825988748,0.1836074340475671
2022,11,EST.7.9_1,0.24949027676143248,0.20385353163617942
2022,11,EST.8.10_1,0.03599823425056956,0.21142284569138262
2022,11,EST.8.11_1,0.1773176267652501,0.17445631201238918
2022,11,EST.8.12_1,0.11987473378527905,0.18945616053163564
2022,11,EST.8.13_1,0.03499358228034872,0.19739478957915838
2022,11,EST.8.14_1,0.119683793451492,0.18763522030079205
2022,11,EST.8.15_1,0.07820218728734303,0.17984018631679724
2022,11,EST.8.16_1,0.16699044718933648,0.17644504072103778
2022,11,EST.8.17_1,0.15591385980983252,0.1930290998082329
2022,11,EST.8.18_1,0.03815359116029783,0.24549098196392785
2022,11,EST.8.19_1,0.21390446184490997,0.17493430049836
2022,11,EST.8.1_1,0.1219233893532383,0.17488852651174644
2022,11,EST.8.20_1,0.2353625681602195,0.198728688237763
2022,11,EST.8.2_1,0.16792216050235656,0.19108645349128167
2022,11,EST.8.3_1,0.16494788345717454,0.18189017325796505
2022,11,EST.8.4_1,0.23862405890887278,0.17814697031206098
2022,11,EST.8.5_1,0.09590920851775167,0.19418327142433545
2022,11,EST.8.7_1,0.2368757905907802,0.18612946963942548
2022,11,EST.8.8_1,0.036204168980549366,0.21442885771543072
2022,11,EST.8.9_1,0.08884440939127934,0.19571332897880173
2022,11,EST.9.1_1,0.03749782275340513,0.2344689378757515
2022,11,FIN.1.1_1,0.14633621807338004,0.1524734413365539
2022,11,FIN.1.2_1,0.16499383009178553,0.1523499007538004
2022,11,FIN.1.3_1,0.07755156499567502,0.281469041297567
2022,11,FIN.1.4_1,0.1787491703227898,0.17753648234697295
2022,11,FIN.2.1_1,0.14893528964947342,0.13803949952283487
2022,11,FIN.3.1_1,0.10463389812013597,0.1505995917194888
2022,11,FIN.3.2_1,0.21213786932763062,0.14388206546763788
2022,11,FIN.4.1_1,0.12183531057474765,0.1970031726823368
2022,11,FIN.4.2_1,0.133704393005208,0.2130770298169647
2022,11,FIN.4.3_1,0.045767670281785924,0.15658785537145398
2022,11,FIN.4.4_1,0.1299531623591351,0.16849452819840008
2022,11,FIN.4.5_1,0.19395834270415585,0.2441486784680612
2022,11,FIN.5.1_1,0.19593902216290132,0.17735314353803117
2022,11,FIN.5.2_1,0.11547022925099937,0.15256152026775147
2022,11,FIN.5.3_1,0.27966676286427616,0.21941189279614376
2022,11,FIN.5.4_1,0.15673584707124283,0.2048947275279358
2022,11,FIN.5.5_1,0.08920156702023779,0.19754792190324288
2022,11,FIN.5.6_1,0.2216387071122844,0.20001291939797372
2022,11,FIN.5.7_1,0.19593209419124066,0.20560849307627885
2022,11,FIN.5.8_1,0.18430068483247766,0.17356567147257726
2022,11,FIN.5.9_1,0.152302256382864,0.19628390471652277
2022,11,FRA.1.10_1,0.34659885023218223,0.4763751920371273
2022,11,FRA.1.11_1,0.30711105218988727,0.8659182630486445
2022,11,FRA.1.12_1,0.24786151111871943,0.31177213645335106
2022,11,FRA.1.1_1,0.3099609112253625,0.52436775869183
2022,11,FRA.1.2_1,0.29290253260578775,0.5668362694224977
2022,11,FRA.1.3_1,0.2773114825525397,0.49732439624311753
2022,11,FRA.1.4_1,0.2424547806095814,0.4452195929754221
2022,11,FRA.1.5_1,0.28492789658517526,0.5139598983798679
2022,11,FRA.1.6_1,0.2863332695070693,0.42203866733036954
2022,11,FRA.1.7_1,0.26283524937446917,0.37256918219934787
2022,11,FRA.1.8_1,0.34584655110093926,0.4821520364930375
2022,11,FRA.1.9_1,0.2858013528853241,0.5097549676482444
2022,11,FRA.10.10_1,0.2607285337896662,0.9680359612802356
2022,11,FRA.10.11_1,0.29805761813713916,0.9566203636069462
2022,11,FRA.10.12_1,0.265911773070575,0.9451288257237572
2022,11,FRA.10.1_1,0.2551553903441268,0.9800712730047779
2022,11,FRA.10.2_1,0.24244572532359016,0.9578753922381003
2022,11,FRA.10.3_1,0.26241006789397653,0.8996760052973606
2022,11,FRA.10.4_1,0.24008335789269342,0.86549869452905
2022,11,FRA.10.5_1,0.24465394118190087,0.9608744989205584
2022,11,FRA.10.6_1,0.29433486617963023,0.9528661984738082
2022,11,FRA.10.7_1,0.27943378719495243,0.9859070262368537
2022,11,FRA.10.8_1,0.24615416126961814,0.929575735557587
2022,11,FRA.10.9_1,0.222158519629127,0.9780326838840518
2022,11,FRA.11.10_1,0.22382634011239774,0.33678006620824896
2022,11,FRA.11.11_1,0.2296917794554742,0.5727607917739633
2022,11,FRA.11.12_1,0.25610372268836706,0.5875444132907661
2022,11,FRA.11.13_1,0.3314509767873516,0.5643262486389323
2022,11,FRA.11.1_1,0.21189029426520536,0.3757665441235869
2022,11,FRA.11.2_1,0.28342329588100657,0.551776251062463
2022,11,FRA.11.3_1,0.3262068627034895,0.45603536380635706
2022,11,FRA.11.4_1,0.31068785354201195,0.5169817331552417
2022,11,FRA.11.5_1,0.273911803652145,0.5770183775746744
2022,11,FRA.11.6_1,0.31782321723795454,0.5725012917512274
2022,11,FRA.11.7_1,0.2544133369351032,0.44676759215809675
2022,11,FRA.11.8_1,0.3097082026105842,0.5877829341954404
2022,11,FRA.11.9_1,0.27587567926505296,0.5251992952372793
2022,11,FRA.12.1_1,0.3350493680564146,0.5722660095376382
2022,11,FRA.12.2_1,0.3111274687883564,0.5185922723597425
2022,11,FRA.12.3_1,0.2703326668930955,0.5101946613704174
2022,11,FRA.12.4_1,0.29025766811666126,0.49207387884550885
2022,11,FRA.12.5_1,0.26901402715542866,0.5651825685134483
2022,11,FRA.13.1_1,0.23843126849222512,0.3076600209754547
2022,11,FRA.13.2_1,0.2861146420182629,0.6521360603617866
2022,11,FRA.13.3_1,0.32372363557986417,0.8861460651030066
2022,11,FRA.13.4_1,0.18393396639442353,0.1861560862918315
2022,11,FRA.13.5_1,0.2764267950879511,0.6425979635131348
2022,11,FRA.13.6_1,0.23787682243564762,0.5313680289636628
2022,11,FRA.2.1_1,0.2939770030127128,0.4211226425895992
2022,11,FRA.2.2_1,0.25660766446594846,0.35586793154492197
2022,11,FRA.2.3_1,0.2766963432903732,0.4045587000679312
2022,11,FRA.2.4_1,0.2733942858138456,0.38817188113806705
2022,11,FRA.2.5_1,0.26986948213792533,0.44932170882377276
2022,11,FRA.2.6_1,0.35921693038159175,0.4372833469498479
2022,11,FRA.2.7_1,0.14841746910992978,0.37046639960240096
2022,11,FRA.2.8_1,0.31115102078644274,0.44034705551234515
2022,11,FRA.3.1_1,0.34432063366825005,0.5290837208618798
2022,11,FRA.3.2_1,0.328682645301576,0.5683069391134601
2022,11,FRA.3.3_1,0.33474195089546877,0.5624815498868989
2022,11,FRA.3.4_1,0.29788473714328967,0.5665734820109324
2022,11,FRA.4.1_1,0.26145171566879966,0.4495748654873629
2022,11,FRA.4.2_1,0.26377827090262923,0.474936162067579
2022,11,FRA.4.3_1,0.26080901123497585,0.4973803628047441
2022,11,FRA.4.4_1,0.24069771326173,0.4742073099912707
2022,11,FRA.4.5_1,0.26479056122427963,0.48634986890270454
2022,11,FRA.4.6_1,0.2857591280180413,0.4939720972366533
2022,11,FRA.5.1_1,0.19777567287490896,0.5754207679854341
2022,11,FRA.5.2_1,0.24412004073950472,0.5941104313321895
2022,11,FRA.6.10_1,0.26334041794027663,0.3960157401486037
2022,11,FRA.6.1_1,0.2936722879136654,0.46209465493173973
2022,11,FRA.6.2_1,0.2668838825920004,0.47788853891903155
2022,11,FRA.6.3_1,0.2745152746289449,0.41990779256890265
2022,11,FRA.6.4_1,0.24322905159132963,0.3745689472808261
2022,11,FRA.6.5_1,0.2653932784237315,0.4106404450939642
2022,11,FRA.6.6_1,0.3012410833373086,0.4571282060543492
2022,11,FRA.6.7_1,0.3016748710658518,0.427833344863585
2022,11,FRA.6.8_1,0.2662616344988858,0.4165145542074726
2022,11,FRA.6.9_1,0.32400430949678344,0.43353740375403765
2022,11,FRA.7.1_1,0.30938368868189514,0.42595228544234653
2022,11,FRA.7.2_1,0.4425345492441432,0.6042066483752508
2022,11,FRA.7.3_1,0.3090472640897875,0.4874539104497492
2022,11,FRA.7.4_1,0.43898483786507503,0.5518440783823642
2022,11,FRA.7.5_1,0.3239581280641607,0.460681155566801
2022,11,FRA.8.1_1,0.23545043975764052,0.9968614672176536
2022,11,FRA.8.2_1,0.11939574904257433,0.9999998782185805
2022,11,FRA.8.3_1,0.0946916511179282,0.9999980722626677
2022,11,FRA.8.4_1,0.27549712225167633,0.9599212717322336
2022,11,FRA.8.5_1,0.13257393231622533,0.9999996724037754
2022,11,FRA.8.6_1,0.2252282587115962,0.994597337067299
2022,11,FRA.8.7_1,0.15739229039221567,0.9999974260210761
2022,11,FRA.8.8_1,0.24559050549415018,0.9827023770844833
2022,11,FRA.9.1_1,0.3358341730910708,0.5301839560007702
2022,11,FRA.9.2_1,0.32559113200208784,0.47130266289073036
2022,11,FRA.9.3_1,0.35808183997031506,0.5481146614873554
2022,11,FRA.9.4_1,0.312226351345887,0.49466359840269997
2022,11,FRA.9.5_1,0.3511560063394557,0.5749120133174785
2022,11,FRO.1.1_1,0.042538152775059325,0.344689378757515
2022,11,FRO.1.2_1,0.042138103686871466,0.3326653306613226
2022,11,FRO.1.3_1,0.043772156239593,0.3907815631262525
2022,11,FRO.1.5_1,0.04217272239431715,0.3336673346693386
2022,11,FRO.1.6_1,0.04344557587102488,0.37675350701402816
2022,11,FRO.1.7_1,0.04260159608363391,0.34669338677354705
2022,11,FRO.2.2_1,0.044808984791674694,0.5350701402805611
2022,11,FRO.2.3_1,0.04237552491402109,0.3396793587174348
2022,11,FRO.2.4_1,0.043728065732511236,0.38877755511022033
2022,11,FRO.2.5_1,0.041590295933603895,0.3176352705410822
2022,11,FRO.2.6_1,0.04192543402968461,0.3266533066132265
2022,11,FRO.3.1_1,0.04188915779103527,0.32565130260521036
2022,11,FRO.3.3_1,0.04217272239431715,0.3336673346693386
2022,11,FRO.4.1_1,0.04310435061042195,0.3637274549098196
2022,11,FRO.4.2_1,0.04372806573251124,0.38877755511022033
2022,11,FRO.4.3_1,0.04399955220701318,0.40180360721442887
2022,11,FRO.6.1_1,0.043772156239593005,0.3907815631262525
2022,11,FRO.6.2_1,0.04359068136350862,0.38276553106212424
2022,11,GBR.1.100_1,0.14554705982833244,0.9991636221897829
2022,11,GBR.1.101_1,0.18580939451098277,0.9979865844097782
2022,11,GBR.1.102_1,0.14806700919646223,0.9963048607825167
2022,11,GBR.1.103_1,0.09660822244667068,0.99820856298675
2022,11,GBR.1.104_1,0.13577373626148612,0.9997134553034477
2022,11,GBR.1.105_1,0.16572640136508093,0.9905525142547039
2022,11,GBR.1.106_1,0.15097352198181993,0.9997976463421656
2022,11,GBR.1.107_1,0.16917602473588655,0.9979223504492097
2022,11,GBR.1.108_1,0.39054279540018805,0.9938745263316825
2022,11,GBR.1.109_1,0.19054933962340892,0.9874111220321103
2022,11,GBR.1.10_1,0.19507426154887375,0.9978867438089298
2022,11,GBR.1.110_1,0.35009936962832877,0.9984860814406838
2022,11,GBR.1.111_1,0.18334164427455157,0.9845964697444617
2022,11,GBR.1.112_1,0.37599661253206196,0.992781422329712
2022,11,GBR.1.113_1,0.15279461205211675,0.9969470798708118
2022,11,GBR.1.114_1,0.1457091943007201,0.9992600496926244
2022,11,GBR.1.115_1,0.18495814487483486,0.9985646874308592
2022,11,GBR.1.116_1,0.10190784822189668,0.9999034078820124
2022,11,GBR.1.117_1,0.40926904527873237,0.9952186032000263
2022,11,GBR.1.118_1,0.16670911860814752,0.9894316221469753
2022,11,GBR.1.11_1,0.08002053728641054,0.99461672022362
2022,11,GBR.1.12_1,0.15108606421989307,0.9999905990537289
2022,11,GBR.1.13_1,0.37681769310522595,0.9911539772083036
2022,11,GBR.1.14_1,0.15154288471543215,0.9849382019048223
2022,11,GBR.1.15_1,0.16369689947091173,0.975710652111404
2022,11,GBR.1.16_1,0.4319620620270944,0.9980002208000007
2022,11,GBR.1.17_1,0.21586736411055177,0.9878076868816635
2022,11,GBR.1.18_1,0.27938895037492534,0.9891591923991991
2022,11,GBR.1.19_1,0.2244466921282146,0.9902618357104578
2022,11,GBR.1.1_1,0.18868463852120357,0.9714905342876924
2022,11,GBR.1.20_1,0.4072421276937113,0.987475637141224
2022,11,GBR.1.21_1,0.11537789345478848,0.9996337967784189
2022,11,GBR.1.22_1,0.4581897875304823,0.9769992925400561
2022,11,GBR.1.23_1,0.15038441610011755,0.9968025346001058
2022,11,GBR.1.24_1,0.1194318944620994,0.9983426286371113
2022,11,GBR.1.25_1,0.506051987879779,0.9887587951469635
2022,11,GBR.1.26_1,0.5248674044556131,0.9889811605512763
2022,11,GBR.1.27_1,0.18354259182165109,0.9731968445441884
2022,11,GBR.1.28_1,0.3328218912407026,0.989191646213156
2022,11,GBR.1.29_1,0.12257052744710895,0.9999135457158607
2022,11,GBR.1.2_1,0.21956707139343,0.9955205215605009
2022,11,GBR.1.30_1,0.3211308414617868,0.9645662151684532
2022,11,GBR.1.31_1,0.19737354271953103,0.9832799387785734
2022,11,GBR.1.32_1,0.3352516395273563,0.997564384603938
2022,11,GBR.1.33_1,0.531443584991071,0.998868875756199
2022,11,GBR.1.34_1,0.16336532396753234,0.9943368861655352
2022,11,GBR.1.35_1,0.45152956681687184,0.9949366123575439
2022,11,GBR.1.36_1,0.6051174485037234,0.9999999826343354
2022,11,GBR.1.37_1,0.12811986759459038,0.999790164654812
2022,11,GBR.1.38_1,0.5176825396959067,0.9974893264227445
2022,11,GBR.1.39_1,0.10910596517850144,0.9964428064399519
2022,11,GBR.1.3_1,0.17310571077483936,0.9961942280785663
2022,11,GBR.1.40_1,0.28658843692462604,0.9845839143666122
2022,11,GBR.1.41_1,0.48402196788979696,0.9970026983569631
2022,11,GBR.1.42_1,0.15974662690316088,0.9801265393941649
2022,11,GBR.1.44_1,0.5445298661209375,0.9966307693422043
2022,11,GBR.1.45_1,0.11577347772670805,0.9999792297569704
2022,11,GBR.1.46_1,0.1808558239705516,0.983516190530319
2022,11,GBR.1.47_1,0.12592846485715675,0.9989929991006278
2022,11,GBR.1.48_1,0.5804989216857808,0.9970477708037317
2022,11,GBR.1.49_1,0.20174660979865103,0.9981974665069996
2022,11,GBR.1.4_1,0.20029094238794093,0.9999995989419564
2022,11,GBR.1.50_1,0.12609683653612533,0.9998950568966707
2022,11,GBR.1.51_1,0.45785829802732847,0.994768170525682
2022,11,GBR.1.52_1,0.4710501945953916,0.9964875535205172
2022,11,GBR.1.53_1,0.1258756568983936,0.9997125355480644
2022,11,GBR.1.54_1,0.12390671278904435,0.9999993581026353
2022,11,GBR.1.55_1,0.12982740195577755,0.9998609536349454
2022,11,GBR.1.56_1,0.1260100452832583,0.9995429963627949
2022,11,GBR.1.57_1,0.13189011219474203,0.9997222521494353
2022,11,GBR.1.58_1,0.15327125446598058,0.9999476338671115
2022,11,GBR.1.59_1,0.4683505139959434,0.9949105184814677
2022,11,GBR.1.5_1,0.1371729356461907,0.9977652493985365
2022,11,GBR.1.60_1,0.1513677831553008,0.9881520682767473
2022,11,GBR.1.61_1,0.18341088928773672,0.9966773868986362
2022,11,GBR.1.62_1,0.13007659619746262,0.999734175385233
2022,11,GBR.1.63_1,0.504228332443347,0.978702925763594
2022,11,GBR.1.64_1,0.4075497406169411,0.9993696776150479
2022,11,GBR.1.65_1,0.3153785871776494,0.9690726283281359
2022,11,GBR.1.66_1,0.1235308342048171,0.9999806956009065
2022,11,GBR.1.67_1,0.4590977026050673,0.9987510216947548
2022,11,GBR.1.68_1,0.15062048415281543,0.9975086604001422
2022,11,GBR.1.69_1,0.3959425908933592,0.9937205246907314
2022,11,GBR.1.6_1,0.10263571084502228,0.999959161490153
2022,11,GBR.1.70_1,0.1409146804798268,0.9994561253905248
2022,11,GBR.1.71_1,0.11175065900909632,0.9999616712636424
2022,11,GBR.1.72_1,0.10092619737434,0.9999920879740491
2022,11,GBR.1.73_1,0.05602730585860252,0.9620116218915475
2022,11,GBR.1.74_1,0.11860095081103382,0.9981507896583834
2022,11,GBR.1.75_1,0.17823417609452682,0.9966944781315278
2022,11,GBR.1.76_1,0.1684069883645125,0.9900190447274225
2022,11,GBR.1.77_1,0.17052980857306138,0.976723375615194
2022,11,GBR.1.78_1,0.1419027447639972,0.9771015389352321
2022,11,GBR.1.79_1,0.14078459514350905,0.9953683041598328
2022,11,GBR.1.7_1,0.1528096984044148,0.9988274090189244
2022,11,GBR.1.80_1,0.12737429458889568,0.9997044007371195
2022,11,GBR.1.81_1,0.10959033363248712,0.9999985286068863
2022,11,GBR.1.82_1,0.18918929169236998,0.9999967034482915
2022,11,GBR.1.83_1,0.18351429432081953,0.9984167661315597
2022,11,GBR.1.84_1,0.3147957366922844,0.9836884213974856
2022,11,GBR.1.85_1,0.11454532456824901,0.999886410962556
2022,11,GBR.1.86_1,0.11815493966446469,0.9969471995974596
2022,11,GBR.1.87_1,0.4280145323952493,0.9954138207722442
2022,11,GBR.1.88_1,0.19003163580528687,0.9989794953742926
2022,11,GBR.1.89_1,0.1351167705437276,0.9995029941626276
2022,11,GBR.1.8_1,0.08605522422396666,0.9999864284081567
2022,11,GBR.1.90_1,0.10873502245528664,0.9999425803247314
2022,11,GBR.1.91_1,0.0945769832856612,0.9999703697694672
2022,11,GBR.1.92_1,0.4843887705703946,0.9930100774536798
2022,11,GBR.1.93_1,0.1405977456677523,0.9999396088588397
2022,11,GBR.1.94_1,0.17004057909659484,0.9978594821150444
2022,11,GBR.1.95_1,0.20677466281720694,0.9991984273864276
2022,11,GBR.1.96_1,0.46748832991967293,0.9969080600918089
2022,11,GBR.1.97_1,0.15775977705737618,0.9990819678224226
2022,11,GBR.1.98_1,0.4881610540004847,0.9989851928160319
2022,11,GBR.1.99_1,0.12877313508001542,0.9993969152463186
2022,11,GBR.1.9_1,0.1308287342800525,0.9995732480214241
2022,11,GBR.2.10_1,0.3036785611636888,0.5031775571353357
2022,11,GBR.2.11_1,0.27556822330468905,0.682035502506751
2022,11,GBR.2.1_1,0.30075239093500905,0.65968726083195806
2022,11,GBR.2.2_1,0.3075866162872725,0.5644901403156513
2022,11,GBR.2.3_1,0.31412593741955797,0.8382350260573299
2022,11,GBR.2.4_1,0.2935250770402174,0.478177836582182
2022,11,GBR.2.5_1,0.29235995756008176,0.7015376644310011
2022,11,GBR.2.6_1,0.29650602773639473,0.46954746124332303
2022,11,GBR.2.7_1,0.34683279607871614,0.7132026920154867
2022,11,GBR.2.8_1,0.2973182272842754,0.6135913994754446
2022,11,GBR.2.9_1,0.29785062922710065,0.4894133604967815
2022,11,GBR.3.10_1,0.1121408793407311,0.4287401390466831
2022,11,GBR.3.11_1,0.10242307889192499,0.5228811511462098
2022,11,GBR.3.12_1,0.1783612953978616,0.7595119946291905
2022,11,GBR.3.13_1,0.12992898402077122,0.42652390358536335
2022,11,GBR.3.14_1,0.13892324967083394,0.46918830720140686
2022,11,GBR.3.15_1,0.21887831840988314,0.47879746330808426
2022,11,GBR.3.16_1,0.21532759463628987,0.852086001297318
2022,11,GBR.3.17_1,0.20661017368871,0.43548679650109906
2022,11,GBR.3.18_1,0.12104106104372749,0.6470365803877195
2022,11,GBR.3.19_1,0.11075708272291988,0.4005335080369281
2022,11,GBR.3.1_1,0.16409959934484167,0.7341961191697634
2022,11,GBR.3.20_1,0.12614970424124602,0.374230307791017
2022,11,GBR.3.21_1,0.15485011688273315,0.46965387377892726
2022,11,GBR.3.22_1,0.2159840029180084,0.4964605423467337
2022,11,GBR.3.23_1,0.08994935511332437,0.401569298484184
2022,11,GBR.3.24_1,0.15889631601536577,0.4441743900091935
2022,11,GBR.3.25_1,0.1637001731035973,0.5522474708375685
2022,11,GBR.3.26_1,0.14953421214025694,0.38378467782277864
2022,11,GBR.3.27_1,0.11274674178173463,0.4376428612139793
2022,11,GBR.3.28_1,0.13237348197656962,0.5728541901547944
2022,11,GBR.3.29_1,0.2076197035780337,0.6395378824390147
2022,11,GBR.3.2_1,0.1967548960681568,0.3789785940403917
2022,11,GBR.3.30_1,0.12085310386453955,0.439866875422367
2022,11,GBR.3.31_1,0.11375177994505305,0.5060585714119683
2022,11,GBR.3.32_1,0.13902942480229988,0.4506603621443857
2022,11,GBR.3.3_1,0.1307536295459413,0.44595657698903857
2022,11,GBR.3.4_1,0.1387640094178396,0.43928691790720603
2022,11,GBR.3.5_1,0.10227728482609695,0.45067771927979233
2022,11,GBR.3.6_1,0.1603927919126644,0.4465397531628689
2022,11,GBR.3.7_1,0.12649946466959044,0.8203910950927439
2022,11,GBR.3.8_1,0.13910308303730926,0.48221487439825184
2022,11,GBR.3.9_1,0.12312899169548942,0.48582758974996976
2022,11,GBR.4.10_1,0.3314260641316093,0.5467048300836327
2022,11,GBR.4.11_1,0.3920501589018796,0.5141790758106562
2022,11,GBR.4.12_1,0.1729818535790135,0.6076559458630915
2022,11,GBR.4.13_1,0.28312067551876396,0.560817315692709
2022,11,GBR.4.14_1,0.299322661923834,0.570060319532685
2022,11,GBR.4.15_1,0.20204867439724183,0.7663188203546301
2022,11,GBR.4.16_1,0.3743643866803413,0.6134761333903763
2022,11,GBR.4.17_1,0.39950092902501705,0.45097774004895647
2022,11,GBR.4.18_1,0.3344677417050949,0.5385572216816812
2022,11,GBR.4.19_1,0.29161493976367503,0.6891072174329127
2022,11,GBR.4.1_1,0.13956105408405478,0.45379531360059305
2022,11,GBR.4.20_1,0.2492991017575145,0.635473534088241
2022,11,GBR.4.21_1,0.23007109407575535,0.6960077358773845
2022,11,GBR.4.22_1,0.332868086367132,0.6087314543494764
2022,11,GBR.4.2_1,0.18246007860351976,0.6221699485099851
2022,11,GBR.4.3_1,0.26813471324615873,0.6129032244347512
2022,11,GBR.4.4_1,0.2645778164697646,0.5297876590228444
2022,11,GBR.4.5_1,0.22364811864089423,0.858583103476777
2022,11,GBR.4.6_1,0.35820449542710214,0.5778371680477837
2022,11,GBR.4.7_1,0.27613178272835615,0.5001597737672371
2022,11,GBR.4.8_1,0.19148000610242885,0.49167070198944124
2022,11,GBR.4.9_1,0.262101221326234,0.5385734065079334
2022,11,GEO.10.1_1,0.038382733291622013,0.24949899799599198
2022,11,GEO.10.2_1,0.032400712790838025,0.16533066132264532
2022,11,GEO.10.3_1,0.037249789025351344,0.23046092184368736
2022,11,GEO.10.4_1,0.03300605504718026,0.17234468937875744
2022,11,GEO.10.6_1,0.03749782275340508,0.2344689378757515
2022,11,GEO.2.1_1,0.04401896487476812,0.4028056112224449
2022,11,GEO.2.2_1,0.04440829068995695,0.5721442885771543
2022,11,GEO.2.3_1,0.04401896487476812,0.4028056112224449
2022,11,GEO.2.5_1,0.04439362353079878,0.4248496993987975
2022,11,GRC.1.1_1,0.10574740499588753,0.5796486195467013
2022,11,GRC.1.2_1,0.19119777302614008,0.7050441907153364
2022,11,GRC.2.1_1,0.04489351396566118,0.4779559118236474
2022,11,GRC.3.1_1,0.29077640734476656,0.9967617989911828
2022,11,GRC.4.1_1,0.23134596966291351,0.5961382571869064
2022,11,GRC.5.1_1,0.19964028249382956,0.5108943991282254
2022,11,GRC.5.2_1,0.15330837504001824,0.3531518864222525
2022,11,GRC.6.1_1,0.2906784230742148,0.7622799375117627
2022,11,GRC.6.2_1,0.22557349617387137,0.6226174416276907
2022,11,GRC.7.1_1,0.1156928917854502,0.6729837287882456
2022,11,GRC.7.2_1,0.23779723074553635,0.5153252776424738
2022,11,GRC.7.3_1,0.20855292901104433,0.5773295035126801
2022,11,GRC.8.1_1,0.21552228038018392,0.3233636463417942
2022,11,GRC.8.2_1,0.20585156517984685,0.29797006039821117
2022,11,HRV.1.10_1,0.04284627369426693,0.3547094188376753
2022,11,HRV.1.11_1,0.04143503564179726,0.31362725450901807
2022,11,HRV.1.12_1,0.04227517267010105,0.33667334669338683
2022,11,HRV.1.13_1,0.04337010586627802,0.37374749498997994
2022,11,HRV.1.14_1,0.04304855817300618,0.36172344689378755
2022,11,HRV.1.15_1,0.0417416572365557,0.32164328657314634
2022,11,HRV.1.16_1,0.04299187813369365,0.3597194388777555
2022,11,HRV.1.17_1,0.041741657236555735,0.32164328657314634
2022,11,HRV.1.18_1,0.04227517267010107,0.33667334669338683
2022,11,HRV.1.19_1,0.04247379259847073,0.3426853707414829
2022,11,HRV.1.1_1,0.04203283438238947,0.3296593186372745
2022,11,HRV.1.20_1,0.04244126750596148,0.3416833667334669
2022,11,HRV.1.21_1,0.04272574685239874,0.3507014028056112
2022,11,HRV.1.22_1,0.04224125636959846,0.3356713426853708
2022,11,HRV.1.23_1,0.040987635492721705,0.3026052104208417
2022,11,HRV.1.2_1,0.042632975073757365,0.3476953907815631
2022,11,HRV.1.3_1,0.04260159608363392,0.34669338677354705
2022,11,HRV.1.4_1,0.04321328510842755,0.36773547094188375
2022,11,HRV.1.5_1,0.0432664332248837,0.3697394789579158
2022,11,HRV.1.6_1,0.043213285108427556,0.36773547094188375
2022,11,HRV.1.7_1,0.042632975073757365,0.3476953907815631
2022,11,HRV.1.8_1,0.042473792598470714,0.3426853707414829
2022,11,HRV.1.9_1,0.04315925856910718,0.3657314629258517
2022,11,HRV.10.10_1,0.04304855817300621,0.36172344689378755
2022,11,HRV.10.11_1,0.043048558173006186,0.36172344689378755
2022,11,HRV.10.12_1,0.04244126750596147,0.3416833667334669
2022,11,HRV.10.13_1,0.04260159608363391,0.34669338677354705
2022,11,HRV.10.14_1,0.04260159608363391,0.34669338677354705
2022,11,HRV.10.15_1,0.041778892858972023,0.32264529058116226
2022,11,HRV.10.16_1,0.04250608752984242,0.34368737474949895
2022,11,HRV.10.17_1,0.044770874507367504,0.4579158316633267
2022,11,HRV.10.18_1,0.041153827738076486,0.30661322645290584
2022,11,HRV.10.19_1,0.04240851177262511,0.34068136272545096
2022,11,HRV.10.1_1,0.04234230644091953,0.3386773547094188
2022,11,HRV.10.20_1,0.04266412623133124,0.3486973947895791
2022,11,HRV.10.21_1,0.04151315560969299,0.31563126252505014
2022,11,HRV.10.22_1,0.04278646150937983,0.35270541082164336
2022,11,HRV.10.23_1,0.04278646150937983,0.35270541082164336
2022,11,HRV.10.24_1,0.041628500270395094,0.3186372745490981
2022,11,HRV.10.25_1,0.041815887774808755,0.3236472945891783
2022,11,HRV.10.2_1,0.04272574685239878,0.3507014028056112
2022,11,HRV.10.4_1,0.04275621720651016,0.35170340681362733
2022,11,HRV.10.5_1,0.042963204269654436,0.35871743486973945
2022,11,HRV.10.6_1,0.04281648019531074,0.3537074148296593
2022,11,HRV.10.7_1,0.04244126750596148,0.3416833667334669
2022,11,HRV.10.8_1,0.042816480195310744,0.3537074148296593
2022,11,HRV.10.9_1,0.04217272239431716,0.3336673346693386
2022,11,HRV.10_1,0.04147421839250666,0.314629258517034
2022,11,HRV.11.10_1,0.04004747252614874,0.2815631262525049
2022,11,HRV.11.11_1,0.04018889231686864,0.2845691382765531
2022,11,HRV.11.12_1,0.04119474721446173,0.30761523046092176
2022,11,HRV.11.13_1,0.03930344510494174,0.2665330661322645
2022,11,HRV.11.14_1,0.040945455391464915,0.3016032064128257
2022,11,HRV.11.15_1,0.04077418558574736,0.29759519038076154
2022,11,HRV.11.16_1,0.04119474721446171,0.30761523046092176
2022,11,HRV.11.17_1,0.03919948555669423,0.26452905811623245
2022,11,HRV.11.18_1,0.04086033180906675,0.2995991983967936
2022,11,HRV.11.19_1,0.04181588777480876,0.3236472945891783
2022,11,HRV.11.1_1,0.04127583660913795,0.30961923847695383
2022,11,HRV.11.20_1,0.04192543402968461,0.3266533066132265
2022,11,HRV.11.21_1,0.04018889231686864,0.2845691382765531
2022,11,HRV.11.22_1,0.03743630130350768,0.23346693386773534
2022,11,HRV.11.23_1,0.040987635492721705,0.3026052104208417
2022,11,HRV.11.24_1,0.04162850027039507,0.3186372745490981
2022,11,HRV.11.25_1,0.040188892316868646,0.2845691382765531
2022,11,HRV.11.26_1,0.04272574685239877,0.3507014028056112
2022,11,HRV.11.27_1,0.039507964628592344,0.27054108216432865
2022,11,HRV.11.28_1,0.04102956208028715,0.30360721442885763
2022,11,HRV.11.29_1,0.04055430722819483,0.2925851703406814
2022,11,HRV.11.2_1,0.04135593101323889,0.3116232464929859
2022,11,HRV.11.30_1,0.040687010860933244,0.29559118236472937
2022,11,HRV.11.31_1,0.04037371252013142,0.28857715430861725
2022,11,HRV.11.32_1,0.041112657511998545,0.3056112224448897
2022,11,HRV.11.33_1,0.04166646153391289,0.31963927855711427
2022,11,HRV.11.34_1,0.03945725720745002,0.2695390781563126
2022,11,HRV.11.35_1,0.04018889231686863,0.2845691382765531
2022,11,HRV.11.36_1,0.0420328343823895,0.3296593186372745
2022,11,HRV.11.37_1,0.04090302106854621,0.30060120240480964
2022,11,HRV.11.38_1,0.040094881250341365,0.28256513026052105
2022,11,HRV.11.39_1,0.040598801658404786,0.2935871743486973
2022,11,HRV.11.3_1,0.04119474721446173,0.30761523046092176
2022,11,HRV.11.40_1,0.041316007856699644,0.31062124248497
2022,11,HRV.11.41_1,0.04210324980265416,0.33166332665330667
2022,11,HRV.11.42_1,0.040419255322054336,0.28957915831663317
2022,11,HRV.11.43_1,0.04151315560969296,0.31563126252505014
2022,11,HRV.11.44_1,0.04155184791738723,0.31663326653306617
2022,11,HRV.11.45_1,0.04224125636959843,0.3356713426853708
2022,11,HRV.11.4_1,0.04177889285897204,0.32264529058116226
2022,11,HRV.11.5_1,0.0413559310132389,0.3116232464929859
2022,11,HRV.11.6_1,0.04073072715680166,0.2965931863727455
2022,11,HRV.11.7_1,0.04102956208028718,0.30360721442885763
2022,11,HRV.11.8_1,0.040598801658404744,0.2935871743486973
2022,11,HRV.11.9_1,0.04077418558574739,0.29759519038076154
2022,11,HRV.12.10_1,0.04162850027039508,0.3186372745490981
2022,11,HRV.12.1_1,0.04196147183837501,0.32765531062124253
2022,11,HRV.12.2_1,0.04272574685239876,0.3507014028056112
2022,11,HRV.12.3_1,0.04296320426965443,0.35871743486973945
2022,11,HRV.12.4_1,0.042241256369598475,0.3356713426853708
2022,11,HRV.12.5_1,0.04162850027039505,0.3186372745490981
2022,11,HRV.12.6_1,0.04272574685239878,0.3507014028056112
2022,11,HRV.12.7_1,0.04260159608363391,0.34669338677354705
2022,11,HRV.12.8_1,0.04278646150937983,0.35270541082164336
2022,11,HRV.12.9_1,0.04266412623133126,0.3486973947895791
2022,11,HRV.13.10_1,0.04064303594748161,0.29458917835671344
2022,11,HRV.13.12_1,0.04240851177262512,0.34068136272545096
2022,11,HRV.13.13_1,0.04381539853847536,0.6052104208416832
2022,11,HRV.13.14_1,0.04213810368687149,0.3326653306613226
2022,11,HRV.13.15_1,0.04287584243190795,0.35571142284569135
2022,11,HRV.13.16_1,0.04359068136350861,0.38276553106212424
2022,11,HRV.13.17_1,0.04354317415326607,0.38076152304609207
2022,11,HRV.13.18_1,0.04077418558574741,0.29759519038076154
2022,11,HRV.13.1_1,0.04397993046231186,0.597194388777555
2022,11,HRV.13.20_1,0.04102956208028717,0.30360721442885763
2022,11,HRV.13.21_1,0.043590681363508625,0.38276553106212424
2022,11,HRV.13.23_1,0.044794338097039935,0.4609218436873747
2022,11,HRV.13.24_1,0.04287584243190795,0.35571142284569135
2022,11,HRV.13.25_1,0.043919808206380466,0.39779559118236474
2022,11,HRV.13.26_1,0.04485962085131091,0.5270541082164328
2022,11,HRV.13.27_1,0.03945725720745003,0.2695390781563126
2022,11,HRV.13.29_1,0.04234230644091953,0.3386773547094188
2022,11,HRV.13.2_1,0.04430132883243601,0.41883767535070143
2022,11,HRV.13.30_1,0.04397993046231187,0.40080160320641284
2022,11,HRV.13.31_1,0.04425241372600008,0.41583166332665333
2022,11,HRV.13.32_1,0.044301328832436,0.41883767535070143
2022,11,HRV.13.33_1,0.04050955188380272,0.29158316633266523
2022,11,HRV.13.34_1,0.0432926787939761,0.37074148296593185
2022,11,HRV.13.35_1,0.04177889285897203,0.32264529058116226
2022,11,HRV.13.39_1,0.04188915779103524,0.32565130260521036
2022,11,HRV.13.3_1,0.04234230644091953,0.3386773547094188
2022,11,HRV.13.40_1,0.044057163981650396,0.5931863727454909
2022,11,HRV.13.41_1,0.043728065732511215,0.38877755511022033
2022,11,HRV.13.42_1,0.041513155609692966,0.31563126252505014
2022,11,HRV.13.4_1,0.03999979386183112,0.280561122244489
2022,11,HRV.13.5_1,0.042991878133693706,0.3597194388777555
2022,11,HRV.13.6_1,0.04439362353079879,0.4248496993987975
2022,11,HRV.13.7_1,0.04423569729962719,0.4148296593186372
2022,11,HRV.13.8_1,0.04159029593360392,0.3176352705410822
2022,11,HRV.13.9_1,0.043186381827444414,0.3667334669338677
2022,11,HRV.14.10_1,0.04428522928447328,0.4178356713426853
2022,11,HRV.14.11_1,0.04389934757800556,0.3967935871743487
2022,11,HRV.14.12_1,0.04318638182744441,0.3667334669338677
2022,11,HRV.14.13_1,0.04389934757800555,0.3967935871743487
2022,11,HRV.14.14_1,0.04094545539146501,0.3016032064128257
2022,11,HRV.14.15_1,0.04443701358204493,0.42785571142284573
2022,11,HRV.14.16_1,0.04337010586627802,0.37374749498997994
2022,11,HRV.14.17_1,0.044543778455702336,0.4358717434869739
2022,11,HRV.14.18_1,0.041590295933603944,0.3176352705410822
2022,11,HRV.14.19_1,0.04414902011766342,0.409819639278557
2022,11,HRV.14.1_1,0.044094529756491474,0.4068136272545089
2022,11,HRV.14.2_1,0.041194747214461716,0.30761523046092176
2022,11,HRV.14.3_1,0.04009488125034136,0.28256513026052105
2022,11,HRV.14.4_1,0.04210324980265414,0.33166332665330667
2022,11,HRV.14.5_1,0.04009488125034136,0.28256513026052105
2022,11,HRV.14.6_1,0.040730727156801656,0.2965931863727455
2022,11,HRV.14.7_1,0.042138103686871466,0.3326653306613226
2022,11,HRV.14.8_1,0.03955839203846008,0.2715430861723447
2022,11,HRV.15.10_1,0.04260159608363391,0.34669338677354705
2022,11,HRV.15.11_1,0.04244126750596148,0.3416833667334669
2022,11,HRV.15.12_1,0.0421381036868715,0.3326653306613226
2022,11,HRV.15.13_1,0.042846273694266954,0.3547094188376753
2022,11,HRV.15.14_1,0.042632975073757365,0.3476953907815631
2022,11,HRV.15.15_1,0.04230885585925814,0.33767535070140275
2022,11,HRV.15.16_1,0.04275621720651015,0.35170340681362733
2022,11,HRV.15.17_1,0.04192543402968462,0.3266533066132265
2022,11,HRV.15.18_1,0.04337010586627802,0.37374749498997994
2022,11,HRV.15.19_1,0.042275172670101016,0.33667334669338683
2022,11,HRV.15.1_1,0.04037371252013143,0.28857715430861725
2022,11,HRV.15.2_1,0.0429051868296193,0.35671342685370727
2022,11,HRV.15.3_1,0.04278646150937983,0.35270541082164336
2022,11,HRV.15.4_1,0.04210324980265415,0.33166332665330667
2022,11,HRV.15.5_1,0.04206816021258254,0.33066132264529063
2022,11,HRV.15.6_1,0.04256998880442952,0.345691382765531
2022,11,HRV.15.7_1,0.04275621720651018,0.35170340681362733
2022,11,HRV.15.8_1,0.04253815277505931,0.344689378757515
2022,11,HRV.15.9_1,0.04240851177262511,0.34068136272545096
2022,11,HRV.16.10_1,0.024392087790225548,0.09218436873747492
2022,11,HRV.16.11_1,0.03399270353252686,0.18436873747494983
2022,11,HRV.16.12_1,0.023975643714878883,0.08917835671342682
2022,11,HRV.16.13_1,0.0349935822803487,0.19739478957915838
2022,11,HRV.16.14_1,0.028889672107144958,0.12925851703406813
2022,11,HRV.16.15_1,0.028672507358848277,0.12725450901803606
2022,11,HRV.16.17_1,0.02800507566323091,0.12124248496993976
2022,11,HRV.16.18_1,0.022365383809134144,0.07815631262525045
2022,11,HRV.16.19_1,0.023975643714878845,0.08917835671342682
2022,11,HRV.16.1_1,0.02845272201250925,0.125250501002004
2022,11,HRV.16.20_1,0.02845272201250923,0.125250501002004
2022,11,HRV.16.21_1,0.028230263129052656,0.12324649298597194
2022,11,HRV.16.23_1,0.026836119816314664,0.11122244488977955
2022,11,HRV.16.24_1,0.03140189144519449,0.15430861723446895
2022,11,HRV.16.26_1,0.030340501171692638,0.1432865731462926
2022,11,HRV.16.27_1,0.023405787450063956,0.08517034068136269
2022,11,HRV.16.28_1,0.02584530739365448,0.10320641282565128
2022,11,HRV.16.29_1,0.027194583498260747,0.11422845691382753
2022,11,HRV.16.2_1,0.030636494947164732,0.1462925851703407
2022,11,HRV.16.30_1,0.03240071279083802,0.16533066132264532
2022,11,HRV.16.31_1,0.033341931883997304,0.17635270541082157
2022,11,HRV.16.32_1,0.02597204829659694,0.10420841683366731
2022,11,HRV.16.33_1,0.030039419784473338,0.1402805611222445
2022,11,HRV.16.34_1,0.023260609712008714,0.08416833667334665
2022,11,HRV.16.35_1,0.031118856483700358,0.15130260521042085
2022,11,HRV.16.36_1,0.0250664839990703,0.09719438877755508
2022,11,HRV.16.37_1,0.028889672107144958,0.12925851703406813
2022,11,HRV.16.39_1,0.027075858437251833,0.1132264529058115
2022,11,HRV.16.3_1,0.03204441289418668,0.16132264529058118
2022,11,HRV.16.40_1,0.02519853310943035,0.09819639278557112
2022,11,HRV.16.43_1,0.033006055047180176,0.17234468937875744
2022,11,HRV.16.44_1,0.03334193188399728,0.17635270541082157
2022,11,HRV.16.45_1,0.03415115463800166,0.186372745490982
2022,11,HRV.16.48_1,0.02466472864761028,0.09418837675350698
2022,11,HRV.16.49_1,0.029733116191840128,0.1372745490981964
2022,11,HRV.16.4_1,0.030636494947164694,0.1462925851703407
2022,11,HRV.16.50_1,0.02545990182947936,0.10020040080160318
2022,11,HRV.16.52_1,0.025845307393654402,0.10320641282565128
2022,11,HRV.16.53_1,0.025198533109430425,0.09819639278557112
2022,11,HRV.16.54_1,0.030734051240935402,0.14729458917835672
2022,11,HRV.16.55_1,0.027662052453809607,0.11823647294589178
2022,11,HRV.16.56_1,0.02571771001131256,0.10220440881763525
2022,11,HRV.16.5_1,0.028005075663230915,0.12124248496993976
2022,11,HRV.16.6_1,0.02597204829659694,0.10420841683366731
2022,11,HRV.16.7_1,0.03092752895819813,0.1492985971943888
2022,11,HRV.16.8_1,0.030734051240935402,0.14729458917835672
2022,11,HRV.16.9_1,0.03102345930877943,0.15030060120240482
2022,11,HRV.16_1,0.027891440905278796,0.12024048096192395
2022,11,HRV.17.10_1,0.0426950500083672,0.34969939879759515
2022,11,HRV.17.11_1,0.03919948555669425,0.26452905811623245
2022,11,HRV.17.12_1,0.04166646153391292,0.31963927855711427
2022,11,HRV.17.13_1,0.041997271772577685,0.32865731462925857
2022,11,HRV.17.14_1,0.04275621720651017,0.35170340681362733
2022,11,HRV.17.15_1,0.04188915779103527,0.32565130260521036
2022,11,HRV.17.16_1,0.042068160212582605,0.33066132264529063
2022,11,HRV.17.17_1,0.041628500270395066,0.3186372745490981
2022,11,HRV.17.18_1,0.041666461533912916,0.31963927855711427
2022,11,HRV.17.19_1,0.04217272239431715,0.3336673346693386
2022,11,HRV.17.1_1,0.041071235855271435,0.3046092184368738
2022,11,HRV.17.20_1,0.04234230644091953,0.3386773547094188
2022,11,HRV.17.21_1,0.04162850027039507,0.3186372745490981
2022,11,HRV.17.22_1,0.04304855817300621,0.36172344689378755
2022,11,HRV.17.23_1,0.04310435061042197,0.3637274549098196
2022,11,HRV.17.24_1,0.04250608752984242,0.34368737474949895
2022,11,HRV.17.25_1,0.042725746852398765,0.3507014028056112
2022,11,HRV.17.26_1,0.042816480195310744,0.3537074148296593
2022,11,HRV.17.27_1,0.04166646153391292,0.31963927855711427
2022,11,HRV.17.28_1,0.04199727177257768,0.32865731462925857
2022,11,HRV.17.2_1,0.04224125636959847,0.3356713426853708
2022,11,HRV.17.3_1,0.04247379259847072,0.3426853707414829
2022,11,HRV.17.4_1,0.04004747252614875,0.2815631262525049
2022,11,HRV.17.5_1,0.04131600785669966,0.31062124248497
2022,11,HRV.17.6_1,0.039406268802866684,0.2685370741482966
2022,11,HRV.17.7_1,0.041395606727456374,0.31262525050100204
2022,11,HRV.17.8_1,0.04166646153391291,0.31963927855711427
2022,11,HRV.17.9_1,0.042103249802654175,0.33166332665330667
2022,11,HRV.18.10_1,0.042473792598470735,0.3426853707414829
2022,11,HRV.18.11_1,0.04266412623133125,0.3486973947895791
2022,11,HRV.18.12_1,0.04185264256153216,0.32464929859719444
2022,11,HRV.18.13_1,0.042032834382389465,0.3296593186372745
2022,11,HRV.18.14_1,0.0430203293013038,0.3607214428857715
2022,11,HRV.18.15_1,0.042756217206510176,0.35170340681362733
2022,11,HRV.18.16_1,0.0433445147592733,0.3727454909819639
2022,11,HRV.18.1_1,0.042342306440919526,0.3386773547094188
2022,11,HRV.18.2_1,0.04162850027039508,0.3186372745490981
2022,11,HRV.18.3_1,0.04162850027039511,0.3186372745490981
2022,11,HRV.18.4_1,0.04244126750596148,0.3416833667334669
2022,11,HRV.18.5_1,0.043445575871024884,0.37675350701402816
2022,11,HRV.18.6_1,0.04296320426965443,0.35871743486973945
2022,11,HRV.18.7_1,0.04304855817300621,0.36172344689378755
2022,11,HRV.18.8_1,0.04287584243190744,0.35571142284569135
2022,11,HRV.18.9_1,0.041889157791035275,0.32565130260521036
2022,11,HRV.19.10_1,0.04397993046231187,0.40080160320641284
2022,11,HRV.19.11_1,0.04337010586627802,0.37374749498997994
2022,11,HRV.19.12_1,0.04490506984562686,0.48096192384769537
2022,11,HRV.19.13_1,0.043131914956911536,0.36472945891783565
2022,11,HRV.19.14_1,0.043683124684349595,0.3867735470941884
2022,11,HRV.19.15_1,0.04493222044554562,0.5060120240480962
2022,11,HRV.19.16_1,0.04302032930130379,0.3607214428857715
2022,11,HRV.19.17_1,0.04377215623959298,0.3907815631262525
2022,11,HRV.19.18_1,0.043266433224883695,0.3697394789579158
2022,11,HRV.19.19_1,0.04247379259847071,0.3426853707414829
2022,11,HRV.19.1_1,0.04323996878466324,0.3687374749498998
2022,11,HRV.19.20_1,0.043318705853011966,0.3717434869739479
2022,11,HRV.19.21_1,0.04334451475927326,0.3727454909819639
2022,11,HRV.19.22_1,0.04387867656893719,0.39579158316633256
2022,11,HRV.19.23_1,0.043683124684349595,0.3867735470941884
2022,11,HRV.19.24_1,0.04375021715662885,0.3897795591182365
2022,11,HRV.19.25_1,0.042905186829619316,0.35671342685370727
2022,11,HRV.19.26_1,0.04375021715662885,0.3897795591182365
2022,11,HRV.19.27_1,0.04321328510842755,0.36773547094188375
2022,11,HRV.19.28_1,0.04334451475927331,0.3727454909819639
2022,11,HRV.19.29_1,0.04366033446364165,0.38577154308617234
2022,11,HRV.19.2_1,0.043104350610422,0.3637274549098196
2022,11,HRV.19.30_1,0.043076565145246916,0.3627254509018036
2022,11,HRV.19.3_1,0.04331870585301195,0.3717434869739479
2022,11,HRV.19.4_1,0.04377215623959296,0.3907815631262525
2022,11,HRV.19.5_1,0.043470299241822795,0.3777555110220441
2022,11,HRV.19.6_1,0.04307656514524692,0.3627254509018036
2022,11,HRV.19.7_1,0.04359068136350862,0.38276553106212424
2022,11,HRV.19.8_1,0.0434702992418228,0.3777555110220441
2022,11,HRV.19.9_1,0.0432926787939761,0.37074148296593185
2022,11,HRV.1_1,0.04240851177262512,0.34068136272545096
2022,11,HRV.2.10_1,0.04250608752984241,0.34368737474949895
2022,11,HRV.2.11_1,0.04278646150937983,0.35270541082164336
2022,11,HRV.2.12_1,0.04321328510842757,0.36773547094188375
2022,11,HRV.2.13_1,0.043543174153266105,0.38076152304609207
2022,11,HRV.2.14_1,0.04307656514524689,0.3627254509018036
2022,11,HRV.2.15_1,0.04302032930130379,0.3607214428857715
2022,11,HRV.2.16_1,0.042032834382389514,0.3296593186372745
2022,11,HRV.2.17_1,0.041852642561532316,0.32464929859719444
2022,11,HRV.2.18_1,0.0425381527750593,0.344689378757515
2022,11,HRV.2.19_1,0.04284627369426694,0.3547094188376753
2022,11,HRV.2.1_1,0.04266412623133125,0.3486973947895791
2022,11,HRV.2.20_1,0.04379388327133812,0.39178356713426865
2022,11,HRV.2.21_1,0.04299187813369368,0.3597194388777555
2022,11,HRV.2.22_1,0.04237552491402114,0.3396793587174348
2022,11,HRV.2.23_1,0.04181588777480876,0.3236472945891783
2022,11,HRV.2.24_1,0.043239968784663234,0.3687374749498998
2022,11,HRV.2.25_1,0.04342063607792697,0.3757515030060121
2022,11,HRV.2.26_1,0.04356703514975308,0.3817635270541082
2022,11,HRV.2.27_1,0.0429051868296193,0.35671342685370727
2022,11,HRV.2.28_1,0.04263297507375737,0.3476953907815631
2022,11,HRV.2.2_1,0.04307656514524692,0.3627254509018036
2022,11,HRV.2.3_1,0.043318705853011966,0.3717434869739479
2022,11,HRV.2.4_1,0.042506087529842425,0.34368737474949895
2022,11,HRV.2.5_1,0.043020329301303804,0.3607214428857715
2022,11,HRV.2.6_1,0.043131914956911516,0.36472945891783565
2022,11,HRV.2.7_1,0.04307656514524694,0.3627254509018036
2022,11,HRV.2.8_1,0.04284627369426694,0.3547094188376753
2022,11,HRV.2.9_1,0.043318705853011945,0.3717434869739479
2022,11,HRV.20.10_1,0.044393623530798794,0.4248496993987975
2022,11,HRV.20.11_1,0.042473792598470714,0.3426853707414829
2022,11,HRV.20.12_1,0.04170418032446178,0.3206412825651303
2022,11,HRV.20.13_1,0.04321328510842756,0.36773547094188375
2022,11,HRV.20.14_1,0.04318638182744443,0.3667334669338677
2022,11,HRV.20.15_1,0.043705701673965154,0.3877755511022044
2022,11,HRV.20.16_1,0.04342063607792694,0.3757515030060121
2022,11,HRV.20.17_1,0.04413106412376043,0.408817635270541
2022,11,HRV.20.18_1,0.04379388327133811,0.39178356713426865
2022,11,HRV.20.19_1,0.04375021715662884,0.3897795591182365
2022,11,HRV.20.1_1,0.04334451475927328,0.3727454909819639
2022,11,HRV.20.21_1,0.04470914250033556,0.5470941883767535
2022,11,HRV.20.22_1,0.04359068136350862,0.38276553106212424
2022,11,HRV.20.24_1,0.04407595091415342,0.405811623246493
2022,11,HRV.20.25_1,0.043131914956911536,0.36472945891783565
2022,11,HRV.20.26_1,0.04234230644091953,0.3386773547094188
2022,11,HRV.20.27_1,0.04375021715662883,0.3897795591182365
2022,11,HRV.20.28_1,0.04387867656893719,0.39579158316633256
2022,11,HRV.20.2_1,0.04337010586627802,0.37374749498997994
2022,11,HRV.20.31_1,0.04445106967440596,0.42885771543086165
2022,11,HRV.20.32_1,0.044018964874768134,0.4028056112224449
2022,11,HRV.20.3_1,0.044057163981650396,0.40480961923847697
2022,11,HRV.20.4_1,0.04381539853847535,0.3927855711422847
2022,11,HRV.20.5_1,0.03893456348611339,0.2595190380761523
2022,11,HRV.20.6_1,0.04263297507375734,0.3476953907815631
2022,11,HRV.20.9_1,0.042473792598470735,0.3426853707414829
2022,11,HRV.21.10_1,0.04192543402968463,0.3266533066132265
2022,11,HRV.21.11_1,0.041741657236556,0.32164328657314634
2022,11,HRV.21.12_1,0.04290518682961932,0.35671342685370727
2022,11,HRV.21.13_1,0.041513155609692994,0.31563126252505014
2022,11,HRV.21.14_1,0.04159029593360397,0.3176352705410822
2022,11,HRV.21.15_1,0.04174165723655594,0.32164328657314634
2022,11,HRV.21.16_1,0.0420681602125825,0.33066132264529063
2022,11,HRV.21.17_1,0.040643035947481594,0.29458917835671344
2022,11,HRV.21.18_1,0.04247379259847072,0.3426853707414829
2022,11,HRV.21.19_1,0.04086033180906671,0.2995991983967936
2022,11,HRV.21.1_1,0.040860331809066744,0.2995991983967936
2022,11,HRV.21.20_1,0.04217272239431715,0.3336673346693386
2022,11,HRV.21.21_1,0.041961471838375015,0.32765531062124253
2022,11,HRV.21.22_1,0.04269505000836716,0.34969939879759515
2022,11,HRV.21.23_1,0.04111265751199855,0.3056112224448897
2022,11,HRV.21.24_1,0.04230885585925815,0.33767535070140275
2022,11,HRV.21.25_1,0.04177889285897201,0.32264529058116226
2022,11,HRV.21.26_1,0.04275621720651016,0.35170340681362733
2022,11,HRV.21.27_1,0.04256998880442951,0.345691382765531
2022,11,HRV.21.28_1,0.038880709531734683,0.25851703406813625
2022,11,HRV.21.2_1,0.042816480195310744,0.3537074148296593
2022,11,HRV.21.3_1,0.04199727177257768,0.32865731462925857
2022,11,HRV.21.4_1,0.040817386891126684,0.2985971943887776
2022,11,HRV.21.5_1,0.04119474721446172,0.30761523046092176
2022,11,HRV.21.6_1,0.04313191495691153,0.36472945891783565
2022,11,HRV.21.7_1,0.04185264256153232,0.32464929859719444
2022,11,HRV.21.8_1,0.041704180324461694,0.3206412825651303
2022,11,HRV.21.9_1,0.04159029593360392,0.3176352705410822
2022,11,HRV.3.10_1,0.04430132883243601,0.41883767535070143
2022,11,HRV.3.11_1,0.0448089847916747,0.5350701402805611
2022,11,HRV.3.12_1,0.04442275398000695,0.4268537074148297
2022,11,HRV.3.13_1,0.04483589168121679,0.4669338677354709
2022,11,HRV.3.14_1,0.04428522928447328,0.4178356713426853
2022,11,HRV.3.15_1,0.04463760284812439,0.44388777555110226
2022,11,HRV.3.16_1,0.04442275398000696,0.4268537074148297
2022,11,HRV.3.17_1,0.04486505717667662,0.47194388777555096
2022,11,HRV.3.18_1,0.043999552207013196,0.40180360721442887
2022,11,HRV.3.19_1,0.04487533513474806,0.47394789579158314
2022,11,HRV.3.1_1,0.0449014157148368,0.47995991983967934
2022,11,HRV.3.21_1,0.042963204269654415,0.35871743486973945
2022,11,HRV.3.22_1,0.044875335134748055,0.47394789579158314
2022,11,HRV.3.2_1,0.044149020117663446,0.409819639278557
2022,11,HRV.3.3_1,0.044901415714836815,0.5180360721442886
2022,11,HRV.3.5_1,0.04453114216719473,0.43486973947895785
2022,11,HRV.3.6_1,0.04474561636453567,0.5430861723446894
2022,11,HRV.3.7_1,0.043899347578005544,0.3967935871743487
2022,11,HRV.3.9_1,0.04490506984562684,0.5170340681362725
2022,11,HRV.4.1_1,0.04278646150937983,0.35270541082164336
2022,11,HRV.4.2_1,0.042068160212582535,0.33066132264529063
2022,11,HRV.4.3_1,0.044094529756491474,0.4068136272545089
2022,11,HRV.4.4_1,0.04181588777480876,0.3236472945891783
2022,11,HRV.4.5_1,0.04389934757800554,0.3967935871743487
2022,11,HRV.4.6_1,0.04385779490887946,0.39478957915831653
2022,11,HRV.4.7_1,0.044075950914153415,0.405811623246493
2022,11,HRV.5.10_1,0.043076565145246916,0.3627254509018036
2022,11,HRV.5.11_1,0.04260159608363391,0.34669338677354705
2022,11,HRV.5.12_1,0.04372806573251124,0.38877755511022033
2022,11,HRV.5.13_1,0.04230885585925813,0.33767535070140275
2022,11,HRV.5.14_1,0.04401896487476813,0.4028056112224449
2022,11,HRV.5.15_1,0.04123541661552883,0.3086172344689379
2022,11,HRV.5.16_1,0.04475423530696605,0.45591182364729466
2022,11,HRV.5.17_1,0.042756217206510176,0.35170340681362733
2022,11,HRV.5.18_1,0.04359068136350862,0.38276553106212424
2022,11,HRV.5.19_1,0.04453114216719472,0.43486973947895785
2022,11,HRV.5.1_1,0.043683124684349595,0.3867735470941884
2022,11,HRV.5.20_1,0.04217272239431715,0.3336673346693386
2022,11,HRV.5.21_1,0.04389934757800552,0.3967935871743487
2022,11,HRV.5.22_1,0.04077418558574738,0.29759519038076154
2022,11,HRV.5.23_1,0.04293430730455367,0.3577154308617234
2022,11,HRV.5.24_1,0.04224125636959848,0.3356713426853708
2022,11,HRV.5.25_1,0.044451069674405944,0.42885771543086165
2022,11,HRV.5.27_1,0.04475423530696604,0.45591182364729466
2022,11,HRV.5.28_1,0.04420164609122565,0.4128256513026051
2022,11,HRV.5.29_1,0.044057163981650424,0.40480961923847697
2022,11,HRV.5.2_1,0.043494806525408804,0.3787575150300601
2022,11,HRV.5.30_1,0.04372806573251123,0.38877755511022033
2022,11,HRV.5.31_1,0.04399955220701321,0.40180360721442887
2022,11,HRV.5.32_1,0.042875842431907944,0.35571142284569135
2022,11,HRV.5.33_1,0.04385779490887945,0.39478957915831653
2022,11,HRV.5.34_1,0.04203283438238946,0.3296593186372745
2022,11,HRV.5.35_1,0.04342063607792695,0.3757515030060121
2022,11,HRV.5.36_1,0.042695050008367166,0.34969939879759515
2022,11,HRV.5.37_1,0.04210324980265413,0.33166332665330667
2022,11,HRV.5.38_1,0.04416676895937853,0.41082164328657306
2022,11,HRV.5.39_1,0.043420636077926886,0.3757515030060121
2022,11,HRV.5.3_1,0.04339547952380596,0.374749498997996
2022,11,HRV.5.40_1,0.04240851177262512,0.34068136272545096
2022,11,HRV.5.4_1,0.0432926787939761,0.37074148296593185
2022,11,HRV.5.5_1,0.04247379259847072,0.3426853707414829
2022,11,HRV.5.6_1,0.042473792598470714,0.3426853707414829
2022,11,HRV.5.7_1,0.04443701358204495,0.42785571142284573
2022,11,HRV.5.8_1,0.042275172670101016,0.33667334669338683
2022,11,HRV.5.9_1,0.04162850027039507,0.3186372745490981
2022,11,HRV.6.10_1,0.04287584243190794,0.35571142284569135
2022,11,HRV.6.11_1,0.04307656514524692,0.3627254509018036
2022,11,HRV.6.12_1,0.04139560672745636,0.31262525050100204
2022,11,HRV.6.13_1,0.04247379259847071,0.3426853707414829
2022,11,HRV.6.14_1,0.04094545539146501,0.3016032064128257
2022,11,HRV.6.15_1,0.042068160212582584,0.33066132264529063
2022,11,HRV.6.16_1,0.04111265751199856,0.3056112224448897
2022,11,HRV.6.17_1,0.040643035947481594,0.29458917835671344
2022,11,HRV.6.18_1,0.043159258569107205,0.3657314629258517
2022,11,HRV.6.19_1,0.042756217206510155,0.35170340681362733
2022,11,HRV.6.1_1,0.042241256369598475,0.3356713426853708
2022,11,HRV.6.20_1,0.042538152775059276,0.344689378757515
2022,11,HRV.6.21_1,0.042846273694266954,0.3547094188376753
2022,11,HRV.6.2_1,0.04337010586627802,0.37374749498997994
2022,11,HRV.6.3_1,0.041741657236556,0.32164328657314634
2022,11,HRV.6.4_1,0.043076565145246944,0.3627254509018036
2022,11,HRV.6.5_1,0.042275172670101016,0.33667334669338683
2022,11,HRV.6.6_1,0.04342063607792695,0.3757515030060121
2022,11,HRV.6.7_1,0.04247379259847071,0.3426853707414829
2022,11,HRV.6.8_1,0.04192543402968461,0.3266533066132265
2022,11,HRV.6.9_1,0.041029562080287185,0.30360721442885763
2022,11,HRV.7.10_1,0.04123541661552885,0.3086172344689379
2022,11,HRV.7.11_1,0.04177889285897204,0.32264529058116226
2022,11,HRV.7.12_1,0.04135593101323889,0.3116232464929859
2022,11,HRV.7.13_1,0.04127583660913795,0.30961923847695383
2022,11,HRV.7.14_1,0.04059880165840477,0.2935871743486973
2022,11,HRV.7.15_1,0.04192543402968461,0.3266533066132265
2022,11,HRV.7.16_1,0.04206816021258254,0.33066132264529063
2022,11,HRV.7.17_1,0.04059880165840474,0.2935871743486973
2022,11,HRV.7.18_1,0.039757320667554705,0.2755511022044088
2022,11,HRV.7.19_1,0.04090302106854621,0.30060120240480964
2022,11,HRV.7.1_1,0.04206816021258259,0.33066132264529063
2022,11,HRV.7.20_1,0.04139560672745634,0.31262525050100204
2022,11,HRV.7.21_1,0.04098763549272168,0.3026052104208417
2022,11,HRV.7.22_1,0.03985512948058407,0.2775551102204409
2022,11,HRV.7.23_1,0.041029562080287206,0.30360721442885763
2022,11,HRV.7.24_1,0.04135593101323889,0.3116232464929859
2022,11,HRV.7.25_1,0.04135593101323889,0.3116232464929859
2022,11,HRV.7.2_1,0.04077418558574741,0.29759519038076154
2022,11,HRV.7.3_1,0.041235416615528826,0.3086172344689379
2022,11,HRV.7.4_1,0.04135593101323889,0.3116232464929859
2022,11,HRV.7.5_1,0.041666461533912916,0.31963927855711427
2022,11,HRV.7.6_1,0.04018889231686864,0.2845691382765531
2022,11,HRV.7.7_1,0.04170418032446179,0.3206412825651303
2022,11,HRV.7.8_1,0.041275836609137945,0.30961923847695383
2022,11,HRV.7.9_1,0.03970800377560489,0.2745490981963928
2022,11,HRV.8.10_1,0.039806362264207876,0.27655310621242485
2022,11,HRV.8.11_1,0.041071235855271504,0.3046092184368738
2022,11,HRV.8.12_1,0.04203283438238945,0.3296593186372745
2022,11,HRV.8.13_1,0.041815887774808755,0.3236472945891783
2022,11,HRV.8.14_1,0.04174165723655572,0.32164328657314634
2022,11,HRV.8.15_1,0.041778892858972044,0.32264529058116226
2022,11,HRV.8.16_1,0.0416285002703951,0.3186372745490981
2022,11,HRV.8.17_1,0.039303445104941756,0.2665330661322645
2022,11,HRV.8.18_1,0.04188915779103526,0.32565130260521036
2022,11,HRV.8.19_1,0.041704180324461805,0.3206412825651303
2022,11,HRV.8.1_1,0.04217272239431716,0.3336673346693386
2022,11,HRV.8.20_1,0.03990362322256434,0.2785571142284569
2022,11,HRV.8.21_1,0.04185264256153216,0.32464929859719444
2022,11,HRV.8.22_1,0.039999793861831126,0.280561122244489
2022,11,HRV.8.23_1,0.041275836609137945,0.30961923847695383
2022,11,HRV.8.24_1,0.0414350356417973,0.31362725450901807
2022,11,HRV.8.25_1,0.04224125636959845,0.3356713426853708
2022,11,HRV.8.26_1,0.04192543402968462,0.3266533066132265
2022,11,HRV.8.27_1,0.0382113349904888,0.246492985971944
2022,11,HRV.8.28_1,0.04037371252013141,0.28857715430861725
2022,11,HRV.8.29_1,0.04250608752984244,0.34368737474949895
2022,11,HRV.8.2_1,0.040687010860933216,0.29559118236472937
2022,11,HRV.8.30_1,0.040094881250341344,0.28256513026052105
2022,11,HRV.8.31_1,0.04281648019531074,0.3537074148296593
2022,11,HRV.8.32_1,0.04119474721446173,0.30761523046092176
2022,11,HRV.8.3_1,0.042275172670101016,0.33667334669338683
2022,11,HRV.8.4_1,0.041355931013238895,0.3116232464929859
2022,11,HRV.8.5_1,0.040987635492721705,0.3026052104208417
2022,11,HRV.8.6_1,0.04177889285897204,0.32264529058116226
2022,11,HRV.8.7_1,0.040188892316868625,0.2845691382765531
2022,11,HRV.8.8_1,0.0389345634861133,0.2595190380761523
2022,11,HRV.8.9_1,0.040687010860933216,0.29559118236472937
2022,11,HRV.9.10_1,0.04253815277505931,0.344689378757515
2022,11,HRV.9.11_1,0.0399997938618311,0.280561122244489
2022,11,HRV.9.12_1,0.0395583920384602,0.2715430861723447
2022,11,HRV.9.1_1,0.04004747252614872,0.2815631262525049
2022,11,HRV.9.2_1,0.040281833853788196,0.2865731462925852
2022,11,HRV.9.3_1,0.040643035947481615,0.29458917835671344
2022,11,HRV.9.4_1,0.04385779490887946,0.39478957915831653
2022,11,HRV.9.5_1,0.0410295620802872,0.30360721442885763
2022,11,HRV.9.6_1,0.04299187813369368,0.3597194388777555
2022,11,HRV.9.7_1,0.040281833853788196,0.2865731462925852
2022,11,HRV.9.8_1,0.04107123585527143,0.3046092184368738
2022,11,HRV.9.9_1,0.040730727156801684,0.2965931863727455
2022,11,HUN.1.10_1,0.0316802779648913,0.15731462925851705
2022,11,HUN.1.1_1,0.03309069590576371,0.17334669338677358
2022,11,HUN.1.2_1,0.03186333943737778,0.15931863727454912
2022,11,HUN.1.3_1,0.03292096135954542,0.17134268537074152
2022,11,HUN.1.4_1,0.03383257713374824,0.18236472945891777
2022,11,HUN.1.5_1,0.031023459308779686,0.15030060120240482
2022,11,HUN.1.6_1,0.032920961359545454,0.17134268537074152
2022,11,HUN.1.7_1,0.03195412280395651,0.16032064128256515
2022,11,HUN.1.8_1,0.03257599555835811,0.16733466933867738
2022,11,HUN.1.9_1,0.03300605504718021,0.17234468937875744
2022,11,HUN.10.1_1,0.03970800377560492,0.2745490981963928
2022,11,HUN.10.2_1,0.04068701086093324,0.29559118236472937
2022,11,HUN.10.3_1,0.0406430359474816,0.29458917835671344
2022,11,HUN.10.4_1,0.03935499843274611,0.26753507014028055
2022,11,HUN.10.5_1,0.04159029593360395,0.3176352705410822
2022,11,HUN.10.6_1,0.041666461533912895,0.31963927855711427
2022,11,HUN.10.7_1,0.0406430359474816,0.29458917835671344
2022,11,HUN.11.1_1,0.038934563486113294,0.2595190380761523
2022,11,HUN.11.2_1,0.03866235905489502,0.2545090180360721
2022,11,HUN.11.3_1,0.03914707730058033,0.2635270541082164
2022,11,HUN.11.4_1,0.040687010860933244,0.29559118236472937
2022,11,HUN.11.5_1,0.04059880165840478,0.2935871743486973
2022,11,HUN.11.6_1,0.0382687724677993,0.24749498997995992
2022,11,HUN.11.7_1,0.037312285887030894,0.23146292585170328
2022,11,HUN.12.1_1,0.041435035641797256,0.31362725450901807
2022,11,HUN.12.2_1,0.040817386891126684,0.2985971943887776
2022,11,HUN.12.3_1,0.04073072715680161,0.2965931863727455
2022,11,HUN.12.4_1,0.04284627369426696,0.3547094188376753
2022,11,HUN.12.5_1,0.04131600785669962,0.31062124248497
2022,11,HUN.12.6_1,0.04296320426965445,0.35871743486973945
2022,11,HUN.12.7_1,0.042375524914021155,0.3396793587174348
2022,11,HUN.13.1_1,0.029316341692963915,0.13326653306613226
2022,11,HUN.13.2_1,0.028781414078247653,0.1282565130260521
2022,11,HUN.13.3_1,0.029629830206987635,0.13627254509018036
2022,11,HUN.13.4_1,0.03204441289418667,0.16132264529058118
2022,11,HUN.13.5_1,0.02789144090527873,0.12024048096192395
2022,11,HUN.13.6_1,0.03092752895819812,0.1492985971943888
2022,11,HUN.14.10_1,0.03786023254001059,0.24048096192384757
2022,11,HUN.14.11_1,0.040817386891126635,0.2985971943887776
2022,11,HUN.14.12_1,0.041235416615528854,0.3086172344689379
2022,11,HUN.14.13_1,0.03724978902535132,0.23046092184368736
2022,11,HUN.14.14_1,0.0399518443870048,0.27955911823647295
2022,11,HUN.14.15_1,0.03882656321699924,0.2575150300601202
2022,11,HUN.14.1_1,0.03985512948058407,0.2775551102204409
2022,11,HUN.14.2_1,0.040945455391465026,0.3016032064128257
2022,11,HUN.14.3_1,0.04018889231686864,0.2845691382765531
2022,11,HUN.14.4_1,0.04004747252614867,0.2815631262525049
2022,11,HUN.14.5_1,0.041778892858972023,0.32264529058116226
2022,11,HUN.14.6_1,0.04037371252013142,0.28857715430861725
2022,11,HUN.14.7_1,0.039999793861831064,0.280561122244489
2022,11,HUN.14.8_1,0.03940626880286667,0.2685370741482966
2022,11,HUN.14.9_1,0.040774185585747365,0.29759519038076154
2022,11,HUN.15.10_1,0.038325904827475506,0.24849699398797595
2022,11,HUN.15.1_1,0.040687010860933216,0.29559118236472937
2022,11,HUN.15.2_1,0.039855129480584055,0.2775551102204409
2022,11,HUN.15.3_1,0.0396584106640945,0.27354709418837675
2022,11,HUN.15.4_1,0.04059880165840481,0.2935871743486973
2022,11,HUN.15.5_1,0.039199485556694266,0.26452905811623245
2022,11,HUN.15.6_1,0.039041398656213214,0.26152304609218435
2022,11,HUN.15.7_1,0.03809553972866256,0.2444889779559117
2022,11,HUN.15.8_1,0.03970800377560489,0.2745490981963928
2022,11,HUN.15.9_1,0.039251607817131676,0.2655310621242485
2022,11,HUN.16.10_1,0.04077418558574743,0.29759519038076154
2022,11,HUN.16.11_1,0.04028183385378819,0.2865731462925852
2022,11,HUN.16.1_1,0.040281833853788196,0.2865731462925852
2022,11,HUN.16.2_1,0.04064303594748161,0.29458917835671344
2022,11,HUN.16.3_1,0.04046453484455117,0.2905811623246492
2022,11,HUN.16.4_1,0.04098763549272168,0.3026052104208417
2022,11,HUN.16.5_1,0.04028183385378819,0.2865731462925852
2022,11,HUN.16.6_1,0.040281833853788196,0.2865731462925852
2022,11,HUN.16.7_1,0.04135593101323889,0.3116232464929859
2022,11,HUN.16.8_1,0.04094545539146502,0.3016032064128257
2022,11,HUN.16.9_1,0.041778892858972023,0.32264529058116226
2022,11,HUN.17.1_1,0.031954122803956334,0.16032064128256515
2022,11,HUN.17.2_1,0.03092752895819812,0.1492985971943888
2022,11,HUN.17.3_1,0.03334193188399732,0.17635270541082157
2022,11,HUN.17.4_1,0.030439724606053674,0.14428857715430862
2022,11,HUN.17.5_1,0.029835806235238595,0.13827655310621242
2022,11,HUN.18.1_1,0.025717710011312466,0.10220440881763525
2022,11,HUN.18.2_1,0.025066483999070344,0.09719438877755508
2022,11,HUN.18.3_1,0.02647065696182961,0.10821643286573145
2022,11,HUN.18.4_1,0.023834774875754666,0.08817635270541078
2022,11,HUN.18.5_1,0.02493350870553616,0.09619238476953905
2022,11,HUN.18.6_1,0.02597204829659693,0.10420841683366731
2022,11,HUN.18.7_1,0.02571771001131241,0.10220440881763525
2022,11,HUN.18.8_1,0.02584530739365449,0.10320641282565128
2022,11,HUN.18.9_1,0.024799594579291855,0.09519038076152302
2022,11,HUN.19.1_1,0.03317488699465878,0.1743486973947895
2022,11,HUN.19.2_1,0.033992703532526834,0.18436873747494983
2022,11,HUN.19.3_1,0.03564779446325795,0.20641282565130267
2022,11,HUN.19.4_1,0.032134213364370785,0.16232464929859722
2022,11,HUN.19.5_1,0.031680277964891236,0.15731462925851705
2022,11,HUN.19.6_1,0.03292096135954545,0.17134268537074152
2022,11,HUN.19.7_1,0.031587992257590194,0.15631262525050102
2022,11,HUN.19.8_1,0.03240071279083803,0.16533066132264532
2022,11,HUN.19.9_1,0.031118856483700375,0.15130260521042085
2022,11,HUN.2.1_1,0.04434839698606735,0.42184368737474953
2022,11,HUN.2.2_1,0.044531142167194726,0.43486973947895785
2022,11,HUN.2.3_1,0.044348396986067344,0.42184368737474953
2022,11,HUN.2.4_1,0.04425241372600008,0.41583166332665333
2022,11,HUN.2.5_1,0.04411290074769578,0.40781563126252507
2022,11,HUN.2.6_1,0.0438786765689372,0.39579158316633256
2022,11,HUN.2.7_1,0.044543778455702336,0.4358717434869739
2022,11,HUN.2.8_1,0.04418431087589443,0.4118236472945892
2022,11,HUN.2.9_1,0.04472777927014904,0.45290581162324656
2022,11,HUN.20.1_1,0.04230885585925812,0.33767535070140275
2022,11,HUN.20.2_1,0.03871738909574292,0.25551102204408815
2022,11,HUN.20.3_1,0.040598801658404814,0.2935871743486973
2022,11,HUN.20.4_1,0.04166646153391286,0.31963927855711427
2022,11,HUN.20.5_1,0.041961471838374974,0.32765531062124253
2022,11,HUN.20.6_1,0.04023549635725002,0.28557114228456904
2022,11,HUN.3.1_1,0.04263297507375736,0.3476953907815631
2022,11,HUN.3.2_1,0.043239968784663234,0.3687374749498998
2022,11,HUN.3.3_1,0.043266433224883695,0.3697394789579158
2022,11,HUN.3.4_1,0.043020329301303804,0.3607214428857715
2022,11,HUN.3.5_1,0.04337010586627802,0.37374749498997994
2022,11,HUN.3.6_1,0.04230885585925812,0.33767535070140275
2022,11,HUN.3.7_1,0.04368312468434959,0.3867735470941884
2022,11,HUN.3.8_1,0.04185264256153217,0.32464929859719444
2022,11,HUN.4.10_1,0.039354998432746105,0.26753507014028055
2022,11,HUN.4.11_1,0.03821133499048885,0.246492985971944
2022,11,HUN.4.12_1,0.03866235905489498,0.2545090180360721
2022,11,HUN.4.13_1,0.03743630130350768,0.23346693386773534
2022,11,HUN.4.14_1,0.04037371252013142,0.28857715430861725
2022,11,HUN.4.15_1,0.03724978902535137,0.23046092184368736
2022,11,HUN.4.1_1,0.03731228588703078,0.23146292585170328
2022,11,HUN.4.2_1,0.039354998432746105,0.26753507014028055
2022,11,HUN.4.3_1,0.03849548335707844,0.251503006012024
2022,11,HUN.4.4_1,0.036406917078049765,0.21743486973947893
2022,11,HUN.4.5_1,0.0378006238936809,0.23947895791583165
2022,11,HUN.4.6_1,0.03985512948058406,0.2775551102204409
2022,11,HUN.4.7_1,0.039507964628592365,0.27054108216432865
2022,11,HUN.4.8_1,0.03882656321699921,0.2575150300601202
2022,11,HUN.4.9_1,0.037740699864460124,0.23847695390781562
2022,11,HUN.5.1_1,0.04493350355864271,0.49298597194388777
2022,11,HUN.6.1_1,0.03231235979305093,0.16432865731462928
2022,11,HUN.6.2_1,0.03309069590576369,0.17334669338677358
2022,11,HUN.6.3_1,0.031495198068607316,0.155310621242485
2022,11,HUN.6.4_1,0.030927528958198135,0.1492985971943888
2022,11,HUN.6.5_1,0.030240712502615525,0.14228456913827656
2022,11,HUN.6.6_1,0.03499358228034872,0.19739478957915838
2022,11,HUN.6.7_1,0.029316341692963904,0.13326653306613226
2022,11,HUN.7.10_1,0.03797850899911906,0.24248496993987986
2022,11,HUN.7.1_1,0.0386070321847343,0.2535070140280561
2022,11,HUN.7.2_1,0.036737876773959545,0.2224448897795591
2022,11,HUN.7.3_1,0.03536081141455971,0.20240480961923832
2022,11,HUN.7.4_1,0.039999793861831126,0.280561122244489
2022,11,HUN.7.5_1,0.03737445616120217,0.23246492985971942
2022,11,HUN.7.6_1,0.03945725720745003,0.2695390781563126
2022,11,HUN.7.7_1,0.03893456348611335,0.2595190380761523
2022,11,HUN.7.8_1,0.03826877246779932,0.24749498997995992
2022,11,HUN.7.9_1,0.03731228588703083,0.23146292585170328
2022,11,HUN.8.1_1,0.03367075430784959,0.1803607214428857
2022,11,HUN.8.2_1,0.03514162192953801,0.19939879759519044
2022,11,HUN.8.3_1,0.033258631329692014,0.17535070140280565
2022,11,HUN.8.4_1,0.032835411739094406,0.17034068136272537
2022,11,HUN.8.5_1,0.03274940303677264,0.16933867735470945
2022,11,HUN.8.6_1,0.032835411739094406,0.17034068136272537
2022,11,HUN.8.7_1,0.03391285105217095,0.1833667334669339
2022,11,HUN.9.1_1,0.042506087529842425,0.34368737474949895
2022,11,HUN.9.2_1,0.04269505000836714,0.34969939879759515
2022,11,HUN.9.3_1,0.04247379259847071,0.3426853707414829
2022,11,HUN.9.4_1,0.0431863818274444,0.3667334669338677
2022,11,HUN.9.5_1,0.0430485581730062,0.36172344689378755
2022,11,HUN.9.6_1,0.0418526425615322,0.32464929859719444
2022,11,HUN.9.7_1,0.04170418032446179,0.3206412825651303
2022,11,HUN.9.8_1,0.04210324980265415,0.33166332665330667
2022,11,HUN.9.9_1,0.04342063607792697,0.3757515030060121
2022,11,IMN.10_2,0.044822835762590676,0.46492985971943884
2022,11,IMN.11_2,0.04315925856910718,0.3657314629258517
2022,11,IMN.12_2,0.04363733070841168,0.3847695390781563
2022,11,IMN.13_2,0.04323996878466325,0.3687374749498998
2022,11,IMN.14_2,0.0432664332248837,0.3697394789579158
2022,11,IMN.15_2,0.04394005872115099,0.3987975951903809
2022,11,IMN.16_2,0.04363733070841165,0.3847695390781563
2022,11,IMN.1_2,0.04437875231866445,0.4238476953907815
2022,11,IMN.2_2,0.043660334463641655,0.38577154308617234
2022,11,IMN.3_2,0.04275621720651015,0.35170340681362733
2022,11,IMN.4_2,0.04354317415326609,0.38076152304609207
2022,11,IMN.5_2,0.04247379259847071,0.3426853707414829
2022,11,IMN.7_2,0.044112900747695784,0.40781563126252507
2022,11,IMN.8_2,0.043159258569107226,0.3657314629258517
2022,11,IMN.9_2,0.0434206360779269,0.3757515030060121
2022,11,IRL.1.1_1,0.04409452975649149,0.4068136272545089
2022,11,IRL.1.2_1,0.04281648019531073,0.3537074148296593
2022,11,IRL.1.3_1,0.042816480195310744,0.3537074148296593
2022,11,IRL.10.1_1,0.04260159608363391,0.34669338677354705
2022,11,IRL.10.2_1,0.04240851177262511,0.34068136272545096
2022,11,IRL.10.3_1,0.043960099386217186,0.3997995991983968
2022,11,IRL.10.4_1,0.04399955220701318,0.40180360721442887
2022,11,IRL.11.1_1,0.04304855817300618,0.36172344689378755
2022,11,IRL.11.2_1,0.042963204269654436,0.35871743486973945
2022,11,IRL.11.3_1,0.04244126750596147,0.3416833667334669
2022,11,IRL.12.1_1,0.04284627369426693,0.3547094188376753
2022,11,IRL.12.2_1,0.04372806573251123,0.38877755511022033
2022,11,IRL.12.3_1,0.04217272239431716,0.3336673346693386
2022,11,IRL.13.1_1,0.04370570167396516,0.3877755511022044
2022,11,IRL.13.2_1,0.042632975073757365,0.3476953907815631
2022,11,IRL.13.3_1,0.04321328510842757,0.36773547094188375
2022,11,IRL.13.4_1,0.042875842431907944,0.35571142284569135
2022,11,IRL.14.1_1,0.04344557587102488,0.37675350701402816
2022,11,IRL.14.2_1,0.04275621720651018,0.35170340681362733
2022,11,IRL.14.3_1,0.0430485581730062,0.36172344689378755
2022,11,IRL.15.1_1,0.04450526241781755,0.4328657314629258
2022,11,IRL.15.2_1,0.04434839698606732,0.42184368737474953
2022,11,IRL.15.3_1,0.04405716398165042,0.40480961923847697
2022,11,IRL.16.1_1,0.04304855817300621,0.36172344689378755
2022,11,IRL.16.2_1,0.04206816021258254,0.33066132264529063
2022,11,IRL.16.3_1,0.04275621720651016,0.35170340681362733
2022,11,IRL.16.4_1,0.04299187813369366,0.3597194388777555
2022,11,IRL.17.1_1,0.04391980820638047,0.39779559118236474
2022,11,IRL.17.2_1,0.04307656514524692,0.3627254509018036
2022,11,IRL.17.3_1,0.04391980820638047,0.39779559118236474
2022,11,IRL.17.4_1,0.04379388327133811,0.39178356713426865
2022,11,IRL.17.5_1,0.04363733070841165,0.3847695390781563
2022,11,IRL.17.6_1,0.043857794908879456,0.39478957915831653
2022,11,IRL.18.1_1,0.043318705853011945,0.3717434869739479
2022,11,IRL.18.2_1,0.04321328510842757,0.36773547094188375
2022,11,IRL.18.3_1,0.04253815277505928,0.344689378757515
2022,11,IRL.19.1_1,0.04284627369426696,0.3547094188376753
2022,11,IRL.19.2_1,0.04253815277505931,0.344689378757515
2022,11,IRL.19.3_1,0.04275621720651016,0.35170340681362733
2022,11,IRL.2.1_1,0.04296320426965442,0.35871743486973945
2022,11,IRL.2.2_1,0.042506087529842425,0.34368737474949895
2022,11,IRL.2.3_1,0.042601596083633904,0.34669338677354705
2022,11,IRL.20.1_1,0.04278646150937983,0.35270541082164336
2022,11,IRL.20.2_1,0.0422071064489409,0.33466933867735477
2022,11,IRL.20.3_1,0.042207106448940886,0.33466933867735477
2022,11,IRL.21.1_1,0.04281648019531074,0.3537074148296593
2022,11,IRL.21.2_1,0.04370570167396516,0.3877755511022044
2022,11,IRL.21.3_1,0.044201646091225684,0.4128256513026051
2022,11,IRL.22.1_1,0.04385779490887946,0.39478957915831653
2022,11,IRL.22.2_1,0.042756217206510155,0.35170340681362733
2022,11,IRL.22.3_1,0.04293430730455365,0.3577154308617234
2022,11,IRL.22.4_1,0.04281648019531074,0.3537074148296593
2022,11,IRL.22.5_1,0.04349480652540879,0.3787575150300601
2022,11,IRL.23.1_1,0.042408511772625106,0.34068136272545096
2022,11,IRL.23.2_1,0.04304855817300619,0.36172344689378755
2022,11,IRL.23.3_1,0.04440829068995693,0.42585170340681366
2022,11,IRL.24.1_1,0.04337010586627802,0.37374749498997994
2022,11,IRL.24.2_1,0.04213810368687147,0.3326653306613226
2022,11,IRL.25.1_1,0.042756217206510176,0.35170340681362733
2022,11,IRL.25.2_1,0.04293430730455366,0.3577154308617234
2022,11,IRL.25.3_1,0.04237552491402112,0.3396793587174348
2022,11,IRL.25.4_1,0.043878676568937174,0.39579158316633256
2022,11,IRL.25.5_1,0.043048558173006214,0.36172344689378755
2022,11,IRL.26.1_1,0.04299187813369369,0.3597194388777555
2022,11,IRL.26.2_1,0.0429051868296193,0.35671342685370727
2022,11,IRL.26.3_1,0.04266412623133125,0.3486973947895791
2022,11,IRL.26.4_1,0.04409452975649146,0.4068136272545089
2022,11,IRL.26.5_1,0.042846273694266954,0.3547094188376753
2022,11,IRL.3.1_1,0.04356703514975308,0.3817635270541082
2022,11,IRL.3.2_1,0.04304855817300619,0.36172344689378755
2022,11,IRL.3.3_1,0.04426892431782443,0.41683366733466937
2022,11,IRL.3.4_1,0.04351909805326036,0.37975951903807614
2022,11,IRL.4.1_1,0.043960099386217186,0.3997995991983968
2022,11,IRL.4.2_1,0.04445106967440594,0.42885771543086165
2022,11,IRL.4.3_1,0.04394005872115098,0.3987975951903809
2022,11,IRL.4.4_1,0.044378752318664484,0.4238476953907815
2022,11,IRL.4.5_1,0.04375021715662883,0.3897795591182365
2022,11,IRL.4.6_1,0.04370570167396517,0.3877755511022044
2022,11,IRL.4.7_1,0.04351909805326036,0.37975951903807614
2022,11,IRL.4.8_1,0.042875842431907944,0.35571142284569135
2022,11,IRL.4.9_1,0.04342063607792694,0.3757515030060121
2022,11,IRL.5.1_1,0.04256998880442951,0.345691382765531
2022,11,IRL.5.2_1,0.043266433224883695,0.3697394789579158
2022,11,IRL.5.3_1,0.04220710644894091,0.33466933867735477
2022,11,IRL.5.4_1,0.042375524914021113,0.3396793587174348
2022,11,IRL.5.5_1,0.042695050008367166,0.34969939879759515
2022,11,IRL.6.1_1,0.04491484578327641,0.48396793587174347
2022,11,IRL.6.2_1,0.044201646091225635,0.4128256513026051
2022,11,IRL.6.3_1,0.04450526241781755,0.4328657314629258
2022,11,IRL.6.4_1,0.043772156239592984,0.3907815631262525
2022,11,IRL.7.1_1,0.04344557587102492,0.37675350701402816
2022,11,IRL.7.2_1,0.04349480652540881,0.3787575150300601
2022,11,IRL.7.3_1,0.04379388327133811,0.39178356713426865
2022,11,IRL.7.4_1,0.04421877482643152,0.41382765531062116
2022,11,IRL.7.5_1,0.04237552491402112,0.3396793587174348
2022,11,IRL.7.6_1,0.043445575871024884,0.37675350701402816
2022,11,IRL.8.1_1,0.043750217156628815,0.3897795591182365
2022,11,IRL.8.2_1,0.043494806525408825,0.3787575150300601
2022,11,IRL.8.3_1,0.043728065732511236,0.38877755511022033
2022,11,IRL.8.4_1,0.04391980820638047,0.39779559118236474
2022,11,IRL.8.5_1,0.043857794908879456,0.39478957915831653
2022,11,IRL.9.1_1,0.04385779490887946,0.39478957915831653
2022,11,IRL.9.2_1,0.04454377845570234,0.4358717434869739
2022,11,IRL.9.3_1,0.04290518682961929,0.35671342685370727
2022,11,IRL.9.4_1,0.04342063607792691,0.3757515030060121
2022,11,IRL.9.5_1,0.043750217156628836,0.3897795591182365
2022,11,ISL.1.10_1,0.03317488699465888,0.1743486973947895
2022,11,ISL.1.11_1,0.02910426720119383,0.1312625250501002
2022,11,ISL.1.12_1,0.03647379985239157,0.21843687374749496
2022,11,ISL.1.13_1,0.036996506011050985,0.22645290581162333
2022,11,ISL.1.14_1,0.040047472526148674,0.2815631262525049
2022,11,ISL.1.15_1,0.03446311269826633,0.19038076152304603
2022,11,ISL.1.16_1,0.0349189819928164,0.19639278557114234
2022,11,ISL.1.1_1,0.03491898199281637,0.19639278557114234
2022,11,ISL.1.2_1,0.036803040760427085,0.22344689378757523
2022,11,ISL.1.3_1,0.035859149967226014,0.20941883767535066
2022,11,ISL.1.4_1,0.03888070953173469,0.25851703406813625
2022,11,ISL.1.5_1,0.03564779446325792,0.20641282565130267
2022,11,ISL.1.6_1,0.03309069590576366,0.17334669338677358
2022,11,ISL.1.7_1,0.0345400866382659,0.19138276553106218
2022,11,ISL.1.8_1,0.03613588052320527,0.2134268537074148
2022,11,ISL.1.9_1,0.03186333943737775,0.15931863727454912
2022,11,ISL.2.10_1,0.028997287752026903,0.13026052104208416
2022,11,ISL.2.11_1,0.03550504892848518,0.2044088176352705
2022,11,ISL.2.12_1,0.037559021934399646,0.23547094188376752
2022,11,ISL.2.13_1,0.03454008663826603,0.19138276553106218
2022,11,ISL.2.14_1,0.029525942839218094,0.13527054108216433
2022,11,ISL.2.15_1,0.03430795101871426,0.18837675350701397
2022,11,ISL.2.16_1,0.03660652579932899,0.22044088176352702
2022,11,ISL.2.17_1,0.028230263129052656,0.12324649298597194
2022,11,ISL.2.18_1,0.03334193188399726,0.17635270541082157
2022,11,ISL.2.19_1,0.03186333943737772,0.15931863727454912
2022,11,ISL.2.1_1,0.030927528958198135,0.1492985971943888
2022,11,ISL.2.20_1,0.037497822753405165,0.2344689378757515
2022,11,ISL.2.21_1,0.028672507358848326,0.12725450901803606
2022,11,ISL.2.22_1,0.03461665917470775,0.1923847695390781
2022,11,ISL.2.23_1,0.032662932057324005,0.16833667334669342
2022,11,ISL.2.24_1,0.03780062389368088,0.23947895791583165
2022,11,ISL.2.25_1,0.033090695905763634,0.17334669338677358
2022,11,ISL.2.2_1,0.034843991792040986,0.1953907815631263
2022,11,ISL.2.3_1,0.03300605504718021,0.17234468937875744
2022,11,ISL.2.4_1,0.0276620524538097,0.11823647294589178
2022,11,ISL.2.5_1,0.030831061077761755,0.14829659318637275
2022,11,ISL.2.6_1,0.03168027796489132,0.15731462925851705
2022,11,ISL.2.7_1,0.030831061077761707,0.14829659318637275
2022,11,ISL.2.9_1,0.033832577133748196,0.18236472945891777
2022,11,ISL.3.1_1,0.036867865902490055,0.22444889779559116
2022,11,ISL.3.2_1,0.03940626880286668,0.2685370741482966
2022,11,ISL.3.3_1,0.044922842836782516,0.48697394789579157
2022,11,ISL.3.4_1,0.0305383876201467,0.14529058116232466
2022,11,ISL.3.5_1,0.039507964628592365,0.27054108216432865
2022,11,ISL.3.6_1,0.03660652579932899,0.22044088176352702
2022,11,ISL.3.7_1,0.037800623893680885,0.23947895791583165
2022,11,ISL.4.10_1,0.030734051240935388,0.14729458917835672
2022,11,ISL.4.11_1,0.029316341692963915,0.13326653306613226
2022,11,ISL.4.12_1,0.03484399179204102,0.1953907815631263
2022,11,ISL.4.13_1,0.0340721371983879,0.18537074148296598
2022,11,ISL.4.1_1,0.02789144090527877,0.12024048096192395
2022,11,ISL.4.2_1,0.03083106107776173,0.14829659318637275
2022,11,ISL.4.3_1,0.03375187911770994,0.18136272545090185
2022,11,ISL.4.4_1,0.02910426720119383,0.1312625250501002
2022,11,ISL.4.5_1,0.028781414078247643,0.1282565130260521
2022,11,ISL.4.6_1,0.034307951018714256,0.18837675350701397
2022,11,ISL.4.7_1,0.03317488699465887,0.1743486973947895
2022,11,ISL.4.8_1,0.033589199970617066,0.17935871743486978
2022,11,ISL.4.9_1,0.032134213364370785,0.16232464929859722
2022,11,ISL.5.10_1,0.03053838762014672,0.14529058116232466
2022,11,ISL.5.11_1,0.033589199970617024,0.17935871743486978
2022,11,ISL.5.12_1,0.032400712790838004,0.16533066132264532
2022,11,ISL.5.13_1,0.03877212344211007,0.2565130260521042
2022,11,ISL.5.14_1,0.034843991792040944,0.1953907815631263
2022,11,ISL.5.15_1,0.030439724606053667,0.14428857715430862
2022,11,ISL.5.16_1,0.03633968549762287,0.21643286573146278
2022,11,ISL.5.17_1,0.03557660719068573,0.20541082164328653
2022,11,ISL.5.18_1,0.032662932057324026,0.16833667334669342
2022,11,ISL.5.19_1,0.03446311269826635,0.19038076152304603
2022,11,ISL.5.1_1,0.034463112698266345,0.19038076152304603
2022,11,ISL.5.20_1,0.02952594283921818,0.13527054108216433
2022,11,ISL.5.21_1,0.0380371794335184,0.24348697394789579
2022,11,ISL.5.22_1,0.03102345930877966,0.15030060120240482
2022,11,ISL.5.23_1,0.041741657236555686,0.32164328657314634
2022,11,ISL.5.25_1,0.031118856483700403,0.15130260521042085
2022,11,ISL.5.26_1,0.03592887278629515,0.2104208416833667
2022,11,ISL.5.27_1,0.028997287752026975,0.13026052104208416
2022,11,ISL.5.2_1,0.0330060550471802,0.17234468937875744
2022,11,ISL.5.3_1,0.03350721333440814,0.17835671342685364
2022,11,ISL.5.4_1,0.030140353701167032,0.14128256513026052
2022,11,ISL.5.5_1,0.034307951018714304,0.18837675350701397
2022,11,ISL.5.6_1,0.0333419318839973,0.17635270541082157
2022,11,ISL.5.7_1,0.03461665917470763,0.1923847695390781
2022,11,ISL.5.8_1,0.0324885902493857,0.16633266533066135
2022,11,ISL.5.9_1,0.03375187911770994,0.18136272545090185
2022,11,ISL.6.1_1,0.03909438201518484,0.2625250501002004
2022,11,ISL.6.2_1,0.041704180324461854,0.3206412825651303
2022,11,ISL.6.3_1,0.03866235905489497,0.2545090180360721
2022,11,ISL.6.4_1,0.03930344510494174,0.2665330661322645
2022,11,ISL.7.10_1,0.03484399179204105,0.1953907815631263
2022,11,ISL.7.11_1,0.03514162192953799,0.19939879759519044
2022,11,ISL.7.1_1,0.03391285105217092,0.1833667334669339
2022,11,ISL.7.2_1,0.03177205908137904,0.15831663326653309
2022,11,ISL.7.3_1,0.03564779446325792,0.20641282565130267
2022,11,ISL.7.4_1,0.032920961359545454,0.17134268537074152
2022,11,ISL.7.5_1,0.035360811414559684,0.20240480961923832
2022,11,ISL.7.6_1,0.03606723621772734,0.21242484969939876
2022,11,ISL.7.7_1,0.035215065628508034,0.20040080160320647
2022,11,ISL.7.8_1,0.03317488699465887,0.1743486973947895
2022,11,ISL.7.9_1,0.03334193188399731,0.17635270541082157
2022,11,ISL.8.11_1,0.03111885648370041,0.15130260521042085
2022,11,ISL.8.12_1,0.03140189144519451,0.15430861723446895
2022,11,ISL.8.13_1,0.031587992257590215,0.15631262525050102
2022,11,ISL.8.14_1,0.03092752895819813,0.1492985971943888
2022,11,ISL.8.15_1,0.03130806837135558,0.15330661322645292
2022,11,ISL.8.16_1,0.036867865902490096,0.22444889779559116
2022,11,ISL.8.1_1,0.04032790563471897,0.2875751503006012
2022,11,ISL.8.2_1,0.03274940303677259,0.16933867735470945
2022,11,ISL.8.3_1,0.029835806235238606,0.13827655310621242
2022,11,ISL.8.4_1,0.032223527815227596,0.16332665330661325
2022,11,ISL.8.5_1,0.03168027796489126,0.15731462925851705
2022,11,ISL.8.6_1,0.03613588052320531,0.2134268537074148
2022,11,ISL.8.7_1,0.03438573496541049,0.1893787575150301
2022,11,ISL.8.8_1,0.02962983020698762,0.13627254509018036
2022,11,ISL.8.9_1,0.030734051240935454,0.14729458917835672
2022,11,ITA.1.1_1,0.4690081757046113,0.45878001813734787
2022,11,ITA.1.2_1,0.44116451561935965,0.29072902683614993
2022,11,ITA.1.3_1,0.3098730457298997,0.43480146007805953
2022,11,ITA.1.4_1,0.3115041517196818,0.4652497584284128
2022,11,ITA.10.10_1,0.6611197145845004,0.7423384452528046
2022,11,ITA.10.11_1,0.3415572084024788,0.24669324775853146
2022,11,ITA.10.12_1,0.5767158849312946,0.6480927769578775
2022,11,ITA.10.1_1,0.7339715752576604,0.6187794028761373
2022,11,ITA.10.2_1,0.6544323859702048,0.7258363860790621
2022,11,ITA.10.3_1,0.6054517701425834,0.5916103896430336
2022,11,ITA.10.4_1,0.4988474660626993,0.8420538992146364
2022,11,ITA.10.5_1,0.45402929156283356,0.5971564145220796
2022,11,ITA.10.6_1,0.3679967312720236,0.821674911623912
2022,11,ITA.10.7_1,0.38523202673509244,0.8563133704202911
2022,11,ITA.10.8_1,0.5414234990300887,0.8215827484267957
2022,11,ITA.10.9_1,0.34927010167368433,0.7618679939615135
2022,11,ITA.11.1_1,0.3251348709191367,0.5175894436328595
2022,11,ITA.11.2_1,0.2608610643062835,0.40698789189867285
2022,11,ITA.11.3_1,0.2870865571517105,0.428331638579216
2022,11,ITA.11.4_1,0.33743215798972864,0.38397972104958134
2022,11,ITA.11.5_1,0.37798235989383533,0.42670045557817626
2022,11,ITA.12.1_1,0.4118144217843011,0.37798699074389136
2022,11,ITA.12.2_1,0.3118810789368066,0.3160858288762197
2022,11,ITA.13.1_1,0.6681946794614848,0.6368876830177735
2022,11,ITA.13.2_1,0.5245913623739118,0.5648244631266212
2022,11,ITA.13.3_1,0.41874840564276733,0.5010723651181684
2022,11,ITA.13.4_1,0.7381274857676289,0.48037608572728624
2022,11,ITA.13.5_1,0.4521756290157851,0.6209945057456437
2022,11,ITA.13.6_1,0.8014763257515863,0.42969328965389136
2022,11,ITA.13.7_1,0.38010240415509033,0.4232195780571561
2022,11,ITA.13.8_1,0.42482255113937994,0.5837631062948888
2022,11,ITA.14.1_1,0.34727483848985363,0.414698871234823
2022,11,ITA.14.2_1,0.21099705686730857,0.41364121727863473
2022,11,ITA.14.3_1,0.23756532286433793,0.3780765796339803
2022,11,ITA.14.4_1,0.35204624040411436,0.30032422780127715
2022,11,ITA.14.5_1,0.2154895937258294,0.3414676204080223
2022,11,ITA.14.6_1,0.20644620295666366,0.3483716838715048
2022,11,ITA.14.7_1,0.4167265909419486,0.36834839030686517
2022,11,ITA.14.8_1,0.3550492455482504,0.3243954770427143
2022,11,ITA.15.1_1,0.28077590422141685,0.34283017943241373
2022,11,ITA.15.2_1,0.1957147259077187,0.29286120518385517
2022,11,ITA.15.3_1,0.3309554652157279,0.3547942278915031
2022,11,ITA.15.4_1,0.1764106796682945,0.24217207277299257
2022,11,ITA.15.5_1,0.43146978544603964,0.33869754431934024
2022,11,ITA.15.6_1,0.37764659500822784,0.30470701508221393
2022,11,ITA.15.7_1,0.15412645357276122,0.39316137284721864
2022,11,ITA.15.8_1,0.1939078103766588,0.3337422663802718
2022,11,ITA.15.9_1,0.2108261103842762,0.4175645218141335
2022,11,ITA.16.10_1,0.266020604120787,0.3454064887383435
2022,11,ITA.16.1_1,0.27283831889604054,0.3332924309421957
2022,11,ITA.16.2_1,0.29719800295570464,0.3623438844446588
2022,11,ITA.16.3_1,0.2324315839244633,0.40334899379609296
2022,11,ITA.16.4_1,0.20739071571567547,0.5172487640547537
2022,11,ITA.16.5_1,0.26052374058378375,0.35429454389999465
2022,11,ITA.16.6_1,0.18102566714653753,0.34888243005561964
2022,11,ITA.16.7_1,0.29247175730997416,0.4479192890396564
2022,11,ITA.16.8_1,0.21206157025044753,0.4037637462304807
2022,11,ITA.16.9_1,0.11742561500892225,0.3732634187903308
2022,11,ITA.17.1_1,0.48595964506121,0.40226341545432404
2022,11,ITA.17.2_1,0.7108782989994995,0.5746777824978749
2022,11,ITA.18.1_1,0.3147944093289263,0.26609983311438645
2022,11,ITA.18.2_1,0.24394163584078007,0.29717621197714555
2022,11,ITA.19.1_1,0.2561342113618813,0.11100609995065419
2022,11,ITA.2.1_1,0.2824248089273634,0.3787232502504613
2022,11,ITA.2.2_1,0.13477060991073753,0.36838979877157985
2022,11,ITA.2.3_1,0.20605906615572867,0.4545808175346322
2022,11,ITA.2.4_1,0.31606725678420877,0.26836045021743093
2022,11,ITA.2.5_1,0.4687050500646586,0.5520476383265399
2022,11,ITA.2.6_1,0.24372340030950204,0.41032633449808814
2022,11,ITA.20.1_1,0.30588832629205787,0.19958386513909435
2022,11,ITA.20.2_1,0.4924515046274563,0.6706928528438653
2022,11,ITA.20.3_1,0.3397432970384307,0.7074348063798744
2022,11,ITA.20.4_1,0.4597502703340121,0.5652660292659819
2022,11,ITA.20.5_1,0.3149518083495592,0.7054801941738951
2022,11,ITA.20.6_1,0.4689076184150366,0.6032161546460407
2022,11,ITA.20.7_1,0.5027103147902241,0.4483200384267875
2022,11,ITA.3.1_1,0.2652178772026657,0.5278238943609826
2022,11,ITA.3.2_1,0.4741745643863815,0.46474006640260473
2022,11,ITA.4.1_1,0.42341591408718754,0.7471499644157606
2022,11,ITA.4.2_1,0.5988334504428857,0.6722141130718222
2022,11,ITA.4.3_1,0.24745040187881995,0.7439756853012438
2022,11,ITA.4.4_1,0.45943907882843915,0.8242649769976372
2022,11,ITA.4.5_1,0.3292788945205939,0.8310751468954346
2022,11,ITA.5.1_1,0.5236860820825912,0.5157712399954261
2022,11,ITA.5.2_1,0.42555051371362784,0.5396669565862211
2022,11,ITA.5.3_1,0.48738538960112954,0.6890053548885965
2022,11,ITA.5.4_1,0.40689135233402274,0.8281912170308751
2022,11,ITA.5.5_1,0.5851672534734196,0.574896531591714
2022,11,ITA.6.1_1,0.34617495943272325,0.3941839253637917
2022,11,ITA.6.2_1,0.24050806641400932,0.5008143615223392
2022,11,ITA.6.3_1,0.23840074317870627,0.36254428811760286
2022,11,ITA.6.4_1,0.30028669909242683,0.37085342329153853
2022,11,ITA.6.5_1,0.2879572956788599,0.2938917149705158
2022,11,ITA.6.6_1,0.29073976193339546,0.2999091770625072
2022,11,ITA.6.7_1,0.19815753170352654,0.5042950273098011
2022,11,ITA.6.8_1,0.29593369057664,0.3774738632718952
2022,11,ITA.6.9_1,0.2036822070129902,0.4347707556442691
2022,11,ITA.7.1_1,0.2284980486731698,0.4107704392277687
2022,11,ITA.7.2_1,0.3079092238563657,0.35442409366548766
2022,11,ITA.7.3_1,0.10744122965363138,0.35320527837639737
2022,11,ITA.7.4_1,0.48944471083905117,0.31682025439284334
2022,11,ITA.8.1_1,0.4344173255398669,0.3945493639091093
2022,11,ITA.8.2_1,0.263784281586643,0.5003724536708588
2022,11,ITA.8.3_1,0.3667690508979525,0.307978101034086
2022,11,ITA.8.4_1,0.5097397120288547,0.43950687610926176
2022,11,ITA.8.5_1,0.36469815560352675,0.4529405815118677
2022,11,ITA.9.1_1,0.3839111836703753,0.5236224401272174
2022,11,ITA.9.2_1,0.356948925355112,0.4664495677518495
2022,11,ITA.9.3_1,0.26839306737960905,0.5980323770422646
2022,11,ITA.9.4_1,0.37854353935965407,0.5480085705394908
2022,11,JEY.10_1,0.04456844464361222,0.43787575150300606
2022,11,JEY.9_1,0.043728065732511236,0.38877755511022033
2022,11,LIE.10_1,0.03334193188399737,0.17635270541082157
2022,11,LIE.7_1,0.03627210338175869,0.21543086172344697
2022,11,LIE.9_1,0.03350721333440814,0.17835671342685364
2022,11,LTU.1.1_1,0.036406917078049765,0.21743486973947893
2022,11,LTU.1.2_1,0.039903623222564716,0.2785571142284569
2022,11,LTU.1.3_1,0.03699650601105098,0.22645290581162333
2022,11,LTU.1.4_1,0.03731228588703077,0.23146292585170328
2022,11,LTU.10.1_1,0.03358919997061709,0.17935871743486978
2022,11,LTU.10.2_1,0.033258631329692014,0.17535070140280565
2022,11,LTU.10.3_1,0.03309069590576369,0.17334669338677358
2022,11,LTU.10.4_1,0.035360811414559656,0.20240480961923832
2022,11,LTU.10.5_1,0.03430795101871426,0.18837675350701397
2022,11,LTU.10.6_1,0.03484399179204098,0.1953907815631263
2022,11,LTU.2.1_1,0.03737445616120218,0.23246492985971942
2022,11,LTU.2.2_1,0.03186333943737773,0.15931863727454912
2022,11,LTU.2.3_1,0.035859149967226014,0.20941883767535066
2022,11,LTU.2.4_1,0.035789063913082356,0.20841683366733474
2022,11,LTU.2.5_1,0.03454008663826589,0.19138276553106218
2022,11,LTU.2.6_1,0.036473799852391645,0.21843687374749496
2022,11,LTU.2.7_1,0.032749403036772616,0.16933867735470945
2022,11,LTU.3.1_1,0.03768045910529505,0.23747494989979948
2022,11,LTU.3.2_1,0.037497822753405165,0.2344689378757515
2022,11,LTU.3.4_1,0.03882656321699924,0.2575150300601202
2022,11,LTU.3.5_1,0.03809553972866257,0.2444889779559117
2022,11,LTU.3.6_1,0.036406917078049786,0.21743486973947893
2022,11,LTU.4.1_1,0.03633968549762288,0.21643286573146278
2022,11,LTU.4.2_1,0.036867865902490055,0.22444889779559116
2022,11,LTU.4.3_1,0.03633968549762283,0.21643286573146278
2022,11,LTU.5.1_1,0.03499358228034869,0.19739478957915838
2022,11,LTU.5.2_1,0.03358919997061706,0.17935871743486978
2022,11,LTU.5.3_1,0.03606723621772729,0.21242484969939876
2022,11,LTU.5.4_1,0.03592887278629512,0.2104208416833667
2022,11,LTU.5.5_1,0.032835411739094406,0.17034068136272537
2022,11,LTU.6.1_1,0.03543311767772566,0.20340681362725446
2022,11,LTU.6.2_1,0.03536081141455972,0.20240480961923832
2022,11,LTU.6.3_1,0.035141621929538014,0.19939879759519044
2022,11,LTU.6.4_1,0.03438573496541053,0.1893787575150301
2022,11,LTU.6.5_1,0.03446311269826635,0.19038076152304603
2022,11,LTU.6.6_1,0.03438573496541052,0.1893787575150301
2022,11,LTU.7.1_1,0.03446311269826634,0.19038076152304603
2022,11,LTU.7.2_1,0.03300605504718021,0.17234468937875744
2022,11,LTU.7.3_1,0.03613588052320529,0.2134268537074148
2022,11,LTU.8.1_1,0.03673787677395958,0.2224448897795591
2022,11,LTU.8.2_1,0.036473799852391645,0.21843687374749496
2022,11,LTU.8.3_1,0.036672372330655414,0.22144288577154306
2022,11,LTU.9.1_1,0.03292096135954542,0.17134268537074152
2022,11,LTU.9.2_1,0.032662932057324026,0.16833667334669342
2022,11,LTU.9.3_1,0.034385734965410544,0.1893787575150301
2022,11,LTU.9.4_1,0.033258631329692014,0.17535070140280565
2022,11,LTU.9.5_1,0.031308068371355566,0.15330661322645292
2022,11,LUX.1.1_1,0.10811725550250366,0.35989321050106104
2022,11,LUX.1.2_1,0.14331065197088005,0.39338845100517017
2022,11,LUX.1.3_1,0.14311112320795263,0.3933543927288427
2022,11,LUX.1.4_1,0.07678460708164404,0.38320687634081385
2022,11,LUX.1.5_1,0.1185145721676077,0.3811563839722477
2022,11,LUX.2.1_1,0.1182507038923713,0.37607399728328694
2022,11,LUX.2.2_1,0.12733127145663542,0.3860400011089073
2022,11,LUX.2.3_1,0.12811034964532425,0.3966372895127019
2022,11,LUX.3.1_1,0.1201914184880482,0.8977860378283313
2022,11,LUX.3.2_1,0.15911973952674446,0.918135632761184
2022,11,LUX.3.3_1,0.22048129735005786,0.9944620667574744
2022,11,LUX.3.4_1,0.13786867607708422,0.882924713410291
2022,11,LVA.1.1_1,0.03446311269826634,0.19038076152304603
2022,11,LVA.1.2_1,0.03422975840493733,0.18737474949899793
2022,11,LVA.1.3_1,0.033174886994658884,0.1743486973947895
2022,11,LVA.1.4_1,0.037249789025351296,0.23046092184368736
2022,11,LVA.1.5_1,0.03606723621772736,0.21242484969939876
2022,11,LVA.2.1_1,0.031023459308779394,0.15030060120240482
2022,11,LVA.2.2_1,0.033006055047180245,0.17234468937875744
2022,11,LVA.2.3_1,0.03177205908137902,0.15831663326653309
2022,11,LVA.2.4_1,0.028997287752026882,0.13026052104208416
2022,11,LVA.2.5_1,0.031023459308779498,0.15030060120240482
2022,11,LVA.2.6_1,0.031118856483700386,0.15130260521042085
2022,11,LVA.3.1_1,0.0344631126982663,0.19038076152304603
2022,11,LVA.3.2_1,0.03334193188399732,0.17635270541082157
2022,11,LVA.3.3_1,0.03300605504718022,0.17234468937875744
2022,11,LVA.3.4_1,0.034307951018714304,0.18837675350701397
2022,11,LVA.4.1_1,0.03102345930877943,0.15030060120240482
2022,11,LVA.4.2_1,0.031401891445194445,0.15430861723446895
2022,11,LVA.4.3_1,0.03158799225759018,0.15631262525050102
2022,11,LVA.4.4_1,0.03266293205732399,0.16833667334669342
2022,11,LVA.4.5_1,0.03334193188399736,0.17635270541082157
2022,11,LVA.4.6_1,0.03367075430784951,0.1803607214428857
2022,11,LVA.5.1_1,0.032488590249385704,0.16633266533066135
2022,11,LVA.5.2_1,0.033912851052170914,0.1833667334669339
2022,11,LVA.5.3_1,0.03430795101871426,0.18837675350701397
2022,11,LVA.5.4_1,0.03334193188399734,0.17635270541082157
2022,11,LVA.5.5_1,0.03350721333440807,0.17835671342685364
2022,11,MDA.16_1,0.041852642561532184,0.32464929859719444
2022,11,MDA.17_1,0.042241256369598475,0.3356713426853708
2022,11,MDA.20_1,0.04135593101323889,0.3116232464929859
2022,11,MDA.21_1,0.04337010586627802,0.37374749498997994
2022,11,MDA.23_1,0.04210324980265415,0.33166332665330667
2022,11,MDA.24_1,0.041071235855271435,0.3046092184368738
2022,11,MDA.28_1,0.041628500270395045,0.3186372745490981
2022,11,MDA.37_1,0.04139560672745636,0.31262525050100204
2022,11,MDA.5_1,0.04166646153391289,0.31963927855711427
2022,11,MDA.6_1,0.04278646150937983,0.35270541082164336
2022,11,MDA.8_1,0.041666461533912943,0.31963927855711427
2022,11,MKD.11_1,0.04014202089616863,0.2835671342685371
2022,11,MKD.13_1,0.03660652579932899,0.22044088176352702
2022,11,MKD.14_1,0.04151315560969299,0.31563126252505014
2022,11,MKD.15_1,0.041666461533912895,0.31963927855711427
2022,11,MKD.16_1,0.039507964628592344,0.27054108216432865
2022,11,MKD.17_1,0.03914707730058033,0.2635270541082164
2022,11,MKD.18_1,0.038153591160297824,0.24549098196392785
2022,11,MKD.19_1,0.039147077300580306,0.2635270541082164
2022,11,MKD.20_1,0.04217272239431716,0.3336673346693386
2022,11,MKD.21_1,0.040687010860933265,0.29559118236472937
2022,11,MKD.23_1,0.044603930222723756,0.44088176352705405
2022,11,MKD.24_1,0.04307656514524692,0.3627254509018036
2022,11,MKD.25_1,0.04266412623133125,0.3486973947895791
2022,11,MKD.26_1,0.039354998432746105,0.26753507014028055
2022,11,MKD.27_1,0.04203283438238948,0.3296593186372745
2022,11,MKD.28_1,0.043076565145246944,0.3627254509018036
2022,11,MKD.29_1,0.040047472526148736,0.2815631262525049
2022,11,MKD.2_1,0.04196147183837499,0.32765531062124253
2022,11,MKD.30_1,0.041153827738076465,0.30661322645290584
2022,11,MKD.31_1,0.0414350356417973,0.31362725450901807
2022,11,MKD.32_1,0.041071235855271435,0.3046092184368738
2022,11,MKD.33_1,0.03995184438700479,0.27955911823647295
2022,11,MKD.35_1,0.041275836609137945,0.30961923847695383
2022,11,MKD.36_1,0.041153827738076486,0.30661322645290584
2022,11,MKD.37_1,0.03960854039940657,0.2725450901803607
2022,11,MKD.38_1,0.03749782275340516,0.2344689378757515
2022,11,MKD.39_1,0.04263297507375736,0.3476953907815631
2022,11,MKD.3_1,0.039354998432746105,0.26753507014028055
2022,11,MKD.40_1,0.03945725720745003,0.2695390781563126
2022,11,MKD.41_1,0.04094545539146502,0.3016032064128257
2022,11,MKD.42_1,0.04485398620835513,0.5280561122244489
2022,11,MKD.43_1,0.04009488125034136,0.28256513026052105
2022,11,MKD.44_1,0.04139560672745634,0.31262525050100204
2022,11,MKD.45_1,0.038551407338446884,0.25250501002004005
2022,11,MKD.46_1,0.04028183385378819,0.2865731462925852
2022,11,MKD.47_1,0.03860703218473435,0.2535070140280561
2022,11,MKD.48_1,0.041778892858972023,0.32264529058116226
2022,11,MKD.49_1,0.04151315560969295,0.31563126252505014
2022,11,MKD.4_1,0.041316007856699664,0.31062124248497
2022,11,MKD.50_1,0.04028183385378819,0.2865731462925852
2022,11,MKD.51_1,0.041112657511998565,0.3056112224448897
2022,11,MKD.52_1,0.04115382773807648,0.30661322645290584
2022,11,MKD.54_1,0.03797850899911906,0.24248496993987986
2022,11,MKD.55_1,0.040730727156801684,0.2965931863727455
2022,11,MKD.56_1,0.040327905634718934,0.2875751503006012
2022,11,MKD.57_1,0.039251607817131655,0.2655310621242485
2022,11,MKD.58_1,0.04014202089616861,0.2835671342685371
2022,11,MKD.59_1,0.04107123585527146,0.3046092184368738
2022,11,MKD.5_1,0.04416676895937853,0.41082164328657306
2022,11,MKD.60_1,0.03780062389368092,0.23947895791583165
2022,11,MKD.61_1,0.04090302106854619,0.30060120240480964
2022,11,MKD.62_1,0.04217272239431716,0.3336673346693386
2022,11,MKD.63_1,0.0425381527750593,0.344689378757515
2022,11,MKD.64_1,0.03606723621772733,0.21242484969939876
2022,11,MKD.65_1,0.04370570167396517,0.3877755511022044
2022,11,MKD.66_1,0.03791952713584331,0.24148296593186372
2022,11,MKD.67_1,0.040774185585747386,0.29759519038076154
2022,11,MKD.68_1,0.04143503564179731,0.31362725450901807
2022,11,MKD.69_1,0.04247379259847072,0.3426853707414829
2022,11,MKD.6_1,0.03843925906937497,0.250501002004008
2022,11,MKD.70_1,0.03898812616854867,0.2605210420841683
2022,11,MKD.72_1,0.040327905634718934,0.2875751503006012
2022,11,MKD.73_1,0.038095539728662524,0.2444889779559117
2022,11,MKD.74_1,0.03693235379410994,0.2254509018036072
2022,11,MKD.75_1,0.04296320426965443,0.35871743486973945
2022,11,MKD.76_1,0.0411947472144617,0.30761523046092176
2022,11,MKD.77_1,0.04192543402968461,0.3266533066132265
2022,11,MKD.79_1,0.040554307228194815,0.2925851703406814
2022,11,MKD.7_1,0.041029562080287116,0.30360721442885763
2022,11,MKD.81_1,0.038717389095742835,0.25551102204408815
2022,11,MKD.83_1,0.03860703218473436,0.2535070140280561
2022,11,MKD.84_1,0.040281833853788196,0.2865731462925852
2022,11,MKD.85_1,0.039806362264207876,0.27655310621242485
2022,11,MKD.8_1,0.04170418032446176,0.3206412825651303
2022,11,MKD.9_1,0.043266433224883695,0.3697394789579158
2022,11,MLT.1_1,0.041275836609137945,0.688376753507014
2022,11,MLT.3.11_1,0.04304855817300618,0.6362725450901804
2022,11,MLT.3.3_1,0.04302032930130379,0.6372745490981964
2022,11,MLT.3.5_1,0.04247379259847072,0.6553106212424851
2022,11,MLT.3.6_1,0.03821133499048885,0.751503006012024
2022,11,MLT.3.9_1,0.03904139865621324,0.7364729458917836
2022,11,MLT.4.10_1,0.03871738909574289,0.7424849699398797
2022,11,MLT.4.12_1,0.035928872786295064,0.7875751503006012
2022,11,MLT.4.2_1,0.03761990025427182,0.7615230460921844
2022,11,MLT.4.3_1,0.0362041689805494,0.7835671342685371
2022,11,MLT.4.4_1,0.038211334990488746,0.751503006012024
2022,11,MLT.4.5_1,0.038325904827475506,0.749498997995992
2022,11,MLT.4.9_1,0.03749782275340512,0.7635270541082164
2022,11,MLT.4_1,0.03940626880286665,0.7294589178356713
2022,11,MLT.5.14_1,0.042342306440919526,0.6593186372745491
2022,11,MLT.5.4_1,0.04192543402968462,0.6713426853707415
2022,11,MLT.5.9_1,0.03809553972866254,0.7535070140280561
2022,11,MLT.5_1,0.041112657511998545,0.6923847695390781
2022,11,MNE.10_1,0.043494806525408825,0.3787575150300601
2022,11,MNE.11_1,0.03731228588703083,0.23146292585170328
2022,11,MNE.12_1,0.03950796462859233,0.27054108216432865
2022,11,MNE.13_1,0.036803040760427085,0.22344689378757523
2022,11,MNE.14_1,0.03585914996722602,0.20941883767535066
2022,11,MNE.15_1,0.0370603241111487,0.22745490981963937
2022,11,MNE.16_1,0.04342063607792695,0.3757515030060121
2022,11,MNE.17_1,0.035789063913082314,0.20841683366733474
2022,11,MNE.18_1,0.035505048928485224,0.2044088176352705
2022,11,MNE.19_1,0.04370570167396515,0.3877755511022044
2022,11,MNE.1_1,0.03706032411114867,0.22745490981963937
2022,11,MNE.20_1,0.04464842482901877,0.4448897795591182
2022,11,MNE.21_1,0.03640691707804974,0.21743486973947893
2022,11,MNE.2_1,0.04443701358204494,0.42785571142284573
2022,11,MNE.3_1,0.03761990025427178,0.23647294589178355
2022,11,MNE.4_1,0.03843925906937497,0.250501002004008
2022,11,MNE.5_1,0.04480176095332344,0.46192384769539085
2022,11,MNE.6_1,0.043420636077926934,0.3757515030060121
2022,11,MNE.7_1,0.04055430722819486,0.2925851703406814
2022,11,MNE.8_1,0.04302032930130379,0.3607214428857715
2022,11,MNE.9_1,0.03755902193439962,0.23547094188376752
2022,11,NLD.1.10_1,0.04489756377030313,0.4789579158316633
2022,11,NLD.1.11_1,0.04475423530696603,0.5420841683366734
2022,11,NLD.1.12_1,0.044865057176676625,0.47194388777555096
2022,11,NLD.1.1_1,0.04480176095332343,0.46192384769539085
2022,11,NLD.1.2_1,0.044870295250085235,0.5250501002004008
2022,11,NLD.1.3_1,0.04484815317975035,0.46893787575150286
2022,11,NLD.1.4_1,0.044842121695011034,0.46793587174348694
2022,11,NLD.1.5_1,0.04487029525008525,0.4729458917835671
2022,11,NLD.1.6_1,0.04490141571483688,0.5180360721442886
2022,11,NLD.1.7_1,0.044889266252148084,0.47695390781563113
2022,11,NLD.1.8_1,0.04481600969971236,0.5340681362725451
2022,11,NLD.1.9_1,0.04493222044554568,0.49198396793587174
2022,11,NLD.10.10_1,0.04450526241781755,0.4328657314629258
2022,11,NLD.10.11_1,0.044808984791674694,0.4629258517034068
2022,11,NLD.10.12_1,0.04420164609122565,0.4128256513026051
2022,11,NLD.10.13_1,0.041474218392506645,0.6833667334669338
2022,11,NLD.10.14_1,0.04394005872115099,0.3987975951903809
2022,11,NLD.10.15_1,0.044709142500335565,0.4509018036072145
2022,11,NLD.10.16_1,0.04460393022272376,0.44088176352705405
2022,11,NLD.10.17_1,0.04426892431782443,0.41683366733466937
2022,11,NLD.10.18_1,0.044492018635618115,0.43186372745490986
2022,11,NLD.10.19_1,0.044363676866903255,0.42284569138276545
2022,11,NLD.10.1_1,0.04491178483946205,0.48296593186372744
2022,11,NLD.10.20_1,0.04474561636453563,0.4549098196392786
2022,11,NLD.10.21_1,0.044905069845626845,0.48096192384769537
2022,11,NLD.10.22_1,0.044754235306966046,0.45591182364729466
2022,11,NLD.10.23_1,0.04476265465374141,0.4569138276553107
2022,11,NLD.10.24_1,0.04483589168121679,0.4669338677354709
2022,11,NLD.10.25_1,0.04491178483946203,0.5150300601202404
2022,11,NLD.10.26_1,0.04493350355864271,0.49298597194388777
2022,11,NLD.10.3_1,0.04462657984427568,0.5551102204408818
2022,11,NLD.10.4_1,0.04439362353079879,0.4248496993987975
2022,11,NLD.10.5_2,0.044932220445545665,0.5060120240480962
2022,11,NLD.10.6_1,0.04389934757800558,0.3967935871743487
2022,11,NLD.10.7_1,0.044829463063009785,0.465931863727455
2022,11,NLD.10.8_1,0.04426892431782445,0.41683366733466937
2022,11,NLD.10.9_1,0.04493547751364311,0.503006012024048
2022,11,NLD.11.12_1,0.04454377845570235,0.5621242484969939
2022,11,NLD.11.13_1,0.04439362353079879,0.5731462925851702
2022,11,NLD.11.14_1,0.044592303326015915,0.5581162324649298
2022,11,NLD.11.16_1,0.04487029525008524,0.5250501002004008
2022,11,NLD.11.18_1,0.044363676866903255,0.5751503006012022
2022,11,NLD.11.21_1,0.04454377845570236,0.5621242484969939
2022,11,NLD.11.22_1,0.03826877246779931,0.750501002004008
2022,11,NLD.11.23_1,0.044615355681874455,0.5561122244488979
2022,11,NLD.11.24_1,0.044543778455702336,0.5621242484969939
2022,11,NLD.11.25_1,0.04468970514448191,0.5490981963927856
2022,11,NLD.11.26_1,0.044927186371910795,0.5090180360721442
2022,11,NLD.11.27_1,0.04370570167396517,0.6102204408817635
2022,11,NLD.11.28_1,0.043772156239592984,0.6072144288577155
2022,11,NLD.11.30_1,0.04472777927014905,0.5450901803607214
2022,11,NLD.11.31_1,0.04387867656893718,0.6022044088176353
2022,11,NLD.11.32_1,0.044905069845626845,0.5170340681362725
2022,11,NLD.11.33_1,0.04396009938621719,0.5981963927855711
2022,11,NLD.11.34_1,0.04046453484455117,0.7074148296593186
2022,11,NLD.11.35_1,0.04469952395416005,0.5480961923847697
2022,11,NLD.11.36_1,0.044901415714836815,0.5180360721442886
2022,11,NLD.11.37_1,0.04420164609122565,0.5851703406813626
2022,11,NLD.11.3_1,0.04391980820638047,0.6002004008016032
2022,11,NLD.11.4_1,0.044889266252148084,0.5210420841683366
2022,11,NLD.11.6_1,0.0446897051444819,0.5490981963927856
2022,11,NLD.11.7_1,0.04196147183837506,0.6703406813627255
2022,11,NLD.11.8_1,0.04433291248390009,0.5771543086172344
2022,11,NLD.12.10_1,0.04313191495691152,0.36472945891783565
2022,11,NLD.12.11_1,0.04337010586627802,0.37374749498997994
2022,11,NLD.12.12_1,0.04394005872115099,0.3987975951903809
2022,11,NLD.12.13_1,0.0439995522070132,0.40180360721442887
2022,11,NLD.12.1_1,0.044094529756491474,0.4068136272545089
2022,11,NLD.12.2_1,0.04414902011766344,0.409819639278557
2022,11,NLD.12.3_1,0.04244126750596148,0.3416833667334669
2022,11,NLD.12.4_1,0.04342063607792693,0.3757515030060121
2022,11,NLD.12.5_1,0.04416676895937851,0.41082164328657306
2022,11,NLD.12.6_1,0.043567035149753026,0.3817635270541082
2022,11,NLD.12.7_1,0.04227517267010101,0.33667334669338683
2022,11,NLD.12.8_1,0.043131914956911516,0.36472945891783565
2022,11,NLD.12.9_1,0.043899347578005586,0.3967935871743487
2022,11,NLD.13.1_1,0.035928872786295085,0.2104208416833667
2022,11,NLD.14.100_1,0.04375021715662883,0.6082164328657315
2022,11,NLD.14.101_1,0.04359068136350861,0.6152304609218436
2022,11,NLD.14.102_1,0.04377215623959296,0.6072144288577155
2022,11,NLD.14.103_1,0.04351909805326035,0.6182364729458918
2022,11,NLD.14.104_1,0.04250608752984243,0.654308617234469
2022,11,NLD.14.17_1,0.03985512948058404,0.720440881763527
2022,11,NLD.14.18_1,0.04094545539146503,0.6963927855711423
2022,11,NLD.14.1_1,0.04256998880442952,0.6523046092184369
2022,11,NLD.14.21_1,0.035647794463257956,0.7915831663326653
2022,11,NLD.14.23_1,0.04302032930130379,0.6372745490981964
2022,11,NLD.14.26_1,0.04155184791738723,0.6813627254509018
2022,11,NLD.14.27_1,0.03791952713584333,0.7565130260521042
2022,11,NLD.14.29_1,0.0408173868911267,0.6993987975951903
2022,11,NLD.14.2_1,0.041961471838375,0.6703406813627255
2022,11,NLD.14.30_2,0.04339547952380596,0.623246492985972
2022,11,NLD.14.31_1,0.03686786590249006,0.7735470941883767
2022,11,NLD.14.32_1,0.04014202089616862,0.714428857715431
2022,11,NLD.14.34_2,0.043567035149753096,0.6162324649298597
2022,11,NLD.14.36_1,0.03550504892848518,0.7935871743486974
2022,11,NLD.14.38_1,0.04086033180906674,0.6983967935871744
2022,11,NLD.14.39_1,0.04337010586627802,0.624248496993988
2022,11,NLD.14.40_1,0.04359068136350862,0.6152304609218436
2022,11,NLD.14.43_1,0.04407595091415342,0.5921843687374749
2022,11,NLD.14.45_1,0.037123809634577634,0.7695390781563126
2022,11,NLD.14.4_1,0.043683124684349595,0.6112224448897795
2022,11,NLD.14.53_2,0.043543174153266105,0.6172344689378756
2022,11,NLD.14.54_2,0.04439362353079879,0.5731462925851702
2022,11,NLD.14.56_1,0.034692832665765165,0.8046092184368738
2022,11,NLD.14.5_1,0.04349480652540878,0.6192384769539078
2022,11,NLD.14.60_1,0.042375524914021065,0.6583166332665331
2022,11,NLD.14.61_1,0.04399955220701319,0.5961923847695391
2022,11,NLD.14.63_1,0.04220710644894089,0.6633266533066132
2022,11,NLD.14.66_1,0.03461665917470765,0.8056112224448898
2022,11,NLD.14.67_2,0.041435035641797256,0.68436873747495
2022,11,NLD.14.70_1,0.03647379985239159,0.779559118236473
2022,11,NLD.14.73_1,0.039147077300580355,0.7344689378757515
2022,11,NLD.14.78_1,0.04391980820638047,0.6002004008016032
2022,11,NLD.14.7_2,0.04315925856910722,0.6322645290581163
2022,11,NLD.14.81_1,0.04397993046231189,0.597194388777555
2022,11,NLD.14.82_1,0.043567035149753075,0.6162324649298597
2022,11,NLD.14.84_1,0.043960099386217186,0.5981963927855711
2022,11,NLD.14.86_1,0.04416676895937856,0.5871743486973947
2022,11,NLD.14.89_1,0.04151315560969305,0.6823647294589179
2022,11,NLD.14.8_1,0.04185264256153217,0.6733466933867736
2022,11,NLD.14.90_1,0.038325904827475506,0.749498997995992
2022,11,NLD.14.91_1,0.04188915779103524,0.6723446893787576
2022,11,NLD.14.93_1,0.03965841066409449,0.7244488977955912
2022,11,NLD.14.94_1,0.04342063607792692,0.6222444889779559
2022,11,NLD.14.95_1,0.04361411311180182,0.6142284569138277
2022,11,NLD.14.96_1,0.043318705853011966,0.62625250501002
2022,11,NLD.14.97_1,0.04290518682961931,0.6412825651302605
2022,11,NLD.14.98_1,0.037312285887030894,0.7665330661322646
2022,11,NLD.14.99_1,0.03860703218473433,0.7444889779559118
2022,11,NLD.2.1_1,0.04247379259847073,0.3426853707414829
2022,11,NLD.2.2_1,0.04147421839250669,0.314629258517034
2022,11,NLD.2.3_1,0.04155184791738723,0.31663326653306617
2022,11,NLD.2.4_1,0.03950796462859235,0.27054108216432865
2022,11,NLD.2.6_1,0.040281833853788196,0.2865731462925852
2022,11,NLD.3.10_1,0.04484212169501101,0.46793587174348694
2022,11,NLD.3.11_2,0.04131600785669965,0.31062124248497
2022,11,NLD.3.14_2,0.04256998880442952,0.345691382765531
2022,11,NLD.3.1_1,0.04485962085131089,0.47094188376753504
2022,11,NLD.3.20_1,0.03919948555669432,0.26452905811623245
2022,11,NLD.3.21_1,0.039757320667554705,0.2755511022044088
2022,11,NLD.3.24_1,0.04037371252013142,0.28857715430861725
2022,11,NLD.3.27_1,0.04203283438238945,0.3296593186372745
2022,11,NLD.3.29_1,0.03995184438700482,0.27955911823647295
2022,11,NLD.3.32_1,0.04123541661552884,0.3086172344689379
2022,11,NLD.3.33_1,0.04159029593360394,0.3176352705410822
2022,11,NLD.3.34_1,0.04493222044554566,0.5060120240480962
2022,11,NLD.3.35_1,0.04493695792807374,0.4999999999999999
2022,11,NLD.3.5_1,0.04188915779103526,0.32565130260521036
2022,11,NLD.4.10_1,0.044914845783276355,0.48396793587174347
2022,11,NLD.4.11_1,0.044905069845626845,0.48096192384769537
2022,11,NLD.4.14_1,0.043772156239592984,0.6072144288577155
2022,11,NLD.4.15_2,0.044934589243664814,0.4939879759519038
2022,11,NLD.4.16_1,0.044875335134748014,0.47394789579158314
2022,11,NLD.4.17_1,0.044934589243664814,0.4939879759519038
2022,11,NLD.4.18_1,0.04389934757800557,0.3967935871743487
2022,11,NLD.4.20_1,0.04418431087589443,0.4118236472945892
2022,11,NLD.4.21_1,0.04458047484832925,0.438877755511022
2022,11,NLD.4.22_1,0.04463760284812438,0.44388777555110226
2022,11,NLD.4.28_1,0.04443701358204493,0.42785571142284573
2022,11,NLD.4.29_1,0.04445106967440597,0.42885771543086165
2022,11,NLD.4.30_1,0.04449201863561812,0.43186372745490986
2022,11,NLD.4.32_1,0.04407595091415343,0.405811623246493
2022,11,NLD.4.34_1,0.04491770907488648,0.5130260521042084
2022,11,NLD.4.37_1,0.04462657984427569,0.4428857715430861
2022,11,NLD.4.38_2,0.04467968595113171,0.4478957915831663
2022,11,NLD.4.39_1,0.04482946306300979,0.465931863727455
2022,11,NLD.4.3_1,0.0445923033260159,0.439879759519038
2022,11,NLD.4.43_1,0.044669466251386396,0.44689378757515025
2022,11,NLD.4.44_1,0.044937056620789985,0.49899799599198397
2022,11,NLD.4.45_1,0.04421877482643152,0.41382765531062116
2022,11,NLD.4.46_1,0.044556212563180174,0.4368737474949899
2022,11,NLD.4.47_1,0.04491770907488649,0.4849699398797595
2022,11,NLD.4.48_1,0.04418431087589443,0.4118236472945892
2022,11,NLD.4.49_1,0.04434839698606732,0.42184368737474953
2022,11,NLD.4.4_1,0.04493073988896941,0.4909819639278557
2022,11,NLD.4.50_1,0.044709142500335565,0.4509018036072145
2022,11,NLD.4.52_1,0.0385514073384469,0.7454909819639278
2022,11,NLD.4.54_1,0.044531142167194705,0.43486973947895785
2022,11,NLD.4.56_1,0.04451830354100683,0.43386773547094193
2022,11,NLD.4.58_1,0.043445575871024905,0.37675350701402816
2022,11,NLD.4.5_1,0.044492018635618115,0.43186372745490986
2022,11,NLD.4.60_1,0.044112900747695784,0.40781563126252507
2022,11,NLD.4.63_1,0.04456844464361222,0.43787575150300606
2022,11,NLD.4.64_1,0.043960099386217207,0.5981963927855711
2022,11,NLD.4.65_1,0.04460393022272375,0.44088176352705405
2022,11,NLD.4.66_1,0.04389934757800557,0.3967935871743487
2022,11,NLD.4.68_1,0.044745616364535654,0.4549098196392786
2022,11,NLD.4.70_2,0.04485398620835512,0.469939879759519
2022,11,NLD.4.71_2,0.044094529756491474,0.4068136272545089
2022,11,NLD.4.72_1,0.044492018635618115,0.43186372745490986
2022,11,NLD.4.73_1,0.04397993046231186,0.40080160320641284
2022,11,NLD.4.74_1,0.04425241372600008,0.41583166332665333
2022,11,NLD.4.75_1,0.04334451475927329,0.3727454909819639
2022,11,NLD.4.76_1,0.044332912483900075,0.4208416833667334
2022,11,NLD.4.77_1,0.04431722316532627,0.41983967935871747
2022,11,NLD.4.78_1,0.04413106412376041,0.408817635270541
2022,11,NLD.4.79_1,0.04439362353079879,0.4248496993987975
2022,11,NLD.4.7_1,0.04351909805326036,0.6182364729458918
2022,11,NLD.4.9_1,0.04397993046231187,0.40080160320641284
2022,11,NLD.5.15_1,0.042207106448940906,0.33466933867735477
2022,11,NLD.5.19_1,0.041741657236555915,0.32164328657314634
2022,11,NLD.5.21_1,0.04188915779103524,0.32565130260521036
2022,11,NLD.5.26_1,0.04375021715662882,0.3897795591182365
2022,11,NLD.5.27_1,0.043590681363508625,0.38276553106212424
2022,11,NLD.5.28_1,0.04339547952380595,0.374749498997996
2022,11,NLD.5.29_1,0.043445575871024884,0.37675350701402816
2022,11,NLD.5.30_1,0.04440829068995692,0.42585170340681366
2022,11,NLD.5.31_1,0.0418526425615323,0.32464929859719444
2022,11,NLD.5.7_2,0.044057163981650396,0.40480961923847697
2022,11,NLD.6.1_1,0.017701198368506525,0.05110220440881768
2022,11,NLD.7.10_1,0.044853986208355116,0.5280561122244489
2022,11,NLD.7.13_1,0.043470299241822816,0.6202404809619239
2022,11,NLD.7.16_2,0.044901415714836815,0.5180360721442886
2022,11,NLD.7.18_1,0.044615355681874455,0.5561122244488979
2022,11,NLD.7.20_1,0.044718560900634904,0.5460921843687375
2022,11,NLD.7.23_1,0.044568444643612246,0.5601202404809621
2022,11,NLD.7.26_1,0.04450526241781755,0.565130260521042
2022,11,NLD.7.28_1,0.04482946306300977,0.5320641282565131
2022,11,NLD.7.29_1,0.04484212169501105,0.530060120240481
2022,11,NLD.7.32_2,0.044808984791674694,0.5350701402805611
2022,11,NLD.7.33_2,0.043979930462311884,0.597194388777555
2022,11,NLD.7.37_1,0.04425241372600008,0.5821643286573146
2022,11,NLD.7.38_1,0.04331870585301195,0.62625250501002
2022,11,NLD.7.39_1,0.04425241372600008,0.5821643286573146
2022,11,NLD.7.3_1,0.04440829068995693,0.5721442885771543
2022,11,NLD.7.42_1,0.044932220445545644,0.5060120240480962
2022,11,NLD.7.43_1,0.044829463063009764,0.5320641282565131
2022,11,NLD.7.44_2,0.04451830354100683,0.564128256513026
2022,11,NLD.7.45_1,0.04442275398000696,0.5711422845691382
2022,11,NLD.7.46_1,0.044770874507367525,0.5400801603206413
2022,11,NLD.7.47_1,0.04477889496785965,0.5390781563126252
2022,11,NLD.7.48_1,0.04456844464361224,0.5601202404809621
2022,11,NLD.7.49_1,0.04493073988896941,0.5070140280561122
2022,11,NLD.7.4_1,0.04470914250033557,0.5470941883767535
2022,11,NLD.7.50_1,0.044822835762590676,0.533066132264529
2022,11,NLD.7.51_1,0.044301328832436,0.5791583166332664
2022,11,NLD.7.52_1,0.04484815317975035,0.5290581162324649
2022,11,NLD.7.5_1,0.04475423530696605,0.5420841683366734
2022,11,NLD.7.6_1,0.04370570167396517,0.6102204408817635
2022,11,NLD.7.7_1,0.04466946625138641,0.5511022044088176
2022,11,NLD.7.9_1,0.04492906187114099,0.5080160320641284
2022,11,NLD.8.10_1,0.0434206360779269,0.3757515030060121
2022,11,NLD.8.11_1,0.04321328510842757,0.36773547094188375
2022,11,NLD.8.12_1,0.04323996878466323,0.3687374749498998
2022,11,NLD.8.13_1,0.04354317415326607,0.38076152304609207
2022,11,NLD.8.14_1,0.04421877482643151,0.41382765531062116
2022,11,NLD.8.15_1,0.04307656514524692,0.3627254509018036
2022,11,NLD.8.16_1,0.04433291248390008,0.4208416833667334
2022,11,NLD.8.17_1,0.04269505000836717,0.34969939879759515
2022,11,NLD.8.18_1,0.0448539862083551,0.469939879759519
2022,11,NLD.8.19_1,0.043960099386217186,0.3997995991983968
2022,11,NLD.8.1_1,0.044518303541006825,0.43386773547094193
2022,11,NLD.8.20_1,0.04342063607792694,0.3757515030060121
2022,11,NLD.8.21_1,0.044659045919964946,0.4458917835671343
2022,11,NLD.8.22_1,0.04445106967440595,0.42885771543086165
2022,11,NLD.8.23_1,0.04356703514975306,0.3817635270541082
2022,11,NLD.8.25_1,0.04260159608363391,0.34669338677354705
2022,11,NLD.8.26_1,0.04351909805326035,0.37975951903807614
2022,11,NLD.8.27_1,0.04315925856910721,0.3657314629258517
2022,11,NLD.8.28_1,0.0434702992418228,0.3777555110220441
2022,11,NLD.8.30_1,0.043960099386217213,0.3997995991983968
2022,11,NLD.8.31_1,0.043420636077926913,0.3757515030060121
2022,11,NLD.8.32_1,0.04379388327133812,0.39178356713426865
2022,11,NLD.8.33_1,0.043318705853011945,0.3717434869739479
2022,11,NLD.8.34_1,0.04377215623959299,0.3907815631262525
2022,11,NLD.8.35_1,0.04416676895937853,0.41082164328657306
2022,11,NLD.8.36_1,0.043186381827444414,0.3667334669338677
2022,11,NLD.8.38_1,0.044094529756491474,0.4068136272545089
2022,11,NLD.8.3_1,0.043857794908879484,0.39478957915831653
2022,11,NLD.8.41_1,0.04391980820638047,0.39779559118236474
2022,11,NLD.8.42_1,0.04425241372600008,0.41583166332665333
2022,11,NLD.8.43_1,0.04321328510842754,0.36773547094188375
2022,11,NLD.8.44_1,0.04344557587102489,0.37675350701402816
2022,11,NLD.8.45_1,0.0432926787939761,0.37074148296593185
2022,11,NLD.8.46_1,0.04403816871690421,0.40380761523046094
2022,11,NLD.8.47_2,0.04420164609122569,0.4128256513026051
2022,11,NLD.8.48_1,0.0426950500083672,0.34969939879759515
2022,11,NLD.8.49_1,0.044870295250085256,0.4729458917835671
2022,11,NLD.8.4_1,0.04354317415326607,0.38076152304609207
2022,11,NLD.8.50_1,0.04391980820638048,0.39779559118236474
2022,11,NLD.8.52_1,0.0445804748483293,0.438877755511022
2022,11,NLD.8.54_1,0.04372806573251124,0.38877755511022033
2022,11,NLD.8.55_1,0.04344557587102489,0.37675350701402816
2022,11,NLD.8.56_1,0.043614113111801744,0.3837675350701404
2022,11,NLD.8.57_1,0.04436367686690327,0.42284569138276545
2022,11,NLD.8.58_1,0.044348396986067316,0.42184368737474953
2022,11,NLD.8.59_1,0.0440571639816504,0.40480961923847697
2022,11,NLD.8.5_1,0.04421877482643152,0.41382765531062116
2022,11,NLD.8.60_1,0.043614113111801814,0.3837675350701404
2022,11,NLD.8.62_1,0.04466946625138642,0.44689378757515025
2022,11,NLD.8.63_2,0.04383670232431371,0.3937875751503006
2022,11,NLD.8.64_1,0.04469952395416001,0.44989979959919835
2022,11,NLD.8.65_1,0.044556212563180174,0.4368737474949899
2022,11,NLD.8.67_1,0.043960099386217213,0.3997995991983968
2022,11,NLD.8.69_1,0.04440829068995692,0.42585170340681366
2022,11,NLD.8.6_1,0.043999552207013196,0.40180360721442887
2022,11,NLD.8.70_1,0.04414902011766343,0.409819639278557
2022,11,NLD.8.71_1,0.04439362353079879,0.4248496993987975
2022,11,NLD.8.72_1,0.04439362353079879,0.4248496993987975
2022,11,NLD.8.7_1,0.04486505717667662,0.47194388777555096
2022,11,NLD.8.8_1,0.04344557587102489,0.37675350701402816
2022,11,NLD.8.9_1,0.04381539853847535,0.3927855711422847
2022,11,NLD.9.10_1,0.044603930222723735,0.5571142284569138
2022,11,NLD.9.11_1,0.04464842482901876,0.5531062124248497
2022,11,NLD.9.12_2,0.04467968595113173,0.5501002004008017
2022,11,NLD.9.14_1,0.044889266252148105,0.5210420841683366
2022,11,NLD.9.15_1,0.044464922432676884,0.5681362725450901
2022,11,NLD.9.16_1,0.044378752318664484,0.5741482965931863
2022,11,NLD.9.1_1,0.04466946625138638,0.5511022044088176
2022,11,NLD.9.21_1,0.037497822753405116,0.7635270541082164
2022,11,NLD.9.23_2,0.04383670232431372,0.6042084168336673
2022,11,NLD.9.25_1,0.044922842836782516,0.5110220440881763
2022,11,NLD.9.26_1,0.04381539853847535,0.6052104208416832
2022,11,NLD.9.27_1,0.044094529756491474,0.5911823647294588
2022,11,NLD.9.28_1,0.04462657984427569,0.5551102204408818
2022,11,NLD.9.29_1,0.044927186371910746,0.5090180360721442
2022,11,NLD.9.30_1,0.039094382015184836,0.7354709418837675
2022,11,NLD.9.31_1,0.044592303326015915,0.5581162324649298
2022,11,NLD.9.32_1,0.04177889285897203,0.6753507014028056
2022,11,NLD.9.33_1,0.044626579844275684,0.5551102204408818
2022,11,NLD.9.34_1,0.044901415714836815,0.5180360721442886
2022,11,NLD.9.3_1,0.041355931013238874,0.686372745490982
2022,11,NLD.9.41_1,0.042963204269654436,0.6392785571142284
2022,11,NLD.9.42_1,0.04321328510842757,0.6302605210420842
2022,11,NLD.9.43_1,0.04059880165840478,0.7044088176352705
2022,11,NLD.9.44_1,0.04437875231866448,0.5741482965931863
2022,11,NLD.9.47_1,0.04426892431782444,0.5811623246492985
2022,11,NLD.9.48_1,0.04493350355864271,0.49298597194388777
2022,11,NLD.9.49_1,0.04155184791738723,0.6813627254509018
2022,11,NLD.9.4_1,0.04389934757800553,0.6012024048096192
2022,11,NLD.9.50_1,0.04107123585527143,0.6933867735470941
2022,11,NLD.9.51_1,0.04472777927014902,0.5450901803607214
2022,11,NLD.9.53_1,0.04493350355864271,0.5050100200400801
2022,11,NLD.9.54_1,0.04488482057860285,0.4759519038076152
2022,11,NLD.9.59_1,0.04493616837923744,0.5020040080160322
2022,11,NLD.9.61_1,0.044778894967859646,0.5390781563126252
2022,11,NLD.9.62_1,0.0403279056347189,0.7104208416833667
2022,11,NLD.9.63_1,0.0349935822803487,0.8006012024048097
2022,11,NLD.9.66_1,0.04334451475927329,0.625250501002004
2022,11,NLD.9.67_1,0.04203283438238949,0.6683366733466934
2022,11,NLD.9.68_1,0.04272574685239878,0.6472945891783567
2022,11,NLD.9.69_1,0.04491484578327641,0.5140280561122245
2022,11,NLD.9.70_1,0.044778894967859674,0.5390781563126252
2022,11,NLD.9.71_1,0.0422071064489409,0.6633266533066132
2022,11,NLD.9.72_1,0.04493222044554563,0.5060120240480962
2022,11,NLD.9.73_1,0.044925113368757555,0.5100200400801602
2022,11,NLD.9.7_1,0.04155184791738723,0.6813627254509018
2022,11,NLD.9.9_1,0.04493616837923744,0.49599198396793576
2022,11,NOR.1.10_1,0.03599823425056955,0.21142284569138262
2022,11,NOR.1.11_1,0.03849548335707844,0.251503006012024
2022,11,NOR.1.12_1,0.035859149967226014,0.20941883767535066
2022,11,NOR.1.13_1,0.03930344510494176,0.2665330661322645
2022,11,NOR.1.14_1,0.03815359116029783,0.24549098196392785
2022,11,NOR.1.15_1,0.041590295933603895,0.3176352705410822
2022,11,NOR.1.16_1,0.038551407338446884,0.25250501002004005
2022,11,NOR.1.17_1,0.03893456348611332,0.2595190380761523
2022,11,NOR.1.18_1,0.03860703218473438,0.2535070140280561
2022,11,NOR.1.19_1,0.03826877246779934,0.24749498997995992
2022,11,NOR.1.1_1,0.03950796462859234,0.27054108216432865
2022,11,NOR.1.20_1,0.03970800377560491,0.2745490981963928
2022,11,NOR.1.21_1,0.03980636226420787,0.27655310621242485
2022,11,NOR.1.2_1,0.0394062688028667,0.2685370741482966
2022,11,NOR.1.3_1,0.03680304076042709,0.22344689378757523
2022,11,NOR.1.4_1,0.0400474725261487,0.2815631262525049
2022,11,NOR.1.5_1,0.03578906391308231,0.20841683366733474
2022,11,NOR.1.6_1,0.03838273329162202,0.24949899799599198
2022,11,NOR.1.7_1,0.03838273329162206,0.24949899799599198
2022,11,NOR.1.8_1,0.03821133499048879,0.246492985971944
2022,11,NOR.1.9_1,0.03620416898054936,0.21442885771543072
2022,11,NOR.10.10_1,0.023260609712008714,0.08416833667334665
2022,11,NOR.10.11_1,0.020266073373650387,0.06513026052104202
2022,11,NOR.10.12_1,0.03809553972866257,0.2444889779559117
2022,11,NOR.10.13_1,0.02719458349826073,0.11422845691382753
2022,11,NOR.10.14_1,0.02834183015253209,0.12424849699398798
2022,11,NOR.10.15_1,0.026347237652495636,0.10721442885771541
2022,11,NOR.10.16_1,0.025717710011312487,0.10220440881763525
2022,11,NOR.10.17_1,0.025459901829479284,0.10020040080160318
2022,11,NOR.10.18_1,0.027075858437251844,0.1132264529058115
2022,11,NOR.10.19_1,0.032662932057323985,0.16833667334669342
2022,11,NOR.10.1_1,0.0277771023446239,0.1192384769539077
2022,11,NOR.10.20_1,0.027546283549806504,0.11723446893787574
2022,11,NOR.10.21_1,0.024392087790225503,0.09218436873747492
2022,11,NOR.10.22_1,0.026715088628979294,0.11022044088176362
2022,11,NOR.10.23_1,0.025066483999070327,0.09719438877755508
2022,11,NOR.10.24_1,0.044925113368757555,0.4879759519038076
2022,11,NOR.10.25_1,0.02266852029984644,0.08016032064128252
2022,11,NOR.10.26_1,0.02811801399473341,0.12224448897795602
2022,11,NOR.10.27_1,0.03130806837135559,0.15330661322645292
2022,11,NOR.10.28_1,0.02479959457929184,0.09519038076152302
2022,11,NOR.10.29_1,0.02466472864761025,0.09418837675350698
2022,11,NOR.10.2_1,0.030538387620146698,0.14529058116232466
2022,11,NOR.10.31_1,0.02077187475700324,0.06813627254509023
2022,11,NOR.10.32_1,0.0186595006714225,0.056112224448897845
2022,11,NOR.10.33_1,0.030538387620146698,0.14529058116232466
2022,11,NOR.10.34_1,0.020937463855137697,0.06913827655310616
2022,11,NOR.10.35_1,0.0239756437148789,0.08917835671342682
2022,11,NOR.10.36_1,0.024933508705536123,0.09619238476953905
2022,11,NOR.10.37_1,0.020937463855137686,0.06913827655310616
2022,11,NOR.10.39_1,0.023692853314494944,0.08717434869739475
2022,11,NOR.10.3_1,0.021101596360351728,0.07014028056112219
2022,11,NOR.10.41_1,0.0345400866382659,0.19138276553106218
2022,11,NOR.10.42_1,0.026223003116657203,0.10621242484969938
2022,11,NOR.10.44_1,0.03469283266576517,0.19338677354709424
2022,11,NOR.10.45_1,0.025459901829479263,0.10020040080160318
2022,11,NOR.10.4_1,0.019391020454336157,0.06012024048096198
2022,11,NOR.10.5_1,0.030831061077761693,0.14829659318637275
2022,11,NOR.10.6_1,0.02834183015253201,0.12424849699398798
2022,11,NOR.10.7_1,0.02777710234462394,0.1192384769539077
2022,11,NOR.10.8_1,0.028562945521100093,0.12625250501002003
2022,11,NOR.10.9_1,0.031118856483700396,0.15130260521042085
2022,11,NOR.11.10_1,0.036996506011050985,0.22645290581162333
2022,11,NOR.11.11_1,0.031308068371355566,0.15330661322645292
2022,11,NOR.11.12_1,0.02634723765249563,0.10721442885771541
2022,11,NOR.11.13_1,0.030439724606053674,0.14428857715430862
2022,11,NOR.11.14_1,0.03557660719068573,0.20541082164328653
2022,11,NOR.11.15_1,0.030240712502615525,0.14228456913827656
2022,11,NOR.11.16_1,0.028889672107144958,0.12925851703406813
2022,11,NOR.11.17_1,0.02910426720119378,0.1312625250501002
2022,11,NOR.11.18_1,0.027429787789472807,0.1162324649298596
2022,11,NOR.11.19_1,0.02439208779022554,0.09218436873747492
2022,11,NOR.11.1_1,0.023405787450063924,0.08517034068136269
2022,11,NOR.11.20_1,0.0368030407604271,0.22344689378757523
2022,11,NOR.11.21_1,0.031495198068607295,0.155310621242485
2022,11,NOR.11.22_1,0.029104267201193773,0.1312625250501002
2022,11,NOR.11.23_1,0.028005075663230898,0.12124248496993976
2022,11,NOR.11.24_1,0.026593270780774413,0.10921843687374748
2022,11,NOR.11.25_1,0.026715088628979308,0.11022044088176362
2022,11,NOR.11.26_1,0.03469283266576519,0.19338677354709424
2022,11,NOR.11.2_1,0.02952594283921812,0.13527054108216433
2022,11,NOR.11.3_1,0.02899728775202693,0.13026052104208416
2022,11,NOR.11.4_1,0.034616659174707715,0.1923847695390781
2022,11,NOR.11.5_1,0.03585914996722601,0.20941883767535066
2022,11,NOR.11.6_1,0.03786023254001063,0.24048096192384757
2022,11,NOR.11.7_1,0.023260609712008714,0.08416833667334665
2022,11,NOR.11.8_1,0.03334193188399737,0.17635270541082157
2022,11,NOR.11.9_1,0.025589245220572845,0.10120240480961921
2022,11,NOR.12.1_1,0.040598801658404786,0.2935871743486973
2022,11,NOR.13.10_1,0.04086033180906676,0.2995991983967936
2022,11,NOR.13.11_1,0.04055430722819482,0.2925851703406814
2022,11,NOR.13.13_1,0.038268772467799285,0.24749498997995992
2022,11,NOR.13.16_1,0.040419255322054315,0.28957915831663317
2022,11,NOR.13.17_1,0.03415115463800164,0.186372745490982
2022,11,NOR.13.18_1,0.0405988016584048,0.2935871743486973
2022,11,NOR.13.19_1,0.04111265751199856,0.3056112224448897
2022,11,NOR.13.1_1,0.037497822753405186,0.2344689378757515
2022,11,NOR.13.20_1,0.04073072715680166,0.2965931863727455
2022,11,NOR.13.21_1,0.039558392038460136,0.2715430861723447
2022,11,NOR.13.22_1,0.03342479158883791,0.1773547094188377
2022,11,NOR.13.23_1,0.04086033180906674,0.2995991983967936
2022,11,NOR.13.24_1,0.03774069986446009,0.23847695390781562
2022,11,NOR.13.26_1,0.037680459105295064,0.23747494989979948
2022,11,NOR.13.2_1,0.038607032184734394,0.2535070140280561
2022,11,NOR.13.3_1,0.040047472526148715,0.2815631262525049
2022,11,NOR.13.5_1,0.03367075430784954,0.1803607214428857
2022,11,NOR.13.6_1,0.03815359116029791,0.24549098196392785
2022,11,NOR.13.7_1,0.03960854039940656,0.2725450901803607
2022,11,NOR.13.8_1,0.03914707730058033,0.2635270541082164
2022,11,NOR.13.9_1,0.03654033552975867,0.219438877755511
2022,11,NOR.14.10_1,0.030538387620146688,0.14529058116232466
2022,11,NOR.14.11_1,0.03102345930877965,0.15030060120240482
2022,11,NOR.14.12_1,0.035859149967226014,0.20941883767535066
2022,11,NOR.14.13_1,0.028118013994733418,0.12224448897795602
2022,11,NOR.14.14_1,0.03213421336437081,0.16232464929859722
2022,11,NOR.14.15_1,0.034385734965410544,0.1893787575150301
2022,11,NOR.14.16_1,0.030927528958198124,0.1492985971943888
2022,11,NOR.14.17_1,0.025972048296596967,0.10420841683366731
2022,11,NOR.14.18_1,0.03102345930877966,0.15030060120240482
2022,11,NOR.14.19_1,0.026593270780774413,0.10921843687374748
2022,11,NOR.14.1_1,0.027662052453809673,0.11823647294589178
2022,11,NOR.14.20_1,0.03292096135954545,0.17134268537074152
2022,11,NOR.14.21_1,0.03686786590249009,0.22444889779559116
2022,11,NOR.14.22_1,0.028672507358848374,0.12725450901803606
2022,11,NOR.14.23_1,0.03826877246779933,0.24749498997995992
2022,11,NOR.14.24_1,0.026097943394769067,0.10521042084168335
2022,11,NOR.14.25_1,0.03627210338175869,0.21543086172344697
2022,11,NOR.14.26_1,0.02742978778947279,0.1162324649298596
2022,11,NOR.14.2_1,0.033258631329692014,0.17535070140280565
2022,11,NOR.14.3_1,0.02777710234462389,0.1192384769539077
2022,11,NOR.14.4_1,0.028118013994733404,0.12224448897795602
2022,11,NOR.14.5_1,0.034843991792040944,0.1953907815631263
2022,11,NOR.14.6_1,0.03204441289418668,0.16132264529058118
2022,11,NOR.14.7_1,0.033832577133748154,0.18236472945891777
2022,11,NOR.14.8_1,0.03743630130350769,0.23346693386773534
2022,11,NOR.14.9_1,0.030831061077761655,0.14829659318637275
2022,11,NOR.15.10_1,0.02834183015253206,0.12424849699398798
2022,11,NOR.15.11_1,0.0276620524538097,0.11823647294589178
2022,11,NOR.15.12_1,0.02800507566323091,0.12124248496993976
2022,11,NOR.15.13_1,0.022966877399027957,0.08216432865731459
2022,11,NOR.15.14_1,0.027891440905278755,0.12024048096192395
2022,11,NOR.15.15_1,0.033832577133748154,0.18236472945891777
2022,11,NOR.15.16_1,0.02766205245380966,0.11823647294589178
2022,11,NOR.15.17_1,0.026097943394769067,0.10521042084168335
2022,11,NOR.15.18_1,0.02910426720119382,0.1312625250501002
2022,11,NOR.15.19_1,0.0283418301525321,0.12424849699398798
2022,11,NOR.15.1_1,0.03063649494716469,0.1462925851703407
2022,11,NOR.15.20_1,0.02962983020698761,0.13627254509018036
2022,11,NOR.15.21_1,0.027891440905278758,0.12024048096192395
2022,11,NOR.15.22_1,0.029104267201193766,0.1312625250501002
2022,11,NOR.15.23_1,0.028005075663230895,0.12124248496993976
2022,11,NOR.15.24_1,0.03222352781522759,0.16332665330661325
2022,11,NOR.15.25_1,0.02742978778947279,0.1162324649298596
2022,11,NOR.15.2_1,0.030538387620146688,0.14529058116232466
2022,11,NOR.15.3_1,0.03240071279083795,0.16533066132264532
2022,11,NOR.15.4_1,0.03960854039940658,0.2725450901803607
2022,11,NOR.15.5_1,0.03222352781522758,0.16332665330661325
2022,11,NOR.15.6_1,0.03469283266576517,0.19338677354709424
2022,11,NOR.15.7_1,0.028997287752026892,0.13026052104208416
2022,11,NOR.15.8_1,0.03186333943737777,0.15931863727454912
2022,11,NOR.15.9_1,0.03204441289418671,0.16132264529058118
2022,11,NOR.16.10_1,0.03514162192953799,0.19939879759519044
2022,11,NOR.16.11_1,0.04155184791738723,0.31663326653306617
2022,11,NOR.16.12_1,0.03780062389368089,0.23947895791583165
2022,11,NOR.16.13_1,0.03309069590576374,0.17334669338677358
2022,11,NOR.16.14_1,0.03893456348611332,0.2595190380761523
2022,11,NOR.16.15_1,0.03860703218473436,0.2535070140280561
2022,11,NOR.16.16_1,0.03130806837135558,0.15330661322645292
2022,11,NOR.16.17_1,0.033912851052170886,0.1833667334669339
2022,11,NOR.16.18_1,0.030240712502615525,0.14228456913827656
2022,11,NOR.16.1_1,0.041112657511998565,0.3056112224448897
2022,11,NOR.16.2_1,0.03557660719068582,0.20541082164328653
2022,11,NOR.16.3_1,0.039251607817131676,0.2655310621242485
2022,11,NOR.16.4_1,0.03521506562850803,0.20040080160320647
2022,11,NOR.16.5_1,0.028672507358848295,0.12725450901803606
2022,11,NOR.16.6_1,0.04260159608363391,0.34669338677354705
2022,11,NOR.16.7_1,0.03557660719068581,0.20541082164328653
2022,11,NOR.16.8_1,0.037123809634577586,0.22845691382765518
2022,11,NOR.16.9_1,0.03898812616854865,0.2605210420841683
2022,11,NOR.17.10_1,0.0277771023446239,0.1192384769539077
2022,11,NOR.17.11_1,0.021425602393187144,0.07214428857715426
2022,11,NOR.17.12_1,0.01974605581533434,0.06212424849699404
2022,11,NOR.17.13_1,0.020937463855137742,0.06913827655310616
2022,11,NOR.17.14_1,0.024528897602858448,0.09318637274549095
2022,11,NOR.17.15_1,0.02077187475700325,0.06813627254509023
2022,11,NOR.17.16_1,0.019391020454336147,0.06012024048096198
2022,11,NOR.17.17_1,0.01605013451135364,0.043086172344689415
2022,11,NOR.17.18_1,0.019569398347957002,0.06112224448897801
2022,11,NOR.17.19_1,0.018659500671422406,0.056112224448897845
2022,11,NOR.17.1_1,0.016265379022877748,0.04408817635270545
2022,11,NOR.17.20_1,0.03102345930877948,0.15030060120240482
2022,11,NOR.17.21_1,0.01847190277596362,0.05511022044088181
2022,11,NOR.17.22_1,0.017897026113825546,0.05210420841683371
2022,11,NOR.17.23_1,0.02719458349826068,0.11422845691382753
2022,11,NOR.17.24_1,0.024664728647610244,0.09418837675350698
2022,11,NOR.17.25_1,0.022818286394609043,0.08116232464929855
2022,11,NOR.17.2_1,0.022365383809134158,0.07815631262525045
2022,11,NOR.17.3_1,0.022517559507299226,0.07915831663326649
2022,11,NOR.17.4_1,0.03158799225759023,0.15631262525050102
2022,11,NOR.17.5_1,0.02354986300012816,0.08617234468937872
2022,11,NOR.17.6_1,0.020436210031917805,0.06613226452905806
2022,11,NOR.17.7_1,0.026593270780774413,0.10921843687374748
2022,11,NOR.17.8_1,0.025589245220572862,0.10120240480961921
2022,11,NOR.17.9_1,0.018090716680414617,0.053106212424849746
2022,11,NOR.18.10_1,0.043728065732511236,0.38877755511022033
2022,11,NOR.18.11_1,0.03945725720745003,0.2695390781563126
2022,11,NOR.18.12_1,0.0368030407604271,0.22344689378757523
2022,11,NOR.18.13_1,0.04263297507375736,0.3476953907815631
2022,11,NOR.18.14_1,0.042308855859258095,0.33767535070140275
2022,11,NOR.18.15_1,0.04247379259847073,0.3426853707414829
2022,11,NOR.18.1_1,0.03667237233065546,0.22144288577154306
2022,11,NOR.18.2_1,0.038325904827475506,0.24849699398797595
2022,11,NOR.18.3_1,0.04224125636959843,0.3356713426853708
2022,11,NOR.18.4_1,0.042138103686871486,0.3326653306613226
2022,11,NOR.18.5_1,0.03990362322256466,0.2785571142284569
2022,11,NOR.18.6_1,0.043878676568937174,0.39579158316633256
2022,11,NOR.18.7_1,0.04111265751199859,0.3056112224448897
2022,11,NOR.18.8_1,0.042172722394317165,0.3336673346693386
2022,11,NOR.18.9_1,0.04192543402968461,0.3266533066132265
2022,11,NOR.19.10_1,0.042408511772625106,0.34068136272545096
2022,11,NOR.19.11_1,0.04023549635725001,0.28557114228456904
2022,11,NOR.19.12_1,0.03999979386183114,0.280561122244489
2022,11,NOR.19.13_1,0.041513155609692945,0.31563126252505014
2022,11,NOR.19.14_1,0.04139560672745638,0.31262525050100204
2022,11,NOR.19.15_1,0.0385514073384469,0.25250501002004005
2022,11,NOR.19.1_1,0.039608540399406575,0.2725450901803607
2022,11,NOR.19.2_1,0.04177889285897201,0.32264529058116226
2022,11,NOR.19.3_1,0.0387173890957429,0.25551102204408815
2022,11,NOR.19.4_1,0.0399518443870048,0.27955911823647295
2022,11,NOR.19.5_1,0.03950796462859233,0.27054108216432865
2022,11,NOR.19.6_1,0.04203283438238946,0.3296593186372745
2022,11,NOR.19.7_1,0.042275172670101016,0.33667334669338683
2022,11,NOR.19.8_1,0.039757320667554705,0.2755511022044088
2022,11,NOR.19.9_1,0.039199485556694266,0.26452905811623245
2022,11,NOR.2.10_1,0.039558392038460066,0.2715430861723447
2022,11,NOR.2.11_1,0.03995184438700482,0.27955911823647295
2022,11,NOR.2.12_1,0.04098763549272169,0.3026052104208417
2022,11,NOR.2.13_1,0.04050955188380274,0.29158316633266523
2022,11,NOR.2.14_1,0.040047472526148715,0.2815631262525049
2022,11,NOR.2.15_1,0.040327905634719,0.2875751503006012
2022,11,NOR.2.16_1,0.03866235905489496,0.2545090180360721
2022,11,NOR.2.17_1,0.03995184438700481,0.27955911823647295
2022,11,NOR.2.18_1,0.04014202089616865,0.2835671342685371
2022,11,NOR.2.19_1,0.04018889231686864,0.2845691382765531
2022,11,NOR.2.1_1,0.03898812616854862,0.2605210420841683
2022,11,NOR.2.20_1,0.03888070953173469,0.25851703406813625
2022,11,NOR.2.21_1,0.03843925906937495,0.250501002004008
2022,11,NOR.2.22_1,0.04018889231686864,0.2845691382765531
2022,11,NOR.2.2_1,0.03925160781713164,0.2655310621242485
2022,11,NOR.2.3_1,0.0415902959336039,0.3176352705410822
2022,11,NOR.2.4_1,0.037374456161202184,0.23246492985971942
2022,11,NOR.2.5_1,0.04199727177257767,0.32865731462925857
2022,11,NOR.2.6_1,0.040554307228194836,0.2925851703406814
2022,11,NOR.2.7_1,0.03930344510494179,0.2665330661322645
2022,11,NOR.2.8_1,0.04068701086093322,0.29559118236472937
2022,11,NOR.2.9_1,0.04111265751199858,0.3056112224448897
2022,11,NOR.3.10_1,0.04111265751199855,0.3056112224448897
2022,11,NOR.3.11_1,0.042632975073757365,0.3476953907815631
2022,11,NOR.3.12_1,0.04287584243190745,0.35571142284569135
2022,11,NOR.3.13_1,0.04119474721446171,0.30761523046092176
2022,11,NOR.3.14_1,0.03578906391308236,0.20841683366733474
2022,11,NOR.3.15_1,0.04162850027039507,0.3186372745490981
2022,11,NOR.3.1_1,0.03999979386183111,0.280561122244489
2022,11,NOR.3.2_1,0.041961471838374995,0.32765531062124253
2022,11,NOR.3.3_1,0.04123541661552884,0.3086172344689379
2022,11,NOR.3.4_1,0.03737445616120218,0.23246492985971942
2022,11,NOR.3.5_1,0.03469283266576518,0.19338677354709424
2022,11,NOR.3.6_1,0.040903021068546194,0.30060120240480964
2022,11,NOR.3.7_1,0.041778892858972023,0.32264529058116226
2022,11,NOR.3.8_1,0.04041925532205431,0.28957915831663317
2022,11,NOR.3.9_1,0.04227517267010104,0.33667334669338683
2022,11,NOR.4.10_1,0.03737445616120218,0.23246492985971942
2022,11,NOR.4.11_1,0.03557660719068576,0.20541082164328653
2022,11,NOR.4.12_1,0.03774069986446013,0.23847695390781562
2022,11,NOR.4.13_1,0.036606525799329,0.22044088176352702
2022,11,NOR.4.14_1,0.03774069986446015,0.23847695390781562
2022,11,NOR.4.15_1,0.032134213364370785,0.16232464929859722
2022,11,NOR.4.16_1,0.03111885648370041,0.15130260521042085
2022,11,NOR.4.17_1,0.03749782275340516,0.2344689378757515
2022,11,NOR.4.18_1,0.03571861272062176,0.2074148296593187
2022,11,NOR.4.19_1,0.03168027796489126,0.15731462925851705
2022,11,NOR.4.1_1,0.027312557164847505,0.11523046092184368
2022,11,NOR.4.20_1,0.04018889231686864,0.2845691382765531
2022,11,NOR.4.21_1,0.0344631126982663,0.19038076152304603
2022,11,NOR.4.2_1,0.03791952713584334,0.24148296593186372
2022,11,NOR.4.3_1,0.03266293205732407,0.16833667334669342
2022,11,NOR.4.4_1,0.03469283266576517,0.19338677354709424
2022,11,NOR.4.5_1,0.02878141407824768,0.1282565130260521
2022,11,NOR.4.6_1,0.028118013994733355,0.12224448897795602
2022,11,NOR.4.7_1,0.02789144090527873,0.12024048096192395
2022,11,NOR.4.8_1,0.0368030407604271,0.22344689378757523
2022,11,NOR.4.9_1,0.04151315560969294,0.31563126252505014
2022,11,NOR.5.10_1,0.0291042672011938,0.1312625250501002
2022,11,NOR.5.11_1,0.023549863000128082,0.08617234468937872
2022,11,NOR.5.12_1,0.04041925532205437,0.28957915831663317
2022,11,NOR.5.13_1,0.02545990182947929,0.10020040080160318
2022,11,NOR.5.14_1,0.04028183385378819,0.2865731462925852
2022,11,NOR.5.15_1,0.024799594579291786,0.09519038076152302
2022,11,NOR.5.16_1,0.029525942839218177,0.13527054108216433
2022,11,NOR.5.17_1,0.027312557164847505,0.11523046092184368
2022,11,NOR.5.18_1,0.028889672107144958,0.12925851703406813
2022,11,NOR.5.19_1,0.03204441289418666,0.16132264529058118
2022,11,NOR.5.1_1,0.023834774875754645,0.08817635270541078
2022,11,NOR.5.2_1,0.03257599555835815,0.16733466933867738
2022,11,NOR.5.3_1,0.04086033180906673,0.2995991983967936
2022,11,NOR.5.4_1,0.039406268802866684,0.2685370741482966
2022,11,NOR.5.5_1,0.041961471838375,0.32765531062124253
2022,11,NOR.5.6_1,0.03706032411114871,0.22745490981963937
2022,11,NOR.5.7_1,0.02397564371487888,0.08917835671342682
2022,11,NOR.5.8_1,0.02369285331449489,0.08717434869739475
2022,11,NOR.5.9_1,0.021585529005919212,0.07314629258517029
2022,11,NOR.6.10_1,0.03780062389368084,0.23947895791583165
2022,11,NOR.6.11_1,0.03528812808980179,0.2014028056112225
2022,11,NOR.6.12_1,0.03647379985239158,0.21843687374749496
2022,11,NOR.6.13_1,0.02878141407824768,0.1282565130260521
2022,11,NOR.6.14_1,0.032488590249385725,0.16633266533066135
2022,11,NOR.6.15_1,0.0347686094390288,0.19438877755511016
2022,11,NOR.6.16_1,0.03737445616120217,0.23246492985971942
2022,11,NOR.6.17_1,0.03571861272062176,0.2074148296593187
2022,11,NOR.6.18_1,0.031118856483700393,0.15130260521042085
2022,11,NOR.6.19_1,0.029421448548347058,0.1342685370741483
2022,11,NOR.6.1_1,0.029316341692963904,0.13326653306613226
2022,11,NOR.6.20_1,0.03213421336437081,0.16232464929859722
2022,11,NOR.6.21_1,0.026715088628979314,0.11022044088176362
2022,11,NOR.6.22_1,0.035141621929538014,0.19939879759519044
2022,11,NOR.6.2_1,0.03430795101871429,0.18837675350701397
2022,11,NOR.6.3_1,0.034463112698266365,0.19038076152304603
2022,11,NOR.6.4_1,0.03791952713584335,0.24148296593186372
2022,11,NOR.6.5_1,0.037374456161202184,0.23246492985971942
2022,11,NOR.6.6_1,0.02856294552110011,0.12625250501002003
2022,11,NOR.6.7_1,0.02383477487575465,0.08817635270541078
2022,11,NOR.6.8_1,0.036339685497622905,0.21643286573146278
2022,11,NOR.6.9_1,0.033912851052170886,0.1833667334669339
2022,11,NOR.7.10_1,0.040817386891126684,0.2985971943887776
2022,11,NOR.7.11_1,0.03627210338175869,0.21543086172344697
2022,11,NOR.7.12_1,0.032749403036772685,0.16933867735470945
2022,11,NOR.7.13_1,0.03034050117169255,0.1432865731462926
2022,11,NOR.7.14_1,0.03309069590576366,0.17334669338677358
2022,11,NOR.7.15_1,0.035360811414559705,0.20240480961923832
2022,11,NOR.7.16_1,0.03673787677395955,0.2224448897795591
2022,11,NOR.7.17_1,0.03578906391308237,0.20841683366733474
2022,11,NOR.7.18_1,0.03849548335707844,0.251503006012024
2022,11,NOR.7.19_1,0.029937905682365845,0.13927855711422846
2022,11,NOR.7.1_1,0.04098763549272163,0.3026052104208417
2022,11,NOR.7.20_1,0.03177205908137905,0.15831663326653309
2022,11,NOR.7.21_1,0.036996506011050985,0.22645290581162333
2022,11,NOR.7.22_1,0.03706032411114859,0.22745490981963937
2022,11,NOR.7.23_1,0.03476860943902883,0.19438877755511016
2022,11,NOR.7.25_1,0.03849548335707844,0.251503006012024
2022,11,NOR.7.26_1,0.03309069590576366,0.17334669338677358
2022,11,NOR.7.27_1,0.038325904827475506,0.24849699398797595
2022,11,NOR.7.28_1,0.039199485556694245,0.26452905811623245
2022,11,NOR.7.29_1,0.040419255322054294,0.28957915831663317
2022,11,NOR.7.30_1,0.03743630130350816,0.23346693386773534
2022,11,NOR.7.31_1,0.029733116191840176,0.1372745490981964
2022,11,NOR.7.32_1,0.027312557164847505,0.11523046092184368
2022,11,NOR.7.33_1,0.03407213719838788,0.18537074148296598
2022,11,NOR.7.34_1,0.03158799225759021,0.15631262525050102
2022,11,NOR.7.3_1,0.03995184438700482,0.27955911823647295
2022,11,NOR.7.4_1,0.03699650601105098,0.22645290581162333
2022,11,NOR.7.5_1,0.03919948555669423,0.26452905811623245
2022,11,NOR.7.6_1,0.031118856483700382,0.15130260521042085
2022,11,NOR.7.7_1,0.0340721371983879,0.18537074148296598
2022,11,NOR.7.9_1,0.03871738909574286,0.25551102204408815
2022,11,NOR.8.10_1,0.025972048296596953,0.10420841683366731
2022,11,NOR.8.11_1,0.03592887278629505,0.2104208416833667
2022,11,NOR.8.12_1,0.03564779446325793,0.20641282565130267
2022,11,NOR.8.13_1,0.03768045910529506,0.23747494989979948
2022,11,NOR.8.16_1,0.029937905682365852,0.13927855711422846
2022,11,NOR.8.17_1,0.024528897602858465,0.09318637274549095
2022,11,NOR.8.18_1,0.0225175595072992,0.07915831663326649
2022,11,NOR.8.19_1,0.02845272201250936,0.125250501002004
2022,11,NOR.8.1_1,0.03786023254001064,0.24048096192384757
2022,11,NOR.8.20_1,0.028997287752026923,0.13026052104208416
2022,11,NOR.8.21_1,0.02558924522057284,0.10120240480961921
2022,11,NOR.8.22_1,0.025717710011312553,0.10220440881763525
2022,11,NOR.8.23_1,0.03375187911770994,0.18136272545090185
2022,11,NOR.8.25_1,0.03334193188399732,0.17635270541082157
2022,11,NOR.8.26_1,0.03866235905489498,0.2545090180360721
2022,11,NOR.8.27_1,0.028562945521100103,0.12625250501002003
2022,11,NOR.8.28_1,0.025459901829479246,0.10020040080160318
2022,11,NOR.8.30_1,0.025066483999070355,0.09719438877755508
2022,11,NOR.8.31_1,0.02506648399907038,0.09719438877755508
2022,11,NOR.8.32_1,0.031118856483700396,0.15130260521042085
2022,11,NOR.8.33_1,0.029835806235238592,0.13827655310621242
2022,11,NOR.8.34_1,0.03102345930877944,0.15030060120240482
2022,11,NOR.8.35_1,0.03620416898054947,0.21442885771543072
2022,11,NOR.8.36_1,0.03557660719068576,0.20541082164328653
2022,11,NOR.8.37_1,0.030927528958198135,0.1492985971943888
2022,11,NOR.8.38_1,0.032575995558358106,0.16733466933867738
2022,11,NOR.8.3_1,0.030439724606053667,0.14428857715430862
2022,11,NOR.8.4_1,0.033507213334408086,0.17835671342685364
2022,11,NOR.8.5_1,0.03358919997061706,0.17935871743486978
2022,11,NOR.8.6_1,0.03317488699465889,0.1743486973947895
2022,11,NOR.8.7_1,0.03367075430784947,0.1803607214428857
2022,11,NOR.8.9_1,0.03140189144519447,0.15430861723446895
2022,11,NOR.9.10_1,0.02962983020698758,0.13627254509018036
2022,11,NOR.9.11_1,0.029210616527828553,0.13226452905811623
2022,11,NOR.9.12_1,0.030340501171692583,0.1432865731462926
2022,11,NOR.9.13_1,0.02888967210714495,0.12925851703406813
2022,11,NOR.9.14_1,0.03257599555835809,0.16733466933867738
2022,11,NOR.9.15_1,0.031401891445194424,0.15430861723446895
2022,11,NOR.9.16_1,0.02856294552110011,0.12625250501002003
2022,11,NOR.9.17_1,0.03003941978447328,0.1402805611222445
2022,11,NOR.9.18_1,0.027891440905278776,0.12024048096192395
2022,11,NOR.9.19_1,0.028230263129052656,0.12324649298597194
2022,11,NOR.9.1_1,0.033912851052170914,0.1833667334669339
2022,11,NOR.9.20_1,0.03140189144519447,0.15430861723446895
2022,11,NOR.9.21_1,0.030831061077761655,0.14829659318637275
2022,11,NOR.9.22_1,0.03092752895819813,0.1492985971943888
2022,11,NOR.9.23_1,0.03195412280395632,0.16032064128256515
2022,11,NOR.9.24_1,0.03633968549762289,0.21643286573146278
2022,11,NOR.9.2_1,0.030831061077761727,0.14829659318637275
2022,11,NOR.9.3_1,0.027075858437251805,0.1132264529058115
2022,11,NOR.9.4_1,0.028562945521100093,0.12625250501002003
2022,11,NOR.9.5_1,0.028452722012509278,0.125250501002004
2022,11,NOR.9.6_1,0.030831061077761717,0.14829659318637275
2022,11,NOR.9.7_1,0.028341830152532013,0.12424849699398798
2022,11,NOR.9.8_1,0.032134213364370764,0.16232464929859722
2022,11,NOR.9.9_1,0.030831061077761693,0.14829659318637275
2022,11,POL.1.10_1,0.04023549635725001,0.28557114228456904
2022,11,POL.1.11_1,0.11901382715011158,0.31337602216721455
2022,11,POL.1.12_1,0.10604961352766197,0.2573882973935982
2022,11,POL.1.13_1,0.08210331382933607,0.28443733325034726
2022,11,POL.1.14_1,0.08891352887922656,0.25528440361316407
2022,11,POL.1.15_1,0.068726505717988,0.26008185655489646
2022,11,POL.1.16_1,0.08198501608310892,0.283298444823899
2022,11,POL.1.17_1,0.11504245555833052,0.2675575692056891
2022,11,POL.1.18_1,0.10055372215352686,0.278977904181038
2022,11,POL.1.19_1,0.09214769298625468,0.2844327962960892
2022,11,POL.1.1_1,0.10174441901449746,0.28948055017307084
2022,11,POL.1.20_1,0.09181362057286263,0.28097359629780183
2022,11,POL.1.21_1,0.11746538174576965,0.2863410216433923
2022,11,POL.1.22_1,0.10267592174613323,0.2982744338495839
2022,11,POL.1.23_1,0.1207074939038111,0.25744285418170415
2022,11,POL.1.24_1,0.07199247616621678,0.3002128585580634
2022,11,POL.1.25_1,0.04135593101323888,0.3116232464929859
2022,11,POL.1.26_1,0.12735481764301493,0.3059888758736499
2022,11,POL.1.27_1,0.10833206414894353,0.2744268673271515
2022,11,POL.1.28_1,0.11179425383221633,0.304790403161899
2022,11,POL.1.29_1,0.09982496416830422,0.27304131267401544
2022,11,POL.1.2_1,0.10827477001898059,0.28059196728226
2022,11,POL.1.3_1,0.10425051301778877,0.3141547477274845
2022,11,POL.1.4_1,0.08326879381210141,0.2971718156312091
2022,11,POL.1.5_1,0.1035963701084507,0.32003455547493415
2022,11,POL.1.6_1,0.03871738909574292,0.25551102204408815
2022,11,POL.1.7_1,0.12131987476157093,0.261768277151934
2022,11,POL.1.8_1,0.07774990683467023,0.24105335181117113
2022,11,POL.1.9_1,0.15365627227498857,0.2698794679771079
2022,11,POL.10.10_1,0.10336286026954099,0.23755040038970435
2022,11,POL.10.11_1,0.08636510363238233,0.23468069363226798
2022,11,POL.10.12_1,0.11878783747500304,0.24503088088643873
2022,11,POL.10.13_1,0.12264215154679223,0.22905892317930107
2022,11,POL.10.14_1,0.03786023254001064,0.24048096192384757
2022,11,POL.10.15_1,0.11582760372865529,0.22717309096201493
2022,11,POL.10.16_1,0.12436774793421553,0.23858021268315235
2022,11,POL.10.17_1,0.08745814945874907,0.24313052159394027
2022,11,POL.10.1_1,0.10209485304103615,0.22973205008474518
2022,11,POL.10.2_1,0.03970800377560492,0.2745490981963928
2022,11,POL.10.3_1,0.15366955114780478,0.24189251634289657
2022,11,POL.10.4_1,0.1120106862870788,0.24649913344326224
2022,11,POL.10.5_1,0.09530209288506723,0.23714095476149372
2022,11,POL.10.6_1,0.11549793237083901,0.2266552395676651
2022,11,POL.10.7_1,0.09224045391433813,0.21622182199594256
2022,11,POL.10.8_1,0.03673787677395962,0.2224448897795591
2022,11,POL.10.9_1,0.11429967071200167,0.21930094254118837
2022,11,POL.11.10_1,0.09263043657256624,0.2912101182978844
2022,11,POL.11.11_1,0.10198615014496144,0.2949917557084987
2022,11,POL.11.12_1,0.09537064369829486,0.32760162631469286
2022,11,POL.11.13_1,0.09490877279016102,0.3250595480367086
2022,11,POL.11.14_1,0.03877212344211008,0.2565130260521042
2022,11,POL.11.15_1,0.13039091857844642,0.2763519575051899
2022,11,POL.11.16_1,0.04484815317975035,0.5290581162324649
2022,11,POL.11.17_1,0.1481457533010835,0.2711682224267055
2022,11,POL.11.18_1,0.08901935370119465,0.255894286658139
2022,11,POL.11.19_1,0.09947174859053512,0.26932103445691824
2022,11,POL.11.1_1,0.1294627271775376,0.26998346968223413
2022,11,POL.11.20_1,0.13134652403204988,0.2835240891412921
2022,11,POL.11.2_1,0.09020928069890854,0.2676190476953794
2022,11,POL.11.3_1,0.10654153103566703,0.2613101893751446
2022,11,POL.11.4_1,0.038880709531734683,0.25851703406813625
2022,11,POL.11.5_1,0.11790431172790604,0.29958356174771134
2022,11,POL.11.6_1,0.038439259069374995,0.250501002004008
2022,11,POL.11.7_1,0.11313725993947146,0.25335563326447436
2022,11,POL.11.8_1,0.1140652645971259,0.2604921180743279
2022,11,POL.11.9_1,0.0988879784260444,0.264152036546982
2022,11,POL.12.10_1,0.03826877246779926,0.24749498997995992
2022,11,POL.12.11_1,0.04068701086093324,0.29559118236472937
2022,11,POL.12.12_1,0.11663071522484651,0.2793672687342576
2022,11,POL.12.13_1,0.040598801658404744,0.2935871743486973
2022,11,POL.12.14_1,0.03849548335707844,0.251503006012024
2022,11,POL.12.15_1,0.04023549635725002,0.28557114228456904
2022,11,POL.12.16_1,0.12214824382726848,0.26667812637329985
2022,11,POL.12.17_1,0.11430680896877574,0.26239739526717154
2022,11,POL.12.18_1,0.09120566137283227,0.2751907943742131
2022,11,POL.12.19_1,0.03970800377560487,0.2745490981963928
2022,11,POL.12.1_1,0.11641078878280152,0.27766611645496175
2022,11,POL.12.20_1,0.09029612399823146,0.2671409850802143
2022,11,POL.12.21_1,0.0374978227534052,0.2344689378757515
2022,11,POL.12.22_1,0.10137035905778718,0.28598897885437086
2022,11,POL.12.23_1,0.11731547933301574,0.28431991121232086
2022,11,POL.12.24_1,0.04077418558574739,0.29759519038076154
2022,11,POL.12.25_1,0.038439259069374995,0.250501002004008
2022,11,POL.12.26_1,0.08979992081792938,0.26290774867843825
2022,11,POL.12.27_1,0.04037371252013143,0.28857715430861725
2022,11,POL.12.28_1,0.040188892316868625,0.2845691382765531
2022,11,POL.12.29_1,0.03995184438700481,0.27955911823647295
2022,11,POL.12.2_1,0.037919527135843324,0.24148296593186372
2022,11,POL.12.30_1,0.1241680263342542,0.28136459004275427
2022,11,POL.12.31_1,0.039041398656213214,0.26152304609218435
2022,11,POL.12.32_1,0.12327878196742643,0.27465369372092296
2022,11,POL.12.33_1,0.038662359054895026,0.2545090180360721
2022,11,POL.12.34_1,0.12677154058805615,0.2528919423270635
2022,11,POL.12.35_1,0.03768045910529508,0.23747494989979948
2022,11,POL.12.36_1,0.15106131943540613,0.22981188120314847
2022,11,POL.12.3_1,0.1286569101483405,0.26485573867413326
2022,11,POL.12.4_1,0.09003422008373081,0.26471752171979146
2022,11,POL.12.5_1,0.03930344510494174,0.2665330661322645
2022,11,POL.12.6_1,0.040774185585747386,0.29759519038076154
2022,11,POL.12.7_1,0.14202718085587063,0.27079790581598007
2022,11,POL.12.8_1,0.03980636226420788,0.27655310621242485
2022,11,POL.12.9_1,0.16235443547413012,0.258150905833354
2022,11,POL.13.10_1,0.12386366562412988,0.27872689039474136
2022,11,POL.13.11_1,0.08955223601162604,0.25999623847459036
2022,11,POL.13.12_1,0.09057638077297904,0.2694536170968244
2022,11,POL.13.13_1,0.1154565784388933,0.2703897269683873
2022,11,POL.13.14_1,0.09840671603713422,0.2600550438915133
2022,11,POL.13.1_1,0.11610890146165295,0.2750950274272985
2022,11,POL.13.2_1,0.12180104969130068,0.26416027264160497
2022,11,POL.13.3_1,0.09272148299511764,0.2918378130033529
2022,11,POL.13.4_1,0.039999793861831126,0.280561122244489
2022,11,POL.13.5_1,0.17801243188577118,0.26201001412258756
2022,11,POL.13.6_1,0.11390381012498169,0.2599795777079714
2022,11,POL.13.7_1,0.11168036982536869,0.2436487537733796
2022,11,POL.13.8_1,0.09866978911753059,0.2636479007328277
2022,11,POL.13.9_1,0.08739705879976203,0.24188568333562926
2022,11,POL.14.10_1,0.09728897689861853,0.2521987513580864
2022,11,POL.14.11_1,0.08926288458310992,0.25924000164412175
2022,11,POL.14.12_1,0.08969124754194484,0.263112431519373
2022,11,POL.14.13_1,0.07934682951925714,0.25573561221324365
2022,11,POL.14.14_1,0.09051011405655292,0.2690481523348967
2022,11,POL.14.15_1,0.07654071654625835,0.23004041063454378
2022,11,POL.14.16_1,0.03550504892848515,0.2044088176352705
2022,11,POL.14.17_1,0.14111551402695865,0.2639545233443864
2022,11,POL.14.18_1,0.12449180756095533,0.28459561278777895
2022,11,POL.14.19_1,0.07812008519078334,0.24421711916465336
2022,11,POL.14.1_1,0.09899240257793741,0.2662368819797228
2022,11,POL.14.20_1,0.11098744701119516,0.2395741923662906
2022,11,POL.14.21_1,0.0642606002263476,0.21457102959483568
2022,11,POL.14.2_1,0.10637443096306323,0.2598262553648626
2022,11,POL.14.3_1,0.09639026810058046,0.24476742527182954
2022,11,POL.14.4_1,0.04004747252614872,0.2815631262525049
2022,11,POL.14.5_1,0.12155400345313877,0.2691194332014507
2022,11,POL.14.6_1,0.08636376235259072,0.23586692159601277
2022,11,POL.14.7_1,0.09699490301311026,0.253067742427263
2022,11,POL.14.8_1,0.062417602765603195,0.19871710249022662
2022,11,POL.14.9_1,0.10621205341533914,0.2591930433104662
2022,11,POL.15.10_1,0.1364357634732642,0.27347176945759893
2022,11,POL.15.11_1,0.04119474721446172,0.30761523046092176
2022,11,POL.15.12_1,0.15330584296572805,0.26747544844642196
2022,11,POL.15.13_1,0.09537366978520745,0.3284913918987704
2022,11,POL.15.14_1,0.09949096830350293,0.26987253171873293
2022,11,POL.15.15_1,0.03877212344211008,0.2565130260521042
2022,11,POL.15.16_1,0.10975601140209156,0.28591010272007183
2022,11,POL.15.17_1,0.08113311140922823,0.2734941999455329
2022,11,POL.15.18_1,0.10011158836198905,0.27446776757826896
2022,11,POL.15.19_1,0.06864348735309467,0.25939237612047666
2022,11,POL.15.1_1,0.09211656786947953,0.28500195791267174
2022,11,POL.15.20_1,0.11400317695690636,0.2607640871279712
2022,11,POL.15.21_1,0.10606764481037996,0.25759041529982296
2022,11,POL.15.22_1,0.12219633650621237,0.26736507705769635
2022,11,POL.15.23_1,0.09862853473148434,0.262205034131248
2022,11,POL.15.24_1,0.040945455391465005,0.3016032064128257
2022,11,POL.15.25_1,0.17298885424100943,0.28721360121801665
2022,11,POL.15.26_1,0.09118599855908828,0.27529836400391394
2022,11,POL.15.27_1,0.11695767075763976,0.291014135481112
2022,11,POL.15.28_1,0.07979753086415398,0.26257047007374396
2022,11,POL.15.29_1,0.09046941814251387,0.26888437686964844
2022,11,POL.15.2_1,0.11744040415543733,0.2857077127455678
2022,11,POL.15.30_1,0.11985498277964396,0.305272567805432
2022,11,POL.15.31_1,0.12283894821937383,0.27216227249627356
2022,11,POL.15.32_1,0.10952478157796702,0.2839863176991544
2022,11,POL.15.33_1,0.07201268019595475,0.3006651267581443
2022,11,POL.15.34_1,0.09126299664799686,0.27563699772857597
2022,11,POL.15.35_1,0.11744104364560869,0.2857001367486927
2022,11,POL.15.3_1,0.130462253321388,0.27745668996108125
2022,11,POL.15.4_1,0.11161583070883647,0.3023705034349604
2022,11,POL.15.5_1,0.09281374656090713,0.2916702930631395
2022,11,POL.15.6_1,0.08212684141576265,0.2861763564621465
2022,11,POL.15.7_1,0.03965841066409448,0.27354709418837675
2022,11,POL.15.8_1,0.13665164037588765,0.27515878802524973
2022,11,POL.15.9_1,0.10845597220559279,0.27494392283904645
2022,11,POL.16.10_1,0.11753005990343741,0.28677188534667225
2022,11,POL.16.11_1,0.09220688877534008,0.2848598652006777
2022,11,POL.16.12_1,0.09423247623477404,0.3064892387262361
2022,11,POL.16.13_1,0.08418632510248883,0.30839564083814514
2022,11,POL.16.14_1,0.10511785658844922,0.32544788637215144
2022,11,POL.16.15_1,0.1018086287720162,0.2904212760944807
2022,11,POL.16.16_1,0.1349871789555325,0.31147480777861114
2022,11,POL.16.17_1,0.10210747295354868,0.2943256038179493
2022,11,POL.16.18_1,0.041474218392506645,0.314629258517034
2022,11,POL.16.19_1,0.10215391598640916,0.294039450470417
2022,11,POL.16.1_1,0.0815899114264452,0.278699429668951
2022,11,POL.16.20_1,0.04185264256153234,0.32464929859719444
2022,11,POL.16.21_1,0.09238752931619014,0.28650096948498666
2022,11,POL.16.22_1,0.04396009938621719,0.3997995991983968
2022,11,POL.16.2_1,0.1023475152709415,0.2949173175879619
2022,11,POL.16.3_1,0.101936428235852,0.29134617395394796
2022,11,POL.16.4_1,0.1039265651335447,0.3112015199181743
2022,11,POL.16.5_1,0.10384984663345426,0.3103521958943342
2022,11,POL.16.6_1,0.12623692459618743,0.2964810798675839
2022,11,POL.16.7_1,0.10481949062809125,0.3223986686586273
2022,11,POL.16.8_1,0.11094451831539462,0.2966544403529034
2022,11,POL.16.9_1,0.041112657511998565,0.3056112224448897
2022,11,POL.2.10_1,0.12499205048021521,0.2876240530054752
2022,11,POL.2.11_1,0.08047999677661868,0.2670511752332858
2022,11,POL.2.12_1,0.09143347553590955,0.27774978734983236
2022,11,POL.2.13_1,0.11077344689000117,0.3056542275950974
2022,11,POL.2.14_1,0.10121873202682218,0.28453389618789676
2022,11,POL.2.15_1,0.08156453752785472,0.27791894121318433
2022,11,POL.2.16_1,0.1379653076488095,0.2835501907563729
2022,11,POL.2.17_1,0.03990362322256466,0.2785571142284569
2022,11,POL.2.18_1,0.1254833184090094,0.2972512710436133
2022,11,POL.2.19_1,0.09980543220013163,0.27248293081302793
2022,11,POL.2.1_1,0.12671550665683529,0.30131091973549984
2022,11,POL.2.20_1,0.09277777368791598,0.29339984138623515
2022,11,POL.2.21_1,0.03809553972866253,0.2444889779559117
2022,11,POL.2.22_1,0.14857697538934725,0.27408783886538624
2022,11,POL.2.23_1,0.10173795002170667,0.2891896178424312
2022,11,POL.2.2_1,0.1296993447569025,0.27141456936715463
2022,11,POL.2.3_1,0.040235496357250024,0.28557114228456904
2022,11,POL.2.4_1,0.1187843191569291,0.29752084983608773
2022,11,POL.2.5_1,0.11226554266573555,0.31832638811871133
2022,11,POL.2.6_1,0.0995300061895475,0.2706400891657672
2022,11,POL.2.7_1,0.03995184438700477,0.27955911823647295
2022,11,POL.2.8_1,0.10022330931975793,0.27551146135135385
2022,11,POL.2.9_1,0.12500014191565498,0.2882692978675921
2022,11,POL.3.10_1,0.11040127433885616,0.30310382781917955
2022,11,POL.3.11_1,0.11394694105008381,0.259264196237142
2022,11,POL.3.12_1,0.03803717943351839,0.24348697394789579
2022,11,POL.3.13_1,0.13375593593423965,0.25678336092844156
2022,11,POL.3.14_1,0.09852601246233603,0.2614142387399038
2022,11,POL.3.15_1,0.15244502103504745,0.26249407960417864
2022,11,POL.3.16_1,0.09898962369854397,0.26526765368771316
2022,11,POL.3.17_1,0.1362219447008246,0.2719335973952686
2022,11,POL.3.18_1,0.040860331809066744,0.2995991983967936
2022,11,POL.3.19_1,0.12186169437678572,0.26434683247543006
2022,11,POL.3.1_1,0.11363763913261488,0.2573991211962132
2022,11,POL.3.20_1,0.13651800014583118,0.27405906680535147
2022,11,POL.3.21_1,0.1302053436918436,0.2749237400902461
2022,11,POL.3.22_1,0.10923995722917071,0.281756685772045
2022,11,POL.3.23_1,0.08152034187918018,0.2781803395514644
2022,11,POL.3.24_1,0.12563196973669494,0.29421892176475967
2022,11,POL.3.2_1,0.08834380044491653,0.2497775924012086
2022,11,POL.3.3_1,0.13807711856323324,0.28531102514144313
2022,11,POL.3.4_1,0.08993903197919018,0.26330892072579026
2022,11,POL.3.5_1,0.11741702049095766,0.29185007822113374
2022,11,POL.3.6_1,0.099447414145683,0.269771856573666
2022,11,POL.3.7_1,0.040047472526148715,0.2815631262525049
2022,11,POL.3.8_1,0.1308375207891297,0.27927476049710576
2022,11,POL.3.9_1,0.1154820505733651,0.2705243633279348
2022,11,POL.4.10_1,0.09730410835478963,0.25146839826743345
2022,11,POL.4.11_1,0.14679376453396656,0.26407119788721806
2022,11,POL.4.12_1,0.03855140733844689,0.25250501002004005
2022,11,POL.4.13_1,0.16117325570962163,0.2523482293298879
2022,11,POL.4.14_1,0.131655980061992,0.24499283224182197
2022,11,POL.4.15_1,0.1050200790048532,0.2491103953062903
2022,11,POL.4.16_1,0.10629742920453096,0.2582013231486559
2022,11,POL.4.17_1,0.136657647584489,0.27515224023934204
2022,11,POL.4.18_1,0.1137469575832812,0.2576607541368852
2022,11,POL.4.19_1,0.09941397428847742,0.2689668634829581
2022,11,POL.4.1_1,0.03571861272062178,0.2074148296593187
2022,11,POL.4.20_1,0.0902046996634848,0.26571780070539164
2022,11,POL.4.21_1,0.1502664831098547,0.2833103323861211
2022,11,POL.4.22_1,0.1143186230714145,0.2618472491492609
2022,11,POL.4.23_1,0.04064303594748161,0.29458917835671344
2022,11,POL.4.24_1,0.1586132676641413,0.2660617766847749
2022,11,POL.4.2_1,0.1765132403415493,0.2555871706595987
2022,11,POL.4.3_1,0.15333603993506464,0.2673657516048839
2022,11,POL.4.4_1,0.03860703218473431,0.2535070140280561
2022,11,POL.4.5_1,0.15670036261511652,0.2563030214385179
2022,11,POL.4.6_1,0.1142350376428949,0.2609752227494678
2022,11,POL.4.7_1,0.10487400619064097,0.24807600423041326
2022,11,POL.4.8_1,0.1269497320167839,0.25400165693474624
2022,11,POL.4.9_1,0.12689852164838658,0.2536017914105034
2022,11,POL.5.10_1,0.0714881941469501,0.29358433016422153
2022,11,POL.5.11_1,0.1268835738005685,0.302271632642673
2022,11,POL.5.12_1,0.13565174178831343,0.31694598594979634
2022,11,POL.5.13_1,0.03898812616854865,0.2605210420841683
2022,11,POL.5.14_1,0.12678193523908426,0.3012110105889763
2022,11,POL.5.1_1,0.04055430722819481,0.2925851703406814
2022,11,POL.5.2_1,0.1129276373085182,0.31514263744752335
2022,11,POL.5.3_1,0.11145235005927212,0.3021213937796079
2022,11,POL.5.4_1,0.10279083076405875,0.29957177187178197
2022,11,POL.5.5_1,0.11937863626822477,0.3030109761271663
2022,11,POL.5.6_1,0.09300976021442374,0.29320514936789127
2022,11,POL.5.7_1,0.0927246918898024,0.29028564521298816
2022,11,POL.5.8_1,0.09349069052001432,0.29876594870496137
2022,11,POL.5.9_1,0.10199351946324745,0.2913603398429374
2022,11,POL.6.10_1,0.11349047054560961,0.21490931184988643
2022,11,POL.6.11_1,0.03606723621772734,0.21242484969939876
2022,11,POL.6.12_1,0.151170887017951,0.20957957917602982
2022,11,POL.6.13_1,0.13761281938235687,0.1954409356514119
2022,11,POL.6.14_1,0.09651233419882396,0.2461532557002488
2022,11,POL.6.15_1,0.11919283990612217,0.24833029104156037
2022,11,POL.6.16_1,0.09619178843856589,0.24310048347789787
2022,11,POL.6.17_1,0.10946227116127837,0.1951821284338015
2022,11,POL.6.18_1,0.03960854039940657,0.2725450901803607
2022,11,POL.6.19_1,0.15444858748120271,0.22283529707198518
2022,11,POL.6.1_1,0.11702005254211303,0.23418590292287772
2022,11,POL.6.20_1,0.07456371459532848,0.15998569062074272
2022,11,POL.6.21_1,0.12231145387655382,0.2282615079049487
2022,11,POL.6.22_1,0.08805951591456403,0.24895065812913564
2022,11,POL.6.2_1,0.10265176972430197,0.23328097859241834
2022,11,POL.6.3_1,0.08622292498019855,0.23305482150509838
2022,11,POL.6.4_1,0.10311185928408194,0.23638962190241986
2022,11,POL.6.5_1,0.11860514740219576,0.20863312628508518
2022,11,POL.6.6_1,0.03737445616120218,0.23246492985971942
2022,11,POL.6.7_1,0.16285068564475175,0.24171069715826507
2022,11,POL.6.8_1,0.12520684766757537,0.18733329420523204
2022,11,POL.6.9_1,0.10095957328972455,0.22233781757405063
2022,11,POL.7.10_1,0.09066883071706719,0.20589610667937364
2022,11,POL.7.11_1,0.1194927160921491,0.21324746822753157
2022,11,POL.7.12_1,0.13969450829999688,0.22771202657921927
2022,11,POL.7.13_1,0.12136352151849272,0.22339792180490187
2022,11,POL.7.14_1,0.09342510351310561,0.22410787807617635
2022,11,POL.7.15_1,0.035859149967226014,0.20941883767535066
2022,11,POL.7.16_1,0.12401866648575355,0.20604470551606038
2022,11,POL.7.17_1,0.12563698801469847,0.21416610659392613
2022,11,POL.7.18_1,0.10977674154029313,0.23283278428150647
2022,11,POL.7.19_1,0.09531049338084657,0.23645116153654092
2022,11,POL.7.1_1,0.0941457906953191,0.22838620732197237
2022,11,POL.7.20_1,0.03667237233065552,0.22144288577154306
2022,11,POL.7.21_1,0.15259187459063459,0.23724008621704304
2022,11,POL.7.22_1,0.13580350625468246,0.24048770177221815
2022,11,POL.7.23_1,0.10156516001164902,0.30239504411957757
2022,11,POL.7.24_1,0.09920864355454544,0.21251248454902985
2022,11,POL.7.25_1,0.10601861400327607,0.2101184909417656
2022,11,POL.7.26_1,0.09970060728872378,0.2144846298032237
2022,11,POL.7.27_1,0.034918981992816366,0.19639278557114234
2022,11,POL.7.28_1,0.1409478872194284,0.2323737246229513
2022,11,POL.7.29_1,0.038772123442110076,0.2565130260521042
2022,11,POL.7.2_1,0.11489216216244642,0.2224490830519117
2022,11,POL.7.30_1,0.13636292370775108,0.21120152896565228
2022,11,POL.7.31_1,0.1010875241954931,0.22293572454415617
2022,11,POL.7.32_1,0.11208274108017013,0.24693100716783356
2022,11,POL.7.33_1,0.11428752648430004,0.21889848654361066
2022,11,POL.7.34_1,0.0848296146203742,0.22198657353182247
2022,11,POL.7.35_1,0.10397097047599349,0.24194309258903127
2022,11,POL.7.36_1,0.036932353794109994,0.2254509018036072
2022,11,POL.7.37_1,0.11276336840291071,0.21085188768695143
2022,11,POL.7.38_1,0.13765749387322587,0.25540664438224386
2022,11,POL.7.39_1,0.092816050775977,0.21926484532905638
2022,11,POL.7.3_1,0.14575194653845952,0.22929913178602832
2022,11,POL.7.40_1,0.09283803825559095,0.21949516881974962
2022,11,POL.7.41_1,0.0840909554491745,0.21655899638925885
2022,11,POL.7.42_1,0.08633381982801812,0.2344567670901805
2022,11,POL.7.4_1,0.08411120396468826,0.21724218046273974
2022,11,POL.7.5_1,0.09806011358410445,0.26695218692403894
2022,11,POL.7.6_1,0.12242562202753002,0.22865294760845828
2022,11,POL.7.7_1,0.10046404209096259,0.21929144934657563
2022,11,POL.7.8_1,0.08709546449926381,0.2410943158469842
2022,11,POL.7.9_1,0.09244924343923147,0.2172720376150811
2022,11,POL.8.10_1,0.1487716736900354,0.27397877670167375
2022,11,POL.8.11_1,0.08155598347711471,0.27843528829620706
2022,11,POL.8.12_1,0.10750108293907412,0.26774003085795217
2022,11,POL.8.1_1,0.10105788296734028,0.2847538915452028
2022,11,POL.8.2_1,0.08118786267996222,0.2741027040827386
2022,11,POL.8.3_1,0.10115019581832912,0.28425223865729166
2022,11,POL.8.4_1,0.08017751831863212,0.2636535525733523
2022,11,POL.8.5_1,0.09120683286362115,0.27633790563825833
2022,11,POL.8.6_1,0.0905888390852431,0.26977133542614457
2022,11,POL.8.7_1,0.12433117252543573,0.2819613868205827
2022,11,POL.8.8_1,0.10748476249092664,0.267537974084116
2022,11,POL.8.9_1,0.04018889231686864,0.2845691382765531
2022,11,POL.9.10_1,0.08761255101010415,0.24349747086651646
2022,11,POL.9.11_1,0.09007814450095314,0.26448087033094314
2022,11,POL.9.12_1,0.11464358326803398,0.26412660860471987
2022,11,POL.9.13_1,0.12967555650437546,0.27171429712807815
2022,11,POL.9.14_1,0.10774239131453905,0.2702424256436553
2022,11,POL.9.15_1,0.03849548335707844,0.251503006012024
2022,11,POL.9.16_1,0.12843889305128917,0.26333057692760525
2022,11,POL.9.17_1,0.12754067372972533,0.32297629478190026
2022,11,POL.9.18_1,0.09031576587740403,0.26703426036217415
2022,11,POL.9.19_1,0.039658410664094486,0.27354709418837675
2022,11,POL.9.1_1,0.06707990876405383,0.24169945504864096
2022,11,POL.9.20_1,0.15334150441300579,0.2677905495889345
2022,11,POL.9.21_1,0.11401280061663548,0.26022375131706676
2022,11,POL.9.22_1,0.09882747157779938,0.26348157255527827
2022,11,POL.9.23_1,0.08773229192108782,0.24443212314419965
2022,11,POL.9.24_1,0.038325904827475506,0.24849699398797595
2022,11,POL.9.25_1,0.0798588716724187,0.2608004426015176
2022,11,POL.9.2_1,0.09761485881458479,0.2538655337434448
2022,11,POL.9.3_1,0.1068688952464857,0.26342480997612544
2022,11,POL.9.4_1,0.13835629685280454,0.29681063013262693
2022,11,POL.9.5_1,0.1284339439572913,0.26396137036677436
2022,11,POL.9.6_1,0.09806405829359144,0.25785211870603136
2022,11,POL.9.7_1,0.043076565145246916,0.3627254509018036
2022,11,POL.9.8_1,0.1294039987386866,0.275804029203916
2022,11,POL.9.9_1,0.10710724814031168,0.2651201441439552
2022,11,PRT.1.10_1,0.13495849258982065,0.6412834851004257
2022,11,PRT.1.11_1,0.09246226527433828,0.7019952444182551
2022,11,PRT.1.12_1,0.210247100276577,0.6533898408757135
2022,11,PRT.1.13_1,0.11592218470384566,0.6665909264819005
2022,11,PRT.1.14_1,0.13397835122628018,0.6931821169810044
2022,11,PRT.1.15_1,0.26911334462079123,0.6816566875614184
2022,11,PRT.1.16_1,0.044736797721436454,0.5440881763527055
2022,11,PRT.1.17_1,0.14296873468088359,0.5693463879124833
2022,11,PRT.1.18_1,0.15840772523901797,0.6831393071274644
2022,11,PRT.1.19_1,0.14243491610013484,0.547232471564136
2022,11,PRT.1.1_1,0.21524865657792125,0.6712453270987159
2022,11,PRT.1.2_1,0.13478890927815732,0.6439967354640306
2022,11,PRT.1.3_1,0.18587177813092848,0.6662416656805573
2022,11,PRT.1.4_1,0.2141921777681284,0.5407817061153466
2022,11,PRT.1.5_1,0.17325182412263537,0.7949920278711521
2022,11,PRT.1.6_1,0.14277410286102193,0.5563171336773888
2022,11,PRT.1.7_1,0.1029916710617768,0.7377002445273791
2022,11,PRT.1.8_1,0.1254381684873948,0.6762231725629505
2022,11,PRT.1.9_1,0.09300696065374868,0.6915919190615661
2022,11,PRT.10.10_1,0.2411051533138726,0.4226937680031285
2022,11,PRT.10.11_1,0.2958204385874996,0.4363203459995663
2022,11,PRT.10.12_1,0.25432175999988976,0.46813601665464416
2022,11,PRT.10.13_1,0.2520904305695303,0.44319780121674496
2022,11,PRT.10.14_1,0.19403635034079172,0.47295441638490454
2022,11,PRT.10.1_1,0.1675558300985498,0.4462730443198244
2022,11,PRT.10.2_1,0.24886398380459895,0.4141609878880037
2022,11,PRT.10.3_1,0.22037591867330217,0.4587463350191146
2022,11,PRT.10.4_1,0.19172461562965523,0.4385629792425844
2022,11,PRT.10.5_1,0.1883997281054588,0.47130699979862334
2022,11,PRT.10.6_1,0.22060656116361294,0.463456102187385
2022,11,PRT.10.7_1,0.34988725175920743,0.4530028063261614
2022,11,PRT.10.8_1,0.09156494184447764,0.4396582421736635
2022,11,PRT.10.9_1,0.1868988709670319,0.4507486941088115
2022,11,PRT.11.10_1,0.07986817584839585,0.682075863694565
2022,11,PRT.11.11_1,0.08020929396606236,0.6620183027480381
2022,11,PRT.11.12_1,0.140708165969481,0.7368084779892269
2022,11,PRT.11.13_1,0.08099796142821067,0.5917012565771658
2022,11,PRT.11.14_1,0.0650240028851368,0.5999889000018478
2022,11,PRT.11.15_1,0.19878096785521418,0.6346343158824371
2022,11,PRT.11.16_1,0.17328997808567878,0.6323736956932462
2022,11,PRT.11.1_1,0.20243601828137134,0.7284281332151397
2022,11,PRT.11.2_1,0.12610847897022684,0.6098294720950324
2022,11,PRT.11.3_1,0.13485564834213695,0.5747605544289076
2022,11,PRT.11.4_1,0.0941326947993145,0.6169116431056852
2022,11,PRT.11.5_1,0.10537252249063557,0.662165772050661
2022,11,PRT.11.6_1,0.1915610877944651,0.701713962948812
2022,11,PRT.11.7_1,0.06528024603066414,0.5244546920120757
2022,11,PRT.11.8_1,0.10566332813719378,0.588044075876255
2022,11,PRT.11.9_1,0.260489988263278,0.6704614364396589
2022,11,PRT.12.10_1,0.1265151259365255,0.9980892313169807
2022,11,PRT.12.11_1,0.06807031321539944,0.9990754614164756
2022,11,PRT.12.12_1,0.07160796372372642,0.9999693241535393
2022,11,PRT.12.13_1,0.12474002181325017,0.9997329140560601
2022,11,PRT.12.14_1,0.0521609912067152,0.973048195330421
2022,11,PRT.12.15_1,0.1361042212850342,0.9986081687630401
2022,11,PRT.12.16_1,0.09772087080745824,0.9991082002629028
2022,11,PRT.12.1_1,0.1207590583423146,0.9986310555960005
2022,11,PRT.12.2_1,0.06765933820640244,0.9999975541466903
2022,11,PRT.12.3_1,0.05577406924384656,0.990597197030151
2022,11,PRT.12.4_1,0.09157290832491771,0.9955091393996234
2022,11,PRT.12.5_1,0.09669212231703338,0.9961323137533769
2022,11,PRT.12.6_1,0.046789201922525295,0.9977214192430441
2022,11,PRT.12.7_1,0.11463045133735643,0.999999999999892
2022,11,PRT.12.8_1,0.10584436087121216,0.9999841855343847
2022,11,PRT.12.9_1,0.0963437301314187,0.9981351442182743
2022,11,PRT.13.10_1,0.11308947982625814,0.7578739550854067
2022,11,PRT.13.11_1,0.07851686370445608,0.7278811907395399
2022,11,PRT.13.1_1,0.12949731904957668,0.7992398105833104
2022,11,PRT.13.2_1,0.1023683154206619,0.7632849763398368
2022,11,PRT.13.3_1,0.1289353949181846,0.9444767054280004
2022,11,PRT.13.4_1,0.10171101458661969,0.7758788998760164
2022,11,PRT.13.5_1,0.0624608046462765,0.7214715353129695
2022,11,PRT.13.6_1,0.09002364836591072,0.7754232299928662
2022,11,PRT.13.7_1,0.04127583660913795,0.688376753507014
2022,11,PRT.13.8_1,0.09111097783041561,0.7515418313734873
2022,11,PRT.13.9_1,0.10130127617207099,0.7849855736524893
2022,11,PRT.14.10_1,0.09354425215420567,0.5226591918580484
2022,11,PRT.14.11_1,0.09402588591462144,0.571035901073648
2022,11,PRT.14.12_1,0.15139601142825973,0.5950755562985913
2022,11,PRT.14.13_1,0.12592431723563965,0.6290359934036224
2022,11,PRT.14.14_1,0.15022201852162026,0.5318312407079108
2022,11,PRT.14.15_1,0.09418724132480855,0.6113856553354851
2022,11,PRT.14.1_1,0.09416046591478994,0.6141661025585667
2022,11,PRT.14.2_1,0.08073422520623373,0.5304245935620725
2022,11,PRT.14.3_1,0.1348385818564868,0.6079875308009232
2022,11,PRT.14.4_1,0.0808112373454153,0.5583533748793004
2022,11,PRT.14.5_1,0.0939195553574326,0.5394089427515844
2022,11,PRT.14.6_1,0.11624912276903913,0.5796371105599049
2022,11,PRT.14.7_1,0.15894903299444,0.6194775602394608
2022,11,PRT.14.8_1,0.08072919155100124,0.5229698121272985
2022,11,PRT.14.9_1,0.10584449338696289,0.5851145716392939
2022,11,PRT.15.10_1,0.17946256368856223,0.9865958900003755
2022,11,PRT.15.11_1,0.23057086507882044,0.9879135789705923
2022,11,PRT.15.12_1,0.07572581080641282,0.9999994435317093
2022,11,PRT.15.13_1,0.10159870228230473,0.9941461423590144
2022,11,PRT.15.14_1,0.18086678544529866,0.9854582055575352
2022,11,PRT.15.15_1,0.09910796608880336,0.9804379818311707
2022,11,PRT.15.16_1,0.07417982235227244,0.9779650984467012
2022,11,PRT.15.17_1,0.19202902570321703,0.9943466334396499
2022,11,PRT.15.18_1,0.15602081151720945,0.9993076117450534
2022,11,PRT.15.1_1,0.2562257494112353,0.9649232511162611
2022,11,PRT.15.2_1,0.18789477568119253,0.9352642241915329
2022,11,PRT.15.3_1,0.21824571142618074,0.97863559312987225
2022,11,PRT.15.4_1,0.11849812919168648,0.9899016933851483
2022,11,PRT.15.5_1,0.1896335607375497,0.9809576280121015
2022,11,PRT.15.6_1,0.1343389849435852,0.9966376640612092
2022,11,PRT.15.7_1,0.2181299078940519,0.9752869416551008
2022,11,PRT.15.8_1,0.09016423279591708,0.999399758361502
2022,11,PRT.15.9_1,0.14945355149136397,0.9789329132324806
2022,11,PRT.16.10_1,0.06505541893574224,0.6110861500715378
2022,11,PRT.16.11_1,0.1431301045640237,0.5669859024348727
2022,11,PRT.16.12_1,0.06408939691848319,0.6507321018406841
2022,11,PRT.16.13_1,0.13491819591925833,0.6096356518705313
2022,11,PRT.16.14_1,0.20479642446420449,0.6325788847940739
2022,11,PRT.16.15_1,0.17939005590829127,0.680511770211582
2022,11,PRT.16.16_1,0.11609605045509072,0.6347365369108705
2022,11,PRT.16.17_1,0.25469672653087816,0.697225193887623
2022,11,PRT.16.18_1,0.0939570415792676,0.5602462477355715
2022,11,PRT.16.19_1,0.19256541411111971,0.6404728402389566
2022,11,PRT.16.1_1,0.20972175278400096,0.6223733244261155
2022,11,PRT.16.20_1,0.19685478455039157,0.7012717230640823
2022,11,PRT.16.21_1,0.10561889759991731,0.6411292558347553
2022,11,PRT.16.2_1,0.151469887150084,0.6432908002495047
2022,11,PRT.16.3_1,0.09391004535127315,0.6228718274368382
2022,11,PRT.16.4_1,0.044835891681216815,0.531062124248497
2022,11,PRT.16.5_1,0.09375602357395567,0.6533172426837394
2022,11,PRT.16.6_1,0.13414333786587213,0.6822115002376624
2022,11,PRT.16.7_1,0.12592506456457975,0.6422111723934633
2022,11,PRT.16.8_1,0.08094651181029199,0.6067139831972718
2022,11,PRT.16.9_1,0.13497138646150886,0.6192669081038124
2022,11,PRT.17.10_1,0.11218591550896181,0.7776644287463385
2022,11,PRT.17.11_1,0.07975402755414346,0.6864348125128034
2022,11,PRT.17.12_1,0.12463103393458712,0.7091499179171049
2022,11,PRT.17.13_1,0.06468615353204638,0.6376394821552145
2022,11,PRT.17.1_1,0.11576926330268308,0.6225180040715955
2022,11,PRT.17.2_1,0.07841802366663815,0.7125131654993818
2022,11,PRT.17.3_1,0.13964603682632512,0.9311446417567175
2022,11,PRT.17.4_1,0.11865842374615737,0.9163440630311726
2022,11,PRT.17.5_1,0.10516200137816885,0.6576333737232155
2022,11,PRT.17.6_1,0.10895901390536943,0.8304267393211222
2022,11,PRT.17.7_1,0.13363501589550925,0.7069214514640626
2022,11,PRT.17.8_1,0.1052348702709485,0.6707950801268345
2022,11,PRT.17.9_1,0.15855470432609609,0.6717267882316523
2022,11,PRT.18.10_1,0.18605489426833852,0.579585894512542
2022,11,PRT.18.1_1,0.3433069556867426,0.5196777290394035
2022,11,PRT.18.2_1,0.2151394576175916,0.6404297878919978
2022,11,PRT.18.3_1,0.19962937483516638,0.4720808974629698
2022,11,PRT.18.4_1,0.2765363546123174,0.546449377275598
2022,11,PRT.18.5_1,0.21930046309677181,0.5243827816023207
2022,11,PRT.18.6_1,0.2398296538466791,0.5338439136870986
2022,11,PRT.18.7_1,0.3456851944361737,0.5696959101311201
2022,11,PRT.18.8_1,0.19208311460713295,0.5709067747260933
2022,11,PRT.18.9_1,0.2982832101341811,0.6475534187110331
2022,11,PRT.19.10_1,0.18203068929426242,0.46961848513267573
2022,11,PRT.19.11_1,0.14936062383756485,0.5128961725707326
2022,11,PRT.19.12_1,0.257557339171028,0.4151848625138592
2022,11,PRT.19.13_1,0.19774466996818732,0.4430336281636271
2022,11,PRT.19.14_1,0.2590927178390233,0.4745316967175323
2022,11,PRT.19.1_1,0.20552409688253567,0.4739657569842332
2022,11,PRT.19.2_1,0.1852753656485487,0.43089141855607516
2022,11,PRT.19.3_1,0.33071649562968486,0.4135083123310916
2022,11,PRT.19.4_1,0.12355953244991305,0.5182732365525395
2022,11,PRT.19.5_1,0.13123753063492194,0.4530727145208611
2022,11,PRT.19.6_1,0.271004128329483,0.39416256346506756
2022,11,PRT.19.7_1,0.13845464396567764,0.437819566511236
2022,11,PRT.19.8_1,0.1637202190921489,0.5306599612267988
2022,11,PRT.19.9_1,0.12222356809727995,0.4460238603963654
2022,11,PRT.2.10_1,0.2163943231053553,0.8301911911000069
2022,11,PRT.2.11_1,0.11458167460035498,0.719870978565
2022,11,PRT.2.12_1,0.15556846712615324,0.752876734079531
2022,11,PRT.2.13_1,0.17635521505392937,0.7602098451433025
2022,11,PRT.2.15_1,0.08041129680314309,0.6494515301658088
2022,11,PRT.2.16_1,0.10497694547773752,0.6815956891970223
2022,11,PRT.2.19_1,0.10229567972174694,0.7597150254658565
2022,11,PRT.2.1_1,0.15973787471809953,0.8148425410107473
2022,11,PRT.2.4_1,0.14880702368269141,0.7430052550815388
2022,11,PRT.2.5_1,0.09131576971699817,0.7469698829327339
2022,11,PRT.2.6_1,0.04484212169501106,0.530060120240481
2022,11,PRT.2.7_1,0.08051183128931376,0.6398420104633828
2022,11,PRT.2.8_1,0.11474744221621255,0.7155818137246927
2022,11,PRT.2.9_1,0.1423071413195653,0.6988670356941796
2022,11,PRT.20.10_1,0.16557261613919014,0.5501931389756908
2022,11,PRT.20.11_1,0.1696032974568347,0.4776765626040193
2022,11,PRT.20.12_1,0.13827515382545966,0.431551550185355
2022,11,PRT.20.13_1,0.18051975162418582,0.4515004056375689
2022,11,PRT.20.14_1,0.14304072231424816,0.5667777650779323
2022,11,PRT.20.15_1,0.17370626134035025,0.4376634697156403
2022,11,PRT.20.16_1,0.20722916764477362,0.5033603718260912
2022,11,PRT.20.17_1,0.16327116058976437,0.4899736621441594
2022,11,PRT.20.18_1,0.19041459949868747,0.42156920232015477
2022,11,PRT.20.19_1,0.19333204085636554,0.4605568215984707
2022,11,PRT.20.1_1,0.20614794906787598,0.47878911836411503
2022,11,PRT.20.20_1,0.1464399843768217,0.4414252134274624
2022,11,PRT.20.21_1,0.24553040097464848,0.5549173897704879
2022,11,PRT.20.22_1,0.12378087120930047,0.4837774634863459
2022,11,PRT.20.23_1,0.2802420204355371,0.5460613303295677
2022,11,PRT.20.24_1,0.16368899034304193,0.4961421313036894
2022,11,PRT.20.2_1,0.12555895810210832,0.5680127026242875
2022,11,PRT.20.3_1,0.22000784294518683,0.452692882963284
2022,11,PRT.20.4_1,0.19418624117775868,0.4714253632408587
2022,11,PRT.20.5_1,0.23008093876739918,0.4544850755692119
2022,11,PRT.20.6_1,0.2025792148619046,0.5204756246883102
2022,11,PRT.20.7_1,0.20995070422805734,0.4616202770754417
2022,11,PRT.20.8_1,0.15150047094899982,0.6212323223851265
2022,11,PRT.20.9_1,0.14338201172377127,0.5950272369319967
2022,11,PRT.3.10_1,0.13486117351841262,0.5917259186661535
2022,11,PRT.3.11_1,0.19784399738549632,0.6830052824859876
2022,11,PRT.3.12_1,0.11635341567324305,0.6032486481791205
2022,11,PRT.3.13_1,0.12570535212635944,0.6089659313762714
2022,11,PRT.3.14_1,0.0940613533761648,0.5865953529220556
2022,11,PRT.3.1_1,0.10565677974282489,0.6296363970569272
2022,11,PRT.3.2_1,0.13481017970668155,0.5842021685270531
2022,11,PRT.3.3_1,0.06518737943205716,0.5267273592285081
2022,11,PRT.3.4_1,0.043683124684349595,0.3867735470941884
2022,11,PRT.3.5_1,0.2038447760320033,0.6474756957715465
2022,11,PRT.3.6_1,0.10585434327856741,0.6146743743711923
2022,11,PRT.3.7_1,0.09423825256232646,0.607407275158541
2022,11,PRT.3.8_1,0.11628943852487955,0.625981343139458
2022,11,PRT.3.9_1,0.14331530046838212,0.5831449085291588
2022,11,PRT.4.10_1,0.1957019737012255,0.499581058032322
2022,11,PRT.4.11_1,0.21552757268091602,0.46496286747623544
2022,11,PRT.4.12_1,0.3398939160475329,0.6555618705319668
2022,11,PRT.4.13_1,0.36880987484798333,0.5661030274726911
2022,11,PRT.4.14_1,0.1256615897550846,0.5509759785990767
2022,11,PRT.4.1_1,0.23528451881748375,0.5640820976250055
2022,11,PRT.4.2_1,0.45999699493043694,0.634308663206321
2022,11,PRT.4.3_1,0.3754045903430891,0.6761463289134418
2022,11,PRT.4.4_1,0.19371658931857968,0.46814310876510296
2022,11,PRT.4.5_1,0.22216595684139326,0.48255975568835946
2022,11,PRT.4.6_1,0.1514649506937001,0.6354510511787825
2022,11,PRT.4.7_1,0.2879940066594188,0.5211224123734309
2022,11,PRT.4.8_1,0.4055205590463187,0.6078260282241819
2022,11,PRT.4.9_1,0.2585044356407401,0.5306514396089455
2022,11,PRT.5.10_1,0.2016491163173447,0.42312683687655106
2022,11,PRT.5.11_1,0.17201892244254494,0.41626260807484855
2022,11,PRT.5.12_1,0.26304085834207563,0.3477898982965377
2022,11,PRT.5.1_1,0.20616922727950884,0.4135921978227575
2022,11,PRT.5.2_1,0.315375023522493,0.3642014318844806
2022,11,PRT.5.3_1,0.20356609211487647,0.44424905814220994
2022,11,PRT.5.4_1,0.11335250613659387,0.45592620661949346
2022,11,PRT.5.5_1,0.28263944333147273,0.3945660395607328
2022,11,PRT.5.6_1,0.19074356432188574,0.4288603208574363
2022,11,PRT.5.7_1,0.2834369499681779,0.42865172132313517
2022,11,PRT.5.8_1,0.24362622729684558,0.40742439762624616
2022,11,PRT.5.9_1,0.1927649393355554,0.4513353903386766
2022,11,PRT.6.10_1,0.08095569744126595,0.576741511192241
2022,11,PRT.6.11_1,0.09419519350536697,0.5682641671036486
2022,11,PRT.6.1_1,0.10289050361714204,0.4479123675442476
2022,11,PRT.6.2_1,0.24098295065341077,0.5661881278820831
2022,11,PRT.6.3_1,0.2664703600035782,0.519822532019566
2022,11,PRT.6.4_1,0.2670478019933223,0.5246564980621801
2022,11,PRT.6.5_1,0.19685657516840205,0.5283070303825343
2022,11,PRT.6.6_1,0.1656000040968353,0.5478191692635128
2022,11,PRT.6.7_1,0.16443602087897058,0.5170991244026263
2022,11,PRT.6.8_1,0.11583404374874597,0.5487047802546624
2022,11,PRT.6.9_1,0.1794896308744785,0.5679838876722815
2022,11,PRT.7.10_1,0.1797411228416556,0.655909072174551
2022,11,PRT.7.11_1,0.21946069677035634,0.5339666096729582
2022,11,PRT.7.12_1,0.15070967448101402,0.5421005374738742
2022,11,PRT.7.13_1,0.15901863032060573,0.6019268687506724
2022,11,PRT.7.14_1,0.11618399991105886,0.5658412964217544
2022,11,PRT.7.15_1,0.16621632678383444,0.6206638115635628
2022,11,PRT.7.16_1,0.18563583123906136,0.5655444904701558
2022,11,PRT.7.17_1,0.0941403054563457,0.5821928998358593
2022,11,PRT.7.1_1,0.20315169371201,0.5400516844300438
2022,11,PRT.7.2_1,0.20986351239394038,0.6738358205390422
2022,11,PRT.7.3_1,0.2645834290827976,0.7452486764067842
2022,11,PRT.7.4_1,0.15082488647169315,0.6185989279539739
2022,11,PRT.7.5_1,0.19652055528687024,0.7165512477009991
2022,11,PRT.7.6_1,0.10558799806528552,0.5496050004659251
2022,11,PRT.7.7_1,0.1163635375760371,0.5790475744574277
2022,11,PRT.7.8_1,0.09373225683813649,0.6560374676922086
2022,11,PRT.7.9_1,0.10545606831904585,0.5375812665068552
2022,11,PRT.8.10_1,0.06519528630741968,0.5196545622755873
2022,11,PRT.8.11_1,0.1057416574390634,0.5688908068161159
2022,11,PRT.8.12_1,0.06504868812111327,0.611168493392586
2022,11,PRT.8.13_1,0.08068479097410705,0.5817865068469728
2022,11,PRT.8.14_1,0.10280859248320545,0.6554844939182947
2022,11,PRT.8.1_1,0.11613112481133105,0.567054084030236
2022,11,PRT.8.2_1,0.12558690890783608,0.5722577360596327
2022,11,PRT.8.3_1,0.09322698078922967,0.5955802768574787
2022,11,PRT.8.4_1,0.1724013748451994,0.569059140519621
2022,11,PRT.8.5_1,0.20464945854787986,0.7371046472098541
2022,11,PRT.8.6_1,0.15139869956848076,0.6145913188853447
2022,11,PRT.8.7_1,0.0942587878771352,0.5825490097284632
2022,11,PRT.8.8_1,0.0805919097107164,0.535738465620476
2022,11,PRT.8.9_1,0.1345148667913663,0.5647954965477856
2022,11,PRT.9.10_1,0.06290974840372467,0.9833385306158069
2022,11,PRT.9.11_1,0.06219181389242324,0.9321240613106565
2022,11,PRT.9.12_1,0.03718696410410586,0.7685370741482966
2022,11,PRT.9.13_1,0.09948473400574201,0.9629142301318337
2022,11,PRT.9.14_1,0.111818643030224,0.9763408346276482
2022,11,PRT.9.15_1,0.07627623322590003,0.9729478643131513
2022,11,PRT.9.16_1,0.06305745720588855,0.9274927572649091
2022,11,PRT.9.1_1,0.06154319256149412,0.9361188421618764
2022,11,PRT.9.2_1,0.09100701345051423,0.9065716523669005
2022,11,PRT.9.3_1,0.0718028588178595,0.9509004791618267
2022,11,PRT.9.4_1,0.07837514849120773,0.9151044506849911
2022,11,PRT.9.5_1,0.08131964570101592,0.9867650521812881
2022,11,PRT.9.6_1,0.06334809955809882,0.9251976315344529
2022,11,PRT.9.7_1,0.07914540069016236,0.9650825333528251
2022,11,PRT.9.8_1,0.1316687215994859,0.953976097653399
2022,11,PRT.9.9_1,0.06416173647606488,0.9206065882148906
2022,11,ROU.1.10_1,0.03761990025427182,0.23647294589178355
2022,11,ROU.1.11_1,0.03914707730058033,0.2635270541082164
2022,11,ROU.1.12_1,0.0414350356417973,0.31362725450901807
2022,11,ROU.1.13_1,0.03898812616854866,0.2605210420841683
2022,11,ROU.1.14_1,0.04068701086093324,0.29559118236472937
2022,11,ROU.1.15_1,0.03585914996722601,0.20941883767535066
2022,11,ROU.1.16_1,0.03919948555669432,0.26452905811623245
2022,11,ROU.1.17_1,0.03980636226420786,0.27655310621242485
2022,11,ROU.1.18_1,0.037680459105295064,0.23747494989979948
2022,11,ROU.1.19_1,0.04004747252614871,0.2815631262525049
2022,11,ROU.1.1_1,0.03761990025427182,0.23647294589178355
2022,11,ROU.1.20_1,0.04014202089616865,0.2835671342685371
2022,11,ROU.1.21_1,0.03898812616854865,0.2605210420841683
2022,11,ROU.1.22_1,0.03965841066409448,0.27354709418837675
2022,11,ROU.1.23_1,0.039354998432746105,0.26753507014028055
2022,11,ROU.1.24_1,0.03838273329162207,0.24949899799599198
2022,11,ROU.1.25_1,0.04094545539146494,0.3016032064128257
2022,11,ROU.1.26_1,0.040687010860933244,0.29559118236472937
2022,11,ROU.1.27_1,0.03960854039940658,0.2725450901803607
2022,11,ROU.1.28_1,0.03803717943351838,0.24348697394789579
2022,11,ROU.1.29_1,0.03970800377560491,0.2745490981963928
2022,11,ROU.1.2_1,0.04046453484455118,0.2905811623246492
2022,11,ROU.1.30_1,0.035215065628508076,0.20040080160320647
2022,11,ROU.1.31_1,0.03990362322256474,0.2785571142284569
2022,11,ROU.1.32_1,0.03699650601105095,0.22645290581162333
2022,11,ROU.1.33_1,0.03888070953173469,0.25851703406813625
2022,11,ROU.1.34_1,0.036932353794109994,0.2254509018036072
2022,11,ROU.1.35_1,0.03914707730058033,0.2635270541082164
2022,11,ROU.1.36_1,0.03898812616854866,0.2605210420841683
2022,11,ROU.1.37_1,0.03970800377560491,0.2745490981963928
2022,11,ROU.1.38_1,0.04018889231686864,0.2845691382765531
2022,11,ROU.1.39_1,0.03731228588703081,0.23146292585170328
2022,11,ROU.1.3_1,0.040373712520131395,0.28857715430861725
2022,11,ROU.1.40_1,0.03904139865621324,0.26152304609218435
2022,11,ROU.1.41_1,0.039757320667554705,0.2755511022044088
2022,11,ROU.1.42_1,0.04014202089616863,0.2835671342685371
2022,11,ROU.1.43_1,0.03866235905489498,0.2545090180360721
2022,11,ROU.1.44_1,0.03999979386183114,0.280561122244489
2022,11,ROU.1.45_1,0.03960854039940658,0.2725450901803607
2022,11,ROU.1.46_1,0.036672372330655435,0.22144288577154306
2022,11,ROU.1.47_1,0.04068701086093323,0.29559118236472937
2022,11,ROU.1.48_1,0.03960854039940656,0.2725450901803607
2022,11,ROU.1.49_1,0.03334193188399732,0.17635270541082157
2022,11,ROU.1.4_1,0.03660652579932899,0.22044088176352702
2022,11,ROU.1.50_1,0.03484399179204101,0.1953907815631263
2022,11,ROU.1.51_1,0.03737445616120217,0.23246492985971942
2022,11,ROU.1.52_1,0.0396584106640945,0.27354709418837675
2022,11,ROU.1.53_1,0.036540335529758695,0.219438877755511
2022,11,ROU.1.54_1,0.03855140733844689,0.25250501002004005
2022,11,ROU.1.55_1,0.039041398656213214,0.26152304609218435
2022,11,ROU.1.56_1,0.038325904827475506,0.24849699398797595
2022,11,ROU.1.57_1,0.03686786590249007,0.22444889779559116
2022,11,ROU.1.58_1,0.0405095518838027,0.29158316633266523
2022,11,ROU.1.59_1,0.039903623222564646,0.2785571142284569
2022,11,ROU.1.5_1,0.03914707730058031,0.2635270541082164
2022,11,ROU.1.60_1,0.04050955188380272,0.29158316633266523
2022,11,ROU.1.61_1,0.03843925906937495,0.250501002004008
2022,11,ROU.1.62_1,0.03571861272062173,0.2074148296593187
2022,11,ROU.1.63_1,0.03945725720745003,0.2695390781563126
2022,11,ROU.1.64_1,0.0410712358552715,0.3046092184368738
2022,11,ROU.1.65_1,0.03660652579932899,0.22044088176352702
2022,11,ROU.1.66_1,0.03919948555669426,0.26452905811623245
2022,11,ROU.1.67_1,0.04059880165840478,0.2935871743486973
2022,11,ROU.1.68_1,0.04018889231686863,0.2845691382765531
2022,11,ROU.1.69_1,0.035928872786294995,0.2104208416833667
2022,11,ROU.1.6_1,0.032488590249385677,0.16633266533066135
2022,11,ROU.1.70_1,0.03965841066409449,0.27354709418837675
2022,11,ROU.1.71_1,0.04028183385378819,0.2865731462925852
2022,11,ROU.1.72_1,0.03673787677395956,0.2224448897795591
2022,11,ROU.1.73_1,0.04032790563471894,0.2875751503006012
2022,11,ROU.1.74_1,0.03838273329162207,0.24949899799599198
2022,11,ROU.1.75_1,0.03925160781713173,0.2655310621242485
2022,11,ROU.1.76_1,0.040419255322054294,0.28957915831663317
2022,11,ROU.1.7_1,0.03706032411114868,0.22745490981963937
2022,11,ROU.1.8_1,0.03712380963457756,0.22845691382765518
2022,11,ROU.1.9_1,0.041153827738076486,0.30661322645290584
2022,11,ROU.10.1_1,0.04462657984427569,0.4428857715430861
2022,11,ROU.11.10_1,0.04159029593360393,0.3176352705410822
2022,11,ROU.11.11_1,0.038607032184734394,0.2535070140280561
2022,11,ROU.11.12_1,0.04068701086093324,0.29559118236472937
2022,11,ROU.11.13_1,0.03990362322256471,0.2785571142284569
2022,11,ROU.11.14_1,0.040373712520131395,0.28857715430861725
2022,11,ROU.11.15_1,0.04240851177262511,0.34068136272545096
2022,11,ROU.11.16_1,0.04018889231686863,0.2845691382765531
2022,11,ROU.11.17_1,0.039251607817131696,0.2655310621242485
2022,11,ROU.11.18_1,0.040945455391464984,0.3016032064128257
2022,11,ROU.11.19_1,0.03866235905489501,0.2545090180360721
2022,11,ROU.11.1_1,0.044778894967859674,0.45891783567134276
2022,11,ROU.11.20_1,0.039608540399406575,0.2725450901803607
2022,11,ROU.11.21_1,0.037559021934399646,0.23547094188376752
2022,11,ROU.11.22_1,0.0414350356417973,0.31362725450901807
2022,11,ROU.11.23_1,0.039855129480584076,0.2775551102204409
2022,11,ROU.11.24_1,0.04451830354100683,0.43386773547094193
2022,11,ROU.11.25_1,0.03893456348611332,0.2595190380761523
2022,11,ROU.11.26_1,0.041628500270395094,0.3186372745490981
2022,11,ROU.11.27_1,0.039251607817131724,0.2655310621242485
2022,11,ROU.11.28_1,0.04081738689112669,0.2985971943887776
2022,11,ROU.11.29_1,0.041628500270395066,0.3186372745490981
2022,11,ROU.11.2_1,0.044669466251386396,0.44689378757515025
2022,11,ROU.11.30_1,0.04151315560969298,0.31563126252505014
2022,11,ROU.11.31_1,0.04234230644091953,0.3386773547094188
2022,11,ROU.11.32_1,0.043445575871024905,0.37675350701402816
2022,11,ROU.11.33_1,0.044770874507367504,0.4579158316633267
2022,11,ROU.11.34_1,0.040235496357250024,0.28557114228456904
2022,11,ROU.11.35_1,0.038988126168548645,0.2605210420841683
2022,11,ROU.11.36_1,0.04073072715680164,0.2965931863727455
2022,11,ROU.11.37_1,0.04131600785669966,0.31062124248497
2022,11,ROU.11.38_1,0.03866235905489498,0.2545090180360721
2022,11,ROU.11.39_1,0.04454377845570234,0.4358717434869739
2022,11,ROU.11.3_1,0.043104350610422,0.3637274549098196
2022,11,ROU.11.40_1,0.03821133499048876,0.246492985971944
2022,11,ROU.11.41_1,0.04059880165840476,0.2935871743486973
2022,11,ROU.11.42_1,0.03960854039940658,0.2725450901803607
2022,11,ROU.11.43_1,0.0446897051444819,0.4488977955911823
2022,11,ROU.11.44_1,0.040419255322054315,0.28957915831663317
2022,11,ROU.11.45_1,0.04050955188380271,0.29158316633266523
2022,11,ROU.11.46_1,0.044786716132738304,0.4599198396793587
2022,11,ROU.11.47_1,0.042275172670101016,0.33667334669338683
2022,11,ROU.11.48_1,0.039951844387004797,0.27955911823647295
2022,11,ROU.11.49_1,0.04064303594748163,0.29458917835671344
2022,11,ROU.11.4_1,0.039507964628592324,0.27054108216432865
2022,11,ROU.11.50_1,0.03791952713584332,0.24148296593186372
2022,11,ROU.11.51_1,0.03990362322256466,0.2785571142284569
2022,11,ROU.11.52_1,0.04247379259847071,0.3426853707414829
2022,11,ROU.11.53_1,0.0400474725261487,0.2815631262525049
2022,11,ROU.11.54_1,0.04009488125034136,0.28256513026052105
2022,11,ROU.11.55_1,0.04055430722819483,0.2925851703406814
2022,11,ROU.11.56_1,0.03904139865621323,0.26152304609218435
2022,11,ROU.11.57_1,0.040945455391465,0.3016032064128257
2022,11,ROU.11.58_1,0.040509551883802716,0.29158316633266523
2022,11,ROU.11.59_1,0.04174165723655575,0.32164328657314634
2022,11,ROU.11.5_1,0.040643035947481615,0.29458917835671344
2022,11,ROU.11.60_1,0.04450526241781755,0.4328657314629258
2022,11,ROU.11.61_1,0.04188915779103529,0.32565130260521036
2022,11,ROU.11.62_1,0.04131600785669963,0.31062124248497
2022,11,ROU.11.63_1,0.04090302106854621,0.30060120240480964
2022,11,ROU.11.64_1,0.04119474721446173,0.30761523046092176
2022,11,ROU.11.65_1,0.04077418558574736,0.29759519038076154
2022,11,ROU.11.66_1,0.040774185585747386,0.29759519038076154
2022,11,ROU.11.67_1,0.04111265751199859,0.3056112224448897
2022,11,ROU.11.68_1,0.044531142167194705,0.43486973947895785
2022,11,ROU.11.69_1,0.04050955188380275,0.29158316633266523
2022,11,ROU.11.6_1,0.03528812808980175,0.2014028056112225
2022,11,ROU.11.70_1,0.0387173890957429,0.25551102204408815
2022,11,ROU.11.71_1,0.038095539728662545,0.2444889779559117
2022,11,ROU.11.72_1,0.044816009699712375,0.4639278557114229
2022,11,ROU.11.73_1,0.042632975073757365,0.3476953907815631
2022,11,ROU.11.74_1,0.04135593101323888,0.3116232464929859
2022,11,ROU.11.75_1,0.040509551883802744,0.29158316633266523
2022,11,ROU.11.76_1,0.04131600785669966,0.31062124248497
2022,11,ROU.11.77_1,0.04413106412376045,0.408817635270541
2022,11,ROU.11.78_1,0.04401896487476812,0.4028056112224449
2022,11,ROU.11.79_1,0.04037371252013143,0.28857715430861725
2022,11,ROU.11.7_1,0.04050955188380272,0.29158316633266523
2022,11,ROU.11.80_1,0.04460393022272376,0.44088176352705405
2022,11,ROU.11.81_1,0.03898812616854863,0.2605210420841683
2022,11,ROU.11.82_1,0.04023549635725002,0.28557114228456904
2022,11,ROU.11.83_1,0.038439259069374954,0.250501002004008
2022,11,ROU.11.84_1,0.039558392038460094,0.2715430861723447
2022,11,ROU.11.85_1,0.04428522928447327,0.4178356713426853
2022,11,ROU.11.8_1,0.044492018635618115,0.43186372745490986
2022,11,ROU.11.9_1,0.03809553972866255,0.2444889779559117
2022,11,ROU.12.10_1,0.043020329301303784,0.3607214428857715
2022,11,ROU.12.11_1,0.04339547952380598,0.374749498997996
2022,11,ROU.12.12_1,0.04196147183837498,0.32765531062124253
2022,11,ROU.12.13_1,0.0447626546537414,0.4569138276553107
2022,11,ROU.12.14_1,0.042569988804429526,0.345691382765531
2022,11,ROU.12.15_1,0.04470914250033557,0.4509018036072145
2022,11,ROU.12.16_1,0.04486505717667659,0.47194388777555096
2022,11,ROU.12.17_1,0.04351909805326036,0.37975951903807614
2022,11,ROU.12.18_1,0.04247379259847071,0.3426853707414829
2022,11,ROU.12.19_1,0.0426950500083672,0.34969939879759515
2022,11,ROU.12.1_1,0.04491770907488648,0.4849699398797595
2022,11,ROU.12.20_1,0.04055430722819484,0.2925851703406814
2022,11,ROU.12.21_1,0.04287584243190794,0.35571142284569135
2022,11,ROU.12.22_1,0.04315925856910719,0.3657314629258517
2022,11,ROU.12.23_1,0.04302032930130379,0.3607214428857715
2022,11,ROU.12.24_1,0.04469952395416003,0.44989979959919835
2022,11,ROU.12.25_1,0.042695050008367146,0.34969939879759515
2022,11,ROU.12.26_1,0.04281648019531074,0.3537074148296593
2022,11,ROU.12.27_1,0.04296320426965445,0.35871743486973945
2022,11,ROU.12.28_1,0.04203283438238951,0.3296593186372745
2022,11,ROU.12.29_1,0.04488482057860288,0.4759519038076152
2022,11,ROU.12.2_1,0.042632975073757365,0.3476953907815631
2022,11,ROU.12.30_1,0.04278646150937983,0.35270541082164336
2022,11,ROU.12.31_1,0.04361411311180181,0.3837675350701404
2022,11,ROU.12.32_1,0.0429051868296193,0.35671342685370727
2022,11,ROU.12.33_1,0.04361411311180181,0.3837675350701404
2022,11,ROU.12.34_1,0.04492037474870986,0.48597194388777554
2022,11,ROU.12.35_1,0.043239968784663234,0.3687374749498998
2022,11,ROU.12.36_1,0.04199727177257769,0.32865731462925857
2022,11,ROU.12.37_1,0.04240851177262512,0.34068136272545096
2022,11,ROU.12.38_1,0.04260159608363391,0.34669338677354705
2022,11,ROU.12.39_1,0.04275621720651015,0.35170340681362733
2022,11,ROU.12.3_1,0.0425381527750593,0.344689378757515
2022,11,ROU.12.40_1,0.04224125636959843,0.3356713426853708
2022,11,ROU.12.41_1,0.04139560672745639,0.31262525050100204
2022,11,ROU.12.42_1,0.04151315560969298,0.31563126252505014
2022,11,ROU.12.43_1,0.042569988804429505,0.345691382765531
2022,11,ROU.12.44_1,0.044754235306966046,0.45591182364729466
2022,11,ROU.12.45_1,0.044936957928073756,0.4999999999999999
2022,11,ROU.12.46_1,0.04159029593360393,0.3176352705410822
2022,11,ROU.12.47_1,0.04250608752984242,0.34368737474949895
2022,11,ROU.12.48_1,0.04490506984562685,0.48096192384769537
2022,11,ROU.12.49_1,0.04177889285897203,0.32264529058116226
2022,11,ROU.12.4_1,0.042601596083633904,0.34669338677354705
2022,11,ROU.12.50_1,0.04244126750596147,0.3416833667334669
2022,11,ROU.12.51_1,0.0425381527750593,0.344689378757515
2022,11,ROU.12.52_1,0.043076565145246916,0.3627254509018036
2022,11,ROU.12.53_1,0.04127583660913795,0.30961923847695383
2022,11,ROU.12.5_1,0.04366033446364164,0.38577154308617234
2022,11,ROU.12.6_1,0.04278646150937983,0.35270541082164336
2022,11,ROU.12.7_1,0.043266433224883695,0.3697394789579158
2022,11,ROU.12.8_1,0.04247379259847071,0.3426853707414829
2022,11,ROU.12.9_1,0.0423755249140211,0.3396793587174348
2022,11,ROU.13.10_1,0.03855140733844689,0.25250501002004005
2022,11,ROU.13.11_1,0.04014202089616858,0.2835671342685371
2022,11,ROU.13.12_1,0.04111265751199855,0.3056112224448897
2022,11,ROU.13.13_1,0.0368030407604271,0.22344689378757523
2022,11,ROU.13.14_1,0.04032790563471892,0.2875751503006012
2022,11,ROU.13.15_1,0.038211334990488774,0.246492985971944
2022,11,ROU.13.16_1,0.040554307228194794,0.2925851703406814
2022,11,ROU.13.17_1,0.03803717943351839,0.24348697394789579
2022,11,ROU.13.18_1,0.041395606727456395,0.31262525050100204
2022,11,ROU.13.19_1,0.03985512948058405,0.2775551102204409
2022,11,ROU.13.1_1,0.04023549635725001,0.28557114228456904
2022,11,ROU.13.20_1,0.040419255322054266,0.28957915831663317
2022,11,ROU.13.21_1,0.041961471838374995,0.32765531062124253
2022,11,ROU.13.22_1,0.04094545539146497,0.3016032064128257
2022,11,ROU.13.23_1,0.040730727156801684,0.2965931863727455
2022,11,ROU.13.24_1,0.03877212344211008,0.2565130260521042
2022,11,ROU.13.25_1,0.03774069986446019,0.23847695390781562
2022,11,ROU.13.26_1,0.04185264256153215,0.32464929859719444
2022,11,ROU.13.27_1,0.04068701086093326,0.29559118236472937
2022,11,ROU.13.28_1,0.04147421839250658,0.314629258517034
2022,11,ROU.13.29_1,0.04162850027039505,0.3186372745490981
2022,11,ROU.13.2_1,0.03718696410410587,0.22945891783567132
2022,11,ROU.13.30_1,0.038988126168548666,0.2605210420841683
2022,11,ROU.13.31_1,0.041551847917387225,0.31663326653306617
2022,11,ROU.13.32_1,0.04155184791738724,0.31663326653306617
2022,11,ROU.13.33_1,0.040327905634718976,0.2875751503006012
2022,11,ROU.13.34_1,0.04247379259847072,0.3426853707414829
2022,11,ROU.13.35_1,0.04237552491402109,0.3396793587174348
2022,11,ROU.13.36_1,0.039951844387004824,0.27955911823647295
2022,11,ROU.13.37_1,0.04206816021258255,0.33066132264529063
2022,11,ROU.13.38_1,0.042664126231331256,0.3486973947895791
2022,11,ROU.13.39_1,0.04004747252614872,0.2815631262525049
2022,11,ROU.13.3_1,0.04127583660913795,0.30961923847695383
2022,11,ROU.13.40_1,0.039251607817131676,0.2655310621242485
2022,11,ROU.13.41_1,0.04073072715680164,0.2965931863727455
2022,11,ROU.13.42_1,0.03838273329162207,0.24949899799599198
2022,11,ROU.13.43_1,0.041628500270395066,0.3186372745490981
2022,11,ROU.13.44_1,0.03843925906937497,0.250501002004008
2022,11,ROU.13.45_1,0.04310435061042199,0.3637274549098196
2022,11,ROU.13.46_1,0.04046453484455116,0.2905811623246492
2022,11,ROU.13.47_1,0.0393549984327461,0.26753507014028055
2022,11,ROU.13.48_1,0.04224125636959848,0.3356713426853708
2022,11,ROU.13.49_1,0.041666461533912916,0.31963927855711427
2022,11,ROU.13.4_1,0.040373712520131395,0.28857715430861725
2022,11,ROU.13.50_1,0.04094545539146496,0.3016032064128257
2022,11,ROU.13.51_1,0.04302032930130379,0.3607214428857715
2022,11,ROU.13.52_1,0.041815887774808755,0.3236472945891783
2022,11,ROU.13.53_1,0.03970800377560492,0.2745490981963928
2022,11,ROU.13.54_1,0.041112657511998565,0.3056112224448897
2022,11,ROU.13.55_1,0.04188915779103524,0.32565130260521036
2022,11,ROU.13.56_1,0.039608540399406575,0.2725450901803607
2022,11,ROU.13.57_1,0.04256998880442949,0.345691382765531
2022,11,ROU.13.58_1,0.04090302106854621,0.30060120240480964
2022,11,ROU.13.59_1,0.04127583660913796,0.30961923847695383
2022,11,ROU.13.5_1,0.03838273329162207,0.24949899799599198
2022,11,ROU.13.60_1,0.040945455391464984,0.3016032064128257
2022,11,ROU.13.61_1,0.04059880165840479,0.2935871743486973
2022,11,ROU.13.62_1,0.04234230644091953,0.3386773547094188
2022,11,ROU.13.63_1,0.041275836609137945,0.30961923847695383
2022,11,ROU.13.64_1,0.03940626880286667,0.2685370741482966
2022,11,ROU.13.65_1,0.041961471838375,0.32765531062124253
2022,11,ROU.13.66_1,0.04102956208028719,0.30360721442885763
2022,11,ROU.13.67_1,0.03893456348611332,0.2595190380761523
2022,11,ROU.13.68_1,0.03860703218473434,0.2535070140280561
2022,11,ROU.13.69_1,0.04203283438238948,0.3296593186372745
2022,11,ROU.13.6_1,0.043213285108427535,0.36773547094188375
2022,11,ROU.13.70_1,0.040047472526148715,0.2815631262525049
2022,11,ROU.13.71_1,0.038325904827475506,0.24849699398797595
2022,11,ROU.13.72_1,0.0394062688028667,0.2685370741482966
2022,11,ROU.13.73_1,0.04269505000836716,0.34969939879759515
2022,11,ROU.13.74_1,0.041778892858972023,0.32264529058116226
2022,11,ROU.13.75_1,0.043637330708411665,0.3847695390781563
2022,11,ROU.13.76_1,0.036135880523205356,0.2134268537074148
2022,11,ROU.13.77_1,0.04155184791738724,0.31663326653306617
2022,11,ROU.13.7_1,0.04185264256153215,0.32464929859719444
2022,11,ROU.13.8_1,0.04196147183837501,0.32765531062124253
2022,11,ROU.13.9_1,0.041925434029684606,0.3266533066132265
2022,11,ROU.14.10_1,0.03809553972866258,0.2444889779559117
2022,11,ROU.14.11_1,0.039406268802866684,0.2685370741482966
2022,11,ROU.14.12_1,0.03627210338175869,0.21543086172344697
2022,11,ROU.14.13_1,0.037860232540010655,0.24048096192384757
2022,11,ROU.14.14_1,0.03803717943351837,0.24348697394789579
2022,11,ROU.14.15_1,0.03578906391308235,0.20841683366733474
2022,11,ROU.14.16_1,0.038325904827475506,0.24849699398797595
2022,11,ROU.14.17_1,0.03914707730058031,0.2635270541082164
2022,11,ROU.14.18_1,0.035067794865110094,0.1983967935871743
2022,11,ROU.14.19_1,0.03809553972866259,0.2444889779559117
2022,11,ROU.14.1_1,0.03633968549762289,0.21643286573146278
2022,11,ROU.14.20_1,0.037680459105295064,0.23747494989979948
2022,11,ROU.14.21_1,0.03660652579932899,0.22044088176352702
2022,11,ROU.14.22_1,0.03898812616854867,0.2605210420841683
2022,11,ROU.14.23_1,0.03712380963457749,0.22845691382765518
2022,11,ROU.14.24_1,0.03680304076042709,0.22344689378757523
2022,11,ROU.14.25_1,0.036540335529758675,0.219438877755511
2022,11,ROU.14.26_1,0.035141621929538014,0.19939879759519044
2022,11,ROU.14.27_1,0.0392516078171317,0.2655310621242485
2022,11,ROU.14.28_1,0.03673787677395946,0.2224448897795591
2022,11,ROU.14.29_1,0.03914707730058033,0.2635270541082164
2022,11,ROU.14.2_1,0.0376199002542718,0.23647294589178355
2022,11,ROU.14.30_1,0.03755902193439966,0.23547094188376752
2022,11,ROU.14.31_1,0.03718696410410585,0.22945891783567132
2022,11,ROU.14.32_1,0.03706032411114864,0.22745490981963937
2022,11,ROU.14.33_1,0.03640691707804972,0.21743486973947893
2022,11,ROU.14.34_1,0.037436301303507676,0.23346693386773534
2022,11,ROU.14.35_1,0.03693235379410992,0.2254509018036072
2022,11,ROU.14.36_1,0.037123809634577384,0.22845691382765518
2022,11,ROU.14.37_1,0.036932353794110036,0.2254509018036072
2022,11,ROU.14.38_1,0.03724978902535129,0.23046092184368736
2022,11,ROU.14.39_1,0.040419255322054315,0.28957915831663317
2022,11,ROU.14.3_1,0.03797850899911907,0.24248496993987986
2022,11,ROU.14.40_1,0.036540335529758716,0.219438877755511
2022,11,ROU.14.41_1,0.038325904827475506,0.24849699398797595
2022,11,ROU.14.42_1,0.03693235379410998,0.2254509018036072
2022,11,ROU.14.43_1,0.03909438201518479,0.2625250501002004
2022,11,ROU.14.44_1,0.03724978902535131,0.23046092184368736
2022,11,ROU.14.45_1,0.036672372330655505,0.22144288577154306
2022,11,ROU.14.46_1,0.03809553972866258,0.2444889779559117
2022,11,ROU.14.47_1,0.038211334990488746,0.246492985971944
2022,11,ROU.14.48_1,0.03325863132969202,0.17535070140280565
2022,11,ROU.14.49_1,0.037249789025351296,0.23046092184368736
2022,11,ROU.14.4_1,0.0385514073384469,0.25250501002004005
2022,11,ROU.14.50_1,0.0340721371983879,0.18537074148296598
2022,11,ROU.14.51_1,0.034692832665765165,0.19338677354709424
2022,11,ROU.14.52_1,0.03768045910529507,0.23747494989979948
2022,11,ROU.14.53_1,0.03693235379411,0.2254509018036072
2022,11,ROU.14.54_1,0.03786023254001066,0.24048096192384757
2022,11,ROU.14.55_1,0.03693235379410997,0.2254509018036072
2022,11,ROU.14.56_1,0.037436301303507696,0.23346693386773534
2022,11,ROU.14.57_1,0.03724978902535124,0.23046092184368736
2022,11,ROU.14.58_1,0.03550504892848521,0.2044088176352705
2022,11,ROU.14.59_1,0.035718612720621705,0.2074148296593187
2022,11,ROU.14.5_1,0.036540335529758675,0.219438877755511
2022,11,ROU.14.60_1,0.03919948555669425,0.26452905811623245
2022,11,ROU.14.61_1,0.03550504892848518,0.2044088176352705
2022,11,ROU.14.62_1,0.03718696410410582,0.22945891783567132
2022,11,ROU.14.63_1,0.033090695905763724,0.17334669338677358
2022,11,ROU.14.64_1,0.03476860943902879,0.19438877755511016
2022,11,ROU.14.65_1,0.03640691707804973,0.21743486973947893
2022,11,ROU.14.66_1,0.03592887278629508,0.2104208416833667
2022,11,ROU.14.67_1,0.03627210338175869,0.21543086172344697
2022,11,ROU.14.68_1,0.03706032411114863,0.22745490981963937
2022,11,ROU.14.69_1,0.03737445616120218,0.23246492985971942
2022,11,ROU.14.6_1,0.03849548335707844,0.251503006012024
2022,11,ROU.14.70_1,0.03731228588703086,0.23146292585170328
2022,11,ROU.14.71_1,0.037186964104105824,0.22945891783567132
2022,11,ROU.14.72_1,0.03627210338175869,0.21543086172344697
2022,11,ROU.14.73_1,0.038382733291622034,0.24949899799599198
2022,11,ROU.14.74_1,0.043494806525408804,0.3787575150300601
2022,11,ROU.14.75_1,0.03761990025427184,0.23647294589178355
2022,11,ROU.14.76_1,0.03871738909574291,0.25551102204408815
2022,11,ROU.14.77_1,0.03737445616120217,0.23246492985971942
2022,11,ROU.14.78_1,0.032044412894186636,0.16132264529058118
2022,11,ROU.14.79_1,0.03882656321699924,0.2575150300601202
2022,11,ROU.14.7_1,0.03528812808980176,0.2014028056112225
2022,11,ROU.14.80_1,0.03620416898054941,0.21442885771543072
2022,11,ROU.14.8_1,0.03391285105217092,0.1833667334669339
2022,11,ROU.14.9_1,0.03768045910529507,0.23747494989979948
2022,11,ROU.15.10_1,0.044131064123760444,0.408817635270541
2022,11,ROU.15.11_1,0.044075950914153415,0.405811623246493
2022,11,ROU.15.12_1,0.042275172670101016,0.33667334669338683
2022,11,ROU.15.13_1,0.04363733070841162,0.3847695390781563
2022,11,ROU.15.14_1,0.04383670232431371,0.3937875751503006
2022,11,ROU.15.15_1,0.04428522928447327,0.4178356713426853
2022,11,ROU.15.16_1,0.044822835762590656,0.46492985971943884
2022,11,ROU.15.17_1,0.04475423530696603,0.45591182364729466
2022,11,ROU.15.18_1,0.04381539853847536,0.3927855711422847
2022,11,ROU.15.19_1,0.04473679772143643,0.5440881763527055
2022,11,ROU.15.1_1,0.04459230332601593,0.439879759519038
2022,11,ROU.15.20_1,0.04281648019531075,0.3537074148296593
2022,11,ROU.15.21_1,0.04451830354100684,0.43386773547094193
2022,11,ROU.15.22_1,0.04299187813369369,0.3597194388777555
2022,11,ROU.15.23_1,0.04275621720651016,0.35170340681362733
2022,11,ROU.15.24_1,0.04299187813369372,0.3597194388777555
2022,11,ROU.15.25_1,0.04177889285897203,0.32264529058116226
2022,11,ROU.15.26_1,0.04315925856910721,0.3657314629258517
2022,11,ROU.15.27_1,0.04224125636959844,0.3356713426853708
2022,11,ROU.15.28_1,0.04489351396566118,0.5200400801603208
2022,11,ROU.15.29_1,0.04307656514524692,0.3627254509018036
2022,11,ROU.15.2_1,0.04313191495691153,0.36472945891783565
2022,11,ROU.15.30_1,0.04489351396566118,0.4779559118236474
2022,11,ROU.15.31_1,0.04464842482901877,0.4448897795591182
2022,11,ROU.15.32_1,0.04313191495691153,0.36472945891783565
2022,11,ROU.15.33_1,0.04447857202970619,0.4308617234468937
2022,11,ROU.15.34_1,0.044626579844275684,0.4428857715430861
2022,11,ROU.15.35_1,0.044648424829018776,0.5531062124248497
2022,11,ROU.15.36_1,0.04450526241781755,0.4328657314629258
2022,11,ROU.15.37_1,0.04366033446364165,0.38577154308617234
2022,11,ROU.15.38_1,0.0434948065254088,0.3787575150300601
2022,11,ROU.15.39_1,0.04256998880442951,0.345691382765531
2022,11,ROU.15.3_1,0.04475423530696606,0.5420841683366734
2022,11,ROU.15.40_1,0.043494806525408804,0.3787575150300601
2022,11,ROU.15.41_1,0.044727779270149044,0.45290581162324656
2022,11,ROU.15.42_1,0.0432926787939761,0.37074148296593185
2022,11,ROU.15.43_1,0.044914845783276446,0.48396793587174347
2022,11,ROU.15.44_1,0.043131914956911536,0.36472945891783565
2022,11,ROU.15.45_1,0.04296320426965445,0.35871743486973945
2022,11,ROU.15.46_1,0.044235697299627175,0.4148296593186372
2022,11,ROU.15.47_1,0.04313191495691152,0.36472945891783565
2022,11,ROU.15.48_1,0.044754235306966046,0.5420841683366734
2022,11,ROU.15.49_1,0.04278646150937983,0.35270541082164336
2022,11,ROU.15.4_1,0.044201646091225594,0.4128256513026051
2022,11,ROU.15.50_1,0.04485962085131091,0.5270541082164328
2022,11,ROU.15.51_1,0.04313191495691154,0.36472945891783565
2022,11,ROU.15.52_1,0.04293430730455367,0.3577154308617234
2022,11,ROU.15.53_1,0.04206816021258256,0.33066132264529063
2022,11,ROU.15.54_1,0.04307656514524694,0.3627254509018036
2022,11,ROU.15.55_1,0.044754235306966074,0.5420841683366734
2022,11,ROU.15.56_1,0.044556212563180174,0.4368737474949899
2022,11,ROU.15.58_1,0.04397993046231187,0.40080160320641284
2022,11,ROU.15.59_1,0.04337010586627802,0.37374749498997994
2022,11,ROU.15.5_1,0.04315925856910723,0.3657314629258517
2022,11,ROU.15.6_1,0.04381539853847534,0.3927855711422847
2022,11,ROU.15.7_1,0.04275621720651017,0.35170340681362733
2022,11,ROU.15.8_1,0.044937056620789985,0.49899799599198397
2022,11,ROU.15.9_1,0.04493547751364312,0.503006012024048
2022,11,ROU.15_1,0.043266433224883695,0.3697394789579158
2022,11,ROU.16.10_1,0.03592887278629507,0.2104208416833667
2022,11,ROU.16.11_1,0.043470299241822795,0.3777555110220441
2022,11,ROU.16.12_1,0.037312285887030866,0.23146292585170328
2022,11,ROU.16.13_1,0.04284627369426694,0.3547094188376753
2022,11,ROU.16.14_1,0.036540335529758654,0.219438877755511
2022,11,ROU.16.15_1,0.035789063913082335,0.20841683366733474
2022,11,ROU.16.16_1,0.03718696410410584,0.22945891783567132
2022,11,ROU.16.17_1,0.03686786590249005,0.22444889779559116
2022,11,ROU.16.18_1,0.0385514073384469,0.25250501002004005
2022,11,ROU.16.19_1,0.03849548335707844,0.251503006012024
2022,11,ROU.16.1_1,0.03838273329162206,0.24949899799599198
2022,11,ROU.16.20_1,0.03866235905489498,0.2545090180360721
2022,11,ROU.16.21_1,0.038439259069374974,0.250501002004008
2022,11,ROU.16.22_1,0.03743630130350765,0.23346693386773534
2022,11,ROU.16.23_1,0.037619900254271844,0.23647294589178355
2022,11,ROU.16.24_1,0.037060324111148714,0.22745490981963937
2022,11,ROU.16.25_1,0.03660652579932899,0.22044088176352702
2022,11,ROU.16.26_1,0.03815359116029788,0.24549098196392785
2022,11,ROU.16.27_1,0.03706032411114869,0.22745490981963937
2022,11,ROU.16.28_1,0.03849548335707844,0.251503006012024
2022,11,ROU.16.29_1,0.03797850899911901,0.24248496993987986
2022,11,ROU.16.2_1,0.038662359054895,0.2545090180360721
2022,11,ROU.16.30_1,0.037860232540010655,0.24048096192384757
2022,11,ROU.16.31_1,0.03592887278629506,0.2104208416833667
2022,11,ROU.16.32_1,0.04337010586627802,0.37374749498997994
2022,11,ROU.16.33_1,0.0376199002542718,0.23647294589178355
2022,11,ROU.16.34_1,0.038211334990488774,0.246492985971944
2022,11,ROU.16.35_1,0.03761990025427183,0.23647294589178355
2022,11,ROU.16.36_1,0.03815359116029787,0.24549098196392785
2022,11,ROU.16.37_1,0.037497822753405186,0.2344689378757515
2022,11,ROU.16.38_1,0.03774069986446012,0.23847695390781562
2022,11,ROU.16.3_1,0.03693235379411004,0.2254509018036072
2022,11,ROU.16.4_1,0.03797850899911904,0.24248496993987986
2022,11,ROU.16.5_1,0.038439259069374974,0.250501002004008
2022,11,ROU.16.6_1,0.037436301303507634,0.23346693386773534
2022,11,ROU.16.7_1,0.03965841066409449,0.27354709418837675
2022,11,ROU.16.8_1,0.03680304076042709,0.22344689378757523
2022,11,ROU.16.9_1,0.04310435061042201,0.3637274549098196
2022,11,ROU.17.10_1,0.03786023254001064,0.24048096192384757
2022,11,ROU.17.11_1,0.03866235905489501,0.2545090180360721
2022,11,ROU.17.12_1,0.041316007856699664,0.31062124248497
2022,11,ROU.17.13_1,0.039041398656213214,0.26152304609218435
2022,11,ROU.17.14_1,0.04102956208028718,0.30360721442885763
2022,11,ROU.17.15_1,0.0408603318090667,0.2995991983967936
2022,11,ROU.17.16_1,0.04139560672745635,0.31262525050100204
2022,11,ROU.17.17_1,0.0407741855857474,0.29759519038076154
2022,11,ROU.17.18_1,0.040945455391465,0.3016032064128257
2022,11,ROU.17.19_1,0.04041925532205425,0.28957915831663317
2022,11,ROU.17.1_1,0.03877212344211006,0.2565130260521042
2022,11,ROU.17.20_1,0.04147421839250663,0.314629258517034
2022,11,ROU.17.21_1,0.04185264256153232,0.32464929859719444
2022,11,ROU.17.22_1,0.04240851177262513,0.34068136272545096
2022,11,ROU.17.23_1,0.0407741855857474,0.29759519038076154
2022,11,ROU.17.24_1,0.040817386891126684,0.2985971943887776
2022,11,ROU.17.25_1,0.03803717943351837,0.24348697394789579
2022,11,ROU.17.26_1,0.04055430722819476,0.2925851703406814
2022,11,ROU.17.27_1,0.040554307228194794,0.2925851703406814
2022,11,ROU.17.28_1,0.040464534844551175,0.2905811623246492
2022,11,ROU.17.29_1,0.04086033180906673,0.2995991983967936
2022,11,ROU.17.2_1,0.04102956208028718,0.30360721442885763
2022,11,ROU.17.30_1,0.042207106448940906,0.33466933867735477
2022,11,ROU.17.31_1,0.04155184791738723,0.31663326653306617
2022,11,ROU.17.32_1,0.03866235905489503,0.2545090180360721
2022,11,ROU.17.33_1,0.03995184438700479,0.27955911823647295
2022,11,ROU.17.34_1,0.03935499843274611,0.26753507014028055
2022,11,ROU.17.35_1,0.041395606727456374,0.31262525050100204
2022,11,ROU.17.36_1,0.04050955188380274,0.29158316633266523
2022,11,ROU.17.37_1,0.04170418032446187,0.3206412825651303
2022,11,ROU.17.38_1,0.04098763549272166,0.3026052104208417
2022,11,ROU.17.39_1,0.04028183385378819,0.2865731462925852
2022,11,ROU.17.3_1,0.04050955188380273,0.29158316633266523
2022,11,ROU.17.40_1,0.039708003775604905,0.2745490981963928
2022,11,ROU.17.41_1,0.03999979386183115,0.280561122244489
2022,11,ROU.17.42_1,0.041704180324461736,0.3206412825651303
2022,11,ROU.17.43_1,0.03919948555669423,0.26452905811623245
2022,11,ROU.17.44_1,0.040188892316868646,0.2845691382765531
2022,11,ROU.17.45_1,0.04199727177257768,0.32865731462925857
2022,11,ROU.17.46_1,0.040327905634718955,0.2875751503006012
2022,11,ROU.17.47_1,0.036473799852391554,0.21843687374749496
2022,11,ROU.17.48_1,0.04018889231686863,0.2845691382765531
2022,11,ROU.17.49_1,0.041029562080287206,0.30360721442885763
2022,11,ROU.17.4_1,0.04123541661552885,0.3086172344689379
2022,11,ROU.17.50_1,0.04064303594748161,0.29458917835671344
2022,11,ROU.17.51_1,0.03960854039940659,0.2725450901803607
2022,11,ROU.17.52_1,0.03955839203846019,0.2715430861723447
2022,11,ROU.17.53_1,0.04159029593360394,0.3176352705410822
2022,11,ROU.17.54_1,0.040817386891126635,0.2985971943887776
2022,11,ROU.17.55_1,0.037497822753405144,0.2344689378757515
2022,11,ROU.17.56_1,0.04234230644091953,0.3386773547094188
2022,11,ROU.17.57_1,0.041355931013238895,0.3116232464929859
2022,11,ROU.17.58_1,0.04170418032446182,0.3206412825651303
2022,11,ROU.17.59_1,0.03699650601105097,0.22645290581162333
2022,11,ROU.17.5_1,0.03999979386183108,0.280561122244489
2022,11,ROU.17.60_1,0.040373712520131416,0.28857715430861725
2022,11,ROU.17.61_1,0.040774185585747386,0.29759519038076154
2022,11,ROU.17.62_1,0.03975732066755469,0.2755511022044088
2022,11,ROU.17.63_1,0.03599823425056959,0.21142284569138262
2022,11,ROU.17.64_1,0.04059880165840476,0.2935871743486973
2022,11,ROU.17.65_1,0.04470914250033557,0.4509018036072145
2022,11,ROU.17.66_1,0.04014202089616865,0.2835671342685371
2022,11,ROU.17.67_1,0.04081738689112667,0.2985971943887776
2022,11,ROU.17.68_1,0.04318638182744442,0.3667334669338677
2022,11,ROU.17.69_1,0.03970800377560489,0.2745490981963928
2022,11,ROU.17.6_1,0.04086033180906673,0.2995991983967936
2022,11,ROU.17.70_1,0.041029562080287164,0.30360721442885763
2022,11,ROU.17.71_1,0.04166646153391289,0.31963927855711427
2022,11,ROU.17.72_1,0.04217272239431734,0.3336673346693386
2022,11,ROU.17.73_1,0.04073072715680164,0.2965931863727455
2022,11,ROU.17.74_1,0.04009488125034134,0.28256513026052105
2022,11,ROU.17.75_1,0.040281833853788196,0.2865731462925852
2022,11,ROU.17.76_1,0.041628500270395094,0.3186372745490981
2022,11,ROU.17.77_1,0.04023549635725001,0.28557114228456904
2022,11,ROU.17.78_1,0.03945725720745003,0.2695390781563126
2022,11,ROU.17.79_1,0.04188915779103527,0.32565130260521036
2022,11,ROU.17.7_1,0.04009488125034135,0.28256513026052105
2022,11,ROU.17.80_1,0.041275836609137945,0.30961923847695383
2022,11,ROU.17.81_1,0.03935499843274611,0.26753507014028055
2022,11,ROU.17.82_1,0.03945725720745002,0.2695390781563126
2022,11,ROU.17.8_1,0.0422071064489409,0.33466933867735477
2022,11,ROU.17.9_1,0.04203283438238944,0.3296593186372745
2022,11,ROU.18.10_1,0.042632975073757344,0.3476953907815631
2022,11,ROU.18.11_1,0.042068160212582556,0.33066132264529063
2022,11,ROU.18.12_1,0.041815887774808755,0.3236472945891783
2022,11,ROU.18.13_1,0.04213810368687149,0.3326653306613226
2022,11,ROU.18.14_1,0.041395606727456354,0.31262525050100204
2022,11,ROU.18.15_1,0.042172722394317165,0.3336673346693386
2022,11,ROU.18.16_1,0.04220710644894092,0.33466933867735477
2022,11,ROU.18.17_1,0.042138103686871466,0.3326653306613226
2022,11,ROU.18.18_1,0.04139560672745638,0.31262525050100204
2022,11,ROU.18.19_1,0.04263297507375736,0.3476953907815631
2022,11,ROU.18.1_1,0.04247379259847072,0.3426853707414829
2022,11,ROU.18.20_1,0.041961471838375,0.32765531062124253
2022,11,ROU.18.21_1,0.04192543402968462,0.3266533066132265
2022,11,ROU.18.22_1,0.044762654653741386,0.4569138276553107
2022,11,ROU.18.23_1,0.041815887774808755,0.3236472945891783
2022,11,ROU.18.24_1,0.041815887774808755,0.3236472945891783
2022,11,ROU.18.25_1,0.041741657236555936,0.32164328657314634
2022,11,ROU.18.26_1,0.042408511772625106,0.34068136272545096
2022,11,ROU.18.27_1,0.04068701086093324,0.29559118236472937
2022,11,ROU.18.28_1,0.04278646150937983,0.35270541082164336
2022,11,ROU.18.29_1,0.04210324980265415,0.33166332665330667
2022,11,ROU.18.2_1,0.04135593101323888,0.3116232464929859
2022,11,ROU.18.30_1,0.042963204269654436,0.35871743486973945
2022,11,ROU.18.31_1,0.0410712358552715,0.3046092184368738
2022,11,ROU.18.32_1,0.04155184791738723,0.31663326653306617
2022,11,ROU.18.33_1,0.04334451475927329,0.3727454909819639
2022,11,ROU.18.34_1,0.04240851177262513,0.34068136272545096
2022,11,ROU.18.35_1,0.041852642561532274,0.32464929859719444
2022,11,ROU.18.36_1,0.04240851177262511,0.34068136272545096
2022,11,ROU.18.37_1,0.042991878133693665,0.3597194388777555
2022,11,ROU.18.38_1,0.041112657511998565,0.3056112224448897
2022,11,ROU.18.39_1,0.04206816021258255,0.33066132264529063
2022,11,ROU.18.3_1,0.04290518682961931,0.35671342685370727
2022,11,ROU.18.40_1,0.04199727177257767,0.32865731462925857
2022,11,ROU.18.41_1,0.04155184791738723,0.31663326653306617
2022,11,ROU.18.42_1,0.042068160212582584,0.33066132264529063
2022,11,ROU.18.43_1,0.04483589168121679,0.4669338677354709
2022,11,ROU.18.44_1,0.04196147183837503,0.32765531062124253
2022,11,ROU.18.45_1,0.04192543402968461,0.3266533066132265
2022,11,ROU.18.46_1,0.04227517267010105,0.33667334669338683
2022,11,ROU.18.47_1,0.0448539862083551,0.469939879759519
2022,11,ROU.18.48_1,0.042207106448940886,0.33466933867735477
2022,11,ROU.18.49_1,0.041355931013238874,0.3116232464929859
2022,11,ROU.18.4_1,0.042103249802654175,0.33166332665330667
2022,11,ROU.18.50_1,0.04177889285897203,0.32264529058116226
2022,11,ROU.18.51_1,0.04206816021258256,0.33066132264529063
2022,11,ROU.18.52_1,0.04151315560969293,0.31563126252505014
2022,11,ROU.18.53_1,0.0420328343823895,0.3296593186372745
2022,11,ROU.18.54_1,0.04220710644894091,0.33466933867735477
2022,11,ROU.18.55_1,0.04469952395416001,0.44989979959919835
2022,11,ROU.18.56_1,0.04188915779103527,0.32565130260521036
2022,11,ROU.18.57_1,0.04155184791738723,0.31663326653306617
2022,11,ROU.18.58_1,0.044880176891459754,0.4749498997995992
2022,11,ROU.18.59_1,0.04119474721446172,0.30761523046092176
2022,11,ROU.18.5_1,0.04090302106854619,0.30060120240480964
2022,11,ROU.18.60_1,0.04159029593360393,0.3176352705410822
2022,11,ROU.18.61_1,0.041741657236555915,0.32164328657314634
2022,11,ROU.18.62_1,0.04147421839250667,0.314629258517034
2022,11,ROU.18.63_1,0.042875842431907486,0.35571142284569135
2022,11,ROU.18.64_1,0.042905186829619295,0.35671342685370727
2022,11,ROU.18.65_1,0.04217272239431716,0.3336673346693386
2022,11,ROU.18.66_1,0.04480176095332344,0.46192384769539085
2022,11,ROU.18.67_1,0.04296320426965439,0.35871743486973945
2022,11,ROU.18.68_1,0.04151315560969296,0.31563126252505014
2022,11,ROU.18.69_1,0.04162850027039509,0.3186372745490981
2022,11,ROU.18.6_1,0.04131600785669966,0.31062124248497
2022,11,ROU.18.70_1,0.04188915779103525,0.32565130260521036
2022,11,ROU.18.71_1,0.042569988804429505,0.345691382765531
2022,11,ROU.18.72_1,0.042138103686871486,0.3326653306613226
2022,11,ROU.18.73_1,0.0432926787939761,0.37074148296593185
2022,11,ROU.18.74_1,0.0422071064489409,0.33466933867735477
2022,11,ROU.18.75_1,0.041355931013238874,0.3116232464929859
2022,11,ROU.18.76_1,0.041997271772577664,0.32865731462925857
2022,11,ROU.18.77_1,0.04287584243190796,0.35571142284569135
2022,11,ROU.18.78_1,0.04166646153391291,0.31963927855711427
2022,11,ROU.18.79_1,0.04278646150937983,0.35270541082164336
2022,11,ROU.18.7_1,0.042816480195310744,0.3537074148296593
2022,11,ROU.18.80_1,0.04188915779103526,0.32565130260521036
2022,11,ROU.18.81_1,0.04181588777480876,0.3236472945891783
2022,11,ROU.18.82_1,0.044603930222723756,0.44088176352705405
2022,11,ROU.18.83_1,0.040643035947481615,0.29458917835671344
2022,11,ROU.18.84_1,0.04147421839250664,0.314629258517034
2022,11,ROU.18.85_1,0.04253815277505932,0.344689378757515
2022,11,ROU.18.86_1,0.0449345892436648,0.4939879759519038
2022,11,ROU.18.87_1,0.04177889285897204,0.32264529058116226
2022,11,ROU.18.88_1,0.0426950500083672,0.34969939879759515
2022,11,ROU.18.89_1,0.04210324980265417,0.33166332665330667
2022,11,ROU.18.8_1,0.04127583660913795,0.30961923847695383
2022,11,ROU.18.90_1,0.041474218392506625,0.314629258517034
2022,11,ROU.18.91_1,0.042308855859258136,0.33767535070140275
2022,11,ROU.18.92_1,0.041395606727456354,0.31262525050100204
2022,11,ROU.18.93_1,0.04490852620664263,0.4819639278557114
2022,11,ROU.18.94_1,0.04281648019531074,0.3537074148296593
2022,11,ROU.18.95_1,0.042695050008367166,0.34969939879759515
2022,11,ROU.18.96_1,0.042569988804429526,0.345691382765531
2022,11,ROU.18.97_1,0.04143503564179725,0.31362725450901807
2022,11,ROU.18.98_1,0.04210324980265413,0.33166332665330667
2022,11,ROU.18.99_1,0.04166646153391286,0.31963927855711427
2022,11,ROU.18.9_1,0.04491770907488649,0.4849699398797595
2022,11,ROU.19.10_1,0.039558392038460115,0.2715430861723447
2022,11,ROU.19.11_1,0.03990362322256438,0.2785571142284569
2022,11,ROU.19.12_1,0.03955839203846009,0.2715430861723447
2022,11,ROU.19.13_1,0.04123541661552885,0.3086172344689379
2022,11,ROU.19.14_1,0.04041925532205433,0.28957915831663317
2022,11,ROU.19.15_1,0.04041925532205434,0.28957915831663317
2022,11,ROU.19.16_1,0.04425241372600008,0.41583166332665333
2022,11,ROU.19.17_1,0.03995184438700484,0.27955911823647295
2022,11,ROU.19.18_1,0.0397573206675547,0.2755511022044088
2022,11,ROU.19.19_1,0.04059880165840477,0.2935871743486973
2022,11,ROU.19.1_1,0.04050955188380272,0.29158316633266523
2022,11,ROU.19.20_1,0.03909438201518483,0.2625250501002004
2022,11,ROU.19.21_1,0.0383827332916221,0.24949899799599198
2022,11,ROU.19.22_1,0.0417041803244618,0.3206412825651303
2022,11,ROU.19.23_1,0.040817386891126704,0.2985971943887776
2022,11,ROU.19.24_1,0.04018889231686864,0.2845691382765531
2022,11,ROU.19.25_1,0.04275621720651016,0.35170340681362733
2022,11,ROU.19.26_1,0.03999979386183116,0.280561122244489
2022,11,ROU.19.27_1,0.039457257207450025,0.2695390781563126
2022,11,ROU.19.28_1,0.0397573206675547,0.2755511022044088
2022,11,ROU.19.29_1,0.041474218392506694,0.314629258517034
2022,11,ROU.19.2_1,0.03985512948058408,0.2775551102204409
2022,11,ROU.19.30_1,0.03960854039940659,0.2725450901803607
2022,11,ROU.19.31_1,0.03975732066755469,0.2755511022044088
2022,11,ROU.19.32_1,0.039855129480584076,0.2775551102204409
2022,11,ROU.19.33_1,0.040327905634718955,0.2875751503006012
2022,11,ROU.19.34_1,0.04055430722819484,0.2925851703406814
2022,11,ROU.19.35_1,0.03965841066409451,0.27354709418837675
2022,11,ROU.19.36_1,0.04123541661552885,0.3086172344689379
2022,11,ROU.19.37_1,0.03945725720745003,0.2695390781563126
2022,11,ROU.19.38_1,0.04123541661552887,0.3086172344689379
2022,11,ROU.19.39_1,0.040987635492721705,0.3026052104208417
2022,11,ROU.19.3_1,0.0408173868911267,0.2985971943887776
2022,11,ROU.19.40_1,0.041666461533912916,0.31963927855711427
2022,11,ROU.19.41_1,0.04068701086093324,0.29559118236472937
2022,11,ROU.19.42_1,0.04032790563471896,0.2875751503006012
2022,11,ROU.19.43_1,0.04094545539146495,0.3016032064128257
2022,11,ROU.19.44_1,0.04446492243267687,0.4298597194388778
2022,11,ROU.19.45_1,0.04188915779103524,0.32565130260521036
2022,11,ROU.19.46_1,0.041628500270395094,0.3186372745490981
2022,11,ROU.19.47_1,0.03940626880286667,0.2685370741482966
2022,11,ROU.19.48_1,0.0397573206675547,0.2755511022044088
2022,11,ROU.19.49_1,0.04086033180906674,0.2995991983967936
2022,11,ROU.19.4_1,0.04046453484455117,0.2905811623246492
2022,11,ROU.19.50_1,0.04018889231686863,0.2845691382765531
2022,11,ROU.19.51_1,0.042032834382389486,0.3296593186372745
2022,11,ROU.19.52_1,0.040142020896168626,0.2835671342685371
2022,11,ROU.19.53_1,0.04028183385378819,0.2865731462925852
2022,11,ROU.19.54_1,0.04037371252013142,0.28857715430861725
2022,11,ROU.19.55_1,0.04028183385378819,0.2865731462925852
2022,11,ROU.19.56_1,0.03940626880286669,0.2685370741482966
2022,11,ROU.19.57_1,0.04247379259847073,0.3426853707414829
2022,11,ROU.19.58_1,0.0396584106640945,0.27354709418837675
2022,11,ROU.19.59_1,0.040643035947481615,0.29458917835671344
2022,11,ROU.19.5_1,0.04032790563471896,0.2875751503006012
2022,11,ROU.19.6_1,0.03909438201518482,0.2625250501002004
2022,11,ROU.19.7_1,0.040774185585747386,0.29759519038076154
2022,11,ROU.19.8_1,0.03950796462859236,0.27054108216432865
2022,11,ROU.19.9_1,0.04192543402968462,0.3266533066132265
2022,11,ROU.2.10_1,0.04240851177262512,0.34068136272545096
2022,11,ROU.2.11_1,0.04068701086093326,0.29559118236472937
2022,11,ROU.2.12_1,0.04151315560969293,0.31563126252505014
2022,11,ROU.2.13_1,0.040987635492721705,0.3026052104208417
2022,11,ROU.2.14_1,0.0426950500083672,0.34969939879759515
2022,11,ROU.2.15_1,0.04018889231686863,0.2845691382765531
2022,11,ROU.2.16_1,0.04299187813369366,0.3597194388777555
2022,11,ROU.2.17_1,0.0425381527750593,0.344689378757515
2022,11,ROU.2.18_1,0.04081738689112669,0.2985971943887776
2022,11,ROU.2.19_1,0.04181588777480877,0.3236472945891783
2022,11,ROU.2.1_1,0.03999979386183111,0.280561122244489
2022,11,ROU.2.20_1,0.04493458924366482,0.4939879759519038
2022,11,ROU.2.21_1,0.04086033180906674,0.2995991983967936
2022,11,ROU.2.22_1,0.04143503564179729,0.31362725450901807
2022,11,ROU.2.23_1,0.04234230644091953,0.3386773547094188
2022,11,ROU.2.24_1,0.04247379259847072,0.3426853707414829
2022,11,ROU.2.25_1,0.04185264256153217,0.32464929859719444
2022,11,ROU.2.26_1,0.04217272239431716,0.3336673346693386
2022,11,ROU.2.27_1,0.04490852620664258,0.5160320641282565
2022,11,ROU.2.28_1,0.04028183385378819,0.2865731462925852
2022,11,ROU.2.29_1,0.03995184438700479,0.27955911823647295
2022,11,ROU.2.2_1,0.04188915779103524,0.32565130260521036
2022,11,ROU.2.30_1,0.03940626880286667,0.2685370741482966
2022,11,ROU.2.31_1,0.04111265751199855,0.3056112224448897
2022,11,ROU.2.32_1,0.04073072715680167,0.2965931863727455
2022,11,ROU.2.33_1,0.04188915779103526,0.32565130260521036
2022,11,ROU.2.34_1,0.044905069845626845,0.48096192384769537
2022,11,ROU.2.35_1,0.04139560672745633,0.31262525050100204
2022,11,ROU.2.36_1,0.044889266252148084,0.47695390781563113
2022,11,ROU.2.37_1,0.0432926787939761,0.37074148296593185
2022,11,ROU.2.38_1,0.04247379259847072,0.3426853707414829
2022,11,ROU.2.39_1,0.04234230644091953,0.3386773547094188
2022,11,ROU.2.3_1,0.04224125636959845,0.3356713426853708
2022,11,ROU.2.40_1,0.04339547952380593,0.374749498997996
2022,11,ROU.2.41_1,0.04491770907488648,0.4849699398797595
2022,11,ROU.2.42_1,0.04266412623133125,0.3486973947895791
2022,11,ROU.2.43_1,0.04135593101323889,0.3116232464929859
2022,11,ROU.2.44_1,0.04166646153391289,0.31963927855711427
2022,11,ROU.2.45_1,0.04489351396566118,0.4779559118236474
2022,11,ROU.2.46_1,0.04098763549272168,0.3026052104208417
2022,11,ROU.2.47_1,0.04307656514524692,0.3627254509018036
2022,11,ROU.2.48_1,0.04081738689112669,0.2985971943887776
2022,11,ROU.2.49_1,0.04493350355864271,0.49298597194388777
2022,11,ROU.2.4_1,0.04055430722819482,0.2925851703406814
2022,11,ROU.2.50_1,0.0448089847916747,0.4629258517034068
2022,11,ROU.2.51_1,0.04310435061042197,0.3637274549098196
2022,11,ROU.2.52_1,0.04192543402968462,0.3266533066132265
2022,11,ROU.2.53_1,0.04188915779103525,0.32565130260521036
2022,11,ROU.2.54_1,0.04411290074769578,0.40781563126252507
2022,11,ROU.2.55_1,0.044880176891459754,0.4749498997995992
2022,11,ROU.2.56_1,0.042664126231331256,0.3486973947895791
2022,11,ROU.2.57_1,0.04266412623133125,0.3486973947895791
2022,11,ROU.2.58_1,0.04281648019531074,0.3537074148296593
2022,11,ROU.2.59_1,0.04210324980265414,0.33166332665330667
2022,11,ROU.2.5_1,0.04240851177262511,0.34068136272545096
2022,11,ROU.2.60_1,0.04315925856910719,0.3657314629258517
2022,11,ROU.2.61_1,0.04250608752984241,0.34368737474949895
2022,11,ROU.2.62_1,0.042632975073757344,0.3476953907815631
2022,11,ROU.2.63_1,0.041704180324461826,0.3206412825651303
2022,11,ROU.2.64_1,0.04196147183837499,0.32765531062124253
2022,11,ROU.2.65_1,0.04476265465374141,0.4569138276553107
2022,11,ROU.2.66_1,0.04159029593360392,0.3176352705410822
2022,11,ROU.2.67_1,0.042308855859258136,0.33767535070140275
2022,11,ROU.2.68_1,0.04199727177257768,0.32865731462925857
2022,11,ROU.2.69_1,0.039199485556694266,0.26452905811623245
2022,11,ROU.2.6_1,0.041112657511998545,0.3056112224448897
2022,11,ROU.2.70_1,0.04489351396566118,0.4779559118236474
2022,11,ROU.2.71_1,0.04275621720651016,0.35170340681362733
2022,11,ROU.2.72_1,0.04217272239431716,0.3336673346693386
2022,11,ROU.2.73_1,0.04272574685239877,0.3507014028056112
2022,11,ROU.2.74_1,0.043567035149753075,0.3817635270541082
2022,11,ROU.2.75_1,0.043470299241822656,0.3777555110220441
2022,11,ROU.2.7_1,0.042241256369598475,0.3356713426853708
2022,11,ROU.2.8_1,0.04139560672745637,0.31262525050100204
2022,11,ROU.2.9_1,0.041852642561532157,0.32464929859719444
2022,11,ROU.20.10_1,0.04331870585301196,0.3717434869739479
2022,11,ROU.20.11_1,0.04224125636959847,0.3356713426853708
2022,11,ROU.20.12_1,0.04174165723655592,0.32164328657314634
2022,11,ROU.20.13_1,0.043186381827444414,0.3667334669338677
2022,11,ROU.20.14_1,0.042695050008367146,0.34969939879759515
2022,11,ROU.20.15_1,0.0431319149569115,0.36472945891783565
2022,11,ROU.20.16_1,0.04119474721446173,0.30761523046092176
2022,11,ROU.20.17_1,0.04293430730455366,0.3577154308617234
2022,11,ROU.20.18_1,0.042601596083633904,0.34669338677354705
2022,11,ROU.20.19_1,0.04155184791738723,0.31663326653306617
2022,11,ROU.20.1_1,0.042138103686871466,0.3326653306613226
2022,11,ROU.20.20_1,0.044822835762590676,0.46492985971943884
2022,11,ROU.20.21_1,0.042664126231331256,0.3486973947895791
2022,11,ROU.20.22_1,0.04307656514524692,0.3627254509018036
2022,11,ROU.20.23_1,0.042473792598470735,0.3426853707414829
2022,11,ROU.20.24_1,0.04272574685239876,0.3507014028056112
2022,11,ROU.20.25_1,0.042207106448940906,0.33466933867735477
2022,11,ROU.20.26_1,0.042207106448940906,0.33466933867735477
2022,11,ROU.20.27_1,0.04206816021258255,0.33066132264529063
2022,11,ROU.20.28_1,0.041235416615528854,0.3086172344689379
2022,11,ROU.20.29_1,0.04230885585925813,0.33767535070140275
2022,11,ROU.20.2_1,0.042725746852398785,0.3507014028056112
2022,11,ROU.20.30_1,0.04185264256153215,0.32464929859719444
2022,11,ROU.20.31_1,0.04224125636959844,0.3356713426853708
2022,11,ROU.20.32_1,0.043395479523805965,0.374749498997996
2022,11,ROU.20.33_1,0.04263297507375736,0.3476953907815631
2022,11,ROU.20.34_1,0.043131914956911516,0.36472945891783565
2022,11,ROU.20.35_1,0.04263297507375735,0.3476953907815631
2022,11,ROU.20.36_1,0.04492906187114099,0.48997995991983967
2022,11,ROU.20.37_1,0.04339547952380597,0.374749498997996
2022,11,ROU.20.38_1,0.04155184791738723,0.31663326653306617
2022,11,ROU.20.39_1,0.042241256369598405,0.3356713426853708
2022,11,ROU.20.3_1,0.04256998880442952,0.345691382765531
2022,11,ROU.20.40_1,0.04234230644091953,0.3386773547094188
2022,11,ROU.20.41_1,0.043104350610422,0.3637274549098196
2022,11,ROU.20.42_1,0.04361411311180174,0.3837675350701404
2022,11,ROU.20.43_1,0.042342306440919526,0.3386773547094188
2022,11,ROU.20.44_1,0.04296320426965444,0.35871743486973945
2022,11,ROU.20.45_1,0.041889157791035254,0.32565130260521036
2022,11,ROU.20.46_1,0.04260159608363391,0.34669338677354705
2022,11,ROU.20.47_1,0.04147421839250669,0.314629258517034
2022,11,ROU.20.48_1,0.04484212169501102,0.46793587174348694
2022,11,ROU.20.49_1,0.042632975073757344,0.3476953907815631
2022,11,ROU.20.4_1,0.04155184791738723,0.31663326653306617
2022,11,ROU.20.5_1,0.042664126231331256,0.3486973947895791
2022,11,ROU.20.6_1,0.04247379259847072,0.3426853707414829
2022,11,ROU.20.7_1,0.042725746852398765,0.3507014028056112
2022,11,ROU.20.8_1,0.042068160212582584,0.33066132264529063
2022,11,ROU.20.9_1,0.041852642561532157,0.32464929859719444
2022,11,ROU.21.10_1,0.04188915779103527,0.32565130260521036
2022,11,ROU.21.11_1,0.041741657236555915,0.32164328657314634
2022,11,ROU.21.12_1,0.04159029593360393,0.3176352705410822
2022,11,ROU.21.13_1,0.041741657236555756,0.32164328657314634
2022,11,ROU.21.14_1,0.04151315560969294,0.31563126252505014
2022,11,ROU.21.15_1,0.03849548335707844,0.251503006012024
2022,11,ROU.21.16_1,0.04181588777480875,0.3236472945891783
2022,11,ROU.21.17_1,0.04123541661552885,0.3086172344689379
2022,11,ROU.21.18_1,0.04210324980265415,0.33166332665330667
2022,11,ROU.21.19_1,0.03925160781713167,0.2655310621242485
2022,11,ROU.21.1_1,0.040687010860933244,0.29559118236472937
2022,11,ROU.21.20_1,0.04192543402968461,0.3266533066132265
2022,11,ROU.21.21_1,0.04234230644091953,0.3386773547094188
2022,11,ROU.21.22_1,0.04143503564179731,0.31362725450901807
2022,11,ROU.21.23_1,0.036932353794109994,0.2254509018036072
2022,11,ROU.21.24_1,0.041071235855271435,0.3046092184368738
2022,11,ROU.21.25_1,0.04192543402968462,0.3266533066132265
2022,11,ROU.21.26_1,0.04127583660913795,0.30961923847695383
2022,11,ROU.21.27_1,0.04240851177262513,0.34068136272545096
2022,11,ROU.21.28_1,0.041275836609137945,0.30961923847695383
2022,11,ROU.21.29_1,0.04192543402968462,0.3266533066132265
2022,11,ROU.21.2_1,0.04227517267010106,0.33667334669338683
2022,11,ROU.21.30_1,0.04119474721446171,0.30761523046092176
2022,11,ROU.21.31_1,0.04147421839250667,0.314629258517034
2022,11,ROU.21.32_1,0.04253815277505929,0.344689378757515
2022,11,ROU.21.33_1,0.04123541661552884,0.3086172344689379
2022,11,ROU.21.34_1,0.0413956067274564,0.31262525050100204
2022,11,ROU.21.35_1,0.04094545539146495,0.3016032064128257
2022,11,ROU.21.36_1,0.041275836609137945,0.30961923847695383
2022,11,ROU.21.37_1,0.041275836609137945,0.30961923847695383
2022,11,ROU.21.38_1,0.041316007856699644,0.31062124248497
2022,11,ROU.21.39_1,0.03866235905489496,0.2545090180360721
2022,11,ROU.21.3_1,0.04147421839250669,0.314629258517034
2022,11,ROU.21.40_1,0.04272574685239876,0.3507014028056112
2022,11,ROU.21.41_1,0.03826877246779932,0.24749498997995992
2022,11,ROU.21.42_1,0.039999793861831084,0.280561122244489
2022,11,ROU.21.43_1,0.042068160212582556,0.33066132264529063
2022,11,ROU.21.44_1,0.03893456348611334,0.2595190380761523
2022,11,ROU.21.45_1,0.040774185585747386,0.29759519038076154
2022,11,ROU.21.46_1,0.04185264256153215,0.32464929859719444
2022,11,ROU.21.47_1,0.04256998880442952,0.345691382765531
2022,11,ROU.21.48_1,0.03888070953173469,0.25851703406813625
2022,11,ROU.21.49_1,0.04147421839250669,0.314629258517034
2022,11,ROU.21.4_1,0.04073072715680164,0.2965931863727455
2022,11,ROU.21.50_1,0.042342306440919526,0.3386773547094188
2022,11,ROU.21.51_1,0.039806362264207855,0.27655310621242485
2022,11,ROU.21.52_1,0.042569988804429526,0.345691382765531
2022,11,ROU.21.53_1,0.040774185585747386,0.29759519038076154
2022,11,ROU.21.54_1,0.04151315560969296,0.31563126252505014
2022,11,ROU.21.55_1,0.03821133499048877,0.246492985971944
2022,11,ROU.21.56_1,0.042506087529842425,0.34368737474949895
2022,11,ROU.21.57_1,0.042816480195310744,0.3537074148296593
2022,11,ROU.21.58_1,0.041741657236555714,0.32164328657314634
2022,11,ROU.21.59_1,0.041275836609137945,0.30961923847695383
2022,11,ROU.21.5_1,0.040281833853788196,0.2865731462925852
2022,11,ROU.21.60_1,0.043239968784663234,0.3687374749498998
2022,11,ROU.21.61_1,0.04181588777480875,0.3236472945891783
2022,11,ROU.21.62_1,0.04143503564179732,0.31362725450901807
2022,11,ROU.21.63_1,0.04181588777480875,0.3236472945891783
2022,11,ROU.21.64_1,0.03965841066409449,0.27354709418837675
2022,11,ROU.21.65_1,0.04240851177262512,0.34068136272545096
2022,11,ROU.21.66_1,0.042846273694266954,0.3547094188376753
2022,11,ROU.21.67_1,0.04139560672745639,0.31262525050100204
2022,11,ROU.21.68_1,0.04253815277505927,0.344689378757515
2022,11,ROU.21.69_1,0.041778892858972044,0.32264529058116226
2022,11,ROU.21.6_1,0.035998234250569576,0.21142284569138262
2022,11,ROU.21.70_1,0.04032790563471894,0.2875751503006012
2022,11,ROU.21.7_1,0.04111265751199859,0.3056112224448897
2022,11,ROU.21.8_1,0.04192543402968462,0.3266533066132265
2022,11,ROU.21.9_1,0.041275836609137945,0.30961923847695383
2022,11,ROU.22.10_1,0.035288128089801814,0.2014028056112225
2022,11,ROU.22.11_1,0.03585914996722601,0.20941883767535066
2022,11,ROU.22.12_1,0.03514162192953801,0.19939879759519044
2022,11,ROU.22.13_1,0.03749782275340513,0.2344689378757515
2022,11,ROU.22.14_1,0.03821133499048877,0.246492985971944
2022,11,ROU.22.15_1,0.03585914996722601,0.20941883767535066
2022,11,ROU.22.16_1,0.03849548335707844,0.251503006012024
2022,11,ROU.22.17_1,0.03724978902535132,0.23046092184368736
2022,11,ROU.22.18_1,0.035360811414559726,0.20240480961923832
2022,11,ROU.22.19_1,0.03743630130350767,0.23346693386773534
2022,11,ROU.22.1_1,0.038037179433518385,0.24348697394789579
2022,11,ROU.22.20_1,0.03592887278629501,0.2104208416833667
2022,11,ROU.22.21_1,0.03578906391308235,0.20841683366733474
2022,11,ROU.22.22_1,0.03407213719838789,0.18537074148296598
2022,11,ROU.22.23_1,0.034692832665765165,0.19338677354709424
2022,11,ROU.22.24_1,0.034229758404937326,0.18737474949899793
2022,11,ROU.22.25_1,0.036067236217727366,0.21242484969939876
2022,11,ROU.22.26_1,0.033670754307849465,0.1803607214428857
2022,11,ROU.22.27_1,0.03585914996722602,0.20941883767535066
2022,11,ROU.22.28_1,0.03564779446325793,0.20641282565130267
2022,11,ROU.22.29_1,0.03826877246779932,0.24749498997995992
2022,11,ROU.22.2_1,0.03803717943351838,0.24348697394789579
2022,11,ROU.22.30_1,0.03809553972866256,0.2444889779559117
2022,11,ROU.22.31_1,0.03469283266576519,0.19338677354709424
2022,11,ROU.22.32_1,0.035789063913082377,0.20841683366733474
2022,11,ROU.22.33_1,0.03774069986446012,0.23847695390781562
2022,11,ROU.22.34_1,0.03686786590249006,0.22444889779559116
2022,11,ROU.22.35_1,0.03821133499048876,0.246492985971944
2022,11,ROU.22.36_1,0.03536081141455968,0.20240480961923832
2022,11,ROU.22.37_1,0.03476860943902881,0.19438877755511016
2022,11,ROU.22.38_1,0.03660652579932899,0.22044088176352702
2022,11,ROU.22.39_1,0.03391285105217098,0.1833667334669339
2022,11,ROU.22.40_1,0.03791952713584336,0.24148296593186372
2022,11,ROU.22.41_1,0.035576607190685755,0.20541082164328653
2022,11,ROU.22.42_1,0.03606723621772734,0.21242484969939876
2022,11,ROU.22.43_1,0.03654033552975865,0.219438877755511
2022,11,ROU.22.44_1,0.036067236217727346,0.21242484969939876
2022,11,ROU.22.45_1,0.03585914996722602,0.20941883767535066
2022,11,ROU.22.46_1,0.038772123442110076,0.2565130260521042
2022,11,ROU.22.47_1,0.03550504892848521,0.2044088176352705
2022,11,ROU.22.48_1,0.03826877246779929,0.24749498997995992
2022,11,ROU.22.49_1,0.035067794865110136,0.1983967935871743
2022,11,ROU.22.4_1,0.035360811414559726,0.20240480961923832
2022,11,ROU.22.50_1,0.03543311767772568,0.20340681362725446
2022,11,ROU.22.51_1,0.03571861272062177,0.2074148296593187
2022,11,ROU.22.52_1,0.03536081141455974,0.20240480961923832
2022,11,ROU.22.53_1,0.03633968549762289,0.21643286573146278
2022,11,ROU.22.54_1,0.037619900254271796,0.23647294589178355
2022,11,ROU.22.55_1,0.03514162192953799,0.19939879759519044
2022,11,ROU.22.56_1,0.03706032411114874,0.22745490981963937
2022,11,ROU.22.57_1,0.03571861272062181,0.2074148296593187
2022,11,ROU.22.58_1,0.03592887278629502,0.2104208416833667
2022,11,ROU.22.5_1,0.034307951018714276,0.18837675350701397
2022,11,ROU.22.6_1,0.036606525799329,0.22044088176352702
2022,11,ROU.22.7_1,0.03743630130350768,0.23346693386773534
2022,11,ROU.22.8_1,0.03633968549762288,0.21643286573146278
2022,11,ROU.22.9_1,0.03446311269826634,0.19038076152304603
2022,11,ROU.23.10_1,0.0385514073384469,0.25250501002004005
2022,11,ROU.23.11_1,0.039608540399406575,0.2725450901803607
2022,11,ROU.23.12_1,0.039507964628592324,0.27054108216432865
2022,11,ROU.23.13_1,0.04081738689112669,0.2985971943887776
2022,11,ROU.23.14_1,0.03985512948058406,0.2775551102204409
2022,11,ROU.23.15_1,0.03882656321699921,0.2575150300601202
2022,11,ROU.23.16_1,0.03930344510494178,0.2665330661322645
2022,11,ROU.23.17_1,0.03815359116029781,0.24549098196392785
2022,11,ROU.23.18_1,0.037436301303507655,0.23346693386773534
2022,11,ROU.23.19_1,0.041741657236556,0.32164328657314634
2022,11,ROU.23.1_1,0.0381535911602978,0.24549098196392785
2022,11,ROU.23.20_1,0.04135593101323888,0.3116232464929859
2022,11,ROU.23.21_1,0.04041925532205434,0.28957915831663317
2022,11,ROU.23.22_1,0.038382733291622034,0.24949899799599198
2022,11,ROU.23.23_1,0.03950796462859234,0.27054108216432865
2022,11,ROU.23.24_1,0.039708003775604926,0.2745490981963928
2022,11,ROU.23.25_1,0.03965841066409449,0.27354709418837675
2022,11,ROU.23.26_1,0.04139560672745636,0.31262525050100204
2022,11,ROU.23.27_1,0.03980636226420787,0.27655310621242485
2022,11,ROU.23.28_1,0.0397573206675547,0.2755511022044088
2022,11,ROU.23.29_1,0.04009488125034135,0.28256513026052105
2022,11,ROU.23.2_1,0.04028183385378819,0.2865731462925852
2022,11,ROU.23.30_1,0.0400474725261487,0.2815631262525049
2022,11,ROU.23.31_1,0.04032790563471894,0.2875751503006012
2022,11,ROU.23.32_1,0.04059880165840476,0.2935871743486973
2022,11,ROU.23.33_1,0.040945455391464984,0.3016032064128257
2022,11,ROU.23.34_1,0.04115382773807647,0.30661322645290584
2022,11,ROU.23.35_1,0.041474218392506694,0.314629258517034
2022,11,ROU.23.36_1,0.040094881250341365,0.28256513026052105
2022,11,ROU.23.37_1,0.035505048928485126,0.2044088176352705
2022,11,ROU.23.38_1,0.03693235379411003,0.2254509018036072
2022,11,ROU.23.39_1,0.04090302106854621,0.30060120240480964
2022,11,ROU.23.3_1,0.039757320667554705,0.2755511022044088
2022,11,ROU.23.40_1,0.03809553972866255,0.2444889779559117
2022,11,ROU.23.41_1,0.040281833853788196,0.2865731462925852
2022,11,ROU.23.42_1,0.04077418558574736,0.29759519038076154
2022,11,ROU.23.43_1,0.03803717943351837,0.24348697394789579
2022,11,ROU.23.44_1,0.040094881250341365,0.28256513026052105
2022,11,ROU.23.45_1,0.03640691707804972,0.21743486973947893
2022,11,ROU.23.46_1,0.03673787677395959,0.2224448897795591
2022,11,ROU.23.47_1,0.03749782275340511,0.2344689378757515
2022,11,ROU.23.48_1,0.04004747252614877,0.2815631262525049
2022,11,ROU.23.49_1,0.041153827738076486,0.30661322645290584
2022,11,ROU.23.4_1,0.040188892316868646,0.2845691382765531
2022,11,ROU.23.50_1,0.035859149967226014,0.20941883767535066
2022,11,ROU.23.51_1,0.03888070953173469,0.25851703406813625
2022,11,ROU.23.52_1,0.04077418558574738,0.29759519038076154
2022,11,ROU.23.53_1,0.036737876773959476,0.2224448897795591
2022,11,ROU.23.54_1,0.040509551883802744,0.29158316633266523
2022,11,ROU.23.55_1,0.03797850899911896,0.24248496993987986
2022,11,ROU.23.56_1,0.04151315560969292,0.31563126252505014
2022,11,ROU.23.57_1,0.04050955188380274,0.29158316633266523
2022,11,ROU.23.58_1,0.04055430722819481,0.2925851703406814
2022,11,ROU.23.59_1,0.0403737125201314,0.28857715430861725
2022,11,ROU.23.5_1,0.03980636226420791,0.27655310621242485
2022,11,ROU.23.60_1,0.0410712358552715,0.3046092184368738
2022,11,ROU.23.61_1,0.04430132883243601,0.41883767535070143
2022,11,ROU.23.62_1,0.04181588777480875,0.3236472945891783
2022,11,ROU.23.63_1,0.0364069170780498,0.21743486973947893
2022,11,ROU.23.64_1,0.04073072715680161,0.2965931863727455
2022,11,ROU.23.65_1,0.04004747252614875,0.2815631262525049
2022,11,ROU.23.66_1,0.04185264256153225,0.32464929859719444
2022,11,ROU.23.67_1,0.04151315560969293,0.31563126252505014
2022,11,ROU.23.68_1,0.040373712520131395,0.28857715430861725
2022,11,ROU.23.69_1,0.04102956208028714,0.30360721442885763
2022,11,ROU.23.6_1,0.036606525799329,0.22044088176352702
2022,11,ROU.23.7_1,0.03893456348611331,0.2595190380761523
2022,11,ROU.23.8_1,0.038880709531734683,0.25851703406813625
2022,11,ROU.23.9_1,0.03945725720745003,0.2695390781563126
2022,11,ROU.24.10_1,0.04004747252614869,0.2815631262525049
2022,11,ROU.24.11_1,0.038382733291622055,0.24949899799599198
2022,11,ROU.24.12_1,0.038268772467799306,0.24749498997995992
2022,11,ROU.24.13_1,0.038439259069374974,0.250501002004008
2022,11,ROU.24.14_1,0.03945725720745003,0.2695390781563126
2022,11,ROU.24.15_1,0.03914707730058033,0.2635270541082164
2022,11,ROU.24.16_1,0.038607032184734325,0.2535070140280561
2022,11,ROU.24.17_1,0.039303445104941756,0.2665330661322645
2022,11,ROU.24.18_1,0.03743630130350768,0.23346693386773534
2022,11,ROU.24.19_1,0.038772123442110076,0.2565130260521042
2022,11,ROU.24.1_1,0.03990362322256468,0.2785571142284569
2022,11,ROU.24.20_1,0.038934563486113356,0.2595190380761523
2022,11,ROU.24.21_1,0.03815359116029787,0.24549098196392785
2022,11,ROU.24.22_1,0.03731228588703085,0.23146292585170328
2022,11,ROU.24.23_1,0.0385514073384469,0.25250501002004005
2022,11,ROU.24.24_1,0.03761990025427182,0.23647294589178355
2022,11,ROU.24.25_1,0.039199485556694245,0.26452905811623245
2022,11,ROU.24.26_1,0.03838273329162205,0.24949899799599198
2022,11,ROU.24.27_1,0.03849548335707844,0.251503006012024
2022,11,ROU.24.28_1,0.040047472526148736,0.2815631262525049
2022,11,ROU.24.29_1,0.039658410664094486,0.27354709418837675
2022,11,ROU.24.2_1,0.043899347578005524,0.3967935871743487
2022,11,ROU.24.30_1,0.039041398656213235,0.26152304609218435
2022,11,ROU.24.31_1,0.03871738909574292,0.25551102204408815
2022,11,ROU.24.32_1,0.0385514073384469,0.25250501002004005
2022,11,ROU.24.33_1,0.03803717943351839,0.24348697394789579
2022,11,ROU.24.34_1,0.04240851177262512,0.34068136272545096
2022,11,ROU.24.35_1,0.04018889231686863,0.2845691382765531
2022,11,ROU.24.36_1,0.038439259069374954,0.250501002004008
2022,11,ROU.24.37_1,0.04068701086093326,0.29559118236472937
2022,11,ROU.24.38_1,0.03995184438700479,0.27955911823647295
2022,11,ROU.24.39_1,0.03731228588703085,0.23146292585170328
2022,11,ROU.24.3_1,0.03786023254001063,0.24048096192384757
2022,11,ROU.24.40_1,0.0389345634861133,0.2595190380761523
2022,11,ROU.24.41_1,0.037374456161202184,0.23246492985971942
2022,11,ROU.24.42_1,0.03914707730058035,0.2635270541082164
2022,11,ROU.24.43_1,0.038607032184734345,0.2535070140280561
2022,11,ROU.24.44_1,0.03925160781713169,0.2655310621242485
2022,11,ROU.24.45_1,0.0385514073384469,0.25250501002004005
2022,11,ROU.24.46_1,0.038607032184734366,0.2535070140280561
2022,11,ROU.24.47_1,0.038717389095742835,0.25551102204408815
2022,11,ROU.24.48_1,0.03718696410410585,0.22945891783567132
2022,11,ROU.24.49_1,0.039558392038460156,0.2715430861723447
2022,11,ROU.24.4_1,0.03985512948058404,0.2775551102204409
2022,11,ROU.24.50_1,0.03731228588703084,0.23146292585170328
2022,11,ROU.24.51_1,0.0385514073384469,0.25250501002004005
2022,11,ROU.24.52_1,0.0385514073384469,0.25250501002004005
2022,11,ROU.24.53_1,0.03797850899911898,0.24248496993987986
2022,11,ROU.24.54_1,0.03909438201518483,0.2625250501002004
2022,11,ROU.24.55_1,0.039199485556694266,0.26452905811623245
2022,11,ROU.24.56_1,0.03970800377560491,0.2745490981963928
2022,11,ROU.24.57_1,0.03882656321699921,0.2575150300601202
2022,11,ROU.24.58_1,0.03909438201518483,0.2625250501002004
2022,11,ROU.24.59_1,0.03980636226420787,0.27655310621242485
2022,11,ROU.24.5_1,0.03826877246779929,0.24749498997995992
2022,11,ROU.24.60_1,0.03855140733844689,0.25250501002004005
2022,11,ROU.24.61_1,0.03882656321699924,0.2575150300601202
2022,11,ROU.24.62_1,0.03995184438700481,0.27955911823647295
2022,11,ROU.24.63_1,0.0434702992418228,0.3777555110220441
2022,11,ROU.24.64_1,0.03888070953173469,0.25851703406813625
2022,11,ROU.24.65_1,0.03838273329162205,0.24949899799599198
2022,11,ROU.24.66_1,0.038325904827475506,0.24849699398797595
2022,11,ROU.24.67_1,0.037312285887030866,0.23146292585170328
2022,11,ROU.24.68_1,0.03877212344211008,0.2565130260521042
2022,11,ROU.24.69_1,0.03849548335707844,0.251503006012024
2022,11,ROU.24.6_1,0.039406268802866656,0.2685370741482966
2022,11,ROU.24.70_1,0.03914707730058033,0.2635270541082164
2022,11,ROU.24.71_1,0.03673787677395958,0.2224448897795591
2022,11,ROU.24.72_1,0.038880709531734683,0.25851703406813625
2022,11,ROU.24.73_1,0.03866235905489502,0.2545090180360721
2022,11,ROU.24.74_1,0.03809553972866255,0.2444889779559117
2022,11,ROU.24.75_1,0.03930344510494174,0.2665330661322645
2022,11,ROU.24.76_1,0.03706032411114867,0.22745490981963937
2022,11,ROU.24.77_1,0.03803717943351838,0.24348697394789579
2022,11,ROU.24.78_1,0.038325904827475506,0.24849699398797595
2022,11,ROU.24.79_1,0.03882656321699923,0.2575150300601202
2022,11,ROU.24.7_1,0.0382113349904888,0.246492985971944
2022,11,ROU.24.80_1,0.03761990025427183,0.23647294589178355
2022,11,ROU.24.81_1,0.038382733291622013,0.24949899799599198
2022,11,ROU.24.82_1,0.037619900254271824,0.23647294589178355
2022,11,ROU.24.83_1,0.038607032184734366,0.2535070140280561
2022,11,ROU.24.84_1,0.036339685497622856,0.21643286573146278
2022,11,ROU.24.85_1,0.03693235379411003,0.2254509018036072
2022,11,ROU.24.86_1,0.03888070953173469,0.25851703406813625
2022,11,ROU.24.87_1,0.03866235905489499,0.2545090180360721
2022,11,ROU.24.88_1,0.038325904827475506,0.24849699398797595
2022,11,ROU.24.8_1,0.03849548335707844,0.251503006012024
2022,11,ROU.24.9_1,0.03940626880286666,0.2685370741482966
2022,11,ROU.25.10_1,0.04203283438238943,0.3296593186372745
2022,11,ROU.25.11_1,0.040730727156801635,0.2965931863727455
2022,11,ROU.25.12_1,0.04199727177257768,0.32865731462925857
2022,11,ROU.25.13_1,0.04240851177262513,0.34068136272545096
2022,11,ROU.25.14_1,0.04416676895937853,0.41082164328657306
2022,11,ROU.25.15_1,0.04278646150937983,0.35270541082164336
2022,11,ROU.25.16_1,0.041815887774808755,0.3236472945891783
2022,11,ROU.25.17_1,0.04450526241781755,0.4328657314629258
2022,11,ROU.25.18_1,0.04188915779103527,0.32565130260521036
2022,11,ROU.25.19_1,0.04139560672745637,0.31262525050100204
2022,11,ROU.25.1_1,0.040860331809066744,0.2995991983967936
2022,11,ROU.25.20_1,0.04177889285897204,0.32264529058116226
2022,11,ROU.25.21_1,0.04107123585527151,0.3046092184368738
2022,11,ROU.25.22_1,0.04185264256153217,0.32464929859719444
2022,11,ROU.25.23_1,0.04377215623959296,0.3907815631262525
2022,11,ROU.25.24_1,0.04192543402968462,0.3266533066132265
2022,11,ROU.25.25_1,0.04425241372600008,0.41583166332665333
2022,11,ROU.25.26_1,0.04436367686690327,0.42284569138276545
2022,11,ROU.25.27_1,0.043999552207013196,0.40180360721442887
2022,11,ROU.25.28_1,0.04162850027039511,0.3186372745490981
2022,11,ROU.25.29_1,0.04466946625138641,0.44689378757515025
2022,11,ROU.25.2_1,0.041778892858972044,0.32264529058116226
2022,11,ROU.25.30_1,0.044770874507367504,0.4579158316633267
2022,11,ROU.25.31_1,0.04098763549272172,0.3026052104208417
2022,11,ROU.25.32_1,0.04442275398000693,0.4268537074148297
2022,11,ROU.25.33_1,0.04272574685239876,0.3507014028056112
2022,11,ROU.25.34_1,0.04196147183837502,0.32765531062124253
2022,11,ROU.25.35_1,0.04456844464361223,0.43787575150300606
2022,11,ROU.25.36_1,0.042506087529842425,0.34368737474949895
2022,11,ROU.25.37_1,0.044615355681874455,0.4418837675350702
2022,11,ROU.25.38_1,0.042905186829619316,0.35671342685370727
2022,11,ROU.25.39_1,0.041961471838375,0.32765531062124253
2022,11,ROU.25.3_1,0.04151315560969293,0.31563126252505014
2022,11,ROU.25.40_1,0.044531142167194705,0.43486973947895785
2022,11,ROU.25.41_1,0.04224125636959845,0.3356713426853708
2022,11,ROU.25.42_1,0.04244126750596147,0.3416833667334669
2022,11,ROU.25.43_1,0.04468970514448191,0.4488977955911823
2022,11,ROU.25.44_1,0.04203283438238946,0.3296593186372745
2022,11,ROU.25.45_1,0.04196147183837501,0.32765531062124253
2022,11,ROU.25.46_1,0.042725746852398744,0.3507014028056112
2022,11,ROU.25.47_1,0.04287584243190795,0.35571142284569135
2022,11,ROU.25.48_1,0.04199727177257765,0.32865731462925857
2022,11,ROU.25.49_1,0.042207106448940906,0.33466933867735477
2022,11,ROU.25.4_1,0.04485962085131089,0.47094188376753504
2022,11,ROU.25.50_1,0.042695050008367166,0.34969939879759515
2022,11,ROU.25.51_1,0.044603930222723756,0.44088176352705405
2022,11,ROU.25.52_1,0.04436367686690325,0.42284569138276545
2022,11,ROU.25.53_1,0.04260159608363391,0.34669338677354705
2022,11,ROU.25.5_1,0.04217272239431716,0.3336673346693386
2022,11,ROU.25.6_1,0.043266433224883695,0.3697394789579158
2022,11,ROU.25.7_1,0.041194747214461716,0.30761523046092176
2022,11,ROU.25.8_1,0.04230885585925812,0.33767535070140275
2022,11,ROU.25.9_1,0.04227517267010106,0.33667334669338683
2022,11,ROU.26.10_1,0.04485398620835511,0.469939879759519
2022,11,ROU.26.11_1,0.04203283438238944,0.3296593186372745
2022,11,ROU.26.12_1,0.04250608752984241,0.34368737474949895
2022,11,ROU.26.13_1,0.04263297507375732,0.3476953907815631
2022,11,ROU.26.14_1,0.04159029593360395,0.3176352705410822
2022,11,ROU.26.15_1,0.04247379259847072,0.3426853707414829
2022,11,ROU.26.16_1,0.04293430730455365,0.3577154308617234
2022,11,ROU.26.17_1,0.04220710644894092,0.33466933867735477
2022,11,ROU.26.18_1,0.0426950500083672,0.34969939879759515
2022,11,ROU.26.19_1,0.042664126231331256,0.3486973947895791
2022,11,ROU.26.1_1,0.042473792598470714,0.3426853707414829
2022,11,ROU.26.20_1,0.04224125636959843,0.3356713426853708
2022,11,ROU.26.21_1,0.041852642561532157,0.32464929859719444
2022,11,ROU.26.22_1,0.044865057176676625,0.47194388777555096
2022,11,ROU.26.23_1,0.04131600785669963,0.31062124248497
2022,11,ROU.26.24_1,0.04090302106854619,0.30060120240480964
2022,11,ROU.26.25_1,0.04278646150937983,0.35270541082164336
2022,11,ROU.26.26_1,0.04230885585925812,0.33767535070140275
2022,11,ROU.26.27_1,0.041997271772577664,0.32865731462925857
2022,11,ROU.26.28_1,0.04253815277505929,0.344689378757515
2022,11,ROU.26.29_1,0.04227517267010105,0.33667334669338683
2022,11,ROU.26.2_1,0.04181588777480876,0.3236472945891783
2022,11,ROU.26.30_1,0.04337010586627802,0.37374749498997994
2022,11,ROU.26.31_1,0.042506087529842425,0.34368737474949895
2022,11,ROU.26.32_1,0.041194747214461716,0.30761523046092176
2022,11,ROU.26.33_1,0.042275172670100974,0.33667334669338683
2022,11,ROU.26.34_1,0.04337010586627802,0.37374749498997994
2022,11,ROU.26.35_1,0.04166646153391293,0.31963927855711427
2022,11,ROU.26.36_1,0.04250608752984241,0.34368737474949895
2022,11,ROU.26.37_1,0.042408511772625106,0.34068136272545096
2022,11,ROU.26.38_1,0.04354317415326606,0.38076152304609207
2022,11,ROU.26.39_1,0.042473792598470714,0.3426853707414829
2022,11,ROU.26.3_1,0.042569988804429526,0.345691382765531
2022,11,ROU.26.4_1,0.044936661848740796,0.501002004008016
2022,11,ROU.26.5_1,0.04366033446364167,0.38577154308617234
2022,11,ROU.26.6_1,0.04185264256153232,0.32464929859719444
2022,11,ROU.26.7_1,0.04123541661552886,0.3086172344689379
2022,11,ROU.26.8_1,0.042725746852398765,0.3507014028056112
2022,11,ROU.26.9_1,0.04339547952380593,0.374749498997996
2022,11,ROU.27.10_1,0.03995184438700478,0.27955911823647295
2022,11,ROU.27.11_1,0.03693235379410991,0.2254509018036072
2022,11,ROU.27.12_1,0.03809553972866257,0.2444889779559117
2022,11,ROU.27.13_1,0.03627210338175869,0.21543086172344697
2022,11,ROU.27.14_1,0.03888070953173469,0.25851703406813625
2022,11,ROU.27.15_1,0.0340721371983879,0.18537074148296598
2022,11,ROU.27.16_1,0.03599823425056953,0.21142284569138262
2022,11,ROU.27.17_1,0.0362041689805494,0.21442885771543072
2022,11,ROU.27.18_1,0.03724978902535134,0.23046092184368736
2022,11,ROU.27.19_1,0.039354998432746105,0.26753507014028055
2022,11,ROU.27.1_1,0.040687010860933265,0.29559118236472937
2022,11,ROU.27.20_1,0.03797850899911902,0.24248496993987986
2022,11,ROU.27.21_1,0.03755902193439965,0.23547094188376752
2022,11,ROU.27.22_1,0.039951844387004755,0.27955911823647295
2022,11,ROU.27.23_1,0.03843925906937492,0.250501002004008
2022,11,ROU.27.24_1,0.03768045910529504,0.23747494989979948
2022,11,ROU.27.25_1,0.03718696410410581,0.22945891783567132
2022,11,ROU.27.26_1,0.03699650601105094,0.22645290581162333
2022,11,ROU.27.27_1,0.03686786590249006,0.22444889779559116
2022,11,ROU.27.28_1,0.03960854039940656,0.2725450901803607
2022,11,ROU.27.29_1,0.04068701086093324,0.29559118236472937
2022,11,ROU.27.2_1,0.04014202089616859,0.2835671342685371
2022,11,ROU.27.30_1,0.03737445616120217,0.23246492985971942
2022,11,ROU.27.31_1,0.03970800377560491,0.2745490981963928
2022,11,ROU.27.32_1,0.03693235379410993,0.2254509018036072
2022,11,ROU.27.33_1,0.03712380963457755,0.22845691382765518
2022,11,ROU.27.34_1,0.035998234250569534,0.21142284569138262
2022,11,ROU.27.35_1,0.03990362322256433,0.2785571142284569
2022,11,ROU.27.36_1,0.03446311269826629,0.19038076152304603
2022,11,ROU.27.37_1,0.04041925532205432,0.28957915831663317
2022,11,ROU.27.38_1,0.03640691707804974,0.21743486973947893
2022,11,ROU.27.39_1,0.03571861272062171,0.2074148296593187
2022,11,ROU.27.3_1,0.03843925906937493,0.250501002004008
2022,11,ROU.27.40_1,0.03536081141455975,0.20240480961923832
2022,11,ROU.27.41_1,0.041071235855271435,0.3046092184368738
2022,11,ROU.27.42_1,0.03950796462859231,0.27054108216432865
2022,11,ROU.27.43_1,0.03935499843274611,0.26753507014028055
2022,11,ROU.27.44_1,0.03204441289418665,0.16132264529058118
2022,11,ROU.27.45_1,0.03774069986446017,0.23847695390781562
2022,11,ROU.27.46_1,0.03860703218473437,0.2535070140280561
2022,11,ROU.27.47_1,0.03606723621772731,0.21242484969939876
2022,11,ROU.27.48_1,0.03791952713584324,0.24148296593186372
2022,11,ROU.27.49_1,0.03955839203846019,0.2715430861723447
2022,11,ROU.27.4_1,0.04014202089616858,0.2835671342685371
2022,11,ROU.27.50_1,0.033507213334408086,0.17835671342685364
2022,11,ROU.27.51_1,0.03627210338175869,0.21543086172344697
2022,11,ROU.27.52_1,0.04004747252614868,0.2815631262525049
2022,11,ROU.27.53_1,0.038934563486113294,0.2595190380761523
2022,11,ROU.27.54_1,0.038325904827475506,0.24849699398797595
2022,11,ROU.27.55_1,0.0396584106640945,0.27354709418837675
2022,11,ROU.27.56_1,0.04018889231686864,0.2845691382765531
2022,11,ROU.27.57_1,0.036932353794109994,0.2254509018036072
2022,11,ROU.27.58_1,0.036737876773959566,0.2224448897795591
2022,11,ROU.27.59_1,0.03995184438700474,0.27955911823647295
2022,11,ROU.27.5_1,0.038325904827475506,0.24849699398797595
2022,11,ROU.27.60_1,0.037559021934399674,0.23547094188376752
2022,11,ROU.27.61_1,0.03660652579932899,0.22044088176352702
2022,11,ROU.27.62_1,0.03815359116029789,0.24549098196392785
2022,11,ROU.27.63_1,0.03999979386183109,0.280561122244489
2022,11,ROU.27.64_1,0.04050955188380273,0.29158316633266523
2022,11,ROU.27.65_1,0.0383827332916221,0.24949899799599198
2022,11,ROU.27.66_1,0.03940626880286667,0.2685370741482966
2022,11,ROU.27.67_1,0.038095539728662586,0.2444889779559117
2022,11,ROU.27.68_1,0.035789063913082314,0.20841683366733474
2022,11,ROU.27.69_1,0.035215065628508034,0.20040080160320647
2022,11,ROU.27.6_1,0.03930344510494174,0.2665330661322645
2022,11,ROU.27.7_1,0.03809553972866259,0.2444889779559117
2022,11,ROU.27.8_1,0.038268772467799354,0.24749498997995992
2022,11,ROU.27.9_1,0.04009488125034123,0.28256513026052105
2022,11,ROU.28.10_1,0.04281648019531074,0.3537074148296593
2022,11,ROU.28.11_1,0.041997271772577685,0.32865731462925857
2022,11,ROU.28.12_1,0.04237552491402109,0.3396793587174348
2022,11,ROU.28.13_1,0.040509551883802716,0.29158316633266523
2022,11,ROU.28.14_1,0.04199727177257768,0.32865731462925857
2022,11,ROU.28.15_1,0.04234230644091953,0.3386773547094188
2022,11,ROU.28.16_1,0.044905069845626845,0.48096192384769537
2022,11,ROU.28.17_1,0.044794338097039935,0.4609218436873747
2022,11,ROU.28.18_1,0.04334451475927328,0.3727454909819639
2022,11,ROU.28.19_1,0.042963204269654456,0.35871743486973945
2022,11,ROU.28.1_1,0.04102956208028718,0.30360721442885763
2022,11,ROU.28.20_1,0.043159258569107205,0.3657314629258517
2022,11,ROU.28.21_1,0.042068160212582535,0.33066132264529063
2022,11,ROU.28.22_1,0.04263297507375736,0.3476953907815631
2022,11,ROU.28.23_1,0.04159029593360397,0.3176352705410822
2022,11,ROU.28.24_1,0.043159258569107205,0.3657314629258517
2022,11,ROU.28.25_1,0.041112657511998586,0.3056112224448897
2022,11,ROU.28.26_1,0.04296320426965444,0.35871743486973945
2022,11,ROU.28.27_1,0.04199727177257768,0.32865731462925857
2022,11,ROU.28.28_1,0.041474218392506666,0.314629258517034
2022,11,ROU.28.29_1,0.043857794908879456,0.39478957915831653
2022,11,ROU.28.2_1,0.04018889231686864,0.2845691382765531
2022,11,ROU.28.30_1,0.042695050008367194,0.34969939879759515
2022,11,ROU.28.31_1,0.042138103686871466,0.3326653306613226
2022,11,ROU.28.32_1,0.04107123585527141,0.3046092184368738
2022,11,ROU.28.33_1,0.04143503564179729,0.31362725450901807
2022,11,ROU.28.34_1,0.03960854039940657,0.2725450901803607
2022,11,ROU.28.35_1,0.04234230644091953,0.3386773547094188
2022,11,ROU.28.36_1,0.04304855817300621,0.36172344689378755
2022,11,ROU.28.37_1,0.04334451475927324,0.3727454909819639
2022,11,ROU.28.38_1,0.04115382773807649,0.30661322645290584
2022,11,ROU.28.39_1,0.038988126168548666,0.2605210420841683
2022,11,ROU.28.3_1,0.04181588777480876,0.3236472945891783
2022,11,ROU.28.40_1,0.0449085262066426,0.4819639278557114
2022,11,ROU.28.41_1,0.044901415714836856,0.47995991983967934
2022,11,ROU.28.42_1,0.041815887774808755,0.3236472945891783
2022,11,ROU.28.43_1,0.04199727177257768,0.32865731462925857
2022,11,ROU.28.44_1,0.04174165723655594,0.32164328657314634
2022,11,ROU.28.45_1,0.0390413986562132,0.26152304609218435
2022,11,ROU.28.46_1,0.040235496357250024,0.28557114228456904
2022,11,ROU.28.47_1,0.042408511772625106,0.34068136272545096
2022,11,ROU.28.48_1,0.043857794908879456,0.39478957915831653
2022,11,ROU.28.49_1,0.04240851177262511,0.34068136272545096
2022,11,ROU.28.4_1,0.04250608752984241,0.34368737474949895
2022,11,ROU.28.50_1,0.0429918781336937,0.3597194388777555
2022,11,ROU.28.51_1,0.0432926787939761,0.37074148296593185
2022,11,ROU.28.52_1,0.043104350610422004,0.3637274549098196
2022,11,ROU.28.53_1,0.04210324980265414,0.33166332665330667
2022,11,ROU.28.54_1,0.04196147183837501,0.32765531062124253
2022,11,ROU.28.55_1,0.04162850027039509,0.3186372745490981
2022,11,ROU.28.56_1,0.04247379259847072,0.3426853707414829
2022,11,ROU.28.57_1,0.041474218392506625,0.314629258517034
2022,11,ROU.28.58_1,0.043899347578005524,0.3967935871743487
2022,11,ROU.28.59_1,0.04278646150937983,0.35270541082164336
2022,11,ROU.28.5_1,0.041275836609137945,0.30961923847695383
2022,11,ROU.28.60_1,0.04256998880442952,0.345691382765531
2022,11,ROU.28.61_1,0.04302032930130379,0.3607214428857715
2022,11,ROU.28.62_1,0.043239968784663234,0.3687374749498998
2022,11,ROU.28.63_1,0.04230885585925813,0.33767535070140275
2022,11,ROU.28.64_1,0.04181588777480877,0.3236472945891783
2022,11,ROU.28.6_1,0.040047472526148695,0.2815631262525049
2022,11,ROU.28.7_1,0.04250608752984241,0.34368737474949895
2022,11,ROU.28.8_1,0.04263297507375736,0.3476953907815631
2022,11,ROU.28.9_1,0.04263297507375736,0.3476953907815631
2022,11,ROU.29.10_1,0.03898812616854862,0.2605210420841683
2022,11,ROU.29.11_1,0.03999979386183115,0.280561122244489
2022,11,ROU.29.12_1,0.038880709531734683,0.25851703406813625
2022,11,ROU.29.13_1,0.038382733291622034,0.24949899799599198
2022,11,ROU.29.14_1,0.0385514073384469,0.25250501002004005
2022,11,ROU.29.15_1,0.03965841066409449,0.27354709418837675
2022,11,ROU.29.16_1,0.03731228588703084,0.23146292585170328
2022,11,ROU.29.17_1,0.03786023254001063,0.24048096192384757
2022,11,ROU.29.18_1,0.03838273329162209,0.24949899799599198
2022,11,ROU.29.19_1,0.03960854039940658,0.2725450901803607
2022,11,ROU.29.1_1,0.03965841066409449,0.27354709418837675
2022,11,ROU.29.20_1,0.0368030407604271,0.22344689378757523
2022,11,ROU.29.21_1,0.04041925532205434,0.28957915831663317
2022,11,ROU.29.22_1,0.0380371794335184,0.24348697394789579
2022,11,ROU.29.23_1,0.039658410664094486,0.27354709418837675
2022,11,ROU.29.24_1,0.03925160781713164,0.2655310621242485
2022,11,ROU.29.25_1,0.03904139865621324,0.26152304609218435
2022,11,ROU.29.26_1,0.03914707730058033,0.2635270541082164
2022,11,ROU.29.27_1,0.04032790563471895,0.2875751503006012
2022,11,ROU.29.28_1,0.03849548335707844,0.251503006012024
2022,11,ROU.29.29_1,0.037312285887030824,0.23146292585170328
2022,11,ROU.29.2_1,0.040047472526148715,0.2815631262525049
2022,11,ROU.29.30_1,0.03826877246779932,0.24749498997995992
2022,11,ROU.29.31_1,0.03955839203846011,0.2715430861723447
2022,11,ROU.29.32_1,0.03724978902535141,0.23046092184368736
2022,11,ROU.29.33_1,0.0385514073384469,0.25250501002004005
2022,11,ROU.29.34_1,0.03866235905489503,0.2545090180360721
2022,11,ROU.29.35_1,0.04073072715680158,0.2965931863727455
2022,11,ROU.29.36_1,0.03898812616854866,0.2605210420841683
2022,11,ROU.29.37_1,0.03809553972866258,0.2444889779559117
2022,11,ROU.29.38_1,0.03866235905489498,0.2545090180360721
2022,11,ROU.29.39_1,0.03985512948058406,0.2775551102204409
2022,11,ROU.29.3_1,0.0374363013035077,0.23346693386773534
2022,11,ROU.29.40_1,0.039608540399406575,0.2725450901803607
2022,11,ROU.29.41_1,0.036473799852391665,0.21843687374749496
2022,11,ROU.29.42_1,0.0363396854976229,0.21643286573146278
2022,11,ROU.29.43_1,0.038037179433518385,0.24348697394789579
2022,11,ROU.29.44_1,0.035505048928485224,0.2044088176352705
2022,11,ROU.29.45_1,0.03940626880286668,0.2685370741482966
2022,11,ROU.29.46_1,0.038551407338446884,0.25250501002004005
2022,11,ROU.29.47_1,0.039457257207450025,0.2695390781563126
2022,11,ROU.29.48_1,0.039658410664094486,0.27354709418837675
2022,11,ROU.29.49_1,0.039251607817131655,0.2655310621242485
2022,11,ROU.29.4_1,0.03606723621772734,0.21242484969939876
2022,11,ROU.29.50_1,0.038662359054895006,0.2545090180360721
2022,11,ROU.29.51_1,0.03620416898054936,0.21442885771543072
2022,11,ROU.29.52_1,0.03860703218473439,0.2535070140280561
2022,11,ROU.29.53_1,0.04018889231686863,0.2845691382765531
2022,11,ROU.29.54_1,0.039507964628592344,0.27054108216432865
2022,11,ROU.29.55_1,0.039094382015184836,0.2625250501002004
2022,11,ROU.29.56_1,0.03860703218473434,0.2535070140280561
2022,11,ROU.29.57_1,0.03803717943351838,0.24348697394789579
2022,11,ROU.29.58_1,0.03950796462859233,0.27054108216432865
2022,11,ROU.29.59_1,0.038325904827475506,0.24849699398797595
2022,11,ROU.29.5_1,0.03826877246779927,0.24749498997995992
2022,11,ROU.29.60_1,0.040903021068546194,0.30060120240480964
2022,11,ROU.29.61_1,0.03950796462859233,0.27054108216432865
2022,11,ROU.29.62_1,0.03797850899911905,0.24248496993987986
2022,11,ROU.29.63_1,0.03909438201518483,0.2625250501002004
2022,11,ROU.29.64_1,0.039354998432746105,0.26753507014028055
2022,11,ROU.29.65_1,0.035288128089801786,0.2014028056112225
2022,11,ROU.29.66_1,0.03843925906937497,0.250501002004008
2022,11,ROU.29.67_1,0.03660652579932899,0.22044088176352702
2022,11,ROU.29.68_1,0.040047472526148674,0.2815631262525049
2022,11,ROU.29.69_1,0.03882656321699921,0.2575150300601202
2022,11,ROU.29.6_1,0.03919948555669424,0.26452905811623245
2022,11,ROU.29.70_1,0.03803717943351838,0.24348697394789579
2022,11,ROU.29.71_1,0.04086033180906674,0.2995991983967936
2022,11,ROU.29.72_1,0.03871738909574292,0.25551102204408815
2022,11,ROU.29.73_1,0.03904139865621326,0.26152304609218435
2022,11,ROU.29.74_1,0.039708003775604926,0.2745490981963928
2022,11,ROU.29.75_1,0.03877212344211008,0.2565130260521042
2022,11,ROU.29.76_1,0.03849548335707844,0.251503006012024
2022,11,ROU.29.77_1,0.04028183385378819,0.2865731462925852
2022,11,ROU.29.78_1,0.0378602325400107,0.24048096192384757
2022,11,ROU.29.79_1,0.039303445104941756,0.2665330661322645
2022,11,ROU.29.7_1,0.03877212344211008,0.2565130260521042
2022,11,ROU.29.80_1,0.03693235379410997,0.2254509018036072
2022,11,ROU.29.81_1,0.03755902193439963,0.23547094188376752
2022,11,ROU.29.82_1,0.03557660719068579,0.20541082164328653
2022,11,ROU.29.83_1,0.039251607817131676,0.2655310621242485
2022,11,ROU.29.84_1,0.03871738909574289,0.25551102204408815
2022,11,ROU.29.85_1,0.038880709531734683,0.25851703406813625
2022,11,ROU.29.86_1,0.03945725720745003,0.2695390781563126
2022,11,ROU.29.87_1,0.041153827738076486,0.30661322645290584
2022,11,ROU.29.88_1,0.03965841066409451,0.27354709418837675
2022,11,ROU.29.89_1,0.04387867656893719,0.39579158316633256
2022,11,ROU.29.8_1,0.039251607817131655,0.2655310621242485
2022,11,ROU.29.90_1,0.03809553972866257,0.2444889779559117
2022,11,ROU.29.91_1,0.039406268802866684,0.2685370741482966
2022,11,ROU.29.92_1,0.035067794865110115,0.1983967935871743
2022,11,ROU.29.93_1,0.03761990025427183,0.23647294589178355
2022,11,ROU.29.94_1,0.038325904827475506,0.24849699398797595
2022,11,ROU.29.95_1,0.03826877246779928,0.24749498997995992
2022,11,ROU.29.96_1,0.03940626880286667,0.2685370741482966
2022,11,ROU.29.97_1,0.040142020896168626,0.2835671342685371
2022,11,ROU.29.9_1,0.03985512948058405,0.2775551102204409
2022,11,ROU.3.10_1,0.04143503564179728,0.31362725450901807
2022,11,ROU.3.11_1,0.03930344510494174,0.2665330661322645
2022,11,ROU.3.12_1,0.04086033180906678,0.2995991983967936
2022,11,ROU.3.13_1,0.043020329301303784,0.3607214428857715
2022,11,ROU.3.14_1,0.03882656321699924,0.2575150300601202
2022,11,ROU.3.15_1,0.04073072715680167,0.2965931863727455
2022,11,ROU.3.16_1,0.03809553972866254,0.2444889779559117
2022,11,ROU.3.17_1,0.037740699864460145,0.23847695390781562
2022,11,ROU.3.18_1,0.04278646150937983,0.35270541082164336
2022,11,ROU.3.19_1,0.03877212344211008,0.2565130260521042
2022,11,ROU.3.1_1,0.03871738909574289,0.25551102204408815
2022,11,ROU.3.20_1,0.03438573496541052,0.1893787575150301
2022,11,ROU.3.21_1,0.04192543402968462,0.3266533066132265
2022,11,ROU.3.22_1,0.038662359054895006,0.2545090180360721
2022,11,ROU.3.23_1,0.03860703218473437,0.2535070140280561
2022,11,ROU.3.24_1,0.03960854039940657,0.2725450901803607
2022,11,ROU.3.25_1,0.041112657511998586,0.3056112224448897
2022,11,ROU.3.26_1,0.03930344510494175,0.2665330661322645
2022,11,ROU.3.27_1,0.03849548335707844,0.251503006012024
2022,11,ROU.3.28_1,0.03965841066409449,0.27354709418837675
2022,11,ROU.3.29_1,0.04166646153391289,0.31963927855711427
2022,11,ROU.3.2_1,0.0409030210685462,0.30060120240480964
2022,11,ROU.3.30_1,0.040554307228194815,0.2925851703406814
2022,11,ROU.3.31_1,0.041194747214461744,0.30761523046092176
2022,11,ROU.3.32_1,0.03995184438700477,0.27955911823647295
2022,11,ROU.3.33_1,0.03438573496541053,0.1893787575150301
2022,11,ROU.3.34_1,0.04050955188380272,0.29158316633266523
2022,11,ROU.3.35_1,0.04166646153391292,0.31963927855711427
2022,11,ROU.3.36_1,0.04073072715680167,0.2965931863727455
2022,11,ROU.3.37_1,0.03965841066409449,0.27354709418837675
2022,11,ROU.3.38_1,0.040903021068546194,0.30060120240480964
2022,11,ROU.3.39_1,0.03585914996722602,0.20941883767535066
2022,11,ROU.3.3_1,0.039457257207450025,0.2695390781563126
2022,11,ROU.3.40_1,0.03919948555669432,0.26452905811623245
2022,11,ROU.3.41_1,0.04244126750596148,0.3416833667334669
2022,11,ROU.3.42_1,0.04059880165840491,0.2935871743486973
2022,11,ROU.3.43_1,0.042375524914021134,0.3396793587174348
2022,11,ROU.3.44_1,0.0413559310132389,0.3116232464929859
2022,11,ROU.3.45_1,0.03592887278629504,0.2104208416833667
2022,11,ROU.3.46_1,0.04162850027039509,0.3186372745490981
2022,11,ROU.3.47_1,0.040730727156801635,0.2965931863727455
2022,11,ROU.3.48_1,0.04111265751199857,0.3056112224448897
2022,11,ROU.3.49_1,0.04234230644091953,0.3386773547094188
2022,11,ROU.3.4_1,0.04090302106854619,0.30060120240480964
2022,11,ROU.3.50_1,0.03935499843274611,0.26753507014028055
2022,11,ROU.3.51_1,0.04009488125034134,0.28256513026052105
2022,11,ROU.3.52_1,0.0406430359474816,0.29458917835671344
2022,11,ROU.3.53_1,0.03919948555669425,0.26452905811623245
2022,11,ROU.3.54_1,0.04009488125034135,0.28256513026052105
2022,11,ROU.3.55_1,0.04170418032446182,0.3206412825651303
2022,11,ROU.3.56_1,0.0405988016584048,0.2935871743486973
2022,11,ROU.3.57_1,0.041316007856699644,0.31062124248497
2022,11,ROU.3.58_1,0.04199727177257768,0.32865731462925857
2022,11,ROU.3.59_1,0.04115382773807648,0.30661322645290584
2022,11,ROU.3.5_1,0.040860331809066765,0.2995991983967936
2022,11,ROU.3.60_1,0.0345400866382659,0.19138276553106218
2022,11,ROU.3.61_1,0.04135593101323888,0.3116232464929859
2022,11,ROU.3.62_1,0.040373712520131395,0.28857715430861725
2022,11,ROU.3.63_1,0.042695050008367166,0.34969939879759515
2022,11,ROU.3.64_1,0.0407307271568017,0.2965931863727455
2022,11,ROU.3.65_1,0.03990362322256436,0.2785571142284569
2022,11,ROU.3.66_1,0.039708003775604905,0.2745490981963928
2022,11,ROU.3.67_1,0.041551847917387225,0.31663326653306617
2022,11,ROU.3.68_1,0.041704180324461784,0.3206412825651303
2022,11,ROU.3.69_1,0.0408173868911267,0.2985971943887776
2022,11,ROU.3.6_1,0.039951844387004755,0.27955911823647295
2022,11,ROU.3.70_1,0.04086033180906674,0.2995991983967936
2022,11,ROU.3.71_1,0.0421381036868715,0.3326653306613226
2022,11,ROU.3.72_1,0.0422071064489409,0.33466933867735477
2022,11,ROU.3.73_1,0.04131600785669965,0.31062124248497
2022,11,ROU.3.74_1,0.03557660719068578,0.20541082164328653
2022,11,ROU.3.75_1,0.03815359116029784,0.24549098196392785
2022,11,ROU.3.76_1,0.03838273329162205,0.24949899799599198
2022,11,ROU.3.77_1,0.04185264256153214,0.32464929859719444
2022,11,ROU.3.78_1,0.04046453484455117,0.2905811623246492
2022,11,ROU.3.79_1,0.04237552491402111,0.3396793587174348
2022,11,ROU.3.7_1,0.04174165723655601,0.32164328657314634
2022,11,ROU.3.80_1,0.04123541661552883,0.3086172344689379
2022,11,ROU.3.81_1,0.036406917078049765,0.21743486973947893
2022,11,ROU.3.82_1,0.041275836609137945,0.30961923847695383
2022,11,ROU.3.83_1,0.03904139865621323,0.26152304609218435
2022,11,ROU.3.84_1,0.041889157791035234,0.32565130260521036
2022,11,ROU.3.85_1,0.04155184791738723,0.31663326653306617
2022,11,ROU.3.86_1,0.0407741855857474,0.29759519038076154
2022,11,ROU.3.87_1,0.04023549635725002,0.28557114228456904
2022,11,ROU.3.88_1,0.04199727177257767,0.32865731462925857
2022,11,ROU.3.89_1,0.04098763549272172,0.3026052104208417
2022,11,ROU.3.8_1,0.04123541661552883,0.3086172344689379
2022,11,ROU.3.90_1,0.04151315560969296,0.31563126252505014
2022,11,ROU.3.91_1,0.03904139865621322,0.26152304609218435
2022,11,ROU.3.92_1,0.039658410664094486,0.27354709418837675
2022,11,ROU.3.93_1,0.03737445616120218,0.23246492985971942
2022,11,ROU.3.94_1,0.03898812616854866,0.2605210420841683
2022,11,ROU.3.95_1,0.041815887774808755,0.3236472945891783
2022,11,ROU.3.96_1,0.03909438201518482,0.2625250501002004
2022,11,ROU.3.97_1,0.040235496357250024,0.28557114228456904
2022,11,ROU.3.98_1,0.042725746852398785,0.3507014028056112
2022,11,ROU.3.99_1,0.041153827738076486,0.30661322645290584
2022,11,ROU.3.9_1,0.03945725720745003,0.2695390781563126
2022,11,ROU.30.10_1,0.03476860943902878,0.19438877755511016
2022,11,ROU.30.11_1,0.03826877246779929,0.24749498997995992
2022,11,ROU.30.12_1,0.038211334990488795,0.246492985971944
2022,11,ROU.30.13_1,0.03904139865621324,0.26152304609218435
2022,11,ROU.30.14_1,0.03860703218473437,0.2535070140280561
2022,11,ROU.30.15_1,0.03860703218473436,0.2535070140280561
2022,11,ROU.30.16_1,0.03633968549762288,0.21643286573146278
2022,11,ROU.30.17_1,0.040817386891126704,0.2985971943887776
2022,11,ROU.30.18_1,0.04077418558574731,0.29759519038076154
2022,11,ROU.30.19_1,0.03633968549762288,0.21643286573146278
2022,11,ROU.30.1_1,0.038325904827475506,0.24849699398797595
2022,11,ROU.30.20_1,0.03430795101871426,0.18837675350701397
2022,11,ROU.30.21_1,0.037680459105295064,0.23747494989979948
2022,11,ROU.30.22_1,0.03960854039940657,0.2725450901803607
2022,11,ROU.30.23_1,0.03826877246779929,0.24749498997995992
2022,11,ROU.30.24_1,0.0363396854976229,0.21643286573146278
2022,11,ROU.30.25_1,0.03660652579932899,0.22044088176352702
2022,11,ROU.30.26_1,0.036406917078049765,0.21743486973947893
2022,11,ROU.30.27_1,0.03791952713584331,0.24148296593186372
2022,11,ROU.30.28_1,0.03737445616120216,0.23246492985971942
2022,11,ROU.30.29_1,0.03866235905489502,0.2545090180360721
2022,11,ROU.30.2_1,0.03893456348611331,0.2595190380761523
2022,11,ROU.30.30_1,0.04004747252614869,0.2815631262525049
2022,11,ROU.30.31_1,0.03585914996722602,0.20941883767535066
2022,11,ROU.30.32_1,0.03809553972866257,0.2444889779559117
2022,11,ROU.30.33_1,0.03627210338175869,0.21543086172344697
2022,11,ROU.30.34_1,0.0416285002703951,0.3186372745490981
2022,11,ROU.30.35_1,0.03914707730058033,0.2635270541082164
2022,11,ROU.30.36_1,0.0380955397286626,0.2444889779559117
2022,11,ROU.30.37_1,0.03838273329162207,0.24949899799599198
2022,11,ROU.30.38_1,0.038439259069374954,0.250501002004008
2022,11,ROU.30.39_1,0.03985512948058406,0.2775551102204409
2022,11,ROU.30.3_1,0.03647379985239163,0.21843687374749496
2022,11,ROU.30.40_1,0.03945725720745003,0.2695390781563126
2022,11,ROU.30.41_1,0.03633968549762291,0.21643286573146278
2022,11,ROU.30.42_1,0.03855140733844689,0.25250501002004005
2022,11,ROU.30.43_1,0.03809553972866255,0.2444889779559117
2022,11,ROU.30.44_1,0.03919948555669426,0.26452905811623245
2022,11,ROU.30.45_1,0.0364069170780497,0.21743486973947893
2022,11,ROU.30.46_1,0.039199485556694245,0.26452905811623245
2022,11,ROU.30.47_1,0.03627210338175869,0.21543086172344697
2022,11,ROU.30.48_1,0.03843925906937497,0.250501002004008
2022,11,ROU.30.49_1,0.03749782275340515,0.2344689378757515
2022,11,ROU.30.4_1,0.03904139865621321,0.26152304609218435
2022,11,ROU.30.50_1,0.03791952713584329,0.24148296593186372
2022,11,ROU.30.51_1,0.03647379985239159,0.21843687374749496
2022,11,ROU.30.52_1,0.040945455391464984,0.3016032064128257
2022,11,ROU.30.53_1,0.03849548335707844,0.251503006012024
2022,11,ROU.30.54_1,0.03877212344211008,0.2565130260521042
2022,11,ROU.30.55_1,0.0431592585691072,0.3657314629258517
2022,11,ROU.30.56_1,0.038772123442110076,0.2565130260521042
2022,11,ROU.30.57_1,0.04293430730455365,0.3577154308617234
2022,11,ROU.30.58_1,0.037919527135843276,0.24148296593186372
2022,11,ROU.30.59_1,0.037800623893680836,0.23947895791583165
2022,11,ROU.30.5_1,0.03706032411114866,0.22745490981963937
2022,11,ROU.30.60_1,0.037497822753405165,0.2344689378757515
2022,11,ROU.30.61_1,0.04349480652540879,0.3787575150300601
2022,11,ROU.30.62_1,0.03737445616120217,0.23246492985971942
2022,11,ROU.30.63_1,0.037123809634577454,0.22845691382765518
2022,11,ROU.30.64_1,0.037312285887030894,0.23146292585170328
2022,11,ROU.30.65_1,0.03712380963457739,0.22845691382765518
2022,11,ROU.30.66_1,0.0385514073384469,0.25250501002004005
2022,11,ROU.30.67_1,0.038268772467799354,0.24749498997995992
2022,11,ROU.30.68_1,0.0397080037756049,0.2745490981963928
2022,11,ROU.30.69_1,0.038772123442110076,0.2565130260521042
2022,11,ROU.30.6_1,0.034616659174707735,0.1923847695390781
2022,11,ROU.30.70_1,0.038826563216999205,0.2575150300601202
2022,11,ROU.30.71_1,0.039251607817131696,0.2655310621242485
2022,11,ROU.30.72_1,0.037978508999119066,0.24248496993987986
2022,11,ROU.30.73_1,0.03686786590249007,0.22444889779559116
2022,11,ROU.30.74_1,0.04307656514524694,0.3627254509018036
2022,11,ROU.30.7_1,0.03461665917470771,0.1923847695390781
2022,11,ROU.30.8_1,0.0385514073384469,0.25250501002004005
2022,11,ROU.30.9_1,0.036803040760427085,0.22344689378757523
2022,11,ROU.31.100_1,0.04064303594748161,0.29458917835671344
2022,11,ROU.31.101_1,0.04203283438238949,0.3296593186372745
2022,11,ROU.31.10_1,0.041153827738076486,0.30661322645290584
2022,11,ROU.31.11_1,0.04484815317975035,0.46893787575150286
2022,11,ROU.31.12_1,0.04351909805326036,0.37975951903807614
2022,11,ROU.31.13_1,0.041112657511998565,0.3056112224448897
2022,11,ROU.31.14_1,0.042905186829619316,0.35671342685370727
2022,11,ROU.31.15_1,0.042991878133693706,0.3597194388777555
2022,11,ROU.31.16_1,0.04073072715680166,0.2965931863727455
2022,11,ROU.31.17_1,0.043104350610421976,0.3637274549098196
2022,11,ROU.31.18_1,0.04162850027039505,0.3186372745490981
2022,11,ROU.31.19_1,0.0425381527750593,0.344689378757515
2022,11,ROU.31.1_1,0.0407741855857474,0.29759519038076154
2022,11,ROU.31.20_1,0.04296320426965445,0.35871743486973945
2022,11,ROU.31.21_1,0.040643035947481615,0.29458917835671344
2022,11,ROU.31.22_1,0.04192543402968462,0.3266533066132265
2022,11,ROU.31.23_1,0.0429918781336937,0.3597194388777555
2022,11,ROU.31.24_1,0.04256998880442952,0.345691382765531
2022,11,ROU.31.25_1,0.04151315560969295,0.31563126252505014
2022,11,ROU.31.26_1,0.04196147183837503,0.32765531062124253
2022,11,ROU.31.27_1,0.041961471838375015,0.32765531062124253
2022,11,ROU.31.28_1,0.0430203293013038,0.3607214428857715
2022,11,ROU.31.29_1,0.043344514759273284,0.3727454909819639
2022,11,ROU.31.2_1,0.042963204269654366,0.35871743486973945
2022,11,ROU.31.30_1,0.041889157791035234,0.32565130260521036
2022,11,ROU.31.31_1,0.04260159608363391,0.34669338677354705
2022,11,ROU.31.32_1,0.0428758424319075,0.35571142284569135
2022,11,ROU.31.33_1,0.04315925856910719,0.3657314629258517
2022,11,ROU.31.34_1,0.042308855859258115,0.33767535070140275
2022,11,ROU.31.35_1,0.04281648019531075,0.3537074148296593
2022,11,ROU.31.36_1,0.04307656514524692,0.3627254509018036
2022,11,ROU.31.37_1,0.041961471838375,0.32765531062124253
2022,11,ROU.31.38_1,0.04217272239431715,0.3336673346693386
2022,11,ROU.31.39_1,0.04266412623133124,0.3486973947895791
2022,11,ROU.31.3_1,0.04162850027039511,0.3186372745490981
2022,11,ROU.31.40_1,0.0414350356417973,0.31362725450901807
2022,11,ROU.31.41_1,0.04188915779103526,0.32565130260521036
2022,11,ROU.31.42_1,0.043076565145246916,0.3627254509018036
2022,11,ROU.31.43_1,0.043567035149753075,0.3817635270541082
2022,11,ROU.31.44_1,0.04234230644091953,0.3386773547094188
2022,11,ROU.31.45_1,0.043420636077926976,0.3757515030060121
2022,11,ROU.31.46_1,0.0449014157148368,0.47995991983967934
2022,11,ROU.31.47_1,0.04227517267010104,0.33667334669338683
2022,11,ROU.31.48_1,0.0407741855857474,0.29759519038076154
2022,11,ROU.31.49_1,0.04192543402968462,0.3266533066132265
2022,11,ROU.31.4_1,0.04230885585925813,0.33767535070140275
2022,11,ROU.31.50_1,0.04250608752984241,0.34368737474949895
2022,11,ROU.31.51_1,0.041590295933603895,0.3176352705410822
2022,11,ROU.31.52_1,0.04098763549272165,0.3026052104208417
2022,11,ROU.31.53_1,0.040903021068546215,0.30060120240480964
2022,11,ROU.31.54_1,0.04290518682961931,0.35671342685370727
2022,11,ROU.31.55_1,0.04234230644091953,0.3386773547094188
2022,11,ROU.31.56_1,0.04275621720651012,0.35170340681362733
2022,11,ROU.31.57_1,0.04188915779103526,0.32565130260521036
2022,11,ROU.31.58_1,0.04224125636959843,0.3356713426853708
2022,11,ROU.31.59_1,0.04192543402968462,0.3266533066132265
2022,11,ROU.31.5_1,0.040945455391465,0.3016032064128257
2022,11,ROU.31.60_1,0.04166646153391289,0.31963927855711427
2022,11,ROU.31.61_1,0.04135593101323889,0.3116232464929859
2022,11,ROU.31.62_1,0.041275836609137945,0.30961923847695383
2022,11,ROU.31.63_1,0.042905186829619316,0.35671342685370727
2022,11,ROU.31.64_1,0.04471856090063486,0.4519038076152305
2022,11,ROU.31.65_1,0.04489756377030312,0.4789579158316633
2022,11,ROU.31.66_1,0.043131914956911516,0.36472945891783565
2022,11,ROU.31.67_1,0.04090302106854621,0.30060120240480964
2022,11,ROU.31.68_1,0.04244126750596147,0.3416833667334669
2022,11,ROU.31.69_1,0.04217272239431715,0.3336673346693386
2022,11,ROU.31.6_1,0.042138103686871466,0.3326653306613226
2022,11,ROU.31.70_1,0.04155184791738723,0.31663326653306617
2022,11,ROU.31.71_1,0.044626579844275684,0.4428857715430861
2022,11,ROU.31.72_1,0.042375524914021113,0.3396793587174348
2022,11,ROU.31.73_1,0.043020329301303784,0.3607214428857715
2022,11,ROU.31.74_1,0.04281648019531074,0.3537074148296593
2022,11,ROU.31.75_1,0.042846273694266954,0.3547094188376753
2022,11,ROU.31.76_1,0.04290518682961932,0.35671342685370727
2022,11,ROU.31.77_1,0.04299187813369369,0.3597194388777555
2022,11,ROU.31.78_1,0.04256998880442954,0.345691382765531
2022,11,ROU.31.79_1,0.04192543402968463,0.3266533066132265
2022,11,ROU.31.7_1,0.04155184791738723,0.31663326653306617
2022,11,ROU.31.80_1,0.04263297507375735,0.3476953907815631
2022,11,ROU.31.81_1,0.040987635492722566,0.3026052104208417
2022,11,ROU.31.82_1,0.04127583660913795,0.30961923847695383
2022,11,ROU.31.83_1,0.04342063607792695,0.3757515030060121
2022,11,ROU.31.84_1,0.04123541661552882,0.3086172344689379
2022,11,ROU.31.85_1,0.04487029525008523,0.4729458917835671
2022,11,ROU.31.86_1,0.04227517267010102,0.33667334669338683
2022,11,ROU.31.87_1,0.04278646150937983,0.35270541082164336
2022,11,ROU.31.88_1,0.04363733070841165,0.3847695390781563
2022,11,ROU.31.89_1,0.04489351396566118,0.4779559118236474
2022,11,ROU.31.8_1,0.04174165723655599,0.32164328657314634
2022,11,ROU.31.90_1,0.042342306440919526,0.3386773547094188
2022,11,ROU.31.91_1,0.04135593101323888,0.3116232464929859
2022,11,ROU.31.92_1,0.042905186829619316,0.35671342685370727
2022,11,ROU.31.93_1,0.04174165723655594,0.32164328657314634
2022,11,ROU.31.94_1,0.04493547751364311,0.503006012024048
2022,11,ROU.31.95_1,0.04493222044554566,0.49198396793587174
2022,11,ROU.31.96_1,0.04119474721446171,0.30761523046092176
2022,11,ROU.31.97_1,0.04224125636959846,0.3356713426853708
2022,11,ROU.31.98_1,0.04307656514524692,0.3627254509018036
2022,11,ROU.31.99_1,0.042032834382389486,0.3296593186372745
2022,11,ROU.31.9_1,0.043104350610422004,0.3637274549098196
2022,11,ROU.32.100_1,0.04018889231686864,0.2845691382765531
2022,11,ROU.32.10_1,0.0408173868911267,0.2985971943887776
2022,11,ROU.32.11_1,0.0400474725261487,0.2815631262525049
2022,11,ROU.32.12_1,0.03975732066755469,0.2755511022044088
2022,11,ROU.32.13_1,0.044603930222723756,0.44088176352705405
2022,11,ROU.32.14_1,0.04094545539146501,0.3016032064128257
2022,11,ROU.32.15_1,0.03849548335707844,0.251503006012024
2022,11,ROU.32.16_1,0.04234230644091953,0.3386773547094188
2022,11,ROU.32.17_1,0.04451830354100684,0.43386773547094193
2022,11,ROU.32.18_1,0.039147077300580306,0.2635270541082164
2022,11,ROU.32.19_1,0.04188915779103524,0.32565130260521036
2022,11,ROU.32.1_1,0.03909438201518479,0.2625250501002004
2022,11,ROU.32.20_1,0.03914707730058033,0.2635270541082164
2022,11,ROU.32.21_1,0.03930344510494176,0.2665330661322645
2022,11,ROU.32.22_1,0.04199727177257768,0.32865731462925857
2022,11,ROU.32.23_1,0.03761990025427184,0.23647294589178355
2022,11,ROU.32.24_1,0.03955839203846011,0.2715430861723447
2022,11,ROU.32.25_1,0.04170418032446173,0.3206412825651303
2022,11,ROU.32.26_1,0.040419255322054315,0.28957915831663317
2022,11,ROU.32.27_1,0.040817386891126704,0.2985971943887776
2022,11,ROU.32.28_1,0.03673787677395957,0.2224448897795591
2022,11,ROU.32.29_1,0.039251607817131696,0.2655310621242485
2022,11,ROU.32.2_1,0.04107123585527151,0.3046092184368738
2022,11,ROU.32.30_1,0.04256998880442952,0.345691382765531
2022,11,ROU.32.31_1,0.04032790563471896,0.2875751503006012
2022,11,ROU.32.32_1,0.04453114216719473,0.43486973947895785
2022,11,ROU.32.33_1,0.038153591160297866,0.24549098196392785
2022,11,ROU.32.34_1,0.039658410664094486,0.27354709418837675
2022,11,ROU.32.35_1,0.038880709531734683,0.25851703406813625
2022,11,ROU.32.36_1,0.04147421839250669,0.314629258517034
2022,11,ROU.32.37_1,0.03855140733844689,0.25250501002004005
2022,11,ROU.32.38_1,0.04115382773807648,0.30661322645290584
2022,11,ROU.32.39_1,0.04166646153391289,0.31963927855711427
2022,11,ROU.32.3_1,0.038662359054895006,0.2545090180360721
2022,11,ROU.32.40_1,0.04094545539146501,0.3016032064128257
2022,11,ROU.32.41_1,0.03821133499048877,0.246492985971944
2022,11,ROU.32.42_1,0.040774185585747365,0.29759519038076154
2022,11,ROU.32.43_1,0.044317223165326304,0.41983967935871747
2022,11,ROU.32.44_1,0.0447708745073675,0.4579158316633267
2022,11,ROU.32.45_1,0.04174165723655602,0.32164328657314634
2022,11,ROU.32.46_1,0.040774185585747386,0.29759519038076154
2022,11,ROU.32.47_1,0.04046453484455117,0.2905811623246492
2022,11,ROU.32.48_1,0.03882656321699924,0.2575150300601202
2022,11,ROU.32.49_1,0.044057163981650424,0.40480961923847697
2022,11,ROU.32.4_1,0.03990362322256465,0.2785571142284569
2022,11,ROU.32.50_1,0.03940626880286667,0.2685370741482966
2022,11,ROU.32.51_1,0.039406268802866684,0.2685370741482966
2022,11,ROU.32.52_1,0.03761990025427181,0.23647294589178355
2022,11,ROU.32.53_1,0.03904139865621321,0.26152304609218435
2022,11,ROU.32.54_1,0.039094382015184795,0.2625250501002004
2022,11,ROU.32.55_1,0.04037371252013143,0.28857715430861725
2022,11,ROU.32.56_1,0.039708003775604926,0.2745490981963928
2022,11,ROU.32.57_1,0.04023549635725001,0.28557114228456904
2022,11,ROU.32.58_1,0.03749782275340513,0.2344689378757515
2022,11,ROU.32.59_1,0.04032790563471896,0.2875751503006012
2022,11,ROU.32.5_1,0.03930344510494174,0.2665330661322645
2022,11,ROU.32.60_1,0.04414902011766343,0.409819639278557
2022,11,ROU.32.61_1,0.03849548335707844,0.251503006012024
2022,11,ROU.32.62_1,0.04050955188380271,0.29158316633266523
2022,11,ROU.32.63_1,0.04290518682961931,0.35671342685370727
2022,11,ROU.32.64_1,0.041741657236556,0.32164328657314634
2022,11,ROU.32.65_1,0.04139560672745637,0.31262525050100204
2022,11,ROU.32.66_1,0.04037371252013141,0.28857715430861725
2022,11,ROU.32.67_1,0.04188915779103526,0.32565130260521036
2022,11,ROU.32.68_1,0.04188915779103525,0.32565130260521036
2022,11,ROU.32.69_1,0.03925160781713173,0.2655310621242485
2022,11,ROU.32.6_1,0.039251607817131634,0.2655310621242485
2022,11,ROU.32.70_1,0.040094881250341344,0.28256513026052105
2022,11,ROU.32.71_1,0.04073072715680163,0.2965931863727455
2022,11,ROU.32.72_1,0.040047472526148736,0.2815631262525049
2022,11,ROU.32.73_1,0.0422071064489409,0.33466933867735477
2022,11,ROU.32.74_1,0.04135593101323888,0.3116232464929859
2022,11,ROU.32.75_1,0.04059880165840477,0.2935871743486973
2022,11,ROU.32.76_1,0.04482946306300979,0.465931863727455
2022,11,ROU.32.77_1,0.04139560672745637,0.31262525050100204
2022,11,ROU.32.78_1,0.04111265751199856,0.3056112224448897
2022,11,ROU.32.79_1,0.03803717943351839,0.24348697394789579
2022,11,ROU.32.7_1,0.03882656321699924,0.2575150300601202
2022,11,ROU.32.80_1,0.04482283576259066,0.46492985971943884
2022,11,ROU.32.81_1,0.04185264256153225,0.32464929859719444
2022,11,ROU.32.82_1,0.03985512948058405,0.2775551102204409
2022,11,ROU.32.83_1,0.039757320667554705,0.2755511022044088
2022,11,ROU.32.84_1,0.04073072715680161,0.2965931863727455
2022,11,ROU.32.85_1,0.038153591160297866,0.24549098196392785
2022,11,ROU.32.86_1,0.03909438201518485,0.2625250501002004
2022,11,ROU.32.87_1,0.04199727177257768,0.32865731462925857
2022,11,ROU.32.88_1,0.040419255322054315,0.28957915831663317
2022,11,ROU.32.89_1,0.03965841066409449,0.27354709418837675
2022,11,ROU.32.8_1,0.0447708745073675,0.4579158316633267
2022,11,ROU.32.90_1,0.04217272239431716,0.3336673346693386
2022,11,ROU.32.91_1,0.04046453484455117,0.2905811623246492
2022,11,ROU.32.92_1,0.04041925532205437,0.28957915831663317
2022,11,ROU.32.93_1,0.03755902193439961,0.23547094188376752
2022,11,ROU.32.94_1,0.04227517267010104,0.33667334669338683
2022,11,ROU.32.95_1,0.04442275398000693,0.4268537074148297
2022,11,ROU.32.96_1,0.041513155609693,0.31563126252505014
2022,11,ROU.32.97_1,0.04055430722819481,0.2925851703406814
2022,11,ROU.32.98_1,0.041316007856699644,0.31062124248497
2022,11,ROU.32.99_1,0.04068701086093323,0.29559118236472937
2022,11,ROU.32.9_1,0.04115382773807648,0.30661322645290584
2022,11,ROU.33.10_1,0.040464534844551175,0.2905811623246492
2022,11,ROU.33.11_1,0.03930344510494174,0.2665330661322645
2022,11,ROU.33.12_1,0.04115382773807647,0.30661322645290584
2022,11,ROU.33.13_1,0.040188892316868646,0.2845691382765531
2022,11,ROU.33.14_1,0.03925160781713167,0.2655310621242485
2022,11,ROU.33.15_1,0.04023549635725001,0.28557114228456904
2022,11,ROU.33.16_1,0.03990362322256464,0.2785571142284569
2022,11,ROU.33.17_1,0.03940626880286668,0.2685370741482966
2022,11,ROU.33.18_1,0.04018889231686864,0.2845691382765531
2022,11,ROU.33.19_1,0.03855140733844689,0.25250501002004005
2022,11,ROU.33.1_1,0.03930344510494174,0.2665330661322645
2022,11,ROU.33.20_1,0.040094881250341365,0.28256513026052105
2022,11,ROU.33.21_1,0.04077418558574736,0.29759519038076154
2022,11,ROU.33.22_1,0.039147077300580334,0.2635270541082164
2022,11,ROU.33.23_1,0.03849548335707844,0.251503006012024
2022,11,ROU.33.24_1,0.04018889231686864,0.2845691382765531
2022,11,ROU.33.25_1,0.03866235905489498,0.2545090180360721
2022,11,ROU.33.26_1,0.03955839203846011,0.2715430861723447
2022,11,ROU.33.27_1,0.04041925532205436,0.28957915831663317
2022,11,ROU.33.28_1,0.039708003775604926,0.2745490981963928
2022,11,ROU.33.29_1,0.03945725720745003,0.2695390781563126
2022,11,ROU.33.2_1,0.03955839203846009,0.2715430861723447
2022,11,ROU.33.30_1,0.039608540399406596,0.2725450901803607
2022,11,ROU.33.31_1,0.04077418558574737,0.29759519038076154
2022,11,ROU.33.32_1,0.0397573206675547,0.2755511022044088
2022,11,ROU.33.33_1,0.03898812616854867,0.2605210420841683
2022,11,ROU.33.34_1,0.0411947472144617,0.30761523046092176
2022,11,ROU.33.35_1,0.041961471838375,0.32765531062124253
2022,11,ROU.33.36_1,0.04068701086093324,0.29559118236472937
2022,11,ROU.33.37_1,0.039855129480584076,0.2775551102204409
2022,11,ROU.33.38_1,0.041071235855271435,0.3046092184368738
2022,11,ROU.33.39_1,0.04041925532205433,0.28957915831663317
2022,11,ROU.33.3_1,0.039406268802866684,0.2685370741482966
2022,11,ROU.33.40_1,0.03975732066755469,0.2755511022044088
2022,11,ROU.33.41_1,0.04111265751199857,0.3056112224448897
2022,11,ROU.33.42_1,0.039708003775604926,0.2745490981963928
2022,11,ROU.33.43_1,0.03909438201518483,0.2625250501002004
2022,11,ROU.33.44_1,0.03999979386183116,0.280561122244489
2022,11,ROU.33.45_1,0.040373712520131416,0.28857715430861725
2022,11,ROU.33.46_1,0.040598801658404765,0.2935871743486973
2022,11,ROU.33.47_1,0.03970800377560492,0.2745490981963928
2022,11,ROU.33.48_1,0.041153827738076486,0.30661322645290584
2022,11,ROU.33.49_1,0.03893456348611334,0.2595190380761523
2022,11,ROU.33.4_1,0.039251607817131696,0.2655310621242485
2022,11,ROU.33.50_1,0.040817386891126614,0.2985971943887776
2022,11,ROU.33.51_1,0.04081738689112661,0.2985971943887776
2022,11,ROU.33.52_1,0.04068701086093324,0.29559118236472937
2022,11,ROU.33.53_1,0.039951844387004824,0.27955911823647295
2022,11,ROU.33.54_1,0.03970800377560491,0.2745490981963928
2022,11,ROU.33.55_1,0.040281833853788196,0.2865731462925852
2022,11,ROU.33.56_1,0.04050955188380272,0.29158316633266523
2022,11,ROU.33.57_1,0.03791952713584331,0.24148296593186372
2022,11,ROU.33.58_1,0.04018889231686864,0.2845691382765531
2022,11,ROU.33.5_1,0.039951844387004845,0.27955911823647295
2022,11,ROU.33.6_1,0.04028183385378819,0.2865731462925852
2022,11,ROU.33.7_1,0.04004747252614873,0.2815631262525049
2022,11,ROU.33.8_1,0.041071235855271435,0.3046092184368738
2022,11,ROU.33.9_1,0.03815359116029784,0.24549098196392785
2022,11,ROU.34.10_1,0.039507964628592344,0.27054108216432865
2022,11,ROU.34.11_1,0.04064303594748162,0.29458917835671344
2022,11,ROU.34.12_1,0.039507964628592324,0.27054108216432865
2022,11,ROU.34.13_1,0.04102956208028721,0.30360721442885763
2022,11,ROU.34.14_1,0.041395606727456354,0.31262525050100204
2022,11,ROU.34.15_1,0.04413106412376045,0.408817635270541
2022,11,ROU.34.16_1,0.04174165723655594,0.32164328657314634
2022,11,ROU.34.17_1,0.04174165723655573,0.32164328657314634
2022,11,ROU.34.18_1,0.03737445616120216,0.23246492985971942
2022,11,ROU.34.19_1,0.04086033180906673,0.2995991983967936
2022,11,ROU.34.1_1,0.040554307228194815,0.2925851703406814
2022,11,ROU.34.20_1,0.03980636226420787,0.27655310621242485
2022,11,ROU.34.21_1,0.04073072715680169,0.2965931863727455
2022,11,ROU.34.22_1,0.04170418032446181,0.3206412825651303
2022,11,ROU.34.23_1,0.04135593101323888,0.3116232464929859
2022,11,ROU.34.24_1,0.041275836609137945,0.30961923847695383
2022,11,ROU.34.25_1,0.0396584106640945,0.27354709418837675
2022,11,ROU.34.26_1,0.0407741855857474,0.29759519038076154
2022,11,ROU.34.27_1,0.040235496357250024,0.28557114228456904
2022,11,ROU.34.28_1,0.03985512948058405,0.2775551102204409
2022,11,ROU.34.29_1,0.04162850027039503,0.3186372745490981
2022,11,ROU.34.2_1,0.04450526241781754,0.4328657314629258
2022,11,ROU.34.30_1,0.03945725720745003,0.2695390781563126
2022,11,ROU.34.31_1,0.04098763549272168,0.3026052104208417
2022,11,ROU.34.32_1,0.039558392038460136,0.2715430861723447
2022,11,ROU.34.33_1,0.04159029593360393,0.3176352705410822
2022,11,ROU.34.34_1,0.038717389095742835,0.25551102204408815
2022,11,ROU.34.35_1,0.040188892316868625,0.2845691382765531
2022,11,ROU.34.36_1,0.039251607817131724,0.2655310621242485
2022,11,ROU.34.37_1,0.0413559310132389,0.3116232464929859
2022,11,ROU.34.38_1,0.04418431087589443,0.4118236472945892
2022,11,ROU.34.39_1,0.040730727156801684,0.2965931863727455
2022,11,ROU.34.3_1,0.039251607817131696,0.2655310621242485
2022,11,ROU.34.40_1,0.04111265751199857,0.3056112224448897
2022,11,ROU.34.41_1,0.03935499843274611,0.26753507014028055
2022,11,ROU.34.42_1,0.040554307228194836,0.2925851703406814
2022,11,ROU.34.43_1,0.040687010860933244,0.29559118236472937
2022,11,ROU.34.44_1,0.04466946625138641,0.44689378757515025
2022,11,ROU.34.45_1,0.041889157791035275,0.32565130260521036
2022,11,ROU.34.46_1,0.040860331809066744,0.2995991983967936
2022,11,ROU.34.47_1,0.04028183385378819,0.2865731462925852
2022,11,ROU.34.48_1,0.03970800377560492,0.2745490981963928
2022,11,ROU.34.49_1,0.039757320667554705,0.2755511022044088
2022,11,ROU.34.4_1,0.03871738909574286,0.25551102204408815
2022,11,ROU.34.50_1,0.038662359054895006,0.2545090180360721
2022,11,ROU.34.51_1,0.04151315560969301,0.31563126252505014
2022,11,ROU.34.52_1,0.04037371252013143,0.28857715430861725
2022,11,ROU.34.53_1,0.044235697299627175,0.4148296593186372
2022,11,ROU.34.54_1,0.03803717943351838,0.24348697394789579
2022,11,ROU.34.55_1,0.0414350356417973,0.31362725450901807
2022,11,ROU.34.56_1,0.04119474721446173,0.30761523046092176
2022,11,ROU.34.57_1,0.04046453484455117,0.2905811623246492
2022,11,ROU.34.58_1,0.038325904827475506,0.24849699398797595
2022,11,ROU.34.59_1,0.04102956208028716,0.30360721442885763
2022,11,ROU.34.5_1,0.03882656321699924,0.2575150300601202
2022,11,ROU.34.60_1,0.04018889231686863,0.2845691382765531
2022,11,ROU.34.6_1,0.03940626880286668,0.2685370741482966
2022,11,ROU.34.7_1,0.040142020896168626,0.2835671342685371
2022,11,ROU.34.8_1,0.04119474721446173,0.30761523046092176
2022,11,ROU.34.9_1,0.0399036232225646,0.2785571142284569
2022,11,ROU.35.10_1,0.0385514073384469,0.25250501002004005
2022,11,ROU.35.11_1,0.038325904827475506,0.24849699398797595
2022,11,ROU.35.12_1,0.037919527135843366,0.24148296593186372
2022,11,ROU.35.13_1,0.03866235905489496,0.2545090180360721
2022,11,ROU.35.14_1,0.038934563486113294,0.2595190380761523
2022,11,ROU.35.15_1,0.0385514073384469,0.25250501002004005
2022,11,ROU.35.16_1,0.03317488699465889,0.1743486973947895
2022,11,ROU.35.17_1,0.03877212344211008,0.2565130260521042
2022,11,ROU.35.18_1,0.03791952713584336,0.24148296593186372
2022,11,ROU.35.19_1,0.03871738909574292,0.25551102204408815
2022,11,ROU.35.1_1,0.037740699864460096,0.23847695390781562
2022,11,ROU.35.20_1,0.03768045910529505,0.23747494989979948
2022,11,ROU.35.21_1,0.03975732066755469,0.2755511022044088
2022,11,ROU.35.22_1,0.037123809634577606,0.22845691382765518
2022,11,ROU.35.23_1,0.03578906391308234,0.20841683366733474
2022,11,ROU.35.24_1,0.03898812616854868,0.2605210420841683
2022,11,ROU.35.25_1,0.03699650601105098,0.22645290581162333
2022,11,ROU.35.26_1,0.03375187911770993,0.18136272545090185
2022,11,ROU.35.27_1,0.03925160781713169,0.2655310621242485
2022,11,ROU.35.28_1,0.03980636226420786,0.27655310621242485
2022,11,ROU.35.29_1,0.03970800377560491,0.2745490981963928
2022,11,ROU.35.2_1,0.03815359116029787,0.24549098196392785
2022,11,ROU.35.30_1,0.03882656321699924,0.2575150300601202
2022,11,ROU.35.31_1,0.03860703218473434,0.2535070140280561
2022,11,ROU.35.32_1,0.03761990025427182,0.23647294589178355
2022,11,ROU.35.33_1,0.03960854039940657,0.2725450901803607
2022,11,ROU.35.34_1,0.03914707730058033,0.2635270541082164
2022,11,ROU.35.35_1,0.03809553972866255,0.2444889779559117
2022,11,ROU.35.36_1,0.038268772467799285,0.24749498997995992
2022,11,ROU.35.37_1,0.0389345634861133,0.2595190380761523
2022,11,ROU.35.38_1,0.03877212344211008,0.2565130260521042
2022,11,ROU.35.39_1,0.03627210338175869,0.21543086172344697
2022,11,ROU.35.3_1,0.03866235905489498,0.2545090180360721
2022,11,ROU.35.40_1,0.039406268802866684,0.2685370741482966
2022,11,ROU.35.41_1,0.03940626880286667,0.2685370741482966
2022,11,ROU.35.42_1,0.03699650601105092,0.22645290581162333
2022,11,ROU.35.43_1,0.038095539728662565,0.2444889779559117
2022,11,ROU.35.44_1,0.037740699864460145,0.23847695390781562
2022,11,ROU.35.45_1,0.03791952713584335,0.24148296593186372
2022,11,ROU.35.46_1,0.036067236217727346,0.21242484969939876
2022,11,ROU.35.47_1,0.03990362322256466,0.2785571142284569
2022,11,ROU.35.48_1,0.0363396854976229,0.21643286573146278
2022,11,ROU.35.49_1,0.038717389095742856,0.25551102204408815
2022,11,ROU.35.4_1,0.036067236217727325,0.21242484969939876
2022,11,ROU.35.50_1,0.0396584106640945,0.27354709418837675
2022,11,ROU.35.51_1,0.03990362322256466,0.2785571142284569
2022,11,ROU.35.52_1,0.039354998432746105,0.26753507014028055
2022,11,ROU.35.53_1,0.03990362322256468,0.2785571142284569
2022,11,ROU.35.54_1,0.03838273329162207,0.24949899799599198
2022,11,ROU.35.55_1,0.03930344510494178,0.2665330661322645
2022,11,ROU.35.56_1,0.03965841066409449,0.27354709418837675
2022,11,ROU.35.57_1,0.038325904827475506,0.24849699398797595
2022,11,ROU.35.58_1,0.03985512948058405,0.2775551102204409
2022,11,ROU.35.59_1,0.03955839203846013,0.2715430861723447
2022,11,ROU.35.5_1,0.03919948555669425,0.26452905811623245
2022,11,ROU.35.60_1,0.040142020896168626,0.2835671342685371
2022,11,ROU.35.61_1,0.039806362264207876,0.27655310621242485
2022,11,ROU.35.62_1,0.03860703218473437,0.2535070140280561
2022,11,ROU.35.6_1,0.03914707730058033,0.2635270541082164
2022,11,ROU.35.7_1,0.039147077300580355,0.2635270541082164
2022,11,ROU.35.8_1,0.03975732066755469,0.2755511022044088
2022,11,ROU.35.9_1,0.03945725720745002,0.2695390781563126
2022,11,ROU.36.10_1,0.04351909805326036,0.37975951903807614
2022,11,ROU.36.11_1,0.03737445616120219,0.23246492985971942
2022,11,ROU.36.12_1,0.0347686094390288,0.19438877755511016
2022,11,ROU.36.13_1,0.03755902193439961,0.23547094188376752
2022,11,ROU.36.14_1,0.03749782275340514,0.2344689378757515
2022,11,ROU.36.15_1,0.04278646150937983,0.35270541082164336
2022,11,ROU.36.16_1,0.03774069986446015,0.23847695390781562
2022,11,ROU.36.17_1,0.036996506011050936,0.22645290581162333
2022,11,ROU.36.18_1,0.03536081141455968,0.20240480961923832
2022,11,ROU.36.19_1,0.03300605504718028,0.17234468937875744
2022,11,ROU.36.1_1,0.03780062389368094,0.23947895791583165
2022,11,ROU.36.20_1,0.03724978902535131,0.23046092184368736
2022,11,ROU.36.21_1,0.03375187911770993,0.18136272545090185
2022,11,ROU.36.22_1,0.03564779446325793,0.20641282565130267
2022,11,ROU.36.23_1,0.03860703218473438,0.2535070140280561
2022,11,ROU.36.24_1,0.038325904827475506,0.24849699398797595
2022,11,ROU.36.25_1,0.034993582280348684,0.19739478957915838
2022,11,ROU.36.26_1,0.0389345634861133,0.2595190380761523
2022,11,ROU.36.27_1,0.03791952713584333,0.24148296593186372
2022,11,ROU.36.28_1,0.04296320426965443,0.35871743486973945
2022,11,ROU.36.29_1,0.042506087529842404,0.34368737474949895
2022,11,ROU.36.2_1,0.0385514073384469,0.25250501002004005
2022,11,ROU.36.30_1,0.03914707730058033,0.2635270541082164
2022,11,ROU.36.31_1,0.038880709531734683,0.25851703406813625
2022,11,ROU.36.32_1,0.036406917078049786,0.21743486973947893
2022,11,ROU.36.33_1,0.038325904827475506,0.24849699398797595
2022,11,ROU.36.34_1,0.0385514073384469,0.25250501002004005
2022,11,ROU.36.35_1,0.03557660719068575,0.20541082164328653
2022,11,ROU.36.36_1,0.03476860943902881,0.19438877755511016
2022,11,ROU.36.37_1,0.038153591160297866,0.24549098196392785
2022,11,ROU.36.38_1,0.038382733291622013,0.24949899799599198
2022,11,ROU.36.39_1,0.03780062389368087,0.23947895791583165
2022,11,ROU.36.3_1,0.038607032184734366,0.2535070140280561
2022,11,ROU.36.40_1,0.03761990025427179,0.23647294589178355
2022,11,ROU.36.41_1,0.03718696410410587,0.22945891783567132
2022,11,ROU.36.42_1,0.03755902193439965,0.23547094188376752
2022,11,ROU.36.43_1,0.03585914996722602,0.20941883767535066
2022,11,ROU.36.44_1,0.038268772467799264,0.24749498997995992
2022,11,ROU.36.45_1,0.03860703218473438,0.2535070140280561
2022,11,ROU.36.46_1,0.032312359793050895,0.16432865731462928
2022,11,ROU.36.47_1,0.03882656321699921,0.2575150300601202
2022,11,ROU.36.48_1,0.03647379985239163,0.21843687374749496
2022,11,ROU.36.49_1,0.036135880523205356,0.2134268537074148
2022,11,ROU.36.4_1,0.03514162192953801,0.19939879759519044
2022,11,ROU.36.50_1,0.03673787677395961,0.2224448897795591
2022,11,ROU.36.51_1,0.03815359116029785,0.24549098196392785
2022,11,ROU.36.52_1,0.03826877246779929,0.24749498997995992
2022,11,ROU.36.53_1,0.036867865902490055,0.22444889779559116
2022,11,ROU.36.54_1,0.043076565145246944,0.3627254509018036
2022,11,ROU.36.55_1,0.03292096135954545,0.17134268537074152
2022,11,ROU.36.56_1,0.03557660719068577,0.20541082164328653
2022,11,ROU.36.57_1,0.03274940303677262,0.16933867735470945
2022,11,ROU.36.58_1,0.03620416898054942,0.21442885771543072
2022,11,ROU.36.59_1,0.03945725720745003,0.2695390781563126
2022,11,ROU.36.5_1,0.043239968784663234,0.3687374749498998
2022,11,ROU.36.60_1,0.03446311269826623,0.19038076152304603
2022,11,ROU.36.61_1,0.03871738909574289,0.25551102204408815
2022,11,ROU.36.62_1,0.03774069986446019,0.23847695390781562
2022,11,ROU.36.63_1,0.03821133499048876,0.246492985971944
2022,11,ROU.36.64_1,0.03755902193439965,0.23547094188376752
2022,11,ROU.36.65_1,0.034540086638266035,0.19138276553106218
2022,11,ROU.36.66_1,0.035505048928485154,0.2044088176352705
2022,11,ROU.36.67_1,0.03843925906937496,0.250501002004008
2022,11,ROU.36.68_1,0.037123809634577454,0.22845691382765518
2022,11,ROU.36.69_1,0.039806362264207897,0.27655310621242485
2022,11,ROU.36.6_1,0.03786023254001065,0.24048096192384757
2022,11,ROU.36.70_1,0.04339547952380598,0.374749498997996
2022,11,ROU.36.71_1,0.0368678659024901,0.22444889779559116
2022,11,ROU.36.72_1,0.034385734965410586,0.1893787575150301
2022,11,ROU.36.73_1,0.04018889231686864,0.2845691382765531
2022,11,ROU.36.74_1,0.03866235905489502,0.2545090180360721
2022,11,ROU.36.75_1,0.03803717943351837,0.24348697394789579
2022,11,ROU.36.76_1,0.03743630130350768,0.23346693386773534
2022,11,ROU.36.77_1,0.040281833853788196,0.2865731462925852
2022,11,ROU.36.78_1,0.037186964104105824,0.22945891783567132
2022,11,ROU.36.79_1,0.037860232540010655,0.24048096192384757
2022,11,ROU.36.7_1,0.037123809634577454,0.22845691382765518
2022,11,ROU.36.80_1,0.036339685497622926,0.21643286573146278
2022,11,ROU.36.81_1,0.042601596083633904,0.34669338677354705
2022,11,ROU.36.82_1,0.03606723621772734,0.21242484969939876
2022,11,ROU.36.83_1,0.03849548335707844,0.251503006012024
2022,11,ROU.36.84_1,0.03815359116029786,0.24549098196392785
2022,11,ROU.36.85_1,0.037249789025351296,0.23046092184368736
2022,11,ROU.36.86_1,0.03761990025427182,0.23647294589178355
2022,11,ROU.36.87_1,0.035998234250569555,0.21142284569138262
2022,11,ROU.36.88_1,0.038211334990488774,0.246492985971944
2022,11,ROU.36.89_1,0.03803717943351838,0.24348697394789579
2022,11,ROU.36.8_1,0.03904139865621321,0.26152304609218435
2022,11,ROU.36.90_1,0.03667237233065551,0.22144288577154306
2022,11,ROU.36.91_1,0.03476860943902882,0.19438877755511016
2022,11,ROU.36.92_1,0.03476860943902887,0.19438877755511016
2022,11,ROU.36.93_1,0.03919948555669424,0.26452905811623245
2022,11,ROU.36.94_1,0.03803717943351837,0.24348697394789579
2022,11,ROU.36.95_1,0.03712380963457747,0.22845691382765518
2022,11,ROU.36.96_1,0.038325904827475506,0.24849699398797595
2022,11,ROU.36.97_1,0.03737445616120218,0.23246492985971942
2022,11,ROU.36.98_1,0.038988126168548666,0.2605210420841683
2022,11,ROU.36.9_1,0.038439259069374995,0.250501002004008
2022,11,ROU.37.10_1,0.04302032930130379,0.3607214428857715
2022,11,ROU.37.11_1,0.04287584243190796,0.35571142284569135
2022,11,ROU.37.12_1,0.04237552491402112,0.3396793587174348
2022,11,ROU.37.13_1,0.042786461509379835,0.35270541082164336
2022,11,ROU.37.14_1,0.042207106448940886,0.33466933867735477
2022,11,ROU.37.15_1,0.04272574685239876,0.3507014028056112
2022,11,ROU.37.16_1,0.041513155609692945,0.31563126252505014
2022,11,ROU.37.17_1,0.04272574685239878,0.3507014028056112
2022,11,ROU.37.18_1,0.04349480652540879,0.3787575150300601
2022,11,ROU.37.19_1,0.042375524914021134,0.3396793587174348
2022,11,ROU.37.1_1,0.04296320426965445,0.35871743486973945
2022,11,ROU.37.20_1,0.04307656514524692,0.3627254509018036
2022,11,ROU.37.21_1,0.0430203293013038,0.3607214428857715
2022,11,ROU.37.22_1,0.044936957928073736,0.49799599198396793
2022,11,ROU.37.23_1,0.04331870585301196,0.3717434869739479
2022,11,ROU.37.24_1,0.04188915779103526,0.32565130260521036
2022,11,ROU.37.25_1,0.042408511772625106,0.34068136272545096
2022,11,ROU.37.26_1,0.043213285108427535,0.36773547094188375
2022,11,ROU.37.27_1,0.04181588777480875,0.3236472945891783
2022,11,ROU.37.28_1,0.043239968784663234,0.3687374749498998
2022,11,ROU.37.29_1,0.04321328510842756,0.36773547094188375
2022,11,ROU.37.2_1,0.042786461509379835,0.35270541082164336
2022,11,ROU.37.30_1,0.04484815317975035,0.46893787575150286
2022,11,ROU.37.31_1,0.04244126750596147,0.3416833667334669
2022,11,ROU.37.32_1,0.04217272239431716,0.3336673346693386
2022,11,ROU.37.33_1,0.043567035149753096,0.3817635270541082
2022,11,ROU.37.34_1,0.04296320426965445,0.35871743486973945
2022,11,ROU.37.35_1,0.04244126750596147,0.3416833667334669
2022,11,ROU.37.36_1,0.043494806525408804,0.3787575150300601
2022,11,ROU.37.37_1,0.04188915779103526,0.32565130260521036
2022,11,ROU.37.38_1,0.044880176891459754,0.4749498997995992
2022,11,ROU.37.39_1,0.04351909805326036,0.37975951903807614
2022,11,ROU.37.3_1,0.04272574685239879,0.3507014028056112
2022,11,ROU.37.40_1,0.04342063607792696,0.3757515030060121
2022,11,ROU.37.41_1,0.0426015960836339,0.34669338677354705
2022,11,ROU.37.42_1,0.04487029525008523,0.4729458917835671
2022,11,ROU.37.43_1,0.0429918781336937,0.3597194388777555
2022,11,ROU.37.44_1,0.04217272239431716,0.3336673346693386
2022,11,ROU.37.45_1,0.04339547952380597,0.374749498997996
2022,11,ROU.37.46_1,0.04244126750596147,0.3416833667334669
2022,11,ROU.37.47_1,0.04263297507375736,0.3476953907815631
2022,11,ROU.37.48_1,0.04151315560969294,0.31563126252505014
2022,11,ROU.37.49_1,0.04492718637191076,0.48897795591182364
2022,11,ROU.37.4_1,0.041435035641797305,0.31362725450901807
2022,11,ROU.37.50_1,0.0425381527750593,0.344689378757515
2022,11,ROU.37.51_1,0.04185264256153217,0.32464929859719444
2022,11,ROU.37.52_1,0.041815887774808755,0.3236472945891783
2022,11,ROU.37.53_1,0.04349480652540882,0.3787575150300601
2022,11,ROU.37.54_1,0.04478671613273831,0.4599198396793587
2022,11,ROU.37.55_1,0.0430203293013038,0.3607214428857715
2022,11,ROU.37.56_1,0.042875842431907514,0.35571142284569135
2022,11,ROU.37.57_1,0.04481600969971238,0.4639278557114229
2022,11,ROU.37.58_1,0.04272574685239879,0.3507014028056112
2022,11,ROU.37.59_1,0.04260159608363391,0.34669338677354705
2022,11,ROU.37.5_1,0.04313191495691153,0.36472945891783565
2022,11,ROU.37.60_1,0.04493350355864271,0.49298597194388777
2022,11,ROU.37.61_1,0.04275621720651017,0.35170340681362733
2022,11,ROU.37.62_1,0.043159258569107205,0.3657314629258517
2022,11,ROU.37.63_1,0.042756217206510135,0.35170340681362733
2022,11,ROU.37.64_1,0.042725746852398744,0.3507014028056112
2022,11,ROU.37.65_1,0.043020329301303784,0.3607214428857715
2022,11,ROU.37.66_1,0.04368312468434958,0.3867735470941884
2022,11,ROU.37.67_1,0.041435035641797326,0.31362725450901807
2022,11,ROU.37.68_1,0.04162850027039505,0.3186372745490981
2022,11,ROU.37.69_1,0.041961471838374995,0.32765531062124253
2022,11,ROU.37.6_1,0.0422071064489409,0.33466933867735477
2022,11,ROU.37.70_1,0.043076565145246916,0.3627254509018036
2022,11,ROU.37.71_1,0.042068160212582556,0.33066132264529063
2022,11,ROU.37.72_1,0.04263297507375735,0.3476953907815631
2022,11,ROU.37.73_1,0.04281648019531074,0.3537074148296593
2022,11,ROU.37.74_1,0.04397993046231188,0.40080160320641284
2022,11,ROU.37.75_1,0.04244126750596148,0.3416833667334669
2022,11,ROU.37.76_1,0.042103249802654175,0.33166332665330667
2022,11,ROU.37.77_1,0.04344557587102488,0.37675350701402816
2022,11,ROU.37.78_1,0.043660334463641655,0.38577154308617234
2022,11,ROU.37.79_1,0.04247379259847071,0.3426853707414829
2022,11,ROU.37.7_1,0.04363733070841162,0.3847695390781563
2022,11,ROU.37.80_1,0.042408511772625106,0.34068136272545096
2022,11,ROU.37.81_1,0.04293430730455366,0.3577154308617234
2022,11,ROU.37.82_1,0.042963204269654436,0.35871743486973945
2022,11,ROU.37.83_1,0.04296320426965444,0.35871743486973945
2022,11,ROU.37.84_1,0.04244126750596148,0.3416833667334669
2022,11,ROU.37.85_1,0.04493666184874081,0.501002004008016
2022,11,ROU.37.86_1,0.04302032930130379,0.3607214428857715
2022,11,ROU.37.87_1,0.044908526206642596,0.4819639278557114
2022,11,ROU.37.88_1,0.04488926625214808,0.47695390781563113
2022,11,ROU.37.8_1,0.04278646150937983,0.35270541082164336
2022,11,ROU.37.9_1,0.04244126750596147,0.3416833667334669
2022,11,ROU.38.10_1,0.0386070321847344,0.2535070140280561
2022,11,ROU.38.11_1,0.03965841066409449,0.27354709418837675
2022,11,ROU.38.12_1,0.0393549984327461,0.26753507014028055
2022,11,ROU.38.13_1,0.038153591160297824,0.24549098196392785
2022,11,ROU.38.14_1,0.04463760284812439,0.44388777555110226
2022,11,ROU.38.15_1,0.04151315560969299,0.31563126252505014
2022,11,ROU.38.16_1,0.04418431087589443,0.4118236472945892
2022,11,ROU.38.17_1,0.04023549635725,0.28557114228456904
2022,11,ROU.38.18_1,0.04077418558574742,0.29759519038076154
2022,11,ROU.38.19_1,0.040235496357250024,0.28557114228456904
2022,11,ROU.38.1_1,0.03955839203846016,0.2715430861723447
2022,11,ROU.38.20_1,0.03940626880286668,0.2685370741482966
2022,11,ROU.38.21_1,0.03815359116029783,0.24549098196392785
2022,11,ROU.38.22_1,0.03749782275340514,0.2344689378757515
2022,11,ROU.38.23_1,0.038988126168548645,0.2605210420841683
2022,11,ROU.38.24_1,0.04032790563471894,0.2875751503006012
2022,11,ROU.38.25_1,0.04086033180906674,0.2995991983967936
2022,11,ROU.38.26_1,0.04220710644894091,0.33466933867735477
2022,11,ROU.38.27_1,0.03965841066409449,0.27354709418837675
2022,11,ROU.38.28_1,0.04064303594748162,0.29458917835671344
2022,11,ROU.38.29_1,0.039041398656213235,0.26152304609218435
2022,11,ROU.38.2_1,0.04081738689112669,0.2985971943887776
2022,11,ROU.38.30_1,0.03843925906937495,0.250501002004008
2022,11,ROU.38.31_1,0.042756217206510176,0.35170340681362733
2022,11,ROU.38.32_1,0.04098763549272167,0.3026052104208417
2022,11,ROU.38.33_1,0.0378006238936809,0.23947895791583165
2022,11,ROU.38.34_1,0.04009488125034136,0.28256513026052105
2022,11,ROU.38.35_1,0.040327905634718934,0.2875751503006012
2022,11,ROU.38.36_1,0.04073072715680164,0.2965931863727455
2022,11,ROU.38.37_1,0.04188915779103527,0.32565130260521036
2022,11,ROU.38.38_1,0.04068701086093326,0.29559118236472937
2022,11,ROU.38.39_1,0.04287584243190795,0.35571142284569135
2022,11,ROU.38.3_1,0.038662359054894985,0.2545090180360721
2022,11,ROU.38.40_1,0.040730727156801656,0.2965931863727455
2022,11,ROU.38.41_1,0.03950796462859234,0.27054108216432865
2022,11,ROU.38.42_1,0.04445106967440594,0.42885771543086165
2022,11,ROU.38.43_1,0.044332912483900096,0.4208416833667334
2022,11,ROU.38.44_1,0.0445311421671947,0.43486973947895785
2022,11,ROU.38.45_1,0.04440829068995693,0.42585170340681366
2022,11,ROU.38.46_1,0.039199485556694266,0.26452905811623245
2022,11,ROU.38.47_1,0.039507964628592324,0.27054108216432865
2022,11,ROU.38.48_1,0.039608540399406575,0.2725450901803607
2022,11,ROU.38.49_1,0.03955839203846012,0.2715430861723447
2022,11,ROU.38.4_1,0.038325904827475506,0.24849699398797595
2022,11,ROU.38.50_1,0.04442275398000694,0.4268537074148297
2022,11,ROU.38.51_1,0.03970800377560492,0.2745490981963928
2022,11,ROU.38.52_1,0.03888070953173469,0.25851703406813625
2022,11,ROU.38.53_1,0.0397573206675547,0.2755511022044088
2022,11,ROU.38.54_1,0.03999979386183116,0.280561122244489
2022,11,ROU.38.55_1,0.044689705144481916,0.4488977955911823
2022,11,ROU.38.56_1,0.040419255322054266,0.28957915831663317
2022,11,ROU.38.57_1,0.04155184791738723,0.31663326653306617
2022,11,ROU.38.58_1,0.03633968549762289,0.21643286573146278
2022,11,ROU.38.59_1,0.039303445104941784,0.2665330661322645
2022,11,ROU.38.5_1,0.044235697299627175,0.4148296593186372
2022,11,ROU.38.60_1,0.039251607817131655,0.2655310621242485
2022,11,ROU.38.61_1,0.03955839203846011,0.2715430861723447
2022,11,ROU.38.62_1,0.04014202089616864,0.2835671342685371
2022,11,ROU.38.63_1,0.044218774826431495,0.41382765531062116
2022,11,ROU.38.64_1,0.04028183385378819,0.2865731462925852
2022,11,ROU.38.65_1,0.040509551883802716,0.29158316633266523
2022,11,ROU.38.66_1,0.04414902011766344,0.409819639278557
2022,11,ROU.38.67_1,0.044615355681874455,0.4418837675350702
2022,11,ROU.38.68_1,0.04206816021258258,0.33066132264529063
2022,11,ROU.38.69_1,0.040327905634718955,0.2875751503006012
2022,11,ROU.38.6_1,0.044492018635618115,0.43186372745490986
2022,11,ROU.38.70_1,0.04403816871690407,0.40380761523046094
2022,11,ROU.38.71_1,0.039354998432746105,0.26753507014028055
2022,11,ROU.38.72_1,0.03791952713584336,0.24148296593186372
2022,11,ROU.38.73_1,0.03882656321699924,0.2575150300601202
2022,11,ROU.38.74_1,0.04443701358204495,0.42785571142284573
2022,11,ROU.38.75_1,0.041961471838375,0.32765531062124253
2022,11,ROU.38.76_1,0.036540335529758675,0.219438877755511
2022,11,ROU.38.77_1,0.04037371252013143,0.28857715430861725
2022,11,ROU.38.78_1,0.04014202089616862,0.2835671342685371
2022,11,ROU.38.79_1,0.04244126750596148,0.3416833667334669
2022,11,ROU.38.7_1,0.04474561636453562,0.4549098196392786
2022,11,ROU.38.80_1,0.04405716398165042,0.40480961923847697
2022,11,ROU.38.81_1,0.038325904827475506,0.24849699398797595
2022,11,ROU.38.82_1,0.04421877482643151,0.41382765531062116
2022,11,ROU.38.8_1,0.04014202089616862,0.2835671342685371
2022,11,ROU.38.9_1,0.04440829068995692,0.42585170340681366
2022,11,ROU.39.10_1,0.041513155609692945,0.31563126252505014
2022,11,ROU.39.11_1,0.04131600785669968,0.31062124248497
2022,11,ROU.39.12_1,0.04375021715662883,0.3897795591182365
2022,11,ROU.39.13_1,0.04227517267010104,0.33667334669338683
2022,11,ROU.39.14_1,0.040598801658404765,0.2935871743486973
2022,11,ROU.39.15_1,0.041741657236556005,0.32164328657314634
2022,11,ROU.39.16_1,0.04086033180906675,0.2995991983967936
2022,11,ROU.39.17_1,0.04115382773807647,0.30661322645290584
2022,11,ROU.39.18_1,0.04098763549272172,0.3026052104208417
2022,11,ROU.39.19_1,0.04068701086093324,0.29559118236472937
2022,11,ROU.39.1_1,0.042664126231331256,0.3486973947895791
2022,11,ROU.39.20_1,0.042375524914021065,0.3396793587174348
2022,11,ROU.39.21_1,0.041316007856699644,0.31062124248497
2022,11,ROU.39.22_1,0.04131600785669963,0.31062124248497
2022,11,ROU.39.23_1,0.04098763549272166,0.3026052104208417
2022,11,ROU.39.24_1,0.04260159608363391,0.34669338677354705
2022,11,ROU.39.25_1,0.04119474721446174,0.30761523046092176
2022,11,ROU.39.26_1,0.04185264256153215,0.32464929859719444
2022,11,ROU.39.27_1,0.0416285002703951,0.3186372745490981
2022,11,ROU.39.28_1,0.04155184791738723,0.31663326653306617
2022,11,ROU.39.29_1,0.04210324980265414,0.33166332665330667
2022,11,ROU.39.2_1,0.04177889285897204,0.32264529058116226
2022,11,ROU.39.30_1,0.041590295933603944,0.3176352705410822
2022,11,ROU.39.31_1,0.04323996878466323,0.3687374749498998
2022,11,ROU.39.32_1,0.04151315560969295,0.31563126252505014
2022,11,ROU.39.33_1,0.04131600785669966,0.31062124248497
2022,11,ROU.39.34_1,0.04220710644894092,0.33466933867735477
2022,11,ROU.39.35_1,0.041316007856699664,0.31062124248497
2022,11,ROU.39.36_1,0.04217272239431715,0.3336673346693386
2022,11,ROU.39.37_1,0.04155184791738723,0.31663326653306617
2022,11,ROU.39.38_1,0.0429051868296193,0.35671342685370727
2022,11,ROU.39.39_1,0.04111265751199854,0.6923847695390781
2022,11,ROU.39.3_1,0.04174165723655573,0.32164328657314634
2022,11,ROU.39.40_1,0.04192543402968461,0.3266533066132265
2022,11,ROU.39.41_1,0.03774069986446012,0.23847695390781562
2022,11,ROU.39.42_1,0.041071235855271435,0.3046092184368738
2022,11,ROU.39.43_1,0.04090302106854621,0.30060120240480964
2022,11,ROU.39.44_1,0.0443787523186645,0.4238476953907815
2022,11,ROU.39.45_1,0.041704180324461826,0.3206412825651303
2022,11,ROU.39.46_1,0.04213810368687148,0.3326653306613226
2022,11,ROU.39.47_1,0.04177889285897204,0.32264529058116226
2022,11,ROU.39.48_1,0.042756217206510135,0.35170340681362733
2022,11,ROU.39.4_1,0.042846273694266954,0.3547094188376753
2022,11,ROU.39.5_1,0.041704180324461784,0.3206412825651303
2022,11,ROU.39.6_1,0.04278646150937983,0.35270541082164336
2022,11,ROU.39.7_1,0.04263297507375735,0.3476953907815631
2022,11,ROU.39.8_1,0.04210324980265414,0.33166332665330667
2022,11,ROU.39.9_1,0.04127583660913795,0.30961923847695383
2022,11,ROU.4.10_1,0.03877212344211008,0.2565130260521042
2022,11,ROU.4.11_1,0.038382733291621965,0.24949899799599198
2022,11,ROU.4.12_1,0.0345400866382659,0.19138276553106218
2022,11,ROU.4.13_1,0.03945725720745003,0.2695390781563126
2022,11,ROU.4.14_1,0.03809553972866255,0.2444889779559117
2022,11,ROU.4.15_1,0.03925160781713166,0.2655310621242485
2022,11,ROU.4.16_1,0.03855140733844689,0.25250501002004005
2022,11,ROU.4.17_1,0.03768045910529508,0.23747494989979948
2022,11,ROU.4.18_1,0.03768045910529506,0.23747494989979948
2022,11,ROU.4.19_1,0.03737445616120219,0.23246492985971942
2022,11,ROU.4.1_1,0.03506779486511021,0.1983967935871743
2022,11,ROU.4.20_1,0.038880709531734683,0.25851703406813625
2022,11,ROU.4.21_1,0.038551407338446884,0.25250501002004005
2022,11,ROU.4.22_1,0.03667237233065538,0.22144288577154306
2022,11,ROU.4.23_1,0.0380371794335184,0.24348697394789579
2022,11,ROU.4.24_1,0.03980636226420794,0.27655310621242485
2022,11,ROU.4.25_1,0.037919527135843296,0.24148296593186372
2022,11,ROU.4.26_1,0.03543311767772567,0.20340681362725446
2022,11,ROU.4.27_1,0.03780062389368092,0.23947895791583165
2022,11,ROU.4.28_1,0.03743630130350765,0.23346693386773534
2022,11,ROU.4.29_1,0.03945725720745003,0.2695390781563126
2022,11,ROU.4.2_1,0.03706032411114869,0.22745490981963937
2022,11,ROU.4.30_1,0.0374978227534051,0.2344689378757515
2022,11,ROU.4.31_1,0.03843925906937496,0.250501002004008
2022,11,ROU.4.32_1,0.03843925906937497,0.250501002004008
2022,11,ROU.4.33_1,0.03809553972866258,0.2444889779559117
2022,11,ROU.4.34_1,0.03768045910529507,0.23747494989979948
2022,11,ROU.4.35_1,0.03950796462859234,0.27054108216432865
2022,11,ROU.4.36_1,0.03999979386183113,0.280561122244489
2022,11,ROU.4.37_1,0.038880709531734683,0.25851703406813625
2022,11,ROU.4.38_1,0.0380371794335184,0.24348697394789579
2022,11,ROU.4.39_1,0.043344514759273305,0.3727454909819639
2022,11,ROU.4.3_1,0.03633968549762283,0.21643286573146278
2022,11,ROU.4.40_1,0.03826877246779928,0.24749498997995992
2022,11,ROU.4.41_1,0.039041398656213235,0.26152304609218435
2022,11,ROU.4.42_1,0.03768045910529506,0.23747494989979948
2022,11,ROU.4.43_1,0.03843925906937498,0.250501002004008
2022,11,ROU.4.44_1,0.03712380963457757,0.22845691382765518
2022,11,ROU.4.45_1,0.03821133499048871,0.246492985971944
2022,11,ROU.4.46_1,0.03686786590249006,0.22444889779559116
2022,11,ROU.4.47_1,0.03893456348611331,0.2595190380761523
2022,11,ROU.4.48_1,0.03809553972866258,0.2444889779559117
2022,11,ROU.4.49_1,0.03904139865621319,0.26152304609218435
2022,11,ROU.4.4_1,0.04098763549272164,0.3026052104208417
2022,11,ROU.4.50_1,0.03930344510494176,0.2665330661322645
2022,11,ROU.4.51_1,0.038880709531734683,0.25851703406813625
2022,11,ROU.4.52_1,0.03970800377560491,0.2745490981963928
2022,11,ROU.4.53_1,0.04166646153391289,0.31963927855711427
2022,11,ROU.4.54_1,0.04050955188380275,0.29158316633266523
2022,11,ROU.4.55_1,0.04018889231686863,0.2845691382765531
2022,11,ROU.4.56_1,0.03514162192953799,0.19939879759519044
2022,11,ROU.4.57_1,0.0396584106640945,0.27354709418837675
2022,11,ROU.4.58_1,0.039608540399406575,0.2725450901803607
2022,11,ROU.4.59_1,0.03995184438700478,0.27955911823647295
2022,11,ROU.4.5_1,0.03731228588703082,0.23146292585170328
2022,11,ROU.4.60_1,0.039806362264207897,0.27655310621242485
2022,11,ROU.4.61_1,0.03935499843274611,0.26753507014028055
2022,11,ROU.4.62_1,0.038934563486113315,0.2595190380761523
2022,11,ROU.4.63_1,0.03860703218473437,0.2535070140280561
2022,11,ROU.4.64_1,0.038439259069374995,0.250501002004008
2022,11,ROU.4.65_1,0.03950796462859235,0.27054108216432865
2022,11,ROU.4.66_1,0.039354998432746105,0.26753507014028055
2022,11,ROU.4.67_1,0.036996506011050964,0.22645290581162333
2022,11,ROU.4.68_1,0.03803717943351837,0.24348697394789579
2022,11,ROU.4.69_1,0.03860703218473441,0.2535070140280561
2022,11,ROU.4.6_1,0.0393549984327461,0.26753507014028055
2022,11,ROU.4.70_1,0.03877212344211008,0.2565130260521042
2022,11,ROU.4.71_1,0.03945725720745003,0.2695390781563126
2022,11,ROU.4.72_1,0.03821133499048876,0.246492985971944
2022,11,ROU.4.73_1,0.03990362322256471,0.2785571142284569
2022,11,ROU.4.74_1,0.03731228588703086,0.23146292585170328
2022,11,ROU.4.75_1,0.03699650601105095,0.22645290581162333
2022,11,ROU.4.76_1,0.038439259069374974,0.250501002004008
2022,11,ROU.4.77_1,0.03893456348611332,0.2595190380761523
2022,11,ROU.4.78_1,0.03673787677395961,0.2224448897795591
2022,11,ROU.4.79_1,0.03803717943351838,0.24348697394789579
2022,11,ROU.4.7_1,0.04041925532205431,0.28957915831663317
2022,11,ROU.4.80_1,0.03955839203846005,0.2715430861723447
2022,11,ROU.4.81_1,0.03970800377560491,0.2745490981963928
2022,11,ROU.4.82_1,0.039303445104941756,0.2665330661322645
2022,11,ROU.4.83_1,0.038826563216999205,0.2575150300601202
2022,11,ROU.4.84_1,0.037978508999119046,0.24248496993987986
2022,11,ROU.4.85_1,0.04037371252013141,0.28857715430861725
2022,11,ROU.4.86_1,0.038607032184734394,0.2535070140280561
2022,11,ROU.4.87_1,0.03761990025427181,0.23647294589178355
2022,11,ROU.4.8_1,0.03985512948058405,0.2775551102204409
2022,11,ROU.4.9_1,0.03855140733844689,0.25250501002004005
2022,11,ROU.40.10_1,0.039658410664094486,0.27354709418837675
2022,11,ROU.40.11_1,0.0411947472144617,0.30761523046092176
2022,11,ROU.40.12_1,0.041355931013238874,0.3116232464929859
2022,11,ROU.40.13_1,0.04123541661552883,0.3086172344689379
2022,11,ROU.40.14_1,0.037680459105295064,0.23747494989979948
2022,11,ROU.40.15_1,0.03990362322256463,0.2785571142284569
2022,11,ROU.40.16_1,0.038880709531734683,0.25851703406813625
2022,11,ROU.40.17_1,0.04155184791738723,0.31663326653306617
2022,11,ROU.40.18_1,0.039658410664094486,0.27354709418837675
2022,11,ROU.40.19_1,0.04068701086093323,0.29559118236472937
2022,11,ROU.40.1_1,0.0403737125201314,0.28857715430861725
2022,11,ROU.40.20_1,0.04213810368687151,0.3326653306613226
2022,11,ROU.40.21_1,0.04240851177262514,0.34068136272545096
2022,11,ROU.40.22_1,0.04162850027039509,0.3186372745490981
2022,11,ROU.40.23_1,0.04086033180906677,0.2995991983967936
2022,11,ROU.40.24_1,0.04155184791738723,0.31663326653306617
2022,11,ROU.40.25_1,0.04206816021258262,0.33066132264529063
2022,11,ROU.40.26_1,0.042875842431907944,0.35571142284569135
2022,11,ROU.40.27_1,0.04185264256153217,0.32464929859719444
2022,11,ROU.40.28_1,0.04041925532205431,0.28957915831663317
2022,11,ROU.40.29_1,0.04166646153391291,0.31963927855711427
2022,11,ROU.40.2_1,0.04256998880442953,0.345691382765531
2022,11,ROU.40.30_1,0.04123541661552884,0.3086172344689379
2022,11,ROU.40.31_1,0.038325904827475506,0.24849699398797595
2022,11,ROU.40.32_1,0.04119474721446173,0.30761523046092176
2022,11,ROU.40.33_1,0.041628500270395094,0.3186372745490981
2022,11,ROU.40.34_1,0.042032834382389486,0.3296593186372745
2022,11,ROU.40.35_1,0.039199485556694245,0.26452905811623245
2022,11,ROU.40.36_1,0.04115382773807648,0.30661322645290584
2022,11,ROU.40.37_1,0.04127583660913795,0.30961923847695383
2022,11,ROU.40.38_1,0.04199727177257768,0.32865731462925857
2022,11,ROU.40.39_1,0.03768045910529506,0.23747494989979948
2022,11,ROU.40.3_1,0.04050955188380276,0.29158316633266523
2022,11,ROU.40.40_1,0.04032790563471894,0.2875751503006012
2022,11,ROU.40.41_1,0.039806362264207876,0.27655310621242485
2022,11,ROU.40.42_1,0.0411947472144617,0.30761523046092176
2022,11,ROU.40.43_1,0.0410295620802872,0.30360721442885763
2022,11,ROU.40.44_1,0.0405988016584048,0.2935871743486973
2022,11,ROU.40.45_1,0.0397573206675547,0.2755511022044088
2022,11,ROU.40.46_1,0.04196147183837499,0.32765531062124253
2022,11,ROU.40.47_1,0.04037371252013142,0.28857715430861725
2022,11,ROU.40.48_1,0.04266412623133124,0.3486973947895791
2022,11,ROU.40.49_1,0.03914707730058033,0.2635270541082164
2022,11,ROU.40.4_1,0.042342306440919526,0.3386773547094188
2022,11,ROU.40.50_1,0.0406430359474816,0.29458917835671344
2022,11,ROU.40.51_1,0.041704180324461756,0.3206412825651303
2022,11,ROU.40.52_1,0.04037371252013142,0.28857715430861725
2022,11,ROU.40.53_1,0.03731228588703086,0.23146292585170328
2022,11,ROU.40.54_1,0.041628500270395066,0.3186372745490981
2022,11,ROU.40.55_1,0.03950796462859236,0.27054108216432865
2022,11,ROU.40.56_1,0.04147421839250664,0.314629258517034
2022,11,ROU.40.57_1,0.04135593101323889,0.3116232464929859
2022,11,ROU.40.58_1,0.040903021068546215,0.30060120240480964
2022,11,ROU.40.59_1,0.03786023254001064,0.24048096192384757
2022,11,ROU.40.5_1,0.04119474721446173,0.30761523046092176
2022,11,ROU.40.60_1,0.040188892316868646,0.2845691382765531
2022,11,ROU.40.61_1,0.041997271772577664,0.32865731462925857
2022,11,ROU.40.62_1,0.04046453484455117,0.2905811623246492
2022,11,ROU.40.63_1,0.041071235855271435,0.3046092184368738
2022,11,ROU.40.64_1,0.039354998432746105,0.26753507014028055
2022,11,ROU.40.65_1,0.03950796462859233,0.27054108216432865
2022,11,ROU.40.66_1,0.040817386891126684,0.2985971943887776
2022,11,ROU.40.67_1,0.04107123585527144,0.3046092184368738
2022,11,ROU.40.68_1,0.04055430722819483,0.2925851703406814
2022,11,ROU.40.69_1,0.04188915779103525,0.32565130260521036
2022,11,ROU.40.6_1,0.040945455391464984,0.3016032064128257
2022,11,ROU.40.70_1,0.04143503564179726,0.31362725450901807
2022,11,ROU.40.71_1,0.040860331809066716,0.2995991983967936
2022,11,ROU.40.72_1,0.039303445104941784,0.2665330661322645
2022,11,ROU.40.73_1,0.04147421839250662,0.314629258517034
2022,11,ROU.40.74_1,0.04111265751199856,0.3056112224448897
2022,11,ROU.40.75_1,0.04147421839250662,0.314629258517034
2022,11,ROU.40.76_1,0.04203283438238947,0.3296593186372745
2022,11,ROU.40.77_1,0.04123541661552883,0.3086172344689379
2022,11,ROU.40.78_1,0.04077418558574743,0.29759519038076154
2022,11,ROU.40.79_1,0.04028183385378819,0.2865731462925852
2022,11,ROU.40.7_1,0.03960854039940658,0.2725450901803607
2022,11,ROU.40.80_1,0.03743630130350768,0.23346693386773534
2022,11,ROU.40.81_1,0.04155184791738723,0.31663326653306617
2022,11,ROU.40.82_1,0.04143503564179727,0.31362725450901807
2022,11,ROU.40.83_1,0.04185264256153217,0.32464929859719444
2022,11,ROU.40.84_1,0.03536081141455969,0.20240480961923832
2022,11,ROU.40.85_1,0.04064303594748161,0.29458917835671344
2022,11,ROU.40.8_1,0.0399036232225644,0.2785571142284569
2022,11,ROU.40.9_1,0.03647379985239158,0.21843687374749496
2022,11,ROU.41.10_1,0.04115382773807648,0.30661322645290584
2022,11,ROU.41.11_1,0.03849548335707844,0.251503006012024
2022,11,ROU.41.12_1,0.03995184438700484,0.27955911823647295
2022,11,ROU.41.13_1,0.03914707730058033,0.2635270541082164
2022,11,ROU.41.14_1,0.039041398656213235,0.26152304609218435
2022,11,ROU.41.15_1,0.03849548335707844,0.251503006012024
2022,11,ROU.41.16_1,0.039147077300580334,0.2635270541082164
2022,11,ROU.41.17_1,0.03970800377560492,0.2745490981963928
2022,11,ROU.41.18_1,0.040094881250341365,0.28256513026052105
2022,11,ROU.41.19_1,0.03860703218473436,0.2535070140280561
2022,11,ROU.41.1_1,0.03950796462859235,0.27054108216432865
2022,11,ROU.41.20_1,0.03914707730058033,0.2635270541082164
2022,11,ROU.41.21_1,0.038662359054895026,0.2545090180360721
2022,11,ROU.41.22_1,0.039406268802866684,0.2685370741482966
2022,11,ROU.41.23_1,0.03999979386183111,0.280561122244489
2022,11,ROU.41.24_1,0.03919948555669425,0.26452905811623245
2022,11,ROU.41.25_1,0.03970800377560494,0.2745490981963928
2022,11,ROU.41.26_1,0.041513155609692966,0.31563126252505014
2022,11,ROU.41.27_1,0.04143503564179726,0.31362725450901807
2022,11,ROU.41.28_1,0.03898812616854864,0.2605210420841683
2022,11,ROU.41.29_1,0.037436301303507696,0.23346693386773534
2022,11,ROU.41.2_1,0.03893456348611329,0.2595190380761523
2022,11,ROU.41.30_1,0.03871738909574292,0.25551102204408815
2022,11,ROU.41.31_1,0.04032790563471894,0.2875751503006012
2022,11,ROU.41.32_1,0.03995184438700479,0.27955911823647295
2022,11,ROU.41.33_1,0.039708003775604926,0.2745490981963928
2022,11,ROU.41.34_1,0.04028183385378819,0.2865731462925852
2022,11,ROU.41.35_1,0.039757320667554705,0.2755511022044088
2022,11,ROU.41.36_1,0.03909438201518483,0.2625250501002004
2022,11,ROU.41.37_1,0.038880709531734683,0.25851703406813625
2022,11,ROU.41.38_1,0.04055430722819485,0.2925851703406814
2022,11,ROU.41.39_1,0.039855129480584076,0.2775551102204409
2022,11,ROU.41.3_1,0.039708003775604905,0.2745490981963928
2022,11,ROU.41.40_1,0.03904139865621322,0.26152304609218435
2022,11,ROU.41.41_1,0.03945725720745003,0.2695390781563126
2022,11,ROU.41.42_1,0.039658410664094486,0.27354709418837675
2022,11,ROU.41.43_1,0.03980636226420784,0.27655310621242485
2022,11,ROU.41.44_1,0.040281833853788196,0.2865731462925852
2022,11,ROU.41.45_1,0.04151315560969296,0.31563126252505014
2022,11,ROU.41.46_1,0.039199485556694266,0.26452905811623245
2022,11,ROU.41.47_1,0.03945725720745003,0.2695390781563126
2022,11,ROU.41.48_1,0.04037371252013145,0.28857715430861725
2022,11,ROU.41.49_1,0.039199485556694245,0.26452905811623245
2022,11,ROU.41.4_1,0.039251607817131676,0.2655310621242485
2022,11,ROU.41.50_1,0.039658410664094486,0.27354709418837675
2022,11,ROU.41.51_1,0.03809553972866255,0.2444889779559117
2022,11,ROU.41.52_1,0.03980636226420784,0.27655310621242485
2022,11,ROU.41.53_1,0.04050955188380273,0.29158316633266523
2022,11,ROU.41.54_1,0.03965841066409449,0.27354709418837675
2022,11,ROU.41.55_1,0.03919948555669424,0.26452905811623245
2022,11,ROU.41.56_1,0.038662359054895026,0.2545090180360721
2022,11,ROU.41.57_1,0.039147077300580355,0.2635270541082164
2022,11,ROU.41.58_1,0.039999793861831105,0.280561122244489
2022,11,ROU.41.59_1,0.04009488125034136,0.28256513026052105
2022,11,ROU.41.5_1,0.039199485556694225,0.26452905811623245
2022,11,ROU.41.60_1,0.041513155609692966,0.31563126252505014
2022,11,ROU.41.61_1,0.039303445104941756,0.2665330661322645
2022,11,ROU.41.62_1,0.039708003775604926,0.2745490981963928
2022,11,ROU.41.63_1,0.04037371252013142,0.28857715430861725
2022,11,ROU.41.64_1,0.04037371252013142,0.28857715430861725
2022,11,ROU.41.65_1,0.040643035947481615,0.29458917835671344
2022,11,ROU.41.66_1,0.039806362264207897,0.27655310621242485
2022,11,ROU.41.67_1,0.04115382773807649,0.30661322645290584
2022,11,ROU.41.68_1,0.04094545539146501,0.3016032064128257
2022,11,ROU.41.69_1,0.03975732066755469,0.2755511022044088
2022,11,ROU.41.6_1,0.038662359054895,0.2545090180360721
2022,11,ROU.41.70_1,0.039199485556694155,0.26452905811623245
2022,11,ROU.41.71_1,0.040047472526148625,0.2815631262525049
2022,11,ROU.41.72_1,0.04018889231686864,0.2845691382765531
2022,11,ROU.41.73_1,0.039658410664094486,0.27354709418837675
2022,11,ROU.41.74_1,0.03995184438700479,0.27955911823647295
2022,11,ROU.41.75_1,0.040281833853788196,0.2865731462925852
2022,11,ROU.41.7_1,0.03871738909574289,0.25551102204408815
2022,11,ROU.41.8_1,0.04269505000836716,0.34969939879759515
2022,11,ROU.41.9_1,0.04119474721446171,0.30761523046092176
2022,11,ROU.42.10_1,0.037619900254271796,0.23647294589178355
2022,11,ROU.42.11_1,0.04050955188380273,0.29158316633266523
2022,11,ROU.42.12_1,0.03803717943351839,0.24348697394789579
2022,11,ROU.42.13_1,0.044745616364535605,0.4549098196392786
2022,11,ROU.42.14_1,0.03995184438700484,0.27955911823647295
2022,11,ROU.42.15_1,0.03815359116029784,0.24549098196392785
2022,11,ROU.42.16_1,0.03999979386183112,0.280561122244489
2022,11,ROU.42.17_1,0.039094382015184836,0.2625250501002004
2022,11,ROU.42.18_1,0.038772123442110076,0.2565130260521042
2022,11,ROU.42.19_1,0.043979930462311884,0.40080160320641284
2022,11,ROU.42.1_1,0.04004747252614873,0.2815631262525049
2022,11,ROU.42.20_1,0.038717389095742905,0.25551102204408815
2022,11,ROU.42.21_1,0.040860331809066716,0.2995991983967936
2022,11,ROU.42.22_1,0.04413106412376041,0.408817635270541
2022,11,ROU.42.23_1,0.03955839203846011,0.2715430861723447
2022,11,ROU.42.24_1,0.04032790563471894,0.2875751503006012
2022,11,ROU.42.25_1,0.03999979386183111,0.280561122244489
2022,11,ROU.42.26_1,0.03860703218473435,0.2535070140280561
2022,11,ROU.42.27_1,0.03826877246779931,0.24749498997995992
2022,11,ROU.42.28_1,0.04430132883243601,0.41883767535070143
2022,11,ROU.42.29_1,0.03955839203846013,0.2715430861723447
2022,11,ROU.42.2_1,0.039457257207450025,0.2695390781563126
2022,11,ROU.42.30_1,0.039147077300580334,0.2635270541082164
2022,11,ROU.42.31_1,0.039041398656213214,0.26152304609218435
2022,11,ROU.42.32_1,0.03930344510494173,0.2665330661322645
2022,11,ROU.42.33_1,0.04159029593360393,0.3176352705410822
2022,11,ROU.42.34_1,0.03849548335707844,0.251503006012024
2022,11,ROU.42.35_1,0.03724978902535142,0.23046092184368736
2022,11,ROU.42.36_1,0.035433117677725647,0.20340681362725446
2022,11,ROU.42.37_1,0.041275836609137945,0.30961923847695383
2022,11,ROU.42.38_1,0.038325904827475506,0.24849699398797595
2022,11,ROU.42.39_1,0.04123541661552885,0.3086172344689379
2022,11,ROU.42.3_1,0.04115382773807648,0.30661322645290584
2022,11,ROU.42.40_1,0.039507964628592324,0.27054108216432865
2022,11,ROU.42.41_1,0.039708003775604905,0.2745490981963928
2022,11,ROU.42.42_1,0.04090302106854621,0.30060120240480964
2022,11,ROU.42.43_1,0.03909438201518481,0.2625250501002004
2022,11,ROU.42.44_1,0.03809553972866257,0.2444889779559117
2022,11,ROU.42.45_1,0.03882656321699924,0.2575150300601202
2022,11,ROU.42.46_1,0.03945725720745003,0.2695390781563126
2022,11,ROU.42.47_1,0.04018889231686864,0.2845691382765531
2022,11,ROU.42.48_1,0.04050955188380273,0.29158316633266523
2022,11,ROU.42.49_1,0.04405716398165042,0.40480961923847697
2022,11,ROU.42.4_1,0.037123809634577454,0.22845691382765518
2022,11,ROU.42.50_1,0.03821133499048881,0.246492985971944
2022,11,ROU.42.51_1,0.039558392038460115,0.2715430861723447
2022,11,ROU.42.52_1,0.039303445104941756,0.2665330661322645
2022,11,ROU.42.53_1,0.03990362322256463,0.2785571142284569
2022,11,ROU.42.54_1,0.04055430722819482,0.2925851703406814
2022,11,ROU.42.55_1,0.04123541661552884,0.3086172344689379
2022,11,ROU.42.56_1,0.036606525799329,0.22044088176352702
2022,11,ROU.42.57_1,0.04009488125034135,0.28256513026052105
2022,11,ROU.42.58_1,0.03774069986446021,0.23847695390781562
2022,11,ROU.42.59_1,0.040327905634718934,0.2875751503006012
2022,11,ROU.42.5_1,0.03898812616854866,0.2605210420841683
2022,11,ROU.42.60_1,0.03882656321699921,0.2575150300601202
2022,11,ROU.42.61_1,0.03919948555669427,0.26452905811623245
2022,11,ROU.42.62_1,0.03693235379410997,0.2254509018036072
2022,11,ROU.42.63_1,0.03724978902535146,0.23046092184368736
2022,11,ROU.42.64_1,0.04107123585527142,0.3046092184368738
2022,11,ROU.42.6_1,0.03737445616120217,0.23246492985971942
2022,11,ROU.42.7_1,0.03940626880286668,0.2685370741482966
2022,11,ROU.42.8_1,0.03990362322256463,0.2785571142284569
2022,11,ROU.42.9_1,0.044131064123760444,0.408817635270541
2022,11,ROU.5.10_1,0.04487029525008527,0.4729458917835671
2022,11,ROU.5.11_1,0.04162850027039507,0.3186372745490981
2022,11,ROU.5.12_1,0.04037371252013143,0.28857715430861725
2022,11,ROU.5.13_1,0.04227517267010102,0.33667334669338683
2022,11,ROU.5.14_1,0.03970800377560491,0.2745490981963928
2022,11,ROU.5.15_1,0.041852642561532274,0.32464929859719444
2022,11,ROU.5.16_1,0.03706032411114869,0.22745490981963937
2022,11,ROU.5.17_1,0.04155184791738723,0.31663326653306617
2022,11,ROU.5.18_1,0.03768045910529508,0.23747494989979948
2022,11,ROU.5.19_1,0.04102956208028717,0.30360721442885763
2022,11,ROU.5.1_1,0.04086033180906676,0.2995991983967936
2022,11,ROU.5.20_1,0.04004747252614873,0.2815631262525049
2022,11,ROU.5.21_1,0.03940626880286666,0.2685370741482966
2022,11,ROU.5.22_1,0.041071235855271435,0.3046092184368738
2022,11,ROU.5.23_1,0.04293430730455368,0.3577154308617234
2022,11,ROU.5.24_1,0.041628500270395094,0.3186372745490981
2022,11,ROU.5.25_1,0.04224125636959845,0.3356713426853708
2022,11,ROU.5.26_1,0.04244126750596147,0.3416833667334669
2022,11,ROU.5.27_1,0.04143503564179728,0.31362725450901807
2022,11,ROU.5.28_1,0.040945455391465005,0.3016032064128257
2022,11,ROU.5.29_1,0.04253815277505929,0.344689378757515
2022,11,ROU.5.2_1,0.04181588777480876,0.3236472945891783
2022,11,ROU.5.30_1,0.04094545539146501,0.3016032064128257
2022,11,ROU.5.31_1,0.040687010860933216,0.29559118236472937
2022,11,ROU.5.32_1,0.038607032184734366,0.2535070140280561
2022,11,ROU.5.33_1,0.038153591160297845,0.24549098196392785
2022,11,ROU.5.34_1,0.040235496357250024,0.28557114228456904
2022,11,ROU.5.35_1,0.04107123585527143,0.3046092184368738
2022,11,ROU.5.36_1,0.04210324980265415,0.33166332665330667
2022,11,ROU.5.37_1,0.04081738689112662,0.2985971943887776
2022,11,ROU.5.38_1,0.03925160781713172,0.2655310621242485
2022,11,ROU.5.39_1,0.04090302106854619,0.30060120240480964
2022,11,ROU.5.3_1,0.03990362322256468,0.2785571142284569
2022,11,ROU.5.40_1,0.04023549635725002,0.28557114228456904
2022,11,ROU.5.41_1,0.04477889496785965,0.45891783567134276
2022,11,ROU.5.42_1,0.040327905634718934,0.2875751503006012
2022,11,ROU.5.43_1,0.03985512948058404,0.2775551102204409
2022,11,ROU.5.44_1,0.04188915779103525,0.32565130260521036
2022,11,ROU.5.45_1,0.04059880165840479,0.2935871743486973
2022,11,ROU.5.46_1,0.04098763549272166,0.3026052104208417
2022,11,ROU.5.47_1,0.03999979386183109,0.280561122244489
2022,11,ROU.5.48_1,0.04098763549272165,0.3026052104208417
2022,11,ROU.5.49_1,0.03940626880286667,0.2685370741482966
2022,11,ROU.5.4_1,0.0399997938618311,0.280561122244489
2022,11,ROU.5.50_1,0.04220710644894088,0.33466933867735477
2022,11,ROU.5.51_1,0.03950796462859236,0.27054108216432865
2022,11,ROU.5.52_1,0.04098763549272166,0.3026052104208417
2022,11,ROU.5.53_1,0.04068701086093324,0.29559118236472937
2022,11,ROU.5.54_1,0.03654033552975869,0.219438877755511
2022,11,ROU.5.55_1,0.04068701086093325,0.29559118236472937
2022,11,ROU.5.56_1,0.04383670232431373,0.3937875751503006
2022,11,ROU.5.57_1,0.040903021068546194,0.30060120240480964
2022,11,ROU.5.58_1,0.03743630130350773,0.23346693386773534
2022,11,ROU.5.59_1,0.041153827738076486,0.30661322645290584
2022,11,ROU.5.5_1,0.03975732066755469,0.2755511022044088
2022,11,ROU.5.60_1,0.04098763549272168,0.3026052104208417
2022,11,ROU.5.61_1,0.039903623222564355,0.2785571142284569
2022,11,ROU.5.62_1,0.038988126168548645,0.2605210420841683
2022,11,ROU.5.63_1,0.03925160781713168,0.2655310621242485
2022,11,ROU.5.64_1,0.03821133499048877,0.246492985971944
2022,11,ROU.5.65_1,0.039354998432746105,0.26753507014028055
2022,11,ROU.5.66_1,0.044505262417817555,0.4328657314629258
2022,11,ROU.5.67_1,0.040903021068546194,0.30060120240480964
2022,11,ROU.5.68_1,0.04451830354100683,0.43386773547094193
2022,11,ROU.5.69_1,0.04115382773807648,0.30661322645290584
2022,11,ROU.5.6_1,0.044363676866903255,0.42284569138276545
2022,11,ROU.5.70_1,0.043420636077926955,0.3757515030060121
2022,11,ROU.5.71_1,0.04256998880442952,0.345691382765531
2022,11,ROU.5.72_1,0.041275836609137945,0.30961923847695383
2022,11,ROU.5.73_1,0.04466946625138641,0.44689378757515025
2022,11,ROU.5.74_1,0.04131600785669969,0.31062124248497
2022,11,ROU.5.75_1,0.04111265751199857,0.3056112224448897
2022,11,ROU.5.76_1,0.03620416898054938,0.21442885771543072
2022,11,ROU.5.77_1,0.03919948555669422,0.26452905811623245
2022,11,ROU.5.78_1,0.04159029593360392,0.3176352705410822
2022,11,ROU.5.79_1,0.038607032184734345,0.2535070140280561
2022,11,ROU.5.7_1,0.03950796462859233,0.27054108216432865
2022,11,ROU.5.80_1,0.0387173890957429,0.25551102204408815
2022,11,ROU.5.81_1,0.03893456348611331,0.2595190380761523
2022,11,ROU.5.82_1,0.04046453484455116,0.2905811623246492
2022,11,ROU.5.83_1,0.044637602848124375,0.44388777555110226
2022,11,ROU.5.84_1,0.04123541661552885,0.3086172344689379
2022,11,ROU.5.85_1,0.039999793861831105,0.280561122244489
2022,11,ROU.5.86_1,0.04119474721446172,0.30761523046092176
2022,11,ROU.5.87_1,0.04224125636959845,0.3356713426853708
2022,11,ROU.5.88_1,0.04296320426965444,0.35871743486973945
2022,11,ROU.5.89_1,0.041316007856699644,0.31062124248497
2022,11,ROU.5.8_1,0.04203283438238946,0.3296593186372745
2022,11,ROU.5.90_1,0.04041925532205434,0.28957915831663317
2022,11,ROU.5.91_1,0.040235496357250024,0.28557114228456904
2022,11,ROU.5.92_1,0.03970800377560491,0.2745490981963928
2022,11,ROU.5.93_1,0.038211334990488816,0.246492985971944
2022,11,ROU.5.94_1,0.04014202089616865,0.2835671342685371
2022,11,ROU.5.9_1,0.04111265751199857,0.3056112224448897
2022,11,ROU.6.10_1,0.037436301303507655,0.23346693386773534
2022,11,ROU.6.11_1,0.03627210338175869,0.21543086172344697
2022,11,ROU.6.12_1,0.03815359116029785,0.24549098196392785
2022,11,ROU.6.13_1,0.03737445616120219,0.23246492985971942
2022,11,ROU.6.14_1,0.03904139865621326,0.26152304609218435
2022,11,ROU.6.15_1,0.03654033552975865,0.219438877755511
2022,11,ROU.6.16_1,0.0364737998523916,0.21843687374749496
2022,11,ROU.6.17_1,0.03514162192953799,0.19939879759519044
2022,11,ROU.6.18_1,0.038717389095742814,0.25551102204408815
2022,11,ROU.6.19_1,0.03606723621772733,0.21242484969939876
2022,11,ROU.6.1_1,0.037740699864460124,0.23847695390781562
2022,11,ROU.6.20_1,0.03571861272062176,0.2074148296593187
2022,11,ROU.6.21_1,0.03528812808980179,0.2014028056112225
2022,11,ROU.6.22_1,0.03536081141455972,0.20240480961923832
2022,11,ROU.6.23_1,0.034385734965410496,0.1893787575150301
2022,11,ROU.6.24_1,0.037497822753405144,0.2344689378757515
2022,11,ROU.6.25_1,0.039855129480584076,0.2775551102204409
2022,11,ROU.6.26_1,0.03815359116029787,0.24549098196392785
2022,11,ROU.6.27_1,0.03768045910529504,0.23747494989979948
2022,11,ROU.6.28_1,0.0385514073384469,0.25250501002004005
2022,11,ROU.6.29_1,0.03925160781713168,0.2655310621242485
2022,11,ROU.6.2_1,0.038095539728662545,0.2444889779559117
2022,11,ROU.6.30_1,0.03877212344211007,0.2565130260521042
2022,11,ROU.6.31_1,0.039094382015184816,0.2625250501002004
2022,11,ROU.6.32_1,0.03528812808980185,0.2014028056112225
2022,11,ROU.6.33_1,0.03693235379410999,0.2254509018036072
2022,11,ROU.6.34_1,0.03749782275340516,0.2344689378757515
2022,11,ROU.6.35_1,0.0365403355297587,0.219438877755511
2022,11,ROU.6.36_1,0.03965841066409449,0.27354709418837675
2022,11,ROU.6.37_1,0.03461665917470771,0.1923847695390781
2022,11,ROU.6.38_1,0.03536081141455971,0.20240480961923832
2022,11,ROU.6.39_1,0.03673787677395955,0.2224448897795591
2022,11,ROU.6.3_1,0.035288128089801786,0.2014028056112225
2022,11,ROU.6.40_1,0.03578906391308237,0.20841683366733474
2022,11,ROU.6.41_1,0.03888070953173469,0.25851703406813625
2022,11,ROU.6.42_1,0.035067794865110115,0.1983967935871743
2022,11,ROU.6.43_1,0.036204168980549435,0.21442885771543072
2022,11,ROU.6.44_1,0.03893456348611333,0.2595190380761523
2022,11,ROU.6.45_1,0.03877212344211008,0.2565130260521042
2022,11,ROU.6.46_1,0.0390943820151848,0.2625250501002004
2022,11,ROU.6.47_1,0.03737445616120218,0.23246492985971942
2022,11,ROU.6.48_1,0.03945725720745003,0.2695390781563126
2022,11,ROU.6.49_1,0.03930344510494177,0.2665330661322645
2022,11,ROU.6.4_1,0.040142020896168605,0.2835671342685371
2022,11,ROU.6.50_1,0.03838273329162207,0.24949899799599198
2022,11,ROU.6.51_1,0.03693235379410997,0.2254509018036072
2022,11,ROU.6.52_1,0.0391470773005803,0.2635270541082164
2022,11,ROU.6.53_1,0.036473799852391624,0.21843687374749496
2022,11,ROU.6.54_1,0.0347686094390288,0.19438877755511016
2022,11,ROU.6.55_1,0.03950796462859233,0.27054108216432865
2022,11,ROU.6.56_1,0.03985512948058409,0.2775551102204409
2022,11,ROU.6.57_1,0.037436301303507655,0.23346693386773534
2022,11,ROU.6.5_1,0.03898812616854866,0.2605210420841683
2022,11,ROU.6.6_1,0.03930344510494174,0.2665330661322645
2022,11,ROU.6.7_1,0.03737445616120218,0.23246492985971942
2022,11,ROU.6.8_1,0.03914707730058033,0.2635270541082164
2022,11,ROU.6.9_1,0.03871738909574289,0.25551102204408815
2022,11,ROU.7.10_1,0.03780062389368089,0.23947895791583165
2022,11,ROU.7.11_1,0.03871738909574291,0.25551102204408815
2022,11,ROU.7.12_1,0.03995184438700484,0.27955911823647295
2022,11,ROU.7.13_1,0.03749782275340509,0.2344689378757515
2022,11,ROU.7.14_1,0.039094382015184816,0.2625250501002004
2022,11,ROU.7.15_1,0.038717389095742946,0.25551102204408815
2022,11,ROU.7.16_1,0.03743630130350767,0.23346693386773534
2022,11,ROU.7.17_1,0.03877212344211008,0.2565130260521042
2022,11,ROU.7.18_1,0.03909438201518482,0.2625250501002004
2022,11,ROU.7.19_1,0.03791952713584337,0.24148296593186372
2022,11,ROU.7.1_1,0.03904139865621324,0.26152304609218435
2022,11,ROU.7.20_1,0.035859149967226014,0.20941883767535066
2022,11,ROU.7.21_1,0.03821133499048876,0.246492985971944
2022,11,ROU.7.22_1,0.03960854039940656,0.2725450901803607
2022,11,ROU.7.23_1,0.043239968784663234,0.3687374749498998
2022,11,ROU.7.24_1,0.04401896487476814,0.4028056112224449
2022,11,ROU.7.25_1,0.03871738909574285,0.25551102204408815
2022,11,ROU.7.26_1,0.037123809634577565,0.22845691382765518
2022,11,ROU.7.27_1,0.03980636226420787,0.27655310621242485
2022,11,ROU.7.28_1,0.03893456348611333,0.2595190380761523
2022,11,ROU.7.29_1,0.03930344510494175,0.2665330661322645
2022,11,ROU.7.2_1,0.03999979386183115,0.280561122244489
2022,11,ROU.7.30_1,0.04068701086093324,0.29559118236472937
2022,11,ROU.7.31_1,0.03855140733844689,0.25250501002004005
2022,11,ROU.7.32_1,0.043683124684349595,0.3867735470941884
2022,11,ROU.7.33_1,0.03898812616854865,0.2605210420841683
2022,11,ROU.7.34_1,0.038325904827475506,0.24849699398797595
2022,11,ROU.7.35_1,0.03871738909574292,0.25551102204408815
2022,11,ROU.7.36_1,0.037312285887030804,0.23146292585170328
2022,11,ROU.7.37_1,0.03898812616854866,0.2605210420841683
2022,11,ROU.7.38_1,0.037978508999119025,0.24248496993987986
2022,11,ROU.7.39_1,0.0389345634861133,0.2595190380761523
2022,11,ROU.7.3_1,0.03904139865621326,0.26152304609218435
2022,11,ROU.7.40_1,0.04396009938621719,0.3997995991983968
2022,11,ROU.7.41_1,0.03945725720745003,0.2695390781563126
2022,11,ROU.7.42_1,0.039658410664094486,0.27354709418837675
2022,11,ROU.7.43_1,0.04073072715680162,0.2965931863727455
2022,11,ROU.7.44_1,0.03877212344211008,0.2565130260521042
2022,11,ROU.7.45_1,0.03849548335707844,0.251503006012024
2022,11,ROU.7.46_1,0.03882656321699924,0.2575150300601202
2022,11,ROU.7.47_1,0.04351909805326036,0.37975951903807614
2022,11,ROU.7.48_1,0.038325904827475506,0.24849699398797595
2022,11,ROU.7.49_1,0.039757320667554705,0.2755511022044088
2022,11,ROU.7.4_1,0.04102956208028713,0.30360721442885763
2022,11,ROU.7.50_1,0.03985512948058405,0.2775551102204409
2022,11,ROU.7.51_1,0.04359068136350862,0.38276553106212424
2022,11,ROU.7.52_1,0.03786023254001067,0.24048096192384757
2022,11,ROU.7.53_1,0.038325904827475506,0.24849699398797595
2022,11,ROU.7.54_1,0.04403816871690421,0.40380761523046094
2022,11,ROU.7.55_1,0.03826877246779926,0.24749498997995992
2022,11,ROU.7.56_1,0.04119474721446173,0.30761523046092176
2022,11,ROU.7.57_1,0.03893456348611332,0.2595190380761523
2022,11,ROU.7.58_1,0.043683124684349595,0.3867735470941884
2022,11,ROU.7.59_1,0.03667237233065543,0.22144288577154306
2022,11,ROU.7.5_1,0.03809553972866256,0.2444889779559117
2022,11,ROU.7.60_1,0.03743630130350767,0.23346693386773534
2022,11,ROU.7.61_1,0.03849548335707844,0.251503006012024
2022,11,ROU.7.62_1,0.038037179433518385,0.24348697394789579
2022,11,ROU.7.63_1,0.03749782275340513,0.2344689378757515
2022,11,ROU.7.64_1,0.03985512948058405,0.2775551102204409
2022,11,ROU.7.65_1,0.04014202089616857,0.2835671342685371
2022,11,ROU.7.66_1,0.03843925906937497,0.250501002004008
2022,11,ROU.7.67_1,0.03780062389368087,0.23947895791583165
2022,11,ROU.7.68_1,0.039354998432746105,0.26753507014028055
2022,11,ROU.7.69_1,0.03898812616854866,0.2605210420841683
2022,11,ROU.7.6_1,0.0432664332248837,0.3697394789579158
2022,11,ROU.7.70_1,0.03925160781713168,0.2655310621242485
2022,11,ROU.7.71_1,0.039608540399406575,0.2725450901803607
2022,11,ROU.7.72_1,0.03761990025427183,0.23647294589178355
2022,11,ROU.7.7_1,0.038880709531734683,0.25851703406813625
2022,11,ROU.7.8_1,0.03860703218473439,0.2535070140280561
2022,11,ROU.7.9_1,0.0381535911602978,0.24549098196392785
2022,11,ROU.8.10_1,0.03693235379411,0.2254509018036072
2022,11,ROU.8.11_1,0.03718696410410586,0.22945891783567132
2022,11,ROU.8.12_1,0.03826877246779933,0.24749498997995992
2022,11,ROU.8.13_1,0.03712380963457763,0.22845691382765518
2022,11,ROU.8.14_1,0.039354998432746105,0.26753507014028055
2022,11,ROU.8.15_1,0.03786023254001065,0.24048096192384757
2022,11,ROU.8.16_1,0.03491898199281635,0.19639278557114234
2022,11,ROU.8.17_1,0.04293430730455365,0.3577154308617234
2022,11,ROU.8.18_1,0.037123809634577384,0.22845691382765518
2022,11,ROU.8.19_1,0.037978508999119046,0.24248496993987986
2022,11,ROU.8.1_1,0.036272103381758694,0.21543086172344697
2022,11,ROU.8.20_1,0.035505048928485126,0.2044088176352705
2022,11,ROU.8.21_1,0.037123809634577384,0.22845691382765518
2022,11,ROU.8.22_1,0.03791952713584334,0.24148296593186372
2022,11,ROU.8.23_1,0.03893456348611332,0.2595190380761523
2022,11,ROU.8.24_1,0.03506779486511015,0.1983967935871743
2022,11,ROU.8.25_1,0.03737445616120217,0.23246492985971942
2022,11,ROU.8.26_1,0.03925160781713167,0.2655310621242485
2022,11,ROU.8.27_1,0.03469283266576518,0.19338677354709424
2022,11,ROU.8.28_1,0.03774069986446015,0.23847695390781562
2022,11,ROU.8.29_1,0.03925160781713167,0.2655310621242485
2022,11,ROU.8.2_1,0.0410295620802872,0.30360721442885763
2022,11,ROU.8.30_1,0.036737876773959496,0.2224448897795591
2022,11,ROU.8.31_1,0.0362041689805494,0.21442885771543072
2022,11,ROU.8.32_1,0.03755902193439968,0.23547094188376752
2022,11,ROU.8.33_1,0.03809553972866257,0.2444889779559117
2022,11,ROU.8.34_1,0.03514162192953798,0.19939879759519044
2022,11,ROU.8.35_1,0.03693235379411003,0.2254509018036072
2022,11,ROU.8.36_1,0.038880709531734683,0.25851703406813625
2022,11,ROU.8.37_1,0.03774069986446017,0.23847695390781562
2022,11,ROU.8.38_1,0.03749782275340509,0.2344689378757515
2022,11,ROU.8.39_1,0.038439259069374974,0.250501002004008
2022,11,ROU.8.3_1,0.038826563216999205,0.2575150300601202
2022,11,ROU.8.40_1,0.03599823425056955,0.21142284569138262
2022,11,ROU.8.41_1,0.03838273329162205,0.24949899799599198
2022,11,ROU.8.42_1,0.03660652579932899,0.22044088176352702
2022,11,ROU.8.43_1,0.038211334990488746,0.246492985971944
2022,11,ROU.8.44_1,0.038439259069374995,0.250501002004008
2022,11,ROU.8.45_1,0.03599823425056956,0.21142284569138262
2022,11,ROU.8.46_1,0.038772123442110076,0.2565130260521042
2022,11,ROU.8.47_1,0.03564779446325793,0.20641282565130267
2022,11,ROU.8.49_1,0.037060324111148714,0.22745490981963937
2022,11,ROU.8.4_1,0.034692832665765186,0.19338677354709424
2022,11,ROU.8.50_1,0.036737876773959614,0.2224448897795591
2022,11,ROU.8.51_1,0.03803717943351839,0.24348697394789579
2022,11,ROU.8.52_1,0.03647379985239166,0.21843687374749496
2022,11,ROU.8.5_1,0.03780062389368087,0.23947895791583165
2022,11,ROU.8.6_1,0.03755902193439965,0.23547094188376752
2022,11,ROU.8.7_1,0.03791952713584334,0.24148296593186372
2022,11,ROU.8.8_1,0.0385514073384469,0.25250501002004005
2022,11,ROU.8.9_1,0.038988126168548645,0.2605210420841683
2022,11,ROU.9.10_1,0.042068160212582605,0.33066132264529063
2022,11,ROU.9.11_1,0.04467968595113172,0.4478957915831663
2022,11,ROU.9.12_1,0.044626579844275684,0.4428857715430861
2022,11,ROU.9.13_1,0.04147421839250668,0.314629258517034
2022,11,ROU.9.14_1,0.04162850027039507,0.3186372745490981
2022,11,ROU.9.15_1,0.042934307304553644,0.3577154308617234
2022,11,ROU.9.16_1,0.04244126750596147,0.3416833667334669
2022,11,ROU.9.17_1,0.04111265751199857,0.3056112224448897
2022,11,ROU.9.18_1,0.04263297507375736,0.3476953907815631
2022,11,ROU.9.19_1,0.042103249802654175,0.33166332665330667
2022,11,ROU.9.1_1,0.044829463063009764,0.465931863727455
2022,11,ROU.9.20_1,0.04275621720651016,0.35170340681362733
2022,11,ROU.9.21_1,0.04468970514448188,0.4488977955911823
2022,11,ROU.9.22_1,0.040817386891126684,0.2985971943887776
2022,11,ROU.9.23_1,0.040987635492721705,0.3026052104208417
2022,11,ROU.9.24_1,0.04290518682961932,0.35671342685370727
2022,11,ROU.9.25_1,0.04293430730455367,0.3577154308617234
2022,11,ROU.9.26_1,0.044568444643612225,0.43787575150300606
2022,11,ROU.9.27_1,0.04181588777480875,0.3236472945891783
2022,11,ROU.9.28_1,0.04151315560969294,0.31563126252505014
2022,11,ROU.9.29_1,0.04131600785669964,0.31062124248497
2022,11,ROU.9.2_1,0.04217272239431716,0.3336673346693386
2022,11,ROU.9.30_1,0.04472777927014903,0.45290581162324656
2022,11,ROU.9.31_1,0.041925434029684606,0.3266533066132265
2022,11,ROU.9.32_1,0.041778892858972044,0.32264529058116226
2022,11,ROU.9.33_1,0.04174165723655601,0.32164328657314634
2022,11,ROU.9.34_1,0.044794338097039914,0.4609218436873747
2022,11,ROU.9.35_1,0.04476265465374139,0.4569138276553107
2022,11,ROU.9.36_1,0.044911784839462045,0.48296593186372744
2022,11,ROU.9.37_1,0.042308855859258095,0.33767535070140275
2022,11,ROU.9.38_1,0.04473679772143645,0.4539078156312626
2022,11,ROU.9.39_1,0.041275836609137945,0.30961923847695383
2022,11,ROU.9.3_1,0.04472777927014903,0.45290581162324656
2022,11,ROU.9.40_1,0.04284627369426694,0.3547094188376753
2022,11,ROU.9.41_1,0.040094881250341365,0.28256513026052105
2022,11,ROU.9.42_1,0.04471856090063486,0.4519038076152305
2022,11,ROU.9.43_1,0.04234230644091953,0.3386773547094188
2022,11,ROU.9.4_1,0.043104350610421956,0.3637274549098196
2022,11,ROU.9.5_1,0.040687010860933244,0.29559118236472937
2022,11,ROU.9.6_1,0.044822835762590656,0.46492985971943884
2022,11,ROU.9.7_1,0.04263297507375736,0.3476953907815631
2022,11,ROU.9.8_1,0.04166646153391292,0.31963927855711427
2022,11,ROU.9.9_1,0.04068701086093324,0.29559118236472937
2022,11,SRB.1.1_1,0.039658410664094486,0.27354709418837675
2022,11,SRB.1.2_1,0.041815887774808755,0.3236472945891783
2022,11,SRB.1.3_1,0.04188915779103527,0.32565130260521036
2022,11,SRB.1.4_1,0.042308855859258115,0.33767535070140275
2022,11,SRB.10.1_1,0.04177889285897202,0.32264529058116226
2022,11,SRB.10.2_1,0.042308855859258136,0.33767535070140275
2022,11,SRB.10.3_1,0.04009488125034138,0.28256513026052105
2022,11,SRB.10.4_1,0.04196147183837503,0.32765531062124253
2022,11,SRB.10.5_1,0.04253815277505929,0.344689378757515
2022,11,SRB.10.6_1,0.04278646150937983,0.35270541082164336
2022,11,SRB.10.7_1,0.04174165723655595,0.32164328657314634
2022,11,SRB.11.1_1,0.0392516078171317,0.2655310621242485
2022,11,SRB.11.2_1,0.04188915779103527,0.32565130260521036
2022,11,SRB.11.3_1,0.04135593101323888,0.3116232464929859
2022,11,SRB.11.4_1,0.0381535911602978,0.24549098196392785
2022,11,SRB.11.5_1,0.03882656321699924,0.2575150300601202
2022,11,SRB.11.6_1,0.03985512948058405,0.2775551102204409
2022,11,SRB.11.7_1,0.04098763549272168,0.3026052104208417
2022,11,SRB.12.1_1,0.038880709531734677,0.25851703406813625
2022,11,SRB.12.2_1,0.03955839203846009,0.2715430861723447
2022,11,SRB.12.3_1,0.03945725720745003,0.2695390781563126
2022,11,SRB.12.4_1,0.038826563216999205,0.2575150300601202
2022,11,SRB.13.1_1,0.04347029924182281,0.3777555110220441
2022,11,SRB.13.2_1,0.043020329301303804,0.3607214428857715
2022,11,SRB.13.3_1,0.04174165723655573,0.32164328657314634
2022,11,SRB.14.1_1,0.04247379259847072,0.3426853707414829
2022,11,SRB.14.2_1,0.04181588777480876,0.3236472945891783
2022,11,SRB.14.3_1,0.04247379259847072,0.3426853707414829
2022,11,SRB.14.4_1,0.04123541661552885,0.3086172344689379
2022,11,SRB.14.5_1,0.040730727156801635,0.2965931863727455
2022,11,SRB.14.6_1,0.04210324980265417,0.33166332665330667
2022,11,SRB.15.1_1,0.04028183385378819,0.2865731462925852
2022,11,SRB.15.2_1,0.04004747252614868,0.2815631262525049
2022,11,SRB.15.3_1,0.042172722394317165,0.3336673346693386
2022,11,SRB.15.4_1,0.04266412623133125,0.3486973947895791
2022,11,SRB.15.5_1,0.04147421839250663,0.314629258517034
2022,11,SRB.15.6_1,0.04217272239431716,0.3336673346693386
2022,11,SRB.16.1_1,0.03970800377560491,0.2745490981963928
2022,11,SRB.16.2_1,0.039806362264207945,0.27655310621242485
2022,11,SRB.16.3_1,0.04014202089616864,0.2835671342685371
2022,11,SRB.16.4_1,0.03821133499048875,0.246492985971944
2022,11,SRB.16.5_1,0.041666461533912916,0.31963927855711427
2022,11,SRB.17.1_1,0.04313191495691151,0.36472945891783565
2022,11,SRB.17.2_1,0.04370570167396517,0.3877755511022044
2022,11,SRB.17.3_1,0.04284627369426693,0.3547094188376753
2022,11,SRB.18.1_1,0.0434702992418228,0.3777555110220441
2022,11,SRB.18.2_1,0.04260159608363391,0.34669338677354705
2022,11,SRB.18.3_1,0.04318638182744442,0.3667334669338677
2022,11,SRB.18.4_1,0.042905186829619316,0.35671342685370727
2022,11,SRB.18.5_1,0.0429051868296193,0.35671342685370727
2022,11,SRB.18.6_1,0.04337010586627802,0.37374749498997994
2022,11,SRB.19.1_1,0.04337010586627802,0.37374749498997994
2022,11,SRB.19.2_1,0.042695050008367146,0.34969939879759515
2022,11,SRB.19.3_1,0.04284627369426693,0.3547094188376753
2022,11,SRB.19.4_1,0.042963204269654436,0.35871743486973945
2022,11,SRB.19.5_1,0.043590681363508625,0.38276553106212424
2022,11,SRB.2.1_1,0.04234230644091953,0.3386773547094188
2022,11,SRB.2.2_1,0.041474218392506694,0.314629258517034
2022,11,SRB.2.3_1,0.042275172670101044,0.33667334669338683
2022,11,SRB.2.4_1,0.04244126750596147,0.3416833667334669
2022,11,SRB.2.5_1,0.04287584243190796,0.35571142284569135
2022,11,SRB.2.6_1,0.04275621720651016,0.35170340681362733
2022,11,SRB.2.7_1,0.04315925856910721,0.3657314629258517
2022,11,SRB.2.8_1,0.041551847917387225,0.31663326653306617
2022,11,SRB.20.1_1,0.042991878133693665,0.3597194388777555
2022,11,SRB.20.2_1,0.04237552491402111,0.3396793587174348
2022,11,SRB.20.3_1,0.04278646150937983,0.35270541082164336
2022,11,SRB.20.4_1,0.043750217156628836,0.3897795591182365
2022,11,SRB.20.5_1,0.04284627369426694,0.3547094188376753
2022,11,SRB.20.6_1,0.04372806573251122,0.38877755511022033
2022,11,SRB.20.7_1,0.044075950914153415,0.405811623246493
2022,11,SRB.21.1_1,0.042846273694266954,0.3547094188376753
2022,11,SRB.21.2_1,0.04206816021258256,0.33066132264529063
2022,11,SRB.21.3_1,0.04086033180906676,0.2995991983967936
2022,11,SRB.21.4_1,0.04244126750596147,0.3416833667334669
2022,11,SRB.21.5_1,0.043020329301303804,0.3607214428857715
2022,11,SRB.21.6_1,0.04115382773807648,0.30661322645290584
2022,11,SRB.21.7_1,0.04230885585925812,0.33767535070140275
2022,11,SRB.22.1_1,0.04143503564179732,0.31362725450901807
2022,11,SRB.22.2_1,0.04151315560969298,0.31563126252505014
2022,11,SRB.22.3_1,0.04170418032446179,0.3206412825651303
2022,11,SRB.22.4_1,0.04155184791738723,0.31663326653306617
2022,11,SRB.23.1_1,0.0413559310132389,0.3116232464929859
2022,11,SRB.23.2_1,0.04210324980265416,0.33166332665330667
2022,11,SRB.23.3_1,0.04081738689112669,0.2985971943887776
2022,11,SRB.23.4_1,0.04147421839250667,0.314629258517034
2022,11,SRB.24.1_1,0.04339547952380599,0.374749498997996
2022,11,SRB.24.2_1,0.043919808206380466,0.39779559118236474
2022,11,SRB.24.3_1,0.0432926787939761,0.37074148296593185
2022,11,SRB.24.4_1,0.04334451475927326,0.3727454909819639
2022,11,SRB.25.10_1,0.04151315560969299,0.31563126252505014
2022,11,SRB.25.1_1,0.04240851177262512,0.34068136272545096
2022,11,SRB.25.2_1,0.03965841066409449,0.27354709418837675
2022,11,SRB.25.3_1,0.04115382773807649,0.30661322645290584
2022,11,SRB.25.4_1,0.041741657236556,0.32164328657314634
2022,11,SRB.25.5_1,0.038717389095742856,0.25551102204408815
2022,11,SRB.25.6_1,0.041275836609137945,0.30961923847695383
2022,11,SRB.25.7_1,0.039199485556694245,0.26452905811623245
2022,11,SRB.25.8_1,0.03914707730058033,0.2635270541082164
2022,11,SRB.25.9_1,0.03919948555669421,0.26452905811623245
2022,11,SRB.3.10_1,0.03149519806860735,0.842685370741483
2022,11,SRB.3.11_1,0.041590295933603944,0.3176352705410822
2022,11,SRB.3.12_1,0.03375187911770993,0.8166332665330661
2022,11,SRB.3.13_1,0.043131914956911536,0.36472945891783565
2022,11,SRB.3.14_1,0.04383670232431371,0.3937875751503006
2022,11,SRB.3.15_1,0.035215065628508076,0.7975951903807615
2022,11,SRB.3.16_1,0.04464842482901877,0.4448897795591182
2022,11,SRB.3.17_1,0.04418431087589443,0.4118236472945892
2022,11,SRB.3.1_1,0.04227517267010106,0.33667334669338683
2022,11,SRB.3.2_1,0.04339547952380598,0.374749498997996
2022,11,SRB.3.3_1,0.04281648019531073,0.3537074148296593
2022,11,SRB.3.4_1,0.04213810368687152,0.3326653306613226
2022,11,SRB.3.5_1,0.04337010586627802,0.37374749498997994
2022,11,SRB.3.6_1,0.04462657984427568,0.4428857715430861
2022,11,SRB.3.7_1,0.04287584243190743,0.35571142284569135
2022,11,SRB.3.8_1,0.044393623530798794,0.4248496993987975
2022,11,SRB.3.9_1,0.044075950914153415,0.405811623246493
2022,11,SRB.4.1_1,0.04155184791738723,0.31663326653306617
2022,11,SRB.4.2_1,0.036867865902490055,0.22444889779559116
2022,11,SRB.4.3_1,0.041395606727456395,0.31262525050100204
2022,11,SRB.4.4_1,0.04185264256153215,0.32464929859719444
2022,11,SRB.4.5_1,0.04068701086093323,0.29559118236472937
2022,11,SRB.4.6_1,0.03950796462859233,0.27054108216432865
2022,11,SRB.5.10_1,0.040945455391464956,0.3016032064128257
2022,11,SRB.5.11_1,0.041112657511998586,0.3056112224448897
2022,11,SRB.5.12_1,0.04210324980265418,0.33166332665330667
2022,11,SRB.5.1_1,0.04050955188380273,0.29158316633266523
2022,11,SRB.5.2_1,0.040554307228194836,0.2925851703406814
2022,11,SRB.5.3_1,0.04206816021258258,0.33066132264529063
2022,11,SRB.5.4_1,0.0415902959336039,0.3176352705410822
2022,11,SRB.5.5_1,0.03925160781713162,0.2655310621242485
2022,11,SRB.5.6_1,0.04077418558574738,0.29759519038076154
2022,11,SRB.5.7_1,0.04234230644091953,0.3386773547094188
2022,11,SRB.5.8_1,0.04077418558574738,0.29759519038076154
2022,11,SRB.5.9_1,0.044531142167194726,0.43486973947895785
2022,11,SRB.6.1_1,0.04247379259847073,0.3426853707414829
2022,11,SRB.6.2_1,0.042695050008367194,0.34969939879759515
2022,11,SRB.6.3_1,0.04321328510842757,0.36773547094188375
2022,11,SRB.6.4_1,0.04307656514524694,0.3627254509018036
2022,11,SRB.6.5_1,0.04250608752984243,0.34368737474949895
2022,11,SRB.6.6_1,0.043793883271338103,0.39178356713426865
2022,11,SRB.6.7_1,0.04344557587102489,0.37675350701402816
2022,11,SRB.6.8_1,0.04331870585301195,0.3717434869739479
2022,11,SRB.7.1_1,0.04253815277505928,0.344689378757515
2022,11,SRB.7.2_1,0.04068701086093322,0.29559118236472937
2022,11,SRB.7.3_1,0.040945455391464984,0.3016032064128257
2022,11,SRB.7.4_1,0.04111265751199855,0.3056112224448897
2022,11,SRB.7.5_1,0.042756217206510114,0.35170340681362733
2022,11,SRB.7.6_1,0.04247379259847072,0.3426853707414829
2022,11,SRB.8.1_1,0.04334451475927326,0.3727454909819639
2022,11,SRB.8.2_1,0.04240851177262511,0.34068136272545096
2022,11,SRB.8.3_1,0.041852642561532184,0.32464929859719444
2022,11,SRB.8.4_1,0.04073072715680168,0.2965931863727455
2022,11,SRB.8.5_1,0.042473792598470714,0.3426853707414829
2022,11,SRB.8.6_1,0.04177889285897204,0.32264529058116226
2022,11,SRB.8.7_1,0.04293430730455365,0.3577154308617234
2022,11,SRB.8.8_1,0.041961471838374995,0.32765531062124253
2022,11,SRB.9.1_1,0.04188915779103526,0.32565130260521036
2022,11,SRB.9.2_1,0.04131600785669963,0.31062124248497
2022,11,SRB.9.3_1,0.03909438201518481,0.2625250501002004
2022,11,SRB.9.4_1,0.039806362264207897,0.27655310621242485
2022,11,SVK.1.10_1,0.039199485556694266,0.26452905811623245
2022,11,SVK.1.11_1,0.04018889231686864,0.2845691382765531
2022,11,SVK.1.12_1,0.03866235905489496,0.2545090180360721
2022,11,SVK.1.13_1,0.039041398656213186,0.26152304609218435
2022,11,SVK.1.1_1,0.03768045910529505,0.23747494989979948
2022,11,SVK.1.2_1,0.040419255322054294,0.28957915831663317
2022,11,SVK.1.3_1,0.03680304076042709,0.22344689378757523
2022,11,SVK.1.4_1,0.03731228588703084,0.23146292585170328
2022,11,SVK.1.5_1,0.03849548335707844,0.251503006012024
2022,11,SVK.1.6_1,0.03935499843274611,0.26753507014028055
2022,11,SVK.1.7_1,0.039806362264207855,0.27655310621242485
2022,11,SVK.1.8_1,0.03743630130350764,0.23346693386773534
2022,11,SVK.1.9_1,0.039757320667554705,0.2755511022044088
2022,11,SVK.2.1_1,0.043999552207013196,0.40180360721442887
2022,11,SVK.2.2_1,0.04068701086093325,0.29559118236472937
2022,11,SVK.2.3_1,0.041112657511998614,0.3056112224448897
2022,11,SVK.2.4_1,0.0405095518838027,0.29158316633266523
2022,11,SVK.2.5_1,0.04119474721446171,0.30761523046092176
2022,11,SVK.2.6_1,0.04064303594748162,0.29458917835671344
2022,11,SVK.2.7_1,0.0386070321847344,0.2535070140280561
2022,11,SVK.2.8_1,0.03940626880286668,0.2685370741482966
2022,11,SVK.3.10_1,0.03491898199281641,0.19639278557114234
2022,11,SVK.3.11_1,0.04059880165840481,0.2935871743486973
2022,11,SVK.3.1_1,0.03571861272062176,0.2074148296593187
2022,11,SVK.3.2_1,0.03791952713584334,0.24148296593186372
2022,11,SVK.3.3_1,0.03955839203846011,0.2715430861723447
2022,11,SVK.3.4_1,0.039354998432746105,0.26753507014028055
2022,11,SVK.3.5_1,0.038439259069374954,0.250501002004008
2022,11,SVK.3.6_1,0.04009488125034135,0.28256513026052105
2022,11,SVK.3.7_1,0.039303445104941735,0.2665330661322645
2022,11,SVK.3.8_1,0.03731228588703087,0.23146292585170328
2022,11,SVK.3.9_1,0.03871738909574287,0.25551102204408815
2022,11,SVK.4.1_1,0.04151315560969296,0.31563126252505014
2022,11,SVK.4.2_1,0.04170418032446182,0.3206412825651303
2022,11,SVK.4.3_1,0.041590295933603916,0.3176352705410822
2022,11,SVK.4.4_1,0.041355931013238915,0.3116232464929859
2022,11,SVK.4.5_1,0.041590295933603895,0.3176352705410822
2022,11,SVK.4.6_1,0.039251607817131676,0.2655310621242485
2022,11,SVK.4.7_1,0.041029562080287164,0.30360721442885763
2022,11,SVK.5.10_1,0.03557660719068578,0.20541082164328653
2022,11,SVK.5.11_1,0.039041398656213214,0.26152304609218435
2022,11,SVK.5.12_1,0.03737445616120217,0.23246492985971942
2022,11,SVK.5.13_1,0.039094382015184836,0.2625250501002004
2022,11,SVK.5.1_1,0.0363396854976229,0.21643286573146278
2022,11,SVK.5.2_1,0.039303445104941714,0.2665330661322645
2022,11,SVK.5.3_1,0.03469283266576518,0.19338677354709424
2022,11,SVK.5.4_1,0.035718612720621684,0.2074148296593187
2022,11,SVK.5.5_1,0.0380371794335184,0.24348697394789579
2022,11,SVK.5.6_1,0.03430795101871428,0.18837675350701397
2022,11,SVK.5.7_1,0.038325904827475506,0.24849699398797595
2022,11,SVK.5.8_1,0.03461665917470774,0.1923847695390781
2022,11,SVK.5.9_1,0.03660652579932899,0.22044088176352702
2022,11,SVK.6.1_1,0.03809553972866258,0.2444889779559117
2022,11,SVK.6.2_1,0.04046453484455116,0.2905811623246492
2022,11,SVK.6.3_1,0.03898812616854864,0.2605210420841683
2022,11,SVK.6.4_1,0.039041398656213214,0.26152304609218435
2022,11,SVK.6.5_1,0.03882656321699923,0.2575150300601202
2022,11,SVK.6.6_1,0.038934563486113315,0.2595190380761523
2022,11,SVK.6.7_1,0.03599823425056955,0.21142284569138262
2022,11,SVK.6.8_1,0.0385514073384469,0.25250501002004005
2022,11,SVK.6.9_1,0.03843925906937499,0.250501002004008
2022,11,SVK.7.1_1,0.029525942839218226,0.13527054108216433
2022,11,SVK.7.2_1,0.026956373449295322,0.11222444889779569
2022,11,SVK.7.3_1,0.025459901829479256,0.10020040080160318
2022,11,SVK.7.4_1,0.028562945521100072,0.12625250501002003
2022,11,SVK.7.5_1,0.02597204829659694,0.10420841683366731
2022,11,SVK.7.6_1,0.025845307393654433,0.10320641282565128
2022,11,SVK.7.7_1,0.02558924522057284,0.10120240480961921
2022,11,SVK.8.10_1,0.034307951018714256,0.18837675350701397
2022,11,SVK.8.11_1,0.03491898199281638,0.19639278557114234
2022,11,SVK.8.1_1,0.03909438201518485,0.2625250501002004
2022,11,SVK.8.2_1,0.03620416898054941,0.21442885771543072
2022,11,SVK.8.3_1,0.036473799852391554,0.21843687374749496
2022,11,SVK.8.4_1,0.038211334990488795,0.246492985971944
2022,11,SVK.8.5_1,0.03514162192953801,0.19939879759519044
2022,11,SVK.8.6_1,0.03693235379411003,0.2254509018036072
2022,11,SVK.8.7_1,0.03514162192953801,0.19939879759519044
2022,11,SVK.8.8_1,0.03578906391308233,0.20841683366733474
2022,11,SVK.8.9_1,0.037919527135843276,0.24148296593186372
2022,11,SVN.1.10_1,0.04420164609122567,0.4128256513026051
2022,11,SVN.1.11_1,0.043660334463641655,0.38577154308617234
2022,11,SVN.1.12_1,0.04460393022272375,0.44088176352705405
2022,11,SVN.1.13_1,0.04461535568187445,0.4418837675350702
2022,11,SVN.1.14_1,0.042963204269654436,0.35871743486973945
2022,11,SVN.1.15_1,0.04344557587102488,0.37675350701402816
2022,11,SVN.1.16_1,0.04413106412376041,0.408817635270541
2022,11,SVN.1.17_1,0.043344514759273256,0.3727454909819639
2022,11,SVN.1.1_1,0.043543174153266105,0.38076152304609207
2022,11,SVN.1.2_1,0.042569988804429505,0.345691382765531
2022,11,SVN.1.3_1,0.04450526241781755,0.4328657314629258
2022,11,SVN.1.4_1,0.04430132883243601,0.41883767535070143
2022,11,SVN.1.5_1,0.043728065732511236,0.38877755511022033
2022,11,SVN.1.6_1,0.04275621720651016,0.35170340681362733
2022,11,SVN.1.7_1,0.04436367686690324,0.42284569138276545
2022,11,SVN.1.8_1,0.04256998880442952,0.345691382765531
2022,11,SVN.1.9_1,0.04443701358204495,0.42785571142284573
2022,11,SVN.10.10_1,0.034616659174707694,0.1923847695390781
2022,11,SVN.10.11_1,0.039708003775604926,0.2745490981963928
2022,11,SVN.10.12_1,0.03985512948058406,0.2775551102204409
2022,11,SVN.10.13_1,0.03990362322256467,0.2785571142284569
2022,11,SVN.10.14_1,0.04123541661552885,0.3086172344689379
2022,11,SVN.10.15_1,0.041071235855271435,0.3046092184368738
2022,11,SVN.10.16_1,0.040554307228194815,0.2925851703406814
2022,11,SVN.10.17_1,0.04181588777480875,0.3236472945891783
2022,11,SVN.10.18_1,0.04166646153391292,0.31963927855711427
2022,11,SVN.10.19_1,0.040860331809066744,0.2995991983967936
2022,11,SVN.10.1_1,0.03919948555669427,0.26452905811623245
2022,11,SVN.10.20_1,0.04143503564179733,0.31362725450901807
2022,11,SVN.10.21_1,0.04188915779103522,0.32565130260521036
2022,11,SVN.10.22_1,0.04032790563471897,0.2875751503006012
2022,11,SVN.10.23_1,0.03342479158883784,0.1773547094188377
2022,11,SVN.10.24_1,0.03914707730058033,0.2635270541082164
2022,11,SVN.10.25_1,0.04059880165840475,0.2935871743486973
2022,11,SVN.10.26_1,0.04037371252013143,0.28857715430861725
2022,11,SVN.10.27_1,0.04068701086093324,0.29559118236472937
2022,11,SVN.10.28_1,0.03898812616854866,0.2605210420841683
2022,11,SVN.10.29_1,0.041112657511998586,0.3056112224448897
2022,11,SVN.10.2_1,0.04123541661552885,0.3086172344689379
2022,11,SVN.10.30_1,0.03995184438700481,0.27955911823647295
2022,11,SVN.10.31_1,0.04181588777480875,0.3236472945891783
2022,11,SVN.10.32_1,0.03914707730058034,0.2635270541082164
2022,11,SVN.10.3_1,0.04281648019531073,0.3537074148296593
2022,11,SVN.10.4_1,0.039806362264207903,0.27655310621242485
2022,11,SVN.10.5_1,0.04037371252013143,0.28857715430861725
2022,11,SVN.10.6_1,0.038037179433518385,0.24348697394789579
2022,11,SVN.10.7_1,0.04155184791738723,0.31663326653306617
2022,11,SVN.10.8_1,0.04155184791738723,0.31663326653306617
2022,11,SVN.10.9_1,0.03866235905489502,0.2545090180360721
2022,11,SVN.11.1_1,0.04247379259847073,0.3426853707414829
2022,11,SVN.11.2_1,0.04115382773807648,0.30661322645290584
2022,11,SVN.11.3_1,0.04037371252013142,0.28857715430861725
2022,11,SVN.12.1_1,0.040281833853788196,0.2865731462925852
2022,11,SVN.12.2_1,0.038772123442110076,0.2565130260521042
2022,11,SVN.12.3_1,0.040142020896168605,0.2835671342685371
2022,11,SVN.2.10_1,0.0430203293013038,0.3607214428857715
2022,11,SVN.2.11_1,0.03815359116029785,0.24549098196392785
2022,11,SVN.2.12_1,0.04115382773807648,0.30661322645290584
2022,11,SVN.2.1_1,0.04050955188380273,0.29158316633266523
2022,11,SVN.2.2_1,0.0359288727862951,0.2104208416833667
2022,11,SVN.2.3_1,0.04250608752984241,0.34368737474949895
2022,11,SVN.2.4_1,0.03838273329162205,0.24949899799599198
2022,11,SVN.2.5_1,0.03999979386183109,0.280561122244489
2022,11,SVN.2.6_1,0.04119474721446171,0.30761523046092176
2022,11,SVN.2.7_1,0.03826877246779932,0.24749498997995992
2022,11,SVN.2.8_1,0.04347029924182281,0.3777555110220441
2022,11,SVN.2.9_1,0.04123541661552884,0.3086172344689379
2022,11,SVN.3.10_1,0.04068701086093324,0.29559118236472937
2022,11,SVN.3.11_1,0.040945455391464984,0.3016032064128257
2022,11,SVN.3.12_1,0.04174165723655569,0.32164328657314634
2022,11,SVN.3.13_1,0.04170418032446183,0.3206412825651303
2022,11,SVN.3.14_1,0.038717389095742884,0.25551102204408815
2022,11,SVN.3.15_1,0.04185264256153215,0.32464929859719444
2022,11,SVN.3.16_1,0.0413956067274564,0.31262525050100204
2022,11,SVN.3.1_1,0.04253815277505931,0.344689378757515
2022,11,SVN.3.2_1,0.04155184791738723,0.31663326653306617
2022,11,SVN.3.3_1,0.04081738689112669,0.2985971943887776
2022,11,SVN.3.4_1,0.04023549635725001,0.28557114228456904
2022,11,SVN.3.5_1,0.03774069986446012,0.23847695390781562
2022,11,SVN.3.6_1,0.0416285002703951,0.3186372745490981
2022,11,SVN.3.7_1,0.03925160781713169,0.2655310621242485
2022,11,SVN.3.8_1,0.04224125636959844,0.3356713426853708
2022,11,SVN.3.9_1,0.039199485556694266,0.26452905811623245
2022,11,SVN.4.10_1,0.03673787677395959,0.2224448897795591
2022,11,SVN.4.11_1,0.03888070953173469,0.25851703406813625
2022,11,SVN.4.12_1,0.03990362322256467,0.2785571142284569
2022,11,SVN.4.1_1,0.0379195271358433,0.24148296593186372
2022,11,SVN.4.2_1,0.03882656321699924,0.2575150300601202
2022,11,SVN.4.3_1,0.038211334990488774,0.246492985971944
2022,11,SVN.4.4_1,0.03909438201518484,0.2625250501002004
2022,11,SVN.4.5_1,0.038095539728662545,0.2444889779559117
2022,11,SVN.4.6_1,0.0396584106640945,0.27354709418837675
2022,11,SVN.4.7_1,0.040094881250341344,0.28256513026052105
2022,11,SVN.4.8_1,0.037860232540010634,0.24048096192384757
2022,11,SVN.4.9_1,0.03999979386183113,0.280561122244489
2022,11,SVN.5.1_1,0.04032790563471894,0.2875751503006012
2022,11,SVN.5.2_1,0.040509551883802716,0.29158316633266523
2022,11,SVN.5.3_1,0.040554307228194836,0.2925851703406814
2022,11,SVN.5.4_1,0.04032790563471894,0.2875751503006012
2022,11,SVN.5.5_1,0.039999793861831126,0.280561122244489
2022,11,SVN.5.6_1,0.04064303594748161,0.29458917835671344
2022,11,SVN.6.1_1,0.043076565145246944,0.3627254509018036
2022,11,SVN.6.2_1,0.04287584243190793,0.35571142284569135
2022,11,SVN.6.3_1,0.044699523954160006,0.44989979959919835
2022,11,SVN.6.4_1,0.04463760284812439,0.44388777555110226
2022,11,SVN.6.5_1,0.043960099386217207,0.3997995991983968
2022,11,SVN.6.6_1,0.0448228357625907,0.46492985971943884
2022,11,SVN.6.7_1,0.04366033446364164,0.38577154308617234
2022,11,SVN.7.10_1,0.0432664332248837,0.3697394789579158
2022,11,SVN.7.11_1,0.04174165723655567,0.32164328657314634
2022,11,SVN.7.12_1,0.04351909805326036,0.37975951903807614
2022,11,SVN.7.13_1,0.04337010586627802,0.37374749498997994
2022,11,SVN.7.14_1,0.044218774826431544,0.41382765531062116
2022,11,SVN.7.15_1,0.04377215623959299,0.3907815631262525
2022,11,SVN.7.16_1,0.0432664332248837,0.3697394789579158
2022,11,SVN.7.17_1,0.04349480652540881,0.3787575150300601
2022,11,SVN.7.18_1,0.04307656514524692,0.3627254509018036
2022,11,SVN.7.19_1,0.04263297507375736,0.3476953907815631
2022,11,SVN.7.1_1,0.043836702324313734,0.3937875751503006
2022,11,SVN.7.20_1,0.04334451475927328,0.3727454909819639
2022,11,SVN.7.21_1,0.044057163981650355,0.40480961923847697
2022,11,SVN.7.22_1,0.04266412623133124,0.3486973947895791
2022,11,SVN.7.23_1,0.043344514759273284,0.3727454909819639
2022,11,SVN.7.24_1,0.04339547952380595,0.374749498997996
2022,11,SVN.7.2_1,0.043020329301303804,0.3607214428857715
2022,11,SVN.7.3_1,0.04349480652540881,0.3787575150300601
2022,11,SVN.7.4_1,0.04275621720651015,0.35170340681362733
2022,11,SVN.7.5_1,0.043344514759273305,0.3727454909819639
2022,11,SVN.7.6_1,0.044057163981650375,0.40480961923847697
2022,11,SVN.7.7_1,0.04387867656893718,0.39579158316633256
2022,11,SVN.7.8_1,0.04323996878466324,0.3687374749498998
2022,11,SVN.7.9_1,0.043815398538475346,0.3927855711422847
2022,11,SVN.8.10_1,0.041590295933603895,0.3176352705410822
2022,11,SVN.8.11_1,0.04147421839250662,0.314629258517034
2022,11,SVN.8.12_1,0.04086033180906674,0.2995991983967936
2022,11,SVN.8.13_1,0.03882656321699921,0.2575150300601202
2022,11,SVN.8.14_1,0.04139560672745634,0.31262525050100204
2022,11,SVN.8.15_1,0.04018889231686863,0.2845691382765531
2022,11,SVN.8.16_1,0.04170418032446181,0.3206412825651303
2022,11,SVN.8.17_1,0.041997271772577685,0.32865731462925857
2022,11,SVN.8.18_1,0.03888070953173469,0.25851703406813625
2022,11,SVN.8.19_1,0.0422071064489409,0.33466933867735477
2022,11,SVN.8.1_1,0.04166646153391289,0.31963927855711427
2022,11,SVN.8.20_1,0.04102956208028712,0.30360721442885763
2022,11,SVN.8.21_1,0.04077418558574743,0.29759519038076154
2022,11,SVN.8.22_1,0.04196147183837499,0.32765531062124253
2022,11,SVN.8.23_1,0.040327905634718955,0.2875751503006012
2022,11,SVN.8.24_1,0.03821133499048882,0.246492985971944
2022,11,SVN.8.25_1,0.03882656321699922,0.2575150300601202
2022,11,SVN.8.26_1,0.040327905634718976,0.2875751503006012
2022,11,SVN.8.27_1,0.039951844387004797,0.27955911823647295
2022,11,SVN.8.28_1,0.041741657236556,0.32164328657314634
2022,11,SVN.8.29_1,0.03904139865621319,0.26152304609218435
2022,11,SVN.8.2_1,0.037619900254271796,0.23647294589178355
2022,11,SVN.8.30_1,0.039507964628592344,0.27054108216432865
2022,11,SVN.8.31_1,0.03965841066409449,0.27354709418837675
2022,11,SVN.8.32_1,0.04177889285897203,0.32264529058116226
2022,11,SVN.8.33_1,0.039354998432746105,0.26753507014028055
2022,11,SVN.8.34_1,0.039303445104941735,0.2665330661322645
2022,11,SVN.8.3_1,0.03826877246779934,0.24749498997995992
2022,11,SVN.8.4_1,0.04224125636959847,0.3356713426853708
2022,11,SVN.8.5_1,0.041153827738076486,0.30661322645290584
2022,11,SVN.8.6_1,0.04188915779103525,0.32565130260521036
2022,11,SVN.8.7_1,0.04224125636959845,0.3356713426853708
2022,11,SVN.8.8_1,0.041275836609137945,0.30961923847695383
2022,11,SVN.8.9_1,0.03945725720745003,0.2695390781563126
2022,11,SVN.9.10_1,0.041435035641797305,0.31362725450901807
2022,11,SVN.9.11_1,0.03749782275340516,0.2344689378757515
2022,11,SVN.9.12_1,0.04296320426965445,0.35871743486973945
2022,11,SVN.9.13_1,0.04111265751199857,0.3056112224448897
2022,11,SVN.9.14_1,0.04046453484455116,0.2905811623246492
2022,11,SVN.9.15_1,0.04199727177257769,0.32865731462925857
2022,11,SVN.9.16_1,0.04451830354100683,0.43386773547094193
2022,11,SVN.9.17_1,0.03950796462859234,0.27054108216432865
2022,11,SVN.9.18_1,0.04098763549272171,0.3026052104208417
2022,11,SVN.9.19_1,0.039855129480584076,0.2775551102204409
2022,11,SVN.9.1_1,0.04077418558574739,0.29759519038076154
2022,11,SVN.9.20_1,0.04023549635725001,0.28557114228456904
2022,11,SVN.9.21_1,0.03990362322256438,0.2785571142284569
2022,11,SVN.9.22_1,0.040903021068546194,0.30060120240480964
2022,11,SVN.9.23_1,0.041112657511998565,0.3056112224448897
2022,11,SVN.9.24_1,0.04199727177257766,0.32865731462925857
2022,11,SVN.9.25_1,0.040945455391464984,0.3016032064128257
2022,11,SVN.9.26_1,0.04046453484455117,0.2905811623246492
2022,11,SVN.9.2_1,0.04041925532205429,0.28957915831663317
2022,11,SVN.9.3_1,0.04188915779103527,0.32565130260521036
2022,11,SVN.9.4_1,0.04090302106854621,0.30060120240480964
2022,11,SVN.9.5_1,0.040554307228194836,0.2925851703406814
2022,11,SVN.9.6_1,0.03877212344211008,0.2565130260521042
2022,11,SVN.9.7_1,0.03919948555669428,0.26452905811623245
2022,11,SVN.9.8_1,0.04131600785669965,0.31062124248497
2022,11,SVN.9.9_1,0.041551847917387225,0.31663326653306617
2022,11,SWE.1.1_1,0.04174165723655576,0.32164328657314634
2022,11,SWE.1.2_1,0.04247379259847072,0.3426853707414829
2022,11,SWE.1.3_1,0.041741657236555756,0.32164328657314634
2022,11,SWE.1.4_1,0.04119474721446171,0.30761523046092176
2022,11,SWE.1.5_1,0.040774185585747386,0.29759519038076154
2022,11,SWE.10.10_1,0.028781414078247605,0.1282565130260521
2022,11,SWE.10.11_1,0.031213724766442106,0.1523046092184369
2022,11,SWE.10.12_1,0.028562945521100103,0.12625250501002003
2022,11,SWE.10.13_1,0.027429787789472807,0.1162324649298596
2022,11,SWE.10.14_1,0.03034050117169257,0.1432865731462926
2022,11,SWE.10.1_1,0.030340501171692572,0.1432865731462926
2022,11,SWE.10.2_1,0.027777102344623883,0.1192384769539077
2022,11,SWE.10.3_1,0.03168027796489129,0.15731462925851705
2022,11,SWE.10.4_1,0.029629830206987617,0.13627254509018036
2022,11,SWE.10.5_1,0.02899728775202696,0.13026052104208416
2022,11,SWE.10.6_1,0.02931634169296392,0.13326653306613226
2022,11,SWE.10.7_1,0.026223003116657123,0.10621242484969938
2022,11,SWE.10.8_1,0.033424791588837904,0.1773547094188377
2022,11,SWE.10.9_1,0.02742978778947279,0.1162324649298596
2022,11,SWE.11.10_1,0.039406268802866684,0.2685370741482966
2022,11,SWE.11.11_1,0.04009488125034136,0.28256513026052105
2022,11,SWE.11.12_1,0.040817386891126684,0.2985971943887776
2022,11,SWE.11.1_1,0.040687010860933244,0.29559118236472937
2022,11,SWE.11.2_1,0.04107123585527144,0.3046092184368738
2022,11,SWE.11.3_1,0.04147421839250663,0.314629258517034
2022,11,SWE.11.4_1,0.03955839203846011,0.2715430861723447
2022,11,SWE.11.5_1,0.04073072715680163,0.2965931863727455
2022,11,SWE.11.6_1,0.04041925532205434,0.28957915831663317
2022,11,SWE.11.7_1,0.04287584243190794,0.35571142284569135
2022,11,SWE.11.8_1,0.03838273329162207,0.24949899799599198
2022,11,SWE.11.9_1,0.039041398656213214,0.26152304609218435
2022,11,SWE.12.10_1,0.03970800377560491,0.2745490981963928
2022,11,SWE.12.11_1,0.0409030210685462,0.30060120240480964
2022,11,SWE.12.12_1,0.041235416615528854,0.3086172344689379
2022,11,SWE.12.13_1,0.04064303594748161,0.29458917835671344
2022,11,SWE.12.1_1,0.040094881250341226,0.28256513026052105
2022,11,SWE.12.2_1,0.040860331809066744,0.2995991983967936
2022,11,SWE.12.3_1,0.04155184791738723,0.31663326653306617
2022,11,SWE.12.4_1,0.04123541661552886,0.3086172344689379
2022,11,SWE.12.5_1,0.04135593101323891,0.3116232464929859
2022,11,SWE.12.6_1,0.039199485556694245,0.26452905811623245
2022,11,SWE.12.7_1,0.0405988016584048,0.2935871743486973
2022,11,SWE.12.8_1,0.03985512948058406,0.2775551102204409
2022,11,SWE.12.9_1,0.0409876354927217,0.3026052104208417
2022,11,SWE.13.10_1,0.04318638182744443,0.3667334669338677
2022,11,SWE.13.11_1,0.04240851177262511,0.34068136272545096
2022,11,SWE.13.12_1,0.041316007856699644,0.31062124248497
2022,11,SWE.13.13_1,0.04240851177262512,0.34068136272545096
2022,11,SWE.13.14_1,0.04188915779103524,0.32565130260521036
2022,11,SWE.13.15_1,0.0422071064489409,0.33466933867735477
2022,11,SWE.13.16_1,0.0432926787939761,0.37074148296593185
2022,11,SWE.13.17_1,0.043445575871024905,0.37675350701402816
2022,11,SWE.13.18_1,0.04237552491402111,0.3396793587174348
2022,11,SWE.13.19_1,0.04491178483946203,0.5150300601202404
2022,11,SWE.13.1_1,0.04018889231686863,0.2845691382765531
2022,11,SWE.13.20_1,0.04224125636959846,0.3356713426853708
2022,11,SWE.13.21_1,0.04244126750596148,0.3416833667334669
2022,11,SWE.13.22_1,0.04250608752984241,0.34368737474949895
2022,11,SWE.13.23_1,0.04224125636959845,0.3356713426853708
2022,11,SWE.13.24_1,0.04269505000836716,0.34969939879759515
2022,11,SWE.13.25_1,0.041395606727456416,0.31262525050100204
2022,11,SWE.13.26_1,0.0429051868296193,0.35671342685370727
2022,11,SWE.13.27_1,0.04464842482901876,0.4448897795591182
2022,11,SWE.13.28_1,0.04174165723655593,0.32164328657314634
2022,11,SWE.13.29_1,0.0409030210685462,0.30060120240480964
2022,11,SWE.13.2_1,0.04102956208028715,0.30360721442885763
2022,11,SWE.13.30_1,0.0421727223943173,0.3336673346693386
2022,11,SWE.13.31_1,0.043076565145246916,0.3627254509018036
2022,11,SWE.13.32_1,0.04387867656893719,0.39579158316633256
2022,11,SWE.13.33_1,0.04073072715680163,0.2965931863727455
2022,11,SWE.13.3_1,0.04237552491402114,0.3396793587174348
2022,11,SWE.13.4_1,0.041275836609137945,0.30961923847695383
2022,11,SWE.13.5_1,0.041112657511998565,0.3056112224448897
2022,11,SWE.13.6_1,0.044927186371910774,0.48897795591182364
2022,11,SWE.13.7_1,0.041435035641797305,0.31362725450901807
2022,11,SWE.13.8_1,0.04177889285897204,0.32264529058116226
2022,11,SWE.13.9_1,0.04234230644091953,0.3386773547094188
2022,11,SWE.14.1_1,0.04064303594748162,0.29458917835671344
2022,11,SWE.14.2_1,0.04090302106854621,0.30060120240480964
2022,11,SWE.14.3_1,0.0401420208961686,0.2835671342685371
2022,11,SWE.14.4_1,0.040987635492721664,0.3026052104208417
2022,11,SWE.14.5_1,0.04139560672745637,0.31262525050100204
2022,11,SWE.14.6_1,0.04278646150937983,0.35270541082164336
2022,11,SWE.14.7_1,0.04159029593360393,0.3176352705410822
2022,11,SWE.14.8_1,0.04050955188380271,0.29158316633266523
2022,11,SWE.14.9_1,0.04064303594748162,0.29458917835671344
2022,11,SWE.15.10_1,0.03838273329162202,0.24949899799599198
2022,11,SWE.15.11_1,0.03606723621772733,0.21242484969939876
2022,11,SWE.15.12_1,0.0363396854976229,0.21643286573146278
2022,11,SWE.15.13_1,0.03737445616120218,0.23246492985971942
2022,11,SWE.15.14_1,0.038607032184734366,0.2535070140280561
2022,11,SWE.15.15_1,0.03826877246779928,0.24749498997995992
2022,11,SWE.15.16_1,0.039806362264207924,0.27655310621242485
2022,11,SWE.15.17_1,0.041889157791035275,0.32565130260521036
2022,11,SWE.15.18_1,0.04077418558574737,0.29759519038076154
2022,11,SWE.15.19_1,0.04492511336875755,0.5100200400801602
2022,11,SWE.15.1_1,0.039757320667554705,0.2755511022044088
2022,11,SWE.15.20_1,0.039457257207450025,0.2695390781563126
2022,11,SWE.15.21_1,0.03914707730058031,0.2635270541082164
2022,11,SWE.15.22_1,0.036996506011050964,0.22645290581162333
2022,11,SWE.15.23_1,0.03557660719068571,0.20541082164328653
2022,11,SWE.15.24_1,0.03686786590249006,0.22444889779559116
2022,11,SWE.15.25_1,0.038662359054894985,0.2545090180360721
2022,11,SWE.15.26_1,0.039608540399406575,0.2725450901803607
2022,11,SWE.15.2_1,0.041029562080287144,0.30360721442885763
2022,11,SWE.15.3_1,0.03627210338175869,0.21543086172344697
2022,11,SWE.15.4_1,0.03791952713584338,0.24148296593186372
2022,11,SWE.15.5_1,0.039094382015184836,0.2625250501002004
2022,11,SWE.15.6_1,0.03980636226420787,0.27655310621242485
2022,11,SWE.15.7_1,0.03940626880286668,0.2685370741482966
2022,11,SWE.15.8_1,0.040643035947481615,0.29458917835671344
2022,11,SWE.15.9_1,0.03375187911770994,0.18136272545090185
2022,11,SWE.16.1_1,0.02634723765249561,0.10721442885771541
2022,11,SWE.16.2_1,0.027312557164847512,0.11523046092184368
2022,11,SWE.16.3_1,0.02439208779022551,0.09218436873747492
2022,11,SWE.16.4_1,0.02671508862897926,0.11022044088176362
2022,11,SWE.16.5_1,0.023405787450063918,0.08517034068136269
2022,11,SWE.16.6_1,0.022517559507299202,0.07915831663326649
2022,11,SWE.16.7_1,0.023114312344931512,0.08316633266533062
2022,11,SWE.17.10_1,0.03893456348611333,0.2595190380761523
2022,11,SWE.17.11_1,0.04073072715680164,0.2965931863727455
2022,11,SWE.17.12_1,0.04032790563471894,0.2875751503006012
2022,11,SWE.17.13_1,0.038717389095742856,0.25551102204408815
2022,11,SWE.17.14_1,0.03940626880286668,0.2685370741482966
2022,11,SWE.17.15_1,0.039094382015184795,0.2625250501002004
2022,11,SWE.17.16_1,0.03768045910529506,0.23747494989979948
2022,11,SWE.17.1_1,0.03999979386183114,0.280561122244489
2022,11,SWE.17.2_1,0.039303445104941756,0.2665330661322645
2022,11,SWE.17.3_1,0.03871738909574287,0.25551102204408815
2022,11,SWE.17.4_1,0.03940626880286668,0.2685370741482966
2022,11,SWE.17.5_1,0.03975732066755469,0.2755511022044088
2022,11,SWE.17.6_1,0.038717389095742884,0.25551102204408815
2022,11,SWE.17.7_1,0.03724978902535134,0.23046092184368736
2022,11,SWE.17.8_1,0.04272574685239878,0.3507014028056112
2022,11,SWE.17.9_1,0.039354998432746105,0.26753507014028055
2022,11,SWE.18.10_1,0.02634723765249563,0.10721442885771541
2022,11,SWE.18.11_1,0.02845272201250928,0.125250501002004
2022,11,SWE.18.12_1,0.03499358228034874,0.19739478957915838
2022,11,SWE.18.13_1,0.03130806837135558,0.15330661322645292
2022,11,SWE.18.14_1,0.028005075663230905,0.12124248496993976
2022,11,SWE.18.15_1,0.03358919997061706,0.17935871743486978
2022,11,SWE.18.1_1,0.032223527815227575,0.16332665330661325
2022,11,SWE.18.2_1,0.031118856483700393,0.15130260521042085
2022,11,SWE.18.3_1,0.02993790568236586,0.13927855711422846
2022,11,SWE.18.4_1,0.03240071279083798,0.16533066132264532
2022,11,SWE.18.5_1,0.02878141407824771,0.1282565130260521
2022,11,SWE.18.6_1,0.03140189144519449,0.15430861723446895
2022,11,SWE.18.7_1,0.030140353701167032,0.14128256513026052
2022,11,SWE.18.8_1,0.03121372476644211,0.1523046092184369
2022,11,SWE.18.9_1,0.03083106107776172,0.14829659318637275
2022,11,SWE.19.1_1,0.03528812808980182,0.2014028056112225
2022,11,SWE.19.2_1,0.03673787677395948,0.2224448897795591
2022,11,SWE.19.3_1,0.03407213719838787,0.18537074148296598
2022,11,SWE.19.4_1,0.032835411739094406,0.17034068136272537
2022,11,SWE.19.5_1,0.03399270353252686,0.18436873747494983
2022,11,SWE.19.6_1,0.03578906391308237,0.20841683366733474
2022,11,SWE.19.7_1,0.03633968549762285,0.21643286573146278
2022,11,SWE.2.10_1,0.03877212344211007,0.2565130260521042
2022,11,SWE.2.11_1,0.036135880523205356,0.2134268537074148
2022,11,SWE.2.12_1,0.03909438201518482,0.2625250501002004
2022,11,SWE.2.13_1,0.03774069986446013,0.23847695390781562
2022,11,SWE.2.14_1,0.04086033180906675,0.2995991983967936
2022,11,SWE.2.15_1,0.038662359054894985,0.2545090180360721
2022,11,SWE.2.1_1,0.0345400866382659,0.19138276553106218
2022,11,SWE.2.2_1,0.03882656321699924,0.2575150300601202
2022,11,SWE.2.3_1,0.038772123442110076,0.2565130260521042
2022,11,SWE.2.4_1,0.03940626880286669,0.2685370741482966
2022,11,SWE.2.5_1,0.03768045910529504,0.23747494989979948
2022,11,SWE.2.6_1,0.03755902193439966,0.23547094188376752
2022,11,SWE.2.7_1,0.038211334990488774,0.246492985971944
2022,11,SWE.2.8_1,0.04046453484455115,0.2905811623246492
2022,11,SWE.2.9_1,0.037249789025351324,0.23046092184368736
2022,11,SWE.20.10_1,0.040598801658404786,0.2935871743486973
2022,11,SWE.20.11_1,0.03893456348611328,0.2595190380761523
2022,11,SWE.20.1_1,0.03930344510494177,0.2665330661322645
2022,11,SWE.20.2_1,0.0405095518838027,0.29158316633266523
2022,11,SWE.20.3_1,0.03797850899911904,0.24248496993987986
2022,11,SWE.20.4_1,0.03815359116029789,0.24549098196392785
2022,11,SWE.20.5_1,0.0385514073384469,0.25250501002004005
2022,11,SWE.20.6_1,0.0392516078171317,0.2655310621242485
2022,11,SWE.20.7_1,0.03945725720745003,0.2695390781563126
2022,11,SWE.20.8_1,0.03950796462859236,0.27054108216432865
2022,11,SWE.20.9_1,0.04032790563471892,0.2875751503006012
2022,11,SWE.21.10_1,0.03613588052320532,0.2134268537074148
2022,11,SWE.21.11_1,0.03712380963457746,0.22845691382765518
2022,11,SWE.21.12_1,0.035360811414559705,0.20240480961923832
2022,11,SWE.21.13_1,0.03491898199281636,0.19639278557114234
2022,11,SWE.21.14_1,0.035928872786295106,0.2104208416833667
2022,11,SWE.21.15_1,0.03699650601105098,0.22645290581162333
2022,11,SWE.21.16_1,0.03843925906937497,0.250501002004008
2022,11,SWE.21.17_1,0.03367075430784955,0.1803607214428857
2022,11,SWE.21.18_1,0.03640691707804984,0.21743486973947893
2022,11,SWE.21.19_1,0.03654033552975866,0.219438877755511
2022,11,SWE.21.1_1,0.037919527135843324,0.24148296593186372
2022,11,SWE.21.20_1,0.03693235379411002,0.2254509018036072
2022,11,SWE.21.21_1,0.038607032184734394,0.2535070140280561
2022,11,SWE.21.22_1,0.03613588052320536,0.2134268537074148
2022,11,SWE.21.23_1,0.037619900254271824,0.23647294589178355
2022,11,SWE.21.24_1,0.03826877246779924,0.24749498997995992
2022,11,SWE.21.25_1,0.0385514073384469,0.25250501002004005
2022,11,SWE.21.26_1,0.03599823425056954,0.21142284569138262
2022,11,SWE.21.27_1,0.035288128089801814,0.2014028056112225
2022,11,SWE.21.28_1,0.037186964104105845,0.22945891783567132
2022,11,SWE.21.29_1,0.03499358228034871,0.19739478957915838
2022,11,SWE.21.2_1,0.0376199002542718,0.23647294589178355
2022,11,SWE.21.30_1,0.03731228588703086,0.23146292585170328
2022,11,SWE.21.32_1,0.0373122858870308,0.23146292585170328
2022,11,SWE.21.33_1,0.03849548335707844,0.251503006012024
2022,11,SWE.21.34_1,0.03454008663826589,0.19138276553106218
2022,11,SWE.21.35_1,0.033507213334408134,0.17835671342685364
2022,11,SWE.21.36_1,0.036606525799329,0.22044088176352702
2022,11,SWE.21.37_1,0.03564779446325795,0.20641282565130267
2022,11,SWE.21.38_1,0.03613588052320531,0.2134268537074148
2022,11,SWE.21.39_1,0.03514162192953801,0.19939879759519044
2022,11,SWE.21.3_1,0.038325904827475506,0.24849699398797595
2022,11,SWE.21.40_1,0.03571861272062181,0.2074148296593187
2022,11,SWE.21.41_1,0.0346166591747077,0.1923847695390781
2022,11,SWE.21.42_1,0.03592887278629515,0.2104208416833667
2022,11,SWE.21.43_1,0.03469283266576521,0.19338677354709424
2022,11,SWE.21.44_1,0.03399270353252683,0.18436873747494983
2022,11,SWE.21.45_1,0.035141621929538,0.19939879759519044
2022,11,SWE.21.46_1,0.038095539728662565,0.2444889779559117
2022,11,SWE.21.47_1,0.035288128089801744,0.2014028056112225
2022,11,SWE.21.48_1,0.03422975840493733,0.18737474949899793
2022,11,SWE.21.49_1,0.03430795101871429,0.18837675350701397
2022,11,SWE.21.4_1,0.03592887278629508,0.2104208416833667
2022,11,SWE.21.50_1,0.03231235979305093,0.16432865731462928
2022,11,SWE.21.51_1,0.0345400866382659,0.19138276553106218
2022,11,SWE.21.5_1,0.037559021934399646,0.23547094188376752
2022,11,SWE.21.6_1,0.038153591160297845,0.24549098196392785
2022,11,SWE.21.7_1,0.03571861272062177,0.2074148296593187
2022,11,SWE.21.8_1,0.03536081141455972,0.20240480961923832
2022,11,SWE.21.9_1,0.03231235979305093,0.16432865731462928
2022,11,SWE.3.10_1,0.040373712520131416,0.28857715430861725
2022,11,SWE.3.1_1,0.039406268802866684,0.2685370741482966
2022,11,SWE.3.2_1,0.04107123585527142,0.3046092184368738
2022,11,SWE.3.3_1,0.041029562080287144,0.30360721442885763
2022,11,SWE.3.4_1,0.03860703218473437,0.2535070140280561
2022,11,SWE.3.5_1,0.03680304076042709,0.22344689378757523
2022,11,SWE.3.6_1,0.03780062389368088,0.23947895791583165
2022,11,SWE.3.7_1,0.03821133499048877,0.246492985971944
2022,11,SWE.3.8_1,0.03860703218473434,0.2535070140280561
2022,11,SWE.3.9_1,0.03904139865621319,0.26152304609218435
2022,11,SWE.4.1_1,0.040598801658404786,0.2935871743486973
2022,11,SWE.5.1_1,0.042068160212582584,0.33066132264529063
2022,11,SWE.5.2_1,0.041961471838375015,0.32765531062124253
2022,11,SWE.5.3_1,0.0418526425615323,0.32464929859719444
2022,11,SWE.5.4_1,0.042308855859258095,0.33767535070140275
2022,11,SWE.5.5_1,0.041997271772577685,0.32865731462925857
2022,11,SWE.5.6_1,0.040903021068546194,0.30060120240480964
2022,11,SWE.6.1_1,0.031587992257590194,0.15631262525050102
2022,11,SWE.6.2_1,0.03213421336437079,0.16232464929859722
2022,11,SWE.6.3_1,0.03550504892848518,0.2044088176352705
2022,11,SWE.6.4_1,0.0349935822803487,0.19739478957915838
2022,11,SWE.6.5_1,0.032312359793050895,0.16432865731462928
2022,11,SWE.6.6_1,0.034463112698266296,0.19038076152304603
2022,11,SWE.6.7_1,0.034843991792041035,0.1953907815631263
2022,11,SWE.6.8_1,0.031308068371355545,0.15330661322645292
2022,11,SWE.7.10_1,0.04196147183837502,0.32765531062124253
2022,11,SWE.7.11_1,0.04037371252013142,0.28857715430861725
2022,11,SWE.7.1_1,0.03821133499048879,0.246492985971944
2022,11,SWE.7.2_1,0.04119474721446172,0.30761523046092176
2022,11,SWE.7.3_1,0.040817386891126684,0.2985971943887776
2022,11,SWE.7.4_1,0.04135593101323891,0.3116232464929859
2022,11,SWE.7.5_1,0.04050955188380273,0.29158316633266523
2022,11,SWE.7.6_1,0.04023549635725001,0.28557114228456904
2022,11,SWE.7.7_1,0.03995184438700479,0.27955911823647295
2022,11,SWE.7.8_1,0.04107123585527141,0.3046092184368738
2022,11,SWE.7.9_1,0.04151315560969298,0.31563126252505014
2022,11,SWE.8.10_1,0.03950796462859236,0.27054108216432865
2022,11,SWE.8.11_1,0.04151315560969293,0.31563126252505014
2022,11,SWE.8.12_1,0.04115382773807647,0.30661322645290584
2022,11,SWE.8.1_1,0.03999979386183117,0.280561122244489
2022,11,SWE.8.2_1,0.041235416615528854,0.3086172344689379
2022,11,SWE.8.3_1,0.04090302106854618,0.30060120240480964
2022,11,SWE.8.4_1,0.04196147183837504,0.32765531062124253
2022,11,SWE.8.5_1,0.04090302106854618,0.30060120240480964
2022,11,SWE.8.6_1,0.04170418032446187,0.3206412825651303
2022,11,SWE.8.7_1,0.041778892858972023,0.32264529058116226
2022,11,SWE.8.8_1,0.04203283438238945,0.3296593186372745
2022,11,SWE.8.9_1,0.04230885585925809,0.33767535070140275
2022,11,SWE.9.1_1,0.04217272239431716,0.3336673346693386
2022,11,SWE.9.2_1,0.04155184791738723,0.31663326653306617
2022,11,SWE.9.3_1,0.0413559310132389,0.3116232464929859
2022,11,SWE.9.4_1,0.041029562080287185,0.30360721442885763
2022,11,SWE.9.5_1,0.04077418558574738,0.29759519038076154
2022,11,SWE.9.6_1,0.04162850027039509,0.3186372745490981
2022,11,SWE.9.7_1,0.040598801658404786,0.2935871743486973
2022,11,SWE.9.8_1,0.042172722394317165,0.3336673346693386
2022,11,TUR.1.10_1,0.03821133499048874,0.246492985971944
2022,11,TUR.1.11_1,0.01347672572386042,0.03206412825651305
2022,11,TUR.1.12_1,0.037312285887030776,0.23146292585170328
2022,11,TUR.1.13_1,0.03325863132969202,0.17535070140280565
2022,11,TUR.1.1_1,0.01397620507658568,0.03406813627254512
2022,11,TUR.1.2_1,0.030039419784473338,0.1402805611222445
2022,11,TUR.1.3_1,0.014930472193894768,0.03807615230460925
2022,11,TUR.1.4_1,0.029937905682365845,0.13927855711422846
2022,11,TUR.1.5_1,0.023549863000128114,0.08617234468937872
2022,11,TUR.1.6_1,0.0374363013035077,0.23346693386773534
2022,11,TUR.1.7_1,0.02236538380913415,0.07815631262525045
2022,11,TUR.1.8_1,0.014930472193894826,0.03807615230460925
2022,11,TUR.1.9_1,0.014220139498564743,0.03507014028056115
2022,11,TUR.10.1_1,0.02952594283921816,0.13527054108216433
2022,11,TUR.10.2_1,0.036996506011050964,0.22645290581162333
2022,11,TUR.10.3_1,0.03673787677395959,0.2224448897795591
2022,11,TUR.10.4_1,0.04372806573251124,0.38877755511022033
2022,11,TUR.10.5_1,0.03550504892848524,0.2044088176352705
2022,11,TUR.10.6_1,0.03557660719068577,0.20541082164328653
2022,11,TUR.10.7_1,0.027546283549806507,0.11723446893787574
2022,11,TUR.10.8_1,0.031680277964891236,0.15731462925851705
2022,11,TUR.11.10_1,0.037123809634577565,0.22845691382765518
2022,11,TUR.11.11_1,0.04440829068995691,0.42585170340681366
2022,11,TUR.11.12_1,0.03797850899911906,0.24248496993987986
2022,11,TUR.11.13_1,0.03893456348611331,0.2595190380761523
2022,11,TUR.11.14_1,0.038268772467799354,0.24749498997995992
2022,11,TUR.11.15_1,0.04425241372600008,0.41583166332665333
2022,11,TUR.11.16_1,0.03930344510494174,0.2665330661322645
2022,11,TUR.11.17_1,0.038717389095742835,0.25551102204408815
2022,11,TUR.11.1_1,0.03743630130350768,0.23346693386773534
2022,11,TUR.11.2_1,0.03815359116029783,0.24549098196392785
2022,11,TUR.11.3_1,0.04014202089616855,0.2835671342685371
2022,11,TUR.11.4_1,0.044936957928073736,0.49799599198396793
2022,11,TUR.11.5_1,0.04269505000836716,0.34969939879759515
2022,11,TUR.11.6_1,0.03985512948058405,0.2775551102204409
2022,11,TUR.11.7_1,0.03571861272062169,0.2074148296593187
2022,11,TUR.11.8_1,0.041513155609692966,0.31563126252505014
2022,11,TUR.11.9_1,0.041316007856699616,0.31062124248497
2022,11,TUR.12.10_1,0.04359068136350862,0.38276553106212424
2022,11,TUR.12.11_1,0.04318638182744441,0.3667334669338677
2022,11,TUR.12.12_1,0.04199727177257769,0.32865731462925857
2022,11,TUR.12.13_1,0.04037371252013142,0.28857715430861725
2022,11,TUR.12.14_1,0.04313191495691151,0.36472945891783565
2022,11,TUR.12.15_1,0.04484815317975034,0.46893787575150286
2022,11,TUR.12.16_1,0.04275621720651016,0.35170340681362733
2022,11,TUR.12.17_1,0.04135593101323889,0.3116232464929859
2022,11,TUR.12.18_1,0.03761990025427182,0.23647294589178355
2022,11,TUR.12.19_1,0.041275836609137945,0.30961923847695383
2022,11,TUR.12.1_1,0.04423569729962718,0.4148296593186372
2022,11,TUR.12.2_1,0.04266412623133125,0.3486973947895791
2022,11,TUR.12.3_1,0.04446492243267684,0.4298597194388778
2022,11,TUR.12.4_1,0.0385514073384469,0.25250501002004005
2022,11,TUR.12.5_1,0.043567035149753075,0.3817635270541082
2022,11,TUR.12.6_1,0.03724978902535127,0.23046092184368736
2022,11,TUR.12.7_1,0.04349480652540879,0.3787575150300601
2022,11,TUR.12.8_1,0.043815398538475346,0.3927855711422847
2022,11,TUR.12.9_1,0.04443701358204494,0.42785571142284573
2022,11,TUR.13.1_1,0.04407595091415343,0.405811623246493
2022,11,TUR.13.2_1,0.04321328510842757,0.36773547094188375
2022,11,TUR.13.3_1,0.042375524914021086,0.3396793587174348
2022,11,TUR.13.4_1,0.038551407338446884,0.25250501002004005
2022,11,TUR.14.1_1,0.040598801658404765,0.2935871743486973
2022,11,TUR.14.2_1,0.03985512948058407,0.2775551102204409
2022,11,TUR.14.3_1,0.04068701086093323,0.29559118236472937
2022,11,TUR.14.4_1,0.03724978902535144,0.23046092184368736
2022,11,TUR.14.5_1,0.041194747214461716,0.30761523046092176
2022,11,TUR.14.6_1,0.03391285105217092,0.1833667334669339
2022,11,TUR.15.1_1,0.029733116191840134,0.1372745490981964
2022,11,TUR.15.2_1,0.02766205245380968,0.11823647294589178
2022,11,TUR.15.3_1,0.02622300311665716,0.10621242484969938
2022,11,TUR.16.1_1,0.03309069590576361,0.17334669338677358
2022,11,TUR.16.2_1,0.03731228588703089,0.23146292585170328
2022,11,TUR.16.3_1,0.034768609439028805,0.19438877755511016
2022,11,TUR.16.4_1,0.03761990025427182,0.23647294589178355
2022,11,TUR.16.5_1,0.040945455391464984,0.3016032064128257
2022,11,TUR.16.6_1,0.03521506562850803,0.20040080160320647
2022,11,TUR.16.7_1,0.03660652579932899,0.22044088176352702
2022,11,TUR.16.8_1,0.03231235979305088,0.16432865731462928
2022,11,TUR.17.1_1,0.0306364949471647,0.1462925851703407
2022,11,TUR.17.2_1,0.033751879117709944,0.18136272545090185
2022,11,TUR.17.3_1,0.02888967210714496,0.12925851703406813
2022,11,TUR.17.4_1,0.032488590249385725,0.16633266533066135
2022,11,TUR.17.5_1,0.032400712790838004,0.16533066132264532
2022,11,TUR.17.6_1,0.03204441289418663,0.16132264529058118
2022,11,TUR.17.7_1,0.03300605504718023,0.17234468937875744
2022,11,TUR.17.8_1,0.025972048296597,0.10420841683366731
2022,11,TUR.18.1_1,0.033912851052170886,0.1833667334669339
2022,11,TUR.18.2_1,0.031213724766442144,0.1523046092184369
2022,11,TUR.18.3_1,0.03309069590576364,0.17334669338677358
2022,11,TUR.18.4_1,0.028562945521100093,0.12625250501002003
2022,11,TUR.18.5_1,0.034151154638001655,0.186372745490982
2022,11,TUR.18.6_1,0.03317488699465891,0.1743486973947895
2022,11,TUR.18.7_1,0.03536081141455971,0.20240480961923832
2022,11,TUR.19.1_1,0.03186333943737775,0.15931863727454912
2022,11,TUR.19.2_1,0.03102345930877948,0.15030060120240482
2022,11,TUR.19.3_1,0.034993582280348705,0.19739478957915838
2022,11,TUR.19.4_1,0.029316341692963908,0.13326653306613226
2022,11,TUR.19.5_1,0.037186964104105824,0.22945891783567132
2022,11,TUR.19.6_1,0.03240071279083803,0.16533066132264532
2022,11,TUR.19.7_1,0.03585914996722601,0.20941883767535066
2022,11,TUR.19.8_1,0.029835806235238602,0.13827655310621242
2022,11,TUR.19.9_1,0.033992703532526834,0.18436873747494983
2022,11,TUR.2.1_1,0.03990362322256471,0.2785571142284569
2022,11,TUR.2.2_1,0.03550504892848516,0.2044088176352705
2022,11,TUR.2.3_1,0.037436301303507655,0.23346693386773534
2022,11,TUR.2.4_1,0.03686786590249007,0.22444889779559116
2022,11,TUR.2.5_1,0.040142020896168626,0.2835671342685371
2022,11,TUR.2.6_1,0.040142020896168626,0.2835671342685371
2022,11,TUR.2.7_1,0.04418431087589443,0.4118236472945892
2022,11,TUR.2.8_1,0.03693235379411001,0.2254509018036072
2022,11,TUR.2.9_1,0.03718696410410585,0.22945891783567132
2022,11,TUR.20.10_1,0.0318633394373777,0.15931863727454912
2022,11,TUR.20.11_1,0.03578906391308237,0.20841683366733474
2022,11,TUR.20.1_1,0.03491898199281643,0.19639278557114234
2022,11,TUR.20.2_1,0.032749403036772644,0.16933867735470945
2022,11,TUR.20.3_1,0.039199485556694245,0.26452905811623245
2022,11,TUR.20.4_1,0.032312359793050915,0.16432865731462928
2022,11,TUR.20.5_1,0.03461665917470768,0.1923847695390781
2022,11,TUR.20.6_1,0.034307951018714235,0.18837675350701397
2022,11,TUR.20.7_1,0.0346166591747077,0.1923847695390781
2022,11,TUR.20.8_1,0.03248859024938571,0.16633266533066135
2022,11,TUR.20.9_1,0.03606723621772734,0.21242484969939876
2022,11,TUR.21.10_1,0.03855140733844689,0.25250501002004005
2022,11,TUR.21.11_1,0.0324885902493857,0.16633266533066135
2022,11,TUR.21.12_1,0.03877212344211008,0.2565130260521042
2022,11,TUR.21.13_1,0.02777710234462389,0.1192384769539077
2022,11,TUR.21.14_1,0.03660652579932899,0.22044088176352702
2022,11,TUR.21.15_1,0.03063649494716474,0.1462925851703407
2022,11,TUR.21.16_1,0.032223527815227665,0.16332665330661325
2022,11,TUR.21.17_1,0.03647379985239165,0.21843687374749496
2022,11,TUR.21.1_1,0.02834183015253206,0.12424849699398798
2022,11,TUR.21.2_1,0.03506779486511012,0.1983967935871743
2022,11,TUR.21.3_1,0.03599823425056955,0.21142284569138262
2022,11,TUR.21.4_1,0.025589245220572845,0.10120240480961921
2022,11,TUR.21.5_1,0.027546283549806504,0.11723446893787574
2022,11,TUR.21.6_1,0.033341931883997346,0.17635270541082157
2022,11,TUR.21.7_1,0.03898812616854865,0.2605210420841683
2022,11,TUR.21.8_1,0.0246647286476102,0.09418837675350698
2022,11,TUR.21.9_1,0.03092752895819813,0.1492985971943888
2022,11,TUR.22.10_1,0.04443701358204495,0.42785571142284573
2022,11,TUR.22.11_1,0.04361411311180181,0.3837675350701404
2022,11,TUR.22.12_1,0.043445575871024905,0.37675350701402816
2022,11,TUR.22.1_1,0.04383670232431372,0.3937875751503006
2022,11,TUR.22.2_1,0.04383670232431372,0.3937875751503006
2022,11,TUR.22.3_1,0.04428522928447326,0.4178356713426853
2022,11,TUR.22.5_1,0.04403816871690406,0.40380761523046094
2022,11,TUR.22.6_1,0.04487029525008523,0.4729458917835671
2022,11,TUR.22.7_1,0.044556212563180174,0.4368737474949899
2022,11,TUR.22.8_1,0.04489351396566118,0.4779559118236474
2022,11,TUR.22.9_1,0.0449085262066426,0.5160320641282565
2022,11,TUR.23.10_1,0.029733116191840134,0.1372745490981964
2022,11,TUR.23.11_1,0.030734051240935405,0.14729458917835672
2022,11,TUR.23.12_1,0.03158799225759019,0.15631262525050102
2022,11,TUR.23.1_1,0.03204441289418671,0.16132264529058118
2022,11,TUR.23.2_1,0.033006055047180224,0.17234468937875744
2022,11,TUR.23.3_1,0.03130806837135558,0.15330661322645292
2022,11,TUR.23.4_1,0.03195412280395629,0.16032064128256515
2022,11,TUR.23.5_1,0.031118856483700393,0.15130260521042085
2022,11,TUR.23.6_1,0.03571861272062173,0.2074148296593187
2022,11,TUR.23.7_1,0.03092752895819812,0.1492985971943888
2022,11,TUR.23.8_1,0.03177205908137901,0.15831663326653309
2022,11,TUR.23.9_1,0.03536081141455972,0.20240480961923832
2022,11,TUR.24.10_1,0.032920961359545475,0.17134268537074152
2022,11,TUR.24.11_1,0.0345400866382659,0.19138276553106218
2022,11,TUR.24.12_1,0.034993582280348726,0.19739478957915838
2022,11,TUR.24.13_1,0.033912851052170935,0.1833667334669339
2022,11,TUR.24.14_1,0.03430795101871429,0.18837675350701397
2022,11,TUR.24.1_1,0.03476860943902882,0.19438877755511016
2022,11,TUR.24.2_1,0.031495198068607295,0.155310621242485
2022,11,TUR.24.3_1,0.032312359793050895,0.16432865731462928
2022,11,TUR.24.4_1,0.03317488699465885,0.1743486973947895
2022,11,TUR.24.5_1,0.03317488699465884,0.1743486973947895
2022,11,TUR.24.6_1,0.03438573496541047,0.1893787575150301
2022,11,TUR.24.7_1,0.03499358228034872,0.19739478957915838
2022,11,TUR.24.8_1,0.03415115463800158,0.186372745490982
2022,11,TUR.24.9_1,0.03158799225759019,0.15631262525050102
2022,11,TUR.25.10_1,0.03585914996722602,0.20941883767535066
2022,11,TUR.25.11_1,0.038772123442110076,0.2565130260521042
2022,11,TUR.25.12_1,0.032488590249385683,0.16633266533066135
2022,11,TUR.25.13_1,0.03454008663826589,0.19138276553106218
2022,11,TUR.25.14_1,0.03571861272062173,0.2074148296593187
2022,11,TUR.25.15_1,0.038037179433518385,0.24348697394789579
2022,11,TUR.25.16_1,0.03686786590249006,0.22444889779559116
2022,11,TUR.25.17_1,0.039199485556694225,0.26452905811623245
2022,11,TUR.25.18_1,0.03177205908137904,0.15831663326653309
2022,11,TUR.25.19_1,0.03350721333440811,0.17835671342685364
2022,11,TUR.25.1_1,0.03578906391308237,0.20841683366733474
2022,11,TUR.25.2_1,0.0392516078171317,0.2655310621242485
2022,11,TUR.25.3_1,0.03484399179204103,0.1953907815631263
2022,11,TUR.25.4_1,0.03673787677395958,0.2224448897795591
2022,11,TUR.25.5_1,0.03592887278629508,0.2104208416833667
2022,11,TUR.25.6_1,0.03768045910529507,0.23747494989979948
2022,11,TUR.25.7_1,0.03592887278629504,0.2104208416833667
2022,11,TUR.25.8_1,0.03791952713584332,0.24148296593186372
2022,11,TUR.25.9_1,0.035576607190685734,0.20541082164328653
2022,11,TUR.26.10_1,0.03809553972866255,0.2444889779559117
2022,11,TUR.26.11_1,0.03536081141455968,0.20240480961923832
2022,11,TUR.26.12_1,0.034229758404937353,0.18737474949899793
2022,11,TUR.26.13_1,0.04131600785669967,0.31062124248497
2022,11,TUR.26.14_1,0.036135880523205315,0.2134268537074148
2022,11,TUR.26.1_1,0.041852642561532157,0.32464929859719444
2022,11,TUR.26.2_1,0.03914707730058033,0.2635270541082164
2022,11,TUR.26.3_1,0.03940626880286667,0.2685370741482966
2022,11,TUR.26.4_1,0.036803040760427085,0.22344689378757523
2022,11,TUR.26.5_1,0.039457257207450025,0.2695390781563126
2022,11,TUR.26.6_1,0.03995184438700475,0.27955911823647295
2022,11,TUR.26.7_1,0.038880709531734683,0.25851703406813625
2022,11,TUR.26.8_1,0.03860703218473435,0.2535070140280561
2022,11,TUR.26.9_1,0.0361358805232053,0.2134268537074148
2022,11,TUR.27.1_1,0.04278646150937983,0.35270541082164336
2022,11,TUR.27.2_1,0.04331870585301196,0.3717434869739479
2022,11,TUR.27.3_1,0.04250608752984243,0.34368737474949895
2022,11,TUR.27.4_1,0.04077418558574741,0.29759519038076154
2022,11,TUR.27.5_1,0.041815887774808755,0.3236472945891783
2022,11,TUR.27.6_1,0.0392516078171317,0.2655310621242485
2022,11,TUR.27.7_1,0.0411538277380765,0.30661322645290584
2022,11,TUR.27.8_1,0.038772123442110076,0.2565130260521042
2022,11,TUR.28.1_1,0.03309069590576372,0.17334669338677358
2022,11,TUR.28.2_1,0.03476860943902881,0.19438877755511016
2022,11,TUR.28.3_1,0.03543311767772562,0.20340681362725446
2022,11,TUR.28.4_1,0.033507213334408106,0.17835671342685364
2022,11,TUR.28.5_1,0.030439724606053667,0.14428857715430862
2022,11,TUR.28.6_1,0.03358919997061703,0.17935871743486978
2022,11,TUR.28.7_1,0.032749403036772644,0.16933867735470945
2022,11,TUR.28.8_1,0.030734051240935395,0.14729458917835672
2022,11,TUR.28.9_1,0.03309069590576366,0.17334669338677358
2022,11,TUR.29.10_1,0.03606723621772734,0.21242484969939876
2022,11,TUR.29.11_1,0.03803717943351837,0.24348697394789579
2022,11,TUR.29.1_1,0.04037371252013142,0.28857715430861725
2022,11,TUR.29.2_1,0.03680304076042709,0.22344689378757523
2022,11,TUR.29.3_1,0.03627210338175869,0.21543086172344697
2022,11,TUR.29.4_1,0.0378006238936809,0.23947895791583165
2022,11,TUR.29.5_1,0.03334193188399726,0.17635270541082157
2022,11,TUR.29.6_1,0.039354998432746105,0.26753507014028055
2022,11,TUR.29.7_1,0.03909438201518482,0.2625250501002004
2022,11,TUR.29.8_1,0.037497822753405165,0.2344689378757515
2022,11,TUR.29.9_1,0.04050955188380274,0.29158316633266523
2022,11,TUR.3.10_1,0.031495198068607316,0.155310621242485
2022,11,TUR.3.11_1,0.03292096135954542,0.17134268537074152
2022,11,TUR.3.12_1,0.03195412280395626,0.16032064128256515
2022,11,TUR.3.13_1,0.03149519806860732,0.155310621242485
2022,11,TUR.3.14_1,0.03266293205732406,0.16833667334669342
2022,11,TUR.3.15_1,0.03177205908137902,0.15831663326653309
2022,11,TUR.3.16_1,0.03073405124093544,0.14729458917835672
2022,11,TUR.3.17_1,0.0329209613595455,0.17134268537074152
2022,11,TUR.3.18_1,0.03571861272062173,0.2074148296593187
2022,11,TUR.3.1_1,0.03528812808980184,0.2014028056112225
2022,11,TUR.3.2_1,0.03177205908137902,0.15831663326653309
2022,11,TUR.3.3_1,0.03422975840493731,0.18737474949899793
2022,11,TUR.3.4_1,0.03422975840493732,0.18737474949899793
2022,11,TUR.3.5_1,0.03399270353252686,0.18436873747494983
2022,11,TUR.3.6_1,0.03585914996722602,0.20941883767535066
2022,11,TUR.3.7_1,0.034307951018714256,0.18837675350701397
2022,11,TUR.3.8_1,0.033258631329692014,0.17535070140280565
2022,11,TUR.3.9_1,0.03620416898054945,0.21442885771543072
2022,11,TUR.30.1_1,0.030039419784473328,0.1402805611222445
2022,11,TUR.30.2_1,0.03407213719838781,0.18537074148296598
2022,11,TUR.30.3_1,0.03092752895819812,0.1492985971943888
2022,11,TUR.30.4_1,0.033589199970617045,0.17935871743486978
2022,11,TUR.30.5_1,0.029316341692963908,0.13326653306613226
2022,11,TUR.30.6_1,0.030039419784473262,0.1402805611222445
2022,11,TUR.30.7_1,0.02899728775202696,0.13026052104208416
2022,11,TUR.30.8_1,0.029937905682365845,0.13927855711422846
2022,11,TUR.30.9_1,0.029835806235238606,0.13827655310621242
2022,11,TUR.31.10_1,0.02671508862897935,0.11022044088176362
2022,11,TUR.31.11_1,0.025717710011312598,0.10220440881763525
2022,11,TUR.31.12_1,0.030240712502615525,0.14228456913827656
2022,11,TUR.31.13_1,0.0283418301525321,0.12424849699398798
2022,11,TUR.31.14_1,0.024799594579291786,0.09519038076152302
2022,11,TUR.31.15_1,0.02931634169296392,0.13326653306613226
2022,11,TUR.31.16_1,0.028452722012509327,0.125250501002004
2022,11,TUR.31.17_1,0.02584530739365445,0.10320641282565128
2022,11,TUR.31.18_1,0.02671508862897926,0.11022044088176362
2022,11,TUR.31.19_1,0.03177205908137904,0.15831663326653309
2022,11,TUR.31.1_1,0.026347237652495626,0.10721442885771541
2022,11,TUR.31.2_1,0.02777710234462379,0.1192384769539077
2022,11,TUR.31.3_1,0.028781414078247643,0.1282565130260521
2022,11,TUR.31.4_1,0.02532966837415374,0.09919839679358715
2022,11,TUR.31.5_1,0.02777710234462379,0.1192384769539077
2022,11,TUR.31.6_1,0.03063649494716475,0.1462925851703407
2022,11,TUR.31.7_1,0.02942144854834706,0.1342685370741483
2022,11,TUR.31.8_1,0.027662052453809684,0.11823647294589178
2022,11,TUR.31.9_1,0.02707585843725187,0.1132264529058115
2022,11,TUR.32.10_1,0.033174886994658946,0.1743486973947895
2022,11,TUR.32.11_1,0.03737445616120217,0.23246492985971942
2022,11,TUR.32.12_1,0.030240712502615525,0.14228456913827656
2022,11,TUR.32.13_1,0.03350721333440811,0.17835671342685364
2022,11,TUR.32.1_1,0.03213421336437079,0.16232464929859722
2022,11,TUR.32.2_1,0.035928872786294974,0.2104208416833667
2022,11,TUR.32.3_1,0.033090695905763724,0.17334669338677358
2022,11,TUR.32.4_1,0.035433117677725674,0.20340681362725446
2022,11,TUR.32.5_1,0.03168027796489128,0.15731462925851705
2022,11,TUR.32.6_1,0.034072137198387864,0.18537074148296598
2022,11,TUR.32.7_1,0.033341931883997394,0.17635270541082157
2022,11,TUR.32.8_1,0.033751879117709944,0.18136272545090185
2022,11,TUR.32.9_1,0.03415115463800166,0.186372745490982
2022,11,TUR.33.1_1,0.040774185585747386,0.29759519038076154
2022,11,TUR.33.2_1,0.04351909805326036,0.37975951903807614
2022,11,TUR.33.3_1,0.043420636077926934,0.3757515030060121
2022,11,TUR.33.4_1,0.043159258569107205,0.3657314629258517
2022,11,TUR.33.5_1,0.042934307304553665,0.3577154308617234
2022,11,TUR.33.6_1,0.04278646150937983,0.35270541082164336
2022,11,TUR.33.7_1,0.041815887774808755,0.3236472945891783
2022,11,TUR.33.8_1,0.042342306440919526,0.3386773547094188
2022,11,TUR.33.9_1,0.042473792598470714,0.3426853707414829
2022,11,TUR.34.10_1,0.034385734965410544,0.1893787575150301
2022,11,TUR.34.11_1,0.04389934757800555,0.3967935871743487
2022,11,TUR.34.12_1,0.04199727177257768,0.32865731462925857
2022,11,TUR.34.13_1,0.043131914956911516,0.36472945891783565
2022,11,TUR.34.14_1,0.033006055047180245,0.17234468937875744
2022,11,TUR.34.15_1,0.043445575871024884,0.37675350701402816
2022,11,TUR.34.16_1,0.039147077300580306,0.2635270541082164
2022,11,TUR.34.1_1,0.031213724766442068,0.1523046092184369
2022,11,TUR.34.2_1,0.03919948555669428,0.26452905811623245
2022,11,TUR.34.3_1,0.028672507358848354,0.12725450901803606
2022,11,TUR.34.4_1,0.04086033180906677,0.2995991983967936
2022,11,TUR.34.5_1,0.03543311767772567,0.20340681362725446
2022,11,TUR.34.6_1,0.03737445616120218,0.23246492985971942
2022,11,TUR.34.7_1,0.04375021715662883,0.3897795591182365
2022,11,TUR.34.8_1,0.04405716398165042,0.40480961923847697
2022,11,TUR.34.9_1,0.04391980820638047,0.39779559118236474
2022,11,TUR.35.1_1,0.02888967210714495,0.12925851703406813
2022,11,TUR.35.2_1,0.029629830206987617,0.13627254509018036
2022,11,TUR.35.3_1,0.03454008663826591,0.19138276553106218
2022,11,TUR.35.4_1,0.03063649494716467,0.1462925851703407
2022,11,TUR.35.5_1,0.03317488699465887,0.1743486973947895
2022,11,TUR.35.6_1,0.03342479158883793,0.1773547094188377
2022,11,TUR.36.1_1,0.030240712502615525,0.14228456913827656
2022,11,TUR.36.2_1,0.027312557164847505,0.11523046092184368
2022,11,TUR.36.3_1,0.02973311619184012,0.1372745490981964
2022,11,TUR.36.4_1,0.028230263129052656,0.12324649298597194
2022,11,TUR.37.10_1,0.04302032930130379,0.3607214428857715
2022,11,TUR.37.11_1,0.037740699864460193,0.23847695390781562
2022,11,TUR.37.12_1,0.035433117677725647,0.20340681362725446
2022,11,TUR.37.1_1,0.03592887278629508,0.2104208416833667
2022,11,TUR.37.2_1,0.0346166591747077,0.1923847695390781
2022,11,TUR.37.3_1,0.032662932057324005,0.16833667334669342
2022,11,TUR.37.4_1,0.03743630130350771,0.23346693386773534
2022,11,TUR.37.5_1,0.03121372476644206,0.1523046092184369
2022,11,TUR.37.6_1,0.03647379985239166,0.21843687374749496
2022,11,TUR.37.7_1,0.0345400866382659,0.19138276553106218
2022,11,TUR.37.8_1,0.03536081141455972,0.20240480961923832
2022,11,TUR.37.9_1,0.03633968549762288,0.21643286573146278
2022,11,TUR.38.1_1,0.03231235979305093,0.16432865731462928
2022,11,TUR.38.2_1,0.04107123585527151,0.3046092184368738
2022,11,TUR.38.3_1,0.032400712790838025,0.16533066132264532
2022,11,TUR.38.4_1,0.03034050117169261,0.1432865731462926
2022,11,TUR.39.10_1,0.03803717943351839,0.24348697394789579
2022,11,TUR.39.11_1,0.03514162192953801,0.19939879759519044
2022,11,TUR.39.12_1,0.035928872786295134,0.2104208416833667
2022,11,TUR.39.13_1,0.036540335529758675,0.219438877755511
2022,11,TUR.39.1_1,0.03446311269826632,0.19038076152304603
2022,11,TUR.39.2_1,0.03514162192953801,0.19939879759519044
2022,11,TUR.39.3_1,0.03724978902535133,0.23046092184368736
2022,11,TUR.39.4_1,0.03550504892848523,0.2044088176352705
2022,11,TUR.39.5_1,0.03585914996722602,0.20941883767535066
2022,11,TUR.39.6_1,0.036803040760427085,0.22344689378757523
2022,11,TUR.39.7_1,0.034918981992816366,0.19639278557114234
2022,11,TUR.39.8_1,0.033832577133748175,0.18236472945891777
2022,11,TUR.39.9_1,0.03718696410410583,0.22945891783567132
2022,11,TUR.4.1_1,0.026097943394769067,0.10521042084168335
2022,11,TUR.4.2_1,0.027075858437251854,0.1132264529058115
2022,11,TUR.4.3_1,0.025198533109430363,0.09819639278557112
2022,11,TUR.4.4_1,0.024115475428418624,0.09018036072144285
2022,11,TUR.4.5_1,0.02340578745006387,0.08517034068136269
2022,11,TUR.4.6_1,0.028230263129052656,0.12324649298597194
2022,11,TUR.4.7_1,0.026223003116657203,0.10621242484969938
2022,11,TUR.4.8_1,0.027194583498260705,0.11422845691382753
2022,11,TUR.40.10_1,0.04487533513474804,0.5240480961923848
2022,11,TUR.40.11_1,0.034616659174707756,0.1923847695390781
2022,11,TUR.40.12_1,0.04244126750596147,0.3416833667334669
2022,11,TUR.40.13_1,0.044786716132738304,0.5380761523046093
2022,11,TUR.40.14_1,0.033670754307849486,0.1803607214428857
2022,11,TUR.40.15_1,0.032134213364370785,0.16232464929859722
2022,11,TUR.40.16_1,0.03521506562850801,0.20040080160320647
2022,11,TUR.40.17_1,0.039354998432746105,0.26753507014028055
2022,11,TUR.40.18_1,0.042934307304553665,0.3577154308617234
2022,11,TUR.40.19_1,0.034151154638001655,0.186372745490982
2022,11,TUR.40.20_1,0.04433291248390008,0.5771543086172344
2022,11,TUR.40.21_1,0.04476265465374139,0.5410821643286573
2022,11,TUR.40.22_1,0.04485398620835511,0.469939879759519
2022,11,TUR.40.23_1,0.04244126750596147,0.656312625250501
2022,11,TUR.40.24_1,0.03686786590249008,0.22444889779559116
2022,11,TUR.40.25_1,0.035998234250569555,0.21142284569138262
2022,11,TUR.40.26_1,0.03925160781713163,0.2655310621242485
2022,11,TUR.40.27_1,0.03647379985239167,0.21843687374749496
2022,11,TUR.40.28_1,0.034072137198387954,0.18537074148296598
2022,11,TUR.40.29_1,0.03375187911770995,0.18136272545090185
2022,11,TUR.40.2_1,0.031308068371355614,0.15330661322645292
2022,11,TUR.40.30_1,0.03514162192953799,0.19939879759519044
2022,11,TUR.40.31_1,0.032400712790838,0.16533066132264532
2022,11,TUR.40.32_1,0.03606723621772734,0.21242484969939876
2022,11,TUR.40.33_1,0.034843991792040986,0.1953907815631263
2022,11,TUR.40.34_1,0.03461665917470768,0.1923847695390781
2022,11,TUR.40.35_1,0.0321342133643708,0.16232464929859722
2022,11,TUR.40.36_1,0.03882656321699924,0.2575150300601202
2022,11,TUR.40.37_1,0.04284627369426695,0.6432865731462927
2022,11,TUR.40.38_1,0.04413106412376038,0.5891783567134268
2022,11,TUR.40.39_1,0.03083106107776167,0.14829659318637275
2022,11,TUR.40.3_1,0.043878676568937194,0.6022044088176353
2022,11,TUR.40.4_1,0.0345400866382659,0.19138276553106218
2022,11,TUR.40.5_1,0.042473792598470714,0.3426853707414829
2022,11,TUR.40.6_1,0.04416676895937852,0.5871743486973947
2022,11,TUR.40.7_1,0.04293430730455366,0.6402805611222445
2022,11,TUR.40.8_1,0.035215065628507965,0.20040080160320647
2022,11,TUR.40.9_1,0.04493695792807372,0.4999999999999999
2022,11,TUR.41.10_1,0.04434839698606731,0.42184368737474953
2022,11,TUR.41.11_1,0.04485398620835509,0.469939879759519
2022,11,TUR.41.12_1,0.04431722316532629,0.41983967935871747
2022,11,TUR.41.13_1,0.04454377845570234,0.4358717434869739
2022,11,TUR.41.14_1,0.04493350355864271,0.5050100200400801
2022,11,TUR.41.15_1,0.044875335134748014,0.47394789579158314
2022,11,TUR.41.16_1,0.04041925532205431,0.28957915831663317
2022,11,TUR.41.17_1,0.042756217206510155,0.35170340681362733
2022,11,TUR.41.18_1,0.03718696410410586,0.22945891783567132
2022,11,TUR.41.19_1,0.044580474848329256,0.438877755511022
2022,11,TUR.41.1_1,0.04414902011766343,0.409819639278557
2022,11,TUR.41.20_1,0.044317223165326276,0.41983967935871747
2022,11,TUR.41.21_1,0.04375021715662882,0.3897795591182365
2022,11,TUR.41.22_1,0.04483589168121679,0.4669338677354709
2022,11,TUR.41.23_1,0.03866235905489499,0.2545090180360721
2022,11,TUR.41.24_1,0.044884820578602894,0.4759519038076152
2022,11,TUR.41.25_1,0.043793883271338103,0.39178356713426865
2022,11,TUR.41.26_1,0.040598801658404765,0.2935871743486973
2022,11,TUR.41.27_1,0.04356703514975311,0.3817635270541082
2022,11,TUR.41.28_1,0.044927186371910774,0.48897795591182364
2022,11,TUR.41.2_1,0.04464842482901877,0.4448897795591182
2022,11,TUR.41.3_1,0.04102956208028716,0.30360721442885763
2022,11,TUR.41.4_1,0.043266433224883695,0.3697394789579158
2022,11,TUR.41.5_1,0.03985512948058407,0.2775551102204409
2022,11,TUR.41.6_1,0.04210324980265419,0.33166332665330667
2022,11,TUR.41.7_1,0.0430203293013038,0.3607214428857715
2022,11,TUR.41.8_1,0.04480176095332344,0.5360721442885771
2022,11,TUR.41.9_1,0.04479433809703992,0.4609218436873747
2022,11,TUR.42.10_1,0.03980636226420788,0.27655310621242485
2022,11,TUR.42.1_1,0.03391285105217097,0.1833667334669339
2022,11,TUR.42.2_1,0.03888070953173469,0.25851703406813625
2022,11,TUR.42.3_1,0.03578906391308237,0.20841683366733474
2022,11,TUR.42.4_1,0.0347686094390288,0.19438877755511016
2022,11,TUR.42.5_1,0.034768609439028826,0.19438877755511016
2022,11,TUR.42.6_1,0.03383257713374821,0.18236472945891777
2022,11,TUR.42.7_1,0.03945725720745003,0.2695390781563126
2022,11,TUR.42.8_1,0.03407213719838793,0.18537074148296598
2022,11,TUR.42.9_1,0.03945725720745003,0.2695390781563126
2022,11,TUR.43.1_1,0.035928872786295044,0.2104208416833667
2022,11,TUR.43.2_1,0.034072137198387926,0.18537074148296598
2022,11,TUR.43.3_1,0.037740699864460145,0.23847695390781562
2022,11,TUR.43.4_1,0.035859149967226014,0.20941883767535066
2022,11,TUR.43.5_1,0.036606525799329,0.22044088176352702
2022,11,TUR.43.6_1,0.040903021068546215,0.30060120240480964
2022,11,TUR.44.1_1,0.03514162192953799,0.19939879759519044
2022,11,TUR.44.2_1,0.035288128089801835,0.2014028056112225
2022,11,TUR.44.3_1,0.036067236217727346,0.21242484969939876
2022,11,TUR.44.4_1,0.034307951018714256,0.18837675350701397
2022,11,TUR.44.5_1,0.03686786590249006,0.22444889779559116
2022,11,TUR.44.6_1,0.03599823425056957,0.21142284569138262
2022,11,TUR.45.1_1,0.028118013994733366,0.12224448897795602
2022,11,TUR.45.2_1,0.028118013994733394,0.12224448897795602
2022,11,TUR.45.3_1,0.02811801399473338,0.12224448897795602
2022,11,TUR.45.4_1,0.02742978778947278,0.1162324649298596
2022,11,TUR.45.5_1,0.025329668374153763,0.09919839679358715
2022,11,TUR.45.6_1,0.02466472864761017,0.09418837675350698
2022,11,TUR.45.7_1,0.024664728647610205,0.09418837675350698
2022,11,TUR.45.8_1,0.025972048296596963,0.10420841683366731
2022,11,TUR.46.10_1,0.04064303594748162,0.29458917835671344
2022,11,TUR.46.11_1,0.034918981992816345,0.19639278557114234
2022,11,TUR.46.12_1,0.030439724606053674,0.14428857715430862
2022,11,TUR.46.13_1,0.04086033180906676,0.2995991983967936
2022,11,TUR.46.14_1,0.03914707730058033,0.2635270541082164
2022,11,TUR.46.15_1,0.03309069590576371,0.17334669338677358
2022,11,TUR.46.16_1,0.03731228588703084,0.23146292585170328
2022,11,TUR.46.17_1,0.040598801658404765,0.2935871743486973
2022,11,TUR.46.18_1,0.03430795101871429,0.18837675350701397
2022,11,TUR.46.19_1,0.03469283266576518,0.19338677354709424
2022,11,TUR.46.1_1,0.04192543402968461,0.3266533066132265
2022,11,TUR.46.20_1,0.034307951018714256,0.18837675350701397
2022,11,TUR.46.2_1,0.0340721371983879,0.18537074148296598
2022,11,TUR.46.3_1,0.03317488699465889,0.1743486973947895
2022,11,TUR.46.4_1,0.036803040760427105,0.22344689378757523
2022,11,TUR.46.5_1,0.0396584106640945,0.27354709418837675
2022,11,TUR.46.6_1,0.039951844387004824,0.27955911823647295
2022,11,TUR.46.7_1,0.042207106448940906,0.33466933867735477
2022,11,TUR.46.8_1,0.035067794865110136,0.1983967935871743
2022,11,TUR.46.9_1,0.0336707543078495,0.1803607214428857
2022,11,TUR.47.10_1,0.0291042672011938,0.1312625250501002
2022,11,TUR.47.11_1,0.033258631329692014,0.17535070140280565
2022,11,TUR.47.12_1,0.029316341692963908,0.13326653306613226
2022,11,TUR.47.13_1,0.033912851052170886,0.1833667334669339
2022,11,TUR.47.14_1,0.03149519806860735,0.155310621242485
2022,11,TUR.47.15_1,0.03350721333440812,0.17835671342685364
2022,11,TUR.47.16_1,0.03375187911770993,0.18136272545090185
2022,11,TUR.47.1_1,0.030140353701167032,0.14128256513026052
2022,11,TUR.47.2_1,0.03092752895819812,0.1492985971943888
2022,11,TUR.47.3_1,0.03053838762014669,0.14529058116232466
2022,11,TUR.47.4_1,0.031954122803956285,0.16032064128256515
2022,11,TUR.47.5_1,0.03300605504718018,0.17234468937875744
2022,11,TUR.47.6_1,0.03375187911770994,0.18136272545090185
2022,11,TUR.47.7_1,0.03300605504718018,0.17234468937875744
2022,11,TUR.47.8_1,0.03557660719068578,0.20541082164328653
2022,11,TUR.47.9_1,0.03111885648370037,0.15130260521042085
2022,11,TUR.48.1_1,0.04351909805326036,0.37975951903807614
2022,11,TUR.48.2_1,0.042875842431907965,0.35571142284569135
2022,11,TUR.48.3_1,0.04037371252013142,0.28857715430861725
2022,11,TUR.48.4_1,0.04127583660913795,0.30961923847695383
2022,11,TUR.49.1_1,0.03620416898054941,0.21442885771543072
2022,11,TUR.49.2_1,0.03514162192953799,0.19939879759519044
2022,11,TUR.49.3_1,0.03606723621772731,0.21242484969939876
2022,11,TUR.49.4_1,0.03422975840493734,0.18737474949899793
2022,11,TUR.49.5_1,0.037436301303507634,0.23346693386773534
2022,11,TUR.49.6_1,0.033258631329692014,0.17535070140280565
2022,11,TUR.49.7_1,0.033589199970617045,0.17935871743486978
2022,11,TUR.49.8_1,0.03158799225759023,0.15631262525050102
2022,11,TUR.49.9_1,0.03620416898054944,0.21442885771543072
2022,11,TUR.5.1_1,0.037436301303507655,0.23346693386773534
2022,11,TUR.5.2_1,0.038095539728662565,0.2444889779559117
2022,11,TUR.5.3_1,0.03491898199281637,0.19639278557114234
2022,11,TUR.5.4_1,0.03149519806860732,0.155310621242485
2022,11,TUR.5.5_1,0.03647379985239162,0.21843687374749496
2022,11,TUR.5.6_1,0.032835411739094406,0.17034068136272537
2022,11,TUR.5.7_1,0.0345400866382659,0.19138276553106218
2022,11,TUR.50.1_1,0.04381539853847534,0.3927855711422847
2022,11,TUR.50.2_1,0.04439362353079879,0.4248496993987975
2022,11,TUR.50.3_1,0.04213810368687149,0.3326653306613226
2022,11,TUR.50.4_1,0.044464922432676864,0.4298597194388778
2022,11,TUR.50.5_1,0.043131914956911516,0.36472945891783565
2022,11,TUR.50.6_1,0.04407595091415341,0.405811623246493
2022,11,TUR.50.7_1,0.043445575871024905,0.37675350701402816
2022,11,TUR.50.8_1,0.04445106967440595,0.42885771543086165
2022,11,TUR.51.1_1,0.034307951018714276,0.18837675350701397
2022,11,TUR.51.2_1,0.033258631329692014,0.17535070140280565
2022,11,TUR.51.3_1,0.0331748869946589,0.1743486973947895
2022,11,TUR.51.4_1,0.0336707543078495,0.1803607214428857
2022,11,TUR.51.5_1,0.03686786590249006,0.22444889779559116
2022,11,TUR.51.6_1,0.03358919997061701,0.17935871743486978
2022,11,TUR.51.7_1,0.034151154638001585,0.186372745490982
2022,11,TUR.52.1_1,0.03240071279083796,0.16533066132264532
2022,11,TUR.52.2_1,0.035998234250569576,0.21142284569138262
2022,11,TUR.52.3_1,0.032134213364370834,0.16232464929859722
2022,11,TUR.52.4_1,0.03499358228034871,0.19739478957915838
2022,11,TUR.52.5_1,0.03438573496541053,0.1893787575150301
2022,11,TUR.52.6_1,0.03422975840493736,0.18737474949899793
2022,11,TUR.52.7_1,0.03557660719068578,0.20541082164328653
2022,11,TUR.53.10_1,0.03168027796489127,0.15731462925851705
2022,11,TUR.53.11_1,0.03536081141455969,0.20240480961923832
2022,11,TUR.53.12_1,0.033090695905763655,0.17334669338677358
2022,11,TUR.53.13_1,0.03578906391308235,0.20841683366733474
2022,11,TUR.53.14_1,0.03334193188399737,0.17635270541082157
2022,11,TUR.53.15_1,0.03430795101871429,0.18837675350701397
2022,11,TUR.53.16_1,0.034307951018714304,0.18837675350701397
2022,11,TUR.53.17_1,0.030140353701167032,0.14128256513026052
2022,11,TUR.53.18_1,0.037978508999119004,0.24248496993987986
2022,11,TUR.53.19_1,0.03358919997061699,0.17935871743486978
2022,11,TUR.53.1_1,0.0339128510521709,0.1833667334669339
2022,11,TUR.53.20_1,0.03528812808980182,0.2014028056112225
2022,11,TUR.53.21_1,0.0368030407604271,0.22344689378757523
2022,11,TUR.53.22_1,0.03633968549762288,0.21643286573146278
2022,11,TUR.53.23_1,0.037497822753405095,0.2344689378757515
2022,11,TUR.53.24_1,0.03350721333440812,0.17835671342685364
2022,11,TUR.53.25_1,0.03592887278629502,0.2104208416833667
2022,11,TUR.53.26_1,0.03578906391308237,0.20841683366733474
2022,11,TUR.53.27_1,0.033424791588837884,0.1773547094188377
2022,11,TUR.53.28_1,0.02942144854834706,0.1342685370741483
2022,11,TUR.53.29_1,0.03499358228034874,0.19739478957915838
2022,11,TUR.53.2_1,0.03274940303677265,0.16933867735470945
2022,11,TUR.53.30_1,0.03499358228034874,0.19739478957915838
2022,11,TUR.53.31_1,0.03506779486511013,0.1983967935871743
2022,11,TUR.53.3_1,0.034540086638265896,0.19138276553106218
2022,11,TUR.53.4_1,0.03528812808980187,0.2014028056112225
2022,11,TUR.53.5_1,0.03422975840493729,0.18737474949899793
2022,11,TUR.53.6_1,0.034843991792040896,0.1953907815631263
2022,11,TUR.53.7_1,0.03647379985239159,0.21843687374749496
2022,11,TUR.53.8_1,0.03731228588703085,0.23146292585170328
2022,11,TUR.53.9_1,0.03557660719068576,0.20541082164328653
2022,11,TUR.54.10_1,0.03222352781522766,0.16332665330661325
2022,11,TUR.54.11_1,0.03140189144519446,0.15430861723446895
2022,11,TUR.54.12_1,0.03213421336437077,0.16232464929859722
2022,11,TUR.54.13_1,0.03222352781522762,0.16332665330661325
2022,11,TUR.54.1_1,0.030039419784473297,0.1402805611222445
2022,11,TUR.54.2_1,0.03121372476644208,0.1523046092184369
2022,11,TUR.54.3_1,0.03195412280395635,0.16032064128256515
2022,11,TUR.54.4_1,0.03422975840493733,0.18737474949899793
2022,11,TUR.54.5_1,0.030734051240935378,0.14729458917835672
2022,11,TUR.54.6_1,0.03014035370116704,0.14128256513026052
2022,11,TUR.54.7_1,0.031213724766442092,0.1523046092184369
2022,11,TUR.54.8_1,0.033090695905763634,0.17334669338677358
2022,11,TUR.54.9_1,0.03342479158883791,0.1773547094188377
2022,11,TUR.55.10_1,0.031118856483700386,0.15130260521042085
2022,11,TUR.55.11_1,0.03871738909574292,0.25551102204408815
2022,11,TUR.55.12_1,0.03699650601105093,0.22645290581162333
2022,11,TUR.55.13_1,0.03960854039940659,0.2725450901803607
2022,11,TUR.55.14_1,0.03461665917470776,0.1923847695390781
2022,11,TUR.55.1_1,0.035576607190685776,0.20541082164328653
2022,11,TUR.55.2_1,0.036540335529758675,0.219438877755511
2022,11,TUR.55.3_1,0.036932353794109994,0.2254509018036072
2022,11,TUR.55.4_1,0.04077418558574741,0.29759519038076154
2022,11,TUR.55.5_1,0.03521506562850806,0.20040080160320647
2022,11,TUR.55.6_1,0.03606723621772736,0.21242484969939876
2022,11,TUR.55.7_1,0.03755902193439966,0.23547094188376752
2022,11,TUR.55.8_1,0.030240712502615525,0.14228456913827656
2022,11,TUR.55.9_1,0.03654033552975873,0.219438877755511
2022,11,TUR.56.10_1,0.04244126750596147,0.3416833667334669
2022,11,TUR.56.11_1,0.04151315560969294,0.31563126252505014
2022,11,TUR.56.12_1,0.03673787677395959,0.2224448897795591
2022,11,TUR.56.13_1,0.041961471838375,0.32765531062124253
2022,11,TUR.56.14_1,0.03399270353252683,0.18436873747494983
2022,11,TUR.56.15_1,0.043239968784663234,0.3687374749498998
2022,11,TUR.56.16_1,0.03995184438700482,0.27955911823647295
2022,11,TUR.56.1_1,0.04139560672745639,0.31262525050100204
2022,11,TUR.56.2_1,0.04041925532205435,0.28957915831663317
2022,11,TUR.56.3_1,0.037123809634577495,0.22845691382765518
2022,11,TUR.56.4_1,0.03613588052320531,0.2134268537074148
2022,11,TUR.56.5_1,0.04098763549272175,0.3026052104208417
2022,11,TUR.56.6_1,0.03791952713584333,0.24148296593186372
2022,11,TUR.56.7_1,0.042342306440919526,0.3386773547094188
2022,11,TUR.56.8_1,0.03791952713584333,0.24148296593186372
2022,11,TUR.56.9_1,0.0344631126982663,0.19038076152304603
2022,11,TUR.57.10_1,0.038325904827475506,0.24849699398797595
2022,11,TUR.57.1_1,0.04081738689112669,0.2985971943887776
2022,11,TUR.57.2_1,0.0409876354927217,0.3026052104208417
2022,11,TUR.57.3_1,0.041435035641797284,0.31362725450901807
2022,11,TUR.57.4_1,0.03930344510494174,0.2665330661322645
2022,11,TUR.57.5_1,0.04018889231686864,0.2845691382765531
2022,11,TUR.57.6_1,0.039251607817131676,0.2655310621242485
2022,11,TUR.57.7_1,0.04018889231686864,0.2845691382765531
2022,11,TUR.57.8_1,0.03768045910529505,0.23747494989979948
2022,11,TUR.57.9_1,0.04009488125034135,0.28256513026052105
2022,11,TUR.58.10_1,0.02369285331449491,0.08717434869739475
2022,11,TUR.58.1_1,0.024528897602858406,0.09318637274549095
2022,11,TUR.58.2_1,0.026097943394769067,0.10521042084168335
2022,11,TUR.58.3_1,0.023549863000128166,0.08617234468937872
2022,11,TUR.58.4_1,0.018659500671422496,0.056112224448897845
2022,11,TUR.58.5_1,0.014697139014456548,0.037074148296593216
2022,11,TUR.58.6_1,0.02077187475700326,0.06813627254509023
2022,11,TUR.58.7_1,0.018282324795874175,0.05410821643286578
2022,11,TUR.58.8_1,0.018659500671422365,0.056112224448897845
2022,11,TUR.58.9_1,0.01921088315682529,0.05911823647294583
2022,11,TUR.59.10_1,0.04491770907488647,0.4849699398797595
2022,11,TUR.59.11_1,0.04383670232431373,0.3937875751503006
2022,11,TUR.59.12_1,0.04196147183837498,0.32765531062124253
2022,11,TUR.59.1_1,0.044689705144481895,0.5490981963927856
2022,11,TUR.59.2_1,0.04260159608363391,0.34669338677354705
2022,11,TUR.59.3_1,0.04446492243267687,0.5681362725450901
2022,11,TUR.59.4_1,0.03980636226420788,0.27655310621242485
2022,11,TUR.59.5_1,0.03860703218473434,0.2535070140280561
2022,11,TUR.59.6_1,0.04185264256153231,0.32464929859719444
2022,11,TUR.59.7_1,0.04488926625214806,0.5210420841683366
2022,11,TUR.59.8_1,0.04032790563471892,0.2875751503006012
2022,11,TUR.59.9_1,0.04383670232431371,0.3937875751503006
2022,11,TUR.6.1_1,0.03438573496541049,0.1893787575150301
2022,11,TUR.6.2_1,0.03317488699465893,0.1743486973947895
2022,11,TUR.6.3_1,0.03083106107776175,0.14829659318637275
2022,11,TUR.6.4_1,0.03585914996722602,0.20941883767535066
2022,11,TUR.6.5_1,0.03706032411114869,0.22745490981963937
2022,11,TUR.6.6_1,0.03706032411114869,0.22745490981963937
2022,11,TUR.6.7_1,0.040419255322054315,0.28957915831663317
2022,11,TUR.60.1_1,0.031023459308779467,0.15030060120240482
2022,11,TUR.60.2_1,0.03627210338175869,0.21543086172344697
2022,11,TUR.60.3_1,0.0336707543078495,0.1803607214428857
2022,11,TUR.60.4_1,0.029210616527828553,0.13226452905811623
2022,11,TUR.60.5_1,0.03121372476644209,0.1523046092184369
2022,11,TUR.60.6_1,0.028562945521100103,0.12625250501002003
2022,11,TUR.61.1_1,0.03248859024938574,0.16633266533066135
2022,11,TUR.61.2_1,0.03309069590576367,0.17334669338677358
2022,11,TUR.61.3_1,0.032835411739094406,0.17034068136272537
2022,11,TUR.61.4_1,0.03309069590576367,0.17334669338677358
2022,11,TUR.61.5_1,0.033258631329692014,0.17535070140280565
2022,11,TUR.61.6_1,0.03391285105217086,0.1833667334669339
2022,11,TUR.61.7_1,0.032662932057324005,0.16833667334669342
2022,11,TUR.61.8_1,0.03350721333440812,0.17835671342685364
2022,11,TUR.62.1_1,0.03186333943737778,0.15931863727454912
2022,11,TUR.62.2_1,0.03536081141455972,0.20240480961923832
2022,11,TUR.62.3_1,0.029210616527828533,0.13226452905811623
2022,11,TUR.62.4_1,0.03300605504718017,0.17234468937875744
2022,11,TUR.62.5_1,0.032835411739094406,0.17034068136272537
2022,11,TUR.62.6_1,0.03415115463800162,0.186372745490982
2022,11,TUR.63.10_1,0.037312285887030824,0.23146292585170328
2022,11,TUR.63.11_1,0.04162850027039512,0.3186372745490981
2022,11,TUR.63.12_1,0.04046453484455113,0.2905811623246492
2022,11,TUR.63.13_1,0.03914707730058031,0.2635270541082164
2022,11,TUR.63.14_1,0.042725746852398765,0.3507014028056112
2022,11,TUR.63.15_1,0.03334193188399737,0.17635270541082157
2022,11,TUR.63.16_1,0.04420164609122572,0.4128256513026051
2022,11,TUR.63.17_1,0.041112657511998586,0.3056112224448897
2022,11,TUR.63.18_1,0.04349480652540884,0.3787575150300601
2022,11,TUR.63.1_1,0.039507964628592344,0.27054108216432865
2022,11,TUR.63.2_1,0.0349189819928164,0.19639278557114234
2022,11,TUR.63.3_1,0.041852642561532254,0.32464929859719444
2022,11,TUR.63.4_1,0.04131600785669968,0.31062124248497
2022,11,TUR.63.5_1,0.04329267879397611,0.37074148296593185
2022,11,TUR.63.6_1,0.03755902193439963,0.23547094188376752
2022,11,TUR.63.7_1,0.04426892431782445,0.41683366733466937
2022,11,TUR.63.8_1,0.040464534844551175,0.2905811623246492
2022,11,TUR.63.9_1,0.04307656514524694,0.3627254509018036
2022,11,TUR.64.1_1,0.04098763549272166,0.3026052104208417
2022,11,TUR.64.2_1,0.04185264256153233,0.32464929859719444
2022,11,TUR.64.3_1,0.04147421839250661,0.314629258517034
2022,11,TUR.64.4_1,0.04387867656893721,0.39579158316633256
2022,11,TUR.64.5_1,0.0434948065254088,0.3787575150300601
2022,11,TUR.64.6_1,0.042991878133693665,0.3597194388777555
2022,11,TUR.64.7_1,0.04482283576259066,0.46492985971943884
2022,11,TUR.65.10_1,0.04284627369426694,0.3547094188376753
2022,11,TUR.65.11_1,0.04111265751199858,0.3056112224448897
2022,11,TUR.65.12_1,0.04425241372600008,0.41583166332665333
2022,11,TUR.65.1_1,0.03693235379411003,0.2254509018036072
2022,11,TUR.65.2_1,0.030927528958198135,0.1492985971943888
2022,11,TUR.65.3_1,0.03930344510494179,0.2665330661322645
2022,11,TUR.65.4_1,0.044363676866903255,0.5751503006012022
2022,11,TUR.65.5_1,0.03955839203846009,0.2715430861723447
2022,11,TUR.65.6_1,0.038325904827475506,0.24849699398797595
2022,11,TUR.65.7_1,0.0405095518838027,0.29158316633266523
2022,11,TUR.65.8_1,0.02766205245380967,0.11823647294589178
2022,11,TUR.65.9_1,0.04409452975649146,0.5911823647294588
2022,11,TUR.66.10_1,0.04162850027039511,0.3186372745490981
2022,11,TUR.66.11_1,0.04425241372600008,0.41583166332665333
2022,11,TUR.66.12_1,0.043899347578005524,0.3967935871743487
2022,11,TUR.66.13_1,0.037860232540010655,0.24048096192384757
2022,11,TUR.66.1_1,0.041316007856699616,0.31062124248497
2022,11,TUR.66.2_1,0.043940058721150976,0.3987975951903809
2022,11,TUR.66.3_1,0.04073072715680165,0.2965931863727455
2022,11,TUR.66.4_1,0.042473792598470714,0.3426853707414829
2022,11,TUR.66.5_1,0.040774185585747434,0.29759519038076154
2022,11,TUR.66.6_1,0.0445804748483293,0.438877755511022
2022,11,TUR.66.7_1,0.04440829068995691,0.42585170340681366
2022,11,TUR.66.8_1,0.04368312468434958,0.3867735470941884
2022,11,TUR.66.9_1,0.04437875231866446,0.4238476953907815
2022,11,TUR.67.10_1,0.04337010586627802,0.37374749498997994
2022,11,TUR.67.11_1,0.0420328343823895,0.3296593186372745
2022,11,TUR.67.12_1,0.04331870585301196,0.3717434869739479
2022,11,TUR.67.13_1,0.04423569729962718,0.4148296593186372
2022,11,TUR.67.14_1,0.038211334990488774,0.246492985971944
2022,11,TUR.67.15_1,0.04155184791738723,0.31663326653306617
2022,11,TUR.67.1_1,0.04139560672745637,0.31262525050100204
2022,11,TUR.67.2_1,0.040281833853788196,0.2865731462925852
2022,11,TUR.67.3_1,0.04123541661552887,0.3086172344689379
2022,11,TUR.67.4_1,0.04296320426965445,0.35871743486973945
2022,11,TUR.67.5_1,0.04354317415326609,0.38076152304609207
2022,11,TUR.67.6_1,0.0394062688028667,0.2685370741482966
2022,11,TUR.67.7_1,0.04004747252614873,0.2815631262525049
2022,11,TUR.67.8_1,0.03592887278629505,0.2104208416833667
2022,11,TUR.67.9_1,0.043020329301303784,0.3607214428857715
2022,11,TUR.68.10_1,0.043543174153266063,0.38076152304609207
2022,11,TUR.68.11_1,0.041704180324461826,0.3206412825651303
2022,11,TUR.68.1_1,0.04354317415326607,0.38076152304609207
2022,11,TUR.68.2_1,0.04387867656893721,0.39579158316633256
2022,11,TUR.68.3_1,0.04396009938621722,0.3997995991983968
2022,11,TUR.68.4_1,0.04151315560969296,0.31563126252505014
2022,11,TUR.68.5_1,0.043543174153266084,0.38076152304609207
2022,11,TUR.68.6_1,0.04413106412376044,0.408817635270541
2022,11,TUR.68.7_1,0.043131914956911516,0.36472945891783565
2022,11,TUR.68.8_1,0.04296320426965438,0.35871743486973945
2022,11,TUR.68.9_1,0.040598801658404765,0.2935871743486973
2022,11,TUR.69.1_1,0.03749782275340518,0.2344689378757515
2022,11,TUR.69.2_1,0.03980636226420787,0.27655310621242485
2022,11,TUR.69.3_1,0.035433117677725647,0.20340681362725446
2022,11,TUR.69.4_1,0.0396584106640945,0.27354709418837675
2022,11,TUR.69.5_1,0.038880709531734683,0.25851703406813625
2022,11,TUR.69.6_1,0.030039419784473317,0.1402805611222445
2022,11,TUR.69.7_1,0.03454008663826589,0.19138276553106218
2022,11,TUR.7.10_1,0.03083106107776173,0.14829659318637275
2022,11,TUR.7.11_1,0.03195412280395632,0.16032064128256515
2022,11,TUR.7.12_1,0.02777710234462388,0.1192384769539077
2022,11,TUR.7.13_1,0.028452722012509243,0.125250501002004
2022,11,TUR.7.14_1,0.029835806235238602,0.13827655310621242
2022,11,TUR.7.15_1,0.028005075663230898,0.12124248496993976
2022,11,TUR.7.16_1,0.02856294552110012,0.12625250501002003
2022,11,TUR.7.17_1,0.03092752895819812,0.1492985971943888
2022,11,TUR.7.18_1,0.026223003116657203,0.10621242484969938
2022,11,TUR.7.19_1,0.02811801399473341,0.12224448897795602
2022,11,TUR.7.1_1,0.023834774875754656,0.08817635270541078
2022,11,TUR.7.20_1,0.02962983020698753,0.13627254509018036
2022,11,TUR.7.21_1,0.031118856483700347,0.15130260521042085
2022,11,TUR.7.22_1,0.028997287752026937,0.13026052104208416
2022,11,TUR.7.23_1,0.03491898199281635,0.19639278557114234
2022,11,TUR.7.24_1,0.03309069590576371,0.17334669338677358
2022,11,TUR.7.2_1,0.03043972460605366,0.14428857715430862
2022,11,TUR.7.3_1,0.030039419784473255,0.1402805611222445
2022,11,TUR.7.4_1,0.028005075663230895,0.12124248496993976
2022,11,TUR.7.5_1,0.029733116191840145,0.1372745490981964
2022,11,TUR.7.6_1,0.02707585843725193,0.1132264529058115
2022,11,TUR.7.7_1,0.032662932057323985,0.16833667334669342
2022,11,TUR.7.8_1,0.024933508705536112,0.09619238476953905
2022,11,TUR.7.9_1,0.02973311619184016,0.1372745490981964
2022,11,TUR.70.1_1,0.0413559310132389,0.3116232464929859
2022,11,TUR.70.2_1,0.03718696410410582,0.22945891783567132
2022,11,TUR.70.3_1,0.03712380963457758,0.22845691382765518
2022,11,TUR.70.4_1,0.03940626880286668,0.2685370741482966
2022,11,TUR.70.5_1,0.04159029593360394,0.3176352705410822
2022,11,TUR.70.6_1,0.039757320667554705,0.2755511022044088
2022,11,TUR.70.7_1,0.04244126750596148,0.3416833667334669
2022,11,TUR.70.8_1,0.03654033552975869,0.219438877755511
2022,11,TUR.70.9_1,0.042875842431907535,0.35571142284569135
2022,11,TUR.71.1_1,0.028562945521100103,0.12625250501002003
2022,11,TUR.71.2_1,0.040327905634718934,0.2875751503006012
2022,11,TUR.71.3_1,0.03585914996722601,0.20941883767535066
2022,11,TUR.71.4_1,0.04115382773807648,0.30661322645290584
2022,11,TUR.71.5_1,0.03620416898054935,0.21442885771543072
2022,11,TUR.71.6_1,0.03786023254001061,0.24048096192384757
2022,11,TUR.71.7_1,0.034072137198387996,0.18537074148296598
2022,11,TUR.72.10_1,0.032134213364370744,0.16232464929859722
2022,11,TUR.72.11_1,0.03499358228034871,0.19739478957915838
2022,11,TUR.72.12_1,0.03606723621772734,0.21242484969939876
2022,11,TUR.72.13_1,0.03334193188399744,0.17635270541082157
2022,11,TUR.72.14_1,0.0349189819928164,0.19639278557114234
2022,11,TUR.72.15_1,0.03257599555835807,0.16733466933867738
2022,11,TUR.72.16_1,0.032835411739094406,0.17034068136272537
2022,11,TUR.72.17_1,0.03073405124093536,0.14729458917835672
2022,11,TUR.72.1_1,0.03240071279083799,0.16533066132264532
2022,11,TUR.72.2_1,0.029733116191840128,0.1372745490981964
2022,11,TUR.72.3_1,0.033589199970617,0.17935871743486978
2022,11,TUR.72.4_1,0.03375187911770994,0.18136272545090185
2022,11,TUR.72.5_1,0.034463112698266324,0.19038076152304603
2022,11,TUR.72.6_1,0.03266293205732401,0.16833667334669342
2022,11,TUR.72.7_1,0.03375187911770995,0.18136272545090185
2022,11,TUR.72.8_1,0.032749403036772616,0.16933867735470945
2022,11,TUR.72.9_1,0.031495198068607275,0.155310621242485
2022,11,TUR.73.1_1,0.03222352781522759,0.16332665330661325
2022,11,TUR.73.2_1,0.03158799225759021,0.15631262525050102
2022,11,TUR.73.3_1,0.03266293205732402,0.16833667334669342
2022,11,TUR.73.4_1,0.03342479158883798,0.1773547094188377
2022,11,TUR.73.5_1,0.03550504892848518,0.2044088176352705
2022,11,TUR.73.6_1,0.032835411739094406,0.17034068136272537
2022,11,TUR.73.7_1,0.03536081141455975,0.20240480961923832
2022,11,TUR.73.8_1,0.032662932057324005,0.16833667334669342
2022,11,TUR.73.9_1,0.03240071279083799,0.16533066132264532
2022,11,TUR.74.10_1,0.03761990025427182,0.23647294589178355
2022,11,TUR.74.11_1,0.03334193188399734,0.17635270541082157
2022,11,TUR.74.12_1,0.03399270353252688,0.18436873747494983
2022,11,TUR.74.1_1,0.035859149967226014,0.20941883767535066
2022,11,TUR.74.2_1,0.03266293205732399,0.16833667334669342
2022,11,TUR.74.3_1,0.03815359116029785,0.24549098196392785
2022,11,TUR.74.4_1,0.03930344510494176,0.2665330661322645
2022,11,TUR.74.5_1,0.03391285105217092,0.1833667334669339
2022,11,TUR.74.6_1,0.03673787677395959,0.2224448897795591
2022,11,TUR.74.7_1,0.03415115463800169,0.186372745490982
2022,11,TUR.74.8_1,0.03640691707804969,0.21743486973947893
2022,11,TUR.74.9_1,0.033507213334408086,0.17835671342685364
2022,11,TUR.75.10_1,0.0367378767739596,0.2224448897795591
2022,11,TUR.75.11_1,0.03578906391308236,0.20841683366733474
2022,11,TUR.75.12_1,0.043940058721150976,0.3987975951903809
2022,11,TUR.75.13_1,0.04426892431782445,0.41683366733466937
2022,11,TUR.75.14_1,0.04077418558574745,0.29759519038076154
2022,11,TUR.75.15_1,0.04244126750596147,0.3416833667334669
2022,11,TUR.75.16_1,0.036473799852391575,0.21843687374749496
2022,11,TUR.75.17_1,0.04278646150937983,0.35270541082164336
2022,11,TUR.75.18_1,0.04185264256153215,0.32464929859719444
2022,11,TUR.75.1_1,0.042875842431907514,0.35571142284569135
2022,11,TUR.75.2_1,0.03724978902535127,0.23046092184368736
2022,11,TUR.75.3_1,0.04266412623133124,0.3486973947895791
2022,11,TUR.75.4_1,0.04363733070841168,0.3847695390781563
2022,11,TUR.75.5_1,0.04339547952380595,0.374749498997996
2022,11,TUR.75.6_1,0.0308310610777617,0.14829659318637275
2022,11,TUR.75.7_1,0.04256998880442936,0.345691382765531
2022,11,TUR.75.8_1,0.036406917078049765,0.21743486973947893
2022,11,TUR.75.9_1,0.03888070953173469,0.25851703406813625
2022,11,TUR.76.1_1,0.0360672362177273,0.21242484969939876
2022,11,TUR.76.2_1,0.03543311767772566,0.20340681362725446
2022,11,TUR.76.3_1,0.03660652579932899,0.22044088176352702
2022,11,TUR.76.4_1,0.03375187911770994,0.18136272545090185
2022,11,TUR.76.5_1,0.034993582280348726,0.19739478957915838
2022,11,TUR.76.6_1,0.028781414078247698,0.1282565130260521
2022,11,TUR.76.7_1,0.03860703218473436,0.2535070140280561
2022,11,TUR.76.8_1,0.030734051240935388,0.14729458917835672
2022,11,TUR.77.1_1,0.0316802779648913,0.15731462925851705
2022,11,TUR.77.2_1,0.03375187911770995,0.18136272545090185
2022,11,TUR.77.3_1,0.03564779446325795,0.20641282565130267
2022,11,TUR.77.4_1,0.03257599555835815,0.16733466933867738
2022,11,TUR.77.5_1,0.033589199970617024,0.17935871743486978
2022,11,TUR.77.6_1,0.03521506562850808,0.20040080160320647
2022,11,TUR.78.10_1,0.02899728775202695,0.13026052104208416
2022,11,TUR.78.11_1,0.025198533109430325,0.09819639278557112
2022,11,TUR.78.12_1,0.025717710011312525,0.10220440881763525
2022,11,TUR.78.1_1,0.02311431234493155,0.08316633266533062
2022,11,TUR.78.2_1,0.023692853314494947,0.08717434869739475
2022,11,TUR.78.3_1,0.027194583498260712,0.11422845691382753
2022,11,TUR.78.4_1,0.022966877399027877,0.08216432865731459
2022,11,TUR.78.5_1,0.03613588052320533,0.2134268537074148
2022,11,TUR.78.6_1,0.02899728775202695,0.13026052104208416
2022,11,TUR.78.7_1,0.03248859024938567,0.16633266533066135
2022,11,TUR.78.8_1,0.024115475428418624,0.09018036072144285
2022,11,TUR.78.9_1,0.032749403036772644,0.16933867735470945
2022,11,TUR.79.1_1,0.043186381827444414,0.3667334669338677
2022,11,TUR.79.2_1,0.04416676895937851,0.41082164328657306
2022,11,TUR.79.3_1,0.04394005872115099,0.3987975951903809
2022,11,TUR.79.4_1,0.04397993046231186,0.40080160320641284
2022,11,TUR.79.5_1,0.04344557587102489,0.37675350701402816
2022,11,TUR.79.6_1,0.04368312468434959,0.3867735470941884
2022,11,TUR.8.10_1,0.03102345930877966,0.15030060120240482
2022,11,TUR.8.11_1,0.015832120098875163,0.04208416833667338
2022,11,TUR.8.12_1,0.02369285331449487,0.08717434869739475
2022,11,TUR.8.13_1,0.022966877399027957,0.08216432865731459
2022,11,TUR.8.14_1,0.02584530739365442,0.10320641282565128
2022,11,TUR.8.15_1,0.025717710011312542,0.10220440881763525
2022,11,TUR.8.1_1,0.014460404669750336,0.03607214428857718
2022,11,TUR.8.2_1,0.022668520299846496,0.08016032064128252
2022,11,TUR.8.3_1,0.01322085185828182,0.03106212424849702
2022,11,TUR.8.4_1,0.020604800138715868,0.0671342685370742
2022,11,TUR.8.5_1,0.024115475428418635,0.09018036072144285
2022,11,TUR.8.6_1,0.017897026113825546,0.05210420841683371
2022,11,TUR.8.7_1,0.01583212009887516,0.04208416833667338
2022,11,TUR.8.8_1,0.031118856483700403,0.15130260521042085
2022,11,TUR.8.9_1,0.02281828639460906,0.08116232464929855
2022,11,TUR.80.10_1,0.03195412280395628,0.16032064128256515
2022,11,TUR.80.11_1,0.03521506562850804,0.20040080160320647
2022,11,TUR.80.12_1,0.03430795101871428,0.18837675350701397
2022,11,TUR.80.13_1,0.03222352781522761,0.16332665330661325
2022,11,TUR.80.14_1,0.03415115463800162,0.186372745490982
2022,11,TUR.80.1_1,0.032312359793050915,0.16432865731462928
2022,11,TUR.80.2_1,0.03195412280395647,0.16032064128256515
2022,11,TUR.80.3_1,0.034463112698266324,0.19038076152304603
2022,11,TUR.80.4_1,0.03358919997061707,0.17935871743486978
2022,11,TUR.80.5_1,0.03092752895819814,0.1492985971943888
2022,11,TUR.80.6_1,0.033589199970617066,0.17935871743486978
2022,11,TUR.80.7_1,0.033992703532526834,0.18436873747494983
2022,11,TUR.80.8_1,0.030039419784473255,0.1402805611222445
2022,11,TUR.80.9_1,0.03350721333440811,0.17835671342685364
2022,11,TUR.81.1_1,0.0436141131118018,0.3837675350701404
2022,11,TUR.81.2_1,0.04372806573251124,0.38877755511022033
2022,11,TUR.81.3_1,0.040142020896168584,0.2835671342685371
2022,11,TUR.81.4_1,0.04266412623133125,0.3486973947895791
2022,11,TUR.81.5_1,0.041474218392506645,0.314629258517034
2022,11,TUR.81.6_1,0.04354317415326608,0.38076152304609207
2022,11,TUR.9.1_1,0.026223003116657165,0.10621242484969938
2022,11,TUR.9.2_1,0.02545990182947931,0.10020040080160318
2022,11,TUR.9.3_1,0.026593270780774413,0.10921843687374748
2022,11,TUR.9.4_1,0.025972048296596963,0.10420841683366731
2022,11,TUR.9.5_1,0.025845307393654485,0.10320641282565128
2022,11,TUR.9.6_1,0.02777710234462379,0.1192384769539077
2022,11,UKR.14.10_1,0.04090302106854621,0.30060120240480964
2022,11,UKR.14.18_1,0.04073072715680168,0.2965931863727455
2022,11,UKR.14.19_1,0.039041398656213214,0.26152304609218435
2022,11,UKR.14.22_1,0.0385514073384469,0.25250501002004005
2022,11,UKR.14.23_1,0.03985512948058405,0.2775551102204409
2022,11,UKR.14.7_1,0.041153827738076486,0.30661322645290584
2022,11,UKR.17.11_1,0.043131914956911536,0.36472945891783565
2022,11,UKR.17.12_1,0.04434839698606732,0.42184368737474953
2022,11,UKR.17.22_1,0.04387867656893719,0.39579158316633256
2022,11,UKR.23.10_1,0.04127583660913795,0.30961923847695383
2022,11,UKR.23.11_1,0.03909438201518485,0.2625250501002004
2022,11,UKR.23.12_1,0.04256998880442951,0.345691382765531
2022,11,UKR.23.13_1,0.03791952713584334,0.24148296593186372
2022,11,UKR.23.15_1,0.04210324980265415,0.33166332665330667
2022,11,UKR.23.1_1,0.041435035641797284,0.31362725450901807
2022,11,UKR.23.3_1,0.04151315560969295,0.31563126252505014
2022,11,UKR.23.7_1,0.04484212169501104,0.530060120240481
2022,11,UKR.23.8_1,0.03955839203846009,0.2715430861723447
2022,11,UKR.25.16_1,0.03990362322256468,0.2785571142284569
2022,11,UKR.25.19_1,0.03990362322256465,0.2785571142284569
2022,11,UKR.25.2_1,0.03990362322256467,0.2785571142284569
2022,11,UKR.25.8_1,0.03950796462859236,0.27054108216432865
2022,11,UKR.3.10_1,0.04485398620835513,0.469939879759519
2022,11,UKR.3.2_1,0.04081738689112669,0.2985971943887776
2022,11,UKR.3.6_1,0.04188915779103529,0.32565130260521036
2022,11,UKR.3.7_1,0.03849548335707844,0.251503006012024
2022,11,UKR.3.9_1,0.040188892316868625,0.2845691382765531
2022,11,UKR.7.16_1,0.03613588052320533,0.2134268537074148
2022,11,XAD.1_1,0.04266412623133125,0.6492985971943889
2022,11,XAD.2_1,0.043048558173006186,0.6362725450901804
2022,11,XKO.1.1_1,0.041029562080287164,0.30360721442885763
2022,11,XKO.1.2_1,0.03791952713584326,0.24148296593186372
2022,11,XKO.1.3_1,0.04111265751199854,0.3056112224448897
2022,11,XKO.2.1_1,0.04206816021258259,0.33066132264529063
2022,11,XKO.2.2_1,0.041666461533912964,0.31963927855711427
2022,11,XKO.2.3_1,0.04131600785669965,0.31062124248497
2022,11,XKO.3.1_1,0.04107123585527143,0.3046092184368738
2022,11,XKO.3.2_1,0.03960854039940659,0.2725450901803607
2022,11,XKO.3.3_1,0.040464534844551155,0.2905811623246492
2022,11,XKO.3.4_1,0.040047472526148736,0.2815631262525049
2022,11,XKO.3.5_1,0.03904139865621326,0.26152304609218435
2022,11,XKO.3.6_1,0.03990362322256464,0.2785571142284569
2022,11,XKO.4.1_1,0.03950796462859236,0.27054108216432865
2022,11,XKO.4.2_1,0.04111265751199858,0.3056112224448897
2022,11,XKO.4.3_1,0.038988126168548645,0.2605210420841683
2022,11,XKO.5.1_1,0.02205730370414662,0.07615230460921839
2022,11,XKO.5.2_1,0.024664728647610188,0.09418837675350698
2022,11,XKO.5.3_1,0.02158552900591929,0.07314629258517029
2022,11,XKO.5.4_1,0.020266073373650398,0.06513026052104202
2022,11,XKO.5.5_1,0.024799594579291793,0.09519038076152302
2022,11,XKO.5.6_1,0.019391020454336164,0.06012024048096198
2022,11,XKO.5.7_1,0.022818286394609033,0.08116232464929855
2022,11,XKO.6.1_1,0.014460404669750342,0.03607214428857718
2022,11,XKO.6.2_1,0.02043621003191781,0.06613226452905806
2022,11,XKO.6.3_1,0.02142560239318714,0.07214428857715426
2022,11,XKO.6.4_1,0.020937463855137728,0.06913827655310616
2022,11,XKO.7.1_1,0.040142020896168654,0.2835671342685371
2022,11,XKO.7.2_1,0.04073072715680168,0.2965931863727455
2022,11,XKO.7.3_1,0.03749782275340517,0.2344689378757515
2022,11,XKO.7.4_1,0.0397573206675547,0.2755511022044088
2022,11,ZNC.1_1,0.044518303541006825,0.564128256513026
2022,11,ZNC.2_1,0.044914845783276376,0.5140280561122245
2022,11,ZNC.3_1,0.04428522928447328,0.5801603206412825
2022,11,ZNC.4_1,0.04405716398165043,0.5931863727454909
2022,11,ZNC.5_1,0.04407595091415341,0.405811623246493
