year,month,gid_1,est,se
2014,11,AND.7_1,0,0.25527672793361
2014,11,DEU.10_1,0,0.25071165594615036
2014,11,DEU.13_1,0,0.2569554074977371
2014,11,DEU.7_1,0,0.23386227946324045
2014,11,ESP.1_1,0.09561858050324727,0.30296836555773066
2014,11,ESP.10_1,0.43722279636588735,0.49264804651436617
2014,11,ESP.11_1,0,0.25151348461884454
2014,11,ESP.12_1,0,0.24597456397758136
2014,11,ESP.13_1,0.6185427027027026,0.4899417105382176
2014,11,ESP.14_1,0,0.25285447136187095
2014,11,ESP.15_1,0,0.11755015485502483
2014,11,ESP.16_1,0,0.19637433880970778
2014,11,ESP.17_1,0,0.24840831912960137
2014,11,ESP.18_1,0.6916151351351351,0.46972350045458305
2014,11,ESP.2_1,0,0.15765592374130763
2014,11,ESP.3_1,0,0.25861932067448345
2014,11,ESP.4_1,0,0.07033481255516828
2014,11,ESP.5_1,0,0.24282094328032133
2014,11,ESP.6_1,0.5253761016161134,0.43319080238531726
2014,11,ESP.7_1,0,0.25187388607537553
2014,11,ESP.8_1,0,0.16789174544747043
2014,11,ESP.9_1,0,0.08912951839363169
2014,11,FRA.1_1,0,0.09448846901638508
2014,11,FRA.10_1,0,0.09448846901638508
2014,11,FRA.8_1,0,0.2619039711261249
2014,11,GBR.1_1,0,0.25041369527845503
2014,11,ITA.10_1,0.024082855232582093,0.15091941183946098
2014,11,ITA.13_1,0.02572972972972973,0.15620432067019188
2014,11,ITA.16_1,0.015728822438912212,0.12258983611576318
2014,11,ITA.4_1,0,0.11333159025017439
2014,11,ITA.5_1,0.05866378378378378,0.23196048304712577
2014,11,ITA.6_1,0.05969297297297297,0.23386227946324045
2014,11,ITA.8_1,0.07110017598704127,0.2535420133503899
2014,11,NLD.11_1,0,0.255884378952794
2014,11,NLD.14_1,0,0.04469932847904386
2014,11,NLD.9_1,0,0.26096437133399863
2014,11,PRT.1_1,0,0.2646425737934497
2014,11,PRT.12_1,0,0.25861932067448345
2014,11,SRB.9_1,0,0.24895797334190284
2014,11,SWE.15_1,0,0.22423690941558128
2014,11,TUR.40_1,0,0.17067394412344367
2014,11,TUR.47_1,0,0.254650467914084
