year,month,gid_1,est,se
2014,11,ESP.1_1,0.199427711531393,0.4056442068563109
2014,11,ESP.10_1,0.489378961570744,0.49909670772322795
2014,11,ESP.11_1,0,0.37452701136812483
2014,11,ESP.12_1,0,0.3781775748180474
2014,11,ESP.13_1,0.771,0.42039949540375965
2014,11,ESP.14_1,0,0.39130963357033843
2014,11,ESP.15_1,0,0
2014,11,ESP.16_1,0,0.2806742146436384
2014,11,ESP.17_1,0,0.3639828065767441
2014,11,ESP.18_1,0.588,0.49244136554365386
2014,11,ESP.2_1,0,0.26707182169654714
2014,11,ESP.3_1,0,0.3810107205436209
2014,11,ESP.4_1,0,0.09927466182038187
2014,11,ESP.5_1,0,0.3810391366627686
2014,11,ESP.6_1,0.5490457926281596,0.40191817715687234
2014,11,ESP.7_1,0,0.38015722999769386
2014,11,ESP.8_1,0,0.23945007065427304
2014,11,ESP.9_1,0,0.03162277660168379
2014,11,ITA.10_1,0.02656663884631275,0.16088616175903536
2014,11,ITA.13_1,0.059,0.23574260237507896
2014,11,ITA.16_1,0.08157242270448398,0.27384765416145596
2014,11,ITA.4_1,0,0.22414558046332575
2014,11,ITA.5_1,0.208,0.4060799193519681
2014,11,ITA.6_1,0.12100000000000001,0.3262904618058356
2014,11,ITA.8_1,0.10053388703867762,0.300579697867566
