year,month,gid_1,est,se
2014,11,AND.7_1,0,0.38101148256734807
2014,11,DEU.10_1,0,0.3825974965611262
2014,11,DEU.13_1,0,0.36016834897819544
2014,11,DEU.7_1,0,0.3731632447783132
2014,11,ESP.1_1,0.1883915460017446,0.3962655538076966
2014,11,ESP.10_1,0.471809344092363,0.498524244198914
2014,11,ESP.11_1,0,0.35975358436183413
2014,11,ESP.12_1,0,0.3812083250383874
2014,11,ESP.13_1,0.777,0.41646745157934895
2014,11,ESP.14_1,0,0.38928279638205854
2014,11,ESP.15_1,0,0.03162283984742673
2014,11,ESP.16_1,0,0.27171517854102084
2014,11,ESP.17_1,0,0.3677155899241077
2014,11,ESP.18_1,0.591,0.4918962581771448
2014,11,ESP.2_1,0,0.26763107142612147
2014,11,ESP.3_1,0,0.3649242412446405
2014,11,ESP.4_1,0,0.08628511556192683
2014,11,ESP.5_1,0,0.37394402683172295
2014,11,ESP.6_1,0.536669396628688,0.4070681867923683
2014,11,ESP.7_1,0,0.37494018442965965
2014,11,ESP.8_1,0,0.23760614950624828
2014,11,ESP.9_1,0,0.06315064481067276
2014,11,FRA.1_1,0,0.26190239969129814
2014,11,FRA.10_1,0,0.08912898361277785
2014,11,FRA.8_1,0,0.3713670213774659
2014,11,ITA.10_1,0.024766972690559726,0.15451615176685893
2014,11,ITA.13_1,0.056,0.23003723304159104
2014,11,ITA.16_1,0.0802827318865481,0.27185322127339073
2014,11,ITA.4_1,0,0.22613124436152973
2014,11,ITA.5_1,0.23,0.4210439245366484
2014,11,ITA.6_1,0.122,0.3274502284589701
2014,11,ITA.8_1,0.10424100914157033,0.3053375175450955
2014,11,NLD.11_1,0,0.3848909161926066
2014,11,NLD.14_1,0,0.48257526485083635
2014,11,NLD.9_1,0,0.3749230634254631
2014,11,PRT.1_1,0,0.3661801035599596
2014,11,PRT.12_1,0,0.35227772495217613
2014,11,SRB.9_1,0,0.3799689683310113
2014,11,TUR.40_1,0,0.09954872952332497
2014,11,TUR.47_1,0,0.3766497381851463
