year,month,gid_1,est,se
2014,11,AND.7_1,0,0.2729760026665139
2014,11,DEU.10_1,0,0.2776281146061835
2014,11,DEU.13_1,0,0.23760947609071323
2014,11,DEU.7_1,0,0.27902570532808235
2014,11,ESP.1_1,0.05022651636096763,0.2093544931592749
2014,11,ESP.10_1,0.25597697479943965,0.43343052263132403
2014,11,ESP.11_1,0,0.2818824720031962
2014,11,ESP.12_1,0,0.2739610527537025
2014,11,ESP.13_1,0.41989594172736733,0.4931480198250205
2014,11,ESP.14_1,0,0.2759041273727517
2014,11,ESP.15_1,0,0.14007229372738228
2014,11,ESP.16_1,0.011143155729159127,0.1556073367258648
2014,11,ESP.17_1,0,0.28632954004058336
2014,11,ESP.18_1,0.4663267429760666,0.4988113539657973
2014,11,ESP.2_1,0,0.1372080761015304
2014,11,ESP.3_1,0,0.27902570532808235
2014,11,ESP.4_1,0,0.1188048188767598
2014,11,ESP.5_1,0,0.1739857250241367
2014,11,ESP.6_1,0.4330797345281974,0.4263396029837516
2014,11,ESP.7_1,0,0.2775310537262904
2014,11,ESP.8_1,0,0.13659522218656514
2014,11,ESP.9_1,0,0.27143329072924405
2014,11,FRA.1_1,0,0.16505791425561017
2014,11,FRA.10_1,0,0.14998070979695594
2014,11,FRA.8_1,0,0.29474336436774545
2014,11,GBR.1_1,0,0.27633447889117174
2014,11,ITA.10_1,0.01594763389290368,0.12223691490939946
2014,11,ITA.13_1,0.024224765868886576,0.15312804378290146
2014,11,ITA.16_1,0.01687382941732397,0.12814344722706364
2014,11,ITA.4_1,0,0.2760246823473364
2014,11,ITA.5_1,0.022206035379812694,0.14675907727820744
2014,11,ITA.6_1,0.034318418314255986,0.18132272051459092
2014,11,ITA.8_1,0.009496479606368189,0.09655593356237528
2014,11,NLD.11_1,0,0.2723734808875803
2014,11,NLD.14_1,0,0.20389577084631028
2014,11,NLD.9_1,0,0.24193682598323704
2014,11,PRT.1_1,0,0.28278200889763094
2014,11,PRT.12_1,0,0.26831006631607535
2014,11,SRB.9_1,0,0.2850362022450832
2014,11,SWE.15_1,0,0.25907619159769213
2014,11,TUR.40_1,0,0.13659522218656514
2014,11,TUR.47_1,0,0.24699243552310152
