year,month,gid_1,est,se
2018,07,ESP.1_1,0.3049327569379892,0.395401896210811
2018,07,ESP.10_1,0.8929654499624886,0.28649077321810096
2018,07,ESP.11_1,0,0.44225366240430813
2018,07,ESP.12_1,0,0.43259966924514154
2018,07,ESP.13_1,0.9599217652958876,0.2006931146662041
2018,07,ESP.14_1,0,0.43504250292683383
2018,07,ESP.15_1,0,0.16505824437242905
2018,07,ESP.16_1,0.03961774941167282,0.2914087913805719
2018,07,ESP.17_1,0,0.44470650574991816
2018,07,ESP.18_1,0.9879779338014042,0.11755133039301509
2018,07,ESP.2_1,0.24951845973990308,0.39817438558161056
2018,07,ESP.3_1,0,0.42359164639922703
2018,07,ESP.4_1,0,0.19134699852890225
2018,07,ESP.5_1,0,0.44155328460091353
2018,07,ESP.6_1,0.7297449156840351,0.40371048891998995
2018,07,ESP.7_1,0,0.4285163125995386
2018,07,ESP.8_1,0.07515045135406218,0.2635278818919313
2018,07,ESP.9_1,0,0.16216733343704742
2018,07,ITA.10_1,0.10922040787626738,0.3117621309021386
2018,07,ITA.13_1,0.08717452357071212,0.2819811571575984
2018,07,ITA.14_1,0.03498008553090944,0.18105476820897312
2018,07,ITA.16_1,0.2431202580811446,0.3928472041390677
2018,07,ITA.18_1,0.05811634904714142,0.23386461815853468
2018,07,ITA.6_1,0.06713440320962889,0.2501516066374959
2018,07,ITA.8_1,0.09719458375125377,0.29611118726712565
2018,07,ITA.9_1,0.05511033099297894,0.22809844380755748
