year,month,gid_3,est,se
2020,04,ESP.10.1.1_1,0.034143885453747025,0.09707271368463079
2020,04,ESP.10.1.4_1,0.002138663334463158,0.019808448836376717
2020,04,ESP.10.1.6_1,0.003665305999948072,0.029070747133819103
2020,04,ESP.10.1.7_1,0.010763880087187025,0.06009165149989565
2020,04,ESP.10.1.9_1,0.06215692622240429,0.15459946717398498
2020,04,ESP.10.2.5_1,0.0026818544808175564,0.018423187349039985
2020,04,ESP.10.2.7_1,0.00316530031359201,0.023342754276480096
2020,04,ESP.10.2.8_1,0.03972766257368304,0.10841674541353455
2020,04,ESP.10.3.1_1,0.09646355136390238,0.2564184690155221
2020,04,ESP.10.3.13_1,0.022720543795423025,0.06432008131437052
2020,04,ESP.10.3.4_1,0.35135173087364613,0.686392634075854
2020,04,ESP.10.3.7_1,0.03700374379971814,0.22562974881661874
2020,04,ESP.10.3.8_1,0.02816395272040957,0.17137003196123077
2020,04,ESP.18.1.5_1,0.04831950217763248,0.0950585602096292
2020,04,ESP.2.2.1_1,8.243029633102315e-4,0.0038341083705279947
2020,04,ESP.2.3.2_1,0.007411366084457004,0.012622806615630812
2020,04,ESP.6.1.10_1,0.2414441771918385,0.21934447402499285
2020,04,ESP.6.1.11_1,0.2818798579979531,0.21905407511141062
2020,04,ESP.6.1.12_1,0.06098183515192824,0.10985628676375947
2020,04,ESP.6.1.3_1,0.3179477870670281,0.29366813333217684
2020,04,ESP.6.1.5_1,0.003435928941068786,0.029353707720794438
2020,04,ESP.6.1.6_1,0.09599610116439043,0.21902909726198497
2020,04,ESP.6.1.9_1,0.0022610365701660026,0.01763347731610968
2020,04,ESP.6.2.4_1,0.028474275327856895,0.07436439034400505
2020,04,ESP.6.2.5_1,0.01642818129886552,0.04324561227483496
2020,04,ESP.6.2.6_1,0.05390189613941799,0.08825198399292712
2020,04,ESP.6.2.7_1,0.03608811063484976,0.09059037600843971
2020,04,ESP.6.3.10_1,0.0033199035491011195,0.0218074445155824
2020,04,ESP.6.4.2_1,0.013622571892018263,0.07916101957407504
2020,04,ESP.6.4.3_1,0.01826904721275941,0.04796470807929554
2020,04,ESP.6.4.7_1,0.009728781291789468,0.028795315264865992
