year,month,gid_2,est,se
2017,02,ESP.1.1_1,0,0.3117951510466707
2017,02,ESP.1.2_1,0,0.3105357184486713
2017,02,ESP.1.3_1,0,0.31797028965786267
2017,02,ESP.1.4_1,0,0.32860155048170264
2017,02,ESP.1.5_1,0,0.304110972316823
2017,02,ESP.1.6_1,0,0.32860155048170264
2017,02,ESP.1.7_1,0,0.30541328929383094
2017,02,ESP.1.8_1,0,0.3001501125938321
2017,02,ESP.10.1_1,0,0.3067068128833611
2017,02,ESP.10.2_1,0,0.31918157352340515
2017,02,ESP.10.3_1,0,0.3067068128833611
2017,02,ESP.12.1_1,0,0.3117951510466707
2017,02,ESP.12.3_1,0,0.32395052700056526
2017,02,ESP.12.4_1,0,0.30799165387857325
2017,02,ESP.13.1_1,0,0.31797028965786267
2017,02,ESP.14.1_1,0,0.3105357184486713
2017,02,ESP.14.2_1,0,0.3117951510466707
2017,02,ESP.16.2_1,0,0.19605723255834873
2017,02,ESP.16.3_1,0,0.19129190414806527
2017,02,ESP.17.1_1,0,0.387678080750375
2017,02,ESP.18.1_1,0,0.32395052700056526
2017,02,ESP.2.1_1,0,0.32158111638343195
2017,02,ESP.2.2_1,0,0.3142893217686178
2017,02,ESP.2.3_1,0,0.30541328929383094
2017,02,ESP.3.1_1,0,0.18387171834952978
2017,02,ESP.4.1_1,0,0.3067068128833611
2017,02,ESP.4.2_1,0,0.3105357184486713
2017,02,ESP.4.4_1,0,0.296105857217784
2017,02,ESP.4.5_1,0,0.2947386484173239
2017,02,ESP.5.2_1,0,0.29197474077263813
2017,02,ESP.5.3_1,0,0.3203851535989872
2017,02,ESP.5.4_1,0,0.30541328929383094
2017,02,ESP.5.5_1,0,0.3142893217686178
2017,02,ESP.6.1_1,0,0.32395052700056526
2017,02,ESP.6.2_1,0,0.296105857217784
2017,02,ESP.6.3_1,0,0.3155242550986462
2017,02,ESP.6.4_1,0,0.2988114594326802
2017,02,ESP.7.1_1,0,0.29197474077263813
2017,02,ESP.8.1_1,0,0.28632495871296654
2017,02,ESP.9.1_1,0,0.32860155048170264
