year,month,gid_2,est,se
2017,02,ESP.1.1_1,0,0.32974646735443996
2017,02,ESP.1.2_1,0,0.3142893217686178
2017,02,ESP.1.3_1,0,0.30799165387857325
2017,02,ESP.1.4_1,0,0.296105857217784
2017,02,ESP.1.5_1,0,0.28632495871296654
2017,02,ESP.1.6_1,0,0.31797028965786267
2017,02,ESP.1.7_1,0,0.31304631925323445
2017,02,ESP.1.8_1,0,0.30799165387857325
2017,02,ESP.10.1_1,0,0.3067068128833611
2017,02,ESP.10.2_1,0,0.3203851535989872
2017,02,ESP.10.3_1,0,0.3203851535989872
2017,02,ESP.12.1_1,0,0.30926792049394103
2017,02,ESP.12.3_1,0,0.30541328929383094
2017,02,ESP.12.4_1,0,0.290577761426155
2017,02,ESP.13.1_1,0,0.31304631925323445
2017,02,ESP.14.1_1,0,0.3067068128833611
2017,02,ESP.14.2_1,0,0.3502480173729377
2017,02,ESP.16.2_1,0,0.19838941090279583
2017,02,ESP.16.3_1,0,0.21174474216810163
2017,02,ESP.17.1_1,0,0.3868600013708585
2017,02,ESP.18.1_1,0,0.30279974849343533
2017,02,ESP.2.1_1,0,0.31304631925323445
2017,02,ESP.2.2_1,0,0.3142893217686178
2017,02,ESP.2.3_1,0,0.3342569785774528
2017,02,ESP.3.1_1,0,0.17872588772459053
2017,02,ESP.4.1_1,0,0.3014795016081357
2017,02,ESP.4.2_1,0,0.3014795016081357
2017,02,ESP.4.4_1,0,0.31797028965786267
2017,02,ESP.4.5_1,0,0.31797028965786267
2017,02,ESP.5.2_1,0,0.3001501125938321
2017,02,ESP.5.3_1,0,0.3142893217686178
2017,02,ESP.5.4_1,0,0.31797028965786267
2017,02,ESP.5.5_1,0,0.2988114594326802
2017,02,ESP.6.1_1,0,0.3320154126456093
2017,02,ESP.6.2_1,0,0.33088439746304826
2017,02,ESP.6.3_1,0,0.2848862231842041
2017,02,ESP.6.4_1,0,0.31797028965786267
2017,02,ESP.7.1_1,0,0.3167512136225074
2017,02,ESP.8.1_1,0,0.29746341705239066
2017,02,ESP.9.1_1,0,0.3167512136225074
