ID_0,est,se
ESP,0.5625815006800001,0.020887377486466078
