year,month,gid_3,est,se
2017,03,ARG.24.2_1,0.031328,0.08808808808808809
2017,03,DOM.5.1_1,0.008811,0.04726749621230389
2017,03,GTM.7.7_1,0.064614,0.1242653141255481
2017,03,HND.8.4_1,0.06950899999999999,0.1285409624800264
2017,03,IND.20.26.7_1,0.005874,0.03865212127388954
2017,03,IND.34.1.5_1,0.072446,0.13101646255951868
2017,03,MEX.14.40_2,0.067551,0.1268539228544762
2017,03,MEX.14.99_2,0.060697999999999995,0.12069847420422837
2017,03,MEX.16.57_2,0.07342499999999999,0.13182749941006933
2017,03,MEX.17.7_2,0.023496,0.07660110698582177
2017,03,MEX.31.50_2,0.026432999999999998,0.08112277873417477
2017,03,MEX.4.5_2,0.034265000000000004,0.09198186160905458
2017,03,MEX.9.9_2,0.001958,0.022360668572260937
2017,03,PAK.7.5.2_1,0.007832,0.04458670160424442
2017,03,PER.13.11.10_1,0.328944,0.23640583654255073
2017,03,PRI.52_1,0.07146699999999999,0.13019844976421835
2017,03,PRI.65_1,9.79e-4,0.015819299929208316
2017,03,USA.10.43_1,0.001958,0.022360668572260937
2017,03,USA.5.19_1,9.79e-4,0.015819299929208316
2017,03,VEN.14.3_1,0.006853,0.04172805675094036
