year,month,gid_3,est,se
2017,03,DOM.5.1_1,0,0.17872588772459053
2017,03,MEX.9.9_2,0,0.15921478998305827
2017,03,PER.13.11.10_1,0,0.4254550646214145
2017,03,USA.10.43_1,0,0.15620307103062794
2017,03,USA.5.19_1,0,0.14345584540052586
