year,month,gid_1,est,se
2021,01,ESP.1_1,0.3071277904473308,0.4232845506009542
2021,01,ESP.10_1,0.7353268279585607,0.3121220903440942
2021,01,ESP.11_1,0,0.36393848267247536
2021,01,ESP.12_1,0,0.32368369581480433
2021,01,ESP.13_1,0.3652909090909091,0.4808192874533916
2021,01,ESP.14_1,0,0.39844737571715866
2021,01,ESP.15_1,0.006054545454545455,0.07726558075864033
2021,01,ESP.16_1,0.027747641514331817,0.24230418618386312
2021,01,ESP.17_1,0,0.33088439746304826
2021,01,ESP.18_1,0.3108,0.4618975528722244
2021,01,ESP.2_1,0.03430618359249729,0.16007088388957447
2021,01,ESP.3_1,0,0.3342569785774528
2021,01,ESP.4_1,0.007371425823748484,0.21007246509720068
2021,01,ESP.5_1,0,0.34071326677005825
2021,01,ESP.6_1,0.39153007227162545,0.4556229328743272
2021,01,ESP.7_1,0,0.37695789079575664
2021,01,ESP.8_1,0.011099999999999999,0.10435463521037237
2021,01,ESP.9_1,0.0030272727272727274,0.05471740119919799
