year,month,gid_1,est,se
2021,01,ESP.1_1,0.30819207614428035,0.42665327546036885
2021,01,ESP.10_1,0.7172884853796151,0.3220208107645373
2021,01,ESP.11_1,0,0.3538476059908895
2021,01,ESP.12_1,0,0.3342895344558801
2021,01,ESP.13_1,0.3409046462028007,0.473949595079607
2021,01,ESP.14_1,0,0.4083915885478389
2021,01,ESP.15_1,0.003007982172377653,0.05471783894366052
2021,01,ESP.16_1,0.03647394915407266,0.26307132099820607
2021,01,ESP.17_1,0,0.34922758956947686
2021,01,ESP.18_1,0.34692061054755596,0.4759350110431742
2021,01,ESP.2_1,0.043895721417608814,0.18710335533211894
2021,01,ESP.3_1,0,0.34082549604227114
2021,01,ESP.4_1,0.023459897260952055,0.15079536531317303
2021,01,ESP.5_1,0,0.3389340651029834
2021,01,ESP.6_1,0.3854112517348806,0.4513108054016819
2021,01,ESP.8_1,0.008021285793007074,0.08912951839363167
2021,01,ESP.9_1,0.0020053214482517686,0.04469932847904386
