year,month,gid_2,est,se
2015,11,ESP.1.1_1,0.073,0.2602666685127751
2015,11,ESP.1.2_1,0.085,0.2790212408632233
2015,11,ESP.1.3_1,0.065,0.24664921616708177
2015,11,ESP.1.4_1,0.359,0.4799472360055315
2015,11,ESP.1.5_1,0,0.43380547159664457
2015,11,ESP.1.6_1,0.052,0.22213812222431642
2015,11,ESP.1.7_1,0.786,0.41033202698835536
2015,11,ESP.1.8_1,0.294,0.45581988961844544
2015,11,ESP.10.1_1,0.858,0.34922479573758497
2015,11,ESP.10.2_1,0.606,0.4888793337859589
2015,11,ESP.10.3_1,0.586,0.4927949338688932
2015,11,ESP.11.1_1,0,0.3471606552023436
2015,11,ESP.11.2_1,0,0.3639828065767441
2015,11,ESP.12.1_1,0,0.33647171235218754
2015,11,ESP.12.2_1,0,0.3450725649411658
2015,11,ESP.12.3_1,0,0.3582280381646966
2015,11,ESP.12.4_1,0,0.34189456253630574
2015,11,ESP.13.1_1,0.983,0.1293357171384909
2015,11,ESP.14.1_1,0,0.34819569244928955
2015,11,ESP.14.2_1,0,0.3397446488562056
2015,11,ESP.15.1_1,0,0.3461196307619647
2015,11,ESP.16.1_1,0,0.2602666685127751
2015,11,ESP.16.2_1,0,0.17067257872642908
2015,11,ESP.16.3_1,0,0.19129190414806527
2015,11,ESP.17.1_1,0,0.3758207567993567
2015,11,ESP.18.1_1,0.77,0.4210430824479572
2015,11,ESP.2.1_1,0,0.4742825570732535
2015,11,ESP.2.2_1,0,0.1678904023081343
2015,11,ESP.2.3_1,0,0.3001501125938321
2015,11,ESP.3.1_1,0,0.35725009115132167
2015,11,ESP.4.1_1,0,0.12161327966052798
2015,11,ESP.4.2_1,0,0.162164414398774
2015,11,ESP.4.3_1,0,0.11333068359382575
2015,11,ESP.4.4_1,0,0.18387171834952978
2015,11,ESP.4.5_1,0,0.32744957355785825
2015,11,ESP.5.1_1,0,0.34819569244928955
2015,11,ESP.5.2_1,0,0.3611293596682696
2015,11,ESP.5.3_1,0,0.33647171235218754
2015,11,ESP.5.5_1,0,0.35428310221702153
2015,11,ESP.5.6_1,0,0.34819569244928955
2015,11,ESP.5.7_1,0,0.3532829019480122
2015,11,ESP.5.8_1,0,0.3601676286407771
2015,11,ESP.5.9_1,0,0.34819569244928955
2015,11,ESP.6.1_1,0.861,0.3461196307619647
2015,11,ESP.6.2_1,0.847,0.3601676286407771
2015,11,ESP.6.3_1,0.177,0.3818596821043259
2015,11,ESP.6.4_1,0.447,0.4974318430081034
2015,11,ESP.8.1_1,0,0.30541328929383094
2015,11,ESP.9.1_1,0,0.10893974420691407
2015,11,ITA.10.7_1,0.011,0.10435463521037237
2015,11,ITA.16.2_1,0.187,0.3901066305296325
2015,11,ITA.6.8_1,0.056,0.23003677296666486
2015,11,ITA.8.4_1,0.065,0.24664921616708177
