year,month,gid_2,est,se
2015,11,ESP.1.1_1,0.003,0.05471740119919799
2015,11,ESP.1.2_1,0.006,0.07726558075864033
2015,11,ESP.1.3_1,0.006,0.07726558075864033
2015,11,ESP.1.4_1,0.05,0.21805400144814482
2015,11,ESP.1.5_1,0,0.3429600875052688
2015,11,ESP.1.6_1,0.007,0.08341437500789632
2015,11,ESP.1.7_1,0.202,0.40169311340544206
2015,11,ESP.1.8_1,0.031,0.17340435135563662
2015,11,ESP.10.1_1,0.283,0.4506818324651152
2015,11,ESP.10.2_1,0.144,0.35126540875438816
2015,11,ESP.10.3_1,0.128,0.3342569785774528
2015,11,ESP.11.1_1,0,0.3320154126456093
2015,11,ESP.11.2_1,0,0.3502480173729377
2015,11,ESP.12.1_1,0,0.3167512136225074
2015,11,ESP.12.2_1,0,0.30541328929383094
2015,11,ESP.12.3_1,0,0.31797028965786267
2015,11,ESP.12.4_1,0,0.3167512136225074
2015,11,ESP.13.1_1,0.378,0.48513024163759505
2015,11,ESP.14.1_1,0,0.3775692765024169
2015,11,ESP.14.2_1,0,0.39793133748091436
2015,11,ESP.15.1_1,0.013,0.11333068359382575
2015,11,ESP.16.1_1,0,0.3014795016081357
2015,11,ESP.16.2_1,0,0
2015,11,ESP.16.3_1,0.002,0.04469897088298564
2015,11,ESP.17.1_1,0,0.28775302222878874
2015,11,ESP.18.1_1,0.321,0.46709439857182744
2015,11,ESP.2.1_1,0.071,0.25695335184625445
2015,11,ESP.2.2_1,0.002,0.04469897088298564
2015,11,ESP.2.3_1,0.007,0.08341437500789632
2015,11,ESP.3.1_1,0,0.30279974849343533
2015,11,ESP.4.1_1,0.003,0.05471740119919799
2015,11,ESP.4.2_1,0,0.35428310221702153
2015,11,ESP.4.3_1,0.002,0.04469897088298564
2015,11,ESP.4.4_1,0,0.3471606552023436
2015,11,ESP.4.5_1,0.007,0.08341437500789632
2015,11,ESP.5.1_1,0,0.32974646735443996
2015,11,ESP.5.2_1,0,0.30799165387857325
2015,11,ESP.5.3_1,0,0.30279974849343533
2015,11,ESP.5.4_1,0,0.33088439746304826
2015,11,ESP.5.5_1,0,0.3450725649411658
2015,11,ESP.5.6_1,0,0.31797028965786267
2015,11,ESP.5.7_1,0,0.32395052700056526
2015,11,ESP.5.8_1,0,0.32860155048170264
2015,11,ESP.5.9_1,0,0.32974646735443996
2015,11,ESP.6.1_1,0.259,0.4383048152953731
2015,11,ESP.6.2_1,0.264,0.4410198391212106
2015,11,ESP.6.3_1,0.021,0.14345584540052586
2015,11,ESP.6.4_1,0.081,0.27297163499805893
2015,11,ESP.7.1_1,0,0.34189456253630574
2015,11,ESP.7.2_1,0,0.36492351139542817
2015,11,ESP.8.1_1,0.005,0.07056897321046962
2015,11,ESP.9.1_1,0.001,0.03162277660168379
