year,month,gid_1,est,se
2014,08,ESP.10_1,0.429,0.49518098126261295
2014,08,ESP.6_1,0.603,0.4895208173618673
