year,month,gid_1,est,se
2016,09,ESP.10_1,0.977,0.1499783100768024
2016,09,ESP.6_1,0.939,0.239450070654273
