year,month,gid_1,est,se
2016,09,ESP.1_1,0.3317909192757274,0.4233580872170045
2016,09,ESP.10_1,0.9591455442931551,0.18656405065383774
2016,09,ESP.11_1,0,0.43459018822650297
2016,09,ESP.12_1,0,0.4282991848860076
2016,09,ESP.13_1,0.9859739217652959,0.1255401415147223
2016,09,ESP.14_1,0,0.4259623330532506
2016,09,ESP.15_1,0,0.1936952946246611
2016,09,ESP.16_1,0.06566091982728248,0.34620164635690587
2016,09,ESP.17_1,0,0.4399505853890669
2016,09,ESP.18_1,0.9278575727181545,0.26190659024702895
2016,09,ESP.2_1,0.2167303789917628,0.3964654031919034
2016,09,ESP.3_1,0,0.4285163125995386
2016,09,ESP.4_1,0.03983143451216874,0.26122567760764526
2016,09,ESP.5_1,0,0.44005714343562347
2016,09,ESP.6_1,0.8274099609554566,0.32560552026631273
2016,09,ESP.8_1,0.24949949849548647,0.43265797708061604
2016,09,ESP.9_1,0,0.15921765592665865
2016,09,ITA.1_1,0.05511033099297894,0.22809844380755748
2016,09,ITA.10_1,0.0941662333830534,0.2896223711398005
2016,09,ITA.13_1,0.08316649949849547,0.27602523439835724
2016,09,ITA.14_1,0.05706085692347063,0.23185071314005712
2016,09,ITA.15_1,0.11122266800401204,0.31429497912915877
2016,09,ITA.20_1,0.18036108324974923,0.384386611184826
2016,09,ITA.5_1,0.4211664120490398,0.4498666127900941
2016,09,ITA.6_1,0.08917853560682046,0.28489135127468024
2016,09,ITA.8_1,0.17034102306920762,0.3758275217556335
2016,09,ITA.9_1,0.08617251755265797,0.2805093855136324
