ID_0,est,se
ALB,0.9999795077184586,0.32452194761428066
ARE,0.10199999999999998,0.30279974849343533
AUT,0.9999938770281828,0.14722158735927018
BEL,0.7990782038454236,0.25839857488673035
BGR,0.006000000000000005,0.019316395189660083
CHE,0.985114156544,0.4749437690336071
CHN,0,0
COL,0.006000000000000005,0.07726558075864033
CZE,0.2081980000000001,0.29784064301677077
DEU,0.9999495479375325,0.3406541447860653
DNK,0.74,0.43885372573625553
ESP,1,0.15739502732316163
FRA,0.9684757964303661,0.2070086568665467
GBR,0.258,0.43775292989039793
GMB,0.402,0.4905472827736758
GRC,0.16863805600000004,0.1302666403525617
HRV,0.99949297152,0.28815945972111534
HUN,0.9634007869924885,0.05755269628046595
IND,0.999053527,0.04841942986407395
IRN,0,0
ITA,1,0.1597904630345339
MAR,0.929852,0.18294654802658428
MEX,0.0689320000000001,0.09449821589263689
NLD,1,0.33604098894902146
PAK,0,0
PER,0.19100000000000006,0.13109524683038395
POL,0.0050000000000000044,0.07056897321046962
PRT,0.9999926893295983,0.3257480110981461
ROU,0.535352,0.22876974391949834
RUS,0,0
SAU,0,0
SRB,1,0.16482807036106117
SVN,0,0
TUR,0.9641288376941793,0.27896835012018917
USA,0,0
UZB,0.999,0.03162277660168379
XKO,0.5645246962400001,0.35785718278016
