ID_0,est,se
ALB,0,0
ARG,0.025000000000000022,0.15620307103062794
AUT,0,0
BEL,0,0
BGR,0,0
CHN,0,0
DEU,0,0
DOM,0.017000000000000015,0.1293357171384909
ESP,0,0
FRA,0,0
GRC,0,0
GTM,0.019000000000000017,0.13659303663678343
HND,0.008000000000000007,0.08912880535463237
HRV,0,0
HUN,0,0
IND,0.024863999999999997,0.07282150749770776
ITA,0,0
MEX,0.7358337860881254,0.28754562714385457
NLD,0,0
PAK,0.021878999999999982,0.10435463521037236
PER,0.15175899999999998,0.26987373312686774
ROU,0,0
SRB,0,0
SVN,0,0
TUR,0,0
USA,0.006000000000000005,0.07726558075864033
VEN,0.01200000000000001,0.10893974420691407
XKO,0,0
