ID_1,est,se
ESP.1_1,0.06980648408309398,0.09313192853473502
ESP.10_1,0.029704960000000002,0.09920569332907109
ESP.11_1,0.02485000000000004,0.1105809050430974
ESP.12_1,0.025835000000000052,0.056491978717725086
ESP.13_1,0.013000000000000012,0.11333068359382575
ESP.14_1,0.016934000000000005,0.09081010798450635
ESP.15_1,0.01200000000000001,0.10893974420691407
ESP.16_1,0.01395500000000005,0.05501889543869297
ESP.17_1,0.007000000000000006,0.08341437500789632
ESP.18_1,0.01200000000000001,0.10893974420691407
ESP.2_1,0.018921999999999994,0.0635320881174887
ESP.3_1,0.009000000000000008,0.09448771310560929
ESP.4_1,0.03362040399999999,0.06335162818126983
ESP.5_1,0.03746339398100007,0.04309086383635558
ESP.6_1,0.04331256524800009,0.10237037058378355
ESP.7_1,0.08899999999999997,0.14244311159210205
ESP.8_1,0.014000000000000012,0.11754921445002436
ESP.9_1,0,0
