year,month,gid_1,est,se
2021,10,ESP.1_1,0.39784922834739106,0.4516250712572523
2021,10,ESP.10_1,0.7890180305416404,0.2826420777180553
2021,10,ESP.11_1,0,0.40749408070312726
2021,10,ESP.12_1,0,0.396957024333246
2021,10,ESP.13_1,0.48528779047692794,0.4999979939578732
2021,10,ESP.14_1,0,0.42732527832551054
2021,10,ESP.16_1,0.10738815254122085,0.2721374740421405
2021,10,ESP.17_1,0,0.3948536456173733
2021,10,ESP.18_1,0.43314943282238205,0.4956062465611664
2021,10,ESP.2_1,0.07388399309392119,0.24371081075780576
2021,10,ESP.3_1,0,0.3964021269953943
2021,10,ESP.4_1,0.0045664352646487385,0.312555579504167
2021,10,ESP.5_1,0,0.3999158892744047
2021,10,ESP.6_1,0.5427925645590622,0.46750079870923433
2021,10,ESP.7_1,0,0.42483805418352183
2021,10,ESP.8_1,0.02306119665489534,0.14997950991768114
2021,10,ESP.9_1,0.005013303620629422,0.07056953776903001
