year,month,gid_2,est,se
2019,04,ESP.1.1_1,0.142,0.34922479573758497
2019,04,ESP.1.2_1,0.004,0.06315051850925682
2019,04,ESP.1.3_1,0,0
2019,04,ESP.1.4_1,0.105,0.3067068128833611
2019,04,ESP.1.5_1,0,0.26830577330349786
2019,04,ESP.1.7_1,0.247,0.43148253403489834
2019,04,ESP.1.8_1,0,0
2019,04,ESP.10.1_1,0.435,0.4960050614873008
2019,04,ESP.10.2_1,0.194,0.39562674393994207
2019,04,ESP.10.3_1,0.169,0.3749394345485409
2019,04,ESP.11.1_1,0,0.41033202698835536
2019,04,ESP.11.2_1,0,0.40094857495663927
2019,04,ESP.12.1_1,0,0.4130939925085411
2019,04,ESP.12.2_1,0,0.41910219117375974
2019,04,ESP.12.4_1,0,0.4130939925085411
2019,04,ESP.13.1_1,0.663,0.4729214043101186
2019,04,ESP.14.1_1,0,0.402433787041984
2019,04,ESP.14.2_1,0,0.403903624814309
2019,04,ESP.15.1_1,0,0.04469897088298564
2019,04,ESP.16.1_1,0,0.10893974420691407
2019,04,ESP.16.2_1,0,0
2019,04,ESP.16.3_1,0,0.06315051850925682
2019,04,ESP.17.1_1,0,0.39090767299812473
2019,04,ESP.18.1_1,0.67,0.47044800065609943
2019,04,ESP.2.1_1,0,0
2019,04,ESP.2.2_1,0,0
2019,04,ESP.2.3_1,0,0
2019,04,ESP.3.1_1,0,0.3893013685508382
2019,04,ESP.4.1_1,0,0.04469897088298564
2019,04,ESP.4.2_1,0,0.07056897321046962
2019,04,ESP.4.3_1,0,0
2019,04,ESP.4.4_1,0,0.06315051850925682
2019,04,ESP.4.5_1,0,0
2019,04,ESP.5.1_1,0,0.403903624814309
2019,04,ESP.5.2_1,0,0.39485048677557294
2019,04,ESP.5.3_1,0,0.40020015012510946
2019,04,ESP.5.4_1,0,0.3986915536538929
2019,04,ESP.5.5_1,0,0.39716714584887525
2019,04,ESP.5.6_1,0,0.39485048677557294
2019,04,ESP.5.8_1,0,0.39485048677557294
2019,04,ESP.5.9_1,0,0.3932857404911519
2019,04,ESP.6.1_1,0.391,0.4882185549089233
2019,04,ESP.6.2_1,0.219,0.41377555535605315
2019,04,ESP.6.3_1,0.087,0.2819760814510878
2019,04,ESP.6.4_1,0.152,0.3592005359475749
2019,04,ESP.8.1_1,0,0.04469897088298564
2019,04,ESP.9.1_1,0,0.03162277660168379
