year,month,gid_2,est,se
2019,04,ESP.10.1_1,1,0
2019,04,ESP.10.2_1,0.597,0.4907461989988632
2019,04,ESP.10.3_1,0.998,0.04469897088298564
