year,month,gid_1,est,se
2018,02,AND.2_1,0,0.1499783100768024
2018,02,AND.3_1,0,0.13301764429463367
2018,02,AND.4_1,0,0.1293357171384909
2018,02,AUT.9_1,0,0.14007005254378832
2018,02,DEU.1_1,0,0.16505527329729044
2018,02,DEU.2_1,0,0.12349506070679321
2018,02,DEU.3_1,0,0.11754921445002436
2018,02,ESP.1_1,0,0.08050908385542893
2018,02,ESP.10_1,0,0.14068741730866208
2018,02,ESP.11_1,0,0.15921478998305827
2018,02,ESP.12_1,0,0.14696325508938027
2018,02,ESP.13_1,0,0.20740785428237288
2018,02,ESP.14_1,0,0.14191569481871424
2018,02,ESP.15_1,0,0.09448771310560929
2018,02,ESP.16_1,0,0.0995485304256668
2018,02,ESP.17_1,0,0.12553788177183714
2018,02,ESP.18_1,0,0.14345584540052586
2018,02,ESP.2_1,0,0.0914235724984379
2018,02,ESP.3_1,0,0.15312559370479986
2018,02,ESP.4_1,0,0.1015956398500686
2018,02,ESP.5_1,0,0.1294538970805929
2018,02,ESP.6_1,0.010776799137213798,0.09178882044784735
2018,02,ESP.8_1,0,0.08912880535463236
2018,02,EST.1_1,0,0.12553788177183714
2018,02,FRA.11_1,0.008091858037578288,0.08912880535463237
2018,02,FRA.12_1,0,0.14345584540052586
2018,02,FRA.8_1,0,0.11333068359382575
2018,02,GBR.1_1,0,0.1351026174106507
2018,02,IRL.6_1,0,0.13082781035065985
2018,02,ITA.10_1,0,0.09200296130031624
2018,02,ITA.2_1,0,0.14007005254378832
2018,02,ITA.6_1,0,0.1467567291047928
2018,02,ITA.8_1,0,0.07726558075864033
2018,02,MLT.3_1,0,0.13539545898785546
2018,02,POL.12_1,0,0.1453832593515872
2018,02,PRT.15_1,0,0.12553788177183714
2018,02,RUS.43_1,0,0.1372098496117839
2018,02,SVN.1_1,0,0.14345584540052586
2018,02,TUR.41_1,0,0.13659303663678343
