year,month,gid_1,est,se
2018,02,ESP.10_1,0.937,0.24308453280719053
2018,02,ESP.6_1,0.979,0.14345584540052586
