ID_1,est,se
ESP.1_1,0.027812999999999977,0.029211294043607908
ESP.10_1,0,0
ESP.11_1,0,0
ESP.12_1,0,0
ESP.13_1,0,0
ESP.14_1,0,0
ESP.15_1,0,0
ESP.16_1,0.0010000000000000009,0.010540925533894597
ESP.17_1,0,0
ESP.18_1,0.016000000000000014,0.12553788177183714
ESP.2_1,0,0
ESP.3_1,0,0
ESP.4_1,0.0010000000000000009,0.006324555320336758
ESP.5_1,0,0
ESP.6_1,0.050000000000000044,0.054513500362036206
ESP.7_1,0,0
ESP.8_1,0,0
ESP.9_1,0.009000000000000008,0.09448771310560929
