year,month,gid_1,est,se
2018,02,ESP.1_1,0,0.038166630386774716
2018,02,ESP.10_1,0,0.10861441937605763
2018,02,ESP.11_1,0,0.2988114594326802
2018,02,ESP.12_1,0,0.29219965007532805
2018,02,ESP.13_1,0,0.3749394345485409
2018,02,ESP.14_1,0,0.31619308707302785
2018,02,ESP.15_1,0,0
2018,02,ESP.16_1,0,0
2018,02,ESP.17_1,0,0.30541328929383094
2018,02,ESP.18_1,0,0.4953234754636059
2018,02,ESP.2_1,0,0
2018,02,ESP.3_1,0,0.29197474077263813
2018,02,ESP.4_1,0,0
2018,02,ESP.5_1,0,0.32437793977744067
2018,02,ESP.6_1,0.012047112964374449,0.0685121948691006
2018,02,ESP.8_1,0,0.03162277660168379
2018,02,ITA.10_1,0,0
2018,02,ITA.2_1,0,0.13301764429463367
2018,02,ITA.6_1,0,0.2029585972364615
2018,02,ITA.8_1,0,0
