year,month,gid_1,est,se
2017,01,ESP.1_1,0.07194553390321778,0.18625974655928493
2017,01,ESP.10_1,0.23977162725906903,0.41168467610577647
2017,01,ESP.12_1,0,0.3355122375390873
2017,01,ESP.13_1,0.34528623515573126,0.4749499751410586
2017,01,ESP.14_1,0,0.40068280066251927
2017,01,ESP.15_1,0.0030199962258518767,0.0547175106343287
2017,01,ESP.16_1,0.0022926067486710305,0.17569373959116028
2017,01,ESP.17_1,0,0.3386608177148466
2017,01,ESP.18_1,0.24965302133708842,0.4320687785716533
2017,01,ESP.2_1,0.042644473566209005,0.1566040502263697
2017,01,ESP.3_1,0,0.29881205705739194
2017,01,ESP.4_1,0.0030199962258518767,0.05471751063432869
2017,01,ESP.5_1,0,0.34196551640769035
2017,01,ESP.6_1,0.26767836567345454,0.40917891442872817
2017,01,ESP.8_1,0.005033327043086461,0.07056911434883946
2017,01,ESP.9_1,0.0020133308172345845,0.0446990602811956
