year,month,gid_1,est,se
2017,01,AND.2_1,0,0.32277019209116536
2017,01,AND.4_1,0,0.3167518471268352
2017,01,AND.5_1,0,0.31918221188846735
2017,01,BEL.2_1,0,0.328431831757415
2017,01,BGR.10_1,0,0.30411158054059234
2017,01,BGR.5_1,0,0
2017,01,DEU.1_1,0,0.15312589995690604
2017,01,DEU.13_1,0,0.2908747471323349
2017,01,DEU.2_1,0,0.30926853903163765
2017,01,DEU.6_1,0,0.30926853903163765
2017,01,ESP.1_1,4.653583266775436e-4,0.006567984993698433
2017,01,ESP.10_1,0,0
2017,01,ESP.12_1,0,0.3098031504468912
2017,01,ESP.13_1,0,0.09954872952332497
2017,01,ESP.14_1,0,0.3061190190400985
2017,01,ESP.15_1,0,0
2017,01,ESP.16_1,0,0
2017,01,ESP.17_1,0,0.2891711501852079
2017,01,ESP.18_1,0.014,0.11754944954915857
2017,01,ESP.2_1,0,0
2017,01,ESP.3_1,0,0.2933622424694124
2017,01,ESP.4_1,0,0
2017,01,ESP.5_1,0,0.32564777687186053
2017,01,ESP.6_1,0.02110166102773457,0.08845307934606782
2017,01,ESP.8_1,0,0.03162283984742673
2017,01,ESP.9_1,0,0
2017,01,FRA.11_1,0,0.3798793838288999
2017,01,FRA.8_1,0,0.30260600004639954
2017,01,FRA.9_1,0,0.2961064494312751
2017,01,GRC.3_1,0,0
2017,01,HUN.18_1,0,0
2017,01,ITA.10_1,0,0
2017,01,ITA.20_1,0,0
2017,01,ITA.8_1,0,0
2017,01,PRT.15_1,0,0.3074969558026554
2017,01,PRT.16_1,0,0.3001507128958582
2017,01,PRT.6_1,0,0.2961064494312751
2017,01,ROU.18_1,0,0.3512661112873132
