year,month,gid_1,est,se
2017,01,ESP.10_1,0,0
2017,01,ESP.2_1,0,0
2017,01,ESP.6_1,0.02401289525922029,0.24752666801600545
