year,month,gid_1,est,se
2017,01,ESP.1_1,1.8614333067101745e-4,0.004160207658862889
2017,01,ESP.10_1,0,0
2017,01,ESP.12_1,0,0.30568598213744436
2017,01,ESP.13_1,0,0.11754921445002436
2017,01,ESP.14_1,0,0.30701673216345754
2017,01,ESP.15_1,0,0
2017,01,ESP.16_1,0,0
2017,01,ESP.17_1,0,0.28343665312788385
2017,01,ESP.18_1,0.022,0.1467567291047928
2017,01,ESP.2_1,0,0
2017,01,ESP.3_1,0,0.32395052700056526
2017,01,ESP.4_1,0,0
2017,01,ESP.5_1,0,0.3173484016221887
2017,01,ESP.6_1,0.019456896904935003,0.08422340370529524
2017,01,ESP.8_1,0,0
2017,01,ESP.9_1,0,0
2017,01,ITA.10_1,0,0
2017,01,ITA.20_1,0,0
2017,01,ITA.8_1,0,0
