year,month,gid_1,est,se
2017,01,ESP.1_1,0.06487752263948698,0.2070345483851457
2017,01,ESP.10_1,0.2399498256107997,0.4151503688283718
2017,01,ESP.11_1,0,0.35879201584884357
2017,01,ESP.12_1,0,0.3307983385480498
2017,01,ESP.13_1,0.3198789101917255,0.46554025360620294
2017,01,ESP.14_1,0,0.4031935956481047
2017,01,ESP.15_1,0,0
2017,01,ESP.16_1,0.0029473053668999825,0.18007476291136487
2017,01,ESP.17_1,0,0.32744957355785825
2017,01,ESP.18_1,0.2704339051463168,0.4431392245924213
2017,01,ESP.2_1,0.03519695736791013,0.14966843490785564
2017,01,ESP.3_1,0,0.3251241389157466
2017,01,ESP.4_1,0.002671341944459999,0.17472997627309292
2017,01,ESP.5_1,0,0.34239988529652576
2017,01,ESP.6_1,0.26754933104873985,0.4171978986257372
2017,01,ESP.7_1,0,0.3732626719865059
2017,01,ESP.8_1,0,0
2017,01,ESP.9_1,0.0030272452068617556,0.05471740119919799
