year,month,gid_1,est,se
2017,01,ESP.10_1,0.997,0.05471740119919799
2017,01,ESP.10_1,0.997,0.05471740119919799
