year,month,gid_1,est,se
2014,10,ESP.10_1,0.405,0.4911376754192415
2014,10,ESP.6_1,0.599,0.4903462444430868
