year,month,gid_2,se,est
2026,08,ALA.1.1_2,0.05254736359821453,0.6797930346289212
2026,08,ALA.1.2_2,0.05271975384040053,0.6988972885294997
2026,08,ALA.2.1_2,0.05166728623151182,0.6113361248185145
2026,08,ALA.2.2_2,0.05086600336926171,0.5667595323838311
2026,08,ALA.2.3_2,0.051954808129827564,0.630440378719093
2026,08,ALA.2.4_2,0.05226828390190169,0.6543206960948162
2026,08,ALA.2.5_2,0.05212829201092069,0.6431765479861455
2026,08,ALA.2.6_2,0.052928802133726506,0.7291456905387492
2026,08,ALA.2.7_2,0.051402311689494384,0.595415913234699
2026,08,ALA.2.8_2,0.05210739615153474,0.641584526827764
2026,08,ALA.3.1_2,0.05224895601103845,0.6527286749364346
2026,08,ALB.1.1_1,0.14947168687760504,0.36640080641143
2026,08,ALB.1.2_1,0.0753237330175259,0.36351321866870695
2026,08,ALB.1.3_1,0.13764918668026227,0.37445652029789084
2026,08,ALB.10.1_1,0.12173010587988757,0.4431930628894567
2026,08,ALB.10.2_1,0.1356103994786539,0.35916730393057594
2026,08,ALB.10.3_1,0.1914071202152391,0.47095093614177613
2026,08,ALB.11.1_1,0.1539106948904559,0.5526825452790964
2026,08,ALB.11.2_1,0.20147499249163392,0.46228642939741377
2026,08,ALB.12.1_1,0.09647997192410214,0.5166174682273784
2026,08,ALB.12.2_1,0.13644663457711997,0.5281513746136794
2026,08,ALB.12.3_1,0.16709153158942422,0.4619307908465184
2026,08,ALB.2.1_1,0.1250893242615904,0.39346960123081964
2026,08,ALB.2.2_1,0.163199426725463,0.3434070971319522
2026,08,ALB.2.3_1,0.15919813287060136,0.3931872904619633
2026,08,ALB.3.1_1,0.15933836126456735,0.6388322325282996
2026,08,ALB.3.2_1,0.11677158800687516,0.5019143614283512
2026,08,ALB.4.1_1,0.08849430528298909,0.077477960868732
2026,08,ALB.4.2_1,0.09909591386242024,0.2116116202006805
2026,08,ALB.4.3_1,0.09124856960867626,0.18997939618896753
2026,08,ALB.4.4_1,0.08940179310332062,0.2812517106722236
2026,08,ALB.5.1_1,0.18529880613924077,0.4171473539190257
2026,08,ALB.5.2_1,0.18145927946416188,0.42991148600358753
2026,08,ALB.5.3_1,0.13173708761953665,0.38453008800647887
2026,08,ALB.6.1_1,0.09223703228725777,0.15521091717942093
2026,08,ALB.6.2_1,0.08834484429833496,0.18788961928607106
2026,08,ALB.6.3_1,0.10010846726113788,0.21978900603880716
2026,08,ALB.7.1_1,0.09969286224963085,0.39870721933041114
2026,08,ALB.7.2_1,0.12474262751251053,0.38887925724317113
2026,08,ALB.7.3_1,0.18382690643759614,0.4061345232003907
2026,08,ALB.7.4_1,0.13604743111638962,0.4244940844587813
2026,08,ALB.8.1_1,0.08001338242365047,0.2906958013408937
2026,08,ALB.8.2_1,0.15780365629234508,0.31085569136756747
2026,08,ALB.8.3_1,0.12433638912645421,0.38583233747287166
2026,08,ALB.9.1_1,0.09431174404713563,0.47889726978140623
2026,08,ALB.9.2_1,0.14822633519718145,0.47602847472953064
2026,08,ALB.9.3_1,0.11516471963482154,0.3725198419142153
2026,08,ALB.9.4_1,0.046884176210791065,0.4218856069711103
2026,08,AND.2_1,0.04805575406133186,0.45691007245550425
2026,08,AND.6_1,0.04775043014811539,0.44735794550521507
2026,08,ARM.10_1,0.051346515286048326,0.5922318709179359
2026,08,ARM.11_1,0.04665542564230543,0.4155175223375841
2026,08,ARM.1_1,0.04759383271289589,0.44258188203007043
2026,08,ARM.2_1,0.04436104757345779,0.3582047606358485
2026,08,ARM.3_1,0.04167532477341071,0.3024840200924941
2026,08,ARM.4_1,0.04349475120062014,0.33910050673526954
2026,08,ARM.5_1,0.05212829201092069,0.6431765479861455
2026,08,ARM.6_1,0.051564086240614065,0.6049680401849883
2026,08,ARM.7_1,0.05244933821533736,0.6702409076786319
2026,08,ARM.8_1,0.05181516721792836,0.6208882517688037
2026,08,ARM.9_1,0.04955518805263981,0.5094467706820953
2026,08,AUT.1.1_2,0.21289634915414166,0.4008421424278458
2026,08,AUT.1.2_2,0.09766418190243806,0.37391642075372866
2026,08,AUT.1.3_2,0.34183351767434966,0.41687257195617655
2026,08,AUT.1.4_2,0.2548306539898831,0.40066618954329286
2026,08,AUT.1.5_2,0.2039774304060167,0.4045377922837273
2026,08,AUT.1.6_2,0.22879567368859308,0.3704226636148101
2026,08,AUT.1.7_2,0.3592633808987816,0.41778157541812594
2026,08,AUT.1.8_2,0.44168989553124893,0.4547182722680207
2026,08,AUT.1.9_2,0.04450024054800256,0.36138880295261144
2026,08,AUT.2.10_2,0.18723328588213214,0.5314606775977518
2026,08,AUT.2.1_2,0.18217910177438623,0.6460242935017672
2026,08,AUT.2.2_2,0.23190907706434608,0.7520166016137799
2026,08,AUT.2.3_2,0.5016859171290698,0.6201308382464168
2026,08,AUT.2.4_2,0.2503675413918369,0.6231385363467735
2026,08,AUT.2.5_2,0.14875871664238263,0.590757004187305
2026,08,AUT.2.6_2,0.17920383355011243,0.7394419051678509
2026,08,AUT.2.7_2,0.45188837007423116,0.7005252190851482
2026,08,AUT.2.8_2,0.21205079023495582,0.7131109452265095
2026,08,AUT.2.9_2,0.08662555178980286,0.1974220557218944
2026,08,AUT.3.10_2,0.21998593795651775,0.445983731104088
2026,08,AUT.3.11_2,0.15966400988876728,0.5297411393820108
2026,08,AUT.3.12_2,0.7668014788090718,0.48553277564814623
2026,08,AUT.3.13_2,0.33194631571252875,0.40110091076301063
2026,08,AUT.3.14_2,0.2383594517384963,0.42059037724640386
2026,08,AUT.3.15_2,0.0832592739028054,0.5024156280719265
2026,08,AUT.3.16_2,0.8738537115229593,0.4535362442275689
2026,08,AUT.3.17_2,0.30020565615698735,0.46269074530882565
2026,08,AUT.3.18_2,0.45351614099269727,0.5831167228696583
2026,08,AUT.3.19_2,0.548306067612067,0.4136723432501258
2026,08,AUT.3.1_2,0.561621695789,0.537716842848293
2026,08,AUT.3.20_2,0.1678215703544848,0.46578369725760316
2026,08,AUT.3.21_2,0.15563712217166753,0.5716003736347371
2026,08,AUT.3.22_2,0.16021244823658723,0.4557808870209397
2026,08,AUT.3.24_2,0.16066987053149331,0.5379895410373569
2026,08,AUT.3.2_2,0.3692159693485019,0.4460103871643572
2026,08,AUT.3.3_2,0.3445858171596915,0.39467337099472527
2026,08,AUT.3.4_2,0.391994988903817,0.4024153489634401
2026,08,AUT.3.5_2,0.2427668280474933,0.5080977224545836
2026,08,AUT.3.6_2,0.23782715728646195,0.41740256485312366
2026,08,AUT.3.7_2,0.09142945526545597,0.4277568527321726
2026,08,AUT.3.8_2,0.4239360188953084,0.3969800011146245
2026,08,AUT.3.9_2,0.04600026346131408,0.39800528959538706
2026,08,AUT.4.10_2,0.08254206061971918,0.4883310832669575
2026,08,AUT.4.11_2,0.4299685875009594,0.5170859322347264
2026,08,AUT.4.12_2,0.04642165841459676,0.40914943770405793
2026,08,AUT.4.13_2,0.23436117751635252,0.5649093574631993
2026,08,AUT.4.15_2,0.3723966928489121,0.4833969113794299
2026,08,AUT.4.16_2,0.47959624372557086,0.6113415468551296
2026,08,AUT.4.17_2,0.39174507123475655,0.5082927215783264
2026,08,AUT.4.18_2,0.11343432416506735,0.4516744752889805
2026,08,AUT.4.1_2,0.06943181694839842,0.537392911326074
2026,08,AUT.4.2_2,0.2567422250402018,0.48095235778331746
2026,08,AUT.4.3_2,0.40631151984535785,0.4954319467076608
2026,08,AUT.4.4_2,0.4727012738341843,0.6558512449406209
2026,08,AUT.4.5_2,0.18857926807345216,0.49001994203259713
2026,08,AUT.4.6_2,0.16475853429563128,0.5988818641325071
2026,08,AUT.4.7_2,0.41244381077289655,0.4784087874215271
2026,08,AUT.4.8_2,0.17114359949921684,0.4391313340156518
2026,08,AUT.4.9_2,0.3489541217832101,0.4731958686673858
2026,08,AUT.5.1_2,0.12756865295619685,0.7508251120893321
2026,08,AUT.5.2_2,0.21449806609697544,0.6577923760926376
2026,08,AUT.5.3_2,0.07299741791322745,0.6641516906651959
2026,08,AUT.5.4_2,0.08990336179248964,0.7157518512320532
2026,08,AUT.5.6_2,0.15497706539590453,0.7238147615246898
2026,08,AUT.6.10_2,0.11367294616669639,0.6503470798116904
2026,08,AUT.6.11_2,0.20947666759367012,0.3439769716236439
2026,08,AUT.6.12_2,0.4142751344158036,0.5976375425811027
2026,08,AUT.6.13_2,0.1628225661637075,0.48498408822769806
2026,08,AUT.6.1_2,0.11152857239232236,0.5967532242137903
2026,08,AUT.6.2_2,0.6441009212941826,0.5441048873371325
2026,08,AUT.6.3_2,0.5519651435643874,0.5229853085263101
2026,08,AUT.6.4_2,0.2508170597718276,0.4999839724772943
2026,08,AUT.6.5_2,0.18530812423686446,0.46154214697864077
2026,08,AUT.6.6_2,0.6127325803605823,0.48743893429544455
2026,08,AUT.6.7_2,0.12226871181773523,0.6017386715958324
2026,08,AUT.6.8_2,0.17101344746571093,0.7237598083714225
2026,08,AUT.7.1_2,0.10331147136418978,0.7049809997925102
2026,08,AUT.7.2_2,0.1942266874935891,0.7512859324650566
2026,08,AUT.7.3_2,0.1269785037883116,0.729729110794937
2026,08,AUT.7.4_2,0.08855052707656133,0.6532502166979777
2026,08,AUT.7.5_2,0.11552350510313893,0.707932996905639
2026,08,AUT.7.6_2,0.12262065473437064,0.6105462331155809
2026,08,AUT.7.7_2,0.41157936042843474,0.8041025116251583
2026,08,AUT.7.8_2,0.07261866816629073,0.6491351313053203
2026,08,AUT.7.9_2,0.07208826905306162,0.6213403227883544
2026,08,AUT.8.1_2,0.27483584382242987,0.6860991161916984
2026,08,AUT.8.2_2,0.2273737138818981,0.6731357990195393
2026,08,AUT.8.3_2,0.10152746205243547,0.6375363643320967
2026,08,AUT.8.4_2,0.1897398252075235,0.657777306628769
2026,08,AUT.9.1_2,0.42333201807741805,0.4166813785113706
2026,08,AZE.1.1_1,0.04456929420520397,0.36298082411099314
2026,08,AZE.1.2_1,0.04775043014811539,0.44735794550521507
2026,08,AZE.1.3_1,0.0494310306806891,0.5046707072069508
2026,08,AZE.1.4_1,0.04775043014811539,0.44735794550521507
2026,08,AZE.10.10_1,0.04659745706877908,0.41392550117920257
2026,08,AZE.10.1_1,0.04630286987281288,0.4059653953872948
2026,08,AZE.10.2_1,0,0
2026,08,AZE.10.3_1,0.044430825569473094,0.35979678179422986
2026,08,AZE.10.4_1,0,0
2026,08,AZE.10.5_1,0,0
2026,08,AZE.10.6_1,0,0
2026,08,AZE.10.7_1,0.04436104757345779,0.3582047606358485
2026,08,AZE.10.8_1,0,0
2026,08,AZE.10.9_1,0,0
2026,08,AZE.2.10_1,0.03904393683112971,0.2563154064994293
2026,08,AZE.2.11_1,0.04326959956174681,0.3343244432601252
2026,08,AZE.2.12_1,0.04844681708178188,0.4696462417225566
2026,08,AZE.2.13_1,0.041076767151203744,0.2913398719838234
2026,08,AZE.2.14_1,0.042572690882333904,0.3199962528346913
2026,08,AZE.2.15_1,0.043934658739576096,0.34865263368555904
2026,08,AZE.2.16_1,0.04045569093321524,0.2801957238751524
2026,08,AZE.2.17_1,0.042730390594849225,0.3231802951514544
2026,08,AZE.2.18_1,0.04167532477341071,0.3024840200924941
2026,08,AZE.2.19_1,0.03981104222245542,0.2690515757664817
2026,08,AZE.2.1_1,0.04125003787061803,0.2945239143005865
2026,08,AZE.2.2_1,0.04063549860122299,0.28337976619191546
2026,08,AZE.2.3_1,0.0449761209892563,0.37253295106128226
2026,08,AZE.2.4_1,0.04116363076094505,0.2929318931422048
2026,08,AZE.2.5_1,0.04090165878250119,0.2881558296670603
2026,08,AZE.2.6_1,0.04378954483371724,0.3454685913687961
2026,08,AZE.2.7_1,0.04296388489868826,0.3279563586265989
2026,08,AZE.2.8_1,0.040182364544853626,0.2754196604000079
2026,08,AZE.2.9_1,0.0394316447850882,0.2626834911329555
2026,08,AZE.3.1_1,0.04349475120062014,0.33910050673526954
2026,08,AZE.3.2_1,0.04732691674675229,0.4346217762381627
2026,08,AZE.3.3_1,0.04378954483371724,0.3454685913687961
2026,08,AZE.3.4_1,0.04524031781788012,0.3789010356948085
2026,08,AZE.4.10_1,0.048253552815115175,0.4632781570890304
2026,08,AZE.4.11_1,0.05114379821018257,0.5810877228092651
2026,08,AZE.4.1_1,0.044637988217937796,0.36457284526937467
2026,08,AZE.4.2_1,0.05271975384040053,0.6988972885294997
2026,08,AZE.4.3_1,0.052679601332160875,0.6941212250543549
2026,08,AZE.4.4_1,0.05006621000980004,0.5301430457410556
2026,08,AZE.4.5_1,0.04805575406133186,0.45691007245550425
2026,08,AZE.4.6_1,0.04780204312044206,0.44894996666359666
2026,08,AZE.4.7_1,0.04549901228029032,0.3852691203283345
2026,08,AZE.4.8_1,0.048253552815115175,0.4632781570890304
2026,08,AZE.4.9_1,0.04288645786391269,0.3263643374682173
2026,08,AZE.5.1_1,0.05197728521735732,0.6320323998774745
2026,08,AZE.5.2_1,0,0
2026,08,AZE.5.3_1,0.051083743047143124,0.577903680492502
2026,08,AZE.5.4_1,0.04510891319464406,0.37571699337804537
2026,08,AZE.5.5_1,0.04568947849813677,0.3900451838034793
2026,08,AZE.6.1_1,0.0501037268453455,0.5317350668994371
2026,08,AZE.6.2_1,0.04642165841459676,0.40914943770405793
2026,08,AZE.6.3_1,0.051083743047143124,0.577903680492502
2026,08,AZE.6.4_1,0.0494310306806891,0.5046707072069508
2026,08,AZE.6.5_1,0.050140990535841826,0.5333270880578186
2026,08,AZE.6.6_1,0.04938911853211241,0.5030786860485692
2026,08,AZE.6.7_1,0.050140990535841826,0.5333270880578186
2026,08,AZE.7.1_1,0.04063549860122299,0.28337976619191546
2026,08,AZE.7.2_1,0.0392388448952786,0.2594994488161924
2026,08,AZE.7.3_1,0.039716958860551696,0.26745955460810017
2026,08,AZE.7.4_1,0.04530550356419647,0.38049305685318985
2026,08,AZE.7.5_1,0.04192519631739169,0.3072600835676389
2026,08,AZE.7.6_1,0.039527263818032975,0.26427551229133706
2026,08,AZE.7.7_1,0.04450024054800256,0.36138880295261144
2026,08,AZE.7_1,0.04192519631739169,0.3072600835676389
2026,08,AZE.8.1_1,0.0501037268453455,0.5317350668994371
2026,08,AZE.8.2_1,0.05153770651999937,0.6033760190266068
2026,08,AZE.8.3_1,0.05265174428485731,0.6909371827375919
2026,08,AZE.8.4_1,0.04805575406133186,0.45691007245550425
2026,08,AZE.8.5_1,0.0497170711293673,0.5158148553156215
2026,08,AZE.9.1_1,0.04844681708178188,0.4696462417225566
2026,08,AZE.9.2_1,0.04858882212193265,0.47442230519770145
2026,08,AZE.9.3_1,0.047698524728195545,0.44576592434683354
2026,08,AZE.9.4_1,0.04716317079588728,0.42984571276301803
2026,08,AZE.9.5_1,0.04543484933743066,0.38367709916995313
2026,08,AZE.9.6_1,0.04738089660732755,0.43621379739654426
2026,08,AZE.9.7_1,0.05080162133682958,0.5635754900670682
2026,08,BEL.1.1_1,0.08570091467634601,0.5616058591864614
2026,08,BEL.2.1_1,0.38755885620062214,0.5617265941788382
2026,08,BEL.2.2_1,0.24657338108491827,0.538176087699172
2026,08,BEL.2.3_1,0.295607318588127,0.5821418569219802
2026,08,BEL.2.4_1,0.12034634841354971,0.5628067932685111
2026,08,BEL.2.5_1,0.24762235356370163,0.5955899193947213
2026,08,BEL.3.1_1,0.10989320773693431,0.5592806799687674
2026,08,BEL.3.2_1,0.22801118770587916,0.548836242380756
2026,08,BEL.3.3_1,0.38044686353438717,0.5386354966431697
2026,08,BEL.3.4_1,0.2738606848317962,0.5119772233524762
2026,08,BEL.3.5_1,0.28681877072763573,0.5448361191552513
2026,08,BGR.1.10_1,0.047052491029430696,0.42666167044625497
2026,08,BGR.1.11_1,0.04987480852724417,0.5221829399491479
2026,08,BGR.1.12_1,0.04524031781788012,0.3789010356948085
2026,08,BGR.1.13_1,0.04612227833992239,0.40118933191215017
2026,08,BGR.1.14_1,0.047052491029430696,0.42666167044625497
2026,08,BGR.1.1_1,0.047955136767743684,0.4537260301387413
2026,08,BGR.1.2_1,0.04904424897846883,0.4903425167815169
2026,08,BGR.1.3_1,0.04386229044539485,0.3470606125271773
2026,08,BGR.1.4_1,0.050287525045012965,0.5396951726913448
2026,08,BGR.1.5_1,0.04967699058299391,0.5142228341572402
2026,08,BGR.1.6_1,0.047955136767743684,0.4537260301387413
2026,08,BGR.1.7_1,0.04677042337059844,0.4187015646543472
2026,08,BGR.1.8_1,0.046061433806932194,0.3995973107537686
2026,08,BGR.1.9_1,0.04694058862995259,0.42347762812949186
2026,08,BGR.10.10_1,0,0
2026,08,BGR.10.11_1,0,0
2026,08,BGR.10.1_1,0,0
2026,08,BGR.10.2_1,0,0
2026,08,BGR.10.3_1,0,0
2026,08,BGR.10.4_1,0,0
2026,08,BGR.10.5_1,0,0
2026,08,BGR.10.6_1,0,0
2026,08,BGR.10.7_1,0,0
2026,08,BGR.10.8_1,0,0
2026,08,BGR.10.9_1,0,0
2026,08,BGR.11.10_1,0.04642165841459676,0.40914943770405793
2026,08,BGR.11.11_1,0.04775043014811539,0.44735794550521507
2026,08,BGR.11.1_1,0.04854176575735198,0.4728302840393197
2026,08,BGR.11.2_1,0.04510891319464406,0.37571699337804537
2026,08,BGR.11.3_1,0.0461827983480315,0.4027813530705317
2026,08,BGR.11.4_1,0.04386229044539485,0.3470606125271773
2026,08,BGR.11.5_1,0.04636242389772862,0.40755741654567634
2026,08,BGR.11.6_1,0.04450024054800256,0.36138880295261144
2026,08,BGR.11.7_1,0.046539173797603216,0.412333480020821
2026,08,BGR.11.8_1,0.04759383271289589,0.44258188203007043
2026,08,BGR.11.9_1,0.04349475120062014,0.33910050673526954
2026,08,BGR.12.1_1,0,0
2026,08,BGR.12.2_1,0,0
2026,08,BGR.12.3_1,0.04721805488219425,0.4314377339213996
2026,08,BGR.12.4_1,0,0
2026,08,BGR.12.5_1,0.04732691674675229,0.4346217762381627
2026,08,BGR.12.6_1,0,0
2026,08,BGR.13.10_1,0,0
2026,08,BGR.13.11_1,0,0
2026,08,BGR.13.1_1,0.04378954483371724,0.3454685913687961
2026,08,BGR.13.2_1,0,0
2026,08,BGR.13.3_1,0,0
2026,08,BGR.13.4_1,0,0
2026,08,BGR.13.5_1,0.04265174592133566,0.3215882739930728
2026,08,BGR.13.6_1,0,0
2026,08,BGR.13.7_1,0,0
2026,08,BGR.13.8_1,0,0
2026,08,BGR.13.9_1,0.04280862716454913,0.3247723163098356
2026,08,BGR.14.10_1,0.04436104757345779,0.3582047606358485
2026,08,BGR.14.11_1,0.043040910447353406,0.3295483797849804
2026,08,BGR.14.12_1,0.04098944413919014,0.2897478508254417
2026,08,BGR.14.13_1,0.04414951822333112,0.3534286971607037
2026,08,BGR.14.14_1,0.04319376566658885,0.3327324221017437
2026,08,BGR.14.15_1,0.044430825569473094,0.35979678179422986
2026,08,BGR.14.16_1,0.04249322318749342,0.3184042316763096
2026,08,BGR.14.1_1,0.04612227833992239,0.40118933191215017
2026,08,BGR.14.2_1,0.04356902514489777,0.3406925278936513
2026,08,BGR.14.3_1,0.04648057464495373,0.41074145886243946
2026,08,BGR.14.4_1,0.04371642002093581,0.3438765702104142
2026,08,BGR.14.5_1,0.04716317079588728,0.42984571276301803
2026,08,BGR.14.6_1,0.04378954483371724,0.3454685913687961
2026,08,BGR.14.7_1,0.0483022918419774,0.46487017824741195
2026,08,BGR.14.8_1,0.0392388448952786,0.2594994488161924
2026,08,BGR.14.9_1,0.04319376566658885,0.3327324221017437
2026,08,BGR.15.1_1,0,0
2026,08,BGR.15.2_1,0,0
2026,08,BGR.15.3_1,0,0
2026,08,BGR.15.4_1,0,0
2026,08,BGR.15.5_1,0,0
2026,08,BGR.15.6_1,0,0
2026,08,BGR.15.7_1,0,0
2026,08,BGR.16.1_1,0.04456929420520397,0.36298082411099314
2026,08,BGR.16.2_1,0,0
2026,08,BGR.16.3_1,0,0
2026,08,BGR.16.4_1,0,0
2026,08,BGR.16.5_1,0.04470632424405152,0.36616486642775586
2026,08,BGR.16.6_1,0.044220395646106976,0.3550207183190852
2026,08,BGR.16.7_1,0.043420090292464256,0.3375084855768882
2026,08,BGR.16.8_1,0,0
2026,08,BGR.17.10_1,0,0
2026,08,BGR.17.1_1,0,0
2026,08,BGR.17.2_1,0.04648057464495373,0.41074145886243946
2026,08,BGR.17.3_1,0.04877427985491362,0.4807903898312276
2026,08,BGR.17.4_1,0.04682745483236697,0.42029358581272874
2026,08,BGR.17.5_1,0.04716317079588728,0.42984571276301803
2026,08,BGR.17.6_1,0,0
2026,08,BGR.17.7_1,0.04630286987281288,0.4059653953872948
2026,08,BGR.17.8_1,0.04844681708178188,0.4696462417225566
2026,08,BGR.17.9_1,0.04868210294483532,0.47760634751446457
2026,08,BGR.18.1_1,0.04537034691538987,0.38208507801157154
2026,08,BGR.18.2_1,0.0449761209892563,0.37253295106128226
2026,08,BGR.18.3_1,0,0
2026,08,BGR.18.4_1,0.04648057464495373,0.41074145886243946
2026,08,BGR.18.5_1,0.04677042337059844,0.4187015646543472
2026,08,BGR.18.6_1,0,0
2026,08,BGR.18.7_1,0.044430825569473094,0.35979678179422986
2026,08,BGR.19.1_1,0.04748795931243111,0.43939783971330737
2026,08,BGR.19.2_1,0,0
2026,08,BGR.19.3_1,0,0
2026,08,BGR.19.4_1,0,0
2026,08,BGR.2.10_1,0.05092941766181925,0.5699435747005941
2026,08,BGR.2.11_1,0.04987480852724417,0.5221829399491479
2026,08,BGR.2.12_1,0.04785336459144693,0.450541987821978
2026,08,BGR.2.13_1,0.05131826446920053,0.5906398497595544
2026,08,BGR.2.1_1,0.049218820191286906,0.49671060141504314
2026,08,BGR.2.2_1,0.050769066269798976,0.5619834689086867
2026,08,BGR.2.3_1,0.05021476073212452,0.5365111303745819
2026,08,BGR.2.4_1,0.04868210294483532,0.47760634751446457
2026,08,BGR.2.5_1,0.05114379821018257,0.5810877228092651
2026,08,BGR.2.6_1,0.0497170711293673,0.5158148553156215
2026,08,BGR.2.7_1,0.050287525045012965,0.5396951726913448
2026,08,BGR.2.8_1,0.051374530897953394,0.5938238920763175
2026,08,BGR.2.9_1,0.049913599742985044,0.5237749611075295
2026,08,BGR.20.10_1,0,0
2026,08,BGR.20.1_1,0.04721805488219425,0.4314377339213996
2026,08,BGR.20.2_1,0.049913599742985044,0.5237749611075295
2026,08,BGR.20.3_1,0.047698524728195545,0.44576592434683354
2026,08,BGR.20.4_1,0.04748795931243111,0.43939783971330737
2026,08,BGR.20.5_1,0.04835074833101131,0.46646219940579353
2026,08,BGR.20.6_1,0,0
2026,08,BGR.20.7_1,0,0
2026,08,BGR.20.8_1,0,0
2026,08,BGR.20.9_1,0,0
2026,08,BGR.21.10_1,0,0
2026,08,BGR.21.11_1,0,0
2026,08,BGR.21.12_1,0.04630286987281288,0.4059653953872948
2026,08,BGR.21.13_1,0.0501037268453455,0.5317350668994371
2026,08,BGR.21.14_1,0.04556283717816291,0.3868611414867162
2026,08,BGR.21.15_1,0.04732691674675229,0.4346217762381627
2026,08,BGR.21.16_1,0,0
2026,08,BGR.21.17_1,0.04677042337059844,0.4187015646543472
2026,08,BGR.21.18_1,0,0
2026,08,BGR.21.19_1,0.04727263651700178,0.43302975507978114
2026,08,BGR.21.1_1,0,0
2026,08,BGR.21.20_1,0,0
2026,08,BGR.21.21_1,0.04727263651700178,0.43302975507978114
2026,08,BGR.21.22_1,0.04593876600154827,0.39641326843700553
2026,08,BGR.21.2_1,0,0
2026,08,BGR.21.3_1,0.046539173797603216,0.412333480020821
2026,08,BGR.21.4_1,0.04721805488219425,0.4314377339213996
2026,08,BGR.21.5_1,0,0
2026,08,BGR.21.6_1,0,0
2026,08,BGR.21.7_1,0,0
2026,08,BGR.21.8_1,0.047052491029430696,0.42666167044625497
2026,08,BGR.21.9_1,0,0
2026,08,BGR.22.10_1,0,0
2026,08,BGR.22.11_1,0,0
2026,08,BGR.22.1_1,0.04125003787061803,0.2945239143005865
2026,08,BGR.22.2_1,0.04208961264351133,0.310444125884402
2026,08,BGR.22.3_1,0.04265174592133566,0.3215882739930728
2026,08,BGR.22.4_1,0,0
2026,08,BGR.22.5_1,0,0
2026,08,BGR.22.6_1,0,0
2026,08,BGR.22.7_1,0,0
2026,08,BGR.22.8_1,0.043934658739576096,0.34865263368555904
2026,08,BGR.22.9_1,0.047698524728195545,0.44576592434683354
2026,08,BGR.23.1_1,0,0
2026,08,BGR.23.2_1,0,0
2026,08,BGR.23.3_1,0,0
2026,08,BGR.23.4_1,0,0
2026,08,BGR.23.5_1,0,0
2026,08,BGR.24.10_1,0.049175579728357045,0.4951185802566614
2026,08,BGR.24.11_1,0.04938911853211241,0.5030786860485692
2026,08,BGR.24.12_1,0.04895534680431426,0.48715847446475385
2026,08,BGR.24.1_1,0.04934694209044428,0.5014866648901878
2026,08,BGR.24.2_1,0.0504650634932955,0.5476552784832526
2026,08,BGR.24.3_1,0.050287525045012965,0.5396951726913448
2026,08,BGR.24.4_1,0.05126105566193509,0.5874558074427912
2026,08,BGR.24.5_1,0.048398923130838545,0.4680542205641752
2026,08,BGR.24.6_1,0.049261793608223935,0.4983026225734245
2026,08,BGR.24.7_1,0.05002843945969729,0.5285510245826741
2026,08,BGR.24.8_1,0.04967699058299391,0.5142228341572402
2026,08,BGR.24.9_1,0.0497170711293673,0.5158148553156215
2026,08,BGR.25.10_1,0,0
2026,08,BGR.25.1_1,0,0
2026,08,BGR.25.2_1,0,0
2026,08,BGR.25.3_1,0,0
2026,08,BGR.25.4_1,0,0
2026,08,BGR.25.5_1,0,0
2026,08,BGR.25.6_1,0,0
2026,08,BGR.25.7_1,0,0
2026,08,BGR.25.8_1,0.044220395646106976,0.3550207183190852
2026,08,BGR.25.9_1,0,0
2026,08,BGR.26.10_1,0,0
2026,08,BGR.26.11_1,0,0
2026,08,BGR.26.1_1,0,0
2026,08,BGR.26.2_1,0,0
2026,08,BGR.26.3_1,0,0
2026,08,BGR.26.4_1,0,0
2026,08,BGR.26.5_1,0,0
2026,08,BGR.26.6_1,0,0
2026,08,BGR.26.7_1,0,0
2026,08,BGR.26.8_1,0,0
2026,08,BGR.26.9_1,0,0
2026,08,BGR.27.10_1,0,0
2026,08,BGR.27.1_1,0,0
2026,08,BGR.27.2_1,0,0
2026,08,BGR.27.3_1,0,0
2026,08,BGR.27.4_1,0,0
2026,08,BGR.27.5_1,0,0
2026,08,BGR.27.6_1,0,0
2026,08,BGR.27.7_1,0,0
2026,08,BGR.27.8_1,0,0
2026,08,BGR.27.9_1,0,0
2026,08,BGR.28.1_1,0.047646325904914286,0.444173903188452
2026,08,BGR.28.2_1,0.04636242389772862,0.40755741654567634
2026,08,BGR.28.3_1,0.04759383271289589,0.44258188203007043
2026,08,BGR.28.4_1,0,0
2026,08,BGR.28.5_1,0,0
2026,08,BGR.3.1_1,0.04947267920788396,0.5062627283653325
2026,08,BGR.3.2_1,0.048728328995678624,0.4791983686728461
2026,08,BGR.3.3_1,0.04732691674675229,0.4346217762381627
2026,08,BGR.3.4_1,0.049088294837363274,0.49193453793989833
2026,08,BGR.3.5_1,0.05120290131740937,0.5842717651260282
2026,08,BGR.3.6_1,0.04593876600154827,0.39641326843700553
2026,08,BGR.3.7_1,0.05063640803297186,0.5556153842751603
2026,08,BGR.3.8_1,0.04648057464495373,0.41074145886243946
2026,08,BGR.4.1_1,0,0
2026,08,BGR.4.2_1,0,0
2026,08,BGR.4.3_1,0,0
2026,08,BGR.4.4_1,0,0
2026,08,BGR.5.1_1,0.04721805488219425,0.4314377339213996
2026,08,BGR.6.10_1,0.04296388489868826,0.3279563586265989
2026,08,BGR.6.11_1,0.04682745483236697,0.42029358581272874
2026,08,BGR.6.1_1,0.043934658739576096,0.34865263368555904
2026,08,BGR.6.2_1,0.044220395646106976,0.3550207183190852
2026,08,BGR.6.3_1,0.04233304052256631,0.31522018935954665
2026,08,BGR.6.4_1,0.04510891319464406,0.37571699337804537
2026,08,BGR.6.5_1,0.04349475120062014,0.33910050673526954
2026,08,BGR.6.6_1,0.04326959956174681,0.3343244432601252
2026,08,BGR.6.7_1,0.04326959956174681,0.3343244432601252
2026,08,BGR.6.8_1,0.04116363076094505,0.2929318931422048
2026,08,BGR.6.9_1,0.04098944413919014,0.2897478508254417
2026,08,BGR.7.1_1,0,0
2026,08,BGR.7.2_1,0.044637988217937796,0.36457284526937467
2026,08,BGR.7.3_1,0,0
2026,08,BGR.7.4_1,0.04386229044539485,0.3470606125271773
2026,08,BGR.7.5_1,0,0
2026,08,BGR.7.6_1,0.04386229044539485,0.3470606125271773
2026,08,BGR.7.7_1,0,0
2026,08,BGR.7.8_1,0,0
2026,08,BGR.8.1_1,0,0
2026,08,BGR.8.2_1,0,0
2026,08,BGR.8.3_1,0,0
2026,08,BGR.8.4_1,0.04450024054800256,0.36138880295261144
2026,08,BGR.8.5_1,0,0
2026,08,BGR.8.6_1,0.044220395646106976,0.3550207183190852
2026,08,BGR.8.7_1,0.04549901228029032,0.3852691203283345
2026,08,BGR.8.8_1,0,0
2026,08,BGR.8.9_1,0,0
2026,08,BGR.9.1_1,0.04671308068975393,0.41710954349596563
2026,08,BGR.9.2_1,0,0
2026,08,BGR.9.3_1,0,0
2026,08,BGR.9.4_1,0,0
2026,08,BGR.9.5_1,0.048253552815115175,0.4632781570890304
2026,08,BGR.9.6_1,0.04732691674675229,0.4346217762381627
2026,08,BGR.9.7_1,0,0
2026,08,BGR.9.8_1,0,0
2026,08,BIH.1.1_1,0.04288645786391269,0.3263643374682173
2026,08,BIH.2.10_1,0.14773848597238926,0.40265647363554546
2026,08,BIH.2.1_1,0.07567746593409973,0.36923225155092027
2026,08,BIH.2.2_1,0.10891132060118554,0.3974833548697366
2026,08,BIH.2.3_1,0.1547449592133138,0.40772951202374796
2026,08,BIH.2.4_1,0.13215755340809565,0.3884358161349875
2026,08,BIH.2.5_1,0.0715910717671868,0.315682478868793
2026,08,BIH.2.6_1,0.13602237718094445,0.4253641515534566
2026,08,BIH.2.7_1,0.15932334522703537,0.39456877067525814
2026,08,BIH.2.8_1,0.12393437388280536,0.38117938417028674
2026,08,BIH.2.9_1,0.08905714367129444,0.39538949193123213
2026,08,BIH.3.1_1,0.20508065533761502,0.38330292837429547
2026,08,BIH.3.2_1,0.07219949073844956,0.3226966583671745
2026,08,BIH.3.3_1,0.12916223057623746,0.3631210895590185
2026,08,BIH.3.4_1,0.10615282170933643,0.36767237808188635
2026,08,BIH.3.5_1,0.12887873928162474,0.4302141463958552
2026,08,BIH.3.6_1,0.11803740506418083,0.4027159486004366
2026,08,BIH.3.7_1,0.11779449896366365,0.39894948533543756
2026,08,BLR.1.10_1,0.0497170711293673,0.5158148553156215
2026,08,BLR.1.11_1,0.04938911853211241,0.5030786860485692
2026,08,BLR.1.12_1,0.04759383271289589,0.44258188203007043
2026,08,BLR.1.13_1,0.048253552815115175,0.4632781570890304
2026,08,BLR.1.14_1,0.04947267920788396,0.5062627283653325
2026,08,BLR.1.15_1,0.0491320715143638,0.49352655909828
2026,08,BLR.1.16_1,0.048398923130838545,0.4680542205641752
2026,08,BLR.1.1_1,0.05002843945969729,0.5285510245826741
2026,08,BLR.1.2_1,0.04895534680431426,0.48715847446475385
2026,08,BLR.1.3_1,0.04858882212193265,0.47442230519770145
2026,08,BLR.1.4_1,0.0504650634932955,0.5476552784832526
2026,08,BLR.1.5_1,0.0501037268453455,0.5317350668994371
2026,08,BLR.1.6_1,0.049088294837363274,0.49193453793989833
2026,08,BLR.1.7_1,0.05002843945969729,0.5285510245826741
2026,08,BLR.1.8_1,0.049088294837363274,0.49193453793989833
2026,08,BLR.1.9_1,0.04963665031161907,0.5126308129988586
2026,08,BLR.2.10_1,0,0
2026,08,BLR.2.11_1,0.049514064778928724,0.507854749523714
2026,08,BLR.2.13_1,0.04959604968147997,0.5110387918404771
2026,08,BLR.2.19_1,0,0
2026,08,BLR.2.21_1,0.05039479499775907,0.5444712361664896
2026,08,BLR.2.2_1,0.05006621000980004,0.5301430457410556
2026,08,BLR.2.5_1,0,0
2026,08,BLR.2.6_1,0,0
2026,08,BLR.2.9_1,0.049218820191286906,0.49671060141504314
2026,08,BLR.3.10_1,0.051173468563355404,0.5826797439676467
2026,08,BLR.3.11_1,0.05102273246650329,0.5747196381757389
2026,08,BLR.3.13_1,0.04967699058299391,0.5142228341572402
2026,08,BLR.3.4_1,0.05120290131740937,0.5842717651260282
2026,08,BLR.3.7_1,0.05049982586358712,0.5492472996416341
2026,08,BLR.5.13_1,0.050769066269798976,0.5619834689086867
2026,08,BLR.5.15_1,0.04877427985491362,0.4807903898312276
2026,08,BLR.5.6_1,0.048819956299597005,0.4823824109896092
2026,08,BLR.6.13_1,0.05188601343308219,0.6256643152439486
2026,08,BLR.6.14_1,0.05236158350550006,0.662280801886724
2026,08,BLR.6.20_1,0.05114379821018257,0.5810877228092651
2026,08,BLR.6.21_1,0.052324930672841066,0.6590967595699608
2026,08,BLR.6.2_1,0,0
2026,08,BLR.6.7_1,0.051402311689494384,0.595415913234699
2026,08,CHE.1.10_1,0.21113854346012742,0.6045244758925126
2026,08,CHE.1.11_1,0.2268148432963039,0.4958287950307035
2026,08,CHE.1.1_1,0.17712975917093868,0.5697726490705436
2026,08,CHE.1.2_1,0.24480916683031462,0.5239467369739954
2026,08,CHE.1.3_1,0.23606558365966085,0.5309051659490513
2026,08,CHE.1.4_1,0.27127001896922687,0.5555082931623514
2026,08,CHE.1.5_1,0.21196623251020885,0.6145866628237407
2026,08,CHE.1.6_1,0.23202678806203456,0.5406153805437941
2026,08,CHE.1.7_1,0.21881137334901815,0.5640734792432135
2026,08,CHE.1.8_1,0.21814497381498196,0.5568538676598713
2026,08,CHE.1.9_1,0.17989071412877256,0.5244110487517599
2026,08,CHE.10.10_1,0.20195234025235334,0.6443787090473052
2026,08,CHE.10.11_1,0.34087501747988086,0.7667847877952421
2026,08,CHE.10.1_1,0.2443341165066964,0.678867444515398
2026,08,CHE.10.2_1,0.07181967575562526,0.618728476546018
2026,08,CHE.10.3_1,0.3102477484519532,0.6849247807109521
2026,08,CHE.10.4_1,0.13598267134543932,0.696068069035748
2026,08,CHE.10.5_1,0.20999443562625572,0.5911670769505134
2026,08,CHE.10.6_1,0.16940216018427207,0.6804694075053925
2026,08,CHE.10.7_1,0.20310927248181224,0.6634828853328107
2026,08,CHE.10.8_1,0.20564302749388352,0.61204183724064265
2026,08,CHE.10.9_1,0.19519436215369756,0.6407358089884535
2026,08,CHE.11.1_1,0.25276901026624377,0.5513766521579345
2026,08,CHE.11.2_1,0.21387817425870656,0.5699585789111735
2026,08,CHE.11.3_1,0.28958056001817584,0.5361659346288014
2026,08,CHE.12.1_1,0.15134922769888412,0.6425193139204525
2026,08,CHE.12.2_1,0.2284893298412346,0.609611006272266
2026,08,CHE.12.3_1,0.23789868098145217,0.6627234287941767
2026,08,CHE.12.4_1,0.2371444053208797,0.5887079184850156
2026,08,CHE.12.5_1,0.24099085688676694,0.5779108433813368
2026,08,CHE.13.1_1,0.197681824280591,0.5859734367624874
2026,08,CHE.13.2_1,0.08605867835522853,0.5711675062332058
2026,08,CHE.13.3_1,0.13061202190264168,0.5734711988452297
2026,08,CHE.13.4_1,0.16256046201713992,0.5630843507552672
2026,08,CHE.13.5_1,0.20390441333925502,0.5876722132858473
2026,08,CHE.13.6_1,0.16333663450084662,0.5733251985365636
2026,08,CHE.14.1_1,0.17822627402078228,0.710389091813302
2026,08,CHE.15.1_1,0.13729503859345538,0.7375474709751005
2026,08,CHE.16.1_1,0.18189857527408898,0.6410604627749505
2026,08,CHE.16.2_1,0.15064357050558488,0.6220631857800135
2026,08,CHE.16.3_1,0.1524092328523538,0.6580689368885093
2026,08,CHE.16.4_1,0.15501226996939915,0.727645188870439
2026,08,CHE.16.5_1,0.20530637172472432,0.7065120493613956
2026,08,CHE.16.6_1,0.2172964676208552,0.7001222727308393
2026,08,CHE.16.7_1,0.12599733314548905,0.6950279841497073
2026,08,CHE.16.8_1,0.16840871733256965,0.6633554024685888
2026,08,CHE.17.1_1,0.10437915582225735,0.4628737034116297
2026,08,CHE.17.2_1,0.10443936123660219,0.4623573111017819
2026,08,CHE.17.3_1,0.11600688843328487,0.48841180334952633
2026,08,CHE.17.4_1,0.08348553163460232,0.508427602584337
2026,08,CHE.17.5_1,0.08240768849320076,0.4840912504192367
2026,08,CHE.17.6_1,0.09427643736520407,0.47480059668807595
2026,08,CHE.18.1_1,0.05083393354904563,0.5651675112254496
2026,08,CHE.18.2_1,0.051839011083666106,0.6224802729271853
2026,08,CHE.18.3_1,0.10060035011989896,0.6112325505371643
2026,08,CHE.18.4_1,0.07103489311684236,0.5820724762634669
2026,08,CHE.18.5_1,0.1628874980133755,0.7109993183043232
2026,08,CHE.18.6_1,0.21103787215164063,0.6937831499522511
2026,08,CHE.19.10_1,0.22081038781141524,0.5309268759500746
2026,08,CHE.19.1_1,0.21886456774964358,0.5137031294624839
2026,08,CHE.19.2_1,0.15232690725958836,0.5256817790431967
2026,08,CHE.19.3_1,0.14054665688065138,0.5920028534316183
2026,08,CHE.19.4_1,0.16499372206926216,0.5993162830120178
2026,08,CHE.19.5_1,0.19353543632211584,0.5380263426904425
2026,08,CHE.19.6_1,0.18409257161016032,0.5742901871138321
2026,08,CHE.19.7_1,0.046884176210791065,0.4218856069711103
2026,08,CHE.19.8_1,0.14724787083337523,0.5645478678985405
2026,08,CHE.19.9_1,0.16909139563606707,0.5550691673250738
2026,08,CHE.2.1_1,0.21433432345523132,0.6495815962073201
2026,08,CHE.20.1_1,0.15602204416483537,0.5791920633850871
2026,08,CHE.20.2_1,0.13296767970871495,0.620577249614771
2026,08,CHE.20.3_1,0.04934694209044428,0.5014866648901878
2026,08,CHE.20.4_1,0.07966955247331393,0.43148641188441234
2026,08,CHE.20.5_1,0.1587007400515875,0.5144199911944107
2026,08,CHE.20.6_1,0.16352987771127794,0.5767212036388019
2026,08,CHE.20.7_1,0.18942524967782204,0.5622595569513331
2026,08,CHE.20.8_1,0.17134259411548042,0.5030781290667796
2026,08,CHE.20.9_1,0.1402838000248985,0.588566281302557
2026,08,CHE.21.1_1,0.2168471220327921,0.6030108959178729
2026,08,CHE.21.2_1,0.11500787126841541,0.6924530800583866
2026,08,CHE.21.3_1,0.22006087571474814,0.7545487182947666
2026,08,CHE.21.4_1,0.31646148626329257,0.6252757607586372
2026,08,CHE.21.5_1,0.40395979018163114,0.5879924887429149
2026,08,CHE.21.6_1,0.2124240169173996,0.554301991463295
2026,08,CHE.21.7_1,0.12409098916525219,0.6411783142692559
2026,08,CHE.21.8_1,0.14472370094417872,0.6837486317513769
2026,08,CHE.22.1_1,0.23885987504658285,0.777416959416926
2026,08,CHE.23.10_1,0.15933556357239256,0.6336901708536317
2026,08,CHE.23.11_1,0.22141464393530516,0.5915911981452954
2026,08,CHE.23.12_1,0.12149932010727235,0.58287820792283
2026,08,CHE.23.13_1,0.21114322032786195,0.6057252702961206
2026,08,CHE.23.14_1,0.17450117739176096,0.6364519687127764
2026,08,CHE.23.1_1,0.15358875585044804,0.6868415160759427
2026,08,CHE.23.2_1,0.11255336091367477,0.6196117248373096
2026,08,CHE.23.3_1,0.1228299490892407,0.6124282013137615
2026,08,CHE.23.4_1,0.19476645544473403,0.767238560887417
2026,08,CHE.23.5_1,0.14850579795149949,0.5846089715219775
2026,08,CHE.23.6_1,0.19393862372214088,0.6202782521924759
2026,08,CHE.23.7_1,0.16849021812592047,0.6629915244313433
2026,08,CHE.23.8_1,0.15947676799228422,0.6364585119652179
2026,08,CHE.23.9_1,0.14541695367114496,0.6998440277532733
2026,08,CHE.24.10_1,0.1797079680509704,0.6059752689659929
2026,08,CHE.24.1_1,0.20145076488896807,0.6398739242622385
2026,08,CHE.24.2_1,0.3381565941044494,0.5600904200344438
2026,08,CHE.24.3_1,0.3579079697614605,0.5562863689556419
2026,08,CHE.24.4_1,0.4468803660154753,0.5589632556905099
2026,08,CHE.24.5_1,0.12930522687603072,0.5505515365844319
2026,08,CHE.24.6_1,0.2558753039511993,0.5801681116847267
2026,08,CHE.24.7_1,0.40039973787149113,0.5660107361639836
2026,08,CHE.24.8_1,0.3385113016651184,0.5635526995085026
2026,08,CHE.24.9_1,0.14765756881249142,0.5702159981664374
2026,08,CHE.25.1_1,0.1722283937923761,0.5995446599624014
2026,08,CHE.26.10_1,0.06573071202905731,0.43668064018293073
2026,08,CHE.26.11_1,0.16100306001741144,0.5422374743504688
2026,08,CHE.26.12_1,0.21844143968432453,0.5102687101674488
2026,08,CHE.26.13_1,0.272101767933475,0.528394049513196
2026,08,CHE.26.1_1,0.18153650650148742,0.5428512598723474
2026,08,CHE.26.2_1,0.2287654844865986,0.4729380356114036
2026,08,CHE.26.3_1,0.2216014204846636,0.4936618709478836
2026,08,CHE.26.4_1,0.22174272291045588,0.49522281875632035
2026,08,CHE.26.5_1,0.15661192167203775,0.48920641652117475
2026,08,CHE.26.6_1,0.16533857318184322,0.6045619215893564
2026,08,CHE.26.7_1,0.17786060014457955,0.5800119671558093
2026,08,CHE.26.8_1,0.16996884256638392,0.5673263229482003
2026,08,CHE.26.9_1,0.167451607805806,0.534615707153846
2026,08,CHE.3.1_1,0.08851540857749714,0.6528052179536193
2026,08,CHE.4.1_1,0.17740621698994244,0.49890390811841273
2026,08,CHE.4.2_1,0.17526023912714084,0.5477920543636651
2026,08,CHE.4.3_1,0.1806693283253453,0.5341893413190637
2026,08,CHE.4.4_1,0.25855336783664495,0.5616347706807778
2026,08,CHE.4.5_1,0.1912057820813654,0.5835470306120876
2026,08,CHE.5.1_1,0.04593876600154827,0.39641326843700553
2026,08,CHE.5.2_1,0.04587694011215763,0.3948212472786241
2026,08,CHE.5.3_1,0.04568947849813677,0.3900451838034793
2026,08,CHE.6.10_1,0.13602909739793614,0.6984384536373386
2026,08,CHE.6.11_1,0.2587540511570367,0.7416714672570477
2026,08,CHE.6.12_1,0.268598895715988,0.5706345744166818
2026,08,CHE.6.13_1,0.10915429905425858,0.5439713476815792
2026,08,CHE.6.14_1,0.13662401433468585,0.5282817898726462
2026,08,CHE.6.15_1,0.24772904513966038,0.5483649280555922
2026,08,CHE.6.16_1,0.24122028209281823,0.5339541906799856
2026,08,CHE.6.17_1,0.1613304549543984,0.6741591233262816
2026,08,CHE.6.18_1,0.12722751504321655,0.7374485971432041
2026,08,CHE.6.19_1,0.10246188078604518,0.6703486401106272
2026,08,CHE.6.1_1,0.1668505756074073,0.5275489477269261
2026,08,CHE.6.20_1,0.08720239422250226,0.6054747628187714
2026,08,CHE.6.21_1,0.09790567954759345,0.5463786614136016
2026,08,CHE.6.22_1,0.250164483702961,0.5718434141870455
2026,08,CHE.6.23_1,0.14926515854000608,0.6036830473002466
2026,08,CHE.6.24_1,0.2625629706654601,0.6515913625678812
2026,08,CHE.6.25_1,0.15247460242809005,0.5274583556104071
2026,08,CHE.6.26_1,0.24611042597771193,0.5355124420760982
2026,08,CHE.6.2_1,0.2369693559998711,0.5394398884970908
2026,08,CHE.6.3_1,0.17185777230274132,0.5070422839497177
2026,08,CHE.6.4_1,0.083847364294830945,0.5148166596913804
2026,08,CHE.6.5_1,0.1782909446703163,0.5062209583770274
2026,08,CHE.6.6_1,0.23084184390132223,0.48855989803659605
2026,08,CHE.6.7_1,0.20786465304099674,0.5678276996309612
2026,08,CHE.6.8_1,0.17578698394275918,0.5547851343054245
2026,08,CHE.6.9_1,0.24473525894533457,0.4878420845722253
2026,08,CHE.7.1_1,0.22312629673402704,0.5517703697987496
2026,08,CHE.7.2_1,0.11022390094946628,0.5654453694338466
2026,08,CHE.7.3_1,0.10107979168879021,0.6253500775143069
2026,08,CHE.7.5_1,0.0853182417699386,0.5503891751041611
2026,08,CHE.7.6_1,0.12795717811673638,0.529569839705726
2026,08,CHE.7.7_1,0.10972604748580743,0.556787925970223
2026,08,CHE.8.1_1,0.3227497023426712,0.5079239982500064
2026,08,CHE.9.1_1,0.1731440465665221,0.7788280945355263
2026,08,CYP.1_1,0.050669939241386894,0.5572074054335419
2026,08,CYP.2_1,0.04648057464495373,0.41074145886243946
2026,08,CYP.3_1,0.04710798320094961,0.4282536916046365
2026,08,CYP.4_1,0.043934658739576096,0.34865263368555904
2026,08,CYP.5_1,0.050140990535841826,0.5333270880578186
2026,08,CZE.1.1_1,0.04805575406133186,0.45691007245550425
2026,08,CZE.1.2_1,0.04947267920788396,0.5062627283653325
2026,08,CZE.1.3_1,0.04612227833992239,0.40118933191215017
2026,08,CZE.1.4_1,0.04732691674675229,0.4346217762381627
2026,08,CZE.1.5_1,0.048398923130838545,0.4680542205641752
2026,08,CZE.1.6_1,0.04877427985491362,0.4807903898312276
2026,08,CZE.1.7_1,0.04759383271289589,0.44258188203007043
2026,08,CZE.10.2_1,0.0483022918419774,0.46487017824741195
2026,08,CZE.10.4_1,0.04612227833992239,0.40118933191215017
2026,08,CZE.10.5_1,0.04659745706877908,0.41392550117920257
2026,08,CZE.10.6_1,0.04835074833101131,0.46646219940579353
2026,08,CZE.11.11_1,0.04759383271289589,0.44258188203007043
2026,08,CZE.11.13_1,0.046539173797603216,0.412333480020821
2026,08,CZE.11.14_1,0.04600026346131408,0.39800528959538706
2026,08,CZE.11.15_1,0.04648057464495373,0.41074145886243946
2026,08,CZE.11.17_1,0.04524031781788012,0.3789010356948085
2026,08,CZE.11.19_1,0.04581478446351981,0.3932292261202424
2026,08,CZE.11.21_1,0.045752297711676125,0.39163720496186066
2026,08,CZE.11.22_1,0.047646325904914286,0.444173903188452
2026,08,CZE.11.3_1,0.04671308068975393,0.41710954349596563
2026,08,CZE.11.4_1,0.04759383271289589,0.44258188203007043
2026,08,CZE.11.5_1,0.04659745706877908,0.41392550117920257
2026,08,CZE.11.8_1,0.047698524728195545,0.44576592434683354
2026,08,CZE.12.10_1,0.04780204312044206,0.44894996666359666
2026,08,CZE.12.11_1,0.04694058862995259,0.42347762812949186
2026,08,CZE.12.12_1,0.046884176210791065,0.4218856069711103
2026,08,CZE.12.1_1,0.04748795931243111,0.43939783971330737
2026,08,CZE.12.2_1,0.04648057464495373,0.41074145886243946
2026,08,CZE.12.3_1,0.048728328995678624,0.4791983686728461
2026,08,CZE.12.4_1,0.04732691674675229,0.4346217762381627
2026,08,CZE.12.5_1,0.04694058862995259,0.42347762812949186
2026,08,CZE.12.6_1,0.04748795931243111,0.43939783971330737
2026,08,CZE.12.7_1,0.048005589319064845,0.45531805129712283
2026,08,CZE.12.8_1,0.046884176210791065,0.4218856069711103
2026,08,CZE.12.9_1,0.04659745706877908,0.41392550117920257
2026,08,CZE.13.2_1,0.04904424897846883,0.4903425167815169
2026,08,CZE.13.3_1,0.04732691674675229,0.4346217762381627
2026,08,CZE.13.4_1,0.04699669320242809,0.4250696492878734
2026,08,CZE.14.1_1,0.04743457712417486,0.4378058185549258
2026,08,CZE.14.2_1,0.04759383271289589,0.44258188203007043
2026,08,CZE.14.3_1,0.048253552815115175,0.4632781570890304
2026,08,CZE.2.1_1,0.048005589319064845,0.45531805129712283
2026,08,CZE.2.2_1,0.04450024054800256,0.36138880295261144
2026,08,CZE.2.3_1,0.047052491029430696,0.42666167044625497
2026,08,CZE.2.4_1,0.04587694011215763,0.3948212472786241
2026,08,CZE.2.5_1,0.04530550356419647,0.38049305685318985
2026,08,CZE.2.6_1,0.04648057464495373,0.41074145886243946
2026,08,CZE.2.7_1,0.0461827983480315,0.4027813530705317
2026,08,CZE.4.1_1,0.04844681708178188,0.4696462417225566
2026,08,CZE.4.2_1,0.046884176210791065,0.4218856069711103
2026,08,CZE.4.3_1,0.04858882212193265,0.47442230519770145
2026,08,CZE.4.4_1,0.04568947849813677,0.3900451838034793
2026,08,CZE.4.5_1,0.047052491029430696,0.42666167044625497
2026,08,CZE.5.1_1,0.04648057464495373,0.41074145886243946
2026,08,CZE.5.2_1,0.04877427985491362,0.4807903898312276
2026,08,CZE.5.4_1,0.0491320715143638,0.49352655909828
2026,08,CZE.6.1_1,0.048253552815115175,0.4632781570890304
2026,08,CZE.6.3_1,0.05056860940561389,0.5524313419583972
2026,08,CZE.7.1_1,0.04947267920788396,0.5062627283653325
2026,08,CZE.7.4_1,0.04967699058299391,0.5142228341572402
2026,08,CZE.7.5_1,0.04775043014811539,0.44735794550521507
2026,08,CZE.8.1_1,0.05039479499775907,0.5444712361664896
2026,08,CZE.8.2_1,0.04600026346131408,0.39800528959538706
2026,08,CZE.8.3_1,0.04630286987281288,0.4059653953872948
2026,08,CZE.8.4_1,0.04568947849813677,0.3900451838034793
2026,08,CZE.8.5_1,0.04835074833101131,0.46646219940579353
2026,08,CZE.9.1_1,0.049088294837363274,0.49193453793989833
2026,08,CZE.9.2_1,0.04754104417704476,0.4409898608716889
2026,08,CZE.9.3_1,0.048204530393412735,0.46168613593064906
2026,08,CZE.9.4_1,0.04895534680431426,0.48715847446475385
2026,08,DEU.1.12_1,0.04694058862995259,0.42347762812949186
2026,08,DEU.1.13_1,0.11697673143090334,0.5037312573213198
2026,08,DEU.1.15_1,0.044220395646106976,0.3550207183190852
2026,08,DEU.1.18_1,0.06455430765024965,0.4127324500730998
2026,08,DEU.1.1_1,0.09466766302355065,0.4814416507333776
2026,08,DEU.1.20_1,0.04517478819424583,0.3773090145364269
2026,08,DEU.1.21_1,0.1565468739700853,0.42339365281325236
2026,08,DEU.1.22_1,0.11654560516962886,0.499734618919086
2026,08,DEU.1.23_1,0.27533612584815287,0.4698062640330315
2026,08,DEU.1.26_1,0.045752297711676125,0.39163720496186066
2026,08,DEU.1.27_1,0.12813133722791895,0.4221625365477253
2026,08,DEU.1.28_1,0.3323453127243891,0.45532102065306057
2026,08,DEU.1.2_1,0.043934658739576096,0.34865263368555904
2026,08,DEU.1.31_1,0.2175544872203838,0.4294696882957892
2026,08,DEU.1.34_1,0.04710798320094961,0.4282536916046365
2026,08,DEU.1.35_1,0.3296649375252114,0.42822814539510873
2026,08,DEU.1.36_1,0.2227951897752166,0.5497090801279315
2026,08,DEU.1.38_1,0.11959389092137818,0.5465846600868385
2026,08,DEU.1.3_1,0.04790439549801333,0.45213400898035977
2026,08,DEU.1.42_1,0.09503566853564756,0.48824754538464804
2026,08,DEU.1.43_1,0.048204530393412735,0.46168613593064906
2026,08,DEU.1.44_1,0.2668565323759629,0.4911713390262911
2026,08,DEU.1.45_1,0.09529827704579309,0.49234355495164706
2026,08,DEU.1.5_1,0.04904424897846883,0.4903425167815169
2026,08,DEU.1.7_1,0.1961899102872074,0.45783075016719393
2026,08,DEU.1.8_1,0.06537658686937008,0.4297142888089351
2026,08,DEU.1.9_1,0.12111565667146505,0.4377903782484481
2026,08,DEU.10.10_1,0.04899993321178068,0.4887504956231352
2026,08,DEU.10.13_1,0.06890178193783307,0.5142435436795764
2026,08,DEU.10.15_1,0.08436844604024744,0.5304900879718627
2026,08,DEU.10.18_1,0.11753073615770011,0.5111980707288095
2026,08,DEU.10.19_1,0.048635600917710305,0.476014326356083
2026,08,DEU.10.1_1,0.04891048901592771,0.4855664533063721
2026,08,DEU.10.21_1,0.06913601380303275,0.520505901209798
2026,08,DEU.10.22_1,0.11018734283127761,0.5646399048586017
2026,08,DEU.10.23_1,0.12000409926142033,0.5574045449698452
2026,08,DEU.10.24_1,0.04868210294483532,0.47760634751446457
2026,08,DEU.10.25_1,0.04743457712417486,0.4378058185549258
2026,08,DEU.10.27_1,0.10900516048947034,0.5400650743985866
2026,08,DEU.10.29_1,0.06864694390398135,0.5068865380489352
2026,08,DEU.10.31_1,0.04665542564230543,0.4155175223375841
2026,08,DEU.10.32_1,0.04854176575735198,0.4728302840393197
2026,08,DEU.10.33_1,0.04854176575735198,0.4728302840393197
2026,08,DEU.10.35_1,0.048494431015955186,0.47123826288093834
2026,08,DEU.10.37_1,0.15358886606807265,0.5416693842739148
2026,08,DEU.10.40_1,0.08223907152189376,0.4801743507495603
2026,08,DEU.10.41_1,0.136025737330941,0.5213223918952403
2026,08,DEU.10.43_1,0.0483022918419774,0.46487017824741195
2026,08,DEU.10.45_1,0.08502826535270439,0.5435293519600274
2026,08,DEU.10.47_1,0.15215032938320955,0.5231569201359875
2026,08,DEU.10.48_1,0.24042186330419324,0.5704253316296567
2026,08,DEU.10.4_1,0.10970542386934617,0.5540306474558985
2026,08,DEU.10.50_1,0.11845462335360496,0.5269958536328099
2026,08,DEU.10.51_1,0.06830166044130834,0.4979024391260834
2026,08,DEU.10.52_1,0.06962172927507987,0.5352097331408554
2026,08,DEU.10.6_1,0.08339213852908524,0.5047539397822067
2026,08,DEU.10.8_1,0.04904424897846883,0.4903425167815169
2026,08,DEU.10.9_1,0.1083860963028281,0.5286865613711547
2026,08,DEU.11.10_1,0.7258548425912614,0.5010309498969239
2026,08,DEU.11.11_1,0.04624299510541459,0.4043733742289133
2026,08,DEU.11.12_1,0.23772392597428232,0.4170805402645852
2026,08,DEU.11.14_1,0.09247561763316141,0.44386213507629707
2026,08,DEU.11.17_1,0.044841928874410235,0.36934890874451914
2026,08,DEU.11.18_1,0.04549901228029032,0.3852691203283345
2026,08,DEU.11.19_1,0.12933306546511614,0.4354404408844393
2026,08,DEU.11.20_1,0.046061433806932194,0.3995973107537686
2026,08,DEU.11.21_1,0.06477777941497748,0.41716594370820165
2026,08,DEU.11.22_1,0.04556283717816291,0.3868611414867162
2026,08,DEU.11.25_1,0.540798984943165,0.4648103847742931
2026,08,DEU.11.26_1,0.13842897123939799,0.44933395163343576
2026,08,DEU.11.27_1,0.22819931564787752,0.4382082577254921
2026,08,DEU.11.28_1,0.04549901228029032,0.3852691203283345
2026,08,DEU.11.29_1,0.15099776425217803,0.43194040101871284
2026,08,DEU.11.30_1,0.14435962520982876,0.4343873607928472
2026,08,DEU.11.31_1,0.19915774620802348,0.48193069435175057
2026,08,DEU.11.33_1,0.1588773896044775,0.5152449324165523
2026,08,DEU.11.34_1,0.04648057464495373,0.41074145886243946
2026,08,DEU.11.35_1,0.0449761209892563,0.37253295106128226
2026,08,DEU.11.3_1,0.11174414954654883,0.42957725527388924
2026,08,DEU.11.4_1,0.3185635562581864,0.45039682689184835
2026,08,DEU.11.5_1,0.06503320225138932,0.42257835978678693
2026,08,DEU.11.6_1,0.48556487100440326,0.4932947206333519
2026,08,DEU.11.7_1,0.13913610905883128,0.4580137328123171
2026,08,DEU.11.8_1,0.12338488355154735,0.4635359806255421
2026,08,DEU.11.9_1,0.1221657534170619,0.44850074575480003
2026,08,DEU.12.1_1,0.06589601562879235,0.4402574894082657
2026,08,DEU.12.3_1,0.09164330068213446,0.43111294132966926
2026,08,DEU.12.4_1,0.09164816480138559,0.4318104193984304
2026,08,DEU.12.5_1,0.0778874526587952,0.401973384578109
2026,08,DEU.13.10_1,0.10823939213183505,0.525298189615519
2026,08,DEU.13.11_1,0.1248658320131037,0.4837898295621743
2026,08,DEU.13.12_1,0.21968215550807516,0.519596050341562
2026,08,DEU.13.13_1,0.08501685014937793,0.5436569202213626
2026,08,DEU.13.14_1,0.14369453496056542,0.513323812217228
2026,08,DEU.13.2_1,0.10690894039109212,0.5052179601880127
2026,08,DEU.13.3_1,0.10745430490527266,0.5116632926283777
2026,08,DEU.13.5_1,0.04780204312044206,0.44894996666359666
2026,08,DEU.13.6_1,0.04659745706877908,0.41392550117920257
2026,08,DEU.13.7_1,0.21685279468974478,0.5424985481990089
2026,08,DEU.13.8_1,0.04815522371137511,0.46009411477226747
2026,08,DEU.13.9_1,0.04716317079588728,0.42984571276301803
2026,08,DEU.14.10_1,0.12583703691694226,0.4978808390502299
2026,08,DEU.14.11_1,0.08539182102867635,0.5541429068742217
2026,08,DEU.14.1_1,0.16881268581688696,0.553064860427573
2026,08,DEU.14.3_1,0.048635600917710305,0.476014326356083
2026,08,DEU.14.5_1,0.35908508481934265,0.5871392988302009
2026,08,DEU.14.8_1,0.12819720212185737,0.5328320748413011
2026,08,DEU.15.10_1,0.10261470042771112,0.6746187694241235
2026,08,DEU.15.11_1,0.13500717103240534,0.6688599188109918
2026,08,DEU.15.12_1,0.15387245128406052,0.6949357342794278
2026,08,DEU.15.13_1,0.49446591936420103,0.669001209067344
2026,08,DEU.15.14_1,0.14267989547175952,0.6338005568504302
2026,08,DEU.15.15_1,0.21791740758381373,0.618439548851539
2026,08,DEU.15.1_1,0.5405803053498383,0.6765934254490014
2026,08,DEU.15.3_1,0.5734631388077551,0.6405909922035573
2026,08,DEU.15.5_1,0.05114379821018257,0.5810877228092651
2026,08,DEU.15.6_1,0.05153770651999937,0.6033760190266068
2026,08,DEU.15.7_1,0.546196882718586,0.7169966376237293
2026,08,DEU.15.8_1,0.08779158014581763,0.6232206053413446
2026,08,DEU.15.9_1,0.17557641137365507,0.6555531848874592
2026,08,DEU.16.12_1,0.08568879886684695,0.561743590170142
2026,08,DEU.2.11_1,0.07922636117253208,0.4241921284056396
2026,08,DEU.2.17_1,0.05222940489333432,0.6511366537780533
2026,08,DEU.2.26_1,0.2346607215765472,0.5195329038204445
2026,08,DEU.2.28_1,0.0679717260044198,0.4937988262512236
2026,08,DEU.2.29_1,0.04727263651700178,0.43302975507978114
2026,08,DEU.2.34_1,0.12943738505221783,0.5546615972987463
2026,08,DEU.2.35_1,0.08231094732533216,0.48132347601866077
2026,08,DEU.2.55_1,0.11274606080749276,0.4425884856232816
2026,08,DEU.2.59_1,0.04630286987281288,0.4059653953872948
2026,08,DEU.2.60_1,0.06849940198939623,0.5072423568694274
2026,08,DEU.2.61_1,0.06737881426259297,0.4756678755984383
2026,08,DEU.2.68_1,0.08881534744007055,0.6620331245304144
2026,08,DEU.2.70_1,0.046884176210791065,0.4218856069711103
2026,08,DEU.2.71_1,0.09478090570760221,0.48258330593979876
2026,08,DEU.2.78_1,0.09618240396475941,0.5108135161708176
2026,08,DEU.2.8_1,0.1268868830332299,0.4101370811119746
2026,08,DEU.3.1_1,0.04780204312044206,0.44894996666359666
2026,08,DEU.4.10_1,0.1261391307458127,0.5012210122572752
2026,08,DEU.4.11_1,0.13870376483736566,0.561312502418248
2026,08,DEU.4.12_1,0.09899929292499757,0.5700481372984102
2026,08,DEU.4.13_1,0.11845462335360496,0.5269877478914747
2026,08,DEU.4.14_1,0.049261793608223935,0.4983026225734245
2026,08,DEU.4.15_1,0.2526433637618371,0.5952028171458096
2026,08,DEU.4.16_1,0.267298692539131,0.5584102716672829
2026,08,DEU.4.17_1,0.09583405394523405,0.503270493754103
2026,08,DEU.4.18_1,0.09965714051998416,0.5857176464935298
2026,08,DEU.4.1_1,0.24777525705653947,0.5965798045806645
2026,08,DEU.4.3_1,0.04844681708178188,0.4696462417225566
2026,08,DEU.4.4_1,0.16057227743757344,0.5357976294609258
2026,08,DEU.4.5_1,0.27584268078368,0.5247730147557353
2026,08,DEU.4.6_1,0.04790439549801333,0.45213400898035977
2026,08,DEU.4.7_1,0.06834113892938251,0.5000312801608545
2026,08,DEU.4.8_1,0.3304590796792351,0.5821431492950184
2026,08,DEU.4.9_1,0.10985879958732203,0.5584263589331434
2026,08,DEU.5.2_1,0.05128977805875176,0.5890478286011729
2026,08,DEU.6.1_1,0.049796455551638814,0.5189988976323848
2026,08,DEU.7.10_1,0.048728328995678624,0.4791983686728461
2026,08,DEU.7.11_1,0.2684911449705702,0.5687733426679162
2026,08,DEU.7.12_1,0.10605539396636599,0.4882286227116006
2026,08,DEU.7.14_1,0.2516681995186141,0.4489762083331066
2026,08,DEU.7.15_1,0.11249107746131705,0.43989775302399187
2026,08,DEU.7.16_1,0.08159293624784326,0.4678446439090057
2026,08,DEU.7.17_1,0.07948767438864532,0.4284304393085649
2026,08,DEU.7.18_1,0.04624299510541459,0.4043733742289133
2026,08,DEU.7.19_1,0.0913143427279722,0.4272671179169596
2026,08,DEU.7.1_1,0.13610544396001842,0.4258968337190693
2026,08,DEU.7.20_1,0.0650086425727594,0.42150266314128754
2026,08,DEU.7.21_1,0.10887022725818178,0.5383934398627714
2026,08,DEU.7.22_1,0.10480078272812751,0.4683580568443565
2026,08,DEU.7.23_1,0.06985508185813294,0.5425828133892145
2026,08,DEU.7.24_1,0.06847196516719312,0.503710723217222
2026,08,DEU.7.25_1,0.23233024052945664,0.46585125204930516
2026,08,DEU.7.26_1,0.04517478819424583,0.3773090145364269
2026,08,DEU.7.2_1,0.1111263291422565,0.42231453693158705
2026,08,DEU.7.4_1,0.04530550356419647,0.38049305685318985
2026,08,DEU.7.5_1,0.08187323264487906,0.47258073659359495
2026,08,DEU.7.6_1,0.19935759173973214,0.48325085291863806
2026,08,DEU.7.7_1,0.17054429609510124,0.43422672365785187
2026,08,DEU.7.9_1,0.16689903129867667,0.45671227135155235
2026,08,DEU.8.1_1,0.24514163769420938,0.6226574237802253
2026,08,DEU.8.2_1,0.05105335739684572,0.5763116593341204
2026,08,DEU.8.3_1,0.46576265422844615,0.67394618770404
2026,08,DEU.8.5_1,0.1823017157221498,0.6479314573979633
2026,08,DEU.8.6_1,0.049913599742985044,0.5237749611075295
2026,08,DEU.8.7_1,0.11153934849820683,0.5960364139342369
2026,08,DEU.8.8_1,0.4827284509396173,0.6805740898779709
2026,08,DEU.9.10_1,0.12133419772633143,0.5799684710713716
2026,08,DEU.9.11_1,0.10143527125122204,0.6344515912125668
2026,08,DEU.9.13_1,0.06871349308590509,0.5086996713662294
2026,08,DEU.9.14_1,0.08532816181135336,0.5521115574852871
2026,08,DEU.9.15_1,0.13945924486829178,0.5730389146695417
2026,08,DEU.9.17_1,0.14182172920193595,0.6160152867109685
2026,08,DEU.9.19_1,0.0683939614749183,0.5045700070602392
2026,08,DEU.9.1_1,0.050140990535841826,0.5333270880578186
2026,08,DEU.9.22_1,0.07224027598487893,0.6290097488144336
2026,08,DEU.9.23_1,0.08629315941509254,0.5766200848227818
2026,08,DEU.9.24_1,0.05002843945969729,0.5285510245826741
2026,08,DEU.9.26_1,0.08561217938023119,0.5580519243557005
2026,08,DEU.9.27_1,0.050287525045012965,0.5396951726913448
2026,08,DEU.9.28_1,0.19261600260317477,0.6010948696785637
2026,08,DEU.9.29_1,0.048865359099248204,0.48397443214799074
2026,08,DEU.9.2_1,0.08701038700623233,0.5988200949361939
2026,08,DEU.9.30_1,0.12908990807502038,0.5471606473597612
2026,08,DEU.9.31_1,0.10123447473886532,0.6284439812295612
2026,08,DEU.9.35_1,0.12330272015730075,0.6229043980230939
2026,08,DEU.9.38_1,0.11279699831351517,0.6256269033004886
2026,08,DEU.9.40_1,0.06914229809019766,0.5217037203317736
2026,08,DEU.9.42_1,0.10186515045011774,0.6487563547456602
2026,08,DEU.9.44_1,0.21027056714138778,0.6804012162251216
2026,08,DEU.9.45_1,0.04854176575735198,0.4728302840393197
2026,08,DEU.9.5_1,0.08531083405348873,0.5522891489885685
2026,08,DEU.9.6_1,0.27922016943446093,0.6810046653552414
2026,08,DEU.9.7_1,0.049913599742985044,0.5237749611075295
2026,08,DEU.9.8_1,0.07063899270921437,0.5670652209967353
2026,08,DNK.1.10_1,0.051083743047143124,0.577903680492502
2026,08,DNK.2.11_1,0.05114379821018257,0.5810877228092651
2026,08,DNK.2.12_1,0.051402311689494384,0.595415913234699
2026,08,DNK.2.14_1,0.05131826446920053,0.5906398497595544
2026,08,DNK.2.16_1,0.050991867824992106,0.5731276170173574
2026,08,DNK.2.17_1,0.051839011083666106,0.6224802729271853
2026,08,DNK.2.19_1,0.051173468563355404,0.5826797439676467
2026,08,DNK.2.2_1,0.0497170711293673,0.5158148553156215
2026,08,DNK.2.3_1,0.051374530897953394,0.5938238920763175
2026,08,DNK.2.4_1,0.0515902337210462,0.6065600613433699
2026,08,DNK.2.5_1,0.05212829201092069,0.6431765479861455
2026,08,DNK.2.7_1,0.05131826446920053,0.5906398497595544
2026,08,DNK.2.8_1,0.05171749973971528,0.6145201671352777
2026,08,DNK.2_1,0.05126105566193509,0.5874558074427912
2026,08,DNK.3.10_1,0.052148963089724484,0.6447685691445271
2026,08,DNK.3.11_1,0.052148963089724484,0.6447685691445271
2026,08,DNK.3.5_1,0.051641833369293885,0.609744103660133
2026,08,DNK.3.7_1,0.05114379821018257,0.5810877228092651
2026,08,DNK.4.10_1,0.050703225696644295,0.5587994265919234
2026,08,DNK.4.11_1,0.05166728623151182,0.6113361248185145
2026,08,DNK.4.13_1,0.05181516721792836,0.6208882517688037
2026,08,DNK.4.15_1,0.05153770651999937,0.6033760190266068
2026,08,DNK.4.16_1,0.0504650634932955,0.5476552784832526
2026,08,DNK.4.17_1,0.05114379821018257,0.5810877228092651
2026,08,DNK.4.1_1,0.05120290131740937,0.5842717651260282
2026,08,DNK.4.3_1,0.05176679252595321,0.6177042094520407
2026,08,DNK.4.4_1,0.05063640803297186,0.5556153842751603
2026,08,DNK.4.5_1,0.051511094202399514,0.6017839978682255
2026,08,DNK.4.6_1,0.05021476073212452,0.5365111303745819
2026,08,DNK.4.7_1,0.05111388984412959,0.5794957016508835
2026,08,DNK.4.8_1,0.05111388984412959,0.5794957016508835
2026,08,DNK.4.9_1,0.0501037268453455,0.5317350668994371
2026,08,DNK.5.19_1,0.051564086240614065,0.6049680401849883
2026,08,DNK.5.1_1,0.05171749973971528,0.6145201671352777
2026,08,DNK.5.20_1,0.0519995355594703,0.6336244210358563
2026,08,DNK.5.22_1,0.0515902337210462,0.6065600613433699
2026,08,DNK.5.4_1,0.051641833369293885,0.609744103660133
2026,08,ESP.1.1_1,0.24569738185018142,0.40282046675595146
2026,08,ESP.1.2_1,0.30917483049585026,0.5108259812930628
2026,08,ESP.1.3_1,0.2639575551175382,0.2934913357033747
2026,08,ESP.1.4_1,0.5276467875004125,0.31161947650880306
2026,08,ESP.1.5_1,0.38721022811586103,0.38142570637594897
2026,08,ESP.1.6_1,0.37702463986997287,0.25443222839040386
2026,08,ESP.1.7_1,0.3178436639858255,0.45256656456391714
2026,08,ESP.1.8_1,0.44818281820234834,0.3825460313837964
2026,08,ESP.10.1_1,0.5571488712884395,0.49383641471032275
2026,08,ESP.10.2_1,0.24409289268536194,0.6128377690794761
2026,08,ESP.10.3_1,0.45747007688008395,0.5293792551143737
2026,08,ESP.11.1_1,0.530330204592801,0.3258026146698364
2026,08,ESP.11.2_1,0.6085554490095357,0.3219982908432685
2026,08,ESP.12.1_1,0.510251665492658,0.8585238246326218
2026,08,ESP.12.2_1,0.42496084744141727,0.779614448600887
2026,08,ESP.12.3_1,0.48605830203374256,0.6702712727910317
2026,08,ESP.12.4_1,0.40900389544650884,0.8146763255808952
2026,08,ESP.13.1_1,0.400210399357442,0.5887311250255081
2026,08,ESP.14.1_1,0.07427430703407448,0.7475850281724402
2026,08,ESP.15.1_1,0.6341752500414466,0.5180828583449124
2026,08,ESP.16.1_1,0.3732775704818445,0.6307296911776571
2026,08,ESP.16.2_1,0.49296222061541534,0.8075014754375733
2026,08,ESP.16.3_1,0.543348984833021,0.8046053627834115
2026,08,ESP.17.1_1,0.3218887425754627,0.9251877274320357
2026,08,ESP.18.1_1,0.3051485925640818,0.4490163766857888
2026,08,ESP.2.1_1,0.6378369836784434,0.41605309668454543
2026,08,ESP.2.2_1,0.1396258467661642,0.4691405230804605
2026,08,ESP.2.3_1,0.3226826993651488,0.3606241246347486
2026,08,ESP.3.1_1,0.17313101015239243,0.7825354210970467
2026,08,ESP.4.1_1,0.1731897314508072,0.29432944717991344
2026,08,ESP.4.2_1,0.1774535074592124,0.24152690458782333
2026,08,ESP.4.3_1,0.0848127770660803,0.2541453701655458
2026,08,ESP.4.4_1,0.1997095597407705,0.2803296825205855
2026,08,ESP.4.5_1,0.2758311022529775,0.26397548125628295
2026,08,ESP.5.1_1,0.309326805224148,0.310576166176869
2026,08,ESP.5.2_1,0.3369559207065914,0.5650538099816654
2026,08,ESP.5.3_1,0.2447065750149735,0.5306882567474308
2026,08,ESP.5.4_1,0.06283395768109028,0.3798019280697526
2026,08,ESP.5.5_1,0.8193670710883699,0.36253035630586755
2026,08,ESP.5.6_1,0.18599133188573358,0.3304523845807142
2026,08,ESP.5.7_1,0.17928272456749844,0.4123761992767457
2026,08,ESP.5.8_1,0.09421530759359194,0.33838260590208696
2026,08,ESP.5.9_1,0.24197365223250694,0.4022390668436778
2026,08,ESP.6.1_1,0.8800906523341965,0.6366559641142887
2026,08,ESP.6.2_1,0.7405382345981241,0.6045013440085806
2026,08,ESP.6.3_1,0.44007441433628947,0.49260552284990533
2026,08,ESP.6.4_1,0.6595207484703434,0.5644041150136031
2026,08,ESP.7.1_1,0.05153770651999937,0.6033760190266068
2026,08,ESP.7.2_1,0.04955518805263981,0.5094467706820953
2026,08,ESP.8.1_1,0.5257554319455244,0.2801753345620969
2026,08,ESP.9.1_1,0.3984741254834727,0.5951957522388789
2026,08,EST.1.13_1,0.05186262638468887,0.624072294085567
2026,08,EST.1.14_1,0.09054260419758733,0.7458234622593226
2026,08,EST.10.10_1,0.27678333678250316,0.7992164783676994
2026,08,EST.10.11_1,0.20875914957196268,0.7809825878648424
2026,08,EST.10.12_1,0.29935787738574815,0.7797233741040693
2026,08,EST.10.13_1,0.1648459475063802,0.7722357957439299
2026,08,EST.10.14_1,0.2857509510388418,0.7852909479419368
2026,08,EST.10.1_1,0.15651381721942834,0.7733825477200315
2026,08,EST.10.2_1,0.2450634322271042,0.7925762257045454
2026,08,EST.10.3_1,0.18118723075745843,0.7901841934684672
2026,08,EST.10.4_1,0.1815778424203508,0.8051185925839466
2026,08,EST.10.5_1,0.22117554287521765,0.7764042371506064
2026,08,EST.10.6_1,0.20232325045589816,0.7852146566382916
2026,08,EST.10.7_1,0.2903164056112101,0.7821776759782012
2026,08,EST.10.8_1,0.05248289381845982,0.6734249499953949
2026,08,EST.10.9_1,0.27140234448162526,0.7926141994809793
2026,08,EST.11.10_1,0.12757484541171643,0.7516617372915853
2026,08,EST.11.5_1,0.07412479656572267,0.7387141878865539
2026,08,EST.11.7_1,0.07329272660265687,0.6788293291156587
2026,08,EST.12.10_1,0.3121172440657465,0.7093804674193057
2026,08,EST.12.11_1,0.3203589748911564,0.7655896664729835
2026,08,EST.12.12_1,0.2776876864301678,0.7264513727500747
2026,08,EST.12.14_1,0.1955746269399842,0.7914997483406425
2026,08,EST.12.15_1,0.22277054525196938,0.8244721802755715
2026,08,EST.12.16_1,0.2878961539045274,0.7396122185379497
2026,08,EST.12.1_1,0.42771702296369263,0.7581233074293372
2026,08,EST.12.2_1,0.2490476751201216,0.7579949391478792
2026,08,EST.12.3_1,0.2892650871951583,0.7627389334170902
2026,08,EST.12.4_1,0.05236158350550006,0.662280801886724
2026,08,EST.12.5_1,0.2487674060413607,0.7528015791086745
2026,08,EST.12.6_1,0.37697828583539644,0.7078478277713232
2026,08,EST.12.7_1,0.23725618930551928,0.7428767220732894
2026,08,EST.12.8_1,0.3644784075078993,0.7272062437686376
2026,08,EST.12.9_1,0.19391470578833497,0.7459456262055747
2026,08,EST.13.10_1,0.1652110888059249,0.7818056593290496
2026,08,EST.13.11_1,0.24506103755354,0.791526426890696
2026,08,EST.13.12_1,0.1282042004788712,0.7792398968782823
2026,08,EST.13.13_1,0.05241489989681487,0.6670568653618686
2026,08,EST.13.14_1,0.2278203532902259,0.7929692218914753
2026,08,EST.13.15_1,0.22779967078994617,0.7927297348841471
2026,08,EST.13.16_1,0.20906009938378564,0.788894433665785
2026,08,EST.13.17_1,0.180506940720769,0.7726808192445106
2026,08,EST.13.18_1,0.34657325061168875,0.7973197431128072
2026,08,EST.13.19_1,0.19600914678253012,0.8039540159708357
2026,08,EST.13.1_1,0.2949519483963627,0.7827112837405529
2026,08,EST.13.20_1,0.28141333560321685,0.7945173249428295
2026,08,EST.13.21_1,0.18845463029819695,0.7902823923647523
2026,08,EST.13.22_1,0.05262301466335581,0.6877531404208287
2026,08,EST.13.2_1,0.07402088958473832,0.7245907939230404
2026,08,EST.13.3_1,0.23374964060379438,0.7920981239187845
2026,08,EST.13.4_1,0.05204335716778072,0.6368084633526195
2026,08,EST.13.5_1,0.28993858654970434,0.7768599153775684
2026,08,EST.13.6_1,0.20955428644954438,0.8051728182718945
2026,08,EST.13.7_1,0.12754710971546857,0.7524555107889283
2026,08,EST.13.8_1,0.2393421601412356,0.7907566214670448
2026,08,EST.13.9_1,0.20877271812245246,0.7826660640050483
2026,08,EST.14.10_1,0.18923271685169668,0.8184052041381166
2026,08,EST.14.11_1,0.2026149614715821,0.8004065941247542
2026,08,EST.14.12_1,0.05287120147589103,0.7195935635884599
2026,08,EST.14.13_1,0.05266578179272867,0.6925292038959736
2026,08,EST.14.1_1,0.2033934199472962,0.8252867442367059
2026,08,EST.14.2_1,0.15730264334347918,0.8022317718954294
2026,08,EST.14.3_1,0.19637786344956631,0.8154011487299402
2026,08,EST.14.4_1,0.1574713297854697,0.8122132436386453
2026,08,EST.14.5_1,0.1959608919838058,0.8011809801707879
2026,08,EST.14.6_1,0.1963648177576464,0.8170977032201071
2026,08,EST.14.7_1,0.24586669911712036,0.814407737309262
2026,08,EST.14.8_1,0.22871809617676347,0.8190399898991696
2026,08,EST.14.9_1,0.19580752637265433,0.7969039509497515
2026,08,EST.15.10_1,0.18131913604089206,0.7970978150760608
2026,08,EST.15.11_1,0.3619320061511841,0.7962525095935434
2026,08,EST.15.12_1,0.3185549830279879,0.8119336385220246
2026,08,EST.15.13_1,0.24599206796647818,0.815819256868131
2026,08,EST.15.14_1,0.05228738881346963,0.6559127172531978
2026,08,EST.15.15_1,0.05256293193116936,0.6813850557873027
2026,08,EST.15.1_1,0.21027472661417185,0.8288804254922656
2026,08,EST.15.2_1,0.2620377649893681,0.8151311038684033
2026,08,EST.15.3_1,0.24038421427506668,0.8180885564904468
2026,08,EST.15.4_1,0.20901415573353868,0.7910913730700735
2026,08,EST.15.5_1,0.20244598361397295,0.7906263878678503
2026,08,EST.15.6_1,0.16556639354655192,0.8010010432090547
2026,08,EST.15.7_1,0.05248289381845982,0.6734249499953949
2026,08,EST.15.8_1,0.20985441863177004,0.8142277886218976
2026,08,EST.15.9_1,0.27150075132510537,0.7945455288554807
2026,08,EST.16.10_1,0.23433490795685738,0.8103733843668205
2026,08,EST.16.11_1,0.3652773609109611,0.789714075984747
2026,08,EST.16.12_1,0.33462254793895096,0.7966340467963811
2026,08,EST.16.1_1,0.27303179345015327,0.8332067716103462
2026,08,EST.16.2_1,0.4912528925844315,0.8150146656009036
2026,08,EST.16.3_1,0.31746888673677276,0.7890266973922764
2026,08,EST.16.4_1,0.4725903761422984,0.7916796088890061
2026,08,EST.16.5_1,0.38015818551321784,0.7955898773334132
2026,08,EST.16.6_1,0.215754057785106,0.7990041395523564
2026,08,EST.16.7_1,0.5437481866618978,0.8075912327434861
2026,08,EST.16.8_1,0.3092477526526407,0.797933910762357
2026,08,EST.16.9_1,0.19619255633449037,0.8103168813025625
2026,08,EST.2.1_1,0.27759525376167704,0.725945592440057
2026,08,EST.2.2_1,0.3033297229040615,0.7046997292572545
2026,08,EST.2.3_1,0.05222940489333432,0.6511366537780533
2026,08,EST.2.4_1,0.2830367066408713,0.7369122703054284
2026,08,EST.2.5_1,0.3145721393837803,0.7400480607742604
2026,08,EST.3.10_1,0.20185024631767187,0.7739006816103345
2026,08,EST.3.11_1,0.15682500239919392,0.7825308444070187
2026,08,EST.3.12_1,0.18791015473050268,0.7701770835488702
2026,08,EST.3.13_1,0.23906335298104517,0.7816196932255105
2026,08,EST.3.14_1,0.2660243982702196,0.7854820592883497
2026,08,EST.3.15_1,0.05197728521735732,0.6320323998774745
2026,08,EST.3.16_1,0.0527454354045705,0.7020813308462627
2026,08,EST.3.17_1,0.05210739615153474,0.641584526827764
2026,08,EST.3.18_1,0.051839011083666106,0.6224802729271853
2026,08,EST.3.19_1,0.1652912303940353,0.7851870279682637
2026,08,EST.3.1_1,0.1382106781981647,0.7711921672735428
2026,08,EST.3.20_1,0.1732381077937869,0.7812619479860619
2026,08,EST.3.21_1,0.16504699655858063,0.778949349370258
2026,08,EST.3.22_1,0.23987996108594006,0.8041548302359135
2026,08,EST.3.2_1,0.09023583773445051,0.725408054415483
2026,08,EST.3.3_1,0.22178124662407267,0.7943971597757471
2026,08,EST.3.4_1,0.22152904160876102,0.7863355272639513
2026,08,EST.3.5_1,0.22791621135634213,0.7972206184414871
2026,08,EST.3.6_1,0.188055378330231,0.7772689132575155
2026,08,EST.3.7_1,0.051954808129827564,0.630440378719093
2026,08,EST.3.8_1,0.1272456535142851,0.737699373557775
2026,08,EST.3.9_1,0.07369198177820858,0.7032354053621118
2026,08,EST.4.11_1,0.14798059066033772,0.7835897268520533
2026,08,EST.4.3_1,0.1282697200209232,0.7833194705966294
2026,08,EST.4.6_1,0.05204335716778072,0.6368084633526195
2026,08,EST.4.7_1,0.10485789401019127,0.7738361317809628
2026,08,EST.5.10_1,0.18851393630777374,0.7899553604234283
2026,08,EST.5.11_1,0.24505703102813475,0.7912969153305126
2026,08,EST.5.12_1,0.2616351352222534,0.8036125148308169
2026,08,EST.5.13_1,0.2614467643876267,0.7973936350190782
2026,08,EST.5.1_1,0.33092861075609575,0.8060825337170698
2026,08,EST.5.2_1,0.07369083319152217,0.7021100900090356
2026,08,EST.5.3_1,0.1484356014431155,0.8080729522738287
2026,08,EST.5.4_1,0.052324930672841066,0.6590967595699608
2026,08,EST.5.5_1,0.2501124188413598,0.7810902542285418
2026,08,EST.5.6_1,0.2504819621483817,0.7883576474743582
2026,08,EST.5.7_1,0.2657173142958416,0.7786148979937427
2026,08,EST.5.8_1,0.2865040777214868,0.8004770290011045
2026,08,EST.5.9_1,0.05239734917711435,0.6654648442034872
2026,08,EST.6.11_1,0.07338782327220277,0.6844802686531951
2026,08,EST.6.13_1,0.09048144636368871,0.7393136470856532
2026,08,EST.6.4_1,0.1038250844999165,0.7255733796760531
2026,08,EST.6.5_1,0.05259341103770199,0.6845690981040656
2026,08,EST.6.6_1,0.1383664272096429,0.7830505342455284
2026,08,EST.7.10_1,0.1167936211297323,0.7656123957366914
2026,08,EST.7.11_1,0.2138336880247941,0.7480746843786483
2026,08,EST.7.12_1,0.19475089697633355,0.7659084242676566
2026,08,EST.7.1_1,0.052064929005537545,0.6384004845110008
2026,08,EST.7.2_1,0.25575894971022073,0.7878236746704604
2026,08,EST.7.3_1,0.19468395530825863,0.7636041965267691
2026,08,EST.7.4_1,0.2660128802686774,0.7843050084010013
2026,08,EST.7.5_1,0.303296422364312,0.7704041407324738
2026,08,EST.7.6_1,0.22720601326670004,0.7770151721032098
2026,08,EST.7.7_1,0.14766100812079716,0.7712392499528206
2026,08,EST.7.8_1,0.20173699664402905,0.7690775248381049
2026,08,EST.7.9_1,0.34968458320107154,0.7839492257578513
2026,08,EST.8.10_1,0.05222940489333432,0.6511366537780533
2026,08,EST.8.11_1,0.2623085878437587,0.8212963327574817
2026,08,EST.8.12_1,0.1737630264424014,0.8005410252156532
2026,08,EST.8.13_1,0.05286084804116879,0.7180015424300782
2026,08,EST.8.14_1,0.17362918318211512,0.7962833279629201
2026,08,EST.8.15_1,0.1170117952497602,0.7755078357227236
2026,08,EST.8.16_1,0.24583516328859217,0.8120725066333304
2026,08,EST.8.17_1,0.19499505351104454,0.773277540231104
2026,08,EST.8.18_1,0.05218963197104452,0.6479526114612901
2026,08,EST.8.19_1,0.3140932482409715,0.8087802889467841
2026,08,EST.8.1_1,0.18126653486733954,0.79483379387854
2026,08,EST.8.20_1,0.32196884501597217,0.7939152906472894
2026,08,EST.8.2_1,0.22704929809720417,0.7717711369529197
2026,08,EST.8.3_1,0.23954862044887396,0.795701534364595
2026,08,EST.8.4_1,0.34299211294074144,0.8029751269404818
2026,08,EST.8.5_1,0.13848443808964242,0.7912106688797316
2026,08,EST.8.7_1,0.3381170275281681,0.7876224445238817
2026,08,EST.8.8_1,0.05228738881346963,0.6559127172531978
2026,08,EST.8.9_1,0.1281938568602815,0.7824539087356375
2026,08,EST.9.1_1,0.05265174428485731,0.6909371827375919
2026,08,FIN.1.1_1,0.22766036796342123,0.7892162518219341
2026,08,FIN.1.2_1,0.25572887649099013,0.7886316138277144
2026,08,FIN.1.3_1,0.1046900780149395,0.7672445002947825
2026,08,FIN.1.4_1,0.2606637363355639,0.7815530841297932
2026,08,FIN.2.1_1,0.24525122610157496,0.8052071117124059
2026,08,FIN.3.1_1,0.16543008007165858,0.7907312708843734
2026,08,FIN.3.2_1,0.3372082919108983,0.8548949280694432
2026,08,FIN.4.1_1,0.17238856350090262,0.7552308145624119
2026,08,FIN.4.2_1,0.18818426860856802,0.7815714657785704
2026,08,FIN.4.3_1,0.07409129410641578,0.7302918215998917
2026,08,FIN.4.4_1,0.19534560944097376,0.7823227649725603
2026,08,FIN.4.5_1,0.25634805117894394,0.8027513232577764
2026,08,FIN.5.1_1,0.2869155873922778,0.8131643307399649
2026,08,FIN.5.2_1,0.16578195427983475,0.8051226235831717
2026,08,FIN.5.3_1,0.3767701238219282,0.797830787586148
2026,08,FIN.5.4_1,0.21546350559872973,0.7923186334107063
2026,08,FIN.5.5_1,0.12795400297876816,0.771992616036685
2026,08,FIN.5.6_1,0.3094298187359667,0.8022641164074257
2026,08,FIN.5.7_1,0.27095671817278455,0.7836236480644448
2026,08,FIN.5.8_1,0.1953528307793793,0.7863677657927794
2026,08,FIN.5.9_1,0.21519537493058605,0.7836407763096767
2026,08,FRA.1.10_1,0.3478988136078313,0.4999372615068944
2026,08,FRA.1.11_1,0.3073710664174736,0.42915954059338907
2026,08,FRA.1.12_1,0.28581020571855253,0.5148285880291213
2026,08,FRA.1.1_1,0.2987316090557338,0.4565844247841115
2026,08,FRA.1.2_1,0.2772756890218723,0.4379001475218257
2026,08,FRA.1.3_1,0.2696049135666242,0.46065177549216263
2026,08,FRA.1.4_1,0.2538727604697598,0.5617908612575782
2026,08,FRA.1.5_1,0.2708563845464892,0.42435755299067657
2026,08,FRA.1.6_1,0.2930393412396767,0.5060967268360151
2026,08,FRA.1.7_1,0.29091862311509276,0.5480302447985247
2026,08,FRA.1.8_1,0.3499529292410771,0.4811591393555313
2026,08,FRA.1.9_1,0.2745409180121635,0.44325704775411706
2026,08,FRA.10.10_1,0.18890920229684946,0.5561579603024706
2026,08,FRA.10.11_1,0.3691566970785851,0.7540636040247328
2026,08,FRA.10.12_1,0.2911062213795653,0.45211380121163797
2026,08,FRA.10.1_1,0.3136764137915591,0.5187009253799768
2026,08,FRA.10.2_1,0.2126710999731558,0.5079908677391137
2026,08,FRA.10.3_1,0.2867391213090489,0.5438518036835056
2026,08,FRA.10.4_1,0.2516147638584673,0.505880206184329
2026,08,FRA.10.5_1,0.2801513985624309,0.4743748956699443
2026,08,FRA.10.6_1,0.3421054489910337,0.5414060003733082
2026,08,FRA.10.7_1,0.36186383769880903,0.583288142120891
2026,08,FRA.10.8_1,0.2724559011978334,0.5015266734360337
2026,08,FRA.10.9_1,0.2890163033337896,0.6458804430400251
2026,08,FRA.11.10_1,0.24466151324151478,0.5226293992285754
2026,08,FRA.11.11_1,0.24530770414934402,0.5797732362495922
2026,08,FRA.11.12_1,0.2582461837417959,0.5581172044889814
2026,08,FRA.11.13_1,0.3297173613952742,0.5297786186387798
2026,08,FRA.11.1_1,0.2433270453790725,0.6757091544529201
2026,08,FRA.11.2_1,0.2824193808191346,0.5247114843016124
2026,08,FRA.11.3_1,0.3322640096292666,0.5235298496985662
2026,08,FRA.11.4_1,0.29188989841035107,0.4215785627335306
2026,08,FRA.11.5_1,0.18811202054181786,0.5449747602519254
2026,08,FRA.11.6_1,0.3226931563826804,0.5652148660279604
2026,08,FRA.11.7_1,0.28739558849035524,0.7450153436254989
2026,08,FRA.11.8_1,0.3028912395742859,0.49903195877674955
2026,08,FRA.11.9_1,0.1939768222846199,0.5425781924989139
2026,08,FRA.12.1_1,0.33077567727052876,0.5169045251051939
2026,08,FRA.12.2_1,0.298179938519789,0.4519518382464581
2026,08,FRA.12.3_1,0.2679674717329919,0.49964676425471827
2026,08,FRA.12.4_1,0.2822661927886389,0.4646447255173131
2026,08,FRA.12.5_1,0.2645589863213336,0.5086016438893336
2026,08,FRA.13.1_1,0.2553147950316049,0.4265203675425062
2026,08,FRA.13.2_1,0.31912794309463266,0.6505756388198377
2026,08,FRA.13.3_1,0.33805535718304636,0.5110089829281922
2026,08,FRA.13.4_1,0.24466810929079635,0.4982658243315553
2026,08,FRA.13.5_1,0.2740284973508896,0.4935486862499104
2026,08,FRA.13.6_1,0.22072131190315045,0.39497898752936694
2026,08,FRA.2.1_1,0.2910893957950839,0.45284268852437487
2026,08,FRA.2.2_1,0.271195228485861,0.49662873602899027
2026,08,FRA.2.3_1,0.2744966014463281,0.44267026252854624
2026,08,FRA.2.4_1,0.27746287186574387,0.46381418318370093
2026,08,FRA.2.5_1,0.15124502352979824,0.43397875086657406
2026,08,FRA.2.6_1,0.34530576288608056,0.41898579383001244
2026,08,FRA.2.7_1,0.15481134722407966,0.4690643517841356
2026,08,FRA.2.8_1,0.3013896073026759,0.4328230823184445
2026,08,FRA.3.1_1,0.3606965263624097,0.6609507703572395
2026,08,FRA.3.2_1,0.3472138564744757,0.7137991012426999
2026,08,FRA.3.3_1,0.3360462113354121,0.550550435755483
2026,08,FRA.3.4_1,0.30228702045733,0.5746149868207304
2026,08,FRA.4.1_1,0.16945118493552327,0.42563504333952656
2026,08,FRA.4.2_1,0.2572212764455059,0.4569929554037922
2026,08,FRA.4.3_1,0.2463797471727982,0.41834720121862096
2026,08,FRA.4.4_1,0.2333344490061252,0.4431047272023802
2026,08,FRA.4.5_1,0.2532203267646507,0.4339606695654981
2026,08,FRA.4.6_1,0.27833107816783126,0.4635636324053812
2026,08,FRA.5.1_1,0.20053813317165972,0.559374947777704
2026,08,FRA.5.2_1,0.2532662942362276,0.6096626877971025
2026,08,FRA.6.10_1,0.26674039888355333,0.4657574242969379
2026,08,FRA.6.1_1,0.29684331781172985,0.5068973545884974
2026,08,FRA.6.2_1,0.2571237687582325,0.43319806586913445
2026,08,FRA.6.3_1,0.2719703221603275,0.4499196980393505
2026,08,FRA.6.4_1,0.2530848936938081,0.48647640326923575
2026,08,FRA.6.5_1,0.2628010685522214,0.44215329611562776
2026,08,FRA.6.6_1,0.2970920240422445,0.4649840663015821
2026,08,FRA.6.7_1,0.29505032282136234,0.4360779588463596
2026,08,FRA.6.8_1,0.18980815383657454,0.4497587099134151
2026,08,FRA.6.9_1,0.31399253744740707,0.42911433767800217
2026,08,FRA.7.1_1,0.3130291666709477,0.4935652442929846
2026,08,FRA.7.2_1,0.4545653462769742,0.5718128416057573
2026,08,FRA.7.3_1,0.3061375007219756,0.4953353392844479
2026,08,FRA.7.4_1,0.44473352880876893,0.5765694543390738
2026,08,FRA.7.5_1,0.332814692002697,0.5506594522467033
2026,08,FRA.8.1_1,0.12139185109192122,0.4398315314544916
2026,08,FRA.8.2_1,0.145155763505879,0.4428596716200432
2026,08,FRA.8.3_1,0.12021241026090908,0.42585350720203463
2026,08,FRA.8.4_1,0.30892175063430616,0.45249356539472363
2026,08,FRA.8.5_1,0.2644120112466207,0.4511958245333964
2026,08,FRA.8.6_1,0.1737109307913686,0.46184471181514997
2026,08,FRA.8.7_1,0.14549229114759166,0.4461858384967915
2026,08,FRA.8.8_1,0.29349537008851434,0.46412125977876534
2026,08,FRA.9.1_1,0.34516640918282376,0.5859890027346063
2026,08,FRA.9.2_1,0.16576248393478826,0.5174324305796423
2026,08,FRA.9.3_1,0.3752119274208397,0.6673846078648102
2026,08,FRA.9.4_1,0.20242123107677076,0.5110544895697585
2026,08,FRA.9.5_1,0.3648890594647109,0.6062820190157633
2026,08,FRO.1.1_1,0,0
2026,08,FRO.1.2_1,0,0
2026,08,FRO.1.3_1,0,0
2026,08,FRO.1.5_1,0,0
2026,08,FRO.1.6_1,0,0
2026,08,FRO.1.7_1,0,0
2026,08,FRO.2.3_1,0,0
2026,08,FRO.2.4_1,0,0
2026,08,FRO.2.5_1,0,0
2026,08,FRO.2.6_1,0,0
2026,08,FRO.3.1_1,0,0
2026,08,FRO.3.3_1,0,0
2026,08,FRO.4.1_1,0,0
2026,08,FRO.4.2_1,0,0
2026,08,FRO.4.3_1,0,0
2026,08,FRO.6.1_1,0,0
2026,08,FRO.6.2_1,0,0
2026,08,GBR.1.101_1,0.13272641944812946,0.6168828526864458
2026,08,GBR.1.102_1,0.22192482463783805,0.5971935845782822
2026,08,GBR.1.103_1,0.10269094254364682,0.6757281032598544
2026,08,GBR.1.104_1,0.08987567842627009,0.7086263227143218
2026,08,GBR.1.105_1,0.12496408238166419,0.66772984712430306
2026,08,GBR.1.106_1,0.08607887105864678,0.5709349656236329
2026,08,GBR.1.107_1,0.10269605264334591,0.6777027680701734
2026,08,GBR.1.108_1,0.5118470902249365,0.5519510016575325
2026,08,GBR.1.109_1,0.24103494275541074,0.5317178924811521
2026,08,GBR.1.10_1,0.13711469968188592,0.7351285387392412
2026,08,GBR.1.110_1,0.41891171502495034,0.5736266146447638
2026,08,GBR.1.112_1,0.48729555300249616,0.5471336477149268
2026,08,GBR.1.113_1,0.21430525672576345,0.5191861004266468
2026,08,GBR.1.114_1,0.051511094202399514,0.6017839978682255
2026,08,GBR.1.115_1,0.26292711892957754,0.5236560990541489
2026,08,GBR.1.117_1,0.538885885648605,0.5515183581423476
2026,08,GBR.1.118_1,0.12259617082674183,0.6068716735789088
2026,08,GBR.1.11_1,0.12335766955799178,0.6238149747046162
2026,08,GBR.1.12_1,0.2824551826595721,0.5760515226006101
2026,08,GBR.1.13_1,0.24580164916803326,0.532084469549092
2026,08,GBR.1.16_1,0.6027373873531688,0.5617085784615229
2026,08,GBR.1.17_1,0.15169381368578067,0.5172648390455851
2026,08,GBR.1.18_1,0.37500276986549863,0.6883278422699166
2026,08,GBR.1.19_1,0.3072285198747169,0.6989326981229291
2026,08,GBR.1.20_1,0.5292111713830855,0.7180882033720487
2026,08,GBR.1.21_1,0.14767010279454068,0.5708097708762666
2026,08,GBR.1.22_1,0.459482292002505,0.8141802679760086
2026,08,GBR.1.23_1,0.22882188869373207,0.6924948832976648
2026,08,GBR.1.25_1,0.2334397906389648,0.6070063447589209
2026,08,GBR.1.26_1,0.6792625795327029,0.683727611010328
2026,08,GBR.1.27_1,0.09967389905863554,0.58694462499467015
2026,08,GBR.1.28_1,0.4366788510730908,0.6093061577912292
2026,08,GBR.1.29_1,0.11066522564248941,0.575145953470555
2026,08,GBR.1.2_1,0.298284134305251,0.5699805873128356
2026,08,GBR.1.30_1,0.4002374129191263,0.7045215095199137
2026,08,GBR.1.31_1,0.1332602147100146,0.6292586054928015
2026,08,GBR.1.32_1,0.4691092102690409,0.6277381212885241
2026,08,GBR.1.33_1,0.7300444418355098,0.5979980899175171
2026,08,GBR.1.34_1,0.2283826436888404,0.6873027929507007
2026,08,GBR.1.35_1,0.5813986480094885,0.545390057800649
2026,08,GBR.1.36_1,0.9146701455293004,0.5475033210347309
2026,08,GBR.1.37_1,0.13523067708932462,0.6757478832167956
2026,08,GBR.1.38_1,0.6439260178059945,0.5637966373606055
2026,08,GBR.1.39_1,0.08886304813203907,0.6622835160187122
2026,08,GBR.1.3_1,0.23803500275638698,0.5075196213993995
2026,08,GBR.1.40_1,0.2104732390623739,0.5964986853596391
2026,08,GBR.1.41_1,0.6407182051820175,0.5330263765548005
2026,08,GBR.1.42_1,0.20635070797857794,0.6194144185734278
2026,08,GBR.1.44_1,0.7378873723697492,0.5928532413190083
2026,08,GBR.1.46_1,0.0732834873442794,0.6789556768974667
2026,08,GBR.1.47_1,0.12535698900379394,0.6773615945091515
2026,08,GBR.1.48_1,0.38812234280731783,0.8073041924643684
2026,08,GBR.1.49_1,0.29342166771598094,0.6897098812334868
2026,08,GBR.1.4_1,0.39696688309539413,0.5636677904371777
2026,08,GBR.1.50_1,0.15447181619891515,0.553908363401374
2026,08,GBR.1.51_1,0.6076423753198011,0.5692710871915866
2026,08,GBR.1.52_1,0.6499596857969269,0.6102945221731307
2026,08,GBR.1.53_1,0.06894443618034819,0.5150380765771774
2026,08,GBR.1.54_1,0.05063640803297186,0.5556153842751603
2026,08,GBR.1.55_1,0.21619787141416677,0.5954080567247014
2026,08,GBR.1.56_1,0.08917744792176899,0.6754485706365841
2026,08,GBR.1.57_1,0.08308009258589895,0.49775885254065183
2026,08,GBR.1.58_1,0.2761887690301215,0.7040310088509809
2026,08,GBR.1.59_1,0.6152178076379521,0.6618867126188922
2026,08,GBR.1.60_1,0.20671020487683245,0.6244414696565409
2026,08,GBR.1.61_1,0.24831501803288553,0.6007392001819057
2026,08,GBR.1.62_1,0.2301557772601992,0.7158616530853581
2026,08,GBR.1.63_1,0.6363388016323153,0.713855242072341
2026,08,GBR.1.64_1,0.4569037264217665,0.5327423634845004
2026,08,GBR.1.65_1,0.4019120632670499,0.7604618923094938
2026,08,GBR.1.66_1,0.20371589791753042,0.5852992818376512
2026,08,GBR.1.67_1,0.6447895506206198,0.5935576552102659
2026,08,GBR.1.69_1,0.5093592756743239,0.5142644048871086
2026,08,GBR.1.6_1,0.1167660307514466,0.7623110841961451
2026,08,GBR.1.70_1,0.22116617960567814,0.5337053171309308
2026,08,GBR.1.71_1,0.2118614533822038,0.7092051102500002
2026,08,GBR.1.72_1,0.20487956191229345,0.600156586395493
2026,08,GBR.1.73_1,0.08488506612775118,0.5396011307641819
2026,08,GBR.1.74_1,0.17755923732152679,0.49958442262950137
2026,08,GBR.1.75_1,0.1150658011097536,0.6956493305618335
2026,08,GBR.1.77_1,0.07141730160204478,0.5957881297397302
2026,08,GBR.1.78_1,0.18089867820621522,0.5350243749064855
2026,08,GBR.1.81_1,0.14683556944667753,0.5567686601000849
2026,08,GBR.1.82_1,0.28632126840932426,0.7162065605840668
2026,08,GBR.1.84_1,0.4021248490365583,0.6374856340737208
2026,08,GBR.1.85_1,0.20271569602731057,0.5125112218422949
2026,08,GBR.1.86_1,0.11841717535998136,0.5263014910622238
2026,08,GBR.1.87_1,0.5816184638503673,0.6285614593807202
2026,08,GBR.1.88_1,0.28506639029687625,0.5639776710603297
2026,08,GBR.1.89_1,0.2229390006584164,0.6924839876058178
2026,08,GBR.1.8_1,0.18750191910660619,0.6218116392782891
2026,08,GBR.1.90_1,0.2030683180513659,0.577336320821011
2026,08,GBR.1.91_1,0.12444594028411311,0.6582610813012153
2026,08,GBR.1.92_1,0.2585430011138067,0.6084778933144109
2026,08,GBR.1.93_1,0.13610117366468724,0.6993330655749225
2026,08,GBR.1.94_1,0.1136451939882204,0.6489465729031251
2026,08,GBR.1.96_1,0.6340739766898019,0.6344504162290536
2026,08,GBR.1.97_1,0.18477566248192023,0.6941285071834286
2026,08,GBR.1.98_1,0.5613012490683941,0.5318199961530865
2026,08,GBR.1.99_1,0.11884274674613923,0.5341659968595891
2026,08,GBR.1.9_1,0.2029624762230925,0.5145820958196503
2026,08,GBR.2.10_1,0.052828493831095606,0.7132254789549335
2026,08,GBR.2.2_1,0.07411802115368361,0.7332513002340425
2026,08,GBR.2.5_1,0.15822920968361373,0.8496860471549117
2026,08,GBR.2.6_1,0.13921906083766553,0.821010395043474
2026,08,GBR.2.9_1,0.10532095596680356,0.8110011153657866
2026,08,GBR.3.14_1,0.07446020459799427,0.7601549954003028
2026,08,GBR.3.15_1,0.10425896542867624,0.747337892736293
2026,08,GBR.3.17_1,0.19701879366838612,0.844790586766416
2026,08,GBR.3.21_1,0.07429413295228615,0.7505923258194585
2026,08,GBR.3.22_1,0.05265174428485731,0.6909371827375919
2026,08,GBR.3.24_1,0.18053272876412368,0.7717114648507704
2026,08,GBR.3.26_1,0.11636167095871804,0.743381927290554
2026,08,GBR.3.2_1,0.09023171045206961,0.7287627575416697
2026,08,GBR.3.30_1,0.138451144343611,0.7843656963851504
2026,08,GBR.3.31_1,0.07464715106024124,0.7810396511889955
2026,08,GBR.3.3_1,0.1470710267572315,0.7524571875105674
2026,08,GBR.3.4_1,0.14965395166143602,0.8861950908279943
2026,08,GBR.3.5_1,0.1049145439316017,0.7787413442657254
2026,08,GBR.3.6_1,0.052432229503165236,0.6686488865202503
2026,08,GBR.3.7_1,0.14595436344503604,0.7171749561431805
2026,08,GBR.3.9_1,0.05266578179272867,0.6925292038959736
2026,08,GBR.4.10_1,0.3542036854542695,0.6945050443315647
2026,08,GBR.4.11_1,0.4151368392976362,0.761687906677325
2026,08,GBR.4.12_1,0.050140990535841826,0.5333270880578186
2026,08,GBR.4.13_1,0.27297991450556874,0.5708578733404053
2026,08,GBR.4.14_1,0.32022555798218544,0.6598207089336777
2026,08,GBR.4.15_1,0.2144119996902231,0.5761411375257874
2026,08,GBR.4.16_1,0.3973668230323387,0.7450486028972421
2026,08,GBR.4.17_1,0.43338499598407243,0.6679289914856663
2026,08,GBR.4.18_1,0.1340879195726656,0.6474482151565213
2026,08,GBR.4.19_1,0.30533772304082524,0.6763935302893672
2026,08,GBR.4.1_1,0.15530880690788343,0.7317501795956399
2026,08,GBR.4.20_1,0.18483013474788282,0.5839872349562272
2026,08,GBR.4.21_1,0.07195696005071343,0.6157713486537842
2026,08,GBR.4.22_1,0.3555157177881454,0.670424381838659
2026,08,GBR.4.2_1,0.10063349418879401,0.6129509596443636
2026,08,GBR.4.3_1,0.2847846750991516,0.6403419955644847
2026,08,GBR.4.4_1,0.07112689991333,0.5871037672023298
2026,08,GBR.4.5_1,0.050703225696644295,0.5587994265919234
2026,08,GBR.4.6_1,0.3684382384205106,0.6914939133296277
2026,08,GBR.4.7_1,0.3017014544618239,0.7461740481666709
2026,08,GBR.4.8_1,0.21247889007867676,0.7212604170963305
2026,08,GBR.4.9_1,0.2857247652832841,0.7066657686552207
2026,08,GEO.1.1_1,0.05307816499603703,0.7657621771815247
2026,08,GEO.1.2_1,0.053033176867546335,0.8405871716254575
2026,08,GEO.1.3_1,0.05295470198881569,0.7339217540138937
2026,08,GEO.1.4_1,0.05286084804116879,0.7180015424300782
2026,08,GEO.1.5_1,0.053116422751202576,0.7976026003491555
2026,08,GEO.1.6_1,0.052993581277124946,0.7418818598058015
2026,08,GEO.10.1_1,0.053069659527248715,0.7625781348647618
2026,08,GEO.10.2_1,0.05193210400246335,0.6288483575607116
2026,08,GEO.10.3_1,0.052993581277124946,0.7418818598058015
2026,08,GEO.10.4_1,0,0
2026,08,GEO.10.5_1,0.05259341103770199,0.6845690981040656
2026,08,GEO.10.6_1,0.05224895601103845,0.6527286749364346
2026,08,GEO.11.1_1,0.05197728521735732,0.6320323998774745
2026,08,GEO.11.2_1,0.051511094202399514,0.6017839978682255
2026,08,GEO.11.3_1,0.05244933821533736,0.6702409076786319
2026,08,GEO.11.4_1,0.05228738881346963,0.6559127172531978
2026,08,GEO.11.5_1,0.052693203074649864,0.6957132462127364
2026,08,GEO.12.1_1,0.049261793608223935,0.4983026225734245
2026,08,GEO.2.1_1,0.052891262156182985,0.8692435524763255
2026,08,GEO.2.2_1,0.053085818752790455,0.8230749388832604
2026,08,GEO.2.3_1,0.052993581277124946,0.7418818598058015
2026,08,GEO.2.4_1,0.053116422751202576,0.7976026003491555
2026,08,GEO.2.5_1,0.053111323309435736,0.8071547272994449
2026,08,GEO.3.1_1,0.053103673228617844,0.8135228119329709
2026,08,GEO.3.2_1,0.05297089628315062,0.737105796330657
2026,08,GEO.3.3_1,0.05309570322235519,0.7737222829734324
2026,08,GEO.4.10_1,0.05241489989681487,0.6670568653618686
2026,08,GEO.4.11_1,0.052910462063216236,0.72596164822198606
2026,08,GEO.4.12_1,0.05263748863416156,0.6893451615792104
2026,08,GEO.4.1_1,0.05306030193684188,0.7593940925479985
2026,08,GEO.4.2_1,0.05166728623151182,0.6113361248185145
2026,08,GEO.4.3_1,0.05295470198881569,0.7339217540138937
2026,08,GEO.4.4_1,0.052910462063216236,0.72596164822198606
2026,08,GEO.4.5_1,0.05244933821533736,0.6702409076786319
2026,08,GEO.4.6_1,0.05204335716778072,0.6368084633526195
2026,08,GEO.4.7_1,0.0524993411324214,0.6750169711537763
2026,08,GEO.4.8_1,0.0525782810136782,0.6829770769456843
2026,08,GEO.4.9_1,0.05246622624942539,0.6718329288370133
2026,08,GEO.5.1_1,0,0
2026,08,GEO.5.2_1,0.04624299510541459,0.4043733742289133
2026,08,GEO.5.3_1,0,0
2026,08,GEO.5.4_1,0,0
2026,08,GEO.5.5_1,0.04549901228029032,0.3852691203283345
2026,08,GEO.5.6_1,0.048253552815115175,0.4632781570890304
2026,08,GEO.5.7_1,0.04699669320242809,0.4250696492878734
2026,08,GEO.5.8_1,0,0
2026,08,GEO.6.1_1,0.05021476073212452,0.5365111303745819
2026,08,GEO.6.2_1,0.05241489989681487,0.6670568653618686
2026,08,GEO.6.3_1,0.046884176210791065,0.4218856069711103
2026,08,GEO.6.4_1,0.04562632544968254,0.38845316264509794
2026,08,GEO.6.5_1,0.051346515286048326,0.5922318709179359
2026,08,GEO.6.6_1,0.05286084804116879,0.7180015424300782
2026,08,GEO.7.1_1,0.051374530897953394,0.5938238920763175
2026,08,GEO.7.2_1,0.05186262638468887,0.624072294085567
2026,08,GEO.7.3_1,0.05161614931423739,0.6081520825017512
2026,08,GEO.7.4_1,0.05102273246650329,0.5747196381757389
2026,08,GEO.7.5_1,0,0
2026,08,GEO.8.1_1,0.05230627099007242,0.6575047384115795
2026,08,GEO.8.2_1,0.052169409655140477,0.6463605903029086
2026,08,GEO.8.3_1,0.051742261057465135,0.6161121882936592
2026,08,GEO.8.4_1,0.05265174428485731,0.6909371827375919
2026,08,GEO.9.1_1,0.05271975384040053,0.6988972885294997
2026,08,GEO.9.2_1,0.053101229220535943,0.7769063252901955
2026,08,GEO.9.3_1,0.05307401875027856,0.7641701560231431
2026,08,GEO.9.4_1,0.053033176867546335,0.7514339867560907
2026,08,GEO.9.5_1,0.05244933821533736,0.6702409076786319
2026,08,GEO.9.6_1,0.05301434071818018,0.746657923280946
2026,08,GEO.9.7_1,0.053116422751202576,0.7944185580323926
2026,08,GEO.9.8_1,0.05311557287824003,0.8007866426659189
2026,08,GRC.1.1_1,0.07047920925128824,0.5689798633866571
2026,08,GRC.1.2_1,0.08942974935681713,0.6934708875049855
2026,08,GRC.3.1_1,0.30069321009607647,0.40347049212737507
2026,08,GRC.4.1_1,0.04955518805263981,0.03192022372694833
2026,08,GRC.5.1_1,0.0812850210661612,0.36487346864726067
2026,08,GRC.5.2_1,0.1474115268446643,0.40184517061362945
2026,08,GRC.6.1_1,0.2751119739931455,0.5385740871263921
2026,08,GRC.6.2_1,0.14699208385095783,0.3525205610719085
2026,08,GRC.7.1_1,0.07376086424890015,0.7090982296002282
2026,08,GRC.7.2_1,0.20468921543084598,0.41049530671809864
2026,08,GRC.7.3_1,0.20233669283650924,0.46641804323315667
2026,08,GRC.8.1_1,0.18176510366975734,0.4314081499310185
2026,08,GRC.8.2_1,0.2033078982285425,0.4887906603785206
2026,08,GRL.1_1,0,0
2026,08,GRL.3_1,0,0
2026,08,GRL.4_1,0,0
2026,08,GRL.5_1,0,0
2026,08,HRV.1.10_1,0,0
2026,08,HRV.1.11_1,0,0
2026,08,HRV.1.12_1,0,0
2026,08,HRV.1.13_1,0,0
2026,08,HRV.1.14_1,0,0
2026,08,HRV.1.15_1,0,0
2026,08,HRV.1.16_1,0,0
2026,08,HRV.1.17_1,0.04280862716454913,0.3247723163098356
2026,08,HRV.1.18_1,0,0
2026,08,HRV.1.19_1,0,0
2026,08,HRV.1.1_1,0,0
2026,08,HRV.1.20_1,0,0
2026,08,HRV.1.21_1,0,0
2026,08,HRV.1.22_1,0,0
2026,08,HRV.1.23_1,0,0
2026,08,HRV.1.2_1,0,0
2026,08,HRV.1.3_1,0,0
2026,08,HRV.1.4_1,0,0
2026,08,HRV.1.5_1,0.04208961264351133,0.310444125884402
2026,08,HRV.1.6_1,0.04167532477341071,0.3024840200924941
2026,08,HRV.1.7_1,0.04249322318749342,0.3184042316763096
2026,08,HRV.1.8_1,0.04288645786391269,0.3263643374682173
2026,08,HRV.1.9_1,0,0
2026,08,HRV.10.10_1,0.04326959956174681,0.3343244432601252
2026,08,HRV.10.11_1,0.042572690882333904,0.3199962528346913
2026,08,HRV.10.12_1,0.043420090292464256,0.3375084855768882
2026,08,HRV.10.13_1,0.04581478446351981,0.3932292261202424
2026,08,HRV.10.14_1,0.04581478446351981,0.3932292261202424
2026,08,HRV.10.15_1,0.041759051669332664,0.3040760412508758
2026,08,HRV.10.16_1,0.04098944413919014,0.2897478508254417
2026,08,HRV.10.17_1,0.04371642002093581,0.3438765702104142
2026,08,HRV.10.18_1,0.04378954483371724,0.3454685913687961
2026,08,HRV.10.19_1,0.043420090292464256,0.3375084855768882
2026,08,HRV.10.1_1,0.044841928874410235,0.36934890874451914
2026,08,HRV.10.20_1,0.04456929420520397,0.36298082411099314
2026,08,HRV.10.21_1,0.04356902514489777,0.3406925278936513
2026,08,HRV.10.22_1,0.04371642002093581,0.3438765702104142
2026,08,HRV.10.23_1,0.04581478446351981,0.3932292261202424
2026,08,HRV.10.24_1,0.043040910447353406,0.3295483797849804
2026,08,HRV.10.25_1,0.042007619247333414,0.30885210472602026
2026,08,HRV.10.2_1,0.04349475120062014,0.33910050673526954
2026,08,HRV.10.4_1,0.042572690882333904,0.3199962528346913
2026,08,HRV.10.5_1,0.044220395646106976,0.3550207183190852
2026,08,HRV.10.6_1,0.04556283717816291,0.3868611414867162
2026,08,HRV.10.7_1,0.042007619247333414,0.30885210472602026
2026,08,HRV.10.8_1,0.0440066515777403,0.3502446548439406
2026,08,HRV.10.9_1,0.044078270799579294,0.3518366760023221
2026,08,HRV.10_1,0.04296388489868826,0.3279563586265989
2026,08,HRV.11.10_1,0.042007619247333414,0.30885210472602026
2026,08,HRV.11.11_1,0.043040910447353406,0.3295483797849804
2026,08,HRV.11.12_1,0.038846888860369744,0.25313136418266624
2026,08,HRV.11.13_1,0.04045569093321524,0.2801957238751524
2026,08,HRV.11.14_1,0.042572690882333904,0.3199962528346913
2026,08,HRV.11.15_1,0.03904393683112971,0.2563154064994293
2026,08,HRV.11.16_1,0.036861493427271116,0.22288296217341677
2026,08,HRV.11.17_1,0.042572690882333904,0.3199962528346913
2026,08,HRV.11.18_1,0.04150654863377774,0.29929997777573114
2026,08,HRV.11.19_1,0.03813988709978218,0.24198721607399537
2026,08,HRV.11.1_1,0.04133599134297145,0.29611593545896786
2026,08,HRV.11.20_1,0.040273959669950864,0.2770116815583893
2026,08,HRV.11.21_1,0.04036506736836861,0.27860370271677104
2026,08,HRV.11.22_1,0.04150654863377774,0.29929997777573114
2026,08,HRV.11.23_1,0.042007619247333414,0.30885210472602026
2026,08,HRV.11.24_1,0.04125003787061803,0.2945239143005865
2026,08,HRV.11.25_1,0.04142149400202496,0.2977079566173496
2026,08,HRV.11.26_1,0.04045569093321524,0.2801957238751524
2026,08,HRV.11.27_1,0.04045569093321524,0.2801957238751524
2026,08,HRV.11.28_1,0.04265174592133566,0.3215882739930728
2026,08,HRV.11.29_1,0.04249322318749342,0.3184042316763096
2026,08,HRV.11.2_1,0.04125003787061803,0.2945239143005865
2026,08,HRV.11.30_1,0.040182364544853626,0.2754196604000079
2026,08,HRV.11.31_1,0.04249322318749342,0.3184042316763096
2026,08,HRV.11.32_1,0.04036506736836861,0.27860370271677104
2026,08,HRV.11.33_1,0.042730390594849225,0.3231802951514544
2026,08,HRV.11.34_1,0.04116363076094505,0.2929318931422048
2026,08,HRV.11.35_1,0.04159115798690046,0.3008919989341125
2026,08,HRV.11.36_1,0.04150654863377774,0.29929997777573114
2026,08,HRV.11.37_1,0.04192519631739169,0.3072600835676389
2026,08,HRV.11.38_1,0.04208961264351133,0.310444125884402
2026,08,HRV.11.39_1,0.041759051669332664,0.3040760412508758
2026,08,HRV.11.3_1,0.04098944413919014,0.2897478508254417
2026,08,HRV.11.40_1,0.039716958860551696,0.26745955460810017
2026,08,HRV.11.41_1,0.04192519631739169,0.3072600835676389
2026,08,HRV.11.42_1,0.043040910447353406,0.3295483797849804
2026,08,HRV.11.43_1,0.04125003787061803,0.2945239143005865
2026,08,HRV.11.44_1,0.04192519631739169,0.3072600835676389
2026,08,HRV.11.45_1,0.03962236727529253,0.26586753344971864
2026,08,HRV.11.4_1,0.041076767151203744,0.2913398719838234
2026,08,HRV.11.5_1,0.04063549860122299,0.28337976619191546
2026,08,HRV.11.6_1,0.041076767151203744,0.2913398719838234
2026,08,HRV.11.7_1,0.04125003787061803,0.2945239143005865
2026,08,HRV.11.8_1,0.04192519631739169,0.3072600835676389
2026,08,HRV.11.9_1,0.039141656345345104,0.2579074276578109
2026,08,HRV.12.10_1,0.043345040420819075,0.33591646441850664
2026,08,HRV.12.1_1,0.04414951822333112,0.3534286971607037
2026,08,HRV.12.2_1,0.03981104222245542,0.2690515757664817
2026,08,HRV.12.3_1,0.04280862716454913,0.3247723163098356
2026,08,HRV.12.4_1,0.04356902514489777,0.3406925278936513
2026,08,HRV.12.5_1,0.04249322318749342,0.3184042316763096
2026,08,HRV.12.6_1,0.04233304052256631,0.31522018935954665
2026,08,HRV.12.7_1,0.041076767151203744,0.2913398719838234
2026,08,HRV.12.8_1,0.04142149400202496,0.2977079566173496
2026,08,HRV.12.9_1,0.04356902514489777,0.3406925278936513
2026,08,HRV.13.10_1,0.04630286987281288,0.4059653953872948
2026,08,HRV.13.12_1,0.04810563189492998,0.45850209361388594
2026,08,HRV.13.13_1,0.04721805488219425,0.4314377339213996
2026,08,HRV.13.14_1,0.04699669320242809,0.4250696492878734
2026,08,HRV.13.15_1,0.04721805488219425,0.4314377339213996
2026,08,HRV.13.16_1,0.047052491029430696,0.42666167044625497
2026,08,HRV.13.17_1,0.046884176210791065,0.4218856069711103
2026,08,HRV.13.18_1,0.04648057464495373,0.41074145886243946
2026,08,HRV.13.1_1,0.04785336459144693,0.450541987821978
2026,08,HRV.13.20_1,0.0450426913037363,0.3741249722196636
2026,08,HRV.13.21_1,0.04785336459144693,0.450541987821978
2026,08,HRV.13.23_1,0.05049982586358712,0.5492472996416341
2026,08,HRV.13.24_1,0.04530550356419647,0.38049305685318985
2026,08,HRV.13.25_1,0.048204530393412735,0.46168613593064906
2026,08,HRV.13.26_1,0.04934694209044428,0.5014866648901878
2026,08,HRV.13.27_1,0.04624299510541459,0.4043733742289133
2026,08,HRV.13.29_1,0.04562632544968254,0.38845316264509794
2026,08,HRV.13.2_1,0.04665542564230543,0.4155175223375841
2026,08,HRV.13.30_1,0.04556283717816291,0.3868611414867162
2026,08,HRV.13.31_1,0.04938911853211241,0.5030786860485692
2026,08,HRV.13.32_1,0.04587694011215763,0.3948212472786241
2026,08,HRV.13.33_1,0.04682745483236697,0.42029358581272874
2026,08,HRV.13.34_1,0.04877427985491362,0.4807903898312276
2026,08,HRV.13.35_1,0.048005589319064845,0.45531805129712283
2026,08,HRV.13.39_1,0.04716317079588728,0.42984571276301803
2026,08,HRV.13.3_1,0.04568947849813677,0.3900451838034793
2026,08,HRV.13.40_1,0.04775043014811539,0.44735794550521507
2026,08,HRV.13.41_1,0.04414951822333112,0.3534286971607037
2026,08,HRV.13.42_1,0.04600026346131408,0.39800528959538706
2026,08,HRV.13.4_1,0.04727263651700178,0.43302975507978114
2026,08,HRV.13.5_1,0.049218820191286906,0.49671060141504314
2026,08,HRV.13.6_1,0.049796455551638814,0.5189988976323848
2026,08,HRV.13.7_1,0.04537034691538987,0.38208507801157154
2026,08,HRV.13.8_1,0.04665542564230543,0.4155175223375841
2026,08,HRV.13.9_1,0.04429090484421171,0.35661273947746674
2026,08,HRV.14.10_1,0.04414951822333112,0.3534286971607037
2026,08,HRV.14.11_1,0,0
2026,08,HRV.14.12_1,0,0
2026,08,HRV.14.13_1,0.04659745706877908,0.41392550117920257
2026,08,HRV.14.14_1,0.0450426913037363,0.3741249722196636
2026,08,HRV.14.15_1,0,0
2026,08,HRV.14.16_1,0.04265174592133566,0.3215882739930728
2026,08,HRV.14.17_1,0,0
2026,08,HRV.14.18_1,0.043934658739576096,0.34865263368555904
2026,08,HRV.14.19_1,0,0
2026,08,HRV.14.1_1,0,0
2026,08,HRV.14.2_1,0,0
2026,08,HRV.14.3_1,0.044637988217937796,0.36457284526937467
2026,08,HRV.14.4_1,0,0
2026,08,HRV.14.5_1,0.043040910447353406,0.3295483797849804
2026,08,HRV.14.6_1,0,0
2026,08,HRV.14.7_1,0.04192519631739169,0.3072600835676389
2026,08,HRV.14.8_1,0.04326959956174681,0.3343244432601252
2026,08,HRV.15.10_1,0,0
2026,08,HRV.15.11_1,0,0
2026,08,HRV.15.12_1,0,0
2026,08,HRV.15.13_1,0.04280862716454913,0.3247723163098356
2026,08,HRV.15.14_1,0,0
2026,08,HRV.15.15_1,0,0
2026,08,HRV.15.16_1,0,0
2026,08,HRV.15.17_1,0,0
2026,08,HRV.15.18_1,0.044841928874410235,0.36934890874451914
2026,08,HRV.15.19_1,0,0
2026,08,HRV.15.1_1,0,0
2026,08,HRV.15.2_1,0.044078270799579294,0.3518366760023221
2026,08,HRV.15.3_1,0.043934658739576096,0.34865263368555904
2026,08,HRV.15.4_1,0,0
2026,08,HRV.15.5_1,0.04045569093321524,0.2801957238751524
2026,08,HRV.15.6_1,0,0
2026,08,HRV.15.7_1,0.043040910447353406,0.3295483797849804
2026,08,HRV.15.8_1,0.04208961264351133,0.310444125884402
2026,08,HRV.15.9_1,0,0
2026,08,HRV.16.10_1,0.04581478446351981,0.3932292261202424
2026,08,HRV.16.11_1,0.051429858041199025,0.5970079343930806
2026,08,HRV.16.12_1,0.04510891319464406,0.37571699337804537
2026,08,HRV.16.13_1,0.0501037268453455,0.5317350668994371
2026,08,HRV.16.14_1,0.04587694011215763,0.3948212472786241
2026,08,HRV.16.15_1,0.04780204312044206,0.44894996666359666
2026,08,HRV.16.17_1,0.044637988217937796,0.36457284526937467
2026,08,HRV.16.18_1,0.044078270799579294,0.3518366760023221
2026,08,HRV.16.19_1,0.04648057464495373,0.41074145886243946
2026,08,HRV.16.1_1,0.04593876600154827,0.39641326843700553
2026,08,HRV.16.20_1,0.04738089660732755,0.43621379739654426
2026,08,HRV.16.21_1,0.046539173797603216,0.412333480020821
2026,08,HRV.16.23_1,0.04530550356419647,0.38049305685318985
2026,08,HRV.16.24_1,0.05039479499775907,0.5444712361664896
2026,08,HRV.16.26_1,0.04780204312044206,0.44894996666359666
2026,08,HRV.16.27_1,0.04543484933743066,0.38367709916995313
2026,08,HRV.16.28_1,0.04371642002093581,0.3438765702104142
2026,08,HRV.16.29_1,0.044774303922658285,0.3677568875861376
2026,08,HRV.16.2_1,0.048005589319064845,0.45531805129712283
2026,08,HRV.16.30_1,0.048819956299597005,0.4823824109896092
2026,08,HRV.16.31_1,0.05049982586358712,0.5492472996416341
2026,08,HRV.16.32_1,0.04587694011215763,0.3948212472786241
2026,08,HRV.16.33_1,0.04510891319464406,0.37571699337804537
2026,08,HRV.16.34_1,0.044841928874410235,0.36934890874451914
2026,08,HRV.16.35_1,0.05063640803297186,0.5556153842751603
2026,08,HRV.16.36_1,0.044430825569473094,0.35979678179422986
2026,08,HRV.16.37_1,0.04716317079588728,0.42984571276301803
2026,08,HRV.16.39_1,0.0449761209892563,0.37253295106128226
2026,08,HRV.16.40_1,0.04524031781788012,0.3789010356948085
2026,08,HRV.16.43_1,0.049175579728357045,0.4951185802566614
2026,08,HRV.16.44_1,0.051429858041199025,0.5970079343930806
2026,08,HRV.16.45_1,0.04775043014811539,0.44735794550521507
2026,08,HRV.16.48_1,0.04844681708178188,0.4696462417225566
2026,08,HRV.16.49_1,0.046884176210791065,0.4218856069711103
2026,08,HRV.16.4_1,0.04530550356419647,0.38049305685318985
2026,08,HRV.16.50_1,0.04510891319464406,0.37571699337804537
2026,08,HRV.16.52_1,0.044637988217937796,0.36457284526937467
2026,08,HRV.16.53_1,0.04470632424405152,0.36616486642775586
2026,08,HRV.16.54_1,0.04677042337059844,0.4187015646543472
2026,08,HRV.16.55_1,0.04659745706877908,0.41392550117920257
2026,08,HRV.16.56_1,0.04386229044539485,0.3470606125271773
2026,08,HRV.16.5_1,0.044841928874410235,0.36934890874451914
2026,08,HRV.16.6_1,0.04721805488219425,0.4314377339213996
2026,08,HRV.16.7_1,0.04904424897846883,0.4903425167815169
2026,08,HRV.16.8_1,0.046884176210791065,0.4218856069711103
2026,08,HRV.16.9_1,0.041759051669332664,0.3040760412508758
2026,08,HRV.16_1,0.047052491029430696,0.42666167044625497
2026,08,HRV.17.10_1,0.044220395646106976,0.3550207183190852
2026,08,HRV.17.11_1,0.046539173797603216,0.412333480020821
2026,08,HRV.17.12_1,0.04543484933743066,0.38367709916995313
2026,08,HRV.17.13_1,0.04517478819424583,0.3773090145364269
2026,08,HRV.17.14_1,0.04450024054800256,0.36138880295261144
2026,08,HRV.17.15_1,0.04356902514489777,0.3406925278936513
2026,08,HRV.17.16_1,0.04556283717816291,0.3868611414867162
2026,08,HRV.17.17_1,0.04456929420520397,0.36298082411099314
2026,08,HRV.17.18_1,0.044774303922658285,0.3677568875861376
2026,08,HRV.17.19_1,0.04364291410096731,0.3422845490520328
2026,08,HRV.17.1_1,0.04562632544968254,0.38845316264509794
2026,08,HRV.17.20_1,0.04429090484421171,0.35661273947746674
2026,08,HRV.17.21_1,0.04556283717816291,0.3868611414867162
2026,08,HRV.17.22_1,0.044220395646106976,0.3550207183190852
2026,08,HRV.17.23_1,0.044841928874410235,0.36934890874451914
2026,08,HRV.17.24_1,0.0450426913037363,0.3741249722196636
2026,08,HRV.17.25_1,0.044078270799579294,0.3518366760023221
2026,08,HRV.17.26_1,0.04530550356419647,0.38049305685318985
2026,08,HRV.17.27_1,0.044637988217937796,0.36457284526937467
2026,08,HRV.17.28_1,0.044841928874410235,0.36934890874451914
2026,08,HRV.17.2_1,0.04429090484421171,0.35661273947746674
2026,08,HRV.17.3_1,0.04356902514489777,0.3406925278936513
2026,08,HRV.17.4_1,0.04386229044539485,0.3470606125271773
2026,08,HRV.17.5_1,0.04364291410096731,0.3422845490520328
2026,08,HRV.17.6_1,0.04524031781788012,0.3789010356948085
2026,08,HRV.17.7_1,0.044430825569473094,0.35979678179422986
2026,08,HRV.17.8_1,0.046884176210791065,0.4218856069711103
2026,08,HRV.17.9_1,0.04524031781788012,0.3789010356948085
2026,08,HRV.18.10_1,0.042007619247333414,0.30885210472602026
2026,08,HRV.18.11_1,0.04364291410096731,0.3422845490520328
2026,08,HRV.18.12_1,0.042007619247333414,0.30885210472602026
2026,08,HRV.18.13_1,0.042572690882333904,0.3199962528346913
2026,08,HRV.18.14_1,0.04326959956174681,0.3343244432601252
2026,08,HRV.18.15_1,0.04371642002093581,0.3438765702104142
2026,08,HRV.18.16_1,0.040182364544853626,0.2754196604000079
2026,08,HRV.18.1_1,0.04142149400202496,0.2977079566173496
2026,08,HRV.18.2_1,0.04371642002093581,0.3438765702104142
2026,08,HRV.18.3_1,0.04326959956174681,0.3343244432601252
2026,08,HRV.18.4_1,0.04241334051729821,0.3168122105179282
2026,08,HRV.18.5_1,0.042007619247333414,0.30885210472602026
2026,08,HRV.18.6_1,0.04319376566658885,0.3327324221017437
2026,08,HRV.18.7_1,0.044430825569473094,0.35979678179422986
2026,08,HRV.18.8_1,0.04054583361073638,0.2817877450335341
2026,08,HRV.18.9_1,0.04241334051729821,0.3168122105179282
2026,08,HRV.19.10_1,0.040724689059896575,0.2849717873502972
2026,08,HRV.19.11_1,0.040724689059896575,0.2849717873502972
2026,08,HRV.19.12_1,0.041759051669332664,0.3040760412508758
2026,08,HRV.19.13_1,0.039716958860551696,0.26745955460810017
2026,08,HRV.19.14_1,0.041759051669332664,0.3040760412508758
2026,08,HRV.19.15_1,0.040182364544853626,0.2754196604000079
2026,08,HRV.19.16_1,0.04233304052256631,0.31522018935954665
2026,08,HRV.19.17_1,0.04036506736836861,0.27860370271677104
2026,08,HRV.19.18_1,0.040724689059896575,0.2849717873502972
2026,08,HRV.19.19_1,0.04116363076094505,0.2929318931422048
2026,08,HRV.19.1_1,0.0394316447850882,0.2626834911329555
2026,08,HRV.19.20_1,0.038036627355066265,0.2403951949156138
2026,08,HRV.19.21_1,0.041759051669332664,0.3040760412508758
2026,08,HRV.19.22_1,0.04142149400202496,0.2977079566173496
2026,08,HRV.19.23_1,0.0408134080977724,0.2865638085086786
2026,08,HRV.19.24_1,0.03793278901144772,0.23880317375723228
2026,08,HRV.19.25_1,0.040182364544853626,0.2754196604000079
2026,08,HRV.19.26_1,0.04054583361073638,0.2817877450335341
2026,08,HRV.19.27_1,0.04116363076094505,0.2929318931422048
2026,08,HRV.19.28_1,0.04296388489868826,0.3279563586265989
2026,08,HRV.19.29_1,0.04142149400202496,0.2977079566173496
2026,08,HRV.19.2_1,0.041759051669332664,0.3040760412508758
2026,08,HRV.19.30_1,0.04225232082393796,0.3136281682011651
2026,08,HRV.19.3_1,0.03962236727529253,0.26586753344971864
2026,08,HRV.19.4_1,0.04045569093321524,0.2801957238751524
2026,08,HRV.19.5_1,0.04241334051729821,0.3168122105179282
2026,08,HRV.19.6_1,0.0408134080977724,0.2865638085086786
2026,08,HRV.19.7_1,0.04311753666156321,0.33114040094336217
2026,08,HRV.19.8_1,0.042572690882333904,0.3199962528346913
2026,08,HRV.19.9_1,0.043934658739576096,0.34865263368555904
2026,08,HRV.1_1,0.04233304052256631,0.31522018935954665
2026,08,HRV.2.10_1,0.042730390594849225,0.3231802951514544
2026,08,HRV.2.11_1,0.04184234131534133,0.3056680624092572
2026,08,HRV.2.12_1,0.042572690882333904,0.3199962528346913
2026,08,HRV.2.13_1,0.04280862716454913,0.3247723163098356
2026,08,HRV.2.14_1,0.042007619247333414,0.30885210472602026
2026,08,HRV.2.15_1,0.04036506736836861,0.27860370271677104
2026,08,HRV.2.16_1,0.04159115798690046,0.3008919989341125
2026,08,HRV.2.17_1,0.04319376566658885,0.3327324221017437
2026,08,HRV.2.18_1,0.04233304052256631,0.31522018935954665
2026,08,HRV.2.19_1,0.041759051669332664,0.3040760412508758
2026,08,HRV.2.1_1,0.04311753666156321,0.33114040094336217
2026,08,HRV.2.20_1,0.04167532477341071,0.3024840200924941
2026,08,HRV.2.21_1,0.04319376566658885,0.3327324221017437
2026,08,HRV.2.22_1,0.04296388489868826,0.3279563586265989
2026,08,HRV.2.23_1,0.04311753666156321,0.33114040094336217
2026,08,HRV.2.24_1,0.043040910447353406,0.3295483797849804
2026,08,HRV.2.25_1,0.04167532477341071,0.3024840200924941
2026,08,HRV.2.26_1,0.04116363076094505,0.2929318931422048
2026,08,HRV.2.27_1,0.042007619247333414,0.30885210472602026
2026,08,HRV.2.28_1,0.041076767151203744,0.2913398719838234
2026,08,HRV.2.2_1,0.04378954483371724,0.3454685913687961
2026,08,HRV.2.3_1,0.04356902514489777,0.3406925278936513
2026,08,HRV.2.4_1,0.04208961264351133,0.310444125884402
2026,08,HRV.2.5_1,0.04225232082393796,0.3136281682011651
2026,08,HRV.2.6_1,0.04036506736836861,0.27860370271677104
2026,08,HRV.2.7_1,0.04167532477341071,0.3024840200924941
2026,08,HRV.2.8_1,0.04249322318749342,0.3184042316763096
2026,08,HRV.2.9_1,0.04296388489868826,0.3279563586265989
2026,08,HRV.20.10_1,0.0491320715143638,0.49352655909828
2026,08,HRV.20.11_1,0.04414951822333112,0.3534286971607037
2026,08,HRV.20.12_1,0.043420090292464256,0.3375084855768882
2026,08,HRV.20.13_1,0.044841928874410235,0.36934890874451914
2026,08,HRV.20.14_1,0.04241334051729821,0.3168122105179282
2026,08,HRV.20.15_1,0.04288645786391269,0.3263643374682173
2026,08,HRV.20.16_1,0.04249322318749342,0.3184042316763096
2026,08,HRV.20.17_1,0.04556283717816291,0.3868611414867162
2026,08,HRV.20.18_1,0.04450024054800256,0.36138880295261144
2026,08,HRV.20.19_1,0.044430825569473094,0.35979678179422986
2026,08,HRV.20.1_1,0.04142149400202496,0.2977079566173496
2026,08,HRV.20.21_1,0.047955136767743684,0.4537260301387413
2026,08,HRV.20.22_1,0.04593876600154827,0.39641326843700553
2026,08,HRV.20.24_1,0.0449761209892563,0.37253295106128226
2026,08,HRV.20.25_1,0.04568947849813677,0.3900451838034793
2026,08,HRV.20.26_1,0.04568947849813677,0.3900451838034793
2026,08,HRV.20.27_1,0.04364291410096731,0.3422845490520328
2026,08,HRV.20.28_1,0.04280862716454913,0.3247723163098356
2026,08,HRV.20.2_1,0.04470632424405152,0.36616486642775586
2026,08,HRV.20.31_1,0.04630286987281288,0.4059653953872948
2026,08,HRV.20.32_1,0.04356902514489777,0.3406925278936513
2026,08,HRV.20.3_1,0.042007619247333414,0.30885210472602026
2026,08,HRV.20.4_1,0.04727263651700178,0.43302975507978114
2026,08,HRV.20.5_1,0.04587694011215763,0.3948212472786241
2026,08,HRV.20.6_1,0.04600026346131408,0.39800528959538706
2026,08,HRV.20.9_1,0.04184234131534133,0.3056680624092572
2026,08,HRV.21.10_1,0,0
2026,08,HRV.21.11_1,0,0
2026,08,HRV.21.12_1,0,0
2026,08,HRV.21.13_1,0,0
2026,08,HRV.21.14_1,0,0
2026,08,HRV.21.15_1,0,0
2026,08,HRV.21.16_1,0,0
2026,08,HRV.21.17_1,0,0
2026,08,HRV.21.18_1,0,0
2026,08,HRV.21.19_1,0,0
2026,08,HRV.21.1_1,0,0
2026,08,HRV.21.20_1,0,0
2026,08,HRV.21.21_1,0,0
2026,08,HRV.21.22_1,0,0
2026,08,HRV.21.23_1,0,0
2026,08,HRV.21.24_1,0,0
2026,08,HRV.21.25_1,0,0
2026,08,HRV.21.26_1,0,0
2026,08,HRV.21.27_1,0,0
2026,08,HRV.21.28_1,0,0
2026,08,HRV.21.2_1,0,0
2026,08,HRV.21.3_1,0,0
2026,08,HRV.21.4_1,0,0
2026,08,HRV.21.5_1,0,0
2026,08,HRV.21.6_1,0,0
2026,08,HRV.21.7_1,0,0
2026,08,HRV.21.8_1,0,0
2026,08,HRV.21.9_1,0,0
2026,08,HRV.3.10_1,0.04319376566658885,0.3327324221017437
2026,08,HRV.3.12_1,0.04349475120062014,0.33910050673526954
2026,08,HRV.3.13_1,0.04904424897846883,0.4903425167815169
2026,08,HRV.3.14_1,0.04510891319464406,0.37571699337804537
2026,08,HRV.3.15_1,0.04659745706877908,0.41392550117920257
2026,08,HRV.3.16_1,0.043345040420819075,0.33591646441850664
2026,08,HRV.3.17_1,0.05230627099007242,0.6575047384115795
2026,08,HRV.3.18_1,0.044430825569473094,0.35979678179422986
2026,08,HRV.3.19_1,0.04815522371137511,0.46009411477226747
2026,08,HRV.3.1_1,0.052432229503165236,0.6686488865202503
2026,08,HRV.3.21_1,0.04326959956174681,0.3343244432601252
2026,08,HRV.3.22_1,0.04947267920788396,0.5062627283653325
2026,08,HRV.3.2_1,0.04517478819424583,0.3773090145364269
2026,08,HRV.3.3_1,0.04938911853211241,0.5030786860485692
2026,08,HRV.3.5_1,0.049756892578386155,0.5174068764740031
2026,08,HRV.3.6_1,0.050991867824992106,0.5731276170173574
2026,08,HRV.3.7_1,0.04217117901135218,0.3120361470427834
2026,08,HRV.3.9_1,0.0501037268453455,0.5317350668994371
2026,08,HRV.4.1_1,0,0
2026,08,HRV.4.2_1,0,0
2026,08,HRV.4.3_1,0,0
2026,08,HRV.4.4_1,0,0
2026,08,HRV.4.5_1,0,0
2026,08,HRV.4.6_1,0,0
2026,08,HRV.4.7_1,0.04543484933743066,0.38367709916995313
2026,08,HRV.5.10_1,0.04549901228029032,0.3852691203283345
2026,08,HRV.5.11_1,0.046539173797603216,0.412333480020821
2026,08,HRV.5.12_1,0.047052491029430696,0.42666167044625497
2026,08,HRV.5.13_1,0.04732691674675229,0.4346217762381627
2026,08,HRV.5.14_1,0.048398923130838545,0.4680542205641752
2026,08,HRV.5.15_1,0.047646325904914286,0.444173903188452
2026,08,HRV.5.16_1,0.04868210294483532,0.47760634751446457
2026,08,HRV.5.17_1,0.04854176575735198,0.4728302840393197
2026,08,HRV.5.18_1,0.04636242389772862,0.40755741654567634
2026,08,HRV.5.19_1,0.049218820191286906,0.49671060141504314
2026,08,HRV.5.1_1,0.048005589319064845,0.45531805129712283
2026,08,HRV.5.20_1,0.04624299510541459,0.4043733742289133
2026,08,HRV.5.21_1,0.04815522371137511,0.46009411477226747
2026,08,HRV.5.22_1,0.04568947849813677,0.3900451838034793
2026,08,HRV.5.23_1,0.044774303922658285,0.3677568875861376
2026,08,HRV.5.24_1,0.04671308068975393,0.41710954349596563
2026,08,HRV.5.25_1,0.04648057464495373,0.41074145886243946
2026,08,HRV.5.27_1,0.04967699058299391,0.5142228341572402
2026,08,HRV.5.28_1,0.04636242389772862,0.40755741654567634
2026,08,HRV.5.29_1,0.047646325904914286,0.444173903188452
2026,08,HRV.5.2_1,0.04721805488219425,0.4314377339213996
2026,08,HRV.5.30_1,0.04682745483236697,0.42029358581272874
2026,08,HRV.5.31_1,0.048253552815115175,0.4632781570890304
2026,08,HRV.5.32_1,0.045752297711676125,0.39163720496186066
2026,08,HRV.5.33_1,0.04699669320242809,0.4250696492878734
2026,08,HRV.5.34_1,0.04568947849813677,0.3900451838034793
2026,08,HRV.5.35_1,0.048005589319064845,0.45531805129712283
2026,08,HRV.5.36_1,0.04754104417704476,0.4409898608716889
2026,08,HRV.5.37_1,0.046061433806932194,0.3995973107537686
2026,08,HRV.5.38_1,0.0461827983480315,0.4027813530705317
2026,08,HRV.5.39_1,0.048819956299597005,0.4823824109896092
2026,08,HRV.5.3_1,0.04891048901592771,0.4855664533063721
2026,08,HRV.5.40_1,0.04587694011215763,0.3948212472786241
2026,08,HRV.5.4_1,0.04785336459144693,0.450541987821978
2026,08,HRV.5.5_1,0.04699669320242809,0.4250696492878734
2026,08,HRV.5.6_1,0.04682745483236697,0.42029358581272874
2026,08,HRV.5.7_1,0.04775043014811539,0.44735794550521507
2026,08,HRV.5.8_1,0.04699669320242809,0.4250696492878734
2026,08,HRV.5.9_1,0.048819956299597005,0.4823824109896092
2026,08,HRV.6.10_1,0,0
2026,08,HRV.6.11_1,0,0
2026,08,HRV.6.12_1,0.043040910447353406,0.3295483797849804
2026,08,HRV.6.13_1,0,0
2026,08,HRV.6.14_1,0.04510891319464406,0.37571699337804537
2026,08,HRV.6.15_1,0.04490920070176655,0.37094092990290056
2026,08,HRV.6.16_1,0,0
2026,08,HRV.6.17_1,0.04562632544968254,0.38845316264509794
2026,08,HRV.6.18_1,0,0
2026,08,HRV.6.19_1,0,0
2026,08,HRV.6.1_1,0,0
2026,08,HRV.6.20_1,0,0
2026,08,HRV.6.21_1,0,0
2026,08,HRV.6.2_1,0,0
2026,08,HRV.6.3_1,0,0
2026,08,HRV.6.4_1,0,0
2026,08,HRV.6.5_1,0,0
2026,08,HRV.6.6_1,0,0
2026,08,HRV.6.7_1,0,0
2026,08,HRV.6.8_1,0,0
2026,08,HRV.6.9_1,0,0
2026,08,HRV.7.10_1,0,0
2026,08,HRV.7.11_1,0,0
2026,08,HRV.7.12_1,0,0
2026,08,HRV.7.13_1,0,0
2026,08,HRV.7.14_1,0.04470632424405152,0.36616486642775586
2026,08,HRV.7.15_1,0.04217117901135218,0.3120361470427834
2026,08,HRV.7.16_1,0,0
2026,08,HRV.7.17_1,0,0
2026,08,HRV.7.18_1,0.04288645786391269,0.3263643374682173
2026,08,HRV.7.19_1,0,0
2026,08,HRV.7.1_1,0,0
2026,08,HRV.7.20_1,0.041076767151203744,0.2913398719838234
2026,08,HRV.7.21_1,0.043420090292464256,0.3375084855768882
2026,08,HRV.7.22_1,0,0
2026,08,HRV.7.23_1,0,0
2026,08,HRV.7.24_1,0.04490920070176655,0.37094092990290056
2026,08,HRV.7.25_1,0,0
2026,08,HRV.7.2_1,0,0
2026,08,HRV.7.3_1,0,0
2026,08,HRV.7.4_1,0.043040910447353406,0.3295483797849804
2026,08,HRV.7.5_1,0.04125003787061803,0.2945239143005865
2026,08,HRV.7.6_1,0.04456929420520397,0.36298082411099314
2026,08,HRV.7.7_1,0,0
2026,08,HRV.7.8_1,0,0
2026,08,HRV.7.9_1,0.04356902514489777,0.3406925278936513
2026,08,HRV.8.10_1,0,0
2026,08,HRV.8.11_1,0,0
2026,08,HRV.8.12_1,0,0
2026,08,HRV.8.13_1,0,0
2026,08,HRV.8.14_1,0,0
2026,08,HRV.8.15_1,0,0
2026,08,HRV.8.16_1,0.046061433806932194,0.3995973107537686
2026,08,HRV.8.17_1,0,0
2026,08,HRV.8.18_1,0,0
2026,08,HRV.8.19_1,0,0
2026,08,HRV.8.1_1,0,0
2026,08,HRV.8.20_1,0,0
2026,08,HRV.8.21_1,0,0
2026,08,HRV.8.22_1,0,0
2026,08,HRV.8.23_1,0,0
2026,08,HRV.8.24_1,0,0
2026,08,HRV.8.25_1,0,0
2026,08,HRV.8.26_1,0,0
2026,08,HRV.8.27_1,0,0
2026,08,HRV.8.28_1,0,0
2026,08,HRV.8.29_1,0,0
2026,08,HRV.8.2_1,0.044078270799579294,0.3518366760023221
2026,08,HRV.8.30_1,0,0
2026,08,HRV.8.31_1,0,0
2026,08,HRV.8.32_1,0,0
2026,08,HRV.8.3_1,0,0
2026,08,HRV.8.4_1,0,0
2026,08,HRV.8.5_1,0.04556283717816291,0.3868611414867162
2026,08,HRV.8.6_1,0,0
2026,08,HRV.8.7_1,0.04543484933743066,0.38367709916995313
2026,08,HRV.8.8_1,0,0
2026,08,HRV.8.9_1,0,0
2026,08,HRV.9.10_1,0.045752297711676125,0.39163720496186066
2026,08,HRV.9.11_1,0.04665542564230543,0.4155175223375841
2026,08,HRV.9.12_1,0.044220395646106976,0.3550207183190852
2026,08,HRV.9.1_1,0.04530550356419647,0.38049305685318985
2026,08,HRV.9.2_1,0.04568947849813677,0.3900451838034793
2026,08,HRV.9.3_1,0.04524031781788012,0.3789010356948085
2026,08,HRV.9.4_1,0.044430825569473094,0.35979678179422986
2026,08,HRV.9.5_1,0.04581478446351981,0.3932292261202424
2026,08,HRV.9.6_1,0.04456929420520397,0.36298082411099314
2026,08,HRV.9.7_1,0.04470632424405152,0.36616486642775586
2026,08,HRV.9.8_1,0.04517478819424583,0.3773090145364269
2026,08,HRV.9.9_1,0.044078270799579294,0.3518366760023221
2026,08,HUN.1.10_1,0.04036506736836861,0.27860370271677104
2026,08,HUN.1.1_1,0.035491381970318106,0.20377870827283817
2026,08,HUN.1.2_1,0.04098944413919014,0.2897478508254417
2026,08,HUN.1.3_1,0.037404748715945346,0.23084306796532453
2026,08,HUN.1.4_1,0.040182364544853626,0.2754196604000079
2026,08,HUN.1.5_1,0.039716958860551696,0.26745955460810017
2026,08,HUN.1.6_1,0.03782836730418895,0.23721115259885073
2026,08,HUN.1.7_1,0.04045569093321524,0.2801957238751524
2026,08,HUN.1.8_1,0.03793278901144772,0.23880317375723228
2026,08,HUN.1.9_1,0.039527263818032975,0.26427551229133706
2026,08,HUN.10.1_1,0.04225232082393796,0.3136281682011651
2026,08,HUN.10.2_1,0.04296388489868826,0.3279563586265989
2026,08,HUN.10.3_1,0.03962236727529253,0.26586753344971864
2026,08,HUN.10.4_1,0.0408134080977724,0.2865638085086786
2026,08,HUN.10.5_1,0.04098944413919014,0.2897478508254417
2026,08,HUN.10.6_1,0.0408134080977724,0.2865638085086786
2026,08,HUN.10.7_1,0.042572690882333904,0.3199962528346913
2026,08,HUN.11.1_1,0.040724689059896575,0.2849717873502972
2026,08,HUN.11.2_1,0.038846888860369744,0.25313136418266624
2026,08,HUN.11.3_1,0.0394316447850882,0.2626834911329555
2026,08,HUN.11.4_1,0.0376177543395701,0.2340271102820876
2026,08,HUN.11.5_1,0.0408134080977724,0.2865638085086786
2026,08,HUN.11.6_1,0.04133599134297145,0.29611593545896786
2026,08,HUN.11.7_1,0.039527263818032975,0.26427551229133706
2026,08,HUN.12.1_1,0.041759051669332664,0.3040760412508758
2026,08,HUN.12.2_1,0.04233304052256631,0.31522018935954665
2026,08,HUN.12.3_1,0.04184234131534133,0.3056680624092572
2026,08,HUN.12.4_1,0.04208961264351133,0.310444125884402
2026,08,HUN.12.5_1,0.04116363076094505,0.2929318931422048
2026,08,HUN.12.6_1,0.04288645786391269,0.3263643374682173
2026,08,HUN.12.7_1,0.04159115798690046,0.3008919989341125
2026,08,HUN.13.1_1,0.04009027865217428,0.2738276392416262
2026,08,HUN.13.2_1,0.04326959956174681,0.3343244432601252
2026,08,HUN.13.3_1,0.04233304052256631,0.31522018935954665
2026,08,HUN.13.4_1,0.04265174592133566,0.3215882739930728
2026,08,HUN.13.5_1,0.042572690882333904,0.3199962528346913
2026,08,HUN.13.6_1,0.04150654863377774,0.29929997777573114
2026,08,HUN.14.10_1,0.04192519631739169,0.3072600835676389
2026,08,HUN.14.11_1,0.04125003787061803,0.2945239143005865
2026,08,HUN.14.12_1,0.04133599134297145,0.29611593545896786
2026,08,HUN.14.13_1,0.04184234131534133,0.3056680624092572
2026,08,HUN.14.14_1,0.04326959956174681,0.3343244432601252
2026,08,HUN.14.15_1,0.04150654863377774,0.29929997777573114
2026,08,HUN.14.1_1,0.03782836730418895,0.23721115259885073
2026,08,HUN.14.2_1,0.04063549860122299,0.28337976619191546
2026,08,HUN.14.3_1,0.039997698602260115,0.2722356180832448
2026,08,HUN.14.4_1,0.040273959669950864,0.2770116815583893
2026,08,HUN.14.5_1,0.039997698602260115,0.2722356180832448
2026,08,HUN.14.6_1,0.04133599134297145,0.29611593545896786
2026,08,HUN.14.7_1,0.04045569093321524,0.2801957238751524
2026,08,HUN.14.8_1,0.04009027865217428,0.2738276392416262
2026,08,HUN.14.9_1,0.03864766825160022,0.24994732186590313
2026,08,HUN.15.10_1,0.04311753666156321,0.33114040094336217
2026,08,HUN.15.1_1,0.04386229044539485,0.3470606125271773
2026,08,HUN.15.2_1,0.04125003787061803,0.2945239143005865
2026,08,HUN.15.3_1,0.04098944413919014,0.2897478508254417
2026,08,HUN.15.4_1,0.04378954483371724,0.3454685913687961
2026,08,HUN.15.5_1,0.04311753666156321,0.33114040094336217
2026,08,HUN.15.6_1,0.04364291410096731,0.3422845490520328
2026,08,HUN.15.7_1,0.04288645786391269,0.3263643374682173
2026,08,HUN.15.8_1,0.04208961264351133,0.310444125884402
2026,08,HUN.15.9_1,0.04217117901135218,0.3120361470427834
2026,08,HUN.16.10_1,0.04054583361073638,0.2817877450335341
2026,08,HUN.16.11_1,0.04249322318749342,0.3184042316763096
2026,08,HUN.16.1_1,0.04167532477341071,0.3024840200924941
2026,08,HUN.16.2_1,0.039527263818032975,0.26427551229133706
2026,08,HUN.16.3_1,0.04319376566658885,0.3327324221017437
2026,08,HUN.16.4_1,0.04233304052256631,0.31522018935954665
2026,08,HUN.16.5_1,0.04371642002093581,0.3438765702104142
2026,08,HUN.16.6_1,0.04098944413919014,0.2897478508254417
2026,08,HUN.16.7_1,0.04233304052256631,0.31522018935954665
2026,08,HUN.16.8_1,0.0408134080977724,0.2865638085086786
2026,08,HUN.16.9_1,0.04311753666156321,0.33114040094336217
2026,08,HUN.17.1_1,0.04045569093321524,0.2801957238751524
2026,08,HUN.17.2_1,0.04167532477341071,0.3024840200924941
2026,08,HUN.17.3_1,0.03990462095572754,0.2706435969248633
2026,08,HUN.17.4_1,0.036861493427271116,0.22288296217341677
2026,08,HUN.17.5_1,0.04098944413919014,0.2897478508254417
2026,08,HUN.18.1_1,0.044774303922658285,0.3677568875861376
2026,08,HUN.18.2_1,0.04386229044539485,0.3470606125271773
2026,08,HUN.18.3_1,0.04296388489868826,0.3279563586265989
2026,08,HUN.18.4_1,0.04593876600154827,0.39641326843700553
2026,08,HUN.18.5_1,0.0450426913037363,0.3741249722196636
2026,08,HUN.18.6_1,0.04450024054800256,0.36138880295261144
2026,08,HUN.18.7_1,0.04364291410096731,0.3422845490520328
2026,08,HUN.18.8_1,0.04456929420520397,0.36298082411099314
2026,08,HUN.18.9_1,0.04470632424405152,0.36616486642775586
2026,08,HUN.19.1_1,0.043345040420819075,0.33591646441850664
2026,08,HUN.19.2_1,0.043934658739576096,0.34865263368555904
2026,08,HUN.19.3_1,0.04296388489868826,0.3279563586265989
2026,08,HUN.19.4_1,0.04349475120062014,0.33910050673526954
2026,08,HUN.19.5_1,0.04371642002093581,0.3438765702104142
2026,08,HUN.19.6_1,0.044220395646106976,0.3550207183190852
2026,08,HUN.19.7_1,0.04217117901135218,0.3120361470427834
2026,08,HUN.19.8_1,0.04142149400202496,0.2977079566173496
2026,08,HUN.19.9_1,0.04556283717816291,0.3868611414867162
2026,08,HUN.2.1_1,0.0408134080977724,0.2865638085086786
2026,08,HUN.2.2_1,0.04054583361073638,0.2817877450335341
2026,08,HUN.2.3_1,0.039997698602260115,0.2722356180832448
2026,08,HUN.2.4_1,0.042007619247333414,0.30885210472602026
2026,08,HUN.2.5_1,0.042730390594849225,0.3231802951514544
2026,08,HUN.2.6_1,0.04142149400202496,0.2977079566173496
2026,08,HUN.2.7_1,0.04142149400202496,0.2977079566173496
2026,08,HUN.2.8_1,0.04249322318749342,0.3184042316763096
2026,08,HUN.2.9_1,0.04208961264351133,0.310444125884402
2026,08,HUN.20.1_1,0.044774303922658285,0.3677568875861376
2026,08,HUN.20.2_1,0.04378954483371724,0.3454685913687961
2026,08,HUN.20.3_1,0.0440066515777403,0.3502446548439406
2026,08,HUN.20.4_1,0.04184234131534133,0.3056680624092572
2026,08,HUN.20.5_1,0.04549901228029032,0.3852691203283345
2026,08,HUN.20.6_1,0.04456929420520397,0.36298082411099314
2026,08,HUN.3.1_1,0.03962236727529253,0.26586753344971864
2026,08,HUN.3.2_1,0.04133599134297145,0.29611593545896786
2026,08,HUN.3.3_1,0.04098944413919014,0.2897478508254417
2026,08,HUN.3.4_1,0.03708066372100275,0.22606700449017988
2026,08,HUN.3.5_1,0.03874755222166219,0.25153934302428466
2026,08,HUN.3.6_1,0.0394316447850882,0.2626834911329555
2026,08,HUN.3.7_1,0.038945682355868254,0.25472338534104777
2026,08,HUN.3.8_1,0.04054583361073638,0.2817877450335341
2026,08,HUN.4.10_1,0.043040910447353406,0.3295483797849804
2026,08,HUN.4.11_1,0.04319376566658885,0.3327324221017437
2026,08,HUN.4.12_1,0.04116363076094505,0.2929318931422048
2026,08,HUN.4.13_1,0.04225232082393796,0.3136281682011651
2026,08,HUN.4.14_1,0.04159115798690046,0.3008919989341125
2026,08,HUN.4.15_1,0.04371642002093581,0.3438765702104142
2026,08,HUN.4.1_1,0.044078270799579294,0.3518366760023221
2026,08,HUN.4.2_1,0.04296388489868826,0.3279563586265989
2026,08,HUN.4.3_1,0.04319376566658885,0.3327324221017437
2026,08,HUN.4.4_1,0.04167532477341071,0.3024840200924941
2026,08,HUN.4.5_1,0.04436104757345779,0.3582047606358485
2026,08,HUN.4.6_1,0.04063549860122299,0.28337976619191546
2026,08,HUN.4.7_1,0.04159115798690046,0.3008919989341125
2026,08,HUN.4.8_1,0.04296388489868826,0.3279563586265989
2026,08,HUN.4.9_1,0.043040910447353406,0.3295483797849804
2026,08,HUN.5.1_1,0.04167532477341071,0.3024840200924941
2026,08,HUN.6.1_1,0.041076767151203744,0.2913398719838234
2026,08,HUN.6.2_1,0.03962236727529253,0.26586753344971864
2026,08,HUN.6.3_1,0.039997698602260115,0.2722356180832448
2026,08,HUN.6.4_1,0.038945682355868254,0.25472338534104777
2026,08,HUN.6.5_1,0.037511553146867105,0.23243508912370608
2026,08,HUN.6.6_1,0.04009027865217428,0.2738276392416262
2026,08,HUN.6.7_1,0.040273959669950864,0.2770116815583893
2026,08,HUN.7.10_1,0.04265174592133566,0.3215882739930728
2026,08,HUN.7.1_1,0.04133599134297145,0.29611593545896786
2026,08,HUN.7.2_1,0.0408134080977724,0.2865638085086786
2026,08,HUN.7.3_1,0.04159115798690046,0.3008919989341125
2026,08,HUN.7.4_1,0.038344689463867224,0.24517125839075846
2026,08,HUN.7.5_1,0.04217117901135218,0.3120361470427834
2026,08,HUN.7.6_1,0.038344689463867224,0.24517125839075846
2026,08,HUN.7.7_1,0.04063549860122299,0.28337976619191546
2026,08,HUN.7.8_1,0.04184234131534133,0.3056680624092572
2026,08,HUN.7.9_1,0.040724689059896575,0.2849717873502972
2026,08,HUN.8.1_1,0.038846888860369744,0.25313136418266624
2026,08,HUN.8.2_1,0.04225232082393796,0.3136281682011651
2026,08,HUN.8.3_1,0.04241334051729821,0.3168122105179282
2026,08,HUN.8.4_1,0.043040910447353406,0.3295483797849804
2026,08,HUN.8.5_1,0.043345040420819075,0.33591646441850664
2026,08,HUN.8.6_1,0.04326959956174681,0.3343244432601252
2026,08,HUN.8.7_1,0.044078270799579294,0.3518366760023221
2026,08,HUN.9.1_1,0.04208961264351133,0.310444125884402
2026,08,HUN.9.2_1,0.039997698602260115,0.2722356180832448
2026,08,HUN.9.3_1,0.041759051669332664,0.3040760412508758
2026,08,HUN.9.4_1,0.04125003787061803,0.2945239143005865
2026,08,HUN.9.5_1,0.04125003787061803,0.2945239143005865
2026,08,HUN.9.6_1,0.04192519631739169,0.3072600835676389
2026,08,HUN.9.7_1,0.04311753666156321,0.33114040094336217
2026,08,HUN.9.8_1,0.04125003787061803,0.2945239143005865
2026,08,HUN.9.9_1,0.040724689059896575,0.2849717873502972
2026,08,IRL.1.1_1,0.05239734917711435,0.6654648442034872
2026,08,IRL.1.2_1,0.051692508242402166,0.6129281459768963
2026,08,IRL.1.3_1,0.05105335739684572,0.5763116593341204
2026,08,IRL.10.1_1,0.05176679252595321,0.6177042094520407
2026,08,IRL.10.2_1,0.051402311689494384,0.595415913234699
2026,08,IRL.10.4_1,0.051564086240614065,0.6049680401849883
2026,08,IRL.11.1_1,0.052086275241035686,0.6399925056693825
2026,08,IRL.11.2_1,0.05179109447179203,0.6192962306104223
2026,08,IRL.11.3_1,0.05186262638468887,0.624072294085567
2026,08,IRL.12.1_1,0.05222940489333432,0.6511366537780533
2026,08,IRL.12.3_1,0.05270658718881316,0.6973052673711181
2026,08,IRL.13.2_1,0.05254736359821453,0.6797930346289212
2026,08,IRL.13.3_1,0.052169409655140477,0.6463605903029086
2026,08,IRL.13.4_1,0.05220963029801178,0.6495446326196715
2026,08,IRL.14.1_1,0.05188601343308219,0.6256643152439486
2026,08,IRL.14.2_1,0.052064929005537545,0.6384004845110008
2026,08,IRL.15.1_1,0.05218963197104452,0.6479526114612901
2026,08,IRL.15.2_1,0.05197728521735732,0.6320323998774745
2026,08,IRL.15.3_1,0.052757950634407226,0.7036733520046442
2026,08,IRL.16.2_1,0.05277024903619623,0.705265373163026
2026,08,IRL.16.3_1,0.05260832219224276,0.6861611192624474
2026,08,IRL.17.1_1,0.05226828390190169,0.6543206960948162
2026,08,IRL.17.2_1,0.05228738881346963,0.6559127172531978
2026,08,IRL.17.3_1,0.05248289381845982,0.6734249499953949
2026,08,IRL.17.4_1,0.051564086240614065,0.6049680401849883
2026,08,IRL.17.5_1,0.052086275241035686,0.6399925056693825
2026,08,IRL.17.6_1,0.0524993411324214,0.6750169711537763
2026,08,IRL.18.1_1,0.052531575819881604,0.6782010134705394
2026,08,IRL.18.2_1,0.052531575819881604,0.6782010134705394
2026,08,IRL.18.3_1,0.05293765001119164,0.7307377116971308
2026,08,IRL.19.1_1,0.05236158350550006,0.662280801886724
2026,08,IRL.19.2_1,0.05193210400246335,0.6288483575607116
2026,08,IRL.19.3_1,0.05176679252595321,0.6177042094520407
2026,08,IRL.2.1_1,0.051839011083666106,0.6224802729271853
2026,08,IRL.2.2_1,0.05228738881346963,0.6559127172531978
2026,08,IRL.2.3_1,0.05251556839825469,0.6766089923121579
2026,08,IRL.20.1_1,0.05226828390190169,0.6543206960948162
2026,08,IRL.20.3_1,0.052379577121799636,0.6638728230451056
2026,08,IRL.22.3_1,0.05246622624942539,0.6718329288370133
2026,08,IRL.22.4_1,0.051511094202399514,0.6017839978682255
2026,08,IRL.22.5_1,0.05186262638468887,0.624072294085567
2026,08,IRL.23.2_1,0.05171749973971528,0.6145201671352777
2026,08,IRL.23.3_1,0.052086275241035686,0.6399925056693825
2026,08,IRL.24.1_1,0.05236158350550006,0.662280801886724
2026,08,IRL.24.2_1,0.05197728521735732,0.6320323998774745
2026,08,IRL.25.1_1,0.052148963089724484,0.6447685691445271
2026,08,IRL.25.2_1,0.052148963089724484,0.6447685691445271
2026,08,IRL.25.3_1,0.052086275241035686,0.6399925056693825
2026,08,IRL.25.4_1,0.052324930672841066,0.6590967595699608
2026,08,IRL.25.5_1,0.052148963089724484,0.6447685691445271
2026,08,IRL.26.1_1,0.05176679252595321,0.6177042094520407
2026,08,IRL.26.2_1,0.05148424892712485,0.6001919767098438
2026,08,IRL.26.3_1,0.0527454354045705,0.7020813308462627
2026,08,IRL.26.4_1,0.05234336809972344,0.6606887807283424
2026,08,IRL.26.5_1,0.052324930672841066,0.6590967595699608
2026,08,IRL.3.1_1,0.05239734917711435,0.6654648442034872
2026,08,IRL.3.2_1,0.05246622624942539,0.6718329288370133
2026,08,IRL.3.3_1,0.052148963089724484,0.6447685691445271
2026,08,IRL.3.4_1,0.0519995355594703,0.6336244210358563
2026,08,IRL.4.1_1,0.05224895601103845,0.6527286749364346
2026,08,IRL.4.2_1,0.05212829201092069,0.6431765479861455
2026,08,IRL.4.3_1,0.05228738881346963,0.6559127172531978
2026,08,IRL.4.4_1,0.05197728521735732,0.6320323998774745
2026,08,IRL.4.5_1,0.052064929005537545,0.6384004845110008
2026,08,IRL.4.6_1,0.052148963089724484,0.6447685691445271
2026,08,IRL.4.7_1,0.052148963089724484,0.6447685691445271
2026,08,IRL.4.8_1,0.051374530897953394,0.5938238920763175
2026,08,IRL.4.9_1,0.05204335716778072,0.6368084633526195
2026,08,IRL.5.1_1,0.05291973952118163,0.7275536693803677
2026,08,IRL.5.2_1,0.05287120147589103,0.7195935635884599
2026,08,IRL.5.3_1,0.05281727735209891,0.7116334577965522
2026,08,IRL.5.4_1,0.052757950634407226,0.7036733520046442
2026,08,IRL.5.5_1,0.052531575819881604,0.6782010134705394
2026,08,IRL.6.1_1,0.05228738881346963,0.6559127172531978
2026,08,IRL.6.2_1,0.05204335716778072,0.6368084633526195
2026,08,IRL.6.3_1,0.05181516721792836,0.6208882517688037
2026,08,IRL.6.4_1,0.051954808129827564,0.630440378719093
2026,08,IRL.7.1_1,0.05222940489333432,0.6511366537780533
2026,08,IRL.7.2_1,0.05260832219224276,0.6861611192624474
2026,08,IRL.7.3_1,0.05256293193116936,0.6813850557873027
2026,08,IRL.7.4_1,0.05220963029801178,0.6495446326196715
2026,08,IRL.7.5_1,0.052432229503165236,0.6686488865202503
2026,08,IRL.7.6_1,0.05262301466335581,0.6877531404208287
2026,08,IRL.8.1_1,0.0519995355594703,0.6336244210358563
2026,08,IRL.8.2_1,0.05234336809972344,0.6606887807283424
2026,08,IRL.8.3_1,0.05254736359821453,0.6797930346289212
2026,08,IRL.8.4_1,0.05224895601103845,0.6527286749364346
2026,08,IRL.8.5_1,0.05204335716778072,0.6368084633526195
2026,08,IRL.9.1_1,0.05204335716778072,0.6368084633526195
2026,08,IRL.9.2_1,0.0519995355594703,0.6336244210358563
2026,08,IRL.9.3_1,0.05224895601103845,0.6527286749364346
2026,08,IRL.9.4_1,0.05212829201092069,0.6431765479861455
2026,08,IRL.9.5_1,0.05210739615153474,0.641584526827764
2026,08,ISL.1.10_1,0,0
2026,08,ISL.1.11_1,0,0
2026,08,ISL.1.12_1,0,0
2026,08,ISL.1.13_1,0,0
2026,08,ISL.1.14_1,0,0
2026,08,ISL.1.15_1,0,0
2026,08,ISL.1.16_1,0,0
2026,08,ISL.1.1_1,0,0
2026,08,ISL.1.2_1,0,0
2026,08,ISL.1.3_1,0,0
2026,08,ISL.1.4_1,0,0
2026,08,ISL.1.5_1,0,0
2026,08,ISL.1.6_1,0,0
2026,08,ISL.1.7_1,0,0
2026,08,ISL.1.8_1,0,0
2026,08,ISL.1.9_1,0,0
2026,08,ISL.2.10_1,0,0
2026,08,ISL.2.11_1,0,0
2026,08,ISL.2.12_1,0,0
2026,08,ISL.2.13_1,0,0
2026,08,ISL.2.14_1,0,0
2026,08,ISL.2.15_1,0,0
2026,08,ISL.2.16_1,0,0
2026,08,ISL.2.17_1,0,0
2026,08,ISL.2.18_1,0,0
2026,08,ISL.2.19_1,0,0
2026,08,ISL.2.1_1,0,0
2026,08,ISL.2.20_1,0,0
2026,08,ISL.2.21_1,0,0
2026,08,ISL.2.22_1,0,0
2026,08,ISL.2.23_1,0,0
2026,08,ISL.2.24_1,0,0
2026,08,ISL.2.25_1,0,0
2026,08,ISL.2.2_1,0,0
2026,08,ISL.2.3_1,0,0
2026,08,ISL.2.4_1,0,0
2026,08,ISL.2.5_1,0,0
2026,08,ISL.2.6_1,0,0
2026,08,ISL.2.7_1,0,0
2026,08,ISL.2.9_1,0,0
2026,08,ISL.3.1_1,0,0
2026,08,ISL.3.2_1,0,0
2026,08,ISL.3.3_1,0,0
2026,08,ISL.3.4_1,0,0
2026,08,ISL.3.5_1,0,0
2026,08,ISL.3.6_1,0,0
2026,08,ISL.3.7_1,0,0
2026,08,ISL.4.10_1,0,0
2026,08,ISL.4.11_1,0,0
2026,08,ISL.4.12_1,0,0
2026,08,ISL.4.13_1,0,0
2026,08,ISL.4.1_1,0,0
2026,08,ISL.4.2_1,0,0
2026,08,ISL.4.3_1,0,0
2026,08,ISL.4.4_1,0,0
2026,08,ISL.4.5_1,0,0
2026,08,ISL.4.6_1,0,0
2026,08,ISL.4.7_1,0,0
2026,08,ISL.4.8_1,0,0
2026,08,ISL.4.9_1,0,0
2026,08,ISL.5.10_1,0,0
2026,08,ISL.5.11_1,0,0
2026,08,ISL.5.12_1,0,0
2026,08,ISL.5.13_1,0,0
2026,08,ISL.5.14_1,0,0
2026,08,ISL.5.15_1,0,0
2026,08,ISL.5.16_1,0,0
2026,08,ISL.5.17_1,0,0
2026,08,ISL.5.18_1,0,0
2026,08,ISL.5.19_1,0,0
2026,08,ISL.5.1_1,0,0
2026,08,ISL.5.20_1,0,0
2026,08,ISL.5.21_1,0,0
2026,08,ISL.5.22_1,0,0
2026,08,ISL.5.23_1,0,0
2026,08,ISL.5.25_1,0,0
2026,08,ISL.5.26_1,0,0
2026,08,ISL.5.27_1,0,0
2026,08,ISL.5.2_1,0,0
2026,08,ISL.5.3_1,0,0
2026,08,ISL.5.4_1,0,0
2026,08,ISL.5.5_1,0,0
2026,08,ISL.5.6_1,0,0
2026,08,ISL.5.7_1,0,0
2026,08,ISL.5.8_1,0,0
2026,08,ISL.5.9_1,0,0
2026,08,ISL.6.1_1,0,0
2026,08,ISL.6.2_1,0,0
2026,08,ISL.6.3_1,0,0
2026,08,ISL.6.4_1,0,0
2026,08,ISL.7.10_1,0,0
2026,08,ISL.7.11_1,0,0
2026,08,ISL.7.1_1,0,0
2026,08,ISL.7.2_1,0,0
2026,08,ISL.7.3_1,0,0
2026,08,ISL.7.4_1,0,0
2026,08,ISL.7.5_1,0,0
2026,08,ISL.7.6_1,0,0
2026,08,ISL.7.7_1,0,0
2026,08,ISL.7.8_1,0,0
2026,08,ISL.7.9_1,0,0
2026,08,ISL.8.11_1,0,0
2026,08,ISL.8.12_1,0,0
2026,08,ISL.8.13_1,0,0
2026,08,ISL.8.14_1,0,0
2026,08,ISL.8.15_1,0,0
2026,08,ISL.8.16_1,0,0
2026,08,ISL.8.1_1,0,0
2026,08,ISL.8.2_1,0,0
2026,08,ISL.8.3_1,0,0
2026,08,ISL.8.4_1,0,0
2026,08,ISL.8.5_1,0,0
2026,08,ISL.8.6_1,0,0
2026,08,ISL.8.7_1,0,0
2026,08,ISL.8.8_1,0,0
2026,08,ISL.8.9_1,0,0
2026,08,ITA.1.1_1,0.4703729058309667,0.46517090630128793
2026,08,ITA.1.2_1,0.4736957070393521,0.4402849281660891
2026,08,ITA.1.3_1,0.3144957868519703,0.46492638241634504
2026,08,ITA.1.4_1,0.3270795266555335,0.534428616409637
2026,08,ITA.10.10_1,0.6385571469827007,0.4648320898936974
2026,08,ITA.10.11_1,0.448457805505492,0.6742917276600772
2026,08,ITA.10.12_1,0.5740141065094646,0.5459205942983524
2026,08,ITA.10.1_1,0.7718302201772157,0.6175856136015104
2026,08,ITA.10.2_1,0.7046277373643824,0.5993160168729145
2026,08,ITA.10.3_1,0.6210118980528273,0.5737222755582766
2026,08,ITA.10.4_1,0.49232247969312015,0.4491545437354122
2026,08,ITA.10.5_1,0.28078371911617445,0.6095051345203532
2026,08,ITA.10.6_1,0.36199370842269196,0.45058812335204157
2026,08,ITA.10.7_1,0.395794550061005,0.49797742941140466
2026,08,ITA.10.8_1,0.534993603535849,0.46530727644801234
2026,08,ITA.10.9_1,0.3437031168148629,0.47825401997273403
2026,08,ITA.11.1_1,0.31841560024226995,0.4679813122821234
2026,08,ITA.11.2_1,0.2801098431100397,0.5607367574846807
2026,08,ITA.11.3_1,0.30219531522618376,0.5466364262593852
2026,08,ITA.11.4_1,0.34461823893051713,0.4413478646946139
2026,08,ITA.11.5_1,0.3893801851721514,0.5100982954292599
2026,08,ITA.12.1_1,0.415082479486996,0.432316123831121
2026,08,ITA.12.2_1,0.34083944179447617,0.49674369214952974
2026,08,ITA.13.1_1,0.6665393836518653,0.5457145401969823
2026,08,ITA.13.2_1,0.5187241977064078,0.519947528922521
2026,08,ITA.13.3_1,0.44352599407959864,0.5734859190660517
2026,08,ITA.13.4_1,0.7808974087193983,0.606400884269478
2026,08,ITA.13.5_1,0.45426948676294504,0.5476193798896414
2026,08,ITA.13.6_1,0.8605770662580352,0.5592818891979352
2026,08,ITA.13.7_1,0.447539536429527,0.7161313921781731
2026,08,ITA.13.8_1,0.45213573233031584,0.5805054025884633
2026,08,ITA.14.1_1,0.3419376625565834,0.4187925523226867
2026,08,ITA.14.2_1,0.21106947410530918,0.45190827195532907
2026,08,ITA.14.3_1,0.23672846970863176,0.41158201873396444
2026,08,ITA.14.4_1,0.3671208220713376,0.4132309252818479
2026,08,ITA.14.5_1,0.23056381989012711,0.4933904492136464
2026,08,ITA.14.6_1,0.22405987461480514,0.52168926700144
2026,08,ITA.14.7_1,0.4234773494523776,0.4458949601794696
2026,08,ITA.14.8_1,0.3834339445079794,0.5078850941249935
2026,08,ITA.15.1_1,0.303607388925469,0.5065594306556613
2026,08,ITA.15.2_1,0.21385582675580972,0.4389845057070075
2026,08,ITA.15.3_1,0.3571441811669978,0.5030066959370936
2026,08,ITA.15.4_1,0.1574615111309754,0.27559746527927725
2026,08,ITA.15.5_1,0.4794193037205975,0.5469733940358875
2026,08,ITA.15.6_1,0.41931679038473235,0.49735119142417017
2026,08,ITA.15.7_1,0.169297435497792,0.5786745947715929
2026,08,ITA.15.8_1,0.20623317155696605,0.46247183352902727
2026,08,ITA.15.9_1,0.22076448689630387,0.49390738723159755
2026,08,ITA.16.10_1,0.2724869653606052,0.43275133253230297
2026,08,ITA.16.1_1,0.18056351330123968,0.4214498311496302
2026,08,ITA.16.2_1,0.3068159319109439,0.46101529491896087
2026,08,ITA.16.3_1,0.23823641402896187,0.47937617540732186
2026,08,ITA.16.4_1,0.17557207264653232,0.6583894960916774
2026,08,ITA.16.5_1,0.2963696888220047,0.6308081669127245
2026,08,ITA.16.6_1,0.1673480227853413,0.649218093826872
2026,08,ITA.16.7_1,0.3052689686012381,0.5653386278282663
2026,08,ITA.16.8_1,0.22647121491405328,0.5366844178243473
2026,08,ITA.16.9_1,0.1230480134992177,0.4607149636740407
2026,08,ITA.17.1_1,0.5411300086590465,0.6490052929962764
2026,08,ITA.17.2_1,0.7593696295478477,0.686257615612696
2026,08,ITA.18.1_1,0.34390445079706594,0.41455854399044884
2026,08,ITA.18.2_1,0.2584000725643404,0.4191274193767597
2026,08,ITA.19.1_1,0.2292218191498736,0.6209947140326733
2026,08,ITA.2.1_1,0.2883754425134421,0.426884298203922
2026,08,ITA.2.2_1,0.1393291003952794,0.3920529816738608
2026,08,ITA.2.3_1,0.20301965656356694,0.4324925597888142
2026,08,ITA.2.4_1,0.3350461643753994,0.37658574324007876
2026,08,ITA.2.5_1,0.4740502465257502,0.5605663287553794
2026,08,ITA.2.6_1,0.2457178897966944,0.4426733782661165
2026,08,ITA.20.1_1,0.4350902604246123,0.8269018069152018
2026,08,ITA.20.2_1,0.4857822737912478,0.5125507609758467
2026,08,ITA.20.3_1,0.34200590893725186,0.545537780474179
2026,08,ITA.20.4_1,0.47444319988712036,0.561875424359056
2026,08,ITA.20.5_1,0.31890776507526314,0.5546614400719735
2026,08,ITA.20.6_1,0.46784932592739686,0.5000552449461503
2026,08,ITA.20.7_1,0.5407053206721862,0.5907187828849744
2026,08,ITA.3.1_1,0.2318949156096366,0.3335034898118843
2026,08,ITA.3.2_1,0.44427726652366223,0.40996145521820404
2026,08,ITA.4.1_1,0.17663810470643215,0.6006978950815667
2026,08,ITA.4.2_1,0.5842866668983848,0.5170872898815488
2026,08,ITA.4.3_1,0.23026654297088006,0.40170367814590713
2026,08,ITA.4.4_1,0.47515401022990256,0.5515884417076128
2026,08,ITA.4.5_1,0.12031764988297021,0.5630543731349551
2026,08,ITA.5.1_1,0.2040685336568662,0.44532778353844465
2026,08,ITA.5.2_1,0.16039904241370115,0.4608029153832856
2026,08,ITA.5.3_1,0.4977302990671814,0.5662016002472801
2026,08,ITA.5.4_1,0.4295394156615321,0.5918713959063872
2026,08,ITA.5.5_1,0.5864445359757632,0.5555942078969706
2026,08,ITA.6.1_1,0.36398467254303524,0.48713260533588737
2026,08,ITA.6.2_1,0.246597362971421,0.5403281171214256
2026,08,ITA.6.3_1,0.2534782427423839,0.4598988347399911
2026,08,ITA.6.4_1,0.32564235985897594,0.5089117888218354
2026,08,ITA.6.5_1,0.3229279303876796,0.5012037357888445
2026,08,ITA.6.6_1,0.3281448023874346,0.5074792800512545
2026,08,ITA.6.7_1,0.2011235048021364,0.49963745088339373
2026,08,ITA.6.8_1,0.31990176488852234,0.5175898427569481
2026,08,ITA.6.9_1,0.21796372684612234,0.5601092953705074
2026,08,ITA.7.1_1,0.24124458561506784,0.5355312743633389
2026,08,ITA.7.2_1,0.35462076189613856,0.6245079606778352
2026,08,ITA.7.3_1,0.11812987075429707,0.5237519543462056
2026,08,ITA.7.4_1,0.5768506305414071,0.6112520950925523
2026,08,ITA.8.1_1,0.44874541270220686,0.4910771834304466
2026,08,ITA.8.2_1,0.27432687436202713,0.5854112517591006
2026,08,ITA.8.3_1,0.3836372699493034,0.4179348271995278
2026,08,ITA.8.4_1,0.5191037261492251,0.501229325607949
2026,08,ITA.8.5_1,0.36178879389507473,0.47713839340452624
2026,08,ITA.9.1_1,0.4126345374970913,0.701441867796377
2026,08,ITA.9.2_1,0.3969007085481761,0.7409994114615214
2026,08,ITA.9.3_1,0.2830727294124932,0.6739463132277004
2026,08,ITA.9.4_1,0.41300550721576174,0.7371415145142501
2026,08,KAZ.13.11_1,0.039527263818032975,0.26427551229133706
2026,08,KAZ.13.5_1,0.038846888860369744,0.25313136418266624
2026,08,KAZ.4.4_1,0.038344689463867224,0.24517125839075846
2026,08,LIE.10_1,0.051374530897953394,0.5938238920763175
2026,08,LIE.7_1,0.05086600336926171,0.5667595323838311
2026,08,LIE.9_1,0.05153770651999937,0.6033760190266068
2026,08,LTU.3.1_1,0.05239734917711435,0.6654648442034872
2026,08,LTU.3.2_1,0.052531575819881604,0.6782010134705394
2026,08,LTU.3.4_1,0.05244933821533736,0.6702409076786319
2026,08,LTU.3.5_1,0.052064929005537545,0.6384004845110008
2026,08,LTU.3.6_1,0.052828493831095606,0.7132254789549335
2026,08,LTU.4.2_1,0.052148963089724484,0.6447685691445271
2026,08,LTU.4.3_1,0.05179109447179203,0.6192962306104223
2026,08,LTU.5.1_1,0,0
2026,08,LTU.5.4_1,0,0
2026,08,LTU.5.5_1,0,0
2026,08,LTU.6.1_1,0,0
2026,08,LTU.6.2_1,0,0
2026,08,LTU.6.4_1,0,0
2026,08,LTU.7.1_1,0.05202155944711298,0.6352164421942378
2026,08,LTU.7.2_1,0.05236158350550006,0.662280801886724
2026,08,LTU.7.3_1,0.0519995355594703,0.6336244210358563
2026,08,LTU.8.1_1,0.05256293193116936,0.6813850557873027
2026,08,LTU.8.2_1,0.05230627099007242,0.6575047384115795
2026,08,LTU.9.5_1,0,0
2026,08,LUX.1.1_1,0.11790740056045701,0.5170814187725167
2026,08,LUX.1.2_1,0.14776953447349028,0.46980830474474844
2026,08,LUX.1.3_1,0.14896018934882005,0.48417920008929505
2026,08,LUX.1.4_1,0.08234165371694217,0.4828889187535891
2026,08,LUX.1.5_1,0.12602321594516336,0.5012642838564694
2026,08,LUX.2.1_1,0.12441972936721545,0.47746781970236596
2026,08,LUX.2.2_1,0.1314879478556022,0.4607070275789034
2026,08,LUX.2.3_1,0.13240470872725513,0.47184026081816444
2026,08,LUX.3.1_1,0.13294068712362808,0.47894696235573075
2026,08,LUX.3.2_1,0.1718200093669672,0.4452059729333199
2026,08,LUX.3.3_1,0.2725982081415988,0.47618471183794203
2026,08,LUX.3.4_1,0.14841427367762783,0.47795904648744236
2026,08,LVA.1.1_1,0,0
2026,08,LVA.1.2_1,0.052169409655140477,0.6463605903029086
2026,08,LVA.1.3_1,0,0
2026,08,LVA.1.4_1,0,0
2026,08,LVA.1.5_1,0,0
2026,08,LVA.2.1_1,0.05230627099007242,0.6575047384115795
2026,08,LVA.2.2_1,0,0
2026,08,LVA.2.3_1,0,0
2026,08,LVA.2.4_1,0.052086275241035686,0.6399925056693825
2026,08,LVA.2.5_1,0,0
2026,08,LVA.2.6_1,0,0
2026,08,LVA.3.1_1,0.052900969646795366,0.7243696270636045
2026,08,LVA.3.2_1,0,0
2026,08,LVA.3.3_1,0,0
2026,08,LVA.3.4_1,0,0
2026,08,LVA.4.1_1,0.05251556839825469,0.6766089923121579
2026,08,LVA.4.2_1,0,0
2026,08,LVA.4.3_1,0,0
2026,08,LVA.4.4_1,0,0
2026,08,LVA.4.5_1,0.05291973952118163,0.7275536693803677
2026,08,LVA.4.6_1,0.052679601332160875,0.6941212250543549
2026,08,LVA.5.1_1,0,0
2026,08,LVA.5.2_1,0,0
2026,08,LVA.5.3_1,0,0
2026,08,LVA.5.4_1,0,0
2026,08,LVA.5.5_1,0,0
2026,08,MDA.10_1,0.04524031781788012,0.3789010356948085
2026,08,MDA.11_1,0.0449761209892563,0.37253295106128226
2026,08,MDA.12_1,0.04593876600154827,0.39641326843700553
2026,08,MDA.13_1,0.04727263651700178,0.43302975507978114
2026,08,MDA.14_1,0.04710798320094961,0.4282536916046365
2026,08,MDA.15_1,0.04414951822333112,0.3534286971607037
2026,08,MDA.16_1,0.04727263651700178,0.43302975507978114
2026,08,MDA.17_1,0.04549901228029032,0.3852691203283345
2026,08,MDA.18_1,0.04530550356419647,0.38049305685318985
2026,08,MDA.19_1,0.0450426913037363,0.3741249722196636
2026,08,MDA.1_1,0.04436104757345779,0.3582047606358485
2026,08,MDA.20_1,0.04636242389772862,0.40755741654567634
2026,08,MDA.21_1,0.04524031781788012,0.3789010356948085
2026,08,MDA.22_1,0.043040910447353406,0.3295483797849804
2026,08,MDA.23_1,0.04549901228029032,0.3852691203283345
2026,08,MDA.24_1,0.045752297711676125,0.39163720496186066
2026,08,MDA.25_1,0.04738089660732755,0.43621379739654426
2026,08,MDA.26_1,0.043934658739576096,0.34865263368555904
2026,08,MDA.27_1,0.04636242389772862,0.40755741654567634
2026,08,MDA.28_1,0.04624299510541459,0.4043733742289133
2026,08,MDA.29_1,0.04530550356419647,0.38049305685318985
2026,08,MDA.2_1,0.04490920070176655,0.37094092990290056
2026,08,MDA.30_1,0.044637988217937796,0.36457284526937467
2026,08,MDA.31_1,0.04694058862995259,0.42347762812949186
2026,08,MDA.32_1,0,0
2026,08,MDA.33_1,0.046061433806932194,0.3995973107537686
2026,08,MDA.34_1,0.04470632424405152,0.36616486642775586
2026,08,MDA.35_1,0.04524031781788012,0.3789010356948085
2026,08,MDA.36_1,0.04517478819424583,0.3773090145364269
2026,08,MDA.37_1,0.04490920070176655,0.37094092990290056
2026,08,MDA.3_1,0.04549901228029032,0.3852691203283345
2026,08,MDA.4_1,0.04543484933743066,0.38367709916995313
2026,08,MDA.5_1,0.048005589319064845,0.45531805129712283
2026,08,MDA.6_1,0.04648057464495373,0.41074145886243946
2026,08,MDA.7_1,0.04759383271289589,0.44258188203007043
2026,08,MDA.8_1,0.046539173797603216,0.412333480020821
2026,08,MDA.9_1,0.04436104757345779,0.3582047606358485
2026,08,MKD.11_1,0,0
2026,08,MKD.13_1,0.04530550356419647,0.38049305685318985
2026,08,MKD.14_1,0,0
2026,08,MKD.15_1,0.04217117901135218,0.3120361470427834
2026,08,MKD.16_1,0.046061433806932194,0.3995973107537686
2026,08,MKD.17_1,0,0
2026,08,MKD.18_1,0,0
2026,08,MKD.19_1,0,0
2026,08,MKD.20_1,0.043345040420819075,0.33591646441850664
2026,08,MKD.21_1,0,0
2026,08,MKD.23_1,0.04063549860122299,0.28337976619191546
2026,08,MKD.24_1,0.04568947849813677,0.3900451838034793
2026,08,MKD.25_1,0.04265174592133566,0.3215882739930728
2026,08,MKD.26_1,0.04470632424405152,0.36616486642775586
2026,08,MKD.27_1,0,0
2026,08,MKD.28_1,0.04265174592133566,0.3215882739930728
2026,08,MKD.29_1,0.04192519631739169,0.3072600835676389
2026,08,MKD.2_1,0.04054583361073638,0.2817877450335341
2026,08,MKD.30_1,0,0
2026,08,MKD.31_1,0.04063549860122299,0.28337976619191546
2026,08,MKD.32_1,0.04636242389772862,0.40755741654567634
2026,08,MKD.33_1,0,0
2026,08,MKD.35_1,0,0
2026,08,MKD.36_1,0,0
2026,08,MKD.37_1,0,0
2026,08,MKD.38_1,0,0
2026,08,MKD.39_1,0,0
2026,08,MKD.3_1,0,0
2026,08,MKD.40_1,0,0
2026,08,MKD.41_1,0.04063549860122299,0.28337976619191546
2026,08,MKD.42_1,0.04562632544968254,0.38845316264509794
2026,08,MKD.43_1,0.04159115798690046,0.3008919989341125
2026,08,MKD.44_1,0,0
2026,08,MKD.45_1,0,0
2026,08,MKD.46_1,0,0
2026,08,MKD.47_1,0.04530550356419647,0.38049305685318985
2026,08,MKD.48_1,0,0
2026,08,MKD.49_1,0,0
2026,08,MKD.4_1,0,0
2026,08,MKD.50_1,0.04543484933743066,0.38367709916995313
2026,08,MKD.51_1,0.0461827983480315,0.4027813530705317
2026,08,MKD.52_1,0.043345040420819075,0.33591646441850664
2026,08,MKD.54_1,0,0
2026,08,MKD.55_1,0.04265174592133566,0.3215882739930728
2026,08,MKD.56_1,0,0
2026,08,MKD.57_1,0.04142149400202496,0.2977079566173496
2026,08,MKD.58_1,0,0
2026,08,MKD.59_1,0,0
2026,08,MKD.5_1,0.04470632424405152,0.36616486642775586
2026,08,MKD.60_1,0,0
2026,08,MKD.61_1,0.04624299510541459,0.4043733742289133
2026,08,MKD.62_1,0,0
2026,08,MKD.63_1,0.041076767151203744,0.2913398719838234
2026,08,MKD.64_1,0.04265174592133566,0.3215882739930728
2026,08,MKD.65_1,0.04414951822333112,0.3534286971607037
2026,08,MKD.66_1,0,0
2026,08,MKD.67_1,0.04125003787061803,0.2945239143005865
2026,08,MKD.68_1,0,0
2026,08,MKD.69_1,0.043420090292464256,0.3375084855768882
2026,08,MKD.6_1,0,0
2026,08,MKD.70_1,0.04233304052256631,0.31522018935954665
2026,08,MKD.72_1,0,0
2026,08,MKD.73_1,0,0
2026,08,MKD.74_1,0.042572690882333904,0.3199962528346913
2026,08,MKD.75_1,0,0
2026,08,MKD.76_1,0,0
2026,08,MKD.77_1,0.04116363076094505,0.2929318931422048
2026,08,MKD.79_1,0,0
2026,08,MKD.7_1,0,0
2026,08,MKD.81_1,0,0
2026,08,MKD.83_1,0.04184234131534133,0.3056680624092572
2026,08,MKD.84_1,0.04349475120062014,0.33910050673526954
2026,08,MKD.85_1,0,0
2026,08,MKD.8_1,0,0
2026,08,MKD.9_1,0.041759051669332664,0.3040760412508758
2026,08,MLT.1_1,0.051511094202399514,0.6017839978682255
2026,08,MLT.3.11_1,0.05218963197104452,0.6479526114612901
2026,08,MLT.3.3_1,0.05197728521735732,0.6320323998774745
2026,08,MLT.3.5_1,0.0519995355594703,0.6336244210358563
2026,08,MLT.3.6_1,0.05218963197104452,0.6479526114612901
2026,08,MLT.3.9_1,0.05171749973971528,0.6145201671352777
2026,08,MLT.4.10_1,0.052064929005537545,0.6384004845110008
2026,08,MLT.4.12_1,0.05114379821018257,0.5810877228092651
2026,08,MLT.4.2_1,0.05186262638468887,0.624072294085567
2026,08,MLT.4.3_1,0.05179109447179203,0.6192962306104223
2026,08,MLT.4.4_1,0.05230627099007242,0.6575047384115795
2026,08,MLT.4.5_1,0.051346515286048326,0.5922318709179359
2026,08,MLT.4.9_1,0.05218963197104452,0.6479526114612901
2026,08,MLT.4_1,0.05181516721792836,0.6208882517688037
2026,08,MLT.5.14_1,0.052148963089724484,0.6447685691445271
2026,08,MLT.5.4_1,0.05202155944711298,0.6352164421942378
2026,08,MLT.5.9_1,0.05176679252595321,0.6177042094520407
2026,08,MLT.5_1,0.05197728521735732,0.6320323998774745
2026,08,MNE.10_1,0,0
2026,08,MNE.11_1,0.04364291410096731,0.3422845490520328
2026,08,MNE.12_1,0.04699669320242809,0.4250696492878734
2026,08,MNE.13_1,0.045752297711676125,0.39163720496186066
2026,08,MNE.14_1,0.04280862716454913,0.3247723163098356
2026,08,MNE.15_1,0.044220395646106976,0.3550207183190852
2026,08,MNE.16_1,0.04543484933743066,0.38367709916995313
2026,08,MNE.17_1,0.04280862716454913,0.3247723163098356
2026,08,MNE.18_1,0.04450024054800256,0.36138880295261144
2026,08,MNE.19_1,0,0
2026,08,MNE.1_1,0.04429090484421171,0.35661273947746674
2026,08,MNE.20_1,0.04934694209044428,0.5014866648901878
2026,08,MNE.21_1,0.04265174592133566,0.3215882739930728
2026,08,MNE.2_1,0.048398923130838545,0.4680542205641752
2026,08,MNE.3_1,0.04556283717816291,0.3868611414867162
2026,08,MNE.4_1,0.043934658739576096,0.34865263368555904
2026,08,MNE.5_1,0,0
2026,08,MNE.6_1,0.047646325904914286,0.444173903188452
2026,08,MNE.7_1,0.04732691674675229,0.4346217762381627
2026,08,MNE.8_1,0.04858882212193265,0.47442230519770145
2026,08,MNE.9_1,0.0450426913037363,0.3741249722196636
2026,08,NLD.1.10_1,0.05105335739684572,0.5763116593341204
2026,08,NLD.1.11_1,0.050991867824992106,0.5731276170173574
2026,08,NLD.1.12_1,0.049796455551638814,0.5189988976323848
2026,08,NLD.1.1_1,0.0499904146199507,0.5269590034242924
2026,08,NLD.1.2_1,0.05114379821018257,0.5810877228092651
2026,08,NLD.1.3_1,0.05086600336926171,0.5667595323838311
2026,08,NLD.1.4_1,0.04938911853211241,0.5030786860485692
2026,08,NLD.1.5_1,0.05017800164526834,0.5349191092162003
2026,08,NLD.1.6_1,0.05080162133682958,0.5635754900670682
2026,08,NLD.1.7_1,0.04959604968147997,0.5110387918404771
2026,08,NLD.1.8_1,0.049952134909844986,0.525366982265911
2026,08,NLD.1.9_1,0.048635600917710305,0.476014326356083
2026,08,NLD.10.10_1,0.049796455551638814,0.5189988976323848
2026,08,NLD.10.11_1,0.048635600917710305,0.476014326356083
2026,08,NLD.10.12_1,0.04967699058299391,0.5142228341572402
2026,08,NLD.10.13_1,0.05021476073212452,0.5365111303745819
2026,08,NLD.10.14_1,0.049088294837363274,0.49193453793989833
2026,08,NLD.10.15_1,0.048253552815115175,0.4632781570890304
2026,08,NLD.10.16_1,0.05073626788046841,0.5603914477503049
2026,08,NLD.10.17_1,0.049913599742985044,0.5237749611075295
2026,08,NLD.10.18_1,0.050669939241386894,0.5572074054335419
2026,08,NLD.10.19_1,0.04877427985491362,0.4807903898312276
2026,08,NLD.10.1_1,0.04963665031161907,0.5126308129988586
2026,08,NLD.10.20_1,0.050897831255658534,0.5683515535422127
2026,08,NLD.10.21_1,0.0499904146199507,0.5269590034242924
2026,08,NLD.10.22_1,0.04895534680431426,0.48715847446475385
2026,08,NLD.10.23_1,0.04895534680431426,0.48715847446475385
2026,08,NLD.10.24_1,0.04868210294483532,0.47760634751446457
2026,08,NLD.10.25_1,0.05043005337679963,0.546063257324871
2026,08,NLD.10.26_1,0.04987480852724417,0.5221829399491479
2026,08,NLD.10.3_1,0.04967699058299391,0.5142228341572402
2026,08,NLD.10.4_1,0.0494310306806891,0.5046707072069508
2026,08,NLD.10.5_2,0.049514064778928724,0.507854749523714
2026,08,NLD.10.6_1,0.04891048901592771,0.4855664533063721
2026,08,NLD.10.7_1,0.049088294837363274,0.49193453793989833
2026,08,NLD.10.8_1,0.048819956299597005,0.4823824109896092
2026,08,NLD.10.9_1,0.04955518805263981,0.5094467706820953
2026,08,NLD.11.12_1,0.049952134909844986,0.525366982265911
2026,08,NLD.11.13_1,0.04947267920788396,0.5062627283653325
2026,08,NLD.11.14_1,0.049835760664711536,0.5205909187907662
2026,08,NLD.11.16_1,0.04959604968147997,0.5110387918404771
2026,08,NLD.11.18_1,0.0499904146199507,0.5269590034242924
2026,08,NLD.11.21_1,0.049796455551638814,0.5189988976323848
2026,08,NLD.11.22_1,0.04938911853211241,0.5030786860485692
2026,08,NLD.11.23_1,0.049514064778928724,0.507854749523714
2026,08,NLD.11.24_1,0.048635600917710305,0.476014326356083
2026,08,NLD.11.25_1,0.049088294837363274,0.49193453793989833
2026,08,NLD.11.26_1,0.04947267920788396,0.5062627283653325
2026,08,NLD.11.27_1,0.04934694209044428,0.5014866648901878
2026,08,NLD.11.28_1,0.04904424897846883,0.4903425167815169
2026,08,NLD.11.30_1,0.0497170711293673,0.5158148553156215
2026,08,NLD.11.31_1,0.050602631584851246,0.5540233631167788
2026,08,NLD.11.32_1,0.0491320715143638,0.49352655909828
2026,08,NLD.11.33_1,0.04967699058299391,0.5142228341572402
2026,08,NLD.11.34_1,0.05063640803297186,0.5556153842751603
2026,08,NLD.11.35_1,0.0499904146199507,0.5269590034242924
2026,08,NLD.11.36_1,0.049514064778928724,0.507854749523714
2026,08,NLD.11.37_1,0.05006621000980004,0.5301430457410556
2026,08,NLD.11.3_1,0.049218820191286906,0.49671060141504314
2026,08,NLD.11.4_1,0.050769066269798976,0.5619834689086867
2026,08,NLD.11.6_1,0.05123209688184537,0.5858637862844097
2026,08,NLD.11.7_1,0.050251268349478156,0.5381031515329634
2026,08,NLD.11.8_1,0.049952134909844986,0.525366982265911
2026,08,NLD.12.10_1,0.049218820191286906,0.49671060141504314
2026,08,NLD.12.11_1,0.04947267920788396,0.5062627283653325
2026,08,NLD.12.12_1,0.04963665031161907,0.5126308129988586
2026,08,NLD.12.13_1,0.04963665031161907,0.5126308129988586
2026,08,NLD.12.1_1,0.04895534680431426,0.48715847446475385
2026,08,NLD.12.2_1,0.04895534680431426,0.48715847446475385
2026,08,NLD.12.3_1,0.048728328995678624,0.4791983686728461
2026,08,NLD.12.4_1,0.04780204312044206,0.44894996666359666
2026,08,NLD.12.5_1,0.04930450067743372,0.49989464373180625
2026,08,NLD.12.6_1,0.04891048901592771,0.4855664533063721
2026,08,NLD.12.7_1,0.049218820191286906,0.49671060141504314
2026,08,NLD.12.8_1,0.049261793608223935,0.4983026225734245
2026,08,NLD.12.9_1,0.0491320715143638,0.49352655909828
2026,08,NLD.13.1_1,0.04955518805263981,0.5094467706820953
2026,08,NLD.14.100_1,0.05096076303676537,0.5715355958589758
2026,08,NLD.14.101_1,0.050769066269798976,0.5619834689086867
2026,08,NLD.14.102_1,0.05006621000980004,0.5301430457410556
2026,08,NLD.14.103_1,0.0494310306806891,0.5046707072069508
2026,08,NLD.14.104_1,0.0499904146199507,0.5269590034242924
2026,08,NLD.14.17_1,0.04963665031161907,0.5126308129988586
2026,08,NLD.14.18_1,0.05049982586358712,0.5492472996416341
2026,08,NLD.14.1_1,0.048865359099248204,0.48397443214799074
2026,08,NLD.14.21_1,0.050669939241386894,0.5572074054335419
2026,08,NLD.14.23_1,0.04987480852724417,0.5221829399491479
2026,08,NLD.14.26_1,0.049796455551638814,0.5189988976323848
2026,08,NLD.14.27_1,0.050602631584851246,0.5540233631167788
2026,08,NLD.14.29_1,0.05035928783472076,0.5428792150081079
2026,08,NLD.14.2_1,0.050140990535841826,0.5333270880578186
2026,08,NLD.14.30_2,0.04858882212193265,0.47442230519770145
2026,08,NLD.14.31_1,0.04877427985491362,0.4807903898312276
2026,08,NLD.14.32_1,0.050769066269798976,0.5619834689086867
2026,08,NLD.14.34_2,0.05053434099894533,0.5508393208000156
2026,08,NLD.14.36_1,0.048865359099248204,0.48397443214799074
2026,08,NLD.14.38_1,0.05032353136107536,0.5412871938497263
2026,08,NLD.14.39_1,0.05056860940561389,0.5524313419583972
2026,08,NLD.14.40_1,0.049756892578386155,0.5174068764740031
2026,08,NLD.14.43_1,0.050251268349478156,0.5381031515329634
2026,08,NLD.14.45_1,0.04868210294483532,0.47760634751446457
2026,08,NLD.14.4_1,0.049796455551638814,0.5189988976323848
2026,08,NLD.14.53_2,0.05056860940561389,0.5524313419583972
2026,08,NLD.14.54_2,0.05039479499775907,0.5444712361664896
2026,08,NLD.14.56_1,0.05102273246650329,0.5747196381757389
2026,08,NLD.14.5_1,0.049088294837363274,0.49193453793989833
2026,08,NLD.14.60_1,0.04959604968147997,0.5110387918404771
2026,08,NLD.14.61_1,0.04891048901592771,0.4855664533063721
2026,08,NLD.14.63_1,0.049835760664711536,0.5205909187907662
2026,08,NLD.14.66_1,0.0501037268453455,0.5317350668994371
2026,08,NLD.14.67_2,0.049218820191286906,0.49671060141504314
2026,08,NLD.14.70_1,0.048865359099248204,0.48397443214799074
2026,08,NLD.14.73_1,0.04895534680431426,0.48715847446475385
2026,08,NLD.14.78_1,0.04858882212193265,0.47442230519770145
2026,08,NLD.14.7_2,0.049913599742985044,0.5237749611075295
2026,08,NLD.14.81_1,0.05032353136107536,0.5412871938497263
2026,08,NLD.14.82_1,0.050602631584851246,0.5540233631167788
2026,08,NLD.14.84_1,0.05035928783472076,0.5428792150081079
2026,08,NLD.14.86_1,0.04844681708178188,0.4696462417225566
2026,08,NLD.14.89_1,0.050703225696644295,0.5587994265919234
2026,08,NLD.14.8_1,0.048253552815115175,0.4632781570890304
2026,08,NLD.14.90_1,0.0501037268453455,0.5317350668994371
2026,08,NLD.14.91_1,0.04938911853211241,0.5030786860485692
2026,08,NLD.14.93_1,0.05056860940561389,0.5524313419583972
2026,08,NLD.14.94_1,0.04938911853211241,0.5030786860485692
2026,08,NLD.14.95_1,0.049088294837363274,0.49193453793989833
2026,08,NLD.14.96_1,0.0499904146199507,0.5269590034242924
2026,08,NLD.14.97_1,0.05056860940561389,0.5524313419583972
2026,08,NLD.14.98_1,0.04959604968147997,0.5110387918404771
2026,08,NLD.14.99_1,0.04844681708178188,0.4696462417225566
2026,08,NLD.2.1_1,0.04963665031161907,0.5126308129988586
2026,08,NLD.2.2_1,0.05017800164526834,0.5349191092162003
2026,08,NLD.2.3_1,0.049835760664711536,0.5205909187907662
2026,08,NLD.2.4_1,0.050287525045012965,0.5396951726913448
2026,08,NLD.2.6_1,0.048865359099248204,0.48397443214799074
2026,08,NLD.3.10_1,0.05086600336926171,0.5667595323838311
2026,08,NLD.3.11_2,0.05049982586358712,0.5492472996416341
2026,08,NLD.3.14_2,0.05120290131740937,0.5842717651260282
2026,08,NLD.3.1_1,0.05039479499775907,0.5444712361664896
2026,08,NLD.3.20_1,0.0491320715143638,0.49352655909828
2026,08,NLD.3.21_1,0.05092941766181925,0.5699435747005941
2026,08,NLD.3.24_1,0.05053434099894533,0.5508393208000156
2026,08,NLD.3.27_1,0.05002843945969729,0.5285510245826741
2026,08,NLD.3.29_1,0.049913599742985044,0.5237749611075295
2026,08,NLD.3.32_1,0.0501037268453455,0.5317350668994371
2026,08,NLD.3.33_1,0.05083393354904563,0.5651675112254496
2026,08,NLD.3.34_1,0.051692508242402166,0.6129281459768963
2026,08,NLD.3.35_1,0.050669939241386894,0.5572074054335419
2026,08,NLD.3.5_1,0.05153770651999937,0.6033760190266068
2026,08,NLD.4.10_1,0.04868210294483532,0.47760634751446457
2026,08,NLD.4.11_1,0.04987480852724417,0.5221829399491479
2026,08,NLD.4.14_1,0.049756892578386155,0.5174068764740031
2026,08,NLD.4.15_2,0.04815522371137511,0.46009411477226747
2026,08,NLD.4.16_1,0.0497170711293673,0.5158148553156215
2026,08,NLD.4.17_1,0.04934694209044428,0.5014866648901878
2026,08,NLD.4.18_1,0.04967699058299391,0.5142228341572402
2026,08,NLD.4.20_1,0.04938911853211241,0.5030786860485692
2026,08,NLD.4.21_1,0.0483022918419774,0.46487017824741195
2026,08,NLD.4.22_1,0.04810563189492998,0.45850209361388594
2026,08,NLD.4.28_1,0.04891048901592771,0.4855664533063721
2026,08,NLD.4.29_1,0.05056860940561389,0.5524313419583972
2026,08,NLD.4.30_1,0.049756892578386155,0.5174068764740031
2026,08,NLD.4.32_1,0.04930450067743372,0.49989464373180625
2026,08,NLD.4.34_1,0.04967699058299391,0.5142228341572402
2026,08,NLD.4.37_1,0.04959604968147997,0.5110387918404771
2026,08,NLD.4.38_2,0.04899993321178068,0.4887504956231352
2026,08,NLD.4.39_1,0.048635600917710305,0.476014326356083
2026,08,NLD.4.3_1,0.0501037268453455,0.5317350668994371
2026,08,NLD.4.43_1,0.04891048901592771,0.4855664533063721
2026,08,NLD.4.44_1,0.048865359099248204,0.48397443214799074
2026,08,NLD.4.45_1,0.04938911853211241,0.5030786860485692
2026,08,NLD.4.46_1,0.05073626788046841,0.5603914477503049
2026,08,NLD.4.47_1,0.049175579728357045,0.4951185802566614
2026,08,NLD.4.48_1,0.0497170711293673,0.5158148553156215
2026,08,NLD.4.49_1,0.049514064778928724,0.507854749523714
2026,08,NLD.4.4_1,0.04877427985491362,0.4807903898312276
2026,08,NLD.4.50_1,0.049756892578386155,0.5174068764740031
2026,08,NLD.4.52_1,0.04858882212193265,0.47442230519770145
2026,08,NLD.4.54_1,0.04938911853211241,0.5030786860485692
2026,08,NLD.4.56_1,0.05002843945969729,0.5285510245826741
2026,08,NLD.4.58_1,0.0497170711293673,0.5158148553156215
2026,08,NLD.4.5_1,0.04930450067743372,0.49989464373180625
2026,08,NLD.4.60_1,0.0499904146199507,0.5269590034242924
2026,08,NLD.4.63_1,0.050251268349478156,0.5381031515329634
2026,08,NLD.4.64_1,0.048865359099248204,0.48397443214799074
2026,08,NLD.4.65_1,0.05002843945969729,0.5285510245826741
2026,08,NLD.4.66_1,0.049261793608223935,0.4983026225734245
2026,08,NLD.4.68_1,0.049088294837363274,0.49193453793989833
2026,08,NLD.4.70_2,0.049952134909844986,0.525366982265911
2026,08,NLD.4.71_2,0.04877427985491362,0.4807903898312276
2026,08,NLD.4.72_1,0.048494431015955186,0.47123826288093834
2026,08,NLD.4.73_1,0.04947267920788396,0.5062627283653325
2026,08,NLD.4.74_1,0.04854176575735198,0.4728302840393197
2026,08,NLD.4.75_1,0.048819956299597005,0.4823824109896092
2026,08,NLD.4.76_1,0.04858882212193265,0.47442230519770145
2026,08,NLD.4.77_1,0.04877427985491362,0.4807903898312276
2026,08,NLD.4.78_1,0.05035928783472076,0.5428792150081079
2026,08,NLD.4.79_1,0.050140990535841826,0.5333270880578186
2026,08,NLD.4.7_1,0.05002843945969729,0.5285510245826741
2026,08,NLD.4.9_1,0.04904424897846883,0.4903425167815169
2026,08,NLD.5.15_1,0.05105335739684572,0.5763116593341204
2026,08,NLD.5.19_1,0.05102273246650329,0.5747196381757389
2026,08,NLD.5.21_1,0.05126105566193509,0.5874558074427912
2026,08,NLD.5.26_1,0.05073626788046841,0.5603914477503049
2026,08,NLD.5.27_1,0.05105335739684572,0.5763116593341204
2026,08,NLD.5.28_1,0.05096076303676537,0.5715355958589758
2026,08,NLD.5.29_1,0.05102273246650329,0.5747196381757389
2026,08,NLD.5.30_1,0.049088294837363274,0.49193453793989833
2026,08,NLD.5.31_1,0.050602631584851246,0.5540233631167788
2026,08,NLD.5.7_2,0.05105335739684572,0.5763116593341204
2026,08,NLD.6.1_1,0.050669939241386894,0.5572074054335419
2026,08,NLD.7.10_1,0.04785336459144693,0.450541987821978
2026,08,NLD.7.13_1,0.04785336459144693,0.450541987821978
2026,08,NLD.7.16_2,0.04895534680431426,0.48715847446475385
2026,08,NLD.7.18_1,0.048635600917710305,0.476014326356083
2026,08,NLD.7.20_1,0.048398923130838545,0.4680542205641752
2026,08,NLD.7.23_1,0.04738089660732755,0.43621379739654426
2026,08,NLD.7.26_1,0.04835074833101131,0.46646219940579353
2026,08,NLD.7.28_1,0.050769066269798976,0.5619834689086867
2026,08,NLD.7.29_1,0.048494431015955186,0.47123826288093834
2026,08,NLD.7.32_2,0.048494431015955186,0.47123826288093834
2026,08,NLD.7.33_2,0.04854176575735198,0.4728302840393197
2026,08,NLD.7.37_1,0.047955136767743684,0.4537260301387413
2026,08,NLD.7.38_1,0.048005589319064845,0.45531805129712283
2026,08,NLD.7.39_1,0.04780204312044206,0.44894996666359666
2026,08,NLD.7.3_1,0.048204530393412735,0.46168613593064906
2026,08,NLD.7.42_1,0.046884176210791065,0.4218856069711103
2026,08,NLD.7.43_1,0.047698524728195545,0.44576592434683354
2026,08,NLD.7.44_2,0.048819956299597005,0.4823824109896092
2026,08,NLD.7.45_1,0.05053434099894533,0.5508393208000156
2026,08,NLD.7.46_1,0.04780204312044206,0.44894996666359666
2026,08,NLD.7.47_1,0.048204530393412735,0.46168613593064906
2026,08,NLD.7.48_1,0.04899993321178068,0.4887504956231352
2026,08,NLD.7.49_1,0.049175579728357045,0.4951185802566614
2026,08,NLD.7.4_1,0.04815522371137511,0.46009411477226747
2026,08,NLD.7.50_1,0.04805575406133186,0.45691007245550425
2026,08,NLD.7.51_1,0.0494310306806891,0.5046707072069508
2026,08,NLD.7.52_1,0.04785336459144693,0.450541987821978
2026,08,NLD.7.5_1,0.048204530393412735,0.46168613593064906
2026,08,NLD.7.6_1,0.048005589319064845,0.45531805129712283
2026,08,NLD.7.7_1,0.048494431015955186,0.47123826288093834
2026,08,NLD.7.9_1,0.04938911853211241,0.5030786860485692
2026,08,NLD.8.10_1,0.04868210294483532,0.47760634751446457
2026,08,NLD.8.11_1,0.04858882212193265,0.47442230519770145
2026,08,NLD.8.12_1,0.04938911853211241,0.5030786860485692
2026,08,NLD.8.13_1,0.048819956299597005,0.4823824109896092
2026,08,NLD.8.14_1,0.049261793608223935,0.4983026225734245
2026,08,NLD.8.15_1,0.04754104417704476,0.4409898608716889
2026,08,NLD.8.16_1,0.049218820191286906,0.49671060141504314
2026,08,NLD.8.17_1,0.04835074833101131,0.46646219940579353
2026,08,NLD.8.18_1,0.04904424897846883,0.4903425167815169
2026,08,NLD.8.19_1,0.0491320715143638,0.49352655909828
2026,08,NLD.8.1_1,0.048494431015955186,0.47123826288093834
2026,08,NLD.8.20_1,0.04899993321178068,0.4887504956231352
2026,08,NLD.8.21_1,0.0491320715143638,0.49352655909828
2026,08,NLD.8.22_1,0.04891048901592771,0.4855664533063721
2026,08,NLD.8.23_1,0.05039479499775907,0.5444712361664896
2026,08,NLD.8.25_1,0.048494431015955186,0.47123826288093834
2026,08,NLD.8.26_1,0.049952134909844986,0.525366982265911
2026,08,NLD.8.27_1,0.049088294837363274,0.49193453793989833
2026,08,NLD.8.28_1,0.04930450067743372,0.49989464373180625
2026,08,NLD.8.30_1,0.049175579728357045,0.4951185802566614
2026,08,NLD.8.31_1,0.04934694209044428,0.5014866648901878
2026,08,NLD.8.32_1,0.048494431015955186,0.47123826288093834
2026,08,NLD.8.33_1,0.049796455551638814,0.5189988976323848
2026,08,NLD.8.34_1,0.04665542564230543,0.4155175223375841
2026,08,NLD.8.35_1,0.04895534680431426,0.48715847446475385
2026,08,NLD.8.36_1,0.0501037268453455,0.5317350668994371
2026,08,NLD.8.38_1,0.04938911853211241,0.5030786860485692
2026,08,NLD.8.3_1,0.048728328995678624,0.4791983686728461
2026,08,NLD.8.41_1,0.04868210294483532,0.47760634751446457
2026,08,NLD.8.42_1,0.049835760664711536,0.5205909187907662
2026,08,NLD.8.43_1,0.049088294837363274,0.49193453793989833
2026,08,NLD.8.44_1,0.04904424897846883,0.4903425167815169
2026,08,NLD.8.45_1,0.04858882212193265,0.47442230519770145
2026,08,NLD.8.46_1,0.04963665031161907,0.5126308129988586
2026,08,NLD.8.47_2,0.049756892578386155,0.5174068764740031
2026,08,NLD.8.48_1,0.04904424897846883,0.4903425167815169
2026,08,NLD.8.49_1,0.04959604968147997,0.5110387918404771
2026,08,NLD.8.4_1,0.048819956299597005,0.4823824109896092
2026,08,NLD.8.50_1,0.048494431015955186,0.47123826288093834
2026,08,NLD.8.52_1,0.048819956299597005,0.4823824109896092
2026,08,NLD.8.54_1,0.0497170711293673,0.5158148553156215
2026,08,NLD.8.55_1,0.047955136767743684,0.4537260301387413
2026,08,NLD.8.56_1,0.04844681708178188,0.4696462417225566
2026,08,NLD.8.57_1,0.047955136767743684,0.4537260301387413
2026,08,NLD.8.58_1,0.04877427985491362,0.4807903898312276
2026,08,NLD.8.59_1,0.04868210294483532,0.47760634751446457
2026,08,NLD.8.5_1,0.049218820191286906,0.49671060141504314
2026,08,NLD.8.60_1,0.0483022918419774,0.46487017824741195
2026,08,NLD.8.62_1,0.04891048901592771,0.4855664533063721
2026,08,NLD.8.63_2,0.04987480852724417,0.5221829399491479
2026,08,NLD.8.64_1,0.0483022918419774,0.46487017824741195
2026,08,NLD.8.65_1,0.04938911853211241,0.5030786860485692
2026,08,NLD.8.67_1,0.04895534680431426,0.48715847446475385
2026,08,NLD.8.69_1,0.04904424897846883,0.4903425167815169
2026,08,NLD.8.6_1,0.04955518805263981,0.5094467706820953
2026,08,NLD.8.70_1,0.05021476073212452,0.5365111303745819
2026,08,NLD.8.71_1,0.04854176575735198,0.4728302840393197
2026,08,NLD.8.72_1,0.048635600917710305,0.476014326356083
2026,08,NLD.8.7_1,0.049835760664711536,0.5205909187907662
2026,08,NLD.8.8_1,0.04716317079588728,0.42984571276301803
2026,08,NLD.8.9_1,0.04810563189492998,0.45850209361388594
2026,08,NLD.9.10_1,0.051346515286048326,0.5922318709179359
2026,08,NLD.9.11_1,0.04934694209044428,0.5014866648901878
2026,08,NLD.9.12_2,0.05114379821018257,0.5810877228092651
2026,08,NLD.9.14_1,0.05105335739684572,0.5763116593341204
2026,08,NLD.9.15_1,0.05128977805875176,0.5890478286011729
2026,08,NLD.9.16_1,0.0501037268453455,0.5317350668994371
2026,08,NLD.9.1_1,0.050602631584851246,0.5540233631167788
2026,08,NLD.9.21_1,0.051511094202399514,0.6017839978682255
2026,08,NLD.9.23_2,0.051402311689494384,0.595415913234699
2026,08,NLD.9.25_1,0.051511094202399514,0.6017839978682255
2026,08,NLD.9.26_1,0.050703225696644295,0.5587994265919234
2026,08,NLD.9.27_1,0.05128977805875176,0.5890478286011729
2026,08,NLD.9.28_1,0.05166728623151182,0.6113361248185145
2026,08,NLD.9.29_1,0.0499904146199507,0.5269590034242924
2026,08,NLD.9.30_1,0.05128977805875176,0.5890478286011729
2026,08,NLD.9.31_1,0.04938911853211241,0.5030786860485692
2026,08,NLD.9.32_1,0.05086600336926171,0.5667595323838311
2026,08,NLD.9.33_1,0.051173468563355404,0.5826797439676467
2026,08,NLD.9.34_1,0.04938911853211241,0.5030786860485692
2026,08,NLD.9.3_1,0.051346515286048326,0.5922318709179359
2026,08,NLD.9.41_1,0.05002843945969729,0.5285510245826741
2026,08,NLD.9.42_1,0.05131826446920053,0.5906398497595544
2026,08,NLD.9.43_1,0.05056860940561389,0.5524313419583972
2026,08,NLD.9.44_1,0.0499904146199507,0.5269590034242924
2026,08,NLD.9.47_1,0.051374530897953394,0.5938238920763175
2026,08,NLD.9.48_1,0.0519995355594703,0.6336244210358563
2026,08,NLD.9.49_1,0.05171749973971528,0.6145201671352777
2026,08,NLD.9.4_1,0.05120290131740937,0.5842717651260282
2026,08,NLD.9.50_1,0.04947267920788396,0.5062627283653325
2026,08,NLD.9.51_1,0.05188601343308219,0.6256643152439486
2026,08,NLD.9.53_1,0.05092941766181925,0.5699435747005941
2026,08,NLD.9.54_1,0.05006621000980004,0.5301430457410556
2026,08,NLD.9.59_1,0.049835760664711536,0.5205909187907662
2026,08,NLD.9.61_1,0.05126105566193509,0.5874558074427912
2026,08,NLD.9.62_1,0.05105335739684572,0.5763116593341204
2026,08,NLD.9.63_1,0.05131826446920053,0.5906398497595544
2026,08,NLD.9.66_1,0.05056860940561389,0.5524313419583972
2026,08,NLD.9.67_1,0.05102273246650329,0.5747196381757389
2026,08,NLD.9.68_1,0.05126105566193509,0.5874558074427912
2026,08,NLD.9.69_1,0.0501037268453455,0.5317350668994371
2026,08,NLD.9.70_1,0.050769066269798976,0.5619834689086867
2026,08,NLD.9.71_1,0.05092941766181925,0.5699435747005941
2026,08,NLD.9.72_1,0.05102273246650329,0.5747196381757389
2026,08,NLD.9.73_1,0.05126105566193509,0.5874558074427912
2026,08,NLD.9.7_1,0.05092941766181925,0.5699435747005941
2026,08,NLD.9.9_1,0.051346515286048326,0.5922318709179359
2026,08,NOR.1.3_1,0.05105335739684572,0.5763116593341204
2026,08,NOR.10.17_1,0.0524993411324214,0.6750169711537763
2026,08,NOR.10.18_1,0.05186262638468887,0.624072294085567
2026,08,NOR.11.19_1,0.051429858041199025,0.5970079343930806
2026,08,NOR.11.7_1,0.05128977805875176,0.5890478286011729
2026,08,NOR.14.13_1,0.05263748863416156,0.6893451615792104
2026,08,NOR.14.21_1,0.05305009177389525,0.7562100502312353
2026,08,NOR.14.24_1,0.05228738881346963,0.6559127172531978
2026,08,NOR.14.6_1,0.052828493831095606,0.7132254789549335
2026,08,NOR.15.13_1,0.0519995355594703,0.6336244210358563
2026,08,NOR.15.5_1,0.05300763471085235,0.7450659021225645
2026,08,NOR.17.17_1,0.05190917253735541,0.6272563364023303
2026,08,NOR.17.22_1,0.05176679252595321,0.6177042094520407
2026,08,NOR.17.9_1,0.05212829201092069,0.6431765479861455
2026,08,NOR.2.10_1,0.05120290131740937,0.5842717651260282
2026,08,NOR.2.16_1,0.05002843945969729,0.5285510245826741
2026,08,NOR.2.1_1,0.051429858041199025,0.5970079343930806
2026,08,NOR.2.6_1,0.051511094202399514,0.6017839978682255
2026,08,NOR.5.13_1,0.05224895601103845,0.6527286749364346
2026,08,NOR.5.16_1,0.05234336809972344,0.6606887807283424
2026,08,NOR.5.17_1,0.052531575819881604,0.6782010134705394
2026,08,NOR.5.7_1,0.05212829201092069,0.6431765479861455
2026,08,NOR.5.8_1,0.05210739615153474,0.641584526827764
2026,08,NOR.6.10_1,0.050897831255658534,0.5683515535422127
2026,08,NOR.6.20_1,0.051402311689494384,0.595415913234699
2026,08,NOR.6.22_1,0.05049982586358712,0.5492472996416341
2026,08,NOR.6.3_1,0.05021476073212452,0.5365111303745819
2026,08,NOR.6.4_1,0.05120290131740937,0.5842717651260282
2026,08,NOR.6.8_1,0.05049982586358712,0.5492472996416341
2026,08,NOR.8.10_1,0.05297089628315062,0.737105796330657
2026,08,NOR.8.11_1,0.05285027904215459,0.7164095212716967
2026,08,NOR.8.12_1,0.05297089628315062,0.737105796330657
2026,08,NOR.8.13_1,0.05291973952118163,0.7275536693803677
2026,08,NOR.8.16_1,0.05311610405043516,0.7928265368740111
2026,08,NOR.8.17_1,0.05244933821533736,0.6702409076786319
2026,08,NOR.8.18_1,0.05190917253735541,0.6272563364023303
2026,08,NOR.8.19_1,0.052324930672841066,0.6590967595699608
2026,08,NOR.8.1_1,0.052900969646795366,0.7243696270636045
2026,08,NOR.8.20_1,0.05291973952118163,0.7275536693803677
2026,08,NOR.8.21_1,0.052910462063216236,0.72596164822198606
2026,08,NOR.8.22_1,0.05273270319230448,0.7004893096878811
2026,08,NOR.8.23_1,0.05286084804116879,0.7180015424300782
2026,08,NOR.8.25_1,0.05270658718881316,0.6973052673711181
2026,08,NOR.8.26_1,0.05254736359821453,0.6797930346289212
2026,08,NOR.8.27_1,0.05263748863416156,0.6893451615792104
2026,08,NOR.8.28_1,0.05248289381845982,0.6734249499953949
2026,08,NOR.8.30_1,0.05220963029801178,0.6495446326196715
2026,08,NOR.8.31_1,0.05266578179272867,0.6925292038959736
2026,08,NOR.8.32_1,0.05302083302818079,0.7482499444393275
2026,08,NOR.8.33_1,0.0525782810136782,0.6829770769456843
2026,08,NOR.8.34_1,0.05263748863416156,0.6893451615792104
2026,08,NOR.8.35_1,0.052693203074649864,0.6957132462127364
2026,08,NOR.8.36_1,0.052757950634407226,0.7036733520046442
2026,08,NOR.8.37_1,0.05277024903619623,0.705265373163026
2026,08,NOR.8.38_1,0.05260832219224276,0.6861611192624474
2026,08,NOR.8.3_1,0.053033176867546335,0.7514339867560907
2026,08,NOR.8.4_1,0.052828493831095606,0.7132254789549335
2026,08,NOR.8.5_1,0.05286084804116879,0.7180015424300782
2026,08,NOR.8.6_1,0.05298623368060307,0.74028983864742
2026,08,NOR.8.7_1,0.05283949434949639,0.7148175001133151
2026,08,NOR.8.9_1,0.05285027904215459,0.7164095212716967
2026,08,POL.1.11_1,0.06838232751234231,0.5008593605738074
2026,08,POL.1.13_1,0.0491320715143638,0.49352655909828
2026,08,POL.1.15_1,0.08619338159838816,0.5750579091840631
2026,08,POL.1.16_1,0.09742828290680143,0.5346810049659642
2026,08,POL.1.17_1,0.13928110045433464,0.5699362168111769
2026,08,POL.1.19_1,0.10876018863352305,0.537042613255995
2026,08,POL.1.20_1,0.11001103821369458,0.5628516537408974
2026,08,POL.1.21_1,0.08560242408814885,0.5581617979737834
2026,08,POL.1.22_1,0.11914642485904432,0.5385256425342261
2026,08,POL.1.24_1,0.0851649296795319,0.5484249092269291
2026,08,POL.1.25_1,0.050140990535841826,0.5333270880578186
2026,08,POL.1.26_1,0.1470351104955128,0.5607160857584682
2026,08,POL.1.27_1,0.08577725755108165,0.5643865990237091
2026,08,POL.1.28_1,0.09867907498500302,0.5627296947977347
2026,08,POL.1.2_1,0.06991830217208134,0.5456156166567222
2026,08,POL.1.4_1,0.04748795931243111,0.43939783971330737
2026,08,POL.1.5_1,0.06889244524236082,0.514348012617547
2026,08,POL.1.9_1,0.1014296525779609,0.6366044726657187
2026,08,POL.10.6_1,0.0702874392059832,0.5563077944982553
2026,08,POL.11.10_1,0.09014105022569306,0.7225644692850324
2026,08,POL.11.11_1,0.0729776263218488,0.6620689164959079
2026,08,POL.11.12_1,0.11548178404514699,0.7073299846977035
2026,08,POL.11.13_1,0.11707374619025279,0.7762828317242536
2026,08,POL.11.17_1,0.052064929005537545,0.6384004845110008
2026,08,POL.11.19_1,0.05114379821018257,0.5810877228092651
2026,08,POL.11.1_1,0.052531575819881604,0.6782010134705394
2026,08,POL.11.20_1,0.16498790802245483,0.7733736499322733
2026,08,POL.11.4_1,0.05161614931423739,0.6081520825017512
2026,08,POL.11.5_1,0.14661778500576167,0.7371452481903299
2026,08,POL.11.6_1,0.052169409655140477,0.6463605903029086
2026,08,POL.11.7_1,0.14698233297694405,0.747432056624095
2026,08,POL.11.8_1,0.09033371157036624,0.7323207590476302
2026,08,POL.12.8_1,0.04790439549801333,0.45213400898035977
2026,08,POL.14.10_1,0.05197728521735732,0.6320323998774745
2026,08,POL.14.1_1,0.08997676618349645,0.7147949287493982
2026,08,POL.14.21_1,0.05193210400246335,0.6288483575607116
2026,08,POL.14.2_1,0.07389652759683121,0.7173675612676991
2026,08,POL.14.5_1,0.08952245360831582,0.6922431535401874
2026,08,POL.14.8_1,0.08906119866977047,0.670084155256433
2026,08,POL.15.20_1,0.050287525045012965,0.5396951726913448
2026,08,POL.15.21_1,0.04805575406133186,0.45691007245550425
2026,08,POL.15.26_1,0.08476166538229235,0.5363594610109388
2026,08,POL.15.9_1,0.04934694209044428,0.5014866648901878
2026,08,POL.16.12_1,0.04877427985491362,0.4807903898312276
2026,08,POL.16.6_1,0.07016329574934076,0.5515214460578393
2026,08,POL.4.21_1,0,0
2026,08,POL.4.22_1,0.07027065851726635,0.4077880622328324
2026,08,POL.4.2_1,0.12776211366004547,0.5267990771783713
2026,08,POL.4.5_1,0,0
2026,08,POL.4.6_1,0,0
2026,08,POL.5.12_1,0.09666548673775788,0.5184245858576797
2026,08,POL.5.2_1,0.04891048901592771,0.4855664533063721
2026,08,POL.5.3_1,0.04844681708178188,0.4696462417225566
2026,08,POL.5.6_1,0.06824521117324134,0.4972383243108859
2026,08,POL.6.12_1,0.0841131725073844,0.5212426569597404
2026,08,POL.6.13_1,0.08577942838029738,0.5634486749190857
2026,08,POL.6.20_1,0.049756892578386155,0.5174068764740031
2026,08,POL.6.5_1,0.04959604968147997,0.5110387918404771
2026,08,POL.8.1_1,0.08436363039804863,0.526864717806778
2026,08,POL.8.6_1,0.06906905475852929,0.5187219159693609
2026,08,POL.8.7_1,0.1005132598530298,0.6094000572607625
2026,08,POL.9.10_1,0.0501037268453455,0.5317350668994371
2026,08,POL.9.12_1,0,0
2026,08,POL.9.16_1,0,0
2026,08,POL.9.1_1,0.05049982586358712,0.23776939378425718
2026,08,POL.9.21_1,0.0497170711293673,0.5158148553156215
2026,08,POL.9.4_1,0,0
2026,08,POL.9.5_1,0.04877427985491362,0.4807903898312276
2026,08,POL.9.8_1,0.0696936631125535,0.5369016579400204
2026,08,PRT.1.10_1,0.14557437311460827,0.7051466634592813
2026,08,PRT.1.11_1,0.10435866509226552,0.7466522952847945
2026,08,PRT.1.12_1,0.22652228672470257,0.7611022201886576
2026,08,PRT.1.13_1,0.12782763908243308,0.7618020077380947
2026,08,PRT.1.14_1,0.14736439815032648,0.7619237325654703
2026,08,PRT.1.15_1,0.2907468185618041,0.7911713542270173
2026,08,PRT.1.16_1,0.05190917253735541,0.6272563364023303
2026,08,PRT.1.17_1,0.15553970890200508,0.739652531179824
2026,08,PRT.1.18_1,0.17399428026503827,0.8093008367193157
2026,08,PRT.1.19_1,0.1559401784771899,0.7524043985060341
2026,08,PRT.1.1_1,0.23163155449246975,0.7446698734777497
2026,08,PRT.1.2_1,0.1476750702369527,0.7724702421617605
2026,08,PRT.1.3_1,0.20125571757000293,0.7591479534623345
2026,08,PRT.1.4_1,0.23136143053673638,0.7406292651796604
2026,08,PRT.1.5_1,0.18772021616291143,0.766115121979774
2026,08,PRT.1.6_1,0.15597592538770838,0.7551829018273309
2026,08,PRT.1.7_1,0.11710454072163287,0.7764118217695349
2026,08,PRT.1.8_1,0.13824737682458532,0.7735071785407848
2026,08,PRT.1.9_1,0.104416342439484,0.7491175009024321
2026,08,PRT.10.10_1,0.24231110820333193,0.47176598656536417
2026,08,PRT.10.11_1,0.28697686281324875,0.43148905594883613
2026,08,PRT.10.12_1,0.2651776731983571,0.5805042727615364
2026,08,PRT.10.13_1,0.2560151898469109,0.5052175834989568
2026,08,PRT.10.14_1,0.19637866800131185,0.5069437715341466
2026,08,PRT.10.1_1,0.1743733696650866,0.5359964914338332
2026,08,PRT.10.2_1,0.2456837165906272,0.4382123354262225
2026,08,PRT.10.3_1,0.2212653795003715,0.49066691586703254
2026,08,PRT.10.4_1,0.1858681463939258,0.4200200831642146
2026,08,PRT.10.5_1,0.19097241185672925,0.5105172639539123
2026,08,PRT.10.6_1,0.22774633347436887,0.5478602555715667
2026,08,PRT.10.7_1,0.3493610069849057,0.4908000267423576
2026,08,PRT.10.8_1,0.09610716346547774,0.5071833973257256
2026,08,PRT.10.9_1,0.18990275640527626,0.5016293376897855
2026,08,PRT.11.10_1,0.09144303194837318,0.8120673229200485
2026,08,PRT.11.11_1,0.09089068502118748,0.7651622430204937
2026,08,PRT.11.12_1,0.15649780904281002,0.772318703115189
2026,08,PRT.11.13_1,0.08786186795527293,0.625894096245503
2026,08,PRT.11.14_1,0.0745843076121606,0.7723532196638299
2026,08,PRT.11.15_1,0.2152398418882857,0.7904052974566399
2026,08,PRT.11.16_1,0.1871455955439538,0.7509018173129117
2026,08,PRT.11.1_1,0.22172210972077827,0.7983845813517183
2026,08,PRT.11.2_1,0.1354975898054998,0.6817112619315808
2026,08,PRT.11.3_1,0.14567600995402474,0.706671132903111
2026,08,PRT.11.4_1,0.10422865255388698,0.7438318548221956
2026,08,PRT.11.5_1,0.11731949133949408,0.7917921279214778
2026,08,PRT.11.6_1,0.20937328374492312,0.8026335755331848
2026,08,PRT.11.7_1,0.07247173743870274,0.6379735698665039
2026,08,PRT.11.8_1,0.1144855779360902,0.6778769009186555
2026,08,PRT.11.9_1,0.2824080319670521,0.8246908215677703
2026,08,PRT.12.10_1,0.21557600951337139,0.795254856594298
2026,08,PRT.12.11_1,0.13731698387093155,0.7373090639311896
2026,08,PRT.12.12_1,0.165577742257404,0.7950549942161543
2026,08,PRT.12.13_1,0.23394620292021523,0.8032590848767183
2026,08,PRT.12.14_1,0.0896049238078104,0.6954000179426607
2026,08,PRT.12.15_1,0.23379506779020465,0.8014528181354875
2026,08,PRT.12.16_1,0.17735102353542306,0.6927499781004813
2026,08,PRT.12.1_1,0.205806391961299,0.7119443323952838
2026,08,PRT.12.2_1,0.17182161856568678,0.7395044678120921
2026,08,PRT.12.3_1,0.10283080158084199,0.6814578421658851
2026,08,PRT.12.4_1,0.15207977439996323,0.6520349832519253
2026,08,PRT.12.5_1,0.1631804435725967,0.7188049821642037
2026,08,PRT.12.6_1,0.10476825683867484,0.7693524884817659
2026,08,PRT.12.7_1,0.37869353998716493,0.773026202863886
2026,08,PRT.12.8_1,0.21405890007068706,0.755189259556501
2026,08,PRT.12.9_1,0.17452125711038405,0.8312632790682183
2026,08,PRT.13.10_1,0.12606977369009148,0.6989384839885826
2026,08,PRT.13.11_1,0.08916612092063585,0.6747380161463875
2026,08,PRT.13.1_1,0.14689477646466864,0.7462681548283416
2026,08,PRT.13.2_1,0.11506246639791887,0.6934965726624959
2026,08,PRT.13.3_1,0.16251862917458568,0.7032238158081777
2026,08,PRT.13.4_1,0.11525258681904331,0.6979117839625355
2026,08,PRT.13.5_1,0.07281166054791943,0.6548633315616044
2026,08,PRT.13.6_1,0.10255067267159307,0.6713281670701565
2026,08,PRT.13.7_1,0.050991867824992106,0.5731276170173574
2026,08,PRT.13.8_1,0.10366789852449614,0.7157478870900544
2026,08,PRT.13.9_1,0.11508884721142143,0.6920781857000948
2026,08,PRT.14.10_1,0.09060440581884252,0.4154361797244444
2026,08,PRT.14.11_1,0.09021163415884781,0.41052964624641275
2026,08,PRT.14.12_1,0.14732571915648843,0.4660306936442875
2026,08,PRT.14.13_1,0.12837261801779473,0.5357509971502619
2026,08,PRT.14.14_1,0.14566043773158774,0.4476774888263992
2026,08,PRT.14.15_1,0.09332584723529115,0.45844945739894805
2026,08,PRT.14.1_1,0.09514556726806904,0.4901409165128315
2026,08,PRT.14.2_1,0.07742823230585862,0.3945459054048132
2026,08,PRT.14.3_1,0.13359067867691102,0.48710594725993367
2026,08,PRT.14.4_1,0.07634388284607611,0.37802445274053803
2026,08,PRT.14.5_1,0.09114530168111269,0.4249837424430214
2026,08,PRT.14.6_1,0.1135000175986211,0.4527009023123054
2026,08,PRT.14.7_1,0.14562060865344376,0.38527795838726464
2026,08,PRT.14.8_1,0.08043477216566365,0.4489299072129267
2026,08,PRT.14.9_1,0.10662396691728288,0.4982065411009787
2026,08,PRT.15.10_1,0.2546229559869326,0.7646601791561994
2026,08,PRT.15.11_1,0.3196644153190754,0.7541929252764229
2026,08,PRT.15.12_1,0.203772036101735,0.8380427371807765
2026,08,PRT.15.13_1,0.16584620381015716,0.8033535622108255
2026,08,PRT.15.14_1,0.2549847010061239,0.7724480811772377
2026,08,PRT.15.15_1,0.14832767655736182,0.8018460843218964
2026,08,PRT.15.16_1,0.11731290184707174,0.7872516296099247
2026,08,PRT.15.17_1,0.2876393985281994,0.8308846998798075
2026,08,PRT.15.18_1,0.2570091214125465,0.821244241596141
2026,08,PRT.15.1_1,0.3245841522309311,0.7087015530682771
2026,08,PRT.15.2_1,0.230692050473877,0.7249690300379078
2026,08,PRT.15.3_1,0.2927510929487401,0.7454025606665408
2026,08,PRT.15.4_1,0.1807930286276934,0.7792649377104723
2026,08,PRT.15.5_1,0.25779197746312843,0.7254772040923806
2026,08,PRT.15.6_1,0.21599435341802384,0.8072095361546758
2026,08,PRT.15.7_1,0.28639697535213987,0.7175574723363911
2026,08,PRT.15.8_1,0.1659763281259361,0.811859622811061
2026,08,PRT.15.9_1,0.2069686080110225,0.7382577330942273
2026,08,PRT.16.10_1,0.07043908659204472,0.560745855548465
2026,08,PRT.16.11_1,0.1506713988565412,0.625559535371446
2026,08,PRT.16.12_1,0.07063723529977034,0.5670862956764824
2026,08,PRT.16.13_1,0.13691281726398796,0.5321979288655952
2026,08,PRT.16.14_1,0.2188533523618155,0.7257143261794761
2026,08,PRT.16.15_1,0.19236439726021076,0.7074249848654782
2026,08,PRT.16.16_1,0.12205651344504,0.5948754696119898
2026,08,PRT.16.17_1,0.26870307529756876,0.6685241662636469
2026,08,PRT.16.18_1,0.09807503572876487,0.5482377310307995
2026,08,PRT.16.19_1,0.2015507374728545,0.6391967716210739
2026,08,PRT.16.1_1,0.21468904647011075,0.5792393086720886
2026,08,PRT.16.20_1,0.20943138113355722,0.6647687090555396
2026,08,PRT.16.21_1,0.11232381469219643,0.6128125723355039
2026,08,PRT.16.2_1,0.1618302605713823,0.6852066996007686
2026,08,PRT.16.3_1,0.09964168166650239,0.5851770299953916
2026,08,PRT.16.4_1,0.04938911853211241,0.5030786860485692
2026,08,PRT.16.5_1,0.09982714296096559,0.5916468690377298
2026,08,PRT.16.6_1,0.1438871770293066,0.6605102260957862
2026,08,PRT.16.7_1,0.13060640549129837,0.5761240431830997
2026,08,PRT.16.8_1,0.08629675580392274,0.5774805546957514
2026,08,PRT.16.9_1,0.14039135714813472,0.5902880602224809
2026,08,PRT.17.10_1,0.1277291616342124,0.762997905047952
2026,08,PRT.17.11_1,0.09099622627072224,0.7756275846408653
2026,08,PRT.17.12_1,0.13500106870922454,0.6722425493924931
2026,08,PRT.17.13_1,0.07373209450982014,0.7072295769078277
2026,08,PRT.17.1_1,0.12214103972647557,0.6035985028322204
2026,08,PRT.17.2_1,0.08851904217178222,0.6518933310439817
2026,08,PRT.17.3_1,0.1728796717417947,0.774620258339092
2026,08,PRT.17.4_1,0.14598756940583574,0.7193660419311413
2026,08,PRT.17.5_1,0.11372555245228916,0.6599765092939713
2026,08,PRT.17.6_1,0.12586165253565618,0.6899094413439948
2026,08,PRT.17.7_1,0.14173357250191754,0.617177705458678
2026,08,PRT.17.8_1,0.11251515244827526,0.6200248051199394
2026,08,PRT.17.9_1,0.1677057986891257,0.6530032408257345
2026,08,PRT.18.10_1,0.20399723651624999,0.8467419856249366
2026,08,PRT.18.1_1,0.3715571783363895,0.7736746545213512
2026,08,PRT.18.2_1,0.23605291460474595,0.8716893560638161
2026,08,PRT.18.3_1,0.21951893811287598,0.7380542129806561
2026,08,PRT.18.4_1,0.2991938233700207,0.7763037480789332
2026,08,PRT.18.5_1,0.23941884059306653,0.7911593588548561
2026,08,PRT.18.6_1,0.25887230701515757,0.7442703707042886
2026,08,PRT.18.7_1,0.3728049494651634,0.7932611008800239
2026,08,PRT.18.8_1,0.20971611089890374,0.8115600150364402
2026,08,PRT.18.9_1,0.3199268112173331,0.8437733421549305
2026,08,PRT.19.10_1,0.193534882356133,0.6151573707184599
2026,08,PRT.19.11_1,0.1611027388844849,0.6695882880120358
2026,08,PRT.19.12_1,0.1424760767266367,0.4980656014306409
2026,08,PRT.19.13_1,0.09959767025831584,0.5849486836637778
2026,08,PRT.19.14_1,0.2747262054568819,0.629344876170576
2026,08,PRT.19.1_1,0.21159201166934266,0.5464261634257006
2026,08,PRT.19.3_1,0.15281594925694858,0.5319158614950183
2026,08,PRT.19.4_1,0.1352685179212823,0.6749408029330364
2026,08,PRT.19.5_1,0.14454384674682363,0.6774272998013025
2026,08,PRT.19.6_1,0.17562737535630116,0.6616742900756912
2026,08,PRT.19.7_1,0.1456554790625614,0.5399940228430831
2026,08,PRT.19.8_1,0.17565468288024,0.6559352802740112
2026,08,PRT.19.9_1,0.10021426702893772,0.6028918043557965
2026,08,PRT.2.10_1,0.2482601560338325,0.904728371702933
2026,08,PRT.2.11_1,0.12859677312390286,0.7978331693251459
2026,08,PRT.2.12_1,0.1753979529908803,0.8794383939065259
2026,08,PRT.2.13_1,0.19698619799899983,0.8431905838143443
2026,08,PRT.2.15_1,0.09140846915276604,0.8156513791704231
2026,08,PRT.2.16_1,0.1178347786527886,0.8201798977125231
2026,08,PRT.2.19_1,0.11735392383462553,0.790336408257928
2026,08,PRT.2.1_1,0.1831687131821671,0.8800346060766745
2026,08,PRT.2.4_1,0.1665753657780127,0.8432802402743791
2026,08,PRT.2.5_1,0.10589203364789895,0.8588925947798425
2026,08,PRT.2.6_1,0.052910462063216236,0.72596164822198606
2026,08,PRT.2.7_1,0.09171912695749967,0.8478223866848698
2026,08,PRT.2.8_1,0.1295578236456502,0.8629155989008938
2026,08,PRT.2.9_1,0.1568439632765642,0.7851089070585693
2026,08,PRT.20.10_1,0.17772806472797115,0.6972524077364415
2026,08,PRT.20.11_1,0.17568095834827657,0.5515956006766263
2026,08,PRT.20.12_1,0.14333784448210832,0.50756246021679
2026,08,PRT.20.13_1,0.1984660420966357,0.6977061367380875
2026,08,PRT.20.14_1,0.1537721954543963,0.6916447548435796
2026,08,PRT.20.15_1,0.18301128748200934,0.5608281294423196
2026,08,PRT.20.16_1,0.2232561453357608,0.695917970866052
2026,08,PRT.20.17_1,0.1700341317156676,0.5671246781162712
2026,08,PRT.20.18_1,0.20042729530738648,0.5477287772705012
2026,08,PRT.20.19_1,0.20319804355991686,0.5795351652975327
2026,08,PRT.20.1_1,0.21662889831771354,0.6023237847257688
2026,08,PRT.20.20_1,0.15843655392155923,0.6167103185143792
2026,08,PRT.20.21_1,0.25906222308823523,0.6702181319904884
2026,08,PRT.20.22_1,0.1328401382017228,0.617525699949017
2026,08,PRT.20.23_1,0.29286504291749726,0.6335483900045273
2026,08,PRT.20.24_1,0.17643097867607485,0.6706728330301686
2026,08,PRT.20.2_1,0.1329033298522262,0.6211846773727532
2026,08,PRT.20.3_1,0.23807032128452124,0.6649150943510644
2026,08,PRT.20.4_1,0.21229099824891562,0.7166638252311469
2026,08,PRT.20.5_1,0.24763600298932195,0.6517808973251035
2026,08,PRT.20.6_1,0.20818223790717075,0.5701737512869008
2026,08,PRT.20.7_1,0.21950747338959256,0.5713879279615909
2026,08,PRT.20.8_1,0.1624054355806958,0.6998425244314391
2026,08,PRT.20.9_1,0.14866453934581073,0.5874061036748399
2026,08,PRT.3.10_1,0.12223940289781345,0.3656131336572318
2026,08,PRT.3.11_1,0.20855418962208083,0.6598085431398064
2026,08,PRT.3.12_1,0.11855499799256282,0.5301578180138069
2026,08,PRT.3.13_1,0.11577590392379859,0.37895774534407395
2026,08,PRT.3.14_1,0.09057151665689309,0.41571392315469735
2026,08,PRT.3.1_1,0.10893494354908473,0.5407173160141008
2026,08,PRT.3.2_1,0.13404077908311188,0.49394923193876117
2026,08,PRT.3.3_1,0.06676906153653163,0.4613250396284909
2026,08,PRT.3.4_1,0.04319376566658885,0.3327324221017437
2026,08,PRT.3.5_1,0.19648949223991866,0.45960138668264755
2026,08,PRT.3.6_1,0.10560324742387141,0.4801428846538511
2026,08,PRT.3.7_1,0.09127126174434981,0.4253975989336712
2026,08,PRT.3.8_1,0.1157765375211511,0.487739988362698
2026,08,PRT.3.9_1,0.1359991857341753,0.4272893734985525
2026,08,PRT.4.10_1,0.21262665311274598,0.7233392036626678
2026,08,PRT.4.11_1,0.23606735249248073,0.7200173809222075
2026,08,PRT.4.12_1,0.3649357120887483,0.7846362033460043
2026,08,PRT.4.13_1,0.39604593022454754,0.7699040486488486
2026,08,PRT.4.14_1,0.1370497031131402,0.7281919838926373
2026,08,PRT.4.1_1,0.25415707966614354,0.7547810083705592
2026,08,PRT.4.2_1,0.49433237220997267,0.8187570671803134
2026,08,PRT.4.3_1,0.40695526015682443,0.7817942882475369
2026,08,PRT.4.4_1,0.21171803367690462,0.7068469662589862
2026,08,PRT.4.5_1,0.24122882018280853,0.7145637568460619
2026,08,PRT.4.6_1,0.16617420988944762,0.8195963981181257
2026,08,PRT.4.7_1,0.30779900658840803,0.7061397784665834
2026,08,PRT.4.8_1,0.43220600751451205,0.7384424931018077
2026,08,PRT.4.9_1,0.2776322061325496,0.7259412588222106
2026,08,PRT.5.10_1,0.20474290951056295,0.48242441250443996
2026,08,PRT.5.11_1,0.17137667581097157,0.44204782080802635
2026,08,PRT.5.12_1,0.28166050092297,0.508861756823613
2026,08,PRT.5.1_1,0.20744386854137076,0.46231852051075784
2026,08,PRT.5.2_1,0.3252981477966873,0.46789953719723276
2026,08,PRT.5.3_1,0.20806809554198635,0.5114591630225557
2026,08,PRT.5.4_1,0.11001119209081768,0.4092886475018305
2026,08,PRT.5.5_1,0.2851756742806054,0.4592168748598672
2026,08,PRT.5.6_1,0.18307133972027945,0.399977181798953
2026,08,PRT.5.7_1,0.2861635437249452,0.48680380917966537
2026,08,PRT.5.8_1,0.24216482084226232,0.4431157416893621
2026,08,PRT.5.9_1,0.19278209357386905,0.4755043568503345
2026,08,PRT.6.10_1,0.08602378888506722,0.5697494851776922
2026,08,PRT.6.11_1,0.09365304188849773,0.4665750907989805
2026,08,PRT.6.1_1,0.10495326131879781,0.47067154020825264
2026,08,PRT.6.2_1,0.23097282735275876,0.4571748804031888
2026,08,PRT.6.3_1,0.2655947977056162,0.5132139872968231
2026,08,PRT.6.4_1,0.2601091856362333,0.4765411081087171
2026,08,PRT.6.5_1,0.1794602754909574,0.3766604063382466
2026,08,PRT.6.6_1,0.1703297268459855,0.572628315681681
2026,08,PRT.6.7_1,0.15538352454404392,0.4123036044769763
2026,08,PRT.6.8_1,0.11671020190256956,0.4993550808088622
2026,08,PRT.6.9_1,0.18696843158570833,0.6144633689703808
2026,08,PRT.7.10_1,0.1961236611888588,0.8071335535265235
2026,08,PRT.7.11_1,0.22987704622281013,0.6286414923511096
2026,08,PRT.7.12_1,0.157629776980653,0.605119096183522
2026,08,PRT.7.13_1,0.1710167470172673,0.7173342443916665
2026,08,PRT.7.14_1,0.12512536165319568,0.6698160239212462
2026,08,PRT.7.15_1,0.1809681311777795,0.7844875795436544
2026,08,PRT.7.16_1,0.19671333428001386,0.6637353946158133
2026,08,PRT.7.17_1,0.10272769663039065,0.6813450721293668
2026,08,PRT.7.1_1,0.21407255445082626,0.6438480735444571
2026,08,PRT.7.2_1,0.22686874781906996,0.7706783115051703
2026,08,PRT.7.3_1,0.288250106231201,0.7461394534617913
2026,08,PRT.7.4_1,0.1633502453084466,0.7250624114758167
2026,08,PRT.7.5_1,0.21710798881961776,0.8456283092418688
2026,08,PRT.7.6_1,0.11335127022533618,0.6419454826480425
2026,08,PRT.7.7_1,0.12518226065481886,0.6711209187295584
2026,08,PRT.7.8_1,0.10523460878201665,0.8005159067568481
2026,08,PRT.7.9_1,0.11485179131415357,0.6859387429667394
2026,08,PRT.8.10_1,0.06500551770810684,0.4215331949537845
2026,08,PRT.8.11_1,0.09885646767554251,0.388464462682199
2026,08,PRT.8.12_1,0.06766420372863632,0.4816660210444153
2026,08,PRT.8.13_1,0.08096771189381906,0.4551148635540254
2026,08,PRT.8.14_1,0.09896508840033559,0.3888765798124722
2026,08,PRT.8.1_1,0.10731689595754348,0.37901757223649823
2026,08,PRT.8.2_1,0.1247545237471979,0.481990651291415
2026,08,PRT.8.3_1,0.08865318951541848,0.3889279191909999
2026,08,PRT.8.4_1,0.16685355165902946,0.4567259609646341
2026,08,PRT.8.5_1,0.2035101287516193,0.47279761339166065
2026,08,PRT.8.6_1,0.15184227330595274,0.5203068198293036
2026,08,PRT.8.7_1,0.096512893946469,0.5170148740312479
2026,08,PRT.8.8_1,0.07577828238428154,0.3712685098867416
2026,08,PRT.8.9_1,0.12870624915886406,0.43101195709825546
2026,08,PRT.9.10_1,0.10037798569571377,0.608099707666856
2026,08,PRT.9.11_1,0.08746361919935784,0.6139167772689904
2026,08,PRT.9.12_1,0.04748795931243111,0.43939783971330737
2026,08,PRT.9.13_1,0.1277316355398484,0.5270585201461433
2026,08,PRT.9.14_1,0.1406976945140688,0.4822499311791759
2026,08,PRT.9.15_1,0.11766882978575602,0.8148620361187301
2026,08,PRT.9.16_1,0.07901933058876832,0.42134026451950096
2026,08,PRT.9.1_1,0.08353992332836752,0.5087843209051652
2026,08,PRT.9.2_1,0.10129047717121477,0.4193727532989594
2026,08,PRT.9.3_1,0.10375582148513661,0.7199110288219468
2026,08,PRT.9.4_1,0.09242214989596571,0.44285282253888675
2026,08,PRT.9.5_1,0.12329416213544912,0.6254355942568465
2026,08,PRT.9.6_1,0.08516810993279512,0.5483882738741396
2026,08,PRT.9.7_1,0.1157168179163898,0.7259023863581234
2026,08,PRT.9.8_1,0.15834146872770055,0.5119284966602192
2026,08,PRT.9.9_1,0.0876201864419311,0.6253141760780065
2026,08,ROU.1.10_1,0.0494310306806891,0.5046707072069508
2026,08,ROU.1.15_1,0.04987480852724417,0.5221829399491479
2026,08,ROU.1.32_1,0.048635600917710305,0.476014326356083
2026,08,ROU.1.38_1,0.04364291410096731,0.3422845490520328
2026,08,ROU.1.44_1,0.04371642002093581,0.3438765702104142
2026,08,ROU.1.45_1,0.046884176210791065,0.4218856069711103
2026,08,ROU.1.46_1,0.049261793608223935,0.4983026225734245
2026,08,ROU.1.4_1,0.04805575406133186,0.45691007245550425
2026,08,ROU.1.51_1,0.049261793608223935,0.4983026225734245
2026,08,ROU.1.54_1,0.04810563189492998,0.45850209361388594
2026,08,ROU.1.6_1,0.04805575406133186,0.45691007245550425
2026,08,ROU.1.71_1,0.04524031781788012,0.3789010356948085
2026,08,ROU.10.1_1,0.04386229044539485,0.3470606125271773
2026,08,ROU.11.14_1,0.04356902514489777,0.3406925278936513
2026,08,ROU.11.16_1,0.04899993321178068,0.4887504956231352
2026,08,ROU.11.18_1,0.0494310306806891,0.5046707072069508
2026,08,ROU.11.1_1,0.0449761209892563,0.37253295106128226
2026,08,ROU.11.21_1,0.05073626788046841,0.5603914477503049
2026,08,ROU.11.23_1,0.04727263651700178,0.43302975507978114
2026,08,ROU.11.49_1,0.0450426913037363,0.3741249722196636
2026,08,ROU.11.68_1,0.04349475120062014,0.33910050673526954
2026,08,ROU.11.80_1,0.04378954483371724,0.3454685913687961
2026,08,ROU.12.12_1,0.046539173797603216,0.412333480020821
2026,08,ROU.12.14_1,0,0
2026,08,ROU.12.18_1,0.044430825569473094,0.35979678179422986
2026,08,ROU.12.19_1,0.04217117901135218,0.3120361470427834
2026,08,ROU.12.21_1,0,0
2026,08,ROU.12.25_1,0.04738089660732755,0.43621379739654426
2026,08,ROU.12.2_1,0.04456929420520397,0.36298082411099314
2026,08,ROU.12.30_1,0,0
2026,08,ROU.12.32_1,0.04510891319464406,0.37571699337804537
2026,08,ROU.12.35_1,0,0
2026,08,ROU.12.39_1,0.04581478446351981,0.3932292261202424
2026,08,ROU.12.3_1,0.04759383271289589,0.44258188203007043
2026,08,ROU.12.43_1,0,0
2026,08,ROU.12.4_1,0.04208961264351133,0.310444125884402
2026,08,ROU.12.5_1,0.04568947849813677,0.3900451838034793
2026,08,ROU.12.7_1,0.046061433806932194,0.3995973107537686
2026,08,ROU.12.8_1,0.043040910447353406,0.3295483797849804
2026,08,ROU.12.9_1,0,0
2026,08,ROU.14.10_1,0.04490920070176655,0.37094092990290056
2026,08,ROU.14.11_1,0.04677042337059844,0.4187015646543472
2026,08,ROU.14.12_1,0.04537034691538987,0.38208507801157154
2026,08,ROU.14.13_1,0.04556283717816291,0.3868611414867162
2026,08,ROU.14.14_1,0.04364291410096731,0.3422845490520328
2026,08,ROU.14.15_1,0.049175579728357045,0.4951185802566614
2026,08,ROU.14.16_1,0.044774303922658285,0.3677568875861376
2026,08,ROU.14.17_1,0.04429090484421171,0.35661273947746674
2026,08,ROU.14.18_1,0.04858882212193265,0.47442230519770145
2026,08,ROU.14.19_1,0.04677042337059844,0.4187015646543472
2026,08,ROU.14.1_1,0.04732691674675229,0.4346217762381627
2026,08,ROU.14.20_1,0.046884176210791065,0.4218856069711103
2026,08,ROU.14.21_1,0.0450426913037363,0.3741249722196636
2026,08,ROU.14.22_1,0.04549901228029032,0.3852691203283345
2026,08,ROU.14.23_1,0.047955136767743684,0.4537260301387413
2026,08,ROU.14.24_1,0.04904424897846883,0.4903425167815169
2026,08,ROU.14.25_1,0.04694058862995259,0.42347762812949186
2026,08,ROU.14.26_1,0.048635600917710305,0.476014326356083
2026,08,ROU.14.27_1,0.0461827983480315,0.4027813530705317
2026,08,ROU.14.28_1,0.04671308068975393,0.41710954349596563
2026,08,ROU.14.29_1,0.045752297711676125,0.39163720496186066
2026,08,ROU.14.2_1,0.04490920070176655,0.37094092990290056
2026,08,ROU.14.30_1,0.048253552815115175,0.4632781570890304
2026,08,ROU.14.31_1,0.04556283717816291,0.3868611414867162
2026,08,ROU.14.32_1,0.04738089660732755,0.43621379739654426
2026,08,ROU.14.33_1,0.048204530393412735,0.46168613593064906
2026,08,ROU.14.34_1,0.04537034691538987,0.38208507801157154
2026,08,ROU.14.35_1,0.04810563189492998,0.45850209361388594
2026,08,ROU.14.36_1,0.04517478819424583,0.3773090145364269
2026,08,ROU.14.37_1,0.04805575406133186,0.45691007245550425
2026,08,ROU.14.38_1,0.04587694011215763,0.3948212472786241
2026,08,ROU.14.39_1,0.04659745706877908,0.41392550117920257
2026,08,ROU.14.3_1,0.044430825569473094,0.35979678179422986
2026,08,ROU.14.40_1,0.048204530393412735,0.46168613593064906
2026,08,ROU.14.41_1,0.04790439549801333,0.45213400898035977
2026,08,ROU.14.42_1,0.048204530393412735,0.46168613593064906
2026,08,ROU.14.43_1,0.04721805488219425,0.4314377339213996
2026,08,ROU.14.44_1,0.04699669320242809,0.4250696492878734
2026,08,ROU.14.45_1,0.04612227833992239,0.40118933191215017
2026,08,ROU.14.46_1,0.04470632424405152,0.36616486642775586
2026,08,ROU.14.47_1,0.044841928874410235,0.36934890874451914
2026,08,ROU.14.48_1,0.048204530393412735,0.46168613593064906
2026,08,ROU.14.49_1,0.048865359099248204,0.48397443214799074
2026,08,ROU.14.4_1,0.04665542564230543,0.4155175223375841
2026,08,ROU.14.50_1,0.047698524728195545,0.44576592434683354
2026,08,ROU.14.51_1,0.04895534680431426,0.48715847446475385
2026,08,ROU.14.52_1,0.04665542564230543,0.4155175223375841
2026,08,ROU.14.53_1,0.04659745706877908,0.41392550117920257
2026,08,ROU.14.54_1,0.04549901228029032,0.3852691203283345
2026,08,ROU.14.55_1,0.0461827983480315,0.4027813530705317
2026,08,ROU.14.56_1,0.04642165841459676,0.40914943770405793
2026,08,ROU.14.57_1,0.04624299510541459,0.4043733742289133
2026,08,ROU.14.58_1,0.0461827983480315,0.4027813530705317
2026,08,ROU.14.59_1,0.04738089660732755,0.43621379739654426
2026,08,ROU.14.5_1,0.04665542564230543,0.4155175223375841
2026,08,ROU.14.60_1,0.04490920070176655,0.37094092990290056
2026,08,ROU.14.61_1,0.04775043014811539,0.44735794550521507
2026,08,ROU.14.62_1,0.04581478446351981,0.3932292261202424
2026,08,ROU.14.63_1,0.047955136767743684,0.4537260301387413
2026,08,ROU.14.64_1,0.04612227833992239,0.40118933191215017
2026,08,ROU.14.65_1,0.04780204312044206,0.44894996666359666
2026,08,ROU.14.66_1,0.04732691674675229,0.4346217762381627
2026,08,ROU.14.67_1,0.04699669320242809,0.4250696492878734
2026,08,ROU.14.68_1,0.04630286987281288,0.4059653953872948
2026,08,ROU.14.69_1,0.048635600917710305,0.476014326356083
2026,08,ROU.14.6_1,0.04710798320094961,0.4282536916046365
2026,08,ROU.14.70_1,0.04600026346131408,0.39800528959538706
2026,08,ROU.14.71_1,0.044220395646106976,0.3550207183190852
2026,08,ROU.14.72_1,0.04581478446351981,0.3932292261202424
2026,08,ROU.14.73_1,0.04349475120062014,0.33910050673526954
2026,08,ROU.14.74_1,0.0461827983480315,0.4027813530705317
2026,08,ROU.14.75_1,0.04665542564230543,0.4155175223375841
2026,08,ROU.14.76_1,0.048635600917710305,0.476014326356083
2026,08,ROU.14.77_1,0.04612227833992239,0.40118933191215017
2026,08,ROU.14.78_1,0.0491320715143638,0.49352655909828
2026,08,ROU.14.79_1,0.04371642002093581,0.3438765702104142
2026,08,ROU.14.7_1,0.04868210294483532,0.47760634751446457
2026,08,ROU.14.80_1,0.04581478446351981,0.3932292261202424
2026,08,ROU.14.8_1,0.047646325904914286,0.444173903188452
2026,08,ROU.14.9_1,0.04665542564230543,0.4155175223375841
2026,08,ROU.15.10_1,0.048494431015955186,0.47123826288093834
2026,08,ROU.15.11_1,0.049088294837363274,0.49193453793989833
2026,08,ROU.15.12_1,0.04562632544968254,0.38845316264509794
2026,08,ROU.15.13_1,0.047646325904914286,0.444173903188452
2026,08,ROU.15.14_1,0.04748795931243111,0.43939783971330737
2026,08,ROU.15.15_1,0.046884176210791065,0.4218856069711103
2026,08,ROU.15.16_1,0.049261793608223935,0.4983026225734245
2026,08,ROU.15.17_1,0.05039479499775907,0.5444712361664896
2026,08,ROU.15.18_1,0.049218820191286906,0.49671060141504314
2026,08,ROU.15.19_1,0.05032353136107536,0.5412871938497263
2026,08,ROU.15.1_1,0.049218820191286906,0.49671060141504314
2026,08,ROU.15.20_1,0.047646325904914286,0.444173903188452
2026,08,ROU.15.21_1,0.05049982586358712,0.5492472996416341
2026,08,ROU.15.22_1,0.04805575406133186,0.45691007245550425
2026,08,ROU.15.23_1,0.04665542564230543,0.4155175223375841
2026,08,ROU.15.24_1,0.046539173797603216,0.412333480020821
2026,08,ROU.15.25_1,0.04456929420520397,0.36298082411099314
2026,08,ROU.15.26_1,0.04517478819424583,0.3773090145364269
2026,08,ROU.15.27_1,0.044841928874410235,0.36934890874451914
2026,08,ROU.15.28_1,0.04805575406133186,0.45691007245550425
2026,08,ROU.15.29_1,0.04732691674675229,0.4346217762381627
2026,08,ROU.15.2_1,0.047052491029430696,0.42666167044625497
2026,08,ROU.15.30_1,0.04682745483236697,0.42029358581272874
2026,08,ROU.15.31_1,0.04963665031161907,0.5126308129988586
2026,08,ROU.15.32_1,0.04721805488219425,0.4314377339213996
2026,08,ROU.15.33_1,0.05021476073212452,0.5365111303745819
2026,08,ROU.15.34_1,0.05035928783472076,0.5428792150081079
2026,08,ROU.15.35_1,0.048635600917710305,0.476014326356083
2026,08,ROU.15.36_1,0.0483022918419774,0.46487017824741195
2026,08,ROU.15.37_1,0.04835074833101131,0.46646219940579353
2026,08,ROU.15.38_1,0.0497170711293673,0.5158148553156215
2026,08,ROU.15.39_1,0.04682745483236697,0.42029358581272874
2026,08,ROU.15.3_1,0.049835760664711536,0.5205909187907662
2026,08,ROU.15.40_1,0.048635600917710305,0.476014326356083
2026,08,ROU.15.41_1,0.05002843945969729,0.5285510245826741
2026,08,ROU.15.42_1,0.04904424897846883,0.4903425167815169
2026,08,ROU.15.43_1,0.04877427985491362,0.4807903898312276
2026,08,ROU.15.44_1,0.047698524728195545,0.44576592434683354
2026,08,ROU.15.45_1,0.04732691674675229,0.4346217762381627
2026,08,ROU.15.46_1,0.04934694209044428,0.5014866648901878
2026,08,ROU.15.47_1,0.04732691674675229,0.4346217762381627
2026,08,ROU.15.48_1,0.049514064778928724,0.507854749523714
2026,08,ROU.15.49_1,0.048204530393412735,0.46168613593064906
2026,08,ROU.15.4_1,0.04963665031161907,0.5126308129988586
2026,08,ROU.15.50_1,0.04877427985491362,0.4807903898312276
2026,08,ROU.15.51_1,0.04694058862995259,0.42347762812949186
2026,08,ROU.15.52_1,0.047646325904914286,0.444173903188452
2026,08,ROU.15.53_1,0.04835074833101131,0.46646219940579353
2026,08,ROU.15.54_1,0.04835074833101131,0.46646219940579353
2026,08,ROU.15.55_1,0.04987480852724417,0.5221829399491479
2026,08,ROU.15.56_1,0.04868210294483532,0.47760634751446457
2026,08,ROU.15.58_1,0.049514064778928724,0.507854749523714
2026,08,ROU.15.59_1,0.04759383271289589,0.44258188203007043
2026,08,ROU.15.5_1,0.04677042337059844,0.4187015646543472
2026,08,ROU.15.6_1,0.04959604968147997,0.5110387918404771
2026,08,ROU.15.7_1,0.04775043014811539,0.44735794550521507
2026,08,ROU.15.8_1,0.048728328995678624,0.4791983686728461
2026,08,ROU.15.9_1,0.048865359099248204,0.48397443214799074
2026,08,ROU.15_1,0.04891048901592771,0.4855664533063721
2026,08,ROU.17.18_1,0.04682745483236697,0.42029358581272874
2026,08,ROU.17.20_1,0.04587694011215763,0.3948212472786241
2026,08,ROU.17.22_1,0.044220395646106976,0.3550207183190852
2026,08,ROU.17.23_1,0.04721805488219425,0.4314377339213996
2026,08,ROU.17.39_1,0.049952134909844986,0.525366982265911
2026,08,ROU.17.47_1,0.051346515286048326,0.5922318709179359
2026,08,ROU.17.50_1,0.04537034691538987,0.38208507801157154
2026,08,ROU.17.56_1,0.04624299510541459,0.4043733742289133
2026,08,ROU.17.57_1,0.04727263651700178,0.43302975507978114
2026,08,ROU.17.5_1,0.05181516721792836,0.6208882517688037
2026,08,ROU.17.64_1,0.04530550356419647,0.38049305685318985
2026,08,ROU.17.68_1,0.04671308068975393,0.41710954349596563
2026,08,ROU.17.75_1,0.04930450067743372,0.49989464373180625
2026,08,ROU.17.80_1,0.05166728623151182,0.6113361248185145
2026,08,ROU.17.9_1,0.04636242389772862,0.40755741654567634
2026,08,ROU.18.11_1,0,0
2026,08,ROU.18.19_1,0,0
2026,08,ROU.18.30_1,0,0
2026,08,ROU.18.34_1,0,0
2026,08,ROU.18.36_1,0,0
2026,08,ROU.18.50_1,0,0
2026,08,ROU.18.70_1,0,0
2026,08,ROU.18.73_1,0,0
2026,08,ROU.19.11_1,0.04630286987281288,0.4059653953872948
2026,08,ROU.19.22_1,0.04549901228029032,0.3852691203283345
2026,08,ROU.19.23_1,0.044637988217937796,0.36457284526937467
2026,08,ROU.19.25_1,0.044774303922658285,0.3677568875861376
2026,08,ROU.19.32_1,0.04581478446351981,0.3932292261202424
2026,08,ROU.19.38_1,0.04581478446351981,0.3932292261202424
2026,08,ROU.19.49_1,0.04659745706877908,0.41392550117920257
2026,08,ROU.19.59_1,0.044430825569473094,0.35979678179422986
2026,08,ROU.2.20_1,0.039997698602260115,0.2722356180832448
2026,08,ROU.2.27_1,0.039527263818032975,0.26427551229133706
2026,08,ROU.2.34_1,0.03824257293246462,0.24357923723237693
2026,08,ROU.2.37_1,0.03641547745098981,0.21651487753989057
2026,08,ROU.2.40_1,0.03874755222166219,0.25153934302428466
2026,08,ROU.2.44_1,0.03824257293246462,0.24357923723237693
2026,08,ROU.2.45_1,0.039997698602260115,0.2722356180832448
2026,08,ROU.2.47_1,0.03844624123033009,0.24676327954914
2026,08,ROU.2.74_1,0.0392388448952786,0.2594994488161924
2026,08,ROU.20.10_1,0.04386229044539485,0.3470606125271773
2026,08,ROU.20.11_1,0.044430825569473094,0.35979678179422986
2026,08,ROU.20.12_1,0.04630286987281288,0.4059653953872948
2026,08,ROU.20.13_1,0.045752297711676125,0.39163720496186066
2026,08,ROU.20.14_1,0.04659745706877908,0.41392550117920257
2026,08,ROU.20.15_1,0.04470632424405152,0.36616486642775586
2026,08,ROU.20.16_1,0.04665542564230543,0.4155175223375841
2026,08,ROU.20.17_1,0.04311753666156321,0.33114040094336217
2026,08,ROU.20.18_1,0.04549901228029032,0.3852691203283345
2026,08,ROU.20.19_1,0.043934658739576096,0.34865263368555904
2026,08,ROU.20.1_1,0.043040910447353406,0.3295483797849804
2026,08,ROU.20.20_1,0.04543484933743066,0.38367709916995313
2026,08,ROU.20.21_1,0.04319376566658885,0.3327324221017437
2026,08,ROU.20.22_1,0.04562632544968254,0.38845316264509794
2026,08,ROU.20.23_1,0.04587694011215763,0.3948212472786241
2026,08,ROU.20.24_1,0.0440066515777403,0.3502446548439406
2026,08,ROU.20.25_1,0.04208961264351133,0.310444125884402
2026,08,ROU.20.26_1,0.04490920070176655,0.37094092990290056
2026,08,ROU.20.27_1,0.04371642002093581,0.3438765702104142
2026,08,ROU.20.28_1,0.0450426913037363,0.3741249722196636
2026,08,ROU.20.29_1,0.04530550356419647,0.38049305685318985
2026,08,ROU.20.2_1,0.04326959956174681,0.3343244432601252
2026,08,ROU.20.30_1,0.04556283717816291,0.3868611414867162
2026,08,ROU.20.31_1,0.044637988217937796,0.36457284526937467
2026,08,ROU.20.32_1,0.04490920070176655,0.37094092990290056
2026,08,ROU.20.33_1,0.04556283717816291,0.3868611414867162
2026,08,ROU.20.34_1,0.04356902514489777,0.3406925278936513
2026,08,ROU.20.35_1,0.043345040420819075,0.33591646441850664
2026,08,ROU.20.36_1,0.044841928874410235,0.36934890874451914
2026,08,ROU.20.37_1,0.044220395646106976,0.3550207183190852
2026,08,ROU.20.38_1,0.04671308068975393,0.41710954349596563
2026,08,ROU.20.39_1,0.04456929420520397,0.36298082411099314
2026,08,ROU.20.3_1,0.04524031781788012,0.3789010356948085
2026,08,ROU.20.40_1,0.044774303922658285,0.3677568875861376
2026,08,ROU.20.41_1,0.044841928874410235,0.36934890874451914
2026,08,ROU.20.42_1,0.044430825569473094,0.35979678179422986
2026,08,ROU.20.43_1,0.046061433806932194,0.3995973107537686
2026,08,ROU.20.44_1,0.04530550356419647,0.38049305685318985
2026,08,ROU.20.45_1,0.044430825569473094,0.35979678179422986
2026,08,ROU.20.46_1,0.043040910447353406,0.3295483797849804
2026,08,ROU.20.47_1,0.04510891319464406,0.37571699337804537
2026,08,ROU.20.48_1,0.04510891319464406,0.37571699337804537
2026,08,ROU.20.49_1,0.04386229044539485,0.3470606125271773
2026,08,ROU.20.4_1,0.04530550356419647,0.38049305685318985
2026,08,ROU.20.5_1,0.043934658739576096,0.34865263368555904
2026,08,ROU.20.6_1,0.04530550356419647,0.38049305685318985
2026,08,ROU.20.7_1,0.04642165841459676,0.40914943770405793
2026,08,ROU.20.8_1,0.04184234131534133,0.3056680624092572
2026,08,ROU.20.9_1,0.04490920070176655,0.37094092990290056
2026,08,ROU.24.27_1,0.04630286987281288,0.4059653953872948
2026,08,ROU.24.28_1,0.04450024054800256,0.36138880295261144
2026,08,ROU.24.31_1,0.044841928874410235,0.36934890874451914
2026,08,ROU.24.59_1,0.046061433806932194,0.3995973107537686
2026,08,ROU.24.60_1,0.04549901228029032,0.3852691203283345
2026,08,ROU.24.7_1,0.04648057464495373,0.41074145886243946
2026,08,ROU.24.82_1,0.04682745483236697,0.42029358581272874
2026,08,ROU.24.83_1,0.04530550356419647,0.38049305685318985
2026,08,ROU.24.86_1,0.04659745706877908,0.41392550117920257
2026,08,ROU.24.8_1,0.04636242389772862,0.40755741654567634
2026,08,ROU.25.10_1,0.04659745706877908,0.41392550117920257
2026,08,ROU.25.11_1,0.04600026346131408,0.39800528959538706
2026,08,ROU.25.22_1,0.04727263651700178,0.43302975507978114
2026,08,ROU.25.24_1,0.04414951822333112,0.3534286971607037
2026,08,ROU.25.28_1,0.047052491029430696,0.42666167044625497
2026,08,ROU.25.45_1,0.04517478819424583,0.3773090145364269
2026,08,ROU.25.47_1,0.04790439549801333,0.45213400898035977
2026,08,ROU.26.10_1,0.044637988217937796,0.36457284526937467
2026,08,ROU.26.11_1,0.04593876600154827,0.39641326843700553
2026,08,ROU.26.12_1,0.04530550356419647,0.38049305685318985
2026,08,ROU.26.13_1,0.04549901228029032,0.3852691203283345
2026,08,ROU.26.14_1,0.045752297711676125,0.39163720496186066
2026,08,ROU.26.15_1,0.04450024054800256,0.36138880295261144
2026,08,ROU.26.16_1,0.043345040420819075,0.33591646441850664
2026,08,ROU.26.17_1,0.04537034691538987,0.38208507801157154
2026,08,ROU.26.18_1,0.04319376566658885,0.3327324221017437
2026,08,ROU.26.19_1,0.04356902514489777,0.3406925278936513
2026,08,ROU.26.1_1,0.043934658739576096,0.34865263368555904
2026,08,ROU.26.20_1,0.04562632544968254,0.38845316264509794
2026,08,ROU.26.21_1,0.043934658739576096,0.34865263368555904
2026,08,ROU.26.22_1,0.04386229044539485,0.3470606125271773
2026,08,ROU.26.23_1,0.04537034691538987,0.38208507801157154
2026,08,ROU.26.24_1,0.0450426913037363,0.3741249722196636
2026,08,ROU.26.25_1,0.04524031781788012,0.3789010356948085
2026,08,ROU.26.26_1,0.04414951822333112,0.3534286971607037
2026,08,ROU.26.27_1,0.044774303922658285,0.3677568875861376
2026,08,ROU.26.28_1,0.044637988217937796,0.36457284526937467
2026,08,ROU.26.29_1,0.0440066515777403,0.3502446548439406
2026,08,ROU.26.2_1,0.04549901228029032,0.3852691203283345
2026,08,ROU.26.30_1,0.04371642002093581,0.3438765702104142
2026,08,ROU.26.31_1,0.04456929420520397,0.36298082411099314
2026,08,ROU.26.32_1,0.04581478446351981,0.3932292261202424
2026,08,ROU.26.33_1,0.04356902514489777,0.3406925278936513
2026,08,ROU.26.34_1,0.04349475120062014,0.33910050673526954
2026,08,ROU.26.35_1,0.04549901228029032,0.3852691203283345
2026,08,ROU.26.36_1,0.04386229044539485,0.3470606125271773
2026,08,ROU.26.37_1,0.043040910447353406,0.3295483797849804
2026,08,ROU.26.38_1,0.04371642002093581,0.3438765702104142
2026,08,ROU.26.39_1,0.04319376566658885,0.3327324221017437
2026,08,ROU.26.3_1,0.04556283717816291,0.3868611414867162
2026,08,ROU.26.4_1,0.04371642002093581,0.3438765702104142
2026,08,ROU.26.5_1,0.04436104757345779,0.3582047606358485
2026,08,ROU.26.6_1,0.04517478819424583,0.3773090145364269
2026,08,ROU.26.7_1,0.044637988217937796,0.36457284526937467
2026,08,ROU.26.8_1,0.0440066515777403,0.3502446548439406
2026,08,ROU.26.9_1,0.044220395646106976,0.3550207183190852
2026,08,ROU.27.11_1,0,0
2026,08,ROU.27.12_1,0,0
2026,08,ROU.27.15_1,0,0
2026,08,ROU.27.19_1,0,0
2026,08,ROU.27.24_1,0.04835074833101131,0.46646219940579353
2026,08,ROU.27.40_1,0,0
2026,08,ROU.27.43_1,0,0
2026,08,ROU.27.44_1,0,0
2026,08,ROU.27.54_1,0,0
2026,08,ROU.27.69_1,0,0
2026,08,ROU.28.24_1,0,0
2026,08,ROU.28.48_1,0,0
2026,08,ROU.28.52_1,0,0
2026,08,ROU.29.19_1,0.043040910447353406,0.3295483797849804
2026,08,ROU.29.75_1,0.04648057464495373,0.41074145886243946
2026,08,ROU.29.89_1,0.04456929420520397,0.36298082411099314
2026,08,ROU.3.55_1,0.04386229044539485,0.3470606125271773
2026,08,ROU.3.67_1,0.044220395646106976,0.3550207183190852
2026,08,ROU.31.17_1,0,0
2026,08,ROU.31.34_1,0.040273959669950864,0.2770116815583893
2026,08,ROU.31.35_1,0.04054583361073638,0.2817877450335341
2026,08,ROU.31.38_1,0,0
2026,08,ROU.31.39_1,0,0
2026,08,ROU.31.42_1,0.04326959956174681,0.3343244432601252
2026,08,ROU.31.46_1,0.04490920070176655,0.37094092990290056
2026,08,ROU.31.54_1,0,0
2026,08,ROU.31.66_1,0.04326959956174681,0.3343244432601252
2026,08,ROU.31.75_1,0.04142149400202496,0.2977079566173496
2026,08,ROU.31.83_1,0.042572690882333904,0.3199962528346913
2026,08,ROU.31.86_1,0.0440066515777403,0.3502446548439406
2026,08,ROU.31.92_1,0.04386229044539485,0.3470606125271773
2026,08,ROU.32.100_1,0.049756892578386155,0.5174068764740031
2026,08,ROU.32.10_1,0.04524031781788012,0.3789010356948085
2026,08,ROU.32.11_1,0.048865359099248204,0.48397443214799074
2026,08,ROU.32.12_1,0.0499904146199507,0.5269590034242924
2026,08,ROU.32.13_1,0.046539173797603216,0.412333480020821
2026,08,ROU.32.14_1,0.0461827983480315,0.4027813530705317
2026,08,ROU.32.15_1,0.05105335739684572,0.5763116593341204
2026,08,ROU.32.16_1,0.04759383271289589,0.44258188203007043
2026,08,ROU.32.17_1,0.04600026346131408,0.39800528959538706
2026,08,ROU.32.18_1,0.047698524728195545,0.44576592434683354
2026,08,ROU.32.19_1,0.04470632424405152,0.36616486642775586
2026,08,ROU.32.1_1,0.05086600336926171,0.5667595323838311
2026,08,ROU.32.20_1,0.05126105566193509,0.5874558074427912
2026,08,ROU.32.21_1,0.05056860940561389,0.5524313419583972
2026,08,ROU.32.22_1,0.04759383271289589,0.44258188203007043
2026,08,ROU.32.23_1,0.05105335739684572,0.5763116593341204
2026,08,ROU.32.24_1,0.04593876600154827,0.39641326843700553
2026,08,ROU.32.25_1,0.05039479499775907,0.5444712361664896
2026,08,ROU.32.26_1,0.049952134909844986,0.525366982265911
2026,08,ROU.32.27_1,0.04490920070176655,0.37094092990290056
2026,08,ROU.32.28_1,0.049796455551638814,0.5189988976323848
2026,08,ROU.32.29_1,0.04754104417704476,0.4409898608716889
2026,08,ROU.32.2_1,0.04600026346131408,0.39800528959538706
2026,08,ROU.32.30_1,0.046539173797603216,0.412333480020821
2026,08,ROU.32.31_1,0.0497170711293673,0.5158148553156215
2026,08,ROU.32.32_1,0.04378954483371724,0.3454685913687961
2026,08,ROU.32.33_1,0.051742261057465135,0.6161121882936592
2026,08,ROU.32.34_1,0.05080162133682958,0.5635754900670682
2026,08,ROU.32.35_1,0.050897831255658534,0.5683515535422127
2026,08,ROU.32.36_1,0.04568947849813677,0.3900451838034793
2026,08,ROU.32.37_1,0.049913599742985044,0.5237749611075295
2026,08,ROU.32.38_1,0.0461827983480315,0.4027813530705317
2026,08,ROU.32.39_1,0.049514064778928724,0.507854749523714
2026,08,ROU.32.3_1,0.05080162133682958,0.5635754900670682
2026,08,ROU.32.40_1,0.044220395646106976,0.3550207183190852
2026,08,ROU.32.41_1,0.04895534680431426,0.48715847446475385
2026,08,ROU.32.42_1,0.05017800164526834,0.5349191092162003
2026,08,ROU.32.43_1,0.04930450067743372,0.49989464373180625
2026,08,ROU.32.44_1,0.04450024054800256,0.36138880295261144
2026,08,ROU.32.45_1,0.046539173797603216,0.412333480020821
2026,08,ROU.32.46_1,0.04682745483236697,0.42029358581272874
2026,08,ROU.32.47_1,0.04947267920788396,0.5062627283653325
2026,08,ROU.32.48_1,0.04727263651700178,0.43302975507978114
2026,08,ROU.32.49_1,0.044841928874410235,0.36934890874451914
2026,08,ROU.32.4_1,0.04600026346131408,0.39800528959538706
2026,08,ROU.32.50_1,0.049835760664711536,0.5205909187907662
2026,08,ROU.32.51_1,0.046539173797603216,0.412333480020821
2026,08,ROU.32.52_1,0.050897831255658534,0.5683515535422127
2026,08,ROU.32.53_1,0.046061433806932194,0.3995973107537686
2026,08,ROU.32.54_1,0.04682745483236697,0.42029358581272874
2026,08,ROU.32.55_1,0.0483022918419774,0.46487017824741195
2026,08,ROU.32.56_1,0.048635600917710305,0.476014326356083
2026,08,ROU.32.57_1,0.048865359099248204,0.48397443214799074
2026,08,ROU.32.58_1,0.05073626788046841,0.5603914477503049
2026,08,ROU.32.59_1,0.04636242389772862,0.40755741654567634
2026,08,ROU.32.5_1,0.0491320715143638,0.49352655909828
2026,08,ROU.32.60_1,0.04624299510541459,0.4043733742289133
2026,08,ROU.32.61_1,0.04844681708178188,0.4696462417225566
2026,08,ROU.32.62_1,0.04805575406133186,0.45691007245550425
2026,08,ROU.32.63_1,0.046884176210791065,0.4218856069711103
2026,08,ROU.32.64_1,0.04759383271289589,0.44258188203007043
2026,08,ROU.32.65_1,0.04743457712417486,0.4378058185549258
2026,08,ROU.32.66_1,0.04648057464495373,0.41074145886243946
2026,08,ROU.32.67_1,0.05032353136107536,0.5412871938497263
2026,08,ROU.32.68_1,0.04581478446351981,0.3932292261202424
2026,08,ROU.32.69_1,0.049756892578386155,0.5174068764740031
2026,08,ROU.32.6_1,0.050140990535841826,0.5333270880578186
2026,08,ROU.32.70_1,0.04967699058299391,0.5142228341572402
2026,08,ROU.32.71_1,0.05032353136107536,0.5412871938497263
2026,08,ROU.32.72_1,0.05032353136107536,0.5412871938497263
2026,08,ROU.32.73_1,0.04436104757345779,0.3582047606358485
2026,08,ROU.32.74_1,0.04636242389772862,0.40755741654567634
2026,08,ROU.32.75_1,0.04648057464495373,0.41074145886243946
2026,08,ROU.32.76_1,0.043420090292464256,0.3375084855768882
2026,08,ROU.32.77_1,0.0450426913037363,0.3741249722196636
2026,08,ROU.32.78_1,0.049175579728357045,0.4951185802566614
2026,08,ROU.32.79_1,0.051374530897953394,0.5938238920763175
2026,08,ROU.32.7_1,0.05092941766181925,0.5699435747005941
2026,08,ROU.32.80_1,0.05114379821018257,0.5810877228092651
2026,08,ROU.32.81_1,0.04624299510541459,0.4043733742289133
2026,08,ROU.32.82_1,0.050287525045012965,0.5396951726913448
2026,08,ROU.32.83_1,0.04727263651700178,0.43302975507978114
2026,08,ROU.32.84_1,0.05073626788046841,0.5603914477503049
2026,08,ROU.32.85_1,0.05102273246650329,0.5747196381757389
2026,08,ROU.32.86_1,0.05193210400246335,0.6288483575607116
2026,08,ROU.32.87_1,0.04721805488219425,0.4314377339213996
2026,08,ROU.32.88_1,0.04854176575735198,0.4728302840393197
2026,08,ROU.32.89_1,0.05126105566193509,0.5874558074427912
2026,08,ROU.32.8_1,0.043040910447353406,0.3295483797849804
2026,08,ROU.32.90_1,0.04556283717816291,0.3868611414867162
2026,08,ROU.32.91_1,0.05043005337679963,0.546063257324871
2026,08,ROU.32.92_1,0.04930450067743372,0.49989464373180625
2026,08,ROU.32.93_1,0.051083743047143124,0.577903680492502
2026,08,ROU.32.94_1,0.04543484933743066,0.38367709916995313
2026,08,ROU.32.95_1,0.04593876600154827,0.39641326843700553
2026,08,ROU.32.96_1,0.04642165841459676,0.40914943770405793
2026,08,ROU.32.97_1,0.048635600917710305,0.476014326356083
2026,08,ROU.32.98_1,0.04665542564230543,0.4155175223375841
2026,08,ROU.32.99_1,0.04987480852724417,0.5221829399491479
2026,08,ROU.32.9_1,0.0491320715143638,0.49352655909828
2026,08,ROU.33.20_1,0.04630286987281288,0.4059653953872948
2026,08,ROU.33.22_1,0.04587694011215763,0.3948212472786241
2026,08,ROU.33.23_1,0.04759383271289589,0.44258188203007043
2026,08,ROU.33.24_1,0.04581478446351981,0.3932292261202424
2026,08,ROU.33.25_1,0.04450024054800256,0.36138880295261144
2026,08,ROU.33.2_1,0.04727263651700178,0.43302975507978114
2026,08,ROU.33.43_1,0.04727263651700178,0.43302975507978114
2026,08,ROU.33.45_1,0.04612227833992239,0.40118933191215017
2026,08,ROU.33.46_1,0.04568947849813677,0.3900451838034793
2026,08,ROU.33.57_1,0.04636242389772862,0.40755741654567634
2026,08,ROU.33.58_1,0.04727263651700178,0.43302975507978114
2026,08,ROU.34.13_1,0,0
2026,08,ROU.34.18_1,0,0
2026,08,ROU.34.23_1,0.04045569093321524,0.2801957238751524
2026,08,ROU.34.24_1,0.039716958860551696,0.26745955460810017
2026,08,ROU.34.26_1,0,0
2026,08,ROU.34.29_1,0.04225232082393796,0.3136281682011651
2026,08,ROU.34.40_1,0.041076767151203744,0.2913398719838234
2026,08,ROU.34.43_1,0.03990462095572754,0.2706435969248633
2026,08,ROU.34.49_1,0,0
2026,08,ROU.34.56_1,0.040273959669950864,0.2770116815583893
2026,08,ROU.34.59_1,0.040182364544853626,0.2754196604000079
2026,08,ROU.34.8_1,0.04133599134297145,0.29611593545896786
2026,08,ROU.34.9_1,0,0
2026,08,ROU.36.13_1,0,0
2026,08,ROU.36.19_1,0,0
2026,08,ROU.36.33_1,0,0
2026,08,ROU.36.46_1,0,0
2026,08,ROU.36.5_1,0,0
2026,08,ROU.36.77_1,0,0
2026,08,ROU.36.80_1,0,0
2026,08,ROU.36.87_1,0,0
2026,08,ROU.36.95_1,0,0
2026,08,ROU.37.10_1,0.04349475120062014,0.33910050673526954
2026,08,ROU.37.11_1,0.043345040420819075,0.33591646441850664
2026,08,ROU.37.12_1,0.04537034691538987,0.38208507801157154
2026,08,ROU.37.13_1,0.04319376566658885,0.3327324221017437
2026,08,ROU.37.14_1,0.04356902514489777,0.3406925278936513
2026,08,ROU.37.15_1,0.04311753666156321,0.33114040094336217
2026,08,ROU.37.16_1,0.04364291410096731,0.3422845490520328
2026,08,ROU.37.17_1,0.04116363076094505,0.2929318931422048
2026,08,ROU.37.18_1,0.04125003787061803,0.2945239143005865
2026,08,ROU.37.19_1,0.04517478819424583,0.3773090145364269
2026,08,ROU.37.1_1,0.044774303922658285,0.3677568875861376
2026,08,ROU.37.20_1,0.04265174592133566,0.3215882739930728
2026,08,ROU.37.21_1,0.04288645786391269,0.3263643374682173
2026,08,ROU.37.22_1,0.04549901228029032,0.3852691203283345
2026,08,ROU.37.23_1,0.042730390594849225,0.3231802951514544
2026,08,ROU.37.24_1,0.04371642002093581,0.3438765702104142
2026,08,ROU.37.25_1,0.04530550356419647,0.38049305685318985
2026,08,ROU.37.26_1,0.04517478819424583,0.3773090145364269
2026,08,ROU.37.27_1,0.04356902514489777,0.3406925278936513
2026,08,ROU.37.28_1,0.04280862716454913,0.3247723163098356
2026,08,ROU.37.29_1,0.04414951822333112,0.3534286971607037
2026,08,ROU.37.2_1,0.044078270799579294,0.3518366760023221
2026,08,ROU.37.30_1,0.043934658739576096,0.34865263368555904
2026,08,ROU.37.31_1,0.04682745483236697,0.42029358581272874
2026,08,ROU.37.32_1,0.039527263818032975,0.26427551229133706
2026,08,ROU.37.33_1,0.04217117901135218,0.3120361470427834
2026,08,ROU.37.34_1,0.043040910447353406,0.3295483797849804
2026,08,ROU.37.35_1,0.04116363076094505,0.2929318931422048
2026,08,ROU.37.36_1,0.04288645786391269,0.3263643374682173
2026,08,ROU.37.37_1,0.04549901228029032,0.3852691203283345
2026,08,ROU.37.38_1,0.04386229044539485,0.3470606125271773
2026,08,ROU.37.39_1,0.04208961264351133,0.310444125884402
2026,08,ROU.37.3_1,0.04208961264351133,0.310444125884402
2026,08,ROU.37.40_1,0.04414951822333112,0.3534286971607037
2026,08,ROU.37.41_1,0.04581478446351981,0.3932292261202424
2026,08,ROU.37.42_1,0.04517478819424583,0.3773090145364269
2026,08,ROU.37.43_1,0.04184234131534133,0.3056680624092572
2026,08,ROU.37.44_1,0.04265174592133566,0.3215882739930728
2026,08,ROU.37.45_1,0.04716317079588728,0.42984571276301803
2026,08,ROU.37.46_1,0.044637988217937796,0.36457284526937467
2026,08,ROU.37.47_1,0.044841928874410235,0.36934890874451914
2026,08,ROU.37.48_1,0.044430825569473094,0.35979678179422986
2026,08,ROU.37.49_1,0.04142149400202496,0.2977079566173496
2026,08,ROU.37.4_1,0.044841928874410235,0.36934890874451914
2026,08,ROU.37.50_1,0.04356902514489777,0.3406925278936513
2026,08,ROU.37.51_1,0.04311753666156321,0.33114040094336217
2026,08,ROU.37.52_1,0.044220395646106976,0.3550207183190852
2026,08,ROU.37.53_1,0.04699669320242809,0.4250696492878734
2026,08,ROU.37.54_1,0.04326959956174681,0.3343244432601252
2026,08,ROU.37.55_1,0.04326959956174681,0.3343244432601252
2026,08,ROU.37.56_1,0.04517478819424583,0.3773090145364269
2026,08,ROU.37.57_1,0.044078270799579294,0.3518366760023221
2026,08,ROU.37.58_1,0.042572690882333904,0.3199962528346913
2026,08,ROU.37.59_1,0.04429090484421171,0.35661273947746674
2026,08,ROU.37.5_1,0.043040910447353406,0.3295483797849804
2026,08,ROU.37.60_1,0.043420090292464256,0.3375084855768882
2026,08,ROU.37.61_1,0.046539173797603216,0.412333480020821
2026,08,ROU.37.62_1,0.04349475120062014,0.33910050673526954
2026,08,ROU.37.63_1,0.0461827983480315,0.4027813530705317
2026,08,ROU.37.64_1,0.041076767151203744,0.2913398719838234
2026,08,ROU.37.65_1,0.04208961264351133,0.310444125884402
2026,08,ROU.37.66_1,0.04192519631739169,0.3072600835676389
2026,08,ROU.37.67_1,0.04648057464495373,0.41074145886243946
2026,08,ROU.37.68_1,0.04581478446351981,0.3932292261202424
2026,08,ROU.37.69_1,0.04249322318749342,0.3184042316763096
2026,08,ROU.37.6_1,0.043934658739576096,0.34865263368555904
2026,08,ROU.37.70_1,0.04364291410096731,0.3422845490520328
2026,08,ROU.37.71_1,0.044430825569473094,0.35979678179422986
2026,08,ROU.37.72_1,0.04378954483371724,0.3454685913687961
2026,08,ROU.37.73_1,0.04319376566658885,0.3327324221017437
2026,08,ROU.37.74_1,0.04556283717816291,0.3868611414867162
2026,08,ROU.37.75_1,0.04490920070176655,0.37094092990290056
2026,08,ROU.37.76_1,0.04612227833992239,0.40118933191215017
2026,08,ROU.37.77_1,0.04517478819424583,0.3773090145364269
2026,08,ROU.37.78_1,0.042572690882333904,0.3199962528346913
2026,08,ROU.37.79_1,0.04562632544968254,0.38845316264509794
2026,08,ROU.37.7_1,0.043345040420819075,0.33591646441850664
2026,08,ROU.37.80_1,0.04543484933743066,0.38367709916995313
2026,08,ROU.37.81_1,0.04208961264351133,0.310444125884402
2026,08,ROU.37.82_1,0.04612227833992239,0.40118933191215017
2026,08,ROU.37.83_1,0.043934658739576096,0.34865263368555904
2026,08,ROU.37.84_1,0.04456929420520397,0.36298082411099314
2026,08,ROU.37.85_1,0.044220395646106976,0.3550207183190852
2026,08,ROU.37.86_1,0.04470632424405152,0.36616486642775586
2026,08,ROU.37.87_1,0.04636242389772862,0.40755741654567634
2026,08,ROU.37.88_1,0.04208961264351133,0.310444125884402
2026,08,ROU.37.8_1,0.043934658739576096,0.34865263368555904
2026,08,ROU.37.9_1,0.04349475120062014,0.33910050673526954
2026,08,ROU.38.15_1,0.040273959669950864,0.2770116815583893
2026,08,ROU.38.26_1,0.03844624123033009,0.24676327954914
2026,08,ROU.38.5_1,0.03990462095572754,0.2706435969248633
2026,08,ROU.39.10_1,0.04743457712417486,0.4378058185549258
2026,08,ROU.39.11_1,0.04835074833101131,0.46646219940579353
2026,08,ROU.39.12_1,0.04877427985491362,0.4807903898312276
2026,08,ROU.39.13_1,0.04659745706877908,0.41392550117920257
2026,08,ROU.39.14_1,0.04716317079588728,0.42984571276301803
2026,08,ROU.39.15_1,0.04699669320242809,0.4250696492878734
2026,08,ROU.39.16_1,0.045752297711676125,0.39163720496186066
2026,08,ROU.39.17_1,0.04648057464495373,0.41074145886243946
2026,08,ROU.39.18_1,0.04624299510541459,0.4043733742289133
2026,08,ROU.39.19_1,0.04517478819424583,0.3773090145364269
2026,08,ROU.39.1_1,0.048005589319064845,0.45531805129712283
2026,08,ROU.39.20_1,0.04659745706877908,0.41392550117920257
2026,08,ROU.39.21_1,0.046539173797603216,0.412333480020821
2026,08,ROU.39.22_1,0.04727263651700178,0.43302975507978114
2026,08,ROU.39.23_1,0.04682745483236697,0.42029358581272874
2026,08,ROU.39.24_1,0.04648057464495373,0.41074145886243946
2026,08,ROU.39.25_1,0.04732691674675229,0.4346217762381627
2026,08,ROU.39.26_1,0.04677042337059844,0.4187015646543472
2026,08,ROU.39.27_1,0.04710798320094961,0.4282536916046365
2026,08,ROU.39.28_1,0.048728328995678624,0.4791983686728461
2026,08,ROU.39.29_1,0.04743457712417486,0.4378058185549258
2026,08,ROU.39.2_1,0.047698524728195545,0.44576592434683354
2026,08,ROU.39.30_1,0.04810563189492998,0.45850209361388594
2026,08,ROU.39.31_1,0.049514064778928724,0.507854749523714
2026,08,ROU.39.32_1,0.04805575406133186,0.45691007245550425
2026,08,ROU.39.33_1,0.047052491029430696,0.42666167044625497
2026,08,ROU.39.34_1,0.04759383271289589,0.44258188203007043
2026,08,ROU.39.35_1,0.04568947849813677,0.3900451838034793
2026,08,ROU.39.36_1,0.04858882212193265,0.47442230519770145
2026,08,ROU.39.37_1,0.04721805488219425,0.4314377339213996
2026,08,ROU.39.38_1,0.048865359099248204,0.48397443214799074
2026,08,ROU.39.39_1,0.048728328995678624,0.4791983686728461
2026,08,ROU.39.3_1,0.04775043014811539,0.44735794550521507
2026,08,ROU.39.40_1,0.04677042337059844,0.4187015646543472
2026,08,ROU.39.41_1,0.04537034691538987,0.38208507801157154
2026,08,ROU.39.42_1,0.04716317079588728,0.42984571276301803
2026,08,ROU.39.43_1,0.04858882212193265,0.47442230519770145
2026,08,ROU.39.44_1,0.04743457712417486,0.4378058185549258
2026,08,ROU.39.45_1,0.04562632544968254,0.38845316264509794
2026,08,ROU.39.46_1,0.04810563189492998,0.45850209361388594
2026,08,ROU.39.47_1,0.04470632424405152,0.36616486642775586
2026,08,ROU.39.48_1,0.048005589319064845,0.45531805129712283
2026,08,ROU.39.4_1,0.04659745706877908,0.41392550117920257
2026,08,ROU.39.5_1,0.04549901228029032,0.3852691203283345
2026,08,ROU.39.6_1,0.048005589319064845,0.45531805129712283
2026,08,ROU.39.7_1,0.046884176210791065,0.4218856069711103
2026,08,ROU.39.8_1,0.04699669320242809,0.4250696492878734
2026,08,ROU.39.9_1,0.04568947849813677,0.3900451838034793
2026,08,ROU.41.26_1,0.04549901228029032,0.3852691203283345
2026,08,ROU.41.31_1,0.0461827983480315,0.4027813530705317
2026,08,ROU.41.41_1,0.04648057464495373,0.41074145886243946
2026,08,ROU.41.45_1,0.04556283717816291,0.3868611414867162
2026,08,ROU.41.58_1,0.04537034691538987,0.38208507801157154
2026,08,ROU.41.68_1,0.04593876600154827,0.39641326843700553
2026,08,ROU.5.10_1,0.04150654863377774,0.29929997777573114
2026,08,ROU.5.12_1,0.04543484933743066,0.38367709916995313
2026,08,ROU.5.16_1,0.046884176210791065,0.4218856069711103
2026,08,ROU.5.18_1,0.04665542564230543,0.4155175223375841
2026,08,ROU.5.23_1,0.04296388489868826,0.3279563586265989
2026,08,ROU.5.36_1,0.04233304052256631,0.31522018935954665
2026,08,ROU.5.41_1,0.04208961264351133,0.310444125884402
2026,08,ROU.5.6_1,0.037511553146867105,0.23243508912370608
2026,08,ROU.5.70_1,0.03772335738887836,0.23561913144046917
2026,08,ROU.5.75_1,0.04364291410096731,0.3422845490520328
2026,08,ROU.5.91_1,0.04356902514489777,0.3406925278936513
2026,08,ROU.6.10_1,0.048865359099248204,0.48397443214799074
2026,08,ROU.6.31_1,0.048728328995678624,0.4791983686728461
2026,08,ROU.6.36_1,0.048204530393412735,0.46168613593064906
2026,08,ROU.6.4_1,0.04844681708178188,0.4696462417225566
2026,08,ROU.6.6_1,0.04581478446351981,0.3932292261202424
2026,08,ROU.6.8_1,0.04732691674675229,0.4346217762381627
2026,08,ROU.7.14_1,0.0483022918419774,0.46487017824741195
2026,08,ROU.7.19_1,0,0
2026,08,ROU.7.20_1,0,0
2026,08,ROU.7.31_1,0,0
2026,08,ROU.7.33_1,0,0
2026,08,ROU.7.38_1,0.04648057464495373,0.41074145886243946
2026,08,ROU.7.42_1,0.04665542564230543,0.4155175223375841
2026,08,ROU.7.44_1,0.04748795931243111,0.43939783971330737
2026,08,ROU.7.45_1,0,0
2026,08,ROU.7.48_1,0.046061433806932194,0.3995973107537686
2026,08,ROU.7.50_1,0.04785336459144693,0.450541987821978
2026,08,ROU.7.52_1,0.043934658739576096,0.34865263368555904
2026,08,ROU.7.57_1,0.046061433806932194,0.3995973107537686
2026,08,ROU.7.59_1,0,0
2026,08,ROU.8.37_1,0.05021476073212452,0.5365111303745819
2026,08,ROU.8.47_1,0.0499904146199507,0.5269590034242924
2026,08,ROU.9.10_1,0.04677042337059844,0.4187015646543472
2026,08,ROU.9.18_1,0.04524031781788012,0.3789010356948085
2026,08,ROU.9.2_1,0.04386229044539485,0.3470606125271773
2026,08,ROU.9.39_1,0.04677042337059844,0.4187015646543472
2026,08,ROU.9.5_1,0.04612227833992239,0.40118933191215017
2026,08,SRB.1.4_1,0,0
2026,08,SRB.11.1_1,0,0
2026,08,SRB.11.2_1,0.04326959956174681,0.3343244432601252
2026,08,SRB.11.3_1,0.042007619247333414,0.30885210472602026
2026,08,SRB.11.4_1,0,0
2026,08,SRB.11.5_1,0,0
2026,08,SRB.11.7_1,0.04450024054800256,0.36138880295261144
2026,08,SRB.12.1_1,0,0
2026,08,SRB.12.3_1,0,0
2026,08,SRB.13.1_1,0.038846888860369744,0.25313136418266624
2026,08,SRB.13.2_1,0.04116363076094505,0.2929318931422048
2026,08,SRB.13.3_1,0.040724689059896575,0.2849717873502972
2026,08,SRB.14.3_1,0.044078270799579294,0.3518366760023221
2026,08,SRB.14.6_1,0.04098944413919014,0.2897478508254417
2026,08,SRB.15.2_1,0.04265174592133566,0.3215882739930728
2026,08,SRB.16.1_1,0.04414951822333112,0.3534286971607037
2026,08,SRB.16.2_1,0.042730390594849225,0.3231802951514544
2026,08,SRB.16.3_1,0.04364291410096731,0.3422845490520328
2026,08,SRB.16.4_1,0.04364291410096731,0.3422845490520328
2026,08,SRB.17.2_1,0.03772335738887836,0.23561913144046917
2026,08,SRB.17.3_1,0.03824257293246462,0.24357923723237693
2026,08,SRB.18.1_1,0.03904393683112971,0.2563154064994293
2026,08,SRB.18.3_1,0.040182364544853626,0.2754196604000079
2026,08,SRB.18.5_1,0.039527263818032975,0.26427551229133706
2026,08,SRB.19.1_1,0.04036506736836861,0.27860370271677104
2026,08,SRB.19.5_1,0.0392388448952786,0.2594994488161924
2026,08,SRB.20.1_1,0.04225232082393796,0.3136281682011651
2026,08,SRB.20.2_1,0.04125003787061803,0.2945239143005865
2026,08,SRB.20.3_1,0.040724689059896575,0.2849717873502972
2026,08,SRB.20.4_1,0.04167532477341071,0.3024840200924941
2026,08,SRB.20.5_1,0.0394316447850882,0.2626834911329555
2026,08,SRB.20.6_1,0.04184234131534133,0.3056680624092572
2026,08,SRB.20.7_1,0.041759051669332664,0.3040760412508758
2026,08,SRB.21.1_1,0.04249322318749342,0.3184042316763096
2026,08,SRB.21.2_1,0.044078270799579294,0.3518366760023221
2026,08,SRB.21.3_1,0.044220395646106976,0.3550207183190852
2026,08,SRB.21.4_1,0.042730390594849225,0.3231802951514544
2026,08,SRB.21.5_1,0.04364291410096731,0.3422845490520328
2026,08,SRB.21.6_1,0.04184234131534133,0.3056680624092572
2026,08,SRB.21.7_1,0.041759051669332664,0.3040760412508758
2026,08,SRB.22.2_1,0.042007619247333414,0.30885210472602026
2026,08,SRB.23.2_1,0,0
2026,08,SRB.23.4_1,0,0
2026,08,SRB.24.1_1,0.03782836730418895,0.23721115259885073
2026,08,SRB.24.3_1,0.040182364544853626,0.2754196604000079
2026,08,SRB.24.4_1,0.03854723269543283,0.24835530070752157
2026,08,SRB.25.10_1,0.0450426913037363,0.3741249722196636
2026,08,SRB.25.2_1,0.04319376566658885,0.3327324221017437
2026,08,SRB.25.3_1,0.04556283717816291,0.3868611414867162
2026,08,SRB.25.4_1,0.044078270799579294,0.3518366760023221
2026,08,SRB.25.7_1,0.044841928874410235,0.36934890874451914
2026,08,SRB.25.8_1,0.04587694011215763,0.3948212472786241
2026,08,SRB.25.9_1,0.044637988217937796,0.36457284526937467
2026,08,SRB.3.10_1,0.03933550641658447,0.26109146997457394
2026,08,SRB.3.11_1,0.040182364544853626,0.2754196604000079
2026,08,SRB.3.12_1,0.04167532477341071,0.3024840200924941
2026,08,SRB.3.13_1,0.040724689059896575,0.2849717873502972
2026,08,SRB.3.14_1,0.04184234131534133,0.3056680624092572
2026,08,SRB.3.15_1,0.03990462095572754,0.2706435969248633
2026,08,SRB.3.16_1,0.04063549860122299,0.28337976619191546
2026,08,SRB.3.17_1,0.04036506736836861,0.27860370271677104
2026,08,SRB.3.1_1,0.039997698602260115,0.2722356180832448
2026,08,SRB.3.2_1,0.04192519631739169,0.3072600835676389
2026,08,SRB.3.3_1,0.04192519631739169,0.3072600835676389
2026,08,SRB.3.4_1,0.04414951822333112,0.3534286971607037
2026,08,SRB.3.5_1,0.039997698602260115,0.2722356180832448
2026,08,SRB.3.6_1,0.039141656345345104,0.2579074276578109
2026,08,SRB.3.7_1,0.04125003787061803,0.2945239143005865
2026,08,SRB.3.8_1,0.04133599134297145,0.29611593545896786
2026,08,SRB.3.9_1,0.04184234131534133,0.3056680624092572
2026,08,SRB.4.2_1,0,0
2026,08,SRB.4.4_1,0.04311753666156321,0.33114040094336217
2026,08,SRB.4.5_1,0.04233304052256631,0.31522018935954665
2026,08,SRB.5.10_1,0.04045569093321524,0.2801957238751524
2026,08,SRB.5.11_1,0.0394316447850882,0.2626834911329555
2026,08,SRB.5.12_1,0.04125003787061803,0.2945239143005865
2026,08,SRB.5.1_1,0.03782836730418895,0.23721115259885073
2026,08,SRB.5.2_1,0.03904393683112971,0.2563154064994293
2026,08,SRB.5.3_1,0.039716958860551696,0.26745955460810017
2026,08,SRB.5.4_1,0.038945682355868254,0.25472338534104777
2026,08,SRB.5.5_1,0.04296388489868826,0.3279563586265989
2026,08,SRB.5.6_1,0.0408134080977724,0.2865638085086786
2026,08,SRB.5.7_1,0.040182364544853626,0.2754196604000079
2026,08,SRB.5.8_1,0.04159115798690046,0.3008919989341125
2026,08,SRB.5.9_1,0.04009027865217428,0.2738276392416262
2026,08,SRB.6.3_1,0.038344689463867224,0.24517125839075846
2026,08,SRB.6.4_1,0.03874755222166219,0.25153934302428466
2026,08,SRB.6.5_1,0.040724689059896575,0.2849717873502972
2026,08,SRB.6.6_1,0.03874755222166219,0.25153934302428466
2026,08,SRB.7.1_1,0.042007619247333414,0.30885210472602026
2026,08,SRB.7.2_1,0.04311753666156321,0.33114040094336217
2026,08,SRB.7.3_1,0.04414951822333112,0.3534286971607037
2026,08,SRB.7.4_1,0.04593876600154827,0.39641326843700553
2026,08,SRB.7.5_1,0.04371642002093581,0.3438765702104142
2026,08,SRB.7.6_1,0.04436104757345779,0.3582047606358485
2026,08,SRB.8.1_1,0.043934658739576096,0.34865263368555904
2026,08,SRB.8.2_1,0.04217117901135218,0.3120361470427834
2026,08,SRB.8.3_1,0.04414951822333112,0.3534286971607037
2026,08,SRB.8.4_1,0.04319376566658885,0.3327324221017437
2026,08,SRB.8.5_1,0.040724689059896575,0.2849717873502972
2026,08,SRB.8.6_1,0.04265174592133566,0.3215882739930728
2026,08,SRB.8.7_1,0.04208961264351133,0.310444125884402
2026,08,SRB.8.8_1,0.04150654863377774,0.29929997777573114
2026,08,SRB.9.2_1,0.0449761209892563,0.37253295106128226
2026,08,SVK.1.10_1,0.042007619247333414,0.30885210472602026
2026,08,SVK.1.11_1,0.046061433806932194,0.3995973107537686
2026,08,SVK.1.12_1,0.04543484933743066,0.38367709916995313
2026,08,SVK.1.13_1,0.0450426913037363,0.3741249722196636
2026,08,SVK.1.1_1,0.04710798320094961,0.4282536916046365
2026,08,SVK.1.2_1,0.044078270799579294,0.3518366760023221
2026,08,SVK.1.3_1,0.04775043014811539,0.44735794550521507
2026,08,SVK.1.4_1,0.046061433806932194,0.3995973107537686
2026,08,SVK.1.5_1,0.043934658739576096,0.34865263368555904
2026,08,SVK.1.6_1,0.04208961264351133,0.310444125884402
2026,08,SVK.1.7_1,0.04436104757345779,0.3582047606358485
2026,08,SVK.1.8_1,0.04671308068975393,0.41710954349596563
2026,08,SVK.1.9_1,0.04593876600154827,0.39641326843700553
2026,08,SVK.2.1_1,0.04378954483371724,0.3454685913687961
2026,08,SVK.2.2_1,0.04456929420520397,0.36298082411099314
2026,08,SVK.2.3_1,0.04311753666156321,0.33114040094336217
2026,08,SVK.2.4_1,0.044841928874410235,0.36934890874451914
2026,08,SVK.2.5_1,0.0440066515777403,0.3502446548439406
2026,08,SVK.2.6_1,0.04456929420520397,0.36298082411099314
2026,08,SVK.2.7_1,0.04319376566658885,0.3327324221017437
2026,08,SVK.2.8_1,0.04233304052256631,0.31522018935954665
2026,08,SVK.3.10_1,0.04556283717816291,0.3868611414867162
2026,08,SVK.3.11_1,0.04296388489868826,0.3279563586265989
2026,08,SVK.3.1_1,0.04537034691538987,0.38208507801157154
2026,08,SVK.3.2_1,0.04549901228029032,0.3852691203283345
2026,08,SVK.3.3_1,0.04754104417704476,0.4409898608716889
2026,08,SVK.3.4_1,0.04530550356419647,0.38049305685318985
2026,08,SVK.3.5_1,0.04738089660732755,0.43621379739654426
2026,08,SVK.3.6_1,0.04537034691538987,0.38208507801157154
2026,08,SVK.3.7_1,0.04612227833992239,0.40118933191215017
2026,08,SVK.3.8_1,0.04748795931243111,0.43939783971330737
2026,08,SVK.3.9_1,0.04556283717816291,0.3868611414867162
2026,08,SVK.4.1_1,0.042730390594849225,0.3231802951514544
2026,08,SVK.4.2_1,0.04184234131534133,0.3056680624092572
2026,08,SVK.4.3_1,0.04150654863377774,0.29929997777573114
2026,08,SVK.4.4_1,0.04470632424405152,0.36616486642775586
2026,08,SVK.4.7_1,0.043345040420819075,0.33591646441850664
2026,08,SVK.5.10_1,0.04785336459144693,0.450541987821978
2026,08,SVK.5.11_1,0.04780204312044206,0.44894996666359666
2026,08,SVK.5.12_1,0.04732691674675229,0.4346217762381627
2026,08,SVK.5.13_1,0.04636242389772862,0.40755741654567634
2026,08,SVK.5.1_1,0.04810563189492998,0.45850209361388594
2026,08,SVK.5.2_1,0.04780204312044206,0.44894996666359666
2026,08,SVK.5.3_1,0.04844681708178188,0.4696462417225566
2026,08,SVK.5.4_1,0.04642165841459676,0.40914943770405793
2026,08,SVK.5.5_1,0.04891048901592771,0.4855664533063721
2026,08,SVK.5.6_1,0.04955518805263981,0.5094467706820953
2026,08,SVK.5.7_1,0.04612227833992239,0.40118933191215017
2026,08,SVK.5.8_1,0.046539173797603216,0.412333480020821
2026,08,SVK.5.9_1,0.04877427985491362,0.4807903898312276
2026,08,SVK.6.3_1,0.04642165841459676,0.40914943770405793
2026,08,SVK.6.4_1,0.04568947849813677,0.3900451838034793
2026,08,SVK.6.7_1,0.04727263651700178,0.43302975507978114
2026,08,SVK.6.8_1,0.04677042337059844,0.4187015646543472
2026,08,SVK.6.9_1,0.046061433806932194,0.3995973107537686
2026,08,SVK.7.1_1,0.04208961264351133,0.310444125884402
2026,08,SVK.7.2_1,0.04364291410096731,0.3422845490520328
2026,08,SVK.7.3_1,0.045752297711676125,0.39163720496186066
2026,08,SVK.7.5_1,0.044220395646106976,0.3550207183190852
2026,08,SVK.7.6_1,0.04378954483371724,0.3454685913687961
2026,08,SVK.7.7_1,0.043934658739576096,0.34865263368555904
2026,08,SVK.8.1_1,0.048204530393412735,0.46168613593064906
2026,08,SVK.8.5_1,0.049261793608223935,0.4983026225734245
2026,08,SVK.8.8_1,0.04780204312044206,0.44894996666359666
2026,08,SVK.8.9_1,0.04648057464495373,0.41074145886243946
2026,08,SVN.1.10_1,0,0
2026,08,SVN.1.11_1,0,0
2026,08,SVN.1.12_1,0,0
2026,08,SVN.1.13_1,0.04947267920788396,0.5062627283653325
2026,08,SVN.1.14_1,0.049261793608223935,0.4983026225734245
2026,08,SVN.1.15_1,0.051173468563355404,0.5826797439676467
2026,08,SVN.1.16_1,0.04934694209044428,0.5014866648901878
2026,08,SVN.1.17_1,0,0
2026,08,SVN.1.1_1,0,0
2026,08,SVN.1.2_1,0.05073626788046841,0.5603914477503049
2026,08,SVN.1.3_1,0.049796455551638814,0.5189988976323848
2026,08,SVN.1.4_1,0.04963665031161907,0.5126308129988586
2026,08,SVN.1.5_1,0.05148424892712485,0.6001919767098438
2026,08,SVN.1.6_1,0,0
2026,08,SVN.1.7_1,0,0
2026,08,SVN.1.8_1,0.05096076303676537,0.5715355958589758
2026,08,SVN.1.9_1,0,0
2026,08,SVN.10.10_1,0.048635600917710305,0.476014326356083
2026,08,SVN.10.11_1,0,0
2026,08,SVN.10.12_1,0,0
2026,08,SVN.10.13_1,0,0
2026,08,SVN.10.14_1,0,0
2026,08,SVN.10.15_1,0,0
2026,08,SVN.10.16_1,0,0
2026,08,SVN.10.17_1,0.0449761209892563,0.37253295106128226
2026,08,SVN.10.18_1,0.04543484933743066,0.38367709916995313
2026,08,SVN.10.19_1,0,0
2026,08,SVN.10.1_1,0,0
2026,08,SVN.10.20_1,0.04780204312044206,0.44894996666359666
2026,08,SVN.10.21_1,0,0
2026,08,SVN.10.22_1,0,0
2026,08,SVN.10.23_1,0.04899993321178068,0.4887504956231352
2026,08,SVN.10.24_1,0,0
2026,08,SVN.10.25_1,0,0
2026,08,SVN.10.26_1,0,0
2026,08,SVN.10.27_1,0,0
2026,08,SVN.10.28_1,0,0
2026,08,SVN.10.29_1,0,0
2026,08,SVN.10.2_1,0,0
2026,08,SVN.10.30_1,0.047955136767743684,0.4537260301387413
2026,08,SVN.10.31_1,0,0
2026,08,SVN.10.32_1,0.04835074833101131,0.46646219940579353
2026,08,SVN.10.3_1,0,0
2026,08,SVN.10.4_1,0,0
2026,08,SVN.10.5_1,0,0
2026,08,SVN.10.6_1,0.04759383271289589,0.44258188203007043
2026,08,SVN.10.7_1,0,0
2026,08,SVN.10.8_1,0,0
2026,08,SVN.10.9_1,0,0
2026,08,SVN.11.1_1,0,0
2026,08,SVN.11.2_1,0,0
2026,08,SVN.11.3_1,0,0
2026,08,SVN.12.1_1,0,0
2026,08,SVN.12.2_1,0,0
2026,08,SVN.12.3_1,0.047698524728195545,0.44576592434683354
2026,08,SVN.2.10_1,0.0483022918419774,0.46487017824741195
2026,08,SVN.2.11_1,0.05083393354904563,0.5651675112254496
2026,08,SVN.2.12_1,0.04895534680431426,0.48715847446475385
2026,08,SVN.2.1_1,0.049796455551638814,0.5189988976323848
2026,08,SVN.2.2_1,0.050991867824992106,0.5731276170173574
2026,08,SVN.2.3_1,0.04844681708178188,0.4696462417225566
2026,08,SVN.2.4_1,0.05096076303676537,0.5715355958589758
2026,08,SVN.2.5_1,0.04963665031161907,0.5126308129988586
2026,08,SVN.2.6_1,0.0499904146199507,0.5269590034242924
2026,08,SVN.2.7_1,0.050251268349478156,0.5381031515329634
2026,08,SVN.2.8_1,0.04854176575735198,0.4728302840393197
2026,08,SVN.2.9_1,0.04947267920788396,0.5062627283653325
2026,08,SVN.3.10_1,0.04732691674675229,0.4346217762381627
2026,08,SVN.3.11_1,0,0
2026,08,SVN.3.12_1,0,0
2026,08,SVN.3.13_1,0,0
2026,08,SVN.3.14_1,0.04727263651700178,0.43302975507978114
2026,08,SVN.3.15_1,0.04568947849813677,0.3900451838034793
2026,08,SVN.3.16_1,0.04543484933743066,0.38367709916995313
2026,08,SVN.3.1_1,0.044220395646106976,0.3550207183190852
2026,08,SVN.3.2_1,0,0
2026,08,SVN.3.3_1,0,0
2026,08,SVN.3.4_1,0.046539173797603216,0.412333480020821
2026,08,SVN.3.5_1,0.04721805488219425,0.4314377339213996
2026,08,SVN.3.6_1,0,0
2026,08,SVN.3.7_1,0,0
2026,08,SVN.3.8_1,0,0
2026,08,SVN.3.9_1,0.046884176210791065,0.4218856069711103
2026,08,SVN.4.10_1,0,0
2026,08,SVN.4.11_1,0,0
2026,08,SVN.4.12_1,0,0
2026,08,SVN.4.1_1,0,0
2026,08,SVN.4.2_1,0,0
2026,08,SVN.4.3_1,0,0
2026,08,SVN.4.4_1,0,0
2026,08,SVN.4.5_1,0.049088294837363274,0.49193453793989833
2026,08,SVN.4.6_1,0.048398923130838545,0.4680542205641752
2026,08,SVN.4.7_1,0,0
2026,08,SVN.4.8_1,0.048819956299597005,0.4823824109896092
2026,08,SVN.4.9_1,0,0
2026,08,SVN.5.1_1,0,0
2026,08,SVN.5.2_1,0.04699669320242809,0.4250696492878734
2026,08,SVN.5.3_1,0.048253552815115175,0.4632781570890304
2026,08,SVN.5.4_1,0.04754104417704476,0.4409898608716889
2026,08,SVN.5.5_1,0.04721805488219425,0.4314377339213996
2026,08,SVN.5.6_1,0.048494431015955186,0.47123826288093834
2026,08,SVN.6.1_1,0.049218820191286906,0.49671060141504314
2026,08,SVN.6.2_1,0.04659745706877908,0.41392550117920257
2026,08,SVN.6.3_1,0.04727263651700178,0.43302975507978114
2026,08,SVN.6.4_1,0.04891048901592771,0.4855664533063721
2026,08,SVN.6.5_1,0.04682745483236697,0.42029358581272874
2026,08,SVN.6.6_1,0.04815522371137511,0.46009411477226747
2026,08,SVN.6.7_1,0.04895534680431426,0.48715847446475385
2026,08,SVN.7.10_1,0.04630286987281288,0.4059653953872948
2026,08,SVN.7.11_1,0.04891048901592771,0.4855664533063721
2026,08,SVN.7.12_1,0.048635600917710305,0.476014326356083
2026,08,SVN.7.13_1,0.04436104757345779,0.3582047606358485
2026,08,SVN.7.14_1,0.04636242389772862,0.40755741654567634
2026,08,SVN.7.15_1,0.048635600917710305,0.476014326356083
2026,08,SVN.7.16_1,0.04727263651700178,0.43302975507978114
2026,08,SVN.7.17_1,0.04895534680431426,0.48715847446475385
2026,08,SVN.7.18_1,0.048005589319064845,0.45531805129712283
2026,08,SVN.7.19_1,0.04743457712417486,0.4378058185549258
2026,08,SVN.7.1_1,0.04738089660732755,0.43621379739654426
2026,08,SVN.7.20_1,0.04743457712417486,0.4378058185549258
2026,08,SVN.7.21_1,0.04665542564230543,0.4155175223375841
2026,08,SVN.7.22_1,0.04671308068975393,0.41710954349596563
2026,08,SVN.7.23_1,0.049514064778928724,0.507854749523714
2026,08,SVN.7.24_1,0.04810563189492998,0.45850209361388594
2026,08,SVN.7.2_1,0.04642165841459676,0.40914943770405793
2026,08,SVN.7.3_1,0.04530550356419647,0.38049305685318985
2026,08,SVN.7.4_1,0.0483022918419774,0.46487017824741195
2026,08,SVN.7.5_1,0.04600026346131408,0.39800528959538706
2026,08,SVN.7.6_1,0.04612227833992239,0.40118933191215017
2026,08,SVN.7.7_1,0.04556283717816291,0.3868611414867162
2026,08,SVN.7.8_1,0.04748795931243111,0.43939783971330737
2026,08,SVN.7.9_1,0.04636242389772862,0.40755741654567634
2026,08,SVN.8.10_1,0.047052491029430696,0.42666167044625497
2026,08,SVN.8.11_1,0.04648057464495373,0.41074145886243946
2026,08,SVN.8.12_1,0.04549901228029032,0.3852691203283345
2026,08,SVN.8.13_1,0.04743457712417486,0.4378058185549258
2026,08,SVN.8.14_1,0.0461827983480315,0.4027813530705317
2026,08,SVN.8.15_1,0.04636242389772862,0.40755741654567634
2026,08,SVN.8.16_1,0.04450024054800256,0.36138880295261144
2026,08,SVN.8.17_1,0.04587694011215763,0.3948212472786241
2026,08,SVN.8.18_1,0.04710798320094961,0.4282536916046365
2026,08,SVN.8.19_1,0.044430825569473094,0.35979678179422986
2026,08,SVN.8.1_1,0.04386229044539485,0.3470606125271773
2026,08,SVN.8.20_1,0.04630286987281288,0.4059653953872948
2026,08,SVN.8.21_1,0.044774303922658285,0.3677568875861376
2026,08,SVN.8.22_1,0.04537034691538987,0.38208507801157154
2026,08,SVN.8.23_1,0.04721805488219425,0.4314377339213996
2026,08,SVN.8.24_1,0.04727263651700178,0.43302975507978114
2026,08,SVN.8.25_1,0.04754104417704476,0.4409898608716889
2026,08,SVN.8.26_1,0.045752297711676125,0.39163720496186066
2026,08,SVN.8.27_1,0.04648057464495373,0.41074145886243946
2026,08,SVN.8.28_1,0.04562632544968254,0.38845316264509794
2026,08,SVN.8.29_1,0.04450024054800256,0.36138880295261144
2026,08,SVN.8.2_1,0.0449761209892563,0.37253295106128226
2026,08,SVN.8.30_1,0.04470632424405152,0.36616486642775586
2026,08,SVN.8.31_1,0.044430825569473094,0.35979678179422986
2026,08,SVN.8.32_1,0.04612227833992239,0.40118933191215017
2026,08,SVN.8.33_1,0.04429090484421171,0.35661273947746674
2026,08,SVN.8.34_1,0.04543484933743066,0.38367709916995313
2026,08,SVN.8.3_1,0.044078270799579294,0.3518366760023221
2026,08,SVN.8.4_1,0.04326959956174681,0.3343244432601252
2026,08,SVN.8.5_1,0.04694058862995259,0.42347762812949186
2026,08,SVN.8.6_1,0.043934658739576096,0.34865263368555904
2026,08,SVN.8.7_1,0.0461827983480315,0.4027813530705317
2026,08,SVN.8.8_1,0.04549901228029032,0.3852691203283345
2026,08,SVN.8.9_1,0.04490920070176655,0.37094092990290056
2026,08,SVN.9.10_1,0,0
2026,08,SVN.9.11_1,0,0
2026,08,SVN.9.12_1,0.044078270799579294,0.3518366760023221
2026,08,SVN.9.13_1,0.044841928874410235,0.36934890874451914
2026,08,SVN.9.14_1,0,0
2026,08,SVN.9.15_1,0,0
2026,08,SVN.9.16_1,0,0
2026,08,SVN.9.17_1,0,0
2026,08,SVN.9.18_1,0,0
2026,08,SVN.9.19_1,0,0
2026,08,SVN.9.1_1,0,0
2026,08,SVN.9.20_1,0,0
2026,08,SVN.9.21_1,0.04456929420520397,0.36298082411099314
2026,08,SVN.9.22_1,0.0449761209892563,0.37253295106128226
2026,08,SVN.9.23_1,0,0
2026,08,SVN.9.24_1,0,0
2026,08,SVN.9.25_1,0,0
2026,08,SVN.9.26_1,0,0
2026,08,SVN.9.2_1,0,0
2026,08,SVN.9.3_1,0,0
2026,08,SVN.9.4_1,0,0
2026,08,SVN.9.5_1,0.04414951822333112,0.3534286971607037
2026,08,SVN.9.6_1,0,0
2026,08,SVN.9.7_1,0,0
2026,08,SVN.9.8_1,0.04450024054800256,0.36138880295261144
2026,08,SVN.9.9_1,0.04510891319464406,0.37571699337804537
2026,08,SWE.1.1_1,0.051954808129827564,0.630440378719093
2026,08,SWE.1.2_1,0.05153770651999937,0.6033760190266068
2026,08,SWE.1.3_1,0.05063640803297186,0.5556153842751603
2026,08,SWE.1.4_1,0.05148424892712485,0.6001919767098438
2026,08,SWE.1.5_1,0.05186262638468887,0.624072294085567
2026,08,SWE.10.10_1,0.05273270319230448,0.7004893096878811
2026,08,SWE.10.11_1,0.052891262156182985,0.722777605905223
2026,08,SWE.10.12_1,0.05224895601103845,0.6527286749364346
2026,08,SWE.10.13_1,0.05236158350550006,0.662280801886724
2026,08,SWE.10.14_1,0.052324930672841066,0.6590967595699608
2026,08,SWE.10.1_1,0.05260832219224276,0.6861611192624474
2026,08,SWE.10.2_1,0.05186262638468887,0.624072294085567
2026,08,SWE.10.3_1,0.052064929005537545,0.6384004845110008
2026,08,SWE.10.6_1,0.0525782810136782,0.6829770769456843
2026,08,SWE.10.7_1,0.05244933821533736,0.6702409076786319
2026,08,SWE.10.8_1,0.05280584477488987,0.7100414366381704
2026,08,SWE.10.9_1,0.05176679252595321,0.6177042094520407
2026,08,SWE.11.10_1,0.05056860940561389,0.5524313419583972
2026,08,SWE.11.11_1,0.05032353136107536,0.5412871938497263
2026,08,SWE.11.12_1,0.0504650634932955,0.5476552784832526
2026,08,SWE.11.1_1,0.050769066269798976,0.5619834689086867
2026,08,SWE.11.2_1,0.051457170329572394,0.5985999555514622
2026,08,SWE.11.3_1,0.05053434099894533,0.5508393208000156
2026,08,SWE.11.4_1,0.05006621000980004,0.5301430457410556
2026,08,SWE.11.5_1,0.050769066269798976,0.5619834689086867
2026,08,SWE.11.6_1,0.050140990535841826,0.5333270880578186
2026,08,SWE.11.7_1,0.051173468563355404,0.5826797439676467
2026,08,SWE.11.8_1,0.05073626788046841,0.5603914477503049
2026,08,SWE.11.9_1,0.050287525045012965,0.5396951726913448
2026,08,SWE.12.10_1,0.050140990535841826,0.5333270880578186
2026,08,SWE.12.11_1,0.051564086240614065,0.6049680401849883
2026,08,SWE.12.12_1,0.05073626788046841,0.5603914477503049
2026,08,SWE.12.13_1,0.05073626788046841,0.5603914477503049
2026,08,SWE.12.1_1,0.05080162133682958,0.5635754900670682
2026,08,SWE.12.2_1,0.05017800164526834,0.5349191092162003
2026,08,SWE.12.3_1,0.048494431015955186,0.47123826288093834
2026,08,SWE.12.4_1,0.05114379821018257,0.5810877228092651
2026,08,SWE.12.5_1,0.05126105566193509,0.5874558074427912
2026,08,SWE.12.6_1,0.05073626788046841,0.5603914477503049
2026,08,SWE.12.7_1,0.05032353136107536,0.5412871938497263
2026,08,SWE.12.8_1,0.050140990535841826,0.5333270880578186
2026,08,SWE.12.9_1,0.05105335739684572,0.5763116593341204
2026,08,SWE.13.10_1,0.051346515286048326,0.5922318709179359
2026,08,SWE.13.11_1,0.05131826446920053,0.5906398497595544
2026,08,SWE.13.12_1,0.051374530897953394,0.5938238920763175
2026,08,SWE.13.13_1,0.05131826446920053,0.5906398497595544
2026,08,SWE.13.14_1,0.051402311689494384,0.595415913234699
2026,08,SWE.13.15_1,0.05083393354904563,0.5651675112254496
2026,08,SWE.13.16_1,0.05039479499775907,0.5444712361664896
2026,08,SWE.13.17_1,0.05120290131740937,0.5842717651260282
2026,08,SWE.13.18_1,0.05021476073212452,0.5365111303745819
2026,08,SWE.13.19_1,0.0515902337210462,0.6065600613433699
2026,08,SWE.13.1_1,0.051742261057465135,0.6161121882936592
2026,08,SWE.13.20_1,0.05230627099007242,0.6575047384115795
2026,08,SWE.13.21_1,0.0515902337210462,0.6065600613433699
2026,08,SWE.13.22_1,0.05179109447179203,0.6192962306104223
2026,08,SWE.13.23_1,0.05176679252595321,0.6177042094520407
2026,08,SWE.13.24_1,0.05179109447179203,0.6192962306104223
2026,08,SWE.13.25_1,0.051511094202399514,0.6017839978682255
2026,08,SWE.13.26_1,0.05111388984412959,0.5794957016508835
2026,08,SWE.13.27_1,0.05179109447179203,0.6192962306104223
2026,08,SWE.13.28_1,0.051374530897953394,0.5938238920763175
2026,08,SWE.13.29_1,0.050669939241386894,0.5572074054335419
2026,08,SWE.13.2_1,0.05131826446920053,0.5906398497595544
2026,08,SWE.13.30_1,0.05176679252595321,0.6177042094520407
2026,08,SWE.13.31_1,0.051346515286048326,0.5922318709179359
2026,08,SWE.13.32_1,0.050251268349478156,0.5381031515329634
2026,08,SWE.13.33_1,0.0519995355594703,0.6336244210358563
2026,08,SWE.13.3_1,0.05176679252595321,0.6177042094520407
2026,08,SWE.13.4_1,0.051374530897953394,0.5938238920763175
2026,08,SWE.13.5_1,0.051374530897953394,0.5938238920763175
2026,08,SWE.13.6_1,0.05166728623151182,0.6113361248185145
2026,08,SWE.13.7_1,0.051511094202399514,0.6017839978682255
2026,08,SWE.13.8_1,0.05197728521735732,0.6320323998774745
2026,08,SWE.13.9_1,0.05176679252595321,0.6177042094520407
2026,08,SWE.14.1_1,0.049218820191286906,0.49671060141504314
2026,08,SWE.14.2_1,0.04877427985491362,0.4807903898312276
2026,08,SWE.14.3_1,0.049175579728357045,0.4951185802566614
2026,08,SWE.14.4_1,0.049835760664711536,0.5205909187907662
2026,08,SWE.14.5_1,0.04955518805263981,0.5094467706820953
2026,08,SWE.14.6_1,0.050140990535841826,0.5333270880578186
2026,08,SWE.14.7_1,0.048005589319064845,0.45531805129712283
2026,08,SWE.14.8_1,0.048494431015955186,0.47123826288093834
2026,08,SWE.14.9_1,0.04959604968147997,0.5110387918404771
2026,08,SWE.15.10_1,0.04938911853211241,0.5030786860485692
2026,08,SWE.15.11_1,0.048865359099248204,0.48397443214799074
2026,08,SWE.15.12_1,0.050769066269798976,0.5619834689086867
2026,08,SWE.15.13_1,0.05039479499775907,0.5444712361664896
2026,08,SWE.15.14_1,0.048819956299597005,0.4823824109896092
2026,08,SWE.15.15_1,0.04967699058299391,0.5142228341572402
2026,08,SWE.15.16_1,0.05035928783472076,0.5428792150081079
2026,08,SWE.15.17_1,0.050769066269798976,0.5619834689086867
2026,08,SWE.15.18_1,0.04934694209044428,0.5014866648901878
2026,08,SWE.15.19_1,0.04967699058299391,0.5142228341572402
2026,08,SWE.15.1_1,0.049175579728357045,0.4951185802566614
2026,08,SWE.15.20_1,0.049261793608223935,0.4983026225734245
2026,08,SWE.15.21_1,0.05128977805875176,0.5890478286011729
2026,08,SWE.15.22_1,0.04904424897846883,0.4903425167815169
2026,08,SWE.15.23_1,0.04934694209044428,0.5014866648901878
2026,08,SWE.15.24_1,0.050140990535841826,0.5333270880578186
2026,08,SWE.15.25_1,0.051374530897953394,0.5938238920763175
2026,08,SWE.15.26_1,0.05039479499775907,0.5444712361664896
2026,08,SWE.15.2_1,0.050140990535841826,0.5333270880578186
2026,08,SWE.15.3_1,0.04805575406133186,0.45691007245550425
2026,08,SWE.15.4_1,0.05035928783472076,0.5428792150081079
2026,08,SWE.15.5_1,0.05086600336926171,0.5667595323838311
2026,08,SWE.15.6_1,0.048819956299597005,0.4823824109896092
2026,08,SWE.15.7_1,0.05035928783472076,0.5428792150081079
2026,08,SWE.15.8_1,0.05043005337679963,0.546063257324871
2026,08,SWE.15.9_1,0.05006621000980004,0.5301430457410556
2026,08,SWE.16.1_1,0.0491320715143638,0.49352655909828
2026,08,SWE.16.2_1,0.048865359099248204,0.48397443214799074
2026,08,SWE.16.3_1,0.04868210294483532,0.47760634751446457
2026,08,SWE.16.4_1,0.049514064778928724,0.507854749523714
2026,08,SWE.16.5_1,0.050287525045012965,0.5396951726913448
2026,08,SWE.16.6_1,0.04877427985491362,0.4807903898312276
2026,08,SWE.16.7_1,0.049514064778928724,0.507854749523714
2026,08,SWE.17.10_1,0.050897831255658534,0.5683515535422127
2026,08,SWE.17.11_1,0.050991867824992106,0.5731276170173574
2026,08,SWE.17.12_1,0.05080162133682958,0.5635754900670682
2026,08,SWE.17.13_1,0.052064929005537545,0.6384004845110008
2026,08,SWE.17.14_1,0.05123209688184537,0.5858637862844097
2026,08,SWE.17.15_1,0.051346515286048326,0.5922318709179359
2026,08,SWE.17.16_1,0.0504650634932955,0.5476552784832526
2026,08,SWE.17.1_1,0.05111388984412959,0.5794957016508835
2026,08,SWE.17.2_1,0.050669939241386894,0.5572074054335419
2026,08,SWE.17.3_1,0.051429858041199025,0.5970079343930806
2026,08,SWE.17.4_1,0.051083743047143124,0.577903680492502
2026,08,SWE.17.5_1,0.05131826446920053,0.5906398497595544
2026,08,SWE.17.6_1,0.05056860940561389,0.5524313419583972
2026,08,SWE.17.7_1,0.049835760664711536,0.5205909187907662
2026,08,SWE.17.8_1,0.051402311689494384,0.595415913234699
2026,08,SWE.17.9_1,0.05086600336926171,0.5667595323838311
2026,08,SWE.18.10_1,0.0515902337210462,0.6065600613433699
2026,08,SWE.18.11_1,0.05239734917711435,0.6654648442034872
2026,08,SWE.18.14_1,0.05224895601103845,0.6527286749364346
2026,08,SWE.18.15_1,0.051742261057465135,0.6161121882936592
2026,08,SWE.18.1_1,0.05239734917711435,0.6654648442034872
2026,08,SWE.18.2_1,0.051839011083666106,0.6224802729271853
2026,08,SWE.18.4_1,0.05176679252595321,0.6177042094520407
2026,08,SWE.18.5_1,0.05218963197104452,0.6479526114612901
2026,08,SWE.18.6_1,0.05239734917711435,0.6654648442034872
2026,08,SWE.18.7_1,0.05161614931423739,0.6081520825017512
2026,08,SWE.19.1_1,0.051641833369293885,0.609744103660133
2026,08,SWE.19.3_1,0.05210739615153474,0.641584526827764
2026,08,SWE.19.4_1,0.05204335716778072,0.6368084633526195
2026,08,SWE.19.5_1,0.052169409655140477,0.6463605903029086
2026,08,SWE.19.6_1,0.052064929005537545,0.6384004845110008
2026,08,SWE.19.7_1,0.051742261057465135,0.6161121882936592
2026,08,SWE.2.10_1,0.051173468563355404,0.5826797439676467
2026,08,SWE.2.11_1,0.05049982586358712,0.5492472996416341
2026,08,SWE.2.12_1,0.05021476073212452,0.5365111303745819
2026,08,SWE.2.13_1,0.049835760664711536,0.5205909187907662
2026,08,SWE.2.14_1,0.05073626788046841,0.5603914477503049
2026,08,SWE.2.2_1,0.05043005337679963,0.546063257324871
2026,08,SWE.2.3_1,0.0499904146199507,0.5269590034242924
2026,08,SWE.2.4_1,0.05002843945969729,0.5285510245826741
2026,08,SWE.2.5_1,0.049796455551638814,0.5189988976323848
2026,08,SWE.2.7_1,0.050669939241386894,0.5572074054335419
2026,08,SWE.2.8_1,0.05002843945969729,0.5285510245826741
2026,08,SWE.2.9_1,0.05120290131740937,0.5842717651260282
2026,08,SWE.20.10_1,0.04947267920788396,0.5062627283653325
2026,08,SWE.20.11_1,0.0491320715143638,0.49352655909828
2026,08,SWE.20.1_1,0.05021476073212452,0.5365111303745819
2026,08,SWE.20.2_1,0.049514064778928724,0.507854749523714
2026,08,SWE.20.3_1,0.049175579728357045,0.4951185802566614
2026,08,SWE.20.4_1,0.049261793608223935,0.4983026225734245
2026,08,SWE.20.5_1,0.04947267920788396,0.5062627283653325
2026,08,SWE.20.6_1,0.048728328995678624,0.4791983686728461
2026,08,SWE.20.7_1,0.050251268349478156,0.5381031515329634
2026,08,SWE.20.8_1,0.04934694209044428,0.5014866648901878
2026,08,SWE.20.9_1,0.050140990535841826,0.5333270880578186
2026,08,SWE.21.10_1,0.05102273246650329,0.5747196381757389
2026,08,SWE.21.11_1,0.052379577121799636,0.6638728230451056
2026,08,SWE.21.12_1,0.05161614931423739,0.6081520825017512
2026,08,SWE.21.13_1,0.051346515286048326,0.5922318709179359
2026,08,SWE.21.14_1,0.05193210400246335,0.6288483575607116
2026,08,SWE.21.15_1,0.0515902337210462,0.6065600613433699
2026,08,SWE.21.16_1,0.05179109447179203,0.6192962306104223
2026,08,SWE.21.17_1,0.050769066269798976,0.5619834689086867
2026,08,SWE.21.18_1,0.051346515286048326,0.5922318709179359
2026,08,SWE.21.19_1,0.051346515286048326,0.5922318709179359
2026,08,SWE.21.1_1,0.05220963029801178,0.6495446326196715
2026,08,SWE.21.20_1,0.05244933821533736,0.6702409076786319
2026,08,SWE.21.21_1,0.05212829201092069,0.6431765479861455
2026,08,SWE.21.22_1,0.052086275241035686,0.6399925056693825
2026,08,SWE.21.23_1,0.051692508242402166,0.6129281459768963
2026,08,SWE.21.24_1,0.0519995355594703,0.6336244210358563
2026,08,SWE.21.25_1,0.050769066269798976,0.5619834689086867
2026,08,SWE.21.26_1,0.051692508242402166,0.6129281459768963
2026,08,SWE.21.27_1,0.051511094202399514,0.6017839978682255
2026,08,SWE.21.28_1,0.0515902337210462,0.6065600613433699
2026,08,SWE.21.29_1,0.05083393354904563,0.5651675112254496
2026,08,SWE.21.2_1,0.05148424892712485,0.6001919767098438
2026,08,SWE.21.30_1,0.052379577121799636,0.6638728230451056
2026,08,SWE.21.32_1,0.05202155944711298,0.6352164421942378
2026,08,SWE.21.33_1,0.05218963197104452,0.6479526114612901
2026,08,SWE.21.34_1,0.05105335739684572,0.5763116593341204
2026,08,SWE.21.35_1,0.050669939241386894,0.5572074054335419
2026,08,SWE.21.36_1,0.05234336809972344,0.6606887807283424
2026,08,SWE.21.37_1,0.05220963029801178,0.6495446326196715
2026,08,SWE.21.38_1,0.051429858041199025,0.5970079343930806
2026,08,SWE.21.39_1,0.05105335739684572,0.5763116593341204
2026,08,SWE.21.3_1,0.050897831255658534,0.5683515535422127
2026,08,SWE.21.40_1,0.05181516721792836,0.6208882517688037
2026,08,SWE.21.41_1,0.051429858041199025,0.5970079343930806
2026,08,SWE.21.42_1,0.051083743047143124,0.577903680492502
2026,08,SWE.21.43_1,0.05239734917711435,0.6654648442034872
2026,08,SWE.21.44_1,0.05153770651999937,0.6033760190266068
2026,08,SWE.21.45_1,0.05126105566193509,0.5874558074427912
2026,08,SWE.21.46_1,0.051692508242402166,0.6129281459768963
2026,08,SWE.21.47_1,0.05204335716778072,0.6368084633526195
2026,08,SWE.21.48_1,0.05049982586358712,0.5492472996416341
2026,08,SWE.21.49_1,0.05181516721792836,0.6208882517688037
2026,08,SWE.21.4_1,0.05179109447179203,0.6192962306104223
2026,08,SWE.21.50_1,0.05083393354904563,0.5651675112254496
2026,08,SWE.21.51_1,0.05210739615153474,0.641584526827764
2026,08,SWE.21.5_1,0.05222940489333432,0.6511366537780533
2026,08,SWE.21.6_1,0.051457170329572394,0.5985999555514622
2026,08,SWE.21.7_1,0.05188601343308219,0.6256643152439486
2026,08,SWE.21.8_1,0.051511094202399514,0.6017839978682255
2026,08,SWE.21.9_1,0.05126105566193509,0.5874558074427912
2026,08,SWE.3.10_1,0.04938911853211241,0.5030786860485692
2026,08,SWE.3.1_1,0.05096076303676537,0.5715355958589758
2026,08,SWE.3.2_1,0.049952134909844986,0.525366982265911
2026,08,SWE.3.3_1,0.049913599742985044,0.5237749611075295
2026,08,SWE.3.4_1,0.05179109447179203,0.6192962306104223
2026,08,SWE.3.5_1,0.05123209688184537,0.5858637862844097
2026,08,SWE.3.6_1,0.05179109447179203,0.6192962306104223
2026,08,SWE.3.7_1,0.049835760664711536,0.5205909187907662
2026,08,SWE.3.8_1,0.050251268349478156,0.5381031515329634
2026,08,SWE.3.9_1,0.05114379821018257,0.5810877228092651
2026,08,SWE.4.1_1,0.05186262638468887,0.624072294085567
2026,08,SWE.5.1_1,0.05153770651999937,0.6033760190266068
2026,08,SWE.5.2_1,0.05241489989681487,0.6670568653618686
2026,08,SWE.5.3_1,0.050669939241386894,0.5572074054335419
2026,08,SWE.5.4_1,0.05188601343308219,0.6256643152439486
2026,08,SWE.5.5_1,0.051692508242402166,0.6129281459768963
2026,08,SWE.5.6_1,0.05193210400246335,0.6288483575607116
2026,08,SWE.6.1_1,0.052679601332160875,0.6941212250543549
2026,08,SWE.6.2_1,0.05226828390190169,0.6543206960948162
2026,08,SWE.6.3_1,0.05230627099007242,0.6575047384115795
2026,08,SWE.6.4_1,0.05153770651999937,0.6033760190266068
2026,08,SWE.6.5_1,0.05248289381845982,0.6734249499953949
2026,08,SWE.6.6_1,0.052757950634407226,0.7036733520046442
2026,08,SWE.6.7_1,0.052086275241035686,0.6399925056693825
2026,08,SWE.6.8_1,0.05266578179272867,0.6925292038959736
2026,08,SWE.7.10_1,0.05053434099894533,0.5508393208000156
2026,08,SWE.7.11_1,0.05056860940561389,0.5524313419583972
2026,08,SWE.7.1_1,0.05049982586358712,0.5492472996416341
2026,08,SWE.7.2_1,0.05049982586358712,0.5492472996416341
2026,08,SWE.7.3_1,0.051742261057465135,0.6161121882936592
2026,08,SWE.7.4_1,0.05053434099894533,0.5508393208000156
2026,08,SWE.7.5_1,0.05073626788046841,0.5603914477503049
2026,08,SWE.7.6_1,0.05049982586358712,0.5492472996416341
2026,08,SWE.7.7_1,0.050669939241386894,0.5572074054335419
2026,08,SWE.7.8_1,0.05120290131740937,0.5842717651260282
2026,08,SWE.7.9_1,0.050287525045012965,0.5396951726913448
2026,08,SWE.8.10_1,0.051692508242402166,0.6129281459768963
2026,08,SWE.8.11_1,0.05063640803297186,0.5556153842751603
2026,08,SWE.8.12_1,0.049913599742985044,0.5237749611075295
2026,08,SWE.8.1_1,0.05197728521735732,0.6320323998774745
2026,08,SWE.8.2_1,0.05043005337679963,0.546063257324871
2026,08,SWE.8.3_1,0.05080162133682958,0.5635754900670682
2026,08,SWE.8.4_1,0.049756892578386155,0.5174068764740031
2026,08,SWE.8.5_1,0.05123209688184537,0.5858637862844097
2026,08,SWE.8.6_1,0.04955518805263981,0.5094467706820953
2026,08,SWE.8.7_1,0.051564086240614065,0.6049680401849883
2026,08,SWE.8.8_1,0.05086600336926171,0.5667595323838311
2026,08,SWE.8.9_1,0.05002843945969729,0.5285510245826741
2026,08,SWE.9.1_1,0.05102273246650329,0.5747196381757389
2026,08,SWE.9.2_1,0.05039479499775907,0.5444712361664896
2026,08,SWE.9.3_1,0.05126105566193509,0.5874558074427912
2026,08,SWE.9.4_1,0.05032353136107536,0.5412871938497263
2026,08,SWE.9.5_1,0.051374530897953394,0.5938238920763175
2026,08,SWE.9.6_1,0.05123209688184537,0.5858637862844097
2026,08,SWE.9.7_1,0.050769066269798976,0.5619834689086867
2026,08,SWE.9.8_1,0.05148424892712485,0.6001919767098438
2026,08,TUR.1.10_1,0.050287525045012965,0.5396951726913448
2026,08,TUR.1.11_1,0.04364291410096731,0.3422845490520328
2026,08,TUR.1.12_1,0.05161614931423739,0.6081520825017512
2026,08,TUR.1.13_1,0.05105335739684572,0.5763116593341204
2026,08,TUR.1.1_1,0.04556283717816291,0.3868611414867162
2026,08,TUR.1.2_1,0.05086600336926171,0.5667595323838311
2026,08,TUR.1.3_1,0.04349475120062014,0.33910050673526954
2026,08,TUR.1.4_1,0.04959604968147997,0.5110387918404771
2026,08,TUR.1.5_1,0.048204530393412735,0.46168613593064906
2026,08,TUR.1.6_1,0.051641833369293885,0.609744103660133
2026,08,TUR.1.7_1,0.04738089660732755,0.43621379739654426
2026,08,TUR.1.8_1,0.03990462095572754,0.2706435969248633
2026,08,TUR.1.9_1,0.04133599134297145,0.29611593545896786
2026,08,TUR.10.1_1,0.05212829201092069,0.6431765479861455
2026,08,TUR.10.2_1,0.05288133947293481,0.870835573634707
2026,08,TUR.10.3_1,0.05309262116585377,0.8198908965664974
2026,08,TUR.10.4_1,0.05303902854604096,0.8389951504670762
2026,08,TUR.10.5_1,0.05305009177389525,0.7562100502312353
2026,08,TUR.10.6_1,0.05307816499603703,0.7657621771815247
2026,08,TUR.10.7_1,0.05256293193116936,0.6813850557873027
2026,08,TUR.10.8_1,0.0519995355594703,0.6336244210358563
2026,08,TUR.14.4_1,0.035133281549897186,0.19900264479769353
2026,08,TUR.14.6_1,0.035133281549897186,0.19900264479769353
2026,08,TUR.15.3_1,0.04738089660732755,0.43621379739654426
2026,08,TUR.16.2_1,0.04895534680431426,0.48715847446475385
2026,08,TUR.16.5_1,0.049218820191286906,0.49671060141504314
2026,08,TUR.17.3_1,0.03874755222166219,0.25153934302428466
2026,08,TUR.17.8_1,0.041076767151203744,0.2913398719838234
2026,08,TUR.18.1_1,0.04150654863377774,0.29929997777573114
2026,08,TUR.18.2_1,0.039997698602260115,0.2722356180832448
2026,08,TUR.18.3_1,0.035372737023334884,0.20218668711445664
2026,08,TUR.18.4_1,0.03793278901144772,0.23880317375723228
2026,08,TUR.18.5_1,0.03560931469263098,0.20537072943121973
2026,08,TUR.18.6_1,0.034521657711196384,0.19104253900578577
2026,08,TUR.18.7_1,0.039141656345345104,0.2579074276578109
2026,08,TUR.19.3_1,0.04987480852724417,0.5221829399491479
2026,08,TUR.2.1_1,0.035958909375493724,0.21014679290636437
2026,08,TUR.2.2_1,0.03772335738887836,0.23561913144046917
2026,08,TUR.2.3_1,0.03584307154157968,0.20855477174798281
2026,08,TUR.2.4_1,0.03813988709978218,0.24198721607399537
2026,08,TUR.2.5_1,0.03337121760495281,0.17671434858035184
2026,08,TUR.2.6_1,0.03697139360778852,0.22447498333179833
2026,08,TUR.2.7_1,0.03824257293246462,0.24357923723237693
2026,08,TUR.2.8_1,0.03641547745098981,0.21651487753989057
2026,08,TUR.2.9_1,0.03363262110512166,0.17989839089711493
2026,08,TUR.20.2_1,0.04150654863377774,0.29929997777573114
2026,08,TUR.20.3_1,0.04142149400202496,0.2977079566173496
2026,08,TUR.20.4_1,0.04159115798690046,0.3008919989341125
2026,08,TUR.20.8_1,0.041076767151203744,0.2913398719838234
2026,08,TUR.21.14_1,0.049514064778928724,0.507854749523714
2026,08,TUR.21.6_1,0.05017800164526834,0.5349191092162003
2026,08,TUR.26.13_1,0.0327025316808503,0.1687542427884441
2026,08,TUR.26.4_1,0.034271647262983915,0.1878584966890225
2026,08,TUR.27.1_1,0.05244933821533736,0.6702409076786319
2026,08,TUR.28.3_1,0.044220395646106976,0.3550207183190852
2026,08,TUR.28.5_1,0,0
2026,08,TUR.28.6_1,0.04371642002093581,0.3438765702104142
2026,08,TUR.28.7_1,0.04600026346131408,0.39800528959538706
2026,08,TUR.28.9_1,0.04537034691538987,0.38208507801157154
2026,08,TUR.30.8_1,0.04319376566658885,0.3327324221017437
2026,08,TUR.31.10_1,0.047698524728195545,0.44576592434683354
2026,08,TUR.31.11_1,0.0497170711293673,0.5158148553156215
2026,08,TUR.31.12_1,0.050140990535841826,0.5333270880578186
2026,08,TUR.31.13_1,0.05063640803297186,0.5556153842751603
2026,08,TUR.31.14_1,0.04699669320242809,0.4250696492878734
2026,08,TUR.31.15_1,0.050669939241386894,0.5572074054335419
2026,08,TUR.31.16_1,0.05043005337679963,0.546063257324871
2026,08,TUR.31.17_1,0.04543484933743066,0.38367709916995313
2026,08,TUR.31.18_1,0.05006621000980004,0.5301430457410556
2026,08,TUR.31.19_1,0.05102273246650329,0.5747196381757389
2026,08,TUR.31.1_1,0.0440066515777403,0.3502446548439406
2026,08,TUR.31.2_1,0.044220395646106976,0.3550207183190852
2026,08,TUR.31.3_1,0.040724689059896575,0.2849717873502972
2026,08,TUR.31.4_1,0.04671308068975393,0.41710954349596563
2026,08,TUR.31.5_1,0.0483022918419774,0.46487017824741195
2026,08,TUR.31.6_1,0.050669939241386894,0.5572074054335419
2026,08,TUR.31.7_1,0.038945682355868254,0.25472338534104777
2026,08,TUR.31.8_1,0.04280862716454913,0.3247723163098356
2026,08,TUR.31.9_1,0.04630286987281288,0.4059653953872948
2026,08,TUR.33.1_1,0.03337121760495281,0.17671434858035184
2026,08,TUR.33.2_1,0.04754104417704476,0.4409898608716889
2026,08,TUR.33.3_1,0,0
2026,08,TUR.33.4_1,0.03729733586451697,0.22925104680694297
2026,08,TUR.33.6_1,0,0
2026,08,TUR.34.10_1,0.0531059046160268,0.7800903676069586
2026,08,TUR.34.11_1,0.05307816499603703,0.7657621771815247
2026,08,TUR.34.12_1,0.05307401875027856,0.8278510023584051
2026,08,TUR.34.13_1,0.05310792340956328,0.8103387696162082
2026,08,TUR.34.14_1,0.04987480852724417,0.5221829399491479
2026,08,TUR.34.15_1,0.05311610405043516,0.7991946215075372
2026,08,TUR.34.16_1,0.053109729633470465,0.8087467484578266
2026,08,TUR.34.1_1,0.05111388984412959,0.5794957016508835
2026,08,TUR.34.2_1,0.053111323309435736,0.7848664310821033
2026,08,TUR.34.3_1,0.04877427985491362,0.4807903898312276
2026,08,TUR.34.4_1,0.05307401875027856,0.8278510023584051
2026,08,TUR.34.5_1,0.053082098314431114,0.7673541983399063
2026,08,TUR.34.6_1,0.053111323309435736,0.8071547272994449
2026,08,TUR.34.7_1,0.05309570322235519,0.8182988754081159
2026,08,TUR.34.8_1,0.05308932635587022,0.7705382406566693
2026,08,TUR.34.9_1,0.053082098314431114,0.7673541983399063
2026,08,TUR.35.3_1,0.053109729633470465,0.7832744099237218
2026,08,TUR.35.4_1,0.051641833369293885,0.609744103660133
2026,08,TUR.35.5_1,0.049218820191286906,0.49671060141504314
2026,08,TUR.35.6_1,0.05259341103770199,0.6845690981040656
2026,08,TUR.37.10_1,0.04844681708178188,0.4696462417225566
2026,08,TUR.37.11_1,0.052693203074649864,0.6957132462127364
2026,08,TUR.37.12_1,0.051083743047143124,0.577903680492502
2026,08,TUR.37.1_1,0.05063640803297186,0.5556153842751603
2026,08,TUR.37.2_1,0.05073626788046841,0.5603914477503049
2026,08,TUR.37.3_1,0.05148424892712485,0.6001919767098438
2026,08,TUR.37.4_1,0.05006621000980004,0.5301430457410556
2026,08,TUR.37.5_1,0.049261793608223935,0.4983026225734245
2026,08,TUR.37.6_1,0.05131826446920053,0.5906398497595544
2026,08,TUR.37.7_1,0.050140990535841826,0.5333270880578186
2026,08,TUR.37.8_1,0.04732691674675229,0.4346217762381627
2026,08,TUR.37.9_1,0.05096076303676537,0.5715355958589758
2026,08,TUR.38.1_1,0.044430825569473094,0.35979678179422986
2026,08,TUR.38.2_1,0.04159115798690046,0.3008919989341125
2026,08,TUR.38.3_1,0.0461827983480315,0.4027813530705317
2026,08,TUR.38.4_1,0.04810563189492998,0.45850209361388594
2026,08,TUR.39.10_1,0.04371642002093581,0.3438765702104142
2026,08,TUR.4.2_1,0.04364291410096731,0.3422845490520328
2026,08,TUR.4.3_1,0.044637988217937796,0.36457284526937467
2026,08,TUR.4.5_1,0.04450024054800256,0.36138880295261144
2026,08,TUR.4.8_1,0.04009027865217428,0.2738276392416262
2026,08,TUR.40.11_1,0.0504650634932955,0.5476552784832526
2026,08,TUR.40.12_1,0.05131826446920053,0.5906398497595544
2026,08,TUR.40.13_1,0.04955518805263981,0.5094467706820953
2026,08,TUR.40.14_1,0.050287525045012965,0.5396951726913448
2026,08,TUR.40.15_1,0.05114379821018257,0.5810877228092651
2026,08,TUR.40.16_1,0.050769066269798976,0.5619834689086867
2026,08,TUR.40.17_1,0.050140990535841826,0.5333270880578186
2026,08,TUR.40.18_1,0.0491320715143638,0.49352655909828
2026,08,TUR.40.19_1,0.0501037268453455,0.5317350668994371
2026,08,TUR.40.21_1,0.050669939241386894,0.5572074054335419
2026,08,TUR.40.23_1,0.05171749973971528,0.6145201671352777
2026,08,TUR.40.25_1,0.05073626788046841,0.5603914477503049
2026,08,TUR.40.26_1,0.05073626788046841,0.5603914477503049
2026,08,TUR.40.27_1,0.051457170329572394,0.5985999555514622
2026,08,TUR.40.28_1,0.05086600336926171,0.5667595323838311
2026,08,TUR.40.29_1,0.051173468563355404,0.5826797439676467
2026,08,TUR.40.2_1,0.05017800164526834,0.5349191092162003
2026,08,TUR.40.31_1,0.049514064778928724,0.507854749523714
2026,08,TUR.40.33_1,0.051564086240614065,0.6049680401849883
2026,08,TUR.40.34_1,0.050897831255658534,0.5683515535422127
2026,08,TUR.40.35_1,0.051511094202399514,0.6017839978682255
2026,08,TUR.40.36_1,0.051692508242402166,0.6129281459768963
2026,08,TUR.40.37_1,0.05176679252595321,0.6177042094520407
2026,08,TUR.40.39_1,0.050287525045012965,0.5396951726913448
2026,08,TUR.40.3_1,0.050602631584851246,0.5540233631167788
2026,08,TUR.40.4_1,0.05063640803297186,0.5556153842751603
2026,08,TUR.40.5_1,0.05126105566193509,0.5874558074427912
2026,08,TUR.40.6_1,0.05126105566193509,0.5874558074427912
2026,08,TUR.40.7_1,0.050669939241386894,0.5572074054335419
2026,08,TUR.40.8_1,0.04987480852724417,0.5221829399491479
2026,08,TUR.42.2_1,0.04743457712417486,0.4378058185549258
2026,08,TUR.42.6_1,0.04150654863377774,0.29929997777573114
2026,08,TUR.42.8_1,0.03904393683112971,0.2563154064994293
2026,08,TUR.42.9_1,0.040273959669950864,0.2770116815583893
2026,08,TUR.44.6_1,0.043345040420819075,0.33591646441850664
2026,08,TUR.45.1_1,0.05006621000980004,0.5301430457410556
2026,08,TUR.45.2_1,0.05073626788046841,0.5603914477503049
2026,08,TUR.45.3_1,0.04835074833101131,0.46646219940579353
2026,08,TUR.45.4_1,0.04665542564230543,0.4155175223375841
2026,08,TUR.45.5_1,0.051083743047143124,0.577903680492502
2026,08,TUR.45.6_1,0.04899993321178068,0.4887504956231352
2026,08,TUR.45.7_1,0.05035928783472076,0.5428792150081079
2026,08,TUR.47.3_1,0.04125003787061803,0.2945239143005865
2026,08,TUR.48.1_1,0,0
2026,08,TUR.48.2_1,0,0
2026,08,TUR.50.2_1,0.051839011083666106,0.6224802729271853
2026,08,TUR.50.3_1,0.04930450067743372,0.49989464373180625
2026,08,TUR.50.5_1,0.048728328995678624,0.4791983686728461
2026,08,TUR.52.1_1,0.05197728521735732,0.6320323998774745
2026,08,TUR.52.2_1,0.05166728623151182,0.6113361248185145
2026,08,TUR.52.3_1,0.051402311689494384,0.595415913234699
2026,08,TUR.52.4_1,0.051402311689494384,0.595415913234699
2026,08,TUR.52.5_1,0.05086600336926171,0.5667595323838311
2026,08,TUR.52.6_1,0.051457170329572394,0.5985999555514622
2026,08,TUR.52.7_1,0.051839011083666106,0.6224802729271853
2026,08,TUR.53.11_1,0.04386229044539485,0.3470606125271773
2026,08,TUR.53.16_1,0.04249322318749342,0.3184042316763096
2026,08,TUR.53.27_1,0.04116363076094505,0.2929318931422048
2026,08,TUR.55.12_1,0.03560931469263098,0.20537072943121973
2026,08,TUR.55.14_1,0.03675095752698516,0.22129094101503521
2026,08,TUR.55.6_1,0.03904393683112971,0.2563154064994293
2026,08,TUR.57.3_1,0,0
2026,08,TUR.57.5_1,0,0
2026,08,TUR.57.7_1,0,0
2026,08,TUR.58.10_1,0.048204530393412735,0.46168613593064906
2026,08,TUR.58.1_1,0.04738089660732755,0.43621379739654426
2026,08,TUR.58.7_1,0.04844681708178188,0.4696462417225566
2026,08,TUR.59.4_1,0.042572690882333904,0.3199962528346913
2026,08,TUR.60.1_1,0.04054583361073638,0.2817877450335341
2026,08,TUR.60.2_1,0.038846888860369744,0.25313136418266624
2026,08,TUR.60.3_1,0.03708066372100275,0.22606700449017988
2026,08,TUR.60.4_1,0.037404748715945346,0.23084306796532453
2026,08,TUR.60.5_1,0.03630234008633905,0.21492285638150901
2026,08,TUR.60.6_1,0.037404748715945346,0.23084306796532453
2026,08,TUR.62.3_1,0.04296388489868826,0.3279563586265989
2026,08,TUR.62.6_1,0.04125003787061803,0.2945239143005865
2026,08,TUR.63.10_1,0.053116422751202576,0.7944185580323926
2026,08,TUR.63.14_1,0.05311610405043516,0.7991946215075372
2026,08,TUR.63.15_1,0.05283949434949639,0.7148175001133151
2026,08,TUR.63.7_1,0.053098572562421724,0.775314304131814
2026,08,TUR.64.4_1,0.048398923130838545,0.4680542205641752
2026,08,TUR.64.5_1,0.04904424897846883,0.4903425167815169
2026,08,TUR.64.6_1,0.04854176575735198,0.4728302840393197
2026,08,TUR.64.7_1,0.04858882212193265,0.47442230519770145
2026,08,TUR.65.10_1,0.05298623368060307,0.8517313197341284
2026,08,TUR.65.11_1,0.05311610405043516,0.7991946215075372
2026,08,TUR.65.12_1,0.052782330761501794,0.8851637640601409
2026,08,TUR.65.1_1,0.053103673228617844,0.8135228119329709
2026,08,TUR.65.2_1,0.05311652898436678,0.7960105791907741
2026,08,TUR.65.3_1,0.05311652898436678,0.7960105791907741
2026,08,TUR.65.4_1,0.053111323309435736,0.8071547272994449
2026,08,TUR.65.5_1,0.053103673228617844,0.8135228119329709
2026,08,TUR.65.6_1,0.05310792340956328,0.8103387696162082
2026,08,TUR.65.7_1,0.05280584477488987,0.8819797217433778
2026,08,TUR.65.8_1,0.05311557287824003,0.8007866426659189
2026,08,TUR.65.9_1,0.05311270445659195,0.8055627061410634
2026,08,TUR.66.10_1,0.05063640803297186,0.5556153842751603
2026,08,TUR.66.11_1,0.05212829201092069,0.6431765479861455
2026,08,TUR.66.12_1,0.052828493831095606,0.7132254789549335
2026,08,TUR.66.13_1,0.0504650634932955,0.5476552784832526
2026,08,TUR.66.1_1,0.05188601343308219,0.6256643152439486
2026,08,TUR.66.2_1,0.052148963089724484,0.6447685691445271
2026,08,TUR.66.3_1,0.05053434099894533,0.5508393208000156
2026,08,TUR.66.4_1,0.0527454354045705,0.7020813308462627
2026,08,TUR.66.5_1,0.051511094202399514,0.6017839978682255
2026,08,TUR.66.6_1,0.05283949434949639,0.7148175001133151
2026,08,TUR.66.7_1,0.05241489989681487,0.6670568653618686
2026,08,TUR.66.8_1,0.052891262156182985,0.722777605905223
2026,08,TUR.66.9_1,0.05176679252595321,0.6177042094520407
2026,08,TUR.68.10_1,0.03560931469263098,0.20537072943121973
2026,08,TUR.68.11_1,0.03310638673689273,0.17353030626358873
2026,08,TUR.68.1_1,0.035491381970318106,0.20377870827283817
2026,08,TUR.68.2_1,0.03641547745098981,0.21651487753989057
2026,08,TUR.68.3_1,0.035133281549897186,0.19900264479769353
2026,08,TUR.68.4_1,0.03256610735628939,0.16716222163006253
2026,08,TUR.68.5_1,0.03584307154157968,0.20855477174798281
2026,08,TUR.68.6_1,0.035491381970318106,0.20377870827283817
2026,08,TUR.68.7_1,0.03525337266072257,0.20059466595607509
2026,08,TUR.68.8_1,0.03401847259074014,0.1846744543722594
2026,08,TUR.68.9_1,0.03363262110512166,0.17989839089711493
2026,08,TUR.69.2_1,0.03439704368236178,0.18945051784740424
2026,08,TUR.69.6_1,0.036861493427271116,0.22288296217341677
2026,08,TUR.69.7_1,0.03560931469263098,0.20537072943121973
2026,08,TUR.71.2_1,0,0
2026,08,TUR.71.4_1,0,0
2026,08,TUR.72.11_1,0.05035928783472076,0.5428792150081079
2026,08,TUR.72.14_1,0.049796455551638814,0.5189988976323848
2026,08,TUR.73.1_1,0.051742261057465135,0.6161121882936592
2026,08,TUR.73.2_1,0.050140990535841826,0.5333270880578186
2026,08,TUR.73.5_1,0.050602631584851246,0.5540233631167788
2026,08,TUR.73.8_1,0.050703225696644295,0.5587994265919234
2026,08,TUR.75.10_1,0.05308932635587022,0.8214829177248789
2026,08,TUR.75.11_1,0.05307816499603703,0.8262589812000236
2026,08,TUR.75.12_1,0.053109729633470465,0.7832744099237218
2026,08,TUR.75.13_1,0.05303902854604096,0.8389951504670762
2026,08,TUR.75.14_1,0.0531059046160268,0.8119307907745896
2026,08,TUR.75.15_1,0.053044666825476754,0.8374031293086944
2026,08,TUR.75.16_1,0.05308932635587022,0.7705382406566693
2026,08,TUR.75.17_1,0.05306508727446011,0.7609861137063798
2026,08,TUR.75.18_1,0.053109729633470465,0.8087467484578266
2026,08,TUR.75.1_1,0.05311557287824003,0.7912345157156293
2026,08,TUR.75.2_1,0.05309262116585377,0.8198908965664974
2026,08,TUR.75.3_1,0.05307816499603703,0.8262589812000236
2026,08,TUR.75.4_1,0.053044666825476754,0.7546180290728538
2026,08,TUR.75.5_1,0.053082098314431114,0.7673541983399063
2026,08,TUR.75.6_1,0.05305530345673628,0.757802071389617
2026,08,TUR.75.7_1,0.05309570322235519,0.8182988754081159
2026,08,TUR.75.8_1,0.053101229220535943,0.8151148330913527
2026,08,TUR.75.9_1,0.052900969646795366,0.8676515313179438
2026,08,TUR.78.6_1,0.04125003787061803,0.2945239143005865
2026,08,TUR.78.7_1,0.040182364544853626,0.2754196604000079
2026,08,TUR.78.9_1,0.03990462095572754,0.2706435969248633
2026,08,TUR.79.1_1,0.05043005337679963,0.546063257324871
2026,08,TUR.8.10_1,0.046539173797603216,0.412333480020821
2026,08,TUR.8.11_1,0.04150654863377774,0.29929997777573114
2026,08,TUR.8.12_1,0.0440066515777403,0.3502446548439406
2026,08,TUR.8.13_1,0.043934658739576096,0.34865263368555904
2026,08,TUR.8.14_1,0.0408134080977724,0.2865638085086786
2026,08,TUR.8.15_1,0.04241334051729821,0.3168122105179282
2026,08,TUR.8.1_1,0.04470632424405152,0.36616486642775586
2026,08,TUR.8.2_1,0.048005589319064845,0.45531805129712283
2026,08,TUR.8.3_1,0.042730390594849225,0.3231802951514544
2026,08,TUR.8.4_1,0.043040910447353406,0.3295483797849804
2026,08,TUR.8.5_1,0.04904424897846883,0.4903425167815169
2026,08,TUR.8.6_1,0.04648057464495373,0.41074145886243946
2026,08,TUR.8.7_1,0.04517478819424583,0.3773090145364269
2026,08,TUR.8.8_1,0.04543484933743066,0.38367709916995313
2026,08,TUR.8.9_1,0.04364291410096731,0.3422845490520328
2026,08,TUR.9.1_1,0,0
2026,08,TUR.9.2_1,0,0
2026,08,TUR.9.3_1,0.052064929005537545,0.6384004845110008
2026,08,TUR.9.4_1,0.0525782810136782,0.6829770769456843
2026,08,TUR.9.5_1,0.05218963197104452,0.6479526114612901
2026,08,TUR.9.6_1,0.05291973952118163,0.7275536693803677
2026,08,UKR.1.10_1,0,0
2026,08,UKR.1.11_1,0,0
2026,08,UKR.1.12_1,0.04642165841459676,0.40914943770405793
2026,08,UKR.1.13_1,0.04659745706877908,0.41392550117920257
2026,08,UKR.1.14_1,0,0
2026,08,UKR.1.15_1,0.04868210294483532,0.47760634751446457
2026,08,UKR.1.16_1,0,0
2026,08,UKR.1.17_1,0,0
2026,08,UKR.1.18_1,0,0
2026,08,UKR.1.19_1,0,0
2026,08,UKR.1.1_1,0,0
2026,08,UKR.1.20_1,0,0
2026,08,UKR.1.21_1,0.04775043014811539,0.44735794550521507
2026,08,UKR.1.22_1,0,0
2026,08,UKR.1.23_1,0,0
2026,08,UKR.1.2_1,0,0
2026,08,UKR.1.3_1,0,0
2026,08,UKR.1.4_1,0,0
2026,08,UKR.1.5_1,0,0
2026,08,UKR.1.6_1,0,0
2026,08,UKR.1.7_1,0,0
2026,08,UKR.1.8_1,0,0
2026,08,UKR.1.9_1,0.044841928874410235,0.36934890874451914
2026,08,UKR.10.10_1,0,0
2026,08,UKR.10.11_1,0,0
2026,08,UKR.10.12_1,0,0
2026,08,UKR.10.13_1,0,0
2026,08,UKR.10.14_1,0,0
2026,08,UKR.10.15_1,0,0
2026,08,UKR.10.16_1,0,0
2026,08,UKR.10.17_1,0,0
2026,08,UKR.10.18_1,0,0
2026,08,UKR.10.19_1,0,0
2026,08,UKR.10.1_1,0,0
2026,08,UKR.10.20_1,0,0
2026,08,UKR.10.21_1,0,0
2026,08,UKR.10.22_1,0,0
2026,08,UKR.10.23_1,0,0
2026,08,UKR.10.2_1,0,0
2026,08,UKR.10.3_1,0,0
2026,08,UKR.10.4_1,0,0
2026,08,UKR.10.5_1,0,0
2026,08,UKR.10.6_1,0,0
2026,08,UKR.10.7_1,0,0
2026,08,UKR.10.8_1,0,0
2026,08,UKR.10.9_1,0,0
2026,08,UKR.11.10_1,0.048398923130838545,0.4680542205641752
2026,08,UKR.11.2_1,0.04738089660732755,0.43621379739654426
2026,08,UKR.11.3_1,0.04738089660732755,0.43621379739654426
2026,08,UKR.11.4_1,0.04759383271289589,0.44258188203007043
2026,08,UKR.11.5_1,0.04854176575735198,0.4728302840393197
2026,08,UKR.11.6_1,0.04694058862995259,0.42347762812949186
2026,08,UKR.11.7_1,0.04854176575735198,0.4728302840393197
2026,08,UKR.11.8_1,0.047646325904914286,0.444173903188452
2026,08,UKR.11.9_1,0.047646325904914286,0.444173903188452
2026,08,UKR.12.10_1,0.04775043014811539,0.44735794550521507
2026,08,UKR.12.11_1,0.04671308068975393,0.41710954349596563
2026,08,UKR.12.12_1,0.0483022918419774,0.46487017824741195
2026,08,UKR.12.13_1,0.048865359099248204,0.48397443214799074
2026,08,UKR.12.14_1,0.04593876600154827,0.39641326843700553
2026,08,UKR.12.15_1,0.04754104417704476,0.4409898608716889
2026,08,UKR.12.16_1,0.048728328995678624,0.4791983686728461
2026,08,UKR.12.17_1,0.04537034691538987,0.38208507801157154
2026,08,UKR.12.18_1,0.04624299510541459,0.4043733742289133
2026,08,UKR.12.19_1,0.04470632424405152,0.36616486642775586
2026,08,UKR.12.1_1,0.04659745706877908,0.41392550117920257
2026,08,UKR.12.20_1,0.04581478446351981,0.3932292261202424
2026,08,UKR.12.21_1,0.04780204312044206,0.44894996666359666
2026,08,UKR.12.22_1,0.04612227833992239,0.40118933191215017
2026,08,UKR.12.23_1,0.04716317079588728,0.42984571276301803
2026,08,UKR.12.24_1,0.04682745483236697,0.42029358581272874
2026,08,UKR.12.25_1,0.04710798320094961,0.4282536916046365
2026,08,UKR.12.26_1,0.04759383271289589,0.44258188203007043
2026,08,UKR.12.27_1,0.04665542564230543,0.4155175223375841
2026,08,UKR.12.28_1,0.04748795931243111,0.43939783971330737
2026,08,UKR.12.29_1,0.04844681708178188,0.4696462417225566
2026,08,UKR.12.2_1,0.04682745483236697,0.42029358581272874
2026,08,UKR.12.30_1,0.04612227833992239,0.40118933191215017
2026,08,UKR.12.3_1,0.04754104417704476,0.4409898608716889
2026,08,UKR.12.4_1,0.04524031781788012,0.3789010356948085
2026,08,UKR.12.5_1,0.048204530393412735,0.46168613593064906
2026,08,UKR.12.6_1,0.047955136767743684,0.4537260301387413
2026,08,UKR.12.7_1,0.04600026346131408,0.39800528959538706
2026,08,UKR.12.8_1,0.04721805488219425,0.4314377339213996
2026,08,UKR.12.9_1,0.048494431015955186,0.47123826288093834
2026,08,UKR.13.10_1,0,0
2026,08,UKR.13.11_1,0,0
2026,08,UKR.13.12_1,0,0
2026,08,UKR.13.13_1,0,0
2026,08,UKR.13.14_1,0,0
2026,08,UKR.13.15_1,0,0
2026,08,UKR.13.16_1,0,0
2026,08,UKR.13.17_1,0,0
2026,08,UKR.13.18_1,0,0
2026,08,UKR.13.19_1,0,0
2026,08,UKR.13.1_1,0,0
2026,08,UKR.13.20_1,0,0
2026,08,UKR.13.21_1,0,0
2026,08,UKR.13.2_1,0,0
2026,08,UKR.13.3_1,0,0
2026,08,UKR.13.4_1,0,0
2026,08,UKR.13.5_1,0,0
2026,08,UKR.13.6_1,0,0
2026,08,UKR.13.7_1,0,0
2026,08,UKR.13.8_1,0,0
2026,08,UKR.13.9_1,0,0
2026,08,UKR.14.10_1,0,0
2026,08,UKR.14.11_1,0,0
2026,08,UKR.14.12_1,0,0
2026,08,UKR.14.13_1,0,0
2026,08,UKR.14.14_1,0,0
2026,08,UKR.14.15_1,0,0
2026,08,UKR.14.16_1,0,0
2026,08,UKR.14.17_1,0,0
2026,08,UKR.14.18_1,0,0
2026,08,UKR.14.19_1,0,0
2026,08,UKR.14.1_1,0,0
2026,08,UKR.14.20_1,0,0
2026,08,UKR.14.21_1,0,0
2026,08,UKR.14.22_1,0,0
2026,08,UKR.14.23_1,0,0
2026,08,UKR.14.24_1,0,0
2026,08,UKR.14.25_1,0,0
2026,08,UKR.14.2_1,0,0
2026,08,UKR.14.3_1,0,0
2026,08,UKR.14.4_1,0,0
2026,08,UKR.14.5_1,0,0
2026,08,UKR.14.6_1,0,0
2026,08,UKR.14.7_1,0,0
2026,08,UKR.14.8_1,0,0
2026,08,UKR.14.9_1,0,0
2026,08,UKR.15.10_1,0,0
2026,08,UKR.15.11_1,0,0
2026,08,UKR.15.12_1,0,0
2026,08,UKR.15.13_1,0,0
2026,08,UKR.15.14_1,0,0
2026,08,UKR.15.15_1,0,0
2026,08,UKR.15.16_1,0,0
2026,08,UKR.15.17_1,0,0
2026,08,UKR.15.18_1,0,0
2026,08,UKR.15.19_1,0,0
2026,08,UKR.15.1_1,0,0
2026,08,UKR.15.20_1,0,0
2026,08,UKR.15.21_1,0,0
2026,08,UKR.15.22_1,0,0
2026,08,UKR.15.23_1,0,0
2026,08,UKR.15.24_1,0,0
2026,08,UKR.15.25_1,0,0
2026,08,UKR.15.26_1,0,0
2026,08,UKR.15.27_1,0,0
2026,08,UKR.15.28_1,0,0
2026,08,UKR.15.29_1,0,0
2026,08,UKR.15.2_1,0,0
2026,08,UKR.15.30_1,0,0
2026,08,UKR.15.31_1,0,0
2026,08,UKR.15.32_1,0,0
2026,08,UKR.15.3_1,0,0
2026,08,UKR.15.4_1,0,0
2026,08,UKR.15.5_1,0,0
2026,08,UKR.15.6_1,0,0
2026,08,UKR.15.7_1,0,0
2026,08,UKR.15.8_1,0,0
2026,08,UKR.15.9_1,0,0
2026,08,UKR.16.10_1,0,0
2026,08,UKR.16.11_1,0,0
2026,08,UKR.16.12_1,0,0
2026,08,UKR.16.13_1,0,0
2026,08,UKR.16.14_1,0,0
2026,08,UKR.16.15_1,0,0
2026,08,UKR.16.16_1,0,0
2026,08,UKR.16.17_1,0,0
2026,08,UKR.16.18_1,0,0
2026,08,UKR.16.19_1,0,0
2026,08,UKR.16.1_1,0,0
2026,08,UKR.16.20_1,0,0
2026,08,UKR.16.21_1,0,0
2026,08,UKR.16.22_1,0,0
2026,08,UKR.16.2_1,0,0
2026,08,UKR.16.3_1,0,0
2026,08,UKR.16.4_1,0,0
2026,08,UKR.16.5_1,0,0
2026,08,UKR.16.6_1,0,0
2026,08,UKR.16.7_1,0,0
2026,08,UKR.16.8_1,0,0
2026,08,UKR.16.9_1,0,0
2026,08,UKR.17.10_1,0,0
2026,08,UKR.17.11_1,0.04754104417704476,0.4409898608716889
2026,08,UKR.17.12_1,0.04895534680431426,0.48715847446475385
2026,08,UKR.17.13_1,0,0
2026,08,UKR.17.14_1,0,0
2026,08,UKR.17.15_1,0,0
2026,08,UKR.17.16_1,0,0
2026,08,UKR.17.17_1,0,0
2026,08,UKR.17.18_1,0,0
2026,08,UKR.17.19_1,0,0
2026,08,UKR.17.1_1,0,0
2026,08,UKR.17.20_1,0,0
2026,08,UKR.17.21_1,0,0
2026,08,UKR.17.22_1,0.04759383271289589,0.44258188203007043
2026,08,UKR.17.23_1,0,0
2026,08,UKR.17.24_1,0,0
2026,08,UKR.17.25_1,0,0
2026,08,UKR.17.26_1,0,0
2026,08,UKR.17.27_1,0.04549901228029032,0.3852691203283345
2026,08,UKR.17.28_1,0,0
2026,08,UKR.17.29_1,0,0
2026,08,UKR.17.2_1,0,0
2026,08,UKR.17.3_1,0,0
2026,08,UKR.17.4_1,0,0
2026,08,UKR.17.5_1,0,0
2026,08,UKR.17.6_1,0,0
2026,08,UKR.17.7_1,0,0
2026,08,UKR.17.8_1,0.04524031781788012,0.3789010356948085
2026,08,UKR.17.9_1,0,0
2026,08,UKR.18.10_1,0,0
2026,08,UKR.18.11_1,0,0
2026,08,UKR.18.12_1,0,0
2026,08,UKR.18.13_1,0,0
2026,08,UKR.18.14_1,0,0
2026,08,UKR.18.15_1,0,0
2026,08,UKR.18.16_1,0,0
2026,08,UKR.18.17_1,0,0
2026,08,UKR.18.18_1,0,0
2026,08,UKR.18.19_1,0,0
2026,08,UKR.18.1_1,0,0
2026,08,UKR.18.20_1,0,0
2026,08,UKR.18.21_1,0,0
2026,08,UKR.18.22_1,0,0
2026,08,UKR.18.23_1,0,0
2026,08,UKR.18.24_1,0,0
2026,08,UKR.18.25_1,0,0
2026,08,UKR.18.26_1,0,0
2026,08,UKR.18.27_1,0,0
2026,08,UKR.18.28_1,0,0
2026,08,UKR.18.29_1,0,0
2026,08,UKR.18.2_1,0,0
2026,08,UKR.18.3_1,0,0
2026,08,UKR.18.4_1,0,0
2026,08,UKR.18.5_1,0,0
2026,08,UKR.18.6_1,0,0
2026,08,UKR.18.7_1,0,0
2026,08,UKR.18.8_1,0,0
2026,08,UKR.18.9_1,0,0
2026,08,UKR.19.10_1,0,0
2026,08,UKR.19.11_1,0,0
2026,08,UKR.19.12_1,0,0
2026,08,UKR.19.13_1,0,0
2026,08,UKR.19.14_1,0.04754104417704476,0.4409898608716889
2026,08,UKR.19.15_1,0,0
2026,08,UKR.19.16_1,0,0
2026,08,UKR.19.17_1,0.0491320715143638,0.49352655909828
2026,08,UKR.19.18_1,0,0
2026,08,UKR.19.1_1,0,0
2026,08,UKR.19.2_1,0,0
2026,08,UKR.19.3_1,0,0
2026,08,UKR.19.4_1,0,0
2026,08,UKR.19.5_1,0.047052491029430696,0.42666167044625497
2026,08,UKR.19.6_1,0,0
2026,08,UKR.19.7_1,0,0
2026,08,UKR.19.8_1,0,0
2026,08,UKR.19.9_1,0,0
2026,08,UKR.2.10_1,0.048819956299597005,0.4823824109896092
2026,08,UKR.2.11_1,0,0
2026,08,UKR.2.12_1,0,0
2026,08,UKR.2.13_1,0,0
2026,08,UKR.2.14_1,0,0
2026,08,UKR.2.15_1,0.048253552815115175,0.4632781570890304
2026,08,UKR.2.16_1,0,0
2026,08,UKR.2.17_1,0,0
2026,08,UKR.2.18_1,0.04648057464495373,0.41074145886243946
2026,08,UKR.2.19_1,0,0
2026,08,UKR.2.1_1,0,0
2026,08,UKR.2.20_1,0,0
2026,08,UKR.2.21_1,0,0
2026,08,UKR.2.22_1,0,0
2026,08,UKR.2.23_1,0,0
2026,08,UKR.2.24_1,0,0
2026,08,UKR.2.25_1,0,0
2026,08,UKR.2.2_1,0.04665542564230543,0.4155175223375841
2026,08,UKR.2.3_1,0,0
2026,08,UKR.2.4_1,0,0
2026,08,UKR.2.5_1,0.049514064778928724,0.507854749523714
2026,08,UKR.2.6_1,0,0
2026,08,UKR.2.7_1,0,0
2026,08,UKR.2.8_1,0,0
2026,08,UKR.2.9_1,0,0
2026,08,UKR.20.1_1,0.04785336459144693,0.450541987821978
2026,08,UKR.20.2_1,0.049261793608223935,0.4983026225734245
2026,08,UKR.20.3_1,0.04790439549801333,0.45213400898035977
2026,08,UKR.20.4_1,0.04780204312044206,0.44894996666359666
2026,08,UKR.21.10_1,0,0
2026,08,UKR.21.11_1,0,0
2026,08,UKR.21.12_1,0,0
2026,08,UKR.21.13_1,0,0
2026,08,UKR.21.14_1,0.048819956299597005,0.4823824109896092
2026,08,UKR.21.15_1,0,0
2026,08,UKR.21.16_1,0,0
2026,08,UKR.21.17_1,0,0
2026,08,UKR.21.18_1,0,0
2026,08,UKR.21.19_1,0,0
2026,08,UKR.21.1_1,0.04677042337059844,0.4187015646543472
2026,08,UKR.21.20_1,0,0
2026,08,UKR.21.21_1,0.04665542564230543,0.4155175223375841
2026,08,UKR.21.22_1,0,0
2026,08,UKR.21.23_1,0,0
2026,08,UKR.21.2_1,0,0
2026,08,UKR.21.3_1,0.050140990535841826,0.5333270880578186
2026,08,UKR.21.4_1,0,0
2026,08,UKR.21.5_1,0,0
2026,08,UKR.21.6_1,0,0
2026,08,UKR.21.7_1,0.04748795931243111,0.43939783971330737
2026,08,UKR.21.8_1,0,0
2026,08,UKR.21.9_1,0,0
2026,08,UKR.22.10_1,0,0
2026,08,UKR.22.11_1,0,0
2026,08,UKR.22.12_1,0,0
2026,08,UKR.22.13_1,0,0
2026,08,UKR.22.14_1,0,0
2026,08,UKR.22.15_1,0,0
2026,08,UKR.22.16_1,0,0
2026,08,UKR.22.17_1,0,0
2026,08,UKR.22.18_1,0,0
2026,08,UKR.22.1_1,0,0
2026,08,UKR.22.2_1,0,0
2026,08,UKR.22.3_1,0,0
2026,08,UKR.22.4_1,0,0
2026,08,UKR.22.5_1,0,0
2026,08,UKR.22.6_1,0,0
2026,08,UKR.22.7_1,0,0
2026,08,UKR.22.8_1,0,0
2026,08,UKR.22.9_1,0,0
2026,08,UKR.23.10_1,0,0
2026,08,UKR.23.11_1,0.0450426913037363,0.3741249722196636
2026,08,UKR.23.12_1,0.04537034691538987,0.38208507801157154
2026,08,UKR.23.13_1,0.05080162133682958,0.5635754900670682
2026,08,UKR.23.14_1,0,0
2026,08,UKR.23.15_1,0.04543484933743066,0.38367709916995313
2026,08,UKR.23.1_1,0.0450426913037363,0.3741249722196636
2026,08,UKR.23.2_1,0,0
2026,08,UKR.23.3_1,0,0
2026,08,UKR.23.4_1,0,0
2026,08,UKR.23.5_1,0,0
2026,08,UKR.23.6_1,0,0
2026,08,UKR.23.7_1,0.04891048901592771,0.4855664533063721
2026,08,UKR.23.8_1,0,0
2026,08,UKR.23.9_1,0,0
2026,08,UKR.24.10_1,0,0
2026,08,UKR.24.11_1,0,0
2026,08,UKR.24.12_1,0,0
2026,08,UKR.24.13_1,0.048819956299597005,0.4823824109896092
2026,08,UKR.24.14_1,0.04510891319464406,0.37571699337804537
2026,08,UKR.24.15_1,0,0
2026,08,UKR.24.16_1,0,0
2026,08,UKR.24.17_1,0.047646325904914286,0.444173903188452
2026,08,UKR.24.18_1,0,0
2026,08,UKR.24.19_1,0.04682745483236697,0.42029358581272874
2026,08,UKR.24.1_1,0,0
2026,08,UKR.24.20_1,0,0
2026,08,UKR.24.21_1,0,0
2026,08,UKR.24.22_1,0,0
2026,08,UKR.24.23_1,0,0
2026,08,UKR.24.24_1,0,0
2026,08,UKR.24.25_1,0,0
2026,08,UKR.24.26_1,0,0
2026,08,UKR.24.27_1,0,0
2026,08,UKR.24.28_1,0,0
2026,08,UKR.24.29_1,0,0
2026,08,UKR.24.2_1,0,0
2026,08,UKR.24.3_1,0,0
2026,08,UKR.24.4_1,0.04710798320094961,0.4282536916046365
2026,08,UKR.24.5_1,0,0
2026,08,UKR.24.6_1,0,0
2026,08,UKR.24.7_1,0,0
2026,08,UKR.24.8_1,0,0
2026,08,UKR.24.9_1,0,0
2026,08,UKR.25.10_1,0,0
2026,08,UKR.25.11_1,0,0
2026,08,UKR.25.12_1,0,0
2026,08,UKR.25.13_1,0,0
2026,08,UKR.25.14_1,0.04877427985491362,0.4807903898312276
2026,08,UKR.25.15_1,0,0
2026,08,UKR.25.16_1,0.04858882212193265,0.47442230519770145
2026,08,UKR.25.17_1,0,0
2026,08,UKR.25.18_1,0,0
2026,08,UKR.25.19_1,0,0
2026,08,UKR.25.1_1,0,0
2026,08,UKR.25.2_1,0,0
2026,08,UKR.25.3_1,0,0
2026,08,UKR.25.4_1,0,0
2026,08,UKR.25.5_1,0,0
2026,08,UKR.25.6_1,0,0
2026,08,UKR.25.7_1,0.0499904146199507,0.5269590034242924
2026,08,UKR.25.8_1,0,0
2026,08,UKR.25.9_1,0,0
2026,08,UKR.26.10_1,0,0
2026,08,UKR.26.11_1,0,0
2026,08,UKR.26.12_1,0,0
2026,08,UKR.26.13_1,0,0
2026,08,UKR.26.14_1,0,0
2026,08,UKR.26.15_1,0,0
2026,08,UKR.26.16_1,0,0
2026,08,UKR.26.17_1,0,0
2026,08,UKR.26.18_1,0,0
2026,08,UKR.26.19_1,0,0
2026,08,UKR.26.1_1,0,0
2026,08,UKR.26.20_1,0,0
2026,08,UKR.26.21_1,0,0
2026,08,UKR.26.22_1,0,0
2026,08,UKR.26.23_1,0,0
2026,08,UKR.26.24_1,0,0
2026,08,UKR.26.25_1,0,0
2026,08,UKR.26.2_1,0,0
2026,08,UKR.26.3_1,0,0
2026,08,UKR.26.4_1,0,0
2026,08,UKR.26.5_1,0,0
2026,08,UKR.26.6_1,0,0
2026,08,UKR.26.7_1,0,0
2026,08,UKR.26.8_1,0,0
2026,08,UKR.26.9_1,0,0
2026,08,UKR.27.10_1,0,0
2026,08,UKR.27.11_1,0,0
2026,08,UKR.27.12_1,0,0
2026,08,UKR.27.13_1,0,0
2026,08,UKR.27.14_1,0,0
2026,08,UKR.27.15_1,0.04868210294483532,0.47760634751446457
2026,08,UKR.27.16_1,0.048819956299597005,0.4823824109896092
2026,08,UKR.27.17_1,0,0
2026,08,UKR.27.18_1,0,0
2026,08,UKR.27.19_1,0,0
2026,08,UKR.27.1_1,0,0
2026,08,UKR.27.20_1,0,0
2026,08,UKR.27.21_1,0.046884176210791065,0.4218856069711103
2026,08,UKR.27.22_1,0.0483022918419774,0.46487017824741195
2026,08,UKR.27.23_1,0,0
2026,08,UKR.27.24_1,0.04955518805263981,0.5094467706820953
2026,08,UKR.27.25_1,0,0
2026,08,UKR.27.26_1,0,0
2026,08,UKR.27.27_1,0,0
2026,08,UKR.27.2_1,0,0
2026,08,UKR.27.3_1,0,0
2026,08,UKR.27.4_1,0,0
2026,08,UKR.27.5_1,0.04716317079588728,0.42984571276301803
2026,08,UKR.27.6_1,0,0
2026,08,UKR.27.7_1,0,0
2026,08,UKR.27.8_1,0,0
2026,08,UKR.27.9_1,0,0
2026,08,UKR.3.10_1,0,0
2026,08,UKR.3.11_1,0,0
2026,08,UKR.3.1_1,0,0
2026,08,UKR.3.2_1,0,0
2026,08,UKR.3.3_1,0.04868210294483532,0.47760634751446457
2026,08,UKR.3.4_1,0,0
2026,08,UKR.3.5_1,0,0
2026,08,UKR.3.6_1,0.04732691674675229,0.4346217762381627
2026,08,UKR.3.7_1,0,0
2026,08,UKR.3.8_1,0.04785336459144693,0.450541987821978
2026,08,UKR.3.9_1,0,0
2026,08,UKR.4.10_1,0.04785336459144693,0.450541987821978
2026,08,UKR.4.11_1,0.04877427985491362,0.4807903898312276
2026,08,UKR.4.12_1,0.04549901228029032,0.3852691203283345
2026,08,UKR.4.13_1,0.04738089660732755,0.43621379739654426
2026,08,UKR.4.14_1,0.0497170711293673,0.5158148553156215
2026,08,UKR.4.15_1,0.04710798320094961,0.4282536916046365
2026,08,UKR.4.16_1,0.045752297711676125,0.39163720496186066
2026,08,UKR.4.17_1,0.04665542564230543,0.4155175223375841
2026,08,UKR.4.18_1,0.04456929420520397,0.36298082411099314
2026,08,UKR.4.19_1,0.04665542564230543,0.4155175223375841
2026,08,UKR.4.1_1,0.048728328995678624,0.4791983686728461
2026,08,UKR.4.20_1,0.04642165841459676,0.40914943770405793
2026,08,UKR.4.21_1,0.04624299510541459,0.4043733742289133
2026,08,UKR.4.22_1,0.04854176575735198,0.4728302840393197
2026,08,UKR.4.23_1,0.048494431015955186,0.47123826288093834
2026,08,UKR.4.2_1,0.04682745483236697,0.42029358581272874
2026,08,UKR.4.3_1,0.04587694011215763,0.3948212472786241
2026,08,UKR.4.4_1,0.044774303922658285,0.3677568875861376
2026,08,UKR.4.5_1,0.04556283717816291,0.3868611414867162
2026,08,UKR.4.6_1,0.04699669320242809,0.4250696492878734
2026,08,UKR.4.7_1,0.04694058862995259,0.42347762812949186
2026,08,UKR.4.8_1,0.04854176575735198,0.4728302840393197
2026,08,UKR.4.9_1,0.04630286987281288,0.4059653953872948
2026,08,UKR.5.10_1,0,0
2026,08,UKR.5.11_1,0,0
2026,08,UKR.5.12_1,0,0
2026,08,UKR.5.13_1,0,0
2026,08,UKR.5.14_1,0,0
2026,08,UKR.5.15_1,0,0
2026,08,UKR.5.16_1,0,0
2026,08,UKR.5.17_1,0,0
2026,08,UKR.5.18_1,0,0
2026,08,UKR.5.19_1,0,0
2026,08,UKR.5.1_1,0,0
2026,08,UKR.5.20_1,0,0
2026,08,UKR.5.21_1,0,0
2026,08,UKR.5.22_1,0,0
2026,08,UKR.5.23_1,0,0
2026,08,UKR.5.24_1,0,0
2026,08,UKR.5.25_1,0,0
2026,08,UKR.5.26_1,0,0
2026,08,UKR.5.27_1,0,0
2026,08,UKR.5.28_1,0,0
2026,08,UKR.5.29_1,0,0
2026,08,UKR.5.2_1,0,0
2026,08,UKR.5.30_1,0,0
2026,08,UKR.5.31_1,0,0
2026,08,UKR.5.32_1,0,0
2026,08,UKR.5.3_1,0,0
2026,08,UKR.5.4_1,0,0
2026,08,UKR.5.5_1,0,0
2026,08,UKR.5.6_1,0,0
2026,08,UKR.5.7_1,0,0
2026,08,UKR.5.8_1,0,0
2026,08,UKR.5.9_1,0,0
2026,08,UKR.6.10_1,0,0
2026,08,UKR.6.11_1,0,0
2026,08,UKR.6.12_1,0,0
2026,08,UKR.6.13_1,0,0
2026,08,UKR.6.14_1,0,0
2026,08,UKR.6.15_1,0,0
2026,08,UKR.6.16_1,0,0
2026,08,UKR.6.17_1,0,0
2026,08,UKR.6.18_1,0,0
2026,08,UKR.6.19_1,0,0
2026,08,UKR.6.1_1,0,0
2026,08,UKR.6.20_1,0,0
2026,08,UKR.6.21_1,0,0
2026,08,UKR.6.22_1,0,0
2026,08,UKR.6.23_1,0,0
2026,08,UKR.6.24_1,0,0
2026,08,UKR.6.25_1,0,0
2026,08,UKR.6.26_1,0,0
2026,08,UKR.6.27_1,0,0
2026,08,UKR.6.28_1,0,0
2026,08,UKR.6.29_1,0,0
2026,08,UKR.6.2_1,0,0
2026,08,UKR.6.30_1,0,0
2026,08,UKR.6.31_1,0,0
2026,08,UKR.6.32_1,0,0
2026,08,UKR.6.33_1,0,0
2026,08,UKR.6.34_1,0,0
2026,08,UKR.6.35_1,0,0
2026,08,UKR.6.36_1,0,0
2026,08,UKR.6.37_1,0,0
2026,08,UKR.6.38_1,0,0
2026,08,UKR.6.39_1,0,0
2026,08,UKR.6.3_1,0,0
2026,08,UKR.6.40_1,0,0
2026,08,UKR.6.41_1,0,0
2026,08,UKR.6.42_1,0,0
2026,08,UKR.6.43_1,0,0
2026,08,UKR.6.44_1,0,0
2026,08,UKR.6.45_1,0,0
2026,08,UKR.6.46_1,0,0
2026,08,UKR.6.47_1,0,0
2026,08,UKR.6.48_1,0,0
2026,08,UKR.6.4_1,0,0
2026,08,UKR.6.5_1,0,0
2026,08,UKR.6.6_1,0,0
2026,08,UKR.6.7_1,0,0
2026,08,UKR.6.8_1,0,0
2026,08,UKR.6.9_1,0,0
2026,08,UKR.7.10_1,0,0
2026,08,UKR.7.11_1,0,0
2026,08,UKR.7.12_1,0,0
2026,08,UKR.7.13_1,0,0
2026,08,UKR.7.14_1,0,0
2026,08,UKR.7.15_1,0,0
2026,08,UKR.7.16_1,0,0
2026,08,UKR.7.1_1,0,0
2026,08,UKR.7.2_1,0,0
2026,08,UKR.7.3_1,0,0
2026,08,UKR.7.4_1,0,0
2026,08,UKR.7.5_1,0,0
2026,08,UKR.7.6_1,0,0
2026,08,UKR.7.7_1,0,0
2026,08,UKR.7.8_1,0,0
2026,08,UKR.7.9_1,0,0
2026,08,UKR.8.10_1,0,0
2026,08,UKR.8.11_1,0,0
2026,08,UKR.8.12_1,0,0
2026,08,UKR.8.13_1,0,0
2026,08,UKR.8.14_1,0,0
2026,08,UKR.8.15_1,0,0
2026,08,UKR.8.16_1,0,0
2026,08,UKR.8.17_1,0,0
2026,08,UKR.8.18_1,0,0
2026,08,UKR.8.19_1,0,0
2026,08,UKR.8.1_1,0,0
2026,08,UKR.8.20_1,0,0
2026,08,UKR.8.22_1,0,0
2026,08,UKR.8.23_1,0,0
2026,08,UKR.8.24_1,0,0
2026,08,UKR.8.25_1,0,0
2026,08,UKR.8.26_1,0,0
2026,08,UKR.8.27_1,0,0
2026,08,UKR.8.28_1,0,0
2026,08,UKR.8.29_1,0,0
2026,08,UKR.8.2_1,0,0
2026,08,UKR.8.30_1,0,0
2026,08,UKR.8.31_1,0,0
2026,08,UKR.8.32_1,0,0
2026,08,UKR.8.3_1,0,0
2026,08,UKR.8.4_1,0,0
2026,08,UKR.8.5_1,0,0
2026,08,UKR.8.6_1,0,0
2026,08,UKR.8.7_1,0,0
2026,08,UKR.8.8_1,0,0
2026,08,UKR.8.9_1,0,0
2026,08,UKR.9.10_1,0,0
2026,08,UKR.9.11_1,0,0
2026,08,UKR.9.12_1,0.04600026346131408,0.39800528959538706
2026,08,UKR.9.13_1,0,0
2026,08,UKR.9.14_1,0,0
2026,08,UKR.9.15_1,0,0
2026,08,UKR.9.16_1,0,0
2026,08,UKR.9.17_1,0,0
2026,08,UKR.9.18_1,0,0
2026,08,UKR.9.19_1,0,0
2026,08,UKR.9.1_1,0,0
2026,08,UKR.9.20_1,0,0
2026,08,UKR.9.2_1,0,0
2026,08,UKR.9.3_1,0.0461827983480315,0.4027813530705317
2026,08,UKR.9.4_1,0.04556283717816291,0.3868611414867162
2026,08,UKR.9.5_1,0,0
2026,08,UKR.9.6_1,0,0
2026,08,UKR.9.7_1,0,0
2026,08,UKR.9.8_1,0,0
2026,08,UKR.9.9_1,0.0449761209892563,0.37253295106128226
2026,08,UZB.13.1_1,0.03772335738887836,0.23561913144046917
2026,08,UZB.14.10_1,0.04142149400202496,0.2977079566173496
2026,08,XAD.1_1,0.04899993321178068,0.4887504956231352
2026,08,XAD.2_1,0.049835760664711536,0.5205909187907662
2026,08,XKO.1.1_1,0.040724689059896575,0.2849717873502972
2026,08,XKO.1.2_1,0.04386229044539485,0.3470606125271773
2026,08,XKO.1.3_1,0.03824257293246462,0.24357923723237693
2026,08,XKO.2.1_1,0.04133599134297145,0.29611593545896786
2026,08,XKO.2.2_1,0.04217117901135218,0.3120361470427834
2026,08,XKO.2.3_1,0.04356902514489777,0.3406925278936513
2026,08,XKO.3.1_1,0.042730390594849225,0.3231802951514544
2026,08,XKO.3.2_1,0.04349475120062014,0.33910050673526954
2026,08,XKO.3.3_1,0.041076767151203744,0.2913398719838234
2026,08,XKO.3.4_1,0.04098944413919014,0.2897478508254417
2026,08,XKO.3.5_1,0.04150654863377774,0.29929997777573114
2026,08,XKO.3.6_1,0.04184234131534133,0.3056680624092572
2026,08,XKO.4.1_1,0.04349475120062014,0.33910050673526954
2026,08,XKO.4.2_1,0.04116363076094505,0.2929318931422048
2026,08,XKO.4.3_1,0.04490920070176655,0.37094092990290056
2026,08,XKO.5.1_1,0.038846888860369744,0.25313136418266624
2026,08,XKO.5.2_1,0.039527263818032975,0.26427551229133706
2026,08,XKO.5.3_1,0.03824257293246462,0.24357923723237693
2026,08,XKO.5.4_1,0.04249322318749342,0.3184042316763096
2026,08,XKO.5.5_1,0.041759051669332664,0.3040760412508758
2026,08,XKO.5.6_1,0.03933550641658447,0.26109146997457394
2026,08,XKO.5.7_1,0.04133599134297145,0.29611593545896786
2026,08,XKO.6.1_1,0.04142149400202496,0.2977079566173496
2026,08,XKO.6.2_1,0.03933550641658447,0.26109146997457394
2026,08,XKO.6.3_1,0.03813988709978218,0.24198721607399537
2026,08,XKO.6.4_1,0.038036627355066265,0.2403951949156138
2026,08,XKO.7.1_1,0.04184234131534133,0.3056680624092572
2026,08,XKO.7.2_1,0.040182364544853626,0.2754196604000079
2026,08,XKO.7.3_1,0.04225232082393796,0.3136281682011651
2026,08,XKO.7.4_1,0.04090165878250119,0.2881558296670603
2026,08,ZNC.1_1,0.04716317079588728,0.42984571276301803
2026,08,ZNC.2_1,0.04844681708178188,0.4696462417225566
2026,08,ZNC.3_1,0.04694058862995259,0.42347762812949186
2026,08,ZNC.4_1,0.05039479499775907,0.5444712361664896
2026,08,ZNC.5_1,0.04537034691538987,0.38208507801157154
