year,month,gid_1,est,se
2019,04,ESP.1_1,0.3416945869661381,0.2720355571320511
2019,04,ESP.10_1,0.8779553352657273,0.30511728222677953
2019,04,ESP.11_1,0,0.48270111227373147
2019,04,ESP.12_1,0,0.48612381995663173
2019,04,ESP.13_1,0.951,0.21599719901999334
2019,04,ESP.14_1,0,0.4850421823832386
2019,04,ESP.15_1,0,0.08913754126175645
2019,04,ESP.16_1,0.09397368322786158,0.39141847467154334
2019,04,ESP.17_1,0,0.48758618806390397
2019,04,ESP.18_1,1,0
2019,04,ESP.2_1,0.022368802857496876,0.2317695312837114
2019,04,ESP.3_1,0,0.4849249384559529
2019,04,ESP.4_1,0.03049492958605471,0.31688485063149807
2019,04,ESP.5_1,0,0.4893550613739429
2019,04,ESP.6_1,0.7418251816364294,0.43203023998537216
2019,04,ESP.8_1,0,0.07727315389882448
2019,04,ESP.9_1,0,0.13303068194033976
