year,month,gid_1,est,se
2019,04,ESP.10_1,0.988,0.10893974420691407
2019,04,ESP.6_1,0.985,0.12161327966052798
