year,month,gid_1,est,se
2019,04,ESP.1_1,0.09344492393656963,0.22023099218209966
2019,04,ESP.10_1,0.3317635833466381,0.4604404597644468
2019,04,ESP.11_1,0,0.3048710196452046
2019,04,ESP.12_1,0,0.28318586006438695
2019,04,ESP.13_1,0.6202417251755266,0.48588432171015977
2019,04,ESP.14_1,0,0.27504858281353883
2019,04,ESP.15_1,0,0.06315165524928205
2019,04,ESP.16_1,0,0.08809254816338395
2019,04,ESP.17_1,0,0.30015551544173613
2019,04,ESP.18_1,0.7294603811434304,0.44522056352197026
2019,04,ESP.2_1,0,0.016540335030053678
2019,04,ESP.3_1,0,0.3079971978780314
2019,04,ESP.4_1,0,0.04152461241837378
2019,04,ESP.5_1,0,0.2902284136188636
2019,04,ESP.6_1,0.2529550156729106,0.4179855096271625
2019,04,ESP.8_1,0,0.08341587650718706
2019,04,ESP.9_1,0,0.08341587650718706
2019,04,ITA.10_1,0.03568564080364592,0.1724604404344919
2019,04,ITA.14_1,0,0.12161546875866769
2019,04,ITA.20_1,0,0.012641271398480971
2019,04,ITA.6_1,0.015030090270812438,0.12161546875866769
2019,04,ITA.7_1,0,0.08341587650718706
2019,04,ITA.8_1,0.05859962725280023,0.17705383106091327
