year,month,gid_1,est,se
2019,04,ESP.10_1,0.5973895582329317,0.9817860538912859
2019,04,ESP.2_1,0.009533198823319686,0.12966135384408348
2019,04,ESP.6_1,0.5262826210979115,0.5421406319855089
