ID_0,est,se
ESP,0.21154428157600003,0.01602991866451129
