ID_0,est,se
ALB,0,0
AUT,0.9999961157787651,0.17912739401923924
BEL,0,0
BGR,0,0
CHE,0.99902321776,0.35870992044261585
CHN,0,0
DEU,0.979834480765,0.26444545295798677
ESP,0.24759166024,0.012731884251126039
FRA,0,0
GRC,0,0
HRV,0.276,0.14908015145627165
HUN,0.96943063157988,0.12433433173961557
IND,0,0
ITA,0.479,0.004543716111279573
NLD,0.015000000000000013,3.425726187620507e-4
PAK,0,0
PER,0,0
ROU,0.013000000000000012,0.05666534179691288
SRB,0.269,0.2218309242620581
SVN,0,0
TUR,0,0
USA,0,0
XKO,0,0
