year,month,gid_1,est,se
2020,01,AUT.9_1,0,0
2020,01,BEL.1_1,0.572,0.49503642397409614
2020,01,BEL.2_1,0,0.4387682835170995
2020,01,BGR.21_1,0,0.4903462444430868
2020,01,CYP.1_1,0,0.38849186082326864
2020,01,CYP.2_1,0,0.3924972026066607
2020,01,CYP.3_1,0,0.497742652128334
2020,01,CYP.4_1,0,0.4715223571935199
2020,01,DEU.1_1,0,0.4895959930207103
2020,01,DEU.10_1,0,0.06315051850925682
2020,01,DEU.7_1,0,0.09448771310560929
2020,01,ESP.1_1,0.18920682031685676,0.24277401296253862
2020,01,ESP.10_1,0.3075186407527645,0.3506718723715449
2020,01,ESP.11_1,0,0.04469897088298564
2020,01,ESP.12_1,0,0.0399265697175315
2020,01,ESP.13_1,0,0.49946517943242597
2020,01,ESP.14_1,0.47636091008049275,0.4996748562767338
2020,01,ESP.15_1,0,0
2020,01,ESP.16_1,0,0.03493809711570475
2020,01,ESP.17_1,0,0.11333068359382575
2020,01,ESP.18_1,0.458,0.4984821807090846
2020,01,ESP.2_1,0,0
2020,01,ESP.3_1,0,0.48562931937418674
2020,01,ESP.4_1,0.11833098539718404,0.2737579775417264
2020,01,ESP.5_1,0,0.043603921142892604
2020,01,ESP.6_1,0.23322416695869064,0.2842292027529292
2020,01,ESP.8_1,0.271,0.4446985009607709
2020,01,ESP.9_1,0,0
2020,01,FRA.10_1,0,0
2020,01,FRA.11_1,0,0.1667805558886988
2020,01,FRA.8_1,0,0
2020,01,GRC.3_1,0,0
2020,01,HUN.1_1,0,0
2020,01,HUN.5_1,0,0
2020,01,HUN.7_1,0,0
2020,01,ITA.10_1,0.05213077386077321,0.16385527921633625
2020,01,ITA.13_1,6.585328379164522e-4,0.02082463681830481
2020,01,ITA.16_1,0.193,0.39485048677557294
2020,01,ITA.20_1,0,0
2020,01,ITA.6_1,0,0
2020,01,ITA.8_1,0.4680000000000001,0.4992246240173107
2020,01,NLD.1_1,0,0.07056897321046962
2020,01,NLD.10_1,0,0
2020,01,NLD.11_1,0,0.011442585403139
2020,01,NLD.14_1,0,0
2020,01,NLD.2_1,0.04721489216164975,0.20839684315451046
2020,01,NLD.4_1,5.091150736753083e-4,0.01475221714790796
2020,01,NLD.8_1,0.005313260089595961,0.04890633991871557
2020,01,NLD.9_1,0.07559618377999532,0.21200537394016414
2020,01,PRT.12_1,0,0.2654952289977145
2020,01,TUR.7_1,0,0.09361008590852087
2020,01,ZNC.5_1,0,0.3397446488562056
