year,month,gid_3,est,se
2016,12,ESP.10.1.1_1,0.306,0.4610602743422779
2016,12,ESP.10.1.2_1,0.017,0.1293357171384909
2016,12,ESP.10.1.3_1,0.025,0.15620307103062794
2016,12,ESP.10.1.4_1,0.99,0.0995485304256668
2016,12,ESP.10.1.5_1,0.097,0.296105857217784
2016,12,ESP.10.1.6_1,0.023,0.1499783100768024
2016,12,ESP.10.1.7_1,0.957,0.2029585972364615
2016,12,ESP.10.1.8_1,0.007,0.08341437500789632
2016,12,ESP.10.1.9_1,0.266,0.44208533049564025
2016,12,ESP.10.2.1_1,0.033,0.17872588772459053
2016,12,ESP.10.2.2_1,0.692,0.4618975528722244
2016,12,ESP.10.2.3_1,0.336,0.47257520811753057
2016,12,ESP.10.2.5_1,0.132,0.3386601403925338
2016,12,ESP.10.2.7_1,0.01,0.0995485304256668
2016,12,ESP.10.2.8_1,0.131,0.33756918246924283
2016,12,ESP.10.3.1_1,0.834,0.37226681638655706
2016,12,ESP.10.3.10_1,0.999,0.03162277660168379
2016,12,ESP.10.3.11_1,0.944,0.23003677296666486
2016,12,ESP.10.3.12_1,0.002,0.04469897088298564
2016,12,ESP.10.3.13_1,0.265,0.4415540396938635
2016,12,ESP.10.3.14_1,0.003,0.05471740119919799
2016,12,ESP.10.3.16_1,0.798,0.40169311340544206
2016,12,ESP.10.3.17_1,0.854,0.3532829019480122
2016,12,ESP.10.3.18_1,0.086,0.28050433629924987
2016,12,ESP.10.3.2_1,0.011,0.10435463521037237
2016,12,ESP.10.3.3_1,0,0
2016,12,ESP.10.3.3_1,0,0
2016,12,ESP.10.3.3_1,0,0
2016,12,ESP.10.3.4_1,0.039,0.19369180807797864
2016,12,ESP.10.3.5_1,0.602,0.48973037054672836
2016,12,ESP.10.3.6_1,0.001,0.03162277660168379
2016,12,ESP.10.3.7_1,1,0
2016,12,ESP.10.3.8_1,0.869,0.33756918246924283
2016,12,ESP.10.3.9_1,0.712,0.4530576798391804
