year,month,gid_1,est,se
2017,12,AND.2_1,0,0.22414692535429212
2017,12,AND.3_1,0,0.27143057633933454
2017,12,AND.4_1,0,0.26190344731765886
2017,12,AND.5_1,0,0.28632667668505246
2017,12,AND.6_1,0,0.2501486047701861
2017,12,AUT.9_1,0,0
2017,12,BEL.1_1,0,0.27450365313058267
2017,12,BEL.2_1,0,0.2789234156442441
2017,12,BEL.3_1,0,0.25772715932870266
2017,12,DEU.2_1,0,0.28488793252376465
2017,12,DEU.3_1,0,0.28632667668505246
2017,12,DEU.7_1,0,0.28775474876936713
2017,12,ESP.1_1,3.178674622142163e-4,0.008231907073807077
2017,12,ESP.10_1,0.0034101728761812607,0.0527165451433068
2017,12,ESP.11_1,0,0.27143057633933454
2017,12,ESP.12_1,0,0.28426256315843773
2017,12,ESP.13_1,0.02060085836909871,0.1400708929750292
2017,12,ESP.14_1,0,0.2623068575091076
2017,12,ESP.15_1,0,0
2017,12,ESP.16_1,0,0
2017,12,ESP.17_1,0,0.2775282783574703
2017,12,ESP.18_1,0.011330472103004289,0.1043552613463234
2017,12,ESP.2_1,0,0
2017,12,ESP.3_1,0,0.272973272849161
2017,12,ESP.4_1,0,0.005809277902802284
2017,12,ESP.5_1,0,0.27464828648466133
2017,12,ESP.6_1,3.8826133341382757e-4,0.011919867471542299
2017,12,ESP.8_1,0,0.03162296634081001
2017,12,ESP.9_1,0,0.044699239080297506
2017,12,FRA.1_1,0,0
2017,12,FRA.10_1,0,0
2017,12,FRA.11_1,0,0.013004939760287713
2017,12,FRA.2_1,0,0.272973272849161
2017,12,FRA.4_1,0,0.2905795049153889
2017,12,FRA.6_1,0,0.26207426753223234
2017,12,FRA.7_1,0,0.2745838436591968
2017,12,FRA.8_1,0,0.2775282783574703
2017,12,GBR.1_1,0,0.27205083580543954
2017,12,GRC.3_1,0,0
2017,12,GRC.4_1,0,0.2412776674206755
2017,12,HRV.11_1,0,0.5001781497189566
2017,12,HRV.4_1,0,0
2017,12,HUN.5_1,0,0.0547177295078732
2017,12,IRL.6_1,0,0.2552762173796436
2017,12,ITA.10_1,0,0
2017,12,ITA.14_1,0,0.019135048222252482
2017,12,ITA.15_1,0,0
2017,12,ITA.17_1,0,0
2017,12,ITA.8_1,0,0.03162296634081001
2017,12,NLD.9_1,0,0.27602192204254644
2017,12,POL.12_1,0,0.2449626950546564
2017,12,PRT.15_1,0,0.25693765301894883
2017,12,RUS.43_1,0,0.26871056802335136
2017,12,SRB.3_1,0,0
2017,12,SVN.6_1,0,0
