year,month,gid_1,est,se
2017,12,ESP.1_1,0.0443006396783451,0.16699427823166704
2017,12,ESP.10_1,0.16432941374831705,0.3589265133565032
2017,12,ESP.11_1,0,0.31123964619234545
2017,12,ESP.12_1,0,0.2797153979171086
2017,12,ESP.13_1,0.2411727272727273,0.42668613881993056
2017,12,ESP.14_1,0,0.3901769872079023
2017,12,ESP.15_1,0.0020181818181818183,0.04469897088298564
2017,12,ESP.16_1,3.080076783009717e-4,0.13060213186589434
2017,12,ESP.17_1,0,0.26830577330349786
2017,12,ESP.18_1,0.17356363636363634,0.3775692765024169
2017,12,ESP.2_1,0.02193810766556254,0.12024912138415676
2017,12,ESP.3_1,0,0.2988114594326802
2017,12,ESP.4_1,9.722071027858855e-4,0.15395416930298425
2017,12,ESP.5_1,0,0.2834463989003536
2017,12,ESP.6_1,0.1788886341864703,0.34888778143001803
2017,12,ESP.7_1,0,0.3384507489250045
2017,12,ESP.8_1,0.0020181818181818183,0.04469897088298564
2017,12,ESP.9_1,0.0010090909090909091,0.03162277660168379
