year,month,gid_1,est,se
2017,12,ESP.1_1,0.04401327777664902,0.17145714850784255
2017,12,ESP.10_1,0.1620324903369566,0.3566973537574422
2017,12,ESP.11_1,0,0.315559030803515
2017,12,ESP.12_1,0,0.2748813013363619
2017,12,ESP.13_1,0.22906155398587283,0.41910219117375974
2017,12,ESP.14_1,0,0.37835618575143515
2017,12,ESP.15_1,0.0010090817356205853,0.03162277660168379
2017,12,ESP.16_1,9.240146347698716e-4,0.13643128717620637
2017,12,ESP.17_1,0,0.2760202658994212
2017,12,ESP.18_1,0.16448032290615539,0.36955049393495276
2017,12,ESP.2_1,0.02295082353425022,0.1101609474283111
2017,12,ESP.3_1,0,0.26513071171460745
2017,12,ESP.4_1,0.0012140746121147544,0.14871332330022216
2017,12,ESP.5_1,0,0.3011112595241414
2017,12,ESP.6_1,0.17247810390203447,0.35285897259966303
2017,12,ESP.7_1,0,0.33589529433460885
2017,12,ESP.8_1,0.003027245206861756,0.054717401199198
2017,12,ESP.9_1,0,0
