year,month,gid_1,est,se
2017,12,ESP.1_1,0,0
2017,12,ESP.10_1,0,0
2017,12,ESP.11_1,0,0.05473590506279083
2017,12,ESP.12_1,0,0.06607337759880579
2017,12,ESP.13_1,0,0
2017,12,ESP.14_1,0,0.0649962302562454
2017,12,ESP.15_1,0,0
2017,12,ESP.16_1,0,0
2017,12,ESP.17_1,0,0.031633470522298444
2017,12,ESP.18_1,0.001,0.031633470522298444
2017,12,ESP.2_1,0,0
2017,12,ESP.3_1,0,0.05473590506279083
2017,12,ESP.4_1,0,0
2017,12,ESP.5_1,0,0.06393075349320824
2017,12,ESP.6_1,0,0
2017,12,ESP.8_1,0,0
2017,12,ESP.9_1,0,0.08915894617309834
