year,month,gid_1,est,se
2017,12,ESP.1_1,0,0
2017,12,ESP.10_1,0,0
2017,12,ESP.11_1,0,0.2988114594326802
2017,12,ESP.12_1,0,0.3116125876659256
2017,12,ESP.13_1,0.001,0.03162277660168379
2017,12,ESP.14_1,0,0.30422442554621343
2017,12,ESP.15_1,0,0
2017,12,ESP.16_1,0,0
2017,12,ESP.17_1,0,0.28917057184232914
2017,12,ESP.18_1,0,0
2017,12,ESP.2_1,0,0
2017,12,ESP.3_1,0,0.32395052700056526
2017,12,ESP.4_1,0,0
2017,12,ESP.5_1,0,0.3137573192755304
2017,12,ESP.6_1,2.4121186881324264e-4,0.007627789041155829
2017,12,ESP.8_1,0,0
2017,12,ESP.9_1,0,0
2017,12,ITA.10_1,0,0
2017,12,ITA.14_1,0,0.16240527733689072
2017,12,ITA.15_1,0,0.09749617122598908
2017,12,ITA.17_1,0,0
2017,12,ITA.8_1,0,0
