year,month,gid_1,est,se
2016,10,ARG.24_1,0.085173,0.14105858766051932
2016,10,DOM.5_1,0.004895,0.03530214209125596
2016,10,GTM.7_1,0.255519,0.21980976855538154
2016,10,HND.8_1,0.003916,0.03159105873485386
2016,10,IND.20_1,0.029369999999999997,0.0853789895356956
2016,10,IND.34_1,0.080278,0.13731968006214626
2016,10,MEX.14_1,0.01254253995645012,0.05435995871561655
2016,10,MEX.16_1,0.021537999999999998,0.07341508127451012
2016,10,MEX.17_1,0.023496,0.07660110698582177
2016,10,MEX.31_1,0.018601,0.06833069221010664
2016,10,MEX.4_1,0.070488,0.12937332869992804
2016,10,MEX.9_1,0.003916,0.03159105873485386
2016,10,PAK.7_1,0.304469,0.23168308186787653
2016,10,PER.13_1,0.070488,0.12937332869992804
2016,10,PRI.52_1,0.09104699999999999,0.14536157968220684
2016,10,PRI.65_1,0.033286,0.0907052736387753
2016,10,USA.10_1,0.006853,0.04172805675094036
2016,10,USA.5_1,0.006853,0.04172805675094036
2016,10,VEN.14_1,0.027412,0.08256893144064577
