ID_0,est,se
ESP,0.907836084917586,0.0903476997174197
