ID_0,est,se
ALB,0.999713120530816,0.2422850990481078
ARG,0.4594371505624,0.2883440742117091
AUT,0.03300000000000003,0.008936294386229527
BEL,0,0
BGR,0.9999997026443239,0.33772817373525094
BIH,0.871049077,0.34448583897921026
BRA,0.79558509,0.32135756174207
CHE,0.7099768,0.4295254707019862
CHN,0.97053337131994,0.23527525056243875
COL,0.991,0.09448771310560929
DEU,0.616,0.24330062719852408
ESP,0.959252573075071,0.09790200702574882
FJI,0.9999993319561299,0.4046328307586122
FRA,0.9998436231899762,0.30659182823760917
GRC,0.21756799999999998,0.15213971975183932
GTM,0.796204,0.4978341133334879
HND,0.536,0.498951854343636
HRV,0.9996424064309928,0.4102274174083009
HUN,0.983016215496785,0.17543879374319168
IND,0.48603226599999994,0.2549676930465928
ITA,1,0.21866796027598223
KOR,0.923872,0.35004845196687195
LKA,0.031000000000000028,0.17340435135563662
MEX,0.17028100000000002,0.27135162304633353
MMR,0.548,0.4979396991041626
NLD,0.639864,0.002466012375970505
PAK,0,0
PAN,0.05400000000000005,0.2261307920985887
PER,0,0
PRT,0.98086944352,0.4675730062295773
PSE,0.06000000000000005,0.237605674293474
ROU,0.6254139999999999,0.26721130524228337
SLB,0.684,0.4651455260027343
SRB,0.7505758755370542,0.29681532141530326
SVN,0.921444082,0.23004257534167033
THA,0.377,0.4848774134831464
TUR,0.9999999863789087,0.3243804756665522
USA,0.5055297530247898,0.10990445361081506
XKO,0.017000000000000015,0.1293357171384909
ZAF,0.30099999999999993,0.4589222261011223
