year,month,gid_1,est,se
2020,07,ESP.1_1,0,0.35149881525537274
2020,07,ESP.10_1,0,0.35154854674197505
2020,07,ESP.11_1,0,0.3446794598363838
2020,07,ESP.12_1,0,0.35448922572317193
2020,07,ESP.13_1,0,0.3445239567028904
2020,07,ESP.14_1,0,0.3218276329220241
2020,07,ESP.15_1,0,0.3604670196058779
2020,07,ESP.16_1,0.08935919271263776,0.3330936768900725
2020,07,ESP.17_1,0.214,0.38529905997530806
2020,07,ESP.18_1,0,0.355292487402592
2020,07,ESP.2_1,0,0.3597684968546188
2020,07,ESP.3_1,0.159,0.32844494395743734
2020,07,ESP.4_1,0,0.3522918101265733
2020,07,ESP.5_1,0,0.34954401890577286
2020,07,ESP.6_1,0,0.3485371876328131
2020,07,ESP.7_1,0,0.33439682083394806
2020,07,ESP.8_1,0,0.3445239567028904
2020,07,ESP.9_1,0,0.3614857089635732
