year,month,gid_1,est,se
2020,07,ESP.1_1,0,0.34347400212023316
2020,07,ESP.10_1,0,0.3511809917330093
2020,07,ESP.11_1,0,0.3485612900366055
2020,07,ESP.12_1,0,0.36292711500911445
2020,07,ESP.13_1,0,0.3339454150957584
2020,07,ESP.14_1,0,0.31519935281473854
2020,07,ESP.15_1,0,0.3517229939512263
2020,07,ESP.16_1,0.09677829970936737,0.3275817532407523
2020,07,ESP.17_1,0.22399999999999998,0.3952244228857775
2020,07,ESP.18_1,0,0.3452345641323152
2020,07,ESP.2_1,0,0.35522845171169865
2020,07,ESP.3_1,0.143,0.3107113667571442
2020,07,ESP.4_1,0,0.35300055646688544
2020,07,ESP.5_1,0,0.3635449302420838
2020,07,ESP.6_1,0,0.3588450970466392
2020,07,ESP.7_1,0,0.3495831796674571
2020,07,ESP.8_1,0,0.36208898847298376
2020,07,ESP.9_1,0,0.37477669215807913
