year,month,gid_3,est,se
2020,04,ARG.24.2_1,0.223,0.41646661864361284
2020,04,USA.5.19_1,0.063,0.24308453280719053
