year,month,gid_2,se,est
2021,04,ALA.1.1_2,0,0
2021,04,ALA.1.2_2,0,0
2021,04,ALA.2.1_2,0,0
2021,04,ALA.2.2_2,0,0
2021,04,ALA.2.3_2,0,0
2021,04,ALA.2.4_2,0,0
2021,04,ALA.2.5_2,0,0
2021,04,ALA.2.6_2,0,0
2021,04,ALA.2.7_2,0,0
2021,04,ALA.2.8_2,0,0
2021,04,ALA.3.1_2,0,0
2021,04,ALB.1.1_1,0,0
2021,04,ALB.1.2_1,0,0
2021,04,ALB.1.3_1,0,0
2021,04,ALB.10.1_1,0,0
2021,04,ALB.10.2_1,0,0
2021,04,ALB.10.3_1,0,0
2021,04,ALB.11.1_1,0,0
2021,04,ALB.11.2_1,0,0
2021,04,ALB.12.1_1,0,0
2021,04,ALB.12.2_1,0,0
2021,04,ALB.12.3_1,0,0
2021,04,ALB.2.1_1,0,0
2021,04,ALB.2.2_1,0,0
2021,04,ALB.2.3_1,0,0
2021,04,ALB.3.1_1,0,0
2021,04,ALB.3.2_1,0,0
2021,04,ALB.4.1_1,0,0
2021,04,ALB.4.2_1,0,0
2021,04,ALB.4.3_1,0,0
2021,04,ALB.4.4_1,0,0
2021,04,ALB.5.1_1,0,0
2021,04,ALB.5.2_1,0,0
2021,04,ALB.5.3_1,0,0
2021,04,ALB.6.1_1,0,0
2021,04,ALB.6.2_1,0,0
2021,04,ALB.6.3_1,0,0
2021,04,ALB.7.1_1,0,0
2021,04,ALB.7.2_1,0,0
2021,04,ALB.7.3_1,0,0
2021,04,ALB.7.4_1,0,0
2021,04,ALB.8.1_1,0,0
2021,04,ALB.8.2_1,0,0
2021,04,ALB.8.3_1,0,0
2021,04,ALB.9.1_1,0,0
2021,04,ALB.9.2_1,0,0
2021,04,ALB.9.3_1,0,0
2021,04,ALB.9.4_1,0,0
2021,04,AND.2_1,0,0
2021,04,AND.3_1,0,0
2021,04,AND.4_1,0,0
2021,04,AND.5_1,0,0
2021,04,AND.6_1,0,0
2021,04,AND.7_1,0,0
2021,04,ARM.1_1,0,0
2021,04,ARM.2_1,0,0
2021,04,ARM.3_1,0,0
2021,04,ARM.8_1,0,0
2021,04,AUT.1.1_2,0.2526081527142593,0.6033521094816164
2021,04,AUT.1.2_2,0.11736148697202123,0.6024921952641863
2021,04,AUT.1.3_2,0.40075742260684216,0.6717124598843076
2021,04,AUT.1.4_2,0.30180894913405815,0.6856513019082447
2021,04,AUT.1.5_2,0.2573950304677016,0.6226715667833232
2021,04,AUT.1.6_2,0.2786637337274797,0.6190101534643421
2021,04,AUT.1.7_2,0.42112538743112404,0.6366024556111151
2021,04,AUT.1.8_2,0.5078436394326977,0.6593021061324451
2021,04,AUT.1.9_2,0.05251973267180365,0.4545204572290294
2021,04,AUT.2.10_2,0.5568207554298494,0.5479034296864281
2021,04,AUT.2.1_2,0.36282973720757616,0.5281804184837848
2021,04,AUT.2.2_2,0.29687428722781417,0.5104760404543836
2021,04,AUT.2.3_2,0.5285482227068968,0.6296934294116855
2021,04,AUT.2.4_2,0.2624746464529532,0.6413738539545807
2021,04,AUT.2.5_2,0.551254202287896,0.5370954227855917
2021,04,AUT.2.6_2,0.5245477591435864,0.4244661029003115
2021,04,AUT.2.7_2,0.46354021382403243,0.5977054241724293
2021,04,AUT.2.8_2,0.2173144511165017,0.6129583701295108
2021,04,AUT.2.9_2,0.5467869226060809,0.6422456856103839
2021,04,AUT.3.10_2,0.7589269627275086,0.7242115736036822
2021,04,AUT.3.11_2,0.4761501013867835,0.7529191541321013
2021,04,AUT.3.12_2,0.8564173211804162,0.7747966527227601
2021,04,AUT.3.13_2,0.6242236874194257,0.745754920853011
2021,04,AUT.3.14_2,0.2724427605917847,0.7745116460184538
2021,04,AUT.3.15_2,0.5909799791988468,0.7616087448480221
2021,04,AUT.3.16_2,0.985538100001492,0.7599695651476616
2021,04,AUT.3.17_2,0.33627185947567745,0.7529692911530146
2021,04,AUT.3.18_2,0.47608082863671,0.7749049631304956
2021,04,AUT.3.19_2,0.6341162384104787,0.7641723428480557
2021,04,AUT.3.1_2,0.6029933601931211,0.7958944249560361
2021,04,AUT.3.20_2,0.6925018171786032,0.6929028190362985
2021,04,AUT.3.21_2,0.1628325881047406,0.7635579139394753
2021,04,AUT.3.22_2,0.4193352567453975,0.7755494334896406
2021,04,AUT.3.23_2,0.05112260286919813,0.6237141957129632
2021,04,AUT.3.24_2,0.9875134257057417,0.6967812516341779
2021,04,AUT.3.2_2,0.4647363483938764,0.7732915844311881
2021,04,AUT.3.3_2,0.4050041820980249,0.7577451566328163
2021,04,AUT.3.4_2,0.5272066821295285,0.7697852056286176
2021,04,AUT.3.5_2,0.5991233474630705,0.7164970536370489
2021,04,AUT.3.6_2,0.6484030900573864,0.7153397617231984
2021,04,AUT.3.7_2,0.6546314995291054,0.7059631555331014
2021,04,AUT.3.8_2,0.5024047780374401,0.7376100553006218
2021,04,AUT.3.9_2,0.17203867819664106,0.7384502448452269
2021,04,AUT.4.10_2,0.5252317760107252,0.822250611521728
2021,04,AUT.4.11_2,0.45757333810117296,0.8189800032598085
2021,04,AUT.4.12_2,0.5272961765211192,0.824155468555158
2021,04,AUT.4.13_2,0.42979890565305134,0.841115611552571
2021,04,AUT.4.14_2,0.13791611902648857,0.8624150222064355
2021,04,AUT.4.15_2,0.40199658226431756,0.8263467104951733
2021,04,AUT.4.16_2,0.48319781347462026,0.8495757645044262
2021,04,AUT.4.17_2,0.41274447940097236,0.850367904364389
2021,04,AUT.4.18_2,0.11484590532933013,0.8959126461550236
2021,04,AUT.4.1_2,0.5394510792163395,0.850776977312741
2021,04,AUT.4.2_2,0.27573195115000027,0.834630781603113
2021,04,AUT.4.3_2,0.43819587740742727,0.813218085167948
2021,04,AUT.4.4_2,0.4644797455692535,0.8722645462728227
2021,04,AUT.4.5_2,0.464673971068199,0.82528384596206406
2021,04,AUT.4.6_2,0.42652076240211567,0.8273494165585238
2021,04,AUT.4.7_2,0.44047808359240553,0.8572038735565606
2021,04,AUT.4.8_2,0.1827982139378527,0.8768425858493378
2021,04,AUT.4.9_2,0.372201770625911,0.8603218116175011
2021,04,AUT.5.1_2,0.3590717142421483,0.6856822634675989
2021,04,AUT.5.2_2,0.5190051621472944,0.7572364405100709
2021,04,AUT.5.3_2,0.18974445597252562,0.8092381147818937
2021,04,AUT.5.4_2,0.4838026551608229,0.5857352493814408
2021,04,AUT.5.5_2,0.18816438600031815,0.5288672505948696
2021,04,AUT.5.6_2,0.5093962612809922,0.5669275127162927
2021,04,AUT.6.10_2,0.5121872258632197,0.5924897425938229
2021,04,AUT.6.11_2,0.7476920132876559,0.729923128237973
2021,04,AUT.6.12_2,0.4394421484759938,0.6686692209415922
2021,04,AUT.6.13_2,0.6797991144792872,0.6593069270797907
2021,04,AUT.6.1_2,0.6118023136880076,0.6444048308538899
2021,04,AUT.6.2_2,0.6956950130142552,0.7178731398785044
2021,04,AUT.6.3_2,0.6055226834553883,0.6870221027661287
2021,04,AUT.6.4_2,0.27151391087006777,0.7787092784629905
2021,04,AUT.6.5_2,0.7120762698883448,0.6870592009896845
2021,04,AUT.6.6_2,0.6799758005246868,0.7499377478838364
2021,04,AUT.6.7_2,0.44560940131765814,0.6126708847369161
2021,04,AUT.6.8_2,0.5211171006821901,0.5857393069250227
2021,04,AUT.6.9_2,0.41987547323257696,0.5268545768277936
2021,04,AUT.7.1_2,0.22699720175609223,0.3046121454315055
2021,04,AUT.7.2_2,0.41138951136101004,0.3528390166455775
2021,04,AUT.7.3_2,0.1528298191407084,0.4444675093910595
2021,04,AUT.7.4_2,0.22906069541579435,0.3664870892076881
2021,04,AUT.7.5_2,0.3261982971751514,0.4223820071224298
2021,04,AUT.7.6_2,0.24696833470237708,0.249314322335838
2021,04,AUT.7.7_2,0.35721033650246903,0.28278706828494155
2021,04,AUT.7.8_2,0.32809069655675605,0.38944868374825853
2021,04,AUT.7.9_2,0.30774671611394333,0.35176689865636057
2021,04,AUT.8.1_2,0.2809504349986292,0.5474914741448699
2021,04,AUT.8.2_2,0.3467797492199414,0.6864037275014713
2021,04,AUT.8.3_2,0.11546530286009724,0.7160467632042405
2021,04,AUT.8.4_2,0.2825601461725945,0.6804676296621115
2021,04,AUT.9.1_2,0.4884374874608698,0.5968566312304612
2021,04,AZE.7_1,0,0
2021,04,BEL.1.1_1,0,0
2021,04,BEL.2.1_1,0.06133304269274679,0.007925796289681175
2021,04,BEL.2.2_1,0.21466518937699133,0.14606122390903406
2021,04,BEL.2.3_1,0,0
2021,04,BEL.2.4_1,0,0
2021,04,BEL.2.5_1,0,0
2021,04,BEL.3.1_1,0,0
2021,04,BEL.3.2_1,0,0
2021,04,BEL.3.3_1,0.19414409806477181,0.06149983407679526
2021,04,BEL.3.4_1,0.20208510704963747,0.12199666456540734
2021,04,BEL.3.5_1,0.20484981009501185,0.15056520336394305
2021,04,BGR.1.10_1,0,0
2021,04,BGR.1.11_1,0,0
2021,04,BGR.1.12_1,0,0
2021,04,BGR.1.13_1,0,0
2021,04,BGR.1.14_1,0,0
2021,04,BGR.1.1_1,0,0
2021,04,BGR.1.2_1,0,0
2021,04,BGR.1.3_1,0,0
2021,04,BGR.1.4_1,0,0
2021,04,BGR.1.5_1,0,0
2021,04,BGR.1.6_1,0,0
2021,04,BGR.1.7_1,0,0
2021,04,BGR.1.8_1,0,0
2021,04,BGR.1.9_1,0,0
2021,04,BGR.10.10_1,0,0
2021,04,BGR.10.11_1,0,0
2021,04,BGR.10.1_1,0,0
2021,04,BGR.10.2_1,0,0
2021,04,BGR.10.3_1,0,0
2021,04,BGR.10.4_1,0,0
2021,04,BGR.10.5_1,0,0
2021,04,BGR.10.6_1,0,0
2021,04,BGR.10.7_1,0,0
2021,04,BGR.10.8_1,0,0
2021,04,BGR.10.9_1,0,0
2021,04,BGR.11.10_1,0,0
2021,04,BGR.11.11_1,0,0
2021,04,BGR.11.1_1,0,0
2021,04,BGR.11.2_1,0,0
2021,04,BGR.11.3_1,0,0
2021,04,BGR.11.4_1,0,0
2021,04,BGR.11.5_1,0,0
2021,04,BGR.11.6_1,0,0
2021,04,BGR.11.7_1,0,0
2021,04,BGR.11.8_1,0,0
2021,04,BGR.11.9_1,0,0
2021,04,BGR.12.1_1,0,0
2021,04,BGR.12.2_1,0,0
2021,04,BGR.12.3_1,0,0
2021,04,BGR.12.4_1,0,0
2021,04,BGR.12.5_1,0,0
2021,04,BGR.12.6_1,0,0
2021,04,BGR.13.10_1,0,0
2021,04,BGR.13.11_1,0,0
2021,04,BGR.13.1_1,0,0
2021,04,BGR.13.2_1,0,0
2021,04,BGR.13.3_1,0,0
2021,04,BGR.13.4_1,0,0
2021,04,BGR.13.5_1,0,0
2021,04,BGR.13.6_1,0,0
2021,04,BGR.13.7_1,0,0
2021,04,BGR.13.8_1,0,0
2021,04,BGR.13.9_1,0,0
2021,04,BGR.14.10_1,0,0
2021,04,BGR.14.11_1,0,0
2021,04,BGR.14.12_1,0,0
2021,04,BGR.14.13_1,0,0
2021,04,BGR.14.14_1,0,0
2021,04,BGR.14.15_1,0,0
2021,04,BGR.14.16_1,0,0
2021,04,BGR.14.1_1,0,0
2021,04,BGR.14.2_1,0,0
2021,04,BGR.14.3_1,0,0
2021,04,BGR.14.4_1,0,0
2021,04,BGR.14.5_1,0,0
2021,04,BGR.14.6_1,0,0
2021,04,BGR.14.7_1,0,0
2021,04,BGR.14.8_1,0,0
2021,04,BGR.14.9_1,0,0
2021,04,BGR.15.1_1,0,0
2021,04,BGR.15.2_1,0,0
2021,04,BGR.15.3_1,0,0
2021,04,BGR.15.4_1,0,0
2021,04,BGR.15.5_1,0,0
2021,04,BGR.15.6_1,0,0
2021,04,BGR.15.7_1,0,0
2021,04,BGR.16.1_1,0,0
2021,04,BGR.16.2_1,0,0
2021,04,BGR.16.3_1,0,0
2021,04,BGR.16.4_1,0,0
2021,04,BGR.16.5_1,0,0
2021,04,BGR.16.6_1,0,0
2021,04,BGR.16.7_1,0,0
2021,04,BGR.16.8_1,0,0
2021,04,BGR.17.10_1,0,0
2021,04,BGR.17.1_1,0,0
2021,04,BGR.17.2_1,0,0
2021,04,BGR.17.3_1,0,0
2021,04,BGR.17.4_1,0,0
2021,04,BGR.17.5_1,0,0
2021,04,BGR.17.6_1,0,0
2021,04,BGR.17.7_1,0,0
2021,04,BGR.17.8_1,0,0
2021,04,BGR.17.9_1,0,0
2021,04,BGR.18.1_1,0,0
2021,04,BGR.18.2_1,0,0
2021,04,BGR.18.3_1,0,0
2021,04,BGR.18.4_1,0,0
2021,04,BGR.18.5_1,0,0
2021,04,BGR.18.6_1,0,0
2021,04,BGR.18.7_1,0,0
2021,04,BGR.19.1_1,0,0
2021,04,BGR.19.2_1,0,0
2021,04,BGR.19.3_1,0,0
2021,04,BGR.19.4_1,0,0
2021,04,BGR.2.10_1,0,0
2021,04,BGR.2.11_1,0,0
2021,04,BGR.2.12_1,0,0
2021,04,BGR.2.13_1,0,0
2021,04,BGR.2.1_1,0,0
2021,04,BGR.2.2_1,0,0
2021,04,BGR.2.3_1,0,0
2021,04,BGR.2.4_1,0,0
2021,04,BGR.2.5_1,0,0
2021,04,BGR.2.6_1,0,0
2021,04,BGR.2.7_1,0,0
2021,04,BGR.2.8_1,0,0
2021,04,BGR.2.9_1,0,0
2021,04,BGR.20.10_1,0,0
2021,04,BGR.20.1_1,0,0
2021,04,BGR.20.2_1,0,0
2021,04,BGR.20.3_1,0,0
2021,04,BGR.20.4_1,0,0
2021,04,BGR.20.5_1,0,0
2021,04,BGR.20.6_1,0,0
2021,04,BGR.20.7_1,0,0
2021,04,BGR.20.8_1,0,0
2021,04,BGR.20.9_1,0,0
2021,04,BGR.21.10_1,0,0
2021,04,BGR.21.11_1,0,0
2021,04,BGR.21.12_1,0,0
2021,04,BGR.21.13_1,0,0
2021,04,BGR.21.14_1,0,0
2021,04,BGR.21.15_1,0,0
2021,04,BGR.21.16_1,0,0
2021,04,BGR.21.17_1,0,0
2021,04,BGR.21.18_1,0,0
2021,04,BGR.21.19_1,0,0
2021,04,BGR.21.1_1,0,0
2021,04,BGR.21.20_1,0,0
2021,04,BGR.21.21_1,0,0
2021,04,BGR.21.22_1,0,0
2021,04,BGR.21.2_1,0,0
2021,04,BGR.21.3_1,0,0
2021,04,BGR.21.4_1,0,0
2021,04,BGR.21.5_1,0,0
2021,04,BGR.21.6_1,0,0
2021,04,BGR.21.7_1,0,0
2021,04,BGR.21.8_1,0,0
2021,04,BGR.21.9_1,0,0
2021,04,BGR.22.10_1,0,0
2021,04,BGR.22.11_1,0,0
2021,04,BGR.22.1_1,0,0
2021,04,BGR.22.2_1,0,0
2021,04,BGR.22.3_1,0,0
2021,04,BGR.22.4_1,0,0
2021,04,BGR.22.5_1,0,0
2021,04,BGR.22.6_1,0,0
2021,04,BGR.22.7_1,0,0
2021,04,BGR.22.8_1,0,0
2021,04,BGR.22.9_1,0,0
2021,04,BGR.23.1_1,0,0
2021,04,BGR.23.2_1,0,0
2021,04,BGR.23.3_1,0,0
2021,04,BGR.23.4_1,0,0
2021,04,BGR.23.5_1,0,0
2021,04,BGR.24.10_1,0,0
2021,04,BGR.24.11_1,0,0
2021,04,BGR.24.12_1,0,0
2021,04,BGR.24.1_1,0,0
2021,04,BGR.24.2_1,0,0
2021,04,BGR.24.3_1,0,0
2021,04,BGR.24.4_1,0,0
2021,04,BGR.24.5_1,0,0
2021,04,BGR.24.6_1,0,0
2021,04,BGR.24.7_1,0,0
2021,04,BGR.24.8_1,0,0
2021,04,BGR.24.9_1,0,0
2021,04,BGR.25.10_1,0,0
2021,04,BGR.25.1_1,0,0
2021,04,BGR.25.2_1,0,0
2021,04,BGR.25.3_1,0,0
2021,04,BGR.25.4_1,0,0
2021,04,BGR.25.5_1,0,0
2021,04,BGR.25.6_1,0,0
2021,04,BGR.25.7_1,0,0
2021,04,BGR.25.8_1,0,0
2021,04,BGR.25.9_1,0,0
2021,04,BGR.26.10_1,0,0
2021,04,BGR.26.11_1,0,0
2021,04,BGR.26.1_1,0,0
2021,04,BGR.26.2_1,0,0
2021,04,BGR.26.3_1,0,0
2021,04,BGR.26.4_1,0,0
2021,04,BGR.26.5_1,0,0
2021,04,BGR.26.6_1,0,0
2021,04,BGR.26.7_1,0,0
2021,04,BGR.26.8_1,0,0
2021,04,BGR.26.9_1,0,0
2021,04,BGR.27.10_1,0,0
2021,04,BGR.27.1_1,0,0
2021,04,BGR.27.2_1,0,0
2021,04,BGR.27.3_1,0,0
2021,04,BGR.27.4_1,0,0
2021,04,BGR.27.5_1,0,0
2021,04,BGR.27.6_1,0,0
2021,04,BGR.27.7_1,0,0
2021,04,BGR.27.8_1,0,0
2021,04,BGR.27.9_1,0,0
2021,04,BGR.28.1_1,0,0
2021,04,BGR.28.2_1,0,0
2021,04,BGR.28.3_1,0,0
2021,04,BGR.28.4_1,0,0
2021,04,BGR.28.5_1,0,0
2021,04,BGR.3.1_1,0,0
2021,04,BGR.3.2_1,0,0
2021,04,BGR.3.3_1,0,0
2021,04,BGR.3.4_1,0,0
2021,04,BGR.3.5_1,0,0
2021,04,BGR.3.6_1,0,0
2021,04,BGR.3.7_1,0,0
2021,04,BGR.3.8_1,0,0
2021,04,BGR.4.1_1,0,0
2021,04,BGR.4.2_1,0,0
2021,04,BGR.4.3_1,0,0
2021,04,BGR.4.4_1,0,0
2021,04,BGR.5.1_1,0,0
2021,04,BGR.6.10_1,0,0
2021,04,BGR.6.11_1,0,0
2021,04,BGR.6.1_1,0,0
2021,04,BGR.6.2_1,0,0
2021,04,BGR.6.3_1,0,0
2021,04,BGR.6.4_1,0,0
2021,04,BGR.6.5_1,0,0
2021,04,BGR.6.6_1,0,0
2021,04,BGR.6.7_1,0,0
2021,04,BGR.6.8_1,0,0
2021,04,BGR.6.9_1,0,0
2021,04,BGR.7.1_1,0,0
2021,04,BGR.7.2_1,0,0
2021,04,BGR.7.3_1,0,0
2021,04,BGR.7.4_1,0,0
2021,04,BGR.7.5_1,0,0
2021,04,BGR.7.6_1,0,0
2021,04,BGR.7.7_1,0,0
2021,04,BGR.7.8_1,0,0
2021,04,BGR.8.1_1,0,0
2021,04,BGR.8.2_1,0,0
2021,04,BGR.8.3_1,0,0
2021,04,BGR.8.4_1,0,0
2021,04,BGR.8.5_1,0,0
2021,04,BGR.8.6_1,0,0
2021,04,BGR.8.7_1,0,0
2021,04,BGR.8.8_1,0,0
2021,04,BGR.8.9_1,0,0
2021,04,BGR.9.1_1,0,0
2021,04,BGR.9.2_1,0,0
2021,04,BGR.9.3_1,0,0
2021,04,BGR.9.4_1,0,0
2021,04,BGR.9.5_1,0,0
2021,04,BGR.9.6_1,0,0
2021,04,BGR.9.7_1,0,0
2021,04,BGR.9.8_1,0,0
2021,04,BIH.1.1_1,0.04672197542026813,0.26830723025854597
2021,04,BIH.2.10_1,0.15115700204195753,0.2789576650322138
2021,04,BIH.2.1_1,0.07504963852722225,0.23088586082266221
2021,04,BIH.2.2_1,0.10805755373013638,0.24904991524015369
2021,04,BIH.2.3_1,0.15623561687153767,0.27003657710347007
2021,04,BIH.2.4_1,0.13782519977294436,0.2861097944759139
2021,04,BIH.2.5_1,0.08284471507660701,0.31774736012141824
2021,04,BIH.2.6_1,0.1351005101859485,0.26735382363815974
2021,04,BIH.2.7_1,0.1675947455047019,0.298414782269701
2021,04,BIH.2.8_1,0.13033550446593373,0.2880136383016003
2021,04,BIH.2.9_1,0.09122159638110786,0.27361962186659705
2021,04,BIH.3.1_1,0.21530715642022244,0.28883227020942337
2021,04,BIH.3.2_1,0.07938625455728145,0.2744756305187612
2021,04,BIH.3.3_1,0.14026782322817366,0.30275374989699827
2021,04,BIH.3.4_1,0.10698325788508019,0.24108532016687126
2021,04,BIH.3.5_1,0.12512219363916596,0.2520035055953105
2021,04,BIH.3.6_1,0.11576068671602048,0.2437893070424585
2021,04,BIH.3.7_1,0.11795371586419787,0.2579418237309509
2021,04,BLR.1.14_1,0,0
2021,04,BLR.1.3_1,0,0
2021,04,BLR.1.8_1,0,0
2021,04,BLR.3.11_1,0,0
2021,04,BLR.3.12_1,0,0
2021,04,BLR.3.16_1,0,0
2021,04,BLR.3.1_1,0,0
2021,04,BLR.3.2_1,0,0
2021,04,BLR.3.3_1,0,0
2021,04,BLR.3.5_1,0,0
2021,04,BLR.3.6_1,0,0
2021,04,BLR.6.11_1,0,0
2021,04,BLR.6.12_1,0,0
2021,04,BLR.6.21_1,0,0
2021,04,BLR.6.2_1,0,0
2021,04,CHE.1.10_1,0.18944566147136868,0.26196535019712563
2021,04,CHE.1.11_1,0.20775473336843164,0.23899765668049072
2021,04,CHE.1.1_1,0.15922080170927613,0.25265854477646416
2021,04,CHE.1.2_1,0.2193113905012398,0.23414452463724175
2021,04,CHE.1.3_1,0.21213016824665148,0.23857120349243807
2021,04,CHE.1.4_1,0.24700478253607175,0.2573443861040758
2021,04,CHE.1.5_1,0.18579139513314255,0.24649644255414635
2021,04,CHE.1.6_1,0.21161374107552833,0.2527919440564543
2021,04,CHE.1.7_1,0.1944088585788042,0.2413227101870484
2021,04,CHE.1.8_1,0.1924399356202389,0.23378050847246082
2021,04,CHE.1.9_1,0.16686290095376327,0.26043010138395517
2021,04,CHE.10.10_1,0.13823090718138764,0.13038395984974682
2021,04,CHE.10.11_1,0.24012084656395,0.15088375248773261
2021,04,CHE.10.1_1,0.17057002559077095,0.1405007901334001
2021,04,CHE.10.2_1,0.04782440819613807,0.120155085911174
2021,04,CHE.10.3_1,0.22303454334968123,0.15213081058355585
2021,04,CHE.10.4_1,0.10095134130220068,0.16598247379643416
2021,04,CHE.10.5_1,0.13092454569322134,0.09915790503450325
2021,04,CHE.10.6_1,0.13012407104164014,0.17937788553191833
2021,04,CHE.10.7_1,0.12844186273739439,0.10958532832251829
2021,04,CHE.10.8_1,0.1649094948102632,0.19200808460860955
2021,04,CHE.10.9_1,0.1459094944056914,0.16171616902522126
2021,04,CHE.11.1_1,0.14617289728450267,0.10508099804399083
2021,04,CHE.11.2_1,0.12971205207832923,0.11284947650050756
2021,04,CHE.11.3_1,0.158046456920503,0.09289694193160936
2021,04,CHE.12.1_1,0.12431353768768556,0.20818011955406085
2021,04,CHE.12.2_1,0.19918283153380012,0.24144903123301145
2021,04,CHE.12.3_1,0.20745505981488718,0.2576141029417058
2021,04,CHE.12.4_1,0.2095154423647198,0.24542348522040933
2021,04,CHE.12.5_1,0.20603990259652416,0.2190039115423625
2021,04,CHE.13.1_1,0.0745238914509848,0.049418115799759334
2021,04,CHE.13.2_1,0.05949597726247338,0.14690407302679687
2021,04,CHE.13.3_1,0.05588970824161525,0.05576578436590574
2021,04,CHE.13.4_1,0.08469371000743053,0.0877637988718243
2021,04,CHE.13.5_1,0.057743901613273065,0.025954928193250407
2021,04,CHE.13.6_1,0.09967160651128826,0.11340596272287808
2021,04,CHE.14.1_1,0.10557888411457042,0.12750441450579805
2021,04,CHE.15.1_1,0.10785769597452288,0.19915220433529798
2021,04,CHE.16.1_1,0.15722454356715534,0.24372671251866285
2021,04,CHE.16.2_1,0.13109662536598213,0.2462353694132289
2021,04,CHE.16.3_1,0.126884350894074,0.22065508737846765
2021,04,CHE.16.4_1,0.12247057802189396,0.20062229886475894
2021,04,CHE.16.5_1,0.18145425045092825,0.2770980132922614
2021,04,CHE.16.6_1,0.18534045787028045,0.24500328486014586
2021,04,CHE.16.7_1,0.10319286966731432,0.21684345481733547
2021,04,CHE.16.8_1,0.14801250119907847,0.2601137558051568
2021,04,CHE.17.1_1,0.0954408127926895,0.2243136261467629
2021,04,CHE.17.2_1,0.1258511426709731,0.21550340700684567
2021,04,CHE.17.3_1,0.10635913752615529,0.23726742121798228
2021,04,CHE.17.4_1,0.07391511479546088,0.22103732341062324
2021,04,CHE.17.5_1,0.08664675981492863,0.23312404871722486
2021,04,CHE.17.6_1,0.08625243743935308,0.22986330830677493
2021,04,CHE.18.1_1,0.04043862247515043,0.17920520229955125
2021,04,CHE.18.2_1,0.043262978800244566,0.21424532565421203
2021,04,CHE.18.3_1,0.08846579003066295,0.2523047290753919
2021,04,CHE.18.4_1,0.06031485913805174,0.21681733006668014
2021,04,CHE.18.5_1,0.13431684628108687,0.22378064292414832
2021,04,CHE.18.6_1,0.1707473453713294,0.2100667812904767
2021,04,CHE.19.10_1,0.20096991660205898,0.24778470865673402
2021,04,CHE.19.1_1,0.2002834161996904,0.24512768113021147
2021,04,CHE.19.2_1,0.13769487041879375,0.24200933490199106
2021,04,CHE.19.3_1,0.12511632393395342,0.25202585966696245
2021,04,CHE.19.4_1,0.14595760832394608,0.24918839357628847
2021,04,CHE.19.5_1,0.17345128018858957,0.23932758950880842
2021,04,CHE.19.6_1,0.16715230200552167,0.26167823054674183
2021,04,CHE.19.7_1,0.043697531169124226,0.22025220394358247
2021,04,CHE.19.8_1,0.13091086134819596,0.24233466518718774
2021,04,CHE.19.9_1,0.15070303396453255,0.24052897471811038
2021,04,CHE.2.1_1,0.18417043640608363,0.24053462345813473
2021,04,CHE.20.1_1,0.13616528062804198,0.2330343728956718
2021,04,CHE.20.2_1,0.11475634362543845,0.23659845056096407
2021,04,CHE.20.3_1,0.04439228905340243,0.23026366775919976
2021,04,CHE.20.4_1,0.07400779175858438,0.2217745350518869
2021,04,CHE.20.5_1,0.14457419939817476,0.2421782860420755
2021,04,CHE.20.6_1,0.1492946560547753,0.26738583719691256
2021,04,CHE.20.7_1,0.1712736555025517,0.25372960708098985
2021,04,CHE.20.8_1,0.16125849329013583,0.26232883686649827
2021,04,CHE.20.9_1,0.1270324736351355,0.26456958855402035
2021,04,CHE.21.1_1,0.17733102403984713,0.20446526073687224
2021,04,CHE.21.2_1,0.07705652592772577,0.12788728887584033
2021,04,CHE.21.3_1,0.14563942654517043,0.12921999027044753
2021,04,CHE.21.4_1,0.2736951002080901,0.25491207004039274
2021,04,CHE.21.5_1,0.36251937646414345,0.29211513062056227
2021,04,CHE.21.6_1,0.1542678141430863,0.16625433983525614
2021,04,CHE.21.7_1,0.09435017492608473,0.1698565371529195
2021,04,CHE.21.8_1,0.11259581873569055,0.20179020170655645
2021,04,CHE.22.1_1,0.17467635565879824,0.16844266208279532
2021,04,CHE.23.10_1,0,0
2021,04,CHE.23.11_1,0.03512426470084505,0.007229521263338895
2021,04,CHE.23.12_1,0.036820194234908295,0.02687387262415252
2021,04,CHE.23.13_1,0,0
2021,04,CHE.23.14_1,0.03220096846207653,0.009590938069493394
2021,04,CHE.23.1_1,0,0
2021,04,CHE.23.2_1,0,0
2021,04,CHE.23.3_1,0,0
2021,04,CHE.23.4_1,0.05343363718707989,0.022148904922062215
2021,04,CHE.23.5_1,0.03756264564759591,0.019104868193224746
2021,04,CHE.23.6_1,0.03150491061979192,0.007280262360409303
2021,04,CHE.23.7_1,0,0
2021,04,CHE.23.8_1,0.0888312516876556,0.11630099125322209
2021,04,CHE.23.9_1,0,0
2021,04,CHE.24.10_1,0.1526424380752684,0.2235940168774016
2021,04,CHE.24.1_1,0.16744266489028956,0.22131382183924167
2021,04,CHE.24.2_1,0.31965922387282864,0.23758978799091282
2021,04,CHE.24.3_1,0.31894146261020245,0.24079960050628685
2021,04,CHE.24.4_1,0.3939809272187627,0.2344064193476425
2021,04,CHE.24.5_1,0.11797470411619133,0.26583714731108743
2021,04,CHE.24.6_1,0.24385368913415037,0.23692384616402115
2021,04,CHE.24.7_1,0.35472846244049383,0.24046895997162987
2021,04,CHE.24.8_1,0.29521085659611246,0.23157284536579775
2021,04,CHE.24.9_1,0.14093096328476457,0.32560501451232704
2021,04,CHE.25.1_1,0.15036814297074663,0.23942311512682243
2021,04,CHE.26.10_1,0.07149229626494431,0.7234729583123959
2021,04,CHE.26.11_1,0.16798446327444755,0.8070279084964855
2021,04,CHE.26.12_1,0.23457698661798237,0.7934866298760206
2021,04,CHE.26.13_1,0.2680820415454448,0.9202578223021779
2021,04,CHE.26.1_1,0.18915907239373753,0.8160399255127115
2021,04,CHE.26.2_1,0.248569580064853,0.8162105360173569
2021,04,CHE.26.3_1,0.2377303262953635,0.8176540312213741
2021,04,CHE.26.4_1,0.2380571196364692,0.8144938897129569
2021,04,CHE.26.5_1,0.16789020889611958,0.8087172681903687
2021,04,CHE.26.6_1,0.16598543596278648,0.8307928065010636
2021,04,CHE.26.7_1,0.18080428007893756,0.8309390042826221
2021,04,CHE.26.8_1,0.1740309630522822,0.8256509169113276
2021,04,CHE.26.9_1,0.17586718061797427,0.8043519228856999
2021,04,CHE.3.1_1,0.07664959665118462,0.24640155786732512
2021,04,CHE.4.1_1,0.16621632476282613,0.25973062195764207
2021,04,CHE.4.2_1,0.15470909280778047,0.231324853908698
2021,04,CHE.4.3_1,0.1662309182900173,0.2572218223596887
2021,04,CHE.4.4_1,0.23779069981558865,0.26836880661983503
2021,04,CHE.4.5_1,0.17326539262083662,0.2633323468360562
2021,04,CHE.5.1_1,0.044726293335661374,0.23526939966700847
2021,04,CHE.5.2_1,0.045051647362601525,0.24027513157481725
2021,04,CHE.5.3_1,0.04561607364462967,0.24928544900887292
2021,04,CHE.6.10_1,0.09547077179557244,0.14664745757086384
2021,04,CHE.6.11_1,0.2002102321132264,0.19358384438140552
2021,04,CHE.6.12_1,0.22991793856513895,0.2180397785299134
2021,04,CHE.6.13_1,0.09676616127399464,0.23340746134916387
2021,04,CHE.6.14_1,0.14387174493364954,0.2384827569286448
2021,04,CHE.6.15_1,0.21481986532748748,0.22554871091333975
2021,04,CHE.6.16_1,0.22145359904508258,0.2572429502042367
2021,04,CHE.6.17_1,0.13765065886168787,0.24503778215742464
2021,04,CHE.6.18_1,0.09541084438268084,0.17601899204759056
2021,04,CHE.6.19_1,0.0760356682152485,0.16322682090367605
2021,04,CHE.6.1_1,0.14772676970436643,0.22649129366228388
2021,04,CHE.6.20_1,0.060708200096308944,0.13244461970857097
2021,04,CHE.6.21_1,0.08187124001539652,0.19855761520815346
2021,04,CHE.6.22_1,0.21267221036768885,0.21373870615610868
2021,04,CHE.6.23_1,0.11906108840867079,0.18453183135910783
2021,04,CHE.6.24_1,0.21919605754305493,0.22273098506841096
2021,04,CHE.6.25_1,0.13387293367138164,0.2214262014860668
2021,04,CHE.6.26_1,0.22574857836694223,0.2558515710915088
2021,04,CHE.6.2_1,0.2160207854394583,0.25257658968685437
2021,04,CHE.6.3_1,0.15206866560303106,0.21964201112693357
2021,04,CHE.6.4_1,0.07773069935606666,0.26756047697078195
2021,04,CHE.6.5_1,0.1600776525815969,0.22942185478757093
2021,04,CHE.6.6_1,0.2127789731252054,0.2409144305808764
2021,04,CHE.6.7_1,0.17428337344334327,0.2109204507962349
2021,04,CHE.6.8_1,0.1570216794319857,0.24169239355174954
2021,04,CHE.6.9_1,0.2237852409104107,0.23460693981816116
2021,04,CHE.7.1_1,0.25596334145804517,0.2633972855659982
2021,04,CHE.7.2_1,0.19505357137003665,0.22668345079560026
2021,04,CHE.7.3_1,0.2247176599862962,0.2143554952586739
2021,04,CHE.7.4_1,0.2592103232597808,0.23763182691216808
2021,04,CHE.7.5_1,0.12480314048636816,0.2107916069124102
2021,04,CHE.7.6_1,0.23340148630075971,0.2535757520883568
2021,04,CHE.7.7_1,0.18039596497224009,0.20870340656426126
2021,04,CHE.8.1_1,0.08672198327903656,0.023577291597917924
2021,04,CHE.9.1_1,0.20356103017461238,0.19531636226660504
2021,04,CYP.1_1,0,0
2021,04,CYP.2_1,0,0
2021,04,CYP.3_1,0,0
2021,04,CYP.4_1,0,0
2021,04,CYP.5_1,0,0
2021,04,CZE.1.1_1,0.012822183972324796,0.015017195723426092
2021,04,CZE.1.2_1,0.013235970776116697,0.016018342104987832
2021,04,CZE.1.3_1,0.01614465573854321,0.024027513157481747
2021,04,CZE.1.4_1,0.013235970776116697,0.016018342104987832
2021,04,CZE.1.5_1,0.013235970776116697,0.016018342104987832
2021,04,CZE.1.6_1,0.011002534713045239,0.011012610197179135
2021,04,CZE.1.7_1,0.013235970776116697,0.016018342104987832
2021,04,CZE.10.1_1,0,0
2021,04,CZE.10.2_1,0.04383939426197292,0.22225449670670594
2021,04,CZE.10.4_1,0.04355418408739656,0.2182499111804589
2021,04,CZE.10.5_1,0,0
2021,04,CZE.10.6_1,0,0
2021,04,CZE.10.7_1,0,0
2021,04,CZE.11.10_1,0.0446601906378274,0.23426825328544681
2021,04,CZE.11.11_1,0.04258520614619067,0.2052350082201564
2021,04,CZE.11.12_1,0.04993428525664269,0.3393886233494294
2021,04,CZE.11.13_1,0.04517940893026345,0.24227742433794064
2021,04,CZE.11.14_1,0.04445979121542307,0.2312648141407616
2021,04,CZE.11.15_1,0.043262978800244566,0.21424532565421203
2021,04,CZE.11.16_1,0.05120187937330777,0.3804356249934607
2021,04,CZE.11.17_1,0.04397978772639983,0.22425678946982944
2021,04,CZE.11.18_1,0.043336348730587906,0.21524647203577377
2021,04,CZE.11.19_1,0.04445979121542307,0.2312648141407616
2021,04,CZE.11.20_1,0.04439228905340243,0.23026366775919976
2021,04,CZE.11.21_1,0.04439228905340243,0.23026366775919976
2021,04,CZE.11.22_1,0.04555468204513626,0.2482843026273113
2021,04,CZE.11.2_1,0.043262978800244566,0.21424532565421203
2021,04,CZE.11.3_1,0.043626044037591925,0.21925105756202073
2021,04,CZE.11.4_1,0.0446601906378274,0.23426825328544681
2021,04,CZE.11.5_1,0.04439228905340243,0.23026366775919976
2021,04,CZE.11.6_1,0.04439228905340243,0.23026366775919976
2021,04,CZE.11.7_1,0.04250792216094254,0.20423386183859452
2021,04,CZE.11.8_1,0.04661085906822175,0.2663049374954225
2021,04,CZE.11.9_1,0.043697531169124226,0.22025220394358247
2021,04,CZE.12.10_1,0.04318922658600503,0.21324417927265019
2021,04,CZE.12.11_1,0.04281466175348721,0.2082384473648417
2021,04,CZE.12.12_1,0,0
2021,04,CZE.12.1_1,0.043626044037591925,0.21925105756202073
2021,04,CZE.12.2_1,0,0
2021,04,CZE.12.3_1,0,0
2021,04,CZE.12.4_1,0,0
2021,04,CZE.12.5_1,0,0
2021,04,CZE.12.6_1,0,0
2021,04,CZE.12.7_1,0,0
2021,04,CZE.12.8_1,0,0
2021,04,CZE.12.9_1,0.04383939426197292,0.22225449670670594
2021,04,CZE.13.1_1,0,0
2021,04,CZE.13.2_1,0,0
2021,04,CZE.13.3_1,0,0
2021,04,CZE.13.4_1,0,0
2021,04,CZE.13.5_1,0.04043862247515043,0.17920520229955125
2021,04,CZE.13.6_1,0.04078822742843078,0.18320978782579822
2021,04,CZE.13.7_1,0,0
2021,04,CZE.14.1_1,0,0
2021,04,CZE.14.2_1,0.043409338315429744,0.2162476184173354
2021,04,CZE.14.3_1,0.04390977381324289,0.2232556430882677
2021,04,CZE.14.4_1,0.04383939426197292,0.22225449670670594
2021,04,CZE.2.1_1,0,0
2021,04,CZE.2.2_1,0.04266208930235312,0.20623615460171812
2021,04,CZE.2.3_1,0,0
2021,04,CZE.2.4_1,0,0
2021,04,CZE.2.5_1,0.04452694114233289,0.23226596052232334
2021,04,CZE.2.6_1,0,0
2021,04,CZE.2.7_1,0.04227364319000529,0.20123042269390953
2021,04,CZE.3.1_1,0,0
2021,04,CZE.3.2_1,0,0
2021,04,CZE.3.3_1,0,0
2021,04,CZE.4.1_1,0,0
2021,04,CZE.4.2_1,0.04266208930235312,0.20623615460171812
2021,04,CZE.4.3_1,0.043336348730587906,0.21524647203577377
2021,04,CZE.4.4_1,0.04235214291463789,0.20223156907547127
2021,04,CZE.4.5_1,0,0
2021,04,CZE.5.1_1,0,0
2021,04,CZE.5.2_1,0,0
2021,04,CZE.5.3_1,0.04318922658600503,0.21324417927265019
2021,04,CZE.5.4_1,0.044324433047002954,0.22926252137763825
2021,04,CZE.5.5_1,0,0
2021,04,CZE.6.1_1,0,0
2021,04,CZE.6.3_1,0,0
2021,04,CZE.6.4_1,0,0
2021,04,CZE.7.1_1,0.040350058526107575,0.1782040559179894
2021,04,CZE.7.2_1,0.043336348730587906,0.21524647203577377
2021,04,CZE.7.3_1,0.04289035529534223,0.20923959374640344
2021,04,CZE.7.4_1,0.04296565650274009,0.21024074012796518
2021,04,CZE.7.5_1,0.04258520614619067,0.2052350082201564
2021,04,CZE.7.6_1,0.04235214291463789,0.20223156907547127
2021,04,CZE.8.1_1,0.04318922658600503,0.21324417927265019
2021,04,CZE.8.2_1,0.04235214291463789,0.20223156907547127
2021,04,CZE.8.3_1,0.04555468204513626,0.2482843026273113
2021,04,CZE.8.4_1,0,0
2021,04,CZE.8.5_1,0.04195552353966833,0.19722583716766257
2021,04,CZE.9.1_1,0,0
2021,04,CZE.9.2_1,0,0
2021,04,CZE.9.3_1,0,0
2021,04,CZE.9.4_1,0.04104563072528353,0.18621322697048331
2021,04,DEU.1.10_1,0.20395084897822713,0.17200130532498203
2021,04,DEU.1.11_1,0.25528184402376836,0.16201769326565604
2021,04,DEU.1.12_1,0.03817617937893299,0.1551776891420695
2021,04,DEU.1.13_1,0.15626406762119446,0.17780447179400422
2021,04,DEU.1.14_1,0.2306980183681593,0.15956286798791253
2021,04,DEU.1.15_1,0.03934404384182617,0.16719144572081038
2021,04,DEU.1.16_1,0.11927170158998911,0.14311674922226592
2021,04,DEU.1.17_1,0.03671169167888907,0.14116163980020516
2021,04,DEU.1.18_1,0.2549285507077157,0.1613489949957851
2021,04,DEU.1.19_1,0.15341902329192533,0.16955011451813928
2021,04,DEU.1.1_1,0.2663093425097881,0.14343273238380844
2021,04,DEU.1.20_1,0.03857401269898384,0.15918227466831647
2021,04,DEU.1.21_1,0.22092537114086197,0.1782141984383313
2021,04,DEU.1.22_1,0.19626638408345998,0.17146700787126348
2021,04,DEU.1.23_1,0.2234651133051341,0.16391047071820705
2021,04,DEU.1.24_1,0.23716811647527036,0.16571843247780133
2021,04,DEU.1.25_1,0.15696118378945909,0.15434794250216544
2021,04,DEU.1.26_1,0.03934404384182617,0.16719144572081038
2021,04,DEU.1.27_1,0.1977664625694211,0.16671754726210122
2021,04,DEU.1.28_1,0.2776880754971961,0.17174792426719732
2021,04,DEU.1.29_1,0.23761255380943075,0.15139480708214187
2021,04,DEU.1.2_1,0.04026102337855389,0.17720290953642778
2021,04,DEU.1.30_1,0.0395313934603246,0.16919373848393388
2021,04,DEU.1.31_1,0.18442731171655302,0.17101906168583123
2021,04,DEU.1.32_1,0.22946378689824357,0.15205779721903626
2021,04,DEU.1.33_1,0.21061727032809976,0.16405623884712503
2021,04,DEU.1.34_1,0.19054657165073627,0.15133425379369975
2021,04,DEU.1.35_1,0.2834835960190291,0.17282000620982702
2021,04,DEU.1.36_1,0.17636692065497067,0.17129181256918505
2021,04,DEU.1.37_1,0.20416790787280673,0.15750540541195254
2021,04,DEU.1.38_1,0.1637133238178349,0.1504216451831378
2021,04,DEU.1.39_1,0.1829596690909168,0.15054067581210132
2021,04,DEU.1.3_1,0.24291183322769802,0.14653336994324215
2021,04,DEU.1.40_1,0.03827646143939256,0.15617883552363127
2021,04,DEU.1.41_1,0.14520591302305128,0.15933093933009287
2021,04,DEU.1.42_1,0.2136382902569389,0.1452596891654092
2021,04,DEU.1.43_1,0.03627136840814639,0.1371570542739582
2021,04,DEU.1.44_1,0.214522125056218,0.16529946998907524
2021,04,DEU.1.45_1,0.1793788651285978,0.1429320399435211
2021,04,DEU.1.4_1,0.19113381867284132,0.15988415072074286
2021,04,DEU.1.5_1,0.04243023515635443,0.203232715457033
2021,04,DEU.1.6_1,0.1817472032685146,0.16465906255314383
2021,04,DEU.1.7_1,0.26328309329287897,0.15762895603824387
2021,04,DEU.1.8_1,0.19501631528030422,0.18143396770097414
2021,04,DEU.1.9_1,0.18588513286702496,0.16490208198937573
2021,04,DEU.10.10_1,0.04227364319000529,0.20123042269390953
2021,04,DEU.10.11_1,0.043626044037591925,0.030249869972685015
2021,04,DEU.10.12_1,0,0
2021,04,DEU.10.13_1,0.13855301154248192,0.2133173973582399
2021,04,DEU.10.14_1,0,0
2021,04,DEU.10.15_1,0.042035676230689226,0.01865841336118455
2021,04,DEU.10.16_1,0,0
2021,04,DEU.10.17_1,0,0
2021,04,DEU.10.18_1,0.08606064357058006,0.10059031773544587
2021,04,DEU.10.19_1,0.09574747723869405,0.1343247508432192
2021,04,DEU.10.1_1,0.04129900497614448,0.18921666611516855
2021,04,DEU.10.20_1,0,0
2021,04,DEU.10.21_1,0,0
2021,04,DEU.10.22_1,0.07509921785192888,0.07810609029591938
2021,04,DEU.10.23_1,0,0
2021,04,DEU.10.24_1,0.04266208930235312,0.20623615460171812
2021,04,DEU.10.25_1,0.043336348730587906,0.21524647203577377
2021,04,DEU.10.26_1,0.043262978800244566,0.21424532565421203
2021,04,DEU.10.27_1,0.17496698346376566,0.24560362087089826
2021,04,DEU.10.28_1,0.07628886327374286,0.0559636535085963
2021,04,DEU.10.29_1,0.08724813447978683,0.10485191058487332
2021,04,DEU.10.2_1,0,0
2021,04,DEU.10.30_1,0.14053954358142695,0.22234890399446838
2021,04,DEU.10.31_1,0.041465719305868474,0.19121895887829213
2021,04,DEU.10.32_1,0,0
2021,04,DEU.10.33_1,0,0
2021,04,DEU.10.34_1,0.15612229658235138,0.23730737988163403
2021,04,DEU.10.35_1,0,0
2021,04,DEU.10.36_1,0.061009977419109414,0.07298466453384936
2021,04,DEU.10.37_1,0.07607451300323843,0.08167521972385665
2021,04,DEU.10.38_1,0,0
2021,04,DEU.10.39_1,0.04211541216598253,0.19922812993078606
2021,04,DEU.10.3_1,0.04281466175348721,0.2082384473648417
2021,04,DEU.10.40_1,0.13749483530174209,0.24009370908121858
2021,04,DEU.10.41_1,0.12288591404821297,0.23839771067001955
2021,04,DEU.10.42_1,0.1891888066013893,0.2401020899101205
2021,04,DEU.10.43_1,0.1255817106939111,0.2548753588134514
2021,04,DEU.10.44_1,0.0758781837928391,0.07393073365363872
2021,04,DEU.10.45_1,0,0
2021,04,DEU.10.46_1,0.044118725592247554,0.2262590822329529
2021,04,DEU.10.47_1,0.11418466216708552,0.17096207812006362
2021,04,DEU.10.48_1,0,0
2021,04,DEU.10.49_1,0,0
2021,04,DEU.10.4_1,0,0
2021,04,DEU.10.50_1,0.07588654233479855,0.08934143550809766
2021,04,DEU.10.51_1,0,0
2021,04,DEU.10.52_1,0,0
2021,04,DEU.10.53_1,0.044324433047002954,0.22926252137763825
2021,04,DEU.10.5_1,0,0
2021,04,DEU.10.6_1,0,0
2021,04,DEU.10.7_1,0,0
2021,04,DEU.10.8_1,0.044987259497169904,0.2392739851932554
2021,04,DEU.10.9_1,0.16862016840252236,0.2418187559654078
2021,04,DEU.11.10_1,0.593086261773192,0.17442697535883134
2021,04,DEU.11.11_1,0.03512426470084505,0.1271455904583408
2021,04,DEU.11.12_1,0.23316568463159137,0.21681645120149612
2021,04,DEU.11.13_1,0.04154842389192632,0.19222010525985375
2021,04,DEU.11.14_1,0.21640057787387112,0.12379407270419496
2021,04,DEU.11.15_1,0.04008152691092928,0.1752006167733043
2021,04,DEU.11.16_1,0.39634942635103976,0.19110250979822627
2021,04,DEU.11.17_1,0.040350058526107575,0.1782040559179894
2021,04,DEU.11.18_1,0.04078822742843078,0.18320978782579822
2021,04,DEU.11.19_1,0.32107773410287316,0.1870078159527099
2021,04,DEU.11.1_1,0.3397960990816552,0.18454675925542194
2021,04,DEU.11.20_1,0.04008152691092928,0.1752006167733043
2021,04,DEU.11.21_1,0.3740730918866806,0.192532148806948
2021,04,DEU.11.22_1,0.04052671831484468,0.1802063486811129
2021,04,DEU.11.23_1,0.3232025711330269,0.2047096342239003
2021,04,DEU.11.24_1,0.04138258054131647,0.19021781249673028
2021,04,DEU.11.25_1,0.4637819812605964,0.18576451030904495
2021,04,DEU.11.26_1,0.47087375619675137,0.19407092217663907
2021,04,DEU.11.27_1,0.1974706775555366,0.18469093033934478
2021,04,DEU.11.28_1,0.04061434909129266,0.18120749506267475
2021,04,DEU.11.29_1,0.3476594973181145,0.1927742777199907
2021,04,DEU.11.2_1,0.4449729762788724,0.20370331282136567
2021,04,DEU.11.30_1,0.3812138029461136,0.2129966412999008
2021,04,DEU.11.31_1,0.4088420531877548,0.19216729764453136
2021,04,DEU.11.32_1,0.0391546610630516,0.1651891529576869
2021,04,DEU.11.33_1,0.40354786383800817,0.17373940822323505
2021,04,DEU.11.34_1,0.5564140536402862,0.1929996406420359
2021,04,DEU.11.35_1,0.03876967652559617,0.16118456743143994
2021,04,DEU.11.36_1,0.039991059189604855,0.17419947039174247
2021,04,DEU.11.3_1,0.31823884895269333,0.16991636412059363
2021,04,DEU.11.4_1,0.28141677133893866,0.21050708209360006
2021,04,DEU.11.5_1,0.4359513452673619,0.19261135298579055
2021,04,DEU.11.6_1,0.41574339384375614,0.19321291984104277
2021,04,DEU.11.7_1,0.3961873729494859,0.1966153672269578
2021,04,DEU.11.8_1,0.3794461430200847,0.19432390301772207
2021,04,DEU.11.9_1,0.35245432436365143,0.18020838865870034
2021,04,DEU.12.1_1,0.10485709692380249,0.1985662500396716
2021,04,DEU.12.2_1,0.11534043528426866,0.24043378700310145
2021,04,DEU.12.3_1,0.12916823013435233,0.24293440854388887
2021,04,DEU.12.4_1,0.10627734422844844,0.11850793763778236
2021,04,DEU.12.5_1,0.11643859244583907,0.24774460421511943
2021,04,DEU.12.6_1,0.12090779277448542,0.22719586154722463
2021,04,DEU.13.10_1,0,0
2021,04,DEU.13.11_1,0,0
2021,04,DEU.13.12_1,0,0
2021,04,DEU.13.13_1,0,0
2021,04,DEU.13.14_1,0,0
2021,04,DEU.13.1_1,0,0
2021,04,DEU.13.2_1,0,0
2021,04,DEU.13.3_1,0,0
2021,04,DEU.13.4_1,0,0
2021,04,DEU.13.5_1,0,0
2021,04,DEU.13.6_1,0,0
2021,04,DEU.13.7_1,0,0
2021,04,DEU.13.8_1,0,0
2021,04,DEU.13.9_1,0,0
2021,04,DEU.14.10_1,0.09406025062443404,0.04038786917249354
2021,04,DEU.14.11_1,0.09416370757297665,0.033993871118530604
2021,04,DEU.14.12_1,0.08551866513557246,0.026466400918629243
2021,04,DEU.14.13_1,0.24268839020557983,0.22197839074443657
2021,04,DEU.14.1_1,0,0
2021,04,DEU.14.2_1,0.042035676230689226,0.1982269835492243
2021,04,DEU.14.3_1,0,0
2021,04,DEU.14.4_1,0.13874715030592902,0.04307500394621004
2021,04,DEU.14.5_1,0,0
2021,04,DEU.14.6_1,0.04281466175348721,0.2082384473648417
2021,04,DEU.14.7_1,0.12662102825382618,0.06600634368249511
2021,04,DEU.14.8_1,0.08303241224577385,0.032211774992917296
2021,04,DEU.14.9_1,0.3039998793781774,0.20922789285136706
2021,04,DEU.15.10_1,0,0
2021,04,DEU.15.11_1,0,0
2021,04,DEU.15.12_1,0,0
2021,04,DEU.15.13_1,0,0
2021,04,DEU.15.14_1,0,0
2021,04,DEU.15.15_1,0,0
2021,04,DEU.15.1_1,0,0
2021,04,DEU.15.2_1,0,0
2021,04,DEU.15.3_1,0,0
2021,04,DEU.15.4_1,0,0
2021,04,DEU.15.5_1,0,0
2021,04,DEU.15.6_1,0,0
2021,04,DEU.15.7_1,0,0
2021,04,DEU.15.8_1,0,0
2021,04,DEU.15.9_1,0,0
2021,04,DEU.16.10_1,0,0
2021,04,DEU.16.11_1,0,0
2021,04,DEU.16.12_1,0,0
2021,04,DEU.16.13_1,0.0821300873499991,0.00979626025363966
2021,04,DEU.16.14_1,0.1074094794208043,0.02127094486360804
2021,04,DEU.16.15_1,0.2566887242633906,0.21629989281978987
2021,04,DEU.16.16_1,0,0
2021,04,DEU.16.17_1,0,0
2021,04,DEU.16.18_1,0.08500105279962598,0.0881433893473926
2021,04,DEU.16.19_1,0,0
2021,04,DEU.16.1_1,0.1178257246171377,0.046300309324694575
2021,04,DEU.16.20_1,0,0
2021,04,DEU.16.21_1,0.09621353477602661,0.02636799541403557
2021,04,DEU.16.22_1,0.05838255540626623,0.007491169489148292
2021,04,DEU.16.23_1,0,0
2021,04,DEU.16.2_1,0,0
2021,04,DEU.16.3_1,0.04266208930235312,0.20623615460171812
2021,04,DEU.16.4_1,0,0
2021,04,DEU.16.5_1,0,0
2021,04,DEU.16.6_1,0,0
2021,04,DEU.16.7_1,0.08316283905210502,0.020496974824723027
2021,04,DEU.16.8_1,0.043115090126077074,0.0072270169194731835
2021,04,DEU.16.9_1,0.10984229123708773,0.038776986232839004
2021,04,DEU.2.10_1,0.2129466462248424,0.10085250637390426
2021,04,DEU.2.11_1,0.04686038161195522,0.00638037452077014
2021,04,DEU.2.12_1,0.030636798264735553,0.004443381382325177
2021,04,DEU.2.13_1,0,0
2021,04,DEU.2.14_1,0,0
2021,04,DEU.2.15_1,0,0
2021,04,DEU.2.16_1,0,0
2021,04,DEU.2.17_1,0.13274699779901467,0.11047850715469061
2021,04,DEU.2.18_1,0,0
2021,04,DEU.2.19_1,0,0
2021,04,DEU.2.1_1,0.14596664221170158,0.0914408843775196
2021,04,DEU.2.20_1,0,0
2021,04,DEU.2.21_1,0.1254259308256586,0.09590988996533593
2021,04,DEU.2.22_1,0.02761338272169714,0.0030676949165867324
2021,04,DEU.2.23_1,0.1600763318298201,0.09894692417625353
2021,04,DEU.2.24_1,0.06125198195382548,0.026932550076006187
2021,04,DEU.2.25_1,0.2049692252966708,0.09464310555874572
2021,04,DEU.2.26_1,0.15354981155169758,0.10324607024854075
2021,04,DEU.2.27_1,0.17309470246148678,0.10108069245654966
2021,04,DEU.2.28_1,0.042017936585414806,0.007308075222982647
2021,04,DEU.2.29_1,0,0
2021,04,DEU.2.2_1,0.07922342172392614,0.028950192168917487
2021,04,DEU.2.30_1,0,0
2021,04,DEU.2.31_1,0,0
2021,04,DEU.2.32_1,0,0
2021,04,DEU.2.33_1,0.05277948130283356,0.01258767156065835
2021,04,DEU.2.34_1,0.08204272019165991,0.02039969753360698
2021,04,DEU.2.35_1,0.14407049517441242,0.0931460948874379
2021,04,DEU.2.36_1,0.045810322203522144,0.016671044425760832
2021,04,DEU.2.37_1,0.06817535020040902,0.02195698032706971
2021,04,DEU.2.38_1,0.1833471033159586,0.09703387164330182
2021,04,DEU.2.39_1,0,0
2021,04,DEU.2.3_1,0,0
2021,04,DEU.2.40_1,0,0
2021,04,DEU.2.41_1,0,0
2021,04,DEU.2.42_1,0.031075497546900678,0.09611005262992688
2021,04,DEU.2.43_1,0.030784087493643326,0.0941077598668034
2021,04,DEU.2.44_1,0.04342612522252261,0.007337199944505259
2021,04,DEU.2.45_1,0.03003671617972372,0.0891020279589947
2021,04,DEU.2.46_1,0.06192652200973413,0.013488342474476481
2021,04,DEU.2.47_1,0.051479196310061426,0.014183026523469425
2021,04,DEU.2.48_1,0,0
2021,04,DEU.2.49_1,0.17402335407214792,0.09865025328188223
2021,04,DEU.2.4_1,0,0
2021,04,DEU.2.50_1,0,0
2021,04,DEU.2.51_1,0.03033897449282865,0.0028553977534670444
2021,04,DEU.2.52_1,0,0
2021,04,DEU.2.53_1,0.13891226333012585,0.1069332697494711
2021,04,DEU.2.54_1,0.03260737794738307,0.10712266282710602
2021,04,DEU.2.55_1,0.22993884536986706,0.1133408297354293
2021,04,DEU.2.56_1,0.03150491061979192,0.0991134917746121
2021,04,DEU.2.57_1,0.07226302419615353,0.032525589605399044
2021,04,DEU.2.58_1,0.1927182681759541,0.11728218457932352
2021,04,DEU.2.59_1,0.06682730405339798,0.015025853014717483
2021,04,DEU.2.5_1,0.028941865828918,0.08209400328806253
2021,04,DEU.2.60_1,0.11150362558299307,0.0437724597861766
2021,04,DEU.2.61_1,0.14403955871414165,0.10392455259463934
2021,04,DEU.2.62_1,0.1288462415771717,0.09572178665037726
2021,04,DEU.2.63_1,0.04424955809388857,0.011290262530210858
2021,04,DEU.2.64_1,0.08678579502829299,0.020914464975757347
2021,04,DEU.2.65_1,0,0
2021,04,DEU.2.66_1,0,0
2021,04,DEU.2.67_1,0,0
2021,04,DEU.2.68_1,0.16337302191923417,0.09565001871756192
2021,04,DEU.2.69_1,0.20498651545531382,0.09719977947244561
2021,04,DEU.2.6_1,0.22992103598950048,0.09261476479359136
2021,04,DEU.2.70_1,0.03260737794738307,0.10712266282710602
2021,04,DEU.2.71_1,0.12010077962668288,0.04093832157269889
2021,04,DEU.2.72_1,0.07970743230713265,0.03565509256010716
2021,04,DEU.2.73_1,0,0
2021,04,DEU.2.74_1,0,0
2021,04,DEU.2.75_1,0,0
2021,04,DEU.2.76_1,0,0
2021,04,DEU.2.77_1,0.029729888070230116,0.08709973519587123
2021,04,DEU.2.78_1,0.21640546278655765,0.10236166633421467
2021,04,DEU.2.79_1,0.05968420473107469,0.018139259679499826
2021,04,DEU.2.7_1,0.03274104705540043,0.10812380920866775
2021,04,DEU.2.80_1,0.17204789485845412,0.09960118057047385
2021,04,DEU.2.81_1,0,0
2021,04,DEU.2.82_1,0,0
2021,04,DEU.2.83_1,0,0
2021,04,DEU.2.84_1,0.053317099218880594,0.008607191941740694
2021,04,DEU.2.85_1,0.07667971418670078,0.04230133075903858
2021,04,DEU.2.86_1,0,0
2021,04,DEU.2.87_1,0,0
2021,04,DEU.2.88_1,0,0
2021,04,DEU.2.89_1,0.11696644468827555,0.040935316665712145
2021,04,DEU.2.8_1,0.10083029559227094,0.028131182328615348
2021,04,DEU.2.90_1,0.2246397553465583,0.09942010676328746
2021,04,DEU.2.91_1,0.030188407933196756,0.09010317434055645
2021,04,DEU.2.92_1,0,0
2021,04,DEU.2.93_1,0.08976501936903426,0.02603065739162491
2021,04,DEU.2.94_1,0.15993025198929672,0.09875036764790578
2021,04,DEU.2.95_1,0,0
2021,04,DEU.2.96_1,0.23068608016144881,0.10132569804877607
2021,04,DEU.2.9_1,0.029418347178213625,0.08509744243274775
2021,04,DEU.3.1_1,0,0
2021,04,DEU.4.10_1,0,0
2021,04,DEU.4.11_1,0,0
2021,04,DEU.4.12_1,0,0
2021,04,DEU.4.13_1,0,0
2021,04,DEU.4.14_1,0,0
2021,04,DEU.4.15_1,0,0
2021,04,DEU.4.16_1,0,0
2021,04,DEU.4.17_1,0,0
2021,04,DEU.4.18_1,0,0
2021,04,DEU.4.1_1,0,0
2021,04,DEU.4.2_1,0,0
2021,04,DEU.4.3_1,0,0
2021,04,DEU.4.4_1,0,0
2021,04,DEU.4.5_1,0,0
2021,04,DEU.4.6_1,0,0
2021,04,DEU.4.7_1,0,0
2021,04,DEU.4.8_1,0,0
2021,04,DEU.4.9_1,0,0
2021,04,DEU.5.1_1,0,0
2021,04,DEU.5.2_1,0,0
2021,04,DEU.6.1_1,0,0
2021,04,DEU.7.10_1,0,0
2021,04,DEU.7.11_1,0,0
2021,04,DEU.7.12_1,0.09565614532658687,0.055138556993358796
2021,04,DEU.7.13_1,0.1887784970889032,0.23846880637475637
2021,04,DEU.7.14_1,0.08738264738508714,0.03706520476864394
2021,04,DEU.7.15_1,0.14715462532222245,0.2245445215311504
2021,04,DEU.7.16_1,0,0
2021,04,DEU.7.17_1,0.16981830704224993,0.247108185036591
2021,04,DEU.7.18_1,0,0
2021,04,DEU.7.19_1,0.0979096837734968,0.10271597607190451
2021,04,DEU.7.1_1,0.21204170920854085,0.25477979985058424
2021,04,DEU.7.20_1,0.17400612074005326,0.22055403845882776
2021,04,DEU.7.21_1,0,0
2021,04,DEU.7.22_1,0,0
2021,04,DEU.7.23_1,0,0
2021,04,DEU.7.24_1,0,0
2021,04,DEU.7.25_1,0,0
2021,04,DEU.7.26_1,0.04078822742843078,0.18320978782579822
2021,04,DEU.7.2_1,0.20659259184398293,0.23512547724766972
2021,04,DEU.7.3_1,0.043115090126077074,0.21224303289108856
2021,04,DEU.7.4_1,0.043697531169124226,0.22025220394358247
2021,04,DEU.7.5_1,0,0
2021,04,DEU.7.6_1,0,0
2021,04,DEU.7.7_1,0.16146881816205777,0.23551916970476297
2021,04,DEU.7.8_1,0,0
2021,04,DEU.7.9_1,0.1036726303069737,0.10937025396600994
2021,04,DEU.8.1_1,0,0
2021,04,DEU.8.2_1,0,0
2021,04,DEU.8.3_1,0,0
2021,04,DEU.8.4_1,0,0
2021,04,DEU.8.5_1,0,0
2021,04,DEU.8.6_1,0,0
2021,04,DEU.8.7_1,0,0
2021,04,DEU.8.8_1,0,0
2021,04,DEU.9.10_1,0,0
2021,04,DEU.9.11_1,0,0
2021,04,DEU.9.12_1,0.04026102337855389,0.005100391720243737
2021,04,DEU.9.13_1,0.05889822227535148,0.04234046385646236
2021,04,DEU.9.14_1,0,0
2021,04,DEU.9.15_1,0.04227364319000529,0.009973752116073986
2021,04,DEU.9.16_1,0.12093737767218762,0.22733478772496668
2021,04,DEU.9.17_1,0,0
2021,04,DEU.9.18_1,0.0866703865007948,0.04442810371197214
2021,04,DEU.9.19_1,0,0
2021,04,DEU.9.1_1,0,0
2021,04,DEU.9.20_1,0.2687685095972209,0.22610183738168135
2021,04,DEU.9.21_1,0.1530064622691932,0.08165941151771057
2021,04,DEU.9.22_1,0,0
2021,04,DEU.9.23_1,0,0
2021,04,DEU.9.24_1,0,0
2021,04,DEU.9.25_1,0.11225524100481786,0.04828595524107949
2021,04,DEU.9.26_1,0.060114539614837474,0.04143180066393906
2021,04,DEU.9.27_1,0,0
2021,04,DEU.9.28_1,0,0
2021,04,DEU.9.29_1,0,0
2021,04,DEU.9.2_1,0,0
2021,04,DEU.9.30_1,0.07386700034851518,0.02259235386563901
2021,04,DEU.9.31_1,0,0
2021,04,DEU.9.32_1,0,0
2021,04,DEU.9.33_1,0.09458434510037862,0.16272907200821457
2021,04,DEU.9.34_1,0.19700478969637944,0.23391568126960374
2021,04,DEU.9.35_1,0,0
2021,04,DEU.9.36_1,0.04459374042533476,0.23326710690388497
2021,04,DEU.9.37_1,0.2636633452072009,0.2309868181560425
2021,04,DEU.9.38_1,0,0
2021,04,DEU.9.39_1,0,0
2021,04,DEU.9.3_1,0,0
2021,04,DEU.9.40_1,0,0
2021,04,DEU.9.41_1,0,0
2021,04,DEU.9.42_1,0,0
2021,04,DEU.9.43_1,0,0
2021,04,DEU.9.44_1,0,0
2021,04,DEU.9.45_1,0.07492372736814314,0.02238272327908519
2021,04,DEU.9.46_1,0,0
2021,04,DEU.9.4_1,0.1194421233843016,0.09096049489089982
2021,04,DEU.9.5_1,0,0
2021,04,DEU.9.6_1,0,0
2021,04,DEU.9.7_1,0,0
2021,04,DEU.9.8_1,0.09806667954647662,0.03057005576266292
2021,04,DEU.9.9_1,0,0
2021,04,DNK.1.10_1,0,0
2021,04,DNK.1.11_1,0,0
2021,04,DNK.1.12_1,0,0
2021,04,DNK.1.13_1,0,0
2021,04,DNK.1.14_1,0,0
2021,04,DNK.1.15_1,0,0
2021,04,DNK.1.16_1,0,0
2021,04,DNK.1.17_1,0,0
2021,04,DNK.1.18_1,0,0
2021,04,DNK.1.19_1,0,0
2021,04,DNK.1.1_1,0,0
2021,04,DNK.1.20_1,0,0
2021,04,DNK.1.21_1,0,0
2021,04,DNK.1.22_1,0,0
2021,04,DNK.1.23_1,0,0
2021,04,DNK.1.24_1,0,0
2021,04,DNK.1.25_1,0,0
2021,04,DNK.1.26_1,0,0
2021,04,DNK.1.27_1,0,0
2021,04,DNK.1.28_1,0,0
2021,04,DNK.1.2_1,0,0
2021,04,DNK.1.30_1,0,0
2021,04,DNK.1.3_1,0,0
2021,04,DNK.1.5_1,0,0
2021,04,DNK.1.8_1,0,0
2021,04,DNK.1.9_1,0,0
2021,04,DNK.2.10_1,0,0
2021,04,DNK.2.11_1,0,0
2021,04,DNK.2.12_1,0,0
2021,04,DNK.2.14_1,0,0
2021,04,DNK.2.15_1,0,0
2021,04,DNK.2.16_1,0,0
2021,04,DNK.2.17_1,0,0
2021,04,DNK.2.18_1,0,0
2021,04,DNK.2.19_1,0,0
2021,04,DNK.2.1_1,0,0
2021,04,DNK.2.2_1,0,0
2021,04,DNK.2.3_1,0,0
2021,04,DNK.2.4_1,0,0
2021,04,DNK.2.5_1,0,0
2021,04,DNK.2.6_1,0,0
2021,04,DNK.2.7_1,0,0
2021,04,DNK.2.8_1,0,0
2021,04,DNK.2.9_1,0,0
2021,04,DNK.2_1,0,0
2021,04,DNK.3.10_1,0,0
2021,04,DNK.3.11_1,0,0
2021,04,DNK.3.1_1,0,0
2021,04,DNK.3.2_1,0,0
2021,04,DNK.3.3_1,0,0
2021,04,DNK.3.4_1,0,0
2021,04,DNK.3.5_1,0,0
2021,04,DNK.3.7_1,0,0
2021,04,DNK.3.8_1,0,0
2021,04,DNK.3.9_1,0,0
2021,04,DNK.4.10_1,0,0
2021,04,DNK.4.11_1,0,0
2021,04,DNK.4.12_1,0,0
2021,04,DNK.4.13_1,0,0
2021,04,DNK.4.14_1,0,0
2021,04,DNK.4.15_1,0,0
2021,04,DNK.4.16_1,0,0
2021,04,DNK.4.17_1,0,0
2021,04,DNK.4.1_1,0,0
2021,04,DNK.4.2_1,0,0
2021,04,DNK.4.3_1,0,0
2021,04,DNK.4.4_1,0,0
2021,04,DNK.4.5_1,0,0
2021,04,DNK.4.6_1,0,0
2021,04,DNK.4.7_1,0,0
2021,04,DNK.4.8_1,0,0
2021,04,DNK.4.9_1,0,0
2021,04,DNK.5.10_1,0,0
2021,04,DNK.5.11_1,0,0
2021,04,DNK.5.12_1,0,0
2021,04,DNK.5.13_1,0,0
2021,04,DNK.5.14_1,0,0
2021,04,DNK.5.15_1,0,0
2021,04,DNK.5.16_1,0,0
2021,04,DNK.5.17_1,0,0
2021,04,DNK.5.18_1,0,0
2021,04,DNK.5.19_1,0,0
2021,04,DNK.5.1_1,0,0
2021,04,DNK.5.20_1,0,0
2021,04,DNK.5.21_1,0,0
2021,04,DNK.5.22_1,0,0
2021,04,DNK.5.2_1,0,0
2021,04,DNK.5.3_1,0,0
2021,04,DNK.5.4_1,0,0
2021,04,DNK.5.5_1,0,0
2021,04,DNK.5.6_1,0,0
2021,04,DNK.5.8_1,0,0
2021,04,DNK.5.9_1,0,0
2021,04,ESP.1.1_1,0,0
2021,04,ESP.1.2_1,0,0
2021,04,ESP.1.3_1,0,0
2021,04,ESP.1.4_1,0,0
2021,04,ESP.1.5_1,0,0
2021,04,ESP.1.6_1,0,0
2021,04,ESP.1.7_1,0,0
2021,04,ESP.1.8_1,0,0
2021,04,ESP.10.1_1,0,0
2021,04,ESP.10.2_1,0,0
2021,04,ESP.10.3_1,0,0
2021,04,ESP.11.1_1,0,0
2021,04,ESP.11.2_1,0,0
2021,04,ESP.12.1_1,0,0
2021,04,ESP.12.2_1,0.142526571724686,0.051706438081862864
2021,04,ESP.12.3_1,0,0
2021,04,ESP.12.4_1,0,0
2021,04,ESP.13.1_1,0,0
2021,04,ESP.14.1_1,0,0
2021,04,ESP.15.1_1,0.13686131162173013,0.016782638458600164
2021,04,ESP.16.1_1,0.27023948180843627,0.20000703798603353
2021,04,ESP.16.2_1,0.42219586998392805,0.2972709507998076
2021,04,ESP.16.3_1,0.4511759580507628,0.27688349368297605
2021,04,ESP.17.1_1,0.24500711031182104,0.08288911881651305
2021,04,ESP.18.1_1,0,0
2021,04,ESP.2.1_1,0,0
2021,04,ESP.2.2_1,0,0
2021,04,ESP.2.3_1,0,0
2021,04,ESP.3.1_1,0.29389326808995125,0.11952684707532468
2021,04,ESP.4.1_1,0,0
2021,04,ESP.4.2_1,0,0
2021,04,ESP.4.3_1,0,0
2021,04,ESP.4.4_1,0,0
2021,04,ESP.4.5_1,0,0
2021,04,ESP.5.1_1,0,0
2021,04,ESP.5.2_1,0.10460103421698305,0.004385184457468467
2021,04,ESP.5.3_1,0.0947348710580376,0.007190160020673986
2021,04,ESP.5.4_1,0,0
2021,04,ESP.5.5_1,0,0
2021,04,ESP.5.6_1,0,0
2021,04,ESP.5.7_1,0,0
2021,04,ESP.5.8_1,0,0
2021,04,ESP.5.9_1,0,0
2021,04,ESP.6.1_1,0,0
2021,04,ESP.6.2_1,0,0
2021,04,ESP.6.3_1,0,0
2021,04,ESP.6.4_1,0,0
2021,04,ESP.7.1_1,0,0
2021,04,ESP.7.2_1,0,0
2021,04,ESP.8.1_1,0,0
2021,04,ESP.9.1_1,0.28582206197893084,0.03537137997276363
2021,04,FIN.2.1_1,0,0
2021,04,FIN.3.2_1,0,0
2021,04,FIN.4.5_1,0,0
2021,04,FIN.5.3_1,0,0
2021,04,FIN.5.6_1,0,0
2021,04,FIN.5.7_1,0,0
2021,04,FIN.5.9_1,0,0
2021,04,FRA.1.10_1,0,0
2021,04,FRA.1.11_1,0,0
2021,04,FRA.1.12_1,0,0
2021,04,FRA.1.1_1,0.04273857379260498,0.006183788409968626
2021,04,FRA.1.2_1,0,0
2021,04,FRA.1.3_1,0,0
2021,04,FRA.1.4_1,0,0
2021,04,FRA.1.5_1,0,0
2021,04,FRA.1.6_1,0,0
2021,04,FRA.1.7_1,0.0647065218224019,0.018524067534513446
2021,04,FRA.1.8_1,0,0
2021,04,FRA.1.9_1,0,0
2021,04,FRA.10.10_1,0,0
2021,04,FRA.10.11_1,0.10785367234406378,0.040677037037860395
2021,04,FRA.10.12_1,0,0
2021,04,FRA.10.1_1,0,0
2021,04,FRA.10.2_1,0,0
2021,04,FRA.10.3_1,0,0
2021,04,FRA.10.4_1,0,0
2021,04,FRA.10.5_1,0,0
2021,04,FRA.10.6_1,0,0
2021,04,FRA.10.7_1,0,0
2021,04,FRA.10.8_1,0,0
2021,04,FRA.10.9_1,0,0
2021,04,FRA.11.10_1,0,0
2021,04,FRA.11.11_1,0,0
2021,04,FRA.11.12_1,0,0
2021,04,FRA.11.13_1,0,0
2021,04,FRA.11.1_1,0,0
2021,04,FRA.11.2_1,0,0
2021,04,FRA.11.3_1,0,0
2021,04,FRA.11.4_1,0,0
2021,04,FRA.11.5_1,0,0
2021,04,FRA.11.6_1,0,0
2021,04,FRA.11.7_1,0,0
2021,04,FRA.11.8_1,0,0
2021,04,FRA.11.9_1,0,0
2021,04,FRA.12.1_1,0,0
2021,04,FRA.12.2_1,0,0
2021,04,FRA.12.3_1,0,0
2021,04,FRA.12.4_1,0,0
2021,04,FRA.12.5_1,0,0
2021,04,FRA.13.1_1,0,0
2021,04,FRA.13.2_1,0.06619826263632714,0.018358258051155176
2021,04,FRA.13.3_1,0,0
2021,04,FRA.13.4_1,0,0
2021,04,FRA.13.5_1,0,0
2021,04,FRA.13.6_1,0,0
2021,04,FRA.2.1_1,0.11224859933101326,0.043584383309659164
2021,04,FRA.2.2_1,0.2492870839941839,0.24045485098873084
2021,04,FRA.2.3_1,0.25940750404334595,0.23771027505493872
2021,04,FRA.2.4_1,0.12051232568531768,0.05577777242973039
2021,04,FRA.2.5_1,0,0
2021,04,FRA.2.6_1,0,0
2021,04,FRA.2.7_1,0.14483776425222955,0.24330081018202185
2021,04,FRA.2.8_1,0,0
2021,04,FRA.3.1_1,0,0
2021,04,FRA.3.2_1,0,0
2021,04,FRA.3.3_1,0,0
2021,04,FRA.3.4_1,0,0
2021,04,FRA.4.1_1,0,0
2021,04,FRA.4.2_1,0,0
2021,04,FRA.4.3_1,0,0
2021,04,FRA.4.4_1,0,0
2021,04,FRA.4.5_1,0,0
2021,04,FRA.4.6_1,0,0
2021,04,FRA.5.1_1,0,0
2021,04,FRA.5.2_1,0,0
2021,04,FRA.6.10_1,0.24846379782063124,0.23815369657967117
2021,04,FRA.6.1_1,0.08724150224001023,0.028429448549380495
2021,04,FRA.6.2_1,0.08488662605560254,0.03130896488888676
2021,04,FRA.6.3_1,0.2545601675287487,0.2344673912377289
2021,04,FRA.6.4_1,0.23368481515565095,0.24035710061426585
2021,04,FRA.6.5_1,0.25016253344400585,0.24345859035357534
2021,04,FRA.6.6_1,0.06224500915283535,0.013989977967981784
2021,04,FRA.6.7_1,0.28830040059747675,0.26024565601827016
2021,04,FRA.6.8_1,0.14299112950203807,0.08585340871513218
2021,04,FRA.6.9_1,0.29862590587801324,0.23581350211101698
2021,04,FRA.7.1_1,0,0
2021,04,FRA.7.2_1,0,0
2021,04,FRA.7.3_1,0,0
2021,04,FRA.7.4_1,0,0
2021,04,FRA.7.5_1,0,0
2021,04,FRA.8.1_1,0,0
2021,04,FRA.8.2_1,0,0
2021,04,FRA.8.3_1,0,0
2021,04,FRA.8.4_1,0,0
2021,04,FRA.8.5_1,0,0
2021,04,FRA.8.6_1,0,0
2021,04,FRA.8.7_1,0,0
2021,04,FRA.8.8_1,0,0
2021,04,FRA.9.1_1,0,0
2021,04,FRA.9.2_1,0,0
2021,04,FRA.9.3_1,0,0
2021,04,FRA.9.4_1,0,0
2021,04,FRA.9.5_1,0,0
2021,04,FRO.1.1_1,0,0
2021,04,FRO.1.2_1,0,0
2021,04,FRO.1.3_1,0,0
2021,04,FRO.1.5_1,0,0
2021,04,FRO.1.6_1,0,0
2021,04,FRO.1.7_1,0,0
2021,04,FRO.2.3_1,0,0
2021,04,FRO.2.4_1,0,0
2021,04,FRO.2.5_1,0,0
2021,04,FRO.2.6_1,0,0
2021,04,FRO.3.1_1,0,0
2021,04,FRO.3.3_1,0,0
2021,04,FRO.4.1_1,0,0
2021,04,FRO.4.2_1,0,0
2021,04,FRO.4.3_1,0,0
2021,04,FRO.6.1_1,0,0
2021,04,FRO.6.2_1,0,0
2021,04,GBR.1.100_1,0,0
2021,04,GBR.1.101_1,0,0
2021,04,GBR.1.102_1,0,0
2021,04,GBR.1.103_1,0,0
2021,04,GBR.1.104_1,0,0
2021,04,GBR.1.105_1,0,0
2021,04,GBR.1.106_1,0,0
2021,04,GBR.1.107_1,0,0
2021,04,GBR.1.108_1,0,0
2021,04,GBR.1.109_1,0,0
2021,04,GBR.1.10_1,0,0
2021,04,GBR.1.110_1,0,0
2021,04,GBR.1.111_1,0,0
2021,04,GBR.1.112_1,0,0
2021,04,GBR.1.113_1,0,0
2021,04,GBR.1.114_1,0,0
2021,04,GBR.1.115_1,0,0
2021,04,GBR.1.116_1,0,0
2021,04,GBR.1.117_1,0,0
2021,04,GBR.1.118_1,0,0
2021,04,GBR.1.11_1,0,0
2021,04,GBR.1.12_1,0,0
2021,04,GBR.1.13_1,0,0
2021,04,GBR.1.14_1,0,0
2021,04,GBR.1.15_1,0,0
2021,04,GBR.1.16_1,0,0
2021,04,GBR.1.17_1,0,0
2021,04,GBR.1.18_1,0,0
2021,04,GBR.1.19_1,0,0
2021,04,GBR.1.1_1,0,0
2021,04,GBR.1.20_1,0,0
2021,04,GBR.1.21_1,0,0
2021,04,GBR.1.22_1,0,0
2021,04,GBR.1.23_1,0,0
2021,04,GBR.1.24_1,0,0
2021,04,GBR.1.25_1,0,0
2021,04,GBR.1.26_1,0,0
2021,04,GBR.1.27_1,0,0
2021,04,GBR.1.28_1,0,0
2021,04,GBR.1.29_1,0,0
2021,04,GBR.1.2_1,0,0
2021,04,GBR.1.30_1,0,0
2021,04,GBR.1.31_1,0,0
2021,04,GBR.1.32_1,0,0
2021,04,GBR.1.33_1,0,0
2021,04,GBR.1.34_1,0,0
2021,04,GBR.1.35_1,0,0
2021,04,GBR.1.36_1,0,0
2021,04,GBR.1.37_1,0,0
2021,04,GBR.1.38_1,0,0
2021,04,GBR.1.39_1,0,0
2021,04,GBR.1.3_1,0,0
2021,04,GBR.1.40_1,0,0
2021,04,GBR.1.41_1,0,0
2021,04,GBR.1.42_1,0,0
2021,04,GBR.1.44_1,0,0
2021,04,GBR.1.45_1,0,0
2021,04,GBR.1.46_1,0,0
2021,04,GBR.1.47_1,0,0
2021,04,GBR.1.48_1,0,0
2021,04,GBR.1.49_1,0,0
2021,04,GBR.1.4_1,0,0
2021,04,GBR.1.50_1,0,0
2021,04,GBR.1.51_1,0,0
2021,04,GBR.1.52_1,0,0
2021,04,GBR.1.53_1,0,0
2021,04,GBR.1.54_1,0,0
2021,04,GBR.1.55_1,0,0
2021,04,GBR.1.56_1,0,0
2021,04,GBR.1.57_1,0,0
2021,04,GBR.1.58_1,0,0
2021,04,GBR.1.59_1,0,0
2021,04,GBR.1.5_1,0,0
2021,04,GBR.1.60_1,0,0
2021,04,GBR.1.61_1,0,0
2021,04,GBR.1.62_1,0,0
2021,04,GBR.1.63_1,0,0
2021,04,GBR.1.64_1,0,0
2021,04,GBR.1.65_1,0,0
2021,04,GBR.1.66_1,0,0
2021,04,GBR.1.67_1,0,0
2021,04,GBR.1.68_1,0,0
2021,04,GBR.1.69_1,0,0
2021,04,GBR.1.6_1,0,0
2021,04,GBR.1.70_1,0,0
2021,04,GBR.1.71_1,0,0
2021,04,GBR.1.72_1,0,0
2021,04,GBR.1.73_1,0,0
2021,04,GBR.1.74_1,0,0
2021,04,GBR.1.75_1,0,0
2021,04,GBR.1.76_1,0,0
2021,04,GBR.1.77_1,0,0
2021,04,GBR.1.78_1,0,0
2021,04,GBR.1.79_1,0,0
2021,04,GBR.1.7_1,0,0
2021,04,GBR.1.80_1,0,0
2021,04,GBR.1.81_1,0,0
2021,04,GBR.1.82_1,0,0
2021,04,GBR.1.83_1,0,0
2021,04,GBR.1.84_1,0,0
2021,04,GBR.1.85_1,0,0
2021,04,GBR.1.86_1,0,0
2021,04,GBR.1.87_1,0,0
2021,04,GBR.1.88_1,0,0
2021,04,GBR.1.89_1,0,0
2021,04,GBR.1.8_1,0,0
2021,04,GBR.1.90_1,0,0
2021,04,GBR.1.91_1,0,0
2021,04,GBR.1.92_1,0,0
2021,04,GBR.1.93_1,0,0
2021,04,GBR.1.94_1,0,0
2021,04,GBR.1.95_1,0,0
2021,04,GBR.1.96_1,0,0
2021,04,GBR.1.97_1,0,0
2021,04,GBR.1.98_1,0,0
2021,04,GBR.1.99_1,0,0
2021,04,GBR.1.9_1,0,0
2021,04,GBR.2.10_1,0,0
2021,04,GBR.2.11_1,0,0
2021,04,GBR.2.1_1,0,0
2021,04,GBR.2.2_1,0,0
2021,04,GBR.2.3_1,0,0
2021,04,GBR.2.4_1,0,0
2021,04,GBR.2.5_1,0,0
2021,04,GBR.2.6_1,0,0
2021,04,GBR.2.7_1,0,0
2021,04,GBR.2.8_1,0,0
2021,04,GBR.2.9_1,0,0
2021,04,GBR.3.10_1,0,0
2021,04,GBR.3.11_1,0,0
2021,04,GBR.3.12_1,0,0
2021,04,GBR.3.13_1,0,0
2021,04,GBR.3.14_1,0,0
2021,04,GBR.3.15_1,0,0
2021,04,GBR.3.16_1,0,0
2021,04,GBR.3.17_1,0,0
2021,04,GBR.3.18_1,0,0
2021,04,GBR.3.19_1,0,0
2021,04,GBR.3.1_1,0,0
2021,04,GBR.3.20_1,0,0
2021,04,GBR.3.21_1,0,0
2021,04,GBR.3.22_1,0,0
2021,04,GBR.3.23_1,0,0
2021,04,GBR.3.24_1,0,0
2021,04,GBR.3.25_1,0,0
2021,04,GBR.3.26_1,0,0
2021,04,GBR.3.27_1,0,0
2021,04,GBR.3.28_1,0,0
2021,04,GBR.3.29_1,0,0
2021,04,GBR.3.2_1,0,0
2021,04,GBR.3.30_1,0,0
2021,04,GBR.3.31_1,0,0
2021,04,GBR.3.32_1,0,0
2021,04,GBR.3.3_1,0,0
2021,04,GBR.3.4_1,0,0
2021,04,GBR.3.5_1,0,0
2021,04,GBR.3.6_1,0,0
2021,04,GBR.3.7_1,0,0
2021,04,GBR.3.8_1,0,0
2021,04,GBR.3.9_1,0,0
2021,04,GBR.4.10_1,0,0
2021,04,GBR.4.11_1,0,0
2021,04,GBR.4.12_1,0,0
2021,04,GBR.4.13_1,0,0
2021,04,GBR.4.14_1,0,0
2021,04,GBR.4.15_1,0,0
2021,04,GBR.4.16_1,0,0
2021,04,GBR.4.17_1,0,0
2021,04,GBR.4.18_1,0,0
2021,04,GBR.4.19_1,0,0
2021,04,GBR.4.1_1,0,0
2021,04,GBR.4.20_1,0,0
2021,04,GBR.4.21_1,0,0
2021,04,GBR.4.22_1,0,0
2021,04,GBR.4.2_1,0,0
2021,04,GBR.4.3_1,0,0
2021,04,GBR.4.4_1,0,0
2021,04,GBR.4.5_1,0,0
2021,04,GBR.4.6_1,0,0
2021,04,GBR.4.7_1,0,0
2021,04,GBR.4.8_1,0,0
2021,04,GBR.4.9_1,0,0
2021,04,GEO.10.1_1,0,0
2021,04,GEO.10.2_1,0,0
2021,04,GEO.10.3_1,0,0
2021,04,GEO.10.4_1,0,0
2021,04,GEO.10.6_1,0,0
2021,04,GEO.2.1_1,0,0
2021,04,GEO.2.2_1,0,0
2021,04,GEO.2.3_1,0,0
2021,04,GEO.2.5_1,0,0
2021,04,GRC.1.1_1,0,0
2021,04,GRC.1.2_1,0,0
2021,04,GRC.2.1_1,0,0
2021,04,GRC.3.1_1,0,0
2021,04,GRC.4.1_1,0,0
2021,04,GRC.5.1_1,0,0
2021,04,GRC.5.2_1,0,0
2021,04,GRC.6.1_1,0,0
2021,04,GRC.6.2_1,0,0
2021,04,GRC.7.1_1,0,0
2021,04,GRC.7.2_1,0,0
2021,04,GRC.7.3_1,0,0
2021,04,GRC.8.1_1,0,0
2021,04,GRC.8.2_1,0,0
2021,04,HRV.1.10_1,0.04644188911804514,0.2633014983507373
2021,04,HRV.1.11_1,0.04649851996790312,0.26430264473229903
2021,04,HRV.1.12_1,0.04644188911804514,0.2633014983507373
2021,04,HRV.1.13_1,0.04672197542026813,0.26830723025854597
2021,04,HRV.1.14_1,0.04549296300275718,0.24728315624574945
2021,04,HRV.1.15_1,0.04591816572098927,0.2542911809166816
2021,04,HRV.1.16_1,0.045798296918578514,0.25228888815355816
2021,04,HRV.1.17_1,0.045115696693703945,0.24127627795637901
2021,04,HRV.1.18_1,0.045798296918578514,0.25228888815355816
2021,04,HRV.1.19_1,0.04661085906822175,0.2663049374954225
2021,04,HRV.1.1_1,0.044726293335661374,0.23526939966700847
2021,04,HRV.1.20_1,0.04683187772755874,0.27030952302166944
2021,04,HRV.1.21_1,0.04603675559746315,0.2562934736798051
2021,04,HRV.1.22_1,0.04603675559746315,0.2562934736798051
2021,04,HRV.1.23_1,0.04524278549639975,0.24327857071950248
2021,04,HRV.1.2_1,0.04603675559746315,0.2562934736798051
2021,04,HRV.1.3_1,0.046212263934998575,0.2592969128244903
2021,04,HRV.1.4_1,0.04688637628598351,0.2713106694032312
2021,04,HRV.1.5_1,0.04704807414538724,0.2743141085479164
2021,04,HRV.1.6_1,0.04632769918001759,0.26129920558761377
2021,04,HRV.1.7_1,0.04627013780105145,0.26029805920605203
2021,04,HRV.1.8_1,0.04666656953962964,0.26730608387698424
2021,04,HRV.1.9_1,0.04661085906822175,0.2663049374954225
2021,04,HRV.10.10_1,0.043697531169124226,0.22025220394358247
2021,04,HRV.10.11_1,0.04549296300275718,0.24728315624574945
2021,04,HRV.10.12_1,0.043409338315429744,0.2162476184173354
2021,04,HRV.10.13_1,0.044256221568625284,0.2282613749960765
2021,04,HRV.10.14_1,0.04530582780078189,0.24427971710106433
2021,04,HRV.10.15_1,0.04536853723684018,0.24528086348262595
2021,04,HRV.10.16_1,0.044726293335661374,0.23526939966700847
2021,04,HRV.10.17_1,0.044792050057390315,0.2362705460485703
2021,04,HRV.10.18_1,0.04452694114233289,0.23226596052232334
2021,04,HRV.10.19_1,0.046095574027276216,0.25729462006136683
2021,04,HRV.10.1_1,0.044792050057390315,0.2362705460485703
2021,04,HRV.10.20_1,0.04376864730876256,0.2212533503251442
2021,04,HRV.10.21_1,0.04573787978204375,0.2512877417719964
2021,04,HRV.10.22_1,0.04536853723684018,0.24528086348262595
2021,04,HRV.10.23_1,0.045051647362601525,0.24027513157481725
2021,04,HRV.10.24_1,0.04439228905340243,0.23026366775919976
2021,04,HRV.10.25_1,0.044049437744922676,0.22525793585139128
2021,04,HRV.10.2_1,0.04615407640635051,0.25829576644292856
2021,04,HRV.10.4_1,0.045051647362601525,0.24027513157481725
2021,04,HRV.10.5_1,0.04597761990395543,0.25529232729824336
2021,04,HRV.10.6_1,0.04397978772639983,0.22425678946982944
2021,04,HRV.10.7_1,0.04517940893026345,0.24227742433794064
2021,04,HRV.10.8_1,0.043697531169124226,0.22025220394358247
2021,04,HRV.10.9_1,0.044726293335661374,0.23526939966700847
2021,04,HRV.10_1,0.04524278549639975,0.24327857071950248
2021,04,HRV.11.10_1,0.04555468204513626,0.2482843026273113
2021,04,HRV.11.11_1,0.04573787978204375,0.2512877417719964
2021,04,HRV.11.12_1,0.04549296300275718,0.24728315624574945
2021,04,HRV.11.13_1,0.04555468204513626,0.2482843026273113
2021,04,HRV.11.14_1,0.04573787978204375,0.2512877417719964
2021,04,HRV.11.15_1,0.046212263934998575,0.2592969128244903
2021,04,HRV.11.16_1,0.0446601906378274,0.23426825328544681
2021,04,HRV.11.17_1,0.046940574517449735,0.2723118157847929
2021,04,HRV.11.18_1,0.04585839180982539,0.2532900345351199
2021,04,HRV.11.19_1,0.04666656953962964,0.26730608387698424
2021,04,HRV.11.1_1,0.04517940893026345,0.24227742433794064
2021,04,HRV.11.20_1,0.04439228905340243,0.23026366775919976
2021,04,HRV.11.21_1,0.044726293335661374,0.23526939966700847
2021,04,HRV.11.22_1,0.04573787978204375,0.2512877417719964
2021,04,HRV.11.23_1,0.04517940893026345,0.24227742433794064
2021,04,HRV.11.24_1,0.04397978772639983,0.22425678946982944
2021,04,HRV.11.25_1,0.04536853723684018,0.24528086348262595
2021,04,HRV.11.26_1,0.04573787978204375,0.2512877417719964
2021,04,HRV.11.27_1,0.0446601906378274,0.23426825328544681
2021,04,HRV.11.28_1,0.04492253164173629,0.23827283881169378
2021,04,HRV.11.29_1,0.045798296918578514,0.25228888815355816
2021,04,HRV.11.2_1,0.04615407640635051,0.25829576644292856
2021,04,HRV.11.30_1,0.04517940893026345,0.24227742433794064
2021,04,HRV.11.31_1,0.0446601906378274,0.23426825328544681
2021,04,HRV.11.32_1,0.04485746232451723,0.23727169243013205
2021,04,HRV.11.33_1,0.04445979121542307,0.2312648141407616
2021,04,HRV.11.34_1,0.044118725592247554,0.2262590822329529
2021,04,HRV.11.35_1,0.04485746232451723,0.23727169243013205
2021,04,HRV.11.36_1,0.04585839180982539,0.2532900345351199
2021,04,HRV.11.37_1,0.045051647362601525,0.24027513157481725
2021,04,HRV.11.38_1,0.04549296300275718,0.24728315624574945
2021,04,HRV.11.39_1,0.04573787978204375,0.2512877417719964
2021,04,HRV.11.3_1,0.04530582780078189,0.24427971710106433
2021,04,HRV.11.40_1,0.045051647362601525,0.24027513157481725
2021,04,HRV.11.41_1,0.043697531169124226,0.22025220394358247
2021,04,HRV.11.42_1,0.0446601906378274,0.23426825328544681
2021,04,HRV.11.43_1,0.044792050057390315,0.2362705460485703
2021,04,HRV.11.44_1,0.04452694114233289,0.23226596052232334
2021,04,HRV.11.45_1,0.045051647362601525,0.24027513157481725
2021,04,HRV.11.4_1,0.04615407640635051,0.25829576644292856
2021,04,HRV.11.5_1,0.04561607364462967,0.24928544900887292
2021,04,HRV.11.6_1,0.04603675559746315,0.2562934736798051
2021,04,HRV.11.7_1,0.04603675559746315,0.2562934736798051
2021,04,HRV.11.8_1,0.04603675559746315,0.2562934736798051
2021,04,HRV.11.9_1,0.04555468204513626,0.2482843026273113
2021,04,HRV.12.10_1,0.0446601906378274,0.23426825328544681
2021,04,HRV.12.1_1,0.044792050057390315,0.2362705460485703
2021,04,HRV.12.2_1,0.04741501193405511,0.2813221332188486
2021,04,HRV.12.3_1,0.04485746232451723,0.23727169243013205
2021,04,HRV.12.4_1,0.04688637628598351,0.2713106694032312
2021,04,HRV.12.5_1,0.046212263934998575,0.2592969128244903
2021,04,HRV.12.6_1,0.04597761990395543,0.25529232729824336
2021,04,HRV.12.7_1,0.047311638960901674,0.2793198404557251
2021,04,HRV.12.8_1,0.046777077792469896,0.2693083766401077
2021,04,HRV.12.9_1,0.04627013780105145,0.26029805920605203
2021,04,HRV.13.10_1,0.04661085906822175,0.2663049374954225
2021,04,HRV.13.12_1,0.04741501193405511,0.2813221332188486
2021,04,HRV.13.13_1,0.05228189727027743,0.43449752959779453
2021,04,HRV.13.14_1,0.04741501193405511,0.2813221332188486
2021,04,HRV.13.15_1,0.04776771860103109,0.2883301578897808
2021,04,HRV.13.16_1,0.048247514705666905,0.29834162170539813
2021,04,HRV.13.17_1,0.04543091518297423,0.24628200986418758
2021,04,HRV.13.18_1,0.0472070967742054,0.27731754769260164
2021,04,HRV.13.1_1,0.05206392444864324,0.42048148025593024
2021,04,HRV.13.20_1,0.044987259497169904,0.2392739851932554
2021,04,HRV.13.21_1,0.047466262356118956,0.2823232796004103
2021,04,HRV.13.23_1,0.04597761990395543,0.25529232729824336
2021,04,HRV.13.24_1,0.04683187772755874,0.27030952302166944
2021,04,HRV.13.25_1,0.04766837876442972,0.28632786512665725
2021,04,HRV.13.26_1,0.05044477032947089,0.35440581907285557
2021,04,HRV.13.27_1,0.04445979121542307,0.2312648141407616
2021,04,HRV.13.29_1,0.048247514705666905,0.29834162170539813
2021,04,HRV.13.2_1,0.048153786640757174,0.29633932894227466
2021,04,HRV.13.30_1,0.04756789576945088,0.2843255723635338
2021,04,HRV.13.31_1,0.048106507165995335,0.2953381825607128
2021,04,HRV.13.32_1,0.046777077792469896,0.2693083766401077
2021,04,HRV.13.33_1,0.0472070967742054,0.27731754769260164
2021,04,HRV.13.34_1,0.048431669708988954,0.3023462072316451
2021,04,HRV.13.35_1,0.046940574517449735,0.2723118157847929
2021,04,HRV.13.39_1,0.04756789576945088,0.2843255723635338
2021,04,HRV.13.3_1,0.04786592239670946,0.29033245065290425
2021,04,HRV.13.40_1,0.05225336945718488,0.432495236834671
2021,04,HRV.13.41_1,0.046212263934998575,0.2592969128244903
2021,04,HRV.13.42_1,0.04704807414538724,0.2743141085479164
2021,04,HRV.13.4_1,0.04710137758870799,0.27531525492947817
2021,04,HRV.13.5_1,0.04838604162705861,0.3013450608500834
2021,04,HRV.13.6_1,0.04549296300275718,0.24728315624574945
2021,04,HRV.13.7_1,0.04895816604733592,0.314359963810386
2021,04,HRV.13.8_1,0.04776771860103109,0.2883301578897808
2021,04,HRV.13.9_1,0.04786592239670946,0.29033245065290425
2021,04,HRV.14.10_1,0,0
2021,04,HRV.14.11_1,0,0
2021,04,HRV.14.12_1,0,0
2021,04,HRV.14.13_1,0,0
2021,04,HRV.14.14_1,0,0
2021,04,HRV.14.15_1,0,0
2021,04,HRV.14.16_1,0,0
2021,04,HRV.14.17_1,0,0
2021,04,HRV.14.18_1,0,0
2021,04,HRV.14.19_1,0,0
2021,04,HRV.14.1_1,0,0
2021,04,HRV.14.2_1,0,0
2021,04,HRV.14.3_1,0.043626044037591925,0.21925105756202073
2021,04,HRV.14.4_1,0,0
2021,04,HRV.14.5_1,0,0
2021,04,HRV.14.6_1,0,0
2021,04,HRV.14.7_1,0,0
2021,04,HRV.14.8_1,0.0446601906378274,0.23426825328544681
2021,04,HRV.15.10_1,0,0
2021,04,HRV.15.11_1,0,0
2021,04,HRV.15.12_1,0.046777077792469896,0.2693083766401077
2021,04,HRV.15.13_1,0.04649851996790312,0.26430264473229903
2021,04,HRV.15.14_1,0,0
2021,04,HRV.15.15_1,0.04530582780078189,0.24427971710106433
2021,04,HRV.15.16_1,0,0
2021,04,HRV.15.17_1,0,0
2021,04,HRV.15.18_1,0.046777077792469896,0.2693083766401077
2021,04,HRV.15.19_1,0.04536853723684018,0.24528086348262595
2021,04,HRV.15.1_1,0,0
2021,04,HRV.15.2_1,0.04597761990395543,0.25529232729824336
2021,04,HRV.15.3_1,0.04756789576945088,0.2843255723635338
2021,04,HRV.15.4_1,0.046940574517449735,0.2723118157847929
2021,04,HRV.15.5_1,0.04766837876442972,0.28632786512665725
2021,04,HRV.15.6_1,0,0
2021,04,HRV.15.7_1,0.048153786640757174,0.29633932894227466
2021,04,HRV.15.8_1,0.04715438479901761,0.2763164013110399
2021,04,HRV.15.9_1,0.047466262356118956,0.2823232796004103
2021,04,HRV.16.10_1,0.045115696693703945,0.24127627795637901
2021,04,HRV.16.11_1,0,0
2021,04,HRV.16.12_1,0.045051647362601525,0.24027513157481725
2021,04,HRV.16.13_1,0,0
2021,04,HRV.16.14_1,0,0
2021,04,HRV.16.15_1,0,0
2021,04,HRV.16.17_1,0,0
2021,04,HRV.16.18_1,0,0
2021,04,HRV.16.19_1,0.04597761990395543,0.25529232729824336
2021,04,HRV.16.1_1,0,0
2021,04,HRV.16.20_1,0,0
2021,04,HRV.16.21_1,0,0
2021,04,HRV.16.23_1,0,0
2021,04,HRV.16.24_1,0,0
2021,04,HRV.16.26_1,0,0
2021,04,HRV.16.27_1,0.04555468204513626,0.2482843026273113
2021,04,HRV.16.28_1,0,0
2021,04,HRV.16.29_1,0,0
2021,04,HRV.16.2_1,0,0
2021,04,HRV.16.30_1,0,0
2021,04,HRV.16.31_1,0,0
2021,04,HRV.16.32_1,0,0
2021,04,HRV.16.33_1,0,0
2021,04,HRV.16.34_1,0.04591816572098927,0.2542911809166816
2021,04,HRV.16.35_1,0,0
2021,04,HRV.16.36_1,0.04445979121542307,0.2312648141407616
2021,04,HRV.16.37_1,0,0
2021,04,HRV.16.39_1,0,0
2021,04,HRV.16.40_1,0.045798296918578514,0.25228888815355816
2021,04,HRV.16.43_1,0,0
2021,04,HRV.16.44_1,0,0
2021,04,HRV.16.45_1,0,0
2021,04,HRV.16.48_1,0.04530582780078189,0.24427971710106433
2021,04,HRV.16.49_1,0,0
2021,04,HRV.16.4_1,0,0
2021,04,HRV.16.50_1,0,0
2021,04,HRV.16.52_1,0.04627013780105145,0.26029805920605203
2021,04,HRV.16.53_1,0.04561607364462967,0.24928544900887292
2021,04,HRV.16.54_1,0,0
2021,04,HRV.16.55_1,0,0
2021,04,HRV.16.56_1,0,0
2021,04,HRV.16.5_1,0.04530582780078189,0.24427971710106433
2021,04,HRV.16.6_1,0,0
2021,04,HRV.16.7_1,0,0
2021,04,HRV.16.8_1,0,0
2021,04,HRV.16.9_1,0,0
2021,04,HRV.16_1,0.04585839180982539,0.2532900345351199
2021,04,HRV.17.10_1,0.04543091518297423,0.24628200986418758
2021,04,HRV.17.11_1,0.044049437744922676,0.22525793585139128
2021,04,HRV.17.12_1,0.04603675559746315,0.2562934736798051
2021,04,HRV.17.13_1,0.04627013780105145,0.26029805920605203
2021,04,HRV.17.14_1,0.045115696693703945,0.24127627795637901
2021,04,HRV.17.15_1,0.04452694114233289,0.23226596052232334
2021,04,HRV.17.16_1,0.04543091518297423,0.24628200986418758
2021,04,HRV.17.17_1,0.04627013780105145,0.26029805920605203
2021,04,HRV.17.18_1,0.045798296918578514,0.25228888815355816
2021,04,HRV.17.19_1,0.04573787978204375,0.2512877417719964
2021,04,HRV.17.1_1,0.04644188911804514,0.2633014983507373
2021,04,HRV.17.20_1,0.04549296300275718,0.24728315624574945
2021,04,HRV.17.21_1,0.04524278549639975,0.24327857071950248
2021,04,HRV.17.22_1,0.04715438479901761,0.2763164013110399
2021,04,HRV.17.23_1,0.04530582780078189,0.24427971710106433
2021,04,HRV.17.24_1,0.04683187772755874,0.27030952302166944
2021,04,HRV.17.25_1,0.04603675559746315,0.2562934736798051
2021,04,HRV.17.26_1,0.04445979121542307,0.2312648141407616
2021,04,HRV.17.27_1,0.046095574027276216,0.25729462006136683
2021,04,HRV.17.28_1,0.04603675559746315,0.2562934736798051
2021,04,HRV.17.2_1,0.044987259497169904,0.2392739851932554
2021,04,HRV.17.3_1,0.04688637628598351,0.2713106694032312
2021,04,HRV.17.4_1,0.04591816572098927,0.2542911809166816
2021,04,HRV.17.5_1,0.04561607364462967,0.24928544900887292
2021,04,HRV.17.6_1,0.04585839180982539,0.2532900345351199
2021,04,HRV.17.7_1,0.04561607364462967,0.24928544900887292
2021,04,HRV.17.8_1,0.04591816572098927,0.2542911809166816
2021,04,HRV.17.9_1,0.04649851996790312,0.26430264473229903
2021,04,HRV.18.10_1,0.046212263934998575,0.2592969128244903
2021,04,HRV.18.11_1,0.04672197542026813,0.26830723025854597
2021,04,HRV.18.12_1,0.04751722332448345,0.28332442598197194
2021,04,HRV.18.13_1,0.04683187772755874,0.27030952302166944
2021,04,HRV.18.14_1,0.04585839180982539,0.2532900345351199
2021,04,HRV.18.15_1,0.04649851996790312,0.26430264473229903
2021,04,HRV.18.16_1,0.04573787978204375,0.2512877417719964
2021,04,HRV.18.1_1,0.04661085906822175,0.2663049374954225
2021,04,HRV.18.2_1,0.04649851996790312,0.26430264473229903
2021,04,HRV.18.3_1,0.04561607364462967,0.24928544900887292
2021,04,HRV.18.4_1,0.0465548429125667,0.26530379111386077
2021,04,HRV.18.5_1,0.04492253164173629,0.23827283881169378
2021,04,HRV.18.6_1,0.04661085906822175,0.2663049374954225
2021,04,HRV.18.7_1,0.04627013780105145,0.26029805920605203
2021,04,HRV.18.8_1,0.04452694114233289,0.23226596052232334
2021,04,HRV.18.9_1,0.04597761990395543,0.25529232729824336
2021,04,HRV.19.10_1,0.046095574027276216,0.25729462006136683
2021,04,HRV.19.11_1,0.04736347111866753,0.28032098683728685
2021,04,HRV.19.12_1,0.04376864730876256,0.2212533503251442
2021,04,HRV.19.13_1,0.04683187772755874,0.27030952302166944
2021,04,HRV.19.14_1,0.0465548429125667,0.26530379111386077
2021,04,HRV.19.15_1,0.04318922658600503,0.21324417927265019
2021,04,HRV.19.16_1,0.04699447346104921,0.27331296216635464
2021,04,HRV.19.17_1,0.04627013780105145,0.26029805920605203
2021,04,HRV.19.18_1,0.046212263934998575,0.2592969128244903
2021,04,HRV.19.19_1,0.04615407640635051,0.25829576644292856
2021,04,HRV.19.1_1,0.04530582780078189,0.24427971710106433
2021,04,HRV.19.20_1,0.04591816572098927,0.2542911809166816
2021,04,HRV.19.21_1,0.04638494923523907,0.2623003519691755
2021,04,HRV.19.22_1,0.04751722332448345,0.28332442598197194
2021,04,HRV.19.23_1,0.045115696693703945,0.24127627795637901
2021,04,HRV.19.24_1,0.044792050057390315,0.2362705460485703
2021,04,HRV.19.25_1,0.045051647362601525,0.24027513157481725
2021,04,HRV.19.26_1,0.04543091518297423,0.24628200986418758
2021,04,HRV.19.27_1,0.04591816572098927,0.2542911809166816
2021,04,HRV.19.28_1,0.04644188911804514,0.2633014983507373
2021,04,HRV.19.29_1,0.04627013780105145,0.26029805920605203
2021,04,HRV.19.2_1,0.04710137758870799,0.27531525492947817
2021,04,HRV.19.30_1,0.046095574027276216,0.25729462006136683
2021,04,HRV.19.3_1,0.04555468204513626,0.2482843026273113
2021,04,HRV.19.4_1,0.04517940893026345,0.24227742433794064
2021,04,HRV.19.5_1,0.046940574517449735,0.2723118157847929
2021,04,HRV.19.6_1,0.0465548429125667,0.26530379111386077
2021,04,HRV.19.7_1,0.04615407640635051,0.25829576644292856
2021,04,HRV.19.8_1,0.04573787978204375,0.2512877417719964
2021,04,HRV.19.9_1,0.04597761990395543,0.25529232729824336
2021,04,HRV.1_1,0.04397978772639983,0.22425678946982944
2021,04,HRV.2.10_1,0.046212263934998575,0.2592969128244903
2021,04,HRV.2.11_1,0.04632769918001759,0.26129920558761377
2021,04,HRV.2.12_1,0.04710137758870799,0.27531525492947817
2021,04,HRV.2.13_1,0.04688637628598351,0.2713106694032312
2021,04,HRV.2.14_1,0.04736347111866753,0.28032098683728685
2021,04,HRV.2.15_1,0.04632769918001759,0.26129920558761377
2021,04,HRV.2.16_1,0.047466262356118956,0.2823232796004103
2021,04,HRV.2.17_1,0.04649851996790312,0.26430264473229903
2021,04,HRV.2.18_1,0.04672197542026813,0.26830723025854597
2021,04,HRV.2.19_1,0.04852210917610315,0.3043484999947686
2021,04,HRV.2.1_1,0.048011113240743836,0.29333588979758934
2021,04,HRV.2.20_1,0.04638494923523907,0.2623003519691755
2021,04,HRV.2.21_1,0.047259514502163015,0.2783186940741634
2021,04,HRV.2.22_1,0.04591816572098927,0.2542911809166816
2021,04,HRV.2.23_1,0.04710137758870799,0.27531525492947817
2021,04,HRV.2.24_1,0.04736347111866753,0.28032098683728685
2021,04,HRV.2.25_1,0.04771819112938395,0.28732901150821893
2021,04,HRV.2.26_1,0.04661085906822175,0.2663049374954225
2021,04,HRV.2.27_1,0.04766837876442972,0.28632786512665725
2021,04,HRV.2.28_1,0.04715438479901761,0.2763164013110399
2021,04,HRV.2.2_1,0.047466262356118956,0.2823232796004103
2021,04,HRV.2.3_1,0.04638494923523907,0.2623003519691755
2021,04,HRV.2.4_1,0.047259514502163015,0.2783186940741634
2021,04,HRV.2.5_1,0.04710137758870799,0.27531525492947817
2021,04,HRV.2.6_1,0.0465548429125667,0.26530379111386077
2021,04,HRV.2.7_1,0.04715438479901761,0.2763164013110399
2021,04,HRV.2.8_1,0.0465548429125667,0.26530379111386077
2021,04,HRV.2.9_1,0.047466262356118956,0.2823232796004103
2021,04,HRV.20.10_1,0,0
2021,04,HRV.20.11_1,0,0
2021,04,HRV.20.12_1,0,0
2021,04,HRV.20.13_1,0,0
2021,04,HRV.20.14_1,0,0
2021,04,HRV.20.15_1,0,0
2021,04,HRV.20.16_1,0,0
2021,04,HRV.20.17_1,0,0
2021,04,HRV.20.18_1,0,0
2021,04,HRV.20.19_1,0,0
2021,04,HRV.20.1_1,0,0
2021,04,HRV.20.22_1,0,0
2021,04,HRV.20.24_1,0,0
2021,04,HRV.20.25_1,0,0
2021,04,HRV.20.26_1,0.04530582780078189,0.24427971710106433
2021,04,HRV.20.27_1,0,0
2021,04,HRV.20.28_1,0,0
2021,04,HRV.20.2_1,0,0
2021,04,HRV.20.31_1,0,0
2021,04,HRV.20.32_1,0,0
2021,04,HRV.20.3_1,0,0
2021,04,HRV.20.4_1,0,0
2021,04,HRV.20.5_1,0.04355418408739656,0.2182499111804589
2021,04,HRV.20.6_1,0,0
2021,04,HRV.20.9_1,0,0
2021,04,HRV.21.10_1,0.04666656953962964,0.26730608387698424
2021,04,HRV.21.11_1,0.048058949641413815,0.2943370361791512
2021,04,HRV.21.12_1,0.04736347111866753,0.28032098683728685
2021,04,HRV.21.13_1,0.04688637628598351,0.2713106694032312
2021,04,HRV.21.14_1,0.04543091518297423,0.24628200986418758
2021,04,HRV.21.15_1,0.04644188911804514,0.2633014983507373
2021,04,HRV.21.16_1,0.047311638960901674,0.2793198404557251
2021,04,HRV.21.17_1,0.04543091518297423,0.24628200986418758
2021,04,HRV.21.18_1,0.048153786640757174,0.29633932894227466
2021,04,HRV.21.19_1,0.04710137758870799,0.27531525492947817
2021,04,HRV.21.1_1,0.04555468204513626,0.2482843026273113
2021,04,HRV.21.20_1,0.04615407640635051,0.25829576644292856
2021,04,HRV.21.21_1,0.04704807414538724,0.2743141085479164
2021,04,HRV.21.22_1,0.04597761990395543,0.25529232729824336
2021,04,HRV.21.23_1,0.04766837876442972,0.28632786512665725
2021,04,HRV.21.24_1,0.04776771860103109,0.2883301578897808
2021,04,HRV.21.25_1,0.04644188911804514,0.2633014983507373
2021,04,HRV.21.26_1,0.04715438479901761,0.2763164013110399
2021,04,HRV.21.27_1,0.04638494923523907,0.2623003519691755
2021,04,HRV.21.28_1,0.045798296918578514,0.25228888815355816
2021,04,HRV.21.2_1,0.04715438479901761,0.2763164013110399
2021,04,HRV.21.3_1,0.04661085906822175,0.2663049374954225
2021,04,HRV.21.4_1,0.04699447346104921,0.27331296216635464
2021,04,HRV.21.5_1,0.04699447346104921,0.27331296216635464
2021,04,HRV.21.6_1,0.04756789576945088,0.2843255723635338
2021,04,HRV.21.7_1,0.047311638960901674,0.2793198404557251
2021,04,HRV.21.8_1,0.04736347111866753,0.28032098683728685
2021,04,HRV.21.9_1,0.04715438479901761,0.2763164013110399
2021,04,HRV.3.10_1,0.04549296300275718,0.24728315624574945
2021,04,HRV.3.12_1,0,0
2021,04,HRV.3.13_1,0,0
2021,04,HRV.3.14_1,0,0
2021,04,HRV.3.15_1,0.04756789576945088,0.2843255723635338
2021,04,HRV.3.16_1,0,0
2021,04,HRV.3.17_1,0,0
2021,04,HRV.3.18_1,0,0
2021,04,HRV.3.19_1,0,0
2021,04,HRV.3.1_1,0,0
2021,04,HRV.3.21_1,0.04561607364462967,0.24928544900887292
2021,04,HRV.3.22_1,0.04603675559746315,0.2562934736798051
2021,04,HRV.3.2_1,0.04632769918001759,0.26129920558761377
2021,04,HRV.3.3_1,0.04756789576945088,0.2843255723635338
2021,04,HRV.3.5_1,0.04704807414538724,0.2743141085479164
2021,04,HRV.3.6_1,0,0
2021,04,HRV.3.7_1,0.04649851996790312,0.26430264473229903
2021,04,HRV.3.9_1,0,0
2021,04,HRV.4.1_1,0.0446601906378274,0.23426825328544681
2021,04,HRV.4.2_1,0.04597761990395543,0.25529232729824336
2021,04,HRV.4.3_1,0.04591816572098927,0.2542911809166816
2021,04,HRV.4.4_1,0.04756789576945088,0.2843255723635338
2021,04,HRV.4.5_1,0.047311638960901674,0.2793198404557251
2021,04,HRV.4.6_1,0.04573787978204375,0.2512877417719964
2021,04,HRV.4.7_1,0.046095574027276216,0.25729462006136683
2021,04,HRV.5.10_1,0.04661085906822175,0.2663049374954225
2021,04,HRV.5.11_1,0.04710137758870799,0.27531525492947817
2021,04,HRV.5.12_1,0.046940574517449735,0.2723118157847929
2021,04,HRV.5.13_1,0.04741501193405511,0.2813221332188486
2021,04,HRV.5.14_1,0.04615407640635051,0.25829576644292856
2021,04,HRV.5.15_1,0.04683187772755874,0.27030952302166944
2021,04,HRV.5.16_1,0.04615407640635051,0.25829576644292856
2021,04,HRV.5.17_1,0.048340140286576426,0.30034391446852166
2021,04,HRV.5.18_1,0.04615407640635051,0.25829576644292856
2021,04,HRV.5.19_1,0.04603675559746315,0.2562934736798051
2021,04,HRV.5.1_1,0.04786592239670946,0.29033245065290425
2021,04,HRV.5.20_1,0.04603675559746315,0.2562934736798051
2021,04,HRV.5.21_1,0.045798296918578514,0.25228888815355816
2021,04,HRV.5.22_1,0.04649851996790312,0.26430264473229903
2021,04,HRV.5.23_1,0.04524278549639975,0.24327857071950248
2021,04,HRV.5.24_1,0.04573787978204375,0.2512877417719964
2021,04,HRV.5.25_1,0.045115696693703945,0.24127627795637901
2021,04,HRV.5.27_1,0.04661085906822175,0.2663049374954225
2021,04,HRV.5.28_1,0.04666656953962964,0.26730608387698424
2021,04,HRV.5.29_1,0.04683187772755874,0.27030952302166944
2021,04,HRV.5.2_1,0.04649851996790312,0.26430264473229903
2021,04,HRV.5.30_1,0.04672197542026813,0.26830723025854597
2021,04,HRV.5.31_1,0.04549296300275718,0.24728315624574945
2021,04,HRV.5.32_1,0.04567713912151993,0.25028659539043463
2021,04,HRV.5.33_1,0.04549296300275718,0.24728315624574945
2021,04,HRV.5.34_1,0.046212263934998575,0.2592969128244903
2021,04,HRV.5.35_1,0.04567713912151993,0.25028659539043463
2021,04,HRV.5.36_1,0.04549296300275718,0.24728315624574945
2021,04,HRV.5.37_1,0.04597761990395543,0.25529232729824336
2021,04,HRV.5.38_1,0.04555468204513626,0.2482843026273113
2021,04,HRV.5.39_1,0.04573787978204375,0.2512877417719964
2021,04,HRV.5.3_1,0.04615407640635051,0.25829576644292856
2021,04,HRV.5.40_1,0.04567713912151993,0.25028659539043463
2021,04,HRV.5.4_1,0.04603675559746315,0.2562934736798051
2021,04,HRV.5.5_1,0.04710137758870799,0.27531525492947817
2021,04,HRV.5.6_1,0.04756789576945088,0.2843255723635338
2021,04,HRV.5.7_1,0.04632769918001759,0.26129920558761377
2021,04,HRV.5.8_1,0.04591816572098927,0.2542911809166816
2021,04,HRV.5.9_1,0.047259514502163015,0.2783186940741634
2021,04,HRV.6.10_1,0.046940574517449735,0.2723118157847929
2021,04,HRV.6.11_1,0.04710137758870799,0.27531525492947817
2021,04,HRV.6.12_1,0.04649851996790312,0.26430264473229903
2021,04,HRV.6.13_1,0.045798296918578514,0.25228888815355816
2021,04,HRV.6.14_1,0.045115696693703945,0.24127627795637901
2021,04,HRV.6.15_1,0.04517940893026345,0.24227742433794064
2021,04,HRV.6.16_1,0.04661085906822175,0.2663049374954225
2021,04,HRV.6.17_1,0.044726293335661374,0.23526939966700847
2021,04,HRV.6.18_1,0.04603675559746315,0.2562934736798051
2021,04,HRV.6.19_1,0.04638494923523907,0.2623003519691755
2021,04,HRV.6.1_1,0.04704807414538724,0.2743141085479164
2021,04,HRV.6.20_1,0.04530582780078189,0.24427971710106433
2021,04,HRV.6.21_1,0.04683187772755874,0.27030952302166944
2021,04,HRV.6.2_1,0.046212263934998575,0.2592969128244903
2021,04,HRV.6.3_1,0.04561607364462967,0.24928544900887292
2021,04,HRV.6.4_1,0.04517940893026345,0.24227742433794064
2021,04,HRV.6.5_1,0.04627013780105145,0.26029805920605203
2021,04,HRV.6.6_1,0.04530582780078189,0.24427971710106433
2021,04,HRV.6.7_1,0.046095574027276216,0.25729462006136683
2021,04,HRV.6.8_1,0.04615407640635051,0.25829576644292856
2021,04,HRV.6.9_1,0.04555468204513626,0.2482843026273113
2021,04,HRV.7.10_1,0.046212263934998575,0.2592969128244903
2021,04,HRV.7.11_1,0.0465548429125667,0.26530379111386077
2021,04,HRV.7.12_1,0.04524278549639975,0.24327857071950248
2021,04,HRV.7.13_1,0.04517940893026345,0.24227742433794064
2021,04,HRV.7.14_1,0.04555468204513626,0.2482843026273113
2021,04,HRV.7.15_1,0.04567713912151993,0.25028659539043463
2021,04,HRV.7.16_1,0.04485746232451723,0.23727169243013205
2021,04,HRV.7.17_1,0.04517940893026345,0.24227742433794064
2021,04,HRV.7.18_1,0.04615407640635051,0.25829576644292856
2021,04,HRV.7.19_1,0.04561607364462967,0.24928544900887292
2021,04,HRV.7.1_1,0.04649851996790312,0.26430264473229903
2021,04,HRV.7.20_1,0.045115696693703945,0.24127627795637901
2021,04,HRV.7.21_1,0.04603675559746315,0.2562934736798051
2021,04,HRV.7.22_1,0.04644188911804514,0.2633014983507373
2021,04,HRV.7.23_1,0.04561607364462967,0.24928544900887292
2021,04,HRV.7.24_1,0.046095574027276216,0.25729462006136683
2021,04,HRV.7.25_1,0.04555468204513626,0.2482843026273113
2021,04,HRV.7.2_1,0.04530582780078189,0.24427971710106433
2021,04,HRV.7.3_1,0.04627013780105145,0.26029805920605203
2021,04,HRV.7.4_1,0.04615407640635051,0.25829576644292856
2021,04,HRV.7.5_1,0.04567713912151993,0.25028659539043463
2021,04,HRV.7.6_1,0.04549296300275718,0.24728315624574945
2021,04,HRV.7.7_1,0.044987259497169904,0.2392739851932554
2021,04,HRV.7.8_1,0.04573787978204375,0.2512877417719964
2021,04,HRV.7.9_1,0.04644188911804514,0.2633014983507373
2021,04,HRV.8.10_1,0.044726293335661374,0.23526939966700847
2021,04,HRV.8.11_1,0.04445979121542307,0.2312648141407616
2021,04,HRV.8.12_1,0.0446601906378274,0.23426825328544681
2021,04,HRV.8.13_1,0.043697531169124226,0.22025220394358247
2021,04,HRV.8.14_1,0.04524278549639975,0.24327857071950248
2021,04,HRV.8.15_1,0.04492253164173629,0.23827283881169378
2021,04,HRV.8.16_1,0.044987259497169904,0.2392739851932554
2021,04,HRV.8.17_1,0.044324433047002954,0.22926252137763825
2021,04,HRV.8.18_1,0.045115696693703945,0.24127627795637901
2021,04,HRV.8.19_1,0.0446601906378274,0.23426825328544681
2021,04,HRV.8.1_1,0.04561607364462967,0.24928544900887292
2021,04,HRV.8.20_1,0.04524278549639975,0.24327857071950248
2021,04,HRV.8.21_1,0.044987259497169904,0.2392739851932554
2021,04,HRV.8.22_1,0.04418765297206733,0.22726022861451464
2021,04,HRV.8.23_1,0.04573787978204375,0.2512877417719964
2021,04,HRV.8.24_1,0.04452694114233289,0.23226596052232334
2021,04,HRV.8.25_1,0.04627013780105145,0.26029805920605203
2021,04,HRV.8.26_1,0.04736347111866753,0.28032098683728685
2021,04,HRV.8.27_1,0.04603675559746315,0.2562934736798051
2021,04,HRV.8.28_1,0.04638494923523907,0.2623003519691755
2021,04,HRV.8.29_1,0.04561607364462967,0.24928544900887292
2021,04,HRV.8.2_1,0.04524278549639975,0.24327857071950248
2021,04,HRV.8.30_1,0.04485746232451723,0.23727169243013205
2021,04,HRV.8.31_1,0.04741501193405511,0.2813221332188486
2021,04,HRV.8.32_1,0.04615407640635051,0.25829576644292856
2021,04,HRV.8.3_1,0.04567713912151993,0.25028659539043463
2021,04,HRV.8.4_1,0.04524278549639975,0.24327857071950248
2021,04,HRV.8.5_1,0.046940574517449735,0.2723118157847929
2021,04,HRV.8.6_1,0.04710137758870799,0.27531525492947817
2021,04,HRV.8.7_1,0.04536853723684018,0.24528086348262595
2021,04,HRV.8.8_1,0.04543091518297423,0.24628200986418758
2021,04,HRV.8.9_1,0.04683187772755874,0.27030952302166944
2021,04,HRV.9.10_1,0.04683187772755874,0.27030952302166944
2021,04,HRV.9.11_1,0.04439228905340243,0.23026366775919976
2021,04,HRV.9.12_1,0.04615407640635051,0.25829576644292856
2021,04,HRV.9.1_1,0.04561607364462967,0.24928544900887292
2021,04,HRV.9.2_1,0.04672197542026813,0.26830723025854597
2021,04,HRV.9.3_1,0.044792050057390315,0.2362705460485703
2021,04,HRV.9.4_1,0.048058949641413815,0.2943370361791512
2021,04,HRV.9.5_1,0.046095574027276216,0.25729462006136683
2021,04,HRV.9.6_1,0.04591816572098927,0.2542911809166816
2021,04,HRV.9.7_1,0.04704807414538724,0.2743141085479164
2021,04,HRV.9.8_1,0.04644188911804514,0.2633014983507373
2021,04,HRV.9.9_1,0.04591816572098927,0.2542911809166816
2021,04,HUN.1.10_1,0.021398752502976303,0.0430492944071548
2021,04,HUN.1.1_1,0.01678666453183757,0.026029805920605227
2021,04,HUN.1.2_1,0.019911879924188396,0.03704241611778436
2021,04,HUN.1.3_1,0.019117287911249572,0.03403897697309914
2021,04,HUN.1.4_1,0.019117287911249572,0.03403897697309914
2021,04,HUN.1.5_1,0.02277123354702715,0.049056172696525235
2021,04,HUN.1.6_1,0.019117287911249572,0.03403897697309914
2021,04,HUN.1.7_1,0.020917004556225475,0.04104700164403132
2021,04,HUN.1.8_1,0.01770136971547549,0.029033245065290446
2021,04,HUN.1.9_1,0.01770136971547549,0.029033245065290446
2021,04,HUN.10.1_1,0.02425371498583005,0.056064197367457415
2021,04,HUN.10.2_1,0.02384189149564332,0.05406190460433393
2021,04,HUN.10.3_1,0.020421717135173642,0.039044708880907844
2021,04,HUN.10.4_1,0.02067111348353797,0.04004585526246958
2021,04,HUN.10.5_1,0.021634832812070907,0.04405044078871654
2021,04,HUN.10.6_1,0.021634832812070907,0.04405044078871654
2021,04,HUN.10.7_1,0.023206863795463422,0.05105846545964871
2021,04,HUN.11.1_1,0.01581282479208805,0.02302636677592001
2021,04,HUN.11.2_1,0.018282727847568094,0.031035537828413815
2021,04,HUN.11.3_1,0.016469126721914227,0.02502865953904349
2021,04,HUN.11.4_1,0.016469126721914227,0.02502865953904349
2021,04,HUN.11.5_1,0.01614465573854321,0.024027513157481747
2021,04,HUN.11.6_1,0.01938634503210736,0.03504012335466088
2021,04,HUN.11.7_1,0.019651152520445456,0.036041269736222625
2021,04,HUN.12.1_1,0.026374029175873198,0.06707680756463644
2021,04,HUN.12.2_1,0.02926076248657997,0.08409629605118601
2021,04,HUN.12.3_1,0.028121887864073984,0.07708827138025383
2021,04,HUN.12.4_1,0.02861786075590735,0.08009171052493905
2021,04,HUN.12.5_1,0.02845388813713504,0.07909056414337731
2021,04,HUN.12.6_1,0.027953812049207476,0.0760871249986921
2021,04,HUN.12.7_1,0.029101942150821705,0.08309514966962427
2021,04,HUN.13.1_1,0.022325111590038766,0.04705387993340176
2021,04,HUN.13.2_1,0.020917004556225475,0.04104700164403132
2021,04,HUN.13.3_1,0.023206863795463422,0.05105846545964871
2021,04,HUN.13.4_1,0.023420928030044964,0.052059611841210454
2021,04,HUN.13.5_1,0.02277123354702715,0.049056172696525235
2021,04,HUN.13.6_1,0.02277123354702715,0.049056172696525235
2021,04,HUN.14.10_1,0.019117287911249572,0.03403897697309914
2021,04,HUN.14.11_1,0.01938634503210736,0.03504012335466088
2021,04,HUN.14.12_1,0.021867855815888227,0.04505158717027828
2021,04,HUN.14.13_1,0.02115951255621453,0.04204814802559306
2021,04,HUN.14.14_1,0.021398752502976303,0.0430492944071548
2021,04,HUN.14.15_1,0.02067111348353797,0.04004585526246958
2021,04,HUN.14.1_1,0.01938634503210736,0.03504012335466088
2021,04,HUN.14.2_1,0.020168685477848457,0.0380435624993461
2021,04,HUN.14.3_1,0.018282727847568094,0.031035537828413815
2021,04,HUN.14.4_1,0.019117287911249572,0.03403897697309914
2021,04,HUN.14.5_1,0.01770136971547549,0.029033245065290446
2021,04,HUN.14.6_1,0.020421717135173642,0.039044708880907844
2021,04,HUN.14.7_1,0.020421717135173642,0.039044708880907844
2021,04,HUN.14.8_1,0.021398752502976303,0.0430492944071548
2021,04,HUN.14.9_1,0.02067111348353797,0.04004585526246958
2021,04,HUN.15.10_1,0.04355418408739656,0.2182499111804589
2021,04,HUN.15.1_1,0.04524278549639975,0.24327857071950248
2021,04,HUN.15.2_1,0.04615407640635051,0.25829576644292856
2021,04,HUN.15.3_1,0.04644188911804514,0.2633014983507373
2021,04,HUN.15.4_1,0.04549296300275718,0.24728315624574945
2021,04,HUN.15.5_1,0.04561607364462967,0.24928544900887292
2021,04,HUN.15.6_1,0.044118725592247554,0.2262590822329529
2021,04,HUN.15.7_1,0.043626044037591925,0.21925105756202073
2021,04,HUN.15.8_1,0.04549296300275718,0.24728315624574945
2021,04,HUN.15.9_1,0.04376864730876256,0.2212533503251442
2021,04,HUN.16.10_1,0.04485746232451723,0.23727169243013205
2021,04,HUN.16.11_1,0.04688637628598351,0.2713106694032312
2021,04,HUN.16.1_1,0.04561607364462967,0.24928544900887292
2021,04,HUN.16.2_1,0.04567713912151993,0.25028659539043463
2021,04,HUN.16.3_1,0.0472070967742054,0.27731754769260164
2021,04,HUN.16.4_1,0.044726293335661374,0.23526939966700847
2021,04,HUN.16.5_1,0.045798296918578514,0.25228888815355816
2021,04,HUN.16.6_1,0.045051647362601525,0.24027513157481725
2021,04,HUN.16.7_1,0.04627013780105145,0.26029805920605203
2021,04,HUN.16.8_1,0.04485746232451723,0.23727169243013205
2021,04,HUN.16.9_1,0.04492253164173629,0.23827283881169378
2021,04,HUN.17.1_1,0.04418765297206733,0.22726022861451464
2021,04,HUN.17.2_1,0.04549296300275718,0.24728315624574945
2021,04,HUN.17.3_1,0.04355418408739656,0.2182499111804589
2021,04,HUN.17.4_1,0.04603675559746315,0.2562934736798051
2021,04,HUN.17.5_1,0.044256221568625284,0.2282613749960765
2021,04,HUN.18.1_1,0.04786592239670946,0.29033245065290425
2021,04,HUN.18.2_1,0.04627013780105145,0.26029805920605203
2021,04,HUN.18.3_1,0.048011113240743836,0.29333588979758934
2021,04,HUN.18.4_1,0.04561607364462967,0.24928544900887292
2021,04,HUN.18.5_1,0.047618280612107815,0.2853267187450955
2021,04,HUN.18.6_1,0.04666656953962964,0.26730608387698424
2021,04,HUN.18.7_1,0.048247514705666905,0.29834162170539813
2021,04,HUN.18.8_1,0.04615407640635051,0.25829576644292856
2021,04,HUN.18.9_1,0.04683187772755874,0.27030952302166944
2021,04,HUN.19.1_1,0.014401560832700715,0.01902178124967305
2021,04,HUN.19.2_1,0.01770136971547549,0.029033245065290446
2021,04,HUN.19.3_1,0.01614465573854321,0.024027513157481747
2021,04,HUN.19.4_1,0.01678666453183757,0.026029805920605227
2021,04,HUN.19.5_1,0.01770136971547549,0.029033245065290446
2021,04,HUN.19.6_1,0.01581282479208805,0.02302636677592001
2021,04,HUN.19.7_1,0.017097655461554624,0.027030952302166966
2021,04,HUN.19.8_1,0.017097655461554624,0.027030952302166966
2021,04,HUN.19.9_1,0.017097655461554624,0.027030952302166966
2021,04,HUN.2.1_1,0.01884379912636768,0.033037830591537407
2021,04,HUN.2.2_1,0.01581282479208805,0.02302636677592001
2021,04,HUN.2.3_1,0.01476815679786805,0.02002292763123479
2021,04,HUN.2.4_1,0.020421717135173642,0.039044708880907844
2021,04,HUN.2.5_1,0.01770136971547549,0.029033245065290446
2021,04,HUN.2.6_1,0.017097655461554624,0.027030952302166966
2021,04,HUN.2.7_1,0.017994705920028307,0.030034391446852184
2021,04,HUN.2.8_1,0.019651152520445456,0.036041269736222625
2021,04,HUN.2.9_1,0.01614465573854321,0.024027513157481747
2021,04,HUN.20.1_1,0.017097655461554624,0.027030952302166966
2021,04,HUN.20.2_1,0.014401560832700715,0.01902178124967305
2021,04,HUN.20.3_1,0.01884379912636768,0.033037830591537407
2021,04,HUN.20.4_1,0.01678666453183757,0.026029805920605227
2021,04,HUN.20.5_1,0.01770136971547549,0.029033245065290446
2021,04,HUN.20.6_1,0.01402459263883031,0.018020634868111313
2021,04,HUN.3.2_1,0.04615407640635051,0.25829576644292856
2021,04,HUN.3.3_1,0,0
2021,04,HUN.3.4_1,0.045115696693703945,0.24127627795637901
2021,04,HUN.3.5_1,0.04585839180982539,0.2532900345351199
2021,04,HUN.3.6_1,0.045798296918578514,0.25228888815355816
2021,04,HUN.3.7_1,0.04585839180982539,0.2532900345351199
2021,04,HUN.3.8_1,0.04492253164173629,0.23827283881169378
2021,04,HUN.4.10_1,0.01740245050316751,0.028032098683728707
2021,04,HUN.4.11_1,0.019651152520445456,0.036041269736222625
2021,04,HUN.4.12_1,0.022097918232681656,0.04605273355184002
2021,04,HUN.4.13_1,0.020168685477848457,0.0380435624993461
2021,04,HUN.4.14_1,0.023206863795463422,0.05105846545964871
2021,04,HUN.4.15_1,0.020168685477848457,0.0380435624993461
2021,04,HUN.4.1_1,0.022097918232681656,0.04605273355184002
2021,04,HUN.4.2_1,0.01884379912636768,0.033037830591537407
2021,04,HUN.4.3_1,0.020168685477848457,0.0380435624993461
2021,04,HUN.4.4_1,0.01938634503210736,0.03504012335466088
2021,04,HUN.4.5_1,0.022097918232681656,0.04605273355184002
2021,04,HUN.4.6_1,0.01856568283160555,0.032036684209975665
2021,04,HUN.4.7_1,0.020168685477848457,0.0380435624993461
2021,04,HUN.4.8_1,0.017994705920028307,0.030034391446852184
2021,04,HUN.4.9_1,0.022549522608088034,0.048055026314963493
2021,04,HUN.5.1_1,0.026005232612360086,0.06507451480151295
2021,04,HUN.6.1_1,0.04452694114233289,0.23226596052232334
2021,04,HUN.6.2_1,0.04452694114233289,0.23226596052232334
2021,04,HUN.6.3_1,0.04492253164173629,0.23827283881169378
2021,04,HUN.6.4_1,0.044726293335661374,0.23526939966700847
2021,04,HUN.6.5_1,0.043262978800244566,0.21424532565421203
2021,04,HUN.6.6_1,0.04672197542026813,0.26830723025854597
2021,04,HUN.6.7_1,0.044792050057390315,0.2362705460485703
2021,04,HUN.7.10_1,0.01614465573854321,0.024027513157481747
2021,04,HUN.7.1_1,0.01884379912636768,0.033037830591537407
2021,04,HUN.7.2_1,0.018282727847568094,0.031035537828413815
2021,04,HUN.7.3_1,0.020168685477848457,0.0380435624993461
2021,04,HUN.7.4_1,0.01938634503210736,0.03504012335466088
2021,04,HUN.7.5_1,0.01884379912636768,0.033037830591537407
2021,04,HUN.7.6_1,0.01614465573854321,0.024027513157481747
2021,04,HUN.7.7_1,0.017994705920028307,0.030034391446852184
2021,04,HUN.7.8_1,0.01856568283160555,0.032036684209975665
2021,04,HUN.7.9_1,0.018282727847568094,0.031035537828413815
2021,04,HUN.8.1_1,0.03604733785829212,0.13515476151083472
2021,04,HUN.8.2_1,0.035475584650836375,0.13014902960302602
2021,04,HUN.8.3_1,0.03604733785829212,0.13515476151083472
2021,04,HUN.8.4_1,0.0355912954003885,0.13115017598458775
2021,04,HUN.8.5_1,0.03476651464745528,0.1241421513136557
2021,04,HUN.8.6_1,0.034645801392979826,0.12314100493209373
2021,04,HUN.8.7_1,0.03649280402971885,0.1391593470370817
2021,04,HUN.9.1_1,0.02543873569027379,0.06207107565682785
2021,04,HUN.9.2_1,0.02524619734527049,0.061069929275266
2021,04,HUN.9.3_1,0.02543873569027379,0.06207107565682785
2021,04,HUN.9.4_1,0.026736074635948886,0.06907910032776003
2021,04,HUN.9.5_1,0.021634832812070907,0.04405044078871654
2021,04,HUN.9.6_1,0.023206863795463422,0.05105846545964871
2021,04,HUN.9.7_1,0.026005232612360086,0.06507451480151295
2021,04,HUN.9.8_1,0.02485530384679662,0.059067636512142634
2021,04,HUN.9.9_1,0.020917004556225475,0.04104700164403132
2021,04,IMN.10_2,0,0
2021,04,IMN.11_2,0,0
2021,04,IMN.12_2,0,0
2021,04,IMN.13_2,0,0
2021,04,IMN.14_2,0,0
2021,04,IMN.15_2,0,0
2021,04,IMN.16_2,0,0
2021,04,IMN.1_2,0,0
2021,04,IMN.2_2,0,0
2021,04,IMN.3_2,0,0
2021,04,IMN.4_2,0,0
2021,04,IMN.5_2,0,0
2021,04,IMN.7_2,0,0
2021,04,IMN.8_2,0,0
2021,04,IMN.9_2,0,0
2021,04,IRL.12.1_1,0,0
2021,04,IRL.12.2_1,0,0
2021,04,IRL.12.3_1,0,0
2021,04,IRL.13.2_1,0,0
2021,04,IRL.13.4_1,0,0
2021,04,IRL.14.1_1,0,0
2021,04,IRL.14.3_1,0,0
2021,04,IRL.15.3_1,0,0
2021,04,IRL.16.1_1,0,0
2021,04,IRL.16.2_1,0,0
2021,04,IRL.16.3_1,0,0
2021,04,IRL.16.4_1,0,0
2021,04,IRL.17.1_1,0,0
2021,04,IRL.17.5_1,0,0
2021,04,IRL.18.1_1,0,0
2021,04,IRL.18.2_1,0,0
2021,04,IRL.18.3_1,0,0
2021,04,IRL.19.1_1,0,0
2021,04,IRL.2.3_1,0,0
2021,04,IRL.20.1_1,0,0
2021,04,IRL.20.2_1,0,0
2021,04,IRL.20.3_1,0,0
2021,04,IRL.21.1_1,0,0
2021,04,IRL.22.3_1,0,0
2021,04,IRL.22.5_1,0,0
2021,04,IRL.23.2_1,0,0
2021,04,IRL.24.1_1,0,0
2021,04,IRL.26.2_1,0,0
2021,04,IRL.26.3_1,0,0
2021,04,IRL.3.2_1,0,0
2021,04,IRL.3.4_1,0,0
2021,04,IRL.4.1_1,0,0
2021,04,IRL.4.2_1,0,0
2021,04,IRL.4.3_1,0,0
2021,04,IRL.4.4_1,0,0
2021,04,IRL.4.5_1,0,0
2021,04,IRL.4.6_1,0,0
2021,04,IRL.4.7_1,0,0
2021,04,IRL.4.8_1,0,0
2021,04,IRL.4.9_1,0,0
2021,04,IRL.5.1_1,0,0
2021,04,IRL.5.3_1,0,0
2021,04,IRL.5.5_1,0,0
2021,04,IRL.6.1_1,0,0
2021,04,IRL.6.2_1,0,0
2021,04,IRL.6.3_1,0,0
2021,04,IRL.6.4_1,0,0
2021,04,IRL.7.1_1,0,0
2021,04,IRL.7.2_1,0,0
2021,04,IRL.7.3_1,0,0
2021,04,IRL.7.4_1,0,0
2021,04,IRL.7.5_1,0,0
2021,04,IRL.7.6_1,0,0
2021,04,IRL.8.1_1,0,0
2021,04,IRL.8.2_1,0,0
2021,04,IRL.8.3_1,0,0
2021,04,IRL.8.4_1,0,0
2021,04,IRL.8.5_1,0,0
2021,04,IRL.9.2_1,0,0
2021,04,IRL.9.5_1,0,0
2021,04,ISL.1.10_1,0,0
2021,04,ISL.1.11_1,0,0
2021,04,ISL.1.12_1,0,0
2021,04,ISL.1.13_1,0,0
2021,04,ISL.1.14_1,0,0
2021,04,ISL.1.15_1,0,0
2021,04,ISL.1.16_1,0,0
2021,04,ISL.1.1_1,0,0
2021,04,ISL.1.2_1,0,0
2021,04,ISL.1.3_1,0,0
2021,04,ISL.1.4_1,0,0
2021,04,ISL.1.5_1,0,0
2021,04,ISL.1.6_1,0,0
2021,04,ISL.1.7_1,0,0
2021,04,ISL.1.8_1,0,0
2021,04,ISL.1.9_1,0,0
2021,04,ISL.2.10_1,0,0
2021,04,ISL.2.11_1,0,0
2021,04,ISL.2.12_1,0,0
2021,04,ISL.2.13_1,0,0
2021,04,ISL.2.14_1,0,0
2021,04,ISL.2.15_1,0,0
2021,04,ISL.2.16_1,0,0
2021,04,ISL.2.17_1,0,0
2021,04,ISL.2.18_1,0,0
2021,04,ISL.2.19_1,0,0
2021,04,ISL.2.1_1,0,0
2021,04,ISL.2.20_1,0,0
2021,04,ISL.2.21_1,0,0
2021,04,ISL.2.22_1,0,0
2021,04,ISL.2.23_1,0,0
2021,04,ISL.2.24_1,0,0
2021,04,ISL.2.25_1,0,0
2021,04,ISL.2.2_1,0,0
2021,04,ISL.2.3_1,0,0
2021,04,ISL.2.4_1,0,0
2021,04,ISL.2.5_1,0,0
2021,04,ISL.2.6_1,0,0
2021,04,ISL.2.7_1,0,0
2021,04,ISL.2.9_1,0,0
2021,04,ISL.3.1_1,0,0
2021,04,ISL.3.2_1,0,0
2021,04,ISL.3.3_1,0,0
2021,04,ISL.3.4_1,0,0
2021,04,ISL.3.5_1,0,0
2021,04,ISL.3.6_1,0,0
2021,04,ISL.3.7_1,0,0
2021,04,ISL.4.10_1,0,0
2021,04,ISL.4.11_1,0,0
2021,04,ISL.4.12_1,0,0
2021,04,ISL.4.13_1,0,0
2021,04,ISL.4.1_1,0,0
2021,04,ISL.4.2_1,0,0
2021,04,ISL.4.3_1,0,0
2021,04,ISL.4.4_1,0,0
2021,04,ISL.4.5_1,0,0
2021,04,ISL.4.6_1,0,0
2021,04,ISL.4.7_1,0,0
2021,04,ISL.4.8_1,0,0
2021,04,ISL.4.9_1,0,0
2021,04,ISL.5.10_1,0,0
2021,04,ISL.5.11_1,0,0
2021,04,ISL.5.12_1,0,0
2021,04,ISL.5.13_1,0,0
2021,04,ISL.5.14_1,0,0
2021,04,ISL.5.15_1,0,0
2021,04,ISL.5.16_1,0,0
2021,04,ISL.5.17_1,0,0
2021,04,ISL.5.18_1,0,0
2021,04,ISL.5.19_1,0,0
2021,04,ISL.5.1_1,0,0
2021,04,ISL.5.20_1,0,0
2021,04,ISL.5.21_1,0,0
2021,04,ISL.5.22_1,0,0
2021,04,ISL.5.23_1,0,0
2021,04,ISL.5.25_1,0,0
2021,04,ISL.5.26_1,0,0
2021,04,ISL.5.27_1,0,0
2021,04,ISL.5.2_1,0,0
2021,04,ISL.5.3_1,0,0
2021,04,ISL.5.4_1,0,0
2021,04,ISL.5.5_1,0,0
2021,04,ISL.5.6_1,0,0
2021,04,ISL.5.7_1,0,0
2021,04,ISL.5.8_1,0,0
2021,04,ISL.5.9_1,0,0
2021,04,ISL.6.1_1,0,0
2021,04,ISL.6.2_1,0,0
2021,04,ISL.6.3_1,0,0
2021,04,ISL.6.4_1,0,0
2021,04,ISL.7.10_1,0,0
2021,04,ISL.7.11_1,0,0
2021,04,ISL.7.1_1,0,0
2021,04,ISL.7.2_1,0,0
2021,04,ISL.7.3_1,0,0
2021,04,ISL.7.4_1,0,0
2021,04,ISL.7.5_1,0,0
2021,04,ISL.7.6_1,0,0
2021,04,ISL.7.7_1,0,0
2021,04,ISL.7.8_1,0,0
2021,04,ISL.7.9_1,0,0
2021,04,ISL.8.11_1,0,0
2021,04,ISL.8.12_1,0,0
2021,04,ISL.8.13_1,0,0
2021,04,ISL.8.14_1,0,0
2021,04,ISL.8.15_1,0,0
2021,04,ISL.8.16_1,0,0
2021,04,ISL.8.1_1,0,0
2021,04,ISL.8.2_1,0,0
2021,04,ISL.8.3_1,0,0
2021,04,ISL.8.4_1,0,0
2021,04,ISL.8.5_1,0,0
2021,04,ISL.8.6_1,0,0
2021,04,ISL.8.7_1,0,0
2021,04,ISL.8.8_1,0,0
2021,04,ISL.8.9_1,0,0
2021,04,ITA.1.1_1,0,0
2021,04,ITA.1.2_1,0,0
2021,04,ITA.1.3_1,0,0
2021,04,ITA.1.4_1,0,0
2021,04,ITA.10.10_1,0.04852210917610315,0.002296207297159993
2021,04,ITA.10.11_1,0.3737605903548741,0.23787528239673275
2021,04,ITA.10.12_1,0.1964042764324211,0.07165034585250654
2021,04,ITA.10.1_1,0.763067020197125,0.3755249801119089
2021,04,ITA.10.2_1,0.2797832815738222,0.06947731369215335
2021,04,ITA.10.3_1,0.18415653941360124,0.03819956170312171
2021,04,ITA.10.4_1,0.5208134243193807,0.3583532737704507
2021,04,ITA.10.5_1,0.14820250762256726,0.050971584014997635
2021,04,ITA.10.6_1,0.17768724154711826,0.09506434530109382
2021,04,ITA.10.7_1,0.14741165175996934,0.05918134208264627
2021,04,ITA.10.8_1,0.12006978382604133,0.020594683989898048
2021,04,ITA.10.9_1,0.04982553119327946,0.009294462428292004
2021,04,ITA.11.1_1,0,0
2021,04,ITA.11.2_1,0,0
2021,04,ITA.11.3_1,0,0
2021,04,ITA.11.4_1,0,0
2021,04,ITA.11.5_1,0,0
2021,04,ITA.12.1_1,0,0
2021,04,ITA.12.2_1,0,0
2021,04,ITA.13.1_1,0,0
2021,04,ITA.13.2_1,0,0
2021,04,ITA.13.3_1,0,0
2021,04,ITA.13.4_1,0.0977013683292798,0.007706102912643393
2021,04,ITA.13.5_1,0,0
2021,04,ITA.13.6_1,0,0
2021,04,ITA.13.7_1,0.0676992116021448,0.008100714202115803
2021,04,ITA.13.8_1,0,0
2021,04,ITA.14.1_1,0,0
2021,04,ITA.14.2_1,0,0
2021,04,ITA.14.3_1,0,0
2021,04,ITA.14.4_1,0,0
2021,04,ITA.14.5_1,0,0
2021,04,ITA.14.6_1,0,0
2021,04,ITA.14.7_1,0,0
2021,04,ITA.14.8_1,0,0
2021,04,ITA.15.1_1,0,0
2021,04,ITA.15.2_1,0,0
2021,04,ITA.15.3_1,0,0
2021,04,ITA.15.4_1,0,0
2021,04,ITA.15.5_1,0,0
2021,04,ITA.15.6_1,0,0
2021,04,ITA.15.7_1,0,0
2021,04,ITA.15.8_1,0,0
2021,04,ITA.15.9_1,0,0
2021,04,ITA.16.10_1,0,0
2021,04,ITA.16.1_1,0,0
2021,04,ITA.16.2_1,0,0
2021,04,ITA.16.3_1,0,0
2021,04,ITA.16.4_1,0,0
2021,04,ITA.16.5_1,0.06526558327210265,0.019604111920180037
2021,04,ITA.16.6_1,0.06579360234465798,0.04105764309511488
2021,04,ITA.16.7_1,0,0
2021,04,ITA.16.8_1,0,0
2021,04,ITA.16.9_1,0,0
2021,04,ITA.17.1_1,0.3316763904963679,0.10040339706786383
2021,04,ITA.17.2_1,0.5474782145628776,0.15477600127535626
2021,04,ITA.18.1_1,0,0
2021,04,ITA.18.2_1,0,0
2021,04,ITA.19.1_1,0,0
2021,04,ITA.2.1_1,0,0
2021,04,ITA.2.2_1,0,0
2021,04,ITA.2.3_1,0,0
2021,04,ITA.2.4_1,0,0
2021,04,ITA.2.5_1,0,0
2021,04,ITA.2.6_1,0,0
2021,04,ITA.20.1_1,0.1607492682030018,0.035929120481308564
2021,04,ITA.20.2_1,0.09130804127733548,0.007964792433627231
2021,04,ITA.20.3_1,0,0
2021,04,ITA.20.4_1,0.21717098002444366,0.04807759964670264
2021,04,ITA.20.5_1,0.08634482400178041,0.017161541335600407
2021,04,ITA.20.6_1,0.06655107442090251,0.004473612180231703
2021,04,ITA.20.7_1,0.2505802835202603,0.05058596339194274
2021,04,ITA.3.1_1,0,0
2021,04,ITA.3.2_1,0,0
2021,04,ITA.4.1_1,0,0
2021,04,ITA.4.2_1,0,0
2021,04,ITA.4.3_1,0,0
2021,04,ITA.4.4_1,0,0
2021,04,ITA.4.5_1,0,0
2021,04,ITA.5.1_1,0,0
2021,04,ITA.5.2_1,0,0
2021,04,ITA.5.3_1,0,0
2021,04,ITA.5.4_1,0,0
2021,04,ITA.5.5_1,0,0
2021,04,ITA.6.1_1,0,0
2021,04,ITA.6.2_1,0,0
2021,04,ITA.6.3_1,0,0
2021,04,ITA.6.4_1,0.12785617898018925,0.05299757840096119
2021,04,ITA.6.5_1,0.1508991284298272,0.07388805021971104
2021,04,ITA.6.6_1,0.07895363635541523,0.02044046602597303
2021,04,ITA.6.7_1,0,0
2021,04,ITA.6.8_1,0.30923130364408763,0.2931384334050224
2021,04,ITA.6.9_1,0,0
2021,04,ITA.7.1_1,0.22914292440582024,0.2872646086812213
2021,04,ITA.7.2_1,0.33339038456479697,0.3078870142724751
2021,04,ITA.7.3_1,0.11496748694139022,0.30573785632632716
2021,04,ITA.7.4_1,0.5216333554075282,0.2653390198902288
2021,04,ITA.8.1_1,0,0
2021,04,ITA.8.2_1,0,0
2021,04,ITA.8.3_1,0,0
2021,04,ITA.8.4_1,0,0
2021,04,ITA.8.5_1,0,0
2021,04,ITA.9.1_1,0,0
2021,04,ITA.9.2_1,0.3634712321364506,0.33030862496942875
2021,04,ITA.9.3_1,0,0
2021,04,ITA.9.4_1,0.09689320310913808,0.028852459337892593
2021,04,JEY.10_1,0,0
2021,04,JEY.9_1,0,0
2021,04,LIE.10_1,0.04243023515635443,0.203232715457033
2021,04,LIE.7_1,0.041712540845292655,0.19422239802297725
2021,04,LIE.9_1,0.04008152691092928,0.1752006167733043
2021,04,LTU.1.3_1,0,0
2021,04,LTU.1.4_1,0,0
2021,04,LTU.10.1_1,0,0
2021,04,LTU.10.3_1,0,0
2021,04,LTU.10.6_1,0,0
2021,04,LTU.4.1_1,0,0
2021,04,LTU.9.2_1,0,0
2021,04,LTU.9.5_1,0,0
2021,04,LUX.1.1_1,0.11409716587893204,0.8984887833583702
2021,04,LUX.1.2_1,0.14621841319513165,0.9199863237783766
2021,04,LUX.1.3_1,0.14668792992702753,0.9175036946617159
2021,04,LUX.1.4_1,0.07972948667972675,0.8700555607844933
2021,04,LUX.1.5_1,0.1223945514310945,0.9094673318112445
2021,04,LUX.2.1_1,0.12955166186021433,0.3600603690223295
2021,04,LUX.2.2_1,0.13895779517319148,0.3650042258734773
2021,04,LUX.2.3_1,0.14052014392497486,0.3836473577166143
2021,04,LUX.3.1_1,0.14746561416091133,0.5118358915037139
2021,04,LUX.3.2_1,0.1955171937692139,0.529262454930803
2021,04,LUX.3.3_1,0.30356691720119006,0.6489915400113332
2021,04,LUX.3.4_1,0.1656477194048228,0.5347931925216577
2021,04,LVA.2.2_1,0,0
2021,04,LVA.2.3_1,0,0
2021,04,LVA.2.4_1,0,0
2021,04,MDA.16_1,0,0
2021,04,MDA.17_1,0,0
2021,04,MDA.20_1,0,0
2021,04,MDA.21_1,0,0
2021,04,MDA.23_1,0,0
2021,04,MDA.24_1,0,0
2021,04,MDA.28_1,0,0
2021,04,MDA.37_1,0,0
2021,04,MDA.5_1,0,0
2021,04,MDA.6_1,0,0
2021,04,MDA.8_1,0,0
2021,04,MKD.11_1,0,0
2021,04,MKD.13_1,0,0
2021,04,MKD.14_1,0,0
2021,04,MKD.15_1,0,0
2021,04,MKD.16_1,0,0
2021,04,MKD.17_1,0,0
2021,04,MKD.18_1,0,0
2021,04,MKD.19_1,0,0
2021,04,MKD.20_1,0,0
2021,04,MKD.21_1,0,0
2021,04,MKD.23_1,0,0
2021,04,MKD.24_1,0,0
2021,04,MKD.25_1,0,0
2021,04,MKD.26_1,0,0
2021,04,MKD.27_1,0,0
2021,04,MKD.28_1,0,0
2021,04,MKD.29_1,0,0
2021,04,MKD.2_1,0,0
2021,04,MKD.30_1,0,0
2021,04,MKD.31_1,0,0
2021,04,MKD.32_1,0,0
2021,04,MKD.33_1,0,0
2021,04,MKD.35_1,0,0
2021,04,MKD.36_1,0,0
2021,04,MKD.37_1,0,0
2021,04,MKD.38_1,0,0
2021,04,MKD.39_1,0,0
2021,04,MKD.3_1,0,0
2021,04,MKD.40_1,0,0
2021,04,MKD.41_1,0,0
2021,04,MKD.42_1,0,0
2021,04,MKD.43_1,0,0
2021,04,MKD.44_1,0,0
2021,04,MKD.45_1,0,0
2021,04,MKD.46_1,0,0
2021,04,MKD.47_1,0,0
2021,04,MKD.48_1,0,0
2021,04,MKD.49_1,0,0
2021,04,MKD.4_1,0,0
2021,04,MKD.50_1,0,0
2021,04,MKD.51_1,0,0
2021,04,MKD.52_1,0,0
2021,04,MKD.54_1,0,0
2021,04,MKD.55_1,0,0
2021,04,MKD.56_1,0,0
2021,04,MKD.57_1,0,0
2021,04,MKD.58_1,0,0
2021,04,MKD.59_1,0,0
2021,04,MKD.5_1,0,0
2021,04,MKD.60_1,0,0
2021,04,MKD.61_1,0,0
2021,04,MKD.62_1,0,0
2021,04,MKD.63_1,0,0
2021,04,MKD.64_1,0,0
2021,04,MKD.65_1,0,0
2021,04,MKD.66_1,0,0
2021,04,MKD.67_1,0,0
2021,04,MKD.68_1,0,0
2021,04,MKD.69_1,0,0
2021,04,MKD.6_1,0,0
2021,04,MKD.70_1,0,0
2021,04,MKD.72_1,0,0
2021,04,MKD.73_1,0,0
2021,04,MKD.74_1,0,0
2021,04,MKD.75_1,0,0
2021,04,MKD.76_1,0,0
2021,04,MKD.77_1,0,0
2021,04,MKD.79_1,0,0
2021,04,MKD.7_1,0,0
2021,04,MKD.81_1,0,0
2021,04,MKD.83_1,0,0
2021,04,MKD.84_1,0,0
2021,04,MKD.85_1,0,0
2021,04,MKD.8_1,0,0
2021,04,MKD.9_1,0,0
2021,04,MLT.1_1,0,0
2021,04,MLT.3.11_1,0,0
2021,04,MLT.3.3_1,0,0
2021,04,MLT.3.5_1,0,0
2021,04,MLT.3.6_1,0,0
2021,04,MLT.3.9_1,0,0
2021,04,MLT.4.10_1,0,0
2021,04,MLT.4.12_1,0,0
2021,04,MLT.4.2_1,0,0
2021,04,MLT.4.3_1,0,0
2021,04,MLT.4.4_1,0,0
2021,04,MLT.4.5_1,0,0
2021,04,MLT.4.9_1,0,0
2021,04,MLT.4_1,0,0
2021,04,MLT.5.14_1,0,0
2021,04,MLT.5.4_1,0,0
2021,04,MLT.5.9_1,0,0
2021,04,MLT.5_1,0,0
2021,04,MNE.10_1,0,0
2021,04,MNE.11_1,0,0
2021,04,MNE.12_1,0.044118725592247554,0.2262590822329529
2021,04,MNE.13_1,0,0
2021,04,MNE.14_1,0.04187495169978811,0.19622469078610072
2021,04,MNE.15_1,0.042194733708194425,0.2002292763123477
2021,04,MNE.16_1,0,0
2021,04,MNE.17_1,0,0
2021,04,MNE.18_1,0,0
2021,04,MNE.19_1,0,0
2021,04,MNE.1_1,0,0
2021,04,MNE.20_1,0,0
2021,04,MNE.21_1,0,0
2021,04,MNE.2_1,0,0
2021,04,MNE.3_1,0,0
2021,04,MNE.4_1,0,0
2021,04,MNE.5_1,0,0
2021,04,MNE.6_1,0,0
2021,04,MNE.7_1,0,0
2021,04,MNE.8_1,0.04683187772755874,0.27030952302166944
2021,04,MNE.9_1,0,0
2021,04,NLD.1.10_1,0,0
2021,04,NLD.1.11_1,0,0
2021,04,NLD.1.12_1,0,0
2021,04,NLD.1.1_1,0,0
2021,04,NLD.1.2_1,0,0
2021,04,NLD.1.3_1,0,0
2021,04,NLD.1.4_1,0,0
2021,04,NLD.1.5_1,0.04250792216094254,0.20423386183859452
2021,04,NLD.1.6_1,0,0
2021,04,NLD.1.7_1,0.043262978800244566,0.21424532565421203
2021,04,NLD.1.8_1,0.04070151780835198,0.18220864144423637
2021,04,NLD.1.9_1,0,0
2021,04,NLD.10.10_1,0.04227364319000529,0.20123042269390953
2021,04,NLD.10.11_1,0,0
2021,04,NLD.10.12_1,0,0
2021,04,NLD.10.13_1,0.0391546610630516,0.1651891529576869
2021,04,NLD.10.14_1,0,0
2021,04,NLD.10.15_1,0,0
2021,04,NLD.10.16_1,0.04195552353966833,0.19722583716766257
2021,04,NLD.10.17_1,0.04304056743489571,0.21124188650952683
2021,04,NLD.10.18_1,0.041630696887139725,0.19322125164141563
2021,04,NLD.10.19_1,0,0
2021,04,NLD.10.1_1,0,0
2021,04,NLD.10.20_1,0.04104563072528353,0.18621322697048331
2021,04,NLD.10.21_1,0.042035676230689226,0.1982269835492243
2021,04,NLD.10.22_1,0,0
2021,04,NLD.10.23_1,0.04211541216598253,0.19922812993078606
2021,04,NLD.10.24_1,0,0
2021,04,NLD.10.25_1,0.04087448087326351,0.18421093420735984
2021,04,NLD.10.26_1,0.04138258054131647,0.19021781249673028
2021,04,NLD.10.3_1,0,0
2021,04,NLD.10.4_1,0.042035676230689226,0.1982269835492243
2021,04,NLD.10.5_2,0.0401715138994314,0.17620176315486594
2021,04,NLD.10.6_1,0,0
2021,04,NLD.10.7_1,0,0
2021,04,NLD.10.8_1,0,0
2021,04,NLD.10.9_1,0.04296565650274009,0.21024074012796518
2021,04,NLD.11.12_1,0,0
2021,04,NLD.11.13_1,0,0
2021,04,NLD.11.14_1,0,0
2021,04,NLD.11.16_1,0.04121498995312579,0.18821551973360692
2021,04,NLD.11.18_1,0,0
2021,04,NLD.11.21_1,0,0
2021,04,NLD.11.22_1,0,0
2021,04,NLD.11.23_1,0,0
2021,04,NLD.11.24_1,0.04104563072528353,0.18621322697048331
2021,04,NLD.11.25_1,0.04052671831484468,0.1802063486811129
2021,04,NLD.11.26_1,0,0
2021,04,NLD.11.27_1,0,0
2021,04,NLD.11.28_1,0.03943797097777055,0.16819259210237214
2021,04,NLD.11.30_1,0,0
2021,04,NLD.11.31_1,0,0
2021,04,NLD.11.32_1,0,0
2021,04,NLD.11.33_1,0,0
2021,04,NLD.11.34_1,0,0
2021,04,NLD.11.35_1,0,0
2021,04,NLD.11.36_1,0,0
2021,04,NLD.11.37_1,0,0
2021,04,NLD.11.3_1,0.041712540845292655,0.19422239802297725
2021,04,NLD.11.4_1,0,0
2021,04,NLD.11.6_1,0,0
2021,04,NLD.11.7_1,0.040960281024667866,0.1852120805889217
2021,04,NLD.11.8_1,0,0
2021,04,NLD.12.10_1,0,0
2021,04,NLD.12.11_1,0,0
2021,04,NLD.12.12_1,0,0
2021,04,NLD.12.13_1,0,0
2021,04,NLD.12.1_1,0,0
2021,04,NLD.12.2_1,0,0
2021,04,NLD.12.3_1,0,0
2021,04,NLD.12.4_1,0,0
2021,04,NLD.12.5_1,0,0
2021,04,NLD.12.6_1,0,0
2021,04,NLD.12.7_1,0,0
2021,04,NLD.12.8_1,0,0
2021,04,NLD.12.9_1,0,0
2021,04,NLD.13.1_1,0.04304056743489571,0.21124188650952683
2021,04,NLD.14.100_1,0,0
2021,04,NLD.14.101_1,0.04179395828689958,0.1952235444045391
2021,04,NLD.14.102_1,0,0
2021,04,NLD.14.103_1,0.043409338315429744,0.2162476184173354
2021,04,NLD.14.104_1,0.04281466175348721,0.2082384473648417
2021,04,NLD.14.17_1,0.0395313934603246,0.16919373848393388
2021,04,NLD.14.18_1,0.044118725592247554,0.2262590822329529
2021,04,NLD.14.1_1,0.04390977381324289,0.2232556430882677
2021,04,NLD.14.21_1,0.03990010746548183,0.17319832401018082
2021,04,NLD.14.23_1,0,0
2021,04,NLD.14.26_1,0,0
2021,04,NLD.14.27_1,0,0
2021,04,NLD.14.29_1,0,0
2021,04,NLD.14.2_1,0,0
2021,04,NLD.14.30_2,0.043115090126077074,0.21224303289108856
2021,04,NLD.14.31_1,0.042194733708194425,0.2002292763123477
2021,04,NLD.14.32_1,0.03971673869069331,0.17119603124705735
2021,04,NLD.14.34_2,0,0
2021,04,NLD.14.36_1,0.04121498995312579,0.18821551973360692
2021,04,NLD.14.38_1,0,0
2021,04,NLD.14.39_1,0,0
2021,04,NLD.14.40_1,0,0
2021,04,NLD.14.43_1,0,0
2021,04,NLD.14.45_1,0.04154842389192632,0.19222010525985375
2021,04,NLD.14.4_1,0,0
2021,04,NLD.14.53_2,0.04187495169978811,0.19622469078610072
2021,04,NLD.14.54_2,0,0
2021,04,NLD.14.56_1,0,0
2021,04,NLD.14.5_1,0.043115090126077074,0.21224303289108856
2021,04,NLD.14.60_1,0,0
2021,04,NLD.14.61_1,0.043262978800244566,0.21424532565421203
2021,04,NLD.14.63_1,0.043409338315429744,0.2162476184173354
2021,04,NLD.14.66_1,0,0
2021,04,NLD.14.67_2,0.04418765297206733,0.22726022861451464
2021,04,NLD.14.70_1,0.04129900497614448,0.18921666611516855
2021,04,NLD.14.73_1,0,0
2021,04,NLD.14.78_1,0.043262978800244566,0.21424532565421203
2021,04,NLD.14.7_2,0,0
2021,04,NLD.14.81_1,0,0
2021,04,NLD.14.82_1,0.04087448087326351,0.18421093420735984
2021,04,NLD.14.84_1,0,0
2021,04,NLD.14.86_1,0.041712540845292655,0.19422239802297725
2021,04,NLD.14.89_1,0.04418765297206733,0.22726022861451464
2021,04,NLD.14.8_1,0.04376864730876256,0.2212533503251442
2021,04,NLD.14.90_1,0,0
2021,04,NLD.14.91_1,0.044324433047002954,0.22926252137763825
2021,04,NLD.14.93_1,0,0
2021,04,NLD.14.94_1,0.04211541216598253,0.19922812993078606
2021,04,NLD.14.95_1,0.04355418408739656,0.2182499111804589
2021,04,NLD.14.96_1,0.04154842389192632,0.19222010525985375
2021,04,NLD.14.97_1,0.043115090126077074,0.21224303289108856
2021,04,NLD.14.98_1,0.04043862247515043,0.17920520229955125
2021,04,NLD.14.99_1,0.03924960842947607,0.16619029933924864
2021,04,NLD.2.1_1,0.04243023515635443,0.203232715457033
2021,04,NLD.2.2_1,0.04243023515635443,0.203232715457033
2021,04,NLD.2.3_1,0.040960281024667866,0.1852120805889217
2021,04,NLD.2.4_1,0.04078822742843078,0.18320978782579822
2021,04,NLD.2.6_1,0.04078822742843078,0.18320978782579822
2021,04,NLD.3.10_1,0,0
2021,04,NLD.3.11_2,0,0
2021,04,NLD.3.14_2,0,0
2021,04,NLD.3.1_1,0,0
2021,04,NLD.3.20_1,0,0
2021,04,NLD.3.21_1,0,0
2021,04,NLD.3.24_1,0,0
2021,04,NLD.3.27_1,0,0
2021,04,NLD.3.29_1,0.04250792216094254,0.20423386183859452
2021,04,NLD.3.32_1,0.04129900497614448,0.18921666611516855
2021,04,NLD.3.33_1,0,0
2021,04,NLD.3.34_1,0,0
2021,04,NLD.3.35_1,0,0
2021,04,NLD.3.5_1,0,0
2021,04,NLD.4.10_1,0,0
2021,04,NLD.4.11_1,0,0
2021,04,NLD.4.14_1,0,0
2021,04,NLD.4.15_2,0,0
2021,04,NLD.4.16_1,0,0
2021,04,NLD.4.17_1,0,0
2021,04,NLD.4.18_1,0.01770136971547549,0.029033245065290446
2021,04,NLD.4.20_1,0.01740245050316751,0.028032098683728707
2021,04,NLD.4.21_1,0.01770136971547549,0.029033245065290446
2021,04,NLD.4.22_1,0.019651152520445456,0.036041269736222625
2021,04,NLD.4.28_1,0.015473160373694313,0.02202522039435827
2021,04,NLD.4.29_1,0.01614465573854321,0.024027513157481747
2021,04,NLD.4.30_1,0.016469126721914227,0.02502865953904349
2021,04,NLD.4.32_1,0.017097655461554624,0.027030952302166966
2021,04,NLD.4.34_1,0.017097655461554624,0.027030952302166966
2021,04,NLD.4.37_1,0,0
2021,04,NLD.4.38_2,0,0
2021,04,NLD.4.39_1,0.018282727847568094,0.031035537828413815
2021,04,NLD.4.3_1,0.019651152520445456,0.036041269736222625
2021,04,NLD.4.43_1,0.017097655461554624,0.027030952302166966
2021,04,NLD.4.44_1,0,0
2021,04,NLD.4.45_1,0.019117287911249572,0.03403897697309914
2021,04,NLD.4.46_1,0.01363639204510778,0.01701948848654957
2021,04,NLD.4.47_1,0,0
2021,04,NLD.4.48_1,0.01581282479208805,0.02302636677592001
2021,04,NLD.4.49_1,0.01856568283160555,0.032036684209975665
2021,04,NLD.4.4_1,0.01678666453183757,0.026029805920605227
2021,04,NLD.4.50_1,0,0
2021,04,NLD.4.52_1,0.029729888070230116,0.08709973519587123
2021,04,NLD.4.54_1,0.015473160373694313,0.02202522039435827
2021,04,NLD.4.56_1,0,0
2021,04,NLD.4.58_1,0.019651152520445456,0.036041269736222625
2021,04,NLD.4.5_1,0.016469126721914227,0.02502865953904349
2021,04,NLD.4.60_1,0.019911879924188396,0.03704241611778436
2021,04,NLD.4.63_1,0,0
2021,04,NLD.4.64_1,0,0
2021,04,NLD.4.65_1,0.017994705920028307,0.030034391446852184
2021,04,NLD.4.66_1,0,0
2021,04,NLD.4.68_1,0.015473160373694313,0.02202522039435827
2021,04,NLD.4.70_2,0,0
2021,04,NLD.4.71_2,0,0
2021,04,NLD.4.72_1,0,0
2021,04,NLD.4.73_1,0,0
2021,04,NLD.4.74_1,0,0
2021,04,NLD.4.75_1,0,0
2021,04,NLD.4.76_1,0,0
2021,04,NLD.4.77_1,0,0
2021,04,NLD.4.78_1,0,0
2021,04,NLD.4.79_1,0,0
2021,04,NLD.4.7_1,0,0
2021,04,NLD.4.9_1,0,0
2021,04,NLD.5.15_1,0,0
2021,04,NLD.5.19_1,0,0
2021,04,NLD.5.21_1,0,0
2021,04,NLD.5.26_1,0,0
2021,04,NLD.5.27_1,0,0
2021,04,NLD.5.28_1,0,0
2021,04,NLD.5.29_1,0,0
2021,04,NLD.5.30_1,0,0
2021,04,NLD.5.31_1,0,0
2021,04,NLD.5.7_2,0,0
2021,04,NLD.6.1_1,0.044049437744922676,0.22525793585139128
2021,04,NLD.7.10_1,0,0
2021,04,NLD.7.13_1,0,0
2021,04,NLD.7.16_2,0.040960281024667866,0.1852120805889217
2021,04,NLD.7.18_1,0,0
2021,04,NLD.7.20_1,0,0
2021,04,NLD.7.23_1,0.04078822742843078,0.18320978782579822
2021,04,NLD.7.26_1,0,0
2021,04,NLD.7.28_1,0,0
2021,04,NLD.7.29_1,0.040350058526107575,0.1782040559179894
2021,04,NLD.7.32_2,0.0411305327792931,0.1872143733520452
2021,04,NLD.7.33_2,0.0395313934603246,0.16919373848393388
2021,04,NLD.7.37_1,0,0
2021,04,NLD.7.38_1,0.04070151780835198,0.18220864144423637
2021,04,NLD.7.39_1,0.040960281024667866,0.1852120805889217
2021,04,NLD.7.3_1,0,0
2021,04,NLD.7.42_1,0.03896321547716158,0.16318686019456344
2021,04,NLD.7.43_1,0,0
2021,04,NLD.7.44_2,0,0
2021,04,NLD.7.45_1,0.03867211222926114,0.1601834210498782
2021,04,NLD.7.46_1,0,0
2021,04,NLD.7.47_1,0.04129900497614448,0.18921666611516855
2021,04,NLD.7.48_1,0,0
2021,04,NLD.7.49_1,0.0411305327792931,0.1872143733520452
2021,04,NLD.7.4_1,0.03971673869069331,0.17119603124705735
2021,04,NLD.7.50_1,0.040350058526107575,0.1782040559179894
2021,04,NLD.7.51_1,0.04078822742843078,0.18320978782579822
2021,04,NLD.7.52_1,0.03924960842947607,0.16619029933924864
2021,04,NLD.7.5_1,0,0
2021,04,NLD.7.6_1,0,0
2021,04,NLD.7.7_1,0.0401715138994314,0.17620176315486594
2021,04,NLD.7.9_1,0,0
2021,04,NLD.8.10_1,0.03847537384075372,0.15818112828675474
2021,04,NLD.8.11_1,0.04179395828689958,0.1952235444045391
2021,04,NLD.8.12_1,0.0401715138994314,0.17620176315486594
2021,04,NLD.8.13_1,0.03905919800908988,0.16418800657612517
2021,04,NLD.8.14_1,0,0
2021,04,NLD.8.15_1,0.041465719305868474,0.19121895887829213
2021,04,NLD.8.16_1,0.039991059189604855,0.17419947039174247
2021,04,NLD.8.17_1,0.0401715138994314,0.17620176315486594
2021,04,NLD.8.18_1,0,0
2021,04,NLD.8.19_1,0,0
2021,04,NLD.8.1_1,0.04026102337855389,0.17720290953642778
2021,04,NLD.8.20_1,0.03971673869069331,0.17119603124705735
2021,04,NLD.8.21_1,0.04078822742843078,0.18320978782579822
2021,04,NLD.8.22_1,0,0
2021,04,NLD.8.23_1,0,0
2021,04,NLD.8.25_1,0.04052671831484468,0.1802063486811129
2021,04,NLD.8.26_1,0,0
2021,04,NLD.8.27_1,0,0
2021,04,NLD.8.28_1,0.04121498995312579,0.18821551973360692
2021,04,NLD.8.30_1,0,0
2021,04,NLD.8.31_1,0.04250792216094254,0.20423386183859452
2021,04,NLD.8.32_1,0.04235214291463789,0.20223156907547127
2021,04,NLD.8.33_1,0.0401715138994314,0.17620176315486594
2021,04,NLD.8.34_1,0.040350058526107575,0.1782040559179894
2021,04,NLD.8.35_1,0.04070151780835198,0.18220864144423637
2021,04,NLD.8.36_1,0.03876967652559617,0.16118456743143994
2021,04,NLD.8.38_1,0,0
2021,04,NLD.8.3_1,0,0
2021,04,NLD.8.41_1,0.03943797097777055,0.16819259210237214
2021,04,NLD.8.42_1,0.03847537384075372,0.15818112828675474
2021,04,NLD.8.43_1,0.03990010746548183,0.17319832401018082
2021,04,NLD.8.44_1,0.03817617937893299,0.1551776891420695
2021,04,NLD.8.45_1,0.03980866842112546,0.17219717762861897
2021,04,NLD.8.46_1,0,0
2021,04,NLD.8.47_2,0.03924960842947607,0.16619029933924864
2021,04,NLD.8.48_1,0.03934404384182617,0.16719144572081038
2021,04,NLD.8.49_1,0,0
2021,04,NLD.8.4_1,0.042194733708194425,0.2002292763123477
2021,04,NLD.8.50_1,0,0
2021,04,NLD.8.52_1,0.03905919800908988,0.16418800657612517
2021,04,NLD.8.54_1,0.0395313934603246,0.16919373848393388
2021,04,NLD.8.55_1,0.03876967652559617,0.16118456743143994
2021,04,NLD.8.56_1,0.03943797097777055,0.16819259210237214
2021,04,NLD.8.57_1,0,0
2021,04,NLD.8.58_1,0.040350058526107575,0.1782040559179894
2021,04,NLD.8.59_1,0.0395313934603246,0.16919373848393388
2021,04,NLD.8.5_1,0,0
2021,04,NLD.8.60_1,0.03876967652559617,0.16118456743143994
2021,04,NLD.8.62_1,0.038866709618666555,0.1621857138130017
2021,04,NLD.8.63_2,0.04129900497614448,0.18921666611516855
2021,04,NLD.8.64_1,0.04008152691092928,0.1752006167733043
2021,04,NLD.8.65_1,0,0
2021,04,NLD.8.67_1,0,0
2021,04,NLD.8.69_1,0,0
2021,04,NLD.8.6_1,0.03943797097777055,0.16819259210237214
2021,04,NLD.8.70_1,0.0395313934603246,0.16919373848393388
2021,04,NLD.8.71_1,0.04087448087326351,0.18421093420735984
2021,04,NLD.8.72_1,0.03990010746548183,0.17319832401018082
2021,04,NLD.8.7_1,0,0
2021,04,NLD.8.8_1,0.04026102337855389,0.17720290953642778
2021,04,NLD.8.9_1,0.0391546610630516,0.1651891529576869
2021,04,NLD.9.10_1,0,0
2021,04,NLD.9.11_1,0.042035676230689226,0.1982269835492243
2021,04,NLD.9.12_2,0.04179395828689958,0.1952235444045391
2021,04,NLD.9.14_1,0,0
2021,04,NLD.9.15_1,0,0
2021,04,NLD.9.16_1,0.04104563072528353,0.18621322697048331
2021,04,NLD.9.1_1,0.039991059189604855,0.17419947039174247
2021,04,NLD.9.21_1,0.04008152691092928,0.1752006167733043
2021,04,NLD.9.23_2,0.04154842389192632,0.19222010525985375
2021,04,NLD.9.25_1,0,0
2021,04,NLD.9.26_1,0,0
2021,04,NLD.9.27_1,0,0
2021,04,NLD.9.28_1,0,0
2021,04,NLD.9.29_1,0,0
2021,04,NLD.9.30_1,0,0
2021,04,NLD.9.31_1,0,0
2021,04,NLD.9.32_1,0.03876967652559617,0.16118456743143994
2021,04,NLD.9.33_1,0,0
2021,04,NLD.9.34_1,0,0
2021,04,NLD.9.3_1,0.03934404384182617,0.16719144572081038
2021,04,NLD.9.41_1,0.03857401269898384,0.15918227466831647
2021,04,NLD.9.42_1,0,0
2021,04,NLD.9.43_1,0.037035344386197766,0.1441650789448904
2021,04,NLD.9.44_1,0.040960281024667866,0.1852120805889217
2021,04,NLD.9.47_1,0,0
2021,04,NLD.9.48_1,0,0
2021,04,NLD.9.49_1,0,0
2021,04,NLD.9.4_1,0.04154842389192632,0.19222010525985375
2021,04,NLD.9.50_1,0.03857401269898384,0.15918227466831647
2021,04,NLD.9.51_1,0,0
2021,04,NLD.9.53_1,0.04061434909129266,0.18120749506267475
2021,04,NLD.9.54_1,0.0395313934603246,0.16919373848393388
2021,04,NLD.9.59_1,0,0
2021,04,NLD.9.61_1,0.03896321547716158,0.16318686019456344
2021,04,NLD.9.62_1,0.03924960842947607,0.16619029933924864
2021,04,NLD.9.63_1,0,0
2021,04,NLD.9.66_1,0.03905919800908988,0.16418800657612517
2021,04,NLD.9.67_1,0,0
2021,04,NLD.9.68_1,0.03745837336413792,0.14816966447113733
2021,04,NLD.9.69_1,0.04296565650274009,0.21024074012796518
2021,04,NLD.9.70_1,0,0
2021,04,NLD.9.71_1,0,0
2021,04,NLD.9.72_1,0,0
2021,04,NLD.9.73_1,0,0
2021,04,NLD.9.7_1,0.03827646143939256,0.15617883552363127
2021,04,NLD.9.9_1,0,0
2021,04,NOR.1.3_1,0,0
2021,04,NOR.17.17_1,0,0
2021,04,NOR.17.22_1,0,0
2021,04,NOR.17.9_1,0,0
2021,04,NOR.2.10_1,0,0
2021,04,NOR.2.16_1,0,0
2021,04,NOR.2.1_1,0,0
2021,04,NOR.2.6_1,0,0
2021,04,NOR.5.13_1,0,0
2021,04,NOR.5.16_1,0,0
2021,04,NOR.5.17_1,0,0
2021,04,NOR.5.7_1,0,0
2021,04,NOR.5.8_1,0,0
2021,04,NOR.6.10_1,0,0
2021,04,NOR.6.20_1,0,0
2021,04,NOR.6.22_1,0,0
2021,04,NOR.6.3_1,0,0
2021,04,NOR.6.4_1,0,0
2021,04,NOR.6.6_1,0,0
2021,04,NOR.6.8_1,0,0
2021,04,POL.1.19_1,0.05926360754586085,0.2063459669278036
2021,04,POL.1.20_1,0.0724292914564253,0.20845833141869044
2021,04,POL.1.21_1,0.11746985635989936,0.20942558858295854
2021,04,POL.1.23_1,0.12351134455597043,0.20413383225345857
2021,04,POL.1.26_1,0.07266312629959604,0.2103431945710538
2021,04,POL.1.27_1,0.11052926401435134,0.21204363716467442
2021,04,POL.1.28_1,0,0
2021,04,POL.1.2_1,0.11030644823158021,0.21117973611332716
2021,04,POL.1.5_1,0.07018466456786243,0.1911803260980854
2021,04,POL.1.6_1,0,0
2021,04,POL.1.7_1,0,0
2021,04,POL.1.8_1,0.05852304609928856,0.19915750656280024
2021,04,POL.1.9_1,0.15769318553364128,0.21938593578538054
2021,04,POL.10.10_1,0,0
2021,04,POL.10.11_1,0,0
2021,04,POL.10.13_1,0,0
2021,04,POL.10.14_1,0,0
2021,04,POL.10.15_1,0,0
2021,04,POL.10.16_1,0,0
2021,04,POL.10.1_1,0,0
2021,04,POL.10.2_1,0,0
2021,04,POL.10.3_1,0,0
2021,04,POL.10.4_1,0,0
2021,04,POL.10.5_1,0,0
2021,04,POL.10.6_1,0,0
2021,04,POL.10.7_1,0,0
2021,04,POL.10.9_1,0,0
2021,04,POL.11.10_1,0,0
2021,04,POL.11.11_1,0,0
2021,04,POL.11.12_1,0,0
2021,04,POL.11.13_1,0,0
2021,04,POL.11.16_1,0,0
2021,04,POL.11.17_1,0,0
2021,04,POL.11.18_1,0,0
2021,04,POL.11.19_1,0,0
2021,04,POL.11.1_1,0,0
2021,04,POL.11.20_1,0,0
2021,04,POL.11.2_1,0,0
2021,04,POL.11.3_1,0,0
2021,04,POL.11.4_1,0,0
2021,04,POL.11.5_1,0,0
2021,04,POL.11.6_1,0,0
2021,04,POL.11.7_1,0,0
2021,04,POL.11.8_1,0,0
2021,04,POL.11.9_1,0,0
2021,04,POL.12.12_1,0.04129900497614448,0.18921666611516855
2021,04,POL.12.13_1,0.041712540845292655,0.19422239802297725
2021,04,POL.12.14_1,0.04289035529534223,0.20923959374640344
2021,04,POL.12.15_1,0.04296565650274009,0.21024074012796518
2021,04,POL.12.18_1,0.042035676230689226,0.1982269835492243
2021,04,POL.12.19_1,0.04187495169978811,0.19622469078610072
2021,04,POL.12.1_1,0.059837261457096176,0.21177781068264875
2021,04,POL.12.21_1,0.0411305327792931,0.1872143733520452
2021,04,POL.12.23_1,0.07217234672081324,0.20667843096046848
2021,04,POL.12.24_1,0.043409338315429744,0.2162476184173354
2021,04,POL.12.27_1,0.04266208930235312,0.20623615460171812
2021,04,POL.12.28_1,0.04211541216598253,0.19922812993078606
2021,04,POL.12.29_1,0.04355418408739656,0.2182499111804589
2021,04,POL.12.31_1,0.04266208930235312,0.20623615460171812
2021,04,POL.12.32_1,0.05933238252822524,0.20683213666078007
2021,04,POL.12.33_1,0.043626044037591925,0.21925105756202073
2021,04,POL.12.34_1,0.04061434909129266,0.18120749506267475
2021,04,POL.12.36_1,0.0741318062480031,0.22295620598413424
2021,04,POL.12.4_1,0.05858148444811863,0.199706792942911
2021,04,POL.12.5_1,0.04289035529534223,0.20923959374640344
2021,04,POL.12.6_1,0.043409338315429744,0.2162476184173354
2021,04,POL.12.7_1,0.11283941010165395,0.22556750354450533
2021,04,POL.13.13_1,0.04195552353966833,0.19722583716766257
2021,04,POL.13.1_1,0.058144205258508275,0.19599131024440136
2021,04,POL.13.2_1,0.041465719305868474,0.19121895887829213
2021,04,POL.13.3_1,0.08140078010087883,0.1953950973569207
2021,04,POL.13.9_1,0.04258520614619067,0.2052350082201564
2021,04,POL.14.10_1,0,0
2021,04,POL.14.11_1,0,0
2021,04,POL.14.12_1,0,0
2021,04,POL.14.13_1,0,0
2021,04,POL.14.14_1,0,0
2021,04,POL.14.15_1,0,0
2021,04,POL.14.16_1,0,0
2021,04,POL.14.17_1,0,0
2021,04,POL.14.18_1,0,0
2021,04,POL.14.19_1,0,0
2021,04,POL.14.1_1,0,0
2021,04,POL.14.20_1,0,0
2021,04,POL.14.21_1,0,0
2021,04,POL.14.2_1,0,0
2021,04,POL.14.3_1,0,0
2021,04,POL.14.5_1,0,0
2021,04,POL.14.6_1,0,0
2021,04,POL.14.7_1,0,0
2021,04,POL.14.8_1,0,0
2021,04,POL.14.9_1,0,0
2021,04,POL.15.10_1,0,0
2021,04,POL.15.12_1,0,0
2021,04,POL.15.17_1,0,0
2021,04,POL.15.18_1,0,0
2021,04,POL.15.22_1,0,0
2021,04,POL.15.27_1,0,0
2021,04,POL.15.2_1,0,0
2021,04,POL.15.32_1,0,0
2021,04,POL.15.35_1,0,0
2021,04,POL.15.3_1,0,0
2021,04,POL.16.12_1,0,0
2021,04,POL.16.13_1,0,0
2021,04,POL.16.18_1,0,0
2021,04,POL.16.21_1,0,0
2021,04,POL.16.22_1,0,0
2021,04,POL.16.2_1,0,0
2021,04,POL.16.6_1,0,0
2021,04,POL.2.10_1,0,0
2021,04,POL.2.11_1,0,0
2021,04,POL.2.12_1,0,0
2021,04,POL.2.13_1,0,0
2021,04,POL.2.14_1,0,0
2021,04,POL.2.15_1,0,0
2021,04,POL.2.16_1,0,0
2021,04,POL.2.18_1,0,0
2021,04,POL.2.19_1,0,0
2021,04,POL.2.1_1,0,0
2021,04,POL.2.20_1,0,0
2021,04,POL.2.21_1,0,0
2021,04,POL.2.22_1,0,0
2021,04,POL.2.23_1,0,0
2021,04,POL.2.2_1,0,0
2021,04,POL.2.4_1,0,0
2021,04,POL.2.5_1,0,0
2021,04,POL.2.6_1,0,0
2021,04,POL.2.7_1,0,0
2021,04,POL.2.8_1,0,0
2021,04,POL.2.9_1,0,0
2021,04,POL.3.16_1,0,0
2021,04,POL.3.19_1,0,0
2021,04,POL.3.20_1,0,0
2021,04,POL.3.3_1,0,0
2021,04,POL.3.8_1,0,0
2021,04,POL.4.22_1,0,0
2021,04,POL.4.2_1,0,0
2021,04,POL.5.12_1,0,0
2021,04,POL.5.1_1,0,0
2021,04,POL.5.2_1,0,0
2021,04,POL.5.3_1,0,0
2021,04,POL.5.4_1,0,0
2021,04,POL.5.6_1,0,0
2021,04,POL.5.7_1,0,0
2021,04,POL.5.8_1,0,0
2021,04,POL.5.9_1,0,0
2021,04,POL.6.10_1,0.1270213923218986,0.22129441096883237
2021,04,POL.6.12_1,0.104263904181423,0.22358095960433733
2021,04,POL.6.13_1,0.10554720820601106,0.23160150401057752
2021,04,POL.6.14_1,0.07378591044634197,0.21987825665995775
2021,04,POL.6.16_1,0.10394050885407517,0.22131686115744723
2021,04,POL.6.17_1,0.07419579793614886,0.22323131922324183
2021,04,POL.6.18_1,0.044118725592247554,0.2262590822329529
2021,04,POL.6.19_1,0.17296811024625866,0.2368556541201885
2021,04,POL.6.1_1,0.12755124979966104,0.22390668472314992
2021,04,POL.6.20_1,0.05543180077504679,0.1725292156606151
2021,04,POL.6.21_1,0.07208132361429055,0.20590744061298136
2021,04,POL.6.22_1,0.09427720204517068,0.21665211481498134
2021,04,POL.6.2_1,0.11270664773821984,0.22467475213963653
2021,04,POL.6.3_1,0.04227364319000529,0.20123042269390953
2021,04,POL.6.4_1,0.11255331523622346,0.2235697744648397
2021,04,POL.6.5_1,0.10566469336111696,0.23241063421213348
2021,04,POL.6.6_1,0.04235214291463789,0.20223156907547127
2021,04,POL.6.7_1,0.17448612937609356,0.22280421879469198
2021,04,POL.6.8_1,0.09339690169190343,0.21075232509836828
2021,04,POL.6.9_1,0.10874111730601094,0.20277361474661104
2021,04,POL.7.12_1,0,0
2021,04,POL.7.13_1,0,0
2021,04,POL.7.14_1,0,0
2021,04,POL.7.16_1,0,0
2021,04,POL.7.18_1,0,0
2021,04,POL.7.19_1,0,0
2021,04,POL.7.1_1,0,0
2021,04,POL.7.21_1,0,0
2021,04,POL.7.22_1,0,0
2021,04,POL.7.23_1,0,0
2021,04,POL.7.24_1,0,0
2021,04,POL.7.25_1,0,0
2021,04,POL.7.26_1,0,0
2021,04,POL.7.30_1,0,0
2021,04,POL.7.31_1,0,0
2021,04,POL.7.32_1,0,0
2021,04,POL.7.35_1,0,0
2021,04,POL.7.36_1,0,0
2021,04,POL.7.37_1,0,0
2021,04,POL.7.38_1,0,0
2021,04,POL.7.39_1,0,0
2021,04,POL.7.3_1,0,0
2021,04,POL.7.40_1,0,0
2021,04,POL.7.42_1,0,0
2021,04,POL.7.4_1,0,0
2021,04,POL.7.5_1,0,0
2021,04,POL.7.6_1,0,0
2021,04,POL.7.7_1,0,0
2021,04,POL.7.8_1,0,0
2021,04,POL.8.11_1,0.060920176559421606,0.22278807863381855
2021,04,POL.8.2_1,0.0761996908692289,0.2416327096100087
2021,04,POL.8.7_1,0.08735443660078131,0.23904242838540288
2021,04,POL.9.10_1,0.0970630787372106,0.23590462693457043
2021,04,POL.9.11_1,0.07601642135584648,0.24082470625155347
2021,04,POL.9.13_1,0.098694871186490285,0.24868928316947997
2021,04,POL.9.14_1,0.044049437744922676,0.22525793585139128
2021,04,POL.9.16_1,0.06193209209689883,0.23393544813870498
2021,04,POL.9.17_1,0.09540892001921723,0.224842923934996
2021,04,POL.9.18_1,0.096881603307147,0.2348073296226521
2021,04,POL.9.19_1,0.04485746232451723,0.23727169243013205
2021,04,POL.9.1_1,0.07542817625583356,0.2343187543680071
2021,04,POL.9.20_1,0.16089287543244765,0.2327090510742485
2021,04,POL.9.21_1,0.12487092840402467,0.2507700671679998
2021,04,POL.9.22_1,0.04445979121542307,0.2312648141407616
2021,04,POL.9.23_1,0.09775915178488956,0.24077863212928138
2021,04,POL.9.25_1,0.0446601906378274,0.23426825328544681
2021,04,POL.9.2_1,0.10611881155271945,0.2353669467442761
2021,04,POL.9.3_1,0.09654212472224329,0.23288768878852484
2021,04,POL.9.5_1,0.13435855223768586,0.22384229618443746
2021,04,POL.9.6_1,0.10423700623656619,0.22303623468558542
2021,04,POL.9.7_1,0.04043862247515043,0.17920520229955125
2021,04,POL.9.8_1,0.13366451513608935,0.22070437730615017
2021,04,POL.9.9_1,0.11354808834292372,0.22956757837381336
2021,04,PRT.1.10_1,0,0
2021,04,PRT.1.11_1,0,0
2021,04,PRT.1.12_1,0,0
2021,04,PRT.1.13_1,0,0
2021,04,PRT.1.14_1,0,0
2021,04,PRT.1.15_1,0,0
2021,04,PRT.1.16_1,0,0
2021,04,PRT.1.17_1,0,0
2021,04,PRT.1.18_1,0,0
2021,04,PRT.1.19_1,0,0
2021,04,PRT.1.1_1,0,0
2021,04,PRT.1.2_1,0,0
2021,04,PRT.1.3_1,0,0
2021,04,PRT.1.4_1,0,0
2021,04,PRT.1.5_1,0,0
2021,04,PRT.1.6_1,0,0
2021,04,PRT.1.7_1,0,0
2021,04,PRT.1.8_1,0,0
2021,04,PRT.1.9_1,0,0
2021,04,PRT.10.10_1,0,0
2021,04,PRT.10.11_1,0,0
2021,04,PRT.10.12_1,0,0
2021,04,PRT.10.13_1,0,0
2021,04,PRT.10.14_1,0,0
2021,04,PRT.10.1_1,0,0
2021,04,PRT.10.2_1,0,0
2021,04,PRT.10.4_1,0,0
2021,04,PRT.10.9_1,0,0
2021,04,PRT.11.11_1,0,0
2021,04,PRT.11.12_1,0,0
2021,04,PRT.11.13_1,0,0
2021,04,PRT.11.14_1,0,0
2021,04,PRT.11.15_1,0,0
2021,04,PRT.11.16_1,0,0
2021,04,PRT.11.1_1,0,0
2021,04,PRT.11.2_1,0,0
2021,04,PRT.11.3_1,0,0
2021,04,PRT.11.4_1,0,0
2021,04,PRT.11.5_1,0,0
2021,04,PRT.11.6_1,0,0
2021,04,PRT.11.7_1,0,0
2021,04,PRT.11.8_1,0,0
2021,04,PRT.11.9_1,0,0
2021,04,PRT.12.10_1,0,0
2021,04,PRT.12.11_1,0,0
2021,04,PRT.12.12_1,0,0
2021,04,PRT.12.13_1,0,0
2021,04,PRT.12.14_1,0,0
2021,04,PRT.12.15_1,0,0
2021,04,PRT.12.16_1,0,0
2021,04,PRT.12.1_1,0,0
2021,04,PRT.12.2_1,0,0
2021,04,PRT.12.3_1,0,0
2021,04,PRT.12.4_1,0,0
2021,04,PRT.12.5_1,0,0
2021,04,PRT.12.6_1,0,0
2021,04,PRT.12.7_1,0,0
2021,04,PRT.12.8_1,0,0
2021,04,PRT.12.9_1,0,0
2021,04,PRT.13.10_1,0,0
2021,04,PRT.13.11_1,0,0
2021,04,PRT.13.1_1,0,0
2021,04,PRT.13.2_1,0,0
2021,04,PRT.13.3_1,0,0
2021,04,PRT.13.4_1,0,0
2021,04,PRT.13.5_1,0,0
2021,04,PRT.13.6_1,0,0
2021,04,PRT.13.7_1,0,0
2021,04,PRT.13.8_1,0,0
2021,04,PRT.13.9_1,0,0
2021,04,PRT.14.10_1,0,0
2021,04,PRT.14.11_1,0,0
2021,04,PRT.14.12_1,0,0
2021,04,PRT.14.13_1,0,0
2021,04,PRT.14.14_1,0,0
2021,04,PRT.14.15_1,0,0
2021,04,PRT.14.1_1,0,0
2021,04,PRT.14.2_1,0,0
2021,04,PRT.14.3_1,0,0
2021,04,PRT.14.4_1,0,0
2021,04,PRT.14.5_1,0,0
2021,04,PRT.14.6_1,0,0
2021,04,PRT.14.7_1,0,0
2021,04,PRT.14.8_1,0,0
2021,04,PRT.14.9_1,0,0
2021,04,PRT.15.10_1,0,0
2021,04,PRT.15.11_1,0,0
2021,04,PRT.15.12_1,0,0
2021,04,PRT.15.13_1,0,0
2021,04,PRT.15.14_1,0,0
2021,04,PRT.15.15_1,0,0
2021,04,PRT.15.16_1,0,0
2021,04,PRT.15.17_1,0,0
2021,04,PRT.15.18_1,0,0
2021,04,PRT.15.1_1,0,0
2021,04,PRT.15.2_1,0,0
2021,04,PRT.15.3_1,0,0
2021,04,PRT.15.4_1,0,0
2021,04,PRT.15.5_1,0,0
2021,04,PRT.15.6_1,0,0
2021,04,PRT.15.7_1,0,0
2021,04,PRT.15.8_1,0,0
2021,04,PRT.15.9_1,0,0
2021,04,PRT.16.10_1,0,0
2021,04,PRT.16.11_1,0,0
2021,04,PRT.16.12_1,0,0
2021,04,PRT.16.13_1,0,0
2021,04,PRT.16.14_1,0,0
2021,04,PRT.16.15_1,0,0
2021,04,PRT.16.16_1,0,0
2021,04,PRT.16.17_1,0,0
2021,04,PRT.16.18_1,0,0
2021,04,PRT.16.19_1,0,0
2021,04,PRT.16.1_1,0,0
2021,04,PRT.16.20_1,0,0
2021,04,PRT.16.21_1,0,0
2021,04,PRT.16.2_1,0,0
2021,04,PRT.16.3_1,0,0
2021,04,PRT.16.4_1,0,0
2021,04,PRT.16.5_1,0,0
2021,04,PRT.16.6_1,0,0
2021,04,PRT.16.7_1,0,0
2021,04,PRT.16.8_1,0,0
2021,04,PRT.16.9_1,0,0
2021,04,PRT.17.10_1,0,0
2021,04,PRT.17.11_1,0,0
2021,04,PRT.17.12_1,0,0
2021,04,PRT.17.13_1,0,0
2021,04,PRT.17.1_1,0,0
2021,04,PRT.17.2_1,0,0
2021,04,PRT.17.3_1,0,0
2021,04,PRT.17.4_1,0,0
2021,04,PRT.17.5_1,0,0
2021,04,PRT.17.6_1,0,0
2021,04,PRT.17.7_1,0,0
2021,04,PRT.17.8_1,0,0
2021,04,PRT.17.9_1,0,0
2021,04,PRT.18.10_1,0,0
2021,04,PRT.18.1_1,0,0
2021,04,PRT.18.2_1,0,0
2021,04,PRT.18.3_1,0,0
2021,04,PRT.18.4_1,0,0
2021,04,PRT.18.5_1,0,0
2021,04,PRT.18.6_1,0,0
2021,04,PRT.18.7_1,0,0
2021,04,PRT.18.8_1,0,0
2021,04,PRT.18.9_1,0,0
2021,04,PRT.19.10_1,0,0
2021,04,PRT.19.11_1,0,0
2021,04,PRT.19.12_1,0,0
2021,04,PRT.19.13_1,0,0
2021,04,PRT.19.14_1,0,0
2021,04,PRT.19.1_1,0,0
2021,04,PRT.19.2_1,0,0
2021,04,PRT.19.3_1,0,0
2021,04,PRT.19.4_1,0,0
2021,04,PRT.19.5_1,0,0
2021,04,PRT.19.6_1,0,0
2021,04,PRT.19.7_1,0,0
2021,04,PRT.19.8_1,0,0
2021,04,PRT.19.9_1,0,0
2021,04,PRT.20.10_1,0,0
2021,04,PRT.20.12_1,0,0
2021,04,PRT.20.13_1,0,0
2021,04,PRT.20.14_1,0,0
2021,04,PRT.20.15_1,0,0
2021,04,PRT.20.16_1,0,0
2021,04,PRT.20.17_1,0,0
2021,04,PRT.20.18_1,0,0
2021,04,PRT.20.19_1,0,0
2021,04,PRT.20.1_1,0,0
2021,04,PRT.20.20_1,0,0
2021,04,PRT.20.21_1,0,0
2021,04,PRT.20.22_1,0,0
2021,04,PRT.20.2_1,0,0
2021,04,PRT.20.3_1,0,0
2021,04,PRT.20.4_1,0,0
2021,04,PRT.20.5_1,0,0
2021,04,PRT.20.7_1,0,0
2021,04,PRT.20.8_1,0,0
2021,04,PRT.20.9_1,0,0
2021,04,PRT.3.10_1,0,0
2021,04,PRT.3.11_1,0,0
2021,04,PRT.3.12_1,0,0
2021,04,PRT.3.13_1,0,0
2021,04,PRT.3.14_1,0,0
2021,04,PRT.3.1_1,0,0
2021,04,PRT.3.2_1,0,0
2021,04,PRT.3.3_1,0,0
2021,04,PRT.3.4_1,0,0
2021,04,PRT.3.5_1,0,0
2021,04,PRT.3.6_1,0,0
2021,04,PRT.3.7_1,0,0
2021,04,PRT.3.8_1,0,0
2021,04,PRT.3.9_1,0,0
2021,04,PRT.4.10_1,0,0
2021,04,PRT.4.11_1,0,0
2021,04,PRT.4.12_1,0,0
2021,04,PRT.4.13_1,0,0
2021,04,PRT.4.14_1,0,0
2021,04,PRT.4.1_1,0,0
2021,04,PRT.4.2_1,0,0
2021,04,PRT.4.3_1,0,0
2021,04,PRT.4.4_1,0,0
2021,04,PRT.4.5_1,0,0
2021,04,PRT.4.6_1,0,0
2021,04,PRT.4.7_1,0,0
2021,04,PRT.4.8_1,0,0
2021,04,PRT.4.9_1,0,0
2021,04,PRT.5.10_1,0,0
2021,04,PRT.5.11_1,0,0
2021,04,PRT.5.12_1,0,0
2021,04,PRT.5.1_1,0,0
2021,04,PRT.5.2_1,0,0
2021,04,PRT.5.3_1,0,0
2021,04,PRT.5.4_1,0,0
2021,04,PRT.5.5_1,0,0
2021,04,PRT.5.6_1,0,0
2021,04,PRT.5.7_1,0,0
2021,04,PRT.5.8_1,0,0
2021,04,PRT.5.9_1,0,0
2021,04,PRT.6.10_1,0,0
2021,04,PRT.6.11_1,0,0
2021,04,PRT.6.2_1,0,0
2021,04,PRT.6.3_1,0,0
2021,04,PRT.6.4_1,0,0
2021,04,PRT.6.5_1,0,0
2021,04,PRT.6.6_1,0,0
2021,04,PRT.6.7_1,0,0
2021,04,PRT.6.8_1,0,0
2021,04,PRT.6.9_1,0,0
2021,04,PRT.7.10_1,0,0
2021,04,PRT.7.11_1,0,0
2021,04,PRT.7.12_1,0,0
2021,04,PRT.7.13_1,0,0
2021,04,PRT.7.14_1,0,0
2021,04,PRT.7.15_1,0,0
2021,04,PRT.7.16_1,0,0
2021,04,PRT.7.17_1,0,0
2021,04,PRT.7.1_1,0,0
2021,04,PRT.7.2_1,0,0
2021,04,PRT.7.3_1,0,0
2021,04,PRT.7.4_1,0,0
2021,04,PRT.7.5_1,0,0
2021,04,PRT.7.6_1,0,0
2021,04,PRT.7.7_1,0,0
2021,04,PRT.7.8_1,0,0
2021,04,PRT.7.9_1,0,0
2021,04,PRT.8.10_1,0,0
2021,04,PRT.8.11_1,0,0
2021,04,PRT.8.12_1,0,0
2021,04,PRT.8.13_1,0,0
2021,04,PRT.8.14_1,0,0
2021,04,PRT.8.1_1,0,0
2021,04,PRT.8.2_1,0,0
2021,04,PRT.8.3_1,0,0
2021,04,PRT.8.4_1,0,0
2021,04,PRT.8.5_1,0,0
2021,04,PRT.8.6_1,0,0
2021,04,PRT.8.7_1,0,0
2021,04,PRT.8.8_1,0,0
2021,04,PRT.8.9_1,0,0
2021,04,PRT.9.10_1,0,0
2021,04,PRT.9.11_1,0,0
2021,04,PRT.9.12_1,0,0
2021,04,PRT.9.13_1,0,0
2021,04,PRT.9.14_1,0,0
2021,04,PRT.9.15_1,0,0
2021,04,PRT.9.16_1,0,0
2021,04,PRT.9.1_1,0,0
2021,04,PRT.9.2_1,0,0
2021,04,PRT.9.3_1,0,0
2021,04,PRT.9.4_1,0,0
2021,04,PRT.9.5_1,0,0
2021,04,PRT.9.6_1,0,0
2021,04,PRT.9.7_1,0,0
2021,04,PRT.9.8_1,0,0
2021,04,PRT.9.9_1,0,0
2021,04,ROU.1.10_1,0.04266208930235312,0.20623615460171812
2021,04,ROU.1.11_1,0,0
2021,04,ROU.1.12_1,0,0
2021,04,ROU.1.13_1,0,0
2021,04,ROU.1.14_1,0,0
2021,04,ROU.1.15_1,0.04154842389192632,0.19222010525985375
2021,04,ROU.1.16_1,0,0
2021,04,ROU.1.17_1,0,0
2021,04,ROU.1.18_1,0,0
2021,04,ROU.1.19_1,0,0
2021,04,ROU.1.1_1,0,0
2021,04,ROU.1.20_1,0,0
2021,04,ROU.1.21_1,0,0
2021,04,ROU.1.22_1,0,0
2021,04,ROU.1.23_1,0,0
2021,04,ROU.1.24_1,0,0
2021,04,ROU.1.25_1,0,0
2021,04,ROU.1.26_1,0,0
2021,04,ROU.1.27_1,0.04258520614619067,0.2052350082201564
2021,04,ROU.1.28_1,0,0
2021,04,ROU.1.29_1,0,0
2021,04,ROU.1.2_1,0,0
2021,04,ROU.1.30_1,0,0
2021,04,ROU.1.31_1,0,0
2021,04,ROU.1.32_1,0.043697531169124226,0.22025220394358247
2021,04,ROU.1.33_1,0,0
2021,04,ROU.1.34_1,0,0
2021,04,ROU.1.35_1,0,0
2021,04,ROU.1.36_1,0,0
2021,04,ROU.1.37_1,0,0
2021,04,ROU.1.38_1,0.04452694114233289,0.23226596052232334
2021,04,ROU.1.39_1,0,0
2021,04,ROU.1.3_1,0,0
2021,04,ROU.1.40_1,0,0
2021,04,ROU.1.41_1,0,0
2021,04,ROU.1.42_1,0,0
2021,04,ROU.1.43_1,0,0
2021,04,ROU.1.44_1,0.04289035529534223,0.20923959374640344
2021,04,ROU.1.45_1,0.04530582780078189,0.24427971710106433
2021,04,ROU.1.46_1,0.04318922658600503,0.21324417927265019
2021,04,ROU.1.47_1,0,0
2021,04,ROU.1.48_1,0,0
2021,04,ROU.1.49_1,0,0
2021,04,ROU.1.4_1,0.04318922658600503,0.21324417927265019
2021,04,ROU.1.50_1,0,0
2021,04,ROU.1.51_1,0.043626044037591925,0.21925105756202073
2021,04,ROU.1.52_1,0,0
2021,04,ROU.1.53_1,0,0
2021,04,ROU.1.54_1,0.045115696693703945,0.24127627795637901
2021,04,ROU.1.55_1,0,0
2021,04,ROU.1.56_1,0,0
2021,04,ROU.1.57_1,0,0
2021,04,ROU.1.58_1,0,0
2021,04,ROU.1.59_1,0,0
2021,04,ROU.1.5_1,0,0
2021,04,ROU.1.60_1,0,0
2021,04,ROU.1.61_1,0,0
2021,04,ROU.1.62_1,0,0
2021,04,ROU.1.63_1,0,0
2021,04,ROU.1.64_1,0,0
2021,04,ROU.1.65_1,0,0
2021,04,ROU.1.66_1,0,0
2021,04,ROU.1.67_1,0,0
2021,04,ROU.1.68_1,0,0
2021,04,ROU.1.69_1,0,0
2021,04,ROU.1.6_1,0.04250792216094254,0.20423386183859452
2021,04,ROU.1.70_1,0,0
2021,04,ROU.1.71_1,0.04439228905340243,0.23026366775919976
2021,04,ROU.1.72_1,0,0
2021,04,ROU.1.73_1,0,0
2021,04,ROU.1.74_1,0,0
2021,04,ROU.1.75_1,0,0
2021,04,ROU.1.76_1,0,0
2021,04,ROU.1.7_1,0,0
2021,04,ROU.1.8_1,0,0
2021,04,ROU.1.9_1,0,0
2021,04,ROU.10.1_1,0,0
2021,04,ROU.11.16_1,0,0
2021,04,ROU.11.18_1,0,0
2021,04,ROU.11.1_1,0,0
2021,04,ROU.11.21_1,0.043409338315429744,0.2162476184173354
2021,04,ROU.11.23_1,0,0
2021,04,ROU.11.49_1,0,0
2021,04,ROU.11.68_1,0,0
2021,04,ROU.12.12_1,0,0
2021,04,ROU.12.14_1,0,0
2021,04,ROU.12.18_1,0,0
2021,04,ROU.12.19_1,0,0
2021,04,ROU.12.21_1,0,0
2021,04,ROU.12.25_1,0,0
2021,04,ROU.12.2_1,0,0
2021,04,ROU.12.30_1,0,0
2021,04,ROU.12.32_1,0,0
2021,04,ROU.12.35_1,0,0
2021,04,ROU.12.39_1,0,0
2021,04,ROU.12.3_1,0,0
2021,04,ROU.12.43_1,0,0
2021,04,ROU.12.4_1,0,0
2021,04,ROU.12.5_1,0,0
2021,04,ROU.12.7_1,0,0
2021,04,ROU.12.8_1,0,0
2021,04,ROU.12.9_1,0,0
2021,04,ROU.13.25_1,0,0
2021,04,ROU.13.26_1,0,0
2021,04,ROU.13.3_1,0,0
2021,04,ROU.13.46_1,0,0
2021,04,ROU.13.48_1,0,0
2021,04,ROU.13.4_1,0,0
2021,04,ROU.13.55_1,0,0
2021,04,ROU.13.5_1,0,0
2021,04,ROU.13.60_1,0,0
2021,04,ROU.13.63_1,0,0
2021,04,ROU.13.65_1,0,0
2021,04,ROU.13.6_1,0,0
2021,04,ROU.13.70_1,0,0
2021,04,ROU.13.73_1,0,0
2021,04,ROU.13.75_1,0,0
2021,04,ROU.13.76_1,0,0
2021,04,ROU.13.7_1,0,0
2021,04,ROU.14.10_1,0.03724805692025466,0.14616737170801386
2021,04,ROU.14.11_1,0.03488649125889897,0.12514329769521731
2021,04,ROU.14.12_1,0.03649280402971885,0.1391593470370817
2021,04,ROU.14.13_1,0.03582066369238021,0.13315246874771125
2021,04,ROU.14.14_1,0.03671169167888907,0.14116163980020516
2021,04,ROU.14.15_1,0.03604733785829212,0.13515476151083472
2021,04,ROU.14.16_1,0.03692807666427439,0.14316393256332863
2021,04,ROU.14.17_1,0.03488649125889897,0.12514329769521731
2021,04,ROU.14.18_1,0.03440213389004723,0.12113871216897026
2021,04,ROU.14.19_1,0.0395313934603246,0.16919373848393388
2021,04,ROU.14.1_1,0.03524207623803278,0.12814673683990255
2021,04,ROU.14.20_1,0.03971673869069331,0.17119603124705735
2021,04,ROU.14.21_1,0.0383761914958446,0.157179981905193
2021,04,ROU.14.22_1,0.03627136840814639,0.1371570542739582
2021,04,ROU.14.23_1,0.03724805692025466,0.14616737170801386
2021,04,ROU.14.24_1,0.037973941729053703,0.15317539637894603
2021,04,ROU.14.25_1,0.037353512113093845,0.1471685180895756
2021,04,ROU.14.26_1,0.03604733785829212,0.13515476151083472
2021,04,ROU.14.27_1,0.03847537384075372,0.15818112828675474
2021,04,ROU.14.28_1,0.03817617937893299,0.1551776891420695
2021,04,ROU.14.29_1,0.038866709618666555,0.1621857138130017
2021,04,ROU.14.2_1,0.03535918055350252,0.12914788322146428
2021,04,ROU.14.30_1,0.0383761914958446,0.157179981905193
2021,04,ROU.14.31_1,0.03971673869069331,0.17119603124705735
2021,04,ROU.14.32_1,0.03876967652559617,0.16118456743143994
2021,04,ROU.14.33_1,0.03876967652559617,0.16118456743143994
2021,04,ROU.14.34_1,0.0383761914958446,0.157179981905193
2021,04,ROU.14.35_1,0.03817617937893299,0.1551776891420695
2021,04,ROU.14.36_1,0.03638240761065266,0.13815820065551995
2021,04,ROU.14.37_1,0.03512426470084505,0.1271455904583408
2021,04,ROU.14.38_1,0.03787197720293333,0.1521742499973843
2021,04,ROU.14.39_1,0.03724805692025466,0.14616737170801386
2021,04,ROU.14.3_1,0.037035344386197766,0.1441650789448904
2021,04,ROU.14.40_1,0.03756264564759591,0.14917081085269907
2021,04,ROU.14.41_1,0.03934404384182617,0.16719144572081038
2021,04,ROU.14.42_1,0.03924960842947607,0.16619029933924864
2021,04,ROU.14.43_1,0.03692807666427439,0.14316393256332863
2021,04,ROU.14.44_1,0.0361596805006194,0.13615590789239645
2021,04,ROU.14.45_1,0.03896321547716158,0.16318686019456344
2021,04,ROU.14.46_1,0.03627136840814639,0.1371570542739582
2021,04,ROU.14.47_1,0.03943797097777055,0.16819259210237214
2021,04,ROU.14.48_1,0.03488649125889897,0.12514329769521731
2021,04,ROU.14.49_1,0.03671169167888907,0.14116163980020516
2021,04,ROU.14.4_1,0.03476651464745528,0.1241421513136557
2021,04,ROU.14.50_1,0.03500573880149276,0.12614444407677908
2021,04,ROU.14.51_1,0.035706319542797536,0.13215132236614952
2021,04,ROU.14.52_1,0.03627136840814639,0.1371570542739582
2021,04,ROU.14.53_1,0.03766633385481187,0.15017195723426083
2021,04,ROU.14.54_1,0.03905919800908988,0.16418800657612517
2021,04,ROU.14.55_1,0.03582066369238021,0.13315246874771125
2021,04,ROU.14.56_1,0.03807534095289524,0.15417654276050777
2021,04,ROU.14.57_1,0.037035344386197766,0.1441650789448904
2021,04,ROU.14.58_1,0.0355912954003885,0.13115017598458775
2021,04,ROU.14.59_1,0.035475584650836375,0.13014902960302602
2021,04,ROU.14.5_1,0.03500573880149276,0.12614444407677908
2021,04,ROU.14.60_1,0.03724805692025466,0.14616737170801386
2021,04,ROU.14.61_1,0.03476651464745528,0.1241421513136557
2021,04,ROU.14.62_1,0.03776944279616829,0.15117310361582256
2021,04,ROU.14.63_1,0.034155425022066914,0.11913641940584689
2021,04,ROU.14.64_1,0.033905608399049526,0.11713412664272341
2021,04,ROU.14.65_1,0.0342791637118759,0.12013756578740863
2021,04,ROU.14.66_1,0.03847537384075372,0.15818112828675474
2021,04,ROU.14.67_1,0.03766633385481187,0.15017195723426083
2021,04,ROU.14.68_1,0.03724805692025466,0.14616737170801386
2021,04,ROU.14.69_1,0.03535918055350252,0.12914788322146428
2021,04,ROU.14.6_1,0.03660256348141265,0.14016049341864342
2021,04,ROU.14.70_1,0.037035344386197766,0.1441650789448904
2021,04,ROU.14.71_1,0.03692807666427439,0.14316393256332863
2021,04,ROU.14.72_1,0.03745837336413792,0.14816966447113733
2021,04,ROU.14.73_1,0.03660256348141265,0.14016049341864342
2021,04,ROU.14.74_1,0.03649280402971885,0.1391593470370817
2021,04,ROU.14.75_1,0.0361596805006194,0.13615590789239645
2021,04,ROU.14.76_1,0.03827646143939256,0.15617883552363127
2021,04,ROU.14.77_1,0.03924960842947607,0.16619029933924864
2021,04,ROU.14.78_1,0.03524207623803278,0.12814673683990255
2021,04,ROU.14.79_1,0.035706319542797536,0.13215132236614952
2021,04,ROU.14.7_1,0.03524207623803278,0.12814673683990255
2021,04,ROU.14.80_1,0.03756264564759591,0.14917081085269907
2021,04,ROU.14.8_1,0.03671169167888907,0.14116163980020516
2021,04,ROU.14.9_1,0.0383761914958446,0.157179981905193
2021,04,ROU.15.10_1,0,0
2021,04,ROU.15.11_1,0,0
2021,04,ROU.15.12_1,0,0
2021,04,ROU.15.13_1,0,0
2021,04,ROU.15.14_1,0,0
2021,04,ROU.15.15_1,0,0
2021,04,ROU.15.16_1,0,0
2021,04,ROU.15.17_1,0,0
2021,04,ROU.15.18_1,0,0
2021,04,ROU.15.19_1,0,0
2021,04,ROU.15.1_1,0,0
2021,04,ROU.15.20_1,0,0
2021,04,ROU.15.21_1,0,0
2021,04,ROU.15.22_1,0,0
2021,04,ROU.15.23_1,0,0
2021,04,ROU.15.24_1,0,0
2021,04,ROU.15.25_1,0,0
2021,04,ROU.15.26_1,0,0
2021,04,ROU.15.27_1,0,0
2021,04,ROU.15.28_1,0,0
2021,04,ROU.15.29_1,0,0
2021,04,ROU.15.2_1,0,0
2021,04,ROU.15.30_1,0,0
2021,04,ROU.15.31_1,0,0
2021,04,ROU.15.32_1,0,0
2021,04,ROU.15.33_1,0,0
2021,04,ROU.15.34_1,0,0
2021,04,ROU.15.35_1,0,0
2021,04,ROU.15.36_1,0,0
2021,04,ROU.15.37_1,0,0
2021,04,ROU.15.38_1,0,0
2021,04,ROU.15.39_1,0,0
2021,04,ROU.15.3_1,0,0
2021,04,ROU.15.40_1,0,0
2021,04,ROU.15.41_1,0,0
2021,04,ROU.15.42_1,0,0
2021,04,ROU.15.43_1,0,0
2021,04,ROU.15.44_1,0,0
2021,04,ROU.15.45_1,0,0
2021,04,ROU.15.46_1,0,0
2021,04,ROU.15.47_1,0,0
2021,04,ROU.15.48_1,0,0
2021,04,ROU.15.49_1,0,0
2021,04,ROU.15.4_1,0,0
2021,04,ROU.15.50_1,0,0
2021,04,ROU.15.51_1,0,0
2021,04,ROU.15.52_1,0,0
2021,04,ROU.15.53_1,0,0
2021,04,ROU.15.54_1,0,0
2021,04,ROU.15.55_1,0,0
2021,04,ROU.15.56_1,0,0
2021,04,ROU.15.58_1,0,0
2021,04,ROU.15.59_1,0,0
2021,04,ROU.15.5_1,0,0
2021,04,ROU.15.6_1,0,0
2021,04,ROU.15.7_1,0,0
2021,04,ROU.15.8_1,0,0
2021,04,ROU.15.9_1,0,0
2021,04,ROU.15_1,0,0
2021,04,ROU.16.13_1,0.041712540845292655,0.19422239802297725
2021,04,ROU.16.16_1,0.04289035529534223,0.20923959374640344
2021,04,ROU.16.19_1,0.04154842389192632,0.19222010525985375
2021,04,ROU.16.1_1,0.04439228905340243,0.23026366775919976
2021,04,ROU.16.20_1,0.04273857379260498,0.20723730098327986
2021,04,ROU.16.21_1,0.04304056743489571,0.21124188650952683
2021,04,ROU.16.27_1,0.04266208930235312,0.20623615460171812
2021,04,ROU.16.2_1,0.04348194947013458,0.21724876479889738
2021,04,ROU.16.31_1,0.042035676230689226,0.1982269835492243
2021,04,ROU.16.36_1,0.043409338315429744,0.2162476184173354
2021,04,ROU.16.3_1,0.043409338315429744,0.2162476184173354
2021,04,ROU.16.4_1,0.04266208930235312,0.20623615460171812
2021,04,ROU.16.5_1,0.04492253164173629,0.23827283881169378
2021,04,ROU.16.8_1,0.04383939426197292,0.22225449670670594
2021,04,ROU.17.18_1,0,0
2021,04,ROU.17.20_1,0,0
2021,04,ROU.17.22_1,0,0
2021,04,ROU.17.23_1,0,0
2021,04,ROU.17.39_1,0,0
2021,04,ROU.17.47_1,0.04266208930235312,0.20623615460171812
2021,04,ROU.17.50_1,0,0
2021,04,ROU.17.56_1,0,0
2021,04,ROU.17.57_1,0,0
2021,04,ROU.17.5_1,0,0
2021,04,ROU.17.68_1,0,0
2021,04,ROU.17.75_1,0,0
2021,04,ROU.17.80_1,0,0
2021,04,ROU.17.9_1,0,0
2021,04,ROU.18.11_1,0,0
2021,04,ROU.18.12_1,0,0
2021,04,ROU.18.19_1,0,0
2021,04,ROU.18.23_1,0,0
2021,04,ROU.18.28_1,0,0
2021,04,ROU.18.30_1,0,0
2021,04,ROU.18.34_1,0,0
2021,04,ROU.18.36_1,0,0
2021,04,ROU.18.50_1,0,0
2021,04,ROU.18.52_1,0,0
2021,04,ROU.18.6_1,0,0
2021,04,ROU.18.70_1,0,0
2021,04,ROU.18.71_1,0,0
2021,04,ROU.18.73_1,0,0
2021,04,ROU.18.84_1,0,0
2021,04,ROU.18.99_1,0,0
2021,04,ROU.19.11_1,0,0
2021,04,ROU.19.22_1,0,0
2021,04,ROU.19.23_1,0,0
2021,04,ROU.19.25_1,0,0
2021,04,ROU.19.32_1,0,0
2021,04,ROU.19.38_1,0,0
2021,04,ROU.19.49_1,0,0
2021,04,ROU.19.59_1,0,0
2021,04,ROU.2.19_1,0,0
2021,04,ROU.2.21_1,0,0
2021,04,ROU.2.29_1,0,0
2021,04,ROU.2.2_1,0,0
2021,04,ROU.2.30_1,0,0
2021,04,ROU.2.31_1,0,0
2021,04,ROU.2.38_1,0,0
2021,04,ROU.2.39_1,0,0
2021,04,ROU.2.40_1,0.044792050057390315,0.2362705460485703
2021,04,ROU.2.46_1,0,0
2021,04,ROU.2.51_1,0,0
2021,04,ROU.2.69_1,0,0
2021,04,ROU.2.74_1,0,0
2021,04,ROU.20.10_1,0,0
2021,04,ROU.20.11_1,0,0
2021,04,ROU.20.12_1,0,0
2021,04,ROU.20.13_1,0,0
2021,04,ROU.20.14_1,0,0
2021,04,ROU.20.15_1,0,0
2021,04,ROU.20.16_1,0,0
2021,04,ROU.20.17_1,0,0
2021,04,ROU.20.18_1,0,0
2021,04,ROU.20.19_1,0,0
2021,04,ROU.20.1_1,0,0
2021,04,ROU.20.20_1,0,0
2021,04,ROU.20.21_1,0,0
2021,04,ROU.20.22_1,0,0
2021,04,ROU.20.23_1,0,0
2021,04,ROU.20.24_1,0,0
2021,04,ROU.20.25_1,0,0
2021,04,ROU.20.26_1,0,0
2021,04,ROU.20.27_1,0,0
2021,04,ROU.20.28_1,0,0
2021,04,ROU.20.29_1,0,0
2021,04,ROU.20.2_1,0,0
2021,04,ROU.20.30_1,0,0
2021,04,ROU.20.31_1,0,0
2021,04,ROU.20.32_1,0,0
2021,04,ROU.20.33_1,0,0
2021,04,ROU.20.34_1,0,0
2021,04,ROU.20.35_1,0,0
2021,04,ROU.20.36_1,0,0
2021,04,ROU.20.37_1,0,0
2021,04,ROU.20.38_1,0,0
2021,04,ROU.20.39_1,0,0
2021,04,ROU.20.3_1,0,0
2021,04,ROU.20.40_1,0,0
2021,04,ROU.20.41_1,0,0
2021,04,ROU.20.42_1,0,0
2021,04,ROU.20.43_1,0,0
2021,04,ROU.20.44_1,0,0
2021,04,ROU.20.45_1,0,0
2021,04,ROU.20.46_1,0,0
2021,04,ROU.20.47_1,0,0
2021,04,ROU.20.48_1,0,0
2021,04,ROU.20.49_1,0,0
2021,04,ROU.20.4_1,0,0
2021,04,ROU.20.5_1,0,0
2021,04,ROU.20.6_1,0,0
2021,04,ROU.20.7_1,0,0
2021,04,ROU.20.8_1,0,0
2021,04,ROU.20.9_1,0,0
2021,04,ROU.21.15_1,0,0
2021,04,ROU.21.19_1,0,0
2021,04,ROU.21.21_1,0,0
2021,04,ROU.21.23_1,0,0
2021,04,ROU.21.32_1,0,0
2021,04,ROU.21.33_1,0,0
2021,04,ROU.21.38_1,0,0
2021,04,ROU.21.50_1,0,0
2021,04,ROU.21.64_1,0,0
2021,04,ROU.21.69_1,0,0
2021,04,ROU.22.10_1,0.04243023515635443,0.203232715457033
2021,04,ROU.22.11_1,0.041630696887139725,0.19322125164141563
2021,04,ROU.22.12_1,0.04304056743489571,0.21124188650952683
2021,04,ROU.22.13_1,0.04318922658600503,0.21324417927265019
2021,04,ROU.22.14_1,0.04418765297206733,0.22726022861451464
2021,04,ROU.22.15_1,0.04273857379260498,0.20723730098327986
2021,04,ROU.22.16_1,0.04459374042533476,0.23326710690388497
2021,04,ROU.22.17_1,0.04273857379260498,0.20723730098327986
2021,04,ROU.22.18_1,0.04195552353966833,0.19722583716766257
2021,04,ROU.22.19_1,0.04459374042533476,0.23326710690388497
2021,04,ROU.22.1_1,0.043409338315429744,0.2162476184173354
2021,04,ROU.22.20_1,0.04485746232451723,0.23727169243013205
2021,04,ROU.22.21_1,0.04445979121542307,0.2312648141407616
2021,04,ROU.22.22_1,0.041712540845292655,0.19422239802297725
2021,04,ROU.22.23_1,0.04304056743489571,0.21124188650952683
2021,04,ROU.22.24_1,0.04383939426197292,0.22225449670670594
2021,04,ROU.22.25_1,0.044792050057390315,0.2362705460485703
2021,04,ROU.22.26_1,0.04179395828689958,0.1952235444045391
2021,04,ROU.22.27_1,0.04227364319000529,0.20123042269390953
2021,04,ROU.22.28_1,0.0446601906378274,0.23426825328544681
2021,04,ROU.22.29_1,0.04390977381324289,0.2232556430882677
2021,04,ROU.22.2_1,0.04567713912151993,0.25028659539043463
2021,04,ROU.22.30_1,0.04459374042533476,0.23326710690388497
2021,04,ROU.22.31_1,0.04296565650274009,0.21024074012796518
2021,04,ROU.22.32_1,0.04281466175348721,0.2082384473648417
2021,04,ROU.22.33_1,0.044726293335661374,0.23526939966700847
2021,04,ROU.22.34_1,0.04445979121542307,0.2312648141407616
2021,04,ROU.22.35_1,0.04672197542026813,0.26830723025854597
2021,04,ROU.22.36_1,0.04304056743489571,0.21124188650952683
2021,04,ROU.22.37_1,0.04304056743489571,0.21124188650952683
2021,04,ROU.22.38_1,0.04459374042533476,0.23326710690388497
2021,04,ROU.22.39_1,0.041465719305868474,0.19121895887829213
2021,04,ROU.22.40_1,0.043697531169124226,0.22025220394358247
2021,04,ROU.22.41_1,0.04138258054131647,0.19021781249673028
2021,04,ROU.22.42_1,0.04121498995312579,0.18821551973360692
2021,04,ROU.22.43_1,0.04281466175348721,0.2082384473648417
2021,04,ROU.22.44_1,0.042194733708194425,0.2002292763123477
2021,04,ROU.22.45_1,0.04061434909129266,0.18120749506267475
2021,04,ROU.22.46_1,0.04273857379260498,0.20723730098327986
2021,04,ROU.22.47_1,0.04121498995312579,0.18821551973360692
2021,04,ROU.22.48_1,0.04281466175348721,0.2082384473648417
2021,04,ROU.22.49_1,0.04258520614619067,0.2052350082201564
2021,04,ROU.22.4_1,0.04187495169978811,0.19622469078610072
2021,04,ROU.22.50_1,0.042035676230689226,0.1982269835492243
2021,04,ROU.22.51_1,0.04087448087326351,0.18421093420735984
2021,04,ROU.22.52_1,0.040960281024667866,0.1852120805889217
2021,04,ROU.22.53_1,0.04281466175348721,0.2082384473648417
2021,04,ROU.22.54_1,0.04195552353966833,0.19722583716766257
2021,04,ROU.22.55_1,0.0401715138994314,0.17620176315486594
2021,04,ROU.22.56_1,0.04195552353966833,0.19722583716766257
2021,04,ROU.22.57_1,0.04266208930235312,0.20623615460171812
2021,04,ROU.22.58_1,0.04121498995312579,0.18821551973360692
2021,04,ROU.22.5_1,0.04087448087326351,0.18421093420735984
2021,04,ROU.22.6_1,0.041712540845292655,0.19422239802297725
2021,04,ROU.22.7_1,0.043336348730587906,0.21524647203577377
2021,04,ROU.22.8_1,0.04355418408739656,0.2182499111804589
2021,04,ROU.22.9_1,0.040350058526107575,0.1782040559179894
2021,04,ROU.23.10_1,0,0
2021,04,ROU.23.11_1,0,0
2021,04,ROU.23.12_1,0,0
2021,04,ROU.23.13_1,0,0
2021,04,ROU.23.14_1,0,0
2021,04,ROU.23.15_1,0,0
2021,04,ROU.23.16_1,0,0
2021,04,ROU.23.17_1,0,0
2021,04,ROU.23.18_1,0,0
2021,04,ROU.23.19_1,0,0
2021,04,ROU.23.1_1,0,0
2021,04,ROU.23.20_1,0,0
2021,04,ROU.23.21_1,0,0
2021,04,ROU.23.22_1,0,0
2021,04,ROU.23.23_1,0,0
2021,04,ROU.23.24_1,0,0
2021,04,ROU.23.25_1,0,0
2021,04,ROU.23.26_1,0,0
2021,04,ROU.23.27_1,0,0
2021,04,ROU.23.28_1,0,0
2021,04,ROU.23.29_1,0,0
2021,04,ROU.23.2_1,0,0
2021,04,ROU.23.30_1,0,0
2021,04,ROU.23.31_1,0,0
2021,04,ROU.23.32_1,0,0
2021,04,ROU.23.33_1,0,0
2021,04,ROU.23.34_1,0,0
2021,04,ROU.23.35_1,0,0
2021,04,ROU.23.36_1,0,0
2021,04,ROU.23.37_1,0,0
2021,04,ROU.23.38_1,0,0
2021,04,ROU.23.39_1,0,0
2021,04,ROU.23.3_1,0,0
2021,04,ROU.23.40_1,0,0
2021,04,ROU.23.41_1,0,0
2021,04,ROU.23.42_1,0,0
2021,04,ROU.23.43_1,0,0
2021,04,ROU.23.44_1,0,0
2021,04,ROU.23.45_1,0,0
2021,04,ROU.23.46_1,0,0
2021,04,ROU.23.47_1,0,0
2021,04,ROU.23.48_1,0,0
2021,04,ROU.23.49_1,0,0
2021,04,ROU.23.4_1,0,0
2021,04,ROU.23.50_1,0,0
2021,04,ROU.23.51_1,0,0
2021,04,ROU.23.52_1,0,0
2021,04,ROU.23.53_1,0,0
2021,04,ROU.23.54_1,0,0
2021,04,ROU.23.55_1,0,0
2021,04,ROU.23.56_1,0,0
2021,04,ROU.23.57_1,0,0
2021,04,ROU.23.58_1,0,0
2021,04,ROU.23.59_1,0,0
2021,04,ROU.23.5_1,0,0
2021,04,ROU.23.60_1,0,0
2021,04,ROU.23.61_1,0,0
2021,04,ROU.23.62_1,0,0
2021,04,ROU.23.63_1,0,0
2021,04,ROU.23.64_1,0,0
2021,04,ROU.23.65_1,0,0
2021,04,ROU.23.66_1,0,0
2021,04,ROU.23.67_1,0,0
2021,04,ROU.23.68_1,0,0
2021,04,ROU.23.69_1,0,0
2021,04,ROU.23.6_1,0,0
2021,04,ROU.23.7_1,0,0
2021,04,ROU.23.8_1,0,0
2021,04,ROU.23.9_1,0,0
2021,04,ROU.24.27_1,0,0
2021,04,ROU.24.28_1,0,0
2021,04,ROU.24.31_1,0,0
2021,04,ROU.24.59_1,0,0
2021,04,ROU.24.60_1,0,0
2021,04,ROU.24.7_1,0,0
2021,04,ROU.24.82_1,0,0
2021,04,ROU.24.83_1,0,0
2021,04,ROU.24.86_1,0,0
2021,04,ROU.24.8_1,0,0
2021,04,ROU.25.10_1,0,0
2021,04,ROU.25.11_1,0,0
2021,04,ROU.25.22_1,0,0
2021,04,ROU.25.24_1,0,0
2021,04,ROU.25.28_1,0,0
2021,04,ROU.25.45_1,0,0
2021,04,ROU.25.47_1,0,0
2021,04,ROU.26.10_1,0,0
2021,04,ROU.26.11_1,0,0
2021,04,ROU.26.12_1,0,0
2021,04,ROU.26.13_1,0,0
2021,04,ROU.26.14_1,0,0
2021,04,ROU.26.15_1,0,0
2021,04,ROU.26.16_1,0,0
2021,04,ROU.26.17_1,0,0
2021,04,ROU.26.18_1,0,0
2021,04,ROU.26.19_1,0,0
2021,04,ROU.26.1_1,0,0
2021,04,ROU.26.20_1,0,0
2021,04,ROU.26.21_1,0,0
2021,04,ROU.26.22_1,0,0
2021,04,ROU.26.23_1,0,0
2021,04,ROU.26.24_1,0,0
2021,04,ROU.26.25_1,0,0
2021,04,ROU.26.26_1,0,0
2021,04,ROU.26.27_1,0,0
2021,04,ROU.26.28_1,0,0
2021,04,ROU.26.29_1,0,0
2021,04,ROU.26.2_1,0,0
2021,04,ROU.26.30_1,0,0
2021,04,ROU.26.31_1,0,0
2021,04,ROU.26.32_1,0,0
2021,04,ROU.26.33_1,0,0
2021,04,ROU.26.34_1,0,0
2021,04,ROU.26.35_1,0,0
2021,04,ROU.26.36_1,0,0
2021,04,ROU.26.37_1,0,0
2021,04,ROU.26.38_1,0,0
2021,04,ROU.26.39_1,0,0
2021,04,ROU.26.3_1,0,0
2021,04,ROU.26.4_1,0,0
2021,04,ROU.26.5_1,0,0
2021,04,ROU.26.6_1,0,0
2021,04,ROU.26.7_1,0,0
2021,04,ROU.26.8_1,0,0
2021,04,ROU.26.9_1,0,0
2021,04,ROU.27.15_1,0.03934404384182617,0.16719144572081038
2021,04,ROU.27.24_1,0.04530582780078189,0.24427971710106433
2021,04,ROU.27.27_1,0.04536853723684018,0.24528086348262595
2021,04,ROU.27.36_1,0.040960281024667866,0.1852120805889217
2021,04,ROU.27.50_1,0.04179395828689958,0.1952235444045391
2021,04,ROU.27.51_1,0.044049437744922676,0.22525793585139128
2021,04,ROU.27.61_1,0.04445979121542307,0.2312648141407616
2021,04,ROU.28.10_1,0,0
2021,04,ROU.28.11_1,0,0
2021,04,ROU.28.12_1,0,0
2021,04,ROU.28.13_1,0,0
2021,04,ROU.28.14_1,0,0
2021,04,ROU.28.15_1,0,0
2021,04,ROU.28.16_1,0,0
2021,04,ROU.28.17_1,0,0
2021,04,ROU.28.18_1,0,0
2021,04,ROU.28.19_1,0,0
2021,04,ROU.28.1_1,0,0
2021,04,ROU.28.20_1,0,0
2021,04,ROU.28.21_1,0,0
2021,04,ROU.28.22_1,0,0
2021,04,ROU.28.23_1,0,0
2021,04,ROU.28.24_1,0,0
2021,04,ROU.28.25_1,0,0
2021,04,ROU.28.26_1,0,0
2021,04,ROU.28.27_1,0,0
2021,04,ROU.28.28_1,0,0
2021,04,ROU.28.29_1,0,0
2021,04,ROU.28.2_1,0,0
2021,04,ROU.28.30_1,0,0
2021,04,ROU.28.31_1,0,0
2021,04,ROU.28.32_1,0,0
2021,04,ROU.28.33_1,0,0
2021,04,ROU.28.34_1,0,0
2021,04,ROU.28.35_1,0,0
2021,04,ROU.28.36_1,0,0
2021,04,ROU.28.37_1,0,0
2021,04,ROU.28.38_1,0,0
2021,04,ROU.28.39_1,0,0
2021,04,ROU.28.3_1,0,0
2021,04,ROU.28.40_1,0,0
2021,04,ROU.28.41_1,0,0
2021,04,ROU.28.42_1,0,0
2021,04,ROU.28.43_1,0,0
2021,04,ROU.28.44_1,0,0
2021,04,ROU.28.45_1,0,0
2021,04,ROU.28.46_1,0,0
2021,04,ROU.28.47_1,0,0
2021,04,ROU.28.48_1,0,0
2021,04,ROU.28.49_1,0,0
2021,04,ROU.28.4_1,0,0
2021,04,ROU.28.50_1,0,0
2021,04,ROU.28.51_1,0,0
2021,04,ROU.28.52_1,0,0
2021,04,ROU.28.53_1,0,0
2021,04,ROU.28.54_1,0,0
2021,04,ROU.28.55_1,0,0
2021,04,ROU.28.56_1,0,0
2021,04,ROU.28.57_1,0,0
2021,04,ROU.28.58_1,0,0
2021,04,ROU.28.59_1,0,0
2021,04,ROU.28.5_1,0,0
2021,04,ROU.28.60_1,0,0
2021,04,ROU.28.61_1,0,0
2021,04,ROU.28.62_1,0,0
2021,04,ROU.28.63_1,0,0
2021,04,ROU.28.64_1,0,0
2021,04,ROU.28.6_1,0,0
2021,04,ROU.28.7_1,0,0
2021,04,ROU.28.8_1,0,0
2021,04,ROU.28.9_1,0,0
2021,04,ROU.29.10_1,0.04281466175348721,0.2082384473648417
2021,04,ROU.29.11_1,0.04530582780078189,0.24427971710106433
2021,04,ROU.29.12_1,0.044118725592247554,0.2262590822329529
2021,04,ROU.29.13_1,0.04543091518297423,0.24628200986418758
2021,04,ROU.29.14_1,0.04376864730876256,0.2212533503251442
2021,04,ROU.29.15_1,0.04452694114233289,0.23226596052232334
2021,04,ROU.29.16_1,0.0446601906378274,0.23426825328544681
2021,04,ROU.29.17_1,0.04445979121542307,0.2312648141407616
2021,04,ROU.29.18_1,0.04296565650274009,0.21024074012796518
2021,04,ROU.29.19_1,0.04524278549639975,0.24327857071950248
2021,04,ROU.29.1_1,0.04517940893026345,0.24227742433794064
2021,04,ROU.29.20_1,0.04281466175348721,0.2082384473648417
2021,04,ROU.29.21_1,0.043409338315429744,0.2162476184173354
2021,04,ROU.29.22_1,0.04517940893026345,0.24227742433794064
2021,04,ROU.29.23_1,0.04524278549639975,0.24327857071950248
2021,04,ROU.29.24_1,0.043409338315429744,0.2162476184173354
2021,04,ROU.29.25_1,0.043697531169124226,0.22025220394358247
2021,04,ROU.29.26_1,0.04492253164173629,0.23827283881169378
2021,04,ROU.29.27_1,0.043115090126077074,0.21224303289108856
2021,04,ROU.29.28_1,0.04397978772639983,0.22425678946982944
2021,04,ROU.29.29_1,0.043262978800244566,0.21424532565421203
2021,04,ROU.29.2_1,0.043626044037591925,0.21925105756202073
2021,04,ROU.29.30_1,0.04397978772639983,0.22425678946982944
2021,04,ROU.29.31_1,0.04452694114233289,0.23226596052232334
2021,04,ROU.29.32_1,0.044118725592247554,0.2262590822329529
2021,04,ROU.29.33_1,0.044726293335661374,0.23526939966700847
2021,04,ROU.29.34_1,0.04555468204513626,0.2482843026273113
2021,04,ROU.29.35_1,0.04549296300275718,0.24728315624574945
2021,04,ROU.29.36_1,0.04649851996790312,0.26430264473229903
2021,04,ROU.29.37_1,0.04627013780105145,0.26029805920605203
2021,04,ROU.29.38_1,0.04644188911804514,0.2633014983507373
2021,04,ROU.29.39_1,0.04492253164173629,0.23827283881169378
2021,04,ROU.29.3_1,0.04397978772639983,0.22425678946982944
2021,04,ROU.29.40_1,0.04536853723684018,0.24528086348262595
2021,04,ROU.29.41_1,0.04492253164173629,0.23827283881169378
2021,04,ROU.29.42_1,0.04549296300275718,0.24728315624574945
2021,04,ROU.29.43_1,0.04524278549639975,0.24327857071950248
2021,04,ROU.29.44_1,0.04390977381324289,0.2232556430882677
2021,04,ROU.29.45_1,0.04536853723684018,0.24528086348262595
2021,04,ROU.29.46_1,0.0465548429125667,0.26530379111386077
2021,04,ROU.29.47_1,0.04644188911804514,0.2633014983507373
2021,04,ROU.29.48_1,0.04492253164173629,0.23827283881169378
2021,04,ROU.29.49_1,0.04555468204513626,0.2482843026273113
2021,04,ROU.29.4_1,0.045115696693703945,0.24127627795637901
2021,04,ROU.29.50_1,0.04543091518297423,0.24628200986418758
2021,04,ROU.29.51_1,0.04445979121542307,0.2312648141407616
2021,04,ROU.29.52_1,0.04543091518297423,0.24628200986418758
2021,04,ROU.29.53_1,0.04492253164173629,0.23827283881169378
2021,04,ROU.29.54_1,0.043115090126077074,0.21224303289108856
2021,04,ROU.29.55_1,0.04561607364462967,0.24928544900887292
2021,04,ROU.29.56_1,0.04567713912151993,0.25028659539043463
2021,04,ROU.29.57_1,0.04536853723684018,0.24528086348262595
2021,04,ROU.29.58_1,0.04597761990395543,0.25529232729824336
2021,04,ROU.29.59_1,0.04567713912151993,0.25028659539043463
2021,04,ROU.29.5_1,0.0465548429125667,0.26530379111386077
2021,04,ROU.29.60_1,0.04439228905340243,0.23026366775919976
2021,04,ROU.29.61_1,0.0446601906378274,0.23426825328544681
2021,04,ROU.29.62_1,0.04638494923523907,0.2623003519691755
2021,04,ROU.29.63_1,0.04397978772639983,0.22425678946982944
2021,04,ROU.29.64_1,0.04452694114233289,0.23226596052232334
2021,04,ROU.29.65_1,0.044118725592247554,0.2262590822329529
2021,04,ROU.29.66_1,0.04517940893026345,0.24227742433794064
2021,04,ROU.29.67_1,0.04561607364462967,0.24928544900887292
2021,04,ROU.29.68_1,0.04517940893026345,0.24227742433794064
2021,04,ROU.29.69_1,0.045115696693703945,0.24127627795637901
2021,04,ROU.29.6_1,0.04452694114233289,0.23226596052232334
2021,04,ROU.29.70_1,0.04439228905340243,0.23026366775919976
2021,04,ROU.29.71_1,0.044324433047002954,0.22926252137763825
2021,04,ROU.29.72_1,0.044726293335661374,0.23526939966700847
2021,04,ROU.29.73_1,0.044118725592247554,0.2262590822329529
2021,04,ROU.29.74_1,0.044256221568625284,0.2282613749960765
2021,04,ROU.29.75_1,0.04517940893026345,0.24227742433794064
2021,04,ROU.29.76_1,0.04492253164173629,0.23827283881169378
2021,04,ROU.29.77_1,0.044118725592247554,0.2262590822329529
2021,04,ROU.29.78_1,0.04397978772639983,0.22425678946982944
2021,04,ROU.29.79_1,0.043409338315429744,0.2162476184173354
2021,04,ROU.29.7_1,0.044792050057390315,0.2362705460485703
2021,04,ROU.29.80_1,0.04615407640635051,0.25829576644292856
2021,04,ROU.29.81_1,0.044726293335661374,0.23526939966700847
2021,04,ROU.29.82_1,0.044256221568625284,0.2282613749960765
2021,04,ROU.29.83_1,0.04615407640635051,0.25829576644292856
2021,04,ROU.29.84_1,0.04517940893026345,0.24227742433794064
2021,04,ROU.29.85_1,0.045051647362601525,0.24027513157481725
2021,04,ROU.29.86_1,0.04585839180982539,0.2532900345351199
2021,04,ROU.29.87_1,0.04376864730876256,0.2212533503251442
2021,04,ROU.29.88_1,0.04517940893026345,0.24227742433794064
2021,04,ROU.29.89_1,0.04258520614619067,0.2052350082201564
2021,04,ROU.29.8_1,0.04530582780078189,0.24427971710106433
2021,04,ROU.29.90_1,0.04517940893026345,0.24227742433794064
2021,04,ROU.29.91_1,0.044987259497169904,0.2392739851932554
2021,04,ROU.29.92_1,0.044256221568625284,0.2282613749960765
2021,04,ROU.29.93_1,0.04492253164173629,0.23827283881169378
2021,04,ROU.29.94_1,0.0446601906378274,0.23426825328544681
2021,04,ROU.29.95_1,0.04549296300275718,0.24728315624574945
2021,04,ROU.29.96_1,0.044987259497169904,0.2392739851932554
2021,04,ROU.29.97_1,0.04485746232451723,0.23727169243013205
2021,04,ROU.29.9_1,0.04485746232451723,0.23727169243013205
2021,04,ROU.3.20_1,0.04070151780835198,0.18220864144423637
2021,04,ROU.3.33_1,0.040350058526107575,0.1782040559179894
2021,04,ROU.3.39_1,0.04235214291463789,0.20223156907547127
2021,04,ROU.3.60_1,0.04078822742843078,0.18320978782579822
2021,04,ROU.3.74_1,0.03971673869069331,0.17119603124705735
2021,04,ROU.3.75_1,0,0
2021,04,ROU.30.20_1,0.04070151780835198,0.18220864144423637
2021,04,ROU.30.6_1,0.04043862247515043,0.17920520229955125
2021,04,ROU.30.7_1,0.04195552353966833,0.19722583716766257
2021,04,ROU.31.17_1,0,0
2021,04,ROU.31.38_1,0,0
2021,04,ROU.31.39_1,0,0
2021,04,ROU.31.54_1,0,0
2021,04,ROU.32.100_1,0,0
2021,04,ROU.32.10_1,0,0
2021,04,ROU.32.11_1,0,0
2021,04,ROU.32.12_1,0,0
2021,04,ROU.32.13_1,0,0
2021,04,ROU.32.14_1,0,0
2021,04,ROU.32.15_1,0,0
2021,04,ROU.32.16_1,0,0
2021,04,ROU.32.17_1,0,0
2021,04,ROU.32.18_1,0,0
2021,04,ROU.32.19_1,0,0
2021,04,ROU.32.1_1,0,0
2021,04,ROU.32.20_1,0,0
2021,04,ROU.32.21_1,0,0
2021,04,ROU.32.22_1,0,0
2021,04,ROU.32.23_1,0.040350058526107575,0.1782040559179894
2021,04,ROU.32.24_1,0,0
2021,04,ROU.32.25_1,0,0
2021,04,ROU.32.26_1,0,0
2021,04,ROU.32.27_1,0,0
2021,04,ROU.32.28_1,0.04266208930235312,0.20623615460171812
2021,04,ROU.32.29_1,0,0
2021,04,ROU.32.2_1,0,0
2021,04,ROU.32.30_1,0,0
2021,04,ROU.32.31_1,0,0
2021,04,ROU.32.32_1,0,0
2021,04,ROU.32.33_1,0,0
2021,04,ROU.32.34_1,0,0
2021,04,ROU.32.35_1,0,0
2021,04,ROU.32.36_1,0,0
2021,04,ROU.32.37_1,0,0
2021,04,ROU.32.38_1,0,0
2021,04,ROU.32.39_1,0,0
2021,04,ROU.32.3_1,0,0
2021,04,ROU.32.40_1,0,0
2021,04,ROU.32.41_1,0,0
2021,04,ROU.32.42_1,0,0
2021,04,ROU.32.43_1,0,0
2021,04,ROU.32.44_1,0,0
2021,04,ROU.32.45_1,0,0
2021,04,ROU.32.46_1,0,0
2021,04,ROU.32.47_1,0,0
2021,04,ROU.32.48_1,0,0
2021,04,ROU.32.49_1,0,0
2021,04,ROU.32.4_1,0,0
2021,04,ROU.32.50_1,0,0
2021,04,ROU.32.51_1,0,0
2021,04,ROU.32.52_1,0,0
2021,04,ROU.32.53_1,0,0
2021,04,ROU.32.54_1,0,0
2021,04,ROU.32.55_1,0,0
2021,04,ROU.32.56_1,0,0
2021,04,ROU.32.57_1,0,0
2021,04,ROU.32.58_1,0.04383939426197292,0.22225449670670594
2021,04,ROU.32.59_1,0,0
2021,04,ROU.32.5_1,0,0
2021,04,ROU.32.60_1,0,0
2021,04,ROU.32.61_1,0,0
2021,04,ROU.32.62_1,0,0
2021,04,ROU.32.63_1,0,0
2021,04,ROU.32.64_1,0,0
2021,04,ROU.32.65_1,0,0
2021,04,ROU.32.66_1,0,0
2021,04,ROU.32.67_1,0,0
2021,04,ROU.32.68_1,0,0
2021,04,ROU.32.69_1,0,0
2021,04,ROU.32.6_1,0,0
2021,04,ROU.32.70_1,0,0
2021,04,ROU.32.71_1,0,0
2021,04,ROU.32.72_1,0,0
2021,04,ROU.32.73_1,0,0
2021,04,ROU.32.74_1,0,0
2021,04,ROU.32.75_1,0,0
2021,04,ROU.32.76_1,0,0
2021,04,ROU.32.77_1,0,0
2021,04,ROU.32.78_1,0,0
2021,04,ROU.32.79_1,0,0
2021,04,ROU.32.7_1,0.042035676230689226,0.1982269835492243
2021,04,ROU.32.80_1,0,0
2021,04,ROU.32.81_1,0,0
2021,04,ROU.32.82_1,0,0
2021,04,ROU.32.83_1,0,0
2021,04,ROU.32.84_1,0,0
2021,04,ROU.32.85_1,0,0
2021,04,ROU.32.86_1,0,0
2021,04,ROU.32.87_1,0,0
2021,04,ROU.32.88_1,0,0
2021,04,ROU.32.89_1,0,0
2021,04,ROU.32.8_1,0,0
2021,04,ROU.32.90_1,0,0
2021,04,ROU.32.91_1,0,0
2021,04,ROU.32.92_1,0,0
2021,04,ROU.32.93_1,0.04061434909129266,0.18120749506267475
2021,04,ROU.32.94_1,0,0
2021,04,ROU.32.95_1,0,0
2021,04,ROU.32.96_1,0,0
2021,04,ROU.32.97_1,0,0
2021,04,ROU.32.98_1,0,0
2021,04,ROU.32.99_1,0,0
2021,04,ROU.32.9_1,0,0
2021,04,ROU.33.10_1,0,0
2021,04,ROU.33.20_1,0.04273857379260498,0.20723730098327986
2021,04,ROU.33.22_1,0.04383939426197292,0.22225449670670594
2021,04,ROU.33.23_1,0.043697531169124226,0.22025220394358247
2021,04,ROU.33.24_1,0.045115696693703945,0.24127627795637901
2021,04,ROU.33.25_1,0.04573787978204375,0.2512877417719964
2021,04,ROU.33.26_1,0,0
2021,04,ROU.33.2_1,0.04304056743489571,0.21124188650952683
2021,04,ROU.33.36_1,0,0
2021,04,ROU.33.42_1,0,0
2021,04,ROU.33.43_1,0.04591816572098927,0.2542911809166816
2021,04,ROU.33.45_1,0.046095574027276216,0.25729462006136683
2021,04,ROU.33.46_1,0.04536853723684018,0.24528086348262595
2021,04,ROU.33.54_1,0,0
2021,04,ROU.33.57_1,0.04666656953962964,0.26730608387698424
2021,04,ROU.33.58_1,0.04615407640635051,0.25829576644292856
2021,04,ROU.34.23_1,0.044726293335661374,0.23526939966700847
2021,04,ROU.34.24_1,0.04376864730876256,0.2212533503251442
2021,04,ROU.34.29_1,0.04383939426197292,0.22225449670670594
2021,04,ROU.34.2_1,0,0
2021,04,ROU.34.39_1,0,0
2021,04,ROU.34.40_1,0.04492253164173629,0.23827283881169378
2021,04,ROU.34.43_1,0.044049437744922676,0.22525793585139128
2021,04,ROU.34.56_1,0.04397978772639983,0.22425678946982944
2021,04,ROU.34.59_1,0.0446601906378274,0.23426825328544681
2021,04,ROU.34.8_1,0.044726293335661374,0.23526939966700847
2021,04,ROU.35.10_1,0,0
2021,04,ROU.35.11_1,0,0
2021,04,ROU.35.12_1,0.04439228905340243,0.23026366775919976
2021,04,ROU.35.13_1,0,0
2021,04,ROU.35.14_1,0.04567713912151993,0.25028659539043463
2021,04,ROU.35.15_1,0,0
2021,04,ROU.35.16_1,0,0
2021,04,ROU.35.17_1,0,0
2021,04,ROU.35.18_1,0,0
2021,04,ROU.35.19_1,0,0
2021,04,ROU.35.1_1,0,0
2021,04,ROU.35.20_1,0,0
2021,04,ROU.35.21_1,0,0
2021,04,ROU.35.22_1,0.044256221568625284,0.2282613749960765
2021,04,ROU.35.23_1,0,0
2021,04,ROU.35.24_1,0.04376864730876256,0.2212533503251442
2021,04,ROU.35.25_1,0.043409338315429744,0.2162476184173354
2021,04,ROU.35.26_1,0,0
2021,04,ROU.35.27_1,0.04390977381324289,0.2232556430882677
2021,04,ROU.35.28_1,0,0
2021,04,ROU.35.29_1,0,0
2021,04,ROU.35.2_1,0,0
2021,04,ROU.35.30_1,0,0
2021,04,ROU.35.31_1,0,0
2021,04,ROU.35.32_1,0.04355418408739656,0.2182499111804589
2021,04,ROU.35.33_1,0,0
2021,04,ROU.35.34_1,0,0
2021,04,ROU.35.35_1,0,0
2021,04,ROU.35.36_1,0,0
2021,04,ROU.35.37_1,0,0
2021,04,ROU.35.38_1,0,0
2021,04,ROU.35.39_1,0,0
2021,04,ROU.35.3_1,0,0
2021,04,ROU.35.40_1,0,0
2021,04,ROU.35.41_1,0,0
2021,04,ROU.35.42_1,0,0
2021,04,ROU.35.43_1,0,0
2021,04,ROU.35.44_1,0,0
2021,04,ROU.35.45_1,0,0
2021,04,ROU.35.46_1,0,0
2021,04,ROU.35.47_1,0,0
2021,04,ROU.35.48_1,0,0
2021,04,ROU.35.49_1,0,0
2021,04,ROU.35.4_1,0.04348194947013458,0.21724876479889738
2021,04,ROU.35.50_1,0,0
2021,04,ROU.35.51_1,0,0
2021,04,ROU.35.52_1,0,0
2021,04,ROU.35.53_1,0,0
2021,04,ROU.35.54_1,0,0
2021,04,ROU.35.55_1,0,0
2021,04,ROU.35.56_1,0,0
2021,04,ROU.35.57_1,0,0
2021,04,ROU.35.58_1,0,0
2021,04,ROU.35.59_1,0,0
2021,04,ROU.35.5_1,0,0
2021,04,ROU.35.60_1,0,0
2021,04,ROU.35.61_1,0,0
2021,04,ROU.35.62_1,0,0
2021,04,ROU.35.6_1,0,0
2021,04,ROU.35.7_1,0,0
2021,04,ROU.35.8_1,0,0
2021,04,ROU.35.9_1,0.043409338315429744,0.2162476184173354
2021,04,ROU.36.14_1,0.04052671831484468,0.1802063486811129
2021,04,ROU.36.25_1,0.039991059189604855,0.17419947039174247
2021,04,ROU.36.60_1,0.03905919800908988,0.16418800657612517
2021,04,ROU.36.65_1,0.04138258054131647,0.19021781249673028
2021,04,ROU.37.26_1,0,0
2021,04,ROU.37.31_1,0,0
2021,04,ROU.37.32_1,0,0
2021,04,ROU.37.39_1,0,0
2021,04,ROU.37.41_1,0,0
2021,04,ROU.37.44_1,0,0
2021,04,ROU.37.4_1,0,0
2021,04,ROU.37.50_1,0,0
2021,04,ROU.37.73_1,0,0
2021,04,ROU.37.84_1,0,0
2021,04,ROU.37.88_1,0,0
2021,04,ROU.37.9_1,0,0
2021,04,ROU.38.15_1,0.04543091518297423,0.24628200986418758
2021,04,ROU.38.19_1,0,0
2021,04,ROU.38.26_1,0.04517940893026345,0.24227742433794064
2021,04,ROU.38.2_1,0,0
2021,04,ROU.38.31_1,0,0
2021,04,ROU.38.37_1,0,0
2021,04,ROU.38.42_1,0,0
2021,04,ROU.38.48_1,0,0
2021,04,ROU.38.50_1,0,0
2021,04,ROU.38.58_1,0,0
2021,04,ROU.38.5_1,0.04243023515635443,0.203232715457033
2021,04,ROU.38.74_1,0,0
2021,04,ROU.38.76_1,0,0
2021,04,ROU.38.79_1,0,0
2021,04,ROU.39.10_1,0,0
2021,04,ROU.39.11_1,0,0
2021,04,ROU.39.12_1,0,0
2021,04,ROU.39.13_1,0,0
2021,04,ROU.39.14_1,0,0
2021,04,ROU.39.15_1,0,0
2021,04,ROU.39.16_1,0,0
2021,04,ROU.39.17_1,0,0
2021,04,ROU.39.18_1,0,0
2021,04,ROU.39.19_1,0,0
2021,04,ROU.39.1_1,0,0
2021,04,ROU.39.20_1,0,0
2021,04,ROU.39.21_1,0,0
2021,04,ROU.39.22_1,0,0
2021,04,ROU.39.23_1,0,0
2021,04,ROU.39.24_1,0,0
2021,04,ROU.39.25_1,0,0
2021,04,ROU.39.26_1,0,0
2021,04,ROU.39.27_1,0,0
2021,04,ROU.39.28_1,0,0
2021,04,ROU.39.29_1,0,0
2021,04,ROU.39.2_1,0,0
2021,04,ROU.39.30_1,0,0
2021,04,ROU.39.31_1,0,0
2021,04,ROU.39.32_1,0,0
2021,04,ROU.39.33_1,0,0
2021,04,ROU.39.34_1,0,0
2021,04,ROU.39.35_1,0,0
2021,04,ROU.39.36_1,0,0
2021,04,ROU.39.37_1,0,0
2021,04,ROU.39.38_1,0,0
2021,04,ROU.39.39_1,0,0
2021,04,ROU.39.3_1,0,0
2021,04,ROU.39.40_1,0,0
2021,04,ROU.39.41_1,0,0
2021,04,ROU.39.42_1,0,0
2021,04,ROU.39.43_1,0,0
2021,04,ROU.39.44_1,0,0
2021,04,ROU.39.45_1,0,0
2021,04,ROU.39.46_1,0,0
2021,04,ROU.39.47_1,0,0
2021,04,ROU.39.48_1,0,0
2021,04,ROU.39.4_1,0,0
2021,04,ROU.39.5_1,0,0
2021,04,ROU.39.6_1,0,0
2021,04,ROU.39.7_1,0,0
2021,04,ROU.39.8_1,0,0
2021,04,ROU.39.9_1,0,0
2021,04,ROU.4.1_1,0.04289035529534223,0.20923959374640344
2021,04,ROU.4.23_1,0.04266208930235312,0.20623615460171812
2021,04,ROU.4.56_1,0.04061434909129266,0.18120749506267475
2021,04,ROU.40.14_1,0,0
2021,04,ROU.40.53_1,0,0
2021,04,ROU.40.84_1,0,0
2021,04,ROU.41.26_1,0,0
2021,04,ROU.41.31_1,0,0
2021,04,ROU.41.41_1,0,0
2021,04,ROU.41.45_1,0,0
2021,04,ROU.41.58_1,0,0
2021,04,ROU.41.68_1,0,0
2021,04,ROU.5.10_1,0.04070151780835198,0.18220864144423637
2021,04,ROU.5.11_1,0,0
2021,04,ROU.5.12_1,0.04318922658600503,0.21324417927265019
2021,04,ROU.5.13_1,0,0
2021,04,ROU.5.14_1,0,0
2021,04,ROU.5.15_1,0,0
2021,04,ROU.5.16_1,0.04266208930235312,0.20623615460171812
2021,04,ROU.5.17_1,0,0
2021,04,ROU.5.18_1,0.04195552353966833,0.19722583716766257
2021,04,ROU.5.19_1,0,0
2021,04,ROU.5.1_1,0,0
2021,04,ROU.5.20_1,0,0
2021,04,ROU.5.21_1,0,0
2021,04,ROU.5.22_1,0,0
2021,04,ROU.5.23_1,0,0
2021,04,ROU.5.24_1,0,0
2021,04,ROU.5.25_1,0,0
2021,04,ROU.5.26_1,0,0
2021,04,ROU.5.27_1,0,0
2021,04,ROU.5.28_1,0,0
2021,04,ROU.5.29_1,0,0
2021,04,ROU.5.2_1,0,0
2021,04,ROU.5.30_1,0,0
2021,04,ROU.5.31_1,0,0
2021,04,ROU.5.32_1,0,0
2021,04,ROU.5.33_1,0,0
2021,04,ROU.5.34_1,0,0
2021,04,ROU.5.35_1,0,0
2021,04,ROU.5.36_1,0.043262978800244566,0.21424532565421203
2021,04,ROU.5.37_1,0,0
2021,04,ROU.5.38_1,0,0
2021,04,ROU.5.39_1,0,0
2021,04,ROU.5.3_1,0,0
2021,04,ROU.5.40_1,0,0
2021,04,ROU.5.41_1,0.04061434909129266,0.18120749506267475
2021,04,ROU.5.42_1,0,0
2021,04,ROU.5.43_1,0,0
2021,04,ROU.5.44_1,0,0
2021,04,ROU.5.45_1,0,0
2021,04,ROU.5.46_1,0,0
2021,04,ROU.5.47_1,0,0
2021,04,ROU.5.48_1,0,0
2021,04,ROU.5.49_1,0,0
2021,04,ROU.5.4_1,0,0
2021,04,ROU.5.50_1,0,0
2021,04,ROU.5.51_1,0,0
2021,04,ROU.5.52_1,0,0
2021,04,ROU.5.53_1,0,0
2021,04,ROU.5.54_1,0,0
2021,04,ROU.5.55_1,0,0
2021,04,ROU.5.56_1,0,0
2021,04,ROU.5.57_1,0,0
2021,04,ROU.5.58_1,0,0
2021,04,ROU.5.59_1,0,0
2021,04,ROU.5.5_1,0,0
2021,04,ROU.5.60_1,0,0
2021,04,ROU.5.61_1,0,0
2021,04,ROU.5.62_1,0,0
2021,04,ROU.5.63_1,0,0
2021,04,ROU.5.64_1,0,0
2021,04,ROU.5.65_1,0,0
2021,04,ROU.5.66_1,0,0
2021,04,ROU.5.67_1,0,0
2021,04,ROU.5.68_1,0,0
2021,04,ROU.5.69_1,0,0
2021,04,ROU.5.6_1,0,0
2021,04,ROU.5.70_1,0,0
2021,04,ROU.5.71_1,0,0
2021,04,ROU.5.72_1,0,0
2021,04,ROU.5.73_1,0,0
2021,04,ROU.5.74_1,0,0
2021,04,ROU.5.75_1,0.04318922658600503,0.21324417927265019
2021,04,ROU.5.76_1,0,0
2021,04,ROU.5.77_1,0,0
2021,04,ROU.5.78_1,0,0
2021,04,ROU.5.79_1,0,0
2021,04,ROU.5.7_1,0,0
2021,04,ROU.5.80_1,0,0
2021,04,ROU.5.81_1,0,0
2021,04,ROU.5.82_1,0,0
2021,04,ROU.5.83_1,0,0
2021,04,ROU.5.84_1,0,0
2021,04,ROU.5.85_1,0,0
2021,04,ROU.5.86_1,0,0
2021,04,ROU.5.87_1,0,0
2021,04,ROU.5.88_1,0,0
2021,04,ROU.5.89_1,0,0
2021,04,ROU.5.8_1,0,0
2021,04,ROU.5.90_1,0,0
2021,04,ROU.5.91_1,0.04235214291463789,0.20223156907547127
2021,04,ROU.5.92_1,0,0
2021,04,ROU.5.93_1,0,0
2021,04,ROU.5.94_1,0,0
2021,04,ROU.5.9_1,0,0
2021,04,ROU.6.10_1,0.04445979121542307,0.2312648141407616
2021,04,ROU.6.11_1,0.04603675559746315,0.2562934736798051
2021,04,ROU.6.12_1,0.04530582780078189,0.24427971710106433
2021,04,ROU.6.13_1,0.04445979121542307,0.2312648141407616
2021,04,ROU.6.14_1,0.04517940893026345,0.24227742433794064
2021,04,ROU.6.15_1,0.04258520614619067,0.2052350082201564
2021,04,ROU.6.16_1,0.043626044037591925,0.21925105756202073
2021,04,ROU.6.17_1,0.04318922658600503,0.21324417927265019
2021,04,ROU.6.18_1,0.04524278549639975,0.24327857071950248
2021,04,ROU.6.19_1,0.04459374042533476,0.23326710690388497
2021,04,ROU.6.1_1,0.044987259497169904,0.2392739851932554
2021,04,ROU.6.20_1,0.04485746232451723,0.23727169243013205
2021,04,ROU.6.21_1,0.04383939426197292,0.22225449670670594
2021,04,ROU.6.22_1,0.04296565650274009,0.21024074012796518
2021,04,ROU.6.23_1,0.042035676230689226,0.1982269835492243
2021,04,ROU.6.24_1,0.04561607364462967,0.24928544900887292
2021,04,ROU.6.25_1,0.043626044037591925,0.21925105756202073
2021,04,ROU.6.26_1,0.044118725592247554,0.2262590822329529
2021,04,ROU.6.27_1,0.044256221568625284,0.2282613749960765
2021,04,ROU.6.28_1,0.044324433047002954,0.22926252137763825
2021,04,ROU.6.29_1,0.04530582780078189,0.24427971710106433
2021,04,ROU.6.2_1,0.044118725592247554,0.2262590822329529
2021,04,ROU.6.30_1,0.04390977381324289,0.2232556430882677
2021,04,ROU.6.31_1,0.04517940893026345,0.24227742433794064
2021,04,ROU.6.32_1,0.04289035529534223,0.20923959374640344
2021,04,ROU.6.33_1,0.043115090126077074,0.21224303289108856
2021,04,ROU.6.34_1,0.04348194947013458,0.21724876479889738
2021,04,ROU.6.35_1,0.04154842389192632,0.19222010525985375
2021,04,ROU.6.36_1,0.04459374042533476,0.23326710690388497
2021,04,ROU.6.37_1,0.04211541216598253,0.19922812993078606
2021,04,ROU.6.38_1,0.04227364319000529,0.20123042269390953
2021,04,ROU.6.39_1,0.043626044037591925,0.21925105756202073
2021,04,ROU.6.3_1,0.04179395828689958,0.1952235444045391
2021,04,ROU.6.40_1,0.043262978800244566,0.21424532565421203
2021,04,ROU.6.41_1,0.04304056743489571,0.21124188650952683
2021,04,ROU.6.42_1,0.041712540845292655,0.19422239802297725
2021,04,ROU.6.43_1,0.041630696887139725,0.19322125164141563
2021,04,ROU.6.44_1,0.044792050057390315,0.2362705460485703
2021,04,ROU.6.45_1,0.04492253164173629,0.23827283881169378
2021,04,ROU.6.46_1,0.043262978800244566,0.21424532565421203
2021,04,ROU.6.47_1,0.044118725592247554,0.2262590822329529
2021,04,ROU.6.48_1,0.0446601906378274,0.23426825328544681
2021,04,ROU.6.49_1,0.04383939426197292,0.22225449670670594
2021,04,ROU.6.4_1,0.044324433047002954,0.22926252137763825
2021,04,ROU.6.50_1,0.043697531169124226,0.22025220394358247
2021,04,ROU.6.51_1,0.04318922658600503,0.21324417927265019
2021,04,ROU.6.52_1,0.044118725592247554,0.2262590822329529
2021,04,ROU.6.53_1,0.04397978772639983,0.22425678946982944
2021,04,ROU.6.54_1,0.04243023515635443,0.203232715457033
2021,04,ROU.6.55_1,0.04561607364462967,0.24928544900887292
2021,04,ROU.6.56_1,0.043697531169124226,0.22025220394358247
2021,04,ROU.6.57_1,0.04517940893026345,0.24227742433794064
2021,04,ROU.6.5_1,0.04281466175348721,0.2082384473648417
2021,04,ROU.6.6_1,0.04304056743489571,0.21124188650952683
2021,04,ROU.6.7_1,0.04549296300275718,0.24728315624574945
2021,04,ROU.6.8_1,0.044987259497169904,0.2392739851932554
2021,04,ROU.6.9_1,0.04459374042533476,0.23326710690388497
2021,04,ROU.7.14_1,0,0
2021,04,ROU.7.38_1,0,0
2021,04,ROU.7.42_1,0,0
2021,04,ROU.7.44_1,0,0
2021,04,ROU.7.48_1,0,0
2021,04,ROU.7.50_1,0,0
2021,04,ROU.7.52_1,0,0
2021,04,ROU.7.57_1,0,0
2021,04,ROU.8.10_1,0.04445979121542307,0.2312648141407616
2021,04,ROU.8.11_1,0.04289035529534223,0.20923959374640344
2021,04,ROU.8.12_1,0.043626044037591925,0.21925105756202073
2021,04,ROU.8.13_1,0.04348194947013458,0.21724876479889738
2021,04,ROU.8.14_1,0.04561607364462967,0.24928544900887292
2021,04,ROU.8.15_1,0.04304056743489571,0.21124188650952683
2021,04,ROU.8.16_1,0.03924960842947607,0.16619029933924864
2021,04,ROU.8.17_1,0.04187495169978811,0.19622469078610072
2021,04,ROU.8.18_1,0.04445979121542307,0.2312648141407616
2021,04,ROU.8.19_1,0.04250792216094254,0.20423386183859452
2021,04,ROU.8.1_1,0.04383939426197292,0.22225449670670594
2021,04,ROU.8.20_1,0.04211541216598253,0.19922812993078606
2021,04,ROU.8.21_1,0.04250792216094254,0.20423386183859452
2021,04,ROU.8.22_1,0.04296565650274009,0.21024074012796518
2021,04,ROU.8.23_1,0.04304056743489571,0.21124188650952683
2021,04,ROU.8.24_1,0.04138258054131647,0.19021781249673028
2021,04,ROU.8.25_1,0.043262978800244566,0.21424532565421203
2021,04,ROU.8.26_1,0.044324433047002954,0.22926252137763825
2021,04,ROU.8.27_1,0.042035676230689226,0.1982269835492243
2021,04,ROU.8.28_1,0.04397978772639983,0.22425678946982944
2021,04,ROU.8.29_1,0.04452694114233289,0.23226596052232334
2021,04,ROU.8.2_1,0.04211541216598253,0.19922812993078606
2021,04,ROU.8.30_1,0.043115090126077074,0.21224303289108856
2021,04,ROU.8.31_1,0.04273857379260498,0.20723730098327986
2021,04,ROU.8.32_1,0.043409338315429744,0.2162476184173354
2021,04,ROU.8.33_1,0.04397978772639983,0.22425678946982944
2021,04,ROU.8.34_1,0.04258520614619067,0.2052350082201564
2021,04,ROU.8.35_1,0.04195552353966833,0.19722583716766257
2021,04,ROU.8.36_1,0.044256221568625284,0.2282613749960765
2021,04,ROU.8.37_1,0.04258520614619067,0.2052350082201564
2021,04,ROU.8.38_1,0.04296565650274009,0.21024074012796518
2021,04,ROU.8.39_1,0.04524278549639975,0.24327857071950248
2021,04,ROU.8.3_1,0.044049437744922676,0.22525793585139128
2021,04,ROU.8.40_1,0.043409338315429744,0.2162476184173354
2021,04,ROU.8.41_1,0.043697531169124226,0.22025220394358247
2021,04,ROU.8.42_1,0.04296565650274009,0.21024074012796518
2021,04,ROU.8.43_1,0.04418765297206733,0.22726022861451464
2021,04,ROU.8.44_1,0.04348194947013458,0.21724876479889738
2021,04,ROU.8.45_1,0.04348194947013458,0.21724876479889738
2021,04,ROU.8.46_1,0.043697531169124226,0.22025220394358247
2021,04,ROU.8.47_1,0.04154842389192632,0.19222010525985375
2021,04,ROU.8.49_1,0.042035676230689226,0.1982269835492243
2021,04,ROU.8.4_1,0.04243023515635443,0.203232715457033
2021,04,ROU.8.50_1,0.043115090126077074,0.21224303289108856
2021,04,ROU.8.51_1,0.04304056743489571,0.21124188650952683
2021,04,ROU.8.52_1,0.043336348730587906,0.21524647203577377
2021,04,ROU.8.5_1,0.04383939426197292,0.22225449670670594
2021,04,ROU.8.6_1,0.0446601906378274,0.23426825328544681
2021,04,ROU.8.7_1,0.04235214291463789,0.20223156907547127
2021,04,ROU.8.8_1,0.04355418408739656,0.2182499111804589
2021,04,ROU.8.9_1,0.04459374042533476,0.23326710690388497
2021,04,ROU.9.10_1,0,0
2021,04,ROU.9.18_1,0,0
2021,04,ROU.9.2_1,0,0
2021,04,ROU.9.39_1,0,0
2021,04,ROU.9.5_1,0,0
2021,04,SRB.1.1_1,0,0
2021,04,SRB.1.2_1,0,0
2021,04,SRB.1.3_1,0,0
2021,04,SRB.1.4_1,0,0
2021,04,SRB.10.1_1,0,0
2021,04,SRB.10.2_1,0,0
2021,04,SRB.10.3_1,0,0
2021,04,SRB.10.4_1,0,0
2021,04,SRB.10.5_1,0,0
2021,04,SRB.10.6_1,0,0
2021,04,SRB.10.7_1,0,0
2021,04,SRB.11.1_1,0,0
2021,04,SRB.11.2_1,0,0
2021,04,SRB.11.3_1,0,0
2021,04,SRB.11.4_1,0,0
2021,04,SRB.11.5_1,0,0
2021,04,SRB.11.6_1,0,0
2021,04,SRB.11.7_1,0,0
2021,04,SRB.12.1_1,0,0
2021,04,SRB.12.2_1,0,0
2021,04,SRB.12.3_1,0,0
2021,04,SRB.12.4_1,0,0
2021,04,SRB.13.1_1,0,0
2021,04,SRB.13.2_1,0,0
2021,04,SRB.13.3_1,0,0
2021,04,SRB.14.1_1,0,0
2021,04,SRB.14.2_1,0,0
2021,04,SRB.14.3_1,0,0
2021,04,SRB.14.4_1,0,0
2021,04,SRB.14.5_1,0,0
2021,04,SRB.14.6_1,0,0
2021,04,SRB.15.1_1,0,0
2021,04,SRB.15.2_1,0,0
2021,04,SRB.15.3_1,0,0
2021,04,SRB.15.4_1,0,0
2021,04,SRB.15.5_1,0,0
2021,04,SRB.15.6_1,0,0
2021,04,SRB.16.1_1,0,0
2021,04,SRB.16.2_1,0,0
2021,04,SRB.16.3_1,0,0
2021,04,SRB.16.4_1,0,0
2021,04,SRB.16.5_1,0,0
2021,04,SRB.17.1_1,0,0
2021,04,SRB.17.2_1,0.04485746232451723,0.23727169243013205
2021,04,SRB.17.3_1,0.044049437744922676,0.22525793585139128
2021,04,SRB.18.1_1,0.044256221568625284,0.2282613749960765
2021,04,SRB.18.2_1,0,0
2021,04,SRB.18.3_1,0.04445979121542307,0.2312648141407616
2021,04,SRB.18.4_1,0,0
2021,04,SRB.18.5_1,0.044324433047002954,0.22926252137763825
2021,04,SRB.18.6_1,0,0
2021,04,SRB.19.1_1,0.04603675559746315,0.2562934736798051
2021,04,SRB.19.2_1,0,0
2021,04,SRB.19.3_1,0,0
2021,04,SRB.19.4_1,0,0
2021,04,SRB.19.5_1,0.046212263934998575,0.2592969128244903
2021,04,SRB.2.1_1,0,0
2021,04,SRB.2.2_1,0,0
2021,04,SRB.2.3_1,0,0
2021,04,SRB.2.4_1,0,0
2021,04,SRB.2.5_1,0,0
2021,04,SRB.2.6_1,0,0
2021,04,SRB.2.7_1,0,0
2021,04,SRB.2.8_1,0,0
2021,04,SRB.20.1_1,0.046212263934998575,0.2592969128244903
2021,04,SRB.20.2_1,0.04672197542026813,0.26830723025854597
2021,04,SRB.20.3_1,0.04736347111866753,0.28032098683728685
2021,04,SRB.20.4_1,0.04766837876442972,0.28632786512665725
2021,04,SRB.20.5_1,0.04644188911804514,0.2633014983507373
2021,04,SRB.20.6_1,0.046095574027276216,0.25729462006136683
2021,04,SRB.20.7_1,0.04603675559746315,0.2562934736798051
2021,04,SRB.21.1_1,0,0
2021,04,SRB.21.2_1,0,0
2021,04,SRB.21.3_1,0,0
2021,04,SRB.21.4_1,0,0
2021,04,SRB.21.5_1,0,0
2021,04,SRB.21.6_1,0,0
2021,04,SRB.21.7_1,0,0
2021,04,SRB.22.1_1,0,0
2021,04,SRB.22.2_1,0,0
2021,04,SRB.22.3_1,0,0
2021,04,SRB.22.4_1,0,0
2021,04,SRB.23.1_1,0,0
2021,04,SRB.23.2_1,0,0
2021,04,SRB.23.3_1,0,0
2021,04,SRB.23.4_1,0,0
2021,04,SRB.24.1_1,0.047466262356118956,0.2823232796004103
2021,04,SRB.24.2_1,0,0
2021,04,SRB.24.3_1,0.045798296918578514,0.25228888815355816
2021,04,SRB.24.4_1,0.045051647362601525,0.24027513157481725
2021,04,SRB.25.10_1,0.04266208930235312,0.20623615460171812
2021,04,SRB.25.1_1,0,0
2021,04,SRB.25.2_1,0.04355418408739656,0.2182499111804589
2021,04,SRB.25.3_1,0.04348194947013458,0.21724876479889738
2021,04,SRB.25.4_1,0,0
2021,04,SRB.25.5_1,0,0
2021,04,SRB.25.6_1,0,0
2021,04,SRB.25.7_1,0.04227364319000529,0.20123042269390953
2021,04,SRB.25.8_1,0,0
2021,04,SRB.25.9_1,0,0
2021,04,SRB.3.10_1,0,0
2021,04,SRB.3.11_1,0,0
2021,04,SRB.3.12_1,0,0
2021,04,SRB.3.13_1,0.04649851996790312,0.26430264473229903
2021,04,SRB.3.14_1,0,0
2021,04,SRB.3.15_1,0,0
2021,04,SRB.3.16_1,0.04736347111866753,0.28032098683728685
2021,04,SRB.3.17_1,0,0
2021,04,SRB.3.1_1,0,0
2021,04,SRB.3.2_1,0,0
2021,04,SRB.3.3_1,0,0
2021,04,SRB.3.4_1,0,0
2021,04,SRB.3.5_1,0,0
2021,04,SRB.3.6_1,0,0
2021,04,SRB.3.7_1,0.04649851996790312,0.26430264473229903
2021,04,SRB.3.8_1,0.04459374042533476,0.23326710690388497
2021,04,SRB.3.9_1,0,0
2021,04,SRB.4.1_1,0,0
2021,04,SRB.4.2_1,0,0
2021,04,SRB.4.3_1,0,0
2021,04,SRB.4.4_1,0,0
2021,04,SRB.4.5_1,0,0
2021,04,SRB.4.6_1,0,0
2021,04,SRB.5.10_1,0.014401560832700715,0.01902178124967305
2021,04,SRB.5.11_1,0.01363639204510778,0.01701948848654957
2021,04,SRB.5.12_1,0.011002534713045239,0.011012610197179135
2021,04,SRB.5.1_1,0.008146425242220987,0.006006878289370437
2021,04,SRB.5.2_1,0.014401560832700715,0.01902178124967305
2021,04,SRB.5.3_1,0.011002534713045239,0.011012610197179135
2021,04,SRB.5.4_1,0.009397213385583504,0.008009171052493916
2021,04,SRB.5.5_1,0.011002534713045239,0.011012610197179135
2021,04,SRB.5.6_1,0.012822183972324796,0.015017195723426092
2021,04,SRB.5.7_1,0.01476815679786805,0.02002292763123479
2021,04,SRB.5.8_1,0.011485961451070304,0.012013756578740873
2021,04,SRB.5.9_1,0.011485961451070304,0.012013756578740873
2021,04,SRB.6.1_1,0,0
2021,04,SRB.6.2_1,0,0
2021,04,SRB.6.3_1,0,0
2021,04,SRB.6.4_1,0,0
2021,04,SRB.6.5_1,0,0
2021,04,SRB.6.6_1,0,0
2021,04,SRB.6.7_1,0,0
2021,04,SRB.6.8_1,0,0
2021,04,SRB.7.1_1,0,0
2021,04,SRB.7.2_1,0,0
2021,04,SRB.7.3_1,0,0
2021,04,SRB.7.4_1,0.04597761990395543,0.25529232729824336
2021,04,SRB.7.5_1,0.04661085906822175,0.2663049374954225
2021,04,SRB.7.6_1,0.04555468204513626,0.2482843026273113
2021,04,SRB.8.1_1,0.04603675559746315,0.2562934736798051
2021,04,SRB.8.2_1,0.0465548429125667,0.26530379111386077
2021,04,SRB.8.3_1,0.04536853723684018,0.24528086348262595
2021,04,SRB.8.4_1,0.04661085906822175,0.2663049374954225
2021,04,SRB.8.5_1,0.046212263934998575,0.2592969128244903
2021,04,SRB.8.6_1,0.047311638960901674,0.2793198404557251
2021,04,SRB.8.7_1,0.04627013780105145,0.26029805920605203
2021,04,SRB.8.8_1,0.04567713912151993,0.25028659539043463
2021,04,SRB.9.1_1,0,0
2021,04,SRB.9.2_1,0,0
2021,04,SRB.9.3_1,0,0
2021,04,SRB.9.4_1,0,0
2021,04,SVK.1.10_1,0.04418765297206733,0.22726022861451464
2021,04,SVK.1.11_1,0.04376864730876256,0.2212533503251442
2021,04,SVK.1.12_1,0.04439228905340243,0.23026366775919976
2021,04,SVK.1.13_1,0.04304056743489571,0.21124188650952683
2021,04,SVK.1.1_1,0.04154842389192632,0.19222010525985375
2021,04,SVK.1.2_1,0.043626044037591925,0.21925105756202073
2021,04,SVK.1.3_1,0.04043862247515043,0.17920520229955125
2021,04,SVK.1.4_1,0.042035676230689226,0.1982269835492243
2021,04,SVK.1.5_1,0.044726293335661374,0.23526939966700847
2021,04,SVK.1.6_1,0.04567713912151993,0.25028659539043463
2021,04,SVK.1.7_1,0.044987259497169904,0.2392739851932554
2021,04,SVK.1.8_1,0.04445979121542307,0.2312648141407616
2021,04,SVK.1.9_1,0.04390977381324289,0.2232556430882677
2021,04,SVK.2.1_1,0.02845388813713504,0.07909056414337731
2021,04,SVK.2.2_1,0.027440976140519515,0.07308368585400687
2021,04,SVK.2.3_1,0.029729888070230116,0.08709973519587123
2021,04,SVK.2.4_1,0.030188407933196756,0.09010317434055645
2021,04,SVK.2.5_1,0.027953812049207476,0.0760871249986921
2021,04,SVK.2.6_1,0.026374029175873198,0.06707680756463644
2021,04,SVK.2.7_1,0.029418347178213625,0.08509744243274775
2021,04,SVK.2.8_1,0.027953812049207476,0.0760871249986921
2021,04,SVK.3.10_1,0.043262978800244566,0.21424532565421203
2021,04,SVK.3.11_1,0.047466262356118956,0.2823232796004103
2021,04,SVK.3.1_1,0.044726293335661374,0.23526939966700847
2021,04,SVK.3.2_1,0.04627013780105145,0.26029805920605203
2021,04,SVK.3.3_1,0,0
2021,04,SVK.3.4_1,0,0
2021,04,SVK.3.5_1,0,0
2021,04,SVK.3.6_1,0,0
2021,04,SVK.3.7_1,0.045051647362601525,0.24027513157481725
2021,04,SVK.3.8_1,0.04524278549639975,0.24327857071950248
2021,04,SVK.3.9_1,0.045798296918578514,0.25228888815355816
2021,04,SVK.4.1_1,0.044256221568625284,0.2282613749960765
2021,04,SVK.4.2_1,0.04376864730876256,0.2212533503251442
2021,04,SVK.4.3_1,0.041712540845292655,0.19422239802297725
2021,04,SVK.4.4_1,0.04376864730876256,0.2212533503251442
2021,04,SVK.4.5_1,0.04250792216094254,0.20423386183859452
2021,04,SVK.4.6_1,0.044256221568625284,0.2282613749960765
2021,04,SVK.4.7_1,0.04524278549639975,0.24327857071950248
2021,04,SVK.5.10_1,0.04026102337855389,0.17720290953642778
2021,04,SVK.5.11_1,0.044256221568625284,0.2282613749960765
2021,04,SVK.5.12_1,0.04567713912151993,0.25028659539043463
2021,04,SVK.5.13_1,0.04632769918001759,0.26129920558761377
2021,04,SVK.5.1_1,0.04445979121542307,0.2312648141407616
2021,04,SVK.5.2_1,0.0472070967742054,0.27731754769260164
2021,04,SVK.5.3_1,0.041465719305868474,0.19121895887829213
2021,04,SVK.5.4_1,0.04266208930235312,0.20623615460171812
2021,04,SVK.5.5_1,0.04715438479901761,0.2763164013110399
2021,04,SVK.5.6_1,0.04078822742843078,0.18320978782579822
2021,04,SVK.5.7_1,0.04318922658600503,0.21324417927265019
2021,04,SVK.5.8_1,0.043409338315429744,0.2162476184173354
2021,04,SVK.5.9_1,0.046212263934998575,0.2592969128244903
2021,04,SVK.6.1_1,0.044256221568625284,0.2282613749960765
2021,04,SVK.6.2_1,0.04585839180982539,0.2532900345351199
2021,04,SVK.6.3_1,0.043626044037591925,0.21925105756202073
2021,04,SVK.6.4_1,0.04397978772639983,0.22425678946982944
2021,04,SVK.6.5_1,0.044324433047002954,0.22926252137763825
2021,04,SVK.6.6_1,0.04452694114233289,0.23226596052232334
2021,04,SVK.6.7_1,0.044324433047002954,0.22926252137763825
2021,04,SVK.6.8_1,0.04452694114233289,0.23226596052232334
2021,04,SVK.6.9_1,0.04383939426197292,0.22225449670670594
2021,04,SVK.7.1_1,0.01614465573854321,0.024027513157481747
2021,04,SVK.7.2_1,0.01884379912636768,0.033037830591537407
2021,04,SVK.7.3_1,0.017097655461554624,0.027030952302166966
2021,04,SVK.7.4_1,0.017994705920028307,0.030034391446852184
2021,04,SVK.7.5_1,0.01678666453183757,0.026029805920605227
2021,04,SVK.7.6_1,0.017994705920028307,0.030034391446852184
2021,04,SVK.7.7_1,0.01614465573854321,0.024027513157481747
2021,04,SVK.8.10_1,0.04318922658600503,0.21324417927265019
2021,04,SVK.8.11_1,0.044792050057390315,0.2362705460485703
2021,04,SVK.8.1_1,0.04555468204513626,0.2482843026273113
2021,04,SVK.8.2_1,0.04304056743489571,0.21124188650952683
2021,04,SVK.8.3_1,0.04418765297206733,0.22726022861451464
2021,04,SVK.8.4_1,0.04452694114233289,0.23226596052232334
2021,04,SVK.8.5_1,0.04281466175348721,0.2082384473648417
2021,04,SVK.8.6_1,0.043409338315429744,0.2162476184173354
2021,04,SVK.8.7_1,0.041465719305868474,0.19121895887829213
2021,04,SVK.8.8_1,0.04195552353966833,0.19722583716766257
2021,04,SVK.8.9_1,0.04273857379260498,0.20723730098327986
2021,04,SVN.1.10_1,0.044987259497169904,0.2392739851932554
2021,04,SVN.1.11_1,0.04530582780078189,0.24427971710106433
2021,04,SVN.1.12_1,0.04638494923523907,0.2623003519691755
2021,04,SVN.1.13_1,0.04715438479901761,0.2763164013110399
2021,04,SVN.1.14_1,0.04376864730876256,0.2212533503251442
2021,04,SVN.1.15_1,0.046212263934998575,0.2592969128244903
2021,04,SVN.1.16_1,0.04603675559746315,0.2562934736798051
2021,04,SVN.1.17_1,0.045115696693703945,0.24127627795637901
2021,04,SVN.1.1_1,0.043697531169124226,0.22025220394358247
2021,04,SVN.1.2_1,0.04304056743489571,0.21124188650952683
2021,04,SVN.1.3_1,0.04390977381324289,0.2232556430882677
2021,04,SVN.1.4_1,0.04543091518297423,0.24628200986418758
2021,04,SVN.1.5_1,0.04530582780078189,0.24427971710106433
2021,04,SVN.1.6_1,0.04154842389192632,0.19222010525985375
2021,04,SVN.1.7_1,0.04615407640635051,0.25829576644292856
2021,04,SVN.1.8_1,0.043115090126077074,0.21224303289108856
2021,04,SVN.1.9_1,0.04603675559746315,0.2562934736798051
2021,04,SVN.10.10_1,0.04061434909129266,0.18120749506267475
2021,04,SVN.10.11_1,0.04376864730876256,0.2212533503251442
2021,04,SVN.10.12_1,0.04459374042533476,0.23326710690388497
2021,04,SVN.10.13_1,0.04524278549639975,0.24327857071950248
2021,04,SVN.10.14_1,0.04585839180982539,0.2532900345351199
2021,04,SVN.10.15_1,0.046095574027276216,0.25729462006136683
2021,04,SVN.10.16_1,0.04567713912151993,0.25028659539043463
2021,04,SVN.10.17_1,0.04485746232451723,0.23727169243013205
2021,04,SVN.10.18_1,0.04585839180982539,0.2532900345351199
2021,04,SVN.10.19_1,0.045115696693703945,0.24127627795637901
2021,04,SVN.10.1_1,0.04603675559746315,0.2562934736798051
2021,04,SVN.10.20_1,0.04543091518297423,0.24628200986418758
2021,04,SVN.10.21_1,0.04603675559746315,0.2562934736798051
2021,04,SVN.10.22_1,0.04573787978204375,0.2512877417719964
2021,04,SVN.10.23_1,0.04121498995312579,0.18821551973360692
2021,04,SVN.10.24_1,0.04536853723684018,0.24528086348262595
2021,04,SVN.10.25_1,0.04627013780105145,0.26029805920605203
2021,04,SVN.10.26_1,0.04638494923523907,0.2623003519691755
2021,04,SVN.10.27_1,0.04638494923523907,0.2623003519691755
2021,04,SVN.10.28_1,0.044256221568625284,0.2282613749960765
2021,04,SVN.10.29_1,0.04517940893026345,0.24227742433794064
2021,04,SVN.10.2_1,0.04661085906822175,0.2663049374954225
2021,04,SVN.10.30_1,0.04615407640635051,0.25829576644292856
2021,04,SVN.10.31_1,0.04555468204513626,0.2482843026273113
2021,04,SVN.10.32_1,0.04524278549639975,0.24327857071950248
2021,04,SVN.10.3_1,0.04524278549639975,0.24327857071950248
2021,04,SVN.10.4_1,0.044792050057390315,0.2362705460485703
2021,04,SVN.10.5_1,0.04555468204513626,0.2482843026273113
2021,04,SVN.10.6_1,0.044987259497169904,0.2392739851932554
2021,04,SVN.10.7_1,0.044987259497169904,0.2392739851932554
2021,04,SVN.10.8_1,0.04536853723684018,0.24528086348262595
2021,04,SVN.10.9_1,0.044049437744922676,0.22525793585139128
2021,04,SVN.11.1_1,0.0472070967742054,0.27731754769260164
2021,04,SVN.11.2_1,0.04688637628598351,0.2713106694032312
2021,04,SVN.11.3_1,0.04573787978204375,0.2512877417719964
2021,04,SVN.12.1_1,0.04549296300275718,0.24728315624574945
2021,04,SVN.12.2_1,0.04530582780078189,0.24427971710106433
2021,04,SVN.12.3_1,0.04567713912151993,0.25028659539043463
2021,04,SVN.2.10_1,0.047618280612107815,0.2853267187450955
2021,04,SVN.2.11_1,0.046212263934998575,0.2592969128244903
2021,04,SVN.2.12_1,0.047259514502163015,0.2783186940741634
2021,04,SVN.2.1_1,0.0472070967742054,0.27731754769260164
2021,04,SVN.2.2_1,0.04348194947013458,0.21724876479889738
2021,04,SVN.2.3_1,0.04603675559746315,0.2562934736798051
2021,04,SVN.2.4_1,0.04632769918001759,0.26129920558761377
2021,04,SVN.2.5_1,0.04661085906822175,0.2663049374954225
2021,04,SVN.2.6_1,0.04756789576945088,0.2843255723635338
2021,04,SVN.2.7_1,0.04555468204513626,0.2482843026273113
2021,04,SVN.2.8_1,0.04638494923523907,0.2623003519691755
2021,04,SVN.2.9_1,0.048058949641413815,0.2943370361791512
2021,04,SVN.3.10_1,0.04530582780078189,0.24427971710106433
2021,04,SVN.3.11_1,0.04585839180982539,0.2532900345351199
2021,04,SVN.3.12_1,0.045798296918578514,0.25228888815355816
2021,04,SVN.3.13_1,0.04549296300275718,0.24728315624574945
2021,04,SVN.3.14_1,0.04561607364462967,0.24928544900887292
2021,04,SVN.3.15_1,0.04736347111866753,0.28032098683728685
2021,04,SVN.3.16_1,0.04649851996790312,0.26430264473229903
2021,04,SVN.3.1_1,0.04756789576945088,0.2843255723635338
2021,04,SVN.3.2_1,0.04615407640635051,0.25829576644292856
2021,04,SVN.3.3_1,0.04561607364462967,0.24928544900887292
2021,04,SVN.3.4_1,0.0472070967742054,0.27731754769260164
2021,04,SVN.3.5_1,0.04452694114233289,0.23226596052232334
2021,04,SVN.3.6_1,0.04591816572098927,0.2542911809166816
2021,04,SVN.3.7_1,0.04615407640635051,0.25829576644292856
2021,04,SVN.3.8_1,0.046212263934998575,0.2592969128244903
2021,04,SVN.3.9_1,0.04549296300275718,0.24728315624574945
2021,04,SVN.4.10_1,0.04390977381324289,0.2232556430882677
2021,04,SVN.4.11_1,0.04591816572098927,0.2542911809166816
2021,04,SVN.4.12_1,0.04492253164173629,0.23827283881169378
2021,04,SVN.4.1_1,0.04492253164173629,0.23827283881169378
2021,04,SVN.4.2_1,0.04672197542026813,0.26830723025854597
2021,04,SVN.4.3_1,0.044792050057390315,0.2362705460485703
2021,04,SVN.4.4_1,0.0446601906378274,0.23426825328544681
2021,04,SVN.4.5_1,0.044726293335661374,0.23526939966700847
2021,04,SVN.4.6_1,0.044792050057390315,0.2362705460485703
2021,04,SVN.4.7_1,0.04543091518297423,0.24628200986418758
2021,04,SVN.4.8_1,0.04603675559746315,0.2562934736798051
2021,04,SVN.4.9_1,0.045051647362601525,0.24027513157481725
2021,04,SVN.5.1_1,0.0446601906378274,0.23426825328544681
2021,04,SVN.5.2_1,0.04530582780078189,0.24427971710106433
2021,04,SVN.5.3_1,0.04573787978204375,0.2512877417719964
2021,04,SVN.5.4_1,0.04397978772639983,0.22425678946982944
2021,04,SVN.5.5_1,0.04517940893026345,0.24227742433794064
2021,04,SVN.5.6_1,0.04492253164173629,0.23827283881169378
2021,04,SVN.6.1_1,0.04615407640635051,0.25829576644292856
2021,04,SVN.6.2_1,0.04644188911804514,0.2633014983507373
2021,04,SVN.6.3_1,0.04683187772755874,0.27030952302166944
2021,04,SVN.6.4_1,0.04741501193405511,0.2813221332188486
2021,04,SVN.6.5_1,0.04649851996790312,0.26430264473229903
2021,04,SVN.6.6_1,0.04627013780105145,0.26029805920605203
2021,04,SVN.6.7_1,0.046777077792469896,0.2693083766401077
2021,04,SVN.7.10_1,0.04776771860103109,0.2883301578897808
2021,04,SVN.7.11_1,0.044987259497169904,0.2392739851932554
2021,04,SVN.7.12_1,0.046095574027276216,0.25729462006136683
2021,04,SVN.7.13_1,0.044256221568625284,0.2282613749960765
2021,04,SVN.7.14_1,0.04492253164173629,0.23827283881169378
2021,04,SVN.7.15_1,0.04597761990395543,0.25529232729824336
2021,04,SVN.7.16_1,0.04492253164173629,0.23827283881169378
2021,04,SVN.7.17_1,0.044987259497169904,0.2392739851932554
2021,04,SVN.7.18_1,0.04536853723684018,0.24528086348262595
2021,04,SVN.7.19_1,0.04459374042533476,0.23326710690388497
2021,04,SVN.7.1_1,0.046212263934998575,0.2592969128244903
2021,04,SVN.7.20_1,0.04603675559746315,0.2562934736798051
2021,04,SVN.7.21_1,0.04567713912151993,0.25028659539043463
2021,04,SVN.7.22_1,0.04585839180982539,0.2532900345351199
2021,04,SVN.7.23_1,0.04627013780105145,0.26029805920605203
2021,04,SVN.7.24_1,0.04591816572098927,0.2542911809166816
2021,04,SVN.7.2_1,0.04555468204513626,0.2482843026273113
2021,04,SVN.7.3_1,0.04492253164173629,0.23827283881169378
2021,04,SVN.7.4_1,0.04672197542026813,0.26830723025854597
2021,04,SVN.7.5_1,0.04585839180982539,0.2532900345351199
2021,04,SVN.7.6_1,0.04699447346104921,0.27331296216635464
2021,04,SVN.7.7_1,0.04591816572098927,0.2542911809166816
2021,04,SVN.7.8_1,0.04591816572098927,0.2542911809166816
2021,04,SVN.7.9_1,0.0446601906378274,0.23426825328544681
2021,04,SVN.8.10_1,0.04573787978204375,0.2512877417719964
2021,04,SVN.8.11_1,0.04452694114233289,0.23226596052232334
2021,04,SVN.8.12_1,0.04555468204513626,0.2482843026273113
2021,04,SVN.8.13_1,0.045051647362601525,0.24027513157481725
2021,04,SVN.8.14_1,0.04627013780105145,0.26029805920605203
2021,04,SVN.8.15_1,0.044324433047002954,0.22926252137763825
2021,04,SVN.8.16_1,0.04485746232451723,0.23727169243013205
2021,04,SVN.8.17_1,0.04615407640635051,0.25829576644292856
2021,04,SVN.8.18_1,0.044256221568625284,0.2282613749960765
2021,04,SVN.8.19_1,0.0465548429125667,0.26530379111386077
2021,04,SVN.8.1_1,0.04555468204513626,0.2482843026273113
2021,04,SVN.8.20_1,0.04492253164173629,0.23827283881169378
2021,04,SVN.8.21_1,0.04615407640635051,0.25829576644292856
2021,04,SVN.8.22_1,0.04555468204513626,0.2482843026273113
2021,04,SVN.8.23_1,0.04492253164173629,0.23827283881169378
2021,04,SVN.8.24_1,0.04567713912151993,0.25028659539043463
2021,04,SVN.8.25_1,0.04397978772639983,0.22425678946982944
2021,04,SVN.8.26_1,0.04573787978204375,0.2512877417719964
2021,04,SVN.8.27_1,0.04517940893026345,0.24227742433794064
2021,04,SVN.8.28_1,0.04524278549639975,0.24327857071950248
2021,04,SVN.8.29_1,0.04318922658600503,0.21324417927265019
2021,04,SVN.8.2_1,0.044049437744922676,0.22525793585139128
2021,04,SVN.8.30_1,0.04561607364462967,0.24928544900887292
2021,04,SVN.8.31_1,0.04567713912151993,0.25028659539043463
2021,04,SVN.8.32_1,0.0465548429125667,0.26530379111386077
2021,04,SVN.8.33_1,0.04704807414538724,0.2743141085479164
2021,04,SVN.8.34_1,0.04591816572098927,0.2542911809166816
2021,04,SVN.8.3_1,0.045115696693703945,0.24127627795637901
2021,04,SVN.8.4_1,0.0446601906378274,0.23426825328544681
2021,04,SVN.8.5_1,0.046095574027276216,0.25729462006136683
2021,04,SVN.8.6_1,0.044118725592247554,0.2262590822329529
2021,04,SVN.8.7_1,0.04649851996790312,0.26430264473229903
2021,04,SVN.8.8_1,0.04492253164173629,0.23827283881169378
2021,04,SVN.8.9_1,0.044256221568625284,0.2282613749960765
2021,04,SVN.9.10_1,0.04638494923523907,0.2623003519691755
2021,04,SVN.9.11_1,0.04304056743489571,0.21124188650952683
2021,04,SVN.9.12_1,0.0446601906378274,0.23426825328544681
2021,04,SVN.9.13_1,0.044792050057390315,0.2362705460485703
2021,04,SVN.9.14_1,0.046777077792469896,0.2693083766401077
2021,04,SVN.9.15_1,0.045798296918578514,0.25228888815355816
2021,04,SVN.9.16_1,0.04258520614619067,0.2052350082201564
2021,04,SVN.9.17_1,0.04452694114233289,0.23226596052232334
2021,04,SVN.9.18_1,0.04355418408739656,0.2182499111804589
2021,04,SVN.9.19_1,0.044987259497169904,0.2392739851932554
2021,04,SVN.9.1_1,0.044987259497169904,0.2392739851932554
2021,04,SVN.9.20_1,0.044792050057390315,0.2362705460485703
2021,04,SVN.9.21_1,0.04543091518297423,0.24628200986418758
2021,04,SVN.9.22_1,0.04603675559746315,0.2562934736798051
2021,04,SVN.9.23_1,0.044256221568625284,0.2282613749960765
2021,04,SVN.9.24_1,0.04561607364462967,0.24928544900887292
2021,04,SVN.9.25_1,0.045115696693703945,0.24127627795637901
2021,04,SVN.9.26_1,0.045798296918578514,0.25228888815355816
2021,04,SVN.9.2_1,0.04555468204513626,0.2482843026273113
2021,04,SVN.9.3_1,0.044987259497169904,0.2392739851932554
2021,04,SVN.9.4_1,0.04549296300275718,0.24728315624574945
2021,04,SVN.9.5_1,0.04597761990395543,0.25529232729824336
2021,04,SVN.9.6_1,0.045798296918578514,0.25228888815355816
2021,04,SVN.9.7_1,0.04397978772639983,0.22425678946982944
2021,04,SVN.9.8_1,0.0446601906378274,0.23426825328544681
2021,04,SVN.9.9_1,0.04445979121542307,0.2312648141407616
2021,04,SWE.1.3_1,0,0
2021,04,SWE.10.12_1,0,0
2021,04,SWE.10.13_1,0,0
2021,04,SWE.10.6_1,0,0
2021,04,SWE.10.9_1,0,0
2021,04,SWE.11.10_1,0,0
2021,04,SWE.11.12_1,0,0
2021,04,SWE.11.1_1,0,0
2021,04,SWE.11.2_1,0,0
2021,04,SWE.11.3_1,0,0
2021,04,SWE.11.5_1,0,0
2021,04,SWE.11.7_1,0,0
2021,04,SWE.11.9_1,0,0
2021,04,SWE.12.11_1,0,0
2021,04,SWE.12.7_1,0,0
2021,04,SWE.12.9_1,0,0
2021,04,SWE.13.10_1,0,0
2021,04,SWE.13.11_1,0,0
2021,04,SWE.13.12_1,0,0
2021,04,SWE.13.13_1,0,0
2021,04,SWE.13.14_1,0,0
2021,04,SWE.13.15_1,0,0
2021,04,SWE.13.16_1,0,0
2021,04,SWE.13.17_1,0,0
2021,04,SWE.13.18_1,0,0
2021,04,SWE.13.19_1,0,0
2021,04,SWE.13.1_1,0,0
2021,04,SWE.13.20_1,0,0
2021,04,SWE.13.21_1,0,0
2021,04,SWE.13.22_1,0,0
2021,04,SWE.13.23_1,0,0
2021,04,SWE.13.24_1,0,0
2021,04,SWE.13.25_1,0,0
2021,04,SWE.13.26_1,0,0
2021,04,SWE.13.27_1,0,0
2021,04,SWE.13.28_1,0,0
2021,04,SWE.13.29_1,0,0
2021,04,SWE.13.2_1,0,0
2021,04,SWE.13.30_1,0,0
2021,04,SWE.13.31_1,0,0
2021,04,SWE.13.32_1,0,0
2021,04,SWE.13.33_1,0,0
2021,04,SWE.13.3_1,0,0
2021,04,SWE.13.4_1,0,0
2021,04,SWE.13.5_1,0,0
2021,04,SWE.13.6_1,0,0
2021,04,SWE.13.7_1,0,0
2021,04,SWE.13.8_1,0,0
2021,04,SWE.13.9_1,0,0
2021,04,SWE.14.1_1,0,0
2021,04,SWE.14.3_1,0,0
2021,04,SWE.14.7_1,0,0
2021,04,SWE.14.8_1,0,0
2021,04,SWE.15.10_1,0,0
2021,04,SWE.15.11_1,0,0
2021,04,SWE.15.12_1,0,0
2021,04,SWE.15.13_1,0,0
2021,04,SWE.15.14_1,0,0
2021,04,SWE.15.15_1,0,0
2021,04,SWE.15.16_1,0,0
2021,04,SWE.15.17_1,0,0
2021,04,SWE.15.18_1,0,0
2021,04,SWE.15.19_1,0,0
2021,04,SWE.15.1_1,0,0
2021,04,SWE.15.20_1,0,0
2021,04,SWE.15.21_1,0,0
2021,04,SWE.15.22_1,0,0
2021,04,SWE.15.23_1,0,0
2021,04,SWE.15.24_1,0,0
2021,04,SWE.15.25_1,0,0
2021,04,SWE.15.26_1,0,0
2021,04,SWE.15.2_1,0,0
2021,04,SWE.15.3_1,0,0
2021,04,SWE.15.4_1,0,0
2021,04,SWE.15.5_1,0,0
2021,04,SWE.15.6_1,0,0
2021,04,SWE.15.7_1,0,0
2021,04,SWE.15.8_1,0,0
2021,04,SWE.15.9_1,0,0
2021,04,SWE.16.1_1,0,0
2021,04,SWE.16.2_1,0,0
2021,04,SWE.16.3_1,0,0
2021,04,SWE.16.4_1,0,0
2021,04,SWE.16.5_1,0,0
2021,04,SWE.16.6_1,0,0
2021,04,SWE.16.7_1,0,0
2021,04,SWE.17.10_1,0,0
2021,04,SWE.17.11_1,0,0
2021,04,SWE.17.12_1,0,0
2021,04,SWE.17.13_1,0,0
2021,04,SWE.17.14_1,0,0
2021,04,SWE.17.15_1,0,0
2021,04,SWE.17.16_1,0,0
2021,04,SWE.17.1_1,0,0
2021,04,SWE.17.2_1,0,0
2021,04,SWE.17.3_1,0,0
2021,04,SWE.17.4_1,0,0
2021,04,SWE.17.5_1,0,0
2021,04,SWE.17.6_1,0,0
2021,04,SWE.17.7_1,0,0
2021,04,SWE.17.8_1,0,0
2021,04,SWE.17.9_1,0,0
2021,04,SWE.19.1_1,0,0
2021,04,SWE.19.6_1,0,0
2021,04,SWE.2.10_1,0,0
2021,04,SWE.2.11_1,0,0
2021,04,SWE.2.12_1,0,0
2021,04,SWE.2.13_1,0,0
2021,04,SWE.2.14_1,0,0
2021,04,SWE.2.15_1,0,0
2021,04,SWE.2.1_1,0,0
2021,04,SWE.2.2_1,0,0
2021,04,SWE.2.3_1,0,0
2021,04,SWE.2.4_1,0,0
2021,04,SWE.2.5_1,0,0
2021,04,SWE.2.6_1,0,0
2021,04,SWE.2.7_1,0,0
2021,04,SWE.2.8_1,0,0
2021,04,SWE.2.9_1,0,0
2021,04,SWE.20.10_1,0,0
2021,04,SWE.20.11_1,0,0
2021,04,SWE.20.1_1,0,0
2021,04,SWE.20.2_1,0,0
2021,04,SWE.20.3_1,0,0
2021,04,SWE.20.4_1,0,0
2021,04,SWE.20.5_1,0,0
2021,04,SWE.20.6_1,0,0
2021,04,SWE.20.7_1,0,0
2021,04,SWE.20.8_1,0,0
2021,04,SWE.20.9_1,0,0
2021,04,SWE.21.10_1,0,0
2021,04,SWE.21.11_1,0,0
2021,04,SWE.21.12_1,0,0
2021,04,SWE.21.13_1,0,0
2021,04,SWE.21.14_1,0,0
2021,04,SWE.21.15_1,0,0
2021,04,SWE.21.16_1,0,0
2021,04,SWE.21.17_1,0,0
2021,04,SWE.21.18_1,0,0
2021,04,SWE.21.19_1,0,0
2021,04,SWE.21.1_1,0,0
2021,04,SWE.21.20_1,0,0
2021,04,SWE.21.21_1,0,0
2021,04,SWE.21.22_1,0,0
2021,04,SWE.21.23_1,0,0
2021,04,SWE.21.24_1,0,0
2021,04,SWE.21.25_1,0,0
2021,04,SWE.21.26_1,0,0
2021,04,SWE.21.27_1,0,0
2021,04,SWE.21.28_1,0,0
2021,04,SWE.21.29_1,0,0
2021,04,SWE.21.2_1,0,0
2021,04,SWE.21.30_1,0,0
2021,04,SWE.21.32_1,0,0
2021,04,SWE.21.33_1,0,0
2021,04,SWE.21.34_1,0,0
2021,04,SWE.21.35_1,0,0
2021,04,SWE.21.36_1,0,0
2021,04,SWE.21.37_1,0,0
2021,04,SWE.21.38_1,0,0
2021,04,SWE.21.39_1,0,0
2021,04,SWE.21.3_1,0,0
2021,04,SWE.21.40_1,0,0
2021,04,SWE.21.41_1,0,0
2021,04,SWE.21.42_1,0,0
2021,04,SWE.21.43_1,0,0
2021,04,SWE.21.44_1,0,0
2021,04,SWE.21.45_1,0,0
2021,04,SWE.21.46_1,0,0
2021,04,SWE.21.47_1,0,0
2021,04,SWE.21.48_1,0,0
2021,04,SWE.21.49_1,0,0
2021,04,SWE.21.4_1,0,0
2021,04,SWE.21.50_1,0,0
2021,04,SWE.21.51_1,0,0
2021,04,SWE.21.5_1,0,0
2021,04,SWE.21.6_1,0,0
2021,04,SWE.21.7_1,0,0
2021,04,SWE.21.8_1,0,0
2021,04,SWE.21.9_1,0,0
2021,04,SWE.3.10_1,0,0
2021,04,SWE.3.1_1,0,0
2021,04,SWE.3.2_1,0,0
2021,04,SWE.3.3_1,0,0
2021,04,SWE.3.4_1,0,0
2021,04,SWE.3.5_1,0,0
2021,04,SWE.3.6_1,0,0
2021,04,SWE.3.7_1,0,0
2021,04,SWE.3.8_1,0,0
2021,04,SWE.3.9_1,0,0
2021,04,SWE.5.1_1,0,0
2021,04,SWE.5.4_1,0,0
2021,04,SWE.5.5_1,0,0
2021,04,SWE.5.6_1,0,0
2021,04,SWE.6.4_1,0,0
2021,04,SWE.7.3_1,0,0
2021,04,SWE.9.1_1,0,0
2021,04,SWE.9.5_1,0,0
2021,04,TUR.1.10_1,0,0
2021,04,TUR.1.11_1,0,0
2021,04,TUR.1.12_1,0,0
2021,04,TUR.1.13_1,0,0
2021,04,TUR.1.1_1,0,0
2021,04,TUR.1.2_1,0,0
2021,04,TUR.1.3_1,0,0
2021,04,TUR.1.4_1,0,0
2021,04,TUR.1.5_1,0,0
2021,04,TUR.1.6_1,0,0
2021,04,TUR.1.7_1,0,0
2021,04,TUR.1.8_1,0,0
2021,04,TUR.1.9_1,0,0
2021,04,TUR.10.1_1,0,0
2021,04,TUR.10.2_1,0,0
2021,04,TUR.10.3_1,0,0
2021,04,TUR.10.4_1,0,0
2021,04,TUR.10.5_1,0,0
2021,04,TUR.10.6_1,0,0
2021,04,TUR.10.7_1,0,0
2021,04,TUR.10.8_1,0,0
2021,04,TUR.11.10_1,0,0
2021,04,TUR.11.11_1,0,0
2021,04,TUR.11.12_1,0,0
2021,04,TUR.11.13_1,0,0
2021,04,TUR.11.14_1,0,0
2021,04,TUR.11.15_1,0,0
2021,04,TUR.11.16_1,0,0
2021,04,TUR.11.17_1,0,0
2021,04,TUR.11.1_1,0,0
2021,04,TUR.11.3_1,0,0
2021,04,TUR.11.4_1,0,0
2021,04,TUR.11.5_1,0,0
2021,04,TUR.11.6_1,0,0
2021,04,TUR.11.7_1,0,0
2021,04,TUR.11.8_1,0,0
2021,04,TUR.11.9_1,0,0
2021,04,TUR.12.10_1,0,0
2021,04,TUR.12.11_1,0,0
2021,04,TUR.12.12_1,0,0
2021,04,TUR.12.13_1,0,0
2021,04,TUR.12.14_1,0,0
2021,04,TUR.12.15_1,0,0
2021,04,TUR.12.16_1,0,0
2021,04,TUR.12.17_1,0,0
2021,04,TUR.12.18_1,0,0
2021,04,TUR.12.19_1,0,0
2021,04,TUR.12.1_1,0,0
2021,04,TUR.12.2_1,0,0
2021,04,TUR.12.3_1,0,0
2021,04,TUR.12.4_1,0,0
2021,04,TUR.12.5_1,0,0
2021,04,TUR.12.6_1,0,0
2021,04,TUR.12.7_1,0,0
2021,04,TUR.12.8_1,0,0
2021,04,TUR.12.9_1,0,0
2021,04,TUR.14.1_1,0,0
2021,04,TUR.14.2_1,0,0
2021,04,TUR.14.3_1,0,0
2021,04,TUR.14.4_1,0,0
2021,04,TUR.14.5_1,0,0
2021,04,TUR.14.6_1,0,0
2021,04,TUR.15.2_1,0,0
2021,04,TUR.15.3_1,0,0
2021,04,TUR.16.2_1,0,0
2021,04,TUR.16.5_1,0,0
2021,04,TUR.17.2_1,0,0
2021,04,TUR.17.6_1,0,0
2021,04,TUR.17.8_1,0,0
2021,04,TUR.18.1_1,0,0
2021,04,TUR.18.5_1,0,0
2021,04,TUR.18.6_1,0,0
2021,04,TUR.19.2_1,0,0
2021,04,TUR.19.3_1,0,0
2021,04,TUR.19.4_1,0,0
2021,04,TUR.2.1_1,0,0
2021,04,TUR.2.2_1,0,0
2021,04,TUR.2.3_1,0,0
2021,04,TUR.2.4_1,0,0
2021,04,TUR.2.5_1,0,0
2021,04,TUR.2.6_1,0,0
2021,04,TUR.2.7_1,0,0
2021,04,TUR.2.8_1,0,0
2021,04,TUR.2.9_1,0,0
2021,04,TUR.20.2_1,0,0
2021,04,TUR.20.3_1,0,0
2021,04,TUR.20.4_1,0,0
2021,04,TUR.20.8_1,0,0
2021,04,TUR.21.11_1,0,0
2021,04,TUR.21.14_1,0,0
2021,04,TUR.21.1_1,0,0
2021,04,TUR.21.4_1,0,0
2021,04,TUR.21.6_1,0,0
2021,04,TUR.21.7_1,0,0
2021,04,TUR.22.10_1,0,0
2021,04,TUR.22.11_1,0,0
2021,04,TUR.22.12_1,0,0
2021,04,TUR.22.1_1,0,0
2021,04,TUR.22.2_1,0,0
2021,04,TUR.22.3_1,0,0
2021,04,TUR.22.5_1,0,0
2021,04,TUR.22.6_1,0,0
2021,04,TUR.22.7_1,0,0
2021,04,TUR.22.8_1,0,0
2021,04,TUR.22.9_1,0,0
2021,04,TUR.23.10_1,0,0
2021,04,TUR.23.11_1,0,0
2021,04,TUR.23.4_1,0,0
2021,04,TUR.23.9_1,0,0
2021,04,TUR.25.15_1,0,0
2021,04,TUR.26.10_1,0,0
2021,04,TUR.26.11_1,0,0
2021,04,TUR.26.12_1,0,0
2021,04,TUR.26.13_1,0,0
2021,04,TUR.26.14_1,0,0
2021,04,TUR.26.1_1,0,0
2021,04,TUR.26.2_1,0,0
2021,04,TUR.26.3_1,0,0
2021,04,TUR.26.4_1,0,0
2021,04,TUR.26.5_1,0,0
2021,04,TUR.26.6_1,0,0
2021,04,TUR.26.7_1,0,0
2021,04,TUR.26.8_1,0,0
2021,04,TUR.26.9_1,0,0
2021,04,TUR.27.1_1,0,0
2021,04,TUR.28.2_1,0,0
2021,04,TUR.28.4_1,0,0
2021,04,TUR.28.5_1,0,0
2021,04,TUR.28.7_1,0,0
2021,04,TUR.28.8_1,0,0
2021,04,TUR.28.9_1,0,0
2021,04,TUR.29.1_1,0,0
2021,04,TUR.30.1_1,0,0
2021,04,TUR.30.2_1,0,0
2021,04,TUR.30.3_1,0,0
2021,04,TUR.30.4_1,0,0
2021,04,TUR.30.5_1,0,0
2021,04,TUR.30.6_1,0,0
2021,04,TUR.30.7_1,0,0
2021,04,TUR.30.8_1,0,0
2021,04,TUR.30.9_1,0,0
2021,04,TUR.31.13_1,0,0
2021,04,TUR.31.15_1,0,0
2021,04,TUR.31.16_1,0,0
2021,04,TUR.31.19_1,0,0
2021,04,TUR.31.1_1,0,0
2021,04,TUR.31.2_1,0,0
2021,04,TUR.31.4_1,0,0
2021,04,TUR.31.6_1,0,0
2021,04,TUR.31.8_1,0,0
2021,04,TUR.32.10_1,0,0
2021,04,TUR.32.11_1,0,0
2021,04,TUR.32.13_1,0,0
2021,04,TUR.32.4_1,0,0
2021,04,TUR.32.8_1,0,0
2021,04,TUR.33.1_1,0,0
2021,04,TUR.33.2_1,0,0
2021,04,TUR.33.3_1,0,0
2021,04,TUR.33.4_1,0,0
2021,04,TUR.33.5_1,0,0
2021,04,TUR.33.6_1,0,0
2021,04,TUR.33.7_1,0,0
2021,04,TUR.33.8_1,0,0
2021,04,TUR.33.9_1,0,0
2021,04,TUR.34.10_1,0,0
2021,04,TUR.34.11_1,0,0
2021,04,TUR.34.12_1,0,0
2021,04,TUR.34.13_1,0,0
2021,04,TUR.34.14_1,0,0
2021,04,TUR.34.15_1,0,0
2021,04,TUR.34.16_1,0,0
2021,04,TUR.34.1_1,0,0
2021,04,TUR.34.2_1,0,0
2021,04,TUR.34.3_1,0,0
2021,04,TUR.34.4_1,0,0
2021,04,TUR.34.5_1,0,0
2021,04,TUR.34.6_1,0,0
2021,04,TUR.34.7_1,0,0
2021,04,TUR.34.8_1,0,0
2021,04,TUR.34.9_1,0,0
2021,04,TUR.35.1_1,0,0
2021,04,TUR.35.3_1,0,0
2021,04,TUR.35.4_1,0,0
2021,04,TUR.35.5_1,0,0
2021,04,TUR.35.6_1,0,0
2021,04,TUR.36.2_1,0,0
2021,04,TUR.37.10_1,0,0
2021,04,TUR.37.11_1,0,0
2021,04,TUR.37.12_1,0,0
2021,04,TUR.37.1_1,0,0
2021,04,TUR.37.2_1,0,0
2021,04,TUR.37.3_1,0,0
2021,04,TUR.37.4_1,0,0
2021,04,TUR.37.5_1,0,0
2021,04,TUR.37.6_1,0,0
2021,04,TUR.37.7_1,0,0
2021,04,TUR.37.8_1,0,0
2021,04,TUR.37.9_1,0,0
2021,04,TUR.38.1_1,0,0
2021,04,TUR.38.2_1,0,0
2021,04,TUR.38.3_1,0,0
2021,04,TUR.38.4_1,0,0
2021,04,TUR.39.10_1,0,0
2021,04,TUR.4.1_1,0,0
2021,04,TUR.4.2_1,0,0
2021,04,TUR.4.3_1,0,0
2021,04,TUR.4.4_1,0,0
2021,04,TUR.4.5_1,0,0
2021,04,TUR.4.6_1,0,0
2021,04,TUR.4.7_1,0,0
2021,04,TUR.4.8_1,0,0
2021,04,TUR.40.11_1,0,0
2021,04,TUR.40.12_1,0,0
2021,04,TUR.40.14_1,0,0
2021,04,TUR.40.15_1,0,0
2021,04,TUR.40.16_1,0,0
2021,04,TUR.40.17_1,0,0
2021,04,TUR.40.18_1,0,0
2021,04,TUR.40.19_1,0,0
2021,04,TUR.40.23_1,0,0
2021,04,TUR.40.25_1,0,0
2021,04,TUR.40.26_1,0,0
2021,04,TUR.40.27_1,0,0
2021,04,TUR.40.28_1,0,0
2021,04,TUR.40.29_1,0,0
2021,04,TUR.40.2_1,0,0
2021,04,TUR.40.31_1,0,0
2021,04,TUR.40.33_1,0,0
2021,04,TUR.40.34_1,0,0
2021,04,TUR.40.35_1,0,0
2021,04,TUR.40.36_1,0,0
2021,04,TUR.40.37_1,0,0
2021,04,TUR.40.39_1,0,0
2021,04,TUR.40.3_1,0,0
2021,04,TUR.40.4_1,0,0
2021,04,TUR.40.5_1,0,0
2021,04,TUR.40.6_1,0,0
2021,04,TUR.40.7_1,0,0
2021,04,TUR.40.8_1,0,0
2021,04,TUR.41.10_1,0,0
2021,04,TUR.41.11_1,0,0
2021,04,TUR.41.12_1,0,0
2021,04,TUR.41.13_1,0,0
2021,04,TUR.41.14_1,0,0
2021,04,TUR.41.15_1,0,0
2021,04,TUR.41.16_1,0,0
2021,04,TUR.41.17_1,0,0
2021,04,TUR.41.18_1,0,0
2021,04,TUR.41.19_1,0,0
2021,04,TUR.41.1_1,0,0
2021,04,TUR.41.20_1,0,0
2021,04,TUR.41.21_1,0,0
2021,04,TUR.41.22_1,0,0
2021,04,TUR.41.23_1,0,0
2021,04,TUR.41.24_1,0,0
2021,04,TUR.41.25_1,0,0
2021,04,TUR.41.26_1,0,0
2021,04,TUR.41.27_1,0,0
2021,04,TUR.41.28_1,0,0
2021,04,TUR.41.2_1,0,0
2021,04,TUR.41.3_1,0,0
2021,04,TUR.41.4_1,0,0
2021,04,TUR.41.5_1,0,0
2021,04,TUR.41.6_1,0,0
2021,04,TUR.41.7_1,0,0
2021,04,TUR.41.8_1,0,0
2021,04,TUR.41.9_1,0,0
2021,04,TUR.42.10_1,0,0
2021,04,TUR.42.1_1,0,0
2021,04,TUR.42.2_1,0,0
2021,04,TUR.42.3_1,0,0
2021,04,TUR.42.4_1,0,0
2021,04,TUR.42.5_1,0,0
2021,04,TUR.42.6_1,0,0
2021,04,TUR.42.7_1,0,0
2021,04,TUR.42.8_1,0,0
2021,04,TUR.42.9_1,0,0
2021,04,TUR.44.3_1,0,0
2021,04,TUR.44.5_1,0,0
2021,04,TUR.44.6_1,0,0
2021,04,TUR.45.1_1,0,0
2021,04,TUR.45.2_1,0,0
2021,04,TUR.45.3_1,0,0
2021,04,TUR.45.4_1,0,0
2021,04,TUR.45.5_1,0,0
2021,04,TUR.45.6_1,0,0
2021,04,TUR.45.7_1,0,0
2021,04,TUR.45.8_1,0,0
2021,04,TUR.47.3_1,0,0
2021,04,TUR.48.1_1,0,0
2021,04,TUR.48.2_1,0,0
2021,04,TUR.48.3_1,0,0
2021,04,TUR.48.4_1,0,0
2021,04,TUR.49.1_1,0,0
2021,04,TUR.49.3_1,0,0
2021,04,TUR.49.5_1,0,0
2021,04,TUR.5.1_1,0,0
2021,04,TUR.5.5_1,0,0
2021,04,TUR.50.1_1,0,0
2021,04,TUR.50.2_1,0,0
2021,04,TUR.50.3_1,0,0
2021,04,TUR.50.4_1,0,0
2021,04,TUR.50.5_1,0,0
2021,04,TUR.50.6_1,0,0
2021,04,TUR.50.7_1,0,0
2021,04,TUR.50.8_1,0,0
2021,04,TUR.51.5_1,0,0
2021,04,TUR.52.1_1,0,0
2021,04,TUR.52.2_1,0,0
2021,04,TUR.52.3_1,0,0
2021,04,TUR.52.4_1,0,0
2021,04,TUR.52.5_1,0,0
2021,04,TUR.52.6_1,0,0
2021,04,TUR.52.7_1,0,0
2021,04,TUR.53.11_1,0,0
2021,04,TUR.53.16_1,0,0
2021,04,TUR.53.17_1,0,0
2021,04,TUR.53.23_1,0,0
2021,04,TUR.53.27_1,0,0
2021,04,TUR.53.31_1,0,0
2021,04,TUR.53.7_1,0,0
2021,04,TUR.53.8_1,0,0
2021,04,TUR.55.12_1,0,0
2021,04,TUR.55.14_1,0,0
2021,04,TUR.55.5_1,0,0
2021,04,TUR.55.6_1,0,0
2021,04,TUR.56.10_1,0,0
2021,04,TUR.56.15_1,0,0
2021,04,TUR.56.16_1,0,0
2021,04,TUR.56.1_1,0,0
2021,04,TUR.56.4_1,0,0
2021,04,TUR.56.6_1,0,0
2021,04,TUR.56.7_1,0,0
2021,04,TUR.57.10_1,0,0
2021,04,TUR.57.1_1,0,0
2021,04,TUR.57.2_1,0,0
2021,04,TUR.57.3_1,0,0
2021,04,TUR.57.4_1,0,0
2021,04,TUR.57.5_1,0,0
2021,04,TUR.57.6_1,0,0
2021,04,TUR.57.7_1,0,0
2021,04,TUR.57.8_1,0,0
2021,04,TUR.57.9_1,0,0
2021,04,TUR.58.10_1,0,0
2021,04,TUR.58.1_1,0,0
2021,04,TUR.58.2_1,0,0
2021,04,TUR.58.3_1,0,0
2021,04,TUR.58.4_1,0,0
2021,04,TUR.58.5_1,0,0
2021,04,TUR.58.6_1,0,0
2021,04,TUR.58.7_1,0,0
2021,04,TUR.58.8_1,0,0
2021,04,TUR.58.9_1,0,0
2021,04,TUR.59.12_1,0,0
2021,04,TUR.59.4_1,0,0
2021,04,TUR.59.5_1,0,0
2021,04,TUR.59.8_1,0,0
2021,04,TUR.59.9_1,0,0
2021,04,TUR.60.4_1,0,0
2021,04,TUR.60.5_1,0,0
2021,04,TUR.62.3_1,0,0
2021,04,TUR.62.6_1,0,0
2021,04,TUR.63.10_1,0,0
2021,04,TUR.63.14_1,0,0
2021,04,TUR.63.15_1,0,0
2021,04,TUR.63.7_1,0,0
2021,04,TUR.64.1_1,0,0
2021,04,TUR.64.2_1,0,0
2021,04,TUR.64.3_1,0,0
2021,04,TUR.64.4_1,0,0
2021,04,TUR.64.5_1,0,0
2021,04,TUR.64.6_1,0,0
2021,04,TUR.64.7_1,0,0
2021,04,TUR.65.10_1,0,0
2021,04,TUR.65.11_1,0,0
2021,04,TUR.65.12_1,0,0
2021,04,TUR.65.1_1,0,0
2021,04,TUR.65.2_1,0,0
2021,04,TUR.65.3_1,0,0
2021,04,TUR.65.4_1,0,0
2021,04,TUR.65.5_1,0,0
2021,04,TUR.65.6_1,0,0
2021,04,TUR.65.7_1,0,0
2021,04,TUR.65.8_1,0,0
2021,04,TUR.65.9_1,0,0
2021,04,TUR.66.10_1,0,0
2021,04,TUR.66.11_1,0,0
2021,04,TUR.66.12_1,0,0
2021,04,TUR.66.13_1,0,0
2021,04,TUR.66.1_1,0,0
2021,04,TUR.66.2_1,0,0
2021,04,TUR.66.3_1,0,0
2021,04,TUR.66.4_1,0,0
2021,04,TUR.66.5_1,0,0
2021,04,TUR.66.6_1,0,0
2021,04,TUR.66.7_1,0,0
2021,04,TUR.66.8_1,0,0
2021,04,TUR.66.9_1,0,0
2021,04,TUR.68.10_1,0,0
2021,04,TUR.68.11_1,0,0
2021,04,TUR.68.1_1,0,0
2021,04,TUR.68.2_1,0,0
2021,04,TUR.68.3_1,0,0
2021,04,TUR.68.4_1,0,0
2021,04,TUR.68.5_1,0,0
2021,04,TUR.68.6_1,0,0
2021,04,TUR.68.7_1,0,0
2021,04,TUR.68.8_1,0,0
2021,04,TUR.68.9_1,0,0
2021,04,TUR.69.1_1,0,0
2021,04,TUR.69.2_1,0,0
2021,04,TUR.69.3_1,0,0
2021,04,TUR.69.4_1,0,0
2021,04,TUR.69.5_1,0,0
2021,04,TUR.69.6_1,0,0
2021,04,TUR.69.7_1,0,0
2021,04,TUR.7.10_1,0,0
2021,04,TUR.7.11_1,0,0
2021,04,TUR.7.12_1,0,0
2021,04,TUR.7.13_1,0,0
2021,04,TUR.7.14_1,0,0
2021,04,TUR.7.15_1,0,0
2021,04,TUR.7.16_1,0,0
2021,04,TUR.7.17_1,0,0
2021,04,TUR.7.18_1,0,0
2021,04,TUR.7.19_1,0,0
2021,04,TUR.7.1_1,0,0
2021,04,TUR.7.20_1,0,0
2021,04,TUR.7.21_1,0,0
2021,04,TUR.7.22_1,0,0
2021,04,TUR.7.23_1,0,0
2021,04,TUR.7.24_1,0,0
2021,04,TUR.7.2_1,0,0
2021,04,TUR.7.3_1,0,0
2021,04,TUR.7.4_1,0,0
2021,04,TUR.7.5_1,0,0
2021,04,TUR.7.6_1,0,0
2021,04,TUR.7.7_1,0,0
2021,04,TUR.7.8_1,0,0
2021,04,TUR.7.9_1,0,0
2021,04,TUR.71.1_1,0,0
2021,04,TUR.71.2_1,0,0
2021,04,TUR.71.3_1,0,0
2021,04,TUR.71.4_1,0,0
2021,04,TUR.71.5_1,0,0
2021,04,TUR.71.6_1,0,0
2021,04,TUR.71.7_1,0,0
2021,04,TUR.72.11_1,0,0
2021,04,TUR.72.14_1,0,0
2021,04,TUR.72.1_1,0,0
2021,04,TUR.72.3_1,0,0
2021,04,TUR.72.6_1,0,0
2021,04,TUR.72.9_1,0,0
2021,04,TUR.73.1_1,0,0
2021,04,TUR.73.2_1,0,0
2021,04,TUR.73.3_1,0,0
2021,04,TUR.73.5_1,0,0
2021,04,TUR.73.8_1,0,0
2021,04,TUR.75.10_1,0,0
2021,04,TUR.75.11_1,0,0
2021,04,TUR.75.12_1,0,0
2021,04,TUR.75.13_1,0,0
2021,04,TUR.75.14_1,0,0
2021,04,TUR.75.15_1,0,0
2021,04,TUR.75.16_1,0,0
2021,04,TUR.75.17_1,0,0
2021,04,TUR.75.18_1,0,0
2021,04,TUR.75.1_1,0,0
2021,04,TUR.75.2_1,0,0
2021,04,TUR.75.3_1,0,0
2021,04,TUR.75.4_1,0,0
2021,04,TUR.75.5_1,0,0
2021,04,TUR.75.6_1,0,0
2021,04,TUR.75.7_1,0,0
2021,04,TUR.75.8_1,0,0
2021,04,TUR.75.9_1,0,0
2021,04,TUR.76.1_1,0,0
2021,04,TUR.76.6_1,0,0
2021,04,TUR.76.8_1,0,0
2021,04,TUR.78.10_1,0,0
2021,04,TUR.78.3_1,0,0
2021,04,TUR.78.4_1,0,0
2021,04,TUR.78.6_1,0,0
2021,04,TUR.79.1_1,0,0
2021,04,TUR.8.10_1,0,0
2021,04,TUR.8.11_1,0,0
2021,04,TUR.8.12_1,0,0
2021,04,TUR.8.13_1,0,0
2021,04,TUR.8.14_1,0,0
2021,04,TUR.8.15_1,0,0
2021,04,TUR.8.1_1,0,0
2021,04,TUR.8.2_1,0,0
2021,04,TUR.8.3_1,0,0
2021,04,TUR.8.4_1,0,0
2021,04,TUR.8.5_1,0,0
2021,04,TUR.8.6_1,0,0
2021,04,TUR.8.7_1,0,0
2021,04,TUR.8.8_1,0,0
2021,04,TUR.8.9_1,0,0
2021,04,TUR.9.1_1,0,0
2021,04,TUR.9.2_1,0,0
2021,04,TUR.9.3_1,0,0
2021,04,TUR.9.4_1,0,0
2021,04,TUR.9.5_1,0,0
2021,04,TUR.9.6_1,0,0
2021,04,UKR.14.19_1,0.044324433047002954,0.22926252137763825
2021,04,UKR.14.22_1,0.04439228905340243,0.23026366775919976
2021,04,UKR.17.11_1,0,0
2021,04,UKR.17.12_1,0,0
2021,04,UKR.17.22_1,0,0
2021,04,UKR.23.11_1,0,0
2021,04,UKR.23.12_1,0,0
2021,04,UKR.23.13_1,0.04699447346104921,0.27331296216635464
2021,04,UKR.23.15_1,0.046095574027276216,0.25729462006136683
2021,04,UKR.23.1_1,0.0479146004652179,0.2913335970344659
2021,04,UKR.23.7_1,0,0
2021,04,UKR.25.16_1,0,0
2021,04,UKR.3.6_1,0,0
2021,04,XAD.1_1,0,0
2021,04,XAD.2_1,0,0
2021,04,XKO.1.1_1,0,0
2021,04,XKO.1.2_1,0,0
2021,04,XKO.1.3_1,0,0
2021,04,XKO.2.1_1,0,0
2021,04,XKO.2.2_1,0,0
2021,04,XKO.2.3_1,0,0
2021,04,XKO.3.1_1,0,0
2021,04,XKO.3.2_1,0,0
2021,04,XKO.3.3_1,0,0
2021,04,XKO.3.4_1,0,0
2021,04,XKO.3.5_1,0,0
2021,04,XKO.3.6_1,0,0
2021,04,XKO.4.2_1,0,0
2021,04,XKO.4.3_1,0,0
2021,04,XKO.5.1_1,0,0
2021,04,XKO.5.2_1,0,0
2021,04,XKO.5.3_1,0,0
2021,04,XKO.5.4_1,0,0
2021,04,XKO.5.5_1,0,0
2021,04,XKO.5.6_1,0,0
2021,04,XKO.5.7_1,0,0
2021,04,XKO.6.1_1,0,0
2021,04,XKO.6.2_1,0,0
2021,04,XKO.6.3_1,0,0
2021,04,XKO.6.4_1,0,0
2021,04,XKO.7.1_1,0,0
2021,04,XKO.7.2_1,0,0
2021,04,XKO.7.3_1,0,0
2021,04,XKO.7.4_1,0,0
2021,04,ZNC.1_1,0,0
2021,04,ZNC.2_1,0,0
2021,04,ZNC.3_1,0,0
2021,04,ZNC.4_1,0,0
2021,04,ZNC.5_1,0,0
