ID_0,est,se
ESP,0.4729415764020932,0.0911988633801199
