year,month,gid_2,est,se
2014,07,ESP.10.1_1,0.727,0.4457237593730782
2014,07,ESP.10.2_1,0.883,0.32158111638343195
2014,07,ESP.10.3_1,0.924,0.26513071171460745
