year,month,gid_2,est,se
2014,07,ESP.1.1_1,0.089,0.2848862231842041
2014,07,ESP.1.2_1,0.082,0.27450200609713465
2014,07,ESP.1.3_1,0.093,0.290577761426155
2014,07,ESP.1.4_1,0.094,0.29197474077263813
2014,07,ESP.1.5_1,0,0.4976410821532389
2014,07,ESP.1.6_1,0.094,0.29197474077263813
2014,07,ESP.1.7_1,0.494,0.5002141683461337
2014,07,ESP.1.8_1,0.083,0.2760202658994212
2014,07,ESP.10.1_1,0.49,0.5001501276118503
2014,07,ESP.10.2_1,0.516,0.49999399395792143
2014,07,ESP.10.3_1,0.325,0.46860921309188386
2014,07,ESP.11.1_1,0,0.4984821807090846
2014,07,ESP.11.2_1,0,0.49946517943242597
2014,07,ESP.12.1_1,0,0.4988786223921405
2014,07,ESP.12.2_1,0,0.49915945364198017
2014,07,ESP.12.3_1,0,0.499624483612067
2014,07,ESP.12.4_1,0,0.49812863010685515
2014,07,ESP.13.1_1,0.69,0.46272466339510593
2014,07,ESP.14.1_1,0,0.4835802413765991
2014,07,ESP.14.2_1,0,0.4927949338688932
2014,07,ESP.15.1_1,0.088,0.28343665312788385
2014,07,ESP.16.1_1,0,0.4983094543677777
2014,07,ESP.16.2_1,0.101,0.3014795016081357
2014,07,ESP.16.3_1,0.083,0.2760202658994212
2014,07,ESP.17.1_1,0,0.49687310541312546
2014,07,ESP.18.1_1,0.795,0.403903624814309
2014,07,ESP.2.1_1,0.099,0.2988114594326802
2014,07,ESP.2.2_1,0.084,0.2775266131761439
2014,07,ESP.2.3_1,0.097,0.296105857217784
2014,07,ESP.3.1_1,0,0.49839682924292306
2014,07,ESP.4.1_1,0.101,0.3014795016081357
2014,07,ESP.4.2_1,0,0.49675523728066096
2014,07,ESP.4.3_1,0.105,0.3067068128833611
2014,07,ESP.4.4_1,0,0.4961352135760474
2014,07,ESP.4.5_1,0.087,0.2819760814510878
2014,07,ESP.5.1_1,0,0.49946517943242597
2014,07,ESP.5.2_1,0,0.49675523728066096
2014,07,ESP.5.3_1,0,0.4984821807090846
2014,07,ESP.5.4_1,0,0.4962633144584408
2014,07,ESP.5.5_1,0,0.49880337288836046
2014,07,ESP.5.6_1,0,0.4958728565770563
2014,07,ESP.5.7_1,0,0.49503642397409614
2014,07,ESP.5.8_1,0,0.497742652128334
2014,07,ESP.5.9_1,0,0.5000540511325291
2014,07,ESP.6.1_1,0.933,0.25014710386805117
2014,07,ESP.6.2_1,0.96,0.19605723255834873
2014,07,ESP.6.3_1,0.095,0.2933616557443407
2014,07,ESP.6.4_1,0.839,0.3677148544921924
2014,07,ESP.7.1_1,0,0.4980351785155734
2014,07,ESP.7.2_1,0,0.4933095928059319
2014,07,ESP.8.1_1,0.094,0.29197474077263813
2014,07,ESP.9.1_1,0.096,0.2947386484173239
