year,month,gid_2,est,se
2014,07,ESP.1.1_1,0.083,0.2760202658994212
2014,07,ESP.1.2_1,0.083,0.2760202658994212
2014,07,ESP.1.3_1,0.091,0.28775302222878874
2014,07,ESP.1.4_1,0.096,0.2947386484173239
2014,07,ESP.1.5_1,0,0.49675523728066096
2014,07,ESP.1.6_1,0.097,0.296105857217784
2014,07,ESP.1.7_1,0.483,0.49996095943679536
2014,07,ESP.1.8_1,0.092,0.28917057184232914
2014,07,ESP.10.1_1,0.491,0.5001691405606399
2014,07,ESP.10.2_1,0.49,0.5001501276118503
2014,07,ESP.10.3_1,0.295,0.45627095369219284
2014,07,ESP.11.1_1,0,0.49753747953651045
2014,07,ESP.11.2_1,0,0.4988786223921405
2014,07,ESP.12.1_1,0,0.4985655098054493
2014,07,ESP.12.2_1,0,0.4995733915788286
2014,07,ESP.12.3_1,0,0.4998498272980094
2014,07,ESP.12.4_1,0,0.49812863010685515
2014,07,ESP.13.1_1,0.705,0.45627095369219284
2014,07,ESP.14.1_1,0,0.48909530177074306
2014,07,ESP.14.2_1,0,0.49226143594773025
2014,07,ESP.15.1_1,0.105,0.3067068128833611
2014,07,ESP.16.1_1,0,0.498951854343636
2014,07,ESP.16.2_1,0.113,0.3167512136225074
2014,07,ESP.16.3_1,0.091,0.28775302222878874
2014,07,ESP.17.1_1,0,0.4995733915788286
2014,07,ESP.18.1_1,0.824,0.3810107205436209
2014,07,ESP.2.1_1,0.103,0.304110972316823
2014,07,ESP.2.2_1,0.096,0.2947386484173239
2014,07,ESP.2.3_1,0.098,0.29746341705239066
2014,07,ESP.3.1_1,0,0.49934892545128134
2014,07,ESP.4.1_1,0.088,0.28343665312788385
2014,07,ESP.4.2_1,0,0.4963893657225167
2014,07,ESP.4.3_1,0.091,0.28775302222878874
2014,07,ESP.4.4_1,0,0.499624483612067
2014,07,ESP.4.5_1,0.092,0.28917057184232914
2014,07,ESP.5.1_1,0,0.498951854343636
2014,07,ESP.5.2_1,0,0.4990922691177385
2014,07,ESP.5.3_1,0,0.499624483612067
2014,07,ESP.5.4_1,0,0.4995202903992194
2014,07,ESP.5.5_1,0,0.49532347546360583
2014,07,ESP.5.6_1,0,0.49864681754589457
2014,07,ESP.5.7_1,0,0.4998498272980094
2014,07,ESP.5.8_1,0,0.49996095943679536
2014,07,ESP.5.9_1,0,0.498951854343636
2014,07,ESP.6.1_1,0.931,0.2535809600567505
2014,07,ESP.6.2_1,0.952,0.21387319079712103
2014,07,ESP.6.3_1,0.093,0.290577761426155
2014,07,ESP.6.4_1,0.833,0.3731624984510773
2014,07,ESP.7.1_1,0,0.4911376754192415
2014,07,ESP.7.2_1,0,0.4973241712719495
2014,07,ESP.8.1_1,0.093,0.290577761426155
2014,07,ESP.9.1_1,0.104,0.30541328929383094
