year,month,gid_2,est,se
2014,05,ESP.10.1_1,0.302,0.45935499018406994
2014,05,ESP.10.2_1,0.263,0.4404827181911057
2014,05,ESP.10.3_1,0.238,0.42607222103481185
2014,05,ESP.18.1_1,0.264,0.4410198391212106
2014,05,ESP.2.3_1,0.23,0.4210430824479572
2014,05,ESP.4.1_1,0.205,0.403903624814309
2014,05,ESP.6.1_1,0.339,0.47360669685225454
2014,05,ESP.6.2_1,0.33,0.47044800065609943
2014,05,ESP.6.4_1,0.308,0.4618975528722244
