year,month,gid_2,est,se
2020,05,ESP.1.1_1,0,0.36955049393495276
2020,05,ESP.1.2_1,0,0.3611293596682696
2020,05,ESP.1.4_1,0,0.38437969216355294
2020,05,ESP.1.7_1,0,0.34189456253630574
2020,05,ESP.1.8_1,0,0.3775692765024169
2020,05,ESP.10.1_1,0,0.366789496216201
2020,05,ESP.10.2_1,0,0.3502480173729377
2020,05,ESP.10.3_1,0,0.3532829019480122
2020,05,ESP.11.1_1,0,0.3810107205436209
2020,05,ESP.11.2_1,0,0.35428310221702153
2020,05,ESP.12.1_1,0,0.38849186082326864
2020,05,ESP.12.2_1,0,0.387678080750375
2020,05,ESP.12.3_1,0,0.3775692765024169
2020,05,ESP.12.4_1,0,0.3810107205436209
2020,05,ESP.13.1_1,0,0.3758207567993567
2020,05,ESP.14.2_1,0,0.34922479573758497
2020,05,ESP.16.2_1,0.129,0.33536766610911
2020,05,ESP.17.1_1,0.176,0.3810107205436209
2020,05,ESP.18.1_1,0,0.3740533597174552
2020,05,ESP.2.1_1,0,0.3639828065767441
2020,05,ESP.2.3_1,0,0.38015722999769386
2020,05,ESP.3.1_1,0.112,0.3155242550986462
2020,05,ESP.4.1_1,0,0.3562666500332664
2020,05,ESP.4.5_1,0,0.3766973598273565
2020,05,ESP.5.3_1,0,0.3893013685508382
2020,05,ESP.5.4_1,0,0.3901066305296325
2020,05,ESP.5.8_1,0,0.3775692765024169
2020,05,ESP.5.9_1,0,0.38270414482007176
2020,05,ESP.6.1_1,0,0.3582280381646966
2020,05,ESP.6.2_1,0,0.3749394345485409
2020,05,ESP.6.3_1,0,0.3749394345485409
2020,05,ESP.6.4_1,0,0.38437969216355294
2020,05,ESP.8.1_1,0,0.3818596821043259
