year,month,gid_2,est,se
2016,12,ESP.10.1_1,0.0035712487464706786,0.1012628498939485
2016,12,ESP.10.2_1,0,0
2016,12,ESP.10.3_1,0.002346074032780869,0.05947009361058686
2016,12,ESP.15.1_1,9.201461502291591e-4,0.05226006298891837
2016,12,ESP.18.1_1,9.305591203276108e-4,0.03735292484890811
2016,12,ESP.2.1_1,0,0
2016,12,ESP.2.2_1,9.889947867153458e-4,0.03239748708489749
2016,12,ESP.2.3_1,0,0
2016,12,ESP.4.1_1,6.898926661409989e-4,0.02769250050776487
2016,12,ESP.4.3_1,0,0
2016,12,ESP.4.4_1,0.003979001600425824,0.07114134675606149
2016,12,ESP.5.7_1,4.6016385396652844e-4,0.026135187315107593
2016,12,ESP.6.1_1,0.018953041434214363,0.19041025074946802
2016,12,ESP.6.2_1,0.029241145781794067,0.26806310193902855
2016,12,ESP.6.3_1,0,0
2016,12,ESP.6.4_1,0.009933250581003762,0.155528027059095
2016,12,ESP.9.1_1,4.429942570816913e-4,0.0251600332980284
2016,12,FRA.10.11_1,0.002927401597387184,0.07420603297247194
2016,12,FRA.11.11_1,0,0
2016,12,FRA.11.6_1,7.051584272448175e-4,0.04004975059212388
2016,12,FRA.11.7_1,0.04605184707248709,0.37685362452913196
