year,month,gid_1,est,se
2018,11,AND.4_1,0,0.3835449054972368
2018,11,AUT.4_1,0,0.23386087627974136
2018,11,AUT.9_1,0,0
2018,11,BEL.1_1,0,0.3667902297973942
2018,11,BEL.2_1,0,0.38392077595834273
2018,11,DEU.1_1,0,0.0041587609308053
2018,11,DEU.10_1,0,0.3638440955868519
2018,11,DEU.15_1,0,0.38521160540579663
2018,11,DEU.2_1,0,0.3721426559891998
2018,11,DEU.3_1,0,0.3818604458259813
2018,11,DEU.4_1,0,0.38186044582598133
2018,11,DEU.6_1,0,0.37046159073296936
2018,11,DEU.7_1,0,0.3801579903144348
2018,11,DEU.8_1,0,0.3884926378093213
2018,11,DEU.9_1,0,0.3653043867331724
2018,11,ESP.1_1,0.20552277508981776,0.30513435648034537
2018,11,ESP.10_1,0.5012461770954589,0.48583382510217077
2018,11,ESP.11_1,0,0.3789227129836711
2018,11,ESP.12_1,0,0.384936275967751
2018,11,ESP.13_1,0.91,0.2863255313646019
2018,11,ESP.14_1,0,0.3901074107452343
2018,11,ESP.15_1,0,0.03162283984742673
2018,11,ESP.16_1,0,0.13075098176674707
2018,11,ESP.17_1,0,0.369551233038158
2018,11,ESP.18_1,0.772,0.41975337635780857
2018,11,ESP.2_1,0,0.26435907944747977
2018,11,ESP.3_1,0,0.37582150844312534
2018,11,ESP.4_1,0,0.05580798971208968
2018,11,ESP.5_1,0,0.37979256945108836
2018,11,ESP.6_1,0.3548283542411954,0.4531355626809667
2018,11,ESP.8_1,0,0.07726573529026545
2018,11,ESP.9_1,0,0.0547175106343287
2018,11,FRA.10_1,0,0.14675702261913154
2018,11,FRA.11_1,0,0.27252743407746
2018,11,FRA.12_1,0,0.3948512764789156
2018,11,FRA.13_1,0,0.007197699438603215
2018,11,FRA.2_1,0,0.3639835345445412
2018,11,FRA.6_1,0,0.3688112827672578
2018,11,FRA.7_1,0,0.3810114825673481
2018,11,FRA.8_1,0,0.3601983982933799
2018,11,FRA.9_1,0,0.38686077509318245
2018,11,GRC.6_1,0,0.04469906028119559
2018,11,ITA.10_1,0.020528492485675003,0.12410747513201913
2018,11,ITA.15_1,0.19799999999999998,0.3986923510393924
2018,11,ITA.8_1,0.008,0.08912898361277785
2018,11,ITA.9_1,0.038,0.19129228673302132
2018,11,NLD.11_1,0,0.3822285510567212
2018,11,NLD.12_1,0,0.3784372960919186
2018,11,NLD.14_1,0,0.48488258321478883
2018,11,NLD.2_1,0,0.3639835345445412
2018,11,NLD.4_1,0,0.37184189859161915
2018,11,NLD.9_1,0,0.365743345017887
2018,11,PRT.11_1,0,0.36585979318094786
2018,11,PRT.12_1,0,0.37048283526541126
2018,11,PRT.14_1,0,0.36113008192915574
2018,11,PRT.5_1,0,0.35867099542514497
2018,11,PRT.8_1,0,0.36679022979739423
2018,11,ROU.14_1,0,0.3592012543508021
2018,11,SRB.3_1,0,0
2018,11,TUR.12_1,0,0.07056911434883946
2018,11,TUR.22_1,0,0.38521160540579663
2018,11,TUR.40_1,0,0.19346241719538082
2018,11,TUR.41_1,0,0.3492254941892719
