year,month,gid_1,est,se
2018,11,ESP.1_1,0.20274065091792523,0.30519933136619887
2018,11,ESP.10_1,0.5045928254412216,0.4848335058788299
2018,11,ESP.11_1,0,0.3658431491595354
2018,11,ESP.12_1,0,0.37600541980420527
2018,11,ESP.13_1,0.925,0.26352313834736496
2018,11,ESP.14_1,0,0.38361750873263806
2018,11,ESP.15_1,0,0
2018,11,ESP.16_1,0,0.15146234910147885
2018,11,ESP.17_1,0,0.3766973598273565
2018,11,ESP.18_1,0.778,0.4157990967870047
2018,11,ESP.2_1,0,0.26761262754776327
2018,11,ESP.3_1,0,0.3592005359475749
2018,11,ESP.4_1,0,0.06700428471701676
2018,11,ESP.5_1,0,0.388622596670763
2018,11,ESP.6_1,0.3563548426808266,0.4533377083298935
2018,11,ESP.8_1,0,0.10893974420691407
2018,11,ESP.9_1,0,0.03162277660168379
2018,11,ITA.10_1,0.021368831726269556,0.1263447313128493
2018,11,ITA.15_1,0.168,0.3740533597174552
2018,11,ITA.8_1,0.007000000000000001,0.08341437500789632
2018,11,ITA.9_1,0.039,0.19369180807797862
