year,month,gid_1,est,se
2018,11,ESP.1_1,0.07237088710892031,0.18552883169297554
2018,11,ESP.10_1,0.19902606530689995,0.3882028392015619
2018,11,ESP.11_1,0,0.3371112115198984
2018,11,ESP.12_1,0,0.30736254052114576
2018,11,ESP.13_1,0.48118606531906566,0.4997667104087918
2018,11,ESP.14_1,0,0.38158543083628726
2018,11,ESP.15_1,0.0030199962258518767,0.0547175106343287
2018,11,ESP.16_1,0.0019560115291196124,0.04251267271947235
2018,11,ESP.17_1,0,0.32158175954759427
2018,11,ESP.18_1,0.7831856879042534,0.41579992838769314
2018,11,ESP.2_1,0.015247327008357263,0.0959457898454505
2018,11,ESP.3_1,0,0.30541390012224207
2018,11,ESP.4_1,0.00284921745197264,0.1791871980396466
2018,11,ESP.5_1,0,0.3235427847790418
2018,11,ESP.6_1,0.1325253225112488,0.3090577692971592
2018,11,ESP.8_1,0.0010066654086172922,0.03162283984742673
2018,11,ESP.9_1,0.004026661634469169,0.06315064481067276
