year,month,gid_3,est,se
2016,11,ESP.10.1.1_1,0.327,0.46935199082489393
2016,11,ESP.10.1.2_1,0.031,0.17340435135563662
2016,11,ESP.10.1.3_1,0.017,0.1293357171384909
2016,11,ESP.10.1.4_1,1,0
2016,11,ESP.10.1.5_1,0.055,0.22809433799861634
2016,11,ESP.10.1.6_1,0.031,0.17340435135563662
2016,11,ESP.10.1.7_1,0.915,0.2790212408632233
2016,11,ESP.10.1.8_1,0.008,0.08912880535463237
2016,11,ESP.10.1.8_1,0.008,0.08912880535463237
2016,11,ESP.10.1.9_1,0.391,0.4882185549089233
2016,11,ESP.10.2.1_1,0.066,0.24840633185509925
2016,11,ESP.10.2.2_1,0.739,0.4393996723622721
2016,11,ESP.10.2.3_1,0.447,0.4974318430081034
2016,11,ESP.10.2.5_1,0.342,0.47461696267754827
2016,11,ESP.10.2.7_1,0.031,0.17340435135563662
2016,11,ESP.10.2.8_1,0.237,0.4254550646214145
2016,11,ESP.10.3.1_1,0.86,0.3471606552023436
2016,11,ESP.10.3.10_1,0.995,0.07056897321046962
2016,11,ESP.10.3.11_1,0.96,0.19605723255834873
2016,11,ESP.10.3.12_1,0.001,0.03162277660168379
2016,11,ESP.10.3.13_1,0.247,0.43148253403489834
2016,11,ESP.10.3.14_1,0.005,0.07056897321046962
2016,11,ESP.10.3.16_1,0.793,0.4053582555164201
2016,11,ESP.10.3.17_1,0.842,0.3649235113954281
2016,11,ESP.10.3.18_1,0.115,0.31918157352340515
2016,11,ESP.10.3.2_1,0.039,0.19369180807797864
2016,11,ESP.10.3.3_1,0.001,0.03162277660168379
2016,11,ESP.10.3.3_1,0.001,0.03162277660168379
2016,11,ESP.10.3.4_1,0.192,0.39407016036651554
2016,11,ESP.10.3.5_1,0.854,0.3532829019480122
2016,11,ESP.10.3.6_1,0.019,0.13659303663678343
2016,11,ESP.10.3.7_1,1,0
2016,11,ESP.10.3.8_1,0.847,0.3601676286407771
2016,11,ESP.10.3.9_1,0.682,0.46593249842986173
