ID_1,est,se
ESP.1_1,0.08469955308337385,0.10392655285544145
ESP.10_1,0.02480250400000006,0.08987323332448358
ESP.11_1,0.02780400000000005,0.11754921445002436
ESP.12_1,0.02089200000000002,0.050856864328130844
ESP.13_1,0.01200000000000001,0.10893974420691407
ESP.14_1,0.010970000000000035,0.07391727698455497
ESP.15_1,0.01200000000000001,0.10893974420691407
ESP.16_1,0.018909999999999982,0.0646787478437587
ESP.17_1,0.009000000000000008,0.09448771310560929
ESP.18_1,0.008000000000000007,0.08912880535463237
ESP.2_1,0.022870000000000057,0.07095973800649752
ESP.3_1,0.006000000000000005,0.07726558075864033
ESP.4_1,0.02676070399999997,0.056522449183927424
ESP.5_1,0.06838852908000004,0.05609426556800861
ESP.6_1,0.037484035520000014,0.0956238447198525
ESP.7_1,0.08499999999999996,0.13951062043161164
ESP.8_1,0.017000000000000015,0.1293357171384909
ESP.9_1,0,0
