year,month,gid_1,est,se
2017,02,ESP.10_1,0.849,0.3582280381646966
2017,02,ESP.6_1,0.867,0.3397446488562056
