year,month,gid_3,est,se
2021,12,ESP.10.1.1_1,0.23,0.4210430824479572
2021,12,ESP.10.1.4_1,0.623,0.4848774134831464
2021,12,ESP.10.1.6_1,0.679,0.4670943985718274
2021,12,ESP.10.1.7_1,0.542,0.4984821807090846
2021,12,ESP.10.1.9_1,0.005,0.07056897321046962
2021,12,ESP.10.2.5_1,0.987,0.11333068359382575
2021,12,ESP.10.2.7_1,0.104,0.30541328929383094
2021,12,ESP.10.2.8_1,0.101,0.3014795016081357
2021,12,ESP.10.3.1_1,0.022,0.1467567291047928
2021,12,ESP.10.3.13_1,0.184,0.387678080750375
2021,12,ESP.10.3.4_1,0.229,0.42039949540375965
2021,12,ESP.10.3.7_1,0.772,0.4197525368502163
2021,12,ESP.10.3.8_1,0.214,0.41033202698835536
