year,month,gid_3,est,se
2021,12,ESP.10.1.1_1,0.166,0.37226681638655706
2021,12,ESP.10.1.4_1,0.606,0.4888793337859589
2021,12,ESP.10.1.6_1,0.647,0.4781418404821101
2021,12,ESP.10.1.7_1,0.428,0.49503642397409614
2021,12,ESP.10.1.9_1,0.019,0.13659303663678343
2021,12,ESP.10.2.5_1,0.967,0.17872588772459053
2021,12,ESP.10.2.7_1,0.1,0.3001501125938321
2021,12,ESP.10.2.8_1,0.105,0.3067068128833611
2021,12,ESP.10.3.1_1,0.039,0.19369180807797864
2021,12,ESP.10.3.13_1,0.123,0.32860155048170264
2021,12,ESP.10.3.4_1,0.335,0.4722266383824593
2021,12,ESP.10.3.7_1,0.539,0.49872610491905045
2021,12,ESP.10.3.8_1,0.134,0.3408227694273963
