year,month,gid_2,est,se
2022,06,ESP.1.1_1,0.923,0.26672484350382913
2022,06,ESP.1.2_1,0.998,0.04469897088298564
2022,06,ESP.1.3_1,0.997,0.054717401199198
2022,06,ESP.1.4_1,1,0
2022,06,ESP.1.5_1,0.856,0.35126540875438816
2022,06,ESP.1.6_1,0.653,0.4762539425745658
2022,06,ESP.1.7_1,0.999,0.03162277660168379
2022,06,ESP.1.8_1,1,0
2022,06,ESP.10.1_1,0.991,0.09448771310560929
2022,06,ESP.10.2_1,0.995,0.07056897321046962
2022,06,ESP.10.3_1,0.989,0.10435463521037237
2022,06,ESP.11.1_1,0.78,0.4144535821678608
2022,06,ESP.11.2_1,0.789,0.4082225442643334
2022,06,ESP.12.1_1,0.915,0.2790212408632233
2022,06,ESP.12.2_1,0.857,0.3502480173729377
2022,06,ESP.12.3_1,0.204,0.40317061716666125
2022,06,ESP.12.4_1,0.658,0.47461696267754827
2022,06,ESP.13.1_1,0.99,0.0995485304256668
2022,06,ESP.14.1_1,0.844,0.3630369069334353
2022,06,ESP.14.2_1,0.765,0.42421097929562707
2022,06,ESP.15.1_1,0.622,0.48513024163759505
2022,06,ESP.16.1_1,0.686,0.4643485970901814
2022,06,ESP.16.2_1,0.99,0.0995485304256668
2022,06,ESP.16.3_1,0.963,0.1888562063228706
2022,06,ESP.17.1_1,0.911,0.2848862231842041
2022,06,ESP.18.1_1,0.992,0.08912880535463237
2022,06,ESP.2.1_1,0.984,0.12553788177183714
2022,06,ESP.2.2_1,0.171,0.3766973598273565
2022,06,ESP.2.3_1,0.977,0.1499783100768024
2022,06,ESP.3.1_1,0.998,0.04469897088298564
2022,06,ESP.4.1_1,0.795,0.403903624814309
2022,06,ESP.4.2_1,0.507,0.5002011607355596
2022,06,ESP.4.3_1,0.539,0.49872610491905045
2022,06,ESP.4.4_1,0.737,0.4404827181911057
2022,06,ESP.4.5_1,0.983,0.1293357171384909
2022,06,ESP.5.2_1,0.934,0.24840633185509928
2022,06,ESP.5.3_1,0.965,0.18387171834952978
2022,06,ESP.5.5_1,0.911,0.2848862231842041
2022,06,ESP.5.6_1,0.416,0.49314012936201734
2022,06,ESP.5.9_1,0.571,0.4951809812626129
2022,06,ESP.6.1_1,0.997,0.05471740119919799
2022,06,ESP.6.2_1,0.999,0.03162277660168379
2022,06,ESP.6.3_1,0.987,0.11333068359382575
2022,06,ESP.6.4_1,1,0
2022,06,ESP.7.1_1,0.264,0.4410198391212106
2022,06,ESP.8.1_1,0.999,0.03162277660168379
2022,06,ESP.9.1_1,0.889,0.3142893217686178
