year,month,gid_2,est,se
2022,06,ESP.10.1_1,0.998,0.04469897088298564
2022,06,ESP.10.2_1,0.96,0.19605723255834873
2022,06,ESP.10.3_1,0.999,0.03162277660168379
