year,month,gid_1,est,se
2021,04,ESP.1_1,0.29628918128014037,0.24960269288577
2021,04,ESP.10_1,0.4221957367893351,0.45282352796346864
2021,04,ESP.11_1,0.13506433862191475,0.23364254099468462
2021,04,ESP.12_1,0.025409711416999024,0.2675750367036237
2021,04,ESP.13_1,0.7454249126891735,0.4566511242950505
2021,04,ESP.14_1,0.08110000159738814,0.12328355509365549
2021,04,ESP.15_1,0.1832828870779977,0.3032528030291422
2021,04,ESP.16_1,0.10234220340007005,0.3091798310643718
2021,04,ESP.17_1,0.6180209545983704,0.4959783788718075
2021,04,ESP.18_1,0.19669383003492433,0.3192661448260272
2021,04,ESP.2_1,0.08559999137725223,0.28469043499705904
2021,04,ESP.3_1,0.07152502910360886,0.11263031073870468
2021,04,ESP.4_1,0.0633021292742125,0.2896433636062034
2021,04,ESP.5_1,0.06304572330289648,0.2924322113633475
2021,04,ESP.6_1,0.4855540182639051,0.27371289142828453
2021,04,ESP.7_1,0.24503065024575993,0.4177621068968258
2021,04,ESP.8_1,0.630314318975553,0.49401026278756316
2021,04,ESP.9_1,0,0.3949825767602037
