ID_0,est,se
ESP,0.3910826999805853,0.079529593268068
