year,month,gid_1,est,se
2021,05,ESP.1_1,0.5447645920765736,0.3909888742072067
2021,05,ESP.10_1,0.5045685279187818,0.5002411830719671
2021,05,ESP.11_1,0.3200647931147954,0.46478329720728184
2021,05,ESP.12_1,0.3374383751915926,0.4674975307754864
2021,05,ESP.13_1,0.5045685279187818,0.5002411830719671
2021,05,ESP.14_1,0,0.3572578305241891
2021,05,ESP.15_1,0,0.11333068359382575
2021,05,ESP.16_1,0.26098951692997946,0.34313629041034577
2021,05,ESP.17_1,0.500507614213198,0.5002011607355596
2021,05,ESP.18_1,0.5045685279187818,0.5002411830719671
2021,05,ESP.2_1,0.2816132071086398,0.37870747853704145
2021,05,ESP.3_1,0.06598984771573606,0.24664921616708177
2021,05,ESP.4_1,0.1754675333159337,0.27942471445981737
2021,05,ESP.5_1,0.06455948849079143,0.2176336345043263
2021,05,ESP.6_1,0.5616935775839083,0.4914478250333543
2021,05,ESP.7_1,0,0.47927829940645666
2021,05,ESP.8_1,0.43857868020304575,0.49560228169533443
2021,05,ESP.9_1,0,0
2021,05,ITA.1_1,0.33642026242092354,0.4361155588466364
2021,05,ITA.10_1,0.44223738954110164,0.48715088215813
2021,05,ITA.11_1,0.392241535101322,0.4731014559077353
2021,05,ITA.12_1,0,0.35605764457647454
2021,05,ITA.13_1,0.4163366985054783,0.46829388152174545
2021,05,ITA.14_1,0.19010461696182843,0.3459028884331829
2021,05,ITA.15_1,0.41925665923585914,0.48001525720779964
2021,05,ITA.16_1,0.40605210228648714,0.469290441038623
2021,05,ITA.17_1,0.5045685279187818,0.5002411830719671
2021,05,ITA.18_1,0.4921123768768975,0.49985839866949533
2021,05,ITA.2_1,0.45190562024085507,0.48838458392973044
2021,05,ITA.20_1,0.5029130029916195,0.5001672980941458
2021,05,ITA.3_1,0,0.0851341516461888
2021,05,ITA.4_1,0.44401499016435253,0.485438815923099
2021,05,ITA.5_1,0.3375636428662307,0.38773440142776916
2021,05,ITA.6_1,0.367572640397033,0.4265629900303986
2021,05,ITA.7_1,0.3999782417114349,0.4691083843057052
2021,05,ITA.8_1,0.6008522897354487,0.4685319832277741
2021,05,ITA.9_1,0.5008319864101253,0.5001343221078913
