year,month,gid_1,est,se
2021,05,ESP.1_1,0.9385575407216975,0.18070268601888229
2021,05,ESP.10_1,0.9910954514099977,0.07459365813355225
2021,05,ESP.11_1,0.8492323307138165,0.35791879672233307
2021,05,ESP.12_1,0.7291932601384197,0.4297652841769381
2021,05,ESP.13_1,0.998,0.04471333204293214
2021,05,ESP.14_1,0.7140115060943519,0.4337556686514455
2021,05,ESP.15_1,0.346,0.4760841136485284
2021,05,ESP.16_1,0.6056335979480563,0.2999276059006353
2021,05,ESP.17_1,0.984,0.12557821535365918
2021,05,ESP.18_1,0.9989999999999999,0.031632936561605866
2021,05,ESP.2_1,0.8154554695184703,0.2613343139176771
2021,05,ESP.3_1,0.108,0.3106354892718836
2021,05,ESP.4_1,0.45629425246157823,0.35901711250178064
2021,05,ESP.5_1,0.4414322834584144,0.45414634795337855
2021,05,ESP.6_1,0.9957996380466942,0.039860733441529766
2021,05,ESP.7_1,0.7608305246605932,0.40050388285938116
2021,05,ESP.8_1,1,0
2021,05,ESP.9_1,0.538,0.4989636315001002
