year,month,gid_1,est,se
2018,08,ESP.1_1,0,0.32515165248880357
2018,08,ESP.10_1,0,0.3206318523013076
2018,08,ESP.11_1,0,0.33510201453153754
2018,08,ESP.12_1,0,0.3282451885757541
2018,08,ESP.13_1,0,0.3094184218636304
2018,08,ESP.14_1,0,0.3161192346489312
2018,08,ESP.15_1,0,0.3351020145315376
2018,08,ESP.16_1,0.03998446436058389,0.24918346631696586
2018,08,ESP.17_1,0.436,0.4950547180339509
2018,08,ESP.18_1,0,0.3158101079914953
2018,08,ESP.2_1,0,0.32160930167649165
2018,08,ESP.3_1,0.102,0.25075563983130145
2018,08,ESP.4_1,0,0.32877193349548056
2018,08,ESP.5_1,0,0.3296544579188615
2018,08,ESP.6_1,0,0.33092732632299726
2018,08,ESP.7_1,0,0.3463304390228144
2018,08,ESP.8_1,0,0.3280666737121503
2018,08,ESP.9_1,0,0.3132752190125905
