year,month,gid_1,est,se
2018,08,ESP.1_1,0,0.26218665055467344
2018,08,ESP.10_1,0,0.2681313230948356
2018,08,ESP.11_1,0,0.2603939779375793
2018,08,ESP.12_1,0,0.2714796029813456
2018,08,ESP.13_1,0,0.279106371302895
2018,08,ESP.14_1,0,0.23502043202406425
2018,08,ESP.15_1,0,0.274537385919357
2018,08,ESP.16_1,0,0.168809760567639
2018,08,ESP.17_1,0.529,0.4990961882837167
2018,08,ESP.18_1,0,0.2619613514421054
2018,08,ESP.2_1,0,0.26330004552832287
2018,08,ESP.3_1,0.071,0.13408329199619146
2018,08,ESP.4_1,0,0.26147937189940645
2018,08,ESP.5_1,0,0.26681661931765577
2018,08,ESP.6_1,0,0.26595211764222254
2018,08,ESP.7_1,0,0.25872468001778776
2018,08,ESP.8_1,0,0.23316885000122392
2018,08,ESP.9_1,0,0.2185306381347089
