year,month,gid_1,est,se
2017,09,ESP.10_1,0.014470459400822451,0.19191149143989705
2017,09,ESP.2_1,0.0028096042936887407,0.033705072248218525
2017,09,ESP.6_1,0.009873386347648117,0.11558037676591869
