year,month,gid_1,est,se
2021,08,ESP.1_1,0.668545975866407,0.4137938452383357
2021,08,ESP.10_1,0.929716859327469,0.19016694449659607
2021,08,ESP.11_1,0,0.4855011857815573
2021,08,ESP.12_1,0,0.49029729046676757
2021,08,ESP.13_1,0.8224016145307769,0.38849186082326864
2021,08,ESP.14_1,0,0.48153425836549113
2021,08,ESP.15_1,0.04137235116044399,0.19838941090279583
2021,08,ESP.16_1,0.1956400521897666,0.43712281664138464
2021,08,ESP.17_1,0,0.48707416400507353
2021,08,ESP.18_1,0.8123107971745711,0.39639895576569334
2021,08,ESP.2_1,0.2476219656892936,0.3616219824965058
2021,08,ESP.3_1,0,0.49314012936201734
2021,08,ESP.4_1,0.0720190517386909,0.381231827693593
2021,08,ESP.5_1,0,0.4883611084187263
2021,08,ESP.6_1,0.863697520970023,0.33056599287922644
2021,08,ESP.7_1,0,0.4853570601189912
2021,08,ESP.8_1,0.12714429868819374,0.3320154126456093
2021,08,ESP.9_1,0.03329969727547931,0.17872588772459053
