year,month,gid_1,est,se
2021,08,ESP.1_1,0.5486945275781123,0.4367028794417587
2021,08,ESP.10_1,0.8868138883835219,0.23453735498384767
2021,08,ESP.11_1,0,0.44355190476740175
2021,08,ESP.12_1,0,0.4383921039216989
2021,08,ESP.13_1,0.7224463390170511,0.44874002450673567
2021,08,ESP.14_1,0,0.4429947020025607
2021,08,ESP.15_1,0.017034102306920765,0.12933804524425843
2021,08,ESP.16_1,0.14164639805654383,0.37894554485361526
2021,08,ESP.17_1,0,0.4436698346530158
2021,08,ESP.18_1,0.5781574724172517,0.4942915242883604
2021,08,ESP.2_1,0.14974644635249174,0.3175549059772165
2021,08,ESP.3_1,0,0.44972049340455894
2021,08,ESP.4_1,0.028373414922962213,0.23609081612860733
2021,08,ESP.5_1,0,0.4478385419787831
2021,08,ESP.6_1,0.8028082124910759,0.3754695501876317
2021,08,ESP.7_1,0,0.45005111675946197
2021,08,ESP.8_1,0.05511033099297894,0.22809844380755748
2021,08,ESP.9_1,0,0.09448941393036758
2021,08,ITA.1_1,0.03549637987671101,0.18465670663183661
2021,08,ITA.10_1,0.40667499448254146,0.4244300661708147
2021,08,ITA.11_1,0.10049225451650314,0.29364497437337966
2021,08,ITA.12_1,0,0.23356730062473427
2021,08,ITA.13_1,0.13873169572613217,0.33357174093403624
2021,08,ITA.14_1,0,0.2100500187825663
2021,08,ITA.15_1,0.0930446274049568,0.3059361764208999
2021,08,ITA.16_1,0.14651711426153588,0.3433317590646349
2021,08,ITA.17_1,0.8060992463382924,0.38116855071314143
2021,08,ITA.18_1,0.1257290719781997,0.3306334760120151
2021,08,ITA.19_1,0,0.45353289803487273
2021,08,ITA.2_1,0.11727294123604666,0.318493358686238
2021,08,ITA.20_1,0.5257625888143708,0.4343141462811552
2021,08,ITA.3_1,0.0552114392390646,0.19220911341237512
2021,08,ITA.4_1,0.06812908851946295,0.25425859153743774
2021,08,ITA.5_1,0.2979102542293034,0.36065768127826625
2021,08,ITA.6_1,0.09734581321023582,0.270484958231617
2021,08,ITA.7_1,0.5514018329186186,0.28165179557444164
2021,08,ITA.8_1,0.4698442286121874,0.4911713340432471
2021,08,ITA.9_1,0.11472138190322645,0.30274730975354286
