ID_0,est,se
ALB,0,0
AUT,7.859,9.54769328402905
BEL,0,0
BGR,0,0
CHE,2.605,1.7371151652974242
CHN,0,0
DEU,0.946,0.6811971080554825
ESP,0.001,0.03162277660168379
FRA,0,0
GRC,0,0
HRV,0.338,0.4732652321690026
HUN,1.084,2.628102231399572
IND,0,0
ITA,0.008,0.08912880535463237
NLD,0,0
PAK,0,0
PER,0,0
ROU,0.001,0.03162277660168379
SRB,0,0
SVN,0,0
TUR,0,0
USA,0,0
XKO,0,0
