year,month,gid_2,est,se
2021,09,ESP.1.1_1,0.033,0.17872588772459053
2021,09,ESP.1.2_1,0.108,0.3105357184486713
2021,09,ESP.1.3_1,0.045,0.20740785428237288
2021,09,ESP.1.4_1,0.13,0.33647171235218754
2021,09,ESP.1.5_1,0.118,0.3227695465501356
2021,09,ESP.1.7_1,0.455,0.4982200550190881
2021,09,ESP.1.8_1,0.739,0.4393996723622721
2021,09,ESP.10.1_1,0.411,0.49226143594773025
2021,09,ESP.10.2_1,0.148,0.3552776691859794
2021,09,ESP.10.3_1,0.293,0.45536618051668964
2021,09,ESP.11.1_1,0.076,0.26513071171460745
2021,09,ESP.11.2_1,0.072,0.2586172517116422
2021,09,ESP.12.1_1,0.03,0.17067257872642908
2021,09,ESP.12.2_1,0,0.39485048677557294
2021,09,ESP.12.4_1,0.029,0.1678904023081343
2021,09,ESP.13.1_1,0.553,0.4974318430081034
2021,09,ESP.14.1_1,0.032,0.17608806605504818
2021,09,ESP.14.2_1,0.083,0.2760202658994212
2021,09,ESP.15.1_1,0.1,0.3001501125938321
2021,09,ESP.16.2_1,0.187,0.3901066305296325
2021,09,ESP.16.3_1,0.03,0.17067257872642908
2021,09,ESP.17.1_1,0.413,0.49261919742705285
2021,09,ESP.18.1_1,0.118,0.3227695465501357
2021,09,ESP.2.1_1,0,0.403903624814309
2021,09,ESP.2.3_1,0.063,0.24308453280719053
2021,09,ESP.3.1_1,0.04,0.19605723255834873
2021,09,ESP.4.1_1,0.059,0.23574260237507894
2021,09,ESP.4.3_1,0,0.37843653921656956
2021,09,ESP.4.4_1,0.083,0.2760202658994212
2021,09,ESP.4.5_1,0.061,0.239450070654273
2021,09,ESP.5.1_1,0.145,0.3522770203960217
2021,09,ESP.5.2_1,0.098,0.29746341705239066
2021,09,ESP.5.3_1,0.041,0.19838941090279583
2021,09,ESP.5.4_1,0,0.3917045218432287
2021,09,ESP.5.6_1,0,0.38437969216355294
2021,09,ESP.5.8_1,0,0.38849186082326864
2021,09,ESP.6.1_1,0.853,0.35428310221702153
2021,09,ESP.6.2_1,0.285,0.4516403203645341
2021,09,ESP.6.3_1,0.029,0.1678904023081343
2021,09,ESP.6.4_1,0.464,0.498951854343636
2021,09,ESP.7.1_1,0.203,0.402433787041984
2021,09,ESP.8.1_1,0.429,0.49518098126261295
2021,09,ESP.9.1_1,0,0.38437969216355294
