year,month,gid_2,est,se
2021,09,ESP.10.1_1,0.72,0.44922355437109684
2021,09,ESP.10.2_1,0.966,0.18131981931624816
2021,09,ESP.10.3_1,0.528,0.49946517943242597
