year,month,gid_2,est,se
2021,09,ESP.1.1_1,0.04,0.19605723255834873
2021,09,ESP.1.2_1,0.321,0.46709439857182744
2021,09,ESP.1.3_1,0.054,0.2261307920985887
2021,09,ESP.1.4_1,0.31,0.462724663395106
2021,09,ESP.1.5_1,0.22,0.4144535821678608
2021,09,ESP.1.7_1,0.586,0.4927949338688932
2021,09,ESP.1.8_1,0.614,0.48707416400507353
2021,09,ESP.10.1_1,0.594,0.4913302406787164
2021,09,ESP.10.2_1,0.212,0.40892936214366316
2021,09,ESP.10.3_1,0.181,0.38521083498181535
2021,09,ESP.11.1_1,0.05,0.21805400144814482
2021,09,ESP.11.2_1,0.058,0.2338604085575211
2021,09,ESP.12.1_1,0.048,0.21387319079712103
2021,09,ESP.12.2_1,0,0.432067914433232
2021,09,ESP.12.4_1,0.065,0.24664921616708177
2021,09,ESP.13.1_1,0.395,0.48909530177074306
2021,09,ESP.14.1_1,0.038,0.19129190414806527
2021,09,ESP.14.2_1,0.092,0.28917057184232914
2021,09,ESP.15.1_1,0.077,0.26672484350382913
2021,09,ESP.16.2_1,0.036,0.18638331132035063
2021,09,ESP.16.3_1,0.048,0.21387319079712103
2021,09,ESP.17.1_1,0.844,0.3630369069334353
2021,09,ESP.18.1_1,0.164,0.3704608498090469
2021,09,ESP.2.1_1,0,0.41713067256915787
2021,09,ESP.2.3_1,0.069,0.2535809600567505
2021,09,ESP.3.1_1,0.065,0.24664921616708177
2021,09,ESP.4.1_1,0.055,0.22809433799861634
2021,09,ESP.4.3_1,0,0.42039949540375965
2021,09,ESP.4.4_1,0.163,0.36955049393495276
2021,09,ESP.4.5_1,0.083,0.2760202658994212
2021,09,ESP.5.1_1,0.388,0.48753840227585526
2021,09,ESP.5.2_1,0.231,0.42168331341993703
2021,09,ESP.5.3_1,0.077,0.26672484350382913
2021,09,ESP.5.4_1,0,0.40892936214366316
2021,09,ESP.5.6_1,0,0.40751204407485436
2021,09,ESP.5.8_1,0,0.41713067256915787
2021,09,ESP.6.1_1,0.879,0.3262904618058356
2021,09,ESP.6.2_1,0.449,0.4976410821532389
2021,09,ESP.6.3_1,0.053,0.22414558046332575
2021,09,ESP.6.4_1,0.642,0.4796520260210167
2021,09,ESP.7.1_1,0.214,0.41033202698835536
2021,09,ESP.8.1_1,0.428,0.49503642397409614
2021,09,ESP.9.1_1,0,0.41910219117375974
