year,month,gid_1,est,se
2022,05,ESP.1_1,0.23964881781414293,0.2975105599365632
2022,05,ESP.10_1,0.3958154597691802,0.46130807197985185
2022,05,ESP.11_1,0.11205269891658967,0.19667040839294495
2022,05,ESP.12_1,0.21924459723910303,0.4791479493481456
2022,05,ESP.13_1,0.5308498253783469,0.4993065242408242
2022,05,ESP.14_1,0.16260334856994865,0.26019864534239934
2022,05,ESP.15_1,0.11734575087310826,0.2064824055610011
2022,05,ESP.16_1,0.2995070564145668,0.4839375301362138
2022,05,ESP.17_1,0.6649592549476135,0.486424645042917
2022,05,ESP.18_1,0.7074272409778813,0.47290043515059044
2022,05,ESP.2_1,0.14769565876181523,0.3700321944090863
2022,05,ESP.3_1,0.10952270081490106,0.1924521240031286
2022,05,ESP.4_1,0.11963050977809288,0.3933645185362732
2022,05,ESP.5_1,0.1580244304476413,0.4276140142114234
2022,05,ESP.6_1,0.5123097558230225,0.40530468792966867
2022,05,ESP.7_1,0.16511025894696366,0.3544906873381777
2022,05,ESP.8_1,0.6079627473806754,0.49731047961700775
2022,05,ESP.9_1,0,0.47806367169000885
