year,month,gid_1,est,se
2022,05,ESP.1_1,0.1779080647601096,0.27878462155544526
2022,05,ESP.10_1,0.3577977290783396,0.4544134277246849
2022,05,ESP.11_1,0,0.06687554212307525
2022,05,ESP.12_1,0.20658503774130346,0.46660928843755045
2022,05,ESP.13_1,0.2874189258950197,0.4270904005523783
2022,05,ESP.14_1,0,0.12445507247041902
2022,05,ESP.15_1,0.07372455719983778,0.181331806112732
2022,05,ESP.16_1,0.19460563481067297,0.4243197489593154
2022,05,ESP.17_1,0,0.4588603518839928
2022,05,ESP.18_1,0.6410831060855459,0.4871867234941018
2022,05,ESP.2_1,0.02859281202287174,0.16492720493847726
2022,05,ESP.3_1,0,0.13539843804629734
2022,05,ESP.4_1,0.0825800994320416,0.2744099177873018
2022,05,ESP.5_1,0,0.41557802896438506
2022,05,ESP.6_1,0.46079456340342073,0.3843574547462309
2022,05,ESP.7_1,0,0.2996227526708954
2022,05,ESP.8_1,0.4156355471121289,0.48411500885886416
2022,05,ESP.9_1,0,0.35470809957280164
2022,05,ITA.1_1,0,0.0375681430286197
2022,05,ITA.10_1,0.1853119645710403,0.30820162928366207
2022,05,ITA.11_1,0.09499855231282009,0.2596861085656847
2022,05,ITA.12_1,0,0.34387488580711184
2022,05,ITA.13_1,0,0.0965547455703965
2022,05,ITA.14_1,0,0.15668862876766554
2022,05,ITA.15_1,0.0719159321335937,0.18692343879672885
2022,05,ITA.16_1,0.17070392625560535,0.2699369959233344
2022,05,ITA.17_1,0.5842506235332976,0.2988491543457342
2022,05,ITA.18_1,0,0.08873127602607363
2022,05,ITA.19_1,0,0.3803517452233131
2022,05,ITA.2_1,0.07546735365787365,0.18092703848981467
2022,05,ITA.20_1,0.11182367296483445,0.25471488011250576
2022,05,ITA.3_1,0,0.19832574141826462
2022,05,ITA.4_1,0,0.196365756573438
2022,05,ITA.5_1,0.1655406827260958,0.37466525131112827
2022,05,ITA.6_1,0.11202550318539872,0.21300192593154935
2022,05,ITA.7_1,0.18315869279774144,0.3370668436451973
2022,05,ITA.8_1,0.37140090457321107,0.4504515245681446
2022,05,ITA.9_1,0.10271602997454467,0.20957516653114602
