year,month,gid_1,est,se
2022,05,ESP.10_1,0.4743013925933768,1
2022,05,ESP.2_1,0.052258639862610576,0.23509454720454528
2022,05,ESP.6_1,0.6167287048503696,0.5707305000081007
