year,month,gid_3,est,se
2022,01,ESP.10.1.1_1,0.994,0.07726558075864033
2022,01,ESP.10.1.2_1,0.696,0.4602127723084137
2022,01,ESP.10.1.4_1,0.83,0.3758207567993567
2022,01,ESP.10.1.5_1,0.534,0.4990922691177385
2022,01,ESP.10.1.6_1,0.322,0.46747677432631296
2022,01,ESP.10.1.7_1,0.385,0.48683879468671354
2022,01,ESP.10.1.8_1,0.015,0.12161327966052798
2022,01,ESP.10.1.9_1,0.029,0.1678904023081343
2022,01,ESP.10.2.3_1,0.612,0.48753840227585526
2022,01,ESP.10.2.5_1,0.07,0.25527468571161765
2022,01,ESP.10.2.7_1,0.246,0.4308940353145651
2022,01,ESP.10.2.8_1,0.545,0.4982200550190881
2022,01,ESP.10.3.1_1,0.01,0.0995485304256668
2022,01,ESP.10.3.10_1,0.495,0.50022517452166
2022,01,ESP.10.3.11_1,0.726,0.44623214039681536
2022,01,ESP.10.3.12_1,0.271,0.4446985009607709
2022,01,ESP.10.3.13_1,0.261,0.4393996723622721
2022,01,ESP.10.3.14_1,0.386,0.48707416400507353
2022,01,ESP.10.3.16_1,0.494,0.5002141683461337
2022,01,ESP.10.3.18_1,0.455,0.4982200550190881
2022,01,ESP.10.3.2_1,0.744,0.43664018900538076
2022,01,ESP.10.3.4_1,0,0
2022,01,ESP.10.3.6_1,0.405,0.4911376754192415
2022,01,ESP.10.3.7_1,0.763,0.4254550646214145
2022,01,ESP.10.3.8_1,0.231,0.42168331341993703
