year,month,gid_1,est,se
2017,05,ARG.24_1,8.161176820590975e-4,0.0015085236387530991
2017,05,DOM.5_1,0.15059902057701471,0.4195864731344885
2017,05,GTM.7_1,0.0033917235792015896,0.010863079252491054
2017,05,HND.8_1,0.0016360759296156877,0.003819201174761365
2017,05,IND.20_1,2.2077825343373475e-5,5.649602775289844e-5
2017,05,IND.34_1,3.4342486242888805e-5,7.975238260176574e-5
2017,05,MEX.14_1,6.853062281028438e-5,2.3927599742597534e-4
2017,05,MEX.16_1,1.7277092216118066e-4,4.5050061260565636e-4
2017,05,MEX.17_1,0.0022565312447925057,0.005812861515298033
2017,05,MEX.31_1,2.0648128529144992e-4,6.031682589407761e-4
2017,05,MEX.9_1,0.002567527381408224,0.011392360584021781
2017,05,PAK.7_1,2.531509719980871e-5,7.103414268622778e-5
2017,05,PER.13_1,0.0030863180552951398,0.0028613633420325113
2017,05,PRI.52_1,0.21988605352869517,0.4368777038977899
2017,05,PRI.65_1,0.07795717150985071,0.23188503100472233
2017,05,USA.5_1,2.6599726503753716e-6,6.607723166421854e-6
2017,05,VEN.14_1,8.523036607168999e-4,0.0018734939436260473
