year,month,gid_1,est,se
2020,10,ARG.24_1,0.0022285252860632346,0.0023764153052541646
2020,10,DOM.5_1,0.21686434521285042,0.5006598604320667
2020,10,GTM.7_1,0.004642775935372118,0.012665954551057568
2020,10,HND.8_1,0.0013080627518974376,0.003426019916093099
2020,10,IND.20_1,1.9595179217760466e-5,5.269720787374718e-5
2020,10,IND.34_1,2.014528431012886e-5,5.896889680482239e-5
2020,10,MEX.14_1,1.1204297188179283e-4,3.072139253322377e-4
2020,10,MEX.16_1,1.0075722984621102e-4,3.4357538563217673e-4
2020,10,MEX.17_1,0.0017888372026335945,0.0051902475116364435
2020,10,MEX.31_1,1.4908003685499185e-4,5.12646318219627e-4
2020,10,MEX.9_1,0.004367589519676875,0.014808070066555988
2020,10,PAK.7_1,2.0687983066855273e-5,6.343060385034712e-5
2020,10,PER.13_1,0.0010759563900975318,0.0018044749371807177
2020,10,PRI.52_1,0.17865667037475688,0.39565113169779914
2020,10,PRI.65_1,0.13819988719030735,0.30605278938527974
2020,10,USA.5_1,2.7929712828941405e-5,4.05092361222053e-5
2020,10,VEN.14_1,0.00065469744078786995,0.0016481162856596765
