ID_0,est,se
ESP,0.5467205720799999,0.0222923671237925
