year,month,gid_2,est,se
2020,08,ESP.1.1_1,0.965,0.18387171834952978
2020,08,ESP.1.2_1,0.695,0.4606378047741926
2020,08,ESP.1.3_1,0.449,0.4976410821532389
2020,08,ESP.1.4_1,0.829,0.3766973598273565
2020,08,ESP.1.5_1,0,0.4799472360055315
2020,08,ESP.1.6_1,0.052,0.22213812222431642
2020,08,ESP.1.7_1,0.977,0.1499783100768024
2020,08,ESP.1.8_1,0.242,0.428508599236491
2020,08,ESP.10.1_1,0.828,0.3775692765024169
2020,08,ESP.10.2_1,0.94,0.237605674293474
2020,08,ESP.10.3_1,0.82,0.38437969216355294
2020,08,ESP.11.1_1,0,0.48993779098885504
2020,08,ESP.11.2_1,0,0.49152069396170145
2020,08,ESP.12.1_1,0,0.48384409173317916
2020,08,ESP.12.2_1,0,0.4933095928059319
2020,08,ESP.12.3_1,0,0.48587557571365436
2020,08,ESP.12.4_1,0,0.48776727741507725
2020,08,ESP.13.1_1,0.948,0.22213812222431645
2020,08,ESP.14.1_1,0,0.4884409632438444
2020,08,ESP.14.2_1,0,0.4729214043101186
2020,08,ESP.15.1_1,0.047,0.21174474216810163
2020,08,ESP.16.1_1,0,0.4911376754192415
2020,08,ESP.16.2_1,0.509,0.5001691405606399
2020,08,ESP.16.3_1,0.164,0.3704608498090469
2020,08,ESP.17.1_1,0,0.49261919742705285
2020,08,ESP.18.1_1,0.923,0.26672484350382913
2020,08,ESP.2.1_1,0.721,0.4487319471135974
2020,08,ESP.2.2_1,0.035,0.18387171834952978
2020,08,ESP.2.3_1,0.232,0.42232020358296185
2020,08,ESP.3.1_1,0,0.4835802413765991
2020,08,ESP.4.1_1,0.153,0.3601676286407771
2020,08,ESP.4.2_1,0,0.4913302406787164
2020,08,ESP.4.3_1,0.25,0.4332293707583636
2020,08,ESP.4.4_1,0,0.48683879468671354
2020,08,ESP.4.5_1,0.045,0.20740785428237288
2020,08,ESP.5.1_1,0,0.4909429956981004
2020,08,ESP.5.2_1,0,0.49152069396170145
2020,08,ESP.5.3_1,0,0.4920794063381866
2020,08,ESP.5.4_1,0,0.48436516143258035
2020,08,ESP.5.5_1,0,0.49170903772228736
2020,08,ESP.5.6_1,0,0.4833141758655467
2020,08,ESP.5.7_1,0,0.48909530177074306
2020,08,ESP.5.8_1,0,0.48611964814468495
2020,08,ESP.5.9_1,0,0.48993779098885504
2020,08,ESP.6.1_1,0.824,0.3810107205436209
2020,08,ESP.6.2_1,0.894,0.30799165387857325
2020,08,ESP.6.3_1,0.73,0.44418160396092193
2020,08,ESP.6.4_1,0.923,0.26672484350382913
2020,08,ESP.7.1_1,0,0.48384409173317916
2020,08,ESP.7.2_1,0,0.4808192874533916
2020,08,ESP.8.1_1,0.471,0.49940805801309257
2020,08,ESP.9.1_1,0.048,0.21387319079712103
