year,month,ID_2,est,se
2020,08,ESP.1.1_1,1,0
2020,08,ESP.1.2_1,0.998,0.04469897088298564
2020,08,ESP.1.3_1,0.42,0.49380547166252
2020,08,ESP.1.4_1,1,0
2020,08,ESP.1.5_1,0,0
2020,08,ESP.1.6_1,0.044,0.20519772441746548
2020,08,ESP.1.7_1,0.999,0.03162277660168379
2020,08,ESP.1.8_1,0.384,0.48660125439704816
2020,08,ESP.10.1_1,1,0
2020,08,ESP.10.2_1,1,0
2020,08,ESP.10.3_1,1,0
2020,08,ESP.11.1_1,0,0
2020,08,ESP.11.2_1,0,0
2020,08,ESP.12.1_1,0,0
2020,08,ESP.12.2_1,0,0
2020,08,ESP.12.3_1,0,0
2020,08,ESP.12.4_1,0,0
2020,08,ESP.13.1_1,1,0
2020,08,ESP.14.1_1,0,0
2020,08,ESP.14.2_1,0,0
2020,08,ESP.15.1_1,0.016,0.12553788177183714
2020,08,ESP.16.1_1,0,0
2020,08,ESP.16.2_1,0.745,0.4360793106364542
2020,08,ESP.16.3_1,0.202,0.40169311340544206
2020,08,ESP.17.1_1,0,0
2020,08,ESP.18.1_1,1,0
2020,08,ESP.2.1_1,0.999,0.03162277660168379
2020,08,ESP.2.2_1,0.05,0.21805400144814482
2020,08,ESP.2.3_1,0.526,0.4995733915788286
2020,08,ESP.3.1_1,0,0
2020,08,ESP.4.1_1,0.297,0.4571651780264984
2020,08,ESP.4.2_1,0,0
2020,08,ESP.4.3_1,0.266,0.44208533049564025
2020,08,ESP.4.4_1,0,0
2020,08,ESP.4.5_1,0.021,0.14345584540052586
2020,08,ESP.5.1_1,0,0
2020,08,ESP.5.2_1,0,0
2020,08,ESP.5.3_1,0,0
2020,08,ESP.5.4_1,0,0
2020,08,ESP.5.5_1,0,0
2020,08,ESP.5.6_1,0,0
2020,08,ESP.5.7_1,0,0
2020,08,ESP.5.8_1,0,0
2020,08,ESP.5.9_1,0,0
2020,08,ESP.6.1_1,0.987,0.11333068359382575
2020,08,ESP.6.2_1,1,0
2020,08,ESP.6.3_1,1,0
2020,08,ESP.6.4_1,1,0
2020,08,ESP.7.1_1,0,0
2020,08,ESP.7.2_1,0,0
2020,08,ESP.8.1_1,0.658,0.47461696267754827
2020,08,ESP.9.1_1,0.005,0.07056897321046962
