year,month,gid_1,est,se
2019,06,ESP.1_1,0.2506488676586329,0.32685634386644186
2019,06,ESP.10_1,0.7054172982995692,0.44378561853550735
2019,06,ESP.11_1,0,0.4826755575243419
2019,06,ESP.12_1,0,0.48750297586846253
2019,06,ESP.13_1,0.918,0.27459483484202135
2019,06,ESP.14_1,0,0.4801580932412588
2019,06,ESP.15_1,0,0.07059283762335392
2019,06,ESP.16_1,0.02678032428585067,0.24501665761841704
2019,06,ESP.17_1,0,0.4815521727314684
2019,06,ESP.18_1,0.913,0.2820714377149685
2019,06,ESP.2_1,0.01635171639267896,0.1177630045300271
2019,06,ESP.3_1,0,0.4776832397841323
2019,06,ESP.4_1,0,0.1223913877566201
2019,06,ESP.5_1,0,0.47893036931516003
2019,06,ESP.6_1,0.6012620246975783,0.4727508593226015
2019,06,ESP.8_1,0.007,0.08344258336909405
2019,06,ESP.9_1,0.006,0.07729170977309362
