year,month,gid_1,est,se
2019,06,ESP.1_1,0.4419348946332959,0.3669651270622794
2019,06,ESP.10_1,0.9013730988029959,0.29906685158253127
2019,06,ESP.11_1,0,0.4999789967932161
2019,06,ESP.12_1,0,0.49991246655780774
2019,06,ESP.13_1,0.9382121608313163,0.25187237482148034
2019,06,ESP.14_1,0,0.4939315836858417
2019,06,ESP.15_1,0.08254656350661796,0.2745025551027939
2019,06,ESP.16_1,0.22653255063636624,0.4798166036520575
2019,06,ESP.17_1,0,0.5000820746731548
2019,06,ESP.18_1,0.9945854237138846,0.10893996208705614
2019,06,ESP.2_1,0.19221191767113247,0.38072085797547855
2019,06,ESP.3_1,0,0.5000820746731548
2019,06,ESP.4_1,0.10941827064374365,0.40474942561701033
2019,06,ESP.5_1,0,0.49972841348137514
2019,06,ESP.6_1,0.8448667661736192,0.3558382686673322
2019,06,ESP.8_1,0.0644265861515067,0.24487589473196267
2019,06,ESP.9_1,0.08556655973246984,0.27902179890737916
