year,month,gid_1,est,se
2019,06,ESP.1_1,0.44082516070456307,0.35983413153164057
2019,06,ESP.10_1,0.9023367013370186,0.2966551308472613
2019,06,ESP.11_1,0,0.49932365832421166
2019,06,ESP.12_1,0,0.500179185666375
2019,06,ESP.13_1,0.9435037414024571,0.23574448833852954
2019,06,ESP.14_1,0,0.4941143098462497
2019,06,ESP.15_1,0.07921019720594487,0.26987589214264096
2019,06,ESP.16_1,0.23074447933338477,0.48188132777505105
2019,06,ESP.17_1,0,0.5002451850494554
2019,06,ESP.18_1,0.9896261347122478,0.11333159025017439
2019,06,ESP.2_1,0.18390921158080673,0.3709089593993919
2019,06,ESP.3_1,0,0.4999299198935015
2019,06,ESP.4_1,0.1076176349506328,0.406609269099442
2019,06,ESP.5_1,0,0.5000135365886303
2019,06,ESP.6_1,0.8358389467791153,0.36031638745794775
2019,06,ESP.8_1,0.07820753648181898,0.268307919775442
2019,06,ESP.9_1,0.0902394651713296,0.28632724934012377
