year,month,gid_1,est,se
2019,06,ESP.1_1,0.2810263208728672,0.3209795738848874
2019,06,ESP.10_1,0.556698779965015,0.4766196423761744
2019,06,ESP.11_1,0,0.3917796718102643
2019,06,ESP.12_1,0,0.38235426554373875
2019,06,ESP.13_1,0.852,0.3552776691859794
2019,06,ESP.14_1,0,0.3939975220449298
2019,06,ESP.15_1,0,0
2019,06,ESP.16_1,0.024296326226530364,0.22989655448007068
2019,06,ESP.17_1,0,0.3775692765024169
2019,06,ESP.18_1,0.875,0.33088439746304826
2019,06,ESP.2_1,0.022394492193509544,0.1344823120465797
2019,06,ESP.3_1,0,0.39407016036651554
2019,06,ESP.4_1,0,0.04826895875099352
2019,06,ESP.5_1,0,0.39049641376059885
2019,06,ESP.6_1,0.47181142028247713,0.4831857384934302
2019,06,ESP.8_1,0.017,0.1293357171384909
2019,06,ESP.9_1,0.014,0.11754921445002436
2019,06,ITA.10_1,0.6400022937792615,0.31352253874911784
2019,06,ITA.15_1,0.03899254211123961,0.22587879117538995
2019,06,ITA.16_1,0.012123906185401738,0.10845565865386639
2019,06,ITA.20_1,0.03429601086188289,0.17324181067844488
2019,06,ITA.6_1,0.048,0.213873190797121
2019,06,ITA.7_1,0.037,0.1888562063228706
2019,06,ITA.8_1,0.03378387419498613,0.1610069990575827
