year,month,gid_1,est,se
2022,10,ESP.1_1,0.11727497982748777,0.2510742742121607
2022,10,ESP.10_1,0.20243857453918623,0.37088522926394524
2022,10,ESP.11_1,0.02111243277446869,0.13648385827100679
2022,10,ESP.12_1,0,0.15189228694223095
2022,10,ESP.13_1,0.22666501745656742,0.4039108952758587
2022,10,ESP.14_1,0,0.1810500929757803
2022,10,ESP.15_1,0,0.03162334582703175
2022,10,ESP.16_1,0,0.4758441517116443
2022,10,ESP.17_1,0.21450250432475162,0.39563386541361334
2022,10,ESP.18_1,0.26868097191193113,0.4291174247669835
2022,10,ESP.2_1,0,0.233651493841953
2022,10,ESP.3_1,0,0.07726697157664618
2022,10,ESP.4_1,0.020274277185447713,0.22413459820921688
2022,10,ESP.5_1,0.2334811798148137,0.41446993961123724
2022,10,ESP.6_1,0.3410019591118868,0.33745530031860205
2022,10,ESP.7_1,0.15921835372558882,0.35127173170246584
2022,10,ESP.8_1,0.4334277406974362,0.48844975541857216
2022,10,ESP.9_1,0,0.45020659188176276
2022,10,ITA.1_1,0.14360451301828564,0.33596300530689577
2022,10,ITA.10_1,0.4323660831693138,0.45479951334995977
2022,10,ITA.11_1,0.12232001395589727,0.27844033798068507
2022,10,ITA.12_1,0,0.4495911247625229
2022,10,ITA.13_1,0.2563046041146533,0.3941811154989647
2022,10,ITA.14_1,0.07632944618346015,0.2954788640792195
2022,10,ITA.15_1,0.14654880104508636,0.3259284970082252
2022,10,ITA.16_1,0.4062904802301555,0.3854491408193805
2022,10,ITA.17_1,0.7779890032034197,0.2147287713649952
2022,10,ITA.18_1,0.13765017313471245,0.33024821525854636
2022,10,ITA.2_1,0.04274496479939875,0.17496767637226454
2022,10,ITA.20_1,0.5772832109619744,0.3784294034078616
2022,10,ITA.3_1,0,0.06948569393692655
2022,10,ITA.4_1,0.09511113187219758,0.3837056781324481
2022,10,ITA.5_1,0.471004742004002,0.4693555889266797
2022,10,ITA.6_1,0.39283924974510614,0.397877081326884
2022,10,ITA.7_1,0.44104896285822104,0.47039427048210897
2022,10,ITA.8_1,0.19801141193023244,0.3302304338995387
2022,10,ITA.9_1,0.20294911562362297,0.3379838714939038
