ID_1,est,se
ESP.1_1,0.6731897617386575,0.2358737732807194
ESP.10_1,0.7124360000000001,0.4696315801956454
ESP.11_1,0.03475000000000006,0.12787580072814736
ESP.12_1,0.555566,0.23499985170533116
ESP.13_1,0.398,0.48973037054672836
ESP.14_1,0.277096,0.2643134622437981
ESP.15_1,0.014000000000000012,0.11754921445002436
ESP.16_1,0.547096,0.31288113646360227
ESP.17_1,0.631,0.48277538469983333
ESP.18_1,0.45799999999999996,0.4984821807090846
ESP.2_1,0.277262,0.1867209788182614
ESP.3_1,0.015000000000000013,0.12161327966052798
ESP.4_1,0.24105570399999998,0.15842393676604333
ESP.5_1,0.34177446928,0.11562860204914693
ESP.6_1,0.94043266624,0.41272655306669964
ESP.7_1,0.10299999999999998,0.1520554861584115
ESP.8_1,0.46399999999999997,0.498951854343636
ESP.9_1,0,0
