year,month,gid_3,est,se
2021,09,ESP.10.1.1_1,1,0
2021,09,ESP.10.1.2_1,0.999,0.03162277660168379
2021,09,ESP.10.1.4_1,1,0
2021,09,ESP.10.1.5_1,0.941,0.23574260237507894
2021,09,ESP.10.1.6_1,1,0
2021,09,ESP.10.1.7_1,1,0
2021,09,ESP.10.1.8_1,0.963,0.1888562063228706
2021,09,ESP.10.1.9_1,1,0
2021,09,ESP.10.2.3_1,0.127,0.33313958333104454
2021,09,ESP.10.2.5_1,1,0
2021,09,ESP.10.2.7_1,1,0
2021,09,ESP.10.2.8_1,1,0
2021,09,ESP.10.3.1_1,1,0
2021,09,ESP.10.3.10_1,0.988,0.10893974420691407
2021,09,ESP.10.3.11_1,1,0
2021,09,ESP.10.3.12_1,0.993,0.08341437500789632
2021,09,ESP.10.3.13_1,0.998,0.04469897088298564
2021,09,ESP.10.3.14_1,1,0
2021,09,ESP.10.3.16_1,0.989,0.10435463521037237
2021,09,ESP.10.3.18_1,0.156,0.3630369069334353
2021,09,ESP.10.3.2_1,1,0
2021,09,ESP.10.3.4_1,1,0
2021,09,ESP.10.3.6_1,0.951,0.21597603025716916
2021,09,ESP.10.3.7_1,1,0
2021,09,ESP.10.3.8_1,1,0
2021,09,ESP.18.1.5_1,1,0
2021,09,ESP.2.1.1_1,1,0
2021,09,ESP.2.1.4_1,1,0
2021,09,ESP.2.2.5_1,1,0
2021,09,ESP.2.3.8_1,0.302,0.45935499018406994
2021,09,ESP.4.3.3_1,0.956,0.20519772441746548
2021,09,ESP.6.1.10_1,1,0
2021,09,ESP.6.1.11_1,1,0
2021,09,ESP.6.1.12_1,1,0
2021,09,ESP.6.1.3_1,1,0
2021,09,ESP.6.1.4_1,1,0
2021,09,ESP.6.1.5_1,1,0
2021,09,ESP.6.1.6_1,0.995,0.07056897321046962
2021,09,ESP.6.1.7_1,1,0
2021,09,ESP.6.1.8_1,0.998,0.04469897088298564
2021,09,ESP.6.1.9_1,1,0
2021,09,ESP.6.2.1_1,0.246,0.4308940353145651
2021,09,ESP.6.2.2_1,0.093,0.290577761426155
2021,09,ESP.6.2.3_1,0.997,0.05471740119919799
2021,09,ESP.6.2.4_1,1,0
2021,09,ESP.6.2.5_1,1,0
2021,09,ESP.6.2.6_1,1,0
2021,09,ESP.6.2.7_1,1,0
2021,09,ESP.6.3.10_1,1,0
2021,09,ESP.6.3.2_1,1,0
2021,09,ESP.6.3.3_1,0.914,0.28050433629924987
2021,09,ESP.6.3.4_1,0.963,0.1888562063228706
2021,09,ESP.6.3.5_1,0.11,0.31304631925323445
2021,09,ESP.6.3.6_1,0.954,0.20958990416508122
2021,09,ESP.6.3.7_1,0.932,0.2518718710762269
2021,09,ESP.6.3.8_1,0.999,0.03162277660168379
2021,09,ESP.6.4.2_1,1,0
2021,09,ESP.6.4.3_1,1,0
2021,09,ESP.6.4.4_1,1,0
2021,09,ESP.6.4.7_1,0.999,0.03162277660168379
2021,09,FRA.11.11.1_1,1,0
