year,month,gid_3,est,se
2021,09,ESP.10.1.1_1,0.976,0.15312559370479986
2021,09,ESP.10.1.2_1,0.844,0.3630369069334353
2021,09,ESP.10.1.4_1,1,0
2021,09,ESP.10.1.5_1,0.609,0.4882185549089233
2021,09,ESP.10.1.6_1,0.999,0.03162277660168379
2021,09,ESP.10.1.7_1,1,0
2021,09,ESP.10.1.8_1,0.919,0.27297163499805893
2021,09,ESP.10.1.9_1,0.996,0.06315051850925682
2021,09,ESP.10.2.3_1,0.478,0.4997657108743714
2021,09,ESP.10.2.5_1,1,0
2021,09,ESP.10.2.7_1,0.999,0.03162277660168379
2021,09,ESP.10.2.8_1,0.991,0.09448771310560929
2021,09,ESP.10.3.1_1,0.989,0.10435463521037237
2021,09,ESP.10.3.10_1,1,0
2021,09,ESP.10.3.11_1,0.999,0.03162277660168379
2021,09,ESP.10.3.12_1,0.853,0.35428310221702153
2021,09,ESP.10.3.13_1,0.996,0.06315051850925682
2021,09,ESP.10.3.14_1,1,0
2021,09,ESP.10.3.16_1,0.834,0.37226681638655706
2021,09,ESP.10.3.18_1,0.235,0.42421097929562707
2021,09,ESP.10.3.2_1,0.999,0.03162277660168379
2021,09,ESP.10.3.4_1,0.999,0.03162277660168379
2021,09,ESP.10.3.6_1,0.831,0.3749394345485409
2021,09,ESP.10.3.7_1,0.997,0.05471740119919799
2021,09,ESP.10.3.8_1,0.998,0.04469897088298564
