ID_0,est,se
ESP,0.38873982162209897,0.07913027530865162
