year,month,gid_2,est,se
2019,01,ESP.1.1_1,0,0
2019,01,ESP.1.2_1,0,0
2019,01,ESP.1.3_1,0,0
2019,01,ESP.1.4_1,0,0
2019,01,ESP.1.5_1,0,0
2019,01,ESP.1.6_1,0,0
2019,01,ESP.1.7_1,0,0
2019,01,ESP.1.8_1,0,0
2019,01,ESP.10.1_1,0,0
2019,01,ESP.10.2_1,0,0
2019,01,ESP.10.3_1,0,0
2019,01,ESP.11.1_1,0,0.30279974849343533
2019,01,ESP.11.2_1,0,0.2988114594326802
2019,01,ESP.12.1_1,0,0.30541328929383094
2019,01,ESP.12.4_1,0,0.30279974849343533
2019,01,ESP.13.1_1,0,0.04469897088298564
2019,01,ESP.14.1_1,0,0.30279974849343533
2019,01,ESP.14.2_1,0,0.2988114594326802
2019,01,ESP.15.1_1,0,0
2019,01,ESP.16.1_1,0,0
2019,01,ESP.16.2_1,0,0
2019,01,ESP.16.3_1,0,0
2019,01,ESP.17.1_1,0,0.29197474077263813
2019,01,ESP.18.1_1,0.018,0.13301764429463367
2019,01,ESP.2.1_1,0,0
2019,01,ESP.2.2_1,0,0
2019,01,ESP.2.3_1,0,0
2019,01,ESP.3.1_1,0,0.31918157352340515
2019,01,ESP.4.2_1,0,0
2019,01,ESP.4.4_1,0,0
2019,01,ESP.4.5_1,0,0
2019,01,ESP.5.1_1,0,0.3155242550986462
2019,01,ESP.5.2_1,0,0.3155242550986462
2019,01,ESP.5.5_1,0,0.3117951510466707
2019,01,ESP.5.6_1,0,0.3067068128833611
2019,01,ESP.5.7_1,0,0.3167512136225074
2019,01,ESP.5.8_1,0,0.3142893217686178
2019,01,ESP.5.9_1,0,0.3105357184486713
2019,01,ESP.6.1_1,0,0
2019,01,ESP.6.2_1,0,0
2019,01,ESP.6.3_1,0,0
2019,01,ESP.6.4_1,0,0
2019,01,ESP.8.1_1,0,0
2019,01,ITA.10.12_1,0,0
2019,01,ITA.10.8_1,0,0
2019,01,ITA.10.9_1,0,0
