year,month,gid_2,est,se
2021,02,ESP.1.1_1,0.994,0.07726558075864033
2021,02,ESP.1.2_1,0.886,0.31797028965786267
2021,02,ESP.1.3_1,0.071,0.25695335184625445
2021,02,ESP.1.4_1,0.701,0.4580489153014215
2021,02,ESP.1.5_1,0,0.3262904618058356
2021,02,ESP.1.6_1,0,0.4708085180417413
2021,02,ESP.1.7_1,0.931,0.2535809600567505
2021,02,ESP.1.8_1,0.999,0.03162277660168379
2021,02,ESP.10.1_1,0.985,0.12161327966052798
2021,02,ESP.10.2_1,0.626,0.48410573055723927
2021,02,ESP.10.3_1,0.777,0.41646661864361284
2021,02,ESP.11.1_1,0.199,0.39944781706570703
2021,02,ESP.11.2_1,0.023,0.1499783100768024
2021,02,ESP.12.1_1,0,0.30541328929383094
2021,02,ESP.12.2_1,0,0.17872588772459053
2021,02,ESP.13.1_1,0.914,0.28050433629924987
2021,02,ESP.14.1_1,0.767,0.42295376802895357
2021,02,ESP.14.2_1,0.678,0.46747677432631296
2021,02,ESP.15.1_1,0,0.15921478998305827
2021,02,ESP.16.2_1,0.618,0.48611964814468495
2021,02,ESP.16.3_1,0.382,0.48611964814468495
2021,02,ESP.17.1_1,0.628,0.4835802413765991
2021,02,ESP.18.1_1,0.945,0.22809433799861634
2021,02,ESP.2.1_1,0,0.49518098126261295
2021,02,ESP.3.1_1,0,0.16505527329729044
2021,02,ESP.4.1_1,0,0.4882185549089233
2021,02,ESP.4.3_1,0,0.237605674293474
2021,02,ESP.4.4_1,0,0.18131981931624816
2021,02,ESP.4.5_1,0,0.11754921445002436
2021,02,ESP.5.2_1,0,0.17340435135563662
2021,02,ESP.5.8_1,0,0.41910219117375974
2021,02,ESP.6.1_1,0.983,0.1293357171384909
2021,02,ESP.6.2_1,0.984,0.12553788177183714
2021,02,ESP.6.3_1,0.401,0.4903462444430868
2021,02,ESP.6.4_1,0.999,0.03162277660168379
2021,02,ESP.7.1_1,0.536,0.498951854343636
2021,02,ESP.8.1_1,0.976,0.15312559370479986
2021,02,ESP.9.1_1,0,0.35428310221702153
