year,month,gid_2,est,se
2021,02,ESP.1.1_1,0.887,0.3167512136225074
2021,02,ESP.1.2_1,0.814,0.3893013685508382
2021,02,ESP.1.3_1,0.206,0.4046328307586122
2021,02,ESP.1.4_1,0.688,0.46354166034011535
2021,02,ESP.1.5_1,0.176,0.3810107205436209
2021,02,ESP.1.6_1,0.459,0.4985655098054493
2021,02,ESP.1.7_1,0.974,0.15921478998305827
2021,02,ESP.1.8_1,0.999,0.03162277660168379
2021,02,ESP.10.1_1,0.997,0.05471740119919799
2021,02,ESP.10.2_1,0.811,0.3917045218432287
2021,02,ESP.10.3_1,0.697,0.45978516983739526
2021,02,ESP.11.1_1,0.176,0.3810107205436209
2021,02,ESP.11.2_1,0.168,0.3740533597174552
2021,02,ESP.12.1_1,0.141,0.34819569244928955
2021,02,ESP.12.2_1,0.056,0.23003677296666486
2021,02,ESP.12.3_1,0.041,0.19838941090279583
2021,02,ESP.12.4_1,0.075,0.26352313834736496
2021,02,ESP.13.1_1,0.902,0.29746341705239066
2021,02,ESP.14.1_1,0.369,0.48277538469983333
2021,02,ESP.14.2_1,0.131,0.33756918246924283
2021,02,ESP.15.1_1,0.016,0.12553788177183714
2021,02,ESP.16.1_1,0.004,0.06315051850925682
2021,02,ESP.16.2_1,0.783,0.4124088760939574
2021,02,ESP.16.3_1,0.081,0.27297163499805893
2021,02,ESP.17.1_1,0.482,0.49992592043814443
2021,02,ESP.18.1_1,0.947,0.22414558046332575
2021,02,ESP.2.1_1,0.367,0.48222768848702946
2021,02,ESP.2.2_1,0.029,0.1678904023081343
2021,02,ESP.2.3_1,0.702,0.4576083537321029
2021,02,ESP.3.1_1,0.001,0.03162277660168379
2021,02,ESP.4.1_1,0.113,0.3167512136225074
2021,02,ESP.4.2_1,0.004,0.06315051850925682
2021,02,ESP.4.3_1,0.022,0.1467567291047928
2021,02,ESP.4.4_1,0.001,0.03162277660168379
2021,02,ESP.4.5_1,0.352,0.47783294604320065
2021,02,ESP.5.1_1,0.011,0.10435463521037237
2021,02,ESP.5.2_1,0.021,0.14345584540052586
2021,02,ESP.5.3_1,0.017,0.1293357171384909
2021,02,ESP.5.4_1,0.006,0.07726558075864033
2021,02,ESP.5.5_1,0.035,0.18387171834952978
2021,02,ESP.5.6_1,0.003,0.05471740119919799
2021,02,ESP.5.7_1,0.162,0.36863517451796685
2021,02,ESP.5.8_1,0.013,0.11333068359382575
2021,02,ESP.5.9_1,0.149,0.3562666500332664
2021,02,ESP.6.1_1,0.999,0.03162277660168379
2021,02,ESP.6.2_1,0.995,0.07056897321046962
2021,02,ESP.6.3_1,0.655,0.4756061408363029
2021,02,ESP.6.4_1,0.999,0.03162277660168379
2021,02,ESP.7.1_1,0.262,0.4399426662072566
2021,02,ESP.7.2_1,0.068,0.2518718710762269
2021,02,ESP.8.1_1,0.985,0.12161327966052798
2021,02,ESP.9.1_1,0.031,0.17340435135563662
