year,month,gid_3,est,se
2021,04,ESP.10.1.1_1,0.4,0.4901430813958718
2021,04,ESP.10.1.2_1,0.155,0.362085771753194
2021,04,ESP.10.1.3_1,0.005,0.07056897321046962
2021,04,ESP.10.1.4_1,0.951,0.21597603025716916
2021,04,ESP.10.1.5_1,0.373,0.48384409173317916
2021,04,ESP.10.1.6_1,0.176,0.3810107205436209
2021,04,ESP.10.1.7_1,0.999,0.03162277660168379
2021,04,ESP.10.1.8_1,0.333,0.47152235719351987
2021,04,ESP.10.1.9_1,0.004,0.06315051850925682
2021,04,ESP.10.2.1_1,0.019,0.13659303663678343
2021,04,ESP.10.2.2_1,0.602,0.48973037054672836
2021,04,ESP.10.2.3_1,0.37,0.48304589153964794
2021,04,ESP.10.2.5_1,0.336,0.47257520811753057
2021,04,ESP.10.2.7_1,0.599,0.4903462444430868
2021,04,ESP.10.2.8_1,0.109,0.3117951510466707
2021,04,ESP.10.3.1_1,0.823,0.3818596821043259
2021,04,ESP.10.3.10_1,1,0
2021,04,ESP.10.3.11_1,0.997,0.05471740119919799
2021,04,ESP.10.3.12_1,0.089,0.2848862231842041
2021,04,ESP.10.3.13_1,0.978,0.1467567291047928
2021,04,ESP.10.3.14_1,0.087,0.2819760814510878
2021,04,ESP.10.3.16_1,0.526,0.4995733915788286
2021,04,ESP.10.3.17_1,0.793,0.4053582555164201
2021,04,ESP.10.3.18_1,0.218,0.4130939925085411
2021,04,ESP.10.3.2_1,0.043,0.2029585972364615
2021,04,ESP.10.3.3_1,0.012,0.10893974420691407
2021,04,ESP.10.3.4_1,0.037,0.1888562063228706
2021,04,ESP.10.3.5_1,0.71,0.4539891035103223
2021,04,ESP.10.3.6_1,0.007,0.08341437500789632
2021,04,ESP.10.3.7_1,0.935,0.24664921616708177
2021,04,ESP.10.3.8_1,0.933,0.25014710386805117
2021,04,ESP.10.3.9_1,0.818,0.3860375953518323
