year,month,gid_3,est,se
2018,07,ESP.10.1.1_1,0.0013946483629356378,0.019680721570720944
2018,07,ESP.10.1.4_1,5.6631345207573065e-5,0.005914249075590366
2018,07,ESP.10.1.6_1,0.0016527654736522637,0.01951556482437685
2018,07,ESP.10.1.7_1,0.0038115956247929193,0.0355575949928294
2018,07,ESP.10.1.9_1,0.006947371849634774,0.05237003774747509
2018,07,ESP.10.2.5_1,0.002986017434163666,0.019491856759469735
2018,07,ESP.10.2.7_1,0.0035569753542848493,0.024791827677821048
2018,07,ESP.10.2.8_1,0.004651154650647279,0.03710013008436973
2018,07,ESP.10.3.1_1,0.013672591094681951,0.0984076221445877
2018,07,ESP.10.3.13_1,0.002823717202262189,0.022216308839745513
2018,07,ESP.10.3.4_1,0.028469036908527742,0.20608788025490238
2018,07,ESP.10.3.7_1,0.028997275474212058,0.19988675173707676
2018,07,ESP.10.3.8_1,0.017976907087176315,0.1370213836679258
2018,07,ESP.18.1.5_1,0.003026609450332179,0.023868793281750515
2018,07,ESP.2.2.1_1,0.00036888834178954865,0.0022226100252074935
2018,07,ESP.2.3.2_1,9.35415136873214e-4,0.003284944743973
2018,07,ESP.6.1.10_1,0.005278140932331426,0.039558741463584436
2018,07,ESP.6.1.11_1,0.007582032803758526,0.046901523678568625
2018,07,ESP.6.1.12_1,0.005092812521096171,0.03247482530633324
2018,07,ESP.6.1.3_1,0.0038284823436679255,0.0395015620118911
2018,07,ESP.6.1.5_1,0.005604902651761545,0.037654512447233536
2018,07,ESP.6.1.6_1,0.010228782773404145,0.07334551104148491
2018,07,ESP.6.1.9_1,0.004226645287273163,0.02443991653773956
2018,07,ESP.6.2.4_1,0.0034564963212462196,0.025577674737198002
2018,07,ESP.6.2.5_1,0.002525654945272076,0.016299122186333587
2018,07,ESP.6.2.6_1,0.0024051508679710566,0.01880723647772722
2018,07,ESP.6.2.7_1,0.006535770888233568,0.03861361138726076
2018,07,ESP.6.3.10_1,0.0033199035491011195,0.0218074445155824
2018,07,ESP.6.4.2_1,0.008029633114153537,0.060676359882178475
2018,07,ESP.6.4.3_1,0.0036525866660586308,0.020916274636472897
2018,07,ESP.6.4.7_1,0.0023167807122060303,0.013345758076465474
