year,month,gid_2,est,se
2014,07,ESP.10.1_1,0.304,0.4602127723084137
2014,07,ESP.10.2_1,0.268,0.4431392245924213
2014,07,ESP.10.3_1,0.259,0.4383048152953731
2014,07,ESP.18.1_1,0.26,0.43885372573625553
2014,07,ESP.2.3_1,0.218,0.4130939925085411
2014,07,ESP.4.1_1,0.204,0.40317061716666125
2014,07,ESP.6.1_1,0.348,0.47657436263727315
2014,07,ESP.6.2_1,0.35,0.47720826452161086
2014,07,ESP.6.4_1,0.292,0.45490981847278583
