year,month,gid_2,est,se
2020,01,ESP.10.1_1,0.998,0.04469897088298564
2020,01,ESP.10.2_1,0.619,0.48587557571365436
2020,01,ESP.10.3_1,0.997,0.05471740119919799
