year,month,gid_2,est,se
2020,01,ESP.1.1_1,0.784,0.4117201883725323
2020,01,ESP.1.2_1,0.215,0.4110279113928201
2020,01,ESP.1.4_1,0.4,0.4901430813958718
2020,01,ESP.1.5_1,0,0.362085771753194
2020,01,ESP.1.6_1,0.001,0.03162277660168379
2020,01,ESP.1.7_1,0.801,0.39944781706570703
2020,01,ESP.1.8_1,0.033,0.17872588772459053
2020,01,ESP.10.1_1,0.32,0.46670956473787617
2020,01,ESP.10.2_1,0.625,0.48436516143258035
2020,01,ESP.10.3_1,0.324,0.4682341756463781
2020,01,ESP.11.1_1,0,0.35126540875438816
2020,01,ESP.11.2_1,0,0.362085771753194
2020,01,ESP.12.1_1,0,0.366789496216201
2020,01,ESP.12.2_1,0,0.32860155048170264
2020,01,ESP.13.1_1,0.676,0.4682341756463781
2020,01,ESP.14.1_1,0,0.3860375953518323
2020,01,ESP.14.2_1,0,0.41646661864361284
2020,01,ESP.15.1_1,0.004,0.06315051850925682
2020,01,ESP.16.1_1,0,0.32860155048170264
2020,01,ESP.16.2_1,0.074,0.2619018758859749
2020,01,ESP.17.1_1,0,0.3203851535989872
2020,01,ESP.18.1_1,0.552,0.49753747953651045
2020,01,ESP.2.1_1,0.194,0.39562674393994207
2020,01,ESP.2.2_1,0.006,0.07726558075864033
2020,01,ESP.2.3_1,0.022,0.1467567291047928
2020,01,ESP.3.1_1,0,0.32860155048170264
2020,01,ESP.4.1_1,0.014,0.11754921445002436
2020,01,ESP.4.3_1,0.038,0.19129190414806527
2020,01,ESP.4.4_1,0,0.34189456253630574
2020,01,ESP.4.5_1,0.002,0.04469897088298564
2020,01,ESP.5.1_1,0,0.3397446488562056
2020,01,ESP.5.3_1,0,0.3502480173729377
2020,01,ESP.5.4_1,0,0.3408227694273963
2020,01,ESP.5.5_1,0,0.3532829019480122
2020,01,ESP.5.6_1,0,0.3342569785774528
2020,01,ESP.5.8_1,0,0.33536766610911
2020,01,ESP.5.9_1,0,0.33756918246924283
2020,01,ESP.6.1_1,0.324,0.4682341756463781
2020,01,ESP.6.2_1,0.388,0.48753840227585526
2020,01,ESP.6.3_1,0.194,0.39562674393994207
2020,01,ESP.6.4_1,0.496,0.5002341793942455
2020,01,ESP.8.1_1,0.073,0.2602666685127751
2020,01,ESP.9.1_1,0.004,0.06315051850925682
