year,month,gid_2,est,se
2020,01,ESP.1.1_1,0,0
2020,01,ESP.1.2_1,0,0
2020,01,ESP.1.4_1,0,0
2020,01,ESP.1.5_1,0,0
2020,01,ESP.1.6_1,0,0
2020,01,ESP.1.7_1,0,0
2020,01,ESP.1.8_1,0,0
2020,01,ESP.10.1_1,0,0
2020,01,ESP.10.2_1,0,0
2020,01,ESP.10.3_1,0,0
2020,01,ESP.11.1_1,0,0.30541328929383094
2020,01,ESP.11.2_1,0,0.304110972316823
2020,01,ESP.12.1_1,0,0.3155242550986462
2020,01,ESP.12.2_1,0,0.30799165387857325
2020,01,ESP.13.1_1,0,0.07726558075864033
2020,01,ESP.14.1_1,0,0.2988114594326802
2020,01,ESP.14.2_1,0,0.30279974849343533
2020,01,ESP.15.1_1,0,0
2020,01,ESP.16.1_1,0,0.04469897088298564
2020,01,ESP.16.2_1,0,0
2020,01,ESP.17.1_1,0,0.2933616557443407
2020,01,ESP.18.1_1,0.019,0.13659303663678343
2020,01,ESP.2.1_1,0,0
2020,01,ESP.2.2_1,0,0
2020,01,ESP.2.3_1,0,0
2020,01,ESP.3.1_1,0,0.32158111638343195
2020,01,ESP.4.1_1,0,0
2020,01,ESP.4.3_1,0,0
2020,01,ESP.4.4_1,0,0
2020,01,ESP.4.5_1,0,0
2020,01,ESP.5.1_1,0,0.3142893217686178
2020,01,ESP.5.3_1,0,0.3105357184486713
2020,01,ESP.5.4_1,0,0.3117951510466707
2020,01,ESP.5.5_1,0,0.30926792049394103
2020,01,ESP.5.6_1,0,0.31304631925323445
2020,01,ESP.5.8_1,0,0.31797028965786267
2020,01,ESP.5.9_1,0,0.30799165387857325
2020,01,ESP.6.1_1,0,0
2020,01,ESP.6.2_1,0,0
2020,01,ESP.6.3_1,0,0
2020,01,ESP.6.4_1,0.001,0.03162277660168379
2020,01,ESP.8.1_1,0,0.03162277660168379
2020,01,ESP.9.1_1,0,0
2020,01,ITA.10.12_1,0.034,0.18131981931624816
2020,01,ITA.10.8_1,0,0
2020,01,ITA.13.1_1,0,0
2020,01,ITA.13.6_1,0,0
2020,01,ITA.16.4_1,0,0
2020,01,ITA.20.5_1,0,0
2020,01,ITA.6.5_1,0.004,0.06315051850925682
2020,01,ITA.8.4_1,0,0
