year,month,gid_2,est,se
2020,02,ESP.1.1_1,0,0.31918157352340515
2020,02,ESP.1.2_1,0,0.30541328929383094
2020,02,ESP.1.4_1,0,0.31797028965786267
2020,02,ESP.1.5_1,0,0.2819760814510878
2020,02,ESP.1.6_1,0,0.2947386484173239
2020,02,ESP.1.7_1,0,0.29197474077263813
2020,02,ESP.1.8_1,0,0.28050433629924987
2020,02,ESP.10.1_1,0,0.27297163499805893
2020,02,ESP.10.2_1,0,0.2988114594326802
2020,02,ESP.10.3_1,0,0.3155242550986462
2020,02,ESP.11.1_1,0,0.30926792049394103
2020,02,ESP.11.2_1,0,0.296105857217784
2020,02,ESP.12.1_1,0,0.2760202658994212
2020,02,ESP.12.2_1,0,0.3014795016081357
2020,02,ESP.12.4_1,0,0.2933616557443407
2020,02,ESP.13.1_1,0,0.28632495871296654
2020,02,ESP.14.1_1,0,0.2848862231842041
2020,02,ESP.14.2_1,0,0.2790212408632233
2020,02,ESP.15.1_1,0,0.29746341705239066
2020,02,ESP.16.1_1,0,0.28775302222878874
2020,02,ESP.16.2_1,0.127,0.33313958333104454
2020,02,ESP.16.3_1,0.054,0.2261307920985887
2020,02,ESP.17.1_1,0.116,0.3203851535989872
2020,02,ESP.18.1_1,0,0.3067068128833611
2020,02,ESP.2.1_1,0,0.3105357184486713
2020,02,ESP.2.2_1,0,0.30541328929383094
2020,02,ESP.2.3_1,0,0.3014795016081357
2020,02,ESP.3.1_1,0.078,0.26830577330349786
2020,02,ESP.4.1_1,0,0.3142893217686178
2020,02,ESP.4.2_1,0,0.29746341705239066
2020,02,ESP.4.3_1,0,0.29197474077263813
2020,02,ESP.4.5_1,0,0.2988114594326802
2020,02,ESP.5.2_1,0,0.28632495871296654
2020,02,ESP.5.4_1,0,0.2848862231842041
2020,02,ESP.5.9_1,0,0.304110972316823
2020,02,ESP.6.1_1,0,0.2988114594326802
2020,02,ESP.6.2_1,0,0.27450200609713465
2020,02,ESP.6.3_1,0,0.2947386484173239
2020,02,ESP.6.4_1,0,0.3167512136225074
2020,02,ESP.8.1_1,0,0.30279974849343533
2020,02,ESP.9.1_1,0,0.2933616557443407
