year,month,gid_2,est,se
2020,02,ESP.1.1_1,0,0.31918157352340515
2020,02,ESP.1.2_1,0,0.3227695465501356
2020,02,ESP.1.4_1,0,0.3386601403925338
2020,02,ESP.1.5_1,0,0.33647171235218754
2020,02,ESP.1.6_1,0,0.31797028965786267
2020,02,ESP.1.7_1,0,0.28775302222878874
2020,02,ESP.1.8_1,0,0.3155242550986462
2020,02,ESP.10.1_1,0,0.30926792049394103
2020,02,ESP.10.2_1,0,0.30541328929383094
2020,02,ESP.10.3_1,0,0.31918157352340515
2020,02,ESP.11.1_1,0,0.31304631925323445
2020,02,ESP.11.2_1,0,0.3105357184486713
2020,02,ESP.12.1_1,0,0.30279974849343533
2020,02,ESP.12.2_1,0,0.32395052700056526
2020,02,ESP.12.4_1,0,0.31304631925323445
2020,02,ESP.13.1_1,0,0.3386601403925338
2020,02,ESP.14.1_1,0,0.3167512136225074
2020,02,ESP.14.2_1,0,0.296105857217784
2020,02,ESP.15.1_1,0,0.28343665312788385
2020,02,ESP.16.1_1,0,0.19369180807797864
2020,02,ESP.16.2_1,0,0.20958990416508122
2020,02,ESP.16.3_1,0,0.19369180807797864
2020,02,ESP.17.1_1,0,0.3917045218432287
2020,02,ESP.18.1_1,0,0.2988114594326802
2020,02,ESP.2.1_1,0,0.3251241389157466
2020,02,ESP.2.2_1,0,0.32744957355785825
2020,02,ESP.2.3_1,0,0.3227695465501356
2020,02,ESP.3.1_1,0,0.20068950215762726
2020,02,ESP.4.1_1,0,0.30926792049394103
2020,02,ESP.4.2_1,0,0.29746341705239066
2020,02,ESP.4.3_1,0,0.2947386484173239
2020,02,ESP.4.5_1,0,0.3117951510466707
2020,02,ESP.5.2_1,0,0.31304631925323445
2020,02,ESP.5.4_1,0,0.3227695465501356
2020,02,ESP.5.9_1,0,0.3155242550986462
2020,02,ESP.6.1_1,0,0.31304631925323445
2020,02,ESP.6.2_1,0,0.3251241389157466
2020,02,ESP.6.3_1,0,0.32744957355785825
2020,02,ESP.6.4_1,0,0.3142893217686178
2020,02,ESP.8.1_1,0,0.30926792049394103
2020,02,ESP.9.1_1,0,0.3105357184486713
