year,month,gid_1,est,se
2018,11,ESP.1_1,0,0.16716914213925976
2018,11,ESP.10_1,0,0.15536444258325668
2018,11,ESP.11_1,0,0.17039860996511139
2018,11,ESP.12_1,0,0.132515379759938
2018,11,ESP.13_1,0,0.17414944920031006
2018,11,ESP.14_1,0,0.1930675223441439
2018,11,ESP.15_1,0,0.1497797607264102
2018,11,ESP.16_1,0.010570096883946698,0.08186918699656669
2018,11,ESP.17_1,0.161,0.33685457845127464
2018,11,ESP.18_1,0,0.1622993003373181
2018,11,ESP.2_1,0,0.1401277888269487
2018,11,ESP.3_1,0.029000000000000005,0.09049625085936164
2018,11,ESP.4_1,0,0.1629604716803374
2018,11,ESP.5_1,0,0.14428466993352607
2018,11,ESP.6_1,0,0.1343605628163304
2018,11,ESP.7_1,0,0.15737684233930335
2018,11,ESP.8_1,0,0.14456311658807375
2018,11,ESP.9_1,0,0.1622993003373181
