year,month,gid_2,est,se
2021,04,ESP.1.1_1,0.764,0.4248346554654934
2021,04,ESP.1.2_1,0.544,0.4983094543677777
2021,04,ESP.1.3_1,0.681,0.4663222667388471
2021,04,ESP.1.4_1,0.872,0.3342569785774528
2021,04,ESP.1.7_1,0.998,0.04469897088298564
2021,04,ESP.1.8_1,0.833,0.3731624984510773
2021,04,ESP.10.1_1,1,0
2021,04,ESP.10.3_1,0.999,0.03162277660168379
2021,04,ESP.11.1_1,0,0.4796520260210167
2021,04,ESP.11.2_1,0,0.4825026516080599
2021,04,ESP.12.1_1,0,0.49314012936201734
2021,04,ESP.12.2_1,0,0.4907461989988632
2021,04,ESP.12.4_1,0,0.4825026516080599
2021,04,ESP.13.1_1,0.921,0.26987373312686774
2021,04,ESP.14.1_1,0,0.47360669685225454
2021,04,ESP.14.2_1,0,0.47720826452161086
2021,04,ESP.16.1_1,0,0.4927949338688932
2021,04,ESP.16.2_1,0.699,0.4589222261011223
2021,04,ESP.16.3_1,0.034,0.18131981931624816
2021,04,ESP.17.1_1,0,0.48776727741507725
2021,04,ESP.18.1_1,0.929,0.25695335184625445
2021,04,ESP.2.2_1,0.036,0.18638331132035063
2021,04,ESP.2.3_1,0.116,0.3203851535989872
2021,04,ESP.3.1_1,0,0.4905472827736758
2021,04,ESP.4.1_1,0.102,0.30279974849343533
2021,04,ESP.4.2_1,0,0.48410573055723927
2021,04,ESP.4.4_1,0,0.48930912869414506
2021,04,ESP.4.5_1,0.047,0.21174474216810163
2021,04,ESP.5.2_1,0,0.49396660110072527
2021,04,ESP.5.3_1,0,0.4886612219010117
2021,04,ESP.5.6_1,0,0.49314012936201734
2021,04,ESP.5.8_1,0,0.4846223879051182
2021,04,ESP.6.1_1,0.987,0.11333068359382575
2021,04,ESP.6.2_1,0.992,0.08912880535463237
2021,04,ESP.6.3_1,0.775,0.4177912750998392
2021,04,ESP.6.4_1,0.996,0.06315051850925682
2021,04,ESP.7.1_1,0,0.48513024163759505
2021,04,ESP.8.1_1,0.027,0.162164414398774
2021,04,ESP.9.1_1,0.009,0.09448771310560929
