year,month,gid_2,est,se
2021,04,ESP.1.1_1,0.88,0.3251241389157466
2021,04,ESP.1.2_1,0.585,0.4929685771101623
2021,04,ESP.1.3_1,0.685,0.4647483092933109
2021,04,ESP.1.4_1,0.828,0.3775692765024169
2021,04,ESP.1.5_1,0,0.48683879468671354
2021,04,ESP.1.6_1,0.676,0.4682341756463781
2021,04,ESP.1.7_1,0.964,0.18638331132035063
2021,04,ESP.1.8_1,0.884,0.3203851535989872
2021,04,ESP.10.1_1,0.995,0.07056897321046962
2021,04,ESP.10.2_1,0.777,0.41646661864361284
2021,04,ESP.10.3_1,0.993,0.08341437500789632
2021,04,ESP.11.1_1,0,0.49314012936201734
2021,04,ESP.11.2_1,0,0.49314012936201734
2021,04,ESP.12.1_1,0,0.49675523728066096
2021,04,ESP.12.2_1,0,0.4884409632438444
2021,04,ESP.12.3_1,0,0.49698893146427114
2021,04,ESP.12.4_1,0,0.4973241712719495
2021,04,ESP.13.1_1,0.854,0.3532829019480122
2021,04,ESP.14.1_1,0,0.48222768848702946
2021,04,ESP.14.2_1,0,0.48587557571365436
2021,04,ESP.15.1_1,0.042,0.20068950215762726
2021,04,ESP.16.1_1,0,0.48776727741507725
2021,04,ESP.16.2_1,0.638,0.4808192874533916
2021,04,ESP.16.3_1,0.143,0.3502480173729377
2021,04,ESP.17.1_1,0,0.49503642397409614
2021,04,ESP.18.1_1,0.823,0.3818596821043259
2021,04,ESP.2.1_1,0.579,0.49396660110072527
2021,04,ESP.2.2_1,0.067,0.25014710386805117
2021,04,ESP.2.3_1,0.145,0.3522770203960217
2021,04,ESP.3.1_1,0,0.4924413655436538
2021,04,ESP.4.1_1,0.208,0.4060799193519681
2021,04,ESP.4.2_1,0,0.4924413655436538
2021,04,ESP.4.3_1,0.063,0.24308453280719053
2021,04,ESP.4.4_1,0,0.49396660110072527
2021,04,ESP.4.5_1,0.148,0.3552776691859794
2021,04,ESP.5.1_1,0,0.49518098126261295
2021,04,ESP.5.2_1,0,0.4929685771101623
2021,04,ESP.5.3_1,0,0.49443752736667196
2021,04,ESP.5.4_1,0,0.4911376754192415
2021,04,ESP.5.5_1,0,0.4927949338688932
2021,04,ESP.5.6_1,0,0.4913302406787164
2021,04,ESP.5.7_1,0,0.4913302406787164
2021,04,ESP.5.8_1,0,0.49428262696084646
2021,04,ESP.5.9_1,0,0.48973037054672836
2021,04,ESP.6.1_1,0.905,0.2933616557443407
2021,04,ESP.6.2_1,0.924,0.26513071171460745
2021,04,ESP.6.3_1,0.752,0.432067914433232
2021,04,ESP.6.4_1,0.957,0.2029585972364615
2021,04,ESP.7.1_1,0,0.48562931937418674
2021,04,ESP.7.2_1,0,0.4886612219010117
2021,04,ESP.8.1_1,0.145,0.3522770203960217
2021,04,ESP.9.1_1,0.045,0.20740785428237288
