year,month,gid_2,est,se
2021,04,ESP.10.1_1,0.999,0.03162277660168379
2021,04,ESP.10.2_1,0.602,0.48973037054672836
2021,04,ESP.10.3_1,1,0
