year,month,gid_1,est,se
2021,12,ESP.1_1,0.3282545113942329,0.27724253109136204
2021,12,ESP.10_1,0.378677734387602,0.43754528458492503
2021,12,ESP.11_1,0.10554033703970253,0.20292934561514428
2021,12,ESP.12_1,0.03801948478264645,0.21213885242815303
2021,12,ESP.13_1,0.7240962441314553,0.4691134410464613
2021,12,ESP.14_1,0.07440442356764702,0.13513734912202152
2021,12,ESP.16_1,0.0964135105965242,0.30490330478374994
2021,12,ESP.17_1,0.6075234741784038,0.49772516105911235
2021,12,ESP.18_1,0.19055164319248827,0.32254295473111727
2021,12,ESP.2_1,0.11208920187793428,0.21447189225967286
2021,12,ESP.3_1,0.06164906103286385,0.1115635028906374
2021,12,ESP.4_1,0.033634375496035235,0.3279710632124283
2021,12,ESP.5_1,0.047950529979565566,0.17810224629339713
2021,12,ESP.6_1,0.46379447998417284,0.2847670651727521
2021,12,ESP.8_1,0.5839847417840376,0.4996197683774223
2021,12,ESP.9_1,0,0.37479725978579476
