year,month,gid_1,est,se
2021,12,ESP.1_1,0.0751844493902222,0.1788403870443764
2021,12,ESP.10_1,0,0.11377662322703662
2021,12,ESP.11_1,0,0.04280645821334145
2021,12,ESP.12_1,0,0.10558982032922512
2021,12,ESP.13_1,0.1613140870342472,0.35428310221702153
2021,12,ESP.14_1,0.06478213272101953,0.20816346284180823
2021,12,ESP.16_1,0.006575035296606226,0.19909362574102774
2021,12,ESP.17_1,0,0.3001501125938321
2021,12,ESP.18_1,0.028531743284968894,0.15921478998305827
2021,12,ESP.2_1,0,0.12227004946785394
2021,12,ESP.3_1,0,0
2021,12,ESP.4_1,0,0.11024598289029844
2021,12,ESP.5_1,0,0
2021,12,ESP.6_1,0.27343246258341436,0.2507947593176059
2021,12,ESP.8_1,0.36323103951248875,0.4708085180417413
2021,12,ESP.9_1,0,0.41646661864361284
2021,12,ITA.1_1,0.22145214823667972,0.3749570130786518
2021,12,ITA.10_1,0.3690954551564554,0.4394046359506599
2021,12,ITA.11_1,0.2811844347758881,0.4056779330801586
2021,12,ITA.12_1,0,0.42232020358296185
2021,12,ITA.13_1,0.08593928189029433,0.2330016967706269
2021,12,ITA.14_1,0,0.4315779714207877
2021,12,ITA.15_1,0,0.08777128192943659
2021,12,ITA.16_1,0.3634910605679687,0.3281950418189235
2021,12,ITA.17_1,0,0
2021,12,ITA.18_1,0,0.10254140660913495
2021,12,ITA.2_1,0.1973607020052847,0.3457569506843532
2021,12,ITA.20_1,0.3237914459744431,0.4266208143131583
2021,12,ITA.3_1,0,0.07898156311129238
2021,12,ITA.4_1,0,0.4751153682666489
2021,12,ITA.5_1,0.15432499934893198,0.37571523938878026
2021,12,ITA.6_1,0.21633011743149125,0.35572899174267375
2021,12,ITA.7_1,0,0.2381738095452536
2021,12,ITA.8_1,0.8458704056724835,0.24677871942358634
2021,12,ITA.9_1,0.6290530523919042,0.4626597278829223
