year,month,gid_1,est,se
2021,12,ESP.1_1,0.3102473146519457,0.25074230142761555
2021,12,ESP.10_1,0,0.4033810465272968
2021,12,ESP.11_1,0,0.1441056667061278
2021,12,ESP.12_1,0,0.1911848456761381
2021,12,ESP.13_1,0.7011740259740259,0.4866370536193944
2021,12,ESP.14_1,0.12084146923822658,0.1749404733021137
2021,12,ESP.16_1,0.09424170125751612,0.27499578883326914
2021,12,ESP.17_1,0,0.4997333611002679
2021,12,ESP.18_1,0.20845714285714284,0.3102028449882617
2021,12,ESP.2_1,0,0.15699681571953014
2021,12,ESP.3_1,0,0.019135671910498763
2021,12,ESP.4_1,0,0.2403367918554291
2021,12,ESP.5_1,0,0.1593664265397295
2021,12,ESP.6_1,0.5005917793999262,0.2831656732631029
2021,12,ESP.8_1,0.6206337662337663,0.49933115300934205
2021,12,ESP.9_1,0,0.38686440313697523
