year,month,gid_1,est,se
2021,12,ESP.1_1,0.31572915794078893,0.25178278431590834
2021,12,ESP.10_1,0,0.40039641798894904
2021,12,ESP.11_1,0,0.15097673908729714
2021,12,ESP.12_1,0,0.16546870473169856
2021,12,ESP.13_1,0.7219018087855297,0.48152269149312454
2021,12,ESP.14_1,0.10656577871349397,0.1476408970477349
2021,12,ESP.16_1,0.08838033806039614,0.2759495278652319
2021,12,ESP.17_1,0,0.4969662049828845
2021,12,ESP.18_1,0.1852248062015504,0.2816108589862691
2021,12,ESP.2_1,0,0.1661007153240426
2021,12,ESP.3_1,0,0.03351610015511202
2021,12,ESP.4_1,0,0.2568479789149336
2021,12,ESP.5_1,0,0.14319570537821316
2021,12,ESP.6_1,0.4927686631419805,0.28024390985348274
2021,12,ESP.8_1,0.6055426356589148,0.5001887584035754
2021,12,ESP.9_1,0,0.3820980802565226
