year,month,gid_1,est,se
2020,03,ESP.1_1,0.6261028121325942,0.37770025891020126
2020,03,ESP.10_1,0.6909321753797283,0.2889620899458694
2020,03,ESP.11_1,0.14361021676489905,0.35094674154388644
2020,03,ESP.12_1,0.2737104414983306,0.3983643696838047
2020,03,ESP.13_1,1,0
2020,03,ESP.14_1,0.8751354713683772,0.314312991222109
2020,03,ESP.15_1,0.152,0.3593159421022963
2020,03,ESP.16_1,0.46568522452596667,0.41652943052718205
2020,03,ESP.17_1,0.837,0.3696692253877551
2020,03,ESP.18_1,0.982,0.13306038102050644
2020,03,ESP.2_1,0.39650424630316,0.390246702333188
2020,03,ESP.3_1,0.561,0.49667289179450286
2020,03,ESP.4_1,0.2523218420769882,0.4108477344339246
2020,03,ESP.5_1,0.25605816691215033,0.3998781505329237
2020,03,ESP.6_1,0.7975997002035217,0.30303332357076285
2020,03,ESP.7_1,0.17883799539725392,0.3767351684403711
2020,03,ESP.8_1,0.9020000000000001,0.29755898792630864
2020,03,ESP.9_1,0.145,0.3523902021211363
