year,month,gid_1,est,se
2020,03,AND.4_1,0,0.3155242550986462
2020,03,AUT.3_1,0,0.36492351139542817
2020,03,BEL.2_1,0,0.2564885039824666
2020,03,BGR.21_1,0,0.40169311340544206
2020,03,CHE.26_1,0,0.34442462522343614
2020,03,CYP.2_1,0,0.3117951510466707
2020,03,CYP.4_1,0,0.48436516143258035
2020,03,DEU.1_1,0,0.2927374121764388
2020,03,DEU.10_1,0,0.2074078542823729
2020,03,DEU.13_1,0,0.4291995838286854
2020,03,ESP.1_1,0.13248438368582063,0.3355359593654037
2020,03,ESP.10_1,0,0.4444076557557719
2020,03,ESP.11_1,0,0.19549428019104542
2020,03,ESP.12_1,0.05593854910469718,0.22933610373400942
2020,03,ESP.13_1,0.23500000000000001,0.42421097929562707
2020,03,ESP.14_1,0.469,0.4992877810324305
2020,03,ESP.15_1,0,0.22010780869257557
2020,03,ESP.16_1,0,0.33116939035816434
2020,03,ESP.17_1,0.21500000000000002,0.4110279113928201
2020,03,ESP.18_1,0.674,0.4689818162188636
2020,03,ESP.2_1,0.11118920523346411,0.31069027296845086
2020,03,ESP.3_1,0.123,0.32860155048170264
2020,03,ESP.4_1,0,0.3029985742752515
2020,03,ESP.5_1,0,0.19249859927900617
2020,03,ESP.6_1,0.36579610172441546,0.47632345880975974
2020,03,ESP.8_1,0.502,0.5002461856388775
2020,03,ESP.9_1,0,0.19369180807797864
2020,03,FRA.1_1,0,0.18387171834952978
2020,03,FRA.12_1,0,0.403903624814309
2020,03,FRA.13_1,0.04399999999999999,0.20519772441746548
2020,03,FRA.8_1,0,0.14345584540052586
2020,03,GBR.1_1,0,0.23442091786204053
2020,03,GRC.3_1,0,0.4308940353145651
2020,03,HUN.11_1,0,0.29746341705239066
2020,03,ITA.10_1,0.066,0.24840633185509925
2020,03,ITA.16_1,0,0.40020015012510946
2020,03,ITA.20_1,0.109,0.3117951510466707
2020,03,ITA.6_1,0.07268348241030101,0.2571996366347137
2020,03,ITA.8_1,0.18,0.38437969216355294
2020,03,NLD.10_1,0,0.17340435135563662
2020,03,NLD.11_1,0.01959703945035263,0.13850310940802482
2020,03,NLD.12_1,0,0.27297163499805893
2020,03,NLD.14_1,0.028327074966402955,0.16406664195312173
2020,03,NLD.2_1,0,0.20685544361611394
2020,03,NLD.4_1,0,0.12330062292138684
2020,03,NLD.8_1,0.018712108847267553,0.13490605911281053
2020,03,NLD.9_1,0.08458896896325614,0.27715682363296756
2020,03,PRT.12_1,0,0.34928581197341985
2020,03,SVN.5_1,0,0.3203851535989872
2020,03,SWE.16_1,0,0.21174474216810163
2020,03,SWE.21_1,0,0.32974646735443996
2020,03,SWE.5_1,0,0.3251241389157466
2020,03,ZNC.5_1,0,0.35428310221702153
