year,month,gid_1,est,se
2020,03,ESP.1_1,0.31898150663333164,0.38842199749802214
2020,03,ESP.10_1,0,0.3718114936931992
2020,03,ESP.11_1,0,0.19046069235950647
2020,03,ESP.12_1,0.09964409730553672,0.2547514726552448
2020,03,ESP.13_1,0.5768861538461538,0.4957385972029581
2020,03,ESP.14_1,0.3957825641025641,0.4877672774150773
2020,03,ESP.15_1,0,0.11754921445002436
2020,03,ESP.16_1,0,0.08644726979951858
2020,03,ESP.17_1,0.31438769230769226,0.4623123757079543
2020,03,ESP.18_1,0.6837169230769231,0.46971974265154814
2020,03,ESP.2_1,0.017626240891444357,0.08624614339792966
2020,03,ESP.3_1,0.42732307692307686,0.4938054716625199
2020,03,ESP.4_1,0,0.3718053511055231
2020,03,ESP.5_1,0,0.1169709714949081
2020,03,ESP.6_1,0.4250628979822339,0.4303593125283162
2020,03,ESP.8_1,0.40086974358974364,0.4888793337859589
2020,03,ESP.9_1,0,0
