year,month,gid_1,est,se
2021,01,ESP.1_1,0,0.1583503309679551
2021,01,ESP.10_1,0,0.18655531992626162
2021,01,ESP.11_1,0,0.15199018360461283
2021,01,ESP.12_1,0,0.15940467144757137
2021,01,ESP.13_1,0,0.1530060107785425
2021,01,ESP.14_1,0,0.171640380544408
2021,01,ESP.15_1,0,0.17573959709041062
2021,01,ESP.16_1,0,0.039771544313836345
2021,01,ESP.17_1,0.165,0.3111970754935817
2021,01,ESP.18_1,0,0.16460274657961912
2021,01,ESP.2_1,0,0.16971108472436866
2021,01,ESP.3_1,0,0.06745064486235754
2021,01,ESP.4_1,0,0.14916594778727868
2021,01,ESP.5_1,0,0.16989516807493496
2021,01,ESP.6_1,0,0.16425910967602608
2021,01,ESP.8_1,0,0.16002147892776603
2021,01,ESP.9_1,0,0.16911050081792536
