year,month,gid_1,est,se
2021,01,ESP.1_1,0,0.18236598388103706
2021,01,ESP.10_1,0,0.1438892459083177
2021,01,ESP.11_1,0,0.14367074531433907
2021,01,ESP.12_1,0,0.15205349390330153
2021,01,ESP.13_1,0,0.12459616252925702
2021,01,ESP.14_1,0,0.17585487648538406
2021,01,ESP.15_1,0,0.15881219923763526
2021,01,ESP.16_1,0.01838385005545209,0.1080417301495988
2021,01,ESP.17_1,0.176,0.3495831796674571
2021,01,ESP.18_1,0,0.18202401038421528
2021,01,ESP.2_1,0,0.14898961434065375
2021,01,ESP.3_1,0.015,0.021808057452876943
2021,01,ESP.4_1,0,0.14170147951504092
2021,01,ESP.5_1,0,0.15136555415695643
2021,01,ESP.6_1,0,0.14056632478923167
2021,01,ESP.8_1,0,0.18202401038421528
2021,01,ESP.9_1,0,0.13569835273961178
