ID_1,est,se
ESP.1_1,0,0
ESP.10_1,0,0
ESP.11_1,0,0
ESP.12_1,0,0
ESP.13_1,0,0
ESP.14_1,0,0
ESP.15_1,0,0
ESP.16_1,0.06878400000000007,0.12245999006770449
ESP.17_1,0.14100000000000001,0.34819569244928955
ESP.18_1,0,0
ESP.2_1,0,0
ESP.3_1,0.018000000000000016,0.13301764429463367
ESP.4_1,0,0
ESP.5_1,0,0
ESP.6_1,0,0
ESP.7_1,0,0
ESP.8_1,0,0
ESP.9_1,0,0
