year,month,gid_2,est,se
2014,06,ESP.1.1_1,0.23,0.4210430824479572
2014,06,ESP.1.2_1,0.244,0.42970763159228237
2014,06,ESP.1.3_1,0.24,0.42729683193604723
2014,06,ESP.1.4_1,0.244,0.42970763159228237
2014,06,ESP.1.5_1,0,0.4799472360055315
2014,06,ESP.1.6_1,0.229,0.42039949540375965
2014,06,ESP.1.7_1,0.712,0.4530576798391804
2014,06,ESP.1.8_1,0.228,0.4197525368502163
2014,06,ESP.10.1_1,0.834,0.37226681638655706
2014,06,ESP.10.2_1,0.845,0.362085771753194
2014,06,ESP.10.3_1,0.74,0.43885372573625553
2014,06,ESP.11.1_1,0,0.3917045218432287
2014,06,ESP.11.2_1,0,0.38521083498181535
2014,06,ESP.12.1_1,0,0.38015722999769386
2014,06,ESP.12.2_1,0,0.38015722999769386
2014,06,ESP.12.3_1,0,0.38354413840665863
2014,06,ESP.12.4_1,0,0.3810107205436209
2014,06,ESP.13.1_1,0.769,0.42168331341993703
2014,06,ESP.14.1_1,0,0.40169311340544206
2014,06,ESP.14.2_1,0,0.3986915536538929
2014,06,ESP.15.1_1,0,0.08341437500789632
2014,06,ESP.16.1_1,0,0.31304631925323445
2014,06,ESP.16.2_1,0.083,0.2760202658994212
2014,06,ESP.16.3_1,0.075,0.26352313834736496
2014,06,ESP.17.1_1,0,0.3893013685508382
2014,06,ESP.18.1_1,0.966,0.18131981931624816
2014,06,ESP.2.1_1,0.122,0.32744957355785825
2014,06,ESP.2.2_1,0.124,0.32974646735443996
2014,06,ESP.2.3_1,0.12,0.3251241389157466
2014,06,ESP.3.1_1,0,0.3731624984510773
2014,06,ESP.4.1_1,0,0.07726558075864033
2014,06,ESP.4.2_1,0,0.0995485304256668
2014,06,ESP.4.3_1,0,0.04469897088298564
2014,06,ESP.4.4_1,0,0.13301764429463367
2014,06,ESP.4.5_1,0,0.09448771310560929
2014,06,ESP.5.1_1,0,0.39090767299812473
2014,06,ESP.5.2_1,0,0.38354413840665863
2014,06,ESP.5.3_1,0,0.38437969216355294
2014,06,ESP.5.4_1,0,0.3963989557656934
2014,06,ESP.5.5_1,0,0.38354413840665863
2014,06,ESP.5.8_1,0,0.39562674393994207
2014,06,ESP.5.9_1,0,0.387678080750375
2014,06,ESP.6.1_1,0.978,0.1467567291047928
2014,06,ESP.6.2_1,0.996,0.06315051850925682
2014,06,ESP.6.3_1,0.436,0.4961352135760474
2014,06,ESP.6.4_1,0.941,0.23574260237507894
2014,06,ESP.7.1_1,0,0.3868600013708585
2014,06,ESP.7.2_1,0,0.38849186082326864
2014,06,ESP.8.1_1,0.166,0.37226681638655706
2014,06,ESP.9.1_1,0.099,0.2988114594326802
2014,06,ITA.10.12_1,0.213,0.40963251677424095
2014,06,ITA.10.8_1,0.21,0.40751204407485436
