year,month,gid_2,est,se
2014,06,ESP.1.1_1,0.204,0.40317061716666125
2014,06,ESP.1.2_1,0.184,0.387678080750375
2014,06,ESP.1.3_1,0.221,0.41512809027013736
2014,06,ESP.1.4_1,0.206,0.4046328307586122
2014,06,ESP.1.5_1,0,0.4882185549089233
2014,06,ESP.1.6_1,0.202,0.40169311340544206
2014,06,ESP.1.7_1,0.615,0.48683879468671354
2014,06,ESP.1.8_1,0.208,0.4060799193519681
2014,06,ESP.10.1_1,0.753,0.43148253403489834
2014,06,ESP.10.2_1,0.757,0.4291097005838194
2014,06,ESP.10.3_1,0.633,0.48222768848702946
2014,06,ESP.11.1_1,0,0.4781418404821101
2014,06,ESP.11.2_1,0,0.4799472360055315
2014,06,ESP.12.1_1,0,0.4879939939570344
2014,06,ESP.12.2_1,0,0.48660125439704816
2014,06,ESP.12.3_1,0,0.48636153995515263
2014,06,ESP.12.4_1,0,0.48304589153964794
2014,06,ESP.13.1_1,0.78,0.4144535821678608
2014,06,ESP.14.1_1,0,0.48304589153964794
2014,06,ESP.14.2_1,0,0.48513024163759505
2014,06,ESP.15.1_1,0,0.17340435135563662
2014,06,ESP.16.1_1,0,0.29197474077263813
2014,06,ESP.16.2_1,0.058,0.2338604085575211
2014,06,ESP.16.3_1,0.061,0.239450070654273
2014,06,ESP.17.1_1,0,0.48304589153964794
2014,06,ESP.18.1_1,0.923,0.26672484350382913
2014,06,ESP.2.1_1,0.075,0.26352313834736496
2014,06,ESP.2.2_1,0.092,0.28917057184232914
2014,06,ESP.2.3_1,0.083,0.2760202658994212
2014,06,ESP.3.1_1,0,0.4793545460103417
2014,06,ESP.4.1_1,0,0.1293357171384909
2014,06,ESP.4.2_1,0,0.17608806605504818
2014,06,ESP.4.3_1,0,0.1499783100768024
2014,06,ESP.4.4_1,0,0.20519772441746548
2014,06,ESP.4.5_1,0,0.16505527329729044
2014,06,ESP.5.1_1,0,0.475278749672116
2014,06,ESP.5.2_1,0,0.4811054587743341
2014,06,ESP.5.3_1,0,0.4848774134831464
2014,06,ESP.5.4_1,0,0.4793545460103417
2014,06,ESP.5.5_1,0,0.4811054587743341
2014,06,ESP.5.6_1,0,0.4825026516080599
2014,06,ESP.5.8_1,0,0.4787527589520547
2014,06,ESP.5.9_1,0,0.48024018015013137
2014,06,ESP.6.1_1,0.953,0.21174474216810163
2014,06,ESP.6.2_1,0.993,0.08341437500789632
2014,06,ESP.6.3_1,0.441,0.49675523728066096
2014,06,ESP.6.4_1,0.898,0.30279974849343533
2014,06,ESP.7.1_1,0,0.4811054587743341
2014,06,ESP.7.2_1,0,0.47657436263727315
2014,06,ESP.8.1_1,0.103,0.304110972316823
2014,06,ESP.9.1_1,0.031,0.17340435135563662
