year,month,gid_2,est,se
2014,06,ESP.10.1_1,0.287,0.4525879316064844
2014,06,ESP.10.2_1,0.989,0.10435463521037237
2014,06,ESP.10.3_1,0.997,0.05471740119919799
