year,month,gid_2,est,se
2014,06,ESP.1.1_1,0,0.17608806605504818
2014,06,ESP.1.2_1,0,0.18387171834952978
2014,06,ESP.1.3_1,0,0.16505527329729044
2014,06,ESP.1.4_1,0,0.18638331132035063
2014,06,ESP.1.5_1,0,0.49651336892930237
2014,06,ESP.1.6_1,0,0.18638331132035063
2014,06,ESP.1.7_1,0.371,0.4833141758655467
2014,06,ESP.1.8_1,0,0.18131981931624816
2014,06,ESP.10.1_1,0.318,0.46593249842986173
2014,06,ESP.10.2_1,0.529,0.49940805801309257
2014,06,ESP.10.3_1,0.04,0.19605723255834873
2014,06,ESP.11.1_1,0,0.49518098126261295
2014,06,ESP.11.2_1,0,0.4927949338688932
2014,06,ESP.12.1_1,0,0.49261919742705285
2014,06,ESP.12.2_1,0,0.4957385972029581
2014,06,ESP.12.3_1,0,0.4895208173618673
2014,06,ESP.12.4_1,0,0.49518098126261295
2014,06,ESP.13.1_1,0.323,0.46785669802824226
2014,06,ESP.14.1_1,0,0.4905472827736758
2014,06,ESP.14.2_1,0,0.48930912869414506
2014,06,ESP.15.1_1,0,0.19605723255834873
2014,06,ESP.16.1_1,0,0.49503642397409614
2014,06,ESP.16.2_1,0,0.15921478998305827
2014,06,ESP.16.3_1,0,0.15921478998305827
2014,06,ESP.17.1_1,0,0.49864681754589457
2014,06,ESP.18.1_1,0.937,0.24308453280719053
2014,06,ESP.2.1_1,0,0.1467567291047928
2014,06,ESP.2.2_1,0,0.19605723255834873
2014,06,ESP.2.3_1,0,0.15620307103062794
2014,06,ESP.3.1_1,0,0.4973241712719495
2014,06,ESP.4.1_1,0,0.1888562063228706
2014,06,ESP.4.2_1,0,0.49428262696084646
2014,06,ESP.4.3_1,0,0.19129190414806527
2014,06,ESP.4.4_1,0,0.49189527438364455
2014,06,ESP.4.5_1,0,0.19129190414806527
2014,06,ESP.5.1_1,0,0.49412565219806204
2014,06,ESP.5.2_1,0,0.49651336892930237
2014,06,ESP.5.3_1,0,0.49412565219806204
2014,06,ESP.5.4_1,0,0.49396660110072527
2014,06,ESP.5.5_1,0,0.4960050614873008
2014,06,ESP.5.6_1,0,0.49347696959383985
2014,06,ESP.5.8_1,0,0.4974318430081034
2014,06,ESP.5.9_1,0,0.49380547166252
2014,06,ESP.6.1_1,0.956,0.20519772441746548
2014,06,ESP.6.2_1,0.987,0.11333068359382575
2014,06,ESP.6.3_1,0,0.17608806605504818
2014,06,ESP.6.4_1,0.925,0.26352313834736496
2014,06,ESP.7.1_1,0,0.49721446300587663
2014,06,ESP.7.2_1,0,0.48930912869414506
2014,06,ESP.8.1_1,0,0.17067257872642908
2014,06,ESP.9.1_1,0,0.17340435135563662
