year,month,gid_1,est,se
2015,02,ESP.10_1,0.975,0.15620307103062794
2015,02,ESP.6_1,0.928,0.2586172517116422
