year,month,gid_3,est,se
2021,01,ESP.10.1.1_1,0.997,0.05471740119919799
2021,01,ESP.10.1.2_1,0.699,0.4589222261011223
2021,01,ESP.10.1.4_1,0.896,0.30541328929383094
2021,01,ESP.10.1.5_1,0.404,0.4909429956981004
2021,01,ESP.10.1.6_1,0.434,0.4958728565770563
2021,01,ESP.10.1.7_1,0.455,0.4982200550190881
2021,01,ESP.10.1.8_1,0.011,0.10435463521037237
2021,01,ESP.10.1.9_1,0.097,0.296105857217784
2021,01,ESP.10.2.3_1,0.573,0.49488980179017217
2021,01,ESP.10.2.5_1,0.415,0.4929685771101623
2021,01,ESP.10.2.7_1,0.311,0.4631344227041362
2021,01,ESP.10.2.8_1,0.61,0.4879939939570344
2021,01,ESP.10.3.1_1,0.048,0.21387319079712103
2021,01,ESP.10.3.10_1,0.578,0.49412565219806204
2021,01,ESP.10.3.11_1,0.705,0.45627095369219284
2021,01,ESP.10.3.12_1,0.393,0.4886612219010117
2021,01,ESP.10.3.13_1,0.371,0.4833141758655467
2021,01,ESP.10.3.14_1,0.531,0.4992877810324305
2021,01,ESP.10.3.16_1,0.524,0.4996735671152454
2021,01,ESP.10.3.18_1,0.26,0.43885372573625553
2021,01,ESP.10.3.2_1,0.73,0.44418160396092193
2021,01,ESP.10.3.4_1,0.004,0.06315051850925682
2021,01,ESP.10.3.6_1,0.556,0.49710271686152663
2021,01,ESP.10.3.7_1,0.628,0.4835802413765991
2021,01,ESP.10.3.8_1,0.328,0.46971974265154814
