year,month,gid_3,est,se
2021,01,ESP.10.1.1_1,0.001,0.03162277660168379
2021,01,ESP.10.1.2_1,0.013,0.11333068359382575
2021,01,ESP.10.1.4_1,0.09,0.28632495871296654
2021,01,ESP.10.1.5_1,0.008,0.08912880535463237
2021,01,ESP.10.1.6_1,0.128,0.3342569785774528
2021,01,ESP.10.1.7_1,0.402,0.4905472827736758
2021,01,ESP.10.1.8_1,0,0
2021,01,ESP.10.1.8_1,0,0
2021,01,ESP.10.1.9_1,0.002,0.04469897088298564
2021,01,ESP.10.2.3_1,0.001,0.03162277660168379
2021,01,ESP.10.2.5_1,0.004,0.06315051850925682
2021,01,ESP.10.2.7_1,0,0
2021,01,ESP.10.2.7_1,0,0
2021,01,ESP.10.2.7_1,0,0
2021,01,ESP.10.2.7_1,0,0
2021,01,ESP.10.2.7_1,0,0
2021,01,ESP.10.2.8_1,0.001,0.03162277660168379
2021,01,ESP.10.3.1_1,0.001,0.03162277660168379
2021,01,ESP.10.3.10_1,0.109,0.3117951510466707
2021,01,ESP.10.3.11_1,0.136,0.3429600875052688
2021,01,ESP.10.3.12_1,0.001,0.03162277660168379
2021,01,ESP.10.3.13_1,0.097,0.296105857217784
2021,01,ESP.10.3.14_1,0.154,0.3611293596682696
2021,01,ESP.10.3.16_1,0.001,0.03162277660168379
2021,01,ESP.10.3.18_1,0,0
2021,01,ESP.10.3.2_1,0.011,0.10435463521037237
2021,01,ESP.10.3.4_1,0.005,0.07056897321046962
2021,01,ESP.10.3.6_1,0,0
2021,01,ESP.10.3.6_1,0,0
2021,01,ESP.10.3.7_1,0.092,0.28917057184232914
2021,01,ESP.10.3.8_1,0.085,0.2790212408632233
