year,month,gid_1,est,se
2020,06,ESP.10_1,0.31149638651709405,0.8873902967328334
2020,06,ESP.2_1,0.08709773310435096,0.3038387886985309
2020,06,ESP.6_1,0.39049964734051146,0.6654559979343267
