year,month,gid_1,est,se
2020,06,ESP.1_1,0.4536108785496942,0.4377045846393445
2020,06,ESP.10_1,0.44093440268001566,0.47694681797399546
2020,06,ESP.11_1,0.3620692927577728,0.41612803919891106
2020,06,ESP.12_1,0.48240221389794624,0.3036516924714421
2020,06,ESP.13_1,0.5694131455399061,0.5001587327483711
2020,06,ESP.14_1,0.24112682553355447,0.35063390410651796
2020,06,ESP.15_1,0.41585093896713615,0.47606256764229193
2020,06,ESP.16_1,0.3141506544089862,0.48433758687742196
2020,06,ESP.17_1,0.8249765258215962,0.4156587749103181
2020,06,ESP.18_1,0.5324237089201876,0.499356571623746
2020,06,ESP.2_1,0.2764174592834539,0.450107489573682
2020,06,ESP.3_1,0.4326643192488263,0.48143249566900514
2020,06,ESP.4_1,0.153857758050517,0.4135048570768495
2020,06,ESP.5_1,0.23393255265342955,0.42859741980529514
2020,06,ESP.6_1,0.5661228628379898,0.3482539969949877
2020,06,ESP.8_1,0.955,0.2932037925219026
2020,06,ESP.9_1,0,0.4925946086415535
