year,month,gid_1,est,se
2020,06,ESP.1_1,0.2601870521895784,0.3763125551696832
2020,06,ESP.10_1,0.3740748437540154,0.4626731993283512
2020,06,ESP.11_1,0.1332262476667041,0.25658263218787325
2020,06,ESP.12_1,0,0.34504534968017575
2020,06,ESP.13_1,0.3707597296861407,0.46922923569917646
2020,06,ESP.14_1,0,0.27477906855394146
2020,06,ESP.15_1,0,0.3699253782645406
2020,06,ESP.16_1,0.17488945178612658,0.4108036833056088
2020,06,ESP.17_1,0.5908649294421782,0.4966104789461667
2020,06,ESP.18_1,0.40174541314694207,0.48004893134908755
2020,06,ESP.2_1,0,0.30609369041378837
2020,06,ESP.3_1,0,0.3405109513916559
2020,06,ESP.4_1,0.07121645403106171,0.2907939946408606
2020,06,ESP.5_1,0.17430485925530592,0.3902546578497244
2020,06,ESP.6_1,0.47659457479368,0.38158792619258136
2020,06,ESP.8_1,0.699849057476721,0.46839168256085356
2020,06,ESP.9_1,0,0.3747386455402108
2020,06,ITA.10_1,0.23704183069583998,0.3666998062969189
2020,06,ITA.13_1,0.06273426478373068,0.15681155914972456
2020,06,ITA.16_1,0.03632804267818094,0.0879042315460219
2020,06,ITA.20_1,0.046826779675653955,0.11499831096813443
2020,06,ITA.5_1,0.06838219798245822,0.17007625592666345
2020,06,ITA.6_1,0.15490496136344,0.30857943834223195
2020,06,ITA.8_1,0.627192972120359,0.49038813316973584
