year,month,gid_1,est,se
2020,06,ESP.1_1,0.30157031176025395,0.3583603807182749
2020,06,ESP.10_1,0.3222189194789618,0.40626089447607266
2020,06,ESP.11_1,0.1785909935925272,0.2302717997459584
2020,06,ESP.12_1,0,0.3162239710165257
2020,06,ESP.13_1,0.3977583979328166,0.45567476048300215
2020,06,ESP.14_1,0,0.1964646928459659
2020,06,ESP.15_1,0,0.33232621247613053
2020,06,ESP.16_1,0.19290098265096006,0.41832370877902564
2020,06,ESP.17_1,0.6744082687338502,0.4929388476919229
2020,06,ESP.18_1,0.4036950904392765,0.45841535319331705
2020,06,ESP.2_1,0,0.26092313148483615
2020,06,ESP.3_1,0,0.2816108589862691
2020,06,ESP.4_1,0.06314848168106972,0.20760005273920745
2020,06,ESP.5_1,0.1550757692665285,0.32168674151784316
2020,06,ESP.6_1,0.4853266678035977,0.341057184499639
2020,06,ESP.8_1,0.8596330749354005,0.4158432432220527
2020,06,ESP.9_1,0,0.41822089396599743
