year,month,gid_3,est,se
2019,08,ESP.10.1.1_1,1,0
2019,08,ESP.10.1.2_1,1,0
2019,08,ESP.10.1.3_1,0.02,0.14007005254378832
2019,08,ESP.10.1.4_1,1,0
2019,08,ESP.10.1.4_1,1,0
2019,08,ESP.10.1.5_1,0.997,0.05471740119919799
2019,08,ESP.10.1.6_1,1,0
2019,08,ESP.10.1.7_1,0.999,0.03162277660168379
2019,08,ESP.10.1.8_1,1,0
2019,08,ESP.10.1.9_1,0.578,0.49412565219806204
2019,08,ESP.10.2.1_1,0.392,0.4884409632438444
2019,08,ESP.10.2.2_1,0.565,0.4960050614873008
2019,08,ESP.10.2.3_1,0.999,0.03162277660168379
2019,08,ESP.10.2.5_1,0.996,0.06315051850925682
2019,08,ESP.10.2.7_1,0.649,0.4775217555536366
2019,08,ESP.10.2.8_1,0.393,0.4886612219010117
2019,08,ESP.10.3.1_1,0.992,0.08912880535463237
2019,08,ESP.10.3.10_1,0.999,0.03162277660168379
2019,08,ESP.10.3.11_1,0.992,0.08912880535463237
2019,08,ESP.10.3.12_1,0.978,0.1467567291047928
2019,08,ESP.10.3.13_1,0.999,0.03162277660168379
2019,08,ESP.10.3.14_1,0.568,0.49560228169533443
2019,08,ESP.10.3.16_1,0.416,0.49314012936201734
2019,08,ESP.10.3.17_1,0.602,0.48973037054672836
2019,08,ESP.10.3.18_1,0.415,0.4929685771101623
2019,08,ESP.10.3.2_1,1,0
2019,08,ESP.10.3.2_1,1,0
2019,08,ESP.10.3.3_1,0.392,0.4884409632438444
2019,08,ESP.10.3.4_1,0.76,0.42729683193604723
2019,08,ESP.10.3.5_1,0.457,0.49839682924292306
2019,08,ESP.10.3.6_1,0.234,0.42358402168096876
2019,08,ESP.10.3.7_1,0.976,0.15312559370479986
2019,08,ESP.10.3.8_1,1,0
2019,08,ESP.10.3.9_1,0.603,0.4895208173618673
