year,month,gid_3,est,se
2019,07,AUT.9.1.1_2,0,0.24664921616708177
2019,07,DEU.2.54.1_1,0,0.29746341705239066
2019,07,ESP.16.2.1_1,0,0.25014710386805117
2019,07,ESP.16.3.1_1,0,0.24127621974453722
2019,07,ESP.17.1.1_1,0,0.4516403203645341
2019,07,ESP.17.1.4_1,0,0.4516403203645341
2019,07,ESP.17.1.6_1,0,0.4516403203645341
2019,07,ESP.17.1.7_1,0,0.4516403203645341
2019,07,ESP.17.1.8_1,0,0.4516403203645341
2019,07,ESP.3.1.4_1,0,0.366789496216201
2019,07,ESP.3.1.5_1,0,0.366789496216201
2019,07,HUN.11.1_1,0,0.27450200609713465
2019,07,HUN.14.11_1,0,0.3901066305296325
2019,07,HUN.14.5_1,0,0.25695335184625445
2019,07,HUN.5.1_1,0,0.2586172517116422
2019,07,ITA.10.1.128_1,0,0.3227695465501356
2019,07,ITA.10.1.25_1,0,0.3227695465501356
