year,month,gid_2,est,se
2021,04,ESP.10.1_1,1,0
2021,04,ESP.10.2_1,1,0
2021,04,ESP.10.3_1,0.998,0.04469897088298564
2021,04,ESP.18.1_1,1,0
2021,04,ESP.2.1_1,0.537,0.4988786223921405
2021,04,ESP.2.2_1,0.597,0.4907461989988632
2021,04,ESP.2.3_1,0.993,0.08341437500789632
2021,04,ESP.4.1_1,0.832,0.3740533597174552
2021,04,ESP.4.3_1,0.654,0.4759312035478558
2021,04,ESP.6.1_1,0.999,0.03162277660168379
2021,04,ESP.6.2_1,1,0
2021,04,ESP.6.3_1,0.989,0.10435463521037237
2021,04,ESP.6.4_1,1,0
2021,04,FRA.11.11_1,0.859,0.34819569244928955
2021,04,FRA.11.6_1,0.919,0.27297163499805893
