year,month,gid_2,est,se
2021,04,ESP.1.1_1,0.976,0.15312559370479986
2021,04,ESP.1.2_1,0.969,0.17340435135563662
2021,04,ESP.1.3_1,0.65,0.47720826452161086
2021,04,ESP.1.4_1,0.95,0.21805400144814482
2021,04,ESP.1.7_1,0.998,0.04469897088298564
2021,04,ESP.1.8_1,1,0
2021,04,ESP.10.1_1,1,0
2021,04,ESP.10.3_1,0.957,0.2029585972364615
2021,04,ESP.11.1_1,0.634,0.4819504915199032
2021,04,ESP.11.2_1,0.676,0.4682341756463781
2021,04,ESP.12.1_1,0.7,0.45848687027025126
2021,04,ESP.12.2_1,0.37,0.48304589153964794
2021,04,ESP.12.4_1,0.484,0.49999399395792143
2021,04,ESP.13.1_1,0.995,0.07056897321046962
2021,04,ESP.14.1_1,0.696,0.4602127723084137
2021,04,ESP.14.2_1,0.415,0.4929685771101623
2021,04,ESP.16.1_1,0.084,0.2775266131761439
2021,04,ESP.16.2_1,0.989,0.10435463521037237
2021,04,ESP.16.3_1,0.557,0.49698893146427114
2021,04,ESP.17.1_1,0.924,0.26513071171460745
2021,04,ESP.18.1_1,0.997,0.054717401199198
2021,04,ESP.2.2_1,0.254,0.43551541152257023
2021,04,ESP.2.3_1,0.962,0.19129190414806527
2021,04,ESP.3.1_1,0.035,0.18387171834952978
2021,04,ESP.4.1_1,0.504,0.5002341793942455
2021,04,ESP.4.2_1,0.036,0.18638331132035063
2021,04,ESP.4.4_1,0.048,0.21387319079712103
2021,04,ESP.4.5_1,0.819,0.38521083498181535
2021,04,ESP.5.2_1,0.205,0.403903624814309
2021,04,ESP.5.3_1,0.185,0.38849186082326864
2021,04,ESP.5.6_1,0.052,0.22213812222431642
2021,04,ESP.5.8_1,0.129,0.33536766610911
2021,04,ESP.6.1_1,0.999,0.03162277660168379
2021,04,ESP.6.2_1,0.998,0.04469897088298564
2021,04,ESP.6.3_1,0.961,0.19369180807797864
2021,04,ESP.6.4_1,1,0
2021,04,ESP.7.1_1,0.73,0.44418160396092193
2021,04,ESP.8.1_1,0.999,0.03162277660168379
2021,04,ESP.9.1_1,0.258,0.43775292989039793
