year,month,gid_2,est,se
2021,04,ESP.1.1_1,0.982,0.13301764429463367
2021,04,ESP.1.2_1,0.975,0.15620307103062794
2021,04,ESP.1.3_1,0.676,0.4682341756463781
2021,04,ESP.1.4_1,0.939,0.239450070654273
2021,04,ESP.1.7_1,0.997,0.05471740119919799
2021,04,ESP.1.8_1,1,0
2021,04,ESP.10.1_1,0.999,0.03162277660168379
2021,04,ESP.10.3_1,0.957,0.2029585972364615
2021,04,ESP.11.1_1,0.662,0.4732652321690026
2021,04,ESP.11.2_1,0.647,0.4781418404821101
2021,04,ESP.12.1_1,0.693,0.46148018805140917
2021,04,ESP.12.2_1,0.383,0.48636153995515263
2021,04,ESP.12.4_1,0.481,0.4998888765404656
2021,04,ESP.13.1_1,0.994,0.07726558075864033
2021,04,ESP.14.1_1,0.715,0.4516403203645341
2021,04,ESP.14.2_1,0.389,0.48776727741507725
2021,04,ESP.16.1_1,0.067,0.25014710386805117
2021,04,ESP.16.2_1,0.985,0.12161327966052798
2021,04,ESP.16.3_1,0.57,0.49532347546360583
2021,04,ESP.17.1_1,0.929,0.25695335184625445
2021,04,ESP.18.1_1,0.996,0.06315051850925682
2021,04,ESP.2.2_1,0.217,0.4124088760939574
2021,04,ESP.2.3_1,0.968,0.17608806605504818
2021,04,ESP.3.1_1,0.038,0.19129190414806527
2021,04,ESP.4.1_1,0.507,0.5002011607355596
2021,04,ESP.4.2_1,0.05,0.21805400144814482
2021,04,ESP.4.4_1,0.032,0.17608806605504818
2021,04,ESP.4.5_1,0.85,0.35725009115132167
2021,04,ESP.5.2_1,0.239,0.42668613881993056
2021,04,ESP.5.3_1,0.163,0.36955049393495276
2021,04,ESP.5.6_1,0.043,0.2029585972364615
2021,04,ESP.5.8_1,0.146,0.3532829019480122
2021,04,ESP.6.1_1,0.999,0.03162277660168379
2021,04,ESP.6.2_1,1,0
2021,04,ESP.6.3_1,0.958,0.20068950215762726
2021,04,ESP.6.4_1,1,0
2021,04,ESP.7.1_1,0.695,0.4606378047741926
2021,04,ESP.8.1_1,1,0
2021,04,ESP.9.1_1,0.235,0.42421097929562707
