year,month,gid_2,est,se
2021,04,ESP.10.1_1,0.999,0.03162277660168379
2021,04,ESP.10.2_1,0.944,0.23003677296666486
2021,04,ESP.10.3_1,0.943,0.2319586273558386
