year,month,gid_1,est,se
2021,05,ESP.1_1,0,0.3548812786701108
2021,05,ESP.10_1,0,0.3552351288974718
2021,05,ESP.11_1,0,0.37504369085337047
2021,05,ESP.12_1,0,0.3661858261400329
2021,05,ESP.13_1,0,0.367487060294634
2021,05,ESP.14_1,0,0.34309145189346724
2021,05,ESP.15_1,0,0.3614857089635732
2021,05,ESP.16_1,0.0882852378144134,0.338925612232979
2021,05,ESP.17_1,0.514,0.49999944726724416
2021,05,ESP.18_1,0,0.3236211808409021
2021,05,ESP.2_1,0,0.37292343042374904
2021,05,ESP.3_1,0.069,0.1849089299378016
2021,05,ESP.4_1,0,0.3672317549466395
2021,05,ESP.5_1,0,0.3748268933994066
2021,05,ESP.6_1,0,0.3673552062361887
2021,05,ESP.7_1,0,0.3519612887236488
2021,05,ESP.8_1,0,0.368469112370423
2021,05,ESP.9_1,0,0.3573786520091404
