year,month,gid_1,est,se
2021,05,ESP.1_1,0,0.42541627909684115
2021,05,ESP.10_1,0,0.42007699764401457
2021,05,ESP.11_1,0,0.4244900831083511
2021,05,ESP.12_1,0,0.4199391550011436
2021,05,ESP.13_1,0,0.4157990967870047
2021,05,ESP.14_1,0,0.42333293695649293
2021,05,ESP.15_1,0,0.4360793106364542
2021,05,ESP.16_1,0,0.18408586713233024
2021,05,ESP.17_1,0.259,0.43830481529537313
2021,05,ESP.18_1,0,0.43380547159664457
2021,05,ESP.2_1,0,0.4146911378358445
2021,05,ESP.3_1,0.009,0.09448771310560929
2021,05,ESP.4_1,0,0.42197347145306857
2021,05,ESP.5_1,0,0.42460977336317923
2021,05,ESP.6_1,0,0.42804664844182205
2021,05,ESP.7_1,0,0.4199489299304334
2021,05,ESP.8_1,0,0.40607991935196813
2021,05,ESP.9_1,0,0.40892936214366316
2021,05,ITA.1_1,0,0.42558352194866034
2021,05,ITA.10_1,0,0.3903408462294606
2021,05,ITA.11_1,0,0.41627670197238886
2021,05,ITA.12_1,0,0.43103793714591526
2021,05,ITA.13_1,0,0.42959348645604667
2021,05,ITA.14_1,0,0.4247521430618174
2021,05,ITA.15_1,0,0.4262808625307308
2021,05,ITA.16_1,0,0.4240235587055483
2021,05,ITA.17_1,0,0.42203981099542076
2021,05,ITA.18_1,0,0.4194345805508758
2021,05,ITA.2_1,0,0.42420193622298735
2021,05,ITA.20_1,0,0.3416093992998262
2021,05,ITA.3_1,0,0.42366693766765817
2021,05,ITA.4_1,0,0.4179945002000393
2021,05,ITA.5_1,0,0.4257706711397103
2021,05,ITA.6_1,0,0.4205217358346248
2021,05,ITA.7_1,0,0.2239403651764912
2021,05,ITA.8_1,0,0.27178195158269575
2021,05,ITA.9_1,0,0.41953187915765655
