year,month,gid_1,est,se
2021,05,ESP.1_1,0,0.3475053189538807
2021,05,ESP.10_1,0,0.3459954662097227
2021,05,ESP.11_1,0,0.3152301844824258
2021,05,ESP.12_1,0,0.3302623277886775
2021,05,ESP.13_1,0,0.3327178806615031
2021,05,ESP.14_1,0,0.33483063835019494
2021,05,ESP.15_1,0,0.3375053873673105
2021,05,ESP.16_1,0,0.10958274064513887
2021,05,ESP.17_1,0.4670000000000001,0.49865209916125525
2021,05,ESP.18_1,0,0.30853356889110206
2021,05,ESP.2_1,0,0.3389820169885872
2021,05,ESP.3_1,0.061,0.1176941291057788
2021,05,ESP.4_1,0,0.3429470913210115
2021,05,ESP.5_1,0,0.3339344636844219
2021,05,ESP.6_1,0,0.3341937489244384
2021,05,ESP.7_1,0,0.3243603021342707
2021,05,ESP.8_1,0,0.3111970754935817
2021,05,ESP.9_1,0,0.32534414621791596
