ID_0,est,se
ALB,5.851,2.652109209359559
ARE,0.509,0.5001691405606399
AUT,3.331,4.558582033812622
BEL,1.926,1.3769370778411534
BGR,0,0
CHE,2.018,1.8167610113620447
CHN,0,0
COL,0,0
CZE,0.858,0.9200619083902664
DEU,7.506,4.85026951438858
DNK,0.944,0.2300367729666649
ESP,1.48,3.0754702330091557
FRA,2.8489999999999998,3.526188179947812
GBR,0.002,0.04469897088298564
GMB,0.686,0.4643485970901814
GRC,0.025,0.15620307103062794
HRV,2.273,1.9758867815697596
HUN,4.599,4.262948255748571
IND,0.596,0.668317314982323
IRN,0.062,0.2412762197445372
ITA,20.691,21.410797626561596
MAR,0.435,0.7550483687297804
MEX,0.207,0.6712504985793926
NLD,159.71699999999998,112.27436063535825
PAK,0,0
PER,0.001,0.03162277660168379
POL,0.015,0.12161327966052798
PRT,3.836,1.788339197322515
ROU,0.826,0.37929917989348183
RUS,0.005,0.07056897321046962
SAU,0.16,0.366789496216201
SRB,1.1869999999999998,1.6796070419091957
SVN,0,0
TUR,5.814,2.9524816675193724
USA,0,0
UZB,0.863,0.3440194025768741
XKO,1.655,1.1750926633009238
