ID_0,est,se
ALB,1,0.2290965319454678
ARE,0.978,0.1467567291047928
AUT,0.9980067283698197,0.17024094245002075
BEL,0.949622333248,0.17477826045643416
BGR,0.0010000000000000009,0.007905694150420948
CHE,0.973167553792,0.49024236012032996
CHN,0,0
COL,0,0
CZE,0.761539,0.4347088433058181
DEU,0.9999999773248476,0.26642982129503745
DNK,0.992,0.08912880535463237
ESP,0.9657311511330228,0.05942754789436114
FRA,0.991624665407937,0.1402980885825333
GBR,0.614,0.48707416400507353
GMB,0.671,0.47008507738491334
GRC,0.254016,0.1302991799469661
HRV,0.9461864230444,0.3120968739639769
HUN,0.9999375620634693,0.11878531036989892
IND,0.471874,0.08620670061830156
IRN,0.06800000000000006,0.2518718710762269
ITA,1,0.21430140654135088
MAR,0.4957079999999999,0.3938402391438408
MEX,0.10504585000000011,0.1605451351352224
NLD,1,0.31451281578909074
PAK,0,0
PER,0,0
POL,0.02300000000000002,0.1499783100768024
PRT,0.9980554365041842,0.39259658130828795
ROU,0.8800939999999999,0.27445366218041717
RUS,0,0
SAU,0.15500000000000003,0.362085771753194
SRB,0.7141365,0.26116258578630147
SVN,0,0
TUR,0.9998219140270918,0.17736674287631826
USA,0,0
UZB,0.825,0.38015722999769386
XKO,0.981990007968,0.31778144342830145
