year,month,gid_2,est,se
2021,04,ESP.10.1_1,0.68,0.46670956473787617
2021,04,ESP.10.2_1,0.964,0.18638331132035063
2021,04,ESP.10.3_1,0.486,0.5000540511325291
