year,month,gid_1,est,se
2021,03,ESP.1_1,0.5842302793894182,0.4462859831680255
2021,03,ESP.10_1,0.8955344155047407,0.22302534193840537
2021,03,ESP.11_1,0,0.47795619328261446
2021,03,ESP.12_1,0,0.46708945830380133
2021,03,ESP.13_1,0.7295727272727273,0.4477404063421923
2021,03,ESP.14_1,0,0.4682614302139596
2021,03,ESP.15_1,0.027245454545454545,0.162164414398774
2021,03,ESP.16_1,0.15219098695008343,0.4155070138476354
2021,03,ESP.17_1,0,0.47008507738491334
2021,03,ESP.18_1,0.7275545454545455,0.4487319471135974
2021,03,ESP.2_1,0.16173259395346323,0.3103798258498654
2021,03,ESP.3_1,0,0.46898181621886353
2021,03,ESP.4_1,0.04570573234876855,0.33892284446141957
2021,03,ESP.5_1,0,0.4688466100939067
2021,03,ESP.6_1,0.7874737652482365,0.3882285471981885
2021,03,ESP.7_1,0,0.4634116300759182
2021,03,ESP.8_1,0.0898090909090909,0.2848862231842041
2021,03,ESP.9_1,0.02421818181818182,0.15312559370479986
