year,month,gid_1,est,se
2020,04,AND.4_1,0,0.3429600875052688
2020,04,AUT.3_1,0,0.35725009115132167
2020,04,BEL.2_1,0,0.3273246409334844
2020,04,BGR.21_1,0,0.387678080750375
2020,04,CHE.21_1,0,0.2466492161670818
2020,04,CHE.26_1,0,0.31458367725914477
2020,04,CHE.7_1,0,0.4248346554654934
2020,04,CYP.2_1,0,0.31797028965786267
2020,04,CYP.3_1,0.08600000000000001,0.28050433629924987
2020,04,CYP.4_1,0,0.46670956473787617
2020,04,DEU.1_1,0,0.3349377703364781
2020,04,DEU.10_1,0,0.2280943379986163
2020,04,DEU.13_1,0,0.4087935196405167
2020,04,ESP.1_1,0.19661800360839202,0.39640298602212837
2020,04,ESP.10_1,0.27210157455044137,0.4413105697659407
2020,04,ESP.11_1,0.04835829273084407,0.21437331366966025
2020,04,ESP.12_1,0.06484187976686825,0.24617462084080094
2020,04,ESP.13_1,0.278,0.4482375674984382
2020,04,ESP.14_1,0.40399999999999997,0.49094299569810046
2020,04,ESP.15_1,0,0.25014710386805117
2020,04,ESP.16_1,0.15681578749856617,0.3624100601502369
2020,04,ESP.17_1,0,0.4410198391212107
2020,04,ESP.18_1,0.607,0.48866122190101174
2020,04,ESP.2_1,0,0.3690296304751026
2020,04,ESP.3_1,0.16,0.366789496216201
2020,04,ESP.4_1,0.10077782725889775,0.30076952165578996
2020,04,ESP.5_1,0,0.21906082927728146
2020,04,ESP.6_1,0.3713533719351332,0.47948295015225917
2020,04,ESP.8_1,0.428,0.4950364239740962
2020,04,ESP.9_1,0,0.23003677296666483
2020,04,FRA.12_1,0,0.402433787041984
2020,04,FRA.8_1,0.052739911086773374,0.22274731574924445
2020,04,GBR.1_1,0,0.2626375180283216
2020,04,GRC.3_1,0.276,0.44724045436881493
2020,04,GRC.6_1,0.21,0.40751204407485436
2020,04,ITA.13_1,0.063,0.24308453280719053
2020,04,ITA.16_1,0.211,0.4082225442643334
2020,04,ITA.17_1,0.10200000000000001,0.30279974849343533
2020,04,ITA.20_1,0.19524893960409123,0.39417487646158766
2020,04,ITA.6_1,0.0954893426654287,0.2927661047599496
2020,04,ITA.8_1,0.217,0.4124088760939574
2020,04,NLD.10_1,0,0.18131981931624816
2020,04,NLD.11_1,0.02,0.14007005254378832
2020,04,NLD.14_1,0.03891832881905463,0.19333388233779567
2020,04,NLD.2_1,0.064,0.24487540497968344
2020,04,NLD.4_1,0.024,0.15312559370479986
2020,04,NLD.9_1,0.09861304157726647,0.296271776296316
2020,04,PRT.12_1,0,0.3431640091270819
2020,04,SWE.15_1,0,0.3372079903773617
2020,04,SWE.16_1,0,0.25695335184625445
2020,04,ZNC.2_1,0,0.29197474077263813
2020,04,ZNC.5_1,0.162,0.36863517451796685
