year,month,gid_1,est,se
2020,04,ESP.1_1,0.4915730320165458,0.48542848554544654
2020,04,ESP.10_1,0.3865078125607421,0.393117621567831
2020,04,ESP.11_1,0.08639501624768613,0.278130060237961
2020,04,ESP.12_1,0.09649036930010456,0.2928288196875256
2020,04,ESP.13_1,0.6129071949947863,0.48993779098885504
2020,04,ESP.14_1,0.3732513034410845,0.4819504915199032
2020,04,ESP.15_1,0,0.20519772441746548
2020,04,ESP.16_1,0.0822122948030141,0.19043848850751366
2020,04,ESP.17_1,0,0.49675523728066096
2020,04,ESP.18_1,0.7638394160583942,0.43380547159664457
2020,04,ESP.2_1,0,0.4530576798391804
2020,04,ESP.3_1,0.48441084462982276,0.499624483612067
2020,04,ESP.4_1,0.2952452452778926,0.4335395319434826
2020,04,ESP.5_1,0,0.21427580196088966
2020,04,ESP.6_1,0.5236996795451634,0.4618597455841362
2020,04,ESP.8_1,0.4293409801876955,0.49396660110072527
2020,04,ESP.9_1,0,0.07726558075864033
2020,04,ITA.13_1,0.23761626694473412,0.42295376802895357
2020,04,ITA.16_1,0.4823712200208551,0.4995202903992194
2020,04,ITA.17_1,0.04181230448383733,0.19838941090279583
2020,04,ITA.20_1,0.30822163603711045,0.4136779993904501
2020,04,ITA.6_1,0.3162391744926428,0.37375244559223486
2020,04,ITA.8_1,0.6139270072992701,0.48973037054672836
