year,month,gid_1,est,se
2020,04,ESP.1_1,0.48645823141400324,0.480973382245984
2020,04,ESP.10_1,0.396599490394173,0.3970843452387724
2020,04,ESP.11_1,0.055551777088033924,0.22792908551636826
2020,04,ESP.12_1,0.08206629858772427,0.2730670562151707
2020,04,ESP.13_1,0.714911495422177,0.45536618051668964
2020,04,ESP.14_1,0.3832410986775178,0.4853808758022864
2020,04,ESP.15_1,0,0.17340435135563662
2020,04,ESP.16_1,0.06421389940062545,0.14450335642139406
2020,04,ESP.17_1,0,0.4905472827736758
2020,04,ESP.18_1,0.8544557477110885,0.362085771753194
2020,04,ESP.2_1,0,0.4796520260210167
2020,04,ESP.3_1,0.2892004069175992,0.4521154812748711
2020,04,ESP.4_1,0.2557371284904019,0.4129269733178702
2020,04,ESP.5_1,0,0.15041435455688182
2020,04,ESP.6_1,0.5746322117465061,0.4336312491931968
2020,04,ESP.8_1,0.40548728382502547,0.4903462444430868
2020,04,ESP.9_1,0,0.14345584540052586
