year,month,gid_1,est,se
2020,04,ESP.1_1,0.4829462164211728,0.4092200598672665
2020,04,ESP.10_1,0.12938151352098654,0.4143898085314817
2020,04,ESP.11_1,0,0.48488429087594614
2020,04,ESP.12_1,0,0.4871020826095424
2020,04,ESP.13_1,0.111,0.3142893217686178
2020,04,ESP.14_1,0.167,0.3731624984510773
2020,04,ESP.15_1,0,0.4790547917446328
2020,04,ESP.16_1,0.10583880467943464,0.46953172337051624
2020,04,ESP.17_1,0.268,0.4431392245924213
2020,04,ESP.18_1,0.637,0.48110545877433414
2020,04,ESP.2_1,0.263,0.4404827181911057
2020,04,ESP.3_1,0.309,0.46231237570795436
2020,04,ESP.4_1,0.13277260172608524,0.45705582357340674
2020,04,ESP.5_1,0,0.48273722857976326
2020,04,ESP.6_1,0.42292775023384455,0.46987065185483895
2020,04,ESP.8_1,0.176,0.38101072054362084
2020,04,ESP.9_1,0,0.4884409632438444
