ID_1,est,se
ESP.1_1,0.625147416064,0.09357426515278583
ESP.10_1,0.818168372,0.45540302135750343
ESP.11_1,0,0
ESP.12_1,0,0
ESP.13_1,0.757,0.4291097005838194
ESP.14_1,0,0
ESP.15_1,0.008000000000000007,0.08912880535463237
ESP.16_1,0.0010000000000000009,0.010540925533894597
ESP.17_1,0,0
ESP.18_1,0.853,0.35428310221702153
ESP.2_1,0.42516200000000004,0.2036196024186521
ESP.3_1,0,0
ESP.4_1,0.0010000000000000009,0.006324555320336758
ESP.5_1,0,0
ESP.6_1,0.973406224,0.2527069707478372
ESP.7_1,0,0
ESP.8_1,0.02400000000000002,0.15312559370479986
ESP.9_1,0.0020000000000000018,0.04469897088298564
