year,month,gid_1,est,se
2015,04,AND.7_1,0,0.21387490180317947
2015,04,AUT.3_1,0,0.21805574590108986
2015,04,AUT.9_1,0,0.1293367518366444
2015,04,BEL.1_1,0,0.23003861328293243
2015,04,CHE.1_1,0,0.23196048304712577
2015,04,DEU.1_1,0,0.20740951356511855
2015,04,DEU.7_1,0,0.20384192270256718
2015,04,ESP.1_1,0.06879166210420937,0.2287778088114691
2015,04,ESP.10_1,0.3798903916842642,0.4837342876490457
2015,04,ESP.11_1,0,0.22513406349496015
2015,04,ESP.12_1,0,0.21188232763060505
2015,04,ESP.13_1,0.6399561586638831,0.4819543471701032
2015,04,ESP.14_1,0,0.21555071046635577
2015,04,ESP.16_1,0,0.09448142767273274
2015,04,ESP.17_1,0,0.21597775808614517
2015,04,ESP.18_1,0.5692985386221294,0.4961391827053856
2015,04,ESP.2_1,0,0.2452398560061676
2015,04,ESP.3_1,0,0.2138749018031795
2015,04,ESP.4_1,0,0.17584718735369878
2015,04,ESP.5_1,0,0.11439015487523438
2015,04,ESP.6_1,0.36242484134988623,0.4115609790703921
2015,04,ESP.7_1,0,0.20069110769291096
2015,04,ESP.8_1,0,0.21174643614636673
2015,04,ESP.9_1,0,0.23196048304712574
2015,04,FRA.11_1,0.020688916105955017,0.1666852243779667
2015,04,FRA.13_1,0,0.08341504233090427
2015,04,FRA.3_1,0,0.20069110769291099
2015,04,GBR.1_1,0,0.21799731261844588
2015,04,GBR.3_1,0,0.2121872422748839
2015,04,GBR.4_1,0,0.21299137925408246
2015,04,GRC.3_1,0,0.1089406157353261
2015,04,GRC.4_1,0,0.2280961627752177
2015,04,HRV.21_1,0,0.21475477348137997
2015,04,HRV.4_1,0,0.09448846901638508
2015,04,IRL.6_1,0,0.22725593235217414
2015,04,ITA.10_1,0.008175843297974826,0.08544257062876377
2015,04,ITA.13_1,0,0.1216142525784403
2015,04,ITA.16_1,0,0.10301925318192943
2015,04,ITA.4_1,0,0.11333159025017439
2015,04,ITA.5_1,0,0.241278149977458
2015,04,ITA.6_1,0.008666724395399492,0.09085253986537134
2015,04,ITA.8_1,0.012178098875185037,0.10833557744751902
2015,04,MLT.5_1,0,0.22161616464428865
2015,04,NLD.14_1,0,0.15483948388357877
2015,04,NLD.9_1,0,0.18783969729383584
2015,04,PRT.14_1,0,0.23386227946324045
2015,04,PRT.15_1,0,0.24665118938448977
2015,04,PRT.9_1,0,0.12922068155903313
