year,month,gid_1,est,se
2015,04,ESP.1_1,0.06632424199782933,0.19786772833335978
2015,04,ESP.10_1,0.5081753121285052,0.47846990650345494
2015,04,ESP.11_1,0,0.3073345353069772
2015,04,ESP.12_1,0,0.2703152491582355
2015,04,ESP.13_1,0.8817652958876631,0.32512999130826215
2015,04,ESP.14_1,0,0.28858296980910664
2015,04,ESP.16_1,0,0.08024862790122105
2015,04,ESP.17_1,0,0.3118007635109265
2015,04,ESP.18_1,0.8116248746238717,0.392504267747067
2015,04,ESP.2_1,0,0.15205308726418304
2015,04,ESP.3_1,0,0.30671233375505697
2015,04,ESP.4_1,0,0.0642554989966277
2015,04,ESP.5_1,0,0.2874636466700295
2015,04,ESP.6_1,0.4647666550553426,0.40294724883106864
2015,04,ESP.7_1,0,0.2819811571575984
2015,04,ESP.8_1,0,0.3592070017317987
2015,04,ESP.9_1,0,0.1089417051752561
2015,04,ITA.10_1,0.0330989576446621,0.17570830773273707
2015,04,ITA.13_1,0,0.08341587650718706
2015,04,ITA.16_1,0,0.10356586441820291
2015,04,ITA.4_1,0,0.14675937079724255
2015,04,ITA.5_1,0,0.462732992663938
2015,04,ITA.6_1,0.04037145806221487,0.19516597438936276
2015,04,ITA.8_1,0.0349981815145631,0.17307555649731404
