year,month,gid_1,est,se
2015,04,ESP.1_1,0.04762631165162051,0.1456950488883513
2015,04,ESP.10_1,0.5062901555571406,0.476428960544485
2015,04,ESP.11_1,0,0.4066407790283017
2015,04,ESP.12_1,0,0.4079208769948315
2015,04,ESP.13_1,0.9,0.3002516147964056
2015,04,ESP.14_1,0,0.39875596547895636
2015,04,ESP.16_1,0,0.059327682843388
2015,04,ESP.17_1,0,0.41047078957007094
2015,04,ESP.18_1,0.841,0.3659827845545469
2015,04,ESP.2_1,0,0.12328815761727954
2015,04,ESP.3_1,0,0.38283356444046607
2015,04,ESP.4_1,0,0.05874109271400431
2015,04,ESP.5_1,0,0.39508457709569056
2015,04,ESP.6_1,0.4369124606572832,0.3717400517872002
2015,04,ESP.7_1,0,0.39730145644348097
2015,04,ESP.8_1,0,0.31190059126892966
2015,04,ESP.9_1,0,0.08344258336909405
