year,month,gid_1,est,se
2015,04,ESP.1_1,0.07408751962124825,0.18479430747596343
2015,04,ESP.10_1,0.6168392166595232,0.45351015838632497
2015,04,ESP.11_1,0,0.3393495682613743
2015,04,ESP.12_1,0,0.3276539958975566
2015,04,ESP.13_1,0.975,0.15620307103062794
2015,04,ESP.14_1,0,0.34532939515580896
2015,04,ESP.16_1,0,0.014911091624552498
2015,04,ESP.17_1,0,0.32974646735443996
2015,04,ESP.18_1,0.89,0.31304631925323445
2015,04,ESP.2_1,0,0.21450807317042794
2015,04,ESP.3_1,0,0.32158111638343195
2015,04,ESP.4_1,0,0
2015,04,ESP.5_1,0,0.344151582530092
2015,04,ESP.6_1,0.5581542632408784,0.40346120783176476
2015,04,ESP.7_1,0,0.3386601403925338
2015,04,ESP.8_1,0,0.4762539425745658
2015,04,ESP.9_1,0,0.14345584540052586
2015,04,ITA.10_1,0.04266638846312752,0.2018257398680004
2015,04,ITA.13_1,0,0.14007005254378832
2015,04,ITA.16_1,0,0.18975584926138916
2015,04,ITA.4_1,0,0.2848862231842041
2015,04,ITA.5_1,0,0.4879939939570344
2015,04,ITA.6_1,0.07405052072981154,0.2616321785850152
2015,04,ITA.8_1,0.054647556591802135,0.21792306137389444
