year,month,gid_1,est,se
2015,04,ESP.1_1,0.18773739107454188,0.33253681597508805
2015,04,ESP.10_1,0.7377728526474148,0.43785120416544365
2015,04,ESP.11_1,0,0.49362744931087776
2015,04,ESP.12_1,0,0.4931726273488728
2015,04,ESP.13_1,0.9041454545454546,0.30541328929383094
2015,04,ESP.14_1,0,0.48584187601088874
2015,04,ESP.15_1,0.1887,0.3901066305296325
2015,04,ESP.16_1,0.030515567663264048,0.33669556882297313
2015,04,ESP.17_1,0,0.489937790988855
2015,04,ESP.18_1,0.8466272727272727,0.3677148544921924
2015,04,ESP.2_1,0.29043189192784596,0.37505957740584184
2015,04,ESP.3_1,0,0.49330959280593195
2015,04,ESP.4_1,0.043288156550651186,0.34343551239308
2015,04,ESP.5_1,0,0.4926853161314469
2015,04,ESP.6_1,0.592339470766947,0.40492505857337135
2015,04,ESP.7_1,0,0.49024602663310407
2015,04,ESP.8_1,0.14228181818181818,0.34819569244928955
2015,04,ESP.9_1,0.05146363636363636,0.22010780869257557
