year,month,gid_1,est,se
2015,04,ESP.10_1,0.98,0.14007005254378832
2015,04,ESP.6_1,0.996,0.06315051850925682
