ID_0,est,se
ALB,0,0
ARG,0.003,0.05471740119919799
AUT,0,0
BEL,0,0
BGR,0,0
CHN,0,0
DEU,0,0
DOM,0.96,0.19605723255834873
ESP,0,0
FRA,0,0
GRC,0,0
GTM,0.14,0.3471606552023436
HND,0.035,0.18387171834952976
HRV,0,0
HUN,0,0
IND,0.048,0.2972024019433555
ITA,0,0
MEX,2.854,2.298635577240757
NLD,0,0
PAK,0.032,0.2510757635436743
PER,0.318,0.7317181229212595
ROU,0,0
SRB,0,0
SVN,0,0
TUR,0,0
USA,0.003,0.05471740119919799
VEN,0.102,0.30279974849343533
XKO,0,0
