year,month,gid_1,est,se
2022,09,ESP.1_1,0,0.3400270910567351
2022,09,ESP.10_1,0,0.34763934154496157
2022,09,ESP.11_1,0,0.3405503689541172
2022,09,ESP.12_1,0,0.3161809592891244
2022,09,ESP.13_1,0,0.34334991338661014
2022,09,ESP.14_1,0,0.33438776515286894
2022,09,ESP.15_1,0,0.33631795079073634
2022,09,ESP.16_1,0.04892973552907508,0.1705536082466752
2022,09,ESP.17_1,0.45300000000000007,0.4970029420726179
2022,09,ESP.18_1,0,0.32409219289186575
2022,09,ESP.2_1,0,0.32534414621791596
2022,09,ESP.3_1,0,0.1384222016918243
2022,09,ESP.4_1,0,0.3461337740953265
2022,09,ESP.5_1,0,0.32573694692758515
2022,09,ESP.6_1,0,0.32553267219848436
2022,09,ESP.7_1,0,0.3490434015811077
2022,09,ESP.8_1,0,0.33392423725888665
2022,09,ESP.9_1,0,0.32283355132048297
