year,month,gid_2,est,se
2022,08,ESP.1.1_1,0,0.3677148544921924
2022,08,ESP.1.2_1,0,0.34922479573758497
2022,08,ESP.1.3_1,0,0.3601676286407771
2022,08,ESP.1.4_1,0,0.3601676286407771
2022,08,ESP.1.5_1,0,0.3766973598273565
2022,08,ESP.1.6_1,0,0.34922479573758497
2022,08,ESP.1.7_1,0,0.3471606552023436
2022,08,ESP.1.8_1,0,0.3582280381646966
2022,08,ESP.10.1_1,0,0.3562666500332664
2022,08,ESP.10.2_1,0,0.3639828065767441
2022,08,ESP.10.3_1,0,0.3731624984510773
2022,08,ESP.11.1_1,0,0.3440194025768741
2022,08,ESP.11.2_1,0,0.36863517451796685
2022,08,ESP.12.1_1,0,0.35126540875438816
2022,08,ESP.12.2_1,0,0.3601676286407771
2022,08,ESP.12.3_1,0,0.3552776691859794
2022,08,ESP.12.4_1,0,0.3429600875052688
2022,08,ESP.13.1_1,0,0.3611293596682696
2022,08,ESP.14.1_1,0,0.3562666500332664
2022,08,ESP.14.2_1,0,0.3502480173729377
2022,08,ESP.15.1_1,0,0.3601676286407771
2022,08,ESP.16.1_1,0,0.37226681638655706
2022,08,ESP.16.2_1,0.192,0.39407016036651554
2022,08,ESP.16.3_1,0.139,0.3461196307619647
2022,08,ESP.17.1_1,0.314,0.4643485970901814
2022,08,ESP.18.1_1,0,0.36955049393495276
2022,08,ESP.2.1_1,0,0.34819569244928955
2022,08,ESP.2.2_1,0,0.3704608498090469
2022,08,ESP.2.3_1,0,0.36585906146062974
2022,08,ESP.3.1_1,0.067,0.25014710386805117
2022,08,ESP.4.1_1,0,0.366789496216201
2022,08,ESP.4.2_1,0,0.3502480173729377
2022,08,ESP.4.3_1,0,0.3601676286407771
2022,08,ESP.4.4_1,0,0.3552776691859794
2022,08,ESP.4.5_1,0,0.34189456253630574
2022,08,ESP.5.1_1,0,0.3532829019480122
2022,08,ESP.5.2_1,0,0.3677148544921924
2022,08,ESP.5.3_1,0,0.35428310221702153
2022,08,ESP.5.4_1,0,0.3552776691859794
2022,08,ESP.5.5_1,0,0.3611293596682696
2022,08,ESP.5.6_1,0,0.3582280381646966
2022,08,ESP.5.7_1,0,0.36863517451796685
2022,08,ESP.5.8_1,0,0.3502480173729377
2022,08,ESP.5.9_1,0,0.3630369069334353
2022,08,ESP.6.1_1,0,0.3532829019480122
2022,08,ESP.6.2_1,0,0.3522770203960217
2022,08,ESP.6.3_1,0,0.35428310221702153
2022,08,ESP.6.4_1,0,0.36863517451796685
2022,08,ESP.7.1_1,0,0.34189456253630574
2022,08,ESP.7.2_1,0,0.3502480173729377
2022,08,ESP.8.1_1,0,0.35428310221702153
2022,08,ESP.9.1_1,0,0.3552776691859794
