year,month,gid_1,est,se
2016,08,ESP.10_1,0.987,0.11333068359382575
2016,08,ESP.6_1,0.951,0.21597603025716916
