year,month,gid_1,est,se
2016,08,ESP.1_1,0.15785297082543134,0.29963511798766856
2016,08,ESP.10_1,0.7913832129291523,0.4034010174452589
2016,08,ESP.11_1,0,0.4890747227233945
2016,08,ESP.12_1,0,0.48982044907286393
2016,08,ESP.13_1,0.8254363636363636,0.3860375953518323
2016,08,ESP.14_1,0,0.47929611012760354
2016,08,ESP.15_1,0.034309090909090914,0.18131981931624816
2016,08,ESP.16_1,0.021465121970026105,0.31604184907216903
2016,08,ESP.17_1,0,0.4873073654978637
2016,08,ESP.18_1,0.8405727272727272,0.3731624984510773
2016,08,ESP.2_1,0.06605704430125019,0.23520199120231033
2016,08,ESP.3_1,0,0.494741112874975
2016,08,ESP.4_1,0.02472746083505797,0.3157489422517978
2016,08,ESP.5_1,0,0.49051099052861974
2016,08,ESP.6_1,0.6487625476742477,0.43632644734142767
2016,08,ESP.7_1,0,0.48819480669556187
2016,08,ESP.8_1,0.1231090909090909,0.32744957355785825
2016,08,ESP.9_1,0.041372727272727276,0.19838941090279583
