year,month,gid_1,est,se
2016,08,ESP.1_1,0.3418979120457637,0.41976136366208205
2016,08,ESP.10_1,0.9814255071460507,0.13412132905545995
2016,08,ESP.11_1,0,0.49605367712994275
2016,08,ESP.12_1,0,0.4977462359639605
2016,08,ESP.13_1,0.9909819639278558,0.10436486346820145
2016,08,ESP.14_1,0,0.49895224927118126
2016,08,ESP.15_1,0.03707414829659318,0.1888747169521972
2016,08,ESP.16_1,0.055624558276453635,0.3361458592697223
2016,08,ESP.17_1,0,0.49592145926171216
2016,08,ESP.18_1,0.9589178356713426,0.2029784901032899
2016,08,ESP.2_1,0.20173321359561552,0.3820134318356709
2016,08,ESP.3_1,0,0.4956508578597534
2016,08,ESP.4_1,0.033296926833390875,0.24760544256691483
2016,08,ESP.5_1,0,0.4960279019229596
2016,08,ESP.6_1,0.8747499433921837,0.2795676263659483
2016,08,ESP.7_1,0,0.49726674379599883
2016,08,ESP.8_1,0.3016032064128256,0.45896720709159383
2016,08,ESP.9_1,0,0.1813375912710612
