year,month,gid_1,est,se
2020,10,ESP.1_1,0.4291519181222889,0.4564050979118691
2020,10,ESP.10_1,0.5063668032017734,0.4056945957257081
2020,10,ESP.11_1,0.03553299492385788,0.18387171834952978
2020,10,ESP.12_1,0.12501456832410116,0.26107817505473047
2020,10,ESP.13_1,0.8243654822335027,0.39090767299812473
2020,10,ESP.14_1,0.5034578922239131,0.5002133204477447
2020,10,ESP.15_1,0.03553299492385788,0.18387171834952978
2020,10,ESP.16_1,0.25275798157552404,0.37162263924773903
2020,10,ESP.17_1,0.5015228426395939,0.5002141683461337
2020,10,ESP.18_1,1,0.12161327966052797
2020,10,ESP.2_1,0.2086374963793464,0.30523340117862546
2020,10,ESP.3_1,0.30659898477157366,0.45935499018406994
2020,10,ESP.4_1,0.1318013394097142,0.27236678080996396
2020,10,ESP.5_1,0,0.2630686603135749
2020,10,ESP.6_1,0.6077357892409734,0.43701539821360474
2020,10,ESP.7_1,0.07817258883248732,0.26672484350382913
2020,10,ESP.8_1,0.8284263959390862,0.38767808075037496
2020,10,ESP.9_1,0.06294416243654823,0.24127621974453725
2020,10,ITA.1_1,0.24242671177317535,0.38463584611115526
2020,10,ITA.10_1,0.24333566105640814,0.3802628874860774
2020,10,ITA.11_1,0.34242853175349613,0.43873976072177373
2020,10,ITA.12_1,0.21218274111675126,0.40679784228100885
2020,10,ITA.13_1,0.359772369277341,0.44509275753171507
2020,10,ITA.14_1,0.10118232919756846,0.2698076258526571
2020,10,ITA.15_1,0.2464600700226707,0.42343827107455384
2020,10,ITA.16_1,0.35558328139904705,0.4431655441439532
2020,10,ITA.17_1,0.22467776150518995,0.37835987790791864
2020,10,ITA.18_1,0.04060913705583757,0.19605723255834873
2020,10,ITA.19_1,0,0
2020,10,ITA.2_1,0.06110961240013932,0.2320832855824052
2020,10,ITA.20_1,0.2637014689078066,0.38285695807223596
2020,10,ITA.3_1,0.033502538071066,0.17872588772459053
2020,10,ITA.4_1,0.4570298380981991,0.4958253802698961
2020,10,ITA.5_1,0.3397019951998237,0.42755918898285245
2020,10,ITA.6_1,0.31413592785706573,0.42305416263480405
2020,10,ITA.7_1,0.48127968875630034,0.49157306713769067
2020,10,ITA.8_1,0.4230294603238952,0.4534583601838798
2020,10,ITA.9_1,0.15964898414300602,0.293561442843977
