year,month,gid_3,est,se
2018,06,AUT.9.1.1_2,0.145,0.3522770203960217
2018,06,DEU.2.54.1_1,0.188,0.39090767299812473
2018,06,ESP.16.2.1_1,0.084,0.2775266131761439
2018,06,ESP.16.3.1_1,0.087,0.2819760814510878
2018,06,ESP.17.1.8_1,0.821,0.38354413840665863
2018,06,ESP.3.1.10_1,0.252,0.4343785039394614
2018,06,ESP.3.1.11_1,0.252,0.4343785039394614
2018,06,ESP.3.1.4_1,0.252,0.4343785039394614
2018,06,ESP.3.1.5_1,0.252,0.4343785039394614
2018,06,ESP.3.1.9_1,0.252,0.4343785039394614
2018,06,HUN.5.1_1,0.214,0.41033202698835536
