year,month,gid_1,est,se
2021,10,HUN.10_1,-7.847508424424082e-6,-0.02353507686035845
2021,10,HUN.12_1,7.663043478260866e-4,-0.018387896393300133
2021,10,HUN.13_1,-0.0011136956521739134,-0.029785322898965762
2021,10,HUN.14_1,-1.1252006879966123e-4,-0.0242306590201358
2021,10,HUN.16_1,6.130434782608598e-5,-0.02239513835242
2021,10,HUN.17_1,2.963043478260862e-4,-0.021028508333403646
2021,10,HUN.19_1,0.008756304347826085,0.015353646091044648
2021,10,HUN.2_1,0.001964780048192415,-0.01576241664444026
2021,10,HUN.4_1,0.004996304347826085,0.0014463111659588788
2021,10,HUN.5_1,-0.0020536956521739137,-0.036574833852607534
2021,10,HUN.8_1,-0.0015836956521739138,-0.03306126566404167
2021,10,ITA.10_1,0.004194360732720209,-0.005845858697618013
2021,10,ITA.17_1,0.004996304347826085,0.0014463111659588788
2021,10,ITA.20_1,9.653009634312215e-4,-0.017469794754881265
