ID_1,est,se
ESP.1_1,0.03453694308236799,0.050874259386209666
ESP.10_1,0.023859999999999992,0.07236591495856372
ESP.11_1,0.006990000000000052,0.05763397204672763
ESP.12_1,0.005987011996000047,0.03816087374233472
ESP.13_1,0.01100000000000001,0.10435463521037237
ESP.14_1,0.014944000000000068,0.08627159018126435
ESP.15_1,0.008000000000000007,0.08912880535463237
ESP.16_1,0.011965000000000003,0.05132778273945531
ESP.17_1,0,0
ESP.18_1,0.0050000000000000044,0.07056897321046962
ESP.2_1,0.010970000000000035,0.04927818465636998
ESP.3_1,0,0
ESP.4_1,0.014917212748107977,0.052604426128341146
ESP.5_1,0.04036411766288628,0.05768332660754191
ESP.6_1,0.028724864000000072,0.07313906566678893
ESP.7_1,0.38536899999999996,0.4116753172672354
ESP.8_1,0.007000000000000006,0.08341437500789632
ESP.9_1,0,0
