year,month,gid_1,est,se
2017,02,AND.2_1,0,0.32745022845897015
2017,02,AND.6_1,0,0.3014801045689478
2017,02,BEL.1_1,0,0.30799226986372896
2017,02,BEL.2_1,0,0.3324135718971212
2017,02,CZE.9_1,0,0.30280035409474915
2017,02,DEU.13_1,0,0.2966389806749868
2017,02,DEU.2_1,0,0.3013232710456039
2017,02,DEU.6_1,0,0.30926853903163765
2017,02,DEU.7_1,0,0.31179577463884356
2017,02,ESP.1_1,0,0.039717549077835756
2017,02,ESP.10_1,0,0.1179733642555934
2017,02,ESP.12_1,0,0.3091344616501109
2017,02,ESP.13_1,0,0.3297471268493532
2017,02,ESP.14_1,0,0.3117957746388436
2017,02,ESP.16_1,0,0
2017,02,ESP.17_1,0,0.28775359773655973
2017,02,ESP.18_1,0,0.4130948186990047
2017,02,ESP.2_1,0,0
2017,02,ESP.3_1,0,0.2933622424694124
2017,02,ESP.4_1,0,0
2017,02,ESP.5_1,0,0.32788169032776104
2017,02,ESP.6_1,0.1360724982190311,0.23881861932245954
2017,02,ESP.7_1,0,0.31552488614904955
2017,02,ESP.8_1,0,0.0446990602811956
2017,02,ESP.9_1,0,0
2017,02,FRA.11_1,0.15035423364139863,0.3198498488726431
2017,02,FRA.13_1,0,0
2017,02,FRA.8_1,0,0.3066415612928154
2017,02,FRA.9_1,0,0.29881205705739194
2017,02,GRC.3_1,0,0
2017,02,HUN.18_1,0,0
2017,02,ITA.10_1,0,0
2017,02,ITA.8_1,0,0
2017,02,PRT.12_1,0,0.2974640119810096
2017,02,PRT.15_1,0,0.31739712845156715
2017,02,PRT.18_1,0,0.30799226986372896
