year,month,gid_1,est,se
2017,02,AND.2_1,0,0.3001507128958582
2017,02,AND.6_1,0,0.2961064494312751
2017,02,BEL.1_1,0,0.29881205705739194
2017,02,BEL.2_1,0,0.3181237979193423
2017,02,CZE.9_1,0,0.29197532472387155
2017,02,DEU.13_1,0,0.2767437313367637
2017,02,DEU.2_1,0,0.31752485289758986
2017,02,DEU.6_1,0,0.2933622424694124
2017,02,DEU.7_1,0,0.3167518471268352
2017,02,ESP.1_1,0,0.04414133491553645
2017,02,ESP.10_1,0,0.14233613281869553
2017,02,ESP.12_1,0,0.3085168028716454
2017,02,ESP.13_1,0,0.36585979318094786
2017,02,ESP.14_1,0,0.3103331304755506
2017,02,ESP.16_1,0,0
2017,02,ESP.17_1,0,0.30799226986372896
2017,02,ESP.18_1,0,0.41975337635780857
2017,02,ESP.2_1,0,0
2017,02,ESP.3_1,0,0.3130469453477513
2017,02,ESP.4_1,0,0
2017,02,ESP.5_1,0,0.31314643552565224
2017,02,ESP.6_1,0.14566560310700083,0.2447257529825887
2017,02,ESP.7_1,0,0.2933622424694124
2017,02,ESP.8_1,0,0.054717510634328705
2017,02,ESP.9_1,0,0.0547175106343287
2017,02,FRA.11_1,0.1639312412838743,0.33513724727531835
2017,02,FRA.13_1,0,0
2017,02,FRA.8_1,0,0.30200139471175574
2017,02,FRA.9_1,0,0.33201607667842675
2017,02,GRC.3_1,0,0
2017,02,HUN.18_1,0,0
2017,02,ITA.10_1,0,0
2017,02,ITA.8_1,0,0
2017,02,PRT.12_1,0,0.2974640119810096
2017,02,PRT.15_1,0,0.3301176264037993
2017,02,PRT.18_1,0,0.29881205705739194
