year,month,gid_1,est,se
2017,02,ESP.1_1,0,0.024109734354362176
2017,02,ESP.10_1,0,0.08730788109318394
2017,02,ESP.12_1,0,0.21470159344373108
2017,02,ESP.13_1,0,0.29207347829776553
2017,02,ESP.14_1,0,0.20706863767366962
2017,02,ESP.16_1,0,0
2017,02,ESP.17_1,0,0.19375730912000874
2017,02,ESP.18_1,0,0.28059919486092
2017,02,ESP.2_1,0,0
2017,02,ESP.3_1,0,0.20526711643205256
2017,02,ESP.4_1,0,0
2017,02,ESP.5_1,0,0.1884270455123656
2017,02,ESP.6_1,0.06721439796931107,0.1857265208934752
2017,02,ESP.7_1,0,0.15926863188145335
2017,02,ESP.8_1,0,0.044714086799345555
2017,02,ESP.9_1,0,0.05473590506279083
