year,month,gid_2,est,se
2016,07,ESP.10.1_1,8.928121866176697e-4,0.0507076197605057
2016,07,ESP.10.2_1,0.015648073462990884,0.1919874968017584
2016,07,ESP.10.3_1,9.384296131123476e-4,0.037668848812351344
2016,07,ESP.15.1_1,0.009201461502291591,0.16451472734442285
2016,07,ESP.18.1_1,0.004652795601638054,0.08318824130299092
2016,07,ESP.2.1_1,0.00208546239164,0.044633232166523436
2016,07,ESP.2.2_1,0.003296649289051153,0.058941436510207224
2016,07,ESP.2.3_1,0.002740465046142186,0.04899730980243965
2016,07,ESP.4.1_1,0.004139355996845994,0.0674917981817356
2016,07,ESP.4.3_1,0.0017482204025629213,0.040433759414659286
2016,07,ESP.4.4_1,0,0
2016,07,ESP.5.7_1,0.0036813108317322275,0.0736620333013721
2016,07,ESP.6.1_1,0,0
2016,07,ESP.6.2_1,0,0
2016,07,ESP.6.3_1,0.006154282699877145,0.0867252121863409
2016,07,ESP.6.4_1,0,0
2016,07,ESP.9.1_1,0.002657965542490148,0.061474822693949716
2016,07,FRA.10.11_1,0.005269322875296931,0.09935752265087619
2016,07,FRA.11.11_1,0.008928571428571428,0.17865829753789936
2016,07,FRA.11.6_1,0.009167059554182627,0.14353153328496615
2016,07,FRA.11.7_1,0.004004508441085835,0.11354793965821386
