year,month,gid_1,est,se
2020,02,ALB.11_1,0,0.36836576186774594
2020,02,AND.4_1,0,0.3523638589942668
2020,02,AUT.5_1,0,0.37593649921198213
2020,02,BEL.1_1,0,0.33258792127559245
2020,02,BEL.2_1,0,0.3385341677864397
2020,02,CHE.19_1,0,0.3852666488327731
2020,02,CHE.21_1,0,0.3451399626360389
2020,02,CHE.26_1,0,0.32071936068635776
2020,02,CHE.4_1,0,0.36391276685290425
2020,02,CYP.1_1,0,0.3582136960097111
2020,02,CYP.2_1,0,0.3389454720180798
2020,02,CYP.3_1,0,0.34635965804837937
2020,02,CYP.4_1,0,0.35472211135575515
2020,02,DEU.1_1,0,0.34031316051729366
2020,02,DEU.10_1,0,0.3582136960097111
2020,02,DEU.3_1,0,0.36278484810544925
2020,02,ESP.1_1,0,0.35176924694925404
2020,02,ESP.10_1,0,0.35144694411688243
2020,02,ESP.11_1,0,0.33399493743712
2020,02,ESP.12_1,0,0.35058038858738305
2020,02,ESP.13_1,0,0.36615094825049366
2020,02,ESP.14_1,0,0.3521376176988361
2020,02,ESP.15_1,0,0.32869332409143037
2020,02,ESP.16_1,0,0.35667496417897443
2020,02,ESP.17_1,0,0.3558920499906704
2020,02,ESP.18_1,0,0.37380189225690696
2020,02,ESP.2_1,0,0.35119334437332167
2020,02,ESP.3_1,0,0.38727983814483247
2020,02,ESP.4_1,0,0.3713709655366399
2020,02,ESP.5_1,0,0.3619254674816466
2020,02,ESP.6_1,0,0.32274799565042017
2020,02,ESP.8_1,0,0.34998091080960314
2020,02,ESP.9_1,0,0.34391390931651983
2020,02,FRA.10_1,0,0.3389454720180799
2020,02,FRA.11_1,0,0.3530465734733093
2020,02,FRA.13_1,0,0.3662422541192593
2020,02,FRA.8_1,0,0.3514612808323509
2020,02,GRC.3_1,0,0.35472211135575515
2020,02,HUN.14_1,0,0.15696125485945955
2020,02,HUN.5_1,0,0.2380887418959036
2020,02,ITA.10_1,0,0.2109086167937003
2020,02,ITA.13_1,0,0.35786704612466597
2020,02,ITA.16_1,0,0.32606296154148356
2020,02,ITA.17_1,0,0.11811461130502539
2020,02,ITA.20_1,0,0.08578236673110695
2020,02,ITA.6_1,0,0.3644917825030129
2020,02,ITA.9_1,0,0.32206571729711136
2020,02,NLD.10_1,0,0.35250777318435483
2020,02,NLD.11_1,0,0.35316163172085435
2020,02,NLD.14_1,0,0.3568349613569864
2020,02,NLD.2_1,0,0.37225951561826753
2020,02,NLD.3_1,0,0.35472211135575515
2020,02,NLD.4_1,0,0.32883401294509707
2020,02,NLD.8_1,0,0.35705590206239846
2020,02,NLD.9_1,0,0.3547747107787693
2020,02,PRT.12_1,0,0.3360021673864814
2020,02,PRT.17_1,0,0.32206571729711136
2020,02,ROU.10_1,0,0.35472211135575515
2020,02,TUR.41_1,0,0.3727260988826616
