year,month,gid_1,est,se
2020,02,ALB.11_1,0,0.36110031011785154
2020,02,AND.4_1,0,0.3599708682975311
2020,02,AUT.5_1,0,0.3410774480668482
2020,02,BEL.1_1,0,0.36992681219752743
2020,02,BEL.2_1,0,0.36166047058656103
2020,02,CHE.21_1,0,0.376308350289051
2020,02,CHE.26_1,0,0.36666001704916346
2020,02,CHE.4_1,0,0.3721149265000291
2020,02,CYP.2_1,0,0.3720763499959753
2020,02,CYP.3_1,0,0.3824915600551428
2020,02,CYP.4_1,0,0.3814745819745296
2020,02,DEU.1_1,0,0.36576153087054525
2020,02,DEU.10_1,0,0.36110031011785154
2020,02,DEU.3_1,0,0.3423048744620943
2020,02,ESP.1_1,0,0.3665284534467929
2020,02,ESP.10_1,0,0.33821087239176123
2020,02,ESP.11_1,0,0.3433840683402371
2020,02,ESP.12_1,0,0.3675772786085132
2020,02,ESP.13_1,0,0.35306934425652353
2020,02,ESP.14_1,0,0.3747146715971098
2020,02,ESP.15_1,0,0.3565470385540676
2020,02,ESP.16_1,0,0.3691159894031158
2020,02,ESP.17_1,0,0.3518980045749152
2020,02,ESP.18_1,0,0.3435259382170597
2020,02,ESP.2_1,0,0.35561303058538346
2020,02,ESP.3_1,0,0.3232055358657002
2020,02,ESP.4_1,0,0.3493463568867644
2020,02,ESP.5_1,0,0.35584767205377316
2020,02,ESP.6_1,0,0.3468275345324804
2020,02,ESP.8_1,0,0.3633416108685
2020,02,ESP.9_1,0,0.35883552812133634
2020,02,FRA.10_1,0,0.3435259382170597
2020,02,FRA.11_1,0,0.3658334168026377
2020,02,FRA.13_1,0,0.3532587546539383
2020,02,FRA.8_1,0,0.3647889493491441
2020,02,GRC.3_1,0,0.3232055358657002
2020,02,HUN.14_1,0,0.19244550804423746
2020,02,HUN.5_1,0,0.26257108464329365
2020,02,ITA.10_1,0,0.20907363844513366
2020,02,ITA.13_1,0,0.36283610498778246
2020,02,ITA.16_1,0,0.3677546482150533
2020,02,ITA.17_1,0,0.12619985708409798
2020,02,ITA.20_1,0,0.09149617149072484
2020,02,ITA.6_1,0,0.3547731989458309
2020,02,ITA.9_1,0,0.3518980045749152
2020,02,NLD.10_1,0,0.34158339850742436
2020,02,NLD.11_1,0,0.3612032909729888
2020,02,NLD.14_1,0,0.3627758505890385
2020,02,NLD.2_1,0,0.354711404102213
2020,02,NLD.3_1,0,0.36666001704916346
2020,02,NLD.4_1,0,0.3543355439077126
2020,02,NLD.8_1,0,0.34834723329038414
2020,02,NLD.9_1,0,0.3659997081397916
2020,02,PRT.12_1,0,0.36281296112307476
2020,02,PRT.17_1,0,0.3599708682975311
2020,02,ROU.10_1,0,0.34715128787785654
2020,02,TUR.41_1,0,0.35769426113577407
