year,month,gid_1,est,se
2018,08,ARG.24_1,0.0011046740742749962,0.0017397035733262905
2018,08,DOM.5_1,0.1445749001555751,0.41131942460401877
2018,08,GTM.7_1,0.005536384761208212,0.013796813388766878
2018,08,HND.8_1,0.007493454103155869,0.007641381290864689
2018,08,IND.20_1,2.083650228056697e-5,5.4621865488780644e-5
2018,08,IND.34_1,3.7181926629440796e-5,8.337744233057915e-5
2018,08,MEX.14_1,7.820003371506404e-5,2.5592493028128336e-4
2018,08,MEX.16_1,1.5313082425709803e-4,4.241132402567659e-4
2018,08,MEX.17_1,0.002958072308030871,0.006626284233542384
2018,08,MEX.31_1,2.925831579461371e-4,7.168499516312175e-4
2018,08,MEX.9_1,0.00539619645583039,0.016427231233544202
2018,08,PAK.7_1,2.839983995511101e-5,7.575426045895977e-5
2018,08,PER.13_1,0.005462200023255949,0.0034598777264350238
2018,08,PRI.52_1,0.22904813867401477,0.4454182729240854
2018,08,PRI.65_1,0.0921319281405464,0.25157151005885037
2018,08,USA.5_1,2.1944774365596817e-5,3.452470570247214e-5
2018,08,VEN.14_1,9.401286473520243e-4,0.0019642236203459337
