year,month,gid_1,est,se
2014,09,ESP.1_1,0.3487776793333207,0.4738428567672574
2014,09,ESP.10_1,0.7648533748370293,0.42116983040943573
2014,09,ESP.11_1,0,0.4929197696945402
2014,09,ESP.12_1,0,0.4958789920290176
2014,09,ESP.13_1,0.9148296593186374,0.2820037191698811
2014,09,ESP.14_1,0,0.4966056616085166
2014,09,ESP.15_1,0,0.23947354021127834
2014,09,ESP.16_1,0.10015427406223902,0.3898741719055009
2014,09,ESP.17_1,0,0.4931884642000321
2014,09,ESP.18_1,0.9208416833667336,0.2729983901513605
2014,09,ESP.2_1,0.20610328670043127,0.40406694040192237
2014,09,ESP.3_1,0,0.4944859893683846
2014,09,ESP.4_1,0.05303711779190971,0.27050912428382234
2014,09,ESP.5_1,0,0.4939890766644026
2014,09,ESP.6_1,0.7892266850564513,0.3000636051198145
2014,09,ESP.7_1,0,0.49349116787532527
2014,09,ESP.8_1,0.1312625250501002,0.3376022691129409
2014,09,ESP.9_1,0,0.21176549620372717
