year,month,gid_1,est,se
2014,09,ESP.1_1,0.3440553075978035,0.47324503810184027
2014,09,ESP.10_1,0.7512237302766103,0.42761899212663596
2014,09,ESP.11_1,0,0.4949920342185033
2014,09,ESP.12_1,0,0.496147769435298
2014,09,ESP.13_1,0.887,0.3168583298436964
2014,09,ESP.14_1,0,0.4936072541088971
2014,09,ESP.15_1,0,0.21181634819725706
2014,09,ESP.16_1,0.09914617675802204,0.3857582205707913
2014,09,ESP.17_1,0,0.4952038311656284
2014,09,ESP.18_1,0.925,0.2636122543524871
2014,09,ESP.2_1,0.1921597099246794,0.3940713409675108
2014,09,ESP.3_1,0,0.49429275139257084
2014,09,ESP.4_1,0.05684848932312466,0.2716498726662892
2014,09,ESP.5_1,0,0.4925172669483441
2014,09,ESP.6_1,0.7748827604424919,0.3059062691450841
2014,09,ESP.7_1,0,0.48986874527615665
2014,09,ESP.8_1,0.141,0.34831344229587385
2014,09,ESP.9_1,0,0.2139455166068624
