year,month,gid_1,est,se
2014,09,ESP.1_1,0.36490535891725384,0.469916569922032
2014,09,ESP.10_1,0.8398290793026111,0.363316739258006
2014,09,ESP.11_1,0,0.4136954191383739
2014,09,ESP.12_1,0,0.411804816481489
2014,09,ESP.13_1,0.922,0.26830577330349786
2014,09,ESP.14_1,0,0.4159073723435784
2014,09,ESP.15_1,0,0.2338604085575211
2014,09,ESP.16_1,0.10090255119840282,0.3861990991785824
2014,09,ESP.17_1,0,0.40892936214366316
2014,09,ESP.18_1,0.937,0.2430845328071905
2014,09,ESP.2_1,0.22226139253226826,0.41578135628096274
2014,09,ESP.3_1,0,0.41377555535605315
2014,09,ESP.4_1,0.08691826560066568,0.32848757493500963
2014,09,ESP.5_1,0,0.41390432773339336
2014,09,ESP.6_1,0.7826471806364254,0.27229178095690815
2014,09,ESP.7_1,0,0.4153090924946417
2014,09,ESP.8_1,0.156,0.3630369069334353
2014,09,ESP.9_1,0,0.1499783100768024
2014,09,ITA.10_1,0.16433361153687248,0.3707032937217676
2014,09,ITA.13_1,0.13525498042045345,0.3421639155974019
2014,09,ITA.16_1,0.128,0.3342569785774528
2014,09,ITA.17_1,0.28,0.44922355437109684
2014,09,ITA.6_1,0.11838896475276019,0.32266760542807577
2014,09,ITA.8_1,0.24357180223003197,0.42888510760249676
