year,month,gid_1,est,se
2020,09,ESP.10_1,0.946,0.2261307920985887
2020,09,ESP.6_1,0.861,0.3461196307619647
