year,month,gid_1,est,se
2020,09,ESP.1_1,0.2520690875559279,0.3307896230446691
2020,09,ESP.10_1,0.21396566464001796,0.3313646012122565
2020,09,ESP.11_1,0.15976198959088878,0.24016930210330173
2020,09,ESP.12_1,0.27280118114941887,0.28153442439712223
2020,09,ESP.13_1,0.2595837320574163,0.3822610494884328
2020,09,ESP.14_1,0.16169940126398274,0.25111616008458437
2020,09,ESP.15_1,0.16695693779904305,0.28655836869467877
2020,09,ESP.16_1,0.12378561599992101,0.32170734753208863
2020,09,ESP.17_1,0.45284210526315793,0.48434346651326
2020,09,ESP.18_1,0.2744497607655503,0.39417623572514315
2020,09,ESP.2_1,0.10881479727042018,0.2762738435702021
2020,09,ESP.3_1,0.1406555023923445,0.25067114583456507
2020,09,ESP.4_1,0.06028099278377735,0.2515360610681844
2020,09,ESP.5_1,0.09063627248111224,0.2687039474943414
2020,09,ESP.6_1,0.34370270560134186,0.2888386049093452
2020,09,ESP.7_1,0.07009456704560049,0.19965943149020735
2020,09,ESP.8_1,0.6941291866028707,0.48340139591759207
2020,09,ESP.9_1,0,0.32687522114595985
