year,month,gid_1,est,se
2021,01,ESP.1_1,0.09746410459318967,0.20084121081654704
2021,01,ESP.10_1,0.04686913309334153,0.18737530993138793
2021,01,ESP.11_1,0,0.016309590466707217
2021,01,ESP.12_1,0,0.13789305689056855
2021,01,ESP.13_1,0,0.4039108952758587
2021,01,ESP.14_1,0.06104939499285814,0.20006987636202392
2021,01,ESP.15_1,0,0.04469977548618588
2021,01,ESP.16_1,0,0.23511464772756105
2021,01,ESP.17_1,0.21118545528880187,0.3932928198256233
2021,01,ESP.18_1,0,0.19606076168382142
2021,01,ESP.2_1,0,0.15819443186146948
2021,01,ESP.3_1,0,0
2021,01,ESP.4_1,0,0.0093716173284269
2021,01,ESP.5_1,0,0.005051158526388598
2021,01,ESP.6_1,0.3120632588234102,0.27013152174028154
2021,01,ESP.8_1,0.32949353757101024,0.45761659090487433
2021,01,ESP.9_1,0,0.43265797708061604
2021,01,ITA.1_1,0.06523529770701209,0.23574684585649602
2021,01,ITA.10_1,0,0.4207725171213074
2021,01,ITA.11_1,0,0.32639234286665747
2021,01,ITA.13_1,0,0.2724632512444412
2021,01,ITA.14_1,0.19025261348750244,0.34138047937551264
2021,01,ITA.15_1,0,0.13141519080255779
2021,01,ITA.16_1,0.09218288597420404,0.2701701453400289
2021,01,ITA.18_1,0,0.07057024348628495
2021,01,ITA.2_1,0.24376547971407136,0.3673599105918306
2021,01,ITA.20_1,0.2237312665091809,0.404879796651729
2021,01,ITA.5_1,0.31576718537623866,0.3385442951230513
2021,01,ITA.6_1,0.2192417433246752,0.3845776058674838
2021,01,ITA.8_1,1,0.17187645489326986
2021,01,ITA.9_1,0,0.42905332829099313
