year,month,gid_1,est,se
2021,01,ESP.1_1,0.13324718679758155,0.22580880956971658
2021,01,ESP.10_1,0.1793820430277262,0.40568310053039297
2021,01,ESP.11_1,0.06214568398903441,0.21482716484397482
2021,01,ESP.12_1,0,0.20336662908435746
2021,01,ESP.13_1,0.7657881355932203,0.42237297812846353
2021,01,ESP.14_1,0,0.14194073419831232
2021,01,ESP.15_1,0,0.2589660359592362
2021,01,ESP.16_1,0.10055526586414455,0.3174968355481766
2021,01,ESP.17_1,0,0.43011307627724626
2021,01,ESP.18_1,0,0.2964972475284932
2021,01,ESP.2_1,0,0.2688519051880382
2021,01,ESP.3_1,0,0.07953656386843885
2021,01,ESP.4_1,0,0.1512847445470972
2021,01,ESP.5_1,0,0.20756681987898237
2021,01,ESP.6_1,0.3321535631805866,0.23887982147949433
2021,01,ESP.8_1,0.5480434322033899,0.49963724180803964
2021,01,ESP.9_1,0,0.3917644087013071
