year,month,gid_1,est,se
2021,01,ESP.1_1,0.2393076233833529,0.2009340712216173
2021,01,ESP.10_1,0.3387012311790608,0.4188963152750002
2021,01,ESP.11_1,0.0908538990144786,0.15557231662899285
2021,01,ESP.12_1,0.020024131056915244,0.22670311601144427
2021,01,ESP.13_1,0.6694295692665891,0.4852233549940944
2021,01,ESP.14_1,0.06839910244602307,0.09137513377400336
2021,01,ESP.15_1,0.11958090803259605,0.21036983627732406
2021,01,ESP.16_1,0.07707393971061216,0.2574995664591137
2021,01,ESP.17_1,0.500675203725262,0.4961387214843548
2021,01,ESP.18_1,0.16763678696158324,0.28320057688299366
2021,01,ESP.2_1,0.0554189839862724,0.21296507371589732
2021,01,ESP.3_1,0.04135040745052387,0.027600399202507078
2021,01,ESP.4_1,0.046017911506816514,0.23537611385661172
2021,01,ESP.5_1,0.048656538121020144,0.24419714692632707
2021,01,ESP.6_1,0.424839322336864,0.2630936555192456
2021,01,ESP.7_1,0.18443167222799128,0.3527786576888971
2021,01,ESP.8_1,0.5274970896391152,0.499064721062146
2021,01,ESP.9_1,0,0.3517835940731945
