year,month,gid_1,est,se
2021,01,ESP.1_1,0.21777703562704653,0.22271629658161488
2021,01,ESP.10_1,0.29201347553057394,0.40494832002255426
2021,01,ESP.11_1,0.11503220962044972,0.23524418043293904
2021,01,ESP.12_1,0.032610594891759596,0.1954609297383367
2021,01,ESP.13_1,0.7568664563617246,0.42090445919873737
2021,01,ESP.14_1,0.08778518604375349,0.1668161592913005
2021,01,ESP.15_1,0.13582124079915878,0.2700305834560666
2021,01,ESP.16_1,0.11381491473408908,0.3229648647663436
2021,01,ESP.17_1,0.305856992639327,0.4380128507317805
2021,01,ESP.18_1,0.13685804416403788,0.27157446594045354
2021,01,ESP.2_1,0.0425160705401415,0.28260458352739165
2021,01,ESP.3_1,0.04458254468980021,0.07953476293252712
2021,01,ESP.4_1,0.07937316020457033,0.16529276020393216
2021,01,ESP.5_1,0.0766778701805266,0.21597355850904326
2021,01,ESP.6_1,0.3901771794402766,0.2552611088471974
2021,01,ESP.8_1,0.5474321766561515,0.4991396890115154
2021,01,ESP.9_1,0,0.3890657274261176
