year,month,gid_2,se,est
2022,09,ALA.1.1_2,0.0511843551745593,0.5942688469187988
2022,09,ALA.1.2_2,0.05007170909482309,0.541591276000789
2022,09,ALA.2.1_2,0.05058979867855348,0.5646377132774182
2022,09,ALA.2.2_2,0.05044681886536148,0.558053016912667
2022,09,ALA.2.3_2,0.05150916362824008,0.6123767619218646
2022,09,ALA.2.4_2,0.050994958206177235,0.5843918023716719
2022,09,ALA.2.5_2,0.051215077114292185,0.5959150210099866
2022,09,ALA.2.6_2,0.05048293923721877,0.5596991910038548
2022,09,ALA.2.7_2,0.05069441664850874,0.5695762355509816
2022,09,ALA.2.8_2,0.051027129612704746,0.5860379764628597
2022,09,ALA.3.1_2,0.05041044732091454,0.5564068428214793
2022,09,ALB.1.1_1,0.16984845691758574,0.5759062804334804
2022,09,ALB.1.2_1,0.0856752388834517,0.5718907511359778
2022,09,ALB.1.3_1,0.1544495660227765,0.5659938664116628
2022,09,ALB.10.1_1,0.13383381296571342,0.6553012964330317
2022,09,ALB.10.2_1,0.16054149256599837,0.6695338936578715
2022,09,ALB.10.3_1,0.21082719934528324,0.7006244242100786
2022,09,ALB.11.1_1,0.1595896631050307,0.6507888648890583
2022,09,ALB.11.2_1,0.2192231603223807,0.6476812088119904
2022,09,ALB.12.1_1,0.10264978639202986,0.6878163000355673
2022,09,ALB.12.2_1,0.1461582494200866,0.7316044248903353
2022,09,ALB.12.3_1,0.1825734217456353,0.6633157357291128
2022,09,ALB.2.1_1,0.14307983561577514,0.6562248480738179
2022,09,ALB.2.2_1,0.1963339749031112,0.6693890653515718
2022,09,ALB.2.3_1,0.18282008658316704,0.6701580705332834
2022,09,ALB.3.1_1,0.16063788536950563,0.6705655603006827
2022,09,ALB.3.2_1,0.12349504859960275,0.6385501833154916
2022,09,ALB.4.1_1,0.09849962946308301,0.12220380785795579
2022,09,ALB.4.2_1,0.11101567323497528,0.33715196248881313
2022,09,ALB.4.3_1,0.09947953821405832,0.2774732952344422
2022,09,ALB.4.4_1,0.09891705578500637,0.4200456580259422
2022,09,ALB.5.1_1,0.20536309741947387,0.6189630015490128
2022,09,ALB.5.2_1,0.19790660339359167,0.6015979269332151
2022,09,ALB.5.3_1,0.15015228606306513,0.6254680529082348
2022,09,ALB.6.1_1,0.1021051592610838,0.2540188656966169
2022,09,ALB.6.2_1,0.0988056808127035,0.29528315509582187
2022,09,ALB.6.3_1,0.11259098843258844,0.3626164265188657
2022,09,ALB.7.1_1,0.10956528173110197,0.5642940907993135
2022,09,ALB.7.2_1,0.13871150025037646,0.5729175380249063
2022,09,ALB.7.3_1,0.20358843472441884,0.5977512175467913
2022,09,ALB.7.4_1,0.14992728641477973,0.6207343743231661
2022,09,ALB.8.1_1,0.10055780452753858,0.624592174192928
2022,09,ALB.8.2_1,0.1957498769518187,0.6597851014105546
2022,09,ALB.8.3_1,0.14419016177132749,0.6798749504090008
2022,09,ALB.9.1_1,0.10101653992678027,0.6352235444804735
2022,09,ALB.9.2_1,0.16031290296999326,0.6646563700329303
2022,09,ALB.9.3_1,0.1333728258698032,0.6431660319944608
2022,09,ALB.9.4_1,0.05014876729526113,0.5448836241831645
2022,09,AND.2_1,0.04850390709974097,0.4823290087180277
2022,09,AND.6_1,0.04825801421794077,0.4740981382620888
2022,09,ARM.10_1,0.04850390709974097,0.4823290087180277
2022,09,ARM.11_1,0.0422229382583427,0.3210039477816227
2022,09,ARM.1_1,0.04111928479340904,0.299603684596181
2022,09,ARM.2_1,0.04180733806480812,0.3127730773256835
2022,09,ARM.3_1,0.039460107957162024,0.2699725509548006
2022,09,ARM.4_1,0.03877009095420586,0.2584493323164859
2022,09,ARM.5_1,0.04855223450099176,0.4839751828092157
2022,09,ARM.6_1,0.04436047085866687,0.36709682233488117
2022,09,ARM.7_1,0.04911042073590992,0.5037292719034694
2022,09,ARM.8_1,0.04614597669132951,0.41154352279695205
2022,09,ARM.9_1,0.04484793871356856,0.3786200409731957
2022,09,AUT.1.1_2,0.24714836215989214,0.7331055769865289
2022,09,AUT.1.2_2,0.11507722271810539,0.7039996412670176
2022,09,AUT.1.3_2,0.3938700952186598,0.7535785565358637
2022,09,AUT.1.4_2,0.29653106363854154,0.7439129753630235
2022,09,AUT.1.5_2,0.2368976783152903,0.7467594986460387
2022,09,AUT.1.6_2,0.2720435541382215,0.7247493103444946
2022,09,AUT.1.7_2,0.41529244630473455,0.7710977645049204
2022,09,AUT.1.8_2,0.497842176224317,0.772431177188267
2022,09,AUT.1.9_2,0.05205037072239026,0.6469464178368088
2022,09,AUT.2.10_2,0.1936183708016355,0.6496927852625749
2022,09,AUT.2.1_2,0.1881652546411107,0.7914914417950469
2022,09,AUT.2.2_2,0.2307134918234753,0.740472870119907
2022,09,AUT.2.3_2,0.5234276169748613,0.7899405542082518
2022,09,AUT.2.4_2,0.26121175114937284,0.8020641387827921
2022,09,AUT.2.5_2,0.15625097666972432,0.7697653969055667
2022,09,AUT.2.6_2,0.17962056513058083,0.7553482216630787
2022,09,AUT.2.7_2,0.46077234434642306,0.7992781692745483
2022,09,AUT.2.8_2,0.2156117022020675,0.8017888089788763
2022,09,AUT.2.9_2,0.0899501449389772,0.2555530064446764
2022,09,AUT.3.10_2,0.24955528026684196,0.778941193451389
2022,09,AUT.3.11_2,0.17327667800577978,0.7918234499410091
2022,09,AUT.3.12_2,0.8546321526932681,0.8153930388702273
2022,09,AUT.3.13_2,0.38556572295621466,0.7366160029772526
2022,09,AUT.3.14_2,0.2744658420952736,0.763099933516179
2022,09,AUT.3.15_2,0.09076612148154646,0.7653329299393994
2022,09,AUT.3.16_2,0.989697643773393,0.7918667968880005
2022,09,AUT.3.17_2,0.33747636081039173,0.7854560031499737
2022,09,AUT.3.18_2,0.4834538066246052,0.8298298474807799
2022,09,AUT.3.19_2,0.6345330363875442,0.7636719465933287
2022,09,AUT.3.1_2,0.6117322319783663,0.8313888316690775
2022,09,AUT.3.20_2,0.18715112105913245,0.7598184106316462
2022,09,AUT.3.21_2,0.16602208271885657,0.8183673997155394
2022,09,AUT.3.22_2,0.17995936968827533,0.7621032462345807
2022,09,AUT.3.24_2,0.17281822090140656,0.7793143479138075
2022,09,AUT.3.2_2,0.4169976513279322,0.7541369337982423
2022,09,AUT.3.3_2,0.40193328303702963,0.7316686775129985
2022,09,AUT.3.4_2,0.45467069207469285,0.7347683533480911
2022,09,AUT.3.5_2,0.2657435857493408,0.7879259699030149
2022,09,AUT.3.6_2,0.2712108831433359,0.7123445208627757
2022,09,AUT.3.7_2,0.10298359478484681,0.6977214887315156
2022,09,AUT.3.8_2,0.49515964739900376,0.7469215154330973
2022,09,AUT.3.9_2,0.052073603186849574,0.6485925919279967
2022,09,AUT.4.10_2,0.09020224780450756,0.7330205614076801
2022,09,AUT.4.11_2,0.47221370128800855,0.8330495466641924
2022,09,AUT.4.12_2,0.052527447239470323,0.684808421934128
2022,09,AUT.4.13_2,0.251052005439462,0.8124949456126449
2022,09,AUT.4.15_2,0.4163541283951311,0.8301837170638096
2022,09,AUT.4.16_2,0.5065262229570824,0.8394417696740265
2022,09,AUT.4.17_2,0.4314597656704042,0.8139868880376262
2022,09,AUT.4.18_2,0.12750972021023171,0.7611533830084822
2022,09,AUT.4.1_2,0.07348788925456058,0.7036425685155372
2022,09,AUT.4.2_2,0.28697265386853893,0.8184270330568238
2022,09,AUT.4.3_2,0.45162656628434533,0.8365550588016119
2022,09,AUT.4.4_2,0.49260935378259546,0.8381709877086356
2022,09,AUT.4.5_2,0.20969040529350993,0.8150782476569138
2022,09,AUT.4.6_2,0.17408252329273416,0.8222564540796486
2022,09,AUT.4.7_2,0.4626882849004924,0.8228948908381813
2022,09,AUT.4.8_2,0.19625199045287833,0.8210240067081189
2022,09,AUT.4.9_2,0.39189570255500067,0.820458111896251
2022,09,AUT.5.1_2,0.1285479045063293,0.8051485956724735
2022,09,AUT.5.2_2,0.22303495800341927,0.8371469561086391
2022,09,AUT.5.3_2,0.07470427918014279,0.7881329402256078
2022,09,AUT.5.4_2,0.08921464262064241,0.688347533907735
2022,09,AUT.5.6_2,0.15325163388122784,0.6914771278996812
2022,09,AUT.6.10_2,0.11589796999519575,0.7319068115358399
2022,09,AUT.6.11_2,0.23658540161929717,0.5967207502262799
2022,09,AUT.6.12_2,0.43538325096636954,0.7853519218831578
2022,09,AUT.6.13_2,0.179777681551919,0.757461916417433
2022,09,AUT.6.1_2,0.11730899061282984,0.7941651124556968
2022,09,AUT.6.2_2,0.6928583496860032,0.7914173717914479
2022,09,AUT.6.3_2,0.5993726810009277,0.7792570857813126
2022,09,AUT.6.4_2,0.2746731544501681,0.766919442670794
2022,09,AUT.6.5_2,0.2088103082743291,0.7913775088742985
2022,09,AUT.6.6_2,0.6791861689030294,0.7913711567934013
2022,09,AUT.6.7_2,0.12768163971622085,0.7652403313356255
2022,09,AUT.6.8_2,0.1728290967014822,0.7822280336440393
2022,09,AUT.7.1_2,0.09998190824990773,0.627253638773694
2022,09,AUT.7.2_2,0.19195729406288795,0.7168607799087386
2022,09,AUT.7.3_2,0.1271132844526636,0.7447663416097653
2022,09,AUT.7.4_2,0.0896926486213178,0.7156005335424903
2022,09,AUT.7.5_2,0.11680496261456133,0.7688281059395857
2022,09,AUT.7.6_2,0.11991766416910032,0.5641278162214036
2022,09,AUT.7.7_2,0.40141961184011615,0.6984459594962859
2022,09,AUT.7.8_2,0.07211634417791646,0.6338596618280596
2022,09,AUT.7.9_2,0.0708182645788843,0.5856191658387897
2022,09,AUT.8.1_2,0.2750926774954777,0.7032011096696181
2022,09,AUT.8.2_2,0.23130978185817724,0.7493461514048311
2022,09,AUT.8.3_2,0.10410079599323879,0.7435005563091802
2022,09,AUT.8.4_2,0.1947845381246585,0.7762517970459716
2022,09,AUT.9.1_2,0.48725410705114103,0.7486013456888692
2022,09,AZE.1.1_1,0.0486480449226894,0.4872675309915913
2022,09,AZE.1.2_1,0.05041044732091454,0.5564068428214793
2022,09,AZE.1.3_1,0.05139438278534668,0.6057920655571134
2022,09,AZE.1.4_1,0.04703268937654788,0.4362361341647692
2022,09,AZE.10.10_1,0.04850390709974097,0.4823290087180277
2022,09,AZE.10.1_1,0.0486480449226894,0.4872675309915913
2022,09,AZE.10.2_1,0,0
2022,09,AZE.10.3_1,0.048307763124437415,0.47574431235327663
2022,09,AZE.10.4_1,0,0
2022,09,AZE.10.5_1,0,0
2022,09,AZE.10.6_1,0,0
2022,09,AZE.10.7_1,0.04564313771660328,0.3983741300674494
2022,09,AZE.10.8_1,0,0
2022,09,AZE.10.9_1,0,0
2022,09,AZE.2.10_1,0.04620734080385178,0.4131896968881399
2022,09,AZE.2.11_1,0.046329089786646904,0.4164820450705155
2022,09,AZE.2.12_1,0.05044681886536148,0.558053016912667
2022,09,AZE.2.13_1,0.04714556278384536,0.4395284823471448
2022,09,AZE.2.14_1,0.04680321420386014,0.42965143780001797
2022,09,AZE.2.15_1,0.04950325646306588,0.5185448387241597
2022,09,AZE.2.16_1,0.046686594112749925,0.42635908961764235
2022,09,AZE.2.17_1,0.04583420726681617,0.403312652341013
2022,09,AZE.2.18_1,0.046389477226936884,0.4181282191617033
2022,09,AZE.2.19_1,0.04477938622210568,0.37697386688200824
2022,09,AZE.2.1_1,0.04686105188294068,0.43129761189120575
2022,09,AZE.2.2_1,0.04650928432915124,0.4214205673440789
2022,09,AZE.2.3_1,0.04557877152730658,0.39672795597626176
2022,09,AZE.2.4_1,0.04525180292938667,0.3884970855203227
2022,09,AZE.2.5_1,0.04544901603054064,0.393435607793886
2022,09,AZE.2.6_1,0.04747683236433654,0.44940552689427166
2022,09,AZE.2.7_1,0.04674506200555749,0.42800526370883013
2022,09,AZE.2.8_1,0.0469185762059458,0.4329437859823936
2022,09,AZE.2.9_1,0.04570716479010106,0.4000203041586374
2022,09,AZE.3.1_1,0.04620734080385178,0.4131896968881399
2022,09,AZE.3.2_1,0.04784961747380475,0.46092874553258634
2022,09,AZE.3.3_1,0.04736762566232069,0.44611317871189604
2022,09,AZE.3.4_1,0.047953463777201444,0.46422109371496195
2022,09,AZE.4.10_1,0.04840640370142203,0.4790366605356521
2022,09,AZE.4.11_1,0.05069441664850874,0.5695762355509816
2022,09,AZE.4.1_1,0.04400123130215861,0.35886595187894194
2022,09,AZE.4.2_1,0.051027129612704746,0.5860379764628597
2022,09,AZE.4.3_1,0.05072879360586478,0.5712224096421694
2022,09,AZE.4.4_1,0.049331351283146654,0.5119601423594082
2022,09,AZE.4.5_1,0.04820797838828584,0.47245196417090085
2022,09,AZE.4.6_1,0.04825801421794077,0.4740981382620888
2022,09,AZE.4.7_1,0.044916133728736464,0.3802662150643837
2022,09,AZE.4.8_1,0.04954556650539373,0.5201910128153473
2022,09,AZE.4.9_1,0.04400123130215861,0.35886595187894194
2022,09,AZE.5.1_1,0.04869552960448961,0.4889137050827789
2022,09,AZE.5.2_1,0,0
2022,09,AZE.5.3_1,0.04915514837799019,0.505375445994657
2022,09,AZE.5.4_1,0.04763838505823309,0.4543440491678351
2022,09,AZE.5.5_1,0.04544901603054064,0.393435607793886
2022,09,AZE.6.1_1,0.05263242145611054,0.694685466481255
2022,09,AZE.6.2_1,0.050336948532639994,0.5531144946391037
2022,09,AZE.6.3_1,0.05264914182234955,0.6963316405724429
2022,09,AZE.6.4_1,0.05297311577785519,0.7341936446697623
2022,09,AZE.6.5_1,0.05153726798409996,0.6140229360130525
2022,09,AZE.6.6_1,0.05205037072239026,0.6469464178368088
2022,09,AZE.6.7_1,0.050336948532639994,0.5531144946391037
2022,09,AZE.7.1_1,0.03936314024494707,0.26832637686361277
2022,09,AZE.7.2_1,0.038363712430519385,0.2518646359517347
2022,09,AZE.7.3_1,0.03730711243696059,0.2354028950398566
2022,09,AZE.7.4_1,0.042627827303611664,0.32923481823756157
2022,09,AZE.7.5_1,0.036303170180590476,0.22058732821916632
2022,09,AZE.7.6_1,0.03906904906606115,0.2633878545900494
2022,09,AZE.7.7_1,0.04094269112952864,0.29631133641380536
2022,09,AZE.7_1,0.04103122136248945,0.29795751050499336
2022,09,AZE.8.1_1,0.05029982018457406,0.5514683205479157
2022,09,AZE.8.2_1,0.050373824059813575,0.5547606687302915
2022,09,AZE.8.3_1,0.051779651765562734,0.6288385028337425
2022,09,AZE.8.4_1,0.04815765474113266,0.4708057900797132
2022,09,AZE.8.5_1,0.05150916362824008,0.6123767619218646
2022,09,AZE.9.1_1,0.04589722547031391,0.40495882643220066
2022,09,AZE.9.2_1,0.04810704237324389,0.4691596159885254
2022,09,AZE.9.3_1,0.04897460136000213,0.498790749629906
2022,09,AZE.9.4_1,0.046686594112749925,0.42635908961764235
2022,09,AZE.9.5_1,0.04644954165728703,0.4197743932528911
2022,09,AZE.9.6_1,0.04820797838828584,0.47245196417090085
2022,09,AZE.9.7_1,0.04747683236433654,0.44940552689427166
2022,09,BEL.1.1_1,0.088878508801533,0.6757527084441922
2022,09,BEL.2.1_1,0.4073403687958437,0.7217007235059115
2022,09,BEL.2.2_1,0.2606843472865766,0.7040813443960164
2022,09,BEL.2.3_1,0.3103428790153308,0.7521016658801835
2022,09,BEL.2.4_1,0.12631115088100517,0.7167159635855453
2022,09,BEL.2.5_1,0.2581317998234809,0.7420427280970774
2022,09,BEL.3.1_1,0.11563736126703002,0.7219833151370169
2022,09,BEL.3.2_1,0.24254945771460057,0.7477364027827534
2022,09,BEL.3.3_1,0.4066206251573424,0.7468923862409393
2022,09,BEL.3.4_1,0.29783157226831525,0.7629211198803625
2022,09,BEL.3.5_1,0.3063203162142579,0.7562108472814358
2022,09,BGR.1.10_1,0.05022480277919351,0.5481759723655403
2022,09,BGR.1.11_1,0.051830950667243955,0.6321308510161183
2022,09,BGR.1.12_1,0.049331351283146654,0.5119601423594082
2022,09,BGR.1.13_1,0.05014876729526113,0.5448836241831645
2022,09,BGR.1.14_1,0.04915514837799019,0.505375445994657
2022,09,BGR.1.1_1,0.0494178382593387,0.5152524905417839
2022,09,BGR.1.2_1,0.0501103663280194,0.5432374500919769
2022,09,BGR.1.3_1,0.04958761141743929,0.5218371869065354
2022,09,BGR.1.4_1,0.050994958206177235,0.5843918023716719
2022,09,BGR.1.5_1,0.050336948532639994,0.5531144946391037
2022,09,BGR.1.6_1,0.05065979218091025,0.5679300614597937
2022,09,BGR.1.7_1,0.05072879360586478,0.5712224096421694
2022,09,BGR.1.8_1,0.04840640370142203,0.4790366605356521
2022,09,BGR.1.9_1,0.04987455794522565,0.5333604055448498
2022,09,BGR.10.10_1,0,0
2022,09,BGR.10.11_1,0,0
2022,09,BGR.10.1_1,0,0
2022,09,BGR.10.2_1,0,0
2022,09,BGR.10.3_1,0,0
2022,09,BGR.10.4_1,0,0
2022,09,BGR.10.5_1,0,0
2022,09,BGR.10.6_1,0,0
2022,09,BGR.10.7_1,0,0
2022,09,BGR.10.8_1,0,0
2022,09,BGR.10.9_1,0,0
2022,09,BGR.11.10_1,0.04790168731248706,0.46257491962377417
2022,09,BGR.11.11_1,0.0499936234487549,0.5382989278184133
2022,09,BGR.11.1_1,0.04987455794522565,0.5333604055448498
2022,09,BGR.11.2_1,0.04987455794522565,0.5333604055448498
2022,09,BGR.11.3_1,0.0501869125848009,0.5465297982743524
2022,09,BGR.11.4_1,0.04800494781721671,0.46586726780614957
2022,09,BGR.11.5_1,0.04736762566232069,0.44611317871189604
2022,09,BGR.11.6_1,0.04731256772184658,0.44446700462070826
2022,09,BGR.11.7_1,0.05058979867855348,0.5646377132774182
2022,09,BGR.11.8_1,0.0499541938304174,0.5366527537272255
2022,09,BGR.11.9_1,0.04919960452199401,0.5070216200858451
2022,09,BGR.12.1_1,0,0
2022,09,BGR.12.2_1,0,0
2022,09,BGR.12.3_1,0.04987455794522565,0.5333604055448498
2022,09,BGR.12.4_1,0,0
2022,09,BGR.12.5_1,0.05150916362824008,0.6123767619218646
2022,09,BGR.12.6_1,0,0
2022,09,BGR.13.10_1,0,0
2022,09,BGR.13.11_1,0,0
2022,09,BGR.13.1_1,0.05003279500166987,0.5399451019096012
2022,09,BGR.13.2_1,0,0
2022,09,BGR.13.3_1,0,0
2022,09,BGR.13.4_1,0,0
2022,09,BGR.13.5_1,0.04897460136000213,0.498790749629906
2022,09,BGR.13.6_1,0,0
2022,09,BGR.13.7_1,0,0
2022,09,BGR.13.8_1,0,0
2022,09,BGR.13.9_1,0.04946068061005626,0.5168986646329718
2022,09,BGR.14.10_1,0.04883631133257644,0.49385222735634254
2022,09,BGR.14.11_1,0.04869552960448961,0.4889137050827789
2022,09,BGR.14.12_1,0.04650928432915124,0.4214205673440789
2022,09,BGR.14.13_1,0.05065979218091025,0.5679300614597937
2022,09,BGR.14.14_1,0.050762923555824645,0.5728685837333573
2022,09,BGR.14.15_1,0.04697578832403848,0.4345899600735814
2022,09,BGR.14.16_1,0.05022480277919351,0.5481759723655403
2022,09,BGR.14.1_1,0.050373824059813575,0.5547606687302915
2022,09,BGR.14.2_1,0.04850390709974097,0.4823290087180277
2022,09,BGR.14.3_1,0.04860028016372467,0.4856213569004033
2022,09,BGR.14.4_1,0.04810704237324389,0.4691596159885254
2022,09,BGR.14.5_1,0.05058979867855348,0.5646377132774182
2022,09,BGR.14.6_1,0.04987455794522565,0.5333604055448498
2022,09,BGR.14.7_1,0.05048293923721877,0.5596991910038548
2022,09,BGR.14.8_1,0.04747683236433654,0.44940552689427166
2022,09,BGR.14.9_1,0.04779725330235869,0.45928257144139856
2022,09,BGR.15.1_1,0,0
2022,09,BGR.15.2_1,0,0
2022,09,BGR.15.3_1,0,0
2022,09,BGR.15.4_1,0,0
2022,09,BGR.15.5_1,0,0
2022,09,BGR.15.6_1,0,0
2022,09,BGR.15.7_1,0,0
2022,09,BGR.16.1_1,0.04800494781721671,0.46586726780614957
2022,09,BGR.16.2_1,0,0
2022,09,BGR.16.3_1,0,0
2022,09,BGR.16.4_1,0,0
2022,09,BGR.16.5_1,0.04644954165728703,0.4197743932528911
2022,09,BGR.16.6_1,0.04869552960448961,0.4889137050827789
2022,09,BGR.16.7_1,0.046022262695637806,0.4082511746145766
2022,09,BGR.16.8_1,0,0
2022,09,BGR.17.10_1,0,0
2022,09,BGR.17.1_1,0,0
2022,09,BGR.17.2_1,0.04644954165728703,0.4197743932528911
2022,09,BGR.17.3_1,0.04731256772184658,0.44446700462070826
2022,09,BGR.17.4_1,0.04620734080385178,0.4131896968881399
2022,09,BGR.17.5_1,0.048307763124437415,0.47574431235327663
2022,09,BGR.17.6_1,0,0
2022,09,BGR.17.7_1,0.04815765474113266,0.4708057900797132
2022,09,BGR.17.8_1,0.04595991015899012,0.4066050005233886
2022,09,BGR.17.9_1,0.04919960452199401,0.5070216200858451
2022,09,BGR.18.1_1,0.04511859008333923,0.3852047373379471
2022,09,BGR.18.2_1,0.047257205311329396,0.4428208305295204
2022,09,BGR.18.3_1,0,0
2022,09,BGR.18.4_1,0.046389477226936884,0.4181282191617033
2022,09,BGR.18.5_1,0.04589722547031391,0.40495882643220066
2022,09,BGR.18.6_1,0,0
2022,09,BGR.18.7_1,0.04747683236433654,0.44940552689427166
2022,09,BGR.19.1_1,0.04911042073590992,0.5037292719034694
2022,09,BGR.19.2_1,0,0
2022,09,BGR.19.3_1,0,0
2022,09,BGR.19.4_1,0,0
2022,09,BGR.2.10_1,0.0499936234487549,0.5382989278184133
2022,09,BGR.2.11_1,0.04800494781721671,0.46586726780614957
2022,09,BGR.2.12_1,0.048357225993317474,0.47739048644446447
2022,09,BGR.2.13_1,0.04983435043727783,0.5317142314536621
2022,09,BGR.2.1_1,0.04850390709974097,0.4823290087180277
2022,09,BGR.2.2_1,0.04983435043727783,0.5317142314536621
2022,09,BGR.2.3_1,0.04747683236433654,0.44940552689427166
2022,09,BGR.2.4_1,0.04674506200555749,0.42800526370883013
2022,09,BGR.2.5_1,0.0486480449226894,0.4872675309915913
2022,09,BGR.2.6_1,0.0501103663280194,0.5432374500919769
2022,09,BGR.2.7_1,0.05026243845534718,0.5498221464567279
2022,09,BGR.2.8_1,0.04708928049111657,0.43788230825595703
2022,09,BGR.2.9_1,0.04820797838828584,0.47245196417090085
2022,09,BGR.20.10_1,0,0
2022,09,BGR.20.1_1,0.050994958206177235,0.5843918023716719
2022,09,BGR.20.2_1,0.04987455794522565,0.5333604055448498
2022,09,BGR.20.3_1,0.05072879360586478,0.5712224096421694
2022,09,BGR.20.4_1,0.0511843551745593,0.5942688469187988
2022,09,BGR.20.5_1,0.05041044732091454,0.5564068428214793
2022,09,BGR.20.6_1,0,0
2022,09,BGR.20.7_1,0,0
2022,09,BGR.20.8_1,0,0
2022,09,BGR.20.9_1,0,0
2022,09,BGR.21.10_1,0,0
2022,09,BGR.21.11_1,0,0
2022,09,BGR.21.12_1,0.04987455794522565,0.5333604055448498
2022,09,BGR.21.13_1,0.04950325646306588,0.5185448387241597
2022,09,BGR.21.14_1,0.05003279500166987,0.5399451019096012
2022,09,BGR.21.15_1,0.05055442861292879,0.5629915391862306
2022,09,BGR.21.16_1,0,0
2022,09,BGR.21.17_1,0.04967090853953454,0.5251295350889109
2022,09,BGR.21.18_1,0,0
2022,09,BGR.21.19_1,0.04950325646306588,0.5185448387241597
2022,09,BGR.21.1_1,0,0
2022,09,BGR.21.20_1,0,0
2022,09,BGR.21.21_1,0.050373824059813575,0.5547606687302915
2022,09,BGR.21.22_1,0.04983435043727783,0.5317142314536621
2022,09,BGR.21.2_1,0,0
2022,09,BGR.21.3_1,0.05055442861292879,0.5629915391862306
2022,09,BGR.21.4_1,0.049712162077826534,0.5267757091800985
2022,09,BGR.21.5_1,0,0
2022,09,BGR.21.6_1,0,0
2022,09,BGR.21.7_1,0,0
2022,09,BGR.21.8_1,0.05079680699627496,0.5745147578245451
2022,09,BGR.21.9_1,0,0
2022,09,BGR.22.10_1,0,0
2022,09,BGR.22.11_1,0,0
2022,09,BGR.22.1_1,0.04855223450099176,0.4839751828092157
2022,09,BGR.22.2_1,0.04650928432915124,0.4214205673440789
2022,09,BGR.22.3_1,0.047257205311329396,0.4428208305295204
2022,09,BGR.22.4_1,0,0
2022,09,BGR.22.5_1,0,0
2022,09,BGR.22.6_1,0,0
2022,09,BGR.22.7_1,0,0
2022,09,BGR.22.8_1,0.04714556278384536,0.4395284823471448
2022,09,BGR.22.9_1,0.04888268381186759,0.4954984014475303
2022,09,BGR.23.1_1,0,0
2022,09,BGR.23.2_1,0,0
2022,09,BGR.23.3_1,0,0
2022,09,BGR.23.4_1,0,0
2022,09,BGR.23.5_1,0,0
2022,09,BGR.24.10_1,0.04800494781721671,0.46586726780614957
2022,09,BGR.24.11_1,0.0499541938304174,0.5366527537272255
2022,09,BGR.24.12_1,0.046329089786646904,0.4164820450705155
2022,09,BGR.24.1_1,0.04954556650539373,0.5201910128153473
2022,09,BGR.24.2_1,0.049331351283146654,0.5119601423594082
2022,09,BGR.24.3_1,0.04924378990322779,0.5086677941770327
2022,09,BGR.24.4_1,0.04869552960448961,0.4889137050827789
2022,09,BGR.24.5_1,0.04840640370142203,0.4790366605356521
2022,09,BGR.24.6_1,0.04902014798032067,0.5004369237210938
2022,09,BGR.24.7_1,0.04928770524989073,0.5103139682682206
2022,09,BGR.24.8_1,0.04686105188294068,0.43129761189120575
2022,09,BGR.24.9_1,0.04888268381186759,0.4954984014475303
2022,09,BGR.25.10_1,0,0
2022,09,BGR.25.1_1,0,0
2022,09,BGR.25.2_1,0,0
2022,09,BGR.25.3_1,0,0
2022,09,BGR.25.4_1,0,0
2022,09,BGR.25.5_1,0,0
2022,09,BGR.25.6_1,0,0
2022,09,BGR.25.7_1,0,0
2022,09,BGR.25.8_1,0.04850390709974097,0.4823290087180277
2022,09,BGR.25.9_1,0,0
2022,09,BGR.26.10_1,0,0
2022,09,BGR.26.11_1,0,0
2022,09,BGR.26.1_1,0,0
2022,09,BGR.26.2_1,0,0
2022,09,BGR.26.3_1,0,0
2022,09,BGR.26.4_1,0,0
2022,09,BGR.26.5_1,0,0
2022,09,BGR.26.6_1,0,0
2022,09,BGR.26.7_1,0,0
2022,09,BGR.26.8_1,0,0
2022,09,BGR.26.9_1,0,0
2022,09,BGR.27.10_1,0,0
2022,09,BGR.27.1_1,0,0
2022,09,BGR.27.2_1,0,0
2022,09,BGR.27.3_1,0,0
2022,09,BGR.27.4_1,0,0
2022,09,BGR.27.5_1,0,0
2022,09,BGR.27.6_1,0,0
2022,09,BGR.27.7_1,0,0
2022,09,BGR.27.8_1,0,0
2022,09,BGR.27.9_1,0,0
2022,09,BGR.28.1_1,0.046568706480874744,0.42306674143526674
2022,09,BGR.28.2_1,0.04790168731248706,0.46257491962377417
2022,09,BGR.28.3_1,0.047691638077689905,0.45599022325902294
2022,09,BGR.28.4_1,0,0
2022,09,BGR.28.5_1,0,0
2022,09,BGR.3.1_1,0.051215077114292185,0.5959150210099866
2022,09,BGR.3.2_1,0.04902014798032067,0.5004369237210938
2022,09,BGR.3.3_1,0.04800494781721671,0.46586726780614957
2022,09,BGR.3.4_1,0.04924378990322779,0.5086677941770327
2022,09,BGR.3.5_1,0.051480823322388014,0.6107305878306768
2022,09,BGR.3.6_1,0.04742238019323161,0.4477593528030839
2022,09,BGR.3.7_1,0.051480823322388014,0.6107305878306768
2022,09,BGR.3.8_1,0.047201537359435664,0.44117465643833265
2022,09,BGR.4.1_1,0,0
2022,09,BGR.4.2_1,0,0
2022,09,BGR.4.3_1,0,0
2022,09,BGR.4.4_1,0,0
2022,09,BGR.5.1_1,0.05014876729526113,0.5448836241831645
2022,09,BGR.6.10_1,0.04758483377331325,0.45269787507664727
2022,09,BGR.6.11_1,0.04736762566232069,0.44611317871189604
2022,09,BGR.6.1_1,0.04614597669132951,0.41154352279695205
2022,09,BGR.6.2_1,0.04674506200555749,0.42800526370883013
2022,09,BGR.6.3_1,0.047201537359435664,0.44117465643833265
2022,09,BGR.6.4_1,0.04800494781721671,0.46586726780614957
2022,09,BGR.6.5_1,0.04686105188294068,0.43129761189120575
2022,09,BGR.6.6_1,0.0477445938297152,0.4576363973502107
2022,09,BGR.6.7_1,0.04840640370142203,0.4790366605356521
2022,09,BGR.6.8_1,0.04477938622210568,0.37697386688200824
2022,09,BGR.6.9_1,0.04531788659864046,0.39014325961151053
2022,09,BGR.7.1_1,0,0
2022,09,BGR.7.2_1,0.04919960452199401,0.5070216200858451
2022,09,BGR.7.3_1,0,0
2022,09,BGR.7.4_1,0.04758483377331325,0.45269787507664727
2022,09,BGR.7.5_1,0,0
2022,09,BGR.7.6_1,0.04680321420386014,0.42965143780001797
2022,09,BGR.7.7_1,0,0
2022,09,BGR.7.8_1,0,0
2022,09,BGR.8.1_1,0,0
2022,09,BGR.8.2_1,0,0
2022,09,BGR.8.3_1,0,0
2022,09,BGR.8.4_1,0.0501103663280194,0.5432374500919769
2022,09,BGR.8.5_1,0,0
2022,09,BGR.8.6_1,0.05014876729526113,0.5448836241831645
2022,09,BGR.8.7_1,0.047691638077689905,0.45599022325902294
2022,09,BGR.8.8_1,0,0
2022,09,BGR.8.9_1,0,0
2022,09,BGR.9.1_1,0.051215077114292185,0.5959150210099866
2022,09,BGR.9.2_1,0,0
2022,09,BGR.9.3_1,0,0
2022,09,BGR.9.4_1,0,0
2022,09,BGR.9.5_1,0.05142343329702805,0.6074382396483012
2022,09,BGR.9.6_1,0.05145224667665437,0.6090844137394891
2022,09,BGR.9.7_1,0,0
2022,09,BGR.9.8_1,0,0
2022,09,BIH.1.1_1,0.05245301752382454,0.6782237255693768
2022,09,BIH.2.10_1,0.17112235659495809,0.7321594569757658
2022,09,BIH.2.1_1,0.08958184914502466,0.7073996582969995
2022,09,BIH.2.2_1,0.12620244368369304,0.7125606352146175
2022,09,BIH.2.3_1,0.1799268340088915,0.7626411225488398
2022,09,BIH.2.4_1,0.1534516302874783,0.6960957114601413
2022,09,BIH.2.5_1,0.08931617068730441,0.6923492569899032
2022,09,BIH.2.6_1,0.1556313821669909,0.7501036565725449
2022,09,BIH.2.7_1,0.1874145165289743,0.7693702558840892
2022,09,BIH.2.8_1,0.14737635020243633,0.7729018386041407
2022,09,BIH.2.9_1,0.10163323555185273,0.652484324862673
2022,09,BIH.3.1_1,0.24423780496393765,0.7823365283868186
2022,09,BIH.3.2_1,0.08976359225991597,0.7137482756350337
2022,09,BIH.3.3_1,0.1560317508551661,0.7661391227761948
2022,09,BIH.3.4_1,0.12610620670657172,0.7116800812230546
2022,09,BIH.3.5_1,0.14657674651420363,0.7447217629128756
2022,09,BIH.3.6_1,0.13526079803124993,0.6865222870013924
2022,09,BIH.3.7_1,0.13755291315258902,0.7567520758112755
2022,09,BLR.1.10_1,0.05014876729526113,0.5448836241831645
2022,09,BLR.1.11_1,0.05026243845534718,0.5498221464567279
2022,09,BLR.1.12_1,0.050762923555824645,0.5728685837333573
2022,09,BLR.1.13_1,0.05205037072239026,0.6469464178368088
2022,09,BLR.1.14_1,0.0511843551745593,0.5942688469187988
2022,09,BLR.1.15_1,0.05041044732091454,0.5564068428214793
2022,09,BLR.1.16_1,0.051027129612704746,0.5860379764628597
2022,09,BLR.1.1_1,0.05139438278534668,0.6057920655571134
2022,09,BLR.1.2_1,0.05167426387476831,0.6222538064689916
2022,09,BLR.1.3_1,0.051153392764334,0.5926226728276109
2022,09,BLR.1.4_1,0.0509298854493948,0.5810994541892964
2022,09,BLR.1.5_1,0.05044681886536148,0.558053016912667
2022,09,BLR.1.6_1,0.05041044732091454,0.5564068428214793
2022,09,BLR.1.7_1,0.0509298854493948,0.5810994541892964
2022,09,BLR.1.8_1,0.0509298854493948,0.5810994541892964
2022,09,BLR.1.9_1,0.04958761141743929,0.5218371869065354
2022,09,BLR.2.10_1,0,0
2022,09,BLR.2.11_1,0.05058979867855348,0.5646377132774182
2022,09,BLR.2.13_1,0.05007170909482309,0.541591276000789
2022,09,BLR.2.19_1,0,0
2022,09,BLR.2.21_1,0.05069441664850874,0.5695762355509816
2022,09,BLR.2.2_1,0.051620169189404624,0.6189614582866159
2022,09,BLR.2.5_1,0,0
2022,09,BLR.2.6_1,0,0
2022,09,BLR.2.9_1,0.05079680699627496,0.5745147578245451
2022,09,BLR.3.10_1,0.050762923555824645,0.5728685837333573
2022,09,BLR.3.11_1,0.051215077114292185,0.5959150210099866
2022,09,BLR.3.13_1,0.05164733356276828,0.6206076323778039
2022,09,BLR.3.4_1,0.05145224667665437,0.6090844137394891
2022,09,BLR.3.7_1,0.05022480277919351,0.5481759723655403
2022,09,BLR.5.13_1,0.051275801307834684,0.5992073691923622
2022,09,BLR.5.15_1,0.050994958206177235,0.5843918023716719
2022,09,BLR.5.6_1,0.05058979867855348,0.5646377132774182
2022,09,BLR.6.13_1,0.05069441664850874,0.5695762355509816
2022,09,BLR.6.14_1,0.05062491969522196,0.566283887368606
2022,09,BLR.6.20_1,0.05041044732091454,0.5564068428214793
2022,09,BLR.6.21_1,0.05145224667665437,0.6090844137394891
2022,09,BLR.6.2_1,0,0
2022,09,BLR.6.7_1,0.051153392764334,0.5926226728276109
2022,09,CHE.1.10_1,0.22040627315355799,0.7688495388671931
2022,09,CHE.1.11_1,0.24855927972501746,0.7599915908615731
2022,09,CHE.1.1_1,0.18699774015862566,0.7599632209540231
2022,09,CHE.1.2_1,0.26365141037262413,0.7499760599018869
2022,09,CHE.1.3_1,0.2531407502678394,0.746872727585268
2022,09,CHE.1.4_1,0.289165443126128,0.7705785148408378
2022,09,CHE.1.5_1,0.22087586196139572,0.7811523075283319
2022,09,CHE.1.6_1,0.2502513972722383,0.7930761311067346
2022,09,CHE.1.7_1,0.23207000855309967,0.7646188938581289
2022,09,CHE.1.8_1,0.23192611029890667,0.7608715079066322
2022,09,CHE.1.9_1,0.19439887144031673,0.7648820204845539
2022,09,CHE.10.10_1,0.20258011587629315,0.6699830229119018
2022,09,CHE.10.11_1,0.3354250708910531,0.7087426733375475
2022,09,CHE.10.1_1,0.24054595323074338,0.6416937209599238
2022,09,CHE.10.2_1,0.06936917640695821,0.5393580564982297
2022,09,CHE.10.3_1,0.30944321667858243,0.6913753547762457
2022,09,CHE.10.4_1,0.1356014738164441,0.6954654750727611
2022,09,CHE.10.5_1,0.20646483526331036,0.5627266525271042
2022,09,CHE.10.6_1,0.17053605154093862,0.7173980041817656
2022,09,CHE.10.7_1,0.19625864537257662,0.5820117673676315
2022,09,CHE.10.8_1,0.20702915403313632,0.6410789431802585
2022,09,CHE.10.9_1,0.19720202609603282,0.6864945269779168
2022,09,CHE.11.1_1,0.269876948038758,0.7715512427445771
2022,09,CHE.11.2_1,0.22638737706384987,0.7694800743741513
2022,09,CHE.11.3_1,0.31175176333231674,0.7748785552586163
2022,09,CHE.12.1_1,0.1542721403304206,0.7126830060814122
2022,09,CHE.12.2_1,0.23706998692843229,0.7501440343489956
2022,09,CHE.12.3_1,0.24432906753336792,0.7822556408479038
2022,09,CHE.12.4_1,0.24921402339721116,0.7715351750714328
2022,09,CHE.12.5_1,0.25412998979128676,0.7625355921043179
2022,09,CHE.13.1_1,0.20911026806940355,0.8001033995067045
2022,09,CHE.13.2_1,0.08956118182830904,0.7023783019426573
2022,09,CHE.13.3_1,0.13688739704854122,0.7340293264617651
2022,09,CHE.13.4_1,0.17284986067888441,0.7776638078184823
2022,09,CHE.13.5_1,0.2142453619160515,0.7702670409291472
2022,09,CHE.13.6_1,0.17266407895331942,0.7734972931283662
2022,09,CHE.14.1_1,0.18075813585434944,0.7881683293884014
2022,09,CHE.15.1_1,0.13715718725304452,0.7453457369927442
2022,09,CHE.16.1_1,0.18810555218812533,0.7860695601962913
2022,09,CHE.16.2_1,0.15660353636506028,0.7836715896162987
2022,09,CHE.16.3_1,0.15668343432114287,0.7867289239340058
2022,09,CHE.16.4_1,0.15563846050172334,0.7573378901527013
2022,09,CHE.16.5_1,0.20962783983480385,0.8193661015324686
2022,09,CHE.16.6_1,0.22159698409437498,0.7958634033165002
2022,09,CHE.16.7_1,0.1271879111909793,0.7482104712910586
2022,09,CHE.16.8_1,0.17309748911360737,0.7873975826680436
2022,09,CHE.17.1_1,0.11527216947154097,0.7097498185422305
2022,09,CHE.17.2_1,0.11538610540839601,0.7152686852473121
2022,09,CHE.17.3_1,0.12702663390026342,0.7414637068060819
2022,09,CHE.17.4_1,0.0904809525266556,0.7497959588820342
2022,09,CHE.17.5_1,0.08980843312337432,0.7140106456031147
2022,09,CHE.17.6_1,0.10331231232031125,0.7124048841770524
2022,09,CHE.18.1_1,0.05159277038496681,0.6173152841954281
2022,09,CHE.18.2_1,0.05233466464754377,0.6683466810222501
2022,09,CHE.18.3_1,0.10359285630029551,0.7219883422156423
2022,09,CHE.18.4_1,0.07347428817119545,0.6990254750221941
2022,09,CHE.18.5_1,0.1657486057108089,0.8082489085099239
2022,09,CHE.18.6_1,0.2142673862959603,0.7698884573524933
2022,09,CHE.19.10_1,0.2365014275188074,0.7386305834952239
2022,09,CHE.19.1_1,0.2357067106793858,0.7256684284747711
2022,09,CHE.19.2_1,0.16465798410554552,0.771558819049542
2022,09,CHE.19.3_1,0.14668858798544424,0.7487079761809788
2022,09,CHE.19.4_1,0.1731918118129006,0.7886237942087105
2022,09,CHE.19.5_1,0.20716112620721655,0.7522814168730958
2022,09,CHE.19.6_1,0.19430610518169064,0.764175646232314
2022,09,CHE.19.7_1,0.052073603186849574,0.6485925919279967
2022,09,CHE.19.8_1,0.15648125417879274,0.780084741262302
2022,09,CHE.19.9_1,0.18036690852516638,0.7744004261535782
2022,09,CHE.2.1_1,0.22069898913905614,0.7735567462281892
2022,09,CHE.20.1_1,0.1647217034891951,0.7726965177491099
2022,09,CHE.20.2_1,0.13854306196281385,0.7950143044493866
2022,09,CHE.20.3_1,0.052208212868664734,0.6584696364751235
2022,09,CHE.20.4_1,0.08978124034973933,0.7126250019999152
2022,09,CHE.20.5_1,0.17181694960967725,0.7489871825116543
2022,09,CHE.20.6_1,0.17267197183761196,0.77288305023754
2022,09,CHE.20.7_1,0.20148300852123893,0.7739158389648864
2022,09,CHE.20.8_1,0.18700997760762147,0.7559168357918276
2022,09,CHE.20.9_1,0.14746775557026973,0.7744637145367947
2022,09,CHE.21.1_1,0.21779941557999635,0.6299512981568598
2022,09,CHE.21.2_1,0.1144657377768645,0.6838852957285299
2022,09,CHE.21.3_1,0.21552587961317665,0.6776021962780906
2022,09,CHE.21.4_1,0.32101446391236194,0.6797466861302741
2022,09,CHE.21.5_1,0.41309263874590807,0.6619047591706453
2022,09,CHE.21.6_1,0.22042842903790044,0.6654207472203638
2022,09,CHE.21.7_1,0.12261100922623895,0.6226697775092519
2022,09,CHE.21.8_1,0.14125863607174674,0.6176158985991527
2022,09,CHE.22.1_1,0.2350711382054968,0.7191269547275602
2022,09,CHE.23.10_1,0.16040391060060002,0.668854237924983
2022,09,CHE.23.11_1,0.21671851254122337,0.5548202562944995
2022,09,CHE.23.12_1,0.12027559694911732,0.571170165053828
2022,09,CHE.23.13_1,0.20088502128520416,0.5110131779949398
2022,09,CHE.23.14_1,0.16888089266742176,0.5642802339982975
2022,09,CHE.23.1_1,0.148653928582234,0.5994115348873366
2022,09,CHE.23.2_1,0.1120187097112964,0.6179964795063997
2022,09,CHE.23.3_1,0.11852744803033319,0.5455421295354813
2022,09,CHE.23.4_1,0.1858652707064846,0.6095327860231687
2022,09,CHE.23.5_1,0.14421260792032914,0.5392100932055816
2022,09,CHE.23.6_1,0.18816142193844734,0.5581828123347423
2022,09,CHE.23.7_1,0.16539542060942955,0.6200634017881904
2022,09,CHE.23.8_1,0.1610183655156443,0.6840383800924452
2022,09,CHE.23.9_1,0.14047037432062276,0.6033562222076746
2022,09,CHE.24.10_1,0.18477227082331338,0.7092218211091458
2022,09,CHE.24.1_1,0.2046729805173835,0.7028022323102587
2022,09,CHE.24.2_1,0.3597454316319377,0.7741951376103352
2022,09,CHE.24.3_1,0.3809214246066535,0.7646452690541976
2022,09,CHE.24.4_1,0.4754220969911498,0.7682245987282912
2022,09,CHE.24.5_1,0.1359425907785791,0.7064402217951398
2022,09,CHE.24.6_1,0.26802617183457006,0.7372534194038922
2022,09,CHE.24.7_1,0.42471060281073664,0.769178193349219
2022,09,CHE.24.8_1,0.3587650547249652,0.7593135083931111
2022,09,CHE.24.9_1,0.15528323429655577,0.7419741440627535
2022,09,CHE.25.1_1,0.18032304702506943,0.7750454371372959
2022,09,CHE.26.10_1,0.0736209851926325,0.7089491461570533
2022,09,CHE.26.11_1,0.1722042547447357,0.7590714284775573
2022,09,CHE.26.12_1,0.2368748573778864,0.7454176900582095
2022,09,CHE.26.13_1,0.2908750332353735,0.7281404229268307
2022,09,CHE.26.1_1,0.19389711352165867,0.7523770490644951
2022,09,CHE.26.2_1,0.2536001288819936,0.7541348536086969
2022,09,CHE.26.3_1,0.24271120321961448,0.7521618457262391
2022,09,CHE.26.4_1,0.24316602166501583,0.759195348102052
2022,09,CHE.26.5_1,0.1717204497939626,0.746283813720694
2022,09,CHE.26.6_1,0.17360506496555397,0.8035191436951926
2022,09,CHE.26.7_1,0.1865711151832541,0.7451849112529146
2022,09,CHE.26.8_1,0.18016795058673035,0.7687386393369139
2022,09,CHE.26.9_1,0.17965619065026334,0.7557826577999471
2022,09,CHE.3.1_1,0.09050097058252622,0.7486624269262587
2022,09,CHE.4.1_1,0.1955375308769905,0.7955759808202864
2022,09,CHE.4.2_1,0.18713100324203719,0.7593007457172941
2022,09,CHE.4.3_1,0.19502003874606536,0.7821705689448322
2022,09,CHE.4.4_1,0.2766829642993486,0.8066351943729657
2022,09,CHE.4.5_1,0.20267845301655646,0.8041479944757107
2022,09,CHE.5.1_1,0.052414462979312786,0.6749313773870013
2022,09,CHE.5.2_1,0.05172742377378348,0.6255461546513671
2022,09,CHE.5.3_1,0.05249067830307118,0.6815160737517525
2022,09,CHE.6.10_1,0.13398376059299655,0.6599984429237344
2022,09,CHE.6.11_1,0.2587992980444824,0.7633751814375287
2022,09,CHE.6.12_1,0.2823002518096975,0.7361995191104708
2022,09,CHE.6.13_1,0.11581832413560066,0.7289012373668825
2022,09,CHE.6.14_1,0.1460409470922305,0.7268468538498677
2022,09,CHE.6.15_1,0.26601681225113805,0.7937565440007783
2022,09,CHE.6.16_1,0.25892284507700525,0.7549758711508003
2022,09,CHE.6.17_1,0.16413218565028376,0.7588890863859228
2022,09,CHE.6.18_1,0.12504861514398513,0.6848655986954679
2022,09,CHE.6.19_1,0.10233592149617016,0.6810550833313226
2022,09,CHE.6.1_1,0.17901923908041695,0.7391674505067086
2022,09,CHE.6.20_1,0.08761736160961656,0.6344660554839124
2022,09,CHE.6.21_1,0.10358090574312462,0.7221423407227857
2022,09,CHE.6.22_1,0.2634028087201612,0.745395121716849
2022,09,CHE.6.23_1,0.15478227342894954,0.7305773386321259
2022,09,CHE.6.24_1,0.271061388525143,0.7925253332580491
2022,09,CHE.6.25_1,0.16169929510193845,0.693743946327134
2022,09,CHE.6.26_1,0.264008570805621,0.7553998744907843
2022,09,CHE.6.2_1,0.2529259368759314,0.7432838491582744
2022,09,CHE.6.3_1,0.18453950899626712,0.7031810945230248
2022,09,CHE.6.4_1,0.0900554469711739,0.7263639581755463
2022,09,CHE.6.5_1,0.1936022981163756,0.745439978348592
2022,09,CHE.6.6_1,0.25167790625392383,0.7206814712567953
2022,09,CHE.6.7_1,0.2191417579986678,0.7434171564397051
2022,09,CHE.6.8_1,0.18660927841378416,0.7462712188933295
2022,09,CHE.6.9_1,0.2649876047973771,0.6950531532673866
2022,09,CHE.7.1_1,0.23720109332854922,0.7532335286057623
2022,09,CHE.7.2_1,0.11538295571120209,0.7153190552575872
2022,09,CHE.7.3_1,0.10276539439772113,0.6899102404282782
2022,09,CHE.7.5_1,0.08896427302946146,0.6773269672950327
2022,09,CHE.7.6_1,0.13724203443030306,0.7486019957499679
2022,09,CHE.7.7_1,0.1138415913951933,0.6670183599788483
2022,09,CHE.8.1_1,0.35082151537679745,0.7537979324091073
2022,09,CHE.9.1_1,0.1717728222999233,0.7540606003472615
2022,09,CYP.1_1,0.04878966200280433,0.4922060532651547
2022,09,CYP.2_1,0.04595991015899012,0.4066050005233886
2022,09,CYP.3_1,0.047691638077689905,0.45599022325902294
2022,09,CYP.4_1,0.04589722547031391,0.40495882643220066
2022,09,CYP.5_1,0.04987455794522565,0.5333604055448498
2022,09,CZE.1.1_1,0.05214193162471593,0.6535311142015597
2022,09,CZE.1.2_1,0.052433852094377696,0.6765775514781891
2022,09,CZE.1.3_1,0.05159277038496681,0.6173152841954281
2022,09,CZE.1.4_1,0.0519307721638707,0.6387155473808697
2022,09,CZE.1.5_1,0.05263242145611054,0.694685466481255
2022,09,CZE.1.6_1,0.05225126689181671,0.6617619846574989
2022,09,CZE.1.7_1,0.052314153314344615,0.6667005069310624
2022,09,CZE.10.2_1,0.05209660729105996,0.6502387660191843
2022,09,CZE.10.4_1,0.052414462979312786,0.6749313773870013
2022,09,CZE.10.5_1,0.05205037072239026,0.6469464178368088
2022,09,CZE.10.6_1,0.052433852094377696,0.6765775514781891
2022,09,CZE.11.11_1,0.05218634610021234,0.6568234623839355
2022,09,CZE.11.13_1,0.05197930009045992,0.642007895563245
2022,09,CZE.11.14_1,0.05233466464754377,0.6683466810222501
2022,09,CZE.11.15_1,0.052164252448364756,0.6551772882927477
2022,09,CZE.11.17_1,0.051830950667243955,0.6321308510161183
2022,09,CZE.11.19_1,0.05170096049116265,0.6238999805601794
2022,09,CZE.11.21_1,0.05153726798409996,0.6140229360130525
2022,09,CZE.11.22_1,0.05195515109003001,0.6403617214720574
2022,09,CZE.11.3_1,0.05239484993030008,0.6732852032958137
2022,09,CZE.11.4_1,0.05266564123582235,0.6979778146636306
2022,09,CZE.11.5_1,0.05159277038496681,0.6173152841954281
2022,09,CZE.11.8_1,0.05180541717899287,0.6304846769249306
2022,09,CZE.12.10_1,0.05164733356276828,0.6206076323778039
2022,09,CZE.12.11_1,0.05164733356276828,0.6206076323778039
2022,09,CZE.12.12_1,0.05233466464754377,0.6683466810222501
2022,09,CZE.12.1_1,0.0519307721638707,0.6387155473808697
2022,09,CZE.12.2_1,0.05209660729105996,0.6502387660191843
2022,09,CZE.12.3_1,0.05145224667665437,0.6090844137394891
2022,09,CZE.12.4_1,0.051275801307834684,0.5992073691923622
2022,09,CZE.12.5_1,0.05209660729105996,0.6502387660191843
2022,09,CZE.12.6_1,0.052073603186849574,0.6485925919279967
2022,09,CZE.12.7_1,0.052164252448364756,0.6551772882927477
2022,09,CZE.12.8_1,0.05209660729105996,0.6502387660191843
2022,09,CZE.12.9_1,0.05245301752382454,0.6782237255693768
2022,09,CZE.13.2_1,0.05159277038496681,0.6173152841954281
2022,09,CZE.13.3_1,0.052208212868664734,0.6584696364751235
2022,09,CZE.13.4_1,0.0511843551745593,0.5942688469187988
2022,09,CZE.14.1_1,0.051480823322388014,0.6107305878306768
2022,09,CZE.14.2_1,0.0519307721638707,0.6387155473808697
2022,09,CZE.14.3_1,0.05239484993030008,0.6732852032958137
2022,09,CZE.2.1_1,0.05278970652254909,0.7111472073931331
2022,09,CZE.2.2_1,0.05153726798409996,0.6140229360130525
2022,09,CZE.2.3_1,0.0515651367757645,0.6156691101042403
2022,09,CZE.2.4_1,0.05159277038496681,0.6173152841954281
2022,09,CZE.2.5_1,0.05153726798409996,0.6140229360130525
2022,09,CZE.2.6_1,0.051753654080563635,0.6271923287425549
2022,09,CZE.2.7_1,0.05164733356276828,0.6206076323778039
2022,09,CZE.4.1_1,0.052598317019690914,0.6913931182988795
2022,09,CZE.4.2_1,0.05266564123582235,0.6979778146636306
2022,09,CZE.4.3_1,0.05150916362824008,0.6123767619218646
2022,09,CZE.4.4_1,0.05205037072239026,0.6469464178368088
2022,09,CZE.4.5_1,0.05209660729105996,0.6502387660191843
2022,09,CZE.5.1_1,0.051753654080563635,0.6271923287425549
2022,09,CZE.5.2_1,0.05249067830307118,0.6815160737517525
2022,09,CZE.5.4_1,0.052293416756575395,0.6650543328398746
2022,09,CZE.6.1_1,0.05237501269576768,0.6716390292046256
2022,09,CZE.6.3_1,0.05258093251902634,0.6897469442076916
2022,09,CZE.7.1_1,0.05112218944668981,0.5909764987364231
2022,09,CZE.7.4_1,0.05209660729105996,0.6502387660191843
2022,09,CZE.7.5_1,0.05172742377378348,0.6255461546513671
2022,09,CZE.8.1_1,0.052293416756575395,0.6650543328398746
2022,09,CZE.8.2_1,0.05167426387476831,0.6222538064689916
2022,09,CZE.8.3_1,0.05185625257290876,0.6337770251073064
2022,09,CZE.8.4_1,0.052164252448364756,0.6551772882927477
2022,09,CZE.8.5_1,0.0522724547061954,0.6634081587486867
2022,09,CZE.9.1_1,0.05188132323480752,0.635423199198494
2022,09,CZE.9.2_1,0.0515651367757645,0.6156691101042403
2022,09,CZE.9.3_1,0.05266564123582235,0.6979778146636306
2022,09,CZE.9.4_1,0.052414462979312786,0.6749313773870013
2022,09,DEU.1.12_1,0.05190616298801224,0.6370693732896818
2022,09,DEU.1.13_1,0.12688976742441474,0.737247947900106
2022,09,DEU.1.15_1,0.05105905831904872,0.5876841505540475
2022,09,DEU.1.18_1,0.07224677933597419,0.6421495949846929
2022,09,DEU.1.1_1,0.1034196027854587,0.7145179276037849
2022,09,DEU.1.20_1,0.051090744780229125,0.5893303246452352
2022,09,DEU.1.21_1,0.17759197443237684,0.705296258386521
2022,09,DEU.1.22_1,0.1271365123095675,0.7444936652098566
2022,09,DEU.1.23_1,0.30669418295151846,0.7645446119807433
2022,09,DEU.1.26_1,0.05167426387476831,0.6222538064689916
2022,09,DEU.1.27_1,0.14525522069057237,0.7089029039140475
2022,09,DEU.1.28_1,0.37119380010087394,0.7324380523604367
2022,09,DEU.1.2_1,0.05159277038496681,0.6173152841954281
2022,09,DEU.1.31_1,0.24808088514190804,0.7491450063253815
2022,09,DEU.1.34_1,0.051779651765562734,0.6288385028337425
2022,09,DEU.1.35_1,0.37237895926511083,0.707247464625834
2022,09,DEU.1.36_1,0.2384721685335921,0.7772266753661179
2022,09,DEU.1.38_1,0.12781223807109038,0.7693537416728922
2022,09,DEU.1.3_1,0.052026909591761206,0.6453002437456209
2022,09,DEU.1.42_1,0.10393374371885407,0.7374970331750409
2022,09,DEU.1.43_1,0.0515651367757645,0.6156691101042403
2022,09,DEU.1.44_1,0.2937484940414799,0.7713026802281037
2022,09,DEU.1.45_1,0.10420967230044012,0.7481820980532564
2022,09,DEU.1.5_1,0.052119383337397754,0.6518849401103719
2022,09,DEU.1.7_1,0.2181231496530833,0.7238162681974775
2022,09,DEU.1.8_1,0.07161023003592608,0.6139480028919004
2022,09,DEU.1.9_1,0.13572286179026966,0.7010513693134345
2022,09,DEU.10.10_1,0.050762923555824645,0.5728685837333573
2022,09,DEU.10.13_1,0.07314368759651553,0.6818403084545647
2022,09,DEU.10.15_1,0.08773996235689922,0.6338828701376636
2022,09,DEU.10.18_1,0.12447982491014636,0.6635322414141362
2022,09,DEU.10.19_1,0.04975315314244541,0.5284218832712866
2022,09,DEU.10.1_1,0.05065979218091025,0.5679300614597937
2022,09,DEU.10.21_1,0.07204528449420491,0.6322806647820494
2022,09,DEU.10.22_1,0.1124693236999147,0.6281629247169894
2022,09,DEU.10.23_1,0.12498865873841648,0.6785668869293711
2022,09,DEU.10.24_1,0.05130580441344553,0.60085354328355
2022,09,DEU.10.25_1,0.05055442861292879,0.5629915391862306
2022,09,DEU.10.27_1,0.11440629069895138,0.6810706861634164
2022,09,DEU.10.29_1,0.07209484459163332,0.6328875997391104
2022,09,DEU.10.31_1,0.050994958206177235,0.5843918023716719
2022,09,DEU.10.32_1,0.05133556875223217,0.6024997173747378
2022,09,DEU.10.33_1,0.050896983165893,0.5794532800981085
2022,09,DEU.10.35_1,0.05164733356276828,0.6206076323778039
2022,09,DEU.10.37_1,0.1610662501528461,0.6804925404926787
2022,09,DEU.10.40_1,0.08928284964121129,0.6910117943809544
2022,09,DEU.10.41_1,0.14471900170012797,0.6941527970644193
2022,09,DEU.10.43_1,0.051779651765562734,0.6288385028337425
2022,09,DEU.10.45_1,0.08866857060760355,0.6694795344232086
2022,09,DEU.10.47_1,0.1622745212451231,0.707296443777071
2022,09,DEU.10.48_1,0.24874816559565013,0.677512617188592
2022,09,DEU.10.4_1,0.1135851134836077,0.658103296198176
2022,09,DEU.10.50_1,0.1250133261048661,0.6788024040709719
2022,09,DEU.10.51_1,0.07167688849335899,0.6168916477785494
2022,09,DEU.10.52_1,0.07255345118860651,0.6530012742389465
2022,09,DEU.10.6_1,0.08778887709434809,0.63511366869169394
2022,09,DEU.10.8_1,0.05026243845534718,0.5498221464567279
2022,09,DEU.10.9_1,0.11522570605099736,0.7085796593383681
2022,09,DEU.11.10_1,0.7869140361947016,0.724400080586704
2022,09,DEU.11.11_1,0.05105905831904872,0.5876841505540475
2022,09,DEU.11.12_1,0.27083374203294486,0.7070020916059068
2022,09,DEU.11.14_1,0.10366814599764627,0.7279133987531632
2022,09,DEU.11.17_1,0.051779651765562734,0.6288385028337425
2022,09,DEU.11.18_1,0.05180541717899287,0.6304846769249306
2022,09,DEU.11.19_1,0.144860818127649,0.6973146192531811
2022,09,DEU.11.20_1,0.051275801307834684,0.5992073691923622
2022,09,DEU.11.21_1,0.07283497902816422,0.6664895736394721
2022,09,DEU.11.22_1,0.0509298854493948,0.5810994541892964
2022,09,DEU.11.25_1,0.5980388590454224,0.7203335201941583
2022,09,DEU.11.26_1,0.15454986863957718,0.7207855279487576
2022,09,DEU.11.27_1,0.256102393605251,0.7100087914309244
2022,09,DEU.11.28_1,0.05133556875223217,0.6024997173747378
2022,09,DEU.11.29_1,0.17006453042181643,0.7061527726488438
2022,09,DEU.11.30_1,0.16359838023560136,0.7399809366024309
2022,09,DEU.11.31_1,0.21946146786527848,0.7491218022342745
2022,09,DEU.11.33_1,0.1709424707489453,0.7265866666015751
2022,09,DEU.11.34_1,0.05142343329702805,0.6074382396483012
2022,09,DEU.11.35_1,0.05153726798409996,0.6140229360130525
2022,09,DEU.11.3_1,0.1251791026248207,0.6849759383527438
2022,09,DEU.11.4_1,0.3548716538175445,0.712531324414009
2022,09,DEU.11.5_1,0.07253482126559854,0.6532501972241419
2022,09,DEU.11.6_1,0.5303473190786299,0.737340520830808
2022,09,DEU.11.7_1,0.15438179089292933,0.7183793922213138
2022,09,DEU.11.8_1,0.13670292110577253,0.7310229106345879
2022,09,DEU.11.9_1,0.13585325379164495,0.7031089557672539
2022,09,DEU.12.1_1,0.07306585555642242,0.6780361089919269
2022,09,DEU.12.3_1,0.10255486953988104,0.6868696024229797
2022,09,DEU.12.4_1,0.10297366906977397,0.6978456288123142
2022,09,DEU.12.5_1,0.08864807471273319,0.6661238867095963
2022,09,DEU.13.10_1,0.11360280986350284,0.6590858845837289
2022,09,DEU.13.11_1,0.13505249022775154,0.6826095599917064
2022,09,DEU.13.12_1,0.23199969827449052,0.6689823488578864
2022,09,DEU.13.13_1,0.08872798192919307,0.6687039973181681
2022,09,DEU.13.14_1,0.1530863594719389,0.6861983550379521
2022,09,DEU.13.2_1,0.11427642191596045,0.6819606723933057
2022,09,DEU.13.3_1,0.1138941538719373,0.6664095450313227
2022,09,DEU.13.5_1,0.05145224667665437,0.6090844137394891
2022,09,DEU.13.6_1,0.0519307721638707,0.6387155473808697
2022,09,DEU.13.7_1,0.2284702917833184,0.7000442640110278
2022,09,DEU.13.8_1,0.05062491969522196,0.566283887368606
2022,09,DEU.13.9_1,0.04975315314244541,0.5284218832712866
2022,09,DEU.14.10_1,0.1353800586688175,0.6921888018055831
2022,09,DEU.14.11_1,0.08959192748696562,0.7063871870394228
2022,09,DEU.14.1_1,0.18041302559043054,0.7757162109849473
2022,09,DEU.14.3_1,0.052119383337397754,0.6518849401103719
2022,09,DEU.14.5_1,0.3791043845386545,0.7893594097422294
2022,09,DEU.14.8_1,0.13648612201900792,0.725271563986677
2022,09,DEU.15.10_1,0.10293224645347666,0.696262259099669
2022,09,DEU.15.11_1,0.13672638876613272,0.7294671202121531
2022,09,DEU.15.12_1,0.153964666430173,0.7071726907449747
2022,09,DEU.15.13_1,0.5003925252365319,0.723395263958476
2022,09,DEU.15.14_1,0.14597969323783147,0.7271048629138142
2022,09,DEU.15.15_1,0.2231376921045082,0.70640132482583
2022,09,DEU.15.1_1,0.5475643871496737,0.7364902695806803
2022,09,DEU.15.3_1,0.5834586440238082,0.7113967654958693
2022,09,DEU.15.5_1,0.051620169189404624,0.6189614582866159
2022,09,DEU.15.6_1,0.051779651765562734,0.6288385028337425
2022,09,DEU.15.7_1,0.5489255394012748,0.7478835314735641
2022,09,DEU.15.8_1,0.08840245991046265,0.6575012218170597
2022,09,DEU.15.9_1,0.17801300422877184,0.7169418592954709
2022,09,DEU.16.12_1,0.08935583450295867,0.6935994152574925
2022,09,DEU.2.11_1,0.08959230777955761,0.7046081531430773
2022,09,DEU.2.17_1,0.05214193162471593,0.6535311142015597
2022,09,DEU.2.26_1,0.2542429857163046,0.7646251699241411
2022,09,DEU.2.28_1,0.07338171847284453,0.696709687390023
2022,09,DEU.2.29_1,0.051480823322388014,0.6107305878306768
2022,09,DEU.2.34_1,0.13875280028974193,0.802642903476915
2022,09,DEU.2.35_1,0.09008438502664787,0.7268365025838199
2022,09,DEU.2.55_1,0.1258593820056163,0.7036421853432714
2022,09,DEU.2.59_1,0.052208212868664734,0.6584696364751235
2022,09,DEU.2.60_1,0.07389252909988768,0.7252698718174827
2022,09,DEU.2.61_1,0.07288454752815655,0.668273320057012
2022,09,DEU.2.68_1,0.09036307622218921,0.7420079811578006
2022,09,DEU.2.70_1,0.05284647243872508,0.7177319037578843
2022,09,DEU.2.71_1,0.10496945593282203,0.7900966951293945
2022,09,DEU.2.78_1,0.10457211854771488,0.7656064428119719
2022,09,DEU.2.8_1,0.14520090965155166,0.7045427939489621
2022,09,DEU.3.1_1,0.05159277038496681,0.6173152841954281
2022,09,DEU.4.10_1,0.13704979067912393,0.7410932175069154
2022,09,DEU.4.11_1,0.14475980384373183,0.6937563928383822
2022,09,DEU.4.12_1,0.10314447851250189,0.7054844771660751
2022,09,DEU.4.13_1,0.12593903536846635,0.7057273497774149
2022,09,DEU.4.14_1,0.05079680699627496,0.5745147578245451
2022,09,DEU.4.15_1,0.262041848166998,0.7222461413021881
2022,09,DEU.4.16_1,0.2806532190888091,0.7119853470079498
2022,09,DEU.4.17_1,0.10181527382174312,0.6581945580172964
2022,09,DEU.4.18_1,0.10233131579053087,0.6803825908450015
2022,09,DEU.4.1_1,0.25688744191693225,0.7217143790478793
2022,09,DEU.4.3_1,0.05130580441344553,0.60085354328355
2022,09,DEU.4.4_1,0.16986075980079807,0.7026231737522883
2022,09,DEU.4.5_1,0.29417557899308583,0.7120878948752108
2022,09,DEU.4.6_1,0.05041044732091454,0.5564068428214793
2022,09,DEU.4.7_1,0.07225180950734174,0.6395867361529365
2022,09,DEU.4.8_1,0.3409416992140737,0.6837338326456461
2022,09,DEU.4.9_1,0.11472890890643836,0.6918827805102435
2022,09,DEU.5.2_1,0.05164733356276828,0.6206076323778039
2022,09,DEU.6.1_1,0.05079680699627496,0.5745147578245451
2022,09,DEU.7.10_1,0.050896983165893,0.5794532800981085
2022,09,DEU.7.11_1,0.27863778851321097,0.6871203802422506
2022,09,DEU.7.12_1,0.11460649132882986,0.6874969616715885
2022,09,DEU.7.14_1,0.2803205891073834,0.7065884406802369
2022,09,DEU.7.15_1,0.12581705410823776,0.703139929011365
2022,09,DEU.7.16_1,0.08867932905609535,0.667531100278842
2022,09,DEU.7.17_1,0.08909598324927744,0.6836632442613797
2022,09,DEU.7.18_1,0.05065979218091025,0.5679300614597937
2022,09,DEU.7.19_1,0.10199804499322217,0.6688150987365447
2022,09,DEU.7.1_1,0.1542116888191742,0.7132568392324835
2022,09,DEU.7.20_1,0.07190871939269618,0.6252599792484115
2022,09,DEU.7.21_1,0.11409639784889322,0.6746776915489116
2022,09,DEU.7.22_1,0.11432510895396489,0.6790839122685669
2022,09,DEU.7.23_1,0.07151310361461356,0.6101152379386022
2022,09,DEU.7.24_1,0.07181041516407037,0.6214901219874412
2022,09,DEU.7.25_1,0.2558116525302565,0.704768315652847
2022,09,DEU.7.26_1,0.05083044442018348,0.5761609319157328
2022,09,DEU.7.2_1,0.1253610586445861,0.6879299515664896
2022,09,DEU.7.4_1,0.050994958206177235,0.5843918023716719
2022,09,DEU.7.5_1,0.08898322834279279,0.6779763793756879
2022,09,DEU.7.6_1,0.2167504770628952,0.6983549691906138
2022,09,DEU.7.7_1,0.19194525369303697,0.7105123309272147
2022,09,DEU.7.9_1,0.18513968282447135,0.7155152094760534
2022,09,DEU.8.1_1,0.2506405686149019,0.7066298624994701
2022,09,DEU.8.2_1,0.05065979218091025,0.5679300614597937
2022,09,DEU.8.3_1,0.46893546660232766,0.7099271698674159
2022,09,DEU.8.5_1,0.18540713032212994,0.7190367209638143
2022,09,DEU.8.6_1,0.050896983165893,0.5794532800981085
2022,09,DEU.8.7_1,0.11477740400568036,0.6994190471019809
2022,09,DEU.8.8_1,0.4897510689328687,0.7463819361650854
2022,09,DEU.9.10_1,0.12406304424739908,0.6543715799957123
2022,09,DEU.9.11_1,0.10356467709114875,0.7223366458564885
2022,09,DEU.9.13_1,0.07284425620257037,0.6675925628625954
2022,09,DEU.9.14_1,0.08830335391049236,0.6533176050361422
2022,09,DEU.9.15_1,0.14403246767996503,0.6775749217701319
2022,09,DEU.9.17_1,0.14458423365598452,0.6890159934685964
2022,09,DEU.9.19_1,0.07235712689027823,0.644431899617476
2022,09,DEU.9.1_1,0.0501869125848009,0.5465297982743524
2022,09,DEU.9.22_1,0.07357330215298646,0.7048359617852578
2022,09,DEU.9.23_1,0.08845492437825625,0.6577427448361195
2022,09,DEU.9.24_1,0.050863836315639406,0.5778071060069206
2022,09,DEU.9.26_1,0.08802917273606586,0.6431003766588186
2022,09,DEU.9.27_1,0.051090744780229125,0.5893303246452352
2022,09,DEU.9.28_1,0.19759972325115088,0.6912938407586272
2022,09,DEU.9.29_1,0.05022480277919351,0.5481759723655403
2022,09,DEU.9.2_1,0.08900932518064093,0.6838829386502864
2022,09,DEU.9.30_1,0.1342678444813163,0.6614768406339074
2022,09,DEU.9.31_1,0.10294361037467219,0.6975210609797748
2022,09,DEU.9.35_1,0.12665630664588778,0.7293005945658664
2022,09,DEU.9.38_1,0.11515595111338006,0.7100093674907038
2022,09,DEU.9.40_1,0.07276750855974704,0.6637122765100304
2022,09,DEU.9.42_1,0.10302058721785311,0.7021325654603296
2022,09,DEU.9.44_1,0.2119372665419613,0.7206588732518684
2022,09,DEU.9.45_1,0.051620169189404624,0.6189614582866159
2022,09,DEU.9.5_1,0.08845165027316451,0.6586888396466339
2022,09,DEU.9.6_1,0.2820505917839613,0.7325714102705533
2022,09,DEU.9.7_1,0.05180541717899287,0.6304846769249306
2022,09,DEU.9.8_1,0.07120179154692764,0.5987753314815019
2022,09,DNK.1.10_1,0.05153726798409996,0.6140229360130525
2022,09,DNK.2.11_1,0.052509174133467396,0.6831622478429403
2022,09,DNK.2.12_1,0.05139438278534668,0.6057920655571134
2022,09,DNK.2.14_1,0.052208212868664734,0.6584696364751235
2022,09,DNK.2.16_1,0.05264914182234955,0.6963316405724429
2022,09,DNK.2.17_1,0.05197930009045992,0.642007895563245
2022,09,DNK.2.19_1,0.05190616298801224,0.6370693732896818
2022,09,DNK.2.2_1,0.05263242145611054,0.694685466481255
2022,09,DNK.2.3_1,0.05188132323480752,0.635423199198494
2022,09,DNK.2.4_1,0.05271381582049649,0.7029163369371942
2022,09,DNK.2.5_1,0.05164733356276828,0.6206076323778039
2022,09,DNK.2.7_1,0.052208212868664734,0.6584696364751235
2022,09,DNK.2.8_1,0.052073603186849574,0.6485925919279967
2022,09,DNK.2_1,0.05205037072239026,0.6469464178368088
2022,09,DNK.3.10_1,0.05185625257290876,0.6337770251073064
2022,09,DNK.3.11_1,0.052293416756575395,0.6650543328398746
2022,09,DNK.3.5_1,0.05185625257290876,0.6337770251073064
2022,09,DNK.3.7_1,0.052119383337397754,0.6518849401103719
2022,09,DNK.4.10_1,0.0511843551745593,0.5942688469187988
2022,09,DNK.4.11_1,0.052003219485475795,0.6436540696544331
2022,09,DNK.4.13_1,0.052119383337397754,0.6518849401103719
2022,09,DNK.4.15_1,0.05130580441344553,0.60085354328355
2022,09,DNK.4.16_1,0.05062491969522196,0.566283887368606
2022,09,DNK.4.17_1,0.051215077114292185,0.5959150210099866
2022,09,DNK.4.1_1,0.05172742377378348,0.6255461546513671
2022,09,DNK.4.3_1,0.05112218944668981,0.5909764987364231
2022,09,DNK.4.4_1,0.0511843551745593,0.5942688469187988
2022,09,DNK.4.5_1,0.05136509473926653,0.6041458914659256
2022,09,DNK.4.6_1,0.052164252448364756,0.6551772882927477
2022,09,DNK.4.7_1,0.0515651367757645,0.6156691101042403
2022,09,DNK.4.8_1,0.051153392764334,0.5926226728276109
2022,09,DNK.4.9_1,0.05145224667665437,0.6090844137394891
2022,09,DNK.5.19_1,0.050994958206177235,0.5843918023716719
2022,09,DNK.5.1_1,0.05195515109003001,0.6403617214720574
2022,09,DNK.5.20_1,0.05159277038496681,0.6173152841954281
2022,09,DNK.5.22_1,0.050896983165893,0.5794532800981085
2022,09,DNK.5.4_1,0.05133556875223217,0.6024997173747378
2022,09,ESP.1.1_1,0.2497508706266063,0.4283105998430332
2022,09,ESP.1.2_1,0.3216188529553688,0.5982972205654407
2022,09,ESP.1.3_1,0.2887029202228435,0.3877741436332972
2022,09,ESP.1.4_1,0.5741810597636708,0.40414336074875434
2022,09,ESP.1.5_1,0.4183712638654881,0.5022529149232029
2022,09,ESP.1.6_1,0.43359854563638867,0.3837104906092416
2022,09,ESP.1.7_1,0.32695045078714363,0.507290946059636
2022,09,ESP.1.8_1,0.4756981189831753,0.47148113897405886
2022,09,ESP.10.1_1,0.5818287846364143,0.5913014829657629
2022,09,ESP.10.2_1,0.24917519339942337,0.6883920302966862
2022,09,ESP.10.3_1,0.47172990198479725,0.6080657092798283
2022,09,ESP.11.1_1,0.584555103997298,0.448085056334646
2022,09,ESP.11.2_1,0.6872683354996992,0.4808161602035615
2022,09,ESP.12.1_1,0.5122400187597262,0.8888453795692046
2022,09,ESP.12.2_1,0.42597857398419375,0.7968256773986576
2022,09,ESP.12.3_1,0.4906201931368379,0.7135625837508466
2022,09,ESP.12.4_1,0.4119112885317423,0.8742291624026061
2022,09,ESP.13.1_1,0.4102957442297387,0.6648646942685973
2022,09,ESP.14.1_1,0.07481092606128274,0.7976624889331498
2022,09,ESP.15.1_1,0.629485737049835,0.5107273660881891
2022,09,ESP.16.1_1,0.3691874558121617,0.6046470967234985
2022,09,ESP.16.2_1,0.48986175141121446,0.7757186002598684
2022,09,ESP.16.3_1,0.5350941541102505,0.7355767864840304
2022,09,ESP.17.1_1,0.32010003739289294,0.8538168099968481
2022,09,ESP.18.1_1,0.31762045685185547,0.5166578654436615
2022,09,ESP.2.1_1,0.6977169535297546,0.5791371165111509
2022,09,ESP.2.2_1,0.14807138762676209,0.5950200364320136
2022,09,ESP.2.3_1,0.3589906753579928,0.5238596768234698
2022,09,ESP.3.1_1,0.17176049107026092,0.748983156027184
2022,09,ESP.4.1_1,0.1939058699390552,0.4131430576389906
2022,09,ESP.4.2_1,0.20921430284598092,0.38998808628187
2022,09,ESP.4.3_1,0.10144107484804382,0.42996340259866994
2022,09,ESP.4.4_1,0.22857110463097566,0.4238271487278977
2022,09,ESP.4.5_1,0.3241927716516468,0.4294207708068467
2022,09,ESP.5.1_1,0.35739880698597354,0.4950528113772341
2022,09,ESP.5.2_1,0.32900847778106646,0.520366922304531
2022,09,ESP.5.3_1,0.24789229257998685,0.5711946353332676
2022,09,ESP.5.4_1,0.06257866317478648,0.38455653331203604
2022,09,ESP.5.5_1,0.9021864252258014,0.5060627111010562
2022,09,ESP.5.6_1,0.2055920047481817,0.4593303270621663
2022,09,ESP.5.7_1,0.18356659947937048,0.45553316629999563
2022,09,ESP.5.8_1,0.10127770950121014,0.428757001777789
2022,09,ESP.5.9_1,0.2591836533346272,0.5143694387052875
2022,09,ESP.6.1_1,0.9184912882497304,0.822096394115204
2022,09,ESP.6.2_1,0.7600400923745573,0.7011321945687449
2022,09,ESP.6.3_1,0.4718809988964467,0.6503590772833281
2022,09,ESP.6.4_1,0.6913852996035268,0.7140632076232111
2022,09,ESP.7.1_1,0.05205037072239026,0.6469464178368088
2022,09,ESP.7.2_1,0.05014876729526113,0.5448836241831645
2022,09,ESP.8.1_1,0.6069392243549491,0.43540994586713744
2022,09,ESP.9.1_1,0.40410445363056285,0.6243095036320592
2022,09,EST.1.13_1,0.0499936234487549,0.5382989278184133
2022,09,EST.1.14_1,0.08742693547489062,0.6230105798844608
2022,09,EST.10.10_1,0.26999016805978104,0.695916644657362
2022,09,EST.10.11_1,0.2023981125047074,0.6640857693863024
2022,09,EST.10.12_1,0.29470979317739554,0.7169555011129377
2022,09,EST.10.13_1,0.1614295755405154,0.6881219622386272
2022,09,EST.10.14_1,0.2818200346186159,0.730639355420222
2022,09,EST.10.1_1,0.1535921494014324,0.6984952662926458
2022,09,EST.10.2_1,0.24061126456660947,0.7137709664005338
2022,09,EST.10.3_1,0.17736730255893912,0.7020144726041886
2022,09,EST.10.4_1,0.1764962257444266,0.6835007777211183
2022,09,EST.10.5_1,0.2180838874118855,0.7202515371680253
2022,09,EST.10.6_1,0.19870123914857277,0.7116016733642527
2022,09,EST.10.7_1,0.28426724690369803,0.698355112572597
2022,09,EST.10.8_1,0.051153392764334,0.5926226728276109
2022,09,EST.10.9_1,0.26773164478207434,0.7336635563544112
2022,09,EST.11.10_1,0.12476174501650156,0.6720272434200648
2022,09,EST.11.5_1,0.07204410219967863,0.6310415385774099
2022,09,EST.11.7_1,0.0726820081395007,0.6586995576899232
2022,09,EST.12.10_1,0.3081928531775108,0.6729788257725663
2022,09,EST.12.11_1,0.3126012795213736,0.6758143840282137
2022,09,EST.12.12_1,0.271589173225,0.6566843478853797
2022,09,EST.12.14_1,0.1901086699275082,0.6764943805469065
2022,09,EST.12.15_1,0.2141517529188226,0.6568749583353438
2022,09,EST.12.16_1,0.28206043666973324,0.6721602211164377
2022,09,EST.12.1_1,0.4219203608618884,0.7091630706809919
2022,09,EST.12.2_1,0.24507117552931415,0.6995504511144925
2022,09,EST.12.3_1,0.2837513567681857,0.6928241131896266
2022,09,EST.12.4_1,0.051027129612704746,0.5860379764628597
2022,09,EST.12.5_1,0.24204285767255387,0.6576587254199342
2022,09,EST.12.6_1,0.37332612689547956,0.6832337002780272
2022,09,EST.12.7_1,0.2335714914824468,0.691111124929161
2022,09,EST.12.8_1,0.35753151500507985,0.6679359201646745
2022,09,EST.12.9_1,0.19189785403837192,0.7104415623855018
2022,09,EST.13.10_1,0.1638243959323257,0.7462571136269206
2022,09,EST.13.11_1,0.23909048299747476,0.6912493680061145
2022,09,EST.13.12_1,0.12625480753051255,0.7158798268180292
2022,09,EST.13.13_1,0.05190616298801224,0.6370693732896818
2022,09,EST.13.14_1,0.2241801247568322,0.7223606960407402
2022,09,EST.13.15_1,0.22503708067403594,0.7402802697313625
2022,09,EST.13.16_1,0.20557860841057882,0.7195510668331501
2022,09,EST.13.17_1,0.17745637985391302,0.7025550777167038
2022,09,EST.13.18_1,0.34126439568707545,0.7297487762572248
2022,09,EST.13.19_1,0.19164767276379419,0.7050520297430645
2022,09,EST.13.1_1,0.29145681978764976,0.735690666409978
2022,09,EST.13.20_1,0.27717935484759215,0.7306962668286294
2022,09,EST.13.21_1,0.18648791419431177,0.7428301324391174
2022,09,EST.13.22_1,0.05130580441344553,0.60085354328355
2022,09,EST.13.2_1,0.07236183549488334,0.6443695886556582
2022,09,EST.13.3_1,0.2288440973425535,0.7045038289697861
2022,09,EST.13.4_1,0.05172742377378348,0.6255461546513671
2022,09,EST.13.5_1,0.28372225729367845,0.6915371095666786
2022,09,EST.13.6_1,0.20441176643029021,0.6998360937090234
2022,09,EST.13.7_1,0.12563155497788572,0.6978197918961143
2022,09,EST.13.8_1,0.23541150087627513,0.719237408452857
2022,09,EST.13.9_1,0.20601157265205555,0.7281543966937449
2022,09,EST.14.10_1,0.18419504031733744,0.693947003129893
2022,09,EST.14.11_1,0.19795445755110044,0.6993320232975974
2022,09,EST.14.12_1,0.051027129612704746,0.5860379764628597
2022,09,EST.14.13_1,0.05150916362824008,0.6123767619218646
2022,09,EST.14.1_1,0.19812182741622553,0.7003588316306161
2022,09,EST.14.2_1,0.15393847792936763,0.7060846752617602
2022,09,EST.14.3_1,0.19156697305728107,0.7023376511542415
2022,09,EST.14.4_1,0.15334601758429,0.6940446786289994
2022,09,EST.14.5_1,0.19072743454147043,0.6868828028115409
2022,09,EST.14.6_1,0.19163173111614235,0.704290038973492
2022,09,EST.14.7_1,0.23934253374566355,0.6948932450233485
2022,09,EST.14.8_1,0.2226836347169062,0.6978243202081685
2022,09,EST.14.9_1,0.19054501718087619,0.6842406397015205
2022,09,EST.15.10_1,0.17700367981527976,0.6941518556071001
2022,09,EST.15.11_1,0.3531661145708304,0.6964549066752143
2022,09,EST.15.12_1,0.3132886303060698,0.73435528303967
2022,09,EST.15.13_1,0.24141916797421237,0.7276951343059707
2022,09,EST.15.14_1,0.052026909591761206,0.6453002437456209
2022,09,EST.15.15_1,0.05164733356276828,0.6206076323778039
2022,09,EST.15.1_1,0.20391097606055109,0.6886645739855729
2022,09,EST.15.2_1,0.2554235126078261,0.6991854646228273
2022,09,EST.15.3_1,0.23399202259070154,0.6970330283057664
2022,09,EST.15.4_1,0.20447212322103325,0.6987798455569421
2022,09,EST.15.5_1,0.19741200647403637,0.6874340607547951
2022,09,EST.15.6_1,0.16060461764970324,0.6717983217656355
2022,09,EST.15.7_1,0.051779651765562734,0.6288385028337425
2022,09,EST.15.8_1,0.20506253011242578,0.7097313548955451
2022,09,EST.15.9_1,0.26499392640728614,0.6941672867685885
2022,09,EST.16.10_1,0.2300003126822242,0.723019109657421
2022,09,EST.16.11_1,0.3589709022370603,0.7173587384097895
2022,09,EST.16.12_1,0.3284502274737933,0.7177151680559727
2022,09,EST.16.1_1,0.2665331107661031,0.7169288715579952
2022,09,EST.16.2_1,0.48109072611666504,0.7189359368363595
2022,09,EST.16.3_1,0.3119139979274529,0.7153157204036007
2022,09,EST.16.4_1,0.4637643995282109,0.7131809962087297
2022,09,EST.16.5_1,0.37285595835989677,0.7127749145331858
2022,09,EST.16.6_1,0.21048590471586412,0.6943060332440552
2022,09,EST.16.7_1,0.5331438413117906,0.7208392148572139
2022,09,EST.16.8_1,0.30390649523237606,0.7217661409157028
2022,09,EST.16.9_1,0.19138037115591272,0.6988782727704801
2022,09,EST.2.1_1,0.27276744868284536,0.6708153541369047
2022,09,EST.2.2_1,0.29972567451897836,0.6725582387354252
2022,09,EST.2.3_1,0.051153392764334,0.5926226728276109
2022,09,EST.2.4_1,0.27693506423362785,0.6656477794566471
2022,09,EST.2.5_1,0.3087445646871793,0.6791004427824273
2022,09,EST.3.10_1,0.19910475460733956,0.7201549550557276
2022,09,EST.3.11_1,0.15489926155510825,0.7314646452888028
2022,09,EST.3.12_1,0.18577762720461813,0.7285197803008243
2022,09,EST.3.13_1,0.23596066728789697,0.7285860908755379
2022,09,EST.3.14_1,0.2630704059860755,0.7383932557089167
2022,09,EST.3.15_1,0.05139438278534668,0.6057920655571134
2022,09,EST.3.16_1,0.05170096049116265,0.6238999805601794
2022,09,EST.3.17_1,0.05130580441344553,0.60085354328355
2022,09,EST.3.18_1,0.05185625257290876,0.6337770251073064
2022,09,EST.3.19_1,0.16386324780526193,0.7479874401343165
2022,09,EST.3.1_1,0.13655358902642262,0.7237406814968069
2022,09,EST.3.20_1,0.17018422656326504,0.7073444015220866
2022,09,EST.3.21_1,0.16290764642116368,0.7240774280554683
2022,09,EST.3.22_1,0.23603335828674055,0.73033529453174
2022,09,EST.3.2_1,0.09009535257886653,0.7301686822762533
2022,09,EST.3.3_1,0.2187102249033185,0.732938306137639
2022,09,EST.3.4_1,0.21852284217790977,0.7294258533459475
2022,09,EST.3.5_1,0.2246041825216548,0.731401185380449
2022,09,EST.3.6_1,0.1845472632225925,0.7021799564021268
2022,09,EST.3.7_1,0.05136509473926653,0.6041458914659256
2022,09,EST.3.8_1,0.12420014531130877,0.6564517404233531
2022,09,EST.3.9_1,0.0729794597145218,0.6731087824982063
2022,09,EST.4.11_1,0.1439579344052943,0.6767704311372919
2022,09,EST.4.3_1,0.1242605735770447,0.6588232895875499
2022,09,EST.4.6_1,0.05096254363983413,0.5827456282804843
2022,09,EST.4.7_1,0.10108756935893623,0.6358523334603895
2022,09,EST.5.10_1,0.18493161223064813,0.7086196740050885
2022,09,EST.5.11_1,0.24168272344006406,0.7315233223047094
2022,09,EST.5.12_1,0.2573437953623951,0.7293771256235169
2022,09,EST.5.13_1,0.25760818620764897,0.7330207263919386
2022,09,EST.5.1_1,0.3235491230799301,0.7075800682171511
2022,09,EST.5.2_1,0.07304020409433386,0.6759459812940727
2022,09,EST.5.3_1,0.14712352507059154,0.7624828711026362
2022,09,EST.5.4_1,0.05188132323480752,0.635423199198494
2022,09,EST.5.5_1,0.24515022212509371,0.7015506314492341
2022,09,EST.5.6_1,0.248142085075609,0.7514424291624235
2022,09,EST.5.7_1,0.26055215516105806,0.7020433753458649
2022,09,EST.5.8_1,0.27985318779560103,0.7008509045226343
2022,09,EST.5.9_1,0.05083044442018348,0.5761609319157328
2022,09,EST.6.11_1,0.0719321692662091,0.626214504238257
2022,09,EST.6.13_1,0.08973986624168132,0.7114262891077096
2022,09,EST.6.4_1,0.10326244724907674,0.708177288046506
2022,09,EST.6.5_1,0.05130580441344553,0.60085354328355
2022,09,EST.6.6_1,0.1368341636661741,0.7325089990399907
2022,09,EST.7.10_1,0.11276611416769446,0.6368959648875678
2022,09,EST.7.11_1,0.209420427740619,0.6763917282895474
2022,09,EST.7.12_1,0.18967823458316757,0.6697937697025926
2022,09,EST.7.1_1,0.05072879360586478,0.5712224096421694
2022,09,EST.7.2_1,0.24941983074398796,0.6885250514417084
2022,09,EST.7.3_1,0.19080137645153955,0.6894717137739607
2022,09,EST.7.4_1,0.25945310739642197,0.6857518017907547
2022,09,EST.7.5_1,0.294198780550698,0.6592711177639466
2022,09,EST.7.6_1,0.22000411744759268,0.6567774462598002
2022,09,EST.7.7_1,0.14270186487809425,0.646209057110466
2022,09,EST.7.8_1,0.19552864423702493,0.656694593586958
2022,09,EST.7.9_1,0.3383252151614074,0.6597453496742061
2022,09,EST.8.10_1,0.05139438278534668,0.6057920655571134
2022,09,EST.8.11_1,0.2542284898386541,0.6833103023383454
2022,09,EST.8.12_1,0.16901933525882024,0.6847180111279708
2022,09,EST.8.13_1,0.050896983165893,0.5794532800981085
2022,09,EST.8.14_1,0.16919092863905186,0.6877754393435985
2022,09,EST.8.15_1,0.11396114334348262,0.6715054249556193
2022,09,EST.8.16_1,0.23912724606113445,0.6913027199272902
2022,09,EST.8.17_1,0.19094007418445091,0.6915423547766817
2022,09,EST.8.18_1,0.051153392764334,0.5926226728276109
2022,09,EST.8.19_1,0.3067612195457471,0.7055771414477447
2022,09,EST.8.1_1,0.176190439405688,0.6786785028764669
2022,09,EST.8.20_1,0.3132154850737538,0.6832259898080616
2022,09,EST.8.2_1,0.22254976803462173,0.6953929384751081
2022,09,EST.8.3_1,0.23441877586027357,0.7031964907824834
2022,09,EST.8.4_1,0.33607417526832956,0.715042555839399
2022,09,EST.8.5_1,0.1347529524207561,0.6753066628171973
2022,09,EST.8.7_1,0.32877822392594874,0.6776074568955123
2022,09,EST.8.8_1,0.04950325646306588,0.5185448387241597
2022,09,EST.8.9_1,0.12415761763811685,0.6548836917488837
2022,09,EST.9.1_1,0.051090744780229125,0.5893303246452352
2022,09,FIN.1.1_1,0.22444752860481404,0.7289035782553109
2022,09,FIN.1.2_1,0.25201102732037733,0.7277963765528406
2022,09,FIN.1.3_1,0.10378092341427625,0.730572965841695
2022,09,FIN.1.4_1,0.2589004082986656,0.7537512214820306
2022,09,FIN.2.1_1,0.24103174056526197,0.7207926406621068
2022,09,FIN.3.1_1,0.1629749421543449,0.7231351247141053
2022,09,FIN.3.2_1,0.32878376807302306,0.7217266333962103
2022,09,FIN.4.1_1,0.1678628686258374,0.6613861566386257
2022,09,FIN.4.2_1,0.18395244183316992,0.6901017737351164
2022,09,FIN.4.3_1,0.07244567583435274,0.6494757610105056
2022,09,FIN.4.4_1,0.19335931482495855,0.7393356235482627
2022,09,FIN.4.5_1,0.25048777465228056,0.7041345042547631
2022,09,FIN.5.1_1,0.28212759015992156,0.7326513340122568
2022,09,FIN.5.2_1,0.16213080972216834,0.7046281572971281
2022,09,FIN.5.3_1,0.36982324290278257,0.7180460204972731
2022,09,FIN.5.4_1,0.21331631471016682,0.7481850905193057
2022,09,FIN.5.5_1,0.12579927033874613,0.701386322562059
2022,09,FIN.5.6_1,0.304796641114049,0.734573755791133
2022,09,FIN.5.7_1,0.2660285952759334,0.7080771281261624
2022,09,FIN.5.8_1,0.19240456012297158,0.7210749338795664
2022,09,FIN.5.9_1,0.21042238838702232,0.6947802817240049
2022,09,FRA.1.10_1,0.37192770161692174,0.6708940396441793
2022,09,FRA.1.11_1,0.3468330462043015,0.7076199975486356
2022,09,FRA.1.12_1,0.30004445718555295,0.6432624721880776
2022,09,FRA.1.1_1,0.3347118568668157,0.746818268650129
2022,09,FRA.1.2_1,0.3093700616670798,0.6856079043489245
2022,09,FRA.1.3_1,0.2980931038298841,0.7051325134947278
2022,09,FRA.1.4_1,0.26618746573058233,0.7112898227727794
2022,09,FRA.1.5_1,0.3049522039715259,0.6849584992425182
2022,09,FRA.1.6_1,0.31315895123203874,0.6831565076679267
2022,09,FRA.1.7_1,0.3065251842284405,0.7065724618698569
2022,09,FRA.1.8_1,0.383565032556721,0.7166824924887131
2022,09,FRA.1.9_1,0.3041261718079441,0.674953808487887
2022,09,FRA.10.10_1,0.1868616470491881,0.5424581628341547
2022,09,FRA.10.11_1,0.36456217235455063,0.7134385698435021
2022,09,FRA.10.12_1,0.31581889306018746,0.6292939774194908
2022,09,FRA.10.1_1,0.32287527912894454,0.5935016747314155
2022,09,FRA.10.2_1,0.22254206212816158,0.6175397061266599
2022,09,FRA.10.3_1,0.2988071397773721,0.6646241262296748
2022,09,FRA.10.4_1,0.2705138502485779,0.7031230955458168
2022,09,FRA.10.5_1,0.29901176199927787,0.6241373506882956
2022,09,FRA.10.6_1,0.3472985488305892,0.5895849406752965
2022,09,FRA.10.7_1,0.36222030559435836,0.5981446357562565
2022,09,FRA.10.8_1,0.29200615937257096,0.682649755084511
2022,09,FRA.10.9_1,0.280272068690345,0.5749114541292035
2022,09,FRA.11.10_1,0.2611815753864846,0.7124069430216547
2022,09,FRA.11.11_1,0.2511993699815498,0.6504352907993103
2022,09,FRA.11.12_1,0.25503308977080025,0.5449438501484339
2022,09,FRA.11.13_1,0.3434653032685144,0.6446351261379042
2022,09,FRA.11.1_1,0.24124205681804603,0.6517738031099226
2022,09,FRA.11.2_1,0.2954834953494117,0.6340885256858322
2022,09,FRA.11.3_1,0.35676812789498485,0.7347619847418204
2022,09,FRA.11.4_1,0.3281263508086508,0.6737098372630773
2022,09,FRA.11.5_1,0.18666571768887721,0.5405685765265719
2022,09,FRA.11.6_1,0.32274510613375673,0.5748201623846201
2022,09,FRA.11.7_1,0.28355775111249243,0.6979124236759112
2022,09,FRA.11.8_1,0.3238257629158301,0.6689669080189191
2022,09,FRA.11.9_1,0.20077740599325358,0.6409643991543439
2022,09,FRA.12.1_1,0.35561393071616937,0.7220494492664427
2022,09,FRA.12.2_1,0.3277644916490775,0.6687586350858654
2022,09,FRA.12.3_1,0.29222957405115024,0.7474095842547187
2022,09,FRA.12.4_1,0.312181048668213,0.7199265534133642
2022,09,FRA.12.5_1,0.2798824460705803,0.6508284902677263
2022,09,FRA.13.1_1,0.2821160367111592,0.6276335162961227
2022,09,FRA.13.2_1,0.3183738339726899,0.6559467210774159
2022,09,FRA.13.3_1,0.3611530562542428,0.6685713606083207
2022,09,FRA.13.4_1,0.2542714836762758,0.5843009347729066
2022,09,FRA.13.5_1,0.29190124539030393,0.6370167865255532
2022,09,FRA.13.6_1,0.25254273829713997,0.6616758526095492
2022,09,FRA.2.1_1,0.32503271073148615,0.7247151115693546
2022,09,FRA.2.2_1,0.2980268231122633,0.7674658841656748
2022,09,FRA.2.3_1,0.3097570033933061,0.7443235168897987
2022,09,FRA.2.4_1,0.3111608756991728,0.7686101833265456
2022,09,FRA.2.5_1,0.17131106990294886,0.7354446369379705
2022,09,FRA.2.6_1,0.39382603353871637,0.7172012044181729
2022,09,FRA.2.7_1,0.17176730145668076,0.7467102086051411
2022,09,FRA.2.8_1,0.33984950102144396,0.7140995701958442
2022,09,FRA.3.1_1,0.3746803246901591,0.8333126797571618
2022,09,FRA.3.2_1,0.35811637464057294,0.8798465249097219
2022,09,FRA.3.3_1,0.35883996087078035,0.7604334082201564
2022,09,FRA.3.4_1,0.32236440069009376,0.8104839841600575
2022,09,FRA.4.1_1,0.19126176722113272,0.6993875427547106
2022,09,FRA.4.2_1,0.28296835320625735,0.6832640977908604
2022,09,FRA.4.3_1,0.27346531994410095,0.6276645218766486
2022,09,FRA.4.4_1,0.25640210689662096,0.649243096812676
2022,09,FRA.4.5_1,0.2806824141998841,0.6567167488385931
2022,09,FRA.4.6_1,0.3040299042328967,0.6729803189530819
2022,09,FRA.5.1_1,0.21058268034561956,0.6962248697662958
2022,09,FRA.5.2_1,0.2610771725265812,0.7109996109891069
2022,09,FRA.6.10_1,0.2975766997464832,0.7615620652007954
2022,09,FRA.6.1_1,0.32168375025206053,0.7350695028223558
2022,09,FRA.6.2_1,0.2896103066148853,0.7088298479642465
2022,09,FRA.6.3_1,0.30504734280026496,0.7397631604078276
2022,09,FRA.6.4_1,0.2778648173036145,0.7408385823015238
2022,09,FRA.6.5_1,0.29450761935344955,0.7142677091714407
2022,09,FRA.6.6_1,0.3231327966581607,0.6613080928321362
2022,09,FRA.6.7_1,0.3338514000490278,0.7343723406070632
2022,09,FRA.6.8_1,0.21196081670049047,0.7210434827655273
2022,09,FRA.6.9_1,0.35649701289321195,0.7308798750326385
2022,09,FRA.7.1_1,0.3377328502087949,0.6913300337353069
2022,09,FRA.7.2_1,0.47917134875653755,0.7505387474614186
2022,09,FRA.7.3_1,0.33210114358137943,0.7163136433026629
2022,09,FRA.7.4_1,0.46826808962695954,0.7548391635832779
2022,09,FRA.7.5_1,0.3548754461912961,0.7569901109105872
2022,09,FRA.8.1_1,0.13342833396071072,0.6435051018136548
2022,09,FRA.8.2_1,0.1610900108803137,0.6808990985375964
2022,09,FRA.8.3_1,0.13472673857397377,0.6764199095837777
2022,09,FRA.8.4_1,0.34035487248814794,0.6781611785346388
2022,09,FRA.8.5_1,0.2919230131814927,0.6823921050421726
2022,09,FRA.8.6_1,0.1903991423690345,0.6806029496362334
2022,09,FRA.8.7_1,0.16001182017519427,0.6584770133690389
2022,09,FRA.8.8_1,0.32169974305904925,0.6873217969211314
2022,09,FRA.9.1_1,0.36621996011961006,0.8139224133715636
2022,09,FRA.9.2_1,0.1802061778852896,0.7741010479509255
2022,09,FRA.9.3_1,0.38824099635274417,0.8176199294234466
2022,09,FRA.9.4_1,0.22133788681172778,0.7913553546536092
2022,09,FRA.9.5_1,0.3824791752088482,0.7846868768210667
2022,09,FRO.1.1_1,0,0
2022,09,FRO.1.2_1,0,0
2022,09,FRO.1.3_1,0,0
2022,09,FRO.1.5_1,0,0
2022,09,FRO.1.6_1,0,0
2022,09,FRO.1.7_1,0,0
2022,09,FRO.2.3_1,0,0
2022,09,FRO.2.4_1,0,0
2022,09,FRO.2.5_1,0,0
2022,09,FRO.2.6_1,0,0
2022,09,FRO.3.1_1,0,0
2022,09,FRO.3.3_1,0,0
2022,09,FRO.4.1_1,0,0
2022,09,FRO.4.2_1,0,0
2022,09,FRO.4.3_1,0,0
2022,09,FRO.6.1_1,0,0
2022,09,FRO.6.2_1,0,0
2022,09,GBR.1.101_1,0.13800973049953252,0.7747113986831641
2022,09,GBR.1.102_1,0.23266187014182235,0.7751842616565768
2022,09,GBR.1.103_1,0.10483185107387193,0.7800886066015774
2022,09,GBR.1.104_1,0.09081446925539043,0.7705631847075417
2022,09,GBR.1.105_1,0.12671323330944317,0.735480622150623
2022,09,GBR.1.106_1,0.0906552559575797,0.7575803472224462
2022,09,GBR.1.107_1,0.10449340447586052,0.761964687374247
2022,09,GBR.1.108_1,0.5468547070059419,0.7715181150692638
2022,09,GBR.1.109_1,0.26064829361538866,0.7886712539735476
2022,09,GBR.1.10_1,0.1386692870089553,0.8004046890318086
2022,09,GBR.1.110_1,0.4458247550800765,0.7993927215635577
2022,09,GBR.1.112_1,0.523941237814927,0.7948647226562214
2022,09,GBR.1.113_1,0.23291683052888354,0.7827592694371764
2022,09,GBR.1.114_1,0.0522724547061954,0.6634081587486867
2022,09,GBR.1.115_1,0.2858030120490298,0.795376317307306
2022,09,GBR.1.117_1,0.5747082309580156,0.7645198054603194
2022,09,GBR.1.118_1,0.1267326811259149,0.730379259779921
2022,09,GBR.1.11_1,0.12755113024144069,0.7606166787296449
2022,09,GBR.1.12_1,0.29993322944871675,0.7978502311794826
2022,09,GBR.1.13_1,0.2642445256456086,0.7597670435944156
2022,09,GBR.1.16_1,0.6360799100850203,0.7316053987793283
2022,09,GBR.1.17_1,0.16194784402289872,0.7004414066067279
2022,09,GBR.1.18_1,0.38496689670908574,0.8209716112502363
2022,09,GBR.1.19_1,0.31310006758401154,0.7954116579370932
2022,09,GBR.1.20_1,0.5412828255340688,0.849458987145387
2022,09,GBR.1.21_1,0.15538555692401762,0.7439555127699959
2022,09,GBR.1.22_1,0.46064190149423134,0.8368165327443866
2022,09,GBR.1.23_1,0.23346038457809268,0.7931409270252575
2022,09,GBR.1.25_1,0.24393485517771582,0.7761470785557243
2022,09,GBR.1.26_1,0.7023561404863468,0.858595769603642
2022,09,GBR.1.27_1,0.10322246083040931,0.7079855921865515
2022,09,GBR.1.28_1,0.46013930869525926,0.8293685434112251
2022,09,GBR.1.29_1,0.11586156025126824,0.731775958445236
2022,09,GBR.1.2_1,0.3174837830547693,0.7976078379426195
2022,09,GBR.1.30_1,0.40775778501463406,0.8018019843812431
2022,09,GBR.1.31_1,0.1376059510174364,0.7574123542251923
2022,09,GBR.1.32_1,0.48957384604689813,0.8001329904460737
2022,09,GBR.1.33_1,0.7659918183425616,0.7707600099623354
2022,09,GBR.1.34_1,0.23290481082770995,0.7811999998761437
2022,09,GBR.1.35_1,0.6233738319840771,0.7768562875285837
2022,09,GBR.1.36_1,0.9810946852087141,0.7827857567074764
2022,09,GBR.1.37_1,0.1375016306530511,0.7556711603629517
2022,09,GBR.1.38_1,0.6887760785706196,0.8055849656920407
2022,09,GBR.1.39_1,0.09038324604002287,0.7425882166093345
2022,09,GBR.1.3_1,0.2565426796397326,0.7154616155074993
2022,09,GBR.1.40_1,0.2205720018710821,0.7704739231208748
2022,09,GBR.1.41_1,0.6898572151530173,0.768145717031832
2022,09,GBR.1.42_1,0.21452967608893223,0.7751789806319287
2022,09,GBR.1.44_1,0.7801973376758901,0.8086299359297178
2022,09,GBR.1.46_1,0.07303351768793802,0.6784802078150343
2022,09,GBR.1.47_1,0.1274704350420613,0.7577735892570102
2022,09,GBR.1.48_1,0.38722385151286576,0.8028738349490244
2022,09,GBR.1.49_1,0.29822554490810144,0.7690525842216077
2022,09,GBR.1.4_1,0.42250564096861226,0.7805294469740419
2022,09,GBR.1.50_1,0.16349887046961953,0.7397096132726421
2022,09,GBR.1.51_1,0.6424913112284968,0.7603331245950381
2022,09,GBR.1.52_1,0.6726437728065633,0.732607883767674
2022,09,GBR.1.53_1,0.07298070466492888,0.6730917710345511
2022,09,GBR.1.54_1,0.05197930009045992,0.642007895563245
2022,09,GBR.1.55_1,0.2274277983046879,0.7926969637702445
2022,09,GBR.1.56_1,0.09069345757655527,0.7604368973693381
2022,09,GBR.1.57_1,0.08937438908882557,0.6951273294083021
2022,09,GBR.1.58_1,0.2811567784534544,0.7994031281365311
2022,09,GBR.1.59_1,0.6326792667685388,0.7828419234475478
2022,09,GBR.1.60_1,0.21233319903922324,0.7285683754814472
2022,09,GBR.1.61_1,0.26068386805597527,0.7890460253671686
2022,09,GBR.1.62_1,0.23277255315107273,0.7789562267866068
2022,09,GBR.1.63_1,0.6470666013466974,0.7988101481541503
2022,09,GBR.1.64_1,0.4899601933990384,0.749067585572531
2022,09,GBR.1.65_1,0.40592010010312324,0.8246230664785165
2022,09,GBR.1.66_1,0.21369441328582645,0.7568769340576919
2022,09,GBR.1.67_1,0.6729656696280848,0.7467600160513346
2022,09,GBR.1.69_1,0.5538546572751376,0.7693959113088071
2022,09,GBR.1.6_1,0.11624961973641436,0.7479107889798007
2022,09,GBR.1.70_1,0.23460055418078452,0.7054730256721345
2022,09,GBR.1.71_1,0.21692960075905834,0.8422966193689941
2022,09,GBR.1.72_1,0.21532356872550631,0.7954780157057715
2022,09,GBR.1.73_1,0.09035961988260485,0.7411966608259893
2022,09,GBR.1.74_1,0.19506959078892008,0.7825977558443437
2022,09,GBR.1.75_1,0.11678707072518614,0.7690519702938059
2022,09,GBR.1.77_1,0.07340624495320835,0.6951599409677113
2022,09,GBR.1.78_1,0.19263813593430124,0.7251651990268834
2022,09,GBR.1.81_1,0.15512649404078516,0.7375552090232674
2022,09,GBR.1.82_1,0.29019936414516057,0.7900734556527212
2022,09,GBR.1.84_1,0.41741166808780344,0.7987755266026428
2022,09,GBR.1.85_1,0.22064801255762106,0.776811459876753
2022,09,GBR.1.86_1,0.12713794157753588,0.7435228701732878
2022,09,GBR.1.87_1,0.6090418659250987,0.8277076299558117
2022,09,GBR.1.88_1,0.3036925123774183,0.7854428267777495
2022,09,GBR.1.89_1,0.22657507263911733,0.7716260521624523
2022,09,GBR.1.8_1,0.194779436298298,0.7756717156021273
2022,09,GBR.1.90_1,0.2143487588042287,0.772277725881209
2022,09,GBR.1.91_1,0.12686237641010897,0.7337166687555129
2022,09,GBR.1.92_1,0.2700840613204585,0.7730911690463627
2022,09,GBR.1.93_1,0.1391174589779108,0.8182852871670285
2022,09,GBR.1.94_1,0.11711161583588667,0.7836283669703064
2022,09,GBR.1.96_1,0.6563032762915209,0.7703166155447416
2022,09,GBR.1.97_1,0.18755823180175177,0.7711202262367931
2022,09,GBR.1.98_1,0.6085679246085867,0.8003844907547811
2022,09,GBR.1.99_1,0.12751889391421425,0.7629030762083711
2022,09,GBR.1.9_1,0.22127964113954562,0.7881263307195194
2022,09,GBR.2.10_1,0.05264914182234955,0.6963316405724429
2022,09,GBR.2.2_1,0.07402512763676694,0.7362937358347791
2022,09,GBR.2.5_1,0.15671507047916988,0.7873634890481332
2022,09,GBR.2.6_1,0.13862902710807737,0.8012676993088634
2022,09,GBR.2.9_1,0.10460545502173865,0.7678348353147529
2022,09,GBR.3.14_1,0.07364550909532304,0.7109905497257862
2022,09,GBR.3.15_1,0.10465440888964865,0.773856360268067
2022,09,GBR.3.17_1,0.1966744197318045,0.8323708964720069
2022,09,GBR.3.21_1,0.07441845358048059,0.7618111044934589
2022,09,GBR.3.22_1,0.052873543777416855,0.7210242519402599
2022,09,GBR.3.24_1,0.18095817082643995,0.7929667411336412
2022,09,GBR.3.26_1,0.11718282341602557,0.7920015196528385
2022,09,GBR.3.2_1,0.09080990452488148,0.7697866354669044
2022,09,GBR.3.30_1,0.13834655139131294,0.7871649844946117
2022,09,GBR.3.31_1,0.0741238654652311,0.7395320667105953
2022,09,GBR.3.3_1,0.14785674054673006,0.7893803959533572
2022,09,GBR.3.4_1,0.14846242470001816,0.8164586868329773
2022,09,GBR.3.5_1,0.10417244798980592,0.7479980244842147
2022,09,GBR.3.6_1,0.05286011726692017,0.7193780778490722
2022,09,GBR.3.7_1,0.1467219922133622,0.7501972767865774
2022,09,GBR.3.9_1,0.05233466464754377,0.6683466810222501
2022,09,GBR.4.10_1,0.36170140066403855,0.8014705110104201
2022,09,GBR.4.11_1,0.41806472842263487,0.8069887786835334
2022,09,GBR.4.12_1,0.052873543777416855,0.7210242519402599
2022,09,GBR.4.13_1,0.2912460318314141,0.8094186735889586
2022,09,GBR.4.14_1,0.3314704362011778,0.8242515509593165
2022,09,GBR.4.15_1,0.22769714905192115,0.7985624025402894
2022,09,GBR.4.16_1,0.40359775267683434,0.8416577562297334
2022,09,GBR.4.17_1,0.4479722376455758,0.831319557596086
2022,09,GBR.4.18_1,0.13843616626097657,0.7926091906622682
2022,09,GBR.4.19_1,0.31478812319496785,0.8297926850951745
2022,09,GBR.4.1_1,0.15641123717874145,0.7746387816817377
2022,09,GBR.4.20_1,0.19475768644219169,0.7732650731718032
2022,09,GBR.4.21_1,0.07398323161262793,0.7298539048080058
2022,09,GBR.4.22_1,0.36569171491570857,0.8060206935275627
2022,09,GBR.4.2_1,0.10500607323946407,0.7889372394948296
2022,09,GBR.4.3_1,0.2959762703075999,0.8117535796591466
2022,09,GBR.4.4_1,0.07425368022603542,0.7492628061062082
2022,09,GBR.4.5_1,0.052003219485475795,0.6436540696544331
2022,09,GBR.4.6_1,0.3794798823670474,0.8526453913948973
2022,09,GBR.4.7_1,0.30646130160102253,0.8407145959541615
2022,09,GBR.4.8_1,0.21625473237020335,0.820258670615012
2022,09,GBR.4.9_1,0.29094571473141545,0.805327264193405
2022,09,GEO.1.1_1,0.0501103663280194,0.5432374500919769
2022,09,GEO.1.2_1,0.05225126689181671,0.6617619846574989
2022,09,GEO.1.3_1,0.04946068061005626,0.5168986646329718
2022,09,GEO.1.4_1,0.05069441664850874,0.5695762355509816
2022,09,GEO.1.5_1,0.05105905831904872,0.5876841505540475
2022,09,GEO.1.6_1,0.04950325646306588,0.5185448387241597
2022,09,GEO.10.1_1,0.051245559016022034,0.5975611951011743
2022,09,GEO.10.2_1,0.049331351283146654,0.5119601423594082
2022,09,GEO.10.3_1,0.050762923555824645,0.5728685837333573
2022,09,GEO.10.4_1,0,0
2022,09,GEO.10.5_1,0.05072879360586478,0.5712224096421694
2022,09,GEO.10.6_1,0.04820797838828584,0.47245196417090085
2022,09,GEO.11.1_1,0.04983435043727783,0.5317142314536621
2022,09,GEO.11.2_1,0.04708928049111657,0.43788230825595703
2022,09,GEO.11.3_1,0.04946068061005626,0.5168986646329718
2022,09,GEO.11.4_1,0.04731256772184658,0.44446700462070826
2022,09,GEO.11.5_1,0.050762923555824645,0.5728685837333573
2022,09,GEO.12.1_1,0.04674506200555749,0.42800526370883013
2022,09,GEO.2.1_1,0.053154076094428515,0.765470952402331
2022,09,GEO.2.2_1,0.05261547992645943,0.6930392923900673
2022,09,GEO.2.3_1,0.05083044442018348,0.5761609319157328
2022,09,GEO.2.4_1,0.052471959512757425,0.6798698996605649
2022,09,GEO.2.5_1,0.05190616298801224,0.6370693732896818
2022,09,GEO.3.1_1,0.05170096049116265,0.6238999805601794
2022,09,GEO.3.2_1,0.05197930009045992,0.642007895563245
2022,09,GEO.3.3_1,0.05214193162471593,0.6535311142015597
2022,09,GEO.4.10_1,0.051245559016022034,0.5975611951011743
2022,09,GEO.4.11_1,0.05150916362824008,0.6123767619218646
2022,09,GEO.4.12_1,0.05170096049116265,0.6238999805601794
2022,09,GEO.4.1_1,0.051215077114292185,0.5959150210099866
2022,09,GEO.4.2_1,0.05072879360586478,0.5712224096421694
2022,09,GEO.4.3_1,0.05055442861292879,0.5629915391862306
2022,09,GEO.4.4_1,0.04987455794522565,0.5333604055448498
2022,09,GEO.4.5_1,0.05062491969522196,0.566283887368606
2022,09,GEO.4.6_1,0.04902014798032067,0.5004369237210938
2022,09,GEO.4.7_1,0.0511843551745593,0.5942688469187988
2022,09,GEO.4.8_1,0.051275801307834684,0.5992073691923622
2022,09,GEO.4.9_1,0.05041044732091454,0.5564068428214793
2022,09,GEO.5.1_1,0,0
2022,09,GEO.5.2_1,0.04614597669132951,0.41154352279695205
2022,09,GEO.5.3_1,0,0
2022,09,GEO.5.4_1,0,0
2022,09,GEO.5.5_1,0.0445015683236103,0.370389170517257
2022,09,GEO.5.6_1,0.04644954165728703,0.4197743932528911
2022,09,GEO.5.7_1,0.04708928049111657,0.43788230825595703
2022,09,GEO.5.8_1,0,0
2022,09,GEO.6.1_1,0.04924378990322779,0.5086677941770327
2022,09,GEO.6.2_1,0.050336948532639994,0.5531144946391037
2022,09,GEO.6.3_1,0.04477938622210568,0.37697386688200824
2022,09,GEO.6.4_1,0.04570716479010106,0.4000203041586374
2022,09,GEO.6.5_1,0.04937472871719465,0.5136063164505963
2022,09,GEO.6.6_1,0.049331351283146654,0.5119601423594082
2022,09,GEO.7.1_1,0.04815765474113266,0.4708057900797132
2022,09,GEO.7.2_1,0.04742238019323161,0.4477593528030839
2022,09,GEO.7.3_1,0.04620734080385178,0.4131896968881399
2022,09,GEO.7.4_1,0.0477445938297152,0.4576363973502107
2022,09,GEO.7.5_1,0,0
2022,09,GEO.8.1_1,0.04874273502767039,0.49055987917396693
2022,09,GEO.8.2_1,0.04883631133257644,0.49385222735634254
2022,09,GEO.8.3_1,0.048307763124437415,0.47574431235327663
2022,09,GEO.8.4_1,0.04975315314244541,0.5284218832712866
2022,09,GEO.9.1_1,0.05130580441344553,0.60085354328355
2022,09,GEO.9.2_1,0.051153392764334,0.5926226728276109
2022,09,GEO.9.3_1,0.05167426387476831,0.6222538064689916
2022,09,GEO.9.4_1,0.05145224667665437,0.6090844137394891
2022,09,GEO.9.5_1,0.04736762566232069,0.44611317871189604
2022,09,GEO.9.6_1,0.05164733356276828,0.6206076323778039
2022,09,GEO.9.7_1,0.05133556875223217,0.6024997173747378
2022,09,GEO.9.8_1,0.052545497853442376,0.6864545960253161
2022,09,GRC.1.1_1,0.07087108655151311,0.6041975685115728
2022,09,GRC.1.2_1,0.08829673002628773,0.6524903967755346
2022,09,GRC.3.1_1,0.32440371737720436,0.5297735170846296
2022,09,GRC.4.1_1,0.05022480277919351,0.03497358506861946
2022,09,GRC.5.1_1,0.08768072349556592,0.5110966504447771
2022,09,GRC.5.2_1,0.1603769678086739,0.5457018486002331
2022,09,GRC.6.1_1,0.2877218484200753,0.6378661405725794
2022,09,GRC.6.2_1,0.15317098386013386,0.4183731994264268
2022,09,GRC.7.1_1,0.07156073107732903,0.6120454844562966
2022,09,GRC.7.2_1,0.22161889282512479,0.552409367770141
2022,09,GRC.7.3_1,0.21833441434937664,0.6346658598394108
2022,09,GRC.8.1_1,0.1969800027738234,0.5915851296437031
2022,09,GRC.8.2_1,0.21858101710735897,0.6429156006248531
2022,09,GRL.1_1,0,0
2022,09,GRL.3_1,0,0
2022,09,GRL.4_1,0,0
2022,09,GRL.5_1,0,0
2022,09,HRV.1.10_1,0,0
2022,09,HRV.1.11_1,0,0
2022,09,HRV.1.12_1,0,0
2022,09,HRV.1.13_1,0,0
2022,09,HRV.1.14_1,0,0
2022,09,HRV.1.15_1,0,0
2022,09,HRV.1.16_1,0,0
2022,09,HRV.1.17_1,0.05105905831904872,0.5876841505540475
2022,09,HRV.1.18_1,0,0
2022,09,HRV.1.19_1,0,0
2022,09,HRV.1.1_1,0,0
2022,09,HRV.1.20_1,0,0
2022,09,HRV.1.21_1,0,0
2022,09,HRV.1.22_1,0,0
2022,09,HRV.1.23_1,0,0
2022,09,HRV.1.2_1,0,0
2022,09,HRV.1.3_1,0,0
2022,09,HRV.1.4_1,0,0
2022,09,HRV.1.5_1,0.05197930009045992,0.642007895563245
2022,09,HRV.1.6_1,0.0519307721638707,0.6387155473808697
2022,09,HRV.1.7_1,0.05145224667665437,0.6090844137394891
2022,09,HRV.1.8_1,0.052314153314344615,0.6667005069310624
2022,09,HRV.1.9_1,0,0
2022,09,HRV.10.10_1,0.05142343329702805,0.6074382396483012
2022,09,HRV.10.11_1,0.051753654080563635,0.6271923287425549
2022,09,HRV.10.12_1,0.050896983165893,0.5794532800981085
2022,09,HRV.10.13_1,0.051215077114292185,0.5959150210099866
2022,09,HRV.10.14_1,0.05185625257290876,0.6337770251073064
2022,09,HRV.10.15_1,0.05150916362824008,0.6123767619218646
2022,09,HRV.10.16_1,0.05197930009045992,0.642007895563245
2022,09,HRV.10.17_1,0.05170096049116265,0.6238999805601794
2022,09,HRV.10.18_1,0.05136509473926653,0.6041458914659256
2022,09,HRV.10.19_1,0.052164252448364756,0.6551772882927477
2022,09,HRV.10.1_1,0.05164733356276828,0.6206076323778039
2022,09,HRV.10.20_1,0.05159277038496681,0.6173152841954281
2022,09,HRV.10.21_1,0.0519307721638707,0.6387155473808697
2022,09,HRV.10.22_1,0.052164252448364756,0.6551772882927477
2022,09,HRV.10.23_1,0.05167426387476831,0.6222538064689916
2022,09,HRV.10.24_1,0.05130580441344553,0.60085354328355
2022,09,HRV.10.25_1,0.05112218944668981,0.5909764987364231
2022,09,HRV.10.2_1,0.0519307721638707,0.6387155473808697
2022,09,HRV.10.4_1,0.05167426387476831,0.6222538064689916
2022,09,HRV.10.5_1,0.051779651765562734,0.6288385028337425
2022,09,HRV.10.6_1,0.051830950667243955,0.6321308510161183
2022,09,HRV.10.7_1,0.05145224667665437,0.6090844137394891
2022,09,HRV.10.8_1,0.0515651367757645,0.6156691101042403
2022,09,HRV.10.9_1,0.05083044442018348,0.5761609319157328
2022,09,HRV.10_1,0.051779651765562734,0.6288385028337425
2022,09,HRV.11.10_1,0.05164733356276828,0.6206076323778039
2022,09,HRV.11.11_1,0.051779651765562734,0.6288385028337425
2022,09,HRV.11.12_1,0.0515651367757645,0.6156691101042403
2022,09,HRV.11.13_1,0.051830950667243955,0.6321308510161183
2022,09,HRV.11.14_1,0.05079680699627496,0.5745147578245451
2022,09,HRV.11.15_1,0.051027129612704746,0.5860379764628597
2022,09,HRV.11.16_1,0.05096254363983413,0.5827456282804843
2022,09,HRV.11.17_1,0.05225126689181671,0.6617619846574989
2022,09,HRV.11.18_1,0.05153726798409996,0.6140229360130525
2022,09,HRV.11.19_1,0.05069441664850874,0.5695762355509816
2022,09,HRV.11.1_1,0.05133556875223217,0.6024997173747378
2022,09,HRV.11.20_1,0.05139438278534668,0.6057920655571134
2022,09,HRV.11.21_1,0.051480823322388014,0.6107305878306768
2022,09,HRV.11.22_1,0.05172742377378348,0.6255461546513671
2022,09,HRV.11.23_1,0.051090744780229125,0.5893303246452352
2022,09,HRV.11.24_1,0.05079680699627496,0.5745147578245451
2022,09,HRV.11.25_1,0.052164252448364756,0.6551772882927477
2022,09,HRV.11.26_1,0.05145224667665437,0.6090844137394891
2022,09,HRV.11.27_1,0.05167426387476831,0.6222538064689916
2022,09,HRV.11.28_1,0.05105905831904872,0.5876841505540475
2022,09,HRV.11.29_1,0.051480823322388014,0.6107305878306768
2022,09,HRV.11.2_1,0.051620169189404624,0.6189614582866159
2022,09,HRV.11.30_1,0.052073603186849574,0.6485925919279967
2022,09,HRV.11.31_1,0.05164733356276828,0.6206076323778039
2022,09,HRV.11.32_1,0.05142343329702805,0.6074382396483012
2022,09,HRV.11.33_1,0.05136509473926653,0.6041458914659256
2022,09,HRV.11.34_1,0.051245559016022034,0.5975611951011743
2022,09,HRV.11.35_1,0.05167426387476831,0.6222538064689916
2022,09,HRV.11.36_1,0.051027129612704746,0.5860379764628597
2022,09,HRV.11.37_1,0.0519307721638707,0.6387155473808697
2022,09,HRV.11.38_1,0.05133556875223217,0.6024997173747378
2022,09,HRV.11.39_1,0.05105905831904872,0.5876841505540475
2022,09,HRV.11.3_1,0.051245559016022034,0.5975611951011743
2022,09,HRV.11.40_1,0.050994958206177235,0.5843918023716719
2022,09,HRV.11.41_1,0.051153392764334,0.5926226728276109
2022,09,HRV.11.42_1,0.051480823322388014,0.6107305878306768
2022,09,HRV.11.43_1,0.0522724547061954,0.6634081587486867
2022,09,HRV.11.44_1,0.05153726798409996,0.6140229360130525
2022,09,HRV.11.45_1,0.051215077114292185,0.5959150210099866
2022,09,HRV.11.4_1,0.052229853038685777,0.6601158105663112
2022,09,HRV.11.5_1,0.05172742377378348,0.6255461546513671
2022,09,HRV.11.6_1,0.0519307721638707,0.6387155473808697
2022,09,HRV.11.7_1,0.05209660729105996,0.6502387660191843
2022,09,HRV.11.8_1,0.05209660729105996,0.6502387660191843
2022,09,HRV.11.9_1,0.051480823322388014,0.6107305878306768
2022,09,HRV.12.10_1,0.0515651367757645,0.6156691101042403
2022,09,HRV.12.1_1,0.05145224667665437,0.6090844137394891
2022,09,HRV.12.2_1,0.05195515109003001,0.6403617214720574
2022,09,HRV.12.3_1,0.05209660729105996,0.6502387660191843
2022,09,HRV.12.4_1,0.051830950667243955,0.6321308510161183
2022,09,HRV.12.5_1,0.05195515109003001,0.6403617214720574
2022,09,HRV.12.6_1,0.052208212868664734,0.6584696364751235
2022,09,HRV.12.7_1,0.052208212868664734,0.6584696364751235
2022,09,HRV.12.8_1,0.05233466464754377,0.6683466810222501
2022,09,HRV.12.9_1,0.051620169189404624,0.6189614582866159
2022,09,HRV.13.10_1,0.05274483117184427,0.7062086851195698
2022,09,HRV.13.12_1,0.052563326204599525,0.688100770116504
2022,09,HRV.13.13_1,0.052681919904129036,0.6996239887548183
2022,09,HRV.13.14_1,0.052545497853442376,0.6864545960253161
2022,09,HRV.13.15_1,0.05205037072239026,0.6469464178368088
2022,09,HRV.13.16_1,0.05233466464754377,0.6683466810222501
2022,09,HRV.13.17_1,0.05142343329702805,0.6074382396483012
2022,09,HRV.13.18_1,0.05264914182234955,0.6963316405724429
2022,09,HRV.13.1_1,0.052598317019690914,0.6913931182988795
2022,09,HRV.13.20_1,0.05159277038496681,0.6173152841954281
2022,09,HRV.13.21_1,0.052164252448364756,0.6551772882927477
2022,09,HRV.13.23_1,0.05130580441344553,0.60085354328355
2022,09,HRV.13.24_1,0.05136509473926653,0.6041458914659256
2022,09,HRV.13.25_1,0.05239484993030008,0.6732852032958137
2022,09,HRV.13.26_1,0.05237501269576768,0.6716390292046256
2022,09,HRV.13.27_1,0.05281852714974558,0.7144395555755086
2022,09,HRV.13.29_1,0.052119383337397754,0.6518849401103719
2022,09,HRV.13.2_1,0.051275801307834684,0.5992073691923622
2022,09,HRV.13.30_1,0.05167426387476831,0.6222538064689916
2022,09,HRV.13.31_1,0.05261547992645943,0.6930392923900673
2022,09,HRV.13.32_1,0.05167426387476831,0.6222538064689916
2022,09,HRV.13.33_1,0.05303867950671422,0.7440706892168895
2022,09,HRV.13.34_1,0.05286011726692017,0.7193780778490722
2022,09,HRV.13.35_1,0.052509174133467396,0.6831622478429403
2022,09,HRV.13.39_1,0.052563326204599525,0.688100770116504
2022,09,HRV.13.3_1,0.05292506992498258,0.7276089483050111
2022,09,HRV.13.40_1,0.05277496751067167,0.7095010333019455
2022,09,HRV.13.41_1,0.052433852094377696,0.6765775514781891
2022,09,HRV.13.42_1,0.05277496751067167,0.7095010333019455
2022,09,HRV.13.4_1,0.05249067830307118,0.6815160737517525
2022,09,HRV.13.5_1,0.05288675213648994,0.7226704260314479
2022,09,HRV.13.6_1,0.051480823322388014,0.6107305878306768
2022,09,HRV.13.7_1,0.05170096049116265,0.6238999805601794
2022,09,HRV.13.8_1,0.05276000912265161,0.7078548592107574
2022,09,HRV.13.9_1,0.051779651765562734,0.6288385028337425
2022,09,HRV.14.10_1,0.052208212868664734,0.6584696364751235
2022,09,HRV.14.11_1,0,0
2022,09,HRV.14.12_1,0,0
2022,09,HRV.14.13_1,0.05069441664850874,0.5695762355509816
2022,09,HRV.14.14_1,0.051830950667243955,0.6321308510161183
2022,09,HRV.14.15_1,0,0
2022,09,HRV.14.16_1,0.050373824059813575,0.5547606687302915
2022,09,HRV.14.17_1,0,0
2022,09,HRV.14.18_1,0.050518808975243044,0.5613453650950425
2022,09,HRV.14.19_1,0,0
2022,09,HRV.14.1_1,0,0
2022,09,HRV.14.2_1,0,0
2022,09,HRV.14.3_1,0.05079680699627496,0.5745147578245451
2022,09,HRV.14.4_1,0,0
2022,09,HRV.14.5_1,0.0511843551745593,0.5942688469187988
2022,09,HRV.14.6_1,0,0
2022,09,HRV.14.7_1,0.05069441664850874,0.5695762355509816
2022,09,HRV.14.8_1,0.05150916362824008,0.6123767619218646
2022,09,HRV.15.10_1,0,0
2022,09,HRV.15.11_1,0,0
2022,09,HRV.15.12_1,0,0
2022,09,HRV.15.13_1,0.05185625257290876,0.6337770251073064
2022,09,HRV.15.14_1,0,0
2022,09,HRV.15.15_1,0,0
2022,09,HRV.15.16_1,0,0
2022,09,HRV.15.17_1,0,0
2022,09,HRV.15.18_1,0.05214193162471593,0.6535311142015597
2022,09,HRV.15.19_1,0,0
2022,09,HRV.15.1_1,0,0
2022,09,HRV.15.2_1,0.05239484993030008,0.6732852032958137
2022,09,HRV.15.3_1,0.052433852094377696,0.6765775514781891
2022,09,HRV.15.4_1,0,0
2022,09,HRV.15.5_1,0.052003219485475795,0.6436540696544331
2022,09,HRV.15.6_1,0,0
2022,09,HRV.15.7_1,0.052433852094377696,0.6765775514781891
2022,09,HRV.15.8_1,0.05190616298801224,0.6370693732896818
2022,09,HRV.15.9_1,0,0
2022,09,HRV.16.10_1,0.0522724547061954,0.6634081587486867
2022,09,HRV.16.11_1,0.0511843551745593,0.5942688469187988
2022,09,HRV.16.12_1,0.05153726798409996,0.6140229360130525
2022,09,HRV.16.13_1,0.051779651765562734,0.6288385028337425
2022,09,HRV.16.14_1,0.051245559016022034,0.5975611951011743
2022,09,HRV.16.15_1,0.052545497853442376,0.6864545960253161
2022,09,HRV.16.17_1,0.05079680699627496,0.5745147578245451
2022,09,HRV.16.18_1,0.05026243845534718,0.5498221464567279
2022,09,HRV.16.19_1,0.05079680699627496,0.5745147578245451
2022,09,HRV.16.1_1,0.05136509473926653,0.6041458914659256
2022,09,HRV.16.20_1,0.051620169189404624,0.6189614582866159
2022,09,HRV.16.21_1,0.05133556875223217,0.6024997173747378
2022,09,HRV.16.23_1,0.051620169189404624,0.6189614582866159
2022,09,HRV.16.24_1,0.05112218944668981,0.5909764987364231
2022,09,HRV.16.26_1,0.05096254363983413,0.5827456282804843
2022,09,HRV.16.27_1,0.05159277038496681,0.6173152841954281
2022,09,HRV.16.28_1,0.05112218944668981,0.5909764987364231
2022,09,HRV.16.29_1,0.0501103663280194,0.5432374500919769
2022,09,HRV.16.2_1,0.051620169189404624,0.6189614582866159
2022,09,HRV.16.30_1,0.05153726798409996,0.6140229360130525
2022,09,HRV.16.31_1,0.0509298854493948,0.5810994541892964
2022,09,HRV.16.32_1,0.05022480277919351,0.5481759723655403
2022,09,HRV.16.33_1,0.05022480277919351,0.5481759723655403
2022,09,HRV.16.34_1,0.05003279500166987,0.5399451019096012
2022,09,HRV.16.35_1,0.05142343329702805,0.6074382396483012
2022,09,HRV.16.36_1,0.050762923555824645,0.5728685837333573
2022,09,HRV.16.37_1,0.05083044442018348,0.5761609319157328
2022,09,HRV.16.39_1,0.0515651367757645,0.6156691101042403
2022,09,HRV.16.40_1,0.05153726798409996,0.6140229360130525
2022,09,HRV.16.43_1,0.05150916362824008,0.6123767619218646
2022,09,HRV.16.44_1,0.05065979218091025,0.5679300614597937
2022,09,HRV.16.45_1,0.051275801307834684,0.5992073691923622
2022,09,HRV.16.48_1,0.05142343329702805,0.6074382396483012
2022,09,HRV.16.49_1,0.051090744780229125,0.5893303246452352
2022,09,HRV.16.4_1,0.051153392764334,0.5926226728276109
2022,09,HRV.16.50_1,0.05150916362824008,0.6123767619218646
2022,09,HRV.16.52_1,0.05136509473926653,0.6041458914659256
2022,09,HRV.16.53_1,0.05145224667665437,0.6090844137394891
2022,09,HRV.16.54_1,0.05069441664850874,0.5695762355509816
2022,09,HRV.16.55_1,0.051027129612704746,0.5860379764628597
2022,09,HRV.16.56_1,0.051090744780229125,0.5893303246452352
2022,09,HRV.16.5_1,0.05026243845534718,0.5498221464567279
2022,09,HRV.16.6_1,0.05139438278534668,0.6057920655571134
2022,09,HRV.16.7_1,0.05167426387476831,0.6222538064689916
2022,09,HRV.16.8_1,0.05139438278534668,0.6057920655571134
2022,09,HRV.16.9_1,0.05048293923721877,0.5596991910038548
2022,09,HRV.16_1,0.052026909591761206,0.6453002437456209
2022,09,HRV.17.10_1,0.052527447239470323,0.684808421934128
2022,09,HRV.17.11_1,0.051753654080563635,0.6271923287425549
2022,09,HRV.17.12_1,0.05214193162471593,0.6535311142015597
2022,09,HRV.17.13_1,0.05225126689181671,0.6617619846574989
2022,09,HRV.17.14_1,0.052003219485475795,0.6436540696544331
2022,09,HRV.17.15_1,0.05218634610021234,0.6568234623839355
2022,09,HRV.17.16_1,0.052354951020884596,0.669992855113438
2022,09,HRV.17.17_1,0.05188132323480752,0.635423199198494
2022,09,HRV.17.18_1,0.05188132323480752,0.635423199198494
2022,09,HRV.17.19_1,0.052414462979312786,0.6749313773870013
2022,09,HRV.17.1_1,0.05205037072239026,0.6469464178368088
2022,09,HRV.17.20_1,0.05185625257290876,0.6337770251073064
2022,09,HRV.17.21_1,0.05218634610021234,0.6568234623839355
2022,09,HRV.17.22_1,0.052354951020884596,0.669992855113438
2022,09,HRV.17.23_1,0.05172742377378348,0.6255461546513671
2022,09,HRV.17.24_1,0.052229853038685777,0.6601158105663112
2022,09,HRV.17.25_1,0.052208212868664734,0.6584696364751235
2022,09,HRV.17.26_1,0.05185625257290876,0.6337770251073064
2022,09,HRV.17.27_1,0.05136509473926653,0.6041458914659256
2022,09,HRV.17.28_1,0.05205037072239026,0.6469464178368088
2022,09,HRV.17.2_1,0.05239484993030008,0.6732852032958137
2022,09,HRV.17.3_1,0.05180541717899287,0.6304846769249306
2022,09,HRV.17.4_1,0.051830950667243955,0.6321308510161183
2022,09,HRV.17.5_1,0.05180541717899287,0.6304846769249306
2022,09,HRV.17.6_1,0.05170096049116265,0.6238999805601794
2022,09,HRV.17.7_1,0.052598317019690914,0.6913931182988795
2022,09,HRV.17.8_1,0.05185625257290876,0.6337770251073064
2022,09,HRV.17.9_1,0.052026909591761206,0.6453002437456209
2022,09,HRV.18.10_1,0.05164733356276828,0.6206076323778039
2022,09,HRV.18.11_1,0.051480823322388014,0.6107305878306768
2022,09,HRV.18.12_1,0.0511843551745593,0.5942688469187988
2022,09,HRV.18.13_1,0.05170096049116265,0.6238999805601794
2022,09,HRV.18.14_1,0.05218634610021234,0.6568234623839355
2022,09,HRV.18.15_1,0.052164252448364756,0.6551772882927477
2022,09,HRV.18.16_1,0.05130580441344553,0.60085354328355
2022,09,HRV.18.1_1,0.05142343329702805,0.6074382396483012
2022,09,HRV.18.2_1,0.05214193162471593,0.6535311142015597
2022,09,HRV.18.3_1,0.052314153314344615,0.6667005069310624
2022,09,HRV.18.4_1,0.05195515109003001,0.6403617214720574
2022,09,HRV.18.5_1,0.05190616298801224,0.6370693732896818
2022,09,HRV.18.6_1,0.052026909591761206,0.6453002437456209
2022,09,HRV.18.7_1,0.052563326204599525,0.688100770116504
2022,09,HRV.18.8_1,0.051215077114292185,0.5959150210099866
2022,09,HRV.18.9_1,0.052354951020884596,0.669992855113438
2022,09,HRV.19.10_1,0.0511843551745593,0.5942688469187988
2022,09,HRV.19.11_1,0.051090744780229125,0.5893303246452352
2022,09,HRV.19.12_1,0.05058979867855348,0.5646377132774182
2022,09,HRV.19.13_1,0.05150916362824008,0.6123767619218646
2022,09,HRV.19.14_1,0.05112218944668981,0.5909764987364231
2022,09,HRV.19.15_1,0.05153726798409996,0.6140229360130525
2022,09,HRV.19.16_1,0.05058979867855348,0.5646377132774182
2022,09,HRV.19.17_1,0.05167426387476831,0.6222538064689916
2022,09,HRV.19.18_1,0.05145224667665437,0.6090844137394891
2022,09,HRV.19.19_1,0.05233466464754377,0.6683466810222501
2022,09,HRV.19.1_1,0.05205037072239026,0.6469464178368088
2022,09,HRV.19.20_1,0.05195515109003001,0.6403617214720574
2022,09,HRV.19.21_1,0.05139438278534668,0.6057920655571134
2022,09,HRV.19.22_1,0.05145224667665437,0.6090844137394891
2022,09,HRV.19.23_1,0.05139438278534668,0.6057920655571134
2022,09,HRV.19.24_1,0.05190616298801224,0.6370693732896818
2022,09,HRV.19.25_1,0.051830950667243955,0.6321308510161183
2022,09,HRV.19.26_1,0.051027129612704746,0.5860379764628597
2022,09,HRV.19.27_1,0.05214193162471593,0.6535311142015597
2022,09,HRV.19.28_1,0.05180541717899287,0.6304846769249306
2022,09,HRV.19.29_1,0.05195515109003001,0.6403617214720574
2022,09,HRV.19.2_1,0.05205037072239026,0.6469464178368088
2022,09,HRV.19.30_1,0.05172742377378348,0.6255461546513671
2022,09,HRV.19.3_1,0.05112218944668981,0.5909764987364231
2022,09,HRV.19.4_1,0.0522724547061954,0.6634081587486867
2022,09,HRV.19.5_1,0.051153392764334,0.5926226728276109
2022,09,HRV.19.6_1,0.0519307721638707,0.6387155473808697
2022,09,HRV.19.7_1,0.051090744780229125,0.5893303246452352
2022,09,HRV.19.8_1,0.05164733356276828,0.6206076323778039
2022,09,HRV.19.9_1,0.052354951020884596,0.669992855113438
2022,09,HRV.1_1,0.05209660729105996,0.6502387660191843
2022,09,HRV.2.10_1,0.052119383337397754,0.6518849401103719
2022,09,HRV.2.11_1,0.05185625257290876,0.6337770251073064
2022,09,HRV.2.12_1,0.05214193162471593,0.6535311142015597
2022,09,HRV.2.13_1,0.05136509473926653,0.6041458914659256
2022,09,HRV.2.14_1,0.05197930009045992,0.642007895563245
2022,09,HRV.2.15_1,0.05180541717899287,0.6304846769249306
2022,09,HRV.2.16_1,0.05190616298801224,0.6370693732896818
2022,09,HRV.2.17_1,0.05261547992645943,0.6930392923900673
2022,09,HRV.2.18_1,0.05245301752382454,0.6782237255693768
2022,09,HRV.2.19_1,0.0522724547061954,0.6634081587486867
2022,09,HRV.2.1_1,0.05233466464754377,0.6683466810222501
2022,09,HRV.2.20_1,0.051275801307834684,0.5992073691923622
2022,09,HRV.2.21_1,0.05130580441344553,0.60085354328355
2022,09,HRV.2.22_1,0.052314153314344615,0.6667005069310624
2022,09,HRV.2.23_1,0.05195515109003001,0.6403617214720574
2022,09,HRV.2.24_1,0.052003219485475795,0.6436540696544331
2022,09,HRV.2.25_1,0.052119383337397754,0.6518849401103719
2022,09,HRV.2.26_1,0.052314153314344615,0.6667005069310624
2022,09,HRV.2.27_1,0.05249067830307118,0.6815160737517525
2022,09,HRV.2.28_1,0.05172742377378348,0.6255461546513671
2022,09,HRV.2.2_1,0.052208212868664734,0.6584696364751235
2022,09,HRV.2.3_1,0.05159277038496681,0.6173152841954281
2022,09,HRV.2.4_1,0.052314153314344615,0.6667005069310624
2022,09,HRV.2.5_1,0.051245559016022034,0.5975611951011743
2022,09,HRV.2.6_1,0.05180541717899287,0.6304846769249306
2022,09,HRV.2.7_1,0.05209660729105996,0.6502387660191843
2022,09,HRV.2.8_1,0.05139438278534668,0.6057920655571134
2022,09,HRV.2.9_1,0.05205037072239026,0.6469464178368088
2022,09,HRV.20.10_1,0.051245559016022034,0.5975611951011743
2022,09,HRV.20.11_1,0.050863836315639406,0.5778071060069206
2022,09,HRV.20.12_1,0.05065979218091025,0.5679300614597937
2022,09,HRV.20.13_1,0.052119383337397754,0.6518849401103719
2022,09,HRV.20.14_1,0.04983435043727783,0.5317142314536621
2022,09,HRV.20.15_1,0.05041044732091454,0.5564068428214793
2022,09,HRV.20.16_1,0.05014876729526113,0.5448836241831645
2022,09,HRV.20.17_1,0.051753654080563635,0.6271923287425549
2022,09,HRV.20.18_1,0.05145224667665437,0.6090844137394891
2022,09,HRV.20.19_1,0.05153726798409996,0.6140229360130525
2022,09,HRV.20.1_1,0.05197930009045992,0.642007895563245
2022,09,HRV.20.21_1,0.05170096049116265,0.6238999805601794
2022,09,HRV.20.22_1,0.052073603186849574,0.6485925919279967
2022,09,HRV.20.24_1,0.0499936234487549,0.5382989278184133
2022,09,HRV.20.25_1,0.05048293923721877,0.5596991910038548
2022,09,HRV.20.26_1,0.051830950667243955,0.6321308510161183
2022,09,HRV.20.27_1,0.05055442861292879,0.5629915391862306
2022,09,HRV.20.28_1,0.05072879360586478,0.5712224096421694
2022,09,HRV.20.2_1,0.050896983165893,0.5794532800981085
2022,09,HRV.20.31_1,0.05105905831904872,0.5876841505540475
2022,09,HRV.20.32_1,0.05172742377378348,0.6255461546513671
2022,09,HRV.20.3_1,0.04950325646306588,0.5185448387241597
2022,09,HRV.20.4_1,0.05142343329702805,0.6074382396483012
2022,09,HRV.20.5_1,0.05136509473926653,0.6041458914659256
2022,09,HRV.20.6_1,0.051480823322388014,0.6107305878306768
2022,09,HRV.20.9_1,0.05055442861292879,0.5629915391862306
2022,09,HRV.21.10_1,0,0
2022,09,HRV.21.11_1,0,0
2022,09,HRV.21.12_1,0,0
2022,09,HRV.21.13_1,0,0
2022,09,HRV.21.14_1,0,0
2022,09,HRV.21.15_1,0,0
2022,09,HRV.21.16_1,0,0
2022,09,HRV.21.17_1,0,0
2022,09,HRV.21.18_1,0,0
2022,09,HRV.21.19_1,0,0
2022,09,HRV.21.1_1,0,0
2022,09,HRV.21.20_1,0,0
2022,09,HRV.21.21_1,0,0
2022,09,HRV.21.22_1,0,0
2022,09,HRV.21.23_1,0,0
2022,09,HRV.21.24_1,0,0
2022,09,HRV.21.25_1,0,0
2022,09,HRV.21.26_1,0,0
2022,09,HRV.21.27_1,0,0
2022,09,HRV.21.28_1,0,0
2022,09,HRV.21.2_1,0,0
2022,09,HRV.21.3_1,0,0
2022,09,HRV.21.4_1,0,0
2022,09,HRV.21.5_1,0,0
2022,09,HRV.21.6_1,0,0
2022,09,HRV.21.7_1,0,0
2022,09,HRV.21.8_1,0,0
2022,09,HRV.21.9_1,0,0
2022,09,HRV.3.10_1,0.05083044442018348,0.5761609319157328
2022,09,HRV.3.12_1,0.05041044732091454,0.5564068428214793
2022,09,HRV.3.13_1,0.050762923555824645,0.5728685837333573
2022,09,HRV.3.14_1,0.05058979867855348,0.5646377132774182
2022,09,HRV.3.15_1,0.051027129612704746,0.5860379764628597
2022,09,HRV.3.16_1,0.050518808975243044,0.5613453650950425
2022,09,HRV.3.17_1,0.050762923555824645,0.5728685837333573
2022,09,HRV.3.18_1,0.05058979867855348,0.5646377132774182
2022,09,HRV.3.19_1,0.05022480277919351,0.5481759723655403
2022,09,HRV.3.1_1,0.05083044442018348,0.5761609319157328
2022,09,HRV.3.21_1,0.04911042073590992,0.5037292719034694
2022,09,HRV.3.22_1,0.05197930009045992,0.642007895563245
2022,09,HRV.3.2_1,0.050896983165893,0.5794532800981085
2022,09,HRV.3.3_1,0.051215077114292185,0.5959150210099866
2022,09,HRV.3.5_1,0.05159277038496681,0.6173152841954281
2022,09,HRV.3.6_1,0.051215077114292185,0.5959150210099866
2022,09,HRV.3.7_1,0.05055442861292879,0.5629915391862306
2022,09,HRV.3.9_1,0.05079680699627496,0.5745147578245451
2022,09,HRV.4.1_1,0,0
2022,09,HRV.4.2_1,0,0
2022,09,HRV.4.3_1,0,0
2022,09,HRV.4.4_1,0,0
2022,09,HRV.4.5_1,0,0
2022,09,HRV.4.6_1,0,0
2022,09,HRV.4.7_1,0.052119383337397754,0.6518849401103719
2022,09,HRV.5.10_1,0.05142343329702805,0.6074382396483012
2022,09,HRV.5.11_1,0.05069441664850874,0.5695762355509816
2022,09,HRV.5.12_1,0.05065979218091025,0.5679300614597937
2022,09,HRV.5.13_1,0.05139438278534668,0.6057920655571134
2022,09,HRV.5.14_1,0.05197930009045992,0.642007895563245
2022,09,HRV.5.15_1,0.052119383337397754,0.6518849401103719
2022,09,HRV.5.16_1,0.05167426387476831,0.6222538064689916
2022,09,HRV.5.17_1,0.05214193162471593,0.6535311142015597
2022,09,HRV.5.18_1,0.052164252448364756,0.6551772882927477
2022,09,HRV.5.19_1,0.05145224667665437,0.6090844137394891
2022,09,HRV.5.1_1,0.05079680699627496,0.5745147578245451
2022,09,HRV.5.20_1,0.05105905831904872,0.5876841505540475
2022,09,HRV.5.21_1,0.05105905831904872,0.5876841505540475
2022,09,HRV.5.22_1,0.052003219485475795,0.6436540696544331
2022,09,HRV.5.23_1,0.05136509473926653,0.6041458914659256
2022,09,HRV.5.24_1,0.052414462979312786,0.6749313773870013
2022,09,HRV.5.25_1,0.05153726798409996,0.6140229360130525
2022,09,HRV.5.27_1,0.051090744780229125,0.5893303246452352
2022,09,HRV.5.28_1,0.05105905831904872,0.5876841505540475
2022,09,HRV.5.29_1,0.051215077114292185,0.5959150210099866
2022,09,HRV.5.2_1,0.05172742377378348,0.6255461546513671
2022,09,HRV.5.30_1,0.052314153314344615,0.6667005069310624
2022,09,HRV.5.31_1,0.050994958206177235,0.5843918023716719
2022,09,HRV.5.32_1,0.051090744780229125,0.5893303246452352
2022,09,HRV.5.33_1,0.05205037072239026,0.6469464178368088
2022,09,HRV.5.34_1,0.051480823322388014,0.6107305878306768
2022,09,HRV.5.35_1,0.05014876729526113,0.5448836241831645
2022,09,HRV.5.36_1,0.051027129612704746,0.5860379764628597
2022,09,HRV.5.37_1,0.050762923555824645,0.5728685837333573
2022,09,HRV.5.38_1,0.051779651765562734,0.6288385028337425
2022,09,HRV.5.39_1,0.05105905831904872,0.5876841505540475
2022,09,HRV.5.3_1,0.05014876729526113,0.5448836241831645
2022,09,HRV.5.40_1,0.051830950667243955,0.6321308510161183
2022,09,HRV.5.4_1,0.05105905831904872,0.5876841505540475
2022,09,HRV.5.5_1,0.05167426387476831,0.6222538064689916
2022,09,HRV.5.6_1,0.05188132323480752,0.635423199198494
2022,09,HRV.5.7_1,0.0511843551745593,0.5942688469187988
2022,09,HRV.5.8_1,0.052073603186849574,0.6485925919279967
2022,09,HRV.5.9_1,0.05142343329702805,0.6074382396483012
2022,09,HRV.6.10_1,0,0
2022,09,HRV.6.11_1,0,0
2022,09,HRV.6.12_1,0.05288675213648994,0.7226704260314479
2022,09,HRV.6.13_1,0,0
2022,09,HRV.6.14_1,0.052563326204599525,0.688100770116504
2022,09,HRV.6.15_1,0.05197930009045992,0.642007895563245
2022,09,HRV.6.16_1,0,0
2022,09,HRV.6.17_1,0.05286011726692017,0.7193780778490722
2022,09,HRV.6.18_1,0,0
2022,09,HRV.6.19_1,0,0
2022,09,HRV.6.1_1,0,0
2022,09,HRV.6.20_1,0,0
2022,09,HRV.6.21_1,0,0
2022,09,HRV.6.2_1,0,0
2022,09,HRV.6.3_1,0,0
2022,09,HRV.6.4_1,0,0
2022,09,HRV.6.5_1,0,0
2022,09,HRV.6.6_1,0,0
2022,09,HRV.6.7_1,0,0
2022,09,HRV.6.8_1,0,0
2022,09,HRV.6.9_1,0,0
2022,09,HRV.7.10_1,0,0
2022,09,HRV.7.11_1,0,0
2022,09,HRV.7.12_1,0,0
2022,09,HRV.7.13_1,0,0
2022,09,HRV.7.14_1,0.05237501269576768,0.6716390292046256
2022,09,HRV.7.15_1,0.05139438278534668,0.6057920655571134
2022,09,HRV.7.16_1,0,0
2022,09,HRV.7.17_1,0,0
2022,09,HRV.7.18_1,0.051830950667243955,0.6321308510161183
2022,09,HRV.7.19_1,0,0
2022,09,HRV.7.1_1,0,0
2022,09,HRV.7.20_1,0.05190616298801224,0.6370693732896818
2022,09,HRV.7.21_1,0.05142343329702805,0.6074382396483012
2022,09,HRV.7.22_1,0,0
2022,09,HRV.7.23_1,0,0
2022,09,HRV.7.24_1,0.05153726798409996,0.6140229360130525
2022,09,HRV.7.25_1,0,0
2022,09,HRV.7.2_1,0,0
2022,09,HRV.7.3_1,0,0
2022,09,HRV.7.4_1,0.051779651765562734,0.6288385028337425
2022,09,HRV.7.5_1,0.051480823322388014,0.6107305878306768
2022,09,HRV.7.6_1,0.05139438278534668,0.6057920655571134
2022,09,HRV.7.7_1,0,0
2022,09,HRV.7.8_1,0,0
2022,09,HRV.7.9_1,0.051027129612704746,0.5860379764628597
2022,09,HRV.8.10_1,0,0
2022,09,HRV.8.11_1,0,0
2022,09,HRV.8.12_1,0,0
2022,09,HRV.8.13_1,0,0
2022,09,HRV.8.14_1,0,0
2022,09,HRV.8.15_1,0,0
2022,09,HRV.8.16_1,0.052314153314344615,0.6667005069310624
2022,09,HRV.8.17_1,0,0
2022,09,HRV.8.18_1,0,0
2022,09,HRV.8.19_1,0,0
2022,09,HRV.8.1_1,0,0
2022,09,HRV.8.20_1,0,0
2022,09,HRV.8.21_1,0,0
2022,09,HRV.8.22_1,0,0
2022,09,HRV.8.23_1,0,0
2022,09,HRV.8.24_1,0,0
2022,09,HRV.8.25_1,0,0
2022,09,HRV.8.26_1,0,0
2022,09,HRV.8.27_1,0,0
2022,09,HRV.8.28_1,0,0
2022,09,HRV.8.29_1,0,0
2022,09,HRV.8.2_1,0.05249067830307118,0.6815160737517525
2022,09,HRV.8.30_1,0,0
2022,09,HRV.8.31_1,0,0
2022,09,HRV.8.32_1,0,0
2022,09,HRV.8.3_1,0,0
2022,09,HRV.8.4_1,0,0
2022,09,HRV.8.5_1,0.051779651765562734,0.6288385028337425
2022,09,HRV.8.6_1,0,0
2022,09,HRV.8.7_1,0.052119383337397754,0.6518849401103719
2022,09,HRV.8.8_1,0,0
2022,09,HRV.8.9_1,0,0
2022,09,HRV.9.10_1,0.05205037072239026,0.6469464178368088
2022,09,HRV.9.11_1,0.052164252448364756,0.6551772882927477
2022,09,HRV.9.12_1,0.052003219485475795,0.6436540696544331
2022,09,HRV.9.1_1,0.05289974250754792,0.7243166001226355
2022,09,HRV.9.2_1,0.052026909591761206,0.6453002437456209
2022,09,HRV.9.3_1,0.052073603186849574,0.6485925919279967
2022,09,HRV.9.4_1,0.05136509473926653,0.6041458914659256
2022,09,HRV.9.5_1,0.05245301752382454,0.6782237255693768
2022,09,HRV.9.6_1,0.05188132323480752,0.635423199198494
2022,09,HRV.9.7_1,0.052208212868664734,0.6584696364751235
2022,09,HRV.9.8_1,0.05233466464754377,0.6683466810222501
2022,09,HRV.9.9_1,0.05185625257290876,0.6337770251073064
2022,09,HUN.1.10_1,0.05214193162471593,0.6535311142015597
2022,09,HUN.1.1_1,0.051153392764334,0.5926226728276109
2022,09,HUN.1.2_1,0.051153392764334,0.5926226728276109
2022,09,HUN.1.3_1,0.0509298854493948,0.5810994541892964
2022,09,HUN.1.4_1,0.051245559016022034,0.5975611951011743
2022,09,HUN.1.5_1,0.05150916362824008,0.6123767619218646
2022,09,HUN.1.6_1,0.051245559016022034,0.5975611951011743
2022,09,HUN.1.7_1,0.05048293923721877,0.5596991910038548
2022,09,HUN.1.8_1,0.05069441664850874,0.5695762355509816
2022,09,HUN.1.9_1,0.0511843551745593,0.5942688469187988
2022,09,HUN.10.1_1,0.05205037072239026,0.6469464178368088
2022,09,HUN.10.2_1,0.05150916362824008,0.6123767619218646
2022,09,HUN.10.3_1,0.05083044442018348,0.5761609319157328
2022,09,HUN.10.4_1,0.051245559016022034,0.5975611951011743
2022,09,HUN.10.5_1,0.05105905831904872,0.5876841505540475
2022,09,HUN.10.6_1,0.050863836315639406,0.5778071060069206
2022,09,HUN.10.7_1,0.05218634610021234,0.6568234623839355
2022,09,HUN.11.1_1,0.05062491969522196,0.566283887368606
2022,09,HUN.11.2_1,0.05185625257290876,0.6337770251073064
2022,09,HUN.11.3_1,0.05105905831904872,0.5876841505540475
2022,09,HUN.11.4_1,0.05026243845534718,0.5498221464567279
2022,09,HUN.11.5_1,0.05003279500166987,0.5399451019096012
2022,09,HUN.11.6_1,0.051620169189404624,0.6189614582866159
2022,09,HUN.11.7_1,0.05007170909482309,0.541591276000789
2022,09,HUN.12.1_1,0.050863836315639406,0.5778071060069206
2022,09,HUN.12.2_1,0.052003219485475795,0.6436540696544331
2022,09,HUN.12.3_1,0.05214193162471593,0.6535311142015597
2022,09,HUN.12.4_1,0.051090744780229125,0.5893303246452352
2022,09,HUN.12.5_1,0.05112218944668981,0.5909764987364231
2022,09,HUN.12.6_1,0.05083044442018348,0.5761609319157328
2022,09,HUN.12.7_1,0.051090744780229125,0.5893303246452352
2022,09,HUN.13.1_1,0.05136509473926653,0.6041458914659256
2022,09,HUN.13.2_1,0.05139438278534668,0.6057920655571134
2022,09,HUN.13.3_1,0.0511843551745593,0.5942688469187988
2022,09,HUN.13.4_1,0.051153392764334,0.5926226728276109
2022,09,HUN.13.5_1,0.05190616298801224,0.6370693732896818
2022,09,HUN.13.6_1,0.05167426387476831,0.6222538064689916
2022,09,HUN.14.10_1,0.05150916362824008,0.6123767619218646
2022,09,HUN.14.11_1,0.051215077114292185,0.5959150210099866
2022,09,HUN.14.12_1,0.050762923555824645,0.5728685837333573
2022,09,HUN.14.13_1,0.051779651765562734,0.6288385028337425
2022,09,HUN.14.14_1,0.05159277038496681,0.6173152841954281
2022,09,HUN.14.15_1,0.051480823322388014,0.6107305878306768
2022,09,HUN.14.1_1,0.05044681886536148,0.558053016912667
2022,09,HUN.14.2_1,0.0501103663280194,0.5432374500919769
2022,09,HUN.14.3_1,0.051480823322388014,0.6107305878306768
2022,09,HUN.14.4_1,0.05185625257290876,0.6337770251073064
2022,09,HUN.14.5_1,0.051620169189404624,0.6189614582866159
2022,09,HUN.14.6_1,0.05065979218091025,0.5679300614597937
2022,09,HUN.14.7_1,0.050863836315639406,0.5778071060069206
2022,09,HUN.14.8_1,0.0511843551745593,0.5942688469187988
2022,09,HUN.14.9_1,0.05130580441344553,0.60085354328355
2022,09,HUN.15.10_1,0.05139438278534668,0.6057920655571134
2022,09,HUN.15.1_1,0.05145224667665437,0.6090844137394891
2022,09,HUN.15.2_1,0.05218634610021234,0.6568234623839355
2022,09,HUN.15.3_1,0.05188132323480752,0.635423199198494
2022,09,HUN.15.4_1,0.05205037072239026,0.6469464178368088
2022,09,HUN.15.5_1,0.05180541717899287,0.6304846769249306
2022,09,HUN.15.6_1,0.0519307721638707,0.6387155473808697
2022,09,HUN.15.7_1,0.051245559016022034,0.5975611951011743
2022,09,HUN.15.8_1,0.051620169189404624,0.6189614582866159
2022,09,HUN.15.9_1,0.05197930009045992,0.642007895563245
2022,09,HUN.16.10_1,0.05130580441344553,0.60085354328355
2022,09,HUN.16.11_1,0.05139438278534668,0.6057920655571134
2022,09,HUN.16.1_1,0.05142343329702805,0.6074382396483012
2022,09,HUN.16.2_1,0.05188132323480752,0.635423199198494
2022,09,HUN.16.3_1,0.05142343329702805,0.6074382396483012
2022,09,HUN.16.4_1,0.051027129612704746,0.5860379764628597
2022,09,HUN.16.5_1,0.05139438278534668,0.6057920655571134
2022,09,HUN.16.6_1,0.05055442861292879,0.5629915391862306
2022,09,HUN.16.7_1,0.051830950667243955,0.6321308510161183
2022,09,HUN.16.8_1,0.051090744780229125,0.5893303246452352
2022,09,HUN.16.9_1,0.05159277038496681,0.6173152841954281
2022,09,HUN.17.1_1,0.05145224667665437,0.6090844137394891
2022,09,HUN.17.2_1,0.051153392764334,0.5926226728276109
2022,09,HUN.17.3_1,0.05153726798409996,0.6140229360130525
2022,09,HUN.17.4_1,0.05145224667665437,0.6090844137394891
2022,09,HUN.17.5_1,0.05105905831904872,0.5876841505540475
2022,09,HUN.18.1_1,0.05058979867855348,0.5646377132774182
2022,09,HUN.18.2_1,0.05214193162471593,0.6535311142015597
2022,09,HUN.18.3_1,0.05130580441344553,0.60085354328355
2022,09,HUN.18.4_1,0.05150916362824008,0.6123767619218646
2022,09,HUN.18.5_1,0.051830950667243955,0.6321308510161183
2022,09,HUN.18.6_1,0.051153392764334,0.5926226728276109
2022,09,HUN.18.7_1,0.0519307721638707,0.6387155473808697
2022,09,HUN.18.8_1,0.051153392764334,0.5926226728276109
2022,09,HUN.18.9_1,0.05190616298801224,0.6370693732896818
2022,09,HUN.19.1_1,0.0522724547061954,0.6634081587486867
2022,09,HUN.19.2_1,0.051830950667243955,0.6321308510161183
2022,09,HUN.19.3_1,0.05195515109003001,0.6403617214720574
2022,09,HUN.19.4_1,0.05214193162471593,0.6535311142015597
2022,09,HUN.19.5_1,0.05190616298801224,0.6370693732896818
2022,09,HUN.19.6_1,0.051480823322388014,0.6107305878306768
2022,09,HUN.19.7_1,0.051830950667243955,0.6321308510161183
2022,09,HUN.19.8_1,0.05188132323480752,0.635423199198494
2022,09,HUN.19.9_1,0.050762923555824645,0.5728685837333573
2022,09,HUN.2.1_1,0.050863836315639406,0.5778071060069206
2022,09,HUN.2.2_1,0.05072879360586478,0.5712224096421694
2022,09,HUN.2.3_1,0.051830950667243955,0.6321308510161183
2022,09,HUN.2.4_1,0.05133556875223217,0.6024997173747378
2022,09,HUN.2.5_1,0.051245559016022034,0.5975611951011743
2022,09,HUN.2.6_1,0.051027129612704746,0.5860379764628597
2022,09,HUN.2.7_1,0.05153726798409996,0.6140229360130525
2022,09,HUN.2.8_1,0.051830950667243955,0.6321308510161183
2022,09,HUN.2.9_1,0.05225126689181671,0.6617619846574989
2022,09,HUN.20.1_1,0.05170096049116265,0.6238999805601794
2022,09,HUN.20.2_1,0.05069441664850874,0.5695762355509816
2022,09,HUN.20.3_1,0.052073603186849574,0.6485925919279967
2022,09,HUN.20.4_1,0.05096254363983413,0.5827456282804843
2022,09,HUN.20.5_1,0.05159277038496681,0.6173152841954281
2022,09,HUN.20.6_1,0.05190616298801224,0.6370693732896818
2022,09,HUN.3.1_1,0.052229853038685777,0.6601158105663112
2022,09,HUN.3.2_1,0.05029982018457406,0.5514683205479157
2022,09,HUN.3.3_1,0.05105905831904872,0.5876841505540475
2022,09,HUN.3.4_1,0.05164733356276828,0.6206076323778039
2022,09,HUN.3.5_1,0.051480823322388014,0.6107305878306768
2022,09,HUN.3.6_1,0.0515651367757645,0.6156691101042403
2022,09,HUN.3.7_1,0.0515651367757645,0.6156691101042403
2022,09,HUN.3.8_1,0.051480823322388014,0.6107305878306768
2022,09,HUN.4.10_1,0.050994958206177235,0.5843918023716719
2022,09,HUN.4.11_1,0.051779651765562734,0.6288385028337425
2022,09,HUN.4.12_1,0.0499541938304174,0.5366527537272255
2022,09,HUN.4.13_1,0.05062491969522196,0.566283887368606
2022,09,HUN.4.14_1,0.051090744780229125,0.5893303246452352
2022,09,HUN.4.15_1,0.050518808975243044,0.5613453650950425
2022,09,HUN.4.1_1,0.05065979218091025,0.5679300614597937
2022,09,HUN.4.2_1,0.05150916362824008,0.6123767619218646
2022,09,HUN.4.3_1,0.05142343329702805,0.6074382396483012
2022,09,HUN.4.4_1,0.05014876729526113,0.5448836241831645
2022,09,HUN.4.5_1,0.05172742377378348,0.6255461546513671
2022,09,HUN.4.6_1,0.05142343329702805,0.6074382396483012
2022,09,HUN.4.7_1,0.051275801307834684,0.5992073691923622
2022,09,HUN.4.8_1,0.050994958206177235,0.5843918023716719
2022,09,HUN.4.9_1,0.05079680699627496,0.5745147578245451
2022,09,HUN.5.1_1,0.052119383337397754,0.6518849401103719
2022,09,HUN.6.1_1,0.050762923555824645,0.5728685837333573
2022,09,HUN.6.2_1,0.051027129612704746,0.5860379764628597
2022,09,HUN.6.3_1,0.050896983165893,0.5794532800981085
2022,09,HUN.6.4_1,0.051753654080563635,0.6271923287425549
2022,09,HUN.6.5_1,0.0499145055350864,0.5350065796360376
2022,09,HUN.6.6_1,0.051027129612704746,0.5860379764628597
2022,09,HUN.6.7_1,0.05072879360586478,0.5712224096421694
2022,09,HUN.7.10_1,0.05164733356276828,0.6206076323778039
2022,09,HUN.7.1_1,0.05170096049116265,0.6238999805601794
2022,09,HUN.7.2_1,0.051480823322388014,0.6107305878306768
2022,09,HUN.7.3_1,0.05139438278534668,0.6057920655571134
2022,09,HUN.7.4_1,0.0509298854493948,0.5810994541892964
2022,09,HUN.7.5_1,0.05136509473926653,0.6041458914659256
2022,09,HUN.7.6_1,0.05072879360586478,0.5712224096421694
2022,09,HUN.7.7_1,0.050373824059813575,0.5547606687302915
2022,09,HUN.7.8_1,0.05172742377378348,0.6255461546513671
2022,09,HUN.7.9_1,0.05145224667665437,0.6090844137394891
2022,09,HUN.8.1_1,0.05048293923721877,0.5596991910038548
2022,09,HUN.8.2_1,0.05133556875223217,0.6024997173747378
2022,09,HUN.8.3_1,0.050863836315639406,0.5778071060069206
2022,09,HUN.8.4_1,0.051027129612704746,0.5860379764628597
2022,09,HUN.8.5_1,0.051753654080563635,0.6271923287425549
2022,09,HUN.8.6_1,0.05142343329702805,0.6074382396483012
2022,09,HUN.8.7_1,0.0515651367757645,0.6156691101042403
2022,09,HUN.9.1_1,0.05167426387476831,0.6222538064689916
2022,09,HUN.9.2_1,0.05139438278534668,0.6057920655571134
2022,09,HUN.9.3_1,0.05185625257290876,0.6337770251073064
2022,09,HUN.9.4_1,0.05153726798409996,0.6140229360130525
2022,09,HUN.9.5_1,0.050762923555824645,0.5728685837333573
2022,09,HUN.9.6_1,0.05150916362824008,0.6123767619218646
2022,09,HUN.9.7_1,0.052003219485475795,0.6436540696544331
2022,09,HUN.9.8_1,0.050896983165893,0.5794532800981085
2022,09,HUN.9.9_1,0.051480823322388014,0.6107305878306768
2022,09,IRL.1.1_1,0.05288675213648994,0.7226704260314479
2022,09,IRL.1.2_1,0.05139438278534668,0.6057920655571134
2022,09,IRL.1.3_1,0.052527447239470323,0.684808421934128
2022,09,IRL.10.1_1,0.052937407283936484,0.7292551223961992
2022,09,IRL.10.2_1,0.052314153314344615,0.6667005069310624
2022,09,IRL.10.4_1,0.05237501269576768,0.6716390292046256
2022,09,IRL.11.1_1,0.05272943346864888,0.704562511028382
2022,09,IRL.11.2_1,0.05197930009045992,0.642007895563245
2022,09,IRL.11.3_1,0.05218634610021234,0.6568234623839355
2022,09,IRL.12.1_1,0.052354951020884596,0.669992855113438
2022,09,IRL.12.3_1,0.052873543777416855,0.7210242519402599
2022,09,IRL.13.2_1,0.052208212868664734,0.6584696364751235
2022,09,IRL.13.3_1,0.052003219485475795,0.6436540696544331
2022,09,IRL.13.4_1,0.05261547992645943,0.6930392923900673
2022,09,IRL.14.1_1,0.05209660729105996,0.6502387660191843
2022,09,IRL.14.2_1,0.05225126689181671,0.6617619846574989
2022,09,IRL.15.1_1,0.052563326204599525,0.688100770116504
2022,09,IRL.15.2_1,0.052293416756575395,0.6650543328398746
2022,09,IRL.15.3_1,0.05237501269576768,0.6716390292046256
2022,09,IRL.16.2_1,0.0519307721638707,0.6387155473808697
2022,09,IRL.16.3_1,0.05205037072239026,0.6469464178368088
2022,09,IRL.17.1_1,0.05197930009045992,0.642007895563245
2022,09,IRL.17.2_1,0.052314153314344615,0.6667005069310624
2022,09,IRL.17.3_1,0.051779651765562734,0.6288385028337425
2022,09,IRL.17.4_1,0.05167426387476831,0.6222538064689916
2022,09,IRL.17.5_1,0.05205037072239026,0.6469464178368088
2022,09,IRL.17.6_1,0.05159277038496681,0.6173152841954281
2022,09,IRL.18.1_1,0.052119383337397754,0.6518849401103719
2022,09,IRL.18.2_1,0.0522724547061954,0.6634081587486867
2022,09,IRL.18.3_1,0.05263242145611054,0.694685466481255
2022,09,IRL.19.1_1,0.05233466464754377,0.6683466810222501
2022,09,IRL.19.2_1,0.052293416756575395,0.6650543328398746
2022,09,IRL.19.3_1,0.052164252448364756,0.6551772882927477
2022,09,IRL.2.1_1,0.05205037072239026,0.6469464178368088
2022,09,IRL.2.2_1,0.052073603186849574,0.6485925919279967
2022,09,IRL.2.3_1,0.052433852094377696,0.6765775514781891
2022,09,IRL.20.1_1,0.052208212868664734,0.6584696364751235
2022,09,IRL.20.3_1,0.05261547992645943,0.6930392923900673
2022,09,IRL.22.3_1,0.05218634610021234,0.6568234623839355
2022,09,IRL.22.4_1,0.05180541717899287,0.6304846769249306
2022,09,IRL.22.5_1,0.05286011726692017,0.7193780778490722
2022,09,IRL.23.2_1,0.05205037072239026,0.6469464178368088
2022,09,IRL.23.3_1,0.052545497853442376,0.6864545960253161
2022,09,IRL.24.1_1,0.052119383337397754,0.6518849401103719
2022,09,IRL.24.2_1,0.052471959512757425,0.6798698996605649
2022,09,IRL.25.1_1,0.05214193162471593,0.6535311142015597
2022,09,IRL.25.2_1,0.05245301752382454,0.6782237255693768
2022,09,IRL.25.3_1,0.05205037072239026,0.6469464178368088
2022,09,IRL.25.4_1,0.05218634610021234,0.6568234623839355
2022,09,IRL.25.5_1,0.05233466464754377,0.6683466810222501
2022,09,IRL.26.1_1,0.052208212868664734,0.6584696364751235
2022,09,IRL.26.2_1,0.052314153314344615,0.6667005069310624
2022,09,IRL.26.3_1,0.052545497853442376,0.6864545960253161
2022,09,IRL.26.4_1,0.05245301752382454,0.6782237255693768
2022,09,IRL.26.5_1,0.052229853038685777,0.6601158105663112
2022,09,IRL.3.1_1,0.052433852094377696,0.6765775514781891
2022,09,IRL.3.2_1,0.052354951020884596,0.669992855113438
2022,09,IRL.3.3_1,0.051779651765562734,0.6288385028337425
2022,09,IRL.3.4_1,0.05245301752382454,0.6782237255693768
2022,09,IRL.4.1_1,0.05218634610021234,0.6568234623839355
2022,09,IRL.4.2_1,0.05239484993030008,0.6732852032958137
2022,09,IRL.4.3_1,0.05272943346864888,0.704562511028382
2022,09,IRL.4.4_1,0.052681919904129036,0.6996239887548183
2022,09,IRL.4.5_1,0.05225126689181671,0.6617619846574989
2022,09,IRL.4.6_1,0.05214193162471593,0.6535311142015597
2022,09,IRL.4.7_1,0.0522724547061954,0.6634081587486867
2022,09,IRL.4.8_1,0.052527447239470323,0.684808421934128
2022,09,IRL.4.9_1,0.052471959512757425,0.6798698996605649
2022,09,IRL.5.1_1,0.05284647243872508,0.7177319037578843
2022,09,IRL.5.2_1,0.05249067830307118,0.6815160737517525
2022,09,IRL.5.3_1,0.05205037072239026,0.6469464178368088
2022,09,IRL.5.4_1,0.05214193162471593,0.6535311142015597
2022,09,IRL.5.5_1,0.05214193162471593,0.6535311142015597
2022,09,IRL.6.1_1,0.052471959512757425,0.6798698996605649
2022,09,IRL.6.2_1,0.05225126689181671,0.6617619846574989
2022,09,IRL.6.3_1,0.05271381582049649,0.7029163369371942
2022,09,IRL.6.4_1,0.05263242145611054,0.694685466481255
2022,09,IRL.7.1_1,0.052433852094377696,0.6765775514781891
2022,09,IRL.7.2_1,0.05277496751067167,0.7095010333019455
2022,09,IRL.7.3_1,0.052545497853442376,0.6864545960253161
2022,09,IRL.7.4_1,0.05245301752382454,0.6782237255693768
2022,09,IRL.7.5_1,0.05195515109003001,0.6403617214720574
2022,09,IRL.7.6_1,0.052471959512757425,0.6798698996605649
2022,09,IRL.8.1_1,0.052527447239470323,0.684808421934128
2022,09,IRL.8.2_1,0.05261547992645943,0.6930392923900673
2022,09,IRL.8.3_1,0.052509174133467396,0.6831622478429403
2022,09,IRL.8.4_1,0.05274483117184427,0.7062086851195698
2022,09,IRL.8.5_1,0.05245301752382454,0.6782237255693768
2022,09,IRL.9.1_1,0.052293416756575395,0.6650543328398746
2022,09,IRL.9.2_1,0.05209660729105996,0.6502387660191843
2022,09,IRL.9.3_1,0.052119383337397754,0.6518849401103719
2022,09,IRL.9.4_1,0.05233466464754377,0.6683466810222501
2022,09,IRL.9.5_1,0.05239484993030008,0.6732852032958137
2022,09,ISL.1.10_1,0,0
2022,09,ISL.1.11_1,0,0
2022,09,ISL.1.12_1,0,0
2022,09,ISL.1.13_1,0,0
2022,09,ISL.1.14_1,0,0
2022,09,ISL.1.15_1,0,0
2022,09,ISL.1.16_1,0,0
2022,09,ISL.1.1_1,0,0
2022,09,ISL.1.2_1,0,0
2022,09,ISL.1.3_1,0,0
2022,09,ISL.1.4_1,0,0
2022,09,ISL.1.5_1,0,0
2022,09,ISL.1.6_1,0,0
2022,09,ISL.1.7_1,0,0
2022,09,ISL.1.8_1,0,0
2022,09,ISL.1.9_1,0,0
2022,09,ISL.2.10_1,0,0
2022,09,ISL.2.11_1,0,0
2022,09,ISL.2.12_1,0,0
2022,09,ISL.2.13_1,0,0
2022,09,ISL.2.14_1,0,0
2022,09,ISL.2.15_1,0,0
2022,09,ISL.2.16_1,0,0
2022,09,ISL.2.17_1,0,0
2022,09,ISL.2.18_1,0,0
2022,09,ISL.2.19_1,0,0
2022,09,ISL.2.1_1,0,0
2022,09,ISL.2.20_1,0,0
2022,09,ISL.2.21_1,0,0
2022,09,ISL.2.22_1,0,0
2022,09,ISL.2.23_1,0,0
2022,09,ISL.2.24_1,0,0
2022,09,ISL.2.25_1,0,0
2022,09,ISL.2.2_1,0,0
2022,09,ISL.2.3_1,0,0
2022,09,ISL.2.4_1,0,0
2022,09,ISL.2.5_1,0,0
2022,09,ISL.2.6_1,0,0
2022,09,ISL.2.7_1,0,0
2022,09,ISL.2.9_1,0,0
2022,09,ISL.3.1_1,0,0
2022,09,ISL.3.2_1,0,0
2022,09,ISL.3.3_1,0,0
2022,09,ISL.3.4_1,0,0
2022,09,ISL.3.5_1,0,0
2022,09,ISL.3.6_1,0,0
2022,09,ISL.3.7_1,0,0
2022,09,ISL.4.10_1,0,0
2022,09,ISL.4.11_1,0,0
2022,09,ISL.4.12_1,0,0
2022,09,ISL.4.13_1,0,0
2022,09,ISL.4.1_1,0,0
2022,09,ISL.4.2_1,0,0
2022,09,ISL.4.3_1,0,0
2022,09,ISL.4.4_1,0,0
2022,09,ISL.4.5_1,0,0
2022,09,ISL.4.6_1,0,0
2022,09,ISL.4.7_1,0,0
2022,09,ISL.4.8_1,0,0
2022,09,ISL.4.9_1,0,0
2022,09,ISL.5.10_1,0,0
2022,09,ISL.5.11_1,0,0
2022,09,ISL.5.12_1,0,0
2022,09,ISL.5.13_1,0,0
2022,09,ISL.5.14_1,0,0
2022,09,ISL.5.15_1,0,0
2022,09,ISL.5.16_1,0,0
2022,09,ISL.5.17_1,0,0
2022,09,ISL.5.18_1,0,0
2022,09,ISL.5.19_1,0,0
2022,09,ISL.5.1_1,0,0
2022,09,ISL.5.20_1,0,0
2022,09,ISL.5.21_1,0,0
2022,09,ISL.5.22_1,0,0
2022,09,ISL.5.23_1,0,0
2022,09,ISL.5.25_1,0,0
2022,09,ISL.5.26_1,0,0
2022,09,ISL.5.27_1,0,0
2022,09,ISL.5.2_1,0,0
2022,09,ISL.5.3_1,0,0
2022,09,ISL.5.4_1,0,0
2022,09,ISL.5.5_1,0,0
2022,09,ISL.5.6_1,0,0
2022,09,ISL.5.7_1,0,0
2022,09,ISL.5.8_1,0,0
2022,09,ISL.5.9_1,0,0
2022,09,ISL.6.1_1,0,0
2022,09,ISL.6.2_1,0,0
2022,09,ISL.6.3_1,0,0
2022,09,ISL.6.4_1,0,0
2022,09,ISL.7.10_1,0,0
2022,09,ISL.7.11_1,0,0
2022,09,ISL.7.1_1,0,0
2022,09,ISL.7.2_1,0,0
2022,09,ISL.7.3_1,0,0
2022,09,ISL.7.4_1,0,0
2022,09,ISL.7.5_1,0,0
2022,09,ISL.7.6_1,0,0
2022,09,ISL.7.7_1,0,0
2022,09,ISL.7.8_1,0,0
2022,09,ISL.7.9_1,0,0
2022,09,ISL.8.11_1,0,0
2022,09,ISL.8.12_1,0,0
2022,09,ISL.8.13_1,0,0
2022,09,ISL.8.14_1,0,0
2022,09,ISL.8.15_1,0,0
2022,09,ISL.8.16_1,0,0
2022,09,ISL.8.1_1,0,0
2022,09,ISL.8.2_1,0,0
2022,09,ISL.8.3_1,0,0
2022,09,ISL.8.4_1,0,0
2022,09,ISL.8.5_1,0,0
2022,09,ISL.8.6_1,0,0
2022,09,ISL.8.7_1,0,0
2022,09,ISL.8.8_1,0,0
2022,09,ISL.8.9_1,0,0
2022,09,ITA.1.1_1,0.5149476715817842,0.6848576742089987
2022,09,ITA.1.2_1,0.5274592391489673,0.6820022518057149
2022,09,ITA.1.3_1,0.3435336772468745,0.6735374888919623
2022,09,ITA.1.4_1,0.3485853436219661,0.7270121461640577
2022,09,ITA.10.10_1,0.6887637943246806,0.637129462865026
2022,09,ITA.10.11_1,0.44422730394962556,0.6551562497311185
2022,09,ITA.10.12_1,0.6007340174612141,0.6708542147146282
2022,09,ITA.10.1_1,0.8028132014412548,0.7388390684849311
2022,09,ITA.10.2_1,0.735201083672672,0.718378960086731
2022,09,ITA.10.3_1,0.6452744237305583,0.6886089602019818
2022,09,ITA.10.4_1,0.5464417249672469,0.6951536452968555
2022,09,ITA.10.5_1,0.28968856921269864,0.7098183116992394
2022,09,ITA.10.6_1,0.39895449104742137,0.6742621158356176
2022,09,ITA.10.7_1,0.42795987436752847,0.7088892783119758
2022,09,ITA.10.8_1,0.5868311989306176,0.6907316050668451
2022,09,ITA.10.9_1,0.37605539247074365,0.7099783458522758
2022,09,ITA.11.1_1,0.3431531161971517,0.6378670047721906
2022,09,ITA.11.2_1,0.2950446389580428,0.7254133334681384
2022,09,ITA.11.3_1,0.3176437157612233,0.687044780940464
2022,09,ITA.11.4_1,0.37730971820934484,0.6339690681798863
2022,09,ITA.11.5_1,0.41756139586184654,0.7035352148746745
2022,09,ITA.12.1_1,0.46399922521357534,0.6786857769001384
2022,09,ITA.12.2_1,0.37316513298749526,0.7570700399479934
2022,09,ITA.13.1_1,0.6870643378021,0.6329224887439312
2022,09,ITA.13.2_1,0.5377541175049627,0.6127267846792896
2022,09,ITA.13.3_1,0.45491116066574494,0.6519362946220916
2022,09,ITA.13.4_1,0.7916244265808293,0.6489901007957115
2022,09,ITA.13.5_1,0.4746009287963274,0.670966826460841
2022,09,ITA.13.6_1,0.864218750102575,0.572667455112237
2022,09,ITA.13.7_1,0.4412457732521868,0.6725577473145394
2022,09,ITA.13.8_1,0.46363634171478313,0.6419563386063581
2022,09,ITA.14.1_1,0.3759521830901777,0.600583620308157
2022,09,ITA.14.2_1,0.2293418953945296,0.6323830687178602
2022,09,ITA.14.3_1,0.26227344511787193,0.6079296020067536
2022,09,ITA.14.4_1,0.40856287439437966,0.6127098737434791
2022,09,ITA.14.5_1,0.2450300667837168,0.636236857677798
2022,09,ITA.14.6_1,0.23752733543554286,0.671775450949186
2022,09,ITA.14.7_1,0.4665237285606661,0.6550549530739841
2022,09,ITA.14.8_1,0.4122787787365341,0.684821506079721
2022,09,ITA.15.1_1,0.32856887691293507,0.723907040936259
2022,09,ITA.15.2_1,0.23813827886321548,0.6814582839461243
2022,09,ITA.15.3_1,0.38446706881464526,0.6913549811603618
2022,09,ITA.15.4_1,0.17348894007989946,0.417170110315325
2022,09,ITA.15.5_1,0.5065422092275167,0.7167316316946516
2022,09,ITA.15.6_1,0.44441813800359337,0.6360555044179617
2022,09,ITA.15.7_1,0.1781224817527144,0.7203938547401485
2022,09,ITA.15.8_1,0.22550951629186117,0.6589398704690616
2022,09,ITA.15.9_1,0.2340572218302888,0.630025260007891
2022,09,ITA.16.10_1,0.30973790062125234,0.7447766601080418
2022,09,ITA.16.1_1,0.20737123620056547,0.758472651929996
2022,09,ITA.16.2_1,0.34354610741727915,0.7599157289589668
2022,09,ITA.16.3_1,0.262864787405475,0.7362659430667998
2022,09,ITA.16.4_1,0.17774858379153596,0.7112039041507223
2022,09,ITA.16.5_1,0.30961221827271074,0.8142383150000033
2022,09,ITA.16.6_1,0.17388894765545188,0.8128855343404169
2022,09,ITA.16.7_1,0.3221004510936036,0.7398329343720265
2022,09,ITA.16.8_1,0.2448866419756922,0.7979528723243794
2022,09,ITA.16.9_1,0.1374829627092274,0.7542209064502551
2022,09,ITA.17.1_1,0.5323294692234029,0.6057421099275097
2022,09,ITA.17.2_1,0.7544208472323687,0.6766332657685411
2022,09,ITA.18.1_1,0.38841957188453935,0.6732764163483294
2022,09,ITA.18.2_1,0.2955744391009509,0.7350214040058651
2022,09,ITA.19.1_1,0.22111850043898437,0.5511293516742359
2022,09,ITA.2.1_1,0.31447242261573954,0.5861361237914251
2022,09,ITA.2.2_1,0.15247219151084732,0.5385539636691064
2022,09,ITA.2.3_1,0.2206405748079126,0.5940502212307027
2022,09,ITA.2.4_1,0.3823788877516862,0.6016039979801506
2022,09,ITA.2.5_1,0.4861891750542819,0.6292127553715322
2022,09,ITA.2.6_1,0.26775868592005647,0.6166440345821583
2022,09,ITA.20.1_1,0.4322477847403278,0.7895057443772725
2022,09,ITA.20.2_1,0.523070853516195,0.7213450743497034
2022,09,ITA.20.3_1,0.3591458644480659,0.6831862719813633
2022,09,ITA.20.4_1,0.5070167694264768,0.7838980303409085
2022,09,ITA.20.5_1,0.33906018819349115,0.7521916326080554
2022,09,ITA.20.6_1,0.5049007473486409,0.6987045733080717
2022,09,ITA.20.7_1,0.568117580634402,0.7534667968249913
2022,09,ITA.3.1_1,0.2702647323973669,0.559385721670903
2022,09,ITA.3.2_1,0.5022055936828799,0.6523450240826298
2022,09,ITA.4.1_1,0.1817077392002904,0.6589636811463686
2022,09,ITA.4.2_1,0.6224147622481586,0.6688053845289873
2022,09,ITA.4.3_1,0.25730396323215826,0.6074447705987125
2022,09,ITA.4.4_1,0.49875740898946885,0.6930831699198011
2022,09,ITA.4.5_1,0.12522740521376075,0.6829396157574771
2022,09,ITA.5.1_1,0.22663356095141932,0.6723822727711133
2022,09,ITA.5.2_1,0.17850758972119588,0.72551301693312
2022,09,ITA.5.3_1,0.5267048439585563,0.7492950335053213
2022,09,ITA.5.4_1,0.4461416828130267,0.7103598622781157
2022,09,ITA.5.5_1,0.6209243314582904,0.7153154615081686
2022,09,ITA.6.1_1,0.3969499839490719,0.7182523315903293
2022,09,ITA.6.2_1,0.2566343679822946,0.6502124925235873
2022,09,ITA.6.3_1,0.2805742981826441,0.7167743408751068
2022,09,ITA.6.4_1,0.3550265321151927,0.765262782287038
2022,09,ITA.6.5_1,0.35365642304354805,0.7491881308455935
2022,09,ITA.6.6_1,0.3565953431688885,0.7336341439824003
2022,09,ITA.6.7_1,0.21523863378589292,0.6736797884899709
2022,09,ITA.6.8_1,0.34489292644018127,0.731895917998639
2022,09,ITA.6.9_1,0.22715015362269597,0.6775599328673219
2022,09,ITA.7.1_1,0.2568761238288044,0.7220385726893448
2022,09,ITA.7.2_1,0.36948128849624556,0.7577907174535561
2022,09,ITA.7.3_1,0.1275224563397951,0.7609463408538127
2022,09,ITA.7.4_1,0.6016935377846322,0.7336285736272145
2022,09,ITA.8.1_1,0.4930576833797693,0.7519902705912019
2022,09,ITA.8.2_1,0.2881872660880076,0.7551116110266378
2022,09,ITA.8.3_1,0.43050727663637756,0.6585021059713757
2022,09,ITA.8.4_1,0.56318004947744,0.7148119805903737
2022,09,ITA.8.5_1,0.4004316181249027,0.7522313791227018
2022,09,ITA.9.1_1,0.4191388300128862,0.7806762624517294
2022,09,ITA.9.2_1,0.3967309075070812,0.7491585863629864
2022,09,ITA.9.3_1,0.2916781827478228,0.8204401259878815
2022,09,ITA.9.4_1,0.4162017151050596,0.7835512764955064
2022,09,KAZ.13.11_1,0.04505145781508002,0.38355856324675913
2022,09,KAZ.13.5_1,0.04758483377331325,0.45269787507664727
2022,09,KAZ.4.4_1,0.04583420726681617,0.403312652341013
2022,09,LIE.10_1,0.0522724547061954,0.6634081587486867
2022,09,LIE.7_1,0.052073603186849574,0.6485925919279967
2022,09,LIE.9_1,0.051830950667243955,0.6321308510161183
2022,09,LTU.3.1_1,0.05145224667665437,0.6090844137394891
2022,09,LTU.3.2_1,0.0511843551745593,0.5942688469187988
2022,09,LTU.3.4_1,0.05153726798409996,0.6140229360130525
2022,09,LTU.3.5_1,0.050896983165893,0.5794532800981085
2022,09,LTU.3.6_1,0.0511843551745593,0.5942688469187988
2022,09,LTU.4.2_1,0.05096254363983413,0.5827456282804843
2022,09,LTU.4.3_1,0.05079680699627496,0.5745147578245451
2022,09,LTU.5.1_1,0,0
2022,09,LTU.5.4_1,0,0
2022,09,LTU.5.5_1,0,0
2022,09,LTU.6.1_1,0,0
2022,09,LTU.6.2_1,0,0
2022,09,LTU.6.4_1,0,0
2022,09,LTU.7.1_1,0.05069441664850874,0.5695762355509816
2022,09,LTU.7.2_1,0.05133556875223217,0.6024997173747378
2022,09,LTU.7.3_1,0.051480823322388014,0.6107305878306768
2022,09,LTU.8.1_1,0.05133556875223217,0.6024997173747378
2022,09,LTU.8.2_1,0.05205037072239026,0.6469464178368088
2022,09,LTU.9.5_1,0,0
2022,09,LUX.1.1_1,0.12651127458278028,0.7236933478138617
2022,09,LUX.1.2_1,0.163415702465734,0.7374762980570038
2022,09,LUX.1.3_1,0.1632706999476371,0.733120729111576
2022,09,LUX.1.4_1,0.08961829061719116,0.7060277861705264
2022,09,LUX.1.5_1,0.13792057965618426,0.7691477416547087
2022,09,LUX.2.1_1,0.13628756224699295,0.7177012925649429
2022,09,LUX.2.2_1,0.1463614981819514,0.7380630674491838
2022,09,LUX.2.3_1,0.14609824965761636,0.7307255861989597
2022,09,LUX.3.1_1,0.1465622179020211,0.7452278653656961
2022,09,LUX.3.2_1,0.19259196826481093,0.7255403960566273
2022,09,LUX.3.3_1,0.29971442051487357,0.7254981137060372
2022,09,LUX.3.4_1,0.1625000718935315,0.7132090105347119
2022,09,LVA.1.1_1,0,0
2022,09,LVA.1.2_1,0.050762923555824645,0.5728685837333573
2022,09,LVA.1.3_1,0,0
2022,09,LVA.1.4_1,0,0
2022,09,LVA.1.5_1,0,0
2022,09,LVA.2.1_1,0.05007170909482309,0.541591276000789
2022,09,LVA.2.2_1,0,0
2022,09,LVA.2.3_1,0,0
2022,09,LVA.2.4_1,0.051245559016022034,0.5975611951011743
2022,09,LVA.2.5_1,0,0
2022,09,LVA.2.6_1,0,0
2022,09,LVA.3.1_1,0.05105905831904872,0.5876841505540475
2022,09,LVA.3.2_1,0,0
2022,09,LVA.3.3_1,0,0
2022,09,LVA.3.4_1,0,0
2022,09,LVA.4.1_1,0.05139438278534668,0.6057920655571134
2022,09,LVA.4.2_1,0,0
2022,09,LVA.4.3_1,0,0
2022,09,LVA.4.4_1,0,0
2022,09,LVA.4.5_1,0.05096254363983413,0.5827456282804843
2022,09,LVA.4.6_1,0.0509298854493948,0.5810994541892964
2022,09,LVA.5.1_1,0,0
2022,09,LVA.5.2_1,0,0
2022,09,LVA.5.3_1,0,0
2022,09,LVA.5.4_1,0,0
2022,09,LVA.5.5_1,0,0
2022,09,MDA.10_1,0.049331351283146654,0.5119601423594082
2022,09,MDA.11_1,0.049331351283146654,0.5119601423594082
2022,09,MDA.12_1,0.04958761141743929,0.5218371869065354
2022,09,MDA.13_1,0.051153392764334,0.5926226728276109
2022,09,MDA.14_1,0.05105905831904872,0.5876841505540475
2022,09,MDA.15_1,0.05029982018457406,0.5514683205479157
2022,09,MDA.16_1,0.05139438278534668,0.6057920655571134
2022,09,MDA.17_1,0.050762923555824645,0.5728685837333573
2022,09,MDA.18_1,0.050863836315639406,0.5778071060069206
2022,09,MDA.19_1,0.04855223450099176,0.4839751828092157
2022,09,MDA.1_1,0.049331351283146654,0.5119601423594082
2022,09,MDA.20_1,0.050336948532639994,0.5531144946391037
2022,09,MDA.21_1,0.04883631133257644,0.49385222735634254
2022,09,MDA.22_1,0.04975315314244541,0.5284218832712866
2022,09,MDA.23_1,0.04915514837799019,0.505375445994657
2022,09,MDA.24_1,0.05022480277919351,0.5481759723655403
2022,09,MDA.25_1,0.05130580441344553,0.60085354328355
2022,09,MDA.26_1,0.0499936234487549,0.5382989278184133
2022,09,MDA.27_1,0.05055442861292879,0.5629915391862306
2022,09,MDA.28_1,0.050994958206177235,0.5843918023716719
2022,09,MDA.29_1,0.050373824059813575,0.5547606687302915
2022,09,MDA.2_1,0.051027129612704746,0.5860379764628597
2022,09,MDA.30_1,0.04975315314244541,0.5284218832712866
2022,09,MDA.31_1,0.051215077114292185,0.5959150210099866
2022,09,MDA.32_1,0,0
2022,09,MDA.33_1,0.05065979218091025,0.5679300614597937
2022,09,MDA.34_1,0.049331351283146654,0.5119601423594082
2022,09,MDA.35_1,0.05083044442018348,0.5761609319157328
2022,09,MDA.36_1,0.05044681886536148,0.558053016912667
2022,09,MDA.37_1,0.05058979867855348,0.5646377132774182
2022,09,MDA.3_1,0.05026243845534718,0.5498221464567279
2022,09,MDA.4_1,0.04983435043727783,0.5317142314536621
2022,09,MDA.5_1,0.051090744780229125,0.5893303246452352
2022,09,MDA.6_1,0.04840640370142203,0.4790366605356521
2022,09,MDA.7_1,0.0501103663280194,0.5432374500919769
2022,09,MDA.8_1,0.048357225993317474,0.47739048644446447
2022,09,MDA.9_1,0.04958761141743929,0.5218371869065354
2022,09,MKD.11_1,0,0
2022,09,MKD.13_1,0.051090744780229125,0.5893303246452352
2022,09,MKD.14_1,0,0
2022,09,MKD.15_1,0.049629391873039906,0.5234833609977231
2022,09,MKD.16_1,0.0509298854493948,0.5810994541892964
2022,09,MKD.17_1,0,0
2022,09,MKD.18_1,0,0
2022,09,MKD.19_1,0,0
2022,09,MKD.20_1,0.04840640370142203,0.4790366605356521
2022,09,MKD.21_1,0,0
2022,09,MKD.23_1,0.04928770524989073,0.5103139682682206
2022,09,MKD.24_1,0.05048293923721877,0.5596991910038548
2022,09,MKD.25_1,0.05022480277919351,0.5481759723655403
2022,09,MKD.26_1,0.05048293923721877,0.5596991910038548
2022,09,MKD.27_1,0,0
2022,09,MKD.28_1,0.04815765474113266,0.4708057900797132
2022,09,MKD.29_1,0.05164733356276828,0.6206076323778039
2022,09,MKD.2_1,0.04924378990322779,0.5086677941770327
2022,09,MKD.30_1,0,0
2022,09,MKD.31_1,0.0499145055350864,0.5350065796360376
2022,09,MKD.32_1,0.04742238019323161,0.4477593528030839
2022,09,MKD.33_1,0,0
2022,09,MKD.35_1,0,0
2022,09,MKD.36_1,0,0
2022,09,MKD.37_1,0,0
2022,09,MKD.38_1,0,0
2022,09,MKD.39_1,0,0
2022,09,MKD.3_1,0,0
2022,09,MKD.40_1,0,0
2022,09,MKD.41_1,0.04815765474113266,0.4708057900797132
2022,09,MKD.42_1,0.050373824059813575,0.5547606687302915
2022,09,MKD.43_1,0.0486480449226894,0.4872675309915913
2022,09,MKD.44_1,0,0
2022,09,MKD.45_1,0,0
2022,09,MKD.46_1,0,0
2022,09,MKD.47_1,0.05083044442018348,0.5761609319157328
2022,09,MKD.48_1,0,0
2022,09,MKD.49_1,0,0
2022,09,MKD.4_1,0,0
2022,09,MKD.50_1,0.048357225993317474,0.47739048644446447
2022,09,MKD.51_1,0.048357225993317474,0.47739048644446447
2022,09,MKD.52_1,0.04911042073590992,0.5037292719034694
2022,09,MKD.54_1,0,0
2022,09,MKD.55_1,0.04845529711698766,0.48068283462683986
2022,09,MKD.56_1,0,0
2022,09,MKD.57_1,0.04697578832403848,0.4345899600735814
2022,09,MKD.58_1,0,0
2022,09,MKD.59_1,0,0
2022,09,MKD.5_1,0.051027129612704746,0.5860379764628597
2022,09,MKD.60_1,0,0
2022,09,MKD.61_1,0.05105905831904872,0.5876841505540475
2022,09,MKD.62_1,0,0
2022,09,MKD.63_1,0.051215077114292185,0.5959150210099866
2022,09,MKD.64_1,0.05041044732091454,0.5564068428214793
2022,09,MKD.65_1,0.04888268381186759,0.4954984014475303
2022,09,MKD.66_1,0,0
2022,09,MKD.67_1,0.04805614037238394,0.46751344189733757
2022,09,MKD.68_1,0,0
2022,09,MKD.69_1,0.04747683236433654,0.44940552689427166
2022,09,MKD.6_1,0,0
2022,09,MKD.70_1,0.04937472871719465,0.5136063164505963
2022,09,MKD.72_1,0,0
2022,09,MKD.73_1,0,0
2022,09,MKD.74_1,0.05079680699627496,0.5745147578245451
2022,09,MKD.75_1,0,0
2022,09,MKD.76_1,0,0
2022,09,MKD.77_1,0.04897460136000213,0.498790749629906
2022,09,MKD.79_1,0,0
2022,09,MKD.7_1,0,0
2022,09,MKD.81_1,0,0
2022,09,MKD.83_1,0.04915514837799019,0.505375445994657
2022,09,MKD.84_1,0.05029982018457406,0.5514683205479157
2022,09,MKD.85_1,0,0
2022,09,MKD.8_1,0,0
2022,09,MKD.9_1,0.04946068061005626,0.5168986646329718
2022,09,MLT.1_1,0.05139438278534668,0.6057920655571134
2022,09,MLT.3.11_1,0.05096254363983413,0.5827456282804843
2022,09,MLT.3.3_1,0.05145224667665437,0.6090844137394891
2022,09,MLT.3.5_1,0.05044681886536148,0.558053016912667
2022,09,MLT.3.6_1,0.05062491969522196,0.566283887368606
2022,09,MLT.3.9_1,0.0509298854493948,0.5810994541892964
2022,09,MLT.4.10_1,0.050863836315639406,0.5778071060069206
2022,09,MLT.4.12_1,0.052119383337397754,0.6518849401103719
2022,09,MLT.4.2_1,0.05180541717899287,0.6304846769249306
2022,09,MLT.4.3_1,0.050896983165893,0.5794532800981085
2022,09,MLT.4.4_1,0.05022480277919351,0.5481759723655403
2022,09,MLT.4.5_1,0.050994958206177235,0.5843918023716719
2022,09,MLT.4.9_1,0.05172742377378348,0.6255461546513671
2022,09,MLT.4_1,0.05130580441344553,0.60085354328355
2022,09,MLT.5.14_1,0.05072879360586478,0.5712224096421694
2022,09,MLT.5.4_1,0.051620169189404624,0.6189614582866159
2022,09,MLT.5.9_1,0.05185625257290876,0.6337770251073064
2022,09,MLT.5_1,0.05130580441344553,0.60085354328355
2022,09,MNE.10_1,0,0
2022,09,MNE.11_1,0.051275801307834684,0.5992073691923622
2022,09,MNE.12_1,0.051027129612704746,0.5860379764628597
2022,09,MNE.13_1,0.05133556875223217,0.6024997173747378
2022,09,MNE.14_1,0.05153726798409996,0.6140229360130525
2022,09,MNE.15_1,0.051245559016022034,0.5975611951011743
2022,09,MNE.16_1,0.0509298854493948,0.5810994541892964
2022,09,MNE.17_1,0.05130580441344553,0.60085354328355
2022,09,MNE.18_1,0.050762923555824645,0.5728685837333573
2022,09,MNE.19_1,0,0
2022,09,MNE.1_1,0.05096254363983413,0.5827456282804843
2022,09,MNE.20_1,0.05048293923721877,0.5596991910038548
2022,09,MNE.21_1,0.051275801307834684,0.5992073691923622
2022,09,MNE.2_1,0.05022480277919351,0.5481759723655403
2022,09,MNE.3_1,0.051753654080563635,0.6271923287425549
2022,09,MNE.4_1,0.05190616298801224,0.6370693732896818
2022,09,MNE.5_1,0,0
2022,09,MNE.6_1,0.05164733356276828,0.6206076323778039
2022,09,MNE.7_1,0.05055442861292879,0.5629915391862306
2022,09,MNE.8_1,0.05145224667665437,0.6090844137394891
2022,09,MNE.9_1,0.051027129612704746,0.5860379764628597
2022,09,NLD.1.10_1,0.050373824059813575,0.5547606687302915
2022,09,NLD.1.11_1,0.05142343329702805,0.6074382396483012
2022,09,NLD.1.12_1,0.050863836315639406,0.5778071060069206
2022,09,NLD.1.1_1,0.051753654080563635,0.6271923287425549
2022,09,NLD.1.2_1,0.050896983165893,0.5794532800981085
2022,09,NLD.1.3_1,0.051090744780229125,0.5893303246452352
2022,09,NLD.1.4_1,0.051027129612704746,0.5860379764628597
2022,09,NLD.1.5_1,0.050994958206177235,0.5843918023716719
2022,09,NLD.1.6_1,0.05072879360586478,0.5712224096421694
2022,09,NLD.1.7_1,0.05079680699627496,0.5745147578245451
2022,09,NLD.1.8_1,0.05136509473926653,0.6041458914659256
2022,09,NLD.1.9_1,0.050896983165893,0.5794532800981085
2022,09,NLD.10.10_1,0.050373824059813575,0.5547606687302915
2022,09,NLD.10.11_1,0.05041044732091454,0.5564068428214793
2022,09,NLD.10.12_1,0.050518808975243044,0.5613453650950425
2022,09,NLD.10.13_1,0.051153392764334,0.5926226728276109
2022,09,NLD.10.14_1,0.05014876729526113,0.5448836241831645
2022,09,NLD.10.15_1,0.05048293923721877,0.5596991910038548
2022,09,NLD.10.16_1,0.05022480277919351,0.5481759723655403
2022,09,NLD.10.17_1,0.050896983165893,0.5794532800981085
2022,09,NLD.10.18_1,0.05112218944668981,0.5909764987364231
2022,09,NLD.10.19_1,0.05058979867855348,0.5646377132774182
2022,09,NLD.10.1_1,0.050762923555824645,0.5728685837333573
2022,09,NLD.10.20_1,0.05133556875223217,0.6024997173747378
2022,09,NLD.10.21_1,0.04979388238160787,0.5300680573624743
2022,09,NLD.10.22_1,0.0499936234487549,0.5382989278184133
2022,09,NLD.10.23_1,0.05065979218091025,0.5679300614597937
2022,09,NLD.10.24_1,0.051153392764334,0.5926226728276109
2022,09,NLD.10.25_1,0.05065979218091025,0.5679300614597937
2022,09,NLD.10.26_1,0.051275801307834684,0.5992073691923622
2022,09,NLD.10.3_1,0.051215077114292185,0.5959150210099866
2022,09,NLD.10.4_1,0.05105905831904872,0.5876841505540475
2022,09,NLD.10.5_2,0.05112218944668981,0.5909764987364231
2022,09,NLD.10.6_1,0.051153392764334,0.5926226728276109
2022,09,NLD.10.7_1,0.049712162077826534,0.5267757091800985
2022,09,NLD.10.8_1,0.04967090853953454,0.5251295350889109
2022,09,NLD.10.9_1,0.0499541938304174,0.5366527537272255
2022,09,NLD.11.12_1,0.05139438278534668,0.6057920655571134
2022,09,NLD.11.13_1,0.05197930009045992,0.642007895563245
2022,09,NLD.11.14_1,0.052119383337397754,0.6518849401103719
2022,09,NLD.11.16_1,0.05225126689181671,0.6617619846574989
2022,09,NLD.11.18_1,0.05164733356276828,0.6206076323778039
2022,09,NLD.11.21_1,0.05180541717899287,0.6304846769249306
2022,09,NLD.11.22_1,0.051153392764334,0.5926226728276109
2022,09,NLD.11.23_1,0.05185625257290876,0.6337770251073064
2022,09,NLD.11.24_1,0.05058979867855348,0.5646377132774182
2022,09,NLD.11.25_1,0.0515651367757645,0.6156691101042403
2022,09,NLD.11.26_1,0.05164733356276828,0.6206076323778039
2022,09,NLD.11.27_1,0.051245559016022034,0.5975611951011743
2022,09,NLD.11.28_1,0.05139438278534668,0.6057920655571134
2022,09,NLD.11.30_1,0.05205037072239026,0.6469464178368088
2022,09,NLD.11.31_1,0.05164733356276828,0.6206076323778039
2022,09,NLD.11.32_1,0.05136509473926653,0.6041458914659256
2022,09,NLD.11.33_1,0.0511843551745593,0.5942688469187988
2022,09,NLD.11.34_1,0.0509298854493948,0.5810994541892964
2022,09,NLD.11.35_1,0.05170096049116265,0.6238999805601794
2022,09,NLD.11.36_1,0.051480823322388014,0.6107305878306768
2022,09,NLD.11.37_1,0.052164252448364756,0.6551772882927477
2022,09,NLD.11.3_1,0.051153392764334,0.5926226728276109
2022,09,NLD.11.4_1,0.051027129612704746,0.5860379764628597
2022,09,NLD.11.6_1,0.05130580441344553,0.60085354328355
2022,09,NLD.11.7_1,0.05044681886536148,0.558053016912667
2022,09,NLD.11.8_1,0.05142343329702805,0.6074382396483012
2022,09,NLD.12.10_1,0.05237501269576768,0.6716390292046256
2022,09,NLD.12.11_1,0.051620169189404624,0.6189614582866159
2022,09,NLD.12.12_1,0.05159277038496681,0.6173152841954281
2022,09,NLD.12.13_1,0.052164252448364756,0.6551772882927477
2022,09,NLD.12.1_1,0.0519307721638707,0.6387155473808697
2022,09,NLD.12.2_1,0.052164252448364756,0.6551772882927477
2022,09,NLD.12.3_1,0.051275801307834684,0.5992073691923622
2022,09,NLD.12.4_1,0.0509298854493948,0.5810994541892964
2022,09,NLD.12.5_1,0.05218634610021234,0.6568234623839355
2022,09,NLD.12.6_1,0.05185625257290876,0.6337770251073064
2022,09,NLD.12.7_1,0.051245559016022034,0.5975611951011743
2022,09,NLD.12.8_1,0.05167426387476831,0.6222538064689916
2022,09,NLD.12.9_1,0.05130580441344553,0.60085354328355
2022,09,NLD.13.1_1,0.05145224667665437,0.6090844137394891
2022,09,NLD.14.100_1,0.050373824059813575,0.5547606687302915
2022,09,NLD.14.101_1,0.05069441664850874,0.5695762355509816
2022,09,NLD.14.102_1,0.05112218944668981,0.5909764987364231
2022,09,NLD.14.103_1,0.051153392764334,0.5926226728276109
2022,09,NLD.14.104_1,0.05167426387476831,0.6222538064689916
2022,09,NLD.14.17_1,0.05190616298801224,0.6370693732896818
2022,09,NLD.14.18_1,0.051090744780229125,0.5893303246452352
2022,09,NLD.14.1_1,0.05170096049116265,0.6238999805601794
2022,09,NLD.14.21_1,0.051753654080563635,0.6271923287425549
2022,09,NLD.14.23_1,0.051245559016022034,0.5975611951011743
2022,09,NLD.14.26_1,0.05167426387476831,0.6222538064689916
2022,09,NLD.14.27_1,0.05214193162471593,0.6535311142015597
2022,09,NLD.14.29_1,0.05190616298801224,0.6370693732896818
2022,09,NLD.14.2_1,0.052003219485475795,0.6436540696544331
2022,09,NLD.14.30_2,0.05112218944668981,0.5909764987364231
2022,09,NLD.14.31_1,0.051275801307834684,0.5992073691923622
2022,09,NLD.14.32_1,0.051779651765562734,0.6288385028337425
2022,09,NLD.14.34_2,0.05159277038496681,0.6173152841954281
2022,09,NLD.14.36_1,0.05172742377378348,0.6255461546513671
2022,09,NLD.14.38_1,0.05195515109003001,0.6403617214720574
2022,09,NLD.14.39_1,0.052119383337397754,0.6518849401103719
2022,09,NLD.14.40_1,0.050863836315639406,0.5778071060069206
2022,09,NLD.14.43_1,0.05139438278534668,0.6057920655571134
2022,09,NLD.14.45_1,0.05145224667665437,0.6090844137394891
2022,09,NLD.14.4_1,0.05133556875223217,0.6024997173747378
2022,09,NLD.14.53_2,0.051090744780229125,0.5893303246452352
2022,09,NLD.14.54_2,0.0509298854493948,0.5810994541892964
2022,09,NLD.14.56_1,0.05190616298801224,0.6370693732896818
2022,09,NLD.14.5_1,0.051480823322388014,0.6107305878306768
2022,09,NLD.14.60_1,0.051215077114292185,0.5959150210099866
2022,09,NLD.14.61_1,0.051275801307834684,0.5992073691923622
2022,09,NLD.14.63_1,0.05112218944668981,0.5909764987364231
2022,09,NLD.14.66_1,0.05164733356276828,0.6206076323778039
2022,09,NLD.14.67_2,0.051620169189404624,0.6189614582866159
2022,09,NLD.14.70_1,0.0511843551745593,0.5942688469187988
2022,09,NLD.14.73_1,0.05209660729105996,0.6502387660191843
2022,09,NLD.14.78_1,0.051830950667243955,0.6321308510161183
2022,09,NLD.14.7_2,0.051090744780229125,0.5893303246452352
2022,09,NLD.14.81_1,0.05153726798409996,0.6140229360130525
2022,09,NLD.14.82_1,0.051480823322388014,0.6107305878306768
2022,09,NLD.14.84_1,0.05159277038496681,0.6173152841954281
2022,09,NLD.14.86_1,0.051779651765562734,0.6288385028337425
2022,09,NLD.14.89_1,0.052119383337397754,0.6518849401103719
2022,09,NLD.14.8_1,0.05150916362824008,0.6123767619218646
2022,09,NLD.14.90_1,0.05112218944668981,0.5909764987364231
2022,09,NLD.14.91_1,0.05150916362824008,0.6123767619218646
2022,09,NLD.14.93_1,0.05139438278534668,0.6057920655571134
2022,09,NLD.14.94_1,0.05136509473926653,0.6041458914659256
2022,09,NLD.14.95_1,0.05130580441344553,0.60085354328355
2022,09,NLD.14.96_1,0.052354951020884596,0.669992855113438
2022,09,NLD.14.97_1,0.05205037072239026,0.6469464178368088
2022,09,NLD.14.98_1,0.05072879360586478,0.5712224096421694
2022,09,NLD.14.99_1,0.05139438278534668,0.6057920655571134
2022,09,NLD.2.1_1,0.05105905831904872,0.5876841505540475
2022,09,NLD.2.2_1,0.050336948532639994,0.5531144946391037
2022,09,NLD.2.3_1,0.05150916362824008,0.6123767619218646
2022,09,NLD.2.4_1,0.05180541717899287,0.6304846769249306
2022,09,NLD.2.6_1,0.05041044732091454,0.5564068428214793
2022,09,NLD.3.10_1,0.052026909591761206,0.6453002437456209
2022,09,NLD.3.11_2,0.050762923555824645,0.5728685837333573
2022,09,NLD.3.14_2,0.051027129612704746,0.5860379764628597
2022,09,NLD.3.1_1,0.05180541717899287,0.6304846769249306
2022,09,NLD.3.20_1,0.05130580441344553,0.60085354328355
2022,09,NLD.3.21_1,0.05069441664850874,0.5695762355509816
2022,09,NLD.3.24_1,0.050994958206177235,0.5843918023716719
2022,09,NLD.3.27_1,0.05069441664850874,0.5695762355509816
2022,09,NLD.3.29_1,0.051753654080563635,0.6271923287425549
2022,09,NLD.3.32_1,0.05205037072239026,0.6469464178368088
2022,09,NLD.3.33_1,0.05153726798409996,0.6140229360130525
2022,09,NLD.3.34_1,0.051245559016022034,0.5975611951011743
2022,09,NLD.3.35_1,0.05112218944668981,0.5909764987364231
2022,09,NLD.3.5_1,0.05069441664850874,0.5695762355509816
2022,09,NLD.4.10_1,0.05150916362824008,0.6123767619218646
2022,09,NLD.4.11_1,0.0515651367757645,0.6156691101042403
2022,09,NLD.4.14_1,0.05142343329702805,0.6074382396483012
2022,09,NLD.4.15_2,0.051090744780229125,0.5893303246452352
2022,09,NLD.4.16_1,0.05044681886536148,0.558053016912667
2022,09,NLD.4.17_1,0.051027129612704746,0.5860379764628597
2022,09,NLD.4.18_1,0.05058979867855348,0.5646377132774182
2022,09,NLD.4.20_1,0.05083044442018348,0.5761609319157328
2022,09,NLD.4.21_1,0.05083044442018348,0.5761609319157328
2022,09,NLD.4.22_1,0.050863836315639406,0.5778071060069206
2022,09,NLD.4.28_1,0.051090744780229125,0.5893303246452352
2022,09,NLD.4.29_1,0.05133556875223217,0.6024997173747378
2022,09,NLD.4.30_1,0.05058979867855348,0.5646377132774182
2022,09,NLD.4.32_1,0.05190616298801224,0.6370693732896818
2022,09,NLD.4.34_1,0.05209660729105996,0.6502387660191843
2022,09,NLD.4.37_1,0.05172742377378348,0.6255461546513671
2022,09,NLD.4.38_2,0.0511843551745593,0.5942688469187988
2022,09,NLD.4.39_1,0.051275801307834684,0.5992073691923622
2022,09,NLD.4.3_1,0.05139438278534668,0.6057920655571134
2022,09,NLD.4.43_1,0.05159277038496681,0.6173152841954281
2022,09,NLD.4.44_1,0.051027129612704746,0.5860379764628597
2022,09,NLD.4.45_1,0.05139438278534668,0.6057920655571134
2022,09,NLD.4.46_1,0.051245559016022034,0.5975611951011743
2022,09,NLD.4.47_1,0.05153726798409996,0.6140229360130525
2022,09,NLD.4.48_1,0.05142343329702805,0.6074382396483012
2022,09,NLD.4.49_1,0.05048293923721877,0.5596991910038548
2022,09,NLD.4.4_1,0.05096254363983413,0.5827456282804843
2022,09,NLD.4.50_1,0.05153726798409996,0.6140229360130525
2022,09,NLD.4.52_1,0.05096254363983413,0.5827456282804843
2022,09,NLD.4.54_1,0.05139438278534668,0.6057920655571134
2022,09,NLD.4.56_1,0.050994958206177235,0.5843918023716719
2022,09,NLD.4.58_1,0.05083044442018348,0.5761609319157328
2022,09,NLD.4.5_1,0.050863836315639406,0.5778071060069206
2022,09,NLD.4.60_1,0.051027129612704746,0.5860379764628597
2022,09,NLD.4.63_1,0.05225126689181671,0.6617619846574989
2022,09,NLD.4.64_1,0.051753654080563635,0.6271923287425549
2022,09,NLD.4.65_1,0.051753654080563635,0.6271923287425549
2022,09,NLD.4.66_1,0.05225126689181671,0.6617619846574989
2022,09,NLD.4.68_1,0.051620169189404624,0.6189614582866159
2022,09,NLD.4.70_2,0.0519307721638707,0.6387155473808697
2022,09,NLD.4.71_2,0.050373824059813575,0.5547606687302915
2022,09,NLD.4.72_1,0.051027129612704746,0.5860379764628597
2022,09,NLD.4.73_1,0.05172742377378348,0.6255461546513671
2022,09,NLD.4.74_1,0.0499936234487549,0.5382989278184133
2022,09,NLD.4.75_1,0.05065979218091025,0.5679300614597937
2022,09,NLD.4.76_1,0.0519307721638707,0.6387155473808697
2022,09,NLD.4.77_1,0.0515651367757645,0.6156691101042403
2022,09,NLD.4.78_1,0.050994958206177235,0.5843918023716719
2022,09,NLD.4.79_1,0.0519307721638707,0.6387155473808697
2022,09,NLD.4.7_1,0.052164252448364756,0.6551772882927477
2022,09,NLD.4.9_1,0.05069441664850874,0.5695762355509816
2022,09,NLD.5.15_1,0.052073603186849574,0.6485925919279967
2022,09,NLD.5.19_1,0.051480823322388014,0.6107305878306768
2022,09,NLD.5.21_1,0.05185625257290876,0.6337770251073064
2022,09,NLD.5.26_1,0.051830950667243955,0.6321308510161183
2022,09,NLD.5.27_1,0.05159277038496681,0.6173152841954281
2022,09,NLD.5.28_1,0.05164733356276828,0.6206076323778039
2022,09,NLD.5.29_1,0.052119383337397754,0.6518849401103719
2022,09,NLD.5.30_1,0.051090744780229125,0.5893303246452352
2022,09,NLD.5.31_1,0.050994958206177235,0.5843918023716719
2022,09,NLD.5.7_2,0.051090744780229125,0.5893303246452352
2022,09,NLD.6.1_1,0.05145224667665437,0.6090844137394891
2022,09,NLD.7.10_1,0.05180541717899287,0.6304846769249306
2022,09,NLD.7.13_1,0.05139438278534668,0.6057920655571134
2022,09,NLD.7.16_2,0.05065979218091025,0.5679300614597937
2022,09,NLD.7.18_1,0.051480823322388014,0.6107305878306768
2022,09,NLD.7.20_1,0.05197930009045992,0.642007895563245
2022,09,NLD.7.23_1,0.051027129612704746,0.5860379764628597
2022,09,NLD.7.26_1,0.05195515109003001,0.6403617214720574
2022,09,NLD.7.28_1,0.05170096049116265,0.6238999805601794
2022,09,NLD.7.29_1,0.05072879360586478,0.5712224096421694
2022,09,NLD.7.32_2,0.050994958206177235,0.5843918023716719
2022,09,NLD.7.33_2,0.05150916362824008,0.6123767619218646
2022,09,NLD.7.37_1,0.051090744780229125,0.5893303246452352
2022,09,NLD.7.38_1,0.05185625257290876,0.6337770251073064
2022,09,NLD.7.39_1,0.051480823322388014,0.6107305878306768
2022,09,NLD.7.3_1,0.051153392764334,0.5926226728276109
2022,09,NLD.7.42_1,0.05130580441344553,0.60085354328355
2022,09,NLD.7.43_1,0.0511843551745593,0.5942688469187988
2022,09,NLD.7.44_2,0.05083044442018348,0.5761609319157328
2022,09,NLD.7.45_1,0.05159277038496681,0.6173152841954281
2022,09,NLD.7.46_1,0.05145224667665437,0.6090844137394891
2022,09,NLD.7.47_1,0.05062491969522196,0.566283887368606
2022,09,NLD.7.48_1,0.05150916362824008,0.6123767619218646
2022,09,NLD.7.49_1,0.05072879360586478,0.5712224096421694
2022,09,NLD.7.4_1,0.05153726798409996,0.6140229360130525
2022,09,NLD.7.50_1,0.05048293923721877,0.5596991910038548
2022,09,NLD.7.51_1,0.05105905831904872,0.5876841505540475
2022,09,NLD.7.52_1,0.05083044442018348,0.5761609319157328
2022,09,NLD.7.5_1,0.051245559016022034,0.5975611951011743
2022,09,NLD.7.6_1,0.05150916362824008,0.6123767619218646
2022,09,NLD.7.7_1,0.0515651367757645,0.6156691101042403
2022,09,NLD.7.9_1,0.05150916362824008,0.6123767619218646
2022,09,NLD.8.10_1,0.0501103663280194,0.5432374500919769
2022,09,NLD.8.11_1,0.05145224667665437,0.6090844137394891
2022,09,NLD.8.12_1,0.050896983165893,0.5794532800981085
2022,09,NLD.8.13_1,0.05136509473926653,0.6041458914659256
2022,09,NLD.8.14_1,0.052026909591761206,0.6453002437456209
2022,09,NLD.8.15_1,0.051620169189404624,0.6189614582866159
2022,09,NLD.8.16_1,0.05170096049116265,0.6238999805601794
2022,09,NLD.8.17_1,0.05065979218091025,0.5679300614597937
2022,09,NLD.8.18_1,0.050863836315639406,0.5778071060069206
2022,09,NLD.8.19_1,0.05136509473926653,0.6041458914659256
2022,09,NLD.8.1_1,0.05072879360586478,0.5712224096421694
2022,09,NLD.8.20_1,0.05136509473926653,0.6041458914659256
2022,09,NLD.8.21_1,0.05225126689181671,0.6617619846574989
2022,09,NLD.8.22_1,0.05205037072239026,0.6469464178368088
2022,09,NLD.8.23_1,0.051480823322388014,0.6107305878306768
2022,09,NLD.8.25_1,0.051480823322388014,0.6107305878306768
2022,09,NLD.8.26_1,0.05130580441344553,0.60085354328355
2022,09,NLD.8.27_1,0.050863836315639406,0.5778071060069206
2022,09,NLD.8.28_1,0.05112218944668981,0.5909764987364231
2022,09,NLD.8.30_1,0.05022480277919351,0.5481759723655403
2022,09,NLD.8.31_1,0.05195515109003001,0.6403617214720574
2022,09,NLD.8.32_1,0.0509298854493948,0.5810994541892964
2022,09,NLD.8.33_1,0.051753654080563635,0.6271923287425549
2022,09,NLD.8.34_1,0.051027129612704746,0.5860379764628597
2022,09,NLD.8.35_1,0.05007170909482309,0.541591276000789
2022,09,NLD.8.36_1,0.05072879360586478,0.5712224096421694
2022,09,NLD.8.38_1,0.05136509473926653,0.6041458914659256
2022,09,NLD.8.3_1,0.051215077114292185,0.5959150210099866
2022,09,NLD.8.41_1,0.051830950667243955,0.6321308510161183
2022,09,NLD.8.42_1,0.0499936234487549,0.5382989278184133
2022,09,NLD.8.43_1,0.05133556875223217,0.6024997173747378
2022,09,NLD.8.44_1,0.050518808975243044,0.5613453650950425
2022,09,NLD.8.45_1,0.05197930009045992,0.642007895563245
2022,09,NLD.8.46_1,0.051245559016022034,0.5975611951011743
2022,09,NLD.8.47_2,0.051830950667243955,0.6321308510161183
2022,09,NLD.8.48_1,0.05062491969522196,0.566283887368606
2022,09,NLD.8.49_1,0.051090744780229125,0.5893303246452352
2022,09,NLD.8.4_1,0.05139438278534668,0.6057920655571134
2022,09,NLD.8.50_1,0.052293416756575395,0.6650543328398746
2022,09,NLD.8.52_1,0.051153392764334,0.5926226728276109
2022,09,NLD.8.54_1,0.05014876729526113,0.5448836241831645
2022,09,NLD.8.55_1,0.051027129612704746,0.5860379764628597
2022,09,NLD.8.56_1,0.05055442861292879,0.5629915391862306
2022,09,NLD.8.57_1,0.051153392764334,0.5926226728276109
2022,09,NLD.8.58_1,0.05195515109003001,0.6403617214720574
2022,09,NLD.8.59_1,0.051830950667243955,0.6321308510161183
2022,09,NLD.8.5_1,0.0519307721638707,0.6387155473808697
2022,09,NLD.8.60_1,0.05055442861292879,0.5629915391862306
2022,09,NLD.8.62_1,0.051090744780229125,0.5893303246452352
2022,09,NLD.8.63_2,0.05096254363983413,0.5827456282804843
2022,09,NLD.8.64_1,0.05130580441344553,0.60085354328355
2022,09,NLD.8.65_1,0.051027129612704746,0.5860379764628597
2022,09,NLD.8.67_1,0.051779651765562734,0.6288385028337425
2022,09,NLD.8.69_1,0.051620169189404624,0.6189614582866159
2022,09,NLD.8.6_1,0.05197930009045992,0.642007895563245
2022,09,NLD.8.70_1,0.05029982018457406,0.5514683205479157
2022,09,NLD.8.71_1,0.051027129612704746,0.5860379764628597
2022,09,NLD.8.72_1,0.050762923555824645,0.5728685837333573
2022,09,NLD.8.7_1,0.05170096049116265,0.6238999805601794
2022,09,NLD.8.8_1,0.05044681886536148,0.558053016912667
2022,09,NLD.8.9_1,0.05145224667665437,0.6090844137394891
2022,09,NLD.9.10_1,0.05225126689181671,0.6617619846574989
2022,09,NLD.9.11_1,0.05112218944668981,0.5909764987364231
2022,09,NLD.9.12_2,0.051480823322388014,0.6107305878306768
2022,09,NLD.9.14_1,0.051620169189404624,0.6189614582866159
2022,09,NLD.9.15_1,0.051753654080563635,0.6271923287425549
2022,09,NLD.9.16_1,0.051480823322388014,0.6107305878306768
2022,09,NLD.9.1_1,0.051275801307834684,0.5992073691923622
2022,09,NLD.9.21_1,0.051620169189404624,0.6189614582866159
2022,09,NLD.9.23_2,0.051753654080563635,0.6271923287425549
2022,09,NLD.9.25_1,0.05112218944668981,0.5909764987364231
2022,09,NLD.9.26_1,0.051215077114292185,0.5959150210099866
2022,09,NLD.9.27_1,0.051153392764334,0.5926226728276109
2022,09,NLD.9.28_1,0.05188132323480752,0.635423199198494
2022,09,NLD.9.29_1,0.05172742377378348,0.6255461546513671
2022,09,NLD.9.30_1,0.05069441664850874,0.5695762355509816
2022,09,NLD.9.31_1,0.05185625257290876,0.6337770251073064
2022,09,NLD.9.32_1,0.050896983165893,0.5794532800981085
2022,09,NLD.9.33_1,0.05065979218091025,0.5679300614597937
2022,09,NLD.9.34_1,0.05209660729105996,0.6502387660191843
2022,09,NLD.9.3_1,0.05218634610021234,0.6568234623839355
2022,09,NLD.9.41_1,0.052229853038685777,0.6601158105663112
2022,09,NLD.9.42_1,0.05142343329702805,0.6074382396483012
2022,09,NLD.9.43_1,0.051153392764334,0.5926226728276109
2022,09,NLD.9.44_1,0.05142343329702805,0.6074382396483012
2022,09,NLD.9.47_1,0.05133556875223217,0.6024997173747378
2022,09,NLD.9.48_1,0.05112218944668981,0.5909764987364231
2022,09,NLD.9.49_1,0.05150916362824008,0.6123767619218646
2022,09,NLD.9.4_1,0.05188132323480752,0.635423199198494
2022,09,NLD.9.50_1,0.05185625257290876,0.6337770251073064
2022,09,NLD.9.51_1,0.051090744780229125,0.5893303246452352
2022,09,NLD.9.53_1,0.050762923555824645,0.5728685837333573
2022,09,NLD.9.54_1,0.05188132323480752,0.635423199198494
2022,09,NLD.9.59_1,0.05153726798409996,0.6140229360130525
2022,09,NLD.9.61_1,0.05159277038496681,0.6173152841954281
2022,09,NLD.9.62_1,0.05153726798409996,0.6140229360130525
2022,09,NLD.9.63_1,0.05185625257290876,0.6337770251073064
2022,09,NLD.9.66_1,0.05170096049116265,0.6238999805601794
2022,09,NLD.9.67_1,0.051245559016022034,0.5975611951011743
2022,09,NLD.9.68_1,0.05136509473926653,0.6041458914659256
2022,09,NLD.9.69_1,0.051830950667243955,0.6321308510161183
2022,09,NLD.9.70_1,0.05069441664850874,0.5695762355509816
2022,09,NLD.9.71_1,0.05065979218091025,0.5679300614597937
2022,09,NLD.9.72_1,0.0511843551745593,0.5942688469187988
2022,09,NLD.9.73_1,0.05136509473926653,0.6041458914659256
2022,09,NLD.9.7_1,0.05105905831904872,0.5876841505540475
2022,09,NLD.9.9_1,0.05065979218091025,0.5679300614597937
2022,09,NOR.1.3_1,0.0522724547061954,0.6634081587486867
2022,09,NOR.10.17_1,0.05190616298801224,0.6370693732896818
2022,09,NOR.10.18_1,0.05133556875223217,0.6024997173747378
2022,09,NOR.11.19_1,0.05022480277919351,0.5481759723655403
2022,09,NOR.11.7_1,0.04967090853953454,0.5251295350889109
2022,09,NOR.14.13_1,0.050896983165893,0.5794532800981085
2022,09,NOR.14.21_1,0.052229853038685777,0.6601158105663112
2022,09,NOR.14.24_1,0.05007170909482309,0.541591276000789
2022,09,NOR.14.6_1,0.052026909591761206,0.6453002437456209
2022,09,NOR.15.13_1,0.04946068061005626,0.5168986646329718
2022,09,NOR.15.5_1,0.05233466464754377,0.6683466810222501
2022,09,NOR.17.17_1,0.05142343329702805,0.6074382396483012
2022,09,NOR.17.22_1,0.050896983165893,0.5794532800981085
2022,09,NOR.17.9_1,0.05079680699627496,0.5745147578245451
2022,09,NOR.2.10_1,0.051275801307834684,0.5992073691923622
2022,09,NOR.2.16_1,0.05159277038496681,0.6173152841954281
2022,09,NOR.2.1_1,0.05153726798409996,0.6140229360130525
2022,09,NOR.2.6_1,0.051090744780229125,0.5893303246452352
2022,09,NOR.5.13_1,0.05145224667665437,0.6090844137394891
2022,09,NOR.5.16_1,0.05164733356276828,0.6206076323778039
2022,09,NOR.5.17_1,0.0515651367757645,0.6156691101042403
2022,09,NOR.5.7_1,0.05209660729105996,0.6502387660191843
2022,09,NOR.5.8_1,0.050896983165893,0.5794532800981085
2022,09,NOR.6.10_1,0.05188132323480752,0.635423199198494
2022,09,NOR.6.20_1,0.05145224667665437,0.6090844137394891
2022,09,NOR.6.22_1,0.05214193162471593,0.6535311142015597
2022,09,NOR.6.3_1,0.051245559016022034,0.5975611951011743
2022,09,NOR.6.4_1,0.05195515109003001,0.6403617214720574
2022,09,NOR.6.8_1,0.05167426387476831,0.6222538064689916
2022,09,NOR.8.10_1,0.05190616298801224,0.6370693732896818
2022,09,NOR.8.11_1,0.05214193162471593,0.6535311142015597
2022,09,NOR.8.12_1,0.052208212868664734,0.6584696364751235
2022,09,NOR.8.13_1,0.05239484993030008,0.6732852032958137
2022,09,NOR.8.16_1,0.05164733356276828,0.6206076323778039
2022,09,NOR.8.17_1,0.050336948532639994,0.5531144946391037
2022,09,NOR.8.18_1,0.05041044732091454,0.5564068428214793
2022,09,NOR.8.19_1,0.052293416756575395,0.6650543328398746
2022,09,NOR.8.1_1,0.05205037072239026,0.6469464178368088
2022,09,NOR.8.20_1,0.05167426387476831,0.6222538064689916
2022,09,NOR.8.21_1,0.051245559016022034,0.5975611951011743
2022,09,NOR.8.22_1,0.05172742377378348,0.6255461546513671
2022,09,NOR.8.23_1,0.05239484993030008,0.6732852032958137
2022,09,NOR.8.25_1,0.05233466464754377,0.6683466810222501
2022,09,NOR.8.26_1,0.05167426387476831,0.6222538064689916
2022,09,NOR.8.27_1,0.052003219485475795,0.6436540696544331
2022,09,NOR.8.28_1,0.051090744780229125,0.5893303246452352
2022,09,NOR.8.30_1,0.050896983165893,0.5794532800981085
2022,09,NOR.8.31_1,0.051830950667243955,0.6321308510161183
2022,09,NOR.8.32_1,0.052681919904129036,0.6996239887548183
2022,09,NOR.8.33_1,0.05159277038496681,0.6173152841954281
2022,09,NOR.8.34_1,0.05197930009045992,0.642007895563245
2022,09,NOR.8.35_1,0.052433852094377696,0.6765775514781891
2022,09,NOR.8.36_1,0.0515651367757645,0.6156691101042403
2022,09,NOR.8.37_1,0.052509174133467396,0.6831622478429403
2022,09,NOR.8.38_1,0.05214193162471593,0.6535311142015597
2022,09,NOR.8.3_1,0.05233466464754377,0.6683466810222501
2022,09,NOR.8.4_1,0.052164252448364756,0.6551772882927477
2022,09,NOR.8.5_1,0.05237501269576768,0.6716390292046256
2022,09,NOR.8.6_1,0.0519307721638707,0.6387155473808697
2022,09,NOR.8.7_1,0.052414462979312786,0.6749313773870013
2022,09,NOR.8.9_1,0.05239484993030008,0.6732852032958137
2022,09,POL.1.11_1,0.07356465725830716,0.7049581887882894
2022,09,POL.1.13_1,0.05180541717899287,0.6304846769249306
2022,09,POL.1.15_1,0.08933365290463273,0.6947744172657428
2022,09,POL.1.16_1,0.1034176809967778,0.7152380963431186
2022,09,POL.1.17_1,0.14637263279036017,0.7383161318104972
2022,09,POL.1.19_1,0.11527675074555756,0.7102707848087891
2022,09,POL.1.20_1,0.11521668711872428,0.7092705666717932
2022,09,POL.1.21_1,0.0895063840154212,0.7013404335980872
2022,09,POL.1.22_1,0.12507417871590978,0.6801238235832513
2022,09,POL.1.24_1,0.08841081007261055,0.6610047008162012
2022,09,POL.1.25_1,0.05145224667665437,0.6090844137394891
2022,09,POL.1.26_1,0.15452804209987417,0.7209917746396198
2022,09,POL.1.27_1,0.0903978836185455,0.7432434467426895
2022,09,POL.1.28_1,0.10424497678157281,0.7504245523369675
2022,09,POL.1.2_1,0.07309421714330615,0.6788662917101466
2022,09,POL.1.4_1,0.05130580441344553,0.60085354328355
2022,09,POL.1.5_1,0.07311386954081392,0.6822515319300091
2022,09,POL.1.9_1,0.10483488444051284,0.7840216647230556
2022,09,POL.10.6_1,0.07197904609421157,0.6281208847043156
2022,09,POL.11.10_1,0.09003047333163292,0.7249656454163306
2022,09,POL.11.11_1,0.07233616988310311,0.6434633983271908
2022,09,POL.11.12_1,0.11522772658930178,0.7091264013942676
2022,09,POL.11.13_1,0.11489113863960386,0.6981066892578325
2022,09,POL.11.17_1,0.0511843551745593,0.5942688469187988
2022,09,POL.11.19_1,0.05072879360586478,0.5712224096421694
2022,09,POL.11.1_1,0.05133556875223217,0.6024997173747378
2022,09,POL.11.20_1,0.16389367129720528,0.7482965828071301
2022,09,POL.11.4_1,0.05167426387476831,0.6222538064689916
2022,09,POL.11.5_1,0.14430841762894447,0.6864048362107356
2022,09,POL.11.6_1,0.05190616298801224,0.6370693732896818
2022,09,POL.11.7_1,0.14607065082101595,0.7318070643495633
2022,09,POL.11.8_1,0.08934954286119838,0.7016397897251999
2022,09,POL.12.8_1,0.05112218944668981,0.5909764987364231
2022,09,POL.14.10_1,0.05142343329702805,0.6074382396483012
2022,09,POL.14.1_1,0.08750354502834619,0.6257630105957067
2022,09,POL.14.21_1,0.051090744780229125,0.5893303246452352
2022,09,POL.14.2_1,0.07280433256607541,0.6656753881873078
2022,09,POL.14.5_1,0.0879045206167859,0.6400924019239244
2022,09,POL.14.8_1,0.08944729925864603,0.6977060630240104
2022,09,POL.15.20_1,0.050896983165893,0.5794532800981085
2022,09,POL.15.21_1,0.05069441664850874,0.5695762355509816
2022,09,POL.15.26_1,0.08871498910236529,0.6679700920437618
2022,09,POL.15.9_1,0.05172742377378348,0.6255461546513671
2022,09,POL.16.12_1,0.05044681886536148,0.558053016912667
2022,09,POL.16.6_1,0.0721138244115203,0.6338926101321865
2022,09,POL.4.21_1,0,0
2022,09,POL.4.22_1,0.07213862453091573,0.47164498612216843
2022,09,POL.4.2_1,0.13450388347836117,0.6686876253957722
2022,09,POL.4.5_1,0,0
2022,09,POL.4.6_1,0,0
2022,09,POL.5.12_1,0.10254927694518985,0.6848263520274503
2022,09,POL.5.2_1,0.05079680699627496,0.5745147578245451
2022,09,POL.5.3_1,0.05096254363983413,0.5827456282804843
2022,09,POL.5.6_1,0.07178565986480202,0.6205474435048027
2022,09,POL.6.12_1,0.08832534421538507,0.6530366099978501
2022,09,POL.6.13_1,0.0902656825069624,0.7459119472857703
2022,09,POL.6.20_1,0.051620169189404624,0.6189614582866159
2022,09,POL.6.5_1,0.052026909591761206,0.6453002437456209
2022,09,POL.8.1_1,0.08966010083223987,0.7107309918923244
2022,09,POL.8.6_1,0.07327516136963753,0.6933666291935252
2022,09,POL.8.7_1,0.10446101073376589,0.7637483183077544
2022,09,POL.9.10_1,0.05188132323480752,0.635423199198494
2022,09,POL.9.12_1,0,0
2022,09,POL.9.16_1,0,0
2022,09,POL.9.1_1,0.052471959512757425,0.3127276447380703
2022,09,POL.9.21_1,0.052471959512757425,0.6798698996605649
2022,09,POL.9.4_1,0,0
2022,09,POL.9.5_1,0.051090744780229125,0.5893303246452352
2022,09,POL.9.8_1,0.07318862466540514,0.6848684014162494
2022,09,PRT.1.10_1,0.14820463224556085,0.8009042149732022
2022,09,PRT.1.11_1,0.10547975710995781,0.8232681656057368
2022,09,PRT.1.12_1,0.2288811912597496,0.8323743739247702
2022,09,PRT.1.13_1,0.1289989738387356,0.8273131694510966
2022,09,PRT.1.14_1,0.1484375990357906,0.8100210185482063
2022,09,PRT.1.15_1,0.29296674044394433,0.8482508002939353
2022,09,PRT.1.16_1,0.05274483117184427,0.7062086851195698
2022,09,PRT.1.17_1,0.15687666676238665,0.792769282760044
2022,09,PRT.1.18_1,0.17506798335476698,0.860121058755978
2022,09,PRT.1.19_1,0.1576965324364623,0.8237556334748867
2022,09,PRT.1.1_1,0.2350052295639697,0.8351326695948016
2022,09,PRT.1.2_1,0.14891098135722372,0.8340787318806366
2022,09,PRT.1.3_1,0.2024429975624607,0.7996501396180785
2022,09,PRT.1.4_1,0.23426892738292454,0.8166097448323286
2022,09,PRT.1.5_1,0.18985137528673462,0.8449211643622733
2022,09,PRT.1.6_1,0.15715911463755847,0.80324311729337
2022,09,PRT.1.7_1,0.1179649547194106,0.8320363586867219
2022,09,PRT.1.8_1,0.13903910661974225,0.8164374510048507
2022,09,PRT.1.9_1,0.10538253955674655,0.8188838044056133
2022,09,PRT.10.10_1,0.25296989285933724,0.5651121702175121
2022,09,PRT.10.11_1,0.3096377842953632,0.5795784975008959
2022,09,PRT.10.12_1,0.2743527925644828,0.692128952302725
2022,09,PRT.10.13_1,0.26491059762379643,0.5891306941969847
2022,09,PRT.10.14_1,0.2006351499487181,0.5615285736682416
2022,09,PRT.10.1_1,0.1786587560477716,0.6017979174177435
2022,09,PRT.10.2_1,0.2617210607777015,0.5611361144398036
2022,09,PRT.10.3_1,0.23368103894154524,0.6200414831390451
2022,09,PRT.10.4_1,0.19710081263729964,0.5249912127067492
2022,09,PRT.10.5_1,0.20045288203670958,0.6348945214546251
2022,09,PRT.10.6_1,0.23818653735138245,0.679128276822056
2022,09,PRT.10.7_1,0.36660252117794395,0.6040712025864141
2022,09,PRT.10.8_1,0.10055035016238702,0.6217342843115934
2022,09,PRT.10.9_1,0.19456331681928854,0.5599680821386015
2022,09,PRT.11.10_1,0.09160805878374344,0.8288268470609503
2022,09,PRT.11.11_1,0.09147735830012757,0.8235833323307264
2022,09,PRT.11.12_1,0.15885140591566582,0.8834900198807181
2022,09,PRT.11.13_1,0.08955750432128205,0.70774203001613
2022,09,PRT.11.14_1,0.07512474300178378,0.8481060323073729
2022,09,PRT.11.15_1,0.21661021733275812,0.8364804292700622
2022,09,PRT.11.16_1,0.18960232724003967,0.8427129634654855
2022,09,PRT.11.1_1,0.2237842435091992,0.8631873880133836
2022,09,PRT.11.2_1,0.13726143843683375,0.7462676306641003
2022,09,PRT.11.3_1,0.14779865977372775,0.7849641645158109
2022,09,PRT.11.4_1,0.10467502561612183,0.7722434060645855
2022,09,PRT.11.5_1,0.1180661444539329,0.8406363481282336
2022,09,PRT.11.6_1,0.211810146953855,0.8969245176838472
2022,09,PRT.11.7_1,0.0734581336138632,0.6980486077625988
2022,09,PRT.11.8_1,0.11675166782326397,0.7683901472081072
2022,09,PRT.11.9_1,0.28366673185915575,0.8592013475756783
2022,09,PRT.12.10_1,0.21811703166523888,0.8914730471102937
2022,09,PRT.12.11_1,0.139133826148407,0.8216732133575222
2022,09,PRT.12.12_1,0.16713971682910975,0.8698995062735291
2022,09,PRT.12.13_1,0.2365494918158509,0.8923055246333235
2022,09,PRT.12.14_1,0.09142836732146348,0.812132617546795
2022,09,PRT.12.15_1,0.23602816165952523,0.8732673574550338
2022,09,PRT.12.16_1,0.18036338236671903,0.7729342350024504
2022,09,PRT.12.1_1,0.2090965268319421,0.7987248058271964
2022,09,PRT.12.2_1,0.1743076174588886,0.8275627811773352
2022,09,PRT.12.3_1,0.10440233944641088,0.7611415706257528
2022,09,PRT.12.4_1,0.1557598731476127,0.7557402679970844
2022,09,PRT.12.5_1,0.1659466810806463,0.8168558929047104
2022,09,PRT.12.6_1,0.10565764051873518,0.8366185044276222
2022,09,PRT.12.7_1,0.38321874410880447,0.8534512036698755
2022,09,PRT.12.8_1,0.21647380155535817,0.8265647515662795
2022,09,PRT.12.9_1,0.17598585644200376,0.9135840547057694
2022,09,PRT.13.10_1,0.12777260149082467,0.7688811541112481
2022,09,PRT.13.11_1,0.09007858555130892,0.7269159238138151
2022,09,PRT.13.1_1,0.14788216291138326,0.7876476560692551
2022,09,PRT.13.2_1,0.11567163246739064,0.7249904284672347
2022,09,PRT.13.3_1,0.16420676056565442,0.7581234681213427
2022,09,PRT.13.4_1,0.11644504200981731,0.7555586623071268
2022,09,PRT.13.5_1,0.07342573649951299,0.6972985158038821
2022,09,PRT.13.6_1,0.10420051733423141,0.7483009166355667
2022,09,PRT.13.7_1,0.052003219485475795,0.6436540696544331
2022,09,PRT.13.8_1,0.10398006482599327,0.7409982881610171
2022,09,PRT.13.9_1,0.11632462573678436,0.7492235009126617
2022,09,PRT.14.10_1,0.09605377143980841,0.5174546613784284
2022,09,PRT.14.11_1,0.09680119305458044,0.532538326300343
2022,09,PRT.14.12_1,0.1554174572730181,0.5811694569516058
2022,09,PRT.14.13_1,0.13101522465961896,0.5935187143533575
2022,09,PRT.14.14_1,0.15323014124184622,0.5492369105842236
2022,09,PRT.14.15_1,0.0985681518748205,0.5708804046225312
2022,09,PRT.14.1_1,0.0979821265888821,0.5592516240390475
2022,09,PRT.14.2_1,0.08268129745731177,0.5013979308407605
2022,09,PRT.14.3_1,0.14013971163219627,0.5975645876782157
2022,09,PRT.14.4_1,0.0796609483043615,0.4417889424721039
2022,09,PRT.14.5_1,0.09831093212888684,0.5654510001979446
2022,09,PRT.14.6_1,0.12132611873032341,0.5911611912591301
2022,09,PRT.14.7_1,0.15850262814573682,0.5221241300102385
2022,09,PRT.14.8_1,0.08535091454574982,0.5642547332304311
2022,09,PRT.14.9_1,0.1110379727282069,0.5944856284086886
2022,09,PRT.15.10_1,0.25639557344955655,0.809586135396406
2022,09,PRT.15.11_1,0.3219477769106618,0.8020890910542464
2022,09,PRT.15.12_1,0.2041149172180967,0.8573981243780823
2022,09,PRT.15.13_1,0.1666030729080784,0.8429108151710253
2022,09,PRT.15.14_1,0.2573194995997828,0.833858359493456
2022,09,PRT.15.15_1,0.14950156997739672,0.864202762090684
2022,09,PRT.15.16_1,0.11787177187915641,0.830640963913765
2022,09,PRT.15.17_1,0.28994040696359175,0.9000755046134657
2022,09,PRT.15.18_1,0.2584982782187804,0.8675408401652778
2022,09,PRT.15.1_1,0.328298326830062,0.7700377203967258
2022,09,PRT.15.2_1,0.23194116762274253,0.7606192542191368
2022,09,PRT.15.3_1,0.29514075888787716,0.7952190383251521
2022,09,PRT.15.4_1,0.18270506335205638,0.8552383710702256
2022,09,PRT.15.5_1,0.26172615950021477,0.8117939827300257
2022,09,PRT.15.6_1,0.21747373736456854,0.8625309836815057
2022,09,PRT.15.7_1,0.29077746416547423,0.8008545801718909
2022,09,PRT.15.8_1,0.16677868452864503,0.8519369298627999
2022,09,PRT.15.9_1,0.20994012904542622,0.8234395408386549
2022,09,PRT.16.10_1,0.07257841404733147,0.6539062246794
2022,09,PRT.16.11_1,0.15475435191093412,0.7285001191981858
2022,09,PRT.16.12_1,0.07306966364205499,0.6816424710311492
2022,09,PRT.16.13_1,0.14294344271248738,0.6509369075656388
2022,09,PRT.16.14_1,0.22093169523516204,0.7810650171326626
2022,09,PRT.16.15_1,0.19525950134433256,0.7888667208281926
2022,09,PRT.16.16_1,0.12529132647286767,0.6882067509931888
2022,09,PRT.16.17_1,0.2744966055244374,0.767976188393294
2022,09,PRT.16.18_1,0.10136228225916084,0.6449054115848504
2022,09,PRT.16.19_1,0.2061907995659615,0.7312396976211812
2022,09,PRT.16.1_1,0.22006009448550304,0.6596840318591077
2022,09,PRT.16.20_1,0.21320032530947597,0.744328303484064
2022,09,PRT.16.21_1,0.11485445916388497,0.6962119912720109
2022,09,PRT.16.2_1,0.1643781613836604,0.7668857009045099
2022,09,PRT.16.3_1,0.1020025544059685,0.663806465613529
2022,09,PRT.16.4_1,0.05133556875223217,0.6024997173747378
2022,09,PRT.16.5_1,0.10277174878876125,0.6905319426377603
2022,09,PRT.16.6_1,0.1457971015107515,0.7249113085896296
2022,09,PRT.16.7_1,0.13458572002657926,0.6709000182587161
2022,09,PRT.16.8_1,0.08761541726913101,0.6289888501684219
2022,09,PRT.16.9_1,0.14372699120867088,0.6697690504982877
2022,09,PRT.17.10_1,0.12889799642870883,0.8217881063715133
2022,09,PRT.17.11_1,0.09088260029057416,0.7729481869717044
2022,09,PRT.17.12_1,0.13819681759777488,0.7815639619869759
2022,09,PRT.17.13_1,0.0746101150756425,0.7782991557454201
2022,09,PRT.17.1_1,0.12596703287685085,0.708881756510769
2022,09,PRT.17.2_1,0.09075911423455173,0.7671300189299941
2022,09,PRT.17.3_1,0.17440206711946707,0.8302397913576197
2022,09,PRT.17.4_1,0.14899454712345014,0.838684912203078
2022,09,PRT.17.5_1,0.11614591848279424,0.7480195509941034
2022,09,PRT.17.6_1,0.1270881310442204,0.742661754173689
2022,09,PRT.17.7_1,0.1456933065270569,0.7214220695288249
2022,09,PRT.17.8_1,0.11486785693386427,0.6977909694565363
2022,09,PRT.17.9_1,0.17244787094070962,0.7674123625022696
2022,09,PRT.18.10_1,0.20466535065522826,0.874588300080657
2022,09,PRT.18.1_1,0.3761258739072916,0.860646575725701
2022,09,PRT.18.2_1,0.2371006208310286,0.913816364563731
2022,09,PRT.18.3_1,0.22107247535997354,0.7825113924531448
2022,09,PRT.18.4_1,0.30302681480574534,0.867506904173421
2022,09,PRT.18.5_1,0.24219176494258515,0.8801186932908504
2022,09,PRT.18.6_1,0.26338995961546063,0.8579431335168699
2022,09,PRT.18.7_1,0.3768335496845481,0.8741880836920685
2022,09,PRT.18.8_1,0.21185981924059663,0.8976861956859923
2022,09,PRT.18.9_1,0.3226411587255943,0.9263082231688164
2022,09,PRT.19.10_1,0.19518119690443386,0.6508502210046093
2022,09,PRT.19.11_1,0.16094905214111255,0.6787316099595511
2022,09,PRT.19.12_1,0.14772598825560823,0.5843588492681083
2022,09,PRT.19.13_1,0.10062340170200945,0.6238118612837593
2022,09,PRT.19.14_1,0.27896291893708564,0.6897558896887676
2022,09,PRT.19.1_1,0.21901643466045448,0.6430048343653636
2022,09,PRT.19.3_1,0.15716229425684325,0.6074723968015711
2022,09,PRT.19.4_1,0.13612179803933463,0.711806003156437
2022,09,PRT.19.5_1,0.14653273007727202,0.7422127617622563
2022,09,PRT.19.6_1,0.17846747131948298,0.7307102434749911
2022,09,PRT.19.7_1,0.14946004865866258,0.6138201773941561
2022,09,PRT.19.8_1,0.17698702875444264,0.6956047662462921
2022,09,PRT.19.9_1,0.10300476644697094,0.6988571389867954
2022,09,PRT.2.10_1,0.24797511144486248,0.8844991899205018
2022,09,PRT.2.11_1,0.128830663570349,0.8180888912297708
2022,09,PRT.2.12_1,0.17499901045138624,0.8577850677791873
2022,09,PRT.2.13_1,0.19686390709666657,0.8446621453746829
2022,09,PRT.2.15_1,0.09140053819545428,0.8109293947179858
2022,09,PRT.2.16_1,0.11818464219543705,0.8551225006834255
2022,09,PRT.2.19_1,0.11734858058032044,0.7980012945533576
2022,09,PRT.2.1_1,0.18303825164830906,0.8728777145346132
2022,09,PRT.2.4_1,0.16717555638789497,0.8708749292125325
2022,09,PRT.2.5_1,0.10599274465790147,0.8636227859940048
2022,09,PRT.2.6_1,0.05280422634198436,0.712793381484321
2022,09,PRT.2.7_1,0.09201040263580604,0.8735911590822085
2022,09,PRT.2.8_1,0.12949084014835277,0.8597149785549799
2022,09,PRT.2.9_1,0.15773451763761623,0.8267870673671563
2022,09,PRT.20.10_1,0.18072121933217117,0.7842947187703715
2022,09,PRT.20.11_1,0.1827468616351621,0.6670941847273173
2022,09,PRT.20.12_1,0.14654834657637344,0.5646061008172919
2022,09,PRT.20.13_1,0.19998304089974953,0.7386417950628674
2022,09,PRT.20.14_1,0.15651031890819195,0.7820785348572669
2022,09,PRT.20.15_1,0.1859107874583516,0.6101444746110429
2022,09,PRT.20.16_1,0.22753501284359012,0.795236226027879
2022,09,PRT.20.17_1,0.17565713586377288,0.6704287482613059
2022,09,PRT.20.18_1,0.2051234428739025,0.6158984912596666
2022,09,PRT.20.19_1,0.2067550972696444,0.6369853834544978
2022,09,PRT.20.1_1,0.22197387114816083,0.6857028129709121
2022,09,PRT.20.20_1,0.16052854620485674,0.6690200819122373
2022,09,PRT.20.21_1,0.2638524560014881,0.7520486487589895
2022,09,PRT.20.22_1,0.13511319228688987,0.6845875477847622
2022,09,PRT.20.23_1,0.3014859490009533,0.7502778547810037
2022,09,PRT.20.24_1,0.17917174855841272,0.7429038617131025
2022,09,PRT.20.2_1,0.1374479328236896,0.7537707534231057
2022,09,PRT.20.3_1,0.24186204758257754,0.7378975477319591
2022,09,PRT.20.4_1,0.21385318209970802,0.7594319513624253
2022,09,PRT.20.5_1,0.249987789428825,0.695343306552069
2022,09,PRT.20.6_1,0.21535318256652458,0.6752307610426627
2022,09,PRT.20.7_1,0.22477507720614415,0.6454979030743309
2022,09,PRT.20.8_1,0.16495836653853138,0.7797908148326846
2022,09,PRT.20.9_1,0.15419261332732684,0.7114119793187643
2022,09,PRT.3.10_1,0.13626893634152684,0.5353369466884409
2022,09,PRT.3.11_1,0.2143931018967558,0.7748654435971563
2022,09,PRT.3.12_1,0.12503839733470176,0.6815066294875411
2022,09,PRT.3.13_1,0.12748660489348446,0.5332031947964652
2022,09,PRT.3.14_1,0.09886922414718306,0.5780171621439579
2022,09,PRT.3.1_1,0.11359836103305783,0.6609152075484542
2022,09,PRT.3.2_1,0.14292186999869863,0.6515343802129481
2022,09,PRT.3.3_1,0.07105201792188094,0.5929790788641722
2022,09,PRT.3.4_1,0.04686105188294068,0.43129761189120575
2022,09,PRT.3.5_1,0.20957655473560582,0.5975409203656868
2022,09,PRT.3.6_1,0.11227962558687461,0.6230171670156067
2022,09,PRT.3.7_1,0.10037648410660287,0.6164345919317852
2022,09,PRT.3.8_1,0.1231766733990675,0.63115512078105
2022,09,PRT.3.9_1,0.1470709850820643,0.5746908773372592
2022,09,PRT.4.10_1,0.21681729912510853,0.8376099098314236
2022,09,PRT.4.11_1,0.23997935850310273,0.8127327786729067
2022,09,PRT.4.12_1,0.36836595620519375,0.8525740744706142
2022,09,PRT.4.13_1,0.40167355368203694,0.8704983889747886
2022,09,PRT.4.14_1,0.1385598248441429,0.7944277076704819
2022,09,PRT.4.1_1,0.2580874908540347,0.855276857573055
2022,09,PRT.4.2_1,0.4983750100647619,0.885305782243053
2022,09,PRT.4.3_1,0.41146634511579705,0.8601397778719959
2022,09,PRT.4.4_1,0.21502467077352133,0.7883459778546442
2022,09,PRT.4.5_1,0.24396897966629627,0.7756267395523536
2022,09,PRT.4.6_1,0.1671155590090225,0.864933253923397
2022,09,PRT.4.7_1,0.31342126331098547,0.8018239898194427
2022,09,PRT.4.8_1,0.4391186354767794,0.8341056974218589
2022,09,PRT.4.9_1,0.2827000004955105,0.8334922808731068
2022,09,PRT.5.10_1,0.21358756245764957,0.577978705808521
2022,09,PRT.5.11_1,0.17786872785306349,0.5136041461331645
2022,09,PRT.5.12_1,0.2930015112505296,0.6075788096074995
2022,09,PRT.5.1_1,0.21626061420617756,0.5488219761148545
2022,09,PRT.5.2_1,0.3381756511810606,0.5516283743886445
2022,09,PRT.5.3_1,0.21359641556418743,0.5773957178935858
2022,09,PRT.5.4_1,0.11665824599909881,0.5094449222110464
2022,09,PRT.5.5_1,0.29663064548129214,0.54124725762406
2022,09,PRT.5.6_1,0.19537727699881047,0.5078873106958187
2022,09,PRT.5.7_1,0.2987376530059254,0.5864253399797003
2022,09,PRT.5.8_1,0.2517043032441583,0.517058064186647
2022,09,PRT.5.9_1,0.19821942560952557,0.5360493991359896
2022,09,PRT.6.10_1,0.0882318797480434,0.6496714414727094
2022,09,PRT.6.11_1,0.09995083620674816,0.6051547419941551
2022,09,PRT.6.1_1,0.11292613513370786,0.6423133249014065
2022,09,PRT.6.2_1,0.25030149470912927,0.6365502089241581
2022,09,PRT.6.3_1,0.28319986033604744,0.6867598525053321
2022,09,PRT.6.4_1,0.2808453695136538,0.6602244810677449
2022,09,PRT.6.5_1,0.1994391885125786,0.5487147137329856
2022,09,PRT.6.6_1,0.17769445730928077,0.7080481022267991
2022,09,PRT.6.7_1,0.1697321707128174,0.5753852018684683
2022,09,PRT.6.8_1,0.1238291150489753,0.6487556130262568
2022,09,PRT.6.9_1,0.19211171067511665,0.7156403052811027
2022,09,PRT.7.10_1,0.19629683446168705,0.8210355940078533
2022,09,PRT.7.11_1,0.23501383159371492,0.7155779689478647
2022,09,PRT.7.12_1,0.16348959693626613,0.7394769833842147
2022,09,PRT.7.13_1,0.1728565295917518,0.7784053264863247
2022,09,PRT.7.14_1,0.1282960399460952,0.7925233015833734
2022,09,PRT.7.15_1,0.18164825893906106,0.8145024483543118
2022,09,PRT.7.16_1,0.20102368251868677,0.7612979822886538
2022,09,PRT.7.17_1,0.1040063297750311,0.7399645584007508
2022,09,PRT.7.1_1,0.2196221437248678,0.752395587381969
2022,09,PRT.7.2_1,0.2284639289185443,0.81777270116434575
2022,09,PRT.7.3_1,0.29112157291831164,0.8078339807559588
2022,09,PRT.7.4_1,0.16546414118616065,0.7972425937678409
2022,09,PRT.7.5_1,0.21781331168418616,0.8750807736149022
2022,09,PRT.7.6_1,0.11671552439313608,0.7704828184623245
2022,09,PRT.7.7_1,0.12821514923635302,0.7883975621146144
2022,09,PRT.7.8_1,0.10605519443710391,0.8725127671425431
2022,09,PRT.7.9_1,0.11699135173176464,0.7791388224522955
2022,09,PRT.8.10_1,0.06898723197283749,0.5293143703951002
2022,09,PRT.8.11_1,0.10880121416212042,0.5478212728329865
2022,09,PRT.8.12_1,0.07314974290386272,0.6817567860384852
2022,09,PRT.8.13_1,0.08631227166399583,0.5898765981359106
2022,09,PRT.8.14_1,0.10846326902223352,0.5430942474791841
2022,09,PRT.8.1_1,0.11829774113436539,0.5350438443596803
2022,09,PRT.8.2_1,0.13130149297889118,0.5998421561215669
2022,09,PRT.8.3_1,0.0961461880148848,0.5195550555208197
2022,09,PRT.8.4_1,0.17479865320484766,0.5522811769805466
2022,09,PRT.8.5_1,0.21492791369039474,0.5932259374871928
2022,09,PRT.8.6_1,0.15941503733182172,0.6462931040349454
2022,09,PRT.8.7_1,0.10006229855689659,0.6075651862153719
2022,09,PRT.8.8_1,0.08208755766524845,0.48814552616237084
2022,09,PRT.8.9_1,0.1384060138883811,0.5683185185670172
2022,09,PRT.9.10_1,0.10382840653683736,0.7313370327270459
2022,09,PRT.9.11_1,0.0900010762844328,0.7253753908928451
2022,09,PRT.9.12_1,0.050373824059813575,0.5547606687302915
2022,09,PRT.9.13_1,0.1352585729600457,0.6869747889681358
2022,09,PRT.9.14_1,0.14993736089809365,0.6234570352987922
2022,09,PRT.9.15_1,0.11854181987149938,0.877234253362347
2022,09,PRT.9.16_1,0.08528861819481674,0.561174287879799
2022,09,PRT.9.1_1,0.08721910250403678,0.618152816787656
2022,09,PRT.9.2_1,0.11009931047278211,0.5742478804641182
2022,09,PRT.9.3_1,0.1052016001015217,0.8104698652669697
2022,09,PRT.9.4_1,0.098900119255109,0.5820945384712324
2022,09,PRT.9.5_1,0.12728190267515424,0.7557113214234195
2022,09,PRT.9.6_1,0.08954780258669656,0.701673946028516
2022,09,PRT.9.7_1,0.11798531511921462,0.8322881815043206
2022,09,PRT.9.8_1,0.16727773338342106,0.6510141318098417
2022,09,PRT.9.9_1,0.08941618633645201,0.7106176763297641
2022,09,ROU.1.10_1,0.052414462979312786,0.6749313773870013
2022,09,ROU.1.15_1,0.05233466464754377,0.6683466810222501
2022,09,ROU.1.32_1,0.0519307721638707,0.6387155473808697
2022,09,ROU.1.38_1,0.05167426387476831,0.6222538064689916
2022,09,ROU.1.44_1,0.05170096049116265,0.6238999805601794
2022,09,ROU.1.45_1,0.05185625257290876,0.6337770251073064
2022,09,ROU.1.46_1,0.05209660729105996,0.6502387660191843
2022,09,ROU.1.4_1,0.05237501269576768,0.6716390292046256
2022,09,ROU.1.51_1,0.051830950667243955,0.6321308510161183
2022,09,ROU.1.54_1,0.052293416756575395,0.6650543328398746
2022,09,ROU.1.6_1,0.05264914182234955,0.6963316405724429
2022,09,ROU.1.71_1,0.05233466464754377,0.6683466810222501
2022,09,ROU.10.1_1,0.04742238019323161,0.4477593528030839
2022,09,ROU.11.14_1,0.048357225993317474,0.47739048644446447
2022,09,ROU.11.16_1,0.04983435043727783,0.5317142314536621
2022,09,ROU.11.18_1,0.05072879360586478,0.5712224096421694
2022,09,ROU.11.1_1,0.04878966200280433,0.4922060532651547
2022,09,ROU.11.21_1,0.050336948532639994,0.5531144946391037
2022,09,ROU.11.23_1,0.04979388238160787,0.5300680573624743
2022,09,ROU.11.49_1,0.04800494781721671,0.46586726780614957
2022,09,ROU.11.68_1,0.048307763124437415,0.47574431235327663
2022,09,ROU.11.80_1,0.04697578832403848,0.4345899600735814
2022,09,ROU.12.12_1,0.04742238019323161,0.4477593528030839
2022,09,ROU.12.14_1,0,0
2022,09,ROU.12.18_1,0.047691638077689905,0.45599022325902294
2022,09,ROU.12.19_1,0.04800494781721671,0.46586726780614957
2022,09,ROU.12.21_1,0,0
2022,09,ROU.12.25_1,0.048307763124437415,0.47574431235327663
2022,09,ROU.12.2_1,0.04860028016372467,0.4856213569004033
2022,09,ROU.12.30_1,0,0
2022,09,ROU.12.32_1,0.0469185762059458,0.4329437859823936
2022,09,ROU.12.35_1,0,0
2022,09,ROU.12.39_1,0.0469185762059458,0.4329437859823936
2022,09,ROU.12.3_1,0.04742238019323161,0.4477593528030839
2022,09,ROU.12.43_1,0,0
2022,09,ROU.12.4_1,0.04736762566232069,0.44611317871189604
2022,09,ROU.12.5_1,0.04644954165728703,0.4197743932528911
2022,09,ROU.12.7_1,0.04825801421794077,0.4740981382620888
2022,09,ROU.12.8_1,0.04810704237324389,0.4691596159885254
2022,09,ROU.12.9_1,0,0
2022,09,ROU.14.10_1,0.05225126689181671,0.6617619846574989
2022,09,ROU.14.11_1,0.052354951020884596,0.669992855113438
2022,09,ROU.14.12_1,0.05197930009045992,0.642007895563245
2022,09,ROU.14.13_1,0.05272943346864888,0.704562511028382
2022,09,ROU.14.14_1,0.05258093251902634,0.6897469442076916
2022,09,ROU.14.15_1,0.052697978031837484,0.7012701628460062
2022,09,ROU.14.16_1,0.052509174133467396,0.6831622478429403
2022,09,ROU.14.17_1,0.052545497853442376,0.6864545960253161
2022,09,ROU.14.18_1,0.052433852094377696,0.6765775514781891
2022,09,ROU.14.19_1,0.052598317019690914,0.6913931182988795
2022,09,ROU.14.1_1,0.05281852714974558,0.7144395555755086
2022,09,ROU.14.20_1,0.05272943346864888,0.704562511028382
2022,09,ROU.14.21_1,0.05233466464754377,0.6683466810222501
2022,09,ROU.14.22_1,0.05225126689181671,0.6617619846574989
2022,09,ROU.14.23_1,0.052471959512757425,0.6798698996605649
2022,09,ROU.14.24_1,0.05261547992645943,0.6930392923900673
2022,09,ROU.14.25_1,0.05303867950671422,0.7440706892168895
2022,09,ROU.14.26_1,0.052471959512757425,0.6798698996605649
2022,09,ROU.14.27_1,0.052414462979312786,0.6749313773870013
2022,09,ROU.14.28_1,0.052208212868664734,0.6584696364751235
2022,09,ROU.14.29_1,0.052354951020884596,0.669992855113438
2022,09,ROU.14.2_1,0.05209660729105996,0.6502387660191843
2022,09,ROU.14.30_1,0.05264914182234955,0.6963316405724429
2022,09,ROU.14.31_1,0.052545497853442376,0.6864545960253161
2022,09,ROU.14.32_1,0.05277496751067167,0.7095010333019455
2022,09,ROU.14.33_1,0.05225126689181671,0.6617619846574989
2022,09,ROU.14.34_1,0.05264914182234955,0.6963316405724429
2022,09,ROU.14.35_1,0.05258093251902634,0.6897469442076916
2022,09,ROU.14.36_1,0.05185625257290876,0.6337770251073064
2022,09,ROU.14.37_1,0.052471959512757425,0.6798698996605649
2022,09,ROU.14.38_1,0.0522724547061954,0.6634081587486867
2022,09,ROU.14.39_1,0.052073603186849574,0.6485925919279967
2022,09,ROU.14.3_1,0.05263242145611054,0.694685466481255
2022,09,ROU.14.40_1,0.05277496751067167,0.7095010333019455
2022,09,ROU.14.41_1,0.052697978031837484,0.7012701628460062
2022,09,ROU.14.42_1,0.05190616298801224,0.6370693732896818
2022,09,ROU.14.43_1,0.05272943346864888,0.704562511028382
2022,09,ROU.14.44_1,0.052598317019690914,0.6913931182988795
2022,09,ROU.14.45_1,0.05277496751067167,0.7095010333019455
2022,09,ROU.14.46_1,0.052563326204599525,0.688100770116504
2022,09,ROU.14.47_1,0.05185625257290876,0.6337770251073064
2022,09,ROU.14.48_1,0.052545497853442376,0.6864545960253161
2022,09,ROU.14.49_1,0.05271381582049649,0.7029163369371942
2022,09,ROU.14.4_1,0.052433852094377696,0.6765775514781891
2022,09,ROU.14.50_1,0.052433852094377696,0.6765775514781891
2022,09,ROU.14.51_1,0.052598317019690914,0.6913931182988795
2022,09,ROU.14.52_1,0.05291251505114327,0.7259627742138234
2022,09,ROU.14.53_1,0.05272943346864888,0.704562511028382
2022,09,ROU.14.54_1,0.052208212868664734,0.6584696364751235
2022,09,ROU.14.55_1,0.05239484993030008,0.6732852032958137
2022,09,ROU.14.56_1,0.05264914182234955,0.6963316405724429
2022,09,ROU.14.57_1,0.05296143006254881,0.7325474705785747
2022,09,ROU.14.58_1,0.052314153314344615,0.6667005069310624
2022,09,ROU.14.59_1,0.052697978031837484,0.7012701628460062
2022,09,ROU.14.5_1,0.05271381582049649,0.7029163369371942
2022,09,ROU.14.60_1,0.05239484993030008,0.6732852032958137
2022,09,ROU.14.61_1,0.052119383337397754,0.6518849401103719
2022,09,ROU.14.62_1,0.052509174133467396,0.6831622478429403
2022,09,ROU.14.63_1,0.05266564123582235,0.6979778146636306
2022,09,ROU.14.64_1,0.052509174133467396,0.6831622478429403
2022,09,ROU.14.65_1,0.05292506992498258,0.7276089483050111
2022,09,ROU.14.66_1,0.052471959512757425,0.6798698996605649
2022,09,ROU.14.67_1,0.05284647243872508,0.7177319037578843
2022,09,ROU.14.68_1,0.05272943346864888,0.704562511028382
2022,09,ROU.14.69_1,0.05261547992645943,0.6930392923900673
2022,09,ROU.14.6_1,0.05225126689181671,0.6617619846574989
2022,09,ROU.14.70_1,0.05276000912265161,0.7078548592107574
2022,09,ROU.14.71_1,0.05266564123582235,0.6979778146636306
2022,09,ROU.14.72_1,0.052433852094377696,0.6765775514781891
2022,09,ROU.14.73_1,0.052545497853442376,0.6864545960253161
2022,09,ROU.14.74_1,0.05197930009045992,0.642007895563245
2022,09,ROU.14.75_1,0.052003219485475795,0.6436540696544331
2022,09,ROU.14.76_1,0.05274483117184427,0.7062086851195698
2022,09,ROU.14.77_1,0.05280422634198436,0.712793381484321
2022,09,ROU.14.78_1,0.052229853038685777,0.6601158105663112
2022,09,ROU.14.79_1,0.052073603186849574,0.6485925919279967
2022,09,ROU.14.7_1,0.052293416756575395,0.6650543328398746
2022,09,ROU.14.80_1,0.05249067830307118,0.6815160737517525
2022,09,ROU.14.8_1,0.052563326204599525,0.688100770116504
2022,09,ROU.14.9_1,0.05245301752382454,0.6782237255693768
2022,09,ROU.15.10_1,0.0501103663280194,0.5432374500919769
2022,09,ROU.15.11_1,0.04946068061005626,0.5168986646329718
2022,09,ROU.15.12_1,0.04954556650539373,0.5201910128153473
2022,09,ROU.15.13_1,0.049629391873039906,0.5234833609977231
2022,09,ROU.15.14_1,0.04975315314244541,0.5284218832712866
2022,09,ROU.15.15_1,0.0494178382593387,0.5152524905417839
2022,09,ROU.15.16_1,0.05079680699627496,0.5745147578245451
2022,09,ROU.15.17_1,0.05044681886536148,0.558053016912667
2022,09,ROU.15.18_1,0.05041044732091454,0.5564068428214793
2022,09,ROU.15.19_1,0.05026243845534718,0.5498221464567279
2022,09,ROU.15.1_1,0.050518808975243044,0.5613453650950425
2022,09,ROU.15.20_1,0.04967090853953454,0.5251295350889109
2022,09,ROU.15.21_1,0.05048293923721877,0.5596991910038548
2022,09,ROU.15.22_1,0.04919960452199401,0.5070216200858451
2022,09,ROU.15.23_1,0.04810704237324389,0.4691596159885254
2022,09,ROU.15.24_1,0.04954556650539373,0.5201910128153473
2022,09,ROU.15.25_1,0.04888268381186759,0.4954984014475303
2022,09,ROU.15.26_1,0.04790168731248706,0.46257491962377417
2022,09,ROU.15.27_1,0.047953463777201444,0.46422109371496195
2022,09,ROU.15.28_1,0.04878966200280433,0.4922060532651547
2022,09,ROU.15.29_1,0.04742238019323161,0.4477593528030839
2022,09,ROU.15.2_1,0.04911042073590992,0.5037292719034694
2022,09,ROU.15.30_1,0.04967090853953454,0.5251295350889109
2022,09,ROU.15.31_1,0.051275801307834684,0.5992073691923622
2022,09,ROU.15.32_1,0.04714556278384536,0.4395284823471448
2022,09,ROU.15.33_1,0.05014876729526113,0.5448836241831645
2022,09,ROU.15.34_1,0.050336948532639994,0.5531144946391037
2022,09,ROU.15.35_1,0.0499936234487549,0.5382989278184133
2022,09,ROU.15.36_1,0.049629391873039906,0.5234833609977231
2022,09,ROU.15.37_1,0.04924378990322779,0.5086677941770327
2022,09,ROU.15.38_1,0.050373824059813575,0.5547606687302915
2022,09,ROU.15.39_1,0.04911042073590992,0.5037292719034694
2022,09,ROU.15.3_1,0.050518808975243044,0.5613453650950425
2022,09,ROU.15.40_1,0.04967090853953454,0.5251295350889109
2022,09,ROU.15.41_1,0.05069441664850874,0.5695762355509816
2022,09,ROU.15.42_1,0.050518808975243044,0.5613453650950425
2022,09,ROU.15.43_1,0.049331351283146654,0.5119601423594082
2022,09,ROU.15.44_1,0.04779725330235869,0.45928257144139856
2022,09,ROU.15.45_1,0.04763838505823309,0.4543440491678351
2022,09,ROU.15.46_1,0.05026243845534718,0.5498221464567279
2022,09,ROU.15.47_1,0.04874273502767039,0.49055987917396693
2022,09,ROU.15.48_1,0.051275801307834684,0.5992073691923622
2022,09,ROU.15.49_1,0.04869552960448961,0.4889137050827789
2022,09,ROU.15.4_1,0.0499936234487549,0.5382989278184133
2022,09,ROU.15.50_1,0.04979388238160787,0.5300680573624743
2022,09,ROU.15.51_1,0.04902014798032067,0.5004369237210938
2022,09,ROU.15.52_1,0.05007170909482309,0.541591276000789
2022,09,ROU.15.53_1,0.04983435043727783,0.5317142314536621
2022,09,ROU.15.54_1,0.049331351283146654,0.5119601423594082
2022,09,ROU.15.55_1,0.04919960452199401,0.5070216200858451
2022,09,ROU.15.56_1,0.04911042073590992,0.5037292719034694
2022,09,ROU.15.58_1,0.050994958206177235,0.5843918023716719
2022,09,ROU.15.59_1,0.04924378990322779,0.5086677941770327
2022,09,ROU.15.5_1,0.04820797838828584,0.47245196417090085
2022,09,ROU.15.6_1,0.05136509473926653,0.6041458914659256
2022,09,ROU.15.7_1,0.04850390709974097,0.4823290087180277
2022,09,ROU.15.8_1,0.05029982018457406,0.5514683205479157
2022,09,ROU.15.9_1,0.05014876729526113,0.5448836241831645
2022,09,ROU.15_1,0.04825801421794077,0.4740981382620888
2022,09,ROU.17.18_1,0.04937472871719465,0.5136063164505963
2022,09,ROU.17.20_1,0.04924378990322779,0.5086677941770327
2022,09,ROU.17.22_1,0.049629391873039906,0.5234833609977231
2022,09,ROU.17.23_1,0.0499936234487549,0.5382989278184133
2022,09,ROU.17.39_1,0.05145224667665437,0.6090844137394891
2022,09,ROU.17.47_1,0.051830950667243955,0.6321308510161183
2022,09,ROU.17.50_1,0.04784961747380475,0.46092874553258634
2022,09,ROU.17.56_1,0.04874273502767039,0.49055987917396693
2022,09,ROU.17.57_1,0.05029982018457406,0.5514683205479157
2022,09,ROU.17.5_1,0.052164252448364756,0.6551772882927477
2022,09,ROU.17.64_1,0.04946068061005626,0.5168986646329718
2022,09,ROU.17.68_1,0.0499145055350864,0.5350065796360376
2022,09,ROU.17.75_1,0.05170096049116265,0.6238999805601794
2022,09,ROU.17.80_1,0.052229853038685777,0.6601158105663112
2022,09,ROU.17.9_1,0.04878966200280433,0.4922060532651547
2022,09,ROU.18.11_1,0,0
2022,09,ROU.18.19_1,0,0
2022,09,ROU.18.30_1,0,0
2022,09,ROU.18.34_1,0,0
2022,09,ROU.18.36_1,0,0
2022,09,ROU.18.50_1,0,0
2022,09,ROU.18.70_1,0,0
2022,09,ROU.18.73_1,0,0
2022,09,ROU.19.11_1,0.04897460136000213,0.498790749629906
2022,09,ROU.19.22_1,0.0477445938297152,0.4576363973502107
2022,09,ROU.19.23_1,0.04815765474113266,0.4708057900797132
2022,09,ROU.19.25_1,0.047201537359435664,0.44117465643833265
2022,09,ROU.19.32_1,0.04878966200280433,0.4922060532651547
2022,09,ROU.19.38_1,0.04820797838828584,0.47245196417090085
2022,09,ROU.19.49_1,0.04911042073590992,0.5037292719034694
2022,09,ROU.19.59_1,0.04919960452199401,0.5070216200858451
2022,09,ROU.2.20_1,0.05180541717899287,0.6304846769249306
2022,09,ROU.2.27_1,0.051830950667243955,0.6321308510161183
2022,09,ROU.2.34_1,0.05136509473926653,0.6041458914659256
2022,09,ROU.2.37_1,0.0522724547061954,0.6634081587486867
2022,09,ROU.2.40_1,0.05195515109003001,0.6403617214720574
2022,09,ROU.2.44_1,0.05180541717899287,0.6304846769249306
2022,09,ROU.2.45_1,0.05170096049116265,0.6238999805601794
2022,09,ROU.2.47_1,0.05233466464754377,0.6683466810222501
2022,09,ROU.2.74_1,0.05133556875223217,0.6024997173747378
2022,09,ROU.20.10_1,0.04845529711698766,0.48068283462683986
2022,09,ROU.20.11_1,0.0486480449226894,0.4872675309915913
2022,09,ROU.20.12_1,0.04906542085326684,0.5020830978122814
2022,09,ROU.20.13_1,0.04878966200280433,0.4922060532651547
2022,09,ROU.20.14_1,0.04924378990322779,0.5086677941770327
2022,09,ROU.20.15_1,0.04753098321479855,0.4510517009854595
2022,09,ROU.20.16_1,0.04820797838828584,0.47245196417090085
2022,09,ROU.20.17_1,0.04810704237324389,0.4691596159885254
2022,09,ROU.20.18_1,0.04874273502767039,0.49055987917396693
2022,09,ROU.20.19_1,0.04840640370142203,0.4790366605356521
2022,09,ROU.20.1_1,0.04897460136000213,0.498790749629906
2022,09,ROU.20.20_1,0.048357225993317474,0.47739048644446447
2022,09,ROU.20.21_1,0.04815765474113266,0.4708057900797132
2022,09,ROU.20.22_1,0.04763838505823309,0.4543440491678351
2022,09,ROU.20.23_1,0.047953463777201444,0.46422109371496195
2022,09,ROU.20.24_1,0.04784961747380475,0.46092874553258634
2022,09,ROU.20.25_1,0.04855223450099176,0.4839751828092157
2022,09,ROU.20.26_1,0.04810704237324389,0.4691596159885254
2022,09,ROU.20.27_1,0.0477445938297152,0.4576363973502107
2022,09,ROU.20.28_1,0.0501103663280194,0.5432374500919769
2022,09,ROU.20.29_1,0.047691638077689905,0.45599022325902294
2022,09,ROU.20.2_1,0.04742238019323161,0.4477593528030839
2022,09,ROU.20.30_1,0.04902014798032067,0.5004369237210938
2022,09,ROU.20.31_1,0.04790168731248706,0.46257491962377417
2022,09,ROU.20.32_1,0.04888268381186759,0.4954984014475303
2022,09,ROU.20.33_1,0.04937472871719465,0.5136063164505963
2022,09,ROU.20.34_1,0.04742238019323161,0.4477593528030839
2022,09,ROU.20.35_1,0.04810704237324389,0.4691596159885254
2022,09,ROU.20.36_1,0.049331351283146654,0.5119601423594082
2022,09,ROU.20.37_1,0.04911042073590992,0.5037292719034694
2022,09,ROU.20.38_1,0.04878966200280433,0.4922060532651547
2022,09,ROU.20.39_1,0.04874273502767039,0.49055987917396693
2022,09,ROU.20.3_1,0.050373824059813575,0.5547606687302915
2022,09,ROU.20.40_1,0.04855223450099176,0.4839751828092157
2022,09,ROU.20.41_1,0.047691638077689905,0.45599022325902294
2022,09,ROU.20.42_1,0.04758483377331325,0.45269787507664727
2022,09,ROU.20.43_1,0.04747683236433654,0.44940552689427166
2022,09,ROU.20.44_1,0.04840640370142203,0.4790366605356521
2022,09,ROU.20.45_1,0.0494178382593387,0.5152524905417839
2022,09,ROU.20.46_1,0.04845529711698766,0.48068283462683986
2022,09,ROU.20.47_1,0.0494178382593387,0.5152524905417839
2022,09,ROU.20.48_1,0.04915514837799019,0.505375445994657
2022,09,ROU.20.49_1,0.04731256772184658,0.44446700462070826
2022,09,ROU.20.4_1,0.04883631133257644,0.49385222735634254
2022,09,ROU.20.5_1,0.04928770524989073,0.5103139682682206
2022,09,ROU.20.6_1,0.04902014798032067,0.5004369237210938
2022,09,ROU.20.7_1,0.05029982018457406,0.5514683205479157
2022,09,ROU.20.8_1,0.04874273502767039,0.49055987917396693
2022,09,ROU.20.9_1,0.04888268381186759,0.4954984014475303
2022,09,ROU.24.27_1,0.04983435043727783,0.5317142314536621
2022,09,ROU.24.28_1,0.05044681886536148,0.558053016912667
2022,09,ROU.24.31_1,0.050373824059813575,0.5547606687302915
2022,09,ROU.24.59_1,0.050994958206177235,0.5843918023716719
2022,09,ROU.24.60_1,0.05136509473926653,0.6041458914659256
2022,09,ROU.24.7_1,0.051153392764334,0.5926226728276109
2022,09,ROU.24.82_1,0.051153392764334,0.5926226728276109
2022,09,ROU.24.83_1,0.05026243845534718,0.5498221464567279
2022,09,ROU.24.86_1,0.051090744780229125,0.5893303246452352
2022,09,ROU.24.8_1,0.05145224667665437,0.6090844137394891
2022,09,ROU.25.10_1,0.04878966200280433,0.4922060532651547
2022,09,ROU.25.11_1,0.04736762566232069,0.44611317871189604
2022,09,ROU.25.22_1,0.048307763124437415,0.47574431235327663
2022,09,ROU.25.24_1,0.04906542085326684,0.5020830978122814
2022,09,ROU.25.28_1,0.04902014798032067,0.5004369237210938
2022,09,ROU.25.45_1,0.047691638077689905,0.45599022325902294
2022,09,ROU.25.47_1,0.048928780227836775,0.49714457553871816
2022,09,ROU.26.10_1,0.0486480449226894,0.4872675309915913
2022,09,ROU.26.11_1,0.04850390709974097,0.4823290087180277
2022,09,ROU.26.12_1,0.04919960452199401,0.5070216200858451
2022,09,ROU.26.13_1,0.047201537359435664,0.44117465643833265
2022,09,ROU.26.14_1,0.04784961747380475,0.46092874553258634
2022,09,ROU.26.15_1,0.0486480449226894,0.4872675309915913
2022,09,ROU.26.16_1,0.04763838505823309,0.4543440491678351
2022,09,ROU.26.17_1,0.048928780227836775,0.49714457553871816
2022,09,ROU.26.18_1,0.04888268381186759,0.4954984014475303
2022,09,ROU.26.19_1,0.04937472871719465,0.5136063164505963
2022,09,ROU.26.1_1,0.047257205311329396,0.4428208305295204
2022,09,ROU.26.20_1,0.0486480449226894,0.4872675309915913
2022,09,ROU.26.21_1,0.04800494781721671,0.46586726780614957
2022,09,ROU.26.22_1,0.0494178382593387,0.5152524905417839
2022,09,ROU.26.23_1,0.04869552960448961,0.4889137050827789
2022,09,ROU.26.24_1,0.04850390709974097,0.4823290087180277
2022,09,ROU.26.25_1,0.04967090853953454,0.5251295350889109
2022,09,ROU.26.26_1,0.04878966200280433,0.4922060532651547
2022,09,ROU.26.27_1,0.04860028016372467,0.4856213569004033
2022,09,ROU.26.28_1,0.04840640370142203,0.4790366605356521
2022,09,ROU.26.29_1,0.04874273502767039,0.49055987917396693
2022,09,ROU.26.2_1,0.04820797838828584,0.47245196417090085
2022,09,ROU.26.30_1,0.04888268381186759,0.4954984014475303
2022,09,ROU.26.31_1,0.047953463777201444,0.46422109371496195
2022,09,ROU.26.32_1,0.04736762566232069,0.44611317871189604
2022,09,ROU.26.33_1,0.04815765474113266,0.4708057900797132
2022,09,ROU.26.34_1,0.047257205311329396,0.4428208305295204
2022,09,ROU.26.35_1,0.04800494781721671,0.46586726780614957
2022,09,ROU.26.36_1,0.04840640370142203,0.4790366605356521
2022,09,ROU.26.37_1,0.04888268381186759,0.4954984014475303
2022,09,ROU.26.38_1,0.04820797838828584,0.47245196417090085
2022,09,ROU.26.39_1,0.04897460136000213,0.498790749629906
2022,09,ROU.26.3_1,0.0486480449226894,0.4872675309915913
2022,09,ROU.26.4_1,0.04915514837799019,0.505375445994657
2022,09,ROU.26.5_1,0.04906542085326684,0.5020830978122814
2022,09,ROU.26.6_1,0.04790168731248706,0.46257491962377417
2022,09,ROU.26.7_1,0.04758483377331325,0.45269787507664727
2022,09,ROU.26.8_1,0.046686594112749925,0.42635908961764235
2022,09,ROU.26.9_1,0.04874273502767039,0.49055987917396693
2022,09,ROU.27.11_1,0,0
2022,09,ROU.27.12_1,0,0
2022,09,ROU.27.15_1,0,0
2022,09,ROU.27.19_1,0,0
2022,09,ROU.27.24_1,0.052164252448364756,0.6551772882927477
2022,09,ROU.27.40_1,0,0
2022,09,ROU.27.43_1,0,0
2022,09,ROU.27.44_1,0,0
2022,09,ROU.27.54_1,0,0
2022,09,ROU.27.69_1,0,0
2022,09,ROU.28.24_1,0,0
2022,09,ROU.28.48_1,0,0
2022,09,ROU.28.52_1,0,0
2022,09,ROU.29.19_1,0.05185625257290876,0.6337770251073064
2022,09,ROU.29.75_1,0.052293416756575395,0.6650543328398746
2022,09,ROU.29.89_1,0.051480823322388014,0.6107305878306768
2022,09,ROU.3.55_1,0.05044681886536148,0.558053016912667
2022,09,ROU.3.67_1,0.04954556650539373,0.5201910128153473
2022,09,ROU.31.17_1,0,0
2022,09,ROU.31.34_1,0.048357225993317474,0.47739048644446447
2022,09,ROU.31.35_1,0.04902014798032067,0.5004369237210938
2022,09,ROU.31.38_1,0,0
2022,09,ROU.31.39_1,0,0
2022,09,ROU.31.42_1,0.04979388238160787,0.5300680573624743
2022,09,ROU.31.46_1,0.05029982018457406,0.5514683205479157
2022,09,ROU.31.54_1,0,0
2022,09,ROU.31.66_1,0.04983435043727783,0.5317142314536621
2022,09,ROU.31.75_1,0.05096254363983413,0.5827456282804843
2022,09,ROU.31.83_1,0.05022480277919351,0.5481759723655403
2022,09,ROU.31.86_1,0.04954556650539373,0.5201910128153473
2022,09,ROU.31.92_1,0.0501869125848009,0.5465297982743524
2022,09,ROU.32.100_1,0.05172742377378348,0.6255461546513671
2022,09,ROU.32.10_1,0.04850390709974097,0.4823290087180277
2022,09,ROU.32.11_1,0.051027129612704746,0.5860379764628597
2022,09,ROU.32.12_1,0.05048293923721877,0.5596991910038548
2022,09,ROU.32.13_1,0.04736762566232069,0.44611317871189604
2022,09,ROU.32.14_1,0.04845529711698766,0.48068283462683986
2022,09,ROU.32.15_1,0.052293416756575395,0.6650543328398746
2022,09,ROU.32.16_1,0.04979388238160787,0.5300680573624743
2022,09,ROU.32.17_1,0.04897460136000213,0.498790749629906
2022,09,ROU.32.18_1,0.05048293923721877,0.5596991910038548
2022,09,ROU.32.19_1,0.04967090853953454,0.5251295350889109
2022,09,ROU.32.1_1,0.05214193162471593,0.6535311142015597
2022,09,ROU.32.20_1,0.05195515109003001,0.6403617214720574
2022,09,ROU.32.21_1,0.051779651765562734,0.6288385028337425
2022,09,ROU.32.22_1,0.04915514837799019,0.505375445994657
2022,09,ROU.32.23_1,0.05172742377378348,0.6255461546513671
2022,09,ROU.32.24_1,0.04967090853953454,0.5251295350889109
2022,09,ROU.32.25_1,0.051027129612704746,0.5860379764628597
2022,09,ROU.32.26_1,0.04915514837799019,0.505375445994657
2022,09,ROU.32.27_1,0.04878966200280433,0.4922060532651547
2022,09,ROU.32.28_1,0.05188132323480752,0.635423199198494
2022,09,ROU.32.29_1,0.05041044732091454,0.5564068428214793
2022,09,ROU.32.2_1,0.04950325646306588,0.5185448387241597
2022,09,ROU.32.30_1,0.04810704237324389,0.4691596159885254
2022,09,ROU.32.31_1,0.0509298854493948,0.5810994541892964
2022,09,ROU.32.32_1,0.04924378990322779,0.5086677941770327
2022,09,ROU.32.33_1,0.052471959512757425,0.6798698996605649
2022,09,ROU.32.34_1,0.05205037072239026,0.6469464178368088
2022,09,ROU.32.35_1,0.05164733356276828,0.6206076323778039
2022,09,ROU.32.36_1,0.04883631133257644,0.49385222735634254
2022,09,ROU.32.37_1,0.050896983165893,0.5794532800981085
2022,09,ROU.32.38_1,0.04897460136000213,0.498790749629906
2022,09,ROU.32.39_1,0.050762923555824645,0.5728685837333573
2022,09,ROU.32.3_1,0.05195515109003001,0.6403617214720574
2022,09,ROU.32.40_1,0.04958761141743929,0.5218371869065354
2022,09,ROU.32.41_1,0.05133556875223217,0.6024997173747378
2022,09,ROU.32.42_1,0.05022480277919351,0.5481759723655403
2022,09,ROU.32.43_1,0.05069441664850874,0.5695762355509816
2022,09,ROU.32.44_1,0.04946068061005626,0.5168986646329718
2022,09,ROU.32.45_1,0.04954556650539373,0.5201910128153473
2022,09,ROU.32.46_1,0.04902014798032067,0.5004369237210938
2022,09,ROU.32.47_1,0.04906542085326684,0.5020830978122814
2022,09,ROU.32.48_1,0.051027129612704746,0.5860379764628597
2022,09,ROU.32.49_1,0.0486480449226894,0.4872675309915913
2022,09,ROU.32.4_1,0.05041044732091454,0.5564068428214793
2022,09,ROU.32.50_1,0.05065979218091025,0.5679300614597937
2022,09,ROU.32.51_1,0.04967090853953454,0.5251295350889109
2022,09,ROU.32.52_1,0.05185625257290876,0.6337770251073064
2022,09,ROU.32.53_1,0.04883631133257644,0.49385222735634254
2022,09,ROU.32.54_1,0.04883631133257644,0.49385222735634254
2022,09,ROU.32.55_1,0.0501869125848009,0.5465297982743524
2022,09,ROU.32.56_1,0.05048293923721877,0.5596991910038548
2022,09,ROU.32.57_1,0.05209660729105996,0.6502387660191843
2022,09,ROU.32.58_1,0.05185625257290876,0.6337770251073064
2022,09,ROU.32.59_1,0.04958761141743929,0.5218371869065354
2022,09,ROU.32.5_1,0.05014876729526113,0.5448836241831645
2022,09,ROU.32.60_1,0.0499145055350864,0.5350065796360376
2022,09,ROU.32.61_1,0.0501103663280194,0.5432374500919769
2022,09,ROU.32.62_1,0.04987455794522565,0.5333604055448498
2022,09,ROU.32.63_1,0.04924378990322779,0.5086677941770327
2022,09,ROU.32.64_1,0.05007170909482309,0.541591276000789
2022,09,ROU.32.65_1,0.04924378990322779,0.5086677941770327
2022,09,ROU.32.66_1,0.0499541938304174,0.5366527537272255
2022,09,ROU.32.67_1,0.051480823322388014,0.6107305878306768
2022,09,ROU.32.68_1,0.04883631133257644,0.49385222735634254
2022,09,ROU.32.69_1,0.05079680699627496,0.5745147578245451
2022,09,ROU.32.6_1,0.0511843551745593,0.5942688469187988
2022,09,ROU.32.70_1,0.05041044732091454,0.5564068428214793
2022,09,ROU.32.71_1,0.051830950667243955,0.6321308510161183
2022,09,ROU.32.72_1,0.0515651367757645,0.6156691101042403
2022,09,ROU.32.73_1,0.04860028016372467,0.4856213569004033
2022,09,ROU.32.74_1,0.04979388238160787,0.5300680573624743
2022,09,ROU.32.75_1,0.049629391873039906,0.5234833609977231
2022,09,ROU.32.76_1,0.04810704237324389,0.4691596159885254
2022,09,ROU.32.77_1,0.049629391873039906,0.5234833609977231
2022,09,ROU.32.78_1,0.05112218944668981,0.5909764987364231
2022,09,ROU.32.79_1,0.05225126689181671,0.6617619846574989
2022,09,ROU.32.7_1,0.05245301752382454,0.6782237255693768
2022,09,ROU.32.80_1,0.05167426387476831,0.6222538064689916
2022,09,ROU.32.81_1,0.04883631133257644,0.49385222735634254
2022,09,ROU.32.82_1,0.05159277038496681,0.6173152841954281
2022,09,ROU.32.83_1,0.0501869125848009,0.5465297982743524
2022,09,ROU.32.84_1,0.052414462979312786,0.6749313773870013
2022,09,ROU.32.85_1,0.0515651367757645,0.6156691101042403
2022,09,ROU.32.86_1,0.052003219485475795,0.6436540696544331
2022,09,ROU.32.87_1,0.04975315314244541,0.5284218832712866
2022,09,ROU.32.88_1,0.04975315314244541,0.5284218832712866
2022,09,ROU.32.89_1,0.052414462979312786,0.6749313773870013
2022,09,ROU.32.8_1,0.04810704237324389,0.4691596159885254
2022,09,ROU.32.90_1,0.04928770524989073,0.5103139682682206
2022,09,ROU.32.91_1,0.05164733356276828,0.6206076323778039
2022,09,ROU.32.92_1,0.050762923555824645,0.5728685837333573
2022,09,ROU.32.93_1,0.052229853038685777,0.6601158105663112
2022,09,ROU.32.94_1,0.049629391873039906,0.5234833609977231
2022,09,ROU.32.95_1,0.04825801421794077,0.4740981382620888
2022,09,ROU.32.96_1,0.04736762566232069,0.44611317871189604
2022,09,ROU.32.97_1,0.05072879360586478,0.5712224096421694
2022,09,ROU.32.98_1,0.04731256772184658,0.44446700462070826
2022,09,ROU.32.99_1,0.05133556875223217,0.6024997173747378
2022,09,ROU.32.9_1,0.0499541938304174,0.5366527537272255
2022,09,ROU.33.20_1,0.05209660729105996,0.6502387660191843
2022,09,ROU.33.22_1,0.05225126689181671,0.6617619846574989
2022,09,ROU.33.23_1,0.05274483117184427,0.7062086851195698
2022,09,ROU.33.24_1,0.052293416756575395,0.6650543328398746
2022,09,ROU.33.25_1,0.052229853038685777,0.6601158105663112
2022,09,ROU.33.2_1,0.05278970652254909,0.7111472073931331
2022,09,ROU.33.43_1,0.05281852714974558,0.7144395555755086
2022,09,ROU.33.45_1,0.052433852094377696,0.6765775514781891
2022,09,ROU.33.46_1,0.052681919904129036,0.6996239887548183
2022,09,ROU.33.57_1,0.052563326204599525,0.688100770116504
2022,09,ROU.33.58_1,0.052509174133467396,0.6831622478429403
2022,09,ROU.34.13_1,0,0
2022,09,ROU.34.18_1,0,0
2022,09,ROU.34.23_1,0.05150916362824008,0.6123767619218646
2022,09,ROU.34.24_1,0.05105905831904872,0.5876841505540475
2022,09,ROU.34.26_1,0,0
2022,09,ROU.34.29_1,0.051620169189404624,0.6189614582866159
2022,09,ROU.34.40_1,0.05069441664850874,0.5695762355509816
2022,09,ROU.34.43_1,0.051480823322388014,0.6107305878306768
2022,09,ROU.34.49_1,0,0
2022,09,ROU.34.56_1,0.05105905831904872,0.5876841505540475
2022,09,ROU.34.59_1,0.051275801307834684,0.5992073691923622
2022,09,ROU.34.8_1,0.05105905831904872,0.5876841505540475
2022,09,ROU.34.9_1,0,0
2022,09,ROU.36.13_1,0,0
2022,09,ROU.36.19_1,0,0
2022,09,ROU.36.33_1,0,0
2022,09,ROU.36.46_1,0,0
2022,09,ROU.36.5_1,0,0
2022,09,ROU.36.77_1,0,0
2022,09,ROU.36.80_1,0,0
2022,09,ROU.36.87_1,0,0
2022,09,ROU.36.95_1,0,0
2022,09,ROU.37.10_1,0.04708928049111657,0.43788230825595703
2022,09,ROU.37.11_1,0.04919960452199401,0.5070216200858451
2022,09,ROU.37.12_1,0.04897460136000213,0.498790749629906
2022,09,ROU.37.13_1,0.050336948532639994,0.5531144946391037
2022,09,ROU.37.14_1,0.049712162077826534,0.5267757091800985
2022,09,ROU.37.15_1,0.04736762566232069,0.44611317871189604
2022,09,ROU.37.16_1,0.04928770524989073,0.5103139682682206
2022,09,ROU.37.17_1,0.04954556650539373,0.5201910128153473
2022,09,ROU.37.18_1,0.04790168731248706,0.46257491962377417
2022,09,ROU.37.19_1,0.04919960452199401,0.5070216200858451
2022,09,ROU.37.1_1,0.04915514837799019,0.505375445994657
2022,09,ROU.37.20_1,0.04937472871719465,0.5136063164505963
2022,09,ROU.37.21_1,0.04937472871719465,0.5136063164505963
2022,09,ROU.37.22_1,0.04845529711698766,0.48068283462683986
2022,09,ROU.37.23_1,0.05041044732091454,0.5564068428214793
2022,09,ROU.37.24_1,0.050518808975243044,0.5613453650950425
2022,09,ROU.37.25_1,0.05029982018457406,0.5514683205479157
2022,09,ROU.37.26_1,0.04845529711698766,0.48068283462683986
2022,09,ROU.37.27_1,0.04975315314244541,0.5284218832712866
2022,09,ROU.37.28_1,0.04840640370142203,0.4790366605356521
2022,09,ROU.37.29_1,0.0501103663280194,0.5432374500919769
2022,09,ROU.37.2_1,0.04937472871719465,0.5136063164505963
2022,09,ROU.37.30_1,0.04874273502767039,0.49055987917396693
2022,09,ROU.37.31_1,0.0499145055350864,0.5350065796360376
2022,09,ROU.37.32_1,0.049712162077826534,0.5267757091800985
2022,09,ROU.37.33_1,0.048928780227836775,0.49714457553871816
2022,09,ROU.37.34_1,0.04906542085326684,0.5020830978122814
2022,09,ROU.37.35_1,0.05007170909482309,0.541591276000789
2022,09,ROU.37.36_1,0.04897460136000213,0.498790749629906
2022,09,ROU.37.37_1,0.049629391873039906,0.5234833609977231
2022,09,ROU.37.38_1,0.04979388238160787,0.5300680573624743
2022,09,ROU.37.39_1,0.04937472871719465,0.5136063164505963
2022,09,ROU.37.3_1,0.05079680699627496,0.5745147578245451
2022,09,ROU.37.40_1,0.0501103663280194,0.5432374500919769
2022,09,ROU.37.41_1,0.04878966200280433,0.4922060532651547
2022,09,ROU.37.42_1,0.04924378990322779,0.5086677941770327
2022,09,ROU.37.43_1,0.04919960452199401,0.5070216200858451
2022,09,ROU.37.44_1,0.04784961747380475,0.46092874553258634
2022,09,ROU.37.45_1,0.05003279500166987,0.5399451019096012
2022,09,ROU.37.46_1,0.04946068061005626,0.5168986646329718
2022,09,ROU.37.47_1,0.0499541938304174,0.5366527537272255
2022,09,ROU.37.48_1,0.05014876729526113,0.5448836241831645
2022,09,ROU.37.49_1,0.05007170909482309,0.541591276000789
2022,09,ROU.37.4_1,0.0499145055350864,0.5350065796360376
2022,09,ROU.37.50_1,0.04850390709974097,0.4823290087180277
2022,09,ROU.37.51_1,0.04950325646306588,0.5185448387241597
2022,09,ROU.37.52_1,0.05022480277919351,0.5481759723655403
2022,09,ROU.37.53_1,0.05044681886536148,0.558053016912667
2022,09,ROU.37.54_1,0.0494178382593387,0.5152524905417839
2022,09,ROU.37.55_1,0.04928770524989073,0.5103139682682206
2022,09,ROU.37.56_1,0.05062491969522196,0.566283887368606
2022,09,ROU.37.57_1,0.04888268381186759,0.4954984014475303
2022,09,ROU.37.58_1,0.04975315314244541,0.5284218832712866
2022,09,ROU.37.59_1,0.0499145055350864,0.5350065796360376
2022,09,ROU.37.5_1,0.05026243845534718,0.5498221464567279
2022,09,ROU.37.60_1,0.050863836315639406,0.5778071060069206
2022,09,ROU.37.61_1,0.0494178382593387,0.5152524905417839
2022,09,ROU.37.62_1,0.050518808975243044,0.5613453650950425
2022,09,ROU.37.63_1,0.05044681886536148,0.558053016912667
2022,09,ROU.37.64_1,0.04845529711698766,0.48068283462683986
2022,09,ROU.37.65_1,0.05029982018457406,0.5514683205479157
2022,09,ROU.37.66_1,0.04979388238160787,0.5300680573624743
2022,09,ROU.37.67_1,0.049331351283146654,0.5119601423594082
2022,09,ROU.37.68_1,0.049629391873039906,0.5234833609977231
2022,09,ROU.37.69_1,0.04983435043727783,0.5317142314536621
2022,09,ROU.37.6_1,0.05048293923721877,0.5596991910038548
2022,09,ROU.37.70_1,0.04820797838828584,0.47245196417090085
2022,09,ROU.37.71_1,0.05072879360586478,0.5712224096421694
2022,09,ROU.37.72_1,0.04800494781721671,0.46586726780614957
2022,09,ROU.37.73_1,0.0486480449226894,0.4872675309915913
2022,09,ROU.37.74_1,0.04937472871719465,0.5136063164505963
2022,09,ROU.37.75_1,0.050373824059813575,0.5547606687302915
2022,09,ROU.37.76_1,0.04983435043727783,0.5317142314536621
2022,09,ROU.37.77_1,0.04924378990322779,0.5086677941770327
2022,09,ROU.37.78_1,0.047691638077689905,0.45599022325902294
2022,09,ROU.37.79_1,0.05029982018457406,0.5514683205479157
2022,09,ROU.37.7_1,0.047691638077689905,0.45599022325902294
2022,09,ROU.37.80_1,0.0501103663280194,0.5432374500919769
2022,09,ROU.37.81_1,0.04897460136000213,0.498790749629906
2022,09,ROU.37.82_1,0.04954556650539373,0.5201910128153473
2022,09,ROU.37.83_1,0.05044681886536148,0.558053016912667
2022,09,ROU.37.84_1,0.049629391873039906,0.5234833609977231
2022,09,ROU.37.85_1,0.04878966200280433,0.4922060532651547
2022,09,ROU.37.86_1,0.04753098321479855,0.4510517009854595
2022,09,ROU.37.87_1,0.04919960452199401,0.5070216200858451
2022,09,ROU.37.88_1,0.04595991015899012,0.4066050005233886
2022,09,ROU.37.8_1,0.04840640370142203,0.4790366605356521
2022,09,ROU.37.9_1,0.04897460136000213,0.498790749629906
2022,09,ROU.38.15_1,0.05142343329702805,0.6074382396483012
2022,09,ROU.38.26_1,0.05188132323480752,0.635423199198494
2022,09,ROU.38.5_1,0.051090744780229125,0.5893303246452352
2022,09,ROU.39.10_1,0.0499541938304174,0.5366527537272255
2022,09,ROU.39.11_1,0.04979388238160787,0.5300680573624743
2022,09,ROU.39.12_1,0.04987455794522565,0.5333604055448498
2022,09,ROU.39.13_1,0.04954556650539373,0.5201910128153473
2022,09,ROU.39.14_1,0.04878966200280433,0.4922060532651547
2022,09,ROU.39.15_1,0.04946068061005626,0.5168986646329718
2022,09,ROU.39.16_1,0.04937472871719465,0.5136063164505963
2022,09,ROU.39.17_1,0.04855223450099176,0.4839751828092157
2022,09,ROU.39.18_1,0.04897460136000213,0.498790749629906
2022,09,ROU.39.19_1,0.05007170909482309,0.541591276000789
2022,09,ROU.39.1_1,0.0499145055350864,0.5350065796360376
2022,09,ROU.39.20_1,0.04825801421794077,0.4740981382620888
2022,09,ROU.39.21_1,0.04928770524989073,0.5103139682682206
2022,09,ROU.39.22_1,0.04915514837799019,0.505375445994657
2022,09,ROU.39.23_1,0.04850390709974097,0.4823290087180277
2022,09,ROU.39.24_1,0.04915514837799019,0.505375445994657
2022,09,ROU.39.25_1,0.04825801421794077,0.4740981382620888
2022,09,ROU.39.26_1,0.04779725330235869,0.45928257144139856
2022,09,ROU.39.27_1,0.04987455794522565,0.5333604055448498
2022,09,ROU.39.28_1,0.050336948532639994,0.5531144946391037
2022,09,ROU.39.29_1,0.04928770524989073,0.5103139682682206
2022,09,ROU.39.2_1,0.05079680699627496,0.5745147578245451
2022,09,ROU.39.30_1,0.05026243845534718,0.5498221464567279
2022,09,ROU.39.31_1,0.04874273502767039,0.49055987917396693
2022,09,ROU.39.32_1,0.04950325646306588,0.5185448387241597
2022,09,ROU.39.33_1,0.04840640370142203,0.4790366605356521
2022,09,ROU.39.34_1,0.0501103663280194,0.5432374500919769
2022,09,ROU.39.35_1,0.04883631133257644,0.49385222735634254
2022,09,ROU.39.36_1,0.05083044442018348,0.5761609319157328
2022,09,ROU.39.37_1,0.04950325646306588,0.5185448387241597
2022,09,ROU.39.38_1,0.05026243845534718,0.5498221464567279
2022,09,ROU.39.39_1,0.05058979867855348,0.5646377132774182
2022,09,ROU.39.3_1,0.04924378990322779,0.5086677941770327
2022,09,ROU.39.40_1,0.05062491969522196,0.566283887368606
2022,09,ROU.39.41_1,0.05014876729526113,0.5448836241831645
2022,09,ROU.39.42_1,0.04919960452199401,0.5070216200858451
2022,09,ROU.39.43_1,0.04897460136000213,0.498790749629906
2022,09,ROU.39.44_1,0.04967090853953454,0.5251295350889109
2022,09,ROU.39.45_1,0.04915514837799019,0.505375445994657
2022,09,ROU.39.46_1,0.04911042073590992,0.5037292719034694
2022,09,ROU.39.47_1,0.048357225993317474,0.47739048644446447
2022,09,ROU.39.48_1,0.04983435043727783,0.5317142314536621
2022,09,ROU.39.4_1,0.050896983165893,0.5794532800981085
2022,09,ROU.39.5_1,0.0486480449226894,0.4872675309915913
2022,09,ROU.39.6_1,0.04958761141743929,0.5218371869065354
2022,09,ROU.39.7_1,0.04906542085326684,0.5020830978122814
2022,09,ROU.39.8_1,0.0501103663280194,0.5432374500919769
2022,09,ROU.39.9_1,0.04855223450099176,0.4839751828092157
2022,09,ROU.41.26_1,0.04987455794522565,0.5333604055448498
2022,09,ROU.41.31_1,0.04915514837799019,0.505375445994657
2022,09,ROU.41.41_1,0.04840640370142203,0.4790366605356521
2022,09,ROU.41.45_1,0.04763838505823309,0.4543440491678351
2022,09,ROU.41.58_1,0.05096254363983413,0.5827456282804843
2022,09,ROU.41.68_1,0.05014876729526113,0.5448836241831645
2022,09,ROU.5.10_1,0.052003219485475795,0.6436540696544331
2022,09,ROU.5.12_1,0.052832609123679944,0.7160857296666967
2022,09,ROU.5.16_1,0.052545497853442376,0.6864545960253161
2022,09,ROU.5.18_1,0.05263242145611054,0.694685466481255
2022,09,ROU.5.23_1,0.05180541717899287,0.6304846769249306
2022,09,ROU.5.36_1,0.05185625257290876,0.6337770251073064
2022,09,ROU.5.41_1,0.05142343329702805,0.6074382396483012
2022,09,ROU.5.6_1,0.05237501269576768,0.6716390292046256
2022,09,ROU.5.70_1,0.05142343329702805,0.6074382396483012
2022,09,ROU.5.75_1,0.05205037072239026,0.6469464178368088
2022,09,ROU.5.91_1,0.052433852094377696,0.6765775514781891
2022,09,ROU.6.10_1,0.053154076094428515,0.765470952402331
2022,09,ROU.6.31_1,0.052208212868664734,0.6584696364751235
2022,09,ROU.6.36_1,0.052873543777416855,0.7210242519402599
2022,09,ROU.6.4_1,0.05276000912265161,0.7078548592107574
2022,09,ROU.6.6_1,0.052598317019690914,0.6913931182988795
2022,09,ROU.6.8_1,0.052697978031837484,0.7012701628460062
2022,09,ROU.7.14_1,0.05145224667665437,0.6090844137394891
2022,09,ROU.7.19_1,0,0
2022,09,ROU.7.20_1,0,0
2022,09,ROU.7.31_1,0,0
2022,09,ROU.7.33_1,0,0
2022,09,ROU.7.38_1,0.05197930009045992,0.642007895563245
2022,09,ROU.7.42_1,0.05142343329702805,0.6074382396483012
2022,09,ROU.7.44_1,0.051779651765562734,0.6288385028337425
2022,09,ROU.7.45_1,0,0
2022,09,ROU.7.48_1,0.051779651765562734,0.6288385028337425
2022,09,ROU.7.50_1,0.0522724547061954,0.6634081587486867
2022,09,ROU.7.52_1,0.051027129612704746,0.5860379764628597
2022,09,ROU.7.57_1,0.052414462979312786,0.6749313773870013
2022,09,ROU.7.59_1,0,0
2022,09,ROU.8.37_1,0.05209660729105996,0.6502387660191843
2022,09,ROU.8.47_1,0.05237501269576768,0.6716390292046256
2022,09,ROU.9.10_1,0.0486480449226894,0.4872675309915913
2022,09,ROU.9.18_1,0.04946068061005626,0.5168986646329718
2022,09,ROU.9.2_1,0.04911042073590992,0.5037292719034694
2022,09,ROU.9.39_1,0.04790168731248706,0.46257491962377417
2022,09,ROU.9.5_1,0.04924378990322779,0.5086677941770327
2022,09,SRB.1.4_1,0,0
2022,09,SRB.11.1_1,0,0
2022,09,SRB.11.2_1,0.051090744780229125,0.5893303246452352
2022,09,SRB.11.3_1,0.050896983165893,0.5794532800981085
2022,09,SRB.11.4_1,0,0
2022,09,SRB.11.5_1,0,0
2022,09,SRB.11.7_1,0.05172742377378348,0.6255461546513671
2022,09,SRB.12.1_1,0,0
2022,09,SRB.12.3_1,0,0
2022,09,SRB.13.1_1,0.05170096049116265,0.6238999805601794
2022,09,SRB.13.2_1,0.05172742377378348,0.6255461546513671
2022,09,SRB.13.3_1,0.052003219485475795,0.6436540696544331
2022,09,SRB.14.3_1,0.05180541717899287,0.6304846769249306
2022,09,SRB.14.6_1,0.051753654080563635,0.6271923287425549
2022,09,SRB.15.2_1,0.052003219485475795,0.6436540696544331
2022,09,SRB.16.1_1,0.052229853038685777,0.6601158105663112
2022,09,SRB.16.2_1,0.05136509473926653,0.6041458914659256
2022,09,SRB.16.3_1,0.05233466464754377,0.6683466810222501
2022,09,SRB.16.4_1,0.05209660729105996,0.6502387660191843
2022,09,SRB.17.2_1,0.05159277038496681,0.6173152841954281
2022,09,SRB.17.3_1,0.052003219485475795,0.6436540696544331
2022,09,SRB.18.1_1,0.051779651765562734,0.6288385028337425
2022,09,SRB.18.3_1,0.051027129612704746,0.5860379764628597
2022,09,SRB.18.5_1,0.051245559016022034,0.5975611951011743
2022,09,SRB.19.1_1,0.0519307721638707,0.6387155473808697
2022,09,SRB.19.5_1,0.05145224667665437,0.6090844137394891
2022,09,SRB.20.1_1,0.052026909591761206,0.6453002437456209
2022,09,SRB.20.2_1,0.05205037072239026,0.6469464178368088
2022,09,SRB.20.3_1,0.0509298854493948,0.5810994541892964
2022,09,SRB.20.4_1,0.051215077114292185,0.5959150210099866
2022,09,SRB.20.5_1,0.051480823322388014,0.6107305878306768
2022,09,SRB.20.6_1,0.05185625257290876,0.6337770251073064
2022,09,SRB.20.7_1,0.051830950667243955,0.6321308510161183
2022,09,SRB.21.1_1,0.05096254363983413,0.5827456282804843
2022,09,SRB.21.2_1,0.05209660729105996,0.6502387660191843
2022,09,SRB.21.3_1,0.05288675213648994,0.7226704260314479
2022,09,SRB.21.4_1,0.052003219485475795,0.6436540696544331
2022,09,SRB.21.5_1,0.05139438278534668,0.6057920655571134
2022,09,SRB.21.6_1,0.05214193162471593,0.6535311142015597
2022,09,SRB.21.7_1,0.052003219485475795,0.6436540696544331
2022,09,SRB.22.2_1,0.05209660729105996,0.6502387660191843
2022,09,SRB.23.2_1,0,0
2022,09,SRB.23.4_1,0,0
2022,09,SRB.24.1_1,0.05112218944668981,0.5909764987364231
2022,09,SRB.24.3_1,0.05180541717899287,0.6304846769249306
2022,09,SRB.24.4_1,0.05197930009045992,0.642007895563245
2022,09,SRB.25.10_1,0.052208212868664734,0.6584696364751235
2022,09,SRB.25.2_1,0.051830950667243955,0.6321308510161183
2022,09,SRB.25.3_1,0.05180541717899287,0.6304846769249306
2022,09,SRB.25.4_1,0.05214193162471593,0.6535311142015597
2022,09,SRB.25.7_1,0.05180541717899287,0.6304846769249306
2022,09,SRB.25.8_1,0.05185625257290876,0.6337770251073064
2022,09,SRB.25.9_1,0.052293416756575395,0.6650543328398746
2022,09,SRB.3.10_1,0.052527447239470323,0.684808421934128
2022,09,SRB.3.11_1,0.050896983165893,0.5794532800981085
2022,09,SRB.3.12_1,0.05195515109003001,0.6403617214720574
2022,09,SRB.3.13_1,0.0515651367757645,0.6156691101042403
2022,09,SRB.3.14_1,0.05096254363983413,0.5827456282804843
2022,09,SRB.3.15_1,0.052208212868664734,0.6584696364751235
2022,09,SRB.3.16_1,0.052026909591761206,0.6453002437456209
2022,09,SRB.3.17_1,0.05214193162471593,0.6535311142015597
2022,09,SRB.3.1_1,0.0511843551745593,0.5942688469187988
2022,09,SRB.3.2_1,0.05139438278534668,0.6057920655571134
2022,09,SRB.3.3_1,0.05170096049116265,0.6238999805601794
2022,09,SRB.3.4_1,0.052003219485475795,0.6436540696544331
2022,09,SRB.3.5_1,0.052509174133467396,0.6831622478429403
2022,09,SRB.3.6_1,0.05153726798409996,0.6140229360130525
2022,09,SRB.3.7_1,0.052026909591761206,0.6453002437456209
2022,09,SRB.3.8_1,0.05170096049116265,0.6238999805601794
2022,09,SRB.3.9_1,0.05170096049116265,0.6238999805601794
2022,09,SRB.4.2_1,0,0
2022,09,SRB.4.4_1,0.0515651367757645,0.6156691101042403
2022,09,SRB.4.5_1,0.05105905831904872,0.5876841505540475
2022,09,SRB.5.10_1,0.05195515109003001,0.6403617214720574
2022,09,SRB.5.11_1,0.051090744780229125,0.5893303246452352
2022,09,SRB.5.12_1,0.05153726798409996,0.6140229360130525
2022,09,SRB.5.1_1,0.05150916362824008,0.6123767619218646
2022,09,SRB.5.2_1,0.05133556875223217,0.6024997173747378
2022,09,SRB.5.3_1,0.0511843551745593,0.5942688469187988
2022,09,SRB.5.4_1,0.051275801307834684,0.5992073691923622
2022,09,SRB.5.5_1,0.05197930009045992,0.642007895563245
2022,09,SRB.5.6_1,0.051480823322388014,0.6107305878306768
2022,09,SRB.5.7_1,0.05139438278534668,0.6057920655571134
2022,09,SRB.5.8_1,0.052073603186849574,0.6485925919279967
2022,09,SRB.5.9_1,0.052119383337397754,0.6518849401103719
2022,09,SRB.6.3_1,0.05159277038496681,0.6173152841954281
2022,09,SRB.6.4_1,0.051753654080563635,0.6271923287425549
2022,09,SRB.6.5_1,0.0519307721638707,0.6387155473808697
2022,09,SRB.6.6_1,0.05072879360586478,0.5712224096421694
2022,09,SRB.7.1_1,0.05233466464754377,0.6683466810222501
2022,09,SRB.7.2_1,0.05195515109003001,0.6403617214720574
2022,09,SRB.7.3_1,0.051620169189404624,0.6189614582866159
2022,09,SRB.7.4_1,0.05133556875223217,0.6024997173747378
2022,09,SRB.7.5_1,0.05205037072239026,0.6469464178368088
2022,09,SRB.7.6_1,0.05180541717899287,0.6304846769249306
2022,09,SRB.8.1_1,0.05139438278534668,0.6057920655571134
2022,09,SRB.8.2_1,0.05130580441344553,0.60085354328355
2022,09,SRB.8.3_1,0.05205037072239026,0.6469464178368088
2022,09,SRB.8.4_1,0.05225126689181671,0.6617619846574989
2022,09,SRB.8.5_1,0.052164252448364756,0.6551772882927477
2022,09,SRB.8.6_1,0.05190616298801224,0.6370693732896818
2022,09,SRB.8.7_1,0.051215077114292185,0.5959150210099866
2022,09,SRB.8.8_1,0.0511843551745593,0.5942688469187988
2022,09,SRB.9.2_1,0.05209660729105996,0.6502387660191843
2022,09,SVK.1.10_1,0.05145224667665437,0.6090844137394891
2022,09,SVK.1.11_1,0.052598317019690914,0.6913931182988795
2022,09,SVK.1.12_1,0.0519307721638707,0.6387155473808697
2022,09,SVK.1.13_1,0.051620169189404624,0.6189614582866159
2022,09,SVK.1.1_1,0.05205037072239026,0.6469464178368088
2022,09,SVK.1.2_1,0.05133556875223217,0.6024997173747378
2022,09,SVK.1.3_1,0.051245559016022034,0.5975611951011743
2022,09,SVK.1.4_1,0.050762923555824645,0.5728685837333573
2022,09,SVK.1.5_1,0.051275801307834684,0.5992073691923622
2022,09,SVK.1.6_1,0.0522724547061954,0.6634081587486867
2022,09,SVK.1.7_1,0.05188132323480752,0.635423199198494
2022,09,SVK.1.8_1,0.05164733356276828,0.6206076323778039
2022,09,SVK.1.9_1,0.05272943346864888,0.704562511028382
2022,09,SVK.2.1_1,0.05105905831904872,0.5876841505540475
2022,09,SVK.2.2_1,0.05185625257290876,0.6337770251073064
2022,09,SVK.2.3_1,0.05164733356276828,0.6206076323778039
2022,09,SVK.2.4_1,0.05096254363983413,0.5827456282804843
2022,09,SVK.2.5_1,0.05180541717899287,0.6304846769249306
2022,09,SVK.2.6_1,0.0519307721638707,0.6387155473808697
2022,09,SVK.2.7_1,0.05205037072239026,0.6469464178368088
2022,09,SVK.2.8_1,0.052119383337397754,0.6518849401103719
2022,09,SVK.3.10_1,0.05170096049116265,0.6238999805601794
2022,09,SVK.3.11_1,0.050896983165893,0.5794532800981085
2022,09,SVK.3.1_1,0.051245559016022034,0.5975611951011743
2022,09,SVK.3.2_1,0.05150916362824008,0.6123767619218646
2022,09,SVK.3.3_1,0.051215077114292185,0.5959150210099866
2022,09,SVK.3.4_1,0.05205037072239026,0.6469464178368088
2022,09,SVK.3.5_1,0.05239484993030008,0.6732852032958137
2022,09,SVK.3.6_1,0.052354951020884596,0.669992855113438
2022,09,SVK.3.7_1,0.05048293923721877,0.5596991910038548
2022,09,SVK.3.8_1,0.05145224667665437,0.6090844137394891
2022,09,SVK.3.9_1,0.052003219485475795,0.6436540696544331
2022,09,SVK.4.1_1,0.0499145055350864,0.5350065796360376
2022,09,SVK.4.2_1,0.0511843551745593,0.5942688469187988
2022,09,SVK.4.3_1,0.0511843551745593,0.5942688469187988
2022,09,SVK.4.4_1,0.05062491969522196,0.566283887368606
2022,09,SVK.4.7_1,0.051753654080563635,0.6271923287425549
2022,09,SVK.5.10_1,0.05079680699627496,0.5745147578245451
2022,09,SVK.5.11_1,0.052026909591761206,0.6453002437456209
2022,09,SVK.5.12_1,0.05159277038496681,0.6173152841954281
2022,09,SVK.5.13_1,0.05105905831904872,0.5876841505540475
2022,09,SVK.5.1_1,0.05083044442018348,0.5761609319157328
2022,09,SVK.5.2_1,0.052293416756575395,0.6650543328398746
2022,09,SVK.5.3_1,0.050863836315639406,0.5778071060069206
2022,09,SVK.5.4_1,0.051090744780229125,0.5893303246452352
2022,09,SVK.5.5_1,0.052119383337397754,0.6518849401103719
2022,09,SVK.5.6_1,0.05139438278534668,0.6057920655571134
2022,09,SVK.5.7_1,0.051275801307834684,0.5992073691923622
2022,09,SVK.5.8_1,0.05133556875223217,0.6024997173747378
2022,09,SVK.5.9_1,0.052545497853442376,0.6864545960253161
2022,09,SVK.6.3_1,0.05281852714974558,0.7144395555755086
2022,09,SVK.6.4_1,0.05225126689181671,0.6617619846574989
2022,09,SVK.6.7_1,0.05180541717899287,0.6304846769249306
2022,09,SVK.6.8_1,0.052509174133467396,0.6831622478429403
2022,09,SVK.6.9_1,0.05264914182234955,0.6963316405724429
2022,09,SVK.7.1_1,0.051753654080563635,0.6271923287425549
2022,09,SVK.7.2_1,0.05083044442018348,0.5761609319157328
2022,09,SVK.7.3_1,0.05164733356276828,0.6206076323778039
2022,09,SVK.7.5_1,0.05159277038496681,0.6173152841954281
2022,09,SVK.7.6_1,0.05170096049116265,0.6238999805601794
2022,09,SVK.7.7_1,0.051027129612704746,0.5860379764628597
2022,09,SVK.8.1_1,0.05258093251902634,0.6897469442076916
2022,09,SVK.8.5_1,0.05195515109003001,0.6403617214720574
2022,09,SVK.8.8_1,0.05205037072239026,0.6469464178368088
2022,09,SVK.8.9_1,0.052229853038685777,0.6601158105663112
2022,09,SVN.1.10_1,0,0
2022,09,SVN.1.11_1,0,0
2022,09,SVN.1.12_1,0,0
2022,09,SVN.1.13_1,0.052314153314344615,0.6667005069310624
2022,09,SVN.1.14_1,0.05197930009045992,0.642007895563245
2022,09,SVN.1.15_1,0.05239484993030008,0.6732852032958137
2022,09,SVN.1.16_1,0.052681919904129036,0.6996239887548183
2022,09,SVN.1.17_1,0,0
2022,09,SVN.1.1_1,0,0
2022,09,SVN.1.2_1,0.052414462979312786,0.6749313773870013
2022,09,SVN.1.3_1,0.051830950667243955,0.6321308510161183
2022,09,SVN.1.4_1,0.05170096049116265,0.6238999805601794
2022,09,SVN.1.5_1,0.05195515109003001,0.6403617214720574
2022,09,SVN.1.6_1,0,0
2022,09,SVN.1.7_1,0,0
2022,09,SVN.1.8_1,0.0519307721638707,0.6387155473808697
2022,09,SVN.1.9_1,0,0
2022,09,SVN.10.10_1,0.050518808975243044,0.5613453650950425
2022,09,SVN.10.11_1,0,0
2022,09,SVN.10.12_1,0,0
2022,09,SVN.10.13_1,0,0
2022,09,SVN.10.14_1,0,0
2022,09,SVN.10.15_1,0,0
2022,09,SVN.10.16_1,0,0
2022,09,SVN.10.17_1,0.052293416756575395,0.6650543328398746
2022,09,SVN.10.18_1,0.05172742377378348,0.6255461546513671
2022,09,SVN.10.19_1,0,0
2022,09,SVN.10.1_1,0,0
2022,09,SVN.10.20_1,0.052119383337397754,0.6518849401103719
2022,09,SVN.10.21_1,0,0
2022,09,SVN.10.22_1,0,0
2022,09,SVN.10.23_1,0.051090744780229125,0.5893303246452352
2022,09,SVN.10.24_1,0,0
2022,09,SVN.10.25_1,0,0
2022,09,SVN.10.26_1,0,0
2022,09,SVN.10.27_1,0,0
2022,09,SVN.10.28_1,0,0
2022,09,SVN.10.29_1,0,0
2022,09,SVN.10.2_1,0,0
2022,09,SVN.10.30_1,0.05167426387476831,0.6222538064689916
2022,09,SVN.10.31_1,0,0
2022,09,SVN.10.32_1,0.05153726798409996,0.6140229360130525
2022,09,SVN.10.3_1,0,0
2022,09,SVN.10.4_1,0,0
2022,09,SVN.10.5_1,0,0
2022,09,SVN.10.6_1,0.051215077114292185,0.5959150210099866
2022,09,SVN.10.7_1,0,0
2022,09,SVN.10.8_1,0,0
2022,09,SVN.10.9_1,0,0
2022,09,SVN.11.1_1,0,0
2022,09,SVN.11.2_1,0,0
2022,09,SVN.11.3_1,0,0
2022,09,SVN.12.1_1,0,0
2022,09,SVN.12.2_1,0,0
2022,09,SVN.12.3_1,0.05195515109003001,0.6403617214720574
2022,09,SVN.2.10_1,0.05209660729105996,0.6502387660191843
2022,09,SVN.2.11_1,0.05271381582049649,0.7029163369371942
2022,09,SVN.2.12_1,0.05218634610021234,0.6568234623839355
2022,09,SVN.2.1_1,0.052563326204599525,0.688100770116504
2022,09,SVN.2.2_1,0.051779651765562734,0.6288385028337425
2022,09,SVN.2.3_1,0.05105905831904872,0.5876841505540475
2022,09,SVN.2.4_1,0.052471959512757425,0.6798698996605649
2022,09,SVN.2.5_1,0.052314153314344615,0.6667005069310624
2022,09,SVN.2.6_1,0.05218634610021234,0.6568234623839355
2022,09,SVN.2.7_1,0.05263242145611054,0.694685466481255
2022,09,SVN.2.8_1,0.05185625257290876,0.6337770251073064
2022,09,SVN.2.9_1,0.0519307721638707,0.6387155473808697
2022,09,SVN.3.10_1,0.05239484993030008,0.6732852032958137
2022,09,SVN.3.11_1,0,0
2022,09,SVN.3.12_1,0,0
2022,09,SVN.3.13_1,0,0
2022,09,SVN.3.14_1,0.052509174133467396,0.6831622478429403
2022,09,SVN.3.15_1,0.052509174133467396,0.6831622478429403
2022,09,SVN.3.16_1,0.052293416756575395,0.6650543328398746
2022,09,SVN.3.1_1,0.05289974250754792,0.7243166001226355
2022,09,SVN.3.2_1,0,0
2022,09,SVN.3.3_1,0,0
2022,09,SVN.3.4_1,0.052937407283936484,0.7292551223961992
2022,09,SVN.3.5_1,0.052164252448364756,0.6551772882927477
2022,09,SVN.3.6_1,0,0
2022,09,SVN.3.7_1,0,0
2022,09,SVN.3.8_1,0,0
2022,09,SVN.3.9_1,0.05281852714974558,0.7144395555755086
2022,09,SVN.4.10_1,0,0
2022,09,SVN.4.11_1,0,0
2022,09,SVN.4.12_1,0,0
2022,09,SVN.4.1_1,0,0
2022,09,SVN.4.2_1,0,0
2022,09,SVN.4.3_1,0,0
2022,09,SVN.4.4_1,0,0
2022,09,SVN.4.5_1,0.0522724547061954,0.6634081587486867
2022,09,SVN.4.6_1,0.05188132323480752,0.635423199198494
2022,09,SVN.4.7_1,0,0
2022,09,SVN.4.8_1,0.052026909591761206,0.6453002437456209
2022,09,SVN.4.9_1,0,0
2022,09,SVN.5.1_1,0,0
2022,09,SVN.5.2_1,0.05239484993030008,0.6732852032958137
2022,09,SVN.5.3_1,0.05258093251902634,0.6897469442076916
2022,09,SVN.5.4_1,0.052598317019690914,0.6913931182988795
2022,09,SVN.5.5_1,0.052563326204599525,0.688100770116504
2022,09,SVN.5.6_1,0.052563326204599525,0.688100770116504
2022,09,SVN.6.1_1,0.05264914182234955,0.6963316405724429
2022,09,SVN.6.2_1,0.05172742377378348,0.6255461546513671
2022,09,SVN.6.3_1,0.051830950667243955,0.6321308510161183
2022,09,SVN.6.4_1,0.05225126689181671,0.6617619846574989
2022,09,SVN.6.5_1,0.052229853038685777,0.6601158105663112
2022,09,SVN.6.6_1,0.05190616298801224,0.6370693732896818
2022,09,SVN.6.7_1,0.052119383337397754,0.6518849401103719
2022,09,SVN.7.10_1,0.052545497853442376,0.6864545960253161
2022,09,SVN.7.11_1,0.0515651367757645,0.6156691101042403
2022,09,SVN.7.12_1,0.051620169189404624,0.6189614582866159
2022,09,SVN.7.13_1,0.051480823322388014,0.6107305878306768
2022,09,SVN.7.14_1,0.052026909591761206,0.6453002437456209
2022,09,SVN.7.15_1,0.052354951020884596,0.669992855113438
2022,09,SVN.7.16_1,0.05258093251902634,0.6897469442076916
2022,09,SVN.7.17_1,0.052527447239470323,0.684808421934128
2022,09,SVN.7.18_1,0.05218634610021234,0.6568234623839355
2022,09,SVN.7.19_1,0.05190616298801224,0.6370693732896818
2022,09,SVN.7.1_1,0.05245301752382454,0.6782237255693768
2022,09,SVN.7.20_1,0.05205037072239026,0.6469464178368088
2022,09,SVN.7.21_1,0.051830950667243955,0.6321308510161183
2022,09,SVN.7.22_1,0.05185625257290876,0.6337770251073064
2022,09,SVN.7.23_1,0.052681919904129036,0.6996239887548183
2022,09,SVN.7.24_1,0.05289974250754792,0.7243166001226355
2022,09,SVN.7.2_1,0.051830950667243955,0.6321308510161183
2022,09,SVN.7.3_1,0.052003219485475795,0.6436540696544331
2022,09,SVN.7.4_1,0.052026909591761206,0.6453002437456209
2022,09,SVN.7.5_1,0.0519307721638707,0.6387155473808697
2022,09,SVN.7.6_1,0.05136509473926653,0.6041458914659256
2022,09,SVN.7.7_1,0.05172742377378348,0.6255461546513671
2022,09,SVN.7.8_1,0.052545497853442376,0.6864545960253161
2022,09,SVN.7.9_1,0.05205037072239026,0.6469464178368088
2022,09,SVN.8.10_1,0.052026909591761206,0.6453002437456209
2022,09,SVN.8.11_1,0.05180541717899287,0.6304846769249306
2022,09,SVN.8.12_1,0.0515651367757645,0.6156691101042403
2022,09,SVN.8.13_1,0.052229853038685777,0.6601158105663112
2022,09,SVN.8.14_1,0.051779651765562734,0.6288385028337425
2022,09,SVN.8.15_1,0.05225126689181671,0.6617619846574989
2022,09,SVN.8.16_1,0.05185625257290876,0.6337770251073064
2022,09,SVN.8.17_1,0.05205037072239026,0.6469464178368088
2022,09,SVN.8.18_1,0.0519307721638707,0.6387155473808697
2022,09,SVN.8.19_1,0.05145224667665437,0.6090844137394891
2022,09,SVN.8.1_1,0.05112218944668981,0.5909764987364231
2022,09,SVN.8.20_1,0.052003219485475795,0.6436540696544331
2022,09,SVN.8.21_1,0.05188132323480752,0.635423199198494
2022,09,SVN.8.22_1,0.052119383337397754,0.6518849401103719
2022,09,SVN.8.23_1,0.052003219485475795,0.6436540696544331
2022,09,SVN.8.24_1,0.05130580441344553,0.60085354328355
2022,09,SVN.8.25_1,0.05233466464754377,0.6683466810222501
2022,09,SVN.8.26_1,0.0515651367757645,0.6156691101042403
2022,09,SVN.8.27_1,0.05197930009045992,0.642007895563245
2022,09,SVN.8.28_1,0.05130580441344553,0.60085354328355
2022,09,SVN.8.29_1,0.05195515109003001,0.6403617214720574
2022,09,SVN.8.2_1,0.05069441664850874,0.5695762355509816
2022,09,SVN.8.30_1,0.05105905831904872,0.5876841505540475
2022,09,SVN.8.31_1,0.051830950667243955,0.6321308510161183
2022,09,SVN.8.32_1,0.05205037072239026,0.6469464178368088
2022,09,SVN.8.33_1,0.05185625257290876,0.6337770251073064
2022,09,SVN.8.34_1,0.05185625257290876,0.6337770251073064
2022,09,SVN.8.3_1,0.05239484993030008,0.6732852032958137
2022,09,SVN.8.4_1,0.0509298854493948,0.5810994541892964
2022,09,SVN.8.5_1,0.05205037072239026,0.6469464178368088
2022,09,SVN.8.6_1,0.051779651765562734,0.6288385028337425
2022,09,SVN.8.7_1,0.05172742377378348,0.6255461546513671
2022,09,SVN.8.8_1,0.05188132323480752,0.635423199198494
2022,09,SVN.8.9_1,0.051027129612704746,0.5860379764628597
2022,09,SVN.9.10_1,0,0
2022,09,SVN.9.11_1,0,0
2022,09,SVN.9.12_1,0.052073603186849574,0.6485925919279967
2022,09,SVN.9.13_1,0.05185625257290876,0.6337770251073064
2022,09,SVN.9.14_1,0,0
2022,09,SVN.9.15_1,0,0
2022,09,SVN.9.16_1,0,0
2022,09,SVN.9.17_1,0,0
2022,09,SVN.9.18_1,0,0
2022,09,SVN.9.19_1,0,0
2022,09,SVN.9.1_1,0,0
2022,09,SVN.9.20_1,0,0
2022,09,SVN.9.21_1,0.05145224667665437,0.6090844137394891
2022,09,SVN.9.22_1,0.05164733356276828,0.6206076323778039
2022,09,SVN.9.23_1,0,0
2022,09,SVN.9.24_1,0,0
2022,09,SVN.9.25_1,0,0
2022,09,SVN.9.26_1,0,0
2022,09,SVN.9.2_1,0,0
2022,09,SVN.9.3_1,0,0
2022,09,SVN.9.4_1,0,0
2022,09,SVN.9.5_1,0.05237501269576768,0.6716390292046256
2022,09,SVN.9.6_1,0,0
2022,09,SVN.9.7_1,0,0
2022,09,SVN.9.8_1,0.0509298854493948,0.5810994541892964
2022,09,SVN.9.9_1,0.05172742377378348,0.6255461546513671
2022,09,SWE.1.1_1,0.0509298854493948,0.5810994541892964
2022,09,SWE.1.2_1,0.05072879360586478,0.5712224096421694
2022,09,SWE.1.3_1,0.05150916362824008,0.6123767619218646
2022,09,SWE.1.4_1,0.05044681886536148,0.558053016912667
2022,09,SWE.1.5_1,0.051153392764334,0.5926226728276109
2022,09,SWE.10.10_1,0.05136509473926653,0.6041458914659256
2022,09,SWE.10.11_1,0.050373824059813575,0.5547606687302915
2022,09,SWE.10.12_1,0.05136509473926653,0.6041458914659256
2022,09,SWE.10.13_1,0.051090744780229125,0.5893303246452352
2022,09,SWE.10.14_1,0.051245559016022034,0.5975611951011743
2022,09,SWE.10.1_1,0.049629391873039906,0.5234833609977231
2022,09,SWE.10.2_1,0.05069441664850874,0.5695762355509816
2022,09,SWE.10.3_1,0.05022480277919351,0.5481759723655403
2022,09,SWE.10.6_1,0.051753654080563635,0.6271923287425549
2022,09,SWE.10.7_1,0.050373824059813575,0.5547606687302915
2022,09,SWE.10.8_1,0.05069441664850874,0.5695762355509816
2022,09,SWE.10.9_1,0.05079680699627496,0.5745147578245451
2022,09,SWE.11.10_1,0.05112218944668981,0.5909764987364231
2022,09,SWE.11.11_1,0.051753654080563635,0.6271923287425549
2022,09,SWE.11.12_1,0.05133556875223217,0.6024997173747378
2022,09,SWE.11.1_1,0.05214193162471593,0.6535311142015597
2022,09,SWE.11.2_1,0.05172742377378348,0.6255461546513671
2022,09,SWE.11.3_1,0.05159277038496681,0.6173152841954281
2022,09,SWE.11.4_1,0.05167426387476831,0.6222538064689916
2022,09,SWE.11.5_1,0.05079680699627496,0.5745147578245451
2022,09,SWE.11.6_1,0.051090744780229125,0.5893303246452352
2022,09,SWE.11.7_1,0.05150916362824008,0.6123767619218646
2022,09,SWE.11.8_1,0.05142343329702805,0.6074382396483012
2022,09,SWE.11.9_1,0.051027129612704746,0.5860379764628597
2022,09,SWE.12.10_1,0.051779651765562734,0.6288385028337425
2022,09,SWE.12.11_1,0.052073603186849574,0.6485925919279967
2022,09,SWE.12.12_1,0.051753654080563635,0.6271923287425549
2022,09,SWE.12.13_1,0.051779651765562734,0.6288385028337425
2022,09,SWE.12.1_1,0.05172742377378348,0.6255461546513671
2022,09,SWE.12.2_1,0.05139438278534668,0.6057920655571134
2022,09,SWE.12.3_1,0.05142343329702805,0.6074382396483012
2022,09,SWE.12.4_1,0.05197930009045992,0.642007895563245
2022,09,SWE.12.5_1,0.05197930009045992,0.642007895563245
2022,09,SWE.12.6_1,0.05197930009045992,0.642007895563245
2022,09,SWE.12.7_1,0.05180541717899287,0.6304846769249306
2022,09,SWE.12.8_1,0.051830950667243955,0.6321308510161183
2022,09,SWE.12.9_1,0.05150916362824008,0.6123767619218646
2022,09,SWE.13.10_1,0.052003219485475795,0.6436540696544331
2022,09,SWE.13.11_1,0.052164252448364756,0.6551772882927477
2022,09,SWE.13.12_1,0.052414462979312786,0.6749313773870013
2022,09,SWE.13.13_1,0.05180541717899287,0.6304846769249306
2022,09,SWE.13.14_1,0.052354951020884596,0.669992855113438
2022,09,SWE.13.15_1,0.052026909591761206,0.6453002437456209
2022,09,SWE.13.16_1,0.0522724547061954,0.6634081587486867
2022,09,SWE.13.17_1,0.05185625257290876,0.6337770251073064
2022,09,SWE.13.18_1,0.05167426387476831,0.6222538064689916
2022,09,SWE.13.19_1,0.05142343329702805,0.6074382396483012
2022,09,SWE.13.1_1,0.052509174133467396,0.6831622478429403
2022,09,SWE.13.20_1,0.052354951020884596,0.669992855113438
2022,09,SWE.13.21_1,0.051620169189404624,0.6189614582866159
2022,09,SWE.13.22_1,0.0515651367757645,0.6156691101042403
2022,09,SWE.13.23_1,0.0522724547061954,0.6634081587486867
2022,09,SWE.13.24_1,0.050896983165893,0.5794532800981085
2022,09,SWE.13.25_1,0.0519307721638707,0.6387155473808697
2022,09,SWE.13.26_1,0.05188132323480752,0.635423199198494
2022,09,SWE.13.27_1,0.05205037072239026,0.6469464178368088
2022,09,SWE.13.28_1,0.052208212868664734,0.6584696364751235
2022,09,SWE.13.29_1,0.05133556875223217,0.6024997173747378
2022,09,SWE.13.2_1,0.052509174133467396,0.6831622478429403
2022,09,SWE.13.30_1,0.051830950667243955,0.6321308510161183
2022,09,SWE.13.31_1,0.051275801307834684,0.5992073691923622
2022,09,SWE.13.32_1,0.05164733356276828,0.6206076323778039
2022,09,SWE.13.33_1,0.05065979218091025,0.5679300614597937
2022,09,SWE.13.3_1,0.05130580441344553,0.60085354328355
2022,09,SWE.13.4_1,0.052073603186849574,0.6485925919279967
2022,09,SWE.13.5_1,0.05214193162471593,0.6535311142015597
2022,09,SWE.13.6_1,0.052003219485475795,0.6436540696544331
2022,09,SWE.13.7_1,0.052208212868664734,0.6584696364751235
2022,09,SWE.13.8_1,0.052433852094377696,0.6765775514781891
2022,09,SWE.13.9_1,0.05170096049116265,0.6238999805601794
2022,09,SWE.14.1_1,0.05195515109003001,0.6403617214720574
2022,09,SWE.14.2_1,0.051027129612704746,0.5860379764628597
2022,09,SWE.14.3_1,0.052229853038685777,0.6601158105663112
2022,09,SWE.14.4_1,0.0522724547061954,0.6634081587486867
2022,09,SWE.14.5_1,0.051779651765562734,0.6288385028337425
2022,09,SWE.14.6_1,0.05197930009045992,0.642007895563245
2022,09,SWE.14.7_1,0.05150916362824008,0.6123767619218646
2022,09,SWE.14.8_1,0.05164733356276828,0.6206076323778039
2022,09,SWE.14.9_1,0.05112218944668981,0.5909764987364231
2022,09,SWE.15.10_1,0.05209660729105996,0.6502387660191843
2022,09,SWE.15.11_1,0.051215077114292185,0.5959150210099866
2022,09,SWE.15.12_1,0.05197930009045992,0.642007895563245
2022,09,SWE.15.13_1,0.05153726798409996,0.6140229360130525
2022,09,SWE.15.14_1,0.052073603186849574,0.6485925919279967
2022,09,SWE.15.15_1,0.0519307721638707,0.6387155473808697
2022,09,SWE.15.16_1,0.05112218944668981,0.5909764987364231
2022,09,SWE.15.17_1,0.052208212868664734,0.6584696364751235
2022,09,SWE.15.18_1,0.05197930009045992,0.642007895563245
2022,09,SWE.15.19_1,0.052208212868664734,0.6584696364751235
2022,09,SWE.15.1_1,0.05218634610021234,0.6568234623839355
2022,09,SWE.15.20_1,0.05167426387476831,0.6222538064689916
2022,09,SWE.15.21_1,0.051215077114292185,0.5959150210099866
2022,09,SWE.15.22_1,0.05249067830307118,0.6815160737517525
2022,09,SWE.15.23_1,0.05145224667665437,0.6090844137394891
2022,09,SWE.15.24_1,0.051245559016022034,0.5975611951011743
2022,09,SWE.15.25_1,0.05167426387476831,0.6222538064689916
2022,09,SWE.15.26_1,0.05239484993030008,0.6732852032958137
2022,09,SWE.15.2_1,0.052229853038685777,0.6601158105663112
2022,09,SWE.15.3_1,0.05133556875223217,0.6024997173747378
2022,09,SWE.15.4_1,0.051830950667243955,0.6321308510161183
2022,09,SWE.15.5_1,0.05112218944668981,0.5909764987364231
2022,09,SWE.15.6_1,0.05145224667665437,0.6090844137394891
2022,09,SWE.15.7_1,0.052208212868664734,0.6584696364751235
2022,09,SWE.15.8_1,0.052119383337397754,0.6518849401103719
2022,09,SWE.15.9_1,0.05188132323480752,0.635423199198494
2022,09,SWE.16.1_1,0.05185625257290876,0.6337770251073064
2022,09,SWE.16.2_1,0.05153726798409996,0.6140229360130525
2022,09,SWE.16.3_1,0.052073603186849574,0.6485925919279967
2022,09,SWE.16.4_1,0.05145224667665437,0.6090844137394891
2022,09,SWE.16.5_1,0.05249067830307118,0.6815160737517525
2022,09,SWE.16.6_1,0.05214193162471593,0.6535311142015597
2022,09,SWE.16.7_1,0.052229853038685777,0.6601158105663112
2022,09,SWE.17.10_1,0.05214193162471593,0.6535311142015597
2022,09,SWE.17.11_1,0.05209660729105996,0.6502387660191843
2022,09,SWE.17.12_1,0.051620169189404624,0.6189614582866159
2022,09,SWE.17.13_1,0.05188132323480752,0.635423199198494
2022,09,SWE.17.14_1,0.05133556875223217,0.6024997173747378
2022,09,SWE.17.15_1,0.051153392764334,0.5926226728276109
2022,09,SWE.17.16_1,0.051830950667243955,0.6321308510161183
2022,09,SWE.17.1_1,0.052003219485475795,0.6436540696544331
2022,09,SWE.17.2_1,0.05172742377378348,0.6255461546513671
2022,09,SWE.17.3_1,0.052073603186849574,0.6485925919279967
2022,09,SWE.17.4_1,0.052471959512757425,0.6798698996605649
2022,09,SWE.17.5_1,0.051779651765562734,0.6288385028337425
2022,09,SWE.17.6_1,0.05214193162471593,0.6535311142015597
2022,09,SWE.17.7_1,0.05180541717899287,0.6304846769249306
2022,09,SWE.17.8_1,0.05172742377378348,0.6255461546513671
2022,09,SWE.17.9_1,0.05150916362824008,0.6123767619218646
2022,09,SWE.18.10_1,0.051027129612704746,0.5860379764628597
2022,09,SWE.18.11_1,0.051275801307834684,0.5992073691923622
2022,09,SWE.18.14_1,0.05139438278534668,0.6057920655571134
2022,09,SWE.18.15_1,0.05167426387476831,0.6222538064689916
2022,09,SWE.18.1_1,0.05153726798409996,0.6140229360130525
2022,09,SWE.18.2_1,0.051480823322388014,0.6107305878306768
2022,09,SWE.18.4_1,0.0511843551745593,0.5942688469187988
2022,09,SWE.18.5_1,0.051275801307834684,0.5992073691923622
2022,09,SWE.18.6_1,0.05153726798409996,0.6140229360130525
2022,09,SWE.18.7_1,0.04979388238160787,0.5300680573624743
2022,09,SWE.19.1_1,0.051275801307834684,0.5992073691923622
2022,09,SWE.19.3_1,0.051830950667243955,0.6321308510161183
2022,09,SWE.19.4_1,0.051480823322388014,0.6107305878306768
2022,09,SWE.19.5_1,0.05180541717899287,0.6304846769249306
2022,09,SWE.19.6_1,0.05096254363983413,0.5827456282804843
2022,09,SWE.19.7_1,0.05237501269576768,0.6716390292046256
2022,09,SWE.2.10_1,0.05164733356276828,0.6206076323778039
2022,09,SWE.2.11_1,0.05164733356276828,0.6206076323778039
2022,09,SWE.2.12_1,0.05180541717899287,0.6304846769249306
2022,09,SWE.2.13_1,0.051153392764334,0.5926226728276109
2022,09,SWE.2.14_1,0.051245559016022034,0.5975611951011743
2022,09,SWE.2.2_1,0.0519307721638707,0.6387155473808697
2022,09,SWE.2.3_1,0.05190616298801224,0.6370693732896818
2022,09,SWE.2.4_1,0.05205037072239026,0.6469464178368088
2022,09,SWE.2.5_1,0.051480823322388014,0.6107305878306768
2022,09,SWE.2.7_1,0.05190616298801224,0.6370693732896818
2022,09,SWE.2.8_1,0.051480823322388014,0.6107305878306768
2022,09,SWE.2.9_1,0.05233466464754377,0.6683466810222501
2022,09,SWE.20.10_1,0.05205037072239026,0.6469464178368088
2022,09,SWE.20.11_1,0.05172742377378348,0.6255461546513671
2022,09,SWE.20.1_1,0.051830950667243955,0.6321308510161183
2022,09,SWE.20.2_1,0.0515651367757645,0.6156691101042403
2022,09,SWE.20.3_1,0.051027129612704746,0.5860379764628597
2022,09,SWE.20.4_1,0.05218634610021234,0.6568234623839355
2022,09,SWE.20.5_1,0.050994958206177235,0.5843918023716719
2022,09,SWE.20.6_1,0.0515651367757645,0.6156691101042403
2022,09,SWE.20.7_1,0.050994958206177235,0.5843918023716719
2022,09,SWE.20.8_1,0.05185625257290876,0.6337770251073064
2022,09,SWE.20.9_1,0.05142343329702805,0.6074382396483012
2022,09,SWE.21.10_1,0.05159277038496681,0.6173152841954281
2022,09,SWE.21.11_1,0.051215077114292185,0.5959150210099866
2022,09,SWE.21.12_1,0.05167426387476831,0.6222538064689916
2022,09,SWE.21.13_1,0.05112218944668981,0.5909764987364231
2022,09,SWE.21.14_1,0.051779651765562734,0.6288385028337425
2022,09,SWE.21.15_1,0.05172742377378348,0.6255461546513671
2022,09,SWE.21.16_1,0.05170096049116265,0.6238999805601794
2022,09,SWE.21.17_1,0.05205037072239026,0.6469464178368088
2022,09,SWE.21.18_1,0.05167426387476831,0.6222538064689916
2022,09,SWE.21.19_1,0.052003219485475795,0.6436540696544331
2022,09,SWE.21.1_1,0.052026909591761206,0.6453002437456209
2022,09,SWE.21.20_1,0.05170096049116265,0.6238999805601794
2022,09,SWE.21.21_1,0.051620169189404624,0.6189614582866159
2022,09,SWE.21.22_1,0.05130580441344553,0.60085354328355
2022,09,SWE.21.23_1,0.051245559016022034,0.5975611951011743
2022,09,SWE.21.24_1,0.05105905831904872,0.5876841505540475
2022,09,SWE.21.25_1,0.05170096049116265,0.6238999805601794
2022,09,SWE.21.26_1,0.05164733356276828,0.6206076323778039
2022,09,SWE.21.27_1,0.052208212868664734,0.6584696364751235
2022,09,SWE.21.28_1,0.051779651765562734,0.6288385028337425
2022,09,SWE.21.29_1,0.051753654080563635,0.6271923287425549
2022,09,SWE.21.2_1,0.05105905831904872,0.5876841505540475
2022,09,SWE.21.30_1,0.05145224667665437,0.6090844137394891
2022,09,SWE.21.32_1,0.05096254363983413,0.5827456282804843
2022,09,SWE.21.33_1,0.05185625257290876,0.6337770251073064
2022,09,SWE.21.34_1,0.051779651765562734,0.6288385028337425
2022,09,SWE.21.35_1,0.050896983165893,0.5794532800981085
2022,09,SWE.21.36_1,0.05159277038496681,0.6173152841954281
2022,09,SWE.21.37_1,0.05150916362824008,0.6123767619218646
2022,09,SWE.21.38_1,0.0511843551745593,0.5942688469187988
2022,09,SWE.21.39_1,0.05180541717899287,0.6304846769249306
2022,09,SWE.21.3_1,0.05145224667665437,0.6090844137394891
2022,09,SWE.21.40_1,0.051753654080563635,0.6271923287425549
2022,09,SWE.21.41_1,0.051753654080563635,0.6271923287425549
2022,09,SWE.21.42_1,0.051779651765562734,0.6288385028337425
2022,09,SWE.21.43_1,0.05130580441344553,0.60085354328355
2022,09,SWE.21.44_1,0.052026909591761206,0.6453002437456209
2022,09,SWE.21.45_1,0.052509174133467396,0.6831622478429403
2022,09,SWE.21.46_1,0.051753654080563635,0.6271923287425549
2022,09,SWE.21.47_1,0.051830950667243955,0.6321308510161183
2022,09,SWE.21.48_1,0.05150916362824008,0.6123767619218646
2022,09,SWE.21.49_1,0.05139438278534668,0.6057920655571134
2022,09,SWE.21.4_1,0.052026909591761206,0.6453002437456209
2022,09,SWE.21.50_1,0.05130580441344553,0.60085354328355
2022,09,SWE.21.51_1,0.052164252448364756,0.6551772882927477
2022,09,SWE.21.5_1,0.052208212868664734,0.6584696364751235
2022,09,SWE.21.6_1,0.05214193162471593,0.6535311142015597
2022,09,SWE.21.7_1,0.05167426387476831,0.6222538064689916
2022,09,SWE.21.8_1,0.05167426387476831,0.6222538064689916
2022,09,SWE.21.9_1,0.05136509473926653,0.6041458914659256
2022,09,SWE.3.10_1,0.05145224667665437,0.6090844137394891
2022,09,SWE.3.1_1,0.05153726798409996,0.6140229360130525
2022,09,SWE.3.2_1,0.05205037072239026,0.6469464178368088
2022,09,SWE.3.3_1,0.05188132323480752,0.635423199198494
2022,09,SWE.3.4_1,0.051830950667243955,0.6321308510161183
2022,09,SWE.3.5_1,0.05214193162471593,0.6535311142015597
2022,09,SWE.3.6_1,0.051779651765562734,0.6288385028337425
2022,09,SWE.3.7_1,0.05188132323480752,0.635423199198494
2022,09,SWE.3.8_1,0.052293416756575395,0.6650543328398746
2022,09,SWE.3.9_1,0.052164252448364756,0.6551772882927477
2022,09,SWE.4.1_1,0.05133556875223217,0.6024997173747378
2022,09,SWE.5.1_1,0.05237501269576768,0.6716390292046256
2022,09,SWE.5.2_1,0.0522724547061954,0.6634081587486867
2022,09,SWE.5.3_1,0.052003219485475795,0.6436540696544331
2022,09,SWE.5.4_1,0.0509298854493948,0.5810994541892964
2022,09,SWE.5.5_1,0.052314153314344615,0.6667005069310624
2022,09,SWE.5.6_1,0.052414462979312786,0.6749313773870013
2022,09,SWE.6.1_1,0.0519307721638707,0.6387155473808697
2022,09,SWE.6.2_1,0.049629391873039906,0.5234833609977231
2022,09,SWE.6.3_1,0.051753654080563635,0.6271923287425549
2022,09,SWE.6.4_1,0.051027129612704746,0.5860379764628597
2022,09,SWE.6.5_1,0.05153726798409996,0.6140229360130525
2022,09,SWE.6.6_1,0.05105905831904872,0.5876841505540475
2022,09,SWE.6.7_1,0.0511843551745593,0.5942688469187988
2022,09,SWE.6.8_1,0.0519307721638707,0.6387155473808697
2022,09,SWE.7.10_1,0.052208212868664734,0.6584696364751235
2022,09,SWE.7.11_1,0.051753654080563635,0.6271923287425549
2022,09,SWE.7.1_1,0.05209660729105996,0.6502387660191843
2022,09,SWE.7.2_1,0.05153726798409996,0.6140229360130525
2022,09,SWE.7.3_1,0.052119383337397754,0.6518849401103719
2022,09,SWE.7.4_1,0.05188132323480752,0.635423199198494
2022,09,SWE.7.5_1,0.05130580441344553,0.60085354328355
2022,09,SWE.7.6_1,0.052119383337397754,0.6518849401103719
2022,09,SWE.7.7_1,0.05195515109003001,0.6403617214720574
2022,09,SWE.7.8_1,0.05218634610021234,0.6568234623839355
2022,09,SWE.7.9_1,0.0519307721638707,0.6387155473808697
2022,09,SWE.8.10_1,0.051215077114292185,0.5959150210099866
2022,09,SWE.8.11_1,0.051275801307834684,0.5992073691923622
2022,09,SWE.8.12_1,0.051620169189404624,0.6189614582866159
2022,09,SWE.8.1_1,0.0501103663280194,0.5432374500919769
2022,09,SWE.8.2_1,0.0511843551745593,0.5942688469187988
2022,09,SWE.8.3_1,0.050762923555824645,0.5728685837333573
2022,09,SWE.8.4_1,0.052164252448364756,0.6551772882927477
2022,09,SWE.8.5_1,0.05072879360586478,0.5712224096421694
2022,09,SWE.8.6_1,0.05058979867855348,0.5646377132774182
2022,09,SWE.8.7_1,0.05145224667665437,0.6090844137394891
2022,09,SWE.8.8_1,0.0515651367757645,0.6156691101042403
2022,09,SWE.8.9_1,0.051090744780229125,0.5893303246452352
2022,09,SWE.9.1_1,0.0519307721638707,0.6387155473808697
2022,09,SWE.9.2_1,0.05218634610021234,0.6568234623839355
2022,09,SWE.9.3_1,0.05197930009045992,0.642007895563245
2022,09,SWE.9.4_1,0.051480823322388014,0.6107305878306768
2022,09,SWE.9.5_1,0.05133556875223217,0.6024997173747378
2022,09,SWE.9.6_1,0.05112218944668981,0.5909764987364231
2022,09,SWE.9.7_1,0.050994958206177235,0.5843918023716719
2022,09,SWE.9.8_1,0.050762923555824645,0.5728685837333573
2022,09,TUR.1.10_1,0.04928770524989073,0.5103139682682206
2022,09,TUR.1.11_1,0.04146692974117302,0.30618838096093226
2022,09,TUR.1.12_1,0.05105905831904872,0.5876841505540475
2022,09,TUR.1.13_1,0.0501103663280194,0.5432374500919769
2022,09,TUR.1.1_1,0.04557877152730658,0.39672795597626176
2022,09,TUR.1.2_1,0.04860028016372467,0.4856213569004033
2022,09,TUR.1.3_1,0.04505145781508002,0.38355856324675913
2022,09,TUR.1.4_1,0.048928780227836775,0.49714457553871816
2022,09,TUR.1.5_1,0.04779725330235869,0.45928257144139856
2022,09,TUR.1.6_1,0.05062491969522196,0.566283887368606
2022,09,TUR.1.7_1,0.047201537359435664,0.44117465643833265
2022,09,TUR.1.8_1,0.043928255257060636,0.35721977778775454
2022,09,TUR.1.9_1,0.043557630409150706,0.3489889073318153
2022,09,TUR.10.1_1,0.04620734080385178,0.4131896968881399
2022,09,TUR.10.2_1,0.052681919904129036,0.6996239887548183
2022,09,TUR.10.3_1,0.05261547992645943,0.6930392923900673
2022,09,TUR.10.4_1,0.05261547992645943,0.6930392923900673
2022,09,TUR.10.5_1,0.051245559016022034,0.5975611951011743
2022,09,TUR.10.6_1,0.05139438278534668,0.6057920655571134
2022,09,TUR.10.7_1,0.04954556650539373,0.5201910128153473
2022,09,TUR.10.8_1,0.04928770524989073,0.5103139682682206
2022,09,TUR.14.4_1,0.03607281500208523,0.2172949800367907
2022,09,TUR.14.6_1,0.035123363796757255,0.20412558730728841
2022,09,TUR.15.3_1,0.04363252781773647,0.3506350814230029
2022,09,TUR.16.2_1,0.04714556278384536,0.4395284823471448
2022,09,TUR.16.5_1,0.049629391873039906,0.5234833609977231
2022,09,TUR.17.3_1,0.0386693372522672,0.25680315822529814
2022,09,TUR.17.8_1,0.040309648644702586,0.2847881177754909
2022,09,TUR.18.1_1,0.03965247278100862,0.2732648991371762
2022,09,TUR.18.2_1,0.03936314024494707,0.26832637686361277
2022,09,TUR.18.3_1,0.03583971180974236,0.21400263185441507
2022,09,TUR.18.4_1,0.03412623157185026,0.19095619457778557
2022,09,TUR.18.5_1,0.038052947219128434,0.24692611367817127
2022,09,TUR.18.6_1,0.03572211292185989,0.21235645776322726
2022,09,TUR.18.7_1,0.03906904906606115,0.2633878545900494
2022,09,TUR.19.3_1,0.04805614037238394,0.46751344189733757
2022,09,TUR.2.1_1,0.03653082933036329,0.22387967640154194
2022,09,TUR.2.2_1,0.035244571867614226,0.20577176139847603
2022,09,TUR.2.3_1,0.03815711448739457,0.24857228776935908
2022,09,TUR.2.4_1,0.03641733358492081,0.22223350231035413
2022,09,TUR.2.5_1,0.037415481172192434,0.2370490691310444
2022,09,TUR.2.6_1,0.03618833279857845,0.21894115412797852
2022,09,TUR.2.7_1,0.04111928479340904,0.299603684596181
2022,09,TUR.2.8_1,0.03425362106688398,0.19260236866897354
2022,09,TUR.2.9_1,0.036303170180590476,0.22058732821916632
2022,09,TUR.20.2_1,0.040583840838342246,0.28972664004905413
2022,09,TUR.20.3_1,0.0431772494509194,0.34075803687587625
2022,09,TUR.20.4_1,0.04085369105983691,0.29466516232261775
2022,09,TUR.20.8_1,0.04146692974117302,0.30618838096093226
2022,09,TUR.21.14_1,0.050373824059813575,0.5547606687302915
2022,09,TUR.21.6_1,0.0501869125848009,0.5465297982743524
2022,09,TUR.26.13_1,0.034755242976112447,0.1991870650337246
2022,09,TUR.26.4_1,0.035244571867614226,0.20577176139847603
2022,09,TUR.27.1_1,0.05214193162471593,0.6535311142015597
2022,09,TUR.28.3_1,0.04779725330235869,0.45928257144139856
2022,09,TUR.28.5_1,0,0
2022,09,TUR.28.6_1,0.0486480449226894,0.4872675309915913
2022,09,TUR.28.7_1,0.04570716479010106,0.4000203041586374
2022,09,TUR.28.9_1,0.04538362379789287,0.39178943370269836
2022,09,TUR.30.8_1,0.03887029132280144,0.26009550640767376
2022,09,TUR.31.10_1,0.03916761477816945,0.26503402868123715
2022,09,TUR.31.11_1,0.0422229382583427,0.3210039477816227
2022,09,TUR.31.12_1,0.04538362379789287,0.39178943370269836
2022,09,TUR.31.13_1,0.04595991015899012,0.4066050005233886
2022,09,TUR.31.14_1,0.04094269112952864,0.29631133641380536
2022,09,TUR.31.15_1,0.04662780933786338,0.4247129155264545
2022,09,TUR.31.16_1,0.043781160047890774,0.3539274296053787
2022,09,TUR.31.17_1,0.04163802729961858,0.30948072914330804
2022,09,TUR.31.18_1,0.03965247278100862,0.2732648991371762
2022,09,TUR.31.19_1,0.04414604972159983,0.3621583000613178
2022,09,TUR.31.1_1,0.03877009095420586,0.2584493323164859
2022,09,TUR.31.2_1,0.037630377022224305,0.24034141731342004
2022,09,TUR.31.3_1,0.03916761477816945,0.26503402868123715
2022,09,TUR.31.4_1,0.03926564383465657,0.266680202772425
2022,09,TUR.31.5_1,0.04180733806480812,0.3127730773256835
2022,09,TUR.31.6_1,0.04674506200555749,0.42800526370883013
2022,09,TUR.31.7_1,0.03675584254760482,0.22717202458391755
2022,09,TUR.31.8_1,0.04085369105983691,0.29466516232261775
2022,09,TUR.31.9_1,0.040583840838342246,0.28972664004905413
2022,09,TUR.33.1_1,0.03500141152184486,0.20247941321610022
2022,09,TUR.33.2_1,0.043707037036673696,0.3522812555141909
2022,09,TUR.33.3_1,0,0
2022,09,TUR.33.4_1,0.03697825813395584,0.23046437276629317
2022,09,TUR.33.6_1,0,0
2022,09,TUR.34.10_1,0.052073603186849574,0.6485925919279967
2022,09,TUR.34.11_1,0.05286011726692017,0.7193780778490722
2022,09,TUR.34.12_1,0.0531139991256797,0.7572400819463919
2022,09,TUR.34.13_1,0.05291251505114327,0.7259627742138234
2022,09,TUR.34.14_1,0.04680321420386014,0.42965143780001797
2022,09,TUR.34.15_1,0.05271381582049649,0.7029163369371942
2022,09,TUR.34.16_1,0.052873543777416855,0.7210242519402599
2022,09,TUR.34.1_1,0.04742238019323161,0.4477593528030839
2022,09,TUR.34.2_1,0.052697978031837484,0.7012701628460062
2022,09,TUR.34.3_1,0.042140685134900234,0.3193577736904347
2022,09,TUR.34.4_1,0.05272943346864888,0.704562511028382
2022,09,TUR.34.5_1,0.05188132323480752,0.635423199198494
2022,09,TUR.34.6_1,0.052563326204599525,0.688100770116504
2022,09,TUR.34.7_1,0.05308737130406679,0.7523015596728285
2022,09,TUR.34.8_1,0.052414462979312786,0.6749313773870013
2022,09,TUR.34.9_1,0.05310533852843338,0.7555939078552041
2022,09,TUR.35.3_1,0.05142343329702805,0.6074382396483012
2022,09,TUR.35.4_1,0.0477445938297152,0.4576363973502107
2022,09,TUR.35.5_1,0.043482342804971263,0.3473427332406275
2022,09,TUR.35.6_1,0.05014876729526113,0.5448836241831645
2022,09,TUR.37.10_1,0.04855223450099176,0.4839751828092157
2022,09,TUR.37.11_1,0.051620169189404624,0.6189614582866159
2022,09,TUR.37.12_1,0.05058979867855348,0.5646377132774182
2022,09,TUR.37.1_1,0.04888268381186759,0.4954984014475303
2022,09,TUR.37.2_1,0.05069441664850874,0.5695762355509816
2022,09,TUR.37.3_1,0.04983435043727783,0.5317142314536621
2022,09,TUR.37.4_1,0.05026243845534718,0.5498221464567279
2022,09,TUR.37.5_1,0.04915514837799019,0.505375445994657
2022,09,TUR.37.6_1,0.05003279500166987,0.5399451019096012
2022,09,TUR.37.7_1,0.04878966200280433,0.4922060532651547
2022,09,TUR.37.8_1,0.0469185762059458,0.4329437859823936
2022,09,TUR.37.9_1,0.050336948532639994,0.5531144946391037
2022,09,TUR.38.1_1,0.037630377022224305,0.24034141731342004
2022,09,TUR.38.2_1,0.03641733358492081,0.22223350231035413
2022,09,TUR.38.3_1,0.03846615243245256,0.25351081004292253
2022,09,TUR.38.4_1,0.040309648644702586,0.2847881177754909
2022,09,TUR.39.10_1,0.04464120221428011,0.37368151869963245
2022,09,TUR.4.2_1,0.038969942626282526,0.26174168049886154
2022,09,TUR.4.3_1,0.03906904906606115,0.2633878545900494
2022,09,TUR.4.5_1,0.03906904906606115,0.2633878545900494
2022,09,TUR.4.8_1,0.03583971180974236,0.21400263185441507
2022,09,TUR.40.11_1,0.05062491969522196,0.566283887368606
2022,09,TUR.40.12_1,0.04950325646306588,0.5185448387241597
2022,09,TUR.40.13_1,0.05058979867855348,0.5646377132774182
2022,09,TUR.40.14_1,0.04954556650539373,0.5201910128153473
2022,09,TUR.40.15_1,0.04950325646306588,0.5185448387241597
2022,09,TUR.40.16_1,0.04987455794522565,0.5333604055448498
2022,09,TUR.40.17_1,0.04979388238160787,0.5300680573624743
2022,09,TUR.40.18_1,0.0499936234487549,0.5382989278184133
2022,09,TUR.40.19_1,0.0499936234487549,0.5382989278184133
2022,09,TUR.40.21_1,0.0499145055350864,0.5350065796360376
2022,09,TUR.40.23_1,0.05058979867855348,0.5646377132774182
2022,09,TUR.40.25_1,0.05048293923721877,0.5596991910038548
2022,09,TUR.40.26_1,0.049331351283146654,0.5119601423594082
2022,09,TUR.40.27_1,0.050896983165893,0.5794532800981085
2022,09,TUR.40.28_1,0.05055442861292879,0.5629915391862306
2022,09,TUR.40.29_1,0.05139438278534668,0.6057920655571134
2022,09,TUR.40.2_1,0.04906542085326684,0.5020830978122814
2022,09,TUR.40.31_1,0.0499145055350864,0.5350065796360376
2022,09,TUR.40.33_1,0.04979388238160787,0.5300680573624743
2022,09,TUR.40.34_1,0.04958761141743929,0.5218371869065354
2022,09,TUR.40.35_1,0.0511843551745593,0.5942688469187988
2022,09,TUR.40.36_1,0.050863836315639406,0.5778071060069206
2022,09,TUR.40.37_1,0.0501869125848009,0.5465297982743524
2022,09,TUR.40.39_1,0.050373824059813575,0.5547606687302915
2022,09,TUR.40.3_1,0.05072879360586478,0.5712224096421694
2022,09,TUR.40.4_1,0.05048293923721877,0.5596991910038548
2022,09,TUR.40.5_1,0.05022480277919351,0.5481759723655403
2022,09,TUR.40.6_1,0.05014876729526113,0.5448836241831645
2022,09,TUR.40.7_1,0.05055442861292879,0.5629915391862306
2022,09,TUR.40.8_1,0.048928780227836775,0.49714457553871816
2022,09,TUR.42.2_1,0.044916133728736464,0.3802662150643837
2022,09,TUR.42.6_1,0.04180733806480812,0.3127730773256835
2022,09,TUR.42.8_1,0.03675584254760482,0.22717202458391755
2022,09,TUR.42.9_1,0.04049293020878434,0.2880804659578665
2022,09,TUR.44.6_1,0.04230476300076717,0.32265012187281034
2022,09,TUR.45.1_1,0.046022262695637806,0.4082511746145766
2022,09,TUR.45.2_1,0.04758483377331325,0.45269787507664727
2022,09,TUR.45.3_1,0.04094269112952864,0.29631133641380536
2022,09,TUR.45.4_1,0.037415481172192434,0.2370490691310444
2022,09,TUR.45.5_1,0.044916133728736464,0.3802662150643837
2022,09,TUR.45.6_1,0.03846615243245256,0.25351081004292253
2022,09,TUR.45.7_1,0.04363252781773647,0.3506350814230029
2022,09,TUR.47.3_1,0.04111928479340904,0.299603684596181
2022,09,TUR.48.1_1,0,0
2022,09,TUR.48.2_1,0,0
2022,09,TUR.50.2_1,0.050336948532639994,0.5531144946391037
2022,09,TUR.50.3_1,0.048357225993317474,0.47739048644446447
2022,09,TUR.50.5_1,0.047953463777201444,0.46422109371496195
2022,09,TUR.52.1_1,0.05130580441344553,0.60085354328355
2022,09,TUR.52.2_1,0.04919960452199401,0.5070216200858451
2022,09,TUR.52.3_1,0.05139438278534668,0.6057920655571134
2022,09,TUR.52.4_1,0.05139438278534668,0.6057920655571134
2022,09,TUR.52.5_1,0.05105905831904872,0.5876841505540475
2022,09,TUR.52.6_1,0.05136509473926653,0.6041458914659256
2022,09,TUR.52.7_1,0.05245301752382454,0.6782237255693768
2022,09,TUR.53.11_1,0.04309997991144539,0.3391118627846884
2022,09,TUR.53.16_1,0.04163802729961858,0.30948072914330804
2022,09,TUR.53.27_1,0.0413807039973771,0.3045422068697446
2022,09,TUR.55.12_1,0.0353650433863403,0.20741793548966383
2022,09,TUR.55.14_1,0.03618833279857845,0.21894115412797852
2022,09,TUR.55.6_1,0.03906904906606115,0.2633878545900494
2022,09,TUR.57.3_1,0,0
2022,09,TUR.57.5_1,0,0
2022,09,TUR.57.7_1,0,0
2022,09,TUR.58.10_1,0.04878966200280433,0.4922060532651547
2022,09,TUR.58.1_1,0.046022262695637806,0.4082511746145766
2022,09,TUR.58.7_1,0.0469185762059458,0.4329437859823936
2022,09,TUR.59.4_1,0.04511859008333923,0.3852047373379471
2022,09,TUR.60.1_1,0.03730711243696059,0.2354028950398566
2022,09,TUR.60.2_1,0.035244571867614226,0.20577176139847603
2022,09,TUR.60.3_1,0.03697825813395584,0.23046437276629317
2022,09,TUR.60.4_1,0.037415481172192434,0.2370490691310444
2022,09,TUR.60.5_1,0.036303170180590476,0.22058732821916632
2022,09,TUR.60.6_1,0.0353650433863403,0.20741793548966383
2022,09,TUR.62.3_1,0.0422229382583427,0.3210039477816227
2022,09,TUR.62.6_1,0.04172290466647002,0.31112690323449566
2022,09,TUR.63.10_1,0.05302829327582297,0.7424245151257014
2022,09,TUR.63.14_1,0.05313067481683076,0.7605324301287674
2022,09,TUR.63.15_1,0.05029982018457406,0.5514683205479157
2022,09,TUR.63.7_1,0.05304884961749354,0.7457168633080773
2022,09,TUR.64.4_1,0.04662780933786338,0.4247129155264545
2022,09,TUR.64.5_1,0.04845529711698766,0.48068283462683986
2022,09,TUR.64.6_1,0.04674506200555749,0.42800526370883013
2022,09,TUR.64.7_1,0.04820797838828584,0.47245196417090085
2022,09,TUR.65.10_1,0.053168603210577474,0.7687633005847065
2022,09,TUR.65.11_1,0.05261547992645943,0.6930392923900673
2022,09,TUR.65.12_1,0.05313869011330382,0.7621786042199553
2022,09,TUR.65.1_1,0.05209660729105996,0.6502387660191843
2022,09,TUR.65.2_1,0.0522724547061954,0.6634081587486867
2022,09,TUR.65.3_1,0.05291251505114327,0.7259627742138234
2022,09,TUR.65.4_1,0.05319508362093062,0.7753479969494577
2022,09,TUR.65.5_1,0.05288675213648994,0.7226704260314479
2022,09,TUR.65.6_1,0.05291251505114327,0.7259627742138234
2022,09,TUR.65.7_1,0.0531139991256797,0.7572400819463919
2022,09,TUR.65.8_1,0.05007170909482309,0.541591276000789
2022,09,TUR.65.9_1,0.05321269433568293,0.7802865192230211
2022,09,TUR.66.10_1,0.051027129612704746,0.5860379764628597
2022,09,TUR.66.11_1,0.05209660729105996,0.6502387660191843
2022,09,TUR.66.12_1,0.05190616298801224,0.6370693732896818
2022,09,TUR.66.13_1,0.04937472871719465,0.5136063164505963
2022,09,TUR.66.1_1,0.05112218944668981,0.5909764987364231
2022,09,TUR.66.2_1,0.05164733356276828,0.6206076323778039
2022,09,TUR.66.3_1,0.050762923555824645,0.5728685837333573
2022,09,TUR.66.4_1,0.052164252448364756,0.6551772882927477
2022,09,TUR.66.5_1,0.05112218944668981,0.5909764987364231
2022,09,TUR.66.6_1,0.05133556875223217,0.6024997173747378
2022,09,TUR.66.7_1,0.05096254363983413,0.5827456282804843
2022,09,TUR.66.8_1,0.05263242145611054,0.694685466481255
2022,09,TUR.66.9_1,0.05185625257290876,0.6337770251073064
2022,09,TUR.68.10_1,0.0348787072366215,0.20083323912491277
2022,09,TUR.68.11_1,0.03294206536714556,0.17614062775709546
2022,09,TUR.68.1_1,0.035244571867614226,0.20577176139847603
2022,09,TUR.68.2_1,0.03463101061207305,0.197540890942537
2022,09,TUR.68.3_1,0.038363712430519385,0.2518646359517347
2022,09,TUR.68.4_1,0.0353650433863403,0.20741793548966383
2022,09,TUR.68.5_1,0.03641733358492081,0.22223350231035413
2022,09,TUR.68.6_1,0.034755242976112447,0.1991870650337246
2022,09,TUR.68.7_1,0.03607281500208523,0.2172949800367907
2022,09,TUR.68.8_1,0.0328061222075634,0.17449445366590766
2022,09,TUR.68.9_1,0.03450600184826781,0.19589471685134918
2022,09,TUR.69.2_1,0.0348787072366215,0.20083323912491277
2022,09,TUR.69.6_1,0.0386693372522672,0.25680315822529814
2022,09,TUR.69.7_1,0.03334452631011369,0.1810791500306589
2022,09,TUR.71.2_1,0,0
2022,09,TUR.71.4_1,0,0
2022,09,TUR.72.11_1,0.04747683236433654,0.44940552689427166
2022,09,TUR.72.14_1,0.04531788659864046,0.39014325961151053
2022,09,TUR.73.1_1,0.05014876729526113,0.5448836241831645
2022,09,TUR.73.2_1,0.04800494781721671,0.46586726780614957
2022,09,TUR.73.5_1,0.05058979867855348,0.5646377132774182
2022,09,TUR.73.8_1,0.05007170909482309,0.541591276000789
2022,09,TUR.75.10_1,0.052873543777416855,0.7210242519402599
2022,09,TUR.75.11_1,0.052527447239470323,0.684808421934128
2022,09,TUR.75.12_1,0.05297311577785519,0.7341936446697623
2022,09,TUR.75.13_1,0.0532741261067798,0.806625304682026
2022,09,TUR.75.14_1,0.05278970652254909,0.7111472073931331
2022,09,TUR.75.15_1,0.05327615129516936,0.8379026124145946
2022,09,TUR.75.16_1,0.05288675213648994,0.7226704260314479
2022,09,TUR.75.17_1,0.052832609123679944,0.7160857296666967
2022,09,TUR.75.18_1,0.05281852714974558,0.7144395555755086
2022,09,TUR.75.1_1,0.05281852714974558,0.7144395555755086
2022,09,TUR.75.2_1,0.053058803732436176,0.747363037399265
2022,09,TUR.75.3_1,0.05316144696564365,0.7671171264935186
2022,09,TUR.75.4_1,0.05297311577785519,0.7341936446697623
2022,09,TUR.75.5_1,0.052681919904129036,0.6996239887548183
2022,09,TUR.75.6_1,0.051480823322388014,0.6107305878306768
2022,09,TUR.75.7_1,0.053168603210577474,0.7687633005847065
2022,09,TUR.75.8_1,0.05276000912265161,0.7078548592107574
2022,09,TUR.75.9_1,0.05266564123582235,0.6979778146636306
2022,09,TUR.78.6_1,0.04003102525810487,0.27984959550192745
2022,09,TUR.78.7_1,0.039842768713071956,0.27655724731955184
2022,09,TUR.78.9_1,0.03993715009915037,0.27820342141073967
2022,09,TUR.79.1_1,0.05079680699627496,0.5745147578245451
2022,09,TUR.8.10_1,0.049629391873039906,0.5234833609977231
2022,09,TUR.8.11_1,0.043482342804971263,0.3473427332406275
2022,09,TUR.8.12_1,0.04703268937654788,0.4362361341647692
2022,09,TUR.8.13_1,0.04620734080385178,0.4131896968881399
2022,09,TUR.8.14_1,0.04697578832403848,0.4345899600735814
2022,09,TUR.8.15_1,0.043482342804971263,0.3473427332406275
2022,09,TUR.8.1_1,0.046568706480874744,0.42306674143526674
2022,09,TUR.8.2_1,0.04686105188294068,0.43129761189120575
2022,09,TUR.8.3_1,0.04120688441510219,0.301249858687369
2022,09,TUR.8.4_1,0.04525180292938667,0.3884970855203227
2022,09,TUR.8.5_1,0.0501869125848009,0.5465297982743524
2022,09,TUR.8.6_1,0.046329089786646904,0.4164820450705155
2022,09,TUR.8.7_1,0.044571567352646245,0.3720353446084446
2022,09,TUR.8.8_1,0.0477445938297152,0.4576363973502107
2022,09,TUR.8.9_1,0.04477938622210568,0.37697386688200824
2022,09,TUR.9.1_1,0,0
2022,09,TUR.9.2_1,0,0
2022,09,TUR.9.3_1,0.04674506200555749,0.42800526370883013
2022,09,TUR.9.4_1,0.04840640370142203,0.4790366605356521
2022,09,TUR.9.5_1,0.04662780933786338,0.4247129155264545
2022,09,TUR.9.6_1,0.048357225993317474,0.47739048644446447
2022,09,UKR.1.10_1,0,0
2022,09,UKR.1.11_1,0,0
2022,09,UKR.1.12_1,0.052003219485475795,0.6436540696544331
2022,09,UKR.1.13_1,0.051480823322388014,0.6107305878306768
2022,09,UKR.1.14_1,0,0
2022,09,UKR.1.15_1,0.050518808975243044,0.5613453650950425
2022,09,UKR.1.16_1,0,0
2022,09,UKR.1.17_1,0,0
2022,09,UKR.1.18_1,0,0
2022,09,UKR.1.19_1,0,0
2022,09,UKR.1.1_1,0,0
2022,09,UKR.1.20_1,0,0
2022,09,UKR.1.21_1,0.05153726798409996,0.6140229360130525
2022,09,UKR.1.22_1,0,0
2022,09,UKR.1.23_1,0,0
2022,09,UKR.1.2_1,0,0
2022,09,UKR.1.3_1,0,0
2022,09,UKR.1.4_1,0,0
2022,09,UKR.1.5_1,0,0
2022,09,UKR.1.6_1,0,0
2022,09,UKR.1.7_1,0,0
2022,09,UKR.1.8_1,0,0
2022,09,UKR.1.9_1,0.051753654080563635,0.6271923287425549
2022,09,UKR.10.10_1,0,0
2022,09,UKR.10.11_1,0,0
2022,09,UKR.10.12_1,0,0
2022,09,UKR.10.13_1,0,0
2022,09,UKR.10.14_1,0,0
2022,09,UKR.10.15_1,0,0
2022,09,UKR.10.16_1,0,0
2022,09,UKR.10.17_1,0,0
2022,09,UKR.10.18_1,0,0
2022,09,UKR.10.19_1,0,0
2022,09,UKR.10.1_1,0,0
2022,09,UKR.10.20_1,0,0
2022,09,UKR.10.21_1,0,0
2022,09,UKR.10.22_1,0,0
2022,09,UKR.10.23_1,0,0
2022,09,UKR.10.2_1,0,0
2022,09,UKR.10.3_1,0,0
2022,09,UKR.10.4_1,0,0
2022,09,UKR.10.5_1,0,0
2022,09,UKR.10.6_1,0,0
2022,09,UKR.10.7_1,0,0
2022,09,UKR.10.8_1,0,0
2022,09,UKR.10.9_1,0,0
2022,09,UKR.11.10_1,0.050373824059813575,0.5547606687302915
2022,09,UKR.11.2_1,0.05153726798409996,0.6140229360130525
2022,09,UKR.11.3_1,0.05058979867855348,0.5646377132774182
2022,09,UKR.11.4_1,0.051830950667243955,0.6321308510161183
2022,09,UKR.11.5_1,0.051275801307834684,0.5992073691923622
2022,09,UKR.11.6_1,0.051480823322388014,0.6107305878306768
2022,09,UKR.11.7_1,0.05153726798409996,0.6140229360130525
2022,09,UKR.11.8_1,0.05153726798409996,0.6140229360130525
2022,09,UKR.11.9_1,0.051215077114292185,0.5959150210099866
2022,09,UKR.12.10_1,0.051480823322388014,0.6107305878306768
2022,09,UKR.12.11_1,0.051027129612704746,0.5860379764628597
2022,09,UKR.12.12_1,0.05142343329702805,0.6074382396483012
2022,09,UKR.12.13_1,0.051090744780229125,0.5893303246452352
2022,09,UKR.12.14_1,0.05145224667665437,0.6090844137394891
2022,09,UKR.12.15_1,0.05130580441344553,0.60085354328355
2022,09,UKR.12.16_1,0.05062491969522196,0.566283887368606
2022,09,UKR.12.17_1,0.05188132323480752,0.635423199198494
2022,09,UKR.12.18_1,0.052003219485475795,0.6436540696544331
2022,09,UKR.12.19_1,0.05172742377378348,0.6255461546513671
2022,09,UKR.12.1_1,0.051480823322388014,0.6107305878306768
2022,09,UKR.12.20_1,0.051480823322388014,0.6107305878306768
2022,09,UKR.12.21_1,0.050896983165893,0.5794532800981085
2022,09,UKR.12.22_1,0.05167426387476831,0.6222538064689916
2022,09,UKR.12.23_1,0.051245559016022034,0.5975611951011743
2022,09,UKR.12.24_1,0.050896983165893,0.5794532800981085
2022,09,UKR.12.25_1,0.05065979218091025,0.5679300614597937
2022,09,UKR.12.26_1,0.051027129612704746,0.5860379764628597
2022,09,UKR.12.27_1,0.05145224667665437,0.6090844137394891
2022,09,UKR.12.28_1,0.05105905831904872,0.5876841505540475
2022,09,UKR.12.29_1,0.05142343329702805,0.6074382396483012
2022,09,UKR.12.2_1,0.05133556875223217,0.6024997173747378
2022,09,UKR.12.30_1,0.05153726798409996,0.6140229360130525
2022,09,UKR.12.3_1,0.05150916362824008,0.6123767619218646
2022,09,UKR.12.4_1,0.051779651765562734,0.6288385028337425
2022,09,UKR.12.5_1,0.0511843551745593,0.5942688469187988
2022,09,UKR.12.6_1,0.051275801307834684,0.5992073691923622
2022,09,UKR.12.7_1,0.05062491969522196,0.566283887368606
2022,09,UKR.12.8_1,0.050863836315639406,0.5778071060069206
2022,09,UKR.12.9_1,0.05170096049116265,0.6238999805601794
2022,09,UKR.13.10_1,0,0
2022,09,UKR.13.11_1,0,0
2022,09,UKR.13.12_1,0,0
2022,09,UKR.13.13_1,0,0
2022,09,UKR.13.14_1,0,0
2022,09,UKR.13.15_1,0,0
2022,09,UKR.13.16_1,0,0
2022,09,UKR.13.17_1,0,0
2022,09,UKR.13.18_1,0,0
2022,09,UKR.13.19_1,0,0
2022,09,UKR.13.1_1,0,0
2022,09,UKR.13.20_1,0,0
2022,09,UKR.13.21_1,0,0
2022,09,UKR.13.2_1,0,0
2022,09,UKR.13.3_1,0,0
2022,09,UKR.13.4_1,0,0
2022,09,UKR.13.5_1,0,0
2022,09,UKR.13.6_1,0,0
2022,09,UKR.13.7_1,0,0
2022,09,UKR.13.8_1,0,0
2022,09,UKR.13.9_1,0,0
2022,09,UKR.14.10_1,0,0
2022,09,UKR.14.11_1,0,0
2022,09,UKR.14.12_1,0,0
2022,09,UKR.14.13_1,0,0
2022,09,UKR.14.14_1,0,0
2022,09,UKR.14.15_1,0,0
2022,09,UKR.14.16_1,0,0
2022,09,UKR.14.17_1,0,0
2022,09,UKR.14.18_1,0,0
2022,09,UKR.14.19_1,0,0
2022,09,UKR.14.1_1,0,0
2022,09,UKR.14.20_1,0,0
2022,09,UKR.14.21_1,0,0
2022,09,UKR.14.22_1,0,0
2022,09,UKR.14.23_1,0,0
2022,09,UKR.14.24_1,0,0
2022,09,UKR.14.25_1,0,0
2022,09,UKR.14.2_1,0,0
2022,09,UKR.14.3_1,0,0
2022,09,UKR.14.4_1,0,0
2022,09,UKR.14.5_1,0,0
2022,09,UKR.14.6_1,0,0
2022,09,UKR.14.7_1,0,0
2022,09,UKR.14.8_1,0,0
2022,09,UKR.14.9_1,0,0
2022,09,UKR.15.10_1,0,0
2022,09,UKR.15.11_1,0,0
2022,09,UKR.15.12_1,0,0
2022,09,UKR.15.13_1,0,0
2022,09,UKR.15.14_1,0,0
2022,09,UKR.15.15_1,0,0
2022,09,UKR.15.16_1,0,0
2022,09,UKR.15.17_1,0,0
2022,09,UKR.15.18_1,0,0
2022,09,UKR.15.19_1,0,0
2022,09,UKR.15.1_1,0,0
2022,09,UKR.15.20_1,0,0
2022,09,UKR.15.21_1,0,0
2022,09,UKR.15.22_1,0,0
2022,09,UKR.15.23_1,0,0
2022,09,UKR.15.24_1,0,0
2022,09,UKR.15.25_1,0,0
2022,09,UKR.15.26_1,0,0
2022,09,UKR.15.27_1,0,0
2022,09,UKR.15.28_1,0,0
2022,09,UKR.15.29_1,0,0
2022,09,UKR.15.2_1,0,0
2022,09,UKR.15.30_1,0,0
2022,09,UKR.15.31_1,0,0
2022,09,UKR.15.32_1,0,0
2022,09,UKR.15.3_1,0,0
2022,09,UKR.15.4_1,0,0
2022,09,UKR.15.5_1,0,0
2022,09,UKR.15.6_1,0,0
2022,09,UKR.15.7_1,0,0
2022,09,UKR.15.8_1,0,0
2022,09,UKR.15.9_1,0,0
2022,09,UKR.16.10_1,0,0
2022,09,UKR.16.11_1,0,0
2022,09,UKR.16.12_1,0,0
2022,09,UKR.16.13_1,0,0
2022,09,UKR.16.14_1,0,0
2022,09,UKR.16.15_1,0,0
2022,09,UKR.16.16_1,0,0
2022,09,UKR.16.17_1,0,0
2022,09,UKR.16.18_1,0,0
2022,09,UKR.16.19_1,0,0
2022,09,UKR.16.1_1,0,0
2022,09,UKR.16.20_1,0,0
2022,09,UKR.16.21_1,0,0
2022,09,UKR.16.22_1,0,0
2022,09,UKR.16.2_1,0,0
2022,09,UKR.16.3_1,0,0
2022,09,UKR.16.4_1,0,0
2022,09,UKR.16.5_1,0,0
2022,09,UKR.16.6_1,0,0
2022,09,UKR.16.7_1,0,0
2022,09,UKR.16.8_1,0,0
2022,09,UKR.16.9_1,0,0
2022,09,UKR.17.10_1,0,0
2022,09,UKR.17.11_1,0.04874273502767039,0.49055987917396693
2022,09,UKR.17.12_1,0.04906542085326684,0.5020830978122814
2022,09,UKR.17.13_1,0,0
2022,09,UKR.17.14_1,0,0
2022,09,UKR.17.15_1,0,0
2022,09,UKR.17.16_1,0,0
2022,09,UKR.17.17_1,0,0
2022,09,UKR.17.18_1,0,0
2022,09,UKR.17.19_1,0,0
2022,09,UKR.17.1_1,0,0
2022,09,UKR.17.20_1,0,0
2022,09,UKR.17.21_1,0,0
2022,09,UKR.17.22_1,0.04897460136000213,0.498790749629906
2022,09,UKR.17.23_1,0,0
2022,09,UKR.17.24_1,0,0
2022,09,UKR.17.25_1,0,0
2022,09,UKR.17.26_1,0,0
2022,09,UKR.17.27_1,0.048357225993317474,0.47739048644446447
2022,09,UKR.17.28_1,0,0
2022,09,UKR.17.29_1,0,0
2022,09,UKR.17.2_1,0,0
2022,09,UKR.17.3_1,0,0
2022,09,UKR.17.4_1,0,0
2022,09,UKR.17.5_1,0,0
2022,09,UKR.17.6_1,0,0
2022,09,UKR.17.7_1,0,0
2022,09,UKR.17.8_1,0.047201537359435664,0.44117465643833265
2022,09,UKR.17.9_1,0,0
2022,09,UKR.18.10_1,0,0
2022,09,UKR.18.11_1,0,0
2022,09,UKR.18.12_1,0,0
2022,09,UKR.18.13_1,0,0
2022,09,UKR.18.14_1,0,0
2022,09,UKR.18.15_1,0,0
2022,09,UKR.18.16_1,0,0
2022,09,UKR.18.17_1,0,0
2022,09,UKR.18.18_1,0,0
2022,09,UKR.18.19_1,0,0
2022,09,UKR.18.1_1,0,0
2022,09,UKR.18.20_1,0,0
2022,09,UKR.18.21_1,0,0
2022,09,UKR.18.22_1,0,0
2022,09,UKR.18.23_1,0,0
2022,09,UKR.18.24_1,0,0
2022,09,UKR.18.25_1,0,0
2022,09,UKR.18.26_1,0,0
2022,09,UKR.18.27_1,0,0
2022,09,UKR.18.28_1,0,0
2022,09,UKR.18.29_1,0,0
2022,09,UKR.18.2_1,0,0
2022,09,UKR.18.3_1,0,0
2022,09,UKR.18.4_1,0,0
2022,09,UKR.18.5_1,0,0
2022,09,UKR.18.6_1,0,0
2022,09,UKR.18.7_1,0,0
2022,09,UKR.18.8_1,0,0
2022,09,UKR.18.9_1,0,0
2022,09,UKR.19.10_1,0,0
2022,09,UKR.19.11_1,0,0
2022,09,UKR.19.12_1,0,0
2022,09,UKR.19.13_1,0,0
2022,09,UKR.19.14_1,0.05159277038496681,0.6173152841954281
2022,09,UKR.19.15_1,0,0
2022,09,UKR.19.16_1,0,0
2022,09,UKR.19.17_1,0.050863836315639406,0.5778071060069206
2022,09,UKR.19.18_1,0,0
2022,09,UKR.19.1_1,0,0
2022,09,UKR.19.2_1,0,0
2022,09,UKR.19.3_1,0,0
2022,09,UKR.19.4_1,0,0
2022,09,UKR.19.5_1,0.05190616298801224,0.6370693732896818
2022,09,UKR.19.6_1,0,0
2022,09,UKR.19.7_1,0,0
2022,09,UKR.19.8_1,0,0
2022,09,UKR.19.9_1,0,0
2022,09,UKR.2.10_1,0.050518808975243044,0.5613453650950425
2022,09,UKR.2.11_1,0,0
2022,09,UKR.2.12_1,0,0
2022,09,UKR.2.13_1,0,0
2022,09,UKR.2.14_1,0,0
2022,09,UKR.2.15_1,0.051620169189404624,0.6189614582866159
2022,09,UKR.2.16_1,0,0
2022,09,UKR.2.17_1,0,0
2022,09,UKR.2.18_1,0.051480823322388014,0.6107305878306768
2022,09,UKR.2.19_1,0,0
2022,09,UKR.2.1_1,0,0
2022,09,UKR.2.20_1,0,0
2022,09,UKR.2.21_1,0,0
2022,09,UKR.2.22_1,0,0
2022,09,UKR.2.23_1,0,0
2022,09,UKR.2.24_1,0,0
2022,09,UKR.2.25_1,0,0
2022,09,UKR.2.2_1,0.0509298854493948,0.5810994541892964
2022,09,UKR.2.3_1,0,0
2022,09,UKR.2.4_1,0,0
2022,09,UKR.2.5_1,0.05014876729526113,0.5448836241831645
2022,09,UKR.2.6_1,0,0
2022,09,UKR.2.7_1,0,0
2022,09,UKR.2.8_1,0,0
2022,09,UKR.2.9_1,0,0
2022,09,UKR.20.1_1,0.05007170909482309,0.541591276000789
2022,09,UKR.20.2_1,0.049712162077826534,0.5267757091800985
2022,09,UKR.20.3_1,0.0499145055350864,0.5350065796360376
2022,09,UKR.20.4_1,0.04983435043727783,0.5317142314536621
2022,09,UKR.21.10_1,0,0
2022,09,UKR.21.11_1,0,0
2022,09,UKR.21.12_1,0,0
2022,09,UKR.21.13_1,0,0
2022,09,UKR.21.14_1,0.051027129612704746,0.5860379764628597
2022,09,UKR.21.15_1,0,0
2022,09,UKR.21.16_1,0,0
2022,09,UKR.21.17_1,0,0
2022,09,UKR.21.18_1,0,0
2022,09,UKR.21.19_1,0,0
2022,09,UKR.21.1_1,0.04950325646306588,0.5185448387241597
2022,09,UKR.21.20_1,0,0
2022,09,UKR.21.21_1,0.051480823322388014,0.6107305878306768
2022,09,UKR.21.22_1,0,0
2022,09,UKR.21.23_1,0,0
2022,09,UKR.21.2_1,0,0
2022,09,UKR.21.3_1,0.05041044732091454,0.5564068428214793
2022,09,UKR.21.4_1,0,0
2022,09,UKR.21.5_1,0,0
2022,09,UKR.21.6_1,0,0
2022,09,UKR.21.7_1,0.05072879360586478,0.5712224096421694
2022,09,UKR.21.8_1,0,0
2022,09,UKR.21.9_1,0,0
2022,09,UKR.22.10_1,0,0
2022,09,UKR.22.11_1,0,0
2022,09,UKR.22.12_1,0,0
2022,09,UKR.22.13_1,0,0
2022,09,UKR.22.14_1,0,0
2022,09,UKR.22.15_1,0,0
2022,09,UKR.22.16_1,0,0
2022,09,UKR.22.17_1,0,0
2022,09,UKR.22.18_1,0,0
2022,09,UKR.22.1_1,0,0
2022,09,UKR.22.2_1,0,0
2022,09,UKR.22.3_1,0,0
2022,09,UKR.22.4_1,0,0
2022,09,UKR.22.5_1,0,0
2022,09,UKR.22.6_1,0,0
2022,09,UKR.22.7_1,0,0
2022,09,UKR.22.8_1,0,0
2022,09,UKR.22.9_1,0,0
2022,09,UKR.23.10_1,0,0
2022,09,UKR.23.11_1,0.05195515109003001,0.6403617214720574
2022,09,UKR.23.12_1,0.051275801307834684,0.5992073691923622
2022,09,UKR.23.13_1,0.05271381582049649,0.7029163369371942
2022,09,UKR.23.14_1,0,0
2022,09,UKR.23.15_1,0.0522724547061954,0.6634081587486867
2022,09,UKR.23.1_1,0.0511843551745593,0.5942688469187988
2022,09,UKR.23.2_1,0,0
2022,09,UKR.23.3_1,0,0
2022,09,UKR.23.4_1,0,0
2022,09,UKR.23.5_1,0,0
2022,09,UKR.23.6_1,0,0
2022,09,UKR.23.7_1,0.05280422634198436,0.712793381484321
2022,09,UKR.23.8_1,0,0
2022,09,UKR.23.9_1,0,0
2022,09,UKR.24.10_1,0,0
2022,09,UKR.24.11_1,0,0
2022,09,UKR.24.12_1,0,0
2022,09,UKR.24.13_1,0.05105905831904872,0.5876841505540475
2022,09,UKR.24.14_1,0.05142343329702805,0.6074382396483012
2022,09,UKR.24.15_1,0,0
2022,09,UKR.24.16_1,0,0
2022,09,UKR.24.17_1,0.050518808975243044,0.5613453650950425
2022,09,UKR.24.18_1,0,0
2022,09,UKR.24.19_1,0.051753654080563635,0.6271923287425549
2022,09,UKR.24.1_1,0,0
2022,09,UKR.24.20_1,0,0
2022,09,UKR.24.21_1,0,0
2022,09,UKR.24.22_1,0,0
2022,09,UKR.24.23_1,0,0
2022,09,UKR.24.24_1,0,0
2022,09,UKR.24.25_1,0,0
2022,09,UKR.24.26_1,0,0
2022,09,UKR.24.27_1,0,0
2022,09,UKR.24.28_1,0,0
2022,09,UKR.24.29_1,0,0
2022,09,UKR.24.2_1,0,0
2022,09,UKR.24.3_1,0,0
2022,09,UKR.24.4_1,0.050994958206177235,0.5843918023716719
2022,09,UKR.24.5_1,0,0
2022,09,UKR.24.6_1,0,0
2022,09,UKR.24.7_1,0,0
2022,09,UKR.24.8_1,0,0
2022,09,UKR.24.9_1,0,0
2022,09,UKR.25.10_1,0,0
2022,09,UKR.25.11_1,0,0
2022,09,UKR.25.12_1,0,0
2022,09,UKR.25.13_1,0,0
2022,09,UKR.25.14_1,0.05058979867855348,0.5646377132774182
2022,09,UKR.25.15_1,0,0
2022,09,UKR.25.16_1,0.051215077114292185,0.5959150210099866
2022,09,UKR.25.17_1,0,0
2022,09,UKR.25.18_1,0,0
2022,09,UKR.25.19_1,0,0
2022,09,UKR.25.1_1,0,0
2022,09,UKR.25.2_1,0,0
2022,09,UKR.25.3_1,0,0
2022,09,UKR.25.4_1,0,0
2022,09,UKR.25.5_1,0,0
2022,09,UKR.25.6_1,0,0
2022,09,UKR.25.7_1,0.05130580441344553,0.60085354328355
2022,09,UKR.25.8_1,0,0
2022,09,UKR.25.9_1,0,0
2022,09,UKR.26.10_1,0,0
2022,09,UKR.26.11_1,0,0
2022,09,UKR.26.12_1,0,0
2022,09,UKR.26.13_1,0,0
2022,09,UKR.26.14_1,0,0
2022,09,UKR.26.15_1,0,0
2022,09,UKR.26.16_1,0,0
2022,09,UKR.26.17_1,0,0
2022,09,UKR.26.18_1,0,0
2022,09,UKR.26.19_1,0,0
2022,09,UKR.26.1_1,0,0
2022,09,UKR.26.20_1,0,0
2022,09,UKR.26.21_1,0,0
2022,09,UKR.26.22_1,0,0
2022,09,UKR.26.23_1,0,0
2022,09,UKR.26.24_1,0,0
2022,09,UKR.26.25_1,0,0
2022,09,UKR.26.2_1,0,0
2022,09,UKR.26.3_1,0,0
2022,09,UKR.26.4_1,0,0
2022,09,UKR.26.5_1,0,0
2022,09,UKR.26.6_1,0,0
2022,09,UKR.26.7_1,0,0
2022,09,UKR.26.8_1,0,0
2022,09,UKR.26.9_1,0,0
2022,09,UKR.27.10_1,0,0
2022,09,UKR.27.11_1,0,0
2022,09,UKR.27.12_1,0,0
2022,09,UKR.27.13_1,0,0
2022,09,UKR.27.14_1,0,0
2022,09,UKR.27.15_1,0.050762923555824645,0.5728685837333573
2022,09,UKR.27.16_1,0.05044681886536148,0.558053016912667
2022,09,UKR.27.17_1,0,0
2022,09,UKR.27.18_1,0,0
2022,09,UKR.27.19_1,0,0
2022,09,UKR.27.1_1,0,0
2022,09,UKR.27.20_1,0,0
2022,09,UKR.27.21_1,0.051027129612704746,0.5860379764628597
2022,09,UKR.27.22_1,0.05044681886536148,0.558053016912667
2022,09,UKR.27.23_1,0,0
2022,09,UKR.27.24_1,0.05069441664850874,0.5695762355509816
2022,09,UKR.27.25_1,0,0
2022,09,UKR.27.26_1,0,0
2022,09,UKR.27.27_1,0,0
2022,09,UKR.27.2_1,0,0
2022,09,UKR.27.3_1,0,0
2022,09,UKR.27.4_1,0,0
2022,09,UKR.27.5_1,0.051090744780229125,0.5893303246452352
2022,09,UKR.27.6_1,0,0
2022,09,UKR.27.7_1,0,0
2022,09,UKR.27.8_1,0,0
2022,09,UKR.27.9_1,0,0
2022,09,UKR.3.10_1,0,0
2022,09,UKR.3.11_1,0,0
2022,09,UKR.3.1_1,0,0
2022,09,UKR.3.2_1,0,0
2022,09,UKR.3.3_1,0.05170096049116265,0.6238999805601794
2022,09,UKR.3.4_1,0,0
2022,09,UKR.3.5_1,0,0
2022,09,UKR.3.6_1,0.05190616298801224,0.6370693732896818
2022,09,UKR.3.7_1,0,0
2022,09,UKR.3.8_1,0.05190616298801224,0.6370693732896818
2022,09,UKR.3.9_1,0,0
2022,09,UKR.4.10_1,0.04983435043727783,0.5317142314536621
2022,09,UKR.4.11_1,0.0501869125848009,0.5465297982743524
2022,09,UKR.4.12_1,0.04919960452199401,0.5070216200858451
2022,09,UKR.4.13_1,0.0509298854493948,0.5810994541892964
2022,09,UKR.4.14_1,0.049331351283146654,0.5119601423594082
2022,09,UKR.4.15_1,0.04975315314244541,0.5284218832712866
2022,09,UKR.4.16_1,0.04919960452199401,0.5070216200858451
2022,09,UKR.4.17_1,0.04928770524989073,0.5103139682682206
2022,09,UKR.4.18_1,0.04888268381186759,0.4954984014475303
2022,09,UKR.4.19_1,0.0499936234487549,0.5382989278184133
2022,09,UKR.4.1_1,0.051620169189404624,0.6189614582866159
2022,09,UKR.4.20_1,0.04950325646306588,0.5185448387241597
2022,09,UKR.4.21_1,0.0499541938304174,0.5366527537272255
2022,09,UKR.4.22_1,0.04860028016372467,0.4856213569004033
2022,09,UKR.4.23_1,0.05007170909482309,0.541591276000789
2022,09,UKR.4.2_1,0.050373824059813575,0.5547606687302915
2022,09,UKR.4.3_1,0.04911042073590992,0.5037292719034694
2022,09,UKR.4.4_1,0.04924378990322779,0.5086677941770327
2022,09,UKR.4.5_1,0.04800494781721671,0.46586726780614957
2022,09,UKR.4.6_1,0.04888268381186759,0.4954984014475303
2022,09,UKR.4.7_1,0.04928770524989073,0.5103139682682206
2022,09,UKR.4.8_1,0.05044681886536148,0.558053016912667
2022,09,UKR.4.9_1,0.04915514837799019,0.505375445994657
2022,09,UKR.5.10_1,0,0
2022,09,UKR.5.11_1,0,0
2022,09,UKR.5.12_1,0,0
2022,09,UKR.5.13_1,0,0
2022,09,UKR.5.14_1,0,0
2022,09,UKR.5.15_1,0,0
2022,09,UKR.5.16_1,0,0
2022,09,UKR.5.17_1,0,0
2022,09,UKR.5.18_1,0,0
2022,09,UKR.5.19_1,0,0
2022,09,UKR.5.1_1,0,0
2022,09,UKR.5.20_1,0,0
2022,09,UKR.5.21_1,0,0
2022,09,UKR.5.22_1,0,0
2022,09,UKR.5.23_1,0,0
2022,09,UKR.5.24_1,0,0
2022,09,UKR.5.25_1,0,0
2022,09,UKR.5.26_1,0,0
2022,09,UKR.5.27_1,0,0
2022,09,UKR.5.28_1,0,0
2022,09,UKR.5.29_1,0,0
2022,09,UKR.5.2_1,0,0
2022,09,UKR.5.30_1,0,0
2022,09,UKR.5.31_1,0,0
2022,09,UKR.5.32_1,0,0
2022,09,UKR.5.3_1,0,0
2022,09,UKR.5.4_1,0,0
2022,09,UKR.5.5_1,0,0
2022,09,UKR.5.6_1,0,0
2022,09,UKR.5.7_1,0,0
2022,09,UKR.5.8_1,0,0
2022,09,UKR.5.9_1,0,0
2022,09,UKR.6.10_1,0,0
2022,09,UKR.6.11_1,0,0
2022,09,UKR.6.12_1,0,0
2022,09,UKR.6.13_1,0,0
2022,09,UKR.6.14_1,0,0
2022,09,UKR.6.15_1,0,0
2022,09,UKR.6.16_1,0,0
2022,09,UKR.6.17_1,0,0
2022,09,UKR.6.18_1,0,0
2022,09,UKR.6.19_1,0,0
2022,09,UKR.6.1_1,0,0
2022,09,UKR.6.20_1,0,0
2022,09,UKR.6.21_1,0,0
2022,09,UKR.6.22_1,0,0
2022,09,UKR.6.23_1,0,0
2022,09,UKR.6.24_1,0,0
2022,09,UKR.6.25_1,0,0
2022,09,UKR.6.26_1,0,0
2022,09,UKR.6.27_1,0,0
2022,09,UKR.6.28_1,0,0
2022,09,UKR.6.29_1,0,0
2022,09,UKR.6.2_1,0,0
2022,09,UKR.6.30_1,0,0
2022,09,UKR.6.31_1,0,0
2022,09,UKR.6.32_1,0,0
2022,09,UKR.6.33_1,0,0
2022,09,UKR.6.34_1,0,0
2022,09,UKR.6.35_1,0,0
2022,09,UKR.6.36_1,0,0
2022,09,UKR.6.37_1,0,0
2022,09,UKR.6.38_1,0,0
2022,09,UKR.6.39_1,0,0
2022,09,UKR.6.3_1,0,0
2022,09,UKR.6.40_1,0,0
2022,09,UKR.6.41_1,0,0
2022,09,UKR.6.42_1,0,0
2022,09,UKR.6.43_1,0,0
2022,09,UKR.6.44_1,0,0
2022,09,UKR.6.45_1,0,0
2022,09,UKR.6.46_1,0,0
2022,09,UKR.6.47_1,0,0
2022,09,UKR.6.48_1,0,0
2022,09,UKR.6.4_1,0,0
2022,09,UKR.6.5_1,0,0
2022,09,UKR.6.6_1,0,0
2022,09,UKR.6.7_1,0,0
2022,09,UKR.6.8_1,0,0
2022,09,UKR.6.9_1,0,0
2022,09,UKR.7.10_1,0,0
2022,09,UKR.7.11_1,0,0
2022,09,UKR.7.12_1,0,0
2022,09,UKR.7.13_1,0,0
2022,09,UKR.7.14_1,0,0
2022,09,UKR.7.15_1,0,0
2022,09,UKR.7.16_1,0,0
2022,09,UKR.7.1_1,0,0
2022,09,UKR.7.2_1,0,0
2022,09,UKR.7.3_1,0,0
2022,09,UKR.7.4_1,0,0
2022,09,UKR.7.5_1,0,0
2022,09,UKR.7.6_1,0,0
2022,09,UKR.7.7_1,0,0
2022,09,UKR.7.8_1,0,0
2022,09,UKR.7.9_1,0,0
2022,09,UKR.8.10_1,0,0
2022,09,UKR.8.11_1,0,0
2022,09,UKR.8.12_1,0,0
2022,09,UKR.8.13_1,0,0
2022,09,UKR.8.14_1,0,0
2022,09,UKR.8.15_1,0,0
2022,09,UKR.8.16_1,0,0
2022,09,UKR.8.17_1,0,0
2022,09,UKR.8.18_1,0,0
2022,09,UKR.8.19_1,0,0
2022,09,UKR.8.1_1,0,0
2022,09,UKR.8.20_1,0,0
2022,09,UKR.8.22_1,0,0
2022,09,UKR.8.23_1,0,0
2022,09,UKR.8.24_1,0,0
2022,09,UKR.8.25_1,0,0
2022,09,UKR.8.26_1,0,0
2022,09,UKR.8.27_1,0,0
2022,09,UKR.8.28_1,0,0
2022,09,UKR.8.29_1,0,0
2022,09,UKR.8.2_1,0,0
2022,09,UKR.8.30_1,0,0
2022,09,UKR.8.31_1,0,0
2022,09,UKR.8.32_1,0,0
2022,09,UKR.8.3_1,0,0
2022,09,UKR.8.4_1,0,0
2022,09,UKR.8.5_1,0,0
2022,09,UKR.8.6_1,0,0
2022,09,UKR.8.7_1,0,0
2022,09,UKR.8.8_1,0,0
2022,09,UKR.8.9_1,0,0
2022,09,UKR.9.10_1,0,0
2022,09,UKR.9.11_1,0,0
2022,09,UKR.9.12_1,0.04850390709974097,0.4823290087180277
2022,09,UKR.9.13_1,0,0
2022,09,UKR.9.14_1,0,0
2022,09,UKR.9.15_1,0,0
2022,09,UKR.9.16_1,0,0
2022,09,UKR.9.17_1,0,0
2022,09,UKR.9.18_1,0,0
2022,09,UKR.9.19_1,0,0
2022,09,UKR.9.1_1,0,0
2022,09,UKR.9.20_1,0,0
2022,09,UKR.9.2_1,0,0
2022,09,UKR.9.3_1,0.04906542085326684,0.5020830978122814
2022,09,UKR.9.4_1,0.0501869125848009,0.5465297982743524
2022,09,UKR.9.5_1,0,0
2022,09,UKR.9.6_1,0,0
2022,09,UKR.9.7_1,0,0
2022,09,UKR.9.8_1,0,0
2022,09,UKR.9.9_1,0.04950325646306588,0.5185448387241597
2022,09,UZB.13.1_1,0.03572211292185989,0.21235645776322726
2022,09,UZB.14.10_1,0.038260701323953025,0.2502184618605469
2022,09,XAD.1_1,0.04906542085326684,0.5020830978122814
2022,09,XAD.2_1,0.04897460136000213,0.498790749629906
2022,09,XKO.1.1_1,0.05065979218091025,0.5679300614597937
2022,09,XKO.1.2_1,0.05130580441344553,0.60085354328355
2022,09,XKO.1.3_1,0.05048293923721877,0.5596991910038548
2022,09,XKO.2.1_1,0.05218634610021234,0.6568234623839355
2022,09,XKO.2.2_1,0.05139438278534668,0.6057920655571134
2022,09,XKO.2.3_1,0.05026243845534718,0.5498221464567279
2022,09,XKO.3.1_1,0.05007170909482309,0.541591276000789
2022,09,XKO.3.2_1,0.050994958206177235,0.5843918023716719
2022,09,XKO.3.3_1,0.05003279500166987,0.5399451019096012
2022,09,XKO.3.4_1,0.0509298854493948,0.5810994541892964
2022,09,XKO.3.5_1,0.051215077114292185,0.5959150210099866
2022,09,XKO.3.6_1,0.05170096049116265,0.6238999805601794
2022,09,XKO.4.1_1,0.05048293923721877,0.5596991910038548
2022,09,XKO.4.2_1,0.05065979218091025,0.5679300614597937
2022,09,XKO.4.3_1,0.051090744780229125,0.5893303246452352
2022,09,XKO.5.1_1,0.048928780227836775,0.49714457553871816
2022,09,XKO.5.2_1,0.05062491969522196,0.566283887368606
2022,09,XKO.5.3_1,0.051480823322388014,0.6107305878306768
2022,09,XKO.5.4_1,0.050896983165893,0.5794532800981085
2022,09,XKO.5.5_1,0.0509298854493948,0.5810994541892964
2022,09,XKO.5.6_1,0.051620169189404624,0.6189614582866159
2022,09,XKO.5.7_1,0.05041044732091454,0.5564068428214793
2022,09,XKO.6.1_1,0.050373824059813575,0.5547606687302915
2022,09,XKO.6.2_1,0.0501869125848009,0.5465297982743524
2022,09,XKO.6.3_1,0.04967090853953454,0.5251295350889109
2022,09,XKO.6.4_1,0.0499541938304174,0.5366527537272255
2022,09,XKO.7.1_1,0.051245559016022034,0.5975611951011743
2022,09,XKO.7.2_1,0.051215077114292185,0.5959150210099866
2022,09,XKO.7.3_1,0.051153392764334,0.5926226728276109
2022,09,XKO.7.4_1,0.05167426387476831,0.6222538064689916
2022,09,ZNC.1_1,0.046389477226936884,0.4181282191617033
2022,09,ZNC.2_1,0.049629391873039906,0.5234833609977231
2022,09,ZNC.3_1,0.04779725330235869,0.45928257144139856
2022,09,ZNC.4_1,0.04924378990322779,0.5086677941770327
2022,09,ZNC.5_1,0.0460842844284729,0.4098973487057642
