year,month,gid_1,est,se
2020,03,AUT.1_1,0.286540168400404,0.22608343025901545
2020,03,AUT.2_1,0.38012691108327035,0.21544365166479665
2020,03,AUT.3_1,0.32603720748394627,0.20040394002201073
2020,03,AUT.4_1,0.3015492685219999,0.2259331470185498
2020,03,AUT.5_1,0.18961222985041498,0.18120634859626664
2020,03,AUT.6_1,0.3122062049606773,0.23183820267175112
2020,03,AUT.7_1,0.3740116774464363,0.1805549587579163
2020,03,AUT.8_1,0.18984086521647525,0.162714245903791
2020,03,AUT.9_1,0.9989999999999998,0.015819299929208313
2020,03,CHE.19_1,0.272,0.2227176614241983
2020,03,CHE.21_1,0.961,0.09689436333851369
2020,03,CHE.25_1,0.313,0.23208926512992822
2020,03,CHE.26_1,0.998,0.022360668572260933
2020,03,DEU.11_1,0.28,0.2247241673738103
2020,03,DEU.2_1,0.30270347203358194,0.2298707970113427
2020,03,ESP.16_1,0.07516357158676952,0.09800078462932918
2020,03,ESP.17_1,0.03569961246967826,0.06397476464134456
2020,03,ESP.3_1,0.032124189995211244,0.06597501271801368
2020,03,HRV.8_1,0.293,0.2277970172558461
2020,03,HUN.1_1,0.04,0.09807766737870582
2020,03,HUN.10_1,0.13861830658866534,0.13702728037584438
2020,03,HUN.11_1,0.004,0.03159105873485386
2020,03,HUN.12_1,0.033145546470251974,0.0795184784579128
2020,03,HUN.13_1,0.337,0.23657902125285882
2020,03,HUN.14_1,0.13877725113106712,0.1342380091504375
2020,03,HUN.18_1,0.29,0.22710813422499357
2020,03,HUN.2_1,0.013,0.05669369573503793
2020,03,HUN.4_1,0.331,0.23552204950060648
2020,03,HUN.5_1,0.006,0.03865212127388954
2020,03,HUN.8_1,0.27,0.2222019307349661
2020,03,HUN.9_1,0.315,0.2324904289369673
2020,03,ITA.10_1,0.049,0.10804204966543036
2020,03,ITA.20_1,0.014,0.05880401658748555
2020,03,ITA.7_1,0.338,0.23675102120378705
2020,03,NLD.7_1,0.024,0.07660110698582177
2020,03,ROU.14_1,0.324,0.23423423423423423
2020,03,ROU.29_1,0.104,0.1527830552819933
2020,03,SRB.5_1,0.002,0.022360668572260933
2020,03,SVN.8_1,0.01,0.04979917102635736
