year,month,gid_1,est,se
2020,03,AND.4_1,0,0.28343665312788385
2020,03,AUT.3_1,0,0.18131981931624816
2020,03,BEL.2_1,0,0.30528722815170034
2020,03,BEL.3_1,0,0.26987373312686774
2020,03,BGR.21_1,0,0.26352313834736496
2020,03,CHE.26_1,0,0.37712125530434754
2020,03,CYP.1_1,0,0.28632495871296654
2020,03,CYP.2_1,0,0.26830577330349786
2020,03,CYP.4_1,0,0.290577761426155
2020,03,DEU.1_1,0,0.29516990794061265
2020,03,DEU.10_1,0,0.28914189271474994
2020,03,DEU.13_1,0,0.2886872773947865
2020,03,ESP.1_1,0,0.286261233687309
2020,03,ESP.10_1,0,0.29292568067416325
2020,03,ESP.11_1,0,0.2954007257702785
2020,03,ESP.12_1,0,0.3028495475353655
2020,03,ESP.13_1,0,0.28343665312788385
2020,03,ESP.14_1,0,0.2760202658994212
2020,03,ESP.15_1,0,0.2790212408632233
2020,03,ESP.16_1,0,0.17443508150833473
2020,03,ESP.17_1,0.241,0.42790431418963526
2020,03,ESP.18_1,0,0.28632495871296654
2020,03,ESP.2_1,0,0.2871518076956573
2020,03,ESP.3_1,0,0.22213812222431645
2020,03,ESP.4_1,0,0.28952084608755224
2020,03,ESP.5_1,0,0.2894435632307876
2020,03,ESP.6_1,0,0.28331159093826364
2020,03,ESP.8_1,0,0.2790212408632233
2020,03,ESP.9_1,0,0.296105857217784
2020,03,FRA.1_1,0,0.30279974849343533
2020,03,FRA.12_1,0,0.26972347766662047
2020,03,FRA.13_1,0,0.2790212408632233
2020,03,FRA.2_1,0,0.28343665312788385
2020,03,FRA.6_1,0,0.28892854633819137
2020,03,FRA.8_1,0,0.3014795016081357
2020,03,GBR.1_1,0,0.2710942023765566
2020,03,GRC.3_1,0,0.26513071171460745
2020,03,HUN.11_1,0,0.1678904023081343
2020,03,ITA.10_1,0,0.1499783100768024
2020,03,ITA.16_1,0,0.2848862231842041
2020,03,ITA.20_1,0,0.11754921445002436
2020,03,ITA.6_1,0,0.28235978059884437
2020,03,ITA.8_1,0,0.26672484350382913
2020,03,NLD.10_1,0,0.26987373312686774
2020,03,NLD.11_1,0,0.28283208503624196
2020,03,NLD.12_1,0,0.2811220543211663
2020,03,NLD.14_1,0,0.2910755579732822
2020,03,NLD.2_1,0,0.28924416042215045
2020,03,NLD.4_1,0,0.27544143169374846
2020,03,NLD.8_1,0,0.29076370670569535
2020,03,NLD.9_1,0,0.28567457779427846
2020,03,PRT.12_1,0,0.28496666420552824
2020,03,ROU.18_1,0,0.2913375547045822
2020,03,ROU.20_1,0,0.2819760814510878
2020,03,ROU.38_1,0,0.2788354909335269
2020,03,SVN.5_1,0,0.27297163499805893
2020,03,SWE.11_1,0,0.2702149309069541
2020,03,SWE.16_1,0,0.29746341705239066
2020,03,SWE.21_1,0,0.2738134059951091
2020,03,SWE.5_1,0,0.28632495871296654
2020,03,ZNC.5_1,0,0.28343665312788385
