year,month,gid_1,est,se
2020,03,AND.4_1,0,0.27641907344577743
2020,03,AUT.3_1,0,0.1504452724902417
2020,03,BEL.2_1,0,0.2698533803312586
2020,03,BEL.3_1,0,0.2837918924824921
2020,03,BGR.21_1,0,0.28233842913881035
2020,03,CHE.26_1,0,0.33118928895112754
2020,03,CYP.1_1,0,0.25919817719215493
2020,03,CYP.2_1,0,0.24743004851467199
2020,03,CYP.4_1,0,0.24569167908970607
2020,03,DEU.1_1,0,0.2556613212653179
2020,03,DEU.10_1,0,0.26154478859006064
2020,03,DEU.13_1,0,0.2780003201180207
2020,03,ESP.1_1,0,0.2541422170961993
2020,03,ESP.10_1,0,0.26684096127395623
2020,03,ESP.11_1,0,0.26248302251635935
2020,03,ESP.12_1,0,0.2691509301782899
2020,03,ESP.13_1,0,0.2559048347190928
2020,03,ESP.14_1,0,0.2837918924824921
2020,03,ESP.15_1,0,0.2703234129553735
2020,03,ESP.16_1,0,0.15802754536789665
2020,03,ESP.17_1,0.248,0.42833153136407087
2020,03,ESP.18_1,0,0.27791503988266214
2020,03,ESP.2_1,0,0.2748139889649956
2020,03,ESP.3_1,0,0.18949810510998907
2020,03,ESP.4_1,0,0.2894645924907403
2020,03,ESP.5_1,0,0.26752777791139554
2020,03,ESP.6_1,0,0.2770909585421519
2020,03,ESP.8_1,0,0.2703234129553735
2020,03,ESP.9_1,0,0.289504549642634
2020,03,FRA.1_1,0,0.2733939361204206
2020,03,FRA.12_1,0,0.2608853133599039
2020,03,FRA.13_1,0,0.27186443356630813
2020,03,FRA.2_1,0,0.2687706966531317
2020,03,FRA.6_1,0,0.26981444517441056
2020,03,FRA.8_1,0,0.2936865123399636
2020,03,GBR.1_1,0,0.2796035274946524
2020,03,GRC.3_1,0,0.28233842913881035
2020,03,HUN.11_1,0,0.14748757397463344
2020,03,ITA.10_1,0,0.13179128232247161
2020,03,ITA.16_1,0,0.2656294409214256
2020,03,ITA.20_1,0,0.1104147615054252
2020,03,ITA.6_1,0,0.26993777439064076
2020,03,ITA.8_1,0,0.07483414635894252
2020,03,NLD.10_1,0,0.23858418229469944
2020,03,NLD.11_1,0,0.26135498284836817
2020,03,NLD.12_1,0,0.2773302760333203
2020,03,NLD.14_1,0,0.25295946591067275
2020,03,NLD.2_1,0,0.257271898447501
2020,03,NLD.4_1,0,0.2922810039583108
2020,03,NLD.8_1,0,0.27241588368881564
2020,03,NLD.9_1,0,0.27346935761754515
2020,03,PRT.12_1,0,0.2711495142800524
2020,03,ROU.18_1,0,0.2536070483041817
2020,03,ROU.20_1,0,0.2508625853138094
2020,03,ROU.38_1,0,0.2692807006146485
2020,03,SVN.5_1,0,0.25255728777611935
2020,03,SWE.11_1,0,0.28487053378932325
2020,03,SWE.16_1,0,0.28523509812583747
2020,03,SWE.21_1,0,0.26571140805658583
2020,03,SWE.5_1,0,0.26720610196304634
2020,03,ZNC.5_1,0,0.25255728777611935
