year,month,gid_1,est,se
2020,03,AND.4_1,0,0.3630376330094275
2020,03,AUT.3_1,0,0.0547175106343287
2020,03,BEL.2_1,0,0.36853318685504016
2020,03,BEL.3_1,0,0.3775700316432354
2020,03,BGR.21_1,0,0.3884926378093213
2020,03,CHE.26_1,0,0.4820237061073296
2020,03,CYP.1_1,0,0.3801579903144348
2020,03,CYP.2_1,0,0.37494018442965965
2020,03,CYP.4_1,0,0.37405410782641896
2020,03,DEU.1_1,0,0.3741004562627993
2020,03,DEU.10_1,0,0.37177081899724423
2020,03,DEU.13_1,0,0.37656563423051426
2020,03,ESP.1_1,0,0.3794768338087771
2020,03,ESP.10_1,0,0.3742336923281846
2020,03,ESP.11_1,0,0.3795009754456371
2020,03,ESP.12_1,0,0.38839513292130823
2020,03,ESP.13_1,0,0.3810114825673481
2020,03,ESP.14_1,0,0.36016834897819544
2020,03,ESP.15_1,0,0.3592012543508021
2020,03,ESP.16_1,0,0.22704021828151327
2020,03,ESP.17_1,0.18593397231096911,0.3810114825673481
2020,03,ESP.18_1,0,0.3639835345445412
2020,03,ESP.2_1,0,0.369297114327428
2020,03,ESP.3_1,0,0.23945054955585102
2020,03,ESP.4_1,0,0.3669218951517483
2020,03,ESP.5_1,0,0.37172892272791536
2020,03,ESP.6_1,0,0.3765203845269394
2020,03,ESP.8_1,0,0.3704615907329693
2020,03,ESP.9_1,0,0.3649242412446405
2020,03,FRA.1_1,0,0.37494018442965965
2020,03,FRA.12_1,0,0.37418724472022313
2020,03,FRA.13_1,0,0.35725080565364753
2020,03,FRA.2_1,0,0.3784372960919187
2020,03,FRA.6_1,0,0.374614920802411
2020,03,FRA.8_1,0,0.3630376330094275
2020,03,GRC.3_1,0,0.39407094850920077
2020,03,HUN.11_1,0,0.3713670213774659
2020,03,ITA.10_1,0,0.2891711501852079
2020,03,ITA.16_1,0,0.3552783797434495
2020,03,ITA.20_1,0,0.2834372200028908
2020,03,ITA.6_1,0,0.3556744538271466
2020,03,ITA.8_1,0,0.3876788561088626
2020,03,NLD.10_1,0,0.3649242412446405
2020,03,NLD.11_1,0,0.37301417711773927
2020,03,NLD.12_1,0,0.35192399958974285
2020,03,NLD.14_1,0,0.36943562585066564
2020,03,NLD.2_1,0,0.3614667527374672
2020,03,NLD.4_1,0,0.365295289823898
2020,03,NLD.8_1,0,0.3734672568830091
2020,03,NLD.9_1,0,0.37474270577050556
2020,03,PRT.12_1,0,0.3675799491628775
2020,03,ROU.18_1,0,0.3761754486893388
2020,03,ROU.20_1,0,0.3843804609252436
2020,03,ROU.38_1,0,0.37749058008975744
2020,03,ZNC.5_1,0,0.3909084548158162
