year,month,gid_1,est,se
2021,12,ARG.24_1,0.00979,0.04979917102635736
2021,12,DOM.5_1,0.006852999999999999,0.04172805675094036
2021,12,GTM.7_1,0.013706000000000001,0.05880401658748555
2021,12,HND.8_1,0.004895,0.03530214209125596
2021,12,IND.20_1,0.045034,0.10484738888946601
2021,12,IND.34_1,0.31328,0.2334715473411532
2021,12,MEX.14_1,0.0032666092374692124,0.02870728269410461
2021,12,MEX.16_1,0.00979,0.04979917102635736
2021,12,MEX.17_1,0.008811,0.04726749621230389
2021,12,MEX.31_1,0.00979,0.04979917102635736
2021,12,MEX.4_1,0.032307,0.08940765887328075
2021,12,MEX.9_1,0.014684999999999998,0.060837065971687775
2021,12,PAK.7_1,0.003916,0.03159105873485386
2021,12,PER.13_1,0.012726999999999999,0.05669369573503794
2021,12,PRI.52_1,0.6686570000000001,0.23288659922810495
2021,12,PRI.65_1,0.029369999999999997,0.0853789895356956
2021,12,USA.10_1,0.00979,0.04979917102635736
2021,12,USA.5_1,0.011748,0.05449712748274754
2021,12,VEN.14_1,0.389642,0.2449877097670327
