year,month,gid_2,est,se
2020,06,ESP.1.1_1,0.21,0.40751204407485436
2020,06,ESP.1.2_1,0.194,0.39562674393994207
2020,06,ESP.1.3_1,0.326,0.4689818162188636
2020,06,ESP.1.4_1,0.175,0.38015722999769386
2020,06,ESP.1.5_1,0.085,0.2790212408632233
2020,06,ESP.1.6_1,0.167,0.3731624984510773
2020,06,ESP.1.7_1,0.275,0.4467377022085494
2020,06,ESP.1.8_1,0.575,0.4945903553645376
2020,06,ESP.10.1_1,0.249,0.43265018916693676
2020,06,ESP.10.2_1,0.227,0.41910219117375974
2020,06,ESP.10.3_1,0.351,0.4775217555536366
2020,06,ESP.11.1_1,0.264,0.4410198391212106
2020,06,ESP.11.2_1,0.066,0.24840633185509925
2020,06,ESP.12.1_1,0,0.366789496216201
2020,06,ESP.12.3_1,0,0.4610602743422779
2020,06,ESP.12.4_1,0,0.31304631925323445
2020,06,ESP.13.1_1,0.348,0.47657436263727315
2020,06,ESP.14.1_1,0,0.3810107205436209
2020,06,ESP.14.2_1,0,0.22809433799861634
2020,06,ESP.15.1_1,0,0.387678080750375
2020,06,ESP.16.1_1,0,0.4539891035103223
2020,06,ESP.16.2_1,0.206,0.4046328307586122
2020,06,ESP.16.3_1,0.334,0.47187568984497036
2020,06,ESP.17.1_1,0.568,0.49560228169533443
2020,06,ESP.18.1_1,0.338,0.4732652321690026
2020,06,ESP.2.1_1,0,0.362085771753194
2020,06,ESP.2.2_1,0,0.2535809600567505
2020,06,ESP.2.3_1,0,0.42668613881993056
2020,06,ESP.3.1_1,0,0.3611293596682696
2020,06,ESP.4.1_1,0.067,0.25014710386805117
2020,06,ESP.4.2_1,0,0.37843653921656956
2020,06,ESP.4.3_1,0,0.3901066305296325
2020,06,ESP.4.4_1,0.215,0.4110279113928201
2020,06,ESP.4.5_1,0.065,0.24664921616708177
2020,06,ESP.5.1_1,0.576,0.49443752736667196
2020,06,ESP.5.2_1,0.085,0.2790212408632233
2020,06,ESP.5.4_1,0,0.42421097929562707
2020,06,ESP.5.5_1,0.186,0.3893013685508382
2020,06,ESP.5.8_1,0,0.40892936214366316
2020,06,ESP.5.9_1,0,0.4117201883725323
2020,06,ESP.6.1_1,0.847,0.3601676286407771
2020,06,ESP.6.2_1,0.506,0.5002141683461337
2020,06,ESP.6.3_1,0.146,0.3532829019480122
2020,06,ESP.6.4_1,0.366,0.4819504915199032
2020,06,ESP.8.1_1,0.72,0.44922355437109684
2020,06,ESP.9.1_1,0,0.44922355437109684
