year,month,gid_2,est,se
2020,06,ESP.1.1_1,0.372,0.4835802413765991
2020,06,ESP.1.2_1,0.391,0.4882185549089233
2020,06,ESP.1.3_1,0.572,0.49503642397409614
2020,06,ESP.1.4_1,0.297,0.4571651780264984
2020,06,ESP.1.5_1,0.037,0.1888562063228706
2020,06,ESP.1.6_1,0.292,0.45490981847278583
2020,06,ESP.1.7_1,0.463,0.4988786223921405
2020,06,ESP.1.8_1,0.727,0.4457237593730782
2020,06,ESP.10.1_1,0.393,0.4886612219010117
2020,06,ESP.10.2_1,0.409,0.49189527438364455
2020,06,ESP.10.3_1,0.58,0.49380547166252
2020,06,ESP.11.1_1,0.445,0.49721446300587663
2020,06,ESP.11.2_1,0.042,0.20068950215762726
2020,06,ESP.12.1_1,0,0
2020,06,ESP.12.3_1,0,0.49503642397409614
2020,06,ESP.12.4_1,0,0.48384409173317916
2020,06,ESP.13.1_1,0.523,0.4997206426802086
2020,06,ESP.14.1_1,0,0.4576083537321029
2020,06,ESP.14.2_1,0,0.19129190414806527
2020,06,ESP.15.1_1,0,0.4631344227041362
2020,06,ESP.16.1_1,0,0.4539891035103223
2020,06,ESP.16.2_1,0.229,0.42039949540375965
2020,06,ESP.16.3_1,0.535,0.4990230696310783
2020,06,ESP.17.1_1,0.717,0.4506818324651152
2020,06,ESP.18.1_1,0.51,0.5001501276118503
2020,06,ESP.2.1_1,0,0.4383048152953731
2020,06,ESP.2.2_1,0,0.27142894774447635
2020,06,ESP.2.3_1,0,0.48611964814468495
2020,06,ESP.3.1_1,0,0.4982200550190881
2020,06,ESP.4.1_1,0.095,0.2933616557443407
2020,06,ESP.4.2_1,0,0.45627095369219284
2020,06,ESP.4.3_1,0,0.4618975528722244
2020,06,ESP.4.4_1,0.633,0.48222768848702946
2020,06,ESP.4.5_1,0.113,0.3167512136225074
2020,06,ESP.5.1_1,1,0
2020,06,ESP.5.2_1,0.168,0.3740533597174552
2020,06,ESP.5.4_1,0,0.49261919742705285
2020,06,ESP.5.5_1,0.625,0.48436516143258035
2020,06,ESP.5.8_1,0,0.4963893657225167
2020,06,ESP.5.9_1,0,0.4936422618482768
2020,06,ESP.6.1_1,0.981,0.13659303663678343
2020,06,ESP.6.2_1,0.635,0.4816710568500115
2020,06,ESP.6.3_1,0.05,0.21805400144814482
2020,06,ESP.6.4_1,0.48,0.4998498272980094
2020,06,ESP.8.1_1,0.77,0.4210430824479572
2020,06,ESP.9.1_1,0,0.47008507738491334
2020,06,ITA.10.12_1,0.118,0.3227695465501356
2020,06,ITA.10.3_1,0.04,0.19605723255834873
2020,06,ITA.10.8_1,0.511,0.500129112459102
2020,06,ITA.10.9_1,0.004,0.06315051850925682
2020,06,ITA.13.5_1,0.109,0.3117951510466707
2020,06,ITA.13.6_1,0.01,0.0995485304256668
2020,06,ITA.16.4_1,0.003,0.05471740119919799
2020,06,ITA.20.3_1,0.003,0.05471740119919799
2020,06,ITA.20.6_1,0,0
2020,06,ITA.5.4_1,0.001,0.03162277660168379
2020,06,ITA.6.1_1,0.111,0.3142893217686178
2020,06,ITA.6.2_1,0.345,0.4756061408363029
2020,06,ITA.8.4_1,0.717,0.4506818324651152
