year,month,gid_2,est,se
2020,06,ESP.10.1_1,0.22,0.4144535821678608
2020,06,ESP.10.2_1,0.776,0.41713067256915787
2020,06,ESP.10.3_1,0.66,0.47394580346767984
