year,month,gid_3,est,se
2019,01,ESP.10.1.1_1,0.52,0.4998498272980094
2019,01,ESP.10.1.4_1,0.434,0.4958728565770563
2019,01,ESP.10.1.6_1,0.501,0.500249187155011
2019,01,ESP.10.1.7_1,0.512,0.5001060948499889
2019,01,ESP.10.1.9_1,0.476,0.4996735671152454
2019,01,ESP.10.2.5_1,0.478,0.4997657108743714
2019,01,ESP.10.2.7_1,0.526,0.4995733915788286
2019,01,ESP.10.2.8_1,0.51,0.5001501276118503
2019,01,ESP.10.3.1_1,0.532,0.4992246240173107
2019,01,ESP.10.3.13_1,0.495,0.50022517452166
2019,01,ESP.10.3.4_1,0.617,0.48636153995515263
2019,01,ESP.10.3.7_1,0.587,0.49261919742705285
2019,01,ESP.10.3.8_1,0.564,0.4961352135760474
2019,01,ESP.18.1.5_1,0.465,0.4990230696310783
2019,01,ESP.6.1.10_1,0.554,0.4973241712719495
2019,01,ESP.6.1.11_1,0.592,0.49170903772228736
2019,01,ESP.6.1.12_1,0.529,0.49940805801309257
2019,01,ESP.6.1.3_1,0.565,0.4960050614873008
2019,01,ESP.6.1.5_1,0.529,0.49940805801309257
2019,01,ESP.6.1.6_1,0.569,0.49546390835709164
2019,01,ESP.6.1.9_1,0.47,0.49934892545128134
2019,01,ESP.6.2.4_1,0.513,0.5000810745080052
2019,01,ESP.6.2.5_1,0.44,0.49663532561291557
2019,01,ESP.6.2.6_1,0.516,0.49999399395792143
2019,01,ESP.6.2.7_1,0.539,0.49872610491905045
2019,01,ESP.6.4.2_1,0.555,0.49721446300587663
2019,01,ESP.6.4.3_1,0.529,0.49940805801309257
2019,01,ESP.6.4.7_1,0.483,0.49996095943679536
