year,month,gid_2,est,se
2022,12,ESP.10.1_1,0.879,0.3262904618058356
2022,12,ESP.10.2_1,0.067,0.25014710386805117
2022,12,ESP.10.3_1,0.981,0.13659303663678343
