year,month,gid_2,est,se
2022,12,ESP.10.1_1,0.95,0.21805400144814482
2022,12,ESP.10.2_1,0.991,0.09448771310560929
2022,12,ESP.10.3_1,0.992,0.08912880535463237
