year,month,gid_2,est,se
2022,04,ESP.1.1_1,0.029,0.1678904023081343
2022,04,ESP.1.2_1,0.197,0.39793133748091436
2022,04,ESP.1.3_1,0.05,0.21805400144814482
2022,04,ESP.1.4_1,0.113,0.3167512136225074
2022,04,ESP.1.6_1,0.038,0.19129190414806527
2022,04,ESP.1.7_1,0.026,0.15921478998305827
2022,04,ESP.1.8_1,0.556,0.49710271686152663
2022,04,ESP.10.1_1,0.235,0.42421097929562707
2022,04,ESP.10.2_1,0.343,0.47494902524015836
2022,04,ESP.10.3_1,0.275,0.4467377022085494
2022,04,ESP.11.1_1,0.037,0.1888562063228706
2022,04,ESP.11.2_1,0.03,0.17067257872642908
2022,04,ESP.12.1_1,0.382,0.48611964814468495
2022,04,ESP.12.3_1,0,0.42607222103481185
2022,04,ESP.12.4_1,0.321,0.46709439857182744
2022,04,ESP.13.1_1,0.403,0.4907461989988632
2022,04,ESP.14.1_1,0.03,0.17067257872642908
2022,04,ESP.14.2_1,0.165,0.37136627864268035
2022,04,ESP.15.1_1,0.036,0.18638331132035063
2022,04,ESP.16.1_1,0,0.42729683193604723
2022,04,ESP.16.2_1,0.314,0.4643485970901814
2022,04,ESP.16.3_1,0.29,0.4539891035103223
2022,04,ESP.17.1_1,0.343,0.47494902524015836
2022,04,ESP.18.1_1,0.702,0.4576083537321029
2022,04,ESP.2.2_1,0.222,0.4157990967870047
2022,04,ESP.2.3_1,0.034,0.18131981931624816
2022,04,ESP.3.1_1,0.022,0.1467567291047928
2022,04,ESP.4.1_1,0.102,0.30279974849343533
2022,04,ESP.4.2_1,0,0.4291097005838194
2022,04,ESP.4.3_1,0,0.41713067256915787
2022,04,ESP.4.5_1,0.117,0.32158111638343195
2022,04,ESP.5.1_1,0.054,0.2261307920985887
2022,04,ESP.5.2_1,0.12,0.3251241389157466
2022,04,ESP.5.6_1,0,0.4177912750998392
2022,04,ESP.5.8_1,0,0.4308940353145651
2022,04,ESP.6.1_1,0.766,0.42358402168096876
2022,04,ESP.6.2_1,0.461,0.49872610491905045
2022,04,ESP.6.3_1,0.097,0.296105857217784
2022,04,ESP.6.4_1,0.147,0.35428310221702153
2022,04,ESP.7.2_1,0,0.4046328307586122
2022,04,ESP.8.1_1,0.361,0.4805308625987616
