year,month,gid_3,est,se
2021,08,ESP.10.1.1_1,0.998,0.04469897088298564
2021,08,ESP.10.1.2_1,0.866,0.3408227694273963
2021,08,ESP.10.1.3_1,0.226,0.41844844258175834
2021,08,ESP.10.1.4_1,1,0
2021,08,ESP.10.1.5_1,0.526,0.4995733915788286
2021,08,ESP.10.1.6_1,0.998,0.04469897088298564
2021,08,ESP.10.1.6_1,0.998,0.04469897088298564
2021,08,ESP.10.1.7_1,0.998,0.04469897088298564
2021,08,ESP.10.1.8_1,0.99,0.0995485304256668
2021,08,ESP.10.1.9_1,0.995,0.07056897321046962
2021,08,ESP.10.2.1_1,0.47,0.49934892545128134
2021,08,ESP.10.2.2_1,0.566,0.4958728565770563
2021,08,ESP.10.2.3_1,0.509,0.5001691405606399
2021,08,ESP.10.2.5_1,0.999,0.03162277660168379
2021,08,ESP.10.2.7_1,0.655,0.4756061408363029
2021,08,ESP.10.2.8_1,1,0
2021,08,ESP.10.3.1_1,0.661,0.47360669685225454
2021,08,ESP.10.3.10_1,0.989,0.10435463521037237
2021,08,ESP.10.3.11_1,0.975,0.15620307103062794
2021,08,ESP.10.3.12_1,0.794,0.4046328307586122
2021,08,ESP.10.3.13_1,1,0
2021,08,ESP.10.3.14_1,0.963,0.1888562063228706
2021,08,ESP.10.3.16_1,0.407,0.49152069396170145
2021,08,ESP.10.3.17_1,0.713,0.4525879316064844
2021,08,ESP.10.3.18_1,0.998,0.04469897088298564
2021,08,ESP.10.3.2_1,0.991,0.09448771310560929
2021,08,ESP.10.3.3_1,0.345,0.4756061408363029
2021,08,ESP.10.3.4_1,0.623,0.4848774134831464
2021,08,ESP.10.3.5_1,1,0
2021,08,ESP.10.3.6_1,0.209,0.4067978422810088
2021,08,ESP.10.3.7_1,0.999,0.03162277660168379
2021,08,ESP.10.3.8_1,0.999,0.03162277660168379
2021,08,ESP.10.3.9_1,0.578,0.49412565219806204
