year,month,gid_1,est,se
2015,10,ESP.10_1,0.019,0.27331414233642676
2015,10,ESP.2_1,4.5214600133459075e-4,0.02860962983341323
2015,10,ESP.6_1,0.007972281226061138,0.14481757128308376
