ID_0,est,se
ESP,0.4991888005962606,0.06983742499689298
