year,month,gid_4,est,se
2021,05,ESP.10.1.1.3_1,0.061,0.239450070654273
2021,05,ESP.10.1.1.8_1,0.225,0.4177912750998392
2021,05,ESP.10.1.4.20_1,0.74,0.43885372573625553
2021,05,ESP.10.1.4.23_1,0.262,0.4399426662072566
2021,05,ESP.10.1.4.27_1,0.103,0.304110972316823
2021,05,ESP.10.1.6.12_1,0.062,0.24127621974453722
2021,05,ESP.10.1.6.27_1,0.79,0.40751204407485436
2021,05,ESP.10.1.7.1_1,0.322,0.46747677432631296
2021,05,ESP.10.1.7.10_1,0.026,0.15921478998305827
2021,05,ESP.10.1.7.2_1,0.571,0.4951809812626129
2021,05,ESP.10.1.7.6_1,0.444,0.49710271686152663
2021,05,ESP.10.1.9.3_1,0.004,0.06315051850925682
2021,05,ESP.10.2.5.11_1,0.982,0.13301764429463367
2021,05,ESP.10.2.7.2_1,0.103,0.304110972316823
2021,05,ESP.10.2.7.6_1,0.078,0.26830577330349786
2021,05,ESP.10.2.8.8_1,0.089,0.2848862231842041
2021,05,ESP.10.3.1.14_1,0.023,0.1499783100768024
2021,05,ESP.10.3.13.9_1,0.105,0.3067068128833611
2021,05,ESP.10.3.4.1_1,0.237,0.4254550646214145
2021,05,ESP.10.3.7.19_1,0.247,0.43148253403489834
2021,05,ESP.10.3.7.2_1,0.8,0.40020015012510946
2021,05,ESP.10.3.7.4_1,0.368,0.4825026516080599
2021,05,ESP.10.3.8.5_1,0.134,0.3408227694273963
