year,month,gid_4,est,se
2021,05,ESP.10.1.1.3_1,0.182,0.3860375953518323
2021,05,ESP.10.1.1.8_1,0.184,0.387678080750375
2021,05,ESP.10.1.4.20_1,0.698,0.45935499018406994
2021,05,ESP.10.1.4.23_1,0.158,0.36492351139542817
2021,05,ESP.10.1.4.27_1,0.113,0.3167512136225074
2021,05,ESP.10.1.6.12_1,0.093,0.290577761426155
2021,05,ESP.10.1.6.27_1,0.67,0.47044800065609943
2021,05,ESP.10.1.7.1_1,0.228,0.4197525368502163
2021,05,ESP.10.1.7.10_1,0.02,0.14007005254378832
2021,05,ESP.10.1.7.2_1,0.45,0.497742652128334
2021,05,ESP.10.1.7.6_1,0.346,0.4759312035478558
2021,05,ESP.10.1.9.3_1,0.018,0.13301764429463367
2021,05,ESP.10.2.5.11_1,0.96,0.19605723255834873
2021,05,ESP.10.2.7.2_1,0.101,0.3014795016081357
2021,05,ESP.10.2.7.6_1,0.102,0.30279974849343533
2021,05,ESP.10.2.8.8_1,0.084,0.2775266131761439
2021,05,ESP.10.3.1.14_1,0.047,0.21174474216810163
2021,05,ESP.10.3.13.9_1,0.086,0.28050433629924987
2021,05,ESP.10.3.4.1_1,0.334,0.47187568984497036
2021,05,ESP.10.3.7.19_1,0.137,0.3440194025768741
2021,05,ESP.10.3.7.2_1,0.5,0.5002501876563868
2021,05,ESP.10.3.7.4_1,0.286,0.45211548127487117
2021,05,ESP.10.3.8.5_1,0.108,0.3105357184486713
