year,month,gid_4,est,se
2021,05,ESP.10.1.1.3_1,0.073,0.2602666685127751
2021,05,ESP.10.1.1.8_1,0.221,0.41512809027013736
2021,05,ESP.10.1.4.20_1,0.734,0.44208533049564025
2021,05,ESP.10.1.4.23_1,0.267,0.4426137220047599
2021,05,ESP.10.1.4.27_1,0.122,0.32744957355785825
2021,05,ESP.10.1.6.12_1,0.081,0.27297163499805893
2021,05,ESP.10.1.6.27_1,0.81,0.3924972026066607
2021,05,ESP.10.1.7.1_1,0.318,0.46593249842986173
2021,05,ESP.10.1.7.10_1,0.037,0.1888562063228706
2021,05,ESP.10.1.7.2_1,0.589,0.49226143594773025
2021,05,ESP.10.1.7.6_1,0.446,0.4973241712719495
2021,05,ESP.10.1.9.3_1,0.005,0.07056897321046962
2021,05,ESP.10.2.5.11_1,0.994,0.07726558075864033
2021,05,ESP.10.2.7.2_1,0.1,0.3001501125938321
2021,05,ESP.10.2.7.6_1,0.081,0.27297163499805893
2021,05,ESP.10.2.8.8_1,0.092,0.28917057184232914
2021,05,ESP.10.3.1.14_1,0.021,0.14345584540052586
2021,05,ESP.10.3.13.9_1,0.131,0.33756918246924283
2021,05,ESP.10.3.4.1_1,0.242,0.428508599236491
2021,05,ESP.10.3.7.19_1,0.282,0.45019848809017415
2021,05,ESP.10.3.7.2_1,0.824,0.3810107205436209
2021,05,ESP.10.3.7.4_1,0.436,0.4961352135760474
2021,05,ESP.10.3.8.5_1,0.165,0.37136627864268035
