year,month,gid_1,est,se
2021,08,ESP.1_1,0,0.41146875607965
2021,08,ESP.10_1,0,0.4305979898915441
2021,08,ESP.11_1,0,0.4162104294495274
2021,08,ESP.12_1,0,0.4123078630538877
2021,08,ESP.13_1,0,0.4248236626183379
2021,08,ESP.14_1,0,0.42729319192962717
2021,08,ESP.15_1,0,0.4239386019096106
2021,08,ESP.16_1,0,0.4244038752888327
2021,08,ESP.17_1,0,0.4283148832130733
2021,08,ESP.18_1,0,0.41667899798995717
2021,08,ESP.2_1,0,0.4104613020047587
2021,08,ESP.3_1,0,0.3907895444901504
2021,08,ESP.4_1,0,0.41621867607527235
2021,08,ESP.5_1,0,0.4194069180485633
2021,08,ESP.6_1,0,0.42243857737544394
2021,08,ESP.7_1,0,0.40881137656019534
2021,08,ESP.8_1,0,0.41292794731795895
2021,08,ESP.9_1,0,0.4157488948796213
2021,08,ITA.1_1,0,0.4179624756618514
2021,08,ITA.10_1,0.08719863276179111,0.29299419826899986
2021,08,ITA.11_1,0,0.41534630273206496
2021,08,ITA.12_1,0,0.4189414920086029
2021,08,ITA.13_1,0,0.41051087510198675
2021,08,ITA.14_1,0,0.41618031989847665
2021,08,ITA.15_1,0,0.41381059739135856
2021,08,ITA.16_1,0,0.4141791402124071
2021,08,ITA.17_1,0,0.25821422083941165
2021,08,ITA.18_1,0,0.41984108710042606
2021,08,ITA.19_1,0,0.4185239954454043
2021,08,ITA.2_1,0,0.42906500649597873
2021,08,ITA.20_1,0,0.23843685155264008
2021,08,ITA.3_1,0,0.4129561476586466
2021,08,ITA.4_1,0,0.4153928596422801
2021,08,ITA.5_1,0,0.43045282788268885
2021,08,ITA.6_1,0,0.42154433148284076
2021,08,ITA.7_1,0,0.40509009336005275
2021,08,ITA.8_1,0,0.4033827119428521
2021,08,ITA.9_1,0,0.41769760754118435
