year,month,gid_4,est,se
2022,03,HUN.14.5_1,0,0.26513071171460745
2022,03,HUN.2.1_1,0,0.2760202658994212
2022,03,HUN.2.3_1,0,0.28343665312788385
2022,03,HUN.5.1_1,0,0.28775302222878874
2022,03,ITA.17.2.202_1,0,0.2338604085575211
2022,03,ITA.20.1.6_1,0,0.26830577330349786
2022,03,ITA.20.7.12_1,0,0.26672484350382913
2022,03,ITA.20.7.26_1,0,0.26672484350382913
