year,month,gid_2,est,se
2017,03,ESP.1.1_1,0,0
2017,03,ESP.1.2_1,0,0
2017,03,ESP.1.3_1,0,0
2017,03,ESP.1.4_1,0,0
2017,03,ESP.1.5_1,0,0.1678904023081343
2017,03,ESP.1.6_1,0,0
2017,03,ESP.1.7_1,0.552,0.49753747953651045
2017,03,ESP.1.8_1,0,0
2017,03,ESP.10.1_1,0.038,0.19129190414806527
2017,03,ESP.10.2_1,0.027,0.162164414398774
2017,03,ESP.10.3_1,0.319,0.4663222667388471
2017,03,ESP.12.1_1,0,0.3167512136225074
2017,03,ESP.12.3_1,0,0.3262904618058356
2017,03,ESP.12.4_1,0,0.3227695465501357
2017,03,ESP.13.1_1,0,0.4768924684102554
2017,03,ESP.14.1_1,0,0.3251241389157466
2017,03,ESP.14.2_1,0,0.3262904618058356
2017,03,ESP.15.1_1,0,0
2017,03,ESP.16.1_1,0,0.05471740119919799
2017,03,ESP.16.2_1,0,0
2017,03,ESP.16.3_1,0,0
2017,03,ESP.17.1_1,0,0.3067068128833611
2017,03,ESP.18.1_1,0,0.4846223879051182
2017,03,ESP.2.1_1,0,0
2017,03,ESP.2.2_1,0,0
2017,03,ESP.2.3_1,0,0
2017,03,ESP.3.1_1,0,0.32744957355785825
2017,03,ESP.4.1_1,0,0
2017,03,ESP.4.2_1,0,0
2017,03,ESP.4.3_1,0,0
2017,03,ESP.4.4_1,0,0
2017,03,ESP.4.5_1,0,0
2017,03,ESP.5.2_1,0,0.31797028965786267
2017,03,ESP.5.3_1,0,0.32395052700056526
2017,03,ESP.5.5_1,0,0.33088439746304826
2017,03,ESP.5.6_1,0,0.32744957355785825
2017,03,ESP.5.7_1,0,0.32744957355785825
2017,03,ESP.6.1_1,0.728,0.44521254947969985
2017,03,ESP.6.2_1,0.338,0.4732652321690026
2017,03,ESP.6.3_1,0.016,0.12553788177183714
2017,03,ESP.6.4_1,0.392,0.4884409632438444
2017,03,ESP.8.1_1,0,0.13301764429463367
2017,03,ESP.9.1_1,0,0.04469897088298564
2017,03,ITA.10.9_1,0,0
2017,03,ITA.16.2_1,0,0.09448771310560929
