year,month,gid_2,est,se
2017,03,ESP.10.1_1,0.094,0.29197474077263813
2017,03,ESP.10.2_1,0.016,0.12553788177183714
2017,03,ESP.10.3_1,0.845,0.362085771753194
