ID_1,est,se
ESP.1_1,0.0020000000000000018,0.005587371360373205
ESP.10_1,0,0
ESP.11_1,0,0
ESP.12_1,0,0
ESP.13_1,0,0
ESP.14_1,0,0
ESP.15_1,0,0
ESP.16_1,0,0
ESP.17_1,0,0
ESP.18_1,0,0
ESP.2_1,0.0050000000000000044,0.02352299107015654
ESP.3_1,0,0
ESP.4_1,0.012968019999999969,0.035174055582067244
ESP.5_1,0.025740270817155353,0.043312269523525106
ESP.6_1,0.0010000000000000009,0.007905694150420948
ESP.7_1,0.38764,0.41110241709947154
ESP.8_1,0,0
ESP.9_1,0,0
