year,month,gid_3,est,se
2015,07,ESP.10.1.1_1,0.00431868738890094,0.03439230372462478
2015,07,ESP.10.1.4_1,0.0038042889258676263,0.026591637548195293
2015,07,ESP.10.1.6_1,0.00316217086837412,0.026968898613835113
2015,07,ESP.10.1.7_1,0.0038115956247929193,0.0355575949928294
2015,07,ESP.10.1.9_1,0.006135466638270516,0.04918931776877453
2015,07,ESP.10.2.5_1,0.004202669247548107,0.023329431305921158
2015,07,ESP.10.2.7_1,0.0015986001508206523,0.01649405621376368
2015,07,ESP.10.2.8_1,0.004651154650647279,0.03710013008436973
2015,07,ESP.10.3.1_1,0.0122693544799494,0.09321609181219848
2015,07,ESP.10.3.13_1,0.004415463329715057,0.027979495617797657
2015,07,ESP.10.3.4_1,0.034234799300761995,0.22587999950670215
2015,07,ESP.10.3.7_1,0.02632845269904337,0.19050990544365062
2015,07,ESP.10.3.8_1,0.017976907087176315,0.1370213836679258
2015,07,ESP.18.1.5_1,0.005143099764692007,0.031358057961239576
2015,07,ESP.2.2.1_1,0.001370800509135051,0.005383047798554678
2015,07,ESP.2.3.2_1,4.3173006317225255e-4,0.0017772040762669263
2015,07,ESP.6.1.10_1,0.008410316479539744,0.050119801081592835
2015,07,ESP.6.1.11_1,0.009414757693697465,0.052353272584663685
2015,07,ESP.6.1.12_1,0.0037296656276612416,0.027674240816744067
2015,07,ESP.6.1.3_1,0.008016739739979394,0.05724749887106147
2015,07,ESP.6.1.5_1,0.0028936855133955956,0.026916300550462784
2015,07,ESP.6.1.6_1,0.012346494338613687,0.08061497464199602
2015,07,ESP.6.1.9_1,0.0025886380230171952,0.018916888817292463
2015,07,ESP.6.2.4_1,0.0030324661685918013,0.023916494147097987
2015,07,ESP.6.2.5_1,0.0020010313092874176,0.014407025244817398
2015,07,ESP.6.2.6_1,0.004478845308432008,0.02598795105758617
2015,07,ESP.6.2.7_1,0.005550692896679696,0.03551361722097556
2015,07,ESP.6.3.10_1,0.004323452258667846,0.02503412954689068
2015,07,ESP.6.4.2_1,0.009893946040108445,0.0674001529850335
2015,07,ESP.6.4.3_1,0.0022196003379507108,0.01608453586103058
2015,07,ESP.6.4.7_1,6.696694722986e-4,0.006909523882544519
