year,month,gid_1,est,se
2015,05,AND.4_1,0,0.2501486047701861
2015,05,AND.5_1,0,0.2569548935864081
2015,05,AND.6_1,0,0.2683073831590658
2015,05,AND.7_1,0,0.26513230251955816
2015,05,CHE.12_1,0,0.2518733823270996
2015,05,DEU.3_1,0,0.2552762173796436
2015,05,ESP.1_1,0.13533912405287585,0.31614915817398037
2015,05,ESP.10_1,0.683154862619639,0.4720192256705682
2015,05,ESP.11_1,0,0.25751559767539783
2015,05,ESP.12_1,0,0.25072760426898916
2015,05,ESP.13_1,0.8178540772532189,0.40463525858715854
2015,05,ESP.14_1,0,0.26492312582865085
2015,05,ESP.15_1,0,0.17067360277521404
2015,05,ESP.16_1,0.019096004557944912,0.19416368804807566
2015,05,ESP.17_1,0,0.2775282783574703
2015,05,ESP.18_1,0.8353648068669528,0.39170687210091304
2015,05,ESP.2_1,0.04429184549356223,0.2029598150038759
2015,05,ESP.4_1,0,0.0839125668560638
2015,05,ESP.5_1,0,0.2615176687162601
2015,05,ESP.6_1,0.6188464503075195,0.4298774710919751
2015,05,ESP.7_1,0,0.28632667668505246
2015,05,ESP.8_1,0.07313304721030041,0.2569548935864081
2015,05,ESP.9_1,0,0.08912934013441663
2015,05,FRA.10_1,0.010300429184549355,0.09954912772461423
2015,05,FRA.11_1,0,0.17965275117941928
2015,05,FRA.3_1,0,0.24665069608161763
2015,05,FRA.8_1,0,0.25396155462369896
2015,05,GBR.1_1,0,0.26539174798588816
2015,05,GRC.3_1,0,0.08341487550065277
2015,05,GRC.6_1,0.031931330472103,0.17340539179527045
2015,05,HRV.21_1,0,0.28632667668505246
2015,05,HRV.4_1,0,0.07726604435815168
2015,05,ITA.10_1,0.05181124476675888,0.21864775343688295
2015,05,ITA.13_1,0.02163090128755365,0.14345670614678796
2015,05,ITA.18_1,0.0669527896995708,0.2466506960816177
2015,05,ITA.4_1,0.014420600858369098,0.11754991975448002
2015,05,ITA.5_1,0.055622317596566516,0.22613214890097968
2015,05,ITA.6_1,0.06132264785452589,0.23597684007008524
2015,05,ITA.8_1,0.08549356223175966,0.27602192204254644
2015,05,ITA.9_1,0.011330472103004289,0.1043552613463234
2015,05,MLT.1_1,0,0.266726443873695
2015,05,MLT.4_1,0,0.2790791814759601
2015,05,NLD.11_1,0,0.27602192204254644
2015,05,NLD.9_1,0,0.2746812950552139
2015,05,PRT.14_1,0,0.2484078223124663
2015,05,PRT.9_1,0,0.14675760965661458
2015,05,SVN.10_1,0,0.27450365313058267
