year,month,gid_1,est,se
2015,05,AND.4_1,0,0.2667269773281831
2015,05,AND.5_1,0,0.23196048304712577
2015,05,AND.6_1,0,0.25527672793361
2015,05,AND.7_1,0,0.2760224740880467
2015,05,CHE.12_1,0,0.2535829887287751
2015,05,DEU.3_1,0,0.241278149977458
2015,05,ESP.1_1,0.13248963882879247,0.3157163018409721
2015,05,ESP.10_1,0.6672667439693563,0.4772626399716736
2015,05,ESP.11_1,0,0.2575595644279986
2015,05,ESP.12_1,0,0.25393044348437227
2015,05,ESP.13_1,0.8233513513513514,0.40020335176473015
2015,05,ESP.14_1,0,0.24308647750678944
2015,05,ESP.15_1,0,0.16789174544747043
2015,05,ESP.16_1,0.017272535652643733,0.19422099650562574
2015,05,ESP.17_1,0,0.26513283278575406
2015,05,ESP.18_1,0.794534054054054,0.4197558949108079
2015,05,ESP.2_1,0.04837189189189189,0.21174643614636673
2015,05,ESP.4_1,0,0.08079346889728016
2015,05,ESP.5_1,0,0.2417610331100086
2015,05,ESP.6_1,0.5913015911807866,0.43403337434174266
2015,05,ESP.7_1,0,0.2635252465577703
2015,05,ESP.8_1,0.0658681081081081,0.24487736400643162
2015,05,ESP.9_1,0,0.07056953776903001
2015,05,FRA.10_1,0.005145945945945945,0.07056953776903001
2015,05,FRA.11_1,0,0.14086818696955172
2015,05,FRA.3_1,0,0.25527672793361
2015,05,FRA.8_1,0,0.2795550259543261
2015,05,GBR.1_1,0,0.24440027296441902
2015,05,GRC.3_1,0,0.1089406157353261
2015,05,GRC.6_1,0.023671351351351348,0.14997950991768114
2015,05,HRV.21_1,0,0.2635252465577703
2015,05,HRV.4_1,0,0.08341504233090427
2015,05,ITA.10_1,0.035266768353252924,0.18192320734616635
2015,05,ITA.13_1,0.016467027027027025,0.12553888608694314
2015,05,ITA.18_1,0.03910918918918919,0.19129343450166272
2015,05,ITA.4_1,0.016467027027027025,0.12553888608694314
2015,05,ITA.5_1,0.05969297297297296,0.23386227946324042
2015,05,ITA.6_1,0.04985059249014424,0.21079133058139793
2015,05,ITA.8_1,0.08027675675675676,0.268307919775442
2015,05,ITA.9_1,0.0277881081081081,0.16216571172965716
2015,05,MLT.1_1,0,0.27450420213953597
2015,05,MLT.4_1,0,0.22850163017031896
2015,05,NLD.11_1,0,0.25187388607537553
2015,05,NLD.9_1,0,0.26513283278575406
2015,05,PRT.14_1,0,0.23760757516167882
2015,05,PRT.9_1,0,0.143456993061061
2015,05,SVN.10_1,0,0.24837203653574755
