year,month,gid_1,est,se
2015,05,AND.4_1,0,0.34401940257687413
2015,05,AND.5_1,0,0.35328290194801226
2015,05,AND.6_1,0,0.3440194025768741
2015,05,AND.7_1,0,0.35725009115132167
2015,05,CHE.12_1,0,0.402433787041984
2015,05,DEU.3_1,0,0.4431392245924213
2015,05,ESP.1_1,0.29798033602927376,0.41397035747625366
2015,05,ESP.10_1,0.7818669754376821,0.37102005643769487
2015,05,ESP.11_1,0,0.3452541791854202
2015,05,ESP.12_1,0,0.358029135648688
2015,05,ESP.13_1,0.997,0.05471740119919799
2015,05,ESP.14_1,0,0.3277302752001494
2015,05,ESP.15_1,0.185,0.38849186082326864
2015,05,ESP.16_1,0,0.2479756592410869
2015,05,ESP.17_1,0,0.3429600875052688
2015,05,ESP.18_1,0.927,0.2602666685127751
2015,05,ESP.2_1,0.09,0.28632495871296654
2015,05,ESP.4_1,0.04008343565306419,0.20385248520323632
2015,05,ESP.5_1,0,0.34839784646368366
2015,05,ESP.6_1,0.7602372349996481,0.323143579091747
2015,05,ESP.7_1,0,0.33536766610911
2015,05,ESP.8_1,0.515,0.5000250243988045
2015,05,ESP.9_1,0,0.15620307103062794
2015,05,FRA.10_1,0,0.2586172517116422
2015,05,FRA.11_1,0.07958402612638603,0.2493749274554295
2015,05,FRA.3_1,0,0.41512809027013736
2015,05,FRA.8_1,0,0.3969760788045796
2015,05,GRC.3_1,0,0.25527468571161765
2015,05,GRC.6_1,0,0.2319586273558386
2015,05,HRV.21_1,0,0.39407016036651554
2015,05,HRV.4_1,0,0.2074078542823729
2015,05,ITA.10_1,0,0.3988539229469963
2015,05,ITA.13_1,0,0.2848862231842041
2015,05,ITA.18_1,0,0.30279974849343533
2015,05,ITA.4_1,0,0.26987373312686774
2015,05,ITA.5_1,0.124,0.32974646735443996
2015,05,ITA.6_1,0,0.3104430087105051
2015,05,ITA.8_1,0,0.44623214039681536
2015,05,ITA.9_1,0,0.304110972316823
2015,05,NLD.11_1,0,0.4457237593730782
2015,05,NLD.9_1,0,0.4250449488278847
2015,05,PRT.14_1,0,0.3429600875052688
2015,05,PRT.9_1,0,0.27602026589942114
