year,month,gid_1,est,se
2015,05,ESP.1_1,0.1889640403730487,0.31774423004181196
2015,05,ESP.10_1,0.8206628070968406,0.3520231428661231
2015,05,ESP.11_1,0,0.3632677433555145
2015,05,ESP.12_1,0,0.35421759344023607
2015,05,ESP.13_1,1,0
2015,05,ESP.14_1,0,0.3690421269330735
2015,05,ESP.15_1,0,0.11333068359382575
2015,05,ESP.16_1,0.007574294699615706,0.14634671281257175
2015,05,ESP.17_1,0,0.3532829019480122
2015,05,ESP.18_1,0.979,0.14345584540052586
2015,05,ESP.2_1,0.144,0.35126540875438816
2015,05,ESP.4_1,0,0.03280672497096331
2015,05,ESP.5_1,0,0.36698611556334226
2015,05,ESP.6_1,0.7075116539456173,0.3264761568965051
2015,05,ESP.7_1,0,0.35725009115132167
2015,05,ESP.8_1,0.442,0.49687310541312546
2015,05,ESP.9_1,0,0.20958990416508122
2015,05,ITA.10_1,0.10899916538938256,0.3108609412124204
2015,05,ITA.13_1,0.045,0.20740785428237288
2015,05,ITA.18_1,0.107,0.30926792049394103
2015,05,ITA.4_1,0.096,0.2947386484173239
2015,05,ITA.5_1,0.075,0.26352313834736496
2015,05,ITA.6_1,0.08141661590787766,0.27282985371873175
2015,05,ITA.8_1,0.21100000000000002,0.4082225442643334
2015,05,ITA.9_1,0.117,0.32158111638343195
