year,month,gid_1,est,se
2015,05,ESP.1_1,0.1875699494394404,0.3213621179668566
2015,05,ESP.10_1,0.8083867010439677,0.361591887004359
2015,05,ESP.11_1,0,0.36750653440853415
2015,05,ESP.12_1,0,0.3620306877469088
2015,05,ESP.13_1,0.999,0.03162277660168379
2015,05,ESP.14_1,0,0.36849853431255847
2015,05,ESP.15_1,0,0.12553788177183714
2015,05,ESP.16_1,0.006865167487217133,0.14320531316502183
2015,05,ESP.17_1,0,0.3562666500332664
2015,05,ESP.18_1,0.972,0.16505527329729044
2015,05,ESP.2_1,0.145,0.3522770203960217
2015,05,ESP.4_1,0,0.011199959789170658
2015,05,ESP.5_1,0,0.36429531600602666
2015,05,ESP.6_1,0.7028233571731968,0.3287512448938651
2015,05,ESP.7_1,0,0.37136627864268035
2015,05,ESP.8_1,0.441,0.49675523728066096
2015,05,ESP.9_1,0,0.18131981931624816
2015,05,ITA.10_1,0.10553311077050202,0.30732474930495396
2015,05,ITA.13_1,0.059,0.23574260237507894
2015,05,ITA.18_1,0.116,0.3203851535989872
2015,05,ITA.4_1,0.104,0.30541328929383094
2015,05,ITA.5_1,0.068,0.2518718710762269
2015,05,ITA.6_1,0.0775962112405173,0.2664992261725385
2015,05,ITA.8_1,0.191,0.3932857404911519
2015,05,ITA.9_1,0.103,0.304110972316823
