year,month,gid_1,est,se
2019,12,ESP.10_1,0.924,0.26513071171460745
2019,12,ESP.6_1,0.822,0.38270414482007176
