year,month,gid_1,est,se
2019,12,ESP.10_1,0.011984886788970804,0.17246687599521032
2019,12,ESP.2_1,0.00842881288106622,0.07669304451117417
2019,12,ESP.6_1,0.0156529608095788,0.152864718193016
