year,month,gid_2,est,se
2017,08,ESP.1.1_1,0.255,0.4360793106364542
2017,08,ESP.1.2_1,0.485,0.5000250243988045
2017,08,ESP.1.3_1,0.039,0.19369180807797864
2017,08,ESP.1.4_1,0.399,0.48993779098885504
2017,08,ESP.1.5_1,0,0.4884409632438444
2017,08,ESP.1.6_1,0.141,0.34819569244928955
2017,08,ESP.1.7_1,0.849,0.3582280381646966
2017,08,ESP.1.8_1,0.039,0.19369180807797864
2017,08,ESP.10.1_1,0.655,0.4756061408363029
2017,08,ESP.10.2_1,0.625,0.48436516143258035
2017,08,ESP.10.3_1,0.838,0.36863517451796685
2017,08,ESP.11.1_1,0,0.4901430813958718
2017,08,ESP.11.2_1,0,0.48683879468671354
2017,08,ESP.12.1_1,0,0.49347696959383985
2017,08,ESP.12.2_1,0,0.4905472827736758
2017,08,ESP.12.3_1,0,0.4813893805805605
2017,08,ESP.12.4_1,0,0.4905472827736758
2017,08,ESP.13.1_1,0.826,0.37929917989348183
2017,08,ESP.14.1_1,0,0.4762539425745658
2017,08,ESP.14.2_1,0,0.48562931937418674
2017,08,ESP.15.1_1,0.039,0.19369180807797864
2017,08,ESP.16.1_1,0,0.48683879468671354
2017,08,ESP.16.2_1,0.046,0.20958990416508122
2017,08,ESP.16.3_1,0.038,0.19129190414806527
2017,08,ESP.17.1_1,0,0.4886612219010117
2017,08,ESP.18.1_1,0.741,0.4383048152953731
2017,08,ESP.2.1_1,0.6,0.4901430813958718
2017,08,ESP.2.2_1,0.126,0.3320154126456093
2017,08,ESP.2.3_1,0.042,0.20068950215762726
2017,08,ESP.3.1_1,0,0.4879939939570344
2017,08,ESP.4.1_1,0.026,0.15921478998305827
2017,08,ESP.4.2_1,0,0.4796520260210167
2017,08,ESP.4.3_1,0.037,0.1888562063228706
2017,08,ESP.4.4_1,0,0.4907461989988632
2017,08,ESP.4.5_1,0.038,0.19129190414806527
2017,08,ESP.5.1_1,0,0.4920794063381866
2017,08,ESP.5.2_1,0,0.49152069396170145
2017,08,ESP.5.3_1,0,0.49314012936201734
2017,08,ESP.5.4_1,0,0.4901430813958718
2017,08,ESP.5.5_1,0,0.48611964814468495
2017,08,ESP.5.6_1,0,0.48410573055723927
2017,08,ESP.5.7_1,0,0.49170903772228736
2017,08,ESP.5.8_1,0,0.48930912869414506
2017,08,ESP.5.9_1,0,0.4895208173618673
2017,08,ESP.6.1_1,0.92,0.27142894774447635
2017,08,ESP.6.2_1,0.857,0.3502480173729377
2017,08,ESP.6.3_1,0.586,0.4927949338688932
2017,08,ESP.6.4_1,0.827,0.37843653921656956
2017,08,ESP.7.1_1,0,0.4808192874533916
2017,08,ESP.7.2_1,0,0.4808192874533916
2017,08,ESP.8.1_1,0.033,0.17872588772459053
2017,08,ESP.9.1_1,0.051,0.22010780869257557
