year,month,gid_2,est,se
2017,08,ESP.1.1_1,0.244,0.42970763159228237
2017,08,ESP.1.2_1,0.465,0.4990230696310783
2017,08,ESP.1.3_1,0.041,0.19838941090279583
2017,08,ESP.1.4_1,0.364,0.4813893805805605
2017,08,ESP.1.5_1,0,0.4882185549089233
2017,08,ESP.1.6_1,0.147,0.35428310221702153
2017,08,ESP.1.7_1,0.87,0.33647171235218754
2017,08,ESP.1.8_1,0.043,0.2029585972364615
2017,08,ESP.10.1_1,0.685,0.4647483092933109
2017,08,ESP.10.2_1,0.655,0.4756061408363029
2017,08,ESP.10.3_1,0.821,0.38354413840665863
2017,08,ESP.11.1_1,0,0.48410573055723927
2017,08,ESP.11.2_1,0,0.4886612219010117
2017,08,ESP.12.1_1,0,0.4901430813958718
2017,08,ESP.12.2_1,0,0.49428262696084646
2017,08,ESP.12.3_1,0,0.4825026516080599
2017,08,ESP.12.4_1,0,0.49347696959383985
2017,08,ESP.13.1_1,0.843,0.3639828065767441
2017,08,ESP.14.1_1,0,0.4895208173618673
2017,08,ESP.14.2_1,0,0.4816710568500115
2017,08,ESP.15.1_1,0.048,0.21387319079712103
2017,08,ESP.16.1_1,0,0.48973037054672836
2017,08,ESP.16.2_1,0.044,0.20519772441746548
2017,08,ESP.16.3_1,0.028,0.16505527329729044
2017,08,ESP.17.1_1,0,0.4846223879051182
2017,08,ESP.18.1_1,0.736,0.4410198391212106
2017,08,ESP.2.1_1,0.593,0.49152069396170145
2017,08,ESP.2.2_1,0.139,0.3461196307619647
2017,08,ESP.2.3_1,0.037,0.1888562063228706
2017,08,ESP.3.1_1,0,0.4929685771101623
2017,08,ESP.4.1_1,0.027,0.162164414398774
2017,08,ESP.4.2_1,0,0.48753840227585526
2017,08,ESP.4.3_1,0.045,0.20740785428237288
2017,08,ESP.4.4_1,0,0.49226143594773025
2017,08,ESP.4.5_1,0.055,0.22809433799861634
2017,08,ESP.5.1_1,0,0.48683879468671354
2017,08,ESP.5.2_1,0,0.4933095928059319
2017,08,ESP.5.3_1,0,0.48683879468671354
2017,08,ESP.5.4_1,0,0.4853808758022864
2017,08,ESP.5.5_1,0,0.4879939939570344
2017,08,ESP.5.6_1,0,0.4884409632438444
2017,08,ESP.5.7_1,0,0.4879939939570344
2017,08,ESP.5.8_1,0,0.49152069396170145
2017,08,ESP.5.9_1,0,0.49675523728066096
2017,08,ESP.6.1_1,0.89,0.31304631925323445
2017,08,ESP.6.2_1,0.827,0.37843653921656956
2017,08,ESP.6.3_1,0.607,0.4886612219010117
2017,08,ESP.6.4_1,0.839,0.3677148544921924
2017,08,ESP.7.1_1,0,0.4884409632438444
2017,08,ESP.7.2_1,0,0.4886612219010117
2017,08,ESP.8.1_1,0.031,0.17340435135563662
2017,08,ESP.9.1_1,0.039,0.19369180807797864
