year,month,gid_3,est,se
2022,03,ESP.1.1.6_1,0.031,0.17340435135563662
2022,03,ESP.1.7.4_1,0.354,0.4784484433174727
2022,03,ESP.1.8.3_1,0.091,0.28775302222878874
2022,03,ESP.1.8.4_1,0.091,0.28775302222878874
2022,03,ESP.10.1.9_1,0.111,0.3142893217686178
2022,03,ESP.10.2.4_1,0.084,0.2775266131761439
2022,03,ESP.10.2.5_1,0.084,0.2775266131761439
2022,03,ESP.10.3.13_1,0.074,0.2619018758859749
2022,03,ESP.10.3.4_1,0.074,0.2619018758859749
2022,03,ESP.11.1.10_1,0,0.4682341756463781
2022,03,ESP.11.1.12_1,0,0.4682341756463781
2022,03,ESP.11.2.4_1,0,0.47008507738491334
2022,03,ESP.11.2.6_1,0,0.47008507738491334
2022,03,ESP.12.1.2_1,0,0.4571651780264984
2022,03,ESP.12.2.2_1,0,0.4516403203645341
2022,03,ESP.13.1.1_1,0.071,0.25695335184625445
2022,03,ESP.13.1.2_1,0.071,0.25695335184625445
2022,03,ESP.13.1.3_1,0.071,0.25695335184625445
2022,03,ESP.13.1.5_1,0.071,0.25695335184625445
2022,03,ESP.13.1.8_1,0.071,0.25695335184625445
2022,03,ESP.13.1.9_1,0.071,0.25695335184625445
2022,03,ESP.14.1.1_1,0,0.4643485970901814
2022,03,ESP.14.2.1_1,0,0.45671938057476014
2022,03,ESP.16.1.3_1,0,0.47257520811753057
2022,03,ESP.16.2.1_1,0.054,0.2261307920985887
2022,03,ESP.16.3.1_1,0.042,0.20068950215762726
2022,03,ESP.17.1.2_1,0,0.45445079549443584
2022,03,ESP.17.1.4_1,0,0.45445079549443584
2022,03,ESP.17.1.7_1,0,0.45445079549443584
2022,03,ESP.18.1.3_1,0.158,0.36492351139542817
2022,03,ESP.18.1.4_1,0.158,0.36492351139542817
2022,03,ESP.18.1.6_1,0.158,0.36492351139542817
2022,03,ESP.2.3.2_1,0.041,0.19838941090279583
2022,03,ESP.3.1.4_1,0,0.47360669685225454
2022,03,ESP.4.1.1_1,0.051,0.22010780869257557
2022,03,ESP.4.2.1_1,0,0.4571651780264984
2022,03,ESP.4.5.1_1,0.028,0.16505527329729044
2022,03,ESP.4.5.3_1,0.028,0.16505527329729044
2022,03,ESP.4.5.6_1,0.028,0.16505527329729044
2022,03,ESP.4.5.7_1,0.028,0.16505527329729044
2022,03,ESP.5.2.4_1,0,0.4729214043101186
2022,03,ESP.5.8.2_1,0,0.47257520811753057
2022,03,ESP.6.1.10_1,0.128,0.3342569785774528
2022,03,ESP.6.1.11_1,0.128,0.3342569785774528
2022,03,ESP.6.1.12_1,0.128,0.3342569785774528
2022,03,ESP.6.1.3_1,0.128,0.3342569785774528
2022,03,ESP.6.1.5_1,0.128,0.3342569785774528
2022,03,ESP.6.1.8_1,0.128,0.3342569785774528
2022,03,ESP.6.2.4_1,0.129,0.33536766610911
2022,03,ESP.6.2.6_1,0.129,0.33536766610911
2022,03,ESP.6.3.7_1,0.054,0.2261307920985887
2022,03,ESP.6.4.2_1,0.053,0.22414558046332575
2022,03,ESP.8.1.2_1,0.03,0.17067257872642908
2022,03,ESP.8.1.3_1,0.03,0.17067257872642908
2022,03,ESP.8.1.4_1,0.03,0.17067257872642908
