year,month,gid_3,est,se
2015,09,ESP.10.1.1_1,1,0
2015,09,ESP.10.1.2_1,0.035,0.18387171834952978
2015,09,ESP.10.1.3_1,0.323,0.46785669802824226
2015,09,ESP.10.1.4_1,1,0
2015,09,ESP.10.1.5_1,0.355,0.4787527589520547
2015,09,ESP.10.1.6_1,1,0
2015,09,ESP.10.1.7_1,1,0
2015,09,ESP.10.1.8_1,0.06,0.237605674293474
2015,09,ESP.10.1.9_1,1,0
2015,09,ESP.10.2.1_1,0.91,0.28632495871296654
2015,09,ESP.10.2.2_1,0.554,0.4973241712719495
2015,09,ESP.10.2.3_1,0.842,0.3649235113954281
2015,09,ESP.10.2.5_1,0.371,0.4833141758655467
2015,09,ESP.10.2.7_1,0.989,0.10435463521037237
2015,09,ESP.10.2.8_1,0.998,0.04469897088298564
2015,09,ESP.10.3.1_1,0.937,0.24308453280719053
2015,09,ESP.10.3.10_1,1,0
2015,09,ESP.10.3.10_1,1,0
2015,09,ESP.10.3.11_1,1,0
2015,09,ESP.10.3.11_1,1,0
2015,09,ESP.10.3.11_1,1,0
2015,09,ESP.10.3.11_1,1,0
2015,09,ESP.10.3.11_1,1,0
2015,09,ESP.10.3.12_1,0.002,0.04469897088298564
2015,09,ESP.10.3.12_1,0.002,0.04469897088298564
2015,09,ESP.10.3.13_1,0.747,0.43494847991478275
2015,09,ESP.10.3.14_1,0.3,0.45848687027025126
2015,09,ESP.10.3.16_1,0.564,0.4961352135760474
2015,09,ESP.10.3.17_1,1,0
2015,09,ESP.10.3.17_1,1,0
2015,09,ESP.10.3.18_1,0.295,0.45627095369219284
2015,09,ESP.10.3.2_1,0.999,0.03162277660168379
2015,09,ESP.10.3.3_1,0.997,0.054717401199198
2015,09,ESP.10.3.4_1,0.435,0.4960050614873008
2015,09,ESP.10.3.5_1,0.999,0.03162277660168379
2015,09,ESP.10.3.6_1,0.206,0.4046328307586122
2015,09,ESP.10.3.7_1,1,0
2015,09,ESP.10.3.7_1,1,0
2015,09,ESP.10.3.8_1,1,0
2015,09,ESP.10.3.9_1,0.587,0.49261919742705285
