year,month,gid_2,est,se
2021,10,ESP.1.1_1,0.578,0.49412565219806204
2021,10,ESP.1.2_1,0.195,0.3963989557656934
2021,10,ESP.1.3_1,0.292,0.45490981847278583
2021,10,ESP.1.4_1,0.457,0.49839682924292306
2021,10,ESP.1.5_1,0,0.3893013685508382
2021,10,ESP.1.6_1,0.313,0.4639463829433809
2021,10,ESP.1.7_1,0.861,0.3461196307619647
2021,10,ESP.1.8_1,0.568,0.49560228169533443
2021,10,ESP.10.1_1,0.965,0.18387171834952978
2021,10,ESP.10.2_1,0.373,0.48384409173317916
2021,10,ESP.10.3_1,0.955,0.20740785428237288
2021,10,ESP.11.1_1,0,0.41646661864361284
2021,10,ESP.11.2_1,0,0.39793133748091436
2021,10,ESP.12.1_1,0,0.39485048677557294
2021,10,ESP.12.2_1,0,0.40317061716666125
2021,10,ESP.12.4_1,0,0.3868600013708585
2021,10,ESP.13.1_1,0.484,0.49999399395792143
2021,10,ESP.14.1_1,0,0.4248346554654934
2021,10,ESP.14.2_1,0,0.4303024054780082
2021,10,ESP.16.2_1,0.198,0.3986915536538929
2021,10,ESP.16.3_1,0.026,0.15921478998305827
2021,10,ESP.17.1_1,0,0.39485048677557294
2021,10,ESP.18.1_1,0.432,0.49560228169533443
2021,10,ESP.2.1_1,0.123,0.32860155048170264
2021,10,ESP.2.3_1,0.028,0.16505527329729044
2021,10,ESP.3.1_1,0,0.3963989557656934
2021,10,ESP.4.2_1,0,0.4210430824479572
2021,10,ESP.4.4_1,0,0.38437969216355294
2021,10,ESP.4.5_1,0.014,0.11754921445002436
2021,10,ESP.5.2_1,0,0.4053582555164201
2021,10,ESP.5.8_1,0,0.3901066305296325
2021,10,ESP.6.1_1,0.581,0.4936422618482768
2021,10,ESP.6.2_1,0.659,0.4742825570732535
2021,10,ESP.6.3_1,0.34,0.47394580346767984
2021,10,ESP.6.4_1,0.779,0.41512809027013736
2021,10,ESP.7.1_1,0,0.4248346554654934
2021,10,ESP.8.1_1,0.023,0.1499783100768024
2021,10,ESP.9.1_1,0.005,0.07056897321046962
