year,month,gid_4,est,se
2022,03,ESP.10.1.1.3_1,0.004,0.06315051850925682
2022,03,ESP.10.1.1.8_1,0.102,0.30279974849343533
2022,03,ESP.10.1.4.20_1,0.164,0.3704608498090469
2022,03,ESP.10.1.4.23_1,0.054,0.2261307920985887
2022,03,ESP.10.1.4.27_1,0.021,0.14345584540052586
2022,03,ESP.10.1.6.12_1,0.469,0.4992877810324305
2022,03,ESP.10.1.6.27_1,0.29,0.4539891035103223
2022,03,ESP.10.1.7.1_1,0.073,0.2602666685127751
2022,03,ESP.10.1.7.10_1,0.53,0.49934892545128134
2022,03,ESP.10.1.7.2_1,0.046,0.20958990416508122
2022,03,ESP.10.1.7.6_1,0.258,0.43775292989039793
2022,03,ESP.10.1.9.3_1,0.007,0.08341437500789632
2022,03,ESP.10.2.5.11_1,0.074,0.2619018758859749
2022,03,ESP.10.2.7.2_1,0.562,0.4963893657225167
2022,03,ESP.10.2.7.6_1,0.017,0.1293357171384909
2022,03,ESP.10.2.8.8_1,0.054,0.2261307920985887
2022,03,ESP.10.3.1.14_1,0.039,0.19369180807797864
2022,03,ESP.10.3.13.9_1,0.316,0.4651455260027343
2022,03,ESP.10.3.4.1_1,0.011,0.10435463521037237
2022,03,ESP.10.3.7.19_1,1,0
2022,03,ESP.10.3.7.2_1,0.135,0.34189456253630574
2022,03,ESP.10.3.7.4_1,0.998,0.04469897088298564
2022,03,ESP.10.3.8.5_1,0.128,0.3342569785774528
