year,month,gid_4,est,se
2022,03,ESP.10.1.1.3_1,0.025,0.15620307103062794
2022,03,ESP.10.1.1.8_1,0.082,0.27450200609713465
2022,03,ESP.10.1.4.20_1,0.191,0.3932857404911519
2022,03,ESP.10.1.4.23_1,0.044,0.20519772441746548
2022,03,ESP.10.1.4.27_1,0.022,0.1467567291047928
2022,03,ESP.10.1.6.12_1,0.396,0.48930912869414506
2022,03,ESP.10.1.6.27_1,0.172,0.3775692765024169
2022,03,ESP.10.1.7.1_1,0.047,0.21174474216810163
2022,03,ESP.10.1.7.10_1,0.247,0.43148253403489834
2022,03,ESP.10.1.7.2_1,0.02,0.14007005254378832
2022,03,ESP.10.1.7.6_1,0.185,0.38849186082326864
2022,03,ESP.10.1.9.3_1,0.024,0.15312559370479986
2022,03,ESP.10.2.5.11_1,0.105,0.3067068128833611
2022,03,ESP.10.2.7.2_1,0.429,0.49518098126261295
2022,03,ESP.10.2.7.6_1,0.032,0.17608806605504818
2022,03,ESP.10.2.8.8_1,0.079,0.26987373312686774
2022,03,ESP.10.3.1.14_1,0.058,0.2338604085575211
2022,03,ESP.10.3.13.9_1,0.254,0.43551541152257023
2022,03,ESP.10.3.4.1_1,0.032,0.17608806605504818
2022,03,ESP.10.3.7.19_1,0.96,0.19605723255834873
2022,03,ESP.10.3.7.2_1,0.076,0.26513071171460745
2022,03,ESP.10.3.7.4_1,0.965,0.18387171834952978
2022,03,ESP.10.3.8.5_1,0.148,0.3552776691859794
