year,month,gid_4,est,se
2022,03,ESP.10.1.1.3_1,0.005,0.07056897321046962
2022,03,ESP.10.1.1.8_1,0.123,0.32860155048170264
2022,03,ESP.10.1.4.20_1,0.18,0.38437969216355294
2022,03,ESP.10.1.4.23_1,0.029,0.1678904023081343
2022,03,ESP.10.1.4.27_1,0.006,0.07726558075864033
2022,03,ESP.10.1.6.12_1,0.466,0.4990922691177385
2022,03,ESP.10.1.6.27_1,0.26,0.43885372573625553
2022,03,ESP.10.1.7.1_1,0.08,0.27142894774447635
2022,03,ESP.10.1.7.10_1,0.517,0.49996095943679536
2022,03,ESP.10.1.7.2_1,0.041,0.19838941090279583
2022,03,ESP.10.1.7.6_1,0.253,0.43494847991478275
2022,03,ESP.10.1.9.3_1,0.002,0.04469897088298564
2022,03,ESP.10.2.5.11_1,0.082,0.27450200609713465
2022,03,ESP.10.2.7.2_1,0.55,0.497742652128334
2022,03,ESP.10.2.7.6_1,0.027,0.162164414398774
2022,03,ESP.10.2.8.8_1,0.07,0.25527468571161765
2022,03,ESP.10.3.1.14_1,0.031,0.17340435135563662
2022,03,ESP.10.3.13.9_1,0.344,0.475278749672116
2022,03,ESP.10.3.4.1_1,0.015,0.12161327966052798
2022,03,ESP.10.3.7.19_1,0.999,0.03162277660168379
2022,03,ESP.10.3.7.2_1,0.139,0.3461196307619647
2022,03,ESP.10.3.7.4_1,0.997,0.054717401199198
2022,03,ESP.10.3.8.5_1,0.131,0.33756918246924283
