year,month,gid_3,est,se
2019,11,ARG.24.2_1,0.037,0.1888562063228706
2019,11,IND.20.26.7_1,0.04,0.19605723255834873
2019,11,IND.20.26.8_1,0.04,0.19605723255834873
2019,11,MEX.14.40_2,0.381,0.48587557571365436
2019,11,MEX.17.7_2,0.175,0.38015722999769386
2019,11,MEX.4.5_2,0.628,0.4835802413765991
2019,11,MEX.9.9_2,0.023,0.1499783100768024
2019,11,PRI.65_1,0.128,0.3342569785774528
2019,11,USA.5.19_1,0.024,0.15312559370479986
