year,month,gid_2,est,se
2020,12,ESP.1.1_1,0.182,0.3860375953518323
2020,12,ESP.1.2_1,0.156,0.3630369069334353
2020,12,ESP.1.3_1,0.286,0.45211548127487117
2020,12,ESP.1.4_1,0.14,0.3471606552023436
2020,12,ESP.1.5_1,0.089,0.2848862231842041
2020,12,ESP.1.6_1,0.146,0.3532829019480122
2020,12,ESP.1.7_1,0.228,0.4197525368502163
2020,12,ESP.1.8_1,0.485,0.5000250243988045
2020,12,ESP.10.1_1,0,0.3429600875052688
2020,12,ESP.10.2_1,0,0.33647171235218754
2020,12,ESP.10.3_1,0,0.4157990967870047
2020,12,ESP.11.1_1,0,0.42790431418963526
2020,12,ESP.11.2_1,0,0.25527468571161765
2020,12,ESP.12.2_1,0,0.4431392245924213
2020,12,ESP.12.3_1,0,0.4436618485241162
2020,12,ESP.12.4_1,0,0.304110972316823
2020,12,ESP.13.1_1,0.275,0.4467377022085494
2020,12,ESP.14.1_1,0.268,0.4431392245924213
2020,12,ESP.14.2_1,0.081,0.27297163499805893
2020,12,ESP.15.1_1,0,0.3639828065767441
2020,12,ESP.16.1_1,0,0.4291097005838194
2020,12,ESP.16.2_1,0.147,0.35428310221702153
2020,12,ESP.16.3_1,0.305,0.4606378047741926
2020,12,ESP.17.1_1,0,0.49996095943679536
2020,12,ESP.18.1_1,0.286,0.45211548127487117
2020,12,ESP.2.1_1,0,0.37929917989348183
2020,12,ESP.2.2_1,0,0.26513071171460745
2020,12,ESP.2.3_1,0,0.43265018916693676
2020,12,ESP.3.1_1,0,0.34922479573758497
2020,12,ESP.4.1_1,0,0.24487540497968344
2020,12,ESP.4.2_1,0,0.3522770203960217
2020,12,ESP.4.5_1,0,0.22213812222431642
2020,12,ESP.5.1_1,0,0.4980351785155734
2020,12,ESP.5.2_1,0,0.24487540497968344
2020,12,ESP.5.4_1,0,0.387678080750375
2020,12,ESP.5.5_1,0,0.3592005359475749
2020,12,ESP.5.6_1,0,0.3917045218432287
2020,12,ESP.5.8_1,0,0.39407016036651554
2020,12,ESP.6.1_1,0.798,0.40169311340544206
2020,12,ESP.6.2_1,0.453,0.4980351785155734
2020,12,ESP.6.3_1,0.102,0.30279974849343533
2020,12,ESP.6.4_1,0.328,0.46971974265154814
2020,12,ESP.7.1_1,0,0.32860155048170264
2020,12,ESP.7.2_1,0,0.40892936214366316
2020,12,ESP.8.1_1,0.694,0.4610602743422779
2020,12,ESP.9.1_1,0,0.4248346554654934
