year,month,gid_1,est,se
2020,03,ESP.1_1,0.26246145437997004,0.3498192374422044
2020,03,ESP.10_1,0.21032611582625776,0.33513386438728554
2020,03,ESP.11_1,0.16889230244489625,0.26545941157039665
2020,03,ESP.12_1,0.3938934230198794,0.2925745432747149
2020,03,ESP.13_1,0.2734976525821596,0.3995029419663256
2020,03,ESP.14_1,0.07061619718309858,0.1329721521313726
2020,03,ESP.15_1,0.1681338028169014,0.2960207599162543
2020,03,ESP.16_1,0.1263864577272349,0.3495136371738134
2020,03,ESP.17_1,0.46180751173708917,0.4890978086693456
2020,03,ESP.18_1,0.2690140845070423,0.39605989370116884
2020,03,ESP.2_1,0.12229355057088782,0.305430297263202
2020,03,ESP.3_1,0.14347417840375587,0.2631825287703099
2020,03,ESP.4_1,0.10490136304170179,0.1795271782710777
2020,03,ESP.5_1,0.023669273434098973,0.2592275906330385
2020,03,ESP.6_1,0.35222620231045015,0.30103477085975155
2020,03,ESP.8_1,0.7151291079812206,0.4724994257623709
2020,03,ESP.9_1,0,0.3626502567831283
