year,month,gid_1,est,se
2020,03,AND.4_1,0,0.37046084980904687
2020,03,AUT.3_1,0,0.17067257872642908
2020,03,BEL.2_1,0,0.10832107253879719
2020,03,BGR.21_1,0,0.39716714584887525
2020,03,CHE.26_1,0,0.4413248796736722
2020,03,CYP.1_1,0,0.37226681638655706
2020,03,CYP.2_1,0.17800000000000002,0.38270414482007176
2020,03,CYP.4_1,0,0.3868600013708585
2020,03,DEU.1_1,0,0.1512831959390898
2020,03,DEU.10_1,0,0.18387171834952978
2020,03,DEU.13_1,0,0.413251044472828
2020,03,ESP.1_1,0.27766976756272915,0.41772051057282406
2020,03,ESP.10_1,0.18603599886689487,0.38130938927703384
2020,03,ESP.11_1,0,0.189532156621259
2020,03,ESP.12_1,0.4155165503036209,0.31318996772492724
2020,03,ESP.13_1,0,0.4618975528722244
2020,03,ESP.14_1,0,0.21174474216810163
2020,03,ESP.15_1,0,0.3677148544921924
2020,03,ESP.16_1,0.1379117836603352,0.39188087035464836
2020,03,ESP.17_1,0.485,0.5000250243988045
2020,03,ESP.18_1,0.315,0.46474830929331096
2020,03,ESP.2_1,0,0.2777750943943716
2020,03,ESP.3_1,0,0.21174474216810163
2020,03,ESP.4_1,0,0.10662676697768386
2020,03,ESP.5_1,0.0025485384863868253,0.1994357435807361
2020,03,ESP.6_1,0.41296380817921563,0.3497942679972644
2020,03,ESP.8_1,0,0.45671938057476014
2020,03,ESP.9_1,0,0.3749394345485409
2020,03,FRA.1_1,0,0.10893974420691407
2020,03,FRA.12_1,0,0.3167512136225074
2020,03,FRA.13_1,0,0.07726558075864033
2020,03,FRA.8_1,0,0.3601676286407771
2020,03,GRC.3_1,0,0.39562674393994207
2020,03,HUN.11_1,0,0.2988114594326802
2020,03,ITA.10_1,0.354,0.4784484433174727
2020,03,ITA.16_1,0.004,0.06315051850925682
2020,03,ITA.20_1,0.004,0.06315051850925682
2020,03,ITA.6_1,0.07191254033763791,0.2398747624693805
2020,03,ITA.8_1,0.644,0.47905479174463284
2020,03,NLD.10_1,0,0.04469897088298564
2020,03,NLD.11_1,0.0017985197251763156,0.0408435332450124
2020,03,NLD.12_1,0,0.10901535686153441
2020,03,NLD.14_1,0.014362294354506465,0.10096820502374702
2020,03,NLD.2_1,0,0.11802631188670201
2020,03,NLD.4_1,4.0690733502755553e-4,0.007870862429006397
2020,03,NLD.8_1,0.022148035109628404,0.1407417574763835
2020,03,NLD.9_1,0.012693969027581676,0.0999668301468157
2020,03,PRT.12_1,0,0.4795200116128927
2020,03,ROU.38_1,0,0.371309374536671
2020,03,ZNC.5_1,0,0.37843653921656956
