year,month,gid_1,est,se
2020,03,ESP.1_1,0.2651104341494019,0.34297015632655115
2020,03,ESP.10_1,0.21248953588046315,0.3257620702635461
2020,03,ESP.11_1,0.17055800503224516,0.24358265670668067
2020,03,ESP.12_1,0.26247438671069834,0.29193703011622457
2020,03,ESP.13_1,0.2755933014354067,0.3950595281594265
2020,03,ESP.14_1,0.14507075885318532,0.22882255365208065
2020,03,ESP.15_1,0.1635263157894737,0.28214558038974785
2020,03,ESP.16_1,0.12905891622703744,0.3417164163117342
2020,03,ESP.17_1,0.4917224880382776,0.4930884577738995
2020,03,ESP.18_1,0.2996076555023923,0.4125635543192011
2020,03,ESP.2_1,0.10584398190212252,0.27408073425760293
2020,03,ESP.3_1,0.1715311004784689,0.29232674824479143
2020,03,ESP.4_1,0.06712587408548995,0.26085168531027125
2020,03,ESP.5_1,0.09433896529226733,0.27635891353993647
2020,03,ESP.6_1,0.37059312245187764,0.30413911317464215
2020,03,ESP.7_1,0.08357429147744673,0.22809416998045468
2020,03,ESP.8_1,0.717,0.47639718368411044
2020,03,ESP.9_1,0,0.3401008724734048
