year,month,gid_1,est,se
2020,03,ESP.1_1,0.2508363211694933,0.3261200572199793
2020,03,ESP.10_1,0.20601359076644213,0.32681781264411874
2020,03,ESP.11_1,0.1795555341684552,0.25412723309925134
2020,03,ESP.12_1,0.25602899936074003,0.2986822490397932
2020,03,ESP.13_1,0.26263096623981375,0.38483856049958115
2020,03,ESP.14_1,0.1556964951714535,0.24175953317879798
2020,03,ESP.15_1,0.13075669383003494,0.22905967801578583
2020,03,ESP.16_1,0.1462492910873309,0.35187242113546574
2020,03,ESP.17_1,0.4727357392316648,0.49119827547284406
2020,03,ESP.18_1,0.2872176949941793,0.40455126974081235
2020,03,ESP.2_1,0.12226986476845447,0.2899800050884525
2020,03,ESP.3_1,0.14975552968568104,0.25826602325756165
2020,03,ESP.4_1,0.05829408489645526,0.23738217410911236
2020,03,ESP.5_1,0.09951868112097373,0.2757378876184482
2020,03,ESP.6_1,0.3524488666553239,0.28320981782527344
2020,03,ESP.7_1,0.08431162158993888,0.2182608958659586
2020,03,ESP.8_1,0.7465424912689174,0.45611118402657486
2020,03,ESP.9_1,0,0.36271033645765305
