year,month,gid_1,est,se
2020,03,ESP.10_1,0.956,0.20519772441746548
2020,03,ESP.6_1,0.834,0.37226681638655706
