year,month,gid_1,est,se
2020,03,ESP.1_1,0.3681418247543703,0.44168520840738706
2020,03,ESP.10_1,0.3364793773311316,0.4529240169833141
2020,03,ESP.11_1,0,0.18060775280587843
2020,03,ESP.12_1,0.5185539331615261,0.28206713220896706
2020,03,ESP.13_1,0,0.48993779098885504
2020,03,ESP.14_1,0,0.21805400144814482
2020,03,ESP.15_1,0,0.43494847991478275
2020,03,ESP.16_1,0.18650551893804082,0.4236472270550426
2020,03,ESP.17_1,0.6156272301102905,0.49651336892930237
2020,03,ESP.18_1,0.4773580126523642,0.4960050614873008
2020,03,ESP.2_1,0,0.33446848598478396
2020,03,ESP.3_1,0,0.27142894774447635
2020,03,ESP.4_1,0,0.17113530475659797
2020,03,ESP.5_1,0,0.12883057675973583
2020,03,ESP.6_1,0.4757786692209267,0.29371919940922425
2020,03,ESP.8_1,0,0.42607222103481185
2020,03,ESP.9_1,0,0.4303024054780082
2020,03,ITA.10_1,0.5596611182820822,0.5001501276118503
2020,03,ITA.16_1,0.001097374741729573,0.03162277660168379
2020,03,ITA.20_1,0.001097374741729573,0.03162277660168379
2020,03,ITA.6_1,0.16613385111745604,0.2996997167289824
2020,03,ITA.8_1,0.80657043517123606,0.4415540396938635
