year,month,gid_1,est,se
2020,03,ESP.1_1,0.27585669228293563,0.35272659772397574
2020,03,ESP.10_1,0.2176191878527811,0.33848104182374034
2020,03,ESP.11_1,0.18775282989013162,0.2868883949986611
2020,03,ESP.12_1,0.4132594187321538,0.27846348926533715
2020,03,ESP.13_1,0.29529016786570744,0.4110649286606549
2020,03,ESP.14_1,0.07612949640287771,0.1471479128008794
2020,03,ESP.15_1,0.15225899280575542,0.2736900565989651
2020,03,ESP.16_1,0.15328716434988926,0.3640891023211455
2020,03,ESP.17_1,0.4798465227817746,0.49028179156154106
2020,03,ESP.18_1,0.2814484412470024,0.4013449989283498
2020,03,ESP.2_1,0.11979623185128106,0.3062955838169393
2020,03,ESP.3_1,0.1557194244604317,0.2782249423689229
2020,03,ESP.4_1,0.11352107237607455,0.1829707504288751
2020,03,ESP.5_1,0.02309749422999776,0.2735288053033571
2020,03,ESP.6_1,0.3691677902635257,0.29784097029058826
2020,03,ESP.8_1,0.6943932853717026,0.48550107153084976
2020,03,ESP.9_1,0,0.3458216293085571
