year,month,gid_1,est,se
2020,04,ESP.10_1,0.936,0.24487540497968344
2020,04,ESP.6_1,0.839,0.3677148544921924
