year,month,gid_1,est,se
2020,04,AND.4_1,0,0.2919794124992991
2020,04,AUT.3_1,0,0.24308842226862057
2020,04,BEL.2_1,0,0.18866290540609562
2020,04,BGR.21_1,0,0.31552930362808684
2020,04,CHE.21_1,0,0.2891751987010309
2020,04,CHE.26_1,0,0.4475206785276028
2020,04,CHE.7_1,0,0.326295682599407
2020,04,CYP.1_1,0,0.3179753773249522
2020,04,CYP.2_1,0,0.33866555910650437
2020,04,CYP.3_1,0,0.2961105950441589
2020,04,CYP.4_1,0,0.31552930362808684
2020,04,DEU.1_1,0,0.18478804156138495
2020,04,DEU.10_1,0,0.21597948597041344
2020,04,DEU.13_1,0,0.3449478846875216
2020,04,ESP.1_1,0.1484020602453337,0.33904605438843366
2020,04,ESP.10_1,0.17464443887450096,0.37749555264522455
2020,04,ESP.11_1,0,0.27672102337102267
2020,04,ESP.12_1,0.02266709062452274,0.24461698150295508
2020,04,ESP.13_1,0,0.4248414530103125
2020,04,ESP.14_1,0.036,0.18638629353683397
2020,04,ESP.15_1,0,0.2988162405499027
2020,04,ESP.16_1,0,0.34362616416227765
2020,04,ESP.17_1,0,0.33426232683886165
2020,04,ESP.18_1,0.263,0.4404897661119389
2020,04,ESP.2_1,0,0.3245746082802743
2020,04,ESP.3_1,0,0.2602708328960743
2020,04,ESP.4_1,0,0.16963552444672378
2020,04,ESP.5_1,0,0.1307770288779405
2020,04,ESP.6_1,0.36319108821834406,0.44250031727246897
2020,04,ESP.8_1,0.617,0.4863693219576884
2020,04,ESP.9_1,0,0.2988162405499027
2020,04,FRA.12_1,0,0.24308842226862057
2020,04,FRA.8_1,0,0.20576054224771603
2020,04,GBR.1_1,0,0.32753744964524073
2020,04,GRC.3_1,0,0.306711720329776
2020,04,GRC.6_1,0,0.22214167653379288
2020,04,ITA.13_1,0,0.2052010076729875
2020,04,ITA.16_1,0.039,0.1936949072336844
2020,04,ITA.17_1,0.10700000000000003,0.3092728689192251
2020,04,ITA.20_1,0,0.3066984346871278
2020,04,ITA.6_1,0.11553452449675032,0.3126004002160487
2020,04,ITA.8_1,0.238,0.42607903838123445
2020,04,NLD.10_1,0,0.24487932309587057
2020,04,NLD.11_1,0.044,0.2052010076729875
2020,04,NLD.12_1,0,0.23760947609071323
2020,04,NLD.14_1,0.0740801615725648,0.26172632428134673
2020,04,NLD.2_1,0,0.28050882449430037
2020,04,NLD.4_1,0.092,0.2891751987010309
2020,04,NLD.9_1,0.09437354216965788,0.2882895555359554
2020,04,PRT.12_1,0,0.4841298669699707
2020,04,SWE.15_1,0,0.3015163516151532
2020,04,SWE.16_1,0,0.32395571035413145
2020,04,ZNC.2_1,0,0.2877576264060616
2020,04,ZNC.5_1,0,0.326295682599407
