year,month,gid_1,est,se
2020,04,ESP.1_1,0.27384654690510124,0.37937876789653874
2020,04,ESP.10_1,0.2977301005174892,0.4250551475405967
2020,04,ESP.11_1,0,0.21555007870927148
2020,04,ESP.12_1,0.06691052781777204,0.41329822468048494
2020,04,ESP.13_1,0,0.4538366257626807
2020,04,ESP.14_1,0.08120386010416915,0.19626466315295582
2020,04,ESP.15_1,0,0.35576024873156187
2020,04,ESP.16_1,0,0.3322534541513698
2020,04,ESP.17_1,0,0.4995088395869172
2020,04,ESP.18_1,0.402813884990418,0.48037865796236096
2020,04,ESP.2_1,0,0.4035505609752787
2020,04,ESP.3_1,0,0.3312706551655187
2020,04,ESP.4_1,0,0.18185797778610283
2020,04,ESP.5_1,0,0.37229726399458507
2020,04,ESP.6_1,0.468840916942214,0.3775364066240523
2020,04,ESP.8_1,0.6913012827289136,0.4716701288365382
2020,04,ESP.9_1,0,0.3416382662851156
2020,04,ITA.13_1,0,0.10079729813288735
2020,04,ITA.16_1,0.04594428926946412,0.11588135060276651
2020,04,ITA.17_1,0.17950326970395286,0.3370924817288355
2020,04,ITA.20_1,0,0.2028856651255776
2020,04,ITA.6_1,0.10452054768589887,0.23731636104166556
2020,04,ITA.8_1,0.6774111487637269,0.47659439414961763
