ID_0,est,se
ALB,1,0.26664653153887213
ARE,0.365,0.4816710568500115
AUT,0.9936064825447016,0.14834443404668854
BEL,0.59561492008671,0.10956559684715407
BGR,0.008000000000000007,0.022282201338658093
CHE,0.974857637248,0.48958021084697234
CHN,0,0
COL,0.20899999999999996,0.4067978422810088
CZE,0.07840000000000003,0.19605723255834873
DEU,0.9999552667403258,0.32869245204286374
DNK,0.749,0.43380547159664457
ESP,1,0.08504073249670627
FRA,0.9606046193197336,0.2218184038505832
GBR,0.0010000000000000009,0.03162277660168379
GMB,0.931,0.2535809600567505
GRC,0.0649360000000001,0.06912454539534181
HRV,0.9986299138,0.3224255415225622
HUN,1,0.06579587196340991
IND,0.006990000000000052,0.016466849156207896
IRN,0,0
ITA,1,0.1218778031858252
MAR,0.23814400000000002,0.25572450446879713
MEX,0.67068784,0.25849615454863184
NLD,1,0.3306078729970053
PAK,0,0
PER,0.013000000000000012,0.03777689453127525
POL,0.07499999999999996,0.26352313834736496
PRT,0.9999998500222452,0.24147880525746868
ROU,0.6670020000000001,0.17553103034805614
RUS,0,0
SAU,0.0010000000000000009,0.03162277660168379
SRB,0.986551508125,0.32700073642101424
SVN,0,0
TUR,0.9999723685170134,0.3052057525508213
USA,0,0
UZB,0.998,0.04469897088298564
XKO,0.690981004,0.24758670467404797
