year,month,gid_3,est,se
2021,03,ESP.10.1.1_1,0.241,0.42790431418963526
2021,03,ESP.10.1.4_1,0.732,0.4431392245924213
2021,03,ESP.10.1.6_1,0.782,0.4130939925085411
2021,03,ESP.10.1.7_1,0.562,0.4963893657225167
2021,03,ESP.10.1.9_1,0.006,0.07726558075864033
2021,03,ESP.10.2.5_1,0.988,0.10893974420691407
2021,03,ESP.10.2.7_1,0.097,0.296105857217784
2021,03,ESP.10.2.8_1,0.095,0.2933616557443407
2021,03,ESP.10.3.1_1,0.019,0.13659303663678343
2021,03,ESP.10.3.13_1,0.123,0.32860155048170264
2021,03,ESP.10.3.4_1,0.238,0.42607222103481185
2021,03,ESP.10.3.7_1,0.79,0.40751204407485436
2021,03,ESP.10.3.8_1,0.186,0.3893013685508382
