year,month,gid_4,est,se
2022,06,ARG.24.2_1,0.049,0.21597603025716916
2022,06,DOM.5.1_1,0.004,0.06315051850925682
2022,06,GTM.7.7_1,0.009,0.09448771310560929
2022,06,HND.8.4_1,0.006,0.07726558075864033
2022,06,IND.20.26.7_1,0.008,0.08912880535463237
2022,06,IND.34.1.5_1,0.059,0.23574260237507894
2022,06,MEX.14.40_2,0.002,0.04469897088298564
2022,06,MEX.14.99_2,0.106,0.30799165387857325
2022,06,MEX.16.57_2,0.528,0.49946517943242597
2022,06,MEX.17.7_2,0.01,0.0995485304256668
2022,06,MEX.31.50_2,0.108,0.3105357184486713
2022,06,MEX.4.5_2,0.078,0.26830577330349786
2022,06,MEX.9.9_2,0.006,0.07726558075864033
2022,06,PAK.7.5.2_1,0.035,0.18387171834952978
2022,06,PER.13.11.10_1,0.021,0.14345584540052586
2022,06,PRI.52_1,0.088,0.28343665312788385
2022,06,PRI.65_1,0.03,0.17067257872642908
2022,06,USA.10.43_1,0.186,0.3893013685508382
2022,06,USA.5.19_1,0.008,0.08912880535463237
2022,06,VEN.14.3_1,0.011,0.10435463521037237
