year,month,gid_1,est,se
2019,03,ARM.8_1,0,0.25014910506889654
2019,03,AUT.9_1,0,0.07056953776903001
2019,03,CHE.12_1,0,0.22213989935061976
2019,03,CHE.24_1,0,0.2280961627752177
2019,03,CHE.26_1,0,0.2324655145576598
2019,03,CYP.4_1,0,0.08341504233090427
2019,03,CZE.11_1,0,0.2398180314250353
2019,03,DEU.10_1,0,0.2220770511569511
2019,03,DEU.15_1,0,0.23768928242759838
2019,03,DEU.16_1,0,0.22414737364948772
2019,03,DEU.2_1,0,0.241278149977458
2019,03,DEU.3_1,0,0.19369335763103793
2019,03,DEU.7_1,0,0.2193523052443621
2019,03,DEU.9_1,0,0.25861932067448345
2019,03,ESP.1_1,0.03410298776426942,0.1560879956117255
2019,03,ESP.10_1,0.15644753842079873,0.35266879654614547
2019,03,ESP.11_1,0,0.23386227946324045
2019,03,ESP.12_1,0,0.23955307009305368
2019,03,ESP.13_1,0,0.498132615183717
2019,03,ESP.14_1,0,0.22720296561820183
2019,03,ESP.15_1,0,0.04469932847904386
2019,03,ESP.16_1,0,0.09754513211316967
2019,03,ESP.17_1,0,0.2602687506711091
2019,03,ESP.18_1,0,0.4254584683027757
2019,03,ESP.2_1,0,0.027993019793801827
2019,03,ESP.3_1,0,0.24487736400643165
2019,03,ESP.4_1,0,0.03996422435679276
2019,03,ESP.5_1,0,0.2280850948666407
2019,03,ESP.6_1,0.13673503251928806,0.31547298398462065
2019,03,ESP.8_1,0,0.077266198890704
2019,03,ESP.9_1,0,0.05471783894366052
2019,03,FRA.1_1,0,0
2019,03,FRA.10_1,0,0
2019,03,FRA.11_1,0,0.05682325331278049
2019,03,FRA.12_1,0,0.20519936601896005
2019,03,FRA.13_1,0,0
2019,03,GBR.1_1,0,0.21838259092287227
2019,03,GRC.3_1,0,0
2019,03,HUN.14_1,0,0.045718932043193036
2019,03,HUN.5_1,0,0.17872731754885024
2019,03,IRL.6_1,0,0.21750133319757087
2019,03,ITA.10_1,0,0.07160264552495839
2019,03,ITA.6_1,0.015437837837837837,0.12161425257844029
2019,03,NLD.11_1,0,0.2303312927742897
2019,03,NLD.14_1,0,0
2019,03,NLD.2_1,0,0.23945198627782574
2019,03,NLD.3_1,0,0.23847103173460873
2019,03,NLD.4_1,0,0.24016762419997592
2019,03,NLD.7_1,0,0.25187388607537553
2019,03,NLD.8_1,0,0.24923017719281962
2019,03,NLD.9_1,0,0.2396148552303969
2019,03,POL.6_1,0,0.21805574590108986
2019,03,POL.7_1,0,0.2287700336323585
2019,03,PRT.12_1,0,0.25187388607537553
2019,03,RUS.43_1,0,0.24579423863223426
2019,03,SRB.3_1,0,0.029754025803482475
2019,03,SWE.17_1,0,0.2535829887287751
2019,03,UKR.11_1,0,0.2439587455514432
2019,03,UKR.12_1,0,0.21597775808614522
