year,month,gid_1,est,se
2019,03,ESP.10_1,0.99,0.0995485304256668
2019,03,ESP.6_1,0.973,0.162164414398774
