year,month,gid_1,est,se
2019,03,ESP.1_1,0.3006872045847293,0.35664495251687556
2019,03,ESP.10_1,0.7042175399916544,0.45010125838889237
2019,03,ESP.11_1,0,0.46172256197883865
2019,03,ESP.12_1,0,0.4721400321013132
2019,03,ESP.13_1,0.8355272727272727,0.3775692765024169
2019,03,ESP.14_1,0,0.4613906075968463
2019,03,ESP.15_1,0.016145454545454546,0.12553788177183714
2019,03,ESP.16_1,0.08864812495102059,0.39618428451893356
2019,03,ESP.17_1,0,0.4663222667388471
2019,03,ESP.18_1,0.911209090909091,0.296105857217784
2019,03,ESP.2_1,0.05826542917637728,0.2267028577156402
2019,03,ESP.3_1,0,0.4746169626775482
2019,03,ESP.4_1,0.03958332176728201,0.3209066762528243
2019,03,ESP.5_1,0,0.4686592990595077
2019,03,ESP.6_1,0.5835792156195371,0.47931304014677834
2019,03,ESP.7_1,0,0.4644659319894837
2019,03,ESP.8_1,0.016145454545454546,0.12553788177183714
2019,03,ESP.9_1,0.02926363636363636,0.1678904023081343
