year,month,gid_1,est,se
2019,03,ARM.8_1,0,0.17872731754885024
2019,03,AUT.9_1,0,0.09448846901638508
2019,03,CHE.12_1,0,0.1511912639437253
2019,03,CHE.24_1,0,0.16505659375532236
2019,03,CHE.26_1,0,0.15997421880246446
2019,03,CYP.4_1,0,0.11333159025017439
2019,03,CZE.11_1,0,0.1539991107277459
2019,03,DEU.10_1,0,0.14708364389811296
2019,03,DEU.15_1,0,0.146506354949426
2019,03,DEU.16_1,0,0.14675790317271445
2019,03,DEU.2_1,0,0.16789174544747043
2019,03,DEU.3_1,0,0.16216571172965716
2019,03,DEU.7_1,0,0.16879972755743522
2019,03,DEU.9_1,0,0.1760894747764813
2019,03,ESP.1_1,0.030135032920158168,0.13766643349557117
2019,03,ESP.10_1,0.07245334727441265,0.250685120854048
2019,03,ESP.11_1,0,0.1734057386070945
2019,03,ESP.12_1,0,0.16688501583279222
2019,03,ESP.13_1,0,0.48973428843670747
2019,03,ESP.14_1,0,0.14925557698644157
2019,03,ESP.15_1,0,0.077266198890704
2019,03,ESP.16_1,0,0.1825546525383646
2019,03,ESP.17_1,0,0.16789174544747043
2019,03,ESP.18_1,0,0.25014910506889654
2019,03,ESP.2_1,0,0.08559157134962234
2019,03,ESP.3_1,0,0.17067394412344367
2019,03,ESP.4_1,0,0.17682681105670445
2019,03,ESP.5_1,0,0.11140462377052153
2019,03,ESP.6_1,0.09165491815673453,0.267804178284656
2019,03,ESP.8_1,0,0.07056953776903001
2019,03,ESP.9_1,0,0.16789174544747043
2019,03,FRA.1_1,0,0.1293367518366444
2019,03,FRA.10_1,0,0.12218721713574923
2019,03,FRA.11_1,0,0.10082162094747059
2019,03,FRA.12_1,0,0.16505659375532236
2019,03,FRA.13_1,0,0.07941657722926272
2019,03,GBR.1_1,0,0.15962932197725674
2019,03,GRC.3_1,0,0.09448846901638507
2019,03,HUN.14_1,0,0.1322503155183363
2019,03,HUN.5_1,0,0.15312681872424974
2019,03,IRL.6_1,0,0.1479041693039835
2019,03,ITA.10_1,0,0.0580447436586969
2019,03,ITA.6_1,0.011103340292275573,0.10435547005747224
2019,03,NLD.11_1,0,0.16392083285612985
2019,03,NLD.14_1,0,0.15921606371666297
2019,03,NLD.2_1,0,0.13659412939418963
2019,03,NLD.3_1,0,0.16326932466891467
2019,03,NLD.4_1,0,0.15490112711681803
2019,03,NLD.7_1,0,0.16216571172965716
2019,03,NLD.8_1,0,0.18638480240473423
2019,03,NLD.9_1,0,0.15800303572686555
2019,03,POL.6_1,0,0.15312681872424974
2019,03,POL.7_1,0,0.1580129788973279
2019,03,PRT.12_1,0,0.15620432067019188
2019,03,RUS.43_1,0,0.14773818018929416
2019,03,SRB.3_1,0,0.09676570697291917
2019,03,SWE.17_1,0,0.14997950991768114
2019,03,UKR.11_1,0,0.15312681872424974
2019,03,UKR.12_1,0,0.17067394412344367
