year,month,gid_1,est,se
2019,03,ESP.1_1,0.005555890027139977,0.061173539020027555
2019,03,ESP.10_1,0.047209504338572524,0.14787595299955084
2019,03,ESP.11_1,0,0.3286099686744099
2019,03,ESP.12_1,0,0.31804158372948166
2019,03,ESP.13_1,0,0.45848687027025126
2019,03,ESP.14_1,0,0.3243711624519428
2019,03,ESP.15_1,0,0
2019,03,ESP.16_1,0,0
2019,03,ESP.17_1,0,0.31918157352340515
2019,03,ESP.18_1,0,0.4895208173618673
2019,03,ESP.2_1,0,0
2019,03,ESP.3_1,0,0.33536766610911
2019,03,ESP.4_1,0,0
2019,03,ESP.5_1,0,0.3280079113956528
2019,03,ESP.6_1,0.028156494353050714,0.11075743963337006
2019,03,ESP.8_1,0,0
2019,03,ESP.9_1,0,0.03162277660168379
2019,03,ITA.10_1,0,0.1259717589954133
2019,03,ITA.6_1,0.008,0.08912880535463237
