year,month,gid_1,est,se
2019,03,ESP.1_1,0.2898143737712497,0.33618717796911507
2019,03,ESP.10_1,0.6973875763361606,0.4513677344103245
2019,03,ESP.11_1,0,0.47257722989114925
2019,03,ESP.12_1,0,0.47133498003831636
2019,03,ESP.13_1,0.8194256426144758,0.38930214715591116
2019,03,ESP.14_1,0,0.46552313713794663
2019,03,ESP.15_1,0.031206627667136052,0.17340469816537976
2019,03,ESP.16_1,0.14954536189008785,0.3359077975036592
2019,03,ESP.17_1,0,0.47360764406849
2019,03,ESP.18_1,0.9633787960467485,0.20295900315487375
2019,03,ESP.2_1,0.060403783667478124,0.23058912205512297
2019,03,ESP.3_1,0,0.46785763374444556
2019,03,ESP.4_1,0.06048613815932474,0.3213470498140122
2019,03,ESP.5_1,0,0.4699748915317292
2019,03,ESP.6_1,0.57726664674768835,0.4828028530293509
2019,03,ESP.8_1,0.021139973580963135,0.1434561323130774
