year,month,gid_1,est,se
2017,06,ESP.10_1,0.99,0.0995485304256668
2017,06,ESP.6_1,0.992,0.08912880535463237
