year,month,gid_1,est,se
2017,06,ESP.1_1,0.31205167497579706,0.3881736557435854
2017,06,ESP.10_1,0.8575514299669078,0.3473410290629836
2017,06,ESP.11_1,0,0.49829275112202326
2017,06,ESP.12_1,0,0.49977191684283523
2017,06,ESP.13_1,0.9122181818181818,0.2947386484173239
2017,06,ESP.14_1,0,0.49653035954857866
2017,06,ESP.15_1,0.07265454545454544,0.2586172517116422
2017,06,ESP.16_1,0.04518585615497744,0.3657313480557472
2017,06,ESP.17_1,0,0.4996735671152454
2017,06,ESP.18_1,0.8506636363636363,0.3639828065767441
2017,06,ESP.2_1,0.3502098226712046,0.37152704618470006
2017,06,ESP.3_1,0,0.5000250243988045
2017,06,ESP.4_1,0.047787209946997984,0.3626836634128954
2017,06,ESP.5_1,0,0.49997308700611665
2017,06,ESP.6_1,0.8684867154692434,0.32231519603667214
2017,06,ESP.7_1,0,0.4994706654843751
2017,06,ESP.8_1,0.06962727272727273,0.2535809600567505
2017,06,ESP.9_1,0.09182727272727273,0.28775302222878874
