year,month,gid_2,est,se
2022,01,ESP.1.1_1,0.007,0.08341437500789632
2022,01,ESP.1.2_1,0.022,0.1467567291047928
2022,01,ESP.1.3_1,0.059,0.23574260237507894
2022,01,ESP.1.4_1,0.363,0.4811054587743341
2022,01,ESP.1.5_1,0,0.34819569244928955
2022,01,ESP.1.7_1,0.456,0.4983094543677777
2022,01,ESP.1.8_1,0.065,0.24664921616708177
2022,01,ESP.10.1_1,0.194,0.39562674393994207
2022,01,ESP.10.2_1,0.074,0.2619018758859749
2022,01,ESP.10.3_1,0.083,0.2760202658994212
2022,01,ESP.11.1_1,0,0.3429600875052688
2022,01,ESP.11.2_1,0,0.3471606552023436
2022,01,ESP.12.1_1,0,0.34189456253630574
2022,01,ESP.13.1_1,0.082,0.27450200609713465
2022,01,ESP.14.2_1,0,0.3901066305296325
2022,01,ESP.16.2_1,0.014,0.11754921445002436
2022,01,ESP.16.3_1,0.001,0.03162277660168379
2022,01,ESP.17.1_1,0,0.3552776691859794
2022,01,ESP.18.1_1,0.101,0.3014795016081357
2022,01,ESP.2.1_1,0.036,0.18638331132035063
2022,01,ESP.3.1_1,0,0.2988114594326802
2022,01,ESP.4.4_1,0,0.31918157352340515
2022,01,ESP.4.5_1,0.005,0.07056897321046962
2022,01,ESP.5.5_1,0,0.3461196307619647
2022,01,ESP.5.8_1,0,0.3408227694273963
2022,01,ESP.6.1_1,0.054,0.2261307920985887
2022,01,ESP.6.2_1,0.094,0.29197474077263813
2022,01,ESP.6.3_1,0.074,0.2619018758859749
2022,01,ESP.6.4_1,0.065,0.24664921616708177
2022,01,ESP.7.2_1,0,0.38015722999769386
2022,01,ESP.8.1_1,0.001,0.03162277660168379
