year,month,gid_1,est,se
2022,06,ESP.1_1,0.1884152942340143,0.1924162270626791
2022,06,ESP.10_1,0.4718398271401121,0.2666865763933015
2022,06,ESP.11_1,0,0.13000113280720366
2022,06,ESP.12_1,0.21954887247336408,0.4633523444027618
2022,06,ESP.13_1,0.9929999999999999,0.11785744402780415
2022,06,ESP.14_1,0.10861902778681734,0.22379519293736197
2022,06,ESP.15_1,0,0.11510852111772345
2022,06,ESP.16_1,0.47193693522407953,0.3973437440930315
2022,06,ESP.17_1,0.4449565677966102,0.49181667246376387
2022,06,ESP.18_1,0.9561832627118645,0.19953715145192377
2022,06,ESP.2_1,0.0934836383964635,0.3260600251385727
2022,06,ESP.3_1,0,0.09795876098169165
2022,06,ESP.4_1,0.06126001475860167,0.4046179538940469
2022,06,ESP.5_1,0,0.4609508433697853
2022,06,ESP.6_1,0.4761947467118421,0.4143701608515385
2022,06,ESP.7_1,0,0.2589660359592362
2022,06,ESP.8_1,0.8320582627118644,0.36800870316454265
2022,06,ESP.9_1,0,0.4747565921545728
