year,month,gid_1,est,se
2022,06,ESP.10_1,0.945,0.22809433799861634
2022,06,ESP.6_1,0.993,0.08341437500789632
