year,month,ID_2,est,se
2020,06,ESP.1.1_1,1,0
2020,06,ESP.1.2_1,0.812,0.39090767299812473
2020,06,ESP.1.3_1,0.375,0.48436516143258035
2020,06,ESP.1.4_1,0.991,0.09448771310560929
2020,06,ESP.1.5_1,0,0
2020,06,ESP.1.6_1,0.017,0.1293357171384909
2020,06,ESP.1.7_1,0.998,0.04469897088298564
2020,06,ESP.1.8_1,0.146,0.3532829019480122
2020,06,ESP.10.1_1,1,0
2020,06,ESP.10.2_1,1,0
2020,06,ESP.10.3_1,1,0
2020,06,ESP.11.1_1,0,0
2020,06,ESP.11.2_1,0,0
2020,06,ESP.12.1_1,0,0
2020,06,ESP.12.2_1,0,0
2020,06,ESP.12.3_1,0,0
2020,06,ESP.12.4_1,0,0
2020,06,ESP.13.1_1,1,0
2020,06,ESP.14.1_1,0,0
2020,06,ESP.14.2_1,0,0
2020,06,ESP.15.1_1,0.008,0.08912880535463237
2020,06,ESP.16.1_1,0,0
2020,06,ESP.16.2_1,0.472,0.49946517943242597
2020,06,ESP.16.3_1,0.08,0.27142894774447635
2020,06,ESP.17.1_1,0,0
2020,06,ESP.18.1_1,0.999,0.03162277660168379
2020,06,ESP.2.1_1,0.999,0.03162277660168379
2020,06,ESP.2.2_1,0.008,0.08912880535463237
2020,06,ESP.2.3_1,0.283,0.4506818324651152
2020,06,ESP.3.1_1,0,0
2020,06,ESP.4.1_1,0.051,0.22010780869257557
2020,06,ESP.4.2_1,0,0
2020,06,ESP.4.3_1,0.106,0.30799165387857325
2020,06,ESP.4.4_1,0,0
2020,06,ESP.4.5_1,0.003,0.05471740119919799
2020,06,ESP.5.1_1,0,0
2020,06,ESP.5.2_1,0,0
2020,06,ESP.5.3_1,0,0
2020,06,ESP.5.4_1,0,0
2020,06,ESP.5.5_1,0,0
2020,06,ESP.5.6_1,0,0
2020,06,ESP.5.7_1,0,0
2020,06,ESP.5.8_1,0,0
2020,06,ESP.5.9_1,0,0
2020,06,ESP.6.1_1,0.985,0.12161327966052798
2020,06,ESP.6.2_1,1,0
2020,06,ESP.6.3_1,0.993,0.08341437500789632
2020,06,ESP.6.4_1,1,0
2020,06,ESP.7.1_1,0,0
2020,06,ESP.7.2_1,0,0
2020,06,ESP.8.1_1,0.522,0.4997657108743714
2020,06,ESP.9.1_1,0.008,0.08912880535463237
