year,month,gid_1,est,se
2020,08,ESP.10_1,0.9949799196787148,0.1888812926273294
2020,08,ESP.2_1,0.3849596477226234,0.32466036962417294
2020,08,ESP.6_1,0.6536843709454413,0.18602026731566657
