year,month,gid_1,est,se
2020,08,ESP.1_1,0.4411258726383872,0.3384264443691757
2020,08,ESP.10_1,0.9265107258470411,0.26116535188411844
2020,08,ESP.11_1,0,0.4949150559912821
2020,08,ESP.12_1,0,0.4976002559249752
2020,08,ESP.13_1,0.9889779559118237,0.1133417916337265
2020,08,ESP.14_1,0,0.4978909864136726
2020,08,ESP.15_1,0.0070140280561122245,0.08342255081851088
2020,08,ESP.16_1,0.131638723305616,0.39015006133969293
2020,08,ESP.17_1,0,0.4930168951335846
2020,08,ESP.18_1,0.9378757515030061,0.24489940629762283
2020,08,ESP.2_1,0.30370795752914304,0.3397434927964957
2020,08,ESP.3_1,0,0.49417408363151455
2020,08,ESP.4_1,0.047367845450561365,0.25909296948011407
2020,08,ESP.5_1,0,0.4945880295851164
2020,08,ESP.6_1,0.8497612753955429,0.32257136140644493
2020,08,ESP.7_1,0,0.4961838419754694
2020,08,ESP.8_1,0.24348697394789579,0.4291517595172409
2020,08,ESP.9_1,0,0.06315670816996571
