year,month,gid_1,est,se
2017,10,ESP.10_1,0.008256527871193336,0.13948349692643688
2017,10,ESP.2_1,0.003933446011164237,0.04391092100520181
2017,10,ESP.6_1,0.011524693336771167,0.12707751819442223
