year,month,gid_2,se,est
2024,05,ALA.1.1_2,0.04257005003236282,0.4278403995140585
2024,05,ALA.1.2_2,0.04385492825589356,0.49023379110985876
2024,05,ALA.2.1_2,0.041756298963223165,0.39728037097734004
2024,05,ALA.2.2_2,0.041456429381350184,0.38709369479843386
2024,05,ALA.2.3_2,0.041221820736643454,0.37945368766425425
2024,05,ALA.2.4_2,0.04320753690650737,0.4558537590060502
2024,05,ALA.2.5_2,0.04431042103246892,0.5207938196465771
2024,05,ALA.2.6_2,0.0429302978935883,0.4431204137824176
2024,05,ALA.2.7_2,0.042570050032362805,0.4278403995140585
2024,05,ALA.2.8_2,0.04221278921171477,0.4138337197680624
2024,05,ALA.3.1_2,0.04269351463995867,0.43293373760351145
2024,05,ALB.1.1_1,0.15425870440997905,0.6534518493172997
2024,05,ALB.1.2_1,0.07755698739380622,0.6479664620306664
2024,05,ALB.1.3_1,0.14081305207005557,0.6477996382763003
2024,05,ALB.10.1_1,0.11832105889086819,0.6799702417830957
2024,05,ALB.10.2_1,0.14180349908618248,0.6996017090822387
2024,05,ALB.10.3_1,0.1851016137229536,0.7320430530675145
2024,05,ALB.11.1_1,0.14236965574196128,0.7892952999063755
2024,05,ALB.11.2_1,0.19608183416934535,0.7841247008067052
2024,05,ALB.12.1_1,0.0900152920630957,0.719412520857911
2024,05,ALB.12.2_1,0.12732965254729026,0.7897398247099678
2024,05,ALB.12.3_1,0.1621775174189922,0.7626883450337776
2024,05,ALB.2.1_1,0.12670460795402386,0.6925483633557571
2024,05,ALB.2.2_1,0.17403752109536932,0.731451605888972
2024,05,ALB.2.3_1,0.16221510208471435,0.7453203299260258
2024,05,ALB.3.1_1,0.14192451179955343,0.8563794540143476
2024,05,ALB.3.2_1,0.11036195186825987,0.7720867174261724
2024,05,ALB.4.1_1,0.0894140653904705,0.15935492789532388
2024,05,ALB.4.2_1,0.09965096029360468,0.3841089096536643
2024,05,ALB.4.3_1,0.08968052192471788,0.34526617897114437
2024,05,ALB.4.4_1,0.0896548405606034,0.5142369842321411
2024,05,ALB.5.1_1,0.18528571870451085,0.7339352770446065
2024,05,ALB.5.2_1,0.1794811272221238,0.7180952771951717
2024,05,ALB.5.3_1,0.13466857106595279,0.7078141804658867
2024,05,ALB.6.1_1,0.16129171878989595,0.6841163188263768
2024,05,ALB.6.2_1,0.13337554538582494,0.640759763806263
2024,05,ALB.6.3_1,0.1416797457905682,0.6903427681866524
2024,05,ALB.7.1_1,0.09906086230940535,0.6076131264890753
2024,05,ALB.7.2_1,0.12526740551029572,0.619896511666818
2024,05,ALB.7.3_1,0.1838924992868132,0.6652998449042047
2024,05,ALB.7.4_1,0.13451050991045665,0.6941802607602889
2024,05,ALB.8.1_1,0.089322220595584,0.6446415102999035
2024,05,ALB.8.2_1,0.17344625367698502,0.6936008680825264
2024,05,ALB.8.3_1,0.12671678778559067,0.6883929085158788
2024,05,ALB.9.1_1,0.09009840709077757,0.7454647981746488
2024,05,ALB.9.2_1,0.1424399855366998,0.7667755427046715
2024,05,ALB.9.3_1,0.1190708100469916,0.7371621922838666
2024,05,ALB.9.4_1,0.04506222888088007,0.6328472576145446
2024,05,AND.2_1,0.04376816052205841,0.48514045302040554
2024,05,AND.6_1,0.04395898976798768,0.4966004637216748
2024,05,ARM.1_1,0.043286703389307186,0.45967376257314013
2024,05,ARM.2_1,0.04298740041286644,0.4456670828271442
2024,05,ARM.3_1,0.04227969937694151,0.41638038881278894
2024,05,ARM.8_1,0.044096527555874176,0.5055138053782177
2024,05,AUT.1.1_2,0.21286530438842358,0.6410777985711962
2024,05,AUT.1.2_2,0.09968673746835593,0.6384042796791682
2024,05,AUT.1.3_2,0.3403964447102347,0.6884118105500324
2024,05,AUT.1.4_2,0.25676032848001423,0.6843247456722208
2024,05,AUT.1.5_2,0.20473937854867494,0.6781462688742492
2024,05,AUT.1.6_2,0.2349918071736207,0.6456675467984179
2024,05,AUT.1.7_2,0.35688476775311007,0.674733876699523
2024,05,AUT.1.8_2,0.4270373778975204,0.6637808562437404
2024,05,AUT.1.9_2,0.044452901727768696,0.5322538303478466
2024,05,AUT.2.10_2,0.4785588089722721,0.7126634766892368
2024,05,AUT.2.1_2,0.31481844769373313,0.7510055721048249
2024,05,AUT.2.2_2,0.2585644983854502,0.7739224304082062
2024,05,AUT.2.3_2,0.45196355595894655,0.754144332260748
2024,05,AUT.2.4_2,0.22495424444130557,0.7534329415625233
2024,05,AUT.2.5_2,0.47516034443155825,0.7351430465216792
2024,05,AUT.2.6_2,0.4713677563376914,0.7453567895349855
2024,05,AUT.2.7_2,0.3976841034629285,0.7837978438363885
2024,05,AUT.2.8_2,0.18570287977109387,0.7859914919256537
2024,05,AUT.2.9_2,0.4668655868495548,0.7396934635931061
2024,05,AUT.3.10_2,0.20798152786535432,0.6387171105032313
2024,05,AUT.3.11_2,0.1475183612114852,0.6439736755744804
2024,05,AUT.3.12_2,0.72680852785905,0.6598423406404185
2024,05,AUT.3.13_2,0.31382489914304684,0.5999755895934091
2024,05,AUT.3.14_2,0.23430175676743759,0.6306737521161044
2024,05,AUT.3.15_2,0.06348453185853,0.6468426983374529
2024,05,AUT.3.16_2,0.8440681654222729,0.6526409528619871
2024,05,AUT.3.17_2,0.2879040350539707,0.6490375181549811
2024,05,AUT.3.18_2,0.4117299761452488,0.682679207543513
2024,05,AUT.3.19_2,0.5413944369435261,0.6273620680946278
2024,05,AUT.3.1_2,0.5191555425055423,0.6635454864247121
2024,05,AUT.3.20_2,0.19840553902852495,0.6369832932466979
2024,05,AUT.3.21_2,0.14145606241881786,0.6785824517564378
2024,05,AUT.3.22_2,0.14790442140080415,0.6568909733415055
2024,05,AUT.3.24_2,0.14776703352126316,0.6548058178841567
2024,05,AUT.3.2_2,0.3576900084283126,0.6425438276961393
2024,05,AUT.3.3_2,0.34545875510318413,0.628498703457409
2024,05,AUT.3.4_2,0.388477153761766,0.6051582105435319
2024,05,AUT.3.5_2,0.207662066800513,0.6286144885372311
2024,05,AUT.3.6_2,0.20244610727771808,0.6176947123173847
2024,05,AUT.3.7_2,0.09881731832653057,0.5964285413857898
2024,05,AUT.3.8_2,0.4222621819901888,0.6087670295960621
2024,05,AUT.3.9_2,0.04460640081267501,0.5462605100938425
2024,05,AUT.4.10_2,0.06246498105414079,0.5586035980092768
2024,05,AUT.4.11_2,0.3967667888083764,0.6145344834280101
2024,05,AUT.4.12_2,0.044134088959557644,0.5080604744229444
2024,05,AUT.4.13_2,0.20390435549864885,0.6571523820491585
2024,05,AUT.4.15_2,0.35108399027678316,0.6285675082824799
2024,05,AUT.4.16_2,0.430061492233891,0.6758709560095065
2024,05,AUT.4.17_2,0.36528148051827186,0.6358541720742826
2024,05,AUT.4.18_2,0.10882797870874428,0.6313275651263038
2024,05,AUT.4.1_2,0.04429364464670891,0.5195204851242137
2024,05,AUT.4.2_2,0.2418105065894397,0.6168239192990057
2024,05,AUT.4.3_2,0.381160156042494,0.6370070771035115
2024,05,AUT.4.4_2,0.4179532318632532,0.6671127645947486
2024,05,AUT.4.5_2,0.1704501730142746,0.5978939373788793
2024,05,AUT.4.6_2,0.1475565695468174,0.6492995487634228
2024,05,AUT.4.7_2,0.3911163273438644,0.634912180070184
2024,05,AUT.4.8_2,0.16575286318000368,0.6256654518765699
2024,05,AUT.4.9_2,0.33235839397429195,0.6490068740242168
2024,05,AUT.5.1_2,0.07713855336462465,0.6141700413304428
2024,05,AUT.5.2_2,0.15465459389422864,0.6694567261201334
2024,05,AUT.5.3_2,0.04493270949348623,0.5882805493318303
2024,05,AUT.5.4_2,0.07755274562559519,0.6560259400590077
2024,05,AUT.5.5_2,0.08984431102741991,0.6882510874741649
2024,05,AUT.5.6_2,0.16680331248039204,0.6646801917247468
2024,05,AUT.6.10_2,0.1187786513587031,0.7024723940201356
2024,05,AUT.6.11_2,0.19511039103446573,0.5625095066662437
2024,05,AUT.6.12_2,0.37586173766144854,0.7351691165750934
2024,05,AUT.6.13_2,0.148731353783894,0.7007588752065471
2024,05,AUT.6.1_2,0.10048221293931822,0.7058139011779924
2024,05,AUT.6.2_2,0.5971360820435321,0.728821260375808
2024,05,AUT.6.3_2,0.5170503756609502,0.7169402887699402
2024,05,AUT.6.4_2,0.23720721990723734,0.7073436881840903
2024,05,AUT.6.5_2,0.17915303359824641,0.6954457981039828
2024,05,AUT.6.6_2,0.5849311186394367,0.7243290211608737
2024,05,AUT.6.7_2,0.09001344218549723,0.7198774374851425
2024,05,AUT.6.8_2,0.14858095462798693,0.6922460319781943
2024,05,AUT.6.9_2,0.1348970965880818,0.7342749393613914
2024,05,AUT.7.1_2,0.21854849673911075,0.6708301545136461
2024,05,AUT.7.2_2,0.3829039259137357,0.7136413387167544
2024,05,AUT.7.3_2,0.13444234570704974,0.6942119660493021
2024,05,AUT.7.4_2,0.20853811691872007,0.6493505770300276
2024,05,AUT.7.5_2,0.2892492602273965,0.6751844573462902
2024,05,AUT.7.6_2,0.2516483809738132,0.656878057855545
2024,05,AUT.7.7_2,0.35336784440390856,0.722833918742216
2024,05,AUT.7.8_2,0.29759807679427003,0.7192998135473004
2024,05,AUT.7.9_2,0.28608341851908026,0.6832536704884165
2024,05,AUT.8.1_2,0.23893270330756597,0.6399465836802457
2024,05,AUT.8.2_2,0.20010733961713312,0.6910924033814273
2024,05,AUT.8.3_2,0.08956981763639003,0.6698703224125575
2024,05,AUT.8.4_2,0.1608547038019176,0.664116801956229
2024,05,AUT.9.1_2,0.41620786805390103,0.6169500376563656
2024,05,AZE.7.5_1,0.04122182073664347,0.37945368766425425
2024,05,AZE.7_1,0.04072701726132468,0.364173673395895
2024,05,BEL.1.1_1,0.06370262821098019,0.7270993835605483
2024,05,BEL.2.1_1,0.37404065977905726,0.8201044896953847
2024,05,BEL.2.2_1,0.22965990956110194,0.7920242030227775
2024,05,BEL.2.3_1,0.34861683456759684,0.8360041134212658
2024,05,BEL.2.4_1,0.1910361894171372,0.8144235925028414
2024,05,BEL.2.5_1,0.23373680633517582,0.8409071326962821
2024,05,BEL.3.1_1,0.10049530772787897,0.8194761995489009
2024,05,BEL.3.2_1,0.24240744160034416,0.8264355183275696
2024,05,BEL.3.3_1,0.35727867453874773,0.8313464121900204
2024,05,BEL.3.4_1,0.29858875053493533,0.8362884314519013
2024,05,BEL.3.5_1,0.27738987581174307,0.8391497284470908
2024,05,BGR.1.10_1,0.04435961347338528,0.5246138232136668
2024,05,BGR.1.11_1,0.04474821137806371,0.5615405243622016
2024,05,BGR.1.12_1,0.04420691116614327,0.5131538125123974
2024,05,BGR.1.13_1,0.04389713758581984,0.49278046015458515
2024,05,BGR.1.14_1,0.04432700782412195,0.5220671541689402
2024,05,BGR.1.1_1,0.0443914632637185,0.5271604922583933
2024,05,BGR.1.2_1,0.044525476153666116,0.5386205029596629
2024,05,BGR.1.3_1,0.043678245064448215,0.4800471149309526
2024,05,BGR.1.4_1,0.04460640081267502,0.5462605100938425
2024,05,BGR.1.5_1,0.04422463881073611,0.5144271470347608
2024,05,BGR.1.6_1,0.04395898976798769,0.4966004637216748
2024,05,BGR.1.7_1,0.04409652755587417,0.5055138053782177
2024,05,BGR.1.8_1,0.04379014681211764,0.48641378754276865
2024,05,BGR.1.9_1,0.04391794961114284,0.49405379467694843
2024,05,BGR.10.10_1,0,0
2024,05,BGR.10.11_1,0,0
2024,05,BGR.10.1_1,0,0
2024,05,BGR.10.2_1,0,0
2024,05,BGR.10.3_1,0,0
2024,05,BGR.10.4_1,0,0
2024,05,BGR.10.5_1,0,0
2024,05,BGR.10.6_1,0,0
2024,05,BGR.10.7_1,0,0
2024,05,BGR.10.8_1,0,0
2024,05,BGR.10.9_1,0,0
2024,05,BGR.11.10_1,0.04466872563684268,0.5526271827056587
2024,05,BGR.11.11_1,0.044680634788120066,0.5539005172280221
2024,05,BGR.11.1_1,0.04472642363371836,0.5589938553174753
2024,05,BGR.11.2_1,0.04449700822634815,0.5360738339149363
2024,05,BGR.11.3_1,0.044553196637763186,0.5411671720043892
2024,05,BGR.11.4_1,0.04427667845133208,0.5182471506018506
2024,05,BGR.11.5_1,0.04445290172776869,0.5322538303478466
2024,05,BGR.11.6_1,0.04445290172776868,0.5322538303478466
2024,05,BGR.11.7_1,0.04476926278515761,0.5640871934069283
2024,05,BGR.11.8_1,0.044619236833611735,0.5475338446162056
2024,05,BGR.11.9_1,0.044566777025925694,0.5424405065267526
2024,05,BGR.12.1_1,0,0
2024,05,BGR.12.2_1,0,0
2024,05,BGR.12.3_1,0.04437563274829366,0.5258871577360302
2024,05,BGR.12.4_1,0,0
2024,05,BGR.12.5_1,0.04443782425837734,0.5309804958254832
2024,05,BGR.12.6_1,0,0
2024,05,BGR.13.10_1,0,0
2024,05,BGR.13.11_1,0,0
2024,05,BGR.13.1_1,0.04391794961114328,0.49405379467694843
2024,05,BGR.13.2_1,0,0
2024,05,BGR.13.3_1,0,0
2024,05,BGR.13.4_1,0,0
2024,05,BGR.13.5_1,0.04434340523442339,0.5233404886913035
2024,05,BGR.13.6_1,0,0
2024,05,BGR.13.7_1,0,0
2024,05,BGR.13.8_1,0,0
2024,05,BGR.13.9_1,0.0444677914202879,0.5335271648702097
2024,05,BGR.14.10_1,0.04427667845133208,0.5182471506018506
2024,05,BGR.14.11_1,0.044115404317521034,0.5067871399005811
2024,05,BGR.14.12_1,0.043854928255893565,0.49023379110985876
2024,05,BGR.14.13_1,0.04425952222805524,0.5169738160794873
2024,05,BGR.14.14_1,0.044467791420287915,0.5335271648702097
2024,05,BGR.14.15_1,0.044343405234423386,0.5233404886913035
2024,05,BGR.14.16_1,0.04431042103246893,0.5207938196465771
2024,05,BGR.14.1_1,0.04455319663776319,0.5411671720043892
2024,05,BGR.14.2_1,0.044152581725889706,0.5093338089453078
2024,05,BGR.14.3_1,0.0443434052344234,0.5233404886913035
2024,05,BGR.14.4_1,0.043833530387698716,0.4889604565874953
2024,05,BGR.14.5_1,0.0444677914202879,0.5335271648702097
2024,05,BGR.14.6_1,0.04466872563684268,0.5526271827056587
2024,05,BGR.14.7_1,0.04455319663776319,0.5411671720043892
2024,05,BGR.14.8_1,0.043745977503330355,0.48386711849804226
2024,05,BGR.14.9_1,0.043938566913871845,0.4953271291993117
2024,05,BGR.15.1_1,0,0
2024,05,BGR.15.2_1,0,0
2024,05,BGR.15.3_1,0,0
2024,05,BGR.15.4_1,0,0
2024,05,BGR.15.5_1,0,0
2024,05,BGR.15.6_1,0,0
2024,05,BGR.15.7_1,0,0
2024,05,BGR.16.1_1,0.04358516240196349,0.47495377684149936
2024,05,BGR.16.2_1,0,0
2024,05,BGR.16.3_1,0,0
2024,05,BGR.16.4_1,0,0
2024,05,BGR.16.5_1,0.04336403955254854,0.4634937661402299
2024,05,BGR.16.6_1,0.04333846359069349,0.4622204316178667
2024,05,BGR.16.7_1,0.044152581725889706,0.5093338089453078
2024,05,BGR.16.8_1,0,0
2024,05,BGR.17.10_1,0,0
2024,05,BGR.17.1_1,0,0
2024,05,BGR.17.2_1,0.044407105221531226,0.5284338267807566
2024,05,BGR.17.3_1,0.04439146326371854,0.5271604922583933
2024,05,BGR.17.4_1,0.04395898976798768,0.4966004637216748
2024,05,BGR.17.5_1,0.04451133570915943,0.5373471684372995
2024,05,BGR.17.6_1,0,0
2024,05,BGR.17.7_1,0.04411540431752107,0.5067871399005811
2024,05,BGR.17.8_1,0.04422463881073609,0.5144271470347608
2024,05,BGR.17.9_1,0.04475882905798056,0.5628138588845649
2024,05,BGR.18.1_1,0.04326051842198545,0.45840042805077685
2024,05,BGR.18.2_1,0.04323412971881569,0.4571270935284136
2024,05,BGR.18.3_1,0,0
2024,05,BGR.18.4_1,0.04331268499029118,0.4609470970955034
2024,05,BGR.18.5_1,0.04272384974343316,0.4342070721258747
2024,05,BGR.18.6_1,0,0
2024,05,BGR.18.7_1,0.04307149787431733,0.4494870863942341
2024,05,BGR.19.1_1,0.04459337894673896,0.5449871755714792
2024,05,BGR.19.2_1,0,0
2024,05,BGR.19.3_1,0,0
2024,05,BGR.19.4_1,0,0
2024,05,BGR.2.10_1,0.04503996183688022,0.6162939088238222
2024,05,BGR.2.11_1,0.044593378946739,0.5449871755714792
2024,05,BGR.2.12_1,0.04453942973801126,0.539893837482026
2024,05,BGR.2.13_1,0.04502327687831444,0.6634072861512633
2024,05,BGR.2.1_1,0.04495873355638099,0.5933738874212834
2024,05,BGR.2.2_1,0.04491128254774977,0.5844605457647406
2024,05,BGR.2.3_1,0.044952499997026704,0.5921005528989203
2024,05,BGR.2.4_1,0.04495249999702673,0.5921005528989203
2024,05,BGR.2.5_1,0.0450153380788654,0.6073805671672793
2024,05,BGR.2.6_1,0.04502697515916225,0.6112005707343692
2024,05,BGR.2.7_1,0.04499729014389236,0.6022872290778261
2024,05,BGR.2.8_1,0.04505573921900463,0.6252072504803651
2024,05,BGR.2.9_1,0.044619236833611756,0.5475338446162056
2024,05,BGR.20.10_1,0,0
2024,05,BGR.20.1_1,0.044758829057980565,0.5628138588845649
2024,05,BGR.20.2_1,0.04499232569257681,0.601013894555463
2024,05,BGR.20.3_1,0.04488016363315863,0.5793672076752875
2024,05,BGR.20.4_1,0.044997290143892366,0.6022872290778261
2024,05,BGR.20.5_1,0.044997290143892366,0.6022872290778261
2024,05,BGR.20.6_1,0,0
2024,05,BGR.20.7_1,0,0
2024,05,BGR.20.8_1,0,0
2024,05,BGR.20.9_1,0,0
2024,05,BGR.21.10_1,0,0
2024,05,BGR.21.11_1,0,0
2024,05,BGR.21.12_1,0.044715253300136794,0.5577205207951118
2024,05,BGR.21.13_1,0.04492574911709984,0.587007214809467
2024,05,BGR.21.14_1,0.0446923590191733,0.55517385175038525
2024,05,BGR.21.15_1,0.04488016363315863,0.5793672076752875
2024,05,BGR.21.16_1,0,0
2024,05,BGR.21.17_1,0.04482800917511032,0.5717272005411078
2024,05,BGR.21.18_1,0,0
2024,05,BGR.21.19_1,0.044539429738011296,0.539893837482026
2024,05,BGR.21.1_1,0,0
2024,05,BGR.21.20_1,0,0
2024,05,BGR.21.21_1,0.04475882905798056,0.5628138588845649
2024,05,BGR.21.22_1,0.04469235901917331,0.55517385175038525
2024,05,BGR.21.2_1,0,0
2024,05,BGR.21.3_1,0.044606400812675,0.5462605100938425
2024,05,BGR.21.4_1,0.04463188716989512,0.548807179138569
2024,05,BGR.21.5_1,0,0
2024,05,BGR.21.6_1,0,0
2024,05,BGR.21.7_1,0,0
2024,05,BGR.21.8_1,0.04497634546628978,0.5971938909883732
2024,05,BGR.21.9_1,0,0
2024,05,BGR.22.10_1,0,0
2024,05,BGR.22.11_1,0,0
2024,05,BGR.22.1_1,0.04363210088454356,0.4775004458862259
2024,05,BGR.22.2_1,0.04418899259252176,0.5118804779900342
2024,05,BGR.22.3_1,0.0433894132341923,0.4647671006625932
2024,05,BGR.22.4_1,0,0
2024,05,BGR.22.5_1,0,0
2024,05,BGR.22.6_1,0,0
2024,05,BGR.22.7_1,0,0
2024,05,BGR.22.8_1,0.04263220809290026,0.43038706855878506
2024,05,BGR.22.9_1,0.04478957889325027,0.5666338624516548
2024,05,BGR.23.1_1,0,0
2024,05,BGR.23.2_1,0,0
2024,05,BGR.23.3_1,0,0
2024,05,BGR.23.4_1,0,0
2024,05,BGR.23.5_1,0,0
2024,05,BGR.24.10_1,0.044327007824121925,0.5220671541689402
2024,05,BGR.24.11_1,0.04466872563684268,0.5526271827056587
2024,05,BGR.24.12_1,0.04443782425837734,0.5309804958254832
2024,05,BGR.24.1_1,0.04468063478812006,0.5539005172280221
2024,05,BGR.24.2_1,0.04459337894673903,0.5449871755714792
2024,05,BGR.24.3_1,0.044619236833611735,0.5475338446162056
2024,05,BGR.24.4_1,0.04502697515916226,0.6112005707343692
2024,05,BGR.24.5_1,0.04482800917511036,0.5717272005411078
2024,05,BGR.24.6_1,0.04483715870061923,0.573000535063471
2024,05,BGR.24.7_1,0.044809160702477493,0.5691805314963814
2024,05,BGR.24.8_1,0.04437563274829366,0.5258871577360302
2024,05,BGR.24.9_1,0.04477951268818038,0.5653605279292914
2024,05,BGR.25.10_1,0,0
2024,05,BGR.25.1_1,0,0
2024,05,BGR.25.2_1,0,0
2024,05,BGR.25.3_1,0,0
2024,05,BGR.25.4_1,0,0
2024,05,BGR.25.5_1,0,0
2024,05,BGR.25.6_1,0,0
2024,05,BGR.25.7_1,0,0
2024,05,BGR.25.8_1,0.044134088959557644,0.5080604744229444
2024,05,BGR.25.9_1,0,0
2024,05,BGR.26.10_1,0,0
2024,05,BGR.26.11_1,0,0
2024,05,BGR.26.1_1,0,0
2024,05,BGR.26.2_1,0,0
2024,05,BGR.26.3_1,0,0
2024,05,BGR.26.4_1,0,0
2024,05,BGR.26.5_1,0,0
2024,05,BGR.26.6_1,0,0
2024,05,BGR.26.7_1,0,0
2024,05,BGR.26.8_1,0,0
2024,05,BGR.26.9_1,0,0
2024,05,BGR.27.10_1,0,0
2024,05,BGR.27.1_1,0,0
2024,05,BGR.27.2_1,0,0
2024,05,BGR.27.3_1,0,0
2024,05,BGR.27.4_1,0,0
2024,05,BGR.27.5_1,0,0
2024,05,BGR.27.6_1,0,0
2024,05,BGR.27.7_1,0,0
2024,05,BGR.27.8_1,0,0
2024,05,BGR.27.9_1,0,0
2024,05,BGR.28.1_1,0.04470389847549453,0.5564471862727485
2024,05,BGR.28.2_1,0.04482800917511036,0.5717272005411078
2024,05,BGR.28.3_1,0.04432700782412196,0.5220671541689402
2024,05,BGR.28.4_1,0,0
2024,05,BGR.28.5_1,0,0
2024,05,BGR.3.1_1,0.04491860683078345,0.5857338802871038
2024,05,BGR.3.2_1,0.044134088959557644,0.5080604744229444
2024,05,BGR.3.3_1,0.04435961347338529,0.5246138232136668
2024,05,BGR.3.4_1,0.04434340523442341,0.5233404886913035
2024,05,BGR.3.5_1,0.0450427570902037,0.6175672433461855
2024,05,BGR.3.6_1,0.04367824506444817,0.4800471149309526
2024,05,BGR.3.7_1,0.044925749117099824,0.587007214809467
2024,05,BGR.3.8_1,0.0429302978935883,0.4431204137824176
2024,05,BGR.4.1_1,0,0
2024,05,BGR.4.2_1,0,0
2024,05,BGR.4.3_1,0,0
2024,05,BGR.4.4_1,0,0
2024,05,BGR.5.1_1,0.044482493524501086,0.5348004993925731
2024,05,BGR.6.10_1,0.04312653002451148,0.4520337554389605
2024,05,BGR.6.11_1,0.0442246388107361,0.5144271470347608
2024,05,BGR.6.1_1,0.043585162401963466,0.47495377684149936
2024,05,BGR.6.2_1,0.04338941323419231,0.4647671006625932
2024,05,BGR.6.3_1,0.04363210088454356,0.4775004458862259
2024,05,BGR.6.4_1,0.04434340523442341,0.5233404886913035
2024,05,BGR.6.5_1,0.04383353038769871,0.4889604565874953
2024,05,BGR.6.6_1,0.04431042103246892,0.5207938196465771
2024,05,BGR.6.7_1,0.04442255882091444,0.5297071613031199
2024,05,BGR.6.8_1,0.04301564000031941,0.4469404173495074
2024,05,BGR.6.9_1,0.04387613056081088,0.4915071256322219
2024,05,BGR.7.1_1,0,0
2024,05,BGR.7.2_1,0.04489608763302967,0.581913876720014
2024,05,BGR.7.3_1,0,0
2024,05,BGR.7.4_1,0.04443782425837734,0.5309804958254832
2024,05,BGR.7.5_1,0,0
2024,05,BGR.7.6_1,0.04427667845133208,0.5182471506018506
2024,05,BGR.7.7_1,0,0
2024,05,BGR.7.8_1,0,0
2024,05,BGR.8.1_1,0,0
2024,05,BGR.8.2_1,0,0
2024,05,BGR.8.3_1,0,0
2024,05,BGR.8.4_1,0.04360873109037387,0.47622711136386264
2024,05,BGR.8.5_1,0,0
2024,05,BGR.8.6_1,0.04358516240196348,0.47495377684149936
2024,05,BGR.8.7_1,0.04295895318154836,0.4443937483047809
2024,05,BGR.8.8_1,0,0
2024,05,BGR.8.9_1,0,0
2024,05,BGR.9.1_1,0.04488016363315863,0.5793672076752875
2024,05,BGR.9.2_1,0,0
2024,05,BGR.9.3_1,0,0
2024,05,BGR.9.4_1,0,0
2024,05,BGR.9.5_1,0.04505979536720728,0.6443072683158142
2024,05,BGR.9.6_1,0.04506267951713902,0.6392139302263611
2024,05,BGR.9.7_1,0,0
2024,05,BGR.9.8_1,0,0
2024,05,BIH.1.1_1,0.044958733556380984,0.5933738874212834
2024,05,BIH.2.10_1,0.14887183477181556,0.7099661041843479
2024,05,BIH.2.1_1,0.07690464272250831,0.6005381678610696
2024,05,BIH.2.2_1,0.10985352512020703,0.6863160457129089
2024,05,BIH.2.3_1,0.1550326027437328,0.6876813555106828
2024,05,BIH.2.4_1,0.1344729136370667,0.6979958138930824
2024,05,BIH.2.5_1,0.07672789487356557,0.5904624716131295
2024,05,BIH.2.6_1,0.13399596298696134,0.6702864300809652
2024,05,BIH.2.7_1,0.1613236944539936,0.6847963133070423
2024,05,BIH.2.8_1,0.12737079223317427,0.7534933249814626
2024,05,BIH.2.9_1,0.08912703804312584,0.6323269514399928
2024,05,BIH.3.1_1,0.21030978229881864,0.7194616942929524
2024,05,BIH.3.2_1,0.07681761496170808,0.5958251249164486
2024,05,BIH.3.3_1,0.1340527510195654,0.6682349056929076
2024,05,BIH.3.4_1,0.10833214805419303,0.606990836564341
2024,05,BIH.3.5_1,0.12586729039467273,0.643978994281827
2024,05,BIH.3.6_1,0.11820896941697198,0.6612173873983831
2024,05,BIH.3.7_1,0.11820683923776915,0.6648143884513493
2024,05,BLR.1.14_1,0.039775631981702524,0.33743364842626633
2024,05,BLR.1.3_1,0.03865463339897011,0.30942028893427437
2024,05,BLR.1.8_1,0.037334395511898356,0.2801335949199192
2024,05,BLR.3.11_1,0.03943322418769985,0.32852030676972344
2024,05,BLR.6.21_1,0.04164556376722482,0.3934603674102501
2024,05,BLR.6.2_1,0,0
2024,05,CHE.1.10_1,0.19043636448363746,0.7181471973212421
2024,05,CHE.1.11_1,0.21479571130931932,0.6962971289256221
2024,05,CHE.1.1_1,0.16171125417300936,0.7056429004045294
2024,05,CHE.1.2_1,0.22771923205051703,0.6776368493239666
2024,05,CHE.1.3_1,0.21813540812184598,0.6588758663142722
2024,05,CHE.1.4_1,0.2497246336608846,0.7175928118655978
2024,05,CHE.1.5_1,0.1896691738135267,0.682579369701515
2024,05,CHE.1.6_1,0.21521387045189563,0.7148383837207875
2024,05,CHE.1.7_1,0.20089438836743256,0.7258169268649495
2024,05,CHE.1.8_1,0.19981067804784666,0.6793524558488023
2024,05,CHE.1.9_1,0.16838509056366022,0.7458318238196545
2024,05,CHE.10.10_1,0.17796690205706558,0.6503887967516895
2024,05,CHE.10.11_1,0.2941036467565925,0.7175944427112833
2024,05,CHE.10.1_1,0.21511426380556214,0.7125399626731059
2024,05,CHE.10.2_1,0.06352085865878772,0.6578400743551527
2024,05,CHE.10.3_1,0.2731938244043048,0.7308789672129946
2024,05,CHE.10.4_1,0.11798240561684216,0.6493829515357828
2024,05,CHE.10.5_1,0.1885724924936819,0.6466651428152289
2024,05,CHE.10.6_1,0.14745375890816795,0.6401411954797831
2024,05,CHE.10.7_1,0.1785657177216011,0.6762608927251926
2024,05,CHE.10.8_1,0.18552858012983384,0.7493426410124686
2024,05,CHE.10.9_1,0.17346627289444883,0.6952631127876774
2024,05,CHE.11.1_1,0.23392230586632604,0.7661688608253371
2024,05,CHE.11.2_1,0.1960469511292182,0.742346438654577
2024,05,CHE.11.3_1,0.2701798148460228,0.7784112704808172
2024,05,CHE.12.1_1,0.13366843189207925,0.653451155963761
2024,05,CHE.12.2_1,0.20467394663198774,0.6773759345231346
2024,05,CHE.12.3_1,0.20909021369424974,0.6660227988894089
2024,05,CHE.12.4_1,0.21425268702449132,0.678262221610157
2024,05,CHE.12.5_1,0.2191602024243672,0.6903959923217722
2024,05,CHE.13.1_1,0.1797283974949508,0.7344164445526913
2024,05,CHE.13.2_1,0.07798765469921218,0.7039438016113307
2024,05,CHE.13.3_1,0.11895621776117654,0.720684055173355
2024,05,CHE.13.4_1,0.14923308641699667,0.7438648480368283
2024,05,CHE.13.5_1,0.18530106166198945,0.7309574199977984
2024,05,CHE.13.6_1,0.14913559821834138,0.7290297001140831
2024,05,CHE.14.1_1,0.15424351228625374,0.6523330138373581
2024,05,CHE.15.1_1,0.11813370270611141,0.6638384291646807
2024,05,CHE.16.1_1,0.16144680452426075,0.6892228963744191
2024,05,CHE.16.2_1,0.1338932652413929,0.6630359526066884
2024,05,CHE.16.3_1,0.13430059124175975,0.6824333437858773
2024,05,CHE.16.4_1,0.1333813308597723,0.6411361121588297
2024,05,CHE.16.5_1,0.17954463366179668,0.712996764718144
2024,05,CHE.16.6_1,0.18991703675174004,0.6920275933228556
2024,05,CHE.16.7_1,0.10936427531180613,0.6558134351899094
2024,05,CHE.16.8_1,0.14858092729369277,0.6939478356331313
2024,05,CHE.17.1_1,0.10018749254999847,0.6738867320735519
2024,05,CHE.17.2_1,0.10006446663577756,0.6663579874252078
2024,05,CHE.17.3_1,0.10965525750972853,0.6720575187269913
2024,05,CHE.17.4_1,0.07761885941691453,0.652005462637002
2024,05,CHE.17.5_1,0.07771329971113432,0.667645545983288
2024,05,CHE.17.6_1,0.08972086350214833,0.6792046022368645
2024,05,CHE.18.1_1,0.04466872563684268,0.5526271827056587
2024,05,CHE.18.2_1,0.044888216816401025,0.5806405421976508
2024,05,CHE.18.3_1,0.08987029977927602,0.6920500261879824
2024,05,CHE.18.4_1,0.06318371745361856,0.613011309266179
2024,05,CHE.18.5_1,0.14194565767383163,0.7099464427102887
2024,05,CHE.18.6_1,0.18379761764830632,0.664882548271616
2024,05,CHE.19.10_1,0.20538535353765258,0.7026192346227635
2024,05,CHE.19.1_1,0.2049804113577169,0.6876061830877139
2024,05,CHE.19.2_1,0.14228647572959008,0.7380149427464914
2024,05,CHE.19.3_1,0.12709186626793362,0.7162172330320681
2024,05,CHE.19.4_1,0.14910188040593486,0.7268534801198656
2024,05,CHE.19.5_1,0.17946791180070742,0.7132663390208698
2024,05,CHE.19.6_1,0.16812770819872513,0.7288074084803442
2024,05,CHE.19.7_1,0.044854908890379235,0.5755472041081977
2024,05,CHE.19.8_1,0.1347890894276782,0.7184845261065249
2024,05,CHE.19.9_1,0.15579295970137272,0.7342108742574137
2024,05,CHE.2.1_1,0.18982711338068137,0.6884553817701318
2024,05,CHE.20.1_1,0.14147707736230378,0.677103239128051
2024,05,CHE.20.2_1,0.11870973320384826,0.6927872861837403
2024,05,CHE.20.3_1,0.04471525330013679,0.5577205207951118
2024,05,CHE.20.4_1,0.07757787864471756,0.6544124459628853
2024,05,CHE.20.5_1,0.1485073798325682,0.6885824063089748
2024,05,CHE.20.6_1,0.14856280354961576,0.6912847550593234
2024,05,CHE.20.7_1,0.1735273699039604,0.6961455701969189
2024,05,CHE.20.8_1,0.16155692507446956,0.6945452072578149
2024,05,CHE.20.9_1,0.12653929519273358,0.6743814243378345
2024,05,CHE.21.1_1,0.19585096042251943,0.7307749393784463
2024,05,CHE.21.2_1,0.1006364130179767,0.7438984140925857
2024,05,CHE.21.3_1,0.19092435238473243,0.7605830562708122
2024,05,CHE.21.4_1,0.2846610658982338,0.7619668582218894
2024,05,CHE.21.5_1,0.3679443770758792,0.744248059789227
2024,05,CHE.21.6_1,0.19596997519589832,0.741602465590832
2024,05,CHE.21.7_1,0.11018365749778136,0.7286786251952803
2024,05,CHE.21.8_1,0.1271808966200693,0.7213153335303569
2024,05,CHE.22.1_1,0.2038916673747494,0.6536881076163505
2024,05,CHE.23.10_1,0.14158824385766874,0.685225990069436
2024,05,CHE.23.11_1,0.19848355521019895,0.6400948796666969
2024,05,CHE.23.12_1,0.10893909538741296,0.6304835980283504
2024,05,CHE.23.13_1,0.18853025298442855,0.6491203155965244
2024,05,CHE.23.14_1,0.15480462791754257,0.6756119275481596
2024,05,CHE.23.1_1,0.13396549844249905,0.663712784577063
2024,05,CHE.23.2_1,0.09997753127748686,0.658293650754655
2024,05,CHE.23.3_1,0.10911867892439578,0.6490572051027376
2024,05,CHE.23.4_1,0.1672878191183623,0.6787984739021055
2024,05,CHE.23.5_1,0.1330060035516704,0.6240834253848876
2024,05,CHE.23.6_1,0.17276396145092954,0.6678954443168057
2024,05,CHE.23.7_1,0.14853453374911507,0.6900307584560003
2024,05,CHE.23.8_1,0.14179679699793443,0.6967847877978628
2024,05,CHE.23.9_1,0.12650045355019662,0.6706342274963144
2024,05,CHE.24.10_1,0.16166872912738023,0.702991475549441
2024,05,CHE.24.1_1,0.1795876975663101,0.7190885792643146
2024,05,CHE.24.2_1,0.33250072424013916,0.7155165993487026
2024,05,CHE.24.3_1,0.32913874150262307,0.7050817188324682
2024,05,CHE.24.4_1,0.41170851125395125,0.7350421856305763
2024,05,CHE.24.5_1,0.11806313528579164,0.6550924212819407
2024,05,CHE.24.6_1,0.25205385352070203,0.6655293124195019
2024,05,CHE.24.7_1,0.36729492641990125,0.7224870817098681
2024,05,CHE.24.8_1,0.3107514043710986,0.7169166279235999
2024,05,CHE.24.9_1,0.13450552787588607,0.6949277163413344
2024,05,CHE.25.1_1,0.15408560463857401,0.6445303809383253
2024,05,CHE.26.10_1,0.06336030087764905,0.6268022956837374
2024,05,CHE.26.11_1,0.1484345073238824,0.687025928591931
2024,05,CHE.26.12_1,0.20461990687554024,0.6751224599333785
2024,05,CHE.26.13_1,0.25258200142754533,0.67823712285422455
2024,05,CHE.26.1_1,0.16642348687149885,0.6463844575391651
2024,05,CHE.26.2_1,0.21937922731206655,0.6961690662156633
2024,05,CHE.26.3_1,0.21017359354336151,0.703513260202148
2024,05,CHE.26.4_1,0.21006471430439075,0.698139445445602
2024,05,CHE.26.5_1,0.14818706473296847,0.6697156545241497
2024,05,CHE.26.6_1,0.14891245046660753,0.7130898561464866
2024,05,CHE.26.7_1,0.16098301647810684,0.6706885283357393
2024,05,CHE.26.8_1,0.15528788976315902,0.6980088868146533
2024,05,CHE.26.9_1,0.15527978189996483,0.6984393594602264
2024,05,CHE.3.1_1,0.07747582987836528,0.6398264305366371
2024,05,CHE.4.1_1,0.16838246152348754,0.7501740304255239
2024,05,CHE.4.2_1,0.16206320751197176,0.7352542568653465
2024,05,CHE.4.3_1,0.16830808368239475,0.7403805767181798
2024,05,CHE.4.4_1,0.2379602460238702,0.7435982426974292
2024,05,CHE.4.5_1,0.17421415566525147,0.7449142061537037
2024,05,CHE.5.1_1,0.044976345466289785,0.5971938909883732
2024,05,CHE.5.2_1,0.04480916070247753,0.5691805314963814
2024,05,CHE.5.3_1,0.04464435197937033,0.5500805136609321
2024,05,CHE.6.10_1,0.11827309732462839,0.676823176057464
2024,05,CHE.6.11_1,0.22464442065884446,0.7335572468553466
2024,05,CHE.6.12_1,0.24501120891099748,0.6935954562023111
2024,05,CHE.6.13_1,0.10030162181332665,0.6814051523972582
2024,05,CHE.6.14_1,0.1488282608242485,0.7098550108132944
2024,05,CHE.6.15_1,0.22906172238091066,0.728010073214304
2024,05,CHE.6.16_1,0.2238382580677127,0.6947060599226527
2024,05,CHE.6.17_1,0.1418911698874774,0.7125588920656643
2024,05,CHE.6.18_1,0.10917962763118423,0.6448626739946609
2024,05,CHE.6.19_1,0.0890752575715332,0.6320195415236325
2024,05,CHE.6.1_1,0.15508983214740815,0.6862406277948071
2024,05,CHE.6.20_1,0.07689608698241636,0.60195758362481
2024,05,CHE.6.21_1,0.08904620904323193,0.6248735094212562
2024,05,CHE.6.22_1,0.22824256725310982,0.6953102956193636
2024,05,CHE.6.23_1,0.1334768462575411,0.6517984554115898
2024,05,CHE.6.24_1,0.23329488783435137,0.7234369612743495
2024,05,CHE.6.25_1,0.14081841661302993,0.6477483973840105
2024,05,CHE.6.26_1,0.22872402855317972,0.7162084757142148
2024,05,CHE.6.2_1,0.21864577731591112,0.674810082035967
2024,05,CHE.6.3_1,0.16101543179810918,0.6695494783568079
2024,05,CHE.6.4_1,0.07762048145433172,0.6538146900246399
2024,05,CHE.6.5_1,0.1676730987567607,0.6984799454041641
2024,05,CHE.6.6_1,0.2183652813907808,0.665096708892502
2024,05,CHE.6.7_1,0.19028877005188444,0.7091249393723468
2024,05,CHE.6.8_1,0.16220153154446293,0.7415577237801134
2024,05,CHE.6.9_1,0.23160287843861535,0.6663623603770218
2024,05,CHE.7.1_1,0.2579068447545153,0.7271544779912141
2024,05,CHE.7.2_1,0.20463141855964181,0.6763175067572066
2024,05,CHE.7.3_1,0.24133413372452198,0.7046409566013281
2024,05,CHE.7.4_1,0.2690585629301009,0.7119168269980841
2024,05,CHE.7.5_1,0.13400654059671643,0.6656563264538079
2024,05,CHE.7.6_1,0.23751520785330762,0.72327652280224
2024,05,CHE.7.7_1,0.19506604860065693,0.6911022006743689
2024,05,CHE.8.1_1,0.3043312448627681,0.7205399891830393
2024,05,CHE.9.1_1,0.14795230270826273,0.6655289989666567
2024,05,CYP.1_1,0.04461923683361174,0.5475338446162056
2024,05,CYP.2_1,0.0420763331962466,0.40874038167860943
2024,05,CYP.3_1,0.04211077798877922,0.4100137162009727
2024,05,CYP.4_1,0.04153277321692309,0.3896403638431604
2024,05,CYP.5_1,0.044566777025925694,0.5424405065267526
2024,05,CZE.1.1_1,0.04440710522153122,0.5284338267807566
2024,05,CZE.1.2_1,0.04429364464670888,0.5195204851242137
2024,05,CZE.1.3_1,0.04401909433223551,0.5004204672887649
2024,05,CZE.1.4_1,0.044259522228055244,0.5169738160794873
2024,05,CZE.1.5_1,0.044566777025925694,0.5424405065267526
2024,05,CZE.1.6_1,0.044134088959557644,0.5080604744229444
2024,05,CZE.1.7_1,0.044482493524501086,0.5348004993925731
2024,05,CZE.10.1_1,0.044606400812675,0.5462605100938425
2024,05,CZE.10.2_1,0.04435961347338528,0.5246138232136668
2024,05,CZE.10.3_1,0.044606400812675,0.5462605100938425
2024,05,CZE.10.4_1,0.04439146326371854,0.5271604922583933
2024,05,CZE.10.5_1,0.04418899259252177,0.5118804779900342
2024,05,CZE.10.6_1,0.0445801710729482,0.5437138410491159
2024,05,CZE.10.7_1,0.04486350977178551,0.576820538630561
2024,05,CZE.11.11_1,0.04391794961114284,0.49405379467694843
2024,05,CZE.11.13_1,0.043513259725752824,0.4711337732744096
2024,05,CZE.11.14_1,0.04395898976798768,0.4966004637216748
2024,05,CZE.11.15_1,0.043608731090373866,0.47622711136386264
2024,05,CZE.11.17_1,0.04409652755587417,0.5055138053782177
2024,05,CZE.11.19_1,0.0443434052344234,0.5233404886913035
2024,05,CZE.11.3_1,0.04459337894673898,0.5449871755714792
2024,05,CZE.11.4_1,0.0438761305608109,0.4915071256322219
2024,05,CZE.11.8_1,0.0442936446467089,0.5195204851242137
2024,05,CZE.11.9_1,0.04405819668347008,0.5029671363334913
2024,05,CZE.12.10_1,0.04422463881073611,0.5144271470347608
2024,05,CZE.12.11_1,0.044152581725889685,0.5093338089453078
2024,05,CZE.12.12_1,0.044134088959557644,0.5080604744229444
2024,05,CZE.12.1_1,0.044224638810736114,0.5144271470347608
2024,05,CZE.12.2_1,0.04453942973801128,0.539893837482026
2024,05,CZE.12.3_1,0.043678245064448215,0.4800471149309526
2024,05,CZE.12.4_1,0.04391794961114284,0.49405379467694843
2024,05,CZE.12.5_1,0.044188992592521764,0.5118804779900342
2024,05,CZE.12.6_1,0.04387613056081092,0.4915071256322219
2024,05,CZE.12.7_1,0.044327007824121946,0.5220671541689402
2024,05,CZE.12.8_1,0.04389713758581984,0.49278046015458515
2024,05,CZE.12.9_1,0.044019094332235505,0.5004204672887649
2024,05,CZE.13.2_1,0.04346432412636077,0.468587104229683
2024,05,CZE.13.3_1,0.043745977503330355,0.48386711849804226
2024,05,CZE.13.4_1,0.04397921844438288,0.4978737982440382
2024,05,CZE.14.1_1,0.0444071052215312,0.5284338267807566
2024,05,CZE.14.2_1,0.04424217575581255,0.515700481557124
2024,05,CZE.14.3_1,0.04365527210389142,0.4787737804085892
2024,05,CZE.14.4_1,0.04391794961114284,0.49405379467694843
2024,05,CZE.2.1_1,0.0445801710729482,0.5437138410491159
2024,05,CZE.2.2_1,0.043745977503330355,0.48386711849804226
2024,05,CZE.2.3_1,0.04399925321087611,0.4991471327664015
2024,05,CZE.2.4_1,0.044553196637763186,0.5411671720043892
2024,05,CZE.2.5_1,0.04320753690650735,0.4558537590060502
2024,05,CZE.2.6_1,0.044096527555874204,0.5055138053782177
2024,05,CZE.2.7_1,0.04468063478812006,0.5539005172280221
2024,05,CZE.3.1_1,0.0445531966377632,0.5411671720043892
2024,05,CZE.3.2_1,0.04478957889325029,0.5666338624516548
2024,05,CZE.4.1_1,0.044606400812675015,0.5462605100938425
2024,05,CZE.4.2_1,0.04405819668347008,0.5029671363334913
2024,05,CZE.4.3_1,0.04460640081267503,0.5462605100938425
2024,05,CZE.4.4_1,0.04379014681211762,0.48641378754276865
2024,05,CZE.4.5_1,0.044242175755812414,0.515700481557124
2024,05,CZE.5.1_1,0.043897137585819854,0.49278046015458515
2024,05,CZE.5.2_1,0.04336403955254854,0.4634937661402299
2024,05,CZE.5.3_1,0.04338941323419228,0.4647671006625932
2024,05,CZE.5.4_1,0.04387613056081087,0.4915071256322219
2024,05,CZE.5.5_1,0.04336403955254854,0.4634937661402299
2024,05,CZE.6.1_1,0.04351325972575282,0.4711337732744096
2024,05,CZE.6.2_1,0.04395898976798768,0.4966004637216748
2024,05,CZE.6.3_1,0.04343955517187847,0.46731376970731975
2024,05,CZE.6.4_1,0.04420691116614328,0.5131538125123974
2024,05,CZE.7.1_1,0.042783885866198114,0.4367537411706013
2024,05,CZE.7.5_1,0.04341458499029349,0.46604043518495647
2024,05,CZE.8.1_1,0.043464324126360754,0.468587104229683
2024,05,CZE.8.2_1,0.04411540431752102,0.5067871399005811
2024,05,CZE.8.3_1,0.043464324126360754,0.468587104229683
2024,05,CZE.8.4_1,0.04397921844438287,0.4978737982440382
2024,05,CZE.8.5_1,0.04358516240196348,0.47495377684149936
2024,05,CZE.9.1_1,0.044511335709159466,0.5373471684372995
2024,05,CZE.9.2_1,0.044019094332235505,0.5004204672887649
2024,05,CZE.9.3_1,0.04439146326371851,0.5271604922583933
2024,05,CZE.9.4_1,0.043979218444382864,0.4978737982440382
2024,05,DEU.1.12_1,0.04497065621884853,0.5959205564660099
2024,05,DEU.1.13_1,0.11005948034582685,0.7078377026730249
2024,05,DEU.1.15_1,0.04469235901917333,0.55517385175038525
2024,05,DEU.1.18_1,0.04488016363315864,0.5793672076752875
2024,05,DEU.1.1_1,0.08933667843614365,0.6424709214741321
2024,05,DEU.1.20_1,0.044970656218848534,0.5959205564660099
2024,05,DEU.1.21_1,0.15556492432981958,0.7196558110877764
2024,05,DEU.1.22_1,0.11838941429022569,0.672752770592187
2024,05,DEU.1.23_1,0.26514470866103007,0.7081094536135016
2024,05,DEU.1.26_1,0.04506078681456809,0.6303005885698182
2024,05,DEU.1.27_1,0.1184326650619518,0.6748923290316806
2024,05,DEU.1.28_1,0.32379486036200794,0.7282806809490792
2024,05,DEU.1.2_1,0.044818676547198635,0.5704538660187445
2024,05,DEU.1.31_1,0.2156685835492469,0.7501078538238668
2024,05,DEU.1.35_1,0.3262787662428842,0.7084341632970812
2024,05,DEU.1.36_1,0.205820244480102,0.7319579337816782
2024,05,DEU.1.38_1,0.10988749588604613,0.6921591012090542
2024,05,DEU.1.3_1,0.04488821681640097,0.5806405421976508
2024,05,DEU.1.42_1,0.08971457122919727,0.6750468011460266
2024,05,DEU.1.43_1,0.04487192798511587,0.5780938731529243
2024,05,DEU.1.44_1,0.2536869375005131,0.7112773906179075
2024,05,DEU.1.45_1,0.0895525403257226,0.6590991006712139
2024,05,DEU.1.5_1,0.04474821137806369,0.5615405243622016
2024,05,DEU.1.7_1,0.19031619397886246,0.7138831277997268
2024,05,DEU.1.8_1,0.06351906838785673,0.6463344900108973
2024,05,DEU.1.9_1,0.11905000189819816,0.7342193264555098
2024,05,DEU.10.10_1,0.044970656218848534,0.5959205564660099
2024,05,DEU.10.13_1,0.06371792755150953,0.71804508747336
2024,05,DEU.10.15_1,0.07726633470352087,0.6245226195832065
2024,05,DEU.10.18_1,0.1103375137499936,0.7572842088502715
2024,05,DEU.10.19_1,0.044539429738011276,0.539893837482026
2024,05,DEU.10.1_1,0.04459337894673897,0.5449871755714792
2024,05,DEU.10.21_1,0.06322863216740912,0.6132419916492572
2024,05,DEU.10.22_1,0.0996397110563532,0.6373332447677601
2024,05,DEU.10.23_1,0.11028210308804329,0.7372721730883898
2024,05,DEU.10.24_1,0.04506159798254748,0.6417605992710876
2024,05,DEU.10.25_1,0.045062949896730924,0.6353939266592713
2024,05,DEU.10.27_1,0.09905504033929682,0.6102292559936323
2024,05,DEU.10.29_1,0.06363226769116917,0.6707456701075407
2024,05,DEU.10.31_1,0.04506222888088007,0.6328472576145446
2024,05,DEU.10.32_1,0.04506159798254748,0.6417605992710876
2024,05,DEU.10.33_1,0.04470389847549451,0.5564471862727485
2024,05,DEU.10.35_1,0.044911282547749766,0.5844605457647406
2024,05,DEU.10.37_1,0.14124832883802732,0.6679288529449408
2024,05,DEU.10.40_1,0.07799812145337033,0.7167277785711846
2024,05,DEU.10.41_1,0.12735510331603006,0.7834108441049152
2024,05,DEU.10.44_1,0.08981438075147129,0.6942465266979414
2024,05,DEU.10.45_1,0.0776727347838116,0.6585559257143332
2024,05,DEU.10.47_1,0.14244910932326962,0.7946499600525274
2024,05,DEU.10.48_1,0.21832577374233292,0.6646135961662881
2024,05,DEU.10.4_1,0.10030915293481499,0.688270066299723
2024,05,DEU.10.50_1,0.11030331338023022,0.7466924409425665
2024,05,DEU.10.51_1,0.06302487843881513,0.5960072731034585
2024,05,DEU.10.52_1,0.06370517835622558,0.6909348881805255
2024,05,DEU.10.6_1,0.07752027008260186,0.6478539598397035
2024,05,DEU.10.8_1,0.04495249999702671,0.5921005528989203
2024,05,DEU.10.9_1,0.10068616055312728,0.7804922839451396
2024,05,DEU.11.10_1,0.6903656319611491,0.8044973573664982
2024,05,DEU.11.11_1,0.044828009175110387,0.5717272005411078
2024,05,DEU.11.12_1,0.23775456361427338,0.7313962083956449
2024,05,DEU.11.14_1,0.08991787362013984,0.7019262377276112
2024,05,DEU.11.17_1,0.04502697515916227,0.6112005707343692
2024,05,DEU.11.18_1,0.045058623628565046,0.6277539195250916
2024,05,DEU.11.19_1,0.12705303372390012,0.7110082459585096
2024,05,DEU.11.20_1,0.04488016363315864,0.5793672076752875
2024,05,DEU.11.21_1,0.06353773587617095,0.6559512928983744
2024,05,DEU.11.22_1,0.04480916070247755,0.5691805314963814
2024,05,DEU.11.25_1,0.5244990040989856,0.7550997415030127
2024,05,DEU.11.26_1,0.19071536760589167,0.7324149617946869
2024,05,DEU.11.27_1,0.22447654829870825,0.7223264080619165
2024,05,DEU.11.28_1,0.04452547615366623,0.5386205029596629
2024,05,DEU.11.29_1,0.14882408556847918,0.7089760863560843
2024,05,DEU.11.30_1,0.1424285229515245,0.7639507192989666
2024,05,DEU.11.31_1,0.18008625175134532,0.7905999367356339
2024,05,DEU.11.33_1,0.14933551515242066,0.773511389517197
2024,05,DEU.11.34_1,0.14212971405967947,0.7234255084292344
2024,05,DEU.11.35_1,0.044854908890379235,0.5755472041081977
2024,05,DEU.11.3_1,0.10978455322411373,0.6842095155306145
2024,05,DEU.11.4_1,0.31105044671708565,0.7258823958924244
2024,05,DEU.11.5_1,0.06347717442996138,0.642792373731285
2024,05,DEU.11.6_1,0.463674787736417,0.7925654782918953
2024,05,DEU.11.7_1,0.1350557878879686,0.7485766009860764
2024,05,DEU.11.8_1,0.11908847706299916,0.7353529356896091
2024,05,DEU.11.9_1,0.11853494978792097,0.6882066394630678
2024,05,DEU.12.1_1,0.06369631616244538,0.694942409831448
2024,05,DEU.12.3_1,0.08991322125920136,0.7078864327914481
2024,05,DEU.12.4_1,0.0901014722665292,0.7428773221975312
2024,05,DEU.12.5_1,0.07799025850065355,0.7173884910953824
2024,05,DEU.13.10_1,0.09823469862428463,0.57460599110981
2024,05,DEU.13.11_1,0.11455347407880775,0.5358181051574857
2024,05,DEU.13.12_1,0.19824099459976374,0.5440847093330035
2024,05,DEU.13.13_1,0.07334840025740724,0.46617356740720606
2024,05,DEU.13.14_1,0.12741032483626993,0.49178788686731384
2024,05,DEU.13.2_1,0.09672980716872187,0.5284304795348753
2024,05,DEU.13.3_1,0.09734851627697423,0.546482378140546
2024,05,DEU.13.5_1,0.043701020078879035,0.48132044945331587
2024,05,DEU.13.6_1,0.04405819668347008,0.5029671363334913
2024,05,DEU.13.7_1,0.19682006898046553,0.6011217866637183
2024,05,DEU.13.8_1,0.04275397333659141,0.4354804066482381
2024,05,DEU.13.9_1,0.04301564000031942,0.4469404173495074
2024,05,DEU.14.10_1,0.11317410026428937,0.5049472795978099
2024,05,DEU.14.11_1,0.07619215311039888,0.5627930381856353
2024,05,DEU.14.1_1,0.14859511311648738,0.518267445418449
2024,05,DEU.14.3_1,0.044188992592521764,0.5118804779900342
2024,05,DEU.14.5_1,0.3117117547683331,0.5235559962336357
2024,05,DEU.14.8_1,0.1142462449647675,0.5327379671630533
2024,05,DEU.15.10_1,0.08918411667080743,0.6340842421813134
2024,05,DEU.15.11_1,0.1086263063760215,0.6212458022151849
2024,05,DEU.15.12_1,0.13380697100262096,0.6606028182952953
2024,05,DEU.15.13_1,0.4314695413933,0.6341770376164141
2024,05,DEU.15.14_1,0.12515274308761534,0.6119760051188591
2024,05,DEU.15.15_1,0.19150110289274017,0.5961645856551098
2024,05,DEU.15.1_1,0.4723025988842974,0.6530365102980226
2024,05,DEU.15.3_1,0.5002883685012597,0.5972476391972038
2024,05,DEU.15.5_1,0.044482493524501086,0.5348004993925731
2024,05,DEU.15.6_1,0.04420691116614327,0.5131538125123974
2024,05,DEU.15.7_1,0.47531047176791175,0.6927937544746319
2024,05,DEU.15.8_1,0.07759845024331413,0.6535226305423302
2024,05,DEU.15.9_1,0.15266841880802415,0.6025209040686784
2024,05,DEU.16.12_1,0.07706143501973804,0.610077129717669
2024,05,DEU.2.11_1,0.07777034750883517,0.6704029108755735
2024,05,DEU.2.12_1,0.04488016363315863,0.5793672076752875
2024,05,DEU.2.18_1,0.10004778382936595,0.6606101641550296
2024,05,DEU.2.26_1,0.21757831997801905,0.6440952003065464
2024,05,DEU.2.28_1,0.0623242533723105,0.5531005325682682
2024,05,DEU.2.34_1,0.1332369234674874,0.6323563194505493
2024,05,DEU.2.35_1,0.06277299267463565,0.5789834917946755
2024,05,DEU.2.37_1,0.07735438023141729,0.6308824211208817
2024,05,DEU.2.55_1,0.10963947840506756,0.6735891478759275
2024,05,DEU.2.57_1,0.08948071986958007,0.6547353299017651
2024,05,DEU.2.59_1,0.04360873109037388,0.47622711136386264
2024,05,DEU.2.60_1,0.06322965988463276,0.6166802203569981
2024,05,DEU.2.61_1,0.06367814162041366,0.6788091386648523
2024,05,DEU.2.65_1,0.08957612007755394,0.6635926563742286
2024,05,DEU.2.68_1,0.10032729008956913,0.6957166800421362
2024,05,DEU.2.69_1,0.07767545371436296,0.6597287271712291
2024,05,DEU.2.71_1,0.07662842424177363,0.5838659358395527
2024,05,DEU.2.73_1,0.06317799640730658,0.6087547572563823
2024,05,DEU.2.78_1,0.11791677636917014,0.6585212733792812
2024,05,DEU.2.82_1,0.06318166050784828,0.6095719842527881
2024,05,DEU.2.88_1,0.06342404767955995,0.6351897248090053
2024,05,DEU.2.89_1,0.06290645440738533,0.5887835024532058
2024,05,DEU.2.8_1,0.12668556660828398,0.6872055962294491
2024,05,DEU.3.1_1,0.04307149787431733,0.4494870863942341
2024,05,DEU.4.10_1,0.11287772524302878,0.4987876643968164
2024,05,DEU.4.11_1,0.1188730197384713,0.4697537289960633
2024,05,DEU.4.12_1,0.08658241346621039,0.5236739045812464
2024,05,DEU.4.13_1,0.10378373254131457,0.4807636094230638
2024,05,DEU.4.14_1,0.04197166806289571,0.40492037811151965
2024,05,DEU.4.15_1,0.22059817643534427,0.5471099886278306
2024,05,DEU.4.16_1,0.2277106176193815,0.4549845949857794
2024,05,DEU.4.17_1,0.08444914694761468,0.4660711647227765
2024,05,DEU.4.18_1,0.0869546677107381,0.535309722327619
2024,05,DEU.4.1_1,0.21574178785715584,0.5383433145279872
2024,05,DEU.4.3_1,0.041181899023365574,0.37818035314189086
2024,05,DEU.4.4_1,0.140033772093884,0.4803029623592067
2024,05,DEU.4.5_1,0.24433346522795238,0.5031459683809691
2024,05,DEU.4.6_1,0.04221278921171478,0.4138337197680624
2024,05,DEU.4.7_1,0.06003614727514723,0.46026671399494795
2024,05,DEU.4.8_1,0.28429408746919693,0.4947053837691432
2024,05,DEU.4.9_1,0.09625026522768572,0.5139262226673226
2024,05,DEU.5.2_1,0.0445801710729482,0.5437138410491159
2024,05,DEU.6.1_1,0.04374597750333036,0.48386711849804226
2024,05,DEU.7.10_1,0.044911282547749766,0.5844605457647406
2024,05,DEU.7.11_1,0.244249907857319,0.6696586283819549
2024,05,DEU.7.12_1,0.2152846637453479,0.7199664047265428
2024,05,DEU.7.13_1,0.19574473760220032,0.7213272172610994
2024,05,DEU.7.14_1,0.24556639650254683,0.7088518844778396
2024,05,DEU.7.15_1,0.11008604618848229,0.720205951684202
2024,05,DEU.7.16_1,0.21031972738281865,0.7106077441894932
2024,05,DEU.7.17_1,0.07752592809113837,0.6551716305809876
2024,05,DEU.7.18_1,0.04472642363371834,0.5589938553174753
2024,05,DEU.7.19_1,0.08978353580330102,0.6797583244325528
2024,05,DEU.7.1_1,0.13463222558893123,0.7093135837512501
2024,05,DEU.7.20_1,0.08980981347285825,0.6901161486028807
2024,05,DEU.7.21_1,0.13422884093608226,0.6771582142893016
2024,05,DEU.7.22_1,0.19512400401324634,0.6927061444145789
2024,05,DEU.7.23_1,0.10040162625946746,0.6936066129501393
2024,05,DEU.7.24_1,0.06250508435601057,0.5608191535444483
2024,05,DEU.7.25_1,0.22429774069527522,0.7130907290640801
2024,05,DEU.7.26_1,0.04501533807886541,0.6073805671672793
2024,05,DEU.7.2_1,0.1003355883638945,0.6898508779919729
2024,05,DEU.7.4_1,0.04475882905798053,0.5628138588845649
2024,05,DEU.7.5_1,0.11862307555799653,0.6909283933842194
2024,05,DEU.7.6_1,0.1903858564593072,0.7171081885102157
2024,05,DEU.7.7_1,0.16822213309028666,0.7327931389082193
2024,05,DEU.7.8_1,0.06339182992133893,0.6364992116735093
2024,05,DEU.7.9_1,0.16130481195413013,0.6829959360702367
2024,05,DEU.8.1_1,0.21392956731737547,0.5789363781382079
2024,05,DEU.8.2_1,0.044293644646708895,0.5195204851242137
2024,05,DEU.8.3_1,0.4068654616450478,0.647119457548368
2024,05,DEU.8.5_1,0.15972657944627958,0.6279523483540795
2024,05,DEU.8.6_1,0.043513259725752824,0.4711337732744096
2024,05,DEU.8.7_1,0.08901623854275707,0.6257369351511985
2024,05,DEU.8.8_1,0.4233169500220388,0.6904539242538635
2024,05,DEU.9.10_1,0.10936278986046505,0.6537704800961093
2024,05,DEU.9.11_1,0.0896446928091059,0.6669731717424302
2024,05,DEU.9.13_1,0.06275901611644404,0.5791725020877484
2024,05,DEU.9.14_1,0.0769306737813771,0.6008412145200367
2024,05,DEU.9.15_1,0.1267506607931109,0.6862311925749848
2024,05,DEU.9.17_1,0.12298980809920634,0.5531105955566441
2024,05,DEU.9.19_1,0.06212021382774194,0.542785494071764
2024,05,DEU.9.1_1,0.043561394496479854,0.4736804423191361
2024,05,DEU.9.22_1,0.06296550076063086,0.6047445343460301
2024,05,DEU.9.23_1,0.07314390791253958,0.46118461649775777
2024,05,DEU.9.24_1,0.04333846359069348,0.4622204316178667
2024,05,DEU.9.26_1,0.0768360115544214,0.5955868314243805
2024,05,DEU.9.27_1,0.044511335709159425,0.5373471684372995
2024,05,DEU.9.28_1,0.17040925675268745,0.6008986576909316
2024,05,DEU.9.29_1,0.04385492825589356,0.49023379110985876
2024,05,DEU.9.2_1,0.07733752485681822,0.631735841827472
2024,05,DEU.9.30_1,0.11761391289895683,0.6339702977767578
2024,05,DEU.9.31_1,0.08845657817651839,0.5940315741199365
2024,05,DEU.9.35_1,0.1078237173891562,0.5855500119713225
2024,05,DEU.9.38_1,0.09878870884304035,0.5967584890892855
2024,05,DEU.9.40_1,0.062150346221518896,0.541467501802498
2024,05,DEU.9.42_1,0.08847002982263398,0.5974722941883575
2024,05,DEU.9.44_1,0.18501995243161967,0.7122528702907778
2024,05,DEU.9.45_1,0.0442246388107361,0.5144271470347608
2024,05,DEU.9.5_1,0.07659635214579735,0.5823005811037426
2024,05,DEU.9.6_1,0.2425003931186578,0.6311725319652297
2024,05,DEU.9.7_1,0.043790146812117625,0.48641378754276865
2024,05,DEU.9.8_1,0.06268668946829212,0.5720365275933771
2024,05,DNK.1.11_1,0.04389713758581984,0.49278046015458515
2024,05,DNK.1.21_1,0.0441525817258897,0.5093338089453078
2024,05,DNK.1.24_1,0.044391463263718525,0.5271604922583933
2024,05,DNK.1.8_1,0.04284307949998235,0.4393004102153278
2024,05,DNK.2.10_1,0.044925749117099824,0.587007214809467
2024,05,DNK.2.11_1,0.044452901727768696,0.5322538303478466
2024,05,DNK.2.12_1,0.04453942973801127,0.539893837482026
2024,05,DNK.2.14_1,0.04376816052205841,0.48514045302040554
2024,05,DNK.2.15_1,0.04461923683361173,0.5475338446162056
2024,05,DNK.2.16_1,0.04393856691387186,0.4953271291993117
2024,05,DNK.2.17_1,0.044224638810736114,0.5144271470347608
2024,05,DNK.2.18_1,0.04466872563684268,0.5526271827056587
2024,05,DNK.2.19_1,0.04464435197937033,0.5500805136609321
2024,05,DNK.2.1_1,0.04482800917511035,0.5717272005411078
2024,05,DNK.2.2_1,0.04363210088454356,0.4775004458862259
2024,05,DNK.2.3_1,0.04485490889037924,0.5755472041081977
2024,05,DNK.2.4_1,0.04493948804446741,0.5895538838541937
2024,05,DNK.2.5_1,0.04439146326371856,0.5271604922583933
2024,05,DNK.2.6_1,0.04469235901917331,0.55517385175038525
2024,05,DNK.2.7_1,0.04418899259252178,0.5118804779900342
2024,05,DNK.2.8_1,0.04466872563684268,0.5526271827056587
2024,05,DNK.2.9_1,0.044703898475494525,0.5564471862727485
2024,05,DNK.2_1,0.04427667845133208,0.5182471506018506
2024,05,DNK.3.10_1,0.044391463263718525,0.5271604922583933
2024,05,DNK.3.11_1,0.044096527555874176,0.5055138053782177
2024,05,DNK.3.7_1,0.044497008226348146,0.5360738339149363
2024,05,DNK.4.10_1,0.04351325972575282,0.4711337732744096
2024,05,DNK.4.11_1,0.04475882905798058,0.5628138588845649
2024,05,DNK.4.12_1,0.04459337894673897,0.5449871755714792
2024,05,DNK.4.13_1,0.044779512688180374,0.5653605279292914
2024,05,DNK.4.14_1,0.044606400812675015,0.5462605100938425
2024,05,DNK.4.15_1,0.04469235901917332,0.55517385175038525
2024,05,DNK.4.16_1,0.044769262785157596,0.5640871934069283
2024,05,DNK.4.17_1,0.0449524999970267,0.5921005528989203
2024,05,DNK.4.1_1,0.044854908890379235,0.5755472041081977
2024,05,DNK.4.2_1,0.0442421757558124,0.515700481557124
2024,05,DNK.4.3_1,0.04506159798254749,0.6417605992710876
2024,05,DNK.4.4_1,0.044422558820914435,0.5297071613031199
2024,05,DNK.4.5_1,0.04475882905798054,0.5628138588845649
2024,05,DNK.4.6_1,0.04487192798511585,0.5780938731529243
2024,05,DNK.4.7_1,0.04465663141739483,0.5513538481832956
2024,05,DNK.4.8_1,0.04505979536720728,0.6443072683158142
2024,05,DNK.4.9_1,0.0445801710729482,0.5437138410491159
2024,05,DNK.5.19_1,0.044553196637763186,0.5411671720043892
2024,05,DNK.5.1_1,0.044680634788120066,0.5539005172280221
2024,05,DNK.5.20_1,0.044482493524501086,0.5348004993925731
2024,05,DNK.5.22_1,0.04466872563684267,0.5526271827056587
2024,05,DNK.5.4_1,0.044619236833611756,0.5475338446162056
2024,05,ESP.1.1_1,0.17849988353444204,0.2763700699409142
2024,05,ESP.1.2_1,0.2672870600937727,0.443160210008735
2024,05,ESP.1.3_1,0.22915342336634253,0.26073744669987237
2024,05,ESP.1.4_1,0.46468060328376753,0.2840335695993446
2024,05,ESP.1.5_1,0.3309772891273141,0.3126382398507168
2024,05,ESP.1.6_1,0.3367701931870418,0.23349950848062648
2024,05,ESP.1.7_1,0.27015126748428,0.4285559139579594
2024,05,ESP.1.8_1,0.37480748414742643,0.2924946914609413
2024,05,ESP.10.1_1,0.47594098098230947,0.4182608188340049
2024,05,ESP.10.2_1,0.17564886290588028,0.45225377082534907
2024,05,ESP.10.3_1,0.34913115989251214,0.40232449365614564
2024,05,ESP.11.1_1,0.4647919038737693,0.2866509552018471
2024,05,ESP.11.2_1,0.5642978410471927,0.338976161553651
2024,05,ESP.12.1_1,0.436321176392671,0.8367137478561363
2024,05,ESP.12.2_1,0.3681379099129509,0.775011430300023
2024,05,ESP.12.3_1,0.42944700747941755,0.7190238055815678
2024,05,ESP.12.4_1,0.3517320240156525,0.7995781203403604
2024,05,ESP.13.1_1,0.36065504707414175,0.672391963336052
2024,05,ESP.14.1_1,0.06363379948241234,0.6675093494683544
2024,05,ESP.15.1_1,0.5820802002600693,0.5982535425548648
2024,05,ESP.16.1_1,0.3336358780026312,0.6882828395469223
2024,05,ESP.16.2_1,0.4248973660439091,0.7876625892486813
2024,05,ESP.16.3_1,0.46790927197089527,0.778937727195821
2024,05,ESP.17.1_1,0.2587086199964997,0.7899925720056019
2024,05,ESP.18.1_1,0.251304821343394,0.3312854742661779
2024,05,ESP.2.1_1,0.5835840522270384,0.4571465803334801
2024,05,ESP.2.2_1,0.10661800992288549,0.3196735424645616
2024,05,ESP.2.3_1,0.2872824608400391,0.36470229310031443
2024,05,ESP.3.1_1,0.13508221831313508,0.7706870926221312
2024,05,ESP.4.1_1,0.1406113584803048,0.2221778522137114
2024,05,ESP.4.2_1,0.1579340944485025,0.2325647707900567
2024,05,ESP.4.3_1,0.0597395879420165,0.24082941399630972
2024,05,ESP.4.4_1,0.1778353825697386,0.2891818384672467
2024,05,ESP.4.5_1,0.24065059104564457,0.2627215481537311
2024,05,ESP.5.1_1,0.2923306197742346,0.3549249805459293
2024,05,ESP.5.2_1,0.3009843665904509,0.6541951450346241
2024,05,ESP.5.3_1,0.21329598818171674,0.5890015292794087
2024,05,ESP.5.4_1,0.05755853962474915,0.3888454978322914
2024,05,ESP.5.5_1,0.7783426288832481,0.42295053576144376
2024,05,ESP.5.6_1,0.1659543715467117,0.4020948121335952
2024,05,ESP.5.7_1,0.16231704514136633,0.4754090584716728
2024,05,ESP.5.8_1,0.0812037481645477,0.4005205199826379
2024,05,ESP.5.9_1,0.2184330452867063,0.45213829758943336
2024,05,ESP.6.1_1,0.7834099746244387,0.7133472170086382
2024,05,ESP.6.2_1,0.669695384452504,0.7388441256360826
2024,05,ESP.6.3_1,0.3798449689492384,0.4711775983727099
2024,05,ESP.6.4_1,0.5674631087967233,0.4921040785318127
2024,05,ESP.7.1_1,0.044946084852309796,0.5908272183765568
2024,05,ESP.7.2_1,0.043678245064448194,0.4800471149309526
2024,05,ESP.8.1_1,0.49760400345401146,0.3112925856900292
2024,05,ESP.9.1_1,0.3398249950632676,0.6366131260882274
2024,05,EST.1.13_1,0.03963047783741595,0.3336136448591765
2024,05,EST.1.14_1,0.07262232918509791,0.44644201829815466
2024,05,EST.10.10_1,0.21537902489239907,0.41848097672559365
2024,05,EST.10.11_1,0.15815432278814734,0.3745168391813341
2024,05,EST.10.12_1,0.22855463913938093,0.38508573039880883
2024,05,EST.10.13_1,0.12729743312575545,0.39784608985666975
2024,05,EST.10.14_1,0.22016515646799373,0.39982700916874386
2024,05,EST.10.1_1,0.12141147138521403,0.40393421699338483
2024,05,EST.10.2_1,0.1854336595546305,0.37661790534821404
2024,05,EST.10.3_1,0.1380356460262651,0.38419752767678833
2024,05,EST.10.4_1,0.13953173479711256,0.3996889932301194
2024,05,EST.10.5_1,0.17294401031918086,0.41873389560734264
2024,05,EST.10.6_1,0.15661005902093364,0.4060973081954257
2024,05,EST.10.7_1,0.22442206499222778,0.40345200278434673
2024,05,EST.10.8_1,0.04037769088819263,0.35398699721698884
2024,05,EST.10.9_1,0.20863011770641834,0.3975467592062122
2024,05,EST.11.10_1,0.0958927938797571,0.3571794950024336
2024,05,EST.11.5_1,0.0560381325039555,0.3571333910181907
2024,05,EST.11.7_1,0.056148113872892425,0.35712599776021986
2024,05,EST.12.10_1,0.2507934657849418,0.4414966171270099
2024,05,EST.12.11_1,0.2623450989415026,0.505769971560489
2024,05,EST.12.12_1,0.22390320470613548,0.4544131105604763
2024,05,EST.12.14_1,0.16133847161552733,0.5399052802869175
2024,05,EST.12.15_1,0.18801049893103816,0.6296859731038603
2024,05,EST.12.16_1,0.23431397682398744,0.4784003936965838
2024,05,EST.12.1_1,0.3490987844509252,0.49373410595233325
2024,05,EST.12.2_1,0.20088725186230105,0.468835598591564
2024,05,EST.12.3_1,0.23382318266459637,0.47462838894735787
2024,05,EST.12.4_1,0.04257005003236282,0.4278403995140585
2024,05,EST.12.5_1,0.2025723946116261,0.4856493548036352
2024,05,EST.12.6_1,0.299454883383335,0.42258165409920084
2024,05,EST.12.7_1,0.18917547929802128,0.4407054530386518
2024,05,EST.12.8_1,0.2963584933897369,0.4714624604155334
2024,05,EST.12.9_1,0.15783513589415868,0.4808943323161515
2024,05,EST.13.10_1,0.13040381109859422,0.43579913962761496
2024,05,EST.13.11_1,0.1874763065030895,0.3903204206426084
2024,05,EST.13.12_1,0.10152485900200094,0.4390391254842175
2024,05,EST.13.13_1,0.04171961458740141,0.3960070364549766
2024,05,EST.13.14_1,0.17630858979893982,0.4072670521183153
2024,05,EST.13.15_1,0.17801999824364526,0.4227763951426601
2024,05,EST.13.16_1,0.15974872475949145,0.3882877402830099
2024,05,EST.13.17_1,0.1379548575951667,0.3835967683512111
2024,05,EST.13.18_1,0.26437729399445964,0.3880887879481549
2024,05,EST.13.19_1,0.14937676605607275,0.3870505093033151
2024,05,EST.13.1_1,0.23250968859394894,0.4348078382758383
2024,05,EST.13.20_1,0.2159982400205188,0.39587816268262793
2024,05,EST.13.21_1,0.14514404361223285,0.39851115432230383
2024,05,EST.13.22_1,0.03987108923002729,0.3399803174709929
2024,05,EST.13.2_1,0.0565196162202294,0.3650070378553509
2024,05,EST.13.3_1,0.17863198236390282,0.38928277651053395
2024,05,EST.13.4_1,0.04106071409056486,0.3743603495748012
2024,05,EST.13.5_1,0.2230593352108171,0.3950957112263492
2024,05,EST.13.6_1,0.16003740083147316,0.39149681390759344
2024,05,EST.13.7_1,0.09732631884257424,0.3752917869935518
2024,05,EST.13.8_1,0.18536022974436064,0.4080673810161858
2024,05,EST.13.9_1,0.1614726376652636,0.4035001479435442
2024,05,EST.14.10_1,0.14437404757020866,0.39049007867587976
2024,05,EST.14.11_1,0.15435758779165665,0.3857273643840229
2024,05,EST.14.12_1,0.03886838062268408,0.3145136270237275
2024,05,EST.14.13_1,0.04101984351836789,0.37308701505243774
2024,05,EST.14.1_1,0.15441117469195395,0.38526601298151303
2024,05,EST.14.2_1,0.1191643676705501,0.37854115673658556
2024,05,EST.14.3_1,0.14937404716462693,0.38744144161349237
2024,05,EST.14.4_1,0.11889409797799341,0.37495074401358097
2024,05,EST.14.5_1,0.1482899968871359,0.37707832327264224
2024,05,EST.14.6_1,0.14911882197226153,0.3842204590142489
2024,05,EST.14.7_1,0.1851158749663016,0.37311116566836194
2024,05,EST.14.8_1,0.17367901287714402,0.3858179842510046
2024,05,EST.14.9_1,0.14855052844603123,0.3799287111751128
2024,05,EST.15.10_1,0.1367039143950755,0.3712934495352118
2024,05,EST.15.11_1,0.2712173038183448,0.3648804398831012
2024,05,EST.15.12_1,0.2457918977153409,0.40802799956047797
2024,05,EST.15.13_1,0.18806985116231204,0.3954893681068454
2024,05,EST.15.14_1,0.039433224187699845,0.32852030676972344
2024,05,EST.15.15_1,0.03798565697427479,0.29414027466591514
2024,05,EST.15.1_1,0.15932300203631286,0.3848125831289412
2024,05,EST.15.2_1,0.2000616889691078,0.39245218470859106
2024,05,EST.15.3_1,0.18376650259795574,0.3943108183929193
2024,05,EST.15.4_1,0.1599280370319792,0.39109048685015746
2024,05,EST.15.5_1,0.1518260959149309,0.36389962393543435
2024,05,EST.15.6_1,0.12551787044905147,0.3781358504165016
2024,05,EST.15.7_1,0.04059787273467199,0.36035366982880507
2024,05,EST.15.8_1,0.15956882920862356,0.3866218098573247
2024,05,EST.15.9_1,0.2058041421017578,0.37864739434571515
2024,05,EST.16.10_1,0.17930725756027363,0.3945697830812253
2024,05,EST.16.11_1,0.27775011130609717,0.38210439243858607
2024,05,EST.16.12_1,0.2546870693810241,0.38508029797976207
2024,05,EST.16.1_1,0.20887117176591335,0.3988823047465739
2024,05,EST.16.2_1,0.36897577545194193,0.3710181299951593
2024,05,EST.16.3_1,0.24255953923830456,0.38840079522040133
2024,05,EST.16.4_1,0.3593142123942519,0.38260120941318654
2024,05,EST.16.5_1,0.2870311054551029,0.3738426065382129
2024,05,EST.16.6_1,0.16463471926578488,0.3879305161575591
2024,05,EST.16.7_1,0.4147309998474567,0.3904224386645992
2024,05,EST.16.8_1,0.23686443851657044,0.3938482494275714
2024,05,EST.16.9_1,0.15057964347511604,0.39843094908219906
2024,05,EST.2.1_1,0.22027837261323457,0.4257116731173216
2024,05,EST.2.2_1,0.24397169820821096,0.4405423955409031
2024,05,EST.2.3_1,0.042753973336591394,0.4354804066482381
2024,05,EST.2.4_1,0.23030232741999798,0.47895661028394826
2024,05,EST.2.5_1,0.2593562388098996,0.50921294087653
2024,05,EST.3.10_1,0.15582001689709016,0.3983915500831897
2024,05,EST.3.11_1,0.12513466647062718,0.4551641279346309
2024,05,EST.3.12_1,0.14257894590415374,0.37440363059216353
2024,05,EST.3.13_1,0.18152690218789402,0.37823818669368325
2024,05,EST.3.14_1,0.20087034966607975,0.3714921902377697
2024,05,EST.3.15_1,0.04157059946616275,0.39091369836552353
2024,05,EST.3.16_1,0.04085396419739922,0.3679936769629848
2024,05,EST.3.17_1,0.040105194222700015,0.3463469900828092
2024,05,EST.3.18_1,0.042443164355094355,0.42274706142460544
2024,05,EST.3.19_1,0.12715930761418495,0.3959570320605452
2024,05,EST.3.1_1,0.11008962470783595,0.44866426672849696
2024,05,EST.3.20_1,0.1365666189522164,0.4329472734783036
2024,05,EST.3.21_1,0.12961120531494985,0.4256743874479469
2024,05,EST.3.22_1,0.19182420987940402,0.46734182724142165
2024,05,EST.3.2_1,0.07088970509481389,0.40677645758057485
2024,05,EST.3.3_1,0.17334258507006783,0.4238269720833431
2024,05,EST.3.4_1,0.16991821016359648,0.39350652645856027
2024,05,EST.3.5_1,0.1770206073327039,0.41408893495139104
2024,05,EST.3.6_1,0.14604062937417156,0.40845661595743293
2024,05,EST.3.7_1,0.03826953303515198,0.3005069472777315
2024,05,EST.3.8_1,0.09935884283640165,0.4060121077034346
2024,05,EST.3.9_1,0.05667855697709912,0.36865571783329626
2024,05,EST.4.11_1,0.1109616397974836,0.36232346871189963
2024,05,EST.4.3_1,0.09577527678055248,0.3559757634104691
2024,05,EST.4.6_1,0.03982349119146426,0.3387069829486296
2024,05,EST.4.7_1,0.08035112814782928,0.3859136075116331
2024,05,EST.5.10_1,0.1419445990243212,0.368754039428818
2024,05,EST.5.11_1,0.18925167790330638,0.4041989440819054
2024,05,EST.5.12_1,0.20041851769623933,0.39460002771275604
2024,05,EST.5.13_1,0.2015133899067762,0.4025674684892429
2024,05,EST.5.1_1,0.24940688991759927,0.3735207580392642
2024,05,EST.5.2_1,0.05558339210446401,0.34572993934271856
2024,05,EST.5.3_1,0.11694462315707305,0.43793695275202854
2024,05,EST.5.4_1,0.041900776795174705,0.402373709066793
2024,05,EST.5.5_1,0.1888997703182815,0.3712846586554714
2024,05,EST.5.6_1,0.1975347804269627,0.43732211101718976
2024,05,EST.5.7_1,0.20447168571059485,0.3952688962008037
2024,05,EST.5.8_1,0.2153838144615745,0.3693970665766381
2024,05,EST.5.9_1,0.0390776331745044,0.31960696511318054
2024,05,EST.6.11_1,0.05601138290051928,0.3542531772844214
2024,05,EST.6.13_1,0.06939392129816237,0.37709455463470654
2024,05,EST.6.4_1,0.07997002418230871,0.3810479917541413
2024,05,EST.6.5_1,0.04015124452403715,0.3476203246051725
2024,05,EST.6.6_1,0.10456971407943384,0.3697263081358334
2024,05,EST.7.10_1,0.08779173083979452,0.3582799100263392
2024,05,EST.7.11_1,0.17093387042471908,0.4483021950174718
2024,05,EST.7.12_1,0.16418379589297774,0.5871355419633598
2024,05,EST.7.1_1,0.04315373744223174,0.4533070899613238
2024,05,EST.7.2_1,0.20614157476763448,0.4783177064523266
2024,05,EST.7.3_1,0.14748755059899601,0.3710113296958533
2024,05,EST.7.4_1,0.2091654679079141,0.4327595742417104
2024,05,EST.7.5_1,0.23808338935761053,0.42595435278303
2024,05,EST.7.6_1,0.1873603503337928,0.5272803149911345
2024,05,EST.7.7_1,0.11952794467911868,0.4826733249438588
2024,05,EST.7.8_1,0.16287104326818216,0.47477246330628664
2024,05,EST.7.9_1,0.28841731269850035,0.5311788009740895
2024,05,EST.8.10_1,0.03958156440575166,0.33234031033681327
2024,05,EST.8.11_1,0.19926937441913709,0.38676979701549064
2024,05,EST.8.12_1,0.1301058855397371,0.36353033981286403
2024,05,EST.8.13_1,0.03886838062268403,0.3145136270237275
2024,05,EST.8.14_1,0.13150710767147775,0.37765552466596025
2024,05,EST.8.15_1,0.089323539174872,0.3804352534002104
2024,05,EST.8.16_1,0.18479629119321841,0.3718734812920999
2024,05,EST.8.17_1,0.1491554222582746,0.3855069577768256
2024,05,EST.8.18_1,0.038654633398970115,0.30942028893427437
2024,05,EST.8.19_1,0.23404032022106513,0.3598599082008165
2024,05,EST.8.1_1,0.13337116043838876,0.34147229668394563
2024,05,EST.8.20_1,0.25423450564235534,0.44200109203477767
2024,05,EST.8.2_1,0.16936373925533676,0.3537891314795818
2024,05,EST.8.3_1,0.1808019244626522,0.3741243312810598
2024,05,EST.8.4_1,0.2530947660531167,0.34812831043255504
2024,05,EST.8.5_1,0.10277345274814974,0.3492960756276217
2024,05,EST.8.7_1,0.25560261586782324,0.37444048547936093
2024,05,EST.8.8_1,0.03631801467692491,0.2597602425621067
2024,05,EST.8.9_1,0.09652069783799508,0.36490651472369673
2024,05,EST.9.1_1,0.041645563767224815,0.3934603674102501
2024,05,FIN.1.1_1,0.17559125652708457,0.40331359660677935
2024,05,FIN.1.2_1,0.19173060558062202,0.36367893414999897
2024,05,FIN.1.3_1,0.07855593044918752,0.3565334975399336
2024,05,FIN.1.4_1,0.1967093937279628,0.37062335868803564
2024,05,FIN.2.1_1,0.18994979557964314,0.41475345041442224
2024,05,FIN.3.1_1,0.12583672987104613,0.3819734008978728
2024,05,FIN.3.2_1,0.25528157683625974,0.3940777429194757
2024,05,FIN.4.1_1,0.1302826651990754,0.36648850669184424
2024,05,FIN.4.2_1,0.14215122939864244,0.3714059472303819
2024,05,FIN.4.3_1,0.052749170878141384,0.2946560619513663
2024,05,FIN.4.4_1,0.1468814564533418,0.36623899759834155
2024,05,FIN.4.5_1,0.1926531343045362,0.3717648691129003
2024,05,FIN.5.1_1,0.21380974129019129,0.3603878791444855
2024,05,FIN.5.2_1,0.12259638354049619,0.3500465295206667
2024,05,FIN.5.3_1,0.28246652261346655,0.3696480490721471
2024,05,FIN.5.4_1,0.16186784483981584,0.36942433717254497
2024,05,FIN.5.5_1,0.09373159987473037,0.33164376473363305
2024,05,FIN.5.6_1,0.2272298330623044,0.3421191572375665
2024,05,FIN.5.7_1,0.2009755406993524,0.3514916729373464
2024,05,FIN.5.8_1,0.1412994716945787,0.32206711434855373
2024,05,FIN.5.9_1,0.15586992223017992,0.3242779585311614
2024,05,FRA.1.10_1,0.3298345494818644,0.7244662656152446
2024,05,FRA.1.11_1,0.303921779503161,0.7088262747784384
2024,05,FRA.1.12_1,0.26617878348704677,0.6410142594814282
2024,05,FRA.1.1_1,0.290597538123563,0.7130022864715089
2024,05,FRA.1.2_1,0.27305806222774415,0.7243341594690506
2024,05,FRA.1.3_1,0.2595337709570373,0.6613337297652886
2024,05,FRA.1.4_1,0.23342249334970805,0.7291841765282776
2024,05,FRA.1.5_1,0.26771617952155297,0.6776593943642788
2024,05,FRA.1.6_1,0.2762565328721626,0.7089928493087041
2024,05,FRA.1.7_1,0.2686616874773608,0.6989576374988505
2024,05,FRA.1.8_1,0.3343846642922542,0.6857056037792032
2024,05,FRA.1.9_1,0.26959755251192863,0.7373628458639329
2024,05,FRA.10.10_1,0.17403616759692064,0.7263653472966557
2024,05,FRA.10.11_1,0.32082103378610977,0.7423406812785135
2024,05,FRA.10.12_1,0.2846849341511732,0.7710474266625502
2024,05,FRA.10.1_1,0.2952908084356338,0.7849957409283587
2024,05,FRA.10.2_1,0.2013503767041652,0.7669401488723032
2024,05,FRA.10.3_1,0.2663345068295546,0.7682108914304296
2024,05,FRA.10.4_1,0.23810844703505327,0.7604263456466553
2024,05,FRA.10.5_1,0.27023457103759,0.7807784591450528
2024,05,FRA.10.6_1,0.3181503602970654,0.761322208736992
2024,05,FRA.10.7_1,0.33061549553947867,0.7598134687491747
2024,05,FRA.10.8_1,0.25873831998447605,0.7966965777845699
2024,05,FRA.10.9_1,0.25792871692745334,0.731630392079519
2024,05,FRA.11.10_1,0.22822119562217363,0.6996668517432362
2024,05,FRA.11.11_1,0.22202134976938032,0.6432919145580692
2024,05,FRA.11.12_1,0.2375964671531897,0.7237111983754422
2024,05,FRA.11.13_1,0.30758650018018713,0.7198915738615522
2024,05,FRA.11.1_1,0.21523415609159927,0.7263437937312968
2024,05,FRA.11.2_1,0.26392266511014434,0.6797284022716324
2024,05,FRA.11.3_1,0.31149959322994025,0.7473235276971775
2024,05,FRA.11.4_1,0.2874051592342451,0.6409477399248972
2024,05,FRA.11.5_1,0.17371478711020827,0.7071176287181838
2024,05,FRA.11.6_1,0.2977195931906716,0.721252487214536
2024,05,FRA.11.7_1,0.2500169098956255,0.7354438741347875
2024,05,FRA.11.8_1,0.2831225274658117,0.6269902109795975
2024,05,FRA.11.9_1,0.17961521777290693,0.7187039350395807
2024,05,FRA.12.1_1,0.3120251840034078,0.7900893560257974
2024,05,FRA.12.2_1,0.2915927750435893,0.761893661357644
2024,05,FRA.12.3_1,0.25463956046910285,0.7717027347164623
2024,05,FRA.12.4_1,0.2739543910707882,0.7912121272075088
2024,05,FRA.12.5_1,0.25079565196851755,0.7934667603307312
2024,05,FRA.13.1_1,0.2467623433909501,0.5739964578341559
2024,05,FRA.13.2_1,0.28385602019951167,0.7486249391660506
2024,05,FRA.13.3_1,0.3146715914128845,0.6241562098621322
2024,05,FRA.13.4_1,0.22708816058322018,0.5834965305351072
2024,05,FRA.13.5_1,0.25611247274088833,0.6102649511776959
2024,05,FRA.13.6_1,0.21975571669828253,0.5983091246904361
2024,05,FRA.2.1_1,0.2847379992466592,0.7737572380697725
2024,05,FRA.2.2_1,0.258445315192499,0.7530304427409162
2024,05,FRA.2.3_1,0.269833194055098,0.7500881242423688
2024,05,FRA.2.4_1,0.269380490986091,0.725426596666192
2024,05,FRA.2.5_1,0.1493108733826947,0.7849728029957569
2024,05,FRA.2.6_1,0.3454916362202757,0.754779696851691
2024,05,FRA.2.7_1,0.14922236338325065,0.7468083565392473
2024,05,FRA.2.8_1,0.2987702662680268,0.801041804928724
2024,05,FRA.3.1_1,0.3216257228781823,0.8032140861568886
2024,05,FRA.3.2_1,0.3054383490217343,0.7991174321536421
2024,05,FRA.3.3_1,0.31196768653331075,0.7869623931440216
2024,05,FRA.3.4_1,0.27761621155421096,0.7963914065633763
2024,05,FRA.4.1_1,0.1683610176354611,0.7502505712001977
2024,05,FRA.4.2_1,0.25075681603299244,0.8123607199666036
2024,05,FRA.4.3_1,0.24656996647725798,0.7654495298487637
2024,05,FRA.4.4_1,0.22949476804258914,0.7706759211432797
2024,05,FRA.4.5_1,0.25078668039751445,0.7914791038170133
2024,05,FRA.4.6_1,0.27018038606313155,0.7826809165633961
2024,05,FRA.5.1_1,0.18261698975670385,0.6510347124928801
2024,05,FRA.5.2_1,0.2272318884866463,0.685647496118442
2024,05,FRA.6.10_1,0.25855786981171314,0.7625829023661239
2024,05,FRA.6.1_1,0.2811209706929086,0.8333735072138555
2024,05,FRA.6.2_1,0.25477036002746656,0.8124006109062578
2024,05,FRA.6.3_1,0.26601509113324606,0.7516105394701257
2024,05,FRA.6.4_1,0.24210019172126893,0.7422440507615489
2024,05,FRA.6.5_1,0.258722057622681,0.7886685058760593
2024,05,FRA.6.6_1,0.28839879490069703,0.8163623046302827
2024,05,FRA.6.7_1,0.29189277288874715,0.7972697157624291
2024,05,FRA.6.8_1,0.18572582017152792,0.804406187678216
2024,05,FRA.6.9_1,0.31207989894653615,0.8035038602943759
2024,05,FRA.7.1_1,0.2986344220065998,0.8242824135614853
2024,05,FRA.7.2_1,0.41752045422763073,0.8181156040613073
2024,05,FRA.7.3_1,0.29189221633382006,0.8126231435211514
2024,05,FRA.7.4_1,0.4074624499157649,0.8382014044422832
2024,05,FRA.7.5_1,0.3087200431430536,0.8197119969331572
2024,05,FRA.8.1_1,0.11916440175250484,0.7908181060487158
2024,05,FRA.8.2_1,0.1424517608141476,0.7835202353856493
2024,05,FRA.8.3_1,0.1191435758613794,0.7655578179320577
2024,05,FRA.8.4_1,0.3020893646058073,0.8163091981255728
2024,05,FRA.8.5_1,0.2587298592886706,0.799411447836391
2024,05,FRA.8.6_1,0.16856326312690978,0.7987287151882105
2024,05,FRA.8.7_1,0.14245007869124937,0.7812167796406619
2024,05,FRA.8.8_1,0.28487425421043056,0.8083274299209471
2024,05,FRA.9.1_1,0.3151023527698018,0.7656727651391426
2024,05,FRA.9.2_1,0.15597981398506952,0.7925748594478669
2024,05,FRA.9.3_1,0.33390034153373216,0.7953436818170212
2024,05,FRA.9.4_1,0.19111744762976057,0.7813206998325213
2024,05,FRA.9.5_1,0.33089791209346864,0.8202140157571265
2024,05,FRO.1.1_1,0,0
2024,05,FRO.1.2_1,0,0
2024,05,FRO.1.3_1,0,0
2024,05,FRO.1.5_1,0,0
2024,05,FRO.1.6_1,0,0
2024,05,FRO.1.7_1,0,0
2024,05,FRO.2.2_1,0,0
2024,05,FRO.2.3_1,0,0
2024,05,FRO.2.4_1,0,0
2024,05,FRO.2.5_1,0,0
2024,05,FRO.2.6_1,0,0
2024,05,FRO.3.1_1,0,0
2024,05,FRO.3.3_1,0,0
2024,05,FRO.4.1_1,0,0
2024,05,FRO.4.2_1,0,0
2024,05,FRO.4.3_1,0,0
2024,05,FRO.6.1_1,0,0
2024,05,FRO.6.2_1,0,0
2024,05,GBR.1.101_1,0.11906214611214339,0.7308345379463235
2024,05,GBR.1.102_1,0.20139636039016026,0.7971722785466536
2024,05,GBR.1.103_1,0.14221926843958463,0.8338633119313164
2024,05,GBR.1.104_1,0.09009989461556255,0.7633114736900256
2024,05,GBR.1.105_1,0.11032451959466014,0.7825289062565514
2024,05,GBR.1.106_1,0.07800593154882758,0.7199294506292989
2024,05,GBR.1.107_1,0.22064861584164422,0.7956854028269987
2024,05,GBR.1.108_1,0.47443232293585125,0.7795046335495376
2024,05,GBR.1.109_1,0.22510548728209542,0.765856642511761
2024,05,GBR.1.10_1,0.11905546012514356,0.8159412471088582
2024,05,GBR.1.110_1,0.3848037345153935,0.8043393870919199
2024,05,GBR.1.111_1,0.14937119227534582,0.7892172655190638
2024,05,GBR.1.112_1,0.45259839500980087,0.7927561771252007
2024,05,GBR.1.113_1,0.20125137529827086,0.7547885000434416
2024,05,GBR.1.114_1,0.20135168778800663,0.8184082488769905
2024,05,GBR.1.115_1,0.24645098124125533,0.7591707789502643
2024,05,GBR.1.117_1,0.4988377819526654,0.7541658925957577
2024,05,GBR.1.118_1,0.11916092534292153,0.7893965239662826
2024,05,GBR.1.11_1,0.1101813353015806,0.8130240505979788
2024,05,GBR.1.12_1,0.2585878227026969,0.7697196065716343
2024,05,GBR.1.13_1,0.4454943714650342,0.7635371176898852
2024,05,GBR.1.14_1,0.06370575212483785,0.6932505924913913
2024,05,GBR.1.15_1,0.06372844371753998,0.7081671676925673
2024,05,GBR.1.16_1,0.5569441512872078,0.7993789043535241
2024,05,GBR.1.17_1,0.17444270068490347,0.7725538146693152
2024,05,GBR.1.18_1,0.3310000874830877,0.7881021844778934
2024,05,GBR.1.19_1,0.27024671419611435,0.796551402067393
2024,05,GBR.1.20_1,0.4636898881094732,0.8098962937216331
2024,05,GBR.1.21_1,0.13509547668090785,0.7755915515489874
2024,05,GBR.1.22_1,0.5087821095818894,0.8526345544185698
2024,05,GBR.1.23_1,0.20109661201087317,0.8493979249617033
2024,05,GBR.1.25_1,0.21125524325446715,0.7826003397937359
2024,05,GBR.1.26_1,0.600661391863565,0.8296627169162867
2024,05,GBR.1.27_1,0.10069442925277726,0.7625878118828846
2024,05,GBR.1.28_1,0.39522008426409894,0.8054680305306042
2024,05,GBR.1.29_1,0.10040765329087799,0.6916110809742899
2024,05,GBR.1.2_1,0.27398298687170947,0.7843281086519283
2024,05,GBR.1.30_1,0.3510012805855579,0.8620233373304105
2024,05,GBR.1.31_1,0.23346022907605662,0.8544407653879341
2024,05,GBR.1.32_1,0.4219390155794082,0.8434516542338558
2024,05,GBR.1.33_1,0.664834564226268,0.8217373696045178
2024,05,GBR.1.34_1,0.2009674168362991,0.8571428146693445
2024,05,GBR.1.35_1,0.5403204773122606,0.7800152282622124
2024,05,GBR.1.36_1,0.9997242365759835,0.780960188800319
2024,05,GBR.1.37_1,0.2014360028070002,0.7964080337271925
2024,05,GBR.1.38_1,0.6415579096580881,0.7899321517372261
2024,05,GBR.1.39_1,0.14908185854929457,0.8386389454951999
2024,05,GBR.1.3_1,0.2251858140147717,0.7876486692954097
2024,05,GBR.1.40_1,0.33047209524988974,0.7499886217352753
2024,05,GBR.1.41_1,0.6023327270159076,0.7776065474845609
2024,05,GBR.1.42_1,0.18571283043577183,0.796113072411398
2024,05,GBR.1.44_1,0.6723716837462672,0.8147719183261127
2024,05,GBR.1.45_1,0.20584204777628762,0.859108565293617
2024,05,GBR.1.46_1,0.06353799155710946,0.7050932866626104
2024,05,GBR.1.47_1,0.18014388615045246,0.8134211672144868
2024,05,GBR.1.48_1,0.6974199671003352,0.8320149168396722
2024,05,GBR.1.49_1,0.2587078978613125,0.818893484943268
2024,05,GBR.1.4_1,0.3653030162748183,0.748044411361252
2024,05,GBR.1.50_1,0.14241828568394407,0.7609033909519378
2024,05,GBR.1.51_1,0.5588299189242331,0.7866423698302182
2024,05,GBR.1.52_1,0.5886306023008632,0.8205740388546798
2024,05,GBR.1.53_1,0.0636570909312467,0.6759573802340312
2024,05,GBR.1.54_1,0.04506222888088007,0.6328472576145446
2024,05,GBR.1.55_1,0.1962529280524759,0.7957335576581593
2024,05,GBR.1.56_1,0.19066131228515587,0.85531176360493
2024,05,GBR.1.57_1,0.19615404554086097,0.7605179211751025
2024,05,GBR.1.58_1,0.24192287670742996,0.8643920661700387
2024,05,GBR.1.59_1,0.5466395208827738,0.8628838322732912
2024,05,GBR.1.5_1,0.18574005535369825,0.7955210704268226
2024,05,GBR.1.60_1,0.18570259545855428,0.8089852858924813
2024,05,GBR.1.61_1,0.22511295654976363,0.7693672559427084
2024,05,GBR.1.62_1,0.20104765085042314,0.8528591927418576
2024,05,GBR.1.63_1,0.557922322882289,0.8526552781838331
2024,05,GBR.1.64_1,0.42730390363247767,0.7921858784029394
2024,05,GBR.1.65_1,0.3476829150280179,0.8781491887102639
2024,05,GBR.1.66_1,0.18570469498704845,0.7897702909688219
2024,05,GBR.1.67_1,0.5872889302332525,0.7984068993147179
2024,05,GBR.1.69_1,0.48060395343855367,0.7692610712212887
2024,05,GBR.1.6_1,0.1855765802807292,0.8297367305187057
2024,05,GBR.1.70_1,0.206381540642956,0.7709789342224845
2024,05,GBR.1.71_1,0.18567783672797022,0.8052360924528944
2024,05,GBR.1.72_1,0.18572743835779668,0.8014488003292171
2024,05,GBR.1.73_1,0.07805131876006867,0.7366858564210518
2024,05,GBR.1.74_1,0.1684067725499652,0.7571382026337423
2024,05,GBR.1.75_1,0.22400040804630078,0.8917179459535767
2024,05,GBR.1.77_1,0.06372047708446345,0.709046202764553
2024,05,GBR.1.78_1,0.16853690228231552,0.7830194633494078
2024,05,GBR.1.79_1,0.1801645813289791,0.8060212561539237
2024,05,GBR.1.7_1,0.09007564038957315,0.7462341591140282
2024,05,GBR.1.80_1,0.04504537184757091,0.6544939444947203
2024,05,GBR.1.81_1,0.13507836983573077,0.7493757460285624
2024,05,GBR.1.82_1,0.3184289479479359,0.8268889238739101
2024,05,GBR.1.84_1,0.3602368055824693,0.7838015077629189
2024,05,GBR.1.85_1,0.19105240981202692,0.7659049764521341
2024,05,GBR.1.86_1,0.11010128175806352,0.7133786937881145
2024,05,GBR.1.87_1,0.5232693352736822,0.8084241953629774
2024,05,GBR.1.88_1,0.2625932807388627,0.7810550861981533
2024,05,GBR.1.89_1,0.1957057478110757,0.8668757738620281
2024,05,GBR.1.8_1,0.16853403462918884,0.7891736831956491
2024,05,GBR.1.90_1,0.18562325525043766,0.7871350652401041
2024,05,GBR.1.91_1,0.17444509870272737,0.795952359257866
2024,05,GBR.1.92_1,0.23404016404195668,0.7805810146585138
2024,05,GBR.1.93_1,0.11915789192228993,0.7813953120772065
2024,05,GBR.1.94_1,0.22460643338693193,0.8641753552924339
2024,05,GBR.1.96_1,0.5691931047873109,0.8385318760579089
2024,05,GBR.1.97_1,0.22013401597114052,0.8578394521635436
2024,05,GBR.1.98_1,0.5270551430908399,0.7820840239509191
2024,05,GBR.1.99_1,0.11024818023591822,0.7416459828504001
2024,05,GBR.1.9_1,0.1910814457692285,0.7799932107850438
2024,05,GBR.2.10_1,0.04506222888088007,0.6328472576145446
2024,05,GBR.2.2_1,0.06364962583333397,0.6704828814357827
2024,05,GBR.2.5_1,0.13514071369742642,0.7692069965908752
2024,05,GBR.2.6_1,0.11909147814890512,0.7363877994803951
2024,05,GBR.2.9_1,0.09008632567672967,0.7490045238730897
2024,05,GBR.3.14_1,0.06372442865895671,0.7029307287896108
2024,05,GBR.3.15_1,0.09006089531712504,0.7707728483147618
2024,05,GBR.3.17_1,0.16850308978876888,0.794643184809524
2024,05,GBR.3.21_1,0.0635144646023191,0.7645470489563101
2024,05,GBR.3.22_1,0.04505005999798206,0.6519472754499938
2024,05,GBR.3.24_1,0.15586835885908354,0.8217996895400805
2024,05,GBR.3.26_1,0.10045112619059232,0.8222329299485645
2024,05,GBR.3.2_1,0.07786715982530527,0.7899994054278199
2024,05,GBR.3.30_1,0.11915768741924478,0.7794009985100605
2024,05,GBR.3.31_1,0.06371212698397136,0.7144226499728401
2024,05,GBR.3.3_1,0.12687457104423253,0.8555365562425465
2024,05,GBR.3.4_1,0.12718287649335383,0.8157091210441894
2024,05,GBR.3.5_1,0.08995061401312468,0.80201245364950835
2024,05,GBR.3.6_1,0.045057271584574274,0.6264805850027284
2024,05,GBR.3.7_1,0.12730116589219337,0.812612060075656
2024,05,GBR.3.9_1,0.044981853417034916,0.5984672255107363
2024,05,GBR.4.10_1,0.31194048967570703,0.8240219499716954
2024,05,GBR.4.11_1,0.36014843941853464,0.8169004843682746
2024,05,GBR.4.12_1,0.1683371825280063,0.7465685707709762
2024,05,GBR.4.13_1,0.250509067039817,0.7593246168452223
2024,05,GBR.4.14_1,0.28476411448347494,0.7744286271053422
2024,05,GBR.4.15_1,0.1960835533036107,0.7467763499549277
2024,05,GBR.4.16_1,0.34542578855341416,0.853286737229983
2024,05,GBR.4.17_1,0.3847485101682405,0.8027984994881909
2024,05,GBR.4.18_1,0.3152196079911978,0.7804174820424252
2024,05,GBR.4.19_1,0.2702021966340663,0.8055004506318004
2024,05,GBR.4.1_1,0.13502844995915914,0.8145283088089748
2024,05,GBR.4.20_1,0.23820769660826766,0.7656501447971563
2024,05,GBR.4.21_1,0.22062858872780314,0.805263474232099
2024,05,GBR.4.22_1,0.31529332281303735,0.8033179243266185
2024,05,GBR.4.2_1,0.174184429782109,0.742142419126901
2024,05,GBR.4.3_1,0.2547538921955476,0.7798779554132549
2024,05,GBR.4.4_1,0.25053709672476876,0.7563616562063346
2024,05,GBR.4.5_1,0.22514964978728,0.7752596467481795
2024,05,GBR.4.6_1,0.3247224153506449,0.7848236181032568
2024,05,GBR.4.7_1,0.2626433559509261,0.7912287674947652
2024,05,GBR.4.8_1,0.18570012410814085,0.7954857720682467
2024,05,GBR.4.9_1,0.2506524247674501,0.8254043430261498
2024,05,GEO.10.1_1,0.0450304927541959,0.6124739052567324
2024,05,GEO.10.2_1,0.04448249352450108,0.5348004993925731
2024,05,GEO.10.3_1,0.04495873355638095,0.5933738874212834
2024,05,GEO.10.4_1,0,0
2024,05,GEO.10.6_1,0.044224638810736114,0.5144271470347608
2024,05,GEO.2.1_1,0.04477951268818038,0.7079739944339777
2024,05,GEO.2.2_1,0.04503996183688022,0.6570406135394469
2024,05,GEO.2.3_1,0.04483715870061921,0.573000535063471
2024,05,GEO.2.5_1,0.045006675973296655,0.6048338981225528
2024,05,GRC.1.1_1,0.04365527210389136,0.4787737804085892
2024,05,GRC.1.2_1,0.04505213344736052,0.6226605814356386
2024,05,GRC.3.1_1,0.2663018413054439,0.4717238140151979
2024,05,GRC.4.1_1,0.20365885850065382,0.5161360207939468
2024,05,GRC.5.1_1,0.08886280671731094,0.631891958231475
2024,05,GRC.5.2_1,0.14629678292532855,0.6065311360902603
2024,05,GRC.6.1_1,0.2535423481532241,0.6268499843553338
2024,05,GRC.6.2_1,0.13235768952554008,0.47508217136815206
2024,05,GRC.7.1_1,0.06351625500301271,0.7658608144151398
2024,05,GRC.7.2_1,0.1941678494047384,0.49607141258218845
2024,05,GRC.7.3_1,0.19248289181063508,0.6331772052425892
2024,05,GRC.8.1_1,0.17235997230750133,0.5363867101723708
2024,05,GRC.8.2_1,0.19187135474506234,0.6239973885823596
2024,05,HRV.1.10_1,0,0
2024,05,HRV.1.11_1,0,0
2024,05,HRV.1.12_1,0,0
2024,05,HRV.1.13_1,0,0
2024,05,HRV.1.14_1,0,0
2024,05,HRV.1.15_1,0,0
2024,05,HRV.1.16_1,0,0
2024,05,HRV.1.17_1,0.04480916070247751,0.5691805314963814
2024,05,HRV.1.18_1,0,0
2024,05,HRV.1.19_1,0,0
2024,05,HRV.1.1_1,0,0
2024,05,HRV.1.20_1,0,0
2024,05,HRV.1.21_1,0,0
2024,05,HRV.1.22_1,0,0
2024,05,HRV.1.23_1,0,0
2024,05,HRV.1.2_1,0,0
2024,05,HRV.1.3_1,0,0
2024,05,HRV.1.4_1,0,0
2024,05,HRV.1.5_1,0.04497634546628979,0.5971938909883732
2024,05,HRV.1.6_1,0.0447482113780637,0.5615405243622016
2024,05,HRV.1.7_1,0.044837158700619224,0.573000535063471
2024,05,HRV.1.8_1,0.04475882905798055,0.5628138588845649
2024,05,HRV.1.9_1,0,0
2024,05,HRV.10.10_1,0.044925749117099824,0.587007214809467
2024,05,HRV.10.11_1,0.04491128254774977,0.5844605457647406
2024,05,HRV.10.12_1,0.044680634788120066,0.5539005172280221
2024,05,HRV.10.13_1,0.04465663141739482,0.5513538481832956
2024,05,HRV.10.14_1,0.044981853417034916,0.5984672255107363
2024,05,HRV.10.15_1,0.04468063478812006,0.5539005172280221
2024,05,HRV.10.16_1,0.044818676547198635,0.5704538660187445
2024,05,HRV.10.17_1,0.04495873355638097,0.5933738874212834
2024,05,HRV.10.18_1,0.04488016363315862,0.5793672076752875
2024,05,HRV.10.19_1,0.04466872563684268,0.5526271827056587
2024,05,HRV.10.1_1,0.044987180137674776,0.5997405600330997
2024,05,HRV.10.20_1,0.04501939786712222,0.6086539016896425
2024,05,HRV.10.21_1,0.04466872563684268,0.5526271827056587
2024,05,HRV.10.22_1,0.0445801710729482,0.5437138410491159
2024,05,HRV.10.23_1,0.04492574911709984,0.587007214809467
2024,05,HRV.10.24_1,0.04461923683361174,0.5475338446162056
2024,05,HRV.10.25_1,0.04486350977178548,0.576820538630561
2024,05,HRV.10.2_1,0.04473740961443441,0.5602671898398384
2024,05,HRV.10.4_1,0.04495249999702671,0.5921005528989203
2024,05,HRV.10.5_1,0.044619236833611735,0.5475338446162056
2024,05,HRV.10.6_1,0.04495249999702673,0.5921005528989203
2024,05,HRV.10.7_1,0.04468063478812006,0.5539005172280221
2024,05,HRV.10.8_1,0.04491128254774976,0.5844605457647406
2024,05,HRV.10.9_1,0.0448635097717855,0.576820538630561
2024,05,HRV.10_1,0.044903776178943165,0.5831872112423774
2024,05,HRV.11.10_1,0.04472642363371836,0.5589938553174753
2024,05,HRV.11.11_1,0.04399925321087615,0.4991471327664015
2024,05,HRV.11.12_1,0.04320753690650735,0.4558537590060502
2024,05,HRV.11.13_1,0.04424217575581242,0.515700481557124
2024,05,HRV.11.14_1,0.044482493524501086,0.5348004993925731
2024,05,HRV.11.15_1,0.0443434052344234,0.5233404886913035
2024,05,HRV.11.16_1,0.04435961347338528,0.5246138232136668
2024,05,HRV.11.17_1,0.044375632748293654,0.5258871577360302
2024,05,HRV.11.18_1,0.04439146326371854,0.5271604922583933
2024,05,HRV.11.19_1,0.04403874207019423,0.5016938018111282
2024,05,HRV.11.1_1,0.044152581725889685,0.5093338089453078
2024,05,HRV.11.20_1,0.043897137585819854,0.49278046015458515
2024,05,HRV.11.21_1,0.04405819668347009,0.5029671363334913
2024,05,HRV.11.22_1,0.04461923683361173,0.5475338446162056
2024,05,HRV.11.23_1,0.044482493524501086,0.5348004993925731
2024,05,HRV.11.24_1,0.0438761305608109,0.4915071256322219
2024,05,HRV.11.25_1,0.04376816052205841,0.48514045302040554
2024,05,HRV.11.26_1,0.04443782425837734,0.5309804958254832
2024,05,HRV.11.27_1,0.043938566913871845,0.4953271291993117
2024,05,HRV.11.28_1,0.04425952222805524,0.5169738160794873
2024,05,HRV.11.29_1,0.04434340523442339,0.5233404886913035
2024,05,HRV.11.2_1,0.043938566913871845,0.4953271291993117
2024,05,HRV.11.30_1,0.044152581725889685,0.5093338089453078
2024,05,HRV.11.31_1,0.043958989767987684,0.4966004637216748
2024,05,HRV.11.32_1,0.04427667845133208,0.5182471506018506
2024,05,HRV.11.33_1,0.043655272103891356,0.4787737804085892
2024,05,HRV.11.34_1,0.04458017107294819,0.5437138410491159
2024,05,HRV.11.35_1,0.0446318871698951,0.548807179138569
2024,05,HRV.11.36_1,0.044553196637763165,0.5411671720043892
2024,05,HRV.11.37_1,0.04424217575581242,0.515700481557124
2024,05,HRV.11.38_1,0.04418899259252177,0.5118804779900342
2024,05,HRV.11.39_1,0.044407105221531205,0.5284338267807566
2024,05,HRV.11.3_1,0.043999253210876124,0.4991471327664015
2024,05,HRV.11.40_1,0.04411540431752102,0.5067871399005811
2024,05,HRV.11.41_1,0.04391794961114284,0.49405379467694843
2024,05,HRV.11.42_1,0.044343405234423386,0.5233404886913035
2024,05,HRV.11.43_1,0.04389713758581985,0.49278046015458515
2024,05,HRV.11.44_1,0.043015640000319405,0.4469404173495074
2024,05,HRV.11.45_1,0.04407745842778293,0.5042404708558544
2024,05,HRV.11.4_1,0.04405819668347009,0.5029671363334913
2024,05,HRV.11.5_1,0.04425952222805522,0.5169738160794873
2024,05,HRV.11.6_1,0.043854928255893565,0.49023379110985876
2024,05,HRV.11.7_1,0.043999253210876145,0.4991471327664015
2024,05,HRV.11.8_1,0.043561394496479854,0.4736804423191361
2024,05,HRV.11.9_1,0.04367824506444825,0.4800471149309526
2024,05,HRV.12.10_1,0.04473740961443441,0.5602671898398384
2024,05,HRV.12.1_1,0.044809160702477556,0.5691805314963814
2024,05,HRV.12.2_1,0.044553196637763186,0.5411671720043892
2024,05,HRV.12.3_1,0.0447374096144344,0.5602671898398384
2024,05,HRV.12.4_1,0.04491860683078347,0.5857338802871038
2024,05,HRV.12.5_1,0.04446779142028791,0.5335271648702097
2024,05,HRV.12.6_1,0.044809160702477556,0.5691805314963814
2024,05,HRV.12.7_1,0.04488016363315863,0.5793672076752875
2024,05,HRV.12.8_1,0.04466872563684268,0.5526271827056587
2024,05,HRV.12.9_1,0.04500667597329672,0.6048338981225528
2024,05,HRV.13.10_1,0.04506267951713902,0.6392139302263611
2024,05,HRV.13.12_1,0.04505573921900463,0.6481272718829041
2024,05,HRV.13.13_1,0.04505862362856505,0.6455806028381774
2024,05,HRV.13.14_1,0.045011097464627683,0.667227289718353
2024,05,HRV.13.15_1,0.04505573921900463,0.6252072504803651
2024,05,HRV.13.16_1,0.0450399618368802,0.6570406135394469
2024,05,HRV.13.17_1,0.04483715870061923,0.573000535063471
2024,05,HRV.13.18_1,0.04505402651345547,0.6239339159580019
2024,05,HRV.13.1_1,0.044925749117099824,0.587007214809467
2024,05,HRV.13.20_1,0.04489608763302968,0.581913876720014
2024,05,HRV.13.21_1,0.04503382970575553,0.6595872825841734
2024,05,HRV.13.23_1,0.04506294989673093,0.6353939266592713
2024,05,HRV.13.24_1,0.04475882905798056,0.5628138588845649
2024,05,HRV.13.25_1,0.04505727158457427,0.6264805850027284
2024,05,HRV.13.26_1,0.04489608763302967,0.581913876720014
2024,05,HRV.13.27_1,0.04506159798254749,0.6417605992710876
2024,05,HRV.13.29_1,0.04505213344736052,0.6226605814356386
2024,05,HRV.13.2_1,0.04502697515916225,0.6112005707343692
2024,05,HRV.13.30_1,0.04496478560589435,0.5946472219436467
2024,05,HRV.13.31_1,0.0449460848523098,0.5908272183765568
2024,05,HRV.13.32_1,0.04505979536720728,0.6443072683158142
2024,05,HRV.13.33_1,0.04506222888088007,0.6328472576145446
2024,05,HRV.13.34_1,0.044964785605894377,0.6786873004196224
2024,05,HRV.13.35_1,0.04502327687831444,0.6634072861512633
2024,05,HRV.13.39_1,0.045050059997982075,0.6213872469132753
2024,05,HRV.13.3_1,0.04482800917511036,0.7016073218221613
2024,05,HRV.13.40_1,0.045033829705755535,0.6595872825841734
2024,05,HRV.13.41_1,0.044828009175110345,0.5717272005411078
2024,05,HRV.13.42_1,0.04506078681456809,0.6303005885698182
2024,05,HRV.13.4_1,0.04501939786712222,0.6086539016896425
2024,05,HRV.13.5_1,0.045050059997982075,0.6213872469132753
2024,05,HRV.13.6_1,0.04505862362856507,0.6455806028381774
2024,05,HRV.13.7_1,0.04494608485230981,0.5908272183765568
2024,05,HRV.13.8_1,0.04505402651345547,0.6494006064052672
2024,05,HRV.13.9_1,0.044715253300136794,0.5577205207951118
2024,05,HRV.14.10_1,0.04494608485230981,0.5908272183765568
2024,05,HRV.14.11_1,0.04490377617894316,0.5831872112423774
2024,05,HRV.14.12_1,0.04391794961114285,0.49405379467694843
2024,05,HRV.14.13_1,0.0447994615241956,0.5679071969740179
2024,05,HRV.14.14_1,0.044019094332235505,0.5004204672887649
2024,05,HRV.14.15_1,0.04481867654719865,0.5704538660187445
2024,05,HRV.14.16_1,0.0444970082263481,0.5360738339149363
2024,05,HRV.14.17_1,0.04506159798254731,0.6417605992710876
2024,05,HRV.14.18_1,0.04422463881073611,0.5144271470347608
2024,05,HRV.14.19_1,0.04494608485230981,0.5908272183765568
2024,05,HRV.14.1_1,0.044837158700619203,0.573000535063471
2024,05,HRV.14.2_1,0.04446779142028793,0.5335271648702097
2024,05,HRV.14.3_1,0.04477951268818038,0.5653605279292914
2024,05,HRV.14.4_1,0.04479946152419561,0.5679071969740179
2024,05,HRV.14.5_1,0.04440710522153122,0.5284338267807566
2024,05,HRV.14.6_1,0.04440710522153122,0.5284338267807566
2024,05,HRV.14.7_1,0.044134088959557644,0.5080604744229444
2024,05,HRV.14.8_1,0.04418899259252176,0.5118804779900342
2024,05,HRV.15.10_1,0,0
2024,05,HRV.15.11_1,0,0
2024,05,HRV.15.12_1,0,0
2024,05,HRV.15.13_1,0.044992325692576815,0.601013894555463
2024,05,HRV.15.14_1,0,0
2024,05,HRV.15.15_1,0,0
2024,05,HRV.15.16_1,0,0
2024,05,HRV.15.17_1,0,0
2024,05,HRV.15.18_1,0.04504537184757091,0.6188405778685487
2024,05,HRV.15.19_1,0,0
2024,05,HRV.15.1_1,0,0
2024,05,HRV.15.2_1,0.04500667597329667,0.6048338981225528
2024,05,HRV.15.3_1,0.04501939786712221,0.6646806206736265
2024,05,HRV.15.4_1,0,0
2024,05,HRV.15.5_1,0.045033829705755535,0.6137472397790957
2024,05,HRV.15.6_1,0,0
2024,05,HRV.15.7_1,0.04495249999702671,0.5921005528989203
2024,05,HRV.15.8_1,0.04478957889325028,0.5666338624516548
2024,05,HRV.15.9_1,0,0
2024,05,HRV.16.10_1,0.04460640081267501,0.5462605100938425
2024,05,HRV.16.11_1,0.04502697515916225,0.6621339516289
2024,05,HRV.16.12_1,0.044837158700619224,0.573000535063471
2024,05,HRV.16.13_1,0.04502697515916226,0.6621339516289
2024,05,HRV.16.14_1,0.044758829057980565,0.5628138588845649
2024,05,HRV.16.15_1,0.04475882905798056,0.5628138588845649
2024,05,HRV.16.17_1,0.044726423633718336,0.5589938553174753
2024,05,HRV.16.18_1,0.04432700782412193,0.5220671541689402
2024,05,HRV.16.19_1,0.04472642363371835,0.5589938553174753
2024,05,HRV.16.1_1,0.044903776178943165,0.5831872112423774
2024,05,HRV.16.20_1,0.04480916070247748,0.5691805314963814
2024,05,HRV.16.21_1,0.04470389847549451,0.5564471862727485
2024,05,HRV.16.23_1,0.0447482113780637,0.5615405243622016
2024,05,HRV.16.24_1,0.04505979536720728,0.629027254047455
2024,05,HRV.16.26_1,0.04498718013767479,0.5997405600330997
2024,05,HRV.16.27_1,0.04449700822634807,0.5360738339149363
2024,05,HRV.16.28_1,0.04464435197937034,0.5500805136609321
2024,05,HRV.16.29_1,0.04483715870061923,0.573000535063471
2024,05,HRV.16.2_1,0.04461923683361174,0.5475338446162056
2024,05,HRV.16.30_1,0.045033829705755535,0.6137472397790957
2024,05,HRV.16.31_1,0.044888216816400976,0.5806405421976508
2024,05,HRV.16.32_1,0.04464435197937033,0.5500805136609321
2024,05,HRV.16.33_1,0.04474821137806371,0.5615405243622016
2024,05,HRV.16.34_1,0.04470389847549451,0.5564471862727485
2024,05,HRV.16.35_1,0.04506078681456811,0.6430339337934508
2024,05,HRV.16.36_1,0.04464435197937032,0.5500805136609321
2024,05,HRV.16.37_1,0.044606400812675,0.5462605100938425
2024,05,HRV.16.39_1,0.044854908890379235,0.5755472041081977
2024,05,HRV.16.40_1,0.0446923590191733,0.55517385175038525
2024,05,HRV.16.43_1,0.04505862362856507,0.6455806028381774
2024,05,HRV.16.44_1,0.04505862362856507,0.6455806028381774
2024,05,HRV.16.45_1,0.04506078681456805,0.6303005885698182
2024,05,HRV.16.48_1,0.044828009175110324,0.5717272005411078
2024,05,HRV.16.49_1,0.04484612523579591,0.5742738695858343
2024,05,HRV.16.4_1,0.04490377617894315,0.5831872112423774
2024,05,HRV.16.50_1,0.04487192798511585,0.5780938731529243
2024,05,HRV.16.52_1,0.04479946152419561,0.5679071969740179
2024,05,HRV.16.53_1,0.04458017107294819,0.5437138410491159
2024,05,HRV.16.54_1,0.04499232569257682,0.601013894555463
2024,05,HRV.16.55_1,0.044692359019173324,0.55517385175038525
2024,05,HRV.16.56_1,0.04491860683078343,0.5857338802871038
2024,05,HRV.16.5_1,0.044467791420287915,0.5335271648702097
2024,05,HRV.16.6_1,0.044748211378063694,0.5615405243622016
2024,05,HRV.16.7_1,0.04505979536720728,0.629027254047455
2024,05,HRV.16.8_1,0.044809160702477535,0.5691805314963814
2024,05,HRV.16.9_1,0.0445667770259257,0.5424405065267526
2024,05,HRV.16_1,0.04460640081267502,0.5462605100938425
2024,05,HRV.17.10_1,0.044888216816400976,0.5806405421976508
2024,05,HRV.17.11_1,0.044482493524501086,0.5348004993925731
2024,05,HRV.17.12_1,0.04470389847549452,0.5564471862727485
2024,05,HRV.17.13_1,0.044932709493486225,0.5882805493318303
2024,05,HRV.17.14_1,0.044863509771785465,0.576820538630561
2024,05,HRV.17.15_1,0.04478957889325027,0.5666338624516548
2024,05,HRV.17.16_1,0.04483715870061922,0.573000535063471
2024,05,HRV.17.17_1,0.04495249999702671,0.5921005528989203
2024,05,HRV.17.18_1,0.044748211378063694,0.5615405243622016
2024,05,HRV.17.19_1,0.044452901727768696,0.5322538303478466
2024,05,HRV.17.1_1,0.044818676547198635,0.5704538660187445
2024,05,HRV.17.20_1,0.044656631417394815,0.5513538481832956
2024,05,HRV.17.21_1,0.04496478560589436,0.5946472219436467
2024,05,HRV.17.22_1,0.04449700822634813,0.5360738339149363
2024,05,HRV.17.23_1,0.0447374096144344,0.5602671898398384
2024,05,HRV.17.24_1,0.04477951268818038,0.5653605279292914
2024,05,HRV.17.25_1,0.04461923683361173,0.5475338446162056
2024,05,HRV.17.26_1,0.044863509771785465,0.576820538630561
2024,05,HRV.17.27_1,0.044566777025925694,0.5424405065267526
2024,05,HRV.17.28_1,0.04490377617894317,0.5831872112423774
2024,05,HRV.17.2_1,0.04484612523579593,0.5742738695858343
2024,05,HRV.17.3_1,0.044970656218848534,0.5959205564660099
2024,05,HRV.17.4_1,0.04460640081267501,0.5462605100938425
2024,05,HRV.17.5_1,0.04483715870061924,0.573000535063471
2024,05,HRV.17.6_1,0.044593378946738975,0.5449871755714792
2024,05,HRV.17.7_1,0.04492574911709984,0.587007214809467
2024,05,HRV.17.8_1,0.044748211378063694,0.5615405243622016
2024,05,HRV.17.9_1,0.04482800917511038,0.5717272005411078
2024,05,HRV.18.10_1,0.04399925321087613,0.4991471327664015
2024,05,HRV.18.11_1,0.04424217575581255,0.515700481557124
2024,05,HRV.18.12_1,0.04420691116614327,0.5131538125123974
2024,05,HRV.18.13_1,0.04439146326371851,0.5271604922583933
2024,05,HRV.18.14_1,0.04446779142028793,0.5335271648702097
2024,05,HRV.18.15_1,0.04422463881073609,0.5144271470347608
2024,05,HRV.18.16_1,0.044188992592521764,0.5118804779900342
2024,05,HRV.18.1_1,0.044407105221531205,0.5284338267807566
2024,05,HRV.18.2_1,0.044259522228055244,0.5169738160794873
2024,05,HRV.18.3_1,0.0442936446467089,0.5195204851242137
2024,05,HRV.18.4_1,0.044115404317521034,0.5067871399005811
2024,05,HRV.18.5_1,0.04407745842778293,0.5042404708558544
2024,05,HRV.18.6_1,0.04451133570915941,0.5373471684372995
2024,05,HRV.18.7_1,0.0444529017277687,0.5322538303478466
2024,05,HRV.18.8_1,0.04425952222805523,0.5169738160794873
2024,05,HRV.18.9_1,0.04440710522153121,0.5284338267807566
2024,05,HRV.19.10_1,0.04365527210389138,0.4787737804085892
2024,05,HRV.19.11_1,0.043897137585819854,0.49278046015458515
2024,05,HRV.19.12_1,0.04435961347338526,0.5246138232136668
2024,05,HRV.19.13_1,0.04370102007887904,0.48132044945331587
2024,05,HRV.19.14_1,0.043608731090373845,0.47622711136386264
2024,05,HRV.19.15_1,0.043897137585819875,0.49278046015458515
2024,05,HRV.19.16_1,0.04443782425837734,0.5309804958254832
2024,05,HRV.19.17_1,0.04401909433223551,0.5004204672887649
2024,05,HRV.19.18_1,0.04409652755587418,0.5055138053782177
2024,05,HRV.19.19_1,0.04434340523442341,0.5233404886913035
2024,05,HRV.19.1_1,0.044077458427782934,0.5042404708558544
2024,05,HRV.19.20_1,0.04381193666968343,0.4876871220651321
2024,05,HRV.19.21_1,0.044188992592521764,0.5118804779900342
2024,05,HRV.19.22_1,0.04338941323419233,0.4647671006625932
2024,05,HRV.19.23_1,0.04381193666968341,0.4876871220651321
2024,05,HRV.19.24_1,0.043585162401963466,0.47495377684149936
2024,05,HRV.19.25_1,0.0442936446467089,0.5195204851242137
2024,05,HRV.19.26_1,0.04363210088454356,0.4775004458862259
2024,05,HRV.19.27_1,0.044115404317521055,0.5067871399005811
2024,05,HRV.19.28_1,0.04422463881073611,0.5144271470347608
2024,05,HRV.19.29_1,0.044242175755812414,0.515700481557124
2024,05,HRV.19.2_1,0.043833530387698716,0.4889604565874953
2024,05,HRV.19.30_1,0.04453942973801129,0.539893837482026
2024,05,HRV.19.3_1,0.04405819668347008,0.5029671363334913
2024,05,HRV.19.4_1,0.0442421757558124,0.515700481557124
2024,05,HRV.19.5_1,0.04439146326371853,0.5271604922583933
2024,05,HRV.19.6_1,0.044134088959557644,0.5080604744229444
2024,05,HRV.19.7_1,0.044170882857510675,0.5106071434676709
2024,05,HRV.19.8_1,0.04379014681211762,0.48641378754276865
2024,05,HRV.19.9_1,0.044407105221531205,0.5284338267807566
2024,05,HRV.1_1,0.044932709493486225,0.5882805493318303
2024,05,HRV.2.10_1,0.04488016363315862,0.5793672076752875
2024,05,HRV.2.11_1,0.044511335709159404,0.5373471684372995
2024,05,HRV.2.12_1,0.04488016363315864,0.5793672076752875
2024,05,HRV.2.13_1,0.04422463881073609,0.5144271470347608
2024,05,HRV.2.14_1,0.04484612523579591,0.5742738695858343
2024,05,HRV.2.15_1,0.044715253300136794,0.5577205207951118
2024,05,HRV.2.16_1,0.044871927985115856,0.5780938731529243
2024,05,HRV.2.17_1,0.04477951268818038,0.5653605279292914
2024,05,HRV.2.18_1,0.04464435197937033,0.5500805136609321
2024,05,HRV.2.19_1,0.044170882857510696,0.5106071434676709
2024,05,HRV.2.1_1,0.044748211378063694,0.5615405243622016
2024,05,HRV.2.20_1,0.04442255882091444,0.5297071613031199
2024,05,HRV.2.21_1,0.04431042103246892,0.5207938196465771
2024,05,HRV.2.22_1,0.044096527555874176,0.5055138053782177
2024,05,HRV.2.23_1,0.044452901727768716,0.5322538303478466
2024,05,HRV.2.24_1,0.044888216816401025,0.5806405421976508
2024,05,HRV.2.25_1,0.04383353038769872,0.4889604565874953
2024,05,HRV.2.26_1,0.044259522228055216,0.5169738160794873
2024,05,HRV.2.27_1,0.044809160702477514,0.5691805314963814
2024,05,HRV.2.28_1,0.044259522228055216,0.5169738160794873
2024,05,HRV.2.2_1,0.04490377617894317,0.5831872112423774
2024,05,HRV.2.3_1,0.044925749117099824,0.587007214809467
2024,05,HRV.2.4_1,0.04470389847549451,0.5564471862727485
2024,05,HRV.2.5_1,0.04439146326371856,0.5271604922583933
2024,05,HRV.2.6_1,0.044593378946739023,0.5449871755714792
2024,05,HRV.2.7_1,0.04489608763302966,0.581913876720014
2024,05,HRV.2.8_1,0.0446923590191733,0.55517385175038525
2024,05,HRV.2.9_1,0.044854908890379235,0.5755472041081977
2024,05,HRV.20.10_1,0.045062949896730924,0.6353939266592713
2024,05,HRV.20.11_1,0.04484612523579591,0.5742738695858343
2024,05,HRV.20.12_1,0.044525476153666255,0.5386205029596629
2024,05,HRV.20.13_1,0.04500207355155747,0.6035605636001895
2024,05,HRV.20.14_1,0.04446779142028792,0.5335271648702097
2024,05,HRV.20.15_1,0.045033829705755535,0.6137472397790957
2024,05,HRV.20.16_1,0.044553196637763186,0.5411671720043892
2024,05,HRV.20.17_1,0.045011097464627677,0.6061072326449161
2024,05,HRV.20.18_1,0.044888216816401025,0.5806405421976508
2024,05,HRV.20.19_1,0.04500207355155749,0.6035605636001895
2024,05,HRV.20.1_1,0.04463188716989511,0.548807179138569
2024,05,HRV.20.21_1,0.04505727158457428,0.6468539373605408
2024,05,HRV.20.22_1,0.04505213344736051,0.6226605814356386
2024,05,HRV.20.24_1,0.04495873355638099,0.5933738874212834
2024,05,HRV.20.25_1,0.044748211378063694,0.5615405243622016
2024,05,HRV.20.26_1,0.044737409614434405,0.5602671898398384
2024,05,HRV.20.27_1,0.04487192798511587,0.5780938731529243
2024,05,HRV.20.28_1,0.04486350977178551,0.576820538630561
2024,05,HRV.20.2_1,0.04495873355638097,0.5933738874212834
2024,05,HRV.20.31_1,0.045047806140411956,0.6201139123909121
2024,05,HRV.20.32_1,0.04505573921900463,0.6252072504803651
2024,05,HRV.20.3_1,0.04480916070247753,0.5691805314963814
2024,05,HRV.20.4_1,0.0450153380788654,0.6073805671672793
2024,05,HRV.20.5_1,0.04463188716989511,0.548807179138569
2024,05,HRV.20.6_1,0.04476926278515761,0.5640871934069283
2024,05,HRV.20.9_1,0.04442255882091444,0.5297071613031199
2024,05,HRV.21.10_1,0,0
2024,05,HRV.21.11_1,0,0
2024,05,HRV.21.12_1,0,0
2024,05,HRV.21.13_1,0,0
2024,05,HRV.21.14_1,0,0
2024,05,HRV.21.15_1,0,0
2024,05,HRV.21.16_1,0,0
2024,05,HRV.21.17_1,0,0
2024,05,HRV.21.18_1,0,0
2024,05,HRV.21.19_1,0,0
2024,05,HRV.21.1_1,0,0
2024,05,HRV.21.20_1,0,0
2024,05,HRV.21.21_1,0,0
2024,05,HRV.21.22_1,0,0
2024,05,HRV.21.23_1,0,0
2024,05,HRV.21.24_1,0,0
2024,05,HRV.21.25_1,0,0
2024,05,HRV.21.26_1,0,0
2024,05,HRV.21.27_1,0,0
2024,05,HRV.21.28_1,0,0
2024,05,HRV.21.2_1,0,0
2024,05,HRV.21.3_1,0,0
2024,05,HRV.21.4_1,0,0
2024,05,HRV.21.5_1,0,0
2024,05,HRV.21.6_1,0,0
2024,05,HRV.21.7_1,0,0
2024,05,HRV.21.8_1,0,0
2024,05,HRV.21.9_1,0,0
2024,05,HRV.3.10_1,0.044726423633718336,0.5589938553174753
2024,05,HRV.3.12_1,0.04503698605399397,0.615020574301459
2024,05,HRV.3.13_1,0.04503049275419594,0.6608606171065367
2024,05,HRV.3.14_1,0.04497065621884852,0.5959205564660099
2024,05,HRV.3.15_1,0.045047806140411935,0.6201139123909121
2024,05,HRV.3.16_1,0.044828009175110345,0.5717272005411078
2024,05,HRV.3.17_1,0.0449460848523098,0.6825073039867122
2024,05,HRV.3.18_1,0.04472642363371835,0.5589938553174753
2024,05,HRV.3.19_1,0.04500667597329667,0.6685006242407163
2024,05,HRV.3.1_1,0.04473740961443442,0.7130673325234308
2024,05,HRV.3.21_1,0.044896087633029665,0.581913876720014
2024,05,HRV.3.22_1,0.04506078681456806,0.6430339337934508
2024,05,HRV.3.2_1,0.044871927985115884,0.5780938731529243
2024,05,HRV.3.3_1,0.04506078681456809,0.6430339337934508
2024,05,HRV.3.5_1,0.0450153380788654,0.6659539551959898
2024,05,HRV.3.6_1,0.04491128254774977,0.6888739765985287
2024,05,HRV.3.7_1,0.044818676547198635,0.5704538660187445
2024,05,HRV.3.9_1,0.045011097464627683,0.667227289718353
2024,05,HRV.4.1_1,0,0
2024,05,HRV.4.2_1,0,0
2024,05,HRV.4.3_1,0,0
2024,05,HRV.4.4_1,0,0
2024,05,HRV.4.5_1,0,0
2024,05,HRV.4.6_1,0,0
2024,05,HRV.4.7_1,0.04499729014389236,0.6022872290778261
2024,05,HRV.5.10_1,0.04504780614041194,0.6201139123909121
2024,05,HRV.5.11_1,0.044958733556380984,0.5933738874212834
2024,05,HRV.5.12_1,0.04504275709020369,0.6175672433461855
2024,05,HRV.5.13_1,0.044888216816400976,0.5806405421976508
2024,05,HRV.5.14_1,0.04501533807886542,0.6073805671672793
2024,05,HRV.5.15_1,0.04493270949348623,0.5882805493318303
2024,05,HRV.5.16_1,0.04506159798254749,0.6417605992710876
2024,05,HRV.5.17_1,0.044981853417034916,0.5984672255107363
2024,05,HRV.5.18_1,0.04503698605399399,0.615020574301459
2024,05,HRV.5.19_1,0.04502697515916226,0.6621339516289
2024,05,HRV.5.1_1,0.04506267951713903,0.6392139302263611
2024,05,HRV.5.20_1,0.044854908890379235,0.5755472041081977
2024,05,HRV.5.21_1,0.04504275709020369,0.6557672790170836
2024,05,HRV.5.22_1,0.044680634788120045,0.5539005172280221
2024,05,HRV.5.23_1,0.044880163633158644,0.5793672076752875
2024,05,HRV.5.24_1,0.044939488044467395,0.5895538838541937
2024,05,HRV.5.25_1,0.045050059997982075,0.6213872469132753
2024,05,HRV.5.27_1,0.04504780614041194,0.6532206099723569
2024,05,HRV.5.28_1,0.04497634546628977,0.5971938909883732
2024,05,HRV.5.29_1,0.04505727158457428,0.6264805850027284
2024,05,HRV.5.2_1,0.04502697515916226,0.6112005707343692
2024,05,HRV.5.30_1,0.04503049275419592,0.6124739052567324
2024,05,HRV.5.31_1,0.04505862362856507,0.6277539195250916
2024,05,HRV.5.32_1,0.045019397867122224,0.6086539016896425
2024,05,HRV.5.33_1,0.04491860683078346,0.5857338802871038
2024,05,HRV.5.34_1,0.0450304927541959,0.6124739052567324
2024,05,HRV.5.35_1,0.045047806140411935,0.6201139123909121
2024,05,HRV.5.36_1,0.045050059997982075,0.6213872469132753
2024,05,HRV.5.37_1,0.04505573921900463,0.6252072504803651
2024,05,HRV.5.38_1,0.04506159798254747,0.6315739230921815
2024,05,HRV.5.39_1,0.04499729014389235,0.6022872290778261
2024,05,HRV.5.3_1,0.04505573921900463,0.6481272718829041
2024,05,HRV.5.40_1,0.044566777025925694,0.5424405065267526
2024,05,HRV.5.4_1,0.04504537184757093,0.6188405778685487
2024,05,HRV.5.5_1,0.04502697515916226,0.6112005707343692
2024,05,HRV.5.6_1,0.04496478560589439,0.5946472219436467
2024,05,HRV.5.7_1,0.04506294989673093,0.6353939266592713
2024,05,HRV.5.8_1,0.04501939786712222,0.6086539016896425
2024,05,HRV.5.9_1,0.045036986053993984,0.615020574301459
2024,05,HRV.6.10_1,0,0
2024,05,HRV.6.11_1,0,0
2024,05,HRV.6.12_1,0.04505727158457427,0.6264805850027284
2024,05,HRV.6.13_1,0,0
2024,05,HRV.6.14_1,0.04506159798254749,0.6315739230921815
2024,05,HRV.6.15_1,0.04503996183688022,0.6570406135394469
2024,05,HRV.6.16_1,0,0
2024,05,HRV.6.17_1,0.04506078681456809,0.6303005885698182
2024,05,HRV.6.18_1,0,0
2024,05,HRV.6.19_1,0,0
2024,05,HRV.6.1_1,0,0
2024,05,HRV.6.20_1,0,0
2024,05,HRV.6.21_1,0,0
2024,05,HRV.6.2_1,0,0
2024,05,HRV.6.3_1,0,0
2024,05,HRV.6.4_1,0,0
2024,05,HRV.6.5_1,0,0
2024,05,HRV.6.6_1,0,0
2024,05,HRV.6.7_1,0,0
2024,05,HRV.6.8_1,0,0
2024,05,HRV.6.9_1,0,0
2024,05,HRV.7.10_1,0,0
2024,05,HRV.7.11_1,0,0
2024,05,HRV.7.12_1,0,0
2024,05,HRV.7.13_1,0,0
2024,05,HRV.7.14_1,0.04487192798511585,0.5780938731529243
2024,05,HRV.7.15_1,0.04465663141739483,0.5513538481832956
2024,05,HRV.7.16_1,0,0
2024,05,HRV.7.17_1,0,0
2024,05,HRV.7.18_1,0.04431042103246892,0.5207938196465771
2024,05,HRV.7.19_1,0,0
2024,05,HRV.7.1_1,0,0
2024,05,HRV.7.20_1,0.044482493524501086,0.5348004993925731
2024,05,HRV.7.21_1,0.04482800917511034,0.5717272005411078
2024,05,HRV.7.22_1,0,0
2024,05,HRV.7.23_1,0,0
2024,05,HRV.7.24_1,0.04481867654719865,0.5704538660187445
2024,05,HRV.7.25_1,0,0
2024,05,HRV.7.2_1,0,0
2024,05,HRV.7.3_1,0,0
2024,05,HRV.7.4_1,0.04417088285751072,0.5106071434676709
2024,05,HRV.7.5_1,0.0442936446467089,0.5195204851242137
2024,05,HRV.7.6_1,0.044854908890379235,0.5755472041081977
2024,05,HRV.7.7_1,0,0
2024,05,HRV.7.8_1,0,0
2024,05,HRV.7.9_1,0.04501109746462764,0.6061072326449161
2024,05,HRV.8.10_1,0,0
2024,05,HRV.8.11_1,0,0
2024,05,HRV.8.12_1,0,0
2024,05,HRV.8.13_1,0,0
2024,05,HRV.8.14_1,0,0
2024,05,HRV.8.15_1,0,0
2024,05,HRV.8.16_1,0.044809160702477535,0.5691805314963814
2024,05,HRV.8.17_1,0,0
2024,05,HRV.8.18_1,0,0
2024,05,HRV.8.19_1,0,0
2024,05,HRV.8.1_1,0,0
2024,05,HRV.8.20_1,0,0
2024,05,HRV.8.21_1,0,0
2024,05,HRV.8.22_1,0,0
2024,05,HRV.8.23_1,0,0
2024,05,HRV.8.24_1,0,0
2024,05,HRV.8.25_1,0,0
2024,05,HRV.8.26_1,0,0
2024,05,HRV.8.27_1,0,0
2024,05,HRV.8.28_1,0,0
2024,05,HRV.8.29_1,0,0
2024,05,HRV.8.2_1,0.044680634788120045,0.5539005172280221
2024,05,HRV.8.30_1,0,0
2024,05,HRV.8.31_1,0,0
2024,05,HRV.8.32_1,0,0
2024,05,HRV.8.3_1,0,0
2024,05,HRV.8.4_1,0,0
2024,05,HRV.8.5_1,0.04491128254774975,0.5844605457647406
2024,05,HRV.8.6_1,0,0
2024,05,HRV.8.7_1,0.04451133570915942,0.5373471684372995
2024,05,HRV.8.8_1,0,0
2024,05,HRV.8.9_1,0,0
2024,05,HRV.9.10_1,0.045039961836880214,0.6162939088238222
2024,05,HRV.9.11_1,0.04501939786712218,0.6086539016896425
2024,05,HRV.9.12_1,0.04500207355155753,0.6035605636001895
2024,05,HRV.9.1_1,0.04502327687831445,0.6634072861512633
2024,05,HRV.9.2_1,0.045047806140411956,0.6201139123909121
2024,05,HRV.9.3_1,0.04502327687831444,0.6099272362120061
2024,05,HRV.9.4_1,0.044715253300136794,0.5577205207951118
2024,05,HRV.9.5_1,0.04483715870061924,0.573000535063471
2024,05,HRV.9.6_1,0.044952499997026725,0.5921005528989203
2024,05,HRV.9.7_1,0.04506159798254748,0.6417605992710876
2024,05,HRV.9.8_1,0.044958733556380984,0.5933738874212834
2024,05,HRV.9.9_1,0.04502697515916225,0.6112005707343692
2024,05,HUN.1.10_1,0.04204166697744381,0.40746704715624604
2024,05,HUN.1.1_1,0.04214500189795152,0.411287050723336
2024,05,HUN.1.2_1,0.04301564000031943,0.4469404173495074
2024,05,HUN.1.3_1,0.04175629896322318,0.39728037097734004
2024,05,HUN.1.4_1,0.04224635367613272,0.4151070542904258
2024,05,HUN.1.5_1,0.04114174114055873,0.3769070186195277
2024,05,HUN.1.6_1,0.04214500189795178,0.411287050723336
2024,05,HUN.1.7_1,0.04234573655155822,0.4189270578575156
2024,05,HUN.1.8_1,0.04137915950488873,0.3845470257537073
2024,05,HUN.1.9_1,0.04182898863723295,0.3998270400220666
2024,05,HUN.10.1_1,0.04372359745650561,0.482593783975679
2024,05,HUN.10.2_1,0.04387613056081088,0.4915071256322219
2024,05,HUN.10.3_1,0.043338463590693474,0.4622204316178667
2024,05,HUN.10.4_1,0.0434145849902935,0.46604043518495647
2024,05,HUN.10.5_1,0.04356139449647985,0.4736804423191361
2024,05,HUN.10.6_1,0.04272384974343317,0.4342070721258747
2024,05,HUN.10.7_1,0.04391794961114285,0.49405379467694843
2024,05,HUN.11.1_1,0.04234573655155824,0.4189270578575156
2024,05,HUN.11.2_1,0.042662967574990406,0.43166040308114817
2024,05,HUN.11.3_1,0.04179275678236922,0.39855370549970315
2024,05,HUN.11.4_1,0.04186499511449519,0.4011003745444298
2024,05,HUN.11.5_1,0.04118189902336556,0.37818035314189086
2024,05,HUN.11.6_1,0.0429302978935883,0.4431204137824176
2024,05,HUN.11.7_1,0.04217900546143508,0.4125603852456991
2024,05,HUN.12.1_1,0.043790146812117625,0.48641378754276865
2024,05,HUN.12.2_1,0.04376816052205841,0.48514045302040554
2024,05,HUN.12.3_1,0.043043672352594924,0.4482137518718707
2024,05,HUN.12.4_1,0.04323412971881568,0.4571270935284136
2024,05,HUN.12.5_1,0.04360873109037387,0.47622711136386264
2024,05,HUN.12.6_1,0.044019094332235505,0.5004204672887649
2024,05,HUN.12.7_1,0.04320753690650735,0.4558537590060502
2024,05,HUN.13.1_1,0.044170882857510696,0.5106071434676709
2024,05,HUN.13.2_1,0.04381193666968341,0.4876871220651321
2024,05,HUN.13.3_1,0.04312653002451148,0.4520337554389605
2024,05,HUN.13.4_1,0.04372359745650561,0.482593783975679
2024,05,HUN.13.5_1,0.043854928255893565,0.49023379110985876
2024,05,HUN.13.6_1,0.0440965275558742,0.5055138053782177
2024,05,HUN.14.10_1,0.04346432412636075,0.468587104229683
2024,05,HUN.14.11_1,0.04241090481351479,0.421473726902242
2024,05,HUN.14.12_1,0.04304367235259491,0.4482137518718707
2024,05,HUN.14.13_1,0.043897137585819854,0.49278046015458515
2024,05,HUN.14.14_1,0.043999253210876145,0.4991471327664015
2024,05,HUN.14.15_1,0.0434888921975641,0.4698604387520463
2024,05,HUN.14.1_1,0.043207536906507374,0.4558537590060502
2024,05,HUN.14.2_1,0.042179005461435076,0.4125603852456991
2024,05,HUN.14.3_1,0.04231282683134703,0.4176537233351523
2024,05,HUN.14.4_1,0.04301564000031943,0.4469404173495074
2024,05,HUN.14.5_1,0.04269351463995867,0.43293373760351145
2024,05,HUN.14.6_1,0.04260123573357263,0.4291137340364218
2024,05,HUN.14.7_1,0.04257005003236283,0.4278403995140585
2024,05,HUN.14.8_1,0.04269351463995867,0.43293373760351145
2024,05,HUN.14.9_1,0.04247520816223874,0.4240203959469687
2024,05,HUN.15.10_1,0.043153737442231714,0.4533070899613238
2024,05,HUN.15.1_1,0.04407745842778294,0.5042404708558544
2024,05,HUN.15.2_1,0.04385492825589356,0.49023379110985876
2024,05,HUN.15.3_1,0.04442255882091444,0.5297071613031199
2024,05,HUN.15.4_1,0.04391794961114285,0.49405379467694843
2024,05,HUN.15.5_1,0.043917949611142856,0.49405379467694843
2024,05,HUN.15.6_1,0.04405819668347008,0.5029671363334913
2024,05,HUN.15.7_1,0.044134088959557644,0.5080604744229444
2024,05,HUN.15.8_1,0.044242175755812414,0.515700481557124
2024,05,HUN.15.9_1,0.043655272103891384,0.4787737804085892
2024,05,HUN.16.10_1,0.042110777988779234,0.4100137162009727
2024,05,HUN.16.11_1,0.04179275678236921,0.39855370549970315
2024,05,HUN.16.1_1,0.041181899023365574,0.37818035314189086
2024,05,HUN.16.2_1,0.04122182073664344,0.37945368766425425
2024,05,HUN.16.3_1,0.03972751065685412,0.33616031390390305
2024,05,HUN.16.4_1,0.0420763331962466,0.40874038167860943
2024,05,HUN.16.5_1,0.04097873396647384,0.37181368053007446
2024,05,HUN.16.6_1,0.04137915950488875,0.3845470257537073
2024,05,HUN.16.7_1,0.04118189902336558,0.37818035314189086
2024,05,HUN.16.8_1,0.03977563198170252,0.33743364842626633
2024,05,HUN.16.9_1,0.04200677878417287,0.40619371263388293
2024,05,HUN.17.1_1,0.043745977503330376,0.48386711849804226
2024,05,HUN.17.2_1,0.04365527210389137,0.4787737804085892
2024,05,HUN.17.3_1,0.0420763331962466,0.40874038167860943
2024,05,HUN.17.4_1,0.04320753690650737,0.4558537590060502
2024,05,HUN.17.5_1,0.04360873109037388,0.47622711136386264
2024,05,HUN.18.1_1,0.0442936446467089,0.5195204851242137
2024,05,HUN.18.2_1,0.044359613473385295,0.5246138232136668
2024,05,HUN.18.3_1,0.044809160702477535,0.5691805314963814
2024,05,HUN.18.4_1,0.04432700782412194,0.5220671541689402
2024,05,HUN.18.5_1,0.04477951268818038,0.5653605279292914
2024,05,HUN.18.6_1,0.044715253300136794,0.5577205207951118
2024,05,HUN.18.7_1,0.044525476153666095,0.5386205029596629
2024,05,HUN.18.8_1,0.04407745842778293,0.5042404708558544
2024,05,HUN.18.9_1,0.044259522228055244,0.5169738160794873
2024,05,HUN.19.1_1,0.04405819668347009,0.5029671363334913
2024,05,HUN.19.2_1,0.044077458427782934,0.5042404708558544
2024,05,HUN.19.3_1,0.04379014681211762,0.48641378754276865
2024,05,HUN.19.4_1,0.04379014681211762,0.48641378754276865
2024,05,HUN.19.5_1,0.044224638810736114,0.5144271470347608
2024,05,HUN.19.6_1,0.04425952222805524,0.5169738160794873
2024,05,HUN.19.7_1,0.04379014681211764,0.48641378754276865
2024,05,HUN.19.8_1,0.044525476153666255,0.5386205029596629
2024,05,HUN.19.9_1,0.04333846359069348,0.4622204316178667
2024,05,HUN.2.1_1,0.04385492825589356,0.49023379110985876
2024,05,HUN.2.2_1,0.043608731090373866,0.47622711136386264
2024,05,HUN.2.3_1,0.043043672352594944,0.4482137518718707
2024,05,HUN.2.4_1,0.04221278921171477,0.4138337197680624
2024,05,HUN.2.5_1,0.04401909433223551,0.5004204672887649
2024,05,HUN.2.6_1,0.04409652755587417,0.5055138053782177
2024,05,HUN.2.7_1,0.043561394496479854,0.4736804423191361
2024,05,HUN.2.8_1,0.04320753690650736,0.4558537590060502
2024,05,HUN.2.9_1,0.04376816052205841,0.48514045302040554
2024,05,HUN.20.1_1,0.044152581725889706,0.5093338089453078
2024,05,HUN.20.2_1,0.04469235901917333,0.55517385175038525
2024,05,HUN.20.3_1,0.044511335709159446,0.5373471684372995
2024,05,HUN.20.4_1,0.04443782425837734,0.5309804958254832
2024,05,HUN.20.5_1,0.044152581725889685,0.5093338089453078
2024,05,HUN.20.6_1,0.04476926278515761,0.5640871934069283
2024,05,HUN.3.1_1,0.04186499511449518,0.4011003745444298
2024,05,HUN.3.2_1,0.041645563767224815,0.3934603674102501
2024,05,HUN.3.3_1,0.0424109048135148,0.421473726902242
2024,05,HUN.3.4_1,0.042843079499982346,0.4393004102153278
2024,05,HUN.3.5_1,0.04250703672284078,0.42529373046933183
2024,05,HUN.3.6_1,0.04241090481351482,0.421473726902242
2024,05,HUN.3.7_1,0.04257005003236282,0.4278403995140585
2024,05,HUN.3.8_1,0.04312653002451148,0.4520337554389605
2024,05,HUN.4.10_1,0.042813587774644286,0.4380270756929645
2024,05,HUN.4.11_1,0.041379159504888734,0.3845470257537073
2024,05,HUN.4.12_1,0.04137915950488873,0.3845470257537073
2024,05,HUN.4.13_1,0.042601235733572614,0.4291137340364218
2024,05,HUN.4.14_1,0.04231282683134703,0.4176537233351523
2024,05,HUN.4.15_1,0.04134017568105076,0.3832736912313441
2024,05,HUN.4.1_1,0.04160819610898021,0.3921870328878869
2024,05,HUN.4.2_1,0.0416455637672248,0.3934603674102501
2024,05,HUN.4.3_1,0.04241090481351478,0.421473726902242
2024,05,HUN.4.4_1,0.04179275678236922,0.39855370549970315
2024,05,HUN.4.5_1,0.04250703672284078,0.42529373046933183
2024,05,HUN.4.6_1,0.04307149787431736,0.4494870863942341
2024,05,HUN.4.7_1,0.04160819610898021,0.3921870328878869
2024,05,HUN.4.8_1,0.04160819610898021,0.3921870328878869
2024,05,HUN.4.9_1,0.04405819668347008,0.5029671363334913
2024,05,HUN.5.1_1,0.04348889219756411,0.4698604387520463
2024,05,HUN.6.1_1,0.04171961458740141,0.3960070364549766
2024,05,HUN.6.2_1,0.042475208162238744,0.4240203959469687
2024,05,HUN.6.3_1,0.041828988637232944,0.3998270400220666
2024,05,HUN.6.4_1,0.042753973336591415,0.4354804066482381
2024,05,HUN.6.5_1,0.04137915950488873,0.3845470257537073
2024,05,HUN.6.6_1,0.04072701726132468,0.364173673395895
2024,05,HUN.6.7_1,0.04153277321692308,0.3896403638431604
2024,05,HUN.7.10_1,0.043561394496479854,0.4736804423191361
2024,05,HUN.7.1_1,0.043015640000319405,0.4469404173495074
2024,05,HUN.7.2_1,0.04295895318154836,0.4443937483047809
2024,05,HUN.7.3_1,0.043364039552548535,0.4634937661402299
2024,05,HUN.7.4_1,0.04217900546143506,0.4125603852456991
2024,05,HUN.7.5_1,0.04395898976798768,0.4966004637216748
2024,05,HUN.7.6_1,0.04298740041286644,0.4456670828271442
2024,05,HUN.7.7_1,0.0431807396079606,0.4545804244836871
2024,05,HUN.7.8_1,0.04348889219756412,0.4698604387520463
2024,05,HUN.7.9_1,0.04312653002451148,0.4520337554389605
2024,05,HUN.8.1_1,0.04372359745650561,0.482593783975679
2024,05,HUN.8.2_1,0.043833530387698716,0.4889604565874953
2024,05,HUN.8.3_1,0.04376816052205841,0.48514045302040554
2024,05,HUN.8.4_1,0.04376816052205841,0.48514045302040554
2024,05,HUN.8.5_1,0.043561394496479854,0.4736804423191361
2024,05,HUN.8.6_1,0.04460640081267502,0.5462605100938425
2024,05,HUN.8.7_1,0.04363210088454356,0.4775004458862259
2024,05,HUN.9.1_1,0.0422796993769415,0.41638038881278894
2024,05,HUN.9.2_1,0.042601235733572634,0.4291137340364218
2024,05,HUN.9.3_1,0.04122182073664345,0.37945368766425425
2024,05,HUN.9.4_1,0.04193633425468659,0.4036470435891564
2024,05,HUN.9.5_1,0.04157059946616277,0.39091369836552353
2024,05,HUN.9.6_1,0.04207633319624662,0.40874038167860943
2024,05,HUN.9.7_1,0.04304367235259492,0.4482137518718707
2024,05,HUN.9.8_1,0.0417196145874014,0.3960070364549766
2024,05,HUN.9.9_1,0.042570050032362826,0.4278403995140585
2024,05,IRL.1.1_1,0.04493270949348622,0.5882805493318303
2024,05,IRL.1.2_1,0.04459337894673903,0.5449871755714792
2024,05,IRL.1.3_1,0.0447692627851576,0.5640871934069283
2024,05,IRL.10.1_1,0.045047806140411956,0.6201139123909121
2024,05,IRL.10.2_1,0.04479946152419561,0.5679071969740179
2024,05,IRL.10.4_1,0.04505979536720728,0.629027254047455
2024,05,IRL.11.1_1,0.04482800917511036,0.5717272005411078
2024,05,IRL.11.2_1,0.04503382970575554,0.6137472397790957
2024,05,IRL.11.3_1,0.045047806140411956,0.6201139123909121
2024,05,IRL.12.1_1,0.04494608485230981,0.5908272183765568
2024,05,IRL.12.3_1,0.04502697515916226,0.6112005707343692
2024,05,IRL.13.2_1,0.04497634546628979,0.5971938909883732
2024,05,IRL.13.3_1,0.04481867654719863,0.5704538660187445
2024,05,IRL.13.4_1,0.04480916070247753,0.5691805314963814
2024,05,IRL.14.1_1,0.04502697515916225,0.6112005707343692
2024,05,IRL.14.2_1,0.044818676547198635,0.5704538660187445
2024,05,IRL.15.1_1,0.04505727158457427,0.6264805850027284
2024,05,IRL.15.2_1,0.04505862362856507,0.6277539195250916
2024,05,IRL.15.3_1,0.04503996183688022,0.6162939088238222
2024,05,IRL.16.2_1,0.0450304927541959,0.6124739052567324
2024,05,IRL.16.3_1,0.04504275709020368,0.6175672433461855
2024,05,IRL.17.1_1,0.04495249999702671,0.5921005528989203
2024,05,IRL.17.2_1,0.044854908890379235,0.5755472041081977
2024,05,IRL.17.3_1,0.04501939786712222,0.6086539016896425
2024,05,IRL.17.4_1,0.04485490889037924,0.5755472041081977
2024,05,IRL.17.5_1,0.04503996183688022,0.6162939088238222
2024,05,IRL.17.6_1,0.0449763454662898,0.5971938909883732
2024,05,IRL.18.1_1,0.0450153380788654,0.6073805671672793
2024,05,IRL.18.2_1,0.045033829705755535,0.6137472397790957
2024,05,IRL.18.3_1,0.04502327687831445,0.6099272362120061
2024,05,IRL.19.1_1,0.04495249999702671,0.5921005528989203
2024,05,IRL.19.2_1,0.04484612523579591,0.5742738695858343
2024,05,IRL.19.3_1,0.04486350977178548,0.576820538630561
2024,05,IRL.2.1_1,0.04477951268818038,0.5653605279292914
2024,05,IRL.2.2_1,0.04491860683078344,0.5857338802871038
2024,05,IRL.2.3_1,0.04503698605399399,0.615020574301459
2024,05,IRL.20.1_1,0.04480916070247756,0.5691805314963814
2024,05,IRL.20.3_1,0.04505402651345548,0.6494006064052672
2024,05,IRL.22.3_1,0.04489608763302966,0.581913876720014
2024,05,IRL.22.4_1,0.045057271584574274,0.6264805850027284
2024,05,IRL.22.5_1,0.04496478560589435,0.5946472219436467
2024,05,IRL.23.2_1,0.04505213344736053,0.6506739409276304
2024,05,IRL.23.3_1,0.04501939786712222,0.6086539016896425
2024,05,IRL.24.1_1,0.045006675973296675,0.6048338981225528
2024,05,IRL.24.2_1,0.04506267951713901,0.634120592136908
2024,05,IRL.25.1_1,0.04503049275419591,0.6124739052567324
2024,05,IRL.25.2_1,0.04505402651345549,0.6239339159580019
2024,05,IRL.25.3_1,0.04506267951713901,0.634120592136908
2024,05,IRL.25.4_1,0.04503996183688022,0.6570406135394469
2024,05,IRL.25.5_1,0.04501939786712223,0.6646806206736265
2024,05,IRL.26.1_1,0.04499232569257682,0.601013894555463
2024,05,IRL.26.2_1,0.0450153380788654,0.6073805671672793
2024,05,IRL.26.3_1,0.04495873355638099,0.5933738874212834
2024,05,IRL.26.4_1,0.045057271584574295,0.6468539373605408
2024,05,IRL.26.5_1,0.04505979536720728,0.629027254047455
2024,05,IRL.3.1_1,0.044932709493486225,0.5882805493318303
2024,05,IRL.3.2_1,0.044911282547749766,0.5844605457647406
2024,05,IRL.3.3_1,0.04499729014389237,0.6022872290778261
2024,05,IRL.3.4_1,0.04503382970575553,0.6137472397790957
2024,05,IRL.4.1_1,0.045033829705755535,0.6137472397790957
2024,05,IRL.4.2_1,0.04506294989673093,0.6353939266592713
2024,05,IRL.4.3_1,0.045057271584574274,0.6468539373605408
2024,05,IRL.4.4_1,0.045050059997982075,0.6213872469132753
2024,05,IRL.4.5_1,0.04505402651345545,0.6239339159580019
2024,05,IRL.4.6_1,0.04503698605399397,0.615020574301459
2024,05,IRL.4.7_1,0.04494608485230981,0.5908272183765568
2024,05,IRL.4.8_1,0.045011097464627683,0.6061072326449161
2024,05,IRL.4.9_1,0.04504537184757092,0.6188405778685487
2024,05,IRL.5.1_1,0.04504780614041194,0.6201139123909121
2024,05,IRL.5.2_1,0.04488016363315864,0.5793672076752875
2024,05,IRL.5.3_1,0.04504780614041194,0.6532206099723569
2024,05,IRL.5.4_1,0.04503996183688022,0.6162939088238222
2024,05,IRL.5.5_1,0.045050059997982075,0.6519472754499938
2024,05,IRL.6.1_1,0.04505402651345551,0.6494006064052672
2024,05,IRL.6.2_1,0.04503698605399398,0.6583139480618101
2024,05,IRL.6.3_1,0.045011097464627683,0.6061072326449161
2024,05,IRL.6.4_1,0.04500207355155748,0.6035605636001895
2024,05,IRL.7.1_1,0.04489608763302967,0.581913876720014
2024,05,IRL.7.2_1,0.04473740961443441,0.5602671898398384
2024,05,IRL.7.3_1,0.0450153380788654,0.6073805671672793
2024,05,IRL.7.4_1,0.044981853417034916,0.5984672255107363
2024,05,IRL.7.5_1,0.04493270949348623,0.5882805493318303
2024,05,IRL.7.6_1,0.04478957889325028,0.5666338624516548
2024,05,IRL.8.1_1,0.04486350977178548,0.576820538630561
2024,05,IRL.8.2_1,0.044903776178943165,0.5831872112423774
2024,05,IRL.8.3_1,0.04502697515916226,0.6112005707343692
2024,05,IRL.8.4_1,0.04478957889325028,0.5666338624516548
2024,05,IRL.8.5_1,0.04493270949348622,0.5882805493318303
2024,05,IRL.9.1_1,0.04502697515916226,0.6112005707343692
2024,05,IRL.9.2_1,0.04502327687831445,0.6099272362120061
2024,05,IRL.9.3_1,0.044952499997026725,0.5921005528989203
2024,05,IRL.9.4_1,0.044970656218848507,0.5959205564660099
2024,05,IRL.9.5_1,0.04503382970575553,0.6137472397790957
2024,05,ISL.1.10_1,0,0
2024,05,ISL.1.11_1,0,0
2024,05,ISL.1.12_1,0,0
2024,05,ISL.1.13_1,0,0
2024,05,ISL.1.14_1,0,0
2024,05,ISL.1.15_1,0,0
2024,05,ISL.1.16_1,0,0
2024,05,ISL.1.1_1,0,0
2024,05,ISL.1.2_1,0,0
2024,05,ISL.1.3_1,0,0
2024,05,ISL.1.4_1,0,0
2024,05,ISL.1.5_1,0,0
2024,05,ISL.1.6_1,0,0
2024,05,ISL.1.7_1,0,0
2024,05,ISL.1.8_1,0,0
2024,05,ISL.1.9_1,0,0
2024,05,ISL.2.10_1,0,0
2024,05,ISL.2.11_1,0,0
2024,05,ISL.2.12_1,0,0
2024,05,ISL.2.13_1,0,0
2024,05,ISL.2.14_1,0,0
2024,05,ISL.2.15_1,0,0
2024,05,ISL.2.16_1,0,0
2024,05,ISL.2.17_1,0,0
2024,05,ISL.2.18_1,0,0
2024,05,ISL.2.19_1,0,0
2024,05,ISL.2.1_1,0,0
2024,05,ISL.2.20_1,0,0
2024,05,ISL.2.21_1,0,0
2024,05,ISL.2.22_1,0,0
2024,05,ISL.2.23_1,0,0
2024,05,ISL.2.24_1,0,0
2024,05,ISL.2.25_1,0,0
2024,05,ISL.2.2_1,0,0
2024,05,ISL.2.3_1,0,0
2024,05,ISL.2.4_1,0,0
2024,05,ISL.2.5_1,0,0
2024,05,ISL.2.6_1,0,0
2024,05,ISL.2.7_1,0,0
2024,05,ISL.2.9_1,0,0
2024,05,ISL.3.1_1,0,0
2024,05,ISL.3.2_1,0,0
2024,05,ISL.3.3_1,0,0
2024,05,ISL.3.4_1,0,0
2024,05,ISL.3.5_1,0,0
2024,05,ISL.3.6_1,0,0
2024,05,ISL.3.7_1,0,0
2024,05,ISL.4.10_1,0,0
2024,05,ISL.4.11_1,0,0
2024,05,ISL.4.12_1,0,0
2024,05,ISL.4.13_1,0,0
2024,05,ISL.4.1_1,0,0
2024,05,ISL.4.2_1,0,0
2024,05,ISL.4.3_1,0,0
2024,05,ISL.4.4_1,0,0
2024,05,ISL.4.5_1,0,0
2024,05,ISL.4.6_1,0,0
2024,05,ISL.4.7_1,0,0
2024,05,ISL.4.8_1,0,0
2024,05,ISL.4.9_1,0,0
2024,05,ISL.5.10_1,0,0
2024,05,ISL.5.11_1,0,0
2024,05,ISL.5.12_1,0,0
2024,05,ISL.5.13_1,0,0
2024,05,ISL.5.14_1,0,0
2024,05,ISL.5.15_1,0,0
2024,05,ISL.5.16_1,0,0
2024,05,ISL.5.17_1,0,0
2024,05,ISL.5.18_1,0,0
2024,05,ISL.5.19_1,0,0
2024,05,ISL.5.1_1,0,0
2024,05,ISL.5.20_1,0,0
2024,05,ISL.5.21_1,0,0
2024,05,ISL.5.22_1,0,0
2024,05,ISL.5.23_1,0,0
2024,05,ISL.5.25_1,0,0
2024,05,ISL.5.26_1,0,0
2024,05,ISL.5.27_1,0,0
2024,05,ISL.5.2_1,0,0
2024,05,ISL.5.3_1,0,0
2024,05,ISL.5.4_1,0,0
2024,05,ISL.5.5_1,0,0
2024,05,ISL.5.6_1,0,0
2024,05,ISL.5.7_1,0,0
2024,05,ISL.5.8_1,0,0
2024,05,ISL.5.9_1,0,0
2024,05,ISL.6.1_1,0,0
2024,05,ISL.6.2_1,0,0
2024,05,ISL.6.3_1,0,0
2024,05,ISL.6.4_1,0,0
2024,05,ISL.7.10_1,0,0
2024,05,ISL.7.11_1,0,0
2024,05,ISL.7.1_1,0,0
2024,05,ISL.7.2_1,0,0
2024,05,ISL.7.3_1,0,0
2024,05,ISL.7.4_1,0,0
2024,05,ISL.7.5_1,0,0
2024,05,ISL.7.6_1,0,0
2024,05,ISL.7.7_1,0,0
2024,05,ISL.7.8_1,0,0
2024,05,ISL.7.9_1,0,0
2024,05,ISL.8.11_1,0,0
2024,05,ISL.8.12_1,0,0
2024,05,ISL.8.13_1,0,0
2024,05,ISL.8.14_1,0,0
2024,05,ISL.8.15_1,0,0
2024,05,ISL.8.16_1,0,0
2024,05,ISL.8.1_1,0,0
2024,05,ISL.8.2_1,0,0
2024,05,ISL.8.3_1,0,0
2024,05,ISL.8.4_1,0,0
2024,05,ISL.8.5_1,0,0
2024,05,ISL.8.6_1,0,0
2024,05,ISL.8.7_1,0,0
2024,05,ISL.8.8_1,0,0
2024,05,ISL.8.9_1,0,0
2024,05,ITA.1.1_1,0.45181009355326296,0.6662012704106973
2024,05,ITA.1.2_1,0.4632228890935152,0.6708632517615889
2024,05,ITA.1.3_1,0.30325088995304145,0.7003260518731904
2024,05,ITA.1.4_1,0.30379696869380607,0.7267055982813155
2024,05,ITA.10.10_1,0.6207081345456521,0.7955466104778183
2024,05,ITA.10.11_1,0.3965499591037601,0.7446557685023608
2024,05,ITA.10.12_1,0.5343255145570711,0.7696860778055881
2024,05,ITA.10.1_1,0.7018772616892891,0.8166711406241776
2024,05,ITA.10.2_1,0.6461315873305611,0.7922869703278548
2024,05,ITA.10.3_1,0.5712620095449703,0.7822477726365987
2024,05,ITA.10.4_1,0.4829641358235616,0.8032344124277243
2024,05,ITA.10.5_1,0.2507409430685493,0.7832934053981886
2024,05,ITA.10.6_1,0.3546411204853317,0.8077717249931163
2024,05,ITA.10.7_1,0.376756940436131,0.781124439763022
2024,05,ITA.10.8_1,0.5193812887481997,0.8107522717759947
2024,05,ITA.10.9_1,0.3309721721653786,0.8134955658144069
2024,05,ITA.11.1_1,0.3033598201898827,0.6307237072395605
2024,05,ITA.11.2_1,0.2580775842400718,0.7656592271981159
2024,05,ITA.11.3_1,0.27965167047270356,0.7182989218125825
2024,05,ITA.11.4_1,0.3340279839230516,0.6299555314697783
2024,05,ITA.11.5_1,0.36520953721658356,0.6775742056569006
2024,05,ITA.12.1_1,0.40471064814163993,0.6405000207234273
2024,05,ITA.12.2_1,0.32369743685829255,0.7293591464192063
2024,05,ITA.13.1_1,0.6205682796651124,0.8008983754559711
2024,05,ITA.13.2_1,0.48915290423284297,0.8159848519051802
2024,05,ITA.13.3_1,0.4077724487714428,0.7926822109075015
2024,05,ITA.13.4_1,0.7108330950569945,0.783545384976001
2024,05,ITA.13.5_1,0.42242086025887504,0.8098786890005357
2024,05,ITA.13.6_1,0.7969796923389731,0.7484292349047218
2024,05,ITA.13.7_1,0.39117397510898216,0.7261659366643232
2024,05,ITA.13.8_1,0.41758539849370946,0.8050668091906924
2024,05,ITA.14.1_1,0.3251979520776999,0.516731833822219
2024,05,ITA.14.2_1,0.1979231099173206,0.5449749088484176
2024,05,ITA.14.3_1,0.23046084575503317,0.5675837070178681
2024,05,ITA.14.4_1,0.35672700583131084,0.5584689521101672
2024,05,ITA.14.5_1,0.21305435512944607,0.5788491911097502
2024,05,ITA.14.6_1,0.20728030512208304,0.6424370608392211
2024,05,ITA.14.7_1,0.4127650983649816,0.6793771490212954
2024,05,ITA.14.8_1,0.36006912030058164,0.6674556813591964
2024,05,ITA.15.1_1,0.2787001373565895,0.5796490679526891
2024,05,ITA.15.2_1,0.1995124557669702,0.5109515002255083
2024,05,ITA.15.3_1,0.32886489163870547,0.5799846886376181
2024,05,ITA.15.4_1,0.14778849763233232,0.33564454331364474
2024,05,ITA.15.5_1,0.4429244163657906,0.7118354134816005
2024,05,ITA.15.6_1,0.3904012434960964,0.6212466446804122
2024,05,ITA.15.7_1,0.15296482827554686,0.6575413337405752
2024,05,ITA.15.8_1,0.19475090614944401,0.5925348566464465
2024,05,ITA.15.9_1,0.20587172022653655,0.6111295215368404
2024,05,ITA.16.10_1,0.2687426267488345,0.7049653907023514
2024,05,ITA.16.1_1,0.1732582647007016,0.6915971859163409
2024,05,ITA.16.2_1,0.2975493662546968,0.7212620704827194
2024,05,ITA.16.3_1,0.22897548322888028,0.7329970700172729
2024,05,ITA.16.4_1,0.14241768682378353,0.7880366296489751
2024,05,ITA.16.5_1,0.26594532529685194,0.7545523260282329
2024,05,ITA.16.6_1,0.14226084135029485,0.7626551845763507
2024,05,ITA.16.7_1,0.28104527265911855,0.7710527471474697
2024,05,ITA.16.8_1,0.2107388279547619,0.7364445065440214
2024,05,ITA.16.9_1,0.1188414466313067,0.7109955913855557
2024,05,ITA.17.1_1,0.47831029813375114,0.6522273412151595
2024,05,ITA.17.2_1,0.6687939840184036,0.720960789460493
2024,05,ITA.18.1_1,0.34192949888006335,0.6630051738816488
2024,05,ITA.18.2_1,0.2569530421582028,0.6925177938195517
2024,05,ITA.19.1_1,0.20388240474490152,0.6612579750504453
2024,05,ITA.2.1_1,0.28194762626170083,0.6146271253275679
2024,05,ITA.2.2_1,0.13761358215742436,0.5597219766027781
2024,05,ITA.2.3_1,0.19782280392837956,0.6307745939614618
2024,05,ITA.2.4_1,0.334364210210499,0.5510038969309111
2024,05,ITA.2.5_1,0.4366963580555714,0.7429310902494896
2024,05,ITA.2.6_1,0.23998128083607234,0.6881280073022934
2024,05,ITA.20.1_1,0.37376527406061183,0.8144597628729129
2024,05,ITA.20.2_1,0.45925157066723804,0.7971346087391732
2024,05,ITA.20.3_1,0.3184297004538635,0.8016940578335267
2024,05,ITA.20.4_1,0.4389546664611646,0.8023246329325516
2024,05,ITA.20.5_1,0.29522852489946105,0.8216847226745901
2024,05,ITA.20.6_1,0.4454984556440596,0.7721625576799299
2024,05,ITA.20.7_1,0.49530919855421124,0.800112733329407
2024,05,ITA.3.1_1,0.24259531798330172,0.5816121409922196
2024,05,ITA.3.2_1,0.44081625782632167,0.626774276502817
2024,05,ITA.4.1_1,0.15985770311145203,0.6648364446564146
2024,05,ITA.4.2_1,0.5511303678405058,0.6995999022477636
2024,05,ITA.4.3_1,0.23109697755595832,0.6719391856500029
2024,05,ITA.4.4_1,0.4367487800291895,0.6951332041366969
2024,05,ITA.4.5_1,0.11009951114638881,0.7335200894272316
2024,05,ITA.5.1_1,0.19904027997828552,0.6696701086416836
2024,05,ITA.5.2_1,0.1551567257979462,0.7123726366335646
2024,05,ITA.5.3_1,0.45895240640315815,0.8070619605001099
2024,05,ITA.5.4_1,0.39227765365859113,0.7997331627523906
2024,05,ITA.5.5_1,0.5450167665108536,0.7755382973427852
2024,05,ITA.6.1_1,0.3476544000390711,0.7254746752889897
2024,05,ITA.6.2_1,0.22956943698237883,0.7659411121646943
2024,05,ITA.6.3_1,0.24363866750208601,0.6540561958084598
2024,05,ITA.6.4_1,0.3078419036781656,0.7331135894707662
2024,05,ITA.6.5_1,0.3082022835383242,0.754794665021721
2024,05,ITA.6.6_1,0.3118303761033966,0.775373066146217
2024,05,ITA.6.7_1,0.18977939648566441,0.6928202338986472
2024,05,ITA.6.8_1,0.3018500837649607,0.7593579489042969
2024,05,ITA.6.9_1,0.20092806601590585,0.7388203915509289
2024,05,ITA.7.1_1,0.22514515816350403,0.8208185332117724
2024,05,ITA.7.2_1,0.32153245466253494,0.8172788191165612
2024,05,ITA.7.3_1,0.11014612775989245,0.7839556032228755
2024,05,ITA.7.4_1,0.5270732281757348,0.8081162696233706
2024,05,ITA.8.1_1,0.42858614705655584,0.7525321484344606
2024,05,ITA.8.2_1,0.2505738596546861,0.8135390496389024
2024,05,ITA.8.3_1,0.3827577480010913,0.7101617025809744
2024,05,ITA.8.4_1,0.49414934678125827,0.7607807472298952
2024,05,ITA.8.5_1,0.34809840083245697,0.7408070910724515
2024,05,ITA.9.1_1,0.36297302779040674,0.7988995022032633
2024,05,ITA.9.2_1,0.3447328452340371,0.8761151557390947
2024,05,ITA.9.3_1,0.25050796459366115,0.8271292165467221
2024,05,ITA.9.4_1,0.35939630854552923,0.8645614397907551
2024,05,LIE.10_1,0.04435961347338529,0.5246138232136668
2024,05,LIE.7_1,0.04449700822634814,0.5360738339149363
2024,05,LIE.9_1,0.044038742070194245,0.5016938018111282
2024,05,LTU.3.1_1,0.04168270305673532,0.3947337019326135
2024,05,LTU.3.2_1,0.041756298963223144,0.39728037097734004
2024,05,LTU.3.4_1,0.04247520816223867,0.4240203959469687
2024,05,LTU.3.5_1,0.04266296757499042,0.43166040308114817
2024,05,LTU.3.6_1,0.04186499511449516,0.4011003745444298
2024,05,LTU.4.2_1,0.04175629896322315,0.39728037097734004
2024,05,LTU.4.3_1,0.04157059946616277,0.39091369836552353
2024,05,LTU.5.1_1,0,0
2024,05,LTU.5.4_1,0,0
2024,05,LTU.5.5_1,0,0
2024,05,LTU.6.1_1,0,0
2024,05,LTU.6.2_1,0,0
2024,05,LTU.6.4_1,0,0
2024,05,LTU.7.1_1,0.04278388586619812,0.4367537411706013
2024,05,LTU.7.2_1,0.041608196108980214,0.3921870328878869
2024,05,LTU.7.3_1,0.04304367235259494,0.4482137518718707
2024,05,LTU.8.1_1,0.04247520816223872,0.4240203959469687
2024,05,LTU.8.2_1,0.04211077798877919,0.4100137162009727
2024,05,LTU.9.5_1,0,0
2024,05,LUX.1.1_1,0.11034097369200004,0.7842605833866256
2024,05,LUX.1.2_1,0.1424417533159933,0.7737144139169958
2024,05,LUX.1.3_1,0.14243821773546744,0.7820426034575142
2024,05,LUX.1.4_1,0.07796463331234857,0.7210931450760865
2024,05,LUX.1.5_1,0.11916436767055005,0.779786807990246
2024,05,LUX.2.1_1,0.11917179730610933,0.7727358984268261
2024,05,LUX.2.2_1,0.1273865111002199,0.7512229313443652
2024,05,LUX.2.3_1,0.12739221787625382,0.7714194934874034
2024,05,LUX.3.1_1,0.1274047782592589,0.7617974850869358
2024,05,LUX.3.2_1,0.16851665898142837,0.7797872458191165
2024,05,LUX.3.3_1,0.26260998384739276,0.7921071511743568
2024,05,LUX.3.4_1,0.14243593666919888,0.7770545507288661
2024,05,LVA.1.1_1,0,0
2024,05,LVA.1.2_1,0.04231282683134704,0.4176537233351523
2024,05,LVA.1.3_1,0,0
2024,05,LVA.1.4_1,0,0
2024,05,LVA.1.5_1,0,0
2024,05,LVA.2.1_1,0.03991842703163983,0.3412536519933561
2024,05,LVA.2.2_1,0,0
2024,05,LVA.2.3_1,0,0
2024,05,LVA.2.4_1,0.040853964197399215,0.3679936769629848
2024,05,LVA.2.5_1,0,0
2024,05,LVA.2.6_1,0,0
2024,05,LVA.3.1_1,0.04130095838995403,0.3820003567089808
2024,05,LVA.3.2_1,0,0
2024,05,LVA.3.3_1,0,0
2024,05,LVA.3.4_1,0,0
2024,05,LVA.4.1_1,0.03987108923002728,0.3399803174709929
2024,05,LVA.4.2_1,0,0
2024,05,LVA.4.3_1,0,0
2024,05,LVA.4.4_1,0,0
2024,05,LVA.4.5_1,0.040641166372810615,0.36162700435116846
2024,05,LVA.4.6_1,0.040377690888192604,0.35398699721698884
2024,05,LVA.5.1_1,0,0
2024,05,LVA.5.2_1,0,0
2024,05,LVA.5.3_1,0,0
2024,05,LVA.5.4_1,0,0
2024,05,LVA.5.5_1,0,0
2024,05,MDA.16_1,0.03605043201832088,0.2546669044726538
2024,05,MDA.17_1,0.03677309735078009,0.26867358421864973
2024,05,MDA.20_1,0.03696312167613876,0.27249358778573957
2024,05,MDA.21_1,0.03963047783741595,0.3336136448591765
2024,05,MDA.23_1,0.03733439551189832,0.2801335949199192
2024,05,MDA.24_1,0.03854605098028343,0.30687361988954787
2024,05,MDA.28_1,0.03570801660743302,0.24830023186083755
2024,05,MDA.37_1,0.037088168649747434,0.27504025683046596
2024,05,MDA.5_1,0.036836768216220624,0.269946918741013
2024,05,MDA.6_1,0.039231666282776544,0.3234269686802704
2024,05,MDA.8_1,0.03690010909252985,0.2712202532633761
2024,05,MKD.11_1,0,0
2024,05,MKD.13_1,0.044737409614434405,0.5602671898398384
2024,05,MKD.14_1,0,0
2024,05,MKD.15_1,0.0445531966377632,0.5411671720043892
2024,05,MKD.16_1,0.04489608763302966,0.581913876720014
2024,05,MKD.17_1,0,0
2024,05,MKD.18_1,0,0
2024,05,MKD.19_1,0,0
2024,05,MKD.20_1,0,0
2024,05,MKD.21_1,0,0
2024,05,MKD.23_1,0.044019094332235505,0.5004204672887649
2024,05,MKD.24_1,0.04417088285751072,0.5106071434676709
2024,05,MKD.25_1,0.04473740961443441,0.5602671898398384
2024,05,MKD.26_1,0.0445801710729482,0.5437138410491159
2024,05,MKD.27_1,0,0
2024,05,MKD.28_1,0.04323412971881569,0.4571270935284136
2024,05,MKD.29_1,0.04481867654719863,0.5704538660187445
2024,05,MKD.2_1,0.043312684990291186,0.4609470970955034
2024,05,MKD.30_1,0,0
2024,05,MKD.31_1,0.0441525817258897,0.5093338089453078
2024,05,MKD.32_1,0.04370102007887905,0.48132044945331587
2024,05,MKD.33_1,0,0
2024,05,MKD.35_1,0,0
2024,05,MKD.36_1,0,0
2024,05,MKD.37_1,0,0
2024,05,MKD.38_1,0,0
2024,05,MKD.39_1,0,0
2024,05,MKD.3_1,0,0
2024,05,MKD.40_1,0,0
2024,05,MKD.41_1,0.04275397333659141,0.4354804066482381
2024,05,MKD.42_1,0.04499729014389236,0.6022872290778261
2024,05,MKD.43_1,0.04411540431752104,0.5067871399005811
2024,05,MKD.44_1,0,0
2024,05,MKD.45_1,0,0
2024,05,MKD.46_1,0,0
2024,05,MKD.47_1,0.04474821137806369,0.5615405243622016
2024,05,MKD.48_1,0,0
2024,05,MKD.49_1,0,0
2024,05,MKD.4_1,0,0
2024,05,MKD.50_1,0.04420691116614327,0.5131538125123974
2024,05,MKD.51_1,0.043286703389307186,0.45967376257314013
2024,05,MKD.52_1,0.044846125235795925,0.5742738695858343
2024,05,MKD.54_1,0,0
2024,05,MKD.55_1,0.043513259725752824,0.4711337732744096
2024,05,MKD.56_1,0,0
2024,05,MKD.57_1,0.043126530024511486,0.4520337554389605
2024,05,MKD.58_1,0,0
2024,05,MKD.59_1,0,0
2024,05,MKD.5_1,0.04437563274829366,0.5258871577360302
2024,05,MKD.60_1,0,0
2024,05,MKD.61_1,0.04425952222805524,0.5169738160794873
2024,05,MKD.62_1,0,0
2024,05,MKD.63_1,0.044580171072948184,0.5437138410491159
2024,05,MKD.64_1,0.044038742070194245,0.5016938018111282
2024,05,MKD.65_1,0.044224638810736114,0.5144271470347608
2024,05,MKD.66_1,0,0
2024,05,MKD.67_1,0.0429302978935883,0.4431204137824176
2024,05,MKD.68_1,0,0
2024,05,MKD.69_1,0,0
2024,05,MKD.6_1,0,0
2024,05,MKD.70_1,0.043513259725752824,0.4711337732744096
2024,05,MKD.72_1,0,0
2024,05,MKD.73_1,0,0
2024,05,MKD.74_1,0.04470389847549451,0.5564471862727485
2024,05,MKD.75_1,0,0
2024,05,MKD.76_1,0,0
2024,05,MKD.77_1,0.043464324126360754,0.468587104229683
2024,05,MKD.79_1,0,0
2024,05,MKD.7_1,0,0
2024,05,MKD.81_1,0,0
2024,05,MKD.83_1,0.043513259725752824,0.4711337732744096
2024,05,MKD.84_1,0.04465663141739483,0.5513538481832956
2024,05,MKD.85_1,0,0
2024,05,MKD.8_1,0,0
2024,05,MKD.9_1,0.044019094332235505,0.5004204672887649
2024,05,MLT.1_1,0.044359613473385295,0.7487206991496022
2024,05,MLT.3.11_1,0.04470389847549451,0.7168873360905205
2024,05,MLT.3.3_1,0.044359613473385295,0.7487206991496022
2024,05,MLT.3.5_1,0.044593378946739017,0.7283473467917898
2024,05,MLT.3.6_1,0.04443782425837734,0.7423540265377858
2024,05,MLT.3.9_1,0.04465663141739483,0.7219806741799735
2024,05,MLT.4.10_1,0.04473740961443441,0.7130673325234308
2024,05,MLT.4.12_1,0.04485490889037924,0.6977873182550716
2024,05,MLT.4.2_1,0.04485490889037924,0.6977873182550716
2024,05,MLT.4.3_1,0.04470389847549451,0.7168873360905205
2024,05,MLT.4.4_1,0.044837158700619245,0.700333987299798
2024,05,MLT.4.5_1,0.04469235901917331,0.7181606706128837
2024,05,MLT.4.9_1,0.044932709493486246,0.6850539730314388
2024,05,MLT.4_1,0.04465663141739481,0.7219806741799735
2024,05,MLT.5.14_1,0.044407105221531205,0.7449006955825124
2024,05,MLT.5.4_1,0.044715253300136794,0.7156140015681574
2024,05,MLT.5.9_1,0.04472642363371839,0.7143406670457941
2024,05,MLT.5_1,0.044437824258377334,0.7423540265377858
2024,05,MNE.10_1,0,0
2024,05,MNE.11_1,0.04453942973801127,0.539893837482026
2024,05,MNE.12_1,0.04453942973801127,0.539893837482026
2024,05,MNE.13_1,0.04491128254774978,0.5844605457647406
2024,05,MNE.14_1,0.044134088959557644,0.5080604744229444
2024,05,MNE.15_1,0.044525476153666095,0.5386205029596629
2024,05,MNE.16_1,0.04471525330013679,0.5577205207951118
2024,05,MNE.17_1,0.04424217575581243,0.515700481557124
2024,05,MNE.18_1,0.044871927985115856,0.5780938731529243
2024,05,MNE.19_1,0,0
2024,05,MNE.1_1,0.044606400812675,0.5462605100938425
2024,05,MNE.20_1,0.044992325692576815,0.601013894555463
2024,05,MNE.21_1,0.044981853417034916,0.5984672255107363
2024,05,MNE.2_1,0.04486350977178547,0.576820538630561
2024,05,MNE.3_1,0.04474821137806369,0.5615405243622016
2024,05,MNE.4_1,0.04468063478812005,0.5539005172280221
2024,05,MNE.5_1,0,0
2024,05,MNE.6_1,0.04460640081267494,0.5462605100938425
2024,05,MNE.7_1,0.04480916070247756,0.5691805314963814
2024,05,MNE.8_1,0.04504275709020371,0.6175672433461855
2024,05,MNE.9_1,0.04479946152419561,0.5679071969740179
2024,05,NLD.1.10_1,0.0450153380788654,0.6073805671672793
2024,05,NLD.1.11_1,0.04487192798511585,0.5780938731529243
2024,05,NLD.1.12_1,0.04476926278515761,0.5640871934069283
2024,05,NLD.1.1_1,0.044809160702477493,0.5691805314963814
2024,05,NLD.1.2_1,0.044976345466289785,0.5971938909883732
2024,05,NLD.1.3_1,0.044992325692576836,0.601013894555463
2024,05,NLD.1.4_1,0.04495873355638096,0.5933738874212834
2024,05,NLD.1.5_1,0.04483715870061924,0.573000535063471
2024,05,NLD.1.6_1,0.044818676547198635,0.5704538660187445
2024,05,NLD.1.7_1,0.045036986053993984,0.615020574301459
2024,05,NLD.1.8_1,0.04475882905798055,0.5628138588845649
2024,05,NLD.1.9_1,0.04489608763302968,0.581913876720014
2024,05,NLD.10.10_1,0.044981853417034916,0.5984672255107363
2024,05,NLD.10.11_1,0.04477951268818038,0.5653605279292914
2024,05,NLD.10.12_1,0.04488821681640104,0.5806405421976508
2024,05,NLD.10.13_1,0.045050059997982075,0.6519472754499938
2024,05,NLD.10.14_1,0.04478957889325028,0.5666338624516548
2024,05,NLD.10.15_1,0.044497008226348146,0.5360738339149363
2024,05,NLD.10.16_1,0.045011097464627683,0.6061072326449161
2024,05,NLD.10.17_1,0.04488016363315862,0.5793672076752875
2024,05,NLD.10.18_1,0.044946084852309796,0.5908272183765568
2024,05,NLD.10.19_1,0.04480916070247753,0.5691805314963814
2024,05,NLD.10.1_1,0.04483715870061926,0.573000535063471
2024,05,NLD.10.20_1,0.0449394880444674,0.5895538838541937
2024,05,NLD.10.21_1,0.044981853417034916,0.5984672255107363
2024,05,NLD.10.22_1,0.04489608763302966,0.581913876720014
2024,05,NLD.10.23_1,0.044871927985115884,0.5780938731529243
2024,05,NLD.10.24_1,0.04492574911709984,0.587007214809467
2024,05,NLD.10.25_1,0.04489608763302965,0.581913876720014
2024,05,NLD.10.26_1,0.04504537184757092,0.6188405778685487
2024,05,NLD.10.3_1,0.04501939786712218,0.6086539016896425
2024,05,NLD.10.4_1,0.044981853417034916,0.5984672255107363
2024,05,NLD.10.5_2,0.04503049275419591,0.6124739052567324
2024,05,NLD.10.6_1,0.04469235901917333,0.55517385175038525
2024,05,NLD.10.7_1,0.04451133570915945,0.5373471684372995
2024,05,NLD.10.8_1,0.04502327687831444,0.6099272362120061
2024,05,NLD.10.9_1,0.04488016363315862,0.5793672076752875
2024,05,NLD.11.12_1,0.04504275709020365,0.6175672433461855
2024,05,NLD.11.13_1,0.045063040022901096,0.6366672611816345
2024,05,NLD.11.14_1,0.04503698605399398,0.6583139480618101
2024,05,NLD.11.16_1,0.04503996183688025,0.6162939088238222
2024,05,NLD.11.18_1,0.044981853417034916,0.6748672968525327
2024,05,NLD.11.21_1,0.045062949896730944,0.6353939266592713
2024,05,NLD.11.22_1,0.04504780614041194,0.6532206099723569
2024,05,NLD.11.23_1,0.045026975159162264,0.6621339516289
2024,05,NLD.11.24_1,0.04505979536720728,0.6443072683158142
2024,05,NLD.11.25_1,0.04506078681456808,0.6303005885698182
2024,05,NLD.11.26_1,0.04498718013767481,0.6735939623301694
2024,05,NLD.11.27_1,0.0450615979825475,0.6315739230921815
2024,05,NLD.11.28_1,0.04506159798254749,0.6315739230921815
2024,05,NLD.11.30_1,0.04501939786712219,0.6646806206736265
2024,05,NLD.11.31_1,0.04506159798254749,0.6315739230921815
2024,05,NLD.11.32_1,0.045011097464627683,0.667227289718353
2024,05,NLD.11.33_1,0.04500207355155751,0.6035605636001895
2024,05,NLD.11.34_1,0.04505573921900463,0.6481272718829041
2024,05,NLD.11.35_1,0.045057271584574274,0.6264805850027284
2024,05,NLD.11.36_1,0.04506078681456805,0.6430339337934508
2024,05,NLD.11.37_1,0.04506267951713902,0.6392139302263611
2024,05,NLD.11.3_1,0.04505979536720728,0.629027254047455
2024,05,NLD.11.4_1,0.045015338078865395,0.6659539551959898
2024,05,NLD.11.6_1,0.04506294989673093,0.6353939266592713
2024,05,NLD.11.7_1,0.044981853417034916,0.6748672968525327
2024,05,NLD.11.8_1,0.04505213344736052,0.6506739409276304
2024,05,NLD.12.10_1,0.04488016363315863,0.6939673146879817
2024,05,NLD.12.11_1,0.045047806140411935,0.6532206099723569
2024,05,NLD.12.12_1,0.0447895788932503,0.7067006599116142
2024,05,NLD.12.13_1,0.04488016363315863,0.6939673146879817
2024,05,NLD.12.1_1,0.045019397867122224,0.6646806206736265
2024,05,NLD.12.2_1,0.045015338078865416,0.6659539551959898
2024,05,NLD.12.3_1,0.04503996183688021,0.6570406135394469
2024,05,NLD.12.4_1,0.04493270949348623,0.6850539730314388
2024,05,NLD.12.5_1,0.04497634546628979,0.6761406313748959
2024,05,NLD.12.6_1,0.04497065621884848,0.6774139658972592
2024,05,NLD.12.7_1,0.04491860683078345,0.6876006420761653
2024,05,NLD.12.8_1,0.04469235901917333,0.7181606706128837
2024,05,NLD.12.9_1,0.04491860683078346,0.6876006420761653
2024,05,NLD.13.1_1,0.04501939786712224,0.6646806206736265
2024,05,NLD.14.100_1,0.04502697515916225,0.6621339516289
2024,05,NLD.14.101_1,0.04503382970575553,0.6595872825841734
2024,05,NLD.14.102_1,0.04490377617894315,0.6901473111208919
2024,05,NLD.14.103_1,0.04491128254774979,0.6888739765985287
2024,05,NLD.14.104_1,0.04505402651345548,0.6494006064052672
2024,05,NLD.14.17_1,0.044896087633029644,0.6914206456432551
2024,05,NLD.14.18_1,0.0450304927541959,0.6608606171065367
2024,05,NLD.14.1_1,0.044992325692576815,0.6723206278078061
2024,05,NLD.14.21_1,0.04502327687831445,0.6634072861512633
2024,05,NLD.14.23_1,0.04505005999798206,0.6519472754499938
2024,05,NLD.14.26_1,0.045058623628565074,0.6455806028381774
2024,05,NLD.14.27_1,0.0448371587006192,0.700333987299798
2024,05,NLD.14.29_1,0.044896087633029644,0.6914206456432551
2024,05,NLD.14.2_1,0.04490377617894317,0.6901473111208919
2024,05,NLD.14.30_2,0.045036986053993984,0.6583139480618101
2024,05,NLD.14.31_1,0.04502697515916226,0.6621339516289
2024,05,NLD.14.32_1,0.04439146326371849,0.7461740301048756
2024,05,NLD.14.34_2,0.04495249999702673,0.681233969464349
2024,05,NLD.14.36_1,0.04505979536720728,0.6443072683158142
2024,05,NLD.14.38_1,0.04497634546628982,0.6761406313748959
2024,05,NLD.14.39_1,0.044992325692576815,0.6723206278078061
2024,05,NLD.14.40_1,0.04500207355155745,0.6697739587630795
2024,05,NLD.14.43_1,0.044981853417034916,0.6748672968525327
2024,05,NLD.14.45_1,0.044925749117099824,0.6863273075538021
2024,05,NLD.14.4_1,0.04506222888088007,0.6404872647487245
2024,05,NLD.14.53_2,0.045006675973296696,0.6685006242407163
2024,05,NLD.14.54_2,0.04491860683078345,0.6876006420761653
2024,05,NLD.14.56_1,0.04473740961443436,0.7130673325234308
2024,05,NLD.14.5_1,0.04506159798254749,0.6315739230921815
2024,05,NLD.14.60_1,0.045058623628565046,0.6277539195250916
2024,05,NLD.14.61_1,0.045033829705755535,0.6595872825841734
2024,05,NLD.14.63_1,0.04504780614041194,0.6532206099723569
2024,05,NLD.14.66_1,0.044789578893250304,0.7067006599116142
2024,05,NLD.14.67_2,0.04505573921900463,0.6481272718829041
2024,05,NLD.14.70_1,0.04495873355638096,0.6799606349419858
2024,05,NLD.14.73_1,0.04505402651345548,0.6494006064052672
2024,05,NLD.14.78_1,0.04502327687831444,0.6634072861512633
2024,05,NLD.14.7_2,0.04501939786712224,0.6646806206736265
2024,05,NLD.14.81_1,0.045030492754195885,0.6608606171065367
2024,05,NLD.14.82_1,0.045063040022901096,0.6366672611816345
2024,05,NLD.14.84_1,0.04500207355155749,0.6697739587630795
2024,05,NLD.14.86_1,0.04482800917511037,0.7016073218221613
2024,05,NLD.14.89_1,0.04488016363315863,0.6939673146879817
2024,05,NLD.14.8_1,0.044809160702477493,0.7041539908668879
2024,05,NLD.14.90_1,0.04505573921900463,0.6481272718829041
2024,05,NLD.14.91_1,0.044981853417034916,0.6748672968525327
2024,05,NLD.14.93_1,0.044837158700619245,0.700333987299798
2024,05,NLD.14.94_1,0.044871927985115995,0.695240649210345
2024,05,NLD.14.95_1,0.045052133447360476,0.6226605814356386
2024,05,NLD.14.96_1,0.04505213344736052,0.6506739409276304
2024,05,NLD.14.97_1,0.045036986053993984,0.6583139480618101
2024,05,NLD.14.98_1,0.045015338078865395,0.6659539551959898
2024,05,NLD.14.99_1,0.04490377617894315,0.6901473111208919
2024,05,NLD.2.1_1,0.04506159798254749,0.6417605992710876
2024,05,NLD.2.2_1,0.04506222888088007,0.6404872647487245
2024,05,NLD.2.3_1,0.04506222888088007,0.6404872647487245
2024,05,NLD.2.4_1,0.04491128254774976,0.5844605457647406
2024,05,NLD.2.6_1,0.04493948804446741,0.6837806385090754
2024,05,NLD.3.10_1,0.04500667597329672,0.6685006242407163
2024,05,NLD.3.11_2,0.04505573921900463,0.6252072504803651
2024,05,NLD.3.14_2,0.04503698605399399,0.6583139480618101
2024,05,NLD.3.1_1,0.044987180137674776,0.5997405600330997
2024,05,NLD.3.20_1,0.04499729014389237,0.6022872290778261
2024,05,NLD.3.21_1,0.044779512688180374,0.5653605279292914
2024,05,NLD.3.24_1,0.04504537184757091,0.6188405778685487
2024,05,NLD.3.27_1,0.04498718013767478,0.5997405600330997
2024,05,NLD.3.29_1,0.04502327687831445,0.6099272362120061
2024,05,NLD.3.32_1,0.04499729014389235,0.671047293285443
2024,05,NLD.3.33_1,0.04505979536720728,0.6443072683158142
2024,05,NLD.3.34_1,0.04506222888088007,0.6404872647487245
2024,05,NLD.3.35_1,0.045050059997982075,0.6519472754499938
2024,05,NLD.3.5_1,0.04506159798254749,0.6315739230921815
2024,05,NLD.4.10_1,0.04501533807886541,0.6659539551959898
2024,05,NLD.4.11_1,0.045063040022901096,0.6366672611816345
2024,05,NLD.4.14_1,0.0447692627851576,0.5640871934069283
2024,05,NLD.4.15_2,0.0449923256925768,0.601013894555463
2024,05,NLD.4.16_1,0.04506222888088007,0.6404872647487245
2024,05,NLD.4.17_1,0.04506078681456806,0.6303005885698182
2024,05,NLD.4.18_1,0.04505979536720728,0.6443072683158142
2024,05,NLD.4.20_1,0.04505979536720728,0.6443072683158142
2024,05,NLD.4.21_1,0.04505727158457428,0.6468539373605408
2024,05,NLD.4.22_1,0.04506159798254749,0.6417605992710876
2024,05,NLD.4.28_1,0.04504275709020378,0.6557672790170836
2024,05,NLD.4.29_1,0.04506267951713902,0.6392139302263611
2024,05,NLD.4.30_1,0.04501533807886539,0.6073805671672793
2024,05,NLD.4.32_1,0.04505862362856509,0.6455806028381774
2024,05,NLD.4.34_1,0.04502327687831446,0.6099272362120061
2024,05,NLD.4.37_1,0.04495873355638096,0.5933738874212834
2024,05,NLD.4.38_2,0.044871927985115856,0.5780938731529243
2024,05,NLD.4.39_1,0.045002073551557484,0.6697739587630795
2024,05,NLD.4.3_1,0.04506159798254749,0.6315739230921815
2024,05,NLD.4.43_1,0.04506222888088007,0.6404872647487245
2024,05,NLD.4.44_1,0.04506294989673095,0.6379405957039976
2024,05,NLD.4.45_1,0.04505727158457428,0.6264805850027284
2024,05,NLD.4.46_1,0.0449460848523098,0.5908272183765568
2024,05,NLD.4.47_1,0.04499729014389236,0.6022872290778261
2024,05,NLD.4.48_1,0.0450521334473605,0.6506739409276304
2024,05,NLD.4.49_1,0.04504537184757091,0.6188405778685487
2024,05,NLD.4.4_1,0.045030492754195954,0.6124739052567324
2024,05,NLD.4.50_1,0.045057271584574274,0.6264805850027284
2024,05,NLD.4.52_1,0.04503996183688022,0.6162939088238222
2024,05,NLD.4.54_1,0.04503996183688022,0.6570406135394469
2024,05,NLD.4.56_1,0.04503996183688022,0.6570406135394469
2024,05,NLD.4.58_1,0.04504537184757092,0.6188405778685487
2024,05,NLD.4.5_1,0.04504275709020371,0.6557672790170836
2024,05,NLD.4.60_1,0.0450521334473605,0.6226605814356386
2024,05,NLD.4.63_1,0.044932709493486246,0.6850539730314388
2024,05,NLD.4.64_1,0.04505402651345548,0.6239339159580019
2024,05,NLD.4.65_1,0.04505402651345548,0.6239339159580019
2024,05,NLD.4.66_1,0.04500207355155747,0.6035605636001895
2024,05,NLD.4.68_1,0.04506078681456808,0.6430339337934508
2024,05,NLD.4.70_2,0.044952499997026725,0.5921005528989203
2024,05,NLD.4.71_2,0.045011097464627677,0.6061072326449161
2024,05,NLD.4.72_1,0.044911282547749766,0.5844605457647406
2024,05,NLD.4.73_1,0.04505402651345547,0.6239339159580019
2024,05,NLD.4.74_1,0.0447994615241956,0.5679071969740179
2024,05,NLD.4.75_1,0.04491128254774978,0.5844605457647406
2024,05,NLD.4.76_1,0.04476926278515761,0.5640871934069283
2024,05,NLD.4.77_1,0.04481867654719865,0.5704538660187445
2024,05,NLD.4.78_1,0.04490377617894317,0.5831872112423774
2024,05,NLD.4.79_1,0.045033829705755535,0.6595872825841734
2024,05,NLD.4.7_1,0.04505979536720728,0.629027254047455
2024,05,NLD.4.9_1,0.04506222888088007,0.6404872647487245
2024,05,NLD.5.15_1,0.04479946152419561,0.5679071969740179
2024,05,NLD.5.19_1,0.04491860683078344,0.5857338802871038
2024,05,NLD.5.21_1,0.04491128254774976,0.5844605457647406
2024,05,NLD.5.26_1,0.04460640081267503,0.5462605100938425
2024,05,NLD.5.27_1,0.04505862362856505,0.6277539195250916
2024,05,NLD.5.28_1,0.04486350977178551,0.576820538630561
2024,05,NLD.5.29_1,0.04449700822634814,0.5360738339149363
2024,05,NLD.5.30_1,0.044939488044467416,0.5895538838541937
2024,05,NLD.5.31_1,0.044631887169895114,0.548807179138569
2024,05,NLD.5.7_2,0.04505213344736052,0.6226605814356386
2024,05,NLD.6.1_1,0.044981853417034916,0.6748672968525327
2024,05,NLD.7.10_1,0.04503698605399399,0.6583139480618101
2024,05,NLD.7.13_1,0.04506294989673093,0.6379405957039976
2024,05,NLD.7.16_2,0.045057271584574274,0.6264805850027284
2024,05,NLD.7.18_1,0.04505979536720728,0.629027254047455
2024,05,NLD.7.20_1,0.04506159798254747,0.6315739230921815
2024,05,NLD.7.23_1,0.04499729014389237,0.671047293285443
2024,05,NLD.7.26_1,0.04505005999798206,0.6213872469132753
2024,05,NLD.7.28_1,0.04505573921900463,0.6252072504803651
2024,05,NLD.7.29_1,0.04506159798254748,0.6315739230921815
2024,05,NLD.7.32_2,0.04503996183688023,0.6162939088238222
2024,05,NLD.7.33_2,0.04502327687831444,0.6099272362120061
2024,05,NLD.7.37_1,0.045039961836880214,0.6570406135394469
2024,05,NLD.7.38_1,0.04503049275419591,0.6124739052567324
2024,05,NLD.7.39_1,0.04505862362856505,0.6455806028381774
2024,05,NLD.7.3_1,0.04506267951713902,0.6392139302263611
2024,05,NLD.7.42_1,0.045062679517138986,0.634120592136908
2024,05,NLD.7.43_1,0.04502327687831445,0.6099272362120061
2024,05,NLD.7.44_2,0.04505727158457428,0.6468539373605408
2024,05,NLD.7.45_1,0.04505573921900463,0.6252072504803651
2024,05,NLD.7.46_1,0.04506222888088007,0.6404872647487245
2024,05,NLD.7.47_1,0.04506222888088007,0.6404872647487245
2024,05,NLD.7.48_1,0.045062949896730764,0.6379405957039976
2024,05,NLD.7.49_1,0.04506078681456809,0.6430339337934508
2024,05,NLD.7.4_1,0.04498718013767479,0.5997405600330997
2024,05,NLD.7.50_1,0.0450399618368802,0.6570406135394469
2024,05,NLD.7.51_1,0.04505402651345546,0.6239339159580019
2024,05,NLD.7.52_1,0.044970656218848486,0.5959205564660099
2024,05,NLD.7.5_1,0.04505573921900463,0.6252072504803651
2024,05,NLD.7.6_1,0.04506159798254748,0.6315739230921815
2024,05,NLD.7.7_1,0.04506078681456809,0.6430339337934508
2024,05,NLD.7.9_1,0.045057271584574274,0.6264805850027284
2024,05,NLD.8.10_1,0.04503049275419593,0.6608606171065367
2024,05,NLD.8.11_1,0.045006675973296655,0.6048338981225528
2024,05,NLD.8.12_1,0.0450427570902037,0.6557672790170836
2024,05,NLD.8.13_1,0.045047806140411956,0.6201139123909121
2024,05,NLD.8.14_1,0.04503996183688022,0.6162939088238222
2024,05,NLD.8.15_1,0.04506222888088007,0.6328472576145446
2024,05,NLD.8.16_1,0.044958733556380984,0.5933738874212834
2024,05,NLD.8.17_1,0.04506222888088007,0.6404872647487245
2024,05,NLD.8.18_1,0.04506267951713901,0.634120592136908
2024,05,NLD.8.19_1,0.04496478560589437,0.6786873004196224
2024,05,NLD.8.1_1,0.045063040022901096,0.6366672611816345
2024,05,NLD.8.20_1,0.04505979536720728,0.6443072683158142
2024,05,NLD.8.21_1,0.04502327687831444,0.6099272362120061
2024,05,NLD.8.22_1,0.045011097464627683,0.667227289718353
2024,05,NLD.8.23_1,0.04503049275419591,0.6608606171065367
2024,05,NLD.8.25_1,0.04506267951713901,0.634120592136908
2024,05,NLD.8.26_1,0.04497065621884851,0.6774139658972592
2024,05,NLD.8.27_1,0.04505005999798206,0.6519472754499938
2024,05,NLD.8.28_1,0.045047806140411935,0.6532206099723569
2024,05,NLD.8.30_1,0.04502697515916225,0.6621339516289
2024,05,NLD.8.31_1,0.04496478560589437,0.5946472219436467
2024,05,NLD.8.32_1,0.0450020735515575,0.6035605636001895
2024,05,NLD.8.33_1,0.045036986053993984,0.6583139480618101
2024,05,NLD.8.34_1,0.0450615979825475,0.6417605992710876
2024,05,NLD.8.35_1,0.04506222888088007,0.6328472576145446
2024,05,NLD.8.36_1,0.04506267951713901,0.6392139302263611
2024,05,NLD.8.38_1,0.04502697515916226,0.6112005707343692
2024,05,NLD.8.3_1,0.04505213344736051,0.6506739409276304
2024,05,NLD.8.41_1,0.04503049275419589,0.6608606171065367
2024,05,NLD.8.42_1,0.04477951268818038,0.7079739944339777
2024,05,NLD.8.43_1,0.045015338078865416,0.6073805671672793
2024,05,NLD.8.44_1,0.04502327687831444,0.6099272362120061
2024,05,NLD.8.45_1,0.045006675973296655,0.6685006242407163
2024,05,NLD.8.46_1,0.045011097464627677,0.667227289718353
2024,05,NLD.8.47_2,0.04505402651345547,0.6239339159580019
2024,05,NLD.8.48_1,0.045011097464627656,0.667227289718353
2024,05,NLD.8.49_1,0.04500667597329666,0.6685006242407163
2024,05,NLD.8.4_1,0.04506222888088007,0.6404872647487245
2024,05,NLD.8.50_1,0.04506267951713902,0.6392139302263611
2024,05,NLD.8.52_1,0.04501939786712223,0.6646806206736265
2024,05,NLD.8.54_1,0.04506222888088007,0.6404872647487245
2024,05,NLD.8.55_1,0.04505862362856505,0.6455806028381774
2024,05,NLD.8.56_1,0.04502697515916226,0.6112005707343692
2024,05,NLD.8.57_1,0.04502327687831444,0.6634072861512633
2024,05,NLD.8.58_1,0.04506078681456809,0.6430339337934508
2024,05,NLD.8.59_1,0.045006675973296675,0.6685006242407163
2024,05,NLD.8.5_1,0.04505862362856507,0.6455806028381774
2024,05,NLD.8.60_1,0.04503049275419592,0.6124739052567324
2024,05,NLD.8.62_1,0.045063040022901096,0.6366672611816345
2024,05,NLD.8.63_2,0.04495249999702674,0.681233969464349
2024,05,NLD.8.64_1,0.04506267951713901,0.6392139302263611
2024,05,NLD.8.65_1,0.045058623628565046,0.6455806028381774
2024,05,NLD.8.67_1,0.04496478560589437,0.6786873004196224
2024,05,NLD.8.69_1,0.045047806140411956,0.6532206099723569
2024,05,NLD.8.6_1,0.04502327687831444,0.6634072861512633
2024,05,NLD.8.70_1,0.045039961836880214,0.6570406135394469
2024,05,NLD.8.71_1,0.04503996183688021,0.6162939088238222
2024,05,NLD.8.72_1,0.045058623628565046,0.6277539195250916
2024,05,NLD.8.7_1,0.044888216816400976,0.6926939801656185
2024,05,NLD.8.8_1,0.04503698605399398,0.615020574301459
2024,05,NLD.8.9_1,0.04505213344736051,0.6506739409276304
2024,05,NLD.9.10_1,0.04461923683361174,0.7258006777470634
2024,05,NLD.9.11_1,0.04505979536720728,0.629027254047455
2024,05,NLD.9.12_2,0.04502327687831445,0.6634072861512633
2024,05,NLD.9.14_1,0.04479946152419561,0.7054273253892511
2024,05,NLD.9.15_1,0.04486350977178549,0.6965139837327082
2024,05,NLD.9.16_1,0.0450153380788654,0.6659539551959898
2024,05,NLD.9.1_1,0.04505727158457427,0.6468539373605408
2024,05,NLD.9.21_1,0.04503996183688023,0.6570406135394469
2024,05,NLD.9.23_2,0.04466872563684268,0.7207073396576102
2024,05,NLD.9.25_1,0.044680634788120066,0.719434005135247
2024,05,NLD.9.26_1,0.044981853417034916,0.6748672968525327
2024,05,NLD.9.27_1,0.044981853417034916,0.6748672968525327
2024,05,NLD.9.28_1,0.04479946152419561,0.7054273253892511
2024,05,NLD.9.29_1,0.04505862362856505,0.6455806028381774
2024,05,NLD.9.30_1,0.045033829705755535,0.6595872825841734
2024,05,NLD.9.31_1,0.04505979536720728,0.6443072683158142
2024,05,NLD.9.32_1,0.04497065621884851,0.6774139658972592
2024,05,NLD.9.33_1,0.04483715870061921,0.700333987299798
2024,05,NLD.9.34_1,0.04502697515916226,0.6621339516289
2024,05,NLD.9.3_1,0.04485490889037924,0.6977873182550716
2024,05,NLD.9.41_1,0.044888216816400976,0.6926939801656185
2024,05,NLD.9.42_1,0.04505573921900463,0.6481272718829041
2024,05,NLD.9.43_1,0.04495249999702672,0.681233969464349
2024,05,NLD.9.44_1,0.044981853417034916,0.6748672968525327
2024,05,NLD.9.47_1,0.045058623628565046,0.6455806028381774
2024,05,NLD.9.48_1,0.044566777025925694,0.7308940158365164
2024,05,NLD.9.49_1,0.04480916070247753,0.7041539908668879
2024,05,NLD.9.4_1,0.04495249999702673,0.681233969464349
2024,05,NLD.9.50_1,0.04499729014389237,0.671047293285443
2024,05,NLD.9.51_1,0.04492574911709983,0.6863273075538021
2024,05,NLD.9.53_1,0.044981853417034916,0.6748672968525327
2024,05,NLD.9.54_1,0.04502327687831445,0.6634072861512633
2024,05,NLD.9.59_1,0.04493948804446743,0.6837806385090754
2024,05,NLD.9.61_1,0.04486350977178548,0.6965139837327082
2024,05,NLD.9.62_1,0.04464435197937034,0.7232540087023368
2024,05,NLD.9.63_1,0.044958733556380984,0.6799606349419858
2024,05,NLD.9.66_1,0.04488821681640099,0.6926939801656185
2024,05,NLD.9.67_1,0.04499729014389236,0.671047293285443
2024,05,NLD.9.68_1,0.044854908890379235,0.6977873182550716
2024,05,NLD.9.69_1,0.04505979536720728,0.6443072683158142
2024,05,NLD.9.70_1,0.044880163633158617,0.6939673146879817
2024,05,NLD.9.71_1,0.04493270949348625,0.6850539730314388
2024,05,NLD.9.72_1,0.04492574911709984,0.6863273075538021
2024,05,NLD.9.73_1,0.04482800917511037,0.7016073218221613
2024,05,NLD.9.7_1,0.04495249999702673,0.681233969464349
2024,05,NLD.9.9_1,0.04484612523579595,0.6990606527774349
2024,05,NOR.1.3_1,0.04068421428863589,0.36290033887353174
2024,05,NOR.10.17_1,0.04272384974343313,0.4342070721258747
2024,05,NOR.10.18_1,0.043701020078879015,0.48132044945331587
2024,05,NOR.11.19_1,0.04435961347338531,0.5246138232136668
2024,05,NOR.11.7_1,0.04145642938135018,0.38709369479843386
2024,05,NOR.14.13_1,0.04059787273467199,0.36035366982880507
2024,05,NOR.14.21_1,0.04427667845133208,0.5182471506018506
2024,05,NOR.14.24_1,0.04374597750333036,0.48386711849804226
2024,05,NOR.14.6_1,0.04244316435509435,0.42274706142460544
2024,05,NOR.15.13_1,0.04227969937694153,0.41638038881278894
2024,05,NOR.15.5_1,0.04200677878417286,0.40619371263388293
2024,05,NOR.17.17_1,0.044152581725889706,0.5093338089453078
2024,05,NOR.17.22_1,0.044437824258377334,0.5309804958254832
2024,05,NOR.17.9_1,0.04449700822634809,0.5360738339149363
2024,05,NOR.2.10_1,0.04118189902336558,0.37818035314189086
2024,05,NOR.2.16_1,0.03987108923002723,0.3399803174709929
2024,05,NOR.2.1_1,0.04089579503666088,0.3692670114853481
2024,05,NOR.2.6_1,0.04037769088819263,0.35398699721698884
2024,05,NOR.5.13_1,0.043678245064448215,0.4800471149309526
2024,05,NOR.5.16_1,0.04190077679517474,0.402373709066793
2024,05,NOR.5.17_1,0.044077458427782934,0.5042404708558544
2024,05,NOR.5.7_1,0.04320753690650736,0.4558537590060502
2024,05,NOR.5.8_1,0.04358516240196348,0.47495377684149936
2024,05,NOR.6.10_1,0.03775314688641573,0.2890469365764621
2024,05,NOR.6.20_1,0.04033290611122593,0.35271366269462556
2024,05,NOR.6.22_1,0.03902573743158724,0.31833363059081726
2024,05,NOR.6.3_1,0.040242581514413456,0.350166993649899
2024,05,NOR.6.4_1,0.038381014186298516,0.30305361632245803
2024,05,NOR.6.8_1,0.039433224187699845,0.32852030676972344
2024,05,NOR.8.10_1,0.04244316435509433,0.42274706142460544
2024,05,NOR.8.11_1,0.044115404317521034,0.5067871399005811
2024,05,NOR.8.12_1,0.044019094332235505,0.5004204672887649
2024,05,NOR.8.13_1,0.0438549282558935,0.49023379110985876
2024,05,NOR.8.16_1,0.0433894132341923,0.4647671006625932
2024,05,NOR.8.17_1,0.04217900546143508,0.4125603852456991
2024,05,NOR.8.18_1,0.04272384974343316,0.4342070721258747
2024,05,NOR.8.19_1,0.04250703672284072,0.42529373046933183
2024,05,NOR.8.1_1,0.043833530387698716,0.4889604565874953
2024,05,NOR.8.20_1,0.04081189145559935,0.3667203424406215
2024,05,NOR.8.21_1,0.0428135877746443,0.4380270756929645
2024,05,NOR.8.22_1,0.042901434132081875,0.44184707926005434
2024,05,NOR.8.23_1,0.04425952222805522,0.5169738160794873
2024,05,NOR.8.25_1,0.043608731090373866,0.47622711136386264
2024,05,NOR.8.26_1,0.044888216816401046,0.5806405421976508
2024,05,NOR.8.27_1,0.042179005461435076,0.4125603852456991
2024,05,NOR.8.28_1,0.041719614587401414,0.3960070364549766
2024,05,NOR.8.30_1,0.04227969937694152,0.41638038881278894
2024,05,NOR.8.31_1,0.043126530024511486,0.4520337554389605
2024,05,NOR.8.32_1,0.041719614587401414,0.3960070364549766
2024,05,NOR.8.33_1,0.0424109048135148,0.421473726902242
2024,05,NOR.8.34_1,0.043608731090373845,0.47622711136386264
2024,05,NOR.8.35_1,0.043701020078879035,0.48132044945331587
2024,05,NOR.8.36_1,0.04315373744223173,0.4533070899613238
2024,05,NOR.8.37_1,0.04304367235259493,0.4482137518718707
2024,05,NOR.8.38_1,0.04231282683134703,0.4176537233351523
2024,05,NOR.8.3_1,0.04231282683134704,0.4176537233351523
2024,05,NOR.8.4_1,0.04420691116614327,0.5131538125123974
2024,05,NOR.8.5_1,0.043608731090373866,0.47622711136386264
2024,05,NOR.8.6_1,0.04376816052205841,0.48514045302040554
2024,05,NOR.8.7_1,0.04389713758581985,0.49278046015458515
2024,05,NOR.8.9_1,0.043364039552548556,0.4634937661402299
2024,05,POL.1.11_1,0.05962226777737584,0.4460381613186199
2024,05,POL.1.12_1,0.06055634294872997,0.474949098112233
2024,05,POL.1.13_1,0.042212789211714764,0.4138337197680624
2024,05,POL.1.14_1,0.042753973336591394,0.4354804066482381
2024,05,POL.1.15_1,0.07036503875940184,0.39554261993707623
2024,05,POL.1.16_1,0.08264664737357313,0.42774562989288933
2024,05,POL.1.17_1,0.11452783811796109,0.40399212072185425
2024,05,POL.1.19_1,0.09433363808318763,0.4693262724619132
2024,05,POL.1.20_1,0.0947957574835785,0.47975479510673563
2024,05,POL.1.21_1,0.07397446313308036,0.4829151894060326
2024,05,POL.1.22_1,0.1000500164829285,0.4142252284154566
2024,05,POL.1.23_1,0.044206911166143344,0.5131538125123974
2024,05,POL.1.24_1,0.0718901116227611,0.4284636107571571
2024,05,POL.1.25_1,0.04171961458740141,0.3960070364549766
2024,05,POL.1.26_1,0.12624862450918053,0.4743245823623387
2024,05,POL.1.27_1,0.06010740650122912,0.45945399673711657
2024,05,POL.1.28_1,0.09633339721202508,0.5171463805582823
2024,05,POL.1.2_1,0.06089102326030937,0.48661400866786597
2024,05,POL.1.4_1,0.04118189902336558,0.37818035314189086
2024,05,POL.1.5_1,0.06072725770213124,0.4807644215919218
2024,05,POL.1.7_1,0.08726234011292493,0.545322797657451
2024,05,POL.1.8_1,0.04343955517187844,0.46731376970731975
2024,05,POL.1.9_1,0.11566133063549228,0.5662181761017474
2024,05,POL.10.6_1,0.05519072715736204,0.3378234447086225
2024,05,POL.11.10_1,0.0747954703887545,0.515197810758065
2024,05,POL.11.11_1,0.0602035468704089,0.46428386352406437
2024,05,POL.11.12_1,0.0957117753730737,0.5011373046920837
2024,05,POL.11.13_1,0.0986325260071917,0.5925589636169275
2024,05,POL.11.17_1,0.04257005003236283,0.4278403995140585
2024,05,POL.11.19_1,0.04312653002451147,0.4520337554389605
2024,05,POL.11.1_1,0.04275397333659141,0.4354804066482381
2024,05,POL.11.20_1,0.13717491378995095,0.5454760911648406
2024,05,POL.11.4_1,0.04266296757499041,0.43166040308114817
2024,05,POL.11.5_1,0.12129644524307476,0.5143341424016856
2024,05,POL.11.6_1,0.04315373744223173,0.4533070899613238
2024,05,POL.11.7_1,0.12059391529562093,0.49850765004225445
2024,05,POL.11.8_1,0.07406691543928642,0.4868590094234711
2024,05,POL.14.10_1,0.04197166806289571,0.40492037811151965
2024,05,POL.14.1_1,0.0730398345310143,0.4572407375250445
2024,05,POL.14.21_1,0.04197166806289571,0.40492037811151965
2024,05,POL.14.2_1,0.059356902209968816,0.43596090935840526
2024,05,POL.14.5_1,0.07168825788625938,0.42464504179899165
2024,05,POL.14.8_1,0.07191711065287917,0.4296540602911118
2024,05,POL.15.20_1,0.04055433258726138,0.3590803353064419
2024,05,POL.15.21_1,0.04068421428863589,0.36290033887353174
2024,05,POL.15.24_1,0.04200677878417282,0.40619371263388293
2024,05,POL.15.26_1,0.06996094652716617,0.3882272871487157
2024,05,POL.15.9_1,0.03928246288208812,0.3247003032026336
2024,05,POL.16.12_1,0.042312826831347045,0.4176537233351523
2024,05,POL.16.6_1,0.0605871190547456,0.47556865871763127
2024,05,POL.4.21_1,0,0
2024,05,POL.4.22_1,0.055083774278786704,0.2410974812278494
2024,05,POL.4.2_1,0.10071689248672268,0.3281105217981843
2024,05,POL.4.5_1,0,0
2024,05,POL.4.6_1,0,0
2024,05,POL.5.12_1,0.08329103001247677,0.43995287571851255
2024,05,POL.5.2_1,0.042632208092900206,0.43038706855878506
2024,05,POL.5.3_1,0.041645563767224836,0.3934603674102501
2024,05,POL.5.6_1,0.05831449898315777,0.407687140417798
2024,05,POL.6.12_1,0.07313407923119175,0.459118015028893
2024,05,POL.6.13_1,0.07497271108843531,0.5145231981972299
2024,05,POL.6.20_1,0.0429302978935883,0.4431204137824176
2024,05,POL.6.5_1,0.04207633319624665,0.40874038167860943
2024,05,POL.8.1_1,0.07012417178465617,0.39190034113866345
2024,05,POL.8.6_1,0.05702210917582982,0.37667883988417666
2024,05,POL.8.7_1,0.07524178370044608,0.5252516069404418
2024,05,POL.9.10_1,0.042538650520058514,0.4265670649916951
2024,05,POL.9.12_1,0,0
2024,05,POL.9.16_1,0,0
2024,05,POL.9.1_1,0.04231282683134703,0.17817991609861455
2024,05,POL.9.21_1,0.04217900546143507,0.4125603852456991
2024,05,POL.9.4_1,0,0
2024,05,POL.9.5_1,0.04231282683134703,0.4176537233351523
2024,05,POL.9.8_1,0.05955308777853639,0.4418104667320219
2024,05,PRT.1.10_1,0.12632461816648968,0.6628340337535183
2024,05,PRT.1.11_1,0.08976901420498568,0.6823022113965002
2024,05,PRT.1.12_1,0.19543806689196525,0.7064993153617876
2024,05,PRT.1.13_1,0.10970639435536711,0.6778282846277088
2024,05,PRT.1.14_1,0.12718945456069192,0.7255910936898147
2024,05,PRT.1.15_1,0.2503232363455132,0.7440725029628198
2024,05,PRT.1.16_1,0.0450153380788654,0.6073805671672793
2024,05,PRT.1.17_1,0.1344938118188816,0.6982122974580794
2024,05,PRT.1.18_1,0.14891951412067805,0.7120896883002743
2024,05,PRT.1.19_1,0.13451603522389735,0.6961791963541522
2024,05,PRT.1.1_1,0.20033683563696084,0.7002525617823694
2024,05,PRT.1.2_1,0.12699912790595508,0.7041663225937984
2024,05,PRT.1.3_1,0.17330516388849357,0.6886934557769581
2024,05,PRT.1.4_1,0.2006393587228517,0.7133865689487291
2024,05,PRT.1.5_1,0.16201711503671004,0.7235408559609
2024,05,PRT.1.6_1,0.13475084752745095,0.7147157682762311
2024,05,PRT.1.7_1,0.10049753043924921,0.7215448455798376
2024,05,PRT.1.8_1,0.1187118201471846,0.7026757004887905
2024,05,PRT.1.9_1,0.0898611706741871,0.6894090941193525
2024,05,PRT.10.10_1,0.21881220210613828,0.4806179129991698
2024,05,PRT.10.11_1,0.2603777236153556,0.43878576668836317
2024,05,PRT.10.12_1,0.2353288597962974,0.5806961050821275
2024,05,PRT.10.13_1,0.22970620216962065,0.5088881665297602
2024,05,PRT.10.14_1,0.17521861336376574,0.49786446210562735
2024,05,PRT.10.1_1,0.1564048211237196,0.5508454879076448
2024,05,PRT.10.2_1,0.22422031998561928,0.45700658559763974
2024,05,PRT.10.3_1,0.20208421695937723,0.5335495556679709
2024,05,PRT.10.4_1,0.17284899288714303,0.4689075199151131
2024,05,PRT.10.5_1,0.17445559837320057,0.567314288992765
2024,05,PRT.10.6_1,0.20387915774493523,0.5615786201890312
2024,05,PRT.10.7_1,0.31368173384208525,0.4906443578249544
2024,05,PRT.10.8_1,0.08542554749368607,0.49084331497771894
2024,05,PRT.10.9_1,0.16915575225699792,0.4858553201697371
2024,05,PRT.11.10_1,0.07759776984508057,0.6516937851430865
2024,05,PRT.11.11_1,0.0777141881387675,0.669401211231986
2024,05,PRT.11.12_1,0.134160927162572,0.6736637284249215
2024,05,PRT.11.13_1,0.07606160610638997,0.5597073036146424
2024,05,PRT.11.14_1,0.0635030176336111,0.6507082249987912
2024,05,PRT.11.15_1,0.18404478191361576,0.6726202877949826
2024,05,PRT.11.16_1,0.16000080223747137,0.63609818188137
2024,05,PRT.11.1_1,0.18933018403366292,0.6715087509319198
2024,05,PRT.11.2_1,0.11741128164230454,0.6247738891962278
2024,05,PRT.11.3_1,0.12612271463835978,0.6520159088986307
2024,05,PRT.11.4_1,0.08880053652002072,0.6143572161855565
2024,05,PRT.11.5_1,0.09978235190092324,0.6478092938748953
2024,05,PRT.11.6_1,0.17864475947099254,0.6769730775777769
2024,05,PRT.11.7_1,0.0626736008939375,0.5740191494204803
2024,05,PRT.11.8_1,0.09939729936062264,0.6270715013315918
2024,05,PRT.11.9_1,0.2408580327479897,0.6910259713569528
2024,05,PRT.12.10_1,0.18404877603558092,0.6773567041773045
2024,05,PRT.12.11_1,0.11770462603518793,0.6366698372142081
2024,05,PRT.12.12_1,0.14122224718963183,0.6675381538513883
2024,05,PRT.12.13_1,0.1998733942923367,0.6843682843639172
2024,05,PRT.12.14_1,0.07658076184795715,0.5825001093280961
2024,05,PRT.12.15_1,0.19905352218140182,0.6560632766273311
2024,05,PRT.12.16_1,0.1519462630698035,0.5852943844760202
2024,05,PRT.12.1_1,0.17539171976041393,0.5855239858878591
2024,05,PRT.12.2_1,0.14735762918795867,0.6388029707077026
2024,05,PRT.12.3_1,0.08778460631830626,0.5654434419917239
2024,05,PRT.12.4_1,0.1304073303741104,0.5518115781478072
2024,05,PRT.12.5_1,0.1400241138672565,0.6214638572576755
2024,05,PRT.12.6_1,0.08960998243915567,0.6674379465221821
2024,05,PRT.12.7_1,0.32474373935801415,0.6738603977375798
2024,05,PRT.12.8_1,0.182623172300956,0.6279961945041657
2024,05,PRT.12.9_1,0.14810487591122845,0.6693177043266949
2024,05,PRT.13.10_1,0.10920663064743374,0.6438491577764941
2024,05,PRT.13.11_1,0.07743603216991655,0.6372687552222441
2024,05,PRT.13.1_1,0.12692315412051564,0.700775484178477
2024,05,PRT.13.2_1,0.09925598739306975,0.622070734095827
2024,05,PRT.13.3_1,0.14061805930415733,0.640478698261063
2024,05,PRT.13.4_1,0.09988434004193482,0.653438187961624
2024,05,PRT.13.5_1,0.06333754151487213,0.6262781905945972
2024,05,PRT.13.6_1,0.08958382749637435,0.6615656133814811
2024,05,PRT.13.7_1,0.044896087633029685,0.581913876720014
2024,05,PRT.13.8_1,0.08907398091219684,0.627020651492756
2024,05,PRT.13.9_1,0.09992190335424021,0.6537655444198849
2024,05,PRT.14.10_1,0.07882323087392543,0.3619771289934785
2024,05,PRT.14.11_1,0.07908197619075667,0.3657089245303175
2024,05,PRT.14.12_1,0.13011016202968514,0.4302967866846601
2024,05,PRT.14.13_1,0.1092178985266946,0.4326939396556397
2024,05,PRT.14.14_1,0.12480581335476584,0.3707959562747504
2024,05,PRT.14.15_1,0.0824942182389675,0.42631252088372956
2024,05,PRT.14.1_1,0.0822095106193376,0.4191523101699753
2024,05,PRT.14.2_1,0.06698799375767345,0.33666276444262994
2024,05,PRT.14.3_1,0.11690783949392544,0.4366766431010355
2024,05,PRT.14.4_1,0.06575486635697327,0.3165501175988593
2024,05,PRT.14.5_1,0.079535435863400325,0.3718583342099442
2024,05,PRT.14.6_1,0.09871900020213363,0.3952087060432165
2024,05,PRT.14.7_1,0.12894916264264258,0.35310764404025585
2024,05,PRT.14.8_1,0.07097026801293657,0.40820578533958557
2024,05,PRT.14.9_1,0.09278592652345535,0.43770213317506423
2024,05,PRT.15.10_1,0.22028191256095764,0.7442191071735269
2024,05,PRT.15.11_1,0.277342843890656,0.7570553447493079
2024,05,PRT.15.12_1,0.17442030207212153,0.7717597147183735
2024,05,PRT.15.13_1,0.14244454750303345,0.7689368977901204
2024,05,PRT.15.14_1,0.22022740581011596,0.7385318478733761
2024,05,PRT.15.15_1,0.1273427612852368,0.7452165942112803
2024,05,PRT.15.16_1,0.10060759419629982,0.7197643094115928
2024,05,PRT.15.17_1,0.24661239318075723,0.77115412395649785
2024,05,PRT.15.18_1,0.22058409184076824,0.7816560900178781
2024,05,PRT.15.1_1,0.28366235529300726,0.7149435840461336
2024,05,PRT.15.2_1,0.20005450245801612,0.6913500794620413
2024,05,PRT.15.3_1,0.2535390963872414,0.7067140309214797
2024,05,PRT.15.4_1,0.1559397889093059,0.7504566754132255
2024,05,PRT.15.5_1,0.22430071022066508,0.7103551450602668
2024,05,PRT.15.6_1,0.18561955756796703,0.7687952238349542
2024,05,PRT.15.7_1,0.250182319840788,0.7356822509076043
2024,05,PRT.15.8_1,0.1423123052598497,0.7506088902706535
2024,05,PRT.15.9_1,0.1795776336604392,0.7205983767136979
2024,05,PRT.16.10_1,0.06102846766096611,0.4917612003286183
2024,05,PRT.16.11_1,0.131923217606591,0.5924126113167396
2024,05,PRT.16.12_1,0.0608503901640095,0.486125069682287
2024,05,PRT.16.13_1,0.11946466035036353,0.47710672244603713
2024,05,PRT.16.14_1,0.18741158706003494,0.6182888315533998
2024,05,PRT.16.15_1,0.16444930218130185,0.5958414050385946
2024,05,PRT.16.16_1,0.10332961955602157,0.4718608112078239
2024,05,PRT.16.17_1,0.2306589461222104,0.5717295757248365
2024,05,PRT.16.18_1,0.08459099633529873,0.4691535802152948
2024,05,PRT.16.19_1,0.17395757662783295,0.5608488571607706
2024,05,PRT.16.1_1,0.18468742668991156,0.49307376879949694
2024,05,PRT.16.20_1,0.1791778099258308,0.5564018873381271
2024,05,PRT.16.21_1,0.09576081556762993,0.5015563338939456
2024,05,PRT.16.2_1,0.13869226583843208,0.5829176892320803
2024,05,PRT.16.3_1,0.08483981098209965,0.4767587569854509
2024,05,PRT.16.4_1,0.042783885866198114,0.4367537411706013
2024,05,PRT.16.5_1,0.08305156175055518,0.436527247631714
2024,05,PRT.16.6_1,0.12099885259470008,0.5088501330817506
2024,05,PRT.16.7_1,0.11188469521027276,0.4795139179604689
2024,05,PRT.16.8_1,0.07317965762528642,0.46079354442803583
2024,05,PRT.16.9_1,0.11627783794245386,0.42784078080476745
2024,05,PRT.17.10_1,0.10867646991932468,0.6213954440122665
2024,05,PRT.17.11_1,0.0766330881557309,0.5877552961511302
2024,05,PRT.17.12_1,0.11482943309503206,0.5467745254828079
2024,05,PRT.17.13_1,0.06203522842159034,0.5354813736534981
2024,05,PRT.17.1_1,0.10248084342834668,0.4637930626381558
2024,05,PRT.17.2_1,0.07602571579511119,0.5601423504636052
2024,05,PRT.17.3_1,0.14791847990559712,0.6619024116329277
2024,05,PRT.17.4_1,0.12506418491576302,0.618417194020873
2024,05,PRT.17.5_1,0.0955401490093329,0.5052809920153334
2024,05,PRT.17.6_1,0.10724844478247568,0.569414829208231
2024,05,PRT.17.7_1,0.11961907369212187,0.492481933243913
2024,05,PRT.17.8_1,0.09551026022046834,0.50231289156385
2024,05,PRT.17.9_1,0.14119575802799142,0.5056937115108914
2024,05,PRT.18.10_1,0.17439291690780323,0.8088319889857775
2024,05,PRT.18.1_1,0.32154257213045523,0.7843758694095933
2024,05,PRT.18.2_1,0.20145711132782215,0.7911973155272035
2024,05,PRT.18.3_1,0.19094496390272922,0.7568389373169032
2024,05,PRT.18.4_1,0.2586333187001889,0.8130166136139799
2024,05,PRT.18.5_1,0.20634737529969133,0.8002615820140945
2024,05,PRT.18.6_1,0.22508408844271605,0.7722095412021285
2024,05,PRT.18.7_1,0.32168983934815076,0.7970259559380298
2024,05,PRT.18.8_1,0.18013105755317102,0.8147216700568038
2024,05,PRT.18.9_1,0.27396113633169755,0.7885789981948503
2024,05,PRT.19.10_1,0.1703174513360889,0.5954747069204295
2024,05,PRT.19.11_1,0.14083670067043547,0.6519342153300467
2024,05,PRT.19.12_1,0.1301685829110872,0.5452603582078953
2024,05,PRT.19.13_1,0.08789335424874857,0.570504706909196
2024,05,PRT.19.14_1,0.2427247437452627,0.6338908849441204
2024,05,PRT.19.1_1,0.18980537479421597,0.5643738788775754
2024,05,PRT.19.3_1,0.13849411119726238,0.578148981220463
2024,05,PRT.19.4_1,0.11807300763243318,0.6570631231674604
2024,05,PRT.19.5_1,0.12587835747630055,0.6414694548997266
2024,05,PRT.19.6_1,0.15426857717179296,0.6528188058936125
2024,05,PRT.19.7_1,0.130717308048651,0.5571448665266042
2024,05,PRT.19.8_1,0.1537102078677748,0.6369224460825239
2024,05,PRT.19.9_1,0.08904593538567138,0.6278811700996135
2024,05,PRT.2.10_1,0.210036040279767,0.8933059405684258
2024,05,PRT.2.11_1,0.11013108278181233,0.8207547831473061
2024,05,PRT.2.12_1,0.1489583445981197,0.853310320425266
2024,05,PRT.2.13_1,0.1681468389554705,0.8511870779329401
2024,05,PRT.2.15_1,0.07771037305415227,0.8080432342559551
2024,05,PRT.2.16_1,0.10049809621247613,0.8209245387893654
2024,05,PRT.2.19_1,0.10052589600208281,0.8077471399020779
2024,05,PRT.2.1_1,0.1555215543258455,0.8619040560155191
2024,05,PRT.2.4_1,0.14210848125615141,0.8436403187895417
2024,05,PRT.2.5_1,0.08937844754062718,0.8576702865457813
2024,05,PRT.2.6_1,0.0447994615241956,0.7054273253892511
2024,05,PRT.2.7_1,0.07779786385226442,0.7939745447575667
2024,05,PRT.2.8_1,0.11010179818110447,0.8257529357866006
2024,05,PRT.2.9_1,0.13498642476959627,0.8192250337896094
2024,05,PRT.20.10_1,0.15512900312361508,0.6897498183809357
2024,05,PRT.20.11_1,0.15897346386999076,0.6051754334806818
2024,05,PRT.20.12_1,0.128737904836837,0.514560776028716
2024,05,PRT.20.13_1,0.17268283940701207,0.6641214550299298
2024,05,PRT.20.14_1,0.1343150153210779,0.6834206078910136
2024,05,PRT.20.15_1,0.16214180266449918,0.5471432372743461
2024,05,PRT.20.16_1,0.19540525128792632,0.7059934947040302
2024,05,PRT.20.17_1,0.1520850562708557,0.5874646136194477
2024,05,PRT.20.18_1,0.17828665434377952,0.5443091691094494
2024,05,PRT.20.19_1,0.18077141712340777,0.5859296302931039
2024,05,PRT.20.1_1,0.19213206181220108,0.6064442062629001
2024,05,PRT.20.20_1,0.13954523980800312,0.6064649621091994
2024,05,PRT.20.21_1,0.22750625480518927,0.6720598056445952
2024,05,PRT.20.22_1,0.11693920532713688,0.6060709627848385
2024,05,PRT.20.23_1,0.26004363545576015,0.6736568914540658
2024,05,PRT.20.24_1,0.15496607484231206,0.6820929723975548
2024,05,PRT.20.2_1,0.11842193101512548,0.6764773197888375
2024,05,PRT.20.3_1,0.20902997138700685,0.6655302422281953
2024,05,PRT.20.4_1,0.18466457722404414,0.6993830603669685
2024,05,PRT.20.5_1,0.21716456410926238,0.6346185076789249
2024,05,PRT.20.6_1,0.1874916434909456,0.617304197330902
2024,05,PRT.20.7_1,0.19580979321389655,0.5830496388605274
2024,05,PRT.20.8_1,0.14124640235398964,0.6668843012886995
2024,05,PRT.20.9_1,0.13377585623285795,0.6540122335283657
2024,05,PRT.3.10_1,0.10857948610854744,0.3374832862886302
2024,05,PRT.3.11_1,0.17498606851863624,0.5013861227382667
2024,05,PRT.3.12_1,0.10182320717125287,0.44330212317442796
2024,05,PRT.3.13_1,0.10215114310665707,0.34273369648668256
2024,05,PRT.3.14_1,0.0796587096686645,0.3743294584157511
2024,05,PRT.3.1_1,0.0903899883856493,0.3980842469377974
2024,05,PRT.3.2_1,0.11049486818496279,0.3584765456390562
2024,05,PRT.3.3_1,0.05702210917582978,0.37667883988417666
2024,05,PRT.3.4_1,0.03826953303515189,0.3005069472777315
2024,05,PRT.3.5_1,0.16559771441312945,0.3608289863759767
2024,05,PRT.3.6_1,0.08760203983036009,0.35780505467751206
2024,05,PRT.3.7_1,0.0800198804625321,0.379430492896886
2024,05,PRT.3.8_1,0.0996984702372737,0.4093684855603495
2024,05,PRT.3.9_1,0.1148058751974987,0.33382527686065105
2024,05,PRT.4.10_1,0.18538176661989003,0.7367970351518593
2024,05,PRT.4.11_1,0.2054117900984841,0.7053651860652954
2024,05,PRT.4.12_1,0.3147478733572743,0.7457177639164188
2024,05,PRT.4.13_1,0.3430526322088697,0.7924342285483011
2024,05,PRT.4.14_1,0.11878586578573491,0.7077511618174496
2024,05,PRT.4.1_1,0.22050061525403145,0.7583609988696723
2024,05,PRT.4.2_1,0.4246347623929777,0.7709021237124184
2024,05,PRT.4.3_1,0.3508329896719591,0.7347981691133707
2024,05,PRT.4.4_1,0.18449464596473789,0.6890616417879282
2024,05,PRT.4.5_1,0.20989994479918747,0.6902356521946552
2024,05,PRT.4.6_1,0.14234058393263807,0.7512217209934975
2024,05,PRT.4.7_1,0.2692517659528885,0.7192810763678273
2024,05,PRT.4.8_1,0.3758695066995892,0.7350409529949407
2024,05,PRT.4.9_1,0.24206081638792848,0.7390690306813577
2024,05,PRT.5.10_1,0.18535843306587718,0.49909472916142106
2024,05,PRT.5.11_1,0.15869234744541552,0.4927792934303689
2024,05,PRT.5.12_1,0.2572907645901307,0.5640276142068428
2024,05,PRT.5.1_1,0.19103408470401373,0.5100613695067856
2024,05,PRT.5.2_1,0.3011294145596678,0.5338753071891104
2024,05,PRT.5.3_1,0.18669586482267397,0.5174748598232034
2024,05,PRT.5.4_1,0.10406401500283588,0.4860529083023399
2024,05,PRT.5.5_1,0.26417983434609776,0.5209149238939805
2024,05,PRT.5.6_1,0.17397594960004692,0.48322155111592696
2024,05,PRT.5.7_1,0.26299060410671665,0.5452491006015517
2024,05,PRT.5.8_1,0.2246039018791877,0.4971523864910423
2024,05,PRT.5.9_1,0.1756704806570056,0.5050685590346384
2024,05,PRT.6.10_1,0.074955157593133,0.5147310466883832
2024,05,PRT.6.11_1,0.08225238080940399,0.42107481656487683
2024,05,PRT.6.1_1,0.09495756674344656,0.4828178428166505
2024,05,PRT.6.2_1,0.20367160100925702,0.42064012981647136
2024,05,PRT.6.3_1,0.23884115205481676,0.5243107143479351
2024,05,PRT.6.4_1,0.23374050734321297,0.47679822899227103
2024,05,PRT.6.5_1,0.16167254754480917,0.36526282521508235
2024,05,PRT.6.6_1,0.14949681016257582,0.5348064677434484
2024,05,PRT.6.7_1,0.13931343590792097,0.3997393732146782
2024,05,PRT.6.8_1,0.10190422398496758,0.44744664635563386
2024,05,PRT.6.9_1,0.16337007136528303,0.5734069723642676
2024,05,PRT.7.10_1,0.1676478092225981,0.6996380593030157
2024,05,PRT.7.11_1,0.2037366372027549,0.6515798791878299
2024,05,PRT.7.12_1,0.13955231195389406,0.6052595899974582
2024,05,PRT.7.13_1,0.1485445135483907,0.6897652675942508
2024,05,PRT.7.14_1,0.10961195213652143,0.6681998582237038
2024,05,PRT.7.15_1,0.15479959064645565,0.6738650925884161
2024,05,PRT.7.16_1,0.1728520709078994,0.6672831523315399
2024,05,PRT.7.17_1,0.08943804492883371,0.6504384144125515
2024,05,PRT.7.1_1,0.18842826619831157,0.6462102599942018
2024,05,PRT.7.2_1,0.195199628256325,0.6966464886008616
2024,05,PRT.7.3_1,0.24943100543503038,0.7017735647174872
2024,05,PRT.7.4_1,0.1416192481569429,0.68595729157543
2024,05,PRT.7.5_1,0.18526175923132202,0.7275793283133793
2024,05,PRT.7.6_1,0.09947833220068186,0.6326934867594387
2024,05,PRT.7.7_1,0.1095940545016106,0.6694150045279686
2024,05,PRT.7.8_1,0.08987576775952277,0.694290312066052
2024,05,PRT.7.9_1,0.10009555174529876,0.6675667390339476
2024,05,PRT.8.10_1,0.05728361466231432,0.38234095690501907
2024,05,PRT.8.11_1,0.08786858339800888,0.35962120883785537
2024,05,PRT.8.12_1,0.0590325136314259,0.42742423739584123
2024,05,PRT.8.13_1,0.07170185331802731,0.42450351116666324
2024,05,PRT.8.14_1,0.08859026922030194,0.3713562164979173
2024,05,PRT.8.1_1,0.09642707194256421,0.36395223045916425
2024,05,PRT.8.2_1,0.10855430999993164,0.4242913027011943
2024,05,PRT.8.3_1,0.07795509984307127,0.34787334639666406
2024,05,PRT.8.4_1,0.1448331995084747,0.3957688486280253
2024,05,PRT.8.5_1,0.17810610041788738,0.4232810718825074
2024,05,PRT.8.6_1,0.13050016757625316,0.4358719502723948
2024,05,PRT.8.7_1,0.08319925998743359,0.43912603662936905
2024,05,PRT.8.8_1,0.0678290818419937,0.3490733548271835
2024,05,PRT.8.9_1,0.11206506708443745,0.3766912881289607
2024,05,PRT.9.10_1,0.08563315160641348,0.49757147217167436
2024,05,PRT.9.11_1,0.07281629535451539,0.45531559752317907
2024,05,PRT.9.12_1,0.03832542011588396,0.30178028180009475
2024,05,PRT.9.13_1,0.10629376804422422,0.39139169520955047
2024,05,PRT.9.14_1,0.1180523676390522,0.37024804297552194
2024,05,PRT.9.15_1,0.09964684387223124,0.6465765829821013
2024,05,PRT.9.16_1,0.06678129679634791,0.3323498802689899
2024,05,PRT.9.1_1,0.06955946972711705,0.38607624962618264
2024,05,PRT.9.2_1,0.08678977726346115,0.34508138653543413
2024,05,PRT.9.3_1,0.08790144023506861,0.5709322732782071
2024,05,PRT.9.4_1,0.07713944841170559,0.33900756530218645
2024,05,PRT.9.5_1,0.10333347135948759,0.47735875665719063
2024,05,PRT.9.6_1,0.07197604403005464,0.431992297399929
2024,05,PRT.9.7_1,0.0975782877793361,0.5599197438197653
2024,05,PRT.9.8_1,0.13240769612955042,0.3939984092918696
2024,05,PRT.9.9_1,0.07207511717799162,0.43462890479779753
2024,05,ROU.1.10_1,0.043364039552548535,0.4634937661402299
2024,05,ROU.1.15_1,0.043958989767987684,0.4966004637216748
2024,05,ROU.1.32_1,0.04367824506444821,0.4800471149309526
2024,05,ROU.1.38_1,0.04081189145559935,0.3667203424406215
2024,05,ROU.1.44_1,0.04224635367613271,0.4151070542904258
2024,05,ROU.1.45_1,0.04160819610898021,0.3921870328878869
2024,05,ROU.1.46_1,0.0426322080929002,0.43038706855878506
2024,05,ROU.1.4_1,0.04315373744223173,0.4533070899613238
2024,05,ROU.1.51_1,0.04323412971881566,0.4571270935284136
2024,05,ROU.1.54_1,0.04312653002451148,0.4520337554389605
2024,05,ROU.1.6_1,0.043312684990291186,0.4609470970955034
2024,05,ROU.1.71_1,0.042570050032362805,0.4278403995140585
2024,05,ROU.10.1_1,0.04182898863723297,0.3998270400220666
2024,05,ROU.11.14_1,0.03804302868070253,0.2954136091882784
2024,05,ROU.11.16_1,0.04186499511449518,0.4011003745444298
2024,05,ROU.11.18_1,0.04266296757499041,0.43166040308114817
2024,05,ROU.11.1_1,0.04019703999795118,0.3488936591275358
2024,05,ROU.11.21_1,0.04304367235259492,0.4482137518718707
2024,05,ROU.11.23_1,0.041300958389954026,0.3820003567089808
2024,05,ROU.11.49_1,0.0407695760623561,0.3654470079182581
2024,05,ROU.11.68_1,0.04089579503666088,0.3692670114853481
2024,05,ROU.11.80_1,0.03775314688641575,0.2890469365764621
2024,05,ROU.12.12_1,0.04266296757499041,0.43166040308114817
2024,05,ROU.12.14_1,0,0
2024,05,ROU.12.18_1,0.04260123573357259,0.4291137340364218
2024,05,ROU.12.19_1,0.04186499511449517,0.4011003745444298
2024,05,ROU.12.21_1,0,0
2024,05,ROU.12.25_1,0.04328670338930718,0.45967376257314013
2024,05,ROU.12.2_1,0.042006778784172846,0.40619371263388293
2024,05,ROU.12.30_1,0,0
2024,05,ROU.12.32_1,0.04247520816223871,0.4240203959469687
2024,05,ROU.12.35_1,0,0
2024,05,ROU.12.39_1,0.04237842904483137,0.4202003923798789
2024,05,ROU.12.3_1,0.04348889219756412,0.4698604387520463
2024,05,ROU.12.43_1,0,0
2024,05,ROU.12.4_1,0.043043672352594944,0.4482137518718707
2024,05,ROU.12.5_1,0.042570050032362826,0.4278403995140585
2024,05,ROU.12.7_1,0.04179275678236922,0.39855370549970315
2024,05,ROU.12.8_1,0.04275397333659141,0.4354804066482381
2024,05,ROU.12.9_1,0,0
2024,05,ROU.14.10_1,0.042538650520058514,0.4265670649916951
2024,05,ROU.14.11_1,0.0423784290448314,0.4202003923798789
2024,05,ROU.14.12_1,0.04241090481351478,0.421473726902242
2024,05,ROU.14.13_1,0.04266296757499041,0.43166040308114817
2024,05,ROU.14.14_1,0.042110777988779206,0.4100137162009727
2024,05,ROU.14.15_1,0.04358516240196348,0.47495377684149936
2024,05,ROU.14.16_1,0.040853964197399194,0.3679936769629848
2024,05,ROU.14.17_1,0.042179005461435076,0.4125603852456991
2024,05,ROU.14.18_1,0.04399925321087614,0.4991471327664015
2024,05,ROU.14.19_1,0.042783885866198114,0.4367537411706013
2024,05,ROU.14.1_1,0.043608731090373894,0.47622711136386264
2024,05,ROU.14.20_1,0.0427539733365914,0.4354804066482381
2024,05,ROU.14.21_1,0.04275397333659142,0.4354804066482381
2024,05,ROU.14.22_1,0.04051054513574442,0.3578070007840787
2024,05,ROU.14.23_1,0.043312684990291186,0.4609470970955034
2024,05,ROU.14.24_1,0.042246353676132845,0.4151070542904258
2024,05,ROU.14.25_1,0.0429302978935883,0.4431204137824176
2024,05,ROU.14.26_1,0.042783885866198114,0.4367537411706013
2024,05,ROU.14.27_1,0.042538650520058514,0.4265670649916951
2024,05,ROU.14.28_1,0.04214500189795181,0.411287050723336
2024,05,ROU.14.29_1,0.04272384974343314,0.4342070721258747
2024,05,ROU.14.2_1,0.04269351463995867,0.43293373760351145
2024,05,ROU.14.30_1,0.042958953181548354,0.4443937483047809
2024,05,ROU.14.31_1,0.04227969937694151,0.41638038881278894
2024,05,ROU.14.32_1,0.04307149787431733,0.4494870863942341
2024,05,ROU.14.33_1,0.042872361475966445,0.44057374473769106
2024,05,ROU.14.34_1,0.04217900546143504,0.4125603852456991
2024,05,ROU.14.35_1,0.042813587774644286,0.4380270756929645
2024,05,ROU.14.36_1,0.0401051942227,0.3463469900828092
2024,05,ROU.14.37_1,0.04298740041286644,0.4456670828271442
2024,05,ROU.14.38_1,0.04179275678236922,0.39855370549970315
2024,05,ROU.14.39_1,0.04257005003236283,0.4278403995140585
2024,05,ROU.14.3_1,0.04298740041286644,0.4456670828271442
2024,05,ROU.14.40_1,0.04331268499029119,0.4609470970955034
2024,05,ROU.14.41_1,0.04287236147596641,0.44057374473769106
2024,05,ROU.14.42_1,0.04278388586619812,0.4367537411706013
2024,05,ROU.14.43_1,0.04231282683134704,0.4176537233351523
2024,05,ROU.14.44_1,0.04376816052205841,0.48514045302040554
2024,05,ROU.14.45_1,0.04257005003236284,0.4278403995140585
2024,05,ROU.14.46_1,0.04204166697744381,0.40746704715624604
2024,05,ROU.14.47_1,0.041756298963223165,0.39728037097734004
2024,05,ROU.14.48_1,0.04250703672284072,0.42529373046933183
2024,05,ROU.14.49_1,0.04331268499029119,0.4609470970955034
2024,05,ROU.14.4_1,0.04253865052005853,0.4265670649916951
2024,05,ROU.14.50_1,0.042872361475966424,0.44057374473769106
2024,05,ROU.14.51_1,0.04328670338930721,0.45967376257314013
2024,05,ROU.14.52_1,0.04275397333659141,0.4354804066482381
2024,05,ROU.14.53_1,0.04134017568105079,0.3832736912313441
2024,05,ROU.14.54_1,0.04224635367613271,0.4151070542904258
2024,05,ROU.14.55_1,0.04134017568105079,0.3832736912313441
2024,05,ROU.14.56_1,0.041570599466162754,0.39091369836552353
2024,05,ROU.14.57_1,0.04211077798877917,0.4100137162009727
2024,05,ROU.14.58_1,0.04284307949998234,0.4393004102153278
2024,05,ROU.14.59_1,0.043071497874317355,0.4494870863942341
2024,05,ROU.14.5_1,0.04231282683134703,0.4176537233351523
2024,05,ROU.14.60_1,0.04200677878417279,0.40619371263388293
2024,05,ROU.14.61_1,0.04247520816223873,0.4240203959469687
2024,05,ROU.14.62_1,0.04217900546143506,0.4125603852456991
2024,05,ROU.14.63_1,0.0427539733365914,0.4354804066482381
2024,05,ROU.14.64_1,0.04309911696608772,0.4507604209165974
2024,05,ROU.14.65_1,0.04358516240196348,0.47495377684149936
2024,05,ROU.14.66_1,0.04141791052070673,0.3858203602760706
2024,05,ROU.14.67_1,0.04126150696589533,0.3807270221866175
2024,05,ROU.14.68_1,0.042662967574990426,0.43166040308114817
2024,05,ROU.14.69_1,0.043180739607960136,0.4545804244836871
2024,05,ROU.14.6_1,0.042475208162238744,0.4240203959469687
2024,05,ROU.14.70_1,0.0407695760623561,0.3654470079182581
2024,05,ROU.14.71_1,0.04122182073664341,0.37945368766425425
2024,05,ROU.14.72_1,0.04175629896322316,0.39728037097734004
2024,05,ROU.14.73_1,0.040197039997951184,0.3488936591275358
2024,05,ROU.14.74_1,0.04072701726132468,0.364173673395895
2024,05,ROU.14.75_1,0.041340175681050806,0.3832736912313441
2024,05,ROU.14.76_1,0.04145642938135019,0.38709369479843386
2024,05,ROU.14.77_1,0.04263220809290025,0.43038706855878506
2024,05,ROU.14.78_1,0.042958953181548354,0.4443937483047809
2024,05,ROU.14.79_1,0.04028786993464547,0.3514403281722623
2024,05,ROU.14.7_1,0.041532773216923176,0.3896403638431604
2024,05,ROU.14.80_1,0.042843079499982346,0.4393004102153278
2024,05,ROU.14.8_1,0.04257005003236281,0.4278403995140585
2024,05,ROU.14.9_1,0.04257005003236283,0.4278403995140585
2024,05,ROU.15.10_1,0.0424109048135148,0.421473726902242
2024,05,ROU.15.11_1,0.043938566913871845,0.4953271291993117
2024,05,ROU.15.12_1,0.041682703056735305,0.3947337019326135
2024,05,ROU.15.13_1,0.0436782450644482,0.4800471149309526
2024,05,ROU.15.14_1,0.04304367235259493,0.4482137518718707
2024,05,ROU.15.15_1,0.04315373744223171,0.4533070899613238
2024,05,ROU.15.16_1,0.04372359745650559,0.482593783975679
2024,05,ROU.15.17_1,0.0442936446467089,0.5195204851242137
2024,05,ROU.15.18_1,0.04358516240196345,0.47495377684149936
2024,05,ROU.15.19_1,0.04427667845133209,0.5182471506018506
2024,05,ROU.15.1_1,0.044467791420287915,0.5335271648702097
2024,05,ROU.15.20_1,0.04168270305673531,0.3947337019326135
2024,05,ROU.15.21_1,0.04372359745650561,0.482593783975679
2024,05,ROU.15.22_1,0.043043672352594944,0.4482137518718707
2024,05,ROU.15.23_1,0.04304367235259491,0.4482137518718707
2024,05,ROU.15.24_1,0.043678245064448215,0.4800471149309526
2024,05,ROU.15.25_1,0.040510545135744445,0.3578070007840787
2024,05,ROU.15.26_1,0.0420416669774438,0.40746704715624604
2024,05,ROU.15.27_1,0.042041666977443805,0.40746704715624604
2024,05,ROU.15.28_1,0.04393856691387183,0.4953271291993117
2024,05,ROU.15.29_1,0.04290143413208172,0.44184707926005434
2024,05,ROU.15.2_1,0.043043672352594944,0.4482137518718707
2024,05,ROU.15.30_1,0.042753973336591415,0.4354804066482381
2024,05,ROU.15.31_1,0.044828009175110324,0.5717272005411078
2024,05,ROU.15.32_1,0.04260123573357263,0.4291137340364218
2024,05,ROU.15.33_1,0.04333846359069348,0.4622204316178667
2024,05,ROU.15.34_1,0.0445113357091594,0.5373471684372995
2024,05,ROU.15.35_1,0.04309911696608772,0.4507604209165974
2024,05,ROU.15.36_1,0.04358516240196346,0.47495377684149936
2024,05,ROU.15.37_1,0.04348889219756412,0.4698604387520463
2024,05,ROU.15.38_1,0.043608731090373914,0.47622711136386264
2024,05,ROU.15.39_1,0.043043672352594944,0.4482137518718707
2024,05,ROU.15.3_1,0.044539429738011276,0.539893837482026
2024,05,ROU.15.40_1,0.043207536906507374,0.4558537590060502
2024,05,ROU.15.41_1,0.044242175755812546,0.515700481557124
2024,05,ROU.15.42_1,0.04399925321087613,0.4991471327664015
2024,05,ROU.15.43_1,0.042723849743433136,0.4342070721258747
2024,05,ROU.15.44_1,0.042410904813514824,0.421473726902242
2024,05,ROU.15.45_1,0.04263220809290025,0.43038706855878506
2024,05,ROU.15.46_1,0.044359613473385275,0.5246138232136668
2024,05,ROU.15.47_1,0.042901434132081875,0.44184707926005434
2024,05,ROU.15.48_1,0.04290143413208187,0.44184707926005434
2024,05,ROU.15.49_1,0.042570050032362826,0.4278403995140585
2024,05,ROU.15.4_1,0.04448249352450108,0.5348004993925731
2024,05,ROU.15.50_1,0.04370102007887905,0.48132044945331587
2024,05,ROU.15.51_1,0.042246353676132706,0.4151070542904258
2024,05,ROU.15.52_1,0.042753973336591394,0.4354804066482381
2024,05,ROU.15.53_1,0.04266296757499041,0.43166040308114817
2024,05,ROU.15.54_1,0.042632208092900206,0.43038706855878506
2024,05,ROU.15.55_1,0.04363210088454356,0.4775004458862259
2024,05,ROU.15.56_1,0.0429302978935883,0.4431204137824176
2024,05,ROU.15.58_1,0.04353742704765311,0.4724071077967728
2024,05,ROU.15.59_1,0.0411417411405587,0.3769070186195277
2024,05,ROU.15.5_1,0.04284307949998235,0.4393004102153278
2024,05,ROU.15.6_1,0.04445290172776871,0.5322538303478466
2024,05,ROU.15.7_1,0.04376816052205841,0.48514045302040554
2024,05,ROU.15.8_1,0.04363210088454356,0.4775004458862259
2024,05,ROU.15.9_1,0.04407745842778293,0.5042404708558544
2024,05,ROU.15_1,0.04348889219756413,0.4698604387520463
2024,05,ROU.17.18_1,0.041494716733337766,0.388367029320797
2024,05,ROU.17.20_1,0.040242581514413456,0.350166993649899
2024,05,ROU.17.22_1,0.04186499511449518,0.4011003745444298
2024,05,ROU.17.23_1,0.04089579503666087,0.3692670114853481
2024,05,ROU.17.39_1,0.04287236147596641,0.44057374473769106
2024,05,ROU.17.47_1,0.0429302978935883,0.4431204137824176
2024,05,ROU.17.50_1,0.04028786993464545,0.3514403281722623
2024,05,ROU.17.56_1,0.04072701726132468,0.364173673395895
2024,05,ROU.17.57_1,0.04130095838995403,0.3820003567089808
2024,05,ROU.17.5_1,0.04287236147596644,0.44057374473769106
2024,05,ROU.17.64_1,0.04153277321692316,0.3896403638431604
2024,05,ROU.17.68_1,0.04179275678236922,0.39855370549970315
2024,05,ROU.17.75_1,0.0424109048135148,0.421473726902242
2024,05,ROU.17.80_1,0.043678245064448215,0.4800471149309526
2024,05,ROU.17.9_1,0.041340175681050806,0.3832736912313441
2024,05,ROU.18.11_1,0,0
2024,05,ROU.18.19_1,0,0
2024,05,ROU.18.30_1,0,0
2024,05,ROU.18.34_1,0,0
2024,05,ROU.18.36_1,0,0
2024,05,ROU.18.50_1,0,0
2024,05,ROU.18.70_1,0,0
2024,05,ROU.18.73_1,0,0
2024,05,ROU.19.11_1,0.0383810141862985,0.30305361632245803
2024,05,ROU.19.22_1,0.03769425655575065,0.2877736020540988
2024,05,ROU.19.23_1,0.03775314688641573,0.2890469365764621
2024,05,ROU.19.25_1,0.039482938580030276,0.3297936412920867
2024,05,ROU.19.32_1,0.039077633174504446,0.31960696511318054
2024,05,ROU.19.38_1,0.038269533035151945,0.3005069472777315
2024,05,ROU.19.49_1,0.038100100803195244,0.2966869437106415
2024,05,ROU.19.59_1,0.038436316517819556,0.30432695084482114
2024,05,ROU.2.20_1,0.042901434132081855,0.44184707926005434
2024,05,ROU.2.27_1,0.04221278921171478,0.4138337197680624
2024,05,ROU.2.34_1,0.041936334254686555,0.4036470435891564
2024,05,ROU.2.37_1,0.043015640000319426,0.4469404173495074
2024,05,ROU.2.40_1,0.042345736551558245,0.4189270578575156
2024,05,ROU.2.44_1,0.04348889219756411,0.4698604387520463
2024,05,ROU.2.45_1,0.04244316435509432,0.42274706142460544
2024,05,ROU.2.47_1,0.04307149787431733,0.4494870863942341
2024,05,ROU.2.74_1,0.042632208092900255,0.43038706855878506
2024,05,ROU.20.10_1,0.04244316435509433,0.42274706142460544
2024,05,ROU.20.11_1,0.04269351463995867,0.43293373760351145
2024,05,ROU.20.12_1,0.041792756782369225,0.39855370549970315
2024,05,ROU.20.13_1,0.042345736551558225,0.4189270578575156
2024,05,ROU.20.14_1,0.04134017568105079,0.3832736912313441
2024,05,ROU.20.15_1,0.04333846359069347,0.4622204316178667
2024,05,ROU.20.16_1,0.04186499511449515,0.4011003745444298
2024,05,ROU.20.17_1,0.04343955517187845,0.46731376970731975
2024,05,ROU.20.18_1,0.04207633319624664,0.40874038167860943
2024,05,ROU.20.19_1,0.0429302978935883,0.4431204137824176
2024,05,ROU.20.1_1,0.04175629896322318,0.39728037097734004
2024,05,ROU.20.20_1,0.04348889219756411,0.4698604387520463
2024,05,ROU.20.21_1,0.041828988637232965,0.3998270400220666
2024,05,ROU.20.22_1,0.04323412971881569,0.4571270935284136
2024,05,ROU.20.23_1,0.04145642938135018,0.38709369479843386
2024,05,ROU.20.24_1,0.0423784290448314,0.4202003923798789
2024,05,ROU.20.25_1,0.04237842904483139,0.4202003923798789
2024,05,ROU.20.26_1,0.04175629896322316,0.39728037097734004
2024,05,ROU.20.27_1,0.042901434132081875,0.44184707926005434
2024,05,ROU.20.28_1,0.04149471673333773,0.388367029320797
2024,05,ROU.20.29_1,0.04295895318154836,0.4443937483047809
2024,05,ROU.20.2_1,0.04295895318154837,0.4443937483047809
2024,05,ROU.20.30_1,0.04323412971881567,0.4571270935284136
2024,05,ROU.20.31_1,0.04284307949998235,0.4393004102153278
2024,05,ROU.20.32_1,0.04221278921171477,0.4138337197680624
2024,05,ROU.20.33_1,0.04190077679517471,0.402373709066793
2024,05,ROU.20.34_1,0.042872361475966424,0.44057374473769106
2024,05,ROU.20.35_1,0.04247520816223871,0.4240203959469687
2024,05,ROU.20.36_1,0.043153737442231714,0.4533070899613238
2024,05,ROU.20.37_1,0.043338463590693495,0.4622204316178667
2024,05,ROU.20.38_1,0.04101984351836788,0.37308701505243774
2024,05,ROU.20.39_1,0.04301564000031939,0.4469404173495074
2024,05,ROU.20.3_1,0.041379159504888734,0.3845470257537073
2024,05,ROU.20.40_1,0.042475208162238716,0.4240203959469687
2024,05,ROU.20.41_1,0.04287236147596646,0.44057374473769106
2024,05,ROU.20.42_1,0.04284307949998233,0.4393004102153278
2024,05,ROU.20.43_1,0.043260518421985424,0.45840042805077685
2024,05,ROU.20.44_1,0.04237842904483138,0.4202003923798789
2024,05,ROU.20.45_1,0.04137915950488875,0.3845470257537073
2024,05,ROU.20.46_1,0.042601235733572614,0.4291137340364218
2024,05,ROU.20.47_1,0.04168270305673533,0.3947337019326135
2024,05,ROU.20.48_1,0.043153737442231714,0.4533070899613238
2024,05,ROU.20.49_1,0.04399925321087615,0.4991471327664015
2024,05,ROU.20.4_1,0.041456429381350204,0.38709369479843386
2024,05,ROU.20.5_1,0.04186499511449519,0.4011003745444298
2024,05,ROU.20.6_1,0.04200677878417288,0.40619371263388293
2024,05,ROU.20.7_1,0.04211077798877923,0.4100137162009727
2024,05,ROU.20.8_1,0.042723849743433136,0.4342070721258747
2024,05,ROU.20.9_1,0.04145642938135022,0.38709369479843386
2024,05,ROU.24.27_1,0.03815687468603617,0.29796027823300497
2024,05,ROU.24.28_1,0.03815687468603618,0.29796027823300497
2024,05,ROU.24.31_1,0.03938324079275033,0.32724697224736016
2024,05,ROU.24.59_1,0.038921112277703195,0.31578696154609087
2024,05,ROU.24.60_1,0.03664475876325011,0.26612691517392334
2024,05,ROU.24.7_1,0.036318014676924894,0.2597602425621067
2024,05,ROU.24.82_1,0.03775314688641566,0.2890469365764621
2024,05,ROU.24.83_1,0.03763505824804353,0.2865002675317357
2024,05,ROU.24.86_1,0.038708495625572555,0.3106936234566378
2024,05,ROU.24.8_1,0.03787000935619753,0.29159360562118875
2024,05,ROU.25.10_1,0.04193633425468655,0.4036470435891564
2024,05,ROU.25.11_1,0.0403776908881926,0.35398699721698884
2024,05,ROU.25.22_1,0.04182898863723295,0.3998270400220666
2024,05,ROU.25.24_1,0.040641166372810615,0.36162700435116846
2024,05,ROU.25.28_1,0.04193633425468657,0.4036470435891564
2024,05,ROU.25.45_1,0.041494716733337746,0.388367029320797
2024,05,ROU.25.47_1,0.043043672352594896,0.4482137518718707
2024,05,ROU.26.10_1,0.04076957606235611,0.3654470079182581
2024,05,ROU.26.11_1,0.040853964197399194,0.3679936769629848
2024,05,ROU.26.12_1,0.04237842904483138,0.4202003923798789
2024,05,ROU.26.13_1,0.041417910520706785,0.3858203602760706
2024,05,ROU.26.14_1,0.04179275678236921,0.39855370549970315
2024,05,ROU.26.15_1,0.042145001897951534,0.411287050723336
2024,05,ROU.26.16_1,0.04237842904483138,0.4202003923798789
2024,05,ROU.26.17_1,0.041221820736643426,0.37945368766425425
2024,05,ROU.26.18_1,0.041379159504888734,0.3845470257537073
2024,05,ROU.26.19_1,0.04266296757499041,0.43166040308114817
2024,05,ROU.26.1_1,0.04234573655155829,0.4189270578575156
2024,05,ROU.26.20_1,0.04168270305673532,0.3947337019326135
2024,05,ROU.26.21_1,0.04182898863723294,0.3998270400220666
2024,05,ROU.26.22_1,0.04244316435509435,0.42274706142460544
2024,05,ROU.26.23_1,0.04106071409056481,0.3743603495748012
2024,05,ROU.26.24_1,0.04207633319624661,0.40874038167860943
2024,05,ROU.26.25_1,0.04175629896322315,0.39728037097734004
2024,05,ROU.26.26_1,0.04197166806289571,0.40492037811151965
2024,05,ROU.26.27_1,0.04193633425468658,0.4036470435891564
2024,05,ROU.26.28_1,0.04046650957732252,0.3565336662617154
2024,05,ROU.26.29_1,0.04093738471492889,0.3705403460077112
2024,05,ROU.26.2_1,0.0404665095773225,0.3565336662617154
2024,05,ROU.26.30_1,0.04257005003236282,0.4278403995140585
2024,05,ROU.26.31_1,0.041756298963223144,0.39728037097734004
2024,05,ROU.26.32_1,0.041417910520706765,0.3858203602760706
2024,05,ROU.26.33_1,0.04097873396647384,0.37181368053007446
2024,05,ROU.26.34_1,0.03987108923002725,0.3399803174709929
2024,05,ROU.26.35_1,0.04106071409056483,0.3743603495748012
2024,05,ROU.26.36_1,0.04204166697744384,0.40746704715624604
2024,05,ROU.26.37_1,0.041417910520706806,0.3858203602760706
2024,05,ROU.26.38_1,0.04182898863723295,0.3998270400220666
2024,05,ROU.26.39_1,0.04114174114055873,0.3769070186195277
2024,05,ROU.26.3_1,0.04137915950488871,0.3845470257537073
2024,05,ROU.26.4_1,0.043015640000319426,0.4469404173495074
2024,05,ROU.26.5_1,0.04097873396647384,0.37181368053007446
2024,05,ROU.26.6_1,0.04101984351836791,0.37308701505243774
2024,05,ROU.26.7_1,0.04068421428863591,0.36290033887353174
2024,05,ROU.26.8_1,0.042410904813514755,0.421473726902242
2024,05,ROU.26.9_1,0.04214500189795152,0.411287050723336
2024,05,ROU.27.11_1,0,0
2024,05,ROU.27.12_1,0,0
2024,05,ROU.27.15_1,0,0
2024,05,ROU.27.19_1,0,0
2024,05,ROU.27.24_1,0.04234573655155825,0.4189270578575156
2024,05,ROU.27.40_1,0,0
2024,05,ROU.27.43_1,0,0
2024,05,ROU.27.44_1,0,0
2024,05,ROU.27.54_1,0,0
2024,05,ROU.27.69_1,0,0
2024,05,ROU.28.24_1,0,0
2024,05,ROU.28.48_1,0,0
2024,05,ROU.28.52_1,0,0
2024,05,ROU.29.19_1,0.040597872734672004,0.36035366982880507
2024,05,ROU.29.75_1,0.04126150696589531,0.3807270221866175
2024,05,ROU.29.89_1,0.040287869934645455,0.3514403281722623
2024,05,ROU.3.55_1,0.04097873396647384,0.37181368053007446
2024,05,ROU.3.67_1,0.04179275678236921,0.39855370549970315
2024,05,ROU.31.17_1,0,0
2024,05,ROU.31.34_1,0.04461923683361175,0.5475338446162056
2024,05,ROU.31.35_1,0.04461923683361173,0.5475338446162056
2024,05,ROU.31.38_1,0,0
2024,05,ROU.31.39_1,0,0
2024,05,ROU.31.42_1,0.043312684990291186,0.4609470970955034
2024,05,ROU.31.46_1,0.04326051842198545,0.45840042805077685
2024,05,ROU.31.54_1,0,0
2024,05,ROU.31.66_1,0.04417088285751068,0.5106071434676709
2024,05,ROU.31.75_1,0.04269351463995867,0.43293373760351145
2024,05,ROU.31.83_1,0.04395898976798768,0.4966004637216748
2024,05,ROU.31.86_1,0.04237842904483139,0.4202003923798789
2024,05,ROU.31.92_1,0.04272384974343313,0.4342070721258747
2024,05,ROU.32.100_1,0.041900776795174725,0.402373709066793
2024,05,ROU.32.10_1,0.04153277321692307,0.3896403638431604
2024,05,ROU.32.11_1,0.041417910520706785,0.3858203602760706
2024,05,ROU.32.12_1,0.042872361475966445,0.44057374473769106
2024,05,ROU.32.13_1,0.04114174114055873,0.3769070186195277
2024,05,ROU.32.14_1,0.03987108923002724,0.3399803174709929
2024,05,ROU.32.15_1,0.04336403955254854,0.4634937661402299
2024,05,ROU.32.16_1,0.04182898863723297,0.3998270400220666
2024,05,ROU.32.17_1,0.042345736551558225,0.4189270578575156
2024,05,ROU.32.18_1,0.04051054513574445,0.3578070007840787
2024,05,ROU.32.19_1,0.04081189145559936,0.3667203424406215
2024,05,ROU.32.1_1,0.04338941323419233,0.4647671006625932
2024,05,ROU.32.20_1,0.04389713758581986,0.49278046015458515
2024,05,ROU.32.21_1,0.042872361475966424,0.44057374473769106
2024,05,ROU.32.22_1,0.04085396419739924,0.3679936769629848
2024,05,ROU.32.23_1,0.04244316435509435,0.42274706142460544
2024,05,ROU.32.24_1,0.04064116637281061,0.36162700435116846
2024,05,ROU.32.25_1,0.04266296757499039,0.43166040308114817
2024,05,ROU.32.26_1,0.04182898863723292,0.3998270400220666
2024,05,ROU.32.27_1,0.0408539641973992,0.3679936769629848
2024,05,ROU.32.28_1,0.04320753690650736,0.4558537590060502
2024,05,ROU.32.29_1,0.042345736551558225,0.4189270578575156
2024,05,ROU.32.2_1,0.04106071409056486,0.3743603495748012
2024,05,ROU.32.30_1,0.04122182073664343,0.37945368766425425
2024,05,ROU.32.31_1,0.04237842904483137,0.4202003923798789
2024,05,ROU.32.32_1,0.04085396419739921,0.3679936769629848
2024,05,ROU.32.33_1,0.0430156400003194,0.4469404173495074
2024,05,ROU.32.34_1,0.04360873109037391,0.47622711136386264
2024,05,ROU.32.35_1,0.04309911696608772,0.4507604209165974
2024,05,ROU.32.36_1,0.04168270305673531,0.3947337019326135
2024,05,ROU.32.37_1,0.04358516240196348,0.47495377684149936
2024,05,ROU.32.38_1,0.040597872734672025,0.36035366982880507
2024,05,ROU.32.39_1,0.04278388586619812,0.4367537411706013
2024,05,ROU.32.3_1,0.042872361475966445,0.44057374473769106
2024,05,ROU.32.40_1,0.04068421428863587,0.36290033887353174
2024,05,ROU.32.41_1,0.04214500189795175,0.411287050723336
2024,05,ROU.32.42_1,0.04160819610898022,0.3921870328878869
2024,05,ROU.32.43_1,0.042507036722840764,0.42529373046933183
2024,05,ROU.32.44_1,0.04072701726132468,0.364173673395895
2024,05,ROU.32.45_1,0.04110134639597902,0.3756336840971643
2024,05,ROU.32.46_1,0.04153277321692315,0.3896403638431604
2024,05,ROU.32.47_1,0.04207633319624662,0.40874038167860943
2024,05,ROU.32.48_1,0.04106071409056481,0.3743603495748012
2024,05,ROU.32.49_1,0.040058888215118854,0.34507365556044595
2024,05,ROU.32.4_1,0.04093738471492889,0.3705403460077112
2024,05,ROU.32.50_1,0.042179005461435076,0.4125603852456991
2024,05,ROU.32.51_1,0.040332906111225926,0.35271366269462556
2024,05,ROU.32.52_1,0.0434888921975641,0.4698604387520463
2024,05,ROU.32.53_1,0.04072701726132468,0.364173673395895
2024,05,ROU.32.54_1,0.04064116637281064,0.36162700435116846
2024,05,ROU.32.55_1,0.04157059946616274,0.39091369836552353
2024,05,ROU.32.56_1,0.04304367235259496,0.4482137518718707
2024,05,ROU.32.57_1,0.0424752081622387,0.4240203959469687
2024,05,ROU.32.58_1,0.043513259725752824,0.4711337732744096
2024,05,ROU.32.59_1,0.04085396419739919,0.3679936769629848
2024,05,ROU.32.5_1,0.04179275678236922,0.39855370549970315
2024,05,ROU.32.60_1,0.03953238498460278,0.33106697581445
2024,05,ROU.32.61_1,0.04137915950488875,0.3845470257537073
2024,05,ROU.32.62_1,0.04145642938135018,0.38709369479843386
2024,05,ROU.32.63_1,0.04204166697744381,0.40746704715624604
2024,05,ROU.32.64_1,0.04224635367613272,0.4151070542904258
2024,05,ROU.32.65_1,0.041494716733337794,0.388367029320797
2024,05,ROU.32.66_1,0.0407695760623561,0.3654470079182581
2024,05,ROU.32.67_1,0.043439555171878474,0.46731376970731975
2024,05,ROU.32.68_1,0.04064116637281063,0.36162700435116846
2024,05,ROU.32.69_1,0.042813587774644286,0.4380270756929645
2024,05,ROU.32.6_1,0.04168270305673532,0.3947337019326135
2024,05,ROU.32.70_1,0.0421107779887792,0.4100137162009727
2024,05,ROU.32.71_1,0.04263220809290029,0.43038706855878506
2024,05,ROU.32.72_1,0.04358516240196348,0.47495377684149936
2024,05,ROU.32.73_1,0.041101346395979003,0.3756336840971643
2024,05,ROU.32.74_1,0.04072701726132468,0.364173673395895
2024,05,ROU.32.75_1,0.04137915950488874,0.3845470257537073
2024,05,ROU.32.76_1,0.04101984351836789,0.37308701505243774
2024,05,ROU.32.77_1,0.040242581514413456,0.350166993649899
2024,05,ROU.32.78_1,0.040811891455599346,0.3667203424406215
2024,05,ROU.32.79_1,0.04376816052205841,0.48514045302040554
2024,05,ROU.32.7_1,0.04312653002451148,0.4520337554389605
2024,05,ROU.32.80_1,0.043811936669683436,0.4876871220651321
2024,05,ROU.32.81_1,0.041456429381350156,0.38709369479843386
2024,05,ROU.32.82_1,0.04266296757499041,0.43166040308114817
2024,05,ROU.32.83_1,0.04122182073664344,0.37945368766425425
2024,05,ROU.32.84_1,0.04391794961114285,0.49405379467694843
2024,05,ROU.32.85_1,0.04389713758581986,0.49278046015458515
2024,05,ROU.32.86_1,0.043464324126360754,0.468587104229683
2024,05,ROU.32.87_1,0.04110134639597903,0.3756336840971643
2024,05,ROU.32.88_1,0.04157059946616279,0.39091369836552353
2024,05,ROU.32.89_1,0.04365527210389138,0.4787737804085892
2024,05,ROU.32.8_1,0.040597872734672025,0.36035366982880507
2024,05,ROU.32.90_1,0.04015124452403716,0.3476203246051725
2024,05,ROU.32.91_1,0.04227969937694152,0.41638038881278894
2024,05,ROU.32.92_1,0.042345736551558245,0.4189270578575156
2024,05,ROU.32.93_1,0.04346432412636075,0.468587104229683
2024,05,ROU.32.94_1,0.04130095838995402,0.3820003567089808
2024,05,ROU.32.95_1,0.041101346395979045,0.3756336840971643
2024,05,ROU.32.96_1,0.04122182073664341,0.37945368766425425
2024,05,ROU.32.97_1,0.042041666977443826,0.40746704715624604
2024,05,ROU.32.98_1,0.04106071409056481,0.3743603495748012
2024,05,ROU.32.99_1,0.0429302978935883,0.4431204137824176
2024,05,ROU.32.9_1,0.04217900546143507,0.4125603852456991
2024,05,ROU.33.20_1,0.04250703672284076,0.42529373046933183
2024,05,ROU.33.22_1,0.04295895318154836,0.4443937483047809
2024,05,ROU.33.23_1,0.043608731090373866,0.47622711136386264
2024,05,ROU.33.24_1,0.042783885866198114,0.4367537411706013
2024,05,ROU.33.25_1,0.043043672352594944,0.4482137518718707
2024,05,ROU.33.2_1,0.04309911696608771,0.4507604209165974
2024,05,ROU.33.43_1,0.04272384974343315,0.4342070721258747
2024,05,ROU.33.45_1,0.04217900546143506,0.4125603852456991
2024,05,ROU.33.46_1,0.04318073960796062,0.4545804244836871
2024,05,ROU.33.57_1,0.04211077798877919,0.4100137162009727
2024,05,ROU.33.58_1,0.04338941323419228,0.4647671006625932
2024,05,ROU.34.13_1,0,0
2024,05,ROU.34.18_1,0,0
2024,05,ROU.34.23_1,0.04134017568105079,0.3832736912313441
2024,05,ROU.34.24_1,0.040422225101141206,0.3552603317393521
2024,05,ROU.34.26_1,0,0
2024,05,ROU.34.29_1,0.04164556376722482,0.3934603674102501
2024,05,ROU.34.40_1,0.04089579503666086,0.3692670114853481
2024,05,ROU.34.43_1,0.041494716733337794,0.388367029320797
2024,05,ROU.34.49_1,0,0
2024,05,ROU.34.56_1,0.041261506965895346,0.3807270221866175
2024,05,ROU.34.59_1,0.040978733966473835,0.37181368053007446
2024,05,ROU.34.8_1,0.04153277321692309,0.3896403638431604
2024,05,ROU.34.9_1,0,0
2024,05,ROU.36.13_1,0,0
2024,05,ROU.36.19_1,0,0
2024,05,ROU.36.33_1,0,0
2024,05,ROU.36.46_1,0,0
2024,05,ROU.36.5_1,0,0
2024,05,ROU.36.77_1,0,0
2024,05,ROU.36.80_1,0,0
2024,05,ROU.36.87_1,0,0
2024,05,ROU.36.95_1,0,0
2024,05,ROU.37.10_1,0.044115404317521034,0.5067871399005811
2024,05,ROU.37.11_1,0.04381193666968348,0.4876871220651321
2024,05,ROU.37.12_1,0.04323412971881567,0.4571270935284136
2024,05,ROU.37.13_1,0.04284307949998234,0.4393004102153278
2024,05,ROU.37.14_1,0.04315373744223173,0.4533070899613238
2024,05,ROU.37.15_1,0.04391794961114284,0.49405379467694843
2024,05,ROU.37.16_1,0.041936334254686576,0.4036470435891564
2024,05,ROU.37.17_1,0.04420691116614327,0.5131538125123974
2024,05,ROU.37.18_1,0.04333846359069349,0.4622204316178667
2024,05,ROU.37.19_1,0.042179005461435076,0.4125603852456991
2024,05,ROU.37.1_1,0.04393856691387186,0.4953271291993117
2024,05,ROU.37.20_1,0.04365527210389138,0.4787737804085892
2024,05,ROU.37.21_1,0.043790146812117646,0.48641378754276865
2024,05,ROU.37.22_1,0.042570050032362826,0.4278403995140585
2024,05,ROU.37.23_1,0.0434145849902935,0.46604043518495647
2024,05,ROU.37.24_1,0.043071497874317306,0.4494870863942341
2024,05,ROU.37.25_1,0.04318073960796017,0.4545804244836871
2024,05,ROU.37.26_1,0.04193633425468662,0.4036470435891564
2024,05,ROU.37.27_1,0.043701020078879035,0.48132044945331587
2024,05,ROU.37.28_1,0.04346432412636076,0.468587104229683
2024,05,ROU.37.29_1,0.04326051842198545,0.45840042805077685
2024,05,ROU.37.2_1,0.04272384974343312,0.4342070721258747
2024,05,ROU.37.30_1,0.042507036722840744,0.42529373046933183
2024,05,ROU.37.31_1,0.04101984351836789,0.37308701505243774
2024,05,ROU.37.32_1,0.04427667845133206,0.5182471506018506
2024,05,ROU.37.33_1,0.04376816052205841,0.48514045302040554
2024,05,ROU.37.34_1,0.0444071052215312,0.5284338267807566
2024,05,ROU.37.35_1,0.043561394496479854,0.4736804423191361
2024,05,ROU.37.36_1,0.04478957889325028,0.5666338624516548
2024,05,ROU.37.37_1,0.04326051842198544,0.45840042805077685
2024,05,ROU.37.38_1,0.04365527210389138,0.4787737804085892
2024,05,ROU.37.39_1,0.04328670338930722,0.45967376257314013
2024,05,ROU.37.3_1,0.04221278921171477,0.4138337197680624
2024,05,ROU.37.40_1,0.043180739607960615,0.4545804244836871
2024,05,ROU.37.41_1,0.04309911696608772,0.4507604209165974
2024,05,ROU.37.42_1,0.04247520816223873,0.4240203959469687
2024,05,ROU.37.43_1,0.043979218444382844,0.4978737982440382
2024,05,ROU.37.44_1,0.0438761305608109,0.4915071256322219
2024,05,ROU.37.45_1,0.04290143413208187,0.44184707926005434
2024,05,ROU.37.46_1,0.042723849743433136,0.4342070721258747
2024,05,ROU.37.47_1,0.043338463590693495,0.4622204316178667
2024,05,ROU.37.48_1,0.04372359745650561,0.482593783975679
2024,05,ROU.37.49_1,0.04370102007887905,0.48132044945331587
2024,05,ROU.37.4_1,0.04234573655155824,0.4189270578575156
2024,05,ROU.37.50_1,0.043537427047653114,0.4724071077967728
2024,05,ROU.37.51_1,0.04323412971881567,0.4571270935284136
2024,05,ROU.37.52_1,0.043897137585819854,0.49278046015458515
2024,05,ROU.37.53_1,0.04134017568105079,0.3832736912313441
2024,05,ROU.37.54_1,0.04425952222805526,0.5169738160794873
2024,05,ROU.37.55_1,0.043854928255893516,0.49023379110985876
2024,05,ROU.37.56_1,0.04320753690650736,0.4558537590060502
2024,05,ROU.37.57_1,0.042783885866198114,0.4367537411706013
2024,05,ROU.37.58_1,0.043537427047653114,0.4724071077967728
2024,05,ROU.37.59_1,0.04298740041286644,0.4456670828271442
2024,05,ROU.37.5_1,0.04442255882091444,0.5297071613031199
2024,05,ROU.37.60_1,0.043701020078879056,0.48132044945331587
2024,05,ROU.37.61_1,0.04153277321692316,0.3896403638431604
2024,05,ROU.37.62_1,0.04309911696608772,0.4507604209165974
2024,05,ROU.37.63_1,0.041261506965895305,0.3807270221866175
2024,05,ROU.37.64_1,0.04363210088454356,0.4775004458862259
2024,05,ROU.37.65_1,0.04442255882091444,0.5297071613031199
2024,05,ROU.37.66_1,0.04315373744223173,0.4533070899613238
2024,05,ROU.37.67_1,0.04068421428863588,0.36290033887353174
2024,05,ROU.37.68_1,0.04068421428863592,0.36290033887353174
2024,05,ROU.37.69_1,0.04365527210389138,0.4787737804085892
2024,05,ROU.37.6_1,0.04284307949998237,0.4393004102153278
2024,05,ROU.37.70_1,0.04320753690650737,0.4558537590060502
2024,05,ROU.37.71_1,0.04307149787431733,0.4494870863942341
2024,05,ROU.37.72_1,0.043338463590693474,0.4622204316178667
2024,05,ROU.37.73_1,0.04401909433223551,0.5004204672887649
2024,05,ROU.37.74_1,0.042813587774644286,0.4380270756929645
2024,05,ROU.37.75_1,0.04237842904483136,0.4202003923798789
2024,05,ROU.37.76_1,0.04141791052070682,0.3858203602760706
2024,05,ROU.37.77_1,0.04351325972575282,0.4711337732744096
2024,05,ROU.37.78_1,0.0439589897679877,0.4966004637216748
2024,05,ROU.37.79_1,0.042783885866198114,0.4367537411706013
2024,05,ROU.37.7_1,0.04363210088454356,0.4775004458862259
2024,05,ROU.37.80_1,0.043608731090373866,0.47622711136386264
2024,05,ROU.37.81_1,0.04405819668347008,0.5029671363334913
2024,05,ROU.37.82_1,0.04331268499029118,0.4609470970955034
2024,05,ROU.37.83_1,0.043126530024511486,0.4520337554389605
2024,05,ROU.37.84_1,0.04190077679517472,0.402373709066793
2024,05,ROU.37.85_1,0.04363210088454356,0.4775004458862259
2024,05,ROU.37.86_1,0.04309911696608772,0.4507604209165974
2024,05,ROU.37.87_1,0.04247520816223952,0.4240203959469687
2024,05,ROU.37.88_1,0.043745977503330355,0.48386711849804226
2024,05,ROU.37.8_1,0.04323412971881568,0.4571270935284136
2024,05,ROU.37.9_1,0.04207633319624663,0.40874038167860943
2024,05,ROU.38.15_1,0.04197166806289571,0.40492037811151965
2024,05,ROU.38.26_1,0.04197166806289571,0.40492037811151965
2024,05,ROU.38.5_1,0.041900776795174725,0.402373709066793
2024,05,ROU.39.10_1,0.041141741140558706,0.3769070186195277
2024,05,ROU.39.11_1,0.04171961458740142,0.3960070364549766
2024,05,ROU.39.12_1,0.04266296757499041,0.43166040308114817
2024,05,ROU.39.13_1,0.04186499511449518,0.4011003745444298
2024,05,ROU.39.14_1,0.042538650520058514,0.4265670649916951
2024,05,ROU.39.15_1,0.04097873396647383,0.37181368053007446
2024,05,ROU.39.16_1,0.04042222510114122,0.3552603317393521
2024,05,ROU.39.17_1,0.041300958389954026,0.3820003567089808
2024,05,ROU.39.18_1,0.041756298963223144,0.39728037097734004
2024,05,ROU.39.19_1,0.04081189145559935,0.3667203424406215
2024,05,ROU.39.1_1,0.04153277321692316,0.3896403638431604
2024,05,ROU.39.20_1,0.040597872734672025,0.36035366982880507
2024,05,ROU.39.21_1,0.04137915950488876,0.3845470257537073
2024,05,ROU.39.22_1,0.04149471673333777,0.388367029320797
2024,05,ROU.39.23_1,0.04072701726132468,0.364173673395895
2024,05,ROU.39.24_1,0.04295895318154837,0.4443937483047809
2024,05,ROU.39.25_1,0.04081189145559935,0.3667203424406215
2024,05,ROU.39.26_1,0.040242581514413456,0.350166993649899
2024,05,ROU.39.27_1,0.04207633319624658,0.40874038167860943
2024,05,ROU.39.28_1,0.04269351463995867,0.43293373760351145
2024,05,ROU.39.29_1,0.04333846359069348,0.4622204316178667
2024,05,ROU.39.2_1,0.0429302978935883,0.4431204137824176
2024,05,ROU.39.30_1,0.042843079499982346,0.4393004102153278
2024,05,ROU.39.31_1,0.04207633319624664,0.40874038167860943
2024,05,ROU.39.32_1,0.042443164355094314,0.42274706142460544
2024,05,ROU.39.33_1,0.04186499511449518,0.4011003745444298
2024,05,ROU.39.34_1,0.04171961458740141,0.3960070364549766
2024,05,ROU.39.35_1,0.042041666977443784,0.40746704715624604
2024,05,ROU.39.36_1,0.04182898863723295,0.3998270400220666
2024,05,ROU.39.37_1,0.04110134639597901,0.3756336840971643
2024,05,ROU.39.38_1,0.04301564000031943,0.4469404173495074
2024,05,ROU.39.39_1,0.043938566913871845,0.4953271291993117
2024,05,ROU.39.3_1,0.04227969937694152,0.41638038881278894
2024,05,ROU.39.40_1,0.041570599466162754,0.39091369836552353
2024,05,ROU.39.41_1,0.03982349119146422,0.3387069829486296
2024,05,ROU.39.42_1,0.041456429381350184,0.38709369479843386
2024,05,ROU.39.43_1,0.04269351463995867,0.43293373760351145
2024,05,ROU.39.44_1,0.04164556376722482,0.3934603674102501
2024,05,ROU.39.45_1,0.04160819610898021,0.3921870328878869
2024,05,ROU.39.46_1,0.04234573655155823,0.4189270578575156
2024,05,ROU.39.47_1,0.04081189145559935,0.3667203424406215
2024,05,ROU.39.48_1,0.04250703672284072,0.42529373046933183
2024,05,ROU.39.4_1,0.04278388586619812,0.4367537411706013
2024,05,ROU.39.5_1,0.03907763317450443,0.31960696511318054
2024,05,ROU.39.6_1,0.041570599466162775,0.39091369836552353
2024,05,ROU.39.7_1,0.04190077679517474,0.402373709066793
2024,05,ROU.39.8_1,0.04224635367613271,0.4151070542904258
2024,05,ROU.39.9_1,0.04157059946616276,0.39091369836552353
2024,05,ROU.41.26_1,0.03832542011588391,0.30178028180009475
2024,05,ROU.41.31_1,0.03810010080319521,0.2966869437106415
2024,05,ROU.41.41_1,0.03843631651781952,0.30432695084482114
2024,05,ROU.41.45_1,0.036773097350780076,0.26867358421864973
2024,05,ROU.41.58_1,0.037985656974274765,0.29414027466591514
2024,05,ROU.41.68_1,0.03798565697427477,0.29414027466591514
2024,05,ROU.5.10_1,0.043537427047653114,0.4724071077967728
2024,05,ROU.5.12_1,0.043071497874317334,0.4494870863942341
2024,05,ROU.5.16_1,0.0429302978935883,0.4431204137824176
2024,05,ROU.5.18_1,0.04399925321087614,0.4991471327664015
2024,05,ROU.5.23_1,0.042813587774644286,0.4380270756929645
2024,05,ROU.5.36_1,0.042145001897951506,0.411287050723336
2024,05,ROU.5.41_1,0.04287236147596644,0.44057374473769106
2024,05,ROU.5.6_1,0.043260518421985444,0.45840042805077685
2024,05,ROU.5.70_1,0.04315373744223173,0.4533070899613238
2024,05,ROU.5.75_1,0.041645563767224815,0.3934603674102501
2024,05,ROU.5.91_1,0.04153277321692309,0.3896403638431604
2024,05,ROU.6.10_1,0.04250703672284078,0.42529373046933183
2024,05,ROU.6.31_1,0.04106071409056476,0.3743603495748012
2024,05,ROU.6.36_1,0.04260123573357262,0.4291137340364218
2024,05,ROU.6.4_1,0.04257005003236282,0.4278403995140585
2024,05,ROU.6.6_1,0.042145001897951555,0.411287050723336
2024,05,ROU.6.8_1,0.041417910520706834,0.3858203602760706
2024,05,ROU.7.14_1,0.037273318174775825,0.2788602603975559
2024,05,ROU.7.19_1,0,0
2024,05,ROU.7.20_1,0,0
2024,05,ROU.7.31_1,0,0
2024,05,ROU.7.33_1,0,0
2024,05,ROU.7.38_1,0.03781173067902625,0.29032027109882547
2024,05,ROU.7.42_1,0.03690010909252986,0.2712202532633761
2024,05,ROU.7.44_1,0.03715020633233019,0.2763135913528295
2024,05,ROU.7.45_1,0,0
2024,05,ROU.7.48_1,0.03727331817477583,0.2788602603975559
2024,05,ROU.7.50_1,0.03591453613094638,0.2521202354279274
2024,05,ROU.7.52_1,0.03563845498952915,0.24702689733847413
2024,05,ROU.7.57_1,0.03745560082202144,0.2826802639646457
2024,05,ROU.7.59_1,0,0
2024,05,ROU.8.37_1,0.04197166806289571,0.40492037811151965
2024,05,ROU.8.47_1,0.04089579503666087,0.3692670114853481
2024,05,ROU.9.10_1,0.039433224187699845,0.32852030676972344
2024,05,ROU.9.18_1,0.04059787273467205,0.36035366982880507
2024,05,ROU.9.2_1,0.04193633425468657,0.4036470435891564
2024,05,ROU.9.39_1,0.039332987369655834,0.3259736377249969
2024,05,ROU.9.5_1,0.040332906111225926,0.35271366269462556
2024,05,SRB.1.4_1,0,0
2024,05,SRB.11.1_1,0,0
2024,05,SRB.11.2_1,0.04472642363371835,0.5589938553174753
2024,05,SRB.11.3_1,0.04483715870061924,0.573000535063471
2024,05,SRB.11.4_1,0,0
2024,05,SRB.11.5_1,0,0
2024,05,SRB.11.7_1,0.04459337894673899,0.5449871755714792
2024,05,SRB.12.1_1,0,0
2024,05,SRB.12.3_1,0,0
2024,05,SRB.13.1_1,0.044134088959557644,0.5080604744229444
2024,05,SRB.13.2_1,0.04387613056081088,0.4915071256322219
2024,05,SRB.13.3_1,0.04353742704765311,0.4724071077967728
2024,05,SRB.14.3_1,0.04425952222805525,0.5169738160794873
2024,05,SRB.14.6_1,0.04374597750333035,0.48386711849804226
2024,05,SRB.15.2_1,0.04500667597329669,0.6048338981225528
2024,05,SRB.16.1_1,0.04480916070247747,0.5691805314963814
2024,05,SRB.16.2_1,0.0449763454662898,0.5971938909883732
2024,05,SRB.16.3_1,0.04469235901917334,0.55517385175038525
2024,05,SRB.16.4_1,0.04432700782412193,0.5220671541689402
2024,05,SRB.17.2_1,0.04318073960796061,0.4545804244836871
2024,05,SRB.17.3_1,0.042110777988779165,0.4100137162009727
2024,05,SRB.18.1_1,0.04266296757499042,0.43166040308114817
2024,05,SRB.18.3_1,0.041608196108980214,0.3921870328878869
2024,05,SRB.18.5_1,0.04171961458740141,0.3960070364549766
2024,05,SRB.19.1_1,0.04204166697744379,0.40746704715624604
2024,05,SRB.19.5_1,0.04182898863723295,0.3998270400220666
2024,05,SRB.20.1_1,0.04307149787431733,0.4494870863942341
2024,05,SRB.20.2_1,0.04307149787431729,0.4494870863942341
2024,05,SRB.20.3_1,0.04333846359069348,0.4622204316178667
2024,05,SRB.20.4_1,0.0438549282558935,0.49023379110985876
2024,05,SRB.20.5_1,0.04439146326371852,0.5271604922583933
2024,05,SRB.20.6_1,0.043701020078879035,0.48132044945331587
2024,05,SRB.20.7_1,0.04309911696608772,0.4507604209165974
2024,05,SRB.21.1_1,0.04376816052205841,0.48514045302040554
2024,05,SRB.21.2_1,0.04443782425837734,0.5309804958254832
2024,05,SRB.21.3_1,0.0443434052344234,0.5233404886913035
2024,05,SRB.21.4_1,0.04459337894673898,0.5449871755714792
2024,05,SRB.21.5_1,0.0441708828575107,0.5106071434676709
2024,05,SRB.21.6_1,0.043790146812117604,0.48641378754276865
2024,05,SRB.21.7_1,0.04407745842778292,0.5042404708558544
2024,05,SRB.22.2_1,0.045050059997982075,0.6213872469132753
2024,05,SRB.23.2_1,0,0
2024,05,SRB.23.4_1,0,0
2024,05,SRB.24.1_1,0.04343955517187846,0.46731376970731975
2024,05,SRB.24.3_1,0.04320753690650735,0.4558537590060502
2024,05,SRB.24.4_1,0.04231282683134704,0.4176537233351523
2024,05,SRB.25.10_1,0.04399925321087615,0.4991471327664015
2024,05,SRB.25.2_1,0.044644351979370334,0.5500805136609321
2024,05,SRB.25.3_1,0.0440581966834701,0.5029671363334913
2024,05,SRB.25.4_1,0.04418899259252177,0.5118804779900342
2024,05,SRB.25.7_1,0.04409652755587419,0.5055138053782177
2024,05,SRB.25.8_1,0.04478957889325028,0.5666338624516548
2024,05,SRB.25.9_1,0.04464435197937033,0.5500805136609321
2024,05,SRB.3.10_1,0.043999253210876124,0.4991471327664015
2024,05,SRB.3.11_1,0.04363210088454356,0.4775004458862259
2024,05,SRB.3.12_1,0.04341458499029348,0.46604043518495647
2024,05,SRB.3.13_1,0.04407745842778291,0.5042404708558544
2024,05,SRB.3.14_1,0.04346432412636075,0.468587104229683
2024,05,SRB.3.15_1,0.042783885866198114,0.4367537411706013
2024,05,SRB.3.16_1,0.043439555171878474,0.46731376970731975
2024,05,SRB.3.17_1,0.04363210088454356,0.4775004458862259
2024,05,SRB.3.1_1,0.04360873109037388,0.47622711136386264
2024,05,SRB.3.2_1,0.04376816052205841,0.48514045302040554
2024,05,SRB.3.3_1,0.04353742704765311,0.4724071077967728
2024,05,SRB.3.4_1,0.04374597750333035,0.48386711849804226
2024,05,SRB.3.5_1,0.04385492825589356,0.49023379110985876
2024,05,SRB.3.6_1,0.043389413234192264,0.4647671006625932
2024,05,SRB.3.7_1,0.043513259725752824,0.4711337732744096
2024,05,SRB.3.8_1,0.0438119366696834,0.4876871220651321
2024,05,SRB.3.9_1,0.043513259725752824,0.4711337732744096
2024,05,SRB.4.2_1,0,0
2024,05,SRB.4.4_1,0.04473740961443437,0.5602671898398384
2024,05,SRB.4.5_1,0.04452547615366625,0.5386205029596629
2024,05,SRB.5.10_1,0.042345736551558266,0.4189270578575156
2024,05,SRB.5.11_1,0.04241090481351477,0.421473726902242
2024,05,SRB.5.12_1,0.042753973336591394,0.4354804066482381
2024,05,SRB.5.1_1,0.04422463881073611,0.5144271470347608
2024,05,SRB.5.2_1,0.043286703389307214,0.45967376257314013
2024,05,SRB.5.3_1,0.04363210088454356,0.4775004458862259
2024,05,SRB.5.4_1,0.04190077679517476,0.402373709066793
2024,05,SRB.5.5_1,0.04365527210389135,0.4787737804085892
2024,05,SRB.5.6_1,0.04284307949998235,0.4393004102153278
2024,05,SRB.5.7_1,0.04234573655155826,0.4189270578575156
2024,05,SRB.5.8_1,0.04287236147596644,0.44057374473769106
2024,05,SRB.5.9_1,0.04269351463995867,0.43293373760351145
2024,05,SRB.6.4_1,0.0429302978935883,0.4431204137824176
2024,05,SRB.6.5_1,0.04231282683134703,0.4176537233351523
2024,05,SRB.6.6_1,0.04304367235259492,0.4482137518718707
2024,05,SRB.7.1_1,0.04407745842778293,0.5042404708558544
2024,05,SRB.7.2_1,0.044038742070194245,0.5016938018111282
2024,05,SRB.7.3_1,0.04348889219756413,0.4698604387520463
2024,05,SRB.7.4_1,0.04397921844438287,0.4978737982440382
2024,05,SRB.7.5_1,0.04348889219756412,0.4698604387520463
2024,05,SRB.7.6_1,0.04374597750333035,0.48386711849804226
2024,05,SRB.8.1_1,0.04365527210389138,0.4787737804085892
2024,05,SRB.8.2_1,0.043938566913871845,0.4953271291993117
2024,05,SRB.8.3_1,0.04449700822634813,0.5360738339149363
2024,05,SRB.8.4_1,0.04443782425837734,0.5309804958254832
2024,05,SRB.8.5_1,0.043678245064448194,0.4800471149309526
2024,05,SRB.8.6_1,0.04483715870061923,0.573000535063471
2024,05,SRB.8.7_1,0.04391794961114285,0.49405379467694843
2024,05,SRB.8.8_1,0.044038742070194245,0.5016938018111282
2024,05,SRB.9.2_1,0.04370102007887903,0.48132044945331587
2024,05,SVK.1.10_1,0.04399925321087616,0.4991471327664015
2024,05,SVK.1.11_1,0.04439146326371852,0.5271604922583933
2024,05,SVK.1.12_1,0.044593378946738996,0.5449871755714792
2024,05,SVK.1.13_1,0.044452901727768716,0.5322538303478466
2024,05,SVK.1.1_1,0.04391794961114284,0.49405379467694843
2024,05,SVK.1.2_1,0.04405819668347009,0.5029671363334913
2024,05,SVK.1.3_1,0.043464324126360754,0.468587104229683
2024,05,SVK.1.4_1,0.04395898976798769,0.4966004637216748
2024,05,SVK.1.5_1,0.04383353038769872,0.4889604565874953
2024,05,SVK.1.6_1,0.04458017107294818,0.5437138410491159
2024,05,SVK.1.7_1,0.044593378946738975,0.5449871755714792
2024,05,SVK.1.8_1,0.04312653002451148,0.4520337554389605
2024,05,SVK.1.9_1,0.044058196683470094,0.5029671363334913
2024,05,SVK.2.1_1,0.04399925321087615,0.4991471327664015
2024,05,SVK.2.2_1,0.04473740961443442,0.5602671898398384
2024,05,SVK.2.3_1,0.04385492825589356,0.49023379110985876
2024,05,SVK.2.4_1,0.04383353038769872,0.4889604565874953
2024,05,SVK.2.5_1,0.043938566913871845,0.4953271291993117
2024,05,SVK.2.6_1,0.0431807396079606,0.4545804244836871
2024,05,SVK.2.7_1,0.04338941323419229,0.4647671006625932
2024,05,SVK.2.8_1,0.044152581725889706,0.5093338089453078
2024,05,SVK.3.10_1,0.04307149787431733,0.4494870863942341
2024,05,SVK.3.11_1,0.043364039552548486,0.4634937661402299
2024,05,SVK.3.1_1,0.042958953181548354,0.4443937483047809
2024,05,SVK.3.2_1,0.04224635367613272,0.4151070542904258
2024,05,SVK.3.3_1,0.04333846359069348,0.4622204316178667
2024,05,SVK.3.4_1,0.04348889219756412,0.4698604387520463
2024,05,SVK.3.5_1,0.043389413234192306,0.4647671006625932
2024,05,SVK.3.6_1,0.04372359745650561,0.482593783975679
2024,05,SVK.3.7_1,0.04287236147596641,0.44057374473769106
2024,05,SVK.3.8_1,0.04298740041286644,0.4456670828271442
2024,05,SVK.3.9_1,0.0432605184219854,0.45840042805077685
2024,05,SVK.4.1_1,0.04272384974343316,0.4342070721258747
2024,05,SVK.4.2_1,0.0438761305608109,0.4915071256322219
2024,05,SVK.4.4_1,0.04275397333659141,0.4354804066482381
2024,05,SVK.4.7_1,0.043917949611142836,0.49405379467694843
2024,05,SVK.5.10_1,0.042958953181548354,0.4443937483047809
2024,05,SVK.5.11_1,0.042006778784172874,0.40619371263388293
2024,05,SVK.5.12_1,0.042723849743433163,0.4342070721258747
2024,05,SVK.5.13_1,0.04257005003236281,0.4278403995140585
2024,05,SVK.5.1_1,0.043153737442231714,0.4533070899613238
2024,05,SVK.5.2_1,0.04318073960796062,0.4545804244836871
2024,05,SVK.5.3_1,0.04214500189795174,0.411287050723336
2024,05,SVK.5.4_1,0.042843079499982346,0.4393004102153278
2024,05,SVK.5.5_1,0.04241090481351478,0.421473726902242
2024,05,SVK.5.6_1,0.04326051842198544,0.45840042805077685
2024,05,SVK.5.7_1,0.042570050032362826,0.4278403995140585
2024,05,SVK.5.8_1,0.04190077679517476,0.402373709066793
2024,05,SVK.5.9_1,0.043043672352594944,0.4482137518718707
2024,05,SVK.6.3_1,0.04320753690650737,0.4558537590060502
2024,05,SVK.6.4_1,0.043655272103891384,0.4787737804085892
2024,05,SVK.6.6_1,0.043286703389307214,0.45967376257314013
2024,05,SVK.6.7_1,0.04397921844438285,0.4978737982440382
2024,05,SVK.6.8_1,0.043364039552548535,0.4634937661402299
2024,05,SVK.6.9_1,0.043938566913871845,0.4953271291993117
2024,05,SVK.7.1_1,0.043811936669683416,0.4876871220651321
2024,05,SVK.7.2_1,0.042872361475966424,0.44057374473769106
2024,05,SVK.7.5_1,0.043015640000319405,0.4469404173495074
2024,05,SVK.7.6_1,0.04290143413208187,0.44184707926005434
2024,05,SVK.7.7_1,0.04336403955254855,0.4634937661402299
2024,05,SVK.8.5_1,0.042783885866198114,0.4367537411706013
2024,05,SVK.8.8_1,0.043439555171878454,0.46731376970731975
2024,05,SVK.8.9_1,0.043999253210876124,0.4991471327664015
2024,05,SVN.1.10_1,0,0
2024,05,SVN.1.11_1,0,0
2024,05,SVN.1.12_1,0,0
2024,05,SVN.1.13_1,0.04506267951713902,0.6392139302263611
2024,05,SVN.1.14_1,0.04489608763302967,0.581913876720014
2024,05,SVN.1.15_1,0.04500667597329668,0.6048338981225528
2024,05,SVN.1.16_1,0.045036986053994005,0.6583139480618101
2024,05,SVN.1.17_1,0,0
2024,05,SVN.1.1_1,0,0
2024,05,SVN.1.2_1,0.04505573921900463,0.6252072504803651
2024,05,SVN.1.3_1,0.045062949896730924,0.6353939266592713
2024,05,SVN.1.4_1,0.045047806140411956,0.6532206099723569
2024,05,SVN.1.5_1,0.045058623628565046,0.6277539195250916
2024,05,SVN.1.6_1,0.044863509771785486,0.576820538630561
2024,05,SVN.1.7_1,0,0
2024,05,SVN.1.8_1,0.04502697515916225,0.6112005707343692
2024,05,SVN.1.9_1,0,0
2024,05,SVN.10.10_1,0.04432700782412193,0.5220671541689402
2024,05,SVN.10.11_1,0,0
2024,05,SVN.10.12_1,0,0
2024,05,SVN.10.13_1,0,0
2024,05,SVN.10.14_1,0,0
2024,05,SVN.10.15_1,0,0
2024,05,SVN.10.16_1,0,0
2024,05,SVN.10.17_1,0.045002073551557484,0.6035605636001895
2024,05,SVN.10.18_1,0.044997290143892366,0.6022872290778261
2024,05,SVN.10.19_1,0,0
2024,05,SVN.10.1_1,0,0
2024,05,SVN.10.20_1,0.04495249999702673,0.5921005528989203
2024,05,SVN.10.21_1,0,0
2024,05,SVN.10.22_1,0,0
2024,05,SVN.10.23_1,0.04477951268818038,0.5653605279292914
2024,05,SVN.10.24_1,0,0
2024,05,SVN.10.25_1,0,0
2024,05,SVN.10.26_1,0,0
2024,05,SVN.10.27_1,0,0
2024,05,SVN.10.28_1,0,0
2024,05,SVN.10.29_1,0,0
2024,05,SVN.10.2_1,0,0
2024,05,SVN.10.30_1,0.04500667597329664,0.6048338981225528
2024,05,SVN.10.31_1,0,0
2024,05,SVN.10.32_1,0.044715253300136794,0.5577205207951118
2024,05,SVN.10.3_1,0,0
2024,05,SVN.10.4_1,0,0
2024,05,SVN.10.5_1,0,0
2024,05,SVN.10.6_1,0.04486350977178551,0.576820538630561
2024,05,SVN.10.7_1,0,0
2024,05,SVN.10.8_1,0,0
2024,05,SVN.10.9_1,0,0
2024,05,SVN.11.1_1,0,0
2024,05,SVN.11.2_1,0,0
2024,05,SVN.11.3_1,0,0
2024,05,SVN.12.1_1,0,0
2024,05,SVN.12.2_1,0,0
2024,05,SVN.12.3_1,0.044863509771785506,0.576820538630561
2024,05,SVN.2.10_1,0.0450153380788654,0.6659539551959898
2024,05,SVN.2.11_1,0.04506159798254748,0.6417605992710876
2024,05,SVN.2.12_1,0.04495249999702671,0.681233969464349
2024,05,SVN.2.1_1,0.044987180137674776,0.6735939623301694
2024,05,SVN.2.2_1,0.045050059997982075,0.6213872469132753
2024,05,SVN.2.3_1,0.04506294989673093,0.6353939266592713
2024,05,SVN.2.4_1,0.04506222888088007,0.6404872647487245
2024,05,SVN.2.5_1,0.044903776178943165,0.6901473111208919
2024,05,SVN.2.6_1,0.04486350977178551,0.6965139837327082
2024,05,SVN.2.7_1,0.04505573921900463,0.6252072504803651
2024,05,SVN.2.8_1,0.04503382970575553,0.6595872825841734
2024,05,SVN.2.9_1,0.04503996183688022,0.6570406135394469
2024,05,SVN.3.10_1,0.045036986053993984,0.6583139480618101
2024,05,SVN.3.11_1,0,0
2024,05,SVN.3.12_1,0,0
2024,05,SVN.3.13_1,0,0
2024,05,SVN.3.14_1,0.04504275709020369,0.6175672433461855
2024,05,SVN.3.15_1,0.04506294989673077,0.6379405957039976
2024,05,SVN.3.16_1,0.045063040022901096,0.6366672611816345
2024,05,SVN.3.1_1,0.04498718013767479,0.6735939623301694
2024,05,SVN.3.2_1,0,0
2024,05,SVN.3.3_1,0,0
2024,05,SVN.3.4_1,0.04506294989673093,0.6379405957039976
2024,05,SVN.3.5_1,0.044896087633029665,0.581913876720014
2024,05,SVN.3.6_1,0,0
2024,05,SVN.3.7_1,0,0
2024,05,SVN.3.8_1,0,0
2024,05,SVN.3.9_1,0.04506294989673092,0.6379405957039976
2024,05,SVN.4.10_1,0,0
2024,05,SVN.4.11_1,0,0
2024,05,SVN.4.12_1,0,0
2024,05,SVN.4.1_1,0.04493270949348622,0.5882805493318303
2024,05,SVN.4.2_1,0.04491128254774978,0.5844605457647406
2024,05,SVN.4.3_1,0,0
2024,05,SVN.4.4_1,0,0
2024,05,SVN.4.5_1,0.045006675973296675,0.6048338981225528
2024,05,SVN.4.6_1,0.044758829057980565,0.5628138588845649
2024,05,SVN.4.7_1,0.04504537184757091,0.6188405778685487
2024,05,SVN.4.8_1,0.04477951268818038,0.5653605279292914
2024,05,SVN.4.9_1,0.04500207355155748,0.6035605636001895
2024,05,SVN.5.1_1,0,0
2024,05,SVN.5.2_1,0.04505979536720728,0.6443072683158142
2024,05,SVN.5.3_1,0.044981853417034916,0.5984672255107363
2024,05,SVN.5.4_1,0.04505213344736051,0.6226605814356386
2024,05,SVN.5.5_1,0.045050059997982075,0.6213872469132753
2024,05,SVN.5.6_1,0.045011097464627683,0.667227289718353
2024,05,SVN.6.1_1,0.045058623628565046,0.6277539195250916
2024,05,SVN.6.2_1,0.045011097464627683,0.6061072326449161
2024,05,SVN.6.3_1,0.04504537184757092,0.6188405778685487
2024,05,SVN.6.4_1,0.04479946152419561,0.7054273253892511
2024,05,SVN.6.5_1,0.04487192798511586,0.5780938731529243
2024,05,SVN.6.6_1,0.045015338078865395,0.6073805671672793
2024,05,SVN.6.7_1,0.04497634546628978,0.5971938909883732
2024,05,SVN.7.10_1,0.04506222888088007,0.6328472576145446
2024,05,SVN.7.11_1,0.044981853417034916,0.5984672255107363
2024,05,SVN.7.12_1,0.04506159798254748,0.6315739230921815
2024,05,SVN.7.13_1,0.04499232569257681,0.601013894555463
2024,05,SVN.7.14_1,0.045015338078865416,0.6073805671672793
2024,05,SVN.7.15_1,0.04502697515916225,0.6621339516289
2024,05,SVN.7.16_1,0.04506159798254748,0.6315739230921815
2024,05,SVN.7.17_1,0.04505727158457428,0.6468539373605408
2024,05,SVN.7.18_1,0.045026975159162264,0.6621339516289
2024,05,SVN.7.19_1,0.04490377617894317,0.5831872112423774
2024,05,SVN.7.1_1,0.045050059997982075,0.6519472754499938
2024,05,SVN.7.20_1,0.045063040022901096,0.6366672611816345
2024,05,SVN.7.21_1,0.045057271584574274,0.6264805850027284
2024,05,SVN.7.22_1,0.045058623628565046,0.6455806028381774
2024,05,SVN.7.23_1,0.04505213344736051,0.6226605814356386
2024,05,SVN.7.24_1,0.04505213344736052,0.6506739409276304
2024,05,SVN.7.2_1,0.04506159798254749,0.6417605992710876
2024,05,SVN.7.3_1,0.04506078681456809,0.6303005885698182
2024,05,SVN.7.4_1,0.04493948804446743,0.6837806385090754
2024,05,SVN.7.5_1,0.045019397867122266,0.6086539016896425
2024,05,SVN.7.6_1,0.045050059997982075,0.6213872469132753
2024,05,SVN.7.7_1,0.04505005999798206,0.6519472754499938
2024,05,SVN.7.8_1,0.04505005999798206,0.6519472754499938
2024,05,SVN.7.9_1,0.04505573921900463,0.6252072504803651
2024,05,SVN.8.10_1,0.0447692627851576,0.5640871934069283
2024,05,SVN.8.11_1,0.04470389847549451,0.5564471862727485
2024,05,SVN.8.12_1,0.044482493524501086,0.5348004993925731
2024,05,SVN.8.13_1,0.04473740961443441,0.5602671898398384
2024,05,SVN.8.14_1,0.044818676547198615,0.5704538660187445
2024,05,SVN.8.15_1,0.04475882905798055,0.5628138588845649
2024,05,SVN.8.16_1,0.044748211378063694,0.5615405243622016
2024,05,SVN.8.17_1,0.044939488044467416,0.5895538838541937
2024,05,SVN.8.18_1,0.044828009175110324,0.5717272005411078
2024,05,SVN.8.19_1,0.04473740961443443,0.5602671898398384
2024,05,SVN.8.1_1,0.0445667770259257,0.5424405065267526
2024,05,SVN.8.20_1,0.04477951268818038,0.5653605279292914
2024,05,SVN.8.21_1,0.04469235901917333,0.55517385175038525
2024,05,SVN.8.22_1,0.04490377617894317,0.5831872112423774
2024,05,SVN.8.23_1,0.04506078681456807,0.6303005885698182
2024,05,SVN.8.24_1,0.04453942973801129,0.539893837482026
2024,05,SVN.8.25_1,0.04479946152419561,0.5679071969740179
2024,05,SVN.8.26_1,0.04480916070247749,0.5691805314963814
2024,05,SVN.8.27_1,0.04476926278515759,0.5640871934069283
2024,05,SVN.8.28_1,0.04479946152419561,0.5679071969740179
2024,05,SVN.8.29_1,0.04475882905798057,0.5628138588845649
2024,05,SVN.8.2_1,0.04488016363315863,0.5793672076752875
2024,05,SVN.8.30_1,0.044680634788120045,0.5539005172280221
2024,05,SVN.8.31_1,0.04439146326371849,0.5271604922583933
2024,05,SVN.8.32_1,0.044539429738011276,0.539893837482026
2024,05,SVN.8.33_1,0.044680634788120045,0.5539005172280221
2024,05,SVN.8.34_1,0.04477951268818038,0.5653605279292914
2024,05,SVN.8.3_1,0.04477951268818038,0.5653605279292914
2024,05,SVN.8.4_1,0.04469235901917331,0.55517385175038525
2024,05,SVN.8.5_1,0.04463188716989512,0.548807179138569
2024,05,SVN.8.6_1,0.0445801710729482,0.5437138410491159
2024,05,SVN.8.7_1,0.04486350977178552,0.576820538630561
2024,05,SVN.8.8_1,0.044452901727768696,0.5322538303478466
2024,05,SVN.8.9_1,0.0443596134733853,0.5246138232136668
2024,05,SVN.9.10_1,0,0
2024,05,SVN.9.11_1,0,0
2024,05,SVN.9.12_1,0.04442255882091442,0.5297071613031199
2024,05,SVN.9.13_1,0.04449700822634816,0.5360738339149363
2024,05,SVN.9.14_1,0,0
2024,05,SVN.9.15_1,0,0
2024,05,SVN.9.16_1,0,0
2024,05,SVN.9.17_1,0,0
2024,05,SVN.9.18_1,0,0
2024,05,SVN.9.19_1,0,0
2024,05,SVN.9.1_1,0,0
2024,05,SVN.9.20_1,0,0
2024,05,SVN.9.21_1,0.04470389847549451,0.5564471862727485
2024,05,SVN.9.22_1,0.04437563274829366,0.5258871577360302
2024,05,SVN.9.23_1,0,0
2024,05,SVN.9.24_1,0,0
2024,05,SVN.9.25_1,0,0
2024,05,SVN.9.26_1,0,0
2024,05,SVN.9.2_1,0,0
2024,05,SVN.9.3_1,0,0
2024,05,SVN.9.4_1,0,0
2024,05,SVN.9.5_1,0.044375632748293654,0.5258871577360302
2024,05,SVN.9.6_1,0,0
2024,05,SVN.9.7_1,0,0
2024,05,SVN.9.8_1,0.04440710522153122,0.5284338267807566
2024,05,SVN.9.9_1,0.044511335709159425,0.5373471684372995
2024,05,SWE.1.1_1,0.04304367235259492,0.4482137518718707
2024,05,SWE.1.2_1,0.04318073960796061,0.4545804244836871
2024,05,SWE.1.3_1,0.04326051842198546,0.45840042805077685
2024,05,SWE.1.4_1,0.04336403955254854,0.4634937661402299
2024,05,SWE.1.5_1,0.04367824506444823,0.4800471149309526
2024,05,SWE.10.10_1,0.037395155880127824,0.28140692944228246
2024,05,SWE.10.11_1,0.03658008754376199,0.26485358065156006
2024,05,SWE.10.12_1,0.037334395511898336,0.2801335949199192
2024,05,SWE.10.13_1,0.03838101418629852,0.30305361632245803
2024,05,SWE.10.14_1,0.03967912626326948,0.3348869793815398
2024,05,SWE.10.1_1,0.037694256555750635,0.2877736020540988
2024,05,SWE.10.2_1,0.042076333196246596,0.40874038167860943
2024,05,SWE.10.3_1,0.0387084956255726,0.3106936234566378
2024,05,SWE.10.6_1,0.03792798432441629,0.29286694014355175
2024,05,SWE.10.7_1,0.04247520816223867,0.4240203959469687
2024,05,SWE.10.8_1,0.037575550507689064,0.28522693300937224
2024,05,SWE.10.9_1,0.04244316435509432,0.42274706142460544
2024,05,SWE.11.10_1,0.03897356417132876,0.317060296068454
2024,05,SWE.11.11_1,0.0386004855850546,0.308146954411911
2024,05,SWE.11.12_1,0.03977563198170251,0.33743364842626633
2024,05,SWE.11.1_1,0.04033290611122593,0.35271366269462556
2024,05,SWE.11.2_1,0.04068421428863587,0.36290033887353174
2024,05,SWE.11.3_1,0.04028786993464546,0.3514403281722623
2024,05,SWE.11.4_1,0.040012325613511465,0.34380032103808267
2024,05,SWE.11.5_1,0.03987108923002725,0.3399803174709929
2024,05,SWE.11.6_1,0.040105194222699994,0.3463469900828092
2024,05,SWE.11.7_1,0.040510545135744445,0.3578070007840787
2024,05,SWE.11.8_1,0.03892111227770318,0.31578696154609087
2024,05,SWE.11.9_1,0.03876207345538294,0.3119669579790009
2024,05,SWE.12.10_1,0.041828988637232944,0.3998270400220666
2024,05,SWE.12.11_1,0.0429302978935883,0.4431204137824176
2024,05,SWE.12.12_1,0.0436087310903739,0.47622711136386264
2024,05,SWE.12.13_1,0.0420067787841729,0.40619371263388293
2024,05,SWE.12.1_1,0.0407695760623561,0.3654470079182581
2024,05,SWE.12.2_1,0.04059787273467203,0.36035366982880507
2024,05,SWE.12.3_1,0.03958156440575167,0.33234031033681327
2024,05,SWE.12.4_1,0.04160819610898021,0.3921870328878869
2024,05,SWE.12.5_1,0.04051054513574446,0.3578070007840787
2024,05,SWE.12.6_1,0.04153277321692309,0.3896403638431604
2024,05,SWE.12.7_1,0.04221278921171477,0.4138337197680624
2024,05,SWE.12.8_1,0.04160819610898021,0.3921870328878869
2024,05,SWE.12.9_1,0.04253865052005853,0.4265670649916951
2024,05,SWE.13.10_1,0.044152581725889685,0.5093338089453078
2024,05,SWE.13.11_1,0.04360873109037389,0.47622711136386264
2024,05,SWE.13.12_1,0.0441525817258897,0.5093338089453078
2024,05,SWE.13.13_1,0.04389713758581985,0.49278046015458515
2024,05,SWE.13.14_1,0.04348889219756411,0.4698604387520463
2024,05,SWE.13.15_1,0.044077458427782934,0.5042404708558544
2024,05,SWE.13.16_1,0.04367824506444818,0.4800471149309526
2024,05,SWE.13.17_1,0.04442255882091443,0.5297071613031199
2024,05,SWE.13.18_1,0.044511335709159446,0.5373471684372995
2024,05,SWE.13.19_1,0.04425952222805521,0.5169738160794873
2024,05,SWE.13.1_1,0.04287236147596646,0.44057374473769106
2024,05,SWE.13.20_1,0.04275397333659141,0.4354804066482381
2024,05,SWE.13.21_1,0.04190077679517474,0.402373709066793
2024,05,SWE.13.22_1,0.0429302978935883,0.4431204137824176
2024,05,SWE.13.23_1,0.04343955517187844,0.46731376970731975
2024,05,SWE.13.24_1,0.04490377617894316,0.5831872112423774
2024,05,SWE.13.25_1,0.044553196637763186,0.5411671720043892
2024,05,SWE.13.26_1,0.04465663141739485,0.5513538481832956
2024,05,SWE.13.27_1,0.04431042103246892,0.5207938196465771
2024,05,SWE.13.28_1,0.043260518421985465,0.45840042805077685
2024,05,SWE.13.29_1,0.04471525330013679,0.5577205207951118
2024,05,SWE.13.2_1,0.043071497874317306,0.4494870863942341
2024,05,SWE.13.30_1,0.0449460848523098,0.5908272183765568
2024,05,SWE.13.31_1,0.04425952222805525,0.5169738160794873
2024,05,SWE.13.32_1,0.044482493524501086,0.5348004993925731
2024,05,SWE.13.33_1,0.044932709493486246,0.5882805493318303
2024,05,SWE.13.3_1,0.042753973336591394,0.4354804066482381
2024,05,SWE.13.4_1,0.044096527555874204,0.5055138053782177
2024,05,SWE.13.5_1,0.04365527210389134,0.4787737804085892
2024,05,SWE.13.6_1,0.044680634788120066,0.5539005172280221
2024,05,SWE.13.7_1,0.04376816052205841,0.48514045302040554
2024,05,SWE.13.8_1,0.04307149787431734,0.4494870863942341
2024,05,SWE.13.9_1,0.04372359745650561,0.482593783975679
2024,05,SWE.14.1_1,0.039871089230027225,0.3399803174709929
2024,05,SWE.14.2_1,0.04081189145559935,0.3667203424406215
2024,05,SWE.14.3_1,0.040105194222699994,0.3463469900828092
2024,05,SWE.14.4_1,0.04046650957732222,0.3565336662617154
2024,05,SWE.14.5_1,0.04114174114055873,0.3769070186195277
2024,05,SWE.14.6_1,0.04333846359069348,0.4622204316178667
2024,05,SWE.14.7_1,0.03948293858003028,0.3297936412920867
2024,05,SWE.14.8_1,0.04118189902336558,0.37818035314189086
2024,05,SWE.14.9_1,0.04068421428863589,0.36290033887353174
2024,05,SWE.15.10_1,0.04068421428863592,0.36290033887353174
2024,05,SWE.15.11_1,0.04290143413208186,0.44184707926005434
2024,05,SWE.15.12_1,0.043938566913871845,0.4953271291993117
2024,05,SWE.15.13_1,0.0414947167333378,0.388367029320797
2024,05,SWE.15.14_1,0.04141791052070679,0.3858203602760706
2024,05,SWE.15.15_1,0.04093738471492885,0.3705403460077112
2024,05,SWE.15.16_1,0.04064116637281062,0.36162700435116846
2024,05,SWE.15.17_1,0.04253865052005852,0.4265670649916951
2024,05,SWE.15.18_1,0.04247520816223876,0.4240203959469687
2024,05,SWE.15.19_1,0.04153277321692309,0.3896403638431604
2024,05,SWE.15.1_1,0.04214500189795157,0.411287050723336
2024,05,SWE.15.20_1,0.04110134639597901,0.3756336840971643
2024,05,SWE.15.21_1,0.043537427047653114,0.4724071077967728
2024,05,SWE.15.22_1,0.03953238498460278,0.33106697581445
2024,05,SWE.15.23_1,0.04134017568105079,0.3832736912313441
2024,05,SWE.15.24_1,0.04137915950488875,0.3845470257537073
2024,05,SWE.15.25_1,0.04442255882091443,0.5297071613031199
2024,05,SWE.15.26_1,0.0434888921975641,0.4698604387520463
2024,05,SWE.15.2_1,0.04186499511449518,0.4011003745444298
2024,05,SWE.15.3_1,0.03892111227770316,0.31578696154609087
2024,05,SWE.15.4_1,0.043389413234192285,0.4647671006625932
2024,05,SWE.15.5_1,0.04331268499029119,0.4609470970955034
2024,05,SWE.15.6_1,0.04145642938135014,0.38709369479843386
2024,05,SWE.15.7_1,0.042872361475966445,0.44057374473769106
2024,05,SWE.15.8_1,0.04346432412636075,0.468587104229683
2024,05,SWE.15.9_1,0.0408539641973992,0.3679936769629848
2024,05,SWE.16.1_1,0.03815687468603617,0.29796027823300497
2024,05,SWE.16.2_1,0.039383240792750324,0.32724697224736016
2024,05,SWE.16.3_1,0.039630477837415974,0.3336136448591765
2024,05,SWE.16.4_1,0.0390776331745044,0.31960696511318054
2024,05,SWE.16.5_1,0.040684214288635924,0.36290033887353174
2024,05,SWE.16.6_1,0.0392824628820881,0.3247003032026336
2024,05,SWE.16.7_1,0.039231666282776544,0.3234269686802704
2024,05,SWE.17.10_1,0.040377690888192576,0.35398699721698884
2024,05,SWE.17.11_1,0.04197166806289571,0.40492037811151965
2024,05,SWE.17.12_1,0.03948293858003028,0.3297936412920867
2024,05,SWE.17.13_1,0.04372359745650562,0.482593783975679
2024,05,SWE.17.14_1,0.04059787273467201,0.36035366982880507
2024,05,SWE.17.15_1,0.03881536806608302,0.31324029250136404
2024,05,SWE.17.16_1,0.03987108923002725,0.3399803174709929
2024,05,SWE.17.1_1,0.04089579503666089,0.3692670114853481
2024,05,SWE.17.2_1,0.04037769088819259,0.35398699721698884
2024,05,SWE.17.3_1,0.03982349119146422,0.3387069829486296
2024,05,SWE.17.4_1,0.03972751065685409,0.33616031390390305
2024,05,SWE.17.5_1,0.039918427031639794,0.3412536519933561
2024,05,SWE.17.6_1,0.04204166697744381,0.40746704715624604
2024,05,SWE.17.7_1,0.03892111227770314,0.31578696154609087
2024,05,SWE.17.8_1,0.04338941323419233,0.4647671006625932
2024,05,SWE.17.9_1,0.04130095838995403,0.3820003567089808
2024,05,SWE.18.10_1,0.04122182073664343,0.37945368766425425
2024,05,SWE.18.11_1,0.04081189145559936,0.3667203424406215
2024,05,SWE.18.14_1,0.0416827030567353,0.3947337019326135
2024,05,SWE.18.15_1,0.03591453613094646,0.2521202354279274
2024,05,SWE.18.1_1,0.03881536806608301,0.31324029250136404
2024,05,SWE.18.2_1,0.03792798432441629,0.29286694014355175
2024,05,SWE.18.4_1,0.03821335165851754,0.2992336127553681
2024,05,SWE.18.5_1,0.03838101418629853,0.30305361632245803
2024,05,SWE.18.6_1,0.038762073455382955,0.3119669579790009
2024,05,SWE.18.7_1,0.03832542011588394,0.30178028180009475
2024,05,SWE.19.1_1,0.036900109092529866,0.2712202532633761
2024,05,SWE.19.3_1,0.0397756319817025,0.33743364842626633
2024,05,SWE.19.4_1,0.03912925250426309,0.3208802996355438
2024,05,SWE.19.5_1,0.0379279843244164,0.29286694014355175
2024,05,SWE.19.6_1,0.038600485585054606,0.308146954411911
2024,05,SWE.19.7_1,0.03938324079275032,0.32724697224736016
2024,05,SWE.2.10_1,0.03991842703163979,0.3412536519933561
2024,05,SWE.2.11_1,0.03958156440575163,0.33234031033681327
2024,05,SWE.2.12_1,0.03907763317450442,0.31960696511318054
2024,05,SWE.2.13_1,0.039180596513364536,0.3221536341579071
2024,05,SWE.2.14_1,0.03886838062268401,0.3145136270237275
2024,05,SWE.2.2_1,0.039482938580030276,0.3297936412920867
2024,05,SWE.2.3_1,0.038708495625572596,0.3106936234566378
2024,05,SWE.2.4_1,0.03843631651781953,0.30432695084482114
2024,05,SWE.2.5_1,0.03787000935619752,0.29159360562118875
2024,05,SWE.2.7_1,0.04037769088819257,0.35398699721698884
2024,05,SWE.2.8_1,0.03821335165851756,0.2992336127553681
2024,05,SWE.2.9_1,0.04015124452403715,0.3476203246051725
2024,05,SWE.20.10_1,0.03860048558505463,0.308146954411911
2024,05,SWE.20.11_1,0.03933298736965589,0.3259736377249969
2024,05,SWE.20.1_1,0.04001232561351147,0.34380032103808267
2024,05,SWE.20.2_1,0.03902573743158724,0.31833363059081726
2024,05,SWE.20.3_1,0.0406842142886359,0.36290033887353174
2024,05,SWE.20.4_1,0.03943322418769985,0.32852030676972344
2024,05,SWE.20.5_1,0.0399655055210278,0.3425269865157194
2024,05,SWE.20.6_1,0.040151244524037136,0.3476203246051725
2024,05,SWE.20.7_1,0.03892111227770317,0.31578696154609087
2024,05,SWE.20.8_1,0.03897356417132878,0.317060296068454
2024,05,SWE.20.9_1,0.03798565697427481,0.29414027466591514
2024,05,SWE.21.10_1,0.04137915950488874,0.3845470257537073
2024,05,SWE.21.11_1,0.04224635367613271,0.4151070542904258
2024,05,SWE.21.12_1,0.04326051842198545,0.45840042805077685
2024,05,SWE.21.13_1,0.04320753690650735,0.4558537590060502
2024,05,SWE.21.14_1,0.042179005461435076,0.4125603852456991
2024,05,SWE.21.15_1,0.04241090481351479,0.421473726902242
2024,05,SWE.21.16_1,0.04221278921171477,0.4138337197680624
2024,05,SWE.21.17_1,0.04214500189795174,0.411287050723336
2024,05,SWE.21.18_1,0.04353742704765311,0.4724071077967728
2024,05,SWE.21.19_1,0.04260123573357263,0.4291137340364218
2024,05,SWE.21.1_1,0.04231282683134704,0.4176537233351523
2024,05,SWE.21.20_1,0.04193633425468658,0.4036470435891564
2024,05,SWE.21.21_1,0.042246353676132706,0.4151070542904258
2024,05,SWE.21.22_1,0.044606400812675,0.5462605100938425
2024,05,SWE.21.23_1,0.04253865052005851,0.4265670649916951
2024,05,SWE.21.24_1,0.04247520816223873,0.4240203959469687
2024,05,SWE.21.25_1,0.043286703389307186,0.45967376257314013
2024,05,SWE.21.26_1,0.041936334254686555,0.4036470435891564
2024,05,SWE.21.27_1,0.04312653002451148,0.4520337554389605
2024,05,SWE.21.28_1,0.04217900546143507,0.4125603852456991
2024,05,SWE.21.29_1,0.04186499511449518,0.4011003745444298
2024,05,SWE.21.2_1,0.04278388586619812,0.4367537411706013
2024,05,SWE.21.30_1,0.04186499511449516,0.4011003745444298
2024,05,SWE.21.32_1,0.04328670338930718,0.45967376257314013
2024,05,SWE.21.33_1,0.04204166697744378,0.40746704715624604
2024,05,SWE.21.34_1,0.042632208092900234,0.43038706855878506
2024,05,SWE.21.35_1,0.041570599466162754,0.39091369836552353
2024,05,SWE.21.36_1,0.04278388586619812,0.4367537411706013
2024,05,SWE.21.37_1,0.042632208092900276,0.43038706855878506
2024,05,SWE.21.38_1,0.04028786993464547,0.3514403281722623
2024,05,SWE.21.39_1,0.04257005003236281,0.4278403995140585
2024,05,SWE.21.3_1,0.043811936669683416,0.4876871220651321
2024,05,SWE.21.40_1,0.04141791052070676,0.3858203602760706
2024,05,SWE.21.41_1,0.041261506965895284,0.3807270221866175
2024,05,SWE.21.42_1,0.04145642938135019,0.38709369479843386
2024,05,SWE.21.43_1,0.04326051842198538,0.45840042805077685
2024,05,SWE.21.44_1,0.04106071409056486,0.3743603495748012
2024,05,SWE.21.45_1,0.041101346395979003,0.3756336840971643
2024,05,SWE.21.46_1,0.0431807396079606,0.4545804244836871
2024,05,SWE.21.47_1,0.04284307949998236,0.4393004102153278
2024,05,SWE.21.48_1,0.04089579503666088,0.3692670114853481
2024,05,SWE.21.49_1,0.04351325972575281,0.4711337732744096
2024,05,SWE.21.4_1,0.04190077679517469,0.402373709066793
2024,05,SWE.21.50_1,0.040895795036660874,0.3692670114853481
2024,05,SWE.21.51_1,0.04207633319624662,0.40874038167860943
2024,05,SWE.21.5_1,0.04141791052070677,0.3858203602760706
2024,05,SWE.21.6_1,0.04153277321692316,0.3896403638431604
2024,05,SWE.21.7_1,0.042006778784172846,0.40619371263388293
2024,05,SWE.21.8_1,0.042662967574990406,0.43166040308114817
2024,05,SWE.21.9_1,0.0417196145874014,0.3960070364549766
2024,05,SWE.3.10_1,0.04010519422270001,0.3463469900828092
2024,05,SWE.3.1_1,0.038654633398970066,0.30942028893427437
2024,05,SWE.3.2_1,0.039871089230027267,0.3399803174709929
2024,05,SWE.3.3_1,0.039077633174504425,0.31960696511318054
2024,05,SWE.3.4_1,0.0407695760623561,0.3654470079182581
2024,05,SWE.3.5_1,0.03815687468603617,0.29796027823300497
2024,05,SWE.3.6_1,0.041456429381350184,0.38709369479843386
2024,05,SWE.3.7_1,0.038213351658517525,0.2992336127553681
2024,05,SWE.3.8_1,0.03902573743158724,0.31833363059081726
2024,05,SWE.3.9_1,0.03953238498460278,0.33106697581445
2024,05,SWE.4.1_1,0.042843079499982346,0.4393004102153278
2024,05,SWE.5.1_1,0.04175629896322318,0.39728037097734004
2024,05,SWE.5.2_1,0.04122182073664344,0.37945368766425425
2024,05,SWE.5.3_1,0.04134017568105079,0.3832736912313441
2024,05,SWE.5.4_1,0.04244316435509436,0.42274706142460544
2024,05,SWE.5.5_1,0.042723849743433136,0.4342070721258747
2024,05,SWE.5.6_1,0.041300958389954026,0.3820003567089808
2024,05,SWE.6.1_1,0.04149471673333773,0.388367029320797
2024,05,SWE.6.2_1,0.04101984351836789,0.37308701505243774
2024,05,SWE.6.3_1,0.03787000935619755,0.29159360562118875
2024,05,SWE.6.4_1,0.03967912626326944,0.3348869793815398
2024,05,SWE.6.5_1,0.041101346395979024,0.3756336840971643
2024,05,SWE.6.6_1,0.035777215942721104,0.2495735663832007
2024,05,SWE.6.7_1,0.03757555050768894,0.28522693300937224
2024,05,SWE.6.8_1,0.04145642938135012,0.38709369479843386
2024,05,SWE.7.10_1,0.04287236147596646,0.44057374473769106
2024,05,SWE.7.11_1,0.04182898863723293,0.3998270400220666
2024,05,SWE.7.1_1,0.040377690888192604,0.35398699721698884
2024,05,SWE.7.2_1,0.041300958389954026,0.3820003567089808
2024,05,SWE.7.3_1,0.042570050032362826,0.4278403995140585
2024,05,SWE.7.4_1,0.042006778784172846,0.40619371263388293
2024,05,SWE.7.5_1,0.0420416669774438,0.40746704715624604
2024,05,SWE.7.6_1,0.042212789211714764,0.4138337197680624
2024,05,SWE.7.7_1,0.042507036722840744,0.42529373046933183
2024,05,SWE.7.8_1,0.04247520816223873,0.4240203959469687
2024,05,SWE.7.9_1,0.04224635367613284,0.4151070542904258
2024,05,SWE.8.10_1,0.04333846359069348,0.4622204316178667
2024,05,SWE.8.11_1,0.04290143413208187,0.44184707926005434
2024,05,SWE.8.12_1,0.04106071409056484,0.3743603495748012
2024,05,SWE.8.1_1,0.04503382970575539,0.6137472397790957
2024,05,SWE.8.2_1,0.04301564000031941,0.4469404173495074
2024,05,SWE.8.3_1,0.04204166697744381,0.40746704715624604
2024,05,SWE.8.4_1,0.041900776795174705,0.402373709066793
2024,05,SWE.8.5_1,0.0441525817258897,0.5093338089453078
2024,05,SWE.8.6_1,0.04309911696608772,0.4507604209165974
2024,05,SWE.8.7_1,0.04478957889325028,0.5666338624516548
2024,05,SWE.8.8_1,0.042538650520058646,0.4265670649916951
2024,05,SWE.8.9_1,0.04307149787431734,0.4494870863942341
2024,05,SWE.9.1_1,0.04247520816223874,0.4240203959469687
2024,05,SWE.9.2_1,0.042279699376941524,0.41638038881278894
2024,05,SWE.9.3_1,0.0420416669774438,0.40746704715624604
2024,05,SWE.9.4_1,0.04175629896322315,0.39728037097734004
2024,05,SWE.9.5_1,0.041936334254686576,0.4036470435891564
2024,05,SWE.9.6_1,0.042662967574990406,0.43166040308114817
2024,05,SWE.9.7_1,0.04247520816223872,0.4240203959469687
2024,05,SWE.9.8_1,0.04207633319624663,0.40874038167860943
2024,05,TUR.1.10_1,0.045015338078865395,0.6073805671672793
2024,05,TUR.1.11_1,0.04272384974343319,0.4342070721258747
2024,05,TUR.1.12_1,0.044644351979370334,0.7232540087023368
2024,05,TUR.1.13_1,0.04499729014389235,0.671047293285443
2024,05,TUR.1.1_1,0.044096527555874176,0.5055138053782177
2024,05,TUR.1.2_1,0.04503996183688022,0.6570406135394469
2024,05,TUR.1.3_1,0.04435961347338528,0.5246138232136668
2024,05,TUR.1.4_1,0.04501939786712224,0.6646806206736265
2024,05,TUR.1.5_1,0.04496478560589436,0.5946472219436467
2024,05,TUR.1.6_1,0.04479946152419561,0.7054273253892511
2024,05,TUR.1.7_1,0.04506267951713902,0.6392139302263611
2024,05,TUR.1.8_1,0.041719614587401394,0.3960070364549766
2024,05,TUR.1.9_1,0.044134088959557644,0.5080604744229444
2024,05,TUR.10.1_1,0.04387613056081089,0.4915071256322219
2024,05,TUR.10.2_1,0.04504537184757092,0.6544939444947203
2024,05,TUR.10.3_1,0.04503698605399399,0.6583139480618101
2024,05,TUR.10.4_1,0.04435961347338529,0.7487206991496022
2024,05,TUR.10.5_1,0.04488016363315864,0.5793672076752875
2024,05,TUR.10.6_1,0.044952499997026704,0.5921005528989203
2024,05,TUR.10.7_1,0.0445113357091594,0.5373471684372995
2024,05,TUR.10.8_1,0.0442936446467089,0.5195204851242137
2024,05,TUR.11.10_1,0.03751573186221453,0.28395359848700896
2024,05,TUR.11.11_1,0.04122182073664339,0.37945368766425425
2024,05,TUR.11.12_1,0.03757555050768895,0.28522693300937224
2024,05,TUR.11.13_1,0.037927984324416526,0.29286694014355175
2024,05,TUR.11.14_1,0.03775314688641573,0.2890469365764621
2024,05,TUR.11.15_1,0.042345736551558225,0.4189270578575156
2024,05,TUR.11.16_1,0.03644973234788618,0.2623069116068334
2024,05,TUR.11.17_1,0.03492243141516891,0.23429355211484143
2024,05,TUR.11.1_1,0.03690010909252989,0.2712202532633761
2024,05,TUR.11.2_1,0.036050432018320866,0.2546669044726538
2024,05,TUR.11.3_1,0.03912925250426306,0.3208802996355438
2024,05,TUR.11.4_1,0.04417088285751069,0.5106071434676709
2024,05,TUR.11.5_1,0.04005888821511885,0.34507365556044595
2024,05,TUR.11.6_1,0.03733439551189838,0.2801335949199192
2024,05,TUR.11.7_1,0.034995737542582096,0.23556688663720485
2024,05,TUR.11.8_1,0.03958156440575165,0.33234031033681327
2024,05,TUR.11.9_1,0.03972751065685411,0.33616031390390305
2024,05,TUR.14.4_1,0.04145642938135018,0.38709369479843386
2024,05,TUR.14.6_1,0.040012325613511465,0.34380032103808267
2024,05,TUR.15.3_1,0.04089579503666089,0.3692670114853481
2024,05,TUR.16.2_1,0.044038742070194245,0.5016938018111282
2024,05,TUR.16.5_1,0.0445801710729482,0.5437138410491159
2024,05,TUR.17.3_1,0.04217900546143507,0.4125603852456991
2024,05,TUR.17.8_1,0.0421107779887792,0.4100137162009727
2024,05,TUR.18.1_1,0.04207633319624661,0.40874038167860943
2024,05,TUR.18.2_1,0.04298740041286644,0.4456670828271442
2024,05,TUR.18.3_1,0.04234573655155825,0.4189270578575156
2024,05,TUR.18.4_1,0.04168270305673531,0.3947337019326135
2024,05,TUR.18.5_1,0.04164556376722483,0.3934603674102501
2024,05,TUR.18.6_1,0.04197166806289571,0.40492037811151965
2024,05,TUR.18.7_1,0.04284307949998234,0.4393004102153278
2024,05,TUR.19.3_1,0.04395898976798768,0.4966004637216748
2024,05,TUR.2.1_1,0.03958156440575162,0.33234031033681327
2024,05,TUR.2.2_1,0.04019703999795119,0.3488936591275358
2024,05,TUR.2.3_1,0.03943322418769985,0.32852030676972344
2024,05,TUR.2.4_1,0.04114174114055872,0.3769070186195277
2024,05,TUR.2.5_1,0.040377690888192624,0.35398699721698884
2024,05,TUR.2.6_1,0.04010519422270001,0.3463469900828092
2024,05,TUR.2.7_1,0.042110777988779206,0.4100137162009727
2024,05,TUR.2.8_1,0.03982349119146424,0.3387069829486296
2024,05,TUR.2.9_1,0.038762073455382955,0.3119669579790009
2024,05,TUR.20.10_1,0.03182407911623816,0.18590684026503732
2024,05,TUR.20.11_1,0.03521335633295832,0.23938689020429466
2024,05,TUR.20.2_1,0.036184919652137805,0.25721357351738044
2024,05,TUR.20.3_1,0.04001232561351146,0.34380032103808267
2024,05,TUR.20.4_1,0.03235714553848697,0.19354684739921693
2024,05,TUR.20.6_1,0.03577721594272109,0.2495735663832007
2024,05,TUR.20.8_1,0.03721192230800119,0.27758692587519246
2024,05,TUR.21.14_1,0.04496478560589437,0.5946472219436467
2024,05,TUR.21.6_1,0.044606400812675015,0.5462605100938425
2024,05,TUR.25.10_1,0.03876207345538293,0.3119669579790009
2024,05,TUR.25.11_1,0.03337148593601277,0.20882686166757616
2024,05,TUR.25.12_1,0.03570801660743302,0.24830023186083755
2024,05,TUR.25.13_1,0.0348487380018919,0.23302021759247832
2024,05,TUR.25.14_1,0.03492243141516889,0.23429355211484143
2024,05,TUR.25.15_1,0.0372119223080012,0.27758692587519246
2024,05,TUR.25.16_1,0.034167651599031346,0.22156020689120873
2024,05,TUR.25.17_1,0.033040766711962835,0.2037335235781231
2024,05,TUR.25.18_1,0.03353416922163806,0.21137353071230272
2024,05,TUR.25.19_1,0.037273318174775874,0.2788602603975559
2024,05,TUR.25.1_1,0.0359826610996829,0.2533935699502906
2024,05,TUR.25.2_1,0.03528513727834336,0.2406602247266578
2024,05,TUR.25.3_1,0.03345304787596782,0.21010019618993944
2024,05,TUR.25.4_1,0.03200376975524072,0.18845350930976384
2024,05,TUR.25.5_1,0.0359826610996829,0.2533935699502906
2024,05,TUR.25.6_1,0.03721192230800115,0.27758692587519246
2024,05,TUR.25.7_1,0.03304076671196282,0.2037335235781231
2024,05,TUR.25.8_1,0.03745560082202144,0.2826802639646457
2024,05,TUR.25.9_1,0.03470017943494297,0.23047354854775176
2024,05,TUR.26.13_1,0.04089579503666088,0.3692670114853481
2024,05,TUR.26.4_1,0.038156874686036166,0.29796027823300497
2024,05,TUR.27.1_1,0.04505213344736051,0.6506739409276304
2024,05,TUR.28.3_1,0.043833530387698716,0.4889604565874953
2024,05,TUR.28.5_1,0,0
2024,05,TUR.28.6_1,0.042958953181548354,0.4443937483047809
2024,05,TUR.28.7_1,0.04358516240196346,0.47495377684149936
2024,05,TUR.28.9_1,0.04263220809290025,0.43038706855878506
2024,05,TUR.3.10_1,0.038100100803195244,0.2966869437106415
2024,05,TUR.3.15_1,0.03902573743158724,0.31833363059081726
2024,05,TUR.3.6_1,0.0349957375425821,0.23556688663720485
2024,05,TUR.3.9_1,0.03361485316282818,0.212646865234666
2024,05,TUR.30.8_1,0.04153277321692309,0.3896403638431604
2024,05,TUR.31.10_1,0.04207633319624659,0.40874038167860943
2024,05,TUR.31.11_1,0.04214500189795181,0.411287050723336
2024,05,TUR.31.12_1,0.0427539733365914,0.4354804066482381
2024,05,TUR.31.13_1,0.04372359745650561,0.482593783975679
2024,05,TUR.31.14_1,0.042246353676132845,0.4151070542904258
2024,05,TUR.31.15_1,0.04307149787431733,0.4494870863942341
2024,05,TUR.31.16_1,0.04309911696608772,0.4507604209165974
2024,05,TUR.31.17_1,0.041532773216923086,0.3896403638431604
2024,05,TUR.31.18_1,0.04253865052005851,0.4265670649916951
2024,05,TUR.31.19_1,0.0422796993769415,0.41638038881278894
2024,05,TUR.31.1_1,0.0414179105207068,0.3858203602760706
2024,05,TUR.31.2_1,0.04064116637281061,0.36162700435116846
2024,05,TUR.31.3_1,0.04182898863723295,0.3998270400220666
2024,05,TUR.31.4_1,0.04126150696589533,0.3807270221866175
2024,05,TUR.31.5_1,0.041379159504888734,0.3845470257537073
2024,05,TUR.31.6_1,0.04309911696608772,0.4507604209165974
2024,05,TUR.31.7_1,0.041608196108980214,0.3921870328878869
2024,05,TUR.31.8_1,0.041682703056735014,0.3947337019326135
2024,05,TUR.31.9_1,0.04182898863723295,0.3998270400220666
2024,05,TUR.33.1_1,0.04015124452403719,0.3476203246051725
2024,05,TUR.33.2_1,0.04481867654719864,0.5704538660187445
2024,05,TUR.33.3_1,0,0
2024,05,TUR.33.4_1,0.03938324079275031,0.32724697224736016
2024,05,TUR.33.6_1,0,0
2024,05,TUR.34.10_1,0.04495873355638098,0.5933738874212834
2024,05,TUR.34.11_1,0.04409652755587419,0.7678207169850513
2024,05,TUR.34.12_1,0.044525476153666116,0.7347140194036063
2024,05,TUR.34.13_1,0.04442255882091442,0.7436273610601493
2024,05,TUR.34.14_1,0.04372359745650561,0.482593783975679
2024,05,TUR.34.15_1,0.044964785605894356,0.6786873004196224
2024,05,TUR.34.16_1,0.0449763454662898,0.6761406313748959
2024,05,TUR.34.1_1,0.043585162401963466,0.47495377684149936
2024,05,TUR.34.2_1,0.044964785605894377,0.6786873004196224
2024,05,TUR.34.3_1,0.04197166806289571,0.40492037811151965
2024,05,TUR.34.4_1,0.045047806140411956,0.6532206099723569
2024,05,TUR.34.5_1,0.04505979536720728,0.629027254047455
2024,05,TUR.34.6_1,0.045026975159162264,0.6112005707343692
2024,05,TUR.34.7_1,0.04472642363371835,0.7143406670457941
2024,05,TUR.34.8_1,0.04506267951713902,0.6392139302263611
2024,05,TUR.34.9_1,0.04449700822634814,0.7372606884483327
2024,05,TUR.35.3_1,0.044964785605894377,0.5946472219436467
2024,05,TUR.35.4_1,0.042601235733572634,0.4291137340364218
2024,05,TUR.35.5_1,0.042475208162238744,0.4240203959469687
2024,05,TUR.35.6_1,0.04435961347338527,0.5246138232136668
2024,05,TUR.37.10_1,0.044619236833611756,0.5475338446162056
2024,05,TUR.37.11_1,0.044758829057980565,0.7105206634787042
2024,05,TUR.37.12_1,0.04504780614041194,0.6532206099723569
2024,05,TUR.37.1_1,0.04470389847549451,0.5564471862727485
2024,05,TUR.37.2_1,0.04506222888088007,0.6328472576145446
2024,05,TUR.37.3_1,0.045047806140411956,0.6201139123909121
2024,05,TUR.37.4_1,0.045063040022901096,0.6366672611816345
2024,05,TUR.37.5_1,0.04468063478812005,0.5539005172280221
2024,05,TUR.37.6_1,0.044981853417034916,0.6748672968525327
2024,05,TUR.37.7_1,0.04491860683078345,0.5857338802871038
2024,05,TUR.37.8_1,0.043958989767987684,0.4966004637216748
2024,05,TUR.37.9_1,0.04505979536720728,0.629027254047455
2024,05,TUR.38.1_1,0.0429302978935883,0.4431204137824176
2024,05,TUR.38.2_1,0.04287236147596644,0.44057374473769106
2024,05,TUR.38.3_1,0.04266296757499041,0.43166040308114817
2024,05,TUR.38.4_1,0.04211077798877925,0.4100137162009727
2024,05,TUR.39.10_1,0.04160819610898021,0.3921870328878869
2024,05,TUR.4.2_1,0.042345736551558245,0.4189270578575156
2024,05,TUR.4.3_1,0.04137915950488875,0.3845470257537073
2024,05,TUR.4.5_1,0.041645563767224815,0.3934603674102501
2024,05,TUR.4.8_1,0.04175629896322317,0.39728037097734004
2024,05,TUR.40.11_1,0.044482493524501086,0.5348004993925731
2024,05,TUR.40.12_1,0.0447994615241956,0.5679071969740179
2024,05,TUR.40.13_1,0.044939488044467416,0.5895538838541937
2024,05,TUR.40.14_1,0.04490377617894316,0.5831872112423774
2024,05,TUR.40.15_1,0.04490377617894317,0.5831872112423774
2024,05,TUR.40.16_1,0.04464435197937033,0.5500805136609321
2024,05,TUR.40.17_1,0.04455319663776319,0.5411671720043892
2024,05,TUR.40.18_1,0.04488821681640105,0.5806405421976508
2024,05,TUR.40.19_1,0.04449700822634814,0.5360738339149363
2024,05,TUR.40.21_1,0.044644351979370334,0.5500805136609321
2024,05,TUR.40.23_1,0.04505979536720728,0.629027254047455
2024,05,TUR.40.25_1,0.044958733556380984,0.5933738874212834
2024,05,TUR.40.26_1,0.04495249999702671,0.5921005528989203
2024,05,TUR.40.27_1,0.04500207355155747,0.6035605636001895
2024,05,TUR.40.28_1,0.0447374096144344,0.5602671898398384
2024,05,TUR.40.29_1,0.04500207355155747,0.6035605636001895
2024,05,TUR.40.2_1,0.04469235901917332,0.55517385175038525
2024,05,TUR.40.31_1,0.04492574911709981,0.587007214809467
2024,05,TUR.40.33_1,0.0447692627851576,0.5640871934069283
2024,05,TUR.40.34_1,0.0446923590191733,0.55517385175038525
2024,05,TUR.40.35_1,0.044809160702477556,0.5691805314963814
2024,05,TUR.40.36_1,0.04477951268818038,0.5653605279292914
2024,05,TUR.40.37_1,0.04497065621884854,0.5959205564660099
2024,05,TUR.40.39_1,0.044748211378063694,0.5615405243622016
2024,05,TUR.40.3_1,0.04491860683078345,0.5857338802871038
2024,05,TUR.40.4_1,0.04496478560589438,0.5946472219436467
2024,05,TUR.40.5_1,0.044809160702477535,0.5691805314963814
2024,05,TUR.40.6_1,0.044896087633029685,0.581913876720014
2024,05,TUR.40.7_1,0.04485490889037924,0.5755472041081977
2024,05,TUR.40.8_1,0.044828009175110324,0.5717272005411078
2024,05,TUR.41.18_1,0.0399655055210278,0.3425269865157194
2024,05,TUR.41.25_1,0.03987108923002722,0.3399803174709929
2024,05,TUR.41.26_1,0.038973564171328724,0.317060296068454
2024,05,TUR.41.5_1,0.03912925250426309,0.3208802996355438
2024,05,TUR.42.2_1,0.045019397867122196,0.6086539016896425
2024,05,TUR.42.6_1,0.04253865052005853,0.4265670649916951
2024,05,TUR.42.8_1,0.04157059946616276,0.39091369836552353
2024,05,TUR.42.9_1,0.04284307949998234,0.4393004102153278
2024,05,TUR.44.6_1,0.04193633425468654,0.4036470435891564
2024,05,TUR.45.1_1,0.04376816052205841,0.48514045302040554
2024,05,TUR.45.2_1,0.04381193666968342,0.4876871220651321
2024,05,TUR.45.3_1,0.04257005003236281,0.4278403995140585
2024,05,TUR.45.4_1,0.04221278921171476,0.4138337197680624
2024,05,TUR.45.5_1,0.04409652755587417,0.5055138053782177
2024,05,TUR.45.6_1,0.043414584990293485,0.46604043518495647
2024,05,TUR.45.7_1,0.04331268499029118,0.4609470970955034
2024,05,TUR.47.3_1,0.04338941323419228,0.4647671006625932
2024,05,TUR.48.1_1,0,0
2024,05,TUR.48.2_1,0,0
2024,05,TUR.50.2_1,0.045050059997982075,0.6519472754499938
2024,05,TUR.50.3_1,0.04464435197937033,0.5500805136609321
2024,05,TUR.50.5_1,0.04464435197937033,0.5500805136609321
2024,05,TUR.52.1_1,0.04504780614041194,0.6532206099723569
2024,05,TUR.52.2_1,0.04482800917511033,0.5717272005411078
2024,05,TUR.52.3_1,0.04505979536720728,0.6443072683158142
2024,05,TUR.52.4_1,0.04506267951713901,0.634120592136908
2024,05,TUR.52.5_1,0.044981853417034916,0.5984672255107363
2024,05,TUR.52.6_1,0.04506294989673095,0.6353939266592713
2024,05,TUR.52.7_1,0.045063040022901096,0.6366672611816345
2024,05,TUR.53.11_1,0.04200677878417282,0.40619371263388293
2024,05,TUR.53.16_1,0.04089579503666088,0.3692670114853481
2024,05,TUR.53.27_1,0.04153277321692309,0.3896403638431604
2024,05,TUR.55.12_1,0.039679126263269415,0.3348869793815398
2024,05,TUR.55.14_1,0.03907763317450439,0.31960696511318054
2024,05,TUR.55.6_1,0.040012325613511465,0.34380032103808267
2024,05,TUR.56.12_1,0.03826953303515191,0.3005069472777315
2024,05,TUR.57.3_1,0,0
2024,05,TUR.57.5_1,0,0
2024,05,TUR.57.7_1,0,0
2024,05,TUR.58.10_1,0.04491128254774976,0.5844605457647406
2024,05,TUR.58.1_1,0.044019094332235505,0.5004204672887649
2024,05,TUR.59.10_1,0.04470389847549452,0.5564471862727485
2024,05,TUR.59.11_1,0.04153277321692308,0.3896403638431604
2024,05,TUR.59.12_1,0.03958156440575165,0.33234031033681327
2024,05,TUR.59.1_1,0.044871927985115835,0.5780938731529243
2024,05,TUR.59.2_1,0.04204166697744382,0.40746704715624604
2024,05,TUR.59.3_1,0.04506159798254749,0.6315739230921815
2024,05,TUR.59.4_1,0.03810010080319519,0.2966869437106415
2024,05,TUR.59.5_1,0.038213351658517566,0.2992336127553681
2024,05,TUR.59.6_1,0.04160819610898021,0.3921870328878869
2024,05,TUR.59.7_1,0.04469235901917332,0.55517385175038525
2024,05,TUR.59.8_1,0.0399655055210278,0.3425269865157194
2024,05,TUR.59.9_1,0.04266296757499039,0.43166040308114817
2024,05,TUR.60.1_1,0.04309911696608772,0.4507604209165974
2024,05,TUR.60.2_1,0.0442936446467089,0.5195204851242137
2024,05,TUR.60.3_1,0.042076333196246624,0.40874038167860943
2024,05,TUR.60.4_1,0.041060714090564825,0.3743603495748012
2024,05,TUR.60.5_1,0.04315373744223172,0.4533070899613238
2024,05,TUR.60.6_1,0.042601235733572614,0.4291137340364218
2024,05,TUR.62.3_1,0.04175629896322317,0.39728037097734004
2024,05,TUR.62.6_1,0.040554332587261446,0.3590803353064419
2024,05,TUR.63.10_1,0.04481867654719864,0.7028806563445246
2024,05,TUR.63.14_1,0.0442246388107361,0.7589073753285082
2024,05,TUR.63.15_1,0.045002073551557484,0.6035605636001895
2024,05,TUR.63.7_1,0.044188992592521764,0.7614540443732349
2024,05,TUR.64.4_1,0.045058623628565074,0.6455806028381774
2024,05,TUR.64.5_1,0.04501109746462765,0.6061072326449161
2024,05,TUR.64.6_1,0.044970656218848507,0.6774139658972592
2024,05,TUR.64.7_1,0.04505979536720728,0.629027254047455
2024,05,TUR.65.10_1,0.044828009175110387,0.7016073218221613
2024,05,TUR.65.11_1,0.04483715870061922,0.700333987299798
2024,05,TUR.65.12_1,0.04453942973801129,0.7334406848812428
2024,05,TUR.65.1_1,0.04505402651345547,0.6239339159580019
2024,05,TUR.65.2_1,0.04506222888088007,0.6404872647487245
2024,05,TUR.65.3_1,0.04498718013767479,0.6735939623301694
2024,05,TUR.65.4_1,0.044748211378063715,0.7117939980010674
2024,05,TUR.65.5_1,0.04497065621884852,0.6774139658972592
2024,05,TUR.65.6_1,0.04478957889325029,0.7067006599116142
2024,05,TUR.65.7_1,0.04445290172776869,0.7410806920154226
2024,05,TUR.65.8_1,0.044818676547198635,0.5704538660187445
2024,05,TUR.65.9_1,0.044407105221531205,0.7449006955825124
2024,05,TUR.66.10_1,0.044932709493486225,0.5882805493318303
2024,05,TUR.66.11_1,0.04504275709020371,0.6557672790170836
2024,05,TUR.66.12_1,0.04502697515916225,0.6621339516289
2024,05,TUR.66.13_1,0.04471525330013679,0.5577205207951118
2024,05,TUR.66.1_1,0.04506078681456811,0.6430339337934508
2024,05,TUR.66.2_1,0.04502697515916226,0.6621339516289
2024,05,TUR.66.3_1,0.04478957889325027,0.5666338624516548
2024,05,TUR.66.4_1,0.04474821137806371,0.7117939980010674
2024,05,TUR.66.5_1,0.04506159798254748,0.6417605992710876
2024,05,TUR.66.6_1,0.04496478560589436,0.6786873004196224
2024,05,TUR.66.7_1,0.045033829705755535,0.6137472397790957
2024,05,TUR.66.8_1,0.04505979536720728,0.6443072683158142
2024,05,TUR.66.9_1,0.04505573921900463,0.6481272718829041
2024,05,TUR.68.10_1,0.03715020633233019,0.2763135913528295
2024,05,TUR.68.11_1,0.03470017943494299,0.23047354854775176
2024,05,TUR.68.1_1,0.034700179434943,0.23047354854775176
2024,05,TUR.68.2_1,0.036836768216220686,0.269946918741013
2024,05,TUR.68.3_1,0.0399184270316398,0.3412536519933561
2024,05,TUR.68.4_1,0.035498236375725155,0.2444802282937476
2024,05,TUR.68.5_1,0.03843631651781955,0.30432695084482114
2024,05,TUR.68.6_1,0.03591453613094642,0.2521202354279274
2024,05,TUR.68.7_1,0.04072701726132468,0.364173673395895
2024,05,TUR.68.8_1,0.03769425655575064,0.2877736020540988
2024,05,TUR.68.9_1,0.03881536806608299,0.31324029250136404
2024,05,TUR.69.2_1,0.03987108923002756,0.3399803174709929
2024,05,TUR.69.6_1,0.042813587774644286,0.4380270756929645
2024,05,TUR.69.7_1,0.041756298963223165,0.39728037097734004
2024,05,TUR.71.2_1,0,0
2024,05,TUR.71.4_1,0,0
2024,05,TUR.72.11_1,0.044539429738011276,0.539893837482026
2024,05,TUR.72.14_1,0.043938566913871865,0.4953271291993117
2024,05,TUR.73.1_1,0.044981853417034916,0.5984672255107363
2024,05,TUR.73.2_1,0.0445801710729482,0.5437138410491159
2024,05,TUR.73.5_1,0.04503698605399396,0.615020574301459
2024,05,TUR.73.8_1,0.04495249999702671,0.5921005528989203
2024,05,TUR.75.10_1,0.04506222888088007,0.6404872647487245
2024,05,TUR.75.11_1,0.04505727158457428,0.6468539373605408
2024,05,TUR.75.12_1,0.04401909433223551,0.7729140550745043
2024,05,TUR.75.13_1,0.04465663141739482,0.7219806741799735
2024,05,TUR.75.14_1,0.044946084852309796,0.6825073039867122
2024,05,TUR.75.15_1,0.04437563274829366,0.7474473646272389
2024,05,TUR.75.16_1,0.045062949896730944,0.6353939266592713
2024,05,TUR.75.17_1,0.044809160702477493,0.7041539908668879
2024,05,TUR.75.18_1,0.044553196637763186,0.7321673503588797
2024,05,TUR.75.1_1,0.04449700822634816,0.7372606884483327
2024,05,TUR.75.2_1,0.044903776178943165,0.6901473111208919
2024,05,TUR.75.3_1,0.04432700782412195,0.7512673681943287
2024,05,TUR.75.4_1,0.044896087633029665,0.6914206456432551
2024,05,TUR.75.5_1,0.04489608763302965,0.6914206456432551
2024,05,TUR.75.6_1,0.04479946152419561,0.5679071969740179
2024,05,TUR.75.7_1,0.044769262785157596,0.7092473289563409
2024,05,TUR.75.8_1,0.0449763454662898,0.6761406313748959
2024,05,TUR.75.9_1,0.0449871801376748,0.6735939623301694
2024,05,TUR.77.2_1,0.037211922308001195,0.27758692587519246
2024,05,TUR.77.3_1,0.0369631216761388,0.27249358778573957
2024,05,TUR.77.5_1,0.0372119223080012,0.27758692587519246
2024,05,TUR.77.6_1,0.03696312167613877,0.27249358778573957
2024,05,TUR.78.6_1,0.04272384974343316,0.4342070721258747
2024,05,TUR.78.7_1,0.04182898863723295,0.3998270400220666
2024,05,TUR.78.9_1,0.04179275678236919,0.39855370549970315
2024,05,TUR.79.1_1,0.04483715870061923,0.573000535063471
2024,05,TUR.8.10_1,0.044152581725889706,0.5093338089453078
2024,05,TUR.8.11_1,0.03810010080319521,0.2966869437106415
2024,05,TUR.8.12_1,0.04304367235259492,0.4482137518718707
2024,05,TUR.8.13_1,0.04323412971881569,0.4571270935284136
2024,05,TUR.8.14_1,0.04193633425468654,0.4036470435891564
2024,05,TUR.8.15_1,0.04217900546143507,0.4125603852456991
2024,05,TUR.8.1_1,0.042958953181548375,0.4443937483047809
2024,05,TUR.8.2_1,0.04431042103246891,0.5207938196465771
2024,05,TUR.8.3_1,0.03651507933965402,0.26358024612919667
2024,05,TUR.8.4_1,0.040641166372810615,0.36162700435116846
2024,05,TUR.8.5_1,0.04427667845133208,0.5182471506018506
2024,05,TUR.8.6_1,0.043464324126360754,0.468587104229683
2024,05,TUR.8.7_1,0.04204166697744382,0.40746704715624604
2024,05,TUR.8.8_1,0.04315373744223173,0.4533070899613238
2024,05,TUR.8.9_1,0.03892111227770318,0.31578696154609087
2024,05,TUR.9.1_1,0,0
2024,05,TUR.9.2_1,0,0
2024,05,TUR.9.3_1,0.04389713758581984,0.49278046015458515
2024,05,TUR.9.4_1,0.04372359745650561,0.482593783975679
2024,05,TUR.9.5_1,0.04425952222805521,0.5169738160794873
2024,05,TUR.9.6_1,0.044497008226348146,0.5360738339149363
2024,05,UKR.14.10_1,0,0
2024,05,UKR.14.18_1,0,0
2024,05,UKR.14.19_1,0,0
2024,05,UKR.14.22_1,0,0
2024,05,UKR.14.23_1,0,0
2024,05,UKR.14.7_1,0,0
2024,05,UKR.17.11_1,0.04207633319624664,0.40874038167860943
2024,05,UKR.17.12_1,0.042538650520058535,0.4265670649916951
2024,05,UKR.17.22_1,0.04179275678236921,0.39855370549970315
2024,05,UKR.23.10_1,0,0
2024,05,UKR.23.11_1,0.04399925321087615,0.4991471327664015
2024,05,UKR.23.12_1,0.04278388586619812,0.4367537411706013
2024,05,UKR.23.13_1,0.04358516240196346,0.47495377684149936
2024,05,UKR.23.15_1,0.04287236147596642,0.44057374473769106
2024,05,UKR.23.1_1,0.041019843518367884,0.37308701505243774
2024,05,UKR.23.3_1,0,0
2024,05,UKR.23.7_1,0.04278388586619812,0.4367537411706013
2024,05,UKR.23.8_1,0,0
2024,05,UKR.25.16_1,0.039433224187699845,0.32852030676972344
2024,05,UKR.25.19_1,0,0
2024,05,UKR.25.2_1,0,0
2024,05,UKR.25.8_1,0,0
2024,05,UKR.3.10_1,0,0
2024,05,UKR.3.2_1,0,0
2024,05,UKR.3.6_1,0.03638404474303556,0.2610335770844701
2024,05,UKR.3.7_1,0,0
2024,05,UKR.3.9_1,0,0
2024,05,UKR.7.16_1,0,0
2024,05,XAD.1_1,0.04418899259252177,0.5118804779900342
2024,05,XAD.2_1,0.04427667845133208,0.5182471506018506
2024,05,XKO.1.1_1,0.04466872563684268,0.5526271827056587
2024,05,XKO.1.2_1,0.04474821137806371,0.5615405243622016
2024,05,XKO.1.3_1,0.04407745842778294,0.5042404708558544
2024,05,XKO.2.1_1,0.0448461252357959,0.5742738695858343
2024,05,XKO.2.2_1,0.04484612523579591,0.5742738695858343
2024,05,XKO.2.3_1,0.04465663141739483,0.5513538481832956
2024,05,XKO.3.1_1,0.04479946152419561,0.5679071969740179
2024,05,XKO.3.2_1,0.04491860683078344,0.5857338802871038
2024,05,XKO.3.3_1,0.04411540431752102,0.5067871399005811
2024,05,XKO.3.4_1,0.044580171072948205,0.5437138410491159
2024,05,XKO.3.5_1,0.04470389847549452,0.5564471862727485
2024,05,XKO.3.6_1,0.0449460848523098,0.5908272183765568
2024,05,XKO.4.1_1,0.044715253300136794,0.5577205207951118
2024,05,XKO.4.2_1,0.04464435197937033,0.5500805136609321
2024,05,XKO.4.3_1,0.044939488044467416,0.5895538838541937
2024,05,XKO.5.1_1,0.043917949611142836,0.49405379467694843
2024,05,XKO.5.2_1,0.043938566913871865,0.4953271291993117
2024,05,XKO.5.3_1,0.0441525817258897,0.5093338089453078
2024,05,XKO.5.4_1,0.04471525330013679,0.5577205207951118
2024,05,XKO.5.5_1,0.044619236833611735,0.5475338446162056
2024,05,XKO.5.6_1,0.04480916070247756,0.5691805314963814
2024,05,XKO.5.7_1,0.044903776178943165,0.5831872112423774
2024,05,XKO.6.1_1,0.04443782425837734,0.5309804958254832
2024,05,XKO.6.2_1,0.04389713758581987,0.49278046015458515
2024,05,XKO.6.3_1,0.04470389847549452,0.5564471862727485
2024,05,XKO.6.4_1,0.0440581966834701,0.5029671363334913
2024,05,XKO.7.1_1,0.04486350977178551,0.576820538630561
2024,05,XKO.7.2_1,0.04413408895955765,0.5080604744229444
2024,05,XKO.7.3_1,0.04449700822634814,0.5360738339149363
2024,05,XKO.7.4_1,0.04483715870061923,0.573000535063471
2024,05,ZNC.1_1,0.043338463590693495,0.4622204316178667
2024,05,ZNC.2_1,0.04315373744223173,0.4533070899613238
2024,05,ZNC.3_1,0.04391794961114285,0.49405379467694843
2024,05,ZNC.4_1,0.04504537184757092,0.6188405778685487
2024,05,ZNC.5_1,0.04126150696589534,0.3807270221866175
