year,month,gid_2,est,se
2015,06,ESP.1.1_1,0.115,0.31918157352340515
2015,06,ESP.1.2_1,0.107,0.30926792049394103
2015,06,ESP.1.3_1,0.127,0.33313958333104454
2015,06,ESP.1.4_1,0.477,0.4997206426802086
2015,06,ESP.1.5_1,0,0.4793545460103417
2015,06,ESP.1.7_1,0.879,0.3262904618058356
2015,06,ESP.1.8_1,0.442,0.49687310541312546
2015,06,ESP.10.1_1,0.984,0.12553788177183714
2015,06,ESP.10.2_1,0.905,0.2933616557443407
2015,06,ESP.10.3_1,0.888,0.3155242550986462
2015,06,ESP.11.1_1,0,0.4157990967870047
2015,06,ESP.11.2_1,0,0.4210430824479572
2015,06,ESP.12.1_1,0,0.39485048677557294
2015,06,ESP.12.2_1,0,0.4067978422810088
2015,06,ESP.12.4_1,0,0.4053582555164201
2015,06,ESP.13.1_1,0.994,0.07726558075864033
2015,06,ESP.14.1_1,0,0.4124088760939574
2015,06,ESP.14.2_1,0,0.4124088760939574
2015,06,ESP.15.1_1,0,0.39716714584887525
2015,06,ESP.16.1_1,0,0.290577761426155
2015,06,ESP.16.2_1,0.055,0.22809433799861634
2015,06,ESP.16.3_1,0.042,0.20068950215762726
2015,06,ESP.17.1_1,0,0.4303024054780082
2015,06,ESP.18.1_1,0.975,0.15620307103062794
2015,06,ESP.2.3_1,0.202,0.40169311340544206
2015,06,ESP.3.1_1,0,0.41646661864361284
2015,06,ESP.4.1_1,0,0.1467567291047928
2015,06,ESP.4.2_1,0,0.18387171834952978
2015,06,ESP.4.3_1,0,0.12553788177183714
2015,06,ESP.4.4_1,0,0.17872588772459053
2015,06,ESP.4.5_1,0,0.3562666500332664
2015,06,ESP.5.2_1,0,0.42607222103481185
2015,06,ESP.5.4_1,0,0.41910219117375974
2015,06,ESP.5.5_1,0,0.42168331341993703
2015,06,ESP.5.7_1,0,0.42668613881993056
2015,06,ESP.5.8_1,0,0.42039949540375965
2015,06,ESP.6.1_1,0.983,0.1293357171384909
2015,06,ESP.6.2_1,0.98,0.14007005254378832
2015,06,ESP.6.3_1,0.5,0.5002501876563868
2015,06,ESP.6.4_1,0.793,0.4053582555164201
2015,06,ESP.7.2_1,0,0.4053582555164201
2015,06,ESP.8.1_1,0.297,0.4571651780264984
2015,06,ESP.9.1_1,0.027,0.162164414398774
2015,06,ITA.13.7_1,0.09,0.28632495871296654
2015,06,ITA.16.2_1,0.32,0.46670956473787617
2015,06,ITA.16.5_1,0.066,0.24840633185509925
2015,06,ITA.16.7_1,0.049,0.21597603025716916
2015,06,ITA.2.2_1,0,0.3397446488562056
2015,06,ITA.20.5_1,0.155,0.362085771753194
2015,06,ITA.20.6_1,0.161,0.3677148544921924
2015,06,ITA.3.1_1,0,0.24127621974453722
2015,06,ITA.5.3_1,0.126,0.3320154126456093
2015,06,ITA.6.8_1,0.039,0.19369180807797864
