year,month,gid_2,est,se
2015,06,ESP.1.1_1,0.024,0.15312559370479986
2015,06,ESP.1.2_1,0.021,0.14345584540052586
2015,06,ESP.1.3_1,0.021,0.14345584540052586
2015,06,ESP.1.4_1,0.247,0.43148253403489834
2015,06,ESP.1.5_1,0,0.4924413655436538
2015,06,ESP.1.7_1,0.765,0.42421097929562707
2015,06,ESP.1.8_1,0.174,0.37929917989348183
2015,06,ESP.10.1_1,0.996,0.06315051850925682
2015,06,ESP.10.2_1,0.56,0.49663532561291557
2015,06,ESP.10.3_1,0.38,0.48562931937418674
2015,06,ESP.11.1_1,0,0.4895208173618673
2015,06,ESP.11.2_1,0,0.4973241712719495
2015,06,ESP.12.1_1,0,0.49651336892930237
2015,06,ESP.12.2_1,0,0.49687310541312546
2015,06,ESP.12.4_1,0,0.4913302406787164
2015,06,ESP.13.1_1,0.998,0.04469897088298564
2015,06,ESP.14.1_1,0,0.4911376754192415
2015,06,ESP.14.2_1,0,0.49170903772228736
2015,06,ESP.15.1_1,0.111,0.3142893217686178
2015,06,ESP.16.1_1,0,0.49428262696084646
2015,06,ESP.16.2_1,0.009,0.09448771310560929
2015,06,ESP.16.3_1,0.019,0.13659303663678343
2015,06,ESP.17.1_1,0,0.49687310541312546
2015,06,ESP.18.1_1,0.93,0.25527468571161765
2015,06,ESP.2.3_1,0.028,0.16505527329729044
2015,06,ESP.3.1_1,0,0.49518098126261295
2015,06,ESP.4.1_1,0.023,0.1499783100768024
2015,06,ESP.4.2_1,0,0.49226143594773025
2015,06,ESP.4.3_1,0.021,0.14345584540052586
2015,06,ESP.4.4_1,0,0.4929685771101623
2015,06,ESP.4.5_1,0.117,0.32158111638343195
2015,06,ESP.5.2_1,0,0.49488980179017217
2015,06,ESP.5.4_1,0,0.49314012936201734
2015,06,ESP.5.5_1,0,0.49546390835709164
2015,06,ESP.5.7_1,0,0.4907461989988632
2015,06,ESP.5.8_1,0,0.4933095928059319
2015,06,ESP.6.1_1,0.981,0.13659303663678343
2015,06,ESP.6.2_1,0.979,0.14345584540052586
2015,06,ESP.6.3_1,0.078,0.26830577330349786
2015,06,ESP.6.4_1,0.903,0.296105857217784
2015,06,ESP.7.2_1,0,0.49503642397409614
2015,06,ESP.8.1_1,0.282,0.45019848809017415
2015,06,ESP.9.1_1,0.016,0.12553788177183714
