year,month,gid_2,est,se
2015,06,ESP.10.1_1,0.9970000000000001,0.09061606291622402
2015,06,ESP.10.2_1,0.8078985511397657,0.24338349444380572
2015,06,ESP.10.3_1,0.4750945288210141,0.2565242419618194
2015,06,ESP.15.1_1,0.0638981660077161,0.41180436933809667
2015,06,ESP.18.1_1,0.5195759292227982,0.04722359587984818
2015,06,ESP.2.1_1,0.20388506922144292,0.2695483024169363
2015,06,ESP.2.2_1,0.009231082803484631,0.09551727690132732
2015,06,ESP.2.3_1,0.037754547454428494,0.16703731193289115
2015,06,ESP.4.1_1,0.011204421051802102,0.10742293633965186
2015,06,ESP.4.3_1,0.004242561794064895,0.061250841456149334
2015,06,ESP.6.1_1,0.6690393661150006,0.17008471670150135
2015,06,ESP.6.2_1,0.8842967736578772,0.04635667509701534
2015,06,ESP.6.3_1,0.126661515495945,0.3252148347889914
2015,06,ESP.6.4_1,0.8087601384056075,0.32328247395216864
2015,06,ESP.9.1_1,0.0029770713060711974,0.06348977476986054
2015,06,FRA.10.11_1,0.025575068084726045,0.210350317266402
2015,06,FRA.11.11_1,0.2637632807418388,0.8451009550317786
2015,06,FRA.11.6_1,0.018165795751594212,0.19617098522478177
