year,month,gid_1,est,se
2016,09,ESP.10_1,0.661,0.47360669685225454
2016,09,ESP.6_1,0.514,0.5000540511325291
