year,month,gid_3,est,se
2020,03,ESP.16.2.1_1,0,0.2775266131761439
2020,03,ESP.16.3.1_1,0,0.1293357171384909
2020,03,ESP.17.1.1_1,0,0.2790212408632233
2020,03,ESP.17.1.4_1,0,0.2790212408632233
2020,03,ESP.17.1.6_1,0,0.2790212408632233
2020,03,ESP.17.1.8_1,0,0.2790212408632233
2020,03,ESP.3.1.4_1,0,0.20519772441746548
