year,month,gid_4,est,se
2020,07,ESP.10.1.1.3_1,0.08,0.27142894774447635
2020,07,ESP.10.1.1.8_1,0.037,0.1888562063228706
2020,07,ESP.10.1.4.20_1,0.073,0.2602666685127751
2020,07,ESP.10.1.4.23_1,0.044,0.20519772441746548
2020,07,ESP.10.1.4.27_1,0.033,0.17872588772459053
2020,07,ESP.10.1.6.12_1,0.043,0.2029585972364615
2020,07,ESP.10.1.6.27_1,0.084,0.2775266131761439
2020,07,ESP.10.1.7.1_1,0.209,0.4067978422810088
2020,07,ESP.10.1.7.10_1,0.062,0.24127621974453722
2020,07,ESP.10.1.7.2_1,0.059,0.23574260237507894
2020,07,ESP.10.1.7.6_1,0.278,0.4482375674984382
2020,07,ESP.10.1.9.3_1,0.066,0.24840633185509925
2020,07,ESP.10.2.5.11_1,0.401,0.4903462444430868
2020,07,ESP.10.2.7.2_1,0.086,0.28050433629924987
2020,07,ESP.10.2.7.6_1,0.024,0.15312559370479986
2020,07,ESP.10.2.8.8_1,0.878,0.32744957355785825
2020,07,ESP.10.3.1.14_1,0.226,0.41844844258175834
2020,07,ESP.10.3.13.9_1,0.814,0.3893013685508382
2020,07,ESP.10.3.4.1_1,0.223,0.41646661864361284
2020,07,ESP.10.3.7.19_1,0.223,0.41646661864361284
2020,07,ESP.10.3.7.2_1,0.163,0.36955049393495276
2020,07,ESP.10.3.7.4_1,0.387,0.48730736549786363
2020,07,ESP.10.3.8.5_1,0.029,0.1678904023081343
