year,month,gid_4,est,se
2020,07,ESP.10.1.1.3_1,0.199,0.39944781706570703
2020,07,ESP.10.1.1.8_1,0.037,0.1888562063228706
2020,07,ESP.10.1.4.20_1,0.087,0.2819760814510878
2020,07,ESP.10.1.4.23_1,0.041,0.19838941090279583
2020,07,ESP.10.1.4.27_1,0.058,0.2338604085575211
2020,07,ESP.10.1.6.12_1,0.038,0.19129190414806527
2020,07,ESP.10.1.6.27_1,0.081,0.27297163499805893
2020,07,ESP.10.1.7.1_1,0.191,0.3932857404911519
2020,07,ESP.10.1.7.10_1,0.038,0.19129190414806527
2020,07,ESP.10.1.7.2_1,0.045,0.20740785428237288
2020,07,ESP.10.1.7.6_1,0.179,0.38354413840665863
2020,07,ESP.10.1.9.3_1,0.229,0.42039949540375965
2020,07,ESP.10.2.5.11_1,0.389,0.48776727741507725
2020,07,ESP.10.2.7.2_1,0.095,0.2933616557443407
2020,07,ESP.10.2.7.6_1,0.034,0.18131981931624816
2020,07,ESP.10.2.8.8_1,0.795,0.403903624814309
2020,07,ESP.10.3.1.14_1,0.303,0.45978516983739526
2020,07,ESP.10.3.13.9_1,0.673,0.46935199082489393
2020,07,ESP.10.3.4.1_1,0.312,0.46354166034011535
2020,07,ESP.10.3.7.19_1,0.117,0.32158111638343195
2020,07,ESP.10.3.7.2_1,0.091,0.28775302222878874
2020,07,ESP.10.3.7.4_1,0.287,0.4525879316064844
2020,07,ESP.10.3.8.5_1,0.04,0.19605723255834873
