year,month,gid_4,est,se
2020,07,ESP.10.1.1.3_1,0.071,0.25695335184625445
2020,07,ESP.10.1.1.8_1,0.032,0.17608806605504818
2020,07,ESP.10.1.4.20_1,0.051,0.22010780869257557
2020,07,ESP.10.1.4.23_1,0.046,0.20958990416508122
2020,07,ESP.10.1.4.27_1,0.045,0.20740785428237288
2020,07,ESP.10.1.6.12_1,0.026,0.15921478998305827
2020,07,ESP.10.1.6.27_1,0.08,0.27142894774447635
2020,07,ESP.10.1.7.1_1,0.217,0.4124088760939574
2020,07,ESP.10.1.7.10_1,0.079,0.26987373312686774
2020,07,ESP.10.1.7.2_1,0.064,0.24487540497968344
2020,07,ESP.10.1.7.6_1,0.267,0.4426137220047599
2020,07,ESP.10.1.9.3_1,0.062,0.24127621974453722
2020,07,ESP.10.2.5.11_1,0.357,0.4793545460103417
2020,07,ESP.10.2.7.2_1,0.09,0.28632495871296654
2020,07,ESP.10.2.7.6_1,0.019,0.13659303663678343
2020,07,ESP.10.2.8.8_1,0.873,0.33313958333104454
2020,07,ESP.10.3.1.14_1,0.227,0.41910219117375974
2020,07,ESP.10.3.13.9_1,0.798,0.40169311340544206
2020,07,ESP.10.3.4.1_1,0.228,0.4197525368502163
2020,07,ESP.10.3.7.19_1,0.258,0.43775292989039793
2020,07,ESP.10.3.7.2_1,0.167,0.3731624984510773
2020,07,ESP.10.3.7.4_1,0.392,0.4884409632438444
2020,07,ESP.10.3.8.5_1,0.042,0.20068950215762726
