year,month,gid_4,est,se
2020,07,ESP.10.1.1.3_1,0.168,0.3740533597174552
2020,07,ESP.10.1.1.8_1,0.028,0.16505527329729044
2020,07,ESP.10.1.4.20_1,0.103,0.304110972316823
2020,07,ESP.10.1.4.23_1,0.035,0.18387171834952978
2020,07,ESP.10.1.4.27_1,0.042,0.20068950215762726
2020,07,ESP.10.1.6.12_1,0.042,0.20068950215762726
2020,07,ESP.10.1.6.27_1,0.086,0.28050433629924987
2020,07,ESP.10.1.7.1_1,0.214,0.41033202698835536
2020,07,ESP.10.1.7.10_1,0.043,0.2029585972364615
2020,07,ESP.10.1.7.2_1,0.052,0.22213812222431642
2020,07,ESP.10.1.7.6_1,0.206,0.4046328307586122
2020,07,ESP.10.1.9.3_1,0.185,0.38849186082326864
2020,07,ESP.10.2.5.11_1,0.377,0.4848774134831464
2020,07,ESP.10.2.7.2_1,0.103,0.304110972316823
2020,07,ESP.10.2.7.6_1,0.027,0.162164414398774
2020,07,ESP.10.2.8.8_1,0.778,0.4157990967870047
2020,07,ESP.10.3.1.14_1,0.296,0.45671938057476014
2020,07,ESP.10.3.13.9_1,0.658,0.47461696267754827
2020,07,ESP.10.3.4.1_1,0.322,0.46747677432631296
2020,07,ESP.10.3.7.19_1,0.142,0.34922479573758497
2020,07,ESP.10.3.7.2_1,0.078,0.26830577330349786
2020,07,ESP.10.3.7.4_1,0.316,0.4651455260027343
2020,07,ESP.10.3.8.5_1,0.037,0.1888562063228706
