year,month,gid_1,est,se
2019,01,AUT.3_1,0,0.11552885540130542
2019,01,AUT.4_1,0,0.22810118116407294
2019,01,AUT.5_1,0,0.14221461960635032
2019,01,AUT.9_1,0,0.12933959740013876
2019,01,BEL.2_1,0,0.2537214667482229
2019,01,CZE.1_1,0,0.22214478669454368
2019,01,DEU.10_1,0,0.230043674408026
2019,01,DEU.13_1,0,0.2729798245483987
2019,01,DEU.15_1,0,0.3130557111030148
2019,01,DEU.3_1,0,0.27753493938252516
2019,01,DEU.6_1,0,0.32396024599260803
2019,01,DEU.7_1,0,0.21806054338874484
2019,01,DEU.9_1,0,0.27690775970646453
2019,01,ESP.1_1,0,0.24698041033154927
2019,01,ESP.10_1,0,0.23027420244612185
2019,01,ESP.11_1,0,0.230346870371775
2019,01,ESP.12_1,0,0.21371480221922912
2019,01,ESP.13_1,0,0.21806054338874484
2019,01,ESP.14_1,0,0.2892458721900737
2019,01,ESP.15_1,0,0.19606311456354505
2019,01,ESP.16_1,0,0.13286923900755923
2019,01,ESP.17_1,0,0.4614940331354629
2019,01,ESP.18_1,0,0.24841378441023176
2019,01,ESP.2_1,0,0.22020371556722765
2019,01,ESP.3_1,0,0.09449054787590683
2019,01,ESP.4_1,0,0.22576369664356177
2019,01,ESP.5_1,0,0.21453988993856968
2019,01,ESP.6_1,0,0.2150436717630299
2019,01,ESP.8_1,0,0.23761280281300187
2019,01,FRA.12_1,0,0.18132525917738204
2019,01,FRA.13_1,0,0.18387723477138618
2019,01,FRA.6_1,0,0.1852445096268438
2019,01,FRA.9_1,0,0.230043674408026
2019,01,GRC.3_1,0,0.24841378441023176
2019,01,ITA.10_1,0,0.13428645663737038
2019,01,NLD.1_1,0,0.28344515664415193
2019,01,NLD.10_1,0,0.2947474910100655
2019,01,NLD.11_1,0,0.27913148317124026
2019,01,NLD.14_1,0,0.26161008240922007
2019,01,NLD.3_1,0,0.3024156299649242
2019,01,NLD.4_1,0,0.25398354261223427
2019,01,NLD.7_1,0,0.17099741053542705
2019,01,NLD.9_1,0,0.2614474479866889
2019,01,PRT.12_1,0,0.21598250985557862
2019,01,PRT.18_1,0,0.20520388065085482
2019,01,SRB.3_1,0,0.19115368275355982
2019,01,SRB.6_1,0,0.18132525917738204
2019,01,TUR.40_1,0,0.22545526064915933
2019,01,TUR.41_1,0,0.23842023958285855
