year,month,gid_1,est,se
2019,01,ESP.1_1,0,0.15819452968204464
2019,01,ESP.10_1,0,0.15037073233784695
2019,01,ESP.11_1,0,0.1649051041606666
2019,01,ESP.12_1,0,0.14576938393723815
2019,01,ESP.13_1,0,0.1302182525815831
2019,01,ESP.14_1,0,0.1838129022285
2019,01,ESP.15_1,0,0.15136807667344288
2019,01,ESP.16_1,0.009067571690145963,0.07579790295535947
2019,01,ESP.17_1,0.187,0.3610767896166064
2019,01,ESP.18_1,0,0.15881219923763526
2019,01,ESP.2_1,0,0.15158422785301212
2019,01,ESP.3_1,0.030999999999999993,0.08725135865390575
2019,01,ESP.4_1,0,0.15862379146195965
2019,01,ESP.5_1,0,0.14469224551496682
2019,01,ESP.6_1,0,0.13098507219062452
2019,01,ESP.8_1,0,0.19492654902340736
