year,month,gid_1,est,se
2019,01,AUT.3_1,0,0.0840147231746295
2019,01,AUT.4_1,0,0.1104147615054252
2019,01,AUT.5_1,0,0.08669272560584018
2019,01,AUT.9_1,0,0.1474875739746334
2019,01,BEL.2_1,0,0.24962056278057873
2019,01,CZE.1_1,0,0.26720610196304634
2019,01,DEU.10_1,0,0.2608250964264285
2019,01,DEU.13_1,0,0.2794001519381949
2019,01,DEU.15_1,0,0.23858418229469944
2019,01,DEU.3_1,0,0.2559048347190928
2019,01,DEU.6_1,0,0.26243914028576176
2019,01,DEU.7_1,0,0.2542379553610408
2019,01,DEU.9_1,0,0.258423818950738
2019,01,ESP.1_1,0,0.2460951909862315
2019,01,ESP.10_1,0,0.26451480714901204
2019,01,ESP.11_1,0,0.23951282262866624
2019,01,ESP.12_1,0,0.2559048347190928
2019,01,ESP.13_1,0,0.26404052008147
2019,01,ESP.14_1,0,0.26890539107935524
2019,01,ESP.15_1,0,0.26720610196304634
2019,01,ESP.16_1,0,0.10959326395973983
2019,01,ESP.17_1,0.122,0.31711302290509236
2019,01,ESP.18_1,0,0.2508625853138094
2019,01,ESP.2_1,0,0.25851872627514527
2019,01,ESP.3_1,0,0.17991070568360024
2019,01,ESP.4_1,0,0.2685796188436144
2019,01,ESP.5_1,0,0.2406152518434868
2019,01,ESP.6_1,0,0.25929617496216917
2019,01,ESP.8_1,0,0.2508625853138094
2019,01,FRA.12_1,0,0.2349336907998599
2019,01,FRA.13_1,0,0.25919817719215493
2019,01,FRA.6_1,0,0.25977788902919174
2019,01,FRA.9_1,0,0.2508625853138094
2019,01,GBR.1_1,0,0.2617581734660477
2019,01,GBR.2_1,0,0.28087456467712313
2019,01,GRC.3_1,0,0.26243914028576176
2019,01,IRL.6_1,0,0.2608250964264284
2019,01,ITA.10_1,0,0.0983737780815084
2019,01,NLD.1_1,0,0.2542379553610408
2019,01,NLD.10_1,0,0.2656294409214256
2019,01,NLD.11_1,0,0.2532330045311042
2019,01,NLD.14_1,0,0.2371953183669913
2019,01,NLD.3_1,0,0.263261086623595
2019,01,NLD.4_1,0,0.2564549308095201
2019,01,NLD.7_1,0,0.1438905823627363
2019,01,NLD.9_1,0,0.25375245775065414
2019,01,PRT.12_1,0,0.24393820379164424
2019,01,PRT.18_1,0,0.28087456467712313
2019,01,RUS.43_1,0,0.24690439216176013
2019,01,SRB.3_1,0,0.2568568244494922
2019,01,SRB.6_1,0,0.27186443356630813
2019,01,TUR.40_1,0,0.25372357935631346
2019,01,TUR.41_1,0,0.26536543529223255
