year,month,gid_1,est,se
2019,01,ESP.1_1,0,0.3276573978198321
2019,01,ESP.10_1,0,0.34202723146114117
2019,01,ESP.11_1,0,0.32614815357514393
2019,01,ESP.12_1,0,0.3544592139314574
2019,01,ESP.13_1,0,0.3471606552023436
2019,01,ESP.14_1,0,0.33674009543491834
2019,01,ESP.15_1,0,0.3262904618058356
2019,01,ESP.16_1,0,0.1360571276259901
2019,01,ESP.17_1,0.161,0.3677148544921924
2019,01,ESP.18_1,0,0.3522770203960217
2019,01,ESP.2_1,0,0.32962784433144315
2019,01,ESP.3_1,0,0.2159760302571692
2019,01,ESP.4_1,0,0.3416440375915455
2019,01,ESP.5_1,0,0.31895130050510684
2019,01,ESP.6_1,0,0.3484432974522235
2019,01,ESP.8_1,0,0.34922479573758497
2019,01,ITA.10_1,0,0.1816459988770522
