year,month,gid_2,est,se
2020,11,ESP.10.1_1,0.955,0.20740785428237288
2020,11,ESP.10.2_1,0.981,0.13659303663678343
2020,11,ESP.10.3_1,0.999,0.03162277660168379
