year,month,gid_2,est,se
2020,11,ESP.1.1_1,0.154,0.3611293596682696
2020,11,ESP.1.2_1,0.982,0.13301764429463367
2020,11,ESP.1.3_1,0.137,0.3440194025768741
2020,11,ESP.1.4_1,0.354,0.4784484433174727
2020,11,ESP.1.5_1,0.186,0.3893013685508382
2020,11,ESP.1.6_1,0.025,0.15620307103062794
2020,11,ESP.1.7_1,0.479,0.49980877224075293
2020,11,ESP.1.8_1,0.6,0.4901430813958718
2020,11,ESP.10.1_1,0.588,0.4924413655436538
2020,11,ESP.10.2_1,0.025,0.15620307103062794
2020,11,ESP.10.3_1,0.616,0.48660125439704816
2020,11,ESP.11.1_1,0.017,0.1293357171384909
2020,11,ESP.11.2_1,0.022,0.1467567291047928
2020,11,ESP.12.1_1,0.165,0.37136627864268035
2020,11,ESP.12.2_1,0.02,0.14007005254378832
2020,11,ESP.12.3_1,0.028,0.16505527329729044
2020,11,ESP.12.4_1,0.021,0.14345584540052586
2020,11,ESP.13.1_1,0.975,0.15620307103062794
2020,11,ESP.14.1_1,0.829,0.3766973598273565
2020,11,ESP.14.2_1,0.514,0.5000540511325291
2020,11,ESP.15.1_1,0.028,0.16505527329729044
2020,11,ESP.16.1_1,0.023,0.1499783100768024
2020,11,ESP.16.2_1,0.316,0.4651455260027343
2020,11,ESP.16.3_1,0.127,0.33313958333104454
2020,11,ESP.17.1_1,0.318,0.46593249842986173
2020,11,ESP.18.1_1,0.876,0.32974646735443996
2020,11,ESP.2.1_1,0.02,0.14007005254378832
2020,11,ESP.2.2_1,0.021,0.14345584540052586
2020,11,ESP.2.3_1,0.332,0.4711666350644939
2020,11,ESP.3.1_1,0.131,0.33756918246924283
2020,11,ESP.4.1_1,0.032,0.17608806605504818
2020,11,ESP.4.2_1,0.037,0.1888562063228706
2020,11,ESP.4.3_1,0.051,0.22010780869257557
2020,11,ESP.4.4_1,0.027,0.162164414398774
2020,11,ESP.4.5_1,0.12,0.3251241389157466
2020,11,ESP.5.1_1,0.078,0.26830577330349786
2020,11,ESP.5.2_1,0.018,0.13301764429463367
2020,11,ESP.5.3_1,0.249,0.43265018916693676
2020,11,ESP.5.4_1,0.025,0.15620307103062794
2020,11,ESP.5.5_1,0.036,0.18638331132035063
2020,11,ESP.5.6_1,0.023,0.1499783100768024
2020,11,ESP.5.7_1,0.032,0.17608806605504818
2020,11,ESP.5.8_1,0.027,0.162164414398774
2020,11,ESP.5.9_1,0.049,0.21597603025716916
2020,11,ESP.6.1_1,0.851,0.3562666500332664
2020,11,ESP.6.2_1,0.883,0.32158111638343195
2020,11,ESP.6.3_1,0.132,0.3386601403925338
2020,11,ESP.6.4_1,0.448,0.49753747953651045
2020,11,ESP.7.1_1,0.035,0.18387171834952978
2020,11,ESP.7.2_1,0.112,0.3155242550986462
2020,11,ESP.8.1_1,0.603,0.4895208173618673
2020,11,ESP.9.1_1,0.016,0.12553788177183714
