year,month,gid_2,est,se
2020,11,ESP.1.1_1,0.24,0.42729683193604723
2020,11,ESP.1.2_1,0.646,0.4784484433174727
2020,11,ESP.1.3_1,0.242,0.428508599236491
2020,11,ESP.1.4_1,0.453,0.4980351785155734
2020,11,ESP.1.5_1,0.26,0.43885372573625553
2020,11,ESP.1.6_1,0.07,0.25527468571161765
2020,11,ESP.1.7_1,0.496,0.5002341793942455
2020,11,ESP.1.8_1,0.556,0.49710271686152663
2020,11,ESP.10.1_1,0.702,0.4576083537321029
2020,11,ESP.10.2_1,0.123,0.32860155048170264
2020,11,ESP.10.3_1,0.714,0.45211548127487117
2020,11,ESP.11.1_1,0.033,0.17872588772459053
2020,11,ESP.11.2_1,0.02,0.14007005254378832
2020,11,ESP.12.1_1,0,0.2619018758859749
2020,11,ESP.12.2_1,0,0.07726558075864033
2020,11,ESP.12.3_1,0,0.07726558075864033
2020,11,ESP.12.4_1,0,0.08341437500789632
2020,11,ESP.13.1_1,0.697,0.45978516983739526
2020,11,ESP.14.1_1,0.531,0.4992877810324305
2020,11,ESP.14.2_1,0.444,0.49710271686152663
2020,11,ESP.15.1_1,0,0.11333068359382575
2020,11,ESP.16.1_1,0.123,0.32860155048170264
2020,11,ESP.16.2_1,0.487,0.5000810745080052
2020,11,ESP.16.3_1,0.3,0.45848687027025126
2020,11,ESP.17.1_1,0.369,0.48277538469983333
2020,11,ESP.18.1_1,0.931,0.2535809600567505
2020,11,ESP.2.1_1,0.009,0.09448771310560929
2020,11,ESP.2.2_1,0.005,0.07056897321046962
2020,11,ESP.2.3_1,0.315,0.46474830929331096
2020,11,ESP.3.1_1,0,0.2619018758859749
2020,11,ESP.4.1_1,0,0.10435463521037237
2020,11,ESP.4.4_1,0,0.10893974420691407
2020,11,ESP.4.5_1,0,0.2760202658994212
2020,11,ESP.5.1_1,0,0.1678904023081343
2020,11,ESP.5.2_1,0,0.13659303663678343
2020,11,ESP.5.5_1,0,0.1293357171384909
2020,11,ESP.5.6_1,0,0.11754921445002436
2020,11,ESP.5.8_1,0,0.11333068359382575
2020,11,ESP.5.9_1,0,0.17067257872642908
2020,11,ESP.6.1_1,0.83,0.3758207567993567
2020,11,ESP.6.2_1,0.802,0.3986915536538929
2020,11,ESP.6.3_1,0.322,0.46747677432631296
2020,11,ESP.6.4_1,0.498,0.5002461856388775
2020,11,ESP.7.2_1,0,0.21597603025716916
2020,11,ESP.8.1_1,0.734,0.44208533049564025
2020,11,ESP.9.1_1,0,0.1678904023081343
