year,month,gid_4,est,se
2020,11,ESP.10.1.1.3_1,0.055,0.22809433799861634
2020,11,ESP.10.1.1.8_1,0.019,0.13659303663678343
2020,11,ESP.10.1.4.20_1,0.052,0.22213812222431642
2020,11,ESP.10.1.4.23_1,0.033,0.17872588772459053
2020,11,ESP.10.1.4.27_1,0.051,0.22010780869257557
2020,11,ESP.10.1.6.12_1,0.032,0.17608806605504818
2020,11,ESP.10.1.6.27_1,0.058,0.2338604085575211
2020,11,ESP.10.1.7.1_1,0.245,0.4303024054780082
2020,11,ESP.10.1.7.10_1,0.087,0.2819760814510878
2020,11,ESP.10.1.7.2_1,0.04,0.19605723255834873
2020,11,ESP.10.1.7.6_1,0.244,0.42970763159228237
2020,11,ESP.10.1.9.3_1,0.053,0.22414558046332575
2020,11,ESP.10.2.5.11_1,0.388,0.48753840227585526
2020,11,ESP.10.2.7.2_1,0.074,0.2619018758859749
2020,11,ESP.10.2.7.6_1,0.016,0.12553788177183714
2020,11,ESP.10.2.8.8_1,0.847,0.3601676286407771
2020,11,ESP.10.3.1.14_1,0.219,0.41377555535605315
2020,11,ESP.10.3.13.9_1,0.872,0.3342569785774528
2020,11,ESP.10.3.4.1_1,0.203,0.402433787041984
2020,11,ESP.10.3.7.19_1,0.253,0.43494847991478275
2020,11,ESP.10.3.7.2_1,0.19,0.3924972026066607
2020,11,ESP.10.3.7.4_1,0.393,0.4886612219010117
2020,11,ESP.10.3.8.5_1,0.046,0.20958990416508122
