year,month,gid_4,est,se
2020,11,ESP.10.1.1.3_1,0.152,0.3592005359475749
2020,11,ESP.10.1.1.8_1,0.028,0.16505527329729044
2020,11,ESP.10.1.4.20_1,0.107,0.30926792049394103
2020,11,ESP.10.1.4.23_1,0.037,0.1888562063228706
2020,11,ESP.10.1.4.27_1,0.05,0.21805400144814482
2020,11,ESP.10.1.6.12_1,0.03,0.17067257872642908
2020,11,ESP.10.1.6.27_1,0.056,0.23003677296666486
2020,11,ESP.10.1.7.1_1,0.23,0.4210430824479572
2020,11,ESP.10.1.7.10_1,0.049,0.21597603025716916
2020,11,ESP.10.1.7.2_1,0.043,0.2029585972364615
2020,11,ESP.10.1.7.6_1,0.194,0.39562674393994207
2020,11,ESP.10.1.9.3_1,0.171,0.3766973598273565
2020,11,ESP.10.2.5.11_1,0.384,0.48660125439704816
2020,11,ESP.10.2.7.2_1,0.074,0.2619018758859749
2020,11,ESP.10.2.7.6_1,0.032,0.17608806605504818
2020,11,ESP.10.2.8.8_1,0.793,0.4053582555164201
2020,11,ESP.10.3.1.14_1,0.29,0.4539891035103223
2020,11,ESP.10.3.13.9_1,0.661,0.47360669685225454
2020,11,ESP.10.3.4.1_1,0.318,0.46593249842986173
2020,11,ESP.10.3.7.19_1,0.145,0.3522770203960217
2020,11,ESP.10.3.7.2_1,0.075,0.26352313834736496
2020,11,ESP.10.3.7.4_1,0.32,0.46670956473787617
2020,11,ESP.10.3.8.5_1,0.032,0.17608806605504818
