ID_0,est,se
ALB,0,0
AUT,8.063,9.806010831376911
BEL,0,0
BGR,0,0
CHE,2.544,1.7761023899168475
CHN,0,0
DEU,0.9349999999999999,0.6940142093337687
ESP,0.001,0.03162277660168379
FRA,0,0
GRC,0,0
HRV,0.34,0.47394580346767984
HUN,1.252,2.9092976249472775
IND,0,0
ITA,0.014,0.11754921445002436
NLD,0,0
PAK,0,0
PER,0,0
ROU,0,0
SRB,0.002,0.04469897088298564
SVN,0,0
TUR,0,0
USA,0,0
XKO,0,0
