ID_0,est,se
ALB,0,0
ARG,0.129,0.33536766610911
AUT,0,0
BEL,0,0
BGR,0,0
CHN,0,0
DEU,0,0
DOM,0.019,0.13659303663678343
ESP,0,0
FRA,0,0
GRC,0,0
GTM,0.156,0.3630369069334353
HND,0.025,0.15620307103062794
HRV,0,0
HUN,0,0
IND,0.127,0.4761781273322694
ITA,0,0
MEX,0.891,2.0719556180256244
NLD,0,0
PAK,0.064,0.35217613211009635
PER,0.036,0.26603528858926734
ROU,0,0
SRB,0,0
SVN,0,0
TUR,0,0
USA,0.007,0.08341437500789632
VEN,0.153,0.3601676286407771
XKO,0,0
