year,month,gid_4,est,se
2018,03,AUT.9.1.1.36_2,0,0.10893974420691407
2018,03,AUT.9.1.1.40_2,0,0.10893974420691407
2018,03,ESP.16.3.1.28_1,0,0.10435463521037237
2018,03,ESP.17.1.7.11_1,0,0.47152235719351987
2018,03,ESP.3.1.4.1_1,0,0.19838941090279583
2018,03,ESP.3.1.4.7_1,0,0.19838941090279583
2018,03,HUN.5.1_1,0,0.1293357171384909
