year,month,gid_2,est,se
2020,11,ESP.1.1_1,0.722,0.4482375674984382
2020,11,ESP.1.2_1,0.165,0.37136627864268035
2020,11,ESP.1.3_1,0.082,0.27450200609713465
2020,11,ESP.1.4_1,0.336,0.47257520811753057
2020,11,ESP.1.5_1,0,0.34922479573758497
2020,11,ESP.1.6_1,0.003,0.05471740119919799
2020,11,ESP.1.7_1,0.805,0.39639895576569334
2020,11,ESP.1.8_1,0.028,0.16505527329729044
2020,11,ESP.10.1_1,0.316,0.4651455260027343
2020,11,ESP.10.2_1,0.558,0.49687310541312546
2020,11,ESP.10.3_1,0.276,0.44724045436881493
2020,11,ESP.11.1_1,0,0.3502480173729377
2020,11,ESP.11.2_1,0,0.3262904618058356
2020,11,ESP.12.1_1,0,0.29746341705239066
2020,11,ESP.12.2_1,0,0.3142893217686178
2020,11,ESP.12.3_1,0,0.32395052700056526
2020,11,ESP.12.4_1,0,0.32974646735443996
2020,11,ESP.13.1_1,0.635,0.4816710568500115
2020,11,ESP.14.1_1,0,0.3775692765024169
2020,11,ESP.14.2_1,0,0.37929917989348183
2020,11,ESP.15.1_1,0.003,0.05471740119919799
2020,11,ESP.16.1_1,0,0.27297163499805893
2020,11,ESP.16.2_1,0.041,0.19838941090279583
2020,11,ESP.16.3_1,0.011,0.10435463521037237
2020,11,ESP.17.1_1,0,0.30541328929383094
2020,11,ESP.18.1_1,0.494,0.5002141683461337
2020,11,ESP.2.1_1,0.17,0.3758207567993567
2020,11,ESP.2.2_1,0.002,0.04469897088298564
2020,11,ESP.2.3_1,0.016,0.12553788177183714
2020,11,ESP.3.1_1,0,0.3067068128833611
2020,11,ESP.4.1_1,0.011,0.10435463521037237
2020,11,ESP.4.4_1,0,0.32860155048170264
2020,11,ESP.4.5_1,0.004,0.06315051850925682
2020,11,ESP.5.1_1,0,0.3117951510466707
2020,11,ESP.5.2_1,0,0.3167512136225074
2020,11,ESP.5.5_1,0,0.304110972316823
2020,11,ESP.5.6_1,0,0.3203851535989872
2020,11,ESP.5.8_1,0,0.3142893217686178
2020,11,ESP.5.9_1,0,0.3167512136225074
2020,11,ESP.6.1_1,0.259,0.4383048152953731
2020,11,ESP.6.2_1,0.349,0.4768924684102554
2020,11,ESP.6.3_1,0.155,0.362085771753194
2020,11,ESP.6.4_1,0.441,0.49675523728066096
2020,11,ESP.7.2_1,0,0.3502480173729377
2020,11,ESP.8.1_1,0.051,0.22010780869257557
2020,11,ESP.9.1_1,0.002,0.04469897088298564
