year,month,gid_3,est,se
2018,02,PRI.65_1,0,0.1467567291047928
2018,02,USA.5.19_1,0,0.26513071171460745
