year,month,gid_1,est,se
2020,01,ESP.10_1,0.966,0.18131981931624816
2020,01,ESP.6_1,0.967,0.17872588772459053
