year,month,gid_1,est,se
2020,01,AUT.3_1,0,0.3105363395219714
2020,01,AUT.6_1,0,0
2020,01,AUT.9_1,0,0
2020,01,BEL.1_1,0,0.2974640119810096
2020,01,BEL.2_1,0,0.3348822535014485
2020,01,BGR.21_1,0,0.18387208609406971
2020,01,CYP.1_1,0,0.29881205705739194
2020,01,CYP.2_1,0,0.3105363395219714
2020,01,CYP.3_1,0,0.30670742629882713
2020,01,CYP.4_1,0,0.3130469453477513
2020,01,CZE.1_1,0,0.31797092560034984
2020,01,DEU.1_1,0,0.17563313690382268
2020,01,DEU.10_1,0,0.2936212648979035
2020,01,DEU.13_1,0,0.2863255313646019
2020,01,DEU.2_1,0,0.30926853903163765
2020,01,DEU.7_1,0,0.3048251570286665
2020,01,ESP.1_1,0,0
2020,01,ESP.10_1,0,0
2020,01,ESP.11_1,0,0.2885188985589066
2020,01,ESP.12_1,0,0.3001507128958582
2020,01,ESP.13_1,0,0.08341454183714683
2020,01,ESP.14_1,0,0.30600230738097073
2020,01,ESP.15_1,0,0
2020,01,ESP.16_1,0,0
2020,01,ESP.17_1,0,0.2863255313646019
2020,01,ESP.18_1,0.028,0.1650556034088274
2020,01,ESP.2_1,0,0
2020,01,ESP.3_1,0,0.29881205705739194
2020,01,ESP.4_1,0,0
2020,01,ESP.5_1,0,0.32444413417087686
2020,01,ESP.6_1,0,0
2020,01,ESP.8_1,0,0.03162283984742673
2020,01,ESP.9_1,0,0.0446990602811956
2020,01,FRA.10_1,0,0.09472381349106145
2020,01,FRA.11_1,0,0.0717402080324701
2020,01,FRA.12_1,0,0.32629111438871694
2020,01,FRA.13_1,0,0
2020,01,FRA.2_1,0,0.3142899503491471
2020,01,FRA.7_1,0,0.3014801045689478
2020,01,FRA.8_1,0,0.30526003770313775
2020,01,GRC.3_1,0,0
2020,01,HUN.1_1,0,0.3203857943712168
2020,01,HUN.5_1,0.014,0.11754944954915857
2020,01,HUN.7_1,0,0.3105363395219714
2020,01,ITA.10_1,0.012134112303242935,0.07152868671579425
2020,01,ITA.13_1,0,0
2020,01,ITA.16_1,0,0
2020,01,ITA.20_1,0,0
2020,01,ITA.6_1,0.002,0.04469906028119561
2020,01,ITA.8_1,0,0
2020,01,NLD.1_1,0,0.30926853903163765
2020,01,NLD.10_1,0,0.2947392378963892
2020,01,NLD.11_1,0,0.3065886657603629
2020,01,NLD.12_1,0,0.2947392378963892
2020,01,NLD.14_1,0,0.07715052003650123
2020,01,NLD.2_1,0,0.3270959845611119
2020,01,NLD.3_1,0,0.3014801045689478
2020,01,NLD.4_1,0,0.30775743756320884
2020,01,NLD.8_1,0,0.3025400698556035
2020,01,NLD.9_1,0,0.32214798424503904
2020,01,PRT.12_1,0,0.29180448824489574
2020,01,ROU.2_1,0,0.3274502284589701
2020,01,TUR.7_1,0,0.2865510633990683
2020,01,ZNC.5_1,0,0.3142899503491471
