year,month,gid_1,est,se
2020,01,ESP.1_1,0,0
2020,01,ESP.10_1,0,0
2020,01,ESP.11_1,0,0.08460398426856741
2020,01,ESP.12_1,0,0.06204322691533324
2020,01,ESP.13_1,0,0.13302003867687948
2020,01,ESP.14_1,0,0.04528407181735423
2020,01,ESP.15_1,0,0.04469977548618588
2020,01,ESP.16_1,0,0
2020,01,ESP.17_1,0,0.07057024348628495
2020,01,ESP.18_1,0.03507021063189569,0.1838750281298244
2020,01,ESP.2_1,0,0
2020,01,ESP.3_1,0,0.07726697157664618
2020,01,ESP.4_1,0,0.016797346304136956
2020,01,ESP.5_1,0,0.06774315791625676
2020,01,ESP.6_1,5.695539441399062e-4,0.014423841478417505
2020,01,ESP.8_1,0,0.08341587650718706
2020,01,ESP.9_1,0,0.04469977548618588
2020,01,ITA.10_1,0.006513457259782755,0.05270341984747166
2020,01,ITA.13_1,0,0
2020,01,ITA.16_1,0,0
2020,01,ITA.20_1,0,0
2020,01,ITA.6_1,0.0010020060180541625,0.03162334582703175
2020,01,ITA.8_1,0,0
