year,month,gid_1,est,se
2020,01,ESP.1_1,0.2682163119151998,0.3020400819047384
2020,01,ESP.10_1,0.41230683531516593,0.47259097235071085
2020,01,ESP.11_1,0,0.3565080729862459
2020,01,ESP.12_1,0,0.34571117262065826
2020,01,ESP.13_1,0.6777986495090979,0.4682379215647343
2020,01,ESP.14_1,0,0.39988253841513216
2020,01,ESP.15_1,0.004010642896503537,0.06315102371946743
2020,01,ESP.16_1,0.02908485380739629,0.30245799300081033
2020,01,ESP.17_1,0,0.3203877167109734
2020,01,ESP.18_1,0.5534687197174882,0.49754145988411097
2020,01,ESP.2_1,0.07507747955828019,0.2092610874022602
2020,01,ESP.3_1,0,0.32860417932565267
2020,01,ESP.4_1,0.014903426686027529,0.16734297977566048
2020,01,ESP.5_1,0,0.34326444812642404
2020,01,ESP.6_1,0.3200120121262203,0.450219973746665
2020,01,ESP.8_1,0.07319423286118955,0.2602687506711091
2020,01,ESP.9_1,0.004010642896503537,0.06315102371946743
