year,month,gid_1,est,se
2018,08,ESP.1_1,0.3531719309947469,0.40817107352304693
2018,08,ESP.10_1,0.8404636653871004,0.33607835020935983
2018,08,ESP.11_1,0,0.4326642213996387
2018,08,ESP.12_1,0,0.4402301498362277
2018,08,ESP.13_1,0.987,0.11333068359382575
2018,08,ESP.14_1,0,0.4338729890882753
2018,08,ESP.15_1,0.073,0.2602666685127751
2018,08,ESP.16_1,0.0454642646042352,0.3270611123621532
2018,08,ESP.17_1,0,0.4482375674984382
2018,08,ESP.18_1,0.989,0.10435463521037237
2018,08,ESP.2_1,0.3322566221441102,0.43300874738874384
2018,08,ESP.3_1,0,0.4457237593730781
2018,08,ESP.4_1,0.03971105692958409,0.27533307863530326
2018,08,ESP.5_1,0,0.4333820162999186
2018,08,ESP.6_1,0.6964818931549349,0.41497811891518277
2018,08,ESP.7_1,0,0.43885372573625553
2018,08,ESP.8_1,0.069,0.2535809600567505
2018,08,ESP.9_1,0,0.1467567291047928
2018,08,ITA.10_1,0.11272923416499221,0.31564006330517685
2018,08,ITA.14_1,0,0.23077947171812263
2018,08,ITA.16_1,0.2231663143504194,0.3575288985980865
2018,08,ITA.18_1,0.076,0.26513071171460745
2018,08,ITA.20_1,0.6854004409084457,0.20423272879223356
2018,08,ITA.5_1,0.192,0.39407016036651554
2018,08,ITA.8_1,0.12100000000000001,0.3262904618058356
2018,08,ITA.9_1,0.39250951794601774,0.43416569372302805
