year,month,gid_1,est,se
2018,08,ESP.1_1,0.22599607007986694,0.34284600338241233
2018,08,ESP.10_1,0.7654931999237683,0.41721426352858904
2018,08,ESP.11_1,0,0.483751732757984
2018,08,ESP.12_1,0,0.4909833122779534
2018,08,ESP.13_1,0.9445005045408678,0.24487540497968344
2018,08,ESP.14_1,0,0.4772463605886833
2018,08,ESP.15_1,0.04944500504540868,0.21597603025716916
2018,08,ESP.16_1,0.025577880006420955,0.3240885299774286
2018,08,ESP.17_1,0,0.48930912869414506
2018,08,ESP.18_1,0.9828456104944501,0.15921478998305827
2018,08,ESP.2_1,0.20170016573465338,0.3492831239930127
2018,08,ESP.3_1,0,0.486119648144685
2018,08,ESP.4_1,0.026296766813214002,0.3159716215814716
2018,08,ESP.5_1,0,0.48934746372823557
2018,08,ESP.6_1,0.6146168968092218,0.44481420744530403
2018,08,ESP.7_1,0,0.4822087271816725
2018,08,ESP.8_1,0.0474268415741675,0.21174474216810163
2018,08,ESP.9_1,0.0544904137235116,0.2261307920985887
