year,month,gid_1,est,se
2018,08,ESP.1_1,0.2299883581763948,0.34892084825144476
2018,08,ESP.10_1,0.7542941802961571,0.42090570129273025
2018,08,ESP.11_1,0,0.4807622231201615
2018,08,ESP.12_1,0,0.49000717083734785
2018,08,ESP.13_1,0.9274611698164431,0.2635252465577703
2018,08,ESP.14_1,0,0.477226460368593
2018,08,ESP.15_1,0.03108248244790241,0.1734057386070945
2018,08,ESP.16_1,0.022486571260247952,0.3171005946246159
2018,08,ESP.17_1,0,0.48707806064514536
2018,08,ESP.18_1,0.9846128310916185,0.1330187084485579
2018,08,ESP.2_1,0.20056250742845325,0.3452251552184156
2018,08,ESP.3_1,0,0.48888324486756224
2018,08,ESP.4_1,0.025932181450551206,0.3164779107574671
2018,08,ESP.5_1,0,0.49076094908271495
2018,08,ESP.6_1,0.6233887525607972,0.4408544397787598
2018,08,ESP.7_1,0,0.4882224607042322
2018,08,ESP.8_1,0.04110908968916126,0.1983909980371287
2018,08,ESP.9_1,0.054143679102797757,0.22613260116663433
