ID_1,est,se
ESP.1_1,0.9999991027686037,0.19869986947768173
ESP.10_1,1,0.010540925533894597
ESP.11_1,0,0
ESP.12_1,0,0
ESP.13_1,1,0
ESP.14_1,0,0
ESP.15_1,0.015000000000000013,0.12161327966052798
ESP.16_1,0.068944,0.12020997330063794
ESP.17_1,0,0
ESP.18_1,1,0
ESP.2_1,0.99085492,0.26336753157837717
ESP.3_1,0,0
ESP.4_1,0.08778331000000006,0.0971717050575533
ESP.5_1,0,0
ESP.6_1,0.99999999964,0.07209926869442695
ESP.7_1,0,0
ESP.8_1,0.029000000000000026,0.1678904023081343
ESP.9_1,0.010000000000000009,0.0995485304256668
