year,month,gid_1,est,se
2018,06,ESP.1_1,0,0.3612829769288684
2018,06,ESP.10_1,0,0.34442922845100027
2018,06,ESP.11_1,0,0.3485831859474162
2018,06,ESP.12_1,0,0.36333038519194977
2018,06,ESP.13_1,0,0.36692258350994794
2018,06,ESP.14_1,0,0.3541260761462089
2018,06,ESP.15_1,0,0.3584501158382646
2018,06,ESP.16_1,0.03378114612984367,0.12101689515748297
2018,06,ESP.17_1,0.539,0.4979746483466951
2018,06,ESP.18_1,0,0.3627303745255821
2018,06,ESP.2_1,0,0.3480634186556762
2018,06,ESP.3_1,0,0.12128277545551938
2018,06,ESP.4_1,0,0.3321951131312702
2018,06,ESP.5_1,0,0.3468927339122428
2018,06,ESP.6_1,0,0.3415353020823612
2018,06,ESP.7_1,0,0.35074208520506084
2018,06,ESP.8_1,0,0.35186049615063797
