year,month,gid_3,est,se
2021,02,ESP.10.1.1_1,0.001,0.03162277660168379
2021,02,ESP.10.1.2_1,0.001,0.03162277660168379
2021,02,ESP.10.1.3_1,0,0
2021,02,ESP.10.1.4_1,0,0
2021,02,ESP.10.1.4_1,0,0
2021,02,ESP.10.1.4_1,0,0
2021,02,ESP.10.1.4_1,0,0
2021,02,ESP.10.1.4_1,0,0
2021,02,ESP.10.1.4_1,0,0
2021,02,ESP.10.1.4_1,0,0
2021,02,ESP.10.1.4_1,0,0
2021,02,ESP.10.1.4_1,0,0
2021,02,ESP.10.1.4_1,0,0
2021,02,ESP.10.1.4_1,0,0
2021,02,ESP.10.1.5_1,0,0
2021,02,ESP.10.1.5_1,0,0
2021,02,ESP.10.1.5_1,0,0
2021,02,ESP.10.1.6_1,0,0
2021,02,ESP.10.1.6_1,0,0
2021,02,ESP.10.1.6_1,0,0
2021,02,ESP.10.1.6_1,0,0
2021,02,ESP.10.1.6_1,0,0
2021,02,ESP.10.1.6_1,0,0
2021,02,ESP.10.1.6_1,0,0
2021,02,ESP.10.1.6_1,0,0
2021,02,ESP.10.1.6_1,0,0
2021,02,ESP.10.1.6_1,0,0
2021,02,ESP.10.1.6_1,0,0
2021,02,ESP.10.1.6_1,0,0
2021,02,ESP.10.1.6_1,0,0
2021,02,ESP.10.1.6_1,0,0
2021,02,ESP.10.1.6_1,0,0
2021,02,ESP.10.1.6_1,0,0
2021,02,ESP.10.1.6_1,0,0
2021,02,ESP.10.1.7_1,0.002,0.04469897088298564
2021,02,ESP.10.1.8_1,0,0
2021,02,ESP.10.1.8_1,0,0
2021,02,ESP.10.1.8_1,0,0
2021,02,ESP.10.1.8_1,0,0
2021,02,ESP.10.1.9_1,0,0
2021,02,ESP.10.1.9_1,0,0
2021,02,ESP.10.1.9_1,0,0
2021,02,ESP.10.2.1_1,0.001,0.03162277660168379
2021,02,ESP.10.2.2_1,0.002,0.04469897088298564
2021,02,ESP.10.2.3_1,0.001,0.03162277660168379
2021,02,ESP.10.2.5_1,0.009,0.09448771310560929
2021,02,ESP.10.2.7_1,0.001,0.03162277660168379
2021,02,ESP.10.2.8_1,0.002,0.04469897088298564
2021,02,ESP.10.3.1_1,0.017,0.1293357171384909
2021,02,ESP.10.3.1_1,0.017,0.1293357171384909
2021,02,ESP.10.3.10_1,0.168,0.3740533597174552
2021,02,ESP.10.3.11_1,0.804,0.39716714584887525
2021,02,ESP.10.3.12_1,0.009,0.09448771310560929
2021,02,ESP.10.3.13_1,0.165,0.37136627864268035
2021,02,ESP.10.3.14_1,0,0
2021,02,ESP.10.3.14_1,0,0
2021,02,ESP.10.3.14_1,0,0
2021,02,ESP.10.3.14_1,0,0
2021,02,ESP.10.3.14_1,0,0
2021,02,ESP.10.3.16_1,0.012,0.10893974420691407
2021,02,ESP.10.3.17_1,0.027,0.162164414398774
2021,02,ESP.10.3.18_1,0.105,0.3067068128833611
2021,02,ESP.10.3.2_1,0.001,0.03162277660168379
2021,02,ESP.10.3.3_1,0.01,0.0995485304256668
2021,02,ESP.10.3.4_1,0,0
2021,02,ESP.10.3.5_1,0.123,0.32860155048170264
2021,02,ESP.10.3.6_1,0.004,0.06315051850925682
2021,02,ESP.10.3.7_1,0.099,0.2988114594326802
2021,02,ESP.10.3.8_1,0.015,0.12161327966052798
2021,02,ESP.10.3.9_1,0.006,0.07726558075864033
