year,month,gid_2,est,se
2021,12,ESP.1.1_1,0.703,0.4571651780264984
2021,12,ESP.1.2_1,0.549,0.49784219070589714
2021,12,ESP.1.3_1,0.063,0.24308453280719053
2021,12,ESP.1.4_1,0.401,0.4903462444430868
2021,12,ESP.1.5_1,0.064,0.24487540497968344
2021,12,ESP.1.6_1,0.217,0.4124088760939574
2021,12,ESP.1.7_1,0.901,0.2988114594326802
2021,12,ESP.1.8_1,1,0
2021,12,ESP.10.1_1,0.976,0.15312559370479986
2021,12,ESP.10.2_1,0.546,0.49812863010685515
2021,12,ESP.10.3_1,0.388,0.48753840227585526
2021,12,ESP.11.1_1,0.043,0.2029585972364615
2021,12,ESP.11.2_1,0.047,0.21174474216810163
2021,12,ESP.12.1_1,0.037,0.1888562063228706
2021,12,ESP.12.2_1,0.013,0.11333068359382575
2021,12,ESP.12.3_1,0.012,0.10893974420691407
2021,12,ESP.12.4_1,0.02,0.14007005254378832
2021,12,ESP.13.1_1,0.752,0.432067914433232
2021,12,ESP.14.1_1,0.206,0.4046328307586122
2021,12,ESP.14.2_1,0.06,0.237605674293474
2021,12,ESP.15.1_1,0.004,0.06315051850925682
2021,12,ESP.16.1_1,0.001,0.03162277660168379
2021,12,ESP.16.2_1,0.497,0.5002411830719671
2021,12,ESP.16.3_1,0.028,0.16505527329729044
2021,12,ESP.17.1_1,0.174,0.37929917989348183
2021,12,ESP.18.1_1,0.853,0.35428310221702153
2021,12,ESP.2.1_1,0.16,0.366789496216201
2021,12,ESP.2.2_1,0.008,0.08912880535463237
2021,12,ESP.2.3_1,0.38,0.48562931937418674
2021,12,ESP.3.1_1,0.001,0.03162277660168379
2021,12,ESP.4.1_1,0.038,0.19129190414806527
2021,12,ESP.4.2_1,0.001,0.03162277660168379
2021,12,ESP.4.3_1,0.009,0.09448771310560929
2021,12,ESP.4.4_1,0,0
2021,12,ESP.4.5_1,0.138,0.3450725649411658
2021,12,ESP.5.1_1,0.004,0.06315051850925682
2021,12,ESP.5.2_1,0.004,0.06315051850925682
2021,12,ESP.5.3_1,0.005,0.07056897321046962
2021,12,ESP.5.4_1,0.005,0.07056897321046962
2021,12,ESP.5.5_1,0.008,0.08912880535463237
2021,12,ESP.5.6_1,0.003,0.05471740119919799
2021,12,ESP.5.7_1,0.052,0.22213812222431645
2021,12,ESP.5.8_1,0.001,0.03162277660168379
2021,12,ESP.5.9_1,0.049,0.21597603025716916
2021,12,ESP.6.1_1,0.983,0.1293357171384909
2021,12,ESP.6.2_1,0.967,0.17872588772459053
2021,12,ESP.6.3_1,0.335,0.4722266383824593
2021,12,ESP.6.4_1,0.999,0.03162277660168379
2021,12,ESP.7.1_1,0.086,0.28050433629924987
2021,12,ESP.7.2_1,0.026,0.15921478998305827
2021,12,ESP.8.1_1,0.959,0.19838941090279583
2021,12,ESP.9.1_1,0.009,0.09448771310560929
