ID_0,est,se
ALB,0,0
AUT,7.208,8.17779131729541
BEL,0,0
BGR,0,0
CHE,2.959,1.3879414292425243
CHN,0,0
DEU,1.717,1.3925232810662937
ESP,1.04,1.2826398967769181
FRA,0,0
GRC,0,0
HRV,0.265,0.4415540396938635
HUN,2.128,3.295820742088056
IND,0,0
ITA,0.077,0.26672484350382913
NLD,0.017,0.1293357171384909
PAK,0,0
PER,0,0
ROU,0.013,0.11333068359382575
SRB,0.005,0.07056897321046962
SVN,0,0
TUR,0,0
USA,0,0
XKO,0,0
