year,month,gid_1,est,se
2022,11,ARG.24_1,0.038181,0.0968943633385137
2022,11,DOM.5_1,0.010768999999999999,0.05220342584680258
2022,11,GTM.7_1,0.006853000000000001,0.04172805675094036
2022,11,HND.8_1,0.003916,0.03159105873485386
2022,11,IND.20_1,0.004895,0.03530214209125596
2022,11,IND.34_1,0.05776099999999999,0.11793028107673821
2022,11,MEX.14_1,0.10634964113311265,0.1470314726109175
2022,11,MEX.16_1,0.506143,0.2501055637791241
2022,11,MEX.17_1,0.007832,0.04458670160424442
2022,11,MEX.31_1,0.104753,0.15471133526319453
2022,11,MEX.4_1,0.077341,0.13500438564024525
2022,11,MEX.9_1,0.007832,0.04458670160424442
2022,11,PAK.7_1,0.038181,0.09689436333851369
2022,11,PER.13_1,0.023496,0.07660110698582177
2022,11,PRI.52_1,0.085173,0.14105858766051932
2022,11,PRI.65_1,0.033286,0.0907052736387753
2022,11,USA.10_1,0.20265299999999997,0.20278054339015475
2022,11,USA.5_1,0.018601,0.06833069221010664
2022,11,VEN.14_1,0.013706,0.05880401658748555
