ID_0,est,se
ALB,2.569,1.3820069320655923
ARG,2.909,1.496439575101032
AUT,0.769,0.9287308512393007
BEL,0,0
BGR,12.693,11.449455422517811
BIH,1.563,1.1410130332915793
BRA,0.43,0.7566374006147811
CHE,1.261,0.6710070281285102
CHN,1.641,1.9001682514005354
COL,0.332,0.4711666350644939
DEU,0.748,0.4343785039394614
ESP,17.284,3.4580903828558482
FJI,1.341,3.206399850299398
FRA,6.765,6.647850096426927
GRC,1.137,0.6167921278119335
GTM,1.226,0.9077831486734811
HND,0.869,0.33756918246924283
HRV,6.8020000000000005,5.744094626553324
HUN,3.211,4.89025764428606
IND,0.686,0.8990111982091216
ITA,32.589,29.371470906608515
KOR,0.6749999999999999,0.8104245353446652
LKA,0.352,0.47783294604320065
MEX,0.027,0.20784299490399785
MMR,0.436,0.4961352135760474
NLD,0.663,0.8184203321145607
PAK,0,0
PAN,0.015,0.12161327966052798
PER,0.055,0.2280943379986163
PRT,2.2720000000000002,1.8058697401534045
PSE,0.337,0.4729214043101186
ROU,0.8019999999999999,0.9079305517617007
SLB,0.682,0.4659324984298618
SRB,2.785,1.8587072945854732
SVN,1.477,1.2988168044714818
THA,0.481,0.4998888765404656
TUR,9.681000000000001,8.86567930719681
USA,4.75,4.236934916021728
XKO,0.973,0.162164414398774
ZAF,0.213,0.40963251677424095
