year,month,gid_2,est,se
2017,09,ESP.1.1_1,0,0.3758207567993567
2017,09,ESP.1.2_1,0,0.3677148544921924
2017,09,ESP.1.3_1,0,0.36955049393495276
2017,09,ESP.1.4_1,0,0.37843653921656956
2017,09,ESP.1.5_1,0,0.3775692765024169
2017,09,ESP.1.6_1,0,0.36955049393495276
2017,09,ESP.1.7_1,0,0.3704608498090469
2017,09,ESP.1.8_1,0,0.3522770203960217
2017,09,ESP.10.1_1,0,0.3731624984510773
2017,09,ESP.10.2_1,0,0.38849186082326864
2017,09,ESP.10.3_1,0,0.38015722999769386
2017,09,ESP.11.1_1,0,0.3775692765024169
2017,09,ESP.12.1_1,0,0.3810107205436209
2017,09,ESP.12.3_1,0,0.3868600013708585
2017,09,ESP.12.4_1,0,0.38015722999769386
2017,09,ESP.13.1_1,0,0.387678080750375
2017,09,ESP.14.1_1,0,0.35725009115132167
2017,09,ESP.15.1_1,0,0.3810107205436209
2017,09,ESP.16.2_1,0.15,0.35725009115132167
2017,09,ESP.16.3_1,0.125,0.33088439746304826
2017,09,ESP.17.1_1,0.542,0.4984821807090846
2017,09,ESP.18.1_1,0,0.3766973598273565
2017,09,ESP.2.1_1,0,0.36492351139542817
2017,09,ESP.2.2_1,0,0.3901066305296325
2017,09,ESP.2.3_1,0,0.3639828065767441
2017,09,ESP.3.1_1,0,0.3450725649411658
2017,09,ESP.4.1_1,0,0.38270414482007176
2017,09,ESP.4.2_1,0,0.3740533597174552
2017,09,ESP.4.3_1,0,0.3924972026066607
2017,09,ESP.4.4_1,0,0.3639828065767441
2017,09,ESP.4.5_1,0,0.3818596821043259
2017,09,ESP.5.1_1,0,0.3731624984510773
2017,09,ESP.5.2_1,0,0.3704608498090469
2017,09,ESP.5.3_1,0,0.37226681638655706
2017,09,ESP.5.5_1,0,0.3758207567993567
2017,09,ESP.5.6_1,0,0.366789496216201
2017,09,ESP.5.8_1,0,0.3562666500332664
2017,09,ESP.5.9_1,0,0.37226681638655706
2017,09,ESP.6.1_1,0,0.3860375953518323
2017,09,ESP.6.2_1,0,0.38521083498181535
2017,09,ESP.6.3_1,0,0.3775692765024169
2017,09,ESP.6.4_1,0,0.38015722999769386
2017,09,ESP.8.1_1,0,0.3611293596682696
2017,09,ESP.9.1_1,0,0.3901066305296325
2017,09,ITA.10.9_1,0,0.30799165387857325
2017,09,ITA.6.7_1,0,0.366789496216201
2017,09,ITA.8.2_1,0,0.3167512136225074
2017,09,ITA.8.4_1,0,0.25527468571161765
