ID_1,est,se
ESP.1_1,0,0
ESP.10_1,0,0
ESP.11_1,0,0
ESP.12_1,0,0
ESP.13_1,0,0
ESP.14_1,0,0
ESP.15_1,0,0
ESP.16_1,0.04547200000000007,0.09996077426986422
ESP.17_1,0.562,0.4963893657225167
ESP.18_1,0,0
ESP.2_1,0,0
ESP.3_1,0.051000000000000045,0.22010780869257557
ESP.4_1,0,0
ESP.5_1,0,0
ESP.6_1,0,0
ESP.7_1,0,0
ESP.8_1,0,0
ESP.9_1,0,0
