year,month,gid_1,est,se
2019,07,ESP.1_1,0,0.34443677782153276
2019,07,ESP.10_1,0,0.3575273039688458
2019,07,ESP.11_1,0,0.33312413987800527
2019,07,ESP.12_1,0,0.3559612667063221
2019,07,ESP.13_1,0,0.36649986683427743
2019,07,ESP.14_1,0,0.32165605729353525
2019,07,ESP.15_1,0,0.3614857089635732
2019,07,ESP.16_1,0.045041873819647985,0.2737776529601936
2019,07,ESP.17_1,0.521,0.49968588341099346
2019,07,ESP.18_1,0,0.3510534973683329
2019,07,ESP.2_1,0,0.36141130464214627
2019,07,ESP.3_1,0.146,0.3123676164505984
2019,07,ESP.4_1,0,0.3659553576057903
2019,07,ESP.5_1,0,0.3570846938983538
2019,07,ESP.6_1,0,0.36451165509429484
2019,07,ESP.7_1,0,0.3437138953127559
2019,07,ESP.8_1,0,0.3319939192049318
2019,07,ESP.9_1,0,0.3645099347030384
