year,month,gid_2,est,se
2018,02,ESP.1.1_1,0.194,0.39562674393994207
2018,02,ESP.1.2_1,0.108,0.3105357184486713
2018,02,ESP.1.3_1,0.039,0.19369180807797864
2018,02,ESP.1.4_1,0.139,0.3461196307619647
2018,02,ESP.1.5_1,0,0.42729683193604723
2018,02,ESP.1.6_1,0.009,0.09448771310560929
2018,02,ESP.1.7_1,0.803,0.39793133748091436
2018,02,ESP.1.8_1,0.021,0.14345584540052586
2018,02,ESP.10.1_1,0.439,0.49651336892930237
2018,02,ESP.10.2_1,0.312,0.46354166034011535
2018,02,ESP.10.3_1,0.531,0.4992877810324305
2018,02,ESP.11.1_1,0,0.4144535821678608
2018,02,ESP.11.2_1,0,0.41910219117375974
2018,02,ESP.12.1_1,0,0.41844844258175834
2018,02,ESP.12.2_1,0,0.41713067256915787
2018,02,ESP.12.3_1,0,0.4210430824479572
2018,02,ESP.12.4_1,0,0.41646661864361284
2018,02,ESP.13.1_1,0.729,0.4446985009607709
2018,02,ESP.14.1_1,0,0.43775292989039793
2018,02,ESP.14.2_1,0,0.4477404063421923
2018,02,ESP.15.1_1,0.012,0.10893974420691407
2018,02,ESP.16.1_1,0,0.4110279113928201
2018,02,ESP.16.2_1,0.015,0.12161327966052798
2018,02,ESP.16.3_1,0.009,0.09448771310560929
2018,02,ESP.17.1_1,0,0.42039949540375965
2018,02,ESP.18.1_1,0.913,0.2819760814510878
2018,02,ESP.2.1_1,0.159,0.36585906146062974
2018,02,ESP.2.2_1,0.012,0.10893974420691407
2018,02,ESP.2.3_1,0.026,0.15921478998305827
2018,02,ESP.3.1_1,0,0.4067978422810088
2018,02,ESP.4.1_1,0.008,0.08912880535463237
2018,02,ESP.4.2_1,0,0.42295376802895357
2018,02,ESP.4.3_1,0.012,0.10893974420691407
2018,02,ESP.4.4_1,0,0.4210430824479572
2018,02,ESP.4.5_1,0.008,0.08912880535463237
2018,02,ESP.5.1_1,0,0.4144535821678608
2018,02,ESP.5.2_1,0,0.4144535821678608
2018,02,ESP.5.3_1,0,0.40094857495663927
2018,02,ESP.5.4_1,0,0.42039949540375965
2018,02,ESP.5.5_1,0,0.41512809027013736
2018,02,ESP.5.6_1,0,0.41033202698835536
2018,02,ESP.5.7_1,0,0.4197525368502163
2018,02,ESP.5.8_1,0,0.428508599236491
2018,02,ESP.5.9_1,0,0.41033202698835536
2018,02,ESP.6.1_1,0.551,0.4976410821532389
2018,02,ESP.6.2_1,0.35,0.47720826452161086
2018,02,ESP.6.3_1,0.12,0.3251241389157466
2018,02,ESP.6.4_1,0.395,0.48909530177074306
2018,02,ESP.7.1_1,0,0.42668613881993056
2018,02,ESP.7.2_1,0,0.43265018916693676
2018,02,ESP.8.1_1,0.008,0.08912880535463237
2018,02,ESP.9.1_1,0.017,0.1293357171384909
