year,month,gid_1,est,se
2020,12,ESP.10_1,0.2816695151748743,0.8557063871316691
2020,12,ESP.2_1,0.07642123678833375,0.2854208783908031
2020,12,ESP.6_1,0.4235257871229725,0.6660324487849499
