year,month,gid_3,est,se
2022,10,ESP.10.1.1_1,0.059,0.23574260237507894
2022,10,ESP.10.1.4_1,0.172,0.3775692765024169
2022,10,ESP.10.1.6_1,0.38,0.48562931937418674
2022,10,ESP.10.1.7_1,0.258,0.43775292989039793
2022,10,ESP.10.1.9_1,0.029,0.1678904023081343
2022,10,ESP.10.2.5_1,0.093,0.290577761426155
2022,10,ESP.10.2.7_1,0.415,0.4929685771101623
2022,10,ESP.10.2.8_1,0.044,0.20519772441746548
2022,10,ESP.10.3.1_1,0.04,0.19605723255834873
2022,10,ESP.10.3.13_1,0.275,0.4467377022085494
2022,10,ESP.10.3.4_1,0.03,0.17067257872642908
2022,10,ESP.10.3.7_1,0.966,0.18131981931624816
2022,10,ESP.10.3.8_1,0.137,0.3440194025768741
