year,month,gid_3,est,se
2022,10,ESP.10.1.1_1,0.081,0.27297163499805893
2022,10,ESP.10.1.4_1,0.166,0.37226681638655706
2022,10,ESP.10.1.6_1,0.435,0.4960050614873008
2022,10,ESP.10.1.7_1,0.271,0.4446985009607709
2022,10,ESP.10.1.9_1,0.025,0.15620307103062794
2022,10,ESP.10.2.5_1,0.112,0.3155242550986462
2022,10,ESP.10.2.7_1,0.436,0.4961352135760474
2022,10,ESP.10.2.8_1,0.066,0.24840633185509925
2022,10,ESP.10.3.1_1,0.046,0.20958990416508122
2022,10,ESP.10.3.13_1,0.264,0.4410198391212106
2022,10,ESP.10.3.4_1,0.04,0.19605723255834873
2022,10,ESP.10.3.7_1,0.966,0.18131981931624816
2022,10,ESP.10.3.8_1,0.098,0.29746341705239066
