year,month,gid_3,est,se
2019,05,ESP.10.1.1_1,0.986,0.11754921445002436
2019,05,ESP.10.1.2_1,0.67,0.47044800065609943
2019,05,ESP.10.1.3_1,0.012,0.10893974420691407
2019,05,ESP.10.1.4_1,0.954,0.20958990416508122
2019,05,ESP.10.1.5_1,0.854,0.3532829019480122
2019,05,ESP.10.1.6_1,0.947,0.22414558046332575
2019,05,ESP.10.1.7_1,0.584,0.49314012936201734
2019,05,ESP.10.1.8_1,0.702,0.4576083537321029
2019,05,ESP.10.1.9_1,0.161,0.3677148544921924
2019,05,ESP.10.2.1_1,0.111,0.3142893217686178
2019,05,ESP.10.2.2_1,0.141,0.34819569244928955
2019,05,ESP.10.2.3_1,0.857,0.3502480173729377
2019,05,ESP.10.2.5_1,0.943,0.2319586273558386
2019,05,ESP.10.2.7_1,0.144,0.35126540875438816
2019,05,ESP.10.2.8_1,0.112,0.3155242550986462
2019,05,ESP.10.3.1_1,0.959,0.19838941090279583
2019,05,ESP.10.3.10_1,0.27,0.44418160396092193
2019,05,ESP.10.3.11_1,0.971,0.1678904023081343
2019,05,ESP.10.3.12_1,0.979,0.14345584540052586
2019,05,ESP.10.3.13_1,0.956,0.20519772441746548
2019,05,ESP.10.3.14_1,0.047,0.21174474216810163
2019,05,ESP.10.3.16_1,0.196,0.39716714584887525
2019,05,ESP.10.3.17_1,0.17,0.3758207567993567
2019,05,ESP.10.3.18_1,0.194,0.39562674393994207
2019,05,ESP.10.3.2_1,0.988,0.10893974420691407
2019,05,ESP.10.3.3_1,0.216,0.4117201883725323
2019,05,ESP.10.3.4_1,0.635,0.4816710568500115
2019,05,ESP.10.3.5_1,0.081,0.27297163499805893
2019,05,ESP.10.3.6_1,0.066,0.24840633185509925
2019,05,ESP.10.3.7_1,0.986,0.11754921445002436
2019,05,ESP.10.3.8_1,0.955,0.20740785428237288
2019,05,ESP.10.3.9_1,0.169,0.3749394345485409
