year,month,gid_2,est,se
2020,01,ESP.1.1_1,0.004,0.06315051850925682
2020,01,ESP.1.2_1,0.425,0.4945903553645376
2020,01,ESP.1.4_1,0.095,0.2933616557443407
2020,01,ESP.1.5_1,0.007,0.08341437500789632
2020,01,ESP.1.6_1,0,0
2020,01,ESP.1.7_1,0.249,0.43265018916693676
2020,01,ESP.1.8_1,0.359,0.4799472360055315
2020,01,ESP.10.1_1,0.258,0.43775292989039793
2020,01,ESP.10.2_1,0,0
2020,01,ESP.10.3_1,0.251,0.43380547159664457
2020,01,ESP.11.1_1,0,0.04469897088298564
2020,01,ESP.11.2_1,0,0.03162277660168379
2020,01,ESP.12.1_1,0,0.05471740119919799
2020,01,ESP.12.2_1,0,0
2020,01,ESP.13.1_1,0,0.5002501876563868
2020,01,ESP.14.1_1,0.54,0.49864681754589457
2020,01,ESP.14.2_1,0.466,0.4990922691177385
2020,01,ESP.15.1_1,0,0.04469897088298564
2020,01,ESP.16.1_1,0,0
2020,01,ESP.16.2_1,0,0.10435463521037237
2020,01,ESP.17.1_1,0,0.13301764429463367
2020,01,ESP.18.1_1,0.468,0.4992246240173107
2020,01,ESP.2.1_1,0,0
2020,01,ESP.2.2_1,0,0
2020,01,ESP.2.3_1,0,0
2020,01,ESP.3.1_1,0,0.1467567291047928
2020,01,ESP.4.1_1,0.038,0.19129190414806527
2020,01,ESP.4.3_1,0.111,0.3142893217686178
2020,01,ESP.4.4_1,0.023,0.1499783100768024
2020,01,ESP.4.5_1,0.178,0.38270414482007176
2020,01,ESP.5.1_1,0,0
2020,01,ESP.5.3_1,0,0.09448771310560929
2020,01,ESP.5.4_1,0,0
2020,01,ESP.5.5_1,0,0
2020,01,ESP.5.6_1,0,0
2020,01,ESP.5.8_1,0,0
2020,01,ESP.5.9_1,0,0
2020,01,ESP.6.1_1,0.499,0.500249187155011
2020,01,ESP.6.2_1,0.495,0.50022517452166
2020,01,ESP.6.3_1,0.016,0.12553788177183714
2020,01,ESP.6.4_1,0.25,0.4332293707583636
2020,01,ESP.8.1_1,0.431,0.49546390835709164
2020,01,ESP.9.1_1,0,0.03162277660168379
