year,month,gid_2,est,se
2020,01,ESP.1.1_1,0.179,0.38354413840665863
2020,01,ESP.1.2_1,0.986,0.11754921445002436
2020,01,ESP.1.3_1,0.171,0.3766973598273565
2020,01,ESP.1.4_1,0.42,0.49380547166252
2020,01,ESP.1.5_1,0.223,0.41646661864361284
2020,01,ESP.1.6_1,0.026,0.15921478998305827
2020,01,ESP.1.7_1,0.517,0.49996095943679536
2020,01,ESP.1.8_1,0.615,0.48683879468671354
2020,01,ESP.10.1_1,0.627,0.48384409173317916
2020,01,ESP.10.2_1,0.028,0.16505527329729044
2020,01,ESP.10.3_1,0.634,0.4819504915199032
2020,01,ESP.11.1_1,0.028,0.16505527329729044
2020,01,ESP.11.2_1,0.033,0.17872588772459053
2020,01,ESP.12.1_1,0.189,0.3917045218432287
2020,01,ESP.12.2_1,0.013,0.11333068359382575
2020,01,ESP.12.3_1,0.035,0.18387171834952978
2020,01,ESP.12.4_1,0.028,0.16505527329729044
2020,01,ESP.13.1_1,0.978,0.1467567291047928
2020,01,ESP.14.1_1,0.844,0.3630369069334353
2020,01,ESP.14.2_1,0.561,0.49651336892930237
2020,01,ESP.15.1_1,0.03,0.17067257872642908
2020,01,ESP.16.1_1,0.021,0.14345584540052586
2020,01,ESP.16.2_1,0.39,0.4879939939570344
2020,01,ESP.16.3_1,0.156,0.3630369069334353
2020,01,ESP.17.1_1,0.391,0.4882185549089233
2020,01,ESP.18.1_1,0.893,0.30926792049394103
2020,01,ESP.2.1_1,0.023,0.1499783100768024
2020,01,ESP.2.2_1,0.034,0.18131981931624816
2020,01,ESP.2.3_1,0.371,0.4833141758655467
2020,01,ESP.3.1_1,0.13,0.33647171235218754
2020,01,ESP.4.1_1,0.025,0.15620307103062794
2020,01,ESP.4.2_1,0.041,0.19838941090279583
2020,01,ESP.4.3_1,0.065,0.24664921616708177
2020,01,ESP.4.4_1,0.038,0.19129190414806527
2020,01,ESP.4.5_1,0.188,0.39090767299812473
2020,01,ESP.5.1_1,0.076,0.26513071171460745
2020,01,ESP.5.2_1,0.023,0.1499783100768024
2020,01,ESP.5.3_1,0.271,0.4446985009607709
2020,01,ESP.5.4_1,0.031,0.17340435135563662
2020,01,ESP.5.5_1,0.041,0.19838941090279583
2020,01,ESP.5.6_1,0.031,0.17340435135563662
2020,01,ESP.5.7_1,0.031,0.17340435135563662
2020,01,ESP.5.8_1,0.028,0.16505527329729044
2020,01,ESP.5.9_1,0.045,0.20740785428237288
2020,01,ESP.6.1_1,0.894,0.30799165387857325
2020,01,ESP.6.2_1,0.888,0.3155242550986462
2020,01,ESP.6.3_1,0.156,0.3630369069334353
2020,01,ESP.6.4_1,0.48,0.4998498272980094
2020,01,ESP.7.1_1,0.043,0.2029585972364615
2020,01,ESP.7.2_1,0.113,0.3167512136225074
2020,01,ESP.8.1_1,0.624,0.4846223879051182
2020,01,ESP.9.1_1,0.032,0.17608806605504818
