year,month,gid_1,est,se
2019,07,ESP.10_1,0.013227673094896628,0.18239949638683817
2019,07,ESP.2_1,0.007866892022328474,0.07308669295835993
2019,07,ESP.6_1,0.011524693336771167,0.12707751819442223
