year,month,gid_3,est,se
2022,01,ESP.10.1.1_1,0.125,0.33088439746304826
2022,01,ESP.10.1.4_1,0.167,0.3731624984510773
2022,01,ESP.10.1.6_1,0.483,0.49996095943679536
2022,01,ESP.10.1.7_1,0.546,0.49812863010685515
2022,01,ESP.10.1.9_1,0.014,0.11754921445002436
2022,01,ESP.10.2.5_1,0.09,0.28632495871296654
2022,01,ESP.10.2.7_1,0.558,0.49687310541312546
2022,01,ESP.10.2.8_1,0.062,0.24127621974453722
2022,01,ESP.10.3.1_1,0.037,0.1888562063228706
2022,01,ESP.10.3.13_1,0.365,0.4816710568500115
2022,01,ESP.10.3.4_1,0.011,0.10435463521037237
2022,01,ESP.10.3.7_1,0.997,0.05471740119919799
2022,01,ESP.10.3.8_1,0.152,0.3592005359475749
