year,month,gid_3,est,se
2022,01,ESP.10.1.1_1,0.058,0.2338604085575211
2022,01,ESP.10.1.4_1,0.169,0.3749394345485409
2022,01,ESP.10.1.6_1,0.313,0.4639463829433809
2022,01,ESP.10.1.7_1,0.207,0.4053582555164201
2022,01,ESP.10.1.9_1,0.021,0.14345584540052586
2022,01,ESP.10.2.5_1,0.096,0.2947386484173239
2022,01,ESP.10.2.7_1,0.397,0.4895208173618673
2022,01,ESP.10.2.8_1,0.059,0.23574260237507894
2022,01,ESP.10.3.1_1,0.051,0.22010780869257557
2022,01,ESP.10.3.13_1,0.278,0.4482375674984382
2022,01,ESP.10.3.4_1,0.029,0.1678904023081343
2022,01,ESP.10.3.7_1,0.96,0.19605723255834873
2022,01,ESP.10.3.8_1,0.157,0.3639828065767441
