year,month,gid_1,est,se
2014,12,AND.2_1,0,0.19838941090279583
2014,12,AND.3_1,0,0.1888562063228706
2014,12,AND.6_1,0,0.18131981931624816
2014,12,AUT.3_1,0,0.2933616557443407
2014,12,AUT.9_1,0,0.21387319079712103
2014,12,BEL.1_1,0,0.3429600875052688
2014,12,BEL.2_1,0,0.3617053458105728
2014,12,DEU.10_1,0,0.3704608498090469
2014,12,DEU.13_1,0,0.3450725649411658
2014,12,DEU.2_1,0,0.28050433629924987
2014,12,DEU.3_1,0,0.3592005359475749
2014,12,DEU.7_1,0,0.3506137378333871
2014,12,DEU.8_1,0,0.40210492004775145
2014,12,ESP.1_1,0,0.23964643159124263
2014,12,ESP.10_1,0,0.48669023848913984
2014,12,ESP.11_1,0,0.1923433374669486
2014,12,ESP.12_1,0,0.1948660228660545
2014,12,ESP.13_1,0,0.49721446300587663
2014,12,ESP.14_1,0,0.2656010835088667
2014,12,ESP.15_1,0,0.08912880535463237
2014,12,ESP.16_1,0,0.14392810372065637
2014,12,ESP.17_1,0,0.239450070654273
2014,12,ESP.18_1,0,0.4965133689293024
2014,12,ESP.2_1,0,0.1355757002197291
2014,12,ESP.3_1,0,0.20068950215762726
2014,12,ESP.4_1,0,0.07077386611511513
2014,12,ESP.5_1,0,0.1884437275686487
2014,12,ESP.6_1,0,0.4562929856033615
2014,12,ESP.7_1,0,0.22809433799861634
2014,12,ESP.8_1,0,0.15921478998305824
2014,12,ESP.9_1,0,0.1293357171384909
2014,12,FRA.1_1,0,0.1426392880985422
2014,12,FRA.11_1,0,0.07914488424520268
2014,12,FRA.8_1,0,0.3046385372171465
2014,12,HRV.12_1,0,0.2360307364792943
2014,12,HRV.21_1,0,0.24244090758607753
2014,12,HRV.4_1,0,0.10893974420691407
2014,12,ITA.10_1,0,0.24308453280719053
2014,12,ITA.13_1,0,0.17340435135563662
2014,12,ITA.14_1,0,0.13659303663678343
2014,12,ITA.16_1,0,0.19493202355616512
2014,12,ITA.4_1,0,0.162164414398774
2014,12,ITA.5_1,0,0.22414558046332575
2014,12,ITA.6_1,0,0.27450200609713465
2014,12,ITA.8_1,0,0.29476663748763404
2014,12,NLD.14_1,0,0.2566913027290901
2014,12,NLD.9_1,0,0.3762726270425766
2014,12,POL.6_1,0,0.3251241389157466
2014,12,POL.7_1,0,0.36955049393495276
2014,12,PRT.15_1,0,0.19369180807797864
2014,12,SRB.3_1,0,0.04469897088298564
2014,12,SRB.9_1,0,0.21211009202348444
2014,12,TUR.40_1,0,0.07056897321046962
