year,month,gid_1,est,se
2014,12,ESP.1_1,0.04206848094498657,0.22538628452588683
2014,12,ESP.10_1,0.08619727846460166,0.27410332608429056
2014,12,ESP.11_1,0,0.35236730334046307
2014,12,ESP.12_1,0,0.3863439539484136
2014,12,ESP.13_1,0.089,0.284888502301339
2014,12,ESP.14_1,0,0.37940328821717284
2014,12,ESP.15_1,0.039,0.19369335763103793
2014,12,ESP.16_1,0.03774917297642376,0.30792386405393124
2014,12,ESP.17_1,0,0.3884949687954509
2014,12,ESP.18_1,0.202,0.4016963269889124
2014,12,ESP.2_1,0.042551327899929645,0.20188894565118554
2014,12,ESP.3_1,0,0.40020335176473015
2014,12,ESP.4_1,0.02388069427800504,0.28214482367911825
2014,12,ESP.5_1,0,0.37438120580782663
2014,12,ESP.6_1,0.17041559261102987,0.34201160232367633
2014,12,ESP.7_1,0,0.34082549604227114
2014,12,ESP.8_1,0.043,0.20296022092472368
2014,12,ESP.9_1,0.039,0.19369335763103793
