year,month,gid_1,est,se
2014,12,AND.2_1,0,0.28050658036086906
2014,12,AND.3_1,0,0.2602687506711091
2014,12,AND.6_1,0,0.2790234730599366
2014,12,AUT.3_1,0,0.25187388607537553
2014,12,AUT.9_1,0,0
2014,12,BEL.1_1,0,0.25861932067448345
2014,12,BEL.2_1,0,0.2736728920713641
2014,12,DEU.10_1,0,0.2466511893844898
2014,12,DEU.13_1,0,0.28050658036086906
2014,12,DEU.2_1,0,0.27297381879734456
2014,12,DEU.3_1,0,0.2535829887287751
2014,12,DEU.7_1,0,0.2621176964964615
2014,12,DEU.8_1,0,0.2704735717762128
2014,12,ESP.1_1,8.47262057025444e-5,0.0026033107788771834
2014,12,ESP.10_1,8.551072861072797e-4,0.020840021487563667
2014,12,ESP.11_1,0,0.2587106609995161
2014,12,ESP.12_1,0,0.25467529118215393
2014,12,ESP.13_1,0.007204324324324324,0.08341504233090427
2014,12,ESP.14_1,0,0.2665771361679706
2014,12,ESP.15_1,0,0.04469932847904386
2014,12,ESP.16_1,0,0
2014,12,ESP.17_1,0,0.284888502301339
2014,12,ESP.18_1,0.02572972972972973,0.15620432067019188
2014,12,ESP.2_1,0,0
2014,12,ESP.3_1,0,0.27450420213953597
2014,12,ESP.4_1,0,0
2014,12,ESP.5_1,0,0.26373208545207605
2014,12,ESP.6_1,9.667528939964364e-4,0.01870686965749538
2014,12,ESP.7_1,0,0.268307919775442
2014,12,ESP.8_1,0,0.03162302958693243
2014,12,ESP.9_1,0,0.07056953776903001
2014,12,FRA.1_1,0,0.0363627318323652
2014,12,FRA.11_1,0,0
2014,12,FRA.8_1,0,0.26817619325150843
2014,12,GBR.1_1,0,0.24670703168675606
2014,12,GBR.3_1,0,0.2760224740880467
2014,12,HRV.12_1,0,0.24679229806830186
2014,12,HRV.21_1,0,0.26946246065741575
2014,12,HRV.4_1,0,0
2014,12,ITA.10_1,0,0
2014,12,ITA.13_1,0,0
2014,12,ITA.14_1,0,0
2014,12,ITA.16_1,0,0
2014,12,ITA.4_1,0,0
2014,12,ITA.5_1,0,0
2014,12,ITA.6_1,0.0030875675675675674,0.05471783894366052
2014,12,ITA.8_1,0,0.012913831446361044
2014,12,NLD.14_1,0,0
2014,12,NLD.9_1,0,0.2631204399185486
2014,12,POL.6_1,0,0.2569554074977371
2014,12,POL.7_1,0,0.25861932067448345
2014,12,PRT.15_1,0,0.2430864775067894
2014,12,SRB.3_1,0,0
2014,12,SRB.9_1,0,0.2487836310172
2014,12,SWE.15_1,0,0.2532246443342894
2014,12,SWE.21_1,0,0.27899040089446964
2014,12,TUR.40_1,0,0.06315102371946743
