year,month,gid_1,est,se
2014,12,ESP.1_1,0,0
2014,12,ESP.10_1,0,0
2014,12,ESP.11_1,0,0.30206817772034367
2014,12,ESP.12_1,0,0.31281452804779003
2014,12,ESP.13_1,0,0
2014,12,ESP.14_1,0,0.3029139525006402
2014,12,ESP.15_1,0,0
2014,12,ESP.16_1,0,0
2014,12,ESP.17_1,0,0.2947386484173239
2014,12,ESP.18_1,0.003,0.05471740119919799
2014,12,ESP.2_1,0,0
2014,12,ESP.3_1,0,0.3203851535989872
2014,12,ESP.4_1,0,0
2014,12,ESP.5_1,0,0.3135701089845194
2014,12,ESP.6_1,5.563811791250754e-4,0.010147910732623198
2014,12,ESP.7_1,0,0.31918157352340515
2014,12,ESP.8_1,0,0.07726558075864033
2014,12,ESP.9_1,0,0.04469897088298564
2014,12,ITA.10_1,0,0
2014,12,ITA.13_1,0,0
2014,12,ITA.14_1,0,0.1863833113203506
2014,12,ITA.16_1,0,0
2014,12,ITA.4_1,0,0.12553788177183714
2014,12,ITA.5_1,0,0
2014,12,ITA.6_1,0.041,0.19838941090279583
2014,12,ITA.8_1,0,0
