year,month,gid_1,est,se
2014,12,ESP.10_1,0.971,0.1678904023081343
2014,12,ESP.6_1,0.985,0.12161327966052798
