year,month,gid_1,est,se
2014,12,AND.2_1,0,0.31179577463884356
2014,12,AND.3_1,0,0.30280035409474915
2014,12,AND.6_1,0,0.30280035409474915
2014,12,AUT.3_1,0,0.3203857943712168
2014,12,AUT.9_1,0,0
2014,12,BEL.1_1,0,0.2933622424694124
2014,12,BEL.2_1,0,0.3338550292791926
2014,12,DEU.10_1,0,0.2947392378963892
2014,12,DEU.13_1,0,0.28050489730960554
2014,12,DEU.2_1,0,0.30926853903163765
2014,12,DEU.3_1,0,0.3105363395219714
2014,12,DEU.7_1,0,0.31210428923084416
2014,12,DEU.8_1,0,0.3074217856174946
2014,12,ESP.1_1,0,0
2014,12,ESP.10_1,0,0
2014,12,ESP.11_1,0,0.28844005424017455
2014,12,ESP.12_1,0,0.30595974028998923
2014,12,ESP.13_1,0,0
2014,12,ESP.14_1,0,0.3049301529147463
2014,12,ESP.15_1,0,0
2014,12,ESP.16_1,0,0
2014,12,ESP.17_1,0,0.2933622424694124
2014,12,ESP.18_1,0.002,0.0446990602811956
2014,12,ESP.2_1,0,0
2014,12,ESP.3_1,0,0.2891711501852079
2014,12,ESP.4_1,0,0
2014,12,ESP.5_1,0,0.32682648517881585
2014,12,ESP.6_1,0.001112762358250151,0.014329733635587948
2014,12,ESP.7_1,0,0.30541390012224207
2014,12,ESP.8_1,0,0.07056911434883946
2014,12,ESP.9_1,0,0.0547175106343287
2014,12,FRA.1_1,0,0.09028587286317155
2014,12,FRA.11_1,0,0.27264722600117886
2014,12,FRA.8_1,0,0.29850853572614056
2014,12,HRV.12_1,0,0.31099382314558593
2014,12,HRV.21_1,0,0.31221460883487495
2014,12,HRV.4_1,0,0
2014,12,ITA.10_1,0,0
2014,12,ITA.13_1,0,0
2014,12,ITA.14_1,0,0.15921510841359354
2014,12,ITA.16_1,0,0.007394925172864777
2014,12,ITA.4_1,0,0.12933597581070122
2014,12,ITA.5_1,0,0
2014,12,ITA.6_1,0.034,0.18132018195697472
2014,12,ITA.8_1,0,0
2014,12,NLD.14_1,0,0.13047319112300057
2014,12,NLD.9_1,0,0.31905572610204563
2014,12,POL.6_1,0,0.3142899503491471
2014,12,POL.7_1,0,0.32158175954759427
2014,12,PRT.15_1,0,0.30411158054059234
2014,12,SRB.3_1,0,0
2014,12,SRB.9_1,0,0.31163035117382826
2014,12,TUR.40_1,0,0
