year,month,gid_3,est,se
2018,07,DEU.2.91.1_1,0.108,0.3105357184486713
2018,07,ESP.16.2.1_1,0.077,0.26672484350382913
2018,07,ESP.16.3.1_1,0.059,0.23574260237507894
2018,07,ESP.17.1.3_1,0,0.4539891035103223
2018,07,ESP.17.1.4_1,0,0.4539891035103223
2018,07,ESP.17.1.6_1,0,0.4539891035103223
2018,07,ESP.17.1.7_1,0,0.4539891035103223
2018,07,ESP.17.1.8_1,0.71,0.4539891035103223
2018,07,ESP.3.1.11_1,0.145,0.3522770203960217
2018,07,ESP.3.1.2_1,0.145,0.3522770203960217
2018,07,ESP.3.1.3_1,0.145,0.3522770203960217
2018,07,ESP.3.1.4_1,0.145,0.3522770203960217
2018,07,ESP.3.1.5_1,0.145,0.3522770203960217
2018,07,ESP.3.1.6_1,0.145,0.3522770203960217
2018,07,ESP.3.1.7_1,0.145,0.3522770203960217
2018,07,ESP.3.1.9_1,0.145,0.3522770203960217
2018,07,NLD.7.32_2,0.216,0.4117201883725323
