year,month,gid_2,est,se
2020,05,ESP.1.1_1,0.844,0.3630369069334353
2020,05,ESP.1.2_1,1,0
2020,05,ESP.1.3_1,0.862,0.3450725649411658
2020,05,ESP.1.4_1,0.966,0.18131981931624816
2020,05,ESP.1.5_1,0.886,0.31797028965786267
2020,05,ESP.1.6_1,0.443,0.49698893146427114
2020,05,ESP.1.7_1,0.977,0.1499783100768024
2020,05,ESP.1.8_1,0.989,0.10435463521037237
2020,05,ESP.10.1_1,0.986,0.11754921445002436
2020,05,ESP.10.2_1,0.461,0.49872610491905045
2020,05,ESP.10.3_1,0.995,0.07056897321046962
2020,05,ESP.11.1_1,0.421,0.49396660110072527
2020,05,ESP.11.2_1,0.456,0.4983094543677777
2020,05,ESP.12.1_1,0.934,0.24840633185509925
2020,05,ESP.12.2_1,0.524,0.4996735671152454
2020,05,ESP.12.3_1,0.518,0.49992592043814443
2020,05,ESP.12.4_1,0.531,0.4992877810324305
2020,05,ESP.13.1_1,1,0
2020,05,ESP.14.1_1,0.987,0.11333068359382575
2020,05,ESP.14.2_1,0.939,0.239450070654273
2020,05,ESP.15.1_1,0.513,0.5000810745080052
2020,05,ESP.16.1_1,0.546,0.49812863010685515
2020,05,ESP.16.2_1,0.976,0.15312559370479986
2020,05,ESP.16.3_1,0.935,0.24664921616708177
2020,05,ESP.17.1_1,0.981,0.13659303663678343
2020,05,ESP.18.1_1,0.995,0.07056897321046962
2020,05,ESP.2.1_1,0.515,0.5000250243988045
2020,05,ESP.2.2_1,0.502,0.5002461856388775
2020,05,ESP.2.3_1,0.953,0.21174474216810163
2020,05,ESP.3.1_1,0.928,0.2586172517116422
2020,05,ESP.4.1_1,0.444,0.49710271686152663
2020,05,ESP.4.2_1,0.527,0.4995202903992194
2020,05,ESP.4.3_1,0.516,0.49999399395792143
2020,05,ESP.4.4_1,0.514,0.5000540511325291
2020,05,ESP.4.5_1,0.884,0.3203851535989872
2020,05,ESP.5.1_1,0.579,0.49396660110072527
2020,05,ESP.5.2_1,0.491,0.5001691405606399
2020,05,ESP.5.3_1,0.931,0.2535809600567505
2020,05,ESP.5.4_1,0.524,0.4996735671152454
2020,05,ESP.5.5_1,0.475,0.499624483612067
2020,05,ESP.5.6_1,0.492,0.5001861515337926
2020,05,ESP.5.7_1,0.494,0.5002141683461337
2020,05,ESP.5.8_1,0.505,0.50022517452166
2020,05,ESP.5.9_1,0.519,0.4998888765404656
2020,05,ESP.6.1_1,0.999,0.03162277660168379
2020,05,ESP.6.2_1,0.999,0.03162277660168379
2020,05,ESP.6.3_1,0.915,0.2790212408632233
2020,05,ESP.6.4_1,0.985,0.12161327966052798
2020,05,ESP.7.1_1,0.417,0.4933095928059319
2020,05,ESP.7.2_1,0.545,0.4982200550190881
2020,05,ESP.8.1_1,0.993,0.08341437500789632
2020,05,ESP.9.1_1,0.495,0.50022517452166
