year,month,gid_2,est,se
2020,05,ESP.1.1_1,0.852,0.3552776691859794
2020,05,ESP.1.2_1,1,0
2020,05,ESP.1.4_1,0.963,0.1888562063228706
2020,05,ESP.1.7_1,0.977,0.1499783100768024
2020,05,ESP.1.8_1,0.991,0.09448771310560929
2020,05,ESP.10.1_1,0.987,0.11333068359382575
2020,05,ESP.10.2_1,0.456,0.4983094543677777
2020,05,ESP.10.3_1,0.993,0.08341437500789632
2020,05,ESP.11.1_1,0.472,0.49946517943242597
2020,05,ESP.11.2_1,0.498,0.5002461856388775
2020,05,ESP.12.1_1,0.953,0.21174474216810163
2020,05,ESP.12.2_1,0.514,0.5000540511325291
2020,05,ESP.12.3_1,0.49,0.5001501276118503
2020,05,ESP.12.4_1,0.503,0.5002411830719671
2020,05,ESP.13.1_1,1,0
2020,05,ESP.14.2_1,0.92,0.27142894774447635
2020,05,ESP.16.2_1,0.99,0.0995485304256668
2020,05,ESP.17.1_1,0.981,0.13659303663678343
2020,05,ESP.18.1_1,0.999,0.03162277660168379
2020,05,ESP.2.1_1,0.505,0.50022517452166
2020,05,ESP.2.3_1,0.98,0.14007005254378832
2020,05,ESP.3.1_1,0.924,0.26513071171460745
2020,05,ESP.4.1_1,0.438,0.4963893657225167
2020,05,ESP.4.5_1,0.897,0.304110972316823
2020,05,ESP.5.3_1,0.948,0.22213812222431645
2020,05,ESP.5.4_1,0.539,0.49872610491905045
2020,05,ESP.5.8_1,0.478,0.4997657108743714
2020,05,ESP.5.9_1,0.526,0.4995733915788286
2020,05,ESP.6.1_1,0.997,0.054717401199198
2020,05,ESP.6.2_1,0.998,0.04469897088298564
2020,05,ESP.6.3_1,0.918,0.27450200609713465
2020,05,ESP.6.4_1,0.99,0.0995485304256668
2020,05,ESP.8.1_1,0.99,0.0995485304256668
