year,month,gid_2,est,se
2020,05,ESP.1.1_1,0.329,0.47008507738491334
2020,05,ESP.1.2_1,0.72,0.44922355437109684
2020,05,ESP.1.4_1,0.479,0.49980877224075293
2020,05,ESP.1.7_1,0.541,0.4985655098054493
2020,05,ESP.1.8_1,0.618,0.48611964814468495
2020,05,ESP.10.1_1,0.585,0.4929685771101623
2020,05,ESP.10.2_1,0.049,0.21597603025716916
2020,05,ESP.10.3_1,0.594,0.4913302406787164
2020,05,ESP.11.1_1,0.105,0.3067068128833611
2020,05,ESP.11.2_1,0.104,0.30541328929383094
2020,05,ESP.12.1_1,0.439,0.49651336892930237
2020,05,ESP.12.2_1,0.163,0.36955049393495276
2020,05,ESP.12.3_1,0.177,0.3818596821043259
2020,05,ESP.12.4_1,0.158,0.36492351139542817
2020,05,ESP.13.1_1,0.698,0.45935499018406994
2020,05,ESP.14.2_1,0,0.46554025360620294
2020,05,ESP.16.2_1,0.291,0.45445079549443584
2020,05,ESP.17.1_1,0.48,0.4998498272980094
2020,05,ESP.18.1_1,0.882,0.3227695465501356
2020,05,ESP.2.1_1,0.09,0.28632495871296654
2020,05,ESP.2.3_1,0.478,0.4997657108743714
2020,05,ESP.3.1_1,0.511,0.500129112459102
2020,05,ESP.4.1_1,0.149,0.3562666500332664
2020,05,ESP.4.5_1,0.427,0.49488980179017217
2020,05,ESP.5.3_1,0.391,0.4882185549089233
2020,05,ESP.5.4_1,0.094,0.29197474077263813
2020,05,ESP.5.8_1,0.09,0.28632495871296654
2020,05,ESP.5.9_1,0.14,0.3471606552023436
2020,05,ESP.6.1_1,0.873,0.33313958333104454
2020,05,ESP.6.2_1,0.853,0.35428310221702153
2020,05,ESP.6.3_1,0.347,0.4762539425745658
2020,05,ESP.6.4_1,0.522,0.4997657108743714
2020,05,ESP.8.1_1,0.405,0.4911376754192415
