year,month,gid_2,est,se
2014,11,ESP.1.1_1,0.176,0.3810107205436209
2014,11,ESP.1.2_1,0.181,0.38521083498181535
2014,11,ESP.1.3_1,0.175,0.38015722999769386
2014,11,ESP.1.4_1,0.182,0.3860375953518323
2014,11,ESP.1.5_1,0,0.4618975528722244
2014,11,ESP.1.6_1,0.185,0.38849186082326864
2014,11,ESP.1.7_1,0.604,0.48930912869414506
2014,11,ESP.1.8_1,0.184,0.387678080750375
2014,11,ESP.10.1_1,0.548,0.4979396991041626
2014,11,ESP.10.2_1,0.541,0.4985655098054493
2014,11,ESP.10.3_1,0.465,0.4990230696310783
2014,11,ESP.11.1_1,0,0.3818596821043259
2014,11,ESP.11.2_1,0,0.36585906146062974
2014,11,ESP.12.1_1,0,0.3766973598273565
2014,11,ESP.12.2_1,0,0.3758207567993567
2014,11,ESP.12.4_1,0,0.3758207567993567
2014,11,ESP.13.1_1,0.793,0.4053582555164201
2014,11,ESP.14.1_1,0,0.39407016036651554
2014,11,ESP.14.2_1,0,0.38270414482007176
2014,11,ESP.15.1_1,0,0
2014,11,ESP.16.1_1,0,0.3117951510466707
2014,11,ESP.16.2_1,0,0.26987373312686774
2014,11,ESP.16.3_1,0,0.2518718710762269
2014,11,ESP.17.1_1,0,0.37929917989348183
2014,11,ESP.18.1_1,0.623,0.4848774134831464
2014,11,ESP.2.1_1,0,0.26513071171460745
2014,11,ESP.2.2_1,0,0.27142894774447635
2014,11,ESP.2.3_1,0,0.26352313834736496
2014,11,ESP.3.1_1,0,0.3630369069334353
2014,11,ESP.4.1_1,0,0.09448771310560929
2014,11,ESP.4.2_1,0,0.07726558075864033
2014,11,ESP.4.3_1,0,0.05471740119919799
2014,11,ESP.4.4_1,0,0.1467567291047928
2014,11,ESP.4.5_1,0,0.08341437500789632
2014,11,ESP.5.1_1,0,0.39485048677557294
2014,11,ESP.5.2_1,0,0.38849186082326864
2014,11,ESP.5.3_1,0,0.38354413840665863
2014,11,ESP.5.4_1,0,0.39090767299812473
2014,11,ESP.5.6_1,0,0.37226681638655706
2014,11,ESP.5.7_1,0,0.3810107205436209
2014,11,ESP.5.8_1,0,0.387678080750375
2014,11,ESP.6.1_1,0.755,0.4303024054780082
2014,11,ESP.6.2_1,0.931,0.2535809600567505
2014,11,ESP.6.3_1,0.202,0.40169311340544206
2014,11,ESP.6.4_1,0.623,0.4848774134831464
2014,11,ESP.7.2_1,0,0.3810107205436209
2014,11,ESP.8.1_1,0,0.24308453280719053
2014,11,ESP.9.1_1,0,0.08912880535463237
2014,11,ITA.10.12_1,0.03,0.17067257872642908
2014,11,ITA.10.8_1,0.036,0.18638331132035063
2014,11,ITA.13.6_1,0.04,0.19605723255834873
2014,11,ITA.16.5_1,0.089,0.2848862231842041
2014,11,ITA.16.7_1,0.086,0.28050433629924987
2014,11,ITA.4.3_1,0,0.237605674293474
2014,11,ITA.5.4_1,0.243,0.4291097005838194
2014,11,ITA.6.8_1,0.128,0.3342569785774528
2014,11,ITA.8.4_1,0.101,0.3014795016081357
2014,11,ITA.8.5_1,0.113,0.3167512136225074
