year,month,gid_2,est,se
2014,11,ESP.1.1_1,0.006,0.07726558075864033
2014,11,ESP.1.2_1,0.007,0.08341437500789632
2014,11,ESP.1.3_1,0.002,0.04469897088298564
2014,11,ESP.1.4_1,0.006,0.07726558075864033
2014,11,ESP.1.5_1,0,0.3397446488562056
2014,11,ESP.1.6_1,0.005,0.07056897321046962
2014,11,ESP.1.7_1,0.065,0.24664921616708177
2014,11,ESP.1.8_1,0.006,0.07726558075864033
2014,11,ESP.10.1_1,0.054,0.2261307920985887
2014,11,ESP.10.2_1,0.05,0.21805400144814482
2014,11,ESP.10.3_1,0.026,0.15921478998305827
2014,11,ESP.11.1_1,0,0.3440194025768741
2014,11,ESP.11.2_1,0,0.3262904618058356
2014,11,ESP.12.1_1,0,0.28775302222878874
2014,11,ESP.12.2_1,0,0.3117951510466707
2014,11,ESP.12.4_1,0,0.30279974849343533
2014,11,ESP.13.1_1,0.112,0.3155242550986462
2014,11,ESP.14.1_1,0,0.3740533597174552
2014,11,ESP.14.2_1,0,0.38849186082326864
2014,11,ESP.15.1_1,0.006,0.07726558075864033
2014,11,ESP.16.1_1,0,0.31797028965786267
2014,11,ESP.16.2_1,0.004,0.06315051850925682
2014,11,ESP.16.3_1,0.004,0.06315051850925682
2014,11,ESP.17.1_1,0,0.31918157352340515
2014,11,ESP.18.1_1,0.231,0.42168331341993703
2014,11,ESP.2.1_1,0.004,0.06315051850925682
2014,11,ESP.2.2_1,0.007,0.08341437500789632
2014,11,ESP.2.3_1,0,0
2014,11,ESP.3.1_1,0,0.30799165387857325
2014,11,ESP.4.1_1,0.004,0.06315051850925682
2014,11,ESP.4.2_1,0,0.3471606552023436
2014,11,ESP.4.3_1,0.003,0.05471740119919799
2014,11,ESP.4.4_1,0,0.33756918246924283
2014,11,ESP.4.5_1,0.004,0.06315051850925682
2014,11,ESP.5.1_1,0,0.32744957355785825
2014,11,ESP.5.2_1,0,0.3342569785774528
2014,11,ESP.5.3_1,0,0.296105857217784
2014,11,ESP.5.4_1,0,0.32158111638343195
2014,11,ESP.5.6_1,0,0.3262904618058356
2014,11,ESP.5.7_1,0,0.3117951510466707
2014,11,ESP.5.8_1,0,0.32395052700056526
2014,11,ESP.6.1_1,0.33,0.47044800065609943
2014,11,ESP.6.2_1,0.543,0.49839682924292306
2014,11,ESP.6.3_1,0.002,0.04469897088298564
2014,11,ESP.6.4_1,0.192,0.39407016036651554
2014,11,ESP.7.2_1,0,0.3532829019480122
2014,11,ESP.8.1_1,0.01,0.0995485304256668
2014,11,ESP.9.1_1,0.001,0.03162277660168379
