ID_0,est,se
ESP,0.17479688000000004,0.014262101118493476
