ID_0,est,se
ALB,3.14,1.6648595302177414
ARG,2.456,2.012236233312763
AUT,2.072,0.30660084676896054
BEL,0,0
BGR,17.929,8.065024090257946
BIH,0.6819999999999999,1.112714463310242
BRA,0.41400000000000003,0.6036769280369125
CHE,2.103,0.8702559721349096
CHN,2.112,2.5981923224712205
COL,0.247,0.43148253403489834
DEU,0.65,0.47720826452161086
ESP,20.235,3.1031884549436084
FJI,1.089,2.9366141562525203
FRA,15.815,4.106827405073546
GRC,1.3800000000000001,1.0886005398967398
GTM,1.3940000000000001,0.7892246229748583
HND,0.619,0.4858755757136544
HRV,9.675,3.5211461200617924
HUN,13.685,8.247841414166869
IND,0.061,0.3829514513368078
ITA,61.57,23.757810244922325
KOR,1.1,0.358828373516021
LKA,0.289,0.45352473436923446
MEX,0.16999999999999998,0.5528670588582567
MMR,0.465,0.4990230696310783
NLD,0.5650000000000001,0.5596638874385592
PAK,0,0
PAN,0.004,0.06315051850925682
PER,0.013,0.11333068359382575
PRT,3.858,0.5852431318338343
PSE,0.037,0.1888562063228706
ROU,0.693,1.0373758330650509
SLB,0.499,0.500249187155011
SRB,4.666,2.831407096748803
SVN,3.44,1.6057196110241907
THA,0.513,0.5000810745080052
TUR,3.799,5.590265882322736
USA,7.604,4.169031745529761
XKO,0.964,0.18638331132035063
ZAF,0.358,0.4796520260210167
