ID_0,est,se
ALB,0.997914057715288,0.2841232208895326
ARG,0.997317795916,0.378392227237862
AUT,0.999995563229728,0.03484829643680831
BEL,0,0
BGR,1,0.3386959610075719
BIH,0.7412267889999999,0.4171292133381764
BRA,0.37255499999999997,0.20090624614495403
CHE,0.916343,0.385231302689757
CHN,0.7513431918556311,0.3696141707916886
COL,0.03500000000000003,0.18387171834952978
DEU,0.08999999999999997,0.09544165290432217
ESP,1,0.08788889113297023
FJI,0.122,0.32744957355785825
FRA,1,0.31396963199050004
GRC,0.93354509764,0.34410018392410624
GTM,0.968564,0.3661712946333029
HND,0.41500000000000004,0.4929685771101623
HRV,1,0.2864923682002861
HUN,0.9999999999999948,0.29105824638166333
IND,0.09124599000000011,0.12847423441141198
ITA,1,0.2884789167112261
KOR,0.963016,0.39431332785350715
LKA,0.22299999999999998,0.41646661864361284
MEX,0.399624,0.2832873547263927
MMR,0.359,0.4799472360055315
NLD,0.48156,0.001562161207034387
PAK,0,0
PAN,0.013000000000000012,0.11333068359382575
PER,0.020000000000000018,0.07003502627189416
PRT,0.999991047020272,0.20302408533701133
PSE,0.03700000000000003,0.1888562063228706
ROU,0.879327112,0.33541608073896517
SLB,0.44799999999999995,0.49753747953651045
SRB,0.9999749634606886,0.3925387468438827
SVN,1,0.24282767814247574
THA,0.4139999999999999,0.4927949338688932
TUR,0.9955595601827137,0.27447091889652264
USA,0.9999821999575266,0.2749378819684769
XKO,0.965,0.18387171834952978
ZAF,0.382,0.48611964814468495
