ID_0,est,se
ALB,0.999962667437824,0.2774765883696236
ARG,0.99841888478264,0.4024472466625526
AUT,1,0.015330042338448027
BEL,0,0
BGR,1,0.2987045959354795
BIH,0.567513352,0.37090482110341394
BRA,0.408787,0.20122564267897083
CHE,0.997743148,0.29008532404496984
CHN,0.9414518769001634,0.43303205374520337
COL,0.247,0.43148253403489834
DEU,0.65,0.23860413226080543
ESP,1,0.058550725564973746
FJI,0.686743655516439,0.3262904618058356
FRA,1,0.17855771326406722
GRC,0.957505222,0.36286684663224655
GTM,0.952712,0.39461231148742915
HND,0.619,0.4858755757136544
HRV,1,0.2515104371472709
HUN,1,0.25774504419271466
IND,0.060019728000000105,0.09573786283420195
ITA,1,0.2159800931356575
KOR,0.997309,0.1794141867580105
LKA,0.2889999999999999,0.45352473436923446
MEX,0.16321600000000003,0.27643352942912836
MMR,0.4650000000000001,0.4990230696310783
NLD,0.562756,0.0015765179927846739
PAK,0,0
PAN,0.0040000000000000036,0.06315051850925682
PER,0.013000000000000012,0.03777689453127525
PRT,1,0.14631078295845856
PSE,0.03700000000000003,0.1888562063228706
ROU,0.58866336,0.3457919443550169
SLB,0.499,0.500249187155011
SRB,0.9999813716897442,0.4044867281069719
SVN,0.9999943649403,0.3211439222048381
THA,0.513,0.5000810745080052
TUR,0.9943957655841381,0.2795132941161368
USA,1,0.26056448409561006
XKO,0.964,0.18638331132035063
ZAF,0.358,0.4796520260210167
