ID_0,est,se
ALB,0,0
AUT,0.9999978737710916,0.19222127648833526
BEL,0,0
BGR,0,0
CHE,0.9900647263,0.44246188460708236
CHN,0,0
DEU,0.86346790876,0.1428071551157249
ESP,0.0030000000000000027,0.0010324037962112828
FRA,0,0
GRC,0,0
HRV,0.35,0.15906942150720363
HUN,0.7651377460630433,0.09240152965092932
IND,0,0
ITA,0.010000000000000009,9.049866402333345e-4
NLD,0,0
PAK,0,0
PER,0,0
ROU,0,0
SRB,0,0
SVN,0,0
TUR,0,0
USA,0,0
XKO,0,0
