ID_0,est,se
ESP,0.09165388787200002,0.010593255842493177
