year,month,gid_3,est,se
2021,09,ESP.10.1.1_1,0.995,0.07056897321046962
2021,09,ESP.10.1.2_1,0.864,0.3429600875052688
2021,09,ESP.10.1.3_1,0.31,0.462724663395106
2021,09,ESP.10.1.4_1,1,0
2021,09,ESP.10.1.4_1,1,0
2021,09,ESP.10.1.5_1,0.391,0.4882185549089233
2021,09,ESP.10.1.6_1,1,0
2021,09,ESP.10.1.7_1,0.998,0.04469897088298564
2021,09,ESP.10.1.8_1,0.992,0.08912880535463237
2021,09,ESP.10.1.9_1,0.909,0.28775302222878874
2021,09,ESP.10.2.1_1,0.369,0.48277538469983333
2021,09,ESP.10.2.2_1,0.548,0.4979396991041626
2021,09,ESP.10.2.3_1,0.428,0.49503642397409614
2021,09,ESP.10.2.5_1,0.997,0.05471740119919799
2021,09,ESP.10.2.7_1,0.353,0.4781418404821101
2021,09,ESP.10.2.8_1,1,0
2021,09,ESP.10.3.1_1,0.677,0.46785669802824226
2021,09,ESP.10.3.10_1,0.998,0.04469897088298564
2021,09,ESP.10.3.11_1,0.809,0.3932857404911519
2021,09,ESP.10.3.12_1,0.877,0.32860155048170264
2021,09,ESP.10.3.13_1,1,0
2021,09,ESP.10.3.14_1,0.371,0.4833141758655467
2021,09,ESP.10.3.16_1,0.599,0.4903462444430868
2021,09,ESP.10.3.17_1,0.855,0.3522770203960217
2021,09,ESP.10.3.18_1,0.995,0.07056897321046962
2021,09,ESP.10.3.2_1,0.488,0.5001060948499889
2021,09,ESP.10.3.3_1,0.305,0.4606378047741926
2021,09,ESP.10.3.4_1,0.567,0.4957385972029581
2021,09,ESP.10.3.5_1,1,0
2021,09,ESP.10.3.6_1,0.138,0.3450725649411658
2021,09,ESP.10.3.7_1,1,0
2021,09,ESP.10.3.7_1,1,0
2021,09,ESP.10.3.8_1,0.999,0.03162277660168379
2021,09,ESP.10.3.9_1,0.596,0.4909429956981004
