year,month,gid_3,est,se
2018,07,ESP.10.1.1_1,1,0
2018,07,ESP.10.1.2_1,0.999,0.03162277660168379
2018,07,ESP.10.1.3_1,0.031,0.17340435135563662
2018,07,ESP.10.1.4_1,0.939,0.239450070654273
2018,07,ESP.10.1.5_1,0.52,0.4998498272980094
2018,07,ESP.10.1.6_1,0.999,0.03162277660168379
2018,07,ESP.10.1.7_1,0.927,0.2602666685127751
2018,07,ESP.10.1.8_1,0.374,0.48410573055723927
2018,07,ESP.10.1.9_1,0.997,0.05471740119919799
2018,07,ESP.10.2.1_1,0.348,0.47657436263727315
2018,07,ESP.10.2.2_1,0.583,0.4933095928059319
2018,07,ESP.10.2.3_1,0.983,0.1293357171384909
2018,07,ESP.10.2.5_1,0.992,0.08912880535463237
2018,07,ESP.10.2.7_1,0.647,0.4781418404821101
2018,07,ESP.10.2.8_1,0.931,0.2535809600567505
2018,07,ESP.10.3.1_1,0.997,0.054717401199198
2018,07,ESP.10.3.10_1,0.952,0.21387319079712103
2018,07,ESP.10.3.11_1,1,0
2018,07,ESP.10.3.12_1,0.108,0.3105357184486713
2018,07,ESP.10.3.13_1,1,0
2018,07,ESP.10.3.14_1,0.7,0.45848687027025126
2018,07,ESP.10.3.16_1,0.65,0.47720826452161086
2018,07,ESP.10.3.17_1,0.998,0.04469897088298564
2018,07,ESP.10.3.18_1,0.893,0.30926792049394103
2018,07,ESP.10.3.2_1,0.992,0.08912880535463237
2018,07,ESP.10.3.3_1,0.285,0.4516403203645341
2018,07,ESP.10.3.4_1,0.937,0.24308453280719053
2018,07,ESP.10.3.5_1,0.997,0.05471740119919799
2018,07,ESP.10.3.6_1,0.297,0.4571651780264984
2018,07,ESP.10.3.7_1,0.962,0.19129190414806527
2018,07,ESP.10.3.8_1,1,0
2018,07,ESP.10.3.9_1,0.701,0.4580489153014215
