year,month,gid_3,est,se
2018,07,ESP.10.1.1_1,1,0
2018,07,ESP.10.1.2_1,1,0
2018,07,ESP.10.1.3_1,0.03,0.17067257872642908
2018,07,ESP.10.1.4_1,0.921,0.26987373312686774
2018,07,ESP.10.1.5_1,0.547,0.4980351785155734
2018,07,ESP.10.1.6_1,0.997,0.054717401199198
2018,07,ESP.10.1.7_1,0.915,0.2790212408632233
2018,07,ESP.10.1.8_1,0.357,0.4793545460103417
2018,07,ESP.10.1.9_1,0.999,0.03162277660168379
2018,07,ESP.10.2.1_1,0.333,0.47152235719351987
2018,07,ESP.10.2.2_1,0.585,0.4929685771101623
2018,07,ESP.10.2.3_1,0.978,0.1467567291047928
2018,07,ESP.10.2.5_1,0.998,0.04469897088298564
2018,07,ESP.10.2.7_1,0.645,0.4787527589520547
2018,07,ESP.10.2.8_1,0.946,0.2261307920985887
2018,07,ESP.10.3.1_1,0.998,0.04469897088298564
2018,07,ESP.10.3.10_1,0.956,0.20519772441746548
2018,07,ESP.10.3.11_1,1,0
2018,07,ESP.10.3.12_1,0.124,0.32974646735443996
2018,07,ESP.10.3.13_1,1,0
2018,07,ESP.10.3.14_1,0.712,0.4530576798391804
2018,07,ESP.10.3.16_1,0.634,0.4819504915199032
2018,07,ESP.10.3.17_1,1,0
2018,07,ESP.10.3.18_1,0.9,0.3001501125938321
2018,07,ESP.10.3.2_1,0.985,0.12161327966052798
2018,07,ESP.10.3.3_1,0.283,0.4506818324651152
2018,07,ESP.10.3.4_1,0.931,0.2535809600567505
2018,07,ESP.10.3.5_1,1,0
2018,07,ESP.10.3.6_1,0.27,0.44418160396092193
2018,07,ESP.10.3.7_1,0.955,0.20740785428237288
2018,07,ESP.10.3.8_1,0.999,0.03162277660168379
2018,07,ESP.10.3.9_1,0.672,0.46971974265154814
