year,month,gid_4,est,se
2020,09,HND.8.4_1,0.038,0.19129190414806527
2020,09,MEX.31.50_2,0.027,0.162164414398774
2020,09,MEX.9.9_2,0.032,0.17608806605504818
2020,09,USA.5.19_1,0.06,0.237605674293474
