year,month,gid_2,est,se
2018,11,ESP.1.1_1,0.082,0.27450200609713465
2018,11,ESP.1.2_1,0.038,0.19129190414806527
2018,11,ESP.1.3_1,0.009,0.09448771310560929
2018,11,ESP.1.4_1,0.046,0.20958990416508122
2018,11,ESP.1.5_1,0,0.34819569244928955
2018,11,ESP.1.6_1,0.005,0.07056897321046962
2018,11,ESP.1.7_1,0.672,0.46971974265154814
2018,11,ESP.1.8_1,0.001,0.03162277660168379
2018,11,ESP.10.1_1,0.231,0.42168331341993703
2018,11,ESP.10.2_1,0.119,0.32395052700056526
2018,11,ESP.10.3_1,0.316,0.4651455260027343
2018,11,ESP.11.1_1,0,0.3429600875052688
2018,11,ESP.11.2_1,0,0.32974646735443996
2018,11,ESP.12.1_1,0,0.3320154126456093
2018,11,ESP.12.2_1,0,0.3142893217686178
2018,11,ESP.12.3_1,0,0.33756918246924283
2018,11,ESP.12.4_1,0,0.28343665312788385
2018,11,ESP.13.1_1,0.518,0.49992592043814443
2018,11,ESP.14.1_1,0,0.40094857495663927
2018,11,ESP.14.2_1,0,0.39793133748091436
2018,11,ESP.15.1_1,0.003,0.05471740119919799
2018,11,ESP.16.1_1,0,0.32158111638343195
2018,11,ESP.16.2_1,0.009,0.09448771310560929
2018,11,ESP.16.3_1,0.002,0.04469897088298564
2018,11,ESP.17.1_1,0,0.30541328929383094
2018,11,ESP.18.1_1,0.797,0.402433787041984
2018,11,ESP.2.1_1,0.043,0.2029585972364615
2018,11,ESP.2.2_1,0.005,0.07056897321046962
2018,11,ESP.2.3_1,0.01,0.0995485304256668
2018,11,ESP.3.1_1,0,0.32744957355785825
2018,11,ESP.4.1_1,0.003,0.05471740119919799
2018,11,ESP.4.2_1,0,0.3471606552023436
2018,11,ESP.4.3_1,0.003,0.05471740119919799
2018,11,ESP.4.4_1,0,0.31918157352340515
2018,11,ESP.4.5_1,0.003,0.05471740119919799
2018,11,ESP.5.1_1,0,0.3155242550986462
2018,11,ESP.5.2_1,0,0.30541328929383094
2018,11,ESP.5.3_1,0,0.31797028965786267
2018,11,ESP.5.4_1,0,0.3155242550986462
2018,11,ESP.5.5_1,0,0.2988114594326802
2018,11,ESP.5.6_1,0,0.2988114594326802
2018,11,ESP.5.7_1,0,0.32395052700056526
2018,11,ESP.5.8_1,0,0.31797028965786267
2018,11,ESP.5.9_1,0,0.2947386484173239
2018,11,ESP.6.1_1,0.259,0.4383048152953731
2018,11,ESP.6.2_1,0.116,0.3203851535989872
2018,11,ESP.6.3_1,0.039,0.19369180807797864
2018,11,ESP.6.4_1,0.181,0.38521083498181535
2018,11,ESP.7.1_1,0,0.3582280381646966
2018,11,ESP.7.2_1,0,0.33756918246924283
2018,11,ESP.8.1_1,0.003,0.05471740119919799
2018,11,ESP.9.1_1,0.003,0.05471740119919799
