year,month,gid_2,est,se
2018,11,ESP.1.1_1,0.311,0.4631344227041362
2018,11,ESP.1.2_1,0.202,0.40169311340544206
2018,11,ESP.1.3_1,0.094,0.29197474077263813
2018,11,ESP.1.4_1,0.2,0.40020015012510946
2018,11,ESP.1.5_1,0,0.44724045436881493
2018,11,ESP.1.6_1,0.02,0.14007005254378832
2018,11,ESP.1.7_1,0.978,0.1467567291047928
2018,11,ESP.1.8_1,0.026,0.15921478998305827
2018,11,ESP.10.1_1,0.567,0.4957385972029581
2018,11,ESP.10.2_1,0.382,0.48611964814468495
2018,11,ESP.10.3_1,0.738,0.4399426662072566
2018,11,ESP.11.1_1,0,0.4539891035103223
2018,11,ESP.11.2_1,0,0.45211548127487117
2018,11,ESP.12.1_1,0,0.45581988961844544
2018,11,ESP.12.2_1,0,0.45935499018406994
2018,11,ESP.12.4_1,0,0.46354166034011535
2018,11,ESP.13.1_1,0.925,0.26352313834736496
2018,11,ESP.14.1_1,0,0.4539891035103223
2018,11,ESP.14.2_1,0,0.45935499018406994
2018,11,ESP.15.1_1,0,0.14345584540052586
2018,11,ESP.16.2_1,0,0.1678904023081343
2018,11,ESP.16.3_1,0,0.18387171834952978
2018,11,ESP.17.1_1,0,0.4576083537321029
2018,11,ESP.18.1_1,0.902,0.29746341705239066
2018,11,ESP.2.1_1,0,0.42232020358296185
2018,11,ESP.2.2_1,0,0.10893974420691407
2018,11,ESP.2.3_1,0,0.26352313834736496
2018,11,ESP.3.1_1,0,0.45211548127487117
2018,11,ESP.4.1_1,0,0.10435463521037237
2018,11,ESP.4.2_1,0,0.19838941090279583
2018,11,ESP.4.3_1,0,0.07726558075864033
2018,11,ESP.4.4_1,0,0.19369180807797864
2018,11,ESP.4.5_1,0,0.1293357171384909
2018,11,ESP.5.1_1,0,0.44724045436881493
2018,11,ESP.5.2_1,0,0.44922355437109684
2018,11,ESP.5.3_1,0,0.45536618051668964
2018,11,ESP.5.6_1,0,0.4589222261011223
2018,11,ESP.5.7_1,0,0.4606378047741926
2018,11,ESP.5.8_1,0,0.45627095369219284
2018,11,ESP.5.9_1,0,0.46148018805140917
2018,11,ESP.6.1_1,0.696,0.4602127723084137
2018,11,ESP.6.2_1,0.359,0.4799472360055315
2018,11,ESP.6.3_1,0.166,0.37226681638655706
2018,11,ESP.6.4_1,0.457,0.49839682924292306
2018,11,ESP.8.1_1,0,0.1499783100768024
2018,11,ESP.9.1_1,0,0.12161327966052798
