year,month,gid_1,est,se
2016,02,ESP.10_1,0.001,0.03162277660168379
2016,02,ESP.10_1,0.001,0.03162277660168379
2016,02,ESP.10_1,0.001,0.03162277660168379
2016,02,ESP.10_1,0.001,0.03162277660168379
2016,02,ESP.10_1,0.001,0.03162277660168379
2016,02,ESP.10_1,0.001,0.03162277660168379
2016,02,ESP.10_1,0.001,0.03162277660168379
2016,02,ESP.10_1,0.001,0.03162277660168379
2016,02,ESP.10_1,0.001,0.03162277660168379
2016,02,ESP.10_1,0.001,0.03162277660168379
2016,02,ESP.10_1,0.001,0.03162277660168379
2016,02,ESP.10_1,0.001,0.03162277660168379
2016,02,ESP.10_1,0.001,0.03162277660168379
