year,month,gid_1,est,se
2016,02,ARG.24_1,0.0013021073952648218,0.0018767600431243501
2016,02,DOM.5_1,0.20481610436997122,0.48705776699656195
2016,02,GTM.7_1,0.01089803771622477,0.019060428196908053
2016,02,HND.8_1,0.0014017808026740802,0.0035433969877355434
2016,02,IND.20_1,2.4560471468986473e-5,6.010645452221285e-5
2016,02,IND.34_1,1.5886123730300873e-5,5.150699207923515e-5
2016,02,MEX.14_1,1.265470882389623e-4,3.267008709053911e-4
2016,02,MEX.16_1,1.4003742565437628e-4,4.055203720796051e-4
2016,02,MEX.17_1,0.002412429258845476,0.0060045232066355935
2016,02,MEX.31_1,3.595512811220049e-4,7.93160222783779e-4
2016,02,MEX.9_1,0.0038532860516001174,0.013922534847132285
2016,02,PAK.7_1,1.5024717878955152e-4,1.8352578971559243e-4
2016,02,PER.13_1,0.0012254874230461143,0.0019174796057445814
2016,02,PRI.52_1,0.1740756278020971,0.3907486027672235
2016,02,PRI.65_1,0.13111250887495954,0.29841147396739476
2016,02,USA.5_1,5.984938463344586e-6,1.3150741790936698e-5
2016,02,VEN.14_1,8.523036607168999e-4,0.0018734939436260473
