year,month,gid_1,est,se
2016,03,ARG.24_1,0.081257,0.13807918981315126
2016,03,DOM.5_1,0.006852999999999999,0.04172805675094036
2016,03,GTM.7_1,0.261393,0.22141759749217296
2016,03,HND.8_1,0.001958,0.022360668572260937
2016,03,IND.20_1,0.030348999999999998,0.08674555930609125
2016,03,IND.34_1,0.062656,0.12249896729352037
2016,03,MEX.14_1,0.011408563050123149,0.05309264686639201
2016,03,MEX.16_1,0.020559,0.07176381358201868
2016,03,MEX.17_1,0.023496,0.07660110698582177
2016,03,MEX.31_1,0.017622000000000002,0.066542101520001
2016,03,MEX.4_1,0.079299,0.13655411163264972
2016,03,MEX.9_1,0.002937,0.0273723902179686
2016,03,PAK.7_1,0.26041400000000003,0.22115326954057987
2016,03,PER.13_1,0.07342499999999999,0.13182749941006933
2016,03,PRI.52_1,0.08321500000000001,0.13958042810194535
2016,03,PRI.65_1,0.033286,0.0907052736387753
2016,03,USA.10_1,0.002937,0.0273723902179686
2016,03,USA.5_1,0.001958,0.022360668572260937
2016,03,VEN.14_1,0.021537999999999998,0.07341508127451012
