year,month,gid_1,est,se
2016,03,ARG.24_1,0.233,0.42295376802895357
2016,03,DOM.5_1,0.005,0.07056897321046962
2016,03,GTM.7_1,0.377,0.4848774134831464
2016,03,HND.8_1,0.015,0.12161327966052798
2016,03,IND.20_1,0.075,0.26352313834736496
2016,03,IND.34_1,0.057,0.2319586273558386
2016,03,MEX.14_1,0.03,0.17067257872642908
2016,03,MEX.16_1,0.015,0.12161327966052798
2016,03,MEX.17_1,0.018,0.13301764429463367
2016,03,MEX.31_1,0.152,0.3592005359475749
2016,03,MEX.4_1,0.044,0.20519772441746548
2016,03,MEX.9_1,0.001,0.03162277660168379
2016,03,PAK.7_1,0.319,0.4663222667388471
2016,03,PER.13_1,0.281,0.4497123983628217
2016,03,PRI.52_1,0.052,0.22213812222431642
2016,03,PRI.65_1,0.108,0.3105357184486713
2016,03,USA.10_1,0.005,0.07056897321046962
2016,03,USA.5_1,0.007,0.08341437500789632
2016,03,VEN.14_1,0.057,0.2319586273558386
