year,month,gid_2,est,se
2019,06,ESP.1.1_1,0,0.36955049393495276
2019,06,ESP.1.2_1,0,0.3818596821043259
2019,06,ESP.1.3_1,0,0.3818596821043259
2019,06,ESP.1.4_1,0,0.39562674393994207
2019,06,ESP.1.5_1,0,0.3868600013708585
2019,06,ESP.1.6_1,0,0.3677148544921924
2019,06,ESP.1.7_1,0,0.38521083498181535
2019,06,ESP.1.8_1,0,0.38270414482007176
2019,06,ESP.10.1_1,0,0.37136627864268035
2019,06,ESP.10.2_1,0,0.3592005359475749
2019,06,ESP.10.3_1,0,0.39562674393994207
2019,06,ESP.11.1_1,0,0.3749394345485409
2019,06,ESP.11.2_1,0,0.38354413840665863
2019,06,ESP.12.1_1,0,0.40963251677424095
2019,06,ESP.12.2_1,0,0.39944781706570703
2019,06,ESP.12.3_1,0,0.3932857404911519
2019,06,ESP.12.4_1,0,0.387678080750375
2019,06,ESP.13.1_1,0,0.38354413840665863
2019,06,ESP.14.1_1,0,0.3592005359475749
2019,06,ESP.14.2_1,0,0.3582280381646966
2019,06,ESP.15.1_1,0,0.3810107205436209
2019,06,ESP.16.1_1,0,0.3775692765024169
2019,06,ESP.16.2_1,0,0.23003677296666486
2019,06,ESP.16.3_1,0,0.21805400144814482
2019,06,ESP.17.1_1,0.753,0.43148253403489834
2019,06,ESP.18.1_1,0,0.3749394345485409
2019,06,ESP.2.1_1,0,0.37226681638655706
2019,06,ESP.2.2_1,0,0.37843653921656956
2019,06,ESP.2.3_1,0,0.39562674393994207
2019,06,ESP.3.1_1,0.165,0.37136627864268035
2019,06,ESP.4.1_1,0,0.3630369069334353
2019,06,ESP.4.2_1,0,0.3775692765024169
2019,06,ESP.4.3_1,0,0.39562674393994207
2019,06,ESP.4.4_1,0,0.3758207567993567
2019,06,ESP.4.5_1,0,0.38015722999769386
2019,06,ESP.5.1_1,0,0.3810107205436209
2019,06,ESP.5.2_1,0,0.37136627864268035
2019,06,ESP.5.3_1,0,0.3868600013708585
2019,06,ESP.5.4_1,0,0.3775692765024169
2019,06,ESP.5.5_1,0,0.38015722999769386
2019,06,ESP.5.6_1,0,0.38521083498181535
2019,06,ESP.5.8_1,0,0.3893013685508382
2019,06,ESP.5.9_1,0,0.39485048677557294
2019,06,ESP.6.1_1,0,0.4067978422810088
2019,06,ESP.6.2_1,0,0.39716714584887525
2019,06,ESP.6.3_1,0,0.39407016036651554
2019,06,ESP.6.4_1,0,0.38270414482007176
2019,06,ESP.8.1_1,0,0.3810107205436209
2019,06,ESP.9.1_1,0,0.39090767299812473
