year,month,gid_4,est,se
2018,04,AUT.9.1.1.36_2,0.021,0.14345584540052586
2018,04,AUT.9.1.1.40_2,0.021,0.14345584540052586
2018,04,AUT.9.1.1.44_2,0.021,0.14345584540052586
2018,04,AUT.9.1.1.71_2,0.021,0.14345584540052586
2018,04,DEU.2.54.1.1_1,0.049,0.21597603025716916
2018,04,ESP.16.2.1.32_1,0.025,0.15620307103062794
2018,04,ESP.16.2.1.45_1,0.025,0.15620307103062794
2018,04,ESP.17.1.4.2_1,0.517,0.49996095943679536
2018,04,ESP.17.1.7.11_1,0.517,0.49996095943679536
2018,04,ESP.3.1.4.1_1,0.081,0.27297163499805893
2018,04,ESP.3.1.4.6_1,0.081,0.27297163499805893
2018,04,ESP.3.1.4.7_1,0.081,0.27297163499805893
