year,month,gid_2,est,se
2016,02,ESP.10.1_1,0.245,0.4303024054780082
2016,02,ESP.10.2_1,0.226,0.41844844258175834
2016,02,ESP.10.3_1,0.228,0.4197525368502163
2016,02,ESP.18.1_1,0.22,0.4144535821678608
2016,02,ESP.2.3_1,0.2,0.40020015012510946
2016,02,ESP.4.1_1,0.17,0.3758207567993567
2016,02,ESP.6.1_1,0.303,0.45978516983739526
2016,02,ESP.6.2_1,0.304,0.4602127723084137
2016,02,ESP.6.4_1,0.231,0.42168331341993703
