year,month,gid_1,est,se
2022,04,ESP.1_1,0,0.319495796761169
2022,04,ESP.10_1,0,0.4660634157722693
2022,04,ESP.11_1,0,0.4825282342645688
2022,04,ESP.12_1,0,0.4850125906619012
2022,04,ESP.13_1,0,0.49997492038145674
2022,04,ESP.14_1,0,0.4763164932387058
2022,04,ESP.15_1,0,0.1175607359667311
2022,04,ESP.16_1,0,0.34431272859942424
2022,04,ESP.17_1,0,0.4859231985207413
2022,04,ESP.18_1,0,0.48781508563618725
2022,04,ESP.2_1,0,0.2779490747906801
2022,04,ESP.3_1,0,0.4836276392078491
2022,04,ESP.4_1,0,0.24071283458600548
2022,04,ESP.5_1,0,0.4860457431313518
2022,04,ESP.6_1,0,0.47372123854713827
2022,04,ESP.7_1,0,0.4830932369969148
2022,04,ESP.8_1,0,0.1175607359667311
