year,month,gid_1,est,se
2022,04,ESP.1_1,0.39056544426220124,0.36713560132407375
2022,04,ESP.10_1,0.5492489013702163,0.49188885922617787
2022,04,ESP.11_1,0,0.48905606872547397
2022,04,ESP.12_1,0,0.49342471297030344
2022,04,ESP.13_1,0.48521272695353485,0.49992692029298497
2022,04,ESP.14_1,0,0.48759119821193253
2022,04,ESP.15_1,0.04731327420501273,0.21174516565885645
2022,04,ESP.16_1,0.08803463775729425,0.3868823890486451
2022,04,ESP.17_1,0,0.4911386576975392
2022,04,ESP.18_1,0.5617192980084491,0.4968740991623175
2022,04,ESP.2_1,0.23068594830447683,0.338332588471914
2022,04,ESP.3_1,0,0.49916045196388253
2022,04,ESP.4_1,0.03777392296923385,0.29977377073055383
2022,04,ESP.5_1,0,0.49233676305933255
2022,04,ESP.6_1,0.5492954367935455,0.4937921012295781
2022,04,ESP.7_1,0,0.4843661301658094
2022,04,ESP.8_1,0.05033327043086461,0.21805443755745607
