year,month,gid_3,est,se
2021,02,ESP.10.1.1_1,0.997,0.054717401199198
2021,02,ESP.10.1.4_1,0.992,0.08912880535463237
2021,02,ESP.10.1.6_1,0.945,0.22809433799861634
2021,02,ESP.10.1.7_1,0.998,0.04469897088298564
2021,02,ESP.10.1.9_1,0.478,0.4997657108743714
2021,02,ESP.10.2.5_1,0.928,0.2586172517116422
2021,02,ESP.10.2.7_1,0.943,0.2319586273558386
2021,02,ESP.10.2.8_1,0.544,0.4983094543677777
2021,02,ESP.10.3.1_1,0.587,0.49261919742705285
2021,02,ESP.10.3.13_1,0.5,0.5002501876563868
2021,02,ESP.10.3.4_1,1,0
2021,02,ESP.10.3.7_1,0.979,0.14345584540052586
2021,02,ESP.10.3.8_1,0.969,0.17340435135563662
2021,02,ESP.18.1.5_1,0.92,0.27142894774447635
2021,02,ESP.6.1.10_1,0.999,0.03162277660168379
2021,02,ESP.6.1.11_1,1,0
2021,02,ESP.6.1.12_1,0.984,0.12553788177183714
2021,02,ESP.6.1.3_1,0.999,0.03162277660168379
2021,02,ESP.6.1.5_1,0.93,0.25527468571161765
2021,02,ESP.6.1.6_1,0.586,0.4927949338688932
2021,02,ESP.6.1.9_1,0.918,0.27450200609713465
2021,02,ESP.6.2.4_1,0.982,0.13301764429463367
2021,02,ESP.6.2.5_1,0.471,0.49940805801309257
2021,02,ESP.6.2.6_1,0.996,0.06315051850925682
2021,02,ESP.6.2.7_1,0.527,0.4995202903992194
2021,02,ESP.6.4.2_1,0.992,0.08912880535463237
2021,02,ESP.6.4.3_1,0.997,0.054717401199198
2021,02,ESP.6.4.7_1,0.971,0.1678904023081343
