year,month,gid_1,est,se
2014,08,ESP.1_1,0.3644126543937075,0.47749637624758134
2014,08,ESP.10_1,0.8348114345758854,0.36805047848113004
2014,08,ESP.11_1,0,0.4954144037289173
2014,08,ESP.12_1,0,0.49760382369815653
2014,08,ESP.13_1,0.9078156312625251,0.2920033585041091
2014,08,ESP.14_1,0,0.4974258174713723
2014,08,ESP.15_1,0.05110220440881763,0.22012938242921856
2014,08,ESP.16_1,0.09018395040294887,0.37507628703368856
2014,08,ESP.17_1,0,0.49643801903251095
2014,08,ESP.18_1,0.9378757515030061,0.24489940629762283
2014,08,ESP.2_1,0.20549368547322716,0.4039746768429809
2014,08,ESP.3_1,0,0.4959214592617122
2014,08,ESP.4_1,0.04347348111907258,0.2716744576677181
2014,08,ESP.5_1,0,0.49525829761961454
2014,08,ESP.6_1,0.8304477688694736,0.2712216845886873
2014,08,ESP.7_1,0,0.4950849446763053
2014,08,ESP.8_1,0.1372745490981964,0.3440531214350798
2014,08,ESP.9_1,0,0.2096104469955348
