year,month,gid_1,est,se
2014,08,ESP.1_1,0.3832500590749299,0.4710434627506483
2014,08,ESP.10_1,0.896347202192238,0.30072383485137005
2014,08,ESP.11_1,0,0.45142123003196644
2014,08,ESP.12_1,0,0.43710933741917124
2014,08,ESP.13_1,0.934,0.24840633185509925
2014,08,ESP.14_1,0,0.4391976303643703
2014,08,ESP.15_1,0.14,0.3471606552023436
2014,08,ESP.16_1,0.0990804023955594,0.3886865658995216
2014,08,ESP.17_1,0,0.4426137220047599
2014,08,ESP.18_1,0.98,0.14007005254378832
2014,08,ESP.2_1,0.25930609399876087,0.43840365487168814
2014,08,ESP.3_1,0,0.4431392245924213
2014,08,ESP.4_1,0.07482912602408717,0.3345568245723168
2014,08,ESP.5_1,0,0.43674343116823794
2014,08,ESP.6_1,0.8112907282919588,0.23834406853538798
2014,08,ESP.7_1,0,0.4410198391212106
2014,08,ESP.8_1,0.172,0.37756927650241695
2014,08,ESP.9_1,0,0.2261307920985887
2014,08,ITA.10_1,0.22375929349174373,0.4168701107142089
2014,08,ITA.13_1,0.17192919539707638,0.37731134555011264
2014,08,ITA.14_1,0,0.3158977736819515
2014,08,ITA.16_1,0.14812930485674364,0.3552552189050739
2014,08,ITA.17_1,0.42648212693371085,0.49478744394454194
2014,08,ITA.20_1,0.35400000000000004,0.4784484433174727
2014,08,ITA.4_1,0,0.3167512136225074
2014,08,ITA.5_1,0.307,0.46148018805140917
2014,08,ITA.8_1,0.3015395811300232,0.45911748649364637
2014,08,ITA.9_1,0.161,0.36771485449219243
