year,month,gid_1,est,se
2014,08,ESP.1_1,0.3631984812902444,0.47758444577067116
2014,08,ESP.10_1,0.8231882861723089,0.3798806512580976
2014,08,ESP.11_1,0,0.4396274918396934
2014,08,ESP.12_1,0,0.43791797904539137
2014,08,ESP.13_1,0.887777331995988,0.31797601327761466
2014,08,ESP.14_1,0,0.43429094710735544
2014,08,ESP.15_1,0.06613239719157474,0.24841080328980172
2014,08,ESP.16_1,0.09712897675774416,0.37725760548959875
2014,08,ESP.17_1,0,0.4462401727922178
2014,08,ESP.18_1,0.9378776328986961,0.24487981285598606
2014,08,ESP.2_1,0.24318555003059372,0.4285780130297784
2014,08,ESP.3_1,0,0.44522056352197026
2014,08,ESP.4_1,0.04893172039443538,0.2689198499205885
2014,08,ESP.5_1,0,0.44712045299664127
2014,08,ESP.6_1,0.8242891848035127,0.27969958108008225
2014,08,ESP.7_1,0,0.43149030093021773
2014,08,ESP.8_1,0.15030090270812435,0.3572565218265911
2014,08,ESP.9_1,0,0.20741158772455318
2014,08,ITA.10_1,0.20495243743264088,0.40350175813329503
2014,08,ITA.13_1,0.12496404800957585,0.330444678050615
2014,08,ITA.14_1,0,0.23492849783589612
2014,08,ITA.16_1,0.13304394522015497,0.33935857298667776
2014,08,ITA.17_1,0.3983706847233116,0.48916020963303025
2014,08,ITA.20_1,0.357716148445336,0.47936317462514316
2014,08,ITA.4_1,0.060548759830929555,0.266426020870417
2014,08,ITA.5_1,0.2324653961885657,0.4223278055518801
2014,08,ITA.8_1,0.282270140291801,0.4500632097986591
2014,08,ITA.9_1,0.12424874623871615,0.3297524029511139
