year,month,gid_1,est,se
2014,08,ESP.1_1,0.07811206372844685,0.28160430784414303
2014,08,ESP.10_1,0.30138397440617715,0.4455287061087901
2014,08,ESP.11_1,0,0.49012232841742637
2014,08,ESP.12_1,0,0.4913412093390192
2014,08,ESP.13_1,0.5959459219014369,0.4917100211433131
2014,08,ESP.14_1,0,0.47826983387861866
2014,08,ESP.15_1,0.06945991319459316,0.25358146722019215
2014,08,ESP.16_1,0.03239445197098685,0.3388190062997736
2014,08,ESP.17_1,0,0.4911386576975392
2014,08,ESP.18_1,0.7217790979785985,0.4506827338314842
2014,08,ESP.2_1,0.05591776190615391,0.22830837205867197
2014,08,ESP.3_1,0,0.4926201826684034
2014,08,ESP.4_1,0.03486150101065929,0.3352342740542803
2014,08,ESP.5_1,0,0.4891861233183566
2014,08,ESP.6_1,0.5551081171974755,0.3011402386613489
2014,08,ESP.7_1,0,0.4886621992263875
2014,08,ESP.8_1,0.05536659747395107,0.22809479418866094
2014,08,ESP.9_1,0.065433251560124,0.24664970946699405
