year,month,gid_3,est,se
2017,05,ESP.10.1.1_1,0.0037338795837078796,0.031949267365834054
2017,05,ESP.10.1.4_1,0.005469914517272094,0.03207125485665771
2017,05,ESP.10.1.6_1,0.0016527654736522637,0.01951556482437685
2017,05,ESP.10.1.7_1,0.008678194748468792,0.053887429127931
2017,05,ESP.10.1.9_1,0.004511656215542003,0.0421480330074526
2017,05,ESP.10.2.5_1,0.002073528574125336,0.016106292077855293
2017,05,ESP.10.2.7_1,0.004732000476363367,0.028738097678525032
2017,05,ESP.10.2.8_1,0.005277520863558632,0.03955398245470058
2017,05,ESP.10.3.1_1,0.0122693544799494,0.09321609181219848
2017,05,ESP.10.3.13_1,0.002823717202262189,0.022216308839745513
2017,05,ESP.10.3.4_1,0.0140546309279421,0.14501304311160815
2017,05,ESP.10.3.7_1,0.018321984373537294,0.15903171214496864
2017,05,ESP.10.3.8_1,0.013902088833883015,0.12052834663314012
2017,05,ESP.18.1.5_1,0.001756715261716283,0.018125458241355877
2017,05,ESP.2.2.1_1,0.001370800509135051,0.005383047798554678
2017,05,ESP.2.3.2_1,4.3173006317225255e-4,0.0017772040762669263
2017,05,ESP.6.1.10_1,0.00590457604177309,0.04187635264746863
2017,05,ESP.6.1.11_1,0.007582032803758526,0.046901523678568625
2017,05,ESP.6.1.12_1,0.004638430223284527,0.030951772734858593
2017,05,ESP.6.1.3_1,0.00466613382293022,0.04360230012317464
2017,05,ESP.6.1.5_1,0.0045204157964151654,0.03374322419910855
2017,05,ESP.6.1.6_1,0.011287638556008913,0.07706577602602019
2017,05,ESP.6.1.9_1,0.002916239475868389,0.020128910269380858
2017,05,ESP.6.2.4_1,0.0034564963212462196,0.025577674737198002
2017,05,ESP.6.2.5_1,0.0017387194912950887,0.01337939242702145
2017,05,ESP.6.2.6_1,0.004478845308432008,0.02598795105758617
2017,05,ESP.6.2.7_1,0.0035805369135719495,0.028380333390898776
2017,05,ESP.6.3.10_1,0.003654419785623362,0.022928715781406275
2017,05,ESP.6.4.2_1,0.011758258966063353,0.07351686208344856
2017,05,ESP.6.4.3_1,0.004225781197301799,0.022590023152948367
2017,05,ESP.6.4.7_1,0.0012873361872638865,0.009703037640735735
