year,month,gid_2,est,se
2021,09,ESP.10.1_1,1,0
2021,09,ESP.10.2_1,1,0
2021,09,ESP.10.3_1,1,0
2021,09,ESP.18.1_1,1,0
2021,09,ESP.2.1_1,0.987,0.11333068359382575
2021,09,ESP.2.2_1,0.363,0.4811054587743341
2021,09,ESP.2.3_1,0.792,0.4060799193519681
2021,09,ESP.4.1_1,0.882,0.3227695465501356
2021,09,ESP.4.3_1,0.226,0.41844844258175834
2021,09,ESP.6.1_1,0.999,0.03162277660168379
2021,09,ESP.6.2_1,1,0
2021,09,ESP.6.3_1,1,0
2021,09,ESP.6.4_1,1,0
2021,09,FRA.11.11_1,0.903,0.296105857217784
2021,09,FRA.11.6_1,0.384,0.48660125439704816
