year,month,gid_2,est,se
2021,09,ESP.10.1_1,1,0
2021,09,ESP.10.2_1,0.827094487788748,0.13059800310634218
2021,09,ESP.10.3_1,0.5250214981108331,0.02752271831344292
2021,09,ESP.15.1_1,0.019581696034622675,0.23313366467587693
2021,09,ESP.18.1_1,0.5169702324864751,0.07692219646905489
2021,09,ESP.2.1_1,0.2909783639297844,0.18471596049665961
2021,09,ESP.2.2_1,0.03249341146826589,0.17331987842603372
2021,09,ESP.2.3_1,0.05402276708926354,0.19367835143785853
2021,09,ESP.4.1_1,0.10586246097219919,0.28551701676535446
2021,09,ESP.4.3_1,0.00848512358812979,0.08604942235835686
2021,09,ESP.6.1_1,0.6793112089929176,0.10107759982708768
2021,09,ESP.6.2_1,0.8842967736578772,0.04635667509701534
2021,09,ESP.6.3_1,0.4295290168348884,0.03903934645321373
2021,09,ESP.6.4_1,0.8549750034573567,0.04481956695080745
2021,09,ESP.9.1_1,0.004961785510118663,0.08179986111978349
2021,09,FRA.10.11_1,0.11344837893993859,0.4109840621517489
2021,09,FRA.11.11_1,0.21001057423994754,0.7743640226919376
2021,09,FRA.11.6_1,0.011057440892274737,0.15375386747091474
