year,month,gid_1,est,se
2017,06,ESP.1_1,0,0.3584002852100384
2017,06,ESP.10_1,0,0.36814104216216803
2017,06,ESP.11_1,0,0.370307318287712
2017,06,ESP.12_1,0,0.37873094335667934
2017,06,ESP.13_1,0,0.369345279695524
2017,06,ESP.14_1,0,0.3339231987186989
2017,06,ESP.15_1,0,0.379656518094046
2017,06,ESP.16_1,0.05092556844134554,0.29467736826012125
2017,06,ESP.17_1,0.192,0.369345279695524
2017,06,ESP.18_1,0,0.3741055971116829
2017,06,ESP.2_1,0,0.3722328924044455
2017,06,ESP.3_1,0.092,0.24001805035465168
2017,06,ESP.4_1,0,0.3637618566118171
2017,06,ESP.5_1,0,0.37242201455078744
2017,06,ESP.6_1,0,0.36800679758012406
2017,06,ESP.7_1,0,0.3584229107715662
2017,06,ESP.8_1,0,0.38503681729916117
2017,06,ESP.9_1,0,0.370307318287712
