year,month,gid_1,est,se
2017,06,ESP.1_1,0,0.36140141543022575
2017,06,ESP.10_1,0,0.36563058462658204
2017,06,ESP.11_1,0,0.32409219289186575
2017,06,ESP.12_1,0,0.351841265056364
2017,06,ESP.13_1,0,0.35349240199438287
2017,06,ESP.14_1,0,0.36447109658628885
2017,06,ESP.15_1,0,0.3501643656738404
2017,06,ESP.16_1,0.02778954176118168,0.09954714485867674
2017,06,ESP.17_1,0.395,0.48388937159596734
2017,06,ESP.18_1,0,0.34678384369549775
2017,06,ESP.2_1,0,0.3608418656684874
2017,06,ESP.3_1,0,0.14580974935522803
2017,06,ESP.4_1,0,0.35802502961311916
2017,06,ESP.5_1,0,0.34077612095728604
2017,06,ESP.6_1,0,0.3590556719800107
2017,06,ESP.7_1,0,0.3512794983145235
2017,06,ESP.8_1,0,0.34450054953210457
2017,06,ESP.9_1,0,0.3589248903531731
