year,month,gid_1,est,se
2022,05,ESP.1_1,0.8897387239207097,0.15522554924848084
2022,05,ESP.10_1,0.9994621419001251,0.01700856653574709
2022,05,ESP.11_1,0.5497480759659451,0.49770297835733357
2022,05,ESP.12_1,0.5534643249070065,0.4399270188132047
2022,05,ESP.13_1,0.998,0.04469897088298564
2022,05,ESP.14_1,0.242,0.428508599236491
2022,05,ESP.15_1,0.268,0.4431392245924213
2022,05,ESP.16_1,0.7568382268364433,0.2839272294076752
2022,05,ESP.17_1,0.962,0.19129190414806527
2022,05,ESP.18_1,1,0
2022,05,ESP.2_1,0.6020868865474407,0.19876553499127003
2022,05,ESP.3_1,1,0
2022,05,ESP.4_1,0.2614050294724552,0.2746604472283392
2022,05,ESP.5_1,0.5287845104035326,0.33674964098010723
2022,05,ESP.6_1,0.9926230047177519,0.05257234930524335
2022,05,ESP.7_1,0,0.2848862231842041
2022,05,ESP.8_1,1,0
2022,05,ESP.9_1,0.449,0.4976410821532388
