year,month,gid_1,est,se
2022,05,ESP.1_1,0.9120803472750284,0.1747397903281857
2022,05,ESP.10_1,0.9818665462663829,0.13055820453962225
2022,05,ESP.11_1,0.7206891986944374,0.44876576470840646
2022,05,ESP.12_1,0.7673817035950843,0.4010623991853666
2022,05,ESP.13_1,0.9779779779779779,0.14676316492562907
2022,05,ESP.14_1,0.8148148148148148,0.3885088976162516
2022,05,ESP.15_1,0.5325325325325325,0.49918134361480776
2022,05,ESP.16_1,0.8009518745741807,0.3119289619910419
2022,05,ESP.17_1,0.8798798798798798,0.32513839680170775
2022,05,ESP.18_1,0.988988988988989,0.10435921154387168
2022,05,ESP.2_1,0.7185095939949798,0.22588265193602156
2022,05,ESP.3_1,0.998998998998999,0.03162416337642179
2022,05,ESP.4_1,0.6810515548162451,0.4079639530630064
2022,05,ESP.5_1,0.6838720375758911,0.31814233485100135
2022,05,ESP.6_1,0.9889602593551245,0.0859183907910732
2022,05,ESP.7_1,0.2162162162162162,0.41242696173578125
2022,05,ESP.8_1,0.9939939939939939,0.0772689691377464
2022,05,ESP.9_1,0.8438438438438438,0.3630528274333281
