year,month,gid_1,est,se
2022,03,ARG.24_1,0.034265000000000004,0.09198186160905458
2022,03,DOM.5_1,0.007832,0.04458670160424442
2022,03,GTM.7_1,0.007832,0.04458670160424442
2022,03,HND.8_1,0.004895,0.03530214209125596
2022,03,IND.20_1,0.002937,0.0273723902179686
2022,03,IND.34_1,0.033286,0.0907052736387753
2022,03,MEX.14_1,0.06840223973870073,0.12077772692808958
2022,03,MEX.16_1,0.4444660000000001,0.2491889406879732
2022,03,MEX.17_1,0.008811,0.04726749621230389
2022,03,MEX.31_1,0.074404,0.13263168828870378
2022,03,MEX.4_1,0.072446,0.13101646255951868
2022,03,MEX.9_1,0.004895,0.03530214209125596
2022,03,PAK.7_1,0.016643,0.06470021676920344
2022,03,PER.13_1,0.017622,0.066542101520001
2022,03,PRI.52_1,0.085173,0.14105858766051932
2022,03,PRI.65_1,0.01958,0.07007007007007007
2022,03,USA.10_1,0.128249,0.16886904687725182
2022,03,USA.5_1,0.001958,0.022360668572260937
2022,03,VEN.14_1,0.007832,0.04458670160424442
