year,month,gid_1,est,se
2017,05,AUT.4_1,0,0.2031132254913326
2017,05,BEL.2_1,0,0.42458291260546976
2017,05,CHE.1_1,0,0.399447817065707
2017,05,CHE.24_1,0,0.3748017144752979
2017,05,CHE.8_1,0,0.39562674393994207
2017,05,CZE.11_1,0,0.4243449805343291
2017,05,CZE.12_1,0,0.4165174843560395
2017,05,CZE.7_1,0,0.4210430824479572
2017,05,CZE.9_1,0,0.4197729509726134
2017,05,DEU.13_1,0,0.4242051064198218
2017,05,DEU.14_1,0,0.42421097929562707
2017,05,DEU.2_1,0,0.3937096772753468
2017,05,DEU.7_1,0,0.4139626009676729
2017,05,ESP.1_1,0.17902564234309307,0.3460869797977957
2017,05,ESP.10_1,0.5515840122980852,0.46070263943936945
2017,05,ESP.11_1,0,0.33317148963229043
2017,05,ESP.12_1,0,0.34769408690712245
2017,05,ESP.13_1,0.658,0.47461696267754827
2017,05,ESP.14_1,0,0.31969674439786044
2017,05,ESP.15_1,0,0.10893974420691407
2017,05,ESP.16_1,0,0.12761330088855283
2017,05,ESP.17_1,0,0.362085771753194
2017,05,ESP.18_1,0.655,0.475606140836303
2017,05,ESP.2_1,0.07368529025275418,0.22108360036041727
2017,05,ESP.3_1,0,0.3440194025768741
2017,05,ESP.4_1,0,0.11838270581005299
2017,05,ESP.5_1,0,0.33943875895924525
2017,05,ESP.6_1,0.6380305845319744,0.4522939404085843
2017,05,ESP.8_1,0,0.1467567291047928
2017,05,ESP.9_1,0,0.09448771310560929
2017,05,FRA.11_1,0.0115796579122831,0.10289927449118523
2017,05,FRA.13_1,0,0.18131981931624816
2017,05,FRA.3_1,0,0.4124088760939573
2017,05,FRA.6_1,0,0.3843796921635529
2017,05,FRA.8_1,0,0.39711433918873923
2017,05,FRA.9_1,0,0.43148253403489834
2017,05,GRC.3_1,0,0.1499783100768024
2017,05,GRC.7_1,0,0.31797028965786267
2017,05,HRV.14_1,0,0.19369180807797864
2017,05,HRV.16_1,0.15253112568796365,0.360852286452791
2017,05,HRV.20_1,0,0.36492351139542817
2017,05,HUN.5_1,0,0.20068950215762726
2017,05,ITA.10_1,0,0.19369180807797864
2017,05,ITA.16_1,0.12589967175751363,0.31775614773236555
2017,05,ITA.8_1,0.038,0.19129190414806527
2017,05,PRT.12_1,0,0.32248765315707995
2017,05,PRT.15_1,0,0.35510770267873915
2017,05,SRB.3_1,0,0.12846873365251302
