year,month,gid_1,est,se
2017,05,ESP.1_1,0.2986251395069675,0.38222959524364614
2017,05,ESP.10_1,0.8377630741519911,0.3622089175836046
2017,05,ESP.11_1,0,0.4978680199547294
2017,05,ESP.12_1,0,0.49902725854680996
2017,05,ESP.13_1,0.911209090909091,0.296105857217784
2017,05,ESP.14_1,0,0.49324133538340054
2017,05,ESP.15_1,0.08173636363636365,0.27297163499805893
2017,05,ESP.16_1,0.04032410561337418,0.3575862591412548
2017,05,ESP.17_1,0,0.4983094543677777
2017,05,ESP.18_1,0.8466272727272727,0.3677148544921924
2017,05,ESP.2_1,0.33399433734092404,0.3525445037346669
2017,05,ESP.3_1,0,0.5000810745080052
2017,05,ESP.4_1,0.03978428044263115,0.3494869727555105
2017,05,ESP.5_1,0,0.49937098741462393
2017,05,ESP.6_1,0.8463504376652575,0.3424622379555881
2017,05,ESP.7_1,0,0.498112627011861
2017,05,ESP.8_1,0.058527272727272726,0.2338604085575211
2017,05,ESP.9_1,0.07063636363636365,0.25527468571161765
