year,month,gid_1,est,se
2021,02,AUT.1_1,0.6375572991774799,0.12117918481936121
2021,02,AUT.2_1,0.28948745922573466,0.22338890572399936
2021,02,AUT.3_1,0.27232962939002514,0.2047872373923154
2021,02,AUT.4_1,0.27895848029674325,0.20127005974050566
2021,02,AUT.5_1,0.05949230802450672,0.06731803584235327
2021,02,AUT.6_1,0.2858057384355127,0.15838865046632675
2021,02,AUT.7_1,0.5690702306817401,0.14938293464722946
2021,02,AUT.8_1,0.28236727630291936,0.14375904066112827
2021,02,AUT.9_1,0,0
2021,02,CHE.19_1,0.972,0.08256893144064577
2021,02,CHE.21_1,0.313,0.23208926512992822
2021,02,CHE.25_1,0.996,0.03159105873485386
2021,02,CHE.26_1,0.332,0.2357011976084414
2021,02,DEU.11_1,0.162,0.18440981522935784
2021,02,DEU.2_1,0.3514277187853748,0.04964337344573152
2021,02,ESP.16_1,0.16168615829267693,0.1462901166566541
2021,02,ESP.17_1,0.08039331297959125,0.09017629397500945
2021,02,ESP.3_1,0.0013864376375531634,0.017041109069426998
2021,02,HRV.8_1,0.326,0.23460824157091964
2021,02,HUN.1_1,0.004,0.03159105873485386
2021,02,HUN.10_1,0.009733783309792434,0.04801596920088726
2021,02,HUN.11_1,0.027,0.08112277873417477
2021,02,HUN.12_1,0.005999454662598691,0.03558706635450945
2021,02,HUN.13_1,0.09,0.14323411432686872
2021,02,HUN.14_1,0.019513616137944,0.03118867360471424
2021,02,HUN.18_1,0.159,0.1830210641514696
2021,02,HUN.2_1,0.001,0.015819299929208316
2021,02,HUN.4_1,0.098,0.14880613020136849
2021,02,HUN.5_1,0.005,0.03530214209125596
2021,02,HUN.8_1,0,0
2021,02,HUN.9_1,0.036,0.09323828646402417
2021,02,ITA.10_1,0.003,0.0273723902179686
2021,02,ITA.20_1,0,0
2021,02,ITA.7_1,0.997,0.0273723902179686
2021,02,NLD.7_1,0,0
2021,02,ROU.14_1,0.007,0.04172805675094036
2021,02,ROU.29_1,0.026,0.07964722856669712
2021,02,SRB.5_1,0,0
2021,02,SVN.8_1,0.09,0.14323411432686872
