year,month,gid_1,est,se
2021,02,ESP.1_1,0,0.21618648520367675
2021,02,ESP.10_1,0,0.22853840899166372
2021,02,ESP.11_1,0,0.21882045577871753
2021,02,ESP.12_1,0,0.23580705504458738
2021,02,ESP.13_1,0,0.18856268087162256
2021,02,ESP.14_1,0,0.23496638198188616
2021,02,ESP.15_1,0,0.24908737324120223
2021,02,ESP.16_1,0.0576423494033477,0.16270917277643668
2021,02,ESP.17_1,0.288,0.4406218607272828
2021,02,ESP.18_1,0,0.22628839401619494
2021,02,ESP.2_1,0,0.2335337851079398
2021,02,ESP.3_1,0.026,0.06932140068194452
2021,02,ESP.4_1,0,0.2297822185385718
2021,02,ESP.5_1,0,0.22781528064840909
2021,02,ESP.6_1,0,0.21404875223892278
2021,02,ESP.7_1,0,0.2589288348356662
2021,02,ESP.8_1,0,0.18640307263663156
2021,02,ESP.9_1,0,0.21306477629350856
