ID_0,est,se
ALB,0.973291884069152,0.28940142434048366
ARG,0.4031968624261121,0.21215265308349743
AUT,0.17705872,0.031396424896747994
BEL,0,0
BGR,0.9999969174046004,0.36389809087240726
BIH,0.819873,0.439330940164195
BRA,0.82881261,0.3668941085310689
CHE,0.57501173,0.4152533632771951
CHN,0.9409960809503201,0.18477213548855737
COL,0.244,0.42970763159228237
DEU,0.547,0.2490175892577867
ESP,0.10483672053447457,0.014320432132413815
FJI,0.797,0.402433787041984
FRA,0.99994514015179,0.262231799939928
GRC,0.3246760000000001,0.1666189840826873
GTM,0.705244,0.489811330170876
HND,0.134,0.3408227694273963
HRV,0.9991145103057557,0.4225619921535246
HUN,0.9833401049300192,0.19817786652566102
IND,0.49965442000000004,0.2527047058614673
ITA,1,0.22655746053408893
KOR,0.747832,0.49939900779806967
LKA,0.09599999999999997,0.2947386484173239
MEX,0.144262,0.2568504382409521
MMR,0.562,0.4963893657225167
NLD,0.679024,0.002627606591410036
PAK,0,0
PAN,0.08699999999999997,0.2819760814510878
PER,0.013000000000000012,0.05666534179691288
PRT,0.9256263665919999,0.45418764926668304
PSE,0.252,0.4343785039394614
ROU,0.6396,0.2838958728393312
SLB,0.45599999999999996,0.4983094543677777
SRB,0.752456220517,0.2667065062172812
SVN,0.45279277137999996,0.23863209220156076
THA,0.4179999999999999,0.49347696959383985
TUR,0.9999998510194151,0.3322604795947167
USA,0.4384108196956723,0.15269231688469842
XKO,0.269,0.4436618485241162
ZAF,0.12,0.3251241389157466
