year,month,gid_1,est,se
2016,12,ESP.1_1,0,0.2567058099241822
2016,12,ESP.10_1,0,0.4406286727217454
2016,12,ESP.11_1,0,0.34648836035338343
2016,12,ESP.12_1,0,0.3855298847387807
2016,12,ESP.13_1,0,0.45940001359165705
2016,12,ESP.14_1,0,0.37966718623044715
2016,12,ESP.15_1,0,0.1888747169521972
2016,12,ESP.16_1,0,0.28218949129037857
2016,12,ESP.17_1,0,0.39014486660021863
2016,12,ESP.18_1,0,0.4502426140286259
2016,12,ESP.2_1,0,0.21122640297823242
2016,12,ESP.3_1,0,0.3956655210611782
2016,12,ESP.4_1,0,0.2638577739596375
2016,12,ESP.5_1,0,0.3714641794832659
2016,12,ESP.6_1,0,0.3469731896102603
2016,12,ESP.8_1,0,0.3342897405774461
2016,12,ESP.9_1,0,0.2376289630730613
