year,month,gid_1,est,se
2016,12,AND.4_1,0,0.3014795016081357
2016,12,AND.5_1,0,0.27450200609713465
2016,12,BEL.2_1,0,0.2879903366836428
2016,12,BEL.3_1,0,0.2933616557443407
2016,12,CZE.1_1,0,0.2819760814510878
2016,12,DEU.1_1,0,0.12553788177183714
2016,12,DEU.13_1,0,0.2911627912004906
2016,12,DEU.2_1,0,0.281735536046824
2016,12,DEU.6_1,0,0.28343665312788385
2016,12,DEU.7_1,0,0.2988114594326802
2016,12,DEU.8_1,0,0.3155242550986462
2016,12,DEU.9_1,0,0.29746341705239066
2016,12,ESP.1_1,0,0
2016,12,ESP.10_1,0,0
2016,12,ESP.11_1,0,0.28050433629924987
2016,12,ESP.12_1,0,0.2727423792049005
2016,12,ESP.13_1,0.006012024048096192,0.07726558075864033
2016,12,ESP.14_1,0,0.2998908407966726
2016,12,ESP.15_1,0,0.03162277660168379
2016,12,ESP.16_1,0,0
2016,12,ESP.17_1,0,0.26672484350382913
2016,12,ESP.18_1,0.004008016032064128,0.06315051850925682
2016,12,ESP.2_1,0,0
2016,12,ESP.3_1,0,0.26672484350382913
2016,12,ESP.4_1,0,0
2016,12,ESP.5_1,0,0.28401390367652934
2016,12,ESP.6_1,0,0
2016,12,ESP.8_1,0,0.04469897088298564
2016,12,ESP.9_1,0,0.04469897088298564
2016,12,FRA.11_1,0,0.1525246549259368
2016,12,FRA.4_1,0,0.29823146746482126
2016,12,FRA.8_1,0,0.28679002095445116
2016,12,FRA.9_1,0,0.28632495871296654
2016,12,HUN.5_1,0,0.08912880535463237
2016,12,ITA.10_1,0,0
2016,12,ITA.20_1,0,0
2016,12,ITA.5_1,0,0
2016,12,ITA.8_1,0,0
2016,12,NLD.10_1,0,0.2819760814510878
2016,12,NLD.14_1,0,0.07805672261471139
2016,12,NLD.3_1,0,0.2913191950399787
2016,12,NLD.9_1,0,0.28638469498706787
2016,12,PRT.15_1,0,0.2836255926149692
2016,12,PRT.18_1,0,0.28680016754335
2016,12,PRT.4_1,0,0.30926792049394103
2016,12,PRT.9_1,0,0
