year,month,gid_1,est,se
2016,12,ESP.1_1,0,0
2016,12,ESP.10_1,0,0
2016,12,ESP.11_1,0,0.05806092966784272
2016,12,ESP.12_1,0,0.06975772434382757
2016,12,ESP.13_1,0.001,0.031633470522298444
2016,12,ESP.14_1,0,0.06317187421246465
2016,12,ESP.15_1,0,0.06317187421246463
2016,12,ESP.16_1,0,0
2016,12,ESP.17_1,0,0.031633470522298444
2016,12,ESP.18_1,0.001,0.031633470522298444
2016,12,ESP.2_1,0,0
2016,12,ESP.3_1,0,0.05473590506279083
2016,12,ESP.4_1,0,0.007736263811109148
2016,12,ESP.5_1,0,0.04750135266762181
2016,12,ESP.6_1,0,0
2016,12,ESP.8_1,0,0.07729170977309362
2016,12,ESP.9_1,0,0.09451966615374731
