year,month,gid_1,est,se
2021,05,ESP.1_1,0,0.464651884443889
2021,05,ESP.10_1,0,0.46183422747673736
2021,05,ESP.11_1,0,0.4637233486001165
2021,05,ESP.12_1,0,0.4569673970196764
2021,05,ESP.13_1,0,0.45139241857808493
2021,05,ESP.14_1,0,0.4501897978338264
2021,05,ESP.15_1,0,0.45430825894458915
2021,05,ESP.16_1,0,0.4623673798341223
2021,05,ESP.17_1,0,0.4521279343126851
2021,05,ESP.18_1,0,0.4665804909935821
2021,05,ESP.2_1,0,0.4595174455074787
2021,05,ESP.3_1,0,0.4599322780857586
2021,05,ESP.4_1,0,0.4507074450732992
2021,05,ESP.5_1,0,0.46070992485316714
2021,05,ESP.6_1,0,0.45229279950254586
2021,05,ESP.7_1,0,0.4609383077052136
2021,05,ESP.8_1,0,0.4557400787039928
2021,05,ESP.9_1,0,0.44915947400115336
2021,05,ITA.1_1,0,0.4743569641662878
2021,05,ITA.10_1,0,0.31920323193797745
2021,05,ITA.11_1,0,0.46594260213661326
2021,05,ITA.12_1,0,0.45790019046906244
2021,05,ITA.13_1,0,0.4549897269882804
2021,05,ITA.14_1,0,0.45260981451417864
2021,05,ITA.15_1,0,0.4574041624883448
2021,05,ITA.16_1,0,0.46637247707114293
2021,05,ITA.17_1,0,0.3363759109845779
2021,05,ITA.18_1,0,0.4639715005084175
2021,05,ITA.2_1,0,0.46627128769422993
2021,05,ITA.20_1,0.14085237981460136,0.3456281393210561
2021,05,ITA.3_1,0,0.4703679899999558
2021,05,ITA.4_1,0,0.4541279973539588
2021,05,ITA.5_1,0,0.4562354513448714
2021,05,ITA.6_1,0,0.46696187487773133
2021,05,ITA.7_1,0,0.4569379817718111
2021,05,ITA.8_1,0,0.45771494967386195
2021,05,ITA.9_1,0,0.4595045198153213
