year,month,gid_2,est,se
2021,05,ESP.10.1_1,0.81,0.3924972026066607
2021,05,ESP.10.2_1,0.994,0.07726558075864033
2021,05,ESP.10.3_1,0.824,0.3810107205436209
