year,month,gid_2,est,se
2021,05,ESP.10.1_1,0.708,0.45490981847278583
2021,05,ESP.10.2_1,0.968,0.17608806605504818
2021,05,ESP.10.3_1,0.523,0.4997206426802086
