year,month,gid_2,est,se
2022,02,ESP.1.1_1,0.038,0.19129190414806527
2022,02,ESP.1.2_1,0.297,0.4571651780264984
2022,02,ESP.1.7_1,0.657,0.47494902524015836
2022,02,ESP.1.8_1,0.974,0.15921478998305827
2022,02,ESP.10.1_1,0.189,0.3917045218432287
2022,02,ESP.10.3_1,0.472,0.49946517943242597
2022,02,ESP.11.1_1,0.06,0.237605674293474
2022,02,ESP.11.2_1,0.057,0.2319586273558386
2022,02,ESP.12.1_1,0.098,0.29746341705239066
2022,02,ESP.13.1_1,0.235,0.42421097929562707
2022,02,ESP.14.1_1,0.982,0.13301764429463367
2022,02,ESP.14.2_1,0.64,0.48024018015013137
2022,02,ESP.16.2_1,0.142,0.34922479573758497
2022,02,ESP.16.3_1,0.127,0.33313958333104454
2022,02,ESP.17.1_1,0.021,0.14345584540052586
2022,02,ESP.18.1_1,0.103,0.304110972316823
2022,02,ESP.2.1_1,0.473,0.4995202903992194
2022,02,ESP.2.3_1,0.096,0.2947386484173239
2022,02,ESP.4.3_1,0.107,0.30926792049394103
2022,02,ESP.4.5_1,0.491,0.5001691405606399
2022,02,ESP.5.2_1,0.145,0.3522770203960217
2022,02,ESP.5.3_1,0.997,0.05471740119919799
2022,02,ESP.5.8_1,0.055,0.22809433799861634
2022,02,ESP.6.1_1,0.945,0.22809433799861634
2022,02,ESP.6.2_1,0.98,0.14007005254378832
2022,02,ESP.6.3_1,0.144,0.35126540875438816
2022,02,ESP.6.4_1,0.752,0.432067914433232
2022,02,ESP.8.1_1,0.831,0.3749394345485409
