year,month,gid_1,est,se
2019,02,AND.4_1,0,0.12933778656790926
2019,02,AUT.9_1,0,0.13301977263653605
2019,02,BEL.2_1,0,0.14444136853516662
2019,02,CZE.1_1,0,0.1562055703497455
2019,02,DEU.3_1,0,0.14675907727820744
2019,02,DEU.7_1,0,0.13804869679151338
2019,02,ESP.1_1,0,0.08723470493545506
2019,02,ESP.10_1,0,0.10067432031444552
2019,02,ESP.11_1,0,0.1418185282580228
2019,02,ESP.12_1,0,0.14088365935057592
2019,02,ESP.13_1,0,0.4593623400697101
2019,02,ESP.14_1,0,0.130011091881224
2019,02,ESP.15_1,0,0.0772668170425485
2019,02,ESP.16_1,0,0.1384324777758767
2019,02,ESP.17_1,0,0.1562055703497455
2019,02,ESP.18_1,0,0.12161522552748692
2019,02,ESP.2_1,0,0.043722373988828216
2019,02,ESP.3_1,0,0.13659522218656514
2019,02,ESP.4_1,0,0.09034201011334303
2019,02,ESP.5_1,0,0.13504042585613477
2019,02,ESP.6_1,0.01361240365755662,0.10478786734320568
2019,02,ESP.8_1,0,0.09448922495135073
2019,02,FRA.1_1,0,0.10019634790395268
2019,02,FRA.11_1,0.01514047866805411,0.12161522552748694
2019,02,FRA.12_1,0,0.14345814075832242
2019,02,FRA.13_1,0,0.05471827670213131
2019,02,FRA.2_1,0,0.13301977263653605
2019,02,GBR.1_1,0,0.15156603056882612
2019,02,HUN.14_1,0,0.13659522218656514
2019,02,IRL.6_1,0,0.1406610687560542
2019,02,ITA.10_1,0,0.05471827670213131
2019,02,ITA.16_1,0,0.15986055981724703
2019,02,ITA.17_1,0,0.09955012324675269
2019,02,ITA.18_1,0,0.14998070979695594
2019,02,ITA.8_1,0,0.06315152894584525
2019,02,ITA.9_1,0,0.13301977263653605
2019,02,NLD.10_1,0,0.14998070979695594
2019,02,NLD.11_1,0,0.13619713905951303
2019,02,NLD.14_1,0,0.10894148729162785
2019,02,NLD.2_1,0,0.14007229372738228
2019,02,NLD.4_1,0,0.13502224000527188
2019,02,NLD.8_1,0,0.14237482748159971
2019,02,PRT.12_1,0,0.13962164810567412
2019,02,PRT.9_1,0,0.15493503061789424
2019,02,RUS.43_1,0,0.13547690563415277
2019,02,SRB.3_1,0,0.1269844068026801
