year,month,gid_1,est,se
2019,02,ESP.1_1,0,0.01366661936162474
2019,02,ESP.10_1,0,0.057673944147082316
2019,02,ESP.11_1,0,0.1383230111839938
2019,02,ESP.12_1,0,0.12729153531180568
2019,02,ESP.13_1,0,0.3408289044028908
2019,02,ESP.14_1,0,0.11649210547057284
2019,02,ESP.15_1,0,0
2019,02,ESP.16_1,0,0.013358381575409228
2019,02,ESP.17_1,0,0.1216154687586677
2019,02,ESP.18_1,0,0.41910973521689066
2019,02,ESP.2_1,0,0
2019,02,ESP.3_1,0,0.14998100975927542
2019,02,ESP.4_1,0,0
2019,02,ESP.5_1,0,0.11560263646811482
2019,02,ESP.6_1,0.0064383292786861735,0.054543219557455315
2019,02,ESP.8_1,0,0.07726697157664618
2019,02,ESP.9_1,0,0.03162334582703175
2019,02,ITA.10_1,0,0
2019,02,ITA.16_1,0,0
2019,02,ITA.17_1,0,0
2019,02,ITA.18_1,0,0.03162334582703175
2019,02,ITA.8_1,0,0
2019,02,ITA.9_1,0,0.054718386139013024
