year,month,gid_2,est,se
2014,02,ESP.10.1_1,0,0
2014,02,ESP.10.2_1,0,0
2014,02,ESP.10.3_1,0.002,0.04469897088298564
2014,02,ESP.18.1_1,0.008,0.08912880535463237
2014,02,ESP.2.1_1,0,0
2014,02,ESP.2.2_1,0.026,0.15921478998305827
2014,02,ESP.2.3_1,0.003,0.05471740119919799
2014,02,ESP.4.1_1,0.007,0.08341437500789632
2014,02,ESP.4.3_1,0.026,0.15921478998305827
2014,02,ESP.6.1_1,0.562,0.4963893657225167
2014,02,ESP.6.2_1,0.055,0.22809433799861634
2014,02,ESP.6.3_1,0,0
2014,02,ESP.6.4_1,0.002,0.04469897088298564
2014,02,FRA.11.11_1,0.036,0.18638331132035063
2014,02,FRA.11.6_1,0.132,0.3386601403925338
