ID_0,est,se
ALB,0,0
ARG,0.044,0.20519772441746548
AUT,0,0
BEL,0,0
BGR,0,0
CHN,0,0
DEU,0,0
DOM,0.017,0.1293357171384909
ESP,0,0
FRA,0,0
GRC,0,0
GTM,0.177,0.3818596821043259
HND,0.859,0.34819569244928955
HRV,0,0
HUN,0,0
IND,0.149,0.473064748988971
ITA,0,0
MEX,0.777,2.046549032364938
NLD,0,0
PAK,0.208,0.6108265785876619
PER,1.504,0.864135828866464
ROU,0,0
SRB,0,0
SVN,0,0
TUR,0,0
USA,0.134,0.3408227694273963
VEN,0.147,0.35428310221702153
XKO,0,0
