ID_1,est,se
ESP.1_1,0.9999339573431587,0.24592961679557337
ESP.10_1,1,0.034063916604051135
ESP.11_1,0,0
ESP.12_1,0,0
ESP.13_1,1,0
ESP.14_1,0,0
ESP.15_1,0.14700000000000002,0.35428310221702153
ESP.16_1,0.07949200000000012,0.13000950817748358
ESP.17_1,0,0
ESP.18_1,0.999,0.03162277660168379
ESP.2_1,1,0.22788315634423031
ESP.3_1,0,0
ESP.4_1,0.2318059600000001,0.14053906812250377
ESP.5_1,0,0
ESP.6_1,1,0.1516174609910227
ESP.7_1,0,0
ESP.8_1,0.20399999999999996,0.40317061716666125
ESP.9_1,0.009000000000000008,0.09448771310560929
