year,month,gid_2,est,se
2021,06,ESP.1.1_1,0.488,0.5001060948499889
2021,06,ESP.1.2_1,0.488,0.5001060948499889
2021,06,ESP.1.3_1,0.32,0.46670956473787617
2021,06,ESP.1.4_1,0.483,0.49996095943679536
2021,06,ESP.1.5_1,0.363,0.4811054587743341
2021,06,ESP.1.6_1,0.474,0.4995733915788286
2021,06,ESP.1.7_1,0.546,0.49812863010685515
2021,06,ESP.1.8_1,0.989,0.10435463521037237
2021,06,ESP.10.1_1,0.588,0.4924413655436538
2021,06,ESP.10.2_1,0.495,0.50022517452166
2021,06,ESP.10.3_1,0.479,0.49980877224075293
2021,06,ESP.11.1_1,0.354,0.4784484433174727
2021,06,ESP.11.2_1,0.351,0.4775217555536366
2021,06,ESP.12.1_1,0.44,0.49663532561291557
2021,06,ESP.12.2_1,0.352,0.47783294604320065
2021,06,ESP.12.3_1,0.281,0.4497123983628217
2021,06,ESP.12.4_1,0.38,0.48562931937418674
2021,06,ESP.13.1_1,0.497,0.5002411830719671
2021,06,ESP.14.1_1,0,0.3397446488562056
2021,06,ESP.14.2_1,0,0.3014795016081357
2021,06,ESP.15.1_1,0,0.28917057184232914
2021,06,ESP.16.1_1,0.027,0.162164414398774
2021,06,ESP.16.2_1,0.481,0.4998888765404656
2021,06,ESP.16.3_1,0.315,0.46474830929331096
2021,06,ESP.17.1_1,0.477,0.4997206426802086
2021,06,ESP.18.1_1,0.7,0.45848687027025126
2021,06,ESP.2.1_1,0.469,0.4992877810324305
2021,06,ESP.2.3_1,0.501,0.500249187155011
2021,06,ESP.3.1_1,0.045,0.20740785428237288
2021,06,ESP.4.1_1,0.283,0.4506818324651152
2021,06,ESP.4.2_1,0.026,0.15921478998305827
2021,06,ESP.4.3_1,0.138,0.3450725649411658
2021,06,ESP.4.4_1,0.031,0.17340435135563662
2021,06,ESP.4.5_1,0.384,0.48660125439704816
2021,06,ESP.5.1_1,0.02,0.14007005254378832
2021,06,ESP.5.2_1,0.158,0.36492351139542817
2021,06,ESP.5.3_1,0.08,0.27142894774447635
2021,06,ESP.5.4_1,0.094,0.29197474077263813
2021,06,ESP.5.5_1,0.169,0.3749394345485409
2021,06,ESP.5.6_1,0.03,0.17067257872642908
2021,06,ESP.5.7_1,0.294,0.45581988961844544
2021,06,ESP.5.8_1,0.116,0.3203851535989872
2021,06,ESP.6.1_1,0.988,0.10893974420691407
2021,06,ESP.6.2_1,0.703,0.4571651780264984
2021,06,ESP.6.3_1,0.484,0.49999399395792143
2021,06,ESP.6.4_1,0.804,0.39716714584887525
2021,06,ESP.7.1_1,0.368,0.4825026516080599
2021,06,ESP.7.2_1,0.176,0.3810107205436209
2021,06,ESP.8.1_1,0.482,0.49992592043814443
2021,06,ESP.9.1_1,0.183,0.3868600013708585
