year,month,gid_2,est,se
2021,06,ESP.1.1_1,1,0
2021,06,ESP.1.2_1,0.99,0.0995485304256668
2021,06,ESP.1.3_1,0.868,0.3386601403925338
2021,06,ESP.1.4_1,0.99,0.0995485304256668
2021,06,ESP.1.5_1,0.853,0.35428310221702153
2021,06,ESP.1.6_1,0.949,0.22010780869257557
2021,06,ESP.1.7_1,0.999,0.03162277660168379
2021,06,ESP.1.8_1,1,0
2021,06,ESP.10.1_1,1,0
2021,06,ESP.10.2_1,0.994,0.07726558075864033
2021,06,ESP.10.3_1,0.987,0.11333068359382575
2021,06,ESP.11.1_1,0.876,0.32974646735443996
2021,06,ESP.11.2_1,0.885,0.31918157352340515
2021,06,ESP.12.1_1,0.916,0.2775266131761439
2021,06,ESP.12.2_1,0.734,0.44208533049564025
2021,06,ESP.12.3_1,0.698,0.45935499018406994
2021,06,ESP.12.4_1,0.798,0.40169311340544206
2021,06,ESP.13.1_1,0.998,0.04469897088298564
2021,06,ESP.14.1_1,0.859,0.34819569244928955
2021,06,ESP.14.2_1,0.609,0.4882185549089233
2021,06,ESP.15.1_1,0.433,0.4957385972029581
2021,06,ESP.16.1_1,0.214,0.41033202698835536
2021,06,ESP.16.2_1,0.999,0.03162277660168379
2021,06,ESP.16.3_1,0.866,0.3408227694273963
2021,06,ESP.17.1_1,0.986,0.11754921445002436
2021,06,ESP.18.1_1,0.998,0.04469897088298564
2021,06,ESP.2.1_1,0.957,0.2029585972364615
2021,06,ESP.2.2_1,0.494,0.5002141683461337
2021,06,ESP.2.3_1,0.989,0.10435463521037237
2021,06,ESP.3.1_1,0.154,0.3611293596682696
2021,06,ESP.4.1_1,0.777,0.41646661864361284
2021,06,ESP.4.2_1,0.122,0.32744957355785825
2021,06,ESP.4.3_1,0.435,0.4960050614873008
2021,06,ESP.4.4_1,0.144,0.35126540875438816
2021,06,ESP.4.5_1,0.965,0.18387171834952978
2021,06,ESP.5.1_1,0.231,0.42168331341993703
2021,06,ESP.5.2_1,0.555,0.49721446300587663
2021,06,ESP.5.3_1,0.5,0.5002501876563868
2021,06,ESP.5.4_1,0.466,0.4990922691177385
2021,06,ESP.5.5_1,0.557,0.49698893146427114
2021,06,ESP.5.6_1,0.174,0.37929917989348183
2021,06,ESP.5.7_1,0.837,0.36955049393495276
2021,06,ESP.5.8_1,0.423,0.49428262696084646
2021,06,ESP.5.9_1,0.751,0.43265018916693676
2021,06,ESP.6.1_1,1,0
2021,06,ESP.6.2_1,1,0
2021,06,ESP.6.3_1,0.993,0.08341437500789632
2021,06,ESP.6.4_1,1,0
2021,06,ESP.7.1_1,0.881,0.32395052700056526
2021,06,ESP.7.2_1,0.552,0.49753747953651045
2021,06,ESP.8.1_1,1,0
2021,06,ESP.9.1_1,0.623,0.4848774134831464
