year,month,gid_2,est,se
2021,06,ESP.10.1_1,1,0
2021,06,ESP.10.2_1,1,0
2021,06,ESP.10.3_1,1,0
2021,06,ESP.18.1_1,0.999,0.03162277660168379
2021,06,ESP.2.1_1,0.989,0.10435463521037237
2021,06,ESP.2.2_1,0.84,0.366789496216201
2021,06,ESP.2.3_1,1,0
2021,06,ESP.4.1_1,0.975,0.15620307103062794
2021,06,ESP.4.3_1,0.76,0.42729683193604723
2021,06,ESP.6.1_1,1,0
2021,06,ESP.6.2_1,1,0
2021,06,ESP.6.3_1,1,0
2021,06,ESP.6.4_1,1,0
2021,06,FRA.11.11_1,0.994,0.07726558075864033
2021,06,FRA.11.6_1,0.98,0.14007005254378832
