year,month,gid_3,est,se
2020,12,ESP.10.1.1_1,0.295,0.45627095369219284
2020,12,ESP.10.1.2_1,0.254,0.43551541152257023
2020,12,ESP.10.1.3_1,0.287,0.4525879316064844
2020,12,ESP.10.1.4_1,0.688,0.46354166034011535
2020,12,ESP.10.1.5_1,0.353,0.4781418404821101
2020,12,ESP.10.1.6_1,0.306,0.4610602743422779
2020,12,ESP.10.1.7_1,0.966,0.18131981931624816
2020,12,ESP.10.1.8_1,0.993,0.08341437500789632
2020,12,ESP.10.1.9_1,0.176,0.3810107205436209
2020,12,ESP.10.2.1_1,0.018,0.13301764429463367
2020,12,ESP.10.2.2_1,0.617,0.48636153995515263
2020,12,ESP.10.2.3_1,0.227,0.41910219117375974
2020,12,ESP.10.2.5_1,0.236,0.4248346554654934
2020,12,ESP.10.2.7_1,0.038,0.19129190414806527
2020,12,ESP.10.2.8_1,0.16,0.366789496216201
2020,12,ESP.10.3.1_1,0.749,0.43380547159664457
2020,12,ESP.10.3.10_1,0.999,0.03162277660168379
2020,12,ESP.10.3.11_1,0.918,0.27450200609713465
2020,12,ESP.10.3.12_1,0.53,0.49934892545128134
2020,12,ESP.10.3.13_1,0.757,0.4291097005838194
2020,12,ESP.10.3.14_1,0.027,0.162164414398774
2020,12,ESP.10.3.16_1,0.754,0.4308940353145651
2020,12,ESP.10.3.17_1,0.847,0.3601676286407771
2020,12,ESP.10.3.18_1,0.097,0.296105857217784
2020,12,ESP.10.3.2_1,0.066,0.24840633185509925
2020,12,ESP.10.3.3_1,0,0
2020,12,ESP.10.3.3_1,0,0
2020,12,ESP.10.3.3_1,0,0
2020,12,ESP.10.3.4_1,0.13,0.33647171235218754
2020,12,ESP.10.3.5_1,0.89,0.31304631925323445
2020,12,ESP.10.3.6_1,0,0
2020,12,ESP.10.3.6_1,0,0
2020,12,ESP.10.3.6_1,0,0
2020,12,ESP.10.3.6_1,0,0
2020,12,ESP.10.3.7_1,0.983,0.1293357171384909
2020,12,ESP.10.3.8_1,0.93,0.25527468571161765
2020,12,ESP.10.3.9_1,0.697,0.45978516983739526
