year,month,gid_4,est,se
2017,04,AUT.4.17.10.2_2,0.064,0.24487540497968344
2017,04,AUT.4.17.10.3_2,0.064,0.24487540497968344
2017,04,AUT.4.17.16.5_2,0.064,0.24487540497968344
2017,04,AUT.4.17.8.2_2,0.064,0.24487540497968344
2017,04,AUT.4.18.1.1_2,0.055,0.22809433799861634
2017,04,AUT.4.18.1.4_2,0.055,0.22809433799861634
2017,04,AUT.4.5.2.1_2,0.053,0.22414558046332575
2017,04,AUT.4.5.32.3_2,0.053,0.22414558046332575
2017,04,ESP.16.2.1.2_1,0.026,0.15921478998305827
2017,04,ESP.16.2.1.32_1,0.026,0.15921478998305827
2017,04,ESP.16.2.1.37_1,0.026,0.15921478998305827
2017,04,ESP.16.2.1.45_1,0.026,0.15921478998305827
2017,04,ESP.16.2.1.47_1,0.026,0.15921478998305827
2017,04,ESP.16.2.1.51_1,0.026,0.15921478998305827
2017,04,ESP.16.2.1.61_1,0.026,0.15921478998305827
2017,04,ESP.16.2.1.66_1,0.026,0.15921478998305827
2017,04,ESP.16.2.1.75_1,0.026,0.15921478998305827
2017,04,ESP.16.2.1.88_1,0.026,0.15921478998305827
2017,04,ESP.16.3.1.23_1,0.033,0.17872588772459053
2017,04,ESP.16.3.1.28_1,0.033,0.17872588772459053
2017,04,ESP.16.3.1.36_1,0.033,0.17872588772459053
2017,04,ESP.16.3.1.44_1,0.033,0.17872588772459053
2017,04,ESP.16.3.1.64_1,0.033,0.17872588772459053
2017,04,ESP.16.3.1.69_1,0.033,0.17872588772459053
2017,04,ESP.16.3.1.93_1,0.033,0.17872588772459053
2017,04,ESP.17.1.1.1_1,0,0.30279974849343533
2017,04,ESP.17.1.1.3_1,0,0.30279974849343533
2017,04,ESP.17.1.1.6_1,0,0.30279974849343533
2017,04,ESP.17.1.2.3_1,0,0.30279974849343533
2017,04,ESP.17.1.3.12_1,0,0.30279974849343533
2017,04,ESP.17.1.4.2_1,0,0.30279974849343533
2017,04,ESP.17.1.4.3_1,0,0.30279974849343533
2017,04,ESP.17.1.5.2_1,0,0.30279974849343533
2017,04,ESP.17.1.6.2_1,0,0.30279974849343533
2017,04,ESP.17.1.7.14_1,0,0.30279974849343533
2017,04,ESP.17.1.8.10_1,0.102,0.30279974849343533
2017,04,ESP.17.1.8.13_1,0,0.30279974849343533
2017,04,ESP.17.1.8.17_1,0,0.30279974849343533
2017,04,ESP.17.1.8.18_1,0,0.30279974849343533
2017,04,ESP.17.1.8.5_1,0,0.30279974849343533
2017,04,ESP.3.1.11.10_1,0.022,0.1467567291047928
2017,04,ESP.3.1.11.16_1,0.022,0.1467567291047928
2017,04,ESP.3.1.11.5_1,0.022,0.1467567291047928
2017,04,ESP.3.1.2.11_1,0.022,0.1467567291047928
2017,04,ESP.3.1.2.8_1,0.022,0.1467567291047928
2017,04,ESP.3.1.4.6_1,0.022,0.1467567291047928
2017,04,ESP.3.1.4.7_1,0.022,0.1467567291047928
