year,month,gid_3,est,se
2021,12,ESP.10.1.1_1,0.57,0.49532347546360583
2021,12,ESP.10.1.2_1,0.431,0.49546390835709164
2021,12,ESP.10.1.4_1,0.975,0.15620307103062794
2021,12,ESP.10.1.5_1,0.171,0.3766973598273565
2021,12,ESP.10.1.6_1,0.833,0.3731624984510773
2021,12,ESP.10.1.7_1,1,0
2021,12,ESP.10.1.8_1,0.399,0.48993779098885504
2021,12,ESP.10.1.9_1,0.194,0.39562674393994207
2021,12,ESP.10.2.3_1,0.262,0.4399426662072566
2021,12,ESP.10.2.5_1,0.95,0.21805400144814482
2021,12,ESP.10.2.7_1,0.628,0.4835802413765991
2021,12,ESP.10.2.8_1,0.999,0.03162277660168379
2021,12,ESP.10.3.1_1,0.134,0.3408227694273963
2021,12,ESP.10.3.10_1,0.951,0.21597603025716916
2021,12,ESP.10.3.11_1,1,0
2021,12,ESP.10.3.12_1,0.996,0.06315051850925682
2021,12,ESP.10.3.13_1,0.536,0.498951854343636
2021,12,ESP.10.3.14_1,0.656,0.475278749672116
2021,12,ESP.10.3.16_1,0.026,0.15921478998305827
2021,12,ESP.10.3.18_1,0.219,0.41377555535605315
2021,12,ESP.10.3.2_1,0.993,0.08341437500789632
2021,12,ESP.10.3.4_1,0.205,0.403903624814309
2021,12,ESP.10.3.6_1,0.02,0.14007005254378832
2021,12,ESP.10.3.7_1,0.989,0.10435463521037237
2021,12,ESP.10.3.8_1,0.94,0.237605674293474
