year,month,gid_4,est,se
2018,11,AUT.4.1.10.1_2,0.044,0.20519772441746548
2018,11,AUT.4.1.10.2_2,0.044,0.20519772441746548
2018,11,AUT.4.1.6.1_2,0.044,0.20519772441746548
2018,11,AUT.9.1.1.36_2,0.007,0.08341437500789632
2018,11,AUT.9.1.1.71_2,0.007,0.08341437500789632
2018,11,DEU.2.54.1.1_1,0.015,0.12161327966052798
2018,11,ESP.16.2.1.31_1,0.012,0.10893974420691407
2018,11,ESP.16.3.1.20_1,0.01,0.0995485304256668
2018,11,ESP.16.3.1.28_1,0.01,0.0995485304256668
2018,11,ESP.16.3.1.29_1,0.01,0.0995485304256668
2018,11,ESP.16.3.1.32_1,0.01,0.0995485304256668
2018,11,ESP.16.3.1.36_1,0.01,0.0995485304256668
2018,11,ESP.16.3.1.51_1,0.01,0.0995485304256668
2018,11,ESP.16.3.1.64_1,0.01,0.0995485304256668
2018,11,ESP.16.3.1.87_1,0.01,0.0995485304256668
2018,11,ESP.16.3.1.90_1,0.01,0.0995485304256668
2018,11,ESP.16.3.1.91_1,0.01,0.0995485304256668
2018,11,ESP.17.1.1.1_1,0.267,0.4426137220047599
2018,11,ESP.17.1.1.4_1,0.267,0.4426137220047599
2018,11,ESP.17.1.1.5_1,0.267,0.4426137220047599
2018,11,ESP.17.1.1.6_1,0.267,0.4426137220047599
2018,11,ESP.17.1.3.1_1,0.267,0.4426137220047599
2018,11,ESP.17.1.3.14_1,0.267,0.4426137220047599
2018,11,ESP.17.1.3.17_1,0.267,0.4426137220047599
2018,11,ESP.17.1.3.2_1,0.267,0.4426137220047599
2018,11,ESP.17.1.3.3_1,0.267,0.4426137220047599
2018,11,ESP.17.1.3.7_1,0.267,0.4426137220047599
2018,11,ESP.17.1.4.1_1,0.267,0.4426137220047599
2018,11,ESP.17.1.4.2_1,0.267,0.4426137220047599
2018,11,ESP.17.1.4.3_1,0.267,0.4426137220047599
2018,11,ESP.17.1.8.1_1,0.267,0.4426137220047599
2018,11,ESP.17.1.8.10_1,0.267,0.4426137220047599
2018,11,ESP.17.1.8.18_1,0.267,0.4426137220047599
2018,11,ESP.17.1.8.3_1,0.267,0.4426137220047599
2018,11,ESP.17.1.8.5_1,0.267,0.4426137220047599
2018,11,ESP.17.1.8.6_1,0.267,0.4426137220047599
2018,11,ESP.17.1.8.9_1,0.267,0.4426137220047599
2018,11,ESP.3.1.11.12_1,0.028,0.16505527329729044
2018,11,ESP.3.1.11.8_1,0.028,0.16505527329729044
2018,11,ESP.3.1.11.9_1,0.028,0.16505527329729044
2018,11,ESP.3.1.3.1_1,0.028,0.16505527329729044
2018,11,ESP.3.1.3.6_1,0.028,0.16505527329729044
2018,11,ESP.3.1.4.1_1,0.028,0.16505527329729044
2018,11,ESP.3.1.4.5_1,0.028,0.16505527329729044
2018,11,ESP.3.1.4.7_1,0.028,0.16505527329729044
2018,11,ESP.3.1.7.3_1,0.028,0.16505527329729044
2018,11,ESP.3.1.8.3_1,0.028,0.16505527329729044
2018,11,ROU.14.27_1,0.046,0.20958990416508122
