year,month,gid_3,est,se
2020,12,ESP.10.1.1_1,0.095,0.2933616557443407
2020,12,ESP.10.1.2_1,0.199,0.39944781706570703
2020,12,ESP.10.1.4_1,0.921,0.26987373312686774
2020,12,ESP.10.1.5_1,0.183,0.3868600013708585
2020,12,ESP.10.1.6_1,0.414,0.4927949338688932
2020,12,ESP.10.1.7_1,0.197,0.39793133748091436
2020,12,ESP.10.1.8_1,0.238,0.42607222103481185
2020,12,ESP.10.1.9_1,0.926,0.2619018758859749
2020,12,ESP.10.2.3_1,0.026,0.15921478998305827
2020,12,ESP.10.2.5_1,0.023,0.1499783100768024
2020,12,ESP.10.2.7_1,0.029,0.1678904023081343
2020,12,ESP.10.2.8_1,0.028,0.16505527329729044
2020,12,ESP.10.3.1_1,0.294,0.45581988961844544
2020,12,ESP.10.3.10_1,0.342,0.47461696267754827
2020,12,ESP.10.3.11_1,0.38,0.48562931937418674
2020,12,ESP.10.3.12_1,0.037,0.1888562063228706
2020,12,ESP.10.3.13_1,0.356,0.4790547917446328
2020,12,ESP.10.3.14_1,0.348,0.47657436263727315
2020,12,ESP.10.3.16_1,0.297,0.4571651780264984
2020,12,ESP.10.3.18_1,0.342,0.47461696267754827
2020,12,ESP.10.3.2_1,0.288,0.4530576798391804
2020,12,ESP.10.3.4_1,0.064,0.24487540497968344
2020,12,ESP.10.3.6_1,0.091,0.28775302222878874
2020,12,ESP.10.3.7_1,0.992,0.08912880535463237
2020,12,ESP.10.3.8_1,0.327,0.46935199082489393
