ID_0,est,se
ALB,5.305,2.3026027048698876
ARE,0.288,0.4530576798391804
AUT,3.202,4.327570816705813
BEL,0.69,1.1534228337079067
BGR,0.002,0.04469897088298564
CHE,2.426,1.9532231980212258
CHN,0,0
COL,0.103,0.304110972316823
CZE,0.091,0.41699775844745407
DEU,6.061,5.4778147965935124
DNK,0.736,0.4410198391212106
ESP,1.602,1.3872068328645633
FRA,2.513,3.8074056816145334
GBR,0.054,0.2261307920985887
GMB,0.839,0.3677148544921924
GRC,0.14500000000000002,0.6262429015241151
HRV,2.8289999999999997,1.6015247114176296
HUN,4.639,3.5723104256100933
IND,0.032,0.3686334132279464
IRN,0,0
ITA,17.847,20.149151052331945
MAR,0.267,0.5222681007441519
MEX,0.498,0.7801541030245595
NLD,162.777,125.80531306705912
PAK,0,0
PER,0.006,0.07726558075864033
POL,0.045,0.20740785428237288
PRT,4.275,1.6169813824838062
ROU,0.623,0.548626429005654
RUS,0,0
SAU,0.045,0.20740785428237288
SRB,2.104,1.303861455662908
SVN,0,0
TUR,4.774,3.71664952265883
USA,0,0
UZB,0.994,0.07726558075864033
XKO,0.8109999999999999,1.297927994194763
