year,month,gid_1,est,se
2018,04,ESP.10_1,0.005770955259341692,0.11378445539405765
2018,04,ESP.2_1,0.0033715251524264883,0.03895398252524047
2018,04,ESP.6_1,0.008222079358525064,0.10318978731938375
