year,month,gid_1,est,se
2022,06,ESP.1_1,0.920774524288869,0.15655748907611097
2022,06,ESP.10_1,0.991247704975247,0.09204392579735574
2022,06,ESP.11_1,0.7843582927308441,0.4114559229162335
2022,06,ESP.12_1,0.6857051021334878,0.36225780423863
2022,06,ESP.13_1,0.99,0.09955330911831062
2022,06,ESP.14_1,0.80806398704486615,0.39088291359721733
2022,06,ESP.15_1,0.622,0.4851535296590967
2022,06,ESP.16_1,0.8533425736643747,0.280921045987232
2022,06,ESP.17_1,0.911,0.28489989876226873
2022,06,ESP.18_1,0.9919999999999999,0.08913308386245844
2022,06,ESP.2_1,0.7357102735121072,0.2103202873269673
2022,06,ESP.3_1,0.9979999999999999,0.044701116596663495
2022,06,ESP.4_1,0.6962429877903067,0.40045545563051804
2022,06,ESP.5_1,0.8152609623084902,0.30955332071212266
2022,06,ESP.6_1,0.9941268398738845,0.062341696345391474
2022,06,ESP.7_1,0.264,0.44104100968246324
2022,06,ESP.8_1,0.999,0.0316242946103302
2022,06,ESP.9_1,0.889,0.3143044088026859
