year,month,gid_1,est,se
2022,06,ESP.10_1,0.858,0.34922479573758497
2022,06,ESP.6_1,0.913,0.2819760814510878
