ID_1,est,se
ESP.1_1,0.7034602465366877,0.3203827027473767
ESP.10_1,0.29303583999999994,0.3050363682300918
ESP.11_1,0.135614,0.21818502392799083
ESP.12_1,0.4240599999999999,0.14430496166760406
ESP.13_1,0.14400000000000002,0.35126540875438816
ESP.14_1,0.07079600000000008,0.15329463613771244
ESP.15_1,0.05600000000000005,0.23003677296666486
ESP.16_1,0.24601200000000012,0.21505253718912626
ESP.17_1,0.22599999999999998,0.41844844258175834
ESP.18_1,0.136,0.3429600875052688
ESP.2_1,0.1893450000000001,0.16782432058828464
ESP.3_1,0.06600000000000006,0.24840633185509925
ESP.4_1,0.13132965200000002,0.10551674023718084
ESP.5_1,0.4004243968000001,0.11051924296481856
ESP.6_1,0.6469813125100001,0.33570194413886073
ESP.7_1,0.08999999999999997,0.14316247935648327
ESP.8_1,0.371,0.4833141758655467
ESP.9_1,0,0
