year,month,gid_1,est,se
2020,02,ESP.1_1,0.24954880292207213,0.30766007906595505
2020,02,ESP.10_1,0,0.3671100262543982
2020,02,ESP.11_1,0,0.22201860389601832
2020,02,ESP.12_1,0,0.32580724477838285
2020,02,ESP.13_1,0.3550142118863049,0.4330734612483956
2020,02,ESP.14_1,0,0.22281262272489658
2020,02,ESP.15_1,0,0.2800946147559141
2020,02,ESP.16_1,0,0.37904271590440963
2020,02,ESP.17_1,0.5806085271317829,0.5001552572727512
2020,02,ESP.18_1,0,0.42806929616879336
2020,02,ESP.2_1,0,0.2595653573935483
2020,02,ESP.3_1,0,0.25959239689508945
2020,02,ESP.4_1,0,0.19064409996692808
2020,02,ESP.5_1,0,0.23301429225286072
2020,02,ESP.6_1,0.46404362683154665,0.3382356651468876
2020,02,ESP.8_1,0,0.4050704543455927
2020,02,ESP.9_1,0,0.3925842933994992
