year,month,gid_1,est,se
2020,02,ESP.1_1,0.23083702543641513,0.31028411103765846
2020,02,ESP.10_1,0.1875700562463199,0.2996089190479414
2020,02,ESP.11_1,0.17106381496281456,0.2579391563249575
2020,02,ESP.12_1,0.25983833872221623,0.28716951135123264
2020,02,ESP.13_1,0.26263096623981375,0.38483856049958115
2020,02,ESP.14_1,0.15284794115118724,0.2326255863272441
2020,02,ESP.15_1,0.14081490104772992,0.24489759268412636
2020,02,ESP.16_1,0.1221192428244824,0.3292060628075076
2020,02,ESP.17_1,0.40903376018626314,0.47247968594035566
2020,02,ESP.18_1,0.24586728754365544,0.3700280913302474
2020,02,ESP.2_1,0.10627105678074687,0.2576353042526425
2020,02,ESP.3_1,0.1329918509895227,0.23265613744395497
2020,02,ESP.4_1,0.057178047144510226,0.2375657001915847
2020,02,ESP.5_1,0.0901240026594155,0.2579931519092713
2020,02,ESP.6_1,0.33690897778451195,0.2840801421476881
2020,02,ESP.7_1,0.06938143860005387,0.1880655881027347
2020,02,ESP.8_1,0.7018393480791619,0.47495343582367583
2020,02,ESP.9_1,0,0.36057018021371284
