year,month,gid_2,est,se
2022,03,ESP.1.1_1,0,0
2022,03,ESP.1.7_1,0.258,0.43775292989039793
2022,03,ESP.1.8_1,0.005,0.07056897321046962
2022,03,ESP.10.1_1,0.123,0.32860155048170264
2022,03,ESP.10.2_1,0.067,0.25014710386805117
2022,03,ESP.10.3_1,0.083,0.2760202658994212
2022,03,ESP.11.1_1,0,0.28917057184232914
2022,03,ESP.11.2_1,0,0.28775302222878874
2022,03,ESP.12.1_1,0,0.31797028965786267
2022,03,ESP.12.2_1,0,0.3167512136225074
2022,03,ESP.13.1_1,0,0.27297163499805893
2022,03,ESP.14.1_1,0,0.30541328929383094
2022,03,ESP.14.2_1,0,0.28343665312788385
2022,03,ESP.16.1_1,0,0.05471740119919799
2022,03,ESP.16.2_1,0,0.05471740119919799
2022,03,ESP.16.3_1,0,0
2022,03,ESP.17.1_1,0,0.3067068128833611
2022,03,ESP.18.1_1,0,0.362085771753194
2022,03,ESP.2.3_1,0,0
2022,03,ESP.3.1_1,0,0.296105857217784
2022,03,ESP.4.1_1,0,0
2022,03,ESP.4.2_1,0,0.05471740119919799
2022,03,ESP.4.5_1,0,0.03162277660168379
2022,03,ESP.5.2_1,0,0.3117951510466707
2022,03,ESP.5.8_1,0,0.29197474077263813
2022,03,ESP.6.1_1,0.105,0.3067068128833611
2022,03,ESP.6.2_1,0.183,0.3868600013708585
2022,03,ESP.6.3_1,0.14,0.3471606552023436
2022,03,ESP.6.4_1,0.024,0.15312559370479986
2022,03,ESP.8.1_1,0,0.04469897088298564
