year,month,gid_2,est,se
2022,03,ESP.10.1_1,0.999,0.03162277660168379
2022,03,ESP.10.2_1,0.621,0.4853808758022864
2022,03,ESP.10.3_1,0.994,0.07726558075864033
