year,month,gid_2,est,se
2020,07,ESP.1.1_1,0.816,0.387678080750375
2020,07,ESP.1.2_1,0.998,0.04469897088298564
2020,07,ESP.1.3_1,0.861,0.3461196307619647
2020,07,ESP.1.4_1,0.941,0.23574260237507894
2020,07,ESP.1.5_1,0.873,0.33313958333104454
2020,07,ESP.1.6_1,0.378,0.48513024163759505
2020,07,ESP.1.7_1,0.969,0.17340435135563662
2020,07,ESP.1.8_1,0.99,0.0995485304256668
2020,07,ESP.10.1_1,0.992,0.08912880535463237
2020,07,ESP.10.2_1,0.436,0.4961352135760474
2020,07,ESP.10.3_1,0.991,0.09448771310560929
2020,07,ESP.11.1_1,0.422,0.49412565219806204
2020,07,ESP.11.2_1,0.441,0.49675523728066096
2020,07,ESP.12.1_1,0.934,0.24840633185509925
2020,07,ESP.12.2_1,0.464,0.498951854343636
2020,07,ESP.12.3_1,0.433,0.4957385972029581
2020,07,ESP.12.4_1,0.472,0.49946517943242597
2020,07,ESP.13.1_1,1,0
2020,07,ESP.14.1_1,0.984,0.12553788177183714
2020,07,ESP.14.2_1,0.936,0.24487540497968344
2020,07,ESP.15.1_1,0.43,0.49532347546360583
2020,07,ESP.16.1_1,0.476,0.4996735671152454
2020,07,ESP.16.2_1,0.978,0.1467567291047928
2020,07,ESP.16.3_1,0.881,0.32395052700056526
2020,07,ESP.17.1_1,0.983,0.1293357171384909
2020,07,ESP.18.1_1,0.997,0.054717401199198
2020,07,ESP.2.1_1,0.484,0.49999399395792143
2020,07,ESP.2.2_1,0.457,0.49839682924292306
2020,07,ESP.2.3_1,0.968,0.17608806605504818
2020,07,ESP.3.1_1,0.9,0.3001501125938321
2020,07,ESP.4.1_1,0.4,0.4901430813958718
2020,07,ESP.4.2_1,0.48,0.4998498272980094
2020,07,ESP.4.3_1,0.454,0.49812863010685515
2020,07,ESP.4.4_1,0.469,0.4992877810324305
2020,07,ESP.4.5_1,0.87,0.33647171235218754
2020,07,ESP.5.2_1,0.479,0.49980877224075293
2020,07,ESP.5.3_1,0.926,0.2619018758859749
2020,07,ESP.5.4_1,0.47,0.49934892545128134
2020,07,ESP.5.5_1,0.456,0.4983094543677777
2020,07,ESP.5.6_1,0.463,0.4988786223921405
2020,07,ESP.5.7_1,0.456,0.4983094543677777
2020,07,ESP.5.8_1,0.453,0.4980351785155734
2020,07,ESP.5.9_1,0.488,0.5001060948499889
2020,07,ESP.6.1_1,0.998,0.04469897088298564
2020,07,ESP.6.2_1,0.997,0.054717401199198
2020,07,ESP.6.3_1,0.9,0.3001501125938321
2020,07,ESP.6.4_1,0.984,0.12553788177183714
2020,07,ESP.7.1_1,0.374,0.48410573055723927
2020,07,ESP.8.1_1,0.995,0.07056897321046962
2020,07,ESP.9.1_1,0.495,0.50022517452166
