year,month,gid_2,est,se
2020,07,ESP.1.1_1,0.416,0.49314012936201734
2020,07,ESP.1.2_1,0.875,0.33088439746304826
2020,07,ESP.1.3_1,0.411,0.49226143594773025
2020,07,ESP.1.4_1,0.517,0.49996095943679536
2020,07,ESP.1.5_1,0.416,0.49314012936201734
2020,07,ESP.1.6_1,0.232,0.42232020358296185
2020,07,ESP.1.7_1,0.617,0.48636153995515263
2020,07,ESP.1.8_1,0.762,0.42607222103481185
2020,07,ESP.10.1_1,0.771,0.42039949540375965
2020,07,ESP.10.2_1,0.168,0.3740533597174552
2020,07,ESP.10.3_1,0.777,0.41646661864361284
2020,07,ESP.11.1_1,0.143,0.3502480173729377
2020,07,ESP.11.2_1,0.146,0.3532829019480122
2020,07,ESP.12.1_1,0.478,0.4997657108743714
2020,07,ESP.12.2_1,0.24,0.42729683193604723
2020,07,ESP.12.3_1,0.248,0.432067914433232
2020,07,ESP.12.4_1,0.252,0.4343785039394614
2020,07,ESP.13.1_1,0.827,0.37843653921656956
2020,07,ESP.14.1_1,0.459,0.4985655098054493
2020,07,ESP.14.2_1,0.329,0.47008507738491334
2020,07,ESP.15.1_1,0.13,0.33647171235218754
2020,07,ESP.16.1_1,0.023,0.1499783100768024
2020,07,ESP.16.2_1,0.386,0.48707416400507353
2020,07,ESP.16.3_1,0.133,0.3397446488562056
2020,07,ESP.17.1_1,0.549,0.49784219070589714
2020,07,ESP.18.1_1,0.972,0.16505527329729044
2020,07,ESP.2.1_1,0.303,0.45978516983739526
2020,07,ESP.2.2_1,0.32,0.46670956473787617
2020,07,ESP.2.3_1,0.636,0.4813893805805605
2020,07,ESP.3.1_1,0.453,0.4980351785155734
2020,07,ESP.4.1_1,0.125,0.33088439746304826
2020,07,ESP.4.2_1,0.175,0.38015722999769386
2020,07,ESP.4.3_1,0.22,0.4144535821678608
2020,07,ESP.4.4_1,0.131,0.33756918246924283
2020,07,ESP.4.5_1,0.395,0.48909530177074306
2020,07,ESP.5.2_1,0.125,0.33088439746304826
2020,07,ESP.5.3_1,0.448,0.49753747953651045
2020,07,ESP.5.4_1,0.14,0.3471606552023436
2020,07,ESP.5.5_1,0.13,0.33647171235218754
2020,07,ESP.5.6_1,0.132,0.3386601403925338
2020,07,ESP.5.7_1,0.134,0.3408227694273963
2020,07,ESP.5.8_1,0.143,0.3502480173729377
2020,07,ESP.5.9_1,0.181,0.38521083498181535
2020,07,ESP.6.1_1,0.953,0.21174474216810163
2020,07,ESP.6.2_1,0.938,0.24127621974453722
2020,07,ESP.6.3_1,0.446,0.4973241712719495
2020,07,ESP.6.4_1,0.594,0.4913302406787164
2020,07,ESP.7.1_1,0.129,0.33536766610911
2020,07,ESP.8.1_1,0.445,0.49721446300587663
2020,07,ESP.9.1_1,0.159,0.36585906146062974
