year,month,gid_2,est,se
2018,11,ESP.1.1_1,0,0.24487540497968344
2018,11,ESP.1.2_1,0,0.21597603025716916
2018,11,ESP.1.3_1,0,0.21805400144814482
2018,11,ESP.1.4_1,0,0.24308453280719053
2018,11,ESP.1.5_1,0,0.20740785428237288
2018,11,ESP.1.6_1,0,0.20958990416508122
2018,11,ESP.1.7_1,0,0.22809433799861634
2018,11,ESP.1.8_1,0,0.20740785428237288
2018,11,ESP.10.1_1,0,0.21387319079712103
2018,11,ESP.10.2_1,0,0.21805400144814482
2018,11,ESP.10.3_1,0,0.20519772441746548
2018,11,ESP.11.1_1,0,0.22809433799861634
2018,11,ESP.11.2_1,0,0.2029585972364615
2018,11,ESP.12.1_1,0,0.18638331132035063
2018,11,ESP.12.2_1,0,0.19838941090279583
2018,11,ESP.12.4_1,0,0.21805400144814482
2018,11,ESP.13.1_1,0,0.20740785428237288
2018,11,ESP.14.1_1,0,0.2535809600567505
2018,11,ESP.14.2_1,0,0.27450200609713465
2018,11,ESP.15.1_1,0,0.2029585972364615
2018,11,ESP.16.2_1,0.019,0.13659303663678343
2018,11,ESP.16.3_1,0.015,0.12161327966052798
2018,11,ESP.17.1_1,0.144,0.35126540875438816
2018,11,ESP.18.1_1,0,0.23003677296666486
2018,11,ESP.2.1_1,0,0.18387171834952978
2018,11,ESP.2.2_1,0,0.20519772441746548
2018,11,ESP.2.3_1,0,0.19838941090279583
2018,11,ESP.3.1_1,0.023,0.1499783100768024
2018,11,ESP.4.1_1,0,0.2319586273558386
2018,11,ESP.4.2_1,0,0.21387319079712103
2018,11,ESP.4.3_1,0,0.20068950215762726
2018,11,ESP.4.4_1,0,0.22010780869257557
2018,11,ESP.4.5_1,0,0.22213812222431645
2018,11,ESP.5.1_1,0,0.20519772441746548
2018,11,ESP.5.2_1,0,0.20740785428237288
2018,11,ESP.5.3_1,0,0.21805400144814482
2018,11,ESP.5.6_1,0,0.21597603025716916
2018,11,ESP.5.7_1,0,0.20958990416508122
2018,11,ESP.5.8_1,0,0.21805400144814482
2018,11,ESP.5.9_1,0,0.20740785428237288
2018,11,ESP.6.1_1,0,0.20958990416508122
2018,11,ESP.6.2_1,0,0.19605723255834873
2018,11,ESP.6.3_1,0,0.22010780869257557
2018,11,ESP.6.4_1,0,0.19129190414806527
2018,11,ESP.8.1_1,0,0.1678904023081343
2018,11,ESP.9.1_1,0,0.23003677296666486
