year,month,gid_2,est,se
2018,11,ESP.1.1_1,0,0.2619018758859749
2018,11,ESP.1.2_1,0,0.21805400144814482
2018,11,ESP.1.3_1,0,0.22213812222431642
2018,11,ESP.1.4_1,0,0.23574260237507894
2018,11,ESP.1.5_1,0,0.237605674293474
2018,11,ESP.1.6_1,0,0.24840633185509925
2018,11,ESP.1.7_1,0,0.23003677296666486
2018,11,ESP.1.8_1,0,0.19605723255834873
2018,11,ESP.10.1_1,0,0.23574260237507894
2018,11,ESP.10.2_1,0,0.20519772441746548
2018,11,ESP.10.3_1,0,0.22213812222431642
2018,11,ESP.11.1_1,0,0.22809433799861634
2018,11,ESP.11.2_1,0,0.237605674293474
2018,11,ESP.12.1_1,0,0.21174474216810163
2018,11,ESP.12.2_1,0,0.19129190414806527
2018,11,ESP.12.3_1,0,0.19838941090279583
2018,11,ESP.12.4_1,0,0.21387319079712103
2018,11,ESP.13.1_1,0,0.23574260237507894
2018,11,ESP.14.1_1,0,0.2518718710762269
2018,11,ESP.14.2_1,0,0.25014710386805117
2018,11,ESP.15.1_1,0,0.21597603025716916
2018,11,ESP.16.1_1,0,0.19838941090279583
2018,11,ESP.16.2_1,0.022,0.1467567291047928
2018,11,ESP.16.3_1,0.015,0.12161327966052798
2018,11,ESP.17.1_1,0.161,0.3677148544921924
2018,11,ESP.18.1_1,0,0.2261307920985887
2018,11,ESP.2.1_1,0,0.19129190414806527
2018,11,ESP.2.2_1,0,0.2029585972364615
2018,11,ESP.2.3_1,0,0.22809433799861634
2018,11,ESP.3.1_1,0.029,0.1678904023081343
2018,11,ESP.4.1_1,0,0.2319586273558386
2018,11,ESP.4.2_1,0,0.23003677296666486
2018,11,ESP.4.3_1,0,0.2261307920985887
2018,11,ESP.4.4_1,0,0.22414558046332575
2018,11,ESP.4.5_1,0,0.22010780869257557
2018,11,ESP.5.1_1,0,0.21805400144814482
2018,11,ESP.5.2_1,0,0.20068950215762726
2018,11,ESP.5.3_1,0,0.2029585972364615
2018,11,ESP.5.4_1,0,0.17872588772459053
2018,11,ESP.5.5_1,0,0.2261307920985887
2018,11,ESP.5.6_1,0,0.20740785428237288
2018,11,ESP.5.7_1,0,0.21805400144814482
2018,11,ESP.5.8_1,0,0.22414558046332575
2018,11,ESP.5.9_1,0,0.23003677296666486
2018,11,ESP.6.1_1,0,0.22414558046332575
2018,11,ESP.6.2_1,0,0.21174474216810163
2018,11,ESP.6.3_1,0,0.19129190414806527
2018,11,ESP.6.4_1,0,0.19369180807797864
2018,11,ESP.7.1_1,0,0.22213812222431642
2018,11,ESP.7.2_1,0,0.22213812222431642
2018,11,ESP.8.1_1,0,0.21174474216810163
2018,11,ESP.9.1_1,0,0.2261307920985887
