year,month,gid_2,est,se
2017,11,ESP.1.1_1,0,0.3471606552023436
2017,11,ESP.1.2_1,0,0.33313958333104454
2017,11,ESP.1.3_1,0,0.3450725649411658
2017,11,ESP.1.4_1,0,0.35126540875438816
2017,11,ESP.1.5_1,0,0.3408227694273963
2017,11,ESP.1.6_1,0,0.3502480173729377
2017,11,ESP.1.7_1,0,0.3342569785774528
2017,11,ESP.1.8_1,0,0.3461196307619647
2017,11,ESP.10.1_1,0,0.35428310221702153
2017,11,ESP.10.2_1,0,0.3740533597174552
2017,11,ESP.10.3_1,0,0.36585906146062974
2017,11,ESP.11.1_1,0,0.3397446488562056
2017,11,ESP.12.1_1,0,0.3429600875052688
2017,11,ESP.12.3_1,0,0.32974646735443996
2017,11,ESP.12.4_1,0,0.33647171235218754
2017,11,ESP.13.1_1,0,0.3262904618058356
2017,11,ESP.14.1_1,0,0.34189456253630574
2017,11,ESP.14.2_1,0,0.362085771753194
2017,11,ESP.16.1_1,0,0.25527468571161765
2017,11,ESP.16.2_1,0,0.26352313834736496
2017,11,ESP.16.3_1,0,0.239450070654273
2017,11,ESP.17.1_1,0,0.41512809027013736
2017,11,ESP.18.1_1,0,0.34819569244928955
2017,11,ESP.2.1_1,0,0.3397446488562056
2017,11,ESP.2.2_1,0,0.35428310221702153
2017,11,ESP.2.3_1,0,0.3320154126456093
2017,11,ESP.3.1_1,0,0.2586172517116422
2017,11,ESP.4.1_1,0,0.35428310221702153
2017,11,ESP.4.2_1,0,0.34819569244928955
2017,11,ESP.4.3_1,0,0.33647171235218754
2017,11,ESP.4.4_1,0,0.3386601403925338
2017,11,ESP.4.5_1,0,0.3630369069334353
2017,11,ESP.5.1_1,0,0.35725009115132167
2017,11,ESP.5.2_1,0,0.35725009115132167
2017,11,ESP.5.3_1,0,0.3502480173729377
2017,11,ESP.5.6_1,0,0.35725009115132167
2017,11,ESP.5.8_1,0,0.3611293596682696
2017,11,ESP.6.1_1,0,0.33088439746304826
2017,11,ESP.6.2_1,0,0.3440194025768741
2017,11,ESP.6.3_1,0,0.3582280381646966
2017,11,ESP.6.4_1,0,0.3461196307619647
2017,11,ESP.8.1_1,0,0.3440194025768741
2017,11,ESP.9.1_1,0,0.34819569244928955
