year,month,gid_2,est,se
2019,03,ESP.1.1_1,0,0.3117951510466707
2019,03,ESP.1.2_1,0,0.290577761426155
2019,03,ESP.1.3_1,0,0.3117951510466707
2019,03,ESP.1.4_1,0,0.30926792049394103
2019,03,ESP.1.5_1,0,0.3105357184486713
2019,03,ESP.1.7_1,0,0.3408227694273963
2019,03,ESP.1.8_1,0,0.32860155048170264
2019,03,ESP.10.1_1,0,0.3117951510466707
2019,03,ESP.10.2_1,0,0.31797028965786267
2019,03,ESP.10.3_1,0,0.33756918246924283
2019,03,ESP.11.1_1,0,0.33088439746304826
2019,03,ESP.11.2_1,0,0.33313958333104454
2019,03,ESP.12.1_1,0,0.3251241389157466
2019,03,ESP.12.4_1,0,0.30279974849343533
2019,03,ESP.13.1_1,0,0.290577761426155
2019,03,ESP.14.1_1,0,0.3155242550986462
2019,03,ESP.14.2_1,0,0.33536766610911
2019,03,ESP.15.1_1,0,0.32158111638343195
2019,03,ESP.16.2_1,0,0.21805400144814482
2019,03,ESP.16.3_1,0,0.20519772441746548
2019,03,ESP.17.1_1,0.377,0.4848774134831464
2019,03,ESP.18.1_1,0,0.29197474077263813
2019,03,ESP.2.1_1,0,0.3320154126456093
2019,03,ESP.2.2_1,0,0.31918157352340515
2019,03,ESP.2.3_1,0,0.33088439746304826
2019,03,ESP.3.1_1,0,0.290577761426155
2019,03,ESP.4.1_1,0,0.30279974849343533
2019,03,ESP.4.4_1,0,0.3386601403925338
2019,03,ESP.4.5_1,0,0.3105357184486713
2019,03,ESP.5.2_1,0,0.31797028965786267
2019,03,ESP.5.3_1,0,0.3067068128833611
2019,03,ESP.5.4_1,0,0.32395052700056526
2019,03,ESP.5.5_1,0,0.31918157352340515
2019,03,ESP.5.6_1,0,0.3227695465501356
2019,03,ESP.5.7_1,0,0.32158111638343195
2019,03,ESP.5.8_1,0,0.32744957355785825
2019,03,ESP.5.9_1,0,0.33536766610911
2019,03,ESP.6.1_1,0,0.3167512136225074
2019,03,ESP.6.2_1,0,0.3532829019480122
2019,03,ESP.6.3_1,0,0.3227695465501356
2019,03,ESP.6.4_1,0,0.31304631925323445
2019,03,ESP.8.1_1,0,0.34189456253630574
