ID_0,est,se
ALB,0,0
AUT,0.9999986926213205,0.16344077668843787
BEL,0,0
BGR,0,0
CHE,0.99972610417,0.33166007496058886
CHN,0,0
DEU,0.985154440447,0.12799464330022864
ESP,0.90596927832,0.014779970542103815
FRA,0,0
GRC,0,0
HRV,0.2829999999999999,0.15022727748837172
HUN,0.9366212550175695,0.10929918833375749
IND,0,0
ITA,0.49,0.004546819341925912
NLD,0.0050000000000000044,1.987858400294919e-4
PAK,0,0
PER,0,0
ROU,0,0
SRB,0.11699999999999999,0.16079055819171598
SVN,0,0
TUR,0,0
USA,0,0
XKO,0,0
