year,month,gid_2,est,se
2020,10,ESP.1.1_1,0.848,0.3592005359475749
2020,10,ESP.1.2_1,0.316,0.4651455260027343
2020,10,ESP.1.3_1,0.139,0.3461196307619647
2020,10,ESP.1.4_1,0.524,0.4996735671152454
2020,10,ESP.1.5_1,0,0.40963251677424095
2020,10,ESP.1.6_1,0.008,0.08912880535463237
2020,10,ESP.1.7_1,0.892,0.3105357184486713
2020,10,ESP.1.8_1,0.066,0.24840633185509925
2020,10,ESP.10.1_1,0.466,0.4990922691177385
2020,10,ESP.10.2_1,0.743,0.43719805825522845
2020,10,ESP.10.3_1,0.441,0.49675523728066096
2020,10,ESP.11.1_1,0,0.403903624814309
2020,10,ESP.11.2_1,0,0.3901066305296325
2020,10,ESP.12.1_1,0,0.4082225442643334
2020,10,ESP.12.2_1,0,0.3901066305296325
2020,10,ESP.12.3_1,0,0.3917045218432287
2020,10,ESP.12.4_1,0,0.39090767299812473
2020,10,ESP.13.1_1,0.786,0.41033202698835536
2020,10,ESP.14.1_1,0,0.42295376802895357
2020,10,ESP.14.2_1,0,0.41844844258175834
2020,10,ESP.15.1_1,0.004,0.06315051850925682
2020,10,ESP.16.1_1,0,0.3810107205436209
2020,10,ESP.16.2_1,0.124,0.32974646735443996
2020,10,ESP.16.3_1,0.034,0.18131981931624816
2020,10,ESP.17.1_1,0,0.36863517451796685
2020,10,ESP.18.1_1,0.674,0.4689818162188636
2020,10,ESP.2.1_1,0.305,0.4606378047741926
2020,10,ESP.2.2_1,0.01,0.0995485304256668
2020,10,ESP.2.3_1,0.037,0.1888562063228706
2020,10,ESP.3.1_1,0,0.39562674393994207
2020,10,ESP.4.1_1,0.018,0.13301764429463367
2020,10,ESP.4.4_1,0,0.3986915536538929
2020,10,ESP.4.5_1,0.006,0.07726558075864033
2020,10,ESP.5.2_1,0,0.3963989557656934
2020,10,ESP.5.3_1,0,0.3924972026066607
2020,10,ESP.5.4_1,0,0.3932857404911519
2020,10,ESP.5.5_1,0,0.38437969216355294
2020,10,ESP.5.6_1,0,0.3986915536538929
2020,10,ESP.5.7_1,0,0.4046328307586122
2020,10,ESP.5.8_1,0,0.40020015012510946
2020,10,ESP.6.1_1,0.457,0.49839682924292306
2020,10,ESP.6.2_1,0.562,0.4963893657225167
2020,10,ESP.6.3_1,0.285,0.4516403203645341
2020,10,ESP.6.4_1,0.675,0.46860921309188386
2020,10,ESP.7.1_1,0,0.4060799193519681
2020,10,ESP.8.1_1,0.113,0.3167512136225074
2020,10,ESP.9.1_1,0.007,0.08341437500789632
