ID_0,est,se
ESP,0.999999984424587,0.09894341339037613
