year,month,gid_1,est,se
2022,01,ESP.1_1,0,0.17569894300778258
2022,01,ESP.10_1,0,0.16924952061957035
2022,01,ESP.11_1,0,0.1748236237931723
2022,01,ESP.12_1,0,0.14153324056862243
2022,01,ESP.13_1,0,0.20310453843476872
2022,01,ESP.14_1,0,0.17613592289738672
2022,01,ESP.16_1,0,0.17502748367635754
2022,01,ESP.17_1,0,0.3839950947148682
2022,01,ESP.18_1,0,0.18470447118778843
2022,01,ESP.2_1,0,0.17395361110400365
2022,01,ESP.3_1,0,0.13155607857397836
2022,01,ESP.4_1,0,0.15945454160170883
2022,01,ESP.5_1,0,0.17925079353305476
2022,01,ESP.6_1,0,0.18802900131908037
2022,01,ESP.7_1,0,0.20310453843476872
2022,01,ESP.8_1,0,0.17613592289738672
