year,month,gid_1,est,se
2022,01,ESP.1_1,0,0.3235327579154033
2022,01,ESP.10_1,0,0.3513677720712666
2022,01,ESP.11_1,0,0.33138959987618954
2022,01,ESP.12_1,0,0.3522770203960217
2022,01,ESP.13_1,0,0.34189456253630574
2022,01,ESP.14_1,0,0.3386601403925338
2022,01,ESP.16_1,0,0.06515889588095014
2022,01,ESP.17_1,0.008,0.08912880535463237
2022,01,ESP.18_1,0,0.3552776691859794
2022,01,ESP.2_1,0,0.3251241389157466
2022,01,ESP.3_1,0,0
2022,01,ESP.4_1,0,0.3446413611035115
2022,01,ESP.5_1,0,0.34168383059804736
2022,01,ESP.6_1,0,0.34853698568521074
2022,01,ESP.7_1,0,0.3408227694273963
2022,01,ESP.8_1,0,0.32744957355785825
2022,01,ITA.1_1,0,0.3512894875709053
2022,01,ITA.10_1,0,0.15308265098396287
2022,01,ITA.11_1,0,0.3262301229552097
2022,01,ITA.13_1,0,0.3468670905379154
2022,01,ITA.14_1,0,0.3454289082377644
2022,01,ITA.15_1,0,0.3382950910578394
2022,01,ITA.16_1,0,0.32691156050508013
2022,01,ITA.17_1,0,0.3235234463085466
2022,01,ITA.18_1,0,0.3495756114550992
2022,01,ITA.2_1,0,0.34038357915674594
2022,01,ITA.20_1,0,0.21530194292793192
2022,01,ITA.4_1,0,0.3387174848852189
2022,01,ITA.5_1,0,0.3542398732144718
2022,01,ITA.6_1,0,0.33243665302737385
2022,01,ITA.7_1,0,0.16005982855389028
2022,01,ITA.8_1,0,0.11849637651780406
2022,01,ITA.9_1,0,0.3307687599132902
