year,month,gid_2,est,se
2018,05,ESP.1.1_1,0,0.3740533597174552
2018,05,ESP.1.2_1,0,0.3630369069334353
2018,05,ESP.1.3_1,0,0.38270414482007176
2018,05,ESP.1.4_1,0,0.36585906146062974
2018,05,ESP.1.5_1,0,0.38437969216355294
2018,05,ESP.1.6_1,0,0.3704608498090469
2018,05,ESP.1.7_1,0,0.3639828065767441
2018,05,ESP.1.8_1,0,0.3639828065767441
2018,05,ESP.10.1_1,0,0.3677148544921924
2018,05,ESP.10.2_1,0,0.3592005359475749
2018,05,ESP.10.3_1,0,0.3775692765024169
2018,05,ESP.11.1_1,0,0.3860375953518323
2018,05,ESP.11.2_1,0,0.3740533597174552
2018,05,ESP.12.1_1,0,0.37843653921656956
2018,05,ESP.12.2_1,0,0.3810107205436209
2018,05,ESP.12.3_1,0,0.3893013685508382
2018,05,ESP.12.4_1,0,0.38437969216355294
2018,05,ESP.13.1_1,0,0.3775692765024169
2018,05,ESP.14.1_1,0,0.3704608498090469
2018,05,ESP.14.2_1,0,0.36863517451796685
2018,05,ESP.15.1_1,0,0.3677148544921924
2018,05,ESP.16.2_1,0,0.21805400144814482
2018,05,ESP.16.3_1,0,0.2029585972364615
2018,05,ESP.17.1_1,0.701,0.4580489153014215
2018,05,ESP.18.1_1,0,0.3704608498090469
2018,05,ESP.2.1_1,0,0.35725009115132167
2018,05,ESP.2.2_1,0,0.37843653921656956
2018,05,ESP.2.3_1,0,0.3775692765024169
2018,05,ESP.3.1_1,0.073,0.2602666685127751
2018,05,ESP.4.1_1,0,0.3749394345485409
2018,05,ESP.4.2_1,0,0.37226681638655706
2018,05,ESP.4.4_1,0,0.36492351139542817
2018,05,ESP.4.5_1,0,0.3639828065767441
2018,05,ESP.5.1_1,0,0.3630369069334353
2018,05,ESP.5.2_1,0,0.35428310221702153
2018,05,ESP.5.3_1,0,0.36492351139542817
2018,05,ESP.5.5_1,0,0.3818596821043259
2018,05,ESP.5.8_1,0,0.3704608498090469
2018,05,ESP.6.1_1,0,0.37843653921656956
2018,05,ESP.6.2_1,0,0.37929917989348183
2018,05,ESP.6.3_1,0,0.3901066305296325
2018,05,ESP.6.4_1,0,0.3766973598273565
2018,05,ESP.7.2_1,0,0.3775692765024169
2018,05,ESP.8.1_1,0,0.35725009115132167
2018,05,ESP.9.1_1,0,0.362085771753194
