ID_0,est,se
ESP,0.37314092331299875,0.0765974943023542
