year,month,gid_2,est,se
2019,11,ESP.10.1_1,0.969,0.17340435135563662
2019,11,ESP.10.2_1,0.618,0.48611964814468495
2019,11,ESP.10.3_1,1,0
