year,month,gid_2,est,se
2019,11,ESP.1.1_1,0.298,0.4576083537321029
2019,11,ESP.1.2_1,0.028,0.16505527329729044
2019,11,ESP.1.3_1,0.003,0.05471740119919799
2019,11,ESP.1.4_1,0.241,0.42790431418963526
2019,11,ESP.1.5_1,0,0.3630369069334353
2019,11,ESP.1.6_1,0.088,0.28343665312788385
2019,11,ESP.1.7_1,0.299,0.4580489153014215
2019,11,ESP.1.8_1,0,0
2019,11,ESP.10.1_1,0.432,0.49560228169533443
2019,11,ESP.10.2_1,0.269,0.4436618485241162
2019,11,ESP.10.3_1,0.194,0.39562674393994207
2019,11,ESP.11.1_1,0,0.3429600875052688
2019,11,ESP.11.2_1,0,0.3429600875052688
2019,11,ESP.12.1_1,0,0.30926792049394103
2019,11,ESP.12.2_1,0,0.33313958333104454
2019,11,ESP.12.3_1,0,0.3155242550986462
2019,11,ESP.12.4_1,0,0.3342569785774528
2019,11,ESP.13.1_1,0.389,0.48776727741507725
2019,11,ESP.14.1_1,0,0.38354413840665863
2019,11,ESP.14.2_1,0,0.4060799193519681
2019,11,ESP.15.1_1,0.004,0.06315051850925682
2019,11,ESP.16.1_1,0,0.3105357184486713
2019,11,ESP.16.2_1,0.007,0.08341437500789632
2019,11,ESP.16.3_1,0.026,0.15921478998305827
2019,11,ESP.17.1_1,0,0.3117951510466707
2019,11,ESP.18.1_1,0.745,0.4360793106364542
2019,11,ESP.2.1_1,0.002,0.04469897088298564
2019,11,ESP.2.2_1,0.008,0.08912880535463237
2019,11,ESP.2.3_1,0.009,0.09448771310560929
2019,11,ESP.3.1_1,0,0.32860155048170264
2019,11,ESP.4.1_1,0.033,0.17872588772459053
2019,11,ESP.4.2_1,0,0.3450725649411658
2019,11,ESP.4.3_1,0.003,0.05471740119919799
2019,11,ESP.4.4_1,0,0.33647171235218754
2019,11,ESP.4.5_1,0.002,0.04469897088298564
2019,11,ESP.5.1_1,0,0.32158111638343195
2019,11,ESP.5.2_1,0,0.2988114594326802
2019,11,ESP.5.3_1,0,0.33088439746304826
2019,11,ESP.5.4_1,0,0.3397446488562056
2019,11,ESP.5.5_1,0,0.3227695465501356
2019,11,ESP.5.6_1,0,0.3117951510466707
2019,11,ESP.5.7_1,0,0.30279974849343533
2019,11,ESP.5.8_1,0,0.32974646735443996
2019,11,ESP.5.9_1,0,0.3262904618058356
2019,11,ESP.6.1_1,0.277,0.4477404063421923
2019,11,ESP.6.2_1,0.18,0.38437969216355294
2019,11,ESP.6.3_1,0.086,0.28050433629924987
2019,11,ESP.6.4_1,0.137,0.3440194025768741
2019,11,ESP.7.1_1,0,0.33647171235218754
2019,11,ESP.7.2_1,0,0.3562666500332664
2019,11,ESP.8.1_1,0.002,0.04469897088298564
2019,11,ESP.9.1_1,0,0
