year,month,gid_1,est,se
2022,04,HUN.10_1,0.167,0.3731624984510773
2022,04,HUN.12_1,0.129,0.33536766610911
2022,04,HUN.13_1,0.16,0.366789496216201
2022,04,HUN.14_1,0.155,0.362085771753194
2022,04,HUN.16_1,0.148,0.3552776691859794
2022,04,HUN.17_1,0.179,0.38354413840665863
2022,04,HUN.19_1,0.108,0.3105357184486713
2022,04,HUN.2_1,0.215,0.4110279113928201
2022,04,HUN.4_1,0.214,0.41033202698835536
2022,04,HUN.5_1,0.126,0.3320154126456093
2022,04,HUN.8_1,0.173,0.37843653921656956
2022,04,ITA.10_1,0.398,0.48973037054672836
2022,04,ITA.17_1,0.234,0.42358402168096876
2022,04,ITA.20_1,0.413,0.49261919742705285
