year,month,gid_2,est,se
2020,11,ESP.1.1_1,0.193,0.39485048677557294
2020,11,ESP.1.2_1,0.181,0.38521083498181535
2020,11,ESP.1.3_1,0.316,0.4651455260027343
2020,11,ESP.1.4_1,0.152,0.3592005359475749
2020,11,ESP.1.5_1,0.066,0.24840633185509925
2020,11,ESP.1.6_1,0.135,0.34189456253630574
2020,11,ESP.1.7_1,0.266,0.44208533049564025
2020,11,ESP.1.8_1,0.536,0.498951854343636
2020,11,ESP.10.1_1,0.162,0.36863517451796685
2020,11,ESP.10.2_1,0.171,0.3766973598273565
2020,11,ESP.10.3_1,0.281,0.4497123983628217
2020,11,ESP.11.1_1,0.273,0.4457237593730782
2020,11,ESP.11.2_1,0.071,0.25695335184625445
2020,11,ESP.12.1_1,0.855,0.3522770203960217
2020,11,ESP.12.2_1,0,0.40963251677424095
2020,11,ESP.12.3_1,0,0.4060799193519681
2020,11,ESP.12.4_1,0.074,0.2619018758859749
2020,11,ESP.13.1_1,0.251,0.43380547159664457
2020,11,ESP.14.1_1,0.194,0.39562674393994207
2020,11,ESP.14.2_1,0.054,0.2261307920985887
2020,11,ESP.15.1_1,0.157,0.3639828065767441
2020,11,ESP.16.1_1,0,0.4082225442643334
2020,11,ESP.16.2_1,0.156,0.3630369069334353
2020,11,ESP.16.3_1,0.326,0.4689818162188636
2020,11,ESP.17.1_1,0.473,0.4995202903992194
2020,11,ESP.18.1_1,0.258,0.43775292989039793
2020,11,ESP.2.1_1,0,0.39944781706570703
2020,11,ESP.2.2_1,0.072,0.2586172517116422
2020,11,ESP.2.3_1,0.274,0.44623214039681536
2020,11,ESP.3.1_1,0.154,0.3611293596682696
2020,11,ESP.4.1_1,0.077,0.26672484350382913
2020,11,ESP.4.2_1,0,0.402433787041984
2020,11,ESP.4.3_1,0,0.4060799193519681
2020,11,ESP.4.4_1,0.253,0.43494847991478275
2020,11,ESP.4.5_1,0.082,0.27450200609713465
2020,11,ESP.5.1_1,0.59,0.4920794063381866
2020,11,ESP.5.2_1,0.065,0.24664921616708177
2020,11,ESP.5.3_1,0.079,0.26987373312686774
2020,11,ESP.5.4_1,0,0.42607222103481185
2020,11,ESP.5.5_1,0.156,0.3630369069334353
2020,11,ESP.5.6_1,0,0.40963251677424095
2020,11,ESP.5.7_1,0,0.41713067256915787
2020,11,ESP.5.8_1,0,0.42358402168096876
2020,11,ESP.5.9_1,0,0.4177912750998392
2020,11,ESP.6.1_1,0.784,0.4117201883725323
2020,11,ESP.6.2_1,0.413,0.49261919742705285
2020,11,ESP.6.3_1,0.073,0.2602666685127751
2020,11,ESP.6.4_1,0.282,0.45019848809017415
2020,11,ESP.7.1_1,0.086,0.28050433629924987
2020,11,ESP.7.2_1,0,0.4082225442643334
2020,11,ESP.8.1_1,0.689,0.4631344227041362
2020,11,ESP.9.1_1,0,0.4291097005838194
