year,month,gid_2,est,se
2020,11,ESP.10.1_1,0.253,0.43494847991478275
2020,11,ESP.10.2_1,0.863,0.3440194025768741
2020,11,ESP.10.3_1,0.845,0.362085771753194
