year,month,gid_2,est,se
2020,11,ESP.1.1_1,0.182,0.3860375953518323
2020,11,ESP.1.2_1,0.163,0.36955049393495276
2020,11,ESP.1.3_1,0.285,0.4516403203645341
2020,11,ESP.1.4_1,0.155,0.362085771753194
2020,11,ESP.1.5_1,0.07,0.25527468571161765
2020,11,ESP.1.6_1,0.153,0.3601676286407771
2020,11,ESP.1.7_1,0.278,0.4482375674984382
2020,11,ESP.1.8_1,0.519,0.4998888765404656
2020,11,ESP.10.1_1,0.144,0.35126540875438816
2020,11,ESP.10.2_1,0.175,0.38015722999769386
2020,11,ESP.10.3_1,0.29,0.4539891035103223
2020,11,ESP.11.1_1,0.278,0.4482375674984382
2020,11,ESP.11.2_1,0.072,0.2586172517116422
2020,11,ESP.12.1_1,0.856,0.35126540875438816
2020,11,ESP.12.2_1,0,0.4248346554654934
2020,11,ESP.12.3_1,0,0.42358402168096876
2020,11,ESP.12.4_1,0.064,0.24487540497968344
2020,11,ESP.13.1_1,0.248,0.432067914433232
2020,11,ESP.14.1_1,0.187,0.3901066305296325
2020,11,ESP.14.2_1,0.066,0.24840633185509925
2020,11,ESP.15.1_1,0.153,0.3601676286407771
2020,11,ESP.16.1_1,0,0.43494847991478275
2020,11,ESP.16.2_1,0.159,0.36585906146062974
2020,11,ESP.16.3_1,0.314,0.4643485970901814
2020,11,ESP.17.1_1,0.452,0.4979396991041626
2020,11,ESP.18.1_1,0.267,0.4426137220047599
2020,11,ESP.2.1_1,0,0.4110279113928201
2020,11,ESP.2.2_1,0.071,0.25695335184625445
2020,11,ESP.2.3_1,0.288,0.4530576798391804
2020,11,ESP.3.1_1,0.155,0.362085771753194
2020,11,ESP.4.1_1,0.066,0.24840633185509925
2020,11,ESP.4.4_1,0.259,0.4383048152953731
2020,11,ESP.4.5_1,0.068,0.2518718710762269
2020,11,ESP.5.1_1,0.594,0.4913302406787164
2020,11,ESP.5.2_1,0.075,0.26352313834736496
2020,11,ESP.5.5_1,0.159,0.36585906146062974
2020,11,ESP.5.6_1,0,0.4124088760939574
2020,11,ESP.5.8_1,0,0.4197525368502163
2020,11,ESP.5.9_1,0,0.40751204407485436
2020,11,ESP.6.1_1,0.784,0.4117201883725323
2020,11,ESP.6.2_1,0.415,0.4929685771101623
2020,11,ESP.6.3_1,0.073,0.2602666685127751
2020,11,ESP.6.4_1,0.255,0.4360793106364542
2020,11,ESP.7.2_1,0,0.39944781706570703
2020,11,ESP.8.1_1,0.653,0.4762539425745658
2020,11,ESP.9.1_1,0,0.4144535821678608
