year,month,gid_3,est,se
2019,07,ESP.10.1.1_1,0.54,0.49864681754589457
2019,07,ESP.10.1.4_1,0.459,0.4985655098054493
2019,07,ESP.10.1.6_1,0.502,0.5002461856388775
2019,07,ESP.10.1.7_1,0.549,0.49784219070589714
2019,07,ESP.10.1.9_1,0.497,0.5002411830719671
2019,07,ESP.10.2.5_1,0.495,0.50022517452166
2019,07,ESP.10.2.7_1,0.523,0.4997206426802086
2019,07,ESP.10.2.8_1,0.526,0.4995733915788286
2019,07,ESP.10.3.1_1,0.538,0.49880337288836046
2019,07,ESP.10.3.13_1,0.49,0.5001501276118503
2019,07,ESP.10.3.4_1,0.614,0.48707416400507353
2019,07,ESP.10.3.7_1,0.582,0.49347696959383985
2019,07,ESP.10.3.8_1,0.549,0.49784219070589714
2019,07,ESP.18.1.5_1,0.488,0.5001060948499889
2019,07,ESP.6.1.10_1,0.555,0.49721446300587663
2019,07,ESP.6.1.11_1,0.574,0.494741112874975
2019,07,ESP.6.1.12_1,0.538,0.49880337288836046
2019,07,ESP.6.1.3_1,0.602,0.48973037054672836
2019,07,ESP.6.1.5_1,0.547,0.4980351785155734
2019,07,ESP.6.1.6_1,0.567,0.4957385972029581
2019,07,ESP.6.1.9_1,0.483,0.49996095943679536
2019,07,ESP.6.2.4_1,0.527,0.4995202903992194
2019,07,ESP.6.2.5_1,0.456,0.4983094543677777
2019,07,ESP.6.2.6_1,0.534,0.4990922691177385
2019,07,ESP.6.2.7_1,0.53,0.49934892545128134
2019,07,ESP.6.4.2_1,0.568,0.49560228169533443
2019,07,ESP.6.4.3_1,0.504,0.5002341793942455
2019,07,ESP.6.4.7_1,0.487,0.5000810745080052
