year,month,gid_3,est,se
2016,09,ESP.10.1.1_1,0.937,0.24308453280719053
2016,09,ESP.10.1.2_1,0.157,0.3639828065767441
2016,09,ESP.10.1.3_1,0.044,0.20519772441746548
2016,09,ESP.10.1.4_1,1,0
2016,09,ESP.10.1.5_1,0.254,0.43551541152257023
2016,09,ESP.10.1.6_1,0.762,0.42607222103481185
2016,09,ESP.10.1.7_1,0.384,0.48660125439704816
2016,09,ESP.10.1.8_1,0.153,0.3601676286407771
2016,09,ESP.10.1.9_1,0.902,0.29746341705239066
2016,09,ESP.10.2.1_1,0.265,0.4415540396938635
2016,09,ESP.10.2.2_1,0.99,0.0995485304256668
2016,09,ESP.10.2.3_1,0.997,0.054717401199198
2016,09,ESP.10.2.5_1,0.999,0.03162277660168379
2016,09,ESP.10.2.7_1,0.737,0.4404827181911057
2016,09,ESP.10.2.8_1,0.495,0.50022517452166
2016,09,ESP.10.3.1_1,0.996,0.06315051850925682
2016,09,ESP.10.3.10_1,0.312,0.46354166034011535
2016,09,ESP.10.3.11_1,0.997,0.05471740119919799
2016,09,ESP.10.3.12_1,0.041,0.19838941090279583
2016,09,ESP.10.3.13_1,0.515,0.5000250243988045
2016,09,ESP.10.3.14_1,0.299,0.4580489153014215
2016,09,ESP.10.3.16_1,0.314,0.4643485970901814
2016,09,ESP.10.3.17_1,0.539,0.49872610491905045
2016,09,ESP.10.3.18_1,0.289,0.45352473436923446
2016,09,ESP.10.3.2_1,0.677,0.46785669802824226
2016,09,ESP.10.3.3_1,0.097,0.296105857217784
2016,09,ESP.10.3.4_1,0.862,0.3450725649411658
2016,09,ESP.10.3.5_1,0.999,0.03162277660168379
2016,09,ESP.10.3.6_1,0.596,0.4909429956981004
2016,09,ESP.10.3.7_1,0.996,0.06315051850925682
2016,09,ESP.10.3.8_1,0.966,0.18131981931624816
2016,09,ESP.10.3.9_1,0.29,0.4539891035103223
