year,month,gid_3,est,se
2022,09,ARG.24.2_1,0.025454,0.0796472285666971
2022,09,DOM.5.1_1,0.002937,0.0273723902179686
2022,09,GTM.7.7_1,0.013706000000000001,0.05880401658748555
2022,09,HND.8.4_1,0.003916,0.03159105873485386
2022,09,IND.20.26.7_1,0.003916,0.03159105873485386
2022,09,IND.34.1.5_1,0.033286,0.0907052736387753
2022,09,MEX.14.40_2,0.003916,0.03159105873485386
2022,09,MEX.14.99_2,0.08125700000000001,0.13807918981315126
2022,09,MEX.16.57_2,0.466004,0.2499617957163377
2022,09,MEX.17.7_2,0.005874,0.03865212127388954
2022,09,MEX.31.50_2,0.085173,0.14105858766051932
2022,09,MEX.4.5_2,0.072446,0.13101646255951868
2022,09,MEX.9.9_2,0.001958,0.022360668572260937
2022,09,PAK.7.5.2_1,0.010768999999999999,0.05220342584680258
2022,09,PER.13.11.10_1,0.020559,0.07176381358201868
2022,09,PRI.52_1,0.07342499999999999,0.13182749941006933
2022,09,PRI.65_1,0.025453999999999997,0.07964722856669712
2022,09,USA.10.43_1,0.13020700000000002,0.1699573243455701
2022,09,USA.5.19_1,0.001958,0.022360668572260937
2022,09,VEN.14.3_1,0.014684999999999998,0.06083706597168777
