year,month,gid_2,est,se
2018,08,ESP.10.1_1,1,0
2018,08,ESP.10.2_1,1,0
2018,08,ESP.10.3_1,1,0
2018,08,ESP.18.1_1,1,0
2018,08,ESP.2.1_1,0.99,0.0995485304256668
2018,08,ESP.2.2_1,0.276,0.44724045436881493
2018,08,ESP.2.3_1,0.824,0.3810107205436209
2018,08,ESP.4.1_1,0.416,0.49314012936201734
2018,08,ESP.4.3_1,0.201,0.40094857495663927
2018,08,ESP.6.1_1,0.999,0.03162277660168379
2018,08,ESP.6.2_1,1,0
2018,08,ESP.6.3_1,1,0
2018,08,ESP.6.4_1,1,0
2018,08,FRA.11.11_1,0.507,0.5002011607355596
2018,08,FRA.11.6_1,0.45,0.497742652128334
