year,month,gid_2,est,se
2018,08,ESP.1.1_1,0.627,0.48384409173317916
2018,08,ESP.1.2_1,0.521,0.49980877224075293
2018,08,ESP.1.3_1,0.304,0.4602127723084137
2018,08,ESP.1.4_1,0.51,0.5001501276118503
2018,08,ESP.1.5_1,0,0.49839682924292306
2018,08,ESP.1.6_1,0.139,0.3461196307619647
2018,08,ESP.1.7_1,0.998,0.04469897088298564
2018,08,ESP.1.8_1,0.153,0.3601676286407771
2018,08,ESP.10.1_1,0.92,0.27142894774447635
2018,08,ESP.10.2_1,0.813,0.3901066305296325
2018,08,ESP.10.3_1,0.973,0.162164414398774
2018,08,ESP.11.1_1,0,0.4979396991041626
2018,08,ESP.11.2_1,0,0.49721446300587663
2018,08,ESP.12.1_1,0,0.49812863010685515
2018,08,ESP.12.2_1,0,0.49532347546360583
2018,08,ESP.12.3_1,0,0.4988786223921405
2018,08,ESP.12.4_1,0,0.49940805801309257
2018,08,ESP.13.1_1,0.99,0.0995485304256668
2018,08,ESP.14.1_1,0,0.4976410821532389
2018,08,ESP.14.2_1,0,0.4988786223921405
2018,08,ESP.15.1_1,0.017,0.1293357171384909
2018,08,ESP.16.1_1,0,0.39944781706570703
2018,08,ESP.16.2_1,0.079,0.26987373312686774
2018,08,ESP.16.3_1,0.075,0.26352313834736496
2018,08,ESP.17.1_1,0,0.49710271686152663
2018,08,ESP.18.1_1,0.995,0.07056897321046962
2018,08,ESP.2.1_1,0.533,0.49915945364198017
2018,08,ESP.2.2_1,0.074,0.2619018758859749
2018,08,ESP.2.3_1,0.233,0.42295376802895357
2018,08,ESP.3.1_1,0,0.49380547166252
2018,08,ESP.4.1_1,0.029,0.1678904023081343
2018,08,ESP.4.2_1,0,0.26987373312686774
2018,08,ESP.4.3_1,0.036,0.18638331132035063
2018,08,ESP.4.4_1,0,0.2790212408632233
2018,08,ESP.4.5_1,0.041,0.19838941090279583
2018,08,ESP.5.1_1,0,0.49698893146427114
2018,08,ESP.5.2_1,0,0.49518098126261295
2018,08,ESP.5.3_1,0,0.497742652128334
2018,08,ESP.5.4_1,0,0.49443752736667196
2018,08,ESP.5.5_1,0,0.4973241712719495
2018,08,ESP.5.6_1,0,0.49698893146427114
2018,08,ESP.5.7_1,0,0.4958728565770563
2018,08,ESP.5.8_1,0,0.49396660110072527
2018,08,ESP.5.9_1,0,0.49503642397409614
2018,08,ESP.6.1_1,0.959,0.19838941090279583
2018,08,ESP.6.2_1,0.816,0.387678080750375
2018,08,ESP.6.3_1,0.611,0.48776727741507725
2018,08,ESP.6.4_1,0.868,0.3386601403925338
2018,08,ESP.7.1_1,0,0.49396660110072527
2018,08,ESP.8.1_1,0.053,0.22414558046332575
2018,08,ESP.9.1_1,0,0.13301764429463367
