year,month,gid_1,est,se
2016,11,ESP.10_1,0.63,0.48304589153964794
2016,11,ESP.6_1,0.552,0.49753747953651045
