ID_1,est,se
ESP.1_1,0.04136068425958428,0.06053107760532406
ESP.10_1,0.030705825000000075,0.09884562936045665
ESP.11_1,0.001998999999999973,0.03162277660168379
ESP.12_1,0,0
ESP.13_1,0.016000000000000014,0.12553788177183714
ESP.14_1,0.012970000000000037,0.0771329658124324
ESP.15_1,0.0010000000000000009,0.03162277660168379
ESP.16_1,0.010962040000000006,0.05947282086757069
ESP.17_1,0,0
ESP.18_1,0.006000000000000005,0.07726558075864033
ESP.2_1,0.0069850089999999865,0.04701919300002659
ESP.3_1,0.0020000000000000018,0.04469897088298564
ESP.4_1,0.018870399456256015,0.058350317971563086
ESP.5_1,0.028662133969773684,0.05247241054617932
ESP.6_1,0.022826432000000008,0.0652205248047205
ESP.7_1,0.423129,0.4261231193895004
ESP.8_1,0.0030000000000000027,0.05471740119919799
ESP.9_1,0,0
