year,month,gid_4,est,se
2021,04,ESP.10.1.1.3_1,0.166,0.37226681638655706
2021,04,ESP.10.1.1.8_1,0.154,0.3611293596682696
2021,04,ESP.10.1.4.20_1,0.674,0.4689818162188636
2021,04,ESP.10.1.4.23_1,0.161,0.3677148544921924
2021,04,ESP.10.1.4.27_1,0.12,0.3251241389157466
2021,04,ESP.10.1.6.12_1,0.091,0.28775302222878874
2021,04,ESP.10.1.6.27_1,0.712,0.4530576798391804
2021,04,ESP.10.1.7.1_1,0.236,0.4248346554654934
2021,04,ESP.10.1.7.10_1,0.021,0.14345584540052586
2021,04,ESP.10.1.7.2_1,0.421,0.49396660110072527
2021,04,ESP.10.1.7.6_1,0.302,0.45935499018406994
2021,04,ESP.10.1.9.3_1,0.017,0.1293357171384909
2021,04,ESP.10.2.5.11_1,0.963,0.1888562063228706
2021,04,ESP.10.2.7.2_1,0.102,0.30279974849343533
2021,04,ESP.10.2.7.6_1,0.108,0.3105357184486713
2021,04,ESP.10.2.8.8_1,0.097,0.296105857217784
2021,04,ESP.10.3.1.14_1,0.035,0.18387171834952978
2021,04,ESP.10.3.13.9_1,0.078,0.26830577330349786
2021,04,ESP.10.3.4.1_1,0.344,0.475278749672116
2021,04,ESP.10.3.7.19_1,0.162,0.36863517451796685
2021,04,ESP.10.3.7.2_1,0.533,0.49915945364198017
2021,04,ESP.10.3.7.4_1,0.353,0.4781418404821101
2021,04,ESP.10.3.8.5_1,0.082,0.27450200609713465
