year,month,gid_1,est,se
2019,10,ARG.24_1,5.579356469185561e-4,0.0012560872812880785
2019,10,DOM.5_1,0.8915658324140868,0.9543619368956107
2019,10,GTM.7_1,0.004106610639870464,0.011929839130922071
2019,10,HND.8_1,0.0017766530057806518,0.003974250546931341
2019,10,IND.20_1,3.076708678301898e-5,6.84521143782496e-5
2019,10,IND.34_1,3.4342486242888805e-5,7.975238260176574e-5
2019,10,MEX.14_1,5.761746953112164e-4,6.780284820831839e-4
2019,10,MEX.16_1,1.334907263530154e-4,3.9588397698627793e-4
2019,10,MEX.17_1,0.004984746490719485,0.008488815843591895
2019,10,MEX.31_1,3.308506569037759e-4,7.61504892574031e-4
2019,10,MEX.9_1,0.004624741253715254,0.015230278233526741
2019,10,PAK.7_1,2.0687983066855273e-5,6.343060385034712e-5
2019,10,PER.13_1,8.765816794994222e-4,0.0016377488749035332
2019,10,PRI.52_1,0.22446709610135498,0.44117338888781954
2019,10,PRI.65_1,0.26931638602424246,0.41894198569238383
2019,10,USA.5_1,3.989958975563057e-6,9.39256726428354e-6
2019,10,VEN.14_1,0.0010279536339871487,0.0020502473849561445
