year,month,gid_1,est,se
2019,10,ARG.24_1,0.004895,0.03530214209125596
2019,10,DOM.5_1,0.5433450000000001,0.2487316284241594
2019,10,GTM.7_1,0.07832,0.1357823820445499
2019,10,HND.8_1,0.005874,0.03865212127388954
2019,10,IND.20_1,0.00979,0.04979917102635736
2019,10,IND.34_1,0.07342499999999999,0.13182749941006933
2019,10,MEX.14_1,0.11844311581594841,0.10215135153872007
2019,10,MEX.16_1,0.013706,0.058804016587485554
2019,10,MEX.17_1,0.151745,0.181133475267243
2019,10,MEX.31_1,0.079299,0.13655411163264972
2019,10,MEX.4_1,0.933966,0.10484738888946601
2019,10,MEX.9_1,0.006853,0.04172805675094036
2019,10,PAK.7_1,0.006853,0.04172805675094036
2019,10,PER.13_1,0.044055,0.10375581802616557
2019,10,PRI.52_1,0.077341,0.13500438564024525
2019,10,PRI.65_1,0.09692100000000001,0.1494804886550771
2019,10,USA.10_1,0.030348999999999998,0.08674555930609125
2019,10,USA.5_1,0,0
2019,10,VEN.14_1,0.029369999999999997,0.0853789895356956
