year,month,gid_2,est,se
2021,11,ESP.1.1_1,0,0.2261307920985887
2021,11,ESP.1.2_1,0,0.2338604085575211
2021,11,ESP.1.3_1,0,0.23003677296666486
2021,11,ESP.1.4_1,0,0.24127621974453722
2021,11,ESP.1.5_1,0,0.23574260237507894
2021,11,ESP.1.7_1,0,0.24487540497968344
2021,11,ESP.1.8_1,0,0.22010780869257557
2021,11,ESP.10.1_1,0,0.22809433799861634
2021,11,ESP.10.2_1,0,0.21597603025716916
2021,11,ESP.10.3_1,0,0.22809433799861634
2021,11,ESP.11.2_1,0,0.20068950215762726
2021,11,ESP.12.1_1,0,0.19605723255834873
2021,11,ESP.12.3_1,0,0.20068950215762726
2021,11,ESP.13.1_1,0,0.20068950215762726
2021,11,ESP.14.1_1,0,0.27142894774447635
2021,11,ESP.16.2_1,0.035,0.18387171834952978
2021,11,ESP.16.3_1,0.028,0.16505527329729044
2021,11,ESP.17.1_1,0.152,0.3592005359475749
2021,11,ESP.18.1_1,0,0.22213812222431642
2021,11,ESP.2.1_1,0,0.20958990416508122
2021,11,ESP.2.3_1,0,0.22010780869257557
2021,11,ESP.3.1_1,0.01,0.0995485304256668
2021,11,ESP.4.2_1,0,0.22213812222431642
2021,11,ESP.4.3_1,0,0.21597603025716916
2021,11,ESP.4.5_1,0,0.21597603025716916
2021,11,ESP.5.2_1,0,0.19605723255834873
2021,11,ESP.5.8_1,0,0.2029585972364615
2021,11,ESP.6.1_1,0,0.20519772441746548
2021,11,ESP.6.2_1,0,0.19605723255834873
2021,11,ESP.6.3_1,0,0.21174474216810163
2021,11,ESP.6.4_1,0,0.21805400144814482
2021,11,ESP.8.1_1,0,0.21805400144814482
2021,11,ESP.9.1_1,0,0.18131981931624816
