year,month,gid_3,est,se
2022,11,ESP.10.1.1_1,0.415,0.4929685771101623
2022,11,ESP.10.1.2_1,0.524,0.4996735671152454
2022,11,ESP.10.1.4_1,0.904,0.2947386484173239
2022,11,ESP.10.1.5_1,0.343,0.47494902524015836
2022,11,ESP.10.1.6_1,0.713,0.4525879316064844
2022,11,ESP.10.1.7_1,0.917,0.2760202658994212
2022,11,ESP.10.1.8_1,0.192,0.39407016036651554
2022,11,ESP.10.1.9_1,0.113,0.3167512136225074
2022,11,ESP.10.2.3_1,0.352,0.47783294604320065
2022,11,ESP.10.2.5_1,0.476,0.4996735671152454
2022,11,ESP.10.2.7_1,0.551,0.4976410821532389
2022,11,ESP.10.2.8_1,0.971,0.1678904023081343
2022,11,ESP.10.3.1_1,0.047,0.21174474216810163
2022,11,ESP.10.3.10_1,0.823,0.3818596821043259
2022,11,ESP.10.3.11_1,0.957,0.2029585972364615
2022,11,ESP.10.3.12_1,0.813,0.3901066305296325
2022,11,ESP.10.3.13_1,0.753,0.43148253403489834
2022,11,ESP.10.3.14_1,0.181,0.38521083498181535
2022,11,ESP.10.3.16_1,0.022,0.1467567291047928
2022,11,ESP.10.3.18_1,0.515,0.5000250243988045
2022,11,ESP.10.3.2_1,0.992,0.08912880535463237
2022,11,ESP.10.3.4_1,0.113,0.3167512136225074
2022,11,ESP.10.3.6_1,0,0
2022,11,ESP.10.3.6_1,0,0
2022,11,ESP.10.3.7_1,0.989,0.10435463521037237
2022,11,ESP.10.3.8_1,0.527,0.4995202903992194
