year,month,gid_1,est,se
2016,03,ESP.10_1,0.016956032012674097,0.20985389644047456
2016,03,ESP.2_1,0.002247683434950993,0.02810793686762889
2016,03,ESP.6_1,0.009873386347648117,0.11558037676591869
