ID_0,est,se
ALB,0.9996850911302668,0.3644117570933625
ARE,0.11699999999999999,0.32158111638343195
AUT,0.9980876469276316,0.21826793323976473
BEL,0.8398493206203111,0.32491909290534643
BGR,0.027000000000000024,0.0405411035996935
CHE,0.98300110474,0.47821684362070876
CHN,0,0
COL,0.017000000000000015,0.1293357171384909
CZE,0.2518079999999999,0.335090646192975
DEU,0.9999626321179315,0.3735626553809889
DNK,0.73,0.44418160396092193
ESP,0.9098980019358904,0.04464506438656524
FRA,0.9753582296637342,0.23657804862718587
GBR,0.23199999999999998,0.42232020358296185
GMB,0.367,0.48222768848702946
GRC,0.309855376,0.23292263052914455
HRV,0.996758588224,0.33792673914219645
HUN,0.9998911334989375,0.1664494336700432
IND,0.24178700000984,0.1347678411838704
IRN,0,0
ITA,0.9999999999998985,0.2284481020428468
MAR,0.208426,0.25601111862385934
MEX,0.21963485799999993,0.22426691405818333
NLD,1,0.3906834469134902
PAK,0,0
PER,0.0030000000000000027,0.018239133733065998
POL,0.123,0.32860155048170264
PRT,0.9994360747853079,0.4005302301843921
ROU,0.550714416,0.28124805974585126
RUS,0,0
SAU,0.0010000000000000009,0.03162277660168379
SRB,0.95970373984,0.37937122549063584
SVN,0,0
TUR,0.985881524767094,0.33528043626998383
USA,0.0030000000000000027,0.05471740119919799
UZB,0.813,0.3901066305296325
XKO,0.6824413472049999,0.408239760822782
