ID_1,est,se
ESP.1_1,1,0.15468005114325556
ESP.10_1,1,0
ESP.11_1,0,0
ESP.12_1,0,0
ESP.13_1,1,0
ESP.14_1,0,0
ESP.15_1,0.013000000000000012,0.11333068359382575
ESP.16_1,0.925965,0.20479630232411108
ESP.17_1,0,0
ESP.18_1,1,0
ESP.2_1,0.997015474,0.32069809120887793
ESP.3_1,0,0
ESP.4_1,0.3795874229999999,0.17410392499669541
ESP.5_1,0,0
ESP.6_1,1,0.02158504445022045
ESP.7_1,0,0
ESP.8_1,0.16700000000000004,0.3731624984510773
ESP.9_1,0.0050000000000000044,0.07056897321046962
