year,month,gid_1,est,se
2021,07,ESP.1_1,0.7282479355113974,0.37492219850041325
2021,07,ESP.10_1,0.9667685799731868,0.13741402559665536
2021,07,ESP.11_1,0,0.49862781129795725
2021,07,ESP.12_1,0,0.4985894105132629
2021,07,ESP.13_1,0.8960727272727272,0.3155242550986462
2021,07,ESP.14_1,0,0.48866026146838293
2021,07,ESP.15_1,0.060545454545454555,0.237605674293474
2021,07,ESP.16_1,0.26713070552454193,0.4626750558612068
2021,07,ESP.17_1,0,0.49915945364198017
2021,07,ESP.18_1,0.8708454545454546,0.3440194025768741
2021,07,ESP.2_1,0.30850348188188464,0.39341894052782417
2021,07,ESP.3_1,0,0.4988033728883605
2021,07,ESP.4_1,0.10761403846680354,0.41855584163238246
2021,07,ESP.5_1,0,0.4976019323503309
2021,07,ESP.6_1,0.9199137000902352,0.26960657296711643
2021,07,ESP.7_1,0,0.4968393389046394
2021,07,ESP.8_1,0.19071818181818181,0.3917045218432287
2021,07,ESP.9_1,0.05449090909090909,0.2261307920985887
