year,month,gid_3,est,se
2016,04,ESP.10.1.1_1,0,0
2016,04,ESP.10.1.2_1,0,0
2016,04,ESP.10.1.4_1,0,0
2016,04,ESP.10.1.5_1,0.0017973888563215005,0.050806812083389136
2016,04,ESP.10.1.6_1,0,0
2016,04,ESP.10.1.7_1,0,0
2016,04,ESP.10.1.8_1,0,0
2016,04,ESP.10.1.9_1,0,0
2016,04,ESP.10.2.3_1,2.723876889782502e-4,0.01219245357014291
2016,04,ESP.10.2.5_1,0,0
2016,04,ESP.10.2.7_1,0,0
2016,04,ESP.10.2.8_1,0,0
2016,04,ESP.10.3.1_1,0,0
2016,04,ESP.10.3.10_1,0,0
2016,04,ESP.10.3.11_1,0,0
2016,04,ESP.10.3.12_1,0,0
2016,04,ESP.10.3.13_1,0,0
2016,04,ESP.10.3.14_1,0,0
2016,04,ESP.10.3.16_1,0,0
2016,04,ESP.10.3.17_1,0,0
2016,04,ESP.10.3.18_1,1.177837830548509e-4,0.0074597041857186715
2016,04,ESP.10.3.2_1,0,0
2016,04,ESP.10.3.4_1,0,0
2016,04,ESP.10.3.5_1,0,0
2016,04,ESP.10.3.6_1,3.258887511001091e-4,0.014587235868568235
2016,04,ESP.10.3.7_1,9.266751169060625e-4,0.058689932256347194
2016,04,ESP.10.3.8_1,0,0
2016,04,ESP.18.1.5_1,1.4697858004947305e-4,0.009308724005710102
2016,04,ESP.2.1.1_1,9.92223555131857e-5,0.004441331277682407
2016,04,ESP.2.1.2_1,6.324881760118622e-4,0.012017318645821437
2016,04,ESP.2.1.4_1,0,0
2016,04,ESP.2.1.8_1,0,0
2016,04,ESP.2.2.5_1,0,0
2016,04,ESP.2.3.2_1,0,0
2016,04,ESP.2.3.5_1,1.9923139417209038e-4,0.006299568608900259
2016,04,ESP.2.3.8_1,6.33971427386377e-5,0.004015187140234603
2016,04,ESP.4.3.3_1,1.9761954103049396e-4,0.005586113906197478
2016,04,ESP.6.1.10_1,0,0
2016,04,ESP.6.1.11_1,0,0
2016,04,ESP.6.1.12_1,0,0
2016,04,ESP.6.1.3_1,0,0
2016,04,ESP.6.1.4_1,0,0
2016,04,ESP.6.1.5_1,0,0
2016,04,ESP.6.1.6_1,7.353169459294005e-4,0.032913813969394815
2016,04,ESP.6.1.7_1,0,0
2016,04,ESP.6.1.8_1,0,0
2016,04,ESP.6.1.9_1,0,0
2016,04,ESP.6.2.1_1,0,0
2016,04,ESP.6.2.2_1,0,0
2016,04,ESP.6.2.3_1,0,0
2016,04,ESP.6.2.4_1,0,0
2016,04,ESP.6.2.5_1,0,0
2016,04,ESP.6.2.6_1,0,0
2016,04,ESP.6.2.7_1,0,0
2016,04,ESP.6.3.10_1,0,0
2016,04,ESP.6.3.2_1,0,0
2016,04,ESP.6.3.3_1,5.79467273295482e-5,0.003669991175335462
2016,04,ESP.6.3.4_1,0,0
2016,04,ESP.6.3.5_1,2.3352615101136984e-4,0.010452956828925034
2016,04,ESP.6.3.6_1,0,0
2016,04,ESP.6.3.7_1,0,0
2016,04,ESP.6.3.8_1,0,0
2016,04,ESP.6.4.2_1,6.473312558191685e-4,0.028975451536312733
2016,04,ESP.6.4.3_1,0,0
2016,04,ESP.6.4.4_1,1.867534223479462e-4,0.011827819163674636
2016,04,ESP.6.4.7_1,0,0
2016,04,ESP.9.1.6_1,0,0
2016,04,FRA.11.11.1_1,0,0
2016,04,FRA.11.7.2_1,6.962492029175451e-4,0.013881476778028971
