year,month,gid_1,est,se
2020,04,HUN.10_1,0.156,0.3630369069334353
2020,04,HUN.12_1,0.144,0.35126540875438816
2020,04,HUN.13_1,0.154,0.3611293596682696
2020,04,HUN.14_1,0.16,0.366789496216201
2020,04,HUN.16_1,0.182,0.3860375953518323
2020,04,HUN.17_1,0.153,0.3601676286407771
2020,04,HUN.19_1,0.124,0.32974646735443996
2020,04,HUN.2_1,0.282,0.45019848809017415
2020,04,HUN.4_1,0.208,0.4060799193519681
2020,04,HUN.5_1,0.123,0.32860155048170264
2020,04,HUN.8_1,0.15,0.35725009115132167
2020,04,ITA.10_1,0.377,0.4848774134831464
2020,04,ITA.17_1,0.25,0.4332293707583636
2020,04,ITA.20_1,0.389,0.48776727741507725
