year,month,gid_1,est,se
2020,04,AND.4_1,0,0.3278837968494697
2020,04,BEL.2_1,0,0.27277734206395876
2020,04,CHE.21_1,0,0.270101211492278
2020,04,CHE.7_1,0,0.3002946554886412
2020,04,CYP.2_1,0,0.2663633672761594
2020,04,CYP.3_1,0,0.2792698903252481
2020,04,CYP.4_1,0,0.3168209602084354
2020,04,DEU.1_1,0,0.26980887696490524
2020,04,DEU.10_1,0,0.2719549047309148
2020,04,ESP.1_1,0,0.28624608604504587
2020,04,ESP.10_1,0,0.2844801368084268
2020,04,ESP.11_1,0,0.2464685682682317
2020,04,ESP.12_1,0,0.2453446435979705
2020,04,ESP.13_1,0,0.288194441172034
2020,04,ESP.14_1,0,0.2792698903252481
2020,04,ESP.15_1,0,0.2737985458656331
2020,04,ESP.16_1,0,0.28540327983691327
2020,04,ESP.17_1,0,0.31358493104842544
2020,04,ESP.18_1,0,0.2509943014864712
2020,04,ESP.2_1,0,0.2856911999093525
2020,04,ESP.3_1,0,0.2792698903252481
2020,04,ESP.4_1,0,0.28745371738203057
2020,04,ESP.5_1,0,0.27797982735175236
2020,04,ESP.6_1,0,0.28131365511231277
2020,04,ESP.8_1,0,0.29859351116343746
2020,04,ESP.9_1,0,0.2828685187037486
2020,04,FRA.8_1,0,0.24306242277997273
2020,04,GRC.3_1,0,0.31358493104842555
2020,04,GRC.6_1,0,0.2719549047309148
2020,04,ITA.13_1,0,0.2587636712009359
2020,04,ITA.16_1,0,0.2864286466141776
2020,04,ITA.17_1,0,0.1936488180639583
2020,04,ITA.20_1,0,0.2402736810212564
2020,04,ITA.6_1,0,0.29084269210845615
2020,04,ITA.8_1,0,0.320023224098033
2020,04,NLD.10_1,0,0.2737985458656331
2020,04,NLD.11_1,0,0.2719549047309148
2020,04,NLD.14_1,0,0.2761019755927649
2020,04,NLD.2_1,0,0.31031471998210836
2020,04,NLD.4_1,0,0.270101211492278
2020,04,NLD.9_1,0,0.29647188057753576
2020,04,PRT.12_1,0,0.3053443727723853
2020,04,ZNC.2_1,0,0.25295284530544454
2020,04,ZNC.5_1,0,0.2470442854985502
