year,month,gid_2,est,se
2016,11,ESP.10.1_1,0.008035309679559028,0.15151253441621795
2016,11,ESP.10.2_1,0,0
2016,11,ESP.10.3_1,0.004222933259005564,0.07962696476653844
2016,11,ESP.15.1_1,0,0
2016,11,ESP.18.1_1,0.0018611182406552216,0.05277205549588466
2016,11,ESP.2.1_1,0,0
2016,11,ESP.2.2_1,0.0013186597156204611,0.03739063009151493
2016,11,ESP.2.3_1,0,0
2016,11,ESP.4.1_1,0.0010348389992114984,0.03389925160601714
2016,11,ESP.4.3_1,0,0
2016,11,ESP.4.4_1,3.979001600425824e-4,0.022598896297014677
2016,11,ESP.5.7_1,4.6016385396652844e-4,0.026135187315107593
2016,11,ESP.6.1_1,0.00672527276697929,0.11458877532158525
2016,11,ESP.6.2_1,0.0055321086614205,0.11839863008099732
2016,11,ESP.6.3_1,0,0
2016,11,ESP.6.4_1,0.006112769588310008,0.12231486488355814
2016,11,ESP.9.1_1,0.001328982771245074,0.04353481205948553
2016,11,FRA.10.11_1,0.0017564409584323105,0.05753748556672022
2016,11,FRA.11.11_1,0.002232142857142857,0.08959889014416475
2016,11,FRA.11.6_1,0,0
2016,11,FRA.11.7_1,0.01301465243352896,0.2037745045632452
