ID_0,est,se
ESP,0.25888095481600004,0.016562321206932927
