year,month,gid_2,est,se
2018,06,ESP.1.1_1,0.599,0.4903462444430868
2018,06,ESP.1.2_1,0.393,0.4886612219010117
2018,06,ESP.1.3_1,0.236,0.4248346554654934
2018,06,ESP.1.4_1,0.526,0.4995733915788286
2018,06,ESP.1.5_1,0,0.498951854343636
2018,06,ESP.1.6_1,0.084,0.2775266131761439
2018,06,ESP.1.7_1,0.97,0.17067257872642908
2018,06,ESP.1.8_1,0.077,0.26672484350382913
2018,06,ESP.10.1_1,0.855,0.3522770203960217
2018,06,ESP.10.2_1,0.773,0.41910219117375974
2018,06,ESP.10.3_1,0.905,0.2933616557443407
2018,06,ESP.11.1_1,0,0.4997657108743714
2018,06,ESP.11.2_1,0,0.4983094543677777
2018,06,ESP.12.1_1,0,0.5001691405606399
2018,06,ESP.12.3_1,0,0.4997206426802086
2018,06,ESP.12.4_1,0,0.5001501276118503
2018,06,ESP.13.1_1,0.953,0.21174474216810163
2018,06,ESP.14.1_1,0,0.4961352135760474
2018,06,ESP.14.2_1,0,0.4958728565770563
2018,06,ESP.15.1_1,0.074,0.2619018758859749
2018,06,ESP.16.1_1,0,0.5001861515337926
2018,06,ESP.16.2_1,0.098,0.29746341705239066
2018,06,ESP.16.3_1,0.094,0.29197474077263813
2018,06,ESP.17.1_1,0,0.49999399395792143
2018,06,ESP.18.1_1,0.988,0.10893974420691407
2018,06,ESP.2.1_1,0.6,0.4901430813958718
2018,06,ESP.2.2_1,0.073,0.2602666685127751
2018,06,ESP.2.3_1,0.241,0.42790431418963526
2018,06,ESP.3.1_1,0,0.5002141683461337
2018,06,ESP.4.1_1,0.073,0.2602666685127751
2018,06,ESP.4.2_1,0,0.4995202903992194
2018,06,ESP.4.3_1,0.085,0.2790212408632233
2018,06,ESP.4.4_1,0,0.4992246240173107
2018,06,ESP.4.5_1,0.066,0.24840633185509925
2018,06,ESP.5.1_1,0,0.5001861515337926
2018,06,ESP.5.2_1,0,0.49999399395792143
2018,06,ESP.5.3_1,0,0.5001060948499889
2018,06,ESP.5.4_1,0,0.5000540511325291
2018,06,ESP.5.5_1,0,0.5001501276118503
2018,06,ESP.5.6_1,0,0.5002141683461337
2018,06,ESP.5.8_1,0,0.4990230696310783
2018,06,ESP.5.9_1,0,0.4997206426802086
2018,06,ESP.6.1_1,0.922,0.26830577330349786
2018,06,ESP.6.2_1,0.82,0.38437969216355294
2018,06,ESP.6.3_1,0.562,0.4963893657225167
2018,06,ESP.6.4_1,0.859,0.34819569244928955
2018,06,ESP.7.2_1,0,0.4995202903992194
2018,06,ESP.8.1_1,0.063,0.24308453280719053
