year,month,gid_2,est,se
2016,09,ESP.1.1_1,0.204,0.40317061716666125
2016,09,ESP.1.2_1,0.397,0.4895208173618673
2016,09,ESP.1.3_1,0.213,0.40963251677424095
2016,09,ESP.1.4_1,0.715,0.4516403203645341
2016,09,ESP.1.5_1,0,0.5001501276118503
2016,09,ESP.1.6_1,0.206,0.4046328307586122
2016,09,ESP.1.7_1,0.934,0.24840633185509925
2016,09,ESP.1.8_1,0.195,0.3963989557656934
2016,09,ESP.10.1_1,0.998,0.04469897088298564
2016,09,ESP.10.2_1,0.952,0.21387319079712103
2016,09,ESP.10.3_1,0.942,0.2338604085575211
2016,09,ESP.11.1_1,0,0.49226143594773025
2016,09,ESP.11.2_1,0,0.49518098126261295
2016,09,ESP.12.1_1,0,0.4980351785155734
2016,09,ESP.12.2_1,0,0.4936422618482768
2016,09,ESP.12.3_1,0,0.4963893657225167
2016,09,ESP.12.4_1,0,0.49710271686152663
2016,09,ESP.13.1_1,0.988,0.10893974420691407
2016,09,ESP.14.1_1,0,0.49560228169533443
2016,09,ESP.14.2_1,0,0.497742652128334
2016,09,ESP.15.1_1,0,0.17872588772459053
2016,09,ESP.16.1_1,0,0.39090767299812473
2016,09,ESP.16.2_1,0.105,0.3067068128833611
2016,09,ESP.16.3_1,0.091,0.28775302222878874
2016,09,ESP.17.1_1,0,0.49314012936201734
2016,09,ESP.18.1_1,0.944,0.23003677296666486
2016,09,ESP.2.1_1,0.335,0.4722266383824593
2016,09,ESP.2.2_1,0.127,0.33313958333104454
2016,09,ESP.2.3_1,0.102,0.30279974849343533
2016,09,ESP.3.1_1,0,0.4963893657225167
2016,09,ESP.4.1_1,0.052,0.22213812222431645
2016,09,ESP.4.2_1,0,0.290577761426155
2016,09,ESP.4.3_1,0.059,0.23574260237507894
2016,09,ESP.4.4_1,0,0.27297163499805893
2016,09,ESP.4.5_1,0.055,0.22809433799861634
2016,09,ESP.5.1_1,0,0.49226143594773025
2016,09,ESP.5.2_1,0,0.49347696959383985
2016,09,ESP.5.3_1,0,0.49518098126261295
2016,09,ESP.5.4_1,0,0.4960050614873008
2016,09,ESP.5.5_1,0,0.49412565219806204
2016,09,ESP.5.6_1,0,0.4963893657225167
2016,09,ESP.5.7_1,0,0.4945903553645376
2016,09,ESP.5.8_1,0,0.49532347546360583
2016,09,ESP.5.9_1,0,0.4911376754192415
2016,09,ESP.6.1_1,0.996,0.06315051850925682
2016,09,ESP.6.2_1,0.934,0.24840633185509925
2016,09,ESP.6.3_1,0.711,0.45352473436923446
2016,09,ESP.6.4_1,0.808,0.39407016036651554
2016,09,ESP.8.1_1,0.287,0.4525879316064844
2016,09,ESP.9.1_1,0,0.15312559370479986
