year,month,gid_2,est,se
2016,09,ESP.1.1_1,0,0.15620307103062794
2016,09,ESP.1.2_1,0,0.3386601403925338
2016,09,ESP.1.3_1,0,0.19129190414806527
2016,09,ESP.1.4_1,0.239,0.42668613881993056
2016,09,ESP.1.5_1,0,0.45581988961844544
2016,09,ESP.1.6_1,0,0.14007005254378832
2016,09,ESP.1.7_1,0.517,0.49996095943679536
2016,09,ESP.1.8_1,0,0.17340435135563662
2016,09,ESP.10.1_1,0.619,0.48587557571365436
2016,09,ESP.10.2_1,0.559,0.49675523728066096
2016,09,ESP.10.3_1,0.557,0.49698893146427114
2016,09,ESP.11.1_1,0,0.44623214039681536
2016,09,ESP.11.2_1,0,0.4618975528722244
2016,09,ESP.12.1_1,0,0.45848687027025126
2016,09,ESP.12.2_1,0,0.45490981847278583
2016,09,ESP.12.3_1,0,0.4610602743422779
2016,09,ESP.12.4_1,0,0.4530576798391804
2016,09,ESP.13.1_1,0.586,0.4927949338688932
2016,09,ESP.14.1_1,0,0.45445079549443584
2016,09,ESP.14.2_1,0,0.4631344227041362
2016,09,ESP.15.1_1,0,0.16505527329729044
2016,09,ESP.16.1_1,0,0.4602127723084137
2016,09,ESP.16.2_1,0,0.1499783100768024
2016,09,ESP.16.3_1,0,0.17067257872642908
2016,09,ESP.17.1_1,0,0.45848687027025126
2016,09,ESP.18.1_1,0.653,0.4762539425745658
2016,09,ESP.2.1_1,0.114,0.31797028965786267
2016,09,ESP.2.2_1,0,0.19369180807797864
2016,09,ESP.2.3_1,0,0.1678904023081343
2016,09,ESP.3.1_1,0,0.4651455260027343
2016,09,ESP.4.1_1,0,0.15312559370479986
2016,09,ESP.4.2_1,0,0.4477404063421923
2016,09,ESP.4.3_1,0,0.162164414398774
2016,09,ESP.4.4_1,0,0.45671938057476014
2016,09,ESP.4.5_1,0,0.19838941090279583
2016,09,ESP.5.1_1,0,0.4589222261011223
2016,09,ESP.5.2_1,0,0.4410198391212106
2016,09,ESP.5.3_1,0,0.45978516983739526
2016,09,ESP.5.4_1,0,0.4539891035103223
2016,09,ESP.5.5_1,0,0.4497123983628217
2016,09,ESP.5.6_1,0,0.45978516983739526
2016,09,ESP.5.7_1,0,0.4606378047741926
2016,09,ESP.5.8_1,0,0.45935499018406994
2016,09,ESP.5.9_1,0,0.4477404063421923
2016,09,ESP.6.1_1,0.633,0.48222768848702946
2016,09,ESP.6.2_1,0.43,0.49532347546360583
2016,09,ESP.6.3_1,0.48,0.4998498272980094
2016,09,ESP.6.4_1,0.421,0.49396660110072527
2016,09,ESP.8.1_1,0,0.16505527329729044
2016,09,ESP.9.1_1,0,0.19129190414806527
