year,month,gid_3,est,se
2020,11,ESP.10.1.1_1,0.152,0.3592005359475749
2020,11,ESP.10.1.4_1,0.107,0.30926792049394103
2020,11,ESP.10.1.6_1,0.056,0.23003677296666486
2020,11,ESP.10.1.7_1,0.23,0.4210430824479572
2020,11,ESP.10.1.9_1,0.171,0.3766973598273565
2020,11,ESP.10.2.5_1,0.384,0.48660125439704816
2020,11,ESP.10.2.7_1,0.074,0.2619018758859749
2020,11,ESP.10.2.8_1,0.793,0.4053582555164201
2020,11,ESP.10.3.1_1,0.29,0.4539891035103223
2020,11,ESP.10.3.13_1,0.661,0.47360669685225454
2020,11,ESP.10.3.4_1,0.318,0.46593249842986173
2020,11,ESP.10.3.7_1,0.32,0.46670956473787617
2020,11,ESP.10.3.8_1,0.032,0.17608806605504818
