year,month,gid_1,est,se
2022,12,ESP.10_1,0.42583272666226973,0.9759915960897653
2022,12,ESP.2_1,0.055630165015037064,0.24299018433804329
2022,12,ESP.6_1,0.6390213492035307,0.5467324393819655
