ID_1,est,se
ESP.1_1,0.6544514817138088,0.23845838242196668
ESP.10_1,0.71617555,0.4720362172985498
ESP.11_1,0.02682400000000007,0.11494625849110476
ESP.12_1,0.556018,0.2357062417100293
ESP.13_1,0.381,0.48587557571365436
ESP.14_1,0.28515,0.2821434583292869
ESP.15_1,0.02100000000000002,0.14345584540052586
ESP.16_1,0.562448,0.31560036895521193
ESP.17_1,0.592,0.49170903772228736
ESP.18_1,0.4650000000000001,0.4990230696310783
ESP.2_1,0.2696660000000001,0.19299041897436536
ESP.3_1,0.01100000000000001,0.10435463521037237
ESP.4_1,0.206044369,0.14395960463229235
ESP.5_1,0.36740332936,0.11941932945265774
ESP.6_1,0.94833113704,0.4127899834990997
ESP.7_1,0.08799999999999997,0.14171832656394193
ESP.8_1,0.474,0.4995733915788286
ESP.9_1,0,0
