year,month,gid_2,est,se
2014,04,ESP.10.1_1,0.062,0.24127621974453722
2014,04,ESP.10.2_1,0.589,0.49226143594773025
2014,04,ESP.10.3_1,0.911,0.2848862231842041
