year,month,gid_4,est,se
2019,03,ARG.24.2_1,0.03,0.17067257872642908
2019,03,HND.8.4_1,0.024,0.15312559370479986
2019,03,IND.34.1.4_1,0.042,0.20068950215762726
2019,03,MEX.17.7_2,0.15,0.35725009115132167
2019,03,MEX.9.9_2,0.031,0.17340435135563662
2019,03,PRI.65_1,0.109,0.3117951510466707
