year,month,gid_3,est,se
2020,08,ESP.10.1.1_1,0.178,0.38270414482007176
2020,08,ESP.10.1.4_1,0.086,0.28050433629924987
2020,08,ESP.10.1.6_1,0.082,0.27450200609713465
2020,08,ESP.10.1.7_1,0.184,0.387678080750375
2020,08,ESP.10.1.9_1,0.195,0.3963989557656934
2020,08,ESP.10.2.5_1,0.384,0.48660125439704816
2020,08,ESP.10.2.7_1,0.085,0.2790212408632233
2020,08,ESP.10.2.8_1,0.8,0.40020015012510946
2020,08,ESP.10.3.1_1,0.298,0.4576083537321029
2020,08,ESP.10.3.13_1,0.656,0.475278749672116
2020,08,ESP.10.3.4_1,0.316,0.4651455260027343
2020,08,ESP.10.3.7_1,0.28,0.44922355437109684
2020,08,ESP.10.3.8_1,0.033,0.17872588772459053
