year,month,gid_3,est,se
2020,08,ESP.10.1.1_1,0.159,0.36585906146062974
2020,08,ESP.10.1.4_1,0.093,0.290577761426155
2020,08,ESP.10.1.6_1,0.065,0.24664921616708177
2020,08,ESP.10.1.7_1,0.2,0.40020015012510946
2020,08,ESP.10.1.9_1,0.222,0.4157990967870047
2020,08,ESP.10.2.5_1,0.381,0.48587557571365436
2020,08,ESP.10.2.7_1,0.093,0.290577761426155
2020,08,ESP.10.2.8_1,0.756,0.42970763159228237
2020,08,ESP.10.3.1_1,0.279,0.4487319471135974
2020,08,ESP.10.3.13_1,0.659,0.4742825570732535
2020,08,ESP.10.3.4_1,0.308,0.4618975528722244
2020,08,ESP.10.3.7_1,0.314,0.4643485970901814
2020,08,ESP.10.3.8_1,0.024,0.15312559370479986
