year,month,gid_1,est,se
2022,10,ESP.1_1,0,0.21344973752762542
2022,10,ESP.10_1,0,0.22519760735822114
2022,10,ESP.11_1,0,0.21858485198701613
2022,10,ESP.12_1,0,0.21466176973542703
2022,10,ESP.13_1,0,0.2348941233505098
2022,10,ESP.14_1,0,0.20491080573321332
2022,10,ESP.15_1,0,0.21274095917862795
2022,10,ESP.16_1,0.06935765059665232,0.17169402361070096
2022,10,ESP.18_1,0,0.22589462225256912
2022,10,ESP.2_1,0,0.21080568378482803
2022,10,ESP.3_1,0.059000000000000004,0.14713085658340466
2022,10,ESP.4_1,0,0.21466176973542703
2022,10,ESP.5_1,0,0.23339295645474947
2022,10,ESP.6_1,0,0.20429270493781948
2022,10,ESP.8_1,0,0.22033955288887605
2022,10,ESP.9_1,0,0.21274095917862795
2022,10,ITA.1_1,0,0.21737974440026286
2022,10,ITA.10_1,0,0.08522597267224327
2022,10,ITA.11_1,0,0.20533316401943022
2022,10,ITA.12_1,0,0.22589462225256912
2022,10,ITA.13_1,0,0.21614089786391588
2022,10,ITA.14_1,0,0.20504678788889236
2022,10,ITA.15_1,0,0.2202745104427114
2022,10,ITA.16_1,0,0.2193163394701342
2022,10,ITA.17_1,0,0.2384073171349865
2022,10,ITA.18_1,0,0.23133210415090877
2022,10,ITA.2_1,0,0.20585718600091146
2022,10,ITA.20_1,0,0.0245062186575055
2022,10,ITA.3_1,0,0.22532054563973017
2022,10,ITA.4_1,0,0.21684277090154538
2022,10,ITA.5_1,0,0.23109157467677227
2022,10,ITA.6_1,0,0.2125639822530197
2022,10,ITA.7_1,0.029027229503377626,0.12416507878969507
2022,10,ITA.8_1,0,0.21381021553653928
2022,10,ITA.9_1,0,0.211669579740239
