year,month,gid_1,est,se
2022,10,ESP.1_1,0,0.3446356568572921
2022,10,ESP.10_1,0,0.3592321276109908
2022,10,ESP.11_1,0,0.3517871426555585
2022,10,ESP.12_1,0,0.3645621039144784
2022,10,ESP.13_1,0,0.36863517451796685
2022,10,ESP.14_1,0,0.35453920185284776
2022,10,ESP.15_1,0,0.3397446488562056
2022,10,ESP.16_1,0.08905693976133908,0.2849630356357697
2022,10,ESP.17_1,0.11400000000000002,0.31797028965786267
2022,10,ESP.18_1,0,0.3601676286407771
2022,10,ESP.2_1,0,0.3419886659633771
2022,10,ESP.3_1,0.006,0.07726558075864033
2022,10,ESP.4_1,0,0.3617391739715108
2022,10,ESP.5_1,0,0.33893721699883594
2022,10,ESP.6_1,0,0.35460151647000865
2022,10,ESP.7_1,0,0.3639828065767441
2022,10,ESP.8_1,0,0.34082276942739637
2022,10,ESP.9_1,0,0.3552776691859794
2022,10,ITA.1_1,0,0.34499454210012004
2022,10,ITA.10_1,0,0.21201012868544022
2022,10,ITA.11_1,0,0.3483646323871919
2022,10,ITA.12_1,0,0.35592231123216883
2022,10,ITA.13_1,0,0.35447512654921765
2022,10,ITA.14_1,0,0.35329773287065286
2022,10,ITA.15_1,0,0.34400504616645156
2022,10,ITA.16_1,0,0.3412403303400374
2022,10,ITA.17_1,0,0.3455705085118513
2022,10,ITA.18_1,0,0.34494053749560705
2022,10,ITA.2_1,0,0.34282118910007114
2022,10,ITA.20_1,0,0.27439963064701095
2022,10,ITA.3_1,0,0.34172350730353757
2022,10,ITA.4_1,0,0.3427327253077605
2022,10,ITA.5_1,0,0.3604303938143854
2022,10,ITA.6_1,0,0.34699199544666226
2022,10,ITA.7_1,0.02161602197060036,0.26848470670565244
2022,10,ITA.8_1,0.0018595981448905259,0.2156866685113132
2022,10,ITA.9_1,0,0.3519750168670277
