ID_0,est,se
ESP,0.410721304545121,0.08036606306736321
