year,month,gid_1,est,se
2022,04,ESP.1_1,0.8360331674149667,0.2200465380362879
2022,04,ESP.10_1,0.9623767313697307,0.1867126992309111
2022,04,ESP.11_1,0.49861021676489903,0.5002501876563868
2022,04,ESP.12_1,0.4318248198092285,0.4113259678617941
2022,04,ESP.13_1,0.943,0.23196520109219423
2022,04,ESP.14_1,0.6555188732848045,0.47369567684475217
2022,04,ESP.15_1,0.271,0.44471110377161
2022,04,ESP.16_1,0.6402510156690879,0.3618213575871412
2022,04,ESP.17_1,0.677,0.46786995714526725
2022,04,ESP.18_1,0.9779999999999999,0.1467608882087526
2022,04,ESP.2_1,0.6553348319013367,0.25508175918048853
2022,04,ESP.3_1,0.9739999999999999,0.1592193021500132
2022,04,ESP.4_1,0.4382096315135246,0.427018651641416
2022,04,ESP.5_1,0.5116726562822815,0.37985005350651924
2022,04,ESP.6_1,0.9769365819330995,0.12609608276178674
2022,04,ESP.7_1,0.11935940332115753,0.32419707205817205
2022,04,ESP.8_1,0.983,0.12933938252880436
2022,04,ESP.9_1,0.626,0.4841194501738675
