year,month,gid_1,est,se
2022,04,ESP.10_1,0.873,0.33313958333104454
2022,04,ESP.6_1,0.92,0.27142894774447635
