year,month,gid_1,est,se
2022,04,ESP.1_1,0.42413759197334955,0.42855265514620694
2022,04,ESP.10_1,0.4785680040147097,0.4978661057335562
2022,04,ESP.11_1,0.29116649212653356,0.4490777755759706
2022,04,ESP.12_1,0.2273927532959596,0.3279430644509028
2022,04,ESP.13_1,0.5131641337386018,0.5002011607355596
2022,04,ESP.14_1,0.3194387050889124,0.4617297308769806
2022,04,ESP.15_1,0,0
2022,04,ESP.16_1,0.33967389706184975,0.4211697523853323
2022,04,ESP.17_1,0,0.13659303663678343
2022,04,ESP.18_1,0.4878601823708206,0.4999259204381445
2022,04,ESP.2_1,0,0.1513106409724876
2022,04,ESP.3_1,0.5151884498480244,0.5001691405606399
2022,04,ESP.4_1,0.29635157955159336,0.4291477704350489
2022,04,ESP.5_1,0,0.31459624188959223
2022,04,ESP.6_1,0.5220392568432998,0.49979810742551806
2022,04,ESP.7_1,0,0.10893974420691407
2022,04,ESP.8_1,0.46761702127659577,0.49880337288836046
2022,04,ITA.1_1,0,0.44033113811240016
2022,04,ITA.10_1,0.4351559032337432,0.4717212547159969
2022,04,ITA.11_1,0,0.40127545162618916
2022,04,ITA.12_1,0.16117404748329636,0.3120029092227624
2022,04,ITA.13_1,0.3571645954090474,0.39026754476977255
2022,04,ITA.14_1,0,0.4463796975856434
2022,04,ITA.15_1,0.43437791008609083,0.48861891393064966
2022,04,ITA.16_1,0.3795382637873068,0.45863461668251926
2022,04,ITA.17_1,0.3353797486777972,0.41949466375284833
2022,04,ITA.18_1,0,0.06315051850925682
2022,04,ITA.2_1,0,0.2654276784385734
2022,04,ITA.20_1,0.48715249409879596,0.4988112566648771
2022,04,ITA.4_1,0.3417386870662579,0.4653392710786425
2022,04,ITA.5_1,0.3453488974485486,0.4005757446376158
2022,04,ITA.6_1,0.4555940173279647,0.48503506576082495
2022,04,ITA.7_1,0,0.4954158989129287
2022,04,ITA.8_1,0.6389366352243285,0.391908001055599
2022,04,ITA.9_1,0,0.39830343197466356
