year,month,gid_2,est,se
2021,02,ESP.1.1_1,0,0
2021,02,ESP.1.2_1,0,0
2021,02,ESP.1.3_1,0,0
2021,02,ESP.1.4_1,0,0
2021,02,ESP.1.5_1,0,0.04469897088298564
2021,02,ESP.1.6_1,0,0
2021,02,ESP.1.7_1,0,0
2021,02,ESP.1.8_1,0,0
2021,02,ESP.10.1_1,0,0.18387171834952978
2021,02,ESP.10.2_1,0,0.03162277660168379
2021,02,ESP.10.3_1,0,0.237605674293474
2021,02,ESP.11.1_1,0,0.3167512136225074
2021,02,ESP.11.2_1,0,0.31797028965786267
2021,02,ESP.12.1_1,0,0.3155242550986462
2021,02,ESP.12.2_1,0,0.31304631925323445
2021,02,ESP.13.1_1,0,0
2021,02,ESP.14.1_1,0,0.304110972316823
2021,02,ESP.14.2_1,0,0.3155242550986462
2021,02,ESP.15.1_1,0,0
2021,02,ESP.16.2_1,0,0
2021,02,ESP.16.3_1,0,0
2021,02,ESP.17.1_1,0,0.30279974849343533
2021,02,ESP.18.1_1,0,0.07056897321046962
2021,02,ESP.2.1_1,0,0
2021,02,ESP.2.3_1,0,0
2021,02,ESP.3.1_1,0,0.32974646735443996
2021,02,ESP.4.1_1,0,0
2021,02,ESP.4.3_1,0,0
2021,02,ESP.4.4_1,0,0
2021,02,ESP.4.5_1,0,0
2021,02,ESP.5.2_1,0,0.31918157352340515
2021,02,ESP.5.8_1,0,0.32158111638343195
2021,02,ESP.6.1_1,0.02,0.14007005254378832
2021,02,ESP.6.2_1,0.009,0.09448771310560929
2021,02,ESP.6.3_1,0,0
2021,02,ESP.6.4_1,0,0
2021,02,ESP.7.1_1,0,0.31918157352340515
2021,02,ESP.8.1_1,0,0
2021,02,ESP.9.1_1,0,0
2021,02,ITA.10.1_1,0,0
2021,02,ITA.10.12_1,0,0.22809433799861634
2021,02,ITA.10.8_1,0,0
2021,02,ITA.11.5_1,0,0
2021,02,ITA.13.1_1,0,0
2021,02,ITA.13.6_1,0,0
2021,02,ITA.15.2_1,0,0.162164414398774
2021,02,ITA.15.3_1,0,0.03162277660168379
2021,02,ITA.15.6_1,0,0.04469897088298564
2021,02,ITA.15.9_1,0,0
2021,02,ITA.16.2_1,0,0
2021,02,ITA.16.8_1,0,0
2021,02,ITA.16.9_1,0,0.12161327966052798
2021,02,ITA.17.1_1,0,0
2021,02,ITA.17.2_1,0,0
2021,02,ITA.18.1_1,0,0.07056897321046962
2021,02,ITA.2.1_1,0,0
2021,02,ITA.2.5_1,0,0
2021,02,ITA.20.2_1,0,0
2021,02,ITA.20.6_1,0,0
2021,02,ITA.20.7_1,0,0
2021,02,ITA.3.1_1,0,0
2021,02,ITA.4.2_1,0,0.08341437500789632
2021,02,ITA.5.1_1,0,0
2021,02,ITA.5.4_1,0,0
2021,02,ITA.5.5_1,0,0
2021,02,ITA.6.1_1,0,0.2619018758859749
2021,02,ITA.6.3_1,0,0.08341437500789632
2021,02,ITA.6.4_1,0,0.04469897088298564
2021,02,ITA.6.9_1,0,0.03162277660168379
2021,02,ITA.8.2_1,0,0
2021,02,ITA.8.4_1,0,0
