year,month,gid_1,est,se
2018,03,ESP.1_1,0,0.2758226091825189
2018,03,ESP.10_1,0,0.2478585795416857
2018,03,ESP.11_1,0,0.25927352247483654
2018,03,ESP.12_1,0,0.2699471158687499
2018,03,ESP.13_1,0,0.2683620089762543
2018,03,ESP.14_1,0,0.2548369079101579
2018,03,ESP.15_1,0,0.2806311512982219
2018,03,ESP.16_1,0,0.01583950407648169
2018,03,ESP.17_1,0.354,0.46767266245512995
2018,03,ESP.18_1,0,0.24202703767844894
2018,03,ESP.2_1,0,0.2625153212252849
2018,03,ESP.3_1,0,0.11863207525985867
2018,03,ESP.4_1,0,0.2572977067313474
2018,03,ESP.5_1,0,0.26080281009362155
2018,03,ESP.6_1,0,0.25461760859635285
2018,03,ESP.8_1,0,0.27609596221264804
2018,03,ESP.9_1,0,0.2865595326683154
