year,month,gid_1,est,se
2018,03,ESP.1_1,0,0.2829316674578838
2018,03,ESP.10_1,0,0.27890836782438866
2018,03,ESP.11_1,0,0.27823997226196917
2018,03,ESP.12_1,0,0.30393258098413994
2018,03,ESP.13_1,0,0.28434401273394366
2018,03,ESP.14_1,0,0.27490659255952155
2018,03,ESP.15_1,0,0.2814411137697459
2018,03,ESP.16_1,0.042,0.13093266925422192
2018,03,ESP.17_1,0.363,0.47664821725989726
2018,03,ESP.18_1,0,0.26479540606001944
2018,03,ESP.2_1,0,0.2798168636396363
2018,03,ESP.3_1,0.101,0.2551933222995566
2018,03,ESP.4_1,0,0.2992810656897986
2018,03,ESP.5_1,0,0.28904307902816356
2018,03,ESP.6_1,0,0.29800086297254674
2018,03,ESP.8_1,0,0.2956035883536379
2018,03,ESP.9_1,0,0.2814411137697459
