year,month,gid_1,est,se
2017,10,ESP.1_1,0,0.1941622644741009
2017,10,ESP.10_1,0,0.17529026402688458
2017,10,ESP.11_1,0,0.20310453843476872
2017,10,ESP.12_1,0,0.17444938507545407
2017,10,ESP.13_1,0,0.18889559349720697
2017,10,ESP.14_1,0,0.20289227360197526
2017,10,ESP.15_1,0,0.18470447118778843
2017,10,ESP.16_1,0,0.12876586657175523
2017,10,ESP.17_1,0,0.1717547364918689
2017,10,ESP.18_1,0,0.2109208949486981
2017,10,ESP.2_1,0,0.19824700051422417
2017,10,ESP.3_1,0,0.06922658285788066
2017,10,ESP.4_1,0,0.18154302568027567
2017,10,ESP.5_1,0,0.18765160690115437
2017,10,ESP.6_1,0,0.18882778177088536
2017,10,ESP.8_1,0,0.17830192342857037
2017,10,ESP.9_1,0,0.1991155406994307
