year,month,gid_1,est,se
2017,10,ESP.1_1,0,0.3094067186893729
2017,10,ESP.10_1,0,0.2913575510111006
2017,10,ESP.11_1,0,0.30494067734533065
2017,10,ESP.12_1,0,0.30766302575388976
2017,10,ESP.13_1,0,0.30765410080000555
2017,10,ESP.14_1,0,0.3261826725756395
2017,10,ESP.15_1,0,0.2850899244131812
2017,10,ESP.16_1,0.03808729299200739,0.13736675173908586
2017,10,ESP.17_1,0.297,0.4358679496018806
2017,10,ESP.18_1,0,0.2806311512982219
2017,10,ESP.2_1,0,0.3064793109150082
2017,10,ESP.3_1,0.057999999999999996,0.10217178152687545
2017,10,ESP.4_1,0,0.3054930365990828
2017,10,ESP.5_1,0,0.3077387751198539
2017,10,ESP.6_1,0,0.2914205623631331
2017,10,ESP.8_1,0,0.2730290641598442
2017,10,ESP.9_1,0,0.30494067734533065
