year,month,gid_1,est,se
2017,10,BEL.1_1,0,0.2988114594326802
2017,10,BEL.2_1,0,0.2738005575764557
2017,10,BGR.1_1,0,0.30541328929383094
2017,10,BGR.13_1,0,0.3067068128833611
2017,10,BGR.14_1,0,0.2754076063386929
2017,10,BGR.24_1,0,0.28775302222878874
2017,10,BGR.3_1,0,0.27450200609713465
2017,10,BGR.6_1,0,0.26513071171460745
2017,10,BGR.7_1,0,0.28917057184232914
2017,10,CHE.8_1,0,0.2619018758859749
2017,10,DEU.12_1,0,0.2782356547295429
2017,10,DEU.2_1,0,0.17340435135563662
2017,10,DEU.3_1,0,0.28775302222878874
2017,10,DEU.6_1,0,0.2760202658994212
2017,10,DEU.7_1,0,0.28703873672304464
2017,10,ESP.1_1,0,0.28097397911742233
2017,10,ESP.10_1,0,0.28921573937566347
2017,10,ESP.11_1,0,0.28343665312788385
2017,10,ESP.12_1,0,0.2820479717560653
2017,10,ESP.13_1,0,0.28343665312788385
2017,10,ESP.14_1,0,0.27144932228977614
2017,10,ESP.15_1,0,0.29197474077263813
2017,10,ESP.16_1,0.014753943224455633,0.15596655472845544
2017,10,ESP.17_1,0.16499999999999998,0.37136627864268035
2017,10,ESP.18_1,0,0.26513071171460745
2017,10,ESP.2_1,0,0.27613194042647077
2017,10,ESP.3_1,0.046,0.20958990416508122
2017,10,ESP.4_1,0,0.2714463683446421
2017,10,ESP.5_1,0,0.28535402786187286
2017,10,ESP.6_1,0,0.279228973042691
2017,10,ESP.8_1,0,0.25527468571161765
2017,10,ESP.9_1,0,0.2848862231842041
2017,10,FRA.10_1,0,0.2602666685127751
2017,10,FRA.12_1,0,0.27450200609713465
2017,10,FRA.3_1,0,0.26987373312686774
2017,10,FRA.8_1,0,0.29075693619798415
2017,10,GBR.1_1,0,0.2723530492795456
2017,10,GRC.6_1,0,0.28050433629924987
2017,10,HRV.11_1,0,0.27782500306878066
2017,10,HRV.16_1,0,0.2863431718783791
2017,10,HRV.19_1,0,0.2794300579494146
2017,10,IRL.25_1,0,0.2819760814510878
2017,10,IRL.26_1,0,0.27987630779329237
2017,10,ITA.10_1,0,0.14996409558249033
2017,10,ITA.13_1,0,0.2681784407045513
2017,10,ITA.15_1,0,0.28775302222878874
2017,10,ITA.8_1,0,0.2819760814510878
2017,10,MLT.3_1,0,0.2933616557443407
2017,10,NLD.14_1,0,0.27600508474334284
2017,10,NLD.9_1,0,0.26261139605336137
2017,10,POL.12_1,0,0.28262116289634903
2017,10,PRT.10_1,0,0.2619018758859749
2017,10,PRT.12_1,0,0.2696469687924548
2017,10,PRT.13_1,0,0.28050433629924987
2017,10,PRT.18_1,0,0.26513071171460745
2017,10,ROU.37_1,0,0.2848862231842041
2017,10,SRB.3_1,0,0.27891309432408906
2017,10,TUR.3_1,0,0.26797925403079165
2017,10,TUR.40_1,0,0.24177788918892848
2017,10,TUR.61_1,0,0.2848862231842041
