year,month,gid_1,est,se
2017,10,ESP.1_1,0,0.35307951894521755
2017,10,ESP.10_1,0,0.3610264061951816
2017,10,ESP.11_1,0,0.3592005359475749
2017,10,ESP.12_1,0,0.35223019255548405
2017,10,ESP.13_1,0,0.3611293596682696
2017,10,ESP.14_1,0,0.3549879096944957
2017,10,ESP.15_1,0,0.3522770203960217
2017,10,ESP.16_1,0.06462301623454848,0.3405323245670633
2017,10,ESP.17_1,0.46599999999999997,0.4990922691177385
2017,10,ESP.18_1,0,0.3552776691859794
2017,10,ESP.2_1,0,0.3654320974354301
2017,10,ESP.3_1,0.105,0.3067068128833611
2017,10,ESP.4_1,0,0.3577420288361504
2017,10,ESP.5_1,0,0.3416813736283497
2017,10,ESP.6_1,0,0.3594724024999668
2017,10,ESP.8_1,0,0.3630369069334353
2017,10,ESP.9_1,0,0.3397446488562056
2017,10,ITA.10_1,0,0.2666950709470628
2017,10,ITA.13_1,0,0.3589418564164777
2017,10,ITA.15_1,0,0.36492351139542817
2017,10,ITA.8_1,0,0.36585906146062974
