year,month,gid_3,est,se
2022,02,ESP.1.1.1_1,0.321,0.46709439857182744
2022,02,ESP.1.2.3_1,0.913,0.2819760814510878
2022,02,ESP.1.7.1_1,0.959,0.19838941090279583
2022,02,ESP.1.7.2_1,0.959,0.19838941090279583
2022,02,ESP.1.7.4_1,0.959,0.19838941090279583
2022,02,ESP.1.8.3_1,0.983,0.1293357171384909
2022,02,ESP.10.1.1_1,0.662,0.4732652321690026
2022,02,ESP.10.1.2_1,0.662,0.4732652321690026
2022,02,ESP.10.1.4_1,0.662,0.4732652321690026
2022,02,ESP.10.1.9_1,0.662,0.4732652321690026
2022,02,ESP.10.3.13_1,0.709,0.45445079549443584
2022,02,ESP.10.3.4_1,0.709,0.45445079549443584
2022,02,ESP.11.1.5_1,0.106,0.30799165387857325
2022,02,ESP.11.2.6_1,0.099,0.2988114594326802
2022,02,ESP.12.1.2_1,0.129,0.33536766610911
2022,02,ESP.13.1.9_1,0.634,0.4819504915199032
2022,02,ESP.14.1.1_1,0.378,0.48513024163759505
2022,02,ESP.14.2.1_1,0.247,0.43148253403489834
2022,02,ESP.16.2.1_1,0.568,0.49560228169533443
2022,02,ESP.16.3.1_1,0.289,0.45352473436923446
2022,02,ESP.17.1.3_1,0.153,0.3601676286407771
2022,02,ESP.18.1.3_1,0.81,0.3924972026066607
2022,02,ESP.18.1.5_1,0.81,0.3924972026066607
2022,02,ESP.2.1.5_1,0.514,0.5000540511325291
2022,02,ESP.2.3.4_1,0.533,0.49915945364198017
2022,02,ESP.4.3.3_1,0.043,0.2029585972364615
2022,02,ESP.4.5.5_1,0.475,0.499624483612067
2022,02,ESP.5.2.4_1,0.191,0.3932857404911519
2022,02,ESP.5.3.2_1,0.483,0.49996095943679536
2022,02,ESP.5.8.2_1,0.004,0.06315051850925682
2022,02,ESP.6.1.10_1,0,0.2790212408632233
2022,02,ESP.6.1.11_1,0.001055431850884374,0.2790212408632233
2022,02,ESP.6.1.12_1,0,0.2790212408632233
2022,02,ESP.6.1.3_1,0,0.2790212408632233
2022,02,ESP.6.1.4_1,0,0.2790212408632233
2022,02,ESP.6.1.6_1,0.915,0.2790212408632233
2022,02,ESP.6.2.4_1,0,0.03162277660168379
2022,02,ESP.6.2.6_1,0.999,0.03162277660168379
2022,02,ESP.6.2.7_1,0,0.03162277660168379
2022,02,ESP.6.3.9_1,0.606,0.4888793337859589
2022,02,ESP.6.4.3_1,0.9,0.3001501125938321
2022,02,ESP.8.1.3_1,0.882,0.3227695465501356
2022,02,ESP.8.1.4_1,0,0.3227695465501356
