year,month,gid_1,est,se
2016,11,AND.4_1,0,0.28197833728680954
2016,11,AND.7_1,0,0.2760224740880467
2016,11,BEL.2_1,0,0.25767400607464397
2016,11,BEL.3_1,0,0.24487736400643165
2016,11,BGR.5_1,0,0.15312681872424974
2016,11,DEU.1_1,0,0.16505659375532236
2016,11,DEU.13_1,0,0.25911175426597993
2016,11,DEU.14_1,0,0.2961082260930683
2016,11,DEU.3_1,0,0.28197833728680954
2016,11,DEU.6_1,0,0.28050658036086906
2016,11,ESP.1_1,0.11401531413947169,0.29853505206369385
2016,11,ESP.10_1,0.6731142220642166,0.4661888356569348
2016,11,ESP.11_1,0,0.2556010129500212
2016,11,ESP.12_1,0,0.2535943912869441
2016,11,ESP.13_1,0.7742056367432151,0.42295715169970194
2016,11,ESP.14_1,0,0.26337273586575494
2016,11,ESP.15_1,0,0.10894061573532608
2016,11,ESP.16_1,0,0.10773807370404163
2016,11,ESP.17_1,0,0.28343892064831916
2016,11,ESP.18_1,0.6066461377870563,0.4899417105382176
2016,11,ESP.2_1,0,0.18792006931083272
2016,11,ESP.3_1,0,0.2635252465577703
2016,11,ESP.4_1,0,0.09640485242186958
2016,11,ESP.5_1,0,0.14335108985477632
2016,11,ESP.6_1,0.6270977518898198,0.4485127583691882
2016,11,ESP.7_1,0,0.2790234730599366
2016,11,ESP.8_1,0,0.2484083191296014
2016,11,ESP.9_1,0,0.28632724934012377
2016,11,FRA.1_1,0,0.07056953776903001
2016,11,FRA.11_1,0,0.07445996668336956
2016,11,FRA.13_1,0,0.08765118247390577
2016,11,FRA.8_1,0,0.26696008530373205
2016,11,GBR.1_1,0,0.2769228585919592
2016,11,GBR.3_1,0,0.25861932067448345
2016,11,HUN.18_1,0,0.13878393418886953
2016,11,ITA.10_1,0.011383534896101331,0.10512694623548383
2016,11,ITA.13_1,0.020187891440501045,0.14007117311765557
2016,11,ITA.17_1,0,0.15312681872424974
2016,11,ITA.8_1,0.014131524008350733,0.11755015485502483
2016,11,NLD.11_1,0,0.2583360869757255
2016,11,NLD.14_1,0.01587199421260594,0.15788494108236595
2016,11,NLD.4_1,0,0.253332036513613
2016,11,NLD.9_1,0,0.2756828110560428
2016,11,PRT.12_1,0,0.2635252465577703
2016,11,PRT.14_1,0,0.2790234730599366
2016,11,PRT.15_1,0,0.2840325002485842
2016,11,PRT.16_1,0,0.2535829887287751
2016,11,PRT.7_1,0,0.26547926466449673
2016,11,PRT.9_1,0,0.17067394412344367
2016,11,RUS.14_1,0,0.2635252465577703
2016,11,UKR.3_1,0,0.2751768818750461
