year,month,gid_1,est,se
2016,11,ESP.1_1,0.2097277083985093,0.36001908447261316
2016,11,ESP.10_1,0.7474943839197403,0.39367079946256767
2016,11,ESP.11_1,0,0.3711075589035658
2016,11,ESP.12_1,0,0.3830006339902804
2016,11,ESP.13_1,0.941,0.23574260237507894
2016,11,ESP.14_1,0,0.383760157352273
2016,11,ESP.15_1,0,0
2016,11,ESP.16_1,0,0.25960606096405486
2016,11,ESP.17_1,0,0.3860375953518323
2016,11,ESP.18_1,0.658,0.4746169626775483
2016,11,ESP.2_1,0,0.26773096741846986
2016,11,ESP.3_1,0,0.362085771753194
2016,11,ESP.4_1,0,0.06356396622041881
2016,11,ESP.5_1,0,0.3833806591023437
2016,11,ESP.6_1,0.5714426982327856,0.41318516448560544
2016,11,ESP.7_1,0,0.3818596821043259
2016,11,ESP.8_1,0,0.4177912750998392
2016,11,ESP.9_1,0,0.06315051850925682
2016,11,ITA.10_1,0.021417409023386846,0.13120445691753885
2016,11,ITA.13_1,0.036,0.18638331132035063
2016,11,ITA.17_1,0,0
2016,11,ITA.8_1,0.037,0.1888562063228706
