year,month,gid_1,est,se
2016,11,ESP.1_1,0.03259427736525491,0.1584752456015663
2016,11,ESP.10_1,0.2644558558816106,0.4292771246729524
2016,11,ESP.11_1,0,0.33815199110295574
2016,11,ESP.12_1,0,0.30038536783940106
2016,11,ESP.13_1,0.303806199410143,0.45978884816289395
2016,11,ESP.14_1,0,0.3943751409709738
2016,11,ESP.15_1,0.003007982172377653,0.05471783894366052
2016,11,ESP.16_1,0.0011582305289790512,0.15752740352209893
2016,11,ESP.17_1,0,0.29336400266574975
2016,11,ESP.18_1,0.3088195030307724,0.4619012480969901
2016,11,ESP.2_1,0.0053430700930013515,0.06299312527229874
2016,11,ESP.3_1,0,0.3105382027642307
2016,11,ESP.4_1,0.001965317934413532,0.16332989198165757
2016,11,ESP.5_1,0,0.31303209637228735
2016,11,ESP.6_1,0.154448716861435,0.32013165071130545
2016,11,ESP.7_1,0,0.3512682189113801
2016,11,ESP.8_1,0.011029267965384728,0.10435547005747224
2016,11,ESP.9_1,0,0
