ID_0,est,se
ESP,0.4073437299040108,0.030112078253330694
