year,month,gid_2,est,se
2022,08,ESP.1.1_1,0.037,0.1888562063228706
2022,08,ESP.1.2_1,0.126,0.3320154126456093
2022,08,ESP.1.3_1,0.36,0.48024018015013137
2022,08,ESP.1.4_1,0.783,0.4124088760939574
2022,08,ESP.1.5_1,0,0.48277538469983333
2022,08,ESP.1.6_1,0.037,0.1888562063228706
2022,08,ESP.1.7_1,0.841,0.36585906146062974
2022,08,ESP.1.8_1,0.363,0.4811054587743341
2022,08,ESP.10.1_1,0.641,0.4799472360055315
2022,08,ESP.10.2_1,0.496,0.5002341793942455
2022,08,ESP.10.3_1,0.394,0.4888793337859589
2022,08,ESP.11.1_1,0,0.4787527589520547
2022,08,ESP.11.2_1,0,0.4835802413765991
2022,08,ESP.12.1_1,0,0.48562931937418674
2022,08,ESP.12.2_1,0,0.4888793337859589
2022,08,ESP.12.3_1,0,0.48562931937418674
2022,08,ESP.12.4_1,0,0.4846223879051182
2022,08,ESP.13.1_1,0.441,0.49675523728066096
2022,08,ESP.14.1_1,0,0.4819504915199032
2022,08,ESP.14.2_1,0,0.4825026516080599
2022,08,ESP.15.1_1,0.037,0.1888562063228706
2022,08,ESP.16.1_1,0,0.48776727741507725
2022,08,ESP.16.2_1,0.235,0.42421097929562707
2022,08,ESP.16.3_1,0.039,0.19369180807797864
2022,08,ESP.17.1_1,0,0.4936422618482768
2022,08,ESP.18.1_1,0.477,0.4997206426802086
2022,08,ESP.2.1_1,0.232,0.42232020358296185
2022,08,ESP.2.2_1,0.433,0.4957385972029581
2022,08,ESP.2.3_1,0.039,0.19369180807797864
2022,08,ESP.3.1_1,0,0.48993779098885504
2022,08,ESP.4.1_1,0.041,0.19838941090279583
2022,08,ESP.4.2_1,0,0.4895208173618673
2022,08,ESP.4.3_1,0.057,0.2319586273558386
2022,08,ESP.4.4_1,0,0.4808192874533916
2022,08,ESP.4.5_1,0.041,0.19838941090279583
2022,08,ESP.5.1_1,0,0.49152069396170145
2022,08,ESP.5.2_1,0,0.49347696959383985
2022,08,ESP.5.3_1,0,0.4936422618482768
2022,08,ESP.5.4_1,0,0.49152069396170145
2022,08,ESP.5.5_1,0,0.48611964814468495
2022,08,ESP.5.6_1,0,0.48384409173317916
2022,08,ESP.5.7_1,0,0.48993779098885504
2022,08,ESP.5.8_1,0,0.4882185549089233
2022,08,ESP.5.9_1,0,0.48587557571365436
2022,08,ESP.6.1_1,0.499,0.500249187155011
2022,08,ESP.6.2_1,0.58,0.49380547166252
2022,08,ESP.6.3_1,0.529,0.49940805801309257
2022,08,ESP.6.4_1,0.405,0.4911376754192415
2022,08,ESP.7.1_1,0,0.48384409173317916
2022,08,ESP.7.2_1,0,0.48384409173317916
2022,08,ESP.8.1_1,0.034,0.18131981931624816
2022,08,ESP.9.1_1,0.167,0.3731624984510773
