year,month,gid_2,est,se
2022,08,ESP.10.1_1,1,0
2022,08,ESP.10.2_1,0.986,0.11754921445002436
2022,08,ESP.10.3_1,0.999,0.03162277660168379
