year,month,gid_2,est,se
2022,08,ESP.10.1_1,0.995,0.11686743844236104
2022,08,ESP.10.2_1,0.7386262580151786,0.4411629275428219
2022,08,ESP.10.3_1,0.44986827065352664,0.30572201233868374
2022,08,ESP.15.1_1,0.024734773938470747,0.26135103000159815
2022,08,ESP.18.1_1,0.48830756838692263,0.20979296330500286
2022,08,ESP.2.1_1,0.2122273388295216,0.2660237706487435
2022,08,ESP.2.2_1,0.28505583697160536,0.25667625500458463
2022,08,ESP.2.3_1,0.018723799957074298,0.12171913396512646
2022,08,ESP.4.1_1,0.02279520145021807,0.15083746431796483
2022,08,ESP.4.3_1,0.01044322903154436,0.09516877401810099
2022,08,ESP.6.1_1,0.5765927802137466,0.4138459222645204
2022,08,ESP.6.2_1,0.8621672247675399,0.2333972245021385
2022,08,ESP.6.3_1,0.4153119079526904,0.13297931744315028
2022,08,ESP.6.4_1,0.7274562091479009,0.5063373966246266
2022,08,ESP.9.1_1,0.056564354815352755,0.2612788498535615
2022,08,FRA.10.11_1,0.1239407145644416,0.425393160722811
2022,08,FRA.11.11_1,0.04625232885046463,0.3909694909544002
2022,08,FRA.11.6_1,0.04028067753614368,0.2879000681150422
