year,month,gid_2,est,se
2021,03,ESP.1.1_1,0.948,0.22213812222431645
2021,03,ESP.1.2_1,0.901,0.2988114594326802
2021,03,ESP.1.4_1,0.827,0.37843653921656956
2021,03,ESP.1.5_1,0.377,0.4848774134831464
2021,03,ESP.1.7_1,0.993,0.08341437500789632
2021,03,ESP.1.8_1,1,0
2021,03,ESP.10.1_1,0.998,0.04469897088298564
2021,03,ESP.10.2_1,0.932,0.2518718710762269
2021,03,ESP.10.3_1,0.873,0.33313958333104454
2021,03,ESP.11.1_1,0.406,0.4913302406787164
2021,03,ESP.11.2_1,0.382,0.48611964814468495
2021,03,ESP.12.1_1,0.346,0.4759312035478558
2021,03,ESP.12.2_1,0.141,0.34819569244928955
2021,03,ESP.12.4_1,0.182,0.3860375953518323
2021,03,ESP.13.1_1,0.968,0.17608806605504818
2021,03,ESP.14.1_1,0.519,0.4998888765404656
2021,03,ESP.14.2_1,0.217,0.4124088760939574
2021,03,ESP.15.1_1,0.043,0.2029585972364615
2021,03,ESP.16.1_1,0.019,0.13659303663678343
2021,03,ESP.16.2_1,0.923,0.26672484350382913
2021,03,ESP.16.3_1,0.252,0.4343785039394614
2021,03,ESP.17.1_1,0.746,0.43551541152257023
2021,03,ESP.18.1_1,0.99,0.0995485304256668
2021,03,ESP.2.3_1,0.847,0.3601676286407771
2021,03,ESP.3.1_1,0.009,0.09448771310560929
2021,03,ESP.4.1_1,0.271,0.4446985009607709
2021,03,ESP.4.3_1,0.058,0.2338604085575211
2021,03,ESP.4.5_1,0.615,0.48683879468671354
2021,03,ESP.5.8_1,0.036,0.18638331132035063
2021,03,ESP.6.1_1,1,0
2021,03,ESP.6.2_1,0.999,0.03162277660168379
2021,03,ESP.6.3_1,0.847,0.3601676286407771
2021,03,ESP.6.4_1,1,0
2021,03,ESP.8.1_1,0.998,0.04469897088298564
2021,03,ESP.9.1_1,0.084,0.2775266131761439
