year,month,gid_2,est,se
2021,03,ESP.1.1_1,0.402,0.4905472827736758
2021,03,ESP.1.2_1,0.421,0.49396660110072527
2021,03,ESP.1.4_1,0.354,0.4784484433174727
2021,03,ESP.1.5_1,0.032,0.17608806605504818
2021,03,ESP.1.7_1,0.47,0.49934892545128134
2021,03,ESP.1.8_1,0.884,0.3203851535989872
2021,03,ESP.10.1_1,0,0.49946517943242597
2021,03,ESP.10.2_1,0,0.4825026516080599
2021,03,ESP.10.3_1,0,0.4497123983628217
2021,03,ESP.11.1_1,0,0.304110972316823
2021,03,ESP.11.2_1,0,0.25527468571161765
2021,03,ESP.12.1_1,0.021,0.14345584540052586
2021,03,ESP.12.2_1,0.01,0.0995485304256668
2021,03,ESP.12.4_1,0.011,0.10435463521037237
2021,03,ESP.13.1_1,0.468,0.4992246240173107
2021,03,ESP.14.1_1,0.289,0.45352473436923446
2021,03,ESP.14.2_1,0.252,0.4343785039394614
2021,03,ESP.15.1_1,0,0.10435463521037237
2021,03,ESP.16.1_1,0,0.03162277660168379
2021,03,ESP.16.2_1,0,0.3986915536538929
2021,03,ESP.16.3_1,0,0.10893974420691407
2021,03,ESP.17.1_1,0.123,0.32860155048170264
2021,03,ESP.18.1_1,0.478,0.4997657108743714
2021,03,ESP.2.3_1,0.011,0.10435463521037237
2021,03,ESP.3.1_1,0.002,0.04469897088298564
2021,03,ESP.4.1_1,0,0.3562666500332664
2021,03,ESP.4.3_1,0,0.26830577330349786
2021,03,ESP.4.5_1,0,0.4602127723084137
2021,03,ESP.5.8_1,0,0.03162277660168379
2021,03,ESP.6.1_1,0.919,0.27297163499805893
2021,03,ESP.6.2_1,0.496,0.5002341793942455
2021,03,ESP.6.3_1,0.404,0.4909429956981004
2021,03,ESP.6.4_1,0.545,0.4982200550190881
2021,03,ESP.8.1_1,0.471,0.49940805801309257
2021,03,ESP.9.1_1,0,0.04469897088298564
