year,month,gid_1,est,se
2020,11,ESP.1_1,0.26606443817408526,0.3512116114756144
2020,11,ESP.10_1,0.24721904584402254,0.36736314038512136
2020,11,ESP.11_1,0.19979174113993806,0.29482528753573584
2020,11,ESP.12_1,0.27253849120905516,0.32484194139458356
2020,11,ESP.13_1,0.277981220657277,0.4028738432852273
2020,11,ESP.14_1,0.14791152645999736,0.25088897649852204
2020,11,ESP.15_1,0.17149647887323943,0.3001875194251247
2020,11,ESP.16_1,0.15596771799928005,0.39293122420539595
2020,11,ESP.17_1,0.506643192488263,0.4969504013880316
2020,11,ESP.18_1,0.29927816901408455,0.4179351215502697
2020,11,ESP.2_1,0.1409704987345276,0.328048808501062
2020,11,ESP.3_1,0.1737382629107981,0.3029269670181458
2020,11,ESP.4_1,0.13890095434386854,0.2227378746132098
2020,11,ESP.5_1,0.14293785861355443,0.32442749059505377
2020,11,ESP.6_1,0.38421694923565475,0.31939996837249013
2020,11,ESP.7_1,0,0.3562865752971875
2020,11,ESP.8_1,0.7319424882629109,0.46597930588255054
2020,11,ESP.9_1,0,0.37771746167080034
