year,month,gid_2,est,se
2020,05,ESP.1.1_1,0.973,0.162164414398774
2020,05,ESP.1.2_1,0.823,0.3818596821043259
2020,05,ESP.1.4_1,0.892,0.3105357184486713
2020,05,ESP.1.7_1,0.985,0.12161327966052798
2020,05,ESP.1.8_1,0.395,0.48909530177074306
2020,05,ESP.10.1_1,0.9,0.3001501125938321
2020,05,ESP.10.2_1,0.965,0.18387171834952978
2020,05,ESP.10.3_1,0.899,0.3014795016081357
2020,05,ESP.11.1_1,0,0.4976410821532389
2020,05,ESP.11.2_1,0,0.49687310541312546
2020,05,ESP.12.1_1,0,0.5001691405606399
2020,05,ESP.12.2_1,0,0.4990922691177385
2020,05,ESP.12.3_1,0,0.49915945364198017
2020,05,ESP.12.4_1,0,0.497742652128334
2020,05,ESP.13.1_1,0.969,0.17340435135563662
2020,05,ESP.14.2_1,0,0.48993779098885504
2020,05,ESP.16.2_1,0.665,0.4722266383824593
2020,05,ESP.17.1_1,0,0.4976410821532389
2020,05,ESP.18.1_1,0.952,0.21387319079712103
2020,05,ESP.2.1_1,0.829,0.3766973598273565
2020,05,ESP.2.3_1,0.354,0.4784484433174727
2020,05,ESP.3.1_1,0,0.49839682924292306
2020,05,ESP.4.1_1,0.211,0.4082225442643334
2020,05,ESP.4.5_1,0.086,0.28050433629924987
2020,05,ESP.5.3_1,0,0.499624483612067
2020,05,ESP.5.4_1,0,0.49663532561291557
2020,05,ESP.5.8_1,0,0.49915945364198017
2020,05,ESP.5.9_1,0,0.4990922691177385
2020,05,ESP.6.1_1,0.923,0.26672484350382913
2020,05,ESP.6.2_1,0.939,0.239450070654273
2020,05,ESP.6.3_1,0.851,0.3562666500332664
2020,05,ESP.6.4_1,0.957,0.2029585972364615
2020,05,ESP.8.1_1,0.619,0.48587557571365436
