year,month,gid_1,est,se
2021,09,ESP.1_1,0.566771301683064,0.41808157349531866
2021,09,ESP.10_1,0.5048171176710664,0.500242408005033
2021,09,ESP.11_1,0.3140693327216691,0.4624347735715755
2021,09,ESP.12_1,0.2792227336525122,0.4370244235061824
2021,09,ESP.13_1,0.5045685279187818,0.5002411830719671
2021,09,ESP.14_1,0.2045991057896161,0.4003605240562907
2021,09,ESP.15_1,0,0.462724663395106
2021,09,ESP.16_1,0.4847173750408397,0.4993986089126599
2021,09,ESP.17_1,0.5045685279187818,0.5002411830719671
2021,09,ESP.18_1,0.7106598984771574,0.45848687027025126
2021,09,ESP.2_1,0.49822128679737454,0.5001223035045984
2021,09,ESP.3_1,0,0
2021,09,ESP.4_1,0.1170352435983404,0.25370838213399455
2021,09,ESP.5_1,0.10214803394124315,0.27134544736732313
2021,09,ESP.6_1,0.6176339598082644,0.47063589199563927
2021,09,ESP.7_1,0,0.5002341793942455
2021,09,ESP.8_1,0.684263959390863,0.4689818162188636
2021,09,ESP.9_1,0.45177664974619297,0.49721446300587663
2021,09,ITA.1_1,0.27447109434773737,0.37107717287820396
2021,09,ITA.10_1,0.5003929469898192,0.4997478802054744
2021,09,ITA.11_1,0.4874606320409451,0.4993825161397185
2021,09,ITA.12_1,0.30761421319796955,0.45978516983739526
2021,09,ITA.13_1,0.47961134444379905,0.49640767359523424
2021,09,ITA.14_1,0.3280839377343775,0.44587459862090095
2021,09,ITA.15_1,0.45750420406292475,0.48472430307461095
2021,09,ITA.16_1,0.4176511136776784,0.4745875700764893
2021,09,ITA.17_1,0.5119072049807744,0.5001688480550865
2021,09,ITA.18_1,0.5045685279187817,0.5002411830719671
2021,09,ITA.2_1,0.4995120923426988,0.500022056588059
2021,09,ITA.20_1,0.5134633488888891,0.49985462936487635
2021,09,ITA.3_1,0.2086253395923427,0.3796017023368036
2021,09,ITA.4_1,0.5038132281722296,0.5002196982408035
2021,09,ITA.5_1,0.49386248428275537,0.49983131276553766
2021,09,ITA.6_1,0.4091985508775181,0.46234456634996174
2021,09,ITA.7_1,0.42407460749569714,0.4823932103768642
2021,09,ITA.8_1,0.6159556249223768,0.4556187206469258
2021,09,ITA.9_1,0.5024565696747585,0.5002016275111261
