ID_0,est,se
ALB,0,0
ARG,0.223,0.4164666186436128
AUT,0,0
BEL,0,0
BGR,0,0
CHN,0,0
DEU,0,0
DOM,0.03,0.17067257872642908
ESP,0,0
FRA,0,0
GRC,0,0
GTM,0.158,0.36492351139542817
HND,0.119,0.32395052700056526
HRV,0,0
HUN,0,0
IND,0.236,0.6396078606609787
ITA,0,0
MEX,0.815,2.1803084823915757
NLD,0,0
PAK,0.214,0.6185358409878821
PER,0.484,0.857017198472982
ROU,0,0
SRB,0,0
SVN,0,0
TUR,0,0
USA,0.012,0.10893974420691407
VEN,0.178,0.38270414482007176
XKO,0,0
