year,month,gid_1,est,se
2014,09,ESP.10_1,0.803,0.39793133748091436
2014,09,ESP.6_1,0.832,0.3740533597174552
