ID_0,est,se
ESP,0.19017057433600004,0.014838091907743623
