year,month,gid_2,est,se
2017,06,ESP.1.1_1,0,0.3932857404911519
2017,06,ESP.1.2_1,0,0.3704608498090469
2017,06,ESP.1.3_1,0,0.3917045218432287
2017,06,ESP.1.4_1,0,0.3901066305296325
2017,06,ESP.1.5_1,0,0.4060799193519681
2017,06,ESP.1.6_1,0,0.40169311340544206
2017,06,ESP.1.7_1,0,0.3810107205436209
2017,06,ESP.1.8_1,0,0.39944781706570703
2017,06,ESP.10.1_1,0,0.3775692765024169
2017,06,ESP.10.2_1,0,0.40317061716666125
2017,06,ESP.10.3_1,0,0.39793133748091436
2017,06,ESP.11.1_1,0,0.38270414482007176
2017,06,ESP.11.2_1,0,0.3924972026066607
2017,06,ESP.12.1_1,0,0.3986915536538929
2017,06,ESP.12.2_1,0,0.4046328307586122
2017,06,ESP.12.3_1,0,0.4254550646214145
2017,06,ESP.12.4_1,0,0.3963989557656934
2017,06,ESP.13.1_1,0,0.3893013685508382
2017,06,ESP.14.1_1,0,0.3749394345485409
2017,06,ESP.14.2_1,0,0.3818596821043259
2017,06,ESP.15.1_1,0,0.4110279113928201
2017,06,ESP.16.1_1,0,0.40169311340544206
2017,06,ESP.16.2_1,0.092,0.28917057184232914
2017,06,ESP.16.3_1,0.1,0.3001501125938321
2017,06,ESP.17.1_1,0.202,0.40169311340544206
2017,06,ESP.18.1_1,0,0.39090767299812473
2017,06,ESP.2.1_1,0,0.3924972026066607
2017,06,ESP.2.2_1,0,0.38437969216355294
2017,06,ESP.2.3_1,0,0.41377555535605315
2017,06,ESP.3.1_1,0.088,0.28343665312788385
2017,06,ESP.4.1_1,0,0.4053582555164201
2017,06,ESP.4.2_1,0,0.387678080750375
2017,06,ESP.4.3_1,0,0.3901066305296325
2017,06,ESP.4.4_1,0,0.39944781706570703
2017,06,ESP.4.5_1,0,0.4060799193519681
2017,06,ESP.5.1_1,0,0.37929917989348183
2017,06,ESP.5.2_1,0,0.41646661864361284
2017,06,ESP.5.3_1,0,0.40751204407485436
2017,06,ESP.5.4_1,0,0.40751204407485436
2017,06,ESP.5.5_1,0,0.39407016036651554
2017,06,ESP.5.6_1,0,0.4046328307586122
2017,06,ESP.5.7_1,0,0.4067978422810088
2017,06,ESP.5.8_1,0,0.3932857404911519
2017,06,ESP.5.9_1,0,0.3868600013708585
2017,06,ESP.6.1_1,0,0.387678080750375
2017,06,ESP.6.2_1,0,0.40892936214366316
2017,06,ESP.6.3_1,0,0.39485048677557294
2017,06,ESP.6.4_1,0,0.4046328307586122
2017,06,ESP.7.1_1,0,0.3758207567993567
2017,06,ESP.7.2_1,0,0.39562674393994207
2017,06,ESP.8.1_1,0,0.40094857495663927
2017,06,ESP.9.1_1,0,0.40317061716666125
