year,month,gid_2,est,se
2017,06,ESP.1.1_1,0,0.3740533597174552
2017,06,ESP.1.2_1,0,0.3901066305296325
2017,06,ESP.1.3_1,0,0.38521083498181535
2017,06,ESP.1.4_1,0,0.39716714584887525
2017,06,ESP.1.5_1,0,0.38437969216355294
2017,06,ESP.1.6_1,0,0.38354413840665863
2017,06,ESP.1.7_1,0,0.3963989557656934
2017,06,ESP.1.8_1,0,0.3901066305296325
2017,06,ESP.10.1_1,0,0.4060799193519681
2017,06,ESP.10.2_1,0,0.3860375953518323
2017,06,ESP.10.3_1,0,0.37929917989348183
2017,06,ESP.11.1_1,0,0.3775692765024169
2017,06,ESP.11.2_1,0,0.4110279113928201
2017,06,ESP.12.1_1,0,0.4060799193519681
2017,06,ESP.12.2_1,0,0.3901066305296325
2017,06,ESP.12.3_1,0,0.40963251677424095
2017,06,ESP.12.4_1,0,0.40094857495663927
2017,06,ESP.13.1_1,0,0.402433787041984
2017,06,ESP.14.1_1,0,0.37136627864268035
2017,06,ESP.14.2_1,0,0.3639828065767441
2017,06,ESP.15.1_1,0,0.403903624814309
2017,06,ESP.16.1_1,0,0.39793133748091436
2017,06,ESP.16.2_1,0.081,0.27297163499805893
2017,06,ESP.16.3_1,0.094,0.29197474077263813
2017,06,ESP.17.1_1,0.183,0.3868600013708585
2017,06,ESP.18.1_1,0,0.3901066305296325
2017,06,ESP.2.1_1,0,0.4046328307586122
2017,06,ESP.2.2_1,0,0.3893013685508382
2017,06,ESP.2.3_1,0,0.387678080750375
2017,06,ESP.3.1_1,0.071,0.25695335184625445
2017,06,ESP.4.1_1,0,0.39562674393994207
2017,06,ESP.4.2_1,0,0.4110279113928201
2017,06,ESP.4.3_1,0,0.39793133748091436
2017,06,ESP.4.4_1,0,0.39485048677557294
2017,06,ESP.4.5_1,0,0.387678080750375
2017,06,ESP.5.1_1,0,0.4117201883725323
2017,06,ESP.5.2_1,0,0.4124088760939574
2017,06,ESP.5.3_1,0,0.37843653921656956
2017,06,ESP.5.4_1,0,0.40020015012510946
2017,06,ESP.5.5_1,0,0.4117201883725323
2017,06,ESP.5.6_1,0,0.40751204407485436
2017,06,ESP.5.7_1,0,0.3924972026066607
2017,06,ESP.5.8_1,0,0.39793133748091436
2017,06,ESP.5.9_1,0,0.4067978422810088
2017,06,ESP.6.1_1,0,0.40094857495663927
2017,06,ESP.6.2_1,0,0.39944781706570703
2017,06,ESP.6.3_1,0,0.4144535821678608
2017,06,ESP.6.4_1,0,0.3932857404911519
2017,06,ESP.7.1_1,0,0.38849186082326864
2017,06,ESP.7.2_1,0,0.39562674393994207
2017,06,ESP.8.1_1,0,0.39716714584887525
2017,06,ESP.9.1_1,0,0.402433787041984
