year,month,gid_2,est,se
2017,06,ESP.1.1_1,0,0.4067978422810088
2017,06,ESP.1.2_1,0,0.40094857495663927
2017,06,ESP.1.3_1,0,0.4067978422810088
2017,06,ESP.1.4_1,0,0.39485048677557294
2017,06,ESP.1.5_1,0,0.39793133748091436
2017,06,ESP.1.6_1,0,0.3986915536538929
2017,06,ESP.1.7_1,0,0.4177912750998392
2017,06,ESP.1.8_1,0,0.42168331341993703
2017,06,ESP.10.1_1,0,0.4060799193519681
2017,06,ESP.10.2_1,0,0.4053582555164201
2017,06,ESP.10.3_1,0,0.4117201883725323
2017,06,ESP.11.1_1,0,0.38015722999769386
2017,06,ESP.12.1_1,0,0.3963989557656934
2017,06,ESP.12.3_1,0,0.3963989557656934
2017,06,ESP.12.4_1,0,0.4082225442643334
2017,06,ESP.13.1_1,0,0.40020015012510946
2017,06,ESP.14.1_1,0,0.40317061716666125
2017,06,ESP.14.2_1,0,0.4130939925085411
2017,06,ESP.15.1_1,0,0.39793133748091436
2017,06,ESP.16.1_1,0,0.24487540497968344
2017,06,ESP.16.2_1,0.046,0.20958990416508122
2017,06,ESP.16.3_1,0.05,0.21805400144814482
2017,06,ESP.17.1_1,0.395,0.48909530177074306
2017,06,ESP.18.1_1,0,0.39562674393994207
2017,06,ESP.2.1_1,0,0.403903624814309
2017,06,ESP.2.2_1,0,0.403903624814309
2017,06,ESP.2.3_1,0,0.40751204407485436
2017,06,ESP.3.1_1,0,0.2586172517116422
2017,06,ESP.4.1_1,0,0.4053582555164201
2017,06,ESP.4.2_1,0,0.4067978422810088
2017,06,ESP.4.3_1,0,0.3963989557656934
2017,06,ESP.4.5_1,0,0.4046328307586122
2017,06,ESP.5.2_1,0,0.3917045218432287
2017,06,ESP.5.3_1,0,0.39090767299812473
2017,06,ESP.5.6_1,0,0.39090767299812473
2017,06,ESP.5.7_1,0,0.3893013685508382
2017,06,ESP.5.8_1,0,0.3986915536538929
2017,06,ESP.5.9_1,0,0.3893013685508382
2017,06,ESP.6.1_1,0,0.4124088760939574
2017,06,ESP.6.2_1,0,0.39562674393994207
2017,06,ESP.6.3_1,0,0.40169311340544206
2017,06,ESP.6.4_1,0,0.4060799193519681
2017,06,ESP.7.1_1,0,0.3986915536538929
2017,06,ESP.8.1_1,0,0.39407016036651554
2017,06,ESP.9.1_1,0,0.403903624814309
