ID_0,est,se
ALB,0,0
AUT,0,0
BEL,0,0
BGR,0,0
CHN,0,0
DEU,0,0
ESP,0,0
FRA,0,0
GRC,0,0
HRV,0,0
HUN,0.9459126404564338,0.23954824813015207
IND,0,0
ITA,0.2975925924799999,0.010110064337839012
NLD,0,0
PAK,0,0
PER,0,0
ROU,0,0
SRB,0,0
SVN,0,0
TUR,0,0
USA,0,0
XKO,0,0
