year,month,gid_2,est,se
2016,03,ESP.1.1_1,0,0
2016,03,ESP.1.2_1,0,0
2016,03,ESP.1.3_1,0,0
2016,03,ESP.1.4_1,0.004,0.06315051850925682
2016,03,ESP.1.5_1,0,0.11333068359382575
2016,03,ESP.1.6_1,0,0
2016,03,ESP.1.7_1,0.144,0.35126540875438816
2016,03,ESP.1.8_1,0,0
2016,03,ESP.10.1_1,0.707,0.45536618051668964
2016,03,ESP.10.2_1,0.294,0.45581988961844544
2016,03,ESP.10.3_1,0.309,0.46231237570795436
2016,03,ESP.11.1_1,0,0.3155242550986462
2016,03,ESP.11.2_1,0,0.31918157352340515
2016,03,ESP.12.2_1,0,0.3014795016081357
2016,03,ESP.12.3_1,0,0.3001501125938321
2016,03,ESP.12.4_1,0,0.3117951510466707
2016,03,ESP.13.1_1,0,0.49546390835709164
2016,03,ESP.14.1_1,0,0.32744957355785825
2016,03,ESP.14.2_1,0,0.32744957355785825
2016,03,ESP.15.1_1,0,0
2016,03,ESP.16.1_1,0,0.04469897088298564
2016,03,ESP.16.2_1,0,0
2016,03,ESP.16.3_1,0,0.03162277660168379
2016,03,ESP.17.1_1,0,0.3067068128833611
2016,03,ESP.18.1_1,0,0.49675523728066096
2016,03,ESP.2.1_1,0,0
2016,03,ESP.2.2_1,0,0
2016,03,ESP.2.3_1,0,0
2016,03,ESP.3.1_1,0,0.290577761426155
2016,03,ESP.4.1_1,0,0
2016,03,ESP.4.2_1,0,0
2016,03,ESP.4.3_1,0,0
2016,03,ESP.4.4_1,0,0
2016,03,ESP.4.5_1,0,0
2016,03,ESP.5.1_1,0,0.32395052700056526
2016,03,ESP.5.2_1,0,0.32974646735443996
2016,03,ESP.5.3_1,0,0.33088439746304826
2016,03,ESP.5.4_1,0,0.3386601403925338
2016,03,ESP.5.5_1,0,0.3320154126456093
2016,03,ESP.5.6_1,0,0.33313958333104454
2016,03,ESP.5.7_1,0,0.33756918246924283
2016,03,ESP.5.8_1,0,0.3429600875052688
2016,03,ESP.6.1_1,0.712,0.4530576798391804
2016,03,ESP.6.2_1,0.319,0.4663222667388471
2016,03,ESP.6.3_1,0.11,0.31304631925323445
2016,03,ESP.6.4_1,0.169,0.3749394345485409
2016,03,ESP.8.1_1,0,0.40169311340544206
2016,03,ESP.9.1_1,0,0.0995485304256668
2016,03,ITA.16.10_1,0,0.13301764429463367
2016,03,ITA.16.2_1,0,0.10435463521037237
2016,03,ITA.16.7_1,0,0.0995485304256668
