year,month,gid_2,est,se
2016,03,ESP.1.1_1,0.025,0.15620307103062794
2016,03,ESP.1.2_1,0.067,0.25014710386805117
2016,03,ESP.1.3_1,0.021,0.14345584540052586
2016,03,ESP.1.4_1,0.325,0.46860921309188386
2016,03,ESP.1.5_1,0,0.4602127723084137
2016,03,ESP.1.6_1,0.017,0.1293357171384909
2016,03,ESP.1.7_1,0.628,0.4835802413765991
2016,03,ESP.1.8_1,0.017,0.1293357171384909
2016,03,ESP.10.1_1,0.818,0.3860375953518323
2016,03,ESP.10.2_1,0.646,0.4784484433174727
2016,03,ESP.10.3_1,0.652,0.47657436263727315
2016,03,ESP.11.1_1,0,0.4796520260210167
2016,03,ESP.11.2_1,0,0.47044800065609943
2016,03,ESP.12.2_1,0,0.47657436263727315
2016,03,ESP.12.3_1,0,0.4762539425745658
2016,03,ESP.12.4_1,0,0.46554025360620294
2016,03,ESP.13.1_1,0.72,0.44922355437109684
2016,03,ESP.14.1_1,0,0.47152235719351987
2016,03,ESP.14.2_1,0,0.4606378047741926
2016,03,ESP.15.1_1,0.022,0.1467567291047928
2016,03,ESP.16.1_1,0,0.4729214043101186
2016,03,ESP.16.2_1,0.024,0.15312559370479986
2016,03,ESP.16.3_1,0.025,0.15620307103062794
2016,03,ESP.17.1_1,0,0.46709439857182744
2016,03,ESP.18.1_1,0.727,0.4457237593730782
2016,03,ESP.2.1_1,0.071,0.25695335184625445
2016,03,ESP.2.2_1,0.021,0.14345584540052586
2016,03,ESP.2.3_1,0.018,0.13301764429463367
2016,03,ESP.3.1_1,0,0.45935499018406994
2016,03,ESP.4.1_1,0.02,0.14007005254378832
2016,03,ESP.4.2_1,0,0.46935199082489393
2016,03,ESP.4.3_1,0.015,0.12161327966052798
2016,03,ESP.4.4_1,0,0.4663222667388471
2016,03,ESP.4.5_1,0.019,0.13659303663678343
2016,03,ESP.5.2_1,0,0.47360669685225454
2016,03,ESP.5.3_1,0,0.4762539425745658
2016,03,ESP.5.4_1,0,0.47044800065609943
2016,03,ESP.5.5_1,0,0.4589222261011223
2016,03,ESP.5.6_1,0,0.4781418404821101
2016,03,ESP.5.7_1,0,0.4682341756463781
2016,03,ESP.5.8_1,0,0.4651455260027343
2016,03,ESP.6.1_1,0.815,0.38849186082326864
2016,03,ESP.6.2_1,0.658,0.47461696267754827
2016,03,ESP.6.3_1,0.304,0.4602127723084137
2016,03,ESP.6.4_1,0.452,0.4979396991041626
2016,03,ESP.8.1_1,0.074,0.2619018758859749
2016,03,ESP.9.1_1,0.02,0.14007005254378832
