year,month,gid_2,est,se
2016,03,ESP.1.1_1,0,0
2016,03,ESP.1.2_1,0,0
2016,03,ESP.1.3_1,0,0
2016,03,ESP.1.4_1,0.003,0.05471740119919799
2016,03,ESP.1.5_1,0,0.12161327966052798
2016,03,ESP.1.6_1,0,0
2016,03,ESP.1.7_1,0.128,0.3342569785774528
2016,03,ESP.1.8_1,0,0
2016,03,ESP.10.1_1,0.697,0.45978516983739526
2016,03,ESP.10.2_1,0.298,0.4576083537321029
2016,03,ESP.10.3_1,0.295,0.45627095369219284
2016,03,ESP.11.1_1,0,0.32395052700056526
2016,03,ESP.11.2_1,0,0.3227695465501356
2016,03,ESP.12.2_1,0,0.3203851535989872
2016,03,ESP.12.3_1,0,0.32860155048170264
2016,03,ESP.12.4_1,0,0.31797028965786267
2016,03,ESP.13.1_1,0,0.49663532561291557
2016,03,ESP.14.1_1,0,0.3203851535989872
2016,03,ESP.14.2_1,0,0.3227695465501356
2016,03,ESP.15.1_1,0,0
2016,03,ESP.16.1_1,0,0.06315051850925682
2016,03,ESP.16.2_1,0,0
2016,03,ESP.16.3_1,0,0
2016,03,ESP.17.1_1,0,0.30799165387857325
2016,03,ESP.18.1_1,0,0.49663532561291557
2016,03,ESP.2.1_1,0,0
2016,03,ESP.2.2_1,0,0
2016,03,ESP.2.3_1,0,0
2016,03,ESP.3.1_1,0,0.3408227694273963
2016,03,ESP.4.1_1,0,0
2016,03,ESP.4.2_1,0,0
2016,03,ESP.4.3_1,0,0
2016,03,ESP.4.4_1,0,0
2016,03,ESP.4.5_1,0,0
2016,03,ESP.5.1_1,0,0.32974646735443996
2016,03,ESP.5.2_1,0,0.33647171235218754
2016,03,ESP.5.3_1,0,0.3203851535989872
2016,03,ESP.5.4_1,0,0.3251241389157466
2016,03,ESP.5.5_1,0,0.3342569785774528
2016,03,ESP.5.6_1,0,0.31304631925323445
2016,03,ESP.5.7_1,0,0.32744957355785825
2016,03,ESP.5.8_1,0,0.32860155048170264
2016,03,ESP.6.1_1,0.699,0.4589222261011223
2016,03,ESP.6.2_1,0.311,0.4631344227041362
2016,03,ESP.6.3_1,0.104,0.30541328929383094
2016,03,ESP.6.4_1,0.15,0.35725009115132167
2016,03,ESP.8.1_1,0,0.4117201883725323
2016,03,ESP.9.1_1,0,0.06315051850925682
2016,03,ITA.16.10_1,0,0.10435463521037237
2016,03,ITA.16.2_1,0,0.0995485304256668
2016,03,ITA.16.7_1,0,0.11333068359382575
