year,month,gid_1,est,se
2016,06,ESP.10_1,0.9849397590361445,0.2730499921721166
2016,06,ESP.2_1,0.0980557593255739,0.3721298137435669
2016,06,ESP.6_1,0.6470141222623246,0.22666200334450035
