year,month,gid_1,est,se
2016,06,ESP.1_1,0.22252520528547196,0.34100396126450505
2016,06,ESP.10_1,0.8885583174249821,0.31951653264334945
2016,06,ESP.11_1,0,0.4991594536419802
2016,06,ESP.12_1,0,0.4996831904017174
2016,06,ESP.13_1,0.9132189707366296,0.2933616557443407
2016,06,ESP.14_1,0,0.49411628564450805
2016,06,ESP.15_1,0.09788092835519677,0.296105857217784
2016,06,ESP.16_1,0.052454151233701535,0.37620244779038525
2016,06,ESP.17_1,0,0.49980877224075293
2016,06,ESP.18_1,0.9132189707366296,0.2933616557443407
2016,06,ESP.2_1,0.1342826120496568,0.3202986678091861
2016,06,ESP.3_1,0,0.500129112459102
2016,06,ESP.4_1,0.041866207835099395,0.3530758075321008
2016,06,ESP.5_1,0,0.4991083835508193
2016,06,ESP.6_1,0.805285357443637,0.367899577963892
2016,06,ESP.7_1,0,0.49587141106163196
2016,06,ESP.8_1,0.2240161453077699,0.4157990967870047
2016,06,ESP.9_1,0.08779011099899091,0.2819760814510878
