year,month,gid_2,est,se
2022,04,ESP.1.1_1,0,0.3532829019480122
2022,04,ESP.1.2_1,0,0.4053582555164201
2022,04,ESP.1.3_1,0,0.3704608498090469
2022,04,ESP.1.4_1,0,0.36585906146062974
2022,04,ESP.1.5_1,0,0.34189456253630574
2022,04,ESP.1.6_1,0,0.3532829019480122
2022,04,ESP.1.7_1,0,0.362085771753194
2022,04,ESP.1.8_1,0,0.3582280381646966
2022,04,ESP.10.1_1,0,0.3440194025768741
2022,04,ESP.10.2_1,0,0.3810107205436209
2022,04,ESP.10.3_1,0,0.36585906146062974
2022,04,ESP.11.1_1,0,0.36955049393495276
2022,04,ESP.11.2_1,0,0.36585906146062974
2022,04,ESP.12.1_1,0,0.3630369069334353
2022,04,ESP.12.2_1,0,0.362085771753194
2022,04,ESP.12.3_1,0,0.3740533597174552
2022,04,ESP.12.4_1,0,0.3704608498090469
2022,04,ESP.13.1_1,0,0.3630369069334353
2022,04,ESP.14.1_1,0,0.35725009115132167
2022,04,ESP.14.2_1,0,0.3502480173729377
2022,04,ESP.15.1_1,0,0.3758207567993567
2022,04,ESP.16.1_1,0,0.38437969216355294
2022,04,ESP.16.2_1,0.208,0.4060799193519681
2022,04,ESP.16.3_1,0.146,0.3532829019480122
2022,04,ESP.17.1_1,0.305,0.4606378047741926
2022,04,ESP.18.1_1,0,0.3532829019480122
2022,04,ESP.2.1_1,0,0.3749394345485409
2022,04,ESP.2.2_1,0,0.39090767299812473
2022,04,ESP.2.3_1,0,0.35126540875438816
2022,04,ESP.3.1_1,0.078,0.26830577330349786
2022,04,ESP.4.1_1,0,0.3630369069334353
2022,04,ESP.4.2_1,0,0.37226681638655706
2022,04,ESP.4.3_1,0,0.3917045218432287
2022,04,ESP.4.4_1,0,0.3639828065767441
2022,04,ESP.4.5_1,0,0.3677148544921924
2022,04,ESP.5.1_1,0,0.3592005359475749
2022,04,ESP.5.2_1,0,0.35126540875438816
2022,04,ESP.5.3_1,0,0.38437969216355294
2022,04,ESP.5.4_1,0,0.38270414482007176
2022,04,ESP.5.5_1,0,0.37226681638655706
2022,04,ESP.5.6_1,0,0.36585906146062974
2022,04,ESP.5.7_1,0,0.3740533597174552
2022,04,ESP.5.8_1,0,0.3582280381646966
2022,04,ESP.5.9_1,0,0.35725009115132167
2022,04,ESP.6.1_1,0,0.38849186082326864
2022,04,ESP.6.2_1,0,0.38521083498181535
2022,04,ESP.6.3_1,0,0.3704608498090469
2022,04,ESP.6.4_1,0,0.3758207567993567
2022,04,ESP.7.1_1,0,0.3775692765024169
2022,04,ESP.7.2_1,0,0.36492351139542817
2022,04,ESP.8.1_1,0,0.3639828065767441
2022,04,ESP.9.1_1,0,0.37843653921656956
