year,month,gid_4,est,se
2020,06,ESP.10.1.1.3_1,0.085,0.2790212408632233
2020,06,ESP.10.1.1.8_1,0.031,0.17340435135563662
2020,06,ESP.10.1.4.20_1,0.06,0.237605674293474
2020,06,ESP.10.1.4.23_1,0.035,0.18387171834952978
2020,06,ESP.10.1.4.27_1,0.039,0.19369180807797864
2020,06,ESP.10.1.6.12_1,0.042,0.20068950215762726
2020,06,ESP.10.1.6.27_1,0.078,0.26830577330349786
2020,06,ESP.10.1.7.1_1,0.217,0.4124088760939574
2020,06,ESP.10.1.7.10_1,0.076,0.26513071171460745
2020,06,ESP.10.1.7.2_1,0.057,0.2319586273558386
2020,06,ESP.10.1.7.6_1,0.265,0.4415540396938635
2020,06,ESP.10.1.9.3_1,0.056,0.23003677296666486
2020,06,ESP.10.2.5.11_1,0.365,0.4816710568500115
2020,06,ESP.10.2.7.2_1,0.089,0.2848862231842041
2020,06,ESP.10.2.7.6_1,0.021,0.14345584540052586
2020,06,ESP.10.2.8.8_1,0.869,0.33756918246924283
2020,06,ESP.10.3.1.14_1,0.239,0.42668613881993056
2020,06,ESP.10.3.13.9_1,0.807,0.39485048677557294
2020,06,ESP.10.3.4.1_1,0.236,0.4248346554654934
2020,06,ESP.10.3.7.19_1,0.279,0.4487319471135974
2020,06,ESP.10.3.7.2_1,0.173,0.37843653921656956
2020,06,ESP.10.3.7.4_1,0.406,0.4913302406787164
2020,06,ESP.10.3.8.5_1,0.045,0.20740785428237288
