year,month,gid_1,est,se
2022,11,ESP.10_1,0.996,0.1263602466819323
2022,11,ESP.2_1,0.42230436524650783,0.22473716625731038
2022,11,ESP.6_1,0.6630280553007513,0.059419970638378124
