year,month,gid_1,est,se
2022,11,ESP.10_1,0.81,0.3924972026066607
2022,11,ESP.6_1,0.918,0.27450200609713465
