year,month,gid_4,est,se
2016,08,HND.8.4_1,0,0.18131981931624816
2016,08,MEX.14.40_2,0,0.162164414398774
2016,08,MEX.14.99_2,0,0.18638331132035063
2016,08,MEX.9.9_2,0,0.15620307103062794
2016,08,USA.10.43_1,0,0.16505527329729044
2016,08,USA.5.19_1,0,0.18131981931624816
