year,month,gid_1,est,se
2017,12,ARG.24_1,9.831766459735653e-4,0.001647481486975444
2017,12,DOM.5_1,0.20481610436997122,0.48705776699656195
2017,12,GTM.7_1,0.0037491671095360272,0.011410021313503953
2017,12,HND.8_1,0.0019172300819456161,0.004122557340881209
2017,12,IND.20_1,1.9595179217760466e-5,5.269720787374718e-5
2017,12,IND.34_1,3.150304585633682e-5,7.597832193038905e-5
2017,12,MEX.14_1,8.303473916745385e-5,2.63862858969691e-4
2017,12,MEX.16_1,1.4003742565437628e-4,4.055203720796051e-4
2017,12,MEX.17_1,0.002412429258845476,0.0060045232066355935
2017,12,MEX.31_1,3.117169074249565e-4,7.395522121346766e-4
2017,12,MEX.9_1,0.004110437785638496,0.014372570655347807
2017,12,PAK.7_1,2.839983995511101e-5,7.575426045895977e-5
2017,12,PER.13_1,0.002355277449768737,0.002564442023953969
2017,12,PRI.52_1,0.26111543668263343,0.4738226727551075
2017,12,PRI.65_1,0.1240251305596117,0.29053488554471973
2017,12,USA.5_1,5.319945300750744e-6,1.1945595334000979e-5
2017,12,VEN.14_1,0.0010499098806459298,0.002071086691076435
