ID_1,est,se
ESP.1_1,0.7286061440540166,0.3325211342929386
ESP.10_1,0.288580984,0.306890061280571
ESP.11_1,0.15197800000000006,0.21834863847795427
ESP.12_1,0.4226559999999999,0.14565144373711805
ESP.13_1,0.14500000000000002,0.3522770203960217
ESP.14_1,0.08226999999999995,0.17990759946922094
ESP.15_1,0.06600000000000006,0.24840633185509925
ESP.16_1,0.26006799999999997,0.21612647759931206
ESP.17_1,0.244,0.42970763159228237
ESP.18_1,0.14600000000000002,0.3532829019480122
ESP.2_1,0.19065999999999994,0.1659034585857929
ESP.3_1,0.06000000000000005,0.237605674293474
ESP.4_1,0.12938073400000005,0.10476641572046087
ESP.5_1,0.410776722032,0.10519185149484729
ESP.6_1,0.623047362198,0.33653094962945507
ESP.7_1,0.10299999999999998,0.1520554861584115
ESP.8_1,0.373,0.48384409173317916
ESP.9_1,0,0
