year,month,gid_1,est,se
2020,05,ESP.1_1,0.41541281392948337,0.4200266750361298
2020,05,ESP.10_1,0.48732317448181417,0.48878625472682924
2020,05,ESP.11_1,0,0.31352942709165255
2020,05,ESP.12_1,0.3679548878035456,0.3566725004834107
2020,05,ESP.13_1,0.5366162487057612,0.500129112459102
2020,05,ESP.14_1,0,0.17872588772459053
2020,05,ESP.16_1,0.22057232308764418,0.40094857495663927
2020,05,ESP.17_1,0,0.46434859709018134
2020,05,ESP.18_1,0.5091818801625219,0.498951854343636
2020,05,ESP.2_1,0.3161386341193115,0.45901782051307694
2020,05,ESP.3_1,0,0.4749490252401584
2020,05,ESP.4_1,0.22603286124035596,0.3264528688195858
2020,05,ESP.5_1,0,0.38560001270202787
2020,05,ESP.6_1,0.5108444677963973,0.29966364704312637
2020,05,ESP.8_1,0.8581470480325262,0.4130939925085412
2020,05,ITA.13_1,0,0.08341437500789632
2020,05,ITA.16_1,0.004389498966918292,0.06315051850925682
2020,05,ITA.17_1,0.024142244318050603,0.1467567291047928
2020,05,ITA.20_1,0.002194749483459146,0.04469897088298564
2020,05,ITA.6_1,0.20020681283401018,0.36507789715695965
2020,05,ITA.8_1,0.7846229403366446,0.4516403203645341
