year,month,gid_1,est,se
2015,07,ESP.1_1,0.3579785456934828,0.42487686853307927
2015,07,ESP.10_1,0.9651555534400028,0.17894320073606185
2015,07,ESP.11_1,0,0.4428092192205139
2015,07,ESP.12_1,0,0.4329009342561688
2015,07,ESP.13_1,0.999,0.054718386139013024
2015,07,ESP.14_1,0,0.4377608096558902
2015,07,ESP.15_1,0,0.43995058538906684
2015,07,ESP.16_1,0.05600568805960499,0.325746142741807
2015,07,ESP.17_1,0,0.4511705614543865
2015,07,ESP.18_1,0.9799618856569707,0.14675937079724255
2015,07,ESP.2_1,0.37629125988553314,0.4337379928282457
2015,07,ESP.3_1,0,0.4426216892668726
2015,07,ESP.4_1,0,0.2620628699080111
2015,07,ESP.5_1,0,0.4444566258401239
2015,07,ESP.6_1,0.818037759031742,0.29650550072124343
2015,07,ESP.7_1,0,0.43149030093021773
2015,07,ESP.8_1,0.3436880641925778,0.47495757455344484
2015,07,ESP.9_1,0,0.1706756509157955
2015,07,ITA.10_1,0.17739273337228428,0.3818478203545134
2015,07,ITA.13_1,0.09886028135470723,0.2983600740837266
2015,07,ITA.16_1,0.09718761086012401,0.29604408954677874
2015,07,ITA.17_1,0.30260581745235704,0.4593632587971464
2015,07,ITA.2_1,0,0.38521776896406307
2015,07,ITA.20_1,0.22344734202607824,0.41647411524515726
2015,07,ITA.4_1,0,0.26190659024702895
2015,07,ITA.6_1,0.05957368718440122,0.2357456792611632
2015,07,ITA.8_1,0.20841725175526576,0.40608722898787714
