year,month,gid_1,est,se
2015,07,ESP.10_1,0.9809236947791165,0.299807203945199
2015,07,ESP.2_1,0.2882657739432381,0.4353543152202151
2015,07,ESP.6_1,0.6430119730524545,0.24752666801600545
