year,month,gid_1,est,se
2015,07,AND.2_1,0,0.38015722999769386
2015,07,AND.4_1,0,0.39944781706570703
2015,07,AND.5_1,0,0.3901066305296325
2015,07,AND.7_1,0,0.3986915536538929
2015,07,CHE.4_1,0,0.39407016036651554
2015,07,CHE.5_1,0,0.3868600013708586
2015,07,CHE.8_1,0,0.3893013685508382
2015,07,DEU.1_1,0,0.42232020358296185
2015,07,DEU.7_1,0,0.390564649779169
2015,07,DEU.9_1,0,0.38849186082326864
2015,07,ESP.1_1,0.36975118605153384,0.41531996619724815
2015,07,ESP.10_1,0.9514097734570705,0.20571315306946972
2015,07,ESP.11_1,0,0.39716714584887525
2015,07,ESP.12_1,0,0.3856374487632734
2015,07,ESP.13_1,0.9979959919839679,0.06315051850925682
2015,07,ESP.14_1,0,0.39716714584887525
2015,07,ESP.15_1,0,0.4516403203645341
2015,07,ESP.16_1,0.05105131003938515,0.30825876972415056
2015,07,ESP.17_1,0,0.3901066305296325
2015,07,ESP.18_1,0.9819639278557114,0.14007005254378832
2015,07,ESP.2_1,0.3920358841366706,0.4197325521062583
2015,07,ESP.3_1,0,0.39716714584887525
2015,07,ESP.4_1,0,0.22772021144391769
2015,07,ESP.5_1,0,0.38532681724517304
2015,07,ESP.6_1,0.8209313483280184,0.2816657130722624
2015,07,ESP.7_1,0,0.3917045218432287
2015,07,ESP.8_1,0.4348697394789579,0.4958728565770563
2015,07,ESP.9_1,0,0.2586172517116422
2015,07,FRA.1_1,0.020782033012863622,0.2698735078755744
2015,07,FRA.10_1,0.09318637274549099,0.290577761426155
2015,07,FRA.11_1,0.18172178910438153,0.3487850414977685
2015,07,FRA.13_1,0.07014028056112225,0.25527468571161765
2015,07,FRA.5_1,0.1092184368737475,0.3117951510466707
2015,07,FRA.8_1,0,0.3766973598273565
2015,07,HRV.21_1,0,0.39116628036609014
2015,07,HRV.4_1,0.10420841683366733,0.30541328929383094
2015,07,ITA.10_1,0.17218746277257424,0.37708221467070685
2015,07,ITA.13_1,0.10941346825865926,0.3119447445063566
2015,07,ITA.16_1,0.11034465793066597,0.3128438441612939
2015,07,ITA.17_1,0.26753507014028055,0.44261372200475985
2015,07,ITA.2_1,0,0.37843653921656956
2015,07,ITA.20_1,0.19639278557114226,0.3971671458488753
2015,07,ITA.4_1,0,0.2848862231842041
2015,07,ITA.6_1,0.06778139060722828,0.2507656064224622
2015,07,ITA.8_1,0.16733466933867736,0.3731624984510773
2015,07,MNE.20_1,0,0.39485048677557294
2015,07,NLD.14_1,0,0.21980464895930868
2015,07,NLD.2_1,0,0.3948504867755729
2015,07,NLD.9_1,0,0.3969542773966514
2015,07,POL.6_1,0,0.4029604330879278
2015,07,PRT.1_1,0,0.38354413840665863
2015,07,PRT.14_1,0,0.3924972026066607
2015,07,SRB.3_1,0,0.2586172517116422
2015,07,TUR.56_1,0,0.3818596821043259
