year,month,gid_1,est,se
2015,07,AND.2_1,0,0.34922479573758497
2015,07,AND.3_1,0,0.3552776691859794
2015,07,AND.4_1,0,0.3450725649411658
2015,07,AND.5_1,0,0.3440194025768741
2015,07,AND.7_1,0,0.3582280381646966
2015,07,CHE.4_1,0,0.39793133748091436
2015,07,CHE.5_1,0,0.3775692765024169
2015,07,CHE.8_1,0,0.38270414482007176
2015,07,DEU.1_1,0,0.3471606552023436
2015,07,DEU.7_1,0,0.4058960343707292
2015,07,DEU.9_1,0,0.42607222103481185
2015,07,ESP.1_1,0.29701248828342414,0.40828198939116145
2015,07,ESP.10_1,0.7909216210297999,0.36969417796177506
2015,07,ESP.11_1,0,0.3460417907760792
2015,07,ESP.12_1,0,0.34844882177285746
2015,07,ESP.13_1,0.997,0.054717401199198
2015,07,ESP.14_1,0,0.3397446488562056
2015,07,ESP.15_1,0.194,0.39562674393994207
2015,07,ESP.16_1,0,0.2390448780801604
2015,07,ESP.17_1,0,0.34819569244928955
2015,07,ESP.18_1,0.918,0.27450200609713465
2015,07,ESP.2_1,0.09462927147684108,0.29017730092629285
2015,07,ESP.3_1,0,0.34819569244928955
2015,07,ESP.4_1,0.040632592050282884,0.19889642216317
2015,07,ESP.5_1,0,0.3418417002835651
2015,07,ESP.6_1,0.7698370300905658,0.3283425206026188
2015,07,ESP.7_1,0,0.3471606552023436
2015,07,ESP.8_1,0.472,0.49946517943242597
2015,07,ESP.9_1,0,0.17340435135563662
2015,07,FRA.1_1,0,0.24722135488724967
2015,07,FRA.10_1,0,0.21805400144814482
2015,07,FRA.11_1,0.04128305802440863,0.19638341993978192
2015,07,FRA.13_1,0,0.22613079209858872
2015,07,FRA.5_1,0,0.22414558046332575
2015,07,FRA.8_1,0,0.40020015012510946
2015,07,HRV.21_1,0,0.37484756127280505
2015,07,HRV.4_1,0,0.19369180807797864
2015,07,ITA.10_1,0,0.3482562899387701
2015,07,ITA.13_1,0,0.24458614964144654
2015,07,ITA.16_1,0.08713788647758018,0.2821441447886287
2015,07,ITA.17_1,0,0.35428310221702153
2015,07,ITA.2_1,0,0.40094857495663927
2015,07,ITA.20_1,0,0.31918157352340515
2015,07,ITA.4_1,0,0.2760202658994212
2015,07,ITA.6_1,0,0.25345964255140147
2015,07,ITA.8_1,0,0.3440194025768741
2015,07,MNE.20_1,0,0.33536766610911
2015,07,NLD.14_1,0,0.24127621974453722
2015,07,NLD.2_1,0,0.4248346554654934
2015,07,NLD.9_1,0,0.4175698742747432
2015,07,POL.6_1,0,0.38900761361622405
2015,07,PRT.1_1,0,0.3552776691859794
2015,07,PRT.14_1,0,0.34819569244928955
2015,07,SRB.3_1,0,0.18131981931624816
2015,07,TUR.56_1,0,0.33313958333104454
