year,month,gid_2,est,se
2015,09,ESP.1.1_1,0.023,0.1499783100768024
2015,09,ESP.1.2_1,0.013,0.11333068359382575
2015,09,ESP.1.3_1,0.024,0.15312559370479986
2015,09,ESP.1.4_1,0.233,0.42295376802895357
2015,09,ESP.1.5_1,0,0.4446985009607709
2015,09,ESP.1.6_1,0.023,0.1499783100768024
2015,09,ESP.1.7_1,0.59,0.4920794063381866
2015,09,ESP.1.8_1,0.178,0.38270414482007176
2015,09,ESP.10.1_1,0.677,0.46785669802824226
2015,09,ESP.10.2_1,0.49,0.5001501276118503
2015,09,ESP.10.3_1,0.507,0.5002011607355596
2015,09,ESP.11.1_1,0,0.46554025360620294
2015,09,ESP.11.2_1,0,0.45490981847278583
2015,09,ESP.12.1_1,0,0.4610602743422779
2015,09,ESP.12.2_1,0,0.4571651780264984
2015,09,ESP.12.3_1,0,0.4580489153014215
2015,09,ESP.12.4_1,0,0.46554025360620294
2015,09,ESP.13.1_1,0.791,0.4067978422810088
2015,09,ESP.14.1_1,0,0.4711666350644939
2015,09,ESP.14.2_1,0,0.46148018805140917
2015,09,ESP.15.1_1,0.073,0.2602666685127751
2015,09,ESP.16.1_1,0,0.46231237570795436
2015,09,ESP.16.2_1,0.015,0.12161327966052798
2015,09,ESP.16.3_1,0.018,0.13301764429463367
2015,09,ESP.17.1_1,0,0.4576083537321029
2015,09,ESP.18.1_1,0.694,0.4610602743422779
2015,09,ESP.2.1_1,0.4,0.4901430813958718
2015,09,ESP.2.2_1,0.023,0.1499783100768024
2015,09,ESP.2.3_1,0.053,0.22414558046332575
2015,09,ESP.3.1_1,0,0.4602127723084137
2015,09,ESP.4.1_1,0.027,0.162164414398774
2015,09,ESP.4.2_1,0,0.4602127723084137
2015,09,ESP.4.3_1,0.018,0.13301764429463367
2015,09,ESP.4.4_1,0,0.4497123983628217
2015,09,ESP.4.5_1,0.058,0.2338604085575211
2015,09,ESP.5.1_1,0,0.45627095369219284
2015,09,ESP.5.2_1,0,0.4663222667388471
2015,09,ESP.5.3_1,0,0.45211548127487117
2015,09,ESP.5.4_1,0,0.46354166034011535
2015,09,ESP.5.5_1,0,0.45536618051668964
2015,09,ESP.5.6_1,0,0.46785669802824226
2015,09,ESP.5.7_1,0,0.45019848809017415
2015,09,ESP.5.8_1,0,0.4639463829433809
2015,09,ESP.5.9_1,0,0.46670956473787617
2015,09,ESP.6.1_1,0.715,0.4516403203645341
2015,09,ESP.6.2_1,0.689,0.4631344227041362
2015,09,ESP.6.3_1,0.135,0.34189456253630574
2015,09,ESP.6.4_1,0.386,0.48707416400507353
2015,09,ESP.7.1_1,0,0.4663222667388471
2015,09,ESP.7.2_1,0,0.45581988961844544
2015,09,ESP.8.1_1,0.068,0.2518718710762269
2015,09,ESP.9.1_1,0.015,0.12161327966052798
