year,month,gid_1,est,se
2018,10,AUT.1_1,0.31469926492822137,0.23226298500640513
2018,10,AUT.2_1,0.30670914144754036,0.23071867280644937
2018,10,AUT.3_1,0.30570879563674114,0.23048322245504183
2018,10,AUT.4_1,0.30643070998949523,0.23065024437479648
2018,10,AUT.5_1,0.30824741777581127,0.23095079464234494
2018,10,AUT.6_1,0.30542498804562335,0.23037499424813931
2018,10,AUT.7_1,0.30425490946201583,0.23017372617406687
2018,10,AUT.8_1,0.30999924663326217,0.2313056543745709
2018,10,AUT.9_1,0.30098033730654405,0.22956920185612145
2018,10,CHE.19_1,0.286,0.22617085435011194
2018,10,CHE.21_1,0.31,0.2314780996966402
2018,10,CHE.25_1,0.304,0.23022152570914994
2018,10,CHE.26_1,0.303,0.23000761749278067
2018,10,DEU.11_1,0.29,0.22710813422499357
2018,10,DEU.2_1,0.06496659027566935,0.05268924982676995
2018,10,ESP.16_1,0.0781683391075885,0.09396515323874494
2018,10,ESP.17_1,0.021394938840011268,0.04287850401220791
2018,10,ESP.3_1,0.012811001410942699,0.04062782006113591
2018,10,HRV.8_1,0.322,0.23385534408174044
2018,10,HUN.1_1,0.298,0.2289186648276147
2018,10,HUN.10_1,0.2927549474742662,0.2277282550886713
2018,10,HUN.11_1,0.3,0.22935814289068268
2018,10,HUN.12_1,0.30498826517030536,0.23042766045049068
2018,10,HUN.13_1,0.303,0.23000761749278067
2018,10,HUN.14_1,0.31021521206275654,0.23139103245678463
2018,10,HUN.18_1,0.298,0.2289186648276147
2018,10,HUN.2_1,0.31,0.23147809969664024
2018,10,HUN.4_1,0.284,0.22569409542918592
2018,10,HUN.5_1,0.002,0.022360668572260937
2018,10,HUN.8_1,0.344,0.23775828371256894
2018,10,HUN.9_1,0.312,0.23188680257169583
2018,10,ITA.10_1,0.289,0.22687583347502255
2018,10,ITA.20_1,0.274,0.22322771197181804
2018,10,ITA.7_1,0.297,0.22869696609772133
2018,10,NLD.7_1,0.004,0.03159105873485386
2018,10,ROU.14_1,0.022,0.07341508127451012
2018,10,ROU.29_1,0.298,0.22891866482761472
2018,10,SRB.5_1,0.309,0.23127185270377418
2018,10,SVN.8_1,0.293,0.22779701725584614
