year,month,gid_4,est,se
2019,06,MEX.17.7_2,0.158,0.36492351139542817
2019,06,MEX.9.9_2,0.027,0.162164414398774
2019,06,USA.5.19_1,0.022,0.1467567291047928
