year,month,gid_2,est,se
2016,08,ESP.10.1_1,0.006249685306323687,0.13375626257421744
2016,08,ESP.10.2_1,0.005216024487663627,0.11163377142518631
2016,08,ESP.10.3_1,0.002346074032780869,0.05947009361058686
2016,08,ESP.15.1_1,0.01104175380274991,0.18003472515904387
2016,08,ESP.18.1_1,0.0027916773609828324,0.0645673798405794
2016,08,ESP.2.1_1,0.005362617578502857,0.07117487123154008
2016,08,ESP.2.2_1,0.0046153090046716135,0.06959941578951175
2016,08,ESP.2.3_1,0.001370232523071093,0.034733710563565896
2016,08,ESP.4.1_1,0.0027595706645639957,0.055218262049051704
2016,08,ESP.4.3_1,5.827401341876405e-4,0.023391365431022052
2016,08,ESP.4.4_1,0,0
2016,08,ESP.5.7_1,0.0013804915618995854,0.04522213680821398
2016,08,ESP.6.1_1,0,0
2016,08,ESP.6.2_1,0,0
2016,08,ESP.6.3_1,0.004615712024907858,0.07525873703239293
2016,08,ESP.6.4_1,0,0
2016,08,ESP.9.1_1,0.0022149712854084565,0.056146800078540546
2016,08,FRA.10.11_1,0.004683842555819495,0.09372242173932671
2016,08,FRA.11.11_1,0.03013392857142857,0.32505785399500575
2016,08,FRA.11.6_1,0.00564126741795854,0.11288023407903133
2016,08,FRA.11.7_1,0.00700788977190021,0.1499834149205895
