year,month,gid_1,est,se
2020,07,ESP.10_1,0.29,0.9084038653152894
2020,07,ESP.2_1,0.19849209458588535,0.4492035557577165
2020,07,ESP.6_1,0.13154264023000878,0.5299952089255192
