ID_1,est,se
ESP.1_1,0.9548535744669924,0.3843159784630349
ESP.10_1,0.4866520900000001,0.28225044342716604
ESP.11_1,0.015951999999999966,0.08604513135808545
ESP.12_1,0.23276591167999994,0.16251433795807085
ESP.13_1,0.3360000000000001,0.47257520811753057
ESP.14_1,0.21819600000000006,0.28904391658178963
ESP.15_1,0.0030000000000000027,0.05471740119919799
ESP.16_1,0.34452508800000003,0.27060427957183764
ESP.17_1,0.394,0.4888793337859589
ESP.18_1,0.542,0.4984821807090846
ESP.2_1,0.381392368,0.2170284650320761
ESP.3_1,0.11699999999999999,0.32158111638343195
ESP.4_1,0.17483627422830705,0.13326949792817905
ESP.5_1,0.1857541604420233,0.10346165247464569
ESP.6_1,0.6281964421599999,0.41014888004806727
ESP.7_1,0.393968,0.41541118977314606
ESP.8_1,0.07599999999999996,0.26513071171460745
ESP.9_1,0.0040000000000000036,0.06315051850925682
