year,month,gid_1,est,se
2020,07,ESP.10_1,0.879,0.3262904618058356
2020,07,ESP.6_1,0.685,0.4647483092933109
