year,month,gid_3,est,se
2021,12,AUT.5.3.1_2,0,0.12161327966052798
2021,12,AUT.6.4.1_2,0,0.26830577330349786
2021,12,AUT.6.5.9_2,0,0.18131981931624816
2021,12,AUT.9.1.1_2,0,0.09448771310560929
2021,12,CHE.21.5.38_1,0,0.21174474216810163
2021,12,ESP.16.2.1_1,0,0.16505527329729044
2021,12,ESP.16.3.1_1,0,0.1678904023081343
2021,12,ESP.17.1.4_1,0,0.4110279113928201
2021,12,ESP.17.1.8_1,0,0.4110279113928201
2021,12,ESP.3.1.4_1,0,0.10893974420691407
2021,12,HUN.1.2_1,0,0.19369180807797864
2021,12,HUN.10.2_1,0,0.26830577330349786
2021,12,HUN.14.2_1,0,0.10435463521037237
2021,12,HUN.2.3_1,0,0.17067257872642908
2021,12,HUN.5.1_1,0,0.36492351139542817
2021,12,HUN.9.9_1,0,0.3105357184486713
2021,12,ITA.10.1.25_1,0,0.18131981931624816
2021,12,ITA.20.4.46_1,0,0.08912880535463237
2021,12,ITA.20.4.55_1,0,0.08912880535463237
2021,12,ITA.20.4.66_1,0,0.08912880535463237
2021,12,ITA.20.4.86_1,0,0.08912880535463237
2021,12,ITA.20.4.93_1,0,0.08912880535463237
2021,12,ITA.7.4.70_1,0,0.18387171834952978
2021,12,NLD.7.32_2,0,0.1499783100768024
2021,12,SRB.5.6_1,0,0.18638331132035063
