year,month,gid_1,est,se
2016,05,AND.4_1,0,0.37405410782641896
2016,05,AND.5_1,0,0.37582150844312534
2016,05,AND.7_1,0,0.3429607734275016
2016,05,BEL.1_1,0,0.374054107826419
2016,05,BEL.2_1,0,0.3835449054972368
2016,05,BEL.3_1,0,0.3552783797434495
2016,05,CHE.24_1,0,0.36251735293639514
2016,05,CHE.26_1,0,0.3638396855564958
2016,05,CZE.11_1,0,0.3569035755645644
2016,05,DEU.3_1,0,0.37226756092242347
2016,05,DEU.9_1,0,0.37494018442965965
2016,05,ESP.1_1,0.15985817740228828,0.3142991531726388
2016,05,ESP.10_1,0.8471017218262,0.31825821530645243
2016,05,ESP.11_1,0,0.3754488910829583
2016,05,ESP.12_1,0,0.36726728220785676
2016,05,ESP.13_1,0.895,0.30670742629882713
2016,05,ESP.14_1,0,0.36363202219306673
2016,05,ESP.15_1,0,0
2016,05,ESP.16_1,0.00802032446216376,0.16296452045698065
2016,05,ESP.17_1,0,0.35725080565364753
2016,05,ESP.18_1,0.919,0.27297218094296677
2016,05,ESP.2_1,0.06141248670846275,0.20577701933874676
2016,05,ESP.3_1,0,0.36679022979739423
2016,05,ESP.4_1,0,0.012774372186429059
2016,05,ESP.5_1,0,0.3691570012114841
2016,05,ESP.6_1,0.6922140356728445,0.3751918729101867
2016,05,ESP.8_1,0.426,0.4947421023601693
2016,05,ESP.9_1,0,0.2241460287558316
2016,05,FRA.11_1,0,0.26830630991665433
2016,05,FRA.12_1,0,0.3745739571434745
2016,05,FRA.13_1,0,0
2016,05,FRA.6_1,0,0.3562673625687041
2016,05,FRA.8_1,0,0.37000379387387083
2016,05,GRC.3_1,0,0.03162283984742673
2016,05,HRV.21_1,0,0.35481817317953834
2016,05,HRV.4_1,0,0
2016,05,ITA.10_1,0.11535435663615284,0.31915270505577337
2016,05,ITA.13_1,0.066,0.24840682866925345
2016,05,ITA.15_1,0.046,0.20959032334614708
2016,05,ITA.16_1,0.06865870130598652,0.25234537707329047
2016,05,ITA.2_1,0.085,0.27902179890737916
2016,05,ITA.20_1,0.08,0.2714294906040004
2016,05,ITA.4_1,0.116,0.3203857943712168
2016,05,ITA.5_1,0.17417343685910391,0.3208614016082727
2016,05,NLD.9_1,0,0.35381227563899753
2016,05,POL.12_1,0,0.3753042501262089
2016,05,PRT.11_1,0,0.34189524632748225
2016,05,PRT.15_1,0,0.38110560751552397
2016,05,PRT.18_1,0,0.3592012543508021
2016,05,PRT.7_1,0,0.3466379925845449
2016,05,PRT.9_1,0,0.07056911434883946
2016,05,TUR.22_1,0,0.3538715461388992
2016,05,TUR.40_1,0,0
