year,month,gid_1,est,se
2016,05,AND.4_1,0,0.3142893217686178
2016,05,AND.5_1,0,0.32974646735443996
2016,05,AND.7_1,0,0.3262904618058356
2016,05,BEL.1_1,0,0.31797028965786267
2016,05,BEL.2_1,0,0.33647171235218754
2016,05,BEL.3_1,0,0.3155242550986462
2016,05,CHE.24_1,0,0.32570102321915556
2016,05,CHE.26_1,0,0.32962762499932435
2016,05,CZE.11_1,0,0.3347931993604446
2016,05,DEU.3_1,0,0.3067068128833611
2016,05,DEU.9_1,0,0.3203851535989872
2016,05,ESP.1_1,0.14614127101688493,0.30995993346898804
2016,05,ESP.10_1,0.8257929117297932,0.35362580657178194
2016,05,ESP.11_1,0,0.30933109913231194
2016,05,ESP.12_1,0,0.3150316650867254
2016,05,ESP.13_1,0.8476953907815631,0.3611293596682696
2016,05,ESP.14_1,0,0.3298397924734032
2016,05,ESP.15_1,0,0.03162277660168379
2016,05,ESP.16_1,0.005514468157927993,0.14465408236282748
2016,05,ESP.17_1,0,0.3227695465501356
2016,05,ESP.18_1,0.8977955911823647,0.30541328929383094
2016,05,ESP.2_1,0.04315281056083814,0.18761531588728333
2016,05,ESP.3_1,0,0.30926792049394103
2016,05,ESP.4_1,0,0.005040698125778435
2016,05,ESP.5_1,0,0.3161814894009899
2016,05,ESP.6_1,0.6950528695769541,0.3985877962884291
2016,05,ESP.8_1,0.2565130260521042,0.43664018900538076
2016,05,ESP.9_1,0,0.10893974420691407
2016,05,FRA.11_1,0,0.19605723255834873
2016,05,FRA.12_1,0,0.30670681288336116
2016,05,FRA.13_1,0,0
2016,05,FRA.6_1,0,0.33756918246924283
2016,05,FRA.8_1,0,0.32707024254774236
2016,05,GRC.3_1,0,0.07056897321046962
2016,05,HRV.21_1,0,0.3305529629306225
2016,05,HRV.4_1,0,0.03162277660168379
2016,05,ITA.10_1,0.07010325701011264,0.2538366305118132
2016,05,ITA.13_1,0.020040080160320637,0.14007005254378832
2016,05,ITA.15_1,0.01603206412825651,0.12553788177183714
2016,05,ITA.16_1,0.026523770795871607,0.1598266445724281
2016,05,ITA.2_1,0.05611222444889779,0.23003677296666486
2016,05,ITA.20_1,0.05511022044088176,0.2280943379986163
2016,05,ITA.4_1,0.06212424849699398,0.24127621974453725
2016,05,ITA.5_1,0.054709352640322804,0.2010227872097581
2016,05,NLD.9_1,0,0.329320178416947
2016,05,POL.12_1,0,0.32422472273422814
2016,05,PRT.11_1,0,0.3429600875052688
2016,05,PRT.15_1,0,0.3066248178623235
2016,05,PRT.18_1,0,0.33536766610911
2016,05,PRT.7_1,0,0.3217615644213466
2016,05,PRT.9_1,0,0.07726558075864033
2016,05,TUR.22_1,0,0.3369240689840758
2016,05,TUR.40_1,0,0.018043500065620898
