year,month,gid_1,est,se
2016,05,ESP.1_1,0.1314366866737361,0.29164264133375595
2016,05,ESP.10_1,0.825456289143375,0.35168714298885495
2016,05,ESP.11_1,0,0.38503243685028743
2016,05,ESP.12_1,0,0.3529816456739864
2016,05,ESP.13_1,0.8577171514543631,0.35127173170246584
2016,05,ESP.14_1,0,0.3533887696588953
2016,05,ESP.15_1,0,0.11755133039301509
2016,05,ESP.16_1,0.011574742406937618,0.16372318885156573
2016,05,ESP.17_1,0,0.37227351737017905
2016,05,ESP.18_1,0.8907833500501504,0.31429497912915877
2016,05,ESP.2_1,0.02590259876223828,0.1470174181248621
2016,05,ESP.3_1,0,0.3784433512582011
2016,05,ESP.4_1,0,0.09805740322755693
2016,05,ESP.5_1,0,0.36778963740853576
2016,05,ESP.6_1,0.6705920269153915,0.4034938776794438
2016,05,ESP.8_1,0.21242527582748244,0.4089367230709273
2016,05,ESP.9_1,0,0.1531283500399078
2016,05,ITA.10_1,0.06985573634356579,0.25164505459949216
2016,05,ITA.13_1,0.03306619859578737,0.17872910487743296
2016,05,ITA.15_1,0.02605215646940822,0.15921765592665865
2016,05,ITA.16_1,0.033916618223376105,0.18008267359493965
2016,05,ITA.2_1,0.0641283851554664,0.24487981285598603
2016,05,ITA.20_1,0.0480962888665998,0.21387704061850085
2016,05,ITA.4_1,0.0480962888665998,0.21387704061850085
2016,05,ITA.5_1,0.08828050478410636,0.25887548687529877
