year,month,gid_1,est,se
2016,05,ESP.10_1,0.98,0.14007005254378832
2016,05,ESP.6_1,0.958,0.20068950215762724
