year,month,gid_1,est,se
2016,05,ESP.1_1,0.11538775011719457,0.25575070342999773
2016,05,ESP.10_1,0.8456147602009773,0.3379151301517773
2016,05,ESP.11_1,0,0.453133900444822
2016,05,ESP.12_1,0,0.46323227322125
2016,05,ESP.13_1,0.8717434869739479,0.33650469142800143
2016,05,ESP.14_1,0,0.46540630950429285
2016,05,ESP.15_1,0,0.10436486346820147
2016,05,ESP.16_1,0.005142717459716625,0.13470035415789716
2016,05,ESP.17_1,0,0.4589672070915939
2016,05,ESP.18_1,0.8827655310621243,0.323982278819805
2016,05,ESP.2_1,0.026528318281192002,0.14435808138809042
2016,05,ESP.3_1,0,0.4572099868009425
2016,05,ESP.4_1,0,0.06756878926734158
2016,05,ESP.5_1,0,0.456170471448814
2016,05,ESP.6_1,0.6778605129888355,0.39624460796533645
2016,05,ESP.8_1,0.1503006012024048,0.3572851068076401
2016,05,ESP.9_1,0,0.1133417916337265
