year,month,gid_1,est,se
2017,03,ESP.10_1,0.847,0.3601676286407771
2017,03,ESP.6_1,0.888,0.3155242550986462
