year,month,gid_1,est,se
2021,01,HUN.10_1,0.0011658645826774239,-0.017204128871625906
2021,01,HUN.12_1,-4.086956521739136e-4,-0.025231699964596822
2021,01,HUN.13_1,2.963043478260862e-4,-0.021028508333403646
2021,01,HUN.14_1,-6.128757628978242e-4,-0.02734141862984801
2021,01,HUN.16_1,-8.78695652173914e-4,-0.028223408974363276
2021,01,HUN.17_1,6.130434782608598e-5,-0.02239513835242
2021,01,HUN.19_1,0.005936304347826086,0.005173490311643245
2021,01,HUN.2_1,3.0670617711771805e-5,-0.0239183374376456
2021,01,HUN.4_1,0.002881304347826087,-0.0077330960063354175
2021,01,HUN.5_1,-0.003698695652173913,-0.05187404644471903
2021,01,HUN.8_1,-4.086956521739136e-4,-0.025231699964596822
2021,01,ITA.10_1,0.0015657475171930203,-0.018103672299806584
2021,01,ITA.17_1,0.0035863043478260854,-0.004536077893905277
2021,01,ITA.20_1,-3.0435539113169503e-4,-0.025100657056964334
