year,month,gid_1,est,se
2021,01,ESP.1_1,0,0.3675088606892762
2021,01,ESP.10_1,0,0.3423028308121576
2021,01,ESP.11_1,0,0.3766024116473297
2021,01,ESP.12_1,0,0.3518396519712206
2021,01,ESP.13_1,0,0.3616338134601415
2021,01,ESP.14_1,0,0.3742437920102962
2021,01,ESP.15_1,0,0.3664729112581729
2021,01,ESP.16_1,0,0.32732612641958053
2021,01,ESP.17_1,0,0.343881371213144
2021,01,ESP.18_1,0,0.3628530347694677
2021,01,ESP.2_1,0,0.35246004516813767
2021,01,ESP.3_1,0,0.3566930444942453
2021,01,ESP.4_1,0,0.3422516985644501
2021,01,ESP.5_1,0,0.359849886478711
2021,01,ESP.6_1,0,0.3799143672962327
2021,01,ESP.8_1,0,0.352919406974661
2021,01,ESP.9_1,0,0.35793788862403025
2021,01,ITA.1_1,0,0.33856639310980796
2021,01,ITA.10_1,0,0.23607271330674925
2021,01,ITA.11_1,0,0.3641412023854562
2021,01,ITA.13_1,0,0.3652724024655018
2021,01,ITA.14_1,0,0.3810250062984663
2021,01,ITA.15_1,0,0.3637058349103879
2021,01,ITA.16_1,0,0.3330798677145268
2021,01,ITA.18_1,0,0.367667050936292
2021,01,ITA.2_1,0,0.3724285593178318
2021,01,ITA.20_1,0,0.0544443811545311
2021,01,ITA.5_1,0,0.35897335985784284
2021,01,ITA.6_1,0,0.3586516964627456
2021,01,ITA.8_1,0,0.3738175454727896
2021,01,ITA.9_1,0,0.3698244069498185
