ID_0,est,se
ESP,0.40623204753621134,0.08202750905742853
