year,month,gid_1,est,se
2022,09,ESP.1_1,0.4928539594037738,0.476906201323879
2022,09,ESP.10_1,0.5637478469742185,0.4956960779187595
2022,09,ESP.11_1,0.34727386704549573,0.4723129184574281
2022,09,ESP.12_1,0.3154773750317126,0.43265103803571026
2022,09,ESP.13_1,0.49752615384615384,0.500129112459102
2022,09,ESP.14_1,0.29415773779117,0.4408939338975588
2022,09,ESP.15_1,0,0.2988114594326802
2022,09,ESP.16_1,0.5056790240988072,0.49888503547449625
2022,09,ESP.17_1,0.2747076923076923,0.444181603960922
2022,09,ESP.18_1,0.6918564102564103,0.46670956473787617
2022,09,ESP.2_1,0.49781312299593483,0.49971489839679273
2022,09,ESP.3_1,0,0.49638936572251663
2022,09,ESP.4_1,0.20602631014451375,0.3710726004783594
2022,09,ESP.5_1,0.2882185362971023,0.41488508194977963
2022,09,ESP.6_1,0.6344676611595417,0.4620572221694971
2022,09,ESP.7_1,0,0.17608806605504818
2022,09,ESP.8_1,0.574851282051282,0.4960050614873008
2022,09,ESP.9_1,0.4842994871794871,0.4996735671152454
