year,month,gid_1,est,se
2020,10,ESP.1_1,0.2907873117412345,0.3269202961524438
2020,10,ESP.10_1,0.5729651443564837,0.47956585035809063
2020,10,ESP.11_1,0,0.40209779947175006
2020,10,ESP.12_1,0,0.3950295636153301
2020,10,ESP.13_1,0.8091472043695888,0.3948536456173733
2020,10,ESP.14_1,0,0.4292677313462065
2020,10,ESP.15_1,0.004010642896503537,0.06315102371946743
2020,10,ESP.16_1,0.04683207454498843,0.3145655095183265
2020,10,ESP.17_1,0,0.38354720679658666
2020,10,ESP.18_1,0.6958465425433636,0.461063962868735
2020,10,ESP.2_1,0.13319649566829603,0.27467467018760683
2020,10,ESP.3_1,0,0.3964021269953943
2020,10,ESP.4_1,0.011082006382911855,0.20457589111910363
2020,10,ESP.5_1,0,0.4009223416371732
2020,10,ESP.6_1,0.4658254895019999,0.4796536830259866
2020,10,ESP.7_1,0,0.4016963269889124
2020,10,ESP.8_1,0.11831396544685435,0.3227721287374943
2020,10,ESP.9_1,0.010026607241258844,0.099549326823467
