year,month,gid_1,est,se
2020,10,ESP.1_1,0.37431408457037646,0.3314096918559083
2020,10,ESP.10_1,0.7891679825833462,0.40747632944682827
2020,10,ESP.11_1,0,0.48617463507564773
2020,10,ESP.12_1,0,0.4918037442960039
2020,10,ESP.13_1,0.98,0.14011742023832258
2020,10,ESP.14_1,0,0.48055581886577103
2020,10,ESP.15_1,0,0.07729170977309362
2020,10,ESP.16_1,0.10298058100053832,0.34363730435446666
2020,10,ESP.17_1,0,0.48183394425579534
2020,10,ESP.18_1,0.843,0.36410589517480296
2020,10,ESP.2_1,0.23707204712274227,0.3141496861855875
2020,10,ESP.3_1,0,0.4860398849677318
2020,10,ESP.4_1,0.02413383049284198,0.19646446023243264
2020,10,ESP.5_1,0,0.4838003567158858
2020,10,ESP.6_1,0.6827159668586024,0.42038091304206204
2020,10,ESP.7_1,0,0.4779945355094394
2020,10,ESP.8_1,0.155,0.362208218828212
2020,10,ESP.9_1,0,0.07059283762335392
