year,month,gid_3,est,se
2019,11,AUT.9.1.1_2,0,0.07726558075864033
2019,11,DEU.2.54.1_1,0,0.11333068359382575
2019,11,ESP.16.2.1_1,0,0.10893974420691407
2019,11,ESP.16.3.1_1,0,0.09448771310560929
2019,11,ESP.17.1.1_1,0,0.4404827181911057
2019,11,ESP.17.1.2_1,0,0.4404827181911057
2019,11,ESP.17.1.4_1,0,0.4404827181911057
2019,11,ESP.17.1.6_1,0,0.4404827181911057
2019,11,ESP.17.1.7_1,0,0.4404827181911057
2019,11,ESP.17.1.8_1,0,0.4404827181911057
2019,11,ESP.3.1.4_1,0,0.1678904023081343
2019,11,ESP.3.1.5_1,0,0.1678904023081343
2019,11,HUN.11.1_1,0,0.11754921445002436
2019,11,HUN.5.1_1,0,0.08912880535463237
2019,11,ITA.10.1.25_1,0,0.12553788177183714
