year,month,gid_4,est,se
2017,03,DOM.5.1_1,0.034,0.18131981931624816
2017,03,MEX.9.9_2,0.027,0.162164414398774
2017,03,PER.13.11.10_1,0.219,0.41377555535605315
2017,03,PER.13.11.11_1,0.219,0.41377555535605315
2017,03,PER.13.11.3_1,0.219,0.41377555535605315
2017,03,USA.10.43_1,0.018,0.13301764429463367
2017,03,USA.5.19_1,0.016,0.12553788177183714
