year,month,gid_1,est,se
2020,03,ESP.10_1,0.996,0.06315051850925682
2020,03,ESP.6_1,0.978,0.1467567291047928
