year,month,gid_1,est,se
2020,03,AND.4_1,0,0.1734071259029458
2020,03,AUT.3_1,0,0.14998070979695594
2020,03,BEL.2_1,0,0.14709244099568458
2020,03,BEL.3_1,0,0.14675907727820744
2020,03,BGR.21_1,0,0.18132272051459092
2020,03,CHE.26_1,0,0.1580171165586868
2020,03,CYP.1_1,0,0.14998070979695594
2020,03,CYP.2_1,0,0.0995501232467527
2020,03,CYP.4_1,0,0.09448922495135074
2020,03,DEU.1_1,0,0.11041591894900177
2020,03,DEU.10_1,0,0.14040055512878452
2020,03,DEU.13_1,0,0.14813809303710637
2020,03,ESP.1_1,0.04535138731813983,0.16453467981466302
2020,03,ESP.10_1,0.13341886296111585,0.32796292923543485
2020,03,ESP.11_1,0,0.1747510808663277
2020,03,ESP.12_1,0,0.16119845787076348
2020,03,ESP.13_1,0,0.33426232683886165
2020,03,ESP.14_1,0,0.15921733749102834
2020,03,ESP.15_1,0,0.10435630493128802
2020,03,ESP.16_1,0,0.19798318334496293
2020,03,ESP.17_1,0,0.15312804378290146
2020,03,ESP.18_1,0,0.48754620310871544
2020,03,ESP.2_1,0,0.13677960785813842
2020,03,ESP.3_1,0,0.13659522218656514
2020,03,ESP.4_1,0,0.08195927260888311
2020,03,ESP.5_1,0,0.1083163813225089
2020,03,ESP.6_1,0.19408166878657512,0.3721668648973255
2020,03,ESP.8_1,0,0.21597948597041342
2020,03,ESP.9_1,0,0.15312804378290146
2020,03,FRA.1_1,0,0.08913023145544895
2020,03,FRA.12_1,0,0.1678930886297884
2020,03,FRA.13_1,0,0.08913023145544895
2020,03,FRA.2_1,0,0.14007229372738228
2020,03,FRA.6_1,0,0.15988950113378744
2020,03,FRA.8_1,0,0.16789308862978838
2020,03,GBR.1_1,0,0.15171898904501085
2020,03,GRC.3_1,0,0.08341570967526721
2020,03,HUN.11_1,0,0.1621670091020562
2020,03,ITA.10_1,0,0.11755109529011919
2020,03,ITA.16_1,0,0.05471827670213131
2020,03,ITA.20_1,0,0.08341570967526721
2020,03,ITA.6_1,0.01808636296711026,0.12983866015564158
2020,03,ITA.8_1,0,0.21387661286399184
2020,03,NLD.10_1,0,0.14345814075832242
2020,03,NLD.11_1,0,0.17109594270164283
2020,03,NLD.12_1,0,0.16702754993316787
2020,03,NLD.14_1,0,0.1289063858506837
2020,03,NLD.2_1,0,0.16445698855246035
2020,03,NLD.4_1,0,0.15355847574711387
2020,03,NLD.8_1,0,0.16160262492628033
2020,03,NLD.9_1,0,0.1656950277702363
2020,03,PRT.12_1,0,0.15333458964709623
2020,03,ROU.18_1,0,0.1602298418614724
2020,03,ROU.20_1,0,0.18638629353683397
2020,03,ROU.38_1,0,0.1572172529234225
2020,03,SVN.5_1,0,0.18132272051459092
2020,03,SWE.11_1,0,0.15028016378631268
2020,03,SWE.16_1,0,0.15312804378290146
2020,03,SWE.21_1,0,0.1683380062031513
2020,03,SWE.5_1,0,0.17340712590294577
2020,03,ZNC.5_1,0,0.15312804378290146
