year,month,gid_1,est,se
2020,03,ESP.1_1,0.03830365174997344,0.08988594633176605
2020,03,ESP.10_1,0.10685360784772324,0.30720710295075204
2020,03,ESP.11_1,0,0.31188716487505114
2020,03,ESP.12_1,0,0.30408705868720953
2020,03,ESP.13_1,0,0.49412565219806204
2020,03,ESP.14_1,0,0.3262904618058356
2020,03,ESP.15_1,0,0
2020,03,ESP.16_1,0,0.029809852401021786
2020,03,ESP.17_1,0,0.30279974849343533
2020,03,ESP.18_1,0,0.4927949338688932
2020,03,ESP.2_1,0,0
2020,03,ESP.3_1,0,0.31304631925323445
2020,03,ESP.4_1,0,0
2020,03,ESP.5_1,0,0.330412577202106
2020,03,ESP.6_1,0.1400589581409943,0.28451839107685767
2020,03,ESP.8_1,0,0.17067257872642908
2020,03,ESP.9_1,0,0
2020,03,ITA.10_1,0,0.12553788177183714
2020,03,ITA.16_1,0,0
2020,03,ITA.20_1,0,0
2020,03,ITA.6_1,0.06357880594254653,0.1884460613225999
2020,03,ITA.8_1,0,0.08912880535463237
