year,month,gid_1,est,se
2020,03,AND.4_1,0,0.18131981931624813
2020,03,AUT.3_1,0,0.18131981931624816
2020,03,BEL.2_1,0,0.16085089068904868
2020,03,BEL.3_1,0,0.15921478998305827
2020,03,BGR.21_1,0,0.18131981931624816
2020,03,CHE.26_1,0,0.1557794354734875
2020,03,CYP.1_1,0,0.1467567291047928
2020,03,CYP.2_1,0,0.09954853042566682
2020,03,CYP.4_1,0,0.08912880535463237
2020,03,DEU.1_1,0,0.12892104074411617
2020,03,DEU.10_1,0,0.16064408471133362
2020,03,DEU.13_1,0,0.16461512955810864
2020,03,ESP.1_1,0.04764051712680806,0.1750153223324592
2020,03,ESP.10_1,0.14914413767173468,0.3435284809475569
2020,03,ESP.11_1,0,0.17335985334788512
2020,03,ESP.12_1,0,0.17443019451929648
2020,03,ESP.13_1,0,0.3461196307619647
2020,03,ESP.14_1,0,0.14007005254378832
2020,03,ESP.15_1,0,0.07726558075864033
2020,03,ESP.16_1,0,0.16943595755397564
2020,03,ESP.17_1,0,0.15620307103062794
2020,03,ESP.18_1,0,0.4903462444430868
2020,03,ESP.2_1,0,0.14226166279054603
2020,03,ESP.3_1,0,0.18638331132035063
2020,03,ESP.4_1,0,0.0708833685179307
2020,03,ESP.5_1,0,0.1025628859220998
2020,03,ESP.6_1,0.19333709103417396,0.3662690567742875
2020,03,ESP.8_1,0,0.21597603025716913
2020,03,ESP.9_1,0,0.17067257872642908
2020,03,FRA.1_1,0,0.10435463521037237
2020,03,FRA.12_1,0,0.12735869203170178
2020,03,FRA.13_1,0,0.10435463521037237
2020,03,FRA.2_1,0,0.15620307103062794
2020,03,FRA.6_1,0,0.14617018960859968
2020,03,FRA.8_1,0,0.17608806605504818
2020,03,GBR.1_1,0,0.15053808065730215
2020,03,GRC.3_1,0,0.07726558075864033
2020,03,HUN.11_1,0,0.17067257872642908
2020,03,ITA.10_1,0,0.1499783100768024
2020,03,ITA.16_1,0,0.08341437500789632
2020,03,ITA.20_1,0,0.07726558075864033
2020,03,ITA.6_1,0.018542462072565127,0.1302363518107142
2020,03,ITA.8_1,0,0.23760567429347404
2020,03,NLD.10_1,0,0.16505527329729044
2020,03,NLD.11_1,0,0.15132882519847254
2020,03,NLD.12_1,0,0.15582216067734508
2020,03,NLD.14_1,0,0.13017775634000706
2020,03,NLD.2_1,0,0.17586508529844153
2020,03,NLD.4_1,0,0.1515172157097761
2020,03,NLD.8_1,0,0.15810501658403714
2020,03,NLD.9_1,0,0.14690936238610086
2020,03,PRT.12_1,0,0.17962825297020507
2020,03,ROU.18_1,0,0.15229662303708022
2020,03,ROU.20_1,0,0.15312559370479986
2020,03,ROU.38_1,0,0.14892015215336218
2020,03,SVN.5_1,0,0.15620307103062794
2020,03,SWE.11_1,0,0.15442620710056257
2020,03,SWE.16_1,0,0.15620307103062794
2020,03,SWE.21_1,0,0.15101691032099024
2020,03,SWE.5_1,0,0.1467567291047928
2020,03,ZNC.5_1,0,0.1467567291047928
