ID_0,est,se
ALB,0.9538705755226,0.37664973791744855
ARG,0.91561021440208,0.4269457253784307
AUT,0.77573288,0.05195828318356206
BEL,0,0
BGR,0.9999999961592967,0.47455807219342744
BIH,0.84575548,0.4981189705139546
BRA,0.45984438400000005,0.3499983933283003
CHE,0.88386301,0.4963695223097068
CHN,0.9981765465961825,0.28123672018496026
COL,0.245,0.4303024054780082
DEU,0.668,0.23558331753224696
ESP,1,0.05865747783523606
FJI,0.6993421986699104,0.33088439746304826
FRA,0.9997468800022702,0.30417293790358896
GRC,0.33526092400000007,0.26619331220918896
GTM,0.715912,0.4991584465675246
HND,0.64,0.48024018015013137
HRV,0.9999558813356786,0.4858229615757367
HUN,0.9999846984834184,0.3568123424715705
IND,0.66235696,0.298640461847497
ITA,1,0.3539953216209022
KOR,0.43753600000000004,0.29243370127879525
LKA,0.628,0.4835802413765991
MEX,0.429976,0.43030083345342374
MMR,0.44900000000000007,0.4976410821532389
NLD,0.580132,0.0017792379172137452
PAK,0,0
PAN,0.08999999999999997,0.28632495871296654
PER,0.03400000000000003,0.06043993977208272
PRT,0.9584336128000001,0.4965131034690309
PSE,0.392,0.4884409632438444
ROU,0.765887968,0.4612102820998223
SLB,0.479,0.499808772240753
SRB,0.9915634937547323,0.47773275148610134
SVN,0.9624190363,0.47417863789814235
THA,0.976,0.15312559370479986
TUR,0.9998932603905915,0.47821366447721325
USA,0.9999481330068816,0.2516347815861499
XKO,0.596,0.4909429956981004
ZAF,0.36,0.48024018015013137
