year,month,gid_2,est,se
2020,10,ESP.10.1_1,0.743,0.43719805825522845
2020,10,ESP.10.2_1,0.729,0.4446985009607709
2020,10,ESP.10.3_1,0.83,0.3758207567993567
2020,10,ESP.18.1_1,0.843,0.3639828065767441
2020,10,ESP.2.3_1,0.804,0.39716714584887525
2020,10,ESP.4.1_1,0.162,0.36863517451796685
2020,10,ESP.6.1_1,0.976,0.15312559370479986
2020,10,ESP.6.2_1,0.953,0.21174474216810163
2020,10,ESP.6.4_1,0.896,0.30541328929383094
