year,month,gid_2,est,se
2020,12,ESP.10.1_1,0.87,0.33647171235218754
2020,12,ESP.10.2_1,0,0
2020,12,ESP.10.3_1,0.939,0.239450070654273
2020,12,ESP.18.1_1,0.844,0.3630369069334353
2020,12,ESP.2.1_1,0.001,0.03162277660168379
2020,12,ESP.2.2_1,0.035,0.18387171834952978
2020,12,ESP.2.3_1,0.119,0.32395052700056526
2020,12,ESP.4.1_1,0.039,0.19369180807797864
2020,12,ESP.4.3_1,0.025,0.15620307103062794
2020,12,ESP.6.1_1,0.995,0.07056897321046962
2020,12,ESP.6.2_1,0.996,0.06315051850925682
2020,12,ESP.6.3_1,0,0
2020,12,ESP.6.4_1,0.872,0.3342569785774528
2020,12,FRA.11.11_1,0.039,0.19369180807797864
2020,12,FRA.11.6_1,0.034,0.18131981931624816
