year,month,gid_2,est,se
2016,07,ESP.10.1_1,0.01728994502617653,0.18657856832416528
2016,07,ESP.10.2_1,0.019391270481422633,0.17791338435081908
2016,07,ESP.10.3_1,0.012531093401484198,0.10134783655516279
2016,07,ESP.15.1_1,0.008261358532827532,0.1256038548481532
2016,07,ESP.18.1_1,0.010796861702193822,0.09178919599157481
2016,07,ESP.2.2_1,0.0026746867982644033,0.02401430468665842
2016,07,ESP.2.3_1,0.003903664379762944,0.026575733444484197
2016,07,ESP.4.1_1,0.004659893645332405,0.03995315396637655
2016,07,ESP.4.4_1,0.007656004097743592,0.06501543111103546
2016,07,ESP.6.1_1,0.010355382383031141,0.10860638601290436
2016,07,ESP.6.2_1,0.023395523413567553,0.20489695546740297
2016,07,ESP.6.3_1,0.007356352173486213,0.061514343669061354
2016,07,ESP.6.4_1,0.014604439139244241,0.1539037678265364
2016,07,FRA.10.11_1,0.01902139808526455,0.1510325236730537
