year,month,gid_4,est,se
2022,09,ESP.10.1.1.3_1,0.028,0.16505527329729044
2022,09,ESP.10.1.1.8_1,0.079,0.26987373312686774
2022,09,ESP.10.1.4.20_1,0.179,0.38354413840665863
2022,09,ESP.10.1.4.23_1,0.031,0.17340435135563662
2022,09,ESP.10.1.4.27_1,0.025,0.15620307103062794
2022,09,ESP.10.1.6.12_1,0.395,0.48909530177074306
2022,09,ESP.10.1.6.27_1,0.194,0.39562674393994207
2022,09,ESP.10.1.7.1_1,0.055,0.22809433799861634
2022,09,ESP.10.1.7.10_1,0.259,0.4383048152953731
2022,09,ESP.10.1.7.2_1,0.026,0.15921478998305827
2022,09,ESP.10.1.7.6_1,0.186,0.3893013685508382
2022,09,ESP.10.1.9.3_1,0.021,0.14345584540052586
2022,09,ESP.10.2.5.11_1,0.1,0.3001501125938321
2022,09,ESP.10.2.7.2_1,0.423,0.49428262696084646
2022,09,ESP.10.2.7.6_1,0.037,0.1888562063228706
2022,09,ESP.10.2.8.8_1,0.058,0.2338604085575211
2022,09,ESP.10.3.1.14_1,0.055,0.22809433799861634
2022,09,ESP.10.3.13.9_1,0.261,0.4393996723622721
2022,09,ESP.10.3.4.1_1,0.035,0.18387171834952978
2022,09,ESP.10.3.7.19_1,0.966,0.18131981931624816
2022,09,ESP.10.3.7.2_1,0.071,0.25695335184625445
2022,09,ESP.10.3.7.4_1,0.961,0.19369180807797864
2022,09,ESP.10.3.8.5_1,0.134,0.3408227694273963
