ID_0,est,se
ALB,0.9999999539215085,0.3178094882405277
ARE,0.20899999999999996,0.4067978422810088
AUT,0.9932349180627646,0.17615874675374874
BEL,0.6427561269795712,0.16042321350940833
BGR,0.07000000000000006,0.06381867142790441
CHE,0.980543731896,0.48312780289708607
CHN,0,0
COL,0.18799999999999994,0.39090767299812473
CZE,0.11652099999999999,0.2364646910517118
DEU,0.9999713994744465,0.3398519315597352
DNK,0.752,0.432067914433232
ESP,1,0.12542473580699245
FRA,0.974020798598958,0.2525669146012411
GBR,0.08499999999999996,0.2790212408632233
GMB,0.649,0.4775217555536366
GRC,0.12240647199999999,0.10438571041526908
HRV,0.9985769383599999,0.3230619898738897
HUN,1,0.09451578986321528
IND,0.11667136,0.08173705852288185
IRN,0,0
ITA,1,0.14237537234234773
MAR,0.160339,0.2312913366875345
MEX,0.28164955599999997,0.27239680730069277
NLD,1,0.35629108043256946
PAK,0,0
PER,0.013000000000000012,0.03777689453127525
POL,0.16600000000000004,0.37226681638655706
PRT,0.9999873346813556,0.30797683636876155
ROU,0.629981389,0.19962708111425312
RUS,0,0
SAU,0.0010000000000000009,0.03162277660168379
SRB,0.98243557768,0.34524640455242683
SVN,0,0
TUR,0.9982780078096078,0.33315449310121703
USA,0,0
UZB,0.972,0.16505527329729044
XKO,0.689363255692,0.3115044790157446
