year,month,gid_2,est,se
2016,06,ESP.1.1_1,0.019,0.13659303663678343
2016,06,ESP.1.2_1,0.035,0.18387171834952978
2016,06,ESP.1.3_1,0.027,0.162164414398774
2016,06,ESP.1.4_1,0.693,0.46148018805140917
2016,06,ESP.1.5_1,0,0.48973037054672836
2016,06,ESP.1.6_1,0.02,0.14007005254378832
2016,06,ESP.1.7_1,0.879,0.3262904618058356
2016,06,ESP.1.8_1,0.017,0.1293357171384909
2016,06,ESP.10.1_1,0.988,0.10893974420691407
2016,06,ESP.10.2_1,0.959,0.19838941090279583
2016,06,ESP.10.3_1,0.954,0.20958990416508122
2016,06,ESP.11.1_1,0,0.49347696959383985
2016,06,ESP.11.2_1,0,0.4901430813958718
2016,06,ESP.12.1_1,0,0.49347696959383985
2016,06,ESP.12.2_1,0,0.4962633144584408
2016,06,ESP.12.3_1,0,0.49189527438364455
2016,06,ESP.12.4_1,0,0.49443752736667196
2016,06,ESP.13.1_1,0.974,0.15921478998305827
2016,06,ESP.14.1_1,0,0.49443752736667196
2016,06,ESP.14.2_1,0,0.49152069396170145
2016,06,ESP.15.1_1,0.02,0.14007005254378832
2016,06,ESP.16.1_1,0,0.4961352135760474
2016,06,ESP.16.2_1,0.018,0.13301764429463367
2016,06,ESP.16.3_1,0.017,0.1293357171384909
2016,06,ESP.17.1_1,0,0.4984821807090846
2016,06,ESP.18.1_1,0.963,0.1888562063228706
2016,06,ESP.2.1_1,0.024,0.15312559370479986
2016,06,ESP.2.2_1,0.028,0.16505527329729044
2016,06,ESP.2.3_1,0.024,0.15312559370479986
2016,06,ESP.3.1_1,0,0.49560228169533443
2016,06,ESP.4.1_1,0.022,0.1467567291047928
2016,06,ESP.4.2_1,0,0.48993779098885504
2016,06,ESP.4.3_1,0.015,0.12161327966052798
2016,06,ESP.4.4_1,0,0.49518098126261295
2016,06,ESP.4.5_1,0.026,0.15921478998305827
2016,06,ESP.5.1_1,0,0.4974318430081034
2016,06,ESP.5.2_1,0,0.49189527438364455
2016,06,ESP.5.3_1,0,0.4927949338688932
2016,06,ESP.5.4_1,0,0.49687310541312546
2016,06,ESP.5.5_1,0,0.49546390835709164
2016,06,ESP.5.6_1,0,0.4963893657225167
2016,06,ESP.5.7_1,0,0.49347696959383985
2016,06,ESP.5.8_1,0,0.4884409632438444
2016,06,ESP.5.9_1,0,0.4927949338688932
2016,06,ESP.6.1_1,0.988,0.10893974420691407
2016,06,ESP.6.2_1,0.928,0.2586172517116422
2016,06,ESP.6.3_1,0.263,0.4404827181911057
2016,06,ESP.6.4_1,0.604,0.48930912869414506
2016,06,ESP.7.1_1,0,0.4907461989988632
2016,06,ESP.7.2_1,0,0.4903462444430868
2016,06,ESP.8.1_1,0.421,0.49396660110072527
2016,06,ESP.9.1_1,0.017,0.1293357171384909
