year,month,gid_1,est,se
2017,11,BEL.2_1,0,0.2633991262423392
2017,11,BGR.1_1,0,0.20793392144389916
2017,11,BGR.20_1,0,0.2958428745075415
2017,11,BGR.4_1,0,0.28344118824131737
2017,11,BGR.5_1,0,0.1787287474188657
2017,11,BGR.9_1,0,0.19129496490423298
2017,11,BIH.2_1,0,0.2745063982522128
2017,11,DEU.1_1,0,0.13659522218656514
2017,11,DEU.2_1,0,0.27555433184171946
2017,11,DEU.3_1,0,0.2848907814914079
2017,11,DEU.7_1,0,0.28956304464014704
2017,11,ESP.1_1,0.1428032182272034,0.30390239091898846
2017,11,ESP.10_1,0.7287535941014454,0.4279770605692433
2017,11,ESP.11_1,0,0.2760246823473364
2017,11,ESP.12_1,0,0.2909425170108947
2017,11,ESP.13_1,0.7590426638917794,0.4320748277134352
2017,11,ESP.14_1,0,0.2959599351753159
2017,11,ESP.16_1,0.006237553460141533,0.11162911032832862
2017,11,ESP.17_1,0,0.28050882449430037
2017,11,ESP.18_1,0.29069719042663894,0.4530649289650337
2017,11,ESP.2_1,0,0.30013443489401265
2017,11,ESP.3_1,0,0.2974681766003311
2017,11,ESP.4_1,0,0.10481519182501212
2017,11,ESP.5_1,0,0.14699827168240584
2017,11,ESP.6_1,0.7070129605642524,0.4278906345983917
2017,11,ESP.8_1,0,0.14675907727820744
2017,11,ESP.9_1,0,0.2961105950441589
2017,11,FRA.10_1,0,0.12418483371002347
2017,11,FRA.11_1,0,0.2153625065378686
2017,11,FRA.7_1,0,0.2667291112208215
2017,11,FRA.8_1,0,0.288493045152308
2017,11,GBR.1_1,0,0.2757677635036114
2017,11,GBR.3_1,0,0.2635273548356404
2017,11,GRC.6_1,0,0.12553989043418814
2017,11,HRV.11_1,0,0.278769511015314
2017,11,HRV.2_1,0,0.2775310537262904
2017,11,HUN.17_1,0,0.2635273548356404
2017,11,HUN.7_1,0,0.2635273548356404
2017,11,ITA.10_1,0.005046826222684704,0.07057010234565685
2017,11,ITA.13_1,0.010596902159519892,0.10194639117056783
2017,11,ITA.8_1,0.13017903350085275,0.3344995772824139
2017,11,MLT.3_1,0,0.27706336336125637
2017,11,NLD.9_1,0,0.265134953924777
2017,11,PRT.13_1,0,0.265134953924777
2017,11,PRT.18_1,0,0.265134953924777
2017,11,SRB.3_1,0,0.12383760872237884
2017,11,SWE.21_1,0,0.2775310537262904
