ID_1,est,se
ESP.1_1,0.9589155942074172,0.23602015251036967
ESP.10_1,0.9974629269999999,0.3643114869016228
ESP.11_1,0,0
ESP.12_1,0,0
ESP.13_1,0.928,0.2586172517116422
ESP.14_1,0,0
ESP.15_1,0.0030000000000000027,0.05471740119919799
ESP.16_1,0.009974999999999956,0.04704598214031308
ESP.17_1,0,0
ESP.18_1,0.605,0.48909530177074306
ESP.2_1,0.688493818,0.2822141562439368
ESP.3_1,0,0
ESP.4_1,0.024804480000000018,0.05372750455440321
ESP.5_1,0,0
ESP.6_1,0.998597320956,0.36931555550350303
ESP.7_1,0,0
ESP.8_1,0.0050000000000000044,0.07056897321046962
ESP.9_1,0.009000000000000008,0.09448771310560929
