year,month,gid_1,est,se
2017,11,BEL.2_1,0,0.24220304983714447
2017,11,BGR.1_1,0,0.20740909874567662
2017,11,BGR.20_1,0,0.2569548935864081
2017,11,BGR.4_1,0,0.23760709994605325
2017,11,BGR.5_1,0,0.12933649316288204
2017,11,BGR.9_1,0,0.2683073831590658
2017,11,BIH.2_1,0,0.2635247195067501
2017,11,DEU.1_1,0,0.09448828003925805
2017,11,DEU.2_1,0,0.2681663988349321
2017,11,DEU.3_1,0,0.2552762173796436
2017,11,DEU.7_1,0,0.25265570431727746
2017,11,ESP.1_1,0.1335673306999972,0.3160666541851971
2017,11,ESP.10_1,0.6781850297313327,0.45835487172342315
2017,11,ESP.11_1,0,0.24665069608161766
2017,11,ESP.12_1,0,0.26398840967992976
2017,11,ESP.13_1,0.7910729613733904,0.42232273753712474
2017,11,ESP.14_1,0,0.27054982599829835
2017,11,ESP.16_1,0,0.17589913094173648
2017,11,ESP.17_1,0,0.25861880343532484
2017,11,ESP.18_1,0.4398283261802574,0.4948927711675848
2017,11,ESP.2_1,0,0.1887749248521063
2017,11,ESP.3_1,0,0.24840782231246633
2017,11,ESP.4_1,0,0.08249704769523972
2017,11,ESP.5_1,0,0.26427104786618255
2017,11,ESP.6_1,0.5881283229318726,0.4646835954862643
2017,11,ESP.8_1,0,0.1400708929750292
2017,11,ESP.9_1,0,0.09448828003925805
2017,11,FRA.10_1,0,0.064747843826919907
2017,11,FRA.11_1,0,0.12808975404207495
2017,11,FRA.7_1,0,0.27450365313058267
2017,11,FRA.8_1,0,0.24027592047611793
2017,11,GBR.1_1,0,0.25842233481236593
2017,11,GBR.3_1,0,0.266726443873695
2017,11,GRC.6_1,0,0.1592157452842171
2017,11,HRV.11_1,0,0.46870140900787066
2017,11,HRV.2_1,0,0.266726443873695
2017,11,HUN.17_1,0,0.22809570658243591
2017,11,HUN.7_1,0,0.2518733823270996
2017,11,ITA.10_1,0.017510729613733907,0.12933649316288204
2017,11,ITA.13_1,0.021619203188236544,0.14273210923581758
2017,11,ITA.8_1,0.12188591335788808,0.322618197137859
2017,11,MLT.3_1,0,0.2843310059824689
2017,11,NLD.9_1,0,0.26987535239031696
2017,11,PRT.13_1,0,0.2569548935864081
2017,11,PRT.18_1,0,0.2891723068883158
2017,11,SRB.3_1,0,0.04622823307518254
2017,11,SWE.21_1,0,0.2552762173796436
