ID_0,est,se
ESP,0.14235924001,0.013629099611323539
