ID_0,est,se
ALB,0,0
AUT,0.9999985859900582,0.16580010408486248
BEL,0,0
BGR,0,0
CHE,0.99964775132000006,0.3376755469815419
CHN,0,0
DEU,0.97701109016,0.13077162574986853
ESP,0.03581224000000005,0.005255133360729651
FRA,0,0
GRC,0,0
HRV,0.28200000000000003,0.1500661626967247
HUN,0.9374967050409019,0.10936287211462409
IND,0,0
ITA,0.487,0.004546191586436411
NLD,0.0050000000000000044,1.987858400294919e-4
PAK,0,0
PER,0,0
ROU,0.0020000000000000018,0.02234948544149282
SRB,0.01100000000000001,0.05217731760518618
SVN,0,0
TUR,0,0
USA,0,0
XKO,0,0
