ID_0,est,se
ESP,0.13349453864000016,0.013620617153258642
