year,month,gid_2,est,se
2022,10,ESP.1.1_1,0.262,0.4399426662072566
2022,10,ESP.1.2_1,0.89,0.31304631925323445
2022,10,ESP.1.3_1,0.773,0.41910219117375974
2022,10,ESP.1.4_1,0.985,0.12161327966052798
2022,10,ESP.1.5_1,0.2,0.40020015012510946
2022,10,ESP.1.6_1,0.056,0.23003677296666486
2022,10,ESP.1.7_1,0.938,0.24127621974453722
2022,10,ESP.1.8_1,0.975,0.15620307103062794
2022,10,ESP.10.1_1,0.562,0.4963893657225167
2022,10,ESP.10.2_1,0.729,0.4446985009607709
2022,10,ESP.10.3_1,0.615,0.48683879468671354
2022,10,ESP.11.1_1,0.074,0.2619018758859749
2022,10,ESP.11.2_1,0.064,0.24487540497968344
2022,10,ESP.12.1_1,0.096,0.2947386484173239
2022,10,ESP.12.2_1,0.066,0.24840633185509925
2022,10,ESP.12.3_1,0.002,0.04469897088298564
2022,10,ESP.12.4_1,0.016,0.12553788177183714
2022,10,ESP.13.1_1,0.562,0.4963893657225167
2022,10,ESP.14.1_1,0.309,0.46231237570795436
2022,10,ESP.14.2_1,0.219,0.41377555535605315
2022,10,ESP.15.1_1,0.014,0.11754921445002436
2022,10,ESP.16.1_1,0.023,0.1499783100768024
2022,10,ESP.16.2_1,0.496,0.5002341793942455
2022,10,ESP.16.3_1,0.244,0.42970763159228237
2022,10,ESP.17.1_1,0.101,0.3014795016081357
2022,10,ESP.18.1_1,0.736,0.4410198391212106
2022,10,ESP.2.1_1,0.455,0.4982200550190881
2022,10,ESP.2.2_1,0.001,0.03162277660168379
2022,10,ESP.2.3_1,0.409,0.49189527438364455
2022,10,ESP.3.1_1,0.728,0.44521254947969985
2022,10,ESP.4.1_1,0.076,0.26513071171460745
2022,10,ESP.4.2_1,0.017,0.1293357171384909
2022,10,ESP.4.3_1,0.026,0.15921478998305827
2022,10,ESP.4.4_1,0.038,0.19129190414806527
2022,10,ESP.4.5_1,0.395,0.48909530177074306
2022,10,ESP.5.1_1,0.261,0.4393996723622721
2022,10,ESP.5.2_1,0.14,0.3471606552023436
2022,10,ESP.5.3_1,0.415,0.4929685771101623
2022,10,ESP.5.4_1,0.075,0.26352313834736496
2022,10,ESP.5.5_1,0.268,0.4431392245924213
2022,10,ESP.5.6_1,0.012,0.10893974420691407
2022,10,ESP.5.7_1,0.006,0.07726558075864033
2022,10,ESP.5.8_1,0.004,0.06315051850925682
2022,10,ESP.5.9_1,0.014,0.11754921445002436
2022,10,ESP.6.1_1,0.88,0.3251241389157466
2022,10,ESP.6.2_1,0.988,0.10893974420691407
2022,10,ESP.6.3_1,0.504,0.5002341793942455
2022,10,ESP.6.4_1,0.908,0.28917057184232914
2022,10,ESP.7.1_1,0.014,0.11754921445002436
2022,10,ESP.7.2_1,0.015,0.12161327966052798
2022,10,ESP.8.1_1,0.833,0.3731624984510773
2022,10,ESP.9.1_1,0.123,0.32860155048170264
