year,month,gid_1,est,se
2020,12,ESP.1_1,0,0.1373000894888642
2020,12,ESP.10_1,0,0.1499332470152141
2020,12,ESP.11_1,0,0.1325048871473013
2020,12,ESP.12_1,0,0.13097698008786657
2020,12,ESP.13_1,0,0.15693283700256802
2020,12,ESP.14_1,0,0.13121508094288112
2020,12,ESP.15_1,0,0.10930202552122417
2020,12,ESP.16_1,0,0.07051866932751254
2020,12,ESP.17_1,0,0.24187294223723343
2020,12,ESP.18_1,0,0.11509206814408703
2020,12,ESP.2_1,0,0.14429857553728817
2020,12,ESP.3_1,0,0.12074112779949851
2020,12,ESP.4_1,0,0.13622635641316105
2020,12,ESP.5_1,0,0.12885888606338816
2020,12,ESP.6_1,0,0.13933114091378915
2020,12,ESP.7_1,0,0.1186106219350147
2020,12,ESP.8_1,0,0.12074112779949843
2020,12,ESP.9_1,0,0.11221521169503998
2020,12,ITA.1_1,0,0.14637557936674964
2020,12,ITA.10_1,0,0.07223472934939282
2020,12,ITA.11_1,0,0.15956270346629856
2020,12,ITA.13_1,0,0.15900079157696875
2020,12,ITA.14_1,0,0.135079134122398
2020,12,ITA.15_1,0,0.14713085658340466
2020,12,ITA.16_1,0,0.14447861186001756
2020,12,ITA.17_1,0,0.12351536178521483
2020,12,ITA.2_1,0,0.14372455946036594
2020,12,ITA.20_1,0,0.07342561275999564
2020,12,ITA.3_1,0,0.14207899053970402
2020,12,ITA.4_1,0,0.1483929303974248
2020,12,ITA.5_1,0,0.14853705388593086
2020,12,ITA.6_1,0,0.1329100005089488
2020,12,ITA.8_1,0,0.12654131967229573
2020,12,ITA.9_1,0,0.14711523188958203
