year,month,gid_2,est,se
2018,04,ESP.1.1_1,0.058,0.2338604085575211
2018,04,ESP.1.2_1,0.034,0.18131981931624816
2018,04,ESP.1.3_1,0.004,0.06315051850925682
2018,04,ESP.1.4_1,0.025,0.15620307103062794
2018,04,ESP.1.5_1,0,0.2775266131761439
2018,04,ESP.1.6_1,0,0
2018,04,ESP.1.7_1,0.76,0.42729683193604723
2018,04,ESP.1.8_1,0,0
2018,04,ESP.10.1_1,0.334,0.47187568984497036
2018,04,ESP.10.2_1,0.208,0.4060799193519681
2018,04,ESP.10.3_1,0.531,0.4992877810324305
2018,04,ESP.11.1_1,0,0.3001501125938321
2018,04,ESP.11.2_1,0,0.30541328929383094
2018,04,ESP.12.1_1,0,0.28343665312788385
2018,04,ESP.12.3_1,0,0.28917057184232914
2018,04,ESP.12.4_1,0,0.28343665312788385
2018,04,ESP.13.1_1,0.643,0.4793545460103417
2018,04,ESP.14.1_1,0,0.290577761426155
2018,04,ESP.14.2_1,0,0.28775302222878874
2018,04,ESP.15.1_1,0,0.06315051850925682
2018,04,ESP.16.2_1,0,0
2018,04,ESP.17.1_1,0,0.2848862231842041
2018,04,ESP.18.1_1,0.876,0.32974646735443996
2018,04,ESP.2.1_1,0,0.0995485304256668
2018,04,ESP.2.2_1,0,0
2018,04,ESP.2.3_1,0,0
2018,04,ESP.3.1_1,0,0.3067068128833611
2018,04,ESP.4.1_1,0,0.04469897088298564
2018,04,ESP.4.2_1,0,0.05471740119919799
2018,04,ESP.4.3_1,0,0.03162277660168379
2018,04,ESP.4.4_1,0,0.06315051850925682
2018,04,ESP.4.5_1,0,0.04469897088298564
2018,04,ESP.5.2_1,0,0.2848862231842041
2018,04,ESP.5.4_1,0,0.27450200609713465
2018,04,ESP.5.8_1,0,0.2775266131761439
2018,04,ESP.5.9_1,0,0.27450200609713465
2018,04,ESP.6.1_1,0.531,0.4992877810324305
2018,04,ESP.6.2_1,0.272,0.44521254947969985
2018,04,ESP.6.3_1,0.121,0.3262904618058356
2018,04,ESP.6.4_1,0.324,0.4682341756463781
2018,04,ESP.8.1_1,0,0.15620307103062794
2018,04,ESP.9.1_1,0,0.07056897321046962
2018,04,ITA.10.3_1,0.005,0.07056897321046962
2018,04,ITA.10.7_1,0.022,0.1467567291047928
2018,04,ITA.10.8_1,0.012,0.10893974420691407
2018,04,ITA.10.9_1,0.008,0.08912880535463237
2018,04,ITA.8.2_1,0.061,0.239450070654273
2018,04,ITA.8.4_1,0.008,0.08912880535463237
2018,04,ITA.9.1_1,0,0.3592005359475749
