year,month,gid_2,est,se
2020,01,ESP.1.1_1,0,0.21805400144814482
2020,01,ESP.1.2_1,0,0.2535809600567505
2020,01,ESP.1.4_1,0,0.21174474216810163
2020,01,ESP.1.5_1,0,0.23003677296666486
2020,01,ESP.1.6_1,0,0.237605674293474
2020,01,ESP.1.7_1,0,0.24308453280719053
2020,01,ESP.1.8_1,0,0.25014710386805117
2020,01,ESP.10.1_1,0,0.2535809600567505
2020,01,ESP.10.2_1,0,0.24840633185509925
2020,01,ESP.10.3_1,0,0.23003677296666486
2020,01,ESP.11.1_1,0,0.2261307920985887
2020,01,ESP.11.2_1,0,0.24487540497968344
2020,01,ESP.12.1_1,0,0.22213812222431642
2020,01,ESP.12.2_1,0,0.24487540497968344
2020,01,ESP.13.1_1,0,0.26513071171460745
2020,01,ESP.14.1_1,0,0.23003677296666486
2020,01,ESP.14.2_1,0,0.2518718710762269
2020,01,ESP.15.1_1,0,0.24840633185509925
2020,01,ESP.16.1_1,0,0.20740785428237288
2020,01,ESP.16.2_1,0,0.20068950215762726
2020,01,ESP.17.1_1,0.143,0.3502480173729377
2020,01,ESP.18.1_1,0,0.21387319079712103
2020,01,ESP.2.1_1,0,0.21387319079712103
2020,01,ESP.2.2_1,0,0.24664921616708177
2020,01,ESP.2.3_1,0,0.20068950215762726
2020,01,ESP.3.1_1,0,0.19838941090279583
2020,01,ESP.4.1_1,0,0.23574260237507894
2020,01,ESP.4.3_1,0,0.24308453280719053
2020,01,ESP.4.4_1,0,0.24664921616708177
2020,01,ESP.4.5_1,0,0.23574260237507894
2020,01,ESP.5.1_1,0,0.26830577330349786
2020,01,ESP.5.3_1,0,0.24308453280719053
2020,01,ESP.5.4_1,0,0.2518718710762269
2020,01,ESP.5.5_1,0,0.21805400144814482
2020,01,ESP.5.6_1,0,0.26352313834736496
2020,01,ESP.5.8_1,0,0.2586172517116422
2020,01,ESP.5.9_1,0,0.22010780869257557
2020,01,ESP.6.1_1,0,0.23003677296666486
2020,01,ESP.6.2_1,0,0.24487540497968344
2020,01,ESP.6.3_1,0,0.21597603025716916
2020,01,ESP.6.4_1,0,0.237605674293474
2020,01,ESP.8.1_1,0,0.24664921616708177
2020,01,ESP.9.1_1,0,0.2518718710762269
2020,01,ITA.10.12_1,0,0.17340435135563662
2020,01,ITA.10.8_1,0,0.18131981931624816
2020,01,ITA.13.1_1,0,0.2586172517116422
2020,01,ITA.13.6_1,0,0.25014710386805117
2020,01,ITA.16.4_1,0,0.23003677296666486
2020,01,ITA.20.5_1,0,0.14007005254378832
2020,01,ITA.6.5_1,0,0.2619018758859749
2020,01,ITA.8.4_1,0,0.22414558046332575
