ID_0,est,se
ALB,2.807,0.6800116393087668
ARG,2.341,1.407528268979637
AUT,0.05500000000000001,0.324775664716774
BEL,0,0
BGR,10.953,7.97908231716754
BIH,1.388,0.9226660626457601
BRA,1.206,0.8183049438897124
CHE,0.9720000000000001,0.8994707386164726
CHN,1.403,0.9604276280649993
COL,0.955,0.20740785428237288
DEU,0.75,0.4332293707583636
ESP,0.03,0.3799923333309907
FJI,8.802,1.3208105619431352
FRA,4.314,5.577925776155371
GRC,0.033,0.22538997992562707
GTM,0.9710000000000001,0.9982140489770095
HND,0.904,0.2947386484173239
HRV,5.261,4.653794900656427
HUN,0.722,1.3410593723836077
IND,0.122,0.5206483668844144
ITA,11.474,10.296849255115626
KOR,1.338,0.8688853621743537
LKA,0.451,0.49784219070589714
MEX,0.002,0.04469897088298564
MMR,0.452,0.4979396991041626
NLD,0.489,0.589017681895098
PAK,0,0
PAN,0,0
PER,0,0
PRT,2.157,1.861995865558924
PSE,0.292,0.45490981847278583
ROU,0.7290000000000001,0.6970761542174799
SLB,0.821,0.38354413840665863
SRB,0.887,1.5672594266293032
SVN,1.518,0.9688447428677474
THA,0.414,0.4927949338688932
TUR,7.069,6.708105268364122
USA,0.457,0.6932068232073811
XKO,0.156,0.3630369069334353
ZAF,0.072,0.2586172517116422
