year,month,gid_2,est,se
2015,10,ESP.1.1_1,0.009,0.09448771310560929
2015,10,ESP.1.2_1,0.008,0.08912880535463237
2015,10,ESP.1.3_1,0.006,0.07726558075864033
2015,10,ESP.1.4_1,0.121,0.3262904618058356
2015,10,ESP.1.5_1,0,0.3868600013708585
2015,10,ESP.1.6_1,0.008,0.08912880535463237
2015,10,ESP.1.7_1,0.388,0.48753840227585526
2015,10,ESP.1.8_1,0.062,0.24127621974453722
2015,10,ESP.10.1_1,0.481,0.4998888765404656
2015,10,ESP.10.2_1,0.259,0.4383048152953731
2015,10,ESP.10.3_1,0.275,0.4467377022085494
2015,10,ESP.11.1_1,0,0.41646661864361284
2015,10,ESP.11.2_1,0,0.41512809027013736
2015,10,ESP.12.1_1,0,0.38521083498181535
2015,10,ESP.12.2_1,0,0.39944781706570703
2015,10,ESP.12.3_1,0,0.3893013685508382
2015,10,ESP.12.4_1,0,0.4060799193519681
2015,10,ESP.13.1_1,0.612,0.48753840227585526
2015,10,ESP.14.1_1,0,0.42358402168096876
2015,10,ESP.14.2_1,0,0.42358402168096876
2015,10,ESP.15.1_1,0.034,0.18131981931624816
2015,10,ESP.16.1_1,0,0.3860375953518323
2015,10,ESP.16.2_1,0.008,0.08912880535463237
2015,10,ESP.16.3_1,0.003,0.05471740119919799
2015,10,ESP.17.1_1,0,0.41910219117375974
2015,10,ESP.18.1_1,0.49,0.5001501276118503
2015,10,ESP.2.1_1,0.167,0.3731624984510773
2015,10,ESP.2.2_1,0.008,0.08912880535463237
2015,10,ESP.2.3_1,0.021,0.14345584540052586
2015,10,ESP.3.1_1,0,0.3924972026066607
2015,10,ESP.4.1_1,0.012,0.10893974420691407
2015,10,ESP.4.2_1,0,0.39090767299812473
2015,10,ESP.4.3_1,0.012,0.10893974420691407
2015,10,ESP.4.4_1,0,0.3766973598273565
2015,10,ESP.4.5_1,0.024,0.15312559370479986
2015,10,ESP.5.1_1,0,0.39485048677557294
2015,10,ESP.5.2_1,0,0.39793133748091436
2015,10,ESP.5.3_1,0,0.3901066305296325
2015,10,ESP.5.4_1,0,0.39485048677557294
2015,10,ESP.5.6_1,0,0.39090767299812473
2015,10,ESP.5.7_1,0,0.39793133748091436
2015,10,ESP.5.8_1,0,0.3860375953518323
2015,10,ESP.5.9_1,0,0.39090767299812473
2015,10,ESP.6.1_1,0.465,0.4990230696310783
2015,10,ESP.6.2_1,0.494,0.5002141683461337
2015,10,ESP.6.3_1,0.036,0.18638331132035063
2015,10,ESP.6.4_1,0.169,0.3749394345485409
2015,10,ESP.7.1_1,0,0.40169311340544206
2015,10,ESP.7.2_1,0,0.41377555535605315
2015,10,ESP.8.1_1,0.023,0.1499783100768024
2015,10,ESP.9.1_1,0.005,0.07056897321046962
