year,month,gid_2,est,se
2015,10,ESP.10.1_1,1,0
2015,10,ESP.10.2_1,0.998,0.04469897088298564
2015,10,ESP.10.3_1,0.997,0.05471740119919799
2015,10,ESP.18.1_1,1,0
2015,10,ESP.2.1_1,0.973,0.162164414398774
2015,10,ESP.2.2_1,0.245,0.4303024054780082
2015,10,ESP.2.3_1,0.61,0.4879939939570344
2015,10,ESP.4.1_1,0.329,0.47008507738491334
2015,10,ESP.4.3_1,0.2,0.40020015012510946
2015,10,ESP.6.1_1,0.997,0.05471740119919799
2015,10,ESP.6.2_1,1,0
2015,10,ESP.6.3_1,0.814,0.3893013685508382
2015,10,ESP.6.4_1,0.988,0.10893974420691407
2015,10,FRA.11.11_1,0.959,0.19838941090279583
2015,10,FRA.11.6_1,0.363,0.4811054587743341
