ID_0,est,se
ALB,0.940384614121468,0.2632518456927782
ARG,0.39209894956,0.18990543083238692
AUT,0.4096921319200001,0.049117923429649005
BEL,0,0
BGR,0.9999994207946973,0.3563660232152513
BIH,0.841612923,0.42894352012864334
BRA,0.8046779279999999,0.35978594337554926
CHE,0.554987844,0.41263254070752486
CHN,0.92166060781,0.12437548292093133
COL,0.22299999999999998,0.41646661864361284
DEU,0.716,0.2255812201555947
ESP,0.9945398100639646,0.07687279921169464
FJI,0.748,0.4343785039394614
FRA,0.9999427151335585,0.2573760724631111
GRC,0.2159700000000001,0.14494594124283347
GTM,0.69502,0.48578411092800655
HND,0.21899999999999997,0.41377555535605315
HRV,0.9998634819890534,0.4363463126624739
HUN,0.95287532112859,0.17244288237960828
IND,0.391876,0.25923899920545596
ITA,1,0.17109435423415129
KOR,0.729924,0.49952477926361893
LKA,0.15800000000000003,0.36492351139542817
MEX,0.18755200000000005,0.23716982016822385
MMR,0.726,0.44623214039681536
NLD,0.72478,0.0015430594307721268
PAK,0,0
PAN,0.038000000000000034,0.19129190414806527
PER,0.0050000000000000044,0.03528448660523481
PRT,0.91040788288,0.4136749252813082
PSE,0.472,0.49946517943242597
ROU,0.774464,0.25353023866864866
SLB,0.551,0.4976410821532389
SRB,0.7888708088757665,0.29477273234163764
SVN,0.3127759659999999,0.1837826267528943
THA,0.388,0.48753840227585526
TUR,0.9999999699773577,0.31239406128320846
USA,0.41308674514915655,0.11786313333188744
XKO,0.273,0.4457237593730782
ZAF,0.10299999999999998,0.304110972316823
