ID_0,est,se
ALB,0.9553247730064001,0.2884267639555994
ARG,0.39506129200000006,0.18163984597327978
AUT,0.21041302000000006,0.03592029497005302
BEL,0,0
BGR,0.9999965031907304,0.3609658092693819
BIH,0.816948054,0.44328174506434564
BRA,0.80896474,0.3638928533906023
CHE,0.5652349,0.4134252324481891
CHN,0.924615594865,0.11599686094424369
COL,0.249,0.43265018916693676
DEU,0.68,0.23335478236893809
ESP,0.9944999699573653,0.07946699318872258
FJI,0.779,0.41512809027013736
FRA,0.9999233285238606,0.2706711557518929
GRC,0.20499999999999996,0.13463454160476968
GTM,0.702291,0.4891165842012411
HND,0.19199999999999995,0.39407016036651554
HRV,0.9990519708660961,0.4259274828751932
HUN,0.9590354647735478,0.1822846192666075
IND,0.431654266,0.2732082097454522
ITA,1,0.1691538443099069
KOR,0.74613,0.4995788488460171
LKA,0.17000000000000004,0.3758207567993567
MEX,0.153416,0.22781002198238026
MMR,0.767,0.42295376802895357
NLD,0.7176469999999999,0.0017000085759043292
PAK,0,0
PAN,0.029000000000000026,0.1678904023081343
PER,0.008000000000000007,0.044564402677316185
PRT,0.914384911012,0.4081973820807427
PSE,0.45799999999999996,0.4984821807090846
ROU,0.79382,0.26393113444849214
SLB,0.45300000000000007,0.4980351785155734
SRB,0.7831760857832948,0.30141271107387585
SVN,0.3775160860000001,0.19794307248543014
THA,0.4139999999999999,0.4927949338688932
TUR,0.999999910960764,0.32031330597229246
USA,0.4080573515612519,0.1260886268543933
XKO,0.272,0.44521254947969985
ZAF,0.126,0.3320154126456093
