year,month,gid_2,est,se
2019,11,ESP.1.1_1,0,0.290577761426155
2019,11,ESP.1.2_1,0,0.2933616557443407
2019,11,ESP.1.3_1,0,0.2848862231842041
2019,11,ESP.1.4_1,0,0.26672484350382913
2019,11,ESP.1.5_1,0,0.26672484350382913
2019,11,ESP.1.6_1,0,0.304110972316823
2019,11,ESP.1.7_1,0,0.296105857217784
2019,11,ESP.1.8_1,0,0.27297163499805893
2019,11,ESP.10.1_1,0,0.2819760814510878
2019,11,ESP.10.2_1,0,0.2760202658994212
2019,11,ESP.10.3_1,0,0.29197474077263813
2019,11,ESP.11.1_1,0,0.28775302222878874
2019,11,ESP.11.2_1,0,0.30541328929383094
2019,11,ESP.12.1_1,0,0.28050433629924987
2019,11,ESP.12.2_1,0,0.29197474077263813
2019,11,ESP.12.4_1,0,0.3001501125938321
2019,11,ESP.13.1_1,0,0.29746341705239066
2019,11,ESP.14.1_1,0,0.29746341705239066
2019,11,ESP.14.2_1,0,0.2933616557443407
2019,11,ESP.15.1_1,0,0.28632495871296654
2019,11,ESP.16.1_1,0,0.28917057184232914
2019,11,ESP.16.2_1,0,0.21387319079712103
2019,11,ESP.16.3_1,0,0.24308453280719053
2019,11,ESP.17.1_1,0,0.3522770203960217
2019,11,ESP.18.1_1,0,0.2819760814510878
2019,11,ESP.2.1_1,0,0.31304631925323445
2019,11,ESP.2.2_1,0,0.28632495871296654
2019,11,ESP.2.3_1,0,0.30926792049394103
2019,11,ESP.3.1_1,0,0.26352313834736496
2019,11,ESP.4.1_1,0,0.2947386484173239
2019,11,ESP.4.2_1,0,0.30799165387857325
2019,11,ESP.4.3_1,0,0.2947386484173239
2019,11,ESP.4.5_1,0,0.28917057184232914
2019,11,ESP.5.1_1,0,0.28343665312788385
2019,11,ESP.5.2_1,0,0.28050433629924987
2019,11,ESP.5.4_1,0,0.31304631925323445
2019,11,ESP.5.5_1,0,0.296105857217784
2019,11,ESP.5.8_1,0,0.30541328929383094
2019,11,ESP.5.9_1,0,0.304110972316823
2019,11,ESP.6.1_1,0,0.296105857217784
2019,11,ESP.6.2_1,0,0.29197474077263813
2019,11,ESP.6.3_1,0,0.29197474077263813
2019,11,ESP.6.4_1,0,0.28050433629924987
2019,11,ESP.8.1_1,0,0.26830577330349786
2019,11,ESP.9.1_1,0,0.26830577330349786
