year,month,gid_2,est,se
2019,11,ESP.1.1_1,0,0.3592005359475749
2019,11,ESP.1.2_1,0,0.33647171235218754
2019,11,ESP.1.3_1,0,0.3397446488562056
2019,11,ESP.1.4_1,0,0.34819569244928955
2019,11,ESP.1.5_1,0,0.3471606552023436
2019,11,ESP.1.6_1,0,0.34922479573758497
2019,11,ESP.1.7_1,0,0.3397446488562056
2019,11,ESP.1.8_1,0,0.34189456253630574
2019,11,ESP.10.1_1,0,0.3630369069334353
2019,11,ESP.10.2_1,0,0.34922479573758497
2019,11,ESP.10.3_1,0,0.35428310221702153
2019,11,ESP.11.1_1,0,0.3592005359475749
2019,11,ESP.11.2_1,0,0.3461196307619647
2019,11,ESP.12.1_1,0,0.3461196307619647
2019,11,ESP.12.2_1,0,0.33647171235218754
2019,11,ESP.12.4_1,0,0.33647171235218754
2019,11,ESP.13.1_1,0,0.35428310221702153
2019,11,ESP.14.1_1,0,0.3471606552023436
2019,11,ESP.14.2_1,0,0.3611293596682696
2019,11,ESP.15.1_1,0,0.33647171235218754
2019,11,ESP.16.1_1,0,0.2602666685127751
2019,11,ESP.16.2_1,0,0.24308453280719053
2019,11,ESP.16.3_1,0,0.2261307920985887
2019,11,ESP.17.1_1,0,0.4643485970901814
2019,11,ESP.18.1_1,0,0.3502480173729377
2019,11,ESP.2.1_1,0,0.3562666500332664
2019,11,ESP.2.2_1,0,0.3429600875052688
2019,11,ESP.2.3_1,0,0.33756918246924283
2019,11,ESP.3.1_1,0,0.26830577330349786
2019,11,ESP.4.1_1,0,0.33536766610911
2019,11,ESP.4.2_1,0,0.3342569785774528
2019,11,ESP.4.3_1,0,0.34189456253630574
2019,11,ESP.4.5_1,0,0.3639828065767441
2019,11,ESP.5.1_1,0,0.3386601403925338
2019,11,ESP.5.2_1,0,0.3471606552023436
2019,11,ESP.5.4_1,0,0.3386601403925338
2019,11,ESP.5.5_1,0,0.3522770203960217
2019,11,ESP.5.8_1,0,0.32860155048170264
2019,11,ESP.5.9_1,0,0.3461196307619647
2019,11,ESP.6.1_1,0,0.33647171235218754
2019,11,ESP.6.2_1,0,0.3408227694273963
2019,11,ESP.6.3_1,0,0.34922479573758497
2019,11,ESP.6.4_1,0,0.33756918246924283
2019,11,ESP.8.1_1,0,0.3522770203960217
2019,11,ESP.9.1_1,0,0.3342569785774528
