ID_0,est,se
ALB,0,0
AUT,8.256,11.90257986063696
BEL,0,0
BGR,0,0
CHE,2.672,1.6100267204391088
CHN,0,0
DEU,1.674,1.4166092858883876
ESP,0.039,0.37891530371150267
FRA,0,0
GRC,0,0
HRV,0.248,0.432067914433232
HUN,3.311,5.313464432909838
IND,0,0
ITA,0.436,0.5276278380889846
NLD,0.044,0.20519772441746548
PAK,0,0
PER,0,0
ROU,0.138,0.3450725649411658
SRB,0.391,0.4882185549089233
SVN,0,0
TUR,0,0
USA,0,0
XKO,0,0
