ID_0,est,se
ESP,0.18390917922400007,0.015040835697279473
