ID_0,est,se
ESP,0.41187982037987547,0.0825719972599202
