year,month,gid_1,est,se
2021,05,ESP.1_1,0.31689998765753613,0.1501401595486101
2021,05,ESP.10_1,0.6610197460634416,0.44601605391725985
2021,05,ESP.11_1,0.03311040540399375,0.2681840886032181
2021,05,ESP.12_1,0,0.274085076178943
2021,05,ESP.13_1,0.9383008474576272,0.2317790934589523
2021,05,ESP.14_1,0.0378013356614915,0.09770655721153723
2021,05,ESP.15_1,0,0.40043050659107016
2021,05,ESP.16_1,0.2971074318735107,0.2385968285063936
2021,05,ESP.17_1,0.7878781779661017,0.40622974643957516
2021,05,ESP.18_1,0.20722563559322038,0.3554608760412453
2021,05,ESP.2_1,0,0.32628784313080306
2021,05,ESP.3_1,0,0
2021,05,ESP.4_1,0.05779896939630321,0.3491976267960827
2021,05,ESP.5_1,0.013321462452966658,0.22729565573954988
2021,05,ESP.6_1,0.46899590126355795,0.2212959406757252
2021,05,ESP.7_1,0.2521246066090711,0.440594430161945
2021,05,ESP.8_1,0.6763760593220339,0.47069053727602617
2021,05,ESP.9_1,0,0.459606468244737
