year,month,gid_1,est,se
2021,05,ESP.10_1,0.928,0.2586172517116422
2021,05,ESP.6_1,0.989,0.10435463521037237
