year,month,gid_1,est,se
2021,05,ESP.1_1,0.2487305108762743,0.27646734306637
2021,05,ESP.10_1,0.4255902080259023,0.46721489700687713
2021,05,ESP.11_1,0,0.12098477080519802
2021,05,ESP.12_1,0.036713049033643384,0.3583950607293298
2021,05,ESP.13_1,0.6100974226247445,0.49370030410791793
2021,05,ESP.14_1,0,0.11721225528054521
2021,05,ESP.15_1,0.1282166212171092,0.27383111637952795
2021,05,ESP.16_1,0.12425260332582179,0.21981987706659165
2021,05,ESP.17_1,0,0.49968364843736857
2021,05,ESP.18_1,0.13783286780839238,0.2870751350993662
2021,05,ESP.2_1,0.039689902365995816,0.20574493579366052
2021,05,ESP.3_1,0,0.09764814579660541
2021,05,ESP.4_1,0.036971579311325976,0.2686944147554958
2021,05,ESP.5_1,0,0.2907158610837363
2021,05,ESP.6_1,0.440633734438728,0.31626796734907975
2021,05,ESP.7_1,0,0.3418925500518427
2021,05,ESP.8_1,0.414567075268653,0.4838190925625395
2021,05,ESP.9_1,0,0.3619583317613245
2021,05,ITA.1_1,0,0.11495199288811445
2021,05,ITA.10_1,0.25527316497559577,0.3687899338309445
2021,05,ITA.11_1,0.11280552874120282,0.31598266908315686
2021,05,ITA.12_1,0,0.3729029848461528
2021,05,ITA.13_1,0,0.1367934924584916
2021,05,ITA.14_1,0,0.23278762695090044
2021,05,ITA.15_1,0.10525115525684882,0.22062711881429065
2021,05,ITA.16_1,0.18496669084373907,0.24167581973686397
2021,05,ITA.17_1,0.2583930139941821,0.39443953251771235
2021,05,ITA.18_1,0,0.14616252180544118
2021,05,ITA.2_1,0.152438681991519,0.2795668251081138
2021,05,ITA.20_1,0.1788520081089422,0.331669460119643
2021,05,ITA.3_1,0,0.26302997647204723
2021,05,ITA.4_1,0,0.3183644853280793
2021,05,ITA.5_1,0.15847963241235757,0.3405960827074864
2021,05,ITA.6_1,0.1509349482083349,0.2662878455966994
2021,05,ITA.7_1,0.7446278533541597,0.17996815263213964
2021,05,ITA.8_1,0.6388376075780607,0.295986018464375
2021,05,ITA.9_1,0.21043340749508072,0.3416656132735152
