year,month,gid_2,est,se
2017,04,ESP.1.1_1,0.292,0.45490981847278583
2017,04,ESP.1.2_1,0.506,0.5002141683461337
2017,04,ESP.1.3_1,0.04,0.19605723255834873
2017,04,ESP.1.4_1,0.422,0.49412565219806204
2017,04,ESP.1.5_1,0,0.49189527438364455
2017,04,ESP.1.6_1,0.173,0.37843653921656956
2017,04,ESP.1.7_1,0.876,0.32974646735443996
2017,04,ESP.1.8_1,0.047,0.21174474216810163
2017,04,ESP.10.1_1,0.712,0.4530576798391804
2017,04,ESP.10.2_1,0.69,0.46272466339510593
2017,04,ESP.10.3_1,0.874,0.3320154126456093
2017,04,ESP.11.1_1,0,0.4909429956981004
2017,04,ESP.11.2_1,0,0.48776727741507725
2017,04,ESP.12.1_1,0,0.49170903772228736
2017,04,ESP.12.3_1,0,0.48776727741507725
2017,04,ESP.12.4_1,0,0.49443752736667196
2017,04,ESP.13.1_1,0.85,0.35725009115132167
2017,04,ESP.14.1_1,0,0.4853808758022864
2017,04,ESP.14.2_1,0,0.4805308625987616
2017,04,ESP.15.1_1,0.054,0.2261307920985887
2017,04,ESP.16.1_1,0,0.4907461989988632
2017,04,ESP.16.2_1,0.047,0.21174474216810163
2017,04,ESP.16.3_1,0.045,0.20740785428237288
2017,04,ESP.17.1_1,0,0.48753840227585526
2017,04,ESP.18.1_1,0.774,0.41844844258175834
2017,04,ESP.2.1_1,0.597,0.4907461989988632
2017,04,ESP.2.2_1,0.151,0.3582280381646966
2017,04,ESP.2.3_1,0.035,0.18387171834952978
2017,04,ESP.3.1_1,0,0.4909429956981004
2017,04,ESP.4.1_1,0.057,0.2319586273558386
2017,04,ESP.4.2_1,0,0.48707416400507353
2017,04,ESP.4.3_1,0.04,0.19605723255834873
2017,04,ESP.4.4_1,0,0.4888793337859589
2017,04,ESP.4.5_1,0.049,0.21597603025716916
2017,04,ESP.5.2_1,0,0.49443752736667196
2017,04,ESP.5.3_1,0,0.49428262696084646
2017,04,ESP.5.5_1,0,0.49428262696084646
2017,04,ESP.5.7_1,0,0.4933095928059319
2017,04,ESP.5.8_1,0,0.49663532561291557
2017,04,ESP.5.9_1,0,0.49428262696084646
2017,04,ESP.6.1_1,0.9,0.3001501125938321
2017,04,ESP.6.2_1,0.869,0.33756918246924283
2017,04,ESP.6.3_1,0.625,0.48436516143258035
2017,04,ESP.6.4_1,0.852,0.3552776691859794
2017,04,ESP.7.1_1,0,0.49170903772228736
2017,04,ESP.8.1_1,0.046,0.20958990416508122
2017,04,ESP.9.1_1,0.047,0.21174474216810163
