year,month,gid_2,est,se
2017,04,ESP.1.1_1,0.261,0.4393996723622721
2017,04,ESP.1.2_1,0.481,0.4998888765404656
2017,04,ESP.1.3_1,0.043,0.2029585972364615
2017,04,ESP.1.4_1,0.425,0.4945903553645376
2017,04,ESP.1.5_1,0,0.49518098126261295
2017,04,ESP.1.6_1,0.166,0.37226681638655706
2017,04,ESP.1.7_1,0.885,0.31918157352340515
2017,04,ESP.1.8_1,0.059,0.23574260237507894
2017,04,ESP.10.1_1,0.698,0.45935499018406994
2017,04,ESP.10.2_1,0.68,0.46670956473787617
2017,04,ESP.10.3_1,0.845,0.362085771753194
2017,04,ESP.11.1_1,0,0.49189527438364455
2017,04,ESP.11.2_1,0,0.49152069396170145
2017,04,ESP.12.1_1,0,0.4901430813958718
2017,04,ESP.12.3_1,0,0.49380547166252
2017,04,ESP.12.4_1,0,0.4945903553645376
2017,04,ESP.13.1_1,0.847,0.3601676286407771
2017,04,ESP.14.1_1,0,0.48753840227585526
2017,04,ESP.14.2_1,0,0.4835802413765991
2017,04,ESP.15.1_1,0.045,0.20740785428237288
2017,04,ESP.16.1_1,0,0.49503642397409614
2017,04,ESP.16.2_1,0.039,0.19369180807797864
2017,04,ESP.16.3_1,0.044,0.20519772441746548
2017,04,ESP.17.1_1,0,0.49347696959383985
2017,04,ESP.18.1_1,0.772,0.4197525368502163
2017,04,ESP.2.1_1,0.629,0.4833141758655467
2017,04,ESP.2.2_1,0.14,0.3471606552023436
2017,04,ESP.2.3_1,0.056,0.23003677296666486
2017,04,ESP.3.1_1,0,0.48909530177074306
2017,04,ESP.4.1_1,0.038,0.19129190414806527
2017,04,ESP.4.2_1,0,0.48707416400507353
2017,04,ESP.4.3_1,0.067,0.25014710386805117
2017,04,ESP.4.4_1,0,0.4905472827736758
2017,04,ESP.4.5_1,0.045,0.20740785428237288
2017,04,ESP.5.2_1,0,0.4962633144584408
2017,04,ESP.5.3_1,0,0.4924413655436538
2017,04,ESP.5.5_1,0,0.49152069396170145
2017,04,ESP.5.7_1,0,0.48973037054672836
2017,04,ESP.5.8_1,0,0.48993779098885504
2017,04,ESP.5.9_1,0,0.4882185549089233
2017,04,ESP.6.1_1,0.902,0.29746341705239066
2017,04,ESP.6.2_1,0.857,0.3502480173729377
2017,04,ESP.6.3_1,0.624,0.4846223879051182
2017,04,ESP.6.4_1,0.854,0.3532829019480122
2017,04,ESP.7.1_1,0,0.48436516143258035
2017,04,ESP.8.1_1,0.041,0.19838941090279583
2017,04,ESP.9.1_1,0.052,0.22213812222431645
