year,month,gid_1,est,se
2019,12,ARG.24_1,0.011747999999999998,0.05449712748274755
2019,12,DOM.5_1,0.576631,0.24625387570885451
2019,12,GTM.7_1,0.087131,0.1425143866086174
2019,12,HND.8_1,9.79e-4,0.015819299929208316
2019,12,IND.20_1,0.020559,0.07176381358201868
2019,12,IND.34_1,0.09887900000000001,0.15081517725402385
2019,12,MEX.14_1,0.13511559895317132,0.11793502950387061
2019,12,MEX.16_1,0.014684999999999998,0.060837065971687775
2019,12,MEX.17_1,0.17524099999999995,0.1918680272124382
2019,12,MEX.31_1,0.091047,0.14536157968220684
2019,12,MEX.4_1,0.942777,0.09447535265308933
2019,12,MEX.9_1,0.003916,0.03159105873485386
2019,12,PAK.7_1,0.020559,0.07176381358201868
2019,12,PER.13_1,0.037202,0.09569381094721721
2019,12,PRI.52_1,0.081257,0.13807918981315126
2019,12,PRI.65_1,0.13706000000000002,0.1736671829118866
2019,12,USA.10_1,0.052865999999999996,0.11312197118220638
2019,12,USA.5_1,0.004895,0.03530214209125596
2019,12,VEN.14_1,0.032307,0.08940765887328074
