year,month,gid_2,est,se
2021,05,ESP.1.1_1,0.857,0.3502480173729377
2021,05,ESP.1.2_1,0.917,0.2760202658994212
2021,05,ESP.1.3_1,0.919,0.27297163499805893
2021,05,ESP.1.4_1,0.992,0.08912880535463237
2021,05,ESP.1.5_1,0.877,0.32860155048170264
2021,05,ESP.1.7_1,1,0
2021,05,ESP.1.8_1,0.999,0.03162277660168379
2021,05,ESP.10.1_1,1,0
2021,05,ESP.10.2_1,1,0
2021,05,ESP.10.3_1,0.925,0.26352313834736496
2021,05,ESP.11.1_1,0.739,0.4393996723622721
2021,05,ESP.11.2_1,0.989,0.10435463521037237
2021,05,ESP.12.1_1,0.715,0.4516403203645341
2021,05,ESP.12.2_1,0.452,0.4979396991041626
2021,05,ESP.12.3_1,0.617,0.48636153995515263
2021,05,ESP.12.4_1,0.673,0.46935199082489393
2021,05,ESP.13.1_1,0.999,0.03162277660168379
2021,05,ESP.14.1_1,0.428,0.49503642397409614
2021,05,ESP.14.2_1,0.038,0.19129190414806527
2021,05,ESP.15.1_1,0.277,0.4477404063421923
2021,05,ESP.16.2_1,0.996,0.06315051850925682
2021,05,ESP.16.3_1,0.361,0.4805308625987616
2021,05,ESP.17.1_1,0.874,0.3320154126456093
2021,05,ESP.18.1_1,1,0
2021,05,ESP.2.1_1,0.717,0.4506818324651152
2021,05,ESP.2.2_1,0.076,0.26513071171460745
2021,05,ESP.2.3_1,0.998,0.04469897088298564
2021,05,ESP.3.1_1,0,0.14007005254378832
2021,05,ESP.4.2_1,0,0.15921478998305827
2021,05,ESP.4.3_1,0.134,0.3408227694273963
2021,05,ESP.4.4_1,0,0.13659303663678343
2021,05,ESP.4.5_1,0.999,0.03162277660168379
2021,05,ESP.5.2_1,0.341,0.4742825570732535
2021,05,ESP.5.3_1,0,0.4835802413765991
2021,05,ESP.5.4_1,0.027,0.162164414398774
2021,05,ESP.5.5_1,0.351,0.4775217555536366
2021,05,ESP.5.7_1,0,0.33647171235218754
2021,05,ESP.5.8_1,0.011,0.10435463521037237
2021,05,ESP.6.1_1,0.979,0.14345584540052586
2021,05,ESP.6.2_1,1,0
2021,05,ESP.6.3_1,0.997,0.05471740119919799
2021,05,ESP.6.4_1,1,0
2021,05,ESP.7.1_1,0.658,0.47461696267754827
2021,05,ESP.7.2_1,0,0.49710271686152663
2021,05,ESP.8.1_1,0.992,0.08912880535463237
2021,05,ESP.9.1_1,0.173,0.37843653921656956
