year,month,gid_2,est,se
2021,05,ESP.1.1_1,0.87,0.33647171235218754
2021,05,ESP.1.2_1,0.93,0.25527468571161765
2021,05,ESP.1.3_1,0.92,0.27142894774447635
2021,05,ESP.1.4_1,0.994,0.07726558075864033
2021,05,ESP.1.5_1,0.868,0.3386601403925338
2021,05,ESP.1.7_1,1,0
2021,05,ESP.1.8_1,0.998,0.04469897088298564
2021,05,ESP.10.1_1,1,0
2021,05,ESP.10.2_1,1,0
2021,05,ESP.10.3_1,0.915,0.2790212408632233
2021,05,ESP.11.1_1,0.742,0.43775292989039793
2021,05,ESP.11.2_1,0.981,0.13659303663678343
2021,05,ESP.12.1_1,0.735,0.4415540396938635
2021,05,ESP.12.2_1,0.441,0.49675523728066096
2021,05,ESP.12.3_1,0.602,0.48973037054672836
2021,05,ESP.12.4_1,0.651,0.4768924684102554
2021,05,ESP.13.1_1,0.995,0.07056897321046962
2021,05,ESP.14.1_1,0.438,0.4963893657225167
2021,05,ESP.14.2_1,0.053,0.22414558046332575
2021,05,ESP.15.1_1,0.28,0.44922355437109684
2021,05,ESP.16.2_1,0.999,0.03162277660168379
2021,05,ESP.16.3_1,0.375,0.48436516143258035
2021,05,ESP.17.1_1,0.862,0.3450725649411658
2021,05,ESP.18.1_1,1,0
2021,05,ESP.2.1_1,0.711,0.45352473436923446
2021,05,ESP.2.2_1,0.076,0.26513071171460745
2021,05,ESP.2.3_1,0.999,0.03162277660168379
2021,05,ESP.3.1_1,0.024,0.15312559370479986
2021,05,ESP.4.2_1,0.026,0.15921478998305827
2021,05,ESP.4.3_1,0.146,0.3532829019480122
2021,05,ESP.4.4_1,0.027,0.162164414398774
2021,05,ESP.4.5_1,0.999,0.03162277660168379
2021,05,ESP.5.2_1,0.331,0.4708085180417413
2021,05,ESP.5.3_1,0.39,0.4879939939570344
2021,05,ESP.5.4_1,0.017,0.1293357171384909
2021,05,ESP.5.5_1,0.349,0.4768924684102554
2021,05,ESP.5.7_1,0.876,0.32974646735443996
2021,05,ESP.5.8_1,0.015,0.12161327966052798
2021,05,ESP.6.1_1,0.971,0.1678904023081343
2021,05,ESP.6.2_1,0.999,0.03162277660168379
2021,05,ESP.6.3_1,0.997,0.05471740119919799
2021,05,ESP.6.4_1,0.999,0.03162277660168379
2021,05,ESP.7.1_1,0.691,0.46231237570795436
2021,05,ESP.7.2_1,0.463,0.4988786223921405
2021,05,ESP.8.1_1,0.999,0.03162277660168379
2021,05,ESP.9.1_1,0.201,0.40094857495663927
