ID_0,est,se
ALB,0,0
AUT,8.672,10.563785451718655
BEL,0,0
BGR,0,0
CHE,2.419,1.8414075883432321
CHN,0,0
DEU,0.9329999999999999,0.7307049636598286
ESP,0.5820000000000001,0.6950463520128494
FRA,0,0
GRC,0,0
HRV,0.366,0.4819504915199032
HUN,1.667,3.6295951122391776
IND,0,0
ITA,0.021,0.14345584540052586
NLD,0.002,0.04469897088298564
PAK,0,0
PER,0,0
ROU,0.001,0.03162277660168379
SRB,0.005,0.07056897321046962
SVN,0,0
TUR,0,0
USA,0,0
XKO,0,0
