year,month,gid_1,est,se
2017,04,AND.2_1,0,0.1983925852222514
2017,04,AND.3_1,0,0.2201113305161259
2017,04,AND.4_1,0,0.2180574904098591
2017,04,AND.5_1,0,0.19839258522225142
2017,04,AND.6_1,0,0.20959325769744694
2017,04,AND.7_1,0,0.2052010076729875
2017,04,AUT.4_1,0,0.14283129144310241
2017,04,BEL.1_1,0,0.2052010076729875
2017,04,BEL.2_1,0,0.20959325769744694
2017,04,CHE.8_1,0,0.23004045365809186
2017,04,CZE.9_1,0,0.2180574904098591
2017,04,DEU.13_1,0,0.20406786973629848
2017,04,DEU.6_1,0,0.2201113305161259
2017,04,DEU.7_1,0,0.2052010076729875
2017,04,ESP.1_1,0.06540743030265607,0.21183682436468945
2017,04,ESP.10_1,0.3658944273429003,0.45728930309179006
2017,04,ESP.11_1,0,0.2036572421241292
2017,04,ESP.12_1,0,0.23152743383695587
2017,04,ESP.13_1,0.5268886576482831,0.49977370734964716
2017,04,ESP.14_1,0,0.2319623387977969
2017,04,ESP.15_1,0,0.08913023145544895
2017,04,ESP.16_1,0,0.092853484177321
2017,04,ESP.17_1,0,0.1983925852222514
2017,04,ESP.18_1,0.1413111342351717,0.3471662099283595
2017,04,ESP.2_1,0,0.17441563920612058
2017,04,ESP.3_1,0,0.23196233879779685
2017,04,ESP.4_1,0,0.0921380376054696
2017,04,ESP.5_1,0,0.11889159835574319
2017,04,ESP.6_1,0.4082155691838805,0.4464791767986808
2017,04,ESP.7_1,0,0.20959325769744694
2017,04,ESP.8_1,0,0.0772668170425485
2017,04,ESP.9_1,0,0.2241491668930334
2017,04,FRA.1_1,0,0.15204054738513822
2017,04,FRA.10_1,0,0.12553989043418814
2017,04,FRA.11_1,0.014870874415883056,0.16119476223953774
2017,04,FRA.13_1,0,0.12161522552748694
2017,04,FRA.3_1,0,0.21597948597041342
2017,04,FRA.4_1,0,0.19942037664616738
2017,04,FRA.8_1,0,0.21620481740483724
2017,04,GBR.1_1,0,0.19647431111707095
2017,04,GRC.3_1,0,0.12161522552748694
2017,04,GRC.7_1,0,0.19606036956190592
2017,04,ITA.10_1,0.009084287200832467,0.09448922495135072
2017,04,ITA.8_1,0.034318418314255986,0.18132272051459092
2017,04,MKD.15_1,0,0.10894148729162785
2017,04,MKD.31_1,0,0.24128008027214812
2017,04,NLD.9_1,0,0.1978478250702544
2017,04,PRT.15_1,0,0.2080668278618793
2017,04,PRT.18_1,0,0.20296184466494546
2017,04,PRT.9_1,0,0.220011326827071
2017,04,RUS.14_1,0,0.2117481301788408
2017,04,SRB.3_1,0,0.12161522552748694
