year,month,gid_1,est,se
2017,04,ESP.1_1,0.0660574567611322,0.11944100496340328
2017,04,ESP.10_1,0.42020041553326637,0.44963940608084985
2017,04,ESP.11_1,0,0.3968825576733691
2017,04,ESP.12_1,0,0.4074169638919744
2017,04,ESP.13_1,0.6482965931863728,0.47818870527171403
2017,04,ESP.14_1,0,0.4120081220375748
2017,04,ESP.15_1,0,0.08342255081851088
2017,04,ESP.16_1,0,0.03991755479733211
2017,04,ESP.17_1,0,0.4017324851182922
2017,04,ESP.18_1,0.560120240480962,0.4968039264513395
2017,04,ESP.2_1,0,0.09373826001731372
2017,04,ESP.3_1,0,0.403943213189127
2017,04,ESP.4_1,0,0.03151342645056678
2017,04,ESP.5_1,0,0.3982769345519321
2017,04,ESP.6_1,0.5130427332601964,0.39374375625267855
2017,04,ESP.7_1,0,0.39720607395169305
2017,04,ESP.8_1,0,0.12162519951418181
2017,04,ESP.9_1,0,0.06315670816996571
