year,month,gid_1,est,se
2017,04,AND.2_1,0,0.34082345107498013
2017,04,AND.3_1,0,0.34716134952573696
2017,04,AND.4_1,0,0.3397453283475418
2017,04,AND.5_1,0,0.34507325508836606
2017,04,AND.6_1,0,0.33536833684645445
2017,04,AND.7_1,0,0.3297471268493532
2017,04,AUT.4_1,0,0
2017,04,BEL.1_1,0,0.33425764709341554
2017,04,BEL.2_1,0,0.3512661112873133
2017,04,CHE.8_1,0,0.3552783797434495
2017,04,CZE.9_1,0,0.3308850592338285
2017,04,DEU.13_1,0,0.3156291331144681
2017,04,DEU.6_1,0,0.3297471268493532
2017,04,DEU.7_1,0,0.350248717871074
2017,04,ESP.1_1,0.0819761002058357,0.10315178280390237
2017,04,ESP.10_1,0.4270418410719424,0.4657396714864958
2017,04,ESP.11_1,0,0.34719104410311086
2017,04,ESP.12_1,0,0.34023183504638693
2017,04,ESP.13_1,0.601,0.4899387708673767
2017,04,ESP.14_1,0,0.3545399109333788
2017,04,ESP.15_1,0,0
2017,04,ESP.16_1,0,0.06987354730292077
2017,04,ESP.17_1,0,0.33425764709341554
2017,04,ESP.18_1,0.59,0.4920803904999518
2017,04,ESP.2_1,0,0.07078112629576525
2017,04,ESP.3_1,0,0.35725080565364753
2017,04,ESP.4_1,0,0
2017,04,ESP.5_1,0,0.34175509970345913
2017,04,ESP.6_1,0.5480369480678917,0.39902248005946545
2017,04,ESP.7_1,0,0.3286022076867752
2017,04,ESP.8_1,0,0.14675702261913154
2017,04,ESP.9_1,0,0.11333091025587294
2017,04,FRA.1_1,0,0.16449527086853585
2017,04,FRA.10_1,0,0.1706729200726106
2017,04,FRA.11_1,0.10156369156839351,0.32284781209528723
2017,04,FRA.13_1,0,0
2017,04,FRA.3_1,0,0.33425764709341554
2017,04,FRA.4_1,0,0.3473826509893948
2017,04,FRA.8_1,0,0.337170657615397
2017,04,GRC.3_1,0,0
2017,04,GRC.7_1,0,0.3397453283475418
2017,04,ITA.10_1,0.005999999999999999,0.07726573529026545
2017,04,ITA.8_1,0.044,0.2051981348141455
2017,04,NLD.9_1,0,0.3331798348573444
2017,04,PRT.15_1,0,0.36190530403035204
2017,04,PRT.18_1,0,0.32158175954759427
2017,04,PRT.9_1,0,0
2017,04,SRB.3_1,0,0
