year,month,gid_1,est,se
2017,04,AND.2_1,0,0.35328360851593577
2017,04,AND.3_1,0,0.3429607734275016
2017,04,AND.4_1,0,0.35822875462292236
2017,04,AND.5_1,0,0.35725080565364753
2017,04,AND.6_1,0,0.323951174903563
2017,04,AND.7_1,0,0.350248717871074
2017,04,AUT.4_1,0,0
2017,04,BEL.1_1,0,0.3331402496122101
2017,04,CHE.8_1,0,0.347161349525737
2017,04,CZE.9_1,0,0.3308850592338285
2017,04,DEU.13_1,0,0.31614047309245663
2017,04,DEU.6_1,0,0.3386608177148466
2017,04,DEU.7_1,0,0.3308850592338285
2017,04,ESP.1_1,0.08126440359794528,0.09783250633569622
2017,04,ESP.10_1,0.40289040867244313,0.46005997008454635
2017,04,ESP.11_1,0,0.32634992297899845
2017,04,ESP.12_1,0,0.3427665759090549
2017,04,ESP.13_1,0.565,0.4960060535003998
2017,04,ESP.14_1,0,0.34856575090365227
2017,04,ESP.15_1,0,0.03162283984742673
2017,04,ESP.16_1,0,0.061642350929365944
2017,04,ESP.17_1,0,0.326291114388717
2017,04,ESP.18_1,0.59,0.4920803904999518
2017,04,ESP.2_1,0,0.07435382412752307
2017,04,ESP.3_1,0,0.3130469453477513
2017,04,ESP.4_1,0,0
2017,04,ESP.5_1,0,0.35613914556410714
2017,04,ESP.6_1,0.5417952623844202,0.39562136580149765
2017,04,ESP.7_1,0,0.33425764709341554
2017,04,ESP.8_1,0,0.15620338343770726
2017,04,ESP.9_1,0,0.07726573529026545
2017,04,FRA.1_1,0,0.13846850334245148
2017,04,FRA.10_1,0,0.14675702261913154
2017,04,FRA.11_1,0.09702547148214301,0.31954506232778507
2017,04,FRA.13_1,0,0
2017,04,FRA.3_1,0,0.3375698576096332
2017,04,FRA.4_1,0,0.3354590945577257
2017,04,FRA.8_1,0,0.32899116869829936
2017,04,GRC.3_1,0,0
2017,04,GRC.7_1,0,0.34082345107498013
2017,04,ITA.10_1,0.0029999999999999996,0.0547175106343287
2017,04,ITA.8_1,0.042,0.20068990353783572
2017,04,NLD.9_1,0,0.3562943891792272
2017,04,PRT.15_1,0,0.351263852302604
2017,04,PRT.18_1,0,0.3429607734275016
2017,04,PRT.9_1,0,0.033204930300119735
2017,04,SRB.3_1,0,0
