year,month,gid_3,est,se
2014,12,ESP.10.1.1_1,0.294,0.45581988961844544
2014,12,ESP.10.1.2_1,0.045,0.20740785428237288
2014,12,ESP.10.1.3_1,0.049,0.21597603025716916
2014,12,ESP.10.1.4_1,0.672,0.46971974265154814
2014,12,ESP.10.1.5_1,0.174,0.37929917989348183
2014,12,ESP.10.1.6_1,0.162,0.36863517451796685
2014,12,ESP.10.1.7_1,0.967,0.17872588772459053
2014,12,ESP.10.1.8_1,0.004,0.06315051850925682
2014,12,ESP.10.1.9_1,0.011,0.10435463521037237
2014,12,ESP.10.2.1_1,0.04,0.19605723255834873
2014,12,ESP.10.2.2_1,0.602,0.48973037054672836
2014,12,ESP.10.2.3_1,0.264,0.4410198391212106
2014,12,ESP.10.2.5_1,0.222,0.4157990967870047
2014,12,ESP.10.2.7_1,0.007,0.08341437500789632
2014,12,ESP.10.2.8_1,0.095,0.2933616557443407
2014,12,ESP.10.3.1_1,0.76,0.42729683193604723
2014,12,ESP.10.3.10_1,0.999,0.03162277660168379
2014,12,ESP.10.3.11_1,0.906,0.29197474077263813
2014,12,ESP.10.3.12_1,0.022,0.1467567291047928
2014,12,ESP.10.3.13_1,0.376,0.4846223879051182
2014,12,ESP.10.3.14_1,0.005,0.07056897321046962
2014,12,ESP.10.3.16_1,0.757,0.4291097005838194
2014,12,ESP.10.3.17_1,0.85,0.35725009115132167
2014,12,ESP.10.3.18_1,0.103,0.304110972316823
2014,12,ESP.10.3.2_1,0.01,0.0995485304256668
2014,12,ESP.10.3.3_1,0,0
2014,12,ESP.10.3.3_1,0,0
2014,12,ESP.10.3.3_1,0,0
2014,12,ESP.10.3.4_1,0,0
2014,12,ESP.10.3.5_1,0.278,0.4482375674984382
2014,12,ESP.10.3.6_1,0.001,0.03162277660168379
2014,12,ESP.10.3.7_1,0.981,0.13659303663678343
2014,12,ESP.10.3.8_1,0.849,0.3582280381646966
2014,12,ESP.10.3.9_1,0.709,0.45445079549443584
