year,month,gid_3,est,se
2022,01,ESP.10.1.1_1,0,0
2022,01,ESP.10.1.2_1,0,0
2022,01,ESP.10.1.3_1,0.128,0.3342569785774528
2022,01,ESP.10.1.4_1,0,0
2022,01,ESP.10.1.5_1,0.001,0.03162277660168379
2022,01,ESP.10.1.6_1,0,0
2022,01,ESP.10.1.7_1,0,0
2022,01,ESP.10.1.8_1,0.006,0.07726558075864033
2022,01,ESP.10.1.9_1,0,0
2022,01,ESP.10.2.1_1,0.036,0.18638331132035063
2022,01,ESP.10.2.2_1,0.037,0.1888562063228706
2022,01,ESP.10.2.3_1,0,0
2022,01,ESP.10.2.5_1,0,0
2022,01,ESP.10.2.7_1,0.022,0.1467567291047928
2022,01,ESP.10.2.8_1,0,0
2022,01,ESP.10.3.1_1,0,0
2022,01,ESP.10.3.10_1,0,0
2022,01,ESP.10.3.11_1,0.002,0.04469897088298564
2022,01,ESP.10.3.12_1,0.031,0.17340435135563662
2022,01,ESP.10.3.13_1,0.001,0.03162277660168379
2022,01,ESP.10.3.14_1,0,0
2022,01,ESP.10.3.16_1,0.094,0.29197474077263813
2022,01,ESP.10.3.17_1,0.001,0.03162277660168379
2022,01,ESP.10.3.18_1,0.028,0.16505527329729044
2022,01,ESP.10.3.2_1,0,0
2022,01,ESP.10.3.3_1,0.012,0.10893974420691407
2022,01,ESP.10.3.4_1,0.272,0.44521254947969985
2022,01,ESP.10.3.5_1,0.023,0.1499783100768024
2022,01,ESP.10.3.6_1,0,0
2022,01,ESP.10.3.7_1,0,0
2022,01,ESP.10.3.8_1,0,0
2022,01,ESP.10.3.9_1,0.158,0.36492351139542817
2022,01,ESP.18.1.5_1,0,0
2022,01,ESP.18.1.8_1,0.255,0.4360793106364542
2022,01,ESP.2.1.4_1,0,0
2022,01,ESP.2.2.4_1,0.065,0.24664921616708177
2022,01,ESP.4.1.3_1,0.029,0.1678904023081343
2022,01,ESP.4.3.6_1,0.01,0.0995485304256668
2022,01,ESP.6.1.10_1,0,0
2022,01,ESP.6.1.11_1,0,0
2022,01,ESP.6.1.12_1,0,0
2022,01,ESP.6.1.3_1,0,0
2022,01,ESP.6.1.4_1,0,0
2022,01,ESP.6.1.5_1,0,0
2022,01,ESP.6.1.6_1,0.077,0.26672484350382913
2022,01,ESP.6.1.7_1,0,0
2022,01,ESP.6.1.8_1,0,0
2022,01,ESP.6.1.9_1,0,0
2022,01,ESP.6.2.2_1,0.021,0.14345584540052586
2022,01,ESP.6.2.3_1,0,0
2022,01,ESP.6.2.4_1,0,0
2022,01,ESP.6.2.5_1,0,0
2022,01,ESP.6.2.6_1,0,0
2022,01,ESP.6.2.7_1,0,0
2022,01,ESP.6.3.10_1,0,0
2022,01,ESP.6.3.2_1,0.008,0.08912880535463237
2022,01,ESP.6.3.4_1,0.022,0.1467567291047928
2022,01,ESP.6.3.5_1,0.272,0.44521254947969985
2022,01,ESP.6.3.6_1,0.047,0.21174474216810163
2022,01,ESP.6.3.7_1,0,0
2022,01,ESP.6.3.8_1,0,0
2022,01,ESP.6.3.9_1,0.009,0.09448771310560929
2022,01,ESP.6.4.1_1,0.051,0.22010780869257557
2022,01,ESP.6.4.2_1,0,0
2022,01,ESP.6.4.3_1,0,0
2022,01,ESP.6.4.4_1,0.032,0.17608806605504818
2022,01,ESP.6.4.5_1,0.035,0.18387171834952978
2022,01,ESP.6.4.6_1,0.103,0.304110972316823
2022,01,ESP.6.4.7_1,0,0
2022,01,ESP.6.4.8_1,0.049,0.21597603025716916
2022,01,FRA.11.11.1_1,0.096,0.2947386484173239
