year,month,gid_3,est,se
2021,04,HUN.10.2_1,0.162,0.36863517451796685
2021,04,HUN.10.4_1,0.148,0.3552776691859794
2021,04,HUN.10.6_1,0.147,0.35428310221702153
2021,04,HUN.12.1_1,0.148,0.3552776691859794
2021,04,HUN.13.3_1,0.182,0.3860375953518323
2021,04,HUN.14.11_1,0.114,0.31797028965786267
2021,04,HUN.14.12_1,0.128,0.3342569785774528
2021,04,HUN.14.14_1,0.134,0.3408227694273963
2021,04,HUN.14.15_1,0.147,0.35428310221702153
2021,04,HUN.14.2_1,0.143,0.3502480173729377
2021,04,HUN.14.4_1,0.125,0.33088439746304826
2021,04,HUN.14.5_1,0.119,0.32395052700056526
2021,04,HUN.14.6_1,0.112,0.3155242550986462
2021,04,HUN.14.7_1,0.137,0.3440194025768741
2021,04,HUN.14.8_1,0.128,0.3342569785774528
2021,04,HUN.14.9_1,0.142,0.34922479573758497
2021,04,HUN.16.9_1,0.179,0.38354413840665863
2021,04,HUN.17.2_1,0.174,0.37929917989348183
2021,04,HUN.19.8_1,0.167,0.3731624984510773
2021,04,HUN.2.1_1,0.15,0.35725009115132167
2021,04,HUN.2.3_1,0.278,0.4482375674984382
2021,04,HUN.4.15_1,0.234,0.42358402168096876
2021,04,HUN.5.1_1,0.157,0.3639828065767441
2021,04,HUN.8.1_1,0.146,0.3532829019480122
2021,04,ITA.10.2.142_1,0.298,0.4576083537321029
2021,04,ITA.10.2.175_1,0.349,0.4768924684102554
2021,04,ITA.10.2.18_1,0.301,0.4589222261011223
2021,04,ITA.10.5.42_1,0.244,0.42970763159228237
2021,04,ITA.17.2.135_1,0.244,0.42970763159228237
2021,04,ITA.20.1.21_1,0.246,0.4308940353145651
2021,04,ITA.20.1.53_1,0.207,0.4053582555164201
2021,04,ITA.20.7.55_1,0.383,0.48636153995515263
