year,month,gid_3,est,se
2018,05,ESP.10.1.1_1,0.987,0.11333068359382575
2018,05,ESP.10.1.2_1,0.212,0.40892936214366316
2018,05,ESP.10.1.3_1,0.012,0.10893974420691407
2018,05,ESP.10.1.4_1,0.161,0.3677148544921924
2018,05,ESP.10.1.5_1,0.123,0.32860155048170264
2018,05,ESP.10.1.6_1,0.848,0.3592005359475749
2018,05,ESP.10.1.7_1,0.947,0.22414558046332575
2018,05,ESP.10.1.8_1,0.13,0.33647171235218754
2018,05,ESP.10.1.9_1,0.507,0.5002011607355596
2018,05,ESP.10.2.1_1,0.127,0.33313958333104454
2018,05,ESP.10.2.2_1,0.125,0.33088439746304826
2018,05,ESP.10.2.3_1,0.891,0.3117951510466707
2018,05,ESP.10.2.5_1,0.929,0.25695335184625445
2018,05,ESP.10.2.7_1,0.368,0.4825026516080599
2018,05,ESP.10.2.8_1,0.228,0.4197525368502163
2018,05,ESP.10.3.1_1,0.884,0.3203851535989872
2018,05,ESP.10.3.10_1,0.99,0.0995485304256668
2018,05,ESP.10.3.11_1,0.968,0.17608806605504818
2018,05,ESP.10.3.12_1,0.017,0.1293357171384909
2018,05,ESP.10.3.13_1,0.997,0.05471740119919799
2018,05,ESP.10.3.14_1,0.121,0.3262904618058356
2018,05,ESP.10.3.16_1,0.983,0.1293357171384909
2018,05,ESP.10.3.17_1,0.982,0.13301764429463367
2018,05,ESP.10.3.18_1,0.902,0.29746341705239066
2018,05,ESP.10.3.2_1,0.854,0.3532829019480122
2018,05,ESP.10.3.3_1,0.068,0.2518718710762269
2018,05,ESP.10.3.4_1,0.929,0.25695335184625445
2018,05,ESP.10.3.5_1,0.993,0.08341437500789632
2018,05,ESP.10.3.6_1,0.118,0.3227695465501356
2018,05,ESP.10.3.7_1,0.964,0.18638331132035063
2018,05,ESP.10.3.8_1,0.969,0.17340435135563662
2018,05,ESP.10.3.9_1,0.187,0.3901066305296325
