year,month,gid_2,est,se
2019,05,ESP.1.1_1,0.866,0.3408227694273963
2019,05,ESP.1.2_1,0.372,0.4835802413765991
2019,05,ESP.1.3_1,0.068,0.2518718710762269
2019,05,ESP.1.4_1,0.806,0.39562674393994207
2019,05,ESP.1.5_1,0,0.49999399395792143
2019,05,ESP.1.6_1,0.626,0.48410573055723927
2019,05,ESP.1.7_1,0.874,0.3320154126456093
2019,05,ESP.1.8_1,0.06,0.237605674293474
2019,05,ESP.10.1_1,0.929,0.25695335184625445
2019,05,ESP.10.2_1,0.863,0.3440194025768741
2019,05,ESP.10.3_1,0.848,0.3592005359475749
2019,05,ESP.11.1_1,0,0.4996735671152454
2019,05,ESP.11.2_1,0,0.49663532561291557
2019,05,ESP.12.1_1,0,0.5002341793942455
2019,05,ESP.12.2_1,0,0.500129112459102
2019,05,ESP.12.4_1,0,0.4998888765404656
2019,05,ESP.13.1_1,0.922,0.26830577330349786
2019,05,ESP.14.1_1,0,0.49347696959383985
2019,05,ESP.15.1_1,0.071,0.25695335184625445
2019,05,ESP.16.1_1,0,0.49915945364198017
2019,05,ESP.16.2_1,0.226,0.41844844258175834
2019,05,ESP.16.3_1,0.519,0.4998888765404656
2019,05,ESP.17.1_1,0,0.5001691405606399
2019,05,ESP.18.1_1,0.986,0.11754921445002436
2019,05,ESP.2.1_1,0.067,0.25014710386805117
2019,05,ESP.2.2_1,0.228,0.4197525368502163
2019,05,ESP.2.3_1,0.21,0.40751204407485436
2019,05,ESP.3.1_1,0,0.49934892545128134
2019,05,ESP.4.1_1,0.376,0.4846223879051182
2019,05,ESP.4.2_1,0,0.4997206426802086
2019,05,ESP.4.4_1,0,0.49687310541312546
2019,05,ESP.4.5_1,0.065,0.24664921616708177
2019,05,ESP.5.1_1,0,0.4995733915788286
2019,05,ESP.5.2_1,0,0.4990230696310783
2019,05,ESP.5.6_1,0,0.4995733915788286
2019,05,ESP.5.8_1,0,0.49946517943242597
2019,05,ESP.5.9_1,0,0.4995733915788286
2019,05,ESP.6.1_1,0.901,0.2988114594326802
2019,05,ESP.6.2_1,0.863,0.3440194025768741
2019,05,ESP.6.3_1,0.734,0.44208533049564025
2019,05,ESP.6.4_1,0.805,0.39639895576569334
2019,05,ESP.8.1_1,0.067,0.25014710386805117
2019,05,ESP.9.1_1,0.078,0.26830577330349786
