year,month,gid_2,est,se
2019,05,ESP.10.1_1,0.986,0.11754921445002436
2019,05,ESP.10.2_1,0.943,0.2319586273558386
2019,05,ESP.10.3_1,0.988,0.10893974420691407
