year,month,gid_2,est,se
2019,05,ESP.1.1_1,0.871,0.33536766610911
2019,05,ESP.1.2_1,0.361,0.4805308625987616
2019,05,ESP.1.3_1,0.081,0.27297163499805893
2019,05,ESP.1.4_1,0.826,0.37929917989348183
2019,05,ESP.1.5_1,0,0.49915945364198017
2019,05,ESP.1.6_1,0.616,0.48660125439704816
2019,05,ESP.1.7_1,0.891,0.3117951510466707
2019,05,ESP.1.8_1,0.051,0.22010780869257557
2019,05,ESP.10.1_1,0.935,0.24664921616708177
2019,05,ESP.10.2_1,0.879,0.3262904618058356
2019,05,ESP.10.3_1,0.861,0.3461196307619647
2019,05,ESP.11.1_1,0,0.49812863010685515
2019,05,ESP.11.2_1,0,0.49864681754589457
2019,05,ESP.12.1_1,0,0.5002411830719671
2019,05,ESP.12.2_1,0,0.49940805801309257
2019,05,ESP.12.3_1,0,0.4985655098054493
2019,05,ESP.12.4_1,0,0.500129112459102
2019,05,ESP.13.1_1,0.942,0.2338604085575211
2019,05,ESP.14.1_1,0,0.49412565219806204
2019,05,ESP.14.2_1,0,0.49428262696084646
2019,05,ESP.15.1_1,0.063,0.24308453280719053
2019,05,ESP.16.1_1,0,0.49940805801309257
2019,05,ESP.16.2_1,0.198,0.3986915536538929
2019,05,ESP.16.3_1,0.486,0.5000540511325291
2019,05,ESP.17.1_1,0,0.49784219070589714
2019,05,ESP.18.1_1,0.981,0.13659303663678343
2019,05,ESP.2.1_1,0.067,0.25014710386805117
2019,05,ESP.2.2_1,0.243,0.4291097005838194
2019,05,ESP.2.3_1,0.209,0.4067978422810088
2019,05,ESP.3.1_1,0,0.49992592043814443
2019,05,ESP.4.1_1,0.37,0.48304589153964794
2019,05,ESP.4.2_1,0,0.4985655098054493
2019,05,ESP.4.3_1,0.08,0.27142894774447635
2019,05,ESP.4.4_1,0,0.4995202903992194
2019,05,ESP.4.5_1,0.058,0.2338604085575211
2019,05,ESP.5.1_1,0,0.49880337288836046
2019,05,ESP.5.2_1,0,0.4998498272980094
2019,05,ESP.5.3_1,0,0.5002501876563868
2019,05,ESP.5.4_1,0,0.4992877810324305
2019,05,ESP.5.5_1,0,0.49940805801309257
2019,05,ESP.5.6_1,0,0.4992246240173107
2019,05,ESP.5.7_1,0,0.49721446300587663
2019,05,ESP.5.8_1,0,0.4982200550190881
2019,05,ESP.5.9_1,0,0.499624483612067
2019,05,ESP.6.1_1,0.911,0.2848862231842041
2019,05,ESP.6.2_1,0.852,0.3552776691859794
2019,05,ESP.6.3_1,0.705,0.45627095369219284
2019,05,ESP.6.4_1,0.792,0.4060799193519681
2019,05,ESP.7.1_1,0,0.494741112874975
2019,05,ESP.7.2_1,0,0.49753747953651045
2019,05,ESP.8.1_1,0.069,0.2535809600567505
2019,05,ESP.9.1_1,0.07,0.25527468571161765
