year,month,gid_2,est,se
2019,05,ESP.1.1_1,0.506,0.5002141683461337
2019,05,ESP.1.2_1,0.08,0.27142894774447635
2019,05,ESP.1.3_1,0.009,0.09448771310560929
2019,05,ESP.1.4_1,0.419,0.4936422618482768
2019,05,ESP.1.5_1,0,0.3868600013708585
2019,05,ESP.1.6_1,0.106,0.30799165387857325
2019,05,ESP.1.7_1,0.566,0.4958728565770563
2019,05,ESP.1.8_1,0.01,0.0995485304256668
2019,05,ESP.10.1_1,0.742,0.43775292989039793
2019,05,ESP.10.2_1,0.544,0.4983094543677777
2019,05,ESP.10.3_1,0.51,0.5001501276118503
2019,05,ESP.11.1_1,0,0.37929917989348183
2019,05,ESP.11.2_1,0,0.37226681638655706
2019,05,ESP.12.1_1,0,0.3502480173729377
2019,05,ESP.12.2_1,0,0.35725009115132167
2019,05,ESP.12.4_1,0,0.3522770203960217
2019,05,ESP.13.1_1,0.827,0.37843653921656956
2019,05,ESP.14.1_1,0,0.3450725649411658
2019,05,ESP.15.1_1,0,0.06315051850925682
2019,05,ESP.16.1_1,0,0.21597603025716916
2019,05,ESP.16.2_1,0.019,0.13659303663678343
2019,05,ESP.16.3_1,0.048,0.21387319079712103
2019,05,ESP.17.1_1,0,0.3592005359475749
2019,05,ESP.18.1_1,0.871,0.33536766610911
2019,05,ESP.2.1_1,0.006,0.07726558075864033
2019,05,ESP.2.2_1,0.012,0.10893974420691407
2019,05,ESP.2.3_1,0.007,0.08341437500789632
2019,05,ESP.3.1_1,0,0.3601676286407771
2019,05,ESP.4.1_1,0,0.18131981931624816
2019,05,ESP.4.2_1,0,0.11333068359382575
2019,05,ESP.4.4_1,0,0.13301764429463367
2019,05,ESP.4.5_1,0,0
2019,05,ESP.5.1_1,0,0.36492351139542817
2019,05,ESP.5.2_1,0,0.3611293596682696
2019,05,ESP.5.6_1,0,0.362085771753194
2019,05,ESP.5.8_1,0,0.3749394345485409
2019,05,ESP.5.9_1,0,0.36492351139542817
2019,05,ESP.6.1_1,0.674,0.4689818162188636
2019,05,ESP.6.2_1,0.515,0.5000250243988045
2019,05,ESP.6.3_1,0.366,0.4819504915199032
2019,05,ESP.6.4_1,0.368,0.4825026516080599
2019,05,ESP.8.1_1,0.019,0.13659303663678343
2019,05,ESP.9.1_1,0,0.11333068359382575
2019,05,ITA.10.9_1,0.02,0.14007005254378832
2019,05,ITA.16.2_1,0.053,0.22414558046332575
2019,05,ITA.17.2_1,0.008,0.08912880535463237
2019,05,ITA.20.2_1,0.013,0.11333068359382575
2019,05,ITA.8.3_1,0.011,0.10435463521037237
2019,05,ITA.8.4_1,0.011,0.10435463521037237
2019,05,ITA.9.1_1,0.018,0.13301764429463367
