year,month,gid_4,est,se
2019,01,AUT.9.1.1.36_2,0,0.08341437500789632
2019,01,AUT.9.1.1.40_2,0,0.08341437500789632
2019,01,ESP.16.2.1.32_1,0,0.09448771310560929
2019,01,ESP.16.2.1.63_1,0,0.09448771310560929
2019,01,ESP.16.3.1.20_1,0,0.07726558075864033
2019,01,ESP.16.3.1.28_1,0,0.07726558075864033
2019,01,ESP.16.3.1.64_1,0,0.07726558075864033
2019,01,ESP.17.1.1.1_1,0,0.42668613881993056
2019,01,ESP.17.1.1.4_1,0,0.42668613881993056
2019,01,ESP.17.1.4.2_1,0,0.42668613881993056
2019,01,ESP.17.1.7.3_1,0,0.42668613881993056
2019,01,ESP.17.1.8.10_1,0,0.42668613881993056
2019,01,ESP.17.1.8.18_1,0,0.42668613881993056
2019,01,ESP.17.1.8.6_1,0,0.42668613881993056
2019,01,ESP.3.1.4.1_1,0,0.162164414398774
2019,01,ESP.3.1.4.5_1,0,0.162164414398774
2019,01,ESP.3.1.4.7_1,0,0.162164414398774
