ID_1,est,se
ESP.1_1,0.9999998672066049,0.3197885801884051
ESP.10_1,0.999696736,0.2688634232255801
ESP.11_1,0.58985,0.4799918246107221
ESP.12_1,0.56396889664,0.3639001589638643
ESP.13_1,0.726,0.44623214039681536
ESP.14_1,0.53935,0.3818846619931212
ESP.15_1,0.014000000000000012,0.11754921445002436
ESP.16_1,0.2905249999999999,0.22882563545877285
ESP.17_1,0.383,0.48636153995515263
ESP.18_1,0.995,0.07056897321046962
ESP.2_1,0.999921052,0.23072159943353393
ESP.3_1,0,0
ESP.4_1,0.733324328170444,0.2642114554645422
ESP.5_1,0.5817868524828352,0.19248615648246598
ESP.6_1,1,0.16895496039733654
ESP.7_1,0.999601,0.14002444101865463
ESP.8_1,0.913,0.2819760814510878
ESP.9_1,0.028000000000000025,0.16505527329729044
