year,month,gid_1,est,se
2021,04,ESP.1_1,0.8705529621993244,0.24531011947819192
2021,04,ESP.10_1,0.9766268002056285,0.13621231129999198
2021,04,ESP.11_1,0.662389783235101,0.47326902613301713
2021,04,ESP.12_1,0.4853318429871958,0.48142283644465783
2021,04,ESP.13_1,0.993,0.08344117489070484
2021,04,ESP.14_1,0.5754439004983556,0.47145969248745256
2021,04,ESP.15_1,0.138,0.34518343197457557
2021,04,ESP.16_1,0.46133374211015266,0.28361525711798496
2021,04,ESP.17_1,0.943,0.2320331524485336
2021,04,ESP.18_1,0.996,0.06317080789577066
2021,04,ESP.2_1,0.7101380798644635,0.3116462752639448
2021,04,ESP.3_1,0.038,0.19135336358611657
2021,04,ESP.4_1,0.323182806093144,0.33003248070654184
2021,04,ESP.5_1,0.2487467293985277,0.39381309188796143
2021,04,ESP.6_1,0.9917896505285716,0.060853338883713484
2021,04,ESP.7_1,0.6378398324535949,0.450993171842622
2021,04,ESP.8_1,0.999,0.031632936561605866
2021,04,ESP.9_1,0.26,0.43899472335709366
