year,month,gid_2,est,se
2021,07,ESP.10.1_1,0.987,0.11333068359382575
2021,07,ESP.10.2_1,0.912,0.28343665312788385
2021,07,ESP.10.3_1,0.963,0.1888562063228706
2021,07,ESP.18.1_1,0.848,0.3592005359475749
2021,07,ESP.2.3_1,0.58,0.49380547166252
2021,07,ESP.4.1_1,0.186,0.3893013685508382
2021,07,ESP.6.1_1,1,0
2021,07,ESP.6.2_1,0.974,0.15921478998305827
2021,07,ESP.6.4_1,0.99,0.0995485304256668
