year,month,gid_2,est,se
2021,07,ESP.10.1_1,0.807,0.39485048677557294
2021,07,ESP.10.2_1,0.985,0.12161327966052798
2021,07,ESP.10.3_1,0.826,0.37929917989348183
