year,month,gid_2,est,se
2018,05,ESP.1.1_1,0.435,0.4960050614873008
2018,05,ESP.1.2_1,0.037,0.1888562063228706
2018,05,ESP.1.3_1,0,0.43551541152257023
2018,05,ESP.1.4_1,0.093,0.290577761426155
2018,05,ESP.1.5_1,0,0.49170903772228736
2018,05,ESP.1.6_1,0,0.15312559370479986
2018,05,ESP.1.7_1,1,0
2018,05,ESP.1.8_1,0,0.11333068359382575
2018,05,ESP.10.1_1,0.957,0.2029585972364615
2018,05,ESP.10.2_1,0.588,0.4924413655436538
2018,05,ESP.10.3_1,0.97,0.17067257872642908
2018,05,ESP.11.1_1,0,0.4920794063381866
2018,05,ESP.11.2_1,0,0.49314012936201734
2018,05,ESP.12.1_1,0,0.49546390835709164
2018,05,ESP.12.2_1,0,0.49314012936201734
2018,05,ESP.12.3_1,0,0.49560228169533443
2018,05,ESP.12.4_1,0,0.49546390835709164
2018,05,ESP.13.1_1,0.998,0.04469897088298564
2018,05,ESP.14.1_1,0,0.4775217555536366
2018,05,ESP.14.2_1,0,0.4909429956981004
2018,05,ESP.15.1_1,0,0.11333068359382575
2018,05,ESP.16.2_1,0,0.11754921445002436
2018,05,ESP.16.3_1,0,0.12161327966052798
2018,05,ESP.17.1_1,0,0.49170903772228736
2018,05,ESP.18.1_1,1,0
2018,05,ESP.2.1_1,0.808,0.39407016036651554
2018,05,ESP.2.2_1,0,0.11754921445002436
2018,05,ESP.2.3_1,0.026,0.15921478998305827
2018,05,ESP.3.1_1,0,0.49546390835709164
2018,05,ESP.4.1_1,0,0.10435463521037237
2018,05,ESP.4.2_1,0,0.49503642397409614
2018,05,ESP.4.4_1,0,0.49152069396170145
2018,05,ESP.4.5_1,0,0.12161327966052798
2018,05,ESP.5.1_1,0,0.4905472827736758
2018,05,ESP.5.2_1,0,0.49532347546360583
2018,05,ESP.5.3_1,0,0.4895208173618673
2018,05,ESP.5.5_1,0,0.4909429956981004
2018,05,ESP.5.8_1,0,0.49412565219806204
2018,05,ESP.6.1_1,0.977,0.1499783100768024
2018,05,ESP.6.2_1,0.884,0.3203851535989872
2018,05,ESP.6.3_1,0.082,0.27450200609713465
2018,05,ESP.6.4_1,0.975,0.15620307103062794
2018,05,ESP.7.2_1,0,0.48562931937418674
2018,05,ESP.8.1_1,0,0.15620307103062794
2018,05,ESP.9.1_1,0,0.1467567291047928
