year,month,gid_2,est,se
2018,05,ESP.1.1_1,0.223,0.41646661864361284
2018,05,ESP.1.2_1,0.129,0.33536766610911
2018,05,ESP.1.3_1,0.057,0.2319586273558386
2018,05,ESP.1.4_1,0.133,0.3397446488562056
2018,05,ESP.1.5_1,0,0.402433787041984
2018,05,ESP.1.6_1,0.016,0.12553788177183714
2018,05,ESP.1.7_1,0.946,0.2261307920985887
2018,05,ESP.1.8_1,0.017,0.1293357171384909
2018,05,ESP.10.1_1,0.618,0.48611964814468495
2018,05,ESP.10.2_1,0.475,0.499624483612067
2018,05,ESP.10.3_1,0.781,0.41377555535605315
2018,05,ESP.11.1_1,0,0.35725009115132167
2018,05,ESP.11.2_1,0,0.36492351139542817
2018,05,ESP.12.1_1,0,0.3562666500332664
2018,05,ESP.12.2_1,0,0.3562666500332664
2018,05,ESP.12.3_1,0,0.3592005359475749
2018,05,ESP.12.4_1,0,0.35428310221702153
2018,05,ESP.13.1_1,0.836,0.3704608498090469
2018,05,ESP.14.1_1,0,0.362085771753194
2018,05,ESP.14.2_1,0,0.3562666500332664
2018,05,ESP.15.1_1,0,0.08912880535463237
2018,05,ESP.16.2_1,0.005,0.07056897321046962
2018,05,ESP.16.3_1,0.009,0.09448771310560929
2018,05,ESP.17.1_1,0,0.3630369069334353
2018,05,ESP.18.1_1,0.95,0.21805400144814482
2018,05,ESP.2.1_1,0.102,0.30279974849343533
2018,05,ESP.2.2_1,0.006,0.07726558075864033
2018,05,ESP.2.3_1,0.015,0.12161327966052798
2018,05,ESP.3.1_1,0,0.3450725649411658
2018,05,ESP.4.1_1,0,0.07726558075864033
2018,05,ESP.4.2_1,0,0.14007005254378832
2018,05,ESP.4.4_1,0,0.08912880535463237
2018,05,ESP.4.5_1,0,0.06315051850925682
2018,05,ESP.5.1_1,0,0.3639828065767441
2018,05,ESP.5.2_1,0,0.3592005359475749
2018,05,ESP.5.3_1,0,0.36955049393495276
2018,05,ESP.5.5_1,0,0.36492351139542817
2018,05,ESP.5.8_1,0,0.3601676286407771
2018,05,ESP.6.1_1,0.78,0.4144535821678608
2018,05,ESP.6.2_1,0.479,0.49980877224075293
2018,05,ESP.6.3_1,0.272,0.44521254947969985
2018,05,ESP.6.4_1,0.582,0.49347696959383985
2018,05,ESP.7.2_1,0,0.36492351139542817
2018,05,ESP.8.1_1,0.028,0.16505527329729044
2018,05,ESP.9.1_1,0,0.0995485304256668
2018,05,ITA.10.9_1,0.031,0.17340435135563662
2018,05,ITA.15.6_1,0.035,0.18387171834952978
2018,05,ITA.16.3_1,0.047,0.21174474216810163
2018,05,ITA.17.2_1,0.366,0.4819504915199032
2018,05,ITA.8.4_1,0.027,0.162164414398774
