year,month,gid_2,est,se
2018,05,ESP.10.1_1,0.998,0.04469897088298564
2018,05,ESP.10.2_1,0.994,0.07726558075864033
2018,05,ESP.10.3_1,0.996,0.06315051850925682
2018,05,ESP.18.1_1,1,0
2018,05,ESP.2.1_1,0.708,0.45490981847278583
2018,05,ESP.2.2_1,0.088,0.28343665312788385
2018,05,ESP.2.3_1,0.408,0.49170903772228736
2018,05,ESP.4.1_1,0.088,0.28343665312788385
2018,05,ESP.4.3_1,0.064,0.24487540497968344
2018,05,ESP.6.1_1,0.998,0.04469897088298564
2018,05,ESP.6.2_1,0.999,0.03162277660168379
2018,05,ESP.6.3_1,0.722,0.4482375674984382
2018,05,ESP.6.4_1,0.998,0.04469897088298564
2018,05,FRA.11.11_1,0.174,0.37929917989348183
2018,05,FRA.11.6_1,0.208,0.4060799193519681
