ID_0,est,se
ESP,0.9977609505289041,0.21762127721806404
