ID_0,est,se
ALB,1,0.2642672481593245
ARE,0.502,0.5002461856388775
AUT,0.9850127422551536,0.15652266528794134
BEL,0.9698553599999999,0.19140840612911458
BGR,0,0
CHE,0.957481554184,0.4651705642086093
CHN,0,0
COL,0,0
CZE,0.890338,0.3948992568697959
DEU,0.9999999167233796,0.30014540964186304
DNK,0.951,0.21597603025716916
ESP,0.9999999999999928,0.16131314070947833
FRA,1,0.2084058789891971
GBR,0.06600000000000006,0.24840633185509925
GMB,0.683,0.46554025360620294
GRC,0.008992,0.03018789548907904
HRV,0.96352325102224,0.40198710649206976
HUN,1,0.08867024130387145
IND,0.06800000000000006,0.03598169586803241
IRN,0.01100000000000001,0.10435463521037236
ITA,1,0.16379673948620516
MAR,0.352862,0.3036501006839436
MEX,0.507929653,0.2846796978377436
NLD,1,0.30897833945135483
PAK,0,0
PER,0.0010000000000000009,0.010540925533894597
POL,0.16800000000000004,0.3740533597174552
PRT,1,0.26929832938743375
ROU,0.892,0.10351190614955709
RUS,0.0010000000000000009,0.03162277660168379
SAU,0.008000000000000007,0.08912880535463237
SRB,0.706091027284,0.33211266232811837
SVN,0,0
TUR,0.9999999878259459,0.16830251392573498
USA,0,0
UZB,0.871,0.33536766610911
XKO,0.991575514,0.19336151882821598
