year,month,gid_1,est,se
2020,09,ESP.1_1,0,0.3830636210217968
2020,09,ESP.10_1,0,0.40121036292139456
2020,09,ESP.11_1,0,0.40030509518334917
2020,09,ESP.12_1,0,0.39592261436701587
2020,09,ESP.13_1,0,0.41197735629996224
2020,09,ESP.14_1,0,0.3848215773276911
2020,09,ESP.15_1,0,0.3929109223332767
2020,09,ESP.16_1,0,0.3918633742057738
2020,09,ESP.17_1,0,0.37871473698311353
2020,09,ESP.18_1,0,0.38318636891311036
2020,09,ESP.2_1,0,0.38063289655442395
2020,09,ESP.3_1,0,0.3907895444901504
2020,09,ESP.4_1,0,0.3959544534562448
2020,09,ESP.5_1,0,0.3955756379872652
2020,09,ESP.6_1,0,0.37203720436145604
2020,09,ESP.7_1,0,0.39396323912646697
2020,09,ESP.8_1,0,0.39396323912646697
2020,09,ESP.9_1,0,0.43256982095182295
2020,09,ITA.10_1,0.22,0.25746308442794835
2020,09,ITA.15_1,0,0.39811723495281437
2020,09,ITA.16_1,0,0.381769652005669
2020,09,ITA.17_1,0,0.1818966284867012
2020,09,ITA.2_1,0,0.4001432111949166
2020,09,ITA.20_1,0.04921716495757462,0.16211737153355915
2020,09,ITA.5_1,0,0.391853032003291
2020,09,ITA.6_1,0,0.3757268251824213
2020,09,ITA.7_1,0,0.40218388064679333
2020,09,ITA.8_1,0,0.3798414312710216
