year,month,gid_1,est,se
2020,09,HUN.10_1,0.002908313989715191,-0.007826854149652306
2020,09,HUN.12_1,0.002881304347826087,-0.0077330960063354175
2020,09,HUN.13_1,0.0026463043478260864,-0.008833470267058366
2020,09,HUN.14_1,0.0033267240363799443,-0.006139602420895311
2020,09,HUN.16_1,0.004291304347826087,-0.001481323502619594
2020,09,HUN.17_1,0.002176304347826086,-0.0110909244214896
2020,09,HUN.19_1,0.003821304347826086,-0.003502828134211214
2020,09,HUN.2_1,0.011118375799862978,0.02106197245051518
2020,09,HUN.4_1,0.0024113043478260865,-0.009952463180702153
2020,09,HUN.5_1,-0.0013486956521739136,-0.03139640635905752
2020,09,HUN.8_1,0.003821304347826086,-0.003502828134211214
2020,09,ITA.10_1,0.0028061187040740315,-0.008237590331423182
2020,09,ITA.17_1,0.0017063043478260857,-0.013430002146716764
2020,09,ITA.20_1,0.00436372844908107,-0.001457239874226071
