year,month,gid_2,est,se
2021,10,ESP.1.1_1,0.841,0.36585906146062974
2021,10,ESP.1.2_1,0.756,0.42970763159228237
2021,10,ESP.1.3_1,0.129,0.33536766610911
2021,10,ESP.1.4_1,0.613,0.48730736549786363
2021,10,ESP.1.5_1,0.154,0.3611293596682696
2021,10,ESP.1.7_1,0.958,0.20068950215762726
2021,10,ESP.1.8_1,1,0
2021,10,ESP.10.1_1,0.992,0.08912880535463237
2021,10,ESP.10.2_1,0.75,0.4332293707583636
2021,10,ESP.10.3_1,0.605,0.48909530177074306
2021,10,ESP.11.1_1,0.128,0.3342569785774528
2021,10,ESP.11.2_1,0.12,0.3251241389157466
2021,10,ESP.12.1_1,0.091,0.28775302222878874
2021,10,ESP.12.2_1,0.044,0.20519772441746548
2021,10,ESP.12.4_1,0.042,0.20068950215762726
2021,10,ESP.13.1_1,0.869,0.33756918246924283
2021,10,ESP.14.1_1,0.323,0.46785669802824226
2021,10,ESP.14.2_1,0.114,0.31797028965786267
2021,10,ESP.16.2_1,0.731,0.4436618485241162
2021,10,ESP.16.3_1,0.051,0.22010780869257557
2021,10,ESP.17.1_1,0.369,0.48277538469983333
2021,10,ESP.18.1_1,0.942,0.2338604085575211
2021,10,ESP.2.1_1,0.305,0.4606378047741926
2021,10,ESP.2.3_1,0.597,0.4907461989988632
2021,10,ESP.3.1_1,0.002,0.04469897088298564
2021,10,ESP.4.2_1,0,0
2021,10,ESP.4.4_1,0.002,0.04469897088298564
2021,10,ESP.4.5_1,0.287,0.4525879316064844
2021,10,ESP.5.2_1,0.017,0.1293357171384909
2021,10,ESP.5.8_1,0.007,0.08341437500789632
2021,10,ESP.6.1_1,0.992,0.08912880535463237
2021,10,ESP.6.2_1,0.991,0.09448771310560929
2021,10,ESP.6.3_1,0.564,0.4961352135760474
2021,10,ESP.6.4_1,0.998,0.04469897088298564
2021,10,ESP.7.1_1,0.195,0.3963989557656934
2021,10,ESP.8.1_1,0.983,0.1293357171384909
2021,10,ESP.9.1_1,0.015,0.12161327966052798
