year,month,gid_2,est,se
2016,07,ESP.1.1_1,0.064,0.24487540497968344
2016,07,ESP.1.2_1,0.175,0.38015722999769386
2016,07,ESP.1.3_1,0.07,0.25527468571161765
2016,07,ESP.1.4_1,0.558,0.49687310541312546
2016,07,ESP.1.5_1,0,0.4936422618482768
2016,07,ESP.1.6_1,0.038,0.19129190414806527
2016,07,ESP.1.7_1,0.813,0.3901066305296325
2016,07,ESP.1.8_1,0.056,0.23003677296666486
2016,07,ESP.10.1_1,0.937,0.24308453280719053
2016,07,ESP.10.2_1,0.856,0.35126540875438816
2016,07,ESP.10.3_1,0.832,0.3740533597174552
2016,07,ESP.11.1_1,0,0.4988786223921405
2016,07,ESP.11.2_1,0,0.4961352135760474
2016,07,ESP.12.1_1,0,0.49687310541312546
2016,07,ESP.12.2_1,0,0.4997206426802086
2016,07,ESP.12.3_1,0,0.4996735671152454
2016,07,ESP.12.4_1,0,0.49934892545128134
2016,07,ESP.13.1_1,0.881,0.32395052700056526
2016,07,ESP.14.1_1,0,0.48993779098885504
2016,07,ESP.14.2_1,0,0.48973037054672836
2016,07,ESP.15.1_1,0.06,0.237605674293474
2016,07,ESP.16.1_1,0,0.498951854343636
2016,07,ESP.16.2_1,0.075,0.26352313834736496
2016,07,ESP.16.3_1,0.062,0.24127621974453722
2016,07,ESP.17.1_1,0,0.49880337288836046
2016,07,ESP.18.1_1,0.885,0.31918157352340515
2016,07,ESP.2.1_1,0.194,0.39562674393994207
2016,07,ESP.2.2_1,0.066,0.24840633185509925
2016,07,ESP.2.3_1,0.052,0.22213812222431642
2016,07,ESP.3.1_1,0,0.4995733915788286
2016,07,ESP.4.1_1,0.075,0.26352313834736496
2016,07,ESP.4.2_1,0,0.4936422618482768
2016,07,ESP.4.3_1,0.074,0.2619018758859749
2016,07,ESP.4.4_1,0,0.49412565219806204
2016,07,ESP.4.5_1,0.068,0.2518718710762269
2016,07,ESP.5.1_1,0,0.4988786223921405
2016,07,ESP.5.2_1,0,0.4973241712719495
2016,07,ESP.5.3_1,0,0.49872610491905045
2016,07,ESP.5.4_1,0,0.49839682924292306
2016,07,ESP.5.5_1,0,0.4961352135760474
2016,07,ESP.5.6_1,0,0.498951854343636
2016,07,ESP.5.7_1,0,0.4984821807090846
2016,07,ESP.5.8_1,0,0.4990230696310783
2016,07,ESP.5.9_1,0,0.4984821807090846
2016,07,ESP.6.1_1,0.937,0.24308453280719053
2016,07,ESP.6.2_1,0.861,0.3461196307619647
2016,07,ESP.6.3_1,0.613,0.48730736549786363
2016,07,ESP.6.4_1,0.706,0.45581988961844544
2016,07,ESP.8.1_1,0.206,0.4046328307586122
2016,07,ESP.9.1_1,0.07,0.25527468571161765
