year,month,gid_2,est,se
2016,07,ESP.10.1_1,1,0
2016,07,ESP.10.2_1,1,0
2016,07,ESP.10.3_1,0.999,0.03162277660168379
2016,07,ESP.18.1_1,1,0
2016,07,ESP.2.1_1,0.879,0.3262904618058356
2016,07,ESP.2.2_1,0.222,0.4157990967870047
2016,07,ESP.2.3_1,0.424,0.49443752736667196
2016,07,ESP.4.1_1,0.336,0.47257520811753057
2016,07,ESP.4.3_1,0.182,0.3860375953518323
2016,07,ESP.6.1_1,1,0
2016,07,ESP.6.2_1,1,0
2016,07,ESP.6.3_1,0.997,0.05471740119919799
2016,07,ESP.6.4_1,1,0
2016,07,FRA.11.11_1,0.461,0.49872610491905045
2016,07,FRA.11.6_1,0.389,0.48776727741507725
