year,month,gid_2,est,se
2016,07,ESP.1.1_1,0.157,0.3639828065767441
2016,07,ESP.1.2_1,0.349,0.4768924684102554
2016,07,ESP.1.3_1,0.171,0.3766973598273565
2016,07,ESP.1.4_1,0.672,0.46971974265154814
2016,07,ESP.1.5_1,0,0.4997657108743714
2016,07,ESP.1.6_1,0.181,0.38521083498181535
2016,07,ESP.1.7_1,0.918,0.27450200609713465
2016,07,ESP.1.8_1,0.162,0.36863517451796685
2016,07,ESP.10.1_1,0.996,0.06315051850925682
2016,07,ESP.10.2_1,0.955,0.20740785428237288
2016,07,ESP.10.3_1,0.96,0.19605723255834873
2016,07,ESP.11.1_1,0,0.4936422618482768
2016,07,ESP.11.2_1,0,0.4911376754192415
2016,07,ESP.12.1_1,0,0.49546390835709164
2016,07,ESP.12.2_1,0,0.49546390835709164
2016,07,ESP.12.3_1,0,0.49546390835709164
2016,07,ESP.12.4_1,0,0.49518098126261295
2016,07,ESP.13.1_1,0.973,0.162164414398774
2016,07,ESP.14.1_1,0,0.49261919742705285
2016,07,ESP.14.2_1,0,0.4933095928059319
2016,07,ESP.15.1_1,0,0.17872588772459053
2016,07,ESP.16.1_1,0,0.36863517451796685
2016,07,ESP.16.2_1,0.056,0.23003677296666486
2016,07,ESP.16.3_1,0.062,0.24127621974453722
2016,07,ESP.17.1_1,0,0.4933095928059319
2016,07,ESP.18.1_1,0.963,0.1888562063228706
2016,07,ESP.2.1_1,0.317,0.46554025360620294
2016,07,ESP.2.2_1,0.088,0.28343665312788385
2016,07,ESP.2.3_1,0.097,0.296105857217784
2016,07,ESP.3.1_1,0,0.4945903553645376
2016,07,ESP.4.1_1,0,0.17067257872642908
2016,07,ESP.4.2_1,0,0.2586172517116422
2016,07,ESP.4.3_1,0,0.16505527329729044
2016,07,ESP.4.4_1,0,0.2261307920985887
2016,07,ESP.4.5_1,0,0.15921478998305827
2016,07,ESP.5.1_1,0,0.48993779098885504
2016,07,ESP.5.2_1,0,0.49518098126261295
2016,07,ESP.5.3_1,0,0.49380547166252
2016,07,ESP.5.4_1,0,0.4924413655436538
2016,07,ESP.5.5_1,0,0.4901430813958718
2016,07,ESP.5.6_1,0,0.49396660110072527
2016,07,ESP.5.7_1,0,0.494741112874975
2016,07,ESP.5.8_1,0,0.49503642397409614
2016,07,ESP.5.9_1,0,0.4929685771101623
2016,07,ESP.6.1_1,1,0
2016,07,ESP.6.2_1,0.948,0.22213812222431645
2016,07,ESP.6.3_1,0.755,0.4303024054780082
2016,07,ESP.6.4_1,0.829,0.3766973598273565
2016,07,ESP.8.1_1,0.285,0.4516403203645341
2016,07,ESP.9.1_1,0,0.17340435135563662
