year,month,gid_2,est,se
2016,07,ESP.1.1_1,0.018,0.13301764429463367
2016,07,ESP.1.2_1,0.042,0.20068950215762726
2016,07,ESP.1.3_1,0.008,0.08912880535463237
2016,07,ESP.1.4_1,0.587,0.49261919742705285
2016,07,ESP.1.5_1,0,0.48707416400507353
2016,07,ESP.1.6_1,0.012,0.10893974420691407
2016,07,ESP.1.7_1,0.867,0.3397446488562056
2016,07,ESP.1.8_1,0.01,0.0995485304256668
2016,07,ESP.10.1_1,0.985,0.12161327966052798
2016,07,ESP.10.2_1,0.934,0.24840633185509925
2016,07,ESP.10.3_1,0.936,0.24487540497968344
2016,07,ESP.11.1_1,0,0.4929685771101623
2016,07,ESP.11.2_1,0,0.48993779098885504
2016,07,ESP.12.1_1,0,0.49226143594773025
2016,07,ESP.12.2_1,0,0.4957385972029581
2016,07,ESP.12.3_1,0,0.49261919742705285
2016,07,ESP.12.4_1,0,0.4929685771101623
2016,07,ESP.13.1_1,0.959,0.19838941090279583
2016,07,ESP.14.1_1,0,0.48707416400507353
2016,07,ESP.14.2_1,0,0.4882185549089233
2016,07,ESP.15.1_1,0.011,0.10435463521037237
2016,07,ESP.16.1_1,0,0.49518098126261295
2016,07,ESP.16.2_1,0.013,0.11333068359382575
2016,07,ESP.16.3_1,0.009,0.09448771310560929
2016,07,ESP.17.1_1,0,0.4961352135760474
2016,07,ESP.18.1_1,0.96,0.19605723255834873
2016,07,ESP.2.1_1,0.024,0.15312559370479986
2016,07,ESP.2.2_1,0.015,0.12161327966052798
2016,07,ESP.2.3_1,0.013,0.11333068359382575
2016,07,ESP.3.1_1,0,0.4958728565770563
2016,07,ESP.4.1_1,0.008,0.08912880535463237
2016,07,ESP.4.2_1,0,0.4905472827736758
2016,07,ESP.4.3_1,0.011,0.10435463521037237
2016,07,ESP.4.4_1,0,0.49488980179017217
2016,07,ESP.4.5_1,0.007,0.08341437500789632
2016,07,ESP.5.1_1,0,0.4979396991041626
2016,07,ESP.5.2_1,0,0.48776727741507725
2016,07,ESP.5.3_1,0,0.49189527438364455
2016,07,ESP.5.4_1,0,0.49261919742705285
2016,07,ESP.5.5_1,0,0.4936422618482768
2016,07,ESP.5.6_1,0,0.49380547166252
2016,07,ESP.5.7_1,0,0.49170903772228736
2016,07,ESP.5.8_1,0,0.48611964814468495
2016,07,ESP.5.9_1,0,0.4945903553645376
2016,07,ESP.6.1_1,0.982,0.13301764429463367
2016,07,ESP.6.2_1,0.872,0.3342569785774528
2016,07,ESP.6.3_1,0.344,0.475278749672116
2016,07,ESP.6.4_1,0.624,0.4846223879051182
2016,07,ESP.8.1_1,0.233,0.42295376802895357
2016,07,ESP.9.1_1,0.01,0.0995485304256668
