year,month,gid_2,est,se
2016,07,ESP.1.1_1,0.053,0.22414558046332575
2016,07,ESP.1.2_1,0.17,0.3758207567993567
2016,07,ESP.1.3_1,0.054,0.2261307920985887
2016,07,ESP.1.4_1,0.588,0.4924413655436538
2016,07,ESP.1.5_1,0,0.49864681754589457
2016,07,ESP.1.6_1,0.06,0.237605674293474
2016,07,ESP.1.7_1,0.812,0.39090767299812473
2016,07,ESP.1.8_1,0.055,0.22809433799861634
2016,07,ESP.10.1_1,0.915,0.2790212408632233
2016,07,ESP.10.2_1,0.843,0.3639828065767441
2016,07,ESP.10.3_1,0.847,0.3601676286407771
2016,07,ESP.11.1_1,0,0.4990922691177385
2016,07,ESP.11.2_1,0,0.499624483612067
2016,07,ESP.12.1_1,0,0.4992246240173107
2016,07,ESP.12.2_1,0,0.4983094543677777
2016,07,ESP.12.3_1,0,0.4997657108743714
2016,07,ESP.12.4_1,0,0.4990230696310783
2016,07,ESP.13.1_1,0.89,0.31304631925323445
2016,07,ESP.14.1_1,0,0.4905472827736758
2016,07,ESP.14.2_1,0,0.49380547166252
2016,07,ESP.15.1_1,0.061,0.239450070654273
2016,07,ESP.16.1_1,0,0.4976410821532389
2016,07,ESP.16.2_1,0.058,0.2338604085575211
2016,07,ESP.16.3_1,0.07,0.25527468571161765
2016,07,ESP.17.1_1,0,0.4963893657225167
2016,07,ESP.18.1_1,0.873,0.33313958333104454
2016,07,ESP.2.1_1,0.201,0.40094857495663927
2016,07,ESP.2.2_1,0.059,0.23574260237507894
2016,07,ESP.2.3_1,0.071,0.25695335184625445
2016,07,ESP.3.1_1,0,0.4998498272980094
2016,07,ESP.4.1_1,0.053,0.22414558046332575
2016,07,ESP.4.2_1,0,0.49710271686152663
2016,07,ESP.4.3_1,0.052,0.22213812222431642
2016,07,ESP.4.4_1,0,0.4992246240173107
2016,07,ESP.4.5_1,0.063,0.24308453280719053
2016,07,ESP.5.1_1,0,0.5002011607355596
2016,07,ESP.5.2_1,0,0.498951854343636
2016,07,ESP.5.3_1,0,0.4997206426802086
2016,07,ESP.5.4_1,0,0.49864681754589457
2016,07,ESP.5.5_1,0,0.4979396991041626
2016,07,ESP.5.6_1,0,0.49864681754589457
2016,07,ESP.5.7_1,0,0.4973241712719495
2016,07,ESP.5.8_1,0,0.4992877810324305
2016,07,ESP.5.9_1,0,0.4976410821532389
2016,07,ESP.6.1_1,0.939,0.239450070654273
2016,07,ESP.6.2_1,0.848,0.3592005359475749
2016,07,ESP.6.3_1,0.575,0.4945903553645376
2016,07,ESP.6.4_1,0.688,0.46354166034011535
2016,07,ESP.7.1_1,0,0.49663532561291557
2016,07,ESP.7.2_1,0,0.494741112874975
2016,07,ESP.8.1_1,0.184,0.387678080750375
2016,07,ESP.9.1_1,0.058,0.2338604085575211
