ID_1,est,se
ESP.1_1,0.09301668526606088,0.10858409539798516
ESP.10_1,0.043406464000000033,0.1178115829698165
ESP.11_1,0.03175300000000003,0.1249618601153046
ESP.12_1,0.017923000000000022,0.046942252554567174
ESP.13_1,0.019000000000000017,0.13659303663678343
ESP.14_1,0.011963999999999975,0.07726558075864033
ESP.15_1,0.014000000000000012,0.11754921445002436
ESP.16_1,0.02188000000000001,0.06949609154419363
ESP.17_1,0.018000000000000016,0.13301764429463367
ESP.18_1,0.013000000000000012,0.11333068359382575
ESP.2_1,0.023859999999999992,0.07236591495856372
ESP.3_1,0.020000000000000018,0.14007005254378832
ESP.4_1,0.054000120000000096,0.08048468279538258
ESP.5_1,0.051966971200000045,0.05062660400721622
ESP.6_1,0.06155750067400001,0.12335852779387932
ESP.7_1,0.09299999999999997,0.1452888807130775
ESP.8_1,0.010000000000000009,0.0995485304256668
ESP.9_1,0,0
