year,month,gid_1,est,se
2019,11,ESP.10_1,0.009,0.1890640174979134
2019,11,ESP.2_1,9.042920026691815e-4,0.0404398711411269
2019,11,ESP.6_1,0.005979210919545853,0.1256059597685258
