ID_0,est,se
ALB,0.999999999937013,0.24904542061094875
ARE,0.365,0.4816710568500115
AUT,0.9970453229254351,0.14861318962327102
BEL,0.6029670801679834,0.14129924309860262
BGR,0.0010000000000000009,0.007905694150420948
CHE,0.973666234828,0.49044469048601746
CHN,0,0
COL,0.128,0.3342569785774528
CZE,0.08515000000000006,0.2034551038855077
DEU,0.9999306212924387,0.33713193615165343
DNK,0.748,0.4343785039394614
ESP,0.9787855604261945,0.02891480827406305
FRA,0.9574567627994384,0.20416380972564352
GBR,0.028000000000000025,0.16505527329729044
GMB,0.93,0.25527468571161765
GRC,0.10114141600000004,0.12928011062454753
HRV,0.998554033192,0.3232516182534612
HUN,0.9999998524873893,0.08056151342789043
IND,0.011955053999999965,0.026671483308148045
IRN,0.0010000000000000009,0.03162277660168379
ITA,1,0.16901877036929938
MAR,0.316009,0.28740543582261746
MEX,0.65067006,0.2136669814283549
NLD,1,0.34351122577821697
PAK,0,0
PER,0.0040000000000000036,0.02105017283641894
POL,0.03600000000000003,0.18638331132035063
PRT,0.9999997199948918,0.24671167746337294
ROU,0.641359,0.17052333753573845
RUS,0,0
SAU,0.14900000000000002,0.3562666500332664
SRB,0.987475114,0.32270321368497906
SVN,0,0
TUR,0.9999754540976218,0.29409227079832406
USA,0,0
UZB,0.999,0.03162277660168379
XKO,0.675126538094,0.2893257157940934
