year,month,gid_2,est,se
2022,11,ESP.10.1_1,0.549,0.8244634848633419
2022,11,ESP.10.2_1,0.01836133070772195,0.20284262507319104
2022,11,ESP.10.3_1,0.08724080949589419,0.32400047769062246
2022,11,ESP.15.1_1,0.005153077903848073,0.1204454029433311
2022,11,ESP.18.1_1,0.076607484047895,0.30576236589249406
2022,11,ESP.2.1_1,0.018019302353449947,0.12496363318464712
2022,11,ESP.2.2_1,0.17059041020839597,0.3050153852490618
2022,11,ESP.2.3_1,0.0030694754027990653,0.05060328810012391
2022,11,ESP.4.1_1,0.005409030852594118,0.07521264829341141
2022,11,ESP.4.3_1,0.004568912701300657,0.06353079386142162
2022,11,ESP.6.1_1,0.1314795888373389,0.4469000320921806
2022,11,ESP.6.2_1,0.11861438205220776,0.4996212251383873
2022,11,ESP.6.3_1,0.08831840366213853,0.28817402137632564
2022,11,ESP.6.4_1,0.016260785851541316,0.19359592700124995
2022,11,ESP.9.1_1,0.04167899828499677,0.22804594219302746
2022,11,FRA.10.11_1,0.0832829140194925,0.36179133099666344
2022,11,FRA.11.11_1,0.018750944128566743,0.25176340755720117
2022,11,FRA.11.6_1,0.008687989272501577,0.1364954145136605
