year,month,gid_2,est,se
2022,11,ESP.10.1_1,0.544,0.4983094543677777
2022,11,ESP.10.2_1,0.359,0.4799472360055315
2022,11,ESP.10.3_1,0.633,0.48222768848702946
2022,11,ESP.18.1_1,0.725,0.4467377022085494
2022,11,ESP.2.1_1,0.164,0.3704608498090469
2022,11,ESP.2.2_1,0.24,0.42729683193604723
2022,11,ESP.2.3_1,0.14,0.3471606552023436
2022,11,ESP.4.1_1,0.254,0.43551541152257023
2022,11,ESP.4.3_1,0.167,0.3731624984510773
2022,11,ESP.6.1_1,0.782,0.4130939925085411
2022,11,ESP.6.2_1,0.523,0.4997206426802086
2022,11,ESP.6.3_1,0.704,0.45671938057476014
2022,11,ESP.6.4_1,0.173,0.37843653921656956
2022,11,FRA.11.11_1,0.359,0.4799472360055315
2022,11,FRA.11.6_1,0.291,0.45445079549443584
