year,month,gid_2,est,se
2022,11,ESP.1.1_1,0.003,0.05471740119919799
2022,11,ESP.1.2_1,0.009,0.09448771310560929
2022,11,ESP.1.3_1,0.059,0.23574260237507894
2022,11,ESP.1.4_1,0.363,0.4811054587743341
2022,11,ESP.1.5_1,0,0.3227695465501356
2022,11,ESP.1.6_1,0.002,0.04469897088298564
2022,11,ESP.1.7_1,0.414,0.4927949338688932
2022,11,ESP.1.8_1,0.041,0.19838941090279583
2022,11,ESP.10.1_1,0.176,0.3810107205436209
2022,11,ESP.10.2_1,0.066,0.24840633185509925
2022,11,ESP.10.3_1,0.062,0.24127621974453722
2022,11,ESP.11.1_1,0,0.3471606552023436
2022,11,ESP.11.2_1,0,0.33647171235218754
2022,11,ESP.12.1_1,0,0.30541328929383094
2022,11,ESP.12.2_1,0,0.30926792049394103
2022,11,ESP.12.3_1,0,0.3117951510466707
2022,11,ESP.12.4_1,0,0.32974646735443996
2022,11,ESP.13.1_1,0.066,0.24840633185509925
2022,11,ESP.14.1_1,0,0.3917045218432287
2022,11,ESP.14.2_1,0,0.3917045218432287
2022,11,ESP.15.1_1,0,0
2022,11,ESP.16.1_1,0,0.3067068128833611
2022,11,ESP.16.2_1,0.022,0.1467567291047928
2022,11,ESP.16.3_1,0.003,0.05471740119919799
2022,11,ESP.17.1_1,0,0.31304631925323445
2022,11,ESP.18.1_1,0.088,0.28343665312788385
2022,11,ESP.2.1_1,0.01,0.0995485304256668
2022,11,ESP.2.2_1,0.067,0.25014710386805117
2022,11,ESP.2.3_1,0.004,0.06315051850925682
2022,11,ESP.3.1_1,0,0.29746341705239066
2022,11,ESP.4.1_1,0.003,0.05471740119919799
2022,11,ESP.4.2_1,0,0.3440194025768741
2022,11,ESP.4.3_1,0.003,0.05471740119919799
2022,11,ESP.4.4_1,0,0.3155242550986462
2022,11,ESP.4.5_1,0.003,0.05471740119919799
2022,11,ESP.5.1_1,0,0.3227695465501356
2022,11,ESP.5.2_1,0,0.33536766610911
2022,11,ESP.5.3_1,0,0.31918157352340515
2022,11,ESP.5.4_1,0,0.3117951510466707
2022,11,ESP.5.5_1,0,0.3386601403925338
2022,11,ESP.5.6_1,0,0.31304631925323445
2022,11,ESP.5.7_1,0,0.32744957355785825
2022,11,ESP.5.8_1,0,0.32158111638343195
2022,11,ESP.5.9_1,0,0.32860155048170264
2022,11,ESP.6.1_1,0.051,0.22010780869257557
2022,11,ESP.6.2_1,0.073,0.2602666685127751
2022,11,ESP.6.3_1,0.064,0.24487540497968344
2022,11,ESP.6.4_1,0.048,0.21387319079712103
2022,11,ESP.7.1_1,0,0.35725009115132167
2022,11,ESP.7.2_1,0,0.34819569244928955
2022,11,ESP.8.1_1,0.002,0.04469897088298564
2022,11,ESP.9.1_1,0.01,0.0995485304256668
