year,month,gid_2,est,se
2022,11,ESP.10.1_1,1,0
2022,11,ESP.10.2_1,0.593,0.49152069396170145
2022,11,ESP.10.3_1,0.993,0.08341437500789632
