ID_0,est,se
ESP,0.3583731211203993,0.07409200688750989
