year,month,gid_3,est,se
2021,11,ESP.10.1.1_1,0.149,0.3562666500332664
2021,11,ESP.10.1.4_1,0.634,0.4819504915199032
2021,11,ESP.10.1.6_1,0.64,0.48024018015013137
2021,11,ESP.10.1.7_1,0.354,0.4784484433174727
2021,11,ESP.10.1.9_1,0.01,0.0995485304256668
2021,11,ESP.10.2.5_1,0.947,0.22414558046332575
2021,11,ESP.10.2.7_1,0.096,0.2947386484173239
2021,11,ESP.10.2.8_1,0.07,0.25527468571161765
2021,11,ESP.10.3.1_1,0.047,0.21174474216810163
2021,11,ESP.10.3.13_1,0.086,0.28050433629924987
2021,11,ESP.10.3.4_1,0.368,0.4825026516080599
2021,11,ESP.10.3.7_1,0.525,0.499624483612067
2021,11,ESP.10.3.8_1,0.115,0.31918157352340515
