year,month,gid_3,est,se
2021,11,ESP.10.1.1_1,0.23,0.4210430824479572
2021,11,ESP.10.1.4_1,0.688,0.46354166034011535
2021,11,ESP.10.1.6_1,0.748,0.4343785039394614
2021,11,ESP.10.1.7_1,0.58,0.49380547166252
2021,11,ESP.10.1.9_1,0.004,0.06315051850925682
2021,11,ESP.10.2.5_1,0.985,0.12161327966052798
2021,11,ESP.10.2.7_1,0.098,0.29746341705239066
2021,11,ESP.10.2.8_1,0.099,0.2988114594326802
2021,11,ESP.10.3.1_1,0.02,0.14007005254378832
2021,11,ESP.10.3.13_1,0.158,0.36492351139542817
2021,11,ESP.10.3.4_1,0.217,0.4124088760939574
2021,11,ESP.10.3.7_1,0.775,0.4177912750998392
2021,11,ESP.10.3.8_1,0.176,0.3810107205436209
