year,month,gid_2,est,se
2016,02,ESP.1.1_1,0.01,0.0995485304256668
2016,02,ESP.1.2_1,0.031,0.17340435135563662
2016,02,ESP.1.3_1,0.016,0.12553788177183714
2016,02,ESP.1.4_1,0.182,0.3860375953518323
2016,02,ESP.1.5_1,0,0.4130939925085411
2016,02,ESP.1.6_1,0.005,0.07056897321046962
2016,02,ESP.1.7_1,0.427,0.49488980179017217
2016,02,ESP.1.8_1,0.014,0.11754921445002436
2016,02,ESP.10.1_1,0.666,0.47187568984497036
2016,02,ESP.10.2_1,0.421,0.49396660110072527
2016,02,ESP.10.3_1,0.431,0.49546390835709164
2016,02,ESP.11.1_1,0,0.4067978422810088
2016,02,ESP.11.2_1,0,0.42232020358296185
2016,02,ESP.12.1_1,0,0.41910219117375974
2016,02,ESP.12.2_1,0,0.41033202698835536
2016,02,ESP.12.3_1,0,0.40020015012510946
2016,02,ESP.12.4_1,0,0.4082225442643334
2016,02,ESP.13.1_1,0.539,0.49872610491905045
2016,02,ESP.14.1_1,0,0.4399426662072566
2016,02,ESP.14.2_1,0,0.4210430824479572
2016,02,ESP.15.1_1,0.007,0.08341437500789632
2016,02,ESP.16.1_1,0,0.41646661864361284
2016,02,ESP.16.2_1,0.008,0.08912880535463237
2016,02,ESP.16.3_1,0.005,0.07056897321046962
2016,02,ESP.17.1_1,0,0.39090767299812473
2016,02,ESP.18.1_1,0.553,0.4974318430081034
2016,02,ESP.2.1_1,0.031,0.17340435135563662
2016,02,ESP.2.2_1,0.006,0.07726558075864033
2016,02,ESP.2.3_1,0.015,0.12161327966052798
2016,02,ESP.3.1_1,0,0.40169311340544206
2016,02,ESP.4.1_1,0.007,0.08341437500789632
2016,02,ESP.4.2_1,0,0.4197525368502163
2016,02,ESP.4.3_1,0.011,0.10435463521037237
2016,02,ESP.4.4_1,0,0.42168331341993703
2016,02,ESP.4.5_1,0.012,0.10893974420691407
2016,02,ESP.5.1_1,0,0.4210430824479572
2016,02,ESP.5.2_1,0,0.4197525368502163
2016,02,ESP.5.3_1,0,0.4130939925085411
2016,02,ESP.5.4_1,0,0.4124088760939574
2016,02,ESP.5.5_1,0,0.41844844258175834
2016,02,ESP.5.6_1,0,0.402433787041984
2016,02,ESP.5.7_1,0,0.41512809027013736
2016,02,ESP.5.8_1,0,0.40317061716666125
2016,02,ESP.5.9_1,0,0.42168331341993703
2016,02,ESP.6.1_1,0.654,0.4759312035478558
2016,02,ESP.6.2_1,0.407,0.49152069396170145
2016,02,ESP.6.3_1,0.191,0.3932857404911519
2016,02,ESP.6.4_1,0.235,0.42421097929562707
2016,02,ESP.7.1_1,0,0.42168331341993703
2016,02,ESP.7.2_1,0,0.40751204407485436
2016,02,ESP.8.1_1,0.043,0.2029585972364615
2016,02,ESP.9.1_1,0.008,0.08912880535463237
