ID_0,est,se
ESP,0.9979926744371687,0.08428952334846336
