year,month,gid_2,est,se
2022,05,ESP.1.1_1,0,0.12553788177183714
2022,05,ESP.1.2_1,0,0.4606378047741926
2022,05,ESP.1.3_1,0.682,0.46593249842986173
2022,05,ESP.1.4_1,0.999,0.03162277660168379
2022,05,ESP.1.5_1,0,0.49443752736667196
2022,05,ESP.1.6_1,0,0.15312559370479986
2022,05,ESP.1.7_1,1,0
2022,05,ESP.1.8_1,0.808,0.39407016036651554
2022,05,ESP.10.1_1,0.998,0.04469897088298564
2022,05,ESP.10.2_1,0.977,0.1499783100768024
2022,05,ESP.10.3_1,0.962,0.19129190414806527
2022,05,ESP.11.1_1,0,0.4927949338688932
2022,05,ESP.11.2_1,0,0.4907461989988632
2022,05,ESP.12.1_1,0,0.48776727741507725
2022,05,ESP.12.2_1,0,0.49396660110072527
2022,05,ESP.12.4_1,0,0.49261919742705285
2022,05,ESP.13.1_1,0.978,0.1467567291047928
2022,05,ESP.14.1_1,0,0.48753840227585526
2022,05,ESP.15.1_1,0,0.13301764429463367
2022,05,ESP.16.1_1,0,0.4920794063381866
2022,05,ESP.16.2_1,0,0.4888793337859589
2022,05,ESP.16.3_1,0,0.12553788177183714
2022,05,ESP.17.1_1,0,0.4913302406787164
2022,05,ESP.18.1_1,0.918,0.27450200609713465
2022,05,ESP.2.1_1,0.32,0.46670956473787617
2022,05,ESP.2.2_1,0.729,0.4446985009607709
2022,05,ESP.2.3_1,0,0.12553788177183714
2022,05,ESP.3.1_1,0,0.4833141758655467
2022,05,ESP.4.1_1,0,0.1499783100768024
2022,05,ESP.4.2_1,0,0.4924413655436538
2022,05,ESP.4.4_1,0,0.49380547166252
2022,05,ESP.4.5_1,0,0.14007005254378832
2022,05,ESP.5.2_1,0,0.48909530177074306
2022,05,ESP.5.3_1,0,0.49261919742705285
2022,05,ESP.5.5_1,0,0.49503642397409614
2022,05,ESP.5.6_1,0,0.49170903772228736
2022,05,ESP.5.7_1,0,0.49488980179017217
2022,05,ESP.5.8_1,0,0.4909429956981004
2022,05,ESP.6.1_1,0.947,0.22414558046332575
2022,05,ESP.6.2_1,1,0
2022,05,ESP.6.3_1,1,0
2022,05,ESP.6.4_1,0.961,0.19369180807797864
2022,05,ESP.7.2_1,0,0.4903462444430868
2022,05,ESP.8.1_1,0,0.14345584540052586
2022,05,ESP.9.1_1,0,0.46554025360620294
