year,month,gid_2,est,se
2022,05,ESP.10.1_1,0.906,0.29197474077263813
2022,05,ESP.10.2_1,0.861,0.3461196307619647
2022,05,ESP.10.3_1,0.871,0.33536766610911
2022,05,ESP.18.1_1,0.983,0.1293357171384909
2022,05,ESP.2.1_1,0.132,0.3386601403925338
2022,05,ESP.2.2_1,0.123,0.32860155048170264
2022,05,ESP.2.3_1,0.146,0.3532829019480122
2022,05,ESP.4.1_1,0.134,0.3408227694273963
2022,05,ESP.4.3_1,0.071,0.25695335184625445
2022,05,ESP.6.1_1,0.977,0.1499783100768024
2022,05,ESP.6.2_1,0.953,0.21174474216810163
2022,05,ESP.6.3_1,0.814,0.3893013685508382
2022,05,ESP.6.4_1,0.806,0.39562674393994207
2022,05,FRA.11.11_1,0.238,0.42607222103481185
2022,05,FRA.11.6_1,0.237,0.4254550646214145
