year,month,gid_2,est,se
2022,05,ESP.1.1_1,0.025,0.15620307103062794
2022,05,ESP.1.2_1,0.304,0.4602127723084137
2022,05,ESP.1.3_1,0.686,0.4643485970901814
2022,05,ESP.1.4_1,1,0
2022,05,ESP.1.5_1,0,0.4888793337859589
2022,05,ESP.1.6_1,0.026,0.15921478998305827
2022,05,ESP.1.7_1,1,0
2022,05,ESP.1.8_1,0.816,0.387678080750375
2022,05,ESP.10.1_1,0.999,0.03162277660168379
2022,05,ESP.10.2_1,0.98,0.14007005254378832
2022,05,ESP.10.3_1,0.98,0.14007005254378832
2022,05,ESP.11.1_1,0,0.4903462444430868
2022,05,ESP.11.2_1,0,0.49226143594773025
2022,05,ESP.12.1_1,0,0.49503642397409614
2022,05,ESP.12.2_1,0,0.48410573055723927
2022,05,ESP.12.4_1,0,0.4920794063381866
2022,05,ESP.13.1_1,0.977,0.1499783100768024
2022,05,ESP.14.1_1,0,0.48304589153964794
2022,05,ESP.14.2_1,0,0.4879939939570344
2022,05,ESP.15.1_1,0.017,0.1293357171384909
2022,05,ESP.16.1_1,0,0.4976410821532389
2022,05,ESP.16.2_1,0.602,0.48973037054672836
2022,05,ESP.16.3_1,0.02,0.14007005254378832
2022,05,ESP.17.1_1,0,0.4907461989988632
2022,05,ESP.18.1_1,0.928,0.2586172517116422
2022,05,ESP.2.1_1,0.319,0.4663222667388471
2022,05,ESP.2.2_1,0.736,0.4410198391212106
2022,05,ESP.2.3_1,0.015,0.12161327966052798
2022,05,ESP.3.1_1,0,0.49396660110072527
2022,05,ESP.4.1_1,0.024,0.15312559370479986
2022,05,ESP.4.2_1,0,0.49380547166252
2022,05,ESP.4.4_1,0,0.49396660110072527
2022,05,ESP.4.5_1,0.018,0.13301764429463367
2022,05,ESP.5.2_1,0,0.49261919742705285
2022,05,ESP.5.3_1,0,0.4961352135760474
2022,05,ESP.5.5_1,0,0.4927949338688932
2022,05,ESP.5.6_1,0,0.49710271686152663
2022,05,ESP.5.7_1,0,0.4961352135760474
2022,05,ESP.5.8_1,0,0.49687310541312546
2022,05,ESP.6.1_1,0.924,0.26513071171460745
2022,05,ESP.6.2_1,0.993,0.08341437500789632
2022,05,ESP.6.3_1,0.996,0.06315051850925682
2022,05,ESP.6.4_1,0.949,0.22010780869257557
2022,05,ESP.7.2_1,0,0.49314012936201734
2022,05,ESP.8.1_1,0.016,0.12553788177183714
2022,05,ESP.9.1_1,0.312,0.46354166034011535
