year,month,gid_2,est,se
2022,05,ESP.10.1_1,0.995,0.07056897321046962
2022,05,ESP.10.2_1,0.743,0.43719805825522845
2022,05,ESP.10.3_1,0.984,0.12553788177183714
