year,month,gid_2,est,se
2022,05,ESP.1.1_1,0.072,0.2586172517116422
2022,05,ESP.1.2_1,0.205,0.403903624814309
2022,05,ESP.1.3_1,0.513,0.5000810745080052
2022,05,ESP.1.4_1,0.869,0.33756918246924283
2022,05,ESP.1.5_1,0,0.49488980179017217
2022,05,ESP.1.6_1,0.083,0.2760202658994212
2022,05,ESP.1.7_1,0.928,0.2586172517116422
2022,05,ESP.1.8_1,0.498,0.5002461856388775
2022,05,ESP.10.1_1,0.757,0.4291097005838194
2022,05,ESP.10.2_1,0.608,0.4884409632438444
2022,05,ESP.10.3_1,0.597,0.4907461989988632
2022,05,ESP.11.1_1,0,0.4963893657225167
2022,05,ESP.11.2_1,0,0.4961352135760474
2022,05,ESP.12.1_1,0,0.5002411830719671
2022,05,ESP.12.2_1,0,0.5002501876563868
2022,05,ESP.12.4_1,0,0.49872610491905045
2022,05,ESP.13.1_1,0.591,0.49189527438364455
2022,05,ESP.14.1_1,0,0.49396660110072527
2022,05,ESP.15.1_1,0.057,0.2319586273558386
2022,05,ESP.16.1_1,0,0.49880337288836046
2022,05,ESP.16.2_1,0.36,0.48024018015013137
2022,05,ESP.16.3_1,0.069,0.2535809600567505
2022,05,ESP.17.1_1,0,0.49812863010685515
2022,05,ESP.18.1_1,0.647,0.4781418404821101
2022,05,ESP.2.1_1,0.367,0.48222768848702946
2022,05,ESP.2.2_1,0.555,0.49721446300587663
2022,05,ESP.2.3_1,0.065,0.24664921616708177
2022,05,ESP.3.1_1,0,0.4998498272980094
2022,05,ESP.4.1_1,0.082,0.27450200609713465
2022,05,ESP.4.2_1,0,0.4973241712719495
2022,05,ESP.4.4_1,0,0.4995733915788286
2022,05,ESP.4.5_1,0.076,0.26513071171460745
2022,05,ESP.5.2_1,0,0.49839682924292306
2022,05,ESP.5.3_1,0,0.4992246240173107
2022,05,ESP.5.5_1,0,0.49915945364198017
2022,05,ESP.5.6_1,0,0.49915945364198017
2022,05,ESP.5.7_1,0,0.4983094543677777
2022,05,ESP.5.8_1,0,0.49864681754589457
2022,05,ESP.6.1_1,0.659,0.4742825570732535
2022,05,ESP.6.2_1,0.686,0.4643485970901814
2022,05,ESP.6.3_1,0.693,0.46148018805140917
2022,05,ESP.6.4_1,0.527,0.4995202903992194
2022,05,ESP.7.2_1,0,0.49560228169533443
2022,05,ESP.8.1_1,0.073,0.2602666685127751
2022,05,ESP.9.1_1,0.273,0.4457237593730782
