year,month,gid_3,est,se
2014,04,ESP.10.1.1_1,0.212,0.40892936214366316
2014,04,ESP.10.1.2_1,0.011,0.10435463521037237
2014,04,ESP.10.1.3_1,0.002,0.04469897088298564
2014,04,ESP.10.1.4_1,0.603,0.4895208173618673
2014,04,ESP.10.1.5_1,0.37,0.48304589153964794
2014,04,ESP.10.1.6_1,0.287,0.4525879316064844
2014,04,ESP.10.1.7_1,1,0
2014,04,ESP.10.1.8_1,0,0
2014,04,ESP.10.1.8_1,0,0
2014,04,ESP.10.1.8_1,0,0
2014,04,ESP.10.1.8_1,0,0
2014,04,ESP.10.1.9_1,0,0
2014,04,ESP.10.1.9_1,0,0
2014,04,ESP.10.1.9_1,0,0
2014,04,ESP.10.2.1_1,0.013,0.11333068359382575
2014,04,ESP.10.2.2_1,0.609,0.4882185549089233
2014,04,ESP.10.2.3_1,0.363,0.4811054587743341
2014,04,ESP.10.2.5_1,0.091,0.28775302222878874
2014,04,ESP.10.2.7_1,0.294,0.45581988961844544
2014,04,ESP.10.2.8_1,0.117,0.32158111638343195
2014,04,ESP.10.3.1_1,0.831,0.3749394345485409
2014,04,ESP.10.3.10_1,0.998,0.04469897088298564
2014,04,ESP.10.3.11_1,0.963,0.1888562063228706
2014,04,ESP.10.3.12_1,0.006,0.07726558075864033
2014,04,ESP.10.3.13_1,0.561,0.49651336892930237
2014,04,ESP.10.3.14_1,0.012,0.10893974420691407
2014,04,ESP.10.3.16_1,0.443,0.49698893146427114
2014,04,ESP.10.3.17_1,0.783,0.4124088760939574
2014,04,ESP.10.3.18_1,0.24,0.42729683193604723
2014,04,ESP.10.3.2_1,0.084,0.2775266131761439
2014,04,ESP.10.3.3_1,0.013,0.11333068359382575
2014,04,ESP.10.3.4_1,0,0
2014,04,ESP.10.3.5_1,0.165,0.37136627864268035
2014,04,ESP.10.3.6_1,0.002,0.04469897088298564
2014,04,ESP.10.3.7_1,0.918,0.27450200609713465
2014,04,ESP.10.3.8_1,0.93,0.25527468571161765
2014,04,ESP.10.3.9_1,0.813,0.3901066305296325
