year,month,gid_2,est,se
2015,11,ESP.10.1_1,0.0035712487464706786,0.1012628498939485
2015,11,ESP.10.2_1,0,0
2015,11,ESP.10.3_1,0.005161362872117911,0.08794204651597183
2015,11,ESP.15.1_1,9.201461502291591e-4,0.05226006298891837
2015,11,ESP.18.1_1,0.0018611182406552216,0.05277205549588466
2015,11,ESP.2.1_1,2.979231988057143e-4,0.016920665409043065
2015,11,ESP.2.2_1,6.593298578102306e-4,0.026465700127420562
2015,11,ESP.2.3_1,0,0
2015,11,ESP.4.1_1,6.898926661409989e-4,0.02769250050776487
2015,11,ESP.4.3_1,2.9137006709382024e-4,0.01654847771260705
2015,11,ESP.4.4_1,0.0011937004801277473,0.03910323533313581
2015,11,ESP.5.7_1,0,0
2015,11,ESP.6.1_1,0.0036683306001705222,0.0848430762638861
2015,11,ESP.6.2_1,0.0023709037120373568,0.07766605387817252
2015,11,ESP.6.3_1,0,0
2015,11,ESP.6.4_1,0.005348673389771257,0.11447273379062527
2015,11,ESP.9.1_1,0.0017719770283267653,0.050244454131711476
2015,11,FRA.10.11_1,0.002927401597387184,0.07420603297247194
2015,11,FRA.11.11_1,0,0
2015,11,FRA.11.6_1,0.00282063370897927,0.07997914123468745
2015,11,FRA.11.7_1,0.06106875372655897,0.4305437677415265
