year,month,gid_2,est,se
2020,04,ESP.1.1_1,0,0.37226681638655706
2020,04,ESP.1.2_1,0,0.3749394345485409
2020,04,ESP.1.4_1,0,0.38270414482007176
2020,04,ESP.1.7_1,0,0.37843653921656956
2020,04,ESP.1.8_1,0,0.3758207567993567
2020,04,ESP.10.1_1,0,0.3868600013708585
2020,04,ESP.10.2_1,0,0.3758207567993567
2020,04,ESP.10.3_1,0,0.3639828065767441
2020,04,ESP.11.1_1,0,0.36585906146062974
2020,04,ESP.11.2_1,0,0.35126540875438816
2020,04,ESP.12.3_1,0,0.3749394345485409
2020,04,ESP.12.4_1,0,0.3677148544921924
2020,04,ESP.13.1_1,0,0.3552776691859794
2020,04,ESP.14.2_1,0,0.3749394345485409
2020,04,ESP.15.1_1,0,0.3740533597174552
2020,04,ESP.16.1_1,0,0.21387319079712103
2020,04,ESP.16.2_1,0.071,0.25695335184625445
2020,04,ESP.17.1_1,0.304,0.4602127723084137
2020,04,ESP.18.1_1,0,0.35725009115132167
2020,04,ESP.2.3_1,0,0.366789496216201
2020,04,ESP.3.1_1,0,0.2619018758859749
2020,04,ESP.4.1_1,0,0.37226681638655706
2020,04,ESP.4.5_1,0,0.3810107205436209
2020,04,ESP.5.4_1,0,0.3532829019480122
2020,04,ESP.5.5_1,0,0.3471606552023436
2020,04,ESP.5.9_1,0,0.362085771753194
2020,04,ESP.6.1_1,0,0.36955049393495276
2020,04,ESP.6.2_1,0,0.36955049393495276
2020,04,ESP.6.3_1,0,0.3758207567993567
2020,04,ESP.6.4_1,0,0.38354413840665863
2020,04,ESP.8.1_1,0,0.37136627864268035
2020,04,ESP.9.1_1,0,0.3704608498090469
