year,month,gid_4,est,se
2020,02,HUN.10.2_1,0.157,0.3639828065767441
2020,02,HUN.10.4_1,0.15,0.35725009115132167
2020,02,HUN.10.6_1,0.142,0.34922479573758497
2020,02,HUN.12.1_1,0.134,0.3408227694273963
2020,02,HUN.13.3_1,0.189,0.3917045218432287
2020,02,HUN.14.11_1,0.115,0.31918157352340515
2020,02,HUN.14.12_1,0.161,0.3677148544921924
2020,02,HUN.14.14_1,0.165,0.37136627864268035
2020,02,HUN.14.15_1,0.148,0.3552776691859794
2020,02,HUN.14.2_1,0.125,0.33088439746304826
2020,02,HUN.14.4_1,0.129,0.33536766610911
2020,02,HUN.14.5_1,0.109,0.3117951510466707
2020,02,HUN.14.6_1,0.128,0.3342569785774528
2020,02,HUN.14.7_1,0.132,0.3386601403925338
2020,02,HUN.14.8_1,0.118,0.3227695465501356
2020,02,HUN.14.9_1,0.136,0.3429600875052688
2020,02,HUN.16.9_1,0.193,0.39485048677557294
2020,02,HUN.17.2_1,0.174,0.37929917989348183
2020,02,HUN.19.8_1,0.129,0.33536766610911
2020,02,HUN.2.1_1,0.183,0.3868600013708585
2020,02,HUN.2.3_1,0.213,0.40963251677424095
2020,02,HUN.4.15_1,0.257,0.43719805825522845
2020,02,HUN.5.1_1,0.113,0.3167512136225074
2020,02,HUN.8.1_1,0.14,0.3471606552023436
2020,02,ITA.10.2.142_1,0.266,0.44208533049564025
2020,02,ITA.10.2.175_1,0.365,0.4816710568500115
2020,02,ITA.10.2.18_1,0.253,0.43494847991478275
2020,02,ITA.10.5.42_1,0.263,0.4404827181911057
2020,02,ITA.17.2.135_1,0.224,0.41713067256915787
2020,02,ITA.20.1.21_1,0.224,0.41713067256915787
2020,02,ITA.20.1.53_1,0.205,0.403903624814309
2020,02,ITA.20.7.55_1,0.387,0.48730736549786363
