year,month,gid_3,est,se
2021,07,ESP.10.1.1_1,1,0
2021,07,ESP.10.1.2_1,0.94,0.237605674293474
2021,07,ESP.10.1.4_1,1,0
2021,07,ESP.10.1.4_1,1,0
2021,07,ESP.10.1.5_1,0.865,0.34189456253630574
2021,07,ESP.10.1.6_1,1,0
2021,07,ESP.10.1.6_1,1,0
2021,07,ESP.10.1.6_1,1,0
2021,07,ESP.10.1.7_1,1,0
2021,07,ESP.10.1.8_1,0.962,0.19129190414806527
2021,07,ESP.10.1.9_1,0.975,0.15620307103062794
2021,07,ESP.10.2.3_1,0.439,0.49651336892930237
2021,07,ESP.10.2.5_1,1,0
2021,07,ESP.10.2.7_1,1,0
2021,07,ESP.10.2.8_1,0.888,0.3155242550986462
2021,07,ESP.10.3.1_1,0.973,0.162164414398774
2021,07,ESP.10.3.10_1,0.422,0.49412565219806204
2021,07,ESP.10.3.11_1,1,0
2021,07,ESP.10.3.12_1,0.002,0.04469897088298564
2021,07,ESP.10.3.13_1,0.957,0.2029585972364615
2021,07,ESP.10.3.14_1,0.971,0.1678904023081343
2021,07,ESP.10.3.16_1,0.995,0.07056897321046962
2021,07,ESP.10.3.18_1,0.064,0.24487540497968344
2021,07,ESP.10.3.2_1,0.982,0.13301764429463367
2021,07,ESP.10.3.4_1,0.999,0.03162277660168379
2021,07,ESP.10.3.6_1,0.996,0.06315051850925682
2021,07,ESP.10.3.7_1,0.998,0.04469897088298564
2021,07,ESP.10.3.8_1,0.999,0.03162277660168379
