year,month,gid_2,est,se
2015,02,ESP.10.1_1,0.24,0.42729683193604723
2015,02,ESP.10.2_1,0.233,0.42295376802895357
2015,02,ESP.10.3_1,0.214,0.41033202698835536
2015,02,ESP.18.1_1,0.214,0.41033202698835536
2015,02,ESP.2.3_1,0.187,0.3901066305296325
2015,02,ESP.4.1_1,0.177,0.3818596821043259
2015,02,ESP.6.1_1,0.301,0.4589222261011223
2015,02,ESP.6.2_1,0.305,0.4606378047741926
2015,02,ESP.6.4_1,0.251,0.43380547159664457
