year,month,gid_3,est,se
2021,01,ESP.10.1.1_1,0.103,0.304110972316823
2021,01,ESP.10.1.2_1,0.028,0.16505527329729044
2021,01,ESP.10.1.3_1,0.028,0.16505527329729044
2021,01,ESP.10.1.4_1,0.417,0.4933095928059319
2021,01,ESP.10.1.5_1,0.048,0.21387319079712103
2021,01,ESP.10.1.6_1,0.384,0.48660125439704816
2021,01,ESP.10.1.7_1,0.31,0.462724663395106
2021,01,ESP.10.1.8_1,0.033,0.17872588772459053
2021,01,ESP.10.1.9_1,0.019,0.13659303663678343
2021,01,ESP.10.2.1_1,0.044,0.20519772441746548
2021,01,ESP.10.2.2_1,0.039,0.19369180807797864
2021,01,ESP.10.2.3_1,0.041,0.19838941090279583
2021,01,ESP.10.2.4_1,0.044,0.20519772441746548
2021,01,ESP.10.2.5_1,0.646,0.4784484433174727
2021,01,ESP.10.2.6_1,0.053,0.22414558046332575
2021,01,ESP.10.2.7_1,0.065,0.24664921616708177
2021,01,ESP.10.2.8_1,0.043,0.2029585972364615
2021,01,ESP.10.3.1_1,0.025,0.15620307103062794
2021,01,ESP.10.3.10_1,0.024,0.15312559370479986
2021,01,ESP.10.3.11_1,0.022,0.1467567291047928
2021,01,ESP.10.3.12_1,0.027,0.162164414398774
2021,01,ESP.10.3.13_1,0.026,0.15921478998305827
2021,01,ESP.10.3.14_1,0.029,0.1678904023081343
2021,01,ESP.10.3.16_1,0.035,0.18387171834952978
2021,01,ESP.10.3.17_1,0.025,0.15620307103062794
2021,01,ESP.10.3.18_1,0.029,0.1678904023081343
2021,01,ESP.10.3.2_1,0.028,0.16505527329729044
2021,01,ESP.10.3.3_1,0.028,0.16505527329729044
2021,01,ESP.10.3.4_1,0.296,0.45671938057476014
2021,01,ESP.10.3.5_1,0.025,0.15620307103062794
2021,01,ESP.10.3.6_1,0.027,0.162164414398774
2021,01,ESP.10.3.7_1,0.275,0.4467377022085494
2021,01,ESP.10.3.8_1,0.058,0.2338604085575211
