year,month,gid_3,est,se
2021,01,ESP.10.1.1_1,0.994,0.07726558075864033
2021,01,ESP.10.1.4_1,0.998,0.04469897088298564
2021,01,ESP.10.1.6_1,0.947,0.22414558046332575
2021,01,ESP.10.1.7_1,0.997,0.05471740119919799
2021,01,ESP.10.1.9_1,0.502,0.5002461856388775
2021,01,ESP.10.2.5_1,0.933,0.25014710386805117
2021,01,ESP.10.2.7_1,0.929,0.25695335184625445
2021,01,ESP.10.2.8_1,0.538,0.49880337288836046
2021,01,ESP.10.3.1_1,0.575,0.4945903553645376
2021,01,ESP.10.3.13_1,0.488,0.5001060948499889
2021,01,ESP.10.3.4_1,0.999,0.03162277660168379
2021,01,ESP.10.3.7_1,0.959,0.19838941090279583
2021,01,ESP.10.3.8_1,0.963,0.1888562063228706
2021,01,ESP.18.1.5_1,0.922,0.26830577330349786
2021,01,ESP.6.1.10_1,1,0
2021,01,ESP.6.1.11_1,1,0
2021,01,ESP.6.1.12_1,0.982,0.13301764429463367
2021,01,ESP.6.1.3_1,0.999,0.03162277660168379
2021,01,ESP.6.1.5_1,0.948,0.22213812222431645
2021,01,ESP.6.1.6_1,0.602,0.48973037054672836
2021,01,ESP.6.1.9_1,0.914,0.28050433629924987
2021,01,ESP.6.2.4_1,0.983,0.1293357171384909
2021,01,ESP.6.2.5_1,0.476,0.4996735671152454
2021,01,ESP.6.2.6_1,0.992,0.08912880535463237
2021,01,ESP.6.2.7_1,0.536,0.498951854343636
2021,01,ESP.6.4.2_1,0.99,0.0995485304256668
2021,01,ESP.6.4.3_1,0.998,0.04469897088298564
2021,01,ESP.6.4.7_1,0.968,0.17608806605504818
