year,month,gid_3,est,se
2021,01,ESP.10.1.1_1,0.11309293915481021,0.1654264685361722
2021,01,ESP.10.1.4_1,0.09791213484022007,0.12561251245267102
2021,01,ESP.10.1.6_1,0.03536281928910705,0.0907989953155261
2021,01,ESP.10.1.7_1,0.31318825420133056,0.2493126905117995
2021,01,ESP.10.1.9_1,0.006135466638270516,0.04918931776877453
2021,01,ESP.10.2.5_1,0.025798238935121915,0.058659916059608325
2021,01,ESP.10.2.7_1,0.02862417795862656,0.07127876835296439
2021,01,ESP.10.2.8_1,0.004651154650647279,0.03710013008436973
2021,01,ESP.10.3.1_1,0.020688774168344696,0.12104226941299415
2021,01,ESP.10.3.13_1,0.004813399861578273,0.02925686081520541
2021,01,ESP.10.3.4_1,0.8068469598601525,0.9430330648191839
2021,01,ESP.10.3.7_1,0.18912664198433352,0.49761116153818646
2021,01,ESP.10.3.8_1,0.12595959079944882,0.35565358426665405
2021,01,ESP.18.1.5_1,0.023344916468186518,0.06747272577267588
2021,01,ESP.2.2.1_1,0.0016440492820474605,0.006059804099560241
2021,01,ESP.2.3.2_1,0.004820985705423489,0.00989177501060136
2021,01,ESP.6.1.10_1,0.48074238899855387,0.18969027127788096
2021,01,ESP.6.1.11_1,0.5909994561009876,0.074929043687103
2021,01,ESP.6.1.12_1,0.08597286153156859,0.1266651524070169
2021,01,ESP.6.1.3_1,0.4469461148734214,0.30191231229989296
2021,01,ESP.6.1.5_1,0.02512566604799638,0.08022438974522976
2021,01,ESP.6.1.6_1,0.03881788890373291,0.14247596790291323
2021,01,ESP.6.1.9_1,0.02257232664693999,0.05742396142836562
2021,01,ESP.6.2.4_1,0.064092808150828,0.10763465793036732
2021,01,ESP.6.2.5_1,0.0014764076733027596,0.012283584021242397
2021,01,ESP.6.2.6_1,0.10747233585132589,0.11340657309025992
2021,01,ESP.6.2.7_1,0.0060432318924566325,0.03709465369587726
2021,01,ESP.6.3.10_1,0.004657968495190089,0.026027981502516864
2021,01,ESP.6.4.2_1,0.19259661278368934,0.2725184304640056
2021,01,ESP.6.4.3_1,0.11513892299285478,0.09910677551465877
2021,01,ESP.6.4.7_1,0.04143567266000751,0.0568598098601833
