year,month,gid_3,est,se
2021,01,ESP.10.1.1_1,0.181,0.38521083498181535
2021,01,ESP.10.1.4_1,0.62,0.48562931937418674
2021,01,ESP.10.1.6_1,0.671,0.47008507738491334
2021,01,ESP.10.1.7_1,0.409,0.49189527438364455
2021,01,ESP.10.1.9_1,0.019,0.13659303663678343
2021,01,ESP.10.2.5_1,0.962,0.19129190414806527
2021,01,ESP.10.2.7_1,0.115,0.31918157352340515
2021,01,ESP.10.2.8_1,0.092,0.28917057184232914
2021,01,ESP.10.3.1_1,0.036,0.18638331132035063
2021,01,ESP.10.3.13_1,0.104,0.30541328929383094
2021,01,ESP.10.3.4_1,0.298,0.4576083537321029
2021,01,ESP.10.3.7_1,0.511,0.500129112459102
2021,01,ESP.10.3.8_1,0.162,0.36863517451796685
