year,month,gid_4,est,se
2017,04,MEX.9.9_2,0.029,0.1678904023081343
2017,04,PAK.7.5.2_1,0.022,0.1467567291047928
2017,04,PER.13.11.10_1,0.231,0.42168331341993703
2017,04,PER.13.11.11_1,0.231,0.42168331341993703
2017,04,PER.13.11.3_1,0.231,0.42168331341993703
2017,04,USA.10.43_1,0.031,0.17340435135563662
2017,04,USA.5.19_1,0.023,0.1499783100768024
