year,month,gid_1,est,se
2018,01,AND.4_1,0,0.3274502284589701
2018,01,BEL.2_1,0,0.32880785139424784
2018,01,BEL.3_1,0,0.2933622424694124
2018,01,DEU.2_1,0,0.3119571943776947
2018,01,DEU.3_1,0,0.3142899503491471
2018,01,ESP.1_1,1.646465131824655e-4,0.003679772208915846
2018,01,ESP.10_1,0,0
2018,01,ESP.11_1,0,0.2920428649856844
2018,01,ESP.12_1,0,0.30757932192776644
2018,01,ESP.13_1,0,0.09448790208160243
2018,01,ESP.14_1,0,0.30926853903163765
2018,01,ESP.15_1,0,0
2018,01,ESP.16_1,0,0
2018,01,ESP.17_1,0,0.2947392378963892
2018,01,ESP.18_1,0.175,0.3801579903144348
2018,01,ESP.2_1,0,0
2018,01,ESP.3_1,0,0.30411158054059234
2018,01,ESP.4_1,0,0
2018,01,ESP.5_1,0,0.32532713346470615
2018,01,ESP.6_1,0,0
2018,01,ESP.7_1,0,0.30411158054059234
2018,01,ESP.8_1,0,0.0446990602811956
2018,01,FRA.1_1,0,0.11333091025587294
2018,01,FRA.11_1,0,0.1760884182322368
2018,01,FRA.8_1,0,0.30051301603420577
2018,01,HRV.11_1,0,0.500061205267977
2018,01,HRV.15_1,0,0.29881205705739194
2018,01,HUN.1_1,0,0.31918221188846735
2018,01,ITA.10_1,0,0
2018,01,ITA.14_1,0,0.13974911319506306
2018,01,ITA.15_1,0,0.19369219546275698
2018,01,ITA.17_1,0,0
2018,01,ITA.8_1,0,0
2018,01,POL.12_1,0,0.30670742629882713
2018,01,PRT.15_1,0,0.30670742629882713
2018,01,SRB.3_1,0,0
2018,01,TUR.12_1,0,0.1576944491607483
2018,01,TUR.41_1,0,0.2217610606540209
