year,month,gid_1,est,se
2018,01,ESP.1_1,1.6497646611469488e-4,0.0036801255193386587
2018,01,ESP.10_1,0,0.014615642469089868
2018,01,ESP.11_1,0,0.0942234491361781
2018,01,ESP.12_1,0,0.12052642539898076
2018,01,ESP.13_1,0,0.08913754126175645
2018,01,ESP.14_1,0,0.08913754126175645
2018,01,ESP.15_1,0,0.0316258760894229
2018,01,ESP.16_1,0,0
2018,01,ESP.17_1,0,0.08913754126175645
2018,01,ESP.18_1,0.07114228456913826,0.2569785369770101
2018,01,ESP.2_1,0,0
2018,01,ESP.3_1,0,0.09955828761597893
2018,01,ESP.4_1,0,0
2018,01,ESP.5_1,0,0.10552848258509226
2018,01,ESP.6_1,0,0
2018,01,ESP.7_1,0,0.07727315389882448
2018,01,ESP.8_1,0,0.0316258760894229
