year,month,gid_1,est,se
2018,01,ESP.1_1,0.07799017456629367,0.1872214678427603
2018,01,ESP.10_1,0.26540134805153665,0.4315671527798172
2018,01,ESP.11_1,0,0.3380387236556725
2018,01,ESP.12_1,0,0.33570648909999706
2018,01,ESP.13_1,0.5274926741154612,0.4996745664653777
2018,01,ESP.14_1,0,0.3956275351958038
2018,01,ESP.15_1,0.005033327043086461,0.07056911434883946
2018,01,ESP.16_1,0.0030199962258518767,0.05471751063432869
2018,01,ESP.17_1,0,0.34819638884276366
2018,01,ESP.18_1,0.8033189960765992,0.4016939167940791
2018,01,ESP.2_1,0.021170578649163815,0.12377675633127327
2018,01,ESP.3_1,0,0.3375698576096332
2018,01,ESP.4_1,0.003150905433250065,0.14554315533542275
2018,01,ESP.5_1,0,0.33501844615005716
2018,01,ESP.6_1,0.16296134256379693,0.3346510715871732
2018,01,ESP.7_1,0,0.37046159073296936
2018,01,ESP.8_1,0.0020133308172345845,0.0446990602811956
