year,month,gid_1,est,se
2021,04,HUN.10_1,0.010539608060327109,0.020629033612451518
2021,04,HUN.12_1,0.021681304347826086,0.050235533838488895
2021,04,HUN.13_1,0.012516304347826086,0.027138454461205497
2021,04,HUN.14_1,0.007811349217292611,0.010272130362344568
2021,04,HUN.16_1,0.0073463043478260845,0.010434062068946984
2021,04,HUN.17_1,0.016276304347826086,0.03741703723076361
2021,04,HUN.19_1,0.034371304347826086,0.07402658791037392
2021,04,HUN.2_1,0.014150567303204103,0.027656589350476584
2021,04,HUN.4_1,0.024266304347826086,0.055713840157256
2021,04,HUN.5_1,0.006876304347826085,0.008721194951904822
2021,04,HUN.8_1,0.0057013043478260856,0.004259384372158524
2021,04,ITA.10_1,0.01598538016492332,0.030752794005458925
2021,04,ITA.17_1,0.022856304347826085,0.05277241617805706
2021,04,ITA.20_1,0.008750932083609771,0.014695751474585895
