ID_0,est,se
ALB,1,0.20972858508524742
ARE,0.348,0.4765743626372731
AUT,0.9958725856226172,0.1444693384390489
BEL,0.6001024050928,0.11724597987139969
BGR,0,0
CHE,0.975321464338,0.4891309253021318
CHN,0,0
COL,0.017000000000000015,0.1293357171384909
CZE,0.04383999999999999,0.12960387553380276
DEU,0.9999345613454372,0.3296091326953739
DNK,0.735,0.4415540396938635
ESP,1,0.15260650074037005
FRA,0.9550119217436216,0.20098726243018253
GBR,0.027000000000000024,0.162164414398774
GMB,0.991,0.09448771310560929
GRC,0.05600000000000005,0.05750919324166622
HRV,0.998843954,0.3181910845393553
HUN,1,0.04621866668140505
IND,0.0010000000000000009,0.004517539514526256
IRN,0,0
ITA,1,0.11342971074234934
MAR,0.889777,0.19885184838825706
MEX,0.589,0.1640871453159101
NLD,1,0.31834958583582995
PAK,0,0
PER,0.22999999999999998,0.14034769414931905
POL,0.008000000000000007,0.08912880535463237
PRT,1,0.2126623556765368
ROU,0.643357,0.17032577420400852
RUS,0,0
SAU,0.10899999999999999,0.3117951510466707
SRB,0.964765397872,0.2818415706188699
SVN,0,0
TUR,0.999962885475503,0.29159564021825557
USA,0,0
UZB,1,0
XKO,0.60957445636,0.188684058523915
