year,month,gid_3,est,se
2019,07,HND.8.4_1,0,0.15921478998305827
2019,07,PRI.65_1,0,0.3117951510466707
2019,07,USA.5.19_1,0,0.1293357171384909
