year,month,gid_1,est,se
2018,04,AUT.3_1,0,0.2095903233461471
2018,04,AUT.9_1,0,0.21174516565885645
2018,04,BEL.1_1,0,0.32277019209116536
2018,04,CHE.16_1,0,0.3286022076867752
2018,04,CYP.1_1,0,0.3331402496122101
2018,04,CYP.3_1,0,0.3142899503491471
2018,04,DEU.1_1,0,0.31918221188846735
2018,04,DEU.2_1,0,0.3099006641069686
2018,04,DEU.3_1,0,0.3375698576096332
2018,04,DEU.7_1,0,0.3210121337199889
2018,04,ESP.1_1,0,0.32789020246479805
2018,04,ESP.10_1,0,0.3327111845760094
2018,04,ESP.11_1,0,0.3467047527951716
2018,04,ESP.12_1,0,0.3385552074448188
2018,04,ESP.13_1,0,0.3386608177148466
2018,04,ESP.14_1,0,0.3355320069077281
2018,04,ESP.15_1,0,0.3331402496122101
2018,04,ESP.16_1,0.04591930207197382,0.2051981348141455
2018,04,ESP.17_1,0.7889770992366412,0.4297084910101238
2018,04,ESP.18_1,0,0.3297471268493532
2018,04,ESP.2_1,0,0.3293612507162861
2018,04,ESP.3_1,0,0.4643495257901618
2018,04,ESP.4_1,0,0.3355602194552086
2018,04,ESP.5_1,0,0.3246263706379332
2018,04,ESP.6_1,0,0.32019665990465074
2018,04,ESP.8_1,0,0.350248717871074
2018,04,ESP.9_1,0,0.30280035409474915
2018,04,FRA.10_1,0,0.32277019209116536
2018,04,FRA.11_1,0,0.3397453283475418
2018,04,FRA.12_1,0,0.3418952463274823
2018,04,FRA.8_1,0,0.33712910904137333
2018,04,GRC.3_1,0,0.31918221188846735
2018,04,GRC.7_1,0,0.32158175954759427
2018,04,GRC.8_1,0,0.3397453283475418
2018,04,HRV.5_1,0,0.3375698576096332
2018,04,HRV.9_1,0,0.33201607667842675
2018,04,ITA.10_1,0,0.2788286408093935
2018,04,ITA.8_1,0,0.33692048583040807
2018,04,ITA.9_1,0,0.33201607667842675
2018,04,NLD.8_1,0,0.3142899503491471
2018,04,PRT.12_1,0,0.319197579786672
2018,04,PRT.18_1,0,0.33981854936744726
2018,04,SRB.3_1,0,0.3286022076867752
