year,month,gid_1,est,se
2018,04,ESP.1_1,0,0.3239882055063023
2018,04,ESP.10_1,0,0.31752985504148673
2018,04,ESP.11_1,0,0.35581983646640986
2018,04,ESP.12_1,0,0.33807894551658246
2018,04,ESP.13_1,0,0.34890009309444536
2018,04,ESP.14_1,0,0.3297176871448759
2018,04,ESP.15_1,0,0.3018715443494012
2018,04,ESP.16_1,0.04338416092296114,0.25548329431536076
2018,04,ESP.17_1,0.442,0.49593293506524644
2018,04,ESP.18_1,0,0.3319939192049318
2018,04,ESP.2_1,0,0.3216027475792941
2018,04,ESP.3_1,0.117,0.27184014154365393
2018,04,ESP.4_1,0,0.3244521770009126
2018,04,ESP.5_1,0,0.3364078845056488
2018,04,ESP.6_1,0,0.33970475768019975
2018,04,ESP.7_1,0,0.31730094665428804
2018,04,ESP.8_1,0,0.36649986683427743
2018,04,ESP.9_1,0,0.3319939192049318
