year,month,gid_1,est,se
2018,04,ESP.1_1,0,0.40748498373194497
2018,04,ESP.10_1,0,0.39803439954087094
2018,04,ESP.11_1,0,0.3998714555535606
2018,04,ESP.12_1,0,0.4050131426872526
2018,04,ESP.13_1,0,0.402433787041984
2018,04,ESP.14_1,0,0.40634313595349897
2018,04,ESP.15_1,0,0.39716714584887525
2018,04,ESP.16_1,0.059,0.23574260237507894
2018,04,ESP.17_1,0.855,0.3522770203960217
2018,04,ESP.18_1,0,0.40963251677424095
2018,04,ESP.2_1,0,0.4041584070737792
2018,04,ESP.3_1,0,0.4992877810324305
2018,04,ESP.4_1,0,0.4069624663417027
2018,04,ESP.5_1,0,0.3961262820477387
2018,04,ESP.6_1,0,0.3947283753073291
2018,04,ESP.8_1,0,0.41102791139282
2018,04,ESP.9_1,0,0.3917045218432287
2018,04,ITA.10_1,0,0.37519600249100465
2018,04,ITA.8_1,0,0.40351003467262275
2018,04,ITA.9_1,0,0.4031706171666612
