year,month,gid_1,est,se
2018,04,ESP.1_1,0,0.22887615046917828
2018,04,ESP.10_1,0,0.22048054477960438
2018,04,ESP.11_1,0,0.2050052066007312
2018,04,ESP.12_1,0,0.22543299552406193
2018,04,ESP.13_1,0,0.23311929788626112
2018,04,ESP.14_1,0,0.23543493614010377
2018,04,ESP.15_1,0,0.25691045584707195
2018,04,ESP.16_1,0.042,0.10033256488893906
2018,04,ESP.17_1,0.409,0.4891122330838913
2018,04,ESP.18_1,0,0.23665674344584167
2018,04,ESP.2_1,0,0.19705200681124288
2018,04,ESP.3_1,0,0.142078990539704
2018,04,ESP.4_1,0,0.22609639342348598
2018,04,ESP.5_1,0,0.2360923981387119
2018,04,ESP.6_1,0,0.20731124601450313
2018,04,ESP.8_1,0,0.21466176973542703
2018,04,ESP.9_1,0,0.24187294223723343
2018,04,ITA.10_1,0,0.08805288870658719
2018,04,ITA.8_1,0,0.20140160216662445
2018,04,ITA.9_1,0,0.18421977647335985
