year,month,gid_1,est,se
2018,04,AUT.3_1,0,0.17340435135563662
2018,04,AUT.9_1,0,0.24664921616708177
2018,04,BEL.1_1,0,0.30926792049394103
2018,04,CHE.16_1,0,0.2933616557443407
2018,04,CYP.1_1,0,0.28050433629924987
2018,04,CYP.3_1,0,0.3014795016081357
2018,04,DEU.1_1,0,0.3227695465501356
2018,04,DEU.2_1,0,0.16526996684814632
2018,04,DEU.3_1,0,0.3001501125938321
2018,04,DEU.7_1,0,0.3084475856474664
2018,04,ESP.1_1,0,0.2956650696193732
2018,04,ESP.10_1,0,0.314937969542165
2018,04,ESP.11_1,0,0.29910881663824196
2018,04,ESP.12_1,0,0.3002120168502862
2018,04,ESP.13_1,0,0.31797028965786267
2018,04,ESP.14_1,0,0.2937811285134071
2018,04,ESP.15_1,0,0.3014795016081357
2018,04,ESP.16_1,0.036,0.18638331132035063
2018,04,ESP.17_1,0.36099999999999993,0.4805308625987616
2018,04,ESP.18_1,0,0.3167512136225074
2018,04,ESP.2_1,0,0.29776850083949546
2018,04,ESP.3_1,0,0.26830577330349786
2018,04,ESP.4_1,0,0.29413875806339684
2018,04,ESP.5_1,0,0.3046776525992709
2018,04,ESP.6_1,0,0.2935599358301434
2018,04,ESP.8_1,0,0.290577761426155
2018,04,ESP.9_1,0,0.3117951510466707
2018,04,FRA.10_1,0,0.29746341705239066
2018,04,FRA.11_1,0,0.30926792049394103
2018,04,FRA.12_1,0,0.2988114594326802
2018,04,FRA.8_1,0,0.30273472430059317
2018,04,GBR.1_1,0,0.28730413816660466
2018,04,GBR.3_1,0,0.2933616557443407
2018,04,GRC.3_1,0,0.29746341705239066
2018,04,GRC.7_1,0,0.28917057184232914
2018,04,GRC.8_1,0,0.2819760814510878
2018,04,HRV.5_1,0,0.3167512136225074
2018,04,HRV.9_1,0,0.2819760814510878
2018,04,IRL.13_1,0,0.3167512136225074
2018,04,ITA.10_1,0,0.18687032907114245
2018,04,ITA.8_1,0,0.30054223594962287
2018,04,ITA.9_1,0,0.30926792049394103
2018,04,MLT.3_1,0,0.28775302222878874
2018,04,NLD.8_1,0,0.2760202658994212
2018,04,PRT.12_1,0,0.29707242016893265
2018,04,PRT.18_1,0,0.2795853269115965
2018,04,RUS.43_1,0,0.31831325862966015
2018,04,SRB.3_1,0,0.31797028965786267
2018,04,SWE.15_1,0,0.30279974849343533
