year,month,gid_1,est,se
2018,04,ESP.1_1,0,0.2588294798279109
2018,04,ESP.10_1,0,0.26974520771963584
2018,04,ESP.11_1,0,0.2691932411140277
2018,04,ESP.12_1,0,0.2736259575475434
2018,04,ESP.13_1,0,0.27992803995116794
2018,04,ESP.14_1,0,0.2784140949109257
2018,04,ESP.15_1,0,0.28589970990932045
2018,04,ESP.16_1,0.043,0.045242032838266326
2018,04,ESP.17_1,0.573,0.49213420515733164
2018,04,ESP.18_1,0,0.2513057078187548
2018,04,ESP.2_1,0,0.27454282499749166
2018,04,ESP.3_1,0.074,0.1354731880844423
2018,04,ESP.4_1,0,0.2722193369046265
2018,04,ESP.5_1,0,0.2704060899331116
2018,04,ESP.6_1,0,0.26814749629623674
2018,04,ESP.8_1,0,0.2595581769783928
2018,04,ESP.9_1,0,0.2513057078187548
