year,month,gid_1,est,se
2018,04,AUT.1_1,0.73,0.44418160396092193
2018,04,AUT.2_1,0.997,0.05471740119919799
2018,04,AUT.3_1,0.855,0.3522770203960217
2018,04,AUT.4_1,0.982,0.13301764429463367
2018,04,AUT.4_1,0.982,0.13301764429463367
2018,04,AUT.5_1,0.651,0.4768924684102554
2018,04,AUT.6_1,0.868,0.3386601403925338
2018,04,AUT.7_1,0.805,0.39639895576569334
2018,04,AUT.8_1,0.608,0.4884409632438444
2018,04,AUT.9_1,0.237,0.4254550646214145
2018,04,CHE.19_1,0.652,0.47657436263727315
2018,04,CHE.21_1,0.743,0.43719805825522845
2018,04,CHE.25_1,0.49,0.5001501276118503
2018,04,CHE.26_1,0.684,0.4651455260027343
2018,04,DEU.11_1,0.434,0.4958728565770563
2018,04,DEU.2_1,0.711,0.45352473436923446
2018,04,ESP.16_1,0.698,0.45935499018406994
2018,04,ESP.17_1,0.497,0.5002411830719671
2018,04,ESP.3_1,0.229,0.42039949540375965
2018,04,HRV.8_1,0.696,0.4602127723084137
2018,04,HUN.1_1,0.01,0.0995485304256668
2018,04,HUN.10_1,0.295,0.45627095369219284
2018,04,HUN.11_1,0.005,0.07056897321046962
2018,04,HUN.12_1,0.535,0.4990230696310783
2018,04,HUN.13_1,0.306,0.4610602743422779
2018,04,HUN.14_1,0.568,0.49560228169533443
2018,04,HUN.18_1,0.747,0.43494847991478275
2018,04,HUN.2_1,0.319,0.4663222667388471
2018,04,HUN.4_1,0.638,0.4808192874533916
2018,04,HUN.5_1,0.029,0.1678904023081343
2018,04,HUN.8_1,0.537,0.4988786223921405
2018,04,HUN.9_1,0.015,0.12161327966052798
2018,04,ITA.10_1,0.04,0.19605723255834873
2018,04,ITA.20_1,0.002,0.04469897088298564
2018,04,ITA.7_1,0.695,0.4606378047741926
2018,04,NLD.7_1,0.004,0.06315051850925682
2018,04,ROU.14_1,0.002,0.04469897088298564
2018,04,ROU.29_1,0.007,0.08341437500789632
2018,04,SRB.5_1,0.005,0.07056897321046962
2018,04,SVN.8_1,0.06,0.237605674293474
