ID_0,est,se
ALB,0,0
ARG,0.009,0.09448771310560929
AUT,0,0
BEL,0,0
BGR,0,0
CHN,0,0
DEU,0,0
DOM,0.018,0.13301764429463367
ESP,0,0
FRA,0,0
GRC,0,0
GTM,0.011,0.10435463521037236
HND,0.009,0.09448771310560929
HRV,0,0
HUN,0,0
IND,0.255,0.6529385453137042
ITA,0,0
MEX,1.9540000000000002,1.1461176143279337
NLD,0,0
PAK,0.014,0.16682875001579264
PER,0.048,0.3062511874095997
ROU,0,0
SRB,0,0
SVN,0,0
TUR,0,0
USA,0.002,0.04469897088298564
VEN,0.333,0.4715223571935198
XKO,0,0
