ID_1,est,se
ESP.1_1,0.9994863313715026,0.25997839411300316
ESP.10_1,0.9907279,0.220690923732727
ESP.11_1,0.0010000000000000009,0.015811388300841896
ESP.12_1,0.01798299999999997,0.04023962343504367
ESP.13_1,0.927,0.2602666685127751
ESP.14_1,0.98438,0.33570346700705767
ESP.15_1,0.0020000000000000018,0.04469897088298564
ESP.16_1,0.314869576,0.26929413194277224
ESP.17_1,0.09699999999999998,0.296105857217784
ESP.18_1,0.517,0.49996095943679536
ESP.2_1,0.42745599999999995,0.19056770270843743
ESP.3_1,0.119,0.32395052700056526
ESP.4_1,0.06019900249248,0.09013408658367737
ESP.5_1,0.16676581185952966,0.09460177362326487
ESP.6_1,0.98652816384,0.3245503210040233
ESP.7_1,0.38394399999999995,0.4107228251278292
ESP.8_1,0.786,0.41033202698835536
ESP.9_1,0.0010000000000000009,0.03162277660168379
