year,month,gid_1,est,se
2020,11,ESP.10_1,0.468,0.9989173189650926
2020,11,ESP.2_1,0.019894424058721993,0.18564565067097358
2020,11,ESP.6_1,0.4982675766288211,0.5759075876161546
