year,month,gid_1,est,se
2020,05,ESP.1_1,0,0.3426165658869297
2020,05,ESP.10_1,0,0.35136751994158366
2020,05,ESP.11_1,0,0.33477792667787803
2020,05,ESP.12_1,0,0.33372360654614563
2020,05,ESP.13_1,0,0.3392311619233872
2020,05,ESP.14_1,0,0.3380466169900521
2020,05,ESP.16_1,0,0.14890065508778297
2020,05,ESP.17_1,0.352,0.4667528922129912
2020,05,ESP.18_1,0,0.33324576712807213
2020,05,ESP.2_1,0,0.33021615226056045
2020,05,ESP.3_1,0.053,0.08765439832789834
2020,05,ESP.4_1,0,0.31285785733311194
2020,05,ESP.5_1,0,0.3280331872189849
2020,05,ESP.6_1,0,0.33782091486676147
2020,05,ESP.8_1,0,0.3220663021749205
