ID_1,est,se
ESP.1_1,0,0
ESP.10_1,0,0
ESP.11_1,0,0
ESP.12_1,0,0
ESP.13_1,0,0
ESP.14_1,0,0
ESP.15_1,0,0
ESP.16_1,0.11106799999999994,0.14420880574761832
ESP.17_1,0.251,0.43380547159664457
ESP.18_1,0,0
ESP.2_1,0,0
ESP.3_1,0.05899999999999994,0.23574260237507894
ESP.4_1,0,0
ESP.5_1,0,0
ESP.6_1,0,0
ESP.7_1,0,0
ESP.8_1,0,0
ESP.9_1,0,0
