year,month,gid_3,est,se
2015,09,ESP.10.1.1_1,0.006073110804480122,0.040901658756238815
2015,09,ESP.10.1.4_1,0.0033878825280165095,0.025051065970780287
2015,09,ESP.10.1.6_1,0.004671576263095976,0.03290326978092828
2015,09,ESP.10.1.7_1,0.005202052517271741,0.04158699521790916
2015,09,ESP.10.1.9_1,0.007759277060999032,0.05537382947266877
2015,09,ESP.10.2.5_1,0.002377691527471446,0.017297880909835944
2015,09,ESP.10.2.7_1,0.001990275191513492,0.01841150852701235
2015,09,ESP.10.2.8_1,0.004024788437735927,0.034483483352790424
2015,09,ESP.10.3.1_1,0.0122693544799494,0.09321609181219848
2015,09,ESP.10.3.13_1,0.004813399861578273,0.02925686081520541
2015,09,ESP.10.3.4_1,0.034234799300761995,0.22587999950670215
2015,09,ESP.10.3.7_1,0.03166609824938075,0.20883242900070945
2015,09,ESP.10.3.8_1,0.013902088833883015,0.12052834663314012
2015,09,ESP.18.1.5_1,0.004296503638948075,0.028580422215154496
2015,09,ESP.2.2.1_1,0.0017351322063515974,0.006274315236026587
2015,09,ESP.2.3.2_1,4.3173006317225255e-4,0.0017772040762669263
2015,09,ESP.6.1.10_1,0.006531011151214752,0.04407731772791268
2015,09,ESP.6.1.11_1,0.0026947664305880218,0.027804094079601223
2015,09,ESP.6.1.12_1,0.006001577116719456,0.035334664800376635
2015,09,ESP.6.1.3_1,0.008854391219241687,0.06019056771833892
2015,09,ESP.6.1.5_1,0.005604902651761545,0.037654512447233536
2015,09,ESP.6.1.6_1,0.011287638556008913,0.07706577602602019
2015,09,ESP.6.1.9_1,0.004226645287273163,0.02443991653773956
2015,09,ESP.6.2.4_1,0.004304556626555055,0.028636271795800708
2015,09,ESP.6.2.5_1,0.002525654945272076,0.016299122186333587
2015,09,ESP.6.2.6_1,0.005170076788585658,0.028006371683371063
2015,09,ESP.6.2.7_1,0.0030879979177950126,0.026322750259962124
2015,09,ESP.6.3.10_1,0.002316354839534393,0.01808402473898793
2015,09,ESP.6.4.2_1,0.010826102503085898,0.07052466576819447
2015,09,ESP.6.4.3_1,0.004512378462923383,0.023385728000163402
2015,09,ESP.6.4.7_1,0.0023167807122060303,0.013345758076465474
