ID_0,est,se
ALB,0.966677133244096,0.38961046026638124
ARG,0.454419486387712,0.28337015005622157
AUT,0.555355,0.04672896005144529
BEL,0,0
BGR,0.9999990180991029,0.4375345771521049
BIH,0.7724371839999999,0.44016940317789943
BRA,0.430461784,0.3459333860493744
CHE,0.797000896,0.49162831097747395
CHN,0.899479533671256,0.3846399641479558
COL,0.595,0.4911376754192415
DEU,0.57,0.24766173773180292
ESP,1,0.07693729943997943
FJI,0.9926868063491153,0.49396660110072527
FRA,0.9998717160469273,0.3634413042029331
GRC,0.40959100000000004,0.17450601699510945
GTM,0.79708,0.49776195868682716
HND,0.30899999999999994,0.4623123757079544
HRV,0.999611979572996,0.4558948984915602
HUN,0.9999631330901859,0.3316982344326784
IND,0.611032813,0.3311729880577039
ITA,1,0.3499637626175959
KOR,0.8974329999999999,0.4392169700984154
LKA,0.02200000000000002,0.1467567291047928
MEX,0.316107,0.378353318428868
MMR,0.565,0.4960050614873008
NLD,0.7485280000000001,0.0026811673718957103
PAK,0,0
PAN,0.08599999999999997,0.28050433629924987
PER,0.041000000000000036,0.06612980363426528
PRT,0.98870602528,0.4653124817949249
PSE,0.241,0.42790431418963526
ROU,0.704441688,0.4503812683661351
SLB,0.376,0.4846223879051182
SRB,0.9255626108204862,0.37979835903239256
SVN,0.8523553744144,0.3848710203668512
THA,0.42399999999999993,0.494437527366672
TUR,0.9999995918567512,0.4596581909398674
USA,0.8622021052909057,0.27642431131762363
XKO,0.4139999999999999,0.4927949338688932
ZAF,0.15200000000000002,0.3592005359475749
