ID_0,est,se
ALB,0,0
ARG,0.009,0.09448771310560929
AUT,0,0
BEL,0,0
BGR,0,0
CHN,0,0
DEU,0,0
DOM,0.016,0.12553788177183714
ESP,0,0
FRA,0,0
GRC,0,0
GTM,0.004,0.06315051850925682
HND,0.008,0.08912880535463237
HRV,0,0
HUN,0,0
IND,0.16799999999999998,0.5497913456905517
ITA,0,0
MEX,2.037,0.9918878854957676
NLD,0,0
PAK,0.01,0.14113794642093924
PER,0.052,0.31842957996611654
ROU,0,0
SRB,0,0
SVN,0,0
TUR,0,0
USA,0.003,0.05471740119919799
VEN,0.345,0.4756061408363029
XKO,0,0
