year,month,gid_3,est,se
2022,05,ESP.10.1.1_1,0.291,0.45445079549443584
2022,05,ESP.10.1.2_1,0.135,0.34189456253630574
2022,05,ESP.10.1.3_1,0.03,0.17067257872642908
2022,05,ESP.10.1.4_1,0.659,0.4742825570732535
2022,05,ESP.10.1.5_1,0.392,0.4884409632438444
2022,05,ESP.10.1.6_1,0.402,0.4905472827736758
2022,05,ESP.10.1.7_1,0.996,0.06315051850925682
2022,05,ESP.10.1.8_1,1,0
2022,05,ESP.10.1.9_1,0,0
2022,05,ESP.10.1.9_1,0,0
2022,05,ESP.10.1.9_1,0,0
2022,05,ESP.10.2.1_1,0.039,0.19369180807797864
2022,05,ESP.10.2.2_1,0.619,0.48587557571365436
2022,05,ESP.10.2.3_1,0.894,0.30799165387857325
2022,05,ESP.10.2.5_1,0.105,0.3067068128833611
2022,05,ESP.10.2.7_1,0.263,0.4404827181911057
2022,05,ESP.10.2.8_1,0.07,0.25527468571161765
2022,05,ESP.10.3.1_1,0.847,0.3601676286407771
2022,05,ESP.10.3.10_1,0.992,0.08912880535463237
2022,05,ESP.10.3.11_1,0.923,0.26672484350382913
2022,05,ESP.10.3.12_1,0.016,0.12553788177183714
2022,05,ESP.10.3.13_1,0.567,0.4957385972029581
2022,05,ESP.10.3.14_1,0.27,0.44418160396092193
2022,05,ESP.10.3.16_1,0.439,0.49651336892930237
2022,05,ESP.10.3.17_1,0.772,0.4197525368502163
2022,05,ESP.10.3.18_1,0.748,0.4343785039394614
2022,05,ESP.10.3.2_1,0.331,0.4708085180417413
2022,05,ESP.10.3.3_1,0.062,0.24127621974453722
2022,05,ESP.10.3.4_1,0.212,0.40892936214366316
2022,05,ESP.10.3.5_1,0.186,0.3893013685508382
2022,05,ESP.10.3.6_1,0,0
2022,05,ESP.10.3.6_1,0,0
2022,05,ESP.10.3.6_1,0,0
2022,05,ESP.10.3.6_1,0,0
2022,05,ESP.10.3.7_1,0.921,0.26987373312686774
2022,05,ESP.10.3.8_1,0.997,0.05471740119919799
2022,05,ESP.10.3.9_1,0.796,0.40317061716666125
