ID_1,est,se
ESP.1_1,0.6550999331613987,0.23686303780056467
ESP.10_1,0.71901424,0.47059481126348934
ESP.11_1,0.02288000000000001,0.10537104250758017
ESP.12_1,0.57902,0.23818092948650355
ESP.13_1,0.4119999999999999,0.4924413655436538
ESP.14_1,0.2880189999999999,0.2670481037365057
ESP.15_1,0.019000000000000017,0.13659303663678343
ESP.16_1,0.576892,0.3180012723282637
ESP.17_1,0.612,0.48753840227585526
ESP.18_1,0.473,0.4995202903992194
ESP.2_1,0.26938000000000006,0.17983039887764113
ESP.3_1,0.01200000000000001,0.10893974420691407
ESP.4_1,0.23065603300000004,0.15264167402584888
ESP.5_1,0.34217408888199996,0.11324479672642704
ESP.6_1,0.9388797652,0.4183164781104886
ESP.7_1,0.08599999999999997,0.14025216814962493
ESP.8_1,0.474,0.4995733915788286
ESP.9_1,0,0
