year,month,gid_2,est,se
2022,11,ESP.10.1_1,0.8928121866176697,0
2022,11,ESP.10.2_1,0,0
2022,11,ESP.10.3_1,0.4692148065561738,0
2022,11,ESP.15.1_1,0.057969207464437025,0.40172351581104204
2022,11,ESP.18.1_1,0.38152923933432037,0.32120886613738103
2022,11,ESP.2.1_1,0.11380666194378285,0.2601121343209306
2022,11,ESP.2.2_1,0.005933968720292074,0.07875807912386831
2022,11,ESP.2.3_1,0.10139720670726086,0.23775287385318786
2022,11,ESP.4.1_1,0.12107616290774532,0.29584062444648784
2022,11,ESP.4.3_1,0.018939054361098315,0.12907370873801188
2022,11,ESP.4.4_1,0.3107600249932569,0.2957005004182081
2022,11,ESP.5.7_1,0.004141474685698755,0.07809099473130252
2022,11,ESP.6.1_1,0.6107770449283919,0.0347240468595386
2022,11,ESP.6.2_1,0.7903012373457856,0
2022,11,ESP.6.3_1,0.18501312366505665,0.34533774407916723
2022,11,ESP.6.4_1,0.7633321023402123,0.04339714452457726
2022,11,ESP.9.1_1,0.2494057667369922,0.3948420366002736
2022,11,FRA.10.11_1,0.3220141757125903,0.5233958491287928
2022,11,FRA.11.11_1,0.12053571428571427,0.6224674790826706
2022,11,FRA.11.6_1,0.03807855507122014,0.2863911015412122
2022,11,FRA.11.7_1,0.7648611122473944,0.7638749603685814
