year,month,gid_3,est,se
2016,11,ESP.10.1.1_1,0.502,0.5002461856388775
2016,11,ESP.10.1.4_1,0.427,0.49488980179017217
2016,11,ESP.10.1.6_1,0.505,0.50022517452166
2016,11,ESP.10.1.7_1,0.485,0.5000250243988045
2016,11,ESP.10.1.9_1,0.504,0.5002341793942455
2016,11,ESP.10.2.5_1,0.512,0.5001060948499889
2016,11,ESP.10.2.7_1,0.496,0.5002341793942455
2016,11,ESP.10.2.8_1,0.523,0.4997206426802086
2016,11,ESP.10.3.1_1,0.555,0.49721446300587663
2016,11,ESP.10.3.13_1,0.475,0.499624483612067
2016,11,ESP.10.3.4_1,0.643,0.4793545460103417
2016,11,ESP.10.3.7_1,0.567,0.4957385972029581
2016,11,ESP.10.3.8_1,0.542,0.4984821807090846
2016,11,ESP.18.1.5_1,0.468,0.4992246240173107
2016,11,ESP.6.1.10_1,0.583,0.4933095928059319
2016,11,ESP.6.1.11_1,0.604,0.48930912869414506
2016,11,ESP.6.1.12_1,0.527,0.4995202903992194
2016,11,ESP.6.1.3_1,0.592,0.49170903772228736
2016,11,ESP.6.1.5_1,0.532,0.4992246240173107
2016,11,ESP.6.1.6_1,0.548,0.4979396991041626
2016,11,ESP.6.1.9_1,0.506,0.5002141683461337
2016,11,ESP.6.2.4_1,0.526,0.4995733915788286
2016,11,ESP.6.2.5_1,0.456,0.4983094543677777
2016,11,ESP.6.2.6_1,0.491,0.5001691405606399
2016,11,ESP.6.2.7_1,0.519,0.4998888765404656
2016,11,ESP.6.4.2_1,0.567,0.4957385972029581
2016,11,ESP.6.4.3_1,0.533,0.49915945364198017
2016,11,ESP.6.4.7_1,0.476,0.4996735671152454
