year,month,gid_2,est,se
2020,11,HUN.10.2_1,6.307359307359308e-4,-0.014776472621163035
2020,11,HUN.10.4_1,0.001805735930735931,-0.007932669049866342
2020,11,HUN.10.6_1,1.6073593073593042e-4,-0.017768181630929487
2020,11,HUN.12.1_1,1.6073593073593042e-4,-0.017768181630929487
2020,11,HUN.13.3_1,-7.426406926406897e-5,-0.019330095555531973
2020,11,HUN.14.11_1,-5.442640692640693e-4,-0.02260603832060787
2020,11,HUN.14.12_1,-7.426406926406897e-5,-0.019330095555531973
2020,11,HUN.14.14_1,-7.426406926406897e-5,-0.019330095555531973
2020,11,HUN.14.15_1,6.307359307359308e-4,-0.014776472621163035
2020,11,HUN.14.2_1,8.65735930735931e-4,-0.013340182117714264
2020,11,HUN.14.4_1,3.9573593073593063e-4,-0.01625146094410005
2020,11,HUN.14.5_1,1.6073593073593042e-4,-0.017768181630929487
2020,11,HUN.14.6_1,0.0011007359307359304,-0.011939911008986214
2020,11,HUN.14.7_1,-7.792640692640695e-4,-0.024330059403476906
2020,11,HUN.14.8_1,0.0011007359307359304,-0.011939911008986214
2020,11,HUN.14.9_1,-7.426406926406897e-5,-0.019330095555531973
2020,11,HUN.16.9_1,-3.0926406926406916e-4,-0.020941179015623732
2020,11,HUN.17.2_1,-5.442640692640693e-4,-0.022606038320607875
2020,11,HUN.19.8_1,8.65735930735931e-4,-0.013340182117714264
2020,11,HUN.2.1_1,-7.426406926406897e-5,-0.019330095555531973
2020,11,HUN.2.3_1,0.0067407359307359305,0.014714611715592314
2020,11,HUN.4.15_1,1.6073593073593042e-4,-0.017768181630929487
2020,11,HUN.5.1_1,-5.442640692640693e-4,-0.022606038320607875
2020,11,HUN.8.1_1,8.65735930735931e-4,-0.013340182117714264
2020,11,ITA.10.2_1,-5.669785719654109e-4,-0.02348181991912762
2020,11,ITA.10.5_1,0.0013357359307359306,-0.010573280989969857
2020,11,ITA.17.2_1,-3.0926406926406916e-4,-0.020941179015623732
2020,11,ITA.20.1_1,0.001824176051989125,-0.007858651218166366
2020,11,ITA.20.7_1,-5.442640692640693e-4,-0.022606038320607875
