year,month,gid_2,est,se
2022,12,ESP.10.1_1,0.503,0.5002411830719671
2022,12,ESP.10.2_1,0.553,0.4974318430081034
2022,12,ESP.10.3_1,0.992,0.08912880535463237
