year,month,gid_1,est,se
2015,01,ESP.10_1,0.725,0.4467377022085494
2015,01,ESP.6_1,0.552,0.49753747953651045
