year,month,gid_2,est,se
2018,02,ESP.1.1_1,0,0.2848862231842041
2018,02,ESP.1.2_1,0,0.28632495871296654
2018,02,ESP.1.3_1,0,0.2819760814510878
2018,02,ESP.1.4_1,0,0.28050433629924987
2018,02,ESP.1.5_1,0,0.28050433629924987
2018,02,ESP.1.6_1,0,0.3105357184486713
2018,02,ESP.1.7_1,0,0.2848862231842041
2018,02,ESP.1.8_1,0,0.2775266131761439
2018,02,ESP.10.1_1,0,0.26352313834736496
2018,02,ESP.10.2_1,0,0.27297163499805893
2018,02,ESP.10.3_1,0,0.28775302222878874
2018,02,ESP.11.1_1,0,0.2586172517116422
2018,02,ESP.11.2_1,0,0.2848862231842041
2018,02,ESP.12.1_1,0,0.2760202658994212
2018,02,ESP.12.2_1,0,0.2775266131761439
2018,02,ESP.12.3_1,0,0.3001501125938321
2018,02,ESP.12.4_1,0,0.24840633185509925
2018,02,ESP.13.1_1,0,0.27297163499805893
2018,02,ESP.14.1_1,0,0.32158111638343195
2018,02,ESP.14.2_1,0,0.32395052700056526
2018,02,ESP.15.1_1,0,0.304110972316823
2018,02,ESP.16.1_1,0,0.2790212408632233
2018,02,ESP.16.2_1,0.029,0.1678904023081343
2018,02,ESP.16.3_1,0.033,0.17872588772459053
2018,02,ESP.17.1_1,0.252,0.4343785039394614
2018,02,ESP.18.1_1,0,0.304110972316823
2018,02,ESP.2.1_1,0,0.27142894774447635
2018,02,ESP.2.2_1,0,0.27450200609713465
2018,02,ESP.2.3_1,0,0.24127621974453722
2018,02,ESP.3.1_1,0.062,0.24127621974453722
2018,02,ESP.4.1_1,0,0.2819760814510878
2018,02,ESP.4.2_1,0,0.2933616557443407
2018,02,ESP.4.3_1,0,0.26672484350382913
2018,02,ESP.4.4_1,0,0.27142894774447635
2018,02,ESP.4.5_1,0,0.28343665312788385
2018,02,ESP.5.1_1,0,0.2790212408632233
2018,02,ESP.5.2_1,0,0.25695335184625445
2018,02,ESP.5.3_1,0,0.2619018758859749
2018,02,ESP.5.4_1,0,0.29197474077263813
2018,02,ESP.5.5_1,0,0.26513071171460745
2018,02,ESP.5.6_1,0,0.27450200609713465
2018,02,ESP.5.7_1,0,0.26830577330349786
2018,02,ESP.5.8_1,0,0.27297163499805893
2018,02,ESP.5.9_1,0,0.2775266131761439
2018,02,ESP.6.1_1,0,0.2586172517116422
2018,02,ESP.6.2_1,0,0.25527468571161765
2018,02,ESP.6.3_1,0,0.28343665312788385
2018,02,ESP.6.4_1,0,0.2760202658994212
2018,02,ESP.7.1_1,0,0.26987373312686774
2018,02,ESP.7.2_1,0,0.29197474077263813
2018,02,ESP.8.1_1,0,0.26830577330349786
2018,02,ESP.9.1_1,0,0.28050433629924987
