year,month,gid_2,est,se
2018,02,ESP.1.1_1,0,0.3203851535989872
2018,02,ESP.1.2_1,0,0.31918157352340515
2018,02,ESP.1.3_1,0,0.3105357184486713
2018,02,ESP.1.4_1,0,0.32158111638343195
2018,02,ESP.1.5_1,0,0.3227695465501356
2018,02,ESP.1.6_1,0,0.30541328929383094
2018,02,ESP.1.7_1,0,0.32395052700056526
2018,02,ESP.1.8_1,0,0.31797028965786267
2018,02,ESP.10.1_1,0,0.290577761426155
2018,02,ESP.10.2_1,0,0.30279974849343533
2018,02,ESP.10.3_1,0,0.31304631925323445
2018,02,ESP.11.1_1,0,0.2933616557443407
2018,02,ESP.12.1_1,0,0.30926792049394103
2018,02,ESP.12.3_1,0,0.3001501125938321
2018,02,ESP.12.4_1,0,0.3105357184486713
2018,02,ESP.13.1_1,0,0.3262904618058356
2018,02,ESP.14.1_1,0,0.29746341705239066
2018,02,ESP.14.2_1,0,0.29746341705239066
2018,02,ESP.15.1_1,0,0.32744957355785825
2018,02,ESP.16.3_1,0,0.19838941090279583
2018,02,ESP.17.1_1,0,0.4530576798391804
2018,02,ESP.18.1_1,0,0.3167512136225074
2018,02,ESP.2.1_1,0,0.32158111638343195
2018,02,ESP.2.2_1,0,0.296105857217784
2018,02,ESP.2.3_1,0,0.32158111638343195
2018,02,ESP.3.1_1,0,0.21597603025716916
2018,02,ESP.4.2_1,0,0.30279974849343533
2018,02,ESP.4.4_1,0,0.3167512136225074
2018,02,ESP.4.5_1,0,0.30541328929383094
2018,02,ESP.5.2_1,0,0.31918157352340515
2018,02,ESP.5.3_1,0,0.3262904618058356
2018,02,ESP.6.1_1,0,0.3262904618058356
2018,02,ESP.6.2_1,0,0.30541328929383094
2018,02,ESP.6.3_1,0,0.32860155048170264
2018,02,ESP.6.4_1,0,0.3117951510466707
2018,02,ESP.8.1_1,0,0.3142893217686178
