year,month,gid_2,est,se
2018,02,ESP.1.1_1,0,0.28050433629924987
2018,02,ESP.1.2_1,0,0.2947386484173239
2018,02,ESP.1.3_1,0,0.29197474077263813
2018,02,ESP.1.4_1,0,0.2819760814510878
2018,02,ESP.1.5_1,0,0.27297163499805893
2018,02,ESP.1.6_1,0,0.26987373312686774
2018,02,ESP.1.7_1,0,0.290577761426155
2018,02,ESP.1.8_1,0,0.27450200609713465
2018,02,ESP.10.1_1,0,0.28050433629924987
2018,02,ESP.10.2_1,0,0.2790212408632233
2018,02,ESP.10.3_1,0,0.28343665312788385
2018,02,ESP.11.1_1,0,0.26830577330349786
2018,02,ESP.12.1_1,0,0.2760202658994212
2018,02,ESP.12.3_1,0,0.24487540497968344
2018,02,ESP.12.4_1,0,0.2988114594326802
2018,02,ESP.13.1_1,0,0.26672484350382913
2018,02,ESP.14.1_1,0,0.28775302222878874
2018,02,ESP.14.2_1,0,0.3001501125938321
2018,02,ESP.15.1_1,0,0.2947386484173239
2018,02,ESP.16.3_1,0.031,0.17340435135563662
2018,02,ESP.17.1_1,0.261,0.4393996723622721
2018,02,ESP.18.1_1,0,0.26352313834736496
2018,02,ESP.2.1_1,0,0.2775266131761439
2018,02,ESP.2.2_1,0,0.2535809600567505
2018,02,ESP.2.3_1,0,0.24127621974453722
2018,02,ESP.3.1_1,0.055,0.22809433799861634
2018,02,ESP.4.2_1,0,0.2790212408632233
2018,02,ESP.4.4_1,0,0.2848862231842041
2018,02,ESP.4.5_1,0,0.2790212408632233
2018,02,ESP.5.2_1,0,0.29197474077263813
2018,02,ESP.5.3_1,0,0.2790212408632233
2018,02,ESP.6.1_1,0,0.28050433629924987
2018,02,ESP.6.2_1,0,0.29746341705239066
2018,02,ESP.6.3_1,0,0.2619018758859749
2018,02,ESP.6.4_1,0,0.26987373312686774
2018,02,ESP.8.1_1,0,0.2775266131761439
