year,month,gid_2,est,se
2018,02,AND.2_1,0,0.3502480173729377
2018,02,AND.3_1,0,0.3440194025768741
2018,02,AND.4_1,0,0.3592005359475749
2018,02,AND.6_1,0,0.37226681638655706
2018,02,AUT.9.1_2,0,0.1467567291047928
2018,02,DEU.1.15_1,0,0.3429600875052688
2018,02,DEU.2.37_1,0,0.36585906146062974
2018,02,DEU.2.54_1,0,0.28775302222878874
2018,02,DEU.3.1_1,0,0.36863517451796685
2018,02,ESP.1.1_1,0,0.3639828065767441
2018,02,ESP.1.2_1,0,0.3386601403925338
2018,02,ESP.1.3_1,0,0.33647171235218754
2018,02,ESP.1.4_1,0,0.3582280381646966
2018,02,ESP.1.5_1,0,0.36863517451796685
2018,02,ESP.1.6_1,0,0.3450725649411658
2018,02,ESP.1.7_1,0,0.35126540875438816
2018,02,ESP.1.8_1,0,0.3552776691859794
2018,02,ESP.10.1_1,0,0.3601676286407771
2018,02,ESP.10.2_1,0,0.3461196307619647
2018,02,ESP.10.3_1,0,0.3552776691859794
2018,02,ESP.11.1_1,0,0.3582280381646966
2018,02,ESP.12.1_1,0,0.362085771753194
2018,02,ESP.12.3_1,0,0.3601676286407771
2018,02,ESP.12.4_1,0,0.3532829019480122
2018,02,ESP.13.1_1,0,0.33756918246924283
2018,02,ESP.14.1_1,0,0.35126540875438816
2018,02,ESP.14.2_1,0,0.36585906146062974
2018,02,ESP.15.1_1,0,0.362085771753194
2018,02,ESP.16.3_1,0,0.17872588772459053
2018,02,ESP.17.1_1,0,0.4951809812626129
2018,02,ESP.18.1_1,0,0.3429600875052688
2018,02,ESP.2.1_1,0,0.3251241389157466
2018,02,ESP.2.2_1,0,0.3532829019480122
2018,02,ESP.2.3_1,0,0.3342569785774528
2018,02,ESP.3.1_1,0,0.43265018916693676
2018,02,ESP.4.1_1,0,0.3552776691859794
2018,02,ESP.4.2_1,0,0.3552776691859794
2018,02,ESP.4.4_1,0,0.3429600875052688
2018,02,ESP.4.5_1,0,0.3471606552023436
2018,02,ESP.5.2_1,0,0.3461196307619647
2018,02,ESP.5.3_1,0,0.362085771753194
2018,02,ESP.6.1_1,0,0.36863517451796685
2018,02,ESP.6.2_1,0,0.3601676286407771
2018,02,ESP.6.3_1,0,0.35126540875438816
2018,02,ESP.6.4_1,0,0.37136627864268035
2018,02,ESP.8.1_1,0,0.33756918246924283
2018,02,FRA.11.11_1,0,0.33647171235218754
2018,02,FRA.12.4_1,0,0.3342569785774528
2018,02,FRA.8.7_1,0,0.35428310221702153
2018,02,ITA.10.7_1,0,0.2602666685127751
2018,02,ITA.10.9_1,0,0.25695335184625445
2018,02,ITA.2.1_1,0,0.3461196307619647
2018,02,ITA.6.8_1,0,0.33088439746304826
2018,02,ITA.8.4_1,0,0.3677148544921924
2018,02,POL.12.28_1,0,0.3601676286407771
2018,02,POL.12.29_1,0,0.3502480173729377
2018,02,PRT.15.12_1,0,0.3749394345485409
2018,02,TUR.41.1_1,0,0.3611293596682696
