year,month,gid_2,est,se
2018,02,ESP.1.1_1,0,0.296105857217784
2018,02,ESP.1.2_1,0,0.28632495871296654
2018,02,ESP.1.3_1,0,0.2775266131761439
2018,02,ESP.1.4_1,0,0.28632495871296654
2018,02,ESP.1.5_1,0,0.3001501125938321
2018,02,ESP.1.6_1,0,0.27450200609713465
2018,02,ESP.1.7_1,0,0.2933616557443407
2018,02,ESP.1.8_1,0,0.28775302222878874
2018,02,ESP.10.1_1,0,0.28343665312788385
2018,02,ESP.10.2_1,0,0.2775266131761439
2018,02,ESP.10.3_1,0,0.2848862231842041
2018,02,ESP.11.1_1,0,0.29197474077263813
2018,02,ESP.11.2_1,0,0.27142894774447635
2018,02,ESP.12.1_1,0,0.25695335184625445
2018,02,ESP.12.2_1,0,0.26672484350382913
2018,02,ESP.12.3_1,0,0.2586172517116422
2018,02,ESP.12.4_1,0,0.2619018758859749
2018,02,ESP.13.1_1,0,0.2933616557443407
2018,02,ESP.14.1_1,0,0.3105357184486713
2018,02,ESP.14.2_1,0,0.2819760814510878
2018,02,ESP.15.1_1,0,0.2586172517116422
2018,02,ESP.16.1_1,0,0.26830577330349786
2018,02,ESP.16.2_1,0.035,0.18387171834952978
2018,02,ESP.16.3_1,0.024,0.15312559370479986
2018,02,ESP.17.1_1,0.246,0.4308940353145651
2018,02,ESP.18.1_1,0,0.2619018758859749
2018,02,ESP.2.1_1,0,0.2790212408632233
2018,02,ESP.2.2_1,0,0.2619018758859749
2018,02,ESP.2.3_1,0,0.2848862231842041
2018,02,ESP.3.1_1,0.065,0.24664921616708177
2018,02,ESP.4.1_1,0,0.2602666685127751
2018,02,ESP.4.2_1,0,0.26352313834736496
2018,02,ESP.4.3_1,0,0.2947386484173239
2018,02,ESP.4.4_1,0,0.2775266131761439
2018,02,ESP.4.5_1,0,0.30279974849343533
2018,02,ESP.5.1_1,0,0.25695335184625445
2018,02,ESP.5.2_1,0,0.2848862231842041
2018,02,ESP.5.3_1,0,0.26672484350382913
2018,02,ESP.5.4_1,0,0.2619018758859749
2018,02,ESP.5.5_1,0,0.28632495871296654
2018,02,ESP.5.6_1,0,0.28050433629924987
2018,02,ESP.5.7_1,0,0.2775266131761439
2018,02,ESP.5.8_1,0,0.27142894774447635
2018,02,ESP.5.9_1,0,0.2790212408632233
2018,02,ESP.6.1_1,0,0.25695335184625445
2018,02,ESP.6.2_1,0,0.26830577330349786
2018,02,ESP.6.3_1,0,0.28343665312788385
2018,02,ESP.6.4_1,0,0.2619018758859749
2018,02,ESP.7.1_1,0,0.2790212408632233
2018,02,ESP.7.2_1,0,0.2790212408632233
2018,02,ESP.8.1_1,0,0.27450200609713465
2018,02,ESP.9.1_1,0,0.2790212408632233
