year,month,gid_2,est,se
2018,02,AND.2_1,0,0.30799165387857325
2018,02,AND.3_1,0,0.28343665312788385
2018,02,AND.4_1,0,0.32158111638343195
2018,02,AND.6_1,0,0.30279974849343533
2018,02,AUT.9.1_2,0,0.13301764429463367
2018,02,DEU.1.15_1,0,0.30279974849343533
2018,02,DEU.2.37_1,0,0.3142893217686178
2018,02,DEU.2.54_1,0,0.23003677296666486
2018,02,DEU.3.1_1,0,0.31797028965786267
2018,02,ESP.1.1_1,0,0.290577761426155
2018,02,ESP.1.2_1,0,0.28775302222878874
2018,02,ESP.1.3_1,0,0.2760202658994212
2018,02,ESP.1.4_1,0,0.3014795016081357
2018,02,ESP.1.5_1,0,0.29746341705239066
2018,02,ESP.1.6_1,0,0.3117951510466707
2018,02,ESP.1.7_1,0,0.2848862231842041
2018,02,ESP.1.8_1,0,0.29746341705239066
2018,02,ESP.10.1_1,0,0.296105857217784
2018,02,ESP.10.2_1,0,0.3067068128833611
2018,02,ESP.10.3_1,0,0.304110972316823
2018,02,ESP.11.1_1,0,0.30799165387857325
2018,02,ESP.12.1_1,0,0.3167512136225074
2018,02,ESP.12.3_1,0,0.3227695465501356
2018,02,ESP.12.4_1,0,0.3227695465501356
2018,02,ESP.13.1_1,0,0.3117951510466707
2018,02,ESP.14.1_1,0,0.304110972316823
2018,02,ESP.14.2_1,0,0.32395052700056526
2018,02,ESP.15.1_1,0,0.2947386484173239
2018,02,ESP.16.3_1,0,0.08341437500789632
2018,02,ESP.17.1_1,0,0.4895208173618673
2018,02,ESP.18.1_1,0,0.2848862231842041
2018,02,ESP.2.1_1,0,0.296105857217784
2018,02,ESP.2.2_1,0,0.29746341705239066
2018,02,ESP.2.3_1,0,0.3167512136225074
2018,02,ESP.3.1_1,0,0.3450725649411658
2018,02,ESP.4.1_1,0,0.31304631925323445
2018,02,ESP.4.2_1,0,0.32158111638343195
2018,02,ESP.4.4_1,0,0.30541328929383094
2018,02,ESP.4.5_1,0,0.304110972316823
2018,02,ESP.5.2_1,0,0.28775302222878874
2018,02,ESP.5.3_1,0,0.3001501125938321
2018,02,ESP.6.1_1,0,0.3067068128833611
2018,02,ESP.6.2_1,0,0.2947386484173239
2018,02,ESP.6.3_1,0,0.2819760814510878
2018,02,ESP.6.4_1,0,0.30926792049394103
2018,02,ESP.8.1_1,0,0.31797028965786267
2018,02,FRA.11.11_1,0,0.30541328929383094
2018,02,FRA.12.4_1,0,0.30926792049394103
2018,02,FRA.8.7_1,0,0.2848862231842041
2018,02,ITA.10.7_1,0,0.15921478998305827
2018,02,ITA.10.9_1,0,0.1293357171384909
2018,02,ITA.2.1_1,0,0.3167512136225074
2018,02,ITA.6.8_1,0,0.31304631925323445
2018,02,ITA.8.4_1,0,0.30799165387857325
2018,02,POL.12.28_1,0,0.2760202658994212
2018,02,POL.12.29_1,0,0.29746341705239066
2018,02,PRT.15.12_1,0,0.31304631925323445
2018,02,TUR.41.1_1,0,0.28632495871296654
