year,month,gid_2,est,se
2017,05,ESP.1.1_1,0,0.42232020358296185
2017,05,ESP.1.2_1,0,0.4248346554654934
2017,05,ESP.1.3_1,0,0.43775292989039793
2017,05,ESP.1.4_1,0,0.4254550646214145
2017,05,ESP.1.5_1,0,0.4332293707583636
2017,05,ESP.1.6_1,0,0.43664018900538076
2017,05,ESP.1.7_1,0,0.42668613881993056
2017,05,ESP.1.8_1,0,0.44208533049564025
2017,05,ESP.10.1_1,0,0.4130939925085411
2017,05,ESP.10.2_1,0,0.43148253403489834
2017,05,ESP.10.3_1,0,0.43265018916693676
2017,05,ESP.11.1_1,0,0.4254550646214145
2017,05,ESP.11.2_1,0,0.42790431418963526
2017,05,ESP.12.1_1,0,0.4210430824479572
2017,05,ESP.12.3_1,0,0.4291097005838194
2017,05,ESP.12.4_1,0,0.4393996723622721
2017,05,ESP.13.1_1,0,0.432067914433232
2017,05,ESP.14.1_1,0,0.4197525368502163
2017,05,ESP.14.2_1,0,0.4303024054780082
2017,05,ESP.15.1_1,0,0.428508599236491
2017,05,ESP.16.2_1,0,0.31304631925323445
2017,05,ESP.16.3_1,0,0.29746341705239066
2017,05,ESP.17.1_1,0.6,0.4901430813958718
2017,05,ESP.18.1_1,0,0.43148253403489834
2017,05,ESP.2.1_1,0,0.4343785039394614
2017,05,ESP.2.2_1,0,0.432067914433232
2017,05,ESP.2.3_1,0,0.4291097005838194
2017,05,ESP.3.1_1,0.135,0.34189456253630574
2017,05,ESP.4.1_1,0,0.43494847991478275
2017,05,ESP.4.2_1,0,0.432067914433232
2017,05,ESP.4.3_1,0,0.428508599236491
2017,05,ESP.4.4_1,0,0.4360793106364542
2017,05,ESP.4.5_1,0,0.42421097929562707
2017,05,ESP.5.1_1,0,0.44521254947969985
2017,05,ESP.5.2_1,0,0.42039949540375965
2017,05,ESP.5.5_1,0,0.4177912750998392
2017,05,ESP.5.6_1,0,0.42358402168096876
2017,05,ESP.5.8_1,0,0.432067914433232
2017,05,ESP.6.1_1,0,0.42295376802895357
2017,05,ESP.6.2_1,0,0.4291097005838194
2017,05,ESP.6.3_1,0,0.4248346554654934
2017,05,ESP.6.4_1,0,0.43265018916693676
2017,05,ESP.8.1_1,0,0.4308940353145651
2017,05,ESP.9.1_1,0,0.42295376802895357
2017,05,ITA.10.9_1,0,0.42232020358296185
2017,05,ITA.16.10_1,0,0.42358402168096876
2017,05,ITA.16.2_1,0,0.43551541152257023
2017,05,ITA.8.4_1,0,0.41910219117375974
