ID_0,est,se
ESP,0.5396329043347252,0.07770405065471747
