year,month,gid_1,est,se
2022,08,ESP.1_1,0,0.4105748438673884
2022,08,ESP.10_1,0,0.41058376172311645
2022,08,ESP.11_1,0,0.4103816250292961
2022,08,ESP.12_1,0,0.4210493621190691
2022,08,ESP.13_1,0,0.41033202698835536
2022,08,ESP.14_1,0,0.40949866716905753
2022,08,ESP.15_1,0,0.42421097929562707
2022,08,ESP.16_1,0.07138952217807168,0.35721386267212246
2022,08,ESP.17_1,0.288,0.4530576798391804
2022,08,ESP.18_1,0,0.41512809027013736
2022,08,ESP.2_1,0,0.4098275631209197
2022,08,ESP.3_1,0.016,0.12553788177183714
2022,08,ESP.4_1,0,0.4196235542318044
2022,08,ESP.5_1,0,0.41184782450507246
2022,08,ESP.6_1,0,0.41789718609754645
2022,08,ESP.7_1,0,0.43148253403489834
2022,08,ESP.8_1,0,0.40892936214366316
2022,08,ESP.9_1,0,0.41377555535605315
2022,08,ITA.1_1,0,0.410032828409118
2022,08,ITA.10_1,0,0.34316082495356204
2022,08,ITA.11_1,0,0.4098614679533351
2022,08,ITA.12_1,0,0.406255681259091
2022,08,ITA.13_1,0,0.41419694579362776
2022,08,ITA.14_1,0,0.40988886245855183
2022,08,ITA.15_1,0,0.41221818086521383
2022,08,ITA.16_1,0,0.4145517825435852
2022,08,ITA.17_1,0,0.408232496026437
2022,08,ITA.18_1,0,0.3990056011797994
2022,08,ITA.19_1,0,0.4124088760939574
2022,08,ITA.2_1,0,0.41253188939781493
2022,08,ITA.20_1,0,0.34050888110688127
2022,08,ITA.3_1,0,0.4146133450046689
2022,08,ITA.4_1,0,0.41012725748619017
2022,08,ITA.5_1,0,0.4191990656085378
2022,08,ITA.6_1,0,0.41124006511660205
2022,08,ITA.7_1,0,0.24059349650779602
2022,08,ITA.8_1,0,0.27713100351705
2022,08,ITA.9_1,0,0.40888038793436055
