year,month,gid_1,est,se
2022,08,ESP.1_1,0,0.32063654181278756
2022,08,ESP.10_1,0,0.3184404721387405
2022,08,ESP.11_1,0,0.3379056183060523
2022,08,ESP.12_1,0,0.33677710970583385
2022,08,ESP.13_1,0,0.3140586698321157
2022,08,ESP.14_1,0,0.290651315845124
2022,08,ESP.15_1,0,0.32029492325906617
2022,08,ESP.16_1,0.09448751910558435,0.33264526519062243
2022,08,ESP.17_1,0.306,0.4519376990167701
2022,08,ESP.18_1,0,0.3379892168797604
2022,08,ESP.2_1,0,0.33562089850143006
2022,08,ESP.3_1,0.049,0.14977976072641022
2022,08,ESP.4_1,0,0.32689274444292804
2022,08,ESP.5_1,0,0.33366790472066193
2022,08,ESP.6_1,0,0.3262814294010706
2022,08,ESP.7_1,0,0.3166570424560767
2022,08,ESP.8_1,0,0.34466915534444686
2022,08,ESP.9_1,0,0.31782167758251184
