year,month,gid_3,est,se
2017,08,AUT.8.2.13_2,0.104,0.30541328929383094
2017,08,AUT.8.2.15_2,0.104,0.30541328929383094
2017,08,AUT.8.2.24_2,0.104,0.30541328929383094
2017,08,AUT.8.4.4_2,0.059,0.23574260237507894
2017,08,AUT.9.1.1_2,0.081,0.27297163499805893
2017,08,ESP.16.2.1_1,0.02,0.14007005254378832
2017,08,ESP.16.3.1_1,0.017,0.1293357171384909
2017,08,ESP.17.1.4_1,0.09,0.28632495871296654
2017,08,ESP.17.1.5_1,0.09,0.28632495871296654
2017,08,ESP.17.1.7_1,0.09,0.28632495871296654
2017,08,ESP.17.1.8_1,0.09,0.28632495871296654
2017,08,ESP.3.1.11_1,0.023,0.1499783100768024
2017,08,ESP.3.1.4_1,0.023,0.1499783100768024
2017,08,ESP.3.1.5_1,0.023,0.1499783100768024
2017,08,ESP.3.1.6_1,0.023,0.1499783100768024
2017,08,ESP.3.1.7_1,0.023,0.1499783100768024
2017,08,ESP.3.1.9_1,0.023,0.1499783100768024
