year,month,gid_2,est,se
2021,07,ESP.1.1_1,0,0.41512809027013736
2021,07,ESP.1.2_1,0,0.4124088760939574
2021,07,ESP.1.3_1,0,0.40094857495663927
2021,07,ESP.1.4_1,0,0.41033202698835536
2021,07,ESP.1.5_1,0,0.4067978422810088
2021,07,ESP.1.6_1,0,0.39944781706570703
2021,07,ESP.1.7_1,0,0.4060799193519681
2021,07,ESP.1.8_1,0,0.40963251677424095
2021,07,ESP.10.1_1,0,0.41512809027013736
2021,07,ESP.10.2_1,0,0.402433787041984
2021,07,ESP.10.3_1,0,0.4124088760939574
2021,07,ESP.11.1_1,0,0.38354413840665863
2021,07,ESP.11.2_1,0,0.4110279113928201
2021,07,ESP.12.1_1,0,0.3932857404911519
2021,07,ESP.12.2_1,0,0.3868600013708585
2021,07,ESP.12.3_1,0,0.387678080750375
2021,07,ESP.12.4_1,0,0.40317061716666125
2021,07,ESP.13.1_1,0,0.4124088760939574
2021,07,ESP.14.1_1,0,0.4144535821678608
2021,07,ESP.14.2_1,0,0.40094857495663927
2021,07,ESP.15.1_1,0,0.4053582555164201
2021,07,ESP.16.2_1,0.055,0.22809433799861634
2021,07,ESP.16.3_1,0.068,0.2518718710762269
2021,07,ESP.17.1_1,0.508,0.5001861515337926
2021,07,ESP.18.1_1,0,0.4130939925085411
2021,07,ESP.2.1_1,0,0.4117201883725323
2021,07,ESP.2.2_1,0,0.40963251677424095
2021,07,ESP.2.3_1,0,0.39793133748091436
2021,07,ESP.3.1_1,0,0.24664921616708177
2021,07,ESP.4.1_1,0,0.40963251677424095
2021,07,ESP.4.2_1,0,0.4082225442643334
2021,07,ESP.4.3_1,0,0.40751204407485436
2021,07,ESP.4.4_1,0,0.39562674393994207
2021,07,ESP.4.5_1,0,0.4053582555164201
2021,07,ESP.5.1_1,0,0.4053582555164201
2021,07,ESP.5.2_1,0,0.40751204407485436
2021,07,ESP.5.3_1,0,0.3924972026066607
2021,07,ESP.5.4_1,0,0.39562674393994207
2021,07,ESP.5.5_1,0,0.39793133748091436
2021,07,ESP.5.6_1,0,0.39485048677557294
2021,07,ESP.5.8_1,0,0.39944781706570703
2021,07,ESP.5.9_1,0,0.4060799193519681
2021,07,ESP.6.1_1,0,0.39944781706570703
2021,07,ESP.6.2_1,0,0.3932857404911519
2021,07,ESP.6.3_1,0,0.39090767299812473
2021,07,ESP.6.4_1,0,0.40020015012510946
2021,07,ESP.7.1_1,0,0.41512809027013736
2021,07,ESP.8.1_1,0,0.39562674393994207
2021,07,ESP.9.1_1,0,0.40094857495663927
