year,month,gid_1,est,se
2022,12,ESP.1_1,0.5499140424110501,0.28418530059975405
2022,12,ESP.10_1,0.4226508937487906,0.49035206937712605
2022,12,ESP.11_1,0.02696850949574313,0.16209513395134822
2022,12,ESP.12_1,0.01945263132548143,0.11308826485668445
2022,12,ESP.13_1,0.363,0.48126003129151074
2022,12,ESP.14_1,0.16179330448449653,0.36515211117982527
2022,12,ESP.15_1,0.011,0.10438816290861262
2022,12,ESP.16_1,0.10290893440648123,0.25032110806854013
2022,12,ESP.17_1,0.027999999999999997,0.1651083032694131
2022,12,ESP.18_1,0.551,0.4978009673370713
2022,12,ESP.2_1,0.18019015864215143,0.31853965392892136
2022,12,ESP.3_1,0.536,0.49911216066040975
2022,12,ESP.4_1,0.056763016166480454,0.1772538378726737
2022,12,ESP.5_1,0.0862331401878621,0.22171759143257405
2022,12,ESP.6_1,0.6189040912079197,0.38177533309152534
2022,12,ESP.7_1,0.00528491647488558,0.07096804642993426
2022,12,ESP.8_1,0.673,0.46950278711568744
2022,12,ESP.9_1,0.046,0.20965724249698073
