year,month,gid_3,est,se
2016,06,DOM.5.1_1,0.023,0.1499783100768024
2016,06,GTM.7.7_1,0.247,0.43148253403489834
2016,06,MEX.14.40_2,0.026,0.15921478998305827
2016,06,MEX.16.57_2,0.051,0.22010780869257557
2016,06,MEX.9.9_2,0.023,0.1499783100768024
2016,06,PRI.65_1,0.069,0.2535809600567505
2016,06,USA.10.43_1,0.032,0.17608806605504818
