ID_0,est,se
ESP,0.07201467226000002,0.010287890783276809
