year,month,gid_2,est,se
2021,03,ESP.1.1_1,0.034,0.18131981931624816
2021,03,ESP.1.2_1,0.147,0.35428310221702153
2021,03,ESP.1.4_1,0.154,0.3611293596682696
2021,03,ESP.1.5_1,0.096,0.2947386484173239
2021,03,ESP.1.7_1,0.454,0.49812863010685515
2021,03,ESP.1.8_1,0.75,0.4332293707583636
2021,03,ESP.10.1_1,0.446,0.4973241712719495
2021,03,ESP.10.2_1,0.155,0.362085771753194
2021,03,ESP.10.3_1,0.314,0.4643485970901814
2021,03,ESP.11.1_1,0.083,0.2760202658994212
2021,03,ESP.11.2_1,0.076,0.26513071171460745
2021,03,ESP.12.1_1,0.02,0.14007005254378832
2021,03,ESP.12.2_1,0,0.3986915536538929
2021,03,ESP.12.4_1,0.041,0.19838941090279583
2021,03,ESP.13.1_1,0.559,0.49675523728066096
2021,03,ESP.14.1_1,0.038,0.19129190414806527
2021,03,ESP.14.2_1,0.092,0.28917057184232914
2021,03,ESP.15.1_1,0.079,0.26987373312686774
2021,03,ESP.16.1_1,0,0.3818596821043259
2021,03,ESP.16.2_1,0.212,0.40892936214366316
2021,03,ESP.16.3_1,0.025,0.15620307103062794
2021,03,ESP.17.1_1,0.446,0.4973241712719495
2021,03,ESP.18.1_1,0.128,0.3342569785774528
2021,03,ESP.2.3_1,0.089,0.2848862231842041
2021,03,ESP.3.1_1,0.033,0.17872588772459053
2021,03,ESP.4.1_1,0.057,0.2319586273558386
2021,03,ESP.4.3_1,0,0.403903624814309
2021,03,ESP.4.5_1,0.073,0.2602666685127751
2021,03,ESP.5.1_1,0.181,0.38521083498181535
2021,03,ESP.5.8_1,0,0.39485048677557294
2021,03,ESP.6.1_1,0.848,0.3592005359475749
2021,03,ESP.6.2_1,0.299,0.4580489153014215
2021,03,ESP.6.3_1,0.038,0.19129190414806527
2021,03,ESP.6.4_1,0.48,0.4998498272980094
2021,03,ESP.8.1_1,0.428,0.49503642397409614
2021,03,ESP.9.1_1,0,0.40963251677424095
