year,month,gid_2,est,se
2021,06,ESP.10.1_1,1,0
2021,06,ESP.10.2_1,1,0
2021,06,ESP.10.3_1,1,0
2021,06,ESP.18.1_1,1,0
2021,06,ESP.2.1_1,0.95,0.21805400144814482
2021,06,ESP.2.2_1,0.21,0.40751204407485436
2021,06,ESP.2.3_1,0.682,0.46593249842986173
2021,06,ESP.4.1_1,0.685,0.4647483092933109
2021,06,ESP.4.3_1,0.128,0.3342569785774528
2021,06,ESP.6.1_1,1,0
2021,06,ESP.6.2_1,1,0
2021,06,ESP.6.3_1,1,0
2021,06,ESP.6.4_1,1,0
2021,06,FRA.11.11_1,0.772,0.4197525368502163
2021,06,FRA.11.6_1,0.295,0.45627095369219284
