year,month,gid_2,est,se
2021,06,ESP.1.1_1,0.929,0.25695335184625445
2021,06,ESP.1.2_1,0.722,0.4482375674984382
2021,06,ESP.1.3_1,0.768,0.42232020358296185
2021,06,ESP.1.4_1,0.876,0.32974646735443996
2021,06,ESP.1.5_1,0,0.4985655098054493
2021,06,ESP.1.6_1,0.75,0.4332293707583636
2021,06,ESP.1.7_1,0.987,0.11333068359382575
2021,06,ESP.1.8_1,0.913,0.2819760814510878
2021,06,ESP.10.1_1,0.996,0.06315051850925682
2021,06,ESP.10.2_1,0.857,0.3502480173729377
2021,06,ESP.10.3_1,0.998,0.04469897088298564
2021,06,ESP.11.1_1,0,0.49996095943679536
2021,06,ESP.11.2_1,0,0.5000250243988045
2021,06,ESP.12.1_1,0,0.5002461856388775
2021,06,ESP.12.2_1,0,0.4990922691177385
2021,06,ESP.12.3_1,0,0.500249187155011
2021,06,ESP.12.4_1,0,0.5002011607355596
2021,06,ESP.13.1_1,0.909,0.28775302222878874
2021,06,ESP.14.1_1,0,0.4909429956981004
2021,06,ESP.14.2_1,0,0.4957385972029581
2021,06,ESP.15.1_1,0.084,0.2775266131761439
2021,06,ESP.16.1_1,0,0.4996735671152454
2021,06,ESP.16.2_1,0.782,0.4130939925085411
2021,06,ESP.16.3_1,0.249,0.43265018916693676
2021,06,ESP.17.1_1,0,0.4995733915788286
2021,06,ESP.18.1_1,0.905,0.2933616557443407
2021,06,ESP.2.1_1,0.69,0.46272466339510593
2021,06,ESP.2.2_1,0.103,0.304110972316823
2021,06,ESP.2.3_1,0.224,0.41713067256915787
2021,06,ESP.3.1_1,0,0.5000250243988045
2021,06,ESP.4.1_1,0.316,0.4651455260027343
2021,06,ESP.4.2_1,0,0.4998888765404656
2021,06,ESP.4.3_1,0.08,0.27142894774447635
2021,06,ESP.4.4_1,0,0.5000810745080052
2021,06,ESP.4.5_1,0.225,0.4177912750998392
2021,06,ESP.5.1_1,0,0.5001060948499889
2021,06,ESP.5.2_1,0,0.5001060948499889
2021,06,ESP.5.3_1,0,0.4997206426802086
2021,06,ESP.5.4_1,0,0.49992592043814443
2021,06,ESP.5.5_1,0,0.500129112459102
2021,06,ESP.5.6_1,0,0.4998498272980094
2021,06,ESP.5.7_1,0,0.4982200550190881
2021,06,ESP.5.8_1,0,0.4998498272980094
2021,06,ESP.5.9_1,0,0.4998498272980094
2021,06,ESP.6.1_1,0.953,0.21174474216810163
2021,06,ESP.6.2_1,0.957,0.2029585972364615
2021,06,ESP.6.3_1,0.857,0.3502480173729377
2021,06,ESP.6.4_1,0.975,0.15620307103062794
2021,06,ESP.7.1_1,0,0.4979396991041626
2021,06,ESP.7.2_1,0,0.4962633144584408
2021,06,ESP.8.1_1,0.23,0.4210430824479572
2021,06,ESP.9.1_1,0.083,0.2760202658994212
