ID_1,est,se
ESP.1_1,0,0
ESP.10_1,0,0
ESP.11_1,0,0
ESP.12_1,0,0
ESP.13_1,0,0
ESP.14_1,0,0
ESP.15_1,0,0
ESP.16_1,0.12940799999999997,0.15455377071782372
ESP.17_1,0.23199999999999998,0.42232020358296185
ESP.18_1,0,0
ESP.2_1,0,0
ESP.3_1,0.049000000000000044,0.21597603025716916
ESP.4_1,0,0
ESP.5_1,0,0
ESP.6_1,0,0
ESP.7_1,0,0
ESP.8_1,0,0
ESP.9_1,0,0
