year,month,gid_1,est,se
2019,11,ESP.1_1,0,0.17688767159141494
2019,11,ESP.10_1,0,0.15362355778003242
2019,11,ESP.11_1,0,0.17694080151996358
2019,11,ESP.12_1,0,0.17658068505736726
2019,11,ESP.13_1,0,0.2000874345280291
2019,11,ESP.14_1,0,0.16146526914253034
2019,11,ESP.15_1,0,0.16843891162453495
2019,11,ESP.16_1,0.03038144956746641,0.12987389087031223
2019,11,ESP.17_1,0.168,0.3071561718027366
2019,11,ESP.18_1,0,0.1980801956522603
2019,11,ESP.2_1,0,0.16213229479856497
2019,11,ESP.3_1,0.077,0.1428562510874617
2019,11,ESP.4_1,0,0.15933596853278875
2019,11,ESP.5_1,0,0.18420755426464325
2019,11,ESP.6_1,0,0.18668382251287882
2019,11,ESP.8_1,0,0.19197486969054287
2019,11,ESP.9_1,0,0.19197486969054287
