year,month,gid_2,est,se
2019,09,ESP.1.1_1,0,0.4053582555164201
2019,09,ESP.1.2_1,0,0.39562674393994207
2019,09,ESP.1.3_1,0,0.38849186082326864
2019,09,ESP.1.4_1,0,0.3758207567993567
2019,09,ESP.1.5_1,0,0.38437969216355294
2019,09,ESP.1.6_1,0,0.3893013685508382
2019,09,ESP.1.7_1,0,0.38849186082326864
2019,09,ESP.1.8_1,0,0.3818596821043259
2019,09,ESP.10.1_1,0,0.39793133748091436
2019,09,ESP.10.2_1,0,0.38015722999769386
2019,09,ESP.10.3_1,0,0.37843653921656956
2019,09,ESP.11.1_1,0,0.39407016036651554
2019,09,ESP.11.2_1,0,0.3810107205436209
2019,09,ESP.12.1_1,0,0.39407016036651554
2019,09,ESP.12.2_1,0,0.39562674393994207
2019,09,ESP.12.3_1,0,0.39485048677557294
2019,09,ESP.12.4_1,0,0.3868600013708585
2019,09,ESP.13.1_1,0,0.39944781706570703
2019,09,ESP.14.1_1,0,0.3860375953518323
2019,09,ESP.14.2_1,0,0.39407016036651554
2019,09,ESP.15.1_1,0,0.3868600013708585
2019,09,ESP.16.1_1,0,0.26672484350382913
2019,09,ESP.16.2_1,0.056,0.23003677296666486
2019,09,ESP.16.3_1,0.048,0.21387319079712103
2019,09,ESP.17.1_1,0.456,0.4983094543677777
2019,09,ESP.18.1_1,0,0.36585906146062974
2019,09,ESP.2.1_1,0,0.3901066305296325
2019,09,ESP.2.2_1,0,0.37226681638655706
2019,09,ESP.2.3_1,0,0.3860375953518323
2019,09,ESP.3.1_1,0,0.2619018758859749
2019,09,ESP.4.1_1,0,0.366789496216201
2019,09,ESP.4.2_1,0,0.3740533597174552
2019,09,ESP.4.3_1,0,0.38849186082326864
2019,09,ESP.4.4_1,0,0.38354413840665863
2019,09,ESP.4.5_1,0,0.3758207567993567
2019,09,ESP.5.1_1,0,0.366789496216201
2019,09,ESP.5.3_1,0,0.39485048677557294
2019,09,ESP.5.4_1,0,0.3860375953518323
2019,09,ESP.5.5_1,0,0.3775692765024169
2019,09,ESP.5.6_1,0,0.3611293596682696
2019,09,ESP.5.7_1,0,0.3749394345485409
2019,09,ESP.5.8_1,0,0.3924972026066607
2019,09,ESP.5.9_1,0,0.37226681638655706
2019,09,ESP.6.1_1,0,0.3766973598273565
2019,09,ESP.6.2_1,0,0.38354413840665863
2019,09,ESP.6.3_1,0,0.3860375953518323
2019,09,ESP.6.4_1,0,0.37929917989348183
2019,09,ESP.8.1_1,0,0.3893013685508382
2019,09,ESP.9.1_1,0,0.3810107205436209
