year,month,gid_2,est,se
2019,09,ESP.1.1_1,0,0.32744957355785825
2019,09,ESP.1.2_1,0,0.32744957355785825
2019,09,ESP.1.3_1,0,0.3227695465501356
2019,09,ESP.1.4_1,0,0.3251241389157466
2019,09,ESP.1.5_1,0,0.3155242550986462
2019,09,ESP.1.6_1,0,0.31918157352340515
2019,09,ESP.1.7_1,0,0.3067068128833611
2019,09,ESP.1.8_1,0,0.3203851535989872
2019,09,ESP.10.1_1,0,0.3203851535989872
2019,09,ESP.10.2_1,0,0.3203851535989872
2019,09,ESP.10.3_1,0,0.3251241389157466
2019,09,ESP.11.1_1,0,0.32744957355785825
2019,09,ESP.11.2_1,0,0.30926792049394103
2019,09,ESP.12.1_1,0,0.3251241389157466
2019,09,ESP.12.2_1,0,0.3167512136225074
2019,09,ESP.12.3_1,0,0.3105357184486713
2019,09,ESP.12.4_1,0,0.30279974849343533
2019,09,ESP.13.1_1,0,0.3142893217686178
2019,09,ESP.14.1_1,0,0.33313958333104454
2019,09,ESP.14.2_1,0,0.31797028965786267
2019,09,ESP.15.1_1,0,0.33756918246924283
2019,09,ESP.16.1_1,0,0.3067068128833611
2019,09,ESP.16.2_1,0.043,0.2029585972364615
2019,09,ESP.16.3_1,0.043,0.2029585972364615
2019,09,ESP.17.1_1,0.331,0.4708085180417413
2019,09,ESP.18.1_1,0,0.304110972316823
2019,09,ESP.2.1_1,0,0.296105857217784
2019,09,ESP.2.2_1,0,0.31918157352340515
2019,09,ESP.2.3_1,0,0.30799165387857325
2019,09,ESP.3.1_1,0.086,0.28050433629924987
2019,09,ESP.4.1_1,0,0.3251241389157466
2019,09,ESP.4.2_1,0,0.31797028965786267
2019,09,ESP.4.3_1,0,0.2790212408632233
2019,09,ESP.4.4_1,0,0.31918157352340515
2019,09,ESP.4.5_1,0,0.30799165387857325
2019,09,ESP.5.1_1,0,0.304110972316823
2019,09,ESP.5.3_1,0,0.296105857217784
2019,09,ESP.5.4_1,0,0.2947386484173239
2019,09,ESP.5.5_1,0,0.33647171235218754
2019,09,ESP.5.6_1,0,0.3117951510466707
2019,09,ESP.5.7_1,0,0.3142893217686178
2019,09,ESP.5.8_1,0,0.3408227694273963
2019,09,ESP.5.9_1,0,0.3105357184486713
2019,09,ESP.6.1_1,0,0.3105357184486713
2019,09,ESP.6.2_1,0,0.30541328929383094
2019,09,ESP.6.3_1,0,0.32744957355785825
2019,09,ESP.6.4_1,0,0.304110972316823
2019,09,ESP.8.1_1,0,0.31797028965786267
2019,09,ESP.9.1_1,0,0.290577761426155
