ID_1,est,se
ESP.1_1,0.07260444880958017,0.09562248451354206
ESP.10_1,0.029713858000000037,0.09831696652094615
ESP.11_1,0.023865000000000025,0.10805049638306863
ESP.12_1,0.023859999999999992,0.05427443621892279
ESP.13_1,0.010000000000000009,0.0995485304256668
ESP.14_1,0.012963999999999976,0.07881911580743306
ESP.15_1,0.01200000000000001,0.10893974420691407
ESP.16_1,0.017919000000000018,0.06299180873707286
ESP.17_1,0.01200000000000001,0.10893974420691407
ESP.18_1,0.01100000000000001,0.10435463521037237
ESP.2_1,0.01593699999999998,0.0593006960378352
ESP.3_1,0.010000000000000009,0.0995485304256668
ESP.4_1,0.022836352000000004,0.051326791814852314
ESP.5_1,0.03359688958000007,0.03921741908104413
ESP.6_1,0.04907564848000001,0.11089667588315741
ESP.7_1,0.08699999999999997,0.1409880407255439
ESP.8_1,0.01200000000000001,0.10893974420691407
ESP.9_1,0,0
