year,month,gid_1,est,se
2018,01,ARG.24_1,0.016643,0.06470021676920344
2018,01,DOM.5_1,0.01958,0.07007007007007007
2018,01,GTM.7_1,0.077341,0.13500438564024525
2018,01,HND.8_1,0.623623,0.2406730960343727
2018,01,IND.20_1,0.004895,0.03530214209125596
2018,01,IND.34_1,0.104753,0.15471133526319453
2018,01,MEX.14_1,0.0723182397387007,0.12526981844006402
2018,01,MEX.16_1,0.022517,0.07502667776030818
2018,01,MEX.17_1,0.079299,0.13655411163264972
2018,01,MEX.31_1,0.06950899999999999,0.1285409624800264
2018,01,MEX.4_1,0.08811,0.14323411432686872
2018,01,MEX.9_1,0.018601,0.06833069221010664
2018,01,PAK.7_1,0.08615199999999999,0.14178923891592213
2018,01,PER.13_1,0.9535460000000001,0.07964722856669712
2018,01,PRI.52_1,0.07342499999999999,0.13182749941006933
2018,01,PRI.65_1,0.003916,0.03159105873485386
2018,01,USA.10_1,0.005874,0.03865212127388954
2018,01,USA.5_1,0.028391,0.08398720526035046
2018,01,VEN.14_1,0.080278,0.13731968006214626
