year,month,gid_2,est,se
2019,07,ESP.1.1_1,0,0.3532829019480122
2019,07,ESP.1.2_1,0,0.39090767299812473
2019,07,ESP.1.3_1,0,0.3677148544921924
2019,07,ESP.1.4_1,0,0.366789496216201
2019,07,ESP.1.5_1,0,0.3731624984510773
2019,07,ESP.1.6_1,0,0.3502480173729377
2019,07,ESP.1.7_1,0,0.36863517451796685
2019,07,ESP.1.8_1,0,0.366789496216201
2019,07,ESP.10.1_1,0,0.38270414482007176
2019,07,ESP.10.2_1,0,0.35725009115132167
2019,07,ESP.10.3_1,0,0.3740533597174552
2019,07,ESP.11.1_1,0,0.36863517451796685
2019,07,ESP.11.2_1,0,0.366789496216201
2019,07,ESP.12.1_1,0,0.3917045218432287
2019,07,ESP.12.2_1,0,0.38437969216355294
2019,07,ESP.12.3_1,0,0.3932857404911519
2019,07,ESP.12.4_1,0,0.3749394345485409
2019,07,ESP.13.1_1,0,0.35126540875438816
2019,07,ESP.14.1_1,0,0.35725009115132167
2019,07,ESP.14.2_1,0,0.362085771753194
2019,07,ESP.15.1_1,0,0.37843653921656956
2019,07,ESP.16.1_1,0,0.3704608498090469
2019,07,ESP.16.2_1,0,0.20740785428237288
2019,07,ESP.16.3_1,0,0.22010780869257557
2019,07,ESP.17.1_1,0.695,0.4606378047741926
2019,07,ESP.18.1_1,0,0.38015722999769386
2019,07,ESP.2.1_1,0,0.3810107205436209
2019,07,ESP.2.2_1,0,0.36585906146062974
2019,07,ESP.2.3_1,0,0.37226681638655706
2019,07,ESP.3.1_1,0,0.33756918246924283
2019,07,ESP.4.1_1,0,0.3471606552023436
2019,07,ESP.4.2_1,0,0.35725009115132167
2019,07,ESP.4.3_1,0,0.3639828065767441
2019,07,ESP.4.4_1,0,0.35725009115132167
2019,07,ESP.4.5_1,0,0.36863517451796685
2019,07,ESP.5.1_1,0,0.3562666500332664
2019,07,ESP.5.2_1,0,0.37843653921656956
2019,07,ESP.5.3_1,0,0.3601676286407771
2019,07,ESP.5.4_1,0,0.3704608498090469
2019,07,ESP.5.6_1,0,0.3740533597174552
2019,07,ESP.5.7_1,0,0.3740533597174552
2019,07,ESP.5.8_1,0,0.3818596821043259
2019,07,ESP.5.9_1,0,0.38270414482007176
2019,07,ESP.6.1_1,0,0.36955049393495276
2019,07,ESP.6.2_1,0,0.3731624984510773
2019,07,ESP.6.3_1,0,0.3932857404911519
2019,07,ESP.6.4_1,0,0.38270414482007176
2019,07,ESP.8.1_1,0,0.37226681638655706
2019,07,ESP.9.1_1,0,0.3810107205436209
