year,month,gid_4,est,se
2022,01,ESP.10.1.1.3_1,0.013,0.11333068359382575
2022,01,ESP.10.1.1.8_1,0.125,0.33088439746304826
2022,01,ESP.10.1.4.20_1,0.167,0.3731624984510773
2022,01,ESP.10.1.4.23_1,0.034,0.18131981931624816
2022,01,ESP.10.1.4.27_1,0.015,0.12161327966052798
2022,01,ESP.10.1.6.12_1,0.483,0.49996095943679536
2022,01,ESP.10.1.6.27_1,0.262,0.4399426662072566
2022,01,ESP.10.1.7.1_1,0.098,0.29746341705239066
2022,01,ESP.10.1.7.10_1,0.546,0.49812863010685515
2022,01,ESP.10.1.7.2_1,0.039,0.19369180807797864
2022,01,ESP.10.1.7.6_1,0.247,0.43148253403489834
2022,01,ESP.10.1.9.3_1,0.014,0.11754921445002436
2022,01,ESP.10.2.5.11_1,0.09,0.28632495871296654
2022,01,ESP.10.2.7.2_1,0.558,0.49687310541312546
2022,01,ESP.10.2.7.6_1,0.025,0.15620307103062794
2022,01,ESP.10.2.8.8_1,0.062,0.24127621974453722
2022,01,ESP.10.3.1.14_1,0.037,0.1888562063228706
2022,01,ESP.10.3.13.9_1,0.365,0.4816710568500115
2022,01,ESP.10.3.4.1_1,0.011,0.10435463521037237
2022,01,ESP.10.3.7.19_1,0.997,0.05471740119919799
2022,01,ESP.10.3.7.2_1,0.133,0.3397446488562056
2022,01,ESP.10.3.7.4_1,0.993,0.08341437500789632
2022,01,ESP.10.3.8.5_1,0.152,0.3592005359475749
