year,month,gid_4,est,se
2022,01,ESP.10.1.1.3_1,0.015,0.12161327966052798
2022,01,ESP.10.1.1.8_1,0.058,0.2338604085575211
2022,01,ESP.10.1.4.20_1,0.169,0.3749394345485409
2022,01,ESP.10.1.4.23_1,0.038,0.19129190414806527
2022,01,ESP.10.1.4.27_1,0.011,0.10435463521037237
2022,01,ESP.10.1.6.12_1,0.313,0.4639463829433809
2022,01,ESP.10.1.6.27_1,0.156,0.3630369069334353
2022,01,ESP.10.1.7.1_1,0.045,0.20740785428237288
2022,01,ESP.10.1.7.10_1,0.207,0.4053582555164201
2022,01,ESP.10.1.7.2_1,0.02,0.14007005254378832
2022,01,ESP.10.1.7.6_1,0.161,0.3677148544921924
2022,01,ESP.10.1.9.3_1,0.021,0.14345584540052586
2022,01,ESP.10.2.5.11_1,0.096,0.2947386484173239
2022,01,ESP.10.2.7.2_1,0.397,0.4895208173618673
2022,01,ESP.10.2.7.6_1,0.04,0.19605723255834873
2022,01,ESP.10.2.8.8_1,0.059,0.23574260237507894
2022,01,ESP.10.3.1.14_1,0.051,0.22010780869257557
2022,01,ESP.10.3.13.9_1,0.278,0.4482375674984382
2022,01,ESP.10.3.4.1_1,0.029,0.1678904023081343
2022,01,ESP.10.3.7.19_1,0.96,0.19605723255834873
2022,01,ESP.10.3.7.2_1,0.082,0.27450200609713465
2022,01,ESP.10.3.7.4_1,0.958,0.20068950215762726
2022,01,ESP.10.3.8.5_1,0.157,0.3639828065767441
