year,month,gid_4,est,se
2022,01,ESP.10.1.1.3_1,0.009,0.09448771310560929
2022,01,ESP.10.1.1.8_1,0.105,0.3067068128833611
2022,01,ESP.10.1.4.20_1,0.157,0.3639828065767441
2022,01,ESP.10.1.4.23_1,0.041,0.19838941090279583
2022,01,ESP.10.1.4.27_1,0.015,0.12161327966052798
2022,01,ESP.10.1.6.12_1,0.483,0.49996095943679536
2022,01,ESP.10.1.6.27_1,0.27,0.44418160396092193
2022,01,ESP.10.1.7.1_1,0.072,0.2586172517116422
2022,01,ESP.10.1.7.10_1,0.544,0.4983094543677777
2022,01,ESP.10.1.7.2_1,0.047,0.21174474216810163
2022,01,ESP.10.1.7.6_1,0.237,0.4254550646214145
2022,01,ESP.10.1.9.3_1,0.001,0.03162277660168379
2022,01,ESP.10.2.5.11_1,0.082,0.27450200609713465
2022,01,ESP.10.2.7.2_1,0.563,0.4962633144584408
2022,01,ESP.10.2.7.6_1,0.021,0.14345584540052586
2022,01,ESP.10.2.8.8_1,0.062,0.24127621974453722
2022,01,ESP.10.3.1.14_1,0.036,0.18638331132035063
2022,01,ESP.10.3.13.9_1,0.357,0.4793545460103417
2022,01,ESP.10.3.4.1_1,0.011,0.10435463521037237
2022,01,ESP.10.3.7.19_1,0.995,0.07056897321046962
2022,01,ESP.10.3.7.2_1,0.126,0.3320154126456093
2022,01,ESP.10.3.7.4_1,0.992,0.08912880535463237
2022,01,ESP.10.3.8.5_1,0.157,0.3639828065767441
