year,month,gid_1,est,se
2021,07,ESP.1_1,0.9262066136553483,0.19775768054773343
2021,07,ESP.10_1,0.9864889006462505,0.10477272893523974
2021,07,ESP.11_1,0.8066221139489176,0.3949784129193065
2021,07,ESP.12_1,0.6726130414823437,0.45625428017725916
2021,07,ESP.13_1,0.997,0.054734981141978674
2021,07,ESP.14_1,0.6773536729782325,0.44067107540477674
2021,07,ESP.15_1,0.322,0.4676269681360306
2021,07,ESP.16_1,0.5665097802382879,0.29528918271871596
2021,07,ESP.17_1,0.97,0.1707274134609465
2021,07,ESP.18_1,0.9989999999999999,0.031632936561605866
2021,07,ESP.2_1,0.7913309619013366,0.28338692041844926
2021,07,ESP.3_1,0.067,0.25022747266621
2021,07,ESP.4_1,0.40955999930248355,0.3496079757583713
2021,07,ESP.5_1,0.38853173358406407,0.44546016379238756
2021,07,ESP.6_1,0.993126680440045,0.05080925108462842
2021,07,ESP.7_1,0.7466238181491802,0.40105008701463885
2021,07,ESP.8_1,1,0
2021,07,ESP.9_1,0.4759999999999999,0.4998341053083319
