year,month,gid_1,est,se
2021,07,ESP.1_1,0.5673053849326984,0.4428941375140272
2021,07,ESP.10_1,0.5423344587899215,0.49781137696559585
2021,07,ESP.11_1,0.3979515995747055,0.48799092227782237
2021,07,ESP.12_1,0.39551296350954035,0.48498341580894155
2021,07,ESP.13_1,0.5231637122002085,0.5000810745080052
2021,07,ESP.14_1,0.11078001192232122,0.31067582237479896
2021,07,ESP.15_1,0.14991240875912407,0.35428310221702153
2021,07,ESP.16_1,0.46848216268704657,0.4964625410374796
2021,07,ESP.17_1,0.5088863399374348,0.500249187155011
2021,07,ESP.18_1,0.6608383733055266,0.47783294604320065
2021,07,ESP.2_1,0.464664164432745,0.49007872241152894
2021,07,ESP.3_1,0.07138686131386862,0.25527468571161765
2021,07,ESP.4_1,0.1783512484481376,0.3236681341491276
2021,07,ESP.5_1,0.1801582055910113,0.36540719976963526
2021,07,ESP.6_1,0.7081858301629215,0.39938842211075254
2021,07,ESP.7_1,0.43138060479666324,0.49428262696084646
2021,07,ESP.8_1,0.5221438998957247,0.5001060948499889
2021,07,ESP.9_1,0.3028842544316997,0.4571651780264985
2021,07,ITA.1_1,0.322125032055101,0.4345225485517823
2021,07,ITA.10_1,0.5056289366959165,0.49258116932484963
2021,07,ITA.11_1,0.4822074514356168,0.4974830618804494
2021,07,ITA.12_1,0.15027567566745775,0.35427768089589856
2021,07,ITA.13_1,0.4675528712092584,0.49129085660185867
2021,07,ITA.14_1,0.19922443401496065,0.3551681362339773
2021,07,ITA.15_1,0.456713697963659,0.49300603374961355
2021,07,ITA.16_1,0.4616738130914728,0.49218481606392994
2021,07,ITA.17_1,0.6158428690081913,0.4888210933174111
2021,07,ITA.18_1,0.526209568887722,0.49991916920631874
2021,07,ITA.19_1,0.42526173096976017,0.4933095928059319
2021,07,ITA.2_1,0.5159393881864217,0.498788263317852
2021,07,ITA.20_1,0.5485421887086677,0.49533662778611764
2021,07,ITA.3_1,0.3768192729890481,0.481624645193544
2021,07,ITA.4_1,0.4720974336213318,0.48753169848539657
2021,07,ITA.5_1,0.46888930253430705,0.4912827971525102
2021,07,ITA.6_1,0.4451956004888563,0.476995865216834
2021,07,ITA.7_1,0.4642202228306271,0.4918121852884146
2021,07,ITA.8_1,0.6568190880404247,0.4280899497708377
2021,07,ITA.9_1,0.5643467823528855,0.4861042950059268
