ID_1,est,se
ESP.1_1,1,0.1841760147194093
ESP.10_1,1,0.010540925533894597
ESP.11_1,0.897926,0.4665085139662579
ESP.12_1,0.999406560118,0.36614073146864284
ESP.13_1,0.999,0.03162277660168379
ESP.14_1,0.6670159999999999,0.45541776038055043
ESP.15_1,0.24,0.42729683193604723
ESP.16_1,0.998642488,0.22071310870506555
ESP.17_1,0.984,0.12553788177183714
ESP.18_1,1,0
ESP.2_1,1,0.010540925533894597
ESP.3_1,0.0020000000000000018,0.04469897088298564
ESP.4_1,0.96797744796664,0.2596104523696385
ESP.5_1,0.9347981315931426,0.34631129953262507
ESP.6_1,1,0.019316395189660083
ESP.7_1,1,0
ESP.8_1,0.993,0.08341437500789632
ESP.9_1,0.45999999999999996,0.49864681754589457
