year,month,gid_1,est,se
2021,12,ESP.1_1,0.1957620963606692,0.3751075189607711
2021,12,ESP.10_1,0.4511704348969888,0.49095128337601907
2021,12,ESP.11_1,0,0.3441059873237791
2021,12,ESP.12_1,0,0.3814130101588656
2021,12,ESP.13_1,0.24,0.42730025035172375
2021,12,ESP.14_1,0,0.3780903846738113
2021,12,ESP.16_1,0.021699275848825753,0.2682917523699501
2021,12,ESP.17_1,0,0.3901097514201275
2021,12,ESP.18_1,0.307,0.4614838799372163
2021,12,ESP.2_1,0.12000000000000001,0.3251267399400703
2021,12,ESP.3_1,0,0.3917076555170076
2021,12,ESP.4_1,0.018202460776534264,0.3041808011691182
2021,12,ESP.5_1,0,0.3822691079820945
2021,12,ESP.6_1,0.2681059235061074,0.420659319739128
2021,12,ESP.8_1,0.039,0.19369335763103793
2021,12,ESP.9_1,0.06,0.2376075751616788
