year,month,gid_1,est,se
2021,12,ESP.1_1,0.2565447487126062,0.3855134567489813
2021,12,ESP.10_1,0.6716410874588958,0.336518152204157
2021,12,ESP.11_1,0,0.3101889704780483
2021,12,ESP.12_1,0,0.2813965736919029
2021,12,ESP.13_1,0.25367968297155763,0.4343793726990756
2021,12,ESP.14_1,0,0.3663080792537661
2021,12,ESP.16_1,0.01877537002745517,0.19863707295373423
2021,12,ESP.17_1,0,0.2698742728759533
2021,12,ESP.18_1,0.21240640121824864,0.4082233607118713
2021,12,ESP.2_1,0.007046657860321045,0.08341454183714682
2021,12,ESP.3_1,0,0.27602081794160915
2021,12,ESP.4_1,0.0017619026553317401,0.2187670920647325
2021,12,ESP.5_1,0,0.2928669292809609
2021,12,ESP.6_1,0.2846795289318574,0.4229014631546237
2021,12,ESP.8_1,0.009059988677555628,0.09448790208160243
2021,12,ESP.9_1,0,0
