year,month,gid_1,est,se
2021,12,ESP.1_1,0,0
2021,12,ESP.10_1,0,0
2021,12,ESP.11_1,0,0.2933616557443407
2021,12,ESP.12_1,0,0.291019404628941
2021,12,ESP.13_1,0,0
2021,12,ESP.14_1,0,0.314962500919575
2021,12,ESP.16_1,0,0
2021,12,ESP.17_1,0,0.290577761426155
2021,12,ESP.18_1,0,0
2021,12,ESP.2_1,0,0
2021,12,ESP.3_1,0,0.296105857217784
2021,12,ESP.4_1,0,0
2021,12,ESP.5_1,0,0.3252172362332278
2021,12,ESP.6_1,0,0
2021,12,ESP.8_1,0,0
2021,12,ESP.9_1,0,0
2021,12,ITA.1_1,0,0
2021,12,ITA.10_1,0,0
2021,12,ITA.11_1,0,0
2021,12,ITA.12_1,0,0.06315051850925682
2021,12,ITA.13_1,0,0
2021,12,ITA.14_1,0,0.08364329504776657
2021,12,ITA.15_1,0,0.07692149942405588
2021,12,ITA.16_1,0,8.949882835846191e-4
2021,12,ITA.17_1,0,0
2021,12,ITA.18_1,0,0.007926749223455284
2021,12,ITA.2_1,0,0.005586536778440391
2021,12,ITA.20_1,0,0
2021,12,ITA.3_1,0,0
2021,12,ITA.4_1,0,0.0457030012408529
2021,12,ITA.5_1,0,0
2021,12,ITA.6_1,0.007423653984177803,0.06546440225513171
2021,12,ITA.7_1,0,0
2021,12,ITA.8_1,0,0
2021,12,ITA.9_1,0,0
