year,month,gid_1,est,se
2021,12,ESP.1_1,0.2562298896951405,0.3880921400547287
2021,12,ESP.10_1,0.6805739514876097,0.3370420933085782
2021,12,ESP.11_1,0,0.3216429124062191
2021,12,ESP.12_1,0,0.2804121776645963
2021,12,ESP.13_1,0.24665453813496754,0.43089748250821397
2021,12,ESP.14_1,0,0.386253351142333
2021,12,ESP.16_1,0.017335326995354193,0.20503379192859034
2021,12,ESP.17_1,0,0.2905800860761422
2021,12,ESP.18_1,0.23963591306608634,0.42668955235000355
2021,12,ESP.2_1,0.00701862506888119,0.08341504233090426
2021,12,ESP.3_1,0,0.2667269773281831
2021,12,ESP.4_1,0.0010529361059465107,0.21672419944852658
2021,12,ESP.5_1,0,0.286378461512572
2021,12,ESP.6_1,0.284354922617229,0.4197745407022751
2021,12,ESP.8_1,0.017045232310140036,0.1293367518366444
2021,12,ESP.9_1,0.0010026607241258843,0.03162302958693243
