year,month,gid_1,est,se
2021,12,ESP.1_1,0.231222456358761,0.38651263645897654
2021,12,ESP.10_1,0.678697629873114,0.3351494677852575
2021,12,ESP.11_1,0,0.30934998825474747
2021,12,ESP.12_1,0,0.27651045613931063
2021,12,ESP.13_1,0.24722727272727274,0.4303024054780082
2021,12,ESP.14_1,0,0.37961175327053487
2021,12,ESP.15_1,0.0030272727272727274,0.05471740119919799
2021,12,ESP.16_1,0.020985994191625255,0.2079261125736489
2021,12,ESP.17_1,0,0.2775266131761439
2021,12,ESP.18_1,0.25227272727272726,0.4332293707583636
2021,12,ESP.2_1,0.018907962467083345,0.11137704424494184
2021,12,ESP.3_1,0,0.27450200609713465
2021,12,ESP.4_1,0.003448431668873227,0.15699544544297517
2021,12,ESP.5_1,0,0.2835748050460776
2021,12,ESP.6_1,0.2999689410264176,0.4249475404654755
2021,12,ESP.7_1,0,0.3266356938000979
2021,12,ESP.8_1,0.007063636363636364,0.08341437500789632
2021,12,ESP.9_1,0.0010090909090909091,0.03162277660168379
