year,month,gid_3,est,se
2021,07,DOM.5.1_1,0,0.13301764429463367
2021,07,GTM.7.7_1,0,0.17340435135563662
2021,07,HND.8.4_1,0,0.1467567291047928
2021,07,IND.20.26.7_1,0,0.26352313834736496
2021,07,MEX.14.40_2,0,0.13301764429463367
2021,07,MEX.14.99_2,0,0.15312559370479986
2021,07,MEX.16.57_2,0,0.14345584540052586
2021,07,MEX.17.7_2,0,0.1678904023081343
2021,07,MEX.31.50_2,0,0.16505527329729044
2021,07,MEX.9.9_2,0,0.27142894774447635
2021,07,PRI.65_1,0,0.2261307920985887
2021,07,USA.10.43_1,0,0.12553788177183714
2021,07,USA.5.19_1,0,0.1499783100768024
