year,month,gid_2,est,se
2021,11,ESP.1.1_1,0.675,0.46860921309188386
2021,11,ESP.1.2_1,0.292,0.45490981847278583
2021,11,ESP.1.3_1,0.2,0.40020015012510946
2021,11,ESP.1.4_1,0.595,0.4911376754192415
2021,11,ESP.1.5_1,0,0.46354166034011535
2021,11,ESP.1.7_1,0.886,0.31797028965786267
2021,11,ESP.1.8_1,0.783,0.4124088760939574
2021,11,ESP.10.1_1,0.869,0.33756918246924283
2021,11,ESP.10.2_1,0.402,0.4905472827736758
2021,11,ESP.10.3_1,0.906,0.29197474077263813
2021,11,ESP.11.2_1,0,0.4506818324651152
2021,11,ESP.12.1_1,0,0.45978516983739526
2021,11,ESP.12.3_1,0,0.46554025360620294
2021,11,ESP.13.1_1,0.682,0.46593249842986173
2021,11,ESP.14.1_1,0,0.45848687027025126
2021,11,ESP.16.2_1,0,0.4974318430081034
2021,11,ESP.16.3_1,0,0.20519772441746548
2021,11,ESP.17.1_1,0,0.4571651780264984
2021,11,ESP.18.1_1,0.412,0.4924413655436538
2021,11,ESP.2.1_1,0,0.38849186082326864
2021,11,ESP.2.3_1,0,0.1467567291047928
2021,11,ESP.3.1_1,0,0.45627095369219284
2021,11,ESP.4.2_1,0,0.19605723255834873
2021,11,ESP.4.3_1,0,0.08912880535463237
2021,11,ESP.4.5_1,0,0.1499783100768024
2021,11,ESP.5.2_1,0,0.4525879316064844
2021,11,ESP.5.8_1,0,0.4539891035103223
2021,11,ESP.6.1_1,0.793,0.4053582555164201
2021,11,ESP.6.2_1,0.69,0.46272466339510593
2021,11,ESP.6.3_1,0.387,0.48730736549786363
2021,11,ESP.6.4_1,0.658,0.47461696267754827
2021,11,ESP.8.1_1,0,0.1293357171384909
2021,11,ESP.9.1_1,0,0.04469897088298564
