year,month,gid_2,est,se
2021,11,ESP.1.1_1,0.685,0.4647483092933109
2021,11,ESP.1.2_1,0.287,0.4525879316064844
2021,11,ESP.1.3_1,0.185,0.38849186082326864
2021,11,ESP.1.4_1,0.578,0.49412565219806204
2021,11,ESP.1.5_1,0,0.45935499018406994
2021,11,ESP.1.7_1,0.876,0.32974646735443996
2021,11,ESP.1.8_1,0.792,0.4060799193519681
2021,11,ESP.10.1_1,0.881,0.32395052700056526
2021,11,ESP.10.2_1,0.363,0.4811054587743341
2021,11,ESP.10.3_1,0.902,0.29746341705239066
2021,11,ESP.11.2_1,0,0.45536618051668964
2021,11,ESP.12.1_1,0,0.4606378047741926
2021,11,ESP.12.3_1,0,0.45671938057476014
2021,11,ESP.13.1_1,0.685,0.4647483092933109
2021,11,ESP.14.1_1,0,0.4426137220047599
2021,11,ESP.16.2_1,0,0.4945903553645376
2021,11,ESP.16.3_1,0,0.19605723255834873
2021,11,ESP.17.1_1,0,0.4589222261011223
2021,11,ESP.18.1_1,0.372,0.4835802413765991
2021,11,ESP.2.1_1,0,0.3639828065767441
2021,11,ESP.2.3_1,0,0.14007005254378832
2021,11,ESP.3.1_1,0,0.4511624403111894
2021,11,ESP.4.2_1,0,0.20519772441746548
2021,11,ESP.4.3_1,0,0.08341437500789632
2021,11,ESP.4.5_1,0,0.1678904023081343
2021,11,ESP.5.2_1,0,0.4525879316064844
2021,11,ESP.5.8_1,0,0.45019848809017415
2021,11,ESP.6.1_1,0.746,0.43551541152257023
2021,11,ESP.6.2_1,0.679,0.4670943985718274
2021,11,ESP.6.3_1,0.363,0.4811054587743341
2021,11,ESP.6.4_1,0.641,0.4799472360055315
2021,11,ESP.8.1_1,0,0.15921478998305827
2021,11,ESP.9.1_1,0,0.09448771310560929
