year,month,gid_2,est,se
2016,05,ESP.10.1_1,0.999,0.03162277660168379
2016,05,ESP.10.2_1,0.763,0.4254550646214145
2016,05,ESP.10.3_1,0.999,0.03162277660168379
