year,month,gid_2,est,se
2016,05,ESP.10.1_1,0.996,0.10458192883822234
2016,05,ESP.10.2_1,0.7636644362529812,0.38565455426211853
2016,05,ESP.10.3_1,0.45459819405993057,0.2975661453170276
2016,05,ESP.15.1_1,0.00927554022692653,0.1612693250368924
2016,05,ESP.18.1_1,0.5122799783610938,0.11162258267243823
2016,05,ESP.2.1_1,0.007674888039432385,0.08288050624224462
2016,05,ESP.2.2_1,0.001846216560696926,0.0431525200517031
2016,05,ESP.2.3_1,0.0036833704833588777,0.05537710338951347
2016,05,ESP.4.1_1,3.8635934661386556e-4,0.020233506329510566
2016,05,ESP.4.3_1,9.790527217072836e-4,0.02957263434284253
2016,05,ESP.6.1_1,0.6642458394386392,0.19355330238441826
2016,05,ESP.6.2_1,0.8533154052114049,0.27322428751949956
2016,05,ESP.6.3_1,0.07280883033610445,0.2675088758514922
2016,05,ESP.6.4_1,0.7180420699706929,0.5211693061399831
2016,05,ESP.9.1_1,0.005457964061130529,0.08574907767009309
2016,05,FRA.10.11_1,0.020984671249005986,0.19123256129962132
2016,05,FRA.11.11_1,0.011250566477140045,0.19560814978560648
2016,05,FRA.11.6_1,0.008687989272501577,0.1364954145136605
