year,month,gid_1,est,se
2020,03,ARG.24_1,0.0020310919650734093,0.0022852572867553124
2020,03,DOM.5_1,0.21686434521285042,0.5006598604320667
2020,03,GTM.7_1,0.005536384761208212,0.013796813388766878
2020,03,HND.8_1,0.0014017808026740802,0.0035433969877355434
2020,03,IND.20_1,2.952576372021248e-5,6.685191646664162e-5
2020,03,IND.34_1,2.866360546978483e-5,7.203749449372686e-5
2020,03,MEX.14_1,1.2171238278657249e-4,3.2034172601289247e-4
2020,03,MEX.16_1,1.8586432076390244e-4,4.672167064573979e-4
2020,03,MEX.17_1,0.0017888372026335945,0.0051902475116364435
2020,03,MEX.31_1,1.3951316211558215e-4,4.959035331804863e-4
2020,03,MEX.9_1,0.004367589519676875,0.014808070066555988
2020,03,PAK.7_1,1.7603240311552986e-5,5.793614059131713e-5
2020,03,PER.13_1,0.0010094981532314954,0.0017511375476623329
2020,03,PRI.52_1,0.27027752182795306,0.4815525850958364
2020,03,PRI.65_1,0.13819988719030735,0.30605278938527974
2020,03,USA.5_1,1.595983590225223e-5,2.7698648231073225e-5
2020,03,VEN.14_1,7.644786740817756e-4,0.0017773469879562027
