year,month,gid_1,est,se
2017,08,ESP.1_1,0,0.3257597964460794
2017,08,ESP.10_1,0,0.34001465221678384
2017,08,ESP.11_1,0,0.32997567789704235
2017,08,ESP.12_1,0,0.33099156860491447
2017,08,ESP.13_1,0,0.3299146299399744
2017,08,ESP.14_1,0,0.3193792708345177
2017,08,ESP.15_1,0,0.3424665729159204
2017,08,ESP.16_1,0.03729389501060522,0.2559762434391611
2017,08,ESP.17_1,0.131,0.29968876985009557
2017,08,ESP.18_1,0,0.32029492325906617
2017,08,ESP.2_1,0,0.32698646711019563
2017,08,ESP.3_1,0.064,0.18540904206447575
2017,08,ESP.4_1,0,0.3183904002334179
2017,08,ESP.5_1,0,0.33100944577501945
2017,08,ESP.6_1,0,0.3282283921078404
2017,08,ESP.7_1,0,0.29652259293366806
2017,08,ESP.8_1,0,0.34024004407593395
2017,08,ESP.9_1,0,0.32395284612010133
