year,month,gid_1,est,se
2017,08,AND.2_1,0,0.42358486885155366
2017,08,AND.4_1,0,0.4046336400267016
2017,08,AND.5_1,0,0.436080182797692
2017,08,AND.6_1,0,0.4060807315142433
2017,08,AND.7_1,0,0.41646745157934895
2017,08,AUT.8_1,0.22360169743215277,0.40471072892697546
2017,08,AUT.9_1,0.20072417465388714,0.392497987603421
2017,08,BEL.2_1,0,0.4214436367513566
2017,08,BEL.3_1,0,0.4191261803752373
2017,08,CHE.16_1,0,0.4002009505278109
2017,08,CHE.8_1,0,0.42232104822590294
2017,08,DEU.10_1,0,0.4119378471758033
2017,08,DEU.2_1,0,0.41502494881048513
2017,08,DEU.3_1,0,0.4103328476548714
2017,08,DEU.6_1,0,0.4260730731818104
2017,08,ESP.1_1,0,0.4171540855604434
2017,08,ESP.10_1,0,0.42340871723600504
2017,08,ESP.11_1,0,0.4245629444874488
2017,08,ESP.12_1,0,0.4170678905889062
2017,08,ESP.13_1,0,0.4151289205288087
2017,08,ESP.14_1,0,0.41700508174487433
2017,08,ESP.15_1,0,0.4184492794811543
2017,08,ESP.16_1,0.08564325778554513,0.3681641848876323
2017,08,ESP.17_1,0.6380915867944621,0.4893101073153383
2017,08,ESP.18_1,0,0.41975337635780857
2017,08,ESP.2_1,0,0.41809146459175595
2017,08,ESP.3_1,0.1605793397231097,0.3592012543508021
2017,08,ESP.4_1,0,0.41443997758596857
2017,08,ESP.5_1,0,0.4165836033974181
2017,08,ESP.6_1,0,0.4124678808664644
2017,08,ESP.8_1,0,0.42358486885155366
2017,08,ESP.9_1,0,0.4060807315142433
2017,08,FRA.1_1,0,0.4176776632277635
2017,08,FRA.10_1,0,0.40243459191197273
2017,08,FRA.11_1,0,0.41528157461791515
2017,08,FRA.2_1,0,0.4108900036347064
2017,08,FRA.8_1,0,0.4320687785716533
2017,08,FRA.9_1,0,0.424211827720131
2017,08,GRC.6_1,0,0.4110287334511091
2017,08,HRV.20_1,0,0.4144544110775119
2017,08,ITA.10_1,0,0.3909084548158162
2017,08,ITA.15_1,0,0.4243404711130791
2017,08,ITA.16_1,0,0.4130948186990047
2017,08,ITA.20_1,0,0.36679022979739423
2017,08,NLD.1_1,0,0.4082233607118713
2017,08,NLD.12_1,0,0.42668699219476836
2017,08,NLD.5_1,0,0.4151289205288087
2017,08,PRT.1_1,0,0.42668699219476836
2017,08,PRT.19_1,0,0.4285094562562605
2017,08,PRT.4_1,0,0.4184492794811543
2017,08,PRT.6_1,0,0.40679865587913416
2017,08,PRT.7_1,0,0.4075128591013876
2017,08,ROU.15_1,0,0.41308023026313806
2017,08,ROU.27_1,0,0.42668699219476836
2017,08,SRB.3_1,0,0.43071819641137304
