year,month,gid_1,est,se
2017,08,AND.2_1,0,0.3239602459926081
2017,08,AND.4_1,0,0.32861140901128727
2017,08,AND.5_1,0,0.3364818069981981
2017,08,AND.6_1,0,0.33314957800828593
2017,08,AND.7_1,0,0.3320253735960775
2017,08,AUT.8_1,0,0.2464741457754458
2017,08,AUT.9_1,0,0.2241523051602513
2017,08,BEL.2_1,0,0.31130322612496425
2017,08,BEL.3_1,0,0.3075271464551194
2017,08,CHE.16_1,0,0.30927719898620404
2017,08,CHE.8_1,0,0.32745939752644165
2017,08,DEU.10_1,0,0.3042934430692537
2017,08,DEU.2_1,0,0.2897881985425551
2017,08,DEU.3_1,0,0.30412009609305957
2017,08,DEU.6_1,0,0.28633354888264817
2017,08,ESP.1_1,0,0.32919323184044524
2017,08,ESP.10_1,0,0.33877402124870376
2017,08,ESP.11_1,0,0.3375793100409702
2017,08,ESP.12_1,0,0.3325942463646632
2017,08,ESP.13_1,0,0.3320253735960775
2017,08,ESP.14_1,0,0.3379916454530347
2017,08,ESP.15_1,0,0.3375793100409702
2017,08,ESP.16_1,0,0.25609292138537837
2017,08,ESP.17_1,0,0.4830603836265096
2017,08,ESP.18_1,0,0.3227792301110288
2017,08,ESP.2_1,0,0.33016628909503176
2017,08,ESP.3_1,0,0.20520388065085482
2017,08,ESP.4_1,0,0.3311781879914039
2017,08,ESP.5_1,0,0.32266972012259915
2017,08,ESP.6_1,0,0.3421758108584765
2017,08,ESP.8_1,0,0.3191911494398329
2017,08,ESP.9_1,0,0.3191911494398329
2017,08,FRA.1_1,0,0.3189204956464969
2017,08,FRA.10_1,0,0.34190481987579374
2017,08,FRA.11_1,0,0.31833780392631533
2017,08,FRA.2_1,0,0.3238632703733205
2017,08,FRA.8_1,0,0.30015911753845426
2017,08,FRA.9_1,0,0.30927719898620404
2017,08,GRC.6_1,0,0.3215907642896731
2017,08,HRV.20_1,0,0.32396024599260803
2017,08,ITA.10_1,0,0.2729798245483987
2017,08,ITA.15_1,0,0.344189800132114
2017,08,ITA.16_1,0,0.3320253735960775
2017,08,ITA.20_1,0,0.2667328456412408
2017,08,NLD.1_1,0,0.30927719898620404
2017,08,NLD.12_1,0,0.29058647918617
2017,08,NLD.5_1,0,0.32159076428967304
2017,08,PRT.1_1,0,0.3191911494398329
2017,08,PRT.19_1,0,0.31676071662456534
2017,08,PRT.4_1,0,0.32630025099936244
2017,08,PRT.6_1,0,0.3320253735960775
2017,08,PRT.7_1,0,0.3155337212901446
2017,08,ROU.15_1,0,0.3332425497978471
2017,08,ROU.27_1,0,0.30671601453863073
2017,08,SRB.3_1,0,0.327285499048696
