ID_0,est,se
ALB,0,0
AUT,0.9999999381264895,0.38127520679731064
BEL,0,0
BGR,0,0
CHE,0.9145817551600001,0.4890867832453124
CHN,0,0
DEU,0.9103011643,0.3684452764538438
ESP,0.5226383152,0.014562055108560151
FRA,0,0
GRC,0,0
HRV,0.30899999999999994,0.1541041252359848
HUN,0.9987390822693004,0.2629868515061587
IND,0,0
ITA,0.37783999999999995,0.0070953665402948745
NLD,0.362,0.0013544205280377228
PAK,0,0
PER,0,0
ROU,0.41500000000000004,0.24648428855508114
SRB,0.37,0.24152294576982397
SVN,0,0
TUR,0,0
USA,0,0
XKO,0,0
