year,month,gid_2,est,se
2019,01,ESP.1.1_1,0,0.3155242550986462
2019,01,ESP.1.2_1,0,0.32860155048170264
2019,01,ESP.1.3_1,0,0.3142893217686178
2019,01,ESP.1.4_1,0,0.3262904618058356
2019,01,ESP.1.5_1,0,0.33756918246924283
2019,01,ESP.1.6_1,0,0.33756918246924283
2019,01,ESP.1.7_1,0,0.3262904618058356
2019,01,ESP.1.8_1,0,0.33313958333104454
2019,01,ESP.10.1_1,0,0.32860155048170264
2019,01,ESP.10.2_1,0,0.34189456253630574
2019,01,ESP.10.3_1,0,0.34922479573758497
2019,01,ESP.11.1_1,0,0.3227695465501356
2019,01,ESP.11.2_1,0,0.32974646735443996
2019,01,ESP.12.1_1,0,0.3471606552023436
2019,01,ESP.12.4_1,0,0.3677148544921924
2019,01,ESP.13.1_1,0,0.3471606552023436
2019,01,ESP.14.1_1,0,0.3397446488562056
2019,01,ESP.14.2_1,0,0.33313958333104454
2019,01,ESP.15.1_1,0,0.3262904618058356
2019,01,ESP.16.1_1,0,0.23574260237507894
2019,01,ESP.16.2_1,0,0.06315051850925682
2019,01,ESP.16.3_1,0,0.06315051850925682
2019,01,ESP.17.1_1,0.161,0.3677148544921924
2019,01,ESP.18.1_1,0,0.3522770203960217
2019,01,ESP.2.1_1,0,0.32860155048170264
2019,01,ESP.2.2_1,0,0.33756918246924283
2019,01,ESP.2.3_1,0,0.32395052700056526
2019,01,ESP.3.1_1,0,0.21597603025716916
2019,01,ESP.4.2_1,0,0.33536766610911
2019,01,ESP.4.4_1,0,0.3522770203960217
2019,01,ESP.4.5_1,0,0.3408227694273963
2019,01,ESP.5.1_1,0,0.32158111638343195
2019,01,ESP.5.2_1,0,0.3251241389157466
2019,01,ESP.5.5_1,0,0.3067068128833611
2019,01,ESP.5.6_1,0,0.33756918246924283
2019,01,ESP.5.7_1,0,0.31304631925323445
2019,01,ESP.5.8_1,0,0.3262904618058356
2019,01,ESP.5.9_1,0,0.3105357184486713
2019,01,ESP.6.1_1,0,0.3552776691859794
2019,01,ESP.6.2_1,0,0.3502480173729377
2019,01,ESP.6.3_1,0,0.3408227694273963
2019,01,ESP.6.4_1,0,0.3532829019480122
2019,01,ESP.8.1_1,0,0.34922479573758497
2019,01,ITA.10.12_1,0,0.17067257872642908
2019,01,ITA.10.8_1,0,0.1888562063228706
2019,01,ITA.10.9_1,0,0.18638331132035063
