year,month,gid_2,est,se
2019,01,ESP.1.1_1,0,0.29746341705239066
2019,01,ESP.1.2_1,0,0.28632495871296654
2019,01,ESP.1.3_1,0,0.26987373312686774
2019,01,ESP.1.4_1,0,0.26672484350382913
2019,01,ESP.1.5_1,0,0.26672484350382913
2019,01,ESP.1.6_1,0,0.26513071171460745
2019,01,ESP.1.7_1,0,0.3014795016081357
2019,01,ESP.1.8_1,0,0.2988114594326802
2019,01,ESP.10.1_1,0,0.27142894774447635
2019,01,ESP.10.2_1,0,0.26352313834736496
2019,01,ESP.10.3_1,0,0.26987373312686774
2019,01,ESP.11.1_1,0,0.27142894774447635
2019,01,ESP.11.2_1,0,0.2790212408632233
2019,01,ESP.12.1_1,0,0.2790212408632233
2019,01,ESP.12.4_1,0,0.28917057184232914
2019,01,ESP.13.1_1,0,0.290577761426155
2019,01,ESP.14.1_1,0,0.2619018758859749
2019,01,ESP.14.2_1,0,0.2619018758859749
2019,01,ESP.15.1_1,0,0.27297163499805893
2019,01,ESP.16.1_1,0,0.19605723255834873
2019,01,ESP.16.2_1,0,0.13659303663678343
2019,01,ESP.16.3_1,0,0.18638331132035063
2019,01,ESP.17.1_1,0.173,0.37843653921656956
2019,01,ESP.18.1_1,0,0.25527468571161765
2019,01,ESP.2.1_1,0,0.27297163499805893
2019,01,ESP.2.2_1,0,0.27297163499805893
2019,01,ESP.2.3_1,0,0.2848862231842041
2019,01,ESP.3.1_1,0,0.22414558046332575
2019,01,ESP.4.2_1,0,0.2760202658994212
2019,01,ESP.4.4_1,0,0.26672484350382913
2019,01,ESP.4.5_1,0,0.26672484350382913
2019,01,ESP.5.1_1,0,0.27142894774447635
2019,01,ESP.5.2_1,0,0.28343665312788385
2019,01,ESP.5.5_1,0,0.26672484350382913
2019,01,ESP.5.6_1,0,0.28632495871296654
2019,01,ESP.5.9_1,0,0.26352313834736496
2019,01,ESP.6.1_1,0,0.26830577330349786
2019,01,ESP.6.2_1,0,0.27297163499805893
2019,01,ESP.6.3_1,0,0.28917057184232914
2019,01,ESP.6.4_1,0,0.26672484350382913
2019,01,ESP.8.1_1,0,0.27450200609713465
