year,month,gid_2,est,se
2022,05,ESP.1.1_1,0.879,0.3262904618058356
2022,05,ESP.1.2_1,1,0
2022,05,ESP.1.3_1,0.988,0.10893974420691407
2022,05,ESP.1.4_1,1,0
2022,05,ESP.1.5_1,0.83,0.3758207567993567
2022,05,ESP.1.6_1,0.586,0.4927949338688932
2022,05,ESP.1.7_1,0.997,0.054717401199198
2022,05,ESP.1.8_1,1,0
2022,05,ESP.10.1_1,0.973,0.162164414398774
2022,05,ESP.10.2_1,0.992,0.08912880535463237
2022,05,ESP.10.3_1,0.982,0.13301764429463367
2022,05,ESP.11.1_1,0.705,0.45627095369219284
2022,05,ESP.11.2_1,0.757,0.4291097005838194
2022,05,ESP.12.1_1,0.883,0.32158111638343195
2022,05,ESP.12.2_1,0.784,0.4117201883725323
2022,05,ESP.12.4_1,0.555,0.49721446300587663
2022,05,ESP.13.1_1,0.972,0.16505527329729044
2022,05,ESP.14.1_1,0.817,0.3868600013708585
2022,05,ESP.15.1_1,0.537,0.4988786223921405
2022,05,ESP.16.1_1,0.583,0.4933095928059319
2022,05,ESP.16.2_1,0.988,0.10893974420691407
2022,05,ESP.16.3_1,0.956,0.20519772441746548
2022,05,ESP.17.1_1,0.866,0.3408227694273963
2022,05,ESP.18.1_1,0.994,0.07726558075864033
2022,05,ESP.2.1_1,0.971,0.1678904023081343
2022,05,ESP.2.2_1,0.139,0.3461196307619647
2022,05,ESP.2.3_1,0.963,0.1888562063228706
2022,05,ESP.3.1_1,0.994,0.07726558075864033
2022,05,ESP.4.1_1,0.709,0.45445079549443584
2022,05,ESP.4.2_1,0.434,0.4958728565770563
2022,05,ESP.4.4_1,0.661,0.47360669685225454
2022,05,ESP.4.5_1,0.971,0.1678904023081343
2022,05,ESP.5.1_1,0.916,0.2775266131761439
2022,05,ESP.5.2_1,0.864,0.3429600875052688
2022,05,ESP.5.3_1,0.951,0.21597603025716916
2022,05,ESP.5.5_1,0.875,0.33088439746304826
2022,05,ESP.5.6_1,0.35,0.47720826452161086
2022,05,ESP.5.7_1,0.219,0.41377555535605315
2022,05,ESP.5.8_1,0.149,0.3562666500332664
2022,05,ESP.6.1_1,0.998,0.04469897088298564
2022,05,ESP.6.2_1,1,0
2022,05,ESP.6.3_1,0.98,0.14007005254378832
2022,05,ESP.6.4_1,0.997,0.05471740119919799
2022,05,ESP.7.2_1,0.21,0.40751204407485436
2022,05,ESP.8.1_1,0.996,0.06315051850925682
2022,05,ESP.9.1_1,0.822,0.38270414482007176
