year,month,gid_2,est,se
2022,05,ESP.1.1_1,0.901,0.2988114594326802
2022,05,ESP.1.2_1,0.998,0.04469897088298564
2022,05,ESP.1.3_1,0.99,0.0995485304256668
2022,05,ESP.1.4_1,0.999,0.03162277660168379
2022,05,ESP.1.5_1,0.833,0.3731624984510773
2022,05,ESP.1.6_1,0.637,0.4811054587743341
2022,05,ESP.1.7_1,0.999,0.03162277660168379
2022,05,ESP.1.8_1,1,0
2022,05,ESP.10.1_1,0.979,0.14345584540052586
2022,05,ESP.10.2_1,0.992,0.08912880535463237
2022,05,ESP.10.3_1,0.977,0.1499783100768024
2022,05,ESP.11.1_1,0.72,0.44922355437109684
2022,05,ESP.11.2_1,0.722,0.4482375674984382
2022,05,ESP.12.1_1,0.861,0.3461196307619647
2022,05,ESP.12.2_1,0.798,0.40169311340544206
2022,05,ESP.12.4_1,0.53,0.49934892545128134
2022,05,ESP.13.1_1,0.978,0.1467567291047928
2022,05,ESP.14.1_1,0.815,0.38849186082326864
2022,05,ESP.15.1_1,0.533,0.49915945364198017
2022,05,ESP.16.1_1,0.581,0.4936422618482768
2022,05,ESP.16.2_1,0.987,0.11333068359382575
2022,05,ESP.16.3_1,0.94,0.237605674293474
2022,05,ESP.17.1_1,0.88,0.3251241389157466
2022,05,ESP.18.1_1,0.989,0.10435463521037237
2022,05,ESP.2.1_1,0.966,0.18131981931624816
2022,05,ESP.2.2_1,0.141,0.34819569244928955
2022,05,ESP.2.3_1,0.972,0.16505527329729044
2022,05,ESP.3.1_1,0.999,0.03162277660168379
2022,05,ESP.4.1_1,0.731,0.4436618485241162
2022,05,ESP.4.2_1,0.454,0.49812863010685515
2022,05,ESP.4.4_1,0.635,0.4816710568500115
2022,05,ESP.4.5_1,0.958,0.20068950215762726
2022,05,ESP.5.1_1,0.933,0.25014710386805117
2022,05,ESP.5.2_1,0.875,0.33088439746304826
2022,05,ESP.5.3_1,0.957,0.2029585972364615
2022,05,ESP.5.5_1,0.885,0.31918157352340515
2022,05,ESP.5.6_1,0.366,0.4819504915199032
2022,05,ESP.5.7_1,0.209,0.4067978422810088
2022,05,ESP.5.8_1,0.131,0.33756918246924283
2022,05,ESP.6.1_1,0.997,0.05471740119919799
2022,05,ESP.6.2_1,0.999,0.03162277660168379
2022,05,ESP.6.3_1,0.974,0.15921478998305827
2022,05,ESP.6.4_1,0.999,0.03162277660168379
2022,05,ESP.7.2_1,0.217,0.4124088760939574
2022,05,ESP.8.1_1,0.994,0.07726558075864033
2022,05,ESP.9.1_1,0.844,0.3630369069334353
