year,month,gid_2,est,se
2022,05,ESP.10.1_1,0.8874553134979637,0.12389657426461292
2022,05,ESP.10.2_1,0.6050588405689808,0.5231532072462708
2022,05,ESP.10.3_1,0.4673379473299491,0.053218391545839086
2022,05,ESP.15.1_1,0.1058168072763533,0.5274821166825389
2022,05,ESP.18.1_1,0.3596611000066216,0.35022490096936487
2022,05,ESP.2.1_1,0.052136559790999994,0.20341393080824852
2022,05,ESP.2.2_1,0.0013186597156204611,0.03739063009151493
2022,05,ESP.2.3_1,0.24664185415279674,0.1477324475922682
2022,05,ESP.4.1_1,0.09003099293140038,0.2722227248107771
2022,05,ESP.4.3_1,0.0719684065721736,0.22579861306282414
2022,05,ESP.4.4_1,0.17547397057877884,0.35500108778262146
2022,05,ESP.5.7_1,0.004601638539665284,0.08227359420045227
2022,05,ESP.6.1_1,0.5967151109610715,0.16814273958843393
2022,05,ESP.6.2_1,0.7903012373457856,0
2022,05,ESP.6.3_1,0.37271874601130955,0.11979275859285768
2022,05,ESP.6.4_1,0.764096198538751,0
2022,05,ESP.9.1_1,0.11384952406999467,0.347847940175791
2022,05,FRA.10.11_1,0.5655739886152039,0.19066487549159886
2022,05,FRA.11.11_1,0.08370535714285714,0.528230969456583
2022,05,FRA.11.6_1,0.1819308742291629,0.5544072199576687
2022,05,FRA.11.7_1,0.5686401986341885,0.8911188586387617
