year,month,gid_2,est,se
2021,08,ARG.24.2_1,0.007,0.08341437500789632
2021,08,DOM.5.1_1,0.017,0.1293357171384909
2021,08,GTM.7.7_1,0.004,0.06315051850925682
2021,08,HND.8.4_1,0.008,0.08912880535463237
2021,08,IND.20.26_1,0.066,0.24840633185509925
2021,08,IND.34.1_1,0.506,0.5002141683461337
2021,08,MEX.14.40_2,0.007,0.08341437500789632
2021,08,MEX.14.99_2,0.007,0.08341437500789632
2021,08,MEX.16.57_2,0.008,0.08912880535463237
2021,08,MEX.17.7_2,0.013,0.11333068359382575
2021,08,MEX.31.50_2,0.008,0.08912880535463237
2021,08,MEX.4.5_2,0.042,0.20068950215762726
2021,08,MEX.9.9_2,0.094,0.29197474077263813
2021,08,PAK.7.5_1,0.026,0.15921478998305827
2021,08,PER.13.11_1,0.02,0.14007005254378832
2021,08,PRI.52_1,0.746,0.43551541152257023
2021,08,PRI.65_1,0.009,0.09448771310560929
2021,08,USA.10.43_1,0.014,0.11754921445002436
2021,08,USA.5.19_1,0.01,0.0995485304256668
2021,08,VEN.14.3_1,0.093,0.290577761426155
