year,month,gid_1,est,se
2022,06,ESP.1_1,0,0.3593181969367157
2022,06,ESP.10_1,0,0.35840341697683936
2022,06,ESP.11_1,0,0.33868659601397255
2022,06,ESP.12_1,0,0.34710825959797026
2022,06,ESP.13_1,0,0.3490434015811077
2022,06,ESP.14_1,0,0.356610239556597
2022,06,ESP.15_1,0,0.3589248903531731
2022,06,ESP.16_1,0.04374077734508573,0.14785309763896895
2022,06,ESP.17_1,0.49100000000000005,0.5001331710982764
2022,06,ESP.18_1,0,0.38026013895979194
2022,06,ESP.2_1,0,0.3476751979060286
2022,06,ESP.3_1,0,0.08017636167419312
2022,06,ESP.4_1,0,0.357148724013743
2022,06,ESP.5_1,0,0.3422901128154624
2022,06,ESP.6_1,0,0.35435117331016774
2022,06,ESP.7_1,0,0.37735307562693193
2022,06,ESP.8_1,0,0.3673283874722052
2022,06,ESP.9_1,0,0.37140092500787764
