year,month,gid_1,est,se
2022,06,ESP.1_1,0,0.34777496944471903
2022,06,ESP.10_1,0,0.3603002945186975
2022,06,ESP.11_1,0,0.3313028607612804
2022,06,ESP.12_1,0,0.3655183520136416
2022,06,ESP.13_1,0,0.3562763839810677
2022,06,ESP.14_1,0,0.3277777779029865
2022,06,ESP.15_1,0,0.3392311619233872
2022,06,ESP.16_1,0.04383943888877968,0.1259750354569387
2022,06,ESP.17_1,0.49599999999999994,0.500228244070338
2022,06,ESP.18_1,0,0.3415817161827324
2022,06,ESP.2_1,0,0.34282467731303606
2022,06,ESP.3_1,0,0.10498444363878243
2022,06,ESP.4_1,0,0.3427928773536804
2022,06,ESP.5_1,0,0.34442130291933043
2022,06,ESP.6_1,0,0.3482366926915481
2022,06,ESP.7_1,0,0.33202969237684243
2022,06,ESP.8_1,0,0.3627303745255821
2022,06,ESP.9_1,0,0.3760422634167569
