year,month,gid_1,est,se
2022,06,AUT.1_1,0.77017313709506,0.12388021559487396
2022,06,AUT.2_1,0.9700626029301168,0.03138727784429731
2022,06,AUT.3_1,0.9591784705647067,0.06411492411201439
2022,06,AUT.4_1,0.9508407157022118,0.0659088506133738
2022,06,AUT.5_1,0.9888323723239023,0.04278793081217314
2022,06,AUT.6_1,0.7721446382131911,0.1438821435764813
2022,06,AUT.7_1,0.6662711232302962,0.20239329609555604
2022,06,AUT.8_1,0.7857747684137201,0.14505377815471468
2022,06,AUT.9_1,0.6527322386873446,0.23813559322740863
2022,06,CHE.19_1,0.529,0.2498289747381613
2022,06,CHE.21_1,0.48899999999999993,0.250189682360088
2022,06,CHE.25_1,0.102,0.15147563100614778
2022,06,CHE.26_1,0.506,0.2502322315835369
2022,06,DEU.11_1,0.599,0.2452958007992587
2022,06,DEU.2_1,0.3117213098494939,0.17734501441385134
2022,06,ESP.16_1,0.3890218055989518,0.17066147752329008
2022,06,ESP.17_1,0.35839256487109566,0.1954573751694895
2022,06,ESP.3_1,0.29043538931115953,0.20414635952170673
2022,06,HRV.8_1,0.9070000000000001,0.14536157968220684
2022,06,HUN.1_1,0.038,0.09569381094721721
2022,06,HUN.10_1,0.03351447397993619,0.0900214419252036
2022,06,HUN.11_1,0.082,0.13731968006214626
2022,06,HUN.12_1,0.2098974516544945,0.13877802893496913
2022,06,HUN.13_1,0.067,0.1251361356516943
2022,06,HUN.14_1,0.10544105208680615,0.12402607036523068
2022,06,HUN.18_1,0.513,0.2501656513660372
2022,06,HUN.2_1,0.013,0.05669369573503793
2022,06,HUN.4_1,0.089,0.1425143866086174
2022,06,HUN.5_1,0.155,0.18113347526724297
2022,06,HUN.8_1,0.609,0.2442314237105189
2022,06,HUN.9_1,0.07300000000000001,0.13019844976421835
2022,06,ITA.10_1,0.055,0.11410423538716716
2022,06,ITA.20_1,0.156,0.18160928081964528
2022,06,ITA.7_1,0.497,0.25024574570520447
2022,06,NLD.7_1,0.492,0.25021821616790574
2022,06,ROU.14_1,0.135,0.17103281906748524
2022,06,ROU.29_1,0.17299999999999996,0.18931294975912252
2022,06,SRB.5_1,0.016,0.06280034891434684
2022,06,SVN.8_1,0.059,0.11793028107673821
