year,month,gid_1,est,se
2018,05,ESP.1_1,0.14888070417243068,0.23070555775191112
2018,05,ESP.10_1,0.602291296039607,0.47121619208382404
2018,05,ESP.11_1,0,0.3576969406016484
2018,05,ESP.12_1,0,0.3515819748507446
2018,05,ESP.13_1,0.828,0.3775692765024169
2018,05,ESP.14_1,0,0.3625961562475756
2018,05,ESP.15_1,0,0
2018,05,ESP.16_1,0.001471530119330462,0.037788596051534354
2018,05,ESP.17_1,0,0.3582280381646966
2018,05,ESP.18_1,0.9770000000000001,0.1499783100768024
2018,05,ESP.2_1,0.057931504252486346,0.18192328881652736
2018,05,ESP.3_1,0,0.3461196307619647
2018,05,ESP.4_1,0,0.007125054880288199
2018,05,ESP.5_1,0,0.36707380206082396
2018,05,ESP.6_1,0.48745323292776827,0.46923841735882293
2018,05,ESP.7_1,0,0.3562666500332664
2018,05,ESP.8_1,0.052,0.22213812222431642
2018,05,ESP.9_1,0,0.14007005254378832
2018,05,ITA.10_1,0.032,0.17608806605504815
2018,05,ITA.15_1,0.068,0.2518718710762269
2018,05,ITA.16_1,0.054,0.2261307920985887
2018,05,ITA.17_1,0.633,0.48222768848702946
2018,05,ITA.8_1,0.019,0.13659303663678343
