year,month,gid_1,est,se
2018,05,ESP.1_1,0.28555017871771216,0.36942534026058116
2018,05,ESP.10_1,0.8404112582919034,0.3565031444712735
2018,05,ESP.11_1,0,0.49843535861486915
2018,05,ESP.12_1,0,0.4997761349767859
2018,05,ESP.13_1,0.9605489737125972,0.20069110769291096
2018,05,ESP.14_1,0,0.49232678472779884
2018,05,ESP.15_1,0.08221817937832251,0.27450420213953597
2018,05,ESP.16_1,0.08458210303279774,0.27802848197742186
2018,05,ESP.17_1,0,0.4989558460063708
2018,05,ESP.18_1,0.9896261347122478,0.11333159025017439
2018,05,ESP.2_1,0.2931399186187194,0.3957985425583734
2018,05,ESP.3_1,0,0.4997246404933239
2018,05,ESP.4_1,0.03439263970997456,0.38069664005527554
2018,05,ESP.5_1,0,0.49908837124795435
2018,05,ESP.6_1,0.7302975837280932,0.4075713832861832
2018,05,ESP.7_1,0,0.49957738821392084
2018,05,ESP.8_1,0.060159643447553056,0.23760757516167882
2018,05,ESP.9_1,0.08723148299895193,0.28197833728680954
