year,month,gid_1,est,se
2018,05,ESP.10_1,0.9297188755020082,0.5235428314745468
2018,05,ESP.2_1,0.0985097211743034,0.3727522783220333
2018,05,ESP.6_1,0.6016564312171307,0.3950467880307169
