year,month,gid_1,est,se
2018,05,ESP.1_1,0.1445197811674344,0.26057297326458806
2018,05,ESP.10_1,0.6527373124025803,0.4566515103373564
2018,05,ESP.11_1,0,0.3609724789000428
2018,05,ESP.12_1,0,0.35668152201990955
2018,05,ESP.13_1,0.8376770310932798,0.37046751828439284
2018,05,ESP.14_1,0,0.3594452034261651
2018,05,ESP.15_1,0,0.08913040971644665
2018,05,ESP.16_1,0.007128150093435781,0.08321080463658363
2018,05,ESP.17_1,0,0.36304344177420134
2018,05,ESP.18_1,0.9519057171514542,0.2180579265261483
2018,05,ESP.2_1,0.04155558870444395,0.16900812433737117
2018,05,ESP.3_1,0,0.345078776415045
2018,05,ESP.4_1,0,0.09580066965216853
2018,05,ESP.5_1,0,0.3639863936312937
2018,05,ESP.6_1,0.49327122265111373,0.4571682970760352
2018,05,ESP.7_1,0,0.3649300801959914
2018,05,ESP.8_1,0.02805616850551655,0.16505824437242905
2018,05,ESP.9_1,0,0.0995503223475965
2018,05,ITA.10_1,0.031062186559679038,0.173407472718238
2018,05,ITA.15_1,0.03507021063189569,0.1838750281298244
2018,05,ITA.16_1,0.04709428284854564,0.21174855367637166
2018,05,ITA.17_1,0.36673420260782347,0.48195916686298546
2018,05,ITA.8_1,0.027054162487462386,0.16216733343704742
