year,month,gid_2,est,se
2016,10,ESP.10.1_1,0.266,0.44208533049564025
2016,10,ESP.10.2_1,0.227,0.41910219117375974
2016,10,ESP.10.3_1,0.222,0.4157990967870047
2016,10,ESP.18.1_1,0.226,0.41844844258175834
2016,10,ESP.2.3_1,0.201,0.40094857495663927
2016,10,ESP.4.1_1,0.15,0.35725009115132167
2016,10,ESP.6.1_1,0.284,0.4511624403111894
2016,10,ESP.6.2_1,0.3,0.45848687027025126
2016,10,ESP.6.4_1,0.281,0.4497123983628217
