year,month,gid_4,est,se
2020,05,ESP.16.2.1.3_1,0,0.4799472360055315
2020,05,ESP.16.2.1.32_1,0,0.4799472360055315
2020,05,ESP.16.2.1.36_1,0,0.4799472360055315
2020,05,ESP.16.2.1.45_1,0,0.4799472360055315
2020,05,ESP.16.2.1.51_1,0,0.4799472360055315
2020,05,ESP.16.2.1.66_1,0,0.4799472360055315
2020,05,ESP.17.1.1.1_1,0,0.4768924684102554
2020,05,ESP.17.1.4.2_1,0,0.4768924684102554
2020,05,ESP.17.1.4.3_1,0,0.4768924684102554
2020,05,ESP.17.1.8.10_1,0,0.4768924684102554
2020,05,ESP.17.1.8.18_1,0,0.4768924684102554
2020,05,ESP.3.1.4.5_1,0,0.3775692765024169
2020,05,SVN.8.15_1,0,0.3893013685508382
