year,month,gid_4,est,se
2020,05,AUT.3.4.12.1_2,0.096,0.2947386484173239
2020,05,CHE.21.5.17_1,0.238,0.42607222103481185
2020,05,CHE.21.5.20_1,0.238,0.42607222103481185
2020,05,CHE.21.5.25_1,0.238,0.42607222103481185
2020,05,CHE.21.5.34_1,0.238,0.42607222103481185
2020,05,ESP.16.2.1.14_1,0.362,0.4808192874533916
2020,05,ESP.16.2.1.19_1,0.362,0.4808192874533916
2020,05,ESP.16.2.1.20_1,0.362,0.4808192874533916
2020,05,ESP.16.2.1.21_1,0.362,0.4808192874533916
2020,05,ESP.16.2.1.3_1,0.362,0.4808192874533916
2020,05,ESP.16.2.1.32_1,0.362,0.4808192874533916
2020,05,ESP.16.2.1.33_1,0.362,0.4808192874533916
2020,05,ESP.16.2.1.35_1,0.362,0.4808192874533916
2020,05,ESP.16.2.1.36_1,0.362,0.4808192874533916
2020,05,ESP.16.2.1.37_1,0.362,0.4808192874533916
2020,05,ESP.16.2.1.45_1,0.362,0.4808192874533916
2020,05,ESP.16.2.1.51_1,0.362,0.4808192874533916
2020,05,ESP.16.2.1.56_1,0.362,0.4808192874533916
2020,05,ESP.16.2.1.66_1,0.362,0.4808192874533916
2020,05,ESP.16.2.1.69_1,0.362,0.4808192874533916
2020,05,ESP.16.2.1.75_1,0.362,0.4808192874533916
2020,05,ESP.16.2.1.81_1,0.362,0.4808192874533916
2020,05,ESP.17.1.1.1_1,0.341,0.4742825570732535
2020,05,ESP.17.1.1.2_1,0.341,0.4742825570732535
2020,05,ESP.17.1.1.9_1,0.341,0.4742825570732535
2020,05,ESP.17.1.3.7_1,0.341,0.4742825570732535
2020,05,ESP.17.1.4.1_1,0.341,0.4742825570732535
2020,05,ESP.17.1.4.2_1,0.341,0.4742825570732535
2020,05,ESP.17.1.4.3_1,0.341,0.4742825570732535
2020,05,ESP.17.1.6.2_1,0.341,0.4742825570732535
2020,05,ESP.17.1.8.10_1,0.341,0.4742825570732535
2020,05,ESP.17.1.8.12_1,0.341,0.4742825570732535
2020,05,ESP.17.1.8.15_1,0.341,0.4742825570732535
2020,05,ESP.17.1.8.18_1,0.341,0.4742825570732535
2020,05,ESP.3.1.11.10_1,0.215,0.4110279113928201
2020,05,ESP.3.1.11.12_1,0.215,0.4110279113928201
2020,05,ESP.3.1.4.5_1,0.215,0.4110279113928201
2020,05,SVN.8.15_1,0.195,0.3963989557656934
