year,month,gid_1,est,se
2018,03,ESP.1_1,0.1975749787594159,0.3213155416059054
2018,03,ESP.10_1,0.6275008851996668,0.48253331565114754
2018,03,ESP.11_1,0,0.4613248361584837
2018,03,ESP.12_1,0,0.47049470301801194
2018,03,ESP.13_1,0.851,0.3563015692981855
2018,03,ESP.14_1,0,0.46367550123456075
2018,03,ESP.15_1,0,0.17342134748054064
2018,03,ESP.16_1,0,0.1531406022192706
2018,03,ESP.17_1,0,0.46828006934207483
2018,03,ESP.18_1,0.846,0.36116475554879657
2018,03,ESP.2_1,0.053238699677585086,0.3079045998688481
2018,03,ESP.3_1,0,0.46976578195421603
2018,03,ESP.4_1,0,0.2862371525050746
2018,03,ESP.5_1,0,0.4654661995620628
2018,03,ESP.6_1,0.56417565912735,0.4901987087929528
2018,03,ESP.8_1,0,0.1734213474805406
2018,03,ESP.9_1,0,0.16790685798658472
