year,month,gid_1,est,se
2018,03,ESP.10_1,0.2730923694779117,0.8899815550159864
2018,03,ESP.2_1,0.002723771092377053,0.06983584237187136
2018,03,ESP.6_1,0.3181708621846689,0.6636548344655527
