year,month,gid_1,est,se
2018,03,ESP.1_1,0.046815047663760885,0.046558279977913064
2018,03,ESP.10_1,0.1598007926766976,0.3402896696785459
2018,03,ESP.11_1,0,0.31374133057420445
2018,03,ESP.12_1,0,0.2969813632374286
2018,03,ESP.13_1,0,0.4853808758022864
2018,03,ESP.14_1,0,0.3233067583066724
2018,03,ESP.15_1,0,0
2018,03,ESP.16_1,0,0
2018,03,ESP.17_1,0,0.3203851535989872
2018,03,ESP.18_1,0,0.45352473436923446
2018,03,ESP.2_1,0,0
2018,03,ESP.3_1,0,0.31304631925323445
2018,03,ESP.4_1,0,0
2018,03,ESP.5_1,0,0.33392146172102166
2018,03,ESP.6_1,0.10759989177321035,0.24576527142174828
2018,03,ESP.8_1,0,0.10435463521037237
2018,03,ESP.9_1,0,0.06315051850925682
2018,03,ITA.10_1,0,0.03821407817359815
2018,03,ITA.16_1,0,0.3979313374809144
2018,03,ITA.20_1,0,0.3227695465501356
2018,03,ITA.6_1,0.077,0.26672484350382913
2018,03,ITA.8_1,0,0
