ID_1,est,se
ESP.1_1,0.9999994008925923,0.20370067060986594
ESP.10_1,1,0
ESP.11_1,0,0
ESP.12_1,0,0
ESP.13_1,0.999,0.03162277660168379
ESP.14_1,0,0
ESP.15_1,0.019000000000000017,0.13659303663678343
ESP.16_1,0.06299200000000005,0.11714619487254703
ESP.17_1,0,0
ESP.18_1,1,0
ESP.2_1,0.983936386,0.25967951191174765
ESP.3_1,0,0
ESP.4_1,0.09418614300000006,0.10346678562784015
ESP.5_1,0,0
ESP.6_1,0.99999999814,0.09613396134367602
ESP.7_1,0,0
ESP.8_1,0.03500000000000003,0.18387171834952978
ESP.9_1,0.008000000000000007,0.08912880535463237
