year,month,gid_1,est,se
2018,09,ESP.1_1,0.34123189581692215,0.40489082728889586
2018,09,ESP.10_1,0.7991106413967316,0.371834398161399
2018,09,ESP.11_1,0,0.4120563293169437
2018,09,ESP.12_1,0,0.4178308663448532
2018,09,ESP.13_1,0.979,0.14345584540052586
2018,09,ESP.14_1,0,0.42094898096976274
2018,09,ESP.15_1,0,0.15921478998305827
2018,09,ESP.16_1,0.04512614458865157,0.32398185155913234
2018,09,ESP.17_1,0,0.428508599236491
2018,09,ESP.18_1,0.9849999999999999,0.12161327966052797
2018,09,ESP.2_1,0.312708147743561,0.42666870699699394
2018,09,ESP.3_1,0,0.4332293707583636
2018,09,ESP.4_1,0.03869226564676556,0.27814268000846315
2018,09,ESP.5_1,0,0.41640646714311
2018,09,ESP.6_1,0.6405249519898976,0.441513519462446
2018,09,ESP.8_1,0.047,0.21174474216810163
2018,09,ESP.9_1,0,0.05471740119919799
2018,09,ITA.10_1,0.066,0.24840633185509925
2018,09,ITA.14_1,0.05873959167939609,0.23497160591580235
2018,09,ITA.16_1,0.086,0.28050433629924987
2018,09,ITA.19_1,0,0.41512809027013736
2018,09,ITA.20_1,0.991,0.09448771310560929
2018,09,ITA.5_1,0.226,0.41844844258175834
2018,09,ITA.8_1,0.084,0.2775266131761439
2018,09,ITA.9_1,0.518,0.4999259204381445
