year,month,gid_1,est,se
2022,04,ARG.24_1,7.401817893707029e-4,0.0014397520873910817
2022,04,DOM.5_1,0.15662314099845434,0.42767687449371783
2022,04,GTM.7_1,0.004464054170204902,0.01242593099397748
2022,04,HND.8_1,0.0010737676249558301,0.0031109774434331986
2022,04,IND.20_1,2.5801794531792978e-5,6.184859305804525e-5
2022,04,IND.34_1,2.156500450340485e-5,6.129988423780995e-5
2022,04,MEX.14_1,3.1510060088216565e-4,5.126312713962648e-4
2022,04,MEX.16_1,4.7391909002378113e-4,7.368942468213888e-4
2022,04,MEX.17_1,0.001944735216686565,0.005406616615214328
2022,04,MEX.31_1,6.561243980437051e-4,0.0010588921986100517
2022,04,MEX.9_1,0.0030818308494849813,0.012469255098242623
2022,04,PAK.7_1,2.223035444450642e-5,6.604268744894022e-5
2022,04,PER.13_1,8.267380018498947e-4,0.0015926172794750698
2022,04,PRI.52_1,0.2656964792552933,0.47770763550076617
2022,04,PRI.65_1,0.12048144140193777,0.2865023232256036
2022,04,USA.5_1,1.0639890601501486e-5,2.060670950882257e-5
2022,04,VEN.14_1,8.742599073756812e-4,0.0018966534430749824
