year,month,gid_1,est,se
2021,11,ESP.1_1,0.1734053318170209,0.2747041344292526
2021,11,ESP.10_1,0.151218032942119,0.330192090601043
2021,11,ESP.11_1,0.0526739876030195,0.21387319079712103
2021,11,ESP.12_1,0,0.04892212590226406
2021,11,ESP.13_1,0.3412835446778972,0.4631344227041362
2021,11,ESP.14_1,0,0.04469897088298564
2021,11,ESP.16_1,0.11336542125916224,0.2417513455837974
2021,11,ESP.17_1,0.32372554881022403,0.4562709536921929
2021,11,ESP.18_1,0,0.2430845328071905
2021,11,ESP.2_1,0.009113906569205375,0.2259162338915729
2021,11,ESP.3_1,0,0
2021,11,ESP.4_1,0,0.25091170152392156
2021,11,ESP.5_1,0,0.0647399190738798
2021,11,ESP.6_1,0.29576890950365997,0.2622453822767935
2021,11,ESP.8_1,0.49930550748695574,0.49822005501908806
2021,11,ESP.9_1,0,0.4487319471135974
2021,11,ITA.1_1,0.5871999598896398,0.4709628851190863
2021,11,ITA.10_1,0.6321122345898416,0.4650538990859361
2021,11,ITA.11_1,0.174212977917765,0.34969736954504027
2021,11,ITA.12_1,0,0.45935499018406994
2021,11,ITA.13_1,0.5553001222306514,0.45347615720051726
2021,11,ITA.14_1,0.17036663583708148,0.41251268827543697
2021,11,ITA.15_1,0.24401626257228956,0.4150841027635229
2021,11,ITA.16_1,0.5478612003603245,0.40946310291264537
2021,11,ITA.17_1,0.23000631244743652,0.3693716629452511
2021,11,ITA.18_1,0.47615542374775827,0.49173692911842826
2021,11,ITA.2_1,0.11701610951696736,0.2755541674623962
2021,11,ITA.20_1,0.7900817819592241,0.23229616465896724
2021,11,ITA.3_1,0,0.09789268325591009
2021,11,ITA.4_1,0.5929030386906359,0.28135216843344685
2021,11,ITA.5_1,0.4718398716048785,0.428003367699855
2021,11,ITA.6_1,0.6000522159416294,0.4616324165192416
2021,11,ITA.7_1,0.8789086840076381,0.18526965888469837
2021,11,ITA.8_1,0.6217348640560851,0.22494558096846035
2021,11,ITA.9_1,0.5731253230623939,0.4669035915940167
