year,month,gid_2,est,se
2022,08,ESP.1.1_1,0.05,0.21805400144814482
2022,08,ESP.1.2_1,0.205,0.403903624814309
2022,08,ESP.1.3_1,0.069,0.2535809600567505
2022,08,ESP.1.4_1,0.119,0.32395052700056526
2022,08,ESP.1.5_1,0.075,0.26352313834736496
2022,08,ESP.1.6_1,0.053,0.22414558046332575
2022,08,ESP.1.7_1,0.053,0.22414558046332575
2022,08,ESP.1.8_1,0.42,0.49380547166252
2022,08,ESP.10.1_1,0.201,0.40094857495663927
2022,08,ESP.10.2_1,0.318,0.46593249842986173
2022,08,ESP.10.3_1,0.193,0.39485048677557294
2022,08,ESP.11.1_1,0.049,0.21597603025716916
2022,08,ESP.11.2_1,0.054,0.2261307920985887
2022,08,ESP.12.1_1,0.28,0.44922355437109684
2022,08,ESP.12.2_1,0,0.4248346554654934
2022,08,ESP.12.3_1,0,0.42295376802895357
2022,08,ESP.12.4_1,0.285,0.4516403203645341
2022,08,ESP.13.1_1,0.327,0.46935199082489393
2022,08,ESP.14.1_1,0.054,0.2261307920985887
2022,08,ESP.14.2_1,0.165,0.37136627864268035
2022,08,ESP.15.1_1,0.046,0.20958990416508122
2022,08,ESP.16.1_1,0,0.43265018916693676
2022,08,ESP.16.2_1,0.266,0.44208533049564025
2022,08,ESP.16.3_1,0.243,0.4291097005838194
2022,08,ESP.17.1_1,0.389,0.48776727741507725
2022,08,ESP.18.1_1,0.476,0.4996735671152454
2022,08,ESP.2.1_1,0,0.43775292989039793
2022,08,ESP.2.2_1,0.191,0.3932857404911519
2022,08,ESP.2.3_1,0.064,0.24487540497968344
2022,08,ESP.3.1_1,0.065,0.24664921616708177
2022,08,ESP.4.1_1,0.127,0.33313958333104454
2022,08,ESP.4.2_1,0,0.41844844258175834
2022,08,ESP.4.3_1,0,0.42607222103481185
2022,08,ESP.4.4_1,0.069,0.2535809600567505
2022,08,ESP.4.5_1,0.107,0.30926792049394103
2022,08,ESP.5.1_1,0.087,0.2819760814510878
2022,08,ESP.5.2_1,0.136,0.3429600875052688
2022,08,ESP.5.3_1,0.217,0.4124088760939574
2022,08,ESP.5.4_1,0,0.4254550646214145
2022,08,ESP.5.5_1,0.084,0.2775266131761439
2022,08,ESP.5.6_1,0,0.42232020358296185
2022,08,ESP.5.7_1,0,0.43148253403489834
2022,08,ESP.5.8_1,0,0.42295376802895357
2022,08,ESP.5.9_1,0,0.4130939925085411
2022,08,ESP.6.1_1,0.659,0.4742825570732535
2022,08,ESP.6.2_1,0.398,0.48973037054672836
2022,08,ESP.6.3_1,0.111,0.3142893217686178
2022,08,ESP.6.4_1,0.196,0.39716714584887525
2022,08,ESP.7.1_1,0.112,0.3155242550986462
2022,08,ESP.7.2_1,0,0.41033202698835536
2022,08,ESP.8.1_1,0.378,0.48513024163759505
2022,08,ESP.9.1_1,0,0.44208533049564025
