year,month,gid_2,est,se
2022,08,ESP.10.1_1,0.252,0.4343785039394614
2022,08,ESP.10.2_1,0.223,0.41646661864361284
2022,08,ESP.10.3_1,0.63,0.48304589153964794
