year,month,gid_2,est,se
2021,07,ESP.1.1_1,0.993,0.08341437500789632
2021,07,ESP.1.2_1,0.985,0.12161327966052798
2021,07,ESP.1.3_1,0.812,0.39090767299812473
2021,07,ESP.1.4_1,0.98,0.14007005254378832
2021,07,ESP.1.5_1,0.8,0.40020015012510946
2021,07,ESP.1.6_1,0.919,0.27297163499805893
2021,07,ESP.1.7_1,0.998,0.04469897088298564
2021,07,ESP.1.8_1,0.999,0.03162277660168379
2021,07,ESP.10.1_1,1,0
2021,07,ESP.10.2_1,0.992,0.08912880535463237
2021,07,ESP.10.3_1,0.982,0.13301764429463367
2021,07,ESP.11.1_1,0.816,0.387678080750375
2021,07,ESP.11.2_1,0.828,0.3775692765024169
2021,07,ESP.12.1_1,0.831,0.3749394345485409
2021,07,ESP.12.2_1,0.586,0.4927949338688932
2021,07,ESP.12.3_1,0.565,0.4960050614873008
2021,07,ESP.12.4_1,0.661,0.47360669685225454
2021,07,ESP.13.1_1,1,0
2021,07,ESP.14.1_1,0.803,0.39793133748091436
2021,07,ESP.14.2_1,0.542,0.4984821807090846
2021,07,ESP.15.1_1,0.281,0.4497123983628217
2021,07,ESP.16.2_1,0.993,0.08341437500789632
2021,07,ESP.16.3_1,0.782,0.4130939925085411
2021,07,ESP.17.1_1,0.971,0.1678904023081343
2021,07,ESP.18.1_1,0.999,0.03162277660168379
2021,07,ESP.2.1_1,0.937,0.24308453280719053
2021,07,ESP.2.2_1,0.402,0.4905472827736758
2021,07,ESP.2.3_1,0.989,0.10435463521037237
2021,07,ESP.3.1_1,0.08,0.27142894774447635
2021,07,ESP.4.1_1,0.662,0.4732652321690026
2021,07,ESP.4.2_1,0.089,0.2848862231842041
2021,07,ESP.4.3_1,0.323,0.46785669802824226
2021,07,ESP.4.4_1,0.085,0.2790212408632233
2021,07,ESP.4.5_1,0.935,0.24664921616708177
2021,07,ESP.5.1_1,0.132,0.3386601403925338
2021,07,ESP.5.2_1,0.375,0.48436516143258035
2021,07,ESP.5.3_1,0.369,0.48277538469983333
2021,07,ESP.5.4_1,0.313,0.4639463829433809
2021,07,ESP.5.5_1,0.416,0.49314012936201734
2021,07,ESP.5.6_1,0.122,0.32744957355785825
2021,07,ESP.5.8_1,0.252,0.4343785039394614
2021,07,ESP.5.9_1,0.646,0.4784484433174727
2021,07,ESP.6.1_1,1,0
2021,07,ESP.6.2_1,1,0
2021,07,ESP.6.3_1,0.989,0.10435463521037237
2021,07,ESP.6.4_1,1,0
2021,07,ESP.7.1_1,0.82,0.38437969216355294
2021,07,ESP.8.1_1,1,0
2021,07,ESP.9.1_1,0.452,0.4979396991041626
