year,month,gid_2,est,se
2020,12,ESP.10.1_1,0.993,0.08341437500789632
2020,12,ESP.10.2_1,0.617,0.48636153995515263
2020,12,ESP.10.3_1,0.999,0.03162277660168379
