year,month,gid_2,est,se
2022,07,ESP.10.1_1,0.995,0.07056897321046962
2022,07,ESP.10.2_1,0.992,0.08912880535463237
2022,07,ESP.10.3_1,0.988,0.10893974420691407
2022,07,ESP.18.1_1,0.998,0.04469897088298564
2022,07,ESP.2.1_1,0.621,0.4853808758022864
2022,07,ESP.2.2_1,0.306,0.4610602743422779
2022,07,ESP.2.3_1,0.443,0.49698893146427114
2022,07,ESP.4.1_1,0.398,0.48973037054672836
2022,07,ESP.4.3_1,0.185,0.38849186082326864
2022,07,ESP.6.1_1,0.995,0.07056897321046962
2022,07,ESP.6.2_1,0.998,0.04469897088298564
2022,07,ESP.6.3_1,0.995,0.07056897321046962
2022,07,ESP.6.4_1,0.988,0.10893974420691407
2022,07,FRA.11.11_1,0.478,0.4997657108743714
2022,07,FRA.11.6_1,0.404,0.4909429956981004
