year,month,gid_2,est,se
2022,07,ESP.1.1_1,0.053,0.22414558046332575
2022,07,ESP.1.2_1,0.188,0.39090767299812473
2022,07,ESP.1.3_1,0.455,0.4982200550190881
2022,07,ESP.1.4_1,0.846,0.3611293596682696
2022,07,ESP.1.5_1,0,0.4924413655436538
2022,07,ESP.1.6_1,0.057,0.2319586273558386
2022,07,ESP.1.7_1,0.897,0.304110972316823
2022,07,ESP.1.8_1,0.492,0.5001861515337926
2022,07,ESP.10.1_1,0.781,0.41377555535605315
2022,07,ESP.10.2_1,0.599,0.4903462444430868
2022,07,ESP.10.3_1,0.529,0.49940805801309257
2022,07,ESP.11.1_1,0,0.49675523728066096
2022,07,ESP.11.2_1,0,0.49687310541312546
2022,07,ESP.12.1_1,0,0.500249187155011
2022,07,ESP.12.2_1,0,0.4990922691177385
2022,07,ESP.12.3_1,0,0.49784219070589714
2022,07,ESP.12.4_1,0,0.5002141683461337
2022,07,ESP.13.1_1,0.528,0.49946517943242597
2022,07,ESP.14.1_1,0,0.4945903553645376
2022,07,ESP.14.2_1,0,0.49443752736667196
2022,07,ESP.15.1_1,0.063,0.24308453280719053
2022,07,ESP.16.1_1,0,0.4982200550190881
2022,07,ESP.16.2_1,0.348,0.47657436263727315
2022,07,ESP.16.3_1,0.083,0.2760202658994212
2022,07,ESP.17.1_1,0,0.49946517943242597
2022,07,ESP.18.1_1,0.637,0.4811054587743341
2022,07,ESP.2.1_1,0.354,0.4784484433174727
2022,07,ESP.2.2_1,0.528,0.49946517943242597
2022,07,ESP.2.3_1,0.066,0.24840633185509925
2022,07,ESP.3.1_1,0,0.4995202903992194
2022,07,ESP.4.1_1,0.055,0.22809433799861634
2022,07,ESP.4.2_1,0,0.49518098126261295
2022,07,ESP.4.3_1,0.076,0.26513071171460745
2022,07,ESP.4.4_1,0,0.4958728565770563
2022,07,ESP.4.5_1,0.054,0.2261307920985887
2022,07,ESP.5.1_1,0,0.4980351785155734
2022,07,ESP.5.2_1,0,0.49784219070589714
2022,07,ESP.5.3_1,0,0.499624483612067
2022,07,ESP.5.4_1,0,0.49839682924292306
2022,07,ESP.5.5_1,0,0.49864681754589457
2022,07,ESP.5.6_1,0,0.4962633144584408
2022,07,ESP.5.7_1,0,0.49784219070589714
2022,07,ESP.5.8_1,0,0.4979396991041626
2022,07,ESP.5.9_1,0,0.5001861515337926
2022,07,ESP.6.1_1,0.622,0.48513024163759505
2022,07,ESP.6.2_1,0.695,0.4606378047741926
2022,07,ESP.6.3_1,0.653,0.4762539425745658
2022,07,ESP.6.4_1,0.513,0.5000810745080052
2022,07,ESP.7.1_1,0,0.49560228169533443
2022,07,ESP.7.2_1,0,0.4957385972029581
2022,07,ESP.8.1_1,0.073,0.2602666685127751
2022,07,ESP.9.1_1,0.251,0.43380547159664457
