year,month,gid_2,est,se
2022,07,ESP.1.1_1,0,0.10893974420691407
2022,07,ESP.1.2_1,0,0.4117201883725323
2022,07,ESP.1.3_1,0,0.4884409632438444
2022,07,ESP.1.4_1,0,0.07056897321046962
2022,07,ESP.1.5_1,0,0.49560228169533443
2022,07,ESP.1.6_1,0,0.1499783100768024
2022,07,ESP.1.7_1,0.999,0.03162277660168379
2022,07,ESP.1.8_1,0,0.44418160396092193
2022,07,ESP.10.1_1,0,0.06315051850925682
2022,07,ESP.10.2_1,0,0.21387319079712103
2022,07,ESP.10.3_1,0,0.20519772441746548
2022,07,ESP.11.1_1,0,0.49152069396170145
2022,07,ESP.11.2_1,0,0.49189527438364455
2022,07,ESP.12.1_1,0,0.48776727741507725
2022,07,ESP.12.2_1,0,0.4909429956981004
2022,07,ESP.12.3_1,0,0.4907461989988632
2022,07,ESP.12.4_1,0,0.48930912869414506
2022,07,ESP.13.1_1,0,0.2535809600567505
2022,07,ESP.14.1_1,0,0.4835802413765991
2022,07,ESP.15.1_1,0,0.12553788177183714
2022,07,ESP.16.1_1,0,0.49546390835709164
2022,07,ESP.16.2_1,0,0.4984821807090846
2022,07,ESP.16.3_1,0,0.10893974420691407
2022,07,ESP.17.1_1,0,0.49226143594773025
2022,07,ESP.18.1_1,0.886,0.31797028965786267
2022,07,ESP.2.1_1,0,0.4589222261011223
2022,07,ESP.2.2_1,0,0.4808192874533916
2022,07,ESP.2.3_1,0,0.12553788177183714
2022,07,ESP.3.1_1,0,0.48707416400507353
2022,07,ESP.4.1_1,0,0.15312559370479986
2022,07,ESP.4.2_1,0,0.4936422618482768
2022,07,ESP.4.3_1,0,0.17872588772459053
2022,07,ESP.4.4_1,0,0.49347696959383985
2022,07,ESP.4.5_1,0,0.12553788177183714
2022,07,ESP.5.1_1,0,0.4895208173618673
2022,07,ESP.5.2_1,0,0.4895208173618673
2022,07,ESP.5.3_1,0,0.48993779098885504
2022,07,ESP.5.5_1,0,0.494741112874975
2022,07,ESP.5.6_1,0,0.49261919742705285
2022,07,ESP.5.7_1,0,0.49518098126261295
2022,07,ESP.5.8_1,0,0.4929685771101623
2022,07,ESP.5.9_1,0,0.4901430813958718
2022,07,ESP.6.1_1,0.921,0.26987373312686774
2022,07,ESP.6.2_1,0.985,0.12161327966052798
2022,07,ESP.6.3_1,0,0.12161327966052798
2022,07,ESP.6.4_1,0,0.27450200609713465
2022,07,ESP.8.1_1,0,0.11333068359382575
2022,07,ESP.9.1_1,0,0.41910219117375974
