year,month,ID_2,est,se
2017,05,ESP.1.1_1,0.03,0.17067257872642908
2017,05,ESP.1.2_1,0.017,0.1293357171384909
2017,05,ESP.1.3_1,0.015,0.12161327966052798
2017,05,ESP.1.4_1,0.034,0.18131981931624816
2017,05,ESP.1.5_1,0,0
2017,05,ESP.1.6_1,0.071,0.25695335184625445
2017,05,ESP.1.7_1,0.988,0.10893974420691407
2017,05,ESP.1.8_1,0.002,0.04469897088298564
2017,05,ESP.10.1_1,0.945,0.22809433799861634
2017,05,ESP.10.2_1,0.924,0.26513071171460745
2017,05,ESP.10.3_1,1,0
2017,05,ESP.11.1_1,0,0
2017,05,ESP.11.2_1,0,0
2017,05,ESP.12.1_1,0,0
2017,05,ESP.12.2_1,0,0
2017,05,ESP.12.3_1,0,0
2017,05,ESP.12.4_1,0,0
2017,05,ESP.13.1_1,0.996,0.06315051850925682
2017,05,ESP.14.1_1,0,0
2017,05,ESP.14.2_1,0,0
2017,05,ESP.15.1_1,0.001,0.03162277660168379
2017,05,ESP.16.1_1,0,0
2017,05,ESP.16.2_1,0.005,0.07056897321046962
2017,05,ESP.16.3_1,0.003,0.05471740119919799
2017,05,ESP.17.1_1,0,0
2017,05,ESP.18.1_1,0.983,0.1293357171384909
2017,05,ESP.2.1_1,0.71,0.4539891035103223
2017,05,ESP.2.2_1,0.042,0.20068950215762726
2017,05,ESP.2.3_1,0.003,0.05471740119919799
2017,05,ESP.3.1_1,0,0
2017,05,ESP.4.1_1,0.001,0.03162277660168379
2017,05,ESP.4.2_1,0,0
2017,05,ESP.4.3_1,0.003,0.05471740119919799
2017,05,ESP.4.4_1,0,0
2017,05,ESP.4.5_1,0,0
2017,05,ESP.5.1_1,0,0
2017,05,ESP.5.2_1,0,0
2017,05,ESP.5.3_1,0,0
2017,05,ESP.5.4_1,0,0
2017,05,ESP.5.5_1,0,0
2017,05,ESP.5.6_1,0,0
2017,05,ESP.5.7_1,0,0
2017,05,ESP.5.8_1,0,0
2017,05,ESP.5.9_1,0,0
2017,05,ESP.6.1_1,0.989,0.10435463521037237
2017,05,ESP.6.2_1,0.998,0.04469897088298564
2017,05,ESP.6.3_1,0.299,0.4580489153014215
2017,05,ESP.6.4_1,0.994,0.07726558075864033
2017,05,ESP.7.1_1,0,0
2017,05,ESP.7.2_1,0,0
2017,05,ESP.8.1_1,0.006,0.07726558075864033
2017,05,ESP.9.1_1,0.007,0.08341437500789632
