year,month,gid_2,est,se
2017,05,ESP.1.1_1,0.408,0.49170903772228736
2017,05,ESP.1.2_1,0.589,0.49226143594773025
2017,05,ESP.1.3_1,0.062,0.24127621974453722
2017,05,ESP.1.4_1,0.533,0.49915945364198017
2017,05,ESP.1.5_1,0,0.49940805801309257
2017,05,ESP.1.6_1,0.225,0.4177912750998392
2017,05,ESP.1.7_1,0.914,0.28050433629924987
2017,05,ESP.1.8_1,0.071,0.25695335184625445
2017,05,ESP.10.1_1,0.783,0.4124088760939574
2017,05,ESP.10.2_1,0.768,0.42232020358296185
2017,05,ESP.10.3_1,0.91,0.28632495871296654
2017,05,ESP.11.1_1,0,0.4979396991041626
2017,05,ESP.11.2_1,0,0.4973241712719495
2017,05,ESP.12.1_1,0,0.4998888765404656
2017,05,ESP.12.2_1,0,0.4995733915788286
2017,05,ESP.12.3_1,0,0.49663532561291557
2017,05,ESP.12.4_1,0,0.4995733915788286
2017,05,ESP.13.1_1,0.914,0.28050433629924987
2017,05,ESP.14.1_1,0,0.4901430813958718
2017,05,ESP.14.2_1,0,0.49532347546360583
2017,05,ESP.15.1_1,0.076,0.26513071171460745
2017,05,ESP.16.1_1,0,0.49753747953651045
2017,05,ESP.16.2_1,0.074,0.2619018758859749
2017,05,ESP.16.3_1,0.082,0.27450200609713465
2017,05,ESP.17.1_1,0,0.4984821807090846
2017,05,ESP.18.1_1,0.832,0.3740533597174552
2017,05,ESP.2.1_1,0.714,0.45211548127487117
2017,05,ESP.2.2_1,0.219,0.41377555535605315
2017,05,ESP.2.3_1,0.053,0.22414558046332575
2017,05,ESP.3.1_1,0,0.4990230696310783
2017,05,ESP.4.1_1,0.059,0.23574260237507894
2017,05,ESP.4.2_1,0,0.49663532561291557
2017,05,ESP.4.3_1,0.077,0.26672484350382913
2017,05,ESP.4.4_1,0,0.49934892545128134
2017,05,ESP.4.5_1,0.069,0.2535809600567505
2017,05,ESP.5.1_1,0,0.4997657108743714
2017,05,ESP.5.2_1,0,0.4990922691177385
2017,05,ESP.5.3_1,0,0.49996095943679536
2017,05,ESP.5.4_1,0,0.49946517943242597
2017,05,ESP.5.5_1,0,0.4990922691177385
2017,05,ESP.5.6_1,0,0.49946517943242597
2017,05,ESP.5.7_1,0,0.5001691405606399
2017,05,ESP.5.8_1,0,0.49940805801309257
2017,05,ESP.5.9_1,0,0.4984821807090846
2017,05,ESP.6.1_1,0.955,0.20740785428237288
2017,05,ESP.6.2_1,0.923,0.26672484350382913
2017,05,ESP.6.3_1,0.722,0.4482375674984382
2017,05,ESP.6.4_1,0.907,0.290577761426155
2017,05,ESP.7.1_1,0,0.4961352135760474
2017,05,ESP.7.2_1,0,0.49753747953651045
2017,05,ESP.8.1_1,0.069,0.2535809600567505
2017,05,ESP.9.1_1,0.077,0.26672484350382913
