year,month,gid_2,est,se
2017,05,ESP.1.1_1,0.115,0.31918157352340515
2017,05,ESP.1.2_1,0.244,0.42970763159228237
2017,05,ESP.1.3_1,0.02,0.14007005254378832
2017,05,ESP.1.4_1,0.172,0.3775692765024169
2017,05,ESP.1.5_1,0,0.4144535821678608
2017,05,ESP.1.6_1,0.069,0.2535809600567505
2017,05,ESP.1.7_1,0.836,0.3704608498090469
2017,05,ESP.1.8_1,0.015,0.12161327966052798
2017,05,ESP.10.1_1,0.471,0.49940805801309257
2017,05,ESP.10.2_1,0.462,0.49880337288836046
2017,05,ESP.10.3_1,0.84,0.366789496216201
2017,05,ESP.11.1_1,0,0.362085771753194
2017,05,ESP.11.2_1,0,0.37226681638655706
2017,05,ESP.12.1_1,0,0.35725009115132167
2017,05,ESP.12.3_1,0,0.3502480173729377
2017,05,ESP.12.4_1,0,0.3601676286407771
2017,05,ESP.13.1_1,0.763,0.4254550646214145
2017,05,ESP.14.1_1,0,0.3582280381646966
2017,05,ESP.14.2_1,0,0.33088439746304826
2017,05,ESP.15.1_1,0,0.11333068359382575
2017,05,ESP.16.1_1,0,0.22010780869257557
2017,05,ESP.16.2_1,0.007,0.08341437500789632
2017,05,ESP.16.3_1,0.006,0.07726558075864033
2017,05,ESP.17.1_1,0,0.37226681638655706
2017,05,ESP.18.1_1,0.731,0.4436618485241162
2017,05,ESP.2.1_1,0.157,0.3639828065767441
2017,05,ESP.2.2_1,0.025,0.15620307103062794
2017,05,ESP.2.3_1,0.008,0.08912880535463237
2017,05,ESP.3.1_1,0,0.36863517451796685
2017,05,ESP.4.1_1,0,0.06315051850925682
2017,05,ESP.4.2_1,0,0.10893974420691407
2017,05,ESP.4.3_1,0,0.06315051850925682
2017,05,ESP.4.4_1,0,0.10893974420691407
2017,05,ESP.4.5_1,0,0.03162277660168379
2017,05,ESP.5.1_1,0,0.3502480173729377
2017,05,ESP.5.2_1,0,0.3630369069334353
2017,05,ESP.5.5_1,0,0.35428310221702153
2017,05,ESP.5.6_1,0,0.36492351139542817
2017,05,ESP.5.8_1,0,0.36492351139542817
2017,05,ESP.6.1_1,0.96,0.19605723255834873
2017,05,ESP.6.2_1,0.816,0.387678080750375
2017,05,ESP.6.3_1,0.384,0.48660125439704816
2017,05,ESP.6.4_1,0.814,0.3893013685508382
2017,05,ESP.8.1_1,0.031,0.17340435135563662
2017,05,ESP.9.1_1,0,0.12161327966052798
2017,05,ITA.10.9_1,0.028,0.16505527329729044
2017,05,ITA.16.10_1,0.298,0.4576083537321029
2017,05,ITA.16.2_1,0.051,0.22010780869257557
2017,05,ITA.8.4_1,0.112,0.3155242550986462
