year,month,gid_1,est,se
2014,05,ESP.10_1,0,0
2014,05,ESP.2_1,0.0013564380040037723,0.04950370467064115
2014,05,ESP.6_1,6.643567688384281e-4,0.04203730913839181
