ID_1,est,se
ESP.1_1,0,0
ESP.10_1,0,0
ESP.11_1,0,0
ESP.12_1,0,0
ESP.13_1,0,0
ESP.14_1,0,0
ESP.15_1,0,0
ESP.16_1,0.06298500000000007,0.11725404021922135
ESP.17_1,0.11699999999999999,0.32158111638343195
ESP.18_1,0,0
ESP.2_1,0,0
ESP.3_1,0.016000000000000014,0.12553788177183714
ESP.4_1,0,0
ESP.5_1,0,0
ESP.6_1,0,0
ESP.7_1,0,0
ESP.8_1,0,0
ESP.9_1,0,0
