year,month,gid_1,est,se
2015,04,ESP.10_1,0.964,0.18638331132035063
2015,04,ESP.6_1,0.943,0.2319586273558386
