year,month,gid_3,est,se
2020,06,ESP.10.1.1_1,0.034143885453747025,0.09707271368463079
2020,06,ESP.10.1.4_1,0.0038042889258676263,0.026591637548195293
2020,06,ESP.10.1.6_1,0.00316217086837412,0.026968898613835113
2020,06,ESP.10.1.7_1,0.012154336979665843,0.06389318804449828
2020,06,ESP.10.1.9_1,0.05322596889739746,0.14372671871688525
2020,06,ESP.10.2.5_1,0.0035943433408558868,0.021487740903415153
2020,06,ESP.10.2.7_1,0.0035569753542848493,0.024791827677821048
2020,06,ESP.10.2.8_1,0.03596946529621493,0.10337296105751884
2020,06,ESP.10.3.1_1,0.09365707813443727,0.25289592168111397
2020,06,ESP.10.3.13_1,0.02709784564591841,0.07005697356888198
2020,06,ESP.10.3.4_1,0.371531899246466,0.7030801289696555
2020,06,ESP.10.3.7_1,0.018321984373537294,0.15903171214496864
2020,06,ESP.10.3.8_1,0.013902088833883015,0.12052834663314012
2020,06,ESP.18.1.5_1,0.05805535762368768,0.10307052050566827
2020,06,ESP.2.2.1_1,0.0015529663577433241,0.005840012537312516
2020,06,ESP.2.3.2_1,0.009426106379260852,0.014328403530024087
2020,06,ESP.6.1.10_1,0.23142121544077188,0.2174997187755587
2020,06,ESP.6.1.11_1,0.27210532525161213,0.21839346194886783
2020,06,ESP.6.1.12_1,0.06234498204536317,0.11091193554735991
2020,06,ESP.6.1.3_1,0.3372137710900609,0.29680150842349345
2020,06,ESP.6.1.5_1,0.006689389507107924,0.041212654711258775
2020,06,ESP.6.1.6_1,0.10976122633825243,0.23269939288031968
2020,06,ESP.6.1.9_1,0.0038990438344219686,0.023429615321423097
2020,06,ESP.6.2.4_1,0.031018456243783396,0.07747354058185452
2020,06,ESP.6.2.5_1,0.020625170386742785,0.0483375625829691
2020,06,ESP.6.2.6_1,0.05355628039934117,0.08801299252250201
2020,06,ESP.6.2.7_1,0.030177642685526525,0.08316373860697723
2020,06,ESP.6.3.10_1,0.002316354839534393,0.01808402473898793
2020,06,ESP.6.4.2_1,0.011758258966063353,0.07351686208344856
2020,06,ESP.6.4.3_1,0.021135019868975247,0.05150005397350441
2020,06,ESP.6.4.7_1,0.01117000362670847,0.030911653273974368
