year,month,gid_3,est,se
2020,06,ESP.10.1.1_1,0.929,0.25695335184625445
2020,06,ESP.10.1.4_1,0.459,0.4985655098054493
2020,06,ESP.10.1.6_1,0.504,0.5002341793942455
2020,06,ESP.10.1.7_1,0.538,0.49880337288836046
2020,06,ESP.10.1.9_1,0.95,0.21805400144814482
2020,06,ESP.10.2.5_1,0.5,0.5002501876563868
2020,06,ESP.10.2.7_1,0.549,0.49784219070589714
2020,06,ESP.10.2.8_1,0.943,0.2319586273558386
2020,06,ESP.10.3.1_1,0.972,0.16505527329729044
2020,06,ESP.10.3.13_1,0.93,0.25527468571161765
2020,06,ESP.10.3.4_1,0.996,0.06315051850925682
2020,06,ESP.10.3.7_1,0.604,0.48930912869414506
2020,06,ESP.10.3.8_1,0.545,0.4982200550190881
2020,06,ESP.18.1.5_1,0.979,0.14345584540052586
2020,06,ESP.6.1.10_1,0.997,0.054717401199198
2020,06,ESP.6.1.11_1,1,0
2020,06,ESP.6.1.12_1,0.979,0.14345584540052586
2020,06,ESP.6.1.3_1,0.996,0.06315051850925682
2020,06,ESP.6.1.5_1,0.511,0.500129112459102
2020,06,ESP.6.1.6_1,0.966,0.18131981931624816
2020,06,ESP.6.1.9_1,0.5,0.5002501876563868
2020,06,ESP.6.2.4_1,0.916,0.2775266131761439
2020,06,ESP.6.2.5_1,0.936,0.24487540497968344
2020,06,ESP.6.2.6_1,0.985,0.12161327966052798
2020,06,ESP.6.2.7_1,0.916,0.2775266131761439
2020,06,ESP.6.4.2_1,0.553,0.4974318430081034
2020,06,ESP.6.4.3_1,0.909,0.28775302222878874
2020,06,ESP.6.4.7_1,0.883,0.32158111638343195
