ID_0,est,se
ESP,0.45216875896429753,0.05747044681211603
