ID_0,est,se
ESP,0.3711565091444966,0.028063560283799652
