ID_0,est,se
ALB,0,0
ARG,0.221,0.41512809027013736
AUT,0,0
BEL,0,0
BGR,0,0
CHN,0,0
DEU,0,0
DOM,0.032,0.17608806605504818
ESP,0,0
FRA,0,0
GRC,0,0
GTM,0.171,0.3766973598273565
HND,0.125,0.33088439746304826
HRV,0,0
HUN,0,0
IND,0.253,0.6619844820693406
ITA,0,0
MEX,0.7939999999999999,2.144185712322451
NLD,0,0
PAK,0.228,0.6359405793157253
PER,0.528,0.8820396782424212
ROU,0,0
SRB,0,0
SVN,0,0
TUR,0,0
USA,0.009,0.09448771310560929
VEN,0.155,0.362085771753194
XKO,0,0
