ID_0,est,se
ESP,0.408947817697052,0.08097591384225604
