year,month,gid_1,est,se
2016,02,AND.2_1,0,0.13659303663678343
2016,02,AND.3_1,0,0.15921478998305827
2016,02,AND.4_1,0,0.13301764429463367
2016,02,AND.5_1,0,0.12553788177183714
2016,02,AND.6_1,0,0.15620307103062794
2016,02,AND.7_1,0,0.13301764429463367
2016,02,AUT.7_1,0,0.11754921445002436
2016,02,AUT.9_1,0,0.12553788177183714
2016,02,BEL.1_1,0,0.121613279660528
2016,02,BEL.2_1,0,0.13221208317566452
2016,02,CHE.24_1,0,0.13078910106820132
2016,02,DEU.13_1,0,0.12161327966052798
2016,02,DEU.3_1,0,0.16505527329729044
2016,02,ESP.1_1,0,0.12813296659966528
2016,02,ESP.10_1,0,0.27917237693373503
2016,02,ESP.11_1,0,0.1311187078451703
2016,02,ESP.12_1,0,0.1309876285154094
2016,02,ESP.13_1,0,0.20740785428237288
2016,02,ESP.14_1,0,0.12793026396819307
2016,02,ESP.15_1,0,0.09448771310560929
2016,02,ESP.16_1,0,0.10995272426537761
2016,02,ESP.17_1,0,0.13301764429463367
2016,02,ESP.18_1,0,0.4053582555164201
2016,02,ESP.2_1,0,0.11124700956203419
2016,02,ESP.3_1,0,0.13301764429463367
2016,02,ESP.4_1,0,0.09327009418068863
2016,02,ESP.5_1,0,0.12128925654669644
2016,02,ESP.6_1,0.03454384926564018,0.1630546458595181
2016,02,ESP.8_1,0,0.1467567291047928
2016,02,ESP.9_1,0,0.12553788177183714
2016,02,FRA.1_1,0,0.10893974420691406
2016,02,FRA.10_1,0,0.14345584540052586
2016,02,FRA.11_1,0.010114822546972862,0.0995485304256668
2016,02,FRA.13_1,0,0.11333068359382575
2016,02,FRA.8_1,0,0.14345584540052586
2016,02,GBR.1_1,0,0.14534457674563747
2016,02,GBR.3_1,0,0.1293357171384909
2016,02,HRV.21_1,0,0.14345584540052586
2016,02,HRV.4_1,0,0.11754921445002436
2016,02,ITA.10_1,0,0.1075772740520253
2016,02,ITA.15_1,0,0.11754921445002435
2016,02,ITA.8_1,0,0.10435463521037237
2016,02,NLD.14_1,0,0.14207401202897119
2016,02,NLD.7_1,0,0.14553004600567324
2016,02,NLD.9_1,0,0.15742430113181305
2016,02,PRT.12_1,0,0.1293357171384909
2016,02,PRT.14_1,0,0.14007005254378832
2016,02,PRT.15_1,0,0.12600898682347025
2016,02,PRT.17_1,0,0.1293357171384909
2016,02,SWE.21_1,0,0.12957317850909553
