year,month,gid_1,est,se
2016,02,ESP.1_1,0,0.019623938588327013
2016,02,ESP.10_1,0,0.20700041678940587
2016,02,ESP.11_1,0,0.141233469452042
2016,02,ESP.12_1,0,0.12366892725821341
2016,02,ESP.13_1,0,0.3397507644250058
2016,02,ESP.14_1,0,0.1315540489404921
2016,02,ESP.15_1,0,0.08913040971644665
2016,02,ESP.16_1,0,0
2016,02,ESP.17_1,0,0.14345842767546468
2016,02,ESP.18_1,0,0.41845597485709685
2016,02,ESP.2_1,0,0
2016,02,ESP.3_1,0,0.15620588276182346
2016,02,ESP.4_1,0,0.016741099641676128
2016,02,ESP.5_1,0,0.11383697723257834
2016,02,ESP.6_1,0.0610190904618434,0.17625608428668105
2016,02,ESP.8_1,0,0.1838750281298244
2016,02,ESP.9_1,0,0.08341587650718706
2016,02,ITA.10_1,0,0
2016,02,ITA.15_1,0,0.054718386139013024
2016,02,ITA.8_1,0,0.03162334582703175
