ID_1,est,se
ESP.1_1,0.009972023999999968,0.02083294031557645
ESP.10_1,0,0
ESP.11_1,0,0
ESP.12_1,0,0
ESP.13_1,0,0
ESP.14_1,0,0
ESP.15_1,0,0
ESP.16_1,0,0
ESP.17_1,0,0
ESP.18_1,0.0040000000000000036,0.06315051850925682
ESP.2_1,0,0
ESP.3_1,0,0
ESP.4_1,0,0
ESP.5_1,0,0
ESP.6_1,0.135,0.08547364063407643
ESP.7_1,0,0
ESP.8_1,0.0020000000000000018,0.04469897088298564
ESP.9_1,0.0040000000000000036,0.06315051850925682
