year,month,gid_3,est,se
2016,11,ARG.24.2_1,0.094963,0.14812701063935174
2016,11,DOM.5.1_1,0.007832,0.04458670160424442
2016,11,GTM.7.7_1,0.271183,0.22398222229402862
2016,11,HND.8.4_1,0.005874,0.03865212127388954
2016,11,IND.20.26.7_1,0.035244,0.09323828646402417
2016,11,IND.34.1.5_1,0.082236,0.13883274032100748
2016,11,MEX.14.40_2,0.005874,0.03865212127388954
2016,11,MEX.14.99_2,0.01958,0.07007007007007007
2016,11,MEX.16.57_2,0.024475,0.07814061559557556
2016,11,MEX.17.7_2,0.026432999999999998,0.08112277873417477
2016,11,MEX.31.50_2,0.028391,0.08398720526035046
2016,11,MEX.4.5_2,0.089089,0.143948503368644
2016,11,MEX.9.9_2,0.006853,0.04172805675094036
2016,11,PAK.7.5.2_1,0.41411699999999996,0.24726497689245527
2016,11,PER.13.11.10_1,0.077341,0.13500438564024525
2016,11,PRI.52_1,0.08908899999999999,0.143948503368644
2016,11,PRI.65_1,0.034265000000000004,0.09198186160905458
2016,11,USA.10.43_1,0.004895,0.03530214209125596
2016,11,USA.5.19_1,0.013706,0.05880401658748555
2016,11,VEN.14.3_1,0.025453999999999997,0.07964722856669712
