ID_0,est,se
ALB,2.872,1.820639224139157
ARG,0.548,1.3412855183002503
AUT,0.157,0.4645960923482139
BEL,0,0
BGR,9.194,9.22215764479634
BIH,1.216,1.1173474754409847
BRA,1.018,0.9362834258672993
CHE,1.006,1.3417677008906077
CHN,1.461,0.7160409073436361
COL,0.986,0.11754921445002436
DEU,0.622,0.48513024163759505
ESP,1.937,2.815933731827625
FJI,7.182,3.6152380206489787
FRA,5.859,6.97384141478214
GRC,0.238,0.5610062214696225
GTM,1.088,0.9966189087355554
HND,0.56,0.4966353256129156
HRV,5.201,5.798351025449357
HUN,3.505,6.147831996318273
IND,0.46299999999999997,1.0057160500733302
ITA,16.642,22.744870596682144
KOR,1.528,0.7736285979424431
LKA,0.108,0.3105357184486713
MEX,0.08399999999999999,0.3614504063116417
MMR,0.537,0.4988786223921405
NLD,0.709,0.8402535462037787
PAK,0,0
PAN,0.006,0.07726558075864033
PER,0,0
PRT,2.491,1.853715458029983
PSE,0.186,0.3893013685508382
ROU,0.6759999999999999,0.7960698569726733
SLB,0.561,0.4965133689293024
SRB,1.268,2.2826748208812635
SVN,1.36,1.3579415078080241
THA,0.378,0.48513024163759505
TUR,8.509,6.70123353906959
USA,0.658,1.9411091513452012
XKO,0.21,0.4075120440748544
ZAF,0.101,0.3014795016081357
