ID_1,est,se
ESP.1_1,1,0.13718023312540883
ESP.10_1,1,0.010540925533894597
ESP.11_1,0,0
ESP.12_1,0,0
ESP.13_1,1,0
ESP.14_1,0,0
ESP.15_1,0.013000000000000012,0.11333068359382575
ESP.16_1,0.9421120000000001,0.21859479918683913
ESP.17_1,0,0
ESP.18_1,1,0
ESP.2_1,0.99577963,0.3345831168208299
ESP.3_1,0,0
ESP.4_1,0.5627617600000001,0.20680995870879196
ESP.5_1,0,0
ESP.6_1,1,0.02722208934008103
ESP.7_1,0,0
ESP.8_1,0.138,0.3450725649411658
ESP.9_1,0.008000000000000007,0.08912880535463237
