year,month,gid_2,est,se
2021,01,ESP.10.1_1,0.417,0.4933095928059319
2021,01,ESP.10.2_1,0.646,0.4784484433174727
2021,01,ESP.10.3_1,0.296,0.45671938057476014
