year,month,gid_2,est,se
2021,01,ESP.10.1_1,0.8043002822602789,0.9999229325686776
2021,01,ESP.10.2_1,0.22538361174947266,0.6200200697413993
2021,01,ESP.10.3_1,0.29398233649420086,0.48564823614013497
2021,01,ESP.15.1_1,0.15064470232856542,0.588941717205293
2021,01,ESP.18.1_1,0.11353461473268027,0.33856484591166075
2021,01,ESP.2.2_1,0.01356495853111812,0.08224318368714012
2021,01,ESP.2.3_1,0.028680165629903193,0.11516649424910756
2021,01,ESP.4.1_1,0.010057564645429312,0.06972936551294802
2021,01,ESP.4.4_1,0.05331542690796756,0.21016040519602533
2021,01,ESP.6.1_1,0.9744882160872104,0.3510085873552674
2021,01,ESP.6.2_1,0.5166823053365038,0.8528691557451744
2021,01,ESP.6.3_1,0.0033437964424937335,0.034700469805559644
2021,01,ESP.6.4_1,0.7691904377080195,0.8391574472803313
2021,01,FRA.10.11_1,0.025129073083943163,0.17715147970106215
