year,month,gid_2,est,se
2021,01,ESP.1.1_1,0.04,0.19605723255834873
2021,01,ESP.1.2_1,0.137,0.3440194025768741
2021,01,ESP.1.3_1,0.04,0.19605723255834873
2021,01,ESP.1.4_1,0.149,0.3562666500332664
2021,01,ESP.1.5_1,0.104,0.30541328929383094
2021,01,ESP.1.6_1,0.054,0.2261307920985887
2021,01,ESP.1.7_1,0.466,0.4990922691177385
2021,01,ESP.1.8_1,0.76,0.42729683193604723
2021,01,ESP.10.1_1,0.469,0.4992877810324305
2021,01,ESP.10.2_1,0.18,0.38437969216355294
2021,01,ESP.10.3_1,0.308,0.4618975528722244
2021,01,ESP.11.1_1,0.084,0.2775266131761439
2021,01,ESP.11.2_1,0.101,0.3014795016081357
2021,01,ESP.12.1_1,0.04,0.19605723255834873
2021,01,ESP.12.3_1,0,0.4067978422810088
2021,01,ESP.12.4_1,0.043,0.2029585972364615
2021,01,ESP.13.1_1,0.593,0.49152069396170145
2021,01,ESP.14.1_1,0.032,0.17608806605504818
2021,01,ESP.14.2_1,0.106,0.30799165387857325
2021,01,ESP.15.1_1,0.116,0.3203851535989872
2021,01,ESP.16.1_1,0,0.3986915536538929
2021,01,ESP.16.2_1,0.202,0.40169311340544206
2021,01,ESP.16.3_1,0.038,0.19129190414806527
2021,01,ESP.17.1_1,0.471,0.49940805801309257
2021,01,ESP.18.1_1,0.143,0.3502480173729377
2021,01,ESP.2.1_1,0,0.4130939925085411
2021,01,ESP.2.3_1,0.077,0.26672484350382913
2021,01,ESP.3.1_1,0.033,0.17872588772459053
2021,01,ESP.4.1_1,0.057,0.2319586273558386
2021,01,ESP.4.5_1,0.078,0.26830577330349786
2021,01,ESP.5.2_1,0.115,0.31918157352340515
2021,01,ESP.5.3_1,0.051,0.22010780869257557
2021,01,ESP.5.5_1,0.05,0.21805400144814482
2021,01,ESP.5.8_1,0,0.40317061716666125
2021,01,ESP.6.1_1,0.884,0.3203851535989872
2021,01,ESP.6.2_1,0.316,0.4651455260027343
2021,01,ESP.6.3_1,0.034,0.18131981931624816
2021,01,ESP.6.4_1,0.546,0.49812863010685515
2021,01,ESP.8.1_1,0.469,0.4992877810324305
2021,01,ESP.9.1_1,0,0.40963251677424095
