year,month,gid_2,est,se
2021,01,ESP.10.1_1,0.671,0.47008507738491334
2021,01,ESP.10.2_1,0.962,0.19129190414806527
2021,01,ESP.10.3_1,0.511,0.500129112459102
