year,month,gid_2,est,se
2022,08,ESP.1.1_1,0.707,0.45536618051668964
2022,08,ESP.1.2_1,0.99,0.0995485304256668
2022,08,ESP.1.3_1,0.964,0.1863833113203506
2022,08,ESP.1.4_1,0.997,0.05471740119919799
2022,08,ESP.1.5_1,0.586,0.4927949338688932
2022,08,ESP.1.6_1,0.299,0.4580489153014215
2022,08,ESP.1.7_1,0.996,0.06315051850925682
2022,08,ESP.1.8_1,0.997,0.05471740119919799
2022,08,ESP.10.1_1,0.925,0.26352313834736496
2022,08,ESP.10.2_1,0.964,0.18638331132035063
2022,08,ESP.10.3_1,0.927,0.2602666685127751
2022,08,ESP.11.1_1,0.389,0.48776727741507725
2022,08,ESP.11.2_1,0.386,0.48707416400507353
2022,08,ESP.12.1_1,0.59,0.4920794063381866
2022,08,ESP.12.2_1,0.451,0.49784219070589714
2022,08,ESP.12.3_1,0.028,0.16505527329729044
2022,08,ESP.12.4_1,0.206,0.4046328307586122
2022,08,ESP.13.1_1,0.927,0.2602666685127751
2022,08,ESP.14.1_1,0.654,0.4759312035478558
2022,08,ESP.14.2_1,0.521,0.49980877224075293
2022,08,ESP.15.1_1,0.214,0.41033202698835536
2022,08,ESP.16.1_1,0.206,0.4046328307586122
2022,08,ESP.16.2_1,0.92,0.27142894774447635
2022,08,ESP.16.3_1,0.779,0.41512809027013736
2022,08,ESP.17.1_1,0.596,0.4909429956981004
2022,08,ESP.18.1_1,0.958,0.20068950215762726
2022,08,ESP.2.1_1,0.865,0.34189456253630574
2022,08,ESP.2.2_1,0.034,0.18131981931624816
2022,08,ESP.2.3_1,0.873,0.33313958333104454
2022,08,ESP.3.1_1,0.972,0.16505527329729044
2022,08,ESP.4.1_1,0.436,0.4961352135760474
2022,08,ESP.4.2_1,0.155,0.362085771753194
2022,08,ESP.4.3_1,0.219,0.41377555535605315
2022,08,ESP.4.4_1,0.325,0.46860921309188386
2022,08,ESP.4.5_1,0.845,0.362085771753194
2022,08,ESP.5.1_1,0.74,0.43885372573625553
2022,08,ESP.5.2_1,0.588,0.4924413655436538
2022,08,ESP.5.3_1,0.832,0.3740533597174552
2022,08,ESP.5.5_1,0.697,0.45978516983739526
2022,08,ESP.5.6_1,0.114,0.31797028965786267
2022,08,ESP.5.7_1,0.046,0.20958990416508122
2022,08,ESP.5.8_1,0.036,0.18638331132035063
2022,08,ESP.5.9_1,0.184,0.387678080750375
2022,08,ESP.6.1_1,0.988,0.10893974420691407
2022,08,ESP.6.2_1,0.999,0.03162277660168379
2022,08,ESP.6.3_1,0.912,0.28343665312788385
2022,08,ESP.6.4_1,0.99,0.0995485304256668
2022,08,ESP.7.1_1,0.105,0.3067068128833611
2022,08,ESP.8.1_1,0.984,0.12553788177183714
2022,08,ESP.9.1_1,0.543,0.49839682924292306
