year,month,gid_2,est,se
2022,08,ESP.1.1_1,0.707,0.45536618051668964
2022,08,ESP.1.2_1,0.993,0.08341437500789632
2022,08,ESP.1.3_1,0.959,0.19838941090279583
2022,08,ESP.1.4_1,0.996,0.06315051850925682
2022,08,ESP.1.5_1,0.573,0.49488980179017217
2022,08,ESP.1.6_1,0.291,0.45445079549443584
2022,08,ESP.1.7_1,0.993,0.08341437500789632
2022,08,ESP.1.8_1,0.998,0.04469897088298564
2022,08,ESP.10.1_1,0.915,0.2790212408632233
2022,08,ESP.10.2_1,0.96,0.19605723255834873
2022,08,ESP.10.3_1,0.93,0.25527468571161765
2022,08,ESP.11.1_1,0.413,0.49261919742705285
2022,08,ESP.11.2_1,0.425,0.4945903553645376
2022,08,ESP.12.1_1,0.582,0.49347696959383985
2022,08,ESP.12.2_1,0.456,0.4983094543677777
2022,08,ESP.12.3_1,0.034,0.18131981931624816
2022,08,ESP.12.4_1,0.195,0.3963989557656934
2022,08,ESP.13.1_1,0.916,0.2775266131761439
2022,08,ESP.14.1_1,0.631,0.48277538469983333
2022,08,ESP.14.2_1,0.551,0.4976410821532389
2022,08,ESP.15.1_1,0.211,0.4082225442643334
2022,08,ESP.16.1_1,0.215,0.4110279113928201
2022,08,ESP.16.2_1,0.914,0.28050433629924987
2022,08,ESP.16.3_1,0.754,0.4308940353145651
2022,08,ESP.17.1_1,0.584,0.49314012936201734
2022,08,ESP.18.1_1,0.964,0.18638331132035063
2022,08,ESP.2.1_1,0.857,0.3502480173729377
2022,08,ESP.2.2_1,0.027,0.162164414398774
2022,08,ESP.2.3_1,0.878,0.32744957355785825
2022,08,ESP.3.1_1,0.97,0.17067257872642908
2022,08,ESP.4.1_1,0.425,0.4945903553645376
2022,08,ESP.4.2_1,0.165,0.37136627864268035
2022,08,ESP.4.3_1,0.179,0.38354413840665863
2022,08,ESP.4.4_1,0.332,0.4711666350644939
2022,08,ESP.4.5_1,0.862,0.3450725649411658
2022,08,ESP.5.1_1,0.742,0.43775292989039793
2022,08,ESP.5.2_1,0.602,0.48973037054672836
2022,08,ESP.5.3_1,0.841,0.36585906146062974
2022,08,ESP.5.5_1,0.693,0.46148018805140917
2022,08,ESP.5.6_1,0.11,0.31304631925323445
2022,08,ESP.5.7_1,0.061,0.239450070654273
2022,08,ESP.5.8_1,0.04,0.19605723255834873
2022,08,ESP.5.9_1,0.194,0.39562674393994207
2022,08,ESP.6.1_1,0.987,0.11333068359382575
2022,08,ESP.6.2_1,0.999,0.03162277660168379
2022,08,ESP.6.3_1,0.918,0.27450200609713465
2022,08,ESP.6.4_1,0.99,0.0995485304256668
2022,08,ESP.7.1_1,0.09,0.28632495871296654
2022,08,ESP.8.1_1,0.984,0.12553788177183714
2022,08,ESP.9.1_1,0.547,0.4980351785155734
