year,month,gid_1,est,se
2018,02,ARG.24_1,8.920535747474919e-4,0.0015736181347574699
2018,02,DOM.5_1,0.1987919839485316,0.4800896707012685
2018,02,GTM.7_1,0.0037491671095360272,0.011410021313503953
2018,02,HND.8_1,0.007493454103155869,0.007641381290864689
2018,02,IND.20_1,1.9595179217760466e-5,5.269720787374718e-5
2018,02,IND.34_1,3.0083325663060825e-5,7.403000501166855e-5
2018,02,MEX.14_1,1.1687767733418268e-4,3.1384871046421907e-4
2018,02,MEX.16_1,1.7931762146254155e-4,4.589400067197703e-4
2018,02,MEX.17_1,0.003036021315057357,0.006709703511140389
2018,02,MEX.31_1,3.404175316431855e-4,7.722196249274322e-4
2018,02,MEX.9_1,0.005139044721792011,0.01603898091376237
2018,02,PAK.7_1,3.456932546571559e-5,8.452157546379443e-5
2018,02,PER.13_1,0.0051299088389257655,0.003402290945307104
2018,02,PRI.52_1,0.21072396838337554,0.4281277967161799
2018,02,PRI.65_1,0.06378241487915502,0.21017425209771282
2018,02,USA.5_1,1.928480171522145e-5,3.161268393853877e-5
2018,02,VEN.14_1,0.0012036036072573975,0.002210323709002591
