year,month,gid_4,est,se
2016,02,ARG.24.2_1,0.074,0.2619018758859749
2016,02,DOM.5.1_1,0.006,0.07726558075864033
2016,02,GTM.7.7_1,0.252,0.4343785039394614
2016,02,HND.8.4_1,0.005,0.07056897321046962
2016,02,IND.20.26.7_1,0.031,0.17340435135563662
2016,02,IND.34.1.5_1,0.064,0.24487540497968344
2016,02,MEX.14.40_2,0.001,0.03162277660168379
2016,02,MEX.14.99_2,0.011,0.10435463521037237
2016,02,MEX.16.57_2,0.017,0.1293357171384909
2016,02,MEX.17.7_2,0.021,0.14345584540052586
2016,02,MEX.31.50_2,0.021,0.14345584540052586
2016,02,MEX.4.5_2,0.073,0.2602666685127751
2016,02,MEX.9.9_2,0.004,0.06315051850925682
2016,02,PAK.7.5.2_1,0.286,0.45211548127487117
2016,02,PER.13.11.10_1,0.075,0.26352313834736496
2016,02,PRI.52_1,0.08,0.27142894774447635
2016,02,PRI.65_1,0.034,0.18131981931624816
2016,02,USA.10.43_1,0.001,0.03162277660168379
2016,02,USA.5.19_1,0.002,0.04469897088298564
2016,02,VEN.14.3_1,0.021,0.14345584540052586
