year,month,gid_2,est,se
2021,05,ESP.10.1_1,1,0
2021,05,ESP.10.2_1,0.999,0.03162277660168379
2021,05,ESP.10.3_1,1,0
2021,05,ESP.18.1_1,0.999,0.03162277660168379
2021,05,ESP.2.1_1,0.693,0.46148018805140917
2021,05,ESP.2.2_1,0.124,0.32974646735443996
2021,05,ESP.2.3_1,0.411,0.49226143594773025
2021,05,ESP.4.1_1,0.429,0.49518098126261295
2021,05,ESP.4.3_1,0.074,0.2619018758859749
2021,05,ESP.6.1_1,1,0
2021,05,ESP.6.2_1,1,0
2021,05,ESP.6.3_1,0.991,0.09448771310560929
2021,05,ESP.6.4_1,1,0
2021,05,FRA.11.11_1,0.589,0.49226143594773025
2021,05,FRA.11.6_1,0.179,0.38354413840665863
