year,month,gid_2,est,se
2021,05,ESP.10.1_1,0.998,0.04469897088298564
2021,05,ESP.10.2_1,0.857,0.3502480173729377
2021,05,ESP.10.3_1,1,0
