year,month,gid_2,est,se
2021,02,HUN.10.2_1,0.155,0.362085771753194
2021,02,HUN.10.4_1,0.139,0.3461196307619647
2021,02,HUN.10.6_1,0.168,0.3740533597174552
2021,02,HUN.12.1_1,0.145,0.3522770203960217
2021,02,HUN.13.3_1,0.169,0.3749394345485409
2021,02,HUN.14.11_1,0.114,0.31797028965786267
2021,02,HUN.14.12_1,0.127,0.33313958333104454
2021,02,HUN.14.14_1,0.157,0.3639828065767441
2021,02,HUN.14.15_1,0.15,0.35725009115132167
2021,02,HUN.14.2_1,0.137,0.3440194025768741
2021,02,HUN.14.4_1,0.121,0.3262904618058356
2021,02,HUN.14.5_1,0.106,0.30799165387857325
2021,02,HUN.14.6_1,0.116,0.3203851535989872
2021,02,HUN.14.7_1,0.141,0.34819569244928955
2021,02,HUN.14.8_1,0.099,0.2988114594326802
2021,02,HUN.14.9_1,0.139,0.3461196307619647
2021,02,HUN.16.9_1,0.215,0.4110279113928201
2021,02,HUN.17.2_1,0.174,0.37929917989348183
2021,02,HUN.19.8_1,0.146,0.3532829019480122
2021,02,HUN.2.1_1,0.169,0.3749394345485409
2021,02,HUN.2.3_1,0.237,0.4254550646214145
2021,02,HUN.4.15_1,0.251,0.43380547159664457
2021,02,HUN.5.1_1,0.128,0.3342569785774528
2021,02,HUN.8.1_1,0.168,0.3740533597174552
2021,02,ITA.10.2_1,0.347,0.4762539425745658
2021,02,ITA.10.5_1,0.244,0.42970763159228237
2021,02,ITA.17.2_1,0.252,0.4343785039394614
2021,02,ITA.20.1_1,0.227,0.41910219117375974
2021,02,ITA.20.7_1,0.358,0.4796520260210167
