year,month,gid_1,est,se
2018,01,ESP.10_1,0,0
2018,01,ESP.2_1,0,0
2018,01,ESP.6_1,0.0013287135376768562,0.059419970638378124
