year,month,gid_3,est,se
2020,05,ESP.10.1.1_1,0.089,0.2848862231842041
2020,05,ESP.10.1.4_1,0.06,0.237605674293474
2020,05,ESP.10.1.6_1,0.098,0.29746341705239066
2020,05,ESP.10.1.7_1,0.259,0.4383048152953731
2020,05,ESP.10.1.9_1,0.055,0.22809433799861634
2020,05,ESP.10.2.5_1,0.368,0.4825026516080599
2020,05,ESP.10.2.7_1,0.093,0.290577761426155
2020,05,ESP.10.2.8_1,0.874,0.3320154126456093
2020,05,ESP.10.3.1_1,0.238,0.42607222103481185
2020,05,ESP.10.3.13_1,0.808,0.39407016036651554
2020,05,ESP.10.3.4_1,0.222,0.4157990967870047
2020,05,ESP.10.3.7_1,0.394,0.4888793337859589
2020,05,ESP.10.3.8_1,0.03,0.17067257872642908
