year,month,gid_3,est,se
2020,05,ESP.10.1.1_1,0.158,0.36492351139542817
2020,05,ESP.10.1.4_1,0.111,0.3142893217686178
2020,05,ESP.10.1.6_1,0.085,0.2790212408632233
2020,05,ESP.10.1.7_1,0.198,0.3986915536538929
2020,05,ESP.10.1.9_1,0.163,0.36955049393495276
2020,05,ESP.10.2.5_1,0.374,0.48410573055723927
2020,05,ESP.10.2.7_1,0.085,0.2790212408632233
2020,05,ESP.10.2.8_1,0.778,0.4157990967870047
2020,05,ESP.10.3.1_1,0.268,0.4431392245924213
2020,05,ESP.10.3.13_1,0.658,0.47461696267754827
2020,05,ESP.10.3.4_1,0.326,0.4689818162188636
2020,05,ESP.10.3.7_1,0.318,0.46593249842986173
2020,05,ESP.10.3.8_1,0.03,0.17067257872642908
