year,month,gid_3,est,se
2020,05,ESP.10.1.1_1,0.18,0.38437969216355294
2020,05,ESP.10.1.4_1,0.085,0.2790212408632233
2020,05,ESP.10.1.6_1,0.077,0.26672484350382913
2020,05,ESP.10.1.7_1,0.174,0.37929917989348183
2020,05,ESP.10.1.9_1,0.223,0.41646661864361284
2020,05,ESP.10.2.5_1,0.389,0.48776727741507725
2020,05,ESP.10.2.7_1,0.071,0.25695335184625445
2020,05,ESP.10.2.8_1,0.795,0.403903624814309
2020,05,ESP.10.3.1_1,0.319,0.4663222667388471
2020,05,ESP.10.3.13_1,0.694,0.4610602743422779
2020,05,ESP.10.3.4_1,0.332,0.4711666350644939
2020,05,ESP.10.3.7_1,0.309,0.46231237570795436
2020,05,ESP.10.3.8_1,0.034,0.18131981931624816
