year,month,gid_2,est,se
2017,01,ESP.10.1_1,0,0
2017,01,ESP.10.2_1,0,0
2017,01,ESP.10.3_1,0,0
2017,01,ESP.15.1_1,0,0
2017,01,ESP.18.1_1,0,0
2017,01,ESP.2.1_1,0,0
2017,01,ESP.2.2_1,0,0
2017,01,ESP.2.3_1,0,0
2017,01,ESP.4.1_1,0,0
2017,01,ESP.4.3_1,0.001165480268375281,0.033047222932168795
2017,01,ESP.4.4_1,0.03421941376366208,0.2004595765493959
2017,01,ESP.5.7_1,0.006442293955531398,0.09715056894249943
2017,01,ESP.6.1_1,0,0
2017,01,ESP.6.2_1,0,0
2017,01,ESP.6.3_1,0,0
2017,01,ESP.6.4_1,7.64096198538751e-4,0.04339714452457726
2017,01,ESP.9.1_1,0,0
2017,01,FRA.10.11_1,0.011709606389548736,0.14728913380275982
2017,01,FRA.11.11_1,0,0
2017,01,FRA.11.6_1,0.039488871925709775,0.2913379650489451
2017,01,FRA.11.7_1,0.011012398212986043,0.1876350994677166
