year,month,gid_1,est,se
2015,05,ESP.10_1,0.679,0.4670943985718274
2015,05,ESP.6_1,0.579,0.49396660110072527
