year,month,gid_1,est,se
2020,05,ESP.1_1,0.7538817618894261,0.3024319423037575
2020,05,ESP.10_1,0.9206698218469525,0.26518171804795276
2020,05,ESP.11_1,0,0.4990637091978698
2020,05,ESP.12_1,0,0.49927756953750757
2020,05,ESP.13_1,0.9775942060227372,0.15620432067019188
2020,05,ESP.14_1,0,0.4944414829143576
2020,05,ESP.16_1,0.6697773637160908,0.471170404442807
2020,05,ESP.17_1,0,0.5000850752046098
2020,05,ESP.18_1,0.9675675987814784,0.1838731893409285
2020,05,ESP.2_1,0.5887731619591642,0.42459304679296944
2020,05,ESP.3_1,0,0.49989287569946794
2020,05,ESP.4_1,0.15045730767876309,0.3367063464346934
2020,05,ESP.5_1,0,0.49929989206000613
2020,05,ESP.6_1,0.895877424972166,0.2926724429660715
2020,05,ESP.8_1,0.6046044166479082,0.48952473357540083
