year,month,gid_3,est,se
2018,08,ESP.10.1.1_1,1,0
2018,08,ESP.10.1.2_1,0.998,0.04469897088298564
2018,08,ESP.10.1.3_1,0.154,0.3611293596682696
2018,08,ESP.10.1.4_1,0.961,0.19369180807797864
2018,08,ESP.10.1.5_1,0.521,0.49980877224075293
2018,08,ESP.10.1.6_1,1,0
2018,08,ESP.10.1.7_1,0.766,0.42358402168096876
2018,08,ESP.10.1.8_1,0.375,0.48436516143258035
2018,08,ESP.10.1.9_1,0.998,0.04469897088298564
2018,08,ESP.10.2.1_1,0.458,0.4984821807090846
2018,08,ESP.10.2.2_1,0.563,0.4962633144584408
2018,08,ESP.10.2.3_1,0.999,0.03162277660168379
2018,08,ESP.10.2.5_1,0.999,0.03162277660168379
2018,08,ESP.10.2.7_1,0.9,0.3001501125938321
2018,08,ESP.10.2.8_1,0.998,0.04469897088298564
2018,08,ESP.10.3.1_1,0.998,0.04469897088298564
2018,08,ESP.10.3.10_1,0.998,0.04469897088298564
2018,08,ESP.10.3.11_1,1,0
2018,08,ESP.10.3.12_1,0.091,0.28775302222878874
2018,08,ESP.10.3.13_1,1,0
2018,08,ESP.10.3.14_1,0.855,0.3522770203960217
2018,08,ESP.10.3.16_1,0.724,0.44724045436881493
2018,08,ESP.10.3.17_1,0.988,0.10893974420691407
2018,08,ESP.10.3.18_1,0.996,0.06315051850925682
2018,08,ESP.10.3.2_1,0.99,0.0995485304256668
2018,08,ESP.10.3.3_1,0.338,0.4732652321690026
2018,08,ESP.10.3.4_1,0.936,0.24487540497968344
2018,08,ESP.10.3.5_1,1,0
2018,08,ESP.10.3.6_1,0.655,0.4756061408363029
2018,08,ESP.10.3.7_1,0.984,0.12553788177183714
2018,08,ESP.10.3.8_1,0.999,0.03162277660168379
2018,08,ESP.10.3.9_1,0.548,0.4979396991041626
