year,month,gid_3,est,se
2018,08,ESP.10.1.1_1,1,0
2018,08,ESP.10.1.1_1,1,0
2018,08,ESP.10.1.2_1,0.919,0.27297163499805893
2018,08,ESP.10.1.3_1,0.563,0.4962633144584408
2018,08,ESP.10.1.4_1,0.837,0.36955049393495276
2018,08,ESP.10.1.5_1,0.358,0.4796520260210167
2018,08,ESP.10.1.6_1,0.994,0.07726558075864033
2018,08,ESP.10.1.7_1,0.999,0.03162277660168379
2018,08,ESP.10.1.8_1,0.476,0.4996735671152454
2018,08,ESP.10.1.9_1,0.992,0.08912880535463237
2018,08,ESP.10.2.1_1,0.342,0.47461696267754827
2018,08,ESP.10.2.2_1,0.298,0.4576083537321029
2018,08,ESP.10.2.3_1,0.989,0.10435463521037237
2018,08,ESP.10.2.5_1,0.998,0.04469897088298564
2018,08,ESP.10.2.7_1,0.852,0.3552776691859794
2018,08,ESP.10.2.7_1,0.852,0.3552776691859794
2018,08,ESP.10.2.8_1,0.918,0.27450200609713465
2018,08,ESP.10.3.1_1,0.994,0.07726558075864033
2018,08,ESP.10.3.10_1,1,0
2018,08,ESP.10.3.11_1,0.996,0.06315051850925682
2018,08,ESP.10.3.12_1,0.112,0.3155242550986462
2018,08,ESP.10.3.13_1,1,0
2018,08,ESP.10.3.13_1,1,0
2018,08,ESP.10.3.14_1,0.681,0.4663222667388471
2018,08,ESP.10.3.16_1,0.997,0.05471740119919799
2018,08,ESP.10.3.17_1,0.998,0.04469897088298564
2018,08,ESP.10.3.18_1,0.99,0.0995485304256668
2018,08,ESP.10.3.2_1,0.983,0.1293357171384909
2018,08,ESP.10.3.3_1,0.21,0.40751204407485436
2018,08,ESP.10.3.4_1,0.999,0.03162277660168379
2018,08,ESP.10.3.5_1,1,0
2018,08,ESP.10.3.6_1,0.559,0.49675523728066096
2018,08,ESP.10.3.7_1,0.997,0.05471740119919799
2018,08,ESP.10.3.8_1,0.997,0.054717401199198
2018,08,ESP.10.3.9_1,0.332,0.4711666350644939
