ID_0,est,se
ESP,0.14638681068400006,0.014169068128694038
