year,month,gid_4,est,se
2020,09,ESP.10.1.1.3_1,0.084,0.2775266131761439
2020,09,ESP.10.1.1.8_1,0.033,0.17872588772459053
2020,09,ESP.10.1.4.20_1,0.048,0.21387319079712103
2020,09,ESP.10.1.4.23_1,0.04,0.19605723255834873
2020,09,ESP.10.1.4.27_1,0.04,0.19605723255834873
2020,09,ESP.10.1.6.12_1,0.03,0.17067257872642908
2020,09,ESP.10.1.6.27_1,0.061,0.239450070654273
2020,09,ESP.10.1.7.1_1,0.238,0.42607222103481185
2020,09,ESP.10.1.7.10_1,0.087,0.2819760814510878
2020,09,ESP.10.1.7.2_1,0.049,0.21597603025716916
2020,09,ESP.10.1.7.6_1,0.264,0.4410198391212106
2020,09,ESP.10.1.9.3_1,0.062,0.24127621974453722
2020,09,ESP.10.2.5.11_1,0.376,0.4846223879051182
2020,09,ESP.10.2.7.2_1,0.079,0.26987373312686774
2020,09,ESP.10.2.7.6_1,0.016,0.12553788177183714
2020,09,ESP.10.2.8.8_1,0.881,0.32395052700056526
2020,09,ESP.10.3.1.14_1,0.236,0.4248346554654934
2020,09,ESP.10.3.13.9_1,0.828,0.3775692765024169
2020,09,ESP.10.3.4.1_1,0.231,0.42168331341993703
2020,09,ESP.10.3.7.19_1,0.252,0.4343785039394614
2020,09,ESP.10.3.7.2_1,0.163,0.36955049393495276
2020,09,ESP.10.3.7.4_1,0.4,0.4901430813958718
2020,09,ESP.10.3.8.5_1,0.034,0.18131981931624816
