year,month,gid_4,est,se
2020,09,ESP.10.1.1.3_1,0.075,0.26352313834736496
2020,09,ESP.10.1.1.8_1,0.03,0.17067257872642908
2020,09,ESP.10.1.4.20_1,0.068,0.2518718710762269
2020,09,ESP.10.1.4.23_1,0.035,0.18387171834952978
2020,09,ESP.10.1.4.27_1,0.024,0.15312559370479986
2020,09,ESP.10.1.6.12_1,0.028,0.16505527329729044
2020,09,ESP.10.1.6.27_1,0.067,0.25014710386805117
2020,09,ESP.10.1.7.1_1,0.237,0.4254550646214145
2020,09,ESP.10.1.7.10_1,0.06,0.237605674293474
2020,09,ESP.10.1.7.2_1,0.053,0.22414558046332575
2020,09,ESP.10.1.7.6_1,0.257,0.43719805825522845
2020,09,ESP.10.1.9.3_1,0.052,0.22213812222431642
2020,09,ESP.10.2.5.11_1,0.37,0.48304589153964794
2020,09,ESP.10.2.7.2_1,0.076,0.26513071171460745
2020,09,ESP.10.2.7.6_1,0.023,0.1499783100768024
2020,09,ESP.10.2.8.8_1,0.881,0.32395052700056526
2020,09,ESP.10.3.1.14_1,0.241,0.42790431418963526
2020,09,ESP.10.3.13.9_1,0.832,0.3740533597174552
2020,09,ESP.10.3.4.1_1,0.235,0.42421097929562707
2020,09,ESP.10.3.7.19_1,0.25,0.4332293707583636
2020,09,ESP.10.3.7.2_1,0.179,0.38354413840665863
2020,09,ESP.10.3.7.4_1,0.407,0.49152069396170145
2020,09,ESP.10.3.8.5_1,0.045,0.20740785428237288
