year,month,gid_4,est,se
2020,09,ESP.10.1.1.3_1,0.145,0.3522770203960217
2020,09,ESP.10.1.1.8_1,0.031,0.17340435135563662
2020,09,ESP.10.1.4.20_1,0.076,0.26513071171460745
2020,09,ESP.10.1.4.23_1,0.048,0.21387319079712103
2020,09,ESP.10.1.4.27_1,0.051,0.22010780869257557
2020,09,ESP.10.1.6.12_1,0.044,0.20519772441746548
2020,09,ESP.10.1.6.27_1,0.065,0.24664921616708177
2020,09,ESP.10.1.7.1_1,0.187,0.3901066305296325
2020,09,ESP.10.1.7.10_1,0.031,0.17340435135563662
2020,09,ESP.10.1.7.2_1,0.052,0.22213812222431642
2020,09,ESP.10.1.7.6_1,0.186,0.3893013685508382
2020,09,ESP.10.1.9.3_1,0.156,0.3630369069334353
2020,09,ESP.10.2.5.11_1,0.355,0.4787527589520547
2020,09,ESP.10.2.7.2_1,0.075,0.26352313834736496
2020,09,ESP.10.2.7.6_1,0.039,0.19369180807797864
2020,09,ESP.10.2.8.8_1,0.792,0.4060799193519681
2020,09,ESP.10.3.1.14_1,0.297,0.4571651780264984
2020,09,ESP.10.3.13.9_1,0.685,0.4647483092933109
2020,09,ESP.10.3.4.1_1,0.291,0.45445079549443584
2020,09,ESP.10.3.7.19_1,0.104,0.30541328929383094
2020,09,ESP.10.3.7.2_1,0.1,0.3001501125938321
2020,09,ESP.10.3.7.4_1,0.315,0.46474830929331096
2020,09,ESP.10.3.8.5_1,0.037,0.1888562063228706
