year,month,gid_1,est,se
2022,05,HUN.10_1,0.18,0.38437969216355294
2022,05,HUN.12_1,0.133,0.3397446488562056
2022,05,HUN.13_1,0.138,0.3450725649411658
2022,05,HUN.14_1,0.154,0.3611293596682696
2022,05,HUN.16_1,0.162,0.36863517451796685
2022,05,HUN.17_1,0.156,0.3630369069334353
2022,05,HUN.19_1,0.132,0.3386601403925338
2022,05,HUN.2_1,0.24,0.42729683193604723
2022,05,HUN.4_1,0.204,0.40317061716666125
2022,05,HUN.5_1,0.17,0.3758207567993567
2022,05,HUN.8_1,0.159,0.36585906146062974
2022,05,ITA.10_1,0.391,0.4882185549089233
2022,05,ITA.17_1,0.234,0.42358402168096876
2022,05,ITA.20_1,0.4,0.4901430813958718
