year,month,gid_4,est,se
2021,09,HUN.10.2_1,0.032,0.17608806605504818
2021,09,HUN.10.4_1,0.045,0.20740785428237288
2021,09,HUN.10.6_1,0.045,0.20740785428237288
2021,09,HUN.12.1_1,0.054,0.2261307920985887
2021,09,HUN.13.3_1,0.06,0.237605674293474
2021,09,HUN.14.11_1,0.012,0.10893974420691407
2021,09,HUN.14.12_1,0.015,0.12161327966052798
2021,09,HUN.14.14_1,0.018,0.13301764429463367
2021,09,HUN.14.15_1,0.03,0.17067257872642908
2021,09,HUN.14.2_1,0.048,0.21387319079712103
2021,09,HUN.14.4_1,0.011,0.10435463521037237
2021,09,HUN.14.5_1,0.017,0.1293357171384909
2021,09,HUN.14.6_1,0.02,0.14007005254378832
2021,09,HUN.14.7_1,0.029,0.1678904023081343
2021,09,HUN.14.8_1,0.02,0.14007005254378832
2021,09,HUN.14.9_1,0.032,0.17608806605504818
2021,09,HUN.16.9_1,0.02,0.14007005254378832
2021,09,HUN.17.2_1,0.032,0.17608806605504818
2021,09,HUN.19.8_1,0.088,0.28343665312788385
2021,09,HUN.2.1_1,0.021,0.14345584540052586
2021,09,HUN.2.3_1,0.049,0.21597603025716916
2021,09,HUN.4.15_1,0.061,0.239450070654273
2021,09,HUN.5.1_1,0.025,0.15620307103062794
2021,09,HUN.8.1_1,0.03,0.17067257872642908
2021,09,ITA.10.2.142_1,0.09,0.28632495871296654
2021,09,ITA.10.2.175_1,0.04,0.19605723255834873
2021,09,ITA.10.2.18_1,0.102,0.30279974849343533
2021,09,ITA.10.5.42_1,0.019,0.13659303663678343
2021,09,ITA.17.2.135_1,0.086,0.28050433629924987
2021,09,ITA.20.1.21_1,0.041,0.19838941090279583
2021,09,ITA.20.1.53_1,0.026,0.15921478998305827
2021,09,ITA.20.7.55_1,0.024,0.15312559370479986
