year,month,gid_1,est,se
2019,11,ARG.24_1,0.008811,0.04726749621230389
2019,11,DOM.5_1,0.576631,0.24625387570885451
2019,11,GTM.7_1,0.082236,0.13883274032100748
2019,11,HND.8_1,0.003916,0.03159105873485386
2019,11,IND.20_1,0.012726999999999999,0.056693695735037936
2019,11,IND.34_1,0.081257,0.13807918981315126
2019,11,MEX.14_1,0.1295613804782329,0.112752188105984
2019,11,MEX.16_1,0.011748,0.05449712748274755
2019,11,MEX.17_1,0.152724,0.18160928081964528
2019,11,MEX.31_1,0.08321500000000001,0.13958042810194535
2019,11,MEX.4_1,0.944735,0.09198186160905458
2019,11,MEX.9_1,0.005874,0.03865212127388954
2019,11,PAK.7_1,0.011748,0.05449712748274755
2019,11,PER.13_1,0.04895,0.1090815551436605
2019,11,PRI.52_1,0.077341,0.13500438564024525
2019,11,PRI.65_1,0.12629100000000001,0.16776773790496677
2019,11,USA.10_1,0.040139,0.09924434003316364
2019,11,USA.5_1,9.79e-4,0.015819299929208316
2019,11,VEN.14_1,0.034265000000000004,0.09198186160905458
