year,month,gid_2,est,se
2019,09,ESP.1.1_1,0.636,0.4813893805805605
2019,09,ESP.1.2_1,0.138,0.3450725649411658
2019,09,ESP.1.3_1,0.022,0.1467567291047928
2019,09,ESP.1.4_1,0.594,0.4913302406787164
2019,09,ESP.1.5_1,0,0.45352473436923446
2019,09,ESP.1.6_1,0.319,0.4663222667388471
2019,09,ESP.1.7_1,0.7,0.45848687027025126
2019,09,ESP.1.8_1,0.016,0.12553788177183714
2019,09,ESP.10.1_1,0.807,0.39485048677557294
2019,09,ESP.10.2_1,0.636,0.4813893805805605
2019,09,ESP.10.3_1,0.579,0.49396660110072527
2019,09,ESP.11.1_1,0,0.4467377022085494
2019,09,ESP.11.2_1,0,0.4525879316064844
2019,09,ESP.12.1_1,0,0.4722266383824593
2019,09,ESP.12.2_1,0,0.4602127723084137
2019,09,ESP.12.3_1,0,0.4589222261011223
2019,09,ESP.12.4_1,0,0.4708085180417413
2019,09,ESP.13.1_1,0.769,0.42168331341993703
2019,09,ESP.14.1_1,0,0.46971974265154814
2019,09,ESP.14.2_1,0,0.4689818162188636
2019,09,ESP.15.1_1,0.021,0.14345584540052586
2019,09,ESP.16.1_1,0,0.45935499018406994
2019,09,ESP.16.2_1,0.064,0.24487540497968344
2019,09,ESP.16.3_1,0.2,0.40020015012510946
2019,09,ESP.17.1_1,0,0.45445079549443584
2019,09,ESP.18.1_1,0.944,0.23003677296666486
2019,09,ESP.2.1_1,0.017,0.1293357171384909
2019,09,ESP.2.2_1,0.06,0.237605674293474
2019,09,ESP.2.3_1,0.057,0.2319586273558386
2019,09,ESP.3.1_1,0,0.45848687027025126
2019,09,ESP.4.1_1,0.125,0.33088439746304826
2019,09,ESP.4.2_1,0,0.462724663395106
2019,09,ESP.4.3_1,0.027,0.162164414398774
2019,09,ESP.4.4_1,0,0.46709439857182744
2019,09,ESP.4.5_1,0.015,0.12161327966052798
2019,09,ESP.5.1_1,0,0.4511624403111894
2019,09,ESP.5.2_1,0,0.4580489153014215
2019,09,ESP.5.3_1,0,0.46785669802824226
2019,09,ESP.5.4_1,0,0.45978516983739526
2019,09,ESP.5.5_1,0,0.4643485970901814
2019,09,ESP.5.6_1,0,0.45352473436923446
2019,09,ESP.5.7_1,0,0.44724045436881493
2019,09,ESP.5.8_1,0,0.4525879316064844
2019,09,ESP.5.9_1,0,0.46354166034011535
2019,09,ESP.6.1_1,0.69,0.46272466339510593
2019,09,ESP.6.2_1,0.572,0.49503642397409614
2019,09,ESP.6.3_1,0.358,0.4796520260210167
2019,09,ESP.6.4_1,0.492,0.5001861515337926
2019,09,ESP.7.1_1,0,0.4482375674984382
2019,09,ESP.7.2_1,0,0.46554025360620294
2019,09,ESP.8.1_1,0.021,0.14345584540052586
2019,09,ESP.9.1_1,0.014,0.11754921445002436
