year,month,gid_2,est,se
2019,09,ESP.1.1_1,0.696,0.4602127723084137
2019,09,ESP.1.2_1,0.41,0.4920794063381866
2019,09,ESP.1.3_1,0.029,0.1678904023081343
2019,09,ESP.1.4_1,0.594,0.4913302406787164
2019,09,ESP.1.5_1,0,0.45445079549443584
2019,09,ESP.1.6_1,0.462,0.49880337288836046
2019,09,ESP.1.7_1,0.58,0.49380547166252
2019,09,ESP.1.8_1,0.034,0.18131981931624816
2019,09,ESP.10.1_1,0.692,0.4618975528722244
2019,09,ESP.10.2_1,0.562,0.4963893657225167
2019,09,ESP.10.3_1,0.5,0.5002501876563868
2019,09,ESP.11.1_1,0,0.4511624403111894
2019,09,ESP.11.2_1,0,0.45536618051668964
2019,09,ESP.12.1_1,0,0.4618975528722244
2019,09,ESP.12.2_1,0,0.45671938057476014
2019,09,ESP.12.3_1,0,0.46709439857182744
2019,09,ESP.12.4_1,0,0.46554025360620294
2019,09,ESP.13.1_1,0.558,0.49687310541312546
2019,09,ESP.14.1_1,0,0.4580489153014215
2019,09,ESP.14.2_1,0,0.4530576798391804
2019,09,ESP.15.1_1,0.033,0.17872588772459053
2019,09,ESP.16.1_1,0,0.4431392245924213
2019,09,ESP.16.2_1,0.114,0.31797028965786267
2019,09,ESP.16.3_1,0.299,0.4580489153014215
2019,09,ESP.17.1_1,0,0.4511624403111894
2019,09,ESP.18.1_1,0.785,0.4110279113928201
2019,09,ESP.2.1_1,0.041,0.19838941090279583
2019,09,ESP.2.2_1,0.227,0.41910219117375974
2019,09,ESP.2.3_1,0.084,0.2775266131761439
2019,09,ESP.3.1_1,0,0.45627095369219284
2019,09,ESP.4.1_1,0.326,0.4689818162188636
2019,09,ESP.4.2_1,0,0.44521254947969985
2019,09,ESP.4.3_1,0.044,0.20519772441746548
2019,09,ESP.4.4_1,0,0.45581988961844544
2019,09,ESP.4.5_1,0.019,0.13659303663678343
2019,09,ESP.5.1_1,0,0.4571651780264984
2019,09,ESP.5.3_1,0,0.44922355437109684
2019,09,ESP.5.4_1,0,0.4530576798391804
2019,09,ESP.5.5_1,0,0.45445079549443584
2019,09,ESP.5.6_1,0,0.45536618051668964
2019,09,ESP.5.7_1,0,0.4602127723084137
2019,09,ESP.5.8_1,0,0.4602127723084137
2019,09,ESP.5.9_1,0,0.4580489153014215
2019,09,ESP.6.1_1,0.582,0.49347696959383985
2019,09,ESP.6.2_1,0.427,0.49488980179017217
2019,09,ESP.6.3_1,0.401,0.4903462444430868
2019,09,ESP.6.4_1,0.651,0.4768924684102554
2019,09,ESP.8.1_1,0.026,0.15921478998305827
2019,09,ESP.9.1_1,0.051,0.22010780869257557
