ID_1,est,se
ESP.1_1,1,0.1871347671882254
ESP.10_1,1,0
ESP.11_1,0,0
ESP.12_1,0,0
ESP.13_1,1,0
ESP.14_1,0,0
ESP.15_1,0.008000000000000007,0.08912880535463237
ESP.16_1,0.51424,0.25696470905896746
ESP.17_1,0,0
ESP.18_1,0.999,0.03162277660168379
ESP.2_1,0.999288736,0.19047780480714377
ESP.3_1,0,0
ESP.4_1,0.15413921800000008,0.11656337275406936
ESP.5_1,0,0
ESP.6_1,1,0.05125691366710608
ESP.7_1,0,0
ESP.8_1,0.522,0.4997657108743714
ESP.9_1,0.008000000000000007,0.08912880535463237
