year,month,gid_1,est,se
2020,06,ESP.1_1,0.4119341213050849,0.1904216672834422
2020,06,ESP.10_1,0.9596356053244479,0.15353974091869427
2020,06,ESP.11_1,0,0.4932326156344444
2020,06,ESP.12_1,0,0.49607032311901966
2020,06,ESP.13_1,1,0
2020,06,ESP.14_1,0,0.48519746660307966
2020,06,ESP.15_1,0.025,0.15620432067019188
2020,06,ESP.16_1,0.20089039870689146,0.451567034762059
2020,06,ESP.17_1,0,0.49094692328919715
2020,06,ESP.18_1,0.9849999999999999,0.12161425257844027
2020,06,ESP.2_1,0.4416522797911856,0.3867471603226865
2020,06,ESP.3_1,0,0.49687708044566914
2020,06,ESP.4_1,0.07670446291617897,0.3824456534953672
2020,06,ESP.5_1,0,0.494691992966013
2020,06,ESP.6_1,0.9917343482354555,0.07230500761508939
2020,06,ESP.8_1,0.719,0.44971599610518154
2020,06,ESP.9_1,0.024,0.15312681872424974
