year,month,gid_1,est,se
2020,06,ESP.1_1,0.53922772451836,0.3567149701473456
2020,06,ESP.10_1,0.9362511842018918,0.24248590738818923
2020,06,ESP.11_1,0,0.4998384978945226
2020,06,ESP.12_1,0,0.4998794128800986
2020,06,ESP.13_1,0.9856154918157443,0.1293367518366444
2020,06,ESP.14_1,0,0.4965052215498967
2020,06,ESP.15_1,0.08221817937832251,0.27450420213953597
2020,06,ESP.16_1,0.28977090687908774,0.4773043804058278
2020,06,ESP.17_1,0,0.499228617862229
2020,06,ESP.18_1,0.9595463129884712,0.20296022092472368
2020,06,ESP.2_1,0.4460085110570542,0.3870402390908337
2020,06,ESP.3_1,0,0.49985382614461404
2020,06,ESP.4_1,0.1451484242564279,0.44002138624887194
2020,06,ESP.5_1,0,0.4997852004865471
2020,06,ESP.6_1,0.9143002667443655,0.2712420311857465
2020,06,ESP.8_1,0.6386948812681883,0.481109307664191
2020,06,ESP.9_1,0.11330066182622495,0.31675374766262493
