year,month,gid_1,est,se
2020,06,ESP.1_1,0.5578736101581946,0.3514837523841624
2020,06,ESP.10_1,0.9300281308474532,0.25901004910346626
2020,06,ESP.11_1,0,0.4974028213161789
2020,06,ESP.12_1,0,0.500098401318173
2020,06,ESP.13_1,0.9818365287588293,0.162164414398774
2020,06,ESP.14_1,0,0.49505467714201634
2020,06,ESP.15_1,0.09889001009081735,0.29746341705239066
2020,06,ESP.16_1,0.2866518527203717,0.4847637688583173
2020,06,ESP.17_1,0,0.5002501876563868
2020,06,ESP.18_1,0.9788092835519677,0.17067257872642908
2020,06,ESP.2_1,0.44909974735021724,0.38672492132295483
2020,06,ESP.3_1,0,0.4999939939579215
2020,06,ESP.4_1,0.1478598853036756,0.4374413799448005
2020,06,ESP.5_1,0,0.4993151983208932
2020,06,ESP.6_1,0.9129777399692933,0.2810569048824589
2020,06,ESP.7_1,0,0.49854573241651756
2020,06,ESP.8_1,0.6508577194752775,0.4787527589520547
2020,06,ESP.9_1,0.1019172552976791,0.3014795016081357
