year,month,gid_1,est,se
2019,01,ESP.1_1,0,0
2019,01,ESP.10_1,0,0
2019,01,ESP.11_1,0,0.30086840057988046
2019,01,ESP.12_1,0,0.3044852511468016
2019,01,ESP.13_1,0,0.04469897088298564
2019,01,ESP.14_1,0,0.300985530678801
2019,01,ESP.15_1,0,0
2019,01,ESP.16_1,0,0
2019,01,ESP.17_1,0,0.29197474077263813
2019,01,ESP.18_1,0.018,0.13301764429463367
2019,01,ESP.2_1,0,0
2019,01,ESP.3_1,0,0.31918157352340515
2019,01,ESP.4_1,0,0
2019,01,ESP.5_1,0,0.31331709925686885
2019,01,ESP.6_1,0,0
2019,01,ESP.8_1,0,0
2019,01,ITA.10_1,0,0
