year,month,gid_1,est,se
2019,01,ESP.1_1,0,0
2019,01,ESP.10_1,0,0
2019,01,ESP.11_1,0,0.10206175885604697
2019,01,ESP.12_1,0,0.11016285767147872
2019,01,ESP.13_1,0,0.06317187421246463
2019,01,ESP.14_1,0,0.1136713123021608
2019,01,ESP.15_1,0,0
2019,01,ESP.16_1,0,0
2019,01,ESP.17_1,0,0.06317187421246463
2019,01,ESP.18_1,0.008,0.08915894617309834
2019,01,ESP.2_1,0,0
2019,01,ESP.3_1,0,0.09451966615374731
2019,01,ESP.4_1,0,0
2019,01,ESP.5_1,0,0.10136293009897335
2019,01,ESP.6_1,0,0
2019,01,ESP.8_1,0,0
