year,month,gid_1,est,se
2019,01,ESP.10_1,0.982,0.13301764429463367
2019,01,ESP.6_1,0.978,0.1467567291047928
