year,month,gid_1,est,se
2019,01,ESP.1_1,0,0
2019,01,ESP.10_1,0,0
2019,01,ESP.11_1,0,0.10149612489047506
2019,01,ESP.12_1,0,0.09236678930952888
2019,01,ESP.13_1,0,0
2019,01,ESP.14_1,0,0.09815014802466607
2019,01,ESP.15_1,0,0.0316258760894229
2019,01,ESP.16_1,0,0.013359450412675587
2019,01,ESP.17_1,0,0.10436486346820147
2019,01,ESP.18_1,0.0070140280561122245,0.08342255081851088
2019,01,ESP.2_1,0,0
2019,01,ESP.3_1,0,0.094496974262906
2019,01,ESP.4_1,0,0
2019,01,ESP.5_1,0,0.10554136725040156
2019,01,ESP.6_1,0,0
2019,01,ESP.8_1,0,0
