year,month,gid_1,est,se
2022,01,ESP.1_1,0.1352205785474535,0.17507478272979454
2022,01,ESP.10_1,0.20331583834820566,0.3219833230780831
2022,01,ESP.11_1,0.047915106476895945,0.04820977829517439
2022,01,ESP.12_1,0.1095488203207071,0.36138913183398585
2022,01,ESP.13_1,0.31739231664726425,0.4257473989134244
2022,01,ESP.14_1,0.089843146946763,0.13840046303786366
2022,01,ESP.15_1,0.05923166472642608,0.08116511332334629
2022,01,ESP.16_1,0.15047252557158894,0.3829875595901287
2022,01,ESP.17_1,0.3777415599534343,0.45929658350434477
2022,01,ESP.18_1,0.47161816065192086,0.4909600080482287
2022,01,ESP.2_1,0.07456648322545073,0.23845794331260245
2022,01,ESP.3_1,0.045820721769499424,0.04207057302726123
2022,01,ESP.4_1,0.05002567161192425,0.24652949868506108
2022,01,ESP.5_1,0.07645138034670843,0.28979413929391185
2022,01,ESP.6_1,0.31643547849732856,0.33396154590425636
2022,01,ESP.7_1,0.09485057428868125,0.239192599373086
2022,01,ESP.8_1,0.34980209545983704,0.4451517734343526
2022,01,ESP.9_1,0,0.3720704088174604
