year,month,gid_2,est,se
2016,04,ESP.10.1_1,0.999,0.03162277660168379
2016,04,ESP.10.2_1,0.694,0.4610602743422779
2016,04,ESP.10.3_1,0.995,0.07056897321046962
