year,month,gid_2,est,se
2016,04,ESP.1.1_1,0.045,0.20740785428237288
2016,04,ESP.1.2_1,0.152,0.3592005359475749
2016,04,ESP.1.3_1,0.061,0.239450070654273
2016,04,ESP.1.4_1,0.5,0.5002501876563868
2016,04,ESP.1.5_1,0,0.4833141758655467
2016,04,ESP.1.6_1,0.045,0.20740785428237288
2016,04,ESP.1.7_1,0.789,0.4082225442643334
2016,04,ESP.1.8_1,0.041,0.19838941090279583
2016,04,ESP.10.1_1,0.892,0.3105357184486713
2016,04,ESP.10.2_1,0.782,0.4130939925085411
2016,04,ESP.10.3_1,0.789,0.4082225442643334
2016,04,ESP.11.1_1,0,0.4957385972029581
2016,04,ESP.11.2_1,0,0.4920794063381866
2016,04,ESP.12.1_1,0,0.49428262696084646
2016,04,ESP.12.2_1,0,0.4960050614873008
2016,04,ESP.12.3_1,0,0.49189527438364455
2016,04,ESP.12.4_1,0,0.48909530177074306
2016,04,ESP.13.1_1,0.851,0.3562666500332664
2016,04,ESP.14.1_1,0,0.4936422618482768
2016,04,ESP.14.2_1,0,0.4793545460103417
2016,04,ESP.15.1_1,0.046,0.20958990416508122
2016,04,ESP.16.1_1,0,0.49518098126261295
2016,04,ESP.16.2_1,0.05,0.21805400144814482
2016,04,ESP.16.3_1,0.045,0.20740785428237288
2016,04,ESP.17.1_1,0,0.4927949338688932
2016,04,ESP.18.1_1,0.859,0.34819569244928955
2016,04,ESP.2.1_1,0.157,0.3639828065767441
2016,04,ESP.2.2_1,0.048,0.21387319079712103
2016,04,ESP.2.3_1,0.042,0.20068950215762726
2016,04,ESP.3.1_1,0,0.4848774134831464
2016,04,ESP.4.1_1,0.053,0.22414558046332575
2016,04,ESP.4.2_1,0,0.4911376754192415
2016,04,ESP.4.3_1,0.051,0.22010780869257557
2016,04,ESP.4.4_1,0,0.49189527438364455
2016,04,ESP.4.5_1,0.041,0.19838941090279583
2016,04,ESP.5.1_1,0,0.49532347546360583
2016,04,ESP.5.2_1,0,0.4936422618482768
2016,04,ESP.5.3_1,0,0.4990922691177385
2016,04,ESP.5.4_1,0,0.49560228169533443
2016,04,ESP.5.5_1,0,0.4909429956981004
2016,04,ESP.5.6_1,0,0.4924413655436538
2016,04,ESP.5.7_1,0,0.4945903553645376
2016,04,ESP.5.8_1,0,0.49261919742705285
2016,04,ESP.5.9_1,0,0.49261919742705285
2016,04,ESP.6.1_1,0.912,0.28343665312788385
2016,04,ESP.6.2_1,0.791,0.4067978422810088
2016,04,ESP.6.3_1,0.501,0.500249187155011
2016,04,ESP.6.4_1,0.592,0.49170903772228736
2016,04,ESP.8.1_1,0.15,0.35725009115132167
2016,04,ESP.9.1_1,0.041,0.19838941090279583
