year,month,gid_2,est,se
2016,04,ESP.10.1_1,0.999,0.03162277660168379
2016,04,ESP.10.1_1,0.999,0.03162277660168379
2016,04,ESP.10.2_1,0.702,0.4576083537321029
2016,04,ESP.10.3_1,0.996,0.06315051850925682
