year,month,gid_2,est,se
2016,04,ESP.1.1_1,0.014,0.11754921445002436
2016,04,ESP.1.2_1,0.051,0.22010780869257557
2016,04,ESP.1.3_1,0.01,0.0995485304256668
2016,04,ESP.1.4_1,0.442,0.49687310541312546
2016,04,ESP.1.5_1,0,0.4813893805805605
2016,04,ESP.1.6_1,0.007,0.08341437500789632
2016,04,ESP.1.7_1,0.752,0.432067914433232
2016,04,ESP.1.8_1,0.016,0.12553788177183714
2016,04,ESP.10.1_1,0.941,0.23574260237507894
2016,04,ESP.10.2_1,0.89,0.31304631925323445
2016,04,ESP.10.3_1,0.872,0.3342569785774528
2016,04,ESP.11.1_1,0,0.4835802413765991
2016,04,ESP.11.2_1,0,0.48384409173317916
2016,04,ESP.12.1_1,0,0.48660125439704816
2016,04,ESP.12.2_1,0,0.4903462444430868
2016,04,ESP.12.3_1,0,0.4911376754192415
2016,04,ESP.12.4_1,0,0.48930912869414506
2016,04,ESP.13.1_1,0.931,0.2535809600567505
2016,04,ESP.14.1_1,0,0.48304589153964794
2016,04,ESP.14.2_1,0,0.48384409173317916
2016,04,ESP.15.1_1,0.013,0.11333068359382575
2016,04,ESP.16.1_1,0,0.49261919742705285
2016,04,ESP.16.2_1,0.017,0.1293357171384909
2016,04,ESP.16.3_1,0.011,0.10435463521037237
2016,04,ESP.17.1_1,0,0.4895208173618673
2016,04,ESP.18.1_1,0.917,0.2760202658994212
2016,04,ESP.2.1_1,0.04,0.19605723255834873
2016,04,ESP.2.2_1,0.015,0.12161327966052798
2016,04,ESP.2.3_1,0.011,0.10435463521037237
2016,04,ESP.3.1_1,0,0.4886612219010117
2016,04,ESP.4.1_1,0.007,0.08341437500789632
2016,04,ESP.4.2_1,0,0.4846223879051182
2016,04,ESP.4.3_1,0.008,0.08912880535463237
2016,04,ESP.4.4_1,0,0.48562931937418674
2016,04,ESP.4.5_1,0.007,0.08341437500789632
2016,04,ESP.5.1_1,0,0.49189527438364455
2016,04,ESP.5.2_1,0,0.48384409173317916
2016,04,ESP.5.3_1,0,0.48683879468671354
2016,04,ESP.5.4_1,0,0.48993779098885504
2016,04,ESP.5.5_1,0,0.4879939939570344
2016,04,ESP.5.6_1,0,0.49226143594773025
2016,04,ESP.5.7_1,0,0.4888793337859589
2016,04,ESP.5.8_1,0,0.48562931937418674
2016,04,ESP.5.9_1,0,0.48909530177074306
2016,04,ESP.6.1_1,0.955,0.20740785428237288
2016,04,ESP.6.2_1,0.779,0.41512809027013736
2016,04,ESP.6.3_1,0.419,0.4936422618482768
2016,04,ESP.6.4_1,0.568,0.49560228169533443
2016,04,ESP.8.1_1,0.07,0.25527468571161765
2016,04,ESP.9.1_1,0.017,0.1293357171384909
