year,month,gid_2,est,se
2016,04,ESP.1.1_1,0.001,0.03162277660168379
2016,04,ESP.1.2_1,0.011,0.10435463521037237
2016,04,ESP.1.3_1,0.002,0.04469897088298564
2016,04,ESP.1.4_1,0.079,0.26987373312686774
2016,04,ESP.1.5_1,0,0.26352313834736496
2016,04,ESP.1.6_1,0.001,0.03162277660168379
2016,04,ESP.1.7_1,0.335,0.4722266383824593
2016,04,ESP.1.8_1,0.002,0.04469897088298564
2016,04,ESP.10.1_1,0.891,0.3117951510466707
2016,04,ESP.10.2_1,0.525,0.499624483612067
2016,04,ESP.10.3_1,0.513,0.5000810745080052
2016,04,ESP.11.1_1,0,0.40963251677424095
2016,04,ESP.11.2_1,0,0.40317061716666125
2016,04,ESP.12.1_1,0,0.4144535821678608
2016,04,ESP.12.2_1,0,0.4046328307586122
2016,04,ESP.12.3_1,0,0.4177912750998392
2016,04,ESP.12.4_1,0,0.40169311340544206
2016,04,ESP.13.1_1,0.707,0.45536618051668964
2016,04,ESP.14.1_1,0,0.4130939925085411
2016,04,ESP.14.2_1,0,0.4248346554654934
2016,04,ESP.15.1_1,0,0.0995485304256668
2016,04,ESP.16.1_1,0,0.12161327966052798
2016,04,ESP.16.2_1,0,0
2016,04,ESP.16.3_1,0,0.04469897088298564
2016,04,ESP.17.1_1,0,0.39944781706570703
2016,04,ESP.18.1_1,0.749,0.43380547159664457
2016,04,ESP.2.1_1,0,0.05471740119919799
2016,04,ESP.2.2_1,0,0.04469897088298564
2016,04,ESP.2.3_1,0,0
2016,04,ESP.3.1_1,0,0.4060799193519681
2016,04,ESP.4.1_1,0,0.03162277660168379
2016,04,ESP.4.2_1,0,0.07056897321046962
2016,04,ESP.4.3_1,0,0
2016,04,ESP.4.4_1,0,0.05471740119919799
2016,04,ESP.4.5_1,0,0.04469897088298564
2016,04,ESP.5.1_1,0,0.40169311340544206
2016,04,ESP.5.2_1,0,0.403903624814309
2016,04,ESP.5.3_1,0,0.40094857495663927
2016,04,ESP.5.4_1,0,0.4130939925085411
2016,04,ESP.5.5_1,0,0.3963989557656934
2016,04,ESP.5.6_1,0,0.4053582555164201
2016,04,ESP.5.7_1,0,0.3924972026066607
2016,04,ESP.5.8_1,0,0.4082225442643334
2016,04,ESP.5.9_1,0,0.3932857404911519
2016,04,ESP.6.1_1,0.879,0.3262904618058356
2016,04,ESP.6.2_1,0.544,0.4983094543677777
2016,04,ESP.6.3_1,0.194,0.39562674393994207
2016,04,ESP.6.4_1,0.295,0.45627095369219284
2016,04,ESP.8.1_1,0,0.3014795016081357
2016,04,ESP.9.1_1,0,0.08912880535463237
