year,month,gid_2,est,se
2020,03,ESP.1.1_1,0.035,0.18387171834952978
2020,03,ESP.1.2_1,0.522,0.4997657108743714
2020,03,ESP.1.4_1,0.402,0.4905472827736758
2020,03,ESP.1.6_1,0.001,0.03162277660168379
2020,03,ESP.1.7_1,0.497,0.5002411830719671
2020,03,ESP.1.8_1,0.497,0.5002411830719671
2020,03,ESP.10.1_1,0,0.5002411830719671
2020,03,ESP.10.2_1,0,0
2020,03,ESP.10.3_1,0,0.5002411830719671
2020,03,ESP.11.1_1,0,0.11333068359382575
2020,03,ESP.11.2_1,0,0.11754921445002436
2020,03,ESP.12.1_1,0.23,0.4210430824479572
2020,03,ESP.12.3_1,0.01,0.0995485304256668
2020,03,ESP.12.4_1,0.013,0.11333068359382575
2020,03,ESP.13.1_1,0.501,0.500249187155011
2020,03,ESP.14.2_1,0.477,0.4997206426802086
2020,03,ESP.15.1_1,0,0
2020,03,ESP.16.1_1,0,0
2020,03,ESP.16.2_1,0,0.3440194025768741
2020,03,ESP.16.3_1,0,0
2020,03,ESP.17.1_1,0.292,0.45490981847278583
2020,03,ESP.18.1_1,0.503,0.5002411830719671
2020,03,ESP.2.1_1,0,0
2020,03,ESP.2.2_1,0,0
2020,03,ESP.2.3_1,0.049,0.21597603025716916
2020,03,ESP.3.1_1,0.545,0.4982200550190881
2020,03,ESP.4.1_1,0,0.3067068128833611
2020,03,ESP.4.4_1,0,0.33536766610911
2020,03,ESP.4.5_1,0,0.4974318430081034
2020,03,ESP.5.2_1,0,0
2020,03,ESP.5.4_1,0,0.06315051850925682
2020,03,ESP.5.6_1,0,0.06315051850925682
2020,03,ESP.5.9_1,0,0.08341437500789632
2020,03,ESP.6.1_1,0.537,0.4988786223921405
2020,03,ESP.6.2_1,0.546,0.49812863010685515
2020,03,ESP.6.3_1,0.022,0.1467567291047928
2020,03,ESP.6.4_1,0.418,0.49347696959383985
2020,03,ESP.8.1_1,0.136,0.3429600875052688
2020,03,ESP.9.1_1,0,0
2020,03,ITA.10.8_1,0.497,0.5002411830719671
2020,03,ITA.16.4_1,0,0.49864681754589457
2020,03,ITA.20.3_1,0.005,0.07056897321046962
2020,03,ITA.6.1_1,0.496,0.5002341793942455
2020,03,ITA.6.2_1,0.003,0.05471740119919799
2020,03,ITA.6.3_1,0.42,0.49380547166252
2020,03,ITA.6.4_1,0,0
2020,03,ITA.6.8_1,0.002,0.04469897088298564
2020,03,ITA.8.4_1,0.497,0.5002411830719671
