year,month,gid_2,est,se
2020,03,ESP.1.1_1,0.778,0.4157990967870047
2020,03,ESP.1.2_1,0.149,0.3562666500332664
2020,03,ESP.1.4_1,0.385,0.48683879468671354
2020,03,ESP.1.6_1,0.194,0.39562674393994207
2020,03,ESP.1.7_1,0.326,0.4689818162188636
2020,03,ESP.1.8_1,0.887,0.3167512136225074
2020,03,ESP.10.1_1,0.189,0.3917045218432287
2020,03,ESP.10.2_1,0.213,0.40963251677424095
2020,03,ESP.10.3_1,0.167,0.3731624984510773
2020,03,ESP.11.1_1,0.187,0.3901066305296325
2020,03,ESP.11.2_1,0.2,0.40020015012510946
2020,03,ESP.12.1_1,0.355,0.4787527589520547
2020,03,ESP.12.3_1,0.197,0.39793133748091436
2020,03,ESP.12.4_1,0.219,0.41377555535605315
2020,03,ESP.13.1_1,0.207,0.4053582555164201
2020,03,ESP.14.2_1,0.23,0.4210430824479572
2020,03,ESP.15.1_1,0.198,0.3986915536538929
2020,03,ESP.16.1_1,0.199,0.39944781706570703
2020,03,ESP.16.2_1,0.338,0.4732652321690026
2020,03,ESP.16.3_1,0.171,0.3766973598273565
2020,03,ESP.17.1_1,0.362,0.4808192874533916
2020,03,ESP.18.1_1,0.786,0.41033202698835536
2020,03,ESP.2.1_1,0.197,0.39793133748091436
2020,03,ESP.2.2_1,0.219,0.41377555535605315
2020,03,ESP.2.3_1,0.347,0.4762539425745658
2020,03,ESP.3.1_1,0.421,0.49396660110072527
2020,03,ESP.4.1_1,0.179,0.38354413840665863
2020,03,ESP.4.4_1,0.202,0.40169311340544206
2020,03,ESP.4.5_1,0.104,0.30541328929383094
2020,03,ESP.5.2_1,0.208,0.4060799193519681
2020,03,ESP.5.4_1,0.181,0.38521083498181535
2020,03,ESP.5.6_1,0.199,0.39944781706570703
2020,03,ESP.5.9_1,0.221,0.41512809027013736
2020,03,ESP.6.1_1,0.765,0.42421097929562707
2020,03,ESP.6.2_1,0.764,0.4248346554654934
2020,03,ESP.6.3_1,0.414,0.4927949338688932
2020,03,ESP.6.4_1,0.178,0.38270414482007176
2020,03,ESP.8.1_1,0.172,0.3775692765024169
2020,03,ESP.9.1_1,0.212,0.40892936214366316
