ID_0,est,se
ESP,0.037493454296578466,0.009819566448652537
