ID_0,est,se
ALB,0.995244137392,0.23073762584673274
ARG,0.383291408384,0.1820935891636524
AUT,0.20635680000000012,0.0353339221386868
BEL,0,0
BGR,0.9999962834982805,0.35864525520324564
BIH,0.86942276,0.4428871231417534
BRA,0.971771989,0.17761299742098471
CHE,0.7012523199999999,0.45228707532887463
CHN,0.91734274,0.07179377823972595
COL,0.28400000000000003,0.4511624403111894
DEU,0.547,0.2490175892577867
ESP,0.9999980836295591,0.12477385171128787
FJI,0.797,0.402433787041984
FRA,0.9999898016834651,0.2761125462927118
GRC,0.33466600000000013,0.16783282214888473
GTM,0.809843,0.4664439680351631
HND,0.14300000000000002,0.3502480173729377
HRV,0.9991269229259305,0.42983193650546936
HUN,0.9564348804915124,0.15138451364917851
IND,0.15038026299999996,0.15256036499525463
ITA,1,0.14411275868889836
KOR,0.765416,0.4998531812521965
LKA,0.03400000000000003,0.18131981931624816
MEX,0.024843999999999977,0.11113521390036991
MMR,0.578,0.49412565219806204
NLD,0.7235259999999999,0.002738768643460878
PAK,0,0
PAN,0.018000000000000016,0.13301764429463367
PER,0,0
PRT,0.935963250868,0.48322401794011405
PSE,0.05600000000000005,0.23003677296666486
ROU,0.632425,0.2860302777468316
SLB,0.45599999999999996,0.4983094543677777
SRB,0.84712520407888,0.29263624045265796
SVN,0.315759016,0.18855920464950388
THA,0.43199999999999994,0.49560228169533443
TUR,1,0.26341902670690315
USA,0.4247638319741942,0.1464048764511409
XKO,0.246,0.4308940353145651
ZAF,0.010000000000000009,0.0995485304256668
