ID_0,est,se
ALB,0.9995037220192,0.2615874430198215
ARG,0.48987651025,0.26687530270883375
AUT,0.120583,0.021256291732024823
BEL,0,0
BGR,0.9999993813449772,0.3426079436178696
BIH,0.8970166,0.3545908760739809
BRA,0.9815341599999999,0.15449574652194006
CHE,0.786970432,0.42651577797760226
CHN,0.95606577898,0.15517760550316567
COL,1,0
DEU,0.624,0.2423111939525591
ESP,0.9999999381011216,0.11794519544119134
FJI,0.9999992712643521,0.4060799193519681
FRA,0.9999629071680679,0.3047805349626
GRC,0.22199999999999998,0.13859969892900156
GTM,0.846747,0.4848435702169409
HND,0.551,0.4976410821532389
HRV,0.9996004653742059,0.4186883366557592
HUN,0.9249946282088273,0.15060877287305052
IND,0.13424924800000015,0.15195115554611438
ITA,1,0.1273743822766785
KOR,0.968815,0.37990521484238626
LKA,0.04300000000000004,0.2029585972364615
MEX,0.03493400000000002,0.11171242930378808
MMR,0.547,0.4980351785155734
NLD,0.71904,0.002751418448111081
PAK,0,0
PAN,0.010000000000000009,0.0995485304256668
PER,0,0
PRT,0.993095957008,0.4395522021884099
PSE,0.027000000000000024,0.162164414398774
ROU,0.6269859999999999,0.26386879776719113
SLB,0.57,0.49532347546360583
SRB,0.8083927508349239,0.29308514873159974
SVN,0.875620999,0.22293624053683317
THA,0.394,0.4888793337859589
TUR,1,0.2668075393565666
USA,0.47224359784323156,0.11005469361168356
XKO,0.136,0.3429600875052688
ZAF,0.007000000000000006,0.08341437500789632
