ID_0,est,se
ESP,0.9999921494464903,0.14065447925367608
