year,month,gid_2,est,se
2017,10,ESP.10.1_1,0.998,0.04469897088298564
2017,10,ESP.10.2_1,0.997,0.05471740119919799
2017,10,ESP.10.3_1,0.999,0.03162277660168379
2017,10,ESP.18.1_1,1,0
2017,10,ESP.2.1_1,0.989,0.10435463521037237
2017,10,ESP.2.2_1,0.698,0.45935499018406994
2017,10,ESP.2.3_1,0.277,0.4477404063421923
2017,10,ESP.4.1_1,0.326,0.4689818162188636
2017,10,ESP.4.3_1,0.19,0.3924972026066607
2017,10,ESP.6.1_1,1,0
2017,10,ESP.6.2_1,0.999,0.03162277660168379
2017,10,ESP.6.3_1,0.992,0.08912880535463237
2017,10,ESP.6.4_1,0.999,0.03162277660168379
2017,10,FRA.11.11_1,0.431,0.49546390835709164
2017,10,FRA.11.6_1,0.911,0.2848862231842041
