year,month,gid_2,est,se
2017,10,ESP.1.1_1,0.363,0.4811054587743341
2017,10,ESP.1.2_1,0.557,0.49698893146427114
2017,10,ESP.1.3_1,0.081,0.27297163499805893
2017,10,ESP.1.4_1,0.462,0.49880337288836046
2017,10,ESP.1.5_1,0,0.4958728565770563
2017,10,ESP.1.6_1,0.223,0.41646661864361284
2017,10,ESP.1.7_1,0.984,0.12553788177183714
2017,10,ESP.1.8_1,0.084,0.2775266131761439
2017,10,ESP.10.1_1,0.669,0.47080851804174134
2017,10,ESP.10.2_1,0.656,0.475278749672116
2017,10,ESP.10.3_1,0.932,0.2518718710762269
2017,10,ESP.11.2_1,0,0.48410573055723927
2017,10,ESP.12.1_1,0,0.4879939939570344
2017,10,ESP.12.2_1,0,0.4903462444430868
2017,10,ESP.12.3_1,0,0.48753840227585526
2017,10,ESP.12.4_1,0,0.4903462444430868
2017,10,ESP.13.1_1,0.944,0.23003677296666486
2017,10,ESP.14.1_1,0,0.4888793337859589
2017,10,ESP.14.2_1,0,0.48513024163759505
2017,10,ESP.15.1_1,0,0.1499783100768024
2017,10,ESP.16.1_1,0,0.3963989557656934
2017,10,ESP.16.2_1,0.057,0.2319586273558386
2017,10,ESP.16.3_1,0.05,0.21805400144814482
2017,10,ESP.17.1_1,0,0.4808192874533916
2017,10,ESP.18.1_1,0.764,0.4248346554654934
2017,10,ESP.2.1_1,0.594,0.4913302406787164
2017,10,ESP.2.2_1,0.204,0.40317061716666125
2017,10,ESP.2.3_1,0.057,0.2319586273558386
2017,10,ESP.3.1_1,0,0.48410573055723927
2017,10,ESP.4.1_1,0.035,0.18387171834952978
2017,10,ESP.4.2_1,0,0.2775266131761439
2017,10,ESP.4.4_1,0,0.26830577330349786
2017,10,ESP.4.5_1,0.032,0.17608806605504818
2017,10,ESP.5.1_1,0,0.4808192874533916
2017,10,ESP.5.2_1,0,0.4808192874533916
2017,10,ESP.5.3_1,0,0.48587557571365436
2017,10,ESP.5.4_1,0,0.48611964814468495
2017,10,ESP.5.5_1,0,0.4781418404821101
2017,10,ESP.5.6_1,0,0.4759312035478558
2017,10,ESP.5.8_1,0,0.4848774134831464
2017,10,ESP.5.9_1,0,0.48304589153964794
2017,10,ESP.6.1_1,0.988,0.10893974420691407
2017,10,ESP.6.2_1,0.906,0.29197474077263813
2017,10,ESP.6.3_1,0.513,0.5000810745080052
2017,10,ESP.6.4_1,0.912,0.28343665312788385
2017,10,ESP.8.1_1,0.023,0.1499783100768024
2017,10,ESP.9.1_1,0,0.12161327966052798
