year,month,gid_2,est,se
2017,10,ESP.1.1_1,0.368,0.4825026516080599
2017,10,ESP.1.2_1,0.481,0.4998888765404656
2017,10,ESP.1.3_1,0.096,0.2947386484173239
2017,10,ESP.1.4_1,0.412,0.4924413655436538
2017,10,ESP.1.5_1,0,0.49503642397409614
2017,10,ESP.1.6_1,0.289,0.45352473436923446
2017,10,ESP.1.7_1,1,0
2017,10,ESP.1.8_1,0.109,0.3117951510466707
2017,10,ESP.10.1_1,0.506,0.5002141683461337
2017,10,ESP.10.2_1,0.521,0.49980877224075293
2017,10,ESP.10.3_1,0.885,0.31918157352340515
2017,10,ESP.11.2_1,0,0.39716714584887525
2017,10,ESP.12.1_1,0,0.387678080750375
2017,10,ESP.12.2_1,0,0.39090767299812473
2017,10,ESP.12.3_1,0,0.39716714584887525
2017,10,ESP.12.4_1,0,0.39562674393994207
2017,10,ESP.13.1_1,0.936,0.24487540497968344
2017,10,ESP.14.1_1,0,0.403903624814309
2017,10,ESP.14.2_1,0,0.4110279113928201
2017,10,ESP.15.1_1,0,0.03162277660168379
2017,10,ESP.16.1_1,0,0.38354413840665863
2017,10,ESP.16.2_1,0.062,0.24127621974453722
2017,10,ESP.16.3_1,0.057,0.2319586273558386
2017,10,ESP.17.1_1,0,0.39407016036651554
2017,10,ESP.18.1_1,0.681,0.4663222667388471
2017,10,ESP.2.1_1,0.516,0.49999399395792143
2017,10,ESP.2.2_1,0.239,0.42668613881993056
2017,10,ESP.2.3_1,0.059,0.23574260237507894
2017,10,ESP.3.1_1,0,0.3932857404911519
2017,10,ESP.4.1_1,0.016,0.12553788177183714
2017,10,ESP.4.2_1,0,0.2319586273558386
2017,10,ESP.4.4_1,0,0.25527468571161765
2017,10,ESP.4.5_1,0.02,0.14007005254378832
2017,10,ESP.5.1_1,0,0.39562674393994207
2017,10,ESP.5.2_1,0,0.3986915536538929
2017,10,ESP.5.3_1,0,0.40317061716666125
2017,10,ESP.5.4_1,0,0.39485048677557294
2017,10,ESP.5.5_1,0,0.40094857495663927
2017,10,ESP.5.6_1,0,0.39485048677557294
2017,10,ESP.5.8_1,0,0.3893013685508382
2017,10,ESP.5.9_1,0,0.38849186082326864
2017,10,ESP.6.1_1,0.995,0.07056897321046962
2017,10,ESP.6.2_1,0.863,0.3440194025768741
2017,10,ESP.6.3_1,0.416,0.49314012936201734
2017,10,ESP.6.4_1,0.932,0.2518718710762269
2017,10,ESP.8.1_1,0.019,0.13659303663678343
2017,10,ESP.9.1_1,0,0
2017,10,ITA.10.12_1,0.09,0.28632495871296654
2017,10,ITA.10.9_1,0.016,0.12553788177183714
2017,10,ITA.13.5_1,0.039,0.19369180807797864
2017,10,ITA.13.7_1,0.092,0.28917057184232914
2017,10,ITA.15.6_1,0.096,0.2947386484173239
2017,10,ITA.8.4_1,0.25,0.4332293707583636
