year,month,gid_2,est,se
2017,10,ESP.1.1_1,0.353,0.4781418404821101
2017,10,ESP.1.2_1,0.542,0.4984821807090846
2017,10,ESP.1.3_1,0.073,0.2602666685127751
2017,10,ESP.1.4_1,0.436,0.4961352135760474
2017,10,ESP.1.5_1,0,0.49488980179017217
2017,10,ESP.1.6_1,0.198,0.3986915536538929
2017,10,ESP.1.7_1,0.983,0.1293357171384909
2017,10,ESP.1.8_1,0.085,0.2790212408632233
2017,10,ESP.10.1_1,0.654,0.4759312035478558
2017,10,ESP.10.2_1,0.627,0.48384409173317916
2017,10,ESP.10.3_1,0.918,0.27450200609713465
2017,10,ESP.11.2_1,0,0.48753840227585526
2017,10,ESP.12.1_1,0,0.4879939939570344
2017,10,ESP.12.2_1,0,0.49170903772228736
2017,10,ESP.12.3_1,0,0.4853808758022864
2017,10,ESP.12.4_1,0,0.48587557571365436
2017,10,ESP.13.1_1,0.936,0.24487540497968344
2017,10,ESP.14.1_1,0,0.48730736549786363
2017,10,ESP.14.2_1,0,0.48384409173317916
2017,10,ESP.15.1_1,0,0.13301764429463367
2017,10,ESP.16.1_1,0,0.35126540875438816
2017,10,ESP.16.2_1,0.054,0.2261307920985887
2017,10,ESP.16.3_1,0.055,0.22809433799861634
2017,10,ESP.17.1_1,0,0.48683879468671354
2017,10,ESP.18.1_1,0.773,0.41910219117375974
2017,10,ESP.2.1_1,0.591,0.49189527438364455
2017,10,ESP.2.2_1,0.166,0.37226681638655706
2017,10,ESP.2.3_1,0.052,0.22213812222431642
2017,10,ESP.3.1_1,0,0.4833141758655467
2017,10,ESP.4.1_1,0.014,0.11754921445002436
2017,10,ESP.4.2_1,0,0.26672484350382913
2017,10,ESP.4.4_1,0,0.22809433799861634
2017,10,ESP.4.5_1,0.028,0.16505527329729044
2017,10,ESP.5.1_1,0,0.47657436263727315
2017,10,ESP.5.2_1,0,0.4811054587743341
2017,10,ESP.5.3_1,0,0.48513024163759505
2017,10,ESP.5.4_1,0,0.4781418404821101
2017,10,ESP.5.5_1,0,0.4762539425745658
2017,10,ESP.5.6_1,0,0.48513024163759505
2017,10,ESP.5.8_1,0,0.48562931937418674
2017,10,ESP.5.9_1,0,0.48562931937418674
2017,10,ESP.6.1_1,0.978,0.1467567291047928
2017,10,ESP.6.2_1,0.894,0.30799165387857325
2017,10,ESP.6.3_1,0.503,0.5002411830719671
2017,10,ESP.6.4_1,0.908,0.28917057184232914
2017,10,ESP.8.1_1,0.035,0.18387171834952978
2017,10,ESP.9.1_1,0,0.13659303663678343
