year,month,gid_2,est,se
2017,10,ESP.1.1_1,0.075,0.26352313834736496
2017,10,ESP.1.2_1,0.154,0.3611293596682696
2017,10,ESP.1.3_1,0.005,0.07056897321046962
2017,10,ESP.1.4_1,0.117,0.32158111638343195
2017,10,ESP.1.5_1,0,0.4067978422810088
2017,10,ESP.1.6_1,0.039,0.19369180807797864
2017,10,ESP.1.7_1,0.621,0.4853808758022864
2017,10,ESP.1.8_1,0.003,0.05471740119919799
2017,10,ESP.10.1_1,0.31,0.462724663395106
2017,10,ESP.10.2_1,0.241,0.42790431418963526
2017,10,ESP.10.3_1,0.49,0.5001501276118503
2017,10,ESP.11.1_1,0,0.3932857404911519
2017,10,ESP.11.2_1,0,0.40020015012510946
2017,10,ESP.12.1_1,0,0.39944781706570703
2017,10,ESP.12.2_1,0,0.40963251677424095
2017,10,ESP.12.3_1,0,0.39485048677557294
2017,10,ESP.12.4_1,0,0.3986915536538929
2017,10,ESP.13.1_1,0.493,0.5002011607355596
2017,10,ESP.14.1_1,0,0.43380547159664457
2017,10,ESP.14.2_1,0,0.43148253403489834
2017,10,ESP.15.1_1,0.005,0.07056897321046962
2017,10,ESP.16.1_1,0,0.3924972026066607
2017,10,ESP.16.2_1,0.006,0.07726558075864033
2017,10,ESP.16.3_1,0.006,0.07726558075864033
2017,10,ESP.17.1_1,0,0.38521083498181535
2017,10,ESP.18.1_1,0.378,0.48513024163759505
2017,10,ESP.2.1_1,0.195,0.3963989557656934
2017,10,ESP.2.2_1,0.02,0.14007005254378832
2017,10,ESP.2.3_1,0.004,0.06315051850925682
2017,10,ESP.3.1_1,0,0.40317061716666125
2017,10,ESP.4.1_1,0.007,0.08341437500789632
2017,10,ESP.4.2_1,0,0.4117201883725323
2017,10,ESP.4.3_1,0.005,0.07056897321046962
2017,10,ESP.4.4_1,0,0.4130939925085411
2017,10,ESP.4.5_1,0.013,0.11333068359382575
2017,10,ESP.5.1_1,0,0.40317061716666125
2017,10,ESP.5.2_1,0,0.39944781706570703
2017,10,ESP.5.3_1,0,0.39407016036651554
2017,10,ESP.5.4_1,0,0.3901066305296325
2017,10,ESP.5.5_1,0,0.40317061716666125
2017,10,ESP.5.6_1,0,0.39716714584887525
2017,10,ESP.5.7_1,0,0.38437969216355294
2017,10,ESP.5.8_1,0,0.40317061716666125
2017,10,ESP.5.9_1,0,0.4157990967870047
2017,10,ESP.6.1_1,0.597,0.4907461989988632
2017,10,ESP.6.2_1,0.478,0.4997657108743714
2017,10,ESP.6.3_1,0.181,0.38521083498181535
2017,10,ESP.6.4_1,0.492,0.5001861515337926
2017,10,ESP.7.1_1,0,0.42607222103481185
2017,10,ESP.7.2_1,0,0.4117201883725323
2017,10,ESP.8.1_1,0.009,0.09448771310560929
2017,10,ESP.9.1_1,0.004,0.06315051850925682
