ID_0,est,se
ESP,0.5114624054179991,0.06942970866079523
