year,month,gid_2,est,se
2017,03,ESP.1.1_1,0,0.3251241389157466
2017,03,ESP.1.2_1,0,0.3262904618058356
2017,03,ESP.1.3_1,0,0.3067068128833611
2017,03,ESP.1.4_1,0,0.3262904618058356
2017,03,ESP.1.5_1,0,0.3142893217686178
2017,03,ESP.1.6_1,0,0.31797028965786267
2017,03,ESP.1.7_1,0,0.3429600875052688
2017,03,ESP.1.8_1,0,0.32974646735443996
2017,03,ESP.10.1_1,0,0.3155242550986462
2017,03,ESP.10.2_1,0,0.33756918246924283
2017,03,ESP.10.3_1,0,0.29746341705239066
2017,03,ESP.12.1_1,0,0.33088439746304826
2017,03,ESP.12.3_1,0,0.3251241389157466
2017,03,ESP.12.4_1,0,0.3320154126456093
2017,03,ESP.13.1_1,0,0.32744957355785825
2017,03,ESP.14.1_1,0,0.31797028965786267
2017,03,ESP.14.2_1,0,0.30541328929383094
2017,03,ESP.15.1_1,0,0.29746341705239066
2017,03,ESP.16.1_1,0,0.32860155048170264
2017,03,ESP.16.2_1,0,0.18131981931624816
2017,03,ESP.16.3_1,0,0.22213812222431642
2017,03,ESP.17.1_1,0,0.27142894774447635
2017,03,ESP.18.1_1,0,0.3440194025768741
2017,03,ESP.2.1_1,0,0.30799165387857325
2017,03,ESP.2.2_1,0,0.33756918246924283
2017,03,ESP.2.3_1,0,0.3227695465501356
2017,03,ESP.3.1_1,0,0.20068950215762726
2017,03,ESP.4.1_1,0,0.31304631925323445
2017,03,ESP.4.2_1,0,0.2947386484173239
2017,03,ESP.4.3_1,0,0.3117951510466707
2017,03,ESP.4.4_1,0,0.30926792049394103
2017,03,ESP.4.5_1,0,0.296105857217784
2017,03,ESP.5.2_1,0,0.33536766610911
2017,03,ESP.5.3_1,0,0.3167512136225074
2017,03,ESP.5.5_1,0,0.31304631925323445
2017,03,ESP.5.6_1,0,0.31797028965786267
2017,03,ESP.5.7_1,0,0.2947386484173239
2017,03,ESP.6.1_1,0,0.31304631925323445
2017,03,ESP.6.2_1,0,0.32860155048170264
2017,03,ESP.6.3_1,0,0.32395052700056526
2017,03,ESP.6.4_1,0,0.32395052700056526
2017,03,ESP.8.1_1,0,0.32860155048170264
2017,03,ESP.9.1_1,0,0.3203851535989872
