year,month,gid_3,est,se
2019,02,AUT.9.1.1_2,0,0.06315051850925682
2019,02,ESP.16.2.1_1,0,0.07056897321046962
2019,02,ESP.16.3.1_1,0,0.08341437500789632
2019,02,ESP.17.1.1_1,0,0.43380547159664457
2019,02,ESP.17.1.4_1,0,0.43380547159664457
2019,02,ESP.17.1.6_1,0,0.43380547159664457
2019,02,ESP.17.1.8_1,0,0.43380547159664457
2019,02,ESP.3.1.4_1,0,0.15620307103062794
2019,02,HUN.14.5_1,0,0.10435463521037237
