year,month,gid_1,est,se
2020,09,ESP.10_1,0.9909638554216867,0.22654846125458722
2020,09,ESP.2_1,0.36135363158868905,0.3644023560422471
2020,09,ESP.6_1,0.6443460227890779,0.24080208899966343
