year,month,gid_2,est,se
2016,05,ESP.10.1_1,0.257,0.43719805825522845
2016,05,ESP.10.2_1,0.233,0.42295376802895357
2016,05,ESP.10.3_1,0.222,0.4157990967870047
2016,05,ESP.18.1_1,0.216,0.4117201883725323
2016,05,ESP.2.3_1,0.193,0.39485048677557294
2016,05,ESP.4.1_1,0.16,0.366789496216201
2016,05,ESP.6.1_1,0.287,0.4525879316064844
2016,05,ESP.6.2_1,0.315,0.46474830929331096
2016,05,ESP.6.4_1,0.273,0.4457237593730782
