ID_0,est,se
ESP,0.32380641856000003,0.019331111545122463
