ID_0,est,se
ESP,0.10641123950212228,0.01604593837344769
