ID_1,est,se
ESP.1_1,0.07166013098870194,0.09533995422222248
ESP.10_1,0.03851398000000006,0.11230693664355762
ESP.11_1,0.019909000000000066,0.09837252930086104
ESP.12_1,0.015940000000000065,0.04420352779607678
ESP.13_1,0.014000000000000012,0.11754921445002436
ESP.14_1,0.00898600000000005,0.06405667294544098
ESP.15_1,0.013000000000000012,0.11333068359382575
ESP.16_1,0.017919000000000018,0.06299180873707286
ESP.17_1,0.008000000000000007,0.08912880535463237
ESP.18_1,0.007000000000000006,0.08341437500789632
ESP.2_1,0.013951999999999964,0.0554647953710909
ESP.3_1,0.01100000000000001,0.10435463521037237
ESP.4_1,0.024798528000000042,0.05414980426472901
ESP.5_1,0.04425546521599999,0.04666359991354924
ESP.6_1,0.040381148704,0.10032545931610995
ESP.7_1,0.08699999999999997,0.1409880407255439
ESP.8_1,0.009000000000000008,0.09448771310560929
ESP.9_1,0,0
