year,month,gid_1,est,se
2016,07,ESP.10_1,0.807,0.39485048677557294
2016,07,ESP.6_1,0.856,0.35126540875438816
