year,month,gid_2,est,se
2022,06,ESP.1.1_1,0.062,0.24127621974453722
2022,06,ESP.1.2_1,0.373,0.48384409173317916
2022,06,ESP.1.3_1,0.052,0.22213812222431642
2022,06,ESP.1.4_1,0.317,0.46554025360620294
2022,06,ESP.1.5_1,0.056,0.23003677296666486
2022,06,ESP.1.6_1,0.065,0.24664921616708177
2022,06,ESP.1.7_1,0.047,0.21174474216810163
2022,06,ESP.1.8_1,0.947,0.22414558046332575
2022,06,ESP.10.1_1,0.433,0.4957385972029581
2022,06,ESP.10.2_1,0.962,0.19129190414806527
2022,06,ESP.10.3_1,0.123,0.32860155048170264
2022,06,ESP.11.1_1,0.058,0.2338604085575211
2022,06,ESP.11.2_1,0.047,0.21174474216810163
2022,06,ESP.12.1_1,0.36,0.48024018015013137
2022,06,ESP.12.2_1,0,0.4729214043101186
2022,06,ESP.12.3_1,0,0.4768924684102554
2022,06,ESP.12.4_1,0.714,0.45211548127487117
2022,06,ESP.13.1_1,0.951,0.21597603025716916
2022,06,ESP.14.1_1,0.044,0.20519772441746548
2022,06,ESP.14.2_1,0.174,0.37929917989348183
2022,06,ESP.15.1_1,0.041,0.19838941090279583
2022,06,ESP.16.1_1,0,0.4784484433174727
2022,06,ESP.16.2_1,0.638,0.4808192874533916
2022,06,ESP.16.3_1,0.876,0.32974646735443996
2022,06,ESP.17.1_1,0.432,0.49560228169533443
2022,06,ESP.18.1_1,0.875,0.33088439746304826
2022,06,ESP.2.1_1,0,0.46860921309188386
2022,06,ESP.2.2_1,0.322,0.46747677432631296
2022,06,ESP.2.3_1,0.049,0.21597603025716916
2022,06,ESP.3.1_1,0.034,0.18131981931624816
2022,06,ESP.4.1_1,0.36,0.48024018015013137
2022,06,ESP.4.2_1,0,0.46935199082489393
2022,06,ESP.4.3_1,0,0.462724663395106
2022,06,ESP.4.4_1,0.068,0.2518718710762269
2022,06,ESP.4.5_1,0.289,0.45352473436923446
2022,06,ESP.5.2_1,0.675,0.46860921309188386
2022,06,ESP.5.3_1,0.686,0.4643485970901814
2022,06,ESP.5.6_1,0,0.4682341756463781
2022,06,ESP.5.9_1,0,0.45978516983739526
2022,06,ESP.6.1_1,0.919,0.27297163499805893
2022,06,ESP.6.2_1,0.585,0.4929685771101623
2022,06,ESP.6.3_1,0.385,0.48683879468671354
2022,06,ESP.6.4_1,0.671,0.47008507738491334
2022,06,ESP.7.1_1,0.12,0.3251241389157466
2022,06,ESP.8.1_1,0.787,0.40963251677424095
2022,06,ESP.9.1_1,0,0.4808192874533916
