ID_0,est,se
ESP,0.03169093873579587,0.006941706392028584
