ID_0,est,se
ALB,0.999936632760904,0.14793562912777194
ARG,0.980663907232,0.2650521640634789
AUT,0.05918100000000004,0.016857382673925225
BEL,0,0
BGR,0.9999999999727034,0.296272855714403
BIH,0.97513516,0.3088669812912881
BRA,0.9676931799999999,0.3227512538864557
CHE,0.8065713250000001,0.3144788018181359
CHN,0.925618456,0.1500353760862643
COL,0.959,0.19838941090279583
DEU,0.763,0.21272753231070726
ESP,0.01692905499999997,0.0038971016041985996
FJI,0.9999999999999923,0.162164414398774
FRA,0.9976405670854627,0.23019014146621217
GRC,0.037808000000000064,0.08445121560456284
GTM,0.710108,0.49867387855862755
HND,0.907,0.290577761426155
HRV,0.999997059042447,0.3248195920817853
HUN,0.6858535011555575,0.05651962698494457
IND,0.11697971500000004,0.1368128288453979
ITA,1,0.1299900060166768
KOR,0.913168,0.43379351443080144
LKA,0.899,0.3014795016081357
MEX,0.016000000000000014,0.06276894088591857
MMR,0.44599999999999995,0.4973241712719495
NLD,0.47804599999999997,0.00153357637623435
PAK,0,0
PAN,0,0
PER,0,0
PRT,0.96757940998,0.47102496250765374
PSE,0.402,0.4905472827736758
ROU,0.696628,0.22517413419831434
SLB,0.819,0.38521083498181535
SRB,0.6090438818073022,0.24542722987935225
SVN,1,0.19616992815710307
THA,0.45999999999999996,0.49864681754589457
TUR,0.9999909404273913,0.3179219295072467
USA,0.492525473509,0.0371898418978557
XKO,0.19300000000000006,0.39485048677557294
ZAF,0.395,0.48909530177074306
