year,month,gid_4,est,se
2022,01,HUN.14.11_1,0,0.1888562063228706
2022,01,HUN.14.5_1,0,0.18387171834952978
2022,01,HUN.14.8_1,0,0.18387171834952978
2022,01,HUN.5.1_1,0,0.17340435135563662
2022,01,ITA.10.2.143_1,0,0.1499783100768024
2022,01,ITA.10.2.29_1,0,0.1499783100768024
2022,01,ITA.10.2.40_1,0,0.1499783100768024
2022,01,ITA.17.2.121_1,0,0.15921478998305827
2022,01,ITA.17.2.76_1,0,0.15921478998305827
2022,01,ITA.20.1.6_1,0,0.17872588772459053
2022,01,ITA.20.7.105_1,0,0.19369180807797864
2022,01,ITA.20.7.108_1,0,0.19369180807797864
2022,01,ITA.20.7.115_1,0,0.19369180807797864
2022,01,ITA.20.7.29_1,0,0.19369180807797864
2022,01,ITA.20.7.4_1,0,0.19369180807797864
2022,01,ITA.20.7.64_1,0,0.19369180807797864
