year,month,gid_1,est,se
2019,03,ESP.1_1,0,0.3610066667750837
2019,03,ESP.10_1,0,0.36918898738502026
2019,03,ESP.11_1,0,0.35657722038467615
2019,03,ESP.12_1,0,0.37391630074546306
2019,03,ESP.13_1,0,0.3740533597174552
2019,03,ESP.14_1,0,0.3627390163133027
2019,03,ESP.15_1,0,0.3601676286407771
2019,03,ESP.16_1,0,0.11969695050685243
2019,03,ESP.17_1,0.43400000000000005,0.49587285657705626
2019,03,ESP.18_1,0,0.3611293596682696
2019,03,ESP.2_1,0,0.359666494120324
2019,03,ESP.3_1,0,0.34189456253630574
2019,03,ESP.4_1,0,0.36743424238827105
2019,03,ESP.5_1,0,0.35310049159517826
2019,03,ESP.6_1,0,0.37529918493292713
2019,03,ESP.8_1,0,0.36585906146062974
2019,03,ESP.9_1,0,0.3639828065767441
2019,03,ITA.10_1,0,0.2925829257553467
2019,03,ITA.6_1,0,0.3562666500332664
