year,month,gid_1,est,se
2019,03,ARM.8_1,0,0.26243914028576176
2019,03,AUT.9_1,0,0.20299927493529119
2019,03,CHE.12_1,0,0.2703234129553735
2019,03,CHE.24_1,0,0.2703234129553735
2019,03,CHE.26_1,0,0.34778565435927605
2019,03,CYP.4_1,0,0.25919817719215493
2019,03,CZE.11_1,0,0.2600527576307896
2019,03,DEU.10_1,0,0.26522776590993197
2019,03,DEU.15_1,0,0.26377899352493767
2019,03,DEU.16_1,0,0.2542379553610408
2019,03,DEU.2_1,0,0.1644771201523242
2019,03,DEU.3_1,0,0.2794001519381949
2019,03,DEU.7_1,0,0.2875764039041922
2019,03,DEU.9_1,0,0.2542379553610408
2019,03,ESP.1_1,0,0.26567144028208023
2019,03,ESP.10_1,0,0.2771104222174428
2019,03,ESP.11_1,0,0.26288709968756935
2019,03,ESP.12_1,0,0.268436001386134
2019,03,ESP.13_1,0,0.28087456467712313
2019,03,ESP.14_1,0,0.2776243395318471
2019,03,ESP.15_1,0,0.2687706966531317
2019,03,ESP.16_1,0,0.16502678162622353
2019,03,ESP.17_1,0.274,0.44338935078621494
2019,03,ESP.18_1,0,0.25255728777611935
2019,03,ESP.2_1,0,0.2661013376040449
2019,03,ESP.3_1,0,0.19637132712669306
2019,03,ESP.4_1,0,0.2745353174832884
2019,03,ESP.5_1,0,0.2579138257785569
2019,03,ESP.6_1,0,0.27205804479417667
2019,03,ESP.8_1,0,0.27791503988266214
2019,03,ESP.9_1,0,0.2687706966531317
2019,03,FRA.1_1,0,0.2542379553610408
2019,03,FRA.10_1,0,0.2590739355557411
2019,03,FRA.11_1,0,0.2671731372440889
2019,03,FRA.12_1,0,0.2687706966531317
2019,03,FRA.13_1,0,0.26270370739730414
2019,03,GBR.1_1,0,0.270643130896121
2019,03,GRC.3_1,0,0.25919817719215493
2019,03,HUN.14_1,0,0.13045868260373167
2019,03,HUN.5_1,0,0.25919817719215493
2019,03,IRL.6_1,0,0.26494140205370514
2019,03,ITA.10_1,0,0.14463215572665478
2019,03,ITA.6_1,0,0.2733939361204206
2019,03,NLD.11_1,0,0.2643141853630213
2019,03,NLD.14_1,0,0.2508625853138094
2019,03,NLD.2_1,0,0.25919817719215493
2019,03,NLD.3_1,0,0.2523245750966694
2019,03,NLD.4_1,0,0.28041122127596685
2019,03,NLD.7_1,0,0.2008158969876335
2019,03,NLD.8_1,0,0.2794524122319871
2019,03,NLD.9_1,0,0.26840230571540274
2019,03,POL.6_1,0,0.2656294409214256
2019,03,POL.7_1,0,0.24777068100589522
2019,03,PRT.12_1,0,0.23858418229469944
2019,03,RUS.43_1,0,0.26105516416008706
2019,03,SRB.3_1,0,0.25695956663057784
2019,03,SWE.17_1,0,0.2749120933850597
2019,03,UKR.11_1,0,0.2710870069045722
2019,03,UKR.12_1,0,0.28523509812583747
