year,month,gid_1,est,se
2019,03,ESP.1_1,0,0.2892336745649519
2019,03,ESP.10_1,0,0.28003612605758926
2019,03,ESP.11_1,0,0.28400445981970684
2019,03,ESP.12_1,0,0.29073652609408535
2019,03,ESP.13_1,0,0.29004272841519635
2019,03,ESP.14_1,0,0.2915120758134085
2019,03,ESP.15_1,0,0.29144564476787527
2019,03,ESP.16_1,0.0522277590453563,0.15771750991647712
2019,03,ESP.17_1,0.391,0.4854177179611281
2019,03,ESP.18_1,0,0.30103210076150744
2019,03,ESP.2_1,0,0.290276145275101
2019,03,ESP.3_1,0.097,0.2485683340584724
2019,03,ESP.4_1,0,0.28908824728523297
2019,03,ESP.5_1,0,0.28298900872952326
2019,03,ESP.6_1,0,0.2847445614904202
2019,03,ESP.8_1,0,0.27701762062715984
