year,month,gid_1,est,se
2018,12,ESP.1_1,0.0681514269892017,0.1603156943151964
2018,12,ESP.10_1,0.17248463111935003,0.36953638978672604
2018,12,ESP.11_1,0,0.29950246245031503
2018,12,ESP.12_1,0,0.27168857620633474
2018,12,ESP.13_1,0.4318594602968183,0.4951819716275466
2018,12,ESP.14_1,0,0.3807348308916222
2018,12,ESP.15_1,0.0010066654086172922,0.03162283984742673
2018,12,ESP.16_1,0.0016890840396108083,0.208221685340373
2018,12,ESP.17_1,0,0.30280035409474915
2018,12,ESP.18_1,0.7056724514407218,0.45804983140200045
2018,12,ESP.2_1,0.010518302864472983,0.08379043697504508
2018,12,ESP.3_1,0,0.2863255313646019
2018,12,ESP.4_1,0.0017881887537615718,0.09988052286859979
2018,12,ESP.5_1,0,0.29434357931735156
2018,12,ESP.6_1,0.09184807132292774,0.2633681243544257
2018,12,ESP.8_1,0.003019996225851877,0.054717510634328705
2018,12,ESP.9_1,0.0010066654086172922,0.03162283984742673
