year,month,gid_1,est,se
2018,12,ESP.1_1,0,0
2018,12,ESP.10_1,0,0
2018,12,ESP.11_1,0,0.2913321034660635
2018,12,ESP.12_1,0,0.2959238872145781
2018,12,ESP.13_1,0.001,0.03162277660168379
2018,12,ESP.14_1,0,0.3150659081534999
2018,12,ESP.15_1,0,0
2018,12,ESP.16_1,0,0
2018,12,ESP.17_1,0,0.2988114594326802
2018,12,ESP.18_1,0.009,0.09448771310560929
2018,12,ESP.2_1,0,0
2018,12,ESP.3_1,0,0.2848862231842041
2018,12,ESP.4_1,0,0
2018,12,ESP.5_1,0,0.32463144826942425
2018,12,ESP.6_1,0,0
2018,12,ESP.8_1,0,0
2018,12,ESP.9_1,0,0
2018,12,ITA.10_1,0,0
2018,12,ITA.15_1,0,0.03162277660168379
2018,12,ITA.16_1,0,0.010190881102242769
2018,12,ITA.2_1,0,0
2018,12,ITA.5_1,0,0
2018,12,ITA.6_1,0.04,0.19605723255834873
2018,12,ITA.8_1,0,0
