year,month,gid_1,est,se
2018,12,ESP.1_1,0,0
2018,12,ESP.10_1,0,0
2018,12,ESP.11_1,0,0.05908671609883705
2018,12,ESP.12_1,0,0.04375812233334603
2018,12,ESP.13_1,0.001,0.031633470522298444
2018,12,ESP.14_1,0,0.06317187421246465
2018,12,ESP.15_1,0,0.031633470522298444
2018,12,ESP.16_1,0,0
2018,12,ESP.17_1,0,0.044714086799345555
2018,12,ESP.18_1,0.005,0.07059283762335392
2018,12,ESP.2_1,0,0
2018,12,ESP.3_1,0,0.05473590506279083
2018,12,ESP.4_1,0,0.00815596205669835
2018,12,ESP.5_1,0,0.05138308608714235
2018,12,ESP.6_1,0,0
2018,12,ESP.8_1,0,0
2018,12,ESP.9_1,0,0.10438992496998988
