ID_0,est,se
ESP,0.7788163707627803,0.057157038571305364
