ID_0,est,se
ALB,0.999961890544,0.13314293281266854
ARG,0.971217634405024,0.29765215680704543
AUT,0.363978,0.03177343662788121
BEL,0,0
BGR,0.9999999999657013,0.31710224874607906
BIH,0.9658658999999999,0.3394649329185614
BRA,0.910166032,0.3437034468021369
CHE,0.8186053600000001,0.30820826819786384
CHN,0.923294414368,0.25761927765693565
COL,0.852,0.3552776691859794
DEU,0.891,0.15589757552333536
ESP,1,0.07249880464101466
FJI,0.994922228844482,0.49710271686152663
FRA,0.9988015438706125,0.23796709448827347
GRC,0.032968,0.069236947552244
GTM,0.6985990000000001,0.49784219070589714
HND,0.965,0.18387171834952976
HRV,0.9999977621943645,0.34877162956476565
HUN,0.7916513978037427,0.07711933049782733
IND,0.32487,0.18221926681672773
ITA,0.9999999999999077,0.17270194842468722
KOR,0.8324400000000001,0.43941187948790783
LKA,0.4670000000000001,0.49915945364198017
MEX,0.0020000000000000018,0.02234948544149282
MMR,0.567,0.4957385972029581
NLD,0.598402,0.0014709015757052384
PAK,0,0
PAN,0.0010000000000000009,0.03162277660168379
PER,0.007000000000000006,0.027804791669298775
PRT,0.9657131866,0.47183817602197675
PSE,0.996,0.06315051850925682
ROU,0.885564,0.1895752644341318
SLB,0.828,0.3775692765024169
SRB,0.8068766833673511,0.3112220985075546
SVN,0.99664008775552,0.15452285889387024
THA,0.42100000000000004,0.49396660110072527
TUR,0.9999483549460488,0.35619796084243044
USA,0.5613569008080179,0.10462659991409635
XKO,0.492,0.5001861515337926
ZAF,0.45199999999999996,0.4979396991041626
