ID_0,est,se
ESP,0.3562463926400643,0.02891275682845431
