year,month,gid_1,est,se
2020,01,AUT.9_1,0,0.3376871420373239
2020,01,BEL.1_1,0,0.327381564069903
2020,01,BEL.2_1,0,0.3288721619851366
2020,01,CYP.1_1,0,0.3364222565330098
2020,01,CYP.2_1,0,0.34998091080960303
2020,01,CYP.3_1,0,0.3299982790538505
2020,01,CYP.4_1,0,0.3582136960097111
2020,01,DEU.1_1,0,0.3360185862771403
2020,01,DEU.10_1,0,0.3351507811561308
2020,01,DEU.7_1,0,0.33258792127559245
2020,01,ESP.1_1,0,0.3456869289630264
2020,01,ESP.10_1,0,0.32231440232276465
2020,01,ESP.11_1,0,0.3144996807691718
2020,01,ESP.12_1,0,0.34180136115874016
2020,01,ESP.13_1,0,0.35705590206239846
2020,01,ESP.14_1,0,0.3442166116672126
2020,01,ESP.15_1,0,0.3426814661313175
2020,01,ESP.16_1,0,0.3631525380151626
2020,01,ESP.17_1,0,0.34998091080960303
2020,01,ESP.18_1,0,0.32869332409143037
2020,01,ESP.2_1,0,0.3402603248346285
2020,01,ESP.3_1,0,0.36278484810544925
2020,01,ESP.4_1,0,0.3764343920925972
2020,01,ESP.5_1,0,0.36271468690324227
2020,01,ESP.6_1,0,0.30508498304785886
2020,01,ESP.8_1,0,0.3364222565330098
2020,01,ESP.9_1,0,0.34391390931651983
2020,01,FRA.10_1,0,0.3565678993412436
2020,01,FRA.11_1,0,0.32536545595166455
2020,01,FRA.8_1,0,0.34716815799398065
2020,01,GRC.3_1,0,0.3523638589942668
2020,01,HUN.1_1,0,0.3511754867281657
2020,01,HUN.5_1,0,0.16601989450393026
2020,01,HUN.7_1,0,0.33129646594002876
2020,01,ITA.10_1,0,0.21330780079523784
2020,01,ITA.13_1,0,0.33376519019719414
2020,01,ITA.16_1,0,0.3414426007391336
2020,01,ITA.20_1,0,0.046884364343719544
2020,01,ITA.6_1,0,0.3463596580483793
2020,01,ITA.8_1,0,0.3338726811364472
2020,01,NLD.1_1,0,0.36503479147764023
2020,01,NLD.10_1,0,0.2922573813865748
2020,01,NLD.11_1,0,0.3623337691011139
2020,01,NLD.14_1,0,0.3435807831636191
2020,01,NLD.2_1,0,0.3602942755595756
2020,01,NLD.4_1,0,0.316949515635359
2020,01,NLD.8_1,0,0.34898893934252845
2020,01,NLD.9_1,0,0.3451395296996097
2020,01,PRT.12_1,0,0.32564498262165015
2020,01,TUR.7_1,0,0.3539427052401858
2020,01,ZNC.5_1,0,0.3351507811561307
