year,month,gid_1,est,se
2020,01,AUT.9_1,0,0.26325130337605246
2020,01,BEL.1_1,0,0.26165963463324515
2020,01,BEL.2_1,0,0.2652339337251225
2020,01,CYP.2_1,0,0.23804854231239847
2020,01,CYP.3_1,0,0.25352058488834184
2020,01,CYP.4_1,0,0.2648313395556579
2020,01,DEU.1_1,0,0.2303693976827794
2020,01,DEU.10_1,0,0.2551731060651548
2020,01,DEU.7_1,0,0.25681308131708247
2020,01,ESP.1_1,0,0.2582591284458481
2020,01,ESP.10_1,0,0.26033710078286554
2020,01,ESP.11_1,0,0.2566854684346741
2020,01,ESP.12_1,0,0.24522770459119286
2020,01,ESP.13_1,0,0.23625860161714307
2020,01,ESP.14_1,0,0.24701390454626462
2020,01,ESP.15_1,0,0.27103845724292147
2020,01,ESP.16_1,0,0.25550801060360195
2020,01,ESP.17_1,0,0.26325130337605246
2020,01,ESP.18_1,0,0.2648313395556579
2020,01,ESP.2_1,0,0.26030989089614165
2020,01,ESP.3_1,0,0.239823659403659
2020,01,ESP.4_1,0,0.24312397639895983
2020,01,ESP.5_1,0,0.24333407226301207
2020,01,ESP.6_1,0,0.25903873611349065
2020,01,ESP.8_1,0,0.2600561605543375
2020,01,ESP.9_1,0,0.2551731060651548
2020,01,FRA.10_1,0,0.2677794318809463
2020,01,FRA.11_1,0,0.25408026153664376
2020,01,FRA.8_1,0,0.27587386862698565
2020,01,GBR.1_1,0,0.25681308131708247
2020,01,GRC.3_1,0,0.2518553192598409
2020,01,HUN.1_1,0,0.26639991136359004
2020,01,HUN.5_1,0,0.17144558410945684
2020,01,HUN.7_1,0,0.2174799483615927
2020,01,IRL.26_1,0,0.25681308131708247
2020,01,ITA.10_1,0,0.18862138880461574
2020,01,ITA.13_1,0,0.2332732312757658
2020,01,ITA.16_1,0,0.24506263386110075
2020,01,ITA.20_1,0,0.19685403698424458
2020,01,ITA.6_1,0,0.2695033127288975
2020,01,ITA.8_1,0,0.24506263386110075
2020,01,NLD.1_1,0,0.23804854231239847
2020,01,NLD.10_1,0,0.20742358005560516
2020,01,NLD.11_1,0,0.24677654911783417
2020,01,NLD.14_1,0,0.24621111359608078
2020,01,NLD.2_1,0,0.25670881746369834
2020,01,NLD.4_1,0,0.24826970406735108
2020,01,NLD.8_1,0,0.24047623449746686
2020,01,NLD.9_1,0,0.2541923150535022
2020,01,PRT.12_1,0,0.261521748883887
2020,01,SWE.15_1,0,0.25017710486160405
2020,01,SWE.16_1,0,0.227076807924126
2020,01,TUR.7_1,0,0.2618097442992578
2020,01,ZNC.5_1,0,0.23804854231239847
