year,month,gid_1,est,se
2020,01,HUN.10_1,0.163,0.36955049393495276
2020,01,HUN.12_1,0.145,0.3522770203960217
2020,01,HUN.13_1,0.188,0.39090767299812473
2020,01,HUN.14_1,0.173,0.37843653921656956
2020,01,HUN.16_1,0.2,0.40020015012510946
2020,01,HUN.17_1,0.163,0.36955049393495276
2020,01,HUN.19_1,0.124,0.32974646735443996
2020,01,HUN.2_1,0.232,0.42232020358296185
2020,01,HUN.4_1,0.238,0.42607222103481185
2020,01,HUN.5_1,0.109,0.3117951510466707
2020,01,HUN.8_1,0.169,0.3749394345485409
2020,01,ITA.10_1,0.363,0.4811054587743341
2020,01,ITA.17_1,0.228,0.4197525368502163
2020,01,ITA.20_1,0.396,0.48930912869414506
