year,month,gid_2,est,se
2022,05,ESP.1.1_1,0,0.3758207567993567
2022,05,ESP.1.2_1,0,0.3601676286407771
2022,05,ESP.1.3_1,0,0.37136627864268035
2022,05,ESP.1.4_1,0,0.38015722999769386
2022,05,ESP.1.5_1,0,0.3677148544921924
2022,05,ESP.1.6_1,0,0.35428310221702153
2022,05,ESP.1.7_1,0,0.3502480173729377
2022,05,ESP.1.8_1,0,0.3818596821043259
2022,05,ESP.10.1_1,0,0.38015722999769386
2022,05,ESP.10.2_1,0,0.3592005359475749
2022,05,ESP.10.3_1,0,0.3758207567993567
2022,05,ESP.11.1_1,0,0.3810107205436209
2022,05,ESP.11.2_1,0,0.3758207567993567
2022,05,ESP.12.1_1,0,0.37136627864268035
2022,05,ESP.12.2_1,0,0.3704608498090469
2022,05,ESP.12.4_1,0,0.37226681638655706
2022,05,ESP.13.1_1,0,0.3860375953518323
2022,05,ESP.14.1_1,0,0.35428310221702153
2022,05,ESP.14.2_1,0,0.3552776691859794
2022,05,ESP.15.1_1,0,0.38354413840665863
2022,05,ESP.16.1_1,0,0.3611293596682696
2022,05,ESP.16.2_1,0.34,0.47394580346767984
2022,05,ESP.16.3_1,0.146,0.3532829019480122
2022,05,ESP.17.1_1,0.278,0.4482375674984382
2022,05,ESP.18.1_1,0,0.3592005359475749
2022,05,ESP.2.1_1,0,0.3901066305296325
2022,05,ESP.2.2_1,0,0.3749394345485409
2022,05,ESP.2.3_1,0,0.3611293596682696
2022,05,ESP.3.1_1,0.056,0.23003677296666486
2022,05,ESP.4.1_1,0,0.3758207567993567
2022,05,ESP.4.2_1,0,0.37136627864268035
2022,05,ESP.4.4_1,0,0.3775692765024169
2022,05,ESP.4.5_1,0,0.37136627864268035
2022,05,ESP.5.2_1,0,0.3731624984510773
2022,05,ESP.5.3_1,0,0.37843653921656956
2022,05,ESP.5.5_1,0,0.38270414482007176
2022,05,ESP.5.6_1,0,0.3766973598273565
2022,05,ESP.5.7_1,0,0.3758207567993567
2022,05,ESP.5.8_1,0,0.3677148544921924
2022,05,ESP.6.1_1,0,0.3749394345485409
2022,05,ESP.6.2_1,0,0.387678080750375
2022,05,ESP.6.3_1,0,0.38015722999769386
2022,05,ESP.6.4_1,0,0.3775692765024169
2022,05,ESP.7.2_1,0,0.36863517451796685
2022,05,ESP.8.1_1,0,0.3582280381646966
2022,05,ESP.9.1_1,0,0.3901066305296325
