year,month,gid_2,est,se
2022,09,ESP.10.1_1,1,0
2022,09,ESP.10.2_1,0.978,0.1467567291047928
2022,09,ESP.10.3_1,0.997,0.05471740119919799
