year,month,gid_2,est,se
2015,04,ESP.10.1_1,0.713,0.7495190850945971
2015,04,ESP.10.2_1,0.17443264172335854,0.5622634321828516
2015,04,ESP.10.3_1,0.14189770219211706,0.3865911371355916
2015,04,ESP.15.1_1,0.021642927196161905,0.2448469393526487
2015,04,ESP.18.1_1,0.4434895845221677,0.30747425751069607
2015,04,ESP.2.1_1,0.010344414314017563,0.09582612590849665
2015,04,ESP.2.2_1,0.0025847031849756965,0.051007409154062905
2015,04,ESP.2.3_1,0.004297265563918691,0.05975353668530047
2015,04,ESP.4.1_1,7.727186932277311e-4,0.028600173908680165
2015,04,ESP.4.3_1,0.001958105443414567,0.04175905136182036
2015,04,ESP.6.1_1,0.5526251468319401,0.4477849706953111
2015,04,ESP.6.2_1,0.6992937449346577,0.5973828188222015
2015,04,ESP.6.3_1,0,0
2015,04,ESP.6.4_1,0.0975647151092479,0.4506653816391754
2015,04,ESP.9.1_1,0.0014885356530355987,0.044961746796172146
2015,04,FRA.10.11_1,0.026886610037788916,0.21545193851924313
2015,04,FRA.11.11_1,0.05500276944379577,0.4247996474277497
2015,04,FRA.11.6_1,0.006318537652728422,0.11658009447747748
