year,month,gid_2,est,se
2015,04,ESP.1.1_1,0.023,0.1499783100768024
2015,04,ESP.1.2_1,0.015,0.12161327966052798
2015,04,ESP.1.3_1,0.015,0.12161327966052798
2015,04,ESP.1.4_1,0.411,0.49226143594773025
2015,04,ESP.1.5_1,0,0.48683879468671354
2015,04,ESP.1.6_1,0.014,0.11754921445002436
2015,04,ESP.1.7_1,0.708,0.45490981847278583
2015,04,ESP.1.8_1,0.145,0.3522770203960217
2015,04,ESP.10.1_1,0.921,0.26987373312686774
2015,04,ESP.10.2_1,0.618,0.48611964814468495
2015,04,ESP.10.3_1,0.482,0.49992592043814443
2015,04,ESP.11.1_1,0,0.4835802413765991
2015,04,ESP.11.2_1,0,0.494741112874975
2015,04,ESP.12.1_1,0,0.4911376754192415
2015,04,ESP.12.2_1,0,0.4882185549089233
2015,04,ESP.12.4_1,0,0.48930912869414506
2015,04,ESP.13.1_1,0.973,0.162164414398774
2015,04,ESP.14.1_1,0,0.48222768848702946
2015,04,ESP.14.2_1,0,0.4787527589520547
2015,04,ESP.16.1_1,0,0.48909530177074306
2015,04,ESP.16.2_1,0.008,0.08912880535463237
2015,04,ESP.16.3_1,0.011,0.10435463521037237
2015,04,ESP.17.1_1,0,0.48993779098885504
2015,04,ESP.18.1_1,0.799,0.40094857495663927
2015,04,ESP.2.1_1,0.342,0.47461696267754827
2015,04,ESP.2.3_1,0.055,0.22809433799861634
2015,04,ESP.3.1_1,0,0.48973037054672836
2015,04,ESP.4.1_1,0.006,0.07726558075864033
2015,04,ESP.4.2_1,0,0.48753840227585526
2015,04,ESP.4.3_1,0.012,0.10893974420691407
2015,04,ESP.4.5_1,0.092,0.28917057184232914
2015,04,ESP.5.1_1,0,0.4895208173618673
2015,04,ESP.5.2_1,0,0.48973037054672836
2015,04,ESP.5.3_1,0,0.4886612219010117
2015,04,ESP.5.4_1,0,0.4905472827736758
2015,04,ESP.5.6_1,0,0.48636153995515263
2015,04,ESP.5.8_1,0,0.48993779098885504
2015,04,ESP.5.9_1,0,0.48611964814468495
2015,04,ESP.6.1_1,0.93,0.25527468571161765
2015,04,ESP.6.2_1,0.906,0.29197474077263813
2015,04,ESP.6.3_1,0.184,0.387678080750375
2015,04,ESP.6.4_1,0.663,0.4729214043101186
2015,04,ESP.7.2_1,0,0.4833141758655467
2015,04,ESP.8.1_1,0.103,0.304110972316823
2015,04,ESP.9.1_1,0.009,0.09448771310560929
