year,month,gid_2,est,se
2015,04,ESP.1.1_1,0,0
2015,04,ESP.1.2_1,0.001,0.03162277660168379
2015,04,ESP.1.3_1,0.003,0.05471740119919799
2015,04,ESP.1.4_1,0.029,0.1678904023081343
2015,04,ESP.1.5_1,0,0.28050433629924987
2015,04,ESP.1.6_1,0.002,0.04469897088298564
2015,04,ESP.1.7_1,0.455,0.4982200550190881
2015,04,ESP.1.8_1,0.031,0.17340435135563662
2015,04,ESP.10.1_1,0.782,0.4130939925085411
2015,04,ESP.10.2_1,0.447,0.4974318430081034
2015,04,ESP.10.3_1,0.441,0.49675523728066096
2015,04,ESP.11.1_1,0,0.39793133748091436
2015,04,ESP.11.2_1,0,0.39944781706570703
2015,04,ESP.12.1_1,0,0.4060799193519681
2015,04,ESP.12.2_1,0,0.4110279113928201
2015,04,ESP.12.4_1,0,0.41033202698835536
2015,04,ESP.13.1_1,0.904,0.2947386484173239
2015,04,ESP.14.1_1,0,0.40963251677424095
2015,04,ESP.14.2_1,0,0.4053582555164201
2015,04,ESP.16.1_1,0,0.1293357171384909
2015,04,ESP.16.2_1,0,0
2015,04,ESP.16.3_1,0,0
2015,04,ESP.17.1_1,0,0.403903624814309
2015,04,ESP.18.1_1,0.855,0.3522770203960217
2015,04,ESP.2.1_1,0,0.24487540497968344
2015,04,ESP.2.3_1,0,0.09448771310560929
2015,04,ESP.3.1_1,0,0.40020015012510946
2015,04,ESP.4.1_1,0,0.04469897088298564
2015,04,ESP.4.2_1,0,0.09448771310560929
2015,04,ESP.4.3_1,0,0.04469897088298564
2015,04,ESP.4.5_1,0,0.1293357171384909
2015,04,ESP.5.1_1,0,0.3924972026066607
2015,04,ESP.5.2_1,0,0.40169311340544206
2015,04,ESP.5.3_1,0,0.4177912750998392
2015,04,ESP.5.4_1,0,0.39944781706570703
2015,04,ESP.5.6_1,0,0.402433787041984
2015,04,ESP.5.8_1,0,0.39944781706570703
2015,04,ESP.5.9_1,0,0.39090767299812473
2015,04,ESP.6.1_1,0.807,0.39485048677557294
2015,04,ESP.6.2_1,0.81,0.3924972026066607
2015,04,ESP.6.3_1,0.081,0.27297163499805893
2015,04,ESP.6.4_1,0.361,0.4805308625987616
2015,04,ESP.7.2_1,0,0.38849186082326864
2015,04,ESP.8.1_1,0,0.28343665312788385
2015,04,ESP.9.1_1,0,0.10435463521037237
