year,month,gid_2,est,se
2015,04,ESP.10.1_1,1,0
2015,04,ESP.10.2_1,0.703,0.4571651780264984
2015,04,ESP.10.3_1,0.999,0.03162277660168379
