year,month,gid_1,est,se
2015,09,ESP.10_1,0.014470459400822451,0.19191149143989705
2015,09,ESP.2_1,0.003933446011164237,0.04391092100520181
2015,09,ESP.6_1,0.014827307315017272,0.1479919480858869
