year,month,gid_3,est,se
2022,06,ARG.24.2_1,0.059,0.23574260237507894
2022,06,DOM.5.1_1,0.007,0.08341437500789632
2022,06,GTM.7.7_1,0.016,0.12553788177183714
2022,06,HND.8.4_1,0.004,0.06315051850925682
2022,06,IND.20.26.7_1,0.014,0.11754921445002436
2022,06,IND.34.1.5_1,0.231,0.42168331341993703
2022,06,MEX.14.40_2,0.023,0.1499783100768024
2022,06,MEX.14.99_2,0.269,0.4436618485241162
2022,06,MEX.16.57_2,0.848,0.3592005359475749
2022,06,MEX.17.7_2,0.009,0.09448771310560929
2022,06,MEX.31.50_2,0.124,0.32974646735443996
2022,06,MEX.4.5_2,0.046,0.20958990416508122
2022,06,MEX.9.9_2,0.001,0.03162277660168379
2022,06,PAK.7.5.2_1,0.031,0.17340435135563662
2022,06,PER.13.11.10_1,0.137,0.3440194025768741
2022,06,PRI.52_1,0.136,0.3429600875052688
2022,06,PRI.65_1,0.017,0.1293357171384909
2022,06,USA.10.43_1,0.497,0.5002411830719671
2022,06,USA.5.19_1,0.003,0.05471740119919799
2022,06,VEN.14.3_1,0.002,0.04469897088298564
