year,month,gid_1,est,se
2021,08,ESP.1_1,0,0.4050059546374416
2021,08,ESP.10_1,0,0.406509385681965
2021,08,ESP.11_1,0,0.4105055408822384
2021,08,ESP.12_1,0,0.4106377361233209
2021,08,ESP.13_1,0,0.4082225442643334
2021,08,ESP.14_1,0,0.4109710914367843
2021,08,ESP.15_1,0,0.42358402168096876
2021,08,ESP.16_1,0.04483530252898961,0.3216140041405697
2021,08,ESP.17_1,0.272,0.4452125494796999
2021,08,ESP.18_1,0,0.4110279113928201
2021,08,ESP.2_1,0,0.40259583831448376
2021,08,ESP.3_1,0.014000000000000002,0.11754921445002435
2021,08,ESP.4_1,0,0.41054764636001917
2021,08,ESP.5_1,0,0.4171744613824175
2021,08,ESP.6_1,0,0.4217511479298221
2021,08,ESP.7_1,0,0.4099880354293532
2021,08,ESP.8_1,0,0.403903624814309
2021,08,ESP.9_1,0,0.40892936214366316
2021,08,ITA.1_1,0,0.41661745843357806
2021,08,ITA.10_1,0,0.36248710262782835
2021,08,ITA.11_1,0,0.40860177786961227
2021,08,ITA.12_1,0,0.42000087444166434
2021,08,ITA.13_1,0,0.4157307601469456
2021,08,ITA.14_1,0,0.4096219645423307
2021,08,ITA.15_1,0,0.41344891340516654
2021,08,ITA.16_1,0,0.41212856050477437
2021,08,ITA.17_1,0,0.4047403569010846
2021,08,ITA.18_1,0,0.4005838308386141
2021,08,ITA.19_1,0,0.40892936214366316
2021,08,ITA.2_1,0,0.4070481282422962
2021,08,ITA.20_1,0,0.33553512463347934
2021,08,ITA.3_1,0,0.4143593047737237
2021,08,ITA.4_1,0,0.4134397363955648
2021,08,ITA.5_1,0,0.4083272689520261
2021,08,ITA.6_1,0,0.413877926481597
2021,08,ITA.7_1,0,0.27412311861649225
2021,08,ITA.8_1,0,0.27052468586098594
2021,08,ITA.9_1,0,0.4049053563389697
