year,month,gid_2,est,se
2020,02,ESP.1.1_1,0,0
2020,02,ESP.1.2_1,0,0
2020,02,ESP.1.4_1,0,0
2020,02,ESP.1.5_1,0,0.07056897321046962
2020,02,ESP.1.6_1,0,0
2020,02,ESP.1.7_1,0,0.18131981931624816
2020,02,ESP.1.8_1,0,0
2020,02,ESP.10.1_1,0,0
2020,02,ESP.10.2_1,0,0.03162277660168379
2020,02,ESP.10.3_1,0,0.03162277660168379
2020,02,ESP.11.1_1,0,0.3001501125938321
2020,02,ESP.11.2_1,0,0.28917057184232914
2020,02,ESP.12.1_1,0,0.2988114594326802
2020,02,ESP.12.2_1,0,0.2848862231842041
2020,02,ESP.12.4_1,0,0.28917057184232914
2020,02,ESP.13.1_1,0,0.40094857495663927
2020,02,ESP.14.1_1,0,0.31797028965786267
2020,02,ESP.14.2_1,0,0.31304631925323445
2020,02,ESP.15.1_1,0,0
2020,02,ESP.16.1_1,0,0
2020,02,ESP.16.2_1,0,0
2020,02,ESP.16.3_1,0,0
2020,02,ESP.17.1_1,0,0.2988114594326802
2020,02,ESP.18.1_1,0,0.42729683193604723
2020,02,ESP.2.1_1,0,0
2020,02,ESP.2.2_1,0,0
2020,02,ESP.2.3_1,0,0
2020,02,ESP.3.1_1,0,0.29197474077263813
2020,02,ESP.4.1_1,0,0
2020,02,ESP.4.2_1,0,0
2020,02,ESP.4.3_1,0,0
2020,02,ESP.4.5_1,0,0
2020,02,ESP.5.1_1,0,0.31918157352340515
2020,02,ESP.5.2_1,0,0.32860155048170264
2020,02,ESP.5.4_1,0,0.3155242550986462
2020,02,ESP.5.9_1,0,0.3203851535989872
2020,02,ESP.6.1_1,0.005,0.07056897321046962
2020,02,ESP.6.2_1,0.039,0.19369180807797864
2020,02,ESP.6.3_1,0,0
2020,02,ESP.6.4_1,0.058,0.2338604085575211
2020,02,ESP.8.1_1,0,0.10893974420691407
2020,02,ESP.9.1_1,0,0
2020,02,ITA.10.2_1,0,0
2020,02,ITA.10.8_1,0,0
2020,02,ITA.13.1_1,0,0
2020,02,ITA.13.6_1,0,0.03162277660168379
2020,02,ITA.16.4_1,0,0
2020,02,ITA.17.2_1,0,0
2020,02,ITA.20.3_1,0,0
2020,02,ITA.6.1_1,0,0.30926792049394103
2020,02,ITA.6.2_1,0,0.12161327966052798
2020,02,ITA.6.6_1,0,0
2020,02,ITA.9.3_1,0,0.2338604085575211
