year,month,gid_1,est,se
2022,04,ESP.1_1,0,0.32456756964244365
2022,04,ESP.10_1,0,0.3373435665271067
2022,04,ESP.11_1,0,0.3098076310008632
2022,04,ESP.12_1,0,0.34780499367338785
2022,04,ESP.13_1,0,0.33278249688076844
2022,04,ESP.14_1,0,0.3068101697779372
2022,04,ESP.15_1,0,0.35593514867304754
2022,04,ESP.16_1,0.11435539794829619,0.36147402338636436
2022,04,ESP.17_1,0.324,0.45979891101373954
2022,04,ESP.18_1,0,0.3362523420246467
2022,04,ESP.2_1,0,0.3506999568565358
2022,04,ESP.3_1,0.08,0.21111543361163607
2022,04,ESP.4_1,0,0.3366008679673784
2022,04,ESP.5_1,0,0.332263775058696
2022,04,ESP.6_1,0,0.3422686591156171
2022,04,ESP.7_1,0,0.3232458072842678
2022,04,ESP.8_1,0,0.3256695767361062
