year,month,gid_3,est,se
2021,05,ESP.10.1.1_1,0.998,0.04469897088298564
2021,05,ESP.10.1.1_1,0.998,0.04469897088298564
2021,05,ESP.10.1.2_1,0.983,0.1293357171384909
2021,05,ESP.10.1.4_1,1,0
2021,05,ESP.10.1.5_1,0.619,0.48587557571365436
2021,05,ESP.10.1.6_1,0.964,0.18638331132035063
2021,05,ESP.10.1.7_1,1,0
2021,05,ESP.10.1.8_1,0.932,0.2518718710762269
2021,05,ESP.10.1.9_1,0.941,0.23574260237507894
2021,05,ESP.10.2.3_1,0.59,0.4920794063381866
2021,05,ESP.10.2.5_1,1,0
2021,05,ESP.10.2.7_1,0.998,0.04469897088298564
2021,05,ESP.10.2.8_1,0.089,0.2848862231842041
2021,05,ESP.10.3.1_1,0.855,0.3522770203960217
2021,05,ESP.10.3.10_1,0.337,0.4729214043101186
2021,05,ESP.10.3.11_1,0.892,0.3105357184486713
2021,05,ESP.10.3.12_1,0,0
2021,05,ESP.10.3.13_1,0.695,0.4606378047741926
2021,05,ESP.10.3.14_1,0.964,0.18638331132035063
2021,05,ESP.10.3.16_1,0.951,0.21597603025716916
2021,05,ESP.10.3.18_1,0.007,0.08341437500789632
2021,05,ESP.10.3.2_1,0.528,0.49946517943242597
2021,05,ESP.10.3.4_1,0.984,0.12553788177183714
2021,05,ESP.10.3.6_1,0.938,0.24127621974453722
2021,05,ESP.10.3.7_1,0.987,0.11333068359382575
2021,05,ESP.10.3.8_1,0.884,0.3203851535989872
