year,month,gid_1,est,se
2021,03,HUN.10_1,0.006079040355957932,0.005469416516216994
2021,03,HUN.12_1,0.007581304347826085,0.011276210640850949
2021,03,HUN.13_1,0.006171304347826086,0.006076401588939999
2021,03,HUN.14_1,0.003161428083141434,-0.008243281897259442
2021,03,HUN.16_1,0.004291304347826087,-0.001481323502619594
2021,03,HUN.17_1,0.008991304347826086,0.016143981654045205
2021,03,HUN.19_1,0.022386304347826087,0.05176728617980948
2021,03,HUN.2_1,0.0054513210846226555,7.181971608521509e-4
2021,03,HUN.4_1,0.011341304347826087,0.023639370290921537
2021,03,HUN.5_1,0.001941304347826086,-0.012249772363738722
2021,03,HUN.8_1,0.003821304347826086,-0.003502828134211214
2021,03,ITA.10_1,0.00922140206668876,0.013675213903801638
2021,03,ITA.17_1,0.013691304347826087,0.03049218560767869
2021,03,ITA.20_1,0.005370362953654489,0.002148625567899702
