year,month,gid_2,est,se
2021,11,ESP.10.1_1,0.668,0.4711666350644939
2021,11,ESP.10.2_1,0.968,0.17608806605504818
2021,11,ESP.10.3_1,0.523,0.4997206426802086
