year,month,gid_2,est,se
2021,11,ESP.10.1_1,0.627,0.48384409173317916
2021,11,ESP.10.2_1,0.947,0.22414558046332575
2021,11,ESP.10.3_1,0.532,0.4992246240173107
