year,month,gid_2,est,se
2021,11,ESP.1.1_1,0.05,0.21805400144814482
2021,11,ESP.1.2_1,0.148,0.3552776691859794
2021,11,ESP.1.3_1,0.046,0.20958990416508122
2021,11,ESP.1.4_1,0.159,0.36585906146062974
2021,11,ESP.1.5_1,0.104,0.30541328929383094
2021,11,ESP.1.6_1,0.07,0.25527468571161765
2021,11,ESP.1.7_1,0.508,0.5001861515337926
2021,11,ESP.1.8_1,0.776,0.41713067256915787
2021,11,ESP.10.1_1,0.491,0.5001691405606399
2021,11,ESP.10.2_1,0.186,0.3893013685508382
2021,11,ESP.10.3_1,0.342,0.47461696267754827
2021,11,ESP.11.1_1,0.086,0.28050433629924987
2021,11,ESP.11.2_1,0.086,0.28050433629924987
2021,11,ESP.12.1_1,0.031,0.17340435135563662
2021,11,ESP.12.2_1,0,0.41377555535605315
2021,11,ESP.12.3_1,0,0.4254550646214145
2021,11,ESP.12.4_1,0.046,0.20958990416508122
2021,11,ESP.13.1_1,0.58,0.49380547166252
2021,11,ESP.14.1_1,0.037,0.1888562063228706
2021,11,ESP.14.2_1,0.074,0.2619018758859749
2021,11,ESP.15.1_1,0.122,0.32744957355785825
2021,11,ESP.16.1_1,0,0.4177912750998392
2021,11,ESP.16.2_1,0.22,0.4144535821678608
2021,11,ESP.16.3_1,0.039,0.19369180807797864
2021,11,ESP.17.1_1,0.523,0.4997206426802086
2021,11,ESP.18.1_1,0.135,0.34189456253630574
2021,11,ESP.2.1_1,0,0.42039949540375965
2021,11,ESP.2.2_1,0.077,0.26672484350382913
2021,11,ESP.2.3_1,0.095,0.2933616557443407
2021,11,ESP.3.1_1,0.041,0.19838941090279583
2021,11,ESP.4.1_1,0.055,0.22809433799861634
2021,11,ESP.4.2_1,0,0.40751204407485436
2021,11,ESP.4.3_1,0,0.41512809027013736
2021,11,ESP.4.4_1,0.1,0.3001501125938321
2021,11,ESP.4.5_1,0.092,0.28917057184232914
2021,11,ESP.5.1_1,0.214,0.41033202698835536
2021,11,ESP.5.2_1,0.115,0.31918157352340515
2021,11,ESP.5.3_1,0.048,0.21387319079712103
2021,11,ESP.5.4_1,0,0.41844844258175834
2021,11,ESP.5.5_1,0.064,0.24487540497968344
2021,11,ESP.5.6_1,0,0.3917045218432287
2021,11,ESP.5.7_1,0,0.41646661864361284
2021,11,ESP.5.8_1,0,0.403903624814309
2021,11,ESP.5.9_1,0,0.41910219117375974
2021,11,ESP.6.1_1,0.868,0.3386601403925338
2021,11,ESP.6.2_1,0.313,0.4639463829433809
2021,11,ESP.6.3_1,0.048,0.21387319079712103
2021,11,ESP.6.4_1,0.537,0.4988786223921405
2021,11,ESP.7.1_1,0.242,0.428508599236491
2021,11,ESP.7.2_1,0,0.3860375953518323
2021,11,ESP.8.1_1,0.467,0.49915945364198017
2021,11,ESP.9.1_1,0,0.4254550646214145
