year,month,gid_1,est,se
2021,02,ESP.1_1,0,0.027070168252549525
2021,02,ESP.10_1,0,0.19746869394099278
2021,02,ESP.11_1,0,0.2007333988050329
2021,02,ESP.12_1,0,0.19394154025200808
2021,02,ESP.13_1,0,0.1175607359667311
2021,02,ESP.14_1,0,0.1928004801833709
2021,02,ESP.15_1,0,0
2021,02,ESP.16_1,0,0.02107897691537194
2021,02,ESP.17_1,0,0.19840885592352905
2021,02,ESP.18_1,0,0.14346990614033764
2021,02,ESP.2_1,0,0
2021,02,ESP.3_1,0,0.16790685798658472
2021,02,ESP.4_1,0,0
2021,02,ESP.5_1,0,0.19286633450582605
2021,02,ESP.6_1,0.019043841067190377,0.11335796819398307
2021,02,ESP.7_1,0,0.16790685798658472
2021,02,ESP.8_1,0,0.0316258760894229
2021,02,ESP.9_1,0,0.05472276429290317
