year,month,gid_1,est,se
2021,02,ESP.1_1,0,0.016080801788231267
2021,02,ESP.10_1,0,0.1246847950745575
2021,02,ESP.11_1,0,0.14994655904369183
2021,02,ESP.12_1,0,0.13691328617602927
2021,02,ESP.13_1,0,0.09448941393036758
2021,02,ESP.14_1,0,0.13131279480736402
2021,02,ESP.15_1,0,0
2021,02,ESP.16_1,0,0
2021,02,ESP.17_1,0,0.1400725738728102
2021,02,ESP.18_1,0,0.12161546875866767
2021,02,ESP.2_1,0,0
2021,02,ESP.3_1,0,0.1365954953778291
2021,02,ESP.4_1,0,0.006672647885763676
2021,02,ESP.5_1,0,0.12413884408581145
2021,02,ESP.6_1,0.011678785626770074,0.07888474278318454
2021,02,ESP.7_1,0,0.14345842767546468
2021,02,ESP.8_1,0,0
2021,02,ESP.9_1,0,0.03162334582703175
2021,02,ITA.10_1,0,0.04296496843814979
2021,02,ITA.11_1,0,0
2021,02,ITA.13_1,0,0
2021,02,ITA.15_1,0,0.0791862802661181
2021,02,ITA.16_1,0,0
2021,02,ITA.17_1,0,0
2021,02,ITA.18_1,0,0.09955032234759649
2021,02,ITA.2_1,0,0.026170494100253537
2021,02,ITA.20_1,0,0
2021,02,ITA.3_1,0,0
2021,02,ITA.4_1,0,0.04469977548618588
2021,02,ITA.5_1,0,0.021669253523675328
2021,02,ITA.6_1,0,0.13789080001359594
2021,02,ITA.8_1,0,0.009327783179796685
