ID_0,est,se
ALB,0,0
ARG,0.036,0.18638331132035063
AUT,0,0
BEL,0,0
BGR,0,0
CHN,0,0
DEU,0,0
DOM,0.024,0.15312559370479986
ESP,0,0
FRA,0,0
GRC,0,0
GTM,0.008,0.08912880535463237
HND,0.008,0.08912880535463237
HRV,0,0
HUN,0,0
IND,0.139,0.5087643555796934
ITA,0,0
MEX,1.794,1.316747835382611
NLD,0,0
PAK,0.006,0.10943480239839598
PER,0.034,0.2586714342769818
ROU,0,0
SRB,0,0
SVN,0,0
TUR,0,0
USA,0.006,0.07726558075864033
VEN,0.437,0.4962633144584408
XKO,0,0
