year,month,gid_2,se,est
2022,02,ALA.1.1_2,0,0
2022,02,ALA.1.2_2,0,0
2022,02,ALA.2.1_2,0,0
2022,02,ALA.2.2_2,0,0
2022,02,ALA.2.3_2,0,0
2022,02,ALA.2.4_2,0,0
2022,02,ALA.2.5_2,0,0
2022,02,ALA.2.6_2,0,0
2022,02,ALA.2.7_2,0,0
2022,02,ALA.2.8_2,0,0
2022,02,ALA.3.1_2,0,0
2022,02,ALB.1.1_1,0,0
2022,02,ALB.1.2_1,0,0
2022,02,ALB.1.3_1,0,0
2022,02,ALB.10.1_1,0,0
2022,02,ALB.10.2_1,0,0
2022,02,ALB.10.3_1,0,0
2022,02,ALB.11.1_1,0,0
2022,02,ALB.11.2_1,0,0
2022,02,ALB.12.1_1,0,0
2022,02,ALB.12.2_1,0,0
2022,02,ALB.12.3_1,0,0
2022,02,ALB.2.1_1,0,0
2022,02,ALB.2.2_1,0,0
2022,02,ALB.2.3_1,0,0
2022,02,ALB.3.1_1,0,0
2022,02,ALB.3.2_1,0,0
2022,02,ALB.4.1_1,0,0
2022,02,ALB.4.2_1,0,0
2022,02,ALB.4.3_1,0,0
2022,02,ALB.4.4_1,0,0
2022,02,ALB.5.1_1,0,0
2022,02,ALB.5.2_1,0,0
2022,02,ALB.5.3_1,0,0
2022,02,ALB.6.1_1,0,0
2022,02,ALB.6.2_1,0,0
2022,02,ALB.6.3_1,0,0
2022,02,ALB.7.1_1,0,0
2022,02,ALB.7.2_1,0,0
2022,02,ALB.7.3_1,0,0
2022,02,ALB.7.4_1,0,0
2022,02,ALB.8.1_1,0,0
2022,02,ALB.8.2_1,0,0
2022,02,ALB.8.3_1,0,0
2022,02,ALB.9.1_1,0,0
2022,02,ALB.9.2_1,0,0
2022,02,ALB.9.3_1,0,0
2022,02,ALB.9.4_1,0,0
2022,02,AND.2_1,0,0
2022,02,AND.3_1,0,0
2022,02,AND.4_1,0,0
2022,02,AND.5_1,0,0
2022,02,AND.6_1,0,0
2022,02,AND.7_1,0,0
2022,02,ARM.1_1,0,0
2022,02,ARM.2_1,0,0
2022,02,ARM.3_1,0,0
2022,02,ARM.8_1,0,0
2022,02,AUT.1.1_2,0.18851814077095203,0.1633770334570637
2022,02,AUT.1.2_2,0.09391050453040467,0.1934402660403218
2022,02,AUT.1.3_2,0.3541743336544391,0.285572140161882
2022,02,AUT.1.4_2,0.27385076338534803,0.31090343064912757
2022,02,AUT.1.5_2,0.1928947272658376,0.1667435831923935
2022,02,AUT.1.6_2,0.218713739915914,0.1870391063771187
2022,02,AUT.1.7_2,0.3276389595298891,0.18837385634553183
2022,02,AUT.1.8_2,0.40520997678869963,0.20580064592808972
2022,02,AUT.1.9_2,0.04342461339685784,0.19400238019413663
2022,02,AUT.2.10_2,0.4711699940052572,0.24055482455651328
2022,02,AUT.2.1_2,0.3196698915693988,0.2633483085175413
2022,02,AUT.2.2_2,0.2326560592104711,0.1794830573016798
2022,02,AUT.2.3_2,0.4420159042639426,0.23736461294227287
2022,02,AUT.2.4_2,0.21752976060267334,0.22895901457982168
2022,02,AUT.2.5_2,0.4831745539233402,0.26855350720898924
2022,02,AUT.2.6_2,0.41785295787767873,0.1765706389217166
2022,02,AUT.2.7_2,0.38083044431646046,0.22264406946114743
2022,02,AUT.2.8_2,0.17261077974400058,0.20263837192321835
2022,02,AUT.2.9_2,0.4842723612861443,0.28650845945983505
2022,02,AUT.3.10_2,0.5876794259116778,0.1855910043709953
2022,02,AUT.3.11_2,0.3429816479799439,0.15126807318999577
2022,02,AUT.3.12_2,0.2272209415130922,0.02295993014014705
2022,02,AUT.3.13_2,0.24691380938411442,0.05078255166248744
2022,02,AUT.3.14_2,0.1952136066761942,0.13989786828789655
2022,02,AUT.3.15_2,0.4474695234289272,0.1714671422817336
2022,02,AUT.3.16_2,0.2831186572358026,0.026061225953632333
2022,02,AUT.3.17_2,0.05141886893225347,0.0068082492921566155
2022,02,AUT.3.18_2,0.05791110110399734,0.005194280332961095
2022,02,AUT.3.19_2,0.4661554179226317,0.15488387581298357
2022,02,AUT.3.1_2,0.22274553539694686,0.04259840199603973
2022,02,AUT.3.20_2,0.5195107865776437,0.17461537785672743
2022,02,AUT.3.21_2,0.03693166412958855,0.014722717437763622
2022,02,AUT.3.22_2,0.30227498191536667,0.1480329297927833
2022,02,AUT.3.23_2,0.03740924299464883,0.13400164405162018
2022,02,AUT.3.24_2,0.7569658188873394,0.18065119264828858
2022,02,AUT.3.2_2,0.35089384111538974,0.16621952948316784
2022,02,AUT.3.3_2,0.31496486656492284,0.1772353003645803
2022,02,AUT.3.4_2,0.3653250968538675,0.14927778206555856
2022,02,AUT.3.5_2,0.431030480874154,0.15487876471403794
2022,02,AUT.3.6_2,0.22601445748163665,0.03865559732444459
2022,02,AUT.3.7_2,0.5010646482318799,0.18243403867309416
2022,02,AUT.3.8_2,0.3892443271846917,0.18222864133546993
2022,02,AUT.3.9_2,0.12361186726722609,0.14336346435019592
2022,02,AUT.4.10_2,0.5434497644563511,0.8243322455973998
2022,02,AUT.4.11_2,0.4818682567582789,0.7390668242832995
2022,02,AUT.4.12_2,0.5467540362704849,0.8198002005520173
2022,02,AUT.4.13_2,0.4559130386318557,0.7764684472976622
2022,02,AUT.4.14_2,0.15442706060604053,0.6769513558361677
2022,02,AUT.4.15_2,0.43361438679521797,0.6506591653068329
2022,02,AUT.4.16_2,0.5226303330045231,0.720928909014541
2022,02,AUT.4.17_2,0.4408117379603839,0.7694717920525428
2022,02,AUT.4.18_2,0.13318110494807997,0.6556783003618983
2022,02,AUT.4.1_2,0.5778769518156148,0.749665183273531
2022,02,AUT.4.2_2,0.2918341873876731,0.7755112330449203
2022,02,AUT.4.3_2,0.4601684307505748,0.7483463068532247
2022,02,AUT.4.4_2,0.5057701495677157,0.7469611184810657
2022,02,AUT.4.5_2,0.4913497615134406,0.7610563038874496
2022,02,AUT.4.6_2,0.45400617045332003,0.7399448124701649
2022,02,AUT.4.7_2,0.4730703888161627,0.755721940380223
2022,02,AUT.4.8_2,0.20076629711174912,0.7460618556422935
2022,02,AUT.4.9_2,0.4030749006606615,0.738390994420185
2022,02,AUT.5.1_2,0.2609687493634178,0.1551515836250395
2022,02,AUT.5.2_2,0.37806015187390235,0.15356726751829944
2022,02,AUT.5.3_2,0.13979760473788588,0.14777152726648352
2022,02,AUT.5.4_2,0.31799821052757576,0.12012798994386939
2022,02,AUT.5.5_2,0.22833252393276668,0.13793933840726397
2022,02,AUT.5.6_2,0.3479109243312246,0.13134839095825498
2022,02,AUT.6.10_2,0.13497278097757198,0.8395669529685952
2022,02,AUT.6.11_2,0.6447240513965141,0.9813874243303911
2022,02,AUT.6.12_2,0.42423938125501276,0.8963853067786227
2022,02,AUT.6.13_2,0.6227416074938394,0.9510099551529104
2022,02,AUT.6.1_2,0.2247707573201001,0.7616753734936559
2022,02,AUT.6.2_2,0.6358356327699416,0.9553417279639671
2022,02,AUT.6.3_2,0.5828434360556355,0.9043770299212969
2022,02,AUT.6.4_2,0.269004440630936,0.885242357181091
2022,02,AUT.6.5_2,0.6517603837905881,0.9545563603805346
2022,02,AUT.6.6_2,0.5924775012225891,0.9791496271426694
2022,02,AUT.6.7_2,0.16606857491436433,0.7932231718428582
2022,02,AUT.6.8_2,0.22965913727950132,0.6721577313072002
2022,02,AUT.6.9_2,0.1836339317952038,0.7732793333251492
2022,02,AUT.7.1_2,0.252286683232112,0.38475411486664873
2022,02,AUT.7.2_2,0.4461212322087547,0.43803778872621074
2022,02,AUT.7.3_2,0.1606899770879929,0.49573965798303277
2022,02,AUT.7.4_2,0.24370066540194757,0.4013575832172999
2022,02,AUT.7.5_2,0.3386811004779576,0.42542706324703466
2022,02,AUT.7.6_2,0.29261912880891744,0.4126570671227178
2022,02,AUT.7.7_2,0.4062274657074303,0.4560103462356868
2022,02,AUT.7.8_2,0.3450389857152938,0.4566781423307639
2022,02,AUT.7.9_2,0.33300225378702264,0.4120466044203113
2022,02,AUT.8.1_2,0.21224781303880874,0.16574950482841144
2022,02,AUT.8.2_2,0.25554862124590966,0.16003012266729472
2022,02,AUT.8.3_2,0.09422293593177825,0.1994355995342551
2022,02,AUT.8.4_2,0.20789001976111868,0.15696532799364174
2022,02,AUT.9.1_2,0.4446409093672894,0.34281552416727973
2022,02,AZE.7_1,0,0
2022,02,BEL.1.1_1,0,0
2022,02,BEL.2.1_1,0.09486314640887918,0.012780621434346062
2022,02,BEL.2.2_1,0.19302484876595447,0.0837419835232372
2022,02,BEL.2.3_1,0,0
2022,02,BEL.2.4_1,0.07057860882801772,0.00771094177353174
2022,02,BEL.2.5_1,0,0
2022,02,BEL.3.1_1,0.06479666378146412,0.014985160736623208
2022,02,BEL.3.2_1,0.0715464362021271,0.007009519336670533
2022,02,BEL.3.3_1,0.13959153793206583,0.02183056295859003
2022,02,BEL.3.4_1,0.1219625760969232,0.03194994186701812
2022,02,BEL.3.5_1,0.1753662823354192,0.07516465937107658
2022,02,BGR.1.10_1,0,0
2022,02,BGR.1.11_1,0,0
2022,02,BGR.1.12_1,0,0
2022,02,BGR.1.13_1,0,0
2022,02,BGR.1.14_1,0,0
2022,02,BGR.1.1_1,0,0
2022,02,BGR.1.2_1,0,0
2022,02,BGR.1.3_1,0,0
2022,02,BGR.1.4_1,0,0
2022,02,BGR.1.5_1,0,0
2022,02,BGR.1.6_1,0,0
2022,02,BGR.1.7_1,0,0
2022,02,BGR.1.8_1,0,0
2022,02,BGR.1.9_1,0,0
2022,02,BGR.10.10_1,0,0
2022,02,BGR.10.11_1,0,0
2022,02,BGR.10.1_1,0,0
2022,02,BGR.10.2_1,0,0
2022,02,BGR.10.3_1,0,0
2022,02,BGR.10.4_1,0,0
2022,02,BGR.10.5_1,0,0
2022,02,BGR.10.6_1,0,0
2022,02,BGR.10.7_1,0,0
2022,02,BGR.10.8_1,0,0
2022,02,BGR.10.9_1,0,0
2022,02,BGR.11.10_1,0,0
2022,02,BGR.11.11_1,0,0
2022,02,BGR.11.1_1,0,0
2022,02,BGR.11.2_1,0,0
2022,02,BGR.11.3_1,0,0
2022,02,BGR.11.4_1,0,0
2022,02,BGR.11.5_1,0,0
2022,02,BGR.11.6_1,0,0
2022,02,BGR.11.7_1,0,0
2022,02,BGR.11.8_1,0,0
2022,02,BGR.11.9_1,0,0
2022,02,BGR.12.1_1,0,0
2022,02,BGR.12.2_1,0,0
2022,02,BGR.12.3_1,0,0
2022,02,BGR.12.4_1,0,0
2022,02,BGR.12.5_1,0,0
2022,02,BGR.12.6_1,0,0
2022,02,BGR.13.10_1,0,0
2022,02,BGR.13.11_1,0,0
2022,02,BGR.13.1_1,0,0
2022,02,BGR.13.2_1,0,0
2022,02,BGR.13.3_1,0,0
2022,02,BGR.13.4_1,0,0
2022,02,BGR.13.5_1,0,0
2022,02,BGR.13.6_1,0,0
2022,02,BGR.13.7_1,0,0
2022,02,BGR.13.8_1,0,0
2022,02,BGR.13.9_1,0,0
2022,02,BGR.14.10_1,0,0
2022,02,BGR.14.11_1,0,0
2022,02,BGR.14.12_1,0,0
2022,02,BGR.14.13_1,0,0
2022,02,BGR.14.14_1,0,0
2022,02,BGR.14.15_1,0,0
2022,02,BGR.14.16_1,0,0
2022,02,BGR.14.1_1,0,0
2022,02,BGR.14.2_1,0,0
2022,02,BGR.14.3_1,0,0
2022,02,BGR.14.4_1,0,0
2022,02,BGR.14.5_1,0,0
2022,02,BGR.14.6_1,0,0
2022,02,BGR.14.7_1,0,0
2022,02,BGR.14.8_1,0,0
2022,02,BGR.14.9_1,0,0
2022,02,BGR.15.1_1,0,0
2022,02,BGR.15.2_1,0,0
2022,02,BGR.15.3_1,0,0
2022,02,BGR.15.4_1,0,0
2022,02,BGR.15.5_1,0,0
2022,02,BGR.15.6_1,0,0
2022,02,BGR.15.7_1,0,0
2022,02,BGR.16.1_1,0,0
2022,02,BGR.16.2_1,0,0
2022,02,BGR.16.3_1,0,0
2022,02,BGR.16.4_1,0,0
2022,02,BGR.16.5_1,0,0
2022,02,BGR.16.6_1,0,0
2022,02,BGR.16.7_1,0,0
2022,02,BGR.16.8_1,0,0
2022,02,BGR.17.10_1,0,0
2022,02,BGR.17.1_1,0,0
2022,02,BGR.17.2_1,0,0
2022,02,BGR.17.3_1,0,0
2022,02,BGR.17.4_1,0,0
2022,02,BGR.17.5_1,0,0
2022,02,BGR.17.6_1,0,0
2022,02,BGR.17.7_1,0,0
2022,02,BGR.17.8_1,0,0
2022,02,BGR.17.9_1,0,0
2022,02,BGR.18.1_1,0,0
2022,02,BGR.18.2_1,0,0
2022,02,BGR.18.3_1,0,0
2022,02,BGR.18.4_1,0,0
2022,02,BGR.18.5_1,0,0
2022,02,BGR.18.6_1,0,0
2022,02,BGR.18.7_1,0,0
2022,02,BGR.19.1_1,0,0
2022,02,BGR.19.2_1,0,0
2022,02,BGR.19.3_1,0,0
2022,02,BGR.19.4_1,0,0
2022,02,BGR.2.10_1,0,0
2022,02,BGR.2.11_1,0,0
2022,02,BGR.2.12_1,0,0
2022,02,BGR.2.13_1,0,0
2022,02,BGR.2.1_1,0,0
2022,02,BGR.2.2_1,0,0
2022,02,BGR.2.3_1,0,0
2022,02,BGR.2.4_1,0,0
2022,02,BGR.2.5_1,0,0
2022,02,BGR.2.6_1,0,0
2022,02,BGR.2.7_1,0,0
2022,02,BGR.2.8_1,0,0
2022,02,BGR.2.9_1,0,0
2022,02,BGR.20.10_1,0,0
2022,02,BGR.20.1_1,0,0
2022,02,BGR.20.2_1,0,0
2022,02,BGR.20.3_1,0,0
2022,02,BGR.20.4_1,0,0
2022,02,BGR.20.5_1,0,0
2022,02,BGR.20.6_1,0,0
2022,02,BGR.20.7_1,0,0
2022,02,BGR.20.8_1,0,0
2022,02,BGR.20.9_1,0,0
2022,02,BGR.21.10_1,0,0
2022,02,BGR.21.11_1,0,0
2022,02,BGR.21.12_1,0,0
2022,02,BGR.21.13_1,0,0
2022,02,BGR.21.14_1,0,0
2022,02,BGR.21.15_1,0,0
2022,02,BGR.21.16_1,0,0
2022,02,BGR.21.17_1,0,0
2022,02,BGR.21.18_1,0,0
2022,02,BGR.21.19_1,0,0
2022,02,BGR.21.1_1,0,0
2022,02,BGR.21.20_1,0,0
2022,02,BGR.21.21_1,0,0
2022,02,BGR.21.22_1,0,0
2022,02,BGR.21.2_1,0,0
2022,02,BGR.21.3_1,0,0
2022,02,BGR.21.4_1,0,0
2022,02,BGR.21.5_1,0,0
2022,02,BGR.21.6_1,0,0
2022,02,BGR.21.7_1,0,0
2022,02,BGR.21.8_1,0,0
2022,02,BGR.21.9_1,0,0
2022,02,BGR.22.10_1,0,0
2022,02,BGR.22.11_1,0,0
2022,02,BGR.22.1_1,0,0
2022,02,BGR.22.2_1,0,0
2022,02,BGR.22.3_1,0,0
2022,02,BGR.22.4_1,0,0
2022,02,BGR.22.5_1,0,0
2022,02,BGR.22.6_1,0,0
2022,02,BGR.22.7_1,0,0
2022,02,BGR.22.8_1,0,0
2022,02,BGR.22.9_1,0,0
2022,02,BGR.23.1_1,0,0
2022,02,BGR.23.2_1,0,0
2022,02,BGR.23.3_1,0,0
2022,02,BGR.23.4_1,0,0
2022,02,BGR.23.5_1,0,0
2022,02,BGR.24.10_1,0,0
2022,02,BGR.24.11_1,0,0
2022,02,BGR.24.12_1,0,0
2022,02,BGR.24.1_1,0,0
2022,02,BGR.24.2_1,0,0
2022,02,BGR.24.3_1,0,0
2022,02,BGR.24.4_1,0,0
2022,02,BGR.24.5_1,0,0
2022,02,BGR.24.6_1,0,0
2022,02,BGR.24.7_1,0,0
2022,02,BGR.24.8_1,0,0
2022,02,BGR.24.9_1,0,0
2022,02,BGR.25.10_1,0,0
2022,02,BGR.25.1_1,0,0
2022,02,BGR.25.2_1,0,0
2022,02,BGR.25.3_1,0,0
2022,02,BGR.25.4_1,0,0
2022,02,BGR.25.5_1,0,0
2022,02,BGR.25.6_1,0,0
2022,02,BGR.25.7_1,0,0
2022,02,BGR.25.8_1,0,0
2022,02,BGR.25.9_1,0,0
2022,02,BGR.26.10_1,0,0
2022,02,BGR.26.11_1,0,0
2022,02,BGR.26.1_1,0,0
2022,02,BGR.26.2_1,0,0
2022,02,BGR.26.3_1,0,0
2022,02,BGR.26.4_1,0,0
2022,02,BGR.26.5_1,0,0
2022,02,BGR.26.6_1,0,0
2022,02,BGR.26.7_1,0,0
2022,02,BGR.26.8_1,0,0
2022,02,BGR.26.9_1,0,0
2022,02,BGR.27.10_1,0,0
2022,02,BGR.27.1_1,0,0
2022,02,BGR.27.2_1,0,0
2022,02,BGR.27.3_1,0,0
2022,02,BGR.27.4_1,0,0
2022,02,BGR.27.5_1,0,0
2022,02,BGR.27.6_1,0,0
2022,02,BGR.27.7_1,0,0
2022,02,BGR.27.8_1,0,0
2022,02,BGR.27.9_1,0,0
2022,02,BGR.28.1_1,0,0
2022,02,BGR.28.2_1,0,0
2022,02,BGR.28.3_1,0,0
2022,02,BGR.28.4_1,0,0
2022,02,BGR.28.5_1,0,0
2022,02,BGR.3.1_1,0,0
2022,02,BGR.3.2_1,0,0
2022,02,BGR.3.3_1,0,0
2022,02,BGR.3.4_1,0,0
2022,02,BGR.3.5_1,0,0
2022,02,BGR.3.6_1,0,0
2022,02,BGR.3.7_1,0,0
2022,02,BGR.3.8_1,0,0
2022,02,BGR.4.1_1,0,0
2022,02,BGR.4.2_1,0,0
2022,02,BGR.4.3_1,0,0
2022,02,BGR.4.4_1,0,0
2022,02,BGR.5.1_1,0,0
2022,02,BGR.6.10_1,0,0
2022,02,BGR.6.11_1,0,0
2022,02,BGR.6.1_1,0,0
2022,02,BGR.6.2_1,0,0
2022,02,BGR.6.3_1,0,0
2022,02,BGR.6.4_1,0,0
2022,02,BGR.6.5_1,0,0
2022,02,BGR.6.6_1,0,0
2022,02,BGR.6.7_1,0,0
2022,02,BGR.6.8_1,0,0
2022,02,BGR.6.9_1,0,0
2022,02,BGR.7.1_1,0,0
2022,02,BGR.7.2_1,0,0
2022,02,BGR.7.3_1,0,0
2022,02,BGR.7.4_1,0,0
2022,02,BGR.7.5_1,0,0
2022,02,BGR.7.6_1,0,0
2022,02,BGR.7.7_1,0,0
2022,02,BGR.7.8_1,0,0
2022,02,BGR.8.1_1,0,0
2022,02,BGR.8.2_1,0,0
2022,02,BGR.8.3_1,0,0
2022,02,BGR.8.4_1,0,0
2022,02,BGR.8.5_1,0,0
2022,02,BGR.8.6_1,0,0
2022,02,BGR.8.7_1,0,0
2022,02,BGR.8.8_1,0,0
2022,02,BGR.8.9_1,0,0
2022,02,BGR.9.1_1,0,0
2022,02,BGR.9.2_1,0,0
2022,02,BGR.9.3_1,0,0
2022,02,BGR.9.4_1,0,0
2022,02,BGR.9.5_1,0,0
2022,02,BGR.9.6_1,0,0
2022,02,BGR.9.7_1,0,0
2022,02,BGR.9.8_1,0,0
2022,02,BIH.1.1_1,0.04342461339685788,0.19400238019413663
2022,02,BIH.2.10_1,0.1416286256530145,0.20305562901319915
2022,02,BIH.2.1_1,0.0708732545978367,0.17608256718684873
2022,02,BIH.2.2_1,0.10031969652324321,0.17933773031215386
2022,02,BIH.2.3_1,0.14579085723382357,0.20124715569323068
2022,02,BIH.2.4_1,0.12492180103948712,0.18903194860439856
2022,02,BIH.2.5_1,0.07410343464981611,0.1984531162668859
2022,02,BIH.2.6_1,0.12981461605601194,0.22295183949433453
2022,02,BIH.2.7_1,0.15262229031604763,0.19822703378891776
2022,02,BIH.2.8_1,0.12378696230445956,0.21656022536523395
2022,02,BIH.2.9_1,0.08394873032800743,0.18992442512103372
2022,02,BIH.3.1_1,0.21996539831584644,0.28372274677459125
2022,02,BIH.3.2_1,0.07574496656874957,0.21205738032541374
2022,02,BIH.3.3_1,0.13452426401496104,0.23332263426366187
2022,02,BIH.3.4_1,0.1071407784819575,0.21477084425508988
2022,02,BIH.3.5_1,0.11933016194805372,0.19522070366547387
2022,02,BIH.3.6_1,0.11281190332814263,0.21168187364268354
2022,02,BIH.3.7_1,0.11821917737400134,0.24044098233659936
2022,02,BLR.1.14_1,0,0
2022,02,BLR.1.3_1,0,0
2022,02,BLR.1.8_1,0,0
2022,02,BLR.3.11_1,0,0
2022,02,BLR.3.12_1,0,0
2022,02,BLR.3.16_1,0,0
2022,02,BLR.3.1_1,0,0
2022,02,BLR.3.2_1,0,0
2022,02,BLR.3.3_1,0,0
2022,02,BLR.3.5_1,0,0
2022,02,BLR.3.6_1,0,0
2022,02,BLR.6.11_1,0,0
2022,02,BLR.6.12_1,0,0
2022,02,BLR.6.21_1,0,0
2022,02,BLR.6.2_1,0,0
2022,02,CHE.1.10_1,0.1593830456086928,0.14694646753963378
2022,02,CHE.1.11_1,0.18826989843919134,0.1719444890171899
2022,02,CHE.1.1_1,0.13076520946754885,0.13235059318489492
2022,02,CHE.1.2_1,0.18706555624498838,0.1363433379472506
2022,02,CHE.1.3_1,0.18763342723595608,0.15231532006933635
2022,02,CHE.1.4_1,0.21516473232569316,0.16155644365625987
2022,02,CHE.1.5_1,0.15961826476579033,0.14570585849070053
2022,02,CHE.1.6_1,0.18275751222952696,0.15209180458276622
2022,02,CHE.1.7_1,0.16509170521469682,0.13844496996847344
2022,02,CHE.1.8_1,0.17956588554214709,0.1752571459302504
2022,02,CHE.1.9_1,0.14550822223466484,0.16275477290628657
2022,02,CHE.10.10_1,0.1629372603053043,0.1858314024430512
2022,02,CHE.10.11_1,0.2756790363443787,0.2095974017222331
2022,02,CHE.10.1_1,0.2000591306372736,0.20156578025250782
2022,02,CHE.10.2_1,0.048262194017745175,0.11157063732178901
2022,02,CHE.10.3_1,0.27695175520150794,0.2589843532918237
2022,02,CHE.10.4_1,0.10638594374252291,0.1808046982400838
2022,02,CHE.10.5_1,0.17152070844590206,0.18226020025152545
2022,02,CHE.10.6_1,0.13506437714054975,0.18442503878390484
2022,02,CHE.10.7_1,0.14448357940080125,0.14252405345099667
2022,02,CHE.10.8_1,0.1802255292854183,0.23419036203195706
2022,02,CHE.10.9_1,0.1740442116607484,0.2513423308149884
2022,02,CHE.11.1_1,0.2023524682703634,0.16743288632616926
2022,02,CHE.11.2_1,0.1763789306245358,0.18656086781279405
2022,02,CHE.11.3_1,0.23596245330522697,0.1746824184421492
2022,02,CHE.12.1_1,0.12377030189844056,0.19258987392125648
2022,02,CHE.12.2_1,0.18841729576636254,0.18864648331812525
2022,02,CHE.12.3_1,0.20060909725728227,0.21654471790500482
2022,02,CHE.12.4_1,0.19045536344916283,0.16908693837552294
2022,02,CHE.12.5_1,0.19765962265576836,0.1792889548553357
2022,02,CHE.13.1_1,0.15429236964778748,0.1619905897010977
2022,02,CHE.13.2_1,0.06767850743942637,0.16353119958174248
2022,02,CHE.13.3_1,0.11152236704492888,0.2103272510439588
2022,02,CHE.13.4_1,0.12842652816740585,0.15991642416842666
2022,02,CHE.13.5_1,0.16133164287203364,0.1726977027697584
2022,02,CHE.13.6_1,0.11903201233337618,0.128794945991998
2022,02,CHE.14.1_1,0.09819326427085402,0.08949131183423881
2022,02,CHE.15.1_1,0.09765329471523171,0.13731968314291287
2022,02,CHE.16.1_1,0.13884275285006,0.15384056420054334
2022,02,CHE.16.2_1,0.11787745652859792,0.1637963393388925
2022,02,CHE.16.3_1,0.11376315668354835,0.14840411827157232
2022,02,CHE.16.4_1,0.11685703121089619,0.15842199474700983
2022,02,CHE.16.5_1,0.16119250909414687,0.17584787263222695
2022,02,CHE.16.6_1,0.16749063936396807,0.17352170373594467
2022,02,CHE.16.7_1,0.0967398547643644,0.1630147064649027
2022,02,CHE.16.8_1,0.12060521160319025,0.1329157741286906
2022,02,CHE.17.1_1,0.08105141730536221,0.13147856533167454
2022,02,CHE.17.2_1,0.1278609715861982,0.21100847216499075
2022,02,CHE.17.3_1,0.09239522836413033,0.14976454529259545
2022,02,CHE.17.4_1,0.0638002642972706,0.13506518465203338
2022,02,CHE.17.5_1,0.0779039478693921,0.16256217979831902
2022,02,CHE.17.6_1,0.07274876518711197,0.13154917906678879
2022,02,CHE.18.1_1,0.04163247429784468,0.1740021348132978
2022,02,CHE.18.2_1,0.04046197630248188,0.1620019875847946
2022,02,CHE.18.3_1,0.0840372470241698,0.21607735462579925
2022,02,CHE.18.4_1,0.06010835675072999,0.191863774073508
2022,02,CHE.18.5_1,0.13078374513436003,0.19517289917901595
2022,02,CHE.18.6_1,0.1702203481569616,0.19134322996931713
2022,02,CHE.19.10_1,0.1866204260257019,0.18648786538270082
2022,02,CHE.19.1_1,0.19669136584529673,0.21937091783925367
2022,02,CHE.19.2_1,0.11605224000864488,0.13654525010347174
2022,02,CHE.19.3_1,0.10548210107419573,0.1412018733423763
2022,02,CHE.19.4_1,0.13030831856206837,0.16818423424799342
2022,02,CHE.19.5_1,0.1582761628012852,0.1691810807353621
2022,02,CHE.19.6_1,0.13994150722169832,0.1431447461530379
2022,02,CHE.19.7_1,0.04095890249498276,0.1670020489300043
2022,02,CHE.19.8_1,0.1167932361086053,0.1604961274378731
2022,02,CHE.19.9_1,0.1277912039786154,0.14197380348872204
2022,02,CHE.2.1_1,0.1519867023177979,0.1286491920592875
2022,02,CHE.20.1_1,0.11124172356412264,0.12275398492614278
2022,02,CHE.20.2_1,0.09566472762202072,0.13698817928983822
2022,02,CHE.20.3_1,0.041632474297844724,0.1740021348132978
2022,02,CHE.20.4_1,0.055804286378383826,0.09855404589905291
2022,02,CHE.20.5_1,0.11462254064480187,0.11762313912251025
2022,02,CHE.20.6_1,0.11109294040398494,0.10922064108663809
2022,02,CHE.20.7_1,0.13271785608434084,0.11564131588527551
2022,02,CHE.20.8_1,0.12713477863706024,0.127624439186876
2022,02,CHE.20.9_1,0.09871953113245885,0.12007339343618192
2022,02,CHE.21.1_1,0.198140394269173,0.2621438554252194
2022,02,CHE.21.2_1,0.08208406465946533,0.13572747753638806
2022,02,CHE.21.3_1,0.17777988018323793,0.20618745759240223
2022,02,CHE.21.4_1,0.3052976750283999,0.3214391499196305
2022,02,CHE.21.5_1,0.36912628477710424,0.2676059291262975
2022,02,CHE.21.6_1,0.16797167802008037,0.20621492365109828
2022,02,CHE.21.7_1,0.09977413215175407,0.17725415468404573
2022,02,CHE.21.8_1,0.12557029914447074,0.23225879749114134
2022,02,CHE.22.1_1,0.19505839266072145,0.2170231814299979
2022,02,CHE.23.10_1,0.12216595105930161,0.15486324560546547
2022,02,CHE.23.11_1,0.17265405644097417,0.1551658132503977
2022,02,CHE.23.12_1,0.09369818459451686,0.1502450050162766
2022,02,CHE.23.13_1,0.15941493506848822,0.14979678861522855
2022,02,CHE.23.14_1,0.13928091365061762,0.17988053188034034
2022,02,CHE.23.1_1,0.11675874333962927,0.16206144329206687
2022,02,CHE.23.2_1,0.08671908928848983,0.15508652910704668
2022,02,CHE.23.3_1,0.09850508916314721,0.17965048471022177
2022,02,CHE.23.4_1,0.14814855588700523,0.17532098476183375
2022,02,CHE.23.5_1,0.12699659130165047,0.21339205918612433
2022,02,CHE.23.6_1,0.16152218215959938,0.20031157647293987
2022,02,CHE.23.7_1,0.12161149165374405,0.13835101359920637
2022,02,CHE.23.8_1,0.11899892856911624,0.14764156093456954
2022,02,CHE.23.9_1,0.11564646679901558,0.1880860480468348
2022,02,CHE.24.10_1,0.14403884860941257,0.17269843722172398
2022,02,CHE.24.1_1,0.15825444607827446,0.17395755902678497
2022,02,CHE.24.2_1,0.33083736657285207,0.2504376510912237
2022,02,CHE.24.3_1,0.3262982536678252,0.24459828955868174
2022,02,CHE.24.4_1,0.3989328677892757,0.2299161454565434
2022,02,CHE.24.5_1,0.11297603672911118,0.20634516322629587
2022,02,CHE.24.6_1,0.244569863139128,0.22188554043279615
2022,02,CHE.24.7_1,0.34831607308896434,0.21375932835903744
2022,02,CHE.24.8_1,0.29015768441297535,0.19843534559423207
2022,02,CHE.24.9_1,0.13243650649322525,0.2267077829191402
2022,02,CHE.25.1_1,0.14150182327253288,0.1801225587459776
2022,02,CHE.26.10_1,0.053228271072135645,0.1406336509556229
2022,02,CHE.26.11_1,0.12834743731638107,0.1559357628479662
2022,02,CHE.26.12_1,0.17763611403218324,0.1617109022800522
2022,02,CHE.26.13_1,0.23879537938777343,0.20614606589353365
2022,02,CHE.26.1_1,0.1461928958827943,0.15983678472608495
2022,02,CHE.26.2_1,0.1842095994195945,0.14657299238686128
2022,02,CHE.26.3_1,0.17201035316714344,0.13641515691559986
2022,02,CHE.26.4_1,0.17573277889386404,0.1436646209811757
2022,02,CHE.26.5_1,0.12657817067963764,0.15022566792594463
2022,02,CHE.26.6_1,0.12308146242407103,0.13972345559131827
2022,02,CHE.26.7_1,0.1446319082218623,0.18548678245135872
2022,02,CHE.26.8_1,0.13179452583877602,0.14909166955680644
2022,02,CHE.26.9_1,0.13319337402324863,0.15642165913786113
2022,02,CHE.3.1_1,0.06875652704752365,0.16280869877050042
2022,02,CHE.4.1_1,0.13430867012728598,0.12947644652665447
2022,02,CHE.4.2_1,0.13926472128152248,0.16278172195191223
2022,02,CHE.4.3_1,0.1418431261009527,0.15088095841769744
2022,02,CHE.4.4_1,0.20349165263430105,0.15690871400772202
2022,02,CHE.4.5_1,0.14901074504446468,0.15908738893477023
2022,02,CHE.5.1_1,0.04325376033666565,0.19200235565605275
2022,02,CHE.5.2_1,0.03693166412958846,0.1300015949754524
2022,02,CHE.5.3_1,0.038666479588691176,0.14500177901108155
2022,02,CHE.6.10_1,0.10396403535997838,0.16511148098220804
2022,02,CHE.6.11_1,0.20009909261078587,0.1757358188245506
2022,02,CHE.6.12_1,0.23313263197761006,0.2141997574249396
2022,02,CHE.6.13_1,0.08310054362253602,0.13918496566625618
2022,02,CHE.6.14_1,0.1404745275807692,0.20959098110837057
2022,02,CHE.6.15_1,0.215123224401271,0.20914246327936933
2022,02,CHE.6.16_1,0.19258600950894242,0.1553696051407945
2022,02,CHE.6.17_1,0.13804872442040356,0.23224336235630394
2022,02,CHE.6.18_1,0.10100007502892282,0.19368366912034066
2022,02,CHE.6.19_1,0.08532416519150658,0.21652813776577917
2022,02,CHE.6.1_1,0.14098577513557844,0.18240436588242478
2022,02,CHE.6.20_1,0.07456725941322152,0.21319551687222027
2022,02,CHE.6.21_1,0.08300725079292934,0.19204675592593531
2022,02,CHE.6.22_1,0.20652445036690073,0.18587565272572215
2022,02,CHE.6.23_1,0.12567445840185817,0.20690473351809724
2022,02,CHE.6.24_1,0.22889964688928824,0.23921950189199778
2022,02,CHE.6.25_1,0.1380069172802618,0.23392468119206009
2022,02,CHE.6.26_1,0.21320280538741052,0.20200951825291702
2022,02,CHE.6.2_1,0.2039019658368039,0.20298628985728973
2022,02,CHE.6.3_1,0.14476575738574188,0.17182861559760199
2022,02,CHE.6.4_1,0.06762333501250961,0.15690025115404552
2022,02,CHE.6.5_1,0.15139505165806474,0.18423242775696763
2022,02,CHE.6.6_1,0.20438522404601892,0.19724117423390355
2022,02,CHE.6.7_1,0.16075038038205183,0.15479460242179544
2022,02,CHE.6.8_1,0.14089319245863405,0.16527272184081218
2022,02,CHE.6.9_1,0.2200564990496899,0.21279667851528022
2022,02,CHE.7.1_1,0.23559748710028883,0.1935176684698265
2022,02,CHE.7.2_1,0.1949008275188914,0.21388001862801526
2022,02,CHE.7.3_1,0.21425186746226235,0.17396536622440886
2022,02,CHE.7.4_1,0.23875479752143924,0.17268876310915748
2022,02,CHE.7.5_1,0.12297912756803317,0.18614765005305708
2022,02,CHE.7.6_1,0.21377221292459686,0.18219810544765666
2022,02,CHE.7.7_1,0.1661389999943074,0.1529058900797773
2022,02,CHE.8.1_1,0.2742042432626434,0.1894757722674528
2022,02,CHE.9.1_1,0.20398702733454765,0.17625768887869595
2022,02,CYP.1_1,0,0
2022,02,CYP.2_1,0,0
2022,02,CYP.3_1,0,0
2022,02,CYP.4_1,0,0
2022,02,CYP.5_1,0,0
2022,02,CZE.1.1_1,0,0
2022,02,CZE.1.2_1,0.03463243828903106,0.11200137413269756
2022,02,CZE.1.3_1,0.033664621969196735,0.10500128824940386
2022,02,CZE.1.4_1,0,0
2022,02,CZE.1.5_1,0.029961795807965656,0.08100099379239724
2022,02,CZE.1.6_1,0,0
2022,02,CZE.1.7_1,0,0
2022,02,CZE.10.1_1,0,0
2022,02,CZE.10.2_1,0,0
2022,02,CZE.10.3_1,0,0
2022,02,CZE.10.4_1,0,0
2022,02,CZE.10.5_1,0,0
2022,02,CZE.10.6_1,0,0
2022,02,CZE.10.7_1,0,0
2022,02,CZE.11.10_1,0,0
2022,02,CZE.11.11_1,0,0
2022,02,CZE.11.12_1,0,0
2022,02,CZE.11.13_1,0,0
2022,02,CZE.11.14_1,0,0
2022,02,CZE.11.15_1,0,0
2022,02,CZE.11.16_1,0,0
2022,02,CZE.11.17_1,0,0
2022,02,CZE.11.18_1,0,0
2022,02,CZE.11.19_1,0,0
2022,02,CZE.11.20_1,0,0
2022,02,CZE.11.21_1,0,0
2022,02,CZE.11.22_1,0,0
2022,02,CZE.11.2_1,0,0
2022,02,CZE.11.3_1,0,0
2022,02,CZE.11.4_1,0,0
2022,02,CZE.11.5_1,0,0
2022,02,CZE.11.6_1,0,0
2022,02,CZE.11.7_1,0,0
2022,02,CZE.11.8_1,0,0
2022,02,CZE.11.9_1,0,0
2022,02,CZE.12.10_1,0,0
2022,02,CZE.12.11_1,0,0
2022,02,CZE.12.12_1,0,0
2022,02,CZE.12.1_1,0,0
2022,02,CZE.12.2_1,0,0
2022,02,CZE.12.3_1,0,0
2022,02,CZE.12.4_1,0,0
2022,02,CZE.12.5_1,0,0
2022,02,CZE.12.6_1,0,0
2022,02,CZE.12.7_1,0,0
2022,02,CZE.12.8_1,0,0
2022,02,CZE.12.9_1,0,0
2022,02,CZE.13.1_1,0,0
2022,02,CZE.13.2_1,0,0
2022,02,CZE.13.3_1,0,0
2022,02,CZE.13.4_1,0,0
2022,02,CZE.13.5_1,0,0
2022,02,CZE.13.6_1,0,0
2022,02,CZE.13.7_1,0,0
2022,02,CZE.14.1_1,0,0
2022,02,CZE.14.2_1,0,0
2022,02,CZE.14.3_1,0,0
2022,02,CZE.14.4_1,0,0
2022,02,CZE.2.1_1,0,0
2022,02,CZE.2.2_1,0,0
2022,02,CZE.2.3_1,0,0
2022,02,CZE.2.4_1,0,0
2022,02,CZE.2.5_1,0,0
2022,02,CZE.2.6_1,0,0
2022,02,CZE.2.7_1,0.03422312596559959,0.10900133732557163
2022,02,CZE.3.1_1,0,0
2022,02,CZE.3.2_1,0,0
2022,02,CZE.3.3_1,0,0
2022,02,CZE.4.1_1,0,0
2022,02,CZE.4.2_1,0,0
2022,02,CZE.4.3_1,0,0
2022,02,CZE.4.4_1,0,0
2022,02,CZE.4.5_1,0,0
2022,02,CZE.5.1_1,0,0
2022,02,CZE.5.2_1,0,0
2022,02,CZE.5.3_1,0,0
2022,02,CZE.5.4_1,0,0
2022,02,CZE.5.5_1,0,0
2022,02,CZE.6.1_1,0,0
2022,02,CZE.6.2_1,0,0
2022,02,CZE.6.3_1,0,0
2022,02,CZE.6.4_1,0,0
2022,02,CZE.7.1_1,0,0
2022,02,CZE.7.2_1,0,0
2022,02,CZE.7.5_1,0,0
2022,02,CZE.8.1_1,0,0
2022,02,CZE.8.2_1,0,0
2022,02,CZE.8.3_1,0,0
2022,02,CZE.8.4_1,0,0
2022,02,CZE.8.5_1,0,0
2022,02,CZE.9.1_1,0,0
2022,02,CZE.9.2_1,0,0
2022,02,CZE.9.3_1,0,0
2022,02,CZE.9.4_1,0,0
2022,02,DEU.1.10_1,0.12240500333503798,0.047738625789967494
2022,02,DEU.1.11_1,0.16199544685946604,0.051191462105545704
2022,02,DEU.1.12_1,0.028386236131298377,0.07200088337101976
2022,02,DEU.1.13_1,0.0933294843380645,0.049586787403394506
2022,02,DEU.1.14_1,0.14445824483705288,0.04965405996869179
2022,02,DEU.1.15_1,0.027833444841484437,0.06900084656389403
2022,02,DEU.1.16_1,0.0779386157330497,0.04932395930706589
2022,02,DEU.1.17_1,0.0280193508321422,0.07000085883293598
2022,02,DEU.1.18_1,0.17061302722767274,0.05741896880047048
2022,02,DEU.1.19_1,0.09065968496897525,0.045736208702173625
2022,02,DEU.1.1_1,0.20119406731363312,0.07054922437596395
2022,02,DEU.1.20_1,0.0282036038661839,0.07100087110197781
2022,02,DEU.1.21_1,0.14248265863424692,0.05757657035949073
2022,02,DEU.1.22_1,0.13660712821365303,0.06581523058253484
2022,02,DEU.1.23_1,0.19320276446617163,0.10924895144986196
2022,02,DEU.1.24_1,0.16094887606095876,0.06064547584500939
2022,02,DEU.1.25_1,0.10683220376917994,0.0573682288404109
2022,02,DEU.1.26_1,0.030129771745763204,0.08200100606143917
2022,02,DEU.1.27_1,0.12574736649894772,0.052696424209100506
2022,02,DEU.1.28_1,0.196446422705963,0.06909803139195057
2022,02,DEU.1.29_1,0.15596567486919405,0.05248098397086755
2022,02,DEU.1.2_1,0.0264828571999986,0.06200076068060044
2022,02,DEU.1.30_1,0.029792468029686686,0.08000098152335529
2022,02,DEU.1.31_1,0.1203234024063509,0.057023118349001305
2022,02,DEU.1.32_1,0.17265932993772082,0.0729184303207973
2022,02,DEU.1.33_1,0.1411411123793327,0.05845903216078845
2022,02,DEU.1.34_1,0.13151216378146907,0.05904324559456151
2022,02,DEU.1.35_1,0.19871739911353659,0.06754045247565038
2022,02,DEU.1.36_1,0.10301097393361507,0.044821545301903624
2022,02,DEU.1.37_1,0.12722069032720262,0.04814305726464686
2022,02,DEU.1.38_1,0.10648514213174419,0.0508225841855101
2022,02,DEU.1.39_1,0.1258732253294372,0.057305164873563394
2022,02,DEU.1.3_1,0.16518299030666145,0.05632668035729481
2022,02,DEU.1.40_1,0.025460143610822425,0.057000699335390724
2022,02,DEU.1.41_1,0.08827374678066002,0.046252864570671244
2022,02,DEU.1.42_1,0.14644460804148965,0.05570219708745986
2022,02,DEU.1.43_1,0.026079972360665435,0.06000073614251644
2022,02,DEU.1.44_1,0.1577887243251917,0.07446497716038904
2022,02,DEU.1.45_1,0.11535552342494056,0.04807347710391323
2022,02,DEU.1.4_1,0.12351075300893959,0.05285259294359017
2022,02,DEU.1.5_1,0.03422312596559959,0.10900133732557163
2022,02,DEU.1.6_1,0.1264893437484901,0.06351454092894179
2022,02,DEU.1.7_1,0.19365368887197454,0.07046068833567784
2022,02,DEU.1.8_1,0.11181880833643255,0.04436438818638095
2022,02,DEU.1.9_1,0.13418290433841046,0.069373795397636
2022,02,DEU.10.10_1,0.03476711118556502,0.1130013864017394
2022,02,DEU.10.11_1,0.031110452650405677,0.010607651841332071
2022,02,DEU.10.12_1,0,0
2022,02,DEU.10.13_1,0.09580253990519665,0.07763237314396142
2022,02,DEU.10.14_1,0,0
2022,02,DEU.10.15_1,0.029276138152706542,0.0063763617684853835
2022,02,DEU.10.16_1,0,0
2022,02,DEU.10.17_1,0,0
2022,02,DEU.10.18_1,0.07358794995298705,0.05205847531751874
2022,02,DEU.10.19_1,0.06516477820016488,0.044804124237491125
2022,02,DEU.10.1_1,0.031110452650405695,0.08800107967569083
2022,02,DEU.10.20_1,0,0
2022,02,DEU.10.21_1,0,0
2022,02,DEU.10.22_1,0.05888499271174643,0.03315237295282807
2022,02,DEU.10.23_1,0.05388063218976581,0.01787922720376183
2022,02,DEU.10.24_1,0.034360456154967765,0.11000134959461358
2022,02,DEU.10.25_1,0.03408488866363417,0.10800132505652969
2022,02,DEU.10.26_1,0.03189427192407056,0.09300114102090055
2022,02,DEU.10.27_1,0.11701899479556939,0.08008568269050963
2022,02,DEU.10.28_1,0.051295941513520106,0.017113809438246523
2022,02,DEU.10.29_1,0.05916347696269367,0.033679001097186745
2022,02,DEU.10.2_1,0,0
2022,02,DEU.10.30_1,0.10095403486811058,0.08740942199138589
2022,02,DEU.10.31_1,0.0323509774217326,0.09600117782802638
2022,02,DEU.10.32_1,0,0
2022,02,DEU.10.33_1,0,0
2022,02,DEU.10.34_1,0.10620594953791351,0.08129956464058694
2022,02,DEU.10.35_1,0,0
2022,02,DEU.10.36_1,0.038962885925033386,0.020366257608020338
2022,02,DEU.10.37_1,0.04988969492105303,0.0237132572697722
2022,02,DEU.10.38_1,0,0
2022,02,DEU.10.39_1,0.03219983654111588,0.09500116555898444
2022,02,DEU.10.3_1,0.03542769286938431,0.118001447746949
2022,02,DEU.10.40_1,0.09533406347734258,0.08600403382316989
2022,02,DEU.10.41_1,0.08478608569895,0.08459583909572184
2022,02,DEU.10.42_1,0.1365718999948411,0.09365837374195381
2022,02,DEU.10.43_1,0.08573117050733413,0.0864943827976906
2022,02,DEU.10.44_1,0.0706829323919777,0.04293357623073232
2022,02,DEU.10.45_1,0,0
2022,02,DEU.10.46_1,0.03309086406554442,0.10100123917323608
2022,02,DEU.10.47_1,0.08043958871919928,0.060753927600379
2022,02,DEU.10.48_1,0,0
2022,02,DEU.10.49_1,0,0
2022,02,DEU.10.4_1,0.04365050237982649,0.011050809321273098
2022,02,DEU.10.50_1,0.06115082936771177,0.040142612636906015
2022,02,DEU.10.51_1,0,0
2022,02,DEU.10.52_1,0,0
2022,02,DEU.10.53_1,0.03029641832858461,0.08300101833048112
2022,02,DEU.10.5_1,0,0
2022,02,DEU.10.6_1,0,0
2022,02,DEU.10.7_1,0,0
2022,02,DEU.10.8_1,0.03408488866363412,0.10800132505652969
2022,02,DEU.10.9_1,0.1124938532482802,0.0786475148838366
2022,02,DEU.11.10_1,0.5725852538918914,0.1486798954399342
2022,02,DEU.11.11_1,0.0413468944369525,0.17100209800617208
2022,02,DEU.11.12_1,0.19268545509707086,0.11980315847544645
2022,02,DEU.11.13_1,0.03490091888776793,0.11400139867078145
2022,02,DEU.11.14_1,0.17160815209595975,0.059198668213744636
2022,02,DEU.11.15_1,0.03693166412958846,0.1300015949754524
2022,02,DEU.11.16_1,0.3725620661481721,0.1522365186797761
2022,02,DEU.11.17_1,0.03476711118556496,0.1130013864017394
2022,02,DEU.11.18_1,0.03594137999142542,0.12200149682311699
2022,02,DEU.11.19_1,0.3004220226893026,0.14201765957994034
2022,02,DEU.11.1_1,0.3051907459692608,0.13208637675644133
2022,02,DEU.11.20_1,0.03681048227822917,0.1290015827064105
2022,02,DEU.11.21_1,0.3262686666341088,0.12626808354455077
2022,02,DEU.11.22_1,0.0346324382890311,0.11200137413269756
2022,02,DEU.11.23_1,0.2646410044340011,0.11426774990646048
2022,02,DEU.11.24_1,0.03821850661682483,0.1410017299349138
2022,02,DEU.11.25_1,0.4363948303245229,0.14869875159579757
2022,02,DEU.11.26_1,0.4552270141738308,0.1668763937758386
2022,02,DEU.11.27_1,0.1768728536649829,0.12521774333784655
2022,02,DEU.11.28_1,0.03855544350450708,0.14400176674203963
2022,02,DEU.11.29_1,0.31505573219287114,0.13982665710536757
2022,02,DEU.11.2_1,0.39867714749244515,0.14308189550268746
2022,02,DEU.11.30_1,0.32174345603513044,0.12915076607044376
2022,02,DEU.11.31_1,0.1412152156033757,0.019337655858338028
2022,02,DEU.11.32_1,0,0
2022,02,DEU.11.33_1,0.37346035467166894,0.1343595562415873
2022,02,DEU.11.34_1,0.4744989247392655,0.12019001892966935
2022,02,DEU.11.35_1,0.03394573316696255,0.10700131278748774
2022,02,DEU.11.36_1,0.035297248905903904,0.11700143547790717
2022,02,DEU.11.3_1,0.3130223187282811,0.15603861176600548
2022,02,DEU.11.4_1,0.23471615468954488,0.11562650756263271
2022,02,DEU.11.5_1,0.4004287962743247,0.1454261353195159
2022,02,DEU.11.6_1,0.3677587479109951,0.13233246989428835
2022,02,DEU.11.7_1,0.35573732449096435,0.1396930028748666
2022,02,DEU.11.8_1,0.34210291516530683,0.13900669036806126
2022,02,DEU.11.9_1,0.34194100167322317,0.15619467824280722
2022,02,DEU.12.1_1,0.05345773990699399,0.039672247308758186
2022,02,DEU.12.2_1,0.07980101000616756,0.0853264085103419
2022,02,DEU.12.3_1,0.08863129977546597,0.07553708431230878
2022,02,DEU.12.4_1,0.07282175086337823,0.039217723311190694
2022,02,DEU.12.5_1,0.081485096636315,0.08945888186550369
2022,02,DEU.12.6_1,0.08312339709138004,0.08079013212181706
2022,02,DEU.13.10_1,0,0
2022,02,DEU.13.11_1,0,0
2022,02,DEU.13.12_1,0,0
2022,02,DEU.13.13_1,0,0
2022,02,DEU.13.14_1,0,0
2022,02,DEU.13.1_1,0,0
2022,02,DEU.13.2_1,0,0
2022,02,DEU.13.3_1,0,0
2022,02,DEU.13.4_1,0,0
2022,02,DEU.13.5_1,0,0
2022,02,DEU.13.6_1,0,0
2022,02,DEU.13.7_1,0,0
2022,02,DEU.13.8_1,0,0
2022,02,DEU.13.9_1,0,0
2022,02,DEU.14.10_1,0,0
2022,02,DEU.14.11_1,0,0
2022,02,DEU.14.12_1,0,0
2022,02,DEU.14.13_1,0,0
2022,02,DEU.14.1_1,0,0
2022,02,DEU.14.2_1,0,0
2022,02,DEU.14.3_1,0,0
2022,02,DEU.14.4_1,0,0
2022,02,DEU.14.5_1,0,0
2022,02,DEU.14.6_1,0,0
2022,02,DEU.14.7_1,0,0
2022,02,DEU.14.8_1,0,0
2022,02,DEU.14.9_1,0,0
2022,02,DEU.15.10_1,0,0
2022,02,DEU.15.11_1,0,0
2022,02,DEU.15.12_1,0,0
2022,02,DEU.15.13_1,0,0
2022,02,DEU.15.14_1,0,0
2022,02,DEU.15.15_1,0,0
2022,02,DEU.15.1_1,0,0
2022,02,DEU.15.2_1,0,0
2022,02,DEU.15.3_1,0,0
2022,02,DEU.15.4_1,0,0
2022,02,DEU.15.5_1,0,0
2022,02,DEU.15.6_1,0,0
2022,02,DEU.15.7_1,0,0
2022,02,DEU.15.8_1,0,0
2022,02,DEU.15.9_1,0,0
2022,02,DEU.16.10_1,0,0
2022,02,DEU.16.11_1,0,0
2022,02,DEU.16.12_1,0,0
2022,02,DEU.16.13_1,0,0
2022,02,DEU.16.14_1,0,0
2022,02,DEU.16.15_1,0,0
2022,02,DEU.16.16_1,0,0
2022,02,DEU.16.17_1,0,0
2022,02,DEU.16.18_1,0,0
2022,02,DEU.16.19_1,0,0
2022,02,DEU.16.1_1,0,0
2022,02,DEU.16.20_1,0,0
2022,02,DEU.16.21_1,0,0
2022,02,DEU.16.22_1,0,0
2022,02,DEU.16.23_1,0,0
2022,02,DEU.16.2_1,0,0
2022,02,DEU.16.3_1,0,0
2022,02,DEU.16.4_1,0,0
2022,02,DEU.16.5_1,0,0
2022,02,DEU.16.6_1,0,0
2022,02,DEU.16.7_1,0,0
2022,02,DEU.16.8_1,0,0
2022,02,DEU.16.9_1,0,0
2022,02,DEU.2.10_1,0.15457489786030593,0.04556942822185196
2022,02,DEU.2.11_1,0.03232393987582726,0.002446507841810762
2022,02,DEU.2.12_1,0.025035993135756742,0.0025241245891374814
2022,02,DEU.2.13_1,0,0
2022,02,DEU.2.14_1,0,0
2022,02,DEU.2.15_1,0,0
2022,02,DEU.2.16_1,0,0
2022,02,DEU.2.17_1,0.1280153721586954,0.10013521882551896
2022,02,DEU.2.18_1,0,0
2022,02,DEU.2.19_1,0,0
2022,02,DEU.2.1_1,0.11141093055350246,0.04599586709629625
2022,02,DEU.2.20_1,0,0
2022,02,DEU.2.21_1,0.05583312912650206,0.01655134267550182
2022,02,DEU.2.22_1,0,0
2022,02,DEU.2.23_1,0.12155515260894031,0.04894499725683389
2022,02,DEU.2.24_1,0,0
2022,02,DEU.2.25_1,0.16206407011003401,0.05206727780471592
2022,02,DEU.2.26_1,0.13921530992977235,0.08031123452251883
2022,02,DEU.2.27_1,0.1310303606946171,0.05008701020928105
2022,02,DEU.2.28_1,0.032024078898310895,0.0035729606290653484
2022,02,DEU.2.29_1,0,0
2022,02,DEU.2.2_1,0.026079972360665435,0.002652552437777082
2022,02,DEU.2.30_1,0,0
2022,02,DEU.2.31_1,0,0
2022,02,DEU.2.32_1,0,0
2022,02,DEU.2.33_1,0,0
2022,02,DEU.2.34_1,0.04162494220676871,0.004936836479533869
2022,02,DEU.2.35_1,0.1095766125373391,0.046436022829819734
2022,02,DEU.2.36_1,0.028728926776812987,0.0052405727080450035
2022,02,DEU.2.37_1,0.06215642670688664,0.016192614346219898
2022,02,DEU.2.38_1,0.13745524875947174,0.048175403488117316
2022,02,DEU.2.39_1,0,0
2022,02,DEU.2.3_1,0,0
2022,02,DEU.2.40_1,0,0
2022,02,DEU.2.41_1,0,0
2022,02,DEU.2.42_1,0.028203603866183976,0.07100087110197781
2022,02,DEU.2.43_1,0.02018204887876943,0.03500042941646799
2022,02,DEU.2.44_1,0.03286798679811341,0.003513548596104266
2022,02,DEU.2.45_1,0.024820471250793553,0.0540006625282649
2022,02,DEU.2.46_1,0.04611639037293646,0.006304168610984796
2022,02,DEU.2.47_1,0,0
2022,02,DEU.2.48_1,0,0
2022,02,DEU.2.49_1,0.1314946020633236,0.048197210919857424
2022,02,DEU.2.4_1,0,0
2022,02,DEU.2.50_1,0,0
2022,02,DEU.2.51_1,0,0
2022,02,DEU.2.52_1,0,0
2022,02,DEU.2.53_1,0.1313280388848698,0.0906423391509313
2022,02,DEU.2.54_1,0.025035993135756746,0.055000674797306845
2022,02,DEU.2.55_1,0.18380683123320748,0.06436025298755717
2022,02,DEU.2.56_1,0.025875478657886315,0.05900072387347461
2022,02,DEU.2.57_1,0.06528422015827375,0.023457357951507746
2022,02,DEU.2.58_1,0.12974376114726138,0.04471052902256524
2022,02,DEU.2.59_1,0.05689034972395135,0.011525179070357654
2022,02,DEU.2.5_1,0.022522824832327617,0.04400053983784547
2022,02,DEU.2.60_1,0.045726142899115904,0.005948522993905095
2022,02,DEU.2.61_1,0.11019060566830531,0.05498907106857786
2022,02,DEU.2.62_1,0.09687146931085065,0.046368488972376096
2022,02,DEU.2.63_1,0.03150298170089974,0.004713489572215789
2022,02,DEU.2.64_1,0.07494981757866737,0.01440330511752967
2022,02,DEU.2.65_1,0,0
2022,02,DEU.2.66_1,0,0
2022,02,DEU.2.67_1,0,0
2022,02,DEU.2.68_1,0.1339733323836947,0.057793994799615354
2022,02,DEU.2.69_1,0.16112482446481666,0.05317265117465078
2022,02,DEU.2.6_1,0.17655849085804676,0.048295651651445
2022,02,DEU.2.70_1,0.029621765228237763,0.07900096925431335
2022,02,DEU.2.71_1,0.08183605897848588,0.016459845179017045
2022,02,DEU.2.72_1,0.054978813722738246,0.014617396303951317
2022,02,DEU.2.73_1,0,0
2022,02,DEU.2.74_1,0,0
2022,02,DEU.2.75_1,0,0
2022,02,DEU.2.76_1,0,0
2022,02,DEU.2.77_1,0.029621765228237788,0.07900096925431335
2022,02,DEU.2.78_1,0.18974536090191677,0.07114582309671497
2022,02,DEU.2.79_1,0.04021128538716876,0.006832765724974764
2022,02,DEU.2.7_1,0.02393395001112717,0.05000061345209713
2022,02,DEU.2.80_1,0.02668134048468274,0.0021642312933576754
2022,02,DEU.2.81_1,0,0
2022,02,DEU.2.82_1,0,0
2022,02,DEU.2.83_1,0,0
2022,02,DEU.2.84_1,0.03984356706689772,0.004007916926984317
2022,02,DEU.2.85_1,0.0528078050055414,0.016582753142098738
2022,02,DEU.2.86_1,0,0
2022,02,DEU.2.87_1,0,0
2022,02,DEU.2.88_1,0,0
2022,02,DEU.2.89_1,0.09625520639631456,0.023413829000215568
2022,02,DEU.2.8_1,0.07633344427599438,0.01367226636609558
2022,02,DEU.2.90_1,0.16273896676501307,0.045181886982968475
2022,02,DEU.2.91_1,0.02687790942984351,0.06400078521868433
2022,02,DEU.2.92_1,0,0
2022,02,DEU.2.93_1,0.0681423513353553,0.01250328950267027
2022,02,DEU.2.94_1,0.12249930242622496,0.049754889363759186
2022,02,DEU.2.95_1,0,0
2022,02,DEU.2.96_1,0.16817534694545186,0.04612579253609486
2022,02,DEU.2.9_1,0.02415937912315533,0.05100062572113907
2022,02,DEU.3.1_1,0,0
2022,02,DEU.4.10_1,0,0
2022,02,DEU.4.11_1,0,0
2022,02,DEU.4.12_1,0,0
2022,02,DEU.4.13_1,0,0
2022,02,DEU.4.14_1,0,0
2022,02,DEU.4.15_1,0,0
2022,02,DEU.4.16_1,0,0
2022,02,DEU.4.17_1,0,0
2022,02,DEU.4.18_1,0,0
2022,02,DEU.4.1_1,0,0
2022,02,DEU.4.2_1,0,0
2022,02,DEU.4.3_1,0,0
2022,02,DEU.4.4_1,0,0
2022,02,DEU.4.5_1,0,0
2022,02,DEU.4.6_1,0,0
2022,02,DEU.4.7_1,0,0
2022,02,DEU.4.8_1,0,0
2022,02,DEU.4.9_1,0,0
2022,02,DEU.5.1_1,0.03408488866363426,0.10800132505652969
2022,02,DEU.5.2_1,0,0
2022,02,DEU.6.1_1,0,0
2022,02,DEU.7.10_1,0,0
2022,02,DEU.7.11_1,0,0
2022,02,DEU.7.12_1,0.14324996570186083,0.08393963083551546
2022,02,DEU.7.13_1,0.1343578663917023,0.0900275624767296
2022,02,DEU.7.14_1,0.07564778365818263,0.018861812108561707
2022,02,DEU.7.15_1,0.11782199320852464,0.1139890313909265
2022,02,DEU.7.16_1,0.14601592712544867,0.09213501545807455
2022,02,DEU.7.17_1,0.1339621700097501,0.12411129493862035
2022,02,DEU.7.18_1,0,0
2022,02,DEU.7.19_1,0.08014986747241093,0.05189403302536242
2022,02,DEU.7.1_1,0.16441326336133863,0.11738264893661242
2022,02,DEU.7.20_1,0.1412261035779689,0.11601327103665451
2022,02,DEU.7.21_1,0.0630862067406748,0.014652869283317264
2022,02,DEU.7.22_1,0.1360068745318522,0.09261044884772841
2022,02,DEU.7.23_1,0.049675549078240906,0.010771953149044276
2022,02,DEU.7.24_1,0,0
2022,02,DEU.7.25_1,0.07540059984947849,0.023417161690033685
2022,02,DEU.7.26_1,0.037526884691295656,0.13500165632066213
2022,02,DEU.7.2_1,0.16563749622964863,0.11886592640809737
2022,02,DEU.7.3_1,0.033805648136785264,0.1060013005184458
2022,02,DEU.7.4_1,0.03668857146859414,0.12800157043736854
2022,02,DEU.7.5_1,0.07065443371999636,0.021559202146982037
2022,02,DEU.7.6_1,0.13582404813304477,0.09826732081714311
2022,02,DEU.7.7_1,0.13806912100985114,0.13849803661387597
2022,02,DEU.7.8_1,0.04222140729078225,0.008711333853748006
2022,02,DEU.7.9_1,0.08448472025327845,0.053706952120378126
2022,02,DEU.8.1_1,0,0
2022,02,DEU.8.2_1,0,0
2022,02,DEU.8.3_1,0,0
2022,02,DEU.8.4_1,0,0
2022,02,DEU.8.5_1,0,0
2022,02,DEU.8.6_1,0,0
2022,02,DEU.8.7_1,0,0
2022,02,DEU.8.8_1,0,0
2022,02,DEU.9.10_1,0,0
2022,02,DEU.9.11_1,0,0
2022,02,DEU.9.12_1,0.03111045265040567,0.002292172319120932
2022,02,DEU.9.13_1,0.045785840294673426,0.01920241291714962
2022,02,DEU.9.14_1,0,0
2022,02,DEU.9.15_1,0.09612958543020982,0.0411075080779909
2022,02,DEU.9.16_1,0.085342607983991,0.08576168399598622
2022,02,DEU.9.17_1,0,0
2022,02,DEU.9.18_1,0.07026488042494236,0.020357919644824616
2022,02,DEU.9.19_1,0,0
2022,02,DEU.9.1_1,0,0
2022,02,DEU.9.20_1,0.19344311813989432,0.09059431781694541
2022,02,DEU.9.21_1,0.20412815648097424,0.10585594729339332
2022,02,DEU.9.22_1,0,0
2022,02,DEU.9.23_1,0,0
2022,02,DEU.9.24_1,0,0
2022,02,DEU.9.25_1,0.18788251051586502,0.09593023824833755
2022,02,DEU.9.26_1,0.06414467811708656,0.03415715246137892
2022,02,DEU.9.27_1,0,0
2022,02,DEU.9.28_1,0.07516142831126273,0.03665144659501604
2022,02,DEU.9.29_1,0,0
2022,02,DEU.9.2_1,0,0
2022,02,DEU.9.30_1,0.04852919974500609,0.0066126504130556586
2022,02,DEU.9.31_1,0,0
2022,02,DEU.9.32_1,0,0
2022,02,DEU.9.33_1,0.06549649413882279,0.05774875531439953
2022,02,DEU.9.34_1,0.13462830365423717,0.08097519250141372
2022,02,DEU.9.35_1,0,0
2022,02,DEU.9.36_1,0.02820360386618394,0.07100087110197781
2022,02,DEU.9.37_1,0.1820642552420839,0.081796423625093
2022,02,DEU.9.38_1,0,0
2022,02,DEU.9.39_1,0,0
2022,02,DEU.9.3_1,0,0
2022,02,DEU.9.40_1,0.050368553436222596,0.024310494354639958
2022,02,DEU.9.41_1,0.05587814588253441,0.028573333764241416
2022,02,DEU.9.42_1,0,0
2022,02,DEU.9.43_1,0,0
2022,02,DEU.9.44_1,0,0
2022,02,DEU.9.45_1,0.048952295893414835,0.006374881307586257
2022,02,DEU.9.46_1,0,0
2022,02,DEU.9.4_1,0.08165031732487557,0.030278279600001887
2022,02,DEU.9.5_1,0,0
2022,02,DEU.9.6_1,0,0
2022,02,DEU.9.7_1,0.03219983654111583,0.09500116555898444
2022,02,DEU.9.8_1,0.2124279089916919,0.0947866803938366
2022,02,DEU.9.9_1,0,0
2022,02,DNK.1.10_1,0,0
2022,02,DNK.1.11_1,0,0
2022,02,DNK.1.12_1,0,0
2022,02,DNK.1.13_1,0,0
2022,02,DNK.1.14_1,0,0
2022,02,DNK.1.15_1,0,0
2022,02,DNK.1.16_1,0,0
2022,02,DNK.1.17_1,0,0
2022,02,DNK.1.18_1,0,0
2022,02,DNK.1.19_1,0,0
2022,02,DNK.1.1_1,0,0
2022,02,DNK.1.20_1,0,0
2022,02,DNK.1.21_1,0,0
2022,02,DNK.1.22_1,0,0
2022,02,DNK.1.23_1,0,0
2022,02,DNK.1.24_1,0,0
2022,02,DNK.1.25_1,0,0
2022,02,DNK.1.26_1,0,0
2022,02,DNK.1.27_1,0,0
2022,02,DNK.1.28_1,0,0
2022,02,DNK.1.2_1,0,0
2022,02,DNK.1.30_1,0,0
2022,02,DNK.1.3_1,0,0
2022,02,DNK.1.4_1,0,0
2022,02,DNK.1.5_1,0,0
2022,02,DNK.1.8_1,0,0
2022,02,DNK.1.9_1,0,0
2022,02,DNK.2.10_1,0,0
2022,02,DNK.2.11_1,0,0
2022,02,DNK.2.12_1,0,0
2022,02,DNK.2.14_1,0,0
2022,02,DNK.2.15_1,0,0
2022,02,DNK.2.16_1,0,0
2022,02,DNK.2.17_1,0,0
2022,02,DNK.2.18_1,0,0
2022,02,DNK.2.19_1,0,0
2022,02,DNK.2.1_1,0,0
2022,02,DNK.2.2_1,0,0
2022,02,DNK.2.3_1,0,0
2022,02,DNK.2.4_1,0,0
2022,02,DNK.2.5_1,0,0
2022,02,DNK.2.6_1,0,0
2022,02,DNK.2.7_1,0,0
2022,02,DNK.2.8_1,0,0
2022,02,DNK.2.9_1,0,0
2022,02,DNK.2_1,0,0
2022,02,DNK.3.10_1,0,0
2022,02,DNK.3.11_1,0,0
2022,02,DNK.3.1_1,0,0
2022,02,DNK.3.2_1,0,0
2022,02,DNK.3.3_1,0,0
2022,02,DNK.3.4_1,0,0
2022,02,DNK.3.5_1,0,0
2022,02,DNK.3.7_1,0,0
2022,02,DNK.3.8_1,0,0
2022,02,DNK.3.9_1,0,0
2022,02,DNK.4.10_1,0,0
2022,02,DNK.4.11_1,0,0
2022,02,DNK.4.12_1,0,0
2022,02,DNK.4.13_1,0,0
2022,02,DNK.4.14_1,0,0
2022,02,DNK.4.15_1,0,0
2022,02,DNK.4.16_1,0,0
2022,02,DNK.4.17_1,0,0
2022,02,DNK.4.1_1,0,0
2022,02,DNK.4.2_1,0,0
2022,02,DNK.4.3_1,0,0
2022,02,DNK.4.4_1,0,0
2022,02,DNK.4.5_1,0,0
2022,02,DNK.4.6_1,0,0
2022,02,DNK.4.7_1,0,0
2022,02,DNK.4.8_1,0,0
2022,02,DNK.4.9_1,0,0
2022,02,DNK.5.10_1,0,0
2022,02,DNK.5.11_1,0,0
2022,02,DNK.5.12_1,0,0
2022,02,DNK.5.13_1,0,0
2022,02,DNK.5.14_1,0,0
2022,02,DNK.5.15_1,0,0
2022,02,DNK.5.16_1,0,0
2022,02,DNK.5.17_1,0,0
2022,02,DNK.5.18_1,0,0
2022,02,DNK.5.19_1,0,0
2022,02,DNK.5.1_1,0,0
2022,02,DNK.5.20_1,0,0
2022,02,DNK.5.21_1,0,0
2022,02,DNK.5.22_1,0,0
2022,02,DNK.5.2_1,0,0
2022,02,DNK.5.3_1,0,0
2022,02,DNK.5.4_1,0,0
2022,02,DNK.5.5_1,0,0
2022,02,DNK.5.6_1,0,0
2022,02,DNK.5.8_1,0,0
2022,02,DNK.5.9_1,0,0
2022,02,ESP.1.1_1,0,0
2022,02,ESP.1.2_1,0,0
2022,02,ESP.1.3_1,0,0
2022,02,ESP.1.4_1,0,0
2022,02,ESP.1.5_1,0,0
2022,02,ESP.1.6_1,0,0
2022,02,ESP.1.7_1,0,0
2022,02,ESP.1.8_1,0,0
2022,02,ESP.10.1_1,0,0
2022,02,ESP.10.2_1,0,0
2022,02,ESP.10.3_1,0,0
2022,02,ESP.11.1_1,0,0
2022,02,ESP.11.2_1,0,0
2022,02,ESP.12.1_1,0,0
2022,02,ESP.12.2_1,0.12833197978975774,0.052997868685799795
2022,02,ESP.12.3_1,0,0
2022,02,ESP.12.4_1,0,0
2022,02,ESP.13.1_1,0,0
2022,02,ESP.14.1_1,0,0
2022,02,ESP.15.1_1,0.1631897859248663,0.029265946969631713
2022,02,ESP.16.1_1,0.3822881566249405,0.4680444912816367
2022,02,ESP.16.2_1,0.49631948128631354,0.578982122243675
2022,02,ESP.16.3_1,0.5329714531500331,0.4836598350511094
2022,02,ESP.17.1_1,0.371602627656134,0.2174846978418288
2022,02,ESP.18.1_1,0,0
2022,02,ESP.2.1_1,0,0
2022,02,ESP.2.2_1,0,0
2022,02,ESP.2.3_1,0,0
2022,02,ESP.3.1_1,0.3564298810538762,0.13475728091709405
2022,02,ESP.4.1_1,0,0
2022,02,ESP.4.2_1,0,0
2022,02,ESP.4.3_1,0,0
2022,02,ESP.4.4_1,0,0
2022,02,ESP.4.5_1,0,0
2022,02,ESP.5.1_1,0,0
2022,02,ESP.5.2_1,0.24199735841112183,0.22077909340491272
2022,02,ESP.5.3_1,0.2116903990628434,0.2716567042584903
2022,02,ESP.5.4_1,0.12264285217550118,0.38363082837603896
2022,02,ESP.5.5_1,0,0
2022,02,ESP.5.6_1,0,0
2022,02,ESP.5.7_1,0,0
2022,02,ESP.5.9_1,0,0
2022,02,ESP.6.1_1,0,0
2022,02,ESP.6.2_1,0,0
2022,02,ESP.6.3_1,0,0
2022,02,ESP.6.4_1,0,0
2022,02,ESP.7.1_1,0,0
2022,02,ESP.8.1_1,0,0
2022,02,ESP.9.1_1,0.3120469255266831,0.052445855184310095
2022,02,FIN.2.1_1,0,0
2022,02,FIN.3.2_1,0,0
2022,02,FIN.4.5_1,0,0
2022,02,FIN.5.3_1,0,0
2022,02,FIN.5.6_1,0,0
2022,02,FIN.5.7_1,0,0
2022,02,FIN.5.9_1,0,0
2022,02,FRA.1.10_1,0,0
2022,02,FRA.1.11_1,0,0
2022,02,FRA.1.12_1,0,0
2022,02,FRA.1.1_1,0.0718000864575113,0.014743678395554634
2022,02,FRA.1.2_1,0,0
2022,02,FRA.1.3_1,0,0
2022,02,FRA.1.4_1,0,0
2022,02,FRA.1.5_1,0,0
2022,02,FRA.1.6_1,0,0
2022,02,FRA.1.7_1,0.12716716828057878,0.0534040501031685
2022,02,FRA.1.8_1,0,0
2022,02,FRA.1.9_1,0,0
2022,02,FRA.10.10_1,0,0
2022,02,FRA.10.11_1,0.0433394101901092,0.004667530058648006
2022,02,FRA.10.12_1,0,0
2022,02,FRA.10.1_1,0,0
2022,02,FRA.10.2_1,0,0
2022,02,FRA.10.3_1,0,0
2022,02,FRA.10.4_1,0,0
2022,02,FRA.10.5_1,0,0
2022,02,FRA.10.6_1,0,0
2022,02,FRA.10.7_1,0,0
2022,02,FRA.10.8_1,0,0
2022,02,FRA.10.9_1,0,0
2022,02,FRA.11.10_1,0,0
2022,02,FRA.11.11_1,0,0
2022,02,FRA.11.12_1,0,0
2022,02,FRA.11.13_1,0,0
2022,02,FRA.11.1_1,0,0
2022,02,FRA.11.2_1,0,0
2022,02,FRA.11.3_1,0,0
2022,02,FRA.11.4_1,0,0
2022,02,FRA.11.5_1,0,0
2022,02,FRA.11.6_1,0,0
2022,02,FRA.11.7_1,0,0
2022,02,FRA.11.8_1,0,0
2022,02,FRA.11.9_1,0,0
2022,02,FRA.12.1_1,0,0
2022,02,FRA.12.2_1,0,0
2022,02,FRA.12.3_1,0,0
2022,02,FRA.12.4_1,0,0
2022,02,FRA.12.5_1,0,0
2022,02,FRA.13.1_1,0,0
2022,02,FRA.13.2_1,0,0
2022,02,FRA.13.3_1,0,0
2022,02,FRA.13.4_1,0,0
2022,02,FRA.13.5_1,0,0
2022,02,FRA.13.6_1,0,0
2022,02,FRA.2.1_1,0.09390825721400553,0.023297469893623784
2022,02,FRA.2.2_1,0.20456631735216937,0.12710437755997064
2022,02,FRA.2.3_1,0.21720422788197774,0.1321005454213232
2022,02,FRA.2.4_1,0.10827132231508843,0.03594043131111004
2022,02,FRA.2.5_1,0,0
2022,02,FRA.2.6_1,0,0
2022,02,FRA.2.7_1,0.11317877765461622,0.11429224421987849
2022,02,FRA.2.8_1,0,0
2022,02,FRA.3.1_1,0,0
2022,02,FRA.3.2_1,0,0
2022,02,FRA.3.3_1,0,0
2022,02,FRA.3.4_1,0,0
2022,02,FRA.4.1_1,0,0
2022,02,FRA.4.2_1,0,0
2022,02,FRA.4.3_1,0,0
2022,02,FRA.4.4_1,0,0
2022,02,FRA.4.5_1,0,0
2022,02,FRA.4.6_1,0,0
2022,02,FRA.5.1_1,0,0
2022,02,FRA.5.2_1,0,0
2022,02,FRA.6.10_1,0.19997173497796347,0.12034564460865022
2022,02,FRA.6.1_1,0.07066262613207971,0.012779331906817685
2022,02,FRA.6.2_1,0.0668167266040257,0.014270528783036892
2022,02,FRA.6.3_1,0.20891219224569554,0.12526153705181645
2022,02,FRA.6.4_1,0.19345677059180003,0.13029243152088765
2022,02,FRA.6.5_1,0.19919183383204575,0.11918008014415606
2022,02,FRA.6.6_1,0.046275763730026204,0.0053095034506484605
2022,02,FRA.6.7_1,0.20569297735896944,0.0965985881176655
2022,02,FRA.6.8_1,0.10993212492456748,0.03696989413297587
2022,02,FRA.6.9_1,0.22114219987105813,0.09784707065339152
2022,02,FRA.7.1_1,0,0
2022,02,FRA.7.2_1,0,0
2022,02,FRA.7.3_1,0,0
2022,02,FRA.7.4_1,0,0
2022,02,FRA.7.5_1,0,0
2022,02,FRA.8.1_1,0,0
2022,02,FRA.8.2_1,0,0
2022,02,FRA.8.3_1,0,0
2022,02,FRA.8.4_1,0,0
2022,02,FRA.8.5_1,0,0
2022,02,FRA.8.6_1,0,0
2022,02,FRA.8.7_1,0,0
2022,02,FRA.8.8_1,0,0
2022,02,FRA.9.1_1,0,0
2022,02,FRA.9.2_1,0,0
2022,02,FRA.9.3_1,0,0
2022,02,FRA.9.4_1,0,0
2022,02,FRA.9.5_1,0,0
2022,02,FRO.1.1_1,0,0
2022,02,FRO.1.2_1,0,0
2022,02,FRO.1.3_1,0,0
2022,02,FRO.1.5_1,0,0
2022,02,FRO.1.6_1,0,0
2022,02,FRO.1.7_1,0,0
2022,02,FRO.2.2_1,0,0
2022,02,FRO.2.3_1,0,0
2022,02,FRO.2.4_1,0,0
2022,02,FRO.2.5_1,0,0
2022,02,FRO.2.6_1,0,0
2022,02,FRO.3.1_1,0,0
2022,02,FRO.3.3_1,0,0
2022,02,FRO.4.1_1,0,0
2022,02,FRO.4.2_1,0,0
2022,02,FRO.4.3_1,0,0
2022,02,FRO.6.1_1,0,0
2022,02,FRO.6.2_1,0,0
2022,02,GBR.1.100_1,0,0
2022,02,GBR.1.101_1,0,0
2022,02,GBR.1.102_1,0,0
2022,02,GBR.1.103_1,0,0
2022,02,GBR.1.104_1,0,0
2022,02,GBR.1.105_1,0,0
2022,02,GBR.1.106_1,0,0
2022,02,GBR.1.107_1,0,0
2022,02,GBR.1.108_1,0,0
2022,02,GBR.1.109_1,0,0
2022,02,GBR.1.10_1,0,0
2022,02,GBR.1.110_1,0,0
2022,02,GBR.1.111_1,0,0
2022,02,GBR.1.112_1,0,0
2022,02,GBR.1.113_1,0,0
2022,02,GBR.1.114_1,0,0
2022,02,GBR.1.115_1,0,0
2022,02,GBR.1.116_1,0,0
2022,02,GBR.1.117_1,0,0
2022,02,GBR.1.118_1,0,0
2022,02,GBR.1.11_1,0,0
2022,02,GBR.1.12_1,0,0
2022,02,GBR.1.13_1,0,0
2022,02,GBR.1.14_1,0,0
2022,02,GBR.1.15_1,0,0
2022,02,GBR.1.16_1,0,0
2022,02,GBR.1.17_1,0,0
2022,02,GBR.1.18_1,0,0
2022,02,GBR.1.19_1,0,0
2022,02,GBR.1.1_1,0,0
2022,02,GBR.1.20_1,0,0
2022,02,GBR.1.21_1,0,0
2022,02,GBR.1.22_1,0,0
2022,02,GBR.1.23_1,0,0
2022,02,GBR.1.24_1,0,0
2022,02,GBR.1.25_1,0,0
2022,02,GBR.1.26_1,0,0
2022,02,GBR.1.27_1,0,0
2022,02,GBR.1.28_1,0,0
2022,02,GBR.1.29_1,0,0
2022,02,GBR.1.2_1,0,0
2022,02,GBR.1.30_1,0,0
2022,02,GBR.1.31_1,0,0
2022,02,GBR.1.32_1,0,0
2022,02,GBR.1.33_1,0,0
2022,02,GBR.1.34_1,0,0
2022,02,GBR.1.35_1,0,0
2022,02,GBR.1.36_1,0,0
2022,02,GBR.1.37_1,0,0
2022,02,GBR.1.38_1,0,0
2022,02,GBR.1.39_1,0,0
2022,02,GBR.1.3_1,0,0
2022,02,GBR.1.40_1,0,0
2022,02,GBR.1.41_1,0,0
2022,02,GBR.1.42_1,0,0
2022,02,GBR.1.44_1,0,0
2022,02,GBR.1.45_1,0,0
2022,02,GBR.1.46_1,0,0
2022,02,GBR.1.47_1,0,0
2022,02,GBR.1.48_1,0,0
2022,02,GBR.1.49_1,0,0
2022,02,GBR.1.4_1,0,0
2022,02,GBR.1.50_1,0,0
2022,02,GBR.1.51_1,0,0
2022,02,GBR.1.52_1,0,0
2022,02,GBR.1.53_1,0,0
2022,02,GBR.1.54_1,0,0
2022,02,GBR.1.55_1,0,0
2022,02,GBR.1.56_1,0,0
2022,02,GBR.1.57_1,0,0
2022,02,GBR.1.58_1,0,0
2022,02,GBR.1.59_1,0,0
2022,02,GBR.1.5_1,0,0
2022,02,GBR.1.60_1,0,0
2022,02,GBR.1.61_1,0,0
2022,02,GBR.1.62_1,0,0
2022,02,GBR.1.63_1,0,0
2022,02,GBR.1.64_1,0,0
2022,02,GBR.1.65_1,0,0
2022,02,GBR.1.66_1,0,0
2022,02,GBR.1.67_1,0,0
2022,02,GBR.1.68_1,0,0
2022,02,GBR.1.69_1,0,0
2022,02,GBR.1.6_1,0,0
2022,02,GBR.1.70_1,0,0
2022,02,GBR.1.71_1,0,0
2022,02,GBR.1.72_1,0,0
2022,02,GBR.1.73_1,0,0
2022,02,GBR.1.74_1,0,0
2022,02,GBR.1.75_1,0,0
2022,02,GBR.1.76_1,0,0
2022,02,GBR.1.77_1,0,0
2022,02,GBR.1.78_1,0,0
2022,02,GBR.1.79_1,0,0
2022,02,GBR.1.7_1,0,0
2022,02,GBR.1.80_1,0,0
2022,02,GBR.1.81_1,0,0
2022,02,GBR.1.82_1,0,0
2022,02,GBR.1.83_1,0,0
2022,02,GBR.1.84_1,0,0
2022,02,GBR.1.85_1,0,0
2022,02,GBR.1.86_1,0,0
2022,02,GBR.1.87_1,0,0
2022,02,GBR.1.88_1,0,0
2022,02,GBR.1.89_1,0,0
2022,02,GBR.1.8_1,0,0
2022,02,GBR.1.90_1,0,0
2022,02,GBR.1.91_1,0,0
2022,02,GBR.1.92_1,0,0
2022,02,GBR.1.93_1,0,0
2022,02,GBR.1.94_1,0,0
2022,02,GBR.1.95_1,0,0
2022,02,GBR.1.96_1,0,0
2022,02,GBR.1.97_1,0,0
2022,02,GBR.1.98_1,0,0
2022,02,GBR.1.99_1,0,0
2022,02,GBR.1.9_1,0,0
2022,02,GBR.2.10_1,0,0
2022,02,GBR.2.11_1,0,0
2022,02,GBR.2.1_1,0,0
2022,02,GBR.2.2_1,0,0
2022,02,GBR.2.3_1,0,0
2022,02,GBR.2.4_1,0,0
2022,02,GBR.2.5_1,0,0
2022,02,GBR.2.6_1,0,0
2022,02,GBR.2.7_1,0,0
2022,02,GBR.2.8_1,0,0
2022,02,GBR.2.9_1,0,0
2022,02,GBR.3.10_1,0,0
2022,02,GBR.3.11_1,0,0
2022,02,GBR.3.12_1,0,0
2022,02,GBR.3.13_1,0,0
2022,02,GBR.3.14_1,0,0
2022,02,GBR.3.15_1,0,0
2022,02,GBR.3.16_1,0,0
2022,02,GBR.3.17_1,0,0
2022,02,GBR.3.18_1,0,0
2022,02,GBR.3.19_1,0,0
2022,02,GBR.3.1_1,0,0
2022,02,GBR.3.20_1,0,0
2022,02,GBR.3.21_1,0,0
2022,02,GBR.3.22_1,0,0
2022,02,GBR.3.23_1,0,0
2022,02,GBR.3.24_1,0,0
2022,02,GBR.3.25_1,0,0
2022,02,GBR.3.26_1,0,0
2022,02,GBR.3.27_1,0,0
2022,02,GBR.3.28_1,0,0
2022,02,GBR.3.29_1,0,0
2022,02,GBR.3.2_1,0,0
2022,02,GBR.3.30_1,0,0
2022,02,GBR.3.31_1,0,0
2022,02,GBR.3.32_1,0,0
2022,02,GBR.3.3_1,0,0
2022,02,GBR.3.4_1,0,0
2022,02,GBR.3.5_1,0,0
2022,02,GBR.3.6_1,0,0
2022,02,GBR.3.7_1,0,0
2022,02,GBR.3.8_1,0,0
2022,02,GBR.3.9_1,0,0
2022,02,GBR.4.10_1,0,0
2022,02,GBR.4.11_1,0,0
2022,02,GBR.4.12_1,0,0
2022,02,GBR.4.13_1,0,0
2022,02,GBR.4.14_1,0,0
2022,02,GBR.4.15_1,0,0
2022,02,GBR.4.16_1,0,0
2022,02,GBR.4.17_1,0,0
2022,02,GBR.4.18_1,0,0
2022,02,GBR.4.19_1,0,0
2022,02,GBR.4.1_1,0,0
2022,02,GBR.4.20_1,0,0
2022,02,GBR.4.21_1,0,0
2022,02,GBR.4.22_1,0,0
2022,02,GBR.4.2_1,0,0
2022,02,GBR.4.3_1,0,0
2022,02,GBR.4.4_1,0,0
2022,02,GBR.4.5_1,0,0
2022,02,GBR.4.6_1,0,0
2022,02,GBR.4.7_1,0,0
2022,02,GBR.4.8_1,0,0
2022,02,GBR.4.9_1,0,0
2022,02,GEO.10.1_1,0,0
2022,02,GEO.10.2_1,0,0
2022,02,GEO.10.3_1,0,0
2022,02,GEO.10.4_1,0,0
2022,02,GEO.10.6_1,0,0
2022,02,GEO.2.1_1,0,0
2022,02,GEO.2.2_1,0,0
2022,02,GEO.2.3_1,0,0
2022,02,GEO.2.5_1,0,0
2022,02,GRC.1.1_1,0,0
2022,02,GRC.1.2_1,0,0
2022,02,GRC.2.1_1,0,0
2022,02,GRC.3.1_1,0,0
2022,02,GRC.4.1_1,0,0
2022,02,GRC.5.1_1,0,0
2022,02,GRC.5.2_1,0,0
2022,02,GRC.6.1_1,0,0
2022,02,GRC.6.2_1,0,0
2022,02,GRC.7.1_1,0,0
2022,02,GRC.7.2_1,0,0
2022,02,GRC.7.3_1,0,0
2022,02,GRC.8.1_1,0,0
2022,02,GRC.8.2_1,0,0
2022,02,HRV.1.10_1,0.046833741408710425,0.23900293230102393
2022,02,HRV.1.11_1,0.04600131539201288,0.22700278507252075
2022,02,HRV.1.12_1,0.04669861676925643,0.23700290776294017
2022,02,HRV.1.13_1,0.046214350669628194,0.23000282187964646
2022,02,HRV.1.14_1,0.04519105515898292,0.21600265011305927
2022,02,HRV.1.15_1,0.0444131356449359,0.20600252742263994
2022,02,HRV.1.16_1,0.04496190904223475,0.21300261330593342
2022,02,HRV.1.17_1,0.04621435066962845,0.23000282187964646
2022,02,HRV.1.18_1,0.045491076759245005,0.22000269918922716
2022,02,HRV.1.19_1,0.046424070522870946,0.23300285868677229
2022,02,HRV.1.1_1,0.047295606743379265,0.24600301818431755
2022,02,HRV.1.20_1,0.047360201288127554,0.24700303045335958
2022,02,HRV.1.21_1,0.04480714824286882,0.21100258876784966
2022,02,HRV.1.22_1,0.0469674502524357,0.24100295683910794
2022,02,HRV.1.23_1,0.0538211746847289,0.40100491988581866
2022,02,HRV.1.2_1,0.04465077071334277,0.20900256422976587
2022,02,HRV.1.3_1,0.046833741408710404,0.23900293230102393
2022,02,HRV.1.4_1,0.046698616769256476,0.23700290776294017
2022,02,HRV.1.5_1,0.04607269835589796,0.22800279734156279
2022,02,HRV.1.6_1,0.046001315392012875,0.22700278507252075
2022,02,HRV.1.7_1,0.04649324815456489,0.23400287095581435
2022,02,HRV.1.8_1,0.045038688383066364,0.21400262557497549
2022,02,HRV.1.9_1,0.046424070522870946,0.23300285868677229
2022,02,HRV.10.10_1,0.04182033569039165,0.17600215935138167
2022,02,HRV.10.11_1,0.04342461339685787,0.19400238019413663
2022,02,HRV.10.12_1,0.042006208601280806,0.17800218388946557
2022,02,HRV.10.13_1,0.04281871707053171,0.18700229431084314
2022,02,HRV.10.14_1,0.04153778950095197,0.17300212254425595
2022,02,HRV.10.15_1,0.042372093372309176,0.18200223296563334
2022,02,HRV.10.16_1,0.0431676611779253,0.19100234338701091
2022,02,HRV.10.17_1,0.04669861676925643,0.23700290776294017
2022,02,HRV.10.18_1,0.04290664075122724,0.1880023065798851
2022,02,HRV.10.19_1,0.04228134685430997,0.1810022206965915
2022,02,HRV.10.1_1,0.044884729684522645,0.2120026010368916
2022,02,HRV.10.20_1,0.04125067711045298,0.17000208573713013
2022,02,HRV.10.21_1,0.0427303302497516,0.1860022820418011
2022,02,HRV.10.22_1,0.04367756920706647,0.1970024170012626
2022,02,HRV.10.23_1,0.043509372580880286,0.1950023924631787
2022,02,HRV.10.24_1,0.043593690332115194,0.19600240473222053
2022,02,HRV.10.25_1,0.044333096854072405,0.20500251515359802
2022,02,HRV.10.2_1,0.040662365292653824,0.16400201212287846
2022,02,HRV.10.4_1,0.04316766117792527,0.19100234338701091
2022,02,HRV.10.5_1,0.04281871707053173,0.18700229431084314
2022,02,HRV.10.6_1,0.042372093372309176,0.18200223296563334
2022,02,HRV.10.7_1,0.044252640782273936,0.20400250288455596
2022,02,HRV.10.8_1,0.043593690332115194,0.19600240473222053
2022,02,HRV.10.9_1,0.0439265976497926,0.2000024538083883
2022,02,HRV.10_1,0.04342461339685789,0.19400238019413663
2022,02,HRV.11.10_1,0.042994104133226324,0.18900231884892693
2022,02,HRV.11.11_1,0.04086059102344041,0.16600203666096236
2022,02,HRV.11.12_1,0.04333941019010918,0.19300236792509481
2022,02,HRV.11.13_1,0.04281871707053173,0.18700229431084314
2022,02,HRV.11.14_1,0.0424623619498982,0.18300224523467537
2022,02,HRV.11.15_1,0.04255215562873161,0.1840022575037172
2022,02,HRV.11.16_1,0.043593690332115284,0.19600240473222053
2022,02,HRV.11.17_1,0.0431676611779253,0.19100234338701091
2022,02,HRV.11.18_1,0.044008745935932646,0.20100246607743036
2022,02,HRV.11.19_1,0.04384402039041725,0.19900244153934646
2022,02,HRV.11.1_1,0.04480714824286882,0.21100258876784966
2022,02,HRV.11.20_1,0.041726655226260886,0.17500214708233985
2022,02,HRV.11.21_1,0.044008745935932646,0.20100246607743036
2022,02,HRV.11.22_1,0.053683869250351235,0.395004846271567
2022,02,HRV.11.23_1,0.0428187170705317,0.18700229431084314
2022,02,HRV.11.24_1,0.045191055158982925,0.21600265011305927
2022,02,HRV.11.25_1,0.04246236194989822,0.18300224523467537
2022,02,HRV.11.26_1,0.04105668482814175,0.16800206119904623
2022,02,HRV.11.27_1,0.04472916262506265,0.21000257649880782
2022,02,HRV.11.28_1,0.04333941019010918,0.19300236792509481
2022,02,HRV.11.29_1,0.0441717651493865,0.20300249061551423
2022,02,HRV.11.2_1,0.04290664075122732,0.1880023065798851
2022,02,HRV.11.30_1,0.04417176514938656,0.20300249061551423
2022,02,HRV.11.31_1,0.04376101172938177,0.1980024292703045
2022,02,HRV.11.32_1,0.044492759406824504,0.2070025396916819
2022,02,HRV.11.33_1,0.04441313564493594,0.20600252742263994
2022,02,HRV.11.34_1,0.044008745935932674,0.20100246607743036
2022,02,HRV.11.35_1,0.04359369033211526,0.19600240473222053
2022,02,HRV.11.36_1,0.04367756920706632,0.1970024170012626
2022,02,HRV.11.37_1,0.044571970363973014,0.20800255196072395
2022,02,HRV.11.38_1,0.04367756920706643,0.1970024170012626
2022,02,HRV.11.39_1,0.0444927594068245,0.2070025396916819
2022,02,HRV.11.3_1,0.04350937258088032,0.1950023924631787
2022,02,HRV.11.40_1,0.04472916262506265,0.21000257649880782
2022,02,HRV.11.41_1,0.04163247429784476,0.1740021348132978
2022,02,HRV.11.42_1,0.04144259738198522,0.1720021102752139
2022,02,HRV.11.43_1,0.0427303302497516,0.1860022820418011
2022,02,HRV.11.44_1,0.04433309685407239,0.20500251515359802
2022,02,HRV.11.45_1,0.04526664660600234,0.21700266238210142
2022,02,HRV.11.4_1,0.04316766117792527,0.19100234338701091
2022,02,HRV.11.5_1,0.041913519045983845,0.17700217162042373
2022,02,HRV.11.6_1,0.04273033024975156,0.1860022820418011
2022,02,HRV.11.7_1,0.042730330249751564,0.1860022820418011
2022,02,HRV.11.8_1,0.042641477408911756,0.18500226977275927
2022,02,HRV.11.9_1,0.04400874593593266,0.20100246607743036
2022,02,HRV.12.10_1,0.042006208601280806,0.17800218388946557
2022,02,HRV.12.1_1,0.042994104133226324,0.18900231884892693
2022,02,HRV.12.2_1,0.043167661177925275,0.19100234338701091
2022,02,HRV.12.3_1,0.04290664075122729,0.1880023065798851
2022,02,HRV.12.4_1,0.04342461339685776,0.19400238019413663
2022,02,HRV.12.5_1,0.0418203356903916,0.17600215935138167
2022,02,HRV.12.6_1,0.044650770713342745,0.20900256422976587
2022,02,HRV.12.7_1,0.04449275940682453,0.2070025396916819
2022,02,HRV.12.8_1,0.042098407617935193,0.1790021961585076
2022,02,HRV.12.9_1,0.04191351904598384,0.17700217162042373
2022,02,HRV.13.10_1,0.043926597649792495,0.2000024538083883
2022,02,HRV.13.12_1,0.04384402039041726,0.19900244153934646
2022,02,HRV.13.13_1,0.04163247429784471,0.1740021348132978
2022,02,HRV.13.14_1,0.04417176514938652,0.20300249061551423
2022,02,HRV.13.15_1,0.04384402039041725,0.19900244153934646
2022,02,HRV.13.16_1,0.042190119311901864,0.18000220842754944
2022,02,HRV.13.17_1,0.04163247429784477,0.1740021348132978
2022,02,HRV.13.18_1,0.044333096854072405,0.20500251515359802
2022,02,HRV.13.1_1,0.04417176514938648,0.20300249061551423
2022,02,HRV.13.20_1,0.0405624432007032,0.16300199985383654
2022,02,HRV.13.21_1,0.039532565154804314,0.1530018771634171
2022,02,HRV.13.23_1,0.04273033024975158,0.1860022820418011
2022,02,HRV.13.24_1,0.04228134685430995,0.1810022206965915
2022,02,HRV.13.25_1,0.04228134685430991,0.1810022206965915
2022,02,HRV.13.26_1,0.04325376033666555,0.19200235565605275
2022,02,HRV.13.27_1,0.0429941041332263,0.18900231884892693
2022,02,HRV.13.29_1,0.04457197036397298,0.20800255196072395
2022,02,HRV.13.2_1,0.043844020390417265,0.19900244153934646
2022,02,HRV.13.30_1,0.043339410190109166,0.19300236792509481
2022,02,HRV.13.31_1,0.04076174658489783,0.1650020243919204
2022,02,HRV.13.32_1,0.04325376033666562,0.19200235565605275
2022,02,HRV.13.33_1,0.04163247429784477,0.1740021348132978
2022,02,HRV.13.34_1,0.0428187170705317,0.18700229431084314
2022,02,HRV.13.35_1,0.04273033024975156,0.1860022820418011
2022,02,HRV.13.39_1,0.04290664075122725,0.1880023065798851
2022,02,HRV.13.3_1,0.044807148242868834,0.21100258876784966
2022,02,HRV.13.40_1,0.042006208601280806,0.17800218388946557
2022,02,HRV.13.41_1,0.041153941794638736,0.16900207346808818
2022,02,HRV.13.42_1,0.04333941019010918,0.19300236792509481
2022,02,HRV.13.4_1,0.044008745935932646,0.20100246607743036
2022,02,HRV.13.5_1,0.04172665522626093,0.17500214708233985
2022,02,HRV.13.6_1,0.04134689443695246,0.17100209800617208
2022,02,HRV.13.7_1,0.040761746584897826,0.1650020243919204
2022,02,HRV.13.8_1,0.04425264078227396,0.20400250288455596
2022,02,HRV.13.9_1,0.04191351904598384,0.17700217162042373
2022,02,HRV.14.10_1,0,0
2022,02,HRV.14.11_1,0,0
2022,02,HRV.14.12_1,0,0
2022,02,HRV.14.13_1,0,0
2022,02,HRV.14.14_1,0,0
2022,02,HRV.14.15_1,0,0
2022,02,HRV.14.16_1,0,0
2022,02,HRV.14.17_1,0,0
2022,02,HRV.14.18_1,0,0
2022,02,HRV.14.19_1,0,0
2022,02,HRV.14.1_1,0,0
2022,02,HRV.14.2_1,0,0
2022,02,HRV.14.3_1,0.04511506974933078,0.21500263784401744
2022,02,HRV.14.4_1,0,0
2022,02,HRV.14.5_1,0,0
2022,02,HRV.14.6_1,0,0
2022,02,HRV.14.7_1,0,0
2022,02,HRV.14.8_1,0.04209840761793519,0.1790021961585076
2022,02,HRV.15.10_1,0,0
2022,02,HRV.15.11_1,0,0
2022,02,HRV.15.12_1,0.04578491841046157,0.2240027482653949
2022,02,HRV.15.13_1,0.045416655470425525,0.2190026869201852
2022,02,HRV.15.14_1,0,0
2022,02,HRV.15.15_1,0.044413135644935896,0.20600252742263994
2022,02,HRV.15.16_1,0,0
2022,02,HRV.15.17_1,0,0
2022,02,HRV.15.18_1,0.04556511182897493,0.22100271145826908
2022,02,HRV.15.19_1,0.046630519684930635,0.23600289549389822
2022,02,HRV.15.1_1,0,0
2022,02,HRV.15.2_1,0.04723066852239113,0.2450030059152757
2022,02,HRV.15.3_1,0.04511506974933079,0.21500263784401744
2022,02,HRV.15.4_1,0.0458574271827912,0.22500276053443696
2022,02,HRV.15.5_1,0.04804844979518882,0.258003165412821
2022,02,HRV.15.6_1,0,0
2022,02,HRV.15.7_1,0.04810902560488208,0.25900317768186293
2022,02,HRV.15.8_1,0.046214350669628396,0.23000282187964646
2022,02,HRV.15.9_1,0.04585742718279119,0.22500276053443696
2022,02,HRV.16.10_1,0.03942641554038992,0.15200186489437517
2022,02,HRV.16.11_1,0,0
2022,02,HRV.16.12_1,0.04134689443695242,0.17100209800617208
2022,02,HRV.16.13_1,0,0
2022,02,HRV.16.14_1,0,0
2022,02,HRV.16.15_1,0,0
2022,02,HRV.16.17_1,0,0
2022,02,HRV.16.18_1,0,0
2022,02,HRV.16.19_1,0.04005457832288457,0.15800193850862682
2022,02,HRV.16.1_1,0,0
2022,02,HRV.16.20_1,0,0
2022,02,HRV.16.21_1,0,0
2022,02,HRV.16.23_1,0,0
2022,02,HRV.16.24_1,0,0
2022,02,HRV.16.26_1,0,0
2022,02,HRV.16.27_1,0.037990634822157573,0.1390017053968299
2022,02,HRV.16.28_1,0,0
2022,02,HRV.16.29_1,0,0
2022,02,HRV.16.2_1,0,0
2022,02,HRV.16.30_1,0,0
2022,02,HRV.16.31_1,0,0
2022,02,HRV.16.32_1,0,0
2022,02,HRV.16.33_1,0,0
2022,02,HRV.16.34_1,0.040761746584897916,0.1650020243919204
2022,02,HRV.16.35_1,0,0
2022,02,HRV.16.36_1,0.04153778950095207,0.17300212254425595
2022,02,HRV.16.37_1,0,0
2022,02,HRV.16.39_1,0,0
2022,02,HRV.16.40_1,0.03942641554039018,0.15200186489437517
2022,02,HRV.16.43_1,0,0
2022,02,HRV.16.44_1,0,0
2022,02,HRV.16.45_1,0,0
2022,02,HRV.16.48_1,0.039319672654835124,0.15100185262533322
2022,02,HRV.16.49_1,0,0
2022,02,HRV.16.4_1,0,0
2022,02,HRV.16.50_1,0,0
2022,02,HRV.16.52_1,0.04209840761793524,0.1790021961585076
2022,02,HRV.16.53_1,0.04144259738198522,0.1720021102752139
2022,02,HRV.16.54_1,0,0
2022,02,HRV.16.55_1,0,0
2022,02,HRV.16.56_1,0,0
2022,02,HRV.16.5_1,0.038995835517328034,0.1480018158182074
2022,02,HRV.16.6_1,0,0
2022,02,HRV.16.7_1,0,0
2022,02,HRV.16.8_1,0,0
2022,02,HRV.16.9_1,0,0
2022,02,HRV.16_1,0.03844377302699374,0.14300175447299768
2022,02,HRV.17.10_1,0.04273033024975162,0.1860022820418011
2022,02,HRV.17.11_1,0.052990185216831076,0.3690045272764765
2022,02,HRV.17.12_1,0.040259391750408505,0.1600019630467107
2022,02,HRV.17.13_1,0.04333941019010918,0.19300236792509481
2022,02,HRV.17.14_1,0.04191351904598384,0.17700217162042373
2022,02,HRV.17.15_1,0.043509372580880286,0.1950023924631787
2022,02,HRV.17.16_1,0.043926597649792516,0.2000024538083883
2022,02,HRV.17.17_1,0.042730330249751564,0.1860022820418011
2022,02,HRV.17.18_1,0.04209840761793516,0.1790021961585076
2022,02,HRV.17.19_1,0.042994104133226345,0.18900231884892693
2022,02,HRV.17.1_1,0.04472916262506257,0.21000257649880782
2022,02,HRV.17.20_1,0.042730330249751584,0.1860022820418011
2022,02,HRV.17.21_1,0.042818717070531705,0.18700229431084314
2022,02,HRV.17.22_1,0.04359369033211535,0.19600240473222053
2022,02,HRV.17.23_1,0.04105668482814175,0.16800206119904623
2022,02,HRV.17.24_1,0.04308111002002907,0.19000233111796888
2022,02,HRV.17.25_1,0.04480714824286882,0.21100258876784966
2022,02,HRV.17.26_1,0.044171765149386484,0.20300249061551423
2022,02,HRV.17.27_1,0.04325376033666559,0.19200235565605275
2022,02,HRV.17.28_1,0.04519105515898305,0.21600265011305927
2022,02,HRV.17.2_1,0.04488472968452257,0.2120026010368916
2022,02,HRV.17.3_1,0.04496190904223476,0.21300261330593342
2022,02,HRV.17.4_1,0.05363622396141353,0.3930048217334832
2022,02,HRV.17.5_1,0.044090467646594377,0.20200247834647228
2022,02,HRV.17.6_1,0.053383807255606174,0.38300469904306367
2022,02,HRV.17.7_1,0.04264147740891182,0.18500226977275927
2022,02,HRV.17.8_1,0.043926597649792516,0.2000024538083883
2022,02,HRV.17.9_1,0.042190119311901905,0.18000220842754944
2022,02,HRV.18.10_1,0.04246236194989822,0.18300224523467537
2022,02,HRV.18.11_1,0.042552155628731596,0.1840022575037172
2022,02,HRV.18.12_1,0.04376101172938176,0.1980024292703045
2022,02,HRV.18.13_1,0.043253760336665566,0.19200235565605275
2022,02,HRV.18.14_1,0.04182033569039157,0.17600215935138167
2022,02,HRV.18.15_1,0.04342461339685789,0.19400238019413663
2022,02,HRV.18.16_1,0.044413135644935924,0.20600252742263994
2022,02,HRV.18.1_1,0.044090467646594377,0.20200247834647228
2022,02,HRV.18.2_1,0.04290664075122731,0.1880023065798851
2022,02,HRV.18.3_1,0.04503868838306636,0.21400262557497549
2022,02,HRV.18.4_1,0.04433309685407242,0.20500251515359802
2022,02,HRV.18.5_1,0.043424613396857846,0.19400238019413663
2022,02,HRV.18.6_1,0.04246236194989822,0.18300224523467537
2022,02,HRV.18.7_1,0.04325376033666562,0.19200235565605275
2022,02,HRV.18.8_1,0.04299410413322638,0.18900231884892693
2022,02,HRV.18.9_1,0.042372093372309204,0.18200223296563334
2022,02,HRV.19.10_1,0.045929558918768085,0.2260027728034788
2022,02,HRV.19.11_1,0.04457197036397301,0.20800255196072395
2022,02,HRV.19.12_1,0.04748836495114125,0.24900305499144348
2022,02,HRV.19.13_1,0.04556511182897492,0.22100271145826908
2022,02,HRV.19.14_1,0.04425264078227395,0.20400250288455596
2022,02,HRV.19.15_1,0.047033777529201536,0.24200296910814978
2022,02,HRV.19.16_1,0.043926597649792516,0.2000024538083883
2022,02,HRV.19.17_1,0.043424613396857895,0.19400238019413663
2022,02,HRV.19.18_1,0.04541665547042551,0.2190026869201852
2022,02,HRV.19.19_1,0.04563876255918465,0.22200272372731103
2022,02,HRV.19.1_1,0.04290664075122725,0.1880023065798851
2022,02,HRV.19.20_1,0.04465077071334282,0.20900256422976587
2022,02,HRV.19.21_1,0.04541665547042551,0.2190026869201852
2022,02,HRV.19.22_1,0.04541665547042557,0.2190026869201852
2022,02,HRV.19.23_1,0.045266646606002346,0.21700266238210142
2022,02,HRV.19.24_1,0.04600131539201297,0.22700278507252075
2022,02,HRV.19.25_1,0.04465077071334271,0.20900256422976587
2022,02,HRV.19.26_1,0.043677569207066363,0.1970024170012626
2022,02,HRV.19.27_1,0.042730330249751536,0.1860022820418011
2022,02,HRV.19.28_1,0.04621435066962817,0.23000282187964646
2022,02,HRV.19.29_1,0.044252640782273936,0.20400250288455596
2022,02,HRV.19.2_1,0.04359369033211526,0.19600240473222053
2022,02,HRV.19.30_1,0.045416655470425546,0.2190026869201852
2022,02,HRV.19.3_1,0.046143709543846056,0.22900280961060474
2022,02,HRV.19.4_1,0.04496190904223474,0.21300261330593342
2022,02,HRV.19.5_1,0.04480714824286883,0.21100258876784966
2022,02,HRV.19.6_1,0.04359369033211528,0.19600240473222053
2022,02,HRV.19.7_1,0.04496190904223472,0.21300261330593342
2022,02,HRV.19.8_1,0.04472916262506265,0.21000257649880782
2022,02,HRV.19.9_1,0.043844020390417245,0.19900244153934646
2022,02,HRV.1_1,0.045266646606002346,0.21700266238210142
2022,02,HRV.2.10_1,0.04449275940682452,0.2070025396916819
2022,02,HRV.2.11_1,0.0441717651493865,0.20300249061551423
2022,02,HRV.2.12_1,0.043081110020029054,0.19000233111796888
2022,02,HRV.2.13_1,0.04359369033211521,0.19600240473222053
2022,02,HRV.2.14_1,0.04425264078227397,0.20400250288455596
2022,02,HRV.2.15_1,0.045191055158983,0.21600265011305927
2022,02,HRV.2.16_1,0.043761011729381814,0.1980024292703045
2022,02,HRV.2.17_1,0.053330467056453924,0.38100467450497977
2022,02,HRV.2.18_1,0.04316766117792529,0.19100234338701091
2022,02,HRV.2.19_1,0.04441313564493594,0.20600252742263994
2022,02,HRV.2.1_1,0.045038688383066364,0.21400262557497549
2022,02,HRV.2.20_1,0.042006208601280834,0.17800218388946557
2022,02,HRV.2.21_1,0.04556511182897497,0.22100271145826908
2022,02,HRV.2.22_1,0.042994104133226345,0.18900231884892693
2022,02,HRV.2.23_1,0.05379887518926532,0.4000049076167768
2022,02,HRV.2.24_1,0.04541665547042548,0.2190026869201852
2022,02,HRV.2.25_1,0.04488472968452257,0.2120026010368916
2022,02,HRV.2.26_1,0.04392659764979259,0.2000024538083883
2022,02,HRV.2.27_1,0.043593690332115215,0.19600240473222053
2022,02,HRV.2.28_1,0.043926597649792516,0.2000024538083883
2022,02,HRV.2.2_1,0.04488472968452254,0.2120026010368916
2022,02,HRV.2.3_1,0.04316766117792527,0.19100234338701091
2022,02,HRV.2.4_1,0.04496190904223473,0.21300261330593342
2022,02,HRV.2.5_1,0.04457197036397296,0.20800255196072395
2022,02,HRV.2.6_1,0.043424613396857804,0.19400238019413663
2022,02,HRV.2.7_1,0.046072698355897945,0.22800279734156279
2022,02,HRV.2.8_1,0.043081110020029074,0.19000233111796888
2022,02,HRV.2.9_1,0.04417176514938648,0.20300249061551423
2022,02,HRV.20.10_1,0,0
2022,02,HRV.20.11_1,0,0
2022,02,HRV.20.12_1,0,0
2022,02,HRV.20.13_1,0,0
2022,02,HRV.20.14_1,0,0
2022,02,HRV.20.15_1,0,0
2022,02,HRV.20.16_1,0,0
2022,02,HRV.20.17_1,0,0
2022,02,HRV.20.18_1,0,0
2022,02,HRV.20.19_1,0,0
2022,02,HRV.20.1_1,0,0
2022,02,HRV.20.22_1,0,0
2022,02,HRV.20.24_1,0,0
2022,02,HRV.20.25_1,0,0
2022,02,HRV.20.26_1,0.041346894436952476,0.17100209800617208
2022,02,HRV.20.27_1,0,0
2022,02,HRV.20.28_1,0,0
2022,02,HRV.20.2_1,0,0
2022,02,HRV.20.31_1,0,0
2022,02,HRV.20.32_1,0,0
2022,02,HRV.20.3_1,0,0
2022,02,HRV.20.4_1,0,0
2022,02,HRV.20.5_1,0.0420062086012808,0.17800218388946557
2022,02,HRV.20.6_1,0,0
2022,02,HRV.20.9_1,0,0
2022,02,HRV.21.10_1,0.04614370954384606,0.22900280961060474
2022,02,HRV.21.11_1,0.04384402039041726,0.19900244153934646
2022,02,HRV.21.12_1,0.04465077071334275,0.20900256422976587
2022,02,HRV.21.13_1,0.04400874593593265,0.20100246607743036
2022,02,HRV.21.14_1,0.04488472968452252,0.2120026010368916
2022,02,HRV.21.15_1,0.04480714824286883,0.21100258876784966
2022,02,HRV.21.16_1,0.046214350669628375,0.23000282187964646
2022,02,HRV.21.17_1,0.05324865801649373,0.3780046376978541
2022,02,HRV.21.18_1,0.04541665547042551,0.2190026869201852
2022,02,HRV.21.19_1,0.053410118689614476,0.3840047113121056
2022,02,HRV.21.1_1,0.053019876472844917,0.37000453954551843
2022,02,HRV.21.20_1,0.04409046764659434,0.20200247834647228
2022,02,HRV.21.21_1,0.04676635682744978,0.23800292003198212
2022,02,HRV.21.22_1,0.04519105515898298,0.21600265011305927
2022,02,HRV.21.23_1,0.04433309685407239,0.20500251515359802
2022,02,HRV.21.24_1,0.042462361949898206,0.18300224523467537
2022,02,HRV.21.25_1,0.045038688383066364,0.21400262557497549
2022,02,HRV.21.26_1,0.04571203080760628,0.22300273599635298
2022,02,HRV.21.27_1,0.04359369033211529,0.19600240473222053
2022,02,HRV.21.28_1,0.0531074881809721,0.3730045763526442
2022,02,HRV.21.2_1,0.042462361949898206,0.18300224523467537
2022,02,HRV.21.3_1,0.0420984076179352,0.1790021961585076
2022,02,HRV.21.4_1,0.04585742718279119,0.22500276053443696
2022,02,HRV.21.5_1,0.043761011729381745,0.1980024292703045
2022,02,HRV.21.6_1,0.04392659764979252,0.2000024538083883
2022,02,HRV.21.7_1,0.04519105515898297,0.21600265011305927
2022,02,HRV.21.8_1,0.04656206400801727,0.23500288322485618
2022,02,HRV.21.9_1,0.04472916262506267,0.21000257649880782
2022,02,HRV.3.10_1,0.04144259738198522,0.1720021102752139
2022,02,HRV.3.12_1,0,0
2022,02,HRV.3.13_1,0,0
2022,02,HRV.3.14_1,0,0
2022,02,HRV.3.15_1,0.04115394179463876,0.16900207346808818
2022,02,HRV.3.16_1,0,0
2022,02,HRV.3.17_1,0,0
2022,02,HRV.3.18_1,0,0
2022,02,HRV.3.19_1,0,0
2022,02,HRV.3.1_1,0,0
2022,02,HRV.3.21_1,0.05264736045787647,0.358004392317015
2022,02,HRV.3.22_1,0.0397431035584191,0.155001901701501
2022,02,HRV.3.2_1,0.043253760336665614,0.19200235565605275
2022,02,HRV.3.3_1,0.03877688672922789,0.1460017912801235
2022,02,HRV.3.5_1,0.041346894436952476,0.17100209800617208
2022,02,HRV.3.6_1,0,0
2022,02,HRV.3.7_1,0.053276168016442846,0.3790046499668959
2022,02,HRV.3.9_1,0,0
2022,02,HRV.4.1_1,0.04219011931190184,0.18000220842754944
2022,02,HRV.4.2_1,0.05408994668579655,0.4140050793833638
2022,02,HRV.4.3_1,0.047615170566896105,0.2510030795295274
2022,02,HRV.4.4_1,0.054070657577657624,0.41300506711432194
2022,02,HRV.4.5_1,0.043081110020029095,0.19000233111796888
2022,02,HRV.4.6_1,0.04281871707053175,0.18700229431084314
2022,02,HRV.4.7_1,0.0464932481545649,0.23400287095581435
2022,02,HRV.5.10_1,0.04342461339685787,0.19400238019413663
2022,02,HRV.5.11_1,0.043081110020029074,0.19000233111796888
2022,02,HRV.5.12_1,0.04255215562873162,0.1840022575037172
2022,02,HRV.5.13_1,0.052990185216831076,0.3690045272764765
2022,02,HRV.5.14_1,0.04144259738198522,0.1720021102752139
2022,02,HRV.5.15_1,0.05330343757348326,0.3800046622359379
2022,02,HRV.5.16_1,0.04273033024975154,0.1860022820418011
2022,02,HRV.5.17_1,0.043167661177925205,0.19100234338701091
2022,02,HRV.5.18_1,0.04134689443695242,0.17100209800617208
2022,02,HRV.5.19_1,0.04182033569039155,0.17600215935138167
2022,02,HRV.5.1_1,0.0433394101901092,0.19300236792509481
2022,02,HRV.5.20_1,0.052960249603903255,0.36800451500743453
2022,02,HRV.5.21_1,0.042098407617935193,0.1790021961585076
2022,02,HRV.5.22_1,0.05335725683020062,0.3820046867740216
2022,02,HRV.5.23_1,0.04333941019010919,0.19300236792509481
2022,02,HRV.5.24_1,0.05280689152188544,0.36300445366222484
2022,02,HRV.5.25_1,0.041632474297844724,0.1740021348132978
2022,02,HRV.5.27_1,0.041537789500952035,0.17300212254425595
2022,02,HRV.5.28_1,0.044807148242868834,0.21100258876784966
2022,02,HRV.5.29_1,0.04342461339685791,0.19400238019413663
2022,02,HRV.5.2_1,0.04342461339685784,0.19400238019413663
2022,02,HRV.5.30_1,0.0449619090422347,0.21300261330593342
2022,02,HRV.5.31_1,0.045115069749330786,0.21500263784401744
2022,02,HRV.5.32_1,0.04281871707053171,0.18700229431084314
2022,02,HRV.5.33_1,0.04409046764659433,0.20200247834647228
2022,02,HRV.5.34_1,0.04621435066962844,0.23000282187964646
2022,02,HRV.5.35_1,0.04125067711045294,0.17000208573713013
2022,02,HRV.5.36_1,0.045416655470425525,0.2190026869201852
2022,02,HRV.5.37_1,0.043761011729381766,0.1980024292703045
2022,02,HRV.5.38_1,0.042552155628731554,0.1840022575037172
2022,02,HRV.5.39_1,0.043509372580880355,0.1950023924631787
2022,02,HRV.5.3_1,0.04465077071334276,0.20900256422976587
2022,02,HRV.5.40_1,0.0444927594068245,0.2070025396916819
2022,02,HRV.5.4_1,0.04511506974933084,0.21500263784401744
2022,02,HRV.5.5_1,0.04290664075122725,0.1880023065798851
2022,02,HRV.5.6_1,0.04376101172938176,0.1980024292703045
2022,02,HRV.5.7_1,0.04333941019010921,0.19300236792509481
2022,02,HRV.5.8_1,0.05368386925035124,0.395004846271567
2022,02,HRV.5.9_1,0.053330467056453924,0.38100467450497977
2022,02,HRV.6.10_1,0.04592955891876817,0.2260027728034788
2022,02,HRV.6.11_1,0.04392659764979251,0.2000024538083883
2022,02,HRV.6.12_1,0.04299410413322637,0.18900231884892693
2022,02,HRV.6.13_1,0.04316766117792526,0.19100234338701091
2022,02,HRV.6.14_1,0.04299410413322633,0.18900231884892693
2022,02,HRV.6.15_1,0.04246236194989821,0.18300224523467537
2022,02,HRV.6.16_1,0.05293006921945744,0.3670045027383926
2022,02,HRV.6.17_1,0.04237209337230926,0.18200223296563334
2022,02,HRV.6.18_1,0.04299410413322634,0.18900231884892693
2022,02,HRV.6.19_1,0.0434246133968578,0.19400238019413663
2022,02,HRV.6.1_1,0.04350937258088025,0.1950023924631787
2022,02,HRV.6.20_1,0.04472916262506265,0.21000257649880782
2022,02,HRV.6.21_1,0.04237209337230934,0.18200223296563334
2022,02,HRV.6.2_1,0.04571203080760623,0.22300273599635298
2022,02,HRV.6.3_1,0.04592955891876811,0.2260027728034788
2022,02,HRV.6.4_1,0.042552155628731644,0.1840022575037172
2022,02,HRV.6.5_1,0.04144259738198522,0.1720021102752139
2022,02,HRV.6.6_1,0.04480714824286882,0.21100258876784966
2022,02,HRV.6.7_1,0.043167661177925226,0.19100234338701091
2022,02,HRV.6.8_1,0.045491076759245005,0.22000269918922716
2022,02,HRV.6.9_1,0.05307852755102385,0.37200456408360233
2022,02,HRV.7.10_1,0.043253760336665614,0.19200235565605275
2022,02,HRV.7.11_1,0.04105668482814179,0.16800206119904623
2022,02,HRV.7.12_1,0.04191351904598384,0.17700217162042373
2022,02,HRV.7.13_1,0.043167661177925344,0.19100234338701091
2022,02,HRV.7.14_1,0.042994104133226366,0.18900231884892693
2022,02,HRV.7.15_1,0.0418203356903916,0.17600215935138167
2022,02,HRV.7.16_1,0.0439265976497925,0.2000024538083883
2022,02,HRV.7.17_1,0.04316766117792527,0.19100234338701091
2022,02,HRV.7.18_1,0.052775480907797066,0.3620044413931829
2022,02,HRV.7.19_1,0.0420984076179352,0.1790021961585076
2022,02,HRV.7.1_1,0.04264147740891184,0.18500226977275927
2022,02,HRV.7.20_1,0.042190119311901884,0.18000220842754944
2022,02,HRV.7.21_1,0.04384402039041722,0.19900244153934646
2022,02,HRV.7.22_1,0.04457197036397302,0.20800255196072395
2022,02,HRV.7.23_1,0.04441313564493591,0.20600252742263994
2022,02,HRV.7.24_1,0.0439265976497925,0.2000024538083883
2022,02,HRV.7.25_1,0.04066236529265381,0.16400201212287846
2022,02,HRV.7.2_1,0.04392659764979251,0.2000024538083883
2022,02,HRV.7.3_1,0.042818717070531725,0.18700229431084314
2022,02,HRV.7.4_1,0.0437610117293818,0.1980024292703045
2022,02,HRV.7.5_1,0.0421901193119019,0.18000220842754944
2022,02,HRV.7.6_1,0.04367756920706638,0.1970024170012626
2022,02,HRV.7.7_1,0.0450386883830664,0.21400262557497549
2022,02,HRV.7.8_1,0.04519105515898296,0.21600265011305927
2022,02,HRV.7.9_1,0.05277548090779705,0.3620044413931829
2022,02,HRV.8.10_1,0.05368386925035124,0.395004846271567
2022,02,HRV.8.11_1,0.043761011729381724,0.1980024292703045
2022,02,HRV.8.12_1,0.04534184606076854,0.21800267465114315
2022,02,HRV.8.13_1,0.043167661177925275,0.19100234338701091
2022,02,HRV.8.14_1,0.043253760336665684,0.19200235565605275
2022,02,HRV.8.15_1,0.04333941019010918,0.19300236792509481
2022,02,HRV.8.16_1,0.04350937258088029,0.1950023924631787
2022,02,HRV.8.17_1,0.052868972455873575,0.36500447820030874
2022,02,HRV.8.18_1,0.04299410413322631,0.18900231884892693
2022,02,HRV.8.19_1,0.0457120308076063,0.22300273599635298
2022,02,HRV.8.1_1,0.04425264078227391,0.20400250288455596
2022,02,HRV.8.20_1,0.05280689152188541,0.36300445366222484
2022,02,HRV.8.21_1,0.04563876255918464,0.22200272372731103
2022,02,HRV.8.22_1,0.0525152533281309,0.35400434324084745
2022,02,HRV.8.23_1,0.04308111002002908,0.19000233111796888
2022,02,HRV.8.24_1,0.04457197036397301,0.20800255196072395
2022,02,HRV.8.25_1,0.04200620860128083,0.17800218388946557
2022,02,HRV.8.26_1,0.042994104133226324,0.18900231884892693
2022,02,HRV.8.27_1,0.05271191717975154,0.360004416855099
2022,02,HRV.8.28_1,0.053753575397622246,0.3980048830786928
2022,02,HRV.8.29_1,0.04333941019010919,0.19300236792509481
2022,02,HRV.8.2_1,0.053078527551023845,0.37200456408360233
2022,02,HRV.8.30_1,0.052548655490610365,0.3550043555098893
2022,02,HRV.8.31_1,0.04308111002002904,0.19000233111796888
2022,02,HRV.8.32_1,0.04359369033211526,0.19600240473222053
2022,02,HRV.8.3_1,0.04465077071334275,0.20900256422976587
2022,02,HRV.8.4_1,0.0439265976497925,0.2000024538083883
2022,02,HRV.8.5_1,0.04417176514938661,0.20300249061551423
2022,02,HRV.8.6_1,0.043926597649792495,0.2000024538083883
2022,02,HRV.8.7_1,0.05316468161037511,0.3750046008907281
2022,02,HRV.8.8_1,0.05267976316988975,0.35900440458605704
2022,02,HRV.8.9_1,0.052379129353758574,0.3500042941646796
2022,02,HRV.9.10_1,0.04228134685430993,0.1810022206965915
2022,02,HRV.9.11_1,0.045416655470425484,0.2190026869201852
2022,02,HRV.9.12_1,0.04255215562873167,0.1840022575037172
2022,02,HRV.9.1_1,0.04299410413322636,0.18900231884892693
2022,02,HRV.9.2_1,0.04290664075122726,0.1880023065798851
2022,02,HRV.9.3_1,0.04200620860128086,0.17800218388946557
2022,02,HRV.9.4_1,0.04086059102344046,0.16600203666096236
2022,02,HRV.9.5_1,0.04359369033211525,0.19600240473222053
2022,02,HRV.9.6_1,0.041346894436952476,0.17100209800617208
2022,02,HRV.9.7_1,0.04290664075122732,0.1880023065798851
2022,02,HRV.9.8_1,0.04367756920706635,0.1970024170012626
2022,02,HRV.9.9_1,0.0410566848281418,0.16800206119904623
2022,02,HUN.1.10_1,0.014196091647426518,0.017000208573713024
2022,02,HUN.1.1_1,0.01842791450514394,0.029000355802216334
2022,02,HUN.1.2_1,0.014600225760602532,0.018000220842754967
2022,02,HUN.1.3_1,0.014600225760602568,0.018000220842754967
2022,02,HUN.1.4_1,0.01499266644510671,0.01900023311179691
2022,02,HUN.1.5_1,0.01419609164742642,0.017000208573713024
2022,02,HUN.1.6_1,0.017475665657035813,0.026000318995090508
2022,02,HUN.1.7_1,0.01680730590044397,0.024000294457006622
2022,02,HUN.1.8_1,0.015745939124335116,0.021000257649880793
2022,02,HUN.1.9_1,0.016461855101453635,0.02300028218796468
2022,02,HUN.10.1_1,0.01377923526684044,0.01600019630467108
2022,02,HUN.10.2_1,0.016461855101453662,0.02300028218796468
2022,02,HUN.10.3_1,0.015745939124335077,0.021000257649880793
2022,02,HUN.10.4_1,0.013779235266840422,0.01600019630467108
2022,02,HUN.10.5_1,0.01460022576060251,0.018000220842754967
2022,02,HUN.10.6_1,0.014992666445106783,0.01900023311179691
2022,02,HUN.10.7_1,0.016807305900444044,0.024000294457006622
2022,02,HUN.11.1_1,0.02177553363731168,0.04100050303071964
2022,02,HUN.11.2_1,0.02252282483232762,0.04400053983784547
2022,02,HUN.11.3_1,0.022765412160941256,0.045000552106887415
2022,02,HUN.11.4_1,0.021519550075706172,0.0400004907616777
2022,02,HUN.11.5_1,0.02587547865788631,0.05900072387347461
2022,02,HUN.11.6_1,0.024159379123155283,0.05100062572113907
2022,02,HUN.11.7_1,0.02045772527183119,0.036000441685509935
2022,02,HUN.12.1_1,0.029276138152706365,0.07700094471622947
2022,02,HUN.12.2_1,0.029449663492966786,0.07800095698527142
2022,02,HUN.12.3_1,0.028386236131298377,0.07200088337101976
2022,02,HUN.12.4_1,0.03265005231084477,0.09800120236611026
2022,02,HUN.12.5_1,0.03012977174576318,0.08200100606143917
2022,02,HUN.12.6_1,0.02892471396119305,0.07500092017814558
2022,02,HUN.12.7_1,0.0323509774217326,0.09600117782802638
2022,02,HUN.13.1_1,0.0222770547127113,0.04300052756880353
2022,02,HUN.13.2_1,0.023705868626336658,0.04900060118305519
2022,02,HUN.13.3_1,0.023933950011127025,0.05000061345209713
2022,02,HUN.13.4_1,0.025249197851635995,0.05600068706634878
2022,02,HUN.13.5_1,0.02503599313575671,0.055000674797306845
2022,02,HUN.13.6_1,0.025875478657886305,0.05900072387347461
2022,02,HUN.14.10_1,0.01842791450514388,0.029000355802216334
2022,02,HUN.14.11_1,0.020996500137613224,0.03800046622359382
2022,02,HUN.14.12_1,0.01873329056279649,0.030000368071258277
2022,02,HUN.14.13_1,0.022522824832327645,0.04400053983784547
2022,02,HUN.14.14_1,0.019901948428925068,0.03400041714742605
2022,02,HUN.14.15_1,0.020457725271831186,0.036000441685509935
2022,02,HUN.14.1_1,0.02151955007570625,0.0400004907616777
2022,02,HUN.14.2_1,0.020182048878769492,0.03500042941646799
2022,02,HUN.14.3_1,0.023004917386562684,0.04600056437592936
2022,02,HUN.14.4_1,0.01961723441939193,0.033000404878384106
2022,02,HUN.14.5_1,0.01903313422131676,0.03100038034030011
2022,02,HUN.14.6_1,0.020729154115053543,0.03700045395455188
2022,02,HUN.14.7_1,0.021519550075706162,0.0400004907616777
2022,02,HUN.14.8_1,0.019901948428925093,0.03400041714742605
2022,02,HUN.14.9_1,0.01903313422131676,0.03100038034030011
2022,02,HUN.15.10_1,0.04144259738198522,0.1720021102752139
2022,02,HUN.15.1_1,0.038995835517328076,0.1480018158182074
2022,02,HUN.15.2_1,0.04182033569039161,0.17600215935138167
2022,02,HUN.15.3_1,0.042190119311901884,0.18000220842754944
2022,02,HUN.15.4_1,0.039951325083062816,0.15700192623958487
2022,02,HUN.15.5_1,0.04182033569039161,0.17600215935138167
2022,02,HUN.15.6_1,0.041056684828141794,0.16800206119904623
2022,02,HUN.15.7_1,0.04290664075122733,0.1880023065798851
2022,02,HUN.15.8_1,0.0421901193119019,0.18000220842754944
2022,02,HUN.15.9_1,0.040360960529577265,0.16100197531575264
2022,02,HUN.16.10_1,0.04209840761793514,0.1790021961585076
2022,02,HUN.16.11_1,0.039319672654835124,0.15100185262533322
2022,02,HUN.16.1_1,0.04086059102344041,0.16600203666096236
2022,02,HUN.16.2_1,0.041726655226260886,0.17500214708233985
2022,02,HUN.16.3_1,0.041820335690391584,0.17600215935138167
2022,02,HUN.16.4_1,0.040157265768860605,0.15900195077766877
2022,02,HUN.16.5_1,0.0433394101901092,0.19300236792509481
2022,02,HUN.16.6_1,0.0404619763024817,0.1620019875847946
2022,02,HUN.16.7_1,0.039638126264360564,0.15400188943245904
2022,02,HUN.16.8_1,0.039951325083062844,0.15700192623958487
2022,02,HUN.16.9_1,0.04503868838306639,0.21400262557497549
2022,02,HUN.17.1_1,0.03899583551732798,0.1480018158182074
2022,02,HUN.17.2_1,0.03974310355841905,0.155001901701501
2022,02,HUN.17.3_1,0.04066236529265377,0.16400201212287846
2022,02,HUN.17.4_1,0.040761746584897854,0.1650020243919204
2022,02,HUN.17.5_1,0.03899583551732807,0.1480018158182074
2022,02,HUN.18.1_1,0.05452463581443722,0.4410054106474962
2022,02,HUN.18.2_1,0.05462186754032682,0.44900550879983175
2022,02,HUN.18.3_1,0.05470481952903309,0.4570056069521674
2022,02,HUN.18.4_1,0.05490286579033347,0.5070062204042645
2022,02,HUN.18.5_1,0.054868588986124296,0.48100590140917393
2022,02,HUN.18.6_1,0.054643941531238506,0.45100553333791565
2022,02,HUN.18.7_1,0.054833960860747204,0.47400581552588034
2022,02,HUN.18.8_1,0.0548597966122527,0.5210063921708518
2022,02,HUN.18.9_1,0.05474096134491438,0.4610056560283351
2022,02,HUN.19.1_1,0.015745939124335043,0.021000257649880793
2022,02,HUN.19.2_1,0.014196091647426537,0.017000208573713024
2022,02,HUN.19.3_1,0.012902386582266917,0.014000171766587195
2022,02,HUN.19.4_1,0.016461855101453617,0.02300028218796468
2022,02,HUN.19.5_1,0.016461855101453635,0.02300028218796468
2022,02,HUN.19.6_1,0.01646185510145365,0.02300028218796468
2022,02,HUN.19.7_1,0.011957397593060602,0.012000147228503311
2022,02,HUN.19.8_1,0.014992666445106561,0.01900023311179691
2022,02,HUN.19.9_1,0.012902386582266919,0.014000171766587195
2022,02,HUN.2.1_1,0.01680730590044392,0.024000294457006622
2022,02,HUN.2.2_1,0.01873329056279643,0.030000368071258277
2022,02,HUN.2.3_1,0.021519550075706197,0.0400004907616777
2022,02,HUN.2.4_1,0.016807305900443947,0.024000294457006622
2022,02,HUN.2.5_1,0.01779942107013769,0.02700033126413245
2022,02,HUN.2.6_1,0.01747566565703585,0.026000318995090508
2022,02,HUN.2.7_1,0.01811672628768379,0.02800034353317439
2022,02,HUN.2.8_1,0.01646185510145365,0.02300028218796468
2022,02,HUN.2.9_1,0.01961723441939194,0.033000404878384106
2022,02,HUN.20.1_1,0.042462361949898206,0.18300224523467537
2022,02,HUN.20.2_1,0.042906640751227305,0.1880023065798851
2022,02,HUN.20.3_1,0.04325376033666567,0.19200235565605275
2022,02,HUN.20.4_1,0.042730330249751584,0.1860022820418011
2022,02,HUN.20.5_1,0.04273033024975158,0.1860022820418011
2022,02,HUN.20.6_1,0.042730330249751584,0.1860022820418011
2022,02,HUN.3.2_1,0.041537789500952,0.17300212254425595
2022,02,HUN.3.3_1,0,0
2022,02,HUN.3.4_1,0.041820335690391605,0.17600215935138167
2022,02,HUN.3.5_1,0.043339410190109166,0.19300236792509481
2022,02,HUN.3.6_1,0.042730330249751584,0.1860022820418011
2022,02,HUN.3.7_1,0.04255215562873164,0.1840022575037172
2022,02,HUN.3.8_1,0.0427303302497516,0.1860022820418011
2022,02,HUN.4.10_1,0.024602571300669496,0.05300065025922296
2022,02,HUN.4.11_1,0.023705868626336633,0.04900060118305519
2022,02,HUN.4.12_1,0.024382229528343815,0.052000637990181016
2022,02,HUN.4.13_1,0.023705868626336644,0.04900060118305519
2022,02,HUN.4.14_1,0.02347505766123644,0.048000588914013244
2022,02,HUN.4.15_1,0.03142747761225479,0.09000110421377472
2022,02,HUN.4.1_1,0.024382229528343805,0.052000637990181016
2022,02,HUN.4.2_1,0.026079972360665452,0.06000073614251644
2022,02,HUN.4.3_1,0.023004917386562726,0.04600056437592936
2022,02,HUN.4.4_1,0.020729154115053508,0.03700045395455188
2022,02,HUN.4.5_1,0.02370586862633663,0.04900060118305519
2022,02,HUN.4.6_1,0.02125991736595397,0.039000478492635764
2022,02,HUN.4.7_1,0.022522824832327613,0.04400053983784547
2022,02,HUN.4.8_1,0.027645852548048886,0.06800083429485199
2022,02,HUN.4.9_1,0.02276541216094127,0.045000552106887415
2022,02,HUN.5.1_1,0.025035993135756742,0.055000674797306845
2022,02,HUN.6.1_1,0.04191351904598384,0.17700217162042373
2022,02,HUN.6.2_1,0.042994104133226345,0.18900231884892693
2022,02,HUN.6.3_1,0.041726655226260956,0.17500214708233985
2022,02,HUN.6.4_1,0.04228134685430999,0.1810022206965915
2022,02,HUN.6.5_1,0.04228134685430995,0.1810022206965915
2022,02,HUN.6.6_1,0.04237209337230921,0.18200223296563334
2022,02,HUN.6.7_1,0.042281346854309974,0.1810022206965915
2022,02,HUN.7.10_1,0.030296418328584627,0.08300101833048112
2022,02,HUN.7.1_1,0.033664621969196735,0.10500128824940386
2022,02,HUN.7.2_1,0.031894271924070676,0.09300114102090055
2022,02,HUN.7.3_1,0.032199836541115884,0.09500116555898444
2022,02,HUN.7.4_1,0.030296418328584596,0.08300101833048112
2022,02,HUN.7.5_1,0.03235097742173259,0.09600117782802638
2022,02,HUN.7.6_1,0.03235097742173257,0.09600117782802638
2022,02,HUN.7.7_1,0.030129771745763093,0.08200100606143917
2022,02,HUN.7.8_1,0.03173981658304581,0.0920011287518586
2022,02,HUN.7.9_1,0.03352264278640539,0.10400127598036192
2022,02,HUN.8.1_1,0.04025939175040852,0.1600019630467107
2022,02,HUN.8.2_1,0.040860591023440355,0.16600203666096236
2022,02,HUN.8.3_1,0.03855544350450708,0.14400176674203963
2022,02,HUN.8.4_1,0.042281346854309995,0.1810022206965915
2022,02,HUN.8.5_1,0.03436045615496781,0.11000134959461358
2022,02,HUN.8.6_1,0.043844020390417265,0.19900244153934646
2022,02,HUN.8.7_1,0.03844377302699375,0.14300175447299768
2022,02,HUN.9.1_1,0.03995132508306282,0.15700192623958487
2022,02,HUN.9.2_1,0.038995835517328103,0.1480018158182074
2022,02,HUN.9.3_1,0.042818717070531684,0.18700229431084314
2022,02,HUN.9.4_1,0.039426415540389954,0.15200186489437517
2022,02,HUN.9.5_1,0.04163247429784476,0.1740021348132978
2022,02,HUN.9.6_1,0.039638126264360495,0.15400188943245904
2022,02,HUN.9.7_1,0.043167661177925226,0.19100234338701091
2022,02,HUN.9.8_1,0.03910438760994545,0.14900182808724932
2022,02,HUN.9.9_1,0.04191351904598383,0.17700217162042373
2022,02,IMN.10_2,0,0
2022,02,IMN.11_2,0,0
2022,02,IMN.12_2,0,0
2022,02,IMN.13_2,0,0
2022,02,IMN.14_2,0,0
2022,02,IMN.15_2,0,0
2022,02,IMN.16_2,0,0
2022,02,IMN.1_2,0,0
2022,02,IMN.2_2,0,0
2022,02,IMN.3_2,0,0
2022,02,IMN.4_2,0,0
2022,02,IMN.5_2,0,0
2022,02,IMN.7_2,0,0
2022,02,IMN.8_2,0,0
2022,02,IMN.9_2,0,0
2022,02,IRL.12.1_1,0,0
2022,02,IRL.12.2_1,0,0
2022,02,IRL.12.3_1,0,0
2022,02,IRL.13.2_1,0,0
2022,02,IRL.13.4_1,0,0
2022,02,IRL.14.1_1,0,0
2022,02,IRL.14.3_1,0,0
2022,02,IRL.15.3_1,0,0
2022,02,IRL.16.1_1,0,0
2022,02,IRL.16.2_1,0,0
2022,02,IRL.16.3_1,0,0
2022,02,IRL.16.4_1,0,0
2022,02,IRL.17.1_1,0,0
2022,02,IRL.17.5_1,0,0
2022,02,IRL.18.1_1,0,0
2022,02,IRL.18.2_1,0,0
2022,02,IRL.18.3_1,0,0
2022,02,IRL.19.1_1,0,0
2022,02,IRL.2.3_1,0,0
2022,02,IRL.20.1_1,0,0
2022,02,IRL.20.2_1,0,0
2022,02,IRL.20.3_1,0,0
2022,02,IRL.21.1_1,0,0
2022,02,IRL.22.3_1,0,0
2022,02,IRL.22.5_1,0,0
2022,02,IRL.23.2_1,0,0
2022,02,IRL.24.1_1,0,0
2022,02,IRL.26.2_1,0,0
2022,02,IRL.26.3_1,0,0
2022,02,IRL.3.2_1,0,0
2022,02,IRL.3.4_1,0,0
2022,02,IRL.4.1_1,0,0
2022,02,IRL.4.2_1,0,0
2022,02,IRL.4.3_1,0,0
2022,02,IRL.4.4_1,0,0
2022,02,IRL.4.5_1,0,0
2022,02,IRL.4.6_1,0,0
2022,02,IRL.4.7_1,0,0
2022,02,IRL.4.8_1,0,0
2022,02,IRL.4.9_1,0,0
2022,02,IRL.5.1_1,0,0
2022,02,IRL.5.3_1,0,0
2022,02,IRL.5.5_1,0,0
2022,02,IRL.6.1_1,0,0
2022,02,IRL.6.2_1,0,0
2022,02,IRL.6.3_1,0,0
2022,02,IRL.6.4_1,0,0
2022,02,IRL.7.1_1,0,0
2022,02,IRL.7.2_1,0,0
2022,02,IRL.7.3_1,0,0
2022,02,IRL.7.4_1,0,0
2022,02,IRL.7.5_1,0,0
2022,02,IRL.7.6_1,0,0
2022,02,IRL.8.1_1,0,0
2022,02,IRL.8.2_1,0,0
2022,02,IRL.8.3_1,0,0
2022,02,IRL.8.4_1,0,0
2022,02,IRL.8.5_1,0,0
2022,02,IRL.9.2_1,0,0
2022,02,IRL.9.5_1,0,0
2022,02,ISL.1.10_1,0,0
2022,02,ISL.1.11_1,0,0
2022,02,ISL.1.12_1,0,0
2022,02,ISL.1.13_1,0,0
2022,02,ISL.1.14_1,0,0
2022,02,ISL.1.15_1,0,0
2022,02,ISL.1.16_1,0,0
2022,02,ISL.1.1_1,0,0
2022,02,ISL.1.2_1,0,0
2022,02,ISL.1.3_1,0,0
2022,02,ISL.1.4_1,0,0
2022,02,ISL.1.5_1,0,0
2022,02,ISL.1.6_1,0,0
2022,02,ISL.1.7_1,0,0
2022,02,ISL.1.8_1,0,0
2022,02,ISL.1.9_1,0,0
2022,02,ISL.2.10_1,0,0
2022,02,ISL.2.11_1,0,0
2022,02,ISL.2.12_1,0,0
2022,02,ISL.2.13_1,0,0
2022,02,ISL.2.14_1,0,0
2022,02,ISL.2.15_1,0,0
2022,02,ISL.2.16_1,0,0
2022,02,ISL.2.17_1,0,0
2022,02,ISL.2.18_1,0,0
2022,02,ISL.2.19_1,0,0
2022,02,ISL.2.1_1,0,0
2022,02,ISL.2.20_1,0,0
2022,02,ISL.2.21_1,0,0
2022,02,ISL.2.22_1,0,0
2022,02,ISL.2.23_1,0,0
2022,02,ISL.2.24_1,0,0
2022,02,ISL.2.25_1,0,0
2022,02,ISL.2.2_1,0,0
2022,02,ISL.2.3_1,0,0
2022,02,ISL.2.4_1,0,0
2022,02,ISL.2.5_1,0,0
2022,02,ISL.2.6_1,0,0
2022,02,ISL.2.7_1,0,0
2022,02,ISL.2.9_1,0,0
2022,02,ISL.3.1_1,0,0
2022,02,ISL.3.2_1,0,0
2022,02,ISL.3.3_1,0,0
2022,02,ISL.3.4_1,0,0
2022,02,ISL.3.5_1,0,0
2022,02,ISL.3.6_1,0,0
2022,02,ISL.3.7_1,0,0
2022,02,ISL.4.10_1,0,0
2022,02,ISL.4.11_1,0,0
2022,02,ISL.4.12_1,0,0
2022,02,ISL.4.13_1,0,0
2022,02,ISL.4.1_1,0,0
2022,02,ISL.4.2_1,0,0
2022,02,ISL.4.3_1,0,0
2022,02,ISL.4.4_1,0,0
2022,02,ISL.4.5_1,0,0
2022,02,ISL.4.6_1,0,0
2022,02,ISL.4.7_1,0,0
2022,02,ISL.4.8_1,0,0
2022,02,ISL.4.9_1,0,0
2022,02,ISL.5.10_1,0,0
2022,02,ISL.5.11_1,0,0
2022,02,ISL.5.12_1,0,0
2022,02,ISL.5.13_1,0,0
2022,02,ISL.5.14_1,0,0
2022,02,ISL.5.15_1,0,0
2022,02,ISL.5.16_1,0,0
2022,02,ISL.5.17_1,0,0
2022,02,ISL.5.18_1,0,0
2022,02,ISL.5.19_1,0,0
2022,02,ISL.5.1_1,0,0
2022,02,ISL.5.20_1,0,0
2022,02,ISL.5.21_1,0,0
2022,02,ISL.5.22_1,0,0
2022,02,ISL.5.23_1,0,0
2022,02,ISL.5.25_1,0,0
2022,02,ISL.5.26_1,0,0
2022,02,ISL.5.27_1,0,0
2022,02,ISL.5.2_1,0,0
2022,02,ISL.5.3_1,0,0
2022,02,ISL.5.4_1,0,0
2022,02,ISL.5.5_1,0,0
2022,02,ISL.5.6_1,0,0
2022,02,ISL.5.7_1,0,0
2022,02,ISL.5.8_1,0,0
2022,02,ISL.5.9_1,0,0
2022,02,ISL.6.1_1,0,0
2022,02,ISL.6.2_1,0,0
2022,02,ISL.6.3_1,0,0
2022,02,ISL.6.4_1,0,0
2022,02,ISL.7.10_1,0,0
2022,02,ISL.7.11_1,0,0
2022,02,ISL.7.1_1,0,0
2022,02,ISL.7.2_1,0,0
2022,02,ISL.7.3_1,0,0
2022,02,ISL.7.4_1,0,0
2022,02,ISL.7.5_1,0,0
2022,02,ISL.7.6_1,0,0
2022,02,ISL.7.7_1,0,0
2022,02,ISL.7.8_1,0,0
2022,02,ISL.7.9_1,0,0
2022,02,ISL.8.11_1,0,0
2022,02,ISL.8.12_1,0,0
2022,02,ISL.8.13_1,0,0
2022,02,ISL.8.14_1,0,0
2022,02,ISL.8.15_1,0,0
2022,02,ISL.8.16_1,0,0
2022,02,ISL.8.1_1,0,0
2022,02,ISL.8.2_1,0,0
2022,02,ISL.8.3_1,0,0
2022,02,ISL.8.4_1,0,0
2022,02,ISL.8.5_1,0,0
2022,02,ISL.8.6_1,0,0
2022,02,ISL.8.7_1,0,0
2022,02,ISL.8.8_1,0,0
2022,02,ISL.8.9_1,0,0
2022,02,ITA.1.1_1,0,0
2022,02,ITA.1.2_1,0,0
2022,02,ITA.1.3_1,0,0
2022,02,ITA.1.4_1,0,0
2022,02,ITA.10.10_1,0.05487265498257227,0.005624512534080301
2022,02,ITA.10.11_1,0.1537989311651562,0.04062086217351515
2022,02,ITA.10.12_1,0.20526906014309665,0.07431240086403229
2022,02,ITA.10.1_1,0.05074413317909715,0.0018293665445167809
2022,02,ITA.10.2_1,0,0
2022,02,ITA.10.3_1,0.17725783719435523,0.05035351329300294
2022,02,ITA.10.4_1,0,0
2022,02,ITA.10.5_1,0,0
2022,02,ITA.10.6_1,0,0
2022,02,ITA.10.7_1,0,0
2022,02,ITA.10.8_1,0,0
2022,02,ITA.10.9_1,0,0
2022,02,ITA.11.1_1,0,0
2022,02,ITA.11.2_1,0,0
2022,02,ITA.11.3_1,0,0
2022,02,ITA.11.4_1,0,0
2022,02,ITA.11.5_1,0,0
2022,02,ITA.12.1_1,0,0
2022,02,ITA.12.2_1,0,0
2022,02,ITA.13.1_1,0,0
2022,02,ITA.13.2_1,0,0
2022,02,ITA.13.3_1,0,0
2022,02,ITA.13.4_1,0,0
2022,02,ITA.13.5_1,0,0
2022,02,ITA.13.6_1,0,0
2022,02,ITA.13.7_1,0.10677625502310523,0.019618861321798436
2022,02,ITA.13.8_1,0.034223125965599586,0.0014204904844669147
2022,02,ITA.14.1_1,0,0
2022,02,ITA.14.2_1,0,0
2022,02,ITA.14.3_1,0,0
2022,02,ITA.14.4_1,0,0
2022,02,ITA.14.5_1,0,0
2022,02,ITA.14.6_1,0,0
2022,02,ITA.14.7_1,0,0
2022,02,ITA.14.8_1,0,0
2022,02,ITA.15.1_1,0,0
2022,02,ITA.15.2_1,0,0
2022,02,ITA.15.3_1,0,0
2022,02,ITA.15.4_1,0,0
2022,02,ITA.15.5_1,0,0
2022,02,ITA.15.6_1,0,0
2022,02,ITA.15.7_1,0,0
2022,02,ITA.15.8_1,0,0
2022,02,ITA.15.9_1,0,0
2022,02,ITA.16.10_1,0,0
2022,02,ITA.16.1_1,0,0
2022,02,ITA.16.2_1,0,0
2022,02,ITA.16.3_1,0,0
2022,02,ITA.16.4_1,0,0
2022,02,ITA.16.5_1,0,0
2022,02,ITA.16.6_1,0,0
2022,02,ITA.16.7_1,0,0
2022,02,ITA.16.8_1,0,0
2022,02,ITA.16.9_1,0,0
2022,02,ITA.17.1_1,0.12579866461997627,0.013613296426893216
2022,02,ITA.17.2_1,0.13046254964746307,0.008181715186450852
2022,02,ITA.18.1_1,0,0
2022,02,ITA.18.2_1,0,0
2022,02,ITA.19.1_1,0.11978372215934965,0.02589412830409746
2022,02,ITA.2.1_1,0,0
2022,02,ITA.2.2_1,0,0
2022,02,ITA.2.3_1,0,0
2022,02,ITA.2.4_1,0,0
2022,02,ITA.2.5_1,0,0
2022,02,ITA.2.6_1,0,0
2022,02,ITA.20.1_1,0.1924232549689426,0.05000157713103162
2022,02,ITA.20.2_1,0.10329436574169336,0.009616890152899914
2022,02,ITA.20.3_1,0,0
2022,02,ITA.20.4_1,0.24282691617362678,0.05640681263934189
2022,02,ITA.20.5_1,0.09549546605376155,0.019720575821721736
2022,02,ITA.20.6_1,0.07035647191662739,0.0051195752186894514
2022,02,ITA.20.7_1,0.2734701703265227,0.057677828637413706
2022,02,ITA.3.1_1,0,0
2022,02,ITA.3.2_1,0,0
2022,02,ITA.4.1_1,0,0
2022,02,ITA.4.2_1,0,0
2022,02,ITA.4.3_1,0,0
2022,02,ITA.4.4_1,0,0
2022,02,ITA.4.5_1,0,0
2022,02,ITA.5.1_1,0,0
2022,02,ITA.5.2_1,0,0
2022,02,ITA.5.3_1,0,0
2022,02,ITA.5.4_1,0,0
2022,02,ITA.5.5_1,0,0
2022,02,ITA.6.1_1,0,0
2022,02,ITA.6.2_1,0,0
2022,02,ITA.6.3_1,0,0
2022,02,ITA.6.4_1,0,0
2022,02,ITA.6.5_1,0,0
2022,02,ITA.6.6_1,0,0
2022,02,ITA.6.7_1,0,0
2022,02,ITA.6.8_1,0,0
2022,02,ITA.6.9_1,0,0
2022,02,ITA.7.1_1,0.21308919405013724,0.20988817100007387
2022,02,ITA.7.2_1,0.3058189634722205,0.21215732661740722
2022,02,ITA.7.3_1,0.10314563535872327,0.19434258587174336
2022,02,ITA.7.4_1,0.510819151303779,0.22646072545161935
2022,02,ITA.8.1_1,0,0
2022,02,ITA.8.2_1,0,0
2022,02,ITA.8.3_1,0,0
2022,02,ITA.8.4_1,0,0
2022,02,ITA.8.5_1,0,0
2022,02,ITA.9.1_1,0,0
2022,02,ITA.9.2_1,0,0
2022,02,ITA.9.3_1,0,0
2022,02,ITA.9.4_1,0,0
2022,02,JEY.10_1,0,0
2022,02,JEY.9_1,0,0
2022,02,LIE.10_1,0.0407617465848979,0.1650020243919204
2022,02,LIE.7_1,0.04095890249498276,0.1670020489300043
2022,02,LIE.9_1,0.040662365292653824,0.16400201212287846
2022,02,LTU.1.3_1,0,0
2022,02,LTU.1.4_1,0,0
2022,02,LTU.10.1_1,0,0
2022,02,LTU.10.3_1,0,0
2022,02,LTU.10.6_1,0,0
2022,02,LTU.4.1_1,0,0
2022,02,LTU.9.2_1,0,0
2022,02,LTU.9.5_1,0,0
2022,02,LUX.1.1_1,0.07017514569947463,0.0758276222160305
2022,02,LUX.1.2_1,0.09593650886476998,0.0867378835909894
2022,02,LUX.1.3_1,0.09754758780413053,0.09237795642889007
2022,02,LUX.1.4_1,0.04984640709402253,0.0763118959906842
2022,02,LUX.1.5_1,0.07355410075393244,0.07095029216393532
2022,02,LUX.2.1_1,0.07830039246368754,0.08186681023440613
2022,02,LUX.2.2_1,0.08272929211531989,0.0795352845212874
2022,02,LUX.2.3_1,0.07973221999441024,0.07331336794174126
2022,02,LUX.3.1_1,0.12417113718461091,0.21796826755452392
2022,02,LUX.3.2_1,0.16724518466832947,0.23320469654427628
2022,02,LUX.3.3_1,0.27300581430178317,0.2809951481094583
2022,02,LUX.3.4_1,0.14110103344894834,0.2296831325719909
2022,02,LVA.2.2_1,0,0
2022,02,LVA.2.3_1,0,0
2022,02,LVA.2.4_1,0,0
2022,02,MDA.16_1,0,0
2022,02,MDA.17_1,0,0
2022,02,MDA.20_1,0,0
2022,02,MDA.21_1,0,0
2022,02,MDA.23_1,0,0
2022,02,MDA.24_1,0,0
2022,02,MDA.28_1,0,0
2022,02,MDA.37_1,0,0
2022,02,MDA.5_1,0,0
2022,02,MDA.6_1,0,0
2022,02,MDA.8_1,0,0
2022,02,MKD.11_1,0,0
2022,02,MKD.13_1,0,0
2022,02,MKD.14_1,0,0
2022,02,MKD.15_1,0,0
2022,02,MKD.16_1,0,0
2022,02,MKD.17_1,0,0
2022,02,MKD.18_1,0,0
2022,02,MKD.19_1,0,0
2022,02,MKD.20_1,0,0
2022,02,MKD.21_1,0,0
2022,02,MKD.23_1,0,0
2022,02,MKD.24_1,0,0
2022,02,MKD.25_1,0,0
2022,02,MKD.26_1,0,0
2022,02,MKD.27_1,0,0
2022,02,MKD.28_1,0,0
2022,02,MKD.29_1,0,0
2022,02,MKD.2_1,0,0
2022,02,MKD.30_1,0,0
2022,02,MKD.31_1,0,0
2022,02,MKD.32_1,0,0
2022,02,MKD.33_1,0,0
2022,02,MKD.35_1,0,0
2022,02,MKD.36_1,0,0
2022,02,MKD.37_1,0,0
2022,02,MKD.38_1,0,0
2022,02,MKD.39_1,0,0
2022,02,MKD.3_1,0,0
2022,02,MKD.40_1,0,0
2022,02,MKD.41_1,0,0
2022,02,MKD.42_1,0,0
2022,02,MKD.43_1,0,0
2022,02,MKD.44_1,0,0
2022,02,MKD.45_1,0,0
2022,02,MKD.46_1,0,0
2022,02,MKD.47_1,0,0
2022,02,MKD.48_1,0,0
2022,02,MKD.49_1,0,0
2022,02,MKD.4_1,0,0
2022,02,MKD.50_1,0,0
2022,02,MKD.51_1,0,0
2022,02,MKD.52_1,0,0
2022,02,MKD.54_1,0,0
2022,02,MKD.55_1,0,0
2022,02,MKD.56_1,0,0
2022,02,MKD.57_1,0,0
2022,02,MKD.58_1,0,0
2022,02,MKD.59_1,0,0
2022,02,MKD.5_1,0,0
2022,02,MKD.60_1,0,0
2022,02,MKD.61_1,0,0
2022,02,MKD.62_1,0,0
2022,02,MKD.63_1,0,0
2022,02,MKD.64_1,0,0
2022,02,MKD.65_1,0,0
2022,02,MKD.66_1,0,0
2022,02,MKD.67_1,0,0
2022,02,MKD.68_1,0,0
2022,02,MKD.69_1,0,0
2022,02,MKD.6_1,0,0
2022,02,MKD.70_1,0,0
2022,02,MKD.72_1,0,0
2022,02,MKD.73_1,0,0
2022,02,MKD.74_1,0,0
2022,02,MKD.75_1,0,0
2022,02,MKD.76_1,0,0
2022,02,MKD.77_1,0,0
2022,02,MKD.79_1,0,0
2022,02,MKD.7_1,0,0
2022,02,MKD.81_1,0,0
2022,02,MKD.83_1,0,0
2022,02,MKD.84_1,0,0
2022,02,MKD.85_1,0,0
2022,02,MKD.8_1,0,0
2022,02,MKD.9_1,0,0
2022,02,MLT.1_1,0,0
2022,02,MLT.3.11_1,0,0
2022,02,MLT.3.3_1,0,0
2022,02,MLT.3.5_1,0,0
2022,02,MLT.3.6_1,0,0
2022,02,MLT.3.9_1,0,0
2022,02,MLT.4.10_1,0,0
2022,02,MLT.4.12_1,0,0
2022,02,MLT.4.2_1,0,0
2022,02,MLT.4.3_1,0,0
2022,02,MLT.4.4_1,0,0
2022,02,MLT.4.5_1,0,0
2022,02,MLT.4.9_1,0,0
2022,02,MLT.4_1,0,0
2022,02,MLT.5.14_1,0,0
2022,02,MLT.5.4_1,0,0
2022,02,MLT.5.9_1,0,0
2022,02,MLT.5_1,0,0
2022,02,MNE.10_1,0,0
2022,02,MNE.11_1,0,0
2022,02,MNE.12_1,0.0379906348221576,0.1390017053968299
2022,02,MNE.13_1,0,0
2022,02,MNE.14_1,0.04086059102344046,0.16600203666096236
2022,02,MNE.15_1,0.04076174658489788,0.1650020243919204
2022,02,MNE.16_1,0,0
2022,02,MNE.17_1,0,0
2022,02,MNE.18_1,0,0
2022,02,MNE.19_1,0,0
2022,02,MNE.1_1,0,0
2022,02,MNE.20_1,0,0
2022,02,MNE.21_1,0,0
2022,02,MNE.2_1,0,0
2022,02,MNE.3_1,0,0
2022,02,MNE.4_1,0,0
2022,02,MNE.5_1,0,0
2022,02,MNE.6_1,0,0
2022,02,MNE.7_1,0,0
2022,02,MNE.8_1,0.039638126264360515,0.15400188943245904
2022,02,MNE.9_1,0,0
2022,02,NLD.1.10_1,0,0
2022,02,NLD.1.11_1,0,0
2022,02,NLD.1.12_1,0,0
2022,02,NLD.1.1_1,0,0
2022,02,NLD.1.2_1,0,0
2022,02,NLD.1.3_1,0,0
2022,02,NLD.1.4_1,0,0
2022,02,NLD.1.5_1,0.030788596945271772,0.08600105513760695
2022,02,NLD.1.6_1,0,0
2022,02,NLD.1.7_1,0.025668886105392186,0.05800071160443267
2022,02,NLD.1.8_1,0.028567278712510902,0.0730008956400617
2022,02,NLD.1.9_1,0,0
2022,02,NLD.10.10_1,0.027645852548048896,0.06800083429485199
2022,02,NLD.10.11_1,0.027833444841484475,0.06900084656389403
2022,02,NLD.10.12_1,0.028386236131298377,0.07200088337101976
2022,02,NLD.10.13_1,0.03204760657339282,0.09400115328994249
2022,02,NLD.10.14_1,0.03111045265040567,0.08800107967569083
2022,02,NLD.10.15_1,0.029101163741317427,0.07600093244718753
2022,02,NLD.10.16_1,0.030296418328584596,0.08300101833048112
2022,02,NLD.10.17_1,0.028567278712510965,0.0730008956400617
2022,02,NLD.10.18_1,0.029961795807965697,0.08100099379239724
2022,02,NLD.10.19_1,0.026282416204882433,0.061000748411558385
2022,02,NLD.10.1_1,0.026482857199998586,0.06200076068060044
2022,02,NLD.10.20_1,0.028746761644573886,0.07400090790910364
2022,02,NLD.10.21_1,0.0268779094298435,0.06400078521868433
2022,02,NLD.10.22_1,0.02892471396119308,0.07500092017814558
2022,02,NLD.10.23_1,0.027072605734458275,0.06500079748772615
2022,02,NLD.10.24_1,0.03046175737387168,0.08400103059952306
2022,02,NLD.10.25_1,0.028924713961193126,0.07500092017814558
2022,02,NLD.10.26_1,0.02726546951481323,0.06600080975676821
2022,02,NLD.10.3_1,0.028386236131298377,0.07200088337101976
2022,02,NLD.10.4_1,0.028019350832142246,0.07000085883293598
2022,02,NLD.10.5_2,0.028924713961193192,0.07500092017814558
2022,02,NLD.10.6_1,0.029961795807965746,0.08100099379239724
2022,02,NLD.10.7_1,0.027833444841484527,0.06900084656389403
2022,02,NLD.10.8_1,0.02764585254804889,0.06800083429485199
2022,02,NLD.10.9_1,0.02745653938769798,0.06700082202581004
2022,02,NLD.11.12_1,0,0
2022,02,NLD.11.13_1,0,0
2022,02,NLD.11.14_1,0,0
2022,02,NLD.11.16_1,0,0
2022,02,NLD.11.18_1,0,0
2022,02,NLD.11.21_1,0,0
2022,02,NLD.11.22_1,0,0
2022,02,NLD.11.23_1,0,0
2022,02,NLD.11.24_1,0,0
2022,02,NLD.11.25_1,0,0
2022,02,NLD.11.26_1,0,0
2022,02,NLD.11.27_1,0,0
2022,02,NLD.11.28_1,0,0
2022,02,NLD.11.30_1,0,0
2022,02,NLD.11.31_1,0,0
2022,02,NLD.11.32_1,0,0
2022,02,NLD.11.33_1,0,0
2022,02,NLD.11.34_1,0,0
2022,02,NLD.11.35_1,0,0
2022,02,NLD.11.36_1,0,0
2022,02,NLD.11.37_1,0,0
2022,02,NLD.11.3_1,0,0
2022,02,NLD.11.4_1,0,0
2022,02,NLD.11.6_1,0,0
2022,02,NLD.11.7_1,0,0
2022,02,NLD.11.8_1,0,0
2022,02,NLD.12.10_1,0,0
2022,02,NLD.12.11_1,0.028567278712510982,0.0730008956400617
2022,02,NLD.12.12_1,0,0
2022,02,NLD.12.13_1,0,0
2022,02,NLD.12.1_1,0,0
2022,02,NLD.12.2_1,0,0
2022,02,NLD.12.3_1,0,0
2022,02,NLD.12.4_1,0,0
2022,02,NLD.12.5_1,0,0
2022,02,NLD.12.6_1,0,0
2022,02,NLD.12.7_1,0.030625810058574662,0.08500104286856501
2022,02,NLD.12.8_1,0,0
2022,02,NLD.12.9_1,0,0
2022,02,NLD.13.1_1,0.02668134048468278,0.06300077294964239
2022,02,NLD.14.100_1,0,0
2022,02,NLD.14.101_1,0.02587547865788632,0.05900072387347461
2022,02,NLD.14.102_1,0,0
2022,02,NLD.14.103_1,0.024382229528343794,0.052000637990181016
2022,02,NLD.14.104_1,0.025668886105392134,0.05800071160443267
2022,02,NLD.14.17_1,0.029276138152706493,0.07700094471622947
2022,02,NLD.14.18_1,0.028019350832142197,0.07000085883293598
2022,02,NLD.14.1_1,0.02910116374131726,0.07600093244718753
2022,02,NLD.14.21_1,0.029449663492966828,0.07800095698527142
2022,02,NLD.14.23_1,0.02668134048468281,0.06300077294964239
2022,02,NLD.14.26_1,0,0
2022,02,NLD.14.27_1,0,0
2022,02,NLD.14.29_1,0,0
2022,02,NLD.14.2_1,0,0
2022,02,NLD.14.30_2,0.025035993135756756,0.055000674797306845
2022,02,NLD.14.31_1,0.030461757373871686,0.08400103059952306
2022,02,NLD.14.32_1,0.025460143610822435,0.057000699335390724
2022,02,NLD.14.34_2,0,0
2022,02,NLD.14.36_1,0.030625810058574593,0.08500104286856501
2022,02,NLD.14.38_1,0,0
2022,02,NLD.14.39_1,0,0
2022,02,NLD.14.40_1,0,0
2022,02,NLD.14.43_1,0,0
2022,02,NLD.14.45_1,0.028567278712510996,0.0730008956400617
2022,02,NLD.14.4_1,0,0
2022,02,NLD.14.53_2,0.02726546951481324,0.06600080975676821
2022,02,NLD.14.54_2,0,0
2022,02,NLD.14.56_1,0,0
2022,02,NLD.14.5_1,0.026079972360665487,0.06000073614251644
2022,02,NLD.14.60_1,0,0
2022,02,NLD.14.61_1,0.026079972360665442,0.06000073614251644
2022,02,NLD.14.63_1,0.02745653938769797,0.06700082202581004
2022,02,NLD.14.66_1,0,0
2022,02,NLD.14.67_2,0.023475057661236632,0.048000588914013244
2022,02,NLD.14.70_1,0.031110452650405695,0.08800107967569083
2022,02,NLD.14.73_1,0,0
2022,02,NLD.14.78_1,0.02607997236066544,0.06000073614251644
2022,02,NLD.14.7_2,0,0
2022,02,NLD.14.81_1,0,0
2022,02,NLD.14.82_1,0.02628241620488251,0.061000748411558385
2022,02,NLD.14.84_1,0,0
2022,02,NLD.14.86_1,0.023705868626336602,0.04900060118305519
2022,02,NLD.14.89_1,0.02607997236066542,0.06000073614251644
2022,02,NLD.14.8_1,0.02764585254804889,0.06800083429485199
2022,02,NLD.14.90_1,0,0
2022,02,NLD.14.91_1,0.02944966349296682,0.07800095698527142
2022,02,NLD.14.93_1,0,0
2022,02,NLD.14.94_1,0.02745653938769797,0.06700082202581004
2022,02,NLD.14.95_1,0.027265469514813262,0.06600080975676821
2022,02,NLD.14.96_1,0.02524919785163606,0.05600068706634878
2022,02,NLD.14.97_1,0.02764585254804889,0.06800083429485199
2022,02,NLD.14.98_1,0.029449663492966828,0.07800095698527142
2022,02,NLD.14.99_1,0.030461757373871655,0.08400103059952306
2022,02,NLD.2.1_1,0.026079972360665442,0.06000073614251644
2022,02,NLD.2.2_1,0.028567278712510958,0.0730008956400617
2022,02,NLD.2.3_1,0.02607997236066544,0.06000073614251644
2022,02,NLD.2.4_1,0.027265469514813203,0.06600080975676821
2022,02,NLD.2.6_1,0.027265469514813224,0.06600080975676821
2022,02,NLD.3.10_1,0,0
2022,02,NLD.3.11_2,0,0
2022,02,NLD.3.14_2,0,0
2022,02,NLD.3.1_1,0,0
2022,02,NLD.3.20_1,0,0
2022,02,NLD.3.21_1,0,0
2022,02,NLD.3.24_1,0,0
2022,02,NLD.3.27_1,0,0
2022,02,NLD.3.29_1,0.027072605734458206,0.06500079748772615
2022,02,NLD.3.32_1,0.023241435793488786,0.0470005766449713
2022,02,NLD.3.33_1,0,0
2022,02,NLD.3.34_1,0,0
2022,02,NLD.3.35_1,0,0
2022,02,NLD.3.5_1,0,0
2022,02,NLD.4.10_1,0,0
2022,02,NLD.4.11_1,0,0
2022,02,NLD.4.14_1,0,0
2022,02,NLD.4.15_2,0,0
2022,02,NLD.4.16_1,0,0
2022,02,NLD.4.17_1,0,0
2022,02,NLD.4.18_1,0,0
2022,02,NLD.4.20_1,0,0
2022,02,NLD.4.21_1,0.0285672787125109,0.0730008956400617
2022,02,NLD.4.22_1,0,0
2022,02,NLD.4.28_1,0.027072605734458213,0.06500079748772615
2022,02,NLD.4.29_1,0.029276138152706514,0.07700094471622947
2022,02,NLD.4.30_1,0.02944966349296682,0.07800095698527142
2022,02,NLD.4.32_1,0.030788596945271772,0.08600105513760695
2022,02,NLD.4.34_1,0,0
2022,02,NLD.4.37_1,0,0
2022,02,NLD.4.38_2,0.028567278712510982,0.0730008956400617
2022,02,NLD.4.39_1,0.029276138152706466,0.07700094471622947
2022,02,NLD.4.3_1,0,0
2022,02,NLD.4.43_1,0,0
2022,02,NLD.4.44_1,0,0
2022,02,NLD.4.45_1,0.02546014361082245,0.057000699335390724
2022,02,NLD.4.46_1,0.02927613815270653,0.07700094471622947
2022,02,NLD.4.47_1,0,0
2022,02,NLD.4.48_1,0,0
2022,02,NLD.4.49_1,0,0
2022,02,NLD.4.4_1,0,0
2022,02,NLD.4.50_1,0,0
2022,02,NLD.4.52_1,0,0
2022,02,NLD.4.54_1,0,0
2022,02,NLD.4.56_1,0,0
2022,02,NLD.4.58_1,0.030950138006931895,0.0870010674066489
2022,02,NLD.4.5_1,0,0
2022,02,NLD.4.60_1,0,0
2022,02,NLD.4.63_1,0,0
2022,02,NLD.4.64_1,0,0
2022,02,NLD.4.65_1,0.02910116374131737,0.07600093244718753
2022,02,NLD.4.66_1,0,0
2022,02,NLD.4.68_1,0.029792468029686697,0.08000098152335529
2022,02,NLD.4.70_2,0,0
2022,02,NLD.4.71_2,0,0
2022,02,NLD.4.72_1,0,0
2022,02,NLD.4.73_1,0.028386236131298377,0.07200088337101976
2022,02,NLD.4.74_1,0.031427477612254805,0.09000110421377472
2022,02,NLD.4.75_1,0,0
2022,02,NLD.4.76_1,0,0
2022,02,NLD.4.77_1,0,0
2022,02,NLD.4.78_1,0,0
2022,02,NLD.4.79_1,0,0
2022,02,NLD.4.7_1,0,0
2022,02,NLD.4.9_1,0,0
2022,02,NLD.5.15_1,0,0
2022,02,NLD.5.19_1,0,0
2022,02,NLD.5.21_1,0,0
2022,02,NLD.5.26_1,0,0
2022,02,NLD.5.27_1,0,0
2022,02,NLD.5.28_1,0,0
2022,02,NLD.5.29_1,0,0
2022,02,NLD.5.30_1,0,0
2022,02,NLD.5.31_1,0,0
2022,02,NLD.5.7_2,0,0
2022,02,NLD.6.1_1,0.025460143610822383,0.057000699335390724
2022,02,NLD.7.10_1,0.024159379123155314,0.05100062572113907
2022,02,NLD.7.13_1,0.02438222952834382,0.052000637990181016
2022,02,NLD.7.16_2,0.025875478657886312,0.05900072387347461
2022,02,NLD.7.18_1,0.025249197851635992,0.05600068706634878
2022,02,NLD.7.20_1,0.025460143610822383,0.057000699335390724
2022,02,NLD.7.23_1,0.02503599313575675,0.055000674797306845
2022,02,NLD.7.26_1,0.02482047125079351,0.0540006625282649
2022,02,NLD.7.28_1,0.029101163741317354,0.07600093244718753
2022,02,NLD.7.29_1,0.030461757373871617,0.08400103059952306
2022,02,NLD.7.32_2,0.02546014361082239,0.057000699335390724
2022,02,NLD.7.33_2,0.025460143610822456,0.057000699335390724
2022,02,NLD.7.37_1,0.02648285719999859,0.06200076068060044
2022,02,NLD.7.38_1,0.024382229528343815,0.052000637990181016
2022,02,NLD.7.39_1,0.02482047125079354,0.0540006625282649
2022,02,NLD.7.3_1,0.025460143610822397,0.057000699335390724
2022,02,NLD.7.42_1,0.0243822295283438,0.052000637990181016
2022,02,NLD.7.43_1,0.023241435793488772,0.0470005766449713
2022,02,NLD.7.44_2,0.025875478657886294,0.05900072387347461
2022,02,NLD.7.45_1,0.025249197851635884,0.05600068706634878
2022,02,NLD.7.46_1,0.027072605734458237,0.06500079748772615
2022,02,NLD.7.47_1,0.02628241620488247,0.061000748411558385
2022,02,NLD.7.48_1,0.0258754786578863,0.05900072387347461
2022,02,NLD.7.49_1,0.024820471250793525,0.0540006625282649
2022,02,NLD.7.4_1,0.025668886105392148,0.05800071160443267
2022,02,NLD.7.50_1,0.02393395001112701,0.05000061345209713
2022,02,NLD.7.51_1,0.02687790942984348,0.06400078521868433
2022,02,NLD.7.52_1,0.02745653938769797,0.06700082202581004
2022,02,NLD.7.5_1,0.025875478657886312,0.05900072387347461
2022,02,NLD.7.6_1,0.0246025713006695,0.05300065025922296
2022,02,NLD.7.7_1,0.028203603866183966,0.07100087110197781
2022,02,NLD.7.9_1,0.025668886105392093,0.05800071160443267
2022,02,NLD.8.10_1,0.029961795807965767,0.08100099379239724
2022,02,NLD.8.11_1,0.03142747761225479,0.09000110421377472
2022,02,NLD.8.12_1,0.03265005231084488,0.09800120236611026
2022,02,NLD.8.13_1,0.030129771745763263,0.08200100606143917
2022,02,NLD.8.14_1,0.02783344484148446,0.06900084656389403
2022,02,NLD.8.15_1,0.02979246802968668,0.08000098152335529
2022,02,NLD.8.16_1,0.03126955973871934,0.08900109194473278
2022,02,NLD.8.17_1,0.02944966349296682,0.07800095698527142
2022,02,NLD.8.18_1,0.029449663492966828,0.07800095698527142
2022,02,NLD.8.19_1,0.028203603866183934,0.07100087110197781
2022,02,NLD.8.1_1,0.02801935083214219,0.07000085883293598
2022,02,NLD.8.20_1,0.030296418328584613,0.08300101833048112
2022,02,NLD.8.21_1,0.0285672787125109,0.0730008956400617
2022,02,NLD.8.22_1,0.029449663492966814,0.07800095698527142
2022,02,NLD.8.23_1,0.027456539387697963,0.06700082202581004
2022,02,NLD.8.25_1,0.02944966349296681,0.07800095698527142
2022,02,NLD.8.26_1,0.028567278712510934,0.0730008956400617
2022,02,NLD.8.27_1,0.03046175737387168,0.08400103059952306
2022,02,NLD.8.28_1,0.028924713961193192,0.07500092017814558
2022,02,NLD.8.30_1,0.02996179580796573,0.08100099379239724
2022,02,NLD.8.31_1,0.03337969842757988,0.10300126371131997
2022,02,NLD.8.32_1,0.02648285719999859,0.06200076068060044
2022,02,NLD.8.33_1,0.031584224108871996,0.09100111648281667
2022,02,NLD.8.34_1,0.03046175737387164,0.08400103059952306
2022,02,NLD.8.35_1,0.03111045265040568,0.08800107967569083
2022,02,NLD.8.36_1,0.031110452650405712,0.08800107967569083
2022,02,NLD.8.38_1,0.0287467616445739,0.07400090790910364
2022,02,NLD.8.3_1,0.029449663492966804,0.07800095698527142
2022,02,NLD.8.41_1,0.030950138006931877,0.0870010674066489
2022,02,NLD.8.42_1,0.027833444841484443,0.06900084656389403
2022,02,NLD.8.43_1,0.028924713961193112,0.07500092017814558
2022,02,NLD.8.44_1,0.029961795807965697,0.08100099379239724
2022,02,NLD.8.45_1,0.029961795807965614,0.08100099379239724
2022,02,NLD.8.46_1,0.026482857199998596,0.06200076068060044
2022,02,NLD.8.47_2,0.02783344484148442,0.06900084656389403
2022,02,NLD.8.48_1,0.03337969842757991,0.10300126371131997
2022,02,NLD.8.49_1,0.026877909429843465,0.06400078521868433
2022,02,NLD.8.4_1,0.029792468029686686,0.08000098152335529
2022,02,NLD.8.50_1,0.02687790942984341,0.06400078521868433
2022,02,NLD.8.52_1,0.028746761644573893,0.07400090790910364
2022,02,NLD.8.54_1,0.03095013800693198,0.0870010674066489
2022,02,NLD.8.55_1,0.03126955973871938,0.08900109194473278
2022,02,NLD.8.56_1,0.031427477612254805,0.09000110421377472
2022,02,NLD.8.57_1,0.02892471396119312,0.07500092017814558
2022,02,NLD.8.58_1,0.030461757373871672,0.08400103059952306
2022,02,NLD.8.59_1,0.025460143610822383,0.057000699335390724
2022,02,NLD.8.5_1,0.03219983654111582,0.09500116555898444
2022,02,NLD.8.60_1,0.030461757373871624,0.08400103059952306
2022,02,NLD.8.62_1,0.02996179580796572,0.08100099379239724
2022,02,NLD.8.63_2,0.029792468029686697,0.08000098152335529
2022,02,NLD.8.64_1,0.028386236131298377,0.07200088337101976
2022,02,NLD.8.65_1,0.02726546951481328,0.06600080975676821
2022,02,NLD.8.67_1,0.031584224108871954,0.09100111648281667
2022,02,NLD.8.69_1,0.029792468029686686,0.08000098152335529
2022,02,NLD.8.6_1,0.03126955973871927,0.08900109194473278
2022,02,NLD.8.70_1,0.028746761644573893,0.07400090790910364
2022,02,NLD.8.71_1,0.028924713961193144,0.07500092017814558
2022,02,NLD.8.72_1,0.02996179580796573,0.08100099379239724
2022,02,NLD.8.7_1,0.02628241620488246,0.061000748411558385
2022,02,NLD.8.8_1,0.029621765228237812,0.07900096925431335
2022,02,NLD.8.9_1,0.03029641832858459,0.08300101833048112
2022,02,NLD.9.10_1,0,0
2022,02,NLD.9.11_1,0.027645852548048896,0.06800083429485199
2022,02,NLD.9.12_2,0.022027995269515623,0.042000515299761586
2022,02,NLD.9.14_1,0,0
2022,02,NLD.9.15_1,0,0
2022,02,NLD.9.16_1,0.02503599313575676,0.055000674797306845
2022,02,NLD.9.1_1,0.028924713961193168,0.07500092017814558
2022,02,NLD.9.21_1,0.026482857199998593,0.06200076068060044
2022,02,NLD.9.23_2,0.024602571300669514,0.05300065025922296
2022,02,NLD.9.25_1,0,0
2022,02,NLD.9.26_1,0,0
2022,02,NLD.9.27_1,0,0
2022,02,NLD.9.28_1,0,0
2022,02,NLD.9.29_1,0,0
2022,02,NLD.9.30_1,0,0
2022,02,NLD.9.31_1,0,0
2022,02,NLD.9.32_1,0.029276138152706514,0.07700094471622947
2022,02,NLD.9.33_1,0,0
2022,02,NLD.9.34_1,0,0
2022,02,NLD.9.3_1,0.027833444841484454,0.06900084656389403
2022,02,NLD.9.41_1,0.031110452650405657,0.08800107967569083
2022,02,NLD.9.42_1,0,0
2022,02,NLD.9.43_1,0.029276138152706396,0.07700094471622947
2022,02,NLD.9.44_1,0.023705868626336578,0.04900060118305519
2022,02,NLD.9.47_1,0,0
2022,02,NLD.9.48_1,0,0
2022,02,NLD.9.49_1,0,0
2022,02,NLD.9.4_1,0.02566888610539218,0.05800071160443267
2022,02,NLD.9.50_1,0.030625810058574635,0.08500104286856501
2022,02,NLD.9.51_1,0,0
2022,02,NLD.9.53_1,0.028203603866183903,0.07100087110197781
2022,02,NLD.9.54_1,0.0266813404846828,0.06300077294964239
2022,02,NLD.9.59_1,0,0
2022,02,NLD.9.61_1,0.02648285719999859,0.06200076068060044
2022,02,NLD.9.62_1,0.02783344484148442,0.06900084656389403
2022,02,NLD.9.63_1,0,0
2022,02,NLD.9.66_1,0.02460257130066949,0.05300065025922296
2022,02,NLD.9.67_1,0,0
2022,02,NLD.9.68_1,0.030461757373871672,0.08400103059952306
2022,02,NLD.9.69_1,0.02628241620488248,0.061000748411558385
2022,02,NLD.9.70_1,0,0
2022,02,NLD.9.71_1,0,0
2022,02,NLD.9.72_1,0,0
2022,02,NLD.9.73_1,0,0
2022,02,NLD.9.7_1,0.03046175737387164,0.08400103059952306
2022,02,NLD.9.9_1,0,0
2022,02,NOR.1.3_1,0,0
2022,02,NOR.17.17_1,0,0
2022,02,NOR.17.22_1,0,0
2022,02,NOR.17.9_1,0,0
2022,02,NOR.2.10_1,0,0
2022,02,NOR.2.16_1,0,0
2022,02,NOR.2.1_1,0,0
2022,02,NOR.2.6_1,0,0
2022,02,NOR.5.13_1,0,0
2022,02,NOR.5.16_1,0,0
2022,02,NOR.5.17_1,0,0
2022,02,NOR.5.7_1,0,0
2022,02,NOR.5.8_1,0,0
2022,02,NOR.6.10_1,0,0
2022,02,NOR.6.20_1,0,0
2022,02,NOR.6.22_1,0,0
2022,02,NOR.6.3_1,0,0
2022,02,NOR.6.4_1,0,0
2022,02,NOR.6.6_1,0,0
2022,02,NOR.6.8_1,0,0
2022,02,POL.1.12_1,0,0
2022,02,POL.1.14_1,0,0
2022,02,POL.1.23_1,0,0
2022,02,POL.1.28_1,0,0
2022,02,POL.1.7_1,0,0
2022,02,POL.1.8_1,0,0
2022,02,POL.1.9_1,0,0
2022,02,POL.10.10_1,0,0
2022,02,POL.10.11_1,0,0
2022,02,POL.10.13_1,0,0
2022,02,POL.10.14_1,0,0
2022,02,POL.10.15_1,0,0
2022,02,POL.10.16_1,0,0
2022,02,POL.10.1_1,0,0
2022,02,POL.10.2_1,0,0
2022,02,POL.10.3_1,0,0
2022,02,POL.10.4_1,0,0
2022,02,POL.10.5_1,0,0
2022,02,POL.10.6_1,0,0
2022,02,POL.10.7_1,0,0
2022,02,POL.10.9_1,0,0
2022,02,POL.11.10_1,0,0
2022,02,POL.11.11_1,0,0
2022,02,POL.11.12_1,0,0
2022,02,POL.11.13_1,0,0
2022,02,POL.11.16_1,0,0
2022,02,POL.11.17_1,0,0
2022,02,POL.11.18_1,0,0
2022,02,POL.11.19_1,0,0
2022,02,POL.11.1_1,0,0
2022,02,POL.11.20_1,0,0
2022,02,POL.11.2_1,0,0
2022,02,POL.11.3_1,0,0
2022,02,POL.11.4_1,0,0
2022,02,POL.11.5_1,0,0
2022,02,POL.11.6_1,0,0
2022,02,POL.11.7_1,0,0
2022,02,POL.11.8_1,0,0
2022,02,POL.11.9_1,0,0
2022,02,POL.12.36_1,0,0
2022,02,POL.14.10_1,0,0
2022,02,POL.14.11_1,0,0
2022,02,POL.14.12_1,0,0
2022,02,POL.14.13_1,0,0
2022,02,POL.14.14_1,0,0
2022,02,POL.14.15_1,0,0
2022,02,POL.14.16_1,0,0
2022,02,POL.14.17_1,0,0
2022,02,POL.14.18_1,0,0
2022,02,POL.14.19_1,0,0
2022,02,POL.14.1_1,0,0
2022,02,POL.14.20_1,0,0
2022,02,POL.14.21_1,0,0
2022,02,POL.14.2_1,0,0
2022,02,POL.14.3_1,0,0
2022,02,POL.14.5_1,0,0
2022,02,POL.14.6_1,0,0
2022,02,POL.14.7_1,0,0
2022,02,POL.14.8_1,0,0
2022,02,POL.14.9_1,0,0
2022,02,POL.15.10_1,0,0
2022,02,POL.15.12_1,0,0
2022,02,POL.15.17_1,0,0
2022,02,POL.15.18_1,0,0
2022,02,POL.15.22_1,0,0
2022,02,POL.15.27_1,0,0
2022,02,POL.15.2_1,0,0
2022,02,POL.15.32_1,0,0
2022,02,POL.15.35_1,0,0
2022,02,POL.15.3_1,0,0
2022,02,POL.16.12_1,0,0
2022,02,POL.16.13_1,0,0
2022,02,POL.16.18_1,0,0
2022,02,POL.16.21_1,0,0
2022,02,POL.16.22_1,0,0
2022,02,POL.16.2_1,0,0
2022,02,POL.16.6_1,0,0
2022,02,POL.2.10_1,0,0
2022,02,POL.2.11_1,0,0
2022,02,POL.2.12_1,0,0
2022,02,POL.2.13_1,0,0
2022,02,POL.2.14_1,0,0
2022,02,POL.2.15_1,0,0
2022,02,POL.2.16_1,0,0
2022,02,POL.2.18_1,0,0
2022,02,POL.2.19_1,0,0
2022,02,POL.2.1_1,0,0
2022,02,POL.2.20_1,0,0
2022,02,POL.2.21_1,0,0
2022,02,POL.2.22_1,0,0
2022,02,POL.2.23_1,0,0
2022,02,POL.2.2_1,0,0
2022,02,POL.2.4_1,0,0
2022,02,POL.2.5_1,0,0
2022,02,POL.2.6_1,0,0
2022,02,POL.2.7_1,0,0
2022,02,POL.2.8_1,0,0
2022,02,POL.2.9_1,0,0
2022,02,POL.3.16_1,0,0
2022,02,POL.3.19_1,0,0
2022,02,POL.3.20_1,0,0
2022,02,POL.3.3_1,0,0
2022,02,POL.3.8_1,0,0
2022,02,POL.4.22_1,0,0
2022,02,POL.4.2_1,0,0
2022,02,POL.5.12_1,0,0
2022,02,POL.5.1_1,0,0
2022,02,POL.5.2_1,0,0
2022,02,POL.5.3_1,0,0
2022,02,POL.5.4_1,0,0
2022,02,POL.5.6_1,0,0
2022,02,POL.5.7_1,0,0
2022,02,POL.5.8_1,0,0
2022,02,POL.5.9_1,0,0
2022,02,POL.6.12_1,0.06096022296516126,0.12097229152854087
2022,02,POL.6.13_1,0.05965310400679039,0.07113826481329145
2022,02,POL.6.17_1,0,0
2022,02,POL.6.20_1,0.030296418328584613,0.0432973491551806
2022,02,POL.6.5_1,0.036931664129588516,0.1300015949754524
2022,02,POL.7.12_1,0,0
2022,02,POL.7.13_1,0,0
2022,02,POL.7.14_1,0,0
2022,02,POL.7.16_1,0,0
2022,02,POL.7.18_1,0,0
2022,02,POL.7.19_1,0,0
2022,02,POL.7.1_1,0,0
2022,02,POL.7.21_1,0,0
2022,02,POL.7.22_1,0,0
2022,02,POL.7.23_1,0,0
2022,02,POL.7.24_1,0,0
2022,02,POL.7.25_1,0,0
2022,02,POL.7.26_1,0,0
2022,02,POL.7.30_1,0,0
2022,02,POL.7.31_1,0,0
2022,02,POL.7.32_1,0,0
2022,02,POL.7.35_1,0,0
2022,02,POL.7.36_1,0,0
2022,02,POL.7.37_1,0,0
2022,02,POL.7.38_1,0,0
2022,02,POL.7.39_1,0,0
2022,02,POL.7.3_1,0,0
2022,02,POL.7.40_1,0,0
2022,02,POL.7.42_1,0,0
2022,02,POL.7.4_1,0,0
2022,02,POL.7.5_1,0,0
2022,02,POL.7.6_1,0,0
2022,02,POL.7.7_1,0,0
2022,02,POL.7.8_1,0,0
2022,02,POL.8.7_1,0,0
2022,02,POL.9.10_1,0.032944948237344666,0.10000122690419415
2022,02,POL.9.1_1,0.03408488866363411,0.10800132505652969
2022,02,POL.9.21_1,0.033522642786405425,0.10400127598036192
2022,02,POL.9.5_1,0.037875707231528354,0.13800169312778796
2022,02,POL.9.8_1,0.04952102932429268,0.1183831586746221
2022,02,PRT.1.10_1,0,0
2022,02,PRT.1.11_1,0,0
2022,02,PRT.1.12_1,0,0
2022,02,PRT.1.13_1,0,0
2022,02,PRT.1.14_1,0,0
2022,02,PRT.1.15_1,0,0
2022,02,PRT.1.16_1,0,0
2022,02,PRT.1.17_1,0,0
2022,02,PRT.1.18_1,0,0
2022,02,PRT.1.19_1,0,0
2022,02,PRT.1.1_1,0,0
2022,02,PRT.1.2_1,0,0
2022,02,PRT.1.3_1,0,0
2022,02,PRT.1.4_1,0,0
2022,02,PRT.1.5_1,0,0
2022,02,PRT.1.6_1,0,0
2022,02,PRT.1.7_1,0,0
2022,02,PRT.1.8_1,0,0
2022,02,PRT.1.9_1,0,0
2022,02,PRT.10.10_1,0,0
2022,02,PRT.10.11_1,0,0
2022,02,PRT.10.12_1,0,0
2022,02,PRT.10.13_1,0,0
2022,02,PRT.10.14_1,0,0
2022,02,PRT.10.1_1,0,0
2022,02,PRT.10.4_1,0,0
2022,02,PRT.10.9_1,0,0
2022,02,PRT.11.11_1,0,0
2022,02,PRT.11.12_1,0,0
2022,02,PRT.11.13_1,0,0
2022,02,PRT.11.14_1,0,0
2022,02,PRT.11.15_1,0,0
2022,02,PRT.11.16_1,0,0
2022,02,PRT.11.1_1,0,0
2022,02,PRT.11.2_1,0,0
2022,02,PRT.11.3_1,0,0
2022,02,PRT.11.4_1,0,0
2022,02,PRT.11.5_1,0,0
2022,02,PRT.11.6_1,0,0
2022,02,PRT.11.7_1,0,0
2022,02,PRT.11.8_1,0,0
2022,02,PRT.11.9_1,0,0
2022,02,PRT.12.10_1,0,0
2022,02,PRT.12.11_1,0,0
2022,02,PRT.12.12_1,0,0
2022,02,PRT.12.13_1,0,0
2022,02,PRT.12.14_1,0,0
2022,02,PRT.12.15_1,0,0
2022,02,PRT.12.16_1,0,0
2022,02,PRT.12.1_1,0,0
2022,02,PRT.12.2_1,0,0
2022,02,PRT.12.3_1,0,0
2022,02,PRT.12.4_1,0,0
2022,02,PRT.12.5_1,0,0
2022,02,PRT.12.6_1,0,0
2022,02,PRT.12.7_1,0,0
2022,02,PRT.12.8_1,0,0
2022,02,PRT.12.9_1,0,0
2022,02,PRT.13.10_1,0,0
2022,02,PRT.13.11_1,0,0
2022,02,PRT.13.1_1,0,0
2022,02,PRT.13.2_1,0,0
2022,02,PRT.13.3_1,0,0
2022,02,PRT.13.4_1,0,0
2022,02,PRT.13.5_1,0,0
2022,02,PRT.13.6_1,0,0
2022,02,PRT.13.7_1,0,0
2022,02,PRT.13.8_1,0,0
2022,02,PRT.13.9_1,0,0
2022,02,PRT.14.10_1,0,0
2022,02,PRT.14.11_1,0,0
2022,02,PRT.14.12_1,0,0
2022,02,PRT.14.13_1,0,0
2022,02,PRT.14.14_1,0,0
2022,02,PRT.14.15_1,0,0
2022,02,PRT.14.1_1,0,0
2022,02,PRT.14.2_1,0,0
2022,02,PRT.14.3_1,0,0
2022,02,PRT.14.4_1,0,0
2022,02,PRT.14.5_1,0,0
2022,02,PRT.14.6_1,0,0
2022,02,PRT.14.7_1,0,0
2022,02,PRT.14.8_1,0,0
2022,02,PRT.14.9_1,0,0
2022,02,PRT.15.10_1,0,0
2022,02,PRT.15.11_1,0,0
2022,02,PRT.15.12_1,0,0
2022,02,PRT.15.13_1,0,0
2022,02,PRT.15.14_1,0,0
2022,02,PRT.15.15_1,0,0
2022,02,PRT.15.16_1,0,0
2022,02,PRT.15.17_1,0,0
2022,02,PRT.15.18_1,0,0
2022,02,PRT.15.1_1,0,0
2022,02,PRT.15.2_1,0,0
2022,02,PRT.15.3_1,0,0
2022,02,PRT.15.4_1,0,0
2022,02,PRT.15.5_1,0,0
2022,02,PRT.15.6_1,0,0
2022,02,PRT.15.7_1,0,0
2022,02,PRT.15.8_1,0,0
2022,02,PRT.15.9_1,0,0
2022,02,PRT.16.10_1,0,0
2022,02,PRT.16.11_1,0,0
2022,02,PRT.16.12_1,0,0
2022,02,PRT.16.13_1,0,0
2022,02,PRT.16.14_1,0,0
2022,02,PRT.16.15_1,0,0
2022,02,PRT.16.16_1,0,0
2022,02,PRT.16.17_1,0,0
2022,02,PRT.16.18_1,0,0
2022,02,PRT.16.19_1,0,0
2022,02,PRT.16.1_1,0,0
2022,02,PRT.16.20_1,0,0
2022,02,PRT.16.21_1,0,0
2022,02,PRT.16.2_1,0,0
2022,02,PRT.16.3_1,0,0
2022,02,PRT.16.4_1,0,0
2022,02,PRT.16.5_1,0,0
2022,02,PRT.16.6_1,0,0
2022,02,PRT.16.7_1,0,0
2022,02,PRT.16.8_1,0,0
2022,02,PRT.16.9_1,0,0
2022,02,PRT.17.10_1,0,0
2022,02,PRT.17.11_1,0,0
2022,02,PRT.17.12_1,0,0
2022,02,PRT.17.13_1,0,0
2022,02,PRT.17.1_1,0,0
2022,02,PRT.17.2_1,0,0
2022,02,PRT.17.3_1,0,0
2022,02,PRT.17.4_1,0,0
2022,02,PRT.17.5_1,0,0
2022,02,PRT.17.6_1,0,0
2022,02,PRT.17.7_1,0,0
2022,02,PRT.17.8_1,0,0
2022,02,PRT.17.9_1,0,0
2022,02,PRT.18.10_1,0,0
2022,02,PRT.18.1_1,0,0
2022,02,PRT.18.2_1,0,0
2022,02,PRT.18.3_1,0,0
2022,02,PRT.18.4_1,0,0
2022,02,PRT.18.5_1,0,0
2022,02,PRT.18.6_1,0,0
2022,02,PRT.18.7_1,0,0
2022,02,PRT.18.8_1,0,0
2022,02,PRT.18.9_1,0,0
2022,02,PRT.19.10_1,0,0
2022,02,PRT.19.11_1,0,0
2022,02,PRT.19.12_1,0,0
2022,02,PRT.19.13_1,0,0
2022,02,PRT.19.14_1,0,0
2022,02,PRT.19.1_1,0,0
2022,02,PRT.19.2_1,0,0
2022,02,PRT.19.3_1,0,0
2022,02,PRT.19.4_1,0,0
2022,02,PRT.19.5_1,0,0
2022,02,PRT.19.6_1,0,0
2022,02,PRT.19.7_1,0,0
2022,02,PRT.19.8_1,0,0
2022,02,PRT.19.9_1,0,0
2022,02,PRT.20.10_1,0,0
2022,02,PRT.20.12_1,0,0
2022,02,PRT.20.13_1,0,0
2022,02,PRT.20.14_1,0,0
2022,02,PRT.20.15_1,0,0
2022,02,PRT.20.16_1,0,0
2022,02,PRT.20.17_1,0,0
2022,02,PRT.20.18_1,0,0
2022,02,PRT.20.19_1,0,0
2022,02,PRT.20.1_1,0,0
2022,02,PRT.20.20_1,0,0
2022,02,PRT.20.21_1,0,0
2022,02,PRT.20.22_1,0,0
2022,02,PRT.20.2_1,0,0
2022,02,PRT.20.3_1,0,0
2022,02,PRT.20.4_1,0,0
2022,02,PRT.20.5_1,0,0
2022,02,PRT.20.7_1,0,0
2022,02,PRT.20.8_1,0,0
2022,02,PRT.20.9_1,0,0
2022,02,PRT.3.10_1,0,0
2022,02,PRT.3.11_1,0,0
2022,02,PRT.3.12_1,0,0
2022,02,PRT.3.13_1,0,0
2022,02,PRT.3.14_1,0,0
2022,02,PRT.3.1_1,0,0
2022,02,PRT.3.2_1,0,0
2022,02,PRT.3.3_1,0,0
2022,02,PRT.3.4_1,0,0
2022,02,PRT.3.5_1,0,0
2022,02,PRT.3.6_1,0,0
2022,02,PRT.3.7_1,0,0
2022,02,PRT.3.8_1,0,0
2022,02,PRT.3.9_1,0,0
2022,02,PRT.4.10_1,0,0
2022,02,PRT.4.11_1,0,0
2022,02,PRT.4.12_1,0,0
2022,02,PRT.4.13_1,0,0
2022,02,PRT.4.14_1,0,0
2022,02,PRT.4.1_1,0,0
2022,02,PRT.4.2_1,0,0
2022,02,PRT.4.3_1,0,0
2022,02,PRT.4.4_1,0,0
2022,02,PRT.4.5_1,0,0
2022,02,PRT.4.6_1,0,0
2022,02,PRT.4.7_1,0,0
2022,02,PRT.4.8_1,0,0
2022,02,PRT.4.9_1,0,0
2022,02,PRT.5.10_1,0,0
2022,02,PRT.5.11_1,0,0
2022,02,PRT.5.12_1,0,0
2022,02,PRT.5.1_1,0,0
2022,02,PRT.5.2_1,0,0
2022,02,PRT.5.3_1,0,0
2022,02,PRT.5.4_1,0,0
2022,02,PRT.5.5_1,0,0
2022,02,PRT.5.6_1,0,0
2022,02,PRT.5.7_1,0,0
2022,02,PRT.5.8_1,0,0
2022,02,PRT.5.9_1,0,0
2022,02,PRT.6.10_1,0,0
2022,02,PRT.6.11_1,0,0
2022,02,PRT.6.2_1,0,0
2022,02,PRT.6.3_1,0,0
2022,02,PRT.6.4_1,0,0
2022,02,PRT.6.5_1,0,0
2022,02,PRT.6.6_1,0,0
2022,02,PRT.6.7_1,0,0
2022,02,PRT.6.8_1,0,0
2022,02,PRT.6.9_1,0,0
2022,02,PRT.7.10_1,0,0
2022,02,PRT.7.11_1,0,0
2022,02,PRT.7.12_1,0,0
2022,02,PRT.7.13_1,0,0
2022,02,PRT.7.14_1,0,0
2022,02,PRT.7.15_1,0,0
2022,02,PRT.7.16_1,0,0
2022,02,PRT.7.17_1,0,0
2022,02,PRT.7.1_1,0,0
2022,02,PRT.7.2_1,0,0
2022,02,PRT.7.3_1,0,0
2022,02,PRT.7.4_1,0,0
2022,02,PRT.7.5_1,0,0
2022,02,PRT.7.6_1,0,0
2022,02,PRT.7.7_1,0,0
2022,02,PRT.7.8_1,0,0
2022,02,PRT.7.9_1,0,0
2022,02,PRT.8.10_1,0,0
2022,02,PRT.8.11_1,0,0
2022,02,PRT.8.12_1,0,0
2022,02,PRT.8.13_1,0,0
2022,02,PRT.8.14_1,0,0
2022,02,PRT.8.1_1,0,0
2022,02,PRT.8.2_1,0,0
2022,02,PRT.8.3_1,0,0
2022,02,PRT.8.4_1,0,0
2022,02,PRT.8.5_1,0,0
2022,02,PRT.8.6_1,0,0
2022,02,PRT.8.7_1,0,0
2022,02,PRT.8.8_1,0,0
2022,02,PRT.8.9_1,0,0
2022,02,PRT.9.10_1,0,0
2022,02,PRT.9.11_1,0,0
2022,02,PRT.9.12_1,0,0
2022,02,PRT.9.13_1,0,0
2022,02,PRT.9.14_1,0,0
2022,02,PRT.9.15_1,0,0
2022,02,PRT.9.16_1,0,0
2022,02,PRT.9.1_1,0,0
2022,02,PRT.9.2_1,0,0
2022,02,PRT.9.3_1,0,0
2022,02,PRT.9.4_1,0,0
2022,02,PRT.9.5_1,0,0
2022,02,PRT.9.6_1,0,0
2022,02,PRT.9.7_1,0,0
2022,02,PRT.9.8_1,0,0
2022,02,PRT.9.9_1,0,0
2022,02,ROU.1.10_1,0.036810482278229244,0.1290015827064105
2022,02,ROU.1.11_1,0,0
2022,02,ROU.1.12_1,0,0
2022,02,ROU.1.13_1,0,0
2022,02,ROU.1.14_1,0,0
2022,02,ROU.1.15_1,0.03799063482215763,0.1390017053968299
2022,02,ROU.1.16_1,0,0
2022,02,ROU.1.17_1,0,0
2022,02,ROU.1.18_1,0,0
2022,02,ROU.1.19_1,0,0
2022,02,ROU.1.1_1,0,0
2022,02,ROU.1.20_1,0,0
2022,02,ROU.1.21_1,0,0
2022,02,ROU.1.22_1,0,0
2022,02,ROU.1.23_1,0,0
2022,02,ROU.1.24_1,0,0
2022,02,ROU.1.25_1,0,0
2022,02,ROU.1.26_1,0,0
2022,02,ROU.1.27_1,0,0
2022,02,ROU.1.28_1,0,0
2022,02,ROU.1.29_1,0,0
2022,02,ROU.1.2_1,0,0
2022,02,ROU.1.30_1,0,0
2022,02,ROU.1.31_1,0,0
2022,02,ROU.1.32_1,0.03844377302699374,0.14300175447299768
2022,02,ROU.1.33_1,0,0
2022,02,ROU.1.34_1,0,0
2022,02,ROU.1.35_1,0,0
2022,02,ROU.1.36_1,0,0
2022,02,ROU.1.37_1,0,0
2022,02,ROU.1.38_1,0.042818717070531684,0.18700229431084314
2022,02,ROU.1.39_1,0,0
2022,02,ROU.1.3_1,0,0
2022,02,ROU.1.40_1,0,0
2022,02,ROU.1.41_1,0,0
2022,02,ROU.1.42_1,0,0
2022,02,ROU.1.43_1,0,0
2022,02,ROU.1.44_1,0.042372093372309176,0.18200223296563334
2022,02,ROU.1.45_1,0.042552155628731526,0.1840022575037172
2022,02,ROU.1.46_1,0.036067822789660184,0.12300150909215872
2022,02,ROU.1.47_1,0,0
2022,02,ROU.1.48_1,0,0
2022,02,ROU.1.49_1,0,0
2022,02,ROU.1.4_1,0.03821850661682484,0.1410017299349138
2022,02,ROU.1.50_1,0,0
2022,02,ROU.1.51_1,0.03542769286938438,0.118001447746949
2022,02,ROU.1.52_1,0,0
2022,02,ROU.1.53_1,0,0
2022,02,ROU.1.54_1,0.03931967265483513,0.15100185262533322
2022,02,ROU.1.55_1,0,0
2022,02,ROU.1.56_1,0,0
2022,02,ROU.1.57_1,0,0
2022,02,ROU.1.58_1,0,0
2022,02,ROU.1.59_1,0,0
2022,02,ROU.1.5_1,0,0
2022,02,ROU.1.60_1,0,0
2022,02,ROU.1.61_1,0,0
2022,02,ROU.1.62_1,0,0
2022,02,ROU.1.63_1,0,0
2022,02,ROU.1.64_1,0,0
2022,02,ROU.1.65_1,0,0
2022,02,ROU.1.66_1,0,0
2022,02,ROU.1.67_1,0,0
2022,02,ROU.1.68_1,0,0
2022,02,ROU.1.69_1,0,0
2022,02,ROU.1.6_1,0.0500810172006647,0.29500361936737274
2022,02,ROU.1.70_1,0,0
2022,02,ROU.1.71_1,0.040360960529577265,0.16100197531575264
2022,02,ROU.1.72_1,0,0
2022,02,ROU.1.73_1,0,0
2022,02,ROU.1.74_1,0,0
2022,02,ROU.1.75_1,0,0
2022,02,ROU.1.76_1,0,0
2022,02,ROU.1.7_1,0,0
2022,02,ROU.1.8_1,0,0
2022,02,ROU.1.9_1,0,0
2022,02,ROU.10.1_1,0,0
2022,02,ROU.11.16_1,0,0
2022,02,ROU.11.18_1,0,0
2022,02,ROU.11.1_1,0,0
2022,02,ROU.11.21_1,0,0
2022,02,ROU.11.23_1,0,0
2022,02,ROU.11.49_1,0,0
2022,02,ROU.11.68_1,0,0
2022,02,ROU.12.12_1,0,0
2022,02,ROU.12.14_1,0,0
2022,02,ROU.12.18_1,0,0
2022,02,ROU.12.19_1,0,0
2022,02,ROU.12.21_1,0,0
2022,02,ROU.12.25_1,0,0
2022,02,ROU.12.2_1,0,0
2022,02,ROU.12.30_1,0,0
2022,02,ROU.12.32_1,0,0
2022,02,ROU.12.35_1,0,0
2022,02,ROU.12.39_1,0,0
2022,02,ROU.12.3_1,0,0
2022,02,ROU.12.43_1,0,0
2022,02,ROU.12.4_1,0,0
2022,02,ROU.12.5_1,0,0
2022,02,ROU.12.7_1,0,0
2022,02,ROU.12.8_1,0,0
2022,02,ROU.12.9_1,0,0
2022,02,ROU.13.25_1,0,0
2022,02,ROU.13.26_1,0,0
2022,02,ROU.13.3_1,0,0
2022,02,ROU.13.46_1,0,0
2022,02,ROU.13.48_1,0,0
2022,02,ROU.13.4_1,0,0
2022,02,ROU.13.55_1,0,0
2022,02,ROU.13.5_1,0,0
2022,02,ROU.13.60_1,0,0
2022,02,ROU.13.63_1,0,0
2022,02,ROU.13.65_1,0,0
2022,02,ROU.13.6_1,0,0
2022,02,ROU.13.70_1,0,0
2022,02,ROU.13.73_1,0,0
2022,02,ROU.13.75_1,0,0
2022,02,ROU.13.76_1,0,0
2022,02,ROU.13.7_1,0,0
2022,02,ROU.14.10_1,0.04350937258088027,0.1950023924631787
2022,02,ROU.14.11_1,0.042462361949898206,0.18300224523467537
2022,02,ROU.14.12_1,0.03921233165317364,0.15000184035629127
2022,02,ROU.14.13_1,0.04281871707053173,0.18700229431084314
2022,02,ROU.14.14_1,0.04290664075122725,0.1880023065798851
2022,02,ROU.14.15_1,0.035297248905903904,0.11700143547790717
2022,02,ROU.14.16_1,0.042641477408911846,0.18500226977275927
2022,02,ROU.14.17_1,0.044961909042234766,0.21300261330593342
2022,02,ROU.14.18_1,0.03693166412958847,0.1300015949754524
2022,02,ROU.14.19_1,0.03568613662919034,0.120001472285033
2022,02,ROU.14.1_1,0.035941379991425486,0.12200149682311699
2022,02,ROU.14.20_1,0.04066236529265379,0.16400201212287846
2022,02,ROU.14.21_1,0.04144259738198522,0.1720021102752139
2022,02,ROU.14.22_1,0.04163247429784471,0.1740021348132978
2022,02,ROU.14.23_1,0.04056244320070325,0.16300199985383654
2022,02,ROU.14.24_1,0.03799063482215755,0.1390017053968299
2022,02,ROU.14.25_1,0.03606782278966017,0.12300150909215872
2022,02,ROU.14.26_1,0.038218506616824854,0.1410017299349138
2022,02,ROU.14.27_1,0.03752688469129566,0.13500165632066213
2022,02,ROU.14.28_1,0.04273033024975159,0.1860022820418011
2022,02,ROU.14.29_1,0.03931967265483513,0.15100185262533322
2022,02,ROU.14.2_1,0.04299410413322634,0.18900231884892693
2022,02,ROU.14.30_1,0.0395325651548043,0.1530018771634171
2022,02,ROU.14.31_1,0.039847501651123725,0.15600191397054294
2022,02,ROU.14.32_1,0.040054578322884546,0.15800193850862682
2022,02,ROU.14.33_1,0.04025939175040854,0.1600019630467107
2022,02,ROU.14.34_1,0.03984750165112376,0.15600191397054294
2022,02,ROU.14.35_1,0.03799063482215756,0.1390017053968299
2022,02,ROU.14.36_1,0.042281346854309926,0.1810022206965915
2022,02,ROU.14.37_1,0.03606782278966018,0.12300150909215872
2022,02,ROU.14.38_1,0.043339410190109194,0.19300236792509481
2022,02,ROU.14.39_1,0.041537789500952084,0.17300212254425595
2022,02,ROU.14.3_1,0.04182033569039155,0.17600215935138167
2022,02,ROU.14.40_1,0.03656592440964284,0.1270015581683266
2022,02,ROU.14.41_1,0.03606782278966017,0.12300150909215872
2022,02,ROU.14.42_1,0.03866647958869123,0.14500177901108155
2022,02,ROU.14.43_1,0.04163247429784466,0.1740021348132978
2022,02,ROU.14.44_1,0.0369316641295885,0.1300015949754524
2022,02,ROU.14.45_1,0.04172665522626088,0.17500214708233985
2022,02,ROU.14.46_1,0.04191351904598384,0.17700217162042373
2022,02,ROU.14.47_1,0.044961909042234724,0.21300261330593342
2022,02,ROU.14.48_1,0.03681048227822919,0.1290015827064105
2022,02,ROU.14.49_1,0.036442533667851766,0.12600154589928467
2022,02,ROU.14.4_1,0.0423720933723092,0.18200223296563334
2022,02,ROU.14.50_1,0.03619349066558548,0.12400152136120088
2022,02,ROU.14.51_1,0.036810482278229154,0.1290015827064105
2022,02,ROU.14.52_1,0.04015726576886058,0.15900195077766877
2022,02,ROU.14.53_1,0.040054578322884525,0.15800193850862682
2022,02,ROU.14.54_1,0.038995835517328034,0.1480018158182074
2022,02,ROU.14.55_1,0.04316766117792523,0.19100234338701091
2022,02,ROU.14.56_1,0.04005457832288455,0.15800193850862682
2022,02,ROU.14.57_1,0.04125067711045294,0.17000208573713013
2022,02,ROU.14.58_1,0.041820335690391605,0.17600215935138167
2022,02,ROU.14.59_1,0.039951325083062865,0.15700192623958487
2022,02,ROU.14.5_1,0.03833146261164606,0.14200174220395573
2022,02,ROU.14.60_1,0.04273033024975159,0.1860022820418011
2022,02,ROU.14.61_1,0.032944948237344604,0.10000122690419415
2022,02,ROU.14.62_1,0.04036096052957724,0.16100197531575264
2022,02,ROU.14.63_1,0.035557319140294176,0.11900146001599106
2022,02,ROU.14.64_1,0.03644253366785173,0.12600154589928467
2022,02,ROU.14.65_1,0.033090864065544325,0.10100123917323608
2022,02,ROU.14.66_1,0.040562443200703256,0.16300199985383654
2022,02,ROU.14.67_1,0.04005457832288453,0.15800193850862682
2022,02,ROU.14.68_1,0.03787570723152832,0.13800169312778796
2022,02,ROU.14.69_1,0.03855544350450708,0.14400176674203963
2022,02,ROU.14.6_1,0.03963812626436057,0.15400188943245904
2022,02,ROU.14.70_1,0.0421901193119019,0.18000220842754944
2022,02,ROU.14.71_1,0.03910438760994543,0.14900182808724932
2022,02,ROU.14.72_1,0.039743103558419056,0.155001901701501
2022,02,ROU.14.73_1,0.04359369033211515,0.19600240473222053
2022,02,ROU.14.74_1,0.045191055158982994,0.21600265011305927
2022,02,ROU.14.75_1,0.03942641554038995,0.15200186489437517
2022,02,ROU.14.76_1,0.04172665522626093,0.17500214708233985
2022,02,ROU.14.77_1,0.04046197630248174,0.1620019875847946
2022,02,ROU.14.78_1,0.03555731914029418,0.11900146001599106
2022,02,ROU.14.79_1,0.04237209337230916,0.18200223296563334
2022,02,ROU.14.7_1,0.03619349066558551,0.12400152136120088
2022,02,ROU.14.80_1,0.041250677110452987,0.17000208573713013
2022,02,ROU.14.8_1,0.035165978150458424,0.11600142320886511
2022,02,ROU.14.9_1,0.039638126264360585,0.15400188943245904
2022,02,ROU.15.10_1,0,0
2022,02,ROU.15.11_1,0,0
2022,02,ROU.15.12_1,0,0
2022,02,ROU.15.13_1,0,0
2022,02,ROU.15.14_1,0,0
2022,02,ROU.15.15_1,0,0
2022,02,ROU.15.16_1,0,0
2022,02,ROU.15.17_1,0,0
2022,02,ROU.15.18_1,0,0
2022,02,ROU.15.19_1,0,0
2022,02,ROU.15.1_1,0,0
2022,02,ROU.15.20_1,0,0
2022,02,ROU.15.21_1,0,0
2022,02,ROU.15.22_1,0,0
2022,02,ROU.15.23_1,0,0
2022,02,ROU.15.24_1,0,0
2022,02,ROU.15.25_1,0,0
2022,02,ROU.15.26_1,0,0
2022,02,ROU.15.27_1,0,0
2022,02,ROU.15.28_1,0,0
2022,02,ROU.15.29_1,0,0
2022,02,ROU.15.2_1,0,0
2022,02,ROU.15.30_1,0,0
2022,02,ROU.15.31_1,0,0
2022,02,ROU.15.32_1,0,0
2022,02,ROU.15.33_1,0,0
2022,02,ROU.15.34_1,0,0
2022,02,ROU.15.35_1,0,0
2022,02,ROU.15.36_1,0,0
2022,02,ROU.15.37_1,0,0
2022,02,ROU.15.38_1,0,0
2022,02,ROU.15.39_1,0,0
2022,02,ROU.15.3_1,0,0
2022,02,ROU.15.40_1,0,0
2022,02,ROU.15.41_1,0,0
2022,02,ROU.15.42_1,0,0
2022,02,ROU.15.43_1,0,0
2022,02,ROU.15.44_1,0,0
2022,02,ROU.15.45_1,0,0
2022,02,ROU.15.46_1,0,0
2022,02,ROU.15.47_1,0,0
2022,02,ROU.15.48_1,0,0
2022,02,ROU.15.49_1,0,0
2022,02,ROU.15.4_1,0,0
2022,02,ROU.15.50_1,0,0
2022,02,ROU.15.51_1,0,0
2022,02,ROU.15.52_1,0,0
2022,02,ROU.15.53_1,0,0
2022,02,ROU.15.54_1,0,0
2022,02,ROU.15.55_1,0,0
2022,02,ROU.15.56_1,0,0
2022,02,ROU.15.58_1,0,0
2022,02,ROU.15.59_1,0,0
2022,02,ROU.15.5_1,0,0
2022,02,ROU.15.6_1,0,0
2022,02,ROU.15.7_1,0,0
2022,02,ROU.15.8_1,0,0
2022,02,ROU.15.9_1,0,0
2022,02,ROU.15_1,0,0
2022,02,ROU.16.13_1,0,0
2022,02,ROU.16.16_1,0,0
2022,02,ROU.16.19_1,0,0
2022,02,ROU.16.1_1,0,0
2022,02,ROU.16.20_1,0,0
2022,02,ROU.16.21_1,0,0
2022,02,ROU.16.2_1,0,0
2022,02,ROU.16.31_1,0,0
2022,02,ROU.16.3_1,0,0
2022,02,ROU.16.5_1,0,0
2022,02,ROU.17.18_1,0,0
2022,02,ROU.17.20_1,0,0
2022,02,ROU.17.22_1,0,0
2022,02,ROU.17.23_1,0,0
2022,02,ROU.17.39_1,0,0
2022,02,ROU.17.47_1,0,0
2022,02,ROU.17.50_1,0,0
2022,02,ROU.17.56_1,0,0
2022,02,ROU.17.57_1,0,0
2022,02,ROU.17.5_1,0,0
2022,02,ROU.17.68_1,0,0
2022,02,ROU.17.75_1,0,0
2022,02,ROU.17.80_1,0,0
2022,02,ROU.17.9_1,0,0
2022,02,ROU.18.11_1,0,0
2022,02,ROU.18.12_1,0,0
2022,02,ROU.18.19_1,0,0
2022,02,ROU.18.23_1,0,0
2022,02,ROU.18.28_1,0,0
2022,02,ROU.18.30_1,0,0
2022,02,ROU.18.34_1,0,0
2022,02,ROU.18.36_1,0,0
2022,02,ROU.18.50_1,0,0
2022,02,ROU.18.52_1,0,0
2022,02,ROU.18.6_1,0,0
2022,02,ROU.18.70_1,0,0
2022,02,ROU.18.71_1,0,0
2022,02,ROU.18.73_1,0,0
2022,02,ROU.18.84_1,0,0
2022,02,ROU.18.99_1,0,0
2022,02,ROU.19.11_1,0,0
2022,02,ROU.19.22_1,0,0
2022,02,ROU.19.23_1,0,0
2022,02,ROU.19.25_1,0,0
2022,02,ROU.19.32_1,0,0
2022,02,ROU.19.38_1,0,0
2022,02,ROU.19.49_1,0,0
2022,02,ROU.19.59_1,0,0
2022,02,ROU.2.19_1,0,0
2022,02,ROU.2.21_1,0,0
2022,02,ROU.2.29_1,0,0
2022,02,ROU.2.2_1,0,0
2022,02,ROU.2.30_1,0,0
2022,02,ROU.2.31_1,0,0
2022,02,ROU.2.38_1,0,0
2022,02,ROU.2.39_1,0,0
2022,02,ROU.2.40_1,0.046072698355897924,0.22800279734156279
2022,02,ROU.2.46_1,0,0
2022,02,ROU.2.51_1,0,0
2022,02,ROU.2.69_1,0,0
2022,02,ROU.2.74_1,0,0
2022,02,ROU.20.10_1,0,0
2022,02,ROU.20.11_1,0,0
2022,02,ROU.20.12_1,0,0
2022,02,ROU.20.13_1,0,0
2022,02,ROU.20.14_1,0,0
2022,02,ROU.20.15_1,0,0
2022,02,ROU.20.16_1,0,0
2022,02,ROU.20.17_1,0,0
2022,02,ROU.20.18_1,0,0
2022,02,ROU.20.19_1,0,0
2022,02,ROU.20.1_1,0,0
2022,02,ROU.20.20_1,0,0
2022,02,ROU.20.21_1,0,0
2022,02,ROU.20.22_1,0,0
2022,02,ROU.20.23_1,0,0
2022,02,ROU.20.24_1,0,0
2022,02,ROU.20.25_1,0,0
2022,02,ROU.20.26_1,0,0
2022,02,ROU.20.27_1,0,0
2022,02,ROU.20.28_1,0,0
2022,02,ROU.20.29_1,0,0
2022,02,ROU.20.2_1,0,0
2022,02,ROU.20.30_1,0,0
2022,02,ROU.20.31_1,0,0
2022,02,ROU.20.32_1,0,0
2022,02,ROU.20.33_1,0,0
2022,02,ROU.20.34_1,0,0
2022,02,ROU.20.35_1,0,0
2022,02,ROU.20.36_1,0,0
2022,02,ROU.20.37_1,0,0
2022,02,ROU.20.38_1,0,0
2022,02,ROU.20.39_1,0,0
2022,02,ROU.20.3_1,0,0
2022,02,ROU.20.40_1,0,0
2022,02,ROU.20.41_1,0,0
2022,02,ROU.20.42_1,0,0
2022,02,ROU.20.43_1,0,0
2022,02,ROU.20.44_1,0,0
2022,02,ROU.20.45_1,0,0
2022,02,ROU.20.46_1,0,0
2022,02,ROU.20.47_1,0,0
2022,02,ROU.20.48_1,0,0
2022,02,ROU.20.49_1,0,0
2022,02,ROU.20.4_1,0,0
2022,02,ROU.20.5_1,0,0
2022,02,ROU.20.6_1,0,0
2022,02,ROU.20.7_1,0,0
2022,02,ROU.20.8_1,0,0
2022,02,ROU.20.9_1,0,0
2022,02,ROU.21.15_1,0,0
2022,02,ROU.21.19_1,0,0
2022,02,ROU.21.21_1,0,0
2022,02,ROU.21.23_1,0,0
2022,02,ROU.21.32_1,0,0
2022,02,ROU.21.33_1,0,0
2022,02,ROU.21.38_1,0,0
2022,02,ROU.21.50_1,0,0
2022,02,ROU.21.64_1,0,0
2022,02,ROU.21.69_1,0,0
2022,02,ROU.22.35_1,0.03910438760994543,0.14900182808724932
2022,02,ROU.22.54_1,0,0
2022,02,ROU.23.10_1,0,0
2022,02,ROU.23.11_1,0,0
2022,02,ROU.23.12_1,0,0
2022,02,ROU.23.13_1,0,0
2022,02,ROU.23.14_1,0,0
2022,02,ROU.23.15_1,0,0
2022,02,ROU.23.16_1,0,0
2022,02,ROU.23.17_1,0,0
2022,02,ROU.23.18_1,0,0
2022,02,ROU.23.19_1,0,0
2022,02,ROU.23.1_1,0,0
2022,02,ROU.23.20_1,0,0
2022,02,ROU.23.21_1,0,0
2022,02,ROU.23.22_1,0,0
2022,02,ROU.23.23_1,0,0
2022,02,ROU.23.24_1,0,0
2022,02,ROU.23.25_1,0,0
2022,02,ROU.23.26_1,0,0
2022,02,ROU.23.27_1,0,0
2022,02,ROU.23.28_1,0,0
2022,02,ROU.23.29_1,0,0
2022,02,ROU.23.2_1,0,0
2022,02,ROU.23.30_1,0,0
2022,02,ROU.23.31_1,0,0
2022,02,ROU.23.32_1,0,0
2022,02,ROU.23.33_1,0,0
2022,02,ROU.23.34_1,0,0
2022,02,ROU.23.35_1,0,0
2022,02,ROU.23.36_1,0,0
2022,02,ROU.23.37_1,0,0
2022,02,ROU.23.38_1,0,0
2022,02,ROU.23.39_1,0,0
2022,02,ROU.23.3_1,0,0
2022,02,ROU.23.40_1,0,0
2022,02,ROU.23.41_1,0,0
2022,02,ROU.23.42_1,0,0
2022,02,ROU.23.43_1,0,0
2022,02,ROU.23.44_1,0,0
2022,02,ROU.23.45_1,0,0
2022,02,ROU.23.46_1,0,0
2022,02,ROU.23.47_1,0,0
2022,02,ROU.23.48_1,0,0
2022,02,ROU.23.49_1,0,0
2022,02,ROU.23.4_1,0,0
2022,02,ROU.23.50_1,0,0
2022,02,ROU.23.51_1,0,0
2022,02,ROU.23.52_1,0,0
2022,02,ROU.23.53_1,0,0
2022,02,ROU.23.54_1,0,0
2022,02,ROU.23.55_1,0,0
2022,02,ROU.23.56_1,0,0
2022,02,ROU.23.57_1,0,0
2022,02,ROU.23.58_1,0,0
2022,02,ROU.23.59_1,0,0
2022,02,ROU.23.5_1,0,0
2022,02,ROU.23.60_1,0,0
2022,02,ROU.23.61_1,0,0
2022,02,ROU.23.62_1,0,0
2022,02,ROU.23.63_1,0,0
2022,02,ROU.23.64_1,0,0
2022,02,ROU.23.65_1,0,0
2022,02,ROU.23.66_1,0,0
2022,02,ROU.23.67_1,0,0
2022,02,ROU.23.68_1,0,0
2022,02,ROU.23.69_1,0,0
2022,02,ROU.23.6_1,0,0
2022,02,ROU.23.7_1,0,0
2022,02,ROU.23.8_1,0,0
2022,02,ROU.23.9_1,0,0
2022,02,ROU.24.27_1,0,0
2022,02,ROU.24.28_1,0,0
2022,02,ROU.24.31_1,0,0
2022,02,ROU.24.59_1,0,0
2022,02,ROU.24.60_1,0,0
2022,02,ROU.24.7_1,0,0
2022,02,ROU.24.82_1,0,0
2022,02,ROU.24.83_1,0,0
2022,02,ROU.24.86_1,0,0
2022,02,ROU.24.8_1,0,0
2022,02,ROU.25.10_1,0,0
2022,02,ROU.25.11_1,0,0
2022,02,ROU.25.22_1,0,0
2022,02,ROU.25.24_1,0,0
2022,02,ROU.25.28_1,0,0
2022,02,ROU.25.45_1,0,0
2022,02,ROU.25.47_1,0,0
2022,02,ROU.26.10_1,0,0
2022,02,ROU.26.11_1,0,0
2022,02,ROU.26.12_1,0,0
2022,02,ROU.26.13_1,0,0
2022,02,ROU.26.14_1,0,0
2022,02,ROU.26.15_1,0,0
2022,02,ROU.26.16_1,0,0
2022,02,ROU.26.17_1,0,0
2022,02,ROU.26.18_1,0,0
2022,02,ROU.26.19_1,0,0
2022,02,ROU.26.1_1,0,0
2022,02,ROU.26.20_1,0,0
2022,02,ROU.26.21_1,0,0
2022,02,ROU.26.22_1,0,0
2022,02,ROU.26.23_1,0,0
2022,02,ROU.26.24_1,0,0
2022,02,ROU.26.25_1,0,0
2022,02,ROU.26.26_1,0,0
2022,02,ROU.26.27_1,0,0
2022,02,ROU.26.28_1,0,0
2022,02,ROU.26.29_1,0,0
2022,02,ROU.26.2_1,0,0
2022,02,ROU.26.30_1,0,0
2022,02,ROU.26.31_1,0,0
2022,02,ROU.26.32_1,0,0
2022,02,ROU.26.33_1,0,0
2022,02,ROU.26.34_1,0,0
2022,02,ROU.26.35_1,0,0
2022,02,ROU.26.36_1,0,0
2022,02,ROU.26.37_1,0,0
2022,02,ROU.26.38_1,0,0
2022,02,ROU.26.39_1,0,0
2022,02,ROU.26.3_1,0,0
2022,02,ROU.26.4_1,0,0
2022,02,ROU.26.5_1,0,0
2022,02,ROU.26.6_1,0,0
2022,02,ROU.26.7_1,0,0
2022,02,ROU.26.8_1,0,0
2022,02,ROU.26.9_1,0,0
2022,02,ROU.27.24_1,0.038331462611646085,0.14200174220395573
2022,02,ROU.28.10_1,0,0
2022,02,ROU.28.11_1,0,0
2022,02,ROU.28.12_1,0,0
2022,02,ROU.28.13_1,0,0
2022,02,ROU.28.14_1,0,0
2022,02,ROU.28.15_1,0,0
2022,02,ROU.28.16_1,0,0
2022,02,ROU.28.17_1,0,0
2022,02,ROU.28.18_1,0,0
2022,02,ROU.28.19_1,0,0
2022,02,ROU.28.1_1,0,0
2022,02,ROU.28.20_1,0,0
2022,02,ROU.28.21_1,0,0
2022,02,ROU.28.22_1,0,0
2022,02,ROU.28.23_1,0,0
2022,02,ROU.28.24_1,0,0
2022,02,ROU.28.25_1,0,0
2022,02,ROU.28.26_1,0,0
2022,02,ROU.28.27_1,0,0
2022,02,ROU.28.28_1,0,0
2022,02,ROU.28.29_1,0,0
2022,02,ROU.28.2_1,0,0
2022,02,ROU.28.30_1,0,0
2022,02,ROU.28.31_1,0,0
2022,02,ROU.28.32_1,0,0
2022,02,ROU.28.33_1,0,0
2022,02,ROU.28.34_1,0,0
2022,02,ROU.28.35_1,0,0
2022,02,ROU.28.36_1,0,0
2022,02,ROU.28.37_1,0,0
2022,02,ROU.28.38_1,0,0
2022,02,ROU.28.39_1,0,0
2022,02,ROU.28.3_1,0,0
2022,02,ROU.28.40_1,0,0
2022,02,ROU.28.41_1,0,0
2022,02,ROU.28.42_1,0,0
2022,02,ROU.28.43_1,0,0
2022,02,ROU.28.44_1,0,0
2022,02,ROU.28.45_1,0,0
2022,02,ROU.28.46_1,0,0
2022,02,ROU.28.47_1,0,0
2022,02,ROU.28.48_1,0,0
2022,02,ROU.28.49_1,0,0
2022,02,ROU.28.4_1,0,0
2022,02,ROU.28.50_1,0,0
2022,02,ROU.28.51_1,0,0
2022,02,ROU.28.52_1,0,0
2022,02,ROU.28.53_1,0,0
2022,02,ROU.28.54_1,0,0
2022,02,ROU.28.55_1,0,0
2022,02,ROU.28.56_1,0,0
2022,02,ROU.28.57_1,0,0
2022,02,ROU.28.58_1,0,0
2022,02,ROU.28.59_1,0,0
2022,02,ROU.28.5_1,0,0
2022,02,ROU.28.60_1,0,0
2022,02,ROU.28.61_1,0,0
2022,02,ROU.28.62_1,0,0
2022,02,ROU.28.63_1,0,0
2022,02,ROU.28.64_1,0,0
2022,02,ROU.28.6_1,0,0
2022,02,ROU.28.7_1,0,0
2022,02,ROU.28.8_1,0,0
2022,02,ROU.28.9_1,0,0
2022,02,ROU.29.14_1,0,0
2022,02,ROU.29.19_1,0.044252640782273894,0.20400250288455596
2022,02,ROU.29.28_1,0,0
2022,02,ROU.29.2_1,0,0
2022,02,ROU.29.5_1,0,0
2022,02,ROU.29.6_1,0,0
2022,02,ROU.29.74_1,0.042906640751227236,0.1880023065798851
2022,02,ROU.29.75_1,0.0440904676465944,0.20200247834647228
2022,02,ROU.29.7_1,0,0
2022,02,ROU.29.85_1,0.03963812626436048,0.15400188943245904
2022,02,ROU.29.86_1,0,0
2022,02,ROU.29.89_1,0.045266646606002346,0.21700266238210142
2022,02,ROU.29.8_1,0,0
2022,02,ROU.29.90_1,0,0
2022,02,ROU.29.94_1,0,0
2022,02,ROU.3.20_1,0,0
2022,02,ROU.3.33_1,0,0
2022,02,ROU.3.39_1,0,0
2022,02,ROU.3.60_1,0,0
2022,02,ROU.3.74_1,0,0
2022,02,ROU.3.75_1,0,0
2022,02,ROU.31.17_1,0,0
2022,02,ROU.31.38_1,0,0
2022,02,ROU.31.39_1,0,0
2022,02,ROU.31.54_1,0,0
2022,02,ROU.32.100_1,0,0
2022,02,ROU.32.10_1,0,0
2022,02,ROU.32.11_1,0,0
2022,02,ROU.32.12_1,0,0
2022,02,ROU.32.13_1,0,0
2022,02,ROU.32.14_1,0,0
2022,02,ROU.32.15_1,0,0
2022,02,ROU.32.16_1,0,0
2022,02,ROU.32.17_1,0,0
2022,02,ROU.32.18_1,0,0
2022,02,ROU.32.19_1,0,0
2022,02,ROU.32.1_1,0,0
2022,02,ROU.32.20_1,0,0
2022,02,ROU.32.21_1,0,0
2022,02,ROU.32.22_1,0,0
2022,02,ROU.32.23_1,0,0
2022,02,ROU.32.24_1,0,0
2022,02,ROU.32.25_1,0,0
2022,02,ROU.32.26_1,0,0
2022,02,ROU.32.27_1,0,0
2022,02,ROU.32.28_1,0,0
2022,02,ROU.32.29_1,0,0
2022,02,ROU.32.2_1,0,0
2022,02,ROU.32.30_1,0,0
2022,02,ROU.32.31_1,0,0
2022,02,ROU.32.32_1,0,0
2022,02,ROU.32.33_1,0,0
2022,02,ROU.32.34_1,0,0
2022,02,ROU.32.35_1,0,0
2022,02,ROU.32.36_1,0,0
2022,02,ROU.32.37_1,0,0
2022,02,ROU.32.38_1,0,0
2022,02,ROU.32.39_1,0,0
2022,02,ROU.32.3_1,0,0
2022,02,ROU.32.40_1,0,0
2022,02,ROU.32.41_1,0,0
2022,02,ROU.32.42_1,0,0
2022,02,ROU.32.43_1,0,0
2022,02,ROU.32.44_1,0,0
2022,02,ROU.32.45_1,0,0
2022,02,ROU.32.46_1,0,0
2022,02,ROU.32.47_1,0,0
2022,02,ROU.32.48_1,0,0
2022,02,ROU.32.49_1,0,0
2022,02,ROU.32.4_1,0,0
2022,02,ROU.32.50_1,0,0
2022,02,ROU.32.51_1,0,0
2022,02,ROU.32.52_1,0,0
2022,02,ROU.32.53_1,0,0
2022,02,ROU.32.54_1,0,0
2022,02,ROU.32.55_1,0,0
2022,02,ROU.32.56_1,0,0
2022,02,ROU.32.57_1,0,0
2022,02,ROU.32.58_1,0,0
2022,02,ROU.32.59_1,0,0
2022,02,ROU.32.5_1,0,0
2022,02,ROU.32.60_1,0,0
2022,02,ROU.32.61_1,0,0
2022,02,ROU.32.62_1,0,0
2022,02,ROU.32.63_1,0,0
2022,02,ROU.32.64_1,0,0
2022,02,ROU.32.65_1,0,0
2022,02,ROU.32.66_1,0,0
2022,02,ROU.32.67_1,0,0
2022,02,ROU.32.68_1,0,0
2022,02,ROU.32.69_1,0,0
2022,02,ROU.32.6_1,0,0
2022,02,ROU.32.70_1,0,0
2022,02,ROU.32.71_1,0,0
2022,02,ROU.32.72_1,0,0
2022,02,ROU.32.73_1,0,0
2022,02,ROU.32.74_1,0,0
2022,02,ROU.32.75_1,0,0
2022,02,ROU.32.76_1,0,0
2022,02,ROU.32.77_1,0,0
2022,02,ROU.32.78_1,0,0
2022,02,ROU.32.79_1,0,0
2022,02,ROU.32.7_1,0,0
2022,02,ROU.32.80_1,0,0
2022,02,ROU.32.81_1,0,0
2022,02,ROU.32.82_1,0,0
2022,02,ROU.32.83_1,0,0
2022,02,ROU.32.84_1,0,0
2022,02,ROU.32.85_1,0,0
2022,02,ROU.32.86_1,0,0
2022,02,ROU.32.87_1,0,0
2022,02,ROU.32.88_1,0,0
2022,02,ROU.32.89_1,0,0
2022,02,ROU.32.8_1,0,0
2022,02,ROU.32.90_1,0,0
2022,02,ROU.32.91_1,0,0
2022,02,ROU.32.92_1,0,0
2022,02,ROU.32.93_1,0,0
2022,02,ROU.32.94_1,0,0
2022,02,ROU.32.95_1,0,0
2022,02,ROU.32.96_1,0,0
2022,02,ROU.32.97_1,0,0
2022,02,ROU.32.98_1,0,0
2022,02,ROU.32.99_1,0,0
2022,02,ROU.32.9_1,0,0
2022,02,ROU.33.10_1,0,0
2022,02,ROU.33.20_1,0.03606782278966018,0.12300150909215872
2022,02,ROU.33.22_1,0.03844377302699374,0.14300175447299768
2022,02,ROU.33.23_1,0.036565924409642916,0.1270015581683266
2022,02,ROU.33.24_1,0.038104899301372785,0.14000171766587186
2022,02,ROU.33.25_1,0.041250677110452966,0.17000208573713013
2022,02,ROU.33.26_1,0,0
2022,02,ROU.33.2_1,0.03866647958869124,0.14500177901108155
2022,02,ROU.33.36_1,0,0
2022,02,ROU.33.42_1,0,0
2022,02,ROU.33.43_1,0.03729090678579506,0.13300163178257826
2022,02,ROU.33.45_1,0.037760110474702124,0.13700168085874603
2022,02,ROU.33.46_1,0.03568613662919039,0.120001472285033
2022,02,ROU.33.54_1,0,0
2022,02,ROU.33.57_1,0.04105668482814177,0.16800206119904623
2022,02,ROU.33.58_1,0.03855544350450708,0.14400176674203963
2022,02,ROU.34.23_1,0.04191351904598384,0.17700217162042373
2022,02,ROU.34.24_1,0.039847501651123725,0.15600191397054294
2022,02,ROU.34.29_1,0.03953256515480434,0.1530018771634171
2022,02,ROU.34.2_1,0,0
2022,02,ROU.34.39_1,0,0
2022,02,ROU.34.40_1,0.038666479588691266,0.14500177901108155
2022,02,ROU.34.43_1,0.03963812626436053,0.15400188943245904
2022,02,ROU.34.56_1,0.041346894436952525,0.17100209800617208
2022,02,ROU.34.59_1,0.039426415540389934,0.15200186489437517
2022,02,ROU.34.8_1,0.03942641554039017,0.15200186489437517
2022,02,ROU.35.10_1,0,0
2022,02,ROU.35.11_1,0,0
2022,02,ROU.35.12_1,0,0
2022,02,ROU.35.13_1,0,0
2022,02,ROU.35.14_1,0,0
2022,02,ROU.35.15_1,0,0
2022,02,ROU.35.16_1,0,0
2022,02,ROU.35.17_1,0,0
2022,02,ROU.35.18_1,0,0
2022,02,ROU.35.19_1,0,0
2022,02,ROU.35.1_1,0,0
2022,02,ROU.35.20_1,0,0
2022,02,ROU.35.21_1,0,0
2022,02,ROU.35.22_1,0,0
2022,02,ROU.35.23_1,0,0
2022,02,ROU.35.24_1,0,0
2022,02,ROU.35.25_1,0,0
2022,02,ROU.35.26_1,0,0
2022,02,ROU.35.27_1,0,0
2022,02,ROU.35.28_1,0,0
2022,02,ROU.35.29_1,0,0
2022,02,ROU.35.2_1,0,0
2022,02,ROU.35.30_1,0,0
2022,02,ROU.35.31_1,0,0
2022,02,ROU.35.32_1,0,0
2022,02,ROU.35.33_1,0,0
2022,02,ROU.35.34_1,0,0
2022,02,ROU.35.35_1,0,0
2022,02,ROU.35.36_1,0,0
2022,02,ROU.35.37_1,0,0
2022,02,ROU.35.38_1,0,0
2022,02,ROU.35.39_1,0,0
2022,02,ROU.35.3_1,0,0
2022,02,ROU.35.40_1,0,0
2022,02,ROU.35.41_1,0,0
2022,02,ROU.35.42_1,0,0
2022,02,ROU.35.43_1,0,0
2022,02,ROU.35.44_1,0,0
2022,02,ROU.35.45_1,0,0
2022,02,ROU.35.46_1,0,0
2022,02,ROU.35.47_1,0,0
2022,02,ROU.35.48_1,0,0
2022,02,ROU.35.49_1,0,0
2022,02,ROU.35.4_1,0,0
2022,02,ROU.35.50_1,0,0
2022,02,ROU.35.51_1,0,0
2022,02,ROU.35.52_1,0,0
2022,02,ROU.35.53_1,0,0
2022,02,ROU.35.54_1,0,0
2022,02,ROU.35.55_1,0,0
2022,02,ROU.35.56_1,0,0
2022,02,ROU.35.57_1,0,0
2022,02,ROU.35.58_1,0,0
2022,02,ROU.35.59_1,0,0
2022,02,ROU.35.5_1,0,0
2022,02,ROU.35.60_1,0,0
2022,02,ROU.35.61_1,0,0
2022,02,ROU.35.62_1,0,0
2022,02,ROU.35.6_1,0,0
2022,02,ROU.35.7_1,0,0
2022,02,ROU.35.8_1,0,0
2022,02,ROU.35.9_1,0,0
2022,02,ROU.37.26_1,0,0
2022,02,ROU.37.31_1,0,0
2022,02,ROU.37.32_1,0,0
2022,02,ROU.37.39_1,0,0
2022,02,ROU.37.41_1,0,0
2022,02,ROU.37.44_1,0,0
2022,02,ROU.37.4_1,0,0
2022,02,ROU.37.50_1,0,0
2022,02,ROU.37.73_1,0,0
2022,02,ROU.37.84_1,0,0
2022,02,ROU.37.88_1,0,0
2022,02,ROU.37.9_1,0,0
2022,02,ROU.38.15_1,0.0411539417946387,0.16900207346808818
2022,02,ROU.38.19_1,0,0
2022,02,ROU.38.26_1,0.042906640751227285,0.1880023065798851
2022,02,ROU.38.2_1,0,0
2022,02,ROU.38.31_1,0,0
2022,02,ROU.38.37_1,0,0
2022,02,ROU.38.42_1,0,0
2022,02,ROU.38.48_1,0,0
2022,02,ROU.38.50_1,0,0
2022,02,ROU.38.58_1,0,0
2022,02,ROU.38.5_1,0.04578491841046158,0.2240027482653949
2022,02,ROU.38.74_1,0,0
2022,02,ROU.38.76_1,0,0
2022,02,ROU.38.79_1,0,0
2022,02,ROU.39.10_1,0,0
2022,02,ROU.39.11_1,0,0
2022,02,ROU.39.12_1,0,0
2022,02,ROU.39.13_1,0,0
2022,02,ROU.39.14_1,0,0
2022,02,ROU.39.15_1,0,0
2022,02,ROU.39.16_1,0,0
2022,02,ROU.39.17_1,0,0
2022,02,ROU.39.18_1,0,0
2022,02,ROU.39.19_1,0,0
2022,02,ROU.39.1_1,0,0
2022,02,ROU.39.20_1,0,0
2022,02,ROU.39.21_1,0,0
2022,02,ROU.39.22_1,0,0
2022,02,ROU.39.23_1,0,0
2022,02,ROU.39.24_1,0,0
2022,02,ROU.39.25_1,0,0
2022,02,ROU.39.26_1,0,0
2022,02,ROU.39.27_1,0,0
2022,02,ROU.39.28_1,0,0
2022,02,ROU.39.29_1,0,0
2022,02,ROU.39.2_1,0,0
2022,02,ROU.39.30_1,0,0
2022,02,ROU.39.31_1,0,0
2022,02,ROU.39.32_1,0,0
2022,02,ROU.39.33_1,0,0
2022,02,ROU.39.34_1,0,0
2022,02,ROU.39.35_1,0,0
2022,02,ROU.39.36_1,0,0
2022,02,ROU.39.37_1,0,0
2022,02,ROU.39.38_1,0,0
2022,02,ROU.39.39_1,0,0
2022,02,ROU.39.3_1,0,0
2022,02,ROU.39.40_1,0,0
2022,02,ROU.39.41_1,0,0
2022,02,ROU.39.42_1,0,0
2022,02,ROU.39.43_1,0,0
2022,02,ROU.39.44_1,0,0
2022,02,ROU.39.45_1,0,0
2022,02,ROU.39.46_1,0,0
2022,02,ROU.39.47_1,0,0
2022,02,ROU.39.48_1,0,0
2022,02,ROU.39.4_1,0,0
2022,02,ROU.39.5_1,0,0
2022,02,ROU.39.6_1,0,0
2022,02,ROU.39.7_1,0,0
2022,02,ROU.39.8_1,0,0
2022,02,ROU.39.9_1,0,0
2022,02,ROU.40.14_1,0,0
2022,02,ROU.40.53_1,0,0
2022,02,ROU.40.84_1,0,0
2022,02,ROU.41.26_1,0,0
2022,02,ROU.41.31_1,0,0
2022,02,ROU.41.41_1,0,0
2022,02,ROU.41.45_1,0,0
2022,02,ROU.41.58_1,0,0
2022,02,ROU.41.68_1,0,0
2022,02,ROU.5.10_1,0.0439265976497925,0.2000024538083883
2022,02,ROU.5.11_1,0,0
2022,02,ROU.5.12_1,0.0356861366291904,0.120001472285033
2022,02,ROU.5.13_1,0,0
2022,02,ROU.5.14_1,0,0
2022,02,ROU.5.15_1,0,0
2022,02,ROU.5.16_1,0.037760110474702076,0.13700168085874603
2022,02,ROU.5.17_1,0,0
2022,02,ROU.5.18_1,0.03705212417501676,0.13100160724449436
2022,02,ROU.5.19_1,0,0
2022,02,ROU.5.1_1,0,0
2022,02,ROU.5.20_1,0,0
2022,02,ROU.5.21_1,0,0
2022,02,ROU.5.22_1,0,0
2022,02,ROU.5.23_1,0,0
2022,02,ROU.5.24_1,0,0
2022,02,ROU.5.25_1,0,0
2022,02,ROU.5.26_1,0,0
2022,02,ROU.5.27_1,0,0
2022,02,ROU.5.28_1,0,0
2022,02,ROU.5.29_1,0,0
2022,02,ROU.5.2_1,0,0
2022,02,ROU.5.30_1,0,0
2022,02,ROU.5.31_1,0,0
2022,02,ROU.5.32_1,0,0
2022,02,ROU.5.33_1,0,0
2022,02,ROU.5.34_1,0,0
2022,02,ROU.5.35_1,0,0
2022,02,ROU.5.36_1,0.04056244320070325,0.16300199985383654
2022,02,ROU.5.37_1,0,0
2022,02,ROU.5.38_1,0,0
2022,02,ROU.5.39_1,0,0
2022,02,ROU.5.3_1,0,0
2022,02,ROU.5.40_1,0,0
2022,02,ROU.5.41_1,0.04273033024975159,0.1860022820418011
2022,02,ROU.5.42_1,0,0
2022,02,ROU.5.43_1,0,0
2022,02,ROU.5.44_1,0,0
2022,02,ROU.5.45_1,0,0
2022,02,ROU.5.46_1,0,0
2022,02,ROU.5.47_1,0,0
2022,02,ROU.5.48_1,0,0
2022,02,ROU.5.49_1,0,0
2022,02,ROU.5.4_1,0,0
2022,02,ROU.5.50_1,0,0
2022,02,ROU.5.51_1,0,0
2022,02,ROU.5.52_1,0,0
2022,02,ROU.5.53_1,0,0
2022,02,ROU.5.54_1,0,0
2022,02,ROU.5.55_1,0,0
2022,02,ROU.5.56_1,0,0
2022,02,ROU.5.57_1,0,0
2022,02,ROU.5.58_1,0,0
2022,02,ROU.5.59_1,0,0
2022,02,ROU.5.5_1,0,0
2022,02,ROU.5.60_1,0,0
2022,02,ROU.5.61_1,0,0
2022,02,ROU.5.62_1,0,0
2022,02,ROU.5.63_1,0,0
2022,02,ROU.5.64_1,0,0
2022,02,ROU.5.65_1,0,0
2022,02,ROU.5.66_1,0,0
2022,02,ROU.5.67_1,0,0
2022,02,ROU.5.68_1,0,0
2022,02,ROU.5.69_1,0,0
2022,02,ROU.5.6_1,0,0
2022,02,ROU.5.70_1,0,0
2022,02,ROU.5.71_1,0,0
2022,02,ROU.5.72_1,0,0
2022,02,ROU.5.73_1,0,0
2022,02,ROU.5.74_1,0,0
2022,02,ROU.5.75_1,0.038995835517328076,0.1480018158182074
2022,02,ROU.5.76_1,0,0
2022,02,ROU.5.77_1,0,0
2022,02,ROU.5.78_1,0,0
2022,02,ROU.5.79_1,0,0
2022,02,ROU.5.7_1,0,0
2022,02,ROU.5.80_1,0,0
2022,02,ROU.5.81_1,0,0
2022,02,ROU.5.82_1,0,0
2022,02,ROU.5.83_1,0,0
2022,02,ROU.5.84_1,0,0
2022,02,ROU.5.85_1,0,0
2022,02,ROU.5.86_1,0,0
2022,02,ROU.5.87_1,0,0
2022,02,ROU.5.88_1,0,0
2022,02,ROU.5.89_1,0,0
2022,02,ROU.5.8_1,0,0
2022,02,ROU.5.90_1,0,0
2022,02,ROU.5.91_1,0.038886670283212715,0.14700180354916545
2022,02,ROU.5.92_1,0,0
2022,02,ROU.5.93_1,0,0
2022,02,ROU.5.94_1,0,0
2022,02,ROU.5.9_1,0,0
2022,02,ROU.6.10_1,0.03693166412958846,0.1300015949754524
2022,02,ROU.6.31_1,0.03866647958869125,0.14500177901108155
2022,02,ROU.6.36_1,0.037760110474702076,0.13700168085874603
2022,02,ROU.6.4_1,0.040360960529577265,0.16100197531575264
2022,02,ROU.6.6_1,0.03942641554038994,0.15200186489437517
2022,02,ROU.6.8_1,0.04005457832288454,0.15800193850862682
2022,02,ROU.7.14_1,0,0
2022,02,ROU.7.38_1,0,0
2022,02,ROU.7.42_1,0,0
2022,02,ROU.7.44_1,0,0
2022,02,ROU.7.48_1,0,0
2022,02,ROU.7.50_1,0,0
2022,02,ROU.7.52_1,0,0
2022,02,ROU.7.57_1,0,0
2022,02,ROU.8.10_1,0,0
2022,02,ROU.8.11_1,0,0
2022,02,ROU.8.12_1,0,0
2022,02,ROU.8.13_1,0,0
2022,02,ROU.8.14_1,0,0
2022,02,ROU.8.15_1,0,0
2022,02,ROU.8.16_1,0,0
2022,02,ROU.8.17_1,0,0
2022,02,ROU.8.18_1,0,0
2022,02,ROU.8.19_1,0,0
2022,02,ROU.8.1_1,0,0
2022,02,ROU.8.20_1,0,0
2022,02,ROU.8.21_1,0,0
2022,02,ROU.8.22_1,0,0
2022,02,ROU.8.23_1,0,0
2022,02,ROU.8.24_1,0,0
2022,02,ROU.8.25_1,0,0
2022,02,ROU.8.26_1,0,0
2022,02,ROU.8.27_1,0,0
2022,02,ROU.8.28_1,0,0
2022,02,ROU.8.29_1,0,0
2022,02,ROU.8.2_1,0,0
2022,02,ROU.8.30_1,0,0
2022,02,ROU.8.31_1,0,0
2022,02,ROU.8.32_1,0,0
2022,02,ROU.8.33_1,0,0
2022,02,ROU.8.34_1,0,0
2022,02,ROU.8.35_1,0,0
2022,02,ROU.8.36_1,0,0
2022,02,ROU.8.37_1,0.03717186943181954,0.1320016195135363
2022,02,ROU.8.38_1,0,0
2022,02,ROU.8.39_1,0,0
2022,02,ROU.8.3_1,0,0
2022,02,ROU.8.40_1,0,0
2022,02,ROU.8.41_1,0,0
2022,02,ROU.8.42_1,0,0
2022,02,ROU.8.43_1,0,0
2022,02,ROU.8.44_1,0,0
2022,02,ROU.8.45_1,0,0
2022,02,ROU.8.46_1,0,0
2022,02,ROU.8.47_1,0,0
2022,02,ROU.8.49_1,0,0
2022,02,ROU.8.4_1,0,0
2022,02,ROU.8.50_1,0,0
2022,02,ROU.8.51_1,0,0
2022,02,ROU.8.52_1,0,0
2022,02,ROU.8.5_1,0,0
2022,02,ROU.8.6_1,0,0
2022,02,ROU.8.7_1,0,0
2022,02,ROU.8.8_1,0,0
2022,02,ROU.8.9_1,0,0
2022,02,ROU.9.10_1,0,0
2022,02,ROU.9.18_1,0,0
2022,02,ROU.9.2_1,0,0
2022,02,ROU.9.39_1,0,0
2022,02,ROU.9.5_1,0,0
2022,02,SRB.1.1_1,0,0
2022,02,SRB.1.2_1,0,0
2022,02,SRB.1.3_1,0,0
2022,02,SRB.1.4_1,0,0
2022,02,SRB.10.1_1,0,0
2022,02,SRB.10.2_1,0,0
2022,02,SRB.10.3_1,0,0
2022,02,SRB.10.4_1,0,0
2022,02,SRB.10.5_1,0,0
2022,02,SRB.10.6_1,0,0
2022,02,SRB.10.7_1,0,0
2022,02,SRB.11.1_1,0,0
2022,02,SRB.11.2_1,0,0
2022,02,SRB.11.3_1,0,0
2022,02,SRB.11.4_1,0,0
2022,02,SRB.11.5_1,0,0
2022,02,SRB.11.6_1,0,0
2022,02,SRB.11.7_1,0,0
2022,02,SRB.12.1_1,0,0
2022,02,SRB.12.2_1,0,0
2022,02,SRB.12.3_1,0,0
2022,02,SRB.12.4_1,0,0
2022,02,SRB.13.1_1,0,0
2022,02,SRB.13.2_1,0,0
2022,02,SRB.13.3_1,0,0
2022,02,SRB.14.1_1,0,0
2022,02,SRB.14.2_1,0,0
2022,02,SRB.14.3_1,0,0
2022,02,SRB.14.4_1,0,0
2022,02,SRB.14.5_1,0,0
2022,02,SRB.14.6_1,0,0
2022,02,SRB.15.1_1,0,0
2022,02,SRB.15.2_1,0,0
2022,02,SRB.15.3_1,0,0
2022,02,SRB.15.4_1,0,0
2022,02,SRB.15.5_1,0,0
2022,02,SRB.15.6_1,0,0
2022,02,SRB.16.1_1,0,0
2022,02,SRB.16.2_1,0,0
2022,02,SRB.16.3_1,0,0
2022,02,SRB.16.4_1,0,0
2022,02,SRB.16.5_1,0,0
2022,02,SRB.17.1_1,0,0
2022,02,SRB.17.2_1,0.04359369033211525,0.19600240473222053
2022,02,SRB.17.3_1,0.04400874593593265,0.20100246607743036
2022,02,SRB.18.1_1,0.04125067711045301,0.17000208573713013
2022,02,SRB.18.2_1,0,0
2022,02,SRB.18.3_1,0.04191351904598384,0.17700217162042373
2022,02,SRB.18.4_1,0,0
2022,02,SRB.18.5_1,0.042552155628731575,0.1840022575037172
2022,02,SRB.18.6_1,0,0
2022,02,SRB.19.1_1,0.042818717070531656,0.18700229431084314
2022,02,SRB.19.2_1,0,0
2022,02,SRB.19.3_1,0,0
2022,02,SRB.19.4_1,0,0
2022,02,SRB.19.5_1,0.04316766117792538,0.19100234338701091
2022,02,SRB.2.1_1,0,0
2022,02,SRB.2.2_1,0,0
2022,02,SRB.2.3_1,0,0
2022,02,SRB.2.4_1,0,0
2022,02,SRB.2.5_1,0,0
2022,02,SRB.2.6_1,0,0
2022,02,SRB.2.7_1,0,0
2022,02,SRB.2.8_1,0,0
2022,02,SRB.20.1_1,0.042641477408911777,0.18500226977275927
2022,02,SRB.20.2_1,0.043081110020029005,0.19000233111796888
2022,02,SRB.20.3_1,0.04409046764659434,0.20200247834647228
2022,02,SRB.20.4_1,0.041726655226260886,0.17500214708233985
2022,02,SRB.20.5_1,0.045341846060768486,0.21800267465114315
2022,02,SRB.20.6_1,0.04359369033211528,0.19600240473222053
2022,02,SRB.20.7_1,0.04472916262506265,0.21000257649880782
2022,02,SRB.21.1_1,0,0
2022,02,SRB.21.2_1,0,0
2022,02,SRB.21.3_1,0,0
2022,02,SRB.21.4_1,0,0
2022,02,SRB.21.5_1,0,0
2022,02,SRB.21.6_1,0,0
2022,02,SRB.21.7_1,0,0
2022,02,SRB.22.1_1,0,0
2022,02,SRB.22.2_1,0,0
2022,02,SRB.22.3_1,0,0
2022,02,SRB.22.4_1,0,0
2022,02,SRB.23.1_1,0,0
2022,02,SRB.23.2_1,0,0
2022,02,SRB.23.3_1,0,0
2022,02,SRB.23.4_1,0,0
2022,02,SRB.24.1_1,0.041632474297844745,0.1740021348132978
2022,02,SRB.24.2_1,0,0
2022,02,SRB.24.3_1,0.041726655226260956,0.17500214708233985
2022,02,SRB.24.4_1,0.04046197630248176,0.1620019875847946
2022,02,SRB.25.10_1,0.03764383838704685,0.13600166858970408
2022,02,SRB.25.1_1,0,0
2022,02,SRB.25.2_1,0.04025939175040853,0.1600019630467107
2022,02,SRB.25.3_1,0.03931967265483511,0.15100185262533322
2022,02,SRB.25.4_1,0,0
2022,02,SRB.25.5_1,0,0
2022,02,SRB.25.6_1,0,0
2022,02,SRB.25.7_1,0.041346894436952476,0.17100209800617208
2022,02,SRB.25.8_1,0,0
2022,02,SRB.25.9_1,0,0
2022,02,SRB.3.10_1,0,0
2022,02,SRB.3.11_1,0,0
2022,02,SRB.3.12_1,0,0
2022,02,SRB.3.13_1,0.04384402039041723,0.19900244153934646
2022,02,SRB.3.14_1,0,0
2022,02,SRB.3.15_1,0,0
2022,02,SRB.3.16_1,0.042818717070531725,0.18700229431084314
2022,02,SRB.3.17_1,0,0
2022,02,SRB.3.1_1,0,0
2022,02,SRB.3.2_1,0,0
2022,02,SRB.3.3_1,0,0
2022,02,SRB.3.4_1,0,0
2022,02,SRB.3.5_1,0,0
2022,02,SRB.3.6_1,0,0
2022,02,SRB.3.7_1,0.04264147740891187,0.18500226977275927
2022,02,SRB.3.8_1,0.046001315392013006,0.22700278507252075
2022,02,SRB.3.9_1,0,0
2022,02,SRB.4.1_1,0,0
2022,02,SRB.4.2_1,0,0
2022,02,SRB.4.3_1,0,0
2022,02,SRB.4.4_1,0,0
2022,02,SRB.4.5_1,0,0
2022,02,SRB.4.6_1,0,0
2022,02,SRB.5.10_1,0.010926603204095203,0.010000122690419425
2022,02,SRB.5.11_1,0.00848079161664806,0.0060000736142516555
2022,02,SRB.5.12_1,0.013779235266840406,0.01600019630467108
2022,02,SRB.5.1_1,0.0133484647690655,0.015000184035629138
2022,02,SRB.5.2_1,0.009782917798995545,0.00800009815233554
2022,02,SRB.5.3_1,0.010371119938714679,0.009000110421377484
2022,02,SRB.5.4_1,0.01290238658226705,0.014000171766587195
2022,02,SRB.5.5_1,0.011454128821150836,0.011000134959461368
2022,02,SRB.5.6_1,0.010371119938714644,0.009000110421377484
2022,02,SRB.5.7_1,0.014196091647426402,0.017000208573713024
2022,02,SRB.5.8_1,0.0069315001932525756,0.00400004907616777
2022,02,SRB.5.9_1,0.015374309177427449,0.02000024538083885
2022,02,SRB.6.1_1,0,0
2022,02,SRB.6.2_1,0,0
2022,02,SRB.6.3_1,0,0
2022,02,SRB.6.4_1,0,0
2022,02,SRB.6.5_1,0,0
2022,02,SRB.6.6_1,0,0
2022,02,SRB.6.7_1,0,0
2022,02,SRB.6.8_1,0,0
2022,02,SRB.7.1_1,0,0
2022,02,SRB.7.2_1,0,0
2022,02,SRB.7.3_1,0,0
2022,02,SRB.7.4_1,0.04400874593593267,0.20100246607743036
2022,02,SRB.7.5_1,0.04342461339685787,0.19400238019413663
2022,02,SRB.7.6_1,0.03910438760994545,0.14900182808724932
2022,02,SRB.8.1_1,0.04359369033211524,0.19600240473222053
2022,02,SRB.8.2_1,0.044571970363972965,0.20800255196072395
2022,02,SRB.8.3_1,0.04367756920706643,0.1970024170012626
2022,02,SRB.8.4_1,0.040860591023440446,0.16600203666096236
2022,02,SRB.8.5_1,0.039951325083062844,0.15700192623958487
2022,02,SRB.8.6_1,0.03866647958869123,0.14500177901108155
2022,02,SRB.8.7_1,0.041537789500952105,0.17300212254425595
2022,02,SRB.8.8_1,0.042906640751227285,0.1880023065798851
2022,02,SRB.9.1_1,0,0
2022,02,SRB.9.2_1,0,0
2022,02,SRB.9.3_1,0,0
2022,02,SRB.9.4_1,0,0
2022,02,SVK.1.10_1,0.039212331653173595,0.15000184035629127
2022,02,SVK.1.11_1,0.03866647958869125,0.14500177901108155
2022,02,SVK.1.12_1,0.03644253366785168,0.12600154589928467
2022,02,SVK.1.13_1,0.04200620860128082,0.17800218388946557
2022,02,SVK.1.1_1,0.03995132508306279,0.15700192623958487
2022,02,SVK.1.2_1,0.04005457832288455,0.15800193850862682
2022,02,SVK.1.3_1,0.035297248905903904,0.11700143547790717
2022,02,SVK.1.4_1,0.03644253366785173,0.12600154589928467
2022,02,SVK.1.5_1,0.03866647958869126,0.14500177901108155
2022,02,SVK.1.6_1,0.03821850661682484,0.1410017299349138
2022,02,SVK.1.7_1,0.03740924299464885,0.13400164405162018
2022,02,SVK.1.8_1,0.03833146261164612,0.14200174220395573
2022,02,SVK.1.9_1,0.0388866702832127,0.14700180354916545
2022,02,SVK.2.1_1,0.0421901193119019,0.18000220842754944
2022,02,SVK.2.2_1,0.042372093372309225,0.18200223296563334
2022,02,SVK.2.3_1,0.04209840761793516,0.1790021961585076
2022,02,SVK.2.4_1,0.037290906785795094,0.13300163178257826
2022,02,SVK.2.5_1,0.03821850661682483,0.1410017299349138
2022,02,SVK.2.6_1,0.03799063482215765,0.1390017053968299
2022,02,SVK.2.7_1,0.03656592440964288,0.1270015581683266
2022,02,SVK.2.8_1,0.037990634822157615,0.1390017053968299
2022,02,SVK.3.10_1,0.03463243828903098,0.11200137413269756
2022,02,SVK.3.11_1,0.04086059102344048,0.16600203666096236
2022,02,SVK.3.1_1,0.0365659244096428,0.1270015581683266
2022,02,SVK.3.2_1,0.03810489930137283,0.14000171766587186
2022,02,SVK.3.3_1,0,0
2022,02,SVK.3.4_1,0,0
2022,02,SVK.3.5_1,0,0
2022,02,SVK.3.6_1,0,0
2022,02,SVK.3.7_1,0.04563876255918465,0.22200272372731103
2022,02,SVK.3.8_1,0.03764383838704686,0.13600166858970408
2022,02,SVK.3.9_1,0.03821850661682483,0.1410017299349138
2022,02,SVK.4.1_1,0.03844377302699374,0.14300175447299768
2022,02,SVK.4.2_1,0.038995835517328034,0.1480018158182074
2022,02,SVK.4.3_1,0,0
2022,02,SVK.4.4_1,0.0395325651548043,0.1530018771634171
2022,02,SVK.4.5_1,0,0
2022,02,SVK.4.6_1,0,0
2022,02,SVK.4.7_1,0.03752688469129568,0.13500165632066213
2022,02,SVK.5.10_1,0.03449689006523456,0.11100136186365551
2022,02,SVK.5.11_1,0.036442533667851745,0.12600154589928467
2022,02,SVK.5.12_1,0.03833146261164607,0.14200174220395573
2022,02,SVK.5.13_1,0.040860591023440425,0.16600203666096236
2022,02,SVK.5.1_1,0.03705212417501676,0.13100160724449436
2022,02,SVK.5.2_1,0.036931664129588454,0.1300015949754524
2022,02,SVK.5.3_1,0.03095013800693192,0.0870010674066489
2022,02,SVK.5.4_1,0.03463243828903109,0.11200137413269756
2022,02,SVK.5.5_1,0.03581415406323344,0.12100148455407483
2022,02,SVK.5.6_1,0.030950138006931877,0.0870010674066489
2022,02,SVK.5.7_1,0.04209840761793516,0.1790021961585076
2022,02,SVK.5.8_1,0.033522642786405495,0.10400127598036192
2022,02,SVK.5.9_1,0.03776011047470205,0.13700168085874603
2022,02,SVK.6.1_1,0,0
2022,02,SVK.6.2_1,0,0
2022,02,SVK.6.3_1,0,0
2022,02,SVK.6.4_1,0,0
2022,02,SVK.6.5_1,0,0
2022,02,SVK.6.6_1,0,0
2022,02,SVK.6.7_1,0.03866647958869118,0.14500177901108155
2022,02,SVK.6.8_1,0,0
2022,02,SVK.6.9_1,0,0
2022,02,SVK.7.1_1,0.03752688469129565,0.13500165632066213
2022,02,SVK.7.2_1,0.03764383838704685,0.13600166858970408
2022,02,SVK.7.3_1,0,0
2022,02,SVK.7.4_1,0,0
2022,02,SVK.7.5_1,0.03953256515480433,0.1530018771634171
2022,02,SVK.7.6_1,0,0
2022,02,SVK.7.7_1,0.044008745935932674,0.20100246607743036
2022,02,SVK.8.10_1,0,0
2022,02,SVK.8.11_1,0,0
2022,02,SVK.8.1_1,0,0
2022,02,SVK.8.2_1,0,0
2022,02,SVK.8.3_1,0,0
2022,02,SVK.8.4_1,0,0
2022,02,SVK.8.5_1,0.030950138006931926,0.0870010674066489
2022,02,SVK.8.6_1,0,0
2022,02,SVK.8.7_1,0,0
2022,02,SVK.8.8_1,0.03833146261164607,0.14200174220395573
2022,02,SVK.8.9_1,0.03693166412958856,0.1300015949754524
2022,02,SVN.1.10_1,0.04237209337230922,0.18200223296563334
2022,02,SVN.1.11_1,0.038886670283212715,0.14700180354916545
2022,02,SVN.1.12_1,0.04153778950095204,0.17300212254425595
2022,02,SVN.1.13_1,0.04237209337230921,0.18200223296563334
2022,02,SVN.1.14_1,0.0399513250830628,0.15700192623958487
2022,02,SVN.1.15_1,0.04015726576886064,0.15900195077766877
2022,02,SVN.1.16_1,0.044171765149386526,0.20300249061551423
2022,02,SVN.1.17_1,0.04163247429784472,0.1740021348132978
2022,02,SVN.1.1_1,0.039426415540389934,0.15200186489437517
2022,02,SVN.1.2_1,0.03921233165317358,0.15000184035629127
2022,02,SVN.1.3_1,0.03974310355841906,0.155001901701501
2022,02,SVN.1.4_1,0.042994104133226345,0.18900231884892693
2022,02,SVN.1.5_1,0.03963812626436056,0.15400188943245904
2022,02,SVN.1.6_1,0.04172665522626095,0.17500214708233985
2022,02,SVN.1.7_1,0.040259391750408484,0.1600019630467107
2022,02,SVN.1.8_1,0.039951325083062816,0.15700192623958487
2022,02,SVN.1.9_1,0.04005457832288461,0.15800193850862682
2022,02,SVN.10.10_1,0.05114148354040557,0.31800390155533753
2022,02,SVN.10.11_1,0.042906640751227264,0.1880023065798851
2022,02,SVN.10.12_1,0.043424613396857825,0.19400238019413663
2022,02,SVN.10.13_1,0.053410118689614476,0.3840047113121056
2022,02,SVN.10.14_1,0.04066236529265382,0.16400201212287846
2022,02,SVN.10.15_1,0.04264147740891181,0.18500226977275927
2022,02,SVN.10.16_1,0.04172665522626088,0.17500214708233985
2022,02,SVN.10.17_1,0.042462361949898206,0.18300224523467537
2022,02,SVN.10.18_1,0.04219011931190187,0.18000220842754944
2022,02,SVN.10.19_1,0.040958902494982755,0.1670020489300043
2022,02,SVN.10.1_1,0.052309551286348864,0.3480042696265957
2022,02,SVN.10.20_1,0.04086059102344039,0.16600203666096236
2022,02,SVN.10.21_1,0.041250677110453,0.17000208573713013
2022,02,SVN.10.22_1,0.04191351904598384,0.17700217162042373
2022,02,SVN.10.23_1,0.05155717742026931,0.3280040242457569
2022,02,SVN.10.24_1,0.04144259738198522,0.1720021102752139
2022,02,SVN.10.25_1,0.040662365292653796,0.16400201212287846
2022,02,SVN.10.26_1,0.04125067711045294,0.17000208573713013
2022,02,SVN.10.27_1,0.041250677110453,0.17000208573713013
2022,02,SVN.10.28_1,0.04025939175040852,0.1600019630467107
2022,02,SVN.10.29_1,0.043081110020029005,0.19000233111796888
2022,02,SVN.10.2_1,0.040662365292653734,0.16400201212287846
2022,02,SVN.10.30_1,0.043509372580880286,0.1950023924631787
2022,02,SVN.10.31_1,0.03764383838704685,0.13600166858970408
2022,02,SVN.10.32_1,0.040259391750408505,0.1600019630467107
2022,02,SVN.10.3_1,0.04472916262506267,0.21000257649880782
2022,02,SVN.10.4_1,0.05227438147651946,0.34700425735755375
2022,02,SVN.10.5_1,0.04237209337230922,0.18200223296563334
2022,02,SVN.10.6_1,0.04209840761793512,0.1790021961585076
2022,02,SVN.10.7_1,0.04350937258088028,0.1950023924631787
2022,02,SVN.10.8_1,0.041820335690391584,0.17600215935138167
2022,02,SVN.10.9_1,0.041250677110452987,0.17000208573713013
2022,02,SVN.11.1_1,0.04367756920706642,0.1970024170012626
2022,02,SVN.11.2_1,0.04273033024975156,0.1860022820418011
2022,02,SVN.11.3_1,0.04273033024975158,0.1860022820418011
2022,02,SVN.12.1_1,0.04246236194989822,0.18300224523467537
2022,02,SVN.12.2_1,0.04384402039041724,0.19900244153934646
2022,02,SVN.12.3_1,0.04056244320070327,0.16300199985383654
2022,02,SVN.2.10_1,0.04191351904598384,0.17700217162042373
2022,02,SVN.2.11_1,0.04488472968452262,0.2120026010368916
2022,02,SVN.2.12_1,0.044492759406824546,0.2070025396916819
2022,02,SVN.2.1_1,0.04496190904223476,0.21300261330593342
2022,02,SVN.2.2_1,0.04376101172938172,0.1980024292703045
2022,02,SVN.2.3_1,0.04425264078227389,0.20400250288455596
2022,02,SVN.2.4_1,0.0429066407512273,0.1880023065798851
2022,02,SVN.2.5_1,0.043926597649792516,0.2000024538083883
2022,02,SVN.2.6_1,0.044807148242868834,0.21100258876784966
2022,02,SVN.2.7_1,0.04209840761793524,0.1790021961585076
2022,02,SVN.2.8_1,0.045341846060768555,0.21800267465114315
2022,02,SVN.2.9_1,0.043081110020029,0.19000233111796888
2022,02,SVN.3.10_1,0.04144259738198522,0.1720021102752139
2022,02,SVN.3.11_1,0.04376101172938178,0.1980024292703045
2022,02,SVN.3.12_1,0.042006208601280876,0.17800218388946557
2022,02,SVN.3.13_1,0.04367756920706642,0.1970024170012626
2022,02,SVN.3.14_1,0.042006208601280806,0.17800218388946557
2022,02,SVN.3.15_1,0.041632474297844654,0.1740021348132978
2022,02,SVN.3.16_1,0.041346894436952525,0.17100209800617208
2022,02,SVN.3.1_1,0.04325376033666564,0.19200235565605275
2022,02,SVN.3.2_1,0.042281346854309974,0.1810022206965915
2022,02,SVN.3.3_1,0.041346894436952566,0.17100209800617208
2022,02,SVN.3.4_1,0.05283805522570297,0.3640044659312668
2022,02,SVN.3.5_1,0.0519838156241889,0.3390041592052182
2022,02,SVN.3.6_1,0.0425521556287316,0.1840022575037172
2022,02,SVN.3.7_1,0.05241353862228586,0.3510043064337215
2022,02,SVN.3.8_1,0.04076174658489783,0.1650020243919204
2022,02,SVN.3.9_1,0.052679763169889725,0.35900440458605704
2022,02,SVN.4.10_1,0.051832338236893656,0.3350041101290504
2022,02,SVN.4.11_1,0.04105668482814175,0.16800206119904623
2022,02,SVN.4.12_1,0.04342461339685784,0.19400238019413663
2022,02,SVN.4.1_1,0.04290664075122726,0.1880023065798851
2022,02,SVN.4.2_1,0.042372093372309204,0.18200223296563334
2022,02,SVN.4.3_1,0.0421901193119019,0.18000220842754944
2022,02,SVN.4.4_1,0.04290664075122733,0.1880023065798851
2022,02,SVN.4.5_1,0.04134689443695252,0.17100209800617208
2022,02,SVN.4.6_1,0.04342461339685777,0.19400238019413663
2022,02,SVN.4.7_1,0.04191351904598384,0.17700217162042373
2022,02,SVN.4.8_1,0.041632474297844724,0.1740021348132978
2022,02,SVN.4.9_1,0.04095890249498272,0.1670020489300043
2022,02,SVN.5.1_1,0.044807148242868834,0.21100258876784966
2022,02,SVN.5.2_1,0.044252640782273936,0.20400250288455596
2022,02,SVN.5.3_1,0.0425521556287316,0.1840022575037172
2022,02,SVN.5.4_1,0.04342461339685789,0.19400238019413663
2022,02,SVN.5.5_1,0.04237209337230926,0.18200223296563334
2022,02,SVN.5.6_1,0.043926597649792606,0.2000024538083883
2022,02,SVN.6.1_1,0.04384402039041725,0.19900244153934646
2022,02,SVN.6.2_1,0.043167661177925296,0.19100234338701091
2022,02,SVN.6.3_1,0.04264147740891179,0.18500226977275927
2022,02,SVN.6.4_1,0.04367756920706642,0.1970024170012626
2022,02,SVN.6.5_1,0.043081110020029054,0.19000233111796888
2022,02,SVN.6.6_1,0.041056684828141767,0.16800206119904623
2022,02,SVN.6.7_1,0.04191351904598384,0.17700217162042373
2022,02,SVN.7.10_1,0.041056684828141815,0.16800206119904623
2022,02,SVN.7.11_1,0.04066236529265382,0.16400201212287846
2022,02,SVN.7.12_1,0.04076174658489793,0.1650020243919204
2022,02,SVN.7.13_1,0.04209840761793516,0.1790021961585076
2022,02,SVN.7.14_1,0.04246236194989819,0.18300224523467537
2022,02,SVN.7.15_1,0.04153778950095195,0.17300212254425595
2022,02,SVN.7.16_1,0.04417176514938656,0.20300249061551423
2022,02,SVN.7.17_1,0.041153941794638715,0.16900207346808818
2022,02,SVN.7.18_1,0.04115394179463873,0.16900207346808818
2022,02,SVN.7.19_1,0.04182033569039157,0.17600215935138167
2022,02,SVN.7.1_1,0.04264147740891177,0.18500226977275927
2022,02,SVN.7.20_1,0.04409046764659444,0.20200247834647228
2022,02,SVN.7.21_1,0.04367756920706633,0.1970024170012626
2022,02,SVN.7.22_1,0.04503868838306637,0.21400262557497549
2022,02,SVN.7.23_1,0.044252640782273894,0.20400250288455596
2022,02,SVN.7.24_1,0.04384402039041728,0.19900244153934646
2022,02,SVN.7.2_1,0.041153941794638715,0.16900207346808818
2022,02,SVN.7.3_1,0.04359369033211524,0.19600240473222053
2022,02,SVN.7.4_1,0.04384402039041724,0.19900244153934646
2022,02,SVN.7.5_1,0.043339410190109166,0.19300236792509481
2022,02,SVN.7.6_1,0.04308111002002908,0.19000233111796888
2022,02,SVN.7.7_1,0.04144259738198522,0.1720021102752139
2022,02,SVN.7.8_1,0.04433309685407242,0.20500251515359802
2022,02,SVN.7.9_1,0.043081110020029026,0.19000233111796888
2022,02,SVN.8.10_1,0.043844020390417245,0.19900244153934646
2022,02,SVN.8.11_1,0.04384402039041727,0.19900244153934646
2022,02,SVN.8.12_1,0.04480714824286882,0.21100258876784966
2022,02,SVN.8.13_1,0.04036096052957723,0.16100197531575264
2022,02,SVN.8.14_1,0.045416655470425525,0.2190026869201852
2022,02,SVN.8.15_1,0.04308111002002905,0.19000233111796888
2022,02,SVN.8.16_1,0.04325376033666569,0.19200235565605275
2022,02,SVN.8.17_1,0.04200620860128077,0.17800218388946557
2022,02,SVN.8.18_1,0.04086059102344043,0.16600203666096236
2022,02,SVN.8.19_1,0.04367756920706638,0.1970024170012626
2022,02,SVN.8.1_1,0.044333096854072405,0.20500251515359802
2022,02,SVN.8.20_1,0.04409046764659431,0.20200247834647228
2022,02,SVN.8.21_1,0.05307852755102385,0.37200456408360233
2022,02,SVN.8.22_1,0.04182033569039156,0.17600215935138167
2022,02,SVN.8.23_1,0.04144259738198522,0.1720021102752139
2022,02,SVN.8.24_1,0.03953256515480435,0.1530018771634171
2022,02,SVN.8.25_1,0.040360960529577286,0.16100197531575264
2022,02,SVN.8.26_1,0.042641477408911756,0.18500226977275927
2022,02,SVN.8.27_1,0.042730330249751564,0.1860022820418011
2022,02,SVN.8.28_1,0.04182033569039158,0.17600215935138167
2022,02,SVN.8.29_1,0.052548655490610365,0.3550043555098893
2022,02,SVN.8.2_1,0.05271191717975147,0.360004416855099
2022,02,SVN.8.30_1,0.05230955128634886,0.3480042696265957
2022,02,SVN.8.31_1,0.05264736045787647,0.358004392317015
2022,02,SVN.8.32_1,0.04316766117792525,0.19100234338701091
2022,02,SVN.8.33_1,0.05271191717975152,0.360004416855099
2022,02,SVN.8.34_1,0.05202103649942172,0.34000417147426015
2022,02,SVN.8.3_1,0.052548655490610365,0.3550043555098893
2022,02,SVN.8.4_1,0.044571970363972965,0.20800255196072395
2022,02,SVN.8.5_1,0.04384402039041727,0.19900244153934646
2022,02,SVN.8.6_1,0.042552155628731596,0.1840022575037172
2022,02,SVN.8.7_1,0.040662365292653796,0.16400201212287846
2022,02,SVN.8.8_1,0.03974310355841907,0.155001901701501
2022,02,SVN.8.9_1,0.052614708584224394,0.3570043800479732
2022,02,SVN.9.10_1,0.04350937258088029,0.1950023924631787
2022,02,SVN.9.11_1,0.05316468161037511,0.3750046008907281
2022,02,SVN.9.12_1,0.0444927594068245,0.2070025396916819
2022,02,SVN.9.13_1,0.044571970363972965,0.20800255196072395
2022,02,SVN.9.14_1,0.044729162625062636,0.21000257649880782
2022,02,SVN.9.15_1,0.04237209337230916,0.18200223296563334
2022,02,SVN.9.16_1,0.04519105515898293,0.21600265011305927
2022,02,SVN.9.17_1,0.0440904676465944,0.20200247834647228
2022,02,SVN.9.18_1,0.04342461339685779,0.19400238019413663
2022,02,SVN.9.19_1,0.052548655490610365,0.3550043555098893
2022,02,SVN.9.1_1,0.04350937258088029,0.1950023924631787
2022,02,SVN.9.20_1,0.04571203080760623,0.22300273599635298
2022,02,SVN.9.21_1,0.0454166554704255,0.2190026869201852
2022,02,SVN.9.22_1,0.043593690332115236,0.19600240473222053
2022,02,SVN.9.23_1,0.043081110020029054,0.19000233111796888
2022,02,SVN.9.24_1,0.04541665547042555,0.2190026869201852
2022,02,SVN.9.25_1,0.04308111002002904,0.19000233111796888
2022,02,SVN.9.26_1,0.044171765149386505,0.20300249061551423
2022,02,SVN.9.2_1,0.04496190904223476,0.21300261330593342
2022,02,SVN.9.3_1,0.04441313564493591,0.20600252742263994
2022,02,SVN.9.4_1,0.04400874593593265,0.20100246607743036
2022,02,SVN.9.5_1,0.04299410413322636,0.18900231884892693
2022,02,SVN.9.6_1,0.053612048024924565,0.39200480946444116
2022,02,SVN.9.7_1,0.052868972455873575,0.36500447820030874
2022,02,SVN.9.8_1,0.04556511182897498,0.22100271145826908
2022,02,SVN.9.9_1,0.04496190904223479,0.21300261330593342
2022,02,SWE.1.3_1,0,0
2022,02,SWE.10.12_1,0,0
2022,02,SWE.10.13_1,0,0
2022,02,SWE.10.6_1,0,0
2022,02,SWE.10.9_1,0,0
2022,02,SWE.11.10_1,0,0
2022,02,SWE.11.12_1,0,0
2022,02,SWE.11.1_1,0,0
2022,02,SWE.11.2_1,0,0
2022,02,SWE.11.3_1,0,0
2022,02,SWE.11.5_1,0,0
2022,02,SWE.11.7_1,0,0
2022,02,SWE.11.9_1,0,0
2022,02,SWE.12.11_1,0,0
2022,02,SWE.12.7_1,0,0
2022,02,SWE.12.9_1,0,0
2022,02,SWE.13.10_1,0,0
2022,02,SWE.13.11_1,0,0
2022,02,SWE.13.12_1,0,0
2022,02,SWE.13.13_1,0,0
2022,02,SWE.13.14_1,0,0
2022,02,SWE.13.15_1,0,0
2022,02,SWE.13.16_1,0,0
2022,02,SWE.13.17_1,0,0
2022,02,SWE.13.18_1,0,0
2022,02,SWE.13.19_1,0,0
2022,02,SWE.13.1_1,0,0
2022,02,SWE.13.20_1,0,0
2022,02,SWE.13.21_1,0,0
2022,02,SWE.13.22_1,0,0
2022,02,SWE.13.23_1,0,0
2022,02,SWE.13.24_1,0,0
2022,02,SWE.13.25_1,0,0
2022,02,SWE.13.26_1,0,0
2022,02,SWE.13.27_1,0,0
2022,02,SWE.13.28_1,0,0
2022,02,SWE.13.29_1,0,0
2022,02,SWE.13.2_1,0,0
2022,02,SWE.13.30_1,0,0
2022,02,SWE.13.31_1,0,0
2022,02,SWE.13.32_1,0,0
2022,02,SWE.13.33_1,0,0
2022,02,SWE.13.3_1,0,0
2022,02,SWE.13.4_1,0,0
2022,02,SWE.13.5_1,0,0
2022,02,SWE.13.6_1,0,0
2022,02,SWE.13.7_1,0,0
2022,02,SWE.13.8_1,0,0
2022,02,SWE.13.9_1,0,0
2022,02,SWE.14.1_1,0,0
2022,02,SWE.14.3_1,0,0
2022,02,SWE.14.7_1,0,0
2022,02,SWE.14.8_1,0,0
2022,02,SWE.15.10_1,0,0
2022,02,SWE.15.11_1,0,0
2022,02,SWE.15.12_1,0,0
2022,02,SWE.15.13_1,0,0
2022,02,SWE.15.14_1,0,0
2022,02,SWE.15.15_1,0,0
2022,02,SWE.15.16_1,0,0
2022,02,SWE.15.17_1,0,0
2022,02,SWE.15.18_1,0,0
2022,02,SWE.15.19_1,0,0
2022,02,SWE.15.1_1,0,0
2022,02,SWE.15.20_1,0,0
2022,02,SWE.15.21_1,0,0
2022,02,SWE.15.22_1,0,0
2022,02,SWE.15.23_1,0,0
2022,02,SWE.15.24_1,0,0
2022,02,SWE.15.25_1,0,0
2022,02,SWE.15.26_1,0,0
2022,02,SWE.15.2_1,0,0
2022,02,SWE.15.3_1,0,0
2022,02,SWE.15.4_1,0,0
2022,02,SWE.15.5_1,0,0
2022,02,SWE.15.6_1,0,0
2022,02,SWE.15.7_1,0,0
2022,02,SWE.15.8_1,0,0
2022,02,SWE.15.9_1,0,0
2022,02,SWE.16.1_1,0,0
2022,02,SWE.16.2_1,0,0
2022,02,SWE.16.3_1,0,0
2022,02,SWE.16.4_1,0,0
2022,02,SWE.16.5_1,0,0
2022,02,SWE.16.6_1,0,0
2022,02,SWE.16.7_1,0,0
2022,02,SWE.17.10_1,0,0
2022,02,SWE.17.11_1,0,0
2022,02,SWE.17.12_1,0,0
2022,02,SWE.17.13_1,0,0
2022,02,SWE.17.14_1,0,0
2022,02,SWE.17.15_1,0,0
2022,02,SWE.17.16_1,0,0
2022,02,SWE.17.1_1,0,0
2022,02,SWE.17.2_1,0,0
2022,02,SWE.17.3_1,0,0
2022,02,SWE.17.4_1,0,0
2022,02,SWE.17.5_1,0,0
2022,02,SWE.17.6_1,0,0
2022,02,SWE.17.7_1,0,0
2022,02,SWE.17.8_1,0,0
2022,02,SWE.17.9_1,0,0
2022,02,SWE.19.1_1,0,0
2022,02,SWE.19.6_1,0,0
2022,02,SWE.2.10_1,0,0
2022,02,SWE.2.11_1,0,0
2022,02,SWE.2.12_1,0,0
2022,02,SWE.2.13_1,0,0
2022,02,SWE.2.14_1,0,0
2022,02,SWE.2.15_1,0,0
2022,02,SWE.2.1_1,0,0
2022,02,SWE.2.2_1,0,0
2022,02,SWE.2.3_1,0,0
2022,02,SWE.2.4_1,0,0
2022,02,SWE.2.5_1,0,0
2022,02,SWE.2.6_1,0,0
2022,02,SWE.2.7_1,0,0
2022,02,SWE.2.8_1,0,0
2022,02,SWE.2.9_1,0,0
2022,02,SWE.20.10_1,0,0
2022,02,SWE.20.11_1,0,0
2022,02,SWE.20.1_1,0,0
2022,02,SWE.20.2_1,0,0
2022,02,SWE.20.3_1,0,0
2022,02,SWE.20.4_1,0,0
2022,02,SWE.20.5_1,0,0
2022,02,SWE.20.6_1,0,0
2022,02,SWE.20.7_1,0,0
2022,02,SWE.20.8_1,0,0
2022,02,SWE.20.9_1,0,0
2022,02,SWE.21.10_1,0,0
2022,02,SWE.21.11_1,0,0
2022,02,SWE.21.12_1,0,0
2022,02,SWE.21.13_1,0,0
2022,02,SWE.21.14_1,0,0
2022,02,SWE.21.15_1,0,0
2022,02,SWE.21.16_1,0,0
2022,02,SWE.21.17_1,0,0
2022,02,SWE.21.18_1,0,0
2022,02,SWE.21.19_1,0,0
2022,02,SWE.21.1_1,0,0
2022,02,SWE.21.20_1,0,0
2022,02,SWE.21.21_1,0,0
2022,02,SWE.21.22_1,0,0
2022,02,SWE.21.23_1,0,0
2022,02,SWE.21.24_1,0,0
2022,02,SWE.21.25_1,0,0
2022,02,SWE.21.26_1,0,0
2022,02,SWE.21.27_1,0,0
2022,02,SWE.21.28_1,0,0
2022,02,SWE.21.29_1,0,0
2022,02,SWE.21.2_1,0,0
2022,02,SWE.21.30_1,0,0
2022,02,SWE.21.32_1,0,0
2022,02,SWE.21.33_1,0,0
2022,02,SWE.21.34_1,0,0
2022,02,SWE.21.35_1,0,0
2022,02,SWE.21.36_1,0,0
2022,02,SWE.21.37_1,0,0
2022,02,SWE.21.38_1,0,0
2022,02,SWE.21.39_1,0,0
2022,02,SWE.21.3_1,0,0
2022,02,SWE.21.40_1,0,0
2022,02,SWE.21.41_1,0,0
2022,02,SWE.21.42_1,0,0
2022,02,SWE.21.43_1,0,0
2022,02,SWE.21.44_1,0,0
2022,02,SWE.21.45_1,0,0
2022,02,SWE.21.46_1,0,0
2022,02,SWE.21.47_1,0,0
2022,02,SWE.21.48_1,0,0
2022,02,SWE.21.49_1,0,0
2022,02,SWE.21.4_1,0,0
2022,02,SWE.21.50_1,0,0
2022,02,SWE.21.51_1,0,0
2022,02,SWE.21.5_1,0,0
2022,02,SWE.21.6_1,0,0
2022,02,SWE.21.7_1,0,0
2022,02,SWE.21.8_1,0,0
2022,02,SWE.21.9_1,0,0
2022,02,SWE.3.10_1,0,0
2022,02,SWE.3.1_1,0,0
2022,02,SWE.3.2_1,0,0
2022,02,SWE.3.3_1,0,0
2022,02,SWE.3.4_1,0,0
2022,02,SWE.3.5_1,0,0
2022,02,SWE.3.6_1,0,0
2022,02,SWE.3.7_1,0,0
2022,02,SWE.3.8_1,0,0
2022,02,SWE.3.9_1,0,0
2022,02,SWE.5.1_1,0,0
2022,02,SWE.5.4_1,0,0
2022,02,SWE.5.5_1,0,0
2022,02,SWE.5.6_1,0,0
2022,02,SWE.6.4_1,0,0
2022,02,SWE.7.3_1,0,0
2022,02,SWE.9.1_1,0,0
2022,02,SWE.9.5_1,0,0
2022,02,TUR.1.10_1,0,0
2022,02,TUR.1.11_1,0,0
2022,02,TUR.1.12_1,0,0
2022,02,TUR.1.13_1,0,0
2022,02,TUR.1.1_1,0,0
2022,02,TUR.1.2_1,0,0
2022,02,TUR.1.3_1,0,0
2022,02,TUR.1.4_1,0,0
2022,02,TUR.1.5_1,0,0
2022,02,TUR.1.6_1,0,0
2022,02,TUR.1.7_1,0,0
2022,02,TUR.1.8_1,0,0
2022,02,TUR.1.9_1,0,0
2022,02,TUR.10.1_1,0,0
2022,02,TUR.10.2_1,0,0
2022,02,TUR.10.3_1,0,0
2022,02,TUR.10.4_1,0,0
2022,02,TUR.10.5_1,0,0
2022,02,TUR.10.6_1,0,0
2022,02,TUR.10.7_1,0,0
2022,02,TUR.10.8_1,0,0
2022,02,TUR.11.10_1,0,0
2022,02,TUR.11.11_1,0,0
2022,02,TUR.11.12_1,0,0
2022,02,TUR.11.13_1,0,0
2022,02,TUR.11.14_1,0,0
2022,02,TUR.11.15_1,0,0
2022,02,TUR.11.16_1,0,0
2022,02,TUR.11.17_1,0,0
2022,02,TUR.11.1_1,0,0
2022,02,TUR.11.3_1,0,0
2022,02,TUR.11.4_1,0,0
2022,02,TUR.11.5_1,0,0
2022,02,TUR.11.6_1,0,0
2022,02,TUR.11.7_1,0,0
2022,02,TUR.11.8_1,0,0
2022,02,TUR.11.9_1,0,0
2022,02,TUR.12.10_1,0,0
2022,02,TUR.12.11_1,0,0
2022,02,TUR.12.12_1,0,0
2022,02,TUR.12.13_1,0,0
2022,02,TUR.12.14_1,0,0
2022,02,TUR.12.15_1,0,0
2022,02,TUR.12.16_1,0,0
2022,02,TUR.12.17_1,0,0
2022,02,TUR.12.18_1,0,0
2022,02,TUR.12.19_1,0,0
2022,02,TUR.12.1_1,0,0
2022,02,TUR.12.2_1,0,0
2022,02,TUR.12.3_1,0,0
2022,02,TUR.12.4_1,0,0
2022,02,TUR.12.5_1,0,0
2022,02,TUR.12.6_1,0,0
2022,02,TUR.12.7_1,0,0
2022,02,TUR.12.8_1,0,0
2022,02,TUR.12.9_1,0,0
2022,02,TUR.14.1_1,0,0
2022,02,TUR.14.2_1,0,0
2022,02,TUR.14.3_1,0,0
2022,02,TUR.14.4_1,0,0
2022,02,TUR.14.5_1,0,0
2022,02,TUR.14.6_1,0,0
2022,02,TUR.15.2_1,0,0
2022,02,TUR.15.3_1,0,0
2022,02,TUR.16.2_1,0,0
2022,02,TUR.16.5_1,0,0
2022,02,TUR.17.2_1,0,0
2022,02,TUR.17.6_1,0,0
2022,02,TUR.17.8_1,0,0
2022,02,TUR.18.1_1,0,0
2022,02,TUR.18.5_1,0,0
2022,02,TUR.18.6_1,0,0
2022,02,TUR.19.2_1,0,0
2022,02,TUR.19.3_1,0,0
2022,02,TUR.19.4_1,0,0
2022,02,TUR.2.1_1,0,0
2022,02,TUR.2.2_1,0,0
2022,02,TUR.2.3_1,0,0
2022,02,TUR.2.4_1,0,0
2022,02,TUR.2.5_1,0,0
2022,02,TUR.2.6_1,0,0
2022,02,TUR.2.7_1,0,0
2022,02,TUR.2.8_1,0,0
2022,02,TUR.2.9_1,0,0
2022,02,TUR.20.2_1,0,0
2022,02,TUR.20.3_1,0,0
2022,02,TUR.20.4_1,0,0
2022,02,TUR.20.8_1,0,0
2022,02,TUR.21.11_1,0,0
2022,02,TUR.21.14_1,0,0
2022,02,TUR.21.1_1,0,0
2022,02,TUR.21.4_1,0,0
2022,02,TUR.21.6_1,0,0
2022,02,TUR.21.7_1,0,0
2022,02,TUR.22.10_1,0,0
2022,02,TUR.22.11_1,0,0
2022,02,TUR.22.12_1,0,0
2022,02,TUR.22.1_1,0,0
2022,02,TUR.22.2_1,0,0
2022,02,TUR.22.3_1,0,0
2022,02,TUR.22.5_1,0,0
2022,02,TUR.22.6_1,0,0
2022,02,TUR.22.7_1,0,0
2022,02,TUR.22.8_1,0,0
2022,02,TUR.22.9_1,0,0
2022,02,TUR.23.10_1,0,0
2022,02,TUR.23.11_1,0,0
2022,02,TUR.23.4_1,0,0
2022,02,TUR.23.9_1,0,0
2022,02,TUR.25.15_1,0,0
2022,02,TUR.26.10_1,0,0
2022,02,TUR.26.11_1,0,0
2022,02,TUR.26.12_1,0,0
2022,02,TUR.26.13_1,0,0
2022,02,TUR.26.14_1,0,0
2022,02,TUR.26.1_1,0,0
2022,02,TUR.26.2_1,0,0
2022,02,TUR.26.3_1,0,0
2022,02,TUR.26.4_1,0,0
2022,02,TUR.26.5_1,0,0
2022,02,TUR.26.6_1,0,0
2022,02,TUR.26.7_1,0,0
2022,02,TUR.26.8_1,0,0
2022,02,TUR.26.9_1,0,0
2022,02,TUR.27.1_1,0,0
2022,02,TUR.28.2_1,0,0
2022,02,TUR.28.4_1,0,0
2022,02,TUR.28.5_1,0,0
2022,02,TUR.28.7_1,0,0
2022,02,TUR.28.8_1,0,0
2022,02,TUR.28.9_1,0,0
2022,02,TUR.29.1_1,0,0
2022,02,TUR.30.1_1,0,0
2022,02,TUR.30.2_1,0,0
2022,02,TUR.30.3_1,0,0
2022,02,TUR.30.4_1,0,0
2022,02,TUR.30.5_1,0,0
2022,02,TUR.30.6_1,0,0
2022,02,TUR.30.7_1,0,0
2022,02,TUR.30.8_1,0,0
2022,02,TUR.30.9_1,0,0
2022,02,TUR.31.13_1,0,0
2022,02,TUR.31.15_1,0,0
2022,02,TUR.31.16_1,0,0
2022,02,TUR.31.19_1,0,0
2022,02,TUR.31.1_1,0,0
2022,02,TUR.31.2_1,0,0
2022,02,TUR.31.4_1,0,0
2022,02,TUR.31.6_1,0,0
2022,02,TUR.31.8_1,0,0
2022,02,TUR.32.10_1,0,0
2022,02,TUR.32.11_1,0,0
2022,02,TUR.32.13_1,0,0
2022,02,TUR.32.4_1,0,0
2022,02,TUR.32.8_1,0,0
2022,02,TUR.33.1_1,0,0
2022,02,TUR.33.2_1,0,0
2022,02,TUR.33.3_1,0,0
2022,02,TUR.33.4_1,0,0
2022,02,TUR.33.5_1,0,0
2022,02,TUR.33.6_1,0,0
2022,02,TUR.33.7_1,0,0
2022,02,TUR.33.8_1,0,0
2022,02,TUR.33.9_1,0,0
2022,02,TUR.34.10_1,0,0
2022,02,TUR.34.11_1,0,0
2022,02,TUR.34.12_1,0,0
2022,02,TUR.34.13_1,0,0
2022,02,TUR.34.14_1,0,0
2022,02,TUR.34.15_1,0,0
2022,02,TUR.34.16_1,0,0
2022,02,TUR.34.1_1,0,0
2022,02,TUR.34.2_1,0,0
2022,02,TUR.34.3_1,0,0
2022,02,TUR.34.4_1,0,0
2022,02,TUR.34.5_1,0,0
2022,02,TUR.34.6_1,0,0
2022,02,TUR.34.7_1,0,0
2022,02,TUR.34.8_1,0,0
2022,02,TUR.34.9_1,0,0
2022,02,TUR.35.1_1,0,0
2022,02,TUR.35.3_1,0,0
2022,02,TUR.35.4_1,0,0
2022,02,TUR.35.5_1,0,0
2022,02,TUR.35.6_1,0,0
2022,02,TUR.36.2_1,0,0
2022,02,TUR.37.10_1,0,0
2022,02,TUR.37.11_1,0,0
2022,02,TUR.37.12_1,0,0
2022,02,TUR.37.1_1,0,0
2022,02,TUR.37.2_1,0,0
2022,02,TUR.37.3_1,0,0
2022,02,TUR.37.4_1,0,0
2022,02,TUR.37.5_1,0,0
2022,02,TUR.37.6_1,0,0
2022,02,TUR.37.7_1,0,0
2022,02,TUR.37.8_1,0,0
2022,02,TUR.37.9_1,0,0
2022,02,TUR.38.1_1,0,0
2022,02,TUR.38.2_1,0,0
2022,02,TUR.38.3_1,0,0
2022,02,TUR.38.4_1,0,0
2022,02,TUR.39.10_1,0,0
2022,02,TUR.4.1_1,0,0
2022,02,TUR.4.2_1,0,0
2022,02,TUR.4.3_1,0,0
2022,02,TUR.4.4_1,0,0
2022,02,TUR.4.5_1,0,0
2022,02,TUR.4.6_1,0,0
2022,02,TUR.4.7_1,0,0
2022,02,TUR.4.8_1,0,0
2022,02,TUR.40.11_1,0,0
2022,02,TUR.40.12_1,0,0
2022,02,TUR.40.14_1,0,0
2022,02,TUR.40.15_1,0,0
2022,02,TUR.40.16_1,0,0
2022,02,TUR.40.17_1,0,0
2022,02,TUR.40.18_1,0,0
2022,02,TUR.40.19_1,0,0
2022,02,TUR.40.23_1,0,0
2022,02,TUR.40.25_1,0,0
2022,02,TUR.40.26_1,0,0
2022,02,TUR.40.27_1,0,0
2022,02,TUR.40.28_1,0,0
2022,02,TUR.40.29_1,0,0
2022,02,TUR.40.2_1,0,0
2022,02,TUR.40.31_1,0,0
2022,02,TUR.40.33_1,0,0
2022,02,TUR.40.34_1,0,0
2022,02,TUR.40.35_1,0,0
2022,02,TUR.40.36_1,0,0
2022,02,TUR.40.37_1,0,0
2022,02,TUR.40.39_1,0,0
2022,02,TUR.40.3_1,0,0
2022,02,TUR.40.4_1,0,0
2022,02,TUR.40.5_1,0,0
2022,02,TUR.40.6_1,0,0
2022,02,TUR.40.7_1,0,0
2022,02,TUR.40.8_1,0,0
2022,02,TUR.41.10_1,0,0
2022,02,TUR.41.11_1,0,0
2022,02,TUR.41.12_1,0,0
2022,02,TUR.41.13_1,0,0
2022,02,TUR.41.14_1,0,0
2022,02,TUR.41.15_1,0,0
2022,02,TUR.41.16_1,0,0
2022,02,TUR.41.17_1,0,0
2022,02,TUR.41.18_1,0,0
2022,02,TUR.41.19_1,0,0
2022,02,TUR.41.1_1,0,0
2022,02,TUR.41.20_1,0,0
2022,02,TUR.41.21_1,0,0
2022,02,TUR.41.22_1,0,0
2022,02,TUR.41.23_1,0,0
2022,02,TUR.41.24_1,0,0
2022,02,TUR.41.25_1,0,0
2022,02,TUR.41.26_1,0,0
2022,02,TUR.41.27_1,0,0
2022,02,TUR.41.28_1,0,0
2022,02,TUR.41.2_1,0,0
2022,02,TUR.41.3_1,0,0
2022,02,TUR.41.4_1,0,0
2022,02,TUR.41.5_1,0,0
2022,02,TUR.41.6_1,0,0
2022,02,TUR.41.7_1,0,0
2022,02,TUR.41.8_1,0,0
2022,02,TUR.41.9_1,0,0
2022,02,TUR.42.10_1,0,0
2022,02,TUR.42.1_1,0,0
2022,02,TUR.42.2_1,0,0
2022,02,TUR.42.3_1,0,0
2022,02,TUR.42.4_1,0,0
2022,02,TUR.42.5_1,0,0
2022,02,TUR.42.6_1,0,0
2022,02,TUR.42.7_1,0,0
2022,02,TUR.42.8_1,0,0
2022,02,TUR.42.9_1,0,0
2022,02,TUR.44.3_1,0,0
2022,02,TUR.44.5_1,0,0
2022,02,TUR.44.6_1,0,0
2022,02,TUR.45.1_1,0,0
2022,02,TUR.45.2_1,0,0
2022,02,TUR.45.3_1,0,0
2022,02,TUR.45.4_1,0,0
2022,02,TUR.45.5_1,0,0
2022,02,TUR.45.6_1,0,0
2022,02,TUR.45.7_1,0,0
2022,02,TUR.45.8_1,0,0
2022,02,TUR.47.3_1,0,0
2022,02,TUR.48.1_1,0,0
2022,02,TUR.48.2_1,0,0
2022,02,TUR.48.3_1,0,0
2022,02,TUR.48.4_1,0,0
2022,02,TUR.49.1_1,0,0
2022,02,TUR.49.3_1,0,0
2022,02,TUR.49.5_1,0,0
2022,02,TUR.5.1_1,0,0
2022,02,TUR.5.5_1,0,0
2022,02,TUR.50.1_1,0,0
2022,02,TUR.50.2_1,0,0
2022,02,TUR.50.3_1,0,0
2022,02,TUR.50.4_1,0,0
2022,02,TUR.50.5_1,0,0
2022,02,TUR.50.6_1,0,0
2022,02,TUR.50.7_1,0,0
2022,02,TUR.50.8_1,0,0
2022,02,TUR.51.5_1,0,0
2022,02,TUR.52.1_1,0,0
2022,02,TUR.52.2_1,0,0
2022,02,TUR.52.3_1,0,0
2022,02,TUR.52.4_1,0,0
2022,02,TUR.52.5_1,0,0
2022,02,TUR.52.6_1,0,0
2022,02,TUR.52.7_1,0,0
2022,02,TUR.53.11_1,0,0
2022,02,TUR.53.16_1,0,0
2022,02,TUR.53.17_1,0,0
2022,02,TUR.53.23_1,0,0
2022,02,TUR.53.27_1,0,0
2022,02,TUR.53.31_1,0,0
2022,02,TUR.53.7_1,0,0
2022,02,TUR.53.8_1,0,0
2022,02,TUR.55.12_1,0,0
2022,02,TUR.55.14_1,0,0
2022,02,TUR.55.5_1,0,0
2022,02,TUR.55.6_1,0,0
2022,02,TUR.56.10_1,0,0
2022,02,TUR.56.15_1,0,0
2022,02,TUR.56.16_1,0,0
2022,02,TUR.56.1_1,0,0
2022,02,TUR.56.4_1,0,0
2022,02,TUR.56.6_1,0,0
2022,02,TUR.56.7_1,0,0
2022,02,TUR.57.10_1,0,0
2022,02,TUR.57.1_1,0,0
2022,02,TUR.57.2_1,0,0
2022,02,TUR.57.3_1,0,0
2022,02,TUR.57.4_1,0,0
2022,02,TUR.57.5_1,0,0
2022,02,TUR.57.6_1,0,0
2022,02,TUR.57.7_1,0,0
2022,02,TUR.57.8_1,0,0
2022,02,TUR.57.9_1,0,0
2022,02,TUR.58.10_1,0,0
2022,02,TUR.58.1_1,0,0
2022,02,TUR.58.2_1,0,0
2022,02,TUR.58.3_1,0,0
2022,02,TUR.58.4_1,0,0
2022,02,TUR.58.5_1,0,0
2022,02,TUR.58.6_1,0,0
2022,02,TUR.58.7_1,0,0
2022,02,TUR.58.8_1,0,0
2022,02,TUR.58.9_1,0,0
2022,02,TUR.59.12_1,0,0
2022,02,TUR.59.4_1,0,0
2022,02,TUR.59.5_1,0,0
2022,02,TUR.59.8_1,0,0
2022,02,TUR.59.9_1,0,0
2022,02,TUR.60.4_1,0,0
2022,02,TUR.60.5_1,0,0
2022,02,TUR.62.3_1,0,0
2022,02,TUR.62.6_1,0,0
2022,02,TUR.63.10_1,0,0
2022,02,TUR.63.14_1,0,0
2022,02,TUR.63.15_1,0,0
2022,02,TUR.63.7_1,0,0
2022,02,TUR.64.1_1,0,0
2022,02,TUR.64.2_1,0,0
2022,02,TUR.64.3_1,0,0
2022,02,TUR.64.4_1,0,0
2022,02,TUR.64.5_1,0,0
2022,02,TUR.64.6_1,0,0
2022,02,TUR.64.7_1,0,0
2022,02,TUR.65.10_1,0,0
2022,02,TUR.65.11_1,0,0
2022,02,TUR.65.12_1,0,0
2022,02,TUR.65.1_1,0,0
2022,02,TUR.65.2_1,0,0
2022,02,TUR.65.3_1,0,0
2022,02,TUR.65.4_1,0,0
2022,02,TUR.65.5_1,0,0
2022,02,TUR.65.6_1,0,0
2022,02,TUR.65.7_1,0,0
2022,02,TUR.65.8_1,0,0
2022,02,TUR.65.9_1,0,0
2022,02,TUR.66.10_1,0,0
2022,02,TUR.66.11_1,0,0
2022,02,TUR.66.12_1,0,0
2022,02,TUR.66.13_1,0,0
2022,02,TUR.66.1_1,0,0
2022,02,TUR.66.2_1,0,0
2022,02,TUR.66.3_1,0,0
2022,02,TUR.66.4_1,0,0
2022,02,TUR.66.5_1,0,0
2022,02,TUR.66.6_1,0,0
2022,02,TUR.66.7_1,0,0
2022,02,TUR.66.8_1,0,0
2022,02,TUR.66.9_1,0,0
2022,02,TUR.68.10_1,0,0
2022,02,TUR.68.11_1,0,0
2022,02,TUR.68.1_1,0,0
2022,02,TUR.68.2_1,0,0
2022,02,TUR.68.3_1,0,0
2022,02,TUR.68.4_1,0,0
2022,02,TUR.68.5_1,0,0
2022,02,TUR.68.6_1,0,0
2022,02,TUR.68.7_1,0,0
2022,02,TUR.68.8_1,0,0
2022,02,TUR.68.9_1,0,0
2022,02,TUR.69.1_1,0,0
2022,02,TUR.69.2_1,0,0
2022,02,TUR.69.3_1,0,0
2022,02,TUR.69.4_1,0,0
2022,02,TUR.69.5_1,0,0
2022,02,TUR.69.6_1,0,0
2022,02,TUR.69.7_1,0,0
2022,02,TUR.7.10_1,0,0
2022,02,TUR.7.11_1,0,0
2022,02,TUR.7.12_1,0,0
2022,02,TUR.7.13_1,0,0
2022,02,TUR.7.14_1,0,0
2022,02,TUR.7.15_1,0,0
2022,02,TUR.7.16_1,0,0
2022,02,TUR.7.17_1,0,0
2022,02,TUR.7.18_1,0,0
2022,02,TUR.7.19_1,0,0
2022,02,TUR.7.1_1,0,0
2022,02,TUR.7.20_1,0,0
2022,02,TUR.7.21_1,0,0
2022,02,TUR.7.22_1,0,0
2022,02,TUR.7.23_1,0,0
2022,02,TUR.7.24_1,0,0
2022,02,TUR.7.2_1,0,0
2022,02,TUR.7.3_1,0,0
2022,02,TUR.7.4_1,0,0
2022,02,TUR.7.5_1,0,0
2022,02,TUR.7.6_1,0,0
2022,02,TUR.7.7_1,0,0
2022,02,TUR.7.8_1,0,0
2022,02,TUR.7.9_1,0,0
2022,02,TUR.71.1_1,0,0
2022,02,TUR.71.2_1,0,0
2022,02,TUR.71.3_1,0,0
2022,02,TUR.71.4_1,0,0
2022,02,TUR.71.5_1,0,0
2022,02,TUR.71.6_1,0,0
2022,02,TUR.71.7_1,0,0
2022,02,TUR.72.11_1,0,0
2022,02,TUR.72.14_1,0,0
2022,02,TUR.72.1_1,0,0
2022,02,TUR.72.3_1,0,0
2022,02,TUR.72.6_1,0,0
2022,02,TUR.72.9_1,0,0
2022,02,TUR.73.1_1,0,0
2022,02,TUR.73.2_1,0,0
2022,02,TUR.73.3_1,0,0
2022,02,TUR.73.5_1,0,0
2022,02,TUR.73.8_1,0,0
2022,02,TUR.75.10_1,0,0
2022,02,TUR.75.11_1,0,0
2022,02,TUR.75.12_1,0,0
2022,02,TUR.75.13_1,0,0
2022,02,TUR.75.14_1,0,0
2022,02,TUR.75.15_1,0,0
2022,02,TUR.75.16_1,0,0
2022,02,TUR.75.17_1,0,0
2022,02,TUR.75.18_1,0,0
2022,02,TUR.75.1_1,0,0
2022,02,TUR.75.2_1,0,0
2022,02,TUR.75.3_1,0,0
2022,02,TUR.75.4_1,0,0
2022,02,TUR.75.5_1,0,0
2022,02,TUR.75.6_1,0,0
2022,02,TUR.75.7_1,0,0
2022,02,TUR.75.8_1,0,0
2022,02,TUR.75.9_1,0,0
2022,02,TUR.76.1_1,0,0
2022,02,TUR.76.6_1,0,0
2022,02,TUR.76.8_1,0,0
2022,02,TUR.78.10_1,0,0
2022,02,TUR.78.3_1,0,0
2022,02,TUR.78.4_1,0,0
2022,02,TUR.78.6_1,0,0
2022,02,TUR.79.1_1,0,0
2022,02,TUR.8.10_1,0,0
2022,02,TUR.8.11_1,0,0
2022,02,TUR.8.12_1,0,0
2022,02,TUR.8.13_1,0,0
2022,02,TUR.8.14_1,0,0
2022,02,TUR.8.15_1,0,0
2022,02,TUR.8.1_1,0,0
2022,02,TUR.8.2_1,0,0
2022,02,TUR.8.3_1,0,0
2022,02,TUR.8.4_1,0,0
2022,02,TUR.8.5_1,0,0
2022,02,TUR.8.6_1,0,0
2022,02,TUR.8.7_1,0,0
2022,02,TUR.8.8_1,0,0
2022,02,TUR.8.9_1,0,0
2022,02,TUR.9.1_1,0,0
2022,02,TUR.9.2_1,0,0
2022,02,TUR.9.3_1,0,0
2022,02,TUR.9.4_1,0,0
2022,02,TUR.9.5_1,0,0
2022,02,TUR.9.6_1,0,0
2022,02,UKR.17.11_1,0,0
2022,02,UKR.17.12_1,0,0
2022,02,UKR.17.22_1,0,0
2022,02,UKR.23.11_1,0,0
2022,02,UKR.23.12_1,0,0
2022,02,UKR.23.13_1,0.049931616859082074,0.2920035825602469
2022,02,UKR.23.15_1,0.042281346854309954,0.1810022206965915
2022,02,UKR.23.1_1,0.04163247429784477,0.1740021348132978
2022,02,UKR.23.7_1,0,0
2022,02,UKR.25.16_1,0,0
2022,02,UKR.3.6_1,0,0
2022,02,XAD.1_1,0,0
2022,02,XAD.2_1,0,0
2022,02,XKO.1.1_1,0,0
2022,02,XKO.1.2_1,0,0
2022,02,XKO.1.3_1,0,0
2022,02,XKO.2.1_1,0,0
2022,02,XKO.2.2_1,0,0
2022,02,XKO.2.3_1,0,0
2022,02,XKO.3.1_1,0,0
2022,02,XKO.3.2_1,0,0
2022,02,XKO.3.3_1,0,0
2022,02,XKO.3.4_1,0,0
2022,02,XKO.3.5_1,0,0
2022,02,XKO.3.6_1,0,0
2022,02,XKO.4.2_1,0,0
2022,02,XKO.4.3_1,0,0
2022,02,XKO.5.1_1,0,0
2022,02,XKO.5.2_1,0,0
2022,02,XKO.5.3_1,0,0
2022,02,XKO.5.4_1,0,0
2022,02,XKO.5.5_1,0,0
2022,02,XKO.5.6_1,0,0
2022,02,XKO.5.7_1,0,0
2022,02,XKO.6.1_1,0,0
2022,02,XKO.6.2_1,0,0
2022,02,XKO.6.3_1,0,0
2022,02,XKO.6.4_1,0,0
2022,02,XKO.7.1_1,0,0
2022,02,XKO.7.2_1,0,0
2022,02,XKO.7.3_1,0,0
2022,02,XKO.7.4_1,0,0
2022,02,ZNC.1_1,0,0
2022,02,ZNC.2_1,0,0
2022,02,ZNC.3_1,0,0
2022,02,ZNC.4_1,0,0
2022,02,ZNC.5_1,0,0
