year,month,gid_1,est,se
2014,10,ESP.1_1,0.017487506356415716,0.15297236376999418
2014,10,ESP.10_1,0.08585869261036294,0.27288673429563476
2014,10,ESP.11_1,0,0.40947651757995707
2014,10,ESP.12_1,0,0.3951624336968939
2014,10,ESP.13_1,0.2371342078708375,0.42421097929562707
2014,10,ESP.14_1,0,0.4266719942923614
2014,10,ESP.15_1,0.005045408678102926,0.07056897321046962
2014,10,ESP.16_1,0.006685881952903578,0.23275377428035557
2014,10,ESP.17_1,0,0.3810107205436209
2014,10,ESP.18_1,0.37941473259334,0.48462238790511825
2014,10,ESP.2_1,0.010023673591139036,0.09889096938332993
2014,10,ESP.3_1,0,0.3901066305296325
2014,10,ESP.4_1,0.005182367619124225,0.21111341371710404
2014,10,ESP.5_1,0,0.3938048339482463
2014,10,ESP.6_1,0.3469809838738714,0.33084460018020695
2014,10,ESP.7_1,0,0.4112146693470714
2014,10,ESP.8_1,0.009081735620585266,0.09448771310560929
2014,10,ESP.9_1,0.010090817356205851,0.0995485304256668
