year,month,gid_1,est,se
2014,10,ESP.1_1,0,0.26257520725681643
2014,10,ESP.10_1,0,0.39974153201452056
2014,10,ESP.11_1,0,0.4017558867530835
2014,10,ESP.12_1,0,0.399341968812182
2014,10,ESP.13_1,0,0.4959214592617122
2014,10,ESP.14_1,0,0.43231951541253405
2014,10,ESP.16_1,0,0.2974422441880832
2014,10,ESP.17_1,0,0.4053979864660057
2014,10,ESP.18_1,0,0.46439410994319497
2014,10,ESP.2_1,0,0.22964742484939019
2014,10,ESP.3_1,0,0.3909459875824145
2014,10,ESP.4_1,0,0.2960369453322513
2014,10,ESP.5_1,0,0.40506125816907423
2014,10,ESP.6_1,0.12333116137272505,0.37963117970497945
2014,10,ESP.7_1,0,0.4223325041842609
2014,10,ESP.8_1,0,0.23576570854677442
2014,10,ESP.9_1,0,0.22012938242921856
