year,month,gid_3,est,se
2020,09,ESP.10.1.1_1,0.145,0.3522770203960217
2020,09,ESP.10.1.4_1,0.076,0.26513071171460745
2020,09,ESP.10.1.6_1,0.065,0.24664921616708177
2020,09,ESP.10.1.7_1,0.187,0.3901066305296325
2020,09,ESP.10.1.9_1,0.156,0.3630369069334353
2020,09,ESP.10.2.5_1,0.355,0.4787527589520547
2020,09,ESP.10.2.7_1,0.075,0.26352313834736496
2020,09,ESP.10.2.8_1,0.792,0.4060799193519681
2020,09,ESP.10.3.1_1,0.297,0.4571651780264984
2020,09,ESP.10.3.13_1,0.685,0.4647483092933109
2020,09,ESP.10.3.4_1,0.291,0.45445079549443584
2020,09,ESP.10.3.7_1,0.315,0.46474830929331096
2020,09,ESP.10.3.8_1,0.037,0.1888562063228706
