year,month,gid_3,est,se
2020,09,ESP.10.1.1_1,0.176,0.3810107205436209
2020,09,ESP.10.1.4_1,0.076,0.26513071171460745
2020,09,ESP.10.1.6_1,0.07,0.25527468571161765
2020,09,ESP.10.1.7_1,0.18,0.38437969216355294
2020,09,ESP.10.1.9_1,0.202,0.40169311340544206
2020,09,ESP.10.2.5_1,0.375,0.48436516143258035
2020,09,ESP.10.2.7_1,0.075,0.26352313834736496
2020,09,ESP.10.2.8_1,0.784,0.4117201883725323
2020,09,ESP.10.3.1_1,0.32,0.46670956473787617
2020,09,ESP.10.3.13_1,0.692,0.4618975528722244
2020,09,ESP.10.3.4_1,0.303,0.45978516983739526
2020,09,ESP.10.3.7_1,0.294,0.45581988961844544
2020,09,ESP.10.3.8_1,0.042,0.20068950215762726
