year,month,gid_2,est,se
2015,08,ESP.1.1_1,0,0.13659303663678343
2015,08,ESP.1.2_1,0,0.11333068359382575
2015,08,ESP.1.3_1,0,0.1293357171384909
2015,08,ESP.1.4_1,0.434,0.4958728565770563
2015,08,ESP.1.5_1,0,0.4895208173618673
2015,08,ESP.1.6_1,0,0.0995485304256668
2015,08,ESP.1.7_1,0.705,0.45627095369219284
2015,08,ESP.1.8_1,0.156,0.3630369069334353
2015,08,ESP.10.1_1,0.888,0.3155242550986462
2015,08,ESP.10.2_1,0.602,0.48973037054672836
2015,08,ESP.10.3_1,0.468,0.4992246240173107
2015,08,ESP.11.1_1,0,0.4775217555536366
2015,08,ESP.11.2_1,0,0.48562931937418674
2015,08,ESP.12.1_1,0,0.4805308625987616
2015,08,ESP.12.2_1,0,0.4920794063381866
2015,08,ESP.12.3_1,0,0.48587557571365436
2015,08,ESP.12.4_1,0,0.4848774134831464
2015,08,ESP.13.1_1,0.964,0.18638331132035063
2015,08,ESP.14.1_1,0,0.4759312035478558
2015,08,ESP.14.2_1,0,0.47720826452161086
2015,08,ESP.15.1_1,0,0.37929917989348183
2015,08,ESP.16.1_1,0,0.48410573055723927
2015,08,ESP.16.2_1,0,0.1293357171384909
2015,08,ESP.16.3_1,0,0.10893974420691407
2015,08,ESP.17.1_1,0,0.4911376754192415
2015,08,ESP.18.1_1,0.785,0.4110279113928201
2015,08,ESP.2.1_1,0.405,0.4911376754192415
2015,08,ESP.2.2_1,0,0.15921478998305827
2015,08,ESP.2.3_1,0.073,0.2602666685127751
2015,08,ESP.3.1_1,0,0.47720826452161086
2015,08,ESP.4.1_1,0,0.1467567291047928
2015,08,ESP.4.2_1,0,0.4853808758022864
2015,08,ESP.4.3_1,0,0.10435463521037237
2015,08,ESP.4.4_1,0,0.48562931937418674
2015,08,ESP.4.5_1,0,0.2947386484173239
2015,08,ESP.5.1_1,0,0.48024018015013137
2015,08,ESP.5.2_1,0,0.4787527589520547
2015,08,ESP.5.3_1,0,0.4879939939570344
2015,08,ESP.5.4_1,0,0.48611964814468495
2015,08,ESP.5.5_1,0,0.48776727741507725
2015,08,ESP.5.6_1,0,0.48776727741507725
2015,08,ESP.5.7_1,0,0.4819504915199032
2015,08,ESP.5.8_1,0,0.4907461989988632
2015,08,ESP.5.9_1,0,0.48277538469983333
2015,08,ESP.6.1_1,0.907,0.290577761426155
2015,08,ESP.6.2_1,0.9,0.3001501125938321
2015,08,ESP.6.3_1,0.208,0.4060799193519681
2015,08,ESP.6.4_1,0.62,0.48562931937418674
2015,08,ESP.7.1_1,0,0.4848774134831464
2015,08,ESP.7.2_1,0,0.4799472360055315
2015,08,ESP.8.1_1,0,0.27297163499805893
2015,08,ESP.9.1_1,0,0.11333068359382575
