year,month,gid_4,est,se
2022,09,ARG.24.2_1,0.026,0.15921478998305827
2022,09,DOM.5.1_1,0.003,0.05471740119919799
2022,09,GTM.7.7_1,0.014,0.11754921445002436
2022,09,HND.8.4_1,0.004,0.06315051850925682
2022,09,IND.20.26.7_1,0.004,0.06315051850925682
2022,09,IND.34.1.5_1,0.034,0.18131981931624816
2022,09,MEX.14.40_2,0.004,0.06315051850925682
2022,09,MEX.14.99_2,0.083,0.2760202658994212
2022,09,MEX.16.57_2,0.476,0.4996735671152454
2022,09,MEX.17.7_2,0.006,0.07726558075864033
2022,09,MEX.31.50_2,0.087,0.2819760814510878
2022,09,MEX.4.5_2,0.074,0.2619018758859749
2022,09,MEX.9.9_2,0.002,0.04469897088298564
2022,09,PAK.7.5.2_1,0.011,0.10435463521037237
2022,09,PER.13.11.10_1,0.021,0.14345584540052586
2022,09,PRI.52_1,0.075,0.26352313834736496
2022,09,PRI.65_1,0.026,0.15921478998305827
2022,09,USA.10.43_1,0.133,0.3397446488562056
2022,09,USA.5.19_1,0.002,0.04469897088298564
2022,09,VEN.14.3_1,0.015,0.12161327966052798
