year,month,gid_1,est,se
2018,09,ESP.1_1,0,0.36461240610386325
2018,09,ESP.10_1,0,0.3750588319040614
2018,09,ESP.11_1,0,0.3681605238342349
2018,09,ESP.12_1,0,0.388936954675392
2018,09,ESP.13_1,0,0.3868600013708585
2018,09,ESP.14_1,0,0.3638418081437935
2018,09,ESP.15_1,0,0.3758207567993567
2018,09,ESP.16_1,0.07691660037764465,0.3624516451896987
2018,09,ESP.17_1,0.8710000000000002,0.33536766610911
2018,09,ESP.18_1,0,0.3630369069334353
2018,09,ESP.2_1,0,0.3655586782218725
2018,09,ESP.3_1,0,0.4979396991041626
2018,09,ESP.4_1,0,0.37628690283722555
2018,09,ESP.5_1,0,0.3726957681358729
2018,09,ESP.6_1,0,0.374352507157892
2018,09,ESP.8_1,0,0.38849186082326864
2018,09,ESP.9_1,0,0.3677148544921924
2018,09,ITA.10_1,0,0.2988114594326802
2018,09,ITA.14_1,0,0.3849007020131112
2018,09,ITA.16_1,0,0.3818596821043259
2018,09,ITA.19_1,0,0.3852108349818154
2018,09,ITA.5_1,0,0.3749394345485409
2018,09,ITA.8_1,0,0.27450200609713465
2018,09,ITA.9_1,0,0.37226681638655706
