year,month,gid_1,est,se
2018,09,AUT.1_1,0.31152820474646586,0.23160865063322794
2018,09,AUT.2_1,0.3097402276526142,0.23129788773795235
2018,09,AUT.3_1,0.309000075999862,0.23116541744593017
2018,09,AUT.4_1,0.30809518531645014,0.23099145079105135
2018,09,AUT.5_1,0.31050220501216286,0.23142743606970287
2018,09,AUT.6_1,0.30962221060400885,0.23121428348719378
2018,09,AUT.7_1,0.3065147806132427,0.23071185803641753
2018,09,AUT.8_1,0.3109397629125709,0.23158140661589302
2018,09,AUT.9_1,0.3107992994695957,0.23163283676130503
2018,09,CHE.19_1,0.297,0.2286969660977213
2018,09,CHE.21_1,0.322,0.23385534408174047
2018,09,CHE.25_1,0.308,0.2310643375023561
2018,09,CHE.26_1,0.297,0.2286969660977213
2018,09,DEU.11_1,0.298,0.22891866482761475
2018,09,DEU.2_1,0.06675503109976431,0.06344309109871463
2018,09,ESP.16_1,0.07631848626141481,0.09172677890189271
2018,09,ESP.17_1,0.02236546903821925,0.0433218045371964
2018,09,ESP.3_1,0.020385523552044114,0.05292748586760426
2018,09,HRV.8_1,0.318,0.2330828197747475
2018,09,HUN.1_1,0.315,0.2324904289369673
2018,09,HUN.10_1,0.29582990136249726,0.22838232901889385
2018,09,HUN.11_1,0.303,0.23000761749278067
2018,09,HUN.12_1,0.30997633789561724,0.23146181427431606
2018,09,HUN.13_1,0.319,0.23327780144445995
2018,09,HUN.14_1,0.31392457202701535,0.2321922226620986
2018,09,HUN.18_1,0.301,0.22957592972677324
2018,09,HUN.2_1,0.31,0.23147809969664024
2018,09,HUN.4_1,0.296,0.2284739558388325
2018,09,HUN.5_1,0.003,0.0273723902179686
2018,09,HUN.8_1,0.334,0.23605590239543342
2018,09,HUN.9_1,0.318,0.2330828197747475
2018,09,ITA.10_1,0.293,0.2277970172558461
2018,09,ITA.20_1,0.289,0.22687583347502255
2018,09,ITA.7_1,0.294,0.22802398531914086
2018,09,NLD.7_1,0.002,0.02236066857226094
2018,09,ROU.14_1,0.026,0.07964722856669712
2018,09,ROU.29_1,0.293,0.2277970172558461
2018,09,SRB.5_1,0.318,0.23308281977474749
2018,09,SVN.8_1,0.305,0.23043414827991593
