year,month,gid_1,est,se
2017,12,ESP.10_1,0.813,0.3901066305296325
2017,12,ESP.6_1,0.908,0.28917057184232914
