year,month,gid_2,est,se
2021,08,ESP.1.1_1,0.857,0.3502480173729377
2021,08,ESP.1.2_1,0.532,0.4992246240173107
2021,08,ESP.1.3_1,0.638,0.4808192874533916
2021,08,ESP.1.4_1,0.796,0.40317061716666125
2021,08,ESP.1.5_1,0,0.48277538469983333
2021,08,ESP.1.6_1,0.649,0.4775217555536366
2021,08,ESP.1.7_1,0.977,0.1499783100768024
2021,08,ESP.1.8_1,0.846,0.3611293596682696
2021,08,ESP.10.1_1,0.996,0.06315051850925682
2021,08,ESP.10.2_1,0.758,0.428508599236491
2021,08,ESP.10.3_1,0.993,0.08341437500789632
2021,08,ESP.11.1_1,0,0.48753840227585526
2021,08,ESP.11.2_1,0,0.49189527438364455
2021,08,ESP.12.1_1,0,0.48930912869414506
2021,08,ESP.12.2_1,0,0.4813893805805605
2021,08,ESP.12.3_1,0,0.48930912869414506
2021,08,ESP.12.4_1,0,0.49152069396170145
2021,08,ESP.13.1_1,0.826,0.37929917989348183
2021,08,ESP.14.1_1,0,0.48513024163759505
2021,08,ESP.14.2_1,0,0.4805308625987616
2021,08,ESP.15.1_1,0.037,0.1888562063228706
2021,08,ESP.16.1_1,0,0.4901430813958718
2021,08,ESP.16.2_1,0.633,0.48222768848702946
2021,08,ESP.16.3_1,0.136,0.3429600875052688
2021,08,ESP.17.1_1,0,0.48384409173317916
2021,08,ESP.18.1_1,0.801,0.39944781706570703
2021,08,ESP.2.1_1,0.513,0.5000810745080052
2021,08,ESP.2.2_1,0.06,0.237605674293474
2021,08,ESP.2.3_1,0.124,0.32974646735443996
2021,08,ESP.3.1_1,0,0.4911376754192415
2021,08,ESP.4.1_1,0.204,0.40317061716666125
2021,08,ESP.4.2_1,0,0.48562931937418674
2021,08,ESP.4.3_1,0.044,0.20519772441746548
2021,08,ESP.4.4_1,0,0.48587557571365436
2021,08,ESP.4.5_1,0.113,0.3167512136225074
2021,08,ESP.5.1_1,0,0.48909530177074306
2021,08,ESP.5.2_1,0,0.48993779098885504
2021,08,ESP.5.3_1,0,0.48683879468671354
2021,08,ESP.5.4_1,0,0.48707416400507353
2021,08,ESP.5.5_1,0,0.48636153995515263
2021,08,ESP.5.6_1,0,0.48707416400507353
2021,08,ESP.5.7_1,0,0.48611964814468495
2021,08,ESP.5.8_1,0,0.48993779098885504
2021,08,ESP.5.9_1,0,0.48304589153964794
2021,08,ESP.6.1_1,0.898,0.30279974849343533
2021,08,ESP.6.2_1,0.932,0.2518718710762269
2021,08,ESP.6.3_1,0.735,0.4415540396938635
2021,08,ESP.6.4_1,0.946,0.2261307920985887
2021,08,ESP.7.1_1,0,0.47783294604320065
2021,08,ESP.7.2_1,0,0.4819504915199032
2021,08,ESP.8.1_1,0.125,0.33088439746304826
2021,08,ESP.9.1_1,0.048,0.21387319079712103
