year,month,gid_2,est,se
2021,08,ESP.1.1_1,0.935,0.24664921616708177
2021,08,ESP.1.2_1,0.595,0.4911376754192415
2021,08,ESP.1.3_1,0.495,0.50022517452166
2021,08,ESP.1.4_1,0.855,0.3522770203960217
2021,08,ESP.1.5_1,0,0.4973241712719495
2021,08,ESP.1.6_1,0.681,0.4663222667388471
2021,08,ESP.1.7_1,0.985,0.12161327966052798
2021,08,ESP.1.8_1,0.956,0.20519772441746548
2021,08,ESP.10.1_1,0.999,0.03162277660168379
2021,08,ESP.10.2_1,0.804,0.39716714584887525
2021,08,ESP.10.3_1,0.999,0.03162277660168379
2021,08,ESP.11.1_1,0,0.49687310541312546
2021,08,ESP.11.2_1,0,0.49532347546360583
2021,08,ESP.12.1_1,0,0.4980351785155734
2021,08,ESP.12.2_1,0,0.4974318430081034
2021,08,ESP.12.3_1,0,0.4974318430081034
2021,08,ESP.12.4_1,0,0.49784219070589714
2021,08,ESP.13.1_1,0.89,0.31304631925323445
2021,08,ESP.14.1_1,0,0.49663532561291557
2021,08,ESP.14.2_1,0,0.49880337288836046
2021,08,ESP.15.1_1,0.011,0.10435463521037237
2021,08,ESP.16.1_1,0,0.3893013685508382
2021,08,ESP.16.2_1,0.632,0.4825026516080599
2021,08,ESP.16.3_1,0.109,0.3117951510466707
2021,08,ESP.17.1_1,0,0.49380547166252
2021,08,ESP.18.1_1,0.807,0.39485048677557294
2021,08,ESP.2.1_1,0.438,0.4963893657225167
2021,08,ESP.2.2_1,0.075,0.26352313834736496
2021,08,ESP.2.3_1,0.105,0.3067068128833611
2021,08,ESP.3.1_1,0,0.49651336892930237
2021,08,ESP.4.1_1,0.139,0.3461196307619647
2021,08,ESP.4.2_1,0,0.28343665312788385
2021,08,ESP.4.3_1,0.026,0.15921478998305827
2021,08,ESP.4.4_1,0,0.2790212408632233
2021,08,ESP.4.5_1,0.079,0.26987373312686774
2021,08,ESP.5.1_1,0,0.49651336892930237
2021,08,ESP.5.3_1,0,0.4958728565770563
2021,08,ESP.5.4_1,0,0.49651336892930237
2021,08,ESP.5.5_1,0,0.49189527438364455
2021,08,ESP.5.6_1,0,0.49532347546360583
2021,08,ESP.5.7_1,0,0.49546390835709164
2021,08,ESP.5.8_1,0,0.49503642397409614
2021,08,ESP.5.9_1,0,0.497742652128334
2021,08,ESP.6.1_1,0.969,0.17340435135563662
2021,08,ESP.6.2_1,0.966,0.18131981931624816
2021,08,ESP.6.3_1,0.82,0.38437969216355294
2021,08,ESP.6.4_1,0.966,0.18131981931624816
2021,08,ESP.7.1_1,0,0.49663532561291557
2021,08,ESP.7.2_1,0,0.4962633144584408
2021,08,ESP.8.1_1,0.08,0.27142894774447635
2021,08,ESP.9.1_1,0,0.08912880535463237
