year,month,gid_1,est,se
2015,11,ESP.10_1,0.942,0.2338604085575211
2015,11,ESP.6_1,0.968,0.17608806605504818
