year,month,gid_1,est,se
2015,11,ESP.10_1,0.015713245706748275,0.20105000169921544
2015,11,ESP.2_1,0.0033715251524264883,0.03895398252524047
2015,11,ESP.6_1,0.014001653820455744,0.14298789146146854
