year,month,gid_1,est,se
2022,08,ESP.1_1,0.38347585596223377,0.37138074056736214
2022,08,ESP.10_1,0.831002853592693,0.37348485434174244
2022,08,ESP.11_1,0,0.43826916486841927
2022,08,ESP.12_1,0,0.4434142313115164
2022,08,ESP.13_1,0.7324663991975927,0.4436698346530158
2022,08,ESP.14_1,0,0.441687541318492
2022,08,ESP.15_1,0.019038114343029086,0.1365954953778291
2022,08,ESP.16_1,0.13418356891154465,0.3580477012187933
2022,08,ESP.17_1,0,0.440490647094114
2022,08,ESP.18_1,0.37976028084252755,0.48538961289395305
2022,08,ESP.2_1,0.30069708238830617,0.4542103363696067
2022,08,ESP.3_1,0,0.4320756918656831
2022,08,ESP.4_1,0.014344085747284557,0.2006471015306296
2022,08,ESP.5_1,0,0.448503587608102
2022,08,ESP.6_1,0.7734001229762599,0.41198808268594617
2022,08,ESP.7_1,0,0.44049064709411406
2022,08,ESP.8_1,0.022044132397191572,0.14675937079724255
2022,08,ESP.9_1,0,0.23004091374037944
2022,08,ITA.1_1,0.03549511623848482,0.17423491560969515
2022,08,ITA.10_1,0.21171607389295843,0.3765327497830239
2022,08,ITA.11_1,0.20232235270816673,0.3840374216326197
2022,08,ITA.12_1,0,0.14998100975927542
2022,08,ITA.13_1,0.12835469715757966,0.2907455300419958
2022,08,ITA.14_1,0,0.17815115486070637
2022,08,ITA.15_1,0.11769756698889645,0.3359120501467617
2022,08,ITA.16_1,0.1451872426384206,0.33729384579928046
2022,08,ITA.17_1,0.7733674531206428,0.38064205662254025
2022,08,ITA.18_1,0.1294058687282758,0.30870465308175776
2022,08,ITA.19_1,0,0.4415619878811796
2022,08,ITA.2_1,0.2189310366721505,0.41454379465552454
2022,08,ITA.20_1,0.6944074995632941,0.4471480816538489
2022,08,ITA.3_1,0.0964149179516801,0.2565925025715821
2022,08,ITA.4_1,0.033862978435629104,0.19317552213423775
2022,08,ITA.5_1,0.2434826188220673,0.4010911975283567
2022,08,ITA.6_1,0.12156292162848242,0.31053514942397203
2022,08,ITA.7_1,0.6112038630704089,0.42022621748007405
2022,08,ITA.8_1,0.5579616888844189,0.46596094484594247
2022,08,ITA.9_1,0.06927140917804733,0.24154107454815313
