year,month,gid_1,est,se
2022,08,ESP.1_1,0.3174590691691077,0.3718246086415082
2022,08,ESP.10_1,0.5100074330103866,0.49424289140843686
2022,08,ESP.11_1,0,0.4834523647953236
2022,08,ESP.12_1,0,0.48911214088369087
2022,08,ESP.13_1,0.4338727911140529,0.4954648992878812
2022,08,ESP.14_1,0,0.483583865276865
2022,08,ESP.15_1,0.04932660502224732,0.21597646221052555
2022,08,ESP.16_1,0.0763450361485714,0.38130386100726454
2022,08,ESP.17_1,0,0.48636251268115077
2022,08,ESP.18_1,0.4852127269535348,0.49992692029298497
2022,08,ESP.2_1,0.20386009930555077,0.35594142006671603
2022,08,ESP.3_1,0,0.4954648992878812
2022,08,ESP.4_1,0.025772174242735098,0.31534960378154836
2022,08,ESP.5_1,0,0.4865982982169402
2022,08,ESP.6_1,0.5061703579361315,0.4937249720767959
2022,08,ESP.7_1,0,0.4835812085399834
2022,08,ESP.8_1,0.03724662011883981,0.18885658403641642
2022,08,ESP.9_1,0.15804646915291487,0.3639835345445412
