year,month,gid_4,est,se
2019,08,ARG.24.2_1,0.021,0.14345584540052586
2019,08,HND.8.4_1,0.018,0.13301764429463367
2019,08,MEX.14.40_2,0.37,0.48304589153964794
2019,08,MEX.14.99_2,0.05,0.21805400144814482
2019,08,MEX.16.57_2,0.032,0.17608806605504818
2019,08,PRI.65_1,0.123,0.32860155048170264
2019,08,USA.10.43_1,0.059,0.23574260237507894
2019,08,USA.5.19_1,0.013,0.11333068359382575
