year,month,gid_2,est,se
2018,03,ESP.1.1_1,0,0.32860155048170264
2018,03,ESP.1.2_1,0,0.3502480173729377
2018,03,ESP.1.3_1,0,0.3502480173729377
2018,03,ESP.1.4_1,0,0.362085771753194
2018,03,ESP.1.5_1,0,0.3408227694273963
2018,03,ESP.1.6_1,0,0.3532829019480122
2018,03,ESP.1.7_1,0,0.3342569785774528
2018,03,ESP.1.8_1,0,0.3639828065767441
2018,03,ESP.10.1_1,0,0.34819569244928955
2018,03,ESP.10.2_1,0,0.33647171235218754
2018,03,ESP.10.3_1,0,0.31918157352340515
2018,03,ESP.11.1_1,0,0.3227695465501356
2018,03,ESP.11.2_1,0,0.3562666500332664
2018,03,ESP.12.1_1,0,0.3502480173729377
2018,03,ESP.12.4_1,0,0.3386601403925338
2018,03,ESP.13.1_1,0,0.3450725649411658
2018,03,ESP.14.1_1,0,0.3320154126456093
2018,03,ESP.14.2_1,0,0.3408227694273963
2018,03,ESP.15.1_1,0,0.3532829019480122
2018,03,ESP.16.3_1,0,0.17608806605504818
2018,03,ESP.17.1_1,0.354,0.4784484433174727
2018,03,ESP.18.1_1,0,0.32744957355785825
2018,03,ESP.2.1_1,0,0.33647171235218754
2018,03,ESP.2.2_1,0,0.3342569785774528
2018,03,ESP.2.3_1,0,0.35126540875438816
2018,03,ESP.3.1_1,0,0.24487540497968344
2018,03,ESP.4.1_1,0,0.3562666500332664
2018,03,ESP.4.2_1,0,0.3320154126456093
2018,03,ESP.4.3_1,0,0.3342569785774528
2018,03,ESP.4.4_1,0,0.33647171235218754
2018,03,ESP.4.5_1,0,0.3320154126456093
2018,03,ESP.5.2_1,0,0.3386601403925338
2018,03,ESP.5.3_1,0,0.3461196307619647
2018,03,ESP.5.7_1,0,0.3429600875052688
2018,03,ESP.5.9_1,0,0.32974646735443996
2018,03,ESP.6.1_1,0,0.3251241389157466
2018,03,ESP.6.2_1,0,0.3386601403925338
2018,03,ESP.6.3_1,0,0.3461196307619647
2018,03,ESP.6.4_1,0,0.3262904618058356
2018,03,ESP.8.1_1,0,0.3502480173729377
2018,03,ESP.9.1_1,0,0.35725009115132167
