year,month,gid_2,est,se
2018,03,ESP.1.1_1,0,0.3677148544921924
2018,03,ESP.1.2_1,0,0.37136627864268035
2018,03,ESP.1.3_1,0,0.3639828065767441
2018,03,ESP.1.4_1,0,0.3775692765024169
2018,03,ESP.1.6_1,0,0.38015722999769386
2018,03,ESP.1.7_1,0,0.36585906146062974
2018,03,ESP.1.8_1,0,0.3810107205436209
2018,03,ESP.10.1_1,0,0.37929917989348183
2018,03,ESP.10.2_1,0,0.3766973598273565
2018,03,ESP.10.3_1,0,0.37226681638655706
2018,03,ESP.11.1_1,0,0.3818596821043259
2018,03,ESP.11.2_1,0,0.3818596821043259
2018,03,ESP.12.1_1,0,0.37843653921656956
2018,03,ESP.12.4_1,0,0.3677148544921924
2018,03,ESP.13.1_1,0,0.36585906146062974
2018,03,ESP.14.1_1,0,0.35725009115132167
2018,03,ESP.14.2_1,0,0.3818596821043259
2018,03,ESP.15.1_1,0,0.35428310221702153
2018,03,ESP.16.3_1,0,0.2535809600567505
2018,03,ESP.17.1_1,0.735,0.4415540396938635
2018,03,ESP.18.1_1,0,0.3677148544921924
2018,03,ESP.2.1_1,0,0.3740533597174552
2018,03,ESP.2.2_1,0,0.38270414482007176
2018,03,ESP.2.3_1,0,0.36955049393495276
2018,03,ESP.3.1_1,0,0.4816710568500115
2018,03,ESP.4.1_1,0,0.3932857404911519
2018,03,ESP.4.2_1,0,0.3704608498090469
2018,03,ESP.4.3_1,0,0.38015722999769386
2018,03,ESP.4.4_1,0,0.3810107205436209
2018,03,ESP.4.5_1,0,0.3810107205436209
2018,03,ESP.5.2_1,0,0.3522770203960217
2018,03,ESP.5.3_1,0,0.362085771753194
2018,03,ESP.5.7_1,0,0.3592005359475749
2018,03,ESP.5.9_1,0,0.362085771753194
2018,03,ESP.6.1_1,0,0.3639828065767441
2018,03,ESP.6.2_1,0,0.3749394345485409
2018,03,ESP.6.3_1,0,0.366789496216201
2018,03,ESP.6.4_1,0,0.36863517451796685
2018,03,ESP.8.1_1,0,0.3704608498090469
2018,03,ESP.9.1_1,0,0.3532829019480122
2018,03,ITA.10.7_1,0,0.304110972316823
2018,03,ITA.10.9_1,0,0.30926792049394103
2018,03,ITA.16.2_1,0,0.3731624984510773
2018,03,ITA.20.7_1,0,0.29746341705239066
2018,03,ITA.6.2_1,0,0.36492351139542817
2018,03,ITA.8.4_1,0,0.366789496216201
