year,month,gid_3,est,se
2020,12,ESP.10.1.1_1,0.927,0.2602666685127751
2020,12,ESP.10.1.4_1,0.45,0.497742652128334
2020,12,ESP.10.1.6_1,0.515,0.5000250243988045
2020,12,ESP.10.1.7_1,0.57,0.49532347546360583
2020,12,ESP.10.1.9_1,0.938,0.24127621974453722
2020,12,ESP.10.2.5_1,0.48,0.4998498272980094
2020,12,ESP.10.2.7_1,0.523,0.4997206426802086
2020,12,ESP.10.2.8_1,0.945,0.22809433799861634
2020,12,ESP.10.3.1_1,0.968,0.17608806605504818
2020,12,ESP.10.3.13_1,0.918,0.27450200609713465
2020,12,ESP.10.3.4_1,0.997,0.05471740119919799
2020,12,ESP.10.3.7_1,0.575,0.4945903553645376
2020,12,ESP.10.3.8_1,0.538,0.49880337288836046
2020,12,ESP.18.1.5_1,0.984,0.12553788177183714
2020,12,ESP.6.1.10_1,0.998,0.04469897088298564
2020,12,ESP.6.1.11_1,0.997,0.05471740119919799
2020,12,ESP.6.1.12_1,0.99,0.0995485304256668
2020,12,ESP.6.1.3_1,0.997,0.05471740119919799
2020,12,ESP.6.1.5_1,0.524,0.4996735671152454
2020,12,ESP.6.1.6_1,0.958,0.20068950215762726
2020,12,ESP.6.1.9_1,0.495,0.50022517452166
2020,12,ESP.6.2.4_1,0.924,0.26513071171460745
2020,12,ESP.6.2.5_1,0.915,0.2790212408632233
2020,12,ESP.6.2.6_1,0.978,0.1467567291047928
2020,12,ESP.6.2.7_1,0.92,0.27142894774447635
2020,12,ESP.6.4.2_1,0.554,0.4973241712719495
2020,12,ESP.6.4.3_1,0.926,0.2619018758859749
2020,12,ESP.6.4.7_1,0.876,0.32974646735443996
