ID_0,est,se
ALB,0,0
ARG,0.563,0.4962633144584408
AUT,0,0
BEL,0,0
BGR,0,0
CHN,0,0
DEU,0,0
DOM,0.011,0.10435463521037236
ESP,0,0
FRA,0,0
GRC,0,0
GTM,0.139,0.3461196307619647
HND,0.014,0.11754921445002436
HRV,0,0
HUN,0,0
IND,0.049,0.3029330989767761
ITA,0,0
MEX,0.5409999999999999,1.4194848971846457
NLD,0,0
PAK,0.016,0.17825761070926474
PER,0.104,0.4442762444486328
ROU,0,0
SRB,0,0
SVN,0,0
TUR,0,0
USA,0.074,0.2619018758859749
VEN,0.01,0.0995485304256668
XKO,0,0
