year,month,gid_1,est,se
2019,10,ESP.10_1,0.585,0.4929685771101623
2019,10,ESP.6_1,0.632,0.4825026516080599
