ID_0,est,se
ALB,6.336,2.655850096730135
ARE,1,0
AUT,4.179,4.636000320239221
BEL,2.389,0.9216468894962282
BGR,0,0
CHE,2.359,1.713342355792734
CHN,0,0
COL,0,0
CZE,1.322,0.5808154340518845
DEU,8.8,4.459155364497893
DNK,0.924,0.26513071171460745
ESP,16.556,6.658108317521796
FRA,5.098,4.536702182989661
GBR,0.181,0.38521083498181535
GMB,0.552,0.4975374795365105
GRC,0.438,0.5408341844590331
HRV,2.528,2.4335920275675247
HUN,5.741,4.043678015174169
IND,1.014,0.9523942467851525
IRN,0.313,0.4639463829433809
ITA,46.925,20.753424863766803
MAR,0.629,0.7591163388918516
MEX,0.056,0.30913843459074797
NLD,195.145,102.26511984571981
PAK,0,0
PER,0,0
POL,0.029,0.1678904023081343
PRT,3.9170000000000003,1.97402095310504
ROU,0.759,0.42790431418963526
RUS,0.01,0.0995485304256668
SAU,0,0
SRB,1.0390000000000001,1.454234850030263
SVN,0,0
TUR,5.313,3.0096771907090734
USA,0,0
UZB,0.733,0.4426137220047599
XKO,1.55,0.9921754691276651
