year,month,gid_1,est,se
2020,08,ESP.1_1,0,0.4206656317754523
2020,08,ESP.10_1,0,0.40557781570540086
2020,08,ESP.11_1,0,0.42087957010222293
2020,08,ESP.12_1,0,0.41289736041568187
2020,08,ESP.13_1,0,0.4239386019096106
2020,08,ESP.14_1,0,0.41126545812733317
2020,08,ESP.15_1,0,0.41387338817302605
2020,08,ESP.16_1,0,0.4238233461564643
2020,08,ESP.17_1,0,0.4100606471081404
2020,08,ESP.18_1,0,0.41197735629996224
2020,08,ESP.2_1,0,0.4118719198546048
2020,08,ESP.3_1,0,0.40016138792229267
2020,08,ESP.4_1,0,0.4162036801413222
2020,08,ESP.5_1,0,0.4185923858201845
2020,08,ESP.6_1,0,0.40960700859486965
2020,08,ESP.7_1,0,0.4239386019096106
2020,08,ESP.8_1,0,0.4148136977850998
2020,08,ESP.9_1,0,0.43588771799412196
2020,08,ITA.10_1,0,0.28302282709107357
2020,08,ITA.15_1,0,0.4291960934499406
2020,08,ITA.16_1,0,0.4028917196183773
2020,08,ITA.17_1,0,0.2664407078557528
2020,08,ITA.2_1,0,0.42304860575339565
2020,08,ITA.20_1,0,0.2633980737888929
2020,08,ITA.6_1,0,0.411986518052298
2020,08,ITA.8_1,0,0.4350653542512448
2020,08,ITA.9_1,0,0.4148136977850998
