year,month,gid_4,est,se
2022,05,ESP.10.1.1.3_1,0.007,0.08341437500789632
2022,05,ESP.10.1.1.8_1,0.08,0.27142894774447635
2022,05,ESP.10.1.4.20_1,0.191,0.3932857404911519
2022,05,ESP.10.1.4.23_1,0.04,0.19605723255834873
2022,05,ESP.10.1.4.27_1,0.009,0.09448771310560929
2022,05,ESP.10.1.6.12_1,0.47,0.49934892545128134
2022,05,ESP.10.1.6.27_1,0.31,0.462724663395106
2022,05,ESP.10.1.7.1_1,0.074,0.2619018758859749
2022,05,ESP.10.1.7.10_1,0.513,0.5000810745080052
2022,05,ESP.10.1.7.2_1,0.048,0.21387319079712103
2022,05,ESP.10.1.7.6_1,0.265,0.4415540396938635
2022,05,ESP.10.1.9.3_1,0.005,0.07056897321046962
2022,05,ESP.10.2.5.11_1,0.084,0.2775266131761439
2022,05,ESP.10.2.7.2_1,0.57,0.49532347546360583
2022,05,ESP.10.2.7.6_1,0.017,0.1293357171384909
2022,05,ESP.10.2.8.8_1,0.044,0.20519772441746548
2022,05,ESP.10.3.1.14_1,0.025,0.15620307103062794
2022,05,ESP.10.3.13.9_1,0.293,0.45536618051668964
2022,05,ESP.10.3.4.1_1,0.012,0.10893974420691407
2022,05,ESP.10.3.7.19_1,0.996,0.06315051850925682
2022,05,ESP.10.3.7.2_1,0.16,0.366789496216201
2022,05,ESP.10.3.7.4_1,0.999,0.03162277660168379
2022,05,ESP.10.3.8.5_1,0.127,0.33313958333104454
