year,month,gid_2,est,se
2020,10,ESP.1.1_1,0.147,0.35428310221702153
2020,10,ESP.1.2_1,0.943,0.2319586273558386
2020,10,ESP.1.3_1,0.32,0.46670956473787617
2020,10,ESP.1.4_1,0.548,0.4979396991041626
2020,10,ESP.1.5_1,0.189,0.3917045218432287
2020,10,ESP.1.6_1,0.031,0.17340435135563662
2020,10,ESP.1.7_1,0.693,0.46148018805140917
2020,10,ESP.1.8_1,0.864,0.3429600875052688
2020,10,ESP.10.1_1,0.81,0.3924972026066607
2020,10,ESP.10.2_1,0.031,0.17340435135563662
2020,10,ESP.10.3_1,0.845,0.362085771753194
2020,10,ESP.11.1_1,0.036,0.18638331132035063
2020,10,ESP.11.2_1,0.026,0.15921478998305827
2020,10,ESP.12.1_1,0.364,0.4813893805805605
2020,10,ESP.12.2_1,0.033,0.17872588772459053
2020,10,ESP.12.3_1,0.027,0.162164414398774
2020,10,ESP.12.4_1,0.022,0.1467567291047928
2020,10,ESP.13.1_1,0.996,0.06315051850925682
2020,10,ESP.14.1_1,0.898,0.30279974849343533
2020,10,ESP.14.2_1,0.654,0.4759312035478558
2020,10,ESP.15.1_1,0.033,0.17872588772459053
2020,10,ESP.16.1_1,0.021,0.14345584540052586
2020,10,ESP.16.2_1,0.582,0.49347696959383985
2020,10,ESP.16.3_1,0.206,0.4046328307586122
2020,10,ESP.17.1_1,0.565,0.4960050614873008
2020,10,ESP.18.1_1,0.969,0.17340435135563662
2020,10,ESP.2.1_1,0.03,0.17067257872642908
2020,10,ESP.2.2_1,0.037,0.1888562063228706
2020,10,ESP.2.3_1,0.536,0.498951854343636
2020,10,ESP.3.1_1,0.314,0.4643485970901814
2020,10,ESP.4.1_1,0.029,0.1678904023081343
2020,10,ESP.4.4_1,0.045,0.20740785428237288
2020,10,ESP.4.5_1,0.137,0.3440194025768741
2020,10,ESP.5.2_1,0.027,0.162164414398774
2020,10,ESP.5.3_1,0.171,0.3766973598273565
2020,10,ESP.5.4_1,0.037,0.1888562063228706
2020,10,ESP.5.5_1,0.026,0.15921478998305827
2020,10,ESP.5.6_1,0.034,0.18131981931624816
2020,10,ESP.5.7_1,0.089,0.2848862231842041
2020,10,ESP.5.8_1,0.027,0.162164414398774
2020,10,ESP.6.1_1,0.964,0.18638331132035063
2020,10,ESP.6.2_1,0.974,0.15921478998305827
2020,10,ESP.6.3_1,0.324,0.4682341756463781
2020,10,ESP.6.4_1,0.593,0.49152069396170145
2020,10,ESP.7.1_1,0.044,0.20519772441746548
2020,10,ESP.8.1_1,0.851,0.3562666500332664
2020,10,ESP.9.1_1,0.038,0.19129190414806527
