year,month,gid_2,est,se
2020,10,ESP.1.1_1,0.361,0.4805308625987616
2020,10,ESP.1.2_1,0.736,0.4410198391212106
2020,10,ESP.1.3_1,0.367,0.48222768848702946
2020,10,ESP.1.4_1,0.484,0.49999399395792143
2020,10,ESP.1.5_1,0.345,0.4756061408363029
2020,10,ESP.1.6_1,0.145,0.3522770203960217
2020,10,ESP.1.7_1,0.547,0.4980351785155734
2020,10,ESP.1.8_1,0.619,0.48587557571365436
2020,10,ESP.10.1_1,0.772,0.4197525368502163
2020,10,ESP.10.2_1,0.181,0.38521083498181535
2020,10,ESP.10.3_1,0.766,0.42358402168096876
2020,10,ESP.11.1_1,0.055,0.22809433799861634
2020,10,ESP.11.2_1,0.059,0.23574260237507894
2020,10,ESP.12.1_1,0.289,0.45352473436923446
2020,10,ESP.12.2_1,0.043,0.2029585972364615
2020,10,ESP.12.3_1,0.057,0.2319586273558386
2020,10,ESP.12.4_1,0.051,0.22010780869257557
2020,10,ESP.13.1_1,0.749,0.43380547159664457
2020,10,ESP.14.1_1,0.5,0.5002501876563868
2020,10,ESP.14.2_1,0.4,0.4901430813958718
2020,10,ESP.15.1_1,0,0.19129190414806527
2020,10,ESP.16.1_1,0.109,0.3117951510466707
2020,10,ESP.16.2_1,0.488,0.5001060948499889
2020,10,ESP.16.3_1,0.317,0.46554025360620294
2020,10,ESP.17.1_1,0.473,0.4995202903992194
2020,10,ESP.18.1_1,0.966,0.18131981931624816
2020,10,ESP.2.1_1,0.086,0.28050433629924987
2020,10,ESP.2.2_1,0.082,0.27450200609713465
2020,10,ESP.2.3_1,0.473,0.4995202903992194
2020,10,ESP.3.1_1,0.274,0.44623214039681536
2020,10,ESP.4.1_1,0,0.17872588772459053
2020,10,ESP.4.4_1,0,0.1678904023081343
2020,10,ESP.4.5_1,0,0.40094857495663927
2020,10,ESP.5.2_1,0,0.21174474216810163
2020,10,ESP.5.3_1,0,0.4729214043101186
2020,10,ESP.5.4_1,0,0.22414558046332575
2020,10,ESP.5.5_1,0,0.2029585972364615
2020,10,ESP.5.6_1,0,0.21174474216810163
2020,10,ESP.5.7_1,0,0.21805400144814482
2020,10,ESP.5.8_1,0,0.22414558046332575
2020,10,ESP.6.1_1,0.888,0.3155242550986462
2020,10,ESP.6.2_1,0.883,0.32158111638343195
2020,10,ESP.6.3_1,0.382,0.48611964814468495
2020,10,ESP.6.4_1,0.53,0.49934892545128134
2020,10,ESP.7.1_1,0.054,0.2261307920985887
2020,10,ESP.8.1_1,0.608,0.4884409632438444
2020,10,ESP.9.1_1,0,0.30279974849343533
