year,month,gid_2,est,se
2014,03,ESP.10.1_1,0.284,0.4511624403111894
2014,03,ESP.10.2_1,0.263,0.4404827181911057
2014,03,ESP.10.3_1,0.241,0.42790431418963526
2014,03,ESP.18.1_1,0.239,0.42668613881993056
2014,03,ESP.2.3_1,0.222,0.4157990967870047
2014,03,ESP.4.1_1,0.199,0.39944781706570703
2014,03,ESP.6.1_1,0.34,0.47394580346767984
2014,03,ESP.6.2_1,0.313,0.4639463829433809
2014,03,ESP.6.4_1,0.314,0.4643485970901814
