year,month,gid_4,est,se
2022,04,ESP.10.1.1.3_1,0.008,0.08912880535463237
2022,04,ESP.10.1.1.8_1,0.108,0.3105357184486713
2022,04,ESP.10.1.4.20_1,0.178,0.38270414482007176
2022,04,ESP.10.1.4.23_1,0.037,0.1888562063228706
2022,04,ESP.10.1.4.27_1,0.01,0.0995485304256668
2022,04,ESP.10.1.6.12_1,0.495,0.50022517452166
2022,04,ESP.10.1.6.27_1,0.255,0.4360793106364542
2022,04,ESP.10.1.7.1_1,0.084,0.2775266131761439
2022,04,ESP.10.1.7.10_1,0.51,0.5001501276118503
2022,04,ESP.10.1.7.2_1,0.034,0.18131981931624816
2022,04,ESP.10.1.7.6_1,0.27,0.44418160396092193
2022,04,ESP.10.1.9.3_1,0.004,0.06315051850925682
2022,04,ESP.10.2.5.11_1,0.069,0.2535809600567505
2022,04,ESP.10.2.7.2_1,0.537,0.4988786223921405
2022,04,ESP.10.2.7.6_1,0.026,0.15921478998305827
2022,04,ESP.10.2.8.8_1,0.058,0.2338604085575211
2022,04,ESP.10.3.1.14_1,0.016,0.12553788177183714
2022,04,ESP.10.3.13.9_1,0.316,0.4651455260027343
2022,04,ESP.10.3.4.1_1,0.018,0.13301764429463367
2022,04,ESP.10.3.7.19_1,0.997,0.05471740119919799
2022,04,ESP.10.3.7.2_1,0.152,0.3592005359475749
2022,04,ESP.10.3.7.4_1,0.997,0.054717401199198
2022,04,ESP.10.3.8.5_1,0.121,0.3262904618058356
