year,month,gid_3,est,se
2015,12,ESP.10.1.1_1,0.032,0.17608806605504818
2015,12,ESP.10.1.2_1,0,0
2015,12,ESP.10.1.2_1,0,0
2015,12,ESP.10.1.2_1,0,0
2015,12,ESP.10.1.2_1,0,0
2015,12,ESP.10.1.3_1,0.026,0.15921478998305827
2015,12,ESP.10.1.4_1,0.937,0.24308453280719053
2015,12,ESP.10.1.5_1,0.043,0.2029585972364615
2015,12,ESP.10.1.6_1,0.034,0.18131981931624816
2015,12,ESP.10.1.7_1,0.042,0.20068950215762726
2015,12,ESP.10.1.8_1,0,0
2015,12,ESP.10.1.8_1,0,0
2015,12,ESP.10.1.8_1,0,0
2015,12,ESP.10.1.8_1,0,0
2015,12,ESP.10.1.9_1,0.066,0.24840633185509925
2015,12,ESP.10.2.1_1,0.428,0.49503642397409614
2015,12,ESP.10.2.2_1,0.061,0.239450070654273
2015,12,ESP.10.2.3_1,0.039,0.19369180807797864
2015,12,ESP.10.2.3_1,0.039,0.19369180807797864
2015,12,ESP.10.2.5_1,0.063,0.24308453280719053
2015,12,ESP.10.2.7_1,0.024,0.15312559370479986
2015,12,ESP.10.2.8_1,0.547,0.4980351785155734
2015,12,ESP.10.3.1_1,0.084,0.2775266131761439
2015,12,ESP.10.3.10_1,0.924,0.26513071171460745
2015,12,ESP.10.3.11_1,0.819,0.38521083498181535
2015,12,ESP.10.3.12_1,0,0
2015,12,ESP.10.3.12_1,0,0
2015,12,ESP.10.3.13_1,0.035,0.18387171834952978
2015,12,ESP.10.3.14_1,0.004,0.06315051850925682
2015,12,ESP.10.3.16_1,0.088,0.28343665312788385
2015,12,ESP.10.3.17_1,0.883,0.32158111638343195
2015,12,ESP.10.3.18_1,0.069,0.2535809600567505
2015,12,ESP.10.3.2_1,0.1,0.3001501125938321
2015,12,ESP.10.3.3_1,0.028,0.16505527329729044
2015,12,ESP.10.3.4_1,0.003,0.05471740119919799
2015,12,ESP.10.3.5_1,0.724,0.44724045436881493
2015,12,ESP.10.3.6_1,0.003,0.05471740119919799
2015,12,ESP.10.3.7_1,0.845,0.362085771753194
2015,12,ESP.10.3.8_1,0.704,0.45671938057476014
2015,12,ESP.10.3.9_1,0.083,0.2760202658994212
