year,month,gid_2,est,se
2019,06,ESP.10.1_1,0.286,0.45211548127487117
2019,06,ESP.10.2_1,0.232,0.42232020358296185
2019,06,ESP.10.3_1,0.218,0.4130939925085411
2019,06,ESP.18.1_1,0.222,0.4157990967870047
2019,06,ESP.2.3_1,0.179,0.38354413840665863
2019,06,ESP.4.1_1,0.174,0.37929917989348183
2019,06,ESP.6.1_1,0.31,0.462724663395106
2019,06,ESP.6.2_1,0.308,0.4618975528722244
2019,06,ESP.6.4_1,0.257,0.43719805825522845
