ID_0,est,se
ALB,0,0
AUT,0,0
BEL,0,0
BGR,0,0
CHN,0,0
DEU,0,0
ESP,0,0
FRA,0,0
GRC,0,0
HRV,0,0
HUN,2.628,7.294740993916826
IND,0,0
ITA,0.29600000000000004,1.044675433777779
NLD,0,0
PAK,0,0
PER,0,0
ROU,0,0
SRB,0,0
SVN,0,0
TUR,0,0
USA,0,0
XKO,0,0
