year,month,gid_2,est,se
2022,12,ESP.10.1_1,0.049,0.3576722782380023
2022,12,ESP.10.2_1,0,0
2022,12,ESP.10.3_1,0.009459846812807803,0.11577121138831356
2022,12,ESP.15.1_1,0.006183693484617687,0.13187500943749375
2022,12,ESP.18.1_1,0.004169114778116735,0.07692219646905489
2022,12,ESP.2.1_1,6.673815686462944e-4,0.02470139404419263
2022,12,ESP.2.2_1,0.09600326115624015,0.2683565218260649
2022,12,ESP.2.3_1,6.13895080559813e-4,0.022721730714646275
2022,12,ESP.4.1_1,0.005795390199207983,0.07781299835741844
2022,12,ESP.4.3_1,0.00522161451577218,0.06784835888492363
2022,12,ESP.6.1_1,0.02739158100777894,0.22234107611887868
2022,12,ESP.6.2_1,0.002655545866840472,0.08021170378217829
2022,12,ESP.6.3_1,0.0025849288876723473,0.05512684648827103
2022,12,ESP.6.4_1,0,0
2022,12,ESP.9.1_1,0.0411828197339849,0.22680816402084147
2022,12,FRA.10.11_1,0.07672520425417813,0.34923877539986353
2022,12,FRA.11.11_1,0.010000503535235596,0.18451415676168062
2022,12,FRA.11.6_1,0.018955612958185264,0.20028761868844672
