year,month,gid_1,est,se
2016,07,ESP.10_1,0.676,0.4682341756463781
2016,07,ESP.6_1,0.524,0.4996735671152454
