ID_0,est,se
ESP,0.22692054649600013,0.015850268153229572
