ID_0,est,se
ALB,0,0
AUT,7.913,11.375276970170892
BEL,0,0
BGR,0,0
CHE,2.664,1.622960020861337
CHN,0,0
DEU,1.872,1.5951063889007902
ESP,0.46900000000000003,0.7583797005688123
FRA,0,0
GRC,0,0
HRV,0.258,0.43775292989039793
HUN,3.284,5.15837731466982
IND,0,0
ITA,0.428,0.526512578391856
NLD,0.057,0.2319586273558386
PAK,0,0
PER,0,0
ROU,0.13,0.33647171235218754
SRB,0.403,0.4907461989988632
SVN,0,0
TUR,0,0
USA,0,0
XKO,0,0
