ID_0,est,se
ESP,0.23297123094400007,0.016397611741108903
