year,month,gid_1,est,se
2022,04,ESP.1_1,0.1297680614409226,0.260598173661448
2022,04,ESP.10_1,0.2604530310013613,0.4083018425964818
2022,04,ESP.11_1,0,0.0588022367457394
2022,04,ESP.12_1,0.280553360937009,0.48664884135454095
2022,04,ESP.13_1,0,0.42040706279899714
2022,04,ESP.14_1,0.18055434603702106,0.2709115153736914
2022,04,ESP.15_1,0,0.07057024348628495
2022,04,ESP.16_1,0,0.429342611838829
2022,04,ESP.17_1,0,0.4158065813728313
2022,04,ESP.18_1,0.38146063913422323,0.4756147019779895
2022,04,ESP.2_1,0,0.18928550348747378
2022,04,ESP.3_1,0,0.04469977548618588
2022,04,ESP.4_1,0,0.3031618040293574
2022,04,ESP.5_1,0,0.2921641449750892
2022,04,ESP.6_1,0.40866526958331106,0.3652167710626685
2022,04,ESP.7_1,0,0.40170034407671207
2022,04,ESP.8_1,0.3084855603433284,0.44874002450673567
2022,04,ITA.1_1,0,0.07107092741462134
2022,04,ITA.10_1,0.15264447517653307,0.31038806775975164
2022,04,ITA.11_1,0,0.23841002035561748
2022,04,ITA.12_1,0,0.4338386573936625
2022,04,ITA.13_1,0,0.11225551379665519
2022,04,ITA.14_1,0.06788887333744832,0.2237413459063585
2022,04,ITA.15_1,0,0.17844733475275762
2022,04,ITA.16_1,0.24769248011110578,0.36262993524383424
2022,04,ITA.17_1,0.606542379651918,0.037531110763063466
2022,04,ITA.18_1,0,0.04469977548618587
2022,04,ITA.2_1,0,0.21446470102349016
2022,04,ITA.20_1,0,0.2649413386291842
2022,04,ITA.4_1,0,0.3554492909006792
2022,04,ITA.5_1,0.136266893825307,0.37768060246746205
2022,04,ITA.6_1,0.12053501111262367,0.24899143053996078
2022,04,ITA.7_1,0,0.11640295782760839
2022,04,ITA.8_1,0.37662552335757066,0.4416249864964996
2022,04,ITA.9_1,0,0.24209181213856956
