year,month,gid_1,est,se
2022,04,ESP.10_1,0.3897919237904209,0.9531797355825822
2022,04,ESP.2_1,0.04888711471018409,0.22685355773260962
2022,04,ESP.6_1,0.5977386744754545,0.5886147306219643
