ID_0,est,se
ESP,0.3992661322240001,0.022111111964697044
