ID_0,est,se
ESP,0.3923301927520001,0.022261106449758032
