year,month,gid_2,est,se
2015,05,ESP.1.1_1,0.028,0.16505527329729044
2015,05,ESP.1.2_1,0.023,0.1499783100768024
2015,05,ESP.1.3_1,0.014,0.11754921445002436
2015,05,ESP.1.4_1,0.211,0.4082225442643334
2015,05,ESP.1.5_1,0,0.4053582555164201
2015,05,ESP.1.6_1,0.018,0.13301764429463367
2015,05,ESP.1.7_1,0.741,0.4383048152953731
2015,05,ESP.1.8_1,0.199,0.39944781706570703
2015,05,ESP.10.1_1,0.944,0.23003677296666486
2015,05,ESP.10.2_1,0.722,0.4482375674984382
2015,05,ESP.10.3_1,0.708,0.45490981847278583
2015,05,ESP.11.1_1,0,0.4663222667388471
2015,05,ESP.11.2_1,0,0.45627095369219284
2015,05,ESP.12.1_1,0,0.46474830929331096
2015,05,ESP.12.2_1,0,0.45211548127487117
2015,05,ESP.12.3_1,0,0.4576083537321029
2015,05,ESP.12.4_1,0,0.46593249842986173
2015,05,ESP.13.1_1,0.981,0.13659303663678343
2015,05,ESP.14.1_1,0,0.4506818324651152
2015,05,ESP.14.2_1,0,0.4467377022085494
2015,05,ESP.15.1_1,0,0.2947386484173239
2015,05,ESP.16.1_1,0,0.20519772441746548
2015,05,ESP.16.2_1,0.007,0.08341437500789632
2015,05,ESP.16.3_1,0.006,0.07726558075864033
2015,05,ESP.17.1_1,0,0.462724663395106
2015,05,ESP.18.1_1,0.935,0.24664921616708177
2015,05,ESP.2.2_1,0.01,0.0995485304256668
2015,05,ESP.2.3_1,0.038,0.19129190414806527
2015,05,ESP.4.1_1,0,0.08341437500789632
2015,05,ESP.4.2_1,0,0.1293357171384909
2015,05,ESP.4.3_1,0,0.07056897321046962
2015,05,ESP.4.4_1,0,0.12161327966052798
2015,05,ESP.4.5_1,0,0.17340435135563662
2015,05,ESP.5.2_1,0,0.45352473436923446
2015,05,ESP.5.3_1,0,0.45211548127487117
2015,05,ESP.5.4_1,0,0.4516403203645341
2015,05,ESP.5.5_1,0,0.4610602743422779
2015,05,ESP.5.8_1,0,0.4477404063421923
2015,05,ESP.6.1_1,0.944,0.23003677296666486
2015,05,ESP.6.2_1,0.939,0.239450070654273
2015,05,ESP.6.3_1,0.267,0.4426137220047599
2015,05,ESP.6.4_1,0.618,0.48611964814468495
2015,05,ESP.7.2_1,0,0.4516403203645341
2015,05,ESP.8.1_1,0.159,0.36585906146062974
2015,05,ESP.9.1_1,0,0.12161327966052798
