year,month,gid_2,est,se
2015,05,ESP.10.1_1,1,0
2015,05,ESP.10.2_1,0.995,0.07056897321046962
2015,05,ESP.10.3_1,0.993,0.08341437500789632
2015,05,ESP.18.1_1,1,0
2015,05,ESP.2.1_1,0.791,0.4067978422810088
2015,05,ESP.2.2_1,0.091,0.28775302222878874
2015,05,ESP.2.3_1,0.398,0.48973037054672836
2015,05,ESP.4.1_1,0.078,0.26830577330349786
2015,05,ESP.4.3_1,0.067,0.25014710386805117
2015,05,ESP.6.1_1,0.999,0.03162277660168379
2015,05,ESP.6.2_1,1,0
2015,05,ESP.6.3_1,0.377,0.4848774134831464
2015,05,ESP.6.4_1,0.989,0.10435463521037237
2015,05,FRA.11.11_1,0.746,0.43551541152257023
2015,05,FRA.11.6_1,0.207,0.4053582555164201
