year,month,gid_4,est,se
2018,01,IND.20.26.7_1,0,0.18638331132035063
2018,01,PRI.65_1,0,0.13659303663678343
2018,01,USA.5.19_1,0,0.30799165387857325
