year,month,gid_1,est,se
2020,06,ESP.1_1,0,0.36435665786254373
2020,06,ESP.10_1,0,0.3720051274703544
2020,06,ESP.11_1,0,0.35039534137029565
2020,06,ESP.12_1,0,0.38402894572098084
2020,06,ESP.13_1,0,0.3787433660921417
2020,06,ESP.14_1,0,0.34573075638265705
2020,06,ESP.15_1,0,0.3867932852008188
2020,06,ESP.16_1,0.10099503323110762,0.3521811155575288
2020,06,ESP.17_1,0.223,0.39695713153188855
2020,06,ESP.18_1,0,0.3391157948274755
2020,06,ESP.2_1,0,0.36762926148369746
2020,06,ESP.3_1,0.169,0.3457596412757117
2020,06,ESP.4_1,0,0.369827494809151
2020,06,ESP.5_1,0,0.3727113167137547
2020,06,ESP.6_1,0,0.3667656242887873
2020,06,ESP.8_1,0,0.353244728751519
2020,06,ESP.9_1,0,0.35739822231106133
