year,month,gid_1,est,se
2020,06,ESP.1_1,0,0.36961668739778264
2020,06,ESP.10_1,0,0.364557559494764
2020,06,ESP.11_1,0,0.37907289865529764
2020,06,ESP.12_1,0,0.3782344107971255
2020,06,ESP.13_1,0,0.3624700047724529
2020,06,ESP.14_1,0,0.3486915688003297
2020,06,ESP.15_1,0,0.38056705858324713
2020,06,ESP.16_1,0.10170416044350618,0.35451746320142946
2020,06,ESP.17_1,0.23599999999999996,0.407276083359011
2020,06,ESP.18_1,0,0.3683802533168541
2020,06,ESP.2_1,0,0.3804309824774016
2020,06,ESP.3_1,0.165,0.3413563235440842
2020,06,ESP.4_1,0,0.36884199650961946
2020,06,ESP.5_1,0,0.37477600104487113
2020,06,ESP.6_1,0,0.36729972625049373
2020,06,ESP.7_1,0,0.3775522515740232
2020,06,ESP.8_1,0,0.37504493862183635
2020,06,ESP.9_1,0,0.35842491404280713
