year,month,gid_1,est,se
2020,06,ESP.1_1,0,0.34747838259405406
2020,06,ESP.10_1,0,0.3562060411318695
2020,06,ESP.11_1,0,0.3295361713346528
2020,06,ESP.12_1,0,0.34979616695130955
2020,06,ESP.13_1,0,0.3573660751234922
2020,06,ESP.14_1,0,0.3468977301820759
2020,06,ESP.15_1,0,0.33080719294355665
2020,06,ESP.16_1,0.034532408726744034,0.11408285958791227
2020,06,ESP.17_1,0.369,0.4741386405988682
2020,06,ESP.18_1,0,0.34040951593285335
2020,06,ESP.2_1,0,0.34807309002162906
2020,06,ESP.3_1,0,0.12908726585894514
2020,06,ESP.4_1,0,0.34443856325179
2020,06,ESP.5_1,0,0.3495049046214459
2020,06,ESP.6_1,0,0.35042160291343877
2020,06,ESP.8_1,0,0.3484877094350602
2020,06,ESP.9_1,0,0.3809270388589322
