year,month,gid_4,est,se
2019,05,HND.8.4_1,0,0.1678904023081343
2019,05,MEX.9.9_2,0,0.13659303663678343
2019,05,PRI.65_1,0,0.3262904618058356
2019,05,USA.5.19_1,0,0.13659303663678343
