year,month,gid_2,est,se
2020,03,ESP.1.1_1,0,0.3731624984510773
2020,03,ESP.1.2_1,0,0.3471606552023436
2020,03,ESP.1.4_1,0,0.35725009115132167
2020,03,ESP.1.6_1,0,0.33647171235218754
2020,03,ESP.1.7_1,0,0.3639828065767441
2020,03,ESP.1.8_1,0,0.3582280381646966
2020,03,ESP.10.1_1,0,0.3731624984510773
2020,03,ESP.10.2_1,0,0.3731624984510773
2020,03,ESP.10.3_1,0,0.3677148544921924
2020,03,ESP.11.1_1,0,0.3562666500332664
2020,03,ESP.11.2_1,0,0.3758207567993567
2020,03,ESP.12.1_1,0,0.36955049393495276
2020,03,ESP.12.3_1,0,0.38354413840665863
2020,03,ESP.12.4_1,0,0.3562666500332664
2020,03,ESP.13.1_1,0,0.3532829019480122
2020,03,ESP.14.2_1,0,0.3758207567993567
2020,03,ESP.15.1_1,0,0.3818596821043259
2020,03,ESP.16.1_1,0,0.28632495871296654
2020,03,ESP.16.2_1,0,0.29746341705239066
2020,03,ESP.16.3_1,0,0.08341437500789632
2020,03,ESP.17.1_1,0.183,0.3868600013708585
2020,03,ESP.18.1_1,0,0.3810107205436209
2020,03,ESP.2.1_1,0,0.366789496216201
2020,03,ESP.2.2_1,0,0.3611293596682696
2020,03,ESP.2.3_1,0,0.3450725649411658
2020,03,ESP.3.1_1,0,0.25014710386805117
2020,03,ESP.4.1_1,0,0.36955049393495276
2020,03,ESP.4.4_1,0,0.3818596821043259
2020,03,ESP.4.5_1,0,0.3630369069334353
2020,03,ESP.5.2_1,0,0.36492351139542817
2020,03,ESP.5.4_1,0,0.3562666500332664
2020,03,ESP.5.6_1,0,0.36492351139542817
2020,03,ESP.5.9_1,0,0.33313958333104454
2020,03,ESP.6.1_1,0,0.3704608498090469
2020,03,ESP.6.2_1,0,0.37136627864268035
2020,03,ESP.6.3_1,0,0.3630369069334353
2020,03,ESP.6.4_1,0,0.3677148544921924
2020,03,ESP.8.1_1,0,0.3562666500332664
2020,03,ESP.9.1_1,0,0.3552776691859794
2020,03,ITA.10.8_1,0,0.28632495871296654
2020,03,ITA.16.4_1,0,0.3677148544921924
2020,03,ITA.20.3_1,0,0.2586172517116422
2020,03,ITA.6.1_1,0,0.34922479573758497
2020,03,ITA.6.2_1,0,0.3818596821043259
2020,03,ITA.6.3_1,0,0.3731624984510773
2020,03,ITA.6.4_1,0,0.3471606552023436
2020,03,ITA.6.8_1,0,0.3440194025768741
2020,03,ITA.8.4_1,0,0.07056897321046962
