year,month,gid_2,est,se
2020,03,ESP.1.1_1,0,0.26672484350382913
2020,03,ESP.1.2_1,0,0.2775266131761439
2020,03,ESP.1.4_1,0,0.28775302222878874
2020,03,ESP.1.6_1,0,0.2848862231842041
2020,03,ESP.1.7_1,0,0.2760202658994212
2020,03,ESP.1.8_1,0,0.30926792049394103
2020,03,ESP.10.1_1,0,0.27450200609713465
2020,03,ESP.10.2_1,0,0.27450200609713465
2020,03,ESP.10.3_1,0,0.28775302222878874
2020,03,ESP.11.1_1,0,0.28343665312788385
2020,03,ESP.11.2_1,0,0.296105857217784
2020,03,ESP.12.1_1,0,0.24487540497968344
2020,03,ESP.12.3_1,0,0.28775302222878874
2020,03,ESP.12.4_1,0,0.2775266131761439
2020,03,ESP.13.1_1,0,0.26513071171460745
2020,03,ESP.14.2_1,0,0.29197474077263813
2020,03,ESP.15.1_1,0,0.2819760814510878
2020,03,ESP.16.1_1,0,0.18638331132035063
2020,03,ESP.16.2_1,0,0.24487540497968344
2020,03,ESP.16.3_1,0,0.19129190414806527
2020,03,ESP.17.1_1,0.258,0.43775292989039793
2020,03,ESP.18.1_1,0,0.2819760814510878
2020,03,ESP.2.1_1,0,0.2947386484173239
2020,03,ESP.2.2_1,0,0.27297163499805893
2020,03,ESP.2.3_1,0,0.2933616557443407
2020,03,ESP.3.1_1,0,0.19369180807797864
2020,03,ESP.4.1_1,0,0.2760202658994212
2020,03,ESP.4.4_1,0,0.28050433629924987
2020,03,ESP.4.5_1,0,0.28775302222878874
2020,03,ESP.5.2_1,0,0.3014795016081357
2020,03,ESP.5.4_1,0,0.24664921616708177
2020,03,ESP.5.6_1,0,0.26830577330349786
2020,03,ESP.5.9_1,0,0.28775302222878874
2020,03,ESP.6.1_1,0,0.2819760814510878
2020,03,ESP.6.2_1,0,0.2790212408632233
2020,03,ESP.6.3_1,0,0.2619018758859749
2020,03,ESP.6.4_1,0,0.26672484350382913
2020,03,ESP.8.1_1,0,0.2535809600567505
2020,03,ESP.9.1_1,0,0.2760202658994212
2020,03,ITA.10.8_1,0,0.162164414398774
2020,03,ITA.16.4_1,0,0.26987373312686774
2020,03,ITA.20.3_1,0,0.13659303663678343
2020,03,ITA.6.1_1,0,0.25695335184625445
2020,03,ITA.6.2_1,0,0.28917057184232914
2020,03,ITA.6.3_1,0,0.2535809600567505
2020,03,ITA.6.4_1,0,0.27297163499805893
2020,03,ITA.6.8_1,0,0.26987373312686774
2020,03,ITA.8.4_1,0,0.2602666685127751
