year,month,gid_1,est,se
2020,05,ESP.1_1,0.44453836458111284,0.46563435665592184
2020,05,ESP.10_1,0.34100849512381204,0.4719124471024212
2020,05,ESP.11_1,0.4158751379642038,0.4931017249302651
2020,05,ESP.12_1,0.36178262801530625,0.4768910681649474
2020,05,ESP.13_1,0.2805611222444889,0.4502020897212985
2020,05,ESP.14_1,0.23547094188376752,0.4254584683027757
2020,05,ESP.16_1,0.22344689378757518,0.4177946174701485
2020,05,ESP.17_1,0.23246492985971945,0.4235874103938068
2020,05,ESP.18_1,0.5521042084168337,0.49743582251060153
2020,05,ESP.2_1,0.3029968628216076,0.45178925756857985
2020,05,ESP.3_1,0.27054108216432865,0.44521611122283666
2020,05,ESP.4_1,0.39337164277797226,0.48858129864425226
2020,05,ESP.5_1,0.47607148424136936,0.48851474926643135
2020,05,ESP.6_1,0.4188323858486078,0.4746411738543187
2020,05,ESP.8_1,0.3406813627254509,0.4746207596588135
