year,month,gid_1,est,se
2020,05,ESP.1_1,0.525790791250026,0.4869383110973732
2020,05,ESP.10_1,0.37283685032114505,0.36942345650724034
2020,05,ESP.11_1,0.06735632068959364,0.24934277563997861
2020,05,ESP.12_1,0.21276438338627288,0.3653261808338549
2020,05,ESP.13_1,0.6913039513677812,0.46554025360620294
2020,05,ESP.14_1,0,0.4997657108743714
2020,05,ESP.16_1,0.31882978723404254,0.46474830929331096
2020,05,ESP.17_1,0.5162006079027356,0.5001501276118503
2020,05,ESP.18_1,0.6194407294832828,0.48753840227585526
2020,05,ESP.2_1,0.29318148746590184,0.36838591959187533
2020,05,ESP.3_1,0.7945440729483283,0.4110279113928201
2020,05,ESP.4_1,0.2901140279193959,0.4217917766412642
2020,05,ESP.5_1,0.20174007469834465,0.33095615448695315
2020,05,ESP.6_1,0.5342152734998236,0.4427028865969139
2020,05,ESP.8_1,0.13664133738601825,0.3418945625363057
2020,05,ITA.13_1,0.34312158054711256,0.4736066968522546
2020,05,ITA.16_1,0.5121519756838906,0.5002141683461337
2020,05,ITA.17_1,0.005060790273556231,0.07056897321046962
2020,05,ITA.20_1,0.29555015197568385,0.4549098184727858
2020,05,ITA.6_1,0.3654615297720878,0.4438650109221082
2020,05,ITA.8_1,0.65790273556231,0.47720826452161086
