ID_0,est,se
ESP,0.11637778780000008,0.012519273004633088
