ID_0,est,se
ALB,0,0
AUT,6.847,7.944201915527417
BEL,0,0
BGR,0,0
CHE,2.915,1.3306984766119043
CHN,0,0
DEU,1.045,0.5229405106214559
ESP,0.016,0.2489874358131817
FRA,0,0
GRC,0,0
HRV,0.289,0.45352473436923446
HUN,1.593,3.197183946336148
IND,0,0
ITA,0.423,0.49428262696084646
NLD,0.001,0.03162277660168379
PAK,0,0
PER,0,0
ROU,0.001,0.03162277660168379
SRB,0.024,0.15312559370479986
SVN,0,0
TUR,0,0
USA,0,0
XKO,0,0
