ID_0,est,se
ALB,0,0
AUT,8.183,8.395751106368731
BEL,0,0
BGR,0,0
CHE,2.911,1.3322459140823384
CHN,0,0
DEU,1.077,0.5910077177056483
ESP,1.145,1.1798139750876724
FRA,0,0
GRC,0,0
HRV,0.308,0.4618975528722244
HUN,0.646,2.246110598928705
IND,0,0
ITA,0.201,0.40094857495663927
NLD,0.004,0.06315051850925682
PAK,0,0
PER,0,0
ROU,0.001,0.03162277660168379
SRB,0.002,0.04469897088298564
SVN,0,0
TUR,0,0
USA,0,0
XKO,0,0
