ID_0,est,se
ESP,0.2942235663999999,0.018582420756653478
