year,month,gid_1,est,se
2019,05,ESP.1_1,0.40242051513201677,0.2843167140738627
2019,05,ESP.10_1,0.9377886540567271,0.21275533382547
2019,05,ESP.11_1,0,0.493420338365092
2019,05,ESP.12_1,0,0.49297400352000714
2019,05,ESP.13_1,0.99,0.099549326823467
2019,05,ESP.14_1,0,0.4873112640035698
2019,05,ESP.15_1,0.011,0.10435547005747224
2019,05,ESP.16_1,0.0976601162180502,0.3881147520304223
2019,05,ESP.17_1,0,0.4945943121348618
2019,05,ESP.18_1,1,0
2019,05,ESP.2_1,0.08443833881000758,0.23349534897865099
2019,05,ESP.3_1,0,0.4929725209061048
2019,05,ESP.4_1,0.026564665717880874,0.35608411242125126
2019,05,ESP.5_1,0,0.49447000497669696
2019,05,ESP.6_1,0.8154869026940678,0.37822242560772323
2019,05,ESP.8_1,0.014,0.11755015485502483
2019,05,ESP.9_1,0.006,0.077266198890704
