year,month,gid_1,est,se
2019,05,ESP.10_1,0.993,0.08341437500789632
2019,05,ESP.6_1,0.98,0.14007005254378832
