year,month,gid_2,est,se
2021,01,ESP.10.1_1,0.997,0.05471740119919799
2021,01,ESP.10.2_1,0.623,0.4848774134831464
2021,01,ESP.10.3_1,0.73,0.44418160396092193
