year,month,gid_1,est,se
2015,03,AUT.9_1,0,0.09955012324675269
2015,03,BEL.2_1,0,0.11922100990576188
2015,03,DEU.9_1,0,0.13659522218656514
2015,03,ESP.1_1,0.050479858354542766,0.18131679853830268
2015,03,ESP.10_1,0.21049560379208604,0.40612399815552364
2015,03,ESP.11_1,0,0.16789308862978838
2015,03,ESP.12_1,0,0.15814789377059482
2015,03,ESP.13_1,0,0.4297145071069026
2015,03,ESP.14_1,0,0.15050852051992727
2015,03,ESP.16_1,0,0.08863720565480657
2015,03,ESP.17_1,0,0.14675907727820744
2015,03,ESP.18_1,0,0.493317485980426
2015,03,ESP.2_1,0,0.12188642634456734
2015,03,ESP.3_1,0,0.16505791425561017
2015,03,ESP.4_1,0,0.1259913339740581
2015,03,ESP.5_1,0,0.11893453484147952
2015,03,ESP.6_1,0.1352952205384439,0.29180194370448526
2015,03,ESP.7_1,0,0.16947232893450387
2015,03,ESP.8_1,0,0.16789308862978838
2015,03,ESP.9_1,0,0.17609088354299487
2015,03,FRA.11_1,0,0.12239649211977034
2015,03,FRA.13_1,0,0.11333249693553692
2015,03,FRA.8_1,0,0.15921733749102834
2015,03,GBR.1_1,0,0.1592902505841157
2015,03,HRV.21_1,0,0.14675907727820744
2015,03,HRV.4_1,0,0.08341570967526721
2015,03,ITA.10_1,0,0.09801256624153713
2015,03,ITA.13_1,0,0.12161522552748695
2015,03,ITA.16_1,0,0.07989594392486485
2015,03,ITA.6_1,0.006056191467221644,0.0772668170425485
2015,03,ITA.8_1,0,0.09448922495135073
2015,03,MLT.1_1,0,0.1562055703497455
2015,03,MLT.4_1,0,0.15946518089534586
2015,03,NLD.14_1,0,0.13958632180829933
2015,03,NLD.4_1,0,0.15790889342164946
2015,03,NLD.9_1,0,0.16427506921079957
2015,03,ROU.10_1,0,0.11755109529011919
2015,03,ROU.25_1,0,0.12161522552748694
2015,03,ROU.39_1,0,0.16926524251553068
2015,03,SWE.15_1,0,0.17004904842092736
2015,03,TUR.40_1,0,0.15921733749102834
2015,03,UKR.17_1,0,0.16505791425561017
