year,month,gid_1,est,se
2015,03,AUT.9_1,0,0
2015,03,BEL.2_1,0,0.33641113965303593
2015,03,DEU.9_1,0,0.33201607667842675
2015,03,ESP.1_1,0.019897026537890307,0.06440217131293238
2015,03,ESP.10_1,0.32220220789161613,0.45040647152856145
2015,03,ESP.11_1,0,0.3014801045689478
2015,03,ESP.12_1,0,0.3172509385063331
2015,03,ESP.13_1,0,0.424211827720131
2015,03,ESP.14_1,0,0.32330740492212884
2015,03,ESP.16_1,0,0
2015,03,ESP.17_1,0,0.30280035409474915
2015,03,ESP.18_1,0,0.47844940021723004
2015,03,ESP.2_1,0,0.05089659978766862
2015,03,ESP.3_1,0,0.30541390012224207
2015,03,ESP.4_1,0,0
2015,03,ESP.5_1,0,0.3429030176378366
2015,03,ESP.6_1,0.2954528903976801,0.3610344921797448
2015,03,ESP.7_1,0,0.3225902808178344
2015,03,ESP.8_1,0,0.41646745157934895
2015,03,ESP.9_1,0,0.06315064481067276
2015,03,FRA.11_1,0,0.33124921047959793
2015,03,FRA.13_1,0,0
2015,03,FRA.8_1,0,0.31428995034914714
2015,03,HRV.21_1,0,0.3297471268493532
2015,03,HRV.4_1,0,0
2015,03,ITA.10_1,0,0.14187507739691826
2015,03,ITA.13_1,0,0.07056911434883946
2015,03,ITA.16_1,0,0.11603696305168516
2015,03,ITA.6_1,0.056,0.23003723304159104
2015,03,ITA.8_1,0,0.0547175106343287
2015,03,NLD.14_1,0,0.0922527658972962
2015,03,NLD.4_1,0,0.3289923504523017
2015,03,NLD.9_1,0,0.3363334818523265
2015,03,ROU.10_1,0,0
2015,03,ROU.25_1,0,0.30799226986372896
2015,03,ROU.39_1,0,0.3233751779941309
2015,03,TUR.40_1,0,0
