year,month,gid_1,est,se
2015,03,ESP.10_1,0.23393574297188754,0.8454861674725599
2015,03,ESP.2_1,9.079236974590176e-4,0.040400787182590055
2015,03,ESP.6_1,0.31883788705298055,0.6637146873561124
