year,month,gid_3,est,se
2018,02,ESP.10.1.1_1,0.365,0.4816710568500115
2018,02,ESP.10.1.2_1,0.017,0.1293357171384909
2018,02,ESP.10.1.3_1,0.011,0.10435463521037237
2018,02,ESP.10.1.4_1,0.599,0.4903462444430868
2018,02,ESP.10.1.5_1,0.322,0.46747677432631296
2018,02,ESP.10.1.6_1,0.151,0.3582280381646966
2018,02,ESP.10.1.7_1,1,0
2018,02,ESP.10.1.8_1,0,0
2018,02,ESP.10.1.8_1,0,0
2018,02,ESP.10.1.8_1,0,0
2018,02,ESP.10.1.8_1,0,0
2018,02,ESP.10.1.9_1,0,0
2018,02,ESP.10.1.9_1,0,0
2018,02,ESP.10.1.9_1,0,0
2018,02,ESP.10.2.1_1,0.004,0.06315051850925682
2018,02,ESP.10.2.2_1,0.603,0.4895208173618673
2018,02,ESP.10.2.3_1,0.387,0.48730736549786363
2018,02,ESP.10.2.5_1,0.196,0.39716714584887525
2018,02,ESP.10.2.7_1,0.171,0.3766973598273565
2018,02,ESP.10.2.8_1,0.083,0.2760202658994212
2018,02,ESP.10.3.1_1,0.815,0.38849186082326864
2018,02,ESP.10.3.10_1,0.999,0.03162277660168379
2018,02,ESP.10.3.11_1,0.984,0.12553788177183714
2018,02,ESP.10.3.12_1,0.002,0.04469897088298564
2018,02,ESP.10.3.13_1,0.788,0.40892936214366316
2018,02,ESP.10.3.14_1,0.061,0.239450070654273
2018,02,ESP.10.3.16_1,0.654,0.4759312035478558
2018,02,ESP.10.3.17_1,0.798,0.40169311340544206
2018,02,ESP.10.3.18_1,0.189,0.3917045218432287
2018,02,ESP.10.3.2_1,0.013,0.11333068359382575
2018,02,ESP.10.3.3_1,0.001,0.03162277660168379
2018,02,ESP.10.3.4_1,0.008,0.08912880535463237
2018,02,ESP.10.3.5_1,0.147,0.35428310221702153
2018,02,ESP.10.3.6_1,0,0
2018,02,ESP.10.3.6_1,0,0
2018,02,ESP.10.3.6_1,0,0
2018,02,ESP.10.3.6_1,0,0
2018,02,ESP.10.3.7_1,0.953,0.21174474216810163
2018,02,ESP.10.3.8_1,0.924,0.26513071171460745
2018,02,ESP.10.3.9_1,0.819,0.38521083498181535
