year,month,gid_3,est,se
2018,02,ESP.10.1.1_1,0.369,0.48277538469983333
2018,02,ESP.10.1.2_1,0.017,0.1293357171384909
2018,02,ESP.10.1.3_1,0.011,0.10435463521037237
2018,02,ESP.10.1.4_1,0.654,0.4759312035478558
2018,02,ESP.10.1.5_1,0.332,0.4711666350644939
2018,02,ESP.10.1.6_1,0.177,0.3818596821043259
2018,02,ESP.10.1.7_1,1,0
2018,02,ESP.10.1.8_1,0,0
2018,02,ESP.10.1.8_1,0,0
2018,02,ESP.10.1.8_1,0,0
2018,02,ESP.10.1.8_1,0,0
2018,02,ESP.10.1.9_1,0,0
2018,02,ESP.10.1.9_1,0,0
2018,02,ESP.10.1.9_1,0,0
2018,02,ESP.10.2.1_1,0.005,0.07056897321046962
2018,02,ESP.10.2.2_1,0.618,0.48611964814468495
2018,02,ESP.10.2.3_1,0.38,0.48562931937418674
2018,02,ESP.10.2.5_1,0.197,0.39793133748091436
2018,02,ESP.10.2.7_1,0.168,0.3740533597174552
2018,02,ESP.10.2.8_1,0.097,0.296105857217784
2018,02,ESP.10.3.1_1,0.818,0.3860375953518323
2018,02,ESP.10.3.10_1,0.995,0.07056897321046962
2018,02,ESP.10.3.11_1,0.982,0.13301764429463367
2018,02,ESP.10.3.12_1,0,0
2018,02,ESP.10.3.12_1,0,0
2018,02,ESP.10.3.13_1,0.809,0.3932857404911519
2018,02,ESP.10.3.14_1,0.063,0.24308453280719053
2018,02,ESP.10.3.16_1,0.631,0.48277538469983333
2018,02,ESP.10.3.17_1,0.804,0.39716714584887525
2018,02,ESP.10.3.18_1,0.194,0.39562674393994207
2018,02,ESP.10.3.2_1,0.017,0.1293357171384909
2018,02,ESP.10.3.3_1,0,0
2018,02,ESP.10.3.3_1,0,0
2018,02,ESP.10.3.3_1,0,0
2018,02,ESP.10.3.4_1,0.006,0.07726558075864033
2018,02,ESP.10.3.5_1,0.178,0.38270414482007176
2018,02,ESP.10.3.6_1,0,0
2018,02,ESP.10.3.6_1,0,0
2018,02,ESP.10.3.6_1,0,0
2018,02,ESP.10.3.6_1,0,0
2018,02,ESP.10.3.7_1,0.946,0.2261307920985887
2018,02,ESP.10.3.8_1,0.936,0.24487540497968344
2018,02,ESP.10.3.9_1,0.789,0.4082225442643334
