year,month,gid_2,est,se
2020,07,ESP.1.1_1,0.258,0.43775292989039793
2020,07,ESP.1.2_1,0.244,0.42970763159228237
2020,07,ESP.1.3_1,0.432,0.49560228169533443
2020,07,ESP.1.4_1,0.231,0.42168331341993703
2020,07,ESP.1.5_1,0.112,0.3155242550986462
2020,07,ESP.1.6_1,0.254,0.43551541152257023
2020,07,ESP.1.7_1,0.399,0.48993779098885504
2020,07,ESP.1.8_1,0.661,0.47360669685225454
2020,07,ESP.10.1_1,0.261,0.4393996723622721
2020,07,ESP.10.2_1,0.265,0.4415540396938635
2020,07,ESP.10.3_1,0.411,0.49226143594773025
2020,07,ESP.11.1_1,0.383,0.48636153995515263
2020,07,ESP.11.2_1,0.143,0.3502480173729377
2020,07,ESP.12.1_1,0.927,0.2602666685127751
2020,07,ESP.12.2_1,0,0.47494902524015836
2020,07,ESP.12.3_1,0,0.46785669802824226
2020,07,ESP.12.4_1,0.15,0.35725009115132167
2020,07,ESP.13.1_1,0.415,0.4929685771101623
2020,07,ESP.14.1_1,0.291,0.45445079549443584
2020,07,ESP.14.2_1,0.107,0.30926792049394103
2020,07,ESP.15.1_1,0.282,0.45019848809017415
2020,07,ESP.16.1_1,0,0.47257520811753057
2020,07,ESP.16.2_1,0.295,0.45627095369219284
2020,07,ESP.16.3_1,0.484,0.49999399395792143
2020,07,ESP.17.1_1,0.624,0.4846223879051182
2020,07,ESP.18.1_1,0.411,0.49226143594773025
2020,07,ESP.2.1_1,0,0.47461696267754827
2020,07,ESP.2.2_1,0.124,0.32974646735443996
2020,07,ESP.2.3_1,0.419,0.4936422618482768
2020,07,ESP.3.1_1,0.283,0.4506818324651152
2020,07,ESP.4.1_1,0.12,0.3251241389157466
2020,07,ESP.4.2_1,0,0.44724045436881493
2020,07,ESP.4.3_1,0,0.46593249842986173
2020,07,ESP.4.4_1,0.353,0.4781418404821101
2020,07,ESP.4.5_1,0.117,0.32158111638343195
2020,07,ESP.5.1_1,0.743,0.43719805825522845
2020,07,ESP.5.2_1,0.14,0.3471606552023436
2020,07,ESP.5.3_1,0.144,0.35126540875438816
2020,07,ESP.5.4_1,0,0.47783294604320065
2020,07,ESP.5.5_1,0.288,0.4530576798391804
2020,07,ESP.5.6_1,0,0.47257520811753057
2020,07,ESP.5.7_1,0,0.4729214043101186
2020,07,ESP.5.8_1,0,0.47360669685225454
2020,07,ESP.5.9_1,0,0.4742825570732535
2020,07,ESP.6.1_1,0.883,0.32158111638343195
2020,07,ESP.6.2_1,0.555,0.49721446300587663
2020,07,ESP.6.3_1,0.116,0.3203851535989872
2020,07,ESP.6.4_1,0.44,0.49663532561291557
2020,07,ESP.7.1_1,0.168,0.3740533597174552
2020,07,ESP.8.1_1,0.779,0.41512809027013736
2020,07,ESP.9.1_1,0,0.4729214043101186
