ID_1,est,se
ESP.1_1,0,0
ESP.10_1,0,0
ESP.11_1,0,0
ESP.12_1,0,0
ESP.13_1,0,0
ESP.14_1,0,0
ESP.15_1,0,0
ESP.16_1,0.03873000000000004,0.08838676394401279
ESP.17_1,0.08899999999999997,0.2848862231842041
ESP.18_1,0,0
ESP.2_1,0,0
ESP.3_1,0.02100000000000002,0.14345584540052586
ESP.4_1,0,0
ESP.5_1,0,0
ESP.6_1,0,0
ESP.7_1,0,0
ESP.8_1,0,0
ESP.9_1,0,0
