ID_1,est,se
ESP.1_1,0,0
ESP.10_1,0,0
ESP.11_1,0,0
ESP.12_1,0,0
ESP.13_1,0,0
ESP.14_1,0,0
ESP.15_1,0,0
ESP.16_1,0.046448000000000045,0.10103463459386743
ESP.17_1,0.09099999999999997,0.28775302222878874
ESP.18_1,0,0
ESP.2_1,0,0
ESP.3_1,0.017000000000000015,0.1293357171384909
ESP.4_1,0,0
ESP.5_1,0,0
ESP.6_1,0,0
ESP.7_1,0,0
ESP.8_1,0,0
ESP.9_1,0,0
