year,month,gid_2,est,se
2022,05,ESP.10.1_1,0.43,0.49532347546360583
2022,05,ESP.10.2_1,0.47,0.49934892545128134
2022,05,ESP.10.3_1,0.965,0.18387171834952978
