year,month,gid_2,est,se
2022,05,ESP.1.1_1,0.084,0.2775266131761439
2022,05,ESP.1.2_1,0.357,0.4793545460103417
2022,05,ESP.1.3_1,0.11,0.31304631925323445
2022,05,ESP.1.4_1,0.22,0.4144535821678608
2022,05,ESP.1.5_1,0.114,0.31797028965786267
2022,05,ESP.1.6_1,0.107,0.30926792049394103
2022,05,ESP.1.7_1,0.095,0.2933616557443407
2022,05,ESP.1.8_1,0.578,0.49412565219806204
2022,05,ESP.10.1_1,0.306,0.4610602743422779
2022,05,ESP.10.2_1,0.465,0.4990230696310783
2022,05,ESP.10.3_1,0.319,0.4663222667388471
2022,05,ESP.11.1_1,0.091,0.28775302222878874
2022,05,ESP.11.2_1,0.112,0.3155242550986462
2022,05,ESP.12.1_1,0.465,0.4990230696310783
2022,05,ESP.12.2_1,0,0.4781418404821101
2022,05,ESP.12.4_1,0.493,0.5002011607355596
2022,05,ESP.13.1_1,0.497,0.5002411830719671
2022,05,ESP.14.1_1,0.074,0.2619018758859749
2022,05,ESP.15.1_1,0.122,0.32744957355785825
2022,05,ESP.16.1_1,0,0.47461696267754827
2022,05,ESP.16.2_1,0.463,0.4988786223921405
2022,05,ESP.16.3_1,0.449,0.4976410821532389
2022,05,ESP.17.1_1,0.579,0.49396660110072527
2022,05,ESP.18.1_1,0.649,0.4775217555536366
2022,05,ESP.2.1_1,0,0.4796520260210167
2022,05,ESP.2.2_1,0.305,0.4606378047741926
2022,05,ESP.2.3_1,0.112,0.3155242550986462
2022,05,ESP.3.1_1,0.136,0.3429600875052688
2022,05,ESP.4.1_1,0.225,0.4177912750998392
2022,05,ESP.4.2_1,0,0.4606378047741926
2022,05,ESP.4.4_1,0.139,0.3461196307619647
2022,05,ESP.4.5_1,0.195,0.3963989557656934
2022,05,ESP.5.2_1,0.288,0.4530576798391804
2022,05,ESP.5.3_1,0.376,0.4846223879051182
2022,05,ESP.5.5_1,0.162,0.36863517451796685
2022,05,ESP.5.6_1,0,0.4768924684102554
2022,05,ESP.5.7_1,0,0.4756061408363029
2022,05,ESP.5.8_1,0,0.48222768848702946
2022,05,ESP.6.1_1,0.814,0.3893013685508382
2022,05,ESP.6.2_1,0.563,0.4962633144584408
2022,05,ESP.6.3_1,0.209,0.4067978422810088
2022,05,ESP.6.4_1,0.32,0.46670956473787617
2022,05,ESP.7.2_1,0,0.4580489153014215
2022,05,ESP.8.1_1,0.538,0.49880337288836046
2022,05,ESP.9.1_1,0,0.4816710568500115
