year,month,gid_2,est,se
2022,05,ESP.10.1_1,0.51,0.5001501276118503
2022,05,ESP.10.2_1,0.546,0.49812863010685515
2022,05,ESP.10.3_1,1,0
