year,month,gid_1,est,se
2021,12,ESP.1_1,0,0.14177908710211037
2021,12,ESP.10_1,0,0.13718015287543012
2021,12,ESP.11_1,0,0.1411531277840186
2021,12,ESP.12_1,0,0.11720014264324706
2021,12,ESP.13_1,0,0.11882252959039763
2021,12,ESP.14_1,0,0.19483651113113998
2021,12,ESP.16_1,0.013828996518128212,0.08438800298442255
2021,12,ESP.17_1,0.11300000000000003,0.2683847389164194
2021,12,ESP.18_1,0,0.1098541059389126
2021,12,ESP.2_1,0,0.1302182525815831
2021,12,ESP.3_1,0.011,0
2021,12,ESP.4_1,0,0.1224692543213623
2021,12,ESP.5_1,0,0.1165040124153352
2021,12,ESP.6_1,0,0.11946082854307126
2021,12,ESP.8_1,0,0.09397566259370187
2021,12,ESP.9_1,0,0.12172892947464643
