year,month,gid_3,est,se
2020,10,HUN.10.2_1,0.0020407359307359303,-0.006655064803692674
2020,10,HUN.10.4_1,0.001805735930735931,-0.007932669049866342
2020,10,HUN.10.6_1,6.307359307359308e-4,-0.014776472621163035
2020,10,HUN.12.1_1,0.001805735930735931,-0.007932669049866342
2020,10,HUN.13.3_1,-7.426406926406897e-5,-0.019330095555531973
2020,10,HUN.14.11_1,8.65735930735931e-4,-0.013340182117714264
2020,10,HUN.14.12_1,-0.0012492640692640692,-0.02798229120652328
2020,10,HUN.14.14_1,0.0013357359307359306,-0.010573280989969857
2020,10,HUN.14.15_1,0.00157073593073593,-0.009238168720015962
2020,10,HUN.14.2_1,3.9573593073593063e-4,-0.01625146094410005
2020,10,HUN.14.4_1,1.6073593073593042e-4,-0.017768181630929487
2020,10,HUN.14.5_1,6.307359307359308e-4,-0.014776472621163035
2020,10,HUN.14.6_1,0.002745735930735931,-0.002974774803282963
2020,10,HUN.14.7_1,6.307359307359316e-4,-0.014776472621163035
2020,10,HUN.14.8_1,0.002745735930735931,-0.002974774803282963
2020,10,HUN.14.9_1,0.0022757359307359307,-0.005403801741747615
2020,10,HUN.16.9_1,0.0013357359307359306,-0.010573280989969857
2020,10,HUN.17.2_1,0.0015707359307359308,-0.009238168720015962
2020,10,HUN.19.8_1,0.0018057359307359318,-0.007932669049866342
2020,10,HUN.2.1_1,0.001805735930735931,-0.007932669049866342
2020,10,HUN.2.3_1,0.005800735930735931,0.010938963463885506
2020,10,HUN.4.15_1,-7.426406926406897e-5,-0.019330095555531973
2020,10,HUN.5.1_1,-0.0010142640692640693,-0.026119606509173745
2020,10,HUN.8.1_1,0.0022757359307359307,-0.005403801741747615
2020,10,ITA.10.2.142_1,8.65735930735931e-4,-0.013340182117714264
2020,10,ITA.10.2.175_1,0.0020407359307359303,-0.006655064803692674
2020,10,ITA.10.2.18_1,0.0022757359307359307,-0.005403801741747615
2020,10,ITA.10.5.42_1,6.307359307359308e-4,-0.014776472621163035
2020,10,ITA.17.2.135_1,0.0011007359307359304,-0.011939911008986214
2020,10,ITA.20.1.21_1,0.0022757359307359307,-0.005403801741747615
2020,10,ITA.20.1.53_1,0.0020407359307359303,-0.006655064803692674
2020,10,ITA.20.7.55_1,0.0011007359307359304,-0.011939911008986214
