ID_1,est,se
ESP.1_1,0,0
ESP.10_1,0,0
ESP.11_1,0,0
ESP.12_1,0,0
ESP.13_1,0,0
ESP.14_1,0,0
ESP.15_1,0,0
ESP.16_1,0.10226400000000013,0.14861060605098655
ESP.17_1,0.34299999999999997,0.47494902524015836
ESP.18_1,0,0
ESP.2_1,0,0
ESP.3_1,0.013000000000000012,0.11333068359382575
ESP.4_1,0,0
ESP.5_1,0,0
ESP.6_1,0,0
ESP.7_1,0,0
ESP.8_1,0,0
ESP.9_1,0,0
