year,month,gid_1,est,se
2021,10,ESP.1_1,0,0.21500843105133632
2021,10,ESP.10_1,0,0.226599091297512
2021,10,ESP.11_1,0,0.2282412298880117
2021,10,ESP.12_1,0,0.21884800486310022
2021,10,ESP.13_1,0,0.2240562426407331
2021,10,ESP.14_1,0,0.22021410931421284
2021,10,ESP.16_1,0.06198398797138215,0.15361097576473215
2021,10,ESP.17_1,0.35,0.46950406811762235
2021,10,ESP.18_1,0,0.23311929788626107
2021,10,ESP.2_1,0,0.21072423114063238
2021,10,ESP.3_1,0.048,0.11793369296984052
2021,10,ESP.4_1,0,0.22565780297431073
2021,10,ESP.5_1,0,0.22432832638551797
2021,10,ESP.6_1,0,0.2087980854240915
2021,10,ESP.7_1,0,0.21656833242338003
2021,10,ESP.8_1,0,0.23133210415090877
2021,10,ESP.9_1,0,0.22589462225256912
2021,10,ITA.1_1,0,0.2271873584595663
2021,10,ITA.10_1,0,0.0998944109223209
2021,10,ITA.11_1,0,0.20159998353528985
2021,10,ITA.12_1,0,0.2444105498769631
2021,10,ITA.13_1,0,0.2276102434052302
2021,10,ITA.14_1,0,0.20478409042647
2021,10,ITA.15_1,0,0.2102093745347674
2021,10,ITA.16_1,0,0.22657275450713762
2021,10,ITA.17_1,0,0.2453379264478072
2021,10,ITA.18_1,0,0.21723259878186835
2021,10,ITA.19_1,0,0.19887731752511778
2021,10,ITA.2_1,0,0.21823955836468398
2021,10,ITA.20_1,0,0.028552967998608143
2021,10,ITA.3_1,0,0.24859584151841588
2021,10,ITA.4_1,0,0.21931610322923273
2021,10,ITA.5_1,0,0.23427131962019745
2021,10,ITA.6_1,0,0.20942561129965065
2021,10,ITA.7_1,0.03396803452522914,0.14553381432706092
2021,10,ITA.8_1,0,0.21817440130299168
2021,10,ITA.9_1,0,0.20359054931578632
