year,month,gid_1,est,se
2021,10,ESP.1_1,0.28360012476304713,0.2507426281650942
2021,10,ESP.10_1,0.3178556003888702,0.4038720795873896
2021,10,ESP.11_1,0.07185622287395899,0.13737804541747609
2021,10,ESP.12_1,0.022494505168416445,0.19462553372001246
2021,10,ESP.13_1,0.63210551558753,0.49701112358997923
2021,10,ESP.14_1,0.07772089502706833,0.14437719028625143
2021,10,ESP.16_1,0.12245328023417716,0.17940976562047042
2021,10,ESP.17_1,0.47407913669064744,0.4890498020179749
2021,10,ESP.18_1,0.1557194244604317,0.2782249423689229
2021,10,ESP.2_1,0.03891813387642782,0.24617723712423636
2021,10,ESP.3_1,0.040371702637889695,0.056665876923263116
2021,10,ESP.4_1,0.05492857430916914,0.2421744394295918
2021,10,ESP.5_1,0.06229693919468387,0.2443348749973006
2021,10,ESP.6_1,0.4177323850304941,0.28057478490368065
2021,10,ESP.7_1,0.2353093525179856,0.36413825109314896
2021,10,ESP.8_1,0.49714868105515586,0.4935398920286
2021,10,ESP.9_1,0,0.359973448813768
