year,month,gid_1,est,se
2021,10,ESP.1_1,0.27383130768657216,0.23884310804012773
2021,10,ESP.10_1,0.3263792979621194,0.41471980431194094
2021,10,ESP.11_1,0.08308719920922682,0.15998022529652844
2021,10,ESP.12_1,0.024737200055643675,0.19020506783411434
2021,10,ESP.13_1,0.6164906103286385,0.4966689834582894
2021,10,ESP.14_1,0.07552951740632417,0.13437960065112564
2021,10,ESP.16_1,0.11503899781368672,0.1624723953284516
2021,10,ESP.17_1,0.5010387323943662,0.4962250930672164
2021,10,ESP.18_1,0.13226525821596244,0.24677644425371972
2021,10,ESP.2_1,0.03607323541020732,0.23425520600635988
2021,10,ESP.3_1,0.029143192488262908,0.013191326801105008
2021,10,ESP.4_1,0.047806731259546445,0.22521137352222986
2021,10,ESP.5_1,0.07134727214172358,0.2619288837509089
2021,10,ESP.6_1,0.40527858160472924,0.25114634080589093
2021,10,ESP.7_1,0.21072769953051645,0.3440897392224731
2021,10,ESP.8_1,0.4875880281690141,0.49418739672556816
2021,10,ESP.9_1,0,0.33947731033108053
