year,month,gid_1,est,se
2021,10,ESP.10_1,0.9813582054111126,0.8276429182932026
2021,10,ESP.2_1,0.03090564723057615,0.17546590015629673
2021,10,ESP.6_1,0.7843363642463592,0.25420805199712354
