year,month,gid_1,est,se
2020,01,ESP.1_1,0.2099019870817491,0.338364142723127
2020,01,ESP.10_1,0.10934946678556912,0.2883769460591324
2020,01,ESP.11_1,0,0.09587447196217438
2020,01,ESP.12_1,0,0.28623067458492507
2020,01,ESP.13_1,0,0.4157990967870047
2020,01,ESP.14_1,0.24987589078580105,0.35819908330354056
2020,01,ESP.15_1,0,0.21805400144814482
2020,01,ESP.16_1,0,0.32289703008079407
2020,01,ESP.17_1,0.40383390495648286,0.4825026516080599
2020,01,ESP.18_1,0,0.45978516983739526
2020,01,ESP.2_1,0,0.2240796384518985
2020,01,ESP.3_1,0,0.11754921445002435
2020,01,ESP.4_1,0,0.09246953457269308
2020,01,ESP.5_1,0,0.03484574937201214
2020,01,ESP.6_1,0.4221276748198031,0.2948011219168872
2020,01,ESP.8_1,0.8746076691584698,0.402433787041984
2020,01,ESP.9_1,0,0.4248346554654934
2020,01,ITA.10_1,0,0.4401404334614926
2020,01,ITA.13_1,0,0.08820815757000317
2020,01,ITA.16_1,0.001097374741729573,0.03162277660168379
2020,01,ITA.20_1,0.001097374741729573,0.03162277660168379
2020,01,ITA.6_1,0.0647451097620448,0.23574260237507896
2020,01,ITA.8_1,0.8098625593964248,0.4399426662072566
