year,month,gid_1,est,se
2020,01,AUT.9_1,0,0.09955171613155514
2020,01,BEL.1_1,0,0.09955171613155515
2020,01,BEL.2_1,0,0.03162378857911022
2020,01,BGR.21_1,0,0.37495143318638413
2020,01,CYP.1_1,0,0.381022913471942
2020,01,CYP.2_1,0,0.20520429105984736
2020,01,CYP.3_1,0,0.37844864976713405
2020,01,CYP.4_1,0,0.370472705125299
2020,01,DEU.1_1,0,0.242215081884395
2020,01,DEU.10_1,0,0.32575116220329414
2020,01,DEU.2_1,0,0.4124220738114862
2020,01,DEU.7_1,0,0.48318820844911864
2020,01,ESP.1_1,0.20807359964974215,0.3524199077716472
2020,01,ESP.10_1,0.17485361132469748,0.3168422479684927
2020,01,ESP.11_1,0,0.20589777249773242
2020,01,ESP.12_1,0,0.3227177972199095
2020,01,ESP.13_1,0,0.3130563372163154
2020,01,ESP.14_1,0.07910209509328736,0.22865458757102602
2020,01,ESP.15_1,0,0.031623788579110225
2020,01,ESP.16_1,0.0035385758836320507,0.26608094241288033
2020,01,ESP.17_1,0.4092276830491474,0.4917247731667999
2020,01,ESP.18_1,0.31995987963891676,0.46633718976769195
2020,01,ESP.2_1,0.0787096632008628,0.3023879369737782
2020,01,ESP.3_1,0,0.04470040131871517
2020,01,ESP.4_1,0,0.17560562380300615
2020,01,ESP.5_1,0,0.25518558967287147
2020,01,ESP.6_1,0.36377390557109096,0.29384862010565943
2020,01,ESP.8_1,0.8816449348044132,0.3263009036018223
2020,01,ESP.9_1,0,0.4053712276032601
2020,01,FRA.10_1,0,0.20280067449167408
2020,01,FRA.11_1,0,0.39032402023654994
2020,01,FRA.2_1,0,0.38604994914786894
2020,01,FRA.8_1,0.08028663614438321,0.27842247921010926
2020,01,GRC.3_1,0,0.38769048704446435
2020,01,HUN.1_1,0,0.094490736857569535
2020,01,HUN.5_1,0,0.2635315714925852
2020,01,HUN.7_1,0,0.3582395020121855
2020,01,ITA.10_1,0.57172952059339,0.36078506268171623
2020,01,ITA.13_1,0.11544332132728258,0.28727589356201894
2020,01,ITA.16_1,0.0160481444332999,0.12554189917689032
2020,01,ITA.20_1,0.10631895687061184,0.30800151008459775
2020,01,ITA.6_1,0.020060180541624874,0.1400745350006288
2020,01,ITA.8_1,0.8896690070210632,0.3167613501478992
2020,01,NLD.1_1,0,0.1043579747189964
2020,01,NLD.10_1,0,0.04470040131871517
2020,01,NLD.11_1,0,0.09656139143990027
2020,01,NLD.12_1,0,0.3353783983895777
2020,01,NLD.14_1,0.028653932946962245,0.1042459199669947
2020,01,NLD.2_1,0,0.049568344281985054
2020,01,NLD.4_1,0,0.11558584477826755
2020,01,NLD.8_1,0,0.1141367320191761
2020,01,NLD.9_1,0.06444364624155004,0.17582209001465823
2020,01,PRT.12_1,0,0.3306484033203143
2020,01,TUR.7_1,0,0.39018260390150555
2020,01,ZNC.5_1,0,0.3668012340434987
