year,month,gid_1,est,se
2020,01,AUT.9_1,0,0
2020,01,BEL.1_1,0,0.08912880535463237
2020,01,BEL.2_1,0,0.06463238150096295
2020,01,BGR.21_1,0,0.4130939925085412
2020,01,CYP.1_1,0,0.41033202698835536
2020,01,CYP.2_1,0,0.46231237570795436
2020,01,CYP.3_1,0,0.39407016036651554
2020,01,CYP.4_1,0,0.4157990967870047
2020,01,DEU.1_1,0,0.14938363414822112
2020,01,DEU.10_1,0,0.16505527329729044
2020,01,DEU.2_1,0,0.40751204407485436
2020,01,DEU.7_1,0,0.4993869335762539
2020,01,ESP.1_1,0.18738242019905604,0.3354331660372467
2020,01,ESP.10_1,0.10485534422401953,0.2964714755654141
2020,01,ESP.11_1,0,0.09894900650060305
2020,01,ESP.12_1,0,0.2677980148148641
2020,01,ESP.13_1,0,0.4308940353145651
2020,01,ESP.14_1,0.23552288210051153,0.36850173606427095
2020,01,ESP.15_1,0,0.21174474216810163
2020,01,ESP.16_1,0,0.3322664503276474
2020,01,ESP.17_1,0.35,0.47720826452161086
2020,01,ESP.18_1,0,0.46593249842986173
2020,01,ESP.2_1,0,0.22350269091505162
2020,01,ESP.3_1,0,0.08341437500789632
2020,01,ESP.4_1,0,0.0927967135113552
2020,01,ESP.5_1,0,0.031137582719442686
2020,01,ESP.6_1,0.3740557714376436,0.2909792680352962
2020,01,ESP.8_1,0.787,0.40963251677424095
2020,01,ESP.9_1,0,0.40020015012510946
2020,01,FRA.10_1,0,0.33592960798451066
2020,01,FRA.11_1,0,0.4142730623807063
2020,01,FRA.2_1,0,0.19129190414806527
2020,01,FRA.8_1,0,0.4842327548144961
2020,01,GRC.3_1,0,0.409632516774241
2020,01,HUN.1_1,0,0.3971671458488753
2020,01,HUN.5_1,0,0.32744957355785825
2020,01,HUN.7_1,0,0.3105357184486713
2020,01,ITA.10_1,0,0.4456224049841837
2020,01,ITA.13_1,0,0.08543011647343257
2020,01,ITA.16_1,0.014,0.11754921445002435
2020,01,ITA.20_1,0.002,0.04469897088298564
2020,01,ITA.6_1,0.076,0.26513071171460745
2020,01,ITA.8_1,0.774,0.41844844258175834
2020,01,NLD.1_1,0,0
2020,01,NLD.10_1,0,0
2020,01,NLD.11_1,0,0
2020,01,NLD.12_1,0,0
2020,01,NLD.14_1,6.145133630542507e-4,0.013789284765289078
2020,01,NLD.2_1,0,0.015324977266649465
2020,01,NLD.4_1,0,0
2020,01,NLD.8_1,0.0014830667669541511,0.020660621366201896
2020,01,NLD.9_1,4.1912006433567246e-4,0.004400188488417059
2020,01,PRT.12_1,0.31549874842904263,0.3033216821995499
2020,01,TUR.7_1,0,0.41779042961800983
2020,01,ZNC.5_1,0,0.39639895576569334
