ID_0,est,se
ESP,0.9967654563160854,0.21556049796698928
