ID_0,est,se
ALB,0,0
ARG,0.025,0.15620307103062794
AUT,0,0
BEL,0,0
BGR,0,0
CHN,0,0
DEU,0,0
DOM,0.022,0.1467567291047928
ESP,0,0
FRA,0,0
GRC,0,0
GTM,0.007,0.08341437500789632
HND,0.002,0.04469897088298564
HRV,0,0
HUN,0,0
IND,0.202,0.5950889640638297
ITA,0,0
MEX,1.827,1.2639514105427938
NLD,0,0
PAK,0.01,0.14113794642093924
PER,0.148,0.5238037517719498
ROU,0,0
SRB,0,0
SVN,0,0
TUR,0,0
USA,0.003,0.05471740119919799
VEN,0.365,0.4816710568500115
XKO,0,0
