year,month,gid_1,est,se
2017,03,ESP.1_1,0.1681448624582954,0.31779425363492836
2017,03,ESP.10_1,0.6229293048535659,0.4706921691655175
2017,03,ESP.12_1,0,0.4699607231149683
2017,03,ESP.13_1,0.7349503107842732,0.44261726295702747
2017,03,ESP.14_1,0,0.4581510236379634
2017,03,ESP.15_1,0.012031928689510613,0.10894061573532608
2017,03,ESP.16_1,0.012368541474155177,0.27903594519085506
2017,03,ESP.17_1,0,0.4686129620105757
2017,03,ESP.18_1,0.6106203809926636,0.4882224607042322
2017,03,ESP.2_1,0.1787116622811103,0.2914259863071647
2017,03,ESP.3_1,0,0.4593586650680901
2017,03,ESP.4_1,0.01177876257547015,0.2706660361663987
2017,03,ESP.5_1,0,0.4667207601291054
2017,03,ESP.6_1,0.6555458830713381,0.4424789853601463
2017,03,ESP.8_1,0.021055875206643572,0.143456993061061
2017,03,ESP.9_1,0.01604257158601415,0.12553888608694314
