year,month,gid_1,est,se
2017,03,ESP.1_1,0.04544243763836048,0.06034777826028267
2017,03,ESP.10_1,0.16463890480256146,0.3098606857467431
2017,03,ESP.12_1,0,0.3215731818092804
2017,03,ESP.13_1,0,0.4768924684102554
2017,03,ESP.14_1,0,0.3256546831497733
2017,03,ESP.15_1,0,0
2017,03,ESP.16_1,0,0.02311380737609474
2017,03,ESP.17_1,0,0.3067068128833611
2017,03,ESP.18_1,0,0.48462238790511825
2017,03,ESP.2_1,0,0
2017,03,ESP.3_1,0,0.32744957355785825
2017,03,ESP.4_1,0,0
2017,03,ESP.5_1,0,0.324882061496937
2017,03,ESP.6_1,0.3194563181112716,0.3366243237102673
2017,03,ESP.8_1,0,0.13301764429463367
2017,03,ESP.9_1,0,0.04469897088298564
2017,03,ITA.10_1,0,0
2017,03,ITA.16_1,0,0.09448771310560929
