year,month,gid_1,est,se
2017,04,AND.2_1,0,0.38523009696822547
2017,04,AND.3_1,0,0.39718700569566867
2017,04,AND.4_1,0,0.38769746610832645
2017,04,AND.5_1,0,0.38605689867936155
2017,04,AND.6_1,0,0.3925168289387782
2017,04,AND.7_1,0,0.374072063788258
2017,04,AUT.4_1,0,0.4323663027533919
2017,04,BEL.1_1,0,0.3940898653524201
2017,04,CHE.8_1,0,0.3917241085383352
2017,04,CZE.9_1,0,0.39795123554015527
2017,04,DEU.13_1,0,0.40152315843653147
2017,04,DEU.6_1,0,0.3964187772001016
2017,04,DEU.7_1,0,0.3925168289387782
2017,04,ESP.1_1,0,0.4003270312037058
2017,04,ESP.10_1,0,0.39184922914969594
2017,04,ESP.11_1,0,0.4096889711896597
2017,04,ESP.12_1,0,0.39574065677101977
2017,04,ESP.13_1,0,0.3987114897267935
2017,04,ESP.14_1,0,0.3906308925109962
2017,04,ESP.15_1,0,0.3987114897267935
2017,04,ESP.16_1,0.04812930466071554,0.28746067649057905
2017,04,ESP.17_1,0.5525800214822771,0.5000189955327531
2017,04,ESP.18_1,0,0.3901261373241807
2017,04,ESP.2_1,0,0.3900404459056503
2017,04,ESP.3_1,0,0.27298528460353777
2017,04,ESP.4_1,0,0.3977491283087173
2017,04,ESP.5_1,0,0.398364393208385
2017,04,ESP.6_1,0,0.3919497682636926
2017,04,ESP.7_1,0,0.38769746610832645
2017,04,ESP.8_1,0,0.36865360765918986
2017,04,ESP.9_1,0,0.3909272198478006
2017,04,FRA.1_1,0,0.39365909273079014
2017,04,FRA.10_1,0,0.39408986535242013
2017,04,FRA.11_1,0,0.3909099801743513
2017,04,FRA.13_1,0,0.3987114897267935
2017,04,FRA.3_1,0,0.40171319956758705
2017,04,FRA.4_1,0,0.39955515816777715
2017,04,FRA.8_1,0,0.3983525730466057
2017,04,GRC.3_1,0,0.39092721984780054
2017,04,GRC.7_1,0,0.3925168289387782
2017,04,ITA.10_1,0,0.36865360765918986
2017,04,ITA.8_1,0,0.40096862388906956
2017,04,NLD.9_1,0,0.3962431503728959
2017,04,PRT.15_1,0,0.3970478901189408
2017,04,PRT.18_1,0,0.40681818369874184
2017,04,PRT.9_1,0,0.3972931508925953
2017,04,SRB.3_1,0,0.39408986535242013
