year,month,gid_1,est,se
2017,04,AND.2_1,0,0.40963333604173235
2017,04,AND.3_1,0,0.39170530525462266
2017,04,AND.4_1,0,0.3876788561088626
2017,04,AND.5_1,0,0.41646745157934895
2017,04,AND.6_1,0,0.3810114825673481
2017,04,AND.7_1,0,0.4053590662353633
2017,04,AUT.4_1,0,0.45237919269184396
2017,04,BEL.1_1,0,0.3994486159637378
2017,04,BEL.2_1,0,0.4016939167940791
2017,04,CHE.8_1,0,0.40243459191197273
2017,04,CZE.9_1,0,0.3986923510393924
2017,04,DEU.13_1,0,0.4006392023708001
2017,04,DEU.6_1,0,0.4103328476548714
2017,04,DEU.7_1,0,0.4151289205288087
2017,04,ESP.1_1,0,0.4044428224653089
2017,04,ESP.10_1,0,0.40270106430815794
2017,04,ESP.11_1,0,0.4065083041644317
2017,04,ESP.12_1,0,0.39388033235743797
2017,04,ESP.13_1,0,0.39793213334597693
2017,04,ESP.14_1,0,0.3924245812984505
2017,04,ESP.15_1,0,0.4046336400267016
2017,04,ESP.16_1,0.05244063028705204,0.3017346953782944
2017,04,ESP.17_1,0.5440681576144836,0.5000260244518535
2017,04,ESP.18_1,0,0.38686077509318245
2017,04,ESP.2_1,0,0.39795346161181727
2017,04,ESP.3_1,0,0.2933622424694124
2017,04,ESP.4_1,0,0.3959853160122838
2017,04,ESP.5_1,0,0.3955127961734662
2017,04,ESP.6_1,0,0.4001834364661998
2017,04,ESP.7_1,0,0.38930214715591116
2017,04,ESP.8_1,0,0.4130948186990048
2017,04,ESP.9_1,0,0.39716794018554996
2017,04,FRA.1_1,0,0.40287632689585917
2017,04,FRA.10_1,0,0.3994486159637379
2017,04,FRA.11_1,0,0.39276728353697427
2017,04,FRA.13_1,0,0.3901074107452342
2017,04,FRA.3_1,0,0.4060807315142433
2017,04,FRA.4_1,0,0.4006080397723124
2017,04,FRA.8_1,0,0.40409406076821003
2017,04,GRC.3_1,0,0.4046336400267016
2017,04,GRC.7_1,0,0.4110287334511091
2017,04,ITA.10_1,0,0.35126611128731333
2017,04,ITA.8_1,0,0.39793213334597693
2017,04,NLD.9_1,0,0.4033319175257662
2017,04,PRT.15_1,0,0.3989780257267896
2017,04,PRT.18_1,0,0.39170530525462266
2017,04,PRT.9_1,0,0.3998326656052606
2017,04,SRB.3_1,0,0.4130948186990047
