year,month,gid_1,est,se
2022,02,ESP.10_1,0.967,0.17872588772459053
2022,02,ESP.6_1,0.988,0.10893974420691407
