year,month,gid_1,est,se
2022,02,ESP.1_1,0.12521086637651413,0.16065661435781067
2022,02,ESP.10_1,0.18665657334965052,0.30240298067509597
2022,02,ESP.11_1,0.039374898120214115,0.018716745204869007
2022,02,ESP.12_1,0.10063787629002705,0.34435518422731404
2022,02,ESP.13_1,0.2525727590221188,0.37609177370589403
2022,02,ESP.14_1,0.11088384607233062,0.17437602476981734
2022,02,ESP.15_1,0.03464493597206054,0.004146478181909404
2022,02,ESP.16_1,0.13315457526499747,0.3412013053838964
2022,02,ESP.17_1,0.3352735739231665,0.436864938014394
2022,02,ESP.18_1,0.4570896391152503,0.48757458246558083
2022,02,ESP.2_1,0.052477319083567106,0.18679174404011226
2022,02,ESP.3_1,0.0391152502910361,0.02003458995159476
2022,02,ESP.4_1,0.04531820413738188,0.22885638258731436
2022,02,ESP.5_1,0.05937451828280249,0.25073970152874
2022,02,ESP.6_1,0.28524153154800647,0.3103816429275269
2022,02,ESP.7_1,0.08431162158993888,0.22284047435829957
2022,02,ESP.8_1,0.3285681024447032,0.4328168056895984
2022,02,ESP.9_1,0,0.33789804041307137
