year,month,gid_1,est,se
2022,02,ESP.1_1,0.12518376511845447,0.2717110590095722
2022,02,ESP.10_1,0,0.20708528419389913
2022,02,ESP.11_1,0,0
2022,02,ESP.12_1,0,0.24127621974453722
2022,02,ESP.13_1,0.13168496900754875,0.3251241389157466
2022,02,ESP.14_1,0,0.2912957606113373
2022,02,ESP.16_1,0,0.34845822260582304
2022,02,ESP.17_1,0.10205585098085028,0.290577761426155
2022,02,ESP.18_1,0,0.43265018916693676
2022,02,ESP.2_1,0,0.162345653949559
2022,02,ESP.4_1,0,0.1765496313638204
2022,02,ESP.5_1,0,0.061388864448744196
2022,02,ESP.6_1,0.35354783162619635,0.33323123502169916
2022,02,ESP.8_1,0,0.4597851698373953
2022,02,ITA.1_1,0,0.09448771310560929
2022,02,ITA.10_1,0.18381859711971785,0.31996273134175374
2022,02,ITA.11_1,0,0.4096325167742409
2022,02,ITA.12_1,0,0.4053582555164201
2022,02,ITA.13_1,0,0.13085574893009508
2022,02,ITA.14_1,0,0.33088439746304826
2022,02,ITA.15_1,0,0.13225002099268776
2022,02,ITA.16_1,0.24253672583985048,0.3324136640468881
2022,02,ITA.17_1,0,0.27422375649141095
2022,02,ITA.18_1,0,0
2022,02,ITA.2_1,0,0.2460414918277283
2022,02,ITA.20_1,0.11830448783478768,0.3062244418899327
2022,02,ITA.4_1,0,0.43865716517336106
2022,02,ITA.5_1,0,0.3956184315003379
2022,02,ITA.6_1,0,0.2466559822738134
2022,02,ITA.8_1,0.32266744754591814,0.3869284620246958
2022,02,ITA.9_1,0,0.3014330506523745
