year,month,gid_1,est,se
2022,02,ESP.1_1,0.13621117780469247,0.241690658110638
2022,02,ESP.10_1,0.2611946036742703,0.38164197874381034
2022,02,ESP.11_1,0.04586022932052908,0.08195649078257469
2022,02,ESP.12_1,0.27267928496319666,0.41566993563934956
2022,02,ESP.13_1,0.07153943217665616,0.15117362049796362
2022,02,ESP.14_1,0.0902290989575221,0.17956704505701276
2022,02,ESP.16_1,0.10582034851826375,0.21349189043036673
2022,02,ESP.17_1,0.5121808622502628,0.5001996298581662
2022,02,ESP.18_1,0.3131146161934805,0.4423772627951313
2022,02,ESP.2_1,0.03767246756721399,0.26098040067768913
2022,02,ESP.4_1,0.03428250765060458,0.25894638314545504
2022,02,ESP.5_1,0.03266411378476612,0.19686238012996785
2022,02,ESP.6_1,0.23199087450567285,0.27823799119897025
2022,02,ESP.8_1,0.21565509989484752,0.36698439295461405
