year,month,gid_1,est,se
2022,02,ESP.10_1,0.41091929099115987,0.9670836130003374
2022,02,ESP.2_1,0.04776327299270859,0.22402453779548595
2022,02,ESP.6_1,0.5845282185624701,0.5997784076633356
