year,month,gid_1,est,se
2020,01,ESP.1_1,0,0.17351105840301415
2020,01,ESP.10_1,0,0.16914975837288643
2020,01,ESP.11_1,0,0.18465300733167753
2020,01,ESP.12_1,0,0.18831145215674344
2020,01,ESP.13_1,0,0.1639500820063401
2020,01,ESP.14_1,0,0.1964221377511939
2020,01,ESP.15_1,0,0.1662030490675708
2020,01,ESP.16_1,0.04390350416332105,0.19693139386996567
2020,01,ESP.17_1,0.116,0.22500016777632617
2020,01,ESP.18_1,0,0.15939174382839894
2020,01,ESP.2_1,0,0.17614978627185354
2020,01,ESP.3_1,0.084,0.15939174382839894
2020,01,ESP.4_1,0,0.17982983614911033
2020,01,ESP.5_1,0,0.16924992144965187
2020,01,ESP.6_1,0,0.1737944589088489
2020,01,ESP.8_1,0,0.14767661322101283
2020,01,ESP.9_1,0,0.15708580737398445
