year,month,gid_1,est,se
2020,01,ESP.1_1,0,0.15319047263023342
2020,01,ESP.10_1,0,0.14879079546659146
2020,01,ESP.11_1,0,0.15366467440623716
2020,01,ESP.12_1,0,0.12475548735342552
2020,01,ESP.13_1,0,0.14883144845000368
2020,01,ESP.14_1,0,0.19253389589353173
2020,01,ESP.15_1,0,0.14367074531433907
2020,01,ESP.16_1,0.01803179635279257,0.12788082382160626
2020,01,ESP.17_1,0.052,0.14883144845000376
2020,01,ESP.18_1,0,0.1538765940441419
2020,01,ESP.2_1,0,0.15518860369231585
2020,01,ESP.3_1,0.032,0.09064250588571339
2020,01,ESP.4_1,0,0.1498672027269256
2020,01,ESP.5_1,0,0.14317859337342154
2020,01,ESP.6_1,0,0.14240138343638473
2020,01,ESP.8_1,0,0.14626594023321215
2020,01,ESP.9_1,0,0.15136807667344288
