year,month,gid_1,est,se
2020,01,ESP.1_1,0,0.14523368581568913
2020,01,ESP.10_1,0,0.1543955663890583
2020,01,ESP.11_1,0,0.14641707220688555
2020,01,ESP.12_1,0,0.14572542953042172
2020,01,ESP.13_1,0,0.18636599711843171
2020,01,ESP.14_1,0,0.1527737324419544
2020,01,ESP.15_1,0,0.16403780354299882
2020,01,ESP.16_1,0,0.10578603666218603
2020,01,ESP.17_1,0.143,0.3000034349979595
2020,01,ESP.18_1,0,0.11793369296984052
2020,01,ESP.2_1,0,0.12478641716296868
2020,01,ESP.3_1,0,0.09726178539155524
2020,01,ESP.4_1,0,0.1530262114060852
2020,01,ESP.5_1,0,0.1567330074048915
2020,01,ESP.6_1,0,0.13795400538809816
2020,01,ESP.8_1,0,0.16169193364850593
2020,01,ESP.9_1,0,0.16866453596731654
2020,01,ITA.10_1,0,0.06989308315360665
2020,01,ITA.13_1,0,0.17022324203537623
2020,01,ITA.16_1,0,0.139513183186263
2020,01,ITA.20_1,0,0.019401444166726546
2020,01,ITA.6_1,0,0.18205527994920806
2020,01,ITA.8_1,0,0.13164803735068145
