year,month,gid_1,est,se
2020,01,AUT.1_1,0.781,0.41377555535605315
2020,01,AUT.2_1,1,0
2020,01,AUT.2_1,1,0
2020,01,AUT.3_1,0.765,0.42421097929562707
2020,01,AUT.4_1,0.999,0.03162277660168379
2020,01,AUT.4_1,0.999,0.03162277660168379
2020,01,AUT.4_1,0.999,0.03162277660168379
2020,01,AUT.4_1,0.999,0.03162277660168379
2020,01,AUT.4_1,0.999,0.03162277660168379
2020,01,AUT.5_1,0.691,0.46231237570795436
2020,01,AUT.6_1,0.864,0.3429600875052688
2020,01,AUT.6_1,0.864,0.3429600875052688
2020,01,AUT.7_1,0.732,0.4431392245924213
2020,01,AUT.8_1,0.419,0.4936422618482768
2020,01,AUT.9_1,0.155,0.362085771753194
2020,01,CHE.19_1,0.627,0.48384409173317916
2020,01,CHE.21_1,0.687,0.4639463829433809
2020,01,CHE.25_1,0.614,0.48707416400507353
2020,01,CHE.26_1,0.804,0.39716714584887525
2020,01,DEU.11_1,0.251,0.43380547159664457
2020,01,DEU.2_1,0.734,0.44208533049564025
2020,01,ESP.16_1,0.124,0.32974646735443996
2020,01,ESP.17_1,0.359,0.4799472360055315
2020,01,ESP.3_1,0.156,0.3630369069334353
2020,01,HRV.8_1,0.632,0.4825026516080599
2020,01,HUN.1_1,0,0
2020,01,HUN.10_1,0.137,0.3440194025768741
2020,01,HUN.11_1,0,0
2020,01,HUN.12_1,0.075,0.26352313834736496
2020,01,HUN.13_1,0.03,0.17067257872642908
2020,01,HUN.14_1,0.357,0.4793545460103417
2020,01,HUN.18_1,0.571,0.4951809812626129
2020,01,HUN.2_1,0.045,0.20740785428237288
2020,01,HUN.4_1,0.45,0.497742652128334
2020,01,HUN.5_1,0.141,0.34819569244928955
2020,01,HUN.8_1,0.59,0.4920794063381866
2020,01,HUN.9_1,0.002,0.04469897088298564
2020,01,ITA.10_1,0.001,0.03162277660168379
2020,01,ITA.20_1,0.001,0.03162277660168379
2020,01,ITA.7_1,0.819,0.38521083498181535
2020,01,NLD.7_1,0,0
2020,01,ROU.14_1,0.001,0.03162277660168379
2020,01,ROU.29_1,0,0
2020,01,SRB.5_1,0,0
2020,01,SVN.8_1,0.055,0.22809433799861634
