year,month,gid_2,est,se
2022,02,ESP.1.1_1,0.037,0.1888562063228706
2022,02,ESP.1.2_1,0.183,0.3868600013708585
2022,02,ESP.1.7_1,0.03,0.17067257872642908
2022,02,ESP.1.8_1,0.354,0.4784484433174727
2022,02,ESP.10.1_1,0.17,0.3758207567993567
2022,02,ESP.10.3_1,0.146,0.3532829019480122
2022,02,ESP.11.1_1,0.037,0.1888562063228706
2022,02,ESP.11.2_1,0.025,0.15620307103062794
2022,02,ESP.12.1_1,0.192,0.39407016036651554
2022,02,ESP.13.1_1,0.252,0.4343785039394614
2022,02,ESP.14.1_1,0.04,0.19605723255834873
2022,02,ESP.14.2_1,0.14,0.3471606552023436
2022,02,ESP.16.2_1,0.19,0.3924972026066607
2022,02,ESP.16.3_1,0.202,0.40169311340544206
2022,02,ESP.17.1_1,0.307,0.46148018805140917
2022,02,ESP.18.1_1,0.401,0.4903462444430868
2022,02,ESP.2.1_1,0,0.3601676286407771
2022,02,ESP.2.3_1,0.042,0.20068950215762726
2022,02,ESP.4.3_1,0,0.3766973598273565
2022,02,ESP.4.5_1,0.083,0.2760202658994212
2022,02,ESP.5.2_1,0.123,0.32860155048170264
2022,02,ESP.5.8_1,0,0.3893013685508382
2022,02,ESP.6.1_1,0.572,0.49503642397409614
2022,02,ESP.6.2_1,0.291,0.45445079549443584
2022,02,ESP.6.3_1,0.08,0.27142894774447635
2022,02,ESP.6.4_1,0.15,0.35725009115132167
2022,02,ESP.8.1_1,0.301,0.4589222261011223
