year,month,gid_2,est,se
2022,02,ESP.1.1_1,0.085,0.2790212408632233
2022,02,ESP.1.2_1,0.363,0.4811054587743341
2022,02,ESP.1.7_1,0.08,0.27142894774447635
2022,02,ESP.1.8_1,0.619,0.48587557571365436
2022,02,ESP.10.1_1,0,0.46971974265154814
2022,02,ESP.10.3_1,0,0.475278749672116
2022,02,ESP.11.1_1,0,0.25014710386805117
2022,02,ESP.11.2_1,0,0.24664921616708177
2022,02,ESP.12.1_1,0,0.49170903772228736
2022,02,ESP.13.1_1,0.391,0.4882185549089233
2022,02,ESP.14.1_1,0,0.2619018758859749
2022,02,ESP.14.2_1,0,0.40094857495663927
2022,02,ESP.16.2_1,0,0.48776727741507725
2022,02,ESP.16.3_1,0,0.45019848809017415
2022,02,ESP.17.1_1,0.463,0.4988786223921405
2022,02,ESP.18.1_1,0,0.42790431418963526
2022,02,ESP.2.1_1,0,0.36955049393495276
2022,02,ESP.2.3_1,0,0.26987373312686774
2022,02,ESP.4.3_1,0,0.36863517451796685
2022,02,ESP.4.5_1,0,0.35725009115132167
2022,02,ESP.5.2_1,0,0.39944781706570703
2022,02,ESP.5.8_1,0,0.39793133748091436
2022,02,ESP.6.1_1,0.821,0.38354413840665863
2022,02,ESP.6.2_1,0.681,0.4663222667388471
2022,02,ESP.6.3_1,0.236,0.4248346554654934
2022,02,ESP.6.4_1,0.346,0.4759312035478558
2022,02,ESP.8.1_1,0,0.4835802413765991
