year,month,gid_2,est,se
2022,02,ESP.10.1_1,0.923,0.26672484350382913
2022,02,ESP.10.2_1,0.802,0.3986915536538929
2022,02,ESP.10.3_1,0.891,0.3117951510466707
2022,02,ESP.18.1_1,0.979,0.14345584540052586
2022,02,ESP.2.3_1,0.213,0.40963251677424095
2022,02,ESP.4.1_1,0.701,0.4580489153014215
2022,02,ESP.6.1_1,0.99,0.0995485304256668
2022,02,ESP.6.2_1,0.984,0.12553788177183714
2022,02,ESP.6.4_1,0.925,0.26352313834736496
