year,month,gid_2,est,se
2021,12,ESP.10.1_1,0.567,0.8209797784548717
2021,12,ESP.10.2_1,0.03254963170914346,0.2677148437783409
2021,12,ESP.10.3_1,0.43094857702791106,0.3345428558054599
2021,12,ESP.15.1_1,0.0020612311615392292,0.07629111370370188
2021,12,ESP.18.1_1,0.05211393472645919,0.25904314367601605
2021,12,ESP.2.1_1,0.006673815686462944,0.07740503849031294
2021,12,ESP.2.2_1,0.007384866242787704,0.08565202915751349
2021,12,ESP.2.3_1,0.0018416852416794389,0.039276244728418126
2021,12,ESP.4.1_1,0.027431513609584453,0.16440894284701468
2021,12,ESP.4.3_1,0.003263509072357612,0.053802121905028054
2021,12,ESP.6.1_1,0.26980707292662254,0.5544195220337047
2021,12,ESP.6.2_1,0.18057711894515208,0.5910186048515081
2021,12,ESP.6.3_1,0.007754786663017042,0.09490439578999353
2021,12,ESP.6.4_1,0.043647372548874054,0.3119630130001655
2021,12,ESP.9.1_1,0.0014885356530355987,0.044961746796172146
2021,12,FRA.10.11_1,0.08459445597255538,0.3642110405544017
2021,12,FRA.11.11_1,0.052502643559986885,0.415466740681625
2021,12,FRA.11.6_1,0.003949086032955263,0.09230391377199738
