year,month,gid_3,est,se
2021,06,ESP.10.1.1_1,0.979,0.14345584540052586
2021,06,ESP.10.1.2_1,0.799,0.40094857495663927
2021,06,ESP.10.1.4_1,1,0
2021,06,ESP.10.1.5_1,0.552,0.49753747953651045
2021,06,ESP.10.1.6_1,1,0
2021,06,ESP.10.1.7_1,1,0
2021,06,ESP.10.1.8_1,0.893,0.30926792049394103
2021,06,ESP.10.1.9_1,0.998,0.04469897088298564
2021,06,ESP.10.2.3_1,0.512,0.5001060948499889
2021,06,ESP.10.2.5_1,1,0
2021,06,ESP.10.2.7_1,1,0
2021,06,ESP.10.2.8_1,0.994,0.07726558075864033
2021,06,ESP.10.3.1_1,0.95,0.21805400144814482
2021,06,ESP.10.3.10_1,0.997,0.05471740119919799
2021,06,ESP.10.3.11_1,0.995,0.07056897321046962
2021,06,ESP.10.3.12_1,0.715,0.4516403203645341
2021,06,ESP.10.3.13_1,0.99,0.0995485304256668
2021,06,ESP.10.3.14_1,0.996,0.06315051850925682
2021,06,ESP.10.3.16_1,0.695,0.4606378047741926
2021,06,ESP.10.3.18_1,0.11,0.31304631925323445
2021,06,ESP.10.3.2_1,0.994,0.07726558075864033
2021,06,ESP.10.3.4_1,0.996,0.06315051850925682
2021,06,ESP.10.3.6_1,0.666,0.47187568984497036
2021,06,ESP.10.3.7_1,0.984,0.12553788177183714
2021,06,ESP.10.3.8_1,0.994,0.07726558075864033
