year,month,gid_1,est,se
2020,08,ESP.10_1,0.937,0.24308453280719053
2020,08,ESP.6_1,0.844,0.3630369069334353
