year,month,gid_1,est,se
2019,02,ESP.1_1,0,0.19994892378597443
2019,02,ESP.10_1,0,0.20316283114902825
2019,02,ESP.11_1,0,0.21202560393850642
2019,02,ESP.12_1,0,0.19621641689418512
2019,02,ESP.13_1,0,0.1971002130730811
2019,02,ESP.14_1,0,0.21730938923285614
2019,02,ESP.15_1,0,0.17613592289738672
2019,02,ESP.16_1,0,0.12062966145272573
2019,02,ESP.17_1,0.231,0.3820824392594618
2019,02,ESP.18_1,0,0.16505611089018993
2019,02,ESP.2_1,0,0.194740973936719
2019,02,ESP.3_1,0,0.16278832161530146
2019,02,ESP.4_1,0,0.1881129198092831
2019,02,ESP.5_1,0,0.20041336611932795
2019,02,ESP.6_1,0,0.20960691134663778
2019,02,ESP.8_1,0,0.2089865809469372
