year,month,gid_1,est,se
2019,02,ESP.1_1,0,0.2328268453293142
2019,02,ESP.10_1,0,0.2247161706048108
2019,02,ESP.11_1,0,0.23746152866887493
2019,02,ESP.12_1,0,0.23347289345004535
2019,02,ESP.13_1,0,0.24175427898668891
2019,02,ESP.14_1,0,0.2520490343616191
2019,02,ESP.15_1,0,0.23473733072341574
2019,02,ESP.16_1,0.016684001774263463,0.1302860954164811
2019,02,ESP.17_1,0.288,0.44207151008628126
2019,02,ESP.18_1,0,0.22380672445722874
2019,02,ESP.2_1,0,0.22294454362269578
2019,02,ESP.3_1,0.05600000000000001,0.1671148817326265
2019,02,ESP.4_1,0,0.22597108312572922
2019,02,ESP.5_1,0,0.2193037093798961
2019,02,ESP.6_1,0,0.2279357755700647
2019,02,ESP.7_1,0,0.2451481320404925
2019,02,ESP.8_1,0,0.20438452730712392
2019,02,ESP.9_1,0,0.23114949328615567
