year,month,gid_1,est,se
2019,02,AND.4_1,0,0.17839892165891308
2019,02,AUT.9_1,0,0.08528026921893747
2019,02,BEL.2_1,0,0.19356004511096195
2019,02,CZE.1_1,0,0.16670331985769382
2019,02,DEU.3_1,0,0.17379460012345352
2019,02,DEU.7_1,0,0.16377585656681587
2019,02,ESP.1_1,0,0.16041473243845744
2019,02,ESP.10_1,0,0.16957886745763712
2019,02,ESP.11_1,0,0.16681163900538187
2019,02,ESP.12_1,0,0.16666153368074352
2019,02,ESP.13_1,0,0.1916700337846851
2019,02,ESP.14_1,0,0.16504568760746668
2019,02,ESP.15_1,0,0.15937458431821105
2019,02,ESP.16_1,0,0.10361462117227128
2019,02,ESP.17_1,0,0.3983029844101016
2019,02,ESP.18_1,0,0.1329477484774089
2019,02,ESP.2_1,0,0.17182958621902963
2019,02,ESP.3_1,0,0.22369901898480044
2019,02,ESP.4_1,0,0.17117472715702012
2019,02,ESP.5_1,0,0.1557584722576468
2019,02,ESP.6_1,0,0.1678752036822543
2019,02,ESP.8_1,0,0.18513219909696152
2019,02,FRA.1_1,0,0.17767886507455694
2019,02,FRA.11_1,0,0.17379460012345352
2019,02,FRA.12_1,0,0.17839892165891308
2019,02,FRA.13_1,0,0.19592624572802558
2019,02,FRA.2_1,0,0.1714560974887647
2019,02,GBR.1_1,0,0.1614782493586133
2019,02,HUN.14_1,0,0.13850751114197532
2019,02,IRL.6_1,0,0.14425153468882596
2019,02,ITA.10_1,0,0.12723172928030443
2019,02,ITA.16_1,0,0.17145609748876461
2019,02,ITA.17_1,0,0.1690925525104971
2019,02,ITA.18_1,0,0.13850751114197532
2019,02,ITA.8_1,0,0.18066589808247796
2019,02,ITA.9_1,0,0.1690925525104971
2019,02,NLD.10_1,0,0.17610867780581538
2019,02,NLD.11_1,0,0.17244805162865787
2019,02,NLD.14_1,0,0.15937458431821105
2019,02,NLD.2_1,0,0.13574648780425275
2019,02,NLD.4_1,0,0.17612670113031842
2019,02,NLD.8_1,0,0.16846860605887326
2019,02,PRT.12_1,0,0.16230724748645428
2019,02,PRT.9_1,0,0.16218113143789434
2019,02,RUS.43_1,0,0.18104976368253245
2019,02,SRB.3_1,0,0.14315660043544656
