year,month,gid_1,est,se
2019,02,AUT.1_1,0.30062683957760594,0.229438468686869
2019,02,AUT.2_1,0.2926962443686322,0.2276703610629063
2019,02,AUT.3_1,0.295452794102866,0.22828037508894067
2019,02,AUT.4_1,0.29229352071537285,0.22399672236724397
2019,02,AUT.5_1,0.13063215056868163,0.11559403943568486
2019,02,AUT.6_1,0.3054061533244141,0.23043334018320197
2019,02,AUT.7_1,0.2528134566977597,0.20620342806558628
2019,02,AUT.8_1,0.29969975507373164,0.22918179049399218
2019,02,AUT.9_1,0.06373041123048671,0.12222598446762634
2019,02,CHE.19_1,0.309,0.23127185270377418
2019,02,CHE.21_1,0.292,0.22756872205774398
2019,02,CHE.25_1,0.31,0.23147809969664018
2019,02,CHE.26_1,0.29,0.22710813422499357
2019,02,DEU.11_1,0.31,0.2314780996966402
2019,02,DEU.2_1,0.12266217079865432,0.10519873834434672
2019,02,ESP.16_1,0.00795988931078955,0.03462190324449523
2019,02,ESP.17_1,0.012940318103302371,0.04077621104997007
2019,02,ESP.3_1,0.009390506822443146,0.04420758074381045
2019,02,HRV.8_1,0.295,0.22824963020667807
2019,02,HUN.1_1,0.281,0.22496871167240534
2019,02,HUN.10_1,0.2418911429747001,0.19862304084922303
2019,02,HUN.11_1,0.001,0.015819299929208316
2019,02,HUN.12_1,0.29286529012963347,0.2276382414493623
2019,02,HUN.13_1,0.305,0.23043414827991593
2019,02,HUN.14_1,0.20114198638627906,0.17122133707559367
2019,02,HUN.18_1,0.291,0.22733909572668584
2019,02,HUN.2_1,0.32,0.23347154734115322
2019,02,HUN.4_1,0.295,0.22824963020667804
2019,02,HUN.5_1,0,0
2019,02,HUN.8_1,0.314,0.23229047283234322
2019,02,HUN.9_1,0.274,0.22322771197181804
2019,02,ITA.10_1,0.293,0.2277970172558461
2019,02,ITA.20_1,0.302,0.22979242004047873
2019,02,ITA.7_1,0.302,0.22979242004047873
2019,02,NLD.7_1,0.062,0.12069847420422837
2019,02,ROU.14_1,0.3,0.2293581428906827
2019,02,ROU.29_1,0.3,0.22935814289068268
2019,02,SRB.5_1,0.312,0.23188680257169583
2019,02,SVN.8_1,0.3,0.22935814289068265
