year,month,gid_1,est,se
2019,02,ESP.1_1,0,0.22599880965226354
2019,02,ESP.10_1,0,0.2070646693548155
2019,02,ESP.11_1,0,0.21890025014982809
2019,02,ESP.12_1,0,0.22105639473381122
2019,02,ESP.13_1,0,0.24001805035465168
2019,02,ESP.14_1,0,0.23797453182042094
2019,02,ESP.15_1,0,0.20029850657210374
2019,02,ESP.16_1,0.015355160689889782,0.13614637751304232
2019,02,ESP.17_1,0.278,0.4361264824009604
2019,02,ESP.18_1,0,0.23650978814910814
2019,02,ESP.2_1,0,0.23549550830897975
2019,02,ESP.3_1,0.059000000000000004,0.17414847586232618
2019,02,ESP.4_1,0,0.21799467724968222
2019,02,ESP.5_1,0,0.22187256133068406
2019,02,ESP.6_1,0,0.2208792133650828
2019,02,ESP.8_1,0,0.20639937800913696
