year,month,gid_1,est,se
2019,02,AND.4_1,0,0.36113008192915574
2019,02,AUT.9_1,0,0.03162283984742673
2019,02,BEL.2_1,0,0.35289538942134513
2019,02,CZE.1_1,0,0.3532836085159358
2019,02,DEU.3_1,0,0.36208649592691006
2019,02,DEU.7_1,0,0.36077869664507123
2019,02,ESP.1_1,0,0.36891340581565213
2019,02,ESP.10_1,0,0.34993049155099226
2019,02,ESP.11_1,0,0.35670711278683515
2019,02,ESP.12_1,0,0.37279648626680134
2019,02,ESP.13_1,0,0.37226756092242347
2019,02,ESP.14_1,0,0.34618163841729943
2019,02,ESP.15_1,0,0.3440200906177434
2019,02,ESP.16_1,0,0.1527456905770559
2019,02,ESP.17_1,0,0.461061196465593
2019,02,ESP.18_1,0,0.3522777249521762
2019,02,ESP.2_1,0,0.3614375516467827
2019,02,ESP.3_1,0,0.2635236653952229
2019,02,ESP.4_1,0,0.3453477338954793
2019,02,ESP.5_1,0,0.35366117334724567
2019,02,ESP.6_1,0,0.36287080901701413
2019,02,ESP.8_1,0,0.3630376330094275
2019,02,FRA.1_1,0,0.34753644435437925
2019,02,FRA.11_1,0,0.37405410782641896
2019,02,FRA.12_1,0,0.37136702137746586
2019,02,FRA.13_1,0,0.34819638884276366
2019,02,FRA.2_1,0,0.36208649592691006
2019,02,HUN.14_1,0,0.03162283984742673
2019,02,ITA.10_1,0,0.2635236653952229
2019,02,ITA.16_1,0,0.3498015330366786
2019,02,ITA.17_1,0,0.3639835345445412
2019,02,ITA.18_1,0,0.34082345107498013
2019,02,ITA.8_1,0,0.3810114825673481
2019,02,ITA.9_1,0,0.36113008192915574
2019,02,NLD.10_1,0,0.3649242412446405
2019,02,NLD.11_1,0,0.3452745962914851
2019,02,NLD.14_1,0,0.3552783797434495
2019,02,NLD.2_1,0,0.3532836085159358
2019,02,NLD.4_1,0,0.35022421042867496
2019,02,NLD.8_1,0,0.3593209949098824
2019,02,PRT.12_1,0,0.3541035669029957
2019,02,PRT.9_1,0,0.3556461226355695
2019,02,SRB.3_1,0,0.3483778174705057
