year,month,gid_2,est,se
2021,06,ESP.1.1_1,0,0.21174474216810163
2021,06,ESP.1.2_1,0.11,0.31304631925323445
2021,06,ESP.1.3_1,0,0.239450070654273
2021,06,ESP.1.4_1,0.103,0.304110972316823
2021,06,ESP.1.5_1,0.064,0.24487540497968344
2021,06,ESP.1.6_1,0,0.25695335184625445
2021,06,ESP.1.7_1,0.765,0.42421097929562707
2021,06,ESP.1.8_1,0.982,0.13301764429463367
2021,06,ESP.10.1_1,0.811,0.3917045218432287
2021,06,ESP.10.2_1,0.437,0.4962633144584408
2021,06,ESP.10.3_1,0.722,0.4482375674984382
2021,06,ESP.11.1_1,0,0.47257520811753057
2021,06,ESP.11.2_1,0.094,0.29197474077263813
2021,06,ESP.12.1_1,0,0.18387171834952978
2021,06,ESP.12.2_1,0,0.47152235719351987
2021,06,ESP.12.3_1,0,0.46935199082489393
2021,06,ESP.12.4_1,0,0.1888562063228706
2021,06,ESP.13.1_1,0.915,0.2790212408632233
2021,06,ESP.14.1_1,0,0.19369180807797864
2021,06,ESP.14.2_1,0.082,0.27450200609713465
2021,06,ESP.15.1_1,0.31,0.462724663395106
2021,06,ESP.16.1_1,0,0.4825026516080599
2021,06,ESP.16.2_1,0.793,0.4053582555164201
2021,06,ESP.16.3_1,0,0.19369180807797864
2021,06,ESP.17.1_1,0.654,0.4759312035478558
2021,06,ESP.18.1_1,0.213,0.40963251677424095
2021,06,ESP.2.1_1,0,0.4722266383824593
2021,06,ESP.2.3_1,0.289,0.45352473436923446
2021,06,ESP.3.1_1,0,0.17067257872642908
2021,06,ESP.4.1_1,0,0.2586172517116422
2021,06,ESP.4.2_1,0,0.46670956473787617
2021,06,ESP.4.3_1,0,0.4689818162188636
2021,06,ESP.4.4_1,0.048,0.21387319079712103
2021,06,ESP.4.5_1,0.217,0.4124088760939574
2021,06,ESP.5.1_1,0.068,0.2518718710762269
2021,06,ESP.5.2_1,0.059,0.23574260237507894
2021,06,ESP.5.3_1,0,0.2029585972364615
2021,06,ESP.5.4_1,0,0.47394580346767984
2021,06,ESP.5.5_1,0,0.20740785428237288
2021,06,ESP.5.6_1,0,0.46971974265154814
2021,06,ESP.5.7_1,0,0.4805308625987616
2021,06,ESP.5.8_1,0,0.4663222667388471
2021,06,ESP.6.1_1,0.954,0.20958990416508122
2021,06,ESP.6.2_1,0.53,0.49934892545128134
2021,06,ESP.6.3_1,0,0.20068950215762726
2021,06,ESP.6.4_1,0.6,0.4901430813958718
2021,06,ESP.7.1_1,0.35,0.47720826452161086
2021,06,ESP.7.2_1,0,0.45581988961844544
2021,06,ESP.8.1_1,0.667,0.47152235719351987
2021,06,ESP.9.1_1,0,0.4799472360055315
