year,month,gid_2,est,se
2021,06,ESP.10.1_1,0.8462120753674205,0.99626085380177265
2021,06,ESP.10.2_1,0.24222575285943904,0.6386865330503263
2021,06,ESP.10.3_1,0.3290617667927134,0.49693001700629685
2021,06,ESP.15.1_1,0.16184339229002795,0.6091782056254704
2021,06,ESP.18.1_1,0.11272565604740085,0.3374490955437487
2021,06,ESP.2.2_1,0.01356495853111812,0.08224318368714012
2021,06,ESP.2.3_1,0.03439781976455094,0.1282182707295594
2021,06,ESP.4.1_1,0.007058858534264364,0.05442202480076266
2021,06,ESP.4.4_1,0.06300075901922719,0.22935694991595332
2021,06,ESP.6.1_1,0.9936220540218026,0.30880074546071473
2021,06,ESP.6.2_1,0.5015676685644918,0.8474790423231767
2021,06,ESP.6.3_1,0.00401255573099248,0.03982229204104807
2021,06,ESP.6.4_1,0.7984173601877961,0.8319017270783691
2021,06,FRA.10.11_1,0.020039343918377656,0.15565172385929793
