year,month,gid_2,est,se
2021,06,ESP.1.1_1,0.065,0.24664921616708177
2021,06,ESP.1.2_1,0.172,0.3775692765024169
2021,06,ESP.1.3_1,0.071,0.25695335184625445
2021,06,ESP.1.4_1,0.216,0.4117201883725323
2021,06,ESP.1.5_1,0.168,0.3740533597174552
2021,06,ESP.1.6_1,0.102,0.30279974849343533
2021,06,ESP.1.7_1,0.518,0.49992592043814443
2021,06,ESP.1.8_1,0.783,0.4124088760939574
2021,06,ESP.10.1_1,0.59,0.4920794063381866
2021,06,ESP.10.2_1,0.268,0.4431392245924213
2021,06,ESP.10.3_1,0.452,0.4979396991041626
2021,06,ESP.11.1_1,0.117,0.32158111638343195
2021,06,ESP.11.2_1,0.107,0.30926792049394103
2021,06,ESP.12.1_1,0,0.25014710386805117
2021,06,ESP.12.2_1,0,0.44623214039681536
2021,06,ESP.12.3_1,0,0.4589222261011223
2021,06,ESP.12.4_1,0,0.27142894774447635
2021,06,ESP.13.1_1,0.693,0.46148018805140917
2021,06,ESP.14.1_1,0,0.20740785428237288
2021,06,ESP.14.2_1,0,0.26352313834736496
2021,06,ESP.15.1_1,0,0.3582280381646966
2021,06,ESP.16.1_1,0,0.4446985009607709
2021,06,ESP.16.2_1,0.27,0.44418160396092193
2021,06,ESP.16.3_1,0.072,0.2586172517116422
2021,06,ESP.17.1_1,0.627,0.48384409173317916
2021,06,ESP.18.1_1,0.201,0.40094857495663927
2021,06,ESP.2.1_1,0,0.3749394345485409
2021,06,ESP.2.3_1,0,0.3117951510466707
2021,06,ESP.3.1_1,0,0.22010780869257557
2021,06,ESP.4.1_1,0.058,0.2338604085575211
2021,06,ESP.4.2_1,0,0.3749394345485409
2021,06,ESP.4.3_1,0,0.3639828065767441
2021,06,ESP.4.4_1,0.115,0.31918157352340515
2021,06,ESP.4.5_1,0.114,0.31797028965786267
2021,06,ESP.5.1_1,0.233,0.42295376802895357
2021,06,ESP.5.2_1,0.154,0.3611293596682696
2021,06,ESP.5.3_1,0.089,0.2848862231842041
2021,06,ESP.5.4_1,0,0.4060799193519681
2021,06,ESP.5.5_1,0.079,0.26987373312686774
2021,06,ESP.5.6_1,0,0.4060799193519681
2021,06,ESP.5.7_1,0,0.40020015012510946
2021,06,ESP.5.8_1,0,0.4060799193519681
2021,06,ESP.6.1_1,0.907,0.290577761426155
2021,06,ESP.6.2_1,0.401,0.4903462444430868
2021,06,ESP.6.3_1,0.097,0.296105857217784
2021,06,ESP.6.4_1,0.639,0.4805308625987616
2021,06,ESP.7.1_1,0.271,0.4446985009607709
2021,06,ESP.7.2_1,0,0.4082225442643334
2021,06,ESP.8.1_1,0.546,0.49812863010685515
2021,06,ESP.9.1_1,0,0.45671938057476014
