ID_0,est,se
ESP,0.37844759281959384,0.07749862341133913
