year,month,gid_1,est,se
2020,07,ESP.1_1,0,0.4399362930221386
2020,07,ESP.10_1,0,0.4407734744101868
2020,07,ESP.11_1,0,0.4380478623308112
2020,07,ESP.12_1,0,0.445806006886504
2020,07,ESP.13_1,0,0.45281120216298537
2020,07,ESP.14_1,0,0.4511460183344537
2020,07,ESP.15_1,0,0.4453923186566163
2020,07,ESP.16_1,0,0.4578637045182476
2020,07,ESP.17_1,0,0.43003130810389867
2020,07,ESP.18_1,0,0.4461544734145038
2020,07,ESP.2_1,0,0.4336786809266597
2020,07,ESP.3_1,0,0.4257038046167072
2020,07,ESP.4_1,0,0.45466029940612285
2020,07,ESP.5_1,0,0.4440727937565991
2020,07,ESP.6_1,0,0.44742803080614774
2020,07,ESP.7_1,0,0.4291755144111569
2020,07,ESP.8_1,0,0.43751831285981946
2020,07,ESP.9_1,0,0.43588771799412196
2020,07,ITA.10_1,0,0.29757897327382377
2020,07,ITA.13_1,0,0.4383265729482777
2020,07,ITA.14_1,0,0.4382070901553915
2020,07,ITA.16_1,0,0.43369609022683703
2020,07,ITA.2_1,0,0.4508259767523181
2020,07,ITA.20_1,0,0.32226661421378877
2020,07,ITA.5_1,0,0.45208943160175885
2020,07,ITA.6_1,0,0.4438543455505873
2020,07,ITA.8_1,0,0.43359222309752404
