ID_1,est,se
ESP.1_1,1,0.24401646250625753
ESP.10_1,1,0
ESP.11_1,0,0
ESP.12_1,0,0
ESP.13_1,0.998,0.04469897088298564
ESP.14_1,0,0
ESP.15_1,0.016000000000000014,0.12553788177183714
ESP.16_1,0.598564,0.2192248235747811
ESP.17_1,0,0
ESP.18_1,0.983,0.1293357171384909
ESP.2_1,0.992085764,0.2676639186851436
ESP.3_1,0,0
ESP.4_1,0.07129416700000002,0.09175495395237997
ESP.5_1,0,0
ESP.6_1,0.999999993583,0.15185106867156828
ESP.7_1,0,0
ESP.8_1,0.05500000000000005,0.22809433799861634
ESP.9_1,0.20999999999999996,0.40751204407485436
