year,month,gid_1,est,se
2022,07,ESP.1_1,0.0822409333346415,0.28743159108653193
2022,07,ESP.10_1,0,0.1729747565455924
2022,07,ESP.11_1,0,0.49175028019856293
2022,07,ESP.12_1,0,0.48983180293780243
2022,07,ESP.13_1,0,0.2536058146445202
2022,07,ESP.14_1,0,0.4836276392078491
2022,07,ESP.15_1,0,0.12555018629304496
2022,07,ESP.16_1,0,0.37834313498708483
2022,07,ESP.17_1,0,0.49230968466112995
2022,07,ESP.18_1,0.886,0.31800145532767743
2022,07,ESP.2_1,0,0.3448339401494057
2022,07,ESP.3_1,0,0.48712190429108276
2022,07,ESP.4_1,0,0.2908792920140522
2022,07,ESP.5_1,0,0.49169311779276664
2022,07,ESP.6_1,0.40483461832306294,0.18666837649686935
2022,07,ESP.8_1,0,0.1133417916337265
2022,07,ESP.9_1,0,0.4191432692270673
