year,month,gid_1,est,se
2019,09,ESP.1_1,0.3524011984899003,0.3593755023511985
2019,09,ESP.10_1,0.7664620762865628,0.4106444472593857
2019,09,ESP.11_1,0,0.4933943248036099
2019,09,ESP.12_1,0,0.4967133918940995
2019,09,ESP.13_1,0.967,0.17878632771944566
2019,09,ESP.14_1,0,0.4959424874776695
2019,09,ESP.15_1,0,0.11336900879685338
2019,09,ESP.16_1,0.09667760641296134,0.37663029489140015
2019,09,ESP.17_1,0,0.49604054662622526
2019,09,ESP.18_1,0.919,0.2730639462151127
2019,09,ESP.2_1,0.08392207714196741,0.2662178550238619
2019,09,ESP.3_1,0,0.49278578718154825
2019,09,ESP.4_1,0.02941326150609822,0.2298179358413115
2019,09,ESP.5_1,0,0.493232246098948
2019,09,ESP.6_1,0.6446620795065394,0.4597763999012637
2019,09,ESP.8_1,0.02,0.14011742023832258
2019,09,ESP.9_1,0,0.08344258336909405
