ID_1,est,se
ESP.1_1,1,0.15221257070601274
ESP.10_1,1,0.010540925533894597
ESP.11_1,0,0
ESP.12_1,0,0
ESP.13_1,1,0
ESP.14_1,0,0
ESP.15_1,0.02200000000000002,0.1467567291047928
ESP.16_1,0.635588,0.3040620872087599
ESP.17_1,0,0
ESP.18_1,0.999,0.03162277660168379
ESP.2_1,0.4882744,0.3870396110213264
ESP.3_1,0,0
ESP.4_1,0.47980612,0.15323486841454426
ESP.5_1,0,0
ESP.6_1,1,0.09537182314995511
ESP.7_1,0,0
ESP.8_1,0.025000000000000022,0.15620307103062794
ESP.9_1,0.006000000000000005,0.07726558075864033
