year,month,gid_1,est,se
2019,09,ESP.1_1,0.38177340251828273,0.3444169672944604
2019,09,ESP.10_1,0.602611553828641,0.46345073330855424
2019,09,ESP.11_1,0,0.41915710420630525
2019,09,ESP.12_1,0,0.4126547360119653
2019,09,ESP.13_1,0.942,0.2338604085575211
2019,09,ESP.14_1,0,0.4182487305457499
2019,09,ESP.15_1,0,0.07056897321046962
2019,09,ESP.16_1,0.13055741408649896,0.4006618784207874
2019,09,ESP.17_1,0,0.41646661864361284
2019,09,ESP.18_1,0.839,0.3677148544921924
2019,09,ESP.2_1,0.12434985978994642,0.30473109517179814
2019,09,ESP.3_1,0,0.4326501891669367
2019,09,ESP.4_1,0.06291824911053777,0.2842987362781881
2019,09,ESP.5_1,0,0.41386321805368737
2019,09,ESP.6_1,0.5013306039380994,0.48403627345313993
2019,09,ESP.8_1,0.006000000000000001,0.07726558075864033
2019,09,ESP.9_1,0,0
2019,09,ITA.10_1,0.18563529318186972,0.28591256312732233
2019,09,ITA.11_1,0.072,0.2586172517116422
2019,09,ITA.13_1,0.022,0.1467567291047928
2019,09,ITA.14_1,0.028,0.16505527329729044
2019,09,ITA.15_1,0.062275960144882674,0.22200793596003934
2019,09,ITA.16_1,0.07715354810850417,0.22857490267857528
2019,09,ITA.17_1,0.042085612375749384,0.17855064490531486
2019,09,ITA.18_1,0.022999999999999996,0.1499783100768024
2019,09,ITA.20_1,0.0426098436997797,0.1926277508610669
2019,09,ITA.6_1,0.055742743752484405,0.2275925112675559
2019,09,ITA.8_1,0.027369190755300223,0.16313676458895984
