ID_0,est,se
ALB,0,0
AUT,9.509,10.563165519239721
BEL,0,0
BGR,0,0
CHE,2.398,1.8321399064644888
CHN,0,0
DEU,0.9329999999999999,0.7724926842071896
ESP,0.212,0.7551006278074663
FRA,0,0
GRC,0,0
HRV,0.391,0.4882185549089233
HUN,1.17,2.2363628088621548
IND,0,0
ITA,0,0
NLD,0,0
PAK,0,0
PER,0,0
ROU,0,0
SRB,0,0
SVN,0,0
TUR,0,0
USA,0,0
XKO,0,0
