ID_0,est,se
ALB,0,0
AUT,0.999999999923713,0.21957624632783468
BEL,0,0
BGR,0,0
CHE,0.971712272,0.32054789188975025
CHN,0,0
DEU,0.726006475,0.1517086043774128
ESP,0.21754075859200006,0.013818922227549147
FRA,0,0
GRC,0,0
HRV,0.393,0.1628870739670039
HUN,0.9728758953544079,0.07861257630368727
IND,0,0
ITA,0.0010000000000000009,2.8747978728803445e-4
NLD,0,0
PAK,0,0
PER,0,0
PRT,0,0
ROU,0,0
SRB,0,0
SVN,0.09599999999999997,0.09824621613910796
TUR,0,0
USA,0,0
XKO,0,0
