year,month,gid_3,est,se
2015,04,ESP.10.1.1_1,0.512,0.5001060948499889
2015,04,ESP.10.1.4_1,0.437,0.4962633144584408
2015,04,ESP.10.1.6_1,0.489,0.500129112459102
2015,04,ESP.10.1.7_1,0.523,0.4997206426802086
2015,04,ESP.10.1.9_1,0.497,0.5002411830719671
2015,04,ESP.10.2.5_1,0.518,0.49992592043814443
2015,04,ESP.10.2.7_1,0.544,0.4983094543677777
2015,04,ESP.10.2.8_1,0.511,0.500129112459102
2015,04,ESP.10.3.1_1,0.574,0.494741112874975
2015,04,ESP.10.3.13_1,0.485,0.5000250243988045
2015,04,ESP.10.3.4_1,0.609,0.4882185549089233
2015,04,ESP.10.3.7_1,0.591,0.49189527438364455
2015,04,ESP.10.3.8_1,0.606,0.4888793337859589
2015,04,ESP.18.1.5_1,0.468,0.4992246240173107
2015,04,ESP.6.1.10_1,0.582,0.49347696959383985
2015,04,ESP.6.1.11_1,0.585,0.4929685771101623
2015,04,ESP.6.1.12_1,0.508,0.5001861515337926
2015,04,ESP.6.1.3_1,0.57,0.49532347546360583
2015,04,ESP.6.1.5_1,0.486,0.5000540511325291
2015,04,ESP.6.1.6_1,0.57,0.49532347546360583
2015,04,ESP.6.1.9_1,0.491,0.5001691405606399
2015,04,ESP.6.2.4_1,0.51,0.5001501276118503
2015,04,ESP.6.2.5_1,0.458,0.4984821807090846
2015,04,ESP.6.2.6_1,0.537,0.4988786223921405
2015,04,ESP.6.2.7_1,0.503,0.5002411830719671
2015,04,ESP.6.4.2_1,0.548,0.4979396991041626
2015,04,ESP.6.4.3_1,0.473,0.4995202903992194
2015,04,ESP.6.4.7_1,0.494,0.5002141683461337
