year,month,gid_2,est,se
2019,03,ESP.10.1_1,1,0
2019,03,ESP.10.2_1,0.602,0.48973037054672836
2019,03,ESP.10.3_1,0.998,0.04469897088298564
