year,month,gid_2,est,se
2016,11,ESP.1.1_1,0.006,0.07726558075864033
2016,11,ESP.1.2_1,0.012,0.10893974420691407
2016,11,ESP.1.3_1,0.002,0.04469897088298564
2016,11,ESP.1.4_1,0.065,0.24664921616708177
2016,11,ESP.1.5_1,0,0.3461196307619647
2016,11,ESP.1.6_1,0.006,0.07726558075864033
2016,11,ESP.1.7_1,0.226,0.41844844258175834
2016,11,ESP.1.8_1,0.003,0.05471740119919799
2016,11,ESP.10.1_1,0.426,0.494741112874975
2016,11,ESP.10.2_1,0.209,0.4067978422810088
2016,11,ESP.10.3_1,0.193,0.39485048677557294
2016,11,ESP.11.1_1,0,0.3227695465501356
2016,11,ESP.11.2_1,0,0.3342569785774528
2016,11,ESP.12.1_1,0,0.3262904618058356
2016,11,ESP.12.2_1,0,0.29197474077263813
2016,11,ESP.12.3_1,0,0.3014795016081357
2016,11,ESP.12.4_1,0,0.3167512136225074
2016,11,ESP.13.1_1,0.272,0.44521254947969985
2016,11,ESP.14.1_1,0,0.39944781706570703
2016,11,ESP.14.2_1,0,0.3917045218432287
2016,11,ESP.15.1_1,0.002,0.04469897088298564
2016,11,ESP.16.1_1,0,0.3117951510466707
2016,11,ESP.16.2_1,0.002,0.04469897088298564
2016,11,ESP.16.3_1,0.002,0.04469897088298564
2016,11,ESP.17.1_1,0,0.31797028965786267
2016,11,ESP.18.1_1,0.303,0.45978516983739526
2016,11,ESP.2.1_1,0.01,0.0995485304256668
2016,11,ESP.2.2_1,0,0
2016,11,ESP.2.3_1,0.003,0.05471740119919799
2016,11,ESP.3.1_1,0,0.30799165387857325
2016,11,ESP.4.1_1,0.002,0.04469897088298564
2016,11,ESP.4.2_1,0,0.35428310221702153
2016,11,ESP.4.3_1,0.003,0.05471740119919799
2016,11,ESP.4.4_1,0,0.296105857217784
2016,11,ESP.4.5_1,0.003,0.05471740119919799
2016,11,ESP.5.1_1,0,0.3320154126456093
2016,11,ESP.5.2_1,0,0.3105357184486713
2016,11,ESP.5.3_1,0,0.290577761426155
2016,11,ESP.5.4_1,0,0.3167512136225074
2016,11,ESP.5.5_1,0,0.3429600875052688
2016,11,ESP.5.6_1,0,0.3142893217686178
2016,11,ESP.5.7_1,0,0.31304631925323445
2016,11,ESP.5.8_1,0,0.31304631925323445
2016,11,ESP.5.9_1,0,0.3408227694273963
2016,11,ESP.6.1_1,0.363,0.4811054587743341
2016,11,ESP.6.2_1,0.169,0.3749394345485409
2016,11,ESP.6.3_1,0.047,0.21174474216810163
2016,11,ESP.6.4_1,0.103,0.304110972316823
2016,11,ESP.7.1_1,0,0.366789496216201
2016,11,ESP.7.2_1,0,0.33756918246924283
2016,11,ESP.8.1_1,0.007,0.08341437500789632
2016,11,ESP.9.1_1,0.001,0.03162277660168379
