year,month,gid_2,est,se
2016,11,ESP.1.1_1,0.007,0.08341437500789632
2016,11,ESP.1.2_1,0.017,0.1293357171384909
2016,11,ESP.1.3_1,0.006,0.07726558075864033
2016,11,ESP.1.4_1,0.071,0.25695335184625445
2016,11,ESP.1.5_1,0,0.3342569785774528
2016,11,ESP.1.6_1,0.003,0.05471740119919799
2016,11,ESP.1.7_1,0.222,0.4157990967870047
2016,11,ESP.1.8_1,0.003,0.05471740119919799
2016,11,ESP.10.1_1,0.427,0.49488980179017217
2016,11,ESP.10.2_1,0.22,0.4144535821678608
2016,11,ESP.10.3_1,0.205,0.403903624814309
2016,11,ESP.11.1_1,0,0.34819569244928955
2016,11,ESP.11.2_1,0,0.32744957355785825
2016,11,ESP.12.1_1,0,0.2988114594326802
2016,11,ESP.12.3_1,0,0.3014795016081357
2016,11,ESP.12.4_1,0,0.3014795016081357
2016,11,ESP.13.1_1,0.303,0.45978516983739526
2016,11,ESP.14.1_1,0,0.39793133748091436
2016,11,ESP.14.2_1,0,0.3901066305296325
2016,11,ESP.15.1_1,0.003,0.05471740119919799
2016,11,ESP.16.1_1,0,0.3117951510466707
2016,11,ESP.16.2_1,0.002,0.04469897088298564
2016,11,ESP.16.3_1,0.002,0.04469897088298564
2016,11,ESP.17.1_1,0,0.2933616557443407
2016,11,ESP.18.1_1,0.308,0.4618975528722244
2016,11,ESP.2.1_1,0.013,0.11333068359382575
2016,11,ESP.2.2_1,0.002,0.04469897088298564
2016,11,ESP.2.3_1,0.001,0.03162277660168379
2016,11,ESP.3.1_1,0,0.3105357184486713
2016,11,ESP.4.1_1,0.003,0.05471740119919799
2016,11,ESP.4.2_1,0,0.3251241389157466
2016,11,ESP.4.3_1,0.002,0.04469897088298564
2016,11,ESP.4.4_1,0,0.3155242550986462
2016,11,ESP.4.5_1,0.005,0.07056897321046962
2016,11,ESP.5.1_1,0,0.32395052700056526
2016,11,ESP.5.2_1,0,0.30279974849343533
2016,11,ESP.5.4_1,0,0.30926792049394103
2016,11,ESP.5.5_1,0,0.31797028965786267
2016,11,ESP.5.7_1,0,0.3203851535989872
2016,11,ESP.5.9_1,0,0.30926792049394103
2016,11,ESP.6.1_1,0.353,0.4781418404821101
2016,11,ESP.6.2_1,0.19,0.3924972026066607
2016,11,ESP.6.3_1,0.042,0.20068950215762726
2016,11,ESP.6.4_1,0.092,0.28917057184232914
2016,11,ESP.7.1_1,0,0.35126540875438816
2016,11,ESP.8.1_1,0.011,0.10435463521037237
2016,11,ESP.9.1_1,0,0
