year,month,gid_1,est,se
2019,10,ESP.1_1,0,0.20474283691791664
2019,10,ESP.10_1,0,0.20194134381252363
2019,10,ESP.11_1,0,0.20058775392816536
2019,10,ESP.12_1,0,0.18080356742400508
2019,10,ESP.13_1,0,0.20315697003775313
2019,10,ESP.14_1,0,0.24402235854708443
2019,10,ESP.15_1,0,0.19701075537383844
2019,10,ESP.16_1,0.012706726724412898,0.12094943665546114
2019,10,ESP.17_1,0.23500000000000001,0.4041711125473424
2019,10,ESP.18_1,0,0.16837627800795388
2019,10,ESP.2_1,0,0.19283270523729384
2019,10,ESP.3_1,0.044,0.12742552808856622
2019,10,ESP.4_1,0,0.19472284830699896
2019,10,ESP.5_1,0,0.18036519681976315
2019,10,ESP.6_1,0,0.19559411687934572
2019,10,ESP.7_1,0,0.18640307263663156
2019,10,ESP.8_1,0,0.19907700666287223
2019,10,ESP.9_1,0,0.20716898417634444
