year,month,gid_1,est,se
2019,10,ESP.1_1,0,0.18440972589404325
2019,10,ESP.10_1,0,0.18411330023395112
2019,10,ESP.11_1,0,0.19702945914185266
2019,10,ESP.12_1,0,0.1943450233583724
2019,10,ESP.13_1,0,0.20111692125448521
2019,10,ESP.14_1,0,0.16820765109638247
2019,10,ESP.15_1,0,0.225943621479279
2019,10,ESP.16_1,0,0.0988059967100855
2019,10,ESP.17_1,0,0.35198741276970275
2019,10,ESP.18_1,0,0.13155607857397836
2019,10,ESP.2_1,0,0.19271116361864515
2019,10,ESP.3_1,0,0.13408329199619146
2019,10,ESP.4_1,0,0.18131674053236504
2019,10,ESP.5_1,0,0.18684534613650347
2019,10,ESP.6_1,0,0.16789766977735054
2019,10,ESP.7_1,0,0.20111692125448521
2019,10,ESP.8_1,0,0.1717547364918689
2019,10,ESP.9_1,0,0.16278832161530146
