ID_1,est,se
ESP.1_1,0,0
ESP.10_1,0,0
ESP.11_1,0,0
ESP.12_1,0,0
ESP.13_1,0,0
ESP.14_1,0,0
ESP.15_1,0,0
ESP.16_1,0.045487000000000055,0.09958581701185247
ESP.17_1,0.375,0.48436516143258035
ESP.18_1,0,0
ESP.2_1,0,0
ESP.3_1,0.04700000000000004,0.21174474216810163
ESP.4_1,0,0
ESP.5_1,0,0
ESP.6_1,0,0
ESP.7_1,0,0
ESP.8_1,0,0
ESP.9_1,0,0
