year,month,gid_1,est,se
2019,10,ESP.1_1,0,0.3414186541236812
2019,10,ESP.10_1,0,0.35917719644807083
2019,10,ESP.11_1,0,0.3433358851395686
2019,10,ESP.12_1,0,0.35862757458902145
2019,10,ESP.13_1,0,0.36492351139542817
2019,10,ESP.14_1,0,0.35559095577523325
2019,10,ESP.15_1,0,0.3532829019480122
2019,10,ESP.16_1,0.029531525426872103,0.2770754833217794
2019,10,ESP.17_1,0.48999999999999994,0.5001501276118503
2019,10,ESP.18_1,0,0.34819569244928955
2019,10,ESP.2_1,0,0.34913281495948006
2019,10,ESP.3_1,0.21,0.40751204407485436
2019,10,ESP.4_1,0,0.350719504992827
2019,10,ESP.5_1,0,0.33929818556378455
2019,10,ESP.6_1,0,0.354227153816871
2019,10,ESP.7_1,0,0.3810107205436209
2019,10,ESP.8_1,0,0.3677148544921924
2019,10,ESP.9_1,0,0.3471606552023436
2019,10,ITA.10_1,0,0.24331565791384635
2019,10,ITA.13_1,0,0.3442580085339887
2019,10,ITA.15_1,0,0.344604971652281
2019,10,ITA.16_1,0,0.347227577844737
2019,10,ITA.17_1,0,0.3273772938748106
2019,10,ITA.20_1,0,0.30541328929383094
2019,10,ITA.3_1,0,0.32974646735443996
2019,10,ITA.4_1,0,0.35126540875438816
2019,10,ITA.5_1,0,0.345272689578735
2019,10,ITA.6_1,0,0.3456129351652628
2019,10,ITA.7_1,0,0.4060799193519681
2019,10,ITA.8_1,0.018,0.13301764429463367
2019,10,ITA.9_1,0,0.36585906146062974
