year,month,gid_1,est,se
2019,10,ESP.1_1,0,0.18051486538456193
2019,10,ESP.10_1,0,0.2125075091692382
2019,10,ESP.11_1,0,0.17163865162740952
2019,10,ESP.12_1,0,0.18795403106457095
2019,10,ESP.13_1,0,0.1524189226256014
2019,10,ESP.14_1,0,0.17871920664852103
2019,10,ESP.15_1,0,0.20602803349846233
2019,10,ESP.16_1,0.025530611399060696,0.10533420330852067
2019,10,ESP.17_1,0.201,0.34832772515415794
2019,10,ESP.18_1,0,0.1857401563960867
2019,10,ESP.2_1,0,0.19475343090253153
2019,10,ESP.3_1,0.06,0.09828023940540861
2019,10,ESP.4_1,0,0.18538838258381135
2019,10,ESP.5_1,0,0.19209007671466147
2019,10,ESP.6_1,0,0.17583967473593717
2019,10,ESP.7_1,0,0.22500016777632617
2019,10,ESP.8_1,0,0.1524189226256014
2019,10,ESP.9_1,0,0.19197486969054287
