year,month,gid_1,est,se
2022,03,ESP.10_1,0.884,0.3203851535989872
2022,03,ESP.6_1,0.904,0.2947386484173239
