ID_1,est,se
ESP.1_1,0.001998999999999973,0.007905694150420948
ESP.10_1,0,0
ESP.11_1,0.004994000000000054,0.04970818604109181
ESP.12_1,0.0020000000000000018,0.01117474272074641
ESP.13_1,0,0
ESP.14_1,0,0
ESP.15_1,0,0
ESP.16_1,0.0010000000000000009,0.010540925533894597
ESP.17_1,0,0
ESP.18_1,0,0
ESP.2_1,0.02093200000000006,0.06416207854924924
ESP.3_1,0,0
ESP.4_1,0.015913183888000004,0.04826763772561875
ESP.5_1,0.013924205705211912,0.030881096597667385
ESP.6_1,0,0
ESP.7_1,0.3406810000000001,0.3908552440732157
ESP.8_1,0,0
ESP.9_1,0,0
