year,month,gid_3,est,se
2020,04,ESP.10.1.1_1,0.611,0.48776727741507725
2020,04,ESP.10.1.2_1,0.045,0.20740785428237288
2020,04,ESP.10.1.3_1,0.033,0.17872588772459053
2020,04,ESP.10.1.4_1,0.068,0.2518718710762269
2020,04,ESP.10.1.5_1,0.492,0.5001861515337926
2020,04,ESP.10.1.6_1,0.858,0.34922479573758497
2020,04,ESP.10.1.7_1,0.431,0.49546390835709164
2020,04,ESP.10.1.8_1,0.862,0.3450725649411658
2020,04,ESP.10.1.9_1,0.667,0.47152235719351987
2020,04,ESP.10.2.1_1,0.046,0.20958990416508122
2020,04,ESP.10.2.2_1,0.54,0.49864681754589457
2020,04,ESP.10.2.3_1,0.052,0.22213812222431642
2020,04,ESP.10.2.5_1,0.187,0.3901066305296325
2020,04,ESP.10.2.7_1,0.893,0.30926792049394103
2020,04,ESP.10.2.8_1,0.169,0.3749394345485409
2020,04,ESP.10.3.1_1,0.345,0.4756061408363029
2020,04,ESP.10.3.10_1,0.982,0.13301764429463367
2020,04,ESP.10.3.11_1,0.822,0.38270414482007176
2020,04,ESP.10.3.12_1,0.191,0.3932857404911519
2020,04,ESP.10.3.13_1,0.998,0.04469897088298564
2020,04,ESP.10.3.14_1,0.098,0.29746341705239066
2020,04,ESP.10.3.16_1,0.001,0.03162277660168379
2020,04,ESP.10.3.17_1,0.115,0.31918157352340515
2020,04,ESP.10.3.18_1,0.115,0.31918157352340515
2020,04,ESP.10.3.2_1,0.128,0.3342569785774528
2020,04,ESP.10.3.3_1,0.675,0.46860921309188386
2020,04,ESP.10.3.4_1,0.331,0.4708085180417413
2020,04,ESP.10.3.5_1,0.197,0.39793133748091436
2020,04,ESP.10.3.6_1,0.002,0.04469897088298564
2020,04,ESP.10.3.7_1,0.815,0.38849186082326864
2020,04,ESP.10.3.8_1,0.983,0.1293357171384909
2020,04,ESP.10.3.9_1,0.102,0.30279974849343533
