year,month,gid_3,est,se
2020,04,ESP.10.1.1_1,0.614,0.48707416400507353
2020,04,ESP.10.1.2_1,0.088,0.28343665312788385
2020,04,ESP.10.1.3_1,0.022,0.1467567291047928
2020,04,ESP.10.1.4_1,0.604,0.48930912869414506
2020,04,ESP.10.1.5_1,0.53,0.49934892545128134
2020,04,ESP.10.1.6_1,0.94,0.237605674293474
2020,04,ESP.10.1.7_1,1,0
2020,04,ESP.10.1.8_1,0.871,0.33536766610911
2020,04,ESP.10.1.9_1,0.518,0.49992592043814443
2020,04,ESP.10.2.1_1,0.006,0.07726558075864033
2020,04,ESP.10.2.2_1,0.605,0.48909530177074306
2020,04,ESP.10.2.3_1,0.314,0.4643485970901814
2020,04,ESP.10.2.5_1,0.207,0.4053582555164201
2020,04,ESP.10.2.7_1,0.909,0.28775302222878874
2020,04,ESP.10.2.8_1,0.094,0.29197474077263813
2020,04,ESP.10.3.1_1,0.83,0.3758207567993567
2020,04,ESP.10.3.10_1,1,0
2020,04,ESP.10.3.11_1,0.967,0.17872588772459053
2020,04,ESP.10.3.12_1,0.031,0.17340435135563662
2020,04,ESP.10.3.13_1,1,0
2020,04,ESP.10.3.14_1,0.181,0.38521083498181535
2020,04,ESP.10.3.16_1,0.463,0.4988786223921405
2020,04,ESP.10.3.17_1,0.782,0.4130939925085411
2020,04,ESP.10.3.18_1,0.232,0.42232020358296185
2020,04,ESP.10.3.2_1,0.353,0.4781418404821101
2020,04,ESP.10.3.3_1,0.064,0.24487540497968344
2020,04,ESP.10.3.4_1,0.22,0.4144535821678608
2020,04,ESP.10.3.5_1,0.107,0.30926792049394103
2020,04,ESP.10.3.6_1,0.001,0.03162277660168379
2020,04,ESP.10.3.7_1,0.945,0.22809433799861634
2020,04,ESP.10.3.8_1,0.951,0.21597603025716916
2020,04,ESP.10.3.9_1,0.816,0.387678080750375
