year,month,gid_2,est,se
2021,11,ESP.1.1_1,0.733,0.4426137220047599
2021,11,ESP.1.2_1,0.608,0.4884409632438444
2021,11,ESP.1.3_1,0.069,0.2535809600567505
2021,11,ESP.1.4_1,0.432,0.49560228169533443
2021,11,ESP.1.5_1,0.065,0.24664921616708177
2021,11,ESP.1.7_1,0.924,0.26513071171460745
2021,11,ESP.1.8_1,0.999,0.03162277660168379
2021,11,ESP.10.1_1,0.975,0.15620307103062794
2021,11,ESP.10.2_1,0.589,0.49226143594773025
2021,11,ESP.10.3_1,0.454,0.49812863010685515
2021,11,ESP.11.2_1,0.064,0.24487540497968344
2021,11,ESP.12.1_1,0.053,0.22414558046332575
2021,11,ESP.12.3_1,0.018,0.13301764429463367
2021,11,ESP.13.1_1,0.761,0.42668613881993056
2021,11,ESP.14.1_1,0.218,0.4130939925085411
2021,11,ESP.16.2_1,0.557,0.49698893146427114
2021,11,ESP.16.3_1,0.023,0.1499783100768024
2021,11,ESP.17.1_1,0.239,0.42668613881993056
2021,11,ESP.18.1_1,0.881,0.32395052700056526
2021,11,ESP.2.1_1,0.162,0.36863517451796685
2021,11,ESP.2.3_1,0.422,0.49412565219806204
2021,11,ESP.3.1_1,0.001,0.03162277660168379
2021,11,ESP.4.2_1,0.003,0.05471740119919799
2021,11,ESP.4.3_1,0.011,0.10435463521037237
2021,11,ESP.4.5_1,0.17,0.3758207567993567
2021,11,ESP.5.2_1,0.004,0.06315051850925682
2021,11,ESP.5.8_1,0.004,0.06315051850925682
2021,11,ESP.6.1_1,0.991,0.09448771310560929
2021,11,ESP.6.2_1,0.977,0.1499783100768024
2021,11,ESP.6.3_1,0.394,0.4888793337859589
2021,11,ESP.6.4_1,0.995,0.07056897321046962
2021,11,ESP.8.1_1,0.977,0.1499783100768024
2021,11,ESP.9.1_1,0.01,0.0995485304256668
