year,month,gid_2,est,se
2021,11,ESP.10.1_1,0.8928121866176697,0
2021,11,ESP.10.2_1,0.09686902619946737,0.4503013566211989
2021,11,ESP.10.3_1,0.4692148065561738,0
2021,11,ESP.15.1_1,0.028524530657103933,0.28656946980157266
2021,11,ESP.18.1_1,0.46434900104347776,0.03735292484890811
2021,11,ESP.2.1_1,0.044092633423245715,0.19010141466453503
2021,11,ESP.2.2_1,0.11637171990350569,0.28310178777268624
2021,11,ESP.2.3_1,0.15374008908857664,0.24438150171034118
2021,11,ESP.4.1_1,0.17833725419744825,0.30974245826174346
2021,11,ESP.4.3_1,0.016025353690160112,0.11936377745339975
2021,11,ESP.4.4_1,7.958003200851648e-4,0.03194366580428881
2021,11,ESP.5.7_1,0.09479375391710484,0.33441575858191636
2021,11,ESP.6.1_1,0.6113884333617536,0
2021,11,ESP.6.2_1,0.7903012373457856,0
2021,11,ESP.6.3_1,0.24040166796395096,0.33461351114126786
2021,11,ESP.6.4_1,0.764096198538751,0
2021,11,ESP.9.1_1,0.07353704667556075,0.2961866889176987
2021,11,FRA.10.11_1,0.05269322875296932,0.30108188287971077
2021,11,FRA.11.11_1,0.28794642857142855,0.8774738187644868
2021,11,FRA.11.6_1,0.06487457530652321,0.36622999386620797
2021,11,FRA.11.7_1,0.0020022542205429174,0.08037109066430755
