year,month,gid_4,est,se
2020,06,AUT.2.4.1.9_2,0,0.239450070654273
2020,06,CHE.21.5.38_1,0,0.46354166034011535
2020,06,CHE.21.5.48_1,0,0.46354166034011535
2020,06,ESP.16.2.1.3_1,0,0.494741112874975
2020,06,ESP.16.2.1.32_1,0,0.494741112874975
2020,06,ESP.16.2.1.36_1,0,0.494741112874975
2020,06,ESP.16.2.1.45_1,0,0.494741112874975
2020,06,ESP.16.2.1.47_1,0,0.494741112874975
2020,06,ESP.16.2.1.51_1,0,0.494741112874975
2020,06,ESP.16.3.1.28_1,0,0.2933616557443407
2020,06,ESP.17.1.1.1_1,0,0.49261919742705285
2020,06,ESP.17.1.4.2_1,0,0.49261919742705285
2020,06,ESP.17.1.8.10_1,0,0.49261919742705285
2020,06,ESP.3.1.4.5_1,0,0.4291097005838194
