ID_0,est,se
ESP,0.29774720441800007,0.017044814586676137
