ID_1,est,se
ESP.1_1,1,0.08484749752123735
ESP.10_1,1,0
ESP.11_1,0.875984,0.47771202795908924
ESP.12_1,1,0.24476494515832117
ESP.13_1,1,0
ESP.14_1,0.924922,0.44146705471890285
ESP.15_1,0.671,0.47008507738491334
ESP.16_1,1,0.18604873491473267
ESP.17_1,0.987,0.11333068359382575
ESP.18_1,0.999,0.03162277660168379
ESP.2_1,1,0.04781861513350862
ESP.3_1,1,0
ESP.4_1,0.991966148083,0.4164071516603999
ESP.5_1,0.9999992941849116,0.28270907410454826
ESP.6_1,1,0.013679350299799498
ESP.7_1,0.39627199999999996,0.4164648846780813
ESP.8_1,1,0
ESP.9_1,0.708,0.45490981847278583
