year,month,gid_1,est,se
2022,08,ESP.1_1,0.8021746380777108,0.23515630616916236
2022,08,ESP.10_1,0.9351170022262255,0.2437504414669395
2022,08,ESP.11_1,0.41881105697445875,0.4935974333573129
2022,08,ESP.12_1,0.3495623881991977,0.4053791822671652
2022,08,ESP.13_1,0.916,0.277539935466078
2022,08,ESP.14_1,0.5946091008049278,0.4895610855085814
2022,08,ESP.15_1,0.211,0.4082421404357784
2022,08,ESP.16_1,0.5698901092474759,0.38156249191095903
2022,08,ESP.17_1,0.584,0.4931638018873522
2022,08,ESP.18_1,0.9639999999999999,0.18639225839927714
2022,08,ESP.2_1,0.6137121991777691,0.285150715517092
2022,08,ESP.3_1,0.97,0.1706807716328735
2022,08,ESP.4_1,0.3781857109528588,0.40745904474128813
2022,08,ESP.5_1,0.4658738540583815,0.3751857173801095
2022,08,ESP.6_1,0.9634522296911154,0.15708912763586702
2022,08,ESP.7_1,0.09,0.2863387033555855
2022,08,ESP.8_1,0.984,0.12554390804816265
2022,08,ESP.9_1,0.547,0.4980590860211262
