year,month,gid_1,est,se
2022,08,ESP.1_1,0.621620688082541,0.22271316724290788
2022,08,ESP.10_1,0.9219045882048439,0.26368969814982024
2022,08,ESP.11_1,0,0.44204616159821436
2022,08,ESP.12_1,0.3908704364099828,0.4182550815459056
2022,08,ESP.13_1,0.982,0.13301764429463367
2022,08,ESP.14_1,0.5819065441933235,0.4116942304479422
2022,08,ESP.15_1,0,0.49957339157882863
2022,08,ESP.16_1,0.48052166259983603,0.4148210914454134
2022,08,ESP.17_1,0,0.4736066968522546
2022,08,ESP.18_1,0.994,0.07726558075864033
2022,08,ESP.2_1,0.335215304431224,0.2221273327059534
2022,08,ESP.3_1,0.9970000000000001,0.05471740119919799
2022,08,ESP.4_1,0.22280934993265877,0.39367346486778687
2022,08,ESP.5_1,0.17438912496895173,0.410134797601049
2022,08,ESP.6_1,0.9062807059636839,0.2452939077534259
2022,08,ESP.7_1,0,0.2933616557443407
2022,08,ESP.8_1,0.971,0.1678904023081343
2022,08,ESP.9_1,0.874,0.3320154126456093
