year,month,gid_1,est,se
2022,09,ESP.1_1,0.07460963593620817,0.28875507015688834
2022,09,ESP.10_1,0.059401293937880406,0.23608943287539222
2022,09,ESP.11_1,0,0.45671571215197243
2022,09,ESP.12_1,0,0.44897511192291356
2022,09,ESP.13_1,0.031,0.1734057386070945
2022,09,ESP.14_1,0,0.4525993029124221
2022,09,ESP.15_1,0.060000000000000005,0.23760757516167882
2022,09,ESP.16_1,0.020553367077149606,0.30401376911699857
2022,09,ESP.17_1,0,0.44314276974875993
2022,09,ESP.18_1,0.112,0.3155267793229777
2022,09,ESP.2_1,0.041,0.1983909980371287
2022,09,ESP.3_1,0,0.45491345779500547
2022,09,ESP.4_1,0.044514526618514454,0.20519868679721334
2022,09,ESP.5_1,0,0.45076737243623055
2022,09,ESP.6_1,0.05437099916895182,0.21857815662393767
2022,09,ESP.8_1,0.035,0.1838731893409285
2022,09,ESP.9_1,0.059,0.23574448833852957
