year,month,gid_3,est,se
2021,12,ARG.24.2_1,0.00979,0.04979917102635736
2021,12,DOM.5.1_1,0.006852999999999999,0.04172805675094036
2021,12,GTM.7.7_1,0.013706000000000001,0.05880401658748555
2021,12,HND.8.4_1,0.004895,0.03530214209125596
2021,12,IND.20.26.7_1,0.045034,0.10484738888946601
2021,12,IND.34.1.5_1,0.31328,0.2334715473411532
2021,12,MEX.14.40_2,0.004895,0.03530214209125596
2021,12,MEX.14.99_2,0.002937,0.027372390217968598
2021,12,MEX.16.57_2,0.00979,0.04979917102635736
2021,12,MEX.17.7_2,0.008811,0.04726749621230389
2021,12,MEX.31.50_2,0.00979,0.04979917102635736
2021,12,MEX.4.5_2,0.032307,0.08940765887328075
2021,12,MEX.9.9_2,0.014684999999999998,0.060837065971687775
2021,12,PAK.7.5.2_1,0.003916,0.03159105873485386
2021,12,PER.13.11.10_1,0.012726999999999999,0.05669369573503794
2021,12,PRI.52_1,0.6686570000000001,0.23288659922810495
2021,12,PRI.65_1,0.029369999999999997,0.0853789895356956
2021,12,USA.10.43_1,0.00979,0.04979917102635736
2021,12,USA.5.19_1,0.011748,0.05449712748274754
2021,12,VEN.14.3_1,0.389642,0.2449877097670327
