year,month,gid_2,est,se
2017,11,ESP.10.1_1,0.33,0.7790966802511401
2017,11,ESP.10.2_1,0.1627481585457173,0.5478904119372272
2017,11,ESP.10.3_1,0.40782450704104756,0.3630475004021825
2017,11,ESP.15.1_1,0.005153077903848073,0.1204454029433311
2017,11,ESP.18.1_1,0.2866266409955256,0.4295744560437352
2017,11,ESP.2.1_1,0.08809436706131087,0.24371489124341597
2017,11,ESP.2.2_1,0.022154598728363114,0.14529449923789445
2017,11,ESP.2.3_1,9.208426208397194e-4,0.027814377621984215
2017,11,ESP.4.1_1,0.0030908747729109245,0.05702814366998518
2017,11,ESP.4.3_1,0.004568912701300657,0.06353079386142162
2017,11,ESP.6.1_1,0.5622122001846627,0.4349628695643508
2017,11,ESP.6.2_1,0.7426676607597186,0.5390430528207697
2017,11,ESP.6.3_1,0.05816089997262782,0.24393227720618474
2017,11,ESP.6.4_1,0.5725508281411127,0.6672859300488715
2017,11,ESP.9.1_1,0.00396942840809493,0.0732378857689431
2017,11,FRA.10.11_1,0.0052461678122514965,0.096794349074249
2017,11,FRA.11.11_1,0.010000503535235596,0.18451415676168062
2017,11,FRA.11.6_1,0.19350521561480788,0.562833697645929
