year,month,gid_2,est,se
2017,11,ESP.1.1_1,0.159,0.36585906146062974
2017,11,ESP.1.2_1,0.365,0.4816710568500115
2017,11,ESP.1.3_1,0.028,0.16505527329729044
2017,11,ESP.1.4_1,0.266,0.44208533049564025
2017,11,ESP.1.5_1,0,0.45978516983739526
2017,11,ESP.1.6_1,0.097,0.296105857217784
2017,11,ESP.1.7_1,0.947,0.22414558046332575
2017,11,ESP.1.8_1,0.021,0.14345584540052586
2017,11,ESP.10.1_1,0.418,0.49347696959383985
2017,11,ESP.10.2_1,0.398,0.48973037054672836
2017,11,ESP.10.3_1,0.798,0.40169311340544206
2017,11,ESP.11.1_1,0,0.4457237593730782
2017,11,ESP.12.1_1,0,0.46148018805140917
2017,11,ESP.12.3_1,0,0.4639463829433809
2017,11,ESP.12.4_1,0,0.4606378047741926
2017,11,ESP.13.1_1,0.88,0.3251241389157466
2017,11,ESP.14.1_1,0,0.46231237570795436
2017,11,ESP.14.2_1,0,0.45019848809017415
2017,11,ESP.16.1_1,0,0.31918157352340515
2017,11,ESP.16.2_1,0,0.18131981931624816
2017,11,ESP.16.3_1,0,0.17608806605504818
2017,11,ESP.17.1_1,0,0.4539891035103223
2017,11,ESP.18.1_1,0.578,0.49412565219806204
2017,11,ESP.2.1_1,0,0.48636153995515263
2017,11,ESP.2.2_1,0,0.29197474077263813
2017,11,ESP.2.3_1,0,0.12553788177183714
2017,11,ESP.3.1_1,0,0.45211548127487117
2017,11,ESP.4.1_1,0,0.0995485304256668
2017,11,ESP.4.2_1,0,0.2261307920985887
2017,11,ESP.4.3_1,0,0.10435463521037237
2017,11,ESP.4.4_1,0,0.22213812222431642
2017,11,ESP.4.5_1,0,0.11333068359382575
2017,11,ESP.5.1_1,0,0.45211548127487117
2017,11,ESP.5.2_1,0,0.4511624403111894
2017,11,ESP.5.3_1,0,0.45490981847278583
2017,11,ESP.5.6_1,0,0.44724045436881493
2017,11,ESP.5.8_1,0,0.4602127723084137
2017,11,ESP.6.1_1,0.94,0.237605674293474
2017,11,ESP.6.2_1,0.751,0.43265018916693676
2017,11,ESP.6.3_1,0.257,0.43719805825522845
2017,11,ESP.6.4_1,0.738,0.4399426662072566
2017,11,ESP.8.1_1,0,0.12553788177183714
2017,11,ESP.9.1_1,0,0.12553788177183714
