year,month,gid_2,est,se
2017,11,ESP.1.1_1,0.165,0.37136627864268035
2017,11,ESP.1.2_1,0.302,0.45935499018406994
2017,11,ESP.1.3_1,0.038,0.19129190414806527
2017,11,ESP.1.4_1,0.226,0.41844844258175834
2017,11,ESP.1.5_1,0,0.43380547159664457
2017,11,ESP.1.6_1,0.087,0.2819760814510878
2017,11,ESP.1.7_1,0.886,0.31797028965786267
2017,11,ESP.1.8_1,0.029,0.1678904023081343
2017,11,ESP.10.1_1,0.363,0.4811054587743341
2017,11,ESP.10.2_1,0.337,0.4729214043101186
2017,11,ESP.10.3_1,0.718,0.45019848809017415
2017,11,ESP.11.1_1,0,0.3471606552023436
2017,11,ESP.12.1_1,0,0.3522770203960217
2017,11,ESP.12.3_1,0,0.3562666500332664
2017,11,ESP.12.4_1,0,0.3502480173729377
2017,11,ESP.13.1_1,0.849,0.3582280381646966
2017,11,ESP.14.1_1,0,0.33536766610911
2017,11,ESP.14.2_1,0,0.31304631925323445
2017,11,ESP.16.1_1,0,0.2619018758859749
2017,11,ESP.16.2_1,0,0.1293357171384909
2017,11,ESP.16.3_1,0,0.13301764429463367
2017,11,ESP.17.1_1,0,0.34922479573758497
2017,11,ESP.18.1_1,0.508,0.5001861515337926
2017,11,ESP.2.1_1,0,0.4487319471135974
2017,11,ESP.2.2_1,0,0.2261307920985887
2017,11,ESP.2.3_1,0,0.11333068359382575
2017,11,ESP.3.1_1,0,0.3677148544921924
2017,11,ESP.4.1_1,0,0.10435463521037237
2017,11,ESP.4.2_1,0,0.1678904023081343
2017,11,ESP.4.3_1,0,0.08912880535463237
2017,11,ESP.4.4_1,0,0.15921478998305827
2017,11,ESP.4.5_1,0,0.10435463521037237
2017,11,ESP.5.1_1,0,0.3461196307619647
2017,11,ESP.5.2_1,0,0.34819569244928955
2017,11,ESP.5.3_1,0,0.3630369069334353
2017,11,ESP.5.6_1,0,0.3630369069334353
2017,11,ESP.5.8_1,0,0.3471606552023436
2017,11,ESP.6.1_1,0.878,0.32744957355785825
2017,11,ESP.6.2_1,0.649,0.4775217555536366
2017,11,ESP.6.3_1,0.237,0.4254550646214145
2017,11,ESP.6.4_1,0.657,0.47494902524015836
2017,11,ESP.8.1_1,0,0.09448771310560929
2017,11,ESP.9.1_1,0,0.09448771310560929
2017,11,ITA.10.9_1,0.002,0.04469897088298564
2017,11,ITA.13.4_1,0.018,0.13301764429463367
2017,11,ITA.13.6_1,0.009,0.09448771310560929
2017,11,ITA.8.2_1,0.266,0.44208533049564025
2017,11,ITA.8.4_1,0.068,0.2518718710762269
