year,month,gid_1,est,se
2019,08,ESP.1_1,0.36904969543456767,0.36639402555108086
2019,08,ESP.10_1,0.8046108508568965,0.3957929600653665
2019,08,ESP.11_1,0,0.48702349261528716
2019,08,ESP.12_1,0,0.4891621565091155
2019,08,ESP.13_1,0.9011181818181818,0.30926792049394103
2019,08,ESP.14_1,0,0.47957884983657784
2019,08,ESP.15_1,0.041372727272727276,0.19838941090279583
2019,08,ESP.16_1,0.14514522833623034,0.4467225484046653
2019,08,ESP.17_1,0,0.48513024163759505
2019,08,ESP.18_1,0.9475363636363636,0.239450070654273
2019,08,ESP.2_1,0.09662817128905057,0.2855611789811157
2019,08,ESP.3_1,0,0.49314012936201734
2019,08,ESP.4_1,0.06854069689138272,0.3639798361630171
2019,08,ESP.5_1,0,0.49002912966933093
2019,08,ESP.6_1,0.708170450091123,0.44224876002975805
2019,08,ESP.7_1,0,0.4838344084510854
2019,08,ESP.8_1,0.03632727272727272,0.18638331132035063
2019,08,ESP.9_1,0.03733636363636363,0.1888562063228706
