year,month,gid_1,est,se
2019,08,ESP.10_1,0.981,0.13659303663678343
2019,08,ESP.6_1,0.977,0.1499783100768024
