year,month,gid_1,est,se
2019,08,ESP.1_1,0.3645750090857105,0.3536866680966855
2019,08,ESP.10_1,0.8413228791674848,0.35756737142651973
2019,08,ESP.11_1,0,0.4953030140442854
2019,08,ESP.12_1,0,0.4969846173729371
2019,08,ESP.13_1,0.968937875751503,0.1787434054367333
2019,08,ESP.14_1,0,0.4982688877630107
2019,08,ESP.15_1,0.014028056112224449,0.1175607359667311
2019,08,ESP.16_1,0.09011908324574111,0.3696028814545994
2019,08,ESP.17_1,0,0.4965620343933976
2019,08,ESP.18_1,0.9498997995991983,0.22215989496093902
2019,08,ESP.2_1,0.08551231701955124,0.2637466719991913
2019,08,ESP.3_1,0,0.49212763721006175
2019,08,ESP.4_1,0.03167903072069367,0.23299799819923792
2019,08,ESP.5_1,0,0.4941253544709121
2019,08,ESP.6_1,0.7230605847782005,0.4310102585526589
2019,08,ESP.8_1,0.013026052104208416,0.1133417916337265
2019,08,ESP.9_1,0,0.07057588998662695
