ID_0,est,se
ALB,3.189,1.4944302670352436
ARG,2.841,1.9490554389428811
AUT,1.984,0.39459384999159225
BEL,0,0
BGR,15.693,7.976867966916549
BIH,1.094,0.923832726126533
BRA,0.635,0.6340640946026563
CHE,1.585,1.4748223627181072
CHN,2.005,2.412600411669412
COL,0.497,0.5002411830719671
DEU,0.76,0.42729683193604717
ESP,18.377,2.7712912797215554
FJI,1.413,3.275845259190697
FRA,11.794,5.762028866105349
GRC,0.971,1.1616552867940872
GTM,1.234,0.9214124727007004
HND,0.871,0.33536766610911
HRV,8.179,5.024387244213613
HUN,4.369,5.637645276747084
IND,0.031,0.2650154616863825
ITA,52.551,23.320412980239663
KOR,1.112,0.4073649020084616
LKA,0.354,0.4784484433174727
MEX,0.013,0.149053606093358
MMR,0.433,0.4957385972029581
NLD,0.527,0.5543909683144435
PAK,0,0
PAN,0.001,0.03162277660168379
PER,0.006,0.07726558075864033
PRT,3.5,1.1277167094976226
PSE,0.061,0.239450070654273
ROU,0.132,0.5241329386320113
SLB,0.684,0.4651455260027343
SRB,2.613,2.3921634573948882
SVN,3.287,1.470542617372642
THA,0.472,0.499465179432426
TUR,3.52,5.083982786108492
USA,5.391,4.954420260472426
XKO,0.946,0.2261307920985887
ZAF,0.403,0.4907461989988632
