year,month,gid_1,est,se
2015,11,ESP.1_1,0.19402818579487133,0.3347981625733497
2015,11,ESP.10_1,0.6962453795101061,0.4422108338762383
2015,11,ESP.11_1,0,0.45198890322071206
2015,11,ESP.12_1,0,0.4620915925554847
2015,11,ESP.13_1,0.9819639278557114,0.14008378142711644
2015,11,ESP.14_1,0,0.453735857274465
2015,11,ESP.15_1,0,0.3758575926484814
2015,11,ESP.16_1,0,0.24491545408989154
2015,11,ESP.17_1,0,0.46068295391609276
2015,11,ESP.18_1,0.845691382765531,0.36307248978107887
2015,11,ESP.2_1,0,0.3448785848901398
2015,11,ESP.3_1,0,0.4521597951062757
2015,11,ESP.4_1,0,0.21275599841410697
2015,11,ESP.5_1,0,0.4528392833106181
2015,11,ESP.6_1,0.5191836956606437,0.38213296824524795
2015,11,ESP.8_1,0,0.35231154861975233
2015,11,ESP.9_1,0,0.1366064247224546
