year,month,gid_1,est,se
2015,11,BEL.1_1,0,0.35725080565364753
2015,11,BEL.2_1,0,0.39273808779182084
2015,11,CHE.26_1,0,0.3853244013036054
2015,11,DEU.14_1,0,0.3773044209512914
2015,11,DEU.2_1,0,0.36208649592691006
2015,11,DEU.3_1,0,0.37405410782641896
2015,11,DEU.7_1,0,0.394520735775744
2015,11,ESP.1_1,0.2524258241583762,0.3738183006271266
2015,11,ESP.10_1,0.7090661579612552,0.42244924255047006
2015,11,ESP.11_1,0,0.3816708634542268
2015,11,ESP.12_1,0,0.37357227309385965
2015,11,ESP.13_1,0.997,0.054717510634328705
2015,11,ESP.14_1,0,0.39263237364418824
2015,11,ESP.15_1,0,0.09954872952332497
2015,11,ESP.16_1,0,0.27686871866956625
2015,11,ESP.17_1,0,0.36679022979739423
2015,11,ESP.18_1,0.777,0.41646745157934895
2015,11,ESP.2_1,0,0.38964898904776885
2015,11,ESP.3_1,0,0.3792999384941175
2015,11,ESP.4_1,0,0.11564492360238829
2015,11,ESP.5_1,0,0.37405622011630774
2015,11,ESP.6_1,0.6110844995774865,0.3869068849407425
2015,11,ESP.8_1,0,0.440483599159185
2015,11,ESP.9_1,0,0.07726573529026545
2015,11,FRA.1_1,0,0.2552751962625207
2015,11,FRA.8_1,0,0.3686590487558106
2015,11,GRC.6_1,0,0
2015,11,HRV.13_1,0,0.48195145542377793
2015,11,HRV.21_1,0,0.3528231382397929
2015,11,HRV.4_1,0,0
2015,11,HRV.5_1,0,0.12161352288781699
2015,11,HRV.7_1,0,0.37582150844312534
2015,11,ITA.10_1,0.017,0.12933597581070122
2015,11,ITA.16_1,0.416,0.493141115645235
2015,11,ITA.6_1,0.108,0.3105363395219714
2015,11,ITA.8_1,0.055,0.22809479418866097
2015,11,NLD.11_1,0,0.3796615804346014
2015,11,NLD.14_1,0,0.48405939454580577
2015,11,NLD.9_1,0,0.3683163705907863
2015,11,PRT.12_1,0,0.3789295795548779
2015,11,PRT.4_1,0,0.3792999384941175
