year,month,gid_1,est,se
2022,03,ESP.1_1,0,0.39016423480352735
2022,03,ESP.10_1,0,0.4097965278638548
2022,03,ESP.11_1,0,0.3992871007756306
2022,03,ESP.12_1,0,0.3815777531417766
2022,03,ESP.13_1,0,0.3907895444901504
2022,03,ESP.14_1,0,0.3855204673911456
2022,03,ESP.16_1,0,0.4077296188774147
2022,03,ESP.17_1,0,0.3764436140964769
2022,03,ESP.18_1,0,0.391853032003291
2022,03,ESP.2_1,0,0.38756525846425655
2022,03,ESP.3_1,0,0.39501000577267614
2022,03,ESP.4_1,0,0.39814722581404266
2022,03,ESP.5_1,0,0.41327542676385404
2022,03,ESP.6_1,0,0.39206851209921534
2022,03,ESP.8_1,0,0.3970869809217261
2022,03,ITA.1_1,0,0.39725072636683834
2022,03,ITA.10_1,0,0.24313767034060474
2022,03,ITA.11_1,0,0.41264618468898884
2022,03,ITA.12_1,0,0.3764436140964769
2022,03,ITA.13_1,0,0.3866922636785421
2022,03,ITA.14_1,0,0.3693744180541712
2022,03,ITA.15_1,0,0.39317617251130954
2022,03,ITA.16_1,0,0.38499131732701836
2022,03,ITA.17_1,0,0.12595754641857262
2022,03,ITA.2_1,0,0.39382955636139777
2022,03,ITA.20_1,0,0.21671531418479276
2022,03,ITA.3_1,0,0.4138733881730261
2022,03,ITA.4_1,0,0.4092362611729746
2022,03,ITA.5_1,0,0.40298989364767807
2022,03,ITA.6_1,0,0.4017664758035374
2022,03,ITA.7_1,0,0.4009186933542258
2022,03,ITA.8_1,0,0.3980387627621464
2022,03,ITA.9_1,0,0.399260869337132
