ID_0,est,se
ALB,0.995510868892598,0.4368816294212516
ARE,0.049000000000000044,0.21597603025716916
AUT,0.9988735995684561,0.25636213616817705
BEL,0.9920147640084555,0.36092058561321827
BGR,0.09699999999999998,0.074026464304446
CHE,0.9657862048,0.4806169333885171
CHN,0,0
COL,0.0020000000000000018,0.04469897088298564
CZE,0.824643,0.4846222655134468
DEU,0.9999999975996948,0.41861167839902874
DNK,0.851,0.3562666500332664
ESP,1,0.21592793766227794
FRA,0.9998779556019785,0.34051539218179605
GBR,0.58,0.49380547166252
GMB,0.019000000000000017,0.13659303663678343
GRC,0.153416,0.11390501099119013
HRV,0.890643291951412,0.4058386120451975
HUN,0.9999990119750382,0.2036502619474664
IND,0.14043399040000015,0.10427969203934434
IRN,0.0010000000000000009,0.03162277660168379
ITA,1,0.22176844101235899
MAR,0.26874200000000004,0.32261649163617423
MEX,0.08827463800000002,0.14464069979731087
NLD,1,0.373530398666887
PAK,0,0
PER,0,0
POL,0.996,0.06315051850925682
PRT,0.98785570876444,0.41952375637942674
ROU,0.751786573,0.43957267721549
RUS,0.613,0.4873073654978636
SAU,0,0
SRB,0.79661685508,0.43857286493708864
SVN,0.968,0.08804403302752409
TUR,0.9969907886029072,0.3460623713097839
USA,0,0
UZB,0.21199999999999997,0.4089293621436632
XKO,0.910780630678,0.35951778774452875
