year,month,gid_3,est,se
2018,11,ESP.10.1.1_1,0.0037338795837078796,0.031949267365834054
2018,11,ESP.10.1.4_1,4.7303774305869004e-4,0.009894794504624202
2018,11,ESP.10.1.6_1,0.004671576263095976,0.03290326978092828
2018,11,ESP.10.1.7_1,0.00450682407103233,0.038682676300230284
2018,11,ESP.10.1.9_1,0.006947371849634774,0.05237003774747509
2018,11,ESP.10.2.5_1,0.0026818544808175564,0.018423187349039985
2018,11,ESP.10.2.7_1,0.002381950232206331,0.020172104421592837
2018,11,ESP.10.2.8_1,0.004024788437735927,0.034483483352790424
2018,11,ESP.10.3.1_1,0.022092010783077248,0.12506823787122506
2018,11,ESP.10.3.13_1,0.0032216537341254064,0.023775265057091783
2018,11,ESP.10.3.4_1,0.034234799300761995,0.22587999950670215
2018,11,ESP.10.3.7_1,0.015653161598368603,0.1470352407511998
2018,11,ESP.10.3.8_1,0.02001431621382297,0.14455915111884762
2018,11,ESP.18.1.5_1,0.005143099764692007,0.031358057961239576
2018,11,ESP.2.2.1_1,9.153858876143682e-4,0.004115002085770243
2018,11,ESP.2.3.2_1,5.036850737009615e-4,0.0020183914296124225
2018,11,ESP.6.1.10_1,0.00966318669842307,0.05377822689672443
2018,11,ESP.6.1.11_1,0.0045274913205269616,0.036092936704562234
2018,11,ESP.6.1.12_1,0.004638430223284527,0.030951772734858593
2018,11,ESP.6.1.3_1,0.007179088260717099,0.05414845412201196
2018,11,ESP.6.1.5_1,0.003435928941068786,0.029353707720794438
2018,11,ESP.6.1.6_1,0.015523061686427992,0.09042518733822934
2018,11,ESP.6.1.9_1,0.0025886380230171952,0.018916888817292463
2018,11,ESP.6.2.4_1,0.003880526473900638,0.027146451788937504
2018,11,ESP.6.2.5_1,0.0027879667632644046,0.017178370103441084
2018,11,ESP.6.2.6_1,0.004133229568355182,0.02492209497075026
2018,11,ESP.6.2.7_1,0.007520848879787442,0.04149007432803586
2018,11,ESP.6.3.10_1,0.002316354839534393,0.01808402473898793
2018,11,ESP.6.4.2_1,0.008961789577130992,0.0641250430916046
2018,11,ESP.6.4.3_1,0.0013598085410859594,0.012476234588104073
2018,11,ESP.6.4.7_1,0.0025226696171944596,0.013980705844021191
