year,month,gid_1,est,se
2020,04,AND.4_1,0,0.3876788561088626
2020,04,AUT.3_1,0,0.23908003452280824
2020,04,BEL.2_1,0,0.4051698264792374
2020,04,BGR.21_1,0,0.3979321333459769
2020,04,CHE.21_1,0,0.3713670213774659
2020,04,CHE.26_1,0,0.4291334476729501
2020,04,CHE.7_1,0,0.39639974856598337
2020,04,CYP.1_1,0,0.4103328476548714
2020,04,CYP.2_1,0,0.40535906623536333
2020,04,CYP.3_1,0,0.3986923510393924
2020,04,CYP.4_1,0,0.39407094850920077
2020,04,DEU.1_1,0,0.3913132274073093
2020,04,DEU.10_1,0,0.3971679401855499
2020,04,DEU.11_1,0,0.4260730731818104
2020,04,DEU.13_1,0,0.4150674815295196
2020,04,ESP.1_1,0,0.40473708717267665
2020,04,ESP.10_1,0,0.40143857593953797
2020,04,ESP.11_1,0,0.40319472310383647
2020,04,ESP.12_1,0,0.40751285910138757
2020,04,ESP.13_1,0,0.4046336400267016
2020,04,ESP.14_1,0,0.392497987603421
2020,04,ESP.15_1,0,0.39010741074523425
2020,04,ESP.16_1,0.06915820509767626,0.3381188675601823
2020,04,ESP.17_1,0.3095378061767838,0.45536709125178293
2020,04,ESP.18_1,0,0.3956275351958038
2020,04,ESP.2_1,0,0.40142358016944935
2020,04,ESP.3_1,0,0.3286022076867752
2020,04,ESP.4_1,0,0.40018283985821673
2020,04,ESP.5_1,0,0.4039824644456113
2020,04,ESP.6_1,0,0.401762950917981
2020,04,ESP.8_1,0,0.397932133345977
2020,04,ESP.9_1,0,0.3876788561088626
2020,04,FRA.12_1,0,0.4016939167940791
2020,04,FRA.8_1,0,0.40361367154475736
2020,04,GRC.3_1,0,0.41240970091418405
2020,04,GRC.6_1,0,0.41579992838769314
2020,04,ITA.13_1,0,0.4082233607118713
2020,04,ITA.16_1,0,0.38521160540579663
2020,04,ITA.17_1,0,0.41445441107751196
2020,04,ITA.20_1,0,0.32629111438871705
2020,04,ITA.6_1,0,0.37979571393569694
2020,04,ITA.8_1,0,0.3932865270649927
2020,04,LUX.1_1,0,0.3994486159637379
2020,04,NLD.10_1,0,0.3898292732620747
2020,04,NLD.11_1,0,0.3948512764789156
2020,04,NLD.12_1,0,0.3948512764789156
2020,04,NLD.14_1,0,0.39464275126254345
2020,04,NLD.2_1,0,0.4039044326239821
2020,04,NLD.4_1,0,0.40101801162429146
2020,04,NLD.9_1,0,0.40712852316958675
2020,04,PRT.12_1,0,0.3837327803262201
2020,04,ZNC.2_1,0,0.39716794018554996
2020,04,ZNC.5_1,0,0.4053590662353633
