year,month,gid_1,est,se
2020,04,ESP.1_1,0,0.38814639385701616
2020,04,ESP.10_1,0,0.3986033260569053
2020,04,ESP.11_1,0,0.3940902715957676
2020,04,ESP.12_1,0,0.39890399146606514
2020,04,ESP.13_1,0,0.3758207567993567
2020,04,ESP.14_1,0,0.4060799193519681
2020,04,ESP.15_1,0,0.41512809027013736
2020,04,ESP.16_1,0.07055920311962309,0.35724138822829615
2020,04,ESP.17_1,0.269,0.4436618485241162
2020,04,ESP.18_1,0,0.39716714584887525
2020,04,ESP.2_1,0,0.38921974826215017
2020,04,ESP.3_1,0,0.33647171235218754
2020,04,ESP.4_1,0,0.3927026490908709
2020,04,ESP.5_1,0,0.3860503112127662
2020,04,ESP.6_1,0,0.3968823192968499
2020,04,ESP.8_1,0,0.3924972026066607
2020,04,ESP.9_1,0,0.3893013685508382
2020,04,ITA.13_1,0,0.40607991935196813
2020,04,ITA.16_1,0,0.3901066305296325
2020,04,ITA.17_1,0,0.41033202698835536
2020,04,ITA.20_1,0,0.3130454961336708
2020,04,ITA.6_1,0,0.3966582913381653
2020,04,ITA.8_1,0,0.15312559370479986
