year,month,ID_2,est,se
2016,10,ESP.1.1_1,0.534,0.4990922691177385
2016,10,ESP.1.2_1,0.233,0.42295376802895357
2016,10,ESP.1.3_1,0.015,0.12161327966052798
2016,10,ESP.1.4_1,0.936,0.24487540497968344
2016,10,ESP.1.5_1,0,0
2016,10,ESP.1.6_1,0.015,0.12161327966052798
2016,10,ESP.1.7_1,0.885,0.31918157352340515
2016,10,ESP.1.8_1,0.04,0.19605723255834873
2016,10,ESP.10.1_1,1,0
2016,10,ESP.10.2_1,0.999,0.03162277660168379
2016,10,ESP.10.3_1,0.966,0.18131981931624816
2016,10,ESP.11.1_1,0,0
2016,10,ESP.11.2_1,0,0
2016,10,ESP.12.1_1,0,0
2016,10,ESP.12.2_1,0,0
2016,10,ESP.12.3_1,0,0
2016,10,ESP.12.4_1,0,0
2016,10,ESP.13.1_1,1,0
2016,10,ESP.14.1_1,0,0
2016,10,ESP.14.2_1,0,0
2016,10,ESP.15.1_1,0.01,0.0995485304256668
2016,10,ESP.16.1_1,0,0
2016,10,ESP.16.2_1,0.023,0.1499783100768024
2016,10,ESP.16.3_1,0.014,0.11754921445002436
2016,10,ESP.17.1_1,0,0
2016,10,ESP.18.1_1,0.985,0.12161327966052798
2016,10,ESP.2.1_1,0.073,0.2602666685127751
2016,10,ESP.2.2_1,0.017,0.1293357171384909
2016,10,ESP.2.3_1,0.014,0.11754921445002436
2016,10,ESP.3.1_1,0,0
2016,10,ESP.4.1_1,0.013,0.11333068359382575
2016,10,ESP.4.2_1,0,0
2016,10,ESP.4.3_1,0.016,0.12553788177183714
2016,10,ESP.4.4_1,0,0
2016,10,ESP.4.5_1,0.018,0.13301764429463367
2016,10,ESP.5.1_1,0,0
2016,10,ESP.5.2_1,0,0
2016,10,ESP.5.3_1,0,0
2016,10,ESP.5.4_1,0,0
2016,10,ESP.5.5_1,0,0
2016,10,ESP.5.6_1,0,0
2016,10,ESP.5.7_1,0,0
2016,10,ESP.5.8_1,0,0
2016,10,ESP.5.9_1,0,0
2016,10,ESP.6.1_1,0.977,0.1499783100768024
2016,10,ESP.6.2_1,0.99,0.0995485304256668
2016,10,ESP.6.3_1,0.595,0.4911376754192415
2016,10,ESP.6.4_1,0.832,0.3740533597174552
2016,10,ESP.7.1_1,0,0
2016,10,ESP.7.2_1,0,0
2016,10,ESP.8.1_1,0.081,0.27297163499805893
2016,10,ESP.9.1_1,0.01,0.0995485304256668
