year,month,gid_2,est,se
2016,10,ESP.1.1_1,0.041,0.19838941090279583
2016,10,ESP.1.2_1,0.143,0.3502480173729377
2016,10,ESP.1.3_1,0.049,0.21597603025716916
2016,10,ESP.1.4_1,0.169,0.3749394345485409
2016,10,ESP.1.5_1,0,0.41033202698835536
2016,10,ESP.1.6_1,0.03,0.17067257872642908
2016,10,ESP.1.7_1,0.301,0.4589222261011223
2016,10,ESP.1.8_1,0.043,0.2029585972364615
2016,10,ESP.10.1_1,0.347,0.4762539425745658
2016,10,ESP.10.2_1,0.3,0.45848687027025126
2016,10,ESP.10.3_1,0.31,0.462724663395106
2016,10,ESP.11.1_1,0,0.4144535821678608
2016,10,ESP.12.1_1,0,0.39485048677557294
2016,10,ESP.12.2_1,0,0.40317061716666125
2016,10,ESP.12.3_1,0,0.3901066305296325
2016,10,ESP.12.4_1,0,0.40020015012510946
2016,10,ESP.13.1_1,0.347,0.4762539425745658
2016,10,ESP.14.1_1,0,0.41910219117375974
2016,10,ESP.14.2_1,0,0.42729683193604723
2016,10,ESP.15.1_1,0.044,0.20519772441746548
2016,10,ESP.16.1_1,0,0.41033202698835536
2016,10,ESP.16.2_1,0.046,0.20958990416508122
2016,10,ESP.16.3_1,0.043,0.2029585972364615
2016,10,ESP.17.1_1,0,0.3810107205436209
2016,10,ESP.18.1_1,0.355,0.4787527589520547
2016,10,ESP.2.1_1,0.113,0.3167512136225074
2016,10,ESP.2.2_1,0.045,0.20740785428237288
2016,10,ESP.2.3_1,0.045,0.20740785428237288
2016,10,ESP.3.1_1,0,0.4082225442643334
2016,10,ESP.4.1_1,0.035,0.18387171834952978
2016,10,ESP.4.2_1,0,0.3917045218432287
2016,10,ESP.4.3_1,0.039,0.19369180807797864
2016,10,ESP.4.4_1,0,0.40892936214366316
2016,10,ESP.4.5_1,0.028,0.16505527329729044
2016,10,ESP.5.1_1,0,0.4110279113928201
2016,10,ESP.5.2_1,0,0.3810107205436209
2016,10,ESP.5.3_1,0,0.40094857495663927
2016,10,ESP.5.4_1,0,0.3932857404911519
2016,10,ESP.5.5_1,0,0.403903624814309
2016,10,ESP.5.6_1,0,0.3917045218432287
2016,10,ESP.5.7_1,0,0.4117201883725323
2016,10,ESP.5.8_1,0,0.40094857495663927
2016,10,ESP.5.9_1,0,0.3963989557656934
2016,10,ESP.6.1_1,0.366,0.4819504915199032
2016,10,ESP.6.2_1,0.248,0.432067914433232
2016,10,ESP.6.3_1,0.354,0.4784484433174727
2016,10,ESP.6.4_1,0.26,0.43885372573625553
2016,10,ESP.8.1_1,0.043,0.2029585972364615
2016,10,ESP.9.1_1,0.038,0.19129190414806527
