year,month,gid_2,est,se
2016,10,ESP.1.1_1,0.017,0.1293357171384909
2016,10,ESP.1.2_1,0.038,0.19129190414806527
2016,10,ESP.1.3_1,0.008,0.08912880535463237
2016,10,ESP.1.4_1,0.174,0.37929917989348183
2016,10,ESP.1.5_1,0,0.41910219117375974
2016,10,ESP.1.6_1,0.01,0.0995485304256668
2016,10,ESP.1.7_1,0.396,0.48930912869414506
2016,10,ESP.1.8_1,0.008,0.08912880535463237
2016,10,ESP.10.1_1,0.592,0.49170903772228736
2016,10,ESP.10.2_1,0.355,0.4787527589520547
2016,10,ESP.10.3_1,0.339,0.47360669685225454
2016,10,ESP.11.1_1,0,0.41646661864361284
2016,10,ESP.11.2_1,0,0.41033202698835536
2016,10,ESP.12.1_1,0,0.3917045218432287
2016,10,ESP.12.2_1,0,0.3986915536538929
2016,10,ESP.12.3_1,0,0.3932857404911519
2016,10,ESP.12.4_1,0,0.3818596821043259
2016,10,ESP.13.1_1,0.5,0.5002501876563868
2016,10,ESP.14.1_1,0,0.41910219117375974
2016,10,ESP.14.2_1,0,0.4343785039394614
2016,10,ESP.15.1_1,0.005,0.07056897321046962
2016,10,ESP.16.1_1,0,0.39407016036651554
2016,10,ESP.16.2_1,0.002,0.04469897088298564
2016,10,ESP.16.3_1,0.006,0.07726558075864033
2016,10,ESP.17.1_1,0,0.36955049393495276
2016,10,ESP.18.1_1,0.507,0.5002011607355596
2016,10,ESP.2.1_1,0.027,0.162164414398774
2016,10,ESP.2.2_1,0.011,0.10435463521037237
2016,10,ESP.2.3_1,0.006,0.07726558075864033
2016,10,ESP.3.1_1,0,0.3963989557656934
2016,10,ESP.4.1_1,0.01,0.0995485304256668
2016,10,ESP.4.2_1,0,0.402433787041984
2016,10,ESP.4.3_1,0.005,0.07056897321046962
2016,10,ESP.4.4_1,0,0.39793133748091436
2016,10,ESP.4.5_1,0.006,0.07726558075864033
2016,10,ESP.5.1_1,0,0.40169311340544206
2016,10,ESP.5.2_1,0,0.3868600013708585
2016,10,ESP.5.3_1,0,0.40169311340544206
2016,10,ESP.5.4_1,0,0.39793133748091436
2016,10,ESP.5.5_1,0,0.4060799193519681
2016,10,ESP.5.6_1,0,0.40892936214366316
2016,10,ESP.5.7_1,0,0.40169311340544206
2016,10,ESP.5.8_1,0,0.39793133748091436
2016,10,ESP.5.9_1,0,0.3868600013708585
2016,10,ESP.6.1_1,0.577,0.49428262696084646
2016,10,ESP.6.2_1,0.382,0.48611964814468495
2016,10,ESP.6.3_1,0.118,0.3227695465501356
2016,10,ESP.6.4_1,0.195,0.3963989557656934
2016,10,ESP.7.1_1,0,0.4144535821678608
2016,10,ESP.7.2_1,0,0.4157990967870047
2016,10,ESP.8.1_1,0.026,0.15921478998305827
2016,10,ESP.9.1_1,0.007,0.08341437500789632
