year,month,gid_2,est,se
2019,08,ESP.10.1_1,0.005356873119706019,0.12389657426461292
2019,08,ESP.10.2_1,0.006706317198424664,0.12645326139914917
2019,08,ESP.10.3_1,0.0018768592262246953,0.053218391545839086
2019,08,ESP.15.1_1,0.009201461502291591,0.16451472734442285
2019,08,ESP.18.1_1,0.006513913842293276,0.09823060546280439
2019,08,ESP.2.1_1,0.007448079970142857,0.08358089278705243
2019,08,ESP.2.2_1,0.003296649289051153,0.058941436510207224
2019,08,ESP.2.3_1,0.0021923720369137487,0.043868771036687175
2019,08,ESP.4.1_1,0.0027595706645639957,0.055218262049051704
2019,08,ESP.4.3_1,0.001165480268375281,0.033047222932168795
2019,08,ESP.4.4_1,0,0
2019,08,ESP.5.7_1,0.004141474685698755,0.07809099473130252
2019,08,ESP.6.1_1,0,0
2019,08,ESP.6.2_1,0,0
2019,08,ESP.6.3_1,0.006154282699877145,0.0867252121863409
2019,08,ESP.6.4_1,0.0038204809926937547,0.09684449812679337
2019,08,ESP.9.1_1,0.0035439540566535306,0.0709135614111962
2019,08,FRA.10.11_1,0.005854803194774368,0.10467916982575858
2019,08,FRA.11.11_1,0.011160714285714284,0.19954459052249646
2019,08,FRA.11.6_1,0.03173212922601678,0.2626787944488818
2019,08,FRA.11.7_1,0.031034940418415216,0.3117901054338193
