year,month,gid_4,est,se
2020,05,HUN.10.2_1,0.084,0.2775266131761439
2020,05,HUN.10.4_1,0.102,0.30279974849343533
2020,05,HUN.10.6_1,0.104,0.30541328929383094
2020,05,HUN.12.1_1,0.096,0.2947386484173239
2020,05,HUN.13.3_1,0.093,0.290577761426155
2020,05,HUN.14.11_1,0.078,0.26830577330349786
2020,05,HUN.14.12_1,0.084,0.2775266131761439
2020,05,HUN.14.14_1,0.1,0.3001501125938321
2020,05,HUN.14.15_1,0.093,0.290577761426155
2020,05,HUN.14.2_1,0.1,0.3001501125938321
2020,05,HUN.14.4_1,0.09,0.28632495871296654
2020,05,HUN.14.5_1,0.082,0.27450200609713465
2020,05,HUN.14.6_1,0.094,0.29197474077263813
2020,05,HUN.14.7_1,0.102,0.30279974849343533
2020,05,HUN.14.8_1,0.1,0.3001501125938321
2020,05,HUN.14.9_1,0.101,0.3014795016081357
2020,05,HUN.16.9_1,0.088,0.28343665312788385
2020,05,HUN.17.2_1,0.075,0.26352313834736496
2020,05,HUN.19.8_1,0.103,0.304110972316823
2020,05,HUN.2.1_1,0.069,0.2535809600567505
2020,05,HUN.2.3_1,0.185,0.38849186082326864
2020,05,HUN.4.15_1,0.099,0.2988114594326802
2020,05,HUN.5.1_1,0.055,0.22809433799861634
2020,05,HUN.8.1_1,0.104,0.30541328929383094
2020,05,ITA.10.2.142_1,0.098,0.29746341705239066
2020,05,ITA.10.2.175_1,0.085,0.2790212408632233
2020,05,ITA.10.2.18_1,0.095,0.2933616557443407
2020,05,ITA.10.5.42_1,0.074,0.2619018758859749
2020,05,ITA.17.2.135_1,0.094,0.29197474077263813
2020,05,ITA.20.1.21_1,0.076,0.26513071171460745
2020,05,ITA.20.1.53_1,0.121,0.3262904618058356
2020,05,ITA.20.7.55_1,0.083,0.2760202658994212
