year,month,gid_1,est,se
2019,08,ESP.1_1,0,0.2462806086550766
2019,08,ESP.10_1,0,0.27767429191378024
2019,08,ESP.11_1,0,0.2445248185184886
2019,08,ESP.12_1,0,0.26417577254253805
2019,08,ESP.13_1,0,0.27227207325577324
2019,08,ESP.14_1,0,0.2611797905850769
2019,08,ESP.15_1,0,0.2562863420259852
2019,08,ESP.16_1,0.024291183655110488,0.1260601150184347
2019,08,ESP.17_1,0.513,0.5000810745080052
2019,08,ESP.18_1,0,0.23225466955537494
2019,08,ESP.2_1,0,0.2698048888152781
2019,08,ESP.3_1,0.124,0.23933059143326318
2019,08,ESP.4_1,0,0.2425553249960331
2019,08,ESP.5_1,0,0.25964796890236147
2019,08,ESP.6_1,0,0.2564554863866064
2019,08,ESP.8_1,0,0.27227207325577324
2019,08,ESP.9_1,0,0.2579270571782053
