year,month,gid_1,est,se
2019,08,ESP.1_1,0,0.26716439741193854
2019,08,ESP.10_1,0,0.25457330667082373
2019,08,ESP.11_1,0,0.2537401745147093
2019,08,ESP.12_1,0,0.26703522700736715
2019,08,ESP.13_1,0,0.24021457924195555
2019,08,ESP.14_1,0,0.2729969369894561
2019,08,ESP.15_1,0,0.2487808264394254
2019,08,ESP.16_1,0,0.123790317096818
2019,08,ESP.17_1,0.523,0.49956678106569624
2019,08,ESP.18_1,0,0.2487808264394254
2019,08,ESP.2_1,0,0.2545810328527534
2019,08,ESP.3_1,0,0.2277671960304934
2019,08,ESP.4_1,0,0.25676204772703776
2019,08,ESP.5_1,0,0.26839401738800456
2019,08,ESP.6_1,0,0.2786131447853197
2019,08,ESP.8_1,0,0.26034777869241904
2019,08,ESP.9_1,0,0.2952149601617402
