year,month,gid_2,est,se
2021,01,ESP.1.1_1,0.45,0.497742652128334
2021,01,ESP.1.2_1,0.139,0.3461196307619647
2021,01,ESP.1.3_1,0.186,0.3893013685508382
2021,01,ESP.1.4_1,0.357,0.4793545460103417
2021,01,ESP.1.5_1,0,0.3532829019480122
2021,01,ESP.1.6_1,0.208,0.4060799193519681
2021,01,ESP.1.7_1,0.793,0.4053582555164201
2021,01,ESP.1.8_1,0.451,0.49784219070589714
2021,01,ESP.10.1_1,0.949,0.22010780869257557
2021,01,ESP.10.2_1,0.24,0.42729683193604723
2021,01,ESP.10.3_1,0.893,0.30926792049394103
2021,01,ESP.11.1_1,0,0.3562666500332664
2021,01,ESP.11.2_1,0,0.35126540875438816
2021,01,ESP.12.1_1,0,0.3440194025768741
2021,01,ESP.12.3_1,0,0.31918157352340515
2021,01,ESP.12.4_1,0,0.3408227694273963
2021,01,ESP.13.1_1,0.34,0.47394580346767984
2021,01,ESP.14.1_1,0,0.39944781706570703
2021,01,ESP.14.2_1,0,0.41910219117375974
2021,01,ESP.15.1_1,0.003,0.05471740119919799
2021,01,ESP.16.1_1,0,0.3320154126456093
2021,01,ESP.16.2_1,0.119,0.32395052700056526
2021,01,ESP.16.3_1,0.013,0.11333068359382575
2021,01,ESP.17.1_1,0,0.34922479573758497
2021,01,ESP.18.1_1,0.346,0.4759312035478558
2021,01,ESP.2.1_1,0.077,0.26672484350382913
2021,01,ESP.2.3_1,0.013,0.11333068359382575
2021,01,ESP.3.1_1,0,0.3408227694273963
2021,01,ESP.4.1_1,0.027,0.162164414398774
2021,01,ESP.4.5_1,0.02,0.14007005254378832
2021,01,ESP.5.2_1,0,0.3522770203960217
2021,01,ESP.5.3_1,0,0.3397446488562056
2021,01,ESP.5.5_1,0,0.32860155048170264
2021,01,ESP.5.8_1,0,0.32860155048170264
2021,01,ESP.6.1_1,0.407,0.49152069396170145
2021,01,ESP.6.2_1,0.482,0.49992592043814443
2021,01,ESP.6.3_1,0.187,0.3901066305296325
2021,01,ESP.6.4_1,0.655,0.4756061408363029
2021,01,ESP.8.1_1,0.008,0.08912880535463237
2021,01,ESP.9.1_1,0.002,0.04469897088298564
