year,month,gid_3,est,se
2017,05,ARG.24.2_1,0.041118,0.10039496111501989
2017,05,DOM.5.1_1,0.010768999999999999,0.05220342584680258
2017,05,GTM.7.7_1,0.08615199999999999,0.14178923891592213
2017,05,HND.8.4_1,0.062656,0.12249896729352036
2017,05,IND.20.26.7_1,0.006853,0.04172805675094036
2017,05,IND.34.1.5_1,0.08811,0.14323411432686872
2017,05,MEX.14.40_2,0.077341,0.13500438564024525
2017,05,MEX.14.99_2,0.062656,0.12249896729352035
2017,05,MEX.16.57_2,0.07342499999999999,0.13182749941006933
2017,05,MEX.17.7_2,0.018601,0.06833069221010664
2017,05,MEX.31.50_2,0.035244000000000004,0.09323828646402417
2017,05,MEX.4.5_2,0.026432999999999998,0.08112277873417477
2017,05,MEX.9.9_2,0.001958,0.022360668572260937
2017,05,PAK.7.5.2_1,0.005874,0.03865212127388954
2017,05,PER.13.11.10_1,0.325028,0.2357011976084414
2017,05,PRI.52_1,0.074404,0.13263168828870378
2017,05,PRI.65_1,0.002937,0.0273723902179686
2017,05,USA.10.43_1,0.003916,0.03159105873485386
2017,05,USA.5.19_1,9.79e-4,0.015819299929208316
2017,05,VEN.14.3_1,0.008811,0.047267496212303896
