year,month,gid_1,est,se
2021,09,ESP.1_1,0.18899176779112298,0.2854262997200594
2021,09,ESP.10_1,0.332039240034298,0.4482102108630397
2021,09,ESP.11_1,0,0.29257616263130076
2021,09,ESP.12_1,0,0.14448632673307168
2021,09,ESP.13_1,0.49601338326176697,0.4979396991041626
2021,09,ESP.14_1,0,0.051552568529644356
2021,09,ESP.15_1,0,0.1888562063228706
2021,09,ESP.16_1,0.11622015569309568,0.2324012138445766
2021,09,ESP.17_1,0.5146687538711697,0.49928778103243043
2021,09,ESP.18_1,0,0.27450200609713465
2021,09,ESP.2_1,0,0.3397302686878279
2021,09,ESP.3_1,0,0.07056897321046962
2021,09,ESP.4_1,0,0.25368097786552624
2021,09,ESP.5_1,0.026935016765319807,0.27505630293857686
2021,09,ESP.6_1,0.365696594594405,0.2833228536120328
2021,09,ESP.7_1,0,0.48730736549786363
2021,09,ESP.8_1,0.4104181534068603,0.48410573055723927
2021,09,ESP.9_1,0,0.4584868702702513
2021,09,ITA.1_1,0,0.3038496749415296
2021,09,ITA.10_1,0.4222390824892007,0.4515896650577013
2021,09,ITA.11_1,0,0.28629743376970346
2021,09,ITA.12_1,0,0.4651455260027343
2021,09,ITA.13_1,0.16405747604020163,0.3305788166513847
2021,09,ITA.14_1,0.0994380490495586,0.3304947880917403
2021,09,ITA.15_1,0.18017089095557,0.355836728101227
2021,09,ITA.16_1,0.32447833177519647,0.3101456456593454
2021,09,ITA.17_1,0.4906250660818527,0.4693421228990786
2021,09,ITA.18_1,0,0.36196664381331284
2021,09,ITA.2_1,0,0.29630273723412265
2021,09,ITA.20_1,0.6521953095285589,0.41367241022678014
2021,09,ITA.3_1,0,0.2764233689656209
2021,09,ITA.4_1,0.2881922261613987,0.47891795686200617
2021,09,ITA.5_1,0.26970020249075183,0.40408773789506874
2021,09,ITA.6_1,0.3155199681494446,0.40719892884421466
2021,09,ITA.7_1,0.9074435398227484,0.18405666228055295
2021,09,ITA.8_1,0.6513564442452818,0.2252849117125721
2021,09,ITA.9_1,0,0.4037178115099006
