year,month,gid_1,est,se
2021,09,ESP.1_1,0.2769237279600232,0.23821117723505045
2021,09,ESP.10_1,0.3197154354062884,0.40481644000097555
2021,09,ESP.11_1,0.07504866634315376,0.1447934007002247
2021,09,ESP.12_1,0.017310957940518824,0.151918031119828
2021,09,ESP.13_1,0.6471007194244605,0.4950113090556613
2021,09,ESP.14_1,0.08558276080675035,0.16265821791299523
2021,09,ESP.15_1,0.13149640287769784,0.24468144068286496
2021,09,ESP.16_1,0.09708705162004895,0.15682530446034906
2021,09,ESP.17_1,0.502916067146283,0.4944811088362461
2021,09,ESP.18_1,0.14418465227817745,0.2627879218761762
2021,09,ESP.2_1,0.034726950228197134,0.2353077137049774
2021,09,ESP.3_1,0.032297362110311756,0.030283906631320776
2021,09,ESP.4_1,0.06153977392925524,0.21870076548363038
2021,09,ESP.5_1,0.057812274363683996,0.23762230302044296
2021,09,ESP.6_1,0.4155875044124666,0.26547198554959817
2021,09,ESP.7_1,0.23761630695443645,0.3661883766846849
2021,09,ESP.8_1,0.4856139088729017,0.4914405626682612
2021,09,ESP.9_1,0,0.34469259576673755
