year,month,gid_1,est,se
2021,09,ESP.1_1,0.24002629163217973,0.20671814088585938
2021,09,ESP.10_1,0.3436549419140584,0.421334420505248
2021,09,ESP.11_1,0.07931288604879326,0.13087198333157748
2021,09,ESP.12_1,0.0163172953018773,0.1953498680750082
2021,09,ESP.13_1,0.6280791618160653,0.4943960329351051
2021,09,ESP.14_1,0.06707147238067308,0.09478186079520473
2021,09,ESP.15_1,0.10281722933643773,0.179864655572622
2021,09,ESP.16_1,0.06062200280549536,0.20321064005911538
2021,09,ESP.17_1,0.4425611175785798,0.4836491471778498
2021,09,ESP.18_1,0.14305005820721772,0.24830000038465183
2021,09,ESP.2_1,0.04928396854972053,0.18664544231103009
2021,09,ESP.3_1,0.04246798603026776,0.03129747405489833
2021,09,ESP.4_1,0.03560018356881102,0.20357134119057785
2021,09,ESP.5_1,0.04119674069999275,0.2112834473326218
2021,09,ESP.6_1,0.4034625171477202,0.25014990348259186
2021,09,ESP.7_1,0.18355342616976278,0.3477638687623849
2021,09,ESP.8_1,0.4839115250291037,0.4934082503360072
2021,09,ESP.9_1,0,0.3087057692805207
