year,month,gid_1,est,se
2021,09,ESP.1_1,0.19635591148486867,0.2884229236338593
2021,09,ESP.10_1,0.33310593893941964,0.44408371923668966
2021,09,ESP.11_1,0,0.28729971888996686
2021,09,ESP.12_1,0,0.14551233082314105
2021,09,ESP.13_1,0.49755735539246515,0.4977516117379825
2021,09,ESP.14_1,0,0.0965865635704234
2021,09,ESP.15_1,0.039804588431397205,0.18638666631053938
2021,09,ESP.16_1,0.11870940499902717,0.2549483193735846
2021,09,ESP.17_1,0.5263051137040297,0.4996825614823021
2021,09,ESP.18_1,0,0.2863301127013814
2021,09,ESP.2_1,0,0.3239136117948047
2021,09,ESP.3_1,0,0.0995503223475965
2021,09,ESP.4_1,0.029544549886616155,0.24625743288628155
2021,09,ESP.5_1,0.023333075467910237,0.2619432814789641
2021,09,ESP.6_1,0.36162032721687953,0.27357285079668103
2021,09,ESP.7_1,0,0.48731613726728107
2021,09,ESP.8_1,0.37703790708629026,0.47429109438978906
2021,09,ESP.9_1,0,0.45717340722189187
2021,09,ITA.1_1,0,0.2992889437287532
2021,09,ITA.10_1,0.41371985303979314,0.45021261270683854
2021,09,ITA.11_1,0,0.27905540932664924
2021,09,ITA.12_1,0,0.46148849491908017
2021,09,ITA.13_1,0.1670509162238877,0.32788597963104543
2021,09,ITA.14_1,0.10222866594601762,0.3340271805946332
2021,09,ITA.15_1,0.17515527727817026,0.3523221729691888
2021,09,ITA.16_1,0.33366969608761077,0.3093918577178836
2021,09,ITA.17_1,0.4915280714561679,0.46311268051446625
2021,09,ITA.18_1,0,0.3616328594144023
2021,09,ITA.2_1,0,0.2911875258412766
2021,09,ITA.20_1,0.6578746168360082,0.412565637994135
2021,09,ITA.3_1,0,0.2876854820644013
2021,09,ITA.4_1,0.29583416820258873,0.4764695763939817
2021,09,ITA.5_1,0.27759819319255724,0.407011816611154
2021,09,ITA.6_1,0.3163319458913148,0.40748303093737315
2021,09,ITA.7_1,0.9031241330606888,0.1853922627794281
2021,09,ITA.8_1,0.6492809007353921,0.22063407979817895
2021,09,ITA.9_1,0,0.407999522419858
