year,month,gid_1,est,se
2019,08,ARG.24_1,4.6681257569248277e-4,0.0011514419873745157
2019,08,DOM.5_1,0.8433728690425701,0.9325571463413334
2019,08,GTM.7_1,0.005357662996040994,0.013579100582906524
2019,08,HND.8_1,0.0014017808026740802,0.0035433969877355434
2019,08,IND.20_1,3.449105597143848e-5,7.30736395864408e-5
2019,08,IND.34_1,4.428052759582077e-5,9.187945797367437e-5
2019,08,MEX.14_1,5.713399898588266e-4,6.754982724143065e-4
2019,08,MEX.16_1,1.1385062844893275e-4,3.654113402829742e-4
2019,08,MEX.17_1,0.004517052448560575,0.008105940915629856
2019,08,MEX.31_1,3.691181558614146e-4,8.033984773822115e-4
2019,08,MEX.9_1,0.006167651657945526,0.01753606542104429
2019,08,PAK.7_1,2.3772725822157567e-5,6.857505144244555e-5
2019,08,PER.13_1,0.001291945659912151,0.0019649251213806358
2019,08,PRI.52_1,0.27027752182795306,0.4815525850958364
2019,08,PRI.65_1,0.27994745349726424,0.42643700378533944
2019,08,USA.5_1,5.319945300750744e-6,1.1945595334000979e-5
2019,08,VEN.14_1,9.401286473520243e-4,0.0019642236203459337
