year,month,gid_1,est,se
2022,08,HUN.10_1,0.181,0.38521083498181535
2022,08,HUN.12_1,0.122,0.32744957355785825
2022,08,HUN.13_1,0.177,0.3818596821043259
2022,08,HUN.14_1,0.165,0.37136627864268035
2022,08,HUN.16_1,0.172,0.3775692765024169
2022,08,HUN.17_1,0.157,0.3639828065767441
2022,08,HUN.19_1,0.135,0.34189456253630574
2022,08,HUN.2_1,0.246,0.4308940353145651
2022,08,HUN.4_1,0.242,0.428508599236491
2022,08,HUN.5_1,0.17,0.3758207567993567
2022,08,HUN.8_1,0.143,0.3502480173729377
2022,08,ITA.10_1,0.414,0.4927949338688932
2022,08,ITA.17_1,0.236,0.4248346554654934
2022,08,ITA.20_1,0.417,0.4933095928059319
