year,month,gid_1,est,se
2020,12,ESP.1_1,0.19955899086983228,0.2888738834522033
2020,12,ESP.10_1,0.3161300686029581,0.44647478757180603
2020,12,ESP.11_1,0,0.3112036734546342
2020,12,ESP.12_1,0,0.28529349555646544
2020,12,ESP.13_1,0.5748059483204738,0.49518197162754657
2020,12,ESP.14_1,0,0.3749167553384197
2020,12,ESP.15_1,0.0010066654086172922,0.03162283984742673
2020,12,ESP.16_1,0.010276380633745152,0.18195166481975106
2020,12,ESP.17_1,0,0.2602671890476737
2020,12,ESP.18_1,0.46910608041565816,0.4990932673052713
2020,12,ESP.2_1,0.041578494808243605,0.15695058641116405
2020,12,ESP.3_1,0,0.28197664540494266
2020,12,ESP.4_1,0.0030039530631700007,0.1596260659197456
2020,12,ESP.5_1,0,0.29681459959181106
2020,12,ESP.6_1,0.21406920265264331,0.3921842295037486
2020,12,ESP.7_1,0,0.3272252210166178
2020,12,ESP.8_1,0.04227994716192627,0.20068990353783572
2020,12,ESP.9_1,0.0020133308172345845,0.0446990602811956
