year,month,gid_1,est,se
2020,12,ESP.1_1,0,0
2020,12,ESP.10_1,0,0
2020,12,ESP.11_1,0,0.044714086799345555
2020,12,ESP.12_1,0,0.06716192931338984
2020,12,ESP.13_1,0,0
2020,12,ESP.14_1,0,0.06779417801866645
2020,12,ESP.15_1,0,0
2020,12,ESP.16_1,0,0
2020,12,ESP.17_1,0,0.07729170977309362
2020,12,ESP.18_1,0,0
2020,12,ESP.2_1,0,0
2020,12,ESP.3_1,0,0.06317187421246463
2020,12,ESP.4_1,0,0
2020,12,ESP.5_1,0,0.051336989004234536
2020,12,ESP.6_1,0,0
2020,12,ESP.7_1,0,0.058131710710827005
2020,12,ESP.8_1,0,0
2020,12,ESP.9_1,0,0.05473590506279083
