year,month,gid_1,est,se
2020,12,ESP.1_1,0,0
2020,12,ESP.10_1,0,0
2020,12,ESP.11_1,0,0.054722764292903174
2020,12,ESP.12_1,0,0.048702641636712785
2020,12,ESP.13_1,0,0
2020,12,ESP.14_1,0,0.05855924931099167
2020,12,ESP.15_1,0,0
2020,12,ESP.16_1,0,0.013359450412675587
2020,12,ESP.17_1,0,0.07057588998662695
2020,12,ESP.18_1,0.001002004008016032,0.0316258760894229
2020,12,ESP.2_1,0,0
2020,12,ESP.3_1,0,0.07727315389882448
2020,12,ESP.4_1,0,0
2020,12,ESP.5_1,0,0.07891252633844502
2020,12,ESP.6_1,0,0
2020,12,ESP.7_1,0,0.058117754689952755
2020,12,ESP.8_1,0,0.04470335202617074
2020,12,ESP.9_1,0,0.0316258760894229
