year,month,gid_2,est,se
2014,10,ESP.1.1_1,0.044,0.20519772441746548
2014,10,ESP.1.2_1,0.063,0.24308453280719053
2014,10,ESP.1.3_1,0.05,0.21805400144814482
2014,10,ESP.1.4_1,0.049,0.21597603025716916
2014,10,ESP.1.5_1,0,0.4110279113928201
2014,10,ESP.1.6_1,0.067,0.25014710386805117
2014,10,ESP.1.7_1,0.265,0.4415540396938635
2014,10,ESP.1.8_1,0.057,0.2319586273558386
2014,10,ESP.10.1_1,0.227,0.41910219117375974
2014,10,ESP.10.2_1,0.175,0.38015722999769386
2014,10,ESP.10.3_1,0.186,0.3893013685508382
2014,10,ESP.11.1_1,0,0.41033202698835536
2014,10,ESP.11.2_1,0,0.40317061716666125
2014,10,ESP.12.1_1,0,0.40020015012510946
2014,10,ESP.12.2_1,0,0.4157990967870047
2014,10,ESP.12.4_1,0,0.38521083498181535
2014,10,ESP.13.1_1,0.43,0.49532347546360583
2014,10,ESP.14.1_1,0,0.42232020358296185
2014,10,ESP.14.2_1,0,0.4197525368502163
2014,10,ESP.16.1_1,0,0.42358402168096876
2014,10,ESP.16.2_1,0.056,0.23003677296666486
2014,10,ESP.16.3_1,0.072,0.2586172517116422
2014,10,ESP.17.1_1,0,0.38437969216355294
2014,10,ESP.18.1_1,0.313,0.4639463829433809
2014,10,ESP.2.1_1,0.053,0.22414558046332575
2014,10,ESP.2.2_1,0.056,0.23003677296666486
2014,10,ESP.2.3_1,0.06,0.237605674293474
2014,10,ESP.3.1_1,0,0.3986915536538929
2014,10,ESP.4.1_1,0.054,0.2261307920985887
2014,10,ESP.4.2_1,0,0.38521083498181535
2014,10,ESP.4.3_1,0.048,0.21387319079712103
2014,10,ESP.4.4_1,0,0.403903624814309
2014,10,ESP.4.5_1,0.054,0.2261307920985887
2014,10,ESP.5.1_1,0,0.42295376802895357
2014,10,ESP.5.2_1,0,0.3893013685508382
2014,10,ESP.5.3_1,0,0.39407016036651554
2014,10,ESP.5.4_1,0,0.39485048677557294
2014,10,ESP.5.5_1,0,0.4124088760939574
2014,10,ESP.5.7_1,0,0.40317061716666125
2014,10,ESP.5.8_1,0,0.387678080750375
2014,10,ESP.6.1_1,0.615,0.48683879468671354
2014,10,ESP.6.2_1,0.661,0.47360669685225454
2014,10,ESP.6.3_1,0.056,0.23003677296666486
2014,10,ESP.6.4_1,0.297,0.4571651780264984
2014,10,ESP.7.1_1,0,0.41646661864361284
2014,10,ESP.7.2_1,0,0.41512809027013736
2014,10,ESP.8.1_1,0.048,0.21387319079712103
2014,10,ESP.9.1_1,0.06,0.237605674293474
