year,month,gid_2,est,se
2014,10,ESP.10.1_1,0.232,0.699393489090398
2014,10,ESP.10.2_1,0.12268707336523303,0.48967917799162364
2014,10,ESP.10.3_1,0.06569338064449863,0.28798350569898595
2014,10,ESP.15.1_1,0.011336771388465759,0.17810994712124964
2014,10,ESP.18.1_1,0.34343082984736606,0.4093273312917617
2014,10,ESP.2.1_1,0.014682394510218476,0.11339567215264046
2014,10,ESP.2.2_1,0.008861839491345246,0.09363541726854814
2014,10,ESP.2.3_1,0.005525055725038317,0.06761657000720173
2014,10,ESP.4.1_1,0.012363499091643698,0.112668126646614
2014,10,ESP.4.3_1,0.004895263608536418,0.06572726357273262
2014,10,ESP.6.1_1,0.5197552496226053,0.4852700634980114
2014,10,ESP.6.2_1,0.8754449541017422,0.15297625443355944
2014,10,ESP.6.3_1,0.008185608144295767,0.09745533895052869
2014,10,ESP.6.4_1,0.46214865051749004,0.7067416851249957
2014,10,ESP.9.1_1,0.004961785510118663,0.08179986111978349
2014,10,FRA.10.11_1,0.015738503436754488,0.1662951961522469
2014,10,FRA.11.11_1,0.037501888257133485,0.3533258055097658
2014,10,FRA.11.6_1,0.05528720446137369,0.3338981921675899
