year,month,gid_2,est,se
2014,10,ESP.10.1_1,0.805,0.39639895576569334
2014,10,ESP.10.2_1,0.755,0.4303024054780082
2014,10,ESP.10.3_1,1,0
