year,month,gid_2,est,se
2018,01,ESP.1.1_1,0,0
2018,01,ESP.1.2_1,0,0
2018,01,ESP.1.3_1,0,0
2018,01,ESP.1.4_1,0,0
2018,01,ESP.1.5_1,0,0
2018,01,ESP.1.6_1,0,0
2018,01,ESP.1.7_1,0.004,0.06315051850925682
2018,01,ESP.1.8_1,0,0
2018,01,ESP.10.1_1,0,0
2018,01,ESP.10.2_1,0,0
2018,01,ESP.10.3_1,0,0.03162277660168379
2018,01,ESP.11.1_1,0,0.08912880535463237
2018,01,ESP.11.2_1,0,0.11754921445002436
2018,01,ESP.12.1_1,0,0.05471740119919799
2018,01,ESP.12.2_1,0,0.06315051850925682
2018,01,ESP.12.3_1,0,0.07726558075864033
2018,01,ESP.12.4_1,0,0.07726558075864033
2018,01,ESP.13.1_1,0,0.14007005254378832
2018,01,ESP.14.1_1,0,0.07726558075864033
2018,01,ESP.15.1_1,0,0.07726558075864033
2018,01,ESP.16.2_1,0,0
2018,01,ESP.16.3_1,0,0
2018,01,ESP.17.1_1,0,0.07056897321046962
2018,01,ESP.18.1_1,0.102,0.30279974849343533
2018,01,ESP.2.1_1,0,0
2018,01,ESP.2.2_1,0,0
2018,01,ESP.2.3_1,0,0
2018,01,ESP.3.1_1,0,0.07056897321046962
2018,01,ESP.4.1_1,0,0
2018,01,ESP.4.3_1,0,0
2018,01,ESP.4.4_1,0,0
2018,01,ESP.5.2_1,0,0.07726558075864033
2018,01,ESP.5.3_1,0,0.03162277660168379
2018,01,ESP.5.9_1,0,0.05471740119919799
2018,01,ESP.6.1_1,0.002,0.04469897088298564
2018,01,ESP.6.2_1,0,0
2018,01,ESP.6.3_1,0,0
2018,01,ESP.6.4_1,0,0
2018,01,ESP.7.1_1,0,0.0995485304256668
2018,01,ESP.8.1_1,0,0.04469897088298564
2018,01,ESP.9.1_1,0,0.05471740119919799
2018,01,ITA.10.9_1,0,0
2018,01,ITA.14.6_1,0,0.07726558075864033
2018,01,ITA.14.7_1,0,0.08341437500789632
2018,01,ITA.15.5_1,0,0.04469897088298564
2018,01,ITA.17.2_1,0,0
2018,01,ITA.8.4_1,0,0
