ID_0,est,se
ESP,0.9999999939132587,0.210307676824957
