year,month,gid_1,est,se
2022,09,ESP.1_1,0.13089927080139804,0.17098681008741842
2022,09,ESP.10_1,0.19912066774430442,0.3184826027465566
2022,09,ESP.11_1,0.05299699975527767,0.06358470926071351
2022,09,ESP.12_1,0.09445109923361247,0.3395138941332689
2022,09,ESP.13_1,0.3095692665890571,0.4205531931297917
2022,09,ESP.14_1,0.10133819937162095,0.14720824014999345
2022,09,ESP.15_1,0.045820721769499424,0.04207057302726123
2022,09,ESP.16_1,0.14041230969897428,0.34034561774014577
2022,09,ESP.17_1,0.3151571594877765,0.424284243887231
2022,09,ESP.18_1,0.44926658905704314,0.48552850522607277
2022,09,ESP.2_1,0.061177879818934945,0.2197484080892166
2022,09,ESP.3_1,0.03352735739231665,0
2022,09,ESP.4_1,0.04843029765482871,0.23231003822115626
2022,09,ESP.5_1,0.06873836977769392,0.2697815989694443
2022,09,ESP.6_1,0.2786222760630945,0.3135402610224958
2022,09,ESP.7_1,0.0851898676481674,0.22566889135478088
2022,09,ESP.8_1,0.3620954598370199,0.4516600892075747
2022,09,ESP.9_1,0,0.3414513814270338
