ID_0,est,se
ESP,0.4523478350374517,0.08888760046554565
