year,month,gid_2,est,se
2018,09,ESP.1.1_1,0.645,0.4787527589520547
2018,09,ESP.1.2_1,0.517,0.49996095943679536
2018,09,ESP.1.3_1,0.294,0.45581988961844544
2018,09,ESP.1.4_1,0.508,0.5001861515337926
2018,09,ESP.1.5_1,0,0.500249187155011
2018,09,ESP.1.6_1,0.121,0.3262904618058356
2018,09,ESP.1.7_1,0.998,0.04469897088298564
2018,09,ESP.1.8_1,0.146,0.3532829019480122
2018,09,ESP.10.1_1,0.886,0.31797028965786267
2018,09,ESP.10.2_1,0.799,0.40094857495663927
2018,09,ESP.10.3_1,0.953,0.21174474216810163
2018,09,ESP.11.1_1,0,0.49698893146427114
2018,09,ESP.11.2_1,0,0.49261919742705285
2018,09,ESP.12.1_1,0,0.49560228169533443
2018,09,ESP.12.2_1,0,0.49687310541312546
2018,09,ESP.12.3_1,0,0.4979396991041626
2018,09,ESP.12.4_1,0,0.49518098126261295
2018,09,ESP.13.1_1,0.99,0.0995485304256668
2018,09,ESP.14.1_1,0,0.4961352135760474
2018,09,ESP.14.2_1,0,0.49721446300587663
2018,09,ESP.15.1_1,0,0.11754921445002436
2018,09,ESP.16.1_1,0,0.4067978422810088
2018,09,ESP.16.2_1,0.101,0.3014795016081357
2018,09,ESP.16.3_1,0.061,0.239450070654273
2018,09,ESP.17.1_1,0,0.4929685771101623
2018,09,ESP.18.1_1,0.987,0.11333068359382575
2018,09,ESP.2.1_1,0.549,0.49784219070589714
2018,09,ESP.2.2_1,0.09,0.28632495871296654
2018,09,ESP.2.3_1,0.257,0.43719805825522845
2018,09,ESP.3.1_1,0,0.49698893146427114
2018,09,ESP.4.1_1,0.047,0.21174474216810163
2018,09,ESP.4.2_1,0,0.27450200609713465
2018,09,ESP.4.3_1,0.041,0.19838941090279583
2018,09,ESP.4.4_1,0,0.29197474077263813
2018,09,ESP.4.5_1,0.026,0.15921478998305827
2018,09,ESP.5.1_1,0,0.49546390835709164
2018,09,ESP.5.2_1,0,0.49170903772228736
2018,09,ESP.5.3_1,0,0.4905472827736758
2018,09,ESP.5.4_1,0,0.4901430813958718
2018,09,ESP.5.5_1,0,0.4901430813958718
2018,09,ESP.5.7_1,0,0.49443752736667196
2018,09,ESP.5.8_1,0,0.4927949338688932
2018,09,ESP.5.9_1,0,0.4945903553645376
2018,09,ESP.6.1_1,0.952,0.21387319079712103
2018,09,ESP.6.2_1,0.794,0.4046328307586122
2018,09,ESP.6.3_1,0.543,0.49839682924292306
2018,09,ESP.6.4_1,0.828,0.3775692765024169
2018,09,ESP.8.1_1,0.048,0.21387319079712103
2018,09,ESP.9.1_1,0,0.1467567291047928
