ID_0,est,se
ALB,0,0
AUT,0.9999999996305898,0.365952040742104
BEL,0,0
BGR,0,0
CHE,0.8613714461599999,0.485389100882172
CHN,0,0
DEU,0.64936,0.1898609257758204
ESP,0.9669283479999999,0.010210145149787454
FRA,0,0
GRC,0,0
HRV,0.41900000000000004,0.16454742061609226
HUN,0.996485869271928,0.21564181631015683
IND,0,0
ITA,0.14068000000000003,0.004730958158420228
NLD,0.14800000000000002,0.0010007821667210688
PAK,0,0
PER,0,0
ROU,0.03500000000000003,0.09193585917476488
SRB,0.028000000000000025,0.08252763664864522
SVN,0,0
TUR,0,0
USA,0,0
XKO,0,0
