ID_0,est,se
ALB,2.472,1.934092159158013
ARG,2.0949999999999998,2.115290610945005
AUT,1.573,1.4743995635583733
BEL,0,0
BGR,13.211,13.21083150133192
BIH,1.446,0.7481766032542554
BRA,0.121,0.4776799049430533
CHE,1.71,1.404393553867381
CHN,1.352,1.9619764776235287
COL,0.016,0.12553788177183714
DEU,0.539,0.4987261049190505
ESP,20.247,3.5758659031777347
FJI,1.17,3.0282454111696877
FRA,9.484,8.563338502501761
GRC,1.454,0.5608931706375908
GTM,1.4929999999999999,0.6591036665235239
HND,0.361,0.4805308625987616
HRV,7.61,6.3384034768583994
HUN,8.512,9.442061805645283
IND,1.226,0.8104229485219984
ITA,41.239,34.045943887817835
KOR,0.696,0.9488563596831159
LKA,0.218,0.4130939925085411
MEX,0.43000000000000005,0.8064736455224184
MMR,0.514,0.5000540511325291
NLD,0.9430000000000001,0.9509446546439653
PAK,0,0
PAN,0.08,0.27142894774447635
PER,0.125,0.33088439746304826
PRT,2.529,1.8730468768772264
PSE,0.236,0.4248346554654934
ROU,1.279,1.462042506832587
SLB,0.347,0.4762539425745658
SRB,4.692,2.101262693498047
SVN,1.855,1.1050064778911746
THA,0.527,0.4995202903992194
TUR,13.52,7.944326049203588
USA,6.241,6.680730805693754
XKO,0.971,0.1678904023081343
ZAF,0.116,0.3203851535989872
