ID_0,est,se
ALB,2.023,2.223643466178058
ARG,0.567,1.346299161578358
AUT,0.679,0.9407767031758829
BEL,0,0
BGR,10.084,11.77328142429288
BIH,1.124,1.3199410287401605
BRA,0.47,0.9215839201017655
CHE,1.2189999999999999,1.4652743329914757
CHN,1.293,1.7284989721286412
COL,0.594,0.4913302406787164
DEU,0.781,0.4137755553560531
ESP,16.019,2.617914013806557
FJI,3.933,4.466369830125967
FRA,7.882,8.46064030125133
GRC,0.074,0.31167075304545244
GTM,1.119,0.9928343566095951
HND,0.375,0.4843651614325803
HRV,5.7620000000000005,6.3797805621772685
HUN,6.785,9.237132740947132
IND,0.9979999999999999,1.0288417534305396
ITA,22.215,28.26627406572314
KOR,1.228,0.8677123578982887
LKA,0.136,0.3429600875052688
MEX,0.673,0.857993749039068
MMR,0.938,0.2412762197445372
NLD,0.973,0.3518147947118899
PAK,0,0
PAN,0.035,0.18387171834952976
PER,0.047,0.21174474216810163
PRT,2.574,1.8904427858159472
PSE,0.697,0.45978516983739526
ROU,1.1079999999999999,1.0265684690676462
SLB,0.383,0.48636153995515263
SRB,2.523,3.220323980535651
SVN,1.0959999999999999,1.2933165911378295
THA,0.414,0.4927949338688932
TUR,9.567,8.946605721094416
USA,1.801,3.0236488157832913
XKO,0.422,0.4941256521980621
ZAF,0.127,0.33313958333104454
