year,month,gid_2,est,se
2022,01,ESP.10.1_1,0.24392408553146047,0.719136226498533
2022,01,ESP.10.2_1,0.3303231063577246,0.718093896266907
2022,01,ESP.10.3_1,0.16182262234631653,0.39750196329529836
2022,01,ESP.15.1_1,0.01946004849429006,0.20293208792434858
2022,01,ESP.18.1_1,0.3101115752555796,0.48776548660892793
2022,01,ESP.2.2_1,0.0760407279459105,0.22257537547427142
2022,01,ESP.2.3_1,0.005333077913424883,0.03500158708949163
2022,01,ESP.4.1_1,0.05863660364630149,0.2011958255024802
2022,01,ESP.4.4_1,0.009731432407299227,0.07633380946435749
2022,01,ESP.6.1_1,0.7480711338612013,0.6099675874449643
2022,01,ESP.6.2_1,0.6403475152893291,0.8791704433505129
2022,01,ESP.6.3_1,0.06553841027287717,0.22895988896650618
2022,01,ESP.6.4_1,0.23646335069027502,0.6428370713025157
2022,01,FRA.10.11_1,0.4190741104987138,0.6320114685203178
