year,month,gid_2,est,se
2022,01,ESP.10.1_1,0.536,0.498951854343636
2022,01,ESP.10.2_1,0.569,0.49546390835709164
2022,01,ESP.10.3_1,1,0
