year,month,gid_1,est,se
2022,01,ESP.1_1,0.11994153508287045,0.26107722250731097
2022,01,ESP.10_1,0.1092554671107941,0.3007092891369548
2022,01,ESP.11_1,0,0.3584438850669711
2022,01,ESP.12_1,0,0.34071294396313845
2022,01,ESP.13_1,0.09384460141271442,0.290577761426155
2022,01,ESP.14_1,0,0.4042036960160738
2022,01,ESP.15_1,0.004036326942482341,0.06315051850925682
2022,01,ESP.16_1,0.007244852194591246,0.19683948975846857
2022,01,ESP.17_1,0,0.3440194025768741
2022,01,ESP.18_1,0.10696266397578202,0.30799165387857325
2022,01,ESP.2_1,0.030711741092215073,0.14579481179892617
2022,01,ESP.3_1,0,0.34189456253630574
2022,01,ESP.4_1,0.0021744456081104484,0.17473216776519027
2022,01,ESP.5_1,0,0.3440582711960748
2022,01,ESP.6_1,0.0834825031941898,0.2735470649223683
2022,01,ESP.7_1,0,0.370377548846423
2022,01,ESP.8_1,0.003027245206861756,0.054717401199198
2022,01,ESP.9_1,0.016145307769929364,0.12553788177183714
