year,month,gid_1,est,se
2022,01,ESP.1_1,0,0
2022,01,ESP.10_1,0,0
2022,01,ESP.11_1,0,0.11024429447354718
2022,01,ESP.12_1,0,0.094496974262906
2022,01,ESP.13_1,0,0.0316258760894229
2022,01,ESP.14_1,0,0.10895042187148869
2022,01,ESP.16_1,0,0
2022,01,ESP.17_1,0,0.10895042187148869
2022,01,ESP.18_1,0.001002004008016032,0.0316258760894229
2022,01,ESP.2_1,0,0
2022,01,ESP.3_1,0,0.12555018629304496
2022,01,ESP.4_1,0,0
2022,01,ESP.5_1,0,0.07782180969876129
2022,01,ESP.6_1,1.858320571560038e-4,0.005865347409832214
2022,01,ESP.7_1,0,0.07727315389882448
2022,01,ESP.8_1,0,0
