year,month,gid_1,est,se
2022,01,ESP.10_1,0.922,0.26830577330349786
2022,01,ESP.6_1,0.991,0.09448771310560929
