year,month,gid_1,est,se
2022,01,ESP.1_1,0,0
2022,01,ESP.10_1,0,0
2022,01,ESP.11_1,0,0.29259269070698557
2022,01,ESP.12_1,0,0.29336165574434064
2022,01,ESP.13_1,0,0
2022,01,ESP.14_1,0,0.3067068128833611
2022,01,ESP.16_1,0,0
2022,01,ESP.17_1,0,0.296105857217784
2022,01,ESP.18_1,0,0
2022,01,ESP.2_1,0,0
2022,01,ESP.3_1,0,0.28050433629924987
2022,01,ESP.4_1,0,0
2022,01,ESP.5_1,0,0.3253601876196268
2022,01,ESP.6_1,0,0
2022,01,ESP.7_1,0,0.2988114594326802
2022,01,ESP.8_1,0,0
2022,01,ITA.1_1,0,0.003619284008819895
2022,01,ITA.10_1,0,0
2022,01,ITA.11_1,0,0.015486046501692058
2022,01,ITA.13_1,0,0
2022,01,ITA.14_1,0,0.04266990308338051
2022,01,ITA.15_1,0,0.10238269837099633
2022,01,ITA.16_1,0,0.0013533374578959224
2022,01,ITA.17_1,0,0
2022,01,ITA.18_1,0,0.05287974368321989
2022,01,ITA.2_1,0,0.006775837352831895
2022,01,ITA.20_1,0,0
2022,01,ITA.4_1,0,0.0026531750134733065
2022,01,ITA.5_1,0,0
2022,01,ITA.6_1,0.009928089665071145,0.08883110866724662
2022,01,ITA.7_1,0,0
2022,01,ITA.8_1,2.052013293419224e-4,0.006489035796148153
2022,01,ITA.9_1,0,0.016274837849570754
