year,month,gid_3,est,se
2019,12,ESP.10.1.1_1,0.448,0.49753747953651045
2019,12,ESP.10.1.2_1,0.068,0.2518718710762269
2019,12,ESP.10.1.3_1,0.001,0.03162277660168379
2019,12,ESP.10.1.4_1,0.29,0.4539891035103223
2019,12,ESP.10.1.5_1,0.273,0.4457237593730782
2019,12,ESP.10.1.6_1,0.458,0.4984821807090846
2019,12,ESP.10.1.7_1,0.042,0.20068950215762726
2019,12,ESP.10.1.8_1,0.075,0.26352313834736496
2019,12,ESP.10.1.9_1,0.007,0.08341437500789632
2019,12,ESP.10.2.1_1,0.046,0.20958990416508122
2019,12,ESP.10.2.2_1,0.047,0.21174474216810163
2019,12,ESP.10.2.3_1,0.37,0.48304589153964794
2019,12,ESP.10.2.5_1,0.499,0.500249187155011
2019,12,ESP.10.2.7_1,0.033,0.17872588772459053
2019,12,ESP.10.2.8_1,0.039,0.19369180807797864
2019,12,ESP.10.3.1_1,0.699,0.4589222261011223
2019,12,ESP.10.3.10_1,0.084,0.2775266131761439
2019,12,ESP.10.3.11_1,0.688,0.46354166034011535
2019,12,ESP.10.3.12_1,0.796,0.40317061716666125
2019,12,ESP.10.3.13_1,0.633,0.48222768848702946
2019,12,ESP.10.3.14_1,0,0
2019,12,ESP.10.3.14_1,0,0
2019,12,ESP.10.3.14_1,0,0
2019,12,ESP.10.3.14_1,0,0
2019,12,ESP.10.3.14_1,0,0
2019,12,ESP.10.3.16_1,0.074,0.2619018758859749
2019,12,ESP.10.3.17_1,0.085,0.2790212408632233
2019,12,ESP.10.3.18_1,0.071,0.25695335184625445
2019,12,ESP.10.3.2_1,0.847,0.3601676286407771
2019,12,ESP.10.3.3_1,0.065,0.24664921616708177
2019,12,ESP.10.3.4_1,0.038,0.19129190414806527
2019,12,ESP.10.3.5_1,0.008,0.08912880535463237
2019,12,ESP.10.3.6_1,0,0
2019,12,ESP.10.3.6_1,0,0
2019,12,ESP.10.3.6_1,0,0
2019,12,ESP.10.3.6_1,0,0
2019,12,ESP.10.3.7_1,0.833,0.3731624984510773
2019,12,ESP.10.3.8_1,0.63,0.48304589153964794
2019,12,ESP.10.3.9_1,0.078,0.26830577330349786
