ID_0,est,se
ALB,0.9694311596080989,0.36062460959356246
ARE,0.281,0.4497123983628217
AUT,0.999999981014693,0.1965763804242531
BEL,1,0.0791161743940928
BGR,0.29800000000000004,0.11440208843302573
CHE,0.999999982456,0.12656074204858392
CHN,0,0
COL,0.025000000000000022,0.15620307103062794
CZE,0.925525,0.17346875667763065
DEU,1,0.2881607405312271
DNK,0.18799999999999994,0.39090767299812473
ESP,1,0.15492557690554057
FRA,1,0.12143169466549371
GBR,0.925,0.26352313834736496
GMB,0.038000000000000034,0.19129190414806527
GRC,0.8868859,0.30220489601868294
HRV,0.999941487309316,0.1776904414659909
HUN,0.9999999999999966,0.18189075168054028
IND,0.96582359623447,0.25218505095411015
IRN,0.0030000000000000027,0.05471740119919799
ITA,1,0.21700544912686254
MAR,0.8326520000000001,0.41171300974844827
MEX,0.78,0.1381511940559536
NLD,1,0.04244429920613986
PAK,0,0
PER,0,0
POL,0.02400000000000002,0.15312559370479986
PRT,1,0.31981814043675333
ROU,0.998618464,0.20988270906760997
RUS,0.027000000000000024,0.162164414398774
SAU,0,0
SRB,0.99965167202,0.3016799170821468
SVN,0.0010000000000000009,0.015811388300841896
TUR,0.9999997130401331,0.0939103076184194
USA,0.609,0.4882185549089233
UZB,0,0
XKO,0.8222542747,0.37559016334359446
