year,month,gid_2,est,se
2017,07,ESP.1.1_1,0.391,0.4882185549089233
2017,07,ESP.1.2_1,0.586,0.4927949338688932
2017,07,ESP.1.3_1,0.112,0.3155242550986462
2017,07,ESP.1.4_1,0.52,0.4998498272980094
2017,07,ESP.1.5_1,0,0.498951854343636
2017,07,ESP.1.6_1,0.247,0.43148253403489834
2017,07,ESP.1.7_1,0.986,0.11754921445002436
2017,07,ESP.1.8_1,0.122,0.32744957355785825
2017,07,ESP.10.1_1,0.82,0.38437969216355294
2017,07,ESP.10.2_1,0.819,0.38521083498181535
2017,07,ESP.10.3_1,0.971,0.1678904023081343
2017,07,ESP.11.1_1,0,0.49314012936201734
2017,07,ESP.11.2_1,0,0.49698893146427114
2017,07,ESP.12.1_1,0,0.4958728565770563
2017,07,ESP.12.2_1,0,0.49721446300587663
2017,07,ESP.12.3_1,0,0.49651336892930237
2017,07,ESP.12.4_1,0,0.4945903553645376
2017,07,ESP.13.1_1,0.962,0.19129190414806527
2017,07,ESP.14.1_1,0,0.4920794063381866
2017,07,ESP.14.2_1,0,0.4907461989988632
2017,07,ESP.15.1_1,0,0.15921478998305827
2017,07,ESP.16.1_1,0,0.34189456253630574
2017,07,ESP.16.2_1,0.041,0.19838941090279583
2017,07,ESP.16.3_1,0.05,0.21805400144814482
2017,07,ESP.17.1_1,0,0.49488980179017217
2017,07,ESP.18.1_1,0.898,0.30279974849343533
2017,07,ESP.2.1_1,0.603,0.4895208173618673
2017,07,ESP.2.2_1,0.2,0.40020015012510946
2017,07,ESP.2.3_1,0.057,0.2319586273558386
2017,07,ESP.3.1_1,0,0.49226143594773025
2017,07,ESP.4.1_1,0,0.14345584540052586
2017,07,ESP.4.2_1,0,0.237605674293474
2017,07,ESP.4.3_1,0,0.1499783100768024
2017,07,ESP.4.4_1,0,0.24308453280719053
2017,07,ESP.4.5_1,0,0.16505527329729044
2017,07,ESP.5.1_1,0,0.48973037054672836
2017,07,ESP.5.2_1,0,0.49412565219806204
2017,07,ESP.5.3_1,0,0.49380547166252
2017,07,ESP.5.4_1,0,0.48909530177074306
2017,07,ESP.5.5_1,0,0.4909429956981004
2017,07,ESP.5.6_1,0,0.4911376754192415
2017,07,ESP.5.7_1,0,0.4936422618482768
2017,07,ESP.5.8_1,0,0.49261919742705285
2017,07,ESP.5.9_1,0,0.4905472827736758
2017,07,ESP.6.1_1,0.993,0.08341437500789632
2017,07,ESP.6.2_1,0.965,0.18387171834952978
2017,07,ESP.6.3_1,0.693,0.46148018805140917
2017,07,ESP.6.4_1,0.982,0.13301764429463367
2017,07,ESP.7.1_1,0,0.4886612219010117
2017,07,ESP.8.1_1,0.056,0.23003677296666486
2017,07,ESP.9.1_1,0,0.13659303663678343
