year,month,gid_2,est,se
2017,07,ESP.1.1_1,0.342,0.47461696267754827
2017,07,ESP.1.2_1,0.577,0.49428262696084646
2017,07,ESP.1.3_1,0.059,0.23574260237507894
2017,07,ESP.1.4_1,0.498,0.5002461856388775
2017,07,ESP.1.5_1,0,0.49784219070589714
2017,07,ESP.1.6_1,0.223,0.41646661864361284
2017,07,ESP.1.7_1,0.914,0.28050433629924987
2017,07,ESP.1.8_1,0.053,0.22414558046332575
2017,07,ESP.10.1_1,0.768,0.42232020358296185
2017,07,ESP.10.2_1,0.741,0.4383048152953731
2017,07,ESP.10.3_1,0.884,0.3203851535989872
2017,07,ESP.11.1_1,0,0.4958728565770563
2017,07,ESP.11.2_1,0,0.49812863010685515
2017,07,ESP.12.1_1,0,0.49915945364198017
2017,07,ESP.12.2_1,0,0.49784219070589714
2017,07,ESP.12.3_1,0,0.49872610491905045
2017,07,ESP.12.4_1,0,0.4992877810324305
2017,07,ESP.13.1_1,0.906,0.29197474077263813
2017,07,ESP.14.1_1,0,0.48993779098885504
2017,07,ESP.14.2_1,0,0.4884409632438444
2017,07,ESP.15.1_1,0.061,0.239450070654273
2017,07,ESP.16.1_1,0,0.5002011607355596
2017,07,ESP.16.2_1,0.053,0.22414558046332575
2017,07,ESP.16.3_1,0.06,0.237605674293474
2017,07,ESP.17.1_1,0,0.4982200550190881
2017,07,ESP.18.1_1,0.823,0.3818596821043259
2017,07,ESP.2.1_1,0.694,0.4610602743422779
2017,07,ESP.2.2_1,0.213,0.40963251677424095
2017,07,ESP.2.3_1,0.061,0.239450070654273
2017,07,ESP.3.1_1,0,0.49872610491905045
2017,07,ESP.4.1_1,0.058,0.2338604085575211
2017,07,ESP.4.2_1,0,0.4962633144584408
2017,07,ESP.4.3_1,0.07,0.25527468571161765
2017,07,ESP.4.4_1,0,0.49992592043814443
2017,07,ESP.4.5_1,0.057,0.2319586273558386
2017,07,ESP.5.1_1,0,0.49710271686152663
2017,07,ESP.5.2_1,0,0.5002011607355596
2017,07,ESP.5.3_1,0,0.4988786223921405
2017,07,ESP.5.4_1,0,0.49839682924292306
2017,07,ESP.5.5_1,0,0.4995202903992194
2017,07,ESP.5.6_1,0,0.49503642397409614
2017,07,ESP.5.7_1,0,0.49784219070589714
2017,07,ESP.5.8_1,0,0.49698893146427114
2017,07,ESP.5.9_1,0,0.4974318430081034
2017,07,ESP.6.1_1,0.951,0.21597603025716916
2017,07,ESP.6.2_1,0.91,0.28632495871296654
2017,07,ESP.6.3_1,0.74,0.43885372573625553
2017,07,ESP.6.4_1,0.885,0.31918157352340515
2017,07,ESP.7.1_1,0,0.49753747953651045
2017,07,ESP.8.1_1,0.047,0.21174474216810163
2017,07,ESP.9.1_1,0.069,0.2535809600567505
