year,month,gid_3,est,se
2016,04,ESP.10.1.1_1,0.213,0.40963251677424095
2016,04,ESP.10.1.2_1,0.004,0.06315051850925682
2016,04,ESP.10.1.3_1,0,0
2016,04,ESP.10.1.4_1,0.999,0.03162277660168379
2016,04,ESP.10.1.5_1,0.327,0.46935199082489393
2016,04,ESP.10.1.6_1,0.036,0.18638331132035063
2016,04,ESP.10.1.7_1,0.999,0.03162277660168379
2016,04,ESP.10.1.8_1,0,0
2016,04,ESP.10.1.8_1,0,0
2016,04,ESP.10.1.8_1,0,0
2016,04,ESP.10.1.8_1,0,0
2016,04,ESP.10.1.9_1,0,0
2016,04,ESP.10.1.9_1,0,0
2016,04,ESP.10.1.9_1,0,0
2016,04,ESP.10.2.1_1,0.005,0.07056897321046962
2016,04,ESP.10.2.2_1,0.702,0.4576083537321029
2016,04,ESP.10.2.3_1,0.284,0.4511624403111894
2016,04,ESP.10.2.5_1,0.206,0.4046328307586122
2016,04,ESP.10.2.7_1,0.065,0.24664921616708177
2016,04,ESP.10.2.7_1,0.065,0.24664921616708177
2016,04,ESP.10.2.8_1,0.136,0.3429600875052688
2016,04,ESP.10.3.1_1,0.894,0.30799165387857325
2016,04,ESP.10.3.10_1,0.996,0.06315051850925682
2016,04,ESP.10.3.11_1,0.981,0.13659303663678343
2016,04,ESP.10.3.12_1,0,0
2016,04,ESP.10.3.12_1,0,0
2016,04,ESP.10.3.13_1,0.053,0.22414558046332575
2016,04,ESP.10.3.14_1,0.012,0.10893974420691407
2016,04,ESP.10.3.16_1,0.525,0.499624483612067
2016,04,ESP.10.3.17_1,0.796,0.40317061716666125
2016,04,ESP.10.3.18_1,0.239,0.42668613881993056
2016,04,ESP.10.3.2_1,0.085,0.2790212408632233
2016,04,ESP.10.3.3_1,0,0
2016,04,ESP.10.3.3_1,0,0
2016,04,ESP.10.3.3_1,0,0
2016,04,ESP.10.3.4_1,0.057,0.2319586273558386
2016,04,ESP.10.3.5_1,0.344,0.475278749672116
2016,04,ESP.10.3.6_1,0.007,0.08341437500789632
2016,04,ESP.10.3.7_1,0.95,0.21805400144814482
2016,04,ESP.10.3.8_1,0.951,0.21597603025716916
2016,04,ESP.10.3.9_1,0.803,0.39793133748091436
