year,month,gid_3,est,se
2016,04,ESP.10.1.1_1,0.045,0.20740785428237288
2016,04,ESP.10.1.2_1,0,0
2016,04,ESP.10.1.2_1,0,0
2016,04,ESP.10.1.2_1,0,0
2016,04,ESP.10.1.2_1,0,0
2016,04,ESP.10.1.3_1,0,0
2016,04,ESP.10.1.4_1,0.997,0.05471740119919799
2016,04,ESP.10.1.5_1,0.001,0.03162277660168379
2016,04,ESP.10.1.6_1,0.002,0.04469897088298564
2016,04,ESP.10.1.7_1,0.041,0.19838941090279583
2016,04,ESP.10.1.8_1,0,0
2016,04,ESP.10.1.8_1,0,0
2016,04,ESP.10.1.8_1,0,0
2016,04,ESP.10.1.8_1,0,0
2016,04,ESP.10.1.9_1,0.003,0.05471740119919799
2016,04,ESP.10.2.1_1,0.019,0.13659303663678343
2016,04,ESP.10.2.2_1,0.504,0.5002341793942455
2016,04,ESP.10.2.3_1,0.493,0.5002011607355596
2016,04,ESP.10.2.5_1,0.759,0.42790431418963526
2016,04,ESP.10.2.7_1,0.004,0.06315051850925682
2016,04,ESP.10.2.8_1,0.038,0.19129190414806527
2016,04,ESP.10.3.1_1,0.817,0.3868600013708585
2016,04,ESP.10.3.10_1,0.108,0.3105357184486713
2016,04,ESP.10.3.11_1,0.823,0.3818596821043259
2016,04,ESP.10.3.12_1,0,0
2016,04,ESP.10.3.12_1,0,0
2016,04,ESP.10.3.13_1,0.007,0.08341437500789632
2016,04,ESP.10.3.14_1,0.003,0.05471740119919799
2016,04,ESP.10.3.16_1,0.101,0.3014795016081357
2016,04,ESP.10.3.17_1,0.094,0.29197474077263813
2016,04,ESP.10.3.18_1,0.094,0.29197474077263813
2016,04,ESP.10.3.2_1,0.019,0.13659303663678343
2016,04,ESP.10.3.3_1,0.002,0.04469897088298564
2016,04,ESP.10.3.4_1,0.051,0.22010780869257557
2016,04,ESP.10.3.5_1,0.929,0.25695335184625445
2016,04,ESP.10.3.6_1,0.013,0.11333068359382575
2016,04,ESP.10.3.7_1,0.835,0.37136627864268035
2016,04,ESP.10.3.8_1,0.289,0.45352473436923446
2016,04,ESP.10.3.9_1,0.09,0.28632495871296654
