year,month,gid_2,se,est
2023,01,ALA.1.1_2,0,0
2023,01,ALA.1.2_2,0,0
2023,01,ALA.2.1_2,0,0
2023,01,ALA.2.2_2,0,0
2023,01,ALA.2.3_2,0,0
2023,01,ALA.2.4_2,0,0
2023,01,ALA.2.5_2,0,0
2023,01,ALA.2.6_2,0,0
2023,01,ALA.2.7_2,0,0
2023,01,ALA.2.8_2,0,0
2023,01,ALA.3.1_2,0,0
2023,01,ALB.1.1_1,0.10174363020526883,0.08611560415904043
2023,01,ALB.1.2_1,0.06108798997249366,0.1306693105458453
2023,01,ALB.1.3_1,0.07007849307752777,0.046316917985986916
2023,01,ALB.10.1_1,0.08335272933475588,0.11152431793777162
2023,01,ALB.10.2_1,0.06768622236541572,0.042938208874726616
2023,01,ALB.10.3_1,0.12064791418398108,0.08742654636516073
2023,01,ALB.11.1_1,0.15759294623284084,0.39721535642821304
2023,01,ALB.11.2_1,0.19510071806321622,0.2907599429670706
2023,01,ALB.12.1_1,0.07337513612426635,0.14429047879406826
2023,01,ALB.12.2_1,0.10581444467282691,0.15297168296701974
2023,01,ALB.12.3_1,0.12914993499487928,0.13906147139110003
2023,01,ALB.2.1_1,0.058989403760154206,0.040477642508728026
2023,01,ALB.2.2_1,0.07290466617750045,0.03258936952756469
2023,01,ALB.2.3_1,0.07136555815058024,0.036274920754662536
2023,01,ALB.3.1_1,0.10762264700603442,0.1203190802916222
2023,01,ALB.3.2_1,0.07058333856014314,0.08207583961836672
2023,01,ALB.4.1_1,0.13611381864932787,0.08137708398799201
2023,01,ALB.4.2_1,0.0653517389752204,0.03996913758044788
2023,01,ALB.4.3_1,0.06756869165871122,0.04327739224852686
2023,01,ALB.4.4_1,0.07760917279209388,0.10281500126981848
2023,01,ALB.5.1_1,0.15710410935134506,0.16606620003679706
2023,01,ALB.5.2_1,0.14166258555076114,0.13720212056322875
2023,01,ALB.5.3_1,0.08636362593211469,0.08198900930469565
2023,01,ALB.6.1_1,0.10054130474609164,0.07604187044965319
2023,01,ALB.6.2_1,0.07355800352077903,0.05726024036708168
2023,01,ALB.6.3_1,0.08618196042636449,0.07226767984474611
2023,01,ALB.7.1_1,0.05325529654304,0.05335563798235918
2023,01,ALB.7.2_1,0.06323846862081316,0.047281952566578314
2023,01,ALB.7.3_1,0.10288618423237283,0.06090439944268739
2023,01,ALB.7.4_1,0.07799200555977848,0.06583078475255434
2023,01,ALB.8.1_1,0.0413956120682026,0.03971870797970826
2023,01,ALB.8.2_1,0.07057805347423549,0.030462136106160474
2023,01,ALB.8.3_1,0.056745835915557284,0.037686570042410945
2023,01,ALB.9.1_1,0.0608974563454625,0.09184067489017676
2023,01,ALB.9.2_1,0.09749623550943232,0.09610057708709067
2023,01,ALB.9.3_1,0.06107380278930143,0.05078341047406304
2023,01,ALB.9.4_1,0.03311653817649007,0.10700000000000126
2023,01,AND.2_1,0.015361311878902892,0.021000000000000272
2023,01,AND.3_1,0.0106596982415435,0.010000000000000129
2023,01,AND.4_1,0.01605974012232283,0.023000000000000295
2023,01,AND.5_1,0,0
2023,01,AND.6_1,0.01499875976480468,0.020000000000000257
2023,01,AND.7_1,0,0
2023,01,ARM.1_1,0,0
2023,01,ARM.2_1,0,0
2023,01,ARM.3_1,0,0
2023,01,ARM.8_1,0.0075565551437334,0.005000000000000064
2023,01,AUT.1.1_2,0.11027190607903979,0.05022939647748619
2023,01,AUT.1.2_2,0.05522173073500571,0.05854172347626899
2023,01,AUT.1.3_2,0.1657727183433419,0.04437585769202677
2023,01,AUT.1.4_2,0.13194294589634475,0.04976640073929099
2023,01,AUT.1.5_2,0.11235578153996521,0.04974145939001433
2023,01,AUT.1.6_2,0.13643875369955977,0.0648910527870139
2023,01,AUT.1.7_2,0.16630827101864645,0.04014188651952869
2023,01,AUT.1.8_2,0.19796203279636992,0.039143941982674374
2023,01,AUT.1.9_2,0.0324239236154818,0.1020000000000012
2023,01,AUT.2.10_2,0.050199795323872344,0.002002527885249596
2023,01,AUT.2.1_2,0.1140152405565198,0.024698539132881853
2023,01,AUT.2.2_2,0.07661212071445993,0.01601332938384944
2023,01,AUT.2.3_2,0.23526652863349592,0.05234596436295387
2023,01,AUT.2.4_2,0.13443728892714377,0.0728380051432057
2023,01,AUT.2.5_2,0.05262973342269937,0.002346591570161733
2023,01,AUT.2.6_2,0.12530803898726012,0.012830005480190908
2023,01,AUT.2.7_2,0.17265370948995246,0.03541984745605651
2023,01,AUT.2.8_2,0.09491945285635124,0.051119147385010055
2023,01,AUT.2.9_2,0.04636093029891729,0.0019364422221810572
2023,01,AUT.3.10_2,0.13770128307854518,0.009577555503474947
2023,01,AUT.3.11_2,0.24566103810284423,0.07050692537311083
2023,01,AUT.3.12_2,0.48538568680928357,0.08835889900368771
2023,01,AUT.3.13_2,0.4653781272250307,0.1781027753741843
2023,01,AUT.3.14_2,0.195433409836419,0.15863076561657122
2023,01,AUT.3.15_2,0.31252592258705836,0.07405769951822039
2023,01,AUT.3.16_2,0.6104877833707734,0.10901147711623158
2023,01,AUT.3.17_2,0.21470203895087397,0.11816104435033234
2023,01,AUT.3.18_2,0.2719688497030222,0.08760660006646209
2023,01,AUT.3.19_2,0.45889928709610145,0.16170239879406784
2023,01,AUT.3.1_2,0.3843005832495958,0.11385522341359036
2023,01,AUT.3.20_2,0.05037121148374261,0.0015215940924312625
2023,01,AUT.3.21_2,0.10260193430529237,0.10746641529599817
2023,01,AUT.3.22_2,0.24940433551181423,0.0960340812166857
2023,01,AUT.3.23_2,0.03338715508026268,0.10900000000000129
2023,01,AUT.3.24_2,0.058388618809871194,9.433974071507813e-4
2023,01,AUT.3.2_2,0.286280266135559,0.1089790306115895
2023,01,AUT.3.3_2,0.29684422158267915,0.1647635723804962
2023,01,AUT.3.4_2,0.4186019805960022,0.20713600049545625
2023,01,AUT.3.5_2,0,0
2023,01,AUT.3.6_2,0.4610823879021179,0.1573390990343616
2023,01,AUT.3.7_2,0.13986248081448044,0.01394653432675369
2023,01,AUT.3.8_2,0.36682538658938824,0.16844212941547523
2023,01,AUT.3.9_2,0.035911309844631305,0.013285272914521244
2023,01,AUT.4.10_2,0,0
2023,01,AUT.4.11_2,0.04859811198956308,0.0032494114157320233
2023,01,AUT.4.12_2,0,0
2023,01,AUT.4.13_2,0.14863285364297107,0.033222804148512704
2023,01,AUT.4.14_2,0,0
2023,01,AUT.4.15_2,0.22546524938938592,0.0864367908439954
2023,01,AUT.4.16_2,0.04896328471285615,0.002885339626174467
2023,01,AUT.4.17_2,0.2838393521317913,0.12672128227509746
2023,01,AUT.4.18_2,0.10543923249646935,0.2975694459173537
2023,01,AUT.4.1_2,0.09343073624882715,0.0082506166698315
2023,01,AUT.4.2_2,0.19056777473223485,0.13244740123432788
2023,01,AUT.4.3_2,0.03185250701460217,0.0014660563085300458
2023,01,AUT.4.4_2,0.042975558541169585,0.002287175113906997
2023,01,AUT.4.5_2,0.128711857452254,0.022148631516718576
2023,01,AUT.4.6_2,0.08642792541501385,0.0131946088213754
2023,01,AUT.4.7_2,0.3218346857570554,0.14711958707959238
2023,01,AUT.4.8_2,0.14956078837471443,0.19577869391697836
2023,01,AUT.4.9_2,0.15402836425092686,0.04756772221328899
2023,01,AUT.5.1_2,0.019849301954254196,7.753422530472158e-4
2023,01,AUT.5.2_2,0.041965906464365876,0.0016667273952118066
2023,01,AUT.5.3_2,0,0
2023,01,AUT.5.4_2,0.01783966053575325,0.0035259500029736633
2023,01,AUT.5.5_2,0.011213301625506402,0.0027560838873116663
2023,01,AUT.5.6_2,0.03401938859937955,0.0064261556763767986
2023,01,AUT.6.10_2,0.11280925142773854,0.11613446302217995
2023,01,AUT.6.11_2,0.7165391319549012,0.4184022086985101
2023,01,AUT.6.12_2,0.36320951998409406,0.2547166734234833
2023,01,AUT.6.13_2,0.5719817951119294,0.26444503366216615
2023,01,AUT.6.1_2,0.48523147502726366,0.21274223249820712
2023,01,AUT.6.2_2,0.615505016034693,0.30510246629196835
2023,01,AUT.6.3_2,0.532415735601564,0.3002969623047927
2023,01,AUT.6.4_2,0.2720841850598351,0.6169147121913375
2023,01,AUT.6.5_2,0.6276147276068408,0.30942578877547905
2023,01,AUT.6.6_2,0.643502695236526,0.37674200902079985
2023,01,AUT.6.7_2,0.3428369132762868,0.20203416868506016
2023,01,AUT.6.8_2,0.10741688712568787,0.06777416269942442
2023,01,AUT.6.9_2,0.028218167786464483,0.008928571428571504
2023,01,AUT.7.1_2,0.012639087762557942,5.865300089238427e-4
2023,01,AUT.7.2_2,0.05310205537435209,0.003395883047924638
2023,01,AUT.7.3_2,0.02711506257933655,0.007296571125295003
2023,01,AUT.7.4_2,0.0341110343729392,0.004653428020876815
2023,01,AUT.7.5_2,0.05325529654304,0.0059558763504572055
2023,01,AUT.7.6_2,0.004788781870672517,6.255962712931126e-5
2023,01,AUT.7.7_2,0.03045603073224947,0.0013085621922844948
2023,01,AUT.7.8_2,0.01014044658419415,5.648361188828122e-4
2023,01,AUT.7.9_2,0.03941133490462465,0.0033278130800545157
2023,01,AUT.8.1_2,0.016839815191304338,8.717495719165018e-4
2023,01,AUT.8.2_2,0.03597884432758001,0.002895537245176362
2023,01,AUT.8.3_2,0.02463243378679614,0.011725293132328425
2023,01,AUT.8.4_2,0.052422144388721156,0.008959933426187058
2023,01,AUT.9.1_2,0.4750816416866359,0.5345655813597832
2023,01,AZE.7_1,0,0
2023,01,BEL.1.1_1,0,0
2023,01,BEL.2.1_1,0.17156719603354842,0.042376203013184184
2023,01,BEL.2.2_1,0.08410748985335748,0.016180152356911698
2023,01,BEL.2.3_1,0.15622602018194273,0.03988290630124861
2023,01,BEL.2.4_1,0,0
2023,01,BEL.2.5_1,0.14673717108375708,0.0352168456310946
2023,01,BEL.3.1_1,0.05611807276793293,0.011674130881685703
2023,01,BEL.3.2_1,0.12368507589318702,0.021685424793691992
2023,01,BEL.3.3_1,0.14741260547799565,0.025115315171011256
2023,01,BEL.3.4_1,0.10472966187547447,0.02363042469493632
2023,01,BEL.3.5_1,0.13188939279179746,0.04335367418481436
2023,01,BGR.1.10_1,0.025640413637213404,0.06100000000000067
2023,01,BGR.1.11_1,0.024214179723045553,0.05400000000000069
2023,01,BGR.1.12_1,0.02400160243147714,0.053000000000000685
2023,01,BGR.1.13_1,0.026411301147409305,0.06500000000000072
2023,01,BGR.1.14_1,0.0163967525685292,0.02400000000000031
2023,01,BGR.1.1_1,0.020740599757139808,0.0390000000000005
2023,01,BGR.1.2_1,0.0219726580873525,0.044000000000000566
2023,01,BGR.1.3_1,0.02544291490408445,0.060000000000000664
2023,01,BGR.1.4_1,0.022209319716949616,0.04500000000000058
2023,01,BGR.1.5_1,0.025041870283848078,0.058000000000000745
2023,01,BGR.1.6_1,0.0280445623245369,0.07400000000000084
2023,01,BGR.1.7_1,0.024424437038630373,0.05500000000000071
2023,01,BGR.1.8_1,0.028730294336337586,0.07800000000000089
2023,01,BGR.1.9_1,0.018855583704325884,0.03200000000000041
2023,01,BGR.10.10_1,0.022673715484236145,0.047000000000000604
2023,01,BGR.10.11_1,0.030350515271466805,0.08800000000000102
2023,01,BGR.10.1_1,0.02290163065295795,0.04800000000000062
2023,01,BGR.10.2_1,0.03019411664590983,0.08700000000000101
2023,01,BGR.10.3_1,0.029877711080867154,0.08500000000000098
2023,01,BGR.10.4_1,0.021489915763681852,0.042000000000000544
2023,01,BGR.10.5_1,0.022209319716949616,0.04500000000000058
2023,01,BGR.10.6_1,0.02922991675655941,0.08100000000000093
2023,01,BGR.10.7_1,0.030350515271466805,0.08800000000000102
2023,01,BGR.10.8_1,0.026785856424274813,0.06700000000000075
2023,01,BGR.10.9_1,0.031115188132474964,0.09300000000000108
2023,01,BGR.11.10_1,0.02697054521774516,0.06800000000000077
2023,01,BGR.11.11_1,0.02124362103085479,0.04100000000000053
2023,01,BGR.11.1_1,0.018855583704325884,0.03200000000000041
2023,01,BGR.11.2_1,0.020222801500296435,0.03700000000000048
2023,01,BGR.11.3_1,0.023786642964282206,0.05200000000000067
2023,01,BGR.11.4_1,0.028218167786464483,0.07500000000000086
2023,01,BGR.11.5_1,0.0233493136047241,0.05000000000000064
2023,01,BGR.11.6_1,0.029877711080867154,0.08500000000000098
2023,01,BGR.11.7_1,0.026221360704147222,0.06400000000000082
2023,01,BGR.11.8_1,0.022209319716949616,0.04500000000000058
2023,01,BGR.11.9_1,0.026221360704147222,0.06400000000000082
2023,01,BGR.12.1_1,0.021732891413029136,0.04300000000000055
2023,01,BGR.12.2_1,0,0
2023,01,BGR.12.3_1,0.019138042751105304,0.033000000000000425
2023,01,BGR.12.4_1,0.02400160243147714,0.053000000000000685
2023,01,BGR.12.5_1,0.021489915763681852,0.042000000000000544
2023,01,BGR.12.6_1,0,0
2023,01,BGR.13.10_1,0.030505735838905406,0.08900000000000104
2023,01,BGR.13.11_1,0.03228255102724314,0.10100000000000119
2023,01,BGR.13.1_1,0.03270378265664547,0.10400000000000123
2023,01,BGR.13.2_1,0.02922991675655941,0.08100000000000093
2023,01,BGR.13.3_1,0.03270378265664547,0.10400000000000123
2023,01,BGR.13.4_1,0.03170713894015779,0.09700000000000114
2023,01,BGR.13.5_1,0.031996855956060714,0.09900000000000117
2023,01,BGR.13.6_1,0.03214019949601003,0.10000000000000117
2023,01,BGR.13.7_1,0.03228255102724314,0.10100000000000119
2023,01,BGR.13.8_1,0.03404839150347801,0.11400000000000146
2023,01,BGR.13.9_1,0.03170713894015779,0.09700000000000114
2023,01,BGR.14.10_1,0.02583595844498755,0.0620000000000008
2023,01,BGR.14.11_1,0.04133706704404164,0.18200000000000213
2023,01,BGR.14.12_1,0.03325229451132378,0.10800000000000128
2023,01,BGR.14.13_1,0.02583595844498755,0.0620000000000008
2023,01,BGR.14.14_1,0.03325229451132378,0.10800000000000128
2023,01,BGR.14.15_1,0.030964505683742812,0.09200000000000107
2023,01,BGR.14.16_1,0.03170713894015779,0.09700000000000114
2023,01,BGR.14.1_1,0.024424437038630373,0.05500000000000071
2023,01,BGR.14.2_1,0.028561007712683044,0.07700000000000089
2023,01,BGR.14.3_1,0.02922991675655941,0.08100000000000093
2023,01,BGR.14.4_1,0.0280445623245369,0.07400000000000084
2023,01,BGR.14.5_1,0.02483822675797491,0.05700000000000073
2023,01,BGR.14.6_1,0.022673715484236145,0.047000000000000604
2023,01,BGR.14.7_1,0.02312680358116367,0.04900000000000063
2023,01,BGR.14.8_1,0.03019411664590983,0.08700000000000101
2023,01,BGR.14.9_1,0.026785856424274813,0.06700000000000075
2023,01,BGR.15.1_1,0.028390307414469764,0.07600000000000087
2023,01,BGR.15.2_1,0.030812713878699133,0.09100000000000107
2023,01,BGR.15.3_1,0.030505735838905406,0.08900000000000104
2023,01,BGR.15.4_1,0.02971766572349627,0.08400000000000098
2023,01,BGR.15.5_1,0.0288981921295096,0.0790000000000009
2023,01,BGR.15.6_1,0.026599453829620263,0.06600000000000085
2023,01,BGR.15.7_1,0.028561007712683044,0.07700000000000089
2023,01,BGR.16.1_1,0.030036521559975722,0.08600000000000099
2023,01,BGR.16.2_1,0.029064725160722192,0.08000000000000092
2023,01,BGR.16.3_1,0.029064725160722192,0.08000000000000092
2023,01,BGR.16.4_1,0.030812713878699133,0.09100000000000107
2023,01,BGR.16.5_1,0.030505735838905406,0.08900000000000104
2023,01,BGR.16.6_1,0.03156073765041731,0.09600000000000113
2023,01,BGR.16.7_1,0.030350515271466805,0.08800000000000102
2023,01,BGR.16.8_1,0.026785856424274813,0.06700000000000075
2023,01,BGR.17.10_1,0.0295563654275685,0.08300000000000096
2023,01,BGR.17.1_1,0.02922991675655941,0.08100000000000093
2023,01,BGR.17.2_1,0.031264777264725374,0.0940000000000011
2023,01,BGR.17.3_1,0.03141328869951815,0.09500000000000111
2023,01,BGR.17.4_1,0.02697054521774516,0.06800000000000077
2023,01,BGR.17.5_1,0.02697054521774516,0.06800000000000077
2023,01,BGR.17.6_1,0.03156073765041731,0.09600000000000113
2023,01,BGR.17.7_1,0.02786946363562483,0.07300000000000083
2023,01,BGR.17.8_1,0.031115188132474964,0.09300000000000108
2023,01,BGR.17.9_1,0.03065979624060513,0.09000000000000105
2023,01,BGR.18.1_1,0.02751467230226447,0.0710000000000008
2023,01,BGR.18.2_1,0.02697054521774516,0.06800000000000077
2023,01,BGR.18.3_1,0.03065979624060513,0.09000000000000105
2023,01,BGR.18.4_1,0.02786946363562483,0.07300000000000083
2023,01,BGR.18.5_1,0.031264777264725374,0.0940000000000011
2023,01,BGR.18.6_1,0.03141328869951815,0.09500000000000111
2023,01,BGR.18.7_1,0.0280445623245369,0.07400000000000084
2023,01,BGR.19.1_1,0.030036521559975722,0.08600000000000099
2023,01,BGR.19.2_1,0.03185250701460217,0.09800000000000116
2023,01,BGR.19.3_1,0.030812713878699133,0.09100000000000107
2023,01,BGR.19.4_1,0.031996855956060714,0.09900000000000117
2023,01,BGR.2.10_1,0.03270378265664547,0.10400000000000123
2023,01,BGR.2.11_1,0.026785856424274813,0.06700000000000075
2023,01,BGR.2.12_1,0.0288981921295096,0.0790000000000009
2023,01,BGR.2.13_1,0.032979875013936046,0.10600000000000126
2023,01,BGR.2.1_1,0.03338715508026268,0.10900000000000129
2023,01,BGR.2.2_1,0.03270378265664547,0.10400000000000123
2023,01,BGR.2.3_1,0.03185250701460217,0.09800000000000116
2023,01,BGR.2.4_1,0.03338715508026268,0.10900000000000129
2023,01,BGR.2.5_1,0.02971766572349627,0.08400000000000098
2023,01,BGR.2.6_1,0.035792376959560224,0.12800000000000153
2023,01,BGR.2.7_1,0.034306976143519415,0.11600000000000127
2023,01,BGR.2.8_1,0.03141328869951815,0.09500000000000111
2023,01,BGR.2.9_1,0.030350515271466805,0.08800000000000102
2023,01,BGR.20.10_1,0.030036521559975722,0.08600000000000099
2023,01,BGR.20.1_1,0.025243416384443173,0.05900000000000076
2023,01,BGR.20.2_1,0.020993890399061767,0.040000000000000514
2023,01,BGR.20.3_1,0.018855583704325884,0.03200000000000041
2023,01,BGR.20.4_1,0.020993890399061767,0.040000000000000514
2023,01,BGR.20.5_1,0.018568210412728343,0.031000000000000288
2023,01,BGR.20.6_1,0.025640413637213404,0.06100000000000067
2023,01,BGR.20.7_1,0.029064725160722192,0.08000000000000092
2023,01,BGR.20.8_1,0.02583595844498755,0.0620000000000008
2023,01,BGR.20.9_1,0.025243416384443173,0.05900000000000076
2023,01,BGR.21.10_1,0.021489915763681852,0.042000000000000544
2023,01,BGR.21.11_1,0.0219726580873525,0.044000000000000566
2023,01,BGR.21.12_1,0.02048361704135102,0.03800000000000049
2023,01,BGR.21.13_1,0.02290163065295795,0.04800000000000062
2023,01,BGR.21.14_1,0.018568210412728343,0.031000000000000288
2023,01,BGR.21.15_1,0.022673715484236145,0.047000000000000604
2023,01,BGR.21.16_1,0.026221360704147222,0.06400000000000082
2023,01,BGR.21.17_1,0.02483822675797491,0.05700000000000073
2023,01,BGR.21.18_1,0.02463243378679614,0.05600000000000072
2023,01,BGR.21.19_1,0.018855583704325884,0.03200000000000041
2023,01,BGR.21.1_1,0.02400160243147714,0.053000000000000685
2023,01,BGR.21.20_1,0.023569236142789846,0.051000000000000656
2023,01,BGR.21.21_1,0.02124362103085479,0.04100000000000053
2023,01,BGR.21.22_1,0.02312680358116367,0.04900000000000063
2023,01,BGR.21.2_1,0.02048361704135102,0.03800000000000049
2023,01,BGR.21.3_1,0.025640413637213404,0.06100000000000067
2023,01,BGR.21.4_1,0.0219726580873525,0.044000000000000566
2023,01,BGR.21.5_1,0.02463243378679614,0.05600000000000072
2023,01,BGR.21.6_1,0.017674187644973697,0.02800000000000036
2023,01,BGR.21.7_1,0.021489915763681852,0.042000000000000544
2023,01,BGR.21.8_1,0.0219726580873525,0.044000000000000566
2023,01,BGR.21.9_1,0.025243416384443173,0.05900000000000076
2023,01,BGR.22.10_1,0.034435040338297425,0.1170000000000014
2023,01,BGR.22.11_1,0.03141328869951815,0.09500000000000111
2023,01,BGR.22.1_1,0.0295563654275685,0.08300000000000096
2023,01,BGR.22.2_1,0.030812713878699133,0.09100000000000107
2023,01,BGR.22.3_1,0.03214019949601003,0.10000000000000117
2023,01,BGR.22.4_1,0.02751467230226447,0.0710000000000008
2023,01,BGR.22.5_1,0.030505735838905406,0.08900000000000104
2023,01,BGR.22.6_1,0.02922991675655941,0.08100000000000093
2023,01,BGR.22.7_1,0.03270378265664547,0.10400000000000123
2023,01,BGR.22.8_1,0.03228255102724314,0.10100000000000119
2023,01,BGR.22.9_1,0.027334920031015345,0.0700000000000009
2023,01,BGR.23.1_1,0.028730294336337586,0.07800000000000089
2023,01,BGR.23.2_1,0.030505735838905406,0.08900000000000104
2023,01,BGR.23.3_1,0.02971766572349627,0.08400000000000098
2023,01,BGR.23.4_1,0.030350515271466805,0.08800000000000102
2023,01,BGR.23.5_1,0.03019411664590983,0.08700000000000101
2023,01,BGR.24.10_1,0.023569236142789846,0.051000000000000656
2023,01,BGR.24.11_1,0.026411301147409305,0.06500000000000072
2023,01,BGR.24.12_1,0.02463243378679614,0.05600000000000072
2023,01,BGR.24.1_1,0.023569236142789846,0.051000000000000656
2023,01,BGR.24.2_1,0.029064725160722192,0.08000000000000092
2023,01,BGR.24.3_1,0.02290163065295795,0.04800000000000062
2023,01,BGR.24.4_1,0.026599453829620263,0.06600000000000085
2023,01,BGR.24.5_1,0.02544291490408445,0.060000000000000664
2023,01,BGR.24.6_1,0.02463243378679614,0.05600000000000072
2023,01,BGR.24.7_1,0.02400160243147714,0.053000000000000685
2023,01,BGR.24.8_1,0.02544291490408445,0.060000000000000664
2023,01,BGR.24.9_1,0.02290163065295795,0.04800000000000062
2023,01,BGR.25.10_1,0.011174337950468731,0.011000000000000142
2023,01,BGR.25.1_1,0.0101177838078827,0.009000000000000116
2023,01,BGR.25.2_1,0.008932046136583301,0.00700000000000009
2023,01,BGR.25.3_1,0.0075565551437334,0.005000000000000064
2023,01,BGR.25.4_1,0.012587219009761199,0.01400000000000018
2023,01,BGR.25.5_1,0.013022400810965909,0.015000000000000194
2023,01,BGR.25.6_1,0.01166531333803828,0.012000000000000155
2023,01,BGR.25.7_1,0.011174337950468731,0.011000000000000142
2023,01,BGR.25.8_1,0.0106596982415435,0.010000000000000129
2023,01,BGR.25.9_1,0.0106596982415435,0.010000000000000129
2023,01,BGR.26.10_1,0.02751467230226447,0.0710000000000008
2023,01,BGR.26.11_1,0.03270378265664547,0.10400000000000123
2023,01,BGR.26.1_1,0.024424437038630373,0.05500000000000071
2023,01,BGR.26.2_1,0.031115188132474964,0.09300000000000108
2023,01,BGR.26.3_1,0.031115188132474964,0.09300000000000108
2023,01,BGR.26.4_1,0.0233493136047241,0.05000000000000064
2023,01,BGR.26.5_1,0.028218167786464483,0.07500000000000086
2023,01,BGR.26.6_1,0.03284229370320487,0.10500000000000125
2023,01,BGR.26.7_1,0.02922991675655941,0.08100000000000093
2023,01,BGR.26.8_1,0.0288981921295096,0.0790000000000009
2023,01,BGR.26.9_1,0.030964505683742812,0.09200000000000107
2023,01,BGR.27.10_1,0.02786946363562483,0.07300000000000083
2023,01,BGR.27.1_1,0.029064725160722192,0.08000000000000092
2023,01,BGR.27.2_1,0.0280445623245369,0.07400000000000084
2023,01,BGR.27.3_1,0.03555234914277776,0.1260000000000015
2023,01,BGR.27.4_1,0.0324239236154818,0.1020000000000012
2023,01,BGR.27.5_1,0.029877711080867154,0.08500000000000098
2023,01,BGR.27.6_1,0.021489915763681852,0.042000000000000544
2023,01,BGR.27.7_1,0.030812713878699133,0.09100000000000107
2023,01,BGR.27.8_1,0.0324239236154818,0.1020000000000012
2023,01,BGR.27.9_1,0.02583595844498755,0.0620000000000008
2023,01,BGR.28.1_1,0.02922991675655941,0.08100000000000093
2023,01,BGR.28.2_1,0.02939378953342484,0.08200000000000095
2023,01,BGR.28.3_1,0.03019411664590983,0.08700000000000101
2023,01,BGR.28.4_1,0.03019411664590983,0.08700000000000101
2023,01,BGR.28.5_1,0.03311653817649007,0.10700000000000126
2023,01,BGR.3.1_1,0.03506343718509484,0.12200000000000157
2023,01,BGR.3.2_1,0.030505735838905406,0.08900000000000104
2023,01,BGR.3.3_1,0.03270378265664547,0.10400000000000123
2023,01,BGR.3.4_1,0.030812713878699133,0.09100000000000107
2023,01,BGR.3.5_1,0.03404839150347801,0.11400000000000146
2023,01,BGR.3.6_1,0.029877711080867154,0.08500000000000098
2023,01,BGR.3.7_1,0.036610212641791796,0.13500000000000162
2023,01,BGR.3.8_1,0.030036521559975722,0.08600000000000099
2023,01,BGR.4.1_1,0.028561007712683044,0.07700000000000089
2023,01,BGR.4.2_1,0.026221360704147222,0.06400000000000082
2023,01,BGR.4.3_1,0.0280445623245369,0.07400000000000084
2023,01,BGR.4.4_1,0.02602959336347104,0.0630000000000008
2023,01,BGR.5.1_1,0.012587219009761199,0.01400000000000018
2023,01,BGR.6.10_1,0.030036521559975722,0.08600000000000099
2023,01,BGR.6.11_1,0.0295563654275685,0.08300000000000096
2023,01,BGR.6.1_1,0.0324239236154818,0.1020000000000012
2023,01,BGR.6.2_1,0.03141328869951815,0.09500000000000111
2023,01,BGR.6.3_1,0.03141328869951815,0.09500000000000111
2023,01,BGR.6.4_1,0.031264777264725374,0.0940000000000011
2023,01,BGR.6.5_1,0.03256433001047999,0.10300000000000122
2023,01,BGR.6.6_1,0.03170713894015779,0.09700000000000114
2023,01,BGR.6.7_1,0.02715355518004624,0.0690000000000009
2023,01,BGR.6.8_1,0.030350515271466805,0.08800000000000102
2023,01,BGR.6.9_1,0.02939378953342484,0.08200000000000095
2023,01,BGR.7.1_1,0.02697054521774516,0.06800000000000077
2023,01,BGR.7.2_1,0.024424437038630373,0.05500000000000071
2023,01,BGR.7.3_1,0.03019411664590983,0.08700000000000101
2023,01,BGR.7.4_1,0.028561007712683044,0.07700000000000089
2023,01,BGR.7.5_1,0.03284229370320487,0.10500000000000125
2023,01,BGR.7.6_1,0.030964505683742812,0.09200000000000107
2023,01,BGR.7.7_1,0.03156073765041731,0.09600000000000113
2023,01,BGR.7.8_1,0.0219726580873525,0.044000000000000566
2023,01,BGR.8.1_1,0,0
2023,01,BGR.8.2_1,0,0
2023,01,BGR.8.3_1,0,0
2023,01,BGR.8.4_1,0.025041870283848078,0.058000000000000745
2023,01,BGR.8.5_1,0.021489915763681852,0.042000000000000544
2023,01,BGR.8.6_1,0.02312680358116367,0.04900000000000063
2023,01,BGR.8.7_1,0.01499875976480468,0.020000000000000257
2023,01,BGR.8.8_1,0.017977774444318844,0.029000000000000373
2023,01,BGR.8.9_1,0.021489915763681852,0.042000000000000544
2023,01,BGR.9.1_1,0.0233493136047241,0.05000000000000064
2023,01,BGR.9.2_1,0.027334920031015345,0.0700000000000009
2023,01,BGR.9.3_1,0.026599453829620263,0.06600000000000085
2023,01,BGR.9.4_1,0.02971766572349627,0.08400000000000098
2023,01,BGR.9.5_1,0.024214179723045553,0.05400000000000069
2023,01,BGR.9.6_1,0.025243416384443173,0.05900000000000076
2023,01,BGR.9.7_1,0.0280445623245369,0.07400000000000084
2023,01,BGR.9.8_1,0.026221360704147222,0.06400000000000082
2023,01,BIH.1.1_1,0.02715355518004624,0.0690000000000009
2023,01,BIH.2.10_1,0.08107955918666883,0.056840243209983946
2023,01,BIH.2.1_1,0.03575291227006036,0.0392095056199592
2023,01,BIH.2.2_1,0.046395577508938905,0.03280197582054962
2023,01,BIH.2.3_1,0.06960206551925946,0.03727687537627811
2023,01,BIH.2.4_1,0.07413633979166119,0.058595289863132595
2023,01,BIH.2.5_1,0.055083026240448675,0.10088364269462256
2023,01,BIH.2.6_1,0.0673607943044118,0.04734581322559596
2023,01,BIH.2.7_1,0.09731718875754854,0.07068669947353985
2023,01,BIH.2.8_1,0.07864474696882186,0.07546009775721153
2023,01,BIH.2.9_1,0.04876539076192142,0.05631395073624235
2023,01,BIH.3.1_1,0.11874589514714554,0.06226943890023259
2023,01,BIH.3.2_1,0.050434062231838266,0.08312688453986095
2023,01,BIH.3.3_1,0.08693387617036359,0.08271710897290373
2023,01,BIH.3.4_1,0.05475689817815402,0.04658672042818369
2023,01,BIH.3.5_1,0.05943195188564817,0.04088424603445411
2023,01,BIH.3.6_1,0.05558737090170288,0.04119115780979326
2023,01,BIH.3.7_1,0.06098861038545209,0.04978843524922376
2023,01,BLR.1.14_1,0,0
2023,01,BLR.1.3_1,0,0
2023,01,BLR.1.8_1,0,0
2023,01,BLR.3.11_1,0,0
2023,01,BLR.3.12_1,0,0
2023,01,BLR.3.16_1,0,0
2023,01,BLR.3.1_1,0,0
2023,01,BLR.3.2_1,0,0
2023,01,BLR.3.3_1,0,0
2023,01,BLR.3.5_1,0,0
2023,01,BLR.3.6_1,0,0
2023,01,BLR.6.11_1,0,0
2023,01,BLR.6.12_1,0,0
2023,01,BLR.6.21_1,0,0
2023,01,BLR.6.2_1,0,0
2023,01,CHE.1.10_1,0.09131399661326477,0.04315882405310419
2023,01,CHE.1.11_1,0.103102600684099,0.043082932350436656
2023,01,CHE.1.1_1,0.08332704427640375,0.050191543412982535
2023,01,CHE.1.2_1,0.11542359631795529,0.04800231362193887
2023,01,CHE.1.3_1,0.11138051540777735,0.048484043828978224
2023,01,CHE.1.4_1,0.11994381983729446,0.04323986391118991
2023,01,CHE.1.5_1,0.08949126751401122,0.04138595839614895
2023,01,CHE.1.6_1,0.11283112432273742,0.05245392908588516
2023,01,CHE.1.7_1,0.1039310777434928,0.05077588066362876
2023,01,CHE.1.8_1,0.09066416767592013,0.03797197656948105
2023,01,CHE.1.9_1,0.0849673925350992,0.04832185730559649
2023,01,CHE.10.10_1,0.020836942994376235,0.0023826275280977314
2023,01,CHE.10.11_1,0.03855603609256936,0.0030297824881586975
2023,01,CHE.10.1_1,0.024387990531133014,0.0022659870722076254
2023,01,CHE.10.2_1,0.007562628325460138,0.0025032556358338975
2023,01,CHE.10.3_1,0.03823678288834425,0.003469996454877264
2023,01,CHE.10.4_1,0.020815449388624643,0.005447082841867411
2023,01,CHE.10.5_1,0.01790067735629462,0.0015587834787523978
2023,01,CHE.10.6_1,0.025713498736914493,0.005293105133866335
2023,01,CHE.10.7_1,0.012202463645567112,8.138070324805833e-4
2023,01,CHE.10.8_1,0.03677693422582404,0.007041984231780236
2023,01,CHE.10.9_1,0.024813029639256325,0.0036167083079404073
2023,01,CHE.11.1_1,0.06352504084010516,0.01377709043556946
2023,01,CHE.11.2_1,0.05251063393667156,0.013268023494054253
2023,01,CHE.11.3_1,0.04805518155026608,0.005896316282381369
2023,01,CHE.12.1_1,0.039726060892918705,0.015698501982413925
2023,01,CHE.12.2_1,0.10244447359961335,0.04710311970461357
2023,01,CHE.12.3_1,0.09710868145480676,0.0419203201553901
2023,01,CHE.12.4_1,0.09912726252286783,0.039569791651423075
2023,01,CHE.12.5_1,0.10208138661644209,0.040288959076252004
2023,01,CHE.13.1_1,0.03682823715905614,0.008089153290235837
2023,01,CHE.13.2_1,0.023615210700822512,0.016924502561198686
2023,01,CHE.13.3_1,0.021698271620325768,0.006114355877082385
2023,01,CHE.13.4_1,0.04059374914420964,0.014120872408901756
2023,01,CHE.13.5_1,0.023650178949049652,0.0030108830638503697
2023,01,CHE.13.6_1,0.0445125969821652,0.01652399827874804
2023,01,CHE.14.1_1,0.038863956164684,0.03485762216187657
2023,01,CHE.15.1_1,0.030017409249688466,0.013475102743382423
2023,01,CHE.16.1_1,0.0794326894716162,0.045750078641473284
2023,01,CHE.16.2_1,0.0718691880738536,0.056303550431824674
2023,01,CHE.16.3_1,0.05722239369208351,0.033483045460130326
2023,01,CHE.16.4_1,0.03282446543267345,0.010618496374036905
2023,01,CHE.16.5_1,0.07488589848416909,0.032063891677292226
2023,01,CHE.16.6_1,0.06945357552903964,0.024350420546186483
2023,01,CHE.16.7_1,0.03256591605150716,0.01578934055100464
2023,01,CHE.16.8_1,0.06572083585585804,0.036198757969714716
2023,01,CHE.17.1_1,0.04682270529852594,0.040451753393330556
2023,01,CHE.17.2_1,0.06120624488408427,0.03850413862024329
2023,01,CHE.17.3_1,0.05355949925510421,0.04457111553889279
2023,01,CHE.17.4_1,0.034846722538659544,0.03716643707788847
2023,01,CHE.17.5_1,0.03987860722107145,0.03654915296042726
2023,01,CHE.17.6_1,0.04132498702311639,0.03936433445194423
2023,01,CHE.18.1_1,0,0
2023,01,CHE.18.2_1,0,0
2023,01,CHE.18.3_1,0.04633183139253183,0.05118978055504825
2023,01,CHE.18.4_1,0.035945811391229675,0.06186368485031609
2023,01,CHE.18.5_1,0.03668944511214099,0.012386760627446518
2023,01,CHE.18.6_1,0.03159672046859426,0.0054589464559370955
2023,01,CHE.19.10_1,0.10383705449608772,0.048318374664207984
2023,01,CHE.19.1_1,0.09402502310577242,0.0390443042073201
2023,01,CHE.19.2_1,0.07191197562410878,0.0487263256314269
2023,01,CHE.19.3_1,0.0646706995554549,0.048925012038719164
2023,01,CHE.19.4_1,0.07116697898418917,0.042934511635685804
2023,01,CHE.19.5_1,0.08871316105815755,0.04608839247083063
2023,01,CHE.19.6_1,0.08913645234822287,0.05354356689599913
2023,01,CHE.19.7_1,0.025041870283848078,0.058000000000000745
2023,01,CHE.19.8_1,0.06480491192105978,0.04346070998011361
2023,01,CHE.19.9_1,0.06938578705339635,0.03700387682255912
2023,01,CHE.2.1_1,0.07856626314884954,0.03140284191932889
2023,01,CHE.20.1_1,0.07927966547006232,0.060408253176372495
2023,01,CHE.20.2_1,0.054637603904948394,0.039421088017791345
2023,01,CHE.20.3_1,0.03270378265664547,0.10400000000000123
2023,01,CHE.20.4_1,0.0403130017978873,0.05049558345554244
2023,01,CHE.20.5_1,0.07392362333163277,0.04633382849311729
2023,01,CHE.20.6_1,0.0769899231015887,0.05064409610864101
2023,01,CHE.20.7_1,0.08042667061887954,0.03988805384539355
2023,01,CHE.20.8_1,0.08532232608579282,0.05367924106901754
2023,01,CHE.20.9_1,0.06263940825534359,0.045651603331717465
2023,01,CHE.21.1_1,0.0586767734968718,0.01628736679442852
2023,01,CHE.21.2_1,0.017223602082118896,0.005214241759376077
2023,01,CHE.21.3_1,0.026392172916656426,0.0034000996507095723
2023,01,CHE.21.4_1,0.11152623496459885,0.029753866092594363
2023,01,CHE.21.5_1,0.23934142848344117,0.08907082551247776
2023,01,CHE.21.6_1,0.10582360999151598,0.05692925047802823
2023,01,CHE.21.7_1,0.02430974059657464,0.008707542539331918
2023,01,CHE.21.8_1,0.024214653725526253,0.006587726634541514
2023,01,CHE.22.1_1,0.037547371471265675,0.005942079186745457
2023,01,CHE.23.10_1,0.01852086258280536,0.0030063465020035234
2023,01,CHE.23.11_1,0.013109367117197568,7.51036796727398e-4
2023,01,CHE.23.12_1,0.010694098325287267,0.0016707910572319106
2023,01,CHE.23.13_1,0.012201523004698837,7.235305502073606e-4
2023,01,CHE.23.14_1,0.015132843177279304,0.0016691157672357381
2023,01,CHE.23.1_1,0.016214085599170425,0.0025622811979854362
2023,01,CHE.23.2_1,0.010699463347611052,0.0020026853259103266
2023,01,CHE.23.3_1,0.007562628325460138,8.355904167631867e-4
2023,01,CHE.23.4_1,0.00895386451585671,5.009101308181056e-4
2023,01,CHE.23.5_1,0.007567180013097892,5.565578260220483e-4
2023,01,CHE.23.6_1,0.01622328548262413,0.001536613902925606
2023,01,CHE.23.7_1,0.015128291718002278,0.0018217446725685923
2023,01,CHE.23.8_1,0.04367087182105587,0.01865204908886131
2023,01,CHE.23.9_1,0.013937717320742482,0.0021315557538891506
2023,01,CHE.24.10_1,0.06154183824949226,0.027018004742656466
2023,01,CHE.24.1_1,0.045497022810927615,0.011912839393644212
2023,01,CHE.24.2_1,0.15381509869465637,0.040315326585629904
2023,01,CHE.24.3_1,0.15426793559293747,0.041135816647649474
2023,01,CHE.24.4_1,0.1781010165557344,0.03502876818551468
2023,01,CHE.24.5_1,0.0778163871540151,0.09724758387017324
2023,01,CHE.24.6_1,0.1319065356313548,0.05388560857142353
2023,01,CHE.24.7_1,0.20098917719381323,0.058665360618202524
2023,01,CHE.24.8_1,0.17341903776132264,0.06054923065527735
2023,01,CHE.24.9_1,0.10575596317807437,0.14412767716316904
2023,01,CHE.25.1_1,0.048725244408280216,0.024473541844102404
2023,01,CHE.26.10_1,0.03036715024957052,0.042491587761171186
2023,01,CHE.26.11_1,0.07744965636962908,0.0518724399460387
2023,01,CHE.26.12_1,0.09957308378498564,0.04400456310693021
2023,01,CHE.26.13_1,0.17868390086533417,0.10584672321994308
2023,01,CHE.26.1_1,0.08141718671935054,0.044047971531976565
2023,01,CHE.26.2_1,0.11143619968071165,0.048519441902184074
2023,01,CHE.26.3_1,0.1019657924658837,0.04405177397400814
2023,01,CHE.26.4_1,0.10474319580225454,0.046573104846705515
2023,01,CHE.26.5_1,0.07397243781131611,0.046454854115018485
2023,01,CHE.26.6_1,0.06727196186075005,0.03795066995218434
2023,01,CHE.26.7_1,0.08505845756228292,0.053529632161378266
2023,01,CHE.26.8_1,0.07704223257469217,0.04614672533967967
2023,01,CHE.26.9_1,0.06712361804028363,0.034503350121581094
2023,01,CHE.3.1_1,0.02833689192516962,0.024282005663038134
2023,01,CHE.4.1_1,0.095951759215307,0.06642387340162105
2023,01,CHE.4.2_1,0.06887166390162944,0.033632440143718426
2023,01,CHE.4.3_1,0.08564329618699303,0.04942680742093034
2023,01,CHE.4.4_1,0.10769764743704996,0.038332574993271265
2023,01,CHE.4.5_1,0.07347541413383345,0.033019794601202475
2023,01,CHE.5.1_1,0.02971766572349627,0.08400000000000098
2023,01,CHE.5.2_1,0.027692843395231256,0.07200000000000081
2023,01,CHE.5.3_1,0.031264777264725374,0.0940000000000011
2023,01,CHE.6.10_1,0.01472887934157565,0.0027237835109426337
2023,01,CHE.6.11_1,0.044985054332572084,0.007161137308555029
2023,01,CHE.6.12_1,0.08177068656497431,0.020113266116364346
2023,01,CHE.6.13_1,0.04497114680217188,0.03715871340778765
2023,01,CHE.6.14_1,0.062015410480615735,0.032091391108645055
2023,01,CHE.6.15_1,0.08371581151854246,0.024601173255208348
2023,01,CHE.6.16_1,0.1203318939431087,0.05624464622819148
2023,01,CHE.6.17_1,0.033982255782753254,0.010280739214317837
2023,01,CHE.6.18_1,0.016550729148983655,0.004012528525349105
2023,01,CHE.6.19_1,0.010150628325952215,0.0022525027210346374
2023,01,CHE.6.1_1,0.068767843939242,0.03631617639688455
2023,01,CHE.6.20_1,0.004786384482852344,6.675567423231135e-4
2023,01,CHE.6.21_1,0.024004471491825052,0.01284395865784631
2023,01,CHE.6.22_1,0.07795042036034673,0.021107499878331746
2023,01,CHE.6.23_1,0.04313178049675261,0.01868943993793182
2023,01,CHE.6.24_1,0.06251413389888258,0.012934584044004759
2023,01,CHE.6.25_1,0.057668052949477314,0.030337043267617356
2023,01,CHE.6.26_1,0.11045307399431292,0.04379972123598949
2023,01,CHE.6.2_1,0.10759550177653855,0.04514758282554908
2023,01,CHE.6.3_1,0.06945126189168435,0.03415177497560148
2023,01,CHE.6.4_1,0.04022107658413709,0.051308582632754236
2023,01,CHE.6.5_1,0.07551305501536479,0.03764931376552006
2023,01,CHE.6.6_1,0.10261474219146596,0.04087975072779886
2023,01,CHE.6.7_1,0.07119914674685955,0.025684856977161805
2023,01,CHE.6.8_1,0.07527068819496556,0.040736910583482874
2023,01,CHE.6.9_1,0.1107802324000531,0.04241563030973023
2023,01,CHE.7.1_1,0.13296986600511795,0.05083338771401086
2023,01,CHE.7.2_1,0.08350969754668751,0.03041434193480855
2023,01,CHE.7.3_1,0.06610810121844227,0.013468541575313459
2023,01,CHE.7.4_1,0.10362998060066173,0.02720241634842501
2023,01,CHE.7.5_1,0.05250418547610235,0.028004691860122447
2023,01,CHE.7.6_1,0.10671750884335558,0.03817314403293805
2023,01,CHE.7.7_1,0.06520870785105765,0.02018838383939716
2023,01,CHE.8.1_1,0.27864100993862584,0.2111746158987073
2023,01,CHE.9.1_1,0.038427816782624,0.0051937820026477025
2023,01,CYP.1_1,0.042773039189595706,0.19900000000000245
2023,01,CYP.2_1,0.019689060444981806,0.03500000000000045
2023,01,CYP.3_1,0.021489915763681852,0.042000000000000544
2023,01,CYP.4_1,0.0173646332659658,0.027000000000000347
2023,01,CYP.5_1,0.043013466460014214,0.20200000000000248
2023,01,CZE.1.1_1,0,0
2023,01,CZE.1.2_1,0,0
2023,01,CZE.1.3_1,0.02124362103085479,0.04100000000000053
2023,01,CZE.1.4_1,0.018855583704325884,0.03200000000000041
2023,01,CZE.1.5_1,0.017048786250816777,0.026000000000000335
2023,01,CZE.1.6_1,0.019689060444981806,0.03500000000000045
2023,01,CZE.1.7_1,0.021732891413029136,0.04300000000000055
2023,01,CZE.10.1_1,0.0173646332659658,0.027000000000000347
2023,01,CZE.10.2_1,0.018275691057923763,0.030000000000000387
2023,01,CZE.10.3_1,0.0173646332659658,0.027000000000000347
2023,01,CZE.10.4_1,0.019689060444981806,0.03500000000000045
2023,01,CZE.10.5_1,0.018568210412728343,0.031000000000000288
2023,01,CZE.10.6_1,0.0173646332659658,0.027000000000000347
2023,01,CZE.10.7_1,0.017048786250816777,0.026000000000000335
2023,01,CZE.11.10_1,0.026221360704147222,0.06400000000000082
2023,01,CZE.11.11_1,0.01941580203000218,0.03400000000000044
2023,01,CZE.11.12_1,0.03835920803820561,0.15100000000000183
2023,01,CZE.11.13_1,0.020993890399061767,0.040000000000000514
2023,01,CZE.11.14_1,0.019689060444981806,0.03500000000000045
2023,01,CZE.11.15_1,0.021489915763681852,0.042000000000000544
2023,01,CZE.11.16_1,0.036610212641791796,0.13500000000000162
2023,01,CZE.11.17_1,0.03065979624060513,0.09000000000000105
2023,01,CZE.11.18_1,0.023569236142789846,0.051000000000000656
2023,01,CZE.11.19_1,0.018855583704325884,0.03200000000000041
2023,01,CZE.11.20_1,0.02922991675655941,0.08100000000000093
2023,01,CZE.11.21_1,0.02400160243147714,0.053000000000000685
2023,01,CZE.11.22_1,0.02400160243147714,0.053000000000000685
2023,01,CZE.11.2_1,0.02971766572349627,0.08400000000000098
2023,01,CZE.11.3_1,0.021732891413029136,0.04300000000000055
2023,01,CZE.11.4_1,0.021732891413029136,0.04300000000000055
2023,01,CZE.11.5_1,0.0224429745303176,0.04600000000000059
2023,01,CZE.11.6_1,0.019958002869948324,0.03600000000000046
2023,01,CZE.11.7_1,0.0224429745303176,0.04600000000000059
2023,01,CZE.11.8_1,0.020740599757139808,0.0390000000000005
2023,01,CZE.11.9_1,0.03019411664590983,0.08700000000000101
2023,01,CZE.12.10_1,0.020993890399061767,0.040000000000000514
2023,01,CZE.12.11_1,0.017977774444318844,0.029000000000000373
2023,01,CZE.12.12_1,0.017674187644973697,0.02800000000000036
2023,01,CZE.12.1_1,0.018855583704325884,0.03200000000000041
2023,01,CZE.12.2_1,0.017674187644973697,0.02800000000000036
2023,01,CZE.12.3_1,0.019689060444981806,0.03500000000000045
2023,01,CZE.12.4_1,0.018855583704325884,0.03200000000000041
2023,01,CZE.12.5_1,0.018275691057923763,0.030000000000000387
2023,01,CZE.12.6_1,0.0224429745303176,0.04600000000000059
2023,01,CZE.12.7_1,0.022673715484236145,0.047000000000000604
2023,01,CZE.12.8_1,0.0219726580873525,0.044000000000000566
2023,01,CZE.12.9_1,0.022673715484236145,0.047000000000000604
2023,01,CZE.13.1_1,0,0
2023,01,CZE.13.2_1,0,0
2023,01,CZE.13.3_1,0.021732891413029136,0.04300000000000055
2023,01,CZE.13.4_1,0.0163967525685292,0.02400000000000031
2023,01,CZE.13.5_1,0,0
2023,01,CZE.13.6_1,0,0
2023,01,CZE.13.7_1,0,0
2023,01,CZE.14.1_1,0.02583595844498755,0.0620000000000008
2023,01,CZE.14.2_1,0.02786946363562483,0.07300000000000083
2023,01,CZE.14.3_1,0.02697054521774516,0.06800000000000077
2023,01,CZE.14.4_1,0.02786946363562483,0.07300000000000083
2023,01,CZE.2.1_1,0.020993890399061767,0.040000000000000514
2023,01,CZE.2.2_1,0.02400160243147714,0.053000000000000685
2023,01,CZE.2.3_1,0.02602959336347104,0.0630000000000008
2023,01,CZE.2.4_1,0.0233493136047241,0.05000000000000064
2023,01,CZE.2.5_1,0.028561007712683044,0.07700000000000089
2023,01,CZE.2.6_1,0.024214179723045553,0.05400000000000069
2023,01,CZE.2.7_1,0.02312680358116367,0.04900000000000063
2023,01,CZE.3.1_1,0.018275691057923763,0.030000000000000387
2023,01,CZE.3.2_1,0.018855583704325884,0.03200000000000041
2023,01,CZE.3.3_1,0,0
2023,01,CZE.4.1_1,0.018275691057923763,0.030000000000000387
2023,01,CZE.4.2_1,0,0
2023,01,CZE.4.3_1,0.020993890399061767,0.040000000000000514
2023,01,CZE.4.4_1,0.020740599757139808,0.0390000000000005
2023,01,CZE.4.5_1,0.018855583704325884,0.03200000000000041
2023,01,CZE.5.1_1,0.021489915763681852,0.042000000000000544
2023,01,CZE.5.2_1,0.0224429745303176,0.04600000000000059
2023,01,CZE.5.3_1,0,0
2023,01,CZE.5.4_1,0,0
2023,01,CZE.5.5_1,0,0
2023,01,CZE.6.1_1,0.022209319716949616,0.04500000000000058
2023,01,CZE.6.3_1,0.019138042751105304,0.033000000000000425
2023,01,CZE.6.4_1,0,0
2023,01,CZE.7.1_1,0,0
2023,01,CZE.7.2_1,0.019958002869948324,0.03600000000000046
2023,01,CZE.7.4_1,0.020993890399061767,0.040000000000000514
2023,01,CZE.7.5_1,0,0
2023,01,CZE.8.1_1,0,0
2023,01,CZE.8.2_1,0,0
2023,01,CZE.8.3_1,0.02715355518004624,0.0690000000000009
2023,01,CZE.8.4_1,0.02378664296428221,0.05200000000000067
2023,01,CZE.8.5_1,0,0
2023,01,CZE.9.1_1,0.020222801500296435,0.03700000000000048
2023,01,CZE.9.2_1,0.024424437038630373,0.05500000000000071
2023,01,CZE.9.3_1,0.021489915763681852,0.042000000000000544
2023,01,CZE.9.4_1,0,0
2023,01,DEU.1.10_1,0.17229019008087545,0.10874255262733942
2023,01,DEU.1.11_1,0.11861659353404597,0.03218810905338715
2023,01,DEU.1.12_1,0.03683774140135415,0.13700000000000165
2023,01,DEU.1.13_1,0.11443696447916736,0.08057888134176669
2023,01,DEU.1.14_1,0.10417033721623231,0.02957139479404749
2023,01,DEU.1.15_1,0.03672430950077514,0.13600000000000165
2023,01,DEU.1.16_1,0.0747136558445521,0.05168382420694934
2023,01,DEU.1.17_1,0.03530938953275623,0.1240000000000016
2023,01,DEU.1.18_1,0.24063633967963607,0.1338609940448066
2023,01,DEU.1.19_1,0.06870840008478996,0.032331610099123165
2023,01,DEU.1.1_1,0.20862309977389742,0.07798102699610103
2023,01,DEU.1.20_1,0.035911309844631305,0.12900000000000156
2023,01,DEU.1.21_1,0.1999369281629337,0.13255144747536665
2023,01,DEU.1.22_1,0.17756741940619483,0.12871730674712856
2023,01,DEU.1.23_1,0.19514374715709848,0.11832990307073563
2023,01,DEU.1.24_1,0.22194006932527027,0.135453372058669
2023,01,DEU.1.25_1,0.10605362190253217,0.06483728724353477
2023,01,DEU.1.26_1,0.03835920803820561,0.15100000000000183
2023,01,DEU.1.27_1,0.17695870941997405,0.12133101972937789
2023,01,DEU.1.28_1,0.2444681644052627,0.12090850393237784
2023,01,DEU.1.29_1,0.19961461750353499,0.09566715856233292
2023,01,DEU.1.2_1,0.03065979624060513,0.09000000000000105
2023,01,DEU.1.30_1,0.03391785233213296,0.11300000000000135
2023,01,DEU.1.31_1,0.17230631097497467,0.140491857809833
2023,01,DEU.1.32_1,0.18481471762319115,0.08726906485776191
2023,01,DEU.1.33_1,0.08024107613233535,0.022313384977399365
2023,01,DEU.1.34_1,0.14874073193195528,0.08084274022193991
2023,01,DEU.1.35_1,0.2760622998120491,0.15945721269050564
2023,01,DEU.1.36_1,0.12961332174656798,0.07833983801383687
2023,01,DEU.1.37_1,0.08398519691113505,0.0247978369365179
2023,01,DEU.1.38_1,0.12687777696255564,0.07891352282527014
2023,01,DEU.1.39_1,0.15127798561036615,0.09157868991253158
2023,01,DEU.1.3_1,0.192518393947087,0.08132555688553786
2023,01,DEU.1.40_1,0.03284229370320487,0.10500000000000125
2023,01,DEU.1.41_1,0.11907161949170142,0.094709365873932
2023,01,DEU.1.42_1,0.16947321952734068,0.08074562133701843
2023,01,DEU.1.43_1,0.030812713878699133,0.09100000000000107
2023,01,DEU.1.44_1,0.18562315542907806,0.1115347012815825
2023,01,DEU.1.45_1,0.14094852725772342,0.07783706851833365
2023,01,DEU.1.4_1,0.1105771822867977,0.048378313357740926
2023,01,DEU.1.5_1,0.04487763778308965,0.2270000000000027
2023,01,DEU.1.6_1,0.16711454619098223,0.12832037821760953
2023,01,DEU.1.7_1,0.23829332408737228,0.12256620006010535
2023,01,DEU.1.8_1,0.15141362105280745,0.0932348427405182
2023,01,DEU.1.9_1,0.16905140682920658,0.12582335900867597
2023,01,DEU.10.10_1,0.02312680358116367,0.04900000000000063
2023,01,DEU.10.11_1,0.037918322735610945,0.015068279421197775
2023,01,DEU.10.12_1,0.02463243378679614,0.05600000000000072
2023,01,DEU.10.13_1,0.030029260315003383,0.007735154198378095
2023,01,DEU.10.14_1,0.02400160243147714,0.053000000000000685
2023,01,DEU.10.15_1,0,0
2023,01,DEU.10.16_1,0,0
2023,01,DEU.10.17_1,0,0
2023,01,DEU.10.18_1,0.05655345925420016,0.03026236750125436
2023,01,DEU.10.19_1,0,0
2023,01,DEU.10.1_1,0,0
2023,01,DEU.10.20_1,0,0
2023,01,DEU.10.21_1,0,0
2023,01,DEU.10.22_1,0,0
2023,01,DEU.10.23_1,0.09607214045400815,0.054514201954590544
2023,01,DEU.10.24_1,0.02312680358116367,0.04900000000000063
2023,01,DEU.10.25_1,0.026785856424274813,0.06700000000000075
2023,01,DEU.10.26_1,0.026411301147409305,0.06500000000000072
2023,01,DEU.10.27_1,0.030012055621742972,0.005333784012168394
2023,01,DEU.10.28_1,0,0
2023,01,DEU.10.29_1,0.07489624343327736,0.052881992629494855
2023,01,DEU.10.2_1,0.024424437038630373,0.05500000000000071
2023,01,DEU.10.30_1,0,0
2023,01,DEU.10.31_1,0.02400160243147714,0.053000000000000685
2023,01,DEU.10.32_1,0.023569236142789846,0.051000000000000656
2023,01,DEU.10.33_1,0,0
2023,01,DEU.10.34_1,0.019138042751105304,0.0026182164392256936
2023,01,DEU.10.35_1,0.0233493136047241,0.05000000000000064
2023,01,DEU.10.36_1,0,0
2023,01,DEU.10.37_1,0,0
2023,01,DEU.10.38_1,0.031898417123460365,0.00968529200477331
2023,01,DEU.10.39_1,0.02378664296428221,0.05200000000000067
2023,01,DEU.10.3_1,0.022209319716949616,0.04500000000000058
2023,01,DEU.10.40_1,0.07142222808152274,0.04777246139830096
2023,01,DEU.10.41_1,0.0678016026121677,0.05412833794097248
2023,01,DEU.10.42_1,0.06362036826500175,0.02052126881812846
2023,01,DEU.10.43_1,0.03366241606979418,0.013811974444035422
2023,01,DEU.10.44_1,0.028592938198892928,0.00695238651519145
2023,01,DEU.10.45_1,0,0
2023,01,DEU.10.46_1,0.02483822675797491,0.05700000000000073
2023,01,DEU.10.47_1,0.028776399355605217,0.0077511614810207114
2023,01,DEU.10.48_1,0,0
2023,01,DEU.10.49_1,0,0
2023,01,DEU.10.4_1,0.05807492839262274,0.01902373847681594
2023,01,DEU.10.50_1,0.06919637244657503,0.04989656184826301
2023,01,DEU.10.51_1,0,0
2023,01,DEU.10.52_1,0.08233462105804651,0.048893905330090776
2023,01,DEU.10.53_1,0.021489915763681852,0.042000000000000544
2023,01,DEU.10.5_1,0.02048361704135102,0.03800000000000049
2023,01,DEU.10.6_1,0,0
2023,01,DEU.10.7_1,0,0
2023,01,DEU.10.8_1,0.023786642964282206,0.05200000000000067
2023,01,DEU.10.9_1,0.04295552325238383,0.011619152283591588
2023,01,DEU.11.10_1,0.07996058484307599,0.0025312542189847324
2023,01,DEU.11.11_1,0.03284229370320487,0.10500000000000125
2023,01,DEU.11.12_1,0.13493062436131853,0.05566910906640321
2023,01,DEU.11.13_1,0.02312680358116367,0.04900000000000063
2023,01,DEU.11.14_1,0.15204877358558802,0.04314858698298326
2023,01,DEU.11.15_1,0,0
2023,01,DEU.11.16_1,0.20105395354435449,0.03826873820533851
2023,01,DEU.11.17_1,0.021732891413029136,0.04300000000000055
2023,01,DEU.11.18_1,0.02583595844498755,0.0620000000000008
2023,01,DEU.11.19_1,0.22782890488635202,0.07826082521024941
2023,01,DEU.11.1_1,0,0
2023,01,DEU.11.20_1,0.027334920031015345,0.0700000000000009
2023,01,DEU.11.21_1,0,0
2023,01,DEU.11.22_1,0.022673715484236145,0.047000000000000604
2023,01,DEU.11.23_1,0,0
2023,01,DEU.11.24_1,0.023786642964282206,0.05200000000000067
2023,01,DEU.11.25_1,0.020222801500296435,2.80370999030114e-4
2023,01,DEU.11.26_1,0.060250754790798784,0.002494766934740852
2023,01,DEU.11.27_1,0.1375867513141048,0.07468828975775756
2023,01,DEU.11.28_1,0.024214179723045553,0.05400000000000069
2023,01,DEU.11.29_1,0.19839266924545804,0.04967228494593405
2023,01,DEU.11.2_1,0,0
2023,01,DEU.11.30_1,0.20651872696901075,0.04769395591828142
2023,01,DEU.11.31_1,0.06632970306908417,0.004084899112222144
2023,01,DEU.11.32_1,0,0
2023,01,DEU.11.33_1,0,0
2023,01,DEU.11.34_1,0,0
2023,01,DEU.11.35_1,0.02400160243147714,0.053000000000000685
2023,01,DEU.11.36_1,0.02463243378679614,0.05600000000000072
2023,01,DEU.11.3_1,0.23519604681723844,0.07988317218612691
2023,01,DEU.11.4_1,0.1758815297120299,0.06302254317019204
2023,01,DEU.11.5_1,0.10680313974612435,0.009486173871008922
2023,01,DEU.11.6_1,0,0
2023,01,DEU.11.7_1,0.046610554112049056,0.0021115969560741273
2023,01,DEU.11.8_1,0,0
2023,01,DEU.11.9_1,0.19607956937131407,0.045045840621153674
2023,01,DEU.12.1_1,0.04732898258970871,0.03046760877937674
2023,01,DEU.12.2_1,0.032387796669872536,0.014251599256166652
2023,01,DEU.12.3_1,0.0339268186628951,0.011110723928350464
2023,01,DEU.12.4_1,0.08685700196678632,0.05484565094805582
2023,01,DEU.12.5_1,0.04004877502251219,0.021769224551745386
2023,01,DEU.12.6_1,0.04018567572624857,0.0192103577050542
2023,01,DEU.13.10_1,0.0385530590913301,0.006277916914308088
2023,01,DEU.13.11_1,0.015361311878902892,0.0010713739094944236
2023,01,DEU.13.12_1,0,0
2023,01,DEU.13.13_1,0,0
2023,01,DEU.13.14_1,0,0
2023,01,DEU.13.1_1,0,0
2023,01,DEU.13.2_1,0,0
2023,01,DEU.13.3_1,0,0
2023,01,DEU.13.4_1,0.06048157812848587,0.010234328410298933
2023,01,DEU.13.5_1,0,0
2023,01,DEU.13.6_1,0,0
2023,01,DEU.13.7_1,0.024106339970376037,0.0026650149879973483
2023,01,DEU.13.8_1,0,0
2023,01,DEU.13.9_1,0,0
2023,01,DEU.14.10_1,0,0
2023,01,DEU.14.11_1,0,0
2023,01,DEU.14.12_1,0.03877969576235402,0.0035589665892892678
2023,01,DEU.14.13_1,0.054571707382024597,0.008472834227712047
2023,01,DEU.14.1_1,0,0
2023,01,DEU.14.2_1,0,0
2023,01,DEU.14.3_1,0,0
2023,01,DEU.14.4_1,0,0
2023,01,DEU.14.5_1,0,0
2023,01,DEU.14.6_1,0,0
2023,01,DEU.14.7_1,0.045318061195577186,0.005838608660912418
2023,01,DEU.14.8_1,0,0
2023,01,DEU.14.9_1,0.020740599757139808,7.509675928600946e-4
2023,01,DEU.15.10_1,0,0
2023,01,DEU.15.11_1,0,0
2023,01,DEU.15.12_1,0,0
2023,01,DEU.15.13_1,0,0
2023,01,DEU.15.14_1,0,0
2023,01,DEU.15.15_1,0,0
2023,01,DEU.15.1_1,0,0
2023,01,DEU.15.2_1,0,0
2023,01,DEU.15.3_1,0,0
2023,01,DEU.15.4_1,0,0
2023,01,DEU.15.5_1,0,0
2023,01,DEU.15.6_1,0,0
2023,01,DEU.15.7_1,0,0
2023,01,DEU.15.8_1,0,0
2023,01,DEU.15.9_1,0,0
2023,01,DEU.16.10_1,0.021489915763681852,0.042000000000000544
2023,01,DEU.16.11_1,0.13750810406932673,0.04131395703213885
2023,01,DEU.16.12_1,0.09799792258149569,0.032633106847562876
2023,01,DEU.16.13_1,0.1655519459434211,0.026923560059998398
2023,01,DEU.16.14_1,0.14197951063858083,0.02551694686735448
2023,01,DEU.16.15_1,0.10806374392368162,0.027998277970472277
2023,01,DEU.16.16_1,0.15278551495307097,0.034716543784777704
2023,01,DEU.16.17_1,0.1737509344552531,0.05331477965181339
2023,01,DEU.16.18_1,0.06139245511765277,0.03126943340199488
2023,01,DEU.16.19_1,0.0173646332659658,0.027000000000000347
2023,01,DEU.16.1_1,0.13108474042333265,0.04228001649555164
2023,01,DEU.16.20_1,0.1416627475933638,0.04504357574161243
2023,01,DEU.16.21_1,0.13443144055635822,0.033256015846115324
2023,01,DEU.16.22_1,0.16463703687264822,0.04120099151474337
2023,01,DEU.16.23_1,0.018855583704325884,0.03200000000000041
2023,01,DEU.16.2_1,0.1698207363170773,0.033115712111152114
2023,01,DEU.16.3_1,0.0163967525685292,0.02400000000000031
2023,01,DEU.16.4_1,0.019689060444981806,0.03500000000000045
2023,01,DEU.16.5_1,0.0163967525685292,0.02400000000000031
2023,01,DEU.16.6_1,0.1401083750022458,0.03893746239157305
2023,01,DEU.16.7_1,0.1317232441607272,0.0349950416950606
2023,01,DEU.16.8_1,0.11085268234892033,0.030396097473361947
2023,01,DEU.16.9_1,0.12206253693569175,0.032675958742912015
2023,01,DEU.2.10_1,0.02590051655097964,0.001266278321716012
2023,01,DEU.2.11_1,0.06981931794243787,0.011099194779172561
2023,01,DEU.2.12_1,0.042676193181116186,0.006988722871752757
2023,01,DEU.2.13_1,0,0
2023,01,DEU.2.14_1,0.030131520353837326,0.0017571306498810545
2023,01,DEU.2.15_1,0,0
2023,01,DEU.2.16_1,0.019917417597666225,7.537186558698262e-4
2023,01,DEU.2.17_1,0.04029335171266113,0.008465120543773455
2023,01,DEU.2.18_1,0.07062170455088944,0.011357339055048902
2023,01,DEU.2.19_1,0,0
2023,01,DEU.2.1_1,0.03213002015418523,0.0038280135073936366
2023,01,DEU.2.20_1,0.029383244675853782,0.0038309756553964085
2023,01,DEU.2.21_1,0.047479946049792526,0.011785755753288581
2023,01,DEU.2.22_1,0,0
2023,01,DEU.2.23_1,0,0
2023,01,DEU.2.24_1,0,0
2023,01,DEU.2.25_1,0.028586113294105674,0.0015814608647096906
2023,01,DEU.2.26_1,0.04575863511226952,0.007701576232773991
2023,01,DEU.2.27_1,0.059792001797792135,0.01022171851502719
2023,01,DEU.2.28_1,0.057337611456069915,0.01122665297459138
2023,01,DEU.2.29_1,0.017841590573502354,8.072375423193819e-4
2023,01,DEU.2.2_1,0.057217679857302715,0.012123201422904718
2023,01,DEU.2.30_1,0.011174337950468731,0.011000000000000142
2023,01,DEU.2.31_1,0.013022400810965909,0.015000000000000194
2023,01,DEU.2.32_1,0,0
2023,01,DEU.2.33_1,0.05219482197671471,0.01005821008567388
2023,01,DEU.2.34_1,0.020258243068437508,0.0010062270559723207
2023,01,DEU.2.35_1,0.04954226386986085,0.009439122457996498
2023,01,DEU.2.36_1,0.025612420810768637,0.004193148320385582
2023,01,DEU.2.37_1,0.03637100627859559,0.005062590274006523
2023,01,DEU.2.38_1,0.005859162188039041,8.357709987461093e-5
2023,01,DEU.2.39_1,0.05763799152917905,0.01134033070823284
2023,01,DEU.2.3_1,0.05707507830346282,0.009955838815126636
2023,01,DEU.2.40_1,0,0
2023,01,DEU.2.41_1,0.015068235952386813,6.519477986792832e-4
2023,01,DEU.2.42_1,0.01344264884522412,0.016000000000000205
2023,01,DEU.2.43_1,0,0
2023,01,DEU.2.44_1,0.03567996444642331,0.004030277642766804
2023,01,DEU.2.45_1,0,0
2023,01,DEU.2.46_1,0.06711464028801992,0.012933275584748482
2023,01,DEU.2.47_1,0.020522523395201067,0.0018632650009886788
2023,01,DEU.2.48_1,0,0
2023,01,DEU.2.49_1,0.054370055554933024,0.008167564645373479
2023,01,DEU.2.4_1,0.014243584942125654,0.01800000000000023
2023,01,DEU.2.50_1,0,0
2023,01,DEU.2.51_1,0.03524399177661787,0.003188727309159683
2023,01,DEU.2.52_1,0,0
2023,01,DEU.2.53_1,0.0360166274452578,0.0061376642349487325
2023,01,DEU.2.54_1,0.012135496962660813,0.013000000000000168
2023,01,DEU.2.55_1,0.080572673179698,0.011541182416437673
2023,01,DEU.2.56_1,0.005859162188039041,0.0030000000000000387
2023,01,DEU.2.57_1,0.03680937721992269,0.007029926076030119
2023,01,DEU.2.58_1,0.06873186651119007,0.012346855837223317
2023,01,DEU.2.59_1,0.06577155012292119,0.012023924424186571
2023,01,DEU.2.5_1,0,0
2023,01,DEU.2.60_1,0.06682628601111723,0.012450994356474825
2023,01,DEU.2.61_1,0.022367670058619196,0.0021122472237018715
2023,01,DEU.2.62_1,0.0502152261689036,0.012492052804951064
2023,01,DEU.2.63_1,0.051361674606846014,0.012350581740094216
2023,01,DEU.2.64_1,0.025872139703303966,0.0015291090146881865
2023,01,DEU.2.65_1,0.07070300082006951,0.010830562233687854
2023,01,DEU.2.66_1,0.044925183082631076,0.004433671299148898
2023,01,DEU.2.67_1,0.01166531333803828,0.012000000000000155
2023,01,DEU.2.68_1,0.009543949726300377,2.7800945232137384e-4
2023,01,DEU.2.69_1,0.02549361488442922,0.0012741559062780113
2023,01,DEU.2.6_1,0.02047997453806956,6.346926324398781e-4
2023,01,DEU.2.70_1,0,0
2023,01,DEU.2.71_1,0,0
2023,01,DEU.2.72_1,0.046202709023957934,0.009949278763187306
2023,01,DEU.2.73_1,0.0324460403488947,0.003920210800988524
2023,01,DEU.2.74_1,0.015714771885469114,0.022000000000000283
2023,01,DEU.2.75_1,0.0781377834190186,0.012665751297166114
2023,01,DEU.2.76_1,0.07791301153214378,0.011997108357382357
2023,01,DEU.2.77_1,0.0106596982415435,0.010000000000000129
2023,01,DEU.2.78_1,0.06998031805507214,0.009028304489902546
2023,01,DEU.2.79_1,0.031217751486170543,0.0041380747533424295
2023,01,DEU.2.7_1,0.013849322643485965,0.01700000000000022
2023,01,DEU.2.80_1,0.03063676466605297,0.002713148818517507
2023,01,DEU.2.81_1,0.0101177838078827,0.009000000000000116
2023,01,DEU.2.82_1,0.06538571445282988,0.010841023916499456
2023,01,DEU.2.83_1,0.01344264884522412,0.016000000000000205
2023,01,DEU.2.84_1,0.07483813993326495,0.013904463324146021
2023,01,DEU.2.85_1,0.04085655844707959,0.009853113832732359
2023,01,DEU.2.86_1,0.037475160213451875,0.0033009331192646436
2023,01,DEU.2.87_1,0,0
2023,01,DEU.2.88_1,0.054331409931920156,0.009685926134971106
2023,01,DEU.2.89_1,0.05898580406602458,0.008312606935408128
2023,01,DEU.2.8_1,0.07946808306833798,0.013754258879920376
2023,01,DEU.2.90_1,0.01619850466243721,4.364814103681222e-4
2023,01,DEU.2.91_1,0.011174337950468731,0.011000000000000142
2023,01,DEU.2.92_1,0.008932046136583301,0.00700000000000009
2023,01,DEU.2.93_1,0.053863262464791735,0.007536626327700226
2023,01,DEU.2.94_1,0.02836462388260067,0.0026593492445552746
2023,01,DEU.2.95_1,0.027582167511385244,0.002600899432160384
2023,01,DEU.2.96_1,0.08983050003937035,0.013059379268213479
2023,01,DEU.2.9_1,0,0
2023,01,DEU.3.1_1,0,0
2023,01,DEU.4.10_1,0,0
2023,01,DEU.4.11_1,0,0
2023,01,DEU.4.12_1,0,0
2023,01,DEU.4.13_1,0,0
2023,01,DEU.4.14_1,0,0
2023,01,DEU.4.15_1,0,0
2023,01,DEU.4.16_1,0,0
2023,01,DEU.4.17_1,0,0
2023,01,DEU.4.18_1,0,0
2023,01,DEU.4.1_1,0,0
2023,01,DEU.4.2_1,0,0
2023,01,DEU.4.3_1,0,0
2023,01,DEU.4.4_1,0,0
2023,01,DEU.4.5_1,0,0
2023,01,DEU.4.6_1,0,0
2023,01,DEU.4.7_1,0,0
2023,01,DEU.4.8_1,0,0
2023,01,DEU.4.9_1,0,0
2023,01,DEU.5.1_1,0,0
2023,01,DEU.5.2_1,0,0
2023,01,DEU.6.1_1,0,0
2023,01,DEU.7.10_1,0,0
2023,01,DEU.7.11_1,0,0
2023,01,DEU.7.12_1,0.06469793685215858,0.019413027123020187
2023,01,DEU.7.13_1,0.046727006435975556,0.012435609933958352
2023,01,DEU.7.14_1,0.17827007183448254,0.108537361960754
2023,01,DEU.7.15_1,0.13008555773126007,0.1589249358284053
2023,01,DEU.7.16_1,0.14952544420085892,0.10309903882524198
2023,01,DEU.7.17_1,0.12120108577690493,0.0991205157410052
2023,01,DEU.7.18_1,0.036610212641791796,0.13500000000000162
2023,01,DEU.7.19_1,0.1277837817707222,0.135157335621569
2023,01,DEU.7.1_1,0.1592568055833101,0.11397484491915291
2023,01,DEU.7.20_1,0.13584350186821414,0.11179545531013126
2023,01,DEU.7.21_1,0.03228255102724314,0.004143759743989555
2023,01,DEU.7.22_1,0.07878538377603277,0.03455906611602785
2023,01,DEU.7.23_1,0.05315044959087157,0.013442947226751484
2023,01,DEU.7.24_1,0.05001712236097751,0.01500792577553818
2023,01,DEU.7.25_1,0.1642457837732846,0.11123483678177526
2023,01,DEU.7.26_1,0.030812713878699133,0.09100000000000107
2023,01,DEU.7.2_1,0.1575353261686982,0.11074814221798723
2023,01,DEU.7.3_1,0.031996855956060714,0.09900000000000117
2023,01,DEU.7.4_1,0.034688757817409883,0.11900000000000142
2023,01,DEU.7.5_1,0.08804016201996265,0.03421108849277695
2023,01,DEU.7.6_1,0.08002909674506496,0.0377873542076207
2023,01,DEU.7.7_1,0.13424945897596222,0.136941207113739
2023,01,DEU.7.8_1,0.05892915291808077,0.01779687419554065
2023,01,DEU.7.9_1,0.11854448320425114,0.11061188349074036
2023,01,DEU.8.1_1,0,0
2023,01,DEU.8.2_1,0,0
2023,01,DEU.8.3_1,0,0
2023,01,DEU.8.4_1,0,0
2023,01,DEU.8.5_1,0,0
2023,01,DEU.8.6_1,0,0
2023,01,DEU.8.7_1,0,0
2023,01,DEU.8.8_1,0,0
2023,01,DEU.9.10_1,0.033174713349827044,0.001770749012083649
2023,01,DEU.9.11_1,0,0
2023,01,DEU.9.12_1,0,0
2023,01,DEU.9.13_1,0.021732891413029136,0.004068117313150425
2023,01,DEU.9.14_1,0.03547769489592864,0.004075434439908036
2023,01,DEU.9.15_1,0.06810563129230973,0.0177082245585095
2023,01,DEU.9.16_1,0.060305974124846576,0.0421881084829901
2023,01,DEU.9.17_1,0,0
2023,01,DEU.9.18_1,0,0
2023,01,DEU.9.19_1,0,0
2023,01,DEU.9.1_1,0,0
2023,01,DEU.9.20_1,0.021489915763681852,0.001094833428914046
2023,01,DEU.9.21_1,0.055821131218678224,0.007531703676092329
2023,01,DEU.9.22_1,0,0
2023,01,DEU.9.23_1,0,0
2023,01,DEU.9.24_1,0,0
2023,01,DEU.9.25_1,0,0
2023,01,DEU.9.26_1,0,0
2023,01,DEU.9.27_1,0,0
2023,01,DEU.9.28_1,0,0
2023,01,DEU.9.29_1,0,0
2023,01,DEU.9.2_1,0,0
2023,01,DEU.9.30_1,0,0
2023,01,DEU.9.31_1,0,0
2023,01,DEU.9.32_1,0.0537825476274492,0.020703629527305117
2023,01,DEU.9.33_1,0,0
2023,01,DEU.9.34_1,0.033331933407907535,0.005098589580571694
2023,01,DEU.9.35_1,0,0
2023,01,DEU.9.36_1,0,0
2023,01,DEU.9.37_1,0.044947404749258124,0.00499209125491779
2023,01,DEU.9.38_1,0,0
2023,01,DEU.9.39_1,0,0
2023,01,DEU.9.3_1,0,0
2023,01,DEU.9.40_1,0,0
2023,01,DEU.9.41_1,0,0
2023,01,DEU.9.42_1,0,0
2023,01,DEU.9.43_1,0,0
2023,01,DEU.9.44_1,0,0
2023,01,DEU.9.45_1,0,0
2023,01,DEU.9.46_1,0,0
2023,01,DEU.9.4_1,0,0
2023,01,DEU.9.5_1,0,0
2023,01,DEU.9.6_1,0,0
2023,01,DEU.9.7_1,0,0
2023,01,DEU.9.8_1,0,0
2023,01,DEU.9.9_1,0,0
2023,01,DNK.1.10_1,0,0
2023,01,DNK.1.11_1,0,0
2023,01,DNK.1.12_1,0,0
2023,01,DNK.1.13_1,0,0
2023,01,DNK.1.14_1,0,0
2023,01,DNK.1.15_1,0,0
2023,01,DNK.1.16_1,0,0
2023,01,DNK.1.17_1,0,0
2023,01,DNK.1.18_1,0,0
2023,01,DNK.1.19_1,0,0
2023,01,DNK.1.1_1,0,0
2023,01,DNK.1.20_1,0,0
2023,01,DNK.1.21_1,0,0
2023,01,DNK.1.22_1,0,0
2023,01,DNK.1.23_1,0,0
2023,01,DNK.1.24_1,0,0
2023,01,DNK.1.25_1,0,0
2023,01,DNK.1.26_1,0,0
2023,01,DNK.1.27_1,0,0
2023,01,DNK.1.28_1,0,0
2023,01,DNK.1.2_1,0,0
2023,01,DNK.1.30_1,0,0
2023,01,DNK.1.3_1,0,0
2023,01,DNK.1.5_1,0,0
2023,01,DNK.1.8_1,0,0
2023,01,DNK.1.9_1,0,0
2023,01,DNK.2.10_1,0,0
2023,01,DNK.2.11_1,0,0
2023,01,DNK.2.12_1,0,0
2023,01,DNK.2.14_1,0,0
2023,01,DNK.2.15_1,0,0
2023,01,DNK.2.16_1,0,0
2023,01,DNK.2.17_1,0,0
2023,01,DNK.2.18_1,0,0
2023,01,DNK.2.19_1,0,0
2023,01,DNK.2.1_1,0,0
2023,01,DNK.2.2_1,0,0
2023,01,DNK.2.3_1,0,0
2023,01,DNK.2.4_1,0,0
2023,01,DNK.2.5_1,0,0
2023,01,DNK.2.6_1,0,0
2023,01,DNK.2.7_1,0,0
2023,01,DNK.2.8_1,0,0
2023,01,DNK.2.9_1,0,0
2023,01,DNK.2_1,0,0
2023,01,DNK.3.10_1,0,0
2023,01,DNK.3.11_1,0,0
2023,01,DNK.3.1_1,0,0
2023,01,DNK.3.2_1,0,0
2023,01,DNK.3.3_1,0,0
2023,01,DNK.3.4_1,0,0
2023,01,DNK.3.5_1,0,0
2023,01,DNK.3.7_1,0,0
2023,01,DNK.3.8_1,0,0
2023,01,DNK.3.9_1,0,0
2023,01,DNK.4.10_1,0,0
2023,01,DNK.4.11_1,0,0
2023,01,DNK.4.12_1,0,0
2023,01,DNK.4.13_1,0,0
2023,01,DNK.4.14_1,0,0
2023,01,DNK.4.15_1,0,0
2023,01,DNK.4.16_1,0,0
2023,01,DNK.4.17_1,0,0
2023,01,DNK.4.1_1,0,0
2023,01,DNK.4.2_1,0,0
2023,01,DNK.4.3_1,0,0
2023,01,DNK.4.4_1,0,0
2023,01,DNK.4.5_1,0,0
2023,01,DNK.4.6_1,0,0
2023,01,DNK.4.7_1,0,0
2023,01,DNK.4.8_1,0,0
2023,01,DNK.4.9_1,0,0
2023,01,DNK.5.10_1,0,0
2023,01,DNK.5.11_1,0,0
2023,01,DNK.5.12_1,0,0
2023,01,DNK.5.13_1,0,0
2023,01,DNK.5.14_1,0,0
2023,01,DNK.5.15_1,0,0
2023,01,DNK.5.16_1,0,0
2023,01,DNK.5.17_1,0,0
2023,01,DNK.5.18_1,0,0
2023,01,DNK.5.19_1,0,0
2023,01,DNK.5.1_1,0,0
2023,01,DNK.5.20_1,0,0
2023,01,DNK.5.21_1,0,0
2023,01,DNK.5.22_1,0,0
2023,01,DNK.5.2_1,0,0
2023,01,DNK.5.3_1,0,0
2023,01,DNK.5.4_1,0,0
2023,01,DNK.5.5_1,0,0
2023,01,DNK.5.6_1,0,0
2023,01,DNK.5.8_1,0,0
2023,01,DNK.5.9_1,0,0
2023,01,ESP.1.1_1,0.17232772545004743,0.028865942071800835
2023,01,ESP.1.2_1,0.2241564572604349,0.12754790904521926
2023,01,ESP.1.3_1,0.2196256372428197,0.06884942087484784
2023,01,ESP.1.4_1,0.22754085966986,0.03055063909216397
2023,01,ESP.1.5_1,0.20704381795102653,0.05639002741802102
2023,01,ESP.1.6_1,0.17790973818788192,0.03256914274844641
2023,01,ESP.1.7_1,0.2705614987349381,0.07489172945796475
2023,01,ESP.1.8_1,0.345538137306914,0.1365020140202798
2023,01,ESP.10.1_1,0.3089260996259274,0.06957705927307506
2023,01,ESP.10.2_1,0.19858372493641144,0.028665197974899536
2023,01,ESP.10.3_1,0.39086758315473774,0.057264871309229436
2023,01,ESP.11.1_1,0.021136373100381845,2.3680184312669113e-4
2023,01,ESP.11.2_1,0.020858964711571084,1.7392120088855143e-4
2023,01,ESP.12.1_1,0.06133980440039275,0.004575882758502569
2023,01,ESP.12.2_1,0.058335027757896916,0.004949888900478264
2023,01,ESP.12.3_1,0.04716987189261958,0.002469468643600455
2023,01,ESP.12.4_1,0.2326313076636808,0.1005210789429649
2023,01,ESP.13.1_1,0.2301996027458942,0.08020844278253754
2023,01,ESP.14.1_1,0,0
2023,01,ESP.15.1_1,0.04721024686061307,0.0011170634620151355
2023,01,ESP.16.1_1,0.13984225054195196,0.03500902761775668
2023,01,ESP.16.2_1,0.25029762594505983,0.07130074154059049
2023,01,ESP.16.3_1,0.3076356819156464,0.09165328490022782
2023,01,ESP.17.1_1,0,0
2023,01,ESP.18.1_1,0.09775741062015646,0.019363828389845083
2023,01,ESP.2.1_1,0.10325060973419879,0.004652650279774184
2023,01,ESP.2.2_1,0.06471434467134135,0.0015497818859898835
2023,01,ESP.2.3_1,0.0969105629848367,0.0028198479580702545
2023,01,ESP.3.1_1,0.08365505281620494,0.006340866055544035
2023,01,ESP.4.1_1,0.04907216629533006,0.0024084164909755914
2023,01,ESP.4.2_1,0.036597199634790925,0.0011690957325437709
2023,01,ESP.4.3_1,0.050759586422916815,9.47582343564968e-4
2023,01,ESP.4.4_1,0.03700653951396074,4.2304298611451306e-4
2023,01,ESP.4.5_1,0.07296761271502317,0.0023514534462491248
2023,01,ESP.5.1_1,0.12385148945822011,0.006994909017501189
2023,01,ESP.5.2_1,0.1256102613500255,0.00442545734642946
2023,01,ESP.5.3_1,0,0
2023,01,ESP.5.4_1,0,0
2023,01,ESP.5.5_1,0.12729381083957028,0.005912674664485156
2023,01,ESP.5.6_1,0.07854105869469574,0.0035624017004567835
2023,01,ESP.5.7_1,0,0
2023,01,ESP.5.8_1,0,0
2023,01,ESP.5.9_1,0,0
2023,01,ESP.6.1_1,0.4619058576197629,0.07206003847810602
2023,01,ESP.6.2_1,0.3536965311208755,0.054820304535891366
2023,01,ESP.6.3_1,0.27752654383382974,0.03103572941622838
2023,01,ESP.6.4_1,0.2574966039645891,0.03387112050174786
2023,01,ESP.7.1_1,0.05254930808263911,0.5970000000000071
2023,01,ESP.7.2_1,0.07377659717141621,0.4217108861724212
2023,01,ESP.8.1_1,0.1506099792638183,0.011455004346322987
2023,01,ESP.9.1_1,0.23035630844780308,0.015109693494716095
2023,01,FIN.2.1_1,0,0
2023,01,FIN.3.2_1,0,0
2023,01,FIN.4.5_1,0,0
2023,01,FIN.5.3_1,0,0
2023,01,FIN.5.6_1,0,0
2023,01,FIN.5.7_1,0,0
2023,01,FIN.5.9_1,0,0
2023,01,FRA.1.10_1,0.21196869712545505,0.08328718932058021
2023,01,FRA.1.11_1,0.27574305745785466,0.24938118984778457
2023,01,FRA.1.12_1,0.11901381774296162,0.03862186788925805
2023,01,FRA.1.1_1,0.20542063481205433,0.10331863847414126
2023,01,FRA.1.2_1,0.19671785954445467,0.10854279474563586
2023,01,FRA.1.3_1,0.1379119194837284,0.053286867455651005
2023,01,FRA.1.4_1,0.14528104922188378,0.07747257007156631
2023,01,FRA.1.5_1,0.15384740579256134,0.06490220365959443
2023,01,FRA.1.6_1,0.1446574010484754,0.052104472546726635
2023,01,FRA.1.7_1,0.12061128211272905,0.03892618148967233
2023,01,FRA.1.8_1,0.20022567563791968,0.07219488434751417
2023,01,FRA.1.9_1,0.1720281472572025,0.08248242751617317
2023,01,FRA.10.10_1,0.20070192847933746,0.09744008681894784
2023,01,FRA.10.11_1,0.20988253001283066,0.0871067682008833
2023,01,FRA.10.12_1,0.18712960886225405,0.08702425717538646
2023,01,FRA.10.1_1,0.22184784181222564,0.12047618346938072
2023,01,FRA.10.2_1,0.19819245325198515,0.11633488198499538
2023,01,FRA.10.3_1,0.16698382833222206,0.07845707280746922
2023,01,FRA.10.4_1,0.0956284214246708,0.0316159127393884
2023,01,FRA.10.5_1,0.19044836357653777,0.10380891736530487
2023,01,FRA.10.6_1,0.22426795171145947,0.10230914316910478
2023,01,FRA.10.7_1,0.25826083041970954,0.13287188999625135
2023,01,FRA.10.8_1,0.17520081037993793,0.09330076764812313
2023,01,FRA.10.9_1,0.18701061076709302,0.1090589914187565
2023,01,FRA.11.10_1,0.06462338408273918,0.014362989909298357
2023,01,FRA.11.11_1,0.08126811137663507,0.024463096811460156
2023,01,FRA.11.12_1,0.12393194985473248,0.05177549822405653
2023,01,FRA.11.13_1,0.1464567603712283,0.04269388350264609
2023,01,FRA.11.1_1,0.0740113731661171,0.021625274058339288
2023,01,FRA.11.2_1,0.09754207841655826,0.024815905715743068
2023,01,FRA.11.3_1,0.1277000409661819,0.0312651213825265
2023,01,FRA.11.4_1,0.11692457529059444,0.029779187613965166
2023,01,FRA.11.5_1,0.1285473608928661,0.04843938424041952
2023,01,FRA.11.6_1,0.14252176367416738,0.04330479878895362
2023,01,FRA.11.7_1,0.10192193929613169,0.03145374949088224
2023,01,FRA.11.8_1,0.11156759901974286,0.027711880470762007
2023,01,FRA.11.9_1,0.1338803386739813,0.05123916124236889
2023,01,FRA.12.1_1,0.2076381818067648,0.08988091986660315
2023,01,FRA.12.2_1,0.19057199071085773,0.08583827959175486
2023,01,FRA.12.3_1,0.16187631626012303,0.08078588293267872
2023,01,FRA.12.4_1,0.09668461991311496,0.02534581681516443
2023,01,FRA.12.5_1,0.1668641515517255,0.08941724834710203
2023,01,FRA.13.1_1,0.05835833853783763,0.009494892505632516
2023,01,FRA.13.2_1,0.15383845300391577,0.061853613181577526
2023,01,FRA.13.3_1,0.15437444110527412,0.0465649313178369
2023,01,FRA.13.4_1,0.0286462769193879,0.0026815464633578633
2023,01,FRA.13.5_1,0.11616008399535278,0.037073264672674244
2023,01,FRA.13.6_1,0.0801481893281912,0.02334458419489111
2023,01,FRA.2.1_1,0.16229485383691664,0.06310256574095506
2023,01,FRA.2.2_1,0.12301954963261784,0.04273739746475576
2023,01,FRA.2.3_1,0.07313368819902105,0.014430937103218917
2023,01,FRA.2.4_1,0.14604332808693296,0.056321523526593927
2023,01,FRA.2.5_1,0.15664261894633077,0.07222929129999664
2023,01,FRA.2.6_1,0.20721698322462145,0.07106838765236052
2023,01,FRA.2.7_1,0.05679072098249847,0.027883208123098968
2023,01,FRA.2.8_1,0.17110849114236357,0.0637927640043051
2023,01,FRA.3.1_1,0.06466706113280916,0.008397294670992362
2023,01,FRA.3.2_1,0,0
2023,01,FRA.3.3_1,0.21498275421917767,0.09807417006074244
2023,01,FRA.3.4_1,0.07284954334061096,0.014450997311268483
2023,01,FRA.4.1_1,0.1442777179009584,0.06442805544373942
2023,01,FRA.4.2_1,0.07043284338174,0.01585445842856811
2023,01,FRA.4.3_1,0.15695481769203382,0.08082327164478095
2023,01,FRA.4.4_1,0.13907148462421864,0.0727465670033156
2023,01,FRA.4.5_1,0.15826378740515312,0.07932279340776756
2023,01,FRA.4.6_1,0.1606260576305059,0.0694206491321035
2023,01,FRA.5.1_1,0.1376841948340595,0.11543777118272908
2023,01,FRA.5.2_1,0.17981662111128757,0.1366223311645793
2023,01,FRA.6.10_1,0.06811961766525837,0.013189636528491968
2023,01,FRA.6.1_1,0.07261156410001031,0.013088620428952692
2023,01,FRA.6.2_1,0.06810462011788103,0.01398858226553862
2023,01,FRA.6.3_1,0.14244165117069058,0.05502901796858261
2023,01,FRA.6.4_1,0.12019045226687894,0.04665077816096908
2023,01,FRA.6.5_1,0.04602300002824508,0.006156344726099679
2023,01,FRA.6.6_1,0.05996805818202802,0.008537955341932349
2023,01,FRA.6.7_1,0.1494840644007502,0.05007080505246924
2023,01,FRA.6.8_1,0.0635485248772306,0.011650034694395546
2023,01,FRA.6.9_1,0.1013708436518777,0.020256204566264
2023,01,FRA.7.1_1,0.1675628820383528,0.06097031909106671
2023,01,FRA.7.2_1,0.08058663221196954,0.007748579844334506
2023,01,FRA.7.3_1,0.1729965955292577,0.06889168028661591
2023,01,FRA.7.4_1,0,0
2023,01,FRA.7.5_1,0.062229730725932526,0.008089123896825576
2023,01,FRA.8.1_1,0.1912348472096335,0.09426838049023524
2023,01,FRA.8.2_1,0.24817608632013968,0.2338337530246756
2023,01,FRA.8.3_1,0.1791821806881493,0.19053178121420272
2023,01,FRA.8.4_1,0.1581175143469068,0.052511840091894545
2023,01,FRA.8.5_1,0.24468640631595232,0.22892973551904558
2023,01,FRA.8.6_1,0.1836423300166915,0.0992102388985375
2023,01,FRA.8.7_1,0.24362436111434332,0.20577926429788165
2023,01,FRA.8.8_1,0.16992705136328656,0.07176637659308535
2023,01,FRA.9.1_1,0,0
2023,01,FRA.9.2_1,0.043587872406805915,0.003971161249778302
2023,01,FRA.9.3_1,0.05768218237440706,0.006767113431899367
2023,01,FRA.9.4_1,0.06882998795424121,0.01118586658157641
2023,01,FRA.9.5_1,0.04205292613120497,0.0031866118347505905
2023,01,FRO.1.1_1,0,0
2023,01,FRO.1.2_1,0,0
2023,01,FRO.1.3_1,0,0
2023,01,FRO.1.5_1,0,0
2023,01,FRO.1.6_1,0,0
2023,01,FRO.1.7_1,0,0
2023,01,FRO.2.3_1,0,0
2023,01,FRO.2.4_1,0,0
2023,01,FRO.2.5_1,0,0
2023,01,FRO.2.6_1,0,0
2023,01,FRO.3.1_1,0,0
2023,01,FRO.3.3_1,0,0
2023,01,FRO.4.1_1,0,0
2023,01,FRO.4.2_1,0,0
2023,01,FRO.4.3_1,0,0
2023,01,FRO.6.1_1,0,0
2023,01,FRO.6.2_1,0,0
2023,01,GBR.1.100_1,0,0
2023,01,GBR.1.101_1,0,0
2023,01,GBR.1.102_1,0.056390252506095785,0.017036438164810357
2023,01,GBR.1.103_1,0,0
2023,01,GBR.1.104_1,0,0
2023,01,GBR.1.105_1,0,0
2023,01,GBR.1.106_1,0,0
2023,01,GBR.1.107_1,0,0
2023,01,GBR.1.108_1,0,0
2023,01,GBR.1.109_1,0,0
2023,01,GBR.1.10_1,0,0
2023,01,GBR.1.110_1,0,0
2023,01,GBR.1.111_1,0,0
2023,01,GBR.1.112_1,0,0
2023,01,GBR.1.113_1,0,0
2023,01,GBR.1.114_1,0,0
2023,01,GBR.1.115_1,0,0
2023,01,GBR.1.116_1,0,0
2023,01,GBR.1.117_1,0,0
2023,01,GBR.1.118_1,0,0
2023,01,GBR.1.11_1,0,0
2023,01,GBR.1.12_1,0,0
2023,01,GBR.1.13_1,0,0
2023,01,GBR.1.14_1,0,0
2023,01,GBR.1.15_1,0,0
2023,01,GBR.1.16_1,0,0
2023,01,GBR.1.17_1,0,0
2023,01,GBR.1.18_1,0,0
2023,01,GBR.1.19_1,0,0
2023,01,GBR.1.1_1,0,0
2023,01,GBR.1.20_1,0,0
2023,01,GBR.1.21_1,0,0
2023,01,GBR.1.22_1,0,0
2023,01,GBR.1.23_1,0,0
2023,01,GBR.1.24_1,0,0
2023,01,GBR.1.25_1,0,0
2023,01,GBR.1.26_1,0,0
2023,01,GBR.1.27_1,0,0
2023,01,GBR.1.28_1,0,0
2023,01,GBR.1.29_1,0,0
2023,01,GBR.1.2_1,0,0
2023,01,GBR.1.30_1,0,0
2023,01,GBR.1.31_1,0,0
2023,01,GBR.1.32_1,0.0224429745303176,5.476320864782402e-4
2023,01,GBR.1.33_1,0,0
2023,01,GBR.1.34_1,0,0
2023,01,GBR.1.35_1,0,0
2023,01,GBR.1.36_1,0.30148110558984215,0.017195266733105213
2023,01,GBR.1.37_1,0,0
2023,01,GBR.1.38_1,0,0
2023,01,GBR.1.39_1,0,0
2023,01,GBR.1.3_1,0,0
2023,01,GBR.1.40_1,0,0
2023,01,GBR.1.41_1,0,0
2023,01,GBR.1.42_1,0,0
2023,01,GBR.1.44_1,0.33600491077511585,0.052597939282694815
2023,01,GBR.1.45_1,0,0
2023,01,GBR.1.46_1,0,0
2023,01,GBR.1.47_1,0,0
2023,01,GBR.1.48_1,0,0
2023,01,GBR.1.49_1,0,0
2023,01,GBR.1.4_1,0,0
2023,01,GBR.1.50_1,0,0
2023,01,GBR.1.51_1,0,0
2023,01,GBR.1.52_1,0,0
2023,01,GBR.1.53_1,0,0
2023,01,GBR.1.54_1,0,0
2023,01,GBR.1.55_1,0.06021102270042766,0.019742601612362645
2023,01,GBR.1.56_1,0,0
2023,01,GBR.1.57_1,0,0
2023,01,GBR.1.58_1,0,0
2023,01,GBR.1.59_1,0,0
2023,01,GBR.1.5_1,0,0
2023,01,GBR.1.60_1,0,0
2023,01,GBR.1.61_1,0,0
2023,01,GBR.1.62_1,0,0
2023,01,GBR.1.63_1,0,0
2023,01,GBR.1.64_1,0,0
2023,01,GBR.1.65_1,0,0
2023,01,GBR.1.66_1,0,0
2023,01,GBR.1.67_1,0,0
2023,01,GBR.1.68_1,0,0
2023,01,GBR.1.69_1,0,0
2023,01,GBR.1.6_1,0,0
2023,01,GBR.1.70_1,0,0
2023,01,GBR.1.71_1,0,0
2023,01,GBR.1.72_1,0,0
2023,01,GBR.1.73_1,0,0
2023,01,GBR.1.74_1,0,0
2023,01,GBR.1.75_1,0,0
2023,01,GBR.1.76_1,0,0
2023,01,GBR.1.77_1,0,0
2023,01,GBR.1.78_1,0,0
2023,01,GBR.1.79_1,0,0
2023,01,GBR.1.7_1,0,0
2023,01,GBR.1.80_1,0,0
2023,01,GBR.1.81_1,0,0
2023,01,GBR.1.82_1,0,0
2023,01,GBR.1.83_1,0,0
2023,01,GBR.1.84_1,0,0
2023,01,GBR.1.85_1,0,0
2023,01,GBR.1.86_1,0,0
2023,01,GBR.1.87_1,0,0
2023,01,GBR.1.88_1,0,0
2023,01,GBR.1.89_1,0,0
2023,01,GBR.1.8_1,0,0
2023,01,GBR.1.90_1,0,0
2023,01,GBR.1.91_1,0,0
2023,01,GBR.1.92_1,0,0
2023,01,GBR.1.93_1,0,0
2023,01,GBR.1.94_1,0,0
2023,01,GBR.1.95_1,0,0
2023,01,GBR.1.96_1,0,0
2023,01,GBR.1.97_1,0,0
2023,01,GBR.1.98_1,0.041858556993721284,0.001223512261154817
2023,01,GBR.1.99_1,0,0
2023,01,GBR.1.9_1,0,0
2023,01,GBR.2.10_1,0,0
2023,01,GBR.2.11_1,0,0
2023,01,GBR.2.1_1,0,0
2023,01,GBR.2.2_1,0,0
2023,01,GBR.2.3_1,0,0
2023,01,GBR.2.4_1,0,0
2023,01,GBR.2.5_1,0,0
2023,01,GBR.2.6_1,0,0
2023,01,GBR.2.7_1,0,0
2023,01,GBR.2.8_1,0,0
2023,01,GBR.2.9_1,0,0
2023,01,GBR.3.10_1,0,0
2023,01,GBR.3.11_1,0,0
2023,01,GBR.3.12_1,0,0
2023,01,GBR.3.13_1,0,0
2023,01,GBR.3.14_1,0,0
2023,01,GBR.3.15_1,0,0
2023,01,GBR.3.16_1,0,0
2023,01,GBR.3.17_1,0,0
2023,01,GBR.3.18_1,0,0
2023,01,GBR.3.19_1,0,0
2023,01,GBR.3.1_1,0,0
2023,01,GBR.3.20_1,0,0
2023,01,GBR.3.21_1,0,0
2023,01,GBR.3.22_1,0,0
2023,01,GBR.3.23_1,0,0
2023,01,GBR.3.24_1,0,0
2023,01,GBR.3.25_1,0,0
2023,01,GBR.3.26_1,0,0
2023,01,GBR.3.27_1,0,0
2023,01,GBR.3.28_1,0,0
2023,01,GBR.3.29_1,0,0
2023,01,GBR.3.2_1,0,0
2023,01,GBR.3.30_1,0,0
2023,01,GBR.3.31_1,0,0
2023,01,GBR.3.32_1,0,0
2023,01,GBR.3.3_1,0,0
2023,01,GBR.3.4_1,0,0
2023,01,GBR.3.5_1,0,0
2023,01,GBR.3.6_1,0,0
2023,01,GBR.3.7_1,0,0
2023,01,GBR.3.8_1,0,0
2023,01,GBR.3.9_1,0,0
2023,01,GBR.4.10_1,0,0
2023,01,GBR.4.11_1,0,0
2023,01,GBR.4.12_1,0,0
2023,01,GBR.4.13_1,0,0
2023,01,GBR.4.14_1,0,0
2023,01,GBR.4.15_1,0,0
2023,01,GBR.4.16_1,0,0
2023,01,GBR.4.17_1,0,0
2023,01,GBR.4.18_1,0,0
2023,01,GBR.4.19_1,0,0
2023,01,GBR.4.1_1,0,0
2023,01,GBR.4.20_1,0,0
2023,01,GBR.4.21_1,0,0
2023,01,GBR.4.22_1,0,0
2023,01,GBR.4.2_1,0,0
2023,01,GBR.4.3_1,0,0
2023,01,GBR.4.4_1,0,0
2023,01,GBR.4.5_1,0,0
2023,01,GBR.4.6_1,0,0
2023,01,GBR.4.7_1,0,0
2023,01,GBR.4.8_1,0,0
2023,01,GBR.4.9_1,0,0
2023,01,GEO.10.1_1,0.004786384482852344,0.0020000000000000256
2023,01,GEO.10.2_1,0,0
2023,01,GEO.10.3_1,0.005859162188039041,0.0030000000000000387
2023,01,GEO.10.4_1,0,0
2023,01,GEO.10.6_1,0.008273630678653976,0.006000000000000077
2023,01,GEO.2.1_1,0.015714771885469114,0.022000000000000283
2023,01,GEO.2.2_1,0.021732891413029136,0.04300000000000055
2023,01,GEO.2.3_1,0.0075565551437334,0.005000000000000064
2023,01,GEO.2.5_1,0.0106596982415435,0.010000000000000129
2023,01,GRC.1.1_1,0.027325680862217837,0.013283260789391509
2023,01,GRC.1.2_1,0.02843797269104747,0.004889698569944648
2023,01,GRC.2.1_1,0.030812713878699133,0.09100000000000107
2023,01,GRC.3.1_1,0.3778721825624078,0.46950267904241355
2023,01,GRC.4.1_1,0.10206907405594502,0.042271951369750656
2023,01,GRC.5.1_1,0.1305660634421248,0.11166822064734394
2023,01,GRC.5.2_1,0.08780721063817604,0.06162918304019378
2023,01,GRC.6.1_1,0.0993579322199901,0.023888701300532843
2023,01,GRC.6.2_1,0.06435534909542458,0.01690758317629424
2023,01,GRC.7.1_1,0.04592313552799957,0.03212641690295254
2023,01,GRC.7.2_1,0.08514908821043099,0.026546261671208868
2023,01,GRC.7.3_1,0.07609259636936547,0.02779643644181684
2023,01,GRC.8.1_1,0.07706115061602929,0.021633786412605865
2023,01,GRC.8.2_1,0.07187916879106522,0.01955518301058891
2023,01,HRV.1.10_1,0.03170713894015779,0.09700000000000114
2023,01,HRV.1.11_1,0.029064725160722192,0.08000000000000092
2023,01,HRV.1.12_1,0.034306976143519415,0.11600000000000127
2023,01,HRV.1.13_1,0.03365423192353865,0.11100000000000132
2023,01,HRV.1.14_1,0.03284229370320487,0.10500000000000125
2023,01,HRV.1.15_1,0.030812713878699133,0.09100000000000107
2023,01,HRV.1.16_1,0.031996855956060714,0.09900000000000117
2023,01,HRV.1.17_1,0.028561007712683044,0.07700000000000089
2023,01,HRV.1.18_1,0.031996855956060714,0.09900000000000117
2023,01,HRV.1.19_1,0.0288981921295096,0.0790000000000009
2023,01,HRV.1.1_1,0.02971766572349627,0.08400000000000098
2023,01,HRV.1.20_1,0.028218167786464483,0.07500000000000086
2023,01,HRV.1.21_1,0.030812713878699133,0.09100000000000107
2023,01,HRV.1.22_1,0.02971766572349627,0.08400000000000098
2023,01,HRV.1.23_1,0.025041870283848078,0.058000000000000745
2023,01,HRV.1.2_1,0.03065979624060513,0.09000000000000105
2023,01,HRV.1.3_1,0.03214019949601003,0.10000000000000117
2023,01,HRV.1.4_1,0.03228255102724314,0.10100000000000119
2023,01,HRV.1.5_1,0.03214019949601003,0.10000000000000117
2023,01,HRV.1.6_1,0.029064725160722192,0.08000000000000092
2023,01,HRV.1.7_1,0.0324239236154818,0.1020000000000012
2023,01,HRV.1.8_1,0.030812713878699133,0.09100000000000107
2023,01,HRV.1.9_1,0.03365423192353865,0.11100000000000132
2023,01,HRV.10.10_1,0.02939378953342484,0.08200000000000095
2023,01,HRV.10.11_1,0.0295563654275685,0.08300000000000096
2023,01,HRV.10.12_1,0.02922991675655941,0.08100000000000093
2023,01,HRV.10.13_1,0.027692843395231256,0.07200000000000081
2023,01,HRV.10.14_1,0.029877711080867154,0.08500000000000098
2023,01,HRV.10.15_1,0.0280445623245369,0.07400000000000084
2023,01,HRV.10.16_1,0.028390307414469764,0.07600000000000087
2023,01,HRV.10.17_1,0.0364954445877634,0.13400000000000162
2023,01,HRV.10.18_1,0.025243416384443173,0.05900000000000076
2023,01,HRV.10.19_1,0.027334920031015345,0.0700000000000009
2023,01,HRV.10.1_1,0.029064725160722192,0.08000000000000092
2023,01,HRV.10.20_1,0.02602959336347104,0.0630000000000008
2023,01,HRV.10.21_1,0.02715355518004624,0.0690000000000009
2023,01,HRV.10.22_1,0.028218167786464483,0.07500000000000086
2023,01,HRV.10.23_1,0.026411301147409305,0.06500000000000072
2023,01,HRV.10.24_1,0.02463243378679614,0.05600000000000072
2023,01,HRV.10.25_1,0.0280445623245369,0.07400000000000084
2023,01,HRV.10.2_1,0.027334920031015345,0.0700000000000009
2023,01,HRV.10.4_1,0.02697054521774516,0.06800000000000077
2023,01,HRV.10.5_1,0.02483822675797491,0.05700000000000073
2023,01,HRV.10.6_1,0.028561007712683044,0.07700000000000089
2023,01,HRV.10.7_1,0.0288981921295096,0.0790000000000009
2023,01,HRV.10.8_1,0.031115188132474964,0.09300000000000108
2023,01,HRV.10.9_1,0.026599453829620263,0.06600000000000085
2023,01,HRV.10_1,0.02751467230226447,0.0710000000000008
2023,01,HRV.11.10_1,0.017674187644973697,0.02800000000000036
2023,01,HRV.11.11_1,0.016726290126725652,0.02500000000000032
2023,01,HRV.11.12_1,0.0224429745303176,0.04600000000000059
2023,01,HRV.11.13_1,0.016726290126725652,0.02500000000000032
2023,01,HRV.11.14_1,0.017048786250816777,0.026000000000000335
2023,01,HRV.11.15_1,0.019138042751105304,0.033000000000000425
2023,01,HRV.11.16_1,0.021489915763681852,0.042000000000000544
2023,01,HRV.11.17_1,0.017048786250816777,0.026000000000000335
2023,01,HRV.11.18_1,0.01941580203000218,0.03400000000000044
2023,01,HRV.11.19_1,0.019138042751105304,0.033000000000000425
2023,01,HRV.11.1_1,0.021489915763681852,0.042000000000000544
2023,01,HRV.11.20_1,0.020222801500296435,0.03700000000000048
2023,01,HRV.11.21_1,0.019138042751105304,0.033000000000000425
2023,01,HRV.11.22_1,0.01166531333803828,0.012000000000000155
2023,01,HRV.11.23_1,0.018275691057923763,0.030000000000000387
2023,01,HRV.11.24_1,0.019138042751105304,0.033000000000000425
2023,01,HRV.11.25_1,0.018568210412728343,0.031000000000000288
2023,01,HRV.11.26_1,0.02378664296428221,0.05200000000000067
2023,01,HRV.11.27_1,0.017977774444318844,0.029000000000000373
2023,01,HRV.11.28_1,0.019689060444981806,0.03500000000000045
2023,01,HRV.11.29_1,0.019138042751105304,0.033000000000000425
2023,01,HRV.11.2_1,0.020993890399061767,0.040000000000000514
2023,01,HRV.11.30_1,0.015361311878902892,0.021000000000000272
2023,01,HRV.11.31_1,0.019689060444981806,0.03500000000000045
2023,01,HRV.11.32_1,0.019958002869948324,0.03600000000000046
2023,01,HRV.11.33_1,0.02048361704135102,0.03800000000000049
2023,01,HRV.11.34_1,0.017674187644973697,0.02800000000000036
2023,01,HRV.11.35_1,0.015714771885469114,0.022000000000000283
2023,01,HRV.11.36_1,0.017977774444318844,0.029000000000000373
2023,01,HRV.11.37_1,0.017674187644973697,0.02800000000000036
2023,01,HRV.11.38_1,0.01941580203000218,0.03400000000000044
2023,01,HRV.11.39_1,0.019958002869948324,0.03600000000000046
2023,01,HRV.11.3_1,0.017977774444318844,0.029000000000000373
2023,01,HRV.11.40_1,0.019689060444981806,0.03500000000000045
2023,01,HRV.11.41_1,0.021489915763681852,0.042000000000000544
2023,01,HRV.11.42_1,0.017977774444318844,0.029000000000000373
2023,01,HRV.11.43_1,0.018568210412728343,0.031000000000000288
2023,01,HRV.11.44_1,0.021489915763681852,0.042000000000000544
2023,01,HRV.11.45_1,0.018275691057923763,0.030000000000000387
2023,01,HRV.11.4_1,0.017977774444318844,0.029000000000000373
2023,01,HRV.11.5_1,0.016726290126725652,0.02500000000000032
2023,01,HRV.11.6_1,0.018855583704325884,0.03200000000000041
2023,01,HRV.11.7_1,0.021489915763681852,0.042000000000000544
2023,01,HRV.11.8_1,0.018855583704325884,0.03200000000000041
2023,01,HRV.11.9_1,0.016726290126725652,0.02500000000000032
2023,01,HRV.12.10_1,0.026785856424274813,0.06700000000000075
2023,01,HRV.12.1_1,0.0280445623245369,0.07400000000000084
2023,01,HRV.12.2_1,0.02463243378679614,0.05600000000000072
2023,01,HRV.12.3_1,0.029064725160722192,0.08000000000000092
2023,01,HRV.12.4_1,0.02483822675797491,0.05700000000000073
2023,01,HRV.12.5_1,0.02544291490408445,0.060000000000000664
2023,01,HRV.12.6_1,0.02751467230226447,0.0710000000000008
2023,01,HRV.12.7_1,0.02715355518004624,0.0690000000000009
2023,01,HRV.12.8_1,0.028561007712683044,0.07700000000000089
2023,01,HRV.12.9_1,0.026411301147409305,0.06500000000000072
2023,01,HRV.13.10_1,0.02312680358116367,0.04900000000000063
2023,01,HRV.13.12_1,0.02463243378679614,0.05600000000000072
2023,01,HRV.13.13_1,0.035911309844631305,0.12900000000000156
2023,01,HRV.13.14_1,0.022209319716949616,0.04500000000000058
2023,01,HRV.13.15_1,0.024424437038630373,0.05500000000000071
2023,01,HRV.13.16_1,0.02697054521774516,0.06800000000000077
2023,01,HRV.13.17_1,0.02483822675797491,0.05700000000000073
2023,01,HRV.13.18_1,0.0219726580873525,0.044000000000000566
2023,01,HRV.13.1_1,0.0324239236154818,0.1020000000000012
2023,01,HRV.13.20_1,0.024214179723045553,0.05400000000000069
2023,01,HRV.13.21_1,0.028390307414469764,0.07600000000000087
2023,01,HRV.13.23_1,0.027692843395231256,0.07200000000000081
2023,01,HRV.13.24_1,0.023569236142789846,0.051000000000000656
2023,01,HRV.13.25_1,0.023569236142789846,0.051000000000000656
2023,01,HRV.13.26_1,0.034306976143519415,0.11600000000000127
2023,01,HRV.13.27_1,0.021489915763681852,0.042000000000000544
2023,01,HRV.13.29_1,0.024424437038630373,0.05500000000000071
2023,01,HRV.13.2_1,0.026221360704147222,0.06400000000000082
2023,01,HRV.13.30_1,0.02602959336347104,0.0630000000000008
2023,01,HRV.13.31_1,0.025640413637213404,0.06100000000000067
2023,01,HRV.13.32_1,0.02697054521774516,0.06800000000000077
2023,01,HRV.13.33_1,0.0280445623245369,0.07400000000000084
2023,01,HRV.13.34_1,0.026221360704147222,0.06400000000000082
2023,01,HRV.13.35_1,0.026411301147409305,0.06500000000000072
2023,01,HRV.13.39_1,0.025243416384443173,0.05900000000000076
2023,01,HRV.13.3_1,0.027334920031015345,0.0700000000000009
2023,01,HRV.13.40_1,0.0356727258095903,0.12700000000000153
2023,01,HRV.13.41_1,0.02400160243147714,0.053000000000000685
2023,01,HRV.13.42_1,0.028730294336337586,0.07800000000000089
2023,01,HRV.13.4_1,0.0233493136047241,0.05000000000000064
2023,01,HRV.13.5_1,0.02463243378679614,0.05600000000000072
2023,01,HRV.13.6_1,0.026411301147409305,0.06500000000000072
2023,01,HRV.13.7_1,0.028730294336337586,0.07800000000000089
2023,01,HRV.13.8_1,0.028561007712683044,0.07700000000000089
2023,01,HRV.13.9_1,0.02312680358116367,0.04900000000000063
2023,01,HRV.14.10_1,0.016726290126725652,0.02500000000000032
2023,01,HRV.14.11_1,0.018855583704325884,0.03200000000000041
2023,01,HRV.14.12_1,0.014243584942125654,0.01800000000000023
2023,01,HRV.14.13_1,0.017048786250816777,0.026000000000000335
2023,01,HRV.14.14_1,0.014626439448359682,0.019000000000000246
2023,01,HRV.14.15_1,0.018275691057923763,0.030000000000000387
2023,01,HRV.14.16_1,0.0173646332659658,0.027000000000000347
2023,01,HRV.14.17_1,0.017674187644973697,0.02800000000000036
2023,01,HRV.14.18_1,0.015714771885469114,0.022000000000000283
2023,01,HRV.14.19_1,0.016726290126725652,0.02500000000000032
2023,01,HRV.14.1_1,0.014626439448359682,0.019000000000000246
2023,01,HRV.14.2_1,0.008932046136583301,0.00700000000000009
2023,01,HRV.14.3_1,0.012135496962660813,0.013000000000000168
2023,01,HRV.14.4_1,0.015714771885469114,0.022000000000000283
2023,01,HRV.14.5_1,0.011174337950468731,0.011000000000000142
2023,01,HRV.14.6_1,0.013849322643485965,0.01700000000000022
2023,01,HRV.14.7_1,0.01605974012232283,0.023000000000000295
2023,01,HRV.14.8_1,0.013022400810965909,0.015000000000000194
2023,01,HRV.15.10_1,0.02922991675655941,0.08100000000000093
2023,01,HRV.15.11_1,0.02939378953342484,0.08200000000000095
2023,01,HRV.15.12_1,0.031115188132474964,0.09300000000000108
2023,01,HRV.15.13_1,0.027334920031015345,0.0700000000000009
2023,01,HRV.15.14_1,0.03065979624060513,0.09000000000000105
2023,01,HRV.15.15_1,0.029064725160722192,0.08000000000000092
2023,01,HRV.15.16_1,0.0295563654275685,0.08300000000000096
2023,01,HRV.15.17_1,0.030964505683742812,0.09200000000000107
2023,01,HRV.15.18_1,0.028561007712683044,0.07700000000000089
2023,01,HRV.15.19_1,0.028390307414469764,0.07600000000000087
2023,01,HRV.15.1_1,0.0224429745303176,0.04600000000000059
2023,01,HRV.15.2_1,0.027692843395231256,0.07200000000000081
2023,01,HRV.15.3_1,0.028218167786464483,0.07500000000000086
2023,01,HRV.15.4_1,0.02939378953342484,0.08200000000000095
2023,01,HRV.15.5_1,0.028218167786464483,0.07500000000000086
2023,01,HRV.15.6_1,0.02971766572349627,0.08400000000000098
2023,01,HRV.15.7_1,0.0288981921295096,0.0790000000000009
2023,01,HRV.15.8_1,0.03019411664590983,0.08700000000000101
2023,01,HRV.15.9_1,0.03141328869951815,0.09500000000000111
2023,01,HRV.16.10_1,0,0
2023,01,HRV.16.11_1,0.0033861801343757375,0.0010000000000000128
2023,01,HRV.16.12_1,0.0033861801343757375,0.0010000000000000128
2023,01,HRV.16.13_1,0.008273630678653976,0.006000000000000077
2023,01,HRV.16.14_1,0.004786384482852344,0.0020000000000000256
2023,01,HRV.16.15_1,0.008932046136583301,0.00700000000000009
2023,01,HRV.16.17_1,0.006762183913988965,0.004000000000000051
2023,01,HRV.16.18_1,0,0
2023,01,HRV.16.19_1,0.0033861801343757375,0.0010000000000000128
2023,01,HRV.16.1_1,0.006762183913988965,0.004000000000000051
2023,01,HRV.16.20_1,0.004786384482852344,0.0020000000000000256
2023,01,HRV.16.21_1,0.006762183913988965,0.004000000000000051
2023,01,HRV.16.23_1,0.0033861801343757375,0.0010000000000000128
2023,01,HRV.16.24_1,0.006762183913988965,0.004000000000000051
2023,01,HRV.16.26_1,0.004786384482852344,0.0020000000000000256
2023,01,HRV.16.27_1,0,0
2023,01,HRV.16.28_1,0.005859162188039041,0.0030000000000000387
2023,01,HRV.16.29_1,0.005859162188039041,0.0030000000000000387
2023,01,HRV.16.2_1,0.005859162188039041,0.0030000000000000387
2023,01,HRV.16.30_1,0.005859162188039041,0.0030000000000000387
2023,01,HRV.16.31_1,0.005859162188039041,0.0030000000000000387
2023,01,HRV.16.32_1,0.006762183913988965,0.004000000000000051
2023,01,HRV.16.33_1,0.006762183913988965,0.004000000000000051
2023,01,HRV.16.34_1,0,0
2023,01,HRV.16.35_1,0.008273630678653976,0.006000000000000077
2023,01,HRV.16.36_1,0.004786384482852344,0.0020000000000000256
2023,01,HRV.16.37_1,0.005859162188039041,0.0030000000000000387
2023,01,HRV.16.39_1,0.008273630678653976,0.006000000000000077
2023,01,HRV.16.40_1,0.0033861801343757375,0.0010000000000000128
2023,01,HRV.16.43_1,0.008932046136583301,0.00700000000000009
2023,01,HRV.16.44_1,0.008273630678653976,0.006000000000000077
2023,01,HRV.16.45_1,0.0075565551437334,0.005000000000000064
2023,01,HRV.16.48_1,0.0033861801343757375,0.0010000000000000128
2023,01,HRV.16.49_1,0.005859162188039041,0.0030000000000000387
2023,01,HRV.16.4_1,0.004786384482852344,0.0020000000000000256
2023,01,HRV.16.50_1,0.004786384482852344,0.0020000000000000256
2023,01,HRV.16.52_1,0.005859162188039041,0.0030000000000000387
2023,01,HRV.16.53_1,0.0033861801343757375,0.0010000000000000128
2023,01,HRV.16.54_1,0.0075565551437334,0.005000000000000064
2023,01,HRV.16.55_1,0.006762183913988965,0.004000000000000051
2023,01,HRV.16.56_1,0.005859162188039041,0.0030000000000000387
2023,01,HRV.16.5_1,0.0033861801343757375,0.0010000000000000128
2023,01,HRV.16.6_1,0.0033861801343757375,0.0010000000000000128
2023,01,HRV.16.7_1,0.0075565551437334,0.005000000000000064
2023,01,HRV.16.8_1,0,0
2023,01,HRV.16.9_1,0.009543949726300377,0.008000000000000103
2023,01,HRV.16_1,0.0033861801343757375,0.0010000000000000128
2023,01,HRV.17.10_1,0.029877711080867154,0.08500000000000098
2023,01,HRV.17.11_1,0.024214179723045553,0.05400000000000069
2023,01,HRV.17.12_1,0.027334920031015345,0.0700000000000009
2023,01,HRV.17.13_1,0.028218167786464483,0.07500000000000086
2023,01,HRV.17.14_1,0.030505735838905406,0.08900000000000104
2023,01,HRV.17.15_1,0.02939378953342484,0.08200000000000095
2023,01,HRV.17.16_1,0.026411301147409305,0.06500000000000072
2023,01,HRV.17.17_1,0.0295563654275685,0.08300000000000096
2023,01,HRV.17.18_1,0.02751467230226447,0.0710000000000008
2023,01,HRV.17.19_1,0.028390307414469764,0.07600000000000087
2023,01,HRV.17.1_1,0.02544291490408445,0.060000000000000664
2023,01,HRV.17.20_1,0.030036521559975722,0.08600000000000099
2023,01,HRV.17.21_1,0.03019411664590983,0.08700000000000101
2023,01,HRV.17.22_1,0.03214019949601003,0.10000000000000117
2023,01,HRV.17.23_1,0.030036521559975722,0.08600000000000099
2023,01,HRV.17.24_1,0.029877711080867154,0.08500000000000098
2023,01,HRV.17.25_1,0.029877711080867154,0.08500000000000098
2023,01,HRV.17.26_1,0.03256433001047999,0.10300000000000122
2023,01,HRV.17.27_1,0.031264777264725374,0.0940000000000011
2023,01,HRV.17.28_1,0.030812713878699133,0.09100000000000107
2023,01,HRV.17.2_1,0.028561007712683044,0.07700000000000089
2023,01,HRV.17.3_1,0.029877711080867154,0.08500000000000098
2023,01,HRV.17.4_1,0.0224429745303176,0.04600000000000059
2023,01,HRV.17.5_1,0.030036521559975722,0.08600000000000099
2023,01,HRV.17.6_1,0.02290163065295795,0.04800000000000062
2023,01,HRV.17.7_1,0.028730294336337586,0.07800000000000089
2023,01,HRV.17.8_1,0.030036521559975722,0.08600000000000099
2023,01,HRV.17.9_1,0.030812713878699133,0.09100000000000107
2023,01,HRV.18.10_1,0.02939378953342484,0.08200000000000095
2023,01,HRV.18.11_1,0.030812713878699133,0.09100000000000107
2023,01,HRV.18.12_1,0.030505735838905406,0.08900000000000104
2023,01,HRV.18.13_1,0.02971766572349627,0.08400000000000098
2023,01,HRV.18.14_1,0.03065979624060513,0.09000000000000105
2023,01,HRV.18.15_1,0.028561007712683044,0.07700000000000089
2023,01,HRV.18.16_1,0.028561007712683044,0.07700000000000089
2023,01,HRV.18.1_1,0.02697054521774516,0.06800000000000077
2023,01,HRV.18.2_1,0.03065979624060513,0.09000000000000105
2023,01,HRV.18.3_1,0.029064725160722192,0.08000000000000092
2023,01,HRV.18.4_1,0.031264777264725374,0.0940000000000011
2023,01,HRV.18.5_1,0.030505735838905406,0.08900000000000104
2023,01,HRV.18.6_1,0.030505735838905406,0.08900000000000104
2023,01,HRV.18.7_1,0.0280445623245369,0.07400000000000084
2023,01,HRV.18.8_1,0.02751467230226447,0.0710000000000008
2023,01,HRV.18.9_1,0.02922991675655941,0.08100000000000093
2023,01,HRV.19.10_1,0.03156073765041731,0.09600000000000113
2023,01,HRV.19.11_1,0.029064725160722192,0.08000000000000092
2023,01,HRV.19.12_1,0.03856690019698266,0.15300000000000186
2023,01,HRV.19.13_1,0.03338715508026268,0.10900000000000129
2023,01,HRV.19.14_1,0.03214019949601003,0.10000000000000117
2023,01,HRV.19.15_1,0.041248537198098525,0.18100000000000221
2023,01,HRV.19.16_1,0.02971766572349627,0.08400000000000098
2023,01,HRV.19.17_1,0.03170713894015779,0.09700000000000114
2023,01,HRV.19.18_1,0.0324239236154818,0.1020000000000012
2023,01,HRV.19.19_1,0.02922991675655941,0.08100000000000093
2023,01,HRV.19.1_1,0.0288981921295096,0.0790000000000009
2023,01,HRV.19.20_1,0.031115188132474964,0.09300000000000108
2023,01,HRV.19.21_1,0.028390307414469764,0.07600000000000087
2023,01,HRV.19.22_1,0.031115188132474964,0.09300000000000108
2023,01,HRV.19.23_1,0.0324239236154818,0.1020000000000012
2023,01,HRV.19.24_1,0.029064725160722192,0.08000000000000092
2023,01,HRV.19.25_1,0.03352113069471278,0.1100000000000013
2023,01,HRV.19.26_1,0.03270378265664547,0.10400000000000123
2023,01,HRV.19.27_1,0.029877711080867154,0.08500000000000098
2023,01,HRV.19.28_1,0.03228255102724314,0.10100000000000119
2023,01,HRV.19.29_1,0.03270378265664547,0.10400000000000123
2023,01,HRV.19.2_1,0.029877711080867154,0.08500000000000098
2023,01,HRV.19.30_1,0.030812713878699133,0.09100000000000107
2023,01,HRV.19.3_1,0.0295563654275685,0.08300000000000096
2023,01,HRV.19.4_1,0.03365423192353865,0.11100000000000132
2023,01,HRV.19.5_1,0.030350515271466805,0.08800000000000102
2023,01,HRV.19.6_1,0.030964505683742812,0.09200000000000107
2023,01,HRV.19.7_1,0.031996855956060714,0.09900000000000117
2023,01,HRV.19.8_1,0.030964505683742812,0.09200000000000107
2023,01,HRV.19.9_1,0.03228255102724314,0.10100000000000119
2023,01,HRV.1_1,0.030964505683742812,0.09200000000000107
2023,01,HRV.2.10_1,0.02715355518004624,0.0690000000000009
2023,01,HRV.2.11_1,0.03019411664590983,0.08700000000000101
2023,01,HRV.2.12_1,0.030350515271466805,0.08800000000000102
2023,01,HRV.2.13_1,0.028218167786464483,0.07500000000000086
2023,01,HRV.2.14_1,0.02786946363562483,0.07300000000000083
2023,01,HRV.2.15_1,0.030964505683742812,0.09200000000000107
2023,01,HRV.2.16_1,0.030964505683742812,0.09200000000000107
2023,01,HRV.2.17_1,0.022673715484236145,0.047000000000000604
2023,01,HRV.2.18_1,0.02786946363562483,0.07300000000000083
2023,01,HRV.2.19_1,0.030964505683742812,0.09200000000000107
2023,01,HRV.2.1_1,0.03185250701460217,0.09800000000000116
2023,01,HRV.2.20_1,0.03270378265664547,0.10400000000000123
2023,01,HRV.2.21_1,0.029064725160722192,0.08000000000000092
2023,01,HRV.2.22_1,0.032979875013936046,0.10600000000000126
2023,01,HRV.2.23_1,0.024424437038630373,0.05500000000000071
2023,01,HRV.2.24_1,0.02715355518004624,0.0690000000000009
2023,01,HRV.2.25_1,0.02922991675655941,0.08100000000000093
2023,01,HRV.2.26_1,0.03228255102724314,0.10100000000000119
2023,01,HRV.2.27_1,0.029877711080867154,0.08500000000000098
2023,01,HRV.2.28_1,0.030350515271466805,0.08800000000000102
2023,01,HRV.2.2_1,0.03156073765041731,0.09600000000000113
2023,01,HRV.2.3_1,0.03019411664590983,0.08700000000000101
2023,01,HRV.2.4_1,0.02544291490408445,0.060000000000000664
2023,01,HRV.2.5_1,0.0280445623245369,0.07400000000000084
2023,01,HRV.2.6_1,0.029064725160722192,0.08000000000000092
2023,01,HRV.2.7_1,0.026785856424274813,0.06700000000000075
2023,01,HRV.2.8_1,0.03065979624060513,0.09000000000000105
2023,01,HRV.2.9_1,0.031115188132474964,0.09300000000000108
2023,01,HRV.20.10_1,0.028390307414469764,0.07600000000000087
2023,01,HRV.20.11_1,0.026599453829620263,0.06600000000000085
2023,01,HRV.20.12_1,0.025640413637213404,0.06100000000000067
2023,01,HRV.20.13_1,0.02971766572349627,0.08400000000000098
2023,01,HRV.20.14_1,0.0288981921295096,0.0790000000000009
2023,01,HRV.20.15_1,0.026411301147409305,0.06500000000000072
2023,01,HRV.20.16_1,0.02939378953342484,0.08200000000000095
2023,01,HRV.20.17_1,0.02922991675655941,0.08100000000000093
2023,01,HRV.20.18_1,0.0280445623245369,0.07400000000000084
2023,01,HRV.20.19_1,0.029064725160722192,0.08000000000000092
2023,01,HRV.20.1_1,0.02602959336347104,0.0630000000000008
2023,01,HRV.20.21_1,0.03835920803820561,0.15100000000000183
2023,01,HRV.20.22_1,0.02786946363562483,0.07300000000000083
2023,01,HRV.20.24_1,0.029877711080867154,0.08500000000000098
2023,01,HRV.20.25_1,0.02602959336347104,0.0630000000000008
2023,01,HRV.20.26_1,0.026785856424274813,0.06700000000000075
2023,01,HRV.20.27_1,0.03185250701460217,0.09800000000000116
2023,01,HRV.20.28_1,0.027692843395231256,0.07200000000000081
2023,01,HRV.20.2_1,0.030350515271466805,0.08800000000000102
2023,01,HRV.20.31_1,0.03156073765041731,0.09600000000000113
2023,01,HRV.20.32_1,0.030812713878699133,0.09100000000000107
2023,01,HRV.20.3_1,0.02786946363562483,0.07300000000000083
2023,01,HRV.20.4_1,0.02786946363562483,0.07300000000000083
2023,01,HRV.20.5_1,0.025243416384443173,0.05900000000000076
2023,01,HRV.20.6_1,0.026785856424274813,0.06700000000000075
2023,01,HRV.20.9_1,0.0233493136047241,0.05000000000000064
2023,01,HRV.21.10_1,0.02544291490408445,0.060000000000000664
2023,01,HRV.21.11_1,0.023569236142789846,0.051000000000000656
2023,01,HRV.21.12_1,0.02751467230226447,0.0710000000000008
2023,01,HRV.21.13_1,0.026785856424274813,0.06700000000000075
2023,01,HRV.21.14_1,0.027334920031015345,0.0700000000000009
2023,01,HRV.21.15_1,0.02715355518004624,0.0690000000000009
2023,01,HRV.21.16_1,0.026411301147409305,0.06500000000000072
2023,01,HRV.21.17_1,0.020222801500296435,0.03700000000000048
2023,01,HRV.21.18_1,0.02697054521774516,0.06800000000000077
2023,01,HRV.21.19_1,0.0219726580873525,0.044000000000000566
2023,01,HRV.21.1_1,0.02124362103085479,0.04100000000000053
2023,01,HRV.21.20_1,0.02583595844498755,0.0620000000000008
2023,01,HRV.21.21_1,0.02751467230226447,0.0710000000000008
2023,01,HRV.21.22_1,0.03065979624060513,0.09000000000000105
2023,01,HRV.21.23_1,0.025640413637213404,0.06100000000000067
2023,01,HRV.21.24_1,0.02922991675655941,0.08100000000000093
2023,01,HRV.21.25_1,0.02715355518004624,0.0690000000000009
2023,01,HRV.21.26_1,0.02971766572349627,0.08400000000000098
2023,01,HRV.21.27_1,0.02751467230226447,0.0710000000000008
2023,01,HRV.21.28_1,0.015361311878902892,0.021000000000000272
2023,01,HRV.21.2_1,0.026785856424274813,0.06700000000000075
2023,01,HRV.21.3_1,0.027334920031015345,0.0700000000000009
2023,01,HRV.21.4_1,0.026221360704147222,0.06400000000000082
2023,01,HRV.21.5_1,0.027692843395231256,0.07200000000000081
2023,01,HRV.21.6_1,0.028218167786464483,0.07500000000000086
2023,01,HRV.21.7_1,0.026221360704147222,0.06400000000000082
2023,01,HRV.21.8_1,0.02697054521774516,0.06800000000000077
2023,01,HRV.21.9_1,0.026785856424274813,0.06700000000000075
2023,01,HRV.3.10_1,0.02971766572349627,0.08400000000000098
2023,01,HRV.3.12_1,0.03378646910062442,0.11200000000000145
2023,01,HRV.3.13_1,0.03311653817649007,0.10700000000000126
2023,01,HRV.3.14_1,0.031115188132474964,0.09300000000000108
2023,01,HRV.3.15_1,0.03325229451132378,0.10800000000000128
2023,01,HRV.3.16_1,0.029064725160722192,0.08000000000000092
2023,01,HRV.3.17_1,0.034306976143519415,0.11600000000000127
2023,01,HRV.3.18_1,0.030812713878699133,0.09100000000000107
2023,01,HRV.3.19_1,0.0324239236154818,0.1020000000000012
2023,01,HRV.3.1_1,0.03365423192353865,0.11100000000000132
2023,01,HRV.3.21_1,0.026599453829620263,0.06600000000000085
2023,01,HRV.3.22_1,0.03256433001047999,0.10300000000000122
2023,01,HRV.3.2_1,0.028218167786464483,0.07500000000000086
2023,01,HRV.3.3_1,0.034435040338297425,0.1170000000000014
2023,01,HRV.3.5_1,0.02939378953342484,0.08200000000000095
2023,01,HRV.3.6_1,0.03284229370320487,0.10500000000000125
2023,01,HRV.3.7_1,0.025640413637213404,0.06100000000000067
2023,01,HRV.3.9_1,0.03846334350722485,0.15200000000000186
2023,01,HRV.4.1_1,0.0106596982415435,0.010000000000000129
2023,01,HRV.4.2_1,0.006762183913988965,0.004000000000000051
2023,01,HRV.4.3_1,0.008932046136583301,0.00700000000000009
2023,01,HRV.4.4_1,0.008273630678653976,0.006000000000000077
2023,01,HRV.4.5_1,0.006762183913988965,0.004000000000000051
2023,01,HRV.4.6_1,0.011174337950468731,0.011000000000000142
2023,01,HRV.4.7_1,0.008273630678653976,0.006000000000000077
2023,01,HRV.5.10_1,0.01941580203000218,0.03400000000000044
2023,01,HRV.5.11_1,0.02048361704135102,0.03800000000000049
2023,01,HRV.5.12_1,0.02048361704135102,0.03800000000000049
2023,01,HRV.5.13_1,0.016726290126725652,0.02500000000000032
2023,01,HRV.5.14_1,0.021732891413029136,0.04300000000000055
2023,01,HRV.5.15_1,0.013849322643485965,0.01700000000000022
2023,01,HRV.5.16_1,0.0224429745303176,0.04600000000000059
2023,01,HRV.5.17_1,0.02048361704135102,0.03800000000000049
2023,01,HRV.5.18_1,0.020993890399061767,0.040000000000000514
2023,01,HRV.5.19_1,0.023786642964282206,0.05200000000000067
2023,01,HRV.5.1_1,0.02048361704135102,0.03800000000000049
2023,01,HRV.5.20_1,0.01499875976480468,0.020000000000000257
2023,01,HRV.5.21_1,0.022673715484236145,0.047000000000000604
2023,01,HRV.5.22_1,0.015361311878902892,0.021000000000000272
2023,01,HRV.5.23_1,0.017977774444318844,0.029000000000000373
2023,01,HRV.5.24_1,0.01605974012232283,0.023000000000000295
2023,01,HRV.5.25_1,0.02312680358116367,0.04900000000000063
2023,01,HRV.5.27_1,0.02312680358116367,0.04900000000000063
2023,01,HRV.5.28_1,0.018855583704325884,0.03200000000000041
2023,01,HRV.5.29_1,0.020740599757139808,0.0390000000000005
2023,01,HRV.5.2_1,0.017048786250816777,0.026000000000000335
2023,01,HRV.5.30_1,0.020222801500296435,0.03700000000000048
2023,01,HRV.5.31_1,0.0173646332659658,0.027000000000000347
2023,01,HRV.5.32_1,0.02048361704135102,0.03800000000000049
2023,01,HRV.5.33_1,0.017048786250816777,0.026000000000000335
2023,01,HRV.5.34_1,0.019689060444981806,0.03500000000000045
2023,01,HRV.5.35_1,0.02048361704135102,0.03800000000000049
2023,01,HRV.5.36_1,0.02124362103085479,0.04100000000000053
2023,01,HRV.5.37_1,0.022673715484236145,0.047000000000000604
2023,01,HRV.5.38_1,0.01941580203000218,0.03400000000000044
2023,01,HRV.5.39_1,0.022209319716949616,0.04500000000000058
2023,01,HRV.5.3_1,0.02312680358116367,0.04900000000000063
2023,01,HRV.5.40_1,0.020222801500296435,0.03700000000000048
2023,01,HRV.5.4_1,0.0219726580873525,0.044000000000000566
2023,01,HRV.5.5_1,0.019138042751105304,0.033000000000000425
2023,01,HRV.5.6_1,0.01941580203000218,0.03400000000000044
2023,01,HRV.5.7_1,0.02463243378679614,0.05600000000000072
2023,01,HRV.5.8_1,0.013849322643485965,0.01700000000000022
2023,01,HRV.5.9_1,0.015714771885469114,0.022000000000000283
2023,01,HRV.6.10_1,0.028218167786464483,0.07500000000000086
2023,01,HRV.6.11_1,0.026785856424274813,0.06700000000000075
2023,01,HRV.6.12_1,0.026411301147409305,0.06500000000000072
2023,01,HRV.6.13_1,0.025640413637213404,0.06100000000000067
2023,01,HRV.6.14_1,0.0280445623245369,0.07400000000000084
2023,01,HRV.6.15_1,0.027334920031015345,0.0700000000000009
2023,01,HRV.6.16_1,0.0219726580873525,0.044000000000000566
2023,01,HRV.6.17_1,0.02715355518004624,0.0690000000000009
2023,01,HRV.6.18_1,0.026221360704147222,0.06400000000000082
2023,01,HRV.6.19_1,0.028730294336337586,0.07800000000000089
2023,01,HRV.6.1_1,0.03185250701460217,0.09800000000000116
2023,01,HRV.6.20_1,0.027334920031015345,0.0700000000000009
2023,01,HRV.6.21_1,0.030036521559975722,0.08600000000000099
2023,01,HRV.6.2_1,0.028730294336337586,0.07800000000000089
2023,01,HRV.6.3_1,0.02697054521774516,0.06800000000000077
2023,01,HRV.6.4_1,0.026599453829620263,0.06600000000000085
2023,01,HRV.6.5_1,0.028730294336337586,0.07800000000000089
2023,01,HRV.6.6_1,0.028218167786464483,0.07500000000000086
2023,01,HRV.6.7_1,0.02602959336347104,0.0630000000000008
2023,01,HRV.6.8_1,0.02971766572349627,0.08400000000000098
2023,01,HRV.6.9_1,0.020740599757139808,0.0390000000000005
2023,01,HRV.7.10_1,0.027692843395231256,0.07200000000000081
2023,01,HRV.7.11_1,0.030505735838905406,0.08900000000000104
2023,01,HRV.7.12_1,0.028730294336337586,0.07800000000000089
2023,01,HRV.7.13_1,0.029877711080867154,0.08500000000000098
2023,01,HRV.7.14_1,0.029064725160722192,0.08000000000000092
2023,01,HRV.7.15_1,0.026599453829620263,0.06600000000000085
2023,01,HRV.7.16_1,0.02922991675655941,0.08100000000000093
2023,01,HRV.7.17_1,0.02697054521774516,0.06800000000000077
2023,01,HRV.7.18_1,0.02312680358116367,0.04900000000000063
2023,01,HRV.7.19_1,0.026221360704147222,0.06400000000000082
2023,01,HRV.7.1_1,0.027692843395231256,0.07200000000000081
2023,01,HRV.7.20_1,0.029877711080867154,0.08500000000000098
2023,01,HRV.7.21_1,0.02971766572349627,0.08400000000000098
2023,01,HRV.7.22_1,0.027334920031015345,0.0700000000000009
2023,01,HRV.7.23_1,0.02971766572349627,0.08400000000000098
2023,01,HRV.7.24_1,0.028390307414469764,0.07600000000000087
2023,01,HRV.7.25_1,0.028561007712683044,0.07700000000000089
2023,01,HRV.7.2_1,0.02922991675655941,0.08100000000000093
2023,01,HRV.7.3_1,0.026599453829620263,0.06600000000000085
2023,01,HRV.7.4_1,0.0295563654275685,0.08300000000000096
2023,01,HRV.7.5_1,0.028561007712683044,0.07700000000000089
2023,01,HRV.7.6_1,0.026411301147409305,0.06500000000000072
2023,01,HRV.7.7_1,0.028390307414469764,0.07600000000000087
2023,01,HRV.7.8_1,0.028218167786464483,0.07500000000000086
2023,01,HRV.7.9_1,0.021489915763681852,0.042000000000000544
2023,01,HRV.8.10_1,0.02400160243147714,0.053000000000000685
2023,01,HRV.8.11_1,0.026599453829620263,0.06600000000000085
2023,01,HRV.8.12_1,0.028561007712683044,0.07700000000000089
2023,01,HRV.8.13_1,0.0280445623245369,0.07400000000000084
2023,01,HRV.8.14_1,0.02544291490408445,0.060000000000000664
2023,01,HRV.8.15_1,0.027692843395231256,0.07200000000000081
2023,01,HRV.8.16_1,0.02751467230226447,0.0710000000000008
2023,01,HRV.8.17_1,0.02312680358116367,0.04900000000000063
2023,01,HRV.8.18_1,0.026785856424274813,0.06700000000000075
2023,01,HRV.8.19_1,0.0233493136047241,0.05000000000000064
2023,01,HRV.8.1_1,0.02697054521774516,0.06800000000000077
2023,01,HRV.8.20_1,0.02312680358116367,0.04900000000000063
2023,01,HRV.8.21_1,0.0280445623245369,0.07400000000000084
2023,01,HRV.8.22_1,0.021489915763681852,0.042000000000000544
2023,01,HRV.8.23_1,0.02697054521774516,0.06800000000000077
2023,01,HRV.8.24_1,0.02715355518004624,0.0690000000000009
2023,01,HRV.8.25_1,0.02971766572349627,0.08400000000000098
2023,01,HRV.8.26_1,0.02697054521774516,0.06800000000000077
2023,01,HRV.8.27_1,0.020740599757139808,0.0390000000000005
2023,01,HRV.8.28_1,0.0224429745303176,0.04600000000000059
2023,01,HRV.8.29_1,0.030505735838905406,0.08900000000000104
2023,01,HRV.8.2_1,0.02290163065295795,0.04800000000000062
2023,01,HRV.8.30_1,0.0219726580873525,0.044000000000000566
2023,01,HRV.8.31_1,0.02786946363562483,0.07300000000000083
2023,01,HRV.8.32_1,0.026599453829620263,0.06600000000000085
2023,01,HRV.8.3_1,0.026599453829620263,0.06600000000000085
2023,01,HRV.8.4_1,0.02715355518004624,0.0690000000000009
2023,01,HRV.8.5_1,0.025041870283848078,0.058000000000000745
2023,01,HRV.8.6_1,0.026411301147409305,0.06500000000000072
2023,01,HRV.8.7_1,0.02048361704135102,0.03800000000000049
2023,01,HRV.8.8_1,0.021732891413029136,0.04300000000000055
2023,01,HRV.8.9_1,0.0224429745303176,0.04600000000000059
2023,01,HRV.9.10_1,0.025640413637213404,0.06100000000000067
2023,01,HRV.9.11_1,0.022673715484236145,0.047000000000000604
2023,01,HRV.9.12_1,0.02583595844498755,0.0620000000000008
2023,01,HRV.9.1_1,0.02602959336347104,0.0630000000000008
2023,01,HRV.9.2_1,0.026599453829620263,0.06600000000000085
2023,01,HRV.9.3_1,0.025640413637213404,0.06100000000000067
2023,01,HRV.9.4_1,0.026599453829620263,0.06600000000000085
2023,01,HRV.9.5_1,0.019689060444981806,0.03500000000000045
2023,01,HRV.9.6_1,0.029064725160722192,0.08000000000000092
2023,01,HRV.9.7_1,0.02312680358116367,0.04900000000000063
2023,01,HRV.9.8_1,0.023569236142789846,0.051000000000000656
2023,01,HRV.9.9_1,0.024424437038630373,0.05500000000000071
2023,01,HUN.1.10_1,0.02786946363562483,0.07300000000000083
2023,01,HUN.1.1_1,0.030350515271466805,0.08800000000000102
2023,01,HUN.1.2_1,0.031115188132474964,0.09300000000000108
2023,01,HUN.1.3_1,0.0295563654275685,0.08300000000000096
2023,01,HUN.1.4_1,0.030812713878699133,0.09100000000000107
2023,01,HUN.1.5_1,0.02939378953342484,0.08200000000000095
2023,01,HUN.1.6_1,0.030505735838905406,0.08900000000000104
2023,01,HUN.1.7_1,0.0288981921295096,0.0790000000000009
2023,01,HUN.1.8_1,0.028561007712683044,0.07700000000000089
2023,01,HUN.1.9_1,0.031115188132474964,0.09300000000000108
2023,01,HUN.10.1_1,0.012135496962660813,0.013000000000000168
2023,01,HUN.10.2_1,0.012135496962660813,0.013000000000000168
2023,01,HUN.10.3_1,0.013022400810965909,0.015000000000000194
2023,01,HUN.10.4_1,0.009543949726300377,0.008000000000000103
2023,01,HUN.10.5_1,0.014626439448359682,0.019000000000000246
2023,01,HUN.10.6_1,0.013849322643485965,0.01700000000000022
2023,01,HUN.10.7_1,0.013022400810965909,0.015000000000000194
2023,01,HUN.11.1_1,0.03170713894015779,0.09700000000000114
2023,01,HUN.11.2_1,0.03256433001047999,0.10300000000000122
2023,01,HUN.11.3_1,0.030964505683742812,0.09200000000000107
2023,01,HUN.11.4_1,0.03065979624060513,0.09000000000000105
2023,01,HUN.11.5_1,0.02939378953342484,0.08200000000000095
2023,01,HUN.11.6_1,0.03065979624060513,0.09000000000000105
2023,01,HUN.11.7_1,0,0
2023,01,HUN.12.1_1,0.013022400810965909,0.015000000000000194
2023,01,HUN.12.2_1,0.008273630678653976,0.006000000000000077
2023,01,HUN.12.3_1,0.008932046136583301,0.00700000000000009
2023,01,HUN.12.4_1,0.008932046136583301,0.00700000000000009
2023,01,HUN.12.5_1,0.009543949726300377,0.008000000000000103
2023,01,HUN.12.6_1,0.0101177838078827,0.009000000000000116
2023,01,HUN.12.7_1,0.0101177838078827,0.009000000000000116
2023,01,HUN.13.1_1,0.0075565551437334,0.005000000000000064
2023,01,HUN.13.2_1,0.01166531333803828,0.012000000000000155
2023,01,HUN.13.3_1,0.0106596982415435,0.010000000000000129
2023,01,HUN.13.4_1,0.012135496962660813,0.013000000000000168
2023,01,HUN.13.5_1,0.008932046136583301,0.00700000000000009
2023,01,HUN.13.6_1,0.009543949726300377,0.008000000000000103
2023,01,HUN.14.10_1,0.018855583704325884,0.03200000000000041
2023,01,HUN.14.11_1,0.017977774444318844,0.029000000000000373
2023,01,HUN.14.12_1,0.0163967525685292,0.02400000000000031
2023,01,HUN.14.13_1,0.015714771885469114,0.022000000000000283
2023,01,HUN.14.14_1,0.016726290126725652,0.02500000000000032
2023,01,HUN.14.15_1,0.017977774444318844,0.029000000000000373
2023,01,HUN.14.1_1,0.016726290126725652,0.02500000000000032
2023,01,HUN.14.2_1,0.017977774444318844,0.029000000000000373
2023,01,HUN.14.3_1,0.01605974012232283,0.023000000000000295
2023,01,HUN.14.4_1,0.01605974012232283,0.023000000000000295
2023,01,HUN.14.5_1,0.015361311878902892,0.021000000000000272
2023,01,HUN.14.6_1,0.017977774444318844,0.029000000000000373
2023,01,HUN.14.7_1,0.017977774444318844,0.029000000000000373
2023,01,HUN.14.8_1,0.018275691057923763,0.030000000000000387
2023,01,HUN.14.9_1,0.0163967525685292,0.02400000000000031
2023,01,HUN.15.10_1,0.0163967525685292,0.02400000000000031
2023,01,HUN.15.1_1,0.014243584942125654,0.01800000000000023
2023,01,HUN.15.2_1,0.019689060444981806,0.03500000000000045
2023,01,HUN.15.3_1,0.018275691057923763,0.030000000000000387
2023,01,HUN.15.4_1,0.021732891413029136,0.04300000000000055
2023,01,HUN.15.5_1,0.019689060444981806,0.03500000000000045
2023,01,HUN.15.6_1,0.017674187644973697,0.02800000000000036
2023,01,HUN.15.7_1,0.021489915763681852,0.042000000000000544
2023,01,HUN.15.8_1,0.020222801500296435,0.03700000000000048
2023,01,HUN.15.9_1,0.018275691057923763,0.030000000000000387
2023,01,HUN.16.10_1,0.03170713894015779,0.09700000000000114
2023,01,HUN.16.11_1,0.03019411664590983,0.08700000000000101
2023,01,HUN.16.1_1,0.030812713878699133,0.09100000000000107
2023,01,HUN.16.2_1,0.028561007712683044,0.07700000000000089
2023,01,HUN.16.3_1,0.027692843395231256,0.07200000000000081
2023,01,HUN.16.4_1,0.03156073765041731,0.09600000000000113
2023,01,HUN.16.5_1,0.03156073765041731,0.09600000000000113
2023,01,HUN.16.6_1,0.030812713878699133,0.09100000000000107
2023,01,HUN.16.7_1,0.02922991675655941,0.08100000000000093
2023,01,HUN.16.8_1,0.028390307414469764,0.07600000000000087
2023,01,HUN.16.9_1,0.030964505683742812,0.09200000000000107
2023,01,HUN.17.1_1,0.008273630678653976,0.006000000000000077
2023,01,HUN.17.2_1,0.01166531333803828,0.012000000000000155
2023,01,HUN.17.3_1,0.004786384482852344,0.0020000000000000256
2023,01,HUN.17.4_1,0.008932046136583301,0.00700000000000009
2023,01,HUN.17.5_1,0.006762183913988965,0.004000000000000051
2023,01,HUN.18.1_1,0.011174337950468731,0.011000000000000142
2023,01,HUN.18.2_1,0.008273630678653976,0.006000000000000077
2023,01,HUN.18.3_1,0.008273630678653976,0.006000000000000077
2023,01,HUN.18.4_1,0.008273630678653976,0.006000000000000077
2023,01,HUN.18.5_1,0.008273630678653976,0.006000000000000077
2023,01,HUN.18.6_1,0.0101177838078827,0.009000000000000116
2023,01,HUN.18.7_1,0.0075565551437334,0.005000000000000064
2023,01,HUN.18.8_1,0.004786384482852344,0.0020000000000000256
2023,01,HUN.18.9_1,0.005859162188039041,0.0030000000000000387
2023,01,HUN.19.1_1,0.012135496962660813,0.013000000000000168
2023,01,HUN.19.2_1,0.013022400810965909,0.015000000000000194
2023,01,HUN.19.3_1,0.0101177838078827,0.009000000000000116
2023,01,HUN.19.4_1,0.01344264884522412,0.016000000000000205
2023,01,HUN.19.5_1,0.014626439448359682,0.019000000000000246
2023,01,HUN.19.6_1,0.01499875976480468,0.020000000000000257
2023,01,HUN.19.7_1,0.013849322643485965,0.01700000000000022
2023,01,HUN.19.8_1,0.01344264884522412,0.016000000000000205
2023,01,HUN.19.9_1,0.012587219009761199,0.01400000000000018
2023,01,HUN.2.1_1,0.01166531333803828,0.012000000000000155
2023,01,HUN.2.2_1,0.0173646332659658,0.027000000000000347
2023,01,HUN.2.3_1,0.015714771885469114,0.022000000000000283
2023,01,HUN.2.4_1,0.014243584942125654,0.01800000000000023
2023,01,HUN.2.5_1,0.01605974012232283,0.023000000000000295
2023,01,HUN.2.6_1,0.014626439448359682,0.019000000000000246
2023,01,HUN.2.7_1,0.0163967525685292,0.02400000000000031
2023,01,HUN.2.8_1,0.014626439448359682,0.019000000000000246
2023,01,HUN.2.9_1,0.014243584942125654,0.01800000000000023
2023,01,HUN.20.1_1,0.01166531333803828,0.012000000000000155
2023,01,HUN.20.2_1,0.009543949726300377,0.008000000000000103
2023,01,HUN.20.3_1,0.009543949726300377,0.008000000000000103
2023,01,HUN.20.4_1,0.013022400810965909,0.015000000000000194
2023,01,HUN.20.5_1,0.012135496962660813,0.013000000000000168
2023,01,HUN.20.6_1,0.011174337950468731,0.011000000000000142
2023,01,HUN.3.1_1,0.03270378265664547,0.10400000000000123
2023,01,HUN.3.2_1,0.03270378265664547,0.10400000000000123
2023,01,HUN.3.3_1,0.030505735838905406,0.08900000000000104
2023,01,HUN.3.4_1,0.03141328869951815,0.09500000000000111
2023,01,HUN.3.5_1,0.03170713894015779,0.09700000000000114
2023,01,HUN.3.6_1,0.03065979624060513,0.09000000000000105
2023,01,HUN.3.7_1,0.03170713894015779,0.09700000000000114
2023,01,HUN.3.8_1,0.031996855956060714,0.09900000000000117
2023,01,HUN.4.10_1,0.0288981921295096,0.0790000000000009
2023,01,HUN.4.11_1,0.0295563654275685,0.08300000000000096
2023,01,HUN.4.12_1,0.030505735838905406,0.08900000000000104
2023,01,HUN.4.13_1,0.02786946363562483,0.07300000000000083
2023,01,HUN.4.14_1,0.030036521559975722,0.08600000000000099
2023,01,HUN.4.15_1,0.030505735838905406,0.08900000000000104
2023,01,HUN.4.1_1,0.028390307414469764,0.07600000000000087
2023,01,HUN.4.2_1,0.031264777264725374,0.0940000000000011
2023,01,HUN.4.3_1,0.02124362103085479,0.04100000000000053
2023,01,HUN.4.4_1,0.02751467230226447,0.0710000000000008
2023,01,HUN.4.5_1,0.026411301147409305,0.06500000000000072
2023,01,HUN.4.6_1,0.030505735838905406,0.08900000000000104
2023,01,HUN.4.7_1,0.029064725160722192,0.08000000000000092
2023,01,HUN.4.8_1,0.026221360704147222,0.06400000000000082
2023,01,HUN.4.9_1,0.024424437038630373,0.05500000000000071
2023,01,HUN.5.1_1,0.038975431044814414,0.15700000000000192
2023,01,HUN.6.1_1,0.014243584942125654,0.01800000000000023
2023,01,HUN.6.2_1,0.014243584942125654,0.01800000000000023
2023,01,HUN.6.3_1,0.01344264884522412,0.016000000000000205
2023,01,HUN.6.4_1,0.005859162188039041,0.0030000000000000387
2023,01,HUN.6.5_1,0.0106596982415435,0.010000000000000129
2023,01,HUN.6.6_1,0.013022400810965909,0.015000000000000194
2023,01,HUN.6.7_1,0.01166531333803828,0.012000000000000155
2023,01,HUN.7.10_1,0.019138042751105304,0.033000000000000425
2023,01,HUN.7.1_1,0.015361311878902892,0.021000000000000272
2023,01,HUN.7.2_1,0.020222801500296435,0.03700000000000048
2023,01,HUN.7.3_1,0.014243584942125654,0.01800000000000023
2023,01,HUN.7.4_1,0.018568210412728343,0.031000000000000288
2023,01,HUN.7.5_1,0.018568210412728343,0.031000000000000288
2023,01,HUN.7.6_1,0.01605974012232283,0.023000000000000295
2023,01,HUN.7.7_1,0.013022400810965909,0.015000000000000194
2023,01,HUN.7.8_1,0.01344264884522412,0.016000000000000205
2023,01,HUN.7.9_1,0.018275691057923763,0.030000000000000387
2023,01,HUN.8.1_1,0.004786384482852344,0.0020000000000000256
2023,01,HUN.8.2_1,0.004786384482852344,0.0020000000000000256
2023,01,HUN.8.3_1,0.004786384482852344,0.0020000000000000256
2023,01,HUN.8.4_1,0.004786384482852344,0.0020000000000000256
2023,01,HUN.8.5_1,0.008273630678653976,0.006000000000000077
2023,01,HUN.8.6_1,0.0033861801343757375,0.0010000000000000128
2023,01,HUN.8.7_1,0.0075565551437334,0.005000000000000064
2023,01,HUN.9.1_1,0.01605974012232283,0.023000000000000295
2023,01,HUN.9.2_1,0.01166531333803828,0.012000000000000155
2023,01,HUN.9.3_1,0.012587219009761199,0.01400000000000018
2023,01,HUN.9.4_1,0.013849322643485965,0.01700000000000022
2023,01,HUN.9.5_1,0.013849322643485965,0.01700000000000022
2023,01,HUN.9.6_1,0.0075565551437334,0.005000000000000064
2023,01,HUN.9.7_1,0.0101177838078827,0.009000000000000116
2023,01,HUN.9.8_1,0.012135496962660813,0.013000000000000168
2023,01,HUN.9.9_1,0.01499875976480468,0.020000000000000257
2023,01,IMN.10_2,0,0
2023,01,IMN.11_2,0,0
2023,01,IMN.12_2,0,0
2023,01,IMN.13_2,0,0
2023,01,IMN.14_2,0,0
2023,01,IMN.15_2,0,0
2023,01,IMN.16_2,0,0
2023,01,IMN.1_2,0,0
2023,01,IMN.2_2,0,0
2023,01,IMN.3_2,0,0
2023,01,IMN.4_2,0,0
2023,01,IMN.5_2,0,0
2023,01,IMN.7_2,0,0
2023,01,IMN.8_2,0,0
2023,01,IMN.9_2,0,0
2023,01,IRL.12.1_1,0,0
2023,01,IRL.12.2_1,0,0
2023,01,IRL.12.3_1,0,0
2023,01,IRL.13.2_1,0,0
2023,01,IRL.13.4_1,0,0
2023,01,IRL.14.1_1,0,0
2023,01,IRL.14.3_1,0,0
2023,01,IRL.15.3_1,0,0
2023,01,IRL.16.1_1,0,0
2023,01,IRL.16.2_1,0,0
2023,01,IRL.16.3_1,0,0
2023,01,IRL.16.4_1,0,0
2023,01,IRL.17.1_1,0,0
2023,01,IRL.17.5_1,0,0
2023,01,IRL.18.1_1,0,0
2023,01,IRL.18.2_1,0,0
2023,01,IRL.18.3_1,0,0
2023,01,IRL.19.1_1,0,0
2023,01,IRL.2.3_1,0,0
2023,01,IRL.20.1_1,0,0
2023,01,IRL.20.2_1,0,0
2023,01,IRL.20.3_1,0,0
2023,01,IRL.21.1_1,0,0
2023,01,IRL.22.3_1,0,0
2023,01,IRL.22.5_1,0,0
2023,01,IRL.23.2_1,0,0
2023,01,IRL.24.1_1,0,0
2023,01,IRL.26.2_1,0,0
2023,01,IRL.26.3_1,0,0
2023,01,IRL.3.2_1,0,0
2023,01,IRL.3.4_1,0,0
2023,01,IRL.4.1_1,0,0
2023,01,IRL.4.2_1,0,0
2023,01,IRL.4.3_1,0,0
2023,01,IRL.4.4_1,0,0
2023,01,IRL.4.5_1,0,0
2023,01,IRL.4.6_1,0,0
2023,01,IRL.4.7_1,0,0
2023,01,IRL.4.8_1,0,0
2023,01,IRL.4.9_1,0,0
2023,01,IRL.5.1_1,0,0
2023,01,IRL.5.3_1,0,0
2023,01,IRL.5.5_1,0,0
2023,01,IRL.6.1_1,0,0
2023,01,IRL.6.2_1,0,0
2023,01,IRL.6.3_1,0,0
2023,01,IRL.6.4_1,0,0
2023,01,IRL.7.1_1,0,0
2023,01,IRL.7.2_1,0,0
2023,01,IRL.7.3_1,0,0
2023,01,IRL.7.4_1,0,0
2023,01,IRL.7.5_1,0,0
2023,01,IRL.7.6_1,0,0
2023,01,IRL.8.1_1,0,0
2023,01,IRL.8.2_1,0,0
2023,01,IRL.8.3_1,0,0
2023,01,IRL.8.4_1,0,0
2023,01,IRL.8.5_1,0,0
2023,01,IRL.9.2_1,0,0
2023,01,IRL.9.5_1,0,0
2023,01,ISL.1.10_1,0,0
2023,01,ISL.1.11_1,0,0
2023,01,ISL.1.12_1,0,0
2023,01,ISL.1.13_1,0,0
2023,01,ISL.1.14_1,0,0
2023,01,ISL.1.15_1,0,0
2023,01,ISL.1.16_1,0,0
2023,01,ISL.1.1_1,0,0
2023,01,ISL.1.2_1,0,0
2023,01,ISL.1.3_1,0,0
2023,01,ISL.1.4_1,0,0
2023,01,ISL.1.5_1,0,0
2023,01,ISL.1.6_1,0,0
2023,01,ISL.1.7_1,0,0
2023,01,ISL.1.8_1,0,0
2023,01,ISL.1.9_1,0,0
2023,01,ISL.2.10_1,0,0
2023,01,ISL.2.11_1,0,0
2023,01,ISL.2.12_1,0,0
2023,01,ISL.2.13_1,0,0
2023,01,ISL.2.14_1,0,0
2023,01,ISL.2.15_1,0,0
2023,01,ISL.2.16_1,0,0
2023,01,ISL.2.17_1,0,0
2023,01,ISL.2.18_1,0,0
2023,01,ISL.2.19_1,0,0
2023,01,ISL.2.1_1,0,0
2023,01,ISL.2.20_1,0,0
2023,01,ISL.2.21_1,0,0
2023,01,ISL.2.22_1,0,0
2023,01,ISL.2.23_1,0,0
2023,01,ISL.2.24_1,0,0
2023,01,ISL.2.25_1,0,0
2023,01,ISL.2.2_1,0,0
2023,01,ISL.2.3_1,0,0
2023,01,ISL.2.4_1,0,0
2023,01,ISL.2.5_1,0,0
2023,01,ISL.2.6_1,0,0
2023,01,ISL.2.7_1,0,0
2023,01,ISL.2.9_1,0,0
2023,01,ISL.3.1_1,0,0
2023,01,ISL.3.2_1,0,0
2023,01,ISL.3.3_1,0,0
2023,01,ISL.3.4_1,0,0
2023,01,ISL.3.5_1,0,0
2023,01,ISL.3.6_1,0,0
2023,01,ISL.3.7_1,0,0
2023,01,ISL.4.10_1,0,0
2023,01,ISL.4.11_1,0,0
2023,01,ISL.4.12_1,0,0
2023,01,ISL.4.13_1,0,0
2023,01,ISL.4.1_1,0,0
2023,01,ISL.4.2_1,0,0
2023,01,ISL.4.3_1,0,0
2023,01,ISL.4.4_1,0,0
2023,01,ISL.4.5_1,0,0
2023,01,ISL.4.6_1,0,0
2023,01,ISL.4.7_1,0,0
2023,01,ISL.4.8_1,0,0
2023,01,ISL.4.9_1,0,0
2023,01,ISL.5.10_1,0,0
2023,01,ISL.5.11_1,0,0
2023,01,ISL.5.12_1,0,0
2023,01,ISL.5.13_1,0,0
2023,01,ISL.5.14_1,0,0
2023,01,ISL.5.15_1,0,0
2023,01,ISL.5.16_1,0,0
2023,01,ISL.5.17_1,0,0
2023,01,ISL.5.18_1,0,0
2023,01,ISL.5.19_1,0,0
2023,01,ISL.5.1_1,0,0
2023,01,ISL.5.20_1,0,0
2023,01,ISL.5.21_1,0,0
2023,01,ISL.5.22_1,0,0
2023,01,ISL.5.23_1,0,0
2023,01,ISL.5.25_1,0,0
2023,01,ISL.5.26_1,0,0
2023,01,ISL.5.27_1,0,0
2023,01,ISL.5.2_1,0,0
2023,01,ISL.5.3_1,0,0
2023,01,ISL.5.4_1,0,0
2023,01,ISL.5.5_1,0,0
2023,01,ISL.5.6_1,0,0
2023,01,ISL.5.7_1,0,0
2023,01,ISL.5.8_1,0,0
2023,01,ISL.5.9_1,0,0
2023,01,ISL.6.1_1,0,0
2023,01,ISL.6.2_1,0,0
2023,01,ISL.6.3_1,0,0
2023,01,ISL.6.4_1,0,0
2023,01,ISL.7.10_1,0,0
2023,01,ISL.7.11_1,0,0
2023,01,ISL.7.1_1,0,0
2023,01,ISL.7.2_1,0,0
2023,01,ISL.7.3_1,0,0
2023,01,ISL.7.4_1,0,0
2023,01,ISL.7.5_1,0,0
2023,01,ISL.7.6_1,0,0
2023,01,ISL.7.7_1,0,0
2023,01,ISL.7.8_1,0,0
2023,01,ISL.7.9_1,0,0
2023,01,ISL.8.11_1,0,0
2023,01,ISL.8.12_1,0,0
2023,01,ISL.8.13_1,0,0
2023,01,ISL.8.14_1,0,0
2023,01,ISL.8.15_1,0,0
2023,01,ISL.8.16_1,0,0
2023,01,ISL.8.1_1,0,0
2023,01,ISL.8.2_1,0,0
2023,01,ISL.8.3_1,0,0
2023,01,ISL.8.4_1,0,0
2023,01,ISL.8.5_1,0,0
2023,01,ISL.8.6_1,0,0
2023,01,ISL.8.7_1,0,0
2023,01,ISL.8.8_1,0,0
2023,01,ISL.8.9_1,0,0
2023,01,ITA.1.1_1,0.17810024321583523,0.02899625532765583
2023,01,ITA.1.2_1,0.13325014728504753,0.0147567298594234
2023,01,ITA.1.3_1,0.11424116752068,0.02678464037968108
2023,01,ITA.1.4_1,0.12517914316189838,0.03226501665511833
2023,01,ITA.10.10_1,0.4814421178906553,0.137372905077869
2023,01,ITA.10.11_1,0.07425738662370529,0.006283269147048873
2023,01,ITA.10.12_1,0.28969797812482084,0.057124089546029565
2023,01,ITA.10.1_1,0.4088310581268132,0.0726646623759609
2023,01,ITA.10.2_1,0.47758957002817903,0.13868033661774049
2023,01,ITA.10.3_1,0.26529337417292775,0.04127460415353095
2023,01,ITA.10.4_1,0.42948825375161537,0.19484097683448842
2023,01,ITA.10.5_1,0.2120111178851899,0.04826817069380276
2023,01,ITA.10.6_1,0.306362982382999,0.17980636192932703
2023,01,ITA.10.7_1,0.35799838271634926,0.23353354444337573
2023,01,ITA.10.8_1,0.4175398013436899,0.14829708773855743
2023,01,ITA.10.9_1,0.23027011855547105,0.10308560634355203
2023,01,ITA.11.1_1,0.22031069382297214,0.11149828097790415
2023,01,ITA.11.2_1,0.14587067946001808,0.06320102344450006
2023,01,ITA.11.3_1,0.17274901280723526,0.07739076312453279
2023,01,ITA.11.4_1,0.18642599424326786,0.0603089073398127
2023,01,ITA.11.5_1,0.2329296146861239,0.08219886258971874
2023,01,ITA.12.1_1,0.1671071970987138,0.0310399932942003
2023,01,ITA.12.2_1,0.12563255498037354,0.027837742515595787
2023,01,ITA.13.1_1,0.379247378173335,0.07743329327696051
2023,01,ITA.13.2_1,0.25991834067368735,0.05522519977407169
2023,01,ITA.13.3_1,0.1551080907022021,0.027554317892912957
2023,01,ITA.13.4_1,0.3241421934058668,0.0409162035324117
2023,01,ITA.13.5_1,0.2236006663205633,0.055812383065239835
2023,01,ITA.13.6_1,0.31905886115580256,0.03105899961073592
2023,01,ITA.13.7_1,0.10835728764073557,0.014162323154993942
2023,01,ITA.13.8_1,0.21566135065957476,0.05555116426316287
2023,01,ITA.14.1_1,0.1730078076999678,0.04966642731839581
2023,01,ITA.14.2_1,0.10363618277887449,0.0480258444111469
2023,01,ITA.14.3_1,0.13108955609867654,0.05935489252616304
2023,01,ITA.14.4_1,0.1714686587898025,0.04017871674690624
2023,01,ITA.14.5_1,0.10365655875157936,0.041813382689851186
2023,01,ITA.14.6_1,0.09544953856695926,0.0383750332634827
2023,01,ITA.14.7_1,0.23420371730450534,0.06198257595136555
2023,01,ITA.14.8_1,0.18548806232698692,0.04905372841512937
2023,01,ITA.15.1_1,0.10657474547293741,0.02526239398188398
2023,01,ITA.15.2_1,0.0714101744157627,0.02094786157144027
2023,01,ITA.15.3_1,0.1407377462770699,0.032177581923431064
2023,01,ITA.15.4_1,0.06033308924480442,0.016406675631201437
2023,01,ITA.15.5_1,0.17003083607138805,0.027331850556450925
2023,01,ITA.15.6_1,0.13674864891125435,0.021536757407390063
2023,01,ITA.15.7_1,0.05312334129758006,0.021272890125878886
2023,01,ITA.15.8_1,0.06336747329263437,0.018041632611016982
2023,01,ITA.15.9_1,0.09027843289296653,0.03460976698189741
2023,01,ITA.16.10_1,0.11755377739728037,0.03539101152338473
2023,01,ITA.16.1_1,0.11718995290689913,0.032668729288716836
2023,01,ITA.16.2_1,0.13056012957307253,0.035958440067411765
2023,01,ITA.16.3_1,0.09916025645704683,0.03491480565806501
2023,01,ITA.16.4_1,0.10416587475062203,0.05407659356036585
2023,01,ITA.16.5_1,0.10635066337518853,0.029820096607363424
2023,01,ITA.16.6_1,0.07368467367137144,0.02915408261363252
2023,01,ITA.16.7_1,0.13854671223370763,0.04663594414251183
2023,01,ITA.16.8_1,0.0975970732416413,0.041052970346259036
2023,01,ITA.16.9_1,0.049458674590694175,0.032127110069256226
2023,01,ITA.17.1_1,0.13069254455643575,0.013527233482021502
2023,01,ITA.17.2_1,0.2906863047079527,0.03618429655815902
2023,01,ITA.18.1_1,0.1600944026937103,0.04092142575045637
2023,01,ITA.18.2_1,0.13349575433897903,0.051227299897429975
2023,01,ITA.19.1_1,0.04561392752564933,0.0024661802947165985
2023,01,ITA.2.1_1,0.13406937064557006,0.04160330903459303
2023,01,ITA.2.2_1,0.05968931080631619,0.03358659353612743
2023,01,ITA.2.3_1,0.12173920536770202,0.0742248057142374
2023,01,ITA.2.4_1,0.11002552093623058,0.01840037413541351
2023,01,ITA.2.5_1,0.2789416089062375,0.08271456792842534
2023,01,ITA.2.6_1,0.12215559240778649,0.04909898236148761
2023,01,ITA.20.1_1,0.09872239539066512,0.01274700307021541
2023,01,ITA.20.2_1,0.38395684589771534,0.16035899337135143
2023,01,ITA.20.3_1,0.27415186164351585,0.1737899767110412
2023,01,ITA.20.4_1,0.3174151667235612,0.11594623650212493
2023,01,ITA.20.5_1,0.2360364035967907,0.14250237515946568
2023,01,ITA.20.6_1,0.34382778651700807,0.1374808756314909
2023,01,ITA.20.7_1,0.29419606510303553,0.07428653777421235
2023,01,ITA.3.1_1,0.18796531010466147,0.12100500533825477
2023,01,ITA.3.2_1,0.3056764842854871,0.09537062301401636
2023,01,ITA.4.1_1,0.14559825700134585,0.02471846272490637
2023,01,ITA.4.2_1,0.20529507526791868,0.02535537177447786
2023,01,ITA.4.3_1,0.08758667942466121,0.025802288281687822
2023,01,ITA.4.4_1,0.18177078554798945,0.032246094083034416
2023,01,ITA.4.5_1,0.12985427282610673,0.031037915780817864
2023,01,ITA.5.1_1,0.24191623068082044,0.046759720073434215
2023,01,ITA.5.2_1,0.20123047663337215,0.049593473581374156
2023,01,ITA.5.3_1,0.29913327977702187,0.09344527661493775
2023,01,ITA.5.4_1,0.3332539537174827,0.1721942445084434
2023,01,ITA.5.5_1,0.30716860577152977,0.0634454506602967
2023,01,ITA.6.1_1,0.20692087970606782,0.07227771305246919
2023,01,ITA.6.2_1,0.14715212493240348,0.08386357778911047
2023,01,ITA.6.3_1,0.13493853505038547,0.061496581506683204
2023,01,ITA.6.4_1,0.16765526014509963,0.059606987785791814
2023,01,ITA.6.5_1,0.1466073476682262,0.04362389357199733
2023,01,ITA.6.6_1,0.14794161718980242,0.043703636848488187
2023,01,ITA.6.7_1,0.13630834214616147,0.10819295776628031
2023,01,ITA.6.8_1,0.17312075135447264,0.06677758374983436
2023,01,ITA.6.9_1,0.11847475097836117,0.07109903755138154
2023,01,ITA.7.1_1,0.1390109350341868,0.07716918187534176
2023,01,ITA.7.2_1,0.19036822214253424,0.07717676041451475
2023,01,ITA.7.3_1,0.05890674998771753,0.054634180777807004
2023,01,ITA.7.4_1,0.2776139796526253,0.0572859566019376
2023,01,ITA.8.1_1,0.2113421987508242,0.046559279832473766
2023,01,ITA.8.2_1,0.16183969015189897,0.08618438512680707
2023,01,ITA.8.3_1,0.1590566846289153,0.03220808655833857
2023,01,ITA.8.4_1,0.29616334949096135,0.07358742908653126
2023,01,ITA.8.5_1,0.21150750371282986,0.07321263083501682
2023,01,ITA.9.1_1,0.2185296440118595,0.0729189560938469
2023,01,ITA.9.2_1,0.1635077874978977,0.043192867897040986
2023,01,ITA.9.3_1,0.1841262257614759,0.11736903984318821
2023,01,ITA.9.4_1,0.19045749376210094,0.05523370042238517
2023,01,JEY.10_1,0,0
2023,01,JEY.9_1,0,0
2023,01,LIE.10_1,0.012135496962660813,0.013000000000000168
2023,01,LIE.7_1,0.014626439448359682,0.019000000000000246
2023,01,LIE.9_1,0.01344264884522412,0.016000000000000205
2023,01,LTU.1.3_1,0,0
2023,01,LTU.1.4_1,0,0
2023,01,LTU.10.1_1,0,0
2023,01,LTU.10.3_1,0,0
2023,01,LTU.10.6_1,0,0
2023,01,LTU.4.1_1,0,0
2023,01,LTU.9.2_1,0,0
2023,01,LTU.9.5_1,0,0
2023,01,LUX.1.1_1,0.05130868534327312,0.040518957548859855
2023,01,LUX.1.2_1,0.06989571813059467,0.04555348756466681
2023,01,LUX.1.3_1,0.06651425307972726,0.04097403090594958
2023,01,LUX.1.4_1,0.03674227596478295,0.041662048730520984
2023,01,LUX.1.5_1,0.052879175405447766,0.03674089985544992
2023,01,LUX.2.1_1,0.05337101395423238,0.037489084354738085
2023,01,LUX.2.2_1,0.05746328522054285,0.03800861168547011
2023,01,LUX.2.3_1,0.05727822810793636,0.03775017223451194
2023,01,LUX.3.1_1,0.151357781424201,0.6363060210684316
2023,01,LUX.3.2_1,0.1995126452623769,0.6791097246778703
2023,01,LUX.3.3_1,0.29260507364877986,0.869843433617739
2023,01,LUX.3.4_1,0.16931903954785077,0.6116313376185636
2023,01,LVA.2.2_1,0,0
2023,01,LVA.2.3_1,0,0
2023,01,LVA.2.4_1,0,0
2023,01,MDA.16_1,0,0
2023,01,MDA.17_1,0,0
2023,01,MDA.20_1,0,0
2023,01,MDA.21_1,0.028730294336337586,0.07800000000000089
2023,01,MDA.23_1,0.026785856424274813,0.06700000000000075
2023,01,MDA.24_1,0.025041870283848078,0.058000000000000745
2023,01,MDA.28_1,0,0
2023,01,MDA.37_1,0,0
2023,01,MDA.5_1,0,0
2023,01,MDA.6_1,0.02715355518004624,0.0690000000000009
2023,01,MDA.8_1,0.028390307414469764,0.07600000000000087
2023,01,MKD.11_1,0.02483822675797491,0.05700000000000073
2023,01,MKD.13_1,0.015714771885469114,0.022000000000000283
2023,01,MKD.14_1,0,0
2023,01,MKD.15_1,0.024424437038630373,0.05500000000000071
2023,01,MKD.16_1,0.02048361704135102,0.03800000000000049
2023,01,MKD.17_1,0.025041870283848078,0.058000000000000745
2023,01,MKD.18_1,0,0
2023,01,MKD.19_1,0.025243416384443173,0.05900000000000076
2023,01,MKD.20_1,0.026599453829620263,0.06600000000000085
2023,01,MKD.21_1,0.02751467230226447,0.0710000000000008
2023,01,MKD.23_1,0.03637999898642954,0.1330000000000016
2023,01,MKD.24_1,0.028730294336337586,0.07800000000000089
2023,01,MKD.25_1,0.028218167786464483,0.07500000000000086
2023,01,MKD.26_1,0.025041870283848078,0.058000000000000745
2023,01,MKD.27_1,0.02751467230226447,0.0710000000000008
2023,01,MKD.28_1,0.032979875013936046,0.10600000000000126
2023,01,MKD.29_1,0.026221360704147222,0.06400000000000082
2023,01,MKD.2_1,0.03156073765041731,0.09600000000000113
2023,01,MKD.30_1,0,0
2023,01,MKD.31_1,0.030350515271466805,0.08800000000000102
2023,01,MKD.32_1,0.02544291490408445,0.060000000000000664
2023,01,MKD.33_1,0.025041870283848078,0.058000000000000745
2023,01,MKD.35_1,0,0
2023,01,MKD.36_1,0.02922991675655941,0.08100000000000093
2023,01,MKD.37_1,0.024214179723045553,0.05400000000000069
2023,01,MKD.38_1,0,0
2023,01,MKD.39_1,0,0
2023,01,MKD.3_1,0.020993890399061767,0.040000000000000514
2023,01,MKD.40_1,0,0
2023,01,MKD.41_1,0.026785856424274813,0.06700000000000075
2023,01,MKD.42_1,0.03311653817649007,0.10700000000000126
2023,01,MKD.43_1,0.02483822675797491,0.05700000000000073
2023,01,MKD.44_1,0.030350515271466805,0.08800000000000102
2023,01,MKD.45_1,0,0
2023,01,MKD.46_1,0.02312680358116367,0.04900000000000063
2023,01,MKD.47_1,0.015361311878902892,0.021000000000000272
2023,01,MKD.48_1,0,0
2023,01,MKD.49_1,0.0295563654275685,0.08300000000000096
2023,01,MKD.4_1,0.025640413637213404,0.06100000000000067
2023,01,MKD.50_1,0.023786642964282206,0.05200000000000067
2023,01,MKD.51_1,0.026599453829620263,0.06600000000000085
2023,01,MKD.52_1,0.0288981921295096,0.0790000000000009
2023,01,MKD.54_1,0,0
2023,01,MKD.55_1,0.02715355518004624,0.0690000000000009
2023,01,MKD.56_1,0.023786642964282206,0.05200000000000067
2023,01,MKD.57_1,0.02544291490408445,0.060000000000000664
2023,01,MKD.58_1,0.02463243378679614,0.05600000000000072
2023,01,MKD.59_1,0.02312680358116367,0.04900000000000063
2023,01,MKD.5_1,0.03228255102724314,0.10100000000000119
2023,01,MKD.60_1,0,0
2023,01,MKD.61_1,0.02378664296428221,0.05200000000000067
2023,01,MKD.62_1,0.028730294336337586,0.07800000000000089
2023,01,MKD.63_1,0.0280445623245369,0.07400000000000084
2023,01,MKD.64_1,0.018568210412728343,0.031000000000000288
2023,01,MKD.65_1,0.03065979624060513,0.09000000000000105
2023,01,MKD.66_1,0.020993890399061767,0.040000000000000514
2023,01,MKD.67_1,0.027692843395231256,0.07200000000000081
2023,01,MKD.68_1,0.024424437038630373,0.05500000000000071
2023,01,MKD.69_1,0.032979875013936046,0.10600000000000126
2023,01,MKD.6_1,0,0
2023,01,MKD.70_1,0.0173646332659658,0.027000000000000347
2023,01,MKD.72_1,0.026411301147409305,0.06500000000000072
2023,01,MKD.73_1,0,0
2023,01,MKD.74_1,0.021732891413029136,0.04300000000000055
2023,01,MKD.75_1,0.031115188132474964,0.09300000000000108
2023,01,MKD.76_1,0.027692843395231256,0.07200000000000081
2023,01,MKD.77_1,0.030505735838905406,0.08900000000000104
2023,01,MKD.79_1,0.025640413637213404,0.06100000000000067
2023,01,MKD.7_1,0.02715355518004624,0.0690000000000009
2023,01,MKD.81_1,0,0
2023,01,MKD.83_1,0.018568210412728343,0.031000000000000288
2023,01,MKD.84_1,0.022209319716949616,0.04500000000000058
2023,01,MKD.85_1,0,0
2023,01,MKD.8_1,0.02483822675797491,0.05700000000000073
2023,01,MKD.9_1,0.04378832699909354,0.21200000000000252
2023,01,MLT.1_1,0.038669882757335516,0.15400000000000189
2023,01,MLT.3.11_1,0.0280445623245369,0.07400000000000084
2023,01,MLT.3.3_1,0.026785856424274813,0.06700000000000075
2023,01,MLT.3.5_1,0.030350515271466805,0.08800000000000102
2023,01,MLT.3.6_1,0.03728494026625759,0.1410000000000017
2023,01,MLT.3.9_1,0.03506343718509484,0.12200000000000157
2023,01,MLT.4.10_1,0.015361311878902892,0.021000000000000272
2023,01,MLT.4.12_1,0.0173646332659658,0.027000000000000347
2023,01,MLT.4.2_1,0.018855583704325884,0.03200000000000041
2023,01,MLT.4.3_1,0.019138042751105304,0.033000000000000425
2023,01,MLT.4.4_1,0.014243584942125654,0.01800000000000023
2023,01,MLT.4.5_1,0.01605974012232283,0.023000000000000295
2023,01,MLT.4.9_1,0.01941580203000218,0.03400000000000044
2023,01,MLT.4_1,0.018855583704325884,0.03200000000000041
2023,01,MLT.5.14_1,0.03065979624060513,0.09000000000000105
2023,01,MLT.5.4_1,0.03065979624060513,0.09000000000000105
2023,01,MLT.5.9_1,0.03602953157774573,0.13000000000000156
2023,01,MLT.5_1,0.030505735838905406,0.08900000000000104
2023,01,MNE.10_1,0.026785856424274813,0.06700000000000075
2023,01,MNE.11_1,0.017674187644973697,0.02800000000000036
2023,01,MNE.12_1,0.019689060444981806,0.03500000000000045
2023,01,MNE.13_1,0.017674187644973697,0.02800000000000036
2023,01,MNE.14_1,0.016726290126725652,0.02500000000000032
2023,01,MNE.15_1,0.0173646332659658,0.027000000000000347
2023,01,MNE.16_1,0.02786946363562483,0.07300000000000083
2023,01,MNE.17_1,0.019138042751105304,0.033000000000000425
2023,01,MNE.18_1,0.01941580203000218,0.03400000000000044
2023,01,MNE.19_1,0.02939378953342484,0.08200000000000095
2023,01,MNE.1_1,0.01941580203000218,0.03400000000000044
2023,01,MNE.20_1,0.030350515271466805,0.08800000000000102
2023,01,MNE.21_1,0.018855583704325884,0.03200000000000041
2023,01,MNE.2_1,0.03170713894015779,0.09700000000000114
2023,01,MNE.3_1,0.014243584942125654,0.01800000000000023
2023,01,MNE.4_1,0.0224429745303176,0.04600000000000059
2023,01,MNE.5_1,0.03637999898642954,0.1330000000000016
2023,01,MNE.6_1,0.02544291490408445,0.060000000000000664
2023,01,MNE.7_1,0.02378664296428221,0.05200000000000067
2023,01,MNE.8_1,0.02939378953342484,0.08200000000000095
2023,01,MNE.9_1,0.020222801500296435,0.03700000000000048
2023,01,NLD.1.10_1,0.0224429745303176,0.04600000000000059
2023,01,NLD.1.11_1,0.01941580203000218,0.03400000000000044
2023,01,NLD.1.12_1,0.02048361704135102,0.03800000000000049
2023,01,NLD.1.1_1,0.020993890399061767,0.040000000000000514
2023,01,NLD.1.2_1,0.023786642964282206,0.05200000000000067
2023,01,NLD.1.3_1,0.0219726580873525,0.044000000000000566
2023,01,NLD.1.4_1,0.019958002869948324,0.03600000000000046
2023,01,NLD.1.5_1,0.025041870283848078,0.058000000000000745
2023,01,NLD.1.6_1,0.025243416384443173,0.05900000000000076
2023,01,NLD.1.7_1,0.02290163065295795,0.04800000000000062
2023,01,NLD.1.8_1,0.0280445623245369,0.07400000000000084
2023,01,NLD.1.9_1,0.02048361704135102,0.03800000000000049
2023,01,NLD.10.10_1,0.02463243378679614,0.05600000000000072
2023,01,NLD.10.11_1,0.026411301147409305,0.06500000000000072
2023,01,NLD.10.12_1,0.025243416384443173,0.05900000000000076
2023,01,NLD.10.13_1,0.030812713878699133,0.09100000000000107
2023,01,NLD.10.14_1,0.024214179723045553,0.05400000000000069
2023,01,NLD.10.15_1,0.02697054521774516,0.06800000000000077
2023,01,NLD.10.16_1,0.0233493136047241,0.05000000000000064
2023,01,NLD.10.17_1,0.02583595844498755,0.0620000000000008
2023,01,NLD.10.18_1,0.02312680358116367,0.04900000000000063
2023,01,NLD.10.19_1,0.022673715484236145,0.047000000000000604
2023,01,NLD.10.1_1,0.02463243378679614,0.05600000000000072
2023,01,NLD.10.20_1,0.018855583704325884,0.03200000000000041
2023,01,NLD.10.21_1,0.020740599757139808,0.0390000000000005
2023,01,NLD.10.22_1,0.020993890399061767,0.040000000000000514
2023,01,NLD.10.23_1,0.02463243378679614,0.05600000000000072
2023,01,NLD.10.24_1,0.020740599757139808,0.0390000000000005
2023,01,NLD.10.25_1,0.0219726580873525,0.044000000000000566
2023,01,NLD.10.26_1,0.0219726580873525,0.044000000000000566
2023,01,NLD.10.3_1,0.02583595844498755,0.0620000000000008
2023,01,NLD.10.4_1,0.023786642964282206,0.05200000000000067
2023,01,NLD.10.5_2,0.02048361704135102,0.03800000000000049
2023,01,NLD.10.6_1,0.021732891413029136,0.04300000000000055
2023,01,NLD.10.7_1,0.0224429745303176,0.04600000000000059
2023,01,NLD.10.8_1,0.022673715484236145,0.047000000000000604
2023,01,NLD.10.9_1,0.022209319716949616,0.04500000000000058
2023,01,NLD.11.12_1,0.0224429745303176,0.04600000000000059
2023,01,NLD.11.13_1,0.0224429745303176,0.04600000000000059
2023,01,NLD.11.14_1,0.022209319716949616,0.04500000000000058
2023,01,NLD.11.16_1,0.02290163065295795,0.04800000000000062
2023,01,NLD.11.18_1,0.02483822675797491,0.05700000000000073
2023,01,NLD.11.21_1,0.027692843395231256,0.07200000000000081
2023,01,NLD.11.22_1,0.03284229370320487,0.10500000000000125
2023,01,NLD.11.23_1,0.020993890399061767,0.040000000000000514
2023,01,NLD.11.24_1,0.025243416384443173,0.05900000000000076
2023,01,NLD.11.25_1,0.019689060444981806,0.03500000000000045
2023,01,NLD.11.26_1,0.024214179723045553,0.05400000000000069
2023,01,NLD.11.27_1,0.026221360704147222,0.06400000000000082
2023,01,NLD.11.28_1,0.02583595844498755,0.0620000000000008
2023,01,NLD.11.30_1,0.0224429745303176,0.04600000000000059
2023,01,NLD.11.31_1,0.02290163065295795,0.04800000000000062
2023,01,NLD.11.32_1,0.021732891413029136,0.04300000000000055
2023,01,NLD.11.33_1,0.02483822675797491,0.05700000000000073
2023,01,NLD.11.34_1,0.031115188132474964,0.09300000000000108
2023,01,NLD.11.35_1,0.02312680358116367,0.04900000000000063
2023,01,NLD.11.36_1,0.02290163065295795,0.04800000000000062
2023,01,NLD.11.37_1,0.02483822675797491,0.05700000000000073
2023,01,NLD.11.3_1,0.025041870283848078,0.058000000000000745
2023,01,NLD.11.4_1,0.022673715484236145,0.047000000000000604
2023,01,NLD.11.6_1,0.025041870283848078,0.058000000000000745
2023,01,NLD.11.7_1,0.030812713878699133,0.09100000000000107
2023,01,NLD.11.8_1,0.0224429745303176,0.04600000000000059
2023,01,NLD.12.10_1,0.024214179723045553,0.05400000000000069
2023,01,NLD.12.11_1,0.025041870283848078,0.058000000000000745
2023,01,NLD.12.12_1,0,0
2023,01,NLD.12.13_1,0,0
2023,01,NLD.12.1_1,0,0
2023,01,NLD.12.2_1,0,0
2023,01,NLD.12.3_1,0.024214179723045553,0.05400000000000069
2023,01,NLD.12.4_1,0,0
2023,01,NLD.12.5_1,0,0
2023,01,NLD.12.6_1,0,0
2023,01,NLD.12.7_1,0.023569236142789846,0.051000000000000656
2023,01,NLD.12.8_1,0,0
2023,01,NLD.12.9_1,0,0
2023,01,NLD.13.1_1,0.02400160243147714,0.053000000000000685
2023,01,NLD.14.100_1,0.005859162188039041,0.0030000000000000387
2023,01,NLD.14.101_1,0.006762183913988965,0.004000000000000051
2023,01,NLD.14.102_1,0.005859162188039041,0.0030000000000000387
2023,01,NLD.14.103_1,0.008273630678653976,0.006000000000000077
2023,01,NLD.14.104_1,0.004786384482852344,0.0020000000000000256
2023,01,NLD.14.17_1,0.01166531333803828,0.012000000000000155
2023,01,NLD.14.18_1,0.009543949726300377,0.008000000000000103
2023,01,NLD.14.1_1,0.0101177838078827,0.009000000000000116
2023,01,NLD.14.21_1,0.011174337950468731,0.011000000000000142
2023,01,NLD.14.23_1,0.006762183913988965,0.004000000000000051
2023,01,NLD.14.26_1,0.006762183913988965,0.004000000000000051
2023,01,NLD.14.27_1,0.008273630678653976,0.006000000000000077
2023,01,NLD.14.29_1,0.008932046136583301,0.00700000000000009
2023,01,NLD.14.2_1,0.0106596982415435,0.010000000000000129
2023,01,NLD.14.30_2,0.0033861801343757375,0.0010000000000000128
2023,01,NLD.14.31_1,0.012135496962660813,0.013000000000000168
2023,01,NLD.14.32_1,0.008932046136583301,0.00700000000000009
2023,01,NLD.14.34_2,0.005859162188039041,0.0030000000000000387
2023,01,NLD.14.36_1,0.01166531333803828,0.012000000000000155
2023,01,NLD.14.38_1,0.006762183913988965,0.004000000000000051
2023,01,NLD.14.39_1,0.0075565551437334,0.005000000000000064
2023,01,NLD.14.40_1,0.008273630678653976,0.006000000000000077
2023,01,NLD.14.43_1,0.005859162188039041,0.0030000000000000387
2023,01,NLD.14.45_1,0.0106596982415435,0.010000000000000129
2023,01,NLD.14.4_1,0.0075565551437334,0.005000000000000064
2023,01,NLD.14.53_2,0.008932046136583301,0.00700000000000009
2023,01,NLD.14.54_2,0.004786384482852344,0.0020000000000000256
2023,01,NLD.14.56_1,0.011174337950468731,0.011000000000000142
2023,01,NLD.14.5_1,0.0075565551437334,0.005000000000000064
2023,01,NLD.14.60_1,0.006762183913988965,0.004000000000000051
2023,01,NLD.14.61_1,0.006762183913988965,0.004000000000000051
2023,01,NLD.14.63_1,0.008273630678653976,0.006000000000000077
2023,01,NLD.14.66_1,0.01166531333803828,0.012000000000000155
2023,01,NLD.14.67_2,0.008273630678653976,0.006000000000000077
2023,01,NLD.14.70_1,0.006762183913988965,0.004000000000000051
2023,01,NLD.14.73_1,0.012135496962660813,0.013000000000000168
2023,01,NLD.14.78_1,0.008273630678653976,0.006000000000000077
2023,01,NLD.14.7_2,0.008273630678653976,0.006000000000000077
2023,01,NLD.14.81_1,0.0075565551437334,0.005000000000000064
2023,01,NLD.14.82_1,0.006762183913988965,0.004000000000000051
2023,01,NLD.14.84_1,0.006762183913988965,0.004000000000000051
2023,01,NLD.14.86_1,0.008932046136583301,0.00700000000000009
2023,01,NLD.14.89_1,0.008273630678653976,0.006000000000000077
2023,01,NLD.14.8_1,0.008273630678653976,0.006000000000000077
2023,01,NLD.14.90_1,0.008273630678653976,0.006000000000000077
2023,01,NLD.14.91_1,0.006762183913988965,0.004000000000000051
2023,01,NLD.14.93_1,0.0101177838078827,0.009000000000000116
2023,01,NLD.14.94_1,0.006762183913988965,0.004000000000000051
2023,01,NLD.14.95_1,0.0075565551437334,0.005000000000000064
2023,01,NLD.14.96_1,0.008932046136583301,0.00700000000000009
2023,01,NLD.14.97_1,0.0075565551437334,0.005000000000000064
2023,01,NLD.14.98_1,0.01166531333803828,0.012000000000000155
2023,01,NLD.14.99_1,0.008273630678653976,0.006000000000000077
2023,01,NLD.2.1_1,0.02290163065295795,0.04800000000000062
2023,01,NLD.2.2_1,0.022209319716949616,0.04500000000000058
2023,01,NLD.2.3_1,0.02124362103085479,0.04100000000000053
2023,01,NLD.2.4_1,0.0224429745303176,0.04600000000000059
2023,01,NLD.2.6_1,0.02048361704135102,0.03800000000000049
2023,01,NLD.3.10_1,0,0
2023,01,NLD.3.11_2,0,0
2023,01,NLD.3.14_2,0,0
2023,01,NLD.3.1_1,0,0
2023,01,NLD.3.20_1,0.0233493136047241,0.05000000000000064
2023,01,NLD.3.21_1,0.02048361704135102,0.03800000000000049
2023,01,NLD.3.24_1,0,0
2023,01,NLD.3.27_1,0,0
2023,01,NLD.3.29_1,0.02124362103085479,0.04100000000000053
2023,01,NLD.3.32_1,0.022209319716949616,0.04500000000000058
2023,01,NLD.3.33_1,0,0
2023,01,NLD.3.34_1,0,0
2023,01,NLD.3.35_1,0,0
2023,01,NLD.3.5_1,0,0
2023,01,NLD.4.10_1,0.02697054521774516,0.06800000000000077
2023,01,NLD.4.11_1,0.022209319716949616,0.04500000000000058
2023,01,NLD.4.14_1,0.031115188132474964,0.09300000000000108
2023,01,NLD.4.15_2,0.02400160243147714,0.053000000000000685
2023,01,NLD.4.16_1,0.02312680358116367,0.04900000000000063
2023,01,NLD.4.17_1,0.025243416384443173,0.05900000000000076
2023,01,NLD.4.18_1,0.0233493136047241,0.05000000000000064
2023,01,NLD.4.20_1,0.02312680358116367,0.04900000000000063
2023,01,NLD.4.21_1,0.022209319716949616,0.04500000000000058
2023,01,NLD.4.22_1,0.0219726580873525,0.044000000000000566
2023,01,NLD.4.28_1,0.02290163065295795,0.04800000000000062
2023,01,NLD.4.29_1,0.02483822675797491,0.05700000000000073
2023,01,NLD.4.30_1,0.02400160243147714,0.053000000000000685
2023,01,NLD.4.32_1,0.024424437038630373,0.05500000000000071
2023,01,NLD.4.34_1,0.022673715484236145,0.047000000000000604
2023,01,NLD.4.37_1,0.02400160243147714,0.053000000000000685
2023,01,NLD.4.38_2,0.02124362103085479,0.04100000000000053
2023,01,NLD.4.39_1,0.02312680358116367,0.04900000000000063
2023,01,NLD.4.3_1,0.02400160243147714,0.053000000000000685
2023,01,NLD.4.43_1,0.0224429745303176,0.04600000000000059
2023,01,NLD.4.44_1,0.025243416384443173,0.05900000000000076
2023,01,NLD.4.45_1,0.02463243378679614,0.05600000000000072
2023,01,NLD.4.46_1,0.024424437038630373,0.05500000000000071
2023,01,NLD.4.47_1,0.025243416384443173,0.05900000000000076
2023,01,NLD.4.48_1,0.025041870283848078,0.058000000000000745
2023,01,NLD.4.49_1,0.024424437038630373,0.05500000000000071
2023,01,NLD.4.4_1,0.02544291490408445,0.060000000000000664
2023,01,NLD.4.50_1,0.02378664296428221,0.05200000000000067
2023,01,NLD.4.52_1,0.03270378265664547,0.10400000000000123
2023,01,NLD.4.54_1,0.0233493136047241,0.05000000000000064
2023,01,NLD.4.56_1,0.026221360704147222,0.06400000000000082
2023,01,NLD.4.58_1,0.025243416384443173,0.05900000000000076
2023,01,NLD.4.5_1,0.02463243378679614,0.05600000000000072
2023,01,NLD.4.60_1,0.02602959336347104,0.0630000000000008
2023,01,NLD.4.63_1,0.023786642964282206,0.05200000000000067
2023,01,NLD.4.64_1,0.03284229370320487,0.10500000000000125
2023,01,NLD.4.65_1,0.023786642964282206,0.05200000000000067
2023,01,NLD.4.66_1,0.0219726580873525,0.044000000000000566
2023,01,NLD.4.68_1,0.02483822675797491,0.05700000000000073
2023,01,NLD.4.70_2,0.02583595844498755,0.0620000000000008
2023,01,NLD.4.71_2,0.02290163065295795,0.04800000000000062
2023,01,NLD.4.72_1,0.024214179723045553,0.05400000000000069
2023,01,NLD.4.73_1,0.026221360704147222,0.06400000000000082
2023,01,NLD.4.74_1,0.0233493136047241,0.05000000000000064
2023,01,NLD.4.75_1,0.024214179723045553,0.05400000000000069
2023,01,NLD.4.76_1,0.024214179723045553,0.05400000000000069
2023,01,NLD.4.77_1,0.02544291490408445,0.060000000000000664
2023,01,NLD.4.78_1,0.02048361704135102,0.03800000000000049
2023,01,NLD.4.79_1,0.0219726580873525,0.044000000000000566
2023,01,NLD.4.7_1,0.0324239236154818,0.1020000000000012
2023,01,NLD.4.9_1,0.020740599757139808,0.0390000000000005
2023,01,NLD.5.15_1,0,0
2023,01,NLD.5.19_1,0,0
2023,01,NLD.5.21_1,0,0
2023,01,NLD.5.26_1,0,0
2023,01,NLD.5.27_1,0,0
2023,01,NLD.5.28_1,0,0
2023,01,NLD.5.29_1,0,0
2023,01,NLD.5.30_1,0.021489915763681852,0.042000000000000544
2023,01,NLD.5.31_1,0.02048361704135102,0.03800000000000049
2023,01,NLD.5.7_2,0.024214179723045553,0.05400000000000069
2023,01,NLD.6.1_1,0.021489915763681852,0.042000000000000544
2023,01,NLD.7.10_1,0.02124362103085479,0.04100000000000053
2023,01,NLD.7.13_1,0.02483822675797491,0.05700000000000073
2023,01,NLD.7.16_2,0.02483822675797491,0.05700000000000073
2023,01,NLD.7.18_1,0.020740599757139808,0.0390000000000005
2023,01,NLD.7.20_1,0.02312680358116367,0.04900000000000063
2023,01,NLD.7.23_1,0.023569236142789846,0.051000000000000656
2023,01,NLD.7.26_1,0.023569236142789846,0.051000000000000656
2023,01,NLD.7.28_1,0.024214179723045553,0.05400000000000069
2023,01,NLD.7.29_1,0.024424437038630373,0.05500000000000071
2023,01,NLD.7.32_2,0.021489915763681852,0.042000000000000544
2023,01,NLD.7.33_2,0.02602959336347104,0.0630000000000008
2023,01,NLD.7.37_1,0.022673715484236145,0.047000000000000604
2023,01,NLD.7.38_1,0.02463243378679614,0.05600000000000072
2023,01,NLD.7.39_1,0.023786642964282206,0.05200000000000067
2023,01,NLD.7.3_1,0.023569236142789846,0.051000000000000656
2023,01,NLD.7.42_1,0.0219726580873525,0.044000000000000566
2023,01,NLD.7.43_1,0.024214179723045553,0.05400000000000069
2023,01,NLD.7.44_2,0.02602959336347104,0.0630000000000008
2023,01,NLD.7.45_1,0.025041870283848078,0.058000000000000745
2023,01,NLD.7.46_1,0.023786642964282206,0.05200000000000067
2023,01,NLD.7.47_1,0.024214179723045553,0.05400000000000069
2023,01,NLD.7.48_1,0.02124362103085479,0.04100000000000053
2023,01,NLD.7.49_1,0.0219726580873525,0.044000000000000566
2023,01,NLD.7.4_1,0.022673715484236145,0.047000000000000604
2023,01,NLD.7.50_1,0.024424437038630373,0.05500000000000071
2023,01,NLD.7.51_1,0.023569236142789846,0.051000000000000656
2023,01,NLD.7.52_1,0.02400160243147714,0.053000000000000685
2023,01,NLD.7.5_1,0.022209319716949616,0.04500000000000058
2023,01,NLD.7.6_1,0.021732891413029136,0.04300000000000055
2023,01,NLD.7.7_1,0.02400160243147714,0.053000000000000685
2023,01,NLD.7.9_1,0.021489915763681852,0.042000000000000544
2023,01,NLD.8.10_1,0.024214179723045553,0.05400000000000069
2023,01,NLD.8.11_1,0.02400160243147714,0.053000000000000685
2023,01,NLD.8.12_1,0.020740599757139808,0.0390000000000005
2023,01,NLD.8.13_1,0.02544291490408445,0.060000000000000664
2023,01,NLD.8.14_1,0.0233493136047241,0.05000000000000064
2023,01,NLD.8.15_1,0.025041870283848078,0.058000000000000745
2023,01,NLD.8.16_1,0.023786642964282206,0.05200000000000067
2023,01,NLD.8.17_1,0.02312680358116367,0.04900000000000063
2023,01,NLD.8.18_1,0.02544291490408445,0.060000000000000664
2023,01,NLD.8.19_1,0.022673715484236145,0.047000000000000604
2023,01,NLD.8.1_1,0.023569236142789846,0.051000000000000656
2023,01,NLD.8.20_1,0.0233493136047241,0.05000000000000064
2023,01,NLD.8.21_1,0.026221360704147222,0.06400000000000082
2023,01,NLD.8.22_1,0.02312680358116367,0.04900000000000063
2023,01,NLD.8.23_1,0.02290163065295795,0.04800000000000062
2023,01,NLD.8.25_1,0.021489915763681852,0.042000000000000544
2023,01,NLD.8.26_1,0.0233493136047241,0.05000000000000064
2023,01,NLD.8.27_1,0.023569236142789846,0.051000000000000656
2023,01,NLD.8.28_1,0.022673715484236145,0.047000000000000604
2023,01,NLD.8.30_1,0.0233493136047241,0.05000000000000064
2023,01,NLD.8.31_1,0.023786642964282206,0.05200000000000067
2023,01,NLD.8.32_1,0.02463243378679614,0.05600000000000072
2023,01,NLD.8.33_1,0.026411301147409305,0.06500000000000072
2023,01,NLD.8.34_1,0.0224429745303176,0.04600000000000059
2023,01,NLD.8.35_1,0.025640413637213404,0.06100000000000067
2023,01,NLD.8.36_1,0.024214179723045553,0.05400000000000069
2023,01,NLD.8.38_1,0.0219726580873525,0.044000000000000566
2023,01,NLD.8.3_1,0.0233493136047241,0.05000000000000064
2023,01,NLD.8.41_1,0.025041870283848078,0.058000000000000745
2023,01,NLD.8.42_1,0.02483822675797491,0.05700000000000073
2023,01,NLD.8.43_1,0.02483822675797491,0.05700000000000073
2023,01,NLD.8.44_1,0.025243416384443173,0.05900000000000076
2023,01,NLD.8.45_1,0.0233493136047241,0.05000000000000064
2023,01,NLD.8.46_1,0.0233493136047241,0.05000000000000064
2023,01,NLD.8.47_2,0.02290163065295795,0.04800000000000062
2023,01,NLD.8.48_1,0.021732891413029136,0.04300000000000055
2023,01,NLD.8.49_1,0.023786642964282206,0.05200000000000067
2023,01,NLD.8.4_1,0.02290163065295795,0.04800000000000062
2023,01,NLD.8.50_1,0.02312680358116367,0.04900000000000063
2023,01,NLD.8.52_1,0.025640413637213404,0.06100000000000067
2023,01,NLD.8.54_1,0.0224429745303176,0.04600000000000059
2023,01,NLD.8.55_1,0.0233493136047241,0.05000000000000064
2023,01,NLD.8.56_1,0.024424437038630373,0.05500000000000071
2023,01,NLD.8.57_1,0.0233493136047241,0.05000000000000064
2023,01,NLD.8.58_1,0.024214179723045553,0.05400000000000069
2023,01,NLD.8.59_1,0.02483822675797491,0.05700000000000073
2023,01,NLD.8.5_1,0.020740599757139808,0.0390000000000005
2023,01,NLD.8.60_1,0.022673715484236145,0.047000000000000604
2023,01,NLD.8.62_1,0.025041870283848078,0.058000000000000745
2023,01,NLD.8.63_2,0.022209319716949616,0.04500000000000058
2023,01,NLD.8.64_1,0.025243416384443173,0.05900000000000076
2023,01,NLD.8.65_1,0.02378664296428221,0.05200000000000067
2023,01,NLD.8.67_1,0.021732891413029136,0.04300000000000055
2023,01,NLD.8.69_1,0.02124362103085479,0.04100000000000053
2023,01,NLD.8.6_1,0.0233493136047241,0.05000000000000064
2023,01,NLD.8.70_1,0.023569236142789846,0.051000000000000656
2023,01,NLD.8.71_1,0.022209319716949616,0.04500000000000058
2023,01,NLD.8.72_1,0.0219726580873525,0.044000000000000566
2023,01,NLD.8.7_1,0.023569236142789846,0.051000000000000656
2023,01,NLD.8.8_1,0.02312680358116367,0.04900000000000063
2023,01,NLD.8.9_1,0.021489915763681852,0.042000000000000544
2023,01,NLD.9.10_1,0.017674187644973697,0.02800000000000036
2023,01,NLD.9.11_1,0.026785856424274813,0.06700000000000075
2023,01,NLD.9.12_2,0.021489915763681852,0.042000000000000544
2023,01,NLD.9.14_1,0.02048361704135102,0.03800000000000049
2023,01,NLD.9.15_1,0.016726290126725652,0.02500000000000032
2023,01,NLD.9.16_1,0.02312680358116367,0.04900000000000063
2023,01,NLD.9.1_1,0.02312680358116367,0.04900000000000063
2023,01,NLD.9.21_1,0.02939378953342484,0.08200000000000095
2023,01,NLD.9.23_2,0.025243416384443173,0.05900000000000076
2023,01,NLD.9.25_1,0.02048361704135102,0.03800000000000049
2023,01,NLD.9.26_1,0.017977774444318844,0.029000000000000373
2023,01,NLD.9.27_1,0.0219726580873525,0.044000000000000566
2023,01,NLD.9.28_1,0.019689060444981806,0.03500000000000045
2023,01,NLD.9.29_1,0.019958002869948324,0.03600000000000046
2023,01,NLD.9.30_1,0.02922991675655941,0.08100000000000093
2023,01,NLD.9.31_1,0.022673715484236145,0.047000000000000604
2023,01,NLD.9.32_1,0.028218167786464483,0.07500000000000086
2023,01,NLD.9.33_1,0.0173646332659658,0.027000000000000347
2023,01,NLD.9.34_1,0.02583595844498755,0.0620000000000008
2023,01,NLD.9.3_1,0.030812713878699133,0.09100000000000107
2023,01,NLD.9.41_1,0.030812713878699133,0.09100000000000107
2023,01,NLD.9.42_1,0.02583595844498755,0.0620000000000008
2023,01,NLD.9.43_1,0.02939378953342484,0.08200000000000095
2023,01,NLD.9.44_1,0.02463243378679614,0.05600000000000072
2023,01,NLD.9.47_1,0.022673715484236145,0.047000000000000604
2023,01,NLD.9.48_1,0.015361311878902892,0.021000000000000272
2023,01,NLD.9.49_1,0.02463243378679614,0.05600000000000072
2023,01,NLD.9.4_1,0.024424437038630373,0.05500000000000071
2023,01,NLD.9.50_1,0.029064725160722192,0.08000000000000092
2023,01,NLD.9.51_1,0.020222801500296435,0.03700000000000048
2023,01,NLD.9.53_1,0.019958002869948324,0.03600000000000046
2023,01,NLD.9.54_1,0.021489915763681852,0.042000000000000544
2023,01,NLD.9.59_1,0.0224429745303176,0.04600000000000059
2023,01,NLD.9.61_1,0.021489915763681852,0.042000000000000544
2023,01,NLD.9.62_1,0.02939378953342484,0.08200000000000095
2023,01,NLD.9.63_1,0.025640413637213404,0.06100000000000067
2023,01,NLD.9.66_1,0.024214179723045553,0.05400000000000069
2023,01,NLD.9.67_1,0.02697054521774516,0.06800000000000077
2023,01,NLD.9.68_1,0.030964505683742812,0.09200000000000107
2023,01,NLD.9.69_1,0.024424437038630373,0.05500000000000071
2023,01,NLD.9.70_1,0.017048786250816777,0.026000000000000335
2023,01,NLD.9.71_1,0.02786946363562483,0.07300000000000083
2023,01,NLD.9.72_1,0.02124362103085479,0.04100000000000053
2023,01,NLD.9.73_1,0.017977774444318844,0.029000000000000373
2023,01,NLD.9.7_1,0.02939378953342484,0.08200000000000095
2023,01,NLD.9.9_1,0.018855583704325884,0.03200000000000041
2023,01,NOR.1.3_1,0,0
2023,01,NOR.17.17_1,0,0
2023,01,NOR.17.22_1,0,0
2023,01,NOR.17.9_1,0,0
2023,01,NOR.2.10_1,0,0
2023,01,NOR.2.16_1,0,0
2023,01,NOR.2.1_1,0,0
2023,01,NOR.2.6_1,0,0
2023,01,NOR.5.13_1,0,0
2023,01,NOR.5.16_1,0,0
2023,01,NOR.5.17_1,0,0
2023,01,NOR.5.7_1,0,0
2023,01,NOR.5.8_1,0,0
2023,01,NOR.6.10_1,0,0
2023,01,NOR.6.20_1,0,0
2023,01,NOR.6.22_1,0,0
2023,01,NOR.6.3_1,0,0
2023,01,NOR.6.4_1,0,0
2023,01,NOR.6.6_1,0,0
2023,01,NOR.6.8_1,0,0
2023,01,POL.1.23_1,0,0
2023,01,POL.1.27_1,0,0
2023,01,POL.1.28_1,0,0
2023,01,POL.1.6_1,0,0
2023,01,POL.1.7_1,0,0
2023,01,POL.1.8_1,0,0
2023,01,POL.1.9_1,0,0
2023,01,POL.10.10_1,0,0
2023,01,POL.10.11_1,0,0
2023,01,POL.10.13_1,0,0
2023,01,POL.10.14_1,0,0
2023,01,POL.10.15_1,0,0
2023,01,POL.10.16_1,0,0
2023,01,POL.10.1_1,0,0
2023,01,POL.10.2_1,0,0
2023,01,POL.10.3_1,0,0
2023,01,POL.10.4_1,0,0
2023,01,POL.10.5_1,0,0
2023,01,POL.10.6_1,0,0
2023,01,POL.10.7_1,0,0
2023,01,POL.10.9_1,0,0
2023,01,POL.11.10_1,0,0
2023,01,POL.11.11_1,0,0
2023,01,POL.11.12_1,0,0
2023,01,POL.11.13_1,0,0
2023,01,POL.11.16_1,0,0
2023,01,POL.11.17_1,0,0
2023,01,POL.11.18_1,0,0
2023,01,POL.11.19_1,0,0
2023,01,POL.11.1_1,0,0
2023,01,POL.11.20_1,0,0
2023,01,POL.11.2_1,0,0
2023,01,POL.11.3_1,0,0
2023,01,POL.11.4_1,0,0
2023,01,POL.11.5_1,0,0
2023,01,POL.11.6_1,0,0
2023,01,POL.11.7_1,0,0
2023,01,POL.11.8_1,0,0
2023,01,POL.11.9_1,0,0
2023,01,POL.12.36_1,0,0
2023,01,POL.14.10_1,0,0
2023,01,POL.14.11_1,0,0
2023,01,POL.14.12_1,0,0
2023,01,POL.14.13_1,0,0
2023,01,POL.14.14_1,0,0
2023,01,POL.14.15_1,0,0
2023,01,POL.14.16_1,0,0
2023,01,POL.14.17_1,0,0
2023,01,POL.14.18_1,0,0
2023,01,POL.14.19_1,0,0
2023,01,POL.14.1_1,0,0
2023,01,POL.14.20_1,0,0
2023,01,POL.14.21_1,0,0
2023,01,POL.14.2_1,0,0
2023,01,POL.14.3_1,0,0
2023,01,POL.14.5_1,0,0
2023,01,POL.14.6_1,0,0
2023,01,POL.14.7_1,0,0
2023,01,POL.14.8_1,0,0
2023,01,POL.14.9_1,0,0
2023,01,POL.15.10_1,0,0
2023,01,POL.15.12_1,0,0
2023,01,POL.15.17_1,0,0
2023,01,POL.15.18_1,0,0
2023,01,POL.15.22_1,0,0
2023,01,POL.15.27_1,0,0
2023,01,POL.15.2_1,0,0
2023,01,POL.15.32_1,0,0
2023,01,POL.15.35_1,0,0
2023,01,POL.15.3_1,0,0
2023,01,POL.16.12_1,0,0
2023,01,POL.16.13_1,0,0
2023,01,POL.16.18_1,0,0
2023,01,POL.16.21_1,0,0
2023,01,POL.16.22_1,0,0
2023,01,POL.16.2_1,0,0
2023,01,POL.16.6_1,0,0
2023,01,POL.2.10_1,0,0
2023,01,POL.2.11_1,0,0
2023,01,POL.2.12_1,0,0
2023,01,POL.2.13_1,0,0
2023,01,POL.2.14_1,0,0
2023,01,POL.2.15_1,0,0
2023,01,POL.2.16_1,0,0
2023,01,POL.2.18_1,0,0
2023,01,POL.2.19_1,0,0
2023,01,POL.2.1_1,0,0
2023,01,POL.2.20_1,0,0
2023,01,POL.2.21_1,0,0
2023,01,POL.2.22_1,0,0
2023,01,POL.2.23_1,0,0
2023,01,POL.2.2_1,0,0
2023,01,POL.2.4_1,0,0
2023,01,POL.2.5_1,0,0
2023,01,POL.2.6_1,0,0
2023,01,POL.2.7_1,0,0
2023,01,POL.2.8_1,0,0
2023,01,POL.2.9_1,0,0
2023,01,POL.3.16_1,0,0
2023,01,POL.3.19_1,0,0
2023,01,POL.3.20_1,0,0
2023,01,POL.3.3_1,0,0
2023,01,POL.3.8_1,0,0
2023,01,POL.4.22_1,0,0
2023,01,POL.4.2_1,0,0
2023,01,POL.5.12_1,0,0
2023,01,POL.5.1_1,0,0
2023,01,POL.5.2_1,0,0
2023,01,POL.5.3_1,0,0
2023,01,POL.5.4_1,0,0
2023,01,POL.5.6_1,0,0
2023,01,POL.5.7_1,0,0
2023,01,POL.5.8_1,0,0
2023,01,POL.5.9_1,0,0
2023,01,POL.6.12_1,0,0
2023,01,POL.6.13_1,0,0
2023,01,POL.6.17_1,0,0
2023,01,POL.6.20_1,0,0
2023,01,POL.6.5_1,0,0
2023,01,POL.7.12_1,0,0
2023,01,POL.7.13_1,0,0
2023,01,POL.7.14_1,0,0
2023,01,POL.7.16_1,0,0
2023,01,POL.7.18_1,0,0
2023,01,POL.7.19_1,0,0
2023,01,POL.7.1_1,0,0
2023,01,POL.7.21_1,0,0
2023,01,POL.7.22_1,0,0
2023,01,POL.7.23_1,0,0
2023,01,POL.7.24_1,0,0
2023,01,POL.7.25_1,0,0
2023,01,POL.7.26_1,0,0
2023,01,POL.7.30_1,0,0
2023,01,POL.7.31_1,0,0
2023,01,POL.7.32_1,0,0
2023,01,POL.7.35_1,0,0
2023,01,POL.7.36_1,0,0
2023,01,POL.7.37_1,0,0
2023,01,POL.7.38_1,0,0
2023,01,POL.7.39_1,0,0
2023,01,POL.7.3_1,0,0
2023,01,POL.7.40_1,0,0
2023,01,POL.7.42_1,0,0
2023,01,POL.7.4_1,0,0
2023,01,POL.7.5_1,0,0
2023,01,POL.7.6_1,0,0
2023,01,POL.7.7_1,0,0
2023,01,POL.7.8_1,0,0
2023,01,POL.8.7_1,0,0
2023,01,POL.9.10_1,0,0
2023,01,POL.9.1_1,0.0173646332659658,0.027000000000000347
2023,01,POL.9.21_1,0,0
2023,01,POL.9.5_1,0,0
2023,01,POL.9.8_1,0,0
2023,01,PRT.1.10_1,0.11076671075996256,0.17056606081106845
2023,01,PRT.1.11_1,0,0
2023,01,PRT.1.12_1,0.17060486277722958,0.17289830563061112
2023,01,PRT.1.13_1,0,0
2023,01,PRT.1.14_1,0.10751797484025667,0.16745569542888494
2023,01,PRT.1.15_1,0.2249104472732031,0.18810022330896994
2023,01,PRT.1.16_1,0.03966910262144893,0.164000000000002
2023,01,PRT.1.17_1,0.06375418129946112,0.04774471245884606
2023,01,PRT.1.18_1,0.0773172044955785,0.06358299400094213
2023,01,PRT.1.19_1,0.09923962845678666,0.11449170407614077
2023,01,PRT.1.1_1,0.03156073765041731,0.005281690140845182
2023,01,PRT.1.2_1,0.039958396287117094,0.02444737227345957
2023,01,PRT.1.3_1,0.08806127923909798,0.06171305656927902
2023,01,PRT.1.4_1,0.1411636281134891,0.10181054937084189
2023,01,PRT.1.5_1,0,0
2023,01,PRT.1.6_1,0.10034087009245819,0.11625584800579297
2023,01,PRT.1.7_1,0.0943498413067108,0.21277447361014723
2023,01,PRT.1.8_1,0.03772197056847213,0.023654159869494547
2023,01,PRT.1.9_1,0,0
2023,01,PRT.10.10_1,0.1333378053503521,0.06340558389115046
2023,01,PRT.10.11_1,0.14475999610193555,0.04934935848094028
2023,01,PRT.10.12_1,0.14331910438783702,0.06892168360241052
2023,01,PRT.10.13_1,0.13435043366251556,0.05975546338626352
2023,01,PRT.10.14_1,0.051405344047244554,0.015315342641729585
2023,01,PRT.10.1_1,0.049338201467109516,0.04044404289574437
2023,01,PRT.10.2_1,0.12441112860994243,0.05035349362686364
2023,01,PRT.10.3_1,0.12918974310154657,0.07423339093791237
2023,01,PRT.10.4_1,0.10806507156867542,0.06637942269642662
2023,01,PRT.10.5_1,0.10182865338051621,0.062027222277879455
2023,01,PRT.10.6_1,0.12270084469312494,0.06630560292776279
2023,01,PRT.10.7_1,0.17913733587704753,0.0555866350651566
2023,01,PRT.10.8_1,0.052582060515378545,0.06666446239318294
2023,01,PRT.10.9_1,0.10119093964148182,0.06153859200304919
2023,01,PRT.11.10_1,0.06380358051824976,0.14332487949278166
2023,01,PRT.11.11_1,0.06425414580131043,0.14588920475301656
2023,01,PRT.11.12_1,0.10955911553737314,0.1459319319634725
2023,01,PRT.11.13_1,0.05888969857060022,0.11804281053294782
2023,01,PRT.11.14_1,0.04494421265695652,0.10073747568564127
2023,01,PRT.11.15_1,0.14202243045297414,0.12489137858187122
2023,01,PRT.11.16_1,0.12631843501911555,0.12945191569744152
2023,01,PRT.11.1_1,0.15308586165618873,0.13910461255147166
2023,01,PRT.11.2_1,0.09123313906428313,0.1235344455064125
2023,01,PRT.11.3_1,0.09245850265191788,0.10968713518484695
2023,01,PRT.11.4_1,0.07101731657707837,0.13234996268627222
2023,01,PRT.11.5_1,0.08224716893001659,0.14509953475504564
2023,01,PRT.11.6_1,0.14732015547512228,0.14656580344363287
2023,01,PRT.11.7_1,0.04520064519734369,0.1016118253101832
2023,01,PRT.11.8_1,0.07472248861234293,0.11520555948783845
2023,01,PRT.11.9_1,0.19136927217371055,0.13463363097078357
2023,01,PRT.12.10_1,0.215039125511006,0.46868101268003287
2023,01,PRT.12.11_1,0.1398587468464653,0.6172997817497893
2023,01,PRT.12.12_1,0.16308314321454798,0.7283550712708965
2023,01,PRT.12.13_1,0.23368105926559707,0.5651170495161456
2023,01,PRT.12.14_1,0.09084091288603546,0.45075503892253405
2023,01,PRT.12.15_1,0.23501756432846116,0.49044165357373726
2023,01,PRT.12.16_1,0.18138966059745126,0.5794455824001318
2023,01,PRT.12.1_1,0.20978888622068123,0.5743743881155081
2023,01,PRT.12.2_1,0.1666780884933693,0.8319674606215344
2023,01,PRT.12.3_1,0.10567589199845,0.5499347232557695
2023,01,PRT.12.4_1,0.10444537398099614,0.24098739592684826
2023,01,PRT.12.5_1,0.1648915792119342,0.4859242079030261
2023,01,PRT.12.6_1,0.10391208107976141,0.6264453987937884
2023,01,PRT.12.7_1,0.34768759177105596,0.9313468330375761
2023,01,PRT.12.8_1,0.21248134665484536,0.7256961519120498
2023,01,PRT.12.9_1,0.17469514964933647,0.4934206748713336
2023,01,PRT.13.10_1,0,0
2023,01,PRT.13.11_1,0,0
2023,01,PRT.13.1_1,0,0
2023,01,PRT.13.2_1,0,0
2023,01,PRT.13.3_1,0,0
2023,01,PRT.13.4_1,0,0
2023,01,PRT.13.5_1,0,0
2023,01,PRT.13.6_1,0,0
2023,01,PRT.13.7_1,0,0
2023,01,PRT.13.8_1,0,0
2023,01,PRT.13.9_1,0,0
2023,01,PRT.14.10_1,0,0
2023,01,PRT.14.11_1,0,0
2023,01,PRT.14.12_1,0,0
2023,01,PRT.14.13_1,0,0
2023,01,PRT.14.14_1,0,0
2023,01,PRT.14.15_1,0,0
2023,01,PRT.14.1_1,0,0
2023,01,PRT.14.2_1,0,0
2023,01,PRT.14.3_1,0,0
2023,01,PRT.14.4_1,0.031264777264725374,0.033428165007112834
2023,01,PRT.14.5_1,0,0
2023,01,PRT.14.6_1,0,0
2023,01,PRT.14.7_1,0.04406529577573652,0.01873074565479627
2023,01,PRT.14.8_1,0,0
2023,01,PRT.14.9_1,0,0
2023,01,PRT.15.10_1,0.2617879918052679,0.6437752563785879
2023,01,PRT.15.11_1,0.3263397782907943,0.6022696520975815
2023,01,PRT.15.12_1,0.16269859426293767,0.9825013351269993
2023,01,PRT.15.13_1,0.1650906409686984,0.7428982695323082
2023,01,PRT.15.14_1,0.2615713592809682,0.6391380844024676
2023,01,PRT.15.15_1,0.15096986098056756,0.6636968702169899
2023,01,PRT.15.16_1,0.11920596401110088,0.6583121326745177
2023,01,PRT.15.17_1,0.28793006993883535,0.672565078333755
2023,01,PRT.15.18_1,0.2524523731486948,0.8255575238915412
2023,01,PRT.15.1_1,0.3229964257727456,0.4703324385637918
2023,01,PRT.15.2_1,0.2175930276331498,0.34621030585879403
2023,01,PRT.15.3_1,0.30080710423886087,0.5732481220018377
2023,01,PRT.15.4_1,0.18408401944774283,0.6986077295202173
2023,01,PRT.15.5_1,0.2654488632430219,0.6094101431078967
2023,01,PRT.15.6_1,0.21552751175873391,0.7664383749537659
2023,01,PRT.15.7_1,0.2916365919875461,0.5450722809896048
2023,01,PRT.15.8_1,0.15439261853707326,0.889298057593478
2023,01,PRT.15.9_1,0.21415721823260614,0.6218795624165683
2023,01,PRT.16.10_1,0,0
2023,01,PRT.16.11_1,0.039021343717650814,0.016909599515591213
2023,01,PRT.16.12_1,0,0
2023,01,PRT.16.13_1,0,0
2023,01,PRT.16.14_1,0.08197494239367371,0.040119361652809084
2023,01,PRT.16.15_1,0.07121131672152849,0.04034562078040231
2023,01,PRT.16.16_1,0,0
2023,01,PRT.16.17_1,0.04851644466235394,0.00930789935478038
2023,01,PRT.16.18_1,0,0
2023,01,PRT.16.19_1,0,0
2023,01,PRT.16.1_1,0,0
2023,01,PRT.16.20_1,0,0
2023,01,PRT.16.21_1,0,0
2023,01,PRT.16.2_1,0.035792376959560224,0.014466546112115904
2023,01,PRT.16.3_1,0,0
2023,01,PRT.16.4_1,0,0
2023,01,PRT.16.5_1,0.03683774140135415,0.038172192811368535
2023,01,PRT.16.6_1,0,0
2023,01,PRT.16.7_1,0,0
2023,01,PRT.16.8_1,0,0
2023,01,PRT.16.9_1,0.0295563654275685,0.011187491575684239
2023,01,PRT.17.10_1,0.11410761641802619,0.2818773941275566
2023,01,PRT.17.11_1,0.07384462927044833,0.2104806891673547
2023,01,PRT.17.12_1,0.11753688484210019,0.24622021042125258
2023,01,PRT.17.13_1,0,0
2023,01,PRT.17.1_1,0.05371891402397859,0.05639333328500341
2023,01,PRT.17.2_1,0.07739688077650965,0.27289578199727843
2023,01,PRT.17.3_1,0.16101035268657204,0.3870720355214161
2023,01,PRT.17.4_1,0.14240913415051965,0.46327341927306787
2023,01,PRT.17.5_1,0.06069857237975751,0.0935704752608615
2023,01,PRT.17.6_1,0.11723724883472406,0.3472792769978245
2023,01,PRT.17.7_1,0.13108745473482752,0.2801514575839716
2023,01,PRT.17.8_1,0.09650258066272242,0.2212854543412064
2023,01,PRT.17.9_1,0.06114892919768353,0.04554110659581167
2023,01,PRT.18.10_1,0.19694204287000713,0.4184619059656609
2023,01,PRT.18.1_1,0.3463423947436427,0.3436743480210498
2023,01,PRT.18.2_1,0.22613444309658276,0.43365104892872874
2023,01,PRT.18.3_1,0.19906079254683887,0.30530073379821066
2023,01,PRT.18.4_1,0.28634869586674105,0.3908301382225776
2023,01,PRT.18.5_1,0.2221378438796565,0.33656584106789894
2023,01,PRT.18.6_1,0.24472622777205832,0.3570195616367529
2023,01,PRT.18.7_1,0.3551333844429137,0.38524775207063217
2023,01,PRT.18.8_1,0.20525769718313244,0.44238873701821924
2023,01,PRT.18.9_1,0.31187161426673804,0.43388841171519366
2023,01,PRT.19.10_1,0,0
2023,01,PRT.19.11_1,0,0
2023,01,PRT.19.12_1,0,0
2023,01,PRT.19.13_1,0,0
2023,01,PRT.19.14_1,0.039624375016773086,0.005390216656029965
2023,01,PRT.19.1_1,0,0
2023,01,PRT.19.2_1,0,0
2023,01,PRT.19.3_1,0,0
2023,01,PRT.19.4_1,0.0745444026473705,0.08743488741090705
2023,01,PRT.19.5_1,0.07915745377378228,0.07674854849178828
2023,01,PRT.19.6_1,0.040233202775104594,0.004726174357600089
2023,01,PRT.19.7_1,0,0
2023,01,PRT.19.8_1,0.02786946363562483,0.00651960346521393
2023,01,PRT.19.9_1,0.050815181187070575,0.037462645196637785
2023,01,PRT.20.10_1,0.02786946363562483,0.019307061623909282
2023,01,PRT.20.12_1,0.036816548252436444,0.015004001821794469
2023,01,PRT.20.13_1,0.11267339190544903,0.08454063499481769
2023,01,PRT.20.14_1,0.06808919784718286,0.12087833526332914
2023,01,PRT.20.15_1,0,0
2023,01,PRT.20.16_1,0.0547937774408603,0.07251586407196585
2023,01,PRT.20.17_1,0,0
2023,01,PRT.20.18_1,0.03206225427563463,0.005778135360036976
2023,01,PRT.20.19_1,0,0
2023,01,PRT.20.1_1,0,0
2023,01,PRT.20.20_1,0,0
2023,01,PRT.20.21_1,0,0
2023,01,PRT.20.22_1,0,0
2023,01,PRT.20.2_1,0.0625632280433267,0.13694472347548245
2023,01,PRT.20.3_1,0.036750240889627715,0.04348359359600359
2023,01,PRT.20.4_1,0.12116135278451455,0.09196066713308436
2023,01,PRT.20.5_1,0.046602550408196664,0.009019848907134583
2023,01,PRT.20.6_1,0.08190980970190206,0.09688244091934123
2023,01,PRT.20.7_1,0,0
2023,01,PRT.20.8_1,0.10933248925003676,0.12618144939683848
2023,01,PRT.20.9_1,0.05804903230964403,0.11410758938787884
2023,01,PRT.3.10_1,0.09199024441931072,0.1080104904772848
2023,01,PRT.3.11_1,0.06913571989750614,0.029365556499627927
2023,01,PRT.3.12_1,0.07688191308013531,0.09964591520722152
2023,01,PRT.3.13_1,0.08776818362584578,0.11361988213640531
2023,01,PRT.3.14_1,0.06535402211890892,0.10921515363871778
2023,01,PRT.3.1_1,0.07568218931218547,0.11867054021790667
2023,01,PRT.3.2_1,0.08122177392624569,0.08153992685293807
2023,01,PRT.3.3_1,0.0436116966362566,0.0938194997391626
2023,01,PRT.3.4_1,0.026411301147409305,0.06500000000000072
2023,01,PRT.3.5_1,0.14473355122363246,0.1251737216193422
2023,01,PRT.3.6_1,0.07323978201105645,0.1092600611473897
2023,01,PRT.3.7_1,0.06991427158845501,0.1274150596862422
2023,01,PRT.3.8_1,0.08200783923769886,0.1154211679555634
2023,01,PRT.3.9_1,0.08771075556625232,0.08504845317599909
2023,01,PRT.4.10_1,0.1188160478445497,0.08272841040377941
2023,01,PRT.4.11_1,0.13105461654843917,0.08093790769224271
2023,01,PRT.4.12_1,0.2725824111518675,0.1719238426715552
2023,01,PRT.4.13_1,0.258739674001207,0.12254420838352034
2023,01,PRT.4.14_1,0.09629123668485788,0.14208888697912372
2023,01,PRT.4.1_1,0.16749251999523043,0.12546412441019333
2023,01,PRT.4.2_1,0.35764773900086594,0.16020620062169413
2023,01,PRT.4.3_1,0.31310883814611884,0.19135330344439314
2023,01,PRT.4.4_1,0.11972721624186573,0.08419862987791317
2023,01,PRT.4.5_1,0.14608945372951904,0.0981613327841759
2023,01,PRT.4.6_1,0.12370140721450683,0.17050435331533514
2023,01,PRT.4.7_1,0.20541071691944604,0.12387266472109741
2023,01,PRT.4.8_1,0.31222571210238137,0.15629930237308032
2023,01,PRT.4.9_1,0.17437600986649776,0.10825278061511542
2023,01,PRT.5.10_1,0,0
2023,01,PRT.5.11_1,0,0
2023,01,PRT.5.12_1,0,0
2023,01,PRT.5.1_1,0,0
2023,01,PRT.5.2_1,0,0
2023,01,PRT.5.3_1,0,0
2023,01,PRT.5.4_1,0,0
2023,01,PRT.5.5_1,0,0
2023,01,PRT.5.6_1,0,0
2023,01,PRT.5.7_1,0,0
2023,01,PRT.5.8_1,0,0
2023,01,PRT.5.9_1,0,0
2023,01,PRT.6.10_1,0,0
2023,01,PRT.6.11_1,0,0
2023,01,PRT.6.1_1,0.07342322100545699,0.11109350017553044
2023,01,PRT.6.2_1,0.0666735077862226,0.07916471544818432
2023,01,PRT.6.3_1,0.20493863011361935,0.1502837424961523
2023,01,PRT.6.4_1,0.1862571009596957,0.11701469251096015
2023,01,PRT.6.5_1,0,0
2023,01,PRT.6.6_1,0.0740013698215131,0.09425699045326243
2023,01,PRT.6.7_1,0.06460517659691087,0.10714096635991906
2023,01,PRT.6.8_1,0,0
2023,01,PRT.6.9_1,0.05451320618850006,0.02637584406270675
2023,01,PRT.7.10_1,0.19895986329355347,0.6409892394286706
2023,01,PRT.7.11_1,0.23555791722378805,0.46325859249347046
2023,01,PRT.7.12_1,0.1574293551346154,0.37627674337869815
2023,01,PRT.7.13_1,0.17591405786451206,0.5672887335599607
2023,01,PRT.7.14_1,0.12831540548610576,0.5031620550695759
2023,01,PRT.7.15_1,0.18215114455720935,0.5565430615462481
2023,01,PRT.7.16_1,0.20313820908528601,0.516502873587943
2023,01,PRT.7.17_1,0.10465149251436055,0.5001903376914277
2023,01,PRT.7.1_1,0.21960277218746146,0.479982004520743
2023,01,PRT.7.2_1,0.23203124292815738,0.683384805365598
2023,01,PRT.7.3_1,0.29029484536615396,0.7684466626359884
2023,01,PRT.7.4_1,0.16638920541425714,0.5903715144091035
2023,01,PRT.7.5_1,0.21936433726683066,0.6512475710142402
2023,01,PRT.7.6_1,0.11508600186116977,0.42936802838776894
2023,01,PRT.7.7_1,0.12977655560945947,0.5324132861584006
2023,01,PRT.7.8_1,0.10628049020712983,0.6691205883803089
2023,01,PRT.7.9_1,0.11683275662185369,0.4680538628909509
2023,01,PRT.8.10_1,0,0
2023,01,PRT.8.11_1,0.03493931901426946,0.026793622674933893
2023,01,PRT.8.12_1,0.05201628687114993,0.14113329601293947
2023,01,PRT.8.13_1,0.03683774140135415,0.050256786500367405
2023,01,PRT.8.14_1,0,0
2023,01,PRT.8.1_1,0,0
2023,01,PRT.8.2_1,0,0
2023,01,PRT.8.3_1,0,0
2023,01,PRT.8.4_1,0,0
2023,01,PRT.8.5_1,0,0
2023,01,PRT.8.6_1,0.03417809628602299,0.012827663134411792
2023,01,PRT.8.7_1,0,0
2023,01,PRT.8.8_1,0.028390307414469764,0.026685393258427323
2023,01,PRT.8.9_1,0.06475095901758003,0.05551328589214832
2023,01,PRT.9.10_1,0.10468570564450139,0.5917773687588741
2023,01,PRT.9.11_1,0.09025738933200746,0.43395543638176215
2023,01,PRT.9.12_1,0.04997545524052417,0.3200000000000038
2023,01,PRT.9.13_1,0.13403893279623075,0.4602766011485279
2023,01,PRT.9.14_1,0.14688172755173443,0.45113241682659205
2023,01,PRT.9.15_1,0.11223808853105399,0.37233391747896083
2023,01,PRT.9.16_1,0.09021865889952912,0.4548276533268285
2023,01,PRT.9.1_1,0.0900433691237711,0.4282234169570158
2023,01,PRT.9.2_1,0.10857754566804965,0.34150303875184906
2023,01,PRT.9.3_1,0.09840582874804298,0.35089286429428435
2023,01,PRT.9.4_1,0.09899511885029987,0.3776011906875979
2023,01,PRT.9.5_1,0.12494534418646915,0.5430811234452617
2023,01,PRT.9.6_1,0.09025605407652194,0.4345049857481025
2023,01,PRT.9.7_1,0.11197061028709909,0.3905896993439013
2023,01,PRT.9.8_1,0.15959862876286937,0.3414202764662425
2023,01,PRT.9.9_1,0.08660271366515458,0.36846208470890496
2023,01,ROU.1.10_1,0,0
2023,01,ROU.1.11_1,0,0
2023,01,ROU.1.12_1,0,0
2023,01,ROU.1.13_1,0,0
2023,01,ROU.1.14_1,0,0
2023,01,ROU.1.15_1,0,0
2023,01,ROU.1.16_1,0.027692843395231256,0.07200000000000081
2023,01,ROU.1.17_1,0,0
2023,01,ROU.1.18_1,0.021489915763681852,0.042000000000000544
2023,01,ROU.1.19_1,0.02290163065295795,0.04800000000000062
2023,01,ROU.1.1_1,0,0
2023,01,ROU.1.20_1,0,0
2023,01,ROU.1.21_1,0.022673715484236145,0.047000000000000604
2023,01,ROU.1.22_1,0,0
2023,01,ROU.1.23_1,0,0
2023,01,ROU.1.24_1,0.02290163065295795,0.04800000000000062
2023,01,ROU.1.25_1,0,0
2023,01,ROU.1.26_1,0.027334920031015345,0.0700000000000009
2023,01,ROU.1.27_1,0,0
2023,01,ROU.1.28_1,0,0
2023,01,ROU.1.29_1,0.024424437038630373,0.05500000000000071
2023,01,ROU.1.2_1,0,0
2023,01,ROU.1.30_1,0,0
2023,01,ROU.1.31_1,0,0
2023,01,ROU.1.32_1,0,0
2023,01,ROU.1.33_1,0,0
2023,01,ROU.1.34_1,0,0
2023,01,ROU.1.35_1,0,0
2023,01,ROU.1.36_1,0,0
2023,01,ROU.1.37_1,0,0
2023,01,ROU.1.38_1,0,0
2023,01,ROU.1.39_1,0,0
2023,01,ROU.1.3_1,0,0
2023,01,ROU.1.40_1,0,0
2023,01,ROU.1.41_1,0,0
2023,01,ROU.1.42_1,0,0
2023,01,ROU.1.43_1,0,0
2023,01,ROU.1.44_1,0,0
2023,01,ROU.1.45_1,0,0
2023,01,ROU.1.46_1,0,0
2023,01,ROU.1.47_1,0,0
2023,01,ROU.1.48_1,0,0
2023,01,ROU.1.49_1,0,0
2023,01,ROU.1.4_1,0,0
2023,01,ROU.1.50_1,0,0
2023,01,ROU.1.51_1,0,0
2023,01,ROU.1.52_1,0,0
2023,01,ROU.1.53_1,0,0
2023,01,ROU.1.54_1,0,0
2023,01,ROU.1.55_1,0,0
2023,01,ROU.1.56_1,0,0
2023,01,ROU.1.57_1,0,0
2023,01,ROU.1.58_1,0,0
2023,01,ROU.1.59_1,0,0
2023,01,ROU.1.5_1,0.025243416384443173,0.05900000000000076
2023,01,ROU.1.60_1,0,0
2023,01,ROU.1.61_1,0.024214179723045553,0.05400000000000069
2023,01,ROU.1.62_1,0,0
2023,01,ROU.1.63_1,0,0
2023,01,ROU.1.64_1,0.02939378953342484,0.08200000000000095
2023,01,ROU.1.65_1,0,0
2023,01,ROU.1.66_1,0,0
2023,01,ROU.1.67_1,0,0
2023,01,ROU.1.68_1,0,0
2023,01,ROU.1.69_1,0.018568210412728343,0.031000000000000288
2023,01,ROU.1.6_1,0.014626439448359682,0.019000000000000246
2023,01,ROU.1.70_1,0,0
2023,01,ROU.1.71_1,0,0
2023,01,ROU.1.72_1,0,0
2023,01,ROU.1.73_1,0.02583595844498755,0.0620000000000008
2023,01,ROU.1.74_1,0,0
2023,01,ROU.1.75_1,0,0
2023,01,ROU.1.76_1,0,0
2023,01,ROU.1.7_1,0.022209319716949616,0.04500000000000058
2023,01,ROU.1.8_1,0,0
2023,01,ROU.1.9_1,0,0
2023,01,ROU.10.1_1,0.013022400810965909,0.015000000000000194
2023,01,ROU.11.10_1,0.030964505683742812,0.09200000000000107
2023,01,ROU.11.11_1,0.024424437038630373,0.05500000000000071
2023,01,ROU.11.12_1,0.02786946363562483,0.07300000000000083
2023,01,ROU.11.13_1,0.0295563654275685,0.08300000000000096
2023,01,ROU.11.14_1,0.0288981921295096,0.0790000000000009
2023,01,ROU.11.15_1,0.03284229370320487,0.10500000000000125
2023,01,ROU.11.16_1,0.02697054521774516,0.06800000000000077
2023,01,ROU.11.17_1,0.02697054521774516,0.06800000000000077
2023,01,ROU.11.18_1,0.028730294336337586,0.07800000000000089
2023,01,ROU.11.19_1,0.02715355518004624,0.0690000000000009
2023,01,ROU.11.1_1,0.038975431044814414,0.15700000000000192
2023,01,ROU.11.20_1,0.025640413637213404,0.06100000000000067
2023,01,ROU.11.21_1,0.02400160243147714,0.053000000000000685
2023,01,ROU.11.22_1,0.031996855956060714,0.09900000000000117
2023,01,ROU.11.23_1,0.02715355518004624,0.0690000000000009
2023,01,ROU.11.24_1,0.039958396287117094,0.16700000000000204
2023,01,ROU.11.25_1,0.028218167786464483,0.07500000000000086
2023,01,ROU.11.26_1,0.03404839150347801,0.11400000000000146
2023,01,ROU.11.27_1,0.02751467230226447,0.0710000000000008
2023,01,ROU.11.28_1,0.02971766572349627,0.08400000000000098
2023,01,ROU.11.29_1,0.03365423192353865,0.11100000000000132
2023,01,ROU.11.2_1,0.041425130624260884,0.18300000000000224
2023,01,ROU.11.30_1,0.03325229451132378,0.10800000000000128
2023,01,ROU.11.31_1,0.030036521559975722,0.08600000000000099
2023,01,ROU.11.32_1,0.03214019949601003,0.10000000000000117
2023,01,ROU.11.33_1,0.041425130624260884,0.18300000000000224
2023,01,ROU.11.34_1,0.027692843395231256,0.07200000000000081
2023,01,ROU.11.35_1,0.023786642964282206,0.05200000000000067
2023,01,ROU.11.36_1,0.02786946363562483,0.07300000000000083
2023,01,ROU.11.37_1,0.031996855956060714,0.09900000000000117
2023,01,ROU.11.38_1,0.02312680358116367,0.04900000000000063
2023,01,ROU.11.39_1,0.0405231427764259,0.17300000000000212
2023,01,ROU.11.3_1,0.03506343718509484,0.12200000000000157
2023,01,ROU.11.40_1,0.02544291490408445,0.060000000000000664
2023,01,ROU.11.41_1,0.02751467230226447,0.0710000000000008
2023,01,ROU.11.42_1,0.022209319716949616,0.04500000000000058
2023,01,ROU.11.43_1,0.0373951370764536,0.1420000000000017
2023,01,ROU.11.44_1,0.02583595844498755,0.0620000000000008
2023,01,ROU.11.45_1,0.0288981921295096,0.0790000000000009
2023,01,ROU.11.46_1,0.03728494026625759,0.1410000000000017
2023,01,ROU.11.47_1,0.032979875013936046,0.10600000000000126
2023,01,ROU.11.48_1,0.026785856424274813,0.06700000000000075
2023,01,ROU.11.49_1,0.026785856424274813,0.06700000000000075
2023,01,ROU.11.4_1,0.02715355518004624,0.0690000000000009
2023,01,ROU.11.50_1,0.026411301147409305,0.06500000000000072
2023,01,ROU.11.51_1,0.02602959336347104,0.0630000000000008
2023,01,ROU.11.52_1,0.030505735838905406,0.08900000000000104
2023,01,ROU.11.53_1,0.027692843395231256,0.07200000000000081
2023,01,ROU.11.54_1,0.0280445623245369,0.07400000000000084
2023,01,ROU.11.55_1,0.028218167786464483,0.07500000000000086
2023,01,ROU.11.56_1,0.02697054521774516,0.06800000000000077
2023,01,ROU.11.57_1,0.030812713878699133,0.09100000000000107
2023,01,ROU.11.58_1,0.026599453829620263,0.06600000000000085
2023,01,ROU.11.59_1,0.029877711080867154,0.08500000000000098
2023,01,ROU.11.5_1,0.02602959336347104,0.0630000000000008
2023,01,ROU.11.60_1,0.03937506029530713,0.16100000000000197
2023,01,ROU.11.61_1,0.03325229451132378,0.10800000000000128
2023,01,ROU.11.62_1,0.028218167786464483,0.07500000000000086
2023,01,ROU.11.63_1,0.03156073765041731,0.09600000000000113
2023,01,ROU.11.64_1,0.02971766572349627,0.08400000000000098
2023,01,ROU.11.65_1,0.031264777264725374,0.0940000000000011
2023,01,ROU.11.66_1,0.030505735838905406,0.08900000000000104
2023,01,ROU.11.67_1,0.02971766572349627,0.08400000000000098
2023,01,ROU.11.68_1,0.03804328129493922,0.1480000000000018
2023,01,ROU.11.69_1,0.027334920031015345,0.0700000000000009
2023,01,ROU.11.6_1,0.019138042751105304,0.033000000000000425
2023,01,ROU.11.70_1,0.026411301147409305,0.06500000000000072
2023,01,ROU.11.71_1,0.023786642964282206,0.05200000000000067
2023,01,ROU.11.72_1,0.03966910262144893,0.164000000000002
2023,01,ROU.11.73_1,0.03270378265664547,0.10400000000000123
2023,01,ROU.11.74_1,0.03019411664590983,0.08700000000000101
2023,01,ROU.11.75_1,0.026411301147409305,0.06500000000000072
2023,01,ROU.11.76_1,0.02786946363562483,0.07300000000000083
2023,01,ROU.11.77_1,0.03856690019698266,0.15300000000000186
2023,01,ROU.11.78_1,0.03793678264825137,0.1470000000000018
2023,01,ROU.11.79_1,0.02922991675655941,0.08100000000000093
2023,01,ROU.11.7_1,0.02751467230226447,0.0710000000000008
2023,01,ROU.11.80_1,0.03856690019698266,0.15300000000000186
2023,01,ROU.11.81_1,0.025243416384443173,0.05900000000000076
2023,01,ROU.11.82_1,0.028390307414469764,0.07600000000000087
2023,01,ROU.11.83_1,0.02463243378679614,0.05600000000000072
2023,01,ROU.11.84_1,0.026411301147409305,0.06500000000000072
2023,01,ROU.11.85_1,0.03761364677111082,0.14400000000000174
2023,01,ROU.11.8_1,0.03976605631935341,0.165000000000002
2023,01,ROU.11.9_1,0.0224429745303176,0.04600000000000059
2023,01,ROU.12.12_1,0.03019411664590983,0.08700000000000101
2023,01,ROU.12.14_1,0.02939378953342484,0.08200000000000095
2023,01,ROU.12.18_1,0.028730294336337586,0.07800000000000089
2023,01,ROU.12.19_1,0.0280445623245369,0.07400000000000084
2023,01,ROU.12.21_1,0.03417809628602299,0.11500000000000125
2023,01,ROU.12.25_1,0.0324239236154818,0.1020000000000012
2023,01,ROU.12.2_1,0.028561007712683044,0.07700000000000089
2023,01,ROU.12.30_1,0.03325229451132378,0.10800000000000128
2023,01,ROU.12.32_1,0.036610212641791796,0.13500000000000162
2023,01,ROU.12.35_1,0.03338715508026268,0.10900000000000129
2023,01,ROU.12.39_1,0.03270378265664547,0.10400000000000123
2023,01,ROU.12.3_1,0.029877711080867154,0.08500000000000098
2023,01,ROU.12.43_1,0.03365423192353865,0.11100000000000132
2023,01,ROU.12.4_1,0.03256433001047999,0.10300000000000122
2023,01,ROU.12.5_1,0.035792376959560224,0.12800000000000153
2023,01,ROU.12.7_1,0.03518679135553708,0.12300000000000136
2023,01,ROU.12.8_1,0.03156073765041731,0.09600000000000113
2023,01,ROU.12.9_1,0.03170713894015779,0.09700000000000114
2023,01,ROU.13.25_1,0.02312680358116367,0.04900000000000063
2023,01,ROU.13.26_1,0,0
2023,01,ROU.13.3_1,0.02483822675797491,0.05700000000000073
2023,01,ROU.13.46_1,0.02312680358116367,0.04900000000000063
2023,01,ROU.13.48_1,0,0
2023,01,ROU.13.4_1,0.023569236142789846,0.051000000000000656
2023,01,ROU.13.55_1,0,0
2023,01,ROU.13.5_1,0.0219726580873525,0.044000000000000566
2023,01,ROU.13.60_1,0.024424437038630373,0.05500000000000071
2023,01,ROU.13.63_1,0,0
2023,01,ROU.13.65_1,0,0
2023,01,ROU.13.6_1,0,0
2023,01,ROU.13.70_1,0.02400160243147714,0.053000000000000685
2023,01,ROU.13.73_1,0,0
2023,01,ROU.13.75_1,0,0
2023,01,ROU.13.76_1,0.019958002869948324,0.03600000000000046
2023,01,ROU.13.7_1,0.0280445623245369,0.07400000000000084
2023,01,ROU.14.10_1,0,0
2023,01,ROU.14.11_1,0,0
2023,01,ROU.14.12_1,0,0
2023,01,ROU.14.13_1,0,0
2023,01,ROU.14.14_1,0,0
2023,01,ROU.14.15_1,0,0
2023,01,ROU.14.16_1,0,0
2023,01,ROU.14.17_1,0,0
2023,01,ROU.14.18_1,0,0
2023,01,ROU.14.19_1,0,0
2023,01,ROU.14.1_1,0,0
2023,01,ROU.14.20_1,0,0
2023,01,ROU.14.21_1,0,0
2023,01,ROU.14.22_1,0,0
2023,01,ROU.14.23_1,0,0
2023,01,ROU.14.24_1,0.02400160243147714,0.053000000000000685
2023,01,ROU.14.25_1,0.021732891413029136,0.04300000000000055
2023,01,ROU.14.26_1,0,0
2023,01,ROU.14.27_1,0,0
2023,01,ROU.14.28_1,0,0
2023,01,ROU.14.29_1,0,0
2023,01,ROU.14.2_1,0,0
2023,01,ROU.14.30_1,0,0
2023,01,ROU.14.31_1,0,0
2023,01,ROU.14.32_1,0,0
2023,01,ROU.14.33_1,0,0
2023,01,ROU.14.34_1,0,0
2023,01,ROU.14.35_1,0,0
2023,01,ROU.14.36_1,0,0
2023,01,ROU.14.37_1,0,0
2023,01,ROU.14.38_1,0,0
2023,01,ROU.14.39_1,0,0
2023,01,ROU.14.3_1,0,0
2023,01,ROU.14.40_1,0,0
2023,01,ROU.14.41_1,0,0
2023,01,ROU.14.42_1,0,0
2023,01,ROU.14.43_1,0,0
2023,01,ROU.14.44_1,0,0
2023,01,ROU.14.45_1,0,0
2023,01,ROU.14.46_1,0,0
2023,01,ROU.14.47_1,0,0
2023,01,ROU.14.48_1,0,0
2023,01,ROU.14.49_1,0,0
2023,01,ROU.14.4_1,0,0
2023,01,ROU.14.50_1,0,0
2023,01,ROU.14.51_1,0,0
2023,01,ROU.14.52_1,0,0
2023,01,ROU.14.53_1,0,0
2023,01,ROU.14.54_1,0,0
2023,01,ROU.14.55_1,0,0
2023,01,ROU.14.56_1,0,0
2023,01,ROU.14.57_1,0,0
2023,01,ROU.14.58_1,0,0
2023,01,ROU.14.59_1,0,0
2023,01,ROU.14.5_1,0,0
2023,01,ROU.14.60_1,0,0
2023,01,ROU.14.61_1,0.02290163065295795,0.04800000000000062
2023,01,ROU.14.62_1,0,0
2023,01,ROU.14.63_1,0,0
2023,01,ROU.14.64_1,0.018275691057923763,0.030000000000000387
2023,01,ROU.14.65_1,0,0
2023,01,ROU.14.66_1,0,0
2023,01,ROU.14.67_1,0,0
2023,01,ROU.14.68_1,0,0
2023,01,ROU.14.69_1,0,0
2023,01,ROU.14.6_1,0,0
2023,01,ROU.14.70_1,0,0
2023,01,ROU.14.71_1,0,0
2023,01,ROU.14.72_1,0,0
2023,01,ROU.14.73_1,0,0
2023,01,ROU.14.74_1,0,0
2023,01,ROU.14.75_1,0,0
2023,01,ROU.14.76_1,0,0
2023,01,ROU.14.77_1,0,0
2023,01,ROU.14.78_1,0,0
2023,01,ROU.14.79_1,0,0
2023,01,ROU.14.7_1,0,0
2023,01,ROU.14.80_1,0,0
2023,01,ROU.14.8_1,0,0
2023,01,ROU.14.9_1,0,0
2023,01,ROU.15.10_1,0.03156073765041731,0.09600000000000113
2023,01,ROU.15.11_1,0.03284229370320487,0.10500000000000125
2023,01,ROU.15.12_1,0.029877711080867154,0.08500000000000098
2023,01,ROU.15.13_1,0.034688757817409883,0.11900000000000142
2023,01,ROU.15.14_1,0.030964505683742812,0.09200000000000107
2023,01,ROU.15.15_1,0.03543123956435251,0.1250000000000015
2023,01,ROU.15.16_1,0.03761364677111082,0.14400000000000174
2023,01,ROU.15.17_1,0.0356727258095903,0.12700000000000153
2023,01,ROU.15.18_1,0.03614704913653738,0.1310000000000016
2023,01,ROU.15.19_1,0.04408716983802972,0.21600000000000244
2023,01,ROU.15.1_1,0.03404839150347801,0.11400000000000146
2023,01,ROU.15.20_1,0.03065979624060513,0.09000000000000105
2023,01,ROU.15.21_1,0.034688757817409883,0.11900000000000142
2023,01,ROU.15.22_1,0.026411301147409305,0.06500000000000072
2023,01,ROU.15.23_1,0.02939378953342484,0.08200000000000095
2023,01,ROU.15.24_1,0.030350515271466805,0.08800000000000102
2023,01,ROU.15.25_1,0.0280445623245369,0.07400000000000084
2023,01,ROU.15.26_1,0.02922991675655941,0.08100000000000093
2023,01,ROU.15.27_1,0.02715355518004624,0.0690000000000009
2023,01,ROU.15.28_1,0.039275972544386,0.16000000000000195
2023,01,ROU.15.29_1,0.028561007712683044,0.07700000000000089
2023,01,ROU.15.2_1,0.0280445623245369,0.07400000000000084
2023,01,ROU.15.30_1,0.038669882757335516,0.15400000000000189
2023,01,ROU.15.31_1,0.03404839150347801,0.11400000000000146
2023,01,ROU.15.32_1,0.02922991675655941,0.08100000000000093
2023,01,ROU.15.33_1,0.0356727258095903,0.12700000000000153
2023,01,ROU.15.34_1,0.03456229793721967,0.1180000000000013
2023,01,ROU.15.35_1,0.04269205818739921,0.19800000000000245
2023,01,ROU.15.36_1,0.0324239236154818,0.1020000000000012
2023,01,ROU.15.37_1,0.031996855956060714,0.09900000000000117
2023,01,ROU.15.38_1,0.03378646910062442,0.11200000000000145
2023,01,ROU.15.39_1,0.030036521559975722,0.08600000000000099
2023,01,ROU.15.3_1,0.04430725939360908,0.2190000000000026
2023,01,ROU.15.40_1,0.030036521559975722,0.08600000000000099
2023,01,ROU.15.41_1,0.03543123956435251,0.1250000000000015
2023,01,ROU.15.42_1,0.03156073765041731,0.09600000000000113
2023,01,ROU.15.43_1,0.04177278103142153,0.1870000000000023
2023,01,ROU.15.44_1,0.031115188132474964,0.09300000000000108
2023,01,ROU.15.45_1,0.03065979624060513,0.09000000000000105
2023,01,ROU.15.46_1,0.03493931901426946,0.12100000000000134
2023,01,ROU.15.47_1,0.030812713878699133,0.09100000000000107
2023,01,ROU.15.48_1,0.04159987081641561,0.18500000000000227
2023,01,ROU.15.49_1,0.030036521559975722,0.08600000000000099
2023,01,ROU.15.4_1,0.03543123956435251,0.1250000000000015
2023,01,ROU.15.50_1,0.04309277810255925,0.2030000000000025
2023,01,ROU.15.51_1,0.03141328869951815,0.09500000000000111
2023,01,ROU.15.52_1,0.03365423192353865,0.11100000000000132
2023,01,ROU.15.53_1,0.03065979624060513,0.09000000000000105
2023,01,ROU.15.54_1,0.03065979624060513,0.09000000000000105
2023,01,ROU.15.55_1,0.043013466460014214,0.20200000000000248
2023,01,ROU.15.56_1,0.036263869366899154,0.1320000000000016
2023,01,ROU.15.58_1,0.03506343718509484,0.12200000000000157
2023,01,ROU.15.59_1,0.030350515271466805,0.08800000000000102
2023,01,ROU.15.5_1,0.02939378953342484,0.08200000000000095
2023,01,ROU.15.6_1,0.03365423192353865,0.11100000000000132
2023,01,ROU.15.7_1,0.02939378953342484,0.08200000000000095
2023,01,ROU.15.8_1,0.043013466460014214,0.20200000000000248
2023,01,ROU.15.9_1,0.04024304370199663,0.17000000000000207
2023,01,ROU.15_1,0.032979875013936046,0.10600000000000126
2023,01,ROU.16.13_1,0,0
2023,01,ROU.16.14_1,0.0219726580873525,0.044000000000000566
2023,01,ROU.16.15_1,0.02290163065295795,0.04800000000000062
2023,01,ROU.16.16_1,0,0
2023,01,ROU.16.19_1,0,0
2023,01,ROU.16.1_1,0,0
2023,01,ROU.16.20_1,0,0
2023,01,ROU.16.21_1,0,0
2023,01,ROU.16.2_1,0,0
2023,01,ROU.16.31_1,0,0
2023,01,ROU.16.38_1,0.020993890399061767,0.040000000000000514
2023,01,ROU.16.3_1,0,0
2023,01,ROU.16.5_1,0,0
2023,01,ROU.17.18_1,0.028561007712683044,0.07700000000000089
2023,01,ROU.17.20_1,0.030036521559975722,0.08600000000000099
2023,01,ROU.17.22_1,0.03311653817649007,0.10700000000000126
2023,01,ROU.17.23_1,0.030350515271466805,0.08800000000000102
2023,01,ROU.17.39_1,0.026411301147409305,0.06500000000000072
2023,01,ROU.17.47_1,0.017674187644973697,0.02800000000000036
2023,01,ROU.17.50_1,0.030036521559975722,0.08600000000000099
2023,01,ROU.17.56_1,0.03156073765041731,0.09600000000000113
2023,01,ROU.17.57_1,0.03065979624060513,0.09000000000000105
2023,01,ROU.17.5_1,0.023786642964282206,0.05200000000000067
2023,01,ROU.17.68_1,0.031264777264725374,0.0940000000000011
2023,01,ROU.17.75_1,0.02697054521774516,0.06800000000000077
2023,01,ROU.17.80_1,0.02922991675655941,0.08100000000000093
2023,01,ROU.17.9_1,0.031115188132474964,0.09300000000000108
2023,01,ROU.18.10_1,0.026599453829620263,0.06600000000000085
2023,01,ROU.18.11_1,0.025041870283848078,0.058000000000000745
2023,01,ROU.18.12_1,0.02124362103085479,0.04100000000000053
2023,01,ROU.18.13_1,0.022673715484236145,0.047000000000000604
2023,01,ROU.18.14_1,0.021489915763681852,0.042000000000000544
2023,01,ROU.18.15_1,0.025243416384443173,0.05900000000000076
2023,01,ROU.18.16_1,0.024424437038630373,0.05500000000000071
2023,01,ROU.18.17_1,0.022209319716949616,0.04500000000000058
2023,01,ROU.18.18_1,0.020740599757139808,0.0390000000000005
2023,01,ROU.18.19_1,0.025041870283848078,0.058000000000000745
2023,01,ROU.18.1_1,0.025041870283848078,0.058000000000000745
2023,01,ROU.18.20_1,0.02463243378679614,0.05600000000000072
2023,01,ROU.18.21_1,0.025041870283848078,0.058000000000000745
2023,01,ROU.18.22_1,0.03417809628602299,0.11500000000000125
2023,01,ROU.18.23_1,0.026411301147409305,0.06500000000000072
2023,01,ROU.18.24_1,0.02400160243147714,0.053000000000000685
2023,01,ROU.18.25_1,0.024214179723045553,0.05400000000000069
2023,01,ROU.18.26_1,0.02544291490408445,0.060000000000000664
2023,01,ROU.18.27_1,0.0219726580873525,0.044000000000000566
2023,01,ROU.18.28_1,0.024424437038630373,0.05500000000000071
2023,01,ROU.18.29_1,0.0233493136047241,0.05000000000000064
2023,01,ROU.18.2_1,0.02312680358116367,0.04900000000000063
2023,01,ROU.18.30_1,0.024424437038630373,0.05500000000000071
2023,01,ROU.18.31_1,0.02602959336347104,0.0630000000000008
2023,01,ROU.18.32_1,0.022209319716949616,0.04500000000000058
2023,01,ROU.18.33_1,0.0233493136047241,0.05000000000000064
2023,01,ROU.18.34_1,0.0233493136047241,0.05000000000000064
2023,01,ROU.18.35_1,0.02463243378679614,0.05600000000000072
2023,01,ROU.18.36_1,0.021732891413029136,0.04300000000000055
2023,01,ROU.18.37_1,0.02786946363562483,0.07300000000000083
2023,01,ROU.18.38_1,0.025243416384443173,0.05900000000000076
2023,01,ROU.18.39_1,0.021489915763681852,0.042000000000000544
2023,01,ROU.18.3_1,0.026599453829620263,0.06600000000000085
2023,01,ROU.18.40_1,0.02463243378679614,0.05600000000000072
2023,01,ROU.18.41_1,0.02463243378679614,0.05600000000000072
2023,01,ROU.18.42_1,0.025041870283848078,0.058000000000000745
2023,01,ROU.18.43_1,0.03391785233213296,0.11300000000000135
2023,01,ROU.18.44_1,0.02544291490408445,0.060000000000000664
2023,01,ROU.18.45_1,0.023786642964282206,0.05200000000000067
2023,01,ROU.18.46_1,0.02463243378679614,0.05600000000000072
2023,01,ROU.18.47_1,0.03404839150347801,0.11400000000000146
2023,01,ROU.18.48_1,0.025640413637213404,0.06100000000000067
2023,01,ROU.18.49_1,0.02312680358116367,0.04900000000000063
2023,01,ROU.18.4_1,0.021732891413029136,0.04300000000000055
2023,01,ROU.18.50_1,0.02463243378679614,0.05600000000000072
2023,01,ROU.18.51_1,0.022673715484236145,0.047000000000000604
2023,01,ROU.18.52_1,0.02290163065295795,0.04800000000000062
2023,01,ROU.18.53_1,0.02312680358116367,0.04900000000000063
2023,01,ROU.18.54_1,0.025041870283848078,0.058000000000000745
2023,01,ROU.18.55_1,0.03481442867176624,0.12000000000000144
2023,01,ROU.18.56_1,0.02290163065295795,0.04800000000000062
2023,01,ROU.18.57_1,0.026221360704147222,0.06400000000000082
2023,01,ROU.18.58_1,0.03518679135553708,0.12300000000000136
2023,01,ROU.18.59_1,0.0233493136047241,0.05000000000000064
2023,01,ROU.18.5_1,0.021489915763681852,0.042000000000000544
2023,01,ROU.18.60_1,0.0233493136047241,0.05000000000000064
2023,01,ROU.18.61_1,0.023569236142789846,0.051000000000000656
2023,01,ROU.18.62_1,0.020993890399061767,0.040000000000000514
2023,01,ROU.18.63_1,0.02697054521774516,0.06800000000000077
2023,01,ROU.18.64_1,0.026221360704147222,0.06400000000000082
2023,01,ROU.18.65_1,0.021489915763681852,0.042000000000000544
2023,01,ROU.18.66_1,0.0364954445877634,0.13400000000000162
2023,01,ROU.18.67_1,0.02463243378679614,0.05600000000000072
2023,01,ROU.18.68_1,0.023569236142789846,0.051000000000000656
2023,01,ROU.18.69_1,0.02312680358116367,0.04900000000000063
2023,01,ROU.18.6_1,0.021489915763681852,0.042000000000000544
2023,01,ROU.18.70_1,0.02463243378679614,0.05600000000000072
2023,01,ROU.18.71_1,0.02463243378679614,0.05600000000000072
2023,01,ROU.18.72_1,0.02786946363562483,0.07300000000000083
2023,01,ROU.18.73_1,0.025041870283848078,0.058000000000000745
2023,01,ROU.18.74_1,0.024214179723045553,0.05400000000000069
2023,01,ROU.18.75_1,0.02312680358116367,0.04900000000000063
2023,01,ROU.18.76_1,0.026411301147409305,0.06500000000000072
2023,01,ROU.18.77_1,0.02715355518004624,0.0690000000000009
2023,01,ROU.18.78_1,0.024424437038630373,0.05500000000000071
2023,01,ROU.18.79_1,0.024214179723045553,0.05400000000000069
2023,01,ROU.18.7_1,0.025640413637213404,0.06100000000000067
2023,01,ROU.18.80_1,0.025243416384443173,0.05900000000000076
2023,01,ROU.18.81_1,0.02463243378679614,0.05600000000000072
2023,01,ROU.18.82_1,0.0324239236154818,0.1020000000000012
2023,01,ROU.18.83_1,0.02483822675797491,0.05700000000000073
2023,01,ROU.18.84_1,0.024214179723045553,0.05400000000000069
2023,01,ROU.18.85_1,0.02751467230226447,0.0710000000000008
2023,01,ROU.18.86_1,0.035911309844631305,0.12900000000000156
2023,01,ROU.18.87_1,0.02463243378679614,0.05600000000000072
2023,01,ROU.18.88_1,0.02483822675797491,0.05700000000000073
2023,01,ROU.18.89_1,0.022673715484236145,0.047000000000000604
2023,01,ROU.18.8_1,0.020993890399061767,0.040000000000000514
2023,01,ROU.18.90_1,0.023569236142789846,0.051000000000000656
2023,01,ROU.18.91_1,0.026785856424274813,0.06700000000000075
2023,01,ROU.18.92_1,0.02400160243147714,0.053000000000000685
2023,01,ROU.18.93_1,0.03672430950077514,0.13600000000000165
2023,01,ROU.18.94_1,0.026221360704147222,0.06400000000000082
2023,01,ROU.18.95_1,0.02400160243147714,0.053000000000000685
2023,01,ROU.18.96_1,0.024424437038630373,0.05500000000000071
2023,01,ROU.18.97_1,0.0224429745303176,0.04600000000000059
2023,01,ROU.18.98_1,0.01941580203000218,0.03400000000000044
2023,01,ROU.18.99_1,0.020993890399061767,0.040000000000000514
2023,01,ROU.18.9_1,0.034306976143519415,0.11600000000000127
2023,01,ROU.19.11_1,0.028730294336337586,0.07800000000000089
2023,01,ROU.19.1_1,0.026411301147409305,0.06500000000000072
2023,01,ROU.19.22_1,0,0
2023,01,ROU.19.23_1,0,0
2023,01,ROU.19.25_1,0.029064725160722192,0.08000000000000092
2023,01,ROU.19.2_1,0.026411301147409305,0.06500000000000072
2023,01,ROU.19.32_1,0,0
2023,01,ROU.19.38_1,0,0
2023,01,ROU.19.41_1,0.02583595844498755,0.0620000000000008
2023,01,ROU.19.49_1,0,0
2023,01,ROU.19.59_1,0,0
2023,01,ROU.19.6_1,0.025243416384443173,0.05900000000000076
2023,01,ROU.19.7_1,0.025243416384443173,0.05900000000000076
2023,01,ROU.2.10_1,0.030036521559975722,0.08600000000000099
2023,01,ROU.2.11_1,0.029064725160722192,0.08000000000000092
2023,01,ROU.2.12_1,0.0288981921295096,0.0790000000000009
2023,01,ROU.2.13_1,0.029064725160722192,0.08000000000000092
2023,01,ROU.2.14_1,0.02939378953342484,0.08200000000000095
2023,01,ROU.2.15_1,0.02751467230226447,0.0710000000000008
2023,01,ROU.2.16_1,0.03170713894015779,0.09700000000000114
2023,01,ROU.2.17_1,0.027692843395231256,0.07200000000000081
2023,01,ROU.2.18_1,0.0295563654275685,0.08300000000000096
2023,01,ROU.2.19_1,0.027692843395231256,0.07200000000000081
2023,01,ROU.2.1_1,0.029877711080867154,0.08500000000000098
2023,01,ROU.2.20_1,0.04177278103142153,0.1870000000000023
2023,01,ROU.2.21_1,0.028730294336337586,0.07800000000000089
2023,01,ROU.2.22_1,0.03065979624060513,0.09000000000000105
2023,01,ROU.2.23_1,0.028730294336337586,0.07800000000000089
2023,01,ROU.2.24_1,0.03019411664590983,0.08700000000000101
2023,01,ROU.2.25_1,0.03065979624060513,0.09000000000000105
2023,01,ROU.2.26_1,0.028561007712683044,0.07700000000000089
2023,01,ROU.2.27_1,0.041425130624260884,0.18300000000000224
2023,01,ROU.2.28_1,0.028561007712683044,0.07700000000000089
2023,01,ROU.2.29_1,0.025041870283848078,0.058000000000000745
2023,01,ROU.2.2_1,0.02922991675655941,0.08100000000000093
2023,01,ROU.2.30_1,0.02751467230226447,0.0710000000000008
2023,01,ROU.2.31_1,0.02786946363562483,0.07300000000000083
2023,01,ROU.2.32_1,0.02922991675655941,0.08100000000000093
2023,01,ROU.2.33_1,0.031264777264725374,0.0940000000000011
2023,01,ROU.2.34_1,0.03937506029530713,0.16100000000000197
2023,01,ROU.2.35_1,0.03141328869951815,0.09500000000000111
2023,01,ROU.2.36_1,0.041512730906113224,0.18400000000000213
2023,01,ROU.2.37_1,0.03185250701460217,0.09800000000000116
2023,01,ROU.2.38_1,0.02786946363562483,0.07300000000000083
2023,01,ROU.2.39_1,0.025041870283848078,0.058000000000000745
2023,01,ROU.2.3_1,0.030812713878699133,0.09100000000000107
2023,01,ROU.2.40_1,0.03365423192353865,0.11100000000000132
2023,01,ROU.2.41_1,0.040336910720586906,0.1710000000000021
2023,01,ROU.2.42_1,0.027334920031015345,0.0700000000000009
2023,01,ROU.2.43_1,0.030350515271466805,0.08800000000000102
2023,01,ROU.2.44_1,0.0295563654275685,0.08300000000000096
2023,01,ROU.2.45_1,0.03957162133399279,0.16300000000000198
2023,01,ROU.2.46_1,0.02697054521774516,0.06800000000000077
2023,01,ROU.2.47_1,0.03185250701460217,0.09800000000000116
2023,01,ROU.2.48_1,0.025640413637213404,0.06100000000000067
2023,01,ROU.2.49_1,0.03986248627732265,0.16600000000000203
2023,01,ROU.2.4_1,0.025243416384443173,0.05900000000000076
2023,01,ROU.2.50_1,0.03917634120190988,0.15900000000000195
2023,01,ROU.2.51_1,0.028561007712683044,0.07700000000000089
2023,01,ROU.2.52_1,0.0280445623245369,0.07400000000000084
2023,01,ROU.2.53_1,0.030812713878699133,0.09100000000000107
2023,01,ROU.2.54_1,0.03156073765041731,0.09600000000000113
2023,01,ROU.2.55_1,0.040430275922545895,0.17200000000000198
2023,01,ROU.2.56_1,0.030350515271466805,0.08800000000000102
2023,01,ROU.2.57_1,0.03170713894015779,0.09700000000000114
2023,01,ROU.2.58_1,0.02939378953342484,0.08200000000000095
2023,01,ROU.2.59_1,0.02786946363562483,0.07300000000000083
2023,01,ROU.2.5_1,0.030350515271466805,0.08800000000000102
2023,01,ROU.2.60_1,0.03311653817649007,0.10700000000000126
2023,01,ROU.2.61_1,0.030350515271466805,0.08800000000000102
2023,01,ROU.2.62_1,0.02922991675655941,0.08100000000000093
2023,01,ROU.2.63_1,0.02786946363562483,0.07300000000000083
2023,01,ROU.2.64_1,0.030812713878699133,0.09100000000000107
2023,01,ROU.2.65_1,0.03957162133399279,0.16300000000000198
2023,01,ROU.2.66_1,0.028390307414469764,0.07600000000000087
2023,01,ROU.2.67_1,0.02939378953342484,0.08200000000000095
2023,01,ROU.2.68_1,0.028390307414469764,0.07600000000000087
2023,01,ROU.2.69_1,0.028730294336337586,0.07800000000000089
2023,01,ROU.2.6_1,0.02751467230226447,0.0710000000000008
2023,01,ROU.2.70_1,0.039275972544386,0.16000000000000195
2023,01,ROU.2.71_1,0.03156073765041731,0.09600000000000113
2023,01,ROU.2.72_1,0.030812713878699133,0.09100000000000107
2023,01,ROU.2.73_1,0.03214019949601003,0.10000000000000117
2023,01,ROU.2.74_1,0.032979875013936046,0.10600000000000126
2023,01,ROU.2.75_1,0.03270378265664547,0.10400000000000123
2023,01,ROU.2.7_1,0.030505735838905406,0.08900000000000104
2023,01,ROU.2.8_1,0.0280445623245369,0.07400000000000084
2023,01,ROU.2.9_1,0.029877711080867154,0.08500000000000098
2023,01,ROU.20.10_1,0.03141328869951815,0.09500000000000111
2023,01,ROU.20.11_1,0.0288981921295096,0.0790000000000009
2023,01,ROU.20.12_1,0.0280445623245369,0.07400000000000084
2023,01,ROU.20.13_1,0.03270378265664547,0.10400000000000123
2023,01,ROU.20.14_1,0.0288981921295096,0.0790000000000009
2023,01,ROU.20.15_1,0.029877711080867154,0.08500000000000098
2023,01,ROU.20.16_1,0.02697054521774516,0.06800000000000077
2023,01,ROU.20.17_1,0.029877711080867154,0.08500000000000098
2023,01,ROU.20.18_1,0.03228255102724314,0.10100000000000119
2023,01,ROU.20.19_1,0.030964505683742812,0.09200000000000107
2023,01,ROU.20.1_1,0.03214019949601003,0.10000000000000117
2023,01,ROU.20.20_1,0.03825448906330744,0.15000000000000183
2023,01,ROU.20.21_1,0.03270378265664547,0.10400000000000123
2023,01,ROU.20.22_1,0.030505735838905406,0.08900000000000104
2023,01,ROU.20.23_1,0.030036521559975722,0.08600000000000099
2023,01,ROU.20.24_1,0.03602953157774573,0.13000000000000156
2023,01,ROU.20.25_1,0.030964505683742812,0.09200000000000107
2023,01,ROU.20.26_1,0.03141328869951815,0.09500000000000111
2023,01,ROU.20.27_1,0.03214019949601003,0.10000000000000117
2023,01,ROU.20.28_1,0.03141328869951815,0.09500000000000111
2023,01,ROU.20.29_1,0.02786946363562483,0.07300000000000083
2023,01,ROU.20.2_1,0.031264777264725374,0.0940000000000011
2023,01,ROU.20.30_1,0.02971766572349627,0.08400000000000098
2023,01,ROU.20.31_1,0.030036521559975722,0.08600000000000099
2023,01,ROU.20.32_1,0.030350515271466805,0.08800000000000102
2023,01,ROU.20.33_1,0.03141328869951815,0.09500000000000111
2023,01,ROU.20.34_1,0.030812713878699133,0.09100000000000107
2023,01,ROU.20.35_1,0.03065979624060513,0.09000000000000105
2023,01,ROU.20.36_1,0.04061551470062655,0.17400000000000201
2023,01,ROU.20.37_1,0.03270378265664547,0.10400000000000123
2023,01,ROU.20.38_1,0.0288981921295096,0.0790000000000009
2023,01,ROU.20.39_1,0.029877711080867154,0.08500000000000098
2023,01,ROU.20.3_1,0.029877711080867154,0.08500000000000098
2023,01,ROU.20.40_1,0.030812713878699133,0.09100000000000107
2023,01,ROU.20.41_1,0.0288981921295096,0.0790000000000009
2023,01,ROU.20.42_1,0.029064725160722192,0.08000000000000092
2023,01,ROU.20.43_1,0.03270378265664547,0.10400000000000123
2023,01,ROU.20.44_1,0.031264777264725374,0.0940000000000011
2023,01,ROU.20.45_1,0.030036521559975722,0.08600000000000099
2023,01,ROU.20.46_1,0.029877711080867154,0.08500000000000098
2023,01,ROU.20.47_1,0.02715355518004624,0.0690000000000009
2023,01,ROU.20.48_1,0.04024304370199663,0.17000000000000207
2023,01,ROU.20.49_1,0.030505735838905406,0.08900000000000104
2023,01,ROU.20.4_1,0.02751467230226447,0.0710000000000008
2023,01,ROU.20.5_1,0.02751467230226447,0.0710000000000008
2023,01,ROU.20.6_1,0.02971766572349627,0.08400000000000098
2023,01,ROU.20.7_1,0.028730294336337586,0.07800000000000089
2023,01,ROU.20.8_1,0.03156073765041731,0.09600000000000113
2023,01,ROU.20.9_1,0.028218167786464483,0.07500000000000086
2023,01,ROU.21.15_1,0.025243416384443173,0.05900000000000076
2023,01,ROU.21.19_1,0.02463243378679614,0.05600000000000072
2023,01,ROU.21.21_1,0.0288981921295096,0.0790000000000009
2023,01,ROU.21.23_1,0.020222801500296435,0.03700000000000048
2023,01,ROU.21.24_1,0.0295563654275685,0.08300000000000096
2023,01,ROU.21.32_1,0.03228255102724314,0.10100000000000119
2023,01,ROU.21.33_1,0.028218167786464483,0.07500000000000086
2023,01,ROU.21.38_1,0.03019411664590983,0.08700000000000101
2023,01,ROU.21.50_1,0.03185250701460217,0.09800000000000116
2023,01,ROU.21.58_1,0.0295563654275685,0.08300000000000096
2023,01,ROU.21.64_1,0.02400160243147714,0.053000000000000685
2023,01,ROU.21.69_1,0.03019411664590983,0.08700000000000101
2023,01,ROU.22.54_1,0,0
2023,01,ROU.23.10_1,0.0233493136047241,0.05000000000000064
2023,01,ROU.23.11_1,0.0219726580873525,0.044000000000000566
2023,01,ROU.23.12_1,0.02971766572349627,0.08400000000000098
2023,01,ROU.23.13_1,0.030505735838905406,0.08900000000000104
2023,01,ROU.23.14_1,0.02715355518004624,0.0690000000000009
2023,01,ROU.23.15_1,0.025041870283848078,0.058000000000000745
2023,01,ROU.23.16_1,0.02312680358116367,0.04900000000000063
2023,01,ROU.23.17_1,0.02048361704135102,0.03800000000000049
2023,01,ROU.23.18_1,0.019138042751105304,0.033000000000000425
2023,01,ROU.23.19_1,0.02922991675655941,0.08100000000000093
2023,01,ROU.23.1_1,0.02124362103085479,0.04100000000000053
2023,01,ROU.23.20_1,0.02922991675655941,0.08100000000000093
2023,01,ROU.23.21_1,0.027692843395231256,0.07200000000000081
2023,01,ROU.23.22_1,0.023569236142789846,0.051000000000000656
2023,01,ROU.23.23_1,0.03019411664590983,0.08700000000000101
2023,01,ROU.23.24_1,0.0288981921295096,0.0790000000000009
2023,01,ROU.23.25_1,0.022673715484236145,0.047000000000000604
2023,01,ROU.23.26_1,0.03141328869951815,0.09500000000000111
2023,01,ROU.23.27_1,0.030812713878699133,0.09100000000000107
2023,01,ROU.23.28_1,0.0280445623245369,0.07400000000000084
2023,01,ROU.23.29_1,0.030812713878699133,0.09100000000000107
2023,01,ROU.23.2_1,0.0295563654275685,0.08300000000000096
2023,01,ROU.23.30_1,0.023786642964282206,0.05200000000000067
2023,01,ROU.23.31_1,0.028730294336337586,0.07800000000000089
2023,01,ROU.23.32_1,0.030036521559975722,0.08600000000000099
2023,01,ROU.23.33_1,0.027334920031015345,0.0700000000000009
2023,01,ROU.23.34_1,0.0280445623245369,0.07400000000000084
2023,01,ROU.23.35_1,0.02971766572349627,0.08400000000000098
2023,01,ROU.23.36_1,0.029064725160722192,0.08000000000000092
2023,01,ROU.23.37_1,0.017977774444318844,0.029000000000000373
2023,01,ROU.23.38_1,0.019958002869948324,0.03600000000000046
2023,01,ROU.23.39_1,0.029877711080867154,0.08500000000000098
2023,01,ROU.23.3_1,0.030812713878699133,0.09100000000000107
2023,01,ROU.23.40_1,0.020993890399061767,0.040000000000000514
2023,01,ROU.23.41_1,0.027692843395231256,0.07200000000000081
2023,01,ROU.23.42_1,0.02922991675655941,0.08100000000000093
2023,01,ROU.23.43_1,0.02378664296428221,0.05200000000000067
2023,01,ROU.23.44_1,0.028390307414469764,0.07600000000000087
2023,01,ROU.23.45_1,0.020740599757139808,0.0390000000000005
2023,01,ROU.23.46_1,0.02048361704135102,0.03800000000000049
2023,01,ROU.23.47_1,0.023569236142789846,0.051000000000000656
2023,01,ROU.23.48_1,0.02400160243147714,0.053000000000000685
2023,01,ROU.23.49_1,0.02922991675655941,0.08100000000000093
2023,01,ROU.23.4_1,0.025640413637213404,0.06100000000000067
2023,01,ROU.23.50_1,0.0233493136047241,0.05000000000000064
2023,01,ROU.23.51_1,0.02786946363562483,0.07300000000000083
2023,01,ROU.23.52_1,0.02786946363562483,0.07300000000000083
2023,01,ROU.23.53_1,0.019958002869948324,0.03600000000000046
2023,01,ROU.23.54_1,0.028561007712683044,0.07700000000000089
2023,01,ROU.23.55_1,0.0224429745303176,0.04600000000000059
2023,01,ROU.23.56_1,0.03214019949601003,0.10000000000000117
2023,01,ROU.23.57_1,0.02971766572349627,0.08400000000000098
2023,01,ROU.23.58_1,0.028390307414469764,0.07600000000000087
2023,01,ROU.23.59_1,0.029877711080867154,0.08500000000000098
2023,01,ROU.23.5_1,0.028730294336337586,0.07800000000000089
2023,01,ROU.23.60_1,0.02400160243147714,0.053000000000000685
2023,01,ROU.23.61_1,0.03717410804528934,0.14000000000000168
2023,01,ROU.23.62_1,0.029064725160722192,0.08000000000000092
2023,01,ROU.23.63_1,0.0224429745303176,0.04600000000000059
2023,01,ROU.23.64_1,0.029877711080867154,0.08500000000000098
2023,01,ROU.23.65_1,0.0280445623245369,0.07400000000000084
2023,01,ROU.23.66_1,0.02602959336347104,0.0630000000000008
2023,01,ROU.23.67_1,0.030350515271466805,0.08800000000000102
2023,01,ROU.23.68_1,0.023786642964282206,0.05200000000000067
2023,01,ROU.23.69_1,0.02751467230226447,0.0710000000000008
2023,01,ROU.23.6_1,0.016726290126725652,0.02500000000000032
2023,01,ROU.23.7_1,0.02290163065295795,0.04800000000000062
2023,01,ROU.23.8_1,0.02400160243147714,0.053000000000000685
2023,01,ROU.23.9_1,0.02602959336347104,0.0630000000000008
2023,01,ROU.24.12_1,0.024424437038630373,0.05500000000000071
2023,01,ROU.24.17_1,0.025243416384443173,0.05900000000000076
2023,01,ROU.24.20_1,0.020993890399061767,0.040000000000000514
2023,01,ROU.24.22_1,0.022209319716949616,0.04500000000000058
2023,01,ROU.24.23_1,0.02483822675797491,0.05700000000000073
2023,01,ROU.24.27_1,0,0
2023,01,ROU.24.28_1,0,0
2023,01,ROU.24.31_1,0,0
2023,01,ROU.24.38_1,0.024214179723045553,0.05400000000000069
2023,01,ROU.24.59_1,0,0
2023,01,ROU.24.60_1,0,0
2023,01,ROU.24.65_1,0.02483822675797491,0.05700000000000073
2023,01,ROU.24.66_1,0.022209319716949616,0.04500000000000058
2023,01,ROU.24.74_1,0.02463243378679614,0.05600000000000072
2023,01,ROU.24.78_1,0.02400160243147714,0.053000000000000685
2023,01,ROU.24.7_1,0,0
2023,01,ROU.24.82_1,0,0
2023,01,ROU.24.83_1,0,0
2023,01,ROU.24.86_1,0,0
2023,01,ROU.24.8_1,0,0
2023,01,ROU.25.10_1,0.028730294336337586,0.07800000000000089
2023,01,ROU.25.11_1,0.029877711080867154,0.08500000000000098
2023,01,ROU.25.17_1,0.039275972544386,0.16000000000000195
2023,01,ROU.25.22_1,0.029064725160722192,0.08000000000000092
2023,01,ROU.25.24_1,0.0280445623245369,0.07400000000000084
2023,01,ROU.25.28_1,0.02786946363562483,0.07300000000000083
2023,01,ROU.25.32_1,0.03966910262144893,0.164000000000002
2023,01,ROU.25.35_1,0.04070739506438395,0.17500000000000215
2023,01,ROU.25.45_1,0.02971766572349627,0.08400000000000098
2023,01,ROU.25.47_1,0.030505735838905406,0.08900000000000104
2023,01,ROU.26.10_1,0.04133706704404164,0.18200000000000213
2023,01,ROU.26.11_1,0.03185250701460217,0.09800000000000116
2023,01,ROU.26.12_1,0.03170713894015779,0.09700000000000114
2023,01,ROU.26.13_1,0.03352113069471278,0.1100000000000013
2023,01,ROU.26.14_1,0.03214019949601003,0.10000000000000117
2023,01,ROU.26.15_1,0.03352113069471278,0.1100000000000013
2023,01,ROU.26.16_1,0.03391785233213296,0.11300000000000135
2023,01,ROU.26.17_1,0.03311653817649007,0.10700000000000126
2023,01,ROU.26.18_1,0.03228255102724314,0.10100000000000119
2023,01,ROU.26.19_1,0.0324239236154818,0.1020000000000012
2023,01,ROU.26.1_1,0.03456229793721967,0.1180000000000013
2023,01,ROU.26.20_1,0.02786946363562483,0.07300000000000083
2023,01,ROU.26.21_1,0.0295563654275685,0.08300000000000096
2023,01,ROU.26.22_1,0.03825448906330744,0.15000000000000183
2023,01,ROU.26.23_1,0.030505735838905406,0.08900000000000104
2023,01,ROU.26.24_1,0.02602959336347104,0.0630000000000008
2023,01,ROU.26.25_1,0.031264777264725374,0.0940000000000011
2023,01,ROU.26.26_1,0.027692843395231256,0.07200000000000081
2023,01,ROU.26.27_1,0.028390307414469764,0.07600000000000087
2023,01,ROU.26.28_1,0.030350515271466805,0.08800000000000102
2023,01,ROU.26.29_1,0.028561007712683044,0.07700000000000089
2023,01,ROU.26.2_1,0.02786946363562483,0.07300000000000083
2023,01,ROU.26.30_1,0.02971766572349627,0.08400000000000098
2023,01,ROU.26.31_1,0.02751467230226447,0.0710000000000008
2023,01,ROU.26.32_1,0.028218167786464483,0.07500000000000086
2023,01,ROU.26.33_1,0.02939378953342484,0.08200000000000095
2023,01,ROU.26.34_1,0.03170713894015779,0.09700000000000114
2023,01,ROU.26.35_1,0.030036521559975722,0.08600000000000099
2023,01,ROU.26.36_1,0.029064725160722192,0.08000000000000092
2023,01,ROU.26.37_1,0.028730294336337586,0.07800000000000089
2023,01,ROU.26.38_1,0.028561007712683044,0.07700000000000089
2023,01,ROU.26.39_1,0.02939378953342484,0.08200000000000095
2023,01,ROU.26.3_1,0.0295563654275685,0.08300000000000096
2023,01,ROU.26.4_1,0.040336910720586906,0.1710000000000021
2023,01,ROU.26.5_1,0.030964505683742812,0.09200000000000107
2023,01,ROU.26.6_1,0.028730294336337586,0.07800000000000089
2023,01,ROU.26.7_1,0.02602959336347104,0.0630000000000008
2023,01,ROU.26.8_1,0.03156073765041731,0.09600000000000113
2023,01,ROU.26.9_1,0.03170713894015779,0.09700000000000114
2023,01,ROU.27.10_1,0.026221360704147222,0.06400000000000082
2023,01,ROU.27.11_1,0.019689060444981806,0.03500000000000045
2023,01,ROU.27.12_1,0.023569236142789846,0.051000000000000656
2023,01,ROU.27.13_1,0.020993890399061767,0.040000000000000514
2023,01,ROU.27.14_1,0.024214179723045553,0.05400000000000069
2023,01,ROU.27.15_1,0.018568210412728343,0.031000000000000288
2023,01,ROU.27.16_1,0.019138042751105304,0.033000000000000425
2023,01,ROU.27.17_1,0.019689060444981806,0.03500000000000045
2023,01,ROU.27.18_1,0.021732891413029136,0.04300000000000055
2023,01,ROU.27.19_1,0.024214179723045553,0.05400000000000069
2023,01,ROU.27.1_1,0.026411301147409305,0.06500000000000072
2023,01,ROU.27.20_1,0.025243416384443173,0.05900000000000076
2023,01,ROU.27.21_1,0.02544291490408445,0.060000000000000664
2023,01,ROU.27.22_1,0.02602959336347104,0.0630000000000008
2023,01,ROU.27.23_1,0.025243416384443173,0.05900000000000076
2023,01,ROU.27.24_1,0.026411301147409305,0.06500000000000072
2023,01,ROU.27.25_1,0.023569236142789846,0.051000000000000656
2023,01,ROU.27.26_1,0.022209319716949616,0.04500000000000058
2023,01,ROU.27.27_1,0.019689060444981806,0.03500000000000045
2023,01,ROU.27.28_1,0.02544291490408445,0.060000000000000664
2023,01,ROU.27.29_1,0.02463243378679614,0.05600000000000072
2023,01,ROU.27.2_1,0.023569236142789846,0.051000000000000656
2023,01,ROU.27.30_1,0.017977774444318844,0.029000000000000373
2023,01,ROU.27.31_1,0.027334920031015345,0.0700000000000009
2023,01,ROU.27.32_1,0.018855583704325884,0.03200000000000041
2023,01,ROU.27.33_1,0.022209319716949616,0.04500000000000058
2023,01,ROU.27.34_1,0.022673715484236145,0.047000000000000604
2023,01,ROU.27.35_1,0.02483822675797491,0.05700000000000073
2023,01,ROU.27.36_1,0.019958002869948324,0.03600000000000046
2023,01,ROU.27.37_1,0.02583595844498755,0.0620000000000008
2023,01,ROU.27.38_1,0.0224429745303176,0.04600000000000059
2023,01,ROU.27.39_1,0.02312680358116367,0.04900000000000063
2023,01,ROU.27.3_1,0.026221360704147222,0.06400000000000082
2023,01,ROU.27.40_1,0.017048786250816777,0.026000000000000335
2023,01,ROU.27.41_1,0.02922991675655941,0.08100000000000093
2023,01,ROU.27.42_1,0.026785856424274813,0.06700000000000075
2023,01,ROU.27.43_1,0.025243416384443173,0.05900000000000076
2023,01,ROU.27.44_1,0.018855583704325884,0.03200000000000041
2023,01,ROU.27.45_1,0.02312680358116367,0.04900000000000063
2023,01,ROU.27.46_1,0.02048361704135102,0.03800000000000049
2023,01,ROU.27.47_1,0.0233493136047241,0.05000000000000064
2023,01,ROU.27.48_1,0.025640413637213404,0.06100000000000067
2023,01,ROU.27.49_1,0.025243416384443173,0.05900000000000076
2023,01,ROU.27.4_1,0.0233493136047241,0.05000000000000064
2023,01,ROU.27.50_1,0.023569236142789846,0.051000000000000656
2023,01,ROU.27.51_1,0.019958002869948324,0.03600000000000046
2023,01,ROU.27.52_1,0.028730294336337586,0.07800000000000089
2023,01,ROU.27.53_1,0.0219726580873525,0.044000000000000566
2023,01,ROU.27.54_1,0.024214179723045553,0.05400000000000069
2023,01,ROU.27.55_1,0.028218167786464483,0.07500000000000086
2023,01,ROU.27.56_1,0.02715355518004624,0.0690000000000009
2023,01,ROU.27.57_1,0.020993890399061767,0.040000000000000514
2023,01,ROU.27.58_1,0.0219726580873525,0.044000000000000566
2023,01,ROU.27.59_1,0.026785856424274813,0.06700000000000075
2023,01,ROU.27.5_1,0.023569236142789846,0.051000000000000656
2023,01,ROU.27.60_1,0.020993890399061767,0.040000000000000514
2023,01,ROU.27.61_1,0.0224429745303176,0.04600000000000059
2023,01,ROU.27.62_1,0.026599453829620263,0.06600000000000085
2023,01,ROU.27.63_1,0.02544291490408445,0.060000000000000664
2023,01,ROU.27.64_1,0.02602959336347104,0.0630000000000008
2023,01,ROU.27.65_1,0.0224429745303176,0.04600000000000059
2023,01,ROU.27.66_1,0.021489915763681852,0.042000000000000544
2023,01,ROU.27.67_1,0.02312680358116367,0.04900000000000063
2023,01,ROU.27.68_1,0.02124362103085479,0.04100000000000053
2023,01,ROU.27.69_1,0.017048786250816777,0.026000000000000335
2023,01,ROU.27.6_1,0.02697054521774516,0.06800000000000077
2023,01,ROU.27.7_1,0.02124362103085479,0.04100000000000053
2023,01,ROU.27.8_1,0.019958002869948324,0.03600000000000046
2023,01,ROU.27.9_1,0.0219726580873525,0.044000000000000566
2023,01,ROU.28.10_1,0.028730294336337586,0.07800000000000089
2023,01,ROU.28.11_1,0.029064725160722192,0.08000000000000092
2023,01,ROU.28.12_1,0.02544291490408445,0.060000000000000664
2023,01,ROU.28.13_1,0.022673715484236145,0.047000000000000604
2023,01,ROU.28.14_1,0.026599453829620263,0.06600000000000085
2023,01,ROU.28.15_1,0.0280445623245369,0.07400000000000084
2023,01,ROU.28.16_1,0.03856690019698266,0.15300000000000186
2023,01,ROU.28.17_1,0.039275972544386,0.16000000000000195
2023,01,ROU.28.18_1,0.026599453829620263,0.06600000000000085
2023,01,ROU.28.19_1,0.028218167786464483,0.07500000000000086
2023,01,ROU.28.1_1,0.029877711080867154,0.08500000000000098
2023,01,ROU.28.20_1,0.02786946363562483,0.07300000000000083
2023,01,ROU.28.21_1,0.02544291490408445,0.060000000000000664
2023,01,ROU.28.22_1,0.026599453829620263,0.06600000000000085
2023,01,ROU.28.23_1,0.02583595844498755,0.0620000000000008
2023,01,ROU.28.24_1,0.02939378953342484,0.08200000000000095
2023,01,ROU.28.25_1,0.020740599757139808,0.0390000000000005
2023,01,ROU.28.26_1,0.02786946363562483,0.07300000000000083
2023,01,ROU.28.27_1,0.026599453829620263,0.06600000000000085
2023,01,ROU.28.28_1,0.02786946363562483,0.07300000000000083
2023,01,ROU.28.29_1,0.030964505683742812,0.09200000000000107
2023,01,ROU.28.2_1,0.025041870283848078,0.058000000000000745
2023,01,ROU.28.30_1,0.02697054521774516,0.06800000000000077
2023,01,ROU.28.31_1,0.027334920031015345,0.0700000000000009
2023,01,ROU.28.32_1,0.02463243378679614,0.05600000000000072
2023,01,ROU.28.33_1,0.022673715484236145,0.047000000000000604
2023,01,ROU.28.34_1,0.023786642964282206,0.05200000000000067
2023,01,ROU.28.35_1,0.02751467230226447,0.0710000000000008
2023,01,ROU.28.36_1,0.028218167786464483,0.07500000000000086
2023,01,ROU.28.37_1,0.028218167786464483,0.07500000000000086
2023,01,ROU.28.38_1,0.026411301147409305,0.06500000000000072
2023,01,ROU.28.39_1,0.02290163065295795,0.04800000000000062
2023,01,ROU.28.3_1,0.027334920031015345,0.0700000000000009
2023,01,ROU.28.40_1,0.03966910262144893,0.164000000000002
2023,01,ROU.28.41_1,0.03877229576309528,0.1550000000000019
2023,01,ROU.28.42_1,0.025243416384443173,0.05900000000000076
2023,01,ROU.28.43_1,0.030036521559975722,0.08600000000000099
2023,01,ROU.28.44_1,0.02922991675655941,0.08100000000000093
2023,01,ROU.28.45_1,0.020993890399061767,0.040000000000000514
2023,01,ROU.28.46_1,0.0224429745303176,0.04600000000000059
2023,01,ROU.28.47_1,0.02751467230226447,0.0710000000000008
2023,01,ROU.28.48_1,0.030036521559975722,0.08600000000000099
2023,01,ROU.28.49_1,0.026785856424274813,0.06700000000000075
2023,01,ROU.28.4_1,0.02922991675655941,0.08100000000000093
2023,01,ROU.28.50_1,0.03185250701460217,0.09800000000000116
2023,01,ROU.28.51_1,0.030505735838905406,0.08900000000000104
2023,01,ROU.28.52_1,0.0295563654275685,0.08300000000000096
2023,01,ROU.28.53_1,0.027692843395231256,0.07200000000000081
2023,01,ROU.28.54_1,0.028390307414469764,0.07600000000000087
2023,01,ROU.28.55_1,0.027692843395231256,0.07200000000000081
2023,01,ROU.28.56_1,0.0295563654275685,0.08300000000000096
2023,01,ROU.28.57_1,0.0288981921295096,0.0790000000000009
2023,01,ROU.28.58_1,0.0288981921295096,0.0790000000000009
2023,01,ROU.28.59_1,0.03019411664590983,0.08700000000000101
2023,01,ROU.28.5_1,0.02124362103085479,0.04100000000000053
2023,01,ROU.28.60_1,0.02922991675655941,0.08100000000000093
2023,01,ROU.28.61_1,0.03065979624060513,0.09000000000000105
2023,01,ROU.28.62_1,0.03065979624060513,0.09000000000000105
2023,01,ROU.28.63_1,0.03185250701460217,0.09800000000000116
2023,01,ROU.28.64_1,0.026785856424274813,0.06700000000000075
2023,01,ROU.28.6_1,0.026411301147409305,0.06500000000000072
2023,01,ROU.28.7_1,0.03284229370320487,0.10500000000000125
2023,01,ROU.28.8_1,0.026599453829620263,0.06600000000000085
2023,01,ROU.28.9_1,0.02715355518004624,0.0690000000000009
2023,01,ROU.29.14_1,0,0
2023,01,ROU.29.19_1,0,0
2023,01,ROU.29.28_1,0.017048786250816777,0.026000000000000335
2023,01,ROU.29.2_1,0.02290163065295795,0.04800000000000062
2023,01,ROU.29.5_1,0.0219726580873525,0.044000000000000566
2023,01,ROU.29.6_1,0,0
2023,01,ROU.29.75_1,0,0
2023,01,ROU.29.7_1,0.024424437038630373,0.05500000000000071
2023,01,ROU.29.86_1,0.025041870283848078,0.058000000000000745
2023,01,ROU.29.89_1,0,0
2023,01,ROU.29.8_1,0.023569236142789846,0.051000000000000656
2023,01,ROU.29.90_1,0,0
2023,01,ROU.29.94_1,0.02048361704135102,0.03800000000000049
2023,01,ROU.3.20_1,0.02124362103085479,0.04100000000000053
2023,01,ROU.3.33_1,0,0
2023,01,ROU.3.39_1,0,0
2023,01,ROU.3.60_1,0,0
2023,01,ROU.3.74_1,0,0
2023,01,ROU.3.75_1,0.023569236142789846,0.051000000000000656
2023,01,ROU.30.13_1,0.02463243378679614,0.05600000000000072
2023,01,ROU.30.39_1,0.024214179723045553,0.05400000000000069
2023,01,ROU.30.48_1,0.020222801500296435,0.03700000000000048
2023,01,ROU.31.100_1,0.0280445623245369,0.07400000000000084
2023,01,ROU.31.11_1,0.041425130624260884,0.18300000000000224
2023,01,ROU.31.14_1,0.030505735838905406,0.08900000000000104
2023,01,ROU.31.17_1,0.031264777264725374,0.0940000000000011
2023,01,ROU.31.25_1,0.026221360704147222,0.06400000000000082
2023,01,ROU.31.38_1,0.030036521559975722,0.08600000000000099
2023,01,ROU.31.39_1,0.0295563654275685,0.08300000000000096
2023,01,ROU.31.3_1,0.028561007712683044,0.07700000000000089
2023,01,ROU.31.54_1,0.03214019949601003,0.10000000000000117
2023,01,ROU.31.64_1,0.038975431044814414,0.15700000000000192
2023,01,ROU.31.99_1,0.0280445623245369,0.07400000000000084
2023,01,ROU.32.100_1,0.026785856424274813,0.06700000000000075
2023,01,ROU.32.10_1,0.030812713878699133,0.09100000000000107
2023,01,ROU.32.11_1,0.0288981921295096,0.0790000000000009
2023,01,ROU.32.12_1,0.026221360704147222,0.06400000000000082
2023,01,ROU.32.13_1,0.03966910262144893,0.164000000000002
2023,01,ROU.32.14_1,0.028390307414469764,0.07600000000000087
2023,01,ROU.32.15_1,0.022673715484236145,0.047000000000000604
2023,01,ROU.32.16_1,0.030350515271466805,0.08800000000000102
2023,01,ROU.32.17_1,0.03782968078543973,0.14600000000000177
2023,01,ROU.32.18_1,0.028730294336337586,0.07800000000000089
2023,01,ROU.32.19_1,0.03065979624060513,0.09000000000000105
2023,01,ROU.32.1_1,0.02786946363562483,0.07300000000000083
2023,01,ROU.32.20_1,0.025640413637213404,0.06100000000000067
2023,01,ROU.32.21_1,0.025243416384443173,0.05900000000000076
2023,01,ROU.32.22_1,0.028218167786464483,0.07500000000000086
2023,01,ROU.32.23_1,0.021489915763681852,0.042000000000000544
2023,01,ROU.32.24_1,0.027334920031015345,0.0700000000000009
2023,01,ROU.32.25_1,0.026411301147409305,0.06500000000000072
2023,01,ROU.32.26_1,0.026221360704147222,0.06400000000000082
2023,01,ROU.32.27_1,0.026221360704147222,0.06400000000000082
2023,01,ROU.32.28_1,0.022673715484236145,0.047000000000000604
2023,01,ROU.32.29_1,0.025041870283848078,0.058000000000000745
2023,01,ROU.32.2_1,0.030036521559975722,0.08600000000000099
2023,01,ROU.32.30_1,0.028390307414469764,0.07600000000000087
2023,01,ROU.32.31_1,0.025640413637213404,0.06100000000000067
2023,01,ROU.32.32_1,0.03772197056847213,0.14500000000000177
2023,01,ROU.32.33_1,0.02290163065295795,0.04800000000000062
2023,01,ROU.32.34_1,0.027334920031015345,0.0700000000000009
2023,01,ROU.32.35_1,0.025640413637213404,0.06100000000000067
2023,01,ROU.32.36_1,0.028218167786464483,0.07500000000000086
2023,01,ROU.32.37_1,0.02602959336347104,0.0630000000000008
2023,01,ROU.32.38_1,0.027334920031015345,0.0700000000000009
2023,01,ROU.32.39_1,0.02715355518004624,0.0690000000000009
2023,01,ROU.32.3_1,0.026411301147409305,0.06500000000000072
2023,01,ROU.32.40_1,0.027334920031015345,0.0700000000000009
2023,01,ROU.32.41_1,0.026785856424274813,0.06700000000000075
2023,01,ROU.32.42_1,0.0280445623245369,0.07400000000000084
2023,01,ROU.32.43_1,0.03555234914277776,0.1260000000000015
2023,01,ROU.32.44_1,0.0364954445877634,0.13400000000000162
2023,01,ROU.32.45_1,0.03325229451132378,0.10800000000000128
2023,01,ROU.32.46_1,0.02939378953342484,0.08200000000000095
2023,01,ROU.32.47_1,0.026411301147409305,0.06500000000000072
2023,01,ROU.32.48_1,0.026785856424274813,0.06700000000000075
2023,01,ROU.32.49_1,0.03804328129493922,0.1480000000000018
2023,01,ROU.32.4_1,0.02786946363562483,0.07300000000000083
2023,01,ROU.32.50_1,0.026785856424274813,0.06700000000000075
2023,01,ROU.32.51_1,0.02751467230226447,0.0710000000000008
2023,01,ROU.32.52_1,0.02312680358116367,0.04900000000000063
2023,01,ROU.32.53_1,0.02715355518004624,0.0690000000000009
2023,01,ROU.32.54_1,0.02602959336347104,0.0630000000000008
2023,01,ROU.32.55_1,0.02715355518004624,0.0690000000000009
2023,01,ROU.32.56_1,0.0280445623245369,0.07400000000000084
2023,01,ROU.32.57_1,0.028561007712683044,0.07700000000000089
2023,01,ROU.32.58_1,0.02124362103085479,0.04100000000000053
2023,01,ROU.32.59_1,0.029064725160722192,0.08000000000000092
2023,01,ROU.32.5_1,0.028561007712683044,0.07700000000000089
2023,01,ROU.32.60_1,0.03728494026625759,0.1410000000000017
2023,01,ROU.32.61_1,0.02602959336347104,0.0630000000000008
2023,01,ROU.32.62_1,0.02544291490408445,0.060000000000000664
2023,01,ROU.32.63_1,0.03156073765041731,0.09600000000000113
2023,01,ROU.32.64_1,0.02939378953342484,0.08200000000000095
2023,01,ROU.32.65_1,0.02697054521774516,0.06800000000000077
2023,01,ROU.32.66_1,0.02697054521774516,0.06800000000000077
2023,01,ROU.32.67_1,0.026221360704147222,0.06400000000000082
2023,01,ROU.32.68_1,0.02971766572349627,0.08400000000000098
2023,01,ROU.32.69_1,0.025243416384443173,0.05900000000000076
2023,01,ROU.32.6_1,0.02751467230226447,0.0710000000000008
2023,01,ROU.32.70_1,0.02583595844498755,0.0620000000000008
2023,01,ROU.32.71_1,0.026785856424274813,0.06700000000000075
2023,01,ROU.32.72_1,0.0280445623245369,0.07400000000000084
2023,01,ROU.32.73_1,0.02786946363562483,0.07300000000000083
2023,01,ROU.32.74_1,0.028561007712683044,0.07700000000000089
2023,01,ROU.32.75_1,0.023786642964282206,0.05200000000000067
2023,01,ROU.32.76_1,0.03877229576309528,0.1550000000000019
2023,01,ROU.32.77_1,0.026785856424274813,0.06700000000000075
2023,01,ROU.32.78_1,0.025243416384443173,0.05900000000000076
2023,01,ROU.32.79_1,0.024424437038630373,0.05500000000000071
2023,01,ROU.32.7_1,0.020222801500296435,0.03700000000000048
2023,01,ROU.32.80_1,0.030505735838905406,0.08900000000000104
2023,01,ROU.32.81_1,0.030505735838905406,0.08900000000000104
2023,01,ROU.32.82_1,0.02786946363562483,0.07300000000000083
2023,01,ROU.32.83_1,0.030812713878699133,0.09100000000000107
2023,01,ROU.32.84_1,0.02971766572349627,0.08400000000000098
2023,01,ROU.32.85_1,0.026785856424274813,0.06700000000000075
2023,01,ROU.32.86_1,0.026785856424274813,0.06700000000000075
2023,01,ROU.32.87_1,0.03019411664590983,0.08700000000000101
2023,01,ROU.32.88_1,0.028561007712683044,0.07700000000000089
2023,01,ROU.32.89_1,0.025640413637213404,0.06100000000000067
2023,01,ROU.32.8_1,0.03825448906330744,0.15000000000000183
2023,01,ROU.32.90_1,0.02971766572349627,0.08400000000000098
2023,01,ROU.32.91_1,0.028390307414469764,0.07600000000000087
2023,01,ROU.32.92_1,0.030505735838905406,0.08900000000000104
2023,01,ROU.32.93_1,0.021489915763681852,0.042000000000000544
2023,01,ROU.32.94_1,0.028390307414469764,0.07600000000000087
2023,01,ROU.32.95_1,0.040430275922545895,0.17200000000000198
2023,01,ROU.32.96_1,0.03156073765041731,0.09600000000000113
2023,01,ROU.32.97_1,0.026411301147409305,0.06500000000000072
2023,01,ROU.32.98_1,0.030964505683742812,0.09200000000000107
2023,01,ROU.32.99_1,0.02751467230226447,0.0710000000000008
2023,01,ROU.32.9_1,0.03156073765041731,0.09600000000000113
2023,01,ROU.33.10_1,0.026785856424274813,0.06700000000000075
2023,01,ROU.33.12_1,0.02400160243147714,0.053000000000000685
2023,01,ROU.33.20_1,0,0
2023,01,ROU.33.22_1,0,0
2023,01,ROU.33.23_1,0,0
2023,01,ROU.33.24_1,0,0
2023,01,ROU.33.25_1,0,0
2023,01,ROU.33.26_1,0.02400160243147714,0.053000000000000685
2023,01,ROU.33.2_1,0,0
2023,01,ROU.33.30_1,0.02124362103085479,0.04100000000000053
2023,01,ROU.33.36_1,0.0280445623245369,0.07400000000000084
2023,01,ROU.33.39_1,0.02124362103085479,0.04100000000000053
2023,01,ROU.33.42_1,0.022673715484236145,0.047000000000000604
2023,01,ROU.33.43_1,0.02048361704135102,0.03800000000000049
2023,01,ROU.33.45_1,0,0
2023,01,ROU.33.46_1,0.025041870283848078,0.058000000000000745
2023,01,ROU.33.54_1,0.0219726580873525,0.044000000000000566
2023,01,ROU.33.57_1,0,0
2023,01,ROU.33.58_1,0,0
2023,01,ROU.33.6_1,0.02400160243147714,0.053000000000000685
2023,01,ROU.34.13_1,0.020222801500296435,0.03700000000000048
2023,01,ROU.34.18_1,0.02048361704135102,0.03800000000000049
2023,01,ROU.34.23_1,0.026599453829620263,0.06600000000000085
2023,01,ROU.34.24_1,0.026411301147409305,0.06500000000000072
2023,01,ROU.34.26_1,0.02751467230226447,0.0710000000000008
2023,01,ROU.34.29_1,0.028730294336337586,0.07800000000000089
2023,01,ROU.34.2_1,0.03907616210994074,0.15800000000000192
2023,01,ROU.34.34_1,0.02312680358116367,0.04900000000000063
2023,01,ROU.34.36_1,0.02602959336347104,0.0630000000000008
2023,01,ROU.34.39_1,0.028730294336337586,0.07800000000000089
2023,01,ROU.34.40_1,0.02697054521774516,0.06800000000000077
2023,01,ROU.34.41_1,0.02544291490408445,0.060000000000000664
2023,01,ROU.34.43_1,0.03019411664590983,0.08700000000000101
2023,01,ROU.34.47_1,0.024214179723045553,0.05400000000000069
2023,01,ROU.34.49_1,0.025041870283848078,0.058000000000000745
2023,01,ROU.34.56_1,0.028730294336337586,0.07800000000000089
2023,01,ROU.34.58_1,0.02290163065295795,0.04800000000000062
2023,01,ROU.34.59_1,0.026599453829620263,0.06600000000000085
2023,01,ROU.34.5_1,0.025243416384443173,0.05900000000000076
2023,01,ROU.34.8_1,0.02715355518004624,0.0690000000000009
2023,01,ROU.34.9_1,0.0233493136047241,0.05000000000000064
2023,01,ROU.35.10_1,0.022673715484236145,0.047000000000000604
2023,01,ROU.35.11_1,0.025640413637213404,0.06100000000000067
2023,01,ROU.35.12_1,0.02290163065295795,0.04800000000000062
2023,01,ROU.35.13_1,0.024214179723045553,0.05400000000000069
2023,01,ROU.35.14_1,0.023569236142789846,0.051000000000000656
2023,01,ROU.35.15_1,0.02544291490408445,0.060000000000000664
2023,01,ROU.35.16_1,0.017674187644973697,0.02800000000000036
2023,01,ROU.35.17_1,0.025243416384443173,0.05900000000000076
2023,01,ROU.35.18_1,0.02378664296428221,0.05200000000000067
2023,01,ROU.35.19_1,0.02697054521774516,0.06800000000000077
2023,01,ROU.35.1_1,0.022673715484236145,0.047000000000000604
2023,01,ROU.35.20_1,0.02483822675797491,0.05700000000000073
2023,01,ROU.35.21_1,0.02602959336347104,0.0630000000000008
2023,01,ROU.35.22_1,0.025640413637213404,0.06100000000000067
2023,01,ROU.35.23_1,0.019958002869948324,0.03600000000000046
2023,01,ROU.35.24_1,0.02544291490408445,0.060000000000000664
2023,01,ROU.35.25_1,0.0224429745303176,0.04600000000000059
2023,01,ROU.35.26_1,0.018275691057923763,0.030000000000000387
2023,01,ROU.35.27_1,0.02463243378679614,0.05600000000000072
2023,01,ROU.35.28_1,0.02939378953342484,0.08200000000000095
2023,01,ROU.35.29_1,0.02786946363562483,0.07300000000000083
2023,01,ROU.35.2_1,0.026221360704147222,0.06400000000000082
2023,01,ROU.35.30_1,0.02400160243147714,0.053000000000000685
2023,01,ROU.35.31_1,0.026599453829620263,0.06600000000000085
2023,01,ROU.35.32_1,0.01941580203000218,0.03400000000000044
2023,01,ROU.35.33_1,0.027334920031015345,0.0700000000000009
2023,01,ROU.35.34_1,0.026411301147409305,0.06500000000000072
2023,01,ROU.35.35_1,0.025640413637213404,0.06100000000000067
2023,01,ROU.35.36_1,0.025640413637213404,0.06100000000000067
2023,01,ROU.35.37_1,0.02697054521774516,0.06800000000000077
2023,01,ROU.35.38_1,0.0280445623245369,0.07400000000000084
2023,01,ROU.35.39_1,0.021732891413029136,0.04300000000000055
2023,01,ROU.35.3_1,0.02697054521774516,0.06800000000000077
2023,01,ROU.35.40_1,0.026221360704147222,0.06400000000000082
2023,01,ROU.35.41_1,0.022209319716949616,0.04500000000000058
2023,01,ROU.35.42_1,0.021489915763681852,0.042000000000000544
2023,01,ROU.35.43_1,0.020740599757139808,0.0390000000000005
2023,01,ROU.35.44_1,0.0224429745303176,0.04600000000000059
2023,01,ROU.35.45_1,0.01344264884522412,0.016000000000000205
2023,01,ROU.35.46_1,0.018568210412728343,0.031000000000000288
2023,01,ROU.35.47_1,0.02786946363562483,0.07300000000000083
2023,01,ROU.35.48_1,0.017674187644973697,0.02800000000000036
2023,01,ROU.35.49_1,0.023569236142789846,0.051000000000000656
2023,01,ROU.35.4_1,0.0233493136047241,0.05000000000000064
2023,01,ROU.35.50_1,0.028390307414469764,0.07600000000000087
2023,01,ROU.35.51_1,0.025243416384443173,0.05900000000000076
2023,01,ROU.35.52_1,0.024214179723045553,0.05400000000000069
2023,01,ROU.35.53_1,0.02697054521774516,0.06800000000000077
2023,01,ROU.35.54_1,0.024424437038630373,0.05500000000000071
2023,01,ROU.35.55_1,0.024214179723045553,0.05400000000000069
2023,01,ROU.35.56_1,0.02751467230226447,0.0710000000000008
2023,01,ROU.35.57_1,0.023569236142789846,0.051000000000000656
2023,01,ROU.35.58_1,0.025041870283848078,0.058000000000000745
2023,01,ROU.35.59_1,0.02400160243147714,0.053000000000000685
2023,01,ROU.35.5_1,0.02697054521774516,0.06800000000000077
2023,01,ROU.35.60_1,0.02124362103085479,0.04100000000000053
2023,01,ROU.35.61_1,0.02583595844498755,0.0620000000000008
2023,01,ROU.35.62_1,0.023569236142789846,0.051000000000000656
2023,01,ROU.35.6_1,0.024424437038630373,0.05500000000000071
2023,01,ROU.35.7_1,0.02697054521774516,0.06800000000000077
2023,01,ROU.35.8_1,0.02312680358116367,0.04900000000000063
2023,01,ROU.35.9_1,0.025041870283848078,0.058000000000000745
2023,01,ROU.36.19_1,0.017048786250816777,0.026000000000000335
2023,01,ROU.37.26_1,0.030812713878699133,0.09100000000000107
2023,01,ROU.37.31_1,0.03156073765041731,0.09600000000000113
2023,01,ROU.37.32_1,0.03325229451132378,0.10800000000000128
2023,01,ROU.37.39_1,0.029064725160722192,0.08000000000000092
2023,01,ROU.37.41_1,0.028218167786464483,0.07500000000000086
2023,01,ROU.37.44_1,0.030812713878699133,0.09100000000000107
2023,01,ROU.37.4_1,0.027334920031015345,0.0700000000000009
2023,01,ROU.37.50_1,0.02922991675655941,0.08100000000000093
2023,01,ROU.37.73_1,0.03170713894015779,0.09700000000000114
2023,01,ROU.37.84_1,0.027692843395231256,0.07200000000000081
2023,01,ROU.37.88_1,0.04005379008383173,0.16800000000000206
2023,01,ROU.37.9_1,0.030812713878699133,0.09100000000000107
2023,01,ROU.38.10_1,0.03019411664590983,0.08700000000000101
2023,01,ROU.38.12_1,0.0295563654275685,0.08300000000000096
2023,01,ROU.38.15_1,0.03404839150347801,0.11400000000000146
2023,01,ROU.38.19_1,0.03404839150347801,0.11400000000000146
2023,01,ROU.38.26_1,0.03214019949601003,0.10000000000000117
2023,01,ROU.38.2_1,0,0
2023,01,ROU.38.31_1,0,0
2023,01,ROU.38.37_1,0,0
2023,01,ROU.38.42_1,0,0
2023,01,ROU.38.48_1,0.028730294336337586,0.07800000000000089
2023,01,ROU.38.49_1,0.031115188132474964,0.09300000000000108
2023,01,ROU.38.50_1,0,0
2023,01,ROU.38.54_1,0.030036521559975722,0.08600000000000099
2023,01,ROU.38.55_1,0.042197197462802954,0.19200000000000225
2023,01,ROU.38.58_1,0.02544291490408445,0.060000000000000664
2023,01,ROU.38.5_1,0.040336910720586906,0.1710000000000021
2023,01,ROU.38.69_1,0.032979875013936046,0.10600000000000126
2023,01,ROU.38.71_1,0.029877711080867154,0.08500000000000098
2023,01,ROU.38.74_1,0.04133706704404164,0.18200000000000213
2023,01,ROU.38.76_1,0.02483822675797491,0.05700000000000073
2023,01,ROU.38.79_1,0,0
2023,01,ROU.38.80_1,0.04107006663228087,0.17900000000000219
2023,01,ROU.39.10_1,0.030036521559975722,0.08600000000000099
2023,01,ROU.39.11_1,0,0
2023,01,ROU.39.12_1,0,0
2023,01,ROU.39.13_1,0,0
2023,01,ROU.39.14_1,0,0
2023,01,ROU.39.15_1,0,0
2023,01,ROU.39.16_1,0,0
2023,01,ROU.39.17_1,0.027334920031015345,0.0700000000000009
2023,01,ROU.39.18_1,0,0
2023,01,ROU.39.19_1,0,0
2023,01,ROU.39.1_1,0,0
2023,01,ROU.39.20_1,0,0
2023,01,ROU.39.21_1,0,0
2023,01,ROU.39.22_1,0,0
2023,01,ROU.39.23_1,0,0
2023,01,ROU.39.24_1,0.03228255102724314,0.10100000000000119
2023,01,ROU.39.25_1,0.02715355518004624,0.0690000000000009
2023,01,ROU.39.26_1,0,0
2023,01,ROU.39.27_1,0,0
2023,01,ROU.39.28_1,0,0
2023,01,ROU.39.29_1,0,0
2023,01,ROU.39.2_1,0.03156073765041731,0.09600000000000113
2023,01,ROU.39.30_1,0,0
2023,01,ROU.39.31_1,0,0
2023,01,ROU.39.32_1,0,0
2023,01,ROU.39.33_1,0,0
2023,01,ROU.39.34_1,0,0
2023,01,ROU.39.35_1,0,0
2023,01,ROU.39.36_1,0.02786946363562483,0.07300000000000083
2023,01,ROU.39.37_1,0,0
2023,01,ROU.39.38_1,0,0
2023,01,ROU.39.39_1,0,0
2023,01,ROU.39.3_1,0.0280445623245369,0.07400000000000084
2023,01,ROU.39.40_1,0,0
2023,01,ROU.39.41_1,0,0
2023,01,ROU.39.42_1,0.028561007712683044,0.07700000000000089
2023,01,ROU.39.43_1,0,0
2023,01,ROU.39.44_1,0,0
2023,01,ROU.39.45_1,0,0
2023,01,ROU.39.46_1,0,0
2023,01,ROU.39.47_1,0,0
2023,01,ROU.39.48_1,0,0
2023,01,ROU.39.4_1,0.029064725160722192,0.08000000000000092
2023,01,ROU.39.5_1,0,0
2023,01,ROU.39.6_1,0.02751467230226447,0.0710000000000008
2023,01,ROU.39.7_1,0.0324239236154818,0.1020000000000012
2023,01,ROU.39.8_1,0.0280445623245369,0.07400000000000084
2023,01,ROU.39.9_1,0,0
2023,01,ROU.4.32_1,0.0219726580873525,0.044000000000000566
2023,01,ROU.4.41_1,0.018568210412728343,0.031000000000000288
2023,01,ROU.4.49_1,0.023786642964282206,0.05200000000000067
2023,01,ROU.4.62_1,0.021732891413029136,0.04300000000000055
2023,01,ROU.4.63_1,0.022673715484236145,0.047000000000000604
2023,01,ROU.4.66_1,0.022209319716949616,0.04500000000000058
2023,01,ROU.40.14_1,0.023569236142789846,0.051000000000000656
2023,01,ROU.40.25_1,0.02786946363562483,0.07300000000000083
2023,01,ROU.40.53_1,0.02483822675797491,0.05700000000000073
2023,01,ROU.40.84_1,0.019138042751105304,0.033000000000000425
2023,01,ROU.41.10_1,0.02786946363562483,0.07300000000000083
2023,01,ROU.41.11_1,0.0219726580873525,0.044000000000000566
2023,01,ROU.41.12_1,0.022209319716949616,0.04500000000000058
2023,01,ROU.41.13_1,0.0219726580873525,0.044000000000000566
2023,01,ROU.41.14_1,0.0219726580873525,0.044000000000000566
2023,01,ROU.41.15_1,0.023569236142789846,0.051000000000000656
2023,01,ROU.41.16_1,0.02378664296428221,0.05200000000000067
2023,01,ROU.41.17_1,0.022673715484236145,0.047000000000000604
2023,01,ROU.41.18_1,0.022673715484236145,0.047000000000000604
2023,01,ROU.41.19_1,0.02290163065295795,0.04800000000000062
2023,01,ROU.41.1_1,0.025243416384443173,0.05900000000000076
2023,01,ROU.41.20_1,0.025041870283848078,0.058000000000000745
2023,01,ROU.41.21_1,0.02483822675797491,0.05700000000000073
2023,01,ROU.41.22_1,0.02378664296428221,0.05200000000000067
2023,01,ROU.41.23_1,0.024424437038630373,0.05500000000000071
2023,01,ROU.41.24_1,0.024424437038630373,0.05500000000000071
2023,01,ROU.41.25_1,0.02751467230226447,0.0710000000000008
2023,01,ROU.41.26_1,0.02715355518004624,0.0690000000000009
2023,01,ROU.41.27_1,0.02602959336347104,0.0630000000000008
2023,01,ROU.41.28_1,0.026221360704147222,0.06400000000000082
2023,01,ROU.41.29_1,0.02290163065295795,0.04800000000000062
2023,01,ROU.41.2_1,0.022209319716949616,0.04500000000000058
2023,01,ROU.41.30_1,0.02312680358116367,0.04900000000000063
2023,01,ROU.41.31_1,0.024424437038630373,0.05500000000000071
2023,01,ROU.41.32_1,0.029877711080867154,0.08500000000000098
2023,01,ROU.41.33_1,0.025041870283848078,0.058000000000000745
2023,01,ROU.41.34_1,0.02751467230226447,0.0710000000000008
2023,01,ROU.41.35_1,0.02602959336347104,0.0630000000000008
2023,01,ROU.41.36_1,0.024214179723045553,0.05400000000000069
2023,01,ROU.41.37_1,0.022673715484236145,0.047000000000000604
2023,01,ROU.41.38_1,0.026599453829620263,0.06600000000000085
2023,01,ROU.41.39_1,0.02544291490408445,0.060000000000000664
2023,01,ROU.41.3_1,0.02544291490408445,0.060000000000000664
2023,01,ROU.41.40_1,0.025243416384443173,0.05900000000000076
2023,01,ROU.41.41_1,0.026221360704147222,0.06400000000000082
2023,01,ROU.41.42_1,0.025243416384443173,0.05900000000000076
2023,01,ROU.41.43_1,0.0233493136047241,0.05000000000000064
2023,01,ROU.41.44_1,0.025640413637213404,0.06100000000000067
2023,01,ROU.41.45_1,0.026411301147409305,0.06500000000000072
2023,01,ROU.41.46_1,0.02290163065295795,0.04800000000000062
2023,01,ROU.41.47_1,0.02312680358116367,0.04900000000000063
2023,01,ROU.41.48_1,0.022209319716949616,0.04500000000000058
2023,01,ROU.41.49_1,0.022673715484236145,0.047000000000000604
2023,01,ROU.41.4_1,0.0233493136047241,0.05000000000000064
2023,01,ROU.41.50_1,0.024214179723045553,0.05400000000000069
2023,01,ROU.41.51_1,0.02290163065295795,0.04800000000000062
2023,01,ROU.41.52_1,0.020740599757139808,0.0390000000000005
2023,01,ROU.41.53_1,0.02124362103085479,0.04100000000000053
2023,01,ROU.41.54_1,0.019689060444981806,0.03500000000000045
2023,01,ROU.41.55_1,0.0224429745303176,0.04600000000000059
2023,01,ROU.41.56_1,0.0219726580873525,0.044000000000000566
2023,01,ROU.41.57_1,0.02124362103085479,0.04100000000000053
2023,01,ROU.41.58_1,0.02583595844498755,0.0620000000000008
2023,01,ROU.41.59_1,0.02483822675797491,0.05700000000000073
2023,01,ROU.41.5_1,0.025640413637213404,0.06100000000000067
2023,01,ROU.41.60_1,0.026785856424274813,0.06700000000000075
2023,01,ROU.41.61_1,0.019689060444981806,0.03500000000000045
2023,01,ROU.41.62_1,0.021489915763681852,0.042000000000000544
2023,01,ROU.41.63_1,0.022209319716949616,0.04500000000000058
2023,01,ROU.41.64_1,0.02124362103085479,0.04100000000000053
2023,01,ROU.41.65_1,0.025640413637213404,0.06100000000000067
2023,01,ROU.41.66_1,0.022209319716949616,0.04500000000000058
2023,01,ROU.41.67_1,0.022209319716949616,0.04500000000000058
2023,01,ROU.41.68_1,0.0224429745303176,0.04600000000000059
2023,01,ROU.41.69_1,0.02463243378679614,0.05600000000000072
2023,01,ROU.41.6_1,0.021489915763681852,0.042000000000000544
2023,01,ROU.41.70_1,0.023786642964282206,0.05200000000000067
2023,01,ROU.41.71_1,0.021732891413029136,0.04300000000000055
2023,01,ROU.41.72_1,0.021732891413029136,0.04300000000000055
2023,01,ROU.41.73_1,0.025243416384443173,0.05900000000000076
2023,01,ROU.41.74_1,0.020222801500296435,0.03700000000000048
2023,01,ROU.41.75_1,0.022673715484236145,0.047000000000000604
2023,01,ROU.41.7_1,0.02290163065295795,0.04800000000000062
2023,01,ROU.41.8_1,0.028730294336337586,0.07800000000000089
2023,01,ROU.41.9_1,0.02483822675797491,0.05700000000000073
2023,01,ROU.42.12_1,0.02544291490408445,0.060000000000000664
2023,01,ROU.42.13_1,0.03614704913653738,0.1310000000000016
2023,01,ROU.42.35_1,0.020740599757139808,0.0390000000000005
2023,01,ROU.42.36_1,0.02124362103085479,0.04100000000000053
2023,01,ROU.42.3_1,0.02971766572349627,0.08400000000000098
2023,01,ROU.42.47_1,0.02786946363562483,0.07300000000000083
2023,01,ROU.42.48_1,0.02786946363562483,0.07300000000000083
2023,01,ROU.42.52_1,0.0280445623245369,0.07400000000000084
2023,01,ROU.42.5_1,0.026599453829620263,0.06600000000000085
2023,01,ROU.5.10_1,0.04005379008383173,0.16800000000000206
2023,01,ROU.5.11_1,0.02939378953342484,0.08200000000000095
2023,01,ROU.5.12_1,0.026599453829620263,0.06600000000000085
2023,01,ROU.5.13_1,0.028730294336337586,0.07800000000000089
2023,01,ROU.5.14_1,0.0219726580873525,0.044000000000000566
2023,01,ROU.5.15_1,0.0288981921295096,0.0790000000000009
2023,01,ROU.5.16_1,0.01941580203000218,0.03400000000000044
2023,01,ROU.5.17_1,0.03019411664590983,0.08700000000000101
2023,01,ROU.5.18_1,0.019138042751105304,0.033000000000000425
2023,01,ROU.5.19_1,0.0280445623245369,0.07400000000000084
2023,01,ROU.5.1_1,0.0295563654275685,0.08300000000000096
2023,01,ROU.5.20_1,0.02312680358116367,0.04900000000000063
2023,01,ROU.5.21_1,0.024424437038630373,0.05500000000000071
2023,01,ROU.5.22_1,0.02483822675797491,0.05700000000000073
2023,01,ROU.5.23_1,0.0288981921295096,0.0790000000000009
2023,01,ROU.5.24_1,0.027334920031015345,0.0700000000000009
2023,01,ROU.5.25_1,0.02715355518004624,0.0690000000000009
2023,01,ROU.5.26_1,0.0324239236154818,0.1020000000000012
2023,01,ROU.5.27_1,0.02922991675655941,0.08100000000000093
2023,01,ROU.5.28_1,0.0288981921295096,0.0790000000000009
2023,01,ROU.5.29_1,0.029877711080867154,0.08500000000000098
2023,01,ROU.5.2_1,0.02751467230226447,0.0710000000000008
2023,01,ROU.5.30_1,0.02786946363562483,0.07300000000000083
2023,01,ROU.5.31_1,0.028390307414469764,0.07600000000000087
2023,01,ROU.5.32_1,0.022673715484236145,0.047000000000000604
2023,01,ROU.5.33_1,0.023569236142789846,0.051000000000000656
2023,01,ROU.5.34_1,0.02751467230226447,0.0710000000000008
2023,01,ROU.5.35_1,0.029064725160722192,0.08000000000000092
2023,01,ROU.5.36_1,0.031996855956060714,0.09900000000000117
2023,01,ROU.5.37_1,0.027692843395231256,0.07200000000000081
2023,01,ROU.5.38_1,0.02786946363562483,0.07300000000000083
2023,01,ROU.5.39_1,0.028218167786464483,0.07500000000000086
2023,01,ROU.5.3_1,0.027334920031015345,0.0700000000000009
2023,01,ROU.5.40_1,0.02544291490408445,0.060000000000000664
2023,01,ROU.5.41_1,0.04014867134705494,0.16900000000000207
2023,01,ROU.5.42_1,0.029064725160722192,0.08000000000000092
2023,01,ROU.5.43_1,0.02939378953342484,0.08200000000000095
2023,01,ROU.5.44_1,0.02715355518004624,0.0690000000000009
2023,01,ROU.5.45_1,0.025041870283848078,0.058000000000000745
2023,01,ROU.5.46_1,0.026599453829620263,0.06600000000000085
2023,01,ROU.5.47_1,0.02697054521774516,0.06800000000000077
2023,01,ROU.5.48_1,0.02483822675797491,0.05700000000000073
2023,01,ROU.5.49_1,0.02483822675797491,0.05700000000000073
2023,01,ROU.5.4_1,0.02602959336347104,0.0630000000000008
2023,01,ROU.5.50_1,0.028390307414469764,0.07600000000000087
2023,01,ROU.5.51_1,0.026221360704147222,0.06400000000000082
2023,01,ROU.5.52_1,0.031264777264725374,0.0940000000000011
2023,01,ROU.5.53_1,0.030812713878699133,0.09100000000000107
2023,01,ROU.5.54_1,0.0219726580873525,0.044000000000000566
2023,01,ROU.5.55_1,0.028561007712683044,0.07700000000000089
2023,01,ROU.5.56_1,0.034435040338297425,0.1170000000000014
2023,01,ROU.5.57_1,0.03019411664590983,0.08700000000000101
2023,01,ROU.5.58_1,0.022209319716949616,0.04500000000000058
2023,01,ROU.5.59_1,0.028561007712683044,0.07700000000000089
2023,01,ROU.5.5_1,0.02378664296428221,0.05200000000000067
2023,01,ROU.5.60_1,0.02715355518004624,0.0690000000000009
2023,01,ROU.5.61_1,0.028218167786464483,0.07500000000000086
2023,01,ROU.5.62_1,0.02922991675655941,0.08100000000000093
2023,01,ROU.5.63_1,0.029064725160722192,0.08000000000000092
2023,01,ROU.5.64_1,0.026411301147409305,0.06500000000000072
2023,01,ROU.5.65_1,0.02312680358116367,0.04900000000000063
2023,01,ROU.5.66_1,0.03750470407679444,0.14300000000000174
2023,01,ROU.5.67_1,0.03170713894015779,0.09700000000000114
2023,01,ROU.5.68_1,0.03877229576309528,0.1550000000000019
2023,01,ROU.5.69_1,0.02939378953342484,0.08200000000000095
2023,01,ROU.5.6_1,0.037062634713146116,0.13900000000000168
2023,01,ROU.5.70_1,0.03156073765041731,0.09600000000000113
2023,01,ROU.5.71_1,0.030812713878699133,0.09100000000000107
2023,01,ROU.5.72_1,0.02922991675655941,0.08100000000000093
2023,01,ROU.5.73_1,0.04014867134705494,0.16900000000000207
2023,01,ROU.5.74_1,0.0280445623245369,0.07400000000000084
2023,01,ROU.5.75_1,0.030812713878699133,0.09100000000000107
2023,01,ROU.5.76_1,0.01941580203000218,0.03400000000000044
2023,01,ROU.5.77_1,0.028390307414469764,0.07600000000000087
2023,01,ROU.5.78_1,0.02971766572349627,0.08400000000000098
2023,01,ROU.5.79_1,0.028390307414469764,0.07600000000000087
2023,01,ROU.5.7_1,0.0280445623245369,0.07400000000000084
2023,01,ROU.5.80_1,0.024214179723045553,0.05400000000000069
2023,01,ROU.5.81_1,0.0288981921295096,0.0790000000000009
2023,01,ROU.5.82_1,0.023569236142789846,0.051000000000000656
2023,01,ROU.5.83_1,0.03782968078543973,0.14600000000000177
2023,01,ROU.5.84_1,0.02751467230226447,0.0710000000000008
2023,01,ROU.5.85_1,0.025640413637213404,0.06100000000000067
2023,01,ROU.5.86_1,0.027334920031015345,0.0700000000000009
2023,01,ROU.5.87_1,0.027692843395231256,0.07200000000000081
2023,01,ROU.5.88_1,0.029877711080867154,0.08500000000000098
2023,01,ROU.5.89_1,0.02922991675655941,0.08100000000000093
2023,01,ROU.5.8_1,0.02971766572349627,0.08400000000000098
2023,01,ROU.5.90_1,0.021732891413029136,0.04300000000000055
2023,01,ROU.5.91_1,0.026785856424274813,0.06700000000000075
2023,01,ROU.5.92_1,0.02483822675797491,0.05700000000000073
2023,01,ROU.5.93_1,0.023569236142789846,0.051000000000000656
2023,01,ROU.5.94_1,0.028218167786464483,0.07500000000000086
2023,01,ROU.5.9_1,0.026411301147409305,0.06500000000000072
2023,01,ROU.6.10_1,0,0
2023,01,ROU.6.31_1,0,0
2023,01,ROU.6.36_1,0,0
2023,01,ROU.6.37_1,0.015714771885469114,0.022000000000000283
2023,01,ROU.6.38_1,0.018568210412728343,0.031000000000000288
2023,01,ROU.6.42_1,0.015714771885469114,0.022000000000000283
2023,01,ROU.6.4_1,0,0
2023,01,ROU.6.51_1,0.020740599757139808,0.0390000000000005
2023,01,ROU.6.53_1,0.018568210412728343,0.031000000000000288
2023,01,ROU.6.57_1,0.019689060444981806,0.03500000000000045
2023,01,ROU.6.6_1,0,0
2023,01,ROU.6.8_1,0,0
2023,01,ROU.7.14_1,0,0
2023,01,ROU.7.38_1,0,0
2023,01,ROU.7.42_1,0,0
2023,01,ROU.7.44_1,0,0
2023,01,ROU.7.48_1,0,0
2023,01,ROU.7.50_1,0,0
2023,01,ROU.7.52_1,0,0
2023,01,ROU.7.57_1,0,0
2023,01,ROU.8.10_1,0,0
2023,01,ROU.8.11_1,0,0
2023,01,ROU.8.12_1,0,0
2023,01,ROU.8.13_1,0,0
2023,01,ROU.8.14_1,0,0
2023,01,ROU.8.15_1,0,0
2023,01,ROU.8.16_1,0,0
2023,01,ROU.8.17_1,0,0
2023,01,ROU.8.18_1,0,0
2023,01,ROU.8.19_1,0,0
2023,01,ROU.8.1_1,0,0
2023,01,ROU.8.20_1,0,0
2023,01,ROU.8.21_1,0,0
2023,01,ROU.8.22_1,0,0
2023,01,ROU.8.23_1,0,0
2023,01,ROU.8.24_1,0,0
2023,01,ROU.8.25_1,0,0
2023,01,ROU.8.26_1,0,0
2023,01,ROU.8.27_1,0,0
2023,01,ROU.8.28_1,0,0
2023,01,ROU.8.29_1,0,0
2023,01,ROU.8.2_1,0,0
2023,01,ROU.8.30_1,0,0
2023,01,ROU.8.31_1,0,0
2023,01,ROU.8.32_1,0,0
2023,01,ROU.8.33_1,0,0
2023,01,ROU.8.34_1,0,0
2023,01,ROU.8.35_1,0,0
2023,01,ROU.8.36_1,0,0
2023,01,ROU.8.37_1,0.020740599757139808,0.0390000000000005
2023,01,ROU.8.38_1,0,0
2023,01,ROU.8.39_1,0,0
2023,01,ROU.8.3_1,0,0
2023,01,ROU.8.40_1,0,0
2023,01,ROU.8.41_1,0.023569236142789846,0.051000000000000656
2023,01,ROU.8.42_1,0,0
2023,01,ROU.8.43_1,0,0
2023,01,ROU.8.44_1,0,0
2023,01,ROU.8.45_1,0.0219726580873525,0.044000000000000566
2023,01,ROU.8.46_1,0,0
2023,01,ROU.8.47_1,0.019689060444981806,0.03500000000000045
2023,01,ROU.8.49_1,0.020993890399061767,0.040000000000000514
2023,01,ROU.8.4_1,0,0
2023,01,ROU.8.50_1,0,0
2023,01,ROU.8.51_1,0,0
2023,01,ROU.8.52_1,0,0
2023,01,ROU.8.5_1,0,0
2023,01,ROU.8.6_1,0,0
2023,01,ROU.8.7_1,0,0
2023,01,ROU.8.8_1,0,0
2023,01,ROU.8.9_1,0.023786642964282206,0.05200000000000067
2023,01,ROU.9.10_1,0.03214019949601003,0.10000000000000117
2023,01,ROU.9.11_1,0.03877229576309528,0.1550000000000019
2023,01,ROU.9.13_1,0.02715355518004624,0.0690000000000009
2023,01,ROU.9.18_1,0.031115188132474964,0.09300000000000108
2023,01,ROU.9.22_1,0.03065979624060513,0.09000000000000105
2023,01,ROU.9.2_1,0.030505735838905406,0.08900000000000104
2023,01,ROU.9.31_1,0.03170713894015779,0.09700000000000114
2023,01,ROU.9.39_1,0,0
2023,01,ROU.9.5_1,0,0
2023,01,ROU.9.6_1,0.04098011976797699,0.17800000000000207
2023,01,SRB.1.1_1,0.025640413637213404,0.06100000000000067
2023,01,SRB.1.2_1,0.02483822675797491,0.05700000000000073
2023,01,SRB.1.3_1,0.02715355518004624,0.0690000000000009
2023,01,SRB.1.4_1,0.026411301147409305,0.06500000000000072
2023,01,SRB.10.1_1,0,0
2023,01,SRB.10.2_1,0,0
2023,01,SRB.10.3_1,0,0
2023,01,SRB.10.4_1,0,0
2023,01,SRB.10.5_1,0,0
2023,01,SRB.10.6_1,0,0
2023,01,SRB.10.7_1,0,0
2023,01,SRB.11.1_1,0.018855583704325884,0.03200000000000041
2023,01,SRB.11.2_1,0.026411301147409305,0.06500000000000072
2023,01,SRB.11.3_1,0.0280445623245369,0.07400000000000084
2023,01,SRB.11.4_1,0.021489915763681852,0.042000000000000544
2023,01,SRB.11.5_1,0.02312680358116367,0.04900000000000063
2023,01,SRB.11.6_1,0.021732891413029136,0.04300000000000055
2023,01,SRB.11.7_1,0.022209319716949616,0.04500000000000058
2023,01,SRB.12.1_1,0,0
2023,01,SRB.12.2_1,0,0
2023,01,SRB.12.3_1,0.02124362103085479,0.04100000000000053
2023,01,SRB.12.4_1,0,0
2023,01,SRB.13.1_1,0.03019411664590983,0.08700000000000101
2023,01,SRB.13.2_1,0.03170713894015779,0.09700000000000114
2023,01,SRB.13.3_1,0.030350515271466805,0.08800000000000102
2023,01,SRB.14.1_1,0,0
2023,01,SRB.14.2_1,0.02602959336347104,0.0630000000000008
2023,01,SRB.14.3_1,0.026221360704147222,0.06400000000000082
2023,01,SRB.14.4_1,0,0
2023,01,SRB.14.5_1,0,0
2023,01,SRB.14.6_1,0.029064725160722192,0.08000000000000092
2023,01,SRB.15.1_1,0,0
2023,01,SRB.15.2_1,0,0
2023,01,SRB.15.3_1,0,0
2023,01,SRB.15.4_1,0,0
2023,01,SRB.15.5_1,0,0
2023,01,SRB.15.6_1,0,0
2023,01,SRB.16.1_1,0.02312680358116367,0.04900000000000063
2023,01,SRB.16.2_1,0.0219726580873525,0.044000000000000566
2023,01,SRB.16.3_1,0,0
2023,01,SRB.16.4_1,0.019958002869948324,0.03600000000000046
2023,01,SRB.16.5_1,0,0
2023,01,SRB.17.1_1,0.031996855956060714,0.09900000000000117
2023,01,SRB.17.2_1,0.03543123956435251,0.1250000000000015
2023,01,SRB.17.3_1,0.03156073765041731,0.09600000000000113
2023,01,SRB.18.1_1,0.03214019949601003,0.10000000000000117
2023,01,SRB.18.2_1,0.030036521559975722,0.08600000000000099
2023,01,SRB.18.3_1,0.02971766572349627,0.08400000000000098
2023,01,SRB.18.4_1,0.02751467230226447,0.0710000000000008
2023,01,SRB.18.5_1,0.031264777264725374,0.0940000000000011
2023,01,SRB.18.6_1,0.03338715508026268,0.10900000000000129
2023,01,SRB.19.1_1,0.028730294336337586,0.07800000000000089
2023,01,SRB.19.2_1,0.03065979624060513,0.09000000000000105
2023,01,SRB.19.3_1,0,0
2023,01,SRB.19.4_1,0.03065979624060513,0.09000000000000105
2023,01,SRB.19.5_1,0.02939378953342484,0.08200000000000095
2023,01,SRB.2.1_1,0.0280445623245369,0.07400000000000084
2023,01,SRB.2.2_1,0.02290163065295795,0.04800000000000062
2023,01,SRB.2.3_1,0,0
2023,01,SRB.2.4_1,0,0
2023,01,SRB.2.5_1,0,0
2023,01,SRB.2.6_1,0,0
2023,01,SRB.2.7_1,0,0
2023,01,SRB.2.8_1,0.026599453829620263,0.06600000000000085
2023,01,SRB.20.1_1,0.017977774444318844,0.029000000000000373
2023,01,SRB.20.2_1,0.016726290126725652,0.02500000000000032
2023,01,SRB.20.3_1,0.015361311878902892,0.021000000000000272
2023,01,SRB.20.4_1,0.014243584942125654,0.01800000000000023
2023,01,SRB.20.5_1,0.014626439448359682,0.019000000000000246
2023,01,SRB.20.6_1,0.017674187644973697,0.02800000000000036
2023,01,SRB.20.7_1,0.021489915763681852,0.042000000000000544
2023,01,SRB.21.1_1,0.026599453829620263,0.06600000000000085
2023,01,SRB.21.2_1,0.030964505683742812,0.09200000000000107
2023,01,SRB.21.3_1,0.027692843395231256,0.07200000000000081
2023,01,SRB.21.4_1,0.026599453829620263,0.06600000000000085
2023,01,SRB.21.5_1,0.030964505683742812,0.09200000000000107
2023,01,SRB.21.6_1,0.028730294336337586,0.07800000000000089
2023,01,SRB.21.7_1,0.028561007712683044,0.07700000000000089
2023,01,SRB.22.1_1,0,0
2023,01,SRB.22.2_1,0,0
2023,01,SRB.22.3_1,0,0
2023,01,SRB.22.4_1,0,0
2023,01,SRB.23.1_1,0,0
2023,01,SRB.23.2_1,0.02400160243147714,0.053000000000000685
2023,01,SRB.23.3_1,0,0
2023,01,SRB.23.4_1,0.028390307414469764,0.07600000000000087
2023,01,SRB.24.1_1,0.01605974012232283,0.023000000000000295
2023,01,SRB.24.2_1,0.017977774444318844,0.029000000000000373
2023,01,SRB.24.3_1,0.015714771885469114,0.022000000000000283
2023,01,SRB.24.4_1,0.016726290126725652,0.02500000000000032
2023,01,SRB.25.10_1,0.0233493136047241,0.05000000000000064
2023,01,SRB.25.1_1,0.02124362103085479,0.04100000000000053
2023,01,SRB.25.2_1,0.02124362103085479,0.04100000000000053
2023,01,SRB.25.3_1,0.020740599757139808,0.0390000000000005
2023,01,SRB.25.4_1,0.02400160243147714,0.053000000000000685
2023,01,SRB.25.5_1,0.0224429745303176,0.04600000000000059
2023,01,SRB.25.6_1,0.024214179723045553,0.05400000000000069
2023,01,SRB.25.7_1,0.02290163065295795,0.04800000000000062
2023,01,SRB.25.8_1,0.020740599757139808,0.0390000000000005
2023,01,SRB.25.9_1,0.020222801500296435,0.03700000000000048
2023,01,SRB.3.10_1,0.03228255102724314,0.10100000000000119
2023,01,SRB.3.11_1,0.014626439448359682,0.019000000000000246
2023,01,SRB.3.12_1,0.030036521559975722,0.08600000000000099
2023,01,SRB.3.13_1,0.016726290126725652,0.02500000000000032
2023,01,SRB.3.14_1,0.011174337950468731,0.011000000000000142
2023,01,SRB.3.15_1,0.029877711080867154,0.08500000000000098
2023,01,SRB.3.16_1,0.0163967525685292,0.02400000000000031
2023,01,SRB.3.17_1,0.014626439448359682,0.019000000000000246
2023,01,SRB.3.1_1,0.01166531333803828,0.012000000000000155
2023,01,SRB.3.2_1,0.011174337950468731,0.011000000000000142
2023,01,SRB.3.3_1,0.01166531333803828,0.012000000000000155
2023,01,SRB.3.4_1,0.012587219009761199,0.01400000000000018
2023,01,SRB.3.5_1,0.014626439448359682,0.019000000000000246
2023,01,SRB.3.6_1,0.01499875976480468,0.020000000000000257
2023,01,SRB.3.7_1,0.013849322643485965,0.01700000000000022
2023,01,SRB.3.8_1,0.01344264884522412,0.016000000000000205
2023,01,SRB.3.9_1,0.01499875976480468,0.020000000000000257
2023,01,SRB.4.1_1,0,0
2023,01,SRB.4.2_1,0.015361311878902892,0.021000000000000272
2023,01,SRB.4.3_1,0,0
2023,01,SRB.4.4_1,0.02697054521774516,0.06800000000000077
2023,01,SRB.4.5_1,0,0
2023,01,SRB.4.6_1,0,0
2023,01,SRB.5.10_1,0.017977774444318844,0.029000000000000373
2023,01,SRB.5.11_1,0.019138042751105304,0.033000000000000425
2023,01,SRB.5.12_1,0.021732891413029136,0.04300000000000055
2023,01,SRB.5.1_1,0.022209319716949616,0.04500000000000058
2023,01,SRB.5.2_1,0.01941580203000218,0.03400000000000044
2023,01,SRB.5.3_1,0.02400160243147714,0.053000000000000685
2023,01,SRB.5.4_1,0.020222801500296435,0.03700000000000048
2023,01,SRB.5.5_1,0.016726290126725652,0.02500000000000032
2023,01,SRB.5.6_1,0.01941580203000218,0.03400000000000044
2023,01,SRB.5.7_1,0.019958002869948324,0.03600000000000046
2023,01,SRB.5.8_1,0.018855583704325884,0.03200000000000041
2023,01,SRB.5.9_1,0.02922991675655941,0.08100000000000093
2023,01,SRB.6.1_1,0,0
2023,01,SRB.6.2_1,0,0
2023,01,SRB.6.3_1,0,0
2023,01,SRB.6.4_1,0.027334920031015345,0.0700000000000009
2023,01,SRB.6.5_1,0.03156073765041731,0.09600000000000113
2023,01,SRB.6.6_1,0.02922991675655941,0.08100000000000093
2023,01,SRB.6.7_1,0,0
2023,01,SRB.6.8_1,0,0
2023,01,SRB.7.1_1,0.03019411664590983,0.08700000000000101
2023,01,SRB.7.2_1,0,0
2023,01,SRB.7.3_1,0.02697054521774516,0.06800000000000077
2023,01,SRB.7.4_1,0.02544291490408445,0.060000000000000664
2023,01,SRB.7.5_1,0.029064725160722192,0.08000000000000092
2023,01,SRB.7.6_1,0.023569236142789846,0.051000000000000656
2023,01,SRB.8.1_1,0.032979875013936046,0.10600000000000126
2023,01,SRB.8.2_1,0.02697054521774516,0.06800000000000077
2023,01,SRB.8.3_1,0.024214179723045553,0.05400000000000069
2023,01,SRB.8.4_1,0.02312680358116367,0.04900000000000063
2023,01,SRB.8.5_1,0.0280445623245369,0.07400000000000084
2023,01,SRB.8.6_1,0.02544291490408445,0.060000000000000664
2023,01,SRB.8.7_1,0.030350515271466805,0.08800000000000102
2023,01,SRB.8.8_1,0.03019411664590983,0.08700000000000101
2023,01,SRB.9.1_1,0.02715355518004624,0.0690000000000009
2023,01,SRB.9.2_1,0.02751467230226447,0.0710000000000008
2023,01,SRB.9.3_1,0.0219726580873525,0.044000000000000566
2023,01,SRB.9.4_1,0.02400160243147714,0.053000000000000685
2023,01,SVK.1.10_1,0.025041870283848078,0.058000000000000745
2023,01,SVK.1.11_1,0.023786642964282206,0.05200000000000067
2023,01,SVK.1.12_1,0.02400160243147714,0.053000000000000685
2023,01,SVK.1.13_1,0,0
2023,01,SVK.1.1_1,0,0
2023,01,SVK.1.2_1,0.02400160243147714,0.053000000000000685
2023,01,SVK.1.3_1,0,0
2023,01,SVK.1.4_1,0,0
2023,01,SVK.1.5_1,0.023569236142789846,0.051000000000000656
2023,01,SVK.1.6_1,0.025243416384443173,0.05900000000000076
2023,01,SVK.1.7_1,0,0
2023,01,SVK.1.8_1,0.021732891413029136,0.04300000000000055
2023,01,SVK.1.9_1,0.018855583704325884,0.03200000000000041
2023,01,SVK.2.1_1,0.02463243378679614,0.05600000000000072
2023,01,SVK.2.2_1,0.022209319716949616,0.04500000000000058
2023,01,SVK.2.3_1,0.0173646332659658,0.027000000000000347
2023,01,SVK.2.4_1,0.018275691057923763,0.030000000000000387
2023,01,SVK.2.5_1,0.018855583704325884,0.03200000000000041
2023,01,SVK.2.6_1,0.017977774444318844,0.029000000000000373
2023,01,SVK.2.7_1,0.019138042751105304,0.033000000000000425
2023,01,SVK.2.8_1,0.02048361704135102,0.03800000000000049
2023,01,SVK.3.10_1,0.019138042751105304,0.033000000000000425
2023,01,SVK.3.11_1,0.030036521559975722,0.08600000000000099
2023,01,SVK.3.1_1,0.02048361704135102,0.03800000000000049
2023,01,SVK.3.2_1,0.025041870283848078,0.058000000000000745
2023,01,SVK.3.3_1,0.025041870283848078,0.058000000000000745
2023,01,SVK.3.4_1,0.02602959336347104,0.0630000000000008
2023,01,SVK.3.5_1,0.028218167786464483,0.07500000000000086
2023,01,SVK.3.6_1,0.026785856424274813,0.06700000000000075
2023,01,SVK.3.7_1,0.028390307414469764,0.07600000000000087
2023,01,SVK.3.8_1,0.02048361704135102,0.03800000000000049
2023,01,SVK.3.9_1,0.025041870283848078,0.058000000000000745
2023,01,SVK.4.1_1,0.0075565551437334,0.005000000000000064
2023,01,SVK.4.2_1,0.0075565551437334,0.005000000000000064
2023,01,SVK.4.3_1,0,0
2023,01,SVK.4.4_1,0.0033861801343757375,0.0010000000000000128
2023,01,SVK.4.5_1,0.005859162188039041,0.0030000000000000387
2023,01,SVK.4.6_1,0.0033861801343757375,0.0010000000000000128
2023,01,SVK.4.7_1,0.006762183913988965,0.004000000000000051
2023,01,SVK.5.10_1,0,0
2023,01,SVK.5.11_1,0,0
2023,01,SVK.5.12_1,0,0
2023,01,SVK.5.13_1,0.026411301147409305,0.06500000000000072
2023,01,SVK.5.1_1,0,0
2023,01,SVK.5.2_1,0.02697054521774516,0.06800000000000077
2023,01,SVK.5.3_1,0,0
2023,01,SVK.5.4_1,0.018568210412728343,0.031000000000000288
2023,01,SVK.5.5_1,0,0
2023,01,SVK.5.6_1,0.01166531333803828,0.012000000000000155
2023,01,SVK.5.7_1,0.02400160243147714,0.053000000000000685
2023,01,SVK.5.8_1,0,0
2023,01,SVK.5.9_1,0.020993890399061767,0.040000000000000514
2023,01,SVK.6.1_1,0.023786642964282206,0.05200000000000067
2023,01,SVK.6.2_1,0.02400160243147714,0.053000000000000685
2023,01,SVK.6.3_1,0.024424437038630373,0.05500000000000071
2023,01,SVK.6.4_1,0.024214179723045553,0.05400000000000069
2023,01,SVK.6.5_1,0.02400160243147714,0.053000000000000685
2023,01,SVK.6.6_1,0.02378664296428221,0.05200000000000067
2023,01,SVK.6.7_1,0.022673715484236145,0.047000000000000604
2023,01,SVK.6.8_1,0.021489915763681852,0.042000000000000544
2023,01,SVK.6.9_1,0.024424437038630373,0.05500000000000071
2023,01,SVK.7.1_1,0.008932046136583301,0.00700000000000009
2023,01,SVK.7.2_1,0.008932046136583301,0.00700000000000009
2023,01,SVK.7.3_1,0.01166531333803828,0.012000000000000155
2023,01,SVK.7.4_1,0.008273630678653976,0.006000000000000077
2023,01,SVK.7.5_1,0.009543949726300377,0.008000000000000103
2023,01,SVK.7.6_1,0.0101177838078827,0.009000000000000116
2023,01,SVK.7.7_1,0.008273630678653976,0.006000000000000077
2023,01,SVK.8.10_1,0,0
2023,01,SVK.8.11_1,0.020740599757139808,0.0390000000000005
2023,01,SVK.8.1_1,0.0224429745303176,0.04600000000000059
2023,01,SVK.8.2_1,0.023569236142789846,0.051000000000000656
2023,01,SVK.8.3_1,0,0
2023,01,SVK.8.4_1,0,0
2023,01,SVK.8.5_1,0,0
2023,01,SVK.8.6_1,0,0
2023,01,SVK.8.7_1,0,0
2023,01,SVK.8.8_1,0,0
2023,01,SVK.8.9_1,0.02048361704135102,0.03800000000000049
2023,01,SVN.1.10_1,0.018568210412728343,0.031000000000000288
2023,01,SVN.1.11_1,0.020993890399061767,0.040000000000000514
2023,01,SVN.1.12_1,0.0233493136047241,0.05000000000000064
2023,01,SVN.1.13_1,0.02583595844498755,0.0620000000000008
2023,01,SVN.1.14_1,0.01941580203000218,0.03400000000000044
2023,01,SVN.1.15_1,0.020222801500296435,0.03700000000000048
2023,01,SVN.1.16_1,0.0233493136047241,0.05000000000000064
2023,01,SVN.1.17_1,0.022673715484236145,0.047000000000000604
2023,01,SVN.1.1_1,0.017977774444318844,0.029000000000000373
2023,01,SVN.1.2_1,0.017048786250816777,0.026000000000000335
2023,01,SVN.1.3_1,0.0233493136047241,0.05000000000000064
2023,01,SVN.1.4_1,0.024214179723045553,0.05400000000000069
2023,01,SVN.1.5_1,0.019689060444981806,0.03500000000000045
2023,01,SVN.1.6_1,0.017977774444318844,0.029000000000000373
2023,01,SVN.1.7_1,0.02124362103085479,0.04100000000000053
2023,01,SVN.1.8_1,0.015714771885469114,0.022000000000000283
2023,01,SVN.1.9_1,0.024424437038630373,0.05500000000000071
2023,01,SVN.10.10_1,0.013022400810965909,0.015000000000000194
2023,01,SVN.10.11_1,0.02124362103085479,0.04100000000000053
2023,01,SVN.10.12_1,0.02124362103085479,0.04100000000000053
2023,01,SVN.10.13_1,0.0219726580873525,0.044000000000000566
2023,01,SVN.10.14_1,0.025243416384443173,0.05900000000000076
2023,01,SVN.10.15_1,0.025640413637213404,0.06100000000000067
2023,01,SVN.10.16_1,0.024424437038630373,0.05500000000000071
2023,01,SVN.10.17_1,0.02602959336347104,0.0630000000000008
2023,01,SVN.10.18_1,0.025041870283848078,0.058000000000000745
2023,01,SVN.10.19_1,0.023569236142789846,0.051000000000000656
2023,01,SVN.10.1_1,0.018568210412728343,0.031000000000000288
2023,01,SVN.10.20_1,0.02400160243147714,0.053000000000000685
2023,01,SVN.10.21_1,0.026411301147409305,0.06500000000000072
2023,01,SVN.10.22_1,0.023569236142789846,0.051000000000000656
2023,01,SVN.10.23_1,0.01166531333803828,0.012000000000000155
2023,01,SVN.10.24_1,0.02312680358116367,0.04900000000000063
2023,01,SVN.10.25_1,0.026599453829620263,0.06600000000000085
2023,01,SVN.10.26_1,0.021732891413029136,0.04300000000000055
2023,01,SVN.10.27_1,0.0224429745303176,0.04600000000000059
2023,01,SVN.10.28_1,0.020993890399061767,0.040000000000000514
2023,01,SVN.10.29_1,0.0219726580873525,0.044000000000000566
2023,01,SVN.10.2_1,0.024424437038630373,0.05500000000000071
2023,01,SVN.10.30_1,0.02544291490408445,0.060000000000000664
2023,01,SVN.10.31_1,0.02583595844498755,0.0620000000000008
2023,01,SVN.10.32_1,0.021489915763681852,0.042000000000000544
2023,01,SVN.10.3_1,0.02544291490408445,0.060000000000000664
2023,01,SVN.10.4_1,0.017048786250816777,0.026000000000000335
2023,01,SVN.10.5_1,0.02312680358116367,0.04900000000000063
2023,01,SVN.10.6_1,0.018568210412728343,0.031000000000000288
2023,01,SVN.10.7_1,0.025640413637213404,0.06100000000000067
2023,01,SVN.10.8_1,0.02378664296428221,0.05200000000000067
2023,01,SVN.10.9_1,0.018855583704325884,0.03200000000000041
2023,01,SVN.11.1_1,0.02786946363562483,0.07300000000000083
2023,01,SVN.11.2_1,0.0295563654275685,0.08300000000000096
2023,01,SVN.11.3_1,0.025640413637213404,0.06100000000000067
2023,01,SVN.12.1_1,0.01941580203000218,0.03400000000000044
2023,01,SVN.12.2_1,0.02290163065295795,0.04800000000000062
2023,01,SVN.12.3_1,0.022209319716949616,0.04500000000000058
2023,01,SVN.2.10_1,0.027334920031015345,0.0700000000000009
2023,01,SVN.2.11_1,0.018568210412728343,0.031000000000000288
2023,01,SVN.2.12_1,0.02312680358116367,0.04900000000000063
2023,01,SVN.2.1_1,0.025243416384443173,0.05900000000000076
2023,01,SVN.2.2_1,0.011174337950468731,0.011000000000000142
2023,01,SVN.2.3_1,0.02048361704135102,0.03800000000000049
2023,01,SVN.2.4_1,0.019689060444981806,0.03500000000000045
2023,01,SVN.2.5_1,0.022673715484236145,0.047000000000000604
2023,01,SVN.2.6_1,0.021489915763681852,0.042000000000000544
2023,01,SVN.2.7_1,0.017048786250816777,0.026000000000000335
2023,01,SVN.2.8_1,0.027692843395231256,0.07200000000000081
2023,01,SVN.2.9_1,0.020740599757139808,0.0390000000000005
2023,01,SVN.3.10_1,0.02602959336347104,0.0630000000000008
2023,01,SVN.3.11_1,0.026599453829620263,0.06600000000000085
2023,01,SVN.3.12_1,0.026411301147409305,0.06500000000000072
2023,01,SVN.3.13_1,0.027334920031015345,0.0700000000000009
2023,01,SVN.3.14_1,0.024424437038630373,0.05500000000000071
2023,01,SVN.3.15_1,0.02715355518004624,0.0690000000000009
2023,01,SVN.3.16_1,0.02697054521774516,0.06800000000000077
2023,01,SVN.3.1_1,0.026599453829620263,0.06600000000000085
2023,01,SVN.3.2_1,0.0288981921295096,0.0790000000000009
2023,01,SVN.3.3_1,0.02786946363562483,0.07300000000000083
2023,01,SVN.3.4_1,0.023569236142789846,0.051000000000000656
2023,01,SVN.3.5_1,0.020993890399061767,0.040000000000000514
2023,01,SVN.3.6_1,0.02786946363562483,0.07300000000000083
2023,01,SVN.3.7_1,0.020993890399061767,0.040000000000000514
2023,01,SVN.3.8_1,0.02544291490408445,0.060000000000000664
2023,01,SVN.3.9_1,0.018855583704325884,0.03200000000000041
2023,01,SVN.4.10_1,0,0
2023,01,SVN.4.11_1,0,0
2023,01,SVN.4.12_1,0,0
2023,01,SVN.4.1_1,0.01941580203000218,0.03400000000000044
2023,01,SVN.4.2_1,0,0
2023,01,SVN.4.3_1,0,0
2023,01,SVN.4.4_1,0.019138042751105304,0.033000000000000425
2023,01,SVN.4.5_1,0.018275691057923763,0.030000000000000387
2023,01,SVN.4.6_1,0.021489915763681852,0.042000000000000544
2023,01,SVN.4.7_1,0,0
2023,01,SVN.4.8_1,0.02312680358116367,0.04900000000000063
2023,01,SVN.4.9_1,0,0
2023,01,SVN.5.1_1,0.024214179723045553,0.05400000000000069
2023,01,SVN.5.2_1,0.024424437038630373,0.05500000000000071
2023,01,SVN.5.3_1,0.02124362103085479,0.04100000000000053
2023,01,SVN.5.4_1,0.020740599757139808,0.0390000000000005
2023,01,SVN.5.5_1,0.018568210412728343,0.031000000000000288
2023,01,SVN.5.6_1,0.02290163065295795,0.04800000000000062
2023,01,SVN.6.1_1,0.0173646332659658,0.027000000000000347
2023,01,SVN.6.2_1,0.019958002869948324,0.03600000000000046
2023,01,SVN.6.3_1,0.023569236142789846,0.051000000000000656
2023,01,SVN.6.4_1,0.02400160243147714,0.053000000000000685
2023,01,SVN.6.5_1,0.0173646332659658,0.027000000000000347
2023,01,SVN.6.6_1,0.0233493136047241,0.05000000000000064
2023,01,SVN.6.7_1,0.019138042751105304,0.033000000000000425
2023,01,SVN.7.10_1,0.012587219009761199,0.01400000000000018
2023,01,SVN.7.11_1,0.005859162188039041,0.0030000000000000387
2023,01,SVN.7.12_1,0.008932046136583301,0.00700000000000009
2023,01,SVN.7.13_1,0.008932046136583301,0.00700000000000009
2023,01,SVN.7.14_1,0.015714771885469114,0.022000000000000283
2023,01,SVN.7.15_1,0.006762183913988965,0.004000000000000051
2023,01,SVN.7.16_1,0.008932046136583301,0.00700000000000009
2023,01,SVN.7.17_1,0.01344264884522412,0.016000000000000205
2023,01,SVN.7.18_1,0.011174337950468731,0.011000000000000142
2023,01,SVN.7.19_1,0.0075565551437334,0.005000000000000064
2023,01,SVN.7.1_1,0.008273630678653976,0.006000000000000077
2023,01,SVN.7.20_1,0.0101177838078827,0.009000000000000116
2023,01,SVN.7.21_1,0.01166531333803828,0.012000000000000155
2023,01,SVN.7.22_1,0.011174337950468731,0.011000000000000142
2023,01,SVN.7.23_1,0.0075565551437334,0.005000000000000064
2023,01,SVN.7.24_1,0.011174337950468731,0.011000000000000142
2023,01,SVN.7.2_1,0.01166531333803828,0.012000000000000155
2023,01,SVN.7.3_1,0.01166531333803828,0.012000000000000155
2023,01,SVN.7.4_1,0.009543949726300377,0.008000000000000103
2023,01,SVN.7.5_1,0.01166531333803828,0.012000000000000155
2023,01,SVN.7.6_1,0.012135496962660813,0.013000000000000168
2023,01,SVN.7.7_1,0.0101177838078827,0.009000000000000116
2023,01,SVN.7.8_1,0.0106596982415435,0.010000000000000129
2023,01,SVN.7.9_1,0.009543949726300377,0.008000000000000103
2023,01,SVN.8.10_1,0.02697054521774516,0.06800000000000077
2023,01,SVN.8.11_1,0.02290163065295795,0.04800000000000062
2023,01,SVN.8.12_1,0.02483822675797491,0.05700000000000073
2023,01,SVN.8.13_1,0.014626439448359682,0.019000000000000246
2023,01,SVN.8.14_1,0.026221360704147222,0.06400000000000082
2023,01,SVN.8.15_1,0.02400160243147714,0.053000000000000685
2023,01,SVN.8.16_1,0.0295563654275685,0.08300000000000096
2023,01,SVN.8.17_1,0.022209319716949616,0.04500000000000058
2023,01,SVN.8.18_1,0.02290163065295795,0.04800000000000062
2023,01,SVN.8.19_1,0.02751467230226447,0.0710000000000008
2023,01,SVN.8.1_1,0.023786642964282206,0.05200000000000067
2023,01,SVN.8.20_1,0.020222801500296435,0.03700000000000048
2023,01,SVN.8.21_1,0.02124362103085479,0.04100000000000053
2023,01,SVN.8.22_1,0.026411301147409305,0.06500000000000072
2023,01,SVN.8.23_1,0.025243416384443173,0.05900000000000076
2023,01,SVN.8.24_1,0.0173646332659658,0.027000000000000347
2023,01,SVN.8.25_1,0.021489915763681852,0.042000000000000544
2023,01,SVN.8.26_1,0.02483822675797491,0.05700000000000073
2023,01,SVN.8.27_1,0.02048361704135102,0.03800000000000049
2023,01,SVN.8.28_1,0.02463243378679614,0.05600000000000072
2023,01,SVN.8.29_1,0.017977774444318844,0.029000000000000373
2023,01,SVN.8.2_1,0.018568210412728343,0.031000000000000288
2023,01,SVN.8.30_1,0.02124362103085479,0.04100000000000053
2023,01,SVN.8.31_1,0.020740599757139808,0.0390000000000005
2023,01,SVN.8.32_1,0.026221360704147222,0.06400000000000082
2023,01,SVN.8.33_1,0.01941580203000218,0.03400000000000044
2023,01,SVN.8.34_1,0.020222801500296435,0.03700000000000048
2023,01,SVN.8.3_1,0.017977774444318844,0.029000000000000373
2023,01,SVN.8.4_1,0.028390307414469764,0.07600000000000087
2023,01,SVN.8.5_1,0.0233493136047241,0.05000000000000064
2023,01,SVN.8.6_1,0.02400160243147714,0.053000000000000685
2023,01,SVN.8.7_1,0.027692843395231256,0.07200000000000081
2023,01,SVN.8.8_1,0.019958002869948324,0.03600000000000046
2023,01,SVN.8.9_1,0.02048361704135102,0.03800000000000049
2023,01,SVN.9.10_1,0.02602959336347104,0.0630000000000008
2023,01,SVN.9.11_1,0.017674187644973697,0.02800000000000036
2023,01,SVN.9.12_1,0.028730294336337586,0.07800000000000089
2023,01,SVN.9.13_1,0.026785856424274813,0.06700000000000075
2023,01,SVN.9.14_1,0.026785856424274813,0.06700000000000075
2023,01,SVN.9.15_1,0.028390307414469764,0.07600000000000087
2023,01,SVN.9.16_1,0.03506343718509484,0.12200000000000157
2023,01,SVN.9.17_1,0.024424437038630373,0.05500000000000071
2023,01,SVN.9.18_1,0.02715355518004624,0.0690000000000009
2023,01,SVN.9.19_1,0.02124362103085479,0.04100000000000053
2023,01,SVN.9.1_1,0.030036521559975722,0.08600000000000099
2023,01,SVN.9.20_1,0.02463243378679614,0.05600000000000072
2023,01,SVN.9.21_1,0.02544291490408445,0.060000000000000664
2023,01,SVN.9.22_1,0.026599453829620263,0.06600000000000085
2023,01,SVN.9.23_1,0.02483822675797491,0.05700000000000073
2023,01,SVN.9.24_1,0.02922991675655941,0.08100000000000093
2023,01,SVN.9.25_1,0.02715355518004624,0.0690000000000009
2023,01,SVN.9.26_1,0.027334920031015345,0.0700000000000009
2023,01,SVN.9.2_1,0.025243416384443173,0.05900000000000076
2023,01,SVN.9.3_1,0.030505735838905406,0.08900000000000104
2023,01,SVN.9.4_1,0.02483822675797491,0.05700000000000073
2023,01,SVN.9.5_1,0.02400160243147714,0.053000000000000685
2023,01,SVN.9.6_1,0.017674187644973697,0.02800000000000036
2023,01,SVN.9.7_1,0.020740599757139808,0.0390000000000005
2023,01,SVN.9.8_1,0.0219726580873525,0.044000000000000566
2023,01,SVN.9.9_1,0.02583595844498755,0.0620000000000008
2023,01,SWE.1.2_1,0.018855583704325884,0.03200000000000041
2023,01,SWE.1.3_1,0,0
2023,01,SWE.1.4_1,0.02312680358116367,0.04900000000000063
2023,01,SWE.10.12_1,0,0
2023,01,SWE.10.13_1,0,0
2023,01,SWE.10.6_1,0,0
2023,01,SWE.10.9_1,0,0
2023,01,SWE.11.10_1,0,0
2023,01,SWE.11.12_1,0,0
2023,01,SWE.11.1_1,0,0
2023,01,SWE.11.2_1,0,0
2023,01,SWE.11.3_1,0,0
2023,01,SWE.11.5_1,0,0
2023,01,SWE.11.7_1,0,0
2023,01,SWE.11.9_1,0,0
2023,01,SWE.12.11_1,0,0
2023,01,SWE.12.12_1,0.017674187644973697,0.02800000000000036
2023,01,SWE.12.13_1,0.018275691057923763,0.030000000000000387
2023,01,SWE.12.1_1,0.020993890399061767,0.040000000000000514
2023,01,SWE.12.4_1,0.022673715484236145,0.047000000000000604
2023,01,SWE.12.7_1,0,0
2023,01,SWE.12.9_1,0,0
2023,01,SWE.13.10_1,0,0
2023,01,SWE.13.11_1,0,0
2023,01,SWE.13.12_1,0,0
2023,01,SWE.13.13_1,0,0
2023,01,SWE.13.14_1,0,0
2023,01,SWE.13.15_1,0,0
2023,01,SWE.13.16_1,0,0
2023,01,SWE.13.17_1,0,0
2023,01,SWE.13.18_1,0,0
2023,01,SWE.13.19_1,0,0
2023,01,SWE.13.1_1,0,0
2023,01,SWE.13.20_1,0,0
2023,01,SWE.13.21_1,0,0
2023,01,SWE.13.22_1,0,0
2023,01,SWE.13.23_1,0,0
2023,01,SWE.13.24_1,0,0
2023,01,SWE.13.25_1,0,0
2023,01,SWE.13.26_1,0,0
2023,01,SWE.13.27_1,0,0
2023,01,SWE.13.28_1,0,0
2023,01,SWE.13.29_1,0,0
2023,01,SWE.13.2_1,0,0
2023,01,SWE.13.30_1,0,0
2023,01,SWE.13.31_1,0,0
2023,01,SWE.13.32_1,0,0
2023,01,SWE.13.33_1,0,0
2023,01,SWE.13.3_1,0,0
2023,01,SWE.13.4_1,0,0
2023,01,SWE.13.5_1,0,0
2023,01,SWE.13.6_1,0,0
2023,01,SWE.13.7_1,0,0
2023,01,SWE.13.8_1,0,0
2023,01,SWE.13.9_1,0,0
2023,01,SWE.14.1_1,0,0
2023,01,SWE.14.3_1,0,0
2023,01,SWE.14.7_1,0,0
2023,01,SWE.14.8_1,0,0
2023,01,SWE.15.10_1,0,0
2023,01,SWE.15.11_1,0,0
2023,01,SWE.15.12_1,0,0
2023,01,SWE.15.13_1,0,0
2023,01,SWE.15.14_1,0,0
2023,01,SWE.15.15_1,0,0
2023,01,SWE.15.16_1,0,0
2023,01,SWE.15.17_1,0,0
2023,01,SWE.15.18_1,0,0
2023,01,SWE.15.19_1,0,0
2023,01,SWE.15.1_1,0,0
2023,01,SWE.15.20_1,0,0
2023,01,SWE.15.21_1,0,0
2023,01,SWE.15.22_1,0,0
2023,01,SWE.15.23_1,0,0
2023,01,SWE.15.24_1,0,0
2023,01,SWE.15.25_1,0,0
2023,01,SWE.15.26_1,0,0
2023,01,SWE.15.2_1,0,0
2023,01,SWE.15.3_1,0,0
2023,01,SWE.15.4_1,0,0
2023,01,SWE.15.5_1,0,0
2023,01,SWE.15.6_1,0,0
2023,01,SWE.15.7_1,0,0
2023,01,SWE.15.8_1,0,0
2023,01,SWE.15.9_1,0,0
2023,01,SWE.16.1_1,0,0
2023,01,SWE.16.2_1,0,0
2023,01,SWE.16.3_1,0,0
2023,01,SWE.16.4_1,0,0
2023,01,SWE.16.5_1,0,0
2023,01,SWE.16.6_1,0,0
2023,01,SWE.16.7_1,0,0
2023,01,SWE.17.10_1,0,0
2023,01,SWE.17.11_1,0,0
2023,01,SWE.17.12_1,0,0
2023,01,SWE.17.13_1,0,0
2023,01,SWE.17.14_1,0,0
2023,01,SWE.17.15_1,0,0
2023,01,SWE.17.16_1,0,0
2023,01,SWE.17.1_1,0,0
2023,01,SWE.17.2_1,0,0
2023,01,SWE.17.3_1,0,0
2023,01,SWE.17.4_1,0,0
2023,01,SWE.17.5_1,0,0
2023,01,SWE.17.6_1,0,0
2023,01,SWE.17.7_1,0,0
2023,01,SWE.17.8_1,0,0
2023,01,SWE.17.9_1,0,0
2023,01,SWE.19.1_1,0,0
2023,01,SWE.19.6_1,0,0
2023,01,SWE.2.10_1,0,0
2023,01,SWE.2.11_1,0,0
2023,01,SWE.2.12_1,0,0
2023,01,SWE.2.13_1,0,0
2023,01,SWE.2.14_1,0,0
2023,01,SWE.2.15_1,0,0
2023,01,SWE.2.1_1,0,0
2023,01,SWE.2.2_1,0,0
2023,01,SWE.2.3_1,0,0
2023,01,SWE.2.4_1,0,0
2023,01,SWE.2.5_1,0,0
2023,01,SWE.2.6_1,0,0
2023,01,SWE.2.7_1,0,0
2023,01,SWE.2.8_1,0,0
2023,01,SWE.2.9_1,0,0
2023,01,SWE.20.10_1,0,0
2023,01,SWE.20.11_1,0,0
2023,01,SWE.20.1_1,0,0
2023,01,SWE.20.2_1,0,0
2023,01,SWE.20.3_1,0,0
2023,01,SWE.20.4_1,0,0
2023,01,SWE.20.5_1,0,0
2023,01,SWE.20.6_1,0,0
2023,01,SWE.20.7_1,0,0
2023,01,SWE.20.8_1,0,0
2023,01,SWE.20.9_1,0,0
2023,01,SWE.21.10_1,0,0
2023,01,SWE.21.11_1,0,0
2023,01,SWE.21.12_1,0,0
2023,01,SWE.21.13_1,0,0
2023,01,SWE.21.14_1,0,0
2023,01,SWE.21.15_1,0,0
2023,01,SWE.21.16_1,0,0
2023,01,SWE.21.17_1,0,0
2023,01,SWE.21.18_1,0,0
2023,01,SWE.21.19_1,0,0
2023,01,SWE.21.1_1,0,0
2023,01,SWE.21.20_1,0,0
2023,01,SWE.21.21_1,0,0
2023,01,SWE.21.22_1,0,0
2023,01,SWE.21.23_1,0,0
2023,01,SWE.21.24_1,0,0
2023,01,SWE.21.25_1,0,0
2023,01,SWE.21.26_1,0,0
2023,01,SWE.21.27_1,0,0
2023,01,SWE.21.28_1,0,0
2023,01,SWE.21.29_1,0,0
2023,01,SWE.21.2_1,0,0
2023,01,SWE.21.30_1,0,0
2023,01,SWE.21.32_1,0,0
2023,01,SWE.21.33_1,0,0
2023,01,SWE.21.34_1,0,0
2023,01,SWE.21.35_1,0,0
2023,01,SWE.21.36_1,0,0
2023,01,SWE.21.37_1,0,0
2023,01,SWE.21.38_1,0,0
2023,01,SWE.21.39_1,0,0
2023,01,SWE.21.3_1,0,0
2023,01,SWE.21.40_1,0,0
2023,01,SWE.21.41_1,0,0
2023,01,SWE.21.42_1,0,0
2023,01,SWE.21.43_1,0,0
2023,01,SWE.21.44_1,0,0
2023,01,SWE.21.45_1,0,0
2023,01,SWE.21.46_1,0,0
2023,01,SWE.21.47_1,0,0
2023,01,SWE.21.48_1,0,0
2023,01,SWE.21.49_1,0,0
2023,01,SWE.21.4_1,0,0
2023,01,SWE.21.50_1,0,0
2023,01,SWE.21.51_1,0,0
2023,01,SWE.21.5_1,0,0
2023,01,SWE.21.6_1,0,0
2023,01,SWE.21.7_1,0,0
2023,01,SWE.21.8_1,0,0
2023,01,SWE.21.9_1,0,0
2023,01,SWE.3.10_1,0,0
2023,01,SWE.3.1_1,0,0
2023,01,SWE.3.2_1,0,0
2023,01,SWE.3.3_1,0,0
2023,01,SWE.3.4_1,0,0
2023,01,SWE.3.5_1,0,0
2023,01,SWE.3.6_1,0,0
2023,01,SWE.3.7_1,0,0
2023,01,SWE.3.8_1,0,0
2023,01,SWE.3.9_1,0,0
2023,01,SWE.5.1_1,0,0
2023,01,SWE.5.4_1,0,0
2023,01,SWE.5.5_1,0,0
2023,01,SWE.5.6_1,0,0
2023,01,SWE.6.4_1,0,0
2023,01,SWE.7.11_1,0.01605974012232283,0.023000000000000295
2023,01,SWE.7.2_1,0.019138042751105304,0.033000000000000425
2023,01,SWE.7.3_1,0,0
2023,01,SWE.8.10_1,0.021732891413029136,0.04300000000000055
2023,01,SWE.8.11_1,0.020993890399061767,0.040000000000000514
2023,01,SWE.8.12_1,0.018855583704325884,0.03200000000000041
2023,01,SWE.8.1_1,0.019689060444981806,0.03500000000000045
2023,01,SWE.8.2_1,0.02312680358116367,0.04900000000000063
2023,01,SWE.8.3_1,0.0224429745303176,0.04600000000000059
2023,01,SWE.8.4_1,0.0219726580873525,0.044000000000000566
2023,01,SWE.8.5_1,0.0219726580873525,0.044000000000000566
2023,01,SWE.8.6_1,0.019138042751105304,0.033000000000000425
2023,01,SWE.8.7_1,0.019138042751105304,0.033000000000000425
2023,01,SWE.8.8_1,0.021489915763681852,0.042000000000000544
2023,01,SWE.8.9_1,0.025243416384443173,0.05900000000000076
2023,01,SWE.9.1_1,0,0
2023,01,SWE.9.3_1,0.0233493136047241,0.05000000000000064
2023,01,SWE.9.5_1,0,0
2023,01,SWE.9.6_1,0.0219726580873525,0.044000000000000566
2023,01,SWE.9.7_1,0.019689060444981806,0.03500000000000045
2023,01,TUR.1.10_1,0,0
2023,01,TUR.1.11_1,0,0
2023,01,TUR.1.12_1,0,0
2023,01,TUR.1.13_1,0,0
2023,01,TUR.1.1_1,0,0
2023,01,TUR.1.2_1,0,0
2023,01,TUR.1.3_1,0,0
2023,01,TUR.1.4_1,0,0
2023,01,TUR.1.5_1,0,0
2023,01,TUR.1.6_1,0,0
2023,01,TUR.1.7_1,0,0
2023,01,TUR.1.8_1,0,0
2023,01,TUR.1.9_1,0,0
2023,01,TUR.10.1_1,0.008273630678653976,0.006000000000000077
2023,01,TUR.10.2_1,0.0101177838078827,0.009000000000000116
2023,01,TUR.10.3_1,0.01166531333803828,0.012000000000000155
2023,01,TUR.10.4_1,0.019138042751105304,0.033000000000000425
2023,01,TUR.10.5_1,0.0075565551437334,0.005000000000000064
2023,01,TUR.10.6_1,0.005859162188039041,0.0030000000000000387
2023,01,TUR.10.7_1,0.0033861801343757375,0.0010000000000000128
2023,01,TUR.10.8_1,0.008932046136583301,0.00700000000000009
2023,01,TUR.11.10_1,0.026411301147409305,0.06500000000000072
2023,01,TUR.11.11_1,0.03782968078543973,0.14600000000000177
2023,01,TUR.11.12_1,0.028390307414469764,0.07600000000000087
2023,01,TUR.11.13_1,0.027692843395231256,0.07200000000000081
2023,01,TUR.11.14_1,0.02939378953342484,0.08200000000000095
2023,01,TUR.11.15_1,0.03614704913653738,0.1310000000000016
2023,01,TUR.11.16_1,0.02939378953342484,0.08200000000000095
2023,01,TUR.11.17_1,0.03019411664590983,0.08700000000000101
2023,01,TUR.11.1_1,0.026599453829620263,0.06600000000000085
2023,01,TUR.11.3_1,0.02939378953342484,0.08200000000000095
2023,01,TUR.11.4_1,0.041686553242195196,0.18600000000000216
2023,01,TUR.11.5_1,0.034306976143519415,0.11600000000000127
2023,01,TUR.11.6_1,0.031115188132474964,0.09300000000000108
2023,01,TUR.11.7_1,0.022673715484236145,0.047000000000000604
2023,01,TUR.11.8_1,0.03352113069471278,0.1100000000000013
2023,01,TUR.11.9_1,0.03543123956435251,0.1250000000000015
2023,01,TUR.12.10_1,0.03352113069471278,0.1100000000000013
2023,01,TUR.12.11_1,0.03170713894015779,0.09700000000000114
2023,01,TUR.12.12_1,0.0324239236154818,0.1020000000000012
2023,01,TUR.12.13_1,0.030036521559975722,0.08600000000000099
2023,01,TUR.12.14_1,0.03256433001047999,0.10300000000000122
2023,01,TUR.12.15_1,0.03404839150347801,0.11400000000000146
2023,01,TUR.12.16_1,0.03270378265664547,0.10400000000000123
2023,01,TUR.12.17_1,0.03170713894015779,0.09700000000000114
2023,01,TUR.12.18_1,0.02715355518004624,0.0690000000000009
2023,01,TUR.12.19_1,0.030036521559975722,0.08600000000000099
2023,01,TUR.12.1_1,0.03019411664590983,0.08700000000000101
2023,01,TUR.12.2_1,0.034688757817409883,0.11900000000000142
2023,01,TUR.12.3_1,0.03804328129493922,0.1480000000000018
2023,01,TUR.12.4_1,0.025640413637213404,0.06100000000000067
2023,01,TUR.12.5_1,0.03185250701460217,0.09800000000000116
2023,01,TUR.12.6_1,0.0219726580873525,0.044000000000000566
2023,01,TUR.12.7_1,0.027692843395231256,0.07200000000000081
2023,01,TUR.12.8_1,0.03338715508026268,0.10900000000000129
2023,01,TUR.12.9_1,0.03065979624060513,0.09000000000000105
2023,01,TUR.14.1_1,0,0
2023,01,TUR.14.2_1,0,0
2023,01,TUR.14.3_1,0,0
2023,01,TUR.14.4_1,0,0
2023,01,TUR.14.5_1,0,0
2023,01,TUR.14.6_1,0,0
2023,01,TUR.15.2_1,0.005859162188039041,0.0030000000000000387
2023,01,TUR.15.3_1,0.005859162188039041,0.0030000000000000387
2023,01,TUR.16.2_1,0.018275691057923763,0.030000000000000387
2023,01,TUR.16.5_1,0.025243416384443173,0.05900000000000076
2023,01,TUR.16.8_1,0,0
2023,01,TUR.17.2_1,0,0
2023,01,TUR.17.6_1,0,0
2023,01,TUR.17.8_1,0.0033861801343757375,0.0010000000000000128
2023,01,TUR.18.1_1,0,0
2023,01,TUR.18.5_1,0,0
2023,01,TUR.18.6_1,0,0
2023,01,TUR.19.1_1,0,0
2023,01,TUR.19.2_1,0,0
2023,01,TUR.19.3_1,0.019689060444981806,0.03500000000000045
2023,01,TUR.19.4_1,0,0
2023,01,TUR.19.5_1,0,0
2023,01,TUR.19.6_1,0,0
2023,01,TUR.19.7_1,0,0
2023,01,TUR.19.8_1,0,0
2023,01,TUR.19.9_1,0,0
2023,01,TUR.2.1_1,0,0
2023,01,TUR.2.2_1,0,0
2023,01,TUR.2.3_1,0,0
2023,01,TUR.2.4_1,0,0
2023,01,TUR.2.5_1,0,0
2023,01,TUR.2.6_1,0,0
2023,01,TUR.2.7_1,0,0
2023,01,TUR.2.8_1,0,0
2023,01,TUR.2.9_1,0,0
2023,01,TUR.20.2_1,0.0173646332659658,0.027000000000000347
2023,01,TUR.20.3_1,0,0
2023,01,TUR.20.4_1,0,0
2023,01,TUR.20.8_1,0,0
2023,01,TUR.21.11_1,0.02751467230226447,0.0710000000000008
2023,01,TUR.21.14_1,0.027692843395231256,0.07200000000000081
2023,01,TUR.21.1_1,0.02312680358116367,0.04900000000000063
2023,01,TUR.21.2_1,0,0
2023,01,TUR.21.4_1,0.023569236142789846,0.051000000000000656
2023,01,TUR.21.6_1,0.026411301147409305,0.06500000000000072
2023,01,TUR.21.7_1,0.03493931901426946,0.12100000000000134
2023,01,TUR.22.10_1,0,0
2023,01,TUR.22.11_1,0,0
2023,01,TUR.22.12_1,0.03270378265664547,0.10400000000000123
2023,01,TUR.22.1_1,0.02786946363562483,0.07300000000000083
2023,01,TUR.22.2_1,0.03506343718509484,0.12200000000000157
2023,01,TUR.22.3_1,0.03456229793721967,0.1180000000000013
2023,01,TUR.22.5_1,0,0
2023,01,TUR.22.6_1,0,0
2023,01,TUR.22.7_1,0,0
2023,01,TUR.22.8_1,0,0
2023,01,TUR.22.9_1,0,0
2023,01,TUR.23.10_1,0,0
2023,01,TUR.23.11_1,0,0
2023,01,TUR.23.3_1,0,0
2023,01,TUR.23.4_1,0,0
2023,01,TUR.23.9_1,0,0
2023,01,TUR.25.10_1,0.022673715484236145,0.047000000000000604
2023,01,TUR.25.15_1,0.025243416384443173,0.05900000000000076
2023,01,TUR.26.10_1,0,0
2023,01,TUR.26.11_1,0,0
2023,01,TUR.26.12_1,0,0
2023,01,TUR.26.13_1,0,0
2023,01,TUR.26.14_1,0,0
2023,01,TUR.26.1_1,0,0
2023,01,TUR.26.2_1,0,0
2023,01,TUR.26.3_1,0,0
2023,01,TUR.26.4_1,0,0
2023,01,TUR.26.5_1,0,0
2023,01,TUR.26.6_1,0,0
2023,01,TUR.26.7_1,0,0
2023,01,TUR.26.8_1,0,0
2023,01,TUR.26.9_1,0,0
2023,01,TUR.27.1_1,0.02939378953342484,0.08200000000000095
2023,01,TUR.27.2_1,0,0
2023,01,TUR.27.3_1,0,0
2023,01,TUR.27.4_1,0,0
2023,01,TUR.27.5_1,0,0
2023,01,TUR.27.6_1,0,0
2023,01,TUR.27.7_1,0,0
2023,01,TUR.27.8_1,0,0
2023,01,TUR.28.1_1,0.03325229451132378,0.10800000000000128
2023,01,TUR.28.2_1,0.0364954445877634,0.13400000000000162
2023,01,TUR.28.3_1,0.035792376959560224,0.12800000000000153
2023,01,TUR.28.4_1,0.03256433001047999,0.10300000000000122
2023,01,TUR.28.5_1,0.02751467230226447,0.0710000000000008
2023,01,TUR.28.6_1,0.03530938953275623,0.1240000000000016
2023,01,TUR.28.7_1,0.03156073765041731,0.09600000000000113
2023,01,TUR.28.8_1,0.0295563654275685,0.08300000000000096
2023,01,TUR.28.9_1,0.034306976143519415,0.11600000000000127
2023,01,TUR.29.1_1,0.02124362103085479,0.04100000000000053
2023,01,TUR.30.1_1,0.006762183913988965,0.004000000000000051
2023,01,TUR.30.2_1,0.0106596982415435,0.010000000000000129
2023,01,TUR.30.3_1,0.005859162188039041,0.0030000000000000387
2023,01,TUR.30.4_1,0.0101177838078827,0.009000000000000116
2023,01,TUR.30.5_1,0.006762183913988965,0.004000000000000051
2023,01,TUR.30.6_1,0.004786384482852344,0.0020000000000000256
2023,01,TUR.30.7_1,0.005859162188039041,0.0030000000000000387
2023,01,TUR.30.8_1,0.0033861801343757375,0.0010000000000000128
2023,01,TUR.30.9_1,0.0075565551437334,0.005000000000000064
2023,01,TUR.31.13_1,0.0033861801343757375,0.0010000000000000128
2023,01,TUR.31.15_1,0.0033861801343757375,0.0010000000000000128
2023,01,TUR.31.16_1,0,0
2023,01,TUR.31.19_1,0.006762183913988965,0.004000000000000051
2023,01,TUR.31.1_1,0.005859162188039041,0.0030000000000000387
2023,01,TUR.31.2_1,0.008273630678653976,0.006000000000000077
2023,01,TUR.31.4_1,0,0
2023,01,TUR.31.6_1,0.0033861801343757375,0.0010000000000000128
2023,01,TUR.31.8_1,0,0
2023,01,TUR.32.10_1,0,0
2023,01,TUR.32.11_1,0,0
2023,01,TUR.32.13_1,0,0
2023,01,TUR.32.4_1,0,0
2023,01,TUR.32.8_1,0,0
2023,01,TUR.33.1_1,0,0
2023,01,TUR.33.2_1,0,0
2023,01,TUR.33.3_1,0,0
2023,01,TUR.33.4_1,0,0
2023,01,TUR.33.5_1,0,0
2023,01,TUR.33.6_1,0,0
2023,01,TUR.33.7_1,0,0
2023,01,TUR.33.8_1,0,0
2023,01,TUR.33.9_1,0,0
2023,01,TUR.34.10_1,0.004786384482852344,0.0020000000000000256
2023,01,TUR.34.11_1,0.024214179723045553,0.05400000000000069
2023,01,TUR.34.12_1,0.021489915763681852,0.042000000000000544
2023,01,TUR.34.13_1,0.021732891413029136,0.04300000000000055
2023,01,TUR.34.14_1,0.008932046136583301,0.00700000000000009
2023,01,TUR.34.15_1,0.022673715484236145,0.047000000000000604
2023,01,TUR.34.16_1,0.009543949726300377,0.008000000000000103
2023,01,TUR.34.1_1,0.006762183913988965,0.004000000000000051
2023,01,TUR.34.2_1,0.01344264884522412,0.016000000000000205
2023,01,TUR.34.3_1,0.0075565551437334,0.005000000000000064
2023,01,TUR.34.4_1,0.014243584942125654,0.01800000000000023
2023,01,TUR.34.5_1,0.005859162188039041,0.0030000000000000387
2023,01,TUR.34.6_1,0.0075565551437334,0.005000000000000064
2023,01,TUR.34.7_1,0.020993890399061767,0.040000000000000514
2023,01,TUR.34.8_1,0.02290163065295795,0.04800000000000062
2023,01,TUR.34.9_1,0.02290163065295795,0.04800000000000062
2023,01,TUR.35.1_1,0.005859162188039041,0.0030000000000000387
2023,01,TUR.35.3_1,0.0033861801343757375,0.0010000000000000128
2023,01,TUR.35.4_1,0.0075565551437334,0.005000000000000064
2023,01,TUR.35.5_1,0.006762183913988965,0.004000000000000051
2023,01,TUR.35.6_1,0.005859162188039041,0.0030000000000000387
2023,01,TUR.36.2_1,0,0
2023,01,TUR.37.10_1,0,0
2023,01,TUR.37.11_1,0,0
2023,01,TUR.37.12_1,0.03156073765041731,0.09600000000000113
2023,01,TUR.37.1_1,0,0
2023,01,TUR.37.2_1,0,0
2023,01,TUR.37.3_1,0,0
2023,01,TUR.37.4_1,0,0
2023,01,TUR.37.5_1,0,0
2023,01,TUR.37.6_1,0,0
2023,01,TUR.37.7_1,0,0
2023,01,TUR.37.8_1,0,0
2023,01,TUR.37.9_1,0,0
2023,01,TUR.38.1_1,0,0
2023,01,TUR.38.2_1,0,0
2023,01,TUR.38.3_1,0,0
2023,01,TUR.38.4_1,0,0
2023,01,TUR.39.10_1,0,0
2023,01,TUR.4.1_1,0,0
2023,01,TUR.4.2_1,0,0
2023,01,TUR.4.3_1,0,0
2023,01,TUR.4.4_1,0,0
2023,01,TUR.4.5_1,0,0
2023,01,TUR.4.6_1,0,0
2023,01,TUR.4.7_1,0,0
2023,01,TUR.4.8_1,0,0
2023,01,TUR.40.10_1,0.047836859854194676,0.2750000000000033
2023,01,TUR.40.11_1,0.03156073765041731,0.09600000000000113
2023,01,TUR.40.12_1,0.04645207119560274,0.251000000000003
2023,01,TUR.40.14_1,0.034435040338297425,0.1170000000000014
2023,01,TUR.40.15_1,0.03185250701460217,0.09800000000000116
2023,01,TUR.40.16_1,0.03417809628602299,0.11500000000000125
2023,01,TUR.40.17_1,0.03518679135553708,0.12300000000000136
2023,01,TUR.40.18_1,0.04325016894549798,0.20500000000000243
2023,01,TUR.40.19_1,0.03284229370320487,0.10500000000000125
2023,01,TUR.40.23_1,0.05296094195283467,0.42500000000000504
2023,01,TUR.40.24_1,0.03417809628602299,0.11500000000000125
2023,01,TUR.40.25_1,0.03417809628602299,0.11500000000000125
2023,01,TUR.40.26_1,0.03907616210994074,0.15800000000000192
2023,01,TUR.40.27_1,0.03456229793721967,0.1180000000000013
2023,01,TUR.40.28_1,0.02786946363562483,0.07300000000000083
2023,01,TUR.40.29_1,0.02971766572349627,0.08400000000000098
2023,01,TUR.40.2_1,0.032979875013936046,0.10600000000000126
2023,01,TUR.40.30_1,0.03614704913653738,0.1310000000000016
2023,01,TUR.40.31_1,0.02922991675655941,0.08100000000000093
2023,01,TUR.40.33_1,0.03065979624060513,0.09000000000000105
2023,01,TUR.40.34_1,0.036263869366899154,0.1320000000000016
2023,01,TUR.40.35_1,0.029064725160722192,0.08000000000000092
2023,01,TUR.40.36_1,0.0364954445877634,0.13400000000000162
2023,01,TUR.40.37_1,0.05302418642083639,0.4290000000000052
2023,01,TUR.40.39_1,0.03065979624060513,0.09000000000000105
2023,01,TUR.40.3_1,0.05284172013919947,0.41800000000000503
2023,01,TUR.40.4_1,0.03228255102724314,0.10100000000000119
2023,01,TUR.40.5_1,0.04575512334063952,0.24000000000000288
2023,01,TUR.40.6_1,0.05186602391326286,0.3750000000000045
2023,01,TUR.40.7_1,0.053241932495742675,0.4450000000000054
2023,01,TUR.40.8_1,0.036610212641791796,0.13500000000000162
2023,01,TUR.41.10_1,0.022673715484236145,0.047000000000000604
2023,01,TUR.41.11_1,0.02602959336347104,0.0630000000000008
2023,01,TUR.41.12_1,0.02715355518004624,0.0690000000000009
2023,01,TUR.41.13_1,0.02715355518004624,0.0690000000000009
2023,01,TUR.41.14_1,0.026599453829620263,0.06600000000000085
2023,01,TUR.41.15_1,0.02922991675655941,0.08100000000000093
2023,01,TUR.41.16_1,0.02124362103085479,0.04100000000000053
2023,01,TUR.41.17_1,0.02048361704135102,0.03800000000000049
2023,01,TUR.41.18_1,0.015361311878902892,0.021000000000000272
2023,01,TUR.41.19_1,0.02922991675655941,0.08100000000000093
2023,01,TUR.41.1_1,0.021732891413029136,0.04300000000000055
2023,01,TUR.41.20_1,0.027334920031015345,0.0700000000000009
2023,01,TUR.41.21_1,0.023786642964282206,0.05200000000000067
2023,01,TUR.41.22_1,0.02583595844498755,0.0620000000000008
2023,01,TUR.41.23_1,0.020993890399061767,0.040000000000000514
2023,01,TUR.41.24_1,0.03156073765041731,0.09600000000000113
2023,01,TUR.41.25_1,0.02400160243147714,0.053000000000000685
2023,01,TUR.41.26_1,0.021732891413029136,0.04300000000000055
2023,01,TUR.41.27_1,0.027692843395231256,0.07200000000000081
2023,01,TUR.41.28_1,0.03019411664590983,0.08700000000000101
2023,01,TUR.41.2_1,0.030350515271466805,0.08800000000000102
2023,01,TUR.41.3_1,0.01941580203000218,0.03400000000000044
2023,01,TUR.41.4_1,0.02124362103085479,0.04100000000000053
2023,01,TUR.41.5_1,0.018855583704325884,0.03200000000000041
2023,01,TUR.41.6_1,0.023569236142789846,0.051000000000000656
2023,01,TUR.41.7_1,0.0224429745303176,0.04600000000000059
2023,01,TUR.41.8_1,0.03365423192353865,0.11100000000000132
2023,01,TUR.41.9_1,0.030350515271466805,0.08800000000000102
2023,01,TUR.42.10_1,0,0
2023,01,TUR.42.1_1,0,0
2023,01,TUR.42.2_1,0,0
2023,01,TUR.42.3_1,0,0
2023,01,TUR.42.4_1,0,0
2023,01,TUR.42.5_1,0,0
2023,01,TUR.42.6_1,0,0
2023,01,TUR.42.7_1,0,0
2023,01,TUR.42.8_1,0,0
2023,01,TUR.42.9_1,0,0
2023,01,TUR.43.2_1,0,0
2023,01,TUR.43.6_1,0,0
2023,01,TUR.44.3_1,0,0
2023,01,TUR.44.5_1,0,0
2023,01,TUR.44.6_1,0,0
2023,01,TUR.45.1_1,0,0
2023,01,TUR.45.2_1,0,0
2023,01,TUR.45.3_1,0,0
2023,01,TUR.45.4_1,0,0
2023,01,TUR.45.5_1,0,0
2023,01,TUR.45.6_1,0,0
2023,01,TUR.45.7_1,0,0
2023,01,TUR.45.8_1,0,0
2023,01,TUR.47.3_1,0,0
2023,01,TUR.48.1_1,0,0
2023,01,TUR.48.2_1,0,0
2023,01,TUR.48.3_1,0,0
2023,01,TUR.48.4_1,0,0
2023,01,TUR.49.1_1,0,0
2023,01,TUR.49.3_1,0,0
2023,01,TUR.49.5_1,0,0
2023,01,TUR.5.1_1,0,0
2023,01,TUR.5.5_1,0,0
2023,01,TUR.50.1_1,0.03417809628602299,0.11500000000000125
2023,01,TUR.50.2_1,0.031996855956060714,0.09900000000000117
2023,01,TUR.50.3_1,0.0288981921295096,0.0790000000000009
2023,01,TUR.50.4_1,0.03228255102724314,0.10100000000000119
2023,01,TUR.50.5_1,0.03185250701460217,0.09800000000000116
2023,01,TUR.50.6_1,0.03481442867176624,0.12000000000000144
2023,01,TUR.50.7_1,0.03156073765041731,0.09600000000000113
2023,01,TUR.50.8_1,0.0356727258095903,0.12700000000000153
2023,01,TUR.51.5_1,0,0
2023,01,TUR.52.1_1,0.004786384482852344,0.0020000000000000256
2023,01,TUR.52.2_1,0.009543949726300377,0.008000000000000103
2023,01,TUR.52.3_1,0.008273630678653976,0.006000000000000077
2023,01,TUR.52.4_1,0.012135496962660813,0.013000000000000168
2023,01,TUR.52.5_1,0.008273630678653976,0.006000000000000077
2023,01,TUR.52.6_1,0.009543949726300377,0.008000000000000103
2023,01,TUR.52.7_1,0.0075565551437334,0.005000000000000064
2023,01,TUR.53.11_1,0,0
2023,01,TUR.53.16_1,0,0
2023,01,TUR.53.17_1,0,0
2023,01,TUR.53.23_1,0,0
2023,01,TUR.53.27_1,0,0
2023,01,TUR.53.31_1,0,0
2023,01,TUR.53.7_1,0,0
2023,01,TUR.53.8_1,0,0
2023,01,TUR.55.12_1,0,0
2023,01,TUR.55.14_1,0,0
2023,01,TUR.55.5_1,0,0
2023,01,TUR.55.6_1,0,0
2023,01,TUR.56.10_1,0.03256433001047999,0.10300000000000122
2023,01,TUR.56.15_1,0.03338715508026268,0.10900000000000129
2023,01,TUR.56.16_1,0.03185250701460217,0.09800000000000116
2023,01,TUR.56.1_1,0.03065979624060513,0.09000000000000105
2023,01,TUR.56.4_1,0.021732891413029136,0.04300000000000055
2023,01,TUR.56.6_1,0.024424437038630373,0.05500000000000071
2023,01,TUR.56.7_1,0.0288981921295096,0.0790000000000009
2023,01,TUR.57.10_1,0,0
2023,01,TUR.57.1_1,0,0
2023,01,TUR.57.2_1,0,0
2023,01,TUR.57.3_1,0,0
2023,01,TUR.57.4_1,0,0
2023,01,TUR.57.5_1,0,0
2023,01,TUR.57.6_1,0,0
2023,01,TUR.57.7_1,0,0
2023,01,TUR.57.8_1,0,0
2023,01,TUR.57.9_1,0,0
2023,01,TUR.58.10_1,0,0
2023,01,TUR.58.1_1,0,0
2023,01,TUR.58.2_1,0,0
2023,01,TUR.58.3_1,0,0
2023,01,TUR.58.4_1,0,0
2023,01,TUR.58.5_1,0,0
2023,01,TUR.58.6_1,0,0
2023,01,TUR.58.7_1,0,0
2023,01,TUR.58.8_1,0,0
2023,01,TUR.58.9_1,0,0
2023,01,TUR.59.10_1,0.018275691057923763,0.030000000000000387
2023,01,TUR.59.11_1,0.017977774444318844,0.029000000000000373
2023,01,TUR.59.12_1,0.012587219009761199,0.01400000000000018
2023,01,TUR.59.1_1,0.020740599757139808,0.0390000000000005
2023,01,TUR.59.2_1,0.012587219009761199,0.01400000000000018
2023,01,TUR.59.3_1,0.021489915763681852,0.042000000000000544
2023,01,TUR.59.4_1,0.012587219009761199,0.01400000000000018
2023,01,TUR.59.5_1,0.0101177838078827,0.009000000000000116
2023,01,TUR.59.6_1,0.013849322643485965,0.01700000000000022
2023,01,TUR.59.7_1,0.022673715484236145,0.047000000000000604
2023,01,TUR.59.8_1,0.008932046136583301,0.00700000000000009
2023,01,TUR.59.9_1,0.01605974012232283,0.023000000000000295
2023,01,TUR.60.4_1,0,0
2023,01,TUR.60.5_1,0,0
2023,01,TUR.62.3_1,0,0
2023,01,TUR.62.6_1,0,0
2023,01,TUR.63.10_1,0.014243584942125654,0.01800000000000023
2023,01,TUR.63.11_1,0.019689060444981806,0.03500000000000045
2023,01,TUR.63.12_1,0.01605974012232283,0.023000000000000295
2023,01,TUR.63.13_1,0.017977774444318844,0.029000000000000373
2023,01,TUR.63.14_1,0.025243416384443173,0.05900000000000076
2023,01,TUR.63.15_1,0.008273630678653976,0.006000000000000077
2023,01,TUR.63.16_1,0.03185250701460217,0.09800000000000116
2023,01,TUR.63.17_1,0.019138042751105304,0.033000000000000425
2023,01,TUR.63.18_1,0.02697054521774516,0.06800000000000077
2023,01,TUR.63.1_1,0.014626439448359682,0.019000000000000246
2023,01,TUR.63.2_1,0.013849322643485965,0.01700000000000022
2023,01,TUR.63.3_1,0.018275691057923763,0.030000000000000387
2023,01,TUR.63.4_1,0.020993890399061767,0.040000000000000514
2023,01,TUR.63.5_1,0.026785856424274813,0.06700000000000075
2023,01,TUR.63.6_1,0.014626439448359682,0.019000000000000246
2023,01,TUR.63.7_1,0.026221360704147222,0.06400000000000082
2023,01,TUR.63.8_1,0.019138042751105304,0.033000000000000425
2023,01,TUR.63.9_1,0.026785856424274813,0.06700000000000075
2023,01,TUR.64.1_1,0,0
2023,01,TUR.64.2_1,0,0
2023,01,TUR.64.3_1,0,0
2023,01,TUR.64.4_1,0,0
2023,01,TUR.64.5_1,0,0
2023,01,TUR.64.6_1,0,0
2023,01,TUR.64.7_1,0,0
2023,01,TUR.65.10_1,0.021732891413029136,0.04300000000000055
2023,01,TUR.65.11_1,0.017048786250816777,0.026000000000000335
2023,01,TUR.65.12_1,0.02697054521774516,0.06800000000000077
2023,01,TUR.65.1_1,0.009543949726300377,0.008000000000000103
2023,01,TUR.65.2_1,0.0033861801343757375,0.0010000000000000128
2023,01,TUR.65.3_1,0.011174337950468731,0.011000000000000142
2023,01,TUR.65.4_1,0.03683774140135415,0.13700000000000165
2023,01,TUR.65.5_1,0.008932046136583301,0.00700000000000009
2023,01,TUR.65.6_1,0.01344264884522412,0.016000000000000205
2023,01,TUR.65.7_1,0.013022400810965909,0.015000000000000194
2023,01,TUR.65.8_1,0.008932046136583301,0.00700000000000009
2023,01,TUR.65.9_1,0.03672430950077514,0.13600000000000165
2023,01,TUR.66.10_1,0.026785856424274813,0.06700000000000075
2023,01,TUR.66.11_1,0.0280445623245369,0.07400000000000084
2023,01,TUR.66.12_1,0.0288981921295096,0.0790000000000009
2023,01,TUR.66.13_1,0.018855583704325884,0.03200000000000041
2023,01,TUR.66.1_1,0.0219726580873525,0.044000000000000566
2023,01,TUR.66.2_1,0.030036521559975722,0.08600000000000099
2023,01,TUR.66.3_1,0.02400160243147714,0.053000000000000685
2023,01,TUR.66.4_1,0.02583595844498755,0.0620000000000008
2023,01,TUR.66.5_1,0.023786642964282206,0.05200000000000067
2023,01,TUR.66.6_1,0.031264777264725374,0.0940000000000011
2023,01,TUR.66.7_1,0.03256433001047999,0.10300000000000122
2023,01,TUR.66.8_1,0.028561007712683044,0.07700000000000089
2023,01,TUR.66.9_1,0.030036521559975722,0.08600000000000099
2023,01,TUR.67.11_1,0.023786642964282206,0.05200000000000067
2023,01,TUR.67.13_1,0.03270378265664547,0.10400000000000123
2023,01,TUR.67.3_1,0.019689060444981806,0.03500000000000045
2023,01,TUR.68.10_1,0,0
2023,01,TUR.68.11_1,0,0
2023,01,TUR.68.1_1,0,0
2023,01,TUR.68.2_1,0,0
2023,01,TUR.68.3_1,0,0
2023,01,TUR.68.4_1,0,0
2023,01,TUR.68.5_1,0,0
2023,01,TUR.68.6_1,0,0
2023,01,TUR.68.7_1,0,0
2023,01,TUR.68.8_1,0,0
2023,01,TUR.68.9_1,0,0
2023,01,TUR.69.1_1,0,0
2023,01,TUR.69.2_1,0,0
2023,01,TUR.69.3_1,0,0
2023,01,TUR.69.4_1,0,0
2023,01,TUR.69.5_1,0,0
2023,01,TUR.69.6_1,0,0
2023,01,TUR.69.7_1,0,0
2023,01,TUR.7.10_1,0,0
2023,01,TUR.7.11_1,0,0
2023,01,TUR.7.12_1,0,0
2023,01,TUR.7.13_1,0,0
2023,01,TUR.7.14_1,0,0
2023,01,TUR.7.15_1,0,0
2023,01,TUR.7.16_1,0,0
2023,01,TUR.7.17_1,0,0
2023,01,TUR.7.18_1,0,0
2023,01,TUR.7.19_1,0,0
2023,01,TUR.7.1_1,0,0
2023,01,TUR.7.20_1,0,0
2023,01,TUR.7.21_1,0,0
2023,01,TUR.7.22_1,0,0
2023,01,TUR.7.23_1,0,0
2023,01,TUR.7.24_1,0,0
2023,01,TUR.7.2_1,0,0
2023,01,TUR.7.3_1,0,0
2023,01,TUR.7.4_1,0,0
2023,01,TUR.7.5_1,0,0
2023,01,TUR.7.6_1,0,0
2023,01,TUR.7.7_1,0,0
2023,01,TUR.7.8_1,0,0
2023,01,TUR.7.9_1,0,0
2023,01,TUR.71.1_1,0,0
2023,01,TUR.71.2_1,0,0
2023,01,TUR.71.3_1,0,0
2023,01,TUR.71.4_1,0,0
2023,01,TUR.71.5_1,0,0
2023,01,TUR.71.6_1,0,0
2023,01,TUR.71.7_1,0,0
2023,01,TUR.72.11_1,0.006762183913988965,0.004000000000000051
2023,01,TUR.72.14_1,0.008932046136583301,0.00700000000000009
2023,01,TUR.72.1_1,0.0075565551437334,0.005000000000000064
2023,01,TUR.72.3_1,0.008932046136583301,0.00700000000000009
2023,01,TUR.72.6_1,0.005859162188039041,0.0030000000000000387
2023,01,TUR.72.9_1,0.0075565551437334,0.005000000000000064
2023,01,TUR.73.1_1,0.03506343718509484,0.12200000000000157
2023,01,TUR.73.2_1,0.03352113069471278,0.1100000000000013
2023,01,TUR.73.3_1,0.03338715508026268,0.10900000000000129
2023,01,TUR.73.4_1,0.03365423192353865,0.11100000000000132
2023,01,TUR.73.5_1,0.03637999898642954,0.1330000000000016
2023,01,TUR.73.8_1,0.03456229793721967,0.1180000000000013
2023,01,TUR.74.4_1,0.018568210412728343,0.031000000000000288
2023,01,TUR.74.6_1,0.01941580203000218,0.03400000000000044
2023,01,TUR.74.8_1,0.013849322643485965,0.01700000000000022
2023,01,TUR.75.10_1,0.0075565551437334,0.005000000000000064
2023,01,TUR.75.11_1,0.009543949726300377,0.008000000000000103
2023,01,TUR.75.12_1,0.019138042751105304,0.033000000000000425
2023,01,TUR.75.13_1,0.026411301147409305,0.06500000000000072
2023,01,TUR.75.14_1,0.015714771885469114,0.022000000000000283
2023,01,TUR.75.15_1,0.020993890399061767,0.040000000000000514
2023,01,TUR.75.16_1,0.012135496962660813,0.013000000000000168
2023,01,TUR.75.17_1,0.023569236142789846,0.051000000000000656
2023,01,TUR.75.18_1,0.021732891413029136,0.04300000000000055
2023,01,TUR.75.1_1,0.024424437038630373,0.05500000000000071
2023,01,TUR.75.2_1,0.012135496962660813,0.013000000000000168
2023,01,TUR.75.3_1,0.02048361704135102,0.03800000000000049
2023,01,TUR.75.4_1,0.02463243378679614,0.05600000000000072
2023,01,TUR.75.5_1,0.02463243378679614,0.05600000000000072
2023,01,TUR.75.6_1,0.005859162188039041,0.0030000000000000387
2023,01,TUR.75.7_1,0.0173646332659658,0.027000000000000347
2023,01,TUR.75.8_1,0.009543949726300377,0.008000000000000103
2023,01,TUR.75.9_1,0.0106596982415435,0.010000000000000129
2023,01,TUR.76.1_1,0.01166531333803828,0.012000000000000155
2023,01,TUR.76.6_1,0.004786384482852344,0.0020000000000000256
2023,01,TUR.76.8_1,0.004786384482852344,0.0020000000000000256
2023,01,TUR.78.10_1,0,0
2023,01,TUR.78.3_1,0,0
2023,01,TUR.78.4_1,0,0
2023,01,TUR.78.6_1,0,0
2023,01,TUR.79.1_1,0.030812713878699133,0.09100000000000107
2023,01,TUR.79.2_1,0,0
2023,01,TUR.79.3_1,0,0
2023,01,TUR.79.4_1,0,0
2023,01,TUR.79.5_1,0,0
2023,01,TUR.79.6_1,0,0
2023,01,TUR.8.10_1,0,0
2023,01,TUR.8.11_1,0.018568210412728343,0.031000000000000288
2023,01,TUR.8.12_1,0,0
2023,01,TUR.8.13_1,0,0
2023,01,TUR.8.14_1,0,0
2023,01,TUR.8.15_1,0,0
2023,01,TUR.8.1_1,0,0
2023,01,TUR.8.2_1,0,0
2023,01,TUR.8.3_1,0.017977774444318844,0.029000000000000373
2023,01,TUR.8.4_1,0,0
2023,01,TUR.8.5_1,0,0
2023,01,TUR.8.6_1,0,0
2023,01,TUR.8.7_1,0,0
2023,01,TUR.8.8_1,0,0
2023,01,TUR.8.9_1,0.03228255102724314,0.10100000000000119
2023,01,TUR.81.3_1,0,0
2023,01,TUR.9.1_1,0,0
2023,01,TUR.9.2_1,0,0
2023,01,TUR.9.3_1,0,0
2023,01,TUR.9.4_1,0.004786384482852344,0.0020000000000000256
2023,01,TUR.9.5_1,0,0
2023,01,TUR.9.6_1,0.0033861801343757375,0.0010000000000000128
2023,01,UKR.14.22_1,0.018275691057923763,0.030000000000000387
2023,01,UKR.17.11_1,0.032979875013936046,0.10600000000000126
2023,01,UKR.17.12_1,0.0324239236154818,0.1020000000000012
2023,01,UKR.17.22_1,0.030036521559975722,0.08600000000000099
2023,01,UKR.23.10_1,0.025041870283848078,0.058000000000000745
2023,01,UKR.23.11_1,0.02312680358116367,0.04900000000000063
2023,01,UKR.23.12_1,0.032979875013936046,0.10600000000000126
2023,01,UKR.23.13_1,0.018855583704325884,0.03200000000000041
2023,01,UKR.23.15_1,0.030036521559975722,0.08600000000000099
2023,01,UKR.23.1_1,0.03156073765041731,0.09600000000000113
2023,01,UKR.23.3_1,0.02312680358116367,0.04900000000000063
2023,01,UKR.23.7_1,0.03256433001047999,0.10300000000000122
2023,01,UKR.23.8_1,0.02048361704135102,0.03800000000000049
2023,01,UKR.25.16_1,0,0
2023,01,UKR.3.6_1,0,0
2023,01,UKR.7.16_1,0.012587219009761199,0.01400000000000018
2023,01,XAD.1_1,0.04745153336717518,0.26800000000000324
2023,01,XAD.2_1,0.04371264064517987,0.2110000000000025
2023,01,XKO.1.1_1,0.023569236142789846,0.051000000000000656
2023,01,XKO.1.2_1,0.01941580203000218,0.03400000000000044
2023,01,XKO.1.3_1,0.02715355518004624,0.0690000000000009
2023,01,XKO.2.1_1,0.026221360704147222,0.06400000000000082
2023,01,XKO.2.2_1,0.024214179723045553,0.05400000000000069
2023,01,XKO.2.3_1,0.028561007712683044,0.07700000000000089
2023,01,XKO.3.1_1,0,0
2023,01,XKO.3.2_1,0,0
2023,01,XKO.3.3_1,0,0
2023,01,XKO.3.4_1,0,0
2023,01,XKO.3.5_1,0,0
2023,01,XKO.3.6_1,0,0
2023,01,XKO.4.2_1,0.02939378953342484,0.08200000000000095
2023,01,XKO.4.3_1,0.02312680358116367,0.04900000000000063
2023,01,XKO.5.1_1,0,0
2023,01,XKO.5.2_1,0,0
2023,01,XKO.5.3_1,0.028390307414469764,0.07600000000000087
2023,01,XKO.5.4_1,0,0
2023,01,XKO.5.5_1,0,0
2023,01,XKO.5.6_1,0,0
2023,01,XKO.5.7_1,0,0
2023,01,XKO.6.1_1,0.018275691057923763,0.030000000000000387
2023,01,XKO.6.2_1,0.03284229370320487,0.10500000000000125
2023,01,XKO.6.3_1,0.03019411664590983,0.08700000000000101
2023,01,XKO.6.4_1,0.031115188132474964,0.09300000000000108
2023,01,XKO.7.1_1,0.021732891413029136,0.04300000000000055
2023,01,XKO.7.2_1,0.023786642964282206,0.05200000000000067
2023,01,XKO.7.3_1,0.020222801500296435,0.03700000000000048
2023,01,XKO.7.4_1,0.0233493136047241,0.05000000000000064
2023,01,ZNC.1_1,0.0429337409717571,0.20100000000000248
2023,01,ZNC.2_1,0.03966910262144893,0.164000000000002
2023,01,ZNC.3_1,0.04473726434203301,0.22500000000000278
2023,01,ZNC.4_1,0.03761364677111082,0.14400000000000174
2023,01,ZNC.5_1,0.043013466460014214,0.20200000000000248
