ID_0,est,se
ALB,0,0
AUT,8.507,10.498910867165982
BEL,0,0
BGR,0,0
CHE,2.446,1.825476237782587
CHN,0,0
DEU,0.915,0.787787462132699
ESP,0.015,0.14917199105170814
FRA,0,0
GRC,0,0
HRV,0.358,0.4796520260210167
HUN,1.677,3.579097049341609
IND,0,0
ITA,0.014,0.11754921445002436
NLD,0,0
PAK,0,0
PER,0,0
ROU,0.002,0.04469897088298564
SRB,0.003,0.05471740119919799
SVN,0,0
TUR,0,0
USA,0,0
XKO,0,0
