year,month,gid_2,est,se
2021,12,ESP.10.1_1,0.679,0.4670943985718274
2021,12,ESP.10.2_1,0.987,0.11333068359382575
2021,12,ESP.10.3_1,0.772,0.4197525368502163
