year,month,gid_2,est,se
2022,07,ESP.10.1_1,0.29980647634098256,0.78301231443128
2022,07,ESP.10.2_1,0.32514090909311955,0.7141668337916545
2022,07,ESP.10.3_1,0.1740596329155651,0.40934067592150686
2022,07,ESP.15.1_1,0.022659674197565066,0.22069104239201953
2022,07,ESP.18.1_1,0.3222459555347709,0.4913479832867269
2022,07,ESP.2.2_1,0.07202852257064861,0.21670828421439117
2022,07,ESP.2.3_1,0.009144847336523381,0.05365305291842242
2022,07,ESP.4.1_1,0.0580368624240685,0.20011982196536232
2022,07,ESP.4.4_1,0.015265907899447588,0.10191282907281897
2022,07,ESP.6.1_1,0.7395672058902713,0.6149741516084322
2022,07,ESP.6.2_1,0.6911876571588238,0.8811496193500784
2022,07,ESP.6.3_1,0.05617578023389472,0.21135145422261334
2022,07,ESP.6.4_1,0.2603762872646377,0.6684534886640882
2022,07,FRA.10.11_1,0.4231458938311662,0.6329533673893977
