year,month,gid_2,est,se
2022,07,ESP.10.1_1,0.445,0.49721446300587663
2022,07,ESP.10.2_1,0.442,0.49687310541312546
2022,07,ESP.10.3_1,0.962,0.19129190414806527
