year,month,gid_2,est,se
2022,07,ESP.1.1_1,0.073,0.2602666685127751
2022,07,ESP.1.2_1,0.31,0.462724663395106
2022,07,ESP.1.3_1,0.086,0.28050433629924987
2022,07,ESP.1.4_1,0.198,0.3986915536538929
2022,07,ESP.1.5_1,0.089,0.2848862231842041
2022,07,ESP.1.6_1,0.109,0.3117951510466707
2022,07,ESP.1.7_1,0.078,0.26830577330349786
2022,07,ESP.1.8_1,0.515,0.5000250243988045
2022,07,ESP.10.1_1,0.311,0.4631344227041362
2022,07,ESP.10.2_1,0.411,0.49226143594773025
2022,07,ESP.10.3_1,0.31,0.462724663395106
2022,07,ESP.11.1_1,0.083,0.2760202658994212
2022,07,ESP.11.2_1,0.079,0.26987373312686774
2022,07,ESP.12.1_1,0.422,0.49412565219806204
2022,07,ESP.12.2_1,0,0.47394580346767984
2022,07,ESP.12.3_1,0,0.4689818162188636
2022,07,ESP.12.4_1,0.426,0.494741112874975
2022,07,ESP.13.1_1,0.419,0.4936422618482768
2022,07,ESP.14.1_1,0.076,0.26513071171460745
2022,07,ESP.14.2_1,0.207,0.4053582555164201
2022,07,ESP.15.1_1,0.11,0.31304631925323445
2022,07,ESP.16.1_1,0,0.4682341756463781
2022,07,ESP.16.2_1,0.443,0.49698893146427114
2022,07,ESP.16.3_1,0.421,0.49396660110072527
2022,07,ESP.17.1_1,0.549,0.49784219070589714
2022,07,ESP.18.1_1,0.615,0.48683879468671354
2022,07,ESP.2.1_1,0,0.4631344227041362
2022,07,ESP.2.2_1,0.279,0.4487319471135974
2022,07,ESP.2.3_1,0.098,0.29746341705239066
2022,07,ESP.3.1_1,0.091,0.28775302222878874
2022,07,ESP.4.1_1,0.202,0.40169311340544206
2022,07,ESP.4.2_1,0,0.4511624403111894
2022,07,ESP.4.3_1,0,0.4631344227041362
2022,07,ESP.4.4_1,0.11,0.31304631925323445
2022,07,ESP.4.5_1,0.171,0.3766973598273565
2022,07,ESP.5.1_1,0.14,0.3471606552023436
2022,07,ESP.5.2_1,0.246,0.4308940353145651
2022,07,ESP.5.3_1,0.33,0.47044800065609943
2022,07,ESP.5.4_1,0,0.4708085180417413
2022,07,ESP.5.5_1,0.14,0.3471606552023436
2022,07,ESP.5.6_1,0,0.46747677432631296
2022,07,ESP.5.7_1,0,0.4708085180417413
2022,07,ESP.5.8_1,0,0.4643485970901814
2022,07,ESP.5.9_1,0,0.45935499018406994
2022,07,ESP.6.1_1,0.743,0.43719805825522845
2022,07,ESP.6.2_1,0.55,0.497742652128334
2022,07,ESP.6.3_1,0.183,0.3868600013708585
2022,07,ESP.6.4_1,0.31,0.462724663395106
2022,07,ESP.7.1_1,0.172,0.3775692765024169
2022,07,ESP.7.2_1,0,0.44623214039681536
2022,07,ESP.8.1_1,0.502,0.5002461856388775
2022,07,ESP.9.1_1,0,0.4813893805805605
