year,month,gid_2,est,se
2022,07,ESP.1.1_1,0.034,0.18131981931624816
2022,07,ESP.1.2_1,0.251,0.43380547159664457
2022,07,ESP.1.3_1,0.044,0.20519772441746548
2022,07,ESP.1.4_1,0.216,0.4117201883725323
2022,07,ESP.1.5_1,0.056,0.23003677296666486
2022,07,ESP.1.6_1,0.043,0.2029585972364615
2022,07,ESP.1.7_1,0.032,0.17608806605504818
2022,07,ESP.1.8_1,0.829,0.3766973598273565
2022,07,ESP.10.1_1,0.313,0.4639463829433809
2022,07,ESP.10.2_1,0.845,0.362085771753194
2022,07,ESP.10.3_1,0.163,0.36955049393495276
2022,07,ESP.11.1_1,0.032,0.17608806605504818
2022,07,ESP.11.2_1,0.044,0.20519772441746548
2022,07,ESP.12.1_1,0.353,0.4781418404821101
2022,07,ESP.12.2_1,0,0.45581988961844544
2022,07,ESP.12.3_1,0,0.45627095369219284
2022,07,ESP.12.4_1,0.546,0.49812863010685515
2022,07,ESP.13.1_1,0.827,0.37843653921656956
2022,07,ESP.14.1_1,0.035,0.18387171834952978
2022,07,ESP.15.1_1,0.03,0.17067257872642908
2022,07,ESP.16.1_1,0,0.4457237593730782
2022,07,ESP.16.2_1,0.492,0.5001861515337926
2022,07,ESP.16.3_1,0.683,0.46554025360620294
2022,07,ESP.17.1_1,0.408,0.49170903772228736
2022,07,ESP.18.1_1,0.833,0.3731624984510773
2022,07,ESP.2.1_1,0,0.4571651780264984
2022,07,ESP.2.2_1,0.268,0.4431392245924213
2022,07,ESP.2.3_1,0.029,0.1678904023081343
2022,07,ESP.3.1_1,0.027,0.162164414398774
2022,07,ESP.4.1_1,0.194,0.39562674393994207
2022,07,ESP.4.2_1,0,0.4511624403111894
2022,07,ESP.4.3_1,0,0.4497123983628217
2022,07,ESP.4.4_1,0.048,0.21387319079712103
2022,07,ESP.4.5_1,0.173,0.37843653921656956
2022,07,ESP.5.1_1,0.072,0.2586172517116422
2022,07,ESP.5.2_1,0.378,0.48513024163759505
2022,07,ESP.5.3_1,0.423,0.49428262696084646
2022,07,ESP.5.5_1,0.071,0.25695335184625445
2022,07,ESP.5.6_1,0,0.44922355437109684
2022,07,ESP.5.7_1,0,0.45581988961844544
2022,07,ESP.5.8_1,0,0.4497123983628217
2022,07,ESP.5.9_1,0,0.4399426662072566
2022,07,ESP.6.1_1,0.861,0.3461196307619647
2022,07,ESP.6.2_1,0.528,0.49946517943242597
2022,07,ESP.6.3_1,0.188,0.39090767299812473
2022,07,ESP.6.4_1,0.412,0.4924413655436538
2022,07,ESP.8.1_1,0.629,0.4833141758655467
2022,07,ESP.9.1_1,0,0.47008507738491334
