year,month,gid_4,est,se
2021,08,ESP.10.1.1.3_1,0.167,0.3731624984510773
2021,08,ESP.10.1.1.8_1,0.142,0.34922479573758497
2021,08,ESP.10.1.4.20_1,0.691,0.46231237570795436
2021,08,ESP.10.1.4.23_1,0.144,0.35126540875438816
2021,08,ESP.10.1.4.27_1,0.129,0.33536766610911
2021,08,ESP.10.1.6.12_1,0.086,0.28050433629924987
2021,08,ESP.10.1.6.27_1,0.681,0.4663222667388471
2021,08,ESP.10.1.7.1_1,0.234,0.42358402168096876
2021,08,ESP.10.1.7.10_1,0.023,0.1499783100768024
2021,08,ESP.10.1.7.2_1,0.43,0.49532347546360583
2021,08,ESP.10.1.7.6_1,0.336,0.47257520811753057
2021,08,ESP.10.1.9.3_1,0.015,0.12161327966052798
2021,08,ESP.10.2.5.11_1,0.958,0.20068950215762726
2021,08,ESP.10.2.7.2_1,0.087,0.2819760814510878
2021,08,ESP.10.2.7.6_1,0.112,0.3155242550986462
2021,08,ESP.10.2.8.8_1,0.084,0.2775266131761439
2021,08,ESP.10.3.1.14_1,0.049,0.21597603025716916
2021,08,ESP.10.3.13.9_1,0.076,0.26513071171460745
2021,08,ESP.10.3.4.1_1,0.36,0.48024018015013137
2021,08,ESP.10.3.7.19_1,0.128,0.3342569785774528
2021,08,ESP.10.3.7.2_1,0.494,0.5002141683461337
2021,08,ESP.10.3.7.4_1,0.269,0.4436618485241162
2021,08,ESP.10.3.8.5_1,0.094,0.29197474077263813
