year,month,gid_1,est,se
2021,11,ESP.1_1,0,0.200724244323537
2021,11,ESP.10_1,0,0.19789154074851706
2021,11,ESP.11_1,0,0.21274095917862795
2021,11,ESP.12_1,0,0.20976987584791915
2021,11,ESP.13_1,0,0.21656833242338003
2021,11,ESP.14_1,0,0.19269825583983136
2021,11,ESP.16_1,0,0.16010305872292
2021,11,ESP.17_1,0,0.41308435874221566
2021,11,ESP.18_1,0,0.20885572047352738
2021,11,ESP.2_1,0,0.19073067429095875
2021,11,ESP.3_1,0,0.14461799881181908
2021,11,ESP.4_1,0,0.21228714455984934
2021,11,ESP.5_1,0,0.19634626018042858
2021,11,ESP.6_1,0,0.194531048363396
2021,11,ESP.8_1,0,0.1968341672002952
2021,11,ESP.9_1,0,0.2348941233505098
2021,11,ITA.1_1,0,0.22000023222264908
2021,11,ITA.10_1,0,0.08979705481748183
2021,11,ITA.11_1,0,0.20589209470122374
2021,11,ITA.12_1,0,0.1884942723354202
2021,11,ITA.13_1,0,0.20253002340218237
2021,11,ITA.14_1,0,0.188721590139353
2021,11,ITA.15_1,0,0.19862990713126702
2021,11,ITA.16_1,0,0.21002503428610708
2021,11,ITA.17_1,0,0.20920339524303294
2021,11,ITA.18_1,0,0.1900304255623421
2021,11,ITA.2_1,0,0.2012100778102245
2021,11,ITA.20_1,0,0.027187618397613647
2021,11,ITA.3_1,0,0.20298628372042543
2021,11,ITA.4_1,0,0.20255470433026593
2021,11,ITA.5_1,0,0.21544137652403136
2021,11,ITA.6_1,0,0.19567095634930046
2021,11,ITA.7_1,0,0.18430117048483127
2021,11,ITA.8_1,0,0.18865396087435868
2021,11,ITA.9_1,0,0.18356369806092995
