year,month,gid_1,est,se
2021,11,ESP.1_1,0,0.2694414227699835
2021,11,ESP.10_1,0,0.29115357055613217
2021,11,ESP.11_1,0,0.2894741858398499
2021,11,ESP.12_1,0,0.2765929716312655
2021,11,ESP.13_1,0,0.2776163041481557
2021,11,ESP.14_1,0,0.27609596221264804
2021,11,ESP.16_1,0,0.1307645383485815
2021,11,ESP.17_1,0,0.4210369083229685
2021,11,ESP.18_1,0,0.2699266950013392
2021,11,ESP.2_1,0,0.27471236608537114
2021,11,ESP.3_1,0,0.09062100543208373
2021,11,ESP.4_1,0,0.2718094791935416
2021,11,ESP.5_1,0,0.25298235745405834
2021,11,ESP.6_1,0,0.26731822653769277
2021,11,ESP.8_1,0,0.24374849793257533
2021,11,ESP.9_1,0,0.2821258036420554
