year,month,gid_1,est,se
2017,01,ESP.1_1,0,0.15577493857025893
2017,01,ESP.10_1,0,0.15579291972094972
2017,01,ESP.11_1,0,0.14348606012807888
2017,01,ESP.12_1,0,0.1326737767235821
2017,01,ESP.13_1,0,0.14211694589625806
2017,01,ESP.14_1,0,0.19438358984642512
2017,01,ESP.15_1,0,0.1472788221503792
2017,01,ESP.16_1,0.010701645608871959,0.0769756647508214
2017,01,ESP.17_1,0.035,0.09579282831266214
2017,01,ESP.18_1,0,0.15969823149281934
2017,01,ESP.2_1,0,0.14726320286834552
2017,01,ESP.3_1,0.016,0.021219013115021616
2017,01,ESP.4_1,0,0.16039928781009974
2017,01,ESP.5_1,0,0.14400232015919026
2017,01,ESP.6_1,0,0.13803304461339674
2017,01,ESP.7_1,0,0.1678390550244584
2017,01,ESP.8_1,0,0.1498167112093155
2017,01,ESP.9_1,0,0.14211694589625806
