year,month,gid_1,est,se
2017,01,AND.2_1,0,0.17379460012345344
2017,01,AND.4_1,0,0.15687552212114772
2017,01,AND.5_1,0,0.15687552212114772
2017,01,BEL.2_1,0,0.1310212763724124
2017,01,BGR.5_1,0,0.1690925525104971
2017,01,DEU.13_1,0,0.1520627136259007
2017,01,DEU.2_1,0,0.17839892165891308
2017,01,DEU.6_1,0,0.15687552212114772
2017,01,ESP.1_1,0,0.14525332672148672
2017,01,ESP.10_1,0,0.15583853411075965
2017,01,ESP.12_1,0,0.14512381151056317
2017,01,ESP.13_1,0,0.12134779368751082
2017,01,ESP.14_1,0,0.15219061667793374
2017,01,ESP.15_1,0,0.16428772444857798
2017,01,ESP.16_1,0,0.10270442026550697
2017,01,ESP.17_1,0.079,0.21992950776241144
2017,01,ESP.18_1,0,0.13850751114197532
2017,01,ESP.2_1,0,0.14440930491240958
2017,01,ESP.3_1,0,0.13574648780425275
2017,01,ESP.4_1,0,0.13696877170394348
2017,01,ESP.5_1,0,0.13526691141646316
2017,01,ESP.6_1,0,0.1374896161741798
2017,01,ESP.8_1,0,0.13574648780425275
2017,01,ESP.9_1,0,0.15937458431821105
2017,01,FRA.11_1,0,0.1562146276341309
2017,01,FRA.8_1,0,0.15042745552093578
2017,01,FRA.9_1,0,0.1714560974887647
2017,01,GBR.1_1,0,0.12256604367689157
2017,01,GRC.3_1,0,0.14657645164619032
2017,01,ITA.10_1,0,0.15434705735697113
2017,01,ITA.20_1,0,0.15687552212114772
2017,01,ITA.8_1,0,0.15178833300961597
2017,01,PRT.15_1,0,0.15623594950522696
2017,01,PRT.6_1,0,0.161845059485303
2017,01,RUS.14_1,0,0.14919844755585818
2017,01,RUS.43_1,0,0.14919844755585818
2017,01,SWE.16_1,0,0.15434705735697113
