year,month,gid_1,est,se
2017,01,ESP.1_1,0,0.15525561898653853
2017,01,ESP.10_1,0,0.1566014095572492
2017,01,ESP.12_1,0,0.1512296929861577
2017,01,ESP.13_1,0,0.1884942723354202
2017,01,ESP.14_1,0,0.16011297535897562
2017,01,ESP.15_1,0,0.15451861510333556
2017,01,ESP.16_1,0,0.0786152862610461
2017,01,ESP.17_1,0.143,0.3000034349979595
2017,01,ESP.18_1,0,0.16866453596731654
2017,01,ESP.2_1,0,0.15095133332887223
2017,01,ESP.3_1,0,0.08123281942601876
2017,01,ESP.4_1,0,0.16323394491518167
2017,01,ESP.5_1,0,0.1530753784357059
2017,01,ESP.6_1,0,0.1599763980267986
2017,01,ESP.8_1,0,0.13951318318626296
2017,01,ESP.9_1,0,0.170946286915055
2017,01,ITA.10_1,0,0.08453430377233342
2017,01,ITA.20_1,0,0.07787967063926109
2017,01,ITA.8_1,0,0.13691989934921722
