ID_0,est,se
ALB,0,0
AUT,0,0
BEL,0,0
BGR,0,0
CHN,0,0
DEU,0,0
ESP,0,0
FRA,0,0
GRC,0,0
HRV,0,0
HUN,0.9523047557685385,0.24337736998963808
IND,0,0
ITA,0.26646292518399994,0.009532889651528608
NLD,0,0
PAK,0,0
PER,0,0
ROU,0,0
SRB,0,0
SVN,0,0
TUR,0,0
USA,0,0
XKO,0,0
