year,month,gid_1,est,se
2021,07,ESP.1_1,0.27586703949196384,0.15339545067073238
2021,07,ESP.10_1,0.6259756659553148,0.4523363372460378
2021,07,ESP.11_1,0.027507106027933267,0.2234946020197193
2021,07,ESP.12_1,0,0.259585648802636
2021,07,ESP.13_1,0.8920169491525424,0.3006492661741977
2021,07,ESP.14_1,0.02870987518594291,0.06809489812326226
2021,07,ESP.15_1,0,0.373010261245142
2021,07,ESP.16_1,0.20534637194596564,0.2150443145211401
2021,07,ESP.17_1,0.8331101694915255,0.3669927027219152
2021,07,ESP.18_1,0.20722563559322038,0.3554608760412453
2021,07,ESP.2_1,0,0.3047555681438202
2021,07,ESP.3_1,0,0.004559163053749224
2021,07,ESP.4_1,0.008383742831185464,0.28722349367741956
2021,07,ESP.5_1,0.023792074155882505,0.23731602441627767
2021,07,ESP.6_1,0.4787970088629133,0.20558307218939362
2021,07,ESP.7_1,0.3292468220338983,0.44888499260979653
2021,07,ESP.8_1,0.6321959745762712,0.48566788532781713
2021,07,ESP.9_1,0,0.44177483444506854
