year,month,gid_1,est,se
2021,07,ESP.1_1,0.33483355554120936,0.2805567303002176
2021,07,ESP.10_1,0.5381924513449944,0.4806611355206876
2021,07,ESP.11_1,0.17113029515290615,0.2877483154010802
2021,07,ESP.12_1,0.04087403679241631,0.3276715297467689
2021,07,ESP.13_1,0.8203026775320139,0.4119695180595965
2021,07,ESP.14_1,0.10437585788244351,0.16657262804315415
2021,07,ESP.15_1,0.2391618160651921,0.36377210265658066
2021,07,ESP.16_1,0.14047775276699295,0.36523425693415357
2021,07,ESP.17_1,0.7342491268917347,0.4618523640102879
2021,07,ESP.18_1,0.2715715948777649,0.39227418699483496
2021,07,ESP.2_1,0.11266093913989984,0.3412998222237774
2021,07,ESP.3_1,0.10058207217694995,0.17554538220817664
2021,07,ESP.4_1,0.08727544199220465,0.35073003795490215
2021,07,ESP.5_1,0.09486227686513328,0.35553705231762134
2021,07,ESP.6_1,0.5378497683578944,0.26806003909323367
2021,07,ESP.7_1,0.3126555967293566,0.46237165324739343
2021,07,ESP.8_1,0.7230733410942958,0.4666986453581836
2021,07,ESP.9_1,0,0.45824921607565366
