year,month,gid_2,est,se
2018,12,ESP.10.1_1,0.005356873119706019,0.12389657426461292
2018,12,ESP.10.2_1,0,0
2018,12,ESP.10.3_1,0.005630577678674086,0.09180602311693255
2018,12,ESP.15.1_1,0,0
2018,12,ESP.18.1_1,0.003722236481310443,0.0744809444718511
2018,12,ESP.2.1_1,0,0
2018,12,ESP.2.2_1,0.0019779895734306917,0.045747981444188984
2018,12,ESP.2.3_1,0,0
2018,12,ESP.4.1_1,0.0010348389992114984,0.03389925160601714
2018,12,ESP.4.3_1,2.9137006709382024e-4,0.01654847771260705
2018,12,ESP.4.4_1,0.005172702080553571,0.08099062261567123
2018,12,ESP.5.7_1,0.0013804915618995854,0.04522213680821398
2018,12,ESP.6.1_1,0.012839157100596826,0.15752467155895936
2018,12,ESP.6.2_1,0.027660543307102502,0.2609881038030011
2018,12,ESP.6.3_1,0,0
2018,12,ESP.6.4_1,0.012989635375158768,0.17749234608797995
2018,12,ESP.9.1_1,4.429942570816913e-4,0.0251600332980284
2018,12,FRA.10.11_1,0.0011709606389548738,0.04700271459648069
2018,12,FRA.11.11_1,0,0
2018,12,FRA.11.6_1,7.051584272448175e-4,0.04004975059212388
2018,12,FRA.11.7_1,0.07208115193954502,0.46500736312437657
