ID_0,est,se
ESP,0.9999644537617645,0.2376763487238236
