year,month,gid_3,est,se
2019,06,ESP.10.1.1_1,1,0
2019,06,ESP.10.1.2_1,0.952,0.21387319079712103
2019,06,ESP.10.1.3_1,0.002,0.04469897088298564
2019,06,ESP.10.1.4_1,0.995,0.07056897321046962
2019,06,ESP.10.1.5_1,0.999,0.03162277660168379
2019,06,ESP.10.1.6_1,0.998,0.04469897088298564
2019,06,ESP.10.1.7_1,0.987,0.11333068359382575
2019,06,ESP.10.1.8_1,0.992,0.08912880535463237
2019,06,ESP.10.1.9_1,0.308,0.4618975528722244
2019,06,ESP.10.2.1_1,0.138,0.3450725649411658
2019,06,ESP.10.2.2_1,0.607,0.4886612219010117
2019,06,ESP.10.2.3_1,0.774,0.41844844258175834
2019,06,ESP.10.2.5_1,0.642,0.4796520260210167
2019,06,ESP.10.2.7_1,0.66,0.47394580346767984
2019,06,ESP.10.2.8_1,0.209,0.4067978422810088
2019,06,ESP.10.3.1_1,0.994,0.07726558075864033
2019,06,ESP.10.3.10_1,0.978,0.1467567291047928
2019,06,ESP.10.3.11_1,0.989,0.10435463521037237
2019,06,ESP.10.3.12_1,0.985,0.12161327966052798
2019,06,ESP.10.3.13_1,0.997,0.05471740119919799
2019,06,ESP.10.3.14_1,0.084,0.2775266131761439
2019,06,ESP.10.3.16_1,0.342,0.47461696267754827
2019,06,ESP.10.3.17_1,0.717,0.4506818324651152
2019,06,ESP.10.3.18_1,0.363,0.4811054587743341
2019,06,ESP.10.3.2_1,0.996,0.06315051850925682
2019,06,ESP.10.3.3_1,0.218,0.4130939925085411
2019,06,ESP.10.3.4_1,0.609,0.4882185549089233
2019,06,ESP.10.3.5_1,0.309,0.46231237570795436
2019,06,ESP.10.3.6_1,0.129,0.33536766610911
2019,06,ESP.10.3.7_1,0.986,0.11754921445002436
2019,06,ESP.10.3.8_1,0.999,0.03162277660168379
2019,06,ESP.10.3.9_1,0.793,0.4053582555164201
