year,month,gid_3,est,se
2021,06,ESP.10.1.1_1,0.988,0.10893974420691407
2021,06,ESP.10.1.2_1,0.509,0.5001691405606399
2021,06,ESP.10.1.3_1,0.051,0.22010780869257557
2021,06,ESP.10.1.4_1,1,0
2021,06,ESP.10.1.5_1,0.47,0.49934892545128134
2021,06,ESP.10.1.6_1,0.966,0.18131981931624816
2021,06,ESP.10.1.7_1,0.964,0.18638331132035063
2021,06,ESP.10.1.8_1,0.956,0.20519772441746548
2021,06,ESP.10.1.9_1,0.972,0.16505527329729044
2021,06,ESP.10.2.1_1,0.124,0.32974646735443996
2021,06,ESP.10.2.2_1,0.617,0.48636153995515263
2021,06,ESP.10.2.3_1,0.432,0.49560228169533443
2021,06,ESP.10.2.5_1,0.948,0.22213812222431645
2021,06,ESP.10.2.7_1,0.911,0.2848862231842041
2021,06,ESP.10.2.8_1,0.993,0.08341437500789632
2021,06,ESP.10.3.1_1,0.839,0.3677148544921924
2021,06,ESP.10.3.10_1,1,0
2021,06,ESP.10.3.11_1,0.996,0.06315051850925682
2021,06,ESP.10.3.12_1,0.468,0.4992246240173107
2021,06,ESP.10.3.13_1,0.999,0.03162277660168379
2021,06,ESP.10.3.14_1,0.758,0.428508599236491
2021,06,ESP.10.3.16_1,0.36,0.48024018015013137
2021,06,ESP.10.3.17_1,0.752,0.432067914433232
2021,06,ESP.10.3.18_1,0.808,0.39407016036651554
2021,06,ESP.10.3.2_1,0.23,0.4210430824479572
2021,06,ESP.10.3.3_1,0.1,0.3001501125938321
2021,06,ESP.10.3.4_1,0.413,0.49261919742705285
2021,06,ESP.10.3.5_1,1,0
2021,06,ESP.10.3.6_1,0.102,0.30279974849343533
2021,06,ESP.10.3.7_1,0.985,0.12161327966052798
2021,06,ESP.10.3.8_1,0.989,0.10435463521037237
2021,06,ESP.10.3.9_1,0.769,0.42168331341993703
