year,month,gid_1,est,se
2022,02,ESP.1_1,0.34786456497432966,0.4517407138613558
2022,02,ESP.10_1,0.19262620726252613,0.3627278485719753
2022,02,ESP.11_1,0,0.22618241208703482
2022,02,ESP.12_1,0,0.162164414398774
2022,02,ESP.13_1,0,0.46474830929331096
2022,02,ESP.14_1,0.41844140756869286,0.4861216867075242
2022,02,ESP.16_1,0,0.27926813599501776
2022,02,ESP.17_1,0,0
2022,02,ESP.18_1,0,0.4482375674984382
2022,02,ESP.2_1,0,0
2022,02,ESP.4_1,0,0.36517466006524774
2022,02,ESP.5_1,0.08365822988616124,0.20707946286609952
2022,02,ESP.6_1,0.40363735876631024,0.4768543614726432
2022,02,ESP.8_1,0.49154953076120955,0.4999259204381445
2022,02,ITA.1_1,0.33755787278415017,0.4708085180417413
2022,02,ITA.10_1,0.10239386148837291,0.2480496985659907
2022,02,ITA.11_1,0,0
2022,02,ITA.12_1,0,0.2535809600567505
2022,02,ITA.13_1,0,0.25109030574848656
2022,02,ITA.14_1,0,0.40094857495663927
2022,02,ITA.15_1,0,0.39939612605451036
2022,02,ITA.16_1,0.06920082673524543,0.21848603311220688
2022,02,ITA.17_1,0,0.1722973955845453
2022,02,ITA.18_1,0,0.12368155789221016
2022,02,ITA.2_1,0,0.05857384682790486
2022,02,ITA.20_1,0.13408716489726177,0.2651706868319749
2022,02,ITA.4_1,0.12976741353748303,0.30731758858707897
2022,02,ITA.5_1,0.12120625999187626,0.23957004792195294
2022,02,ITA.6_1,0,0.21849919869490123
2022,02,ITA.8_1,0.3268980698210647,0.3868963138919421
2022,02,ITA.9_1,0,0.19570640134720305
