year,month,gid_1,est,se
2020,04,ESP.1_1,0.21192090245311548,0.29495527545154154
2020,04,ESP.10_1,0.34161292640835333,0.47406280776723225
2020,04,ESP.11_1,0,0.3503357990029042
2020,04,ESP.12_1,0,0.34069550944849614
2020,04,ESP.13_1,0.639,0.4805308625987616
2020,04,ESP.14_1,0,0.34819569244928955
2020,04,ESP.15_1,0,0
2020,04,ESP.16_1,0,0.07632758788769112
2020,04,ESP.17_1,0,0.33756918246924283
2020,04,ESP.18_1,0.625,0.4843651614325804
2020,04,ESP.2_1,0,0.021496878375536498
2020,04,ESP.3_1,0,0.3522770203960217
2020,04,ESP.4_1,0,0
2020,04,ESP.5_1,0,0.3422096011249282
2020,04,ESP.6_1,0.3436546576407654,0.44181106435569667
2020,04,ESP.8_1,0,0.2933616557443407
2020,04,ESP.9_1,0,0
2020,04,ITA.13_1,0,0.07726558075864033
2020,04,ITA.16_1,0,0
2020,04,ITA.17_1,0,0
2020,04,ITA.20_1,0,0
2020,04,ITA.6_1,0.11777983395272382,0.298163404658298
2020,04,ITA.8_1,0.119,0.32395052700056526
