year,month,gid_1,est,se
2020,04,AND.4_1,0,0.2535824815622904
2020,04,AUT.3_1,0,0.2594317388345084
2020,04,BEL.2_1,0,0.2572163498673297
2020,04,BGR.21_1,0,0.3167531141544961
2020,04,CHE.21_1,0,0.044699239080297506
2020,04,CHE.26_1,0,0.2323905922161213
2020,04,CHE.7_1,0,0.22613214890097968
2020,04,CYP.1_1,0,0.24665069608161766
2020,04,CYP.2_1,0,0.22613214890097968
2020,04,CYP.3_1,0,0.06315089741729368
2020,04,CYP.4_1,0,0.0547177295078732
2020,04,DEU.1_1,0,0.09315536592005015
2020,04,DEU.10_1,0,0.25861880343532484
2020,04,DEU.13_1,0,0.2517434016384626
2020,04,ESP.1_1,0.13867043104853052,0.30572581819757644
2020,04,ESP.10_1,0.4506492632382164,0.4828897409594767
2020,04,ESP.11_1,0,0.23945150737337428
2020,04,ESP.12_1,0,0.25835035885374685
2020,04,ESP.13_1,0.5263519313304721,0.5001321132727873
2020,04,ESP.14_1,0,0.25861880343532484
2020,04,ESP.15_1,0,0.06315089741729368
2020,04,ESP.16_1,0,0.1885997384482528
2020,04,ESP.17_1,0,0.266726443873695
2020,04,ESP.18_1,0.6314163090128755,0.48731028938006704
2020,04,ESP.2_1,0,0.14454483346363697
2020,04,ESP.3_1,0,0.24487687425121388
2020,04,ESP.4_1,0,0.04956198904493868
2020,04,ESP.5_1,0,0.24937842405688648
2020,04,ESP.6_1,0.41832860960916934,0.46620848094762724
2020,04,ESP.8_1,0,0.3028015653155449
2020,04,ESP.9_1,0,0.07726604435815168
2020,04,FRA.11_1,0.009270386266094418,0.09448828003925805
2020,04,FRA.12_1,0,0.2602682301330872
2020,04,FRA.8_1,0,0.2452643408893391
2020,04,GBR.1_1,0,0.2532439475789818
2020,04,GRC.3_1,0,0.04469923908029751
2020,04,GRC.6_1,0,0.14997920995836134
2020,04,ITA.13_1,0,0.13659385620565764
2020,04,ITA.16_1,0,0.09954912772461423
2020,04,ITA.17_1,0,0.19369297024393525
2020,04,ITA.20_1,0,0.08494143580137309
2020,04,ITA.6_1,0.06793760798131836,0.2452426525135807
2020,04,ITA.8_1,0.10300429184549356,0.3001519135179197
2020,04,LUX.1_1,0,0.24127766742067552
2020,04,NLD.10_1,0,0.2518843647885437
2020,04,NLD.11_1,0,0.23760709994605322
2020,04,NLD.12_1,0,0.24665069608161766
2020,04,NLD.14_1,0,0.028883503000743625
2020,04,NLD.2_1,0,0.2683073831590658
2020,04,NLD.4_1,0,0.2382516619461053
2020,04,NLD.9_1,0,0.24769217605065927
2020,04,PRT.12_1,0,0.2466506960816177
2020,04,SWE.15_1,0,0.2540728471139101
2020,04,SWE.16_1,0,0.266726443873695
2020,04,UKR.22_1,0,0.2635247195067501
2020,04,ZNC.2_1,0,0.27602192204254644
2020,04,ZNC.5_1,0,0.24487687425121382
