year,month,gid_1,est,se
2020,04,ESP.1_1,0.23771270026509783,0.318249987243246
2020,04,ESP.10_1,0.4353082461464985,0.49553321686804075
2020,04,ESP.11_1,0,0.3035534536478285
2020,04,ESP.12_1,0,0.27793959301999044
2020,04,ESP.13_1,0.7144302908726179,0.4525960784092177
2020,04,ESP.14_1,0,0.2988168381841767
2020,04,ESP.15_1,0,0.03162334582703175
2020,04,ESP.16_1,0,0.133968378709821
2020,04,ESP.17_1,0,0.2974687715384691
2020,04,ESP.18_1,0.7114242728184553,0.45399727553483077
2020,04,ESP.2_1,0,0
2020,04,ESP.3_1,0,0.3028051990360733
2020,04,ESP.4_1,0,0.03162334582703175
2020,04,ESP.5_1,0,0.2947222988140448
2020,04,ESP.6_1,0.38330945474910555,0.45887132207193887
2020,04,ESP.8_1,0,0.28489135127468024
2020,04,ESP.9_1,0,0.04469977548618588
2020,04,ITA.13_1,0,0.09955032234759649
2020,04,ITA.16_1,0,0.054718386139013024
2020,04,ITA.17_1,0,0.06315165524928205
2020,04,ITA.20_1,0,0
2020,04,ITA.6_1,0.09461353890578858,0.26159256825143656
2020,04,ITA.8_1,0.14128284854563689,0.3482019601409818
