year,month,gid_1,est,se
2020,04,ESP.1_1,0.21384288470653265,0.2869260740845715
2020,04,ESP.10_1,0.4143786792414575,0.49217753896169697
2020,04,ESP.11_1,0,0.4010271194876007
2020,04,ESP.12_1,0,0.40700172709907506
2020,04,ESP.13_1,0.7054108216432865,0.4567641456546307
2020,04,ESP.14_1,0,0.4032101336961683
2020,04,ESP.15_1,0,0.04470335202617074
2020,04,ESP.16_1,0,0.12625674608049528
2020,04,ESP.17_1,0,0.4053979864660057
2020,04,ESP.18_1,0.691382765531062,0.46277001707921916
2020,04,ESP.2_1,0,0.0316258760894229
2020,04,ESP.3_1,0,0.403943213189127
2020,04,ESP.4_1,0,0
2020,04,ESP.5_1,0,0.4009170176176238
2020,04,ESP.6_1,0.3893349522365832,0.4526481133675956
2020,04,ESP.8_1,0,0.22012938242921856
2020,04,ESP.9_1,0,0.05472276429290317
