year,month,gid_1,est,se
2020,04,AND.4_1,0,0.3592012543508021
2020,04,AUT.3_1,0,0.3487326835192597
2020,04,BEL.2_1,0,0.35349357477876525
2020,04,BGR.21_1,0,0.1434561323130774
2020,04,CHE.21_1,0,0
2020,04,CHE.26_1,0,0.3284646223451943
2020,04,CHE.7_1,0,0.3375698576096332
2020,04,CYP.1_1,0,0.3429607734275016
2020,04,CYP.2_1,0,0.350248717871074
2020,04,CYP.3_1,0,0.346120323003303
2020,04,CYP.4_1,0,0.34922549418927185
2020,04,DEU.1_1,0,0.40901880997511914
2020,04,DEU.10_1,0,0.33201607667842675
2020,04,DEU.13_1,0,0.3103750348310463
2020,04,ESP.1_1,0.20027523980671982,0.29406013238574885
2020,04,ESP.10_1,0.3292202983378507,0.4698179902408709
2020,04,ESP.11_1,0,0.3245564608872323
2020,04,ESP.12_1,0,0.3313195825374662
2020,04,ESP.13_1,0.632,0.4825036166162582
2020,04,ESP.14_1,0,0.347161349525737
2020,04,ESP.15_1,0,0
2020,04,ESP.16_1,0,0.06658682984296867
2020,04,ESP.17_1,0,0.3331402496122101
2020,04,ESP.18_1,0.608,0.4884419401287016
2020,04,ESP.2_1,0,0.03037076031091526
2020,04,ESP.3_1,0,0.3286022076867752
2020,04,ESP.4_1,0,0
2020,04,ESP.5_1,0,0.3604730707639532
2020,04,ESP.6_1,0.32807166125217657,0.43525577608825117
2020,04,ESP.8_1,0,0.2848867929583598
2020,04,ESP.9_1,0,0.0446990602811956
2020,04,FRA.11_1,0.22,0.4144544110775119
2020,04,FRA.12_1,0,0.3375698576096332
2020,04,FRA.8_1,0,0.3343200555014007
2020,04,GRC.3_1,0,0
2020,04,GRC.6_1,0,0.15620338343770726
2020,04,ITA.13_1,0,0.05471751063432869
2020,04,ITA.16_1,0,0
2020,04,ITA.17_1,0,0
2020,04,ITA.20_1,0,0
2020,04,ITA.6_1,0.11300191436977734,0.2947789187266568
2020,04,ITA.8_1,0.143,0.350248717871074
2020,04,LUX.1_1,0,0.3274502284589701
2020,04,NLD.10_1,0,0.33643489280535716
2020,04,NLD.11_1,0,0.3522777249521762
2020,04,NLD.12_1,0,0.3308850592338285
2020,04,NLD.14_1,0,0.07311357580687185
2020,04,NLD.2_1,0,0.3592012543508021
2020,04,NLD.4_1,0,0.34247297597801835
2020,04,NLD.9_1,0,0.35615518172416166
2020,04,PRT.12_1,0,0.3395827776433786
2020,04,ZNC.2_1,0,0.3450732550883661
2020,04,ZNC.5_1,0,0.3386608177148466
