year,month,gid_2,est,se
2017,07,ESP.1.1_1,0,0.40020015012510946
2017,07,ESP.1.2_1,0,0.39090767299812473
2017,07,ESP.1.3_1,0,0.3917045218432287
2017,07,ESP.1.4_1,0,0.38849186082326864
2017,07,ESP.1.5_1,0,0.38437969216355294
2017,07,ESP.1.6_1,0,0.3630369069334353
2017,07,ESP.1.7_1,0,0.35725009115132167
2017,07,ESP.1.8_1,0,0.3917045218432287
2017,07,ESP.10.1_1,0,0.3766973598273565
2017,07,ESP.10.2_1,0,0.3818596821043259
2017,07,ESP.10.3_1,0,0.3810107205436209
2017,07,ESP.11.1_1,0,0.3932857404911519
2017,07,ESP.11.2_1,0,0.36955049393495276
2017,07,ESP.12.1_1,0,0.39716714584887525
2017,07,ESP.12.2_1,0,0.3766973598273565
2017,07,ESP.12.3_1,0,0.40094857495663927
2017,07,ESP.12.4_1,0,0.39090767299812473
2017,07,ESP.13.1_1,0,0.3810107205436209
2017,07,ESP.14.1_1,0,0.3901066305296325
2017,07,ESP.14.2_1,0,0.36955049393495276
2017,07,ESP.15.1_1,0,0.387678080750375
2017,07,ESP.16.1_1,0,0.40963251677424095
2017,07,ESP.16.2_1,0.085,0.2790212408632233
2017,07,ESP.16.3_1,0.084,0.2775266131761439
2017,07,ESP.17.1_1,0.174,0.37929917989348183
2017,07,ESP.18.1_1,0,0.39944781706570703
2017,07,ESP.2.1_1,0,0.3749394345485409
2017,07,ESP.2.2_1,0,0.39090767299812473
2017,07,ESP.2.3_1,0,0.3917045218432287
2017,07,ESP.3.1_1,0.102,0.30279974849343533
2017,07,ESP.4.1_1,0,0.37226681638655706
2017,07,ESP.4.2_1,0,0.3901066305296325
2017,07,ESP.4.3_1,0,0.3917045218432287
2017,07,ESP.4.4_1,0,0.3932857404911519
2017,07,ESP.4.5_1,0,0.3963989557656934
2017,07,ESP.5.1_1,0,0.38015722999769386
2017,07,ESP.5.2_1,0,0.37226681638655706
2017,07,ESP.5.3_1,0,0.36955049393495276
2017,07,ESP.5.4_1,0,0.3901066305296325
2017,07,ESP.5.5_1,0,0.38015722999769386
2017,07,ESP.5.6_1,0,0.40963251677424095
2017,07,ESP.5.7_1,0,0.39407016036651554
2017,07,ESP.5.8_1,0,0.39562674393994207
2017,07,ESP.5.9_1,0,0.37929917989348183
2017,07,ESP.6.1_1,0,0.3924972026066607
2017,07,ESP.6.2_1,0,0.387678080750375
2017,07,ESP.6.3_1,0,0.3775692765024169
2017,07,ESP.6.4_1,0,0.3868600013708585
2017,07,ESP.7.1_1,0,0.37843653921656956
2017,07,ESP.8.1_1,0,0.37843653921656956
2017,07,ESP.9.1_1,0,0.38521083498181535
