year,month,gid_2,est,se
2017,07,ESP.1.1_1,0,0.3775692765024169
2017,07,ESP.1.2_1,0,0.3758207567993567
2017,07,ESP.1.3_1,0,0.38015722999769386
2017,07,ESP.1.4_1,0,0.36955049393495276
2017,07,ESP.1.5_1,0,0.3766973598273565
2017,07,ESP.1.6_1,0,0.3522770203960217
2017,07,ESP.1.7_1,0,0.35126540875438816
2017,07,ESP.1.8_1,0,0.37226681638655706
2017,07,ESP.10.1_1,0,0.38015722999769386
2017,07,ESP.10.2_1,0,0.3810107205436209
2017,07,ESP.10.3_1,0,0.3522770203960217
2017,07,ESP.11.1_1,0,0.3740533597174552
2017,07,ESP.11.2_1,0,0.3677148544921924
2017,07,ESP.12.1_1,0,0.37929917989348183
2017,07,ESP.12.2_1,0,0.36863517451796685
2017,07,ESP.12.3_1,0,0.3775692765024169
2017,07,ESP.12.4_1,0,0.3758207567993567
2017,07,ESP.13.1_1,0,0.3592005359475749
2017,07,ESP.14.1_1,0,0.3440194025768741
2017,07,ESP.14.2_1,0,0.34922479573758497
2017,07,ESP.15.1_1,0,0.37843653921656956
2017,07,ESP.16.1_1,0,0.3860375953518323
2017,07,ESP.16.2_1,0,0.19838941090279583
2017,07,ESP.16.3_1,0,0.23003677296666486
2017,07,ESP.17.1_1,0.134,0.3408227694273963
2017,07,ESP.18.1_1,0,0.36863517451796685
2017,07,ESP.2.1_1,0,0.3917045218432287
2017,07,ESP.2.2_1,0,0.37226681638655706
2017,07,ESP.2.3_1,0,0.3893013685508382
2017,07,ESP.3.1_1,0,0.23003677296666486
2017,07,ESP.4.1_1,0,0.3731624984510773
2017,07,ESP.4.2_1,0,0.3562666500332664
2017,07,ESP.4.3_1,0,0.37929917989348183
2017,07,ESP.4.4_1,0,0.3532829019480122
2017,07,ESP.4.5_1,0,0.3522770203960217
2017,07,ESP.5.1_1,0,0.3731624984510773
2017,07,ESP.5.2_1,0,0.3775692765024169
2017,07,ESP.5.3_1,0,0.3963989557656934
2017,07,ESP.5.4_1,0,0.38354413840665863
2017,07,ESP.5.5_1,0,0.362085771753194
2017,07,ESP.5.6_1,0,0.3677148544921924
2017,07,ESP.5.7_1,0,0.35428310221702153
2017,07,ESP.5.8_1,0,0.34819569244928955
2017,07,ESP.5.9_1,0,0.3810107205436209
2017,07,ESP.6.1_1,0,0.38354413840665863
2017,07,ESP.6.2_1,0,0.3740533597174552
2017,07,ESP.6.3_1,0,0.37929917989348183
2017,07,ESP.6.4_1,0,0.38437969216355294
2017,07,ESP.7.1_1,0,0.3749394345485409
2017,07,ESP.8.1_1,0,0.3601676286407771
2017,07,ESP.9.1_1,0,0.37226681638655706
