year,month,gid_2,est,se
2019,12,ESP.10.1_1,0.286,0.45211548127487117
2019,12,ESP.10.2_1,0.233,0.42295376802895357
2019,12,ESP.10.3_1,0.247,0.43148253403489834
2019,12,ESP.18.1_1,0.222,0.4157990967870047
2019,12,ESP.2.3_1,0.164,0.3704608498090469
2019,12,ESP.4.1_1,0.173,0.37843653921656956
2019,12,ESP.6.1_1,0.313,0.4639463829433809
2019,12,ESP.6.2_1,0.321,0.46709439857182744
2019,12,ESP.6.4_1,0.271,0.4446985009607709
