year,month,gid_1,est,se
2021,02,ESP.1_1,0.6198554734324048,0.3352045853106565
2021,02,ESP.10_1,0.8038599519018048,0.3407619171158573
2021,02,ESP.11_1,0.17212596201702748,0.3777629165393076
2021,02,ESP.12_1,0.07843179726527329,0.25976606446150485
2021,02,ESP.13_1,0.902,0.29755898792630864
2021,02,ESP.14_1,0.2607370748946599,0.4168569687028885
2021,02,ESP.15_1,0.016,0.12557821535365918
2021,02,ESP.16_1,0.23966019202638664,0.22238523445239325
2021,02,ESP.17_1,0.482,0.5000865397088566
2021,02,ESP.18_1,0.9469999999999998,0.2242175953323204
2021,02,ESP.2_1,0.38615526992367566,0.37841466615254
2021,02,ESP.3_1,0.001,0.031632936561605866
2021,02,ESP.4_1,0.09524268711457733,0.20373645277513233
2021,02,ESP.5_1,0.047632940332895314,0.1765940346858763
2021,02,ESP.6_1,0.86690138461536,0.20844823364489823
2021,02,ESP.7_1,0.2204543673120329,0.39979519642356415
2021,02,ESP.8_1,0.985,0.12165235232207526
2021,02,ESP.9_1,0.031,0.17346006377084536
