year,month,gid_1,est,se
2021,02,ESP.1_1,0.22647327959107044,0.24965286699784
2021,02,ESP.10_1,0.12095635960360182,0.2639542293543426
2021,02,ESP.11_1,0,0.17736544372256255
2021,02,ESP.12_1,0,0.017456885006644815
2021,02,ESP.13_1,0,0.4999939939579215
2021,02,ESP.14_1,0.4108334630550634,0.4910587801852831
2021,02,ESP.15_1,0,0
2021,02,ESP.16_1,0,0.06764375190036226
2021,02,ESP.17_1,0,0.04469897088298564
2021,02,ESP.18_1,0,0.4979396991041626
2021,02,ESP.2_1,0,0
2021,02,ESP.3_1,0,0
2021,02,ESP.4_1,0,0.22801761026984124
2021,02,ESP.5_1,6.507688210406952e-4,0.02033192044594455
2021,02,ESP.6_1,0.3831302653119342,0.45096006092149354
2021,02,ESP.7_1,0,0.05471740119919799
2021,02,ESP.8_1,0.4908966565349544,0.5000250243988045
2021,02,ESP.9_1,0,0
2021,02,ITA.10_1,0.07835113860356553,0.23239100554552977
2021,02,ITA.11_1,0,0
2021,02,ITA.13_1,0,0.044921623831633777
2021,02,ITA.15_1,0,0.360094313660032
2021,02,ITA.16_1,0.4294826025332777,0.46524863547953393
2021,02,ITA.17_1,0,0.06231076997255985
2021,02,ITA.18_1,0,0
2021,02,ITA.2_1,0,0.28545759023605904
2021,02,ITA.20_1,0.203408803300095,0.3740443605528502
2021,02,ITA.3_1,0,0
2021,02,ITA.4_1,0.5030425531914893,0.5002411830719671
2021,02,ITA.5_1,0.11256791269550326,0.24216600094820032
2021,02,ITA.6_1,0,0.23593267221067307
2021,02,ITA.8_1,0.47707580637992286,0.49477543153563747
