year,month,gid_1,est,se
2021,02,ESP.1_1,0.24270062049752342,0.3238123986993133
2021,02,ESP.10_1,0.17432330604492216,0.34066016231167
2021,02,ESP.11_1,0,0.16991925538949565
2021,02,ESP.12_1,0,0.037366705925717794
2021,02,ESP.13_1,0,0.49488980179017217
2021,02,ESP.14_1,0.3348626735030914,0.46974224719296526
2021,02,ESP.15_1,0,0.06315051850925682
2021,02,ESP.16_1,0,0.12871434762446604
2021,02,ESP.17_1,0,0.15312559370479986
2021,02,ESP.18_1,0,0.49710271686152663
2021,02,ESP.2_1,0,0
2021,02,ESP.3_1,0,0.03162277660168379
2021,02,ESP.4_1,0,0.25873996014612327
2021,02,ESP.5_1,6.55690134542351e-4,0.02033192044594455
2021,02,ESP.6_1,0.45336556167742054,0.45621467594814724
2021,02,ESP.7_1,0,0.0995485304256668
2021,02,ESP.8_1,0.501747653806048,0.5001861515337926
2021,02,ESP.9_1,0,0
2021,02,ITA.10_1,0.09277470092033699,0.2598946730344444
2021,02,ITA.11_1,0,0.03162277660168379
2021,02,ITA.13_1,0,0.11830449868477769
2021,02,ITA.15_1,0,0.3766395516016166
2021,02,ITA.16_1,0.22482449733222368,0.39160579315817806
2021,02,ITA.17_1,0,0.13501253620539566
2021,02,ITA.18_1,0,0.03162277660168379
2021,02,ITA.2_1,0,0.22760119651637922
2021,02,ITA.20_1,0.19179757636159137,0.37660366257709993
2021,02,ITA.3_1,0,0
2021,02,ITA.4_1,0.5007278415015641,0.5001691405606399
2021,02,ITA.5_1,0.09832012122644153,0.25036432202383774
2021,02,ITA.6_1,0,0.26732863667769596
2021,02,ITA.8_1,0.4770445075632981,0.49112477961405665
