year,month,gid_1,est,se
2022,02,ESP.1_1,0.18417817379658075,0.313981673431105
2022,02,ESP.10_1,0.24318375549465646,0.41925321191078785
2022,02,ESP.11_1,0,0.4105815662056016
2022,02,ESP.12_1,0,0.4210187863315021
2022,02,ESP.13_1,0.1554,0.3611293596682696
2022,02,ESP.14_1,0,0.4426687331893043
2022,02,ESP.15_1,0.007063636363636364,0.08341437500789632
2022,02,ESP.16_1,0.022767667950218787,0.26269460391565475
2022,02,ESP.17_1,0,0.41512809027013736
2022,02,ESP.18_1,0.21493636363636365,0.40963251677424095
2022,02,ESP.2_1,0.07732104281635667,0.23213508209282563
2022,02,ESP.3_1,0,0.4210430824479572
2022,02,ESP.4_1,0.008996816782388357,0.24304726511641803
2022,02,ESP.5_1,0,0.4181574024603047
2022,02,ESP.6_1,0.2124684355692997,0.40374162498214183
2022,02,ESP.7_1,0,0.42166517337424
2022,02,ESP.8_1,0.013118181818181817,0.11333068359382575
2022,02,ESP.9_1,0.035318181818181825,0.18387171834952978
