year,month,gid_1,est,se
2022,02,ESP.10_1,0.01104417670682731,0.2086053068948541
2022,02,ESP.2_1,0,0
2022,02,ESP.6_1,0.03401826828389542,0.29231454309948623
