year,month,gid_1,est,se
2021,08,ESP.1_1,0.3175254598342933,0.2644793682391531
2021,08,ESP.10_1,0.523368596335487,0.4731457691014413
2021,08,ESP.11_1,0.1262335043502671,0.1949594058890719
2021,08,ESP.12_1,0.03250620748662818,0.2916962158648884
2021,08,ESP.13_1,0.792374025974026,0.4533251953743875
2021,08,ESP.14_1,0,0.055714740328886854
2021,08,ESP.15_1,0.1610805194805195,0.24955663555040872
2021,08,ESP.16_1,0.12121589882920038,0.33553227127815005
2021,08,ESP.17_1,0.7070961038961038,0.4851024531617145
2021,08,ESP.18_1,0,0.3431670463435904
2021,08,ESP.2_1,0.07855315868788011,0.2200518400647253
2021,08,ESP.3_1,0.06277402597402597,0.06018660664554938
2021,08,ESP.4_1,0,0.2179318560445195
2021,08,ESP.5_1,0.05649026213333454,0.28351442433701296
2021,08,ESP.6_1,0.541811474988432,0.28600098988566364
2021,08,ESP.7_1,0,0.41613997103047734
2021,08,ESP.8_1,0.6561662337662338,0.4955866173475744
2021,08,ESP.9_1,0,0.4322863882531098
