year,month,gid_1,est,se
2021,08,ESP.1_1,0.2024003732556302,0.29139237467021684
2021,08,ESP.10_1,0.38897049932717853,0.46712657324418483
2021,08,ESP.11_1,0.13047086794465212,0.32324612381890416
2021,08,ESP.12_1,1.648395880864383e-4,0.2654189798942678
2021,08,ESP.13_1,0.5508821203482456,0.5002461856388775
2021,08,ESP.14_1,0.012875570358086915,0.0996803067058506
2021,08,ESP.15_1,0.1349770932327375,0.32860155048170264
2021,08,ESP.16_1,0.07496893712277661,0.3389811858458332
2021,08,ESP.17_1,0.5640506172490005,0.5000540511325291
2021,08,ESP.18_1,0,0.3262904618058356
2021,08,ESP.2_1,0.06062899611055063,0.3230011262755381
2021,08,ESP.3_1,0.02194749483459146,0.14007005254378832
2021,08,ESP.4_1,0,0.349181840486045
2021,08,ESP.5_1,0.03962905771165345,0.377033817619146
2021,08,ESP.6_1,0.3852629240500729,0.28353658703245754
2021,08,ESP.7_1,0,0.476892009897726
2021,08,ESP.8_1,0.3818864101218913,0.4765743626372732
2021,08,ESP.9_1,0,0.4708085180417413
2021,08,ITA.1_1,0,0.19576978807425294
2021,08,ITA.10_1,0.30700223926196796,0.40859719845831405
2021,08,ITA.11_1,0,0.2674729584233866
2021,08,ITA.12_1,0,0.4670501690673607
2021,08,ITA.13_1,0,0.27510598401269015
2021,08,ITA.14_1,0.09105971983955226,0.311894479705919
2021,08,ITA.15_1,0.15435776787124028,0.33375348089003426
2021,08,ITA.16_1,0.2650912851382124,0.25639683682990383
2021,08,ITA.17_1,0.4599378002164306,0.4612515423771701
2021,08,ITA.18_1,0,0.2692338737110461
2021,08,ITA.19_1,0,0.46148018805140917
2021,08,ITA.2_1,0,0.30669836968198017
2021,08,ITA.20_1,0.3485166326014618,0.4322538550858011
2021,08,ITA.3_1,0.1785570879461908,0.3650484187252723
2021,08,ITA.4_1,0,0.42904190839304035
2021,08,ITA.5_1,0.2036783169807469,0.37727971325947873
2021,08,ITA.6_1,0.24453511926079746,0.3685769975474086
2021,08,ITA.7_1,0.8896597263247038,0.1845096487581328
2021,08,ITA.8_1,0.6589210718859771,0.22130119226137404
2021,08,ITA.9_1,0.20986837377218917,0.3562316610225645
