year,month,gid_1,est,se
2021,08,ESP.10_1,0.912,0.28343665312788385
2021,08,ESP.6_1,0.996,0.06315051850925682
