ID_0,est,se
ALB,0.99951504598864,0.2533710768631228
ARG,1,0.28299415733305855
AUT,0.547324,0.03578247986862073
BEL,0,0
BGR,0.9999999999049178,0.35556187072061207
BIH,0.94777783,0.3777751148239399
BRA,0.7726909599999999,0.3432129753741857
CHE,0.827594092,0.35596329440914465
CHN,0.91024137706732,0.27942300149434557
COL,0.728,0.44521254947969985
DEU,0.803,0.1989656687404572
ESP,1,0.05969370977720967
FJI,0.9133846744489581,0.42607222103481185
FRA,0.9975135831830153,0.23772656908410772
GRC,0.10245399999999993,0.14714633600537214
GTM,0.6873400000000001,0.4963067093233099
HND,0.945,0.2280943379986163
HRV,0.9999883302303479,0.3769875381631247
HUN,0.9495618130316343,0.15161807047939457
IND,0.2917272700000001,0.20506632320747437
ITA,1,0.2904918938279293
KOR,0.7006330000000001,0.38650092940082775
LKA,0.741,0.4383048152953731
MEX,0.048820000000000086,0.13527918639581485
MMR,0.4119999999999999,0.4924413655436538
NLD,0.506494,0.0014981322392896269
PAK,0,0
PAN,0.0030000000000000027,0.05471740119919799
PER,0.0050000000000000044,0.02352299107015654
PRT,0.96005051948,0.4761382075866289
PSE,0.475,0.499624483612067
ROU,0.697243726,0.26703585042023653
SLB,0.812,0.39090767299812473
SRB,0.90020357068819,0.3457868598276665
SVN,0.986579241204556,0.320867556999431
THA,0.671,0.47008507738491334
TUR,0.9998332991749135,0.38590403753671104
USA,0.7956369502517923,0.13672648979514812
XKO,0.548,0.4979396991041626
ZAF,0.46199999999999997,0.49880337288836046
