ID_0,est,se
ALB,0,0
ARG,0.53,0.49934892545128134
AUT,0,0
BEL,0,0
BGR,0,0
CHN,0,0
DEU,0,0
DOM,0.019,0.13659303663678343
ESP,0,0
FRA,0,0
GRC,0,0
GTM,0.137,0.3440194025768741
HND,0.015,0.12161327966052798
HRV,0,0
HUN,0,0
IND,0.034,0.25761926699381266
ITA,0,0
MEX,0.644,1.5746393841706974
NLD,0,0
PAK,0.03,0.24322655932105597
PER,0.098,0.4319520605143383
ROU,0,0
SRB,0,0
SVN,0,0
TUR,0,0
USA,0.093,0.290577761426155
VEN,0.026,0.15921478998305827
XKO,0,0
