year,month,gid_1,est,se
2020,09,ESP.1_1,0.49474075174058085,0.4662806248014592
2020,09,ESP.10_1,0.5885312247524319,0.3938946540020238
2020,09,ESP.11_1,0.055078095466045675,0.22593197098262896
2020,09,ESP.12_1,0.20019635577379535,0.35529308810598126
2020,09,ESP.13_1,0.7837563451776651,0.4197525368502163
2020,09,ESP.14_1,0.4989313593515671,0.5000675238512773
2020,09,ESP.15_1,0,0.21805400144814482
2020,09,ESP.16_1,0.27228014093465835,0.3929211573516215
2020,09,ESP.17_1,0.5086294416243655,0.500249187155011
2020,09,ESP.18_1,0.9827411167512691,0.17608806605504818
2020,09,ESP.2_1,0.33523595409014667,0.45144459835071354
2020,09,ESP.3_1,0,0.50022517452166
2020,09,ESP.4_1,0.1802250129433974,0.34751839547711233
2020,09,ESP.5_1,0.18695973304114555,0.3480352368538075
2020,09,ESP.6_1,0.6560428849864138,0.41068107674584475
2020,09,ESP.7_1,0,0.41910219117375974
2020,09,ESP.8_1,0.5411167512690356,0.49915945364198017
2020,09,ESP.9_1,0.25786802030456857,0.43551541152257023
2020,09,ITA.10_1,0.48254530090444925,0.49924639828500883
2020,09,ITA.15_1,0.20710659898477157,0.40317061716666125
2020,09,ITA.16_1,0.47185942606783426,0.49852930785666405
2020,09,ITA.17_1,0.2820255111896643,0.4149530608793148
2020,09,ITA.2_1,0.1259788044986922,0.31993320576497414
2020,09,ITA.20_1,0.39863630340488126,0.4637764804869421
2020,09,ITA.5_1,0.48832487309644673,0.4998888765404656
2020,09,ITA.6_1,0.3852808037990205,0.4639814630163429
2020,09,ITA.7_1,0.34010152284263967,0.4722266383824593
2020,09,ITA.8_1,0.6954314720812185,0.4647483092933109
