year,month,gid_1,est,se
2019,12,ESP.1_1,0.08140062791750073,0.2299914458994831
2019,12,ESP.10_1,0.21387791386073318,0.3938316161490207
2019,12,ESP.11_1,0,0.3134564690880332
2019,12,ESP.12_1,0,0.2861329990186062
2019,12,ESP.13_1,0.3120662766713606,0.46272558884720916
2019,12,ESP.14_1,0,0.37650844096408165
2019,12,ESP.15_1,0.0010066654086172922,0.03162283984742673
2019,12,ESP.16_1,0.0066274558392371355,0.18288197163350864
2019,12,ESP.17_1,0,0.2863255313646019
2019,12,ESP.18_1,0.7147324401182774,0.45399001149125334
2019,12,ESP.2_1,0.005140505379260735,0.06616327874365684
2019,12,ESP.3_1,0,0.2698742728759533
2019,12,ESP.4_1,0.004679589794132004,0.16725287616122536
2019,12,ESP.5_1,0,0.3053672733903792
2019,12,ESP.6_1,0.10744438364284557,0.3001398124141053
2019,12,ESP.8_1,0.0020133308172345845,0.0446990602811956
2019,12,ESP.9_1,0.0010066654086172922,0.03162283984742673
