year,month,gid_1,est,se
2019,12,ESP.1_1,0,0
2019,12,ESP.10_1,0,0
2019,12,ESP.11_1,0,0.059072530804215866
2019,12,ESP.12_1,0,0.06472117220142319
2019,12,ESP.13_1,0,0
2019,12,ESP.14_1,0,0.07362238318552165
2019,12,ESP.15_1,0,0
2019,12,ESP.16_1,0,0
2019,12,ESP.17_1,0,0.06315670816996571
2019,12,ESP.18_1,0,0
2019,12,ESP.2_1,0,0
2019,12,ESP.3_1,0,0.06315670816996571
2019,12,ESP.4_1,0,0
2019,12,ESP.5_1,0,0.06485140115230562
2019,12,ESP.6_1,0,0
2019,12,ESP.8_1,0,0
2019,12,ESP.9_1,0,0.04470335202617074
