year,month,gid_1,est,se
2019,12,AND.4_1,0,0.296105857217784
2019,12,AND.5_1,0,0.28050433629924987
2019,12,AND.6_1,0,0.2988114594326802
2019,12,AUT.5_1,0,0.2863249587129666
2019,12,AUT.7_1,0,0.2941114346602435
2019,12,BEL.1_1,0,0.3001501125938321
2019,12,BEL.2_1,0,0.29420483520010726
2019,12,BGR.21_1,0,0.22213812222431642
2019,12,CHE.19_1,0,0.2933616557443407
2019,12,CHE.4_1,0,0.3034072701750961
2019,12,DEU.1_1,0,0.13223392907467202
2019,12,DEU.10_1,0,0.30182878647662564
2019,12,DEU.11_1,0,0.28632495871296654
2019,12,DEU.13_1,0,0.2946812003784402
2019,12,DEU.3_1,0,0.290577761426155
2019,12,DEU.7_1,0,0.29891809425912025
2019,12,DEU.8_1,0,0.3190277437679036
2019,12,ESP.1_1,0,0
2019,12,ESP.10_1,0,0
2019,12,ESP.11_1,0,0.2797394368696658
2019,12,ESP.12_1,0,0.2736650264694253
2019,12,ESP.13_1,0,0
2019,12,ESP.14_1,0,0.28710341578568316
2019,12,ESP.15_1,0,0
2019,12,ESP.16_1,0,0
2019,12,ESP.17_1,0,0.27450200609713465
2019,12,ESP.18_1,0.00501002004008016,0.07056897321046962
2019,12,ESP.2_1,0,0
2019,12,ESP.3_1,0,0.26352313834736496
2019,12,ESP.4_1,0,0
2019,12,ESP.5_1,0,0.28430873435017257
2019,12,ESP.6_1,0,0
2019,12,ESP.8_1,0,0
2019,12,ESP.9_1,0,0.03162277660168379
2019,12,FRA.1_1,0,0.03162277660168379
2019,12,FRA.11_1,0,0.08217588151268684
2019,12,FRA.12_1,0,0.27297163499805893
2019,12,FRA.13_1,0,0
2019,12,FRA.4_1,0,0.29944435014387233
2019,12,FRA.8_1,0,0.2851974986185844
2019,12,HUN.14_1,0.002004008016032064,0.04469897088298564
2019,12,HUN.5_1,0,0.03162277660168379
2019,12,ITA.10_1,0,0
2019,12,ITA.13_1,0,0
2019,12,ITA.16_1,0,0
2019,12,ITA.17_1,0,0
2019,12,ITA.6_1,0.003006012024048096,0.054717401199198
2019,12,ITA.8_1,0,0
2019,12,LUX.3_1,0,0.30541328929383094
2019,12,NLD.11_1,0,0.2802613551000672
2019,12,NLD.12_1,0,0.3142893217686178
2019,12,NLD.14_1,0,0.07624585464830935
2019,12,NLD.2_1,0,0.3027997484934353
2019,12,NLD.3_1,0,0.2923734578433251
2019,12,NLD.4_1,0,0.30877025370118955
2019,12,NLD.5_1,0,0.3067068128833611
2019,12,NLD.7_1,0,0.2909417440573667
2019,12,NLD.8_1,0,0.2720466364218455
2019,12,NLD.9_1,0,0.2868508710822774
2019,12,POL.6_1,0,0.29705439603310185
2019,12,PRT.12_1,0,0.2724812583981139
2019,12,PRT.14_1,0,0.3001501125938321
2019,12,PRT.18_1,0,0.290577761426155
2019,12,PRT.2_1,0,0.2947386484173239
