year,month,gid_3,est,se
2014,06,ESP.10.1.1_1,0.347,0.4762539425745658
2014,06,ESP.10.1.2_1,0.071,0.25695335184625445
2014,06,ESP.10.1.3_1,0.006,0.07726558075864033
2014,06,ESP.10.1.4_1,0.614,0.48707416400507353
2014,06,ESP.10.1.5_1,0.49,0.5001501276118503
2014,06,ESP.10.1.6_1,0.433,0.4957385972029581
2014,06,ESP.10.1.7_1,0.967,0.17872588772459053
2014,06,ESP.10.1.8_1,0.002,0.04469897088298564
2014,06,ESP.10.1.9_1,0.001,0.03162277660168379
2014,06,ESP.10.2.1_1,0.132,0.3386601403925338
2014,06,ESP.10.2.2_1,0.604,0.48930912869414506
2014,06,ESP.10.2.3_1,0.442,0.49687310541312546
2014,06,ESP.10.2.5_1,0.492,0.5001861515337926
2014,06,ESP.10.2.7_1,0.499,0.500249187155011
2014,06,ESP.10.2.8_1,0.194,0.39562674393994207
2014,06,ESP.10.3.1_1,0.836,0.3704608498090469
2014,06,ESP.10.3.10_1,0.991,0.09448771310560929
2014,06,ESP.10.3.11_1,0.913,0.2819760814510878
2014,06,ESP.10.3.12_1,0.007,0.08341437500789632
2014,06,ESP.10.3.13_1,0.626,0.48410573055723927
2014,06,ESP.10.3.14_1,0.031,0.17340435135563662
2014,06,ESP.10.3.16_1,0.069,0.2535809600567505
2014,06,ESP.10.3.17_1,0.721,0.4487319471135974
2014,06,ESP.10.3.18_1,0.388,0.48753840227585526
2014,06,ESP.10.3.2_1,0.054,0.2261307920985887
2014,06,ESP.10.3.3_1,0.216,0.4117201883725323
2014,06,ESP.10.3.4_1,0.003,0.05471740119919799
2014,06,ESP.10.3.5_1,0.252,0.4343785039394614
2014,06,ESP.10.3.6_1,0.067,0.25014710386805117
2014,06,ESP.10.3.7_1,0.897,0.304110972316823
2014,06,ESP.10.3.8_1,0.887,0.3167512136225074
2014,06,ESP.10.3.9_1,0.788,0.40892936214366316
