year,month,gid_3,est,se
2017,08,ESP.10.1.1_1,0.001979456168128698,0.02328605245347268
2017,08,ESP.10.1.4_1,0.002138663334463158,0.019808448836376717
2017,08,ESP.10.1.6_1,0.002659035736800168,0.02470728489062881
2017,08,ESP.10.1.7_1,0.009373423194708203,0.056031467680692025
2017,08,ESP.10.1.9_1,0.004511656215542003,0.0421480330074526
2017,08,ESP.10.2.5_1,0.001465202667433116,0.013468425072720655
2017,08,ESP.10.2.7_1,0.001990275191513492,0.01841150852701235
2017,08,ESP.10.2.8_1,0.007782985715204042,0.0481822085681572
2017,08,ESP.10.3.1_1,0.016479064324147048,0.10804139631977229
2017,08,ESP.10.3.13_1,0.004813399861578273,0.02925686081520541
2017,08,ESP.10.3.4_1,0.028469036908527742,0.20608788025490238
2017,08,ESP.10.3.7_1,0.028997275474212058,0.19988675173707676
2017,08,ESP.10.3.8_1,0.02408913446711627,0.15854677032896558
2017,08,ESP.18.1.5_1,0.0026033113874602137,0.0221004643555309
2017,08,ESP.2.2.1_1,0.0010064688119185046,0.004385610602071062
2017,08,ESP.2.3.2_1,4.3173006317225255e-4,0.0017772040762669263
2017,08,ESP.6.1.10_1,0.005278140932331426,0.039558741463584436
2017,08,ESP.6.1.11_1,0.003916583023880649,0.0335408654645056
2017,08,ESP.6.1.12_1,0.005547194818907813,0.03393337984221653
2017,08,ESP.6.1.3_1,0.007179088260717099,0.05414845412201196
2017,08,ESP.6.1.5_1,0.006147146079434735,0.039472068392657336
2017,08,ESP.6.1.6_1,0.015523061686427992,0.09042518733822934
2017,08,ESP.6.1.9_1,0.003243840928719582,0.02127993029868743
2017,08,ESP.6.2.4_1,0.003880526473900638,0.027146451788937504
2017,08,ESP.6.2.5_1,0.0035749022172413924,0.01960866776013426
2017,08,ESP.6.2.6_1,0.0030963823481247074,0.021439889353502682
2017,08,ESP.6.2.7_1,0.007520848879787442,0.04149007432803586
2017,08,ESP.6.3.10_1,0.003988936022145604,0.024002503595007187
2017,08,ESP.6.4.2_1,0.008961789577130992,0.0641250430916046
2017,08,ESP.6.4.3_1,0.0036525866660586308,0.020916274636472897
2017,08,ESP.6.4.7_1,0.0012873361872638865,0.009703037640735735
