ID_1,est,se
ESP.1_1,0.9999999900648073,0.16507463210264717
ESP.10_1,1,0.010540925533894597
ESP.11_1,0,0
ESP.12_1,0,0
ESP.13_1,1,0
ESP.14_1,0,0
ESP.15_1,0.014000000000000012,0.11754921445002436
ESP.16_1,0.08230000000000004,0.13312460692146433
ESP.17_1,0,0
ESP.18_1,0.996,0.06315051850925682
ESP.2_1,0.9981053559999999,0.24585751251109395
ESP.3_1,0,0
ESP.4_1,0.07615502200000002,0.09360001836684259
ESP.5_1,0,0
ESP.6_1,1,0.026986131021588304
ESP.7_1,0,0
ESP.8_1,0.039000000000000035,0.19369180807797864
ESP.9_1,0.01100000000000001,0.10435463521037237
