year,month,gid_1,est,se
2017,08,AND.2_1,0,0.34922479573758497
2017,08,AND.4_1,0,0.34819569244928955
2017,08,AND.5_1,0,0.3397446488562056
2017,08,AND.6_1,0,0.34189456253630574
2017,08,AND.7_1,0,0.3386601403925338
2017,08,AUT.8_1,0,0.3480240591803566
2017,08,AUT.9_1,0,0.20519772441746548
2017,08,BEL.2_1,0,0.3248882842827273
2017,08,BEL.3_1,0,0.3221522308114672
2017,08,CHE.16_1,0,0.3142893217686178
2017,08,CHE.8_1,0,0.3461196307619647
2017,08,DEU.10_1,0,0.33815460864666186
2017,08,DEU.2_1,0,0.31490717595176565
2017,08,DEU.3_1,0,0.3532829019480122
2017,08,DEU.6_1,0,0.3461196307619647
2017,08,ESP.1_1,0.20816756794756952,0.34975741192690696
2017,08,ESP.10_1,0.549729221920541,0.48619382904915015
2017,08,ESP.11_1,0,0.346584954265183
2017,08,ESP.12_1,0,0.33909695336647144
2017,08,ESP.13_1,0.496,0.5002341793942455
2017,08,ESP.14_1,0,0.3338011745667789
2017,08,ESP.15_1,0,0.08912880535463237
2017,08,ESP.16_1,0,0.19600352106664243
2017,08,ESP.17_1,0,0.3461196307619647
2017,08,ESP.18_1,0.634,0.48195049151990316
2017,08,ESP.2_1,0.20873834110780531,0.31167994143188865
2017,08,ESP.3_1,0,0.32744957355785825
2017,08,ESP.4_1,0,0.12831379650497235
2017,08,ESP.5_1,0,0.3341867613342236
2017,08,ESP.6_1,0.5678494244792384,0.46683024686729246
2017,08,ESP.8_1,0,0.13659303663678343
2017,08,ESP.9_1,0,0.07056897321046962
2017,08,FRA.1_1,0,0.24786897057950324
2017,08,FRA.10_1,0,0.12161327966052798
2017,08,FRA.11_1,0.19376456456527222,0.2692172658386929
2017,08,FRA.2_1,0,0.3331078448674782
2017,08,FRA.8_1,0,0.3251241389157466
2017,08,FRA.9_1,0,0.3440194025768741
2017,08,GRC.6_1,0,0.13659303663678343
2017,08,HRV.16_1,0.635,0.4816710568500115
2017,08,HRV.20_1,0,0.33536766610911
2017,08,ITA.10_1,0,0.1293357171384909
2017,08,ITA.15_1,0,0.18112981430194025
2017,08,ITA.16_1,0.752,0.432067914433232
2017,08,ITA.20_1,0,0.239450070654273
2017,08,NLD.1_1,0,0.30541328929383094
2017,08,NLD.12_1,0,0.32744957355785825
2017,08,NLD.5_1,0,0.3117951510466707
2017,08,PRT.1_1,0,0.3532829019480122
2017,08,PRT.19_1,0,0.3471606552023436
2017,08,PRT.4_1,0,0.3386601403925338
2017,08,PRT.6_1,0,0.3552776691859794
2017,08,PRT.7_1,0,0.3408227694273963
2017,08,ROU.15_1,0,0.32973430949836147
2017,08,ROU.27_1,0,0.3342569785774528
2017,08,SRB.3_1,0,0.1626265357167321
