year,month,gid_1,est,se
2020,09,ESP.1_1,0,0.3318793568274597
2020,09,ESP.10_1,0,0.34603828813351284
2020,09,ESP.11_1,0,0.33194004952686423
2020,09,ESP.12_1,0,0.34145595680324436
2020,09,ESP.13_1,0,0.3427477993486648
2020,09,ESP.14_1,0,0.3365084881903996
2020,09,ESP.15_1,0,0.3182195664029531
2020,09,ESP.16_1,0.04289085320449142,0.14547017241162413
2020,09,ESP.17_1,0.326,0.453526179176188
2020,09,ESP.18_1,0,0.3207908859563536
2020,09,ESP.2_1,0,0.32459856279142063
2020,09,ESP.3_1,0,0.13916724612805506
2020,09,ESP.4_1,0,0.3285904019380741
2020,09,ESP.5_1,0,0.3212808332648017
2020,09,ESP.6_1,0,0.32430807324953403
2020,09,ESP.7_1,0,0.335658803198097
2020,09,ESP.8_1,0,0.31821956640295324
2020,09,ESP.9_1,0,0.335658803198097
