year,month,gid_2,est,se
2014,01,ESP.10.1_1,0,0
2014,01,ESP.10.2_1,0,0
2014,01,ESP.10.3_1,0,0
2014,01,ESP.15.1_1,0.006183693484617687,0.13187500943749375
2014,01,ESP.18.1_1,0,0
2014,01,ESP.2.1_1,0,0
2014,01,ESP.2.2_1,3.6924331213938525e-4,0.019337145480703054
2014,01,ESP.2.3_1,3.069475402799065e-4,0.016074737297058835
2014,01,ESP.4.1_1,3.8635934661386556e-4,0.020233506329510566
2014,01,ESP.4.3_1,0.001631754536178806,0.038139794561984
2014,01,ESP.6.1_1,0.0027391581007778936,0.07161660939304848
2014,01,ESP.6.2_1,0,0
2014,01,ESP.6.3_1,0,0
2014,01,ESP.6.4_1,0,0
2014,01,ESP.9.1_1,0.009427392469225459,0.11223964210261761
2014,01,FRA.10.11_1,0.04590396835720059,0.277229644672953
2014,01,FRA.11.11_1,0,0
2014,01,FRA.11.6_1,0.03001305385046,0.25020898877333547
