ID_0,est,se
ALB,0,0
ARG,0.205,0.403903624814309
AUT,0,0
BEL,0,0
BGR,0,0
CHN,0,0
DEU,0,0
DOM,0.04,0.19605723255834873
ESP,0,0
FRA,0,0
GRC,0,0
GTM,0.178,0.38270414482007176
HND,0.144,0.35126540875438816
HRV,0,0
HUN,0,0
IND,0.287,0.7015018161336066
ITA,0,0
MEX,0.902,2.256501086812697
NLD,0,0
PAK,0.23,0.6383631470468103
PER,0.488,0.8594152631845648
ROU,0,0
SRB,0,0
SVN,0,0
TUR,0,0
USA,0.008,0.08912880535463237
VEN,0.136,0.3429600875052688
XKO,0,0
