year,month,gid_3,est,se
2021,11,ESP.10.1.1_1,0.496,0.5002341793942455
2021,11,ESP.10.1.2_1,0.537,0.4988786223921405
2021,11,ESP.10.1.4_1,0.982,0.13301764429463367
2021,11,ESP.10.1.5_1,0.177,0.3818596821043259
2021,11,ESP.10.1.6_1,0.923,0.26672484350382913
2021,11,ESP.10.1.7_1,1,0
2021,11,ESP.10.1.8_1,0.477,0.4997206426802086
2021,11,ESP.10.1.9_1,0.434,0.4958728565770563
2021,11,ESP.10.2.3_1,0.236,0.4248346554654934
2021,11,ESP.10.2.5_1,0.965,0.18387171834952978
2021,11,ESP.10.2.7_1,0.675,0.46860921309188386
2021,11,ESP.10.2.8_1,1,0
2021,11,ESP.10.3.1_1,0.327,0.46935199082489393
2021,11,ESP.10.3.10_1,0.986,0.11754921445002436
2021,11,ESP.10.3.11_1,1,0
2021,11,ESP.10.3.12_1,0.998,0.04469897088298564
2021,11,ESP.10.3.13_1,0.706,0.45581988961844544
2021,11,ESP.10.3.14_1,0.859,0.34819569244928955
2021,11,ESP.10.3.16_1,0.02,0.14007005254378832
2021,11,ESP.10.3.18_1,0.19,0.3924972026066607
2021,11,ESP.10.3.2_1,0.997,0.05471740119919799
2021,11,ESP.10.3.4_1,0.692,0.4618975528722244
2021,11,ESP.10.3.6_1,0.012,0.10893974420691407
2021,11,ESP.10.3.7_1,0.998,0.04469897088298564
2021,11,ESP.10.3.8_1,0.99,0.0995485304256668
