year,month,gid_3,est,se
2021,11,ESP.10.1.1_1,0.835,0.37136627864268035
2021,11,ESP.10.1.2_1,0.57,0.49532347546360583
2021,11,ESP.10.1.4_1,0.993,0.08341437500789632
2021,11,ESP.10.1.5_1,0.283,0.4506818324651152
2021,11,ESP.10.1.6_1,0.992,0.08912880535463237
2021,11,ESP.10.1.7_1,0.999,0.03162277660168379
2021,11,ESP.10.1.8_1,0.622,0.48513024163759505
2021,11,ESP.10.1.9_1,0.954,0.20958990416508122
2021,11,ESP.10.2.3_1,0.129,0.33536766610911
2021,11,ESP.10.2.5_1,0.884,0.3203851535989872
2021,11,ESP.10.2.7_1,0.643,0.4793545460103417
2021,11,ESP.10.2.8_1,0.343,0.47494902524015836
2021,11,ESP.10.3.1_1,0.928,0.2586172517116422
2021,11,ESP.10.3.10_1,0.99,0.0995485304256668
2021,11,ESP.10.3.11_1,0.995,0.07056897321046962
2021,11,ESP.10.3.12_1,0.672,0.46971974265154814
2021,11,ESP.10.3.13_1,0.984,0.12553788177183714
2021,11,ESP.10.3.14_1,0.994,0.07726558075864033
2021,11,ESP.10.3.16_1,0.649,0.4775217555536366
2021,11,ESP.10.3.18_1,0.107,0.30926792049394103
2021,11,ESP.10.3.2_1,0.994,0.07726558075864033
2021,11,ESP.10.3.4_1,0.987,0.11333068359382575
2021,11,ESP.10.3.6_1,0.676,0.4682341756463781
2021,11,ESP.10.3.7_1,0.983,0.1293357171384909
2021,11,ESP.10.3.8_1,0.989,0.10435463521037237
