year,month,gid_3,est,se
2021,11,ESP.10.1.1_1,0.509,0.5001691405606399
2021,11,ESP.10.1.2_1,0.519,0.4998888765404656
2021,11,ESP.10.1.4_1,0.987,0.11333068359382575
2021,11,ESP.10.1.5_1,0.179,0.38354413840665863
2021,11,ESP.10.1.6_1,0.928,0.2586172517116422
2021,11,ESP.10.1.7_1,1,0
2021,11,ESP.10.1.7_1,1,0
2021,11,ESP.10.1.7_1,1,0
2021,11,ESP.10.1.8_1,0.495,0.50022517452166
2021,11,ESP.10.1.9_1,0.409,0.49189527438364455
2021,11,ESP.10.2.3_1,0.226,0.41844844258175834
2021,11,ESP.10.2.5_1,0.967,0.17872588772459053
2021,11,ESP.10.2.7_1,0.646,0.4784484433174727
2021,11,ESP.10.2.8_1,1,0
2021,11,ESP.10.3.1_1,0.346,0.4759312035478558
2021,11,ESP.10.3.10_1,0.975,0.15620307103062794
2021,11,ESP.10.3.11_1,1,0
2021,11,ESP.10.3.12_1,0.998,0.04469897088298564
2021,11,ESP.10.3.13_1,0.705,0.45627095369219284
2021,11,ESP.10.3.13_1,0.705,0.45627095369219284
2021,11,ESP.10.3.14_1,0.862,0.3450725649411658
2021,11,ESP.10.3.16_1,0.016,0.12553788177183714
2021,11,ESP.10.3.18_1,0.215,0.4110279113928201
2021,11,ESP.10.3.2_1,0.996,0.06315051850925682
2021,11,ESP.10.3.4_1,0.707,0.45536618051668964
2021,11,ESP.10.3.6_1,0.017,0.1293357171384909
2021,11,ESP.10.3.7_1,0.999,0.03162277660168379
2021,11,ESP.10.3.8_1,0.986,0.11754921445002436
