year,month,gid_3,est,se
2018,05,DOM.5.1_1,0.046,0.20958990416508122
2018,05,IND.20.26.7_1,0.041,0.19838941090279583
2018,05,PRI.65_1,0.023,0.1499783100768024
2018,05,USA.10.43_1,0.029,0.1678904023081343
