year,month,gid_1,est,se
2020,06,ESP.1_1,0.8732013699286039,0.24060306174168375
2020,06,ESP.10_1,0.8588249975122807,0.19865606654651588
2020,06,ESP.11_1,0.514031490504257,0.5002128267622643
2020,06,ESP.12_1,0.6779207090057491,0.42068513929328266
2020,06,ESP.13_1,1,0
2020,06,ESP.14_1,0.9732631852817247,0.15541850508687813
2020,06,ESP.15_1,0.563,0.49642275698460486
2020,06,ESP.16_1,0.7992513815709837,0.3073832673125983
2020,06,ESP.17_1,0.991,0.09451807069850422
2020,06,ESP.18_1,1,0
2020,06,ESP.2_1,0.7260449696970105,0.3543948659177443
2020,06,ESP.3_1,0.941,0.2358183432065127
2020,06,ESP.4_1,0.618983021122953,0.4517680781330281
2020,06,ESP.5_1,0.634934940655776,0.448880178533586
2020,06,ESP.6_1,0.9732867734531818,0.12363494168839254
2020,06,ESP.7_1,0.4941266349893402,0.49785435836400577
2020,06,ESP.8_1,0.9929999999999999,0.08344117489070484
2020,06,ESP.9_1,0.572,0.4951954723173487
