year,month,gid_2,est,se
2019,07,ESP.1.1_1,0.798,0.40169311340544206
2019,07,ESP.1.2_1,0.234,0.42358402168096876
2019,07,ESP.1.3_1,0.025,0.15620307103062794
2019,07,ESP.1.4_1,0.724,0.44724045436881493
2019,07,ESP.1.5_1,0,0.5000810745080052
2019,07,ESP.1.6_1,0.279,0.4487319471135974
2019,07,ESP.1.7_1,0.864,0.3429600875052688
2019,07,ESP.1.8_1,0.043,0.2029585972364615
2019,07,ESP.10.1_1,0.922,0.26830577330349786
2019,07,ESP.10.2_1,0.781,0.41377555535605315
2019,07,ESP.10.3_1,0.757,0.4291097005838194
2019,07,ESP.11.1_1,0,0.49261919742705285
2019,07,ESP.11.2_1,0,0.494741112874975
2019,07,ESP.12.1_1,0,0.49687310541312546
2019,07,ESP.12.2_1,0,0.4958728565770563
2019,07,ESP.12.3_1,0,0.49546390835709164
2019,07,ESP.12.4_1,0,0.4957385972029581
2019,07,ESP.13.1_1,0.942,0.2338604085575211
2019,07,ESP.14.1_1,0,0.49380547166252
2019,07,ESP.14.2_1,0,0.49314012936201734
2019,07,ESP.15.1_1,0,0.08341437500789632
2019,07,ESP.16.1_1,0,0.362085771753194
2019,07,ESP.16.2_1,0.046,0.20958990416508122
2019,07,ESP.16.3_1,0.131,0.33756918246924283
2019,07,ESP.17.1_1,0,0.49428262696084646
2019,07,ESP.18.1_1,0.945,0.22809433799861634
2019,07,ESP.2.1_1,0.016,0.12553788177183714
2019,07,ESP.2.2_1,0.086,0.28050433629924987
2019,07,ESP.2.3_1,0.068,0.2518718710762269
2019,07,ESP.3.1_1,0,0.4909429956981004
2019,07,ESP.4.1_1,0,0.26672484350382913
2019,07,ESP.4.2_1,0,0.2338604085575211
2019,07,ESP.4.3_1,0,0.11333068359382575
2019,07,ESP.4.4_1,0,0.25527468571161765
2019,07,ESP.4.5_1,0,0.06315051850925682
2019,07,ESP.5.1_1,0,0.4927949338688932
2019,07,ESP.5.2_1,0,0.49396660110072527
2019,07,ESP.5.3_1,0,0.49152069396170145
2019,07,ESP.5.4_1,0,0.4924413655436538
2019,07,ESP.5.6_1,0,0.4933095928059319
2019,07,ESP.5.7_1,0,0.49226143594773025
2019,07,ESP.5.8_1,0,0.4882185549089233
2019,07,ESP.5.9_1,0,0.4924413655436538
2019,07,ESP.6.1_1,0.868,0.3386601403925338
2019,07,ESP.6.2_1,0.745,0.4360793106364542
2019,07,ESP.6.3_1,0.562,0.4963893657225167
2019,07,ESP.6.4_1,0.666,0.47187568984497036
2019,07,ESP.8.1_1,0.015,0.12161327966052798
2019,07,ESP.9.1_1,0,0.06315051850925682
