year,month,gid_2,est,se
2019,07,ESP.1.1_1,0.875,0.33088439746304826
2019,07,ESP.1.2_1,0.33,0.47044800065609943
2019,07,ESP.1.3_1,0.068,0.2518718710762269
2019,07,ESP.1.4_1,0.818,0.3860375953518323
2019,07,ESP.1.5_1,0,0.4929685771101623
2019,07,ESP.1.6_1,0.6,0.4901430813958718
2019,07,ESP.1.7_1,0.867,0.3397446488562056
2019,07,ESP.1.8_1,0.068,0.2518718710762269
2019,07,ESP.10.1_1,0.921,0.26987373312686774
2019,07,ESP.10.2_1,0.856,0.35126540875438816
2019,07,ESP.10.3_1,0.843,0.3639828065767441
2019,07,ESP.11.1_1,0,0.49721446300587663
2019,07,ESP.11.2_1,0,0.49663532561291557
2019,07,ESP.12.1_1,0,0.4990230696310783
2019,07,ESP.12.2_1,0,0.49946517943242597
2019,07,ESP.12.3_1,0,0.4992246240173107
2019,07,ESP.12.4_1,0,0.4933095928059319
2019,07,ESP.13.1_1,0.94,0.237605674293474
2019,07,ESP.14.1_1,0,0.49170903772228736
2019,07,ESP.14.2_1,0,0.4920794063381866
2019,07,ESP.15.1_1,0.065,0.24664921616708177
2019,07,ESP.16.1_1,0,0.4990230696310783
2019,07,ESP.16.2_1,0.22,0.4144535821678608
2019,07,ESP.16.3_1,0.477,0.4997206426802086
2019,07,ESP.17.1_1,0,0.4960050614873008
2019,07,ESP.18.1_1,0.959,0.19838941090279583
2019,07,ESP.2.1_1,0.063,0.24308453280719053
2019,07,ESP.2.2_1,0.218,0.4130939925085411
2019,07,ESP.2.3_1,0.201,0.40094857495663927
2019,07,ESP.3.1_1,0,0.5001691405606399
2019,07,ESP.4.1_1,0.354,0.4784484433174727
2019,07,ESP.4.2_1,0,0.4982200550190881
2019,07,ESP.4.3_1,0.091,0.28775302222878874
2019,07,ESP.4.4_1,0,0.4988786223921405
2019,07,ESP.4.5_1,0.07,0.25527468571161765
2019,07,ESP.5.1_1,0,0.4984821807090846
2019,07,ESP.5.2_1,0,0.49687310541312546
2019,07,ESP.5.3_1,0,0.49812863010685515
2019,07,ESP.5.4_1,0,0.498951854343636
2019,07,ESP.5.5_1,0,0.494741112874975
2019,07,ESP.5.6_1,0,0.499624483612067
2019,07,ESP.5.7_1,0,0.5002011607355596
2019,07,ESP.5.8_1,0,0.49864681754589457
2019,07,ESP.5.9_1,0,0.4985655098054493
2019,07,ESP.6.1_1,0.899,0.3014795016081357
2019,07,ESP.6.2_1,0.858,0.34922479573758497
2019,07,ESP.6.3_1,0.683,0.46554025360620294
2019,07,ESP.6.4_1,0.796,0.40317061716666125
2019,07,ESP.7.1_1,0,0.4933095928059319
2019,07,ESP.7.2_1,0,0.49560228169533443
2019,07,ESP.8.1_1,0.066,0.24840633185509925
2019,07,ESP.9.1_1,0.061,0.239450070654273
