year,month,gid_1,est,se
2019,05,ARG.24_1,4.8199975423016166e-4,0.0011696170294064009
2019,05,DOM.5_1,0.9277105549427245,0.9700813733302442
2019,05,GTM.7_1,0.005536384761208212,0.013796813388766878
2019,05,HND.8_1,0.0015423578788390446,0.00371167586079317
2019,05,IND.20_1,3.076708678301898e-5,6.84521143782496e-5
2019,05,IND.34_1,3.57622064361648e-5,8.158255345447797e-5
2019,05,MEX.14_1,5.181582298825385e-4,6.465770610112186e-4
2019,05,MEX.16_1,1.6622422285981976e-4,4.4188966208655187e-4
2019,05,MEX.17_1,0.004595001455587058,0.008171364888066026
2019,05,MEX.31_1,3.308506569037759e-4,7.61504892574031e-4
2019,05,MEX.9_1,0.003596134317561739,0.01345650674548621
2019,05,PAK.7_1,2.839983995511101e-5,7.575426045895977e-5
2019,05,PER.13_1,0.0010759563900975318,0.0018044749371807177
2019,05,PRI.52_1,0.29776377726391196,0.5038326393027727
2019,05,PRI.65_1,0.23742318360517717,0.3952645863837068
2019,05,USA.5_1,3.3249658129692145e-6,8.032911949805563e-6
2019,05,VEN.14_1,0.0010499098806459298,0.002071086691076435
