year,month,gid_1,est,se
2015,06,ESP.1_1,0.2547930414014939,0.3679631706726971
2015,06,ESP.10_1,0.8367082930167349,0.3700844849383159
2015,06,ESP.11_1,0,0.499012989040652
2015,06,ESP.12_1,0,0.49966522112595146
2015,06,ESP.13_1,0.9485454545454545,0.237605674293474
2015,06,ESP.14_1,0,0.49457562423704376
2015,06,ESP.15_1,0.30373636363636364,0.4589222261011223
2015,06,ESP.16_1,0.04967322670706743,0.372608946264757
2015,06,ESP.17_1,0,0.49957339157882863
2015,06,ESP.18_1,0.911209090909091,0.296105857217784
2015,06,ESP.2_1,0.37791199907015743,0.40323078439935145
2015,06,ESP.3_1,0,0.4991594536419802
2015,06,ESP.4_1,0.07517274848330553,0.3893748444394876
2015,06,ESP.5_1,0,0.4997344266509776
2015,06,ESP.6_1,0.6907480149332833,0.3898444273544949
2015,06,ESP.7_1,0,0.498638861954109
2015,06,ESP.8_1,0.24319090909090907,0.42790431418963526
2015,06,ESP.9_1,0.08577272727272728,0.2790212408632233
