year,month,gid_1,est,se
2015,06,ESP.1_1,0.15865863707932634,0.31365034561249017
2015,06,ESP.10_1,0.5835738129936457,0.3854085896531932
2015,06,ESP.11_1,0,0.49330357498653243
2015,06,ESP.12_1,0,0.4956511492711221
2015,06,ESP.13_1,0.998,0.04469932847904386
2015,06,ESP.14_1,0,0.49140151149673356
2015,06,ESP.15_1,0.111,0.3142918361133641
2015,06,ESP.16_1,0.008250534730782964,0.27622382235897447
2015,06,ESP.17_1,0,0.4968770804456692
2015,06,ESP.18_1,0.93,0.25527672793361
2015,06,ESP.2_1,0.028,0.16505659375532236
2015,06,ESP.3_1,0,0.49518494275800107
2015,06,ESP.4_1,0.031582446019960644,0.32036693266137645
2015,06,ESP.5_1,0,0.4937147314095381
2015,06,ESP.6_1,0.6208823691406642,0.21870519787287826
2015,06,ESP.7_1,0,0.495040384313012
2015,06,ESP.8_1,0.282,0.4502020897212985
2015,06,ESP.9_1,0.016,0.12553888608694314
