year,month,gid_1,est,se
2015,06,AUT.3_1,0,0.28775474876936713
2015,06,AUT.9_1,0.07107296137339056,0.2535824815622904
2015,06,BEL.1_1,0,0.2552762173796436
2015,06,CHE.24_1,0,0.27862266519186646
2015,06,DEU.11_1,0,0.28197777332957097
2015,06,DEU.3_1,0,0.2905795049153889
2015,06,DEU.7_1,0,0.27619002848830243
2015,06,DEU.9_1,0,0.2891723068883158
2015,06,ESP.1_1,0.21643705571774202,0.3873630795619716
2015,06,ESP.10_1,0.8237475338467093,0.39987992807905615
2015,06,ESP.11_1,0,0.29200484132395965
2015,06,ESP.12_1,0,0.26659189951118534
2015,06,ESP.13_1,0.9054077253218883,0.3262924195740574
2015,06,ESP.14_1,0,0.29134102214881413
2015,06,ESP.15_1,0,0.1912930519144111
2015,06,ESP.16_1,0.07088051710286515,0.25303045005188113
2015,06,ESP.17_1,0,0.283438353769911
2015,06,ESP.18_1,0.8920171673819742,0.34082481439059736
2015,06,ESP.2_1,0.12360515021459229,0.3251260896859401
2015,06,ESP.3_1,0,0.27450365313058267
2015,06,ESP.4_1,0,0.13581541853191428
2015,06,ESP.5_1,0,0.2870738156418272
2015,06,ESP.6_1,0.7341035263372623,0.39110046554249867
2015,06,ESP.7_1,0,0.29336341593715765
2015,06,ESP.8_1,0.13699570815450646,0.33974668735059915
2015,06,ESP.9_1,0.02163090128755365,0.14345670614678796
2015,06,EST.13_1,0,0.272973272849161
2015,06,FRA.11_1,0,0.17067360277521404
2015,06,FRA.13_1,0.010090643278106052,0.09735761856177684
2015,06,FRA.2_1,0,0.30148131050866106
2015,06,FRA.6_1,0,0.2891723068883158
2015,06,FRA.8_1,0,0.27798221471718093
2015,06,GBR.1_1,0,0.27105348623052494
2015,06,GBR.3_1,0,0.27450365313058267
2015,06,HRV.21_1,0,0.2859203998648814
2015,06,HRV.8_1,0,0.3010432956355937
2015,06,ITA.13_1,0.05150214592274678,0.21805530978916193
2015,06,ITA.16_1,0.05183278694271227,0.2176914941818451
2015,06,ITA.2_1,0,0.283438353769911
2015,06,ITA.20_1,0.08013812732973888,0.26797934236655974
2015,06,ITA.3_1,0,0.13659385620565764
2015,06,ITA.5_1,0.08858369098712446,0.2805060193471473
2015,06,ITA.6_1,0.04738197424892703,0.20959116172085443
2015,06,NLD.14_1,0,0.1047786881812927
2015,06,NLD.9_1,0,0.2804567241919116
2015,06,POL.12_1,0,0.27450365313058267
2015,06,POL.6_1,0,0.2919764926438571
2015,06,PRT.14_1,0,0.27450365313058267
2015,06,ROU.1_1,0,0.278031127336295
2015,06,ROU.29_1,0,0.2919764926438571
2015,06,ROU.35_1,0,0.2613532691164383
2015,06,ROU.8_1,0,0.2557797729762651
2015,06,SRB.25_1,0,0.2919764926438571
2015,06,SRB.3_1,0,0.11754991975448002
2015,06,UKR.14_1,0,0.29336341593715765
