year,month,gid_3,est,se
2018,05,ESP.10.1.1_1,0.519,0.4998888765404656
2018,05,ESP.10.1.4_1,0.481,0.4998888765404656
2018,05,ESP.10.1.6_1,0.496,0.5002341793942455
2018,05,ESP.10.1.7_1,0.54,0.49864681754589457
2018,05,ESP.10.1.9_1,0.504,0.5002341793942455
2018,05,ESP.10.2.5_1,0.503,0.5002411830719671
2018,05,ESP.10.2.7_1,0.539,0.49872610491905045
2018,05,ESP.10.2.8_1,0.545,0.4982200550190881
2018,05,ESP.10.3.1_1,0.537,0.4988786223921405
2018,05,ESP.10.3.13_1,0.507,0.5002011607355596
2018,05,ESP.10.3.4_1,0.613,0.48730736549786363
2018,05,ESP.10.3.7_1,0.602,0.48973037054672836
2018,05,ESP.10.3.8_1,0.586,0.4927949338688932
2018,05,ESP.18.1.5_1,0.471,0.49940805801309257
2018,05,ESP.6.1.10_1,0.576,0.49443752736667196
2018,05,ESP.6.1.11_1,0.562,0.4963893657225167
2018,05,ESP.6.1.12_1,0.546,0.49812863010685515
2018,05,ESP.6.1.3_1,0.578,0.49412565219806204
2018,05,ESP.6.1.5_1,0.537,0.4988786223921405
2018,05,ESP.6.1.6_1,0.557,0.49698893146427114
2018,05,ESP.6.1.9_1,0.471,0.49940805801309257
2018,05,ESP.6.2.4_1,0.498,0.5002461856388775
2018,05,ESP.6.2.5_1,0.443,0.49698893146427114
2018,05,ESP.6.2.6_1,0.567,0.4957385972029581
2018,05,ESP.6.2.7_1,0.514,0.5000540511325291
2018,05,ESP.6.4.2_1,0.55,0.497742652128334
2018,05,ESP.6.4.3_1,0.549,0.49784219070589714
2018,05,ESP.6.4.7_1,0.471,0.49940805801309257
