year,month,gid_1,est,se
2016,04,AND.4_1,0,0.2988114594326802
2016,04,AND.5_1,0,0.3067068128833611
2016,04,AND.7_1,0,0.304110972316823
2016,04,AUT.2_1,0,0.27913365691922387
2016,04,BEL.2_1,0,0.3104695294041635
2016,04,CHE.24_1,0,0.3140334277796308
2016,04,CHE.4_1,0,0.3014795016081357
2016,04,CHE.5_1,0,0.31576496390357084
2016,04,CHE.7_1,0,0.3089410157832572
2016,04,CHE.8_1,0,0.3067068128833611
2016,04,DEU.1_1,0,0.36585906146062974
2016,04,DEU.3_1,0,0.3001501125938321
2016,04,DEU.4_1,0,0.29197474077263813
2016,04,ESP.1_1,0.06125064310517973,0.19175147599088552
2016,04,ESP.10_1,0.6229309754160887,0.45618466543705294
2016,04,ESP.11_1,0,0.3034760059548252
2016,04,ESP.12_1,0,0.2894389584953047
2016,04,ESP.13_1,0.68436873747495,0.46554025360620294
2016,04,ESP.14_1,0,0.3190609657417981
2016,04,ESP.15_1,0,0.04469897088298564
2016,04,ESP.16_1,0,0.07994806246087394
2016,04,ESP.17_1,0,0.3014795016081357
2016,04,ESP.18_1,0.7625250501002004,0.42668613881993056
2016,04,ESP.2_1,0,0.033403594526847706
2016,04,ESP.3_1,0,0.2933616557443407
2016,04,ESP.4_1,0,0
2016,04,ESP.5_1,0,0.2993985060313453
2016,04,ESP.6_1,0.4990922964554329,0.4362034731322733
2016,04,ESP.8_1,0,0.3611293596682696
2016,04,ESP.9_1,0,0.07726558075864033
2016,04,FRA.1_1,0,0
2016,04,FRA.10_1,0,0.11333068359382575
2016,04,FRA.11_1,0.03607214428857715,0.18638331132035063
2016,04,FRA.13_1,0,0
2016,04,FRA.4_1,0,0.3167512136225074
2016,04,FRA.8_1,0,0.30185642379889915
2016,04,FRA.9_1,0,0.3014795016081357
2016,04,GRC.3_1,0,0
2016,04,HRV.21_1,0,0.33088439746304826
2016,04,HRV.4_1,0,0
2016,04,ITA.1_1,0,0.10893974420691407
2016,04,ITA.2_1,0,0.14007005254378832
2016,04,ITA.5_1,0,0.04866923036338783
2016,04,ITA.8_1,0.03106212424849699,0.17340435135563662
2016,04,LUX.3_1,0,0.3167512136225074
2016,04,NLD.14_1,0,0.10067685561635008
2016,04,NLD.5_1,0,0.32860155048170264
2016,04,NLD.9_1,0,0.31254968063249733
2016,04,PRT.12_1,0,0.2952617426610611
2016,04,PRT.15_1,0,0.2910329103666205
2016,04,PRT.17_1,0,0.30926792049394103
2016,04,PRT.7_1,0,0.31428932176861785
