year,month,gid_1,est,se
2016,04,ESP.1_1,0.058979054733565746,0.1617368393324911
2016,04,ESP.10_1,0.6416605453053028,0.4320773793781182
2016,04,ESP.11_1,0,0.33914474740134165
2016,04,ESP.12_1,0,0.321734276621302
2016,04,ESP.13_1,0.719,0.4497123983628217
2016,04,ESP.14_1,0,0.3523651720550633
2016,04,ESP.15_1,0,0.03162277660168379
2016,04,ESP.16_1,0,0.06791995244361013
2016,04,ESP.17_1,0,0.33088439746304826
2016,04,ESP.18_1,0.806,0.39562674393994207
2016,04,ESP.2_1,0,0.07045827469649757
2016,04,ESP.3_1,0,0.31918157352340515
2016,04,ESP.4_1,0,0.005040698125778435
2016,04,ESP.5_1,0,0.3462083404776841
2016,04,ESP.6_1,0.5358151005840011,0.42204316858214225
2016,04,ESP.8_1,0,0.46860921309188386
2016,04,ESP.9_1,0,0.1499783100768024
2016,04,ITA.1_1,0,0.23003677296666486
2016,04,ITA.2_1,0,0.22613079209858866
2016,04,ITA.5_1,0,0.13346307678188796
2016,04,ITA.8_1,0.028000000000000004,0.16505527329729044
