year,month,gid_1,est,se
2016,04,ESP.10_1,0.968,0.17608806605504818
2016,04,ESP.6_1,0.947,0.22414558046332575
