year,month,gid_1,est,se
2016,04,ESP.1_1,0.040838538247054745,0.13919195135308318
2016,04,ESP.10_1,0.6102939767481457,0.4538879160464355
2016,04,ESP.11_1,0,0.406543154390543
2016,04,ESP.12_1,0,0.41007891911846694
2016,04,ESP.13_1,0.7084168336673347,0.45541081296345715
2016,04,ESP.14_1,0,0.41847567116090423
2016,04,ESP.15_1,0,0.09955828761597893
2016,04,ESP.16_1,0,0.06502203158413805
2016,04,ESP.17_1,0,0.3994869687071648
2016,04,ESP.18_1,0.750501002004008,0.4338479907832836
2016,04,ESP.2_1,0,0.03187524966675681
2016,04,ESP.3_1,0,0.40611972103500754
2016,04,ESP.4_1,0,0.04049967279104851
2016,04,ESP.5_1,0,0.40114665119136
2016,04,ESP.6_1,0.4443691477968278,0.409597678338969
2016,04,ESP.8_1,0,0.3015090509431165
2016,04,ESP.9_1,0,0.08913754126175645
