year,month,gid_1,est,se
2022,05,ESP.1_1,0,0.2994190737101075
2022,05,ESP.10_1,0,0.3040326264977147
2022,05,ESP.11_1,0,0.3139592534619768
2022,05,ESP.12_1,0,0.3027017389152477
2022,05,ESP.13_1,0,0.32550179917209504
2022,05,ESP.14_1,0,0.27758416120110213
2022,05,ESP.15_1,0,0.32168478210289814
2022,05,ESP.16_1,0.13716151587657766,0.3307399910311415
2022,05,ESP.17_1,0.278,0.4207183441566443
2022,05,ESP.18_1,0,0.28441927154659136
2022,05,ESP.2_1,0,0.3086469893504863
2022,05,ESP.3_1,0.05600000000000001,0.08669366454378194
2022,05,ESP.4_1,0,0.30657822572911425
2022,05,ESP.5_1,0,0.31045063424447583
2022,05,ESP.6_1,0,0.3159500258243089
2022,05,ESP.7_1,0,0.29886194180588516
2022,05,ESP.8_1,0,0.2829305590006669
2022,05,ESP.9_1,0,0.3317307323641796
