year,month,gid_2,est,se
2015,03,ESP.1.1_1,0,0.12553788177183714
2015,03,ESP.1.2_1,0,0.15620307103062794
2015,03,ESP.1.3_1,0,0.14345584540052586
2015,03,ESP.1.4_1,0.463,0.4988786223921405
2015,03,ESP.1.5_1,0,0.4689818162188636
2015,03,ESP.1.6_1,0,0.15620307103062794
2015,03,ESP.1.7_1,0.619,0.48587557571365436
2015,03,ESP.1.8_1,0.162,0.36863517451796685
2015,03,ESP.10.1_1,0.564,0.4961352135760474
2015,03,ESP.10.2_1,0.496,0.5002341793942455
2015,03,ESP.10.3_1,0.508,0.5001861515337926
2015,03,ESP.11.2_1,0,0.4618975528722244
2015,03,ESP.12.1_1,0,0.4589222261011223
2015,03,ESP.12.4_1,0,0.46593249842986173
2015,03,ESP.13.1_1,0.731,0.4436618485241162
2015,03,ESP.14.1_1,0,0.45490981847278583
2015,03,ESP.14.2_1,0,0.462724663395106
2015,03,ESP.16.2_1,0,0.14345584540052586
2015,03,ESP.16.3_1,0,0.17340435135563662
2015,03,ESP.17.1_1,0,0.46554025360620294
2015,03,ESP.18.1_1,0.525,0.499624483612067
2015,03,ESP.2.1_1,0.615,0.48683879468671354
2015,03,ESP.2.2_1,0,0.20068950215762726
2015,03,ESP.2.3_1,0.154,0.3611293596682696
2015,03,ESP.3.1_1,0,0.4610602743422779
2015,03,ESP.4.1_1,0,0.162164414398774
2015,03,ESP.4.2_1,0,0.4689818162188636
2015,03,ESP.4.3_1,0,0.16505527329729044
2015,03,ESP.4.4_1,0,0.45671938057476014
2015,03,ESP.4.5_1,0,0.3262904618058356
2015,03,ESP.5.1_1,0,0.45445079549443584
2015,03,ESP.5.2_1,0,0.4477404063421923
2015,03,ESP.5.3_1,0,0.4651455260027343
2015,03,ESP.5.4_1,0,0.45445079549443584
2015,03,ESP.6.1_1,0.679,0.4670943985718274
2015,03,ESP.6.2_1,0.654,0.4759312035478558
2015,03,ESP.6.3_1,0.308,0.4618975528722244
2015,03,ESP.6.4_1,0.366,0.4819504915199032
2015,03,ESP.7.1_1,0,0.46670956473787617
2015,03,ESP.7.2_1,0,0.4606378047741926
2015,03,ESP.8.1_1,0,0.2535809600567505
2015,03,ESP.9.1_1,0,0.13659303663678343
