ID_1,est,se
ESP.1_1,0.5245953237258262,0.14619730838478417
ESP.10_1,0.88885,0.45116492660152435
ESP.11_1,0,0
ESP.12_1,0,0
ESP.13_1,0.629,0.4833141758655467
ESP.14_1,0,0
ESP.15_1,0.007000000000000006,0.08341437500789632
ESP.16_1,0.02884600000000004,0.07672370137089637
ESP.17_1,0,0
ESP.18_1,0.887,0.3167512136225074
ESP.2_1,0.03951082000000006,0.11227170371517013
ESP.3_1,0,0
ESP.4_1,0.014926120000000043,0.042197014495673354
ESP.5_1,0,0
ESP.6_1,0.999991992448,0.17309466574855586
ESP.7_1,0,0
ESP.8_1,0.026000000000000023,0.15921478998305827
ESP.9_1,0.01200000000000001,0.10893974420691407
