year,month,gid_1,est,se
2014,06,AND.2_1,0,0.2775282783574703
2014,06,CHE.21_1,0.004120171673819743,0.06315089741729368
2014,06,CHE.24_1,0,0.28327223038910465
2014,06,DEU.10_1,0,0.27450365313058267
2014,06,DEU.11_1,0,0.2683073831590658
2014,06,DEU.3_1,0,0.2919764926438571
2014,06,ESP.1_1,0.16244477138416555,0.3784439359991177
2014,06,ESP.10_1,0.5897656751096094,0.49275741962472563
2014,06,ESP.11_1,0,0.287849864446865
2014,06,ESP.12_1,0,0.26746452490143813
2014,06,ESP.13_1,0.7385407725321887,0.4506845365912636
2014,06,ESP.14_1,0,0.27504528217773455
2014,06,ESP.15_1,0,0.14997920995836134
2014,06,ESP.16_1,0.04391371501396819,0.2688367213347519
2014,06,ESP.17_1,0,0.2905795049153889
2014,06,ESP.18_1,0.7776824034334764,0.4303049873260051
2014,06,ESP.2_1,0.07526068335604806,0.2599113598742781
2014,06,ESP.3_1,0,0.2683073831590658
2014,06,ESP.4_1,0,0.13966637501807025
2014,06,ESP.5_1,0,0.2791951114278227
2014,06,ESP.6_1,0.7356083294730555,0.3892802513598539
2014,06,ESP.7_1,0,0.2982338367048251
2014,06,ESP.8_1,0.0782832618025751,0.26513230251955816
2014,06,ESP.9_1,0.026781115879828326,0.15921574528421706
2014,06,FRA.11_1,0,0.16216538739790937
2014,06,FRA.8_1,0,0.2738409991824407
2014,06,GBR.1_1,0,0.2779898459019562
2014,06,HUN.5_1,0.18952789699570813,0.38768040684909877
2014,06,IRL.8_1,0,0.30148131050866106
2014,06,ITA.10_1,0.08494443525785199,0.27512007149096074
2014,06,ROU.15_1,0,0.26997727980898084
2014,06,SWE.15_1,0,0.2890661920924999
