year,month,gid_1,est,se
2014,06,ESP.1_1,0.24913403432586279,0.4346440210402434
2014,06,ESP.10_1,0.7875706855564897,0.40621990744303277
2014,06,ESP.11_1,0,0.39626975532912834
2014,06,ESP.12_1,0,0.3871353723213045
2014,06,ESP.13_1,0.772,0.4197525368502163
2014,06,ESP.14_1,0,0.3928021270784979
2014,06,ESP.15_1,0,0.11333068359382575
2014,06,ESP.16_1,0.0507847715131498,0.2850191706065581
2014,06,ESP.17_1,0,0.3704608498090469
2014,06,ESP.18_1,0.965,0.18387171834952978
2014,06,ESP.2_1,0.11564733113392943,0.3198592776107312
2014,06,ESP.3_1,0,0.3860375953518323
2014,06,ESP.4_1,0,0.0792446465431691
2014,06,ESP.5_1,0,0.3966896386469955
2014,06,ESP.6_1,0.7653198440073985,0.2843290627350509
2014,06,ESP.7_1,0,0.3865631830414975
2014,06,ESP.8_1,0.18499999999999997,0.38849186082326864
2014,06,ESP.9_1,0.094,0.29197474077263813
2014,06,ITA.10_1,0.19823302730944029,0.3988093161368935
