year,month,gid_1,est,se
2014,06,AND.2_1,0,0.4472413488524071
2014,06,ARG.1_1,0,0.4791595469490319
2014,06,ARG.9_1,0,0.39170530525462266
2014,06,BRA.25_1,0,0.42790517000083106
2014,06,CHE.21_1,0,0.347161349525737
2014,06,CHE.24_1,0,0.46354258742621735
2014,06,CHL.16_1,0,0.3775700316432353
2014,06,COL.31_2,0,0.42623570258871935
2014,06,DEU.10_1,0,0.4705779349271319
2014,06,DEU.11_1,0,0.47625489508530855
2014,06,DEU.3_1,0,0.47461791191432134
2014,06,DOM.30_1,0,0.44724134885240713
2014,06,DOM.31_1,0,0.44873284458018414
2014,06,DOM.5_1,0,0.43608018279769195
2014,06,ESP.1_1,0.07869431213585085,0.28147448013977516
2014,06,ESP.10_1,0.6857260697181861,0.44898240256848676
2014,06,ESP.11_1,0,0.4482526852936034
2014,06,ESP.12_1,0,0.4503886906846789
2014,06,ESP.13_1,0.986,0.11754944954915857
2014,06,ESP.14_1,0,0.4533105389997286
2014,06,ESP.15_1,0,0.10893996208705614
2014,06,ESP.16_1,0,0.243838883857934
2014,06,ESP.17_1,0,0.4535256414214245
2014,06,ESP.18_1,0.9980000000000001,0.0446990602811956
2014,06,ESP.2_1,0,0.17825976164157525
2014,06,ESP.3_1,0,0.4567202940162617
2014,06,ESP.4_1,0,0.10084210539925838
2014,06,ESP.5_1,0,0.4586827366185616
2014,06,ESP.6_1,0.696230907353697,0.2567400083881544
2014,06,ESP.7_1,0,0.44907948015836774
2014,06,ESP.8_1,0,0.24487589473196267
2014,06,ESP.9_1,0,0.18638368408809158
2014,06,FRA.11_1,0,0.07056911434883946
2014,06,FRA.8_1,0,0.4772680109488484
2014,06,GBR.1_1,0,0.4731645799702252
2014,06,HUN.5_1,0,0.3308850592338285
2014,06,IRL.8_1,0,0.47360764406848993
2014,06,ITA.10_1,0,0.388421331555822
2014,06,KOR.8_1,0,0.4544517043987536
2014,06,MAR.10_1,0,0.45211638550854644
2014,06,MAR.11_1,0,0.4544517043987536
2014,06,MAR.14_1,0,0.4599283923912644
2014,06,MEX.14_1,0,0.4436932370511743
2014,06,MEX.17_1,0,0.4814850167166406
2014,06,MEX.19_1,0,0.4537154199439789
2014,06,MEX.23_1,0,0.4462330328637736
2014,06,MEX.24_1,0,0.460638726052566
2014,06,MEX.9_1,0,0.4396943650869392
2014,06,PRY.17_1,0,0.4009493768561949
2014,06,PRY.2_1,0,0.38684258459960014
2014,06,PRY.4_1,0,0.38270491023065767
2014,06,PRY.9_1,0,0.37158982913147864
2014,06,ROU.15_1,0,0.4472956693225454
2014,06,SLV.3_1,0,0.44539298689238604
2014,06,SWE.15_1,0,0.48411947334034583
2014,06,USA.10_1,0,0.4185554898448823
2014,06,USA.33_1,0,0.3698818494625113
2014,06,VEN.25_1,0,0.4285094562562605
