year,month,gid_3,est,se
2016,03,ESP.10.1.1_1,0.204,0.40317061716666125
2016,03,ESP.10.1.2_1,0.004,0.06315051850925682
2016,03,ESP.10.1.3_1,0,0
2016,03,ESP.10.1.4_1,0.931,0.2535809600567505
2016,03,ESP.10.1.5_1,0.313,0.4639463829433809
2016,03,ESP.10.1.6_1,0.019,0.13659303663678343
2016,03,ESP.10.1.7_1,1,0
2016,03,ESP.10.1.8_1,0,0
2016,03,ESP.10.1.8_1,0,0
2016,03,ESP.10.1.8_1,0,0
2016,03,ESP.10.1.8_1,0,0
2016,03,ESP.10.1.9_1,0,0
2016,03,ESP.10.1.9_1,0,0
2016,03,ESP.10.1.9_1,0,0
2016,03,ESP.10.2.1_1,0,0
2016,03,ESP.10.2.1_1,0,0
2016,03,ESP.10.2.2_1,0.663,0.4729214043101186
2016,03,ESP.10.2.3_1,0.306,0.4610602743422779
2016,03,ESP.10.2.5_1,0.124,0.32974646735443996
2016,03,ESP.10.2.7_1,0.027,0.162164414398774
2016,03,ESP.10.2.8_1,0.112,0.3155242550986462
2016,03,ESP.10.3.1_1,0.857,0.3502480173729377
2016,03,ESP.10.3.10_1,0.997,0.05471740119919799
2016,03,ESP.10.3.11_1,0.984,0.12553788177183714
2016,03,ESP.10.3.12_1,0.001,0.03162277660168379
2016,03,ESP.10.3.13_1,0.073,0.2602666685127751
2016,03,ESP.10.3.14_1,0.002,0.04469897088298564
2016,03,ESP.10.3.16_1,0.575,0.4945903553645376
2016,03,ESP.10.3.17_1,0.807,0.39485048677557294
2016,03,ESP.10.3.18_1,0.204,0.40317061716666125
2016,03,ESP.10.3.2_1,0.033,0.17872588772459053
2016,03,ESP.10.3.3_1,0,0
2016,03,ESP.10.3.3_1,0,0
2016,03,ESP.10.3.3_1,0,0
2016,03,ESP.10.3.4_1,0.013,0.11333068359382575
2016,03,ESP.10.3.5_1,0.306,0.4610602743422779
2016,03,ESP.10.3.6_1,0,0
2016,03,ESP.10.3.6_1,0,0
2016,03,ESP.10.3.6_1,0,0
2016,03,ESP.10.3.6_1,0,0
2016,03,ESP.10.3.7_1,0.955,0.20740785428237288
2016,03,ESP.10.3.8_1,0.927,0.2602666685127751
2016,03,ESP.10.3.9_1,0.808,0.39407016036651554
