ID_1,est,se
ESP.1_1,0.6544579670926678,0.23420846305269533
ESP.10_1,0.7194241,0.47324585817391335
ESP.11_1,0.01593699999999998,0.0889510440567528
ESP.12_1,0.5978640000000001,0.24022425140280557
ESP.13_1,0.375,0.48436516143258035
ESP.14_1,0.28515,0.2821434583292869
ESP.15_1,0.016000000000000014,0.12553788177183714
ESP.16_1,0.5307840000000001,0.30982471958999236
ESP.17_1,0.606,0.4888793337859589
ESP.18_1,0.44399999999999995,0.49710271686152663
ESP.2_1,0.267151,0.18088648350191516
ESP.3_1,0.02200000000000002,0.1467567291047928
ESP.4_1,0.22409577999999997,0.15263814817633742
ESP.5_1,0.35288035143999996,0.11450035318346617
ESP.6_1,0.9310287403,0.4110785389986504
ESP.7_1,0.08699999999999997,0.1409880407255439
ESP.8_1,0.483,0.49996095943679536
ESP.9_1,0,0
