year,month,gid_2,est,se
2017,01,AND.2_1,0,0.3001501125938321
2017,01,AND.4_1,0,0.32395052700056526
2017,01,AND.5_1,0,0.2933616557443407
2017,01,BEL.2_1,0,0.3142893217686178
2017,01,BEL.2.1_1,0,0.296105857217784
2017,01,BGR.5.1_1,0,0.2988114594326802
2017,01,DEU.13.11_1,0,0.3014795016081357
2017,01,DEU.13.6_1,0,0.296105857217784
2017,01,DEU.2.54_1,0,0.3067068128833611
2017,01,DEU.6.1_1,0,0.31304631925323445
2017,01,ESP.1.1_1,0,0.296105857217784
2017,01,ESP.1.2_1,0,0.30279974849343533
2017,01,ESP.1.3_1,0,0.2848862231842041
2017,01,ESP.1.4_1,0,0.2947386484173239
2017,01,ESP.1.6_1,0,0.2790212408632233
2017,01,ESP.1.7_1,0,0.3014795016081357
2017,01,ESP.1.8_1,0,0.2988114594326802
2017,01,ESP.10.1_1,0,0.2947386484173239
2017,01,ESP.10.2_1,0,0.3105357184486713
2017,01,ESP.10.3_1,0,0.296105857217784
2017,01,ESP.12.1_1,0,0.30799165387857325
2017,01,ESP.12.2_1,0,0.32158111638343195
2017,01,ESP.12.4_1,0,0.3203851535989872
2017,01,ESP.13.1_1,0,0.2947386484173239
2017,01,ESP.14.1_1,0,0.30799165387857325
2017,01,ESP.14.2_1,0,0.30926792049394103
2017,01,ESP.15.1_1,0,0.3001501125938321
2017,01,ESP.16.2_1,0,0.04469897088298564
2017,01,ESP.16.3_1,0,0.04469897088298564
2017,01,ESP.17.1_1,0.039,0.19369180807797864
2017,01,ESP.18.1_1,0,0.30926792049394103
2017,01,ESP.2.1_1,0,0.31918157352340515
2017,01,ESP.2.2_1,0,0.3142893217686178
2017,01,ESP.2.3_1,0,0.30541328929383094
2017,01,ESP.3.1_1,0,0.07726558075864033
2017,01,ESP.4.1_1,0,0.3067068128833611
2017,01,ESP.4.5_1,0,0.3001501125938321
2017,01,ESP.5.2_1,0,0.28917057184232914
2017,01,ESP.5.5_1,0,0.2988114594326802
2017,01,ESP.5.8_1,0,0.290577761426155
2017,01,ESP.6.1_1,0,0.296105857217784
2017,01,ESP.6.2_1,0,0.304110972316823
2017,01,ESP.6.3_1,0,0.304110972316823
2017,01,ESP.6.4_1,0,0.3105357184486713
2017,01,ESP.8.1_1,0,0.32395052700056526
2017,01,ESP.9.1_1,0,0.29197474077263813
2017,01,FRA.11.7_1,0,0.304110972316823
2017,01,FRA.11.8_1,0,0.30926792049394103
2017,01,FRA.8.3_1,0,0.296105857217784
2017,01,FRA.8.5_1,0,0.2933616557443407
2017,01,FRA.8.7_1,0,0.290577761426155
2017,01,FRA.9.1_1,0,0.28343665312788385
2017,01,GRC.3.1_1,0,0.30926792049394103
2017,01,ITA.10.9_1,0,0.08912880535463237
2017,01,ITA.20.5_1,0,0.20519772441746548
2017,01,ITA.8.4_1,0,0.31797028965786267
2017,01,PRT.15.12_1,0,0.296105857217784
2017,01,PRT.15.6_1,0,0.30926792049394103
2017,01,PRT.15.8_1,0,0.29746341705239066
2017,01,PRT.6.8_1,0,0.3014795016081357
