year,month,gid_4,est,se
2021,12,HUN.10.2_1,0.04,0.19605723255834873
2021,12,HUN.14.12_1,0.035,0.18387171834952978
2021,12,HUN.14.2_1,0.037,0.1888562063228706
2021,12,HUN.2.3_1,0.052,0.22213812222431642
2021,12,HUN.5.1_1,0.057,0.2319586273558386
2021,12,ITA.10.2.148_1,0.048,0.21387319079712103
2021,12,ITA.10.2.166_1,0.048,0.21387319079712103
2021,12,ITA.10.2.192_1,0.048,0.21387319079712103
2021,12,ITA.10.2.198_1,0.048,0.21387319079712103
2021,12,ITA.10.2.29_1,0.048,0.21387319079712103
2021,12,ITA.10.2.40_1,0.048,0.21387319079712103
2021,12,ITA.10.2.41_1,0.048,0.21387319079712103
2021,12,ITA.10.2.57_1,0.048,0.21387319079712103
2021,12,ITA.10.2.69_1,0.048,0.21387319079712103
2021,12,ITA.10.2.81_1,0.048,0.21387319079712103
2021,12,ITA.10.5.42_1,0.023,0.1499783100768024
2021,12,ITA.10.5.86_1,0.023,0.1499783100768024
2021,12,ITA.17.2.158_1,0.033,0.17872588772459053
2021,12,ITA.17.2.202_1,0.033,0.17872588772459053
2021,12,ITA.20.1.6_1,0.032,0.17608806605504818
2021,12,ITA.20.7.108_1,0.036,0.18638331132035063
2021,12,ITA.20.7.110_1,0.036,0.18638331132035063
2021,12,ITA.20.7.115_1,0.036,0.18638331132035063
2021,12,ITA.20.7.29_1,0.036,0.18638331132035063
2021,12,ITA.20.7.6_1,0.036,0.18638331132035063
2021,12,ITA.20.7.8_1,0.036,0.18638331132035063
