year,month,gid_4,est,se
2021,12,HUN.10.2_1,0.148,0.3552776691859794
2021,12,HUN.10.4_1,0.15,0.35725009115132167
2021,12,HUN.10.6_1,0.167,0.3731624984510773
2021,12,HUN.12.1_1,0.112,0.3155242550986462
2021,12,HUN.13.3_1,0.206,0.4046328307586122
2021,12,HUN.14.11_1,0.118,0.3227695465501357
2021,12,HUN.14.12_1,0.116,0.3203851535989872
2021,12,HUN.14.14_1,0.16,0.366789496216201
2021,12,HUN.14.15_1,0.15,0.35725009115132167
2021,12,HUN.14.2_1,0.131,0.33756918246924283
2021,12,HUN.14.4_1,0.112,0.3155242550986462
2021,12,HUN.14.5_1,0.152,0.3592005359475749
2021,12,HUN.14.6_1,0.13,0.33647171235218754
2021,12,HUN.14.7_1,0.112,0.3155242550986462
2021,12,HUN.14.8_1,0.118,0.3227695465501357
2021,12,HUN.14.9_1,0.16,0.366789496216201
2021,12,HUN.16.9_1,0.188,0.39090767299812473
2021,12,HUN.17.2_1,0.183,0.3868600013708585
2021,12,HUN.19.8_1,0.143,0.3502480173729377
2021,12,HUN.2.1_1,0.152,0.3592005359475749
2021,12,HUN.2.3_1,0.201,0.40094857495663927
2021,12,HUN.4.15_1,0.242,0.428508599236491
2021,12,HUN.5.1_1,0.133,0.3397446488562056
2021,12,HUN.8.1_1,0.154,0.3611293596682696
2021,12,ITA.10.2.142_1,0.31,0.462724663395106
2021,12,ITA.10.2.175_1,0.362,0.4808192874533916
2021,12,ITA.10.2.18_1,0.311,0.4631344227041362
2021,12,ITA.10.5.42_1,0.254,0.43551541152257023
2021,12,ITA.17.2.135_1,0.243,0.4291097005838194
2021,12,ITA.20.1.21_1,0.214,0.41033202698835536
2021,12,ITA.20.1.53_1,0.172,0.3775692765024169
2021,12,ITA.20.7.55_1,0.345,0.4756061408363029
