year,month,gid_4,est,se
2022,12,ESP.10.1.1.3_1,0.006,0.07726558075864033
2022,12,ESP.10.1.1.8_1,0.097,0.296105857217784
2022,12,ESP.10.1.4.20_1,0.157,0.3639828065767441
2022,12,ESP.10.1.4.23_1,0.05,0.21805400144814482
2022,12,ESP.10.1.4.27_1,0.012,0.10893974420691407
2022,12,ESP.10.1.6.12_1,0.443,0.49698893146427114
2022,12,ESP.10.1.6.27_1,0.28,0.44922355437109684
2022,12,ESP.10.1.7.1_1,0.091,0.28775302222878874
2022,12,ESP.10.1.7.10_1,0.503,0.5002411830719671
2022,12,ESP.10.1.7.2_1,0.046,0.20958990416508122
2022,12,ESP.10.1.7.6_1,0.237,0.4254550646214145
2022,12,ESP.10.1.9.3_1,0.013,0.11333068359382575
2022,12,ESP.10.2.5.11_1,0.083,0.2760202658994212
2022,12,ESP.10.2.7.2_1,0.553,0.4974318430081034
2022,12,ESP.10.2.7.6_1,0.014,0.11754921445002436
2022,12,ESP.10.2.8.8_1,0.058,0.2338604085575211
2022,12,ESP.10.3.1.14_1,0.032,0.17608806605504818
2022,12,ESP.10.3.13.9_1,0.375,0.48436516143258035
2022,12,ESP.10.3.4.1_1,0.018,0.13301764429463367
2022,12,ESP.10.3.7.19_1,0.992,0.08912880535463237
2022,12,ESP.10.3.7.2_1,0.158,0.36492351139542817
2022,12,ESP.10.3.7.4_1,0.986,0.11754921445002436
2022,12,ESP.10.3.8.5_1,0.128,0.3342569785774528
