year,month,gid_4,est,se
2022,12,ESP.10.1.1.3_1,0.014,0.11754921445002436
2022,12,ESP.10.1.1.8_1,0.055,0.22809433799861634
2022,12,ESP.10.1.4.20_1,0.167,0.3731624984510773
2022,12,ESP.10.1.4.23_1,0.025,0.15620307103062794
2022,12,ESP.10.1.4.27_1,0.02,0.14007005254378832
2022,12,ESP.10.1.6.12_1,0.32,0.46670956473787617
2022,12,ESP.10.1.6.27_1,0.161,0.3677148544921924
2022,12,ESP.10.1.7.1_1,0.045,0.20740785428237288
2022,12,ESP.10.1.7.10_1,0.192,0.39407016036651554
2022,12,ESP.10.1.7.2_1,0.019,0.13659303663678343
2022,12,ESP.10.1.7.6_1,0.154,0.3611293596682696
2022,12,ESP.10.1.9.3_1,0.023,0.1499783100768024
2022,12,ESP.10.2.5.11_1,0.087,0.2819760814510878
2022,12,ESP.10.2.7.2_1,0.379,0.4853808758022864
2022,12,ESP.10.2.7.6_1,0.035,0.18387171834952978
2022,12,ESP.10.2.8.8_1,0.047,0.21174474216810163
2022,12,ESP.10.3.1.14_1,0.049,0.21597603025716916
2022,12,ESP.10.3.13.9_1,0.249,0.43265018916693676
2022,12,ESP.10.3.4.1_1,0.031,0.17340435135563662
2022,12,ESP.10.3.7.19_1,0.964,0.18638331132035063
2022,12,ESP.10.3.7.2_1,0.079,0.26987373312686774
2022,12,ESP.10.3.7.4_1,0.963,0.1888562063228706
2022,12,ESP.10.3.8.5_1,0.158,0.36492351139542817
