year,month,gid_2,est,se
2019,07,ESP.10.1_1,0.294,0.45581988961844544
2019,07,ESP.10.2_1,0.245,0.4303024054780082
2019,07,ESP.10.3_1,0.233,0.42295376802895357
2019,07,ESP.18.1_1,0.229,0.42039949540375965
2019,07,ESP.2.3_1,0.182,0.3860375953518323
2019,07,ESP.4.1_1,0.195,0.3963989557656934
2019,07,ESP.6.1_1,0.279,0.4487319471135974
2019,07,ESP.6.2_1,0.292,0.45490981847278583
2019,07,ESP.6.4_1,0.297,0.4571651780264984
