year,month,gid_3,est,se
2022,03,ESP.10.1.1_1,0.002,0.04469897088298564
2022,03,ESP.10.1.2_1,0.231,0.42168331341993703
2022,03,ESP.10.1.4_1,0.178,0.38270414482007176
2022,03,ESP.10.1.5_1,0.736,0.4410198391212106
2022,03,ESP.10.1.6_1,0.132,0.3386601403925338
2022,03,ESP.10.1.7_1,0.147,0.35428310221702153
2022,03,ESP.10.1.8_1,0.12,0.3251241389157466
2022,03,ESP.10.1.9_1,0.005,0.07056897321046962
2022,03,ESP.10.2.3_1,0.077,0.26672484350382913
2022,03,ESP.10.2.5_1,0,0
2022,03,ESP.10.2.5_1,0,0
2022,03,ESP.10.2.5_1,0,0
2022,03,ESP.10.2.7_1,0.038,0.19129190414806527
2022,03,ESP.10.2.8_1,0,0
2022,03,ESP.10.2.8_1,0,0
2022,03,ESP.10.3.1_1,0,0
2022,03,ESP.10.3.10_1,0.136,0.3429600875052688
2022,03,ESP.10.3.11_1,0.786,0.41033202698835536
2022,03,ESP.10.3.12_1,0,0
2022,03,ESP.10.3.13_1,0.277,0.4477404063421923
2022,03,ESP.10.3.14_1,0.137,0.3440194025768741
2022,03,ESP.10.3.16_1,0.098,0.29746341705239066
2022,03,ESP.10.3.18_1,0.792,0.4060799193519681
2022,03,ESP.10.3.2_1,0.124,0.32974646735443996
2022,03,ESP.10.3.4_1,0.068,0.2518718710762269
2022,03,ESP.10.3.6_1,0.004,0.06315051850925682
2022,03,ESP.10.3.7_1,0.264,0.4410198391212106
2022,03,ESP.10.3.8_1,0.13,0.33647171235218754
