year,month,gid_1,est,se
2015,12,ESP.1_1,0,0.25089578060816453
2015,12,ESP.10_1,0,0.3606586036160936
2015,12,ESP.11_1,0,0.3612685674251397
2015,12,ESP.12_1,0,0.38666846903962504
2015,12,ESP.13_1,0,0.4899858119515688
2015,12,ESP.14_1,0,0.3764606133169435
2015,12,ESP.15_1,0,0.25529970630890525
2015,12,ESP.16_1,0,0.29994687726654445
2015,12,ESP.17_1,0,0.3994869687071648
2015,12,ESP.18_1,0,0.4309362691384995
2015,12,ESP.2_1,0,0.18841640211040347
2015,12,ESP.3_1,0,0.3868979192250085
2015,12,ESP.4_1,0,0.27675090955352516
2015,12,ESP.5_1,0,0.3675712355661667
2015,12,ESP.6_1,0,0.3604977321507132
2015,12,ESP.8_1,0,0.31800145532767743
2015,12,ESP.9_1,0,0.20742818324049822
