year,month,gid_1,est,se
2015,12,AND.2_1,0,0.22613214890097968
2015,12,AND.3_1,0,0.27143057633933454
2015,12,AUT.7_1,0,0.2775282783574703
2015,12,AUT.9_1,0,0.03162296634081001
2015,12,BEL.2_1,0,0.28247981397003386
2015,12,CHE.24_1,0,0.26505037109715374
2015,12,DEU.14_1,0,0.272973272849161
2015,12,DEU.2_1,0,0.272973272849161
2015,12,DEU.3_1,0,0.28488793252376465
2015,12,ESP.1_1,2.330709747382684e-4,0.0071554257178173064
2015,12,ESP.10_1,0.002234312143777652,0.04549789206387739
2015,12,ESP.11_1,0,0.27833457393747624
2015,12,ESP.12_1,0,0.28395365335137507
2015,12,ESP.13_1,0.03708154506437767,0.18638442963475663
2015,12,ESP.14_1,0,0.26141251171751895
2015,12,ESP.15_1,0,0.044699239080297506
2015,12,ESP.16_1,0,0.013358221272265457
2015,12,ESP.17_1,0,0.27902291501243237
2015,12,ESP.18_1,0.06901287553648068,0.2501486047701861
2015,12,ESP.2_1,0,0
2015,12,ESP.3_1,0,0.27143057633933454
2015,12,ESP.4_1,0,0
2015,12,ESP.5_1,0,0.273217374579266
2015,12,ESP.6_1,0.0015793248115946374,0.02965641437280911
2015,12,ESP.8_1,0,0.05471772950787321
2015,12,ESP.9_1,0,0.044699239080297506
2015,12,FRA.1_1,0,0
2015,12,FRA.10_1,0,0
2015,12,FRA.11_1,0,0.024376834837634916
2015,12,FRA.8_1,0,0.26777779614707053
2015,12,GBR.1_1,0,0.27100362655462407
2015,12,GBR.3_1,0,0.25582646837241835
2015,12,GRC.3_1,0,0
2015,12,GRC.6_1,0,0.13659385620565764
2015,12,HRV.21_1,0,0.2683073831590658
2015,12,HRV.4_1,0,0
2015,12,HUN.5_1,0,0.0547177295078732
2015,12,ITA.10_1,0,0
2015,12,ITA.15_1,0,0
2015,12,ITA.16_1,0,0
2015,12,ITA.8_1,0,0.03162296634081001
2015,12,ITA.9_1,0,0
2015,12,NLD.11_1,0,0.266726443873695
2015,12,NLD.14_1,0,0.018092068919767522
2015,12,NLD.9_1,0,0.2771337869254615
2015,12,PRT.12_1,0,0.2742386493554426
2015,12,PRT.14_1,0,0.2535824815622904
2015,12,PRT.15_1,0,0.25235976076016753
2015,12,PRT.16_1,0,0.26513230251955816
2015,12,PRT.4_1,0,0.3001519135179197
2015,12,TUR.40_1,0,0.05266028299188051
