year,month,gid_1,est,se
2015,12,ESP.1_1,0,0
2015,12,ESP.10_1,0,0
2015,12,ESP.11_1,0,0.06676551097796891
2015,12,ESP.12_1,0,0.05863291452138939
2015,12,ESP.13_1,0.003,0.05473590506279083
2015,12,ESP.14_1,0,0.0501771178355862
2015,12,ESP.15_1,0,0.15625589445161997
2015,12,ESP.16_1,0,0
2015,12,ESP.17_1,0,0
2015,12,ESP.18_1,0.002,0.044714086799345555
2015,12,ESP.2_1,0,0
2015,12,ESP.3_1,0,0
2015,12,ESP.4_1,0,0.016445358654543517
2015,12,ESP.5_1,0,0.058680183307601885
2015,12,ESP.6_1,0,0
2015,12,ESP.8_1,0,0.031633470522298444
2015,12,ESP.9_1,0,0.09958219489779987
