year,month,gid_1,est,se
2015,12,AND.2_1,0,0.28197833728680954
2015,12,AND.3_1,0,0.26987589214264096
2015,12,AUT.7_1,0,0.22213989935061976
2015,12,AUT.9_1,0,0
2015,12,BEL.2_1,0,0.27089232632659577
2015,12,CHE.24_1,0,0.2560645715537821
2015,12,DEU.14_1,0,0.25187388607537553
2015,12,DEU.2_1,0,0.2619039711261249
2015,12,DEU.3_1,0,0.2466511893844898
2015,12,ESP.1_1,2.5417861710763315e-4,0.004504550695476712
2015,12,ESP.10_1,7.771809918784919e-4,0.023879785911798235
2015,12,ESP.11_1,0,0.2635252465577703
2015,12,ESP.12_1,0,0.2542269151215847
2015,12,ESP.13_1,0.028817297297297297,0.16505659375532236
2015,12,ESP.14_1,0,0.26141303454411086
2015,12,ESP.15_1,0,0.05471783894366052
2015,12,ESP.16_1,0,0
2015,12,ESP.17_1,0,0.2760224740880467
2015,12,ESP.18_1,0.06483891891891891,0.24308647750678938
2015,12,ESP.2_1,0,0
2015,12,ESP.3_1,0,0.2714311192021158
2015,12,ESP.4_1,0,0
2015,12,ESP.5_1,0,0.2671564632951844
2015,12,ESP.6_1,0.0010691267899972817,0.02093000047401044
2015,12,ESP.8_1,0,0.04469932847904386
2015,12,ESP.9_1,0,0.04469932847904386
2015,12,FRA.1_1,0,0.03162302958693243
2015,12,FRA.10_1,0,0
2015,12,FRA.11_1,0,0.021121595688308466
2015,12,FRA.8_1,0,0.27070937428784964
2015,12,GBR.1_1,0,0.25065739483841193
2015,12,GBR.3_1,0,0.27827936550709226
2015,12,GRC.3_1,0,0
2015,12,GRC.6_1,0,0.12161425257844029
2015,12,HRV.21_1,0,0.2760224740880467
2015,12,HRV.4_1,0,0
2015,12,HUN.5_1,0,0.04469932847904386
2015,12,ITA.10_1,0,0
2015,12,ITA.15_1,0,0
2015,12,ITA.16_1,0,0.005338212885235779
2015,12,ITA.8_1,0,0.04469932847904386
2015,12,ITA.9_1,0,0
2015,12,NLD.11_1,0,0.268307919775442
2015,12,NLD.14_1,0,0
2015,12,NLD.9_1,0,0.25821340872170667
2015,12,PRT.12_1,0,0.2630181447468056
2015,12,PRT.14_1,0,0.2569554074977371
2015,12,PRT.15_1,0,0.24742500846572468
2015,12,PRT.16_1,0,0.25014910506889654
2015,12,PRT.4_1,0,0.26987589214264096
2015,12,TUR.40_1,0,0.0566762796297115
