year,month,gid_1,est,se
2015,12,AND.2_1,0,0.23945007065427298
2015,12,AND.3_1,0,0.2051977244174655
2015,12,AUT.7_1,0,0.24664921616708177
2015,12,AUT.9_1,0,0.22414558046332575
2015,12,BEL.2_1,0,0.2519051450873741
2015,12,CHE.24_1,0,0.2543111588557268
2015,12,DEU.14_1,0,0.24487540497968346
2015,12,DEU.2_1,0,0.24664921616708177
2015,12,DEU.3_1,0,0.21597603025716916
2015,12,ESP.1_1,0.017729422277466093,0.10390258207367521
2015,12,ESP.10_1,0.01975932003724277,0.13820593233737666
2015,12,ESP.11_1,0,0.23952916813689779
2015,12,ESP.12_1,0,0.23838758445513564
2015,12,ESP.13_1,0.003034446764091858,0.05471740119919799
2015,12,ESP.14_1,0,0.2426457755683357
2015,12,ESP.15_1,0,0.11333068359382575
2015,12,ESP.16_1,0,0.21175793745329505
2015,12,ESP.17_1,0,0.25014710386805117
2015,12,ESP.18_1,0.15172233820459288,0.35725009115132167
2015,12,ESP.2_1,0,0.046938258574225254
2015,12,ESP.3_1,0,0.24487540497968346
2015,12,ESP.4_1,0,0.1042601799003228
2015,12,ESP.5_1,0,0.25202093646643886
2015,12,ESP.6_1,1.875898965108553e-4,0.005864772577617891
2015,12,ESP.8_1,0,0.10893974420691407
2015,12,ESP.9_1,0,0.26513071171460745
2015,12,FRA.1_1,0,0.24779688363205055
2015,12,FRA.10_1,0,0.21805400144814482
2015,12,FRA.11_1,0,0.09659074109801737
2015,12,FRA.8_1,0,0.23957622636559484
2015,12,GBR.1_1,0,0.25435033551347425
2015,12,GBR.3_1,0,0.23689968913475448
2015,12,GRC.3_1,0,0.20519772441746548
2015,12,GRC.6_1,0,0.22809433799861634
2015,12,HRV.21_1,0,0.2535809600567505
2015,12,HRV.4_1,0,0.2074078542823729
2015,12,HUN.5_1,0.04450521920668058,0.20519772441746548
2015,12,ITA.10_1,0.0718152400835073,0.25695335184625445
2015,12,ITA.15_1,0,0.18241243637807208
2015,12,ITA.16_1,0,0.0460411023644929
2015,12,ITA.8_1,0,0.20740785428237288
2015,12,ITA.9_1,0,0.2535809600567505
2015,12,NLD.11_1,0,0.24308453280719056
2015,12,NLD.14_1,0,0.3596223242367676
2015,12,NLD.9_1,0,0.2229266434644838
2015,12,PRT.12_1,0,0.24910521563350344
2015,12,PRT.14_1,0,0.2338604085575211
2015,12,PRT.15_1,0,0.2447372799084247
2015,12,PRT.16_1,0,0.26830577330349786
2015,12,PRT.4_1,0,0.25527468571161765
2015,12,TUR.40_1,0,0.2667009100033554
