year,month,gid_1,est,se
2015,12,ESP.1_1,0.026416366492562314,0.14716405998717585
2015,12,ESP.10_1,0.12459845753956951,0.31970854229704226
2015,12,ESP.11_1,0,0.32080343678318496
2015,12,ESP.12_1,0,0.28363213603434023
2015,12,ESP.13_1,0.3198487709961571,0.46632599736174857
2015,12,ESP.14_1,0,0.369633332319026
2015,12,ESP.15_1,0.00701862506888119,0.08341504233090427
2015,12,ESP.16_1,0.0011252558440312018,0.15021050434037017
2015,12,ESP.17_1,0,0.31304882365384135
2015,12,ESP.18_1,0.23963591306608634,0.42668955235000355
2015,12,ESP.2_1,0.017535105952566344,0.10671167883395379
2015,12,ESP.3_1,0,0.28343892064831916
2015,12,ESP.4_1,7.589687490552323e-4,0.13520915023640684
2015,12,ESP.5_1,0,0.28183701738618305
2015,12,ESP.6_1,0.10084902359779772,0.2633473472388668
2015,12,ESP.8_1,0.010026607241258844,0.099549326823467
2015,12,ESP.9_1,0,0
