year,month,gid_1,est,se
2021,06,ESP.1_1,0,0.3697929203635067
2021,06,ESP.10_1,0,0.3687902980622278
2021,06,ESP.11_1,0,0.37172744483725706
2021,06,ESP.12_1,0,0.3945523380220926
2021,06,ESP.13_1,0,0.3893961729763535
2021,06,ESP.14_1,0,0.3458793390695749
2021,06,ESP.15_1,0,0.3594442052248944
2021,06,ESP.16_1,0.09223887388630311,0.35853176137598725
2021,06,ESP.17_1,0.549,0.4972851592596251
2021,06,ESP.18_1,0,0.37316553620983184
2021,06,ESP.2_1,0,0.3695849799570671
2021,06,ESP.3_1,0.085,0.22750654780290466
2021,06,ESP.4_1,0,0.37988385392740154
2021,06,ESP.5_1,0,0.37785145431543704
2021,06,ESP.6_1,0,0.36429858501289747
2021,06,ESP.7_1,0,0.3627281611432038
2021,06,ESP.8_1,0,0.37316553620983184
2021,06,ESP.9_1,0,0.375977315952624
