year,month,gid_1,est,se
2021,06,ESP.1_1,0,0.35392793248725735
2021,06,ESP.10_1,0,0.34638890745737455
2021,06,ESP.11_1,0,0.3422753811779145
2021,06,ESP.12_1,0,0.3596266677690541
2021,06,ESP.13_1,0,0.3606013667412216
2021,06,ESP.14_1,0,0.3247881269300128
2021,06,ESP.15_1,0,0.32459687594332076
2021,06,ESP.16_1,0.0381201801732387,0.119407665623796
2021,06,ESP.17_1,0.45799999999999996,0.4976101394543867
2021,06,ESP.18_1,0,0.32585212293924554
2021,06,ESP.2_1,0,0.3637436831541453
2021,06,ESP.3_1,0,0.08765439832789834
2021,06,ESP.4_1,0,0.3363328901556491
2021,06,ESP.5_1,0,0.34675887946502004
2021,06,ESP.6_1,0,0.340315804513729
2021,06,ESP.7_1,0,0.36699758372949376
2021,06,ESP.8_1,0,0.3344554574869456
2021,06,ESP.9_1,0,0.3637866099943548
