year,month,gid_1,est,se
2021,06,ESP.1_1,0,0.3644458746435789
2021,06,ESP.10_1,0,0.3641458331488061
2021,06,ESP.11_1,0,0.3789090723250085
2021,06,ESP.12_1,0,0.3706573194744741
2021,06,ESP.13_1,0,0.35212166697811564
2021,06,ESP.14_1,0,0.335815410041592
2021,06,ESP.15_1,0,0.368469112370423
2021,06,ESP.16_1,0.09409390987037784,0.3523596215556915
2021,06,ESP.17_1,0.545,0.4976548717128011
2021,06,ESP.18_1,0,0.36944605283734
2021,06,ESP.2_1,0,0.3737471323658486
2021,06,ESP.3_1,0.076,0.19967410048447942
2021,06,ESP.4_1,0,0.3713584327286296
2021,06,ESP.5_1,0,0.3754835400407695
2021,06,ESP.6_1,0,0.3718352911823394
2021,06,ESP.7_1,0,0.36442406298760094
2021,06,ESP.8_1,0,0.3614857089635732
2021,06,ESP.9_1,0,0.37520197189225624
