year,month,gid_1,est,se
2021,06,AUT.1_1,0.7548585768776689,0.1259316160223074
2021,06,AUT.2_1,0.49599310662729984,0.24874479061579632
2021,06,AUT.3_1,0.49649430995073857,0.23370500718190493
2021,06,AUT.4_1,0.49991331853496956,0.23465161053454928
2021,06,AUT.5_1,0.2101533597635707,0.1843199221332776
2021,06,AUT.6_1,0.5145140112216318,0.2161823856497264
2021,06,AUT.7_1,0.7527968177688811,0.13689618339263368
2021,06,AUT.8_1,0.5068946426828215,0.1807072005973171
2021,06,AUT.9_1,0.07256199873698733,0.12980099626496625
2021,06,CHE.19_1,1,0
2021,06,CHE.21_1,0.529,0.2498289747381613
2021,06,CHE.25_1,1,0
2021,06,CHE.26_1,0.556,0.24867572739447844
2021,06,DEU.11_1,0.906,0.14606041886243712
2021,06,DEU.2_1,0.5496037468731847,0.1559838665634003
2021,06,ESP.16_1,0.6679222521719014,0.2162348235128489
2021,06,ESP.17_1,0.4218518622527576,0.19200935372528635
2021,06,ESP.3_1,0.058656354139409624,0.11504932769063124
2021,06,HRV.8_1,0.525,0.24993724168466191
2021,06,HUN.1_1,0.219,0.20699129921449128
2021,06,HUN.10_1,0.3814046658862776,0.23470216716729583
2021,06,HUN.11_1,0.649,0.23888034782571396
2021,06,HUN.12_1,0.3624911943778719,0.23786943315804698
2021,06,HUN.13_1,0.812,0.1955516367736334
2021,06,HUN.14_1,0.23557726872246412,0.15286729541500327
2021,06,HUN.18_1,0.841,0.1830210641514696
2021,06,HUN.2_1,0.227,0.20965594978187624
2021,06,HUN.4_1,0.798,0.20094705536135068
2021,06,HUN.5_1,0.419,0.24694463412472373
2021,06,HUN.8_1,0.046,0.10484738888946601
2021,06,HUN.9_1,0.685,0.2324904289369673
2021,06,ITA.10_1,0.218,0.20665034727212375
2021,06,ITA.20_1,0.033,0.08940765887328074
2021,06,ITA.7_1,1,0
2021,06,NLD.7_1,0.07,0.1277012094311619
2021,06,ROU.14_1,0.364,0.24081512797121724
2021,06,ROU.29_1,0.598,0.24539637026186198
2021,06,SRB.5_1,0.082,0.13731968006214626
2021,06,SVN.8_1,0.729,0.22246050855613958
