year,month,gid_2,est,se
2022,10,ESP.10.1_1,0.378,0.48513024163759505
2022,10,ESP.10.2_1,0.432,0.49560228169533443
2022,10,ESP.10.3_1,0.961,0.19369180807797864
