year,month,gid_4,est,se
2021,02,HUN.14.5_1,0.048,0.21387319079712103
2021,02,HUN.2.1_1,0.045,0.20740785428237288
2021,02,HUN.2.3_1,0.058,0.2338604085575211
2021,02,HUN.5.1_1,0.065,0.24664921616708177
2021,02,ITA.17.2.1_1,0.042,0.20068950215762726
2021,02,ITA.17.2.202_1,0.042,0.20068950215762726
2021,02,ITA.20.7.115_1,0.041,0.19838941090279583
2021,02,ITA.20.7.6_1,0.041,0.19838941090279583
