year,month,gid_3,est,se
2015,04,ESP.10.1.1_1,0.233,0.42295376802895357
2015,04,ESP.10.1.2_1,0.004,0.06315051850925682
2015,04,ESP.10.1.3_1,0.018,0.13301764429463367
2015,04,ESP.10.1.4_1,0.986,0.11754921445002436
2015,04,ESP.10.1.5_1,0.37,0.48304589153964794
2015,04,ESP.10.1.6_1,0.546,0.49812863010685515
2015,04,ESP.10.1.7_1,1,0
2015,04,ESP.10.1.8_1,0.001,0.03162277660168379
2015,04,ESP.10.1.9_1,0.016,0.12553788177183714
2015,04,ESP.10.2.1_1,0.069,0.2535809600567505
2015,04,ESP.10.2.2_1,0.622,0.48513024163759505
2015,04,ESP.10.2.3_1,0.355,0.4787527589520547
2015,04,ESP.10.2.5_1,0.141,0.34819569244928955
2015,04,ESP.10.2.7_1,0.703,0.4571651780264984
2015,04,ESP.10.2.8_1,0.283,0.4506818324651152
2015,04,ESP.10.3.1_1,0.839,0.3677148544921924
2015,04,ESP.10.3.10_1,0.999,0.03162277660168379
2015,04,ESP.10.3.11_1,0.976,0.15312559370479986
2015,04,ESP.10.3.12_1,0.004,0.06315051850925682
2015,04,ESP.10.3.13_1,0.178,0.38270414482007176
2015,04,ESP.10.3.14_1,0.064,0.24487540497968344
2015,04,ESP.10.3.16_1,0.508,0.5001861515337926
2015,04,ESP.10.3.17_1,0.997,0.05471740119919799
2015,04,ESP.10.3.18_1,0.241,0.42790431418963526
2015,04,ESP.10.3.2_1,0.126,0.3320154126456093
2015,04,ESP.10.3.3_1,0.028,0.16505527329729044
2015,04,ESP.10.3.4_1,0.032,0.17608806605504818
2015,04,ESP.10.3.5_1,0.342,0.47461696267754827
2015,04,ESP.10.3.6_1,0.01,0.0995485304256668
2015,04,ESP.10.3.7_1,0.959,0.19838941090279583
2015,04,ESP.10.3.8_1,0.936,0.24487540497968344
2015,04,ESP.10.3.9_1,0.811,0.3917045218432287
