year,month,gid_3,est,se
2015,04,ESP.10.1.1_1,0.041,0.19838941090279583
2015,04,ESP.10.1.2_1,0,0
2015,04,ESP.10.1.2_1,0,0
2015,04,ESP.10.1.2_1,0,0
2015,04,ESP.10.1.2_1,0,0
2015,04,ESP.10.1.3_1,0.038,0.19129190414806527
2015,04,ESP.10.1.4_1,0.965,0.18387171834952978
2015,04,ESP.10.1.5_1,0.037,0.1888562063228706
2015,04,ESP.10.1.6_1,0.063,0.24308453280719053
2015,04,ESP.10.1.7_1,0.071,0.25695335184625445
2015,04,ESP.10.1.8_1,0,0
2015,04,ESP.10.1.8_1,0,0
2015,04,ESP.10.1.8_1,0,0
2015,04,ESP.10.1.8_1,0,0
2015,04,ESP.10.1.9_1,0.106,0.30799165387857325
2015,04,ESP.10.2.1_1,0.514,0.5000540511325291
2015,04,ESP.10.2.2_1,0.062,0.24127621974453722
2015,04,ESP.10.2.3_1,0.052,0.22213812222431645
2015,04,ESP.10.2.5_1,0.074,0.2619018758859749
2015,04,ESP.10.2.7_1,0.056,0.23003677296666486
2015,04,ESP.10.2.8_1,0.657,0.47494902524015836
2015,04,ESP.10.3.1_1,0.109,0.3117951510466707
2015,04,ESP.10.3.10_1,0.982,0.13301764429463367
2015,04,ESP.10.3.11_1,0.919,0.27297163499805893
2015,04,ESP.10.3.12_1,0,0
2015,04,ESP.10.3.12_1,0,0
2015,04,ESP.10.3.13_1,0.077,0.26672484350382913
2015,04,ESP.10.3.14_1,0.012,0.10893974420691407
2015,04,ESP.10.3.16_1,0.117,0.32158111638343195
2015,04,ESP.10.3.17_1,0.958,0.20068950215762726
2015,04,ESP.10.3.18_1,0.099,0.2988114594326802
2015,04,ESP.10.3.2_1,0.246,0.4308940353145651
2015,04,ESP.10.3.3_1,0.097,0.296105857217784
2015,04,ESP.10.3.4_1,0.019,0.13659303663678343
2015,04,ESP.10.3.5_1,0.84,0.366789496216201
2015,04,ESP.10.3.6_1,0.009,0.09448771310560929
2015,04,ESP.10.3.7_1,0.917,0.2760202658994212
2015,04,ESP.10.3.8_1,0.845,0.362085771753194
2015,04,ESP.10.3.9_1,0.098,0.29746341705239066
