ID_0,est,se
ESP,0.9966709177722188,0.21553927331503894
