year,month,gid_1,est,se
2016,01,ESP.1_1,0.03516499305995301,0.15696989052046648
2016,01,ESP.10_1,0.27958960891902085,0.44065682561445513
2016,01,ESP.11_1,0,0.3538024550532121
2016,01,ESP.12_1,0,0.32439220506674493
2016,01,ESP.13_1,0.31988181818181816,0.46554025360620294
2016,01,ESP.14_1,0,0.4031023960195564
2016,01,ESP.15_1,0.0040363636363636365,0.06315051850925682
2016,01,ESP.16_1,8.576507236906248e-4,0.1706352719352671
2016,01,ESP.17_1,0,0.3155242550986462
2016,01,ESP.18_1,0.3451090909090909,0.4746169626775483
2016,01,ESP.2_1,0.006514009435620146,0.0793585777289084
2016,01,ESP.3_1,0,0.32744957355785825
2016,01,ESP.4_1,0.0020922463642921037,0.17671468057071063
2016,01,ESP.5_1,0,0.33817519580478433
2016,01,ESP.6_1,0.17550380712134855,0.33762160803315233
2016,01,ESP.7_1,0,0.373731771775445
2016,01,ESP.8_1,0.010090909090909091,0.0995485304256668
2016,01,ESP.9_1,0.0030272727272727274,0.05471740119919799
