year,month,gid_1,est,se
2016,01,ESP.1_1,0,0
2016,01,ESP.10_1,0,0.05236918326778261
2016,01,ESP.11_1,0,0.29955819986146515
2016,01,ESP.12_1,0,0.30855245415680266
2016,01,ESP.13_1,0,0.12553788177183714
2016,01,ESP.14_1,0,0.3012221349220531
2016,01,ESP.15_1,0,0
2016,01,ESP.16_1,0,0
2016,01,ESP.17_1,0,0.290577761426155
2016,01,ESP.18_1,0.094,0.29197474077263813
2016,01,ESP.2_1,0,0
2016,01,ESP.3_1,0,0.32744957355785825
2016,01,ESP.4_1,0,0
2016,01,ESP.5_1,0,0.3162975701989828
2016,01,ESP.6_1,0.015919983341674014,0.05991855553181101
2016,01,ESP.8_1,0,0.20740785428237285
2016,01,ESP.9_1,0,0.03162277660168379
2016,01,ITA.10_1,0,0
2016,01,ITA.15_1,0,0.12985796892482543
