year,month,gid_1,est,se
2016,01,ESP.10_1,0.855,0.3522770203960217
2016,01,ESP.6_1,0.94,0.237605674293474
