year,month,gid_1,est,se
2022,07,ESP.1_1,0,0.4411960113340022
2022,07,ESP.10_1,0,0.4429857146372056
2022,07,ESP.11_1,0,0.4506652865299221
2022,07,ESP.12_1,0,0.437725506212948
2022,07,ESP.13_1,0,0.43380547159664457
2022,07,ESP.14_1,0,0.4439407891505044
2022,07,ESP.15_1,0,0.4426137220047599
2022,07,ESP.16_1,0.07334321970584035,0.35568031625052066
2022,07,ESP.17_1,0.33,0.4704480006560995
2022,07,ESP.18_1,0,0.4426137220047599
2022,07,ESP.2_1,0,0.4372369506650828
2022,07,ESP.3_1,0,0.13301764429463367
2022,07,ESP.4_1,0,0.44191939245064876
2022,07,ESP.5_1,0,0.4447095513987615
2022,07,ESP.6_1,0,0.437028040219624
2022,07,ESP.8_1,0,0.4446985009607709
2022,07,ESP.9_1,0,0.4291097005838194
2022,07,ITA.1_1,0,0.4507490855070358
2022,07,ITA.10_1,0,0.3995285150622224
2022,07,ITA.11_1,0,0.4382462023528864
2022,07,ITA.12_1,0,0.43092885142859955
2022,07,ITA.13_1,0,0.4408023670716458
2022,07,ITA.14_1,0,0.4377820700116828
2022,07,ITA.15_1,0,0.43823288307493546
2022,07,ITA.16_1,0,0.4431033460748685
2022,07,ITA.17_1,0,0.44533804398356436
2022,07,ITA.18_1,0,0.43243728581558094
2022,07,ITA.19_1,0,0.44623214039681536
2022,07,ITA.2_1,0,0.43853481827136326
2022,07,ITA.20_1,0.0019375252896508526,0.3666791560177708
2022,07,ITA.3_1,0,0.4513396070589516
2022,07,ITA.4_1,0,0.4382524675559182
2022,07,ITA.5_1,0,0.4345099826630323
2022,07,ITA.6_1,0,0.4388383888205324
2022,07,ITA.7_1,0,0.21978249703190056
2022,07,ITA.8_1,0,0.4404479577820167
2022,07,ITA.9_1,0,0.44402367788604785
