year,month,gid_1,est,se
2022,07,ESP.1_1,0,0.3681090068544862
2022,07,ESP.10_1,0,0.36916463030324587
2022,07,ESP.11_1,0,0.3522033251415062
2022,07,ESP.12_1,0,0.34074897907136875
2022,07,ESP.13_1,0,0.37039071477466234
2022,07,ESP.14_1,0,0.3734056556472383
2022,07,ESP.15_1,0,0.37440022779129395
2022,07,ESP.16_1,0.05085054587561243,0.1568405931167871
2022,07,ESP.17_1,0.524,0.49940623296612646
2022,07,ESP.18_1,0,0.3410304829548063
2022,07,ESP.2_1,0,0.35568237393186114
2022,07,ESP.3_1,0,0.1010368300462511
2022,07,ESP.4_1,0,0.3669976849277937
2022,07,ESP.5_1,0,0.3435518965560002
2022,07,ESP.6_1,0,0.3566666954247031
2022,07,ESP.8_1,0,0.36835447281473865
2022,07,ESP.9_1,0,0.3693752395928519
