year,month,gid_1,est,se
2022,07,ESP.1_1,0,0.35452671543852826
2022,07,ESP.10_1,0,0.3689777170348138
2022,07,ESP.11_1,0,0.34404333337297405
2022,07,ESP.12_1,0,0.35945473144537476
2022,07,ESP.13_1,0,0.3380466169900521
2022,07,ESP.14_1,0,0.3427477993486648
2022,07,ESP.15_1,0,0.3415817161827324
2022,07,ESP.16_1,0.051883402328904274,0.1638703023662072
2022,07,ESP.17_1,0.538,0.4980901139739408
2022,07,ESP.18_1,0,0.3573660751234922
2022,07,ESP.2_1,0,0.3569372987437166
2022,07,ESP.3_1,0,0.10776853088194793
2022,07,ESP.4_1,0,0.3440403474096123
2022,07,ESP.5_1,0,0.3521115456007602
2022,07,ESP.6_1,0,0.3540632895453255
2022,07,ESP.8_1,0,0.3320296923768423
2022,07,ESP.9_1,0,0.3837972550254487
