year,month,gid_1,est,se
2022,07,ESP.1_1,0,0.34515330722083953
2022,07,ESP.10_1,0,0.3585852929004605
2022,07,ESP.11_1,0,0.36200844511799407
2022,07,ESP.12_1,0,0.36745719249171777
2022,07,ESP.13_1,0,0.34356891559762415
2022,07,ESP.14_1,0,0.31657271874935505
2022,07,ESP.15_1,0,0.34135441567083363
2022,07,ESP.16_1,0.11807882375156675,0.37207597226346256
2022,07,ESP.17_1,0.335,0.4657018135870967
2022,07,ESP.18_1,0,0.36740603215590806
2022,07,ESP.2_1,0,0.3753553716650534
2022,07,ESP.3_1,0.073,0.20438338498238698
2022,07,ESP.4_1,0,0.34573367177133857
2022,07,ESP.5_1,0,0.3564540215264981
2022,07,ESP.6_1,0,0.354380162179554
2022,07,ESP.8_1,0,0.36346599416636505
2022,07,ESP.9_1,0,0.3787433660921417
