year,month,gid_1,est,se
2022,07,ESP.1_1,0,0.2949258722271013
2022,07,ESP.10_1,0,0.2919585651298828
2022,07,ESP.11_1,0,0.2860295808457366
2022,07,ESP.12_1,0,0.3099351295418205
2022,07,ESP.13_1,0,0.3044213075003482
2022,07,ESP.14_1,0,0.2513057078187548
2022,07,ESP.15_1,0,0.31910619398219076
2022,07,ESP.16_1,0.12702820055190853,0.3243689174443727
2022,07,ESP.17_1,0.259,0.40551315492063716
2022,07,ESP.18_1,0,0.2902920392978633
2022,07,ESP.2_1,0,0.298586273052059
2022,07,ESP.3_1,0.047,0.05869198040660993
2022,07,ESP.4_1,0,0.2959599245232204
2022,07,ESP.5_1,0,0.30324842745362335
2022,07,ESP.6_1,0,0.306323020506029
2022,07,ESP.8_1,0,0.2738206618171228
2022,07,ESP.9_1,0,0.3057924295225129
