year,month,gid_2,est,se
2014,10,ESP.10.1_1,0.29,0.4539891035103223
2014,10,ESP.10.2_1,0.259,0.4383048152953731
2014,10,ESP.10.3_1,0.236,0.4248346554654934
2014,10,ESP.18.1_1,0.269,0.4436618485241162
2014,10,ESP.2.3_1,0.237,0.4254550646214145
2014,10,ESP.4.1_1,0.194,0.39562674393994207
2014,10,ESP.6.1_1,0.348,0.47657436263727315
2014,10,ESP.6.2_1,0.327,0.46935199082489393
2014,10,ESP.6.4_1,0.301,0.4589222261011223
