ID_0,est,se
ALB,0.9921193675282,0.28734024850258844
ARG,0.475553413528192,0.2997829096879626
AUT,0.136822,0.022965405305023463
BEL,0,0
BGR,0.9999993823199663,0.3444628902914762
BIH,0.876720728,0.36609336206743404
BRA,0.82107856,0.3088575714736731
CHE,0.741895781,0.44833978072128744
CHN,0.970716288855872,0.1828386658465613
COL,0.988,0.10893974420691407
DEU,0.629,0.24165708793277335
ESP,0.9360855471264473,0.0611117252761064
FJI,0.9999735603778394,0.46272466339510593
FRA,0.999999560511789,0.27055725555793225
GRC,0.20100000000000007,0.13364952498554641
GTM,0.786656,0.4987024392682943
HND,0.557,0.49698893146427114
HRV,0.9995196068367754,0.41251526671187716
HUN,0.9903536536782087,0.19542985913686775
IND,0.1817460099999999,0.1844523222932703
ITA,1,0.22076780131096171
KOR,0.96855,0.3810335662014356
LKA,0.131,0.33756918246924283
MEX,0.16271100000000005,0.25011316372487
MMR,0.525,0.499624483612067
NLD,0.6831799999999999,0.002648040733909798
PAK,0,0
PAN,0.02400000000000002,0.15312559370479986
PER,0,0
PRT,0.985189913002,0.4649837209501617
PSE,0.17700000000000005,0.3818596821043259
ROU,0.633300868,0.28165068690309636
SLB,0.562,0.4963893657225167
SRB,0.7872950220798764,0.31951038057452685
SVN,0.925375973185,0.27571456936522964
THA,0.392,0.4884409632438444
TUR,0.9999999890525647,0.3370170299310451
USA,0.49548547911659413,0.09303527135873398
XKO,0.21299999999999997,0.40963251677424095
ZAF,0.10899999999999999,0.3117951510466707
