year,month,gid_1,est,se
2017,07,ESP.1_1,0.2931726326357872,0.38831088646681444
2017,07,ESP.10_1,0.8374925489108905,0.36426763575417337
2017,07,ESP.11_1,0,0.49655170878902344
2017,07,ESP.12_1,0,0.4988526935738977
2017,07,ESP.13_1,0.9051545454545454,0.304110972316823
2017,07,ESP.14_1,0,0.4955286034920735
2017,07,ESP.15_1,0.06760909090909091,0.25014710386805117
2017,07,ESP.16_1,0.04110605174800685,0.35852314762848053
2017,07,ESP.17_1,0,0.49839682924292306
2017,07,ESP.18_1,0.8335090909090909,0.37929917989348183
2017,07,ESP.2_1,0.32131646938117425,0.36689650467285073
2017,07,ESP.3_1,0,0.5002501876563868
2017,07,ESP.4_1,0.037487612237456475,0.34523364825191755
2017,07,ESP.5_1,0,0.4986501024756284
2017,07,ESP.6_1,0.8449773202796718,0.3446670775536089
2017,07,ESP.7_1,0,0.4971027168615266
2017,07,ESP.8_1,0.07568181818181817,0.26352313834736496
2017,07,ESP.9_1,0.06861818181818183,0.2518718710762269
