year,month,gid_1,est,se
2017,07,ESP.1_1,0.31950026449534386,0.39898827881638294
2017,07,ESP.10_1,0.8894904297250299,0.28467067786204975
2017,07,ESP.11_1,0,0.4951713262566675
2017,07,ESP.12_1,0,0.49645330063933185
2017,07,ESP.13_1,0.962,0.1913565936110733
2017,07,ESP.14_1,0,0.49163915079041853
2017,07,ESP.15_1,0,0.15926863188145335
2017,07,ESP.16_1,0.026427813495576682,0.265100972096516
2017,07,ESP.17_1,0,0.4950571593982661
2017,07,ESP.18_1,0.898,0.3029021467272563
2017,07,ESP.2_1,0.28343696710294897,0.3693649428405461
2017,07,ESP.3_1,0,0.49242790471750303
2017,07,ESP.4_1,0,0.1880515735417106
2017,07,ESP.5_1,0,0.49223584159014533
2017,07,ESP.6_1,0.8711455398292929,0.25599448359804433
2017,07,ESP.7_1,0,0.4888264731811346
2017,07,ESP.8_1,0.056,0.23011456483862924
2017,07,ESP.9_1,0,0.13663922850376298
