year,month,gid_1,est,se
2015,08,ESP.10_1,0.657,0.47494902524015836
2015,08,ESP.6_1,0.591,0.49189527438364455
