year,month,gid_2,est,se
2020,03,ESP.10.1_1,0.253,0.43494847991478275
2020,03,ESP.10.2_1,0.84,0.366789496216201
2020,03,ESP.10.3_1,0.834,0.37226681638655706
