year,month,gid_2,est,se
2020,03,ESP.1.1_1,0.164,0.3704608498090469
2020,03,ESP.1.2_1,0.16,0.366789496216201
2020,03,ESP.1.3_1,0.269,0.4436618485241162
2020,03,ESP.1.4_1,0.139,0.3461196307619647
2020,03,ESP.1.5_1,0.06,0.237605674293474
2020,03,ESP.1.6_1,0.139,0.3461196307619647
2020,03,ESP.1.7_1,0.259,0.4383048152953731
2020,03,ESP.1.8_1,0.512,0.5001060948499889
2020,03,ESP.10.1_1,0.159,0.36585906146062974
2020,03,ESP.10.2_1,0.154,0.3611293596682696
2020,03,ESP.10.3_1,0.217,0.4124088760939574
2020,03,ESP.11.1_1,0.258,0.43775292989039793
2020,03,ESP.11.2_1,0.057,0.2319586273558386
2020,03,ESP.12.1_1,0.81,0.3924972026066607
2020,03,ESP.12.2_1,0,0.38521083498181535
2020,03,ESP.12.3_1,0,0.402433787041984
2020,03,ESP.12.4_1,0.054,0.2261307920985887
2020,03,ESP.13.1_1,0.235,0.42421097929562707
2020,03,ESP.14.1_1,0.203,0.402433787041984
2020,03,ESP.14.2_1,0.063,0.24308453280719053
2020,03,ESP.15.1_1,0.117,0.32158111638343195
2020,03,ESP.16.1_1,0,0.3924972026066607
2020,03,ESP.16.2_1,0.151,0.3582280381646966
2020,03,ESP.16.3_1,0.294,0.45581988961844544
2020,03,ESP.17.1_1,0.423,0.49428262696084646
2020,03,ESP.18.1_1,0.257,0.43719805825522845
2020,03,ESP.2.1_1,0,0.38849186082326864
2020,03,ESP.2.2_1,0.066,0.24840633185509925
2020,03,ESP.2.3_1,0.247,0.43148253403489834
2020,03,ESP.3.1_1,0.134,0.3408227694273963
2020,03,ESP.4.1_1,0.049,0.21597603025716916
2020,03,ESP.4.2_1,0,0.37226681638655706
2020,03,ESP.4.3_1,0,0.4053582555164201
2020,03,ESP.4.4_1,0.206,0.4046328307586122
2020,03,ESP.4.5_1,0.053,0.22414558046332575
2020,03,ESP.5.1_1,0.538,0.49880337288836046
2020,03,ESP.5.2_1,0.062,0.24127621974453722
2020,03,ESP.5.3_1,0.08,0.27142894774447635
2020,03,ESP.5.4_1,0,0.3924972026066607
2020,03,ESP.5.5_1,0.168,0.3740533597174552
2020,03,ESP.5.6_1,0,0.39562674393994207
2020,03,ESP.5.7_1,0,0.3758207567993567
2020,03,ESP.5.8_1,0,0.3860375953518323
2020,03,ESP.5.9_1,0,0.38849186082326864
2020,03,ESP.6.1_1,0.762,0.42607222103481185
2020,03,ESP.6.2_1,0.369,0.48277538469983333
2020,03,ESP.6.3_1,0.052,0.22213812222431645
2020,03,ESP.6.4_1,0.226,0.41844844258175834
2020,03,ESP.7.1_1,0.096,0.2947386484173239
2020,03,ESP.7.2_1,0,0.3868600013708585
2020,03,ESP.8.1_1,0.668,0.4711666350644939
2020,03,ESP.9.1_1,0,0.40963251677424095
