year,month,gid_1,est,se
2022,08,ESP.1_1,0.12075833880237322,0.1813771882129059
2022,08,ESP.10_1,0.2657833657430344,0.39886822155946844
2022,08,ESP.11_1,0.028626365646887978,0.023813696171598515
2022,08,ESP.12_1,0.14278492303509435,0.4187332083853259
2022,08,ESP.13_1,0.2374279705573081,0.38724891661609334
2022,08,ESP.14_1,0.10221465815931856,0.18908961876968106
2022,08,ESP.15_1,0.047692954784437434,0.08891913825729326
2022,08,ESP.16_1,0.13303306983307128,0.3841403976991899
2022,08,ESP.17_1,0.34836593059936916,0.4610860163331947
2022,08,ESP.18_1,0.653186119873817,0.47590373238791056
2022,08,ESP.2_1,0.08333945560704988,0.2700329573214665
2022,08,ESP.3_1,0.038361724500525766,0.0595775914828781
2022,08,ESP.4_1,0.04894411054542761,0.28459606833706236
2022,08,ESP.5_1,0.05025228547780236,0.2869345015738701
2022,08,ESP.6_1,0.30413449796104336,0.3096618784399654
2022,08,ESP.7_1,0.10575394321766561,0.22082619256134894
2022,08,ESP.8_1,0.2747528916929548,0.4171860294024026
2022,08,ESP.9_1,0,0.40210039347334614
