year,month,gid_1,est,se
2022,08,ESP.1_1,0.14537349500862257,0.2699586120741196
2022,08,ESP.10_1,0.35368248618501935,0.46000853359059407
2022,08,ESP.11_1,0.03263173151084104,0.16846933459710567
2022,08,ESP.12_1,0.016617476838843747,0.3407800249260616
2022,08,ESP.13_1,0.3061675529425509,0.4487319471135974
2022,08,ESP.14_1,0.09144907602417197,0.19284120088138976
2022,08,ESP.15_1,0.020850120092861885,0.13659303663678343
2022,08,ESP.16_1,0.22771169468890518,0.4691036251682919
2022,08,ESP.17_1,0.3226281740684944,0.45581988961844544
2022,08,ESP.18_1,0,0.47044800065609943
2022,08,ESP.2_1,0.013459534199313434,0.2345887747189599
2022,08,ESP.3_1,0.02962911802669847,0.162164414398774
2022,08,ESP.4_1,0,0.3877128087936269
2022,08,ESP.5_1,0.3467539226549736,0.42645339577229846
2022,08,ESP.6_1,0.4039565159265099,0.3534806815001197
2022,08,ESP.7_1,0,0.36955049393495276
2022,08,ESP.8_1,0.37639953641324353,0.47494902524015836
2022,08,ESP.9_1,0,0.4580489153014215
2022,08,ITA.1_1,0,0.17078063894035753
2022,08,ITA.10_1,0.2272677233598262,0.3575085860616943
2022,08,ITA.11_1,0,0.23351174669187558
2022,08,ITA.12_1,0,0.4615363685739702
2022,08,ITA.13_1,0,0.24057325753585407
2022,08,ITA.14_1,0.04256891093236409,0.24313172618095752
2022,08,ITA.15_1,0.11430930902649324,0.2912332770749403
2022,08,ITA.16_1,0.23663854603365414,0.3230690474319751
2022,08,ITA.17_1,0.8137885937824104,0.2236511726704669
2022,08,ITA.18_1,0,0.16997518219351176
2022,08,ITA.19_1,0,0.4663222667388471
2022,08,ITA.2_1,0,0.18803296504582573
2022,08,ITA.20_1,0.28746638699485233,0.39403772464304926
2022,08,ITA.3_1,0.03693204883635732,0.18042468104032594
2022,08,ITA.4_1,0,0.24845968656273387
2022,08,ITA.5_1,0.2661970178220145,0.45823928870055414
2022,08,ITA.6_1,0.21129650223257007,0.3233905632785596
2022,08,ITA.7_1,0.4254840916022517,0.4665001365817354
2022,08,ITA.8_1,0.22112692476582008,0.3403508304359918
2022,08,ITA.9_1,0.07625680160378237,0.21795505603581436
