year,month,gid_1,est,se
2022,08,ESP.1_1,0.1626163685166624,0.22186481858729645
2022,08,ESP.10_1,0.2741952327417115,0.3895617094096578
2022,08,ESP.11_1,0.05964018000373888,0.10879331299062432
2022,08,ESP.12_1,0.1395268252440626,0.41305183629535724
2022,08,ESP.13_1,0.3864148681055156,0.4609596164008381
2022,08,ESP.14_1,0.1245103799099463,0.21896205692397516
2022,08,ESP.15_1,0.07151558752997601,0.13715099758353447
2022,08,ESP.16_1,0.17940382874471436,0.4008465530589896
2022,08,ESP.17_1,0.4579304556354917,0.4852072633283844
2022,08,ESP.18_1,0.5363669064748202,0.4985300847421472
2022,08,ESP.2_1,0.08999423472597397,0.277369601963118
2022,08,ESP.3_1,0.06228776978417266,0.11591605011578077
2022,08,ESP.4_1,0.06329506464971772,0.2973396959796484
2022,08,ESP.5_1,0.11156682416139406,0.36225654002247487
2022,08,ESP.6_1,0.37504363559045195,0.37941350283254077
2022,08,ESP.7_1,0.13841726618705033,0.2547116370387949
2022,08,ESP.8_1,0.42101918465227817,0.4742013507849842
2022,08,ESP.9_1,0,0.39966387181311924
