year,month,gid_1,est,se
2021,04,ESP.1_1,0.21136692692968814,0.3381202499032417
2021,04,ESP.10_1,0.7737954517862082,0.41703356270133757
2021,04,ESP.11_1,0,0.40621724399222503
2021,04,ESP.12_1,0,0.4125037774377105
2021,04,ESP.13_1,0.351,0.4776832397841323
2021,04,ESP.14_1,0,0.3929349615483218
2021,04,ESP.16_1,0,0.1129197964336593
2021,04,ESP.17_1,0,0.40906765038415666
2021,04,ESP.18_1,0.382,0.48628403993709335
2021,04,ESP.2_1,0,0
2021,04,ESP.3_1,0,0.3886232376840489
2021,04,ESP.4_1,0,0.047889359921346804
2021,04,ESP.5_1,0,0.3895501909318424
2021,04,ESP.6_1,0.4649882187256154,0.47104385330437043
2021,04,ESP.7_1,0,0.38367384208891275
2021,04,ESP.8_1,0,0.10438992496998988
2021,04,ESP.9_1,0,0.044714086799345555
