year,month,gid_2,est,se
2020,09,ESP.10.1_1,0.264,0.4410198391212106
2020,09,ESP.10.2_1,0.881,0.32395052700056526
2020,09,ESP.10.3_1,0.828,0.3775692765024169
