year,month,gid_2,est,se
2014,09,ESP.1.1_1,0.04,0.19605723255834873
2014,09,ESP.1.2_1,0.041,0.19838941090279583
2014,09,ESP.1.3_1,0.039,0.19369180807797864
2014,09,ESP.1.4_1,0.039,0.19369180807797864
2014,09,ESP.1.5_1,0,0.4610602743422779
2014,09,ESP.1.6_1,0.047,0.21174474216810163
2014,09,ESP.1.7_1,0.353,0.4781418404821101
2014,09,ESP.1.8_1,0.04,0.19605723255834873
2014,09,ESP.10.1_1,0.325,0.46860921309188386
2014,09,ESP.10.2_1,0.292,0.45490981847278583
2014,09,ESP.10.3_1,0.188,0.39090767299812473
2014,09,ESP.11.1_1,0,0.4663222667388471
2014,09,ESP.11.2_1,0,0.45536618051668964
2014,09,ESP.12.1_1,0,0.45536618051668964
2014,09,ESP.12.2_1,0,0.46554025360620294
2014,09,ESP.12.3_1,0,0.4589222261011223
2014,09,ESP.12.4_1,0,0.46148018805140917
2014,09,ESP.13.1_1,0.577,0.49428262696084646
2014,09,ESP.14.1_1,0,0.45211548127487117
2014,09,ESP.14.2_1,0,0.44922355437109684
2014,09,ESP.15.1_1,0.057,0.2319586273558386
2014,09,ESP.16.1_1,0,0.462724663395106
2014,09,ESP.16.2_1,0.042,0.20068950215762726
2014,09,ESP.16.3_1,0.042,0.20068950215762726
2014,09,ESP.17.1_1,0,0.45019848809017415
2014,09,ESP.18.1_1,0.536,0.498951854343636
2014,09,ESP.2.1_1,0.053,0.22414558046332575
2014,09,ESP.2.2_1,0.041,0.19838941090279583
2014,09,ESP.2.3_1,0.052,0.22213812222431645
2014,09,ESP.3.1_1,0,0.46971974265154814
2014,09,ESP.4.1_1,0.049,0.21597603025716916
2014,09,ESP.4.2_1,0,0.4539891035103223
2014,09,ESP.4.3_1,0.055,0.22809433799861634
2014,09,ESP.4.5_1,0.039,0.19369180807797864
2014,09,ESP.5.1_1,0,0.4511624403111894
2014,09,ESP.5.2_1,0,0.4610602743422779
2014,09,ESP.5.3_1,0,0.4410198391212106
2014,09,ESP.5.6_1,0,0.4589222261011223
2014,09,ESP.5.7_1,0,0.4539891035103223
2014,09,ESP.5.8_1,0,0.4602127723084137
2014,09,ESP.5.9_1,0,0.4651455260027343
2014,09,ESP.6.1_1,0.847,0.3601676286407771
2014,09,ESP.6.2_1,0.882,0.3227695465501356
2014,09,ESP.6.3_1,0.054,0.2261307920985887
2014,09,ESP.6.4_1,0.528,0.49946517943242597
2014,09,ESP.7.1_1,0,0.45978516983739526
2014,09,ESP.7.2_1,0,0.4602127723084137
2014,09,ESP.8.1_1,0.048,0.21387319079712103
2014,09,ESP.9.1_1,0.056,0.23003677296666486
