year,month,gid_1,est,se
2019,07,ESP.10_1,0.984,0.12553788177183714
2019,07,ESP.6_1,0.985,0.12161327966052798
