year,month,gid_3,est,se
2017,06,AUT.4.8.1_2,0.269,0.4436618485241162
2017,06,ESP.16.2.1_1,0.087,0.2819760814510878
2017,06,ESP.16.3.1_1,0.088,0.28343665312788385
2017,06,ESP.17.1.1_1,0.259,0.4383048152953731
2017,06,ESP.17.1.2_1,0.259,0.4383048152953731
2017,06,ESP.17.1.4_1,0.259,0.4383048152953731
2017,06,ESP.17.1.8_1,0.259,0.4383048152953731
2017,06,ESP.3.1.1_1,0.089,0.2848862231842041
2017,06,ESP.3.1.11_1,0.089,0.2848862231842041
2017,06,ESP.3.1.2_1,0.089,0.2848862231842041
2017,06,ESP.3.1.4_1,0.089,0.2848862231842041
2017,06,ESP.3.1.6_1,0.089,0.2848862231842041
