year,month,gid_3,est,se
2017,11,ESP.10.1.1_1,0.001979456168128698,0.02328605245347268
2017,11,ESP.10.1.4_1,0.002971476130165392,0.023419752203649457
2017,11,ESP.10.1.6_1,0.00316217086837412,0.026968898613835113
2017,11,ESP.10.1.7_1,0.006592509409750561,0.046882746990980155
2017,11,ESP.10.1.9_1,0.004511656215542003,0.0421480330074526
2017,11,ESP.10.2.5_1,8.568767607408961e-4,0.010329846966760363
2017,11,ESP.10.2.7_1,0.003948650394977688,0.02616796875684644
2017,11,ESP.10.2.8_1,0.006530253289381336,0.0440720617573773
2017,11,ESP.10.3.1_1,0.006656408021019203,0.06867956819851176
2017,11,ESP.10.3.13_1,0.0032216537341254064,0.023775265057091783
2017,11,ESP.10.3.4_1,0.022703274516293486,0.18412815854260506
2017,11,ESP.10.3.7_1,0.015653161598368603,0.1470352407511998
2017,11,ESP.10.3.8_1,0.011864679707236363,0.11137010632860164
2017,11,ESP.18.1.5_1,0.001756715261716283,0.018125458241355877
2017,11,ESP.2.2.1_1,5.510541903978218e-4,0.0029164144293414664
2017,11,ESP.2.3.2_1,2.8782004211483505e-4,0.001258181119580635
2017,11,ESP.6.1.10_1,0.005278140932331426,0.039558741463584436
2017,11,ESP.6.1.11_1,0.005138399617173274,0.03848623113979783
2017,11,ESP.6.1.12_1,0.004184047925472885,0.029355311177097703
2017,11,ESP.6.1.3_1,0.008016739739979394,0.05724749887106147
2017,11,ESP.6.1.5_1,0.0028936855133955956,0.026916300550462784
2017,11,ESP.6.1.6_1,0.014464205903823222,0.08727931346015265
2017,11,ESP.6.1.9_1,0.003243840928719582,0.02127993029868743
2017,11,ESP.6.2.4_1,0.004304556626555055,0.028636271795800708
2017,11,ESP.6.2.5_1,0.0012140958553104304,0.011104481290978274
2017,11,ESP.6.2.6_1,0.0037876138282783574,0.023812678059507212
2017,11,ESP.6.2.7_1,0.004565614905125822,0.032132142273721874
2017,11,ESP.6.3.10_1,0.0013128061299676665,0.01354528716536419
2017,11,ESP.6.4.2_1,0.005233163725221178,0.04894037438827183
2017,11,ESP.6.4.3_1,0.0039391839316802145,0.021767758725485687
2017,11,ESP.6.4.7_1,4.6378056731017123e-4,0.0057929429182671
