year,month,gid_3,est,se
2017,11,ESP.10.1.1_1,0.484,0.49999399395792143
2017,11,ESP.10.1.4_1,0.447,0.4974318430081034
2017,11,ESP.10.1.6_1,0.517,0.49996095943679536
2017,11,ESP.10.1.7_1,0.518,0.49992592043814443
2017,11,ESP.10.1.9_1,0.484,0.49999399395792143
2017,11,ESP.10.2.5_1,0.495,0.50022517452166
2017,11,ESP.10.2.7_1,0.521,0.49980877224075293
2017,11,ESP.10.2.8_1,0.521,0.49980877224075293
2017,11,ESP.10.3.1_1,0.537,0.4988786223921405
2017,11,ESP.10.3.13_1,0.484,0.49999399395792143
2017,11,ESP.10.3.4_1,0.588,0.4924413655436538
2017,11,ESP.10.3.7_1,0.599,0.4903462444430868
2017,11,ESP.10.3.8_1,0.568,0.49560228169533443
2017,11,ESP.18.1.5_1,0.461,0.49872610491905045
2017,11,ESP.6.1.10_1,0.559,0.49675523728066096
2017,11,ESP.6.1.11_1,0.572,0.49503642397409614
2017,11,ESP.6.1.12_1,0.517,0.49996095943679536
2017,11,ESP.6.1.3_1,0.574,0.494741112874975
2017,11,ESP.6.1.5_1,0.534,0.4990922691177385
2017,11,ESP.6.1.6_1,0.56,0.49663532561291557
2017,11,ESP.6.1.9_1,0.478,0.4997657108743714
2017,11,ESP.6.2.4_1,0.493,0.5002011607355596
2017,11,ESP.6.2.5_1,0.458,0.4984821807090846
2017,11,ESP.6.2.6_1,0.51,0.5001501276118503
2017,11,ESP.6.2.7_1,0.531,0.4992877810324305
2017,11,ESP.6.4.2_1,0.599,0.4903462444430868
2017,11,ESP.6.4.3_1,0.482,0.49992592043814443
2017,11,ESP.6.4.7_1,0.483,0.49996095943679536
