year,month,gid_2,est,se
2020,05,ESP.1.1_1,0.302,0.45935499018406994
2020,05,ESP.1.2_1,0.291,0.45445079549443584
2020,05,ESP.1.3_1,0.481,0.4998888765404656
2020,05,ESP.1.4_1,0.302,0.45935499018406994
2020,05,ESP.1.5_1,0.132,0.3386601403925338
2020,05,ESP.1.6_1,0.283,0.4506818324651152
2020,05,ESP.1.7_1,0.38,0.48562931937418674
2020,05,ESP.1.8_1,0.695,0.4606378047741926
2020,05,ESP.10.1_1,0.285,0.4516403203645341
2020,05,ESP.10.2_1,0.296,0.45671938057476014
2020,05,ESP.10.3_1,0.437,0.4962633144584408
2020,05,ESP.11.1_1,0.423,0.49428262696084646
2020,05,ESP.11.2_1,0.119,0.32395052700056526
2020,05,ESP.12.1_1,0.934,0.24840633185509928
2020,05,ESP.12.2_1,0,0.4784484433174727
2020,05,ESP.12.3_1,0,0.47494902524015836
2020,05,ESP.12.4_1,0.161,0.3677148544921924
2020,05,ESP.13.1_1,0.437,0.4962633144584408
2020,05,ESP.14.1_1,0.292,0.45490981847278583
2020,05,ESP.14.2_1,0.073,0.2602666685127751
2020,05,ESP.15.1_1,0.322,0.46747677432631296
2020,05,ESP.16.1_1,0,0.48304589153964794
2020,05,ESP.16.2_1,0.335,0.4722266383824593
2020,05,ESP.16.3_1,0.532,0.4992246240173107
2020,05,ESP.17.1_1,0.674,0.4689818162188636
2020,05,ESP.18.1_1,0.409,0.49189527438364455
2020,05,ESP.2.1_1,0,0.47187568984497036
2020,05,ESP.2.2_1,0.155,0.362085771753194
2020,05,ESP.2.3_1,0.452,0.4979396991041626
2020,05,ESP.3.1_1,0.329,0.47008507738491334
2020,05,ESP.4.1_1,0.122,0.32744957355785825
2020,05,ESP.4.2_1,0,0.46474830929331096
2020,05,ESP.4.3_1,0,0.4819504915199032
2020,05,ESP.4.4_1,0.383,0.48636153995515263
2020,05,ESP.4.5_1,0.13,0.33647171235218754
2020,05,ESP.5.1_1,0.735,0.4415540396938635
2020,05,ESP.5.2_1,0.146,0.3532829019480122
2020,05,ESP.5.3_1,0.201,0.40094857495663927
2020,05,ESP.5.4_1,0,0.4879939939570344
2020,05,ESP.5.5_1,0.302,0.45935499018406994
2020,05,ESP.5.6_1,0,0.47187568984497036
2020,05,ESP.5.7_1,0,0.4732652321690026
2020,05,ESP.5.8_1,0,0.4846223879051182
2020,05,ESP.5.9_1,0,0.4793545460103417
2020,05,ESP.6.1_1,0.899,0.3014795016081357
2020,05,ESP.6.2_1,0.587,0.49261919742705285
2020,05,ESP.6.3_1,0.144,0.35126540875438816
2020,05,ESP.6.4_1,0.453,0.4980351785155734
2020,05,ESP.7.1_1,0.173,0.37843653921656956
2020,05,ESP.7.2_1,0,0.45581988961844544
2020,05,ESP.8.1_1,0.818,0.3860375953518323
2020,05,ESP.9.1_1,0,0.48384409173317916
