year,month,gid_1,est,se
2022,10,ESP.1_1,0.429423005120289,0.34265096247565835
2022,10,ESP.10_1,0.46776098373156005,0.48155696823589506
2022,10,ESP.11_1,0,0.3924972026066607
2022,10,ESP.12_1,0,0.38015722999769386
2022,10,ESP.13_1,0.619,0.48587557571365436
2022,10,ESP.14_1,0,0.3860375953518323
2022,10,ESP.15_1,0,0
2022,10,ESP.16_1,0.23733445727862176,0.2909930961509118
2022,10,ESP.17_1,0,0.3868600013708585
2022,10,ESP.18_1,0.118,0.3227695465501357
2022,10,ESP.2_1,0.25913758596824127,0.4382466161502757
2022,10,ESP.3_1,0,0.40094857495663927
2022,10,ESP.4_1,0.002117268945549233,0.12448850327326874
2022,10,ESP.5_1,0,0.3843993555874644
2022,10,ESP.6_1,0.49191634587702265,0.494356852800994
2022,10,ESP.8_1,0,0
2022,10,ESP.9_1,0,0.08341437500789632
2022,10,ITA.1_1,0.038598886319684715,0.16732641329890854
2022,10,ITA.10_1,0.07880984839867525,0.21781146094026058
2022,10,ITA.11_1,0.19515274435446353,0.37727855825724327
2022,10,ITA.12_1,0.0827525900353607,0.24016199513453793
2022,10,ITA.13_1,0.07030450569285433,0.18618796337468646
2022,10,ITA.14_1,0.02622168260372236,0.160302854956487
2022,10,ITA.15_1,0.306010427855086,0.459468174801173
2022,10,ITA.16_1,0.08442452460919062,0.26257557718469987
2022,10,ITA.17_1,0.7773196157873086,0.41612962566707096
2022,10,ITA.18_1,0.141,0.34819569244928955
2022,10,ITA.2_1,0.17750897015541783,0.38585908157533966
2022,10,ITA.20_1,0.487577728736148,0.4866997671586714
2022,10,ITA.3_1,0.004486162096338274,0.03910921669928669
2022,10,ITA.4_1,0.017204050499355583,0.10749302088661403
2022,10,ITA.5_1,0.3419758968195567,0.42665974843633586
2022,10,ITA.6_1,0.15935248127984727,0.3493973519909618
2022,10,ITA.7_1,0.5499541504676158,0.41512872428015624
2022,10,ITA.8_1,0.4305738107919905,0.46238126766304144
2022,10,ITA.9_1,0.029568978310750203,0.13571793824866976
