ID_1,est,se
ESP.1_1,0.9999943149721952,0.2330655567998616
ESP.10_1,0.999998635,0.10611944608741669
ESP.11_1,0,0
ESP.12_1,0,0
ESP.13_1,0.923,0.26672484350382913
ESP.14_1,0,0
ESP.15_1,0.02200000000000002,0.1467567291047928
ESP.16_1,0.44555900000000004,0.22102379452358242
ESP.17_1,0,0
ESP.18_1,0.797,0.402433787041984
ESP.2_1,0.961593232,0.31829791858912
ESP.3_1,0,0
ESP.4_1,0.10141815100000007,0.10991497745383727
ESP.5_1,0,0
ESP.6_1,0.99998855465,0.28494830486420897
ESP.7_1,0,0
ESP.8_1,0.018000000000000016,0.13301764429463367
ESP.9_1,0.22699999999999998,0.41910219117375974
