year,month,gid_1,est,se
2022,10,ESP.10_1,0.7600401606425703,0.8577918997214727
2022,10,ESP.2_1,0.21790168739016424,0.4517850433019277
2022,10,ESP.6_1,0.4489077363737572,0.6233236956278914
