year,month,gid_2,est,se
2020,06,ESP.1.1_1,0,0.3155242550986462
2020,06,ESP.1.2_1,0,0.3105357184486713
2020,06,ESP.1.3_1,0,0.30279974849343533
2020,06,ESP.1.4_1,0,0.32395052700056526
2020,06,ESP.1.5_1,0,0.30926792049394103
2020,06,ESP.1.6_1,0,0.29746341705239066
2020,06,ESP.1.7_1,0,0.3167512136225074
2020,06,ESP.1.8_1,0,0.30541328929383094
2020,06,ESP.10.1_1,0,0.31304631925323445
2020,06,ESP.10.2_1,0,0.3105357184486713
2020,06,ESP.10.3_1,0,0.30799165387857325
2020,06,ESP.11.1_1,0,0.3105357184486713
2020,06,ESP.11.2_1,0,0.296105857217784
2020,06,ESP.12.1_1,0,0.28632495871296654
2020,06,ESP.12.3_1,0,0.2848862231842041
2020,06,ESP.12.4_1,0,0.29746341705239066
2020,06,ESP.13.1_1,0,0.30541328929383094
2020,06,ESP.14.1_1,0,0.28775302222878874
2020,06,ESP.14.2_1,0,0.3167512136225074
2020,06,ESP.15.1_1,0,0.31918157352340515
2020,06,ESP.16.1_1,0,0.23003677296666486
2020,06,ESP.16.2_1,0.072,0.2586172517116422
2020,06,ESP.16.3_1,0.054,0.2261307920985887
2020,06,ESP.17.1_1,0.39,0.4879939939570344
2020,06,ESP.18.1_1,0,0.3408227694273963
2020,06,ESP.2.1_1,0,0.3117951510466707
2020,06,ESP.2.2_1,0,0.29197474077263813
2020,06,ESP.2.3_1,0,0.304110972316823
2020,06,ESP.3.1_1,0,0.25014710386805117
2020,06,ESP.4.1_1,0,0.33536766610911
2020,06,ESP.4.2_1,0,0.3320154126456093
2020,06,ESP.4.3_1,0,0.33313958333104454
2020,06,ESP.4.4_1,0,0.3014795016081357
2020,06,ESP.4.5_1,0,0.3105357184486713
2020,06,ESP.5.1_1,0,0.32744957355785825
2020,06,ESP.5.2_1,0,0.29746341705239066
2020,06,ESP.5.4_1,0,0.3429600875052688
2020,06,ESP.5.5_1,0,0.3167512136225074
2020,06,ESP.5.8_1,0,0.3227695465501356
2020,06,ESP.5.9_1,0,0.3117951510466707
2020,06,ESP.6.1_1,0,0.32974646735443996
2020,06,ESP.6.2_1,0,0.3001501125938321
2020,06,ESP.6.3_1,0,0.2933616557443407
2020,06,ESP.6.4_1,0,0.3117951510466707
2020,06,ESP.8.1_1,0,0.3105357184486713
2020,06,ESP.9.1_1,0,0.3001501125938321
2020,06,ITA.10.12_1,0,0.21174474216810163
2020,06,ITA.10.3_1,0,0.18387171834952978
2020,06,ITA.10.8_1,0,0.21805400144814482
2020,06,ITA.10.9_1,0,0.19605723255834873
2020,06,ITA.13.5_1,0,0.3001501125938321
2020,06,ITA.13.6_1,0,0.3408227694273963
2020,06,ITA.16.4_1,0,0.3262904618058356
2020,06,ITA.20.3_1,0,0.15312559370479986
2020,06,ITA.20.6_1,0,0.15312559370479986
2020,06,ITA.5.4_1,0,0.32158111638343195
2020,06,ITA.6.1_1,0,0.2988114594326802
2020,06,ITA.6.2_1,0,0.31797028965786267
2020,06,ITA.8.4_1,0,0.30799165387857325
