ID_0,est,se
ALB,0.999992755072,0.11468514639237934
ARG,0.995117931778676,0.27541075388908115
AUT,0.10925200000000002,0.021288180423955628
BEL,0,0
BGR,0.9999999999764176,0.2963628876637915
BIH,0.98150757,0.30029095165870334
BRA,0.934711354,0.23618618991360082
CHE,0.8569756,0.28454521965573853
CHN,0.92385712,0.17612184544617365
COL,0.942,0.2338604085575211
DEU,0.769,0.21084165670996852
ESP,0.24198111749209406,0.026986785195528374
FJI,0.9999999996496436,0.2848862231842041
FRA,0.9988811932244612,0.2364781576162972
GRC,0.02883200000000008,0.07752821691838607
GTM,0.73875,0.4986835678702005
HND,0.92,0.27142894774447635
HRV,0.9999986645765638,0.33296885125662995
HUN,0.6997049773819644,0.04795623513425281
IND,0.13866219999999996,0.1331155978382858
ITA,1,0.10944576603446986
KOR,0.906981,0.4350757149576742
LKA,0.44300000000000006,0.49698893146427114
MEX,0.0010000000000000009,0.015811388300841896
MMR,0.44999999999999996,0.497742652128334
NLD,0.48515200000000003,0.0016592047377326704
PAK,0,0
PAN,0,0
PER,0,0
PRT,0.973289251432,0.4611999204588008
PSE,0.30800000000000005,0.4618975528722244
ROU,0.69664,0.22961589565406418
SLB,0.831,0.3749394345485409
SRB,0.7036094162137241,0.23625411954281414
SVN,1,0.17872822613609288
THA,0.41300000000000003,0.4926191974270529
TUR,0.999995847933851,0.3456176079561892
USA,0.47297537837700276,0.05872394154078468
XKO,0.367,0.48222768848702946
ZAF,0.10399999999999998,0.30541328929383094
