ID_0,est,se
ALB,1,0.08036822258757002
ARG,0.98352871885,0.3369226046080701
AUT,0.03493400000000002,0.011171242930378808
BEL,0,0
BGR,0.9999999999961803,0.2803827761429053
BIH,0.9726326,0.2781265821341048
BRA,0.8335552959999999,0.2448687696164076
CHE,0.815436866,0.24400632703639125
CHN,0.9375890250639022,0.3309257813199055
COL,0.85,0.35725009115132167
DEU,0.802,0.19934577682694646
ESP,0.999999685757585,0.11127947813271773
FJI,0.9926868063491153,0.49396660110072527
FRA,0.9924735906265711,0.19918515158581956
GRC,0.2237220000000001,0.18721619234168077
GTM,0.70208,0.49792997481511314
HND,0.932,0.2518718710762269
HRV,0.9999990674970198,0.33128570767683946
HUN,0.8018458392007263,0.043629105062399205
IND,0.19898399999999994,0.15333386673552665
ITA,1,0.22716501247196869
KOR,0.672655,0.452168752099376
LKA,0.19500000000000006,0.3963989557656934
MEX,0.02300000000000002,0.0749891550384012
MMR,0.42799999999999994,0.49503642397409614
NLD,0.473,0.001407099409575266
PAK,0,0
PAN,0,0
PER,0,0
PRT,0.9593902504,0.46146506145232347
PSE,0.052000000000000046,0.2221381222243164
ROU,0.7101719999999999,0.2325467184157678
SLB,0.926,0.2619018758859749
SRB,0.7304812707350241,0.291746610107812
SVN,0.9922820908,0.198965265666919
THA,0.42500000000000004,0.4945903553645376
TUR,0.9999468716807344,0.34614322157960753
USA,0.7400797028358088,0.14302669631663234
XKO,0.19300000000000006,0.39485048677557294
ZAF,0.992,0.08912880535463237
