year,month,gid_2,est,se
2022,03,ESP.1.1_1,0,0.3262904618058356
2022,03,ESP.1.7_1,0,0.32974646735443996
2022,03,ESP.1.8_1,0,0.3429600875052688
2022,03,ESP.10.1_1,0,0.3471606552023436
2022,03,ESP.10.2_1,0,0.3397446488562056
2022,03,ESP.10.3_1,0,0.31304631925323445
2022,03,ESP.11.1_1,0,0.3429600875052688
2022,03,ESP.11.2_1,0,0.35126540875438816
2022,03,ESP.12.1_1,0,0.33088439746304826
2022,03,ESP.12.2_1,0,0.32744957355785825
2022,03,ESP.13.1_1,0,0.32395052700056526
2022,03,ESP.14.1_1,0,0.32158111638343195
2022,03,ESP.14.2_1,0,0.32158111638343195
2022,03,ESP.16.1_1,0,0.31797028965786267
2022,03,ESP.16.2_1,0.152,0.3592005359475749
2022,03,ESP.16.3_1,0.109,0.3117951510466707
2022,03,ESP.17.1_1,0.249,0.43265018916693676
2022,03,ESP.18.1_1,0,0.32860155048170264
2022,03,ESP.2.3_1,0,0.33088439746304826
2022,03,ESP.3.1_1,0.035,0.18387171834952978
2022,03,ESP.4.1_1,0,0.3461196307619647
2022,03,ESP.4.2_1,0,0.3429600875052688
2022,03,ESP.4.5_1,0,0.33088439746304826
2022,03,ESP.5.2_1,0,0.3203851535989872
2022,03,ESP.5.8_1,0,0.3502480173729377
2022,03,ESP.6.1_1,0,0.32395052700056526
2022,03,ESP.6.2_1,0,0.3167512136225074
2022,03,ESP.6.3_1,0,0.3105357184486713
2022,03,ESP.6.4_1,0,0.33313958333104454
2022,03,ESP.8.1_1,0,0.3203851535989872
