year,month,gid_2,est,se
2022,03,ESP.1.1_1,0,0.3320154126456093
2022,03,ESP.1.7_1,0,0.3429600875052688
2022,03,ESP.1.8_1,0,0.34189456253630574
2022,03,ESP.10.1_1,0,0.3592005359475749
2022,03,ESP.10.2_1,0,0.3552776691859794
2022,03,ESP.10.3_1,0,0.33313958333104454
2022,03,ESP.11.1_1,0,0.3562666500332664
2022,03,ESP.11.2_1,0,0.3203851535989872
2022,03,ESP.12.1_1,0,0.3582280381646966
2022,03,ESP.12.2_1,0,0.34922479573758497
2022,03,ESP.13.1_1,0,0.33536766610911
2022,03,ESP.14.1_1,0,0.35126540875438816
2022,03,ESP.14.2_1,0,0.3142893217686178
2022,03,ESP.16.1_1,0,0.22010780869257557
2022,03,ESP.16.2_1,0,0.21174474216810163
2022,03,ESP.16.3_1,0,0.21597603025716916
2022,03,ESP.17.1_1,0.341,0.4742825570732535
2022,03,ESP.18.1_1,0,0.3429600875052688
2022,03,ESP.2.3_1,0,0.33536766610911
2022,03,ESP.3.1_1,0,0.2029585972364615
2022,03,ESP.4.1_1,0,0.3450725649411658
2022,03,ESP.4.2_1,0,0.32974646735443996
2022,03,ESP.4.5_1,0,0.31918157352340515
2022,03,ESP.5.2_1,0,0.304110972316823
2022,03,ESP.5.8_1,0,0.3251241389157466
2022,03,ESP.6.1_1,0,0.33536766610911
2022,03,ESP.6.2_1,0,0.3408227694273963
2022,03,ESP.6.3_1,0,0.34189456253630574
2022,03,ESP.6.4_1,0,0.3408227694273963
2022,03,ESP.8.1_1,0,0.32744957355785825
